relative_path,bytes,mtime_utc,sha256
.codex/continuity/CONTEXT_SNAPSHOT.md,2121,2026-08-24T21:35:23.117191Z,B94449744A169541D3B3673AE1B8C743C445264C132C3E934341996459D5493A
.codex/continuity/CURRENT_STATE.md,1506,2026-08-24T21:35:21.564059Z,6F30B61D2838B609F5828DF85C4BE4EC43839AB6A4F93D5D9FB91BD8B31DDA79
.codex/continuity/DECISIONS.md,809,2026-08-24T21:35:22.321141Z,182A0ECC38BCC41BB35804B9FA3D0642AA9A1A0C0071B7AF8B15406E30995812
.codex/continuity/ISSUES.md,805,2026-08-24T21:35:22.722795Z,28229444CEF370E1167B60871ECF5E85D5B7BF1E98547C447E98A8B5280FE6E6
.codex/continuity/PROJECT_CHARTER.md,3565,2026-08-24T21:35:20.758087Z,2DFA31BFFB7E41D4FB203770BB888F442BB0C3815DAE4E29FB6FA3CE85C75A88
00_AUTHORITY_AND_SCOPE.md,1104,2026-08-24T21:35:23.522950Z,9763A9940119A9D6997BF262190111C5C750C21252AFEA56E27F54691C3FCEEA
ADS_CHECK_R2.json,183,2026-08-24T22:07:38.099995Z,991981D28445CD8750787DCA6DC63549A822D94221199AC11ED1176B67476D51
CONSUMER_VALIDATION.json,10450,2026-08-24T22:02:20.693085Z,7EE826FE14A1DE553407BD310B8C341A5D4A6E35518425C972650CBE3945131B
CURRENT_EXTERNAL_CHILD_STDERR.txt,596,2026-08-24T21:37:36.687006Z,BE2A813C5E264E6E4B05C9816B17DC6EB039A1CC247767C8927D259FA5541E12
CURRENT_EXTERNAL_CHILD_STDERR_R2.txt,0,2026-08-24T21:38:17.163374Z,E3B0C44298FC1C149AFBF4C8996FB92427AE41E4649B934CA495991B7852B855
CURRENT_EXTERNAL_CHILD_STDOUT.json,2520,2026-08-24T21:37:36.680612Z,FFBF3EB5BB693538C55BD6BCBB68FA6FDA9C8F2A28101B1349BC74BB5AFD0E98
CURRENT_EXTERNAL_CHILD_STDOUT_R2.json,2554,2026-08-24T21:38:22.067036Z,1600372955E30ADAF4D3A05D3A21E85A9D03BAC65DFEE551FC3A2A9540BC4CE8
CURRENT_EXTERNAL_STATE.json,3529,2026-08-24T21:37:36.924126Z,C3A49FD6D41BE6F0E506E78D50DB2431645D0BD93380EFE2C62CC380DEC68091
CURRENT_EXTERNAL_STATE_R2.json,3575,2026-08-24T21:38:23.408516Z,CF6EBF7A701DC476C1D879F6974434798E592CA841BF7085FEDB7166B9DB6355
FINALIZER_RESULT_R2.json,722,2026-08-24T22:07:36.815017Z,CEC42FA0BEDF33F659FF89B5D8BD8B0092347A07CEAD23899095DA746CD8BE42
frozen_identity/fig_v5_c05_dependency_graph.tex,3122,2026-08-24T19:13:53.772593Z,EA4A19FF940A177D4D754C4277896A2F38B75C1E6F252D8A374F418B84E31E6D
frozen_identity/v260_FIG-P654-01_standalone.tex,397,2026-08-24T12:52:44Z,FE44F2E6005D884A6916A11C6EBCB89CF40BD523A64D8F8C6BC8124DBABC0CA1
LOW_PROFILE_SCOPE_CERTIFICATE.md,1022,2026-08-24T21:59:36.672589Z,467F36B39566373442C7731B48457C5DCFC916FC408E16DF5E6C325AD6734190
machine_reuse/after_font_audit.csv,1746,2026-08-24T20:44:58.534101Z,8ECC730E3356A49444314DEA616D122B511E4B9F34D47949373363DC4F6425F7
machine_reuse/after_overlap_report.csv,1281131,2026-08-24T20:45:06.141666Z,A9A26893478F93CF60733AB8615269B84FFC0171D2D119B2D2EC2C65AC909DEB
machine_reuse/after_pixel_measurements.csv,41097,2026-08-24T20:44:58.537220Z,DBB1DA8362077C0062BC2B4CC06A9F21DB7768E4770D4CA01FD1F95B801E9A4C
machine_reuse/all_unordered_pairs.csv,1422699,2026-08-24T20:45:05.762139Z,1E4500B40E8A074E2E0C8511B27C4F9F8EB5117AC677E1464EB190E136D0971A
machine_reuse/all_unordered_pairs.json,5278948,2026-08-24T20:45:06.045775Z,5CBB0571E203461683FC4E1B51C8A98451FD98819D901037610662B3E76CF634
machine_reuse/build/lualatex.stderr.log,0,2026-08-24T20:40:07.721967Z,E3B0C44298FC1C149AFBF4C8996FB92427AE41E4649B934CA495991B7852B855
machine_reuse/build/lualatex.stdout.log,28296,2026-08-24T20:41:19.323358Z,E885303C4337AE8AEE347F317DE9ECE5873AB9EF0BA416C70E9A9182C846D97C
machine_reuse/build/symbols.idx,0,2026-08-24T20:41:07.901740Z,E3B0C44298FC1C149AFBF4C8996FB92427AE41E4649B934CA495991B7852B855
machine_reuse/build/v260_FIG-P654-01_standalone.aux,489,2026-08-24T20:41:09.959222Z,387DE904113AC866A5CD9D79F07BE48BE77D78B4999BFF88E9624A38E9F0C5BD
machine_reuse/build/v260_FIG-P654-01_standalone.fls,617465,2026-08-24T20:41:18.972439Z,19CF13DF72C3A7B0E02934DFE102BFFD3A53D96E42114ED27287F54283571EBA
machine_reuse/build/v260_FIG-P654-01_standalone.idx,0,2026-08-24T20:41:07.896368Z,E3B0C44298FC1C149AFBF4C8996FB92427AE41E4649B934CA495991B7852B855
machine_reuse/build/v260_FIG-P654-01_standalone.log,152572,2026-08-24T20:41:19.323358Z,A29FDD57304B6B816194C20BD55D1EB005FF7322AED9D241671258C215ADFD90
machine_reuse/build/v260_FIG-P654-01_standalone.pdf,43385,2026-08-24T20:41:19.319972Z,A7DBDECEA7B54C1649CD341112B7BB37FF379600CB6A61B54EDDBAF154E9E5D6
machine_reuse/clearance_summary.csv,327,2026-08-24T20:57:09.318898Z,22F24D736CF336328E2C4316A980B848E05C514AB6CE2F7049DD9C143060C91A
machine_reuse/contact_sheets/glyphs/glyph_sheet_001_8x_nearest.png,33511,2026-08-24T20:44:58.794635Z,8D5D9745E7E73D840EA4F9D627178254D46904AA481204FECC1845CAC404275E
machine_reuse/contact_sheets/glyphs/glyph_sheet_002_8x_nearest.png,23986,2026-08-24T20:44:58.984285Z,1703F550DABB0FDC5C6602701A8ED7775DB2F6333FAFD96F7FBD9F29C8235601
machine_reuse/contact_sheets/glyphs/glyph_sheet_003_8x_nearest.png,29277,2026-08-24T20:44:59.158141Z,8DAC09F5D125BC6C9057A76E1B409A4E833F72547DED1EBAD91DEBDC00CB6182
machine_reuse/contact_sheets/glyphs/glyph_sheet_004_8x_nearest.png,32158,2026-08-24T20:44:59.375458Z,4AA9FB414DFFB9CD8AB5624DE5F55C568FFC05EE956B3546497C867F112946CE
machine_reuse/contact_sheets/glyphs/glyph_sheet_005_8x_nearest.png,34921,2026-08-24T20:44:59.597680Z,1B739A6365D4680113724F6CC16BBA65AEEB24561A66BE1AD57E68117F028DB4
machine_reuse/contact_sheets/glyphs/glyph_sheet_006_8x_nearest.png,36943,2026-08-24T20:44:59.801273Z,B5CDF9BB7094F6B67571363A99552E386A3DB393D1536B9DF2BE3F88D854AE4E
machine_reuse/contact_sheets/glyphs/glyph_sheet_007_8x_nearest.png,32739,2026-08-24T20:45:00.021171Z,7337B007231D4F24BF5452A3C0F8F9CF68A8469E38898AA12CFB71F1A8F83F99
machine_reuse/contact_sheets/glyphs/glyph_sheet_008_8x_nearest.png,27089,2026-08-24T20:45:00.181570Z,5549507F5665C770789299082032C129FC9AE34FE65A0A9B652188823E7C1A18
machine_reuse/contact_sheets/glyphs/glyph_sheet_009_8x_nearest.png,38682,2026-08-24T20:45:00.396343Z,C07A57AC79540765B38C88CB46C8A63B44BB3C19AEC65F2AFBE4812A57FA3BF1
machine_reuse/contact_sheets/glyphs/glyph_sheet_010_8x_nearest.png,36636,2026-08-24T20:45:00.594271Z,9B2ED4538FF81C8B0E84C5A2D4278CE03CCA3732EF44C359C4393A5348D257B7
machine_reuse/contact_sheets/glyphs/glyph_sheet_011_8x_nearest.png,30452,2026-08-24T20:45:00.771091Z,0DE54AD19C13256B86C93F59B6DCFE4B4E777E394006552E818CB65C4430125F
machine_reuse/contact_sheets/glyphs/glyph_sheet_012_8x_nearest.png,31323,2026-08-24T20:45:00.970513Z,487991739933B41EAA79ECDEA53A063676FBA0E1F177C408E0D992FE1EA4DA5C
machine_reuse/contact_sheets/glyphs/glyph_sheet_013_8x_nearest.png,35871,2026-08-24T20:45:01.185266Z,48E305F3ABAB0932052856DB8292CCAFCF528572754CD2BC71700B51076704F5
machine_reuse/contact_sheets/glyphs/glyph_sheet_014_8x_nearest.png,36091,2026-08-24T20:45:01.378134Z,686B99F36351742EA8B23313EE7FD1777F03486172D175A1076DD35924A6C6B0
machine_reuse/contact_sheets/glyphs/glyph_sheet_015_8x_nearest.png,36512,2026-08-24T20:45:01.615082Z,9BE54F5BE7E3A200A385A44DF968B4ED0A28BC8245BAE25B62F72A9A91587797
machine_reuse/contact_sheets/glyphs/glyph_sheet_016_8x_nearest.png,27750,2026-08-24T20:45:01.782512Z,79C23CCC07DCFE3D2DBE1C72BEB1227CAA7BE70E858265BAB1EA4C0EBB86022F
machine_reuse/contact_sheets/graphics/GFX_HEAD_FAMILIES_TO_POSTERIOR__8x_nearest.png,2687,2026-08-24T20:44:58.404701Z,9983D3055B0D6E6953C0114E37724B28278E3CC6159839579C885495B7247A40
machine_reuse/contact_sheets/graphics/GFX_HEAD_GAMMA_TO_FAMILIES__8x_nearest.png,2697,2026-08-24T20:44:58.385304Z,C7A0E77C80C866A9A9B34C26647D4717DBB0E68B871DD13585F7BC426B8162A2
machine_reuse/contact_sheets/graphics/GFX_HEAD_POSTERIOR_TO_PREDICTIVE__8x_nearest.png,2798,2026-08-24T20:44:58.424182Z,06B123153F84208B693001C422B6AFFE786CC7555CB131D659A62790412E7DB7
machine_reuse/contact_sheets/graphics/GFX_HEAD_PREDICTIVE_TO_LDA__8x_nearest.png,2929,2026-08-24T20:44:58.492261Z,AE407DCDECBB245D9511B7790F96B43198C7AC1536EE98268A61DD64DF68EC1F
machine_reuse/contact_sheets/graphics/GFX_HEAD_TRIAL_TO_FAMILIES__8x_nearest.png,2851,2026-08-24T20:44:58.362137Z,342C180039E2AD75DB6F7C578E37CD620A6DC12967F8DB1F6EA6DE3C9FDE54A9
machine_reuse/contact_sheets/graphics/GFX_LINE_FAMILIES_TO_POSTERIOR__8x_nearest.png,1001,2026-08-24T20:44:58.393476Z,10DBD247430AA788FC4A2560DBF1390152311CC41450D3CBE3C31F8D0D39EAA9
machine_reuse/contact_sheets/graphics/GFX_LINE_FAMILIES_TO_SIMPLEX__8x_nearest.png,7801,2026-08-24T20:44:58.453875Z,BBD787A7D7322E14ADD08631E67B834DAA58A1CF0FA6313180B2B5007EC0C016
machine_reuse/contact_sheets/graphics/GFX_LINE_GAMMA_TO_FAMILIES__8x_nearest.png,2317,2026-08-24T20:44:58.373521Z,D5C656DF7454F2B833502345E0C9D7AFE9A3B26E2B4855E62827F28F0E086A2B
machine_reuse/contact_sheets/graphics/GFX_LINE_POSTERIOR_TO_MOM__8x_nearest.png,3537,2026-08-24T20:44:58.469231Z,0009E925049703964096B5DA088DA48B32A64114424D35E90D709104142B6E5B
machine_reuse/contact_sheets/graphics/GFX_LINE_POSTERIOR_TO_PREDICTIVE__8x_nearest.png,898,2026-08-24T20:44:58.412854Z,59C6D168CB8B29AE7299BE3046C5C9149FE86BBE586A9CA6D41EB04A7615953D
machine_reuse/contact_sheets/graphics/GFX_LINE_PREDICTIVE_TO_LDA__8x_nearest.png,2381,2026-08-24T20:44:58.479495Z,A925CAC8DF1211D3C6F1AE873E7134A90BFE788B31EF9EB4EDB0A2660B7C8451
machine_reuse/contact_sheets/graphics/GFX_LINE_TRIAL_TO_FAMILIES__8x_nearest.png,2397,2026-08-24T20:44:58.350936Z,E68974E9D677CDCEEBB1C8AC41305BBA3452ED9651A30B7D29FC0EFEE3090269
machine_reuse/contact_sheets/graphics/GFX_MATH_RULE_PREDICTIVE_FRACTION__8x_nearest.png,1484,2026-08-24T20:44:57.084618Z,E9204E481EAE611656D628E6D00D17EB6C81809610C1BE741F6F3686FC02261E
machine_reuse/contact_sheets/graphics/GFX_NODE_BORDER_FAMILIES__8x_nearest.png,68180,2026-08-24T20:44:54.897054Z,0D5E53A622F822FB4DBBB5BD2AC19ED56766330AFD55799503F34ADEA6ACC9C6
machine_reuse/contact_sheets/graphics/GFX_NODE_BORDER_GAMMA__8x_nearest.png,56405,2026-08-24T20:44:54.429856Z,50A1E90F55A2BCE80350B5A40C6B9D24A4091BCF56C13889C8EFD0348069CA40
machine_reuse/contact_sheets/graphics/GFX_NODE_BORDER_LDA__8x_nearest.png,57832,2026-08-24T20:44:58.175299Z,1340FDF8F8AB01BA7A425856B58722A5F9432864ED6899F8992A30622EF60E7D
machine_reuse/contact_sheets/graphics/GFX_NODE_BORDER_MOM__8x_nearest.png,55164,2026-08-24T20:44:57.759412Z,904A8EE7E56C4889D9DF80C69D00FFD392F0B3561A66C76BDB27ECF7B07CB6F8
machine_reuse/contact_sheets/graphics/GFX_NODE_BORDER_POSTERIOR__8x_nearest.png,97582,2026-08-24T20:44:55.556873Z,CCDD81E3A0BB615A6A6A1981B858E24CFF2CEC5D60C2EEAB63C7E0B57C23A3BE
machine_reuse/contact_sheets/graphics/GFX_NODE_BORDER_PREDICTIVE__8x_nearest.png,170594,2026-08-24T20:44:56.802208Z,2CB1759F92B14176C013C27B6AADC99C27EEF6ECCF8FD5DA6596D449E85F4428
machine_reuse/contact_sheets/graphics/GFX_NODE_BORDER_SIMPLEX__8x_nearest.png,41128,2026-08-24T20:44:57.398472Z,66BC42395163EA6C5C282C94C796BA87F6082310AE751E2FBC247CAC2D055505
machine_reuse/contact_sheets/graphics/GFX_NODE_BORDER_TRIAL__8x_nearest.png,49629,2026-08-24T20:44:54.095869Z,27B8765895755511E15823CAFACC6604B2A7825BD22A28200390E2C366243E3B
machine_reuse/DIRECT_INVOCATION_RESULT.json,1740,2026-08-24T20:41:20.594257Z,E264F54829099CE685F564B265861EA95B6DC9F831A416AB44BFACED8AAE6B7A
machine_reuse/DIRECT_INVOCATION_START.json,1377,2026-08-24T20:40:07.781305Z,1240177E489D0D99A24B8973AB60EDC53207E993DDC8A465016CE7BDC38617C3
machine_reuse/drawing_path_inventory.csv,3318,2026-08-24T20:45:06.152997Z,B89F0FDB49B1F869019F6736537137F628059AFEED7951BF8FAB567B44452F28
machine_reuse/id_safe_filename_map.csv,9287,2026-08-24T20:44:58.533084Z,7AEFCF33ACF57132CDD896A3F0809A84BC11E4311109CC997CC03CE0776DB3EF
machine_reuse/machine/machine_summary_pre_manual.json,2120,2026-08-24T20:45:06.163308Z,061809E37A3944E5F9A714B0183FB3235DD65A56F58B523DACF95E5EB04FBA9F
machine_reuse/machine/render_identity.json,825,2026-08-24T20:45:06.164331Z,F439E15CEDA33A4BA5EE338DC3C1FB1A9B7195D1375163327A6D311CDE45B0F1
machine_reuse/math_rule_inventory.csv,297,2026-08-24T20:57:09.313766Z,788A9DD70B5417FA07BA6DA99761D2DEDE7234A31988BD4D2DB7FEAC0DD2590B
machine_reuse/object_manifest.csv,53649,2026-08-24T20:44:58.520784Z,7CA49A90D9D017413270141CD3A45F43549F1075038AB72C989D258F774D99B1
machine_reuse/object_manifest.json,144692,2026-08-24T20:44:58.531038Z,D62BD2665893326C5E65A9B9534B2ADD772214FCBF183B9E59ECC318EA9DB035
machine_reuse/objects/evidence_1x/FRM_POSTERIOR_FORMULA_001__ORIGINAL_OVERLAY_MASK__1x.png,3674,2026-08-24T20:44:55.573067Z,B0CD18C48EB60BCA6FD472858DF5D8B5CF5EB6854D8D1167DC0492054703B6BE
machine_reuse/objects/evidence_1x/FRM_POSTERIOR_FORMULA_002__ORIGINAL_OVERLAY_MASK__1x.png,4252,2026-08-24T20:44:55.589023Z,0FF5E26FD3B63EB1707D583069484BD0C4DF6C8BA69C851385383AD189029727
machine_reuse/objects/evidence_1x/FRM_POSTERIOR_FORMULA_003__ORIGINAL_OVERLAY_MASK__1x.png,1642,2026-08-24T20:44:55.603032Z,BEA330F38770930C0429FE29641CE630DA93914AB96CBF2444B92C9469F23C9B
machine_reuse/objects/evidence_1x/FRM_POSTERIOR_FORMULA_004__ORIGINAL_OVERLAY_MASK__1x.png,467,2026-08-24T20:44:55.613292Z,2E3A0839605E56655C86E1E4102EE30D8C23620F07B95B90643C7BB74CC4D625
machine_reuse/objects/evidence_1x/FRM_POSTERIOR_FORMULA_005__ORIGINAL_OVERLAY_MASK__1x.png,1271,2026-08-24T20:44:55.621517Z,43BDC5DE638438C4860270A5D3177311DEE23839B1A08C8168087020B3BA3F06
machine_reuse/objects/evidence_1x/FRM_PREDICTIVE_FORMULA_001__ORIGINAL_OVERLAY_MASK__1x.png,1675,2026-08-24T20:44:56.824790Z,74664DC0253BE00D2C7C778CAD7593B04726163DCF3B999C5B130D7D0B48C163
machine_reuse/objects/evidence_1x/FRM_PREDICTIVE_FORMULA_002__ORIGINAL_OVERLAY_MASK__1x.png,701,2026-08-24T20:44:56.833699Z,9A560B3DA0C7A4B59CE5157FA04EF3432EE5E2EF6478E82391AFBBC909162151
machine_reuse/objects/evidence_1x/FRM_PREDICTIVE_FORMULA_003__ORIGINAL_OVERLAY_MASK__1x.png,467,2026-08-24T20:44:56.843177Z,2E3A0839605E56655C86E1E4102EE30D8C23620F07B95B90643C7BB74CC4D625
machine_reuse/objects/evidence_1x/FRM_PREDICTIVE_FORMULA_004__ORIGINAL_OVERLAY_MASK__1x.png,1436,2026-08-24T20:44:56.853703Z,5AC951EFECEEEC533892E9687450A2686F851BBC7D6CE02AF8D7E400EF289043
machine_reuse/objects/evidence_1x/FRM_PREDICTIVE_FORMULA_005__ORIGINAL_OVERLAY_MASK__1x.png,716,2026-08-24T20:44:56.862203Z,5971A1D8E9AC0E5D9356F4074DB077593EDC09F5696577B3595868B3DC1A8582
machine_reuse/objects/evidence_1x/FRM_PREDICTIVE_FORMULA_006__ORIGINAL_OVERLAY_MASK__1x.png,1735,2026-08-24T20:44:57.090049Z,58DD9A979DBEDA20C0ABDAE078EA3C7EBDEFCFB1F70EEB32A1A62666F6D499B5
machine_reuse/objects/evidence_1x/FRM_PREDICTIVE_FORMULA_007__ORIGINAL_OVERLAY_MASK__1x.png,1153,2026-08-24T20:44:57.098049Z,75B81DCBBFB5BB1C4A3D82240B51087AA9E4B0D48A04705229E12FC2DA7E18E0
machine_reuse/objects/evidence_1x/FRM_PREDICTIVE_FORMULA_008__ORIGINAL_OVERLAY_MASK__1x.png,467,2026-08-24T20:44:57.106049Z,2E3A0839605E56655C86E1E4102EE30D8C23620F07B95B90643C7BB74CC4D625
machine_reuse/objects/evidence_1x/FRM_PREDICTIVE_FORMULA_009__ORIGINAL_OVERLAY_MASK__1x.png,1868,2026-08-24T20:44:57.115049Z,77A95743CAB868C1A723030B1ED334632004EA14921435CECE8B0F692AA1B9E3
machine_reuse/objects/evidence_1x/FRM_TRIAL_005__ORIGINAL_OVERLAY_MASK__1x.png,1164,2026-08-24T20:44:54.104769Z,72D2FD1C979B3CEBFBA72AE28937A9742CD1C40A8BF8E47A96935199168A9F4A
machine_reuse/objects/evidence_1x/GFX_HEAD_FAMILIES_TO_POSTERIOR__ORIGINAL_OVERLAY_MASK__1x.png,1181,2026-08-24T20:44:58.397549Z,F53F12435671C9B1E509A3D3ED5F8F1E059CED03E8B9D5674A1EECE7E7D1DB02
machine_reuse/objects/evidence_1x/GFX_HEAD_GAMMA_TO_FAMILIES__ORIGINAL_OVERLAY_MASK__1x.png,1184,2026-08-24T20:44:58.377574Z,7F864057F79EB6C67F829DF0C9E8FF6B1519F9CF42DB7C5037161992D5845B0A
machine_reuse/objects/evidence_1x/GFX_HEAD_POSTERIOR_TO_PREDICTIVE__ORIGINAL_OVERLAY_MASK__1x.png,1218,2026-08-24T20:44:58.415987Z,E693A2107F131E2627753F39F031D5857A89AE5B4EB1BA155609800AF633574C
machine_reuse/objects/evidence_1x/GFX_HEAD_PREDICTIVE_TO_LDA__ORIGINAL_OVERLAY_MASK__1x.png,1116,2026-08-24T20:44:58.483035Z,A0B329CA8E80E361C7CE9661B0E8FB5C81F8C4CBE89B5D607D6F177262AB3FF0
machine_reuse/objects/evidence_1x/GFX_HEAD_TRIAL_TO_FAMILIES__ORIGINAL_OVERLAY_MASK__1x.png,1197,2026-08-24T20:44:58.354024Z,AA45BB6FF3709D6267F4B9D954852EF650FA298BAA86FCA999F6DB08BAC1CAE7
machine_reuse/objects/evidence_1x/GFX_LINE_FAMILIES_TO_POSTERIOR__ORIGINAL_OVERLAY_MASK__1x.png,387,2026-08-24T20:44:58.388353Z,C005648FFB540620ED1CD65EB0DCB0C5A72FC8676923056E20D5EC3C975E9A2F
machine_reuse/objects/evidence_1x/GFX_LINE_FAMILIES_TO_SIMPLEX__ORIGINAL_OVERLAY_MASK__1x.png,1506,2026-08-24T20:44:58.430361Z,60A8F6B788FCFEC3875DD45018ED44EF62204F93DBFD875FDB30B1AC11123EFE
machine_reuse/objects/evidence_1x/GFX_LINE_GAMMA_TO_FAMILIES__ORIGINAL_OVERLAY_MASK__1x.png,1065,2026-08-24T20:44:58.366263Z,D311192A18600F67DCE5A275BC963EDEB8B5AB390028F8EB17CDCB0802611FDE
machine_reuse/objects/evidence_1x/GFX_LINE_POSTERIOR_TO_MOM__ORIGINAL_OVERLAY_MASK__1x.png,933,2026-08-24T20:44:58.458947Z,22D3BA5DF187BDD1026B39601B5040AE6472899CC574137AD87B9E79A0C78CE0
machine_reuse/objects/evidence_1x/GFX_LINE_POSTERIOR_TO_PREDICTIVE__ORIGINAL_OVERLAY_MASK__1x.png,379,2026-08-24T20:44:58.407736Z,4E9EC1058EA7331F3D3E8C9A0A79BA2A3B82B7DBDC6A50407DFCAC7630544B00
machine_reuse/objects/evidence_1x/GFX_LINE_PREDICTIVE_TO_LDA__ORIGINAL_OVERLAY_MASK__1x.png,928,2026-08-24T20:44:58.473295Z,305E9F8B092C67999065C597F2FBFACE593062A10B9489A979D8CCD998947EC8
machine_reuse/objects/evidence_1x/GFX_LINE_TRIAL_TO_FAMILIES__ORIGINAL_OVERLAY_MASK__1x.png,1172,2026-08-24T20:44:58.344856Z,78965CA1FEA83933876943334498E1598A98EEEC189404EB1E8610E5DD5C8F55
machine_reuse/objects/evidence_1x/GFX_MATH_RULE_PREDICTIVE_FRACTION__ORIGINAL_OVERLAY_MASK__1x.png,245,2026-08-24T20:44:57.073186Z,B8C8AE617EBC9ADD1515E1BB86B68A7A8EF6A843C5B0896270395DEF2006D1D8
machine_reuse/objects/evidence_1x/GFX_NODE_BORDER_FAMILIES__ORIGINAL_OVERLAY_MASK__1x.png,17550,2026-08-24T20:44:54.600984Z,469799507CF36CEB989416D2AE1D3B3F545EE19CA1DD41FDB4E88B926F4F8C77
machine_reuse/objects/evidence_1x/GFX_NODE_BORDER_GAMMA__ORIGINAL_OVERLAY_MASK__1x.png,13794,2026-08-24T20:44:54.186820Z,02CAB43E52679E7DC25B7C1E0C13E2D89EDE47D924434AAD190D117340E88A15
machine_reuse/objects/evidence_1x/GFX_NODE_BORDER_LDA__ORIGINAL_OVERLAY_MASK__1x.png,18025,2026-08-24T20:44:57.912122Z,0D0FE85787A5DA8CD82467966B005C4B67959AFEC5446F9DF5B1BABEEA3DE246
machine_reuse/objects/evidence_1x/GFX_NODE_BORDER_MOM__ORIGINAL_OVERLAY_MASK__1x.png,16313,2026-08-24T20:44:57.499422Z,B3C4C911DDA70C0F4B1DAF4A2E06DF4A06A69051AAF29F090257D1990D8F658F
machine_reuse/objects/evidence_1x/GFX_NODE_BORDER_POSTERIOR__ORIGINAL_OVERLAY_MASK__1x.png,22031,2026-08-24T20:44:55.069964Z,4CE8AFC6F23A3E25DA88A4F5724D47BB9707D825ED93F5329B69102538308104
machine_reuse/objects/evidence_1x/GFX_NODE_BORDER_PREDICTIVE__ORIGINAL_OVERLAY_MASK__1x.png,34158,2026-08-24T20:44:55.824401Z,7ECE62FD5E6B5435072E46729D9DF22D70B4AFA63FF98D274818A3B562DB0BF3
machine_reuse/objects/evidence_1x/GFX_NODE_BORDER_SIMPLEX__ORIGINAL_OVERLAY_MASK__1x.png,7909,2026-08-24T20:44:57.152481Z,54719673E7B4AE5E16CDBEC1C44B6846348ED0F63164262AE23666195B17A7FB
machine_reuse/objects/evidence_1x/GFX_NODE_BORDER_TRIAL__ORIGINAL_OVERLAY_MASK__1x.png,9656,2026-08-24T20:44:53.885034Z,B972B42B0B7C2D05C18601ACE91E2AAD0CD35D6BC5613A34DEFAE85F36BE0AB9
machine_reuse/objects/evidence_1x/TXT_APPLICATION_001__ORIGINAL_OVERLAY_MASK__1x.png,2063,2026-08-24T20:44:58.497352Z,FC56D77A3AA2FAC7E25928BB8C0D475C7A36C5E4FA5D33916A4BF3E2088CA263
machine_reuse/objects/evidence_1x/TXT_APPLICATION_002__ORIGINAL_OVERLAY_MASK__1x.png,1295,2026-08-24T20:44:58.508568Z,DA0BD2ECCFFEBB12EBDC6CE4CCBB29E2F34170108DDA98D6A682A62D444C3247
machine_reuse/objects/evidence_1x/TXT_FAMILIES_001__ORIGINAL_OVERLAY_MASK__1x.png,2705,2026-08-24T20:44:54.905698Z,DC87A8E5DBE4A21ACC1AD6AA331092A832694E67D0C12F30FA8732AE17A4297B
machine_reuse/objects/evidence_1x/TXT_FAMILIES_002__ORIGINAL_OVERLAY_MASK__1x.png,2061,2026-08-24T20:44:54.916585Z,CCA8DBC692C239280916A1EBAFF81D4735227E121FEB6FB4D6DCAB81B8C5B895
machine_reuse/objects/evidence_1x/TXT_FAMILIES_003__ORIGINAL_OVERLAY_MASK__1x.png,2216,2026-08-24T20:44:54.928024Z,E12DC2DAD64EC44A5116C1B96259D5369DEB2132F501F5DA1C3A7ECA7E16CAA5
machine_reuse/objects/evidence_1x/TXT_FAMILIES_004__ORIGINAL_OVERLAY_MASK__1x.png,1394,2026-08-24T20:44:54.938400Z,DE0A70AD39BB85A36573C8C5334CC30824CBD1822F8845B46BB6E0883A38B971
machine_reuse/objects/evidence_1x/TXT_FAMILIES_005__ORIGINAL_OVERLAY_MASK__1x.png,1483,2026-08-24T20:44:54.948903Z,B825E17DF6DE00FF4F6D4D4475691B4F451CE9EA2B768D7821977AE0699BC6E3
machine_reuse/objects/evidence_1x/TXT_FAMILIES_006__ORIGINAL_OVERLAY_MASK__1x.png,3074,2026-08-24T20:44:54.957993Z,1E5EDD93B913C61818CEF1F9CB0FDA9CF25F97211E8C8CDD69DEA265977853A4
machine_reuse/objects/evidence_1x/TXT_FAMILIES_007__ORIGINAL_OVERLAY_MASK__1x.png,1790,2026-08-24T20:44:54.968428Z,EC7D9C4A24DC67F19054709402C2F9D85CFD9CD87A6C3E0C926C6407502CA908
machine_reuse/objects/evidence_1x/TXT_FAMILIES_008__ORIGINAL_OVERLAY_MASK__1x.png,1588,2026-08-24T20:44:54.977488Z,30862756D7625B6D61F3C4E4DC772F6228EF7766229001D3168BDF8B2900614F
machine_reuse/objects/evidence_1x/TXT_FAMILIES_009__ORIGINAL_OVERLAY_MASK__1x.png,1508,2026-08-24T20:44:54.988161Z,14D725809A742A29746B65B79191B98352FC7E1AD5E81C36A05FF08E859412B9
machine_reuse/objects/evidence_1x/TXT_FAMILIES_010__ORIGINAL_OVERLAY_MASK__1x.png,1750,2026-08-24T20:44:54.997645Z,7471CA0B491A6E1B12567590098588791EAF25A27A57CC2D8315C9789D57A32A
machine_reuse/objects/evidence_1x/TXT_FAMILIES_011__ORIGINAL_OVERLAY_MASK__1x.png,3160,2026-08-24T20:44:55.009378Z,701E689F45A1331482F738C7B72E994C73FBF1DD02C26CE163CE031DC86D2962
machine_reuse/objects/evidence_1x/TXT_GAMMA_001__ORIGINAL_OVERLAY_MASK__1x.png,1572,2026-08-24T20:44:54.440353Z,DB9B05FCD29A401069A8AD92F7D0C8218647A7B4DB72CB72A2B5A14F9DC77947
machine_reuse/objects/evidence_1x/TXT_GAMMA_002__ORIGINAL_OVERLAY_MASK__1x.png,1299,2026-08-24T20:44:54.449490Z,811F9CF66F486409E1A860600D3358A09ED6DF9B85BD0EFF2AE4061F20F23AAE
machine_reuse/objects/evidence_1x/TXT_GAMMA_003__ORIGINAL_OVERLAY_MASK__1x.png,1460,2026-08-24T20:44:54.457491Z,C6F07A68861332160C6BF96D01A2EBFA455B8155A8B1292669A27AC06C26E011
machine_reuse/objects/evidence_1x/TXT_GAMMA_004__ORIGINAL_OVERLAY_MASK__1x.png,1314,2026-08-24T20:44:54.465741Z,7F53C928873EC1E859BD6821340AD168E046D73F3BCFE88A55FA1A643F841099
machine_reuse/objects/evidence_1x/TXT_GAMMA_005__ORIGINAL_OVERLAY_MASK__1x.png,1223,2026-08-24T20:44:54.474983Z,E01589181E03DE9DED83F84D6940C1D40F26344A1C09BD13466B944592A811FD
machine_reuse/objects/evidence_1x/TXT_GAMMA_006__ORIGINAL_OVERLAY_MASK__1x.png,1446,2026-08-24T20:44:54.483068Z,04F1978303024419AC7225C25E258788AE3C59FB3D8CD9C116237A7801EE81FC
machine_reuse/objects/evidence_1x/TXT_GAMMA_007__ORIGINAL_OVERLAY_MASK__1x.png,1331,2026-08-24T20:44:54.491622Z,9E71BE19732E83F66BF657E2F37FFDCDA239245EFF4502ADC0E05CA4153DDADA
machine_reuse/objects/evidence_1x/TXT_GAMMA_008__ORIGINAL_OVERLAY_MASK__1x.png,1220,2026-08-24T20:44:54.498936Z,A7E380BA3780719E6FD902F77537D790F642785F2B0EDE137DCC1613CB791BE0
machine_reuse/objects/evidence_1x/TXT_GAMMA_009__ORIGINAL_OVERLAY_MASK__1x.png,930,2026-08-24T20:44:54.506227Z,B0680FACAAB2633409B47092232F267F38C69324D915C36C4672AC951B36D043
machine_reuse/objects/evidence_1x/TXT_GAMMA_010__ORIGINAL_OVERLAY_MASK__1x.png,1306,2026-08-24T20:44:54.513271Z,AA048624D0413D863162A0F28A9556E7C055A3B0FA865C30E9C102FE5171FC62
machine_reuse/objects/evidence_1x/TXT_GAMMA_011__ORIGINAL_OVERLAY_MASK__1x.png,2376,2026-08-24T20:44:54.520939Z,4C78D5A30F3B61A5E54CB67C51FE3CA07499F446B019B2FF4158329F62A4F8CA
machine_reuse/objects/evidence_1x/TXT_GAMMA_012__ORIGINAL_OVERLAY_MASK__1x.png,2261,2026-08-24T20:44:54.533727Z,AD7A735D0AEF4CD9F9B5743AB56E7FFAFB3B2BEA72D4C68B5036425DFB272CF5
machine_reuse/objects/evidence_1x/TXT_GAMMA_013__ORIGINAL_OVERLAY_MASK__1x.png,1675,2026-08-24T20:44:54.548525Z,650B7E8CBA3C3674175426A8EA94480FDAC3EC2045CC28D128E9741FA05F1B4A
machine_reuse/objects/evidence_1x/TXT_GAMMA_014__ORIGINAL_OVERLAY_MASK__1x.png,1084,2026-08-24T20:44:54.557750Z,115E2B3BDD0124E3091240302BEC4F0118FF398248296690413CF3321C6D0565
machine_reuse/objects/evidence_1x/TXT_LDA_001__ORIGINAL_OVERLAY_MASK__1x.png,1375,2026-08-24T20:44:58.186069Z,C8D54548C7487CD693410A96ABD2956F20C80814F38640984A923F0C7C53E306
machine_reuse/objects/evidence_1x/TXT_LDA_002__ORIGINAL_OVERLAY_MASK__1x.png,3288,2026-08-24T20:44:58.199369Z,DDF1CDE7F0A0F6D4035DC3555D063C0A99DCD7A61223996E74A8E49609D42B99
machine_reuse/objects/evidence_1x/TXT_LDA_003__ORIGINAL_OVERLAY_MASK__1x.png,1097,2026-08-24T20:44:58.213726Z,A8B9EBAB66955F5C20C9391BF630F12DE418CA417A7DEA3EABC4974ED4E22C26
machine_reuse/objects/evidence_1x/TXT_LDA_004__ORIGINAL_OVERLAY_MASK__1x.png,2701,2026-08-24T20:44:58.225856Z,97AB94B6B051B0B9543634C404ED5C0710A0BED21922C4D263AC16582B427935
machine_reuse/objects/evidence_1x/TXT_LDA_005__ORIGINAL_OVERLAY_MASK__1x.png,2527,2026-08-24T20:44:58.242187Z,5DBA880B5E9BF6D136A0E13D86A4A7DB831A9E8099DDBEB3A5C2A8F5C7FE4429
machine_reuse/objects/evidence_1x/TXT_LDA_006__ORIGINAL_OVERLAY_MASK__1x.png,1832,2026-08-24T20:44:58.255545Z,E3B15B6B19B732F347203F68A513C247C600E2ADAA3F0576C8AF54E0F7B00E93
machine_reuse/objects/evidence_1x/TXT_LDA_007__ORIGINAL_OVERLAY_MASK__1x.png,2269,2026-08-24T20:44:58.267823Z,13B23D87BB71839D74D3BA2BC41D0AE0E77833B1BEF2B971060D3444CD0CFA0A
machine_reuse/objects/evidence_1x/TXT_LDA_008__ORIGINAL_OVERLAY_MASK__1x.png,1205,2026-08-24T20:44:58.281161Z,0048CB68AFAB74290AABE6F217777420AE3C1B41BF5520CFCF8BBCB5D0AEF2A6
machine_reuse/objects/evidence_1x/TXT_LDA_009__ORIGINAL_OVERLAY_MASK__1x.png,3530,2026-08-24T20:44:58.293886Z,78F1725CBB7050F09A095A6DAA6CB603064F66446DD33E419D06B1A9EA11E5A6
machine_reuse/objects/evidence_1x/TXT_LDA_010__ORIGINAL_OVERLAY_MASK__1x.png,1446,2026-08-24T20:44:58.309192Z,04F1978303024419AC7225C25E258788AE3C59FB3D8CD9C116237A7801EE81FC
machine_reuse/objects/evidence_1x/TXT_LDA_011__ORIGINAL_OVERLAY_MASK__1x.png,1201,2026-08-24T20:44:58.320357Z,3F3F1127A854445ACE3CD265068E575EE57B7D78B4DB79E8F8F4C75C991739EB
machine_reuse/objects/evidence_1x/TXT_LDA_012__ORIGINAL_OVERLAY_MASK__1x.png,2419,2026-08-24T20:44:58.333654Z,EF131E5B9A64B4CC69FF8B8CC87D522F975E2552FD40BCAE737190BC55F0A919
machine_reuse/objects/evidence_1x/TXT_MOM_001__ORIGINAL_OVERLAY_MASK__1x.png,2365,2026-08-24T20:44:57.768685Z,1C5942D57F12BA1C87CD2F499A606091F86E771C90DF527674F7FD6AC821FC42
machine_reuse/objects/evidence_1x/TXT_MOM_002__ORIGINAL_OVERLAY_MASK__1x.png,1673,2026-08-24T20:44:57.780948Z,914BFFDDF5C08BF545952DA1548962468B47CD77E2FC219B8833EEC1EDB4BD20
machine_reuse/objects/evidence_1x/TXT_MOM_003__ORIGINAL_OVERLAY_MASK__1x.png,1526,2026-08-24T20:44:57.793722Z,A10545E71F88503D796CC3089CC08E94E8E90C83136A437BCBB558E69C78B036
machine_reuse/objects/evidence_1x/TXT_MOM_004__ORIGINAL_OVERLAY_MASK__1x.png,3163,2026-08-24T20:44:57.805956Z,BF2C977B696AF61020F095B063D5959CB383925BA429943520638CE0AC0CA5BC
machine_reuse/objects/evidence_1x/TXT_MOM_005__ORIGINAL_OVERLAY_MASK__1x.png,2405,2026-08-24T20:44:57.819261Z,E2076456AB0219F76414FC1DE78F6FDC82489BB9CCEFEF69D5DBA48EFDA7C67E
machine_reuse/objects/evidence_1x/TXT_MOM_006__ORIGINAL_OVERLAY_MASK__1x.png,2655,2026-08-24T20:44:57.832666Z,8948F4CE6F809F17E4CA423847B078CA706931C68A3D9FA80073942123F012B9
machine_reuse/objects/evidence_1x/TXT_MOM_007__ORIGINAL_OVERLAY_MASK__1x.png,2110,2026-08-24T20:44:57.845994Z,3F61EAF713035EFAC8D73F904E3D8A851D9B8D1D1459BC625B5C0F1D43A6AB45
machine_reuse/objects/evidence_1x/TXT_MOM_008__ORIGINAL_OVERLAY_MASK__1x.png,3576,2026-08-24T20:44:57.858317Z,FEE8F0493035467704FEB8B4F8DE3A88BC7219472DAEFD77BC3ECC6539E9E3C5
machine_reuse/objects/evidence_1x/TXT_MOM_009__ORIGINAL_OVERLAY_MASK__1x.png,2174,2026-08-24T20:44:57.872597Z,B27E506C1F9E7EE75C1FF24BE440E1534D0457F6C25617574F0A8EB34A18DC21
machine_reuse/objects/evidence_1x/TXT_POSTERIOR_001__ORIGINAL_OVERLAY_MASK__1x.png,1593,2026-08-24T20:44:55.630205Z,024D21533E21F31E47C1B076EFF457287B1DD3100A8857AF6020E9823CF38033
machine_reuse/objects/evidence_1x/TXT_POSTERIOR_002__ORIGINAL_OVERLAY_MASK__1x.png,2328,2026-08-24T20:44:55.641808Z,8E7C758AAB96B3E229EC8EFC86D26782D7CF6B997F37F1333E7403462316301D
machine_reuse/objects/evidence_1x/TXT_POSTERIOR_003__ORIGINAL_OVERLAY_MASK__1x.png,3044,2026-08-24T20:44:55.654063Z,FF4C758640144B7088CE4AF1C50F19BC60EF86D852634399292147907A3A9A64
machine_reuse/objects/evidence_1x/TXT_POSTERIOR_004__ORIGINAL_OVERLAY_MASK__1x.png,1809,2026-08-24T20:44:55.666602Z,DEDA37B2042936BD9CB268D880257A47B68D5AEF1BC0D7982B57364CF01653A6
machine_reuse/objects/evidence_1x/TXT_POSTERIOR_005__ORIGINAL_OVERLAY_MASK__1x.png,1598,2026-08-24T20:44:55.679592Z,FEAF8ACC104A832E10CD9EE44B49A489AD3847B9F27216E10CFE5D85F224C391
machine_reuse/objects/evidence_1x/TXT_POSTERIOR_006__ORIGINAL_OVERLAY_MASK__1x.png,1558,2026-08-24T20:44:55.689229Z,B285A04B13FD856CD9938233B11C24AC00284ECF17EFE43FC5E74A3AD265F250
machine_reuse/objects/evidence_1x/TXT_POSTERIOR_007__ORIGINAL_OVERLAY_MASK__1x.png,1400,2026-08-24T20:44:55.701153Z,785AFDF2B57A5EE7319328D982D341EA7816DAE05137ADB0C5B75F53A92B2D8B
machine_reuse/objects/evidence_1x/TXT_POSTERIOR_008__ORIGINAL_OVERLAY_MASK__1x.png,3162,2026-08-24T20:44:55.712637Z,79B46686F81F6086C97F6A6156838676233D044BE8D63868ADCAA4B6D7E3CA9D
machine_reuse/objects/evidence_1x/TXT_PREDICTIVE_001__ORIGINAL_OVERLAY_MASK__1x.png,1389,2026-08-24T20:44:56.871208Z,7E85B875090ED1DE4B30A43F3A8D7CA05DBA36AFB97D8172BABA6C0E9E87701F
machine_reuse/objects/evidence_1x/TXT_PREDICTIVE_002__ORIGINAL_OVERLAY_MASK__1x.png,3261,2026-08-24T20:44:56.883930Z,7964488922BFED77E2DCB1154761978F519B9BA5D5B21FB30A8FB3A2842DF193
machine_reuse/objects/evidence_1x/TXT_PREDICTIVE_003__ORIGINAL_OVERLAY_MASK__1x.png,2428,2026-08-24T20:44:56.897502Z,DCE455232EAF5979F5967767639768EB4B7998273A0ECE58D57EF08C3F12155A
machine_reuse/objects/evidence_1x/TXT_PREDICTIVE_004__ORIGINAL_OVERLAY_MASK__1x.png,2364,2026-08-24T20:44:56.910582Z,18C5CC80730D647115F019F0F6339700D2151C37BC2E8EA0AFAEA88551D684B6
machine_reuse/objects/evidence_1x/TXT_PREDICTIVE_005__ORIGINAL_OVERLAY_MASK__1x.png,2781,2026-08-24T20:44:56.923664Z,00F79AB915873E457474C0C8DC049C2CCF9705B52CE573BB1BFCB45DF26F379B
machine_reuse/objects/evidence_1x/TXT_PREDICTIVE_006__ORIGINAL_OVERLAY_MASK__1x.png,2715,2026-08-24T20:44:56.937868Z,5A0FC7BAFDC7A171FB5A98A913307126773A7454F6D7D50FA818F79E0383E7A6
machine_reuse/objects/evidence_1x/TXT_PREDICTIVE_007__ORIGINAL_OVERLAY_MASK__1x.png,2652,2026-08-24T20:44:56.951174Z,5F44A17AF34F579FD1602806A996AE7D5ABB460F87C49DB9403027261A5E1765
machine_reuse/objects/evidence_1x/TXT_PREDICTIVE_008__ORIGINAL_OVERLAY_MASK__1x.png,2072,2026-08-24T20:44:56.964014Z,A906040B88A9C259F0D354E25BE15A89F7FBE34E2A27A9CE2B41F28BCCDF5487
machine_reuse/objects/evidence_1x/TXT_PREDICTIVE_009__ORIGINAL_OVERLAY_MASK__1x.png,2382,2026-08-24T20:44:56.978731Z,E6329F801C8DDA7EDF8E97E773680C99DE4AFAB6E14DEF854536400E511E09B8
machine_reuse/objects/evidence_1x/TXT_PREDICTIVE_010__ORIGINAL_OVERLAY_MASK__1x.png,2364,2026-08-24T20:44:56.992797Z,18C5CC80730D647115F019F0F6339700D2151C37BC2E8EA0AFAEA88551D684B6
machine_reuse/objects/evidence_1x/TXT_PREDICTIVE_011__ORIGINAL_OVERLAY_MASK__1x.png,2371,2026-08-24T20:44:57.007006Z,B1D85E1274B90310C81965947A38671A3C07882733401B16DDDC22BC6E927002
machine_reuse/objects/evidence_1x/TXT_PREDICTIVE_012__ORIGINAL_OVERLAY_MASK__1x.png,1952,2026-08-24T20:44:57.020186Z,854BE5360D6A9242050E1B6C4ED79B48BD4EA93F0E75BA0AB46B4782E3E7F9B1
machine_reuse/objects/evidence_1x/TXT_PREDICTIVE_013__ORIGINAL_OVERLAY_MASK__1x.png,1964,2026-08-24T20:44:57.031519Z,8FC7D13CE8C6E7A98D0758C3B598A75A7F5AE3214CE2A73C7DA5626CD57B9CAC
machine_reuse/objects/evidence_1x/TXT_PREDICTIVE_014__ORIGINAL_OVERLAY_MASK__1x.png,2752,2026-08-24T20:44:57.046433Z,851F6A14045B281134262291A14D2032A50D9950F1E01C476D6A4C7AF041BE71
machine_reuse/objects/evidence_1x/TXT_PREDICTIVE_015__ORIGINAL_OVERLAY_MASK__1x.png,1808,2026-08-24T20:44:57.059697Z,5A1FB394658EB3F55497F25C182E9C574ED10B3E4EE7033FCEAF3116493D7FB1
machine_reuse/objects/evidence_1x/TXT_SIMPLEX_001__ORIGINAL_OVERLAY_MASK__1x.png,1343,2026-08-24T20:44:57.407669Z,E0BC46403E348B7445EE27A01FC77BA0D9282A753721C8E14FF96B3766A0341A
machine_reuse/objects/evidence_1x/TXT_SIMPLEX_002__ORIGINAL_OVERLAY_MASK__1x.png,2310,2026-08-24T20:44:57.422020Z,A26595486375B6E38FFF97C5AB8905E7D8DCF42AC007182FE182181736F92BB3
machine_reuse/objects/evidence_1x/TXT_SIMPLEX_003__ORIGINAL_OVERLAY_MASK__1x.png,2383,2026-08-24T20:44:57.434370Z,F5D12AF6986F99F7CAEE67895BBB06C2337DA5D6560BF63AFA2D53405CDE2E1B
machine_reuse/objects/evidence_1x/TXT_SIMPLEX_004__ORIGINAL_OVERLAY_MASK__1x.png,1107,2026-08-24T20:44:57.449707Z,806266F187FC1C8AAC0A7AE1E9178E341F59CA8D19B8430F421A42360E55E943
machine_reuse/objects/evidence_1x/TXT_SIMPLEX_005__ORIGINAL_OVERLAY_MASK__1x.png,1338,2026-08-24T20:44:57.461997Z,1331D881BAC675659D4A75E942EF9DF1DFCBA196AC8DD054EE39387DABECA439
machine_reuse/objects/evidence_1x/TXT_TRIAL_001__ORIGINAL_OVERLAY_MASK__1x.png,2796,2026-08-24T20:44:54.113853Z,FA16E374F32978B273759BCB3B7500C2A2F79BA377BB822FE5592ECC56C049DC
machine_reuse/objects/evidence_1x/TXT_TRIAL_002__ORIGINAL_OVERLAY_MASK__1x.png,1834,2026-08-24T20:44:54.125534Z,4D0BF039FEEAA21BE4071791F7893826D98A7EF7F124469DB19A8C8D73A57426
machine_reuse/objects/evidence_1x/TXT_TRIAL_003__ORIGINAL_OVERLAY_MASK__1x.png,1240,2026-08-24T20:44:54.137071Z,FD9E434DACF867C88DEC992866F769916C2E77DD6296186862FC02D164339729
machine_reuse/objects/evidence_1x/TXT_TRIAL_004__ORIGINAL_OVERLAY_MASK__1x.png,3576,2026-08-24T20:44:54.147698Z,FEE8F0493035467704FEB8B4F8DE3A88BC7219472DAEFD77BC3ECC6539E9E3C5
machine_reuse/objects/evidence_8x_nearest/FRM_POSTERIOR_FORMULA_001__ORIGINAL_OVERLAY_MASK__8x_nearest.png,7929,2026-08-24T20:44:55.583012Z,C1ECE4952864C27ED568EB2DB32079BE02F22CA2477A732D12BBF87C034014B8
machine_reuse/objects/evidence_8x_nearest/FRM_POSTERIOR_FORMULA_002__ORIGINAL_OVERLAY_MASK__8x_nearest.png,8679,2026-08-24T20:44:55.597814Z,AA0D87EE247FF9FB219EFA3B3EE1674C0115A7A11ABE34F036EE840798DA9F76
machine_reuse/objects/evidence_8x_nearest/FRM_POSTERIOR_FORMULA_003__ORIGINAL_OVERLAY_MASK__8x_nearest.png,3635,2026-08-24T20:44:55.607030Z,9809446CC42C4460135E2CF8009C4E368E4C835C6B0A8DFD6C3573370FD8EE66
machine_reuse/objects/evidence_8x_nearest/FRM_POSTERIOR_FORMULA_004__ORIGINAL_OVERLAY_MASK__8x_nearest.png,1945,2026-08-24T20:44:55.617315Z,9677FCCA2BF158FEDEA5F6CDA1958727B41B9DA1D9ACDFB8DEBA20EC091B8AB7
machine_reuse/objects/evidence_8x_nearest/FRM_POSTERIOR_FORMULA_005__ORIGINAL_OVERLAY_MASK__8x_nearest.png,3006,2026-08-24T20:44:55.624920Z,B5489DFEB0E77F9D924AE1C4B7EEE44DF347D781ED7B17AED98CD19932E53F51
machine_reuse/objects/evidence_8x_nearest/FRM_PREDICTIVE_FORMULA_001__ORIGINAL_OVERLAY_MASK__8x_nearest.png,3729,2026-08-24T20:44:56.830217Z,EDD635E21CE2CA676095DDDB079579BEDAAE1A99504FE6B813C1D039122CF88F
machine_reuse/objects/evidence_8x_nearest/FRM_PREDICTIVE_FORMULA_002__ORIGINAL_OVERLAY_MASK__8x_nearest.png,1911,2026-08-24T20:44:56.838177Z,9051EE5CE8B566DCAA46BBEFFA5654514B924F54C63B76623B04A66605C0F976
machine_reuse/objects/evidence_8x_nearest/FRM_PREDICTIVE_FORMULA_003__ORIGINAL_OVERLAY_MASK__8x_nearest.png,1945,2026-08-24T20:44:56.848375Z,9677FCCA2BF158FEDEA5F6CDA1958727B41B9DA1D9ACDFB8DEBA20EC091B8AB7
machine_reuse/objects/evidence_8x_nearest/FRM_PREDICTIVE_FORMULA_004__ORIGINAL_OVERLAY_MASK__8x_nearest.png,3215,2026-08-24T20:44:56.858203Z,96C08BA0154FD938F5BF89318D0B8CD5B112A9A690E55FDB257815D5FC54B4E3
machine_reuse/objects/evidence_8x_nearest/FRM_PREDICTIVE_FORMULA_005__ORIGINAL_OVERLAY_MASK__8x_nearest.png,1930,2026-08-24T20:44:56.865203Z,EC1913473A894A21439073D9027F50BE9FC148D86447F37074361A6A4F4ADD78
machine_reuse/objects/evidence_8x_nearest/FRM_PREDICTIVE_FORMULA_006__ORIGINAL_OVERLAY_MASK__8x_nearest.png,3814,2026-08-24T20:44:57.094049Z,0F949D6EC4D3BEA1079B2B882A8FBC8188ADAFD4244C87B9879767F8A2A86620
machine_reuse/objects/evidence_8x_nearest/FRM_PREDICTIVE_FORMULA_007__ORIGINAL_OVERLAY_MASK__8x_nearest.png,2703,2026-08-24T20:44:57.101049Z,D4ABFDD3742579D58DC9C2874456DCDFD3EF01994045A4F39ED7703C860F6873
machine_reuse/objects/evidence_8x_nearest/FRM_PREDICTIVE_FORMULA_008__ORIGINAL_OVERLAY_MASK__8x_nearest.png,1945,2026-08-24T20:44:57.110049Z,9677FCCA2BF158FEDEA5F6CDA1958727B41B9DA1D9ACDFB8DEBA20EC091B8AB7
machine_reuse/objects/evidence_8x_nearest/FRM_PREDICTIVE_FORMULA_009__ORIGINAL_OVERLAY_MASK__8x_nearest.png,4831,2026-08-24T20:44:57.122234Z,AAEA8C0887FBB8BAA75FE342F8EE31059327A83583EA51EE8182894BD52D8F85
machine_reuse/objects/evidence_8x_nearest/FRM_TRIAL_005__ORIGINAL_OVERLAY_MASK__8x_nearest.png,2760,2026-08-24T20:44:54.106769Z,7D333F6A6E0CD6F4F2FC00CF1B60E021382A1F84E917882EAF871DF829A715E4
machine_reuse/objects/evidence_8x_nearest/GFX_HEAD_FAMILIES_TO_POSTERIOR__ORIGINAL_OVERLAY_MASK__8x_nearest.png,2687,2026-08-24T20:44:58.400630Z,9983D3055B0D6E6953C0114E37724B28278E3CC6159839579C885495B7247A40
machine_reuse/objects/evidence_8x_nearest/GFX_HEAD_GAMMA_TO_FAMILIES__ORIGINAL_OVERLAY_MASK__8x_nearest.png,2697,2026-08-24T20:44:58.380628Z,C7A0E77C80C866A9A9B34C26647D4717DBB0E68B871DD13585F7BC426B8162A2
machine_reuse/objects/evidence_8x_nearest/GFX_HEAD_POSTERIOR_TO_PREDICTIVE__ORIGINAL_OVERLAY_MASK__8x_nearest.png,2798,2026-08-24T20:44:58.420065Z,06B123153F84208B693001C422B6AFFE786CC7555CB131D659A62790412E7DB7
machine_reuse/objects/evidence_8x_nearest/GFX_HEAD_PREDICTIVE_TO_LDA__ORIGINAL_OVERLAY_MASK__8x_nearest.png,2929,2026-08-24T20:44:58.488112Z,AE407DCDECBB245D9511B7790F96B43198C7AC1536EE98268A61DD64DF68EC1F
machine_reuse/objects/evidence_8x_nearest/GFX_HEAD_TRIAL_TO_FAMILIES__ORIGINAL_OVERLAY_MASK__8x_nearest.png,2851,2026-08-24T20:44:58.358073Z,342C180039E2AD75DB6F7C578E37CD620A6DC12967F8DB1F6EA6DE3C9FDE54A9
machine_reuse/objects/evidence_8x_nearest/GFX_LINE_FAMILIES_TO_POSTERIOR__ORIGINAL_OVERLAY_MASK__8x_nearest.png,1001,2026-08-24T20:44:58.390386Z,10DBD247430AA788FC4A2560DBF1390152311CC41450D3CBE3C31F8D0D39EAA9
machine_reuse/objects/evidence_8x_nearest/GFX_LINE_FAMILIES_TO_SIMPLEX__ORIGINAL_OVERLAY_MASK__8x_nearest.png,7801,2026-08-24T20:44:58.441506Z,BBD787A7D7322E14ADD08631E67B834DAA58A1CF0FA6313180B2B5007EC0C016
machine_reuse/objects/evidence_8x_nearest/GFX_LINE_GAMMA_TO_FAMILIES__ORIGINAL_OVERLAY_MASK__8x_nearest.png,2317,2026-08-24T20:44:58.370437Z,D5C656DF7454F2B833502345E0C9D7AFE9A3B26E2B4855E62827F28F0E086A2B
machine_reuse/objects/evidence_8x_nearest/GFX_LINE_POSTERIOR_TO_MOM__ORIGINAL_OVERLAY_MASK__8x_nearest.png,3537,2026-08-24T20:44:58.463095Z,0009E925049703964096B5DA088DA48B32A64114424D35E90D709104142B6E5B
machine_reuse/objects/evidence_8x_nearest/GFX_LINE_POSTERIOR_TO_PREDICTIVE__ORIGINAL_OVERLAY_MASK__8x_nearest.png,898,2026-08-24T20:44:58.410810Z,59C6D168CB8B29AE7299BE3046C5C9149FE86BBE586A9CA6D41EB04A7615953D
machine_reuse/objects/evidence_8x_nearest/GFX_LINE_PREDICTIVE_TO_LDA__ORIGINAL_OVERLAY_MASK__8x_nearest.png,2381,2026-08-24T20:44:58.476449Z,A925CAC8DF1211D3C6F1AE873E7134A90BFE788B31EF9EB4EDB0A2660B7C8451
machine_reuse/objects/evidence_8x_nearest/GFX_LINE_TRIAL_TO_FAMILIES__ORIGINAL_OVERLAY_MASK__8x_nearest.png,2397,2026-08-24T20:44:58.347893Z,E68974E9D677CDCEEBB1C8AC41305BBA3452ED9651A30B7D29FC0EFEE3090269
machine_reuse/objects/evidence_8x_nearest/GFX_MATH_RULE_PREDICTIVE_FRACTION__ORIGINAL_OVERLAY_MASK__8x_nearest.png,1484,2026-08-24T20:44:57.078190Z,E9204E481EAE611656D628E6D00D17EB6C81809610C1BE741F6F3686FC02261E
machine_reuse/objects/evidence_8x_nearest/GFX_NODE_BORDER_FAMILIES__ORIGINAL_OVERLAY_MASK__8x_nearest.png,68180,2026-08-24T20:44:54.746622Z,0D5E53A622F822FB4DBBB5BD2AC19ED56766330AFD55799503F34ADEA6ACC9C6
machine_reuse/objects/evidence_8x_nearest/GFX_NODE_BORDER_GAMMA__ORIGINAL_OVERLAY_MASK__8x_nearest.png,56405,2026-08-24T20:44:54.308611Z,50A1E90F55A2BCE80350B5A40C6B9D24A4091BCF56C13889C8EFD0348069CA40
machine_reuse/objects/evidence_8x_nearest/GFX_NODE_BORDER_LDA__ORIGINAL_OVERLAY_MASK__8x_nearest.png,57832,2026-08-24T20:44:58.041827Z,1340FDF8F8AB01BA7A425856B58722A5F9432864ED6899F8992A30622EF60E7D
machine_reuse/objects/evidence_8x_nearest/GFX_NODE_BORDER_MOM__ORIGINAL_OVERLAY_MASK__8x_nearest.png,55164,2026-08-24T20:44:57.629981Z,904A8EE7E56C4889D9DF80C69D00FFD392F0B3561A66C76BDB27ECF7B07CB6F8
machine_reuse/objects/evidence_8x_nearest/GFX_NODE_BORDER_POSTERIOR__ORIGINAL_OVERLAY_MASK__8x_nearest.png,97582,2026-08-24T20:44:55.317728Z,CCDD81E3A0BB615A6A6A1981B858E24CFF2CEC5D60C2EEAB63C7E0B57C23A3BE
machine_reuse/objects/evidence_8x_nearest/GFX_NODE_BORDER_PREDICTIVE__ORIGINAL_OVERLAY_MASK__8x_nearest.png,170594,2026-08-24T20:44:56.306603Z,2CB1759F92B14176C013C27B6AADC99C27EEF6ECCF8FD5DA6596D449E85F4428
machine_reuse/objects/evidence_8x_nearest/GFX_NODE_BORDER_SIMPLEX__ORIGINAL_OVERLAY_MASK__8x_nearest.png,41128,2026-08-24T20:44:57.271556Z,66BC42395163EA6C5C282C94C796BA87F6082310AE751E2FBC247CAC2D055505
machine_reuse/objects/evidence_8x_nearest/GFX_NODE_BORDER_TRIAL__ORIGINAL_OVERLAY_MASK__8x_nearest.png,49629,2026-08-24T20:44:53.989666Z,27B8765895755511E15823CAFACC6604B2A7825BD22A28200390E2C366243E3B
machine_reuse/objects/evidence_8x_nearest/TXT_APPLICATION_001__ORIGINAL_OVERLAY_MASK__8x_nearest.png,5150,2026-08-24T20:44:58.504455Z,782BC373CD236DA9179C9BEED7E1D386388F656FB290641151E897E5ED78914E
machine_reuse/objects/evidence_8x_nearest/TXT_APPLICATION_002__ORIGINAL_OVERLAY_MASK__8x_nearest.png,3634,2026-08-24T20:44:58.515718Z,E511C4217444679335E4D84F31E29AE921DF77FFBD1B74986CC73134FD6D5565
machine_reuse/objects/evidence_8x_nearest/TXT_FAMILIES_001__ORIGINAL_OVERLAY_MASK__8x_nearest.png,5876,2026-08-24T20:44:54.911848Z,4A9FECD6404C8331DBB6D34ADA9B435904E2D209C3C816306CA7C3ADE325361E
machine_reuse/objects/evidence_8x_nearest/TXT_FAMILIES_002__ORIGINAL_OVERLAY_MASK__8x_nearest.png,4966,2026-08-24T20:44:54.924023Z,8C986F4531A953F62EF9070AEBDF4AA48FFE786F8B1941FE80A624FCFF522872
machine_reuse/objects/evidence_8x_nearest/TXT_FAMILIES_003__ORIGINAL_OVERLAY_MASK__8x_nearest.png,5404,2026-08-24T20:44:54.934292Z,7E477B0213E6CCDDA53F0A851EF536F935BEBAF407578F0CBC3F96DDBDC3A9D8
machine_reuse/objects/evidence_8x_nearest/TXT_FAMILIES_004__ORIGINAL_OVERLAY_MASK__8x_nearest.png,3948,2026-08-24T20:44:54.944858Z,7A81032782498C24AB871444BF83B57A316C53CBE49B704A157BE454FD05FEA7
machine_reuse/objects/evidence_8x_nearest/TXT_FAMILIES_005__ORIGINAL_OVERLAY_MASK__8x_nearest.png,4045,2026-08-24T20:44:54.953902Z,70CFF5604AE2CF256B09D712FA89EF470AE888B4695D4C8CC7CDF5370ED2889C
machine_reuse/objects/evidence_8x_nearest/TXT_FAMILIES_006__ORIGINAL_OVERLAY_MASK__8x_nearest.png,6522,2026-08-24T20:44:54.964168Z,E3AA84579CB4AFE2981AD5013EA16BB456F3DC1E9054841F75407498A45B1B0C
machine_reuse/objects/evidence_8x_nearest/TXT_FAMILIES_007__ORIGINAL_OVERLAY_MASK__8x_nearest.png,4563,2026-08-24T20:44:54.973974Z,2C2521EED75403C8464ADBBFA468A9A6B877067ED437EC1C0BF09F3394DD6A76
machine_reuse/objects/evidence_8x_nearest/TXT_FAMILIES_008__ORIGINAL_OVERLAY_MASK__8x_nearest.png,4167,2026-08-24T20:44:54.983964Z,0BEE6563B3D6E6CF4F9E9C18EB712BC4B26AD05428E11BE0F84F895647224C80
machine_reuse/objects/evidence_8x_nearest/TXT_FAMILIES_009__ORIGINAL_OVERLAY_MASK__8x_nearest.png,4102,2026-08-24T20:44:54.993544Z,3264B1C3A7619CD427DF4CF28C4305202462BFAE22AC60BD6428B7F9536DA100
machine_reuse/objects/evidence_8x_nearest/TXT_FAMILIES_010__ORIGINAL_OVERLAY_MASK__8x_nearest.png,4574,2026-08-24T20:44:55.005112Z,26C642DF1D8DC763055E1B755367923FC9B40A3516DDF617070C703390029632
machine_reuse/objects/evidence_8x_nearest/TXT_FAMILIES_011__ORIGINAL_OVERLAY_MASK__8x_nearest.png,6637,2026-08-24T20:44:55.015728Z,954E6C76FFD7FF5CD6CE313F36D424356B4E3C1ADE99E36C5EC04AF727815DEA
machine_reuse/objects/evidence_8x_nearest/TXT_GAMMA_001__ORIGINAL_OVERLAY_MASK__8x_nearest.png,3848,2026-08-24T20:44:54.445490Z,F1A1A00841F14B778FDF7F32F219AD5F24ADAF3501EB0D05E5CE424FB36020BC
machine_reuse/objects/evidence_8x_nearest/TXT_GAMMA_002__ORIGINAL_OVERLAY_MASK__8x_nearest.png,2892,2026-08-24T20:44:54.452490Z,209582A5C3B39B28213D1C25BEBE6416F13F3C6259CD5F55D7CA197F9596A18F
machine_reuse/objects/evidence_8x_nearest/TXT_GAMMA_003__ORIGINAL_OVERLAY_MASK__8x_nearest.png,3294,2026-08-24T20:44:54.461490Z,13B650ADEA091DE860F22F3AA41860B851B8034C8EEDB096D9040BB9FAAA83B5
machine_reuse/objects/evidence_8x_nearest/TXT_GAMMA_004__ORIGINAL_OVERLAY_MASK__8x_nearest.png,3078,2026-08-24T20:44:54.469741Z,288D54367F166049BD6F5397543D32C85687ABADDA0843D4BB60C02244FC659C
machine_reuse/objects/evidence_8x_nearest/TXT_GAMMA_005__ORIGINAL_OVERLAY_MASK__8x_nearest.png,2814,2026-08-24T20:44:54.477493Z,DDDD8123E4A0B38B3B4EDFB6ACA938FDB11568F792F2023915E487BCE11F1135
machine_reuse/objects/evidence_8x_nearest/TXT_GAMMA_006__ORIGINAL_OVERLAY_MASK__8x_nearest.png,3864,2026-08-24T20:44:54.488509Z,4AB822E814F0483316B1ACE6F355ABE3B6340A764E0CBA9B8D279B172E7A10C6
machine_reuse/objects/evidence_8x_nearest/TXT_GAMMA_007__ORIGINAL_OVERLAY_MASK__8x_nearest.png,3299,2026-08-24T20:44:54.495718Z,A19BA98120593BA431B57E8104F61EBD9CA0AB2C185F07601195D9EF4FEB76BE
machine_reuse/objects/evidence_8x_nearest/TXT_GAMMA_008__ORIGINAL_OVERLAY_MASK__8x_nearest.png,2754,2026-08-24T20:44:54.501935Z,0D5C3E21EAD06070C217600B9625AA29792D37F1B71C4A67BFFCD371B45D1DCC
machine_reuse/objects/evidence_8x_nearest/TXT_GAMMA_009__ORIGINAL_OVERLAY_MASK__8x_nearest.png,2353,2026-08-24T20:44:54.509270Z,86B1C18F3285254FD6BBC72F93A632AA6B38CB0FF84D3A1D687C194C0D2509E1
machine_reuse/objects/evidence_8x_nearest/TXT_GAMMA_010__ORIGINAL_OVERLAY_MASK__8x_nearest.png,2912,2026-08-24T20:44:54.515270Z,580766316EC0FB119E27920CF2845D4144638115BA6739A68138075C12D57FD5
machine_reuse/objects/evidence_8x_nearest/TXT_GAMMA_011__ORIGINAL_OVERLAY_MASK__8x_nearest.png,5441,2026-08-24T20:44:54.528107Z,57A0DC8925E2CB00C78C52B28528D173E901F33E38A98809A4A193F014BDE772
machine_reuse/objects/evidence_8x_nearest/TXT_GAMMA_012__ORIGINAL_OVERLAY_MASK__8x_nearest.png,5115,2026-08-24T20:44:54.542979Z,78D794781D860391F00805021984CC72DC44901A914F8E7D4E42DCD924CC2991
machine_reuse/objects/evidence_8x_nearest/TXT_GAMMA_013__ORIGINAL_OVERLAY_MASK__8x_nearest.png,4343,2026-08-24T20:44:54.553750Z,450FB419C668DD37A343E83277DB0C283B384EC8FB6D791BFA21ED1F1FC56838
machine_reuse/objects/evidence_8x_nearest/TXT_GAMMA_014__ORIGINAL_OVERLAY_MASK__8x_nearest.png,3367,2026-08-24T20:44:54.563774Z,39BF2BEEEDF2CFDC6D2AD60A14FBD20E59603B90FEF176D4E5415075031B40F2
machine_reuse/objects/evidence_8x_nearest/TXT_LDA_001__ORIGINAL_OVERLAY_MASK__8x_nearest.png,3914,2026-08-24T20:44:58.193194Z,5F5EC718041285658892AB07C08BB9C1124E7BAB421B45C07E05A6B672AE6FCD
machine_reuse/objects/evidence_8x_nearest/TXT_LDA_002__ORIGINAL_OVERLAY_MASK__8x_nearest.png,6800,2026-08-24T20:44:58.207478Z,0CE08F67A891B59000491787448E19E00AC9282919C903E46A1E66D1EB372657
machine_reuse/objects/evidence_8x_nearest/TXT_LDA_003__ORIGINAL_OVERLAY_MASK__8x_nearest.png,3414,2026-08-24T20:44:58.219800Z,F6F23824D3C6F7F69CE07E22BB9094C2F5A39C1CE2B5DC1D7FA940BBA07C393E
machine_reuse/objects/evidence_8x_nearest/TXT_LDA_004__ORIGINAL_OVERLAY_MASK__8x_nearest.png,6006,2026-08-24T20:44:58.234046Z,44A123CDFBD565A2498FA36D8716D5D752FC49AAF0F2591F273D004437D55042
machine_reuse/objects/evidence_8x_nearest/TXT_LDA_005__ORIGINAL_OVERLAY_MASK__8x_nearest.png,5717,2026-08-24T20:44:58.249416Z,84A267D4E077236A2FE43F23413C0DC1EE7FB1027C81C668CFCB997B0970673F
machine_reuse/objects/evidence_8x_nearest/TXT_LDA_006__ORIGINAL_OVERLAY_MASK__8x_nearest.png,4527,2026-08-24T20:44:58.262753Z,165FD00C9A3F05FB7DBA8D9FCCD3E3ABA0B455501A1C4695401C6C7D3B8BD120
machine_reuse/objects/evidence_8x_nearest/TXT_LDA_007__ORIGINAL_OVERLAY_MASK__8x_nearest.png,5309,2026-08-24T20:44:58.275069Z,981921933A0F297E73281445C65B8500D8D9C328AF5851B3D5A167A154AC3D59
machine_reuse/objects/evidence_8x_nearest/TXT_LDA_008__ORIGINAL_OVERLAY_MASK__8x_nearest.png,3617,2026-08-24T20:44:58.287743Z,29ACE035994B77AB129B29958A0CB2D12E92C4F98EDA9793605FCDDF8AB09AB0
machine_reuse/objects/evidence_8x_nearest/TXT_LDA_009__ORIGINAL_OVERLAY_MASK__8x_nearest.png,7340,2026-08-24T20:44:58.301993Z,BCCB258330510F0391C04A20D46B617E027D5C05845BEF97D7DFAFDB5F587960
machine_reuse/objects/evidence_8x_nearest/TXT_LDA_010__ORIGINAL_OVERLAY_MASK__8x_nearest.png,3864,2026-08-24T20:44:58.315283Z,4AB822E814F0483316B1ACE6F355ABE3B6340A764E0CBA9B8D279B172E7A10C6
machine_reuse/objects/evidence_8x_nearest/TXT_LDA_011__ORIGINAL_OVERLAY_MASK__8x_nearest.png,3571,2026-08-24T20:44:58.327513Z,40A10ED11A93BE13CCFAE212ABEBC7B2E667C797A04B7FDC6CADAB278B6268CC
machine_reuse/objects/evidence_8x_nearest/TXT_LDA_012__ORIGINAL_OVERLAY_MASK__8x_nearest.png,5641,2026-08-24T20:44:58.340792Z,1CD6E393D56AD6C4154980FF5415C53175477746B0DF8A9D591ECFAD0998C654
machine_reuse/objects/evidence_8x_nearest/TXT_MOM_001__ORIGINAL_OVERLAY_MASK__8x_nearest.png,5340,2026-08-24T20:44:57.775786Z,2611E223A81DFF455DDA28A123D9A72977ED51F29F5F89E28085C6729E0B6B5D
machine_reuse/objects/evidence_8x_nearest/TXT_MOM_002__ORIGINAL_OVERLAY_MASK__8x_nearest.png,4402,2026-08-24T20:44:57.787568Z,E96081271B27B792B3ADA6A43E672D84CDAB3EF0F660D50E64E21BB59706362F
machine_reuse/objects/evidence_8x_nearest/TXT_MOM_003__ORIGINAL_OVERLAY_MASK__8x_nearest.png,4057,2026-08-24T20:44:57.799868Z,43042ECB275B6ACE88059C63B6AE49AADD1492C85DE308762972EF443F66D48C
machine_reuse/objects/evidence_8x_nearest/TXT_MOM_004__ORIGINAL_OVERLAY_MASK__8x_nearest.png,6860,2026-08-24T20:44:57.813154Z,B50CFEC8F93EE8A740266F6937A3B96050F59EBDF19A52068F6CE847F4D67207
machine_reuse/objects/evidence_8x_nearest/TXT_MOM_005__ORIGINAL_OVERLAY_MASK__8x_nearest.png,5547,2026-08-24T20:44:57.826492Z,6FF390FD9ECEBC3CF35DEA0E4CBA1F9AB88B54AF6B040BC19C67A2236320985E
machine_reuse/objects/evidence_8x_nearest/TXT_MOM_006__ORIGINAL_OVERLAY_MASK__8x_nearest.png,5994,2026-08-24T20:44:57.839840Z,736C7F2CE6151F691868636A93E03ADD639664C945E6848000F5D006C7EA9942
machine_reuse/objects/evidence_8x_nearest/TXT_MOM_007__ORIGINAL_OVERLAY_MASK__8x_nearest.png,5212,2026-08-24T20:44:57.853152Z,78E78D170801882825213AB1C0AB75422E84D7E3EE4625EBB613C1F35A2E8BD7
machine_reuse/objects/evidence_8x_nearest/TXT_MOM_008__ORIGINAL_OVERLAY_MASK__8x_nearest.png,7435,2026-08-24T20:44:57.866488Z,B0FFBFAF67FCDB918F07C9E65BFDD75FDE9415F8BABB0F8554F96E5131710BDB
machine_reuse/objects/evidence_8x_nearest/TXT_MOM_009__ORIGINAL_OVERLAY_MASK__8x_nearest.png,5176,2026-08-24T20:44:57.879816Z,DF8FECA9854CD5E091D35171F6C3568FC1C7C7423A1632AF69D196B1FF0FD80F
machine_reuse/objects/evidence_8x_nearest/TXT_POSTERIOR_001__ORIGINAL_OVERLAY_MASK__8x_nearest.png,4260,2026-08-24T20:44:55.636460Z,8B98EC2948456459AF05FDC6C7E17F9B3CD053354AD2939EA6F95129C30D23D8
machine_reuse/objects/evidence_8x_nearest/TXT_POSTERIOR_002__ORIGINAL_OVERLAY_MASK__8x_nearest.png,5390,2026-08-24T20:44:55.648028Z,1A6605FBAC01CDF9AE2873158F05DD7FC70D59C1F8077833022D522DDF837F92
machine_reuse/objects/evidence_8x_nearest/TXT_POSTERIOR_003__ORIGINAL_OVERLAY_MASK__8x_nearest.png,6524,2026-08-24T20:44:55.661062Z,7611C4FE791BE634FDA2C8AC53A3DC10F836E35C3C57E147978C69D983F35A56
machine_reuse/objects/evidence_8x_nearest/TXT_POSTERIOR_004__ORIGINAL_OVERLAY_MASK__8x_nearest.png,4572,2026-08-24T20:44:55.672600Z,1321AB747AC9FB3F4DAC81A205A238D84CEDB8E551E715E41918D2703944E90E
machine_reuse/objects/evidence_8x_nearest/TXT_POSTERIOR_005__ORIGINAL_OVERLAY_MASK__8x_nearest.png,4135,2026-08-24T20:44:55.684860Z,FE52ED1B42D8EB114EA7DFC83A02ED6FA795F471D9CA641A4550D539D1F60CCF
machine_reuse/objects/evidence_8x_nearest/TXT_POSTERIOR_006__ORIGINAL_OVERLAY_MASK__8x_nearest.png,4112,2026-08-24T20:44:55.695703Z,452ECD0CFE57F0404BD5EA810E23B2B8E6BCFAE236E25440ECF7F2ACEE81A7A8
machine_reuse/objects/evidence_8x_nearest/TXT_POSTERIOR_007__ORIGINAL_OVERLAY_MASK__8x_nearest.png,3918,2026-08-24T20:44:55.707633Z,3C278EA7F948B1C918F612F754A35586D2CA84880BFC00CFA35443D2E12F7B96
machine_reuse/objects/evidence_8x_nearest/TXT_POSTERIOR_008__ORIGINAL_OVERLAY_MASK__8x_nearest.png,6666,2026-08-24T20:44:55.719977Z,A5192A4FE175D564EABA30817FE5E06A3D96FE46E1054296397190EDB983AC11
machine_reuse/objects/evidence_8x_nearest/TXT_PREDICTIVE_001__ORIGINAL_OVERLAY_MASK__8x_nearest.png,3916,2026-08-24T20:44:56.877321Z,AF9EB3B6BE8AAEAA3B74011DEC9FBD6A15E45D952ECD0536B1E2B53CF86174DA
machine_reuse/objects/evidence_8x_nearest/TXT_PREDICTIVE_002__ORIGINAL_OVERLAY_MASK__8x_nearest.png,6819,2026-08-24T20:44:56.891094Z,DD2E1D6E2AA5CE041AE2BBB0145DBC28A65B85B0113626703553BCE59203DBB2
machine_reuse/objects/evidence_8x_nearest/TXT_PREDICTIVE_003__ORIGINAL_OVERLAY_MASK__8x_nearest.png,5499,2026-08-24T20:44:56.905581Z,90C141756D278E46F150E2BD53B7BAEECA793B9CC6F8931BC9697D69DB3F9CF5
machine_reuse/objects/evidence_8x_nearest/TXT_PREDICTIVE_004__ORIGINAL_OVERLAY_MASK__8x_nearest.png,5463,2026-08-24T20:44:56.917581Z,9A6BA3B05BEF754812A799CF6AB76F65FF0F9E1E9E6CB80D19D8C70EDECBBB4A
machine_reuse/objects/evidence_8x_nearest/TXT_PREDICTIVE_005__ORIGINAL_OVERLAY_MASK__8x_nearest.png,6140,2026-08-24T20:44:56.931664Z,C422EFC3D2DF9811CD7492264A8E705C6E0082BFD063DC6DCD2CF041B323B21B
machine_reuse/objects/evidence_8x_nearest/TXT_PREDICTIVE_006__ORIGINAL_OVERLAY_MASK__8x_nearest.png,5954,2026-08-24T20:44:56.944952Z,262F7F89EECDF76ED4A23D2CDBD54ABADDA9FF7EF1BD4110A65A18ABA8723330
machine_reuse/objects/evidence_8x_nearest/TXT_PREDICTIVE_007__ORIGINAL_OVERLAY_MASK__8x_nearest.png,5973,2026-08-24T20:44:56.958637Z,7158B54EAA4AB5C820E1CF08A9937AB85913995A8E5EDE2DE1A426A183A9625B
machine_reuse/objects/evidence_8x_nearest/TXT_PREDICTIVE_008__ORIGINAL_OVERLAY_MASK__8x_nearest.png,4966,2026-08-24T20:44:56.970687Z,6160C1DDE4E372B778F392D6F25BEBBA016E490399BF138634B1F81682FB3605
machine_reuse/objects/evidence_8x_nearest/TXT_PREDICTIVE_009__ORIGINAL_OVERLAY_MASK__8x_nearest.png,5689,2026-08-24T20:44:56.987499Z,00344E54F093C0C2A880684D0D4CC2107A33BD512C1EDE2067646214FE81C510
machine_reuse/objects/evidence_8x_nearest/TXT_PREDICTIVE_010__ORIGINAL_OVERLAY_MASK__8x_nearest.png,5463,2026-08-24T20:44:57.000729Z,9A6BA3B05BEF754812A799CF6AB76F65FF0F9E1E9E6CB80D19D8C70EDECBBB4A
machine_reuse/objects/evidence_8x_nearest/TXT_PREDICTIVE_011__ORIGINAL_OVERLAY_MASK__8x_nearest.png,5484,2026-08-24T20:44:57.013250Z,4FE9E3E70312E41BB1AE88636E17413C8BD782CAB00A493BB1FDEA315C6ACF47
machine_reuse/objects/evidence_8x_nearest/TXT_PREDICTIVE_012__ORIGINAL_OVERLAY_MASK__8x_nearest.png,4751,2026-08-24T20:44:57.026330Z,E40FB21A502425AA5D68F1DB2A8FF9834425D3880D8990173409980DF02E43F7
machine_reuse/objects/evidence_8x_nearest/TXT_PREDICTIVE_013__ORIGINAL_OVERLAY_MASK__8x_nearest.png,4865,2026-08-24T20:44:57.039674Z,9566DBBD6F265009664D3FE531C1FF1BE38155D4002E42B3C4E4A210E775497D
machine_reuse/objects/evidence_8x_nearest/TXT_PREDICTIVE_014__ORIGINAL_OVERLAY_MASK__8x_nearest.png,6115,2026-08-24T20:44:57.054697Z,734A3621C0B226FEA01DF9F84BF5C0463D5E5ECC6E4FF482429379B19C65898B
machine_reuse/objects/evidence_8x_nearest/TXT_PREDICTIVE_015__ORIGINAL_OVERLAY_MASK__8x_nearest.png,4500,2026-08-24T20:44:57.066700Z,8DF0E80D056CEA1E68B2822FB19212E76F18B8A5E478C8CE26AA4DB9CFEFF93A
machine_reuse/objects/evidence_8x_nearest/TXT_SIMPLEX_001__ORIGINAL_OVERLAY_MASK__8x_nearest.png,3982,2026-08-24T20:44:57.415929Z,3D56AA3D328B4B855C331898DCF1669EB67C445BCB80455E48A1E3E8783AD526
machine_reuse/objects/evidence_8x_nearest/TXT_SIMPLEX_002__ORIGINAL_OVERLAY_MASK__8x_nearest.png,5282,2026-08-24T20:44:57.429240Z,A9E935EE6F9C6F9ACD210EEBBAC5F352DC5B8ECDC2F39B8358CDE832C5E89997
machine_reuse/objects/evidence_8x_nearest/TXT_SIMPLEX_003__ORIGINAL_OVERLAY_MASK__8x_nearest.png,5422,2026-08-24T20:44:57.443600Z,03F56D6DF92C3E2B54EA29CF135B535537CBCE3B836D8EE414D15AC555002AE9
machine_reuse/objects/evidence_8x_nearest/TXT_SIMPLEX_004__ORIGINAL_OVERLAY_MASK__8x_nearest.png,3461,2026-08-24T20:44:57.456817Z,F86EE4885CA1A67BA39F52D3519C2AC47E9958BBD19E4D10017476C64D6E9624
machine_reuse/objects/evidence_8x_nearest/TXT_SIMPLEX_005__ORIGINAL_OVERLAY_MASK__8x_nearest.png,3868,2026-08-24T20:44:57.469181Z,BC0A093DDCA46F681444DDB1B2D3F7B641F2B1E11316D15364758E2D298B34E1
machine_reuse/objects/evidence_8x_nearest/TXT_TRIAL_001__ORIGINAL_OVERLAY_MASK__8x_nearest.png,6120,2026-08-24T20:44:54.120349Z,B35CB7DE0BB5E4863EE28CFFB5A3B90EFCF4BC648D32D563DAD42835397ACC29
machine_reuse/objects/evidence_8x_nearest/TXT_TRIAL_002__ORIGINAL_OVERLAY_MASK__8x_nearest.png,4526,2026-08-24T20:44:54.131983Z,0307A4D4DFB5F1959BC8F61DE1321484D7E9A3301DA55C35EBD4A4688F24718A
machine_reuse/objects/evidence_8x_nearest/TXT_TRIAL_003__ORIGINAL_OVERLAY_MASK__8x_nearest.png,3656,2026-08-24T20:44:54.142405Z,859C108DF576F581D80A1B0EBABF96C926828039EBFB5CB76A5545E45548B046
machine_reuse/objects/evidence_8x_nearest/TXT_TRIAL_004__ORIGINAL_OVERLAY_MASK__8x_nearest.png,7435,2026-08-24T20:44:54.155021Z,B0FFBFAF67FCDB918F07C9E65BFDD75FDE9415F8BABB0F8554F96E5131710BDB
machine_reuse/objects/pre_masks/FRM_POSTERIOR_FORMULA_001.png,288,2026-08-24T20:44:55.559296Z,0CA18D6C7A57526954BC3684378C1B57E1B6583BF70DFEB68DECB468FBA62777
machine_reuse/objects/pre_masks/FRM_POSTERIOR_FORMULA_002.png,347,2026-08-24T20:44:55.585012Z,776B0CB88469EC761EFAA929B26BE6FF5B743AA3354CFBE9FBC3167F9F034889
machine_reuse/objects/pre_masks/FRM_POSTERIOR_FORMULA_003.png,179,2026-08-24T20:44:55.599920Z,84B896F6563CB54B5D3E724F50E4AA0B8E6610B03A6225B50EA7ACEB24A8F5F0
machine_reuse/objects/pre_masks/FRM_POSTERIOR_FORMULA_004.png,108,2026-08-24T20:44:55.609031Z,20DBF3C6C0DD9AF0517897910C8550BE086A745A48F178BFD1990DC54C41329E
machine_reuse/objects/pre_masks/FRM_POSTERIOR_FORMULA_005.png,176,2026-08-24T20:44:55.619517Z,FAB564AC611E03FBC1C5EF9EC8B9A08AC9CE374DDFADC13C7FB382087C27A1E7
machine_reuse/objects/pre_masks/FRM_PREDICTIVE_FORMULA_001.png,173,2026-08-24T20:44:56.805236Z,A964F3F1FD2AFE809A66DDD1C3CE602F62709722BEE21ED3E496BF3AEFC4BE0A
machine_reuse/objects/pre_masks/FRM_PREDICTIVE_FORMULA_002.png,126,2026-08-24T20:44:56.832701Z,27046FEF036DCCBAFEC839D93EBF37E58DD3CBE21F34482506E5A209918200FF
machine_reuse/objects/pre_masks/FRM_PREDICTIVE_FORMULA_003.png,108,2026-08-24T20:44:56.840178Z,20DBF3C6C0DD9AF0517897910C8550BE086A745A48F178BFD1990DC54C41329E
machine_reuse/objects/pre_masks/FRM_PREDICTIVE_FORMULA_004.png,175,2026-08-24T20:44:56.850374Z,DED0600FA1CBDB23C04FD9422BA761DD5F452B445E52C5D03D8EBAD5D956FE67
machine_reuse/objects/pre_masks/FRM_PREDICTIVE_FORMULA_005.png,126,2026-08-24T20:44:56.860203Z,27046FEF036DCCBAFEC839D93EBF37E58DD3CBE21F34482506E5A209918200FF
machine_reuse/objects/pre_masks/FRM_PREDICTIVE_FORMULA_006.png,173,2026-08-24T20:44:57.087049Z,A964F3F1FD2AFE809A66DDD1C3CE602F62709722BEE21ED3E496BF3AEFC4BE0A
machine_reuse/objects/pre_masks/FRM_PREDICTIVE_FORMULA_007.png,144,2026-08-24T20:44:57.096050Z,31E4E0ACB93FB32059D326D77F00575293F2CAA8835F4ADAD76BF09588341066
machine_reuse/objects/pre_masks/FRM_PREDICTIVE_FORMULA_008.png,108,2026-08-24T20:44:57.104050Z,20DBF3C6C0DD9AF0517897910C8550BE086A745A48F178BFD1990DC54C41329E
machine_reuse/objects/pre_masks/FRM_PREDICTIVE_FORMULA_009.png,213,2026-08-24T20:44:57.112049Z,2ECA4B36B7DB65C37A3CFB17BDBB22E5EC656A4CC98864654743FD9E595E5338
machine_reuse/objects/pre_masks/FRM_TRIAL_005.png,160,2026-08-24T20:44:54.099674Z,F7E4840D372D1BF2EB03ADF06A290311B673B3F2BD377B5F9E832151A85FC3CC
machine_reuse/objects/pre_masks/GFX_HEAD_FAMILIES_TO_POSTERIOR.png,152,2026-08-24T20:44:58.395509Z,9D42847E0B4B8949A0F8D4BD157A185240855C4562DCC8F73ACA900D0D8B518E
machine_reuse/objects/pre_masks/GFX_HEAD_GAMMA_TO_FAMILIES.png,151,2026-08-24T20:44:58.375549Z,7D3362C41027122691A5B49E24FEBEC49EFE73D0B6A93347C61733A61B7FFEA3
machine_reuse/objects/pre_masks/GFX_HEAD_POSTERIOR_TO_PREDICTIVE.png,160,2026-08-24T20:44:58.414966Z,21AFE58AB72EC9FBE9A80092AA3105664626F79810931B02CA3A60B397CE899D
machine_reuse/objects/pre_masks/GFX_HEAD_PREDICTIVE_TO_LDA.png,164,2026-08-24T20:44:58.481518Z,D863EC21334F5924D4405B07E98493319C2BA7AB685BA7F040568938DF82315A
machine_reuse/objects/pre_masks/GFX_HEAD_TRIAL_TO_FAMILIES.png,145,2026-08-24T20:44:58.353012Z,42B453F077FF96FC1433152740E9FC6CC0D768F0C71AC54B5D6FD87B575DFC8B
machine_reuse/objects/pre_masks/GFX_LINE_FAMILIES_TO_POSTERIOR.png,84,2026-08-24T20:44:58.387341Z,1514FDF059FFECBD15720272826C2BF7940035CE1516F65B4CD026852CBAA04D
machine_reuse/objects/pre_masks/GFX_LINE_FAMILIES_TO_SIMPLEX.png,205,2026-08-24T20:44:58.426214Z,9A2F24CB0680A92DFD1E600C32EB96CFFE9192C8D8C0E50BABC2D649A4C1C87C
machine_reuse/objects/pre_masks/GFX_LINE_GAMMA_TO_FAMILIES.png,124,2026-08-24T20:44:58.364234Z,908A4E75E845447997E160EF36E85053E26A1BA39BC27B186DA454A29D4FE57D
machine_reuse/objects/pre_masks/GFX_LINE_POSTERIOR_TO_MOM.png,125,2026-08-24T20:44:58.455912Z,4B31E754D656063A16A2DC33A53D326FAB91272E6BE308A42AB39E6E1303828C
machine_reuse/objects/pre_masks/GFX_LINE_POSTERIOR_TO_PREDICTIVE.png,75,2026-08-24T20:44:58.406723Z,A16D9B835017E2C3CE22529A1DC3ACC4B2FED021D33335447B6FAE6E700B7634
machine_reuse/objects/pre_masks/GFX_LINE_PREDICTIVE_TO_LDA.png,121,2026-08-24T20:44:58.471255Z,1546D8C7F677E7C4EC58E1F8FE037BD066B280302FF993BA9036DA175DD9B1B7
machine_reuse/objects/pre_masks/GFX_LINE_TRIAL_TO_FAMILIES.png,124,2026-08-24T20:44:58.342830Z,137C211E3C30CD452487EF1617A29DF4ABD1F973667705E8A946F7E0D425EC6D
machine_reuse/objects/pre_masks/GFX_MATH_RULE_PREDICTIVE_FRACTION.png,84,2026-08-24T20:44:57.068971Z,FE0C34B35BECEC11E913DDF7D32F85FEEDA9ADD8F92B4A1D3523497D478F4CDA
machine_reuse/objects/pre_masks/GFX_NODE_BORDER_FAMILIES.png,514,2026-08-24T20:44:54.567198Z,A2A849879609BA097E6E1A1DEB16EAF99AD711C01998FA589FAB039103A812C7
machine_reuse/objects/pre_masks/GFX_NODE_BORDER_GAMMA.png,475,2026-08-24T20:44:54.157314Z,4CB54D63D21F7335C541CE7B0B96C1A77612F3FC71F386FEBD7260D414738995
machine_reuse/objects/pre_masks/GFX_NODE_BORDER_LDA.png,454,2026-08-24T20:44:57.883425Z,B609B59DD9916EB9484E2A2571BEABDB5D564EA62C3B9F82DC955B1F4B78A49B
machine_reuse/objects/pre_masks/GFX_NODE_BORDER_MOM.png,462,2026-08-24T20:44:57.471214Z,DA9E719354A2963E2EFDDACD73F50090AEC1032B82DD1CA6DB132EFF961AA221
machine_reuse/objects/pre_masks/GFX_NODE_BORDER_POSTERIOR.png,652,2026-08-24T20:44:55.018903Z,A106D744FF51D32A93ECACC78537FF19AE950B8F0B2079246110DCE38C395AC1
machine_reuse/objects/pre_masks/GFX_NODE_BORDER_PREDICTIVE.png,979,2026-08-24T20:44:55.724121Z,4B1431F7F943EA3CBC1841A3B7EB4C3520988BA4AC108DEC8EADCCDA80E0BDD5
machine_reuse/objects/pre_masks/GFX_NODE_BORDER_SIMPLEX.png,462,2026-08-24T20:44:57.126234Z,8EDD30035428D1F6CE9CB633093531A60C33397B3FC05D0DE99BC82CC8F5E4B2
machine_reuse/objects/pre_masks/GFX_NODE_BORDER_TRIAL.png,468,2026-08-24T20:44:53.858583Z,EBD1C312E36E684B17C7BA47DA393B53E575FF72F13AE87603F916BBD79E2918
machine_reuse/objects/pre_masks/TXT_APPLICATION_001.png,227,2026-08-24T20:44:58.494305Z,C14BDCCBAA2274A7FC431F2DDB0F1F058D16BEC01B84BF5CF294AF10C3991BDB
machine_reuse/objects/pre_masks/TXT_APPLICATION_002.png,158,2026-08-24T20:44:58.506540Z,2F067F68900EB9ABE294187C9A3F584BDBD49F073599C820646435214D863CBB
machine_reuse/objects/pre_masks/TXT_FAMILIES_001.png,258,2026-08-24T20:44:54.899056Z,27857F35D946903447AC64FEEB21AB126A8BA0B13858241A3F2210EE3AAC6B5E
machine_reuse/objects/pre_masks/TXT_FAMILIES_002.png,232,2026-08-24T20:44:54.914216Z,7FA5D7B0FDBAB434A0AB419975EAFF6C2A9AD12694EB1A776B6FE586084289CF
machine_reuse/objects/pre_masks/TXT_FAMILIES_003.png,233,2026-08-24T20:44:54.926025Z,2886162BD2498B6BF0E2BCD5A43F895B625D1217C06176F60B7C4C9D7A1812AE
machine_reuse/objects/pre_masks/TXT_FAMILIES_004.png,201,2026-08-24T20:44:54.936356Z,62B60D3776ECCFC9A0EEB86B6C9E2F916A6AE76A099365ACCE43FA9E5D4926FC
machine_reuse/objects/pre_masks/TXT_FAMILIES_005.png,198,2026-08-24T20:44:54.945884Z,4AAE5B769E86F96FC73EF359B1F3A59A6B6EEB266F60F94EE617C079570CA286
machine_reuse/objects/pre_masks/TXT_FAMILIES_006.png,284,2026-08-24T20:44:54.955903Z,0F6D91AA5CCB36185D26A7076400BBA6EDF859FB8D7C11A2410B607F8EB9538F
machine_reuse/objects/pre_masks/TXT_FAMILIES_007.png,216,2026-08-24T20:44:54.965167Z,DC8187DEBFCDD866A592D024F882996077812D9B11A687231600869BFA38BA60
machine_reuse/objects/pre_masks/TXT_FAMILIES_008.png,201,2026-08-24T20:44:54.975980Z,9D7062E5CAEB825E6D4D415DC362321C7912E60920DB5D1810550F127E1D4B57
machine_reuse/objects/pre_masks/TXT_FAMILIES_009.png,196,2026-08-24T20:44:54.986161Z,EEF937A5C48447EDFC8790979EBEF9D4EDF67AD4A968D230D0BFEF334BCA8270
machine_reuse/objects/pre_masks/TXT_FAMILIES_010.png,218,2026-08-24T20:44:54.995584Z,385E1556A7205DB15C3CB7C668A476F46241FD429948F873798F38379F06C868
machine_reuse/objects/pre_masks/TXT_FAMILIES_011.png,292,2026-08-24T20:44:55.007169Z,1DF6DDA584B114257C8875BF22AE91CA92DD30255029DB35B41E23258D6FDE67
machine_reuse/objects/pre_masks/TXT_GAMMA_001.png,186,2026-08-24T20:44:54.433354Z,8C3B3B22B63021320FBD7AAC8848100CB93986EBE304D3957DB9C188FFADA3AF
machine_reuse/objects/pre_masks/TXT_GAMMA_002.png,160,2026-08-24T20:44:54.447490Z,08FD79613BB57E39C63AEE7482EE46A12092E4BBCC20FE49B0B06FDA060956D4
machine_reuse/objects/pre_masks/TXT_GAMMA_003.png,149,2026-08-24T20:44:54.455490Z,FB62599717675D0728E955D821B1FAAD0FB257994084E5C4F2AA5716382AC98D
machine_reuse/objects/pre_masks/TXT_GAMMA_004.png,148,2026-08-24T20:44:54.463494Z,CDDA58618703B8676B5ED2BFF58391C8B618FEC6B506153473C7187C748C2F10
machine_reuse/objects/pre_masks/TXT_GAMMA_005.png,156,2026-08-24T20:44:54.472893Z,B7D568A931F1EEA24A3D3D01266243A48199C6865837B785215C3BF3252412C5
machine_reuse/objects/pre_masks/TXT_GAMMA_006.png,196,2026-08-24T20:44:54.480138Z,B5434B88B2531918B76BFCF2F495B09E91D980F0CBFD23002CABE829BC346D95
machine_reuse/objects/pre_masks/TXT_GAMMA_007.png,157,2026-08-24T20:44:54.489539Z,9F34E1FFD28BC47921CDA8EDCAACDF7676F3A1B6253107DBC39DA7D67A942C02
machine_reuse/objects/pre_masks/TXT_GAMMA_008.png,151,2026-08-24T20:44:54.497936Z,9E1C2C00E77584BBB15B64A30BA391516602B3699A4E8F85492718891850E8EC
machine_reuse/objects/pre_masks/TXT_GAMMA_009.png,121,2026-08-24T20:44:54.504009Z,3BF8467EE4A5947B40A1F85C5254EF5F3CDC150B5C00D7B075D363B2895BBDF0
machine_reuse/objects/pre_masks/TXT_GAMMA_010.png,156,2026-08-24T20:44:54.511271Z,B7D568A931F1EEA24A3D3D01266243A48199C6865837B785215C3BF3252412C5
machine_reuse/objects/pre_masks/TXT_GAMMA_011.png,245,2026-08-24T20:44:54.517667Z,9D65B65DB243FD6403E2B247B7B653200168162379025F01C049B735D304EF0E
machine_reuse/objects/pre_masks/TXT_GAMMA_012.png,238,2026-08-24T20:44:54.530610Z,CC8CD5E2FC2AB237D287CCC25A4D84FDE6B59EEEC91750E51D8CC713D657F78E
machine_reuse/objects/pre_masks/TXT_GAMMA_013.png,211,2026-08-24T20:44:54.544979Z,35E4BBA94E3875C5FC796108EC8AC798839E08347BE1D24FF4F152AD9E461B93
machine_reuse/objects/pre_masks/TXT_GAMMA_014.png,175,2026-08-24T20:44:54.554750Z,2BE4BEEDDFF6D240FAB4CFA419D28F5A53E1FA6736053FDC91368EADE310C2C5
machine_reuse/objects/pre_masks/TXT_LDA_001.png,181,2026-08-24T20:44:58.178370Z,E78F2BDD1739C72EC2BED3B63B01142C59D3A136075BAE9A950D04D5D754EA07
machine_reuse/objects/pre_masks/TXT_LDA_002.png,296,2026-08-24T20:44:58.195240Z,E663EE655E5D28D94621C820E70E53951B1AABB900AEFDD829E8ED3B5092628B
machine_reuse/objects/pre_masks/TXT_LDA_003.png,164,2026-08-24T20:44:58.210553Z,02F1FB7602D3CB3A8CED9C5BD898544F80CF798536763D25B5F13FC7529DC259
machine_reuse/objects/pre_masks/TXT_LDA_004.png,265,2026-08-24T20:44:58.222828Z,EB262901B4D6FDD4F1F7E39F9E94D177DA1BD7ACA044760523D0FA88D093D9DF
machine_reuse/objects/pre_masks/TXT_LDA_005.png,269,2026-08-24T20:44:58.238106Z,516FED914AB7FD7BEA5245F832754EF6BA7022592C01E35CD55CBFE9D26D3839
machine_reuse/objects/pre_masks/TXT_LDA_006.png,203,2026-08-24T20:44:58.252483Z,26868165417A7B43E1257D038C769481382A0600F190941E58F1CF7E33FB7586
machine_reuse/objects/pre_masks/TXT_LDA_007.png,240,2026-08-24T20:44:58.264781Z,3EE13A218621B69344FD8742D97F73666AC220E711A0942B4131A058B36FBC0D
machine_reuse/objects/pre_masks/TXT_LDA_008.png,188,2026-08-24T20:44:58.278106Z,B3B494538A3A987CC61A781BC33FA97DABB904ACF4A92D95068ADE6AD438F34D
machine_reuse/objects/pre_masks/TXT_LDA_009.png,295,2026-08-24T20:44:58.289767Z,9942CA062451AFA182CC761AB7A210BC0956940FB5ACCD65ACDF4B4BEA7B3521
machine_reuse/objects/pre_masks/TXT_LDA_010.png,196,2026-08-24T20:44:58.305077Z,B5434B88B2531918B76BFCF2F495B09E91D980F0CBFD23002CABE829BC346D95
machine_reuse/objects/pre_masks/TXT_LDA_011.png,172,2026-08-24T20:44:58.317308Z,1AE4CD7AA23CA4883B941D6F8DCAF2B03918D25A0FDB79C358389276C0D297AE
machine_reuse/objects/pre_masks/TXT_LDA_012.png,262,2026-08-24T20:44:58.329546Z,359BF8830ACD1E25264E5CFEDB6BBC8D3EF28D394B3F7710C057A01ABB21E847
machine_reuse/objects/pre_masks/TXT_MOM_001.png,258,2026-08-24T20:44:57.761449Z,E93AC069DAACAA8857EB568574AFF24CC268684E6F2FF1C98E8F4FB3920C904E
machine_reuse/objects/pre_masks/TXT_MOM_002.png,212,2026-08-24T20:44:57.777820Z,78136D9652AB106A95BE0E9D8FD036878B52F0CE3966161AAEDDDE4CDBDFC4F0
machine_reuse/objects/pre_masks/TXT_MOM_003.png,198,2026-08-24T20:44:57.789604Z,4AAE5B769E86F96FC73EF359B1F3A59A6B6EEB266F60F94EE617C079570CA286
machine_reuse/objects/pre_masks/TXT_MOM_004.png,298,2026-08-24T20:44:57.801898Z,FC2C629A2BF3C9DD8FBE98E912857408803C4BF442417F26F7A4280E4D8F7593
machine_reuse/objects/pre_masks/TXT_MOM_005.png,247,2026-08-24T20:44:57.816198Z,6FC03A73688A1F8481AA1AAA882429A5E8E7A478C12E8635CBDF932C49EFE940
machine_reuse/objects/pre_masks/TXT_MOM_006.png,261,2026-08-24T20:44:57.828576Z,639DCBEB7743BD7B51CF24B58C242FD84C753A02CB9BC846892FCFA9E54D119D
machine_reuse/objects/pre_masks/TXT_MOM_007.png,248,2026-08-24T20:44:57.841865Z,38B09FC20FF5B4E3BCE172F193A91978615854F90BA3BB9D608B08A871F7799A
machine_reuse/objects/pre_masks/TXT_MOM_008.png,299,2026-08-24T20:44:57.855184Z,8008E2B02C9446AA21AF3CC46D87319C37D52B557AC77A702344537575EE23EA
machine_reuse/objects/pre_masks/TXT_MOM_009.png,245,2026-08-24T20:44:57.868539Z,06A669565F0AB3561E12EFD8F248C1935A5B11045CAD13002C0E9742DC4C201D
machine_reuse/objects/pre_masks/TXT_POSTERIOR_001.png,196,2026-08-24T20:44:55.626921Z,CCC6D73FF44E6A875E5C33361882258DCED46CE303AAA90F5FCF3D14200C5C4C
machine_reuse/objects/pre_masks/TXT_POSTERIOR_002.png,257,2026-08-24T20:44:55.638808Z,94F6E3C19A2938BD0AB3B22B1148BBCEBFC709BB6E34205A29BCBA06CD3FA1C7
machine_reuse/objects/pre_masks/TXT_POSTERIOR_003.png,284,2026-08-24T20:44:55.650050Z,CF639E4E80C1FDAC07F9072DD9C116C71CAB25328EEFD7379AF1F96B9573861A
machine_reuse/objects/pre_masks/TXT_POSTERIOR_004.png,216,2026-08-24T20:44:55.663236Z,DC8187DEBFCDD866A592D024F882996077812D9B11A687231600869BFA38BA60
machine_reuse/objects/pre_masks/TXT_POSTERIOR_005.png,201,2026-08-24T20:44:55.675331Z,9D7062E5CAEB825E6D4D415DC362321C7912E60920DB5D1810550F127E1D4B57
machine_reuse/objects/pre_masks/TXT_POSTERIOR_006.png,203,2026-08-24T20:44:55.686865Z,C36DD4AA6CED543F5124E5D72476359F1CF57F75CBD83729DFC4AD901D219A3F
machine_reuse/objects/pre_masks/TXT_POSTERIOR_007.png,187,2026-08-24T20:44:55.698101Z,A51FB0508014B03F53D67F8EDDB14B8076B0E10CC28DD72C922001D882DCF853
machine_reuse/objects/pre_masks/TXT_POSTERIOR_008.png,291,2026-08-24T20:44:55.709638Z,FC3D990A6DE231469DFEE9B7FDBE36F2BC4D7E3EB88A737E8C404E671976D0C8
machine_reuse/objects/pre_masks/TXT_PREDICTIVE_001.png,181,2026-08-24T20:44:56.868207Z,E78F2BDD1739C72EC2BED3B63B01142C59D3A136075BAE9A950D04D5D754EA07
machine_reuse/objects/pre_masks/TXT_PREDICTIVE_002.png,292,2026-08-24T20:44:56.880013Z,8EC8338AFFD411B22974BE7C58134BA852B36E82593B24119A5B386109A66618
machine_reuse/objects/pre_masks/TXT_PREDICTIVE_003.png,252,2026-08-24T20:44:56.894437Z,EF77573046E1250D486B32EFC51E9CE233908357E083A12BD6126984ACBF8089
machine_reuse/objects/pre_masks/TXT_PREDICTIVE_004.png,252,2026-08-24T20:44:56.907582Z,BE7872B2EA0375C0083E3936C738C1C868F1F53B9B0B37918E1532918D27F156
machine_reuse/objects/pre_masks/TXT_PREDICTIVE_005.png,280,2026-08-24T20:44:56.920666Z,C054721594DBCF9CD1A9C8C8B38585C31C2A491E154261014941441A2133FF8D
machine_reuse/objects/pre_masks/TXT_PREDICTIVE_006.png,246,2026-08-24T20:44:56.934868Z,109655758A690006A44A778E38C2E6DE25182B31EA94AC66D67EA6F16CD38B00
machine_reuse/objects/pre_masks/TXT_PREDICTIVE_007.png,273,2026-08-24T20:44:56.947952Z,2A67F28419E70A78DEE7DB899940A0F09F405FA654DCAC3CEC36D606DD6873CC
machine_reuse/objects/pre_masks/TXT_PREDICTIVE_008.png,230,2026-08-24T20:44:56.960638Z,AA9EED3FF85724BD84157C0EEFC7997D1B649DA5991F49142653F421C750CB05
machine_reuse/objects/pre_masks/TXT_PREDICTIVE_009.png,254,2026-08-24T20:44:56.974727Z,2FEA6BC5FC1782B36032C423F79F5CD1433992BA0FF671887FF0977F674365E9
machine_reuse/objects/pre_masks/TXT_PREDICTIVE_010.png,252,2026-08-24T20:44:56.989501Z,BE7872B2EA0375C0083E3936C738C1C868F1F53B9B0B37918E1532918D27F156
machine_reuse/objects/pre_masks/TXT_PREDICTIVE_011.png,254,2026-08-24T20:44:57.003754Z,5500D214C2E07064E5F5BF653D7AAA14FC2C1F925C97C082ECED76D9FF89BE06
machine_reuse/objects/pre_masks/TXT_PREDICTIVE_012.png,229,2026-08-24T20:44:57.017186Z,C6DEA97CF1827CA3D870F6BBD7A68A9756E5B64EC719D4E3430F6F6919CA9B21
machine_reuse/objects/pre_masks/TXT_PREDICTIVE_013.png,231,2026-08-24T20:44:57.028501Z,1D672B5040634D960677109DDDF25A9989990453485F230E6FD789AC63D5DE0D
machine_reuse/objects/pre_masks/TXT_PREDICTIVE_014.png,265,2026-08-24T20:44:57.042932Z,E488C2CC3EF596E4BA49479126EBB80300922EC98DD9C5CC01A6D9600E7E306B
machine_reuse/objects/pre_masks/TXT_PREDICTIVE_015.png,215,2026-08-24T20:44:57.056696Z,D033E133483081869FB9DD50CA42E401F53C5DE44C7DA2C5D69BD45CEAD41D41
machine_reuse/objects/pre_masks/TXT_SIMPLEX_001.png,189,2026-08-24T20:44:57.400499Z,28FC63430E1A3CE9043595750E98EE6D35B2EC8C546EFC6968A3B7700F8B7EF4
machine_reuse/objects/pre_masks/TXT_SIMPLEX_002.png,249,2026-08-24T20:44:57.417965Z,2886644E1AFC38FF3739AD2AC7C738774044AA2CD33913AE4FBA24B07C559B8E
machine_reuse/objects/pre_masks/TXT_SIMPLEX_003.png,243,2026-08-24T20:44:57.431260Z,E1CC6ACC02D334874A2AEFA56007C591B0E24B9687126BD6687CC142B70ECBFD
machine_reuse/objects/pre_masks/TXT_SIMPLEX_004.png,161,2026-08-24T20:44:57.446662Z,4407821D9B40F2EDA1F8BF9FDF076856A2B782B4A425F2FCBB9F2413F286A2C3
machine_reuse/objects/pre_masks/TXT_SIMPLEX_005.png,198,2026-08-24T20:44:57.458937Z,E287A9998438225EECB39683B3F0E67BBE93CE7621F896E633E76F1433D3BB20
machine_reuse/objects/pre_masks/TXT_TRIAL_001.png,265,2026-08-24T20:44:54.109233Z,DD4B845637749319A087535A29A90A0268D194DD2CB3E67775F1A878163A9C62
machine_reuse/objects/pre_masks/TXT_TRIAL_002.png,213,2026-08-24T20:44:54.122359Z,16C7159601661D61EF15A53F51859053C29CBA42BE4A580D8063447BCF0BF184
machine_reuse/objects/pre_masks/TXT_TRIAL_003.png,196,2026-08-24T20:44:54.134983Z,CB4ABEBDF1176B204BD946B61AC819BB4E6018F0BA28AD944E2360D5AEC790AD
machine_reuse/objects/pre_masks/TXT_TRIAL_004.png,299,2026-08-24T20:44:54.145633Z,8008E2B02C9446AA21AF3CC46D87319C37D52B557AC77A702344537575EE23EA
machine_reuse/objects/raw_masks/FRM_POSTERIOR_FORMULA_001.png,288,2026-08-24T20:44:55.557910Z,0CA18D6C7A57526954BC3684378C1B57E1B6583BF70DFEB68DECB468FBA62777
machine_reuse/objects/raw_masks/FRM_POSTERIOR_FORMULA_002.png,347,2026-08-24T20:44:55.584013Z,776B0CB88469EC761EFAA929B26BE6FF5B743AA3354CFBE9FBC3167F9F034889
machine_reuse/objects/raw_masks/FRM_POSTERIOR_FORMULA_003.png,179,2026-08-24T20:44:55.598814Z,84B896F6563CB54B5D3E724F50E4AA0B8E6610B03A6225B50EA7ACEB24A8F5F0
machine_reuse/objects/raw_masks/FRM_POSTERIOR_FORMULA_004.png,108,2026-08-24T20:44:55.609031Z,20DBF3C6C0DD9AF0517897910C8550BE086A745A48F178BFD1990DC54C41329E
machine_reuse/objects/raw_masks/FRM_POSTERIOR_FORMULA_005.png,176,2026-08-24T20:44:55.618518Z,FAB564AC611E03FBC1C5EF9EC8B9A08AC9CE374DDFADC13C7FB382087C27A1E7
machine_reuse/objects/raw_masks/FRM_PREDICTIVE_FORMULA_001.png,173,2026-08-24T20:44:56.804237Z,A964F3F1FD2AFE809A66DDD1C3CE602F62709722BEE21ED3E496BF3AEFC4BE0A
machine_reuse/objects/raw_masks/FRM_PREDICTIVE_FORMULA_002.png,126,2026-08-24T20:44:56.831699Z,27046FEF036DCCBAFEC839D93EBF37E58DD3CBE21F34482506E5A209918200FF
machine_reuse/objects/raw_masks/FRM_PREDICTIVE_FORMULA_003.png,108,2026-08-24T20:44:56.839177Z,20DBF3C6C0DD9AF0517897910C8550BE086A745A48F178BFD1990DC54C41329E
machine_reuse/objects/raw_masks/FRM_PREDICTIVE_FORMULA_004.png,175,2026-08-24T20:44:56.849374Z,DED0600FA1CBDB23C04FD9422BA761DD5F452B445E52C5D03D8EBAD5D956FE67
machine_reuse/objects/raw_masks/FRM_PREDICTIVE_FORMULA_005.png,126,2026-08-24T20:44:56.859203Z,27046FEF036DCCBAFEC839D93EBF37E58DD3CBE21F34482506E5A209918200FF
machine_reuse/objects/raw_masks/FRM_PREDICTIVE_FORMULA_006.png,173,2026-08-24T20:44:57.085619Z,A964F3F1FD2AFE809A66DDD1C3CE602F62709722BEE21ED3E496BF3AEFC4BE0A
machine_reuse/objects/raw_masks/FRM_PREDICTIVE_FORMULA_007.png,144,2026-08-24T20:44:57.095050Z,31E4E0ACB93FB32059D326D77F00575293F2CAA8835F4ADAD76BF09588341066
machine_reuse/objects/raw_masks/FRM_PREDICTIVE_FORMULA_008.png,108,2026-08-24T20:44:57.102049Z,20DBF3C6C0DD9AF0517897910C8550BE086A745A48F178BFD1990DC54C41329E
machine_reuse/objects/raw_masks/FRM_PREDICTIVE_FORMULA_009.png,213,2026-08-24T20:44:57.111049Z,2ECA4B36B7DB65C37A3CFB17BDBB22E5EC656A4CC98864654743FD9E595E5338
machine_reuse/objects/raw_masks/FRM_TRIAL_005.png,160,2026-08-24T20:44:54.097333Z,F7E4840D372D1BF2EB03ADF06A290311B673B3F2BD377B5F9E832151A85FC3CC
machine_reuse/objects/raw_masks/GFX_HEAD_FAMILIES_TO_POSTERIOR.png,152,2026-08-24T20:44:58.394490Z,9D42847E0B4B8949A0F8D4BD157A185240855C4562DCC8F73ACA900D0D8B518E
machine_reuse/objects/raw_masks/GFX_HEAD_GAMMA_TO_FAMILIES.png,151,2026-08-24T20:44:58.374535Z,7D3362C41027122691A5B49E24FEBEC49EFE73D0B6A93347C61733A61B7FFEA3
machine_reuse/objects/raw_masks/GFX_HEAD_POSTERIOR_TO_PREDICTIVE.png,160,2026-08-24T20:44:58.413946Z,21AFE58AB72EC9FBE9A80092AA3105664626F79810931B02CA3A60B397CE899D
machine_reuse/objects/raw_masks/GFX_HEAD_PREDICTIVE_TO_LDA.png,164,2026-08-24T20:44:58.480507Z,D863EC21334F5924D4405B07E98493319C2BA7AB685BA7F040568938DF82315A
machine_reuse/objects/raw_masks/GFX_HEAD_TRIAL_TO_FAMILIES.png,145,2026-08-24T20:44:58.352001Z,42B453F077FF96FC1433152740E9FC6CC0D768F0C71AC54B5D6FD87B575DFC8B
machine_reuse/objects/raw_masks/GFX_LINE_FAMILIES_TO_POSTERIOR.png,86,2026-08-24T20:44:58.386322Z,93F1C25870A84B96C3A78C43BCA7FBF4D0C3F966AA6162270C0C351E78498088
machine_reuse/objects/raw_masks/GFX_LINE_FAMILIES_TO_SIMPLEX.png,205,2026-08-24T20:44:58.425195Z,9A2F24CB0680A92DFD1E600C32EB96CFFE9192C8D8C0E50BABC2D649A4C1C87C
machine_reuse/objects/raw_masks/GFX_LINE_GAMMA_TO_FAMILIES.png,123,2026-08-24T20:44:58.363213Z,9411B518DC39376E15E8D4BEAF639028FFEDE6174A625212FF562EB50072264B
machine_reuse/objects/raw_masks/GFX_LINE_POSTERIOR_TO_MOM.png,125,2026-08-24T20:44:58.454899Z,4B31E754D656063A16A2DC33A53D326FAB91272E6BE308A42AB39E6E1303828C
machine_reuse/objects/raw_masks/GFX_LINE_POSTERIOR_TO_PREDICTIVE.png,75,2026-08-24T20:44:58.405712Z,EF532B06FC25369E9345283B30DC6CED804B1B3D638DF8594DDDA099DB1086F9
machine_reuse/objects/raw_masks/GFX_LINE_PREDICTIVE_TO_LDA.png,114,2026-08-24T20:44:58.470243Z,C52C9461E839D49934C2AF2AFB8BABF47D2A2F224311C30F2524284C8B7D11FF
machine_reuse/objects/raw_masks/GFX_LINE_TRIAL_TO_FAMILIES.png,115,2026-08-24T20:44:58.341817Z,A078FCCE07D552ED94A8863F9FA17E0E9DD23C8C8D7CFB71074700507E0E89C2
machine_reuse/objects/raw_masks/GFX_MATH_RULE_PREDICTIVE_FRACTION.png,84,2026-08-24T20:44:57.067700Z,FE0C34B35BECEC11E913DDF7D32F85FEEDA9ADD8F92B4A1D3523497D478F4CDA
machine_reuse/objects/raw_masks/GFX_NODE_BORDER_FAMILIES.png,534,2026-08-24T20:44:54.565775Z,621CB951D8FDBBC69198818F25537B80EE339572DE72F57A3AAAA6532225B38D
machine_reuse/objects/raw_masks/GFX_NODE_BORDER_GAMMA.png,486,2026-08-24T20:44:54.156021Z,33DF128F3454162230893700C2F26F7AD6F3C61ED5578DDB6FF8E2A7113E31A5
machine_reuse/objects/raw_masks/GFX_NODE_BORDER_LDA.png,454,2026-08-24T20:44:57.881331Z,B609B59DD9916EB9484E2A2571BEABDB5D564EA62C3B9F82DC955B1F4B78A49B
machine_reuse/objects/raw_masks/GFX_NODE_BORDER_MOM.png,473,2026-08-24T20:44:57.470199Z,74FEF3B5F2331202F560F8988A75D0ACF22E5A106BF2AEE756592EC9AE9F1436
machine_reuse/objects/raw_masks/GFX_NODE_BORDER_POSTERIOR.png,663,2026-08-24T20:44:55.017889Z,35CD49B4D454FB5ED77DD99E4EB1378FA6250963704D3E84CAC43D99202B4495
machine_reuse/objects/raw_masks/GFX_NODE_BORDER_PREDICTIVE.png,991,2026-08-24T20:44:55.722023Z,0951449A2918991F03568C6735CE7B135E3DB2F32CB99838AA74C3CA543A42E0
machine_reuse/objects/raw_masks/GFX_NODE_BORDER_SIMPLEX.png,475,2026-08-24T20:44:57.124235Z,8CF4AD66F9C54368949C45315C7519D08C599AF888F84190786C92D3A516F24A
machine_reuse/objects/raw_masks/GFX_NODE_BORDER_TRIAL.png,479,2026-08-24T20:44:53.857583Z,EA48ECADBDE31FBFDBAA5D1BB7270E4C408DCCB2CCE891A08B686E86EF2602C1
machine_reuse/objects/raw_masks/TXT_APPLICATION_001.png,227,2026-08-24T20:44:58.493284Z,C14BDCCBAA2274A7FC431F2DDB0F1F058D16BEC01B84BF5CF294AF10C3991BDB
machine_reuse/objects/raw_masks/TXT_APPLICATION_002.png,158,2026-08-24T20:44:58.505479Z,2F067F68900EB9ABE294187C9A3F584BDBD49F073599C820646435214D863CBB
machine_reuse/objects/raw_masks/TXT_FAMILIES_001.png,258,2026-08-24T20:44:54.898055Z,27857F35D946903447AC64FEEB21AB126A8BA0B13858241A3F2210EE3AAC6B5E
machine_reuse/objects/raw_masks/TXT_FAMILIES_002.png,232,2026-08-24T20:44:54.912848Z,7FA5D7B0FDBAB434A0AB419975EAFF6C2A9AD12694EB1A776B6FE586084289CF
machine_reuse/objects/raw_masks/TXT_FAMILIES_003.png,233,2026-08-24T20:44:54.925024Z,2886162BD2498B6BF0E2BCD5A43F895B625D1217C06176F60B7C4C9D7A1812AE
machine_reuse/objects/raw_masks/TXT_FAMILIES_004.png,201,2026-08-24T20:44:54.935355Z,62B60D3776ECCFC9A0EEB86B6C9E2F916A6AE76A099365ACCE43FA9E5D4926FC
machine_reuse/objects/raw_masks/TXT_FAMILIES_005.png,198,2026-08-24T20:44:54.945884Z,4AAE5B769E86F96FC73EF359B1F3A59A6B6EEB266F60F94EE617C079570CA286
machine_reuse/objects/raw_masks/TXT_FAMILIES_006.png,284,2026-08-24T20:44:54.954903Z,0F6D91AA5CCB36185D26A7076400BBA6EDF859FB8D7C11A2410B607F8EB9538F
machine_reuse/objects/raw_masks/TXT_FAMILIES_007.png,216,2026-08-24T20:44:54.965167Z,DC8187DEBFCDD866A592D024F882996077812D9B11A687231600869BFA38BA60
machine_reuse/objects/raw_masks/TXT_FAMILIES_008.png,201,2026-08-24T20:44:54.974980Z,9D7062E5CAEB825E6D4D415DC362321C7912E60920DB5D1810550F127E1D4B57
machine_reuse/objects/raw_masks/TXT_FAMILIES_009.png,196,2026-08-24T20:44:54.985121Z,EEF937A5C48447EDFC8790979EBEF9D4EDF67AD4A968D230D0BFEF334BCA8270
machine_reuse/objects/raw_masks/TXT_FAMILIES_010.png,218,2026-08-24T20:44:54.994565Z,385E1556A7205DB15C3CB7C668A476F46241FD429948F873798F38379F06C868
machine_reuse/objects/raw_masks/TXT_FAMILIES_011.png,292,2026-08-24T20:44:55.006164Z,1DF6DDA584B114257C8875BF22AE91CA92DD30255029DB35B41E23258D6FDE67
machine_reuse/objects/raw_masks/TXT_GAMMA_001.png,186,2026-08-24T20:44:54.432249Z,8C3B3B22B63021320FBD7AAC8848100CB93986EBE304D3957DB9C188FFADA3AF
machine_reuse/objects/raw_masks/TXT_GAMMA_002.png,156,2026-08-24T20:44:54.446490Z,9B3877C4B727B74EF6E9688F6CAEBE721619E4E6B3BA4E8C72A7B462391EBC89
machine_reuse/objects/raw_masks/TXT_GAMMA_003.png,149,2026-08-24T20:44:54.454490Z,FB62599717675D0728E955D821B1FAAD0FB257994084E5C4F2AA5716382AC98D
machine_reuse/objects/raw_masks/TXT_GAMMA_004.png,148,2026-08-24T20:44:54.462490Z,CDDA58618703B8676B5ED2BFF58391C8B618FEC6B506153473C7187C748C2F10
machine_reuse/objects/raw_masks/TXT_GAMMA_005.png,156,2026-08-24T20:44:54.470741Z,B7D568A931F1EEA24A3D3D01266243A48199C6865837B785215C3BF3252412C5
machine_reuse/objects/raw_masks/TXT_GAMMA_006.png,196,2026-08-24T20:44:54.478644Z,B5434B88B2531918B76BFCF2F495B09E91D980F0CBFD23002CABE829BC346D95
machine_reuse/objects/raw_masks/TXT_GAMMA_007.png,157,2026-08-24T20:44:54.489539Z,9F34E1FFD28BC47921CDA8EDCAACDF7676F3A1B6253107DBC39DA7D67A942C02
machine_reuse/objects/raw_masks/TXT_GAMMA_008.png,151,2026-08-24T20:44:54.496719Z,9E1C2C00E77584BBB15B64A30BA391516602B3699A4E8F85492718891850E8EC
machine_reuse/objects/raw_masks/TXT_GAMMA_009.png,121,2026-08-24T20:44:54.504009Z,3BF8467EE4A5947B40A1F85C5254EF5F3CDC150B5C00D7B075D363B2895BBDF0
machine_reuse/objects/raw_masks/TXT_GAMMA_010.png,156,2026-08-24T20:44:54.510271Z,B7D568A931F1EEA24A3D3D01266243A48199C6865837B785215C3BF3252412C5
machine_reuse/objects/raw_masks/TXT_GAMMA_011.png,245,2026-08-24T20:44:54.516270Z,9D65B65DB243FD6403E2B247B7B653200168162379025F01C049B735D304EF0E
machine_reuse/objects/raw_masks/TXT_GAMMA_012.png,238,2026-08-24T20:44:54.529107Z,CC8CD5E2FC2AB237D287CCC25A4D84FDE6B59EEEC91750E51D8CC713D657F78E
machine_reuse/objects/raw_masks/TXT_GAMMA_013.png,211,2026-08-24T20:44:54.543978Z,35E4BBA94E3875C5FC796108EC8AC798839E08347BE1D24FF4F152AD9E461B93
machine_reuse/objects/raw_masks/TXT_GAMMA_014.png,175,2026-08-24T20:44:54.554750Z,2BE4BEEDDFF6D240FAB4CFA419D28F5A53E1FA6736053FDC91368EADE310C2C5
machine_reuse/objects/raw_masks/TXT_LDA_001.png,181,2026-08-24T20:44:58.177352Z,E78F2BDD1739C72EC2BED3B63B01142C59D3A136075BAE9A950D04D5D754EA07
machine_reuse/objects/raw_masks/TXT_LDA_002.png,296,2026-08-24T20:44:58.194223Z,E663EE655E5D28D94621C820E70E53951B1AABB900AEFDD829E8ED3B5092628B
machine_reuse/objects/raw_masks/TXT_LDA_003.png,164,2026-08-24T20:44:58.208512Z,02F1FB7602D3CB3A8CED9C5BD898544F80CF798536763D25B5F13FC7529DC259
machine_reuse/objects/raw_masks/TXT_LDA_004.png,265,2026-08-24T20:44:58.220809Z,EB262901B4D6FDD4F1F7E39F9E94D177DA1BD7ACA044760523D0FA88D093D9DF
machine_reuse/objects/raw_masks/TXT_LDA_005.png,269,2026-08-24T20:44:58.236078Z,516FED914AB7FD7BEA5245F832754EF6BA7022592C01E35CD55CBFE9D26D3839
machine_reuse/objects/raw_masks/TXT_LDA_006.png,203,2026-08-24T20:44:58.251452Z,26868165417A7B43E1257D038C769481382A0600F190941E58F1CF7E33FB7586
machine_reuse/objects/raw_masks/TXT_LDA_007.png,240,2026-08-24T20:44:58.263766Z,3EE13A218621B69344FD8742D97F73666AC220E711A0942B4131A058B36FBC0D
machine_reuse/objects/raw_masks/TXT_LDA_008.png,188,2026-08-24T20:44:58.276081Z,B3B494538A3A987CC61A781BC33FA97DABB904ACF4A92D95068ADE6AD438F34D
machine_reuse/objects/raw_masks/TXT_LDA_009.png,295,2026-08-24T20:44:58.288754Z,9942CA062451AFA182CC761AB7A210BC0956940FB5ACCD65ACDF4B4BEA7B3521
machine_reuse/objects/raw_masks/TXT_LDA_010.png,196,2026-08-24T20:44:58.303051Z,B5434B88B2531918B76BFCF2F495B09E91D980F0CBFD23002CABE829BC346D95
machine_reuse/objects/raw_masks/TXT_LDA_011.png,172,2026-08-24T20:44:58.316295Z,1AE4CD7AA23CA4883B941D6F8DCAF2B03918D25A0FDB79C358389276C0D297AE
machine_reuse/objects/raw_masks/TXT_LDA_012.png,262,2026-08-24T20:44:58.328526Z,359BF8830ACD1E25264E5CFEDB6BBC8D3EF28D394B3F7710C057A01ABB21E847
machine_reuse/objects/raw_masks/TXT_MOM_001.png,258,2026-08-24T20:44:57.760431Z,E93AC069DAACAA8857EB568574AFF24CC268684E6F2FF1C98E8F4FB3920C904E
machine_reuse/objects/raw_masks/TXT_MOM_002.png,212,2026-08-24T20:44:57.776800Z,78136D9652AB106A95BE0E9D8FD036878B52F0CE3966161AAEDDDE4CDBDFC4F0
machine_reuse/objects/raw_masks/TXT_MOM_003.png,198,2026-08-24T20:44:57.788581Z,4AAE5B769E86F96FC73EF359B1F3A59A6B6EEB266F60F94EE617C079570CA286
machine_reuse/objects/raw_masks/TXT_MOM_004.png,298,2026-08-24T20:44:57.800879Z,FC2C629A2BF3C9DD8FBE98E912857408803C4BF442417F26F7A4280E4D8F7593
machine_reuse/objects/raw_masks/TXT_MOM_005.png,247,2026-08-24T20:44:57.814173Z,6FC03A73688A1F8481AA1AAA882429A5E8E7A478C12E8635CBDF932C49EFE940
machine_reuse/objects/raw_masks/TXT_MOM_006.png,261,2026-08-24T20:44:57.828576Z,639DCBEB7743BD7B51CF24B58C242FD84C753A02CB9BC846892FCFA9E54D119D
machine_reuse/objects/raw_masks/TXT_MOM_007.png,248,2026-08-24T20:44:57.840856Z,38B09FC20FF5B4E3BCE172F193A91978615854F90BA3BB9D608B08A871F7799A
machine_reuse/objects/raw_masks/TXT_MOM_008.png,299,2026-08-24T20:44:57.854164Z,8008E2B02C9446AA21AF3CC46D87319C37D52B557AC77A702344537575EE23EA
machine_reuse/objects/raw_masks/TXT_MOM_009.png,245,2026-08-24T20:44:57.867513Z,06A669565F0AB3561E12EFD8F248C1935A5B11045CAD13002C0E9742DC4C201D
machine_reuse/objects/raw_masks/TXT_POSTERIOR_001.png,196,2026-08-24T20:44:55.625919Z,CCC6D73FF44E6A875E5C33361882258DCED46CE303AAA90F5FCF3D14200C5C4C
machine_reuse/objects/raw_masks/TXT_POSTERIOR_002.png,257,2026-08-24T20:44:55.637808Z,94F6E3C19A2938BD0AB3B22B1148BBCEBFC709BB6E34205A29BCBA06CD3FA1C7
machine_reuse/objects/raw_masks/TXT_POSTERIOR_003.png,284,2026-08-24T20:44:55.649037Z,CF639E4E80C1FDAC07F9072DD9C116C71CAB25328EEFD7379AF1F96B9573861A
machine_reuse/objects/raw_masks/TXT_POSTERIOR_004.png,216,2026-08-24T20:44:55.662064Z,DC8187DEBFCDD866A592D024F882996077812D9B11A687231600869BFA38BA60
machine_reuse/objects/raw_masks/TXT_POSTERIOR_005.png,201,2026-08-24T20:44:55.673989Z,9D7062E5CAEB825E6D4D415DC362321C7912E60920DB5D1810550F127E1D4B57
machine_reuse/objects/raw_masks/TXT_POSTERIOR_006.png,203,2026-08-24T20:44:55.685866Z,C36DD4AA6CED543F5124E5D72476359F1CF57F75CBD83729DFC4AD901D219A3F
machine_reuse/objects/raw_masks/TXT_POSTERIOR_007.png,187,2026-08-24T20:44:55.696758Z,A51FB0508014B03F53D67F8EDDB14B8076B0E10CC28DD72C922001D882DCF853
machine_reuse/objects/raw_masks/TXT_POSTERIOR_008.png,291,2026-08-24T20:44:55.708638Z,FC3D990A6DE231469DFEE9B7FDBE36F2BC4D7E3EB88A737E8C404E671976D0C8
machine_reuse/objects/raw_masks/TXT_PREDICTIVE_001.png,181,2026-08-24T20:44:56.867207Z,E78F2BDD1739C72EC2BED3B63B01142C59D3A136075BAE9A950D04D5D754EA07
machine_reuse/objects/raw_masks/TXT_PREDICTIVE_002.png,292,2026-08-24T20:44:56.878503Z,8EC8338AFFD411B22974BE7C58134BA852B36E82593B24119A5B386109A66618
machine_reuse/objects/raw_masks/TXT_PREDICTIVE_003.png,252,2026-08-24T20:44:56.892213Z,EF77573046E1250D486B32EFC51E9CE233908357E083A12BD6126984ACBF8089
machine_reuse/objects/raw_masks/TXT_PREDICTIVE_004.png,252,2026-08-24T20:44:56.906581Z,BE7872B2EA0375C0083E3936C738C1C868F1F53B9B0B37918E1532918D27F156
machine_reuse/objects/raw_masks/TXT_PREDICTIVE_005.png,280,2026-08-24T20:44:56.918582Z,C054721594DBCF9CD1A9C8C8B38585C31C2A491E154261014941441A2133FF8D
machine_reuse/objects/raw_masks/TXT_PREDICTIVE_006.png,246,2026-08-24T20:44:56.932868Z,109655758A690006A44A778E38C2E6DE25182B31EA94AC66D67EA6F16CD38B00
machine_reuse/objects/raw_masks/TXT_PREDICTIVE_007.png,273,2026-08-24T20:44:56.946951Z,2A67F28419E70A78DEE7DB899940A0F09F405FA654DCAC3CEC36D606DD6873CC
machine_reuse/objects/raw_masks/TXT_PREDICTIVE_008.png,230,2026-08-24T20:44:56.959637Z,AA9EED3FF85724BD84157C0EEFC7997D1B649DA5991F49142653F421C750CB05
machine_reuse/objects/raw_masks/TXT_PREDICTIVE_009.png,254,2026-08-24T20:44:56.972687Z,2FEA6BC5FC1782B36032C423F79F5CD1433992BA0FF671887FF0977F674365E9
machine_reuse/objects/raw_masks/TXT_PREDICTIVE_010.png,252,2026-08-24T20:44:56.988502Z,BE7872B2EA0375C0083E3936C738C1C868F1F53B9B0B37918E1532918D27F156
machine_reuse/objects/raw_masks/TXT_PREDICTIVE_011.png,254,2026-08-24T20:44:57.001749Z,5500D214C2E07064E5F5BF653D7AAA14FC2C1F925C97C082ECED76D9FF89BE06
machine_reuse/objects/raw_masks/TXT_PREDICTIVE_012.png,229,2026-08-24T20:44:57.014697Z,C6DEA97CF1827CA3D870F6BBD7A68A9756E5B64EC719D4E3430F6F6919CA9B21
machine_reuse/objects/raw_masks/TXT_PREDICTIVE_013.png,231,2026-08-24T20:44:57.027494Z,1D672B5040634D960677109DDDF25A9989990453485F230E6FD789AC63D5DE0D
machine_reuse/objects/raw_masks/TXT_PREDICTIVE_014.png,265,2026-08-24T20:44:57.040706Z,E488C2CC3EF596E4BA49479126EBB80300922EC98DD9C5CC01A6D9600E7E306B
machine_reuse/objects/raw_masks/TXT_PREDICTIVE_015.png,215,2026-08-24T20:44:57.055697Z,D033E133483081869FB9DD50CA42E401F53C5DE44C7DA2C5D69BD45CEAD41D41
machine_reuse/objects/raw_masks/TXT_SIMPLEX_001.png,189,2026-08-24T20:44:57.399487Z,28FC63430E1A3CE9043595750E98EE6D35B2EC8C546EFC6968A3B7700F8B7EF4
machine_reuse/objects/raw_masks/TXT_SIMPLEX_002.png,249,2026-08-24T20:44:57.416949Z,2886644E1AFC38FF3739AD2AC7C738774044AA2CD33913AE4FBA24B07C559B8E
machine_reuse/objects/raw_masks/TXT_SIMPLEX_003.png,243,2026-08-24T20:44:57.430247Z,E1CC6ACC02D334874A2AEFA56007C591B0E24B9687126BD6687CC142B70ECBFD
machine_reuse/objects/raw_masks/TXT_SIMPLEX_004.png,161,2026-08-24T20:44:57.444621Z,4407821D9B40F2EDA1F8BF9FDF076856A2B782B4A425F2FCBB9F2413F286A2C3
machine_reuse/objects/raw_masks/TXT_SIMPLEX_005.png,198,2026-08-24T20:44:57.457920Z,E287A9998438225EECB39683B3F0E67BBE93CE7621F896E633E76F1433D3BB20
machine_reuse/objects/raw_masks/TXT_TRIAL_001.png,265,2026-08-24T20:44:54.108188Z,DD4B845637749319A087535A29A90A0268D194DD2CB3E67775F1A878163A9C62
machine_reuse/objects/raw_masks/TXT_TRIAL_002.png,213,2026-08-24T20:44:54.121359Z,16C7159601661D61EF15A53F51859053C29CBA42BE4A580D8063447BCF0BF184
machine_reuse/objects/raw_masks/TXT_TRIAL_003.png,196,2026-08-24T20:44:54.132982Z,CB4ABEBDF1176B204BD946B61AC819BB4E6018F0BA28AD944E2360D5AEC790AD
machine_reuse/objects/raw_masks/TXT_TRIAL_004.png,299,2026-08-24T20:44:54.143422Z,8008E2B02C9446AA21AF3CC46D87319C37D52B557AC77A702344537575EE23EA
machine_reuse/pairs/critical/PAIR_00102/bundle_1x.png,875,2026-08-24T20:45:04.949764Z,EE1C67C67B0BAF9D5BE23CD2DEE059043871364CD3F73793D6519A952CBD2DDC
machine_reuse/pairs/critical/PAIR_00102/bundle_8x_nearest.png,2522,2026-08-24T20:45:04.953842Z,C4E7299CE514B0B436C7E97934C84F3C75A2C287DFB5E58F8B3D3496FC72580C
machine_reuse/pairs/critical/PAIR_00102/original_roi_1x.png,523,2026-08-24T20:45:04.945686Z,4C8E39048891BC1721047946143CE309887FA6DC158098CF90932A9F3E167E3B
machine_reuse/pairs/critical/PAIR_00102/overlay_1x.png,309,2026-08-24T20:45:04.947724Z,E42D7C0B0EAAC5A5050EE5B771CD82A1CC97280AE65EBEB63407292DB5DE81F0
machine_reuse/pairs/critical/PAIR_00102/pair.json,761,2026-08-24T20:45:04.955869Z,FFE0EED68A9CAC8E4CFF93CE27F1598088ECC5B38CF0161EEF80F215BC2E9375
machine_reuse/pairs/critical/PAIR_00102/pre_intersection_1x.png,130,2026-08-24T20:45:04.947724Z,ED608DDBCA700D6E2ACF6909AF89D1AF541DF788642F03FAED044CE0C4398664
machine_reuse/pairs/critical/PAIR_00102/raw_mask_A_1x.png,166,2026-08-24T20:45:04.945686Z,25FB4791E6C636DAF86834E8980F7483A6C58FBAFA480701751AE5D8B337F48C
machine_reuse/pairs/critical/PAIR_00102/raw_mask_B_1x.png,158,2026-08-24T20:45:04.946705Z,8D5A10A35EF1CE863D449239A11C0103A4E1FB05C51C3FBDFD280A323B21479E
machine_reuse/pairs/critical/PAIR_00103/bundle_1x.png,1316,2026-08-24T20:45:04.963087Z,C6C213038351175A34B3FB8EBB86001CAB02B0EEA823CFE15EE6BF719D2BD0BC
machine_reuse/pairs/critical/PAIR_00103/bundle_8x_nearest.png,3937,2026-08-24T20:45:04.970184Z,43BFC49091A4E48CAA0EFF053A58286D33DA995C46EE800C9BD15C38D3A945F2
machine_reuse/pairs/critical/PAIR_00103/original_roi_1x.png,862,2026-08-24T20:45:04.958918Z,454715AE6D557EEE2ED1DFD5B5B2F35428C7F42903DC3036A5E04F65A2282F89
machine_reuse/pairs/critical/PAIR_00103/overlay_1x.png,618,2026-08-24T20:45:04.962023Z,0BC116ED01B54470643753333D26BD730B4C2D8139BE1B145DFBBB0E1062294B
machine_reuse/pairs/critical/PAIR_00103/pair.json,766,2026-08-24T20:45:04.971209Z,BC8B0BF42A13E0BBE101E52A25CC1504CD4083DB7B82A001F6D4FE3BB4527800
machine_reuse/pairs/critical/PAIR_00103/pre_intersection_1x.png,126,2026-08-24T20:45:04.961009Z,4C98ECA84BE1DA90775F56FFB2BF26D69F226B627BF6055F94EB0117B0619156
machine_reuse/pairs/critical/PAIR_00103/raw_mask_A_1x.png,184,2026-08-24T20:45:04.959936Z,BC2F5A5F5C1E359DA630B0420AE97C1DB6F299549AC968C5A313BA48E4942636
machine_reuse/pairs/critical/PAIR_00103/raw_mask_B_1x.png,187,2026-08-24T20:45:04.961009Z,5A32B637514C636E64570A353C2036E2E5824458396D3DA641528F3FF0EE95FC
machine_reuse/pairs/critical/PAIR_00773/bundle_1x.png,873,2026-08-24T20:45:04.979424Z,D128A4D1A63526825D301A2C1D78E1576BAE56453C7422F3DDF819B2610BEC74
machine_reuse/pairs/critical/PAIR_00773/bundle_8x_nearest.png,2487,2026-08-24T20:45:04.984500Z,1194D638BFC5A4D930FC3E4ECB1EA7C239C1B477A231F22451A8E1531CE76EAE
machine_reuse/pairs/critical/PAIR_00773/original_roi_1x.png,510,2026-08-24T20:45:04.974259Z,6824EE5CCA08AA47CAB6896D2630A5508D193EA6D63EB6B3310D8B2ADBD6E19F
machine_reuse/pairs/critical/PAIR_00773/overlay_1x.png,321,2026-08-24T20:45:04.977378Z,040A2FD179A7E25F26BF63BCD39BD9423D762A100EAA40290D1AA01FEB522E24
machine_reuse/pairs/critical/PAIR_00773/pair.json,761,2026-08-24T20:45:04.985511Z,E97E00C1AFE76D3603F9A7BEFA3FF5F5ADA527B3CD638DD3362C59572D71F10D
machine_reuse/pairs/critical/PAIR_00773/pre_intersection_1x.png,128,2026-08-24T20:45:04.976362Z,1DB33154AD17C33ABFECC626FF9DC8968AC7E7E7450248DE242EE6BE1C0033FF
machine_reuse/pairs/critical/PAIR_00773/raw_mask_A_1x.png,169,2026-08-24T20:45:04.975277Z,19280A9B6A10DF019630E013001A847D80233A772A3CFA66405C780F951C86F8
machine_reuse/pairs/critical/PAIR_00773/raw_mask_B_1x.png,152,2026-08-24T20:45:04.976362Z,2412241B0C6C53A8787BC75015EDD26F2B3979D2630EA8AEFD974711953CFA61
machine_reuse/pairs/critical/PAIR_00774/bundle_1x.png,1366,2026-08-24T20:45:04.994197Z,80DCD2E18AF45F7F114036B604E2270E1BECEFB1D631756E69D0E427B269879B
machine_reuse/pairs/critical/PAIR_00774/bundle_8x_nearest.png,3744,2026-08-24T20:45:05.001282Z,1400DAB69E996254CCAB9801FAB4FE6216381429795FBC965EBF28E277938541
machine_reuse/pairs/critical/PAIR_00774/original_roi_1x.png,847,2026-08-24T20:45:04.988569Z,58412F1B02FD2FD5ADB4CFC2905A59E07D4F34FE8BC4EBD072F8F930CE90FC9D
machine_reuse/pairs/critical/PAIR_00774/overlay_1x.png,656,2026-08-24T20:45:04.992113Z,F676C54CD881882AAD5DAC046DF19A2BA2B4994E8A0997E80E85C955783472A7
machine_reuse/pairs/critical/PAIR_00774/pair.json,766,2026-08-24T20:45:05.002311Z,1DF8A22CBC7071CEEDBB6FE04C3F66DB0E8EB3EB61B5C8C00067499C4873F2FA
machine_reuse/pairs/critical/PAIR_00774/pre_intersection_1x.png,125,2026-08-24T20:45:04.991096Z,A2366A0DD8438FF8B102F0C70A98173E4107F002487C3A82C20736577AB9C0D7
machine_reuse/pairs/critical/PAIR_00774/raw_mask_A_1x.png,182,2026-08-24T20:45:04.989584Z,BEFD9FAF9AEDA5F3A41C6F2DC6E490EEAFB5A958FC19B312C8FB07EBAEAF8A3B
machine_reuse/pairs/critical/PAIR_00774/raw_mask_B_1x.png,185,2026-08-24T20:45:04.990583Z,AE4AB251C50F8C29ABC86A3D1B139A9E99C44AC8E79A35ACE06EABB19841A864
machine_reuse/pairs/critical/PAIR_00893/bundle_1x.png,753,2026-08-24T20:45:05.009502Z,669285AB259FB25DD1628EFB269535B1BE0310F1F8B5D5E11C4937740A0AF865
machine_reuse/pairs/critical/PAIR_00893/bundle_8x_nearest.png,2041,2026-08-24T20:45:05.013558Z,BF343DFBAA1DD9315954E2B36125B8E0089FE422ABE4B95DC9D2A6ECFFAEFA71
machine_reuse/pairs/critical/PAIR_00893/original_roi_1x.png,451,2026-08-24T20:45:05.004340Z,A46E72B0FAC705537336E2F9C73CAE58BA4C1A638EE2E7EF4317325B52CC9F38
machine_reuse/pairs/critical/PAIR_00893/overlay_1x.png,246,2026-08-24T20:45:05.008489Z,5E9F3FA772ED8FDE088933125102E630EA980F7B77EFB2DF4AC0A350744FA7E2
machine_reuse/pairs/critical/PAIR_00893/pair.json,722,2026-08-24T20:45:05.013558Z,4D08080037F55CA1D9618A5500C63A3A1FE7564A53098408B845D000E182893F
machine_reuse/pairs/critical/PAIR_00893/pre_intersection_1x.png,115,2026-08-24T20:45:05.007473Z,42070E8BEDAAA2C2D5C4845D836F09A64101342FB781FDE57524EE6BCDE44724
machine_reuse/pairs/critical/PAIR_00893/raw_mask_A_1x.png,161,2026-08-24T20:45:05.005355Z,6E0A0B3A4CE96F104FAEBA02A994E13D50A337A9CD05AF1EE58F6E824E703675
machine_reuse/pairs/critical/PAIR_00893/raw_mask_B_1x.png,138,2026-08-24T20:45:05.006373Z,595154524065DE79362D55BADF2995B285DB686F49E87ACF985535B2B0471BBE
machine_reuse/pairs/critical/PAIR_02286/bundle_1x.png,1315,2026-08-24T20:45:05.021709Z,B49495B3DE50FDF4EC628E151781962D4D5DE5363F58B9EAD4B25372B0C82A25
machine_reuse/pairs/critical/PAIR_02286/bundle_8x_nearest.png,3502,2026-08-24T20:45:05.028943Z,E4DC454EDDA90577264E30ACB1310D28BC5F4CDA7B10548BA2D29500F0794D04
machine_reuse/pairs/critical/PAIR_02286/original_roi_1x.png,922,2026-08-24T20:45:05.017626Z,1376075660D03229954A25DEEDC7C41F77AC5AC7E6B8A4FE471869C8C110963F
machine_reuse/pairs/critical/PAIR_02286/overlay_1x.png,697,2026-08-24T20:45:05.019668Z,7CB64EF179EA671BC3A40E32DC88D96093383E6B73E057630317CAEC459B2F30
machine_reuse/pairs/critical/PAIR_02286/pair.json,771,2026-08-24T20:45:05.029956Z,DB4A996F19AB1954781A791653841885B4DB91AB4174A6517489945E235AA63C
machine_reuse/pairs/critical/PAIR_02286/pre_intersection_1x.png,124,2026-08-24T20:45:05.019668Z,1AA52B403E47579F3CD5EB5F0E506B4E84AE021F890ACE8340754E2807087086
machine_reuse/pairs/critical/PAIR_02286/raw_mask_A_1x.png,159,2026-08-24T20:45:05.017626Z,FBEEF4FA58626C3A4524F1BF1AD1DAB7D48516B2234814E670B16962E12FE041
machine_reuse/pairs/critical/PAIR_02286/raw_mask_B_1x.png,168,2026-08-24T20:45:05.018649Z,6B2159F61304A012661D6A245B46206DF17D011FCD3740E3F77C47F7B3D02CA5
machine_reuse/pairs/critical/PAIR_02287/bundle_1x.png,834,2026-08-24T20:45:05.037067Z,8B42D6392C22388911560405A3E807533EC817C0C20C1D372C0E2E9DCA40C5FD
machine_reuse/pairs/critical/PAIR_02287/bundle_8x_nearest.png,2320,2026-08-24T20:45:05.041213Z,785253FEFB2D2902CFFE6BF00A60731C6E525628B48E1B81900CE504BBFB77FE
machine_reuse/pairs/critical/PAIR_02287/original_roi_1x.png,541,2026-08-24T20:45:05.033022Z,DB99E45FBB08DB395BD7AD13FCA9D063F336881196DB5DF9BAABCF8242E1618E
machine_reuse/pairs/critical/PAIR_02287/overlay_1x.png,310,2026-08-24T20:45:05.036057Z,699EF2F997A343AD6724B941DED007519872AC3896F779E56FE9A333FB577D9B
machine_reuse/pairs/critical/PAIR_02287/pair.json,763,2026-08-24T20:45:05.042222Z,5193F352BAB477B89AE07FBAD3C62A793336892FFCE52034A502406F18A1A128
machine_reuse/pairs/critical/PAIR_02287/pre_intersection_1x.png,107,2026-08-24T20:45:05.035045Z,82003B532DF151F9FBBE974ADD23FA8335FD15ED159DAB5466DA26EE8A4BDDA6
machine_reuse/pairs/critical/PAIR_02287/raw_mask_A_1x.png,148,2026-08-24T20:45:05.034034Z,C0A6DA2F04AB8E1882F078E936AA4AD34F17B27E05FC78B9C751122937B7F66C
machine_reuse/pairs/critical/PAIR_02287/raw_mask_B_1x.png,153,2026-08-24T20:45:05.035045Z,2BFEFBF75AE80ED3A0845DD1F75761ECFFCDC0BBFA9A26F911352FEAFE2A9CF8
machine_reuse/pairs/critical/PAIR_02288/bundle_1x.png,1361,2026-08-24T20:45:05.053532Z,606D75F419C6AF63AEAF4A9AC7C49B98D7B39CDFB46B5FA9270D4B9CA427EB4C
machine_reuse/pairs/critical/PAIR_02288/bundle_8x_nearest.png,3562,2026-08-24T20:45:05.059622Z,5F799966CB88E61F39F645CB4557E9E8C94211A87190F4942B8C5403436866E3
machine_reuse/pairs/critical/PAIR_02288/original_roi_1x.png,949,2026-08-24T20:45:05.047282Z,29E0DE7D93DAFB78D9C46275B60ED285FAEF7DFD33C79357F8BA55B170FD43A5
machine_reuse/pairs/critical/PAIR_02288/overlay_1x.png,749,2026-08-24T20:45:05.051339Z,E83A59FBA71DAA3CFC2E4C1DD7892AB4721AFD98D8D574A3F53E0C487CF3077A
machine_reuse/pairs/critical/PAIR_02288/pair.json,771,2026-08-24T20:45:05.060633Z,5F812F7F328D70124664E99FB55D3837DB5A4DFB2370B683D379B7209FA96F88
machine_reuse/pairs/critical/PAIR_02288/pre_intersection_1x.png,124,2026-08-24T20:45:05.050328Z,1AA52B403E47579F3CD5EB5F0E506B4E84AE021F890ACE8340754E2807087086
machine_reuse/pairs/critical/PAIR_02288/raw_mask_A_1x.png,167,2026-08-24T20:45:05.048300Z,DD0B4F80175E548D8FB409FE0FB82D2F83134518450D13E571E3A6EADBD50847
machine_reuse/pairs/critical/PAIR_02288/raw_mask_B_1x.png,168,2026-08-24T20:45:05.049310Z,EE0C1116DEEDC6AE0356E02FB006DFD274278C747B6E9790C1874DCF401B8772
machine_reuse/pairs/critical/PAIR_02289/bundle_1x.png,785,2026-08-24T20:45:05.067763Z,63F75513FB7E489FD5926F19754C78EB24385457A6082B80FA6FCF903B00DBBC
machine_reuse/pairs/critical/PAIR_02289/bundle_8x_nearest.png,2231,2026-08-24T20:45:05.071903Z,70BE4FD38DF65844312B06D9B47657FA1C3F1C2A57105BA01DD30A1AD05194FD
machine_reuse/pairs/critical/PAIR_02289/original_roi_1x.png,479,2026-08-24T20:45:05.063687Z,0D7711EBA86292574619BA4F9890220289033EDE56BC1ECA099C1CF0730D5009
machine_reuse/pairs/critical/PAIR_02289/overlay_1x.png,307,2026-08-24T20:45:05.066744Z,A02C66FB79F546304307CD5F27DBD4DA8375EA18C70FA72F2D8B77101FD74523
machine_reuse/pairs/critical/PAIR_02289/pair.json,763,2026-08-24T20:45:05.072916Z,3D684AD21A751DB00D27E47C056CCBED0C4DD7B067457E6A285AE537493C3A9E
machine_reuse/pairs/critical/PAIR_02289/pre_intersection_1x.png,107,2026-08-24T20:45:05.065727Z,82003B532DF151F9FBBE974ADD23FA8335FD15ED159DAB5466DA26EE8A4BDDA6
machine_reuse/pairs/critical/PAIR_02289/raw_mask_A_1x.png,136,2026-08-24T20:45:05.064707Z,3699CA4728A64DBE178A1730DE13F46186162BF78EBB8F52F1B6BC65496E6B35
machine_reuse/pairs/critical/PAIR_02289/raw_mask_B_1x.png,157,2026-08-24T20:45:05.064707Z,FFD7B251A1AA55BF3A20EF36AE46C43B8051E25D6C991C7D48FFD467A64E0B7E
machine_reuse/pairs/critical/PAIR_02290/bundle_1x.png,356,2026-08-24T20:45:05.079053Z,E7AD9FB1AF407E20440B3D3BF33F1CFB3829F8520B8954F4F9D42993FD26B5A6
machine_reuse/pairs/critical/PAIR_02290/bundle_8x_nearest.png,1597,2026-08-24T20:45:05.083188Z,B4E9B2650D52F59E00E16132493C01801CD289C25916F71652C90CF262156DAC
machine_reuse/pairs/critical/PAIR_02290/original_roi_1x.png,175,2026-08-24T20:45:05.075987Z,9FEC06A0FF4752314CA5ECA186FFAB9EA4B3551CB0385B1DB5704E28D526BA1D
machine_reuse/pairs/critical/PAIR_02290/overlay_1x.png,150,2026-08-24T20:45:05.078031Z,DF3CC70402B6BF54A5345363A9AF7E464E14D1FBD2915827C61803E4BE272C54
machine_reuse/pairs/critical/PAIR_02290/pair.json,771,2026-08-24T20:45:05.084301Z,118D99011F1529158A69E97616C741CC1E1E8B192ED473C9DCF065D26B0E1F42
machine_reuse/pairs/critical/PAIR_02290/pre_intersection_1x.png,127,2026-08-24T20:45:05.078031Z,9FFBEC07170A98FCCCBB6812C7E4CC50E4E7EDD3B00DA03198A52CB16FDE9DA3
machine_reuse/pairs/critical/PAIR_02290/raw_mask_A_1x.png,142,2026-08-24T20:45:05.075987Z,58DFD66399F56BE7204A501B4FF501D96F2B198706F08D095A96CA5A7AB34591
machine_reuse/pairs/critical/PAIR_02290/raw_mask_B_1x.png,130,2026-08-24T20:45:05.077010Z,5478820DFBC25087AFA25CCEB9001286DE4F493EE00EE275E7A3B001C2364C13
machine_reuse/pairs/critical/PAIR_02291/bundle_1x.png,720,2026-08-24T20:45:05.090914Z,A75A8D12E2CF94D97CBBEB7E165AC40A4B35AB4BDBA7F43CE0610BF313774526
machine_reuse/pairs/critical/PAIR_02291/bundle_8x_nearest.png,2409,2026-08-24T20:45:05.097052Z,D832C755865DC5BF1EC725FE54950A6DA4525E55D5804738E48EF74533BBB17C
machine_reuse/pairs/critical/PAIR_02291/original_roi_1x.png,399,2026-08-24T20:45:05.086337Z,72F2313A4156138F6430D626979AB26A683CD7344433CAF59BC657B1E6DEFAD7
machine_reuse/pairs/critical/PAIR_02291/overlay_1x.png,290,2026-08-24T20:45:05.089402Z,6356BF7FF6A65A26E168CB74765D114C32E0EEB98C6726A812265458951661DB
machine_reuse/pairs/critical/PAIR_02291/pair.json,772,2026-08-24T20:45:05.098069Z,02B496F49FA247992322066CBFE974AE06ABAB6D859ED1768038B65AE7EB4BAE
machine_reuse/pairs/critical/PAIR_02291/pre_intersection_1x.png,115,2026-08-24T20:45:05.089402Z,4E49D38C68A1F1A0C07C6580894E0839AF3CDBEE166479FDB3B61D911855E3B5
machine_reuse/pairs/critical/PAIR_02291/raw_mask_A_1x.png,148,2026-08-24T20:45:05.087366Z,B41CE84DD1350FF3561E94DC9D32F9F07045457A0A32F5CFFA1941CCEC32CEB1
machine_reuse/pairs/critical/PAIR_02291/raw_mask_B_1x.png,168,2026-08-24T20:45:05.088386Z,C428018D14B89D27FE7EFC60C02E2B4499662E520234F0C577845E4024D565C5
machine_reuse/pairs/critical/PAIR_02294/bundle_1x.png,496,2026-08-24T20:45:05.106278Z,9B3DBC3F8064A22C438392204FC06FC61D51D9BB947B0B9E8DE8AA7B62D0DE6A
machine_reuse/pairs/critical/PAIR_02294/bundle_8x_nearest.png,1880,2026-08-24T20:45:05.110333Z,B1525BEC9CDBB29C6045C94D7461BB7D51603CBAAE10DC4BD83E6A6E5E5A2233
machine_reuse/pairs/critical/PAIR_02294/original_roi_1x.png,290,2026-08-24T20:45:05.102208Z,2CB9DD2F5D5300B74F349F51A414D1F210E7F76D8A11925E37770136A5F610AC
machine_reuse/pairs/critical/PAIR_02294/overlay_1x.png,174,2026-08-24T20:45:05.105265Z,38458865B91A3A10AF92E60B5B572B26D398083DDCE1010575386F66EFF00CA8
machine_reuse/pairs/critical/PAIR_02294/pair.json,766,2026-08-24T20:45:05.111348Z,6D5C9B6A905F64A2C34F20AECFB8D20EE26E6DF79A72BB525A55B4CDA2671DD0
machine_reuse/pairs/critical/PAIR_02294/pre_intersection_1x.png,124,2026-08-24T20:45:05.104234Z,9C2FD15F51F16F12096AEB4EB18965FB1644341F5B1E86978CB8BD30DC9B56DD
machine_reuse/pairs/critical/PAIR_02294/raw_mask_A_1x.png,116,2026-08-24T20:45:05.103220Z,424142957264DE9C720911275EA9D1F5AC695D350B4C5784EB06BDC1A3DA7F87
machine_reuse/pairs/critical/PAIR_02294/raw_mask_B_1x.png,143,2026-08-24T20:45:05.104234Z,A0D3B797174CE7734AAD3ECEB9326412E0A73F1291C279BF74DBC0A47C970122
machine_reuse/pairs/critical/PAIR_03281/bundle_1x.png,590,2026-08-24T20:45:05.120622Z,194AB130BA076897E1E35A929CCE47A846C7781C070E24F97B15A1591111E96F
machine_reuse/pairs/critical/PAIR_03281/bundle_8x_nearest.png,2572,2026-08-24T20:45:05.127779Z,94926CBED72E62B771577A875D59F3993E818C76C10094A79C6A197353EACA6A
machine_reuse/pairs/critical/PAIR_03281/original_roi_1x.png,380,2026-08-24T20:45:05.116551Z,4F95D1D9A36484CBBC361322F4100FC7CDAD4586A80B113B5C35A9891B67A3E9
machine_reuse/pairs/critical/PAIR_03281/overlay_1x.png,217,2026-08-24T20:45:05.118588Z,C8001093FD2160334C60BD581F34BB574DC9B0FFD8C18F249C1746E4890D8C44
machine_reuse/pairs/critical/PAIR_03281/pair.json,753,2026-08-24T20:45:05.129888Z,FF849CBFDD3B280E5080DA07772A8EC5B4881F635890C1D4F88DE5781595A98F
machine_reuse/pairs/critical/PAIR_03281/pre_intersection_1x.png,123,2026-08-24T20:45:05.118588Z,A69B62DDE8DDDD2DCE2B156FE269DB316872B70AEC07EAE00FF15B0460B4C731
machine_reuse/pairs/critical/PAIR_03281/raw_mask_A_1x.png,165,2026-08-24T20:45:05.116551Z,31CCABF4C9793A527B7A044A17A618EDC700D854123E0D97B08671955EC2FE95
machine_reuse/pairs/critical/PAIR_03281/raw_mask_B_1x.png,136,2026-08-24T20:45:05.117573Z,3126A257B27AB433F9093D8C179AAFF06F0A66CD13D066FD8EE4118D96692ECA
machine_reuse/pairs/critical/PAIR_03340/bundle_1x.png,929,2026-08-24T20:45:05.138016Z,00CD1BDEF1E93E6554AAEDA77FCC284359EA47DB8792C5FCECABFE0EBD80FC0E
machine_reuse/pairs/critical/PAIR_03340/bundle_8x_nearest.png,3042,2026-08-24T20:45:05.144140Z,9A560566D8728EF303FF843B007BF2E103419A80EB8B0A46F885B6BC3620F5A6
machine_reuse/pairs/critical/PAIR_03340/original_roi_1x.png,748,2026-08-24T20:45:05.132930Z,FD70CA999072B7CAF497A0324A3A12733F0C4D2EF7536B633A053B8825B14E7A
machine_reuse/pairs/critical/PAIR_03340/overlay_1x.png,659,2026-08-24T20:45:05.135992Z,E57166A71A8B77FE075DC30323733568029AFA79EF30ED700E6C05646C7452B3
machine_reuse/pairs/critical/PAIR_03340/pair.json,774,2026-08-24T20:45:05.145187Z,51816BAA7A57FBC15DCAC9916897D295521E2E0AFE76972C82C4DC54084813EC
machine_reuse/pairs/critical/PAIR_03340/pre_intersection_1x.png,122,2026-08-24T20:45:05.135992Z,4A9E83CE1C15159A0AE178C934FE8FF7AFBB26A1EC9B5ACB86FD1CBC539081DF
machine_reuse/pairs/critical/PAIR_03340/raw_mask_A_1x.png,130,2026-08-24T20:45:05.133942Z,06E61E8CF1B8E098C4A741FE17BDF23A825CCBD1FF9A2966F0A7214F374F1D7F
machine_reuse/pairs/critical/PAIR_03340/raw_mask_B_1x.png,143,2026-08-24T20:45:05.133942Z,BA84600CAA0C082E7600EB575FAC842808FBDA31869632663C694459C9E24D37
machine_reuse/pairs/critical/PAIR_03341/bundle_1x.png,585,2026-08-24T20:45:05.152321Z,ED98DEB6F5948FBD2E90BE24DBE1954250F0A67C6864823A36AD7AD72D41212D
machine_reuse/pairs/critical/PAIR_03341/bundle_8x_nearest.png,1868,2026-08-24T20:45:05.158446Z,4A52AB6464B8BA7ED206694F69CC23EFEE7E95CA3063F516CABA02B9EB9E8278
machine_reuse/pairs/critical/PAIR_03341/original_roi_1x.png,364,2026-08-24T20:45:05.148266Z,BE3C60D3709059ED57B59D67C51262C47BA867174BB12987CD20C1D4ED00DA8D
machine_reuse/pairs/critical/PAIR_03341/overlay_1x.png,244,2026-08-24T20:45:05.151309Z,2C256DEF8CF29B159AFE02CD49303EF06372AF85FB31E89F12D345C1F1F45C5D
machine_reuse/pairs/critical/PAIR_03341/pair.json,770,2026-08-24T20:45:05.159463Z,0677FA33709BC2ED855C47BDA9335568527AC447CB6FC27BE059ECB68F26D297
machine_reuse/pairs/critical/PAIR_03341/pre_intersection_1x.png,107,2026-08-24T20:45:05.150295Z,82003B532DF151F9FBBE974ADD23FA8335FD15ED159DAB5466DA26EE8A4BDDA6
machine_reuse/pairs/critical/PAIR_03341/raw_mask_A_1x.png,113,2026-08-24T20:45:05.149280Z,0FEE07FEE074FE6670EB00E5E02D4D7EA05D4DF4F2E61E2CAFC1DF1EF8BB18EB
machine_reuse/pairs/critical/PAIR_03341/raw_mask_B_1x.png,156,2026-08-24T20:45:05.150295Z,1CB886607C8FEC4349CFF5445C83043FBECE19C74A67B9C650E79BCE6899DC12
machine_reuse/pairs/critical/PAIR_03342/bundle_1x.png,742,2026-08-24T20:45:05.166727Z,2C9A54CD28091D563CAB9F634913BB67F1E6435DF95D60369773B9F42590E4A5
machine_reuse/pairs/critical/PAIR_03342/bundle_8x_nearest.png,2198,2026-08-24T20:45:05.171801Z,799AFB0A05C763EC7352208D7241991CE7CE3560D10C7A4BC552DC0D50BEEA68
machine_reuse/pairs/critical/PAIR_03342/original_roi_1x.png,515,2026-08-24T20:45:05.162670Z,365B9BAAEC0B1B685C523E8BB347C1E45DF741A9B20C74838CB6CBF40EC043AC
machine_reuse/pairs/critical/PAIR_03342/overlay_1x.png,438,2026-08-24T20:45:05.165704Z,80F6C4F9E3DE40363A27A56A3CF6CEBEE579FE8E2BAE1C3F24C1C840F627BBF5
machine_reuse/pairs/critical/PAIR_03342/pair.json,773,2026-08-24T20:45:05.171801Z,23FAEC9FE9D6F3598B0A657FB8FAC2F251C19F3ECE4F1E5B304CAE0C53B6FBC6
machine_reuse/pairs/critical/PAIR_03342/pre_intersection_1x.png,125,2026-08-24T20:45:05.164692Z,28EF18897D5A2D507BF863A035C94EEF913776EC5BEA7CEE61935E4E0EE9A096
machine_reuse/pairs/critical/PAIR_03342/raw_mask_A_1x.png,138,2026-08-24T20:45:05.163681Z,A18149E348F9BDF09D2E234A5F1EF6845D49D991A3BC676322EEF1689D74E7F3
machine_reuse/pairs/critical/PAIR_03342/raw_mask_B_1x.png,123,2026-08-24T20:45:05.164692Z,3A5D927C31BC9C7529C35AD31D758FDF93668B49B52175A86B9CAF500FFEE4BC
machine_reuse/pairs/critical/PAIR_03343/bundle_1x.png,644,2026-08-24T20:45:05.180002Z,78AB36B311B099C63A2D2A00203C3FD1EA4C1D91D70A26344F0E88F534163A9C
machine_reuse/pairs/critical/PAIR_03343/bundle_8x_nearest.png,1991,2026-08-24T20:45:05.184048Z,6C71E2B2886B45D4B7CAF61A04B8780314D89EB4094ADE8C6824BB5654334C7F
machine_reuse/pairs/critical/PAIR_03343/original_roi_1x.png,389,2026-08-24T20:45:05.175949Z,18B15ACEA1EF0E13523741D883FDCAECFBDE30E06E2017D3EA9A43FE7E047AF4
machine_reuse/pairs/critical/PAIR_03343/overlay_1x.png,265,2026-08-24T20:45:05.177979Z,976602C30B3DA881F9C4F2D409A0D904D2D6D897E9115793B40BB27B1618A638
machine_reuse/pairs/critical/PAIR_03343/pair.json,772,2026-08-24T20:45:05.184048Z,43D3F8E2A6D90C46FF6A7835A68AD039CEECBA23CC72AB5BE1BD3F7A0089879B
machine_reuse/pairs/critical/PAIR_03343/pre_intersection_1x.png,103,2026-08-24T20:45:05.176968Z,0AFE3F9B4A2EB0A358E99EB6F1E213761E02632C96D8D92B376EC043B959B514
machine_reuse/pairs/critical/PAIR_03343/raw_mask_A_1x.png,126,2026-08-24T20:45:05.175949Z,35046DFD103352EB5411B9992D7BA85516A05C869EE646345F9B3A4086470810
machine_reuse/pairs/critical/PAIR_03343/raw_mask_B_1x.png,158,2026-08-24T20:45:05.176968Z,D5D636A4F2F86AFB6899A615FB3978B322054437573BDDC2616CCAD128515FFF
machine_reuse/pairs/critical/PAIR_03345/bundle_1x.png,373,2026-08-24T20:45:05.192645Z,7DC22A344B2A032AF12E5FC27714E6EBB0B4D45E1F3836A25E51C71DD28BC0D3
machine_reuse/pairs/critical/PAIR_03345/bundle_8x_nearest.png,1573,2026-08-24T20:45:05.197727Z,1AA1F43268DC8BA5C24FE5FEBC12E5D22F41CDDAF216D8FB3B583EC4CA95F44B
machine_reuse/pairs/critical/PAIR_03345/original_roi_1x.png,224,2026-08-24T20:45:05.188097Z,F90A42C9F6C361CCD5997898BD5CE2E9D7073FC9551E0DEF543E80FDB4F51307
machine_reuse/pairs/critical/PAIR_03345/overlay_1x.png,149,2026-08-24T20:45:05.191634Z,C6AA030C9F496A943664224BAB3FA71934C42F134F19F2489F547CACEFA66DC2
machine_reuse/pairs/critical/PAIR_03345/pair.json,766,2026-08-24T20:45:05.198748Z,624289F181558C6C31E098C110D8D65839AB0EAD18332184F2D9B88D44E5E12D
machine_reuse/pairs/critical/PAIR_03345/pre_intersection_1x.png,123,2026-08-24T20:45:05.191121Z,4EA8877D5F2A54C0C60D294F6D5A4A59653DA9D85EF1C6E1F087E67CCAEE6E9D
machine_reuse/pairs/critical/PAIR_03345/raw_mask_A_1x.png,115,2026-08-24T20:45:05.189107Z,29E81E22669269156F554DB07B5AE25C392FA53CEB6A49E98239178860C4C1F7
machine_reuse/pairs/critical/PAIR_03345/raw_mask_B_1x.png,129,2026-08-24T20:45:05.190120Z,A41F388021ACAED1A337CCA7BACF8AFDE88B44934450F9D4912023DBC850D78A
machine_reuse/pairs/critical/PAIR_04345/bundle_1x.png,1125,2026-08-24T20:45:05.208079Z,02BA31ECAE7B4A0F65FFCB2314C6E7330E90C25C8B84AB9FC10B18D8A1850EC7
machine_reuse/pairs/critical/PAIR_04345/bundle_8x_nearest.png,7151,2026-08-24T20:45:05.225347Z,4062E8CFDE6353973D11B70A9CB18D19348C8E0E1F9ECFB99356AE5957B1577B
machine_reuse/pairs/critical/PAIR_04345/original_roi_1x.png,715,2026-08-24T20:45:05.202881Z,1BDF8A1A29B0F19822F9BC5E11AC68CA7A3E77454ED821ACE3233F303019D6D8
machine_reuse/pairs/critical/PAIR_04345/overlay_1x.png,676,2026-08-24T20:45:05.206032Z,49258EC4BED10F4D4D56059C3E0E617E2B097475FD3D89443FC166A81E60012C
machine_reuse/pairs/critical/PAIR_04345/pair.json,769,2026-08-24T20:45:05.226361Z,CFA248366D171CF5336486575ABA919D6F1532C6B564F9C9A72BF5912EDA78FA
machine_reuse/pairs/critical/PAIR_04345/pre_intersection_1x.png,218,2026-08-24T20:45:05.204919Z,2794203C47B15369EC9E8C76B7530DBA0A13F798DA8B60251EBF9A3672684FE0
machine_reuse/pairs/critical/PAIR_04345/raw_mask_A_1x.png,227,2026-08-24T20:45:05.202881Z,D3162F0DB5605CF4A2E4FB89C06B26CE6C0A81D7B22331FA854C6C78A32BF7CC
machine_reuse/pairs/critical/PAIR_04345/raw_mask_B_1x.png,229,2026-08-24T20:45:05.203901Z,34F9A9005CAF12141697DE80116865696ADCC71272EED7575E92E3E42B5DC68D
machine_reuse/pairs/critical/PAIR_04385/bundle_1x.png,1023,2026-08-24T20:45:05.235579Z,34A1FC449C4D284ED916EABCDBD9A59D7099973425A14E73605B4DD23B9CB1DA
machine_reuse/pairs/critical/PAIR_04385/bundle_8x_nearest.png,2977,2026-08-24T20:45:05.242800Z,FAC52AD7D0BD23C8140F4A2BE67EBCD756363A1C6986510A1A4FC9CDD9339ACA
machine_reuse/pairs/critical/PAIR_04385/original_roi_1x.png,778,2026-08-24T20:45:05.230438Z,B292A79D944729AC93994AA2F3944D36DE300272B13BF498749C0551F74A8333
machine_reuse/pairs/critical/PAIR_04385/overlay_1x.png,730,2026-08-24T20:45:05.234561Z,E986D4738A35AC7F9D8037E405314F60ECD4681EC188F33F1D6C194E8ACE2976
machine_reuse/pairs/critical/PAIR_04385/pair.json,777,2026-08-24T20:45:05.243819Z,91901C296D7EB9FA16D13E97D3F493CF0ABD190765CD5F9578FB7E3789E893F0
machine_reuse/pairs/critical/PAIR_04385/pre_intersection_1x.png,122,2026-08-24T20:45:05.233541Z,4A9E83CE1C15159A0AE178C934FE8FF7AFBB26A1EC9B5ACB86FD1CBC539081DF
machine_reuse/pairs/critical/PAIR_04385/raw_mask_A_1x.png,130,2026-08-24T20:45:05.231457Z,06E61E8CF1B8E098C4A741FE17BDF23A825CCBD1FF9A2966F0A7214F374F1D7F
machine_reuse/pairs/critical/PAIR_04385/raw_mask_B_1x.png,144,2026-08-24T20:45:05.232480Z,6DD1949C9E3AED00AA0A0B7A1B887C09D248F0951AA9F75A0B3CCBB9AAE4E2A3
machine_reuse/pairs/critical/PAIR_04386/bundle_1x.png,589,2026-08-24T20:45:05.250959Z,B962A52C2EA7478EDCFC2A0E70A2168EF82F45FF2CA37352ECF08220F9A28EE8
machine_reuse/pairs/critical/PAIR_04386/bundle_8x_nearest.png,1875,2026-08-24T20:45:05.255127Z,7BE73E4AB98CB40D933E947E1B7031600FA52FDC8FDFAB69E49590490C96B91B
machine_reuse/pairs/critical/PAIR_04386/original_roi_1x.png,364,2026-08-24T20:45:05.246886Z,2C91917A511BB66F4FE015E1442C04E097BBBE358DCAB25C1DA28D3185DBEA1B
machine_reuse/pairs/critical/PAIR_04386/overlay_1x.png,252,2026-08-24T20:45:05.249943Z,8CE03577CFFB2B562A9E92D8BC5B160913A5CE864C1033A4952F1E7E4AB886A1
machine_reuse/pairs/critical/PAIR_04386/pair.json,773,2026-08-24T20:45:05.256141Z,82744BE548496D5DD60DDCFAD5C78A907F28B9219894A5872B89ABDDC161D727
machine_reuse/pairs/critical/PAIR_04386/pre_intersection_1x.png,107,2026-08-24T20:45:05.248931Z,82003B532DF151F9FBBE974ADD23FA8335FD15ED159DAB5466DA26EE8A4BDDA6
machine_reuse/pairs/critical/PAIR_04386/raw_mask_A_1x.png,113,2026-08-24T20:45:05.247910Z,0FEE07FEE074FE6670EB00E5E02D4D7EA05D4DF4F2E61E2CAFC1DF1EF8BB18EB
machine_reuse/pairs/critical/PAIR_04386/raw_mask_B_1x.png,153,2026-08-24T20:45:05.248931Z,42C03FDCD1CD16D7143516517BA0A602020085B8A3B76B28F1BDACE1DD47F60E
machine_reuse/pairs/critical/PAIR_04389/bundle_1x.png,443,2026-08-24T20:45:05.263343Z,A0DBA5E12A127DCEE03DD112456E401B4ED3E741E67483457EDCC032B8BDE363
machine_reuse/pairs/critical/PAIR_04389/bundle_8x_nearest.png,1699,2026-08-24T20:45:05.267505Z,17699A39F15FE86F6E642ACC6AE80E35AB2D04A734EC75543AB292C658288C5B
machine_reuse/pairs/critical/PAIR_04389/original_roi_1x.png,265,2026-08-24T20:45:05.259201Z,BA36F5A1C6F0131560EAA4EF11471AFFFF4980952598C43D7C68E4475510A094
machine_reuse/pairs/critical/PAIR_04389/overlay_1x.png,184,2026-08-24T20:45:05.262257Z,234C088ED226A00046BE4214101074D0B0175C8043549036535F2AE8DEF420BF
machine_reuse/pairs/critical/PAIR_04389/pair.json,768,2026-08-24T20:45:05.268516Z,1B933FCF9578B9AC3F6E8528514AB8434A0DFB2E1094A25D8A2B48F1134056C2
machine_reuse/pairs/critical/PAIR_04389/pre_intersection_1x.png,127,2026-08-24T20:45:05.261239Z,75F5F5448C9582FFD9A77154F5133D306C15C1B512C29FF9F84A347C615D501F
machine_reuse/pairs/critical/PAIR_04389/raw_mask_A_1x.png,118,2026-08-24T20:45:05.260219Z,82F2E8326E0FBFB74325156A9D78E26F4251B30F7AFD9A9707339A89E980631E
machine_reuse/pairs/critical/PAIR_04389/raw_mask_B_1x.png,135,2026-08-24T20:45:05.261239Z,8406FBDA1F1C353838EA02598B7B82C16678437C08BCAEE5B44AE25387460CCA
machine_reuse/pairs/critical/PAIR_04390/bundle_1x.png,915,2026-08-24T20:45:05.275642Z,9CABCF8BD0C4DD9FA327865DB3F06FD8CF340B6DF39E548516A368262A12E795
machine_reuse/pairs/critical/PAIR_04390/bundle_8x_nearest.png,3222,2026-08-24T20:45:05.283816Z,242791231CD4DEB3286188CE7B608C5013953F87BDABD808F3DE9F2AE29A51BD
machine_reuse/pairs/critical/PAIR_04390/original_roi_1x.png,565,2026-08-24T20:45:05.271568Z,9AC4975CB083B6C6810BFA16512FE128796522B44DF27D93D36B6D7D73640EC5
machine_reuse/pairs/critical/PAIR_04390/overlay_1x.png,429,2026-08-24T20:45:05.274624Z,E41467B452030E995ED3E5C6059F81970F5136B788A0510C41C8C5CF8F3B30E8
machine_reuse/pairs/critical/PAIR_04390/pair.json,770,2026-08-24T20:45:05.284829Z,0E054E85F9C6E272E3F54F3182F0A461A2881D3F06FD087C5E7E7AEF578F4F08
machine_reuse/pairs/critical/PAIR_04390/pre_intersection_1x.png,130,2026-08-24T20:45:05.273603Z,8AB250BD9C01B41EEBF8ED6ABF3D4E4D4C73C98EBD7A521ED611C6436453D011
machine_reuse/pairs/critical/PAIR_04390/raw_mask_A_1x.png,143,2026-08-24T20:45:05.272586Z,9A86B574FA6A93AF563FC609D1BF0FDCF4160D82D2AFBB85FAF0D3DE1A9F6836
machine_reuse/pairs/critical/PAIR_04390/raw_mask_B_1x.png,182,2026-08-24T20:45:05.273603Z,EC076F00050CDA10ABA0E5720F7E5CEE27DF7A46B7DAEC6EB365F4892D2F39AD
machine_reuse/pairs/critical/PAIR_04405/bundle_1x.png,1581,2026-08-24T20:45:05.291474Z,86EB34A0D3F99AE185EE366E5D87F339923AFFCE950D3D88232AA165D11D4A9C
machine_reuse/pairs/critical/PAIR_04405/bundle_8x_nearest.png,5147,2026-08-24T20:45:05.301741Z,61602094AFC260273E1CC82554DF84D28148B1E9874D5806F62B1F50FF3322C0
machine_reuse/pairs/critical/PAIR_04405/original_roi_1x.png,1135,2026-08-24T20:45:05.286891Z,F02FDC1F18F380164983CFB1398F3C394F4B5AB6FD45BBD0FB1F91D669D834D8
machine_reuse/pairs/critical/PAIR_04405/overlay_1x.png,763,2026-08-24T20:45:05.289957Z,7E3AFA1D52E3037B53D52AFC3A524F9C766F52BE5B20DE102FC80942313A6B53
machine_reuse/pairs/critical/PAIR_04405/pair.json,738,2026-08-24T20:45:05.302749Z,463B1174B59773C2B73EA2C0EE9AA1CC8D0B678F4A2DFC409A65C6B329BBDBAF
machine_reuse/pairs/critical/PAIR_04405/pre_intersection_1x.png,156,2026-08-24T20:45:05.288929Z,5E39CD7B458C378A7B345C95550CCD1E4FBDA42972762EB4BA38D219F004D949
machine_reuse/pairs/critical/PAIR_04405/raw_mask_A_1x.png,223,2026-08-24T20:45:05.287913Z,EFBE658681EB3679B82297C6207488166595E33C389E611966D6B889613F41C6
machine_reuse/pairs/critical/PAIR_04405/raw_mask_B_1x.png,207,2026-08-24T20:45:05.287913Z,40A12E6B5B9646FD9E7C1FFD86A0D8893DE1F8933736DD3557D4FD7CAB9E8053
machine_reuse/pairs/critical/PAIR_04406/bundle_1x.png,1464,2026-08-24T20:45:05.309864Z,DE762B607F8FA52A1E6F7954786D0DB3776AD7C7775961C1ECC558816FFC6AB5
machine_reuse/pairs/critical/PAIR_04406/bundle_8x_nearest.png,4462,2026-08-24T20:45:05.318104Z,B8C02519C59F99A680D0A3A9FFA52CEED18D5D387E624C3850E5D616BB53C004
machine_reuse/pairs/critical/PAIR_04406/original_roi_1x.png,958,2026-08-24T20:45:05.304780Z,C35C3DD937CBF95680F0A83F3F0A2E4B3389DA09F8391795DBD99F3EDDE3239C
machine_reuse/pairs/critical/PAIR_04406/overlay_1x.png,484,2026-08-24T20:45:05.308846Z,20BC665A2266270CBD780FF2FB0B9BD121498A56AFEA90C3611839348A4D7533
machine_reuse/pairs/critical/PAIR_04406/pair.json,736,2026-08-24T20:45:05.319120Z,31CE527A5F15A69CE271AE89301118F966FAA46A621DCCCC47916BB51D84693F
machine_reuse/pairs/critical/PAIR_04406/pre_intersection_1x.png,142,2026-08-24T20:45:05.307822Z,4FCD21E67C85CE0D991848C29B0F3C8C688243BC3E06ADA089DFB8E14320A015
machine_reuse/pairs/critical/PAIR_04406/raw_mask_A_1x.png,206,2026-08-24T20:45:05.305799Z,85EDE7DB6341E59EEBB098A9163781875D8AAD80F200BF4E1C83FA971A40B4B7
machine_reuse/pairs/critical/PAIR_04406/raw_mask_B_1x.png,217,2026-08-24T20:45:05.306810Z,587CCA87F63DD9FA0F95B204C4223FEE45301E1C3A52286F59AA9A4A6F8A4B17
machine_reuse/pairs/critical/PAIR_04412/bundle_1x.png,824,2026-08-24T20:45:05.327306Z,9787EA320EB64C1FE0362333A01E79AFB178E37F5225A29EE11C9348AD914838
machine_reuse/pairs/critical/PAIR_04412/bundle_8x_nearest.png,2844,2026-08-24T20:45:05.333452Z,0E80CCD0E2A2E8AD6A7EAEDF99C00BAC6E2FA783C47DFE19B724685C0E01E963
machine_reuse/pairs/critical/PAIR_04412/original_roi_1x.png,524,2026-08-24T20:45:05.321160Z,83FB9B9D6617C1C3A5C6308E46D545A5D652BCA39CC8D83E5E83D9E21B93054D
machine_reuse/pairs/critical/PAIR_04412/overlay_1x.png,236,2026-08-24T20:45:05.325274Z,B768D4AC6C20D811404DC0D2E11261C57B4CD857285D68F1C1CA54B49C7D7AFD
machine_reuse/pairs/critical/PAIR_04412/pair.json,766,2026-08-24T20:45:05.334470Z,3A0812DEC38351D17DE6D4D50C66CE954F141BEA832F3101A1C8CB8C5D7E4CA9
machine_reuse/pairs/critical/PAIR_04412/pre_intersection_1x.png,129,2026-08-24T20:45:05.324261Z,F55509CA82CF934E7EAC1BA63370E24F51C6988E80A3CAB13E3CD749FB631199
machine_reuse/pairs/critical/PAIR_04412/raw_mask_A_1x.png,191,2026-08-24T20:45:05.322173Z,C656E8B2B35506F16979D7E4EB1C40B2AEDDB6A9E6D60FF74705DBC4A295D2E2
machine_reuse/pairs/critical/PAIR_04412/raw_mask_B_1x.png,138,2026-08-24T20:45:05.323238Z,BBA22ED1A5BB460E2BF55E82D52AD08F4D2F148B4E173F92660F17CCDA6C1A35
machine_reuse/pairs/critical/PAIR_04478/bundle_1x.png,578,2026-08-24T20:45:05.340556Z,A1F37AD7078994A69B618C92512754A6EC960E0787849BF1F824E068AC19815F
machine_reuse/pairs/critical/PAIR_04478/bundle_8x_nearest.png,2077,2026-08-24T20:45:05.345701Z,87E0A9D069A36245786FA3FD49905FFB20AF985825223820E3065A708BB17BBB
machine_reuse/pairs/critical/PAIR_04478/original_roi_1x.png,379,2026-08-24T20:45:05.336504Z,023E8AF0C489D3221287A0737D1C96DC870680A62CA79BB0D3C92EF01E7D5E95
machine_reuse/pairs/critical/PAIR_04478/overlay_1x.png,248,2026-08-24T20:45:05.339541Z,7961C0A67B06BABD055D377DDAD571454AC89151352B4C494DF328FD4CCCD446
machine_reuse/pairs/critical/PAIR_04478/pair.json,764,2026-08-24T20:45:05.346714Z,0C87299DDED22FA1A4FCBF8E802E9C0ABDFF2ADE7A0F9F7661C2C546C90A4680
machine_reuse/pairs/critical/PAIR_04478/pre_intersection_1x.png,120,2026-08-24T20:45:05.338528Z,0EF1DADFC5330C26EC4999E7DEA508F5A7FAD2B9D1A3522D9E2C0190988BE89A
machine_reuse/pairs/critical/PAIR_04478/raw_mask_A_1x.png,152,2026-08-24T20:45:05.336504Z,9CA6A6FD8F8F80FC927EE4C58B6548DCB5EE295A0BA9A7166033784C96835534
machine_reuse/pairs/critical/PAIR_04478/raw_mask_B_1x.png,122,2026-08-24T20:45:05.337516Z,56F1CA029664CD3EC5B48D6A3AAED1D1E55D09B5D8844C07ED103896841F8477
machine_reuse/pairs/critical/PAIR_04538/bundle_1x.png,1040,2026-08-24T20:45:05.353883Z,9FC9D429712B396C78BDE2CC35263F4CA65780B96602FEB43C73D477FB892BB8
machine_reuse/pairs/critical/PAIR_04538/bundle_8x_nearest.png,3584,2026-08-24T20:45:05.362093Z,C33BA0DD06AB8C2CB29FF90F000775920D4187C7FE723217BA796D89A36CFF9C
machine_reuse/pairs/critical/PAIR_04538/original_roi_1x.png,640,2026-08-24T20:45:05.348748Z,84817F37319C3FACFD5EE0D2536FB0FA1B34E57B56FC82BDFB6806829F8D4C9D
machine_reuse/pairs/critical/PAIR_04538/overlay_1x.png,342,2026-08-24T20:45:05.351797Z,51E238BED8085EFC0EA9C3805FFB0BF604506BC008ABF1B0909CB9E710377FB6
machine_reuse/pairs/critical/PAIR_04538/pair.json,736,2026-08-24T20:45:05.362093Z,09E96FD1B300C4EC0F7B83C7C89437C7D1D2D4DDEB1B912CA7ECE19AD4606B85
machine_reuse/pairs/critical/PAIR_04538/pre_intersection_1x.png,139,2026-08-24T20:45:05.351797Z,1E137D5A609258A0E13CAD21038E7C31C58EFCFFF64781934983F55800A883E1
machine_reuse/pairs/critical/PAIR_04538/raw_mask_A_1x.png,152,2026-08-24T20:45:05.349761Z,2C4D7C93113FD19B994694A84667A63310192222D8E7C28DD056C5040E5A9F7B
machine_reuse/pairs/critical/PAIR_04538/raw_mask_B_1x.png,222,2026-08-24T20:45:05.350774Z,4BF9EF6F366886C5D4D3DA8F0245667A4FA72A6E8833C79F4890C000745672E3
machine_reuse/pairs/critical/PAIR_04543/bundle_1x.png,334,2026-08-24T20:45:05.369207Z,46D7313F9C4EF31BBF48AED477C9D0D23231BCCA8DA9D66C91A5DE861840CAB8
machine_reuse/pairs/critical/PAIR_04543/bundle_8x_nearest.png,1999,2026-08-24T20:45:05.374328Z,237D460FFD35D7F5F46DDD70D6158C56AAF3214708B8BC85F8175748EA86E103
machine_reuse/pairs/critical/PAIR_04543/original_roi_1x.png,204,2026-08-24T20:45:05.365136Z,B0570701256C1AC6B1D6DF470FD42E552121954DF6728D8730844E8ACB880B4A
machine_reuse/pairs/critical/PAIR_04543/overlay_1x.png,151,2026-08-24T20:45:05.368190Z,0A8C906E778EAA24CEBA0AAE40C68608EBE5B2D7A0268B7AA4375DE18A6FA424
machine_reuse/pairs/critical/PAIR_04543/pair.json,766,2026-08-24T20:45:05.375417Z,990F378079912C0DD55B9109081D3B77DEC032892720944EDAF37487BB1BA56E
machine_reuse/pairs/critical/PAIR_04543/pre_intersection_1x.png,126,2026-08-24T20:45:05.367173Z,A88456F81D547D8ACE5AA1C60858A102990D9488360854D6A9D0D53951EA0159
machine_reuse/pairs/critical/PAIR_04543/raw_mask_A_1x.png,145,2026-08-24T20:45:05.366156Z,710312FC0766AB890E0ACB5B410BE668ED07A79B8B362D548E224D560D318569
machine_reuse/pairs/critical/PAIR_04543/raw_mask_B_1x.png,132,2026-08-24T20:45:05.367173Z,278C2BD1DF25C3531E32072030C4595CCA112B4A43148DC77911FA527FEB232D
machine_reuse/pairs/critical/PAIR_04603/bundle_1x.png,1004,2026-08-24T20:45:05.381482Z,0E0FDC18E21BD4C11BD7A9A907F0E5FD9D9FD5C6A7339E55F5FD7FAD5C7C613C
machine_reuse/pairs/critical/PAIR_04603/bundle_8x_nearest.png,3679,2026-08-24T20:45:05.389634Z,0E420832B3C3E3384FC29E0C14F778647F00B87531AFD16CC463BD352FD41F68
machine_reuse/pairs/critical/PAIR_04603/original_roi_1x.png,644,2026-08-24T20:45:05.377441Z,42B6ABD39C6937A58D5F8FB51875231DB09AF57DD3F3AE2B0529913AEBC0956E
machine_reuse/pairs/critical/PAIR_04603/overlay_1x.png,325,2026-08-24T20:45:05.380472Z,AF2D893E4A234271F208887BB1BCA699E2BBB8E1537B46BC76B8F477A1168E09
machine_reuse/pairs/critical/PAIR_04603/pair.json,736,2026-08-24T20:45:05.391146Z,E3D9A7041937957B9F66B944BFF024A8D5E5C4AAEB23AFAA67D115F31D7D72CA
machine_reuse/pairs/critical/PAIR_04603/pre_intersection_1x.png,142,2026-08-24T20:45:05.379461Z,4FCD21E67C85CE0D991848C29B0F3C8C688243BC3E06ADA089DFB8E14320A015
machine_reuse/pairs/critical/PAIR_04603/raw_mask_A_1x.png,203,2026-08-24T20:45:05.378451Z,030D4C4A464DC1FEA0D8E31FD73BA10DC216C10497F5FB7EB22E2DCCDD537CC3
machine_reuse/pairs/critical/PAIR_04603/raw_mask_B_1x.png,174,2026-08-24T20:45:05.379461Z,10C1F673397FC4076514915AF18BE010E75F27290E836EAF819622DFBD6D93B8
machine_reuse/pairs/critical/PAIR_04607/bundle_1x.png,845,2026-08-24T20:45:05.396253Z,8AE796D0A6EC7D110EF9A8183F00B1BF9A7F41AD669C975816C2ADBF7EE86525
machine_reuse/pairs/critical/PAIR_04607/bundle_8x_nearest.png,2888,2026-08-24T20:45:05.403363Z,121A3B802E7D4F86582CD7B3D79E709AC18E46CFD3D0D6FEC451ABCF96D6CFD3
machine_reuse/pairs/critical/PAIR_04607/original_roi_1x.png,519,2026-08-24T20:45:05.393203Z,AA93B773250C28F2BD7B0BF19417E8AFD60E0DDCC3E8C28F3BAA47069464CC46
machine_reuse/pairs/critical/PAIR_04607/overlay_1x.png,308,2026-08-24T20:45:05.395233Z,2C4B6CB85F6F2FC82BB9C0950C1C331C5DD0FB9291CFAD89B6CC69077DB34D0D
machine_reuse/pairs/critical/PAIR_04607/pair.json,766,2026-08-24T20:45:05.403363Z,08BE19ED050C99D0E9FA50D68BAF2716FC09658A590A21D57B41A76FD86E7E30
machine_reuse/pairs/critical/PAIR_04607/pre_intersection_1x.png,129,2026-08-24T20:45:05.395233Z,F55509CA82CF934E7EAC1BA63370E24F51C6988E80A3CAB13E3CD749FB631199
machine_reuse/pairs/critical/PAIR_04607/raw_mask_A_1x.png,193,2026-08-24T20:45:05.393203Z,508963B07809BBF1AC544F09E127D05852D7B7139AC238827B0ED2B549305CDF
machine_reuse/pairs/critical/PAIR_04607/raw_mask_B_1x.png,132,2026-08-24T20:45:05.394219Z,11F09728091C421819A47D8A51B0C4229910E678EC2EE29BA6E59188DFBC2ED8
machine_reuse/pairs/critical/PAIR_04670/bundle_1x.png,591,2026-08-24T20:45:05.409564Z,D0A2CDAFD0DC189E213DA53193BA79891DF1F603D1CA7A5C2AE4D0B5FE871B73
machine_reuse/pairs/critical/PAIR_04670/bundle_8x_nearest.png,2102,2026-08-24T20:45:05.414699Z,4EB8AAAEE1F39B72810FFAD17521AC4419D399D3018E296FAFB863B53B4E8B61
machine_reuse/pairs/critical/PAIR_04670/original_roi_1x.png,387,2026-08-24T20:45:05.405394Z,D806C44AA4584B262E98B7486A1EBFB5307EBF66C39F9A9FE3D390A0C86E0644
machine_reuse/pairs/critical/PAIR_04670/overlay_1x.png,253,2026-08-24T20:45:05.408540Z,F58367551EED084A3D8021D012A6F6D0A106FC62110AC6BFB272C45CB3D4A491
machine_reuse/pairs/critical/PAIR_04670/pair.json,764,2026-08-24T20:45:05.415708Z,880A84E733D3BE6E26C8F675A9E8F731B05AB46E1AF916C45A7A9F4F62406C47
machine_reuse/pairs/critical/PAIR_04670/pre_intersection_1x.png,120,2026-08-24T20:45:05.407521Z,0EF1DADFC5330C26EC4999E7DEA508F5A7FAD2B9D1A3522D9E2C0190988BE89A
machine_reuse/pairs/critical/PAIR_04670/raw_mask_A_1x.png,152,2026-08-24T20:45:05.406500Z,9CA6A6FD8F8F80FC927EE4C58B6548DCB5EE295A0BA9A7166033784C96835534
machine_reuse/pairs/critical/PAIR_04670/raw_mask_B_1x.png,122,2026-08-24T20:45:05.407521Z,56F1CA029664CD3EC5B48D6A3AAED1D1E55D09B5D8844C07ED103896841F8477
machine_reuse/pairs/critical/PAIR_05245/bundle_1x.png,1950,2026-08-24T20:45:05.422928Z,7495DBF815C5BC37F61346A05C9C79404D35C2FDC6A6D35238AD0496FCD307D3
machine_reuse/pairs/critical/PAIR_05245/bundle_8x_nearest.png,6769,2026-08-24T20:45:05.435098Z,E45E3B064A3505858ACE7206C8D4302FA6AA12D031951943E9E4543868638568
machine_reuse/pairs/critical/PAIR_05245/original_roi_1x.png,1391,2026-08-24T20:45:05.417751Z,284CB3EF66E120B5D3FEF0BE3FD20591FDDB28A9032241036B293578D54AC817
machine_reuse/pairs/critical/PAIR_05245/overlay_1x.png,1185,2026-08-24T20:45:05.420823Z,BC728FFA38AEBCDAE45E5D236D1232480601E04C59DA84C4624E87F20DDE8A8A
machine_reuse/pairs/critical/PAIR_05245/pair.json,739,2026-08-24T20:45:05.436108Z,E16A5932178C7D749998C3E149C3891A047C7D7EC808B59269A206943B30494E
machine_reuse/pairs/critical/PAIR_05245/pre_intersection_1x.png,178,2026-08-24T20:45:05.419795Z,9ABDE6D6269CC582B69A96E7C932134C4B2BD794A133F1BE0C354663C7DABBBF
machine_reuse/pairs/critical/PAIR_05245/raw_mask_A_1x.png,252,2026-08-24T20:45:05.418775Z,E7DBA9C6FEB98DAC452D9E530FF4DF26B45676DE8C3861A09E16DE74A40D28A5
machine_reuse/pairs/critical/PAIR_05245/raw_mask_B_1x.png,188,2026-08-24T20:45:05.419795Z,1EA4A27FF486F86DD96A8EBAAF4A6FF45B647309822E62D3B8958F1655A666BB
machine_reuse/pairs/critical/PAIR_05543/bundle_1x.png,859,2026-08-24T20:45:05.443363Z,B71237AAC270005AADE380F309880CCA4C7EF003075E89EEDA824FB8951B04C1
machine_reuse/pairs/critical/PAIR_05543/bundle_8x_nearest.png,2990,2026-08-24T20:45:05.449509Z,8766DFE0B220D7CF379487304FBD5B3CD46EAEB78C91E2B4FC755BFFF7C26673
machine_reuse/pairs/critical/PAIR_05543/original_roi_1x.png,566,2026-08-24T20:45:05.439263Z,D81DB4790BA6438392A5609FE211C52F14D66415737AD93AE07A0467CF3DDFE5
machine_reuse/pairs/critical/PAIR_05543/overlay_1x.png,270,2026-08-24T20:45:05.441290Z,88D727AE61668A8898AF710B31EF8DE35A5D391E2E041E755B59E60C3B99F822
machine_reuse/pairs/critical/PAIR_05543/pair.json,766,2026-08-24T20:45:05.450523Z,BC2DCA51603B7A4CE12DB3DAAE44A1B74AA606DCC847BCE9DC27659A6FF8DA9B
machine_reuse/pairs/critical/PAIR_05543/pre_intersection_1x.png,130,2026-08-24T20:45:05.441290Z,96796E11F29252801772A2327B78950EDBF44F0CC2B287BDA91F3771CD767404
machine_reuse/pairs/critical/PAIR_05543/raw_mask_A_1x.png,138,2026-08-24T20:45:05.439263Z,863509C87EEE1984C055929CA310126B0168667167BA04555776F1A93E5D3A9D
machine_reuse/pairs/critical/PAIR_05543/raw_mask_B_1x.png,191,2026-08-24T20:45:05.440278Z,C211EA2A5D6E54DE5223579D46A110BAB8C95CD9AED0A85AC0F9F1AE414F6D00
machine_reuse/pairs/critical/PAIR_05544/bundle_1x.png,1023,2026-08-24T20:45:05.456708Z,2FF901459BD382680F1BE48228F9957FA5EE9CB943BF3F1EBA08811FC6E294D5
machine_reuse/pairs/critical/PAIR_05544/bundle_8x_nearest.png,3602,2026-08-24T20:45:05.464848Z,A31FEA19A96D8575BF08788B6A73C7EFFE75A55ACC83A143F78D7A37712E93DD
machine_reuse/pairs/critical/PAIR_05544/original_roi_1x.png,687,2026-08-24T20:45:05.452625Z,2F7433B2A45E4D6BB8AF6104D4792AFCEAABD5E78020ED34788DC2F7F9752153
machine_reuse/pairs/critical/PAIR_05544/overlay_1x.png,468,2026-08-24T20:45:05.455682Z,A182DAF8625AB1223F7E2C74453F8C9361346862704FC71064479A25AD1B1904
machine_reuse/pairs/critical/PAIR_05544/pair.json,767,2026-08-24T20:45:05.465864Z,77D3B71D8B3911AD9CD42EDE3DA59B8DF0BBB96E05F79F30DA1EAC387875C7CE
machine_reuse/pairs/critical/PAIR_05544/pre_intersection_1x.png,139,2026-08-24T20:45:05.454664Z,936676C0486EF7E248482C7D770CDD5D1BEBC499BC253AB9349E17C7494811B0
machine_reuse/pairs/critical/PAIR_05544/raw_mask_A_1x.png,143,2026-08-24T20:45:05.452625Z,2420F174653A87FA63ECF866A947D7D1B8DB0143BAC6AD85075BE6598D75E88D
machine_reuse/pairs/critical/PAIR_05544/raw_mask_B_1x.png,192,2026-08-24T20:45:05.453643Z,4A1A50D71C8068AE8E2771C377062E870D7C8851DB2E6420667CA56F13171FED
machine_reuse/pairs/critical/PAIR_05545/bundle_1x.png,340,2026-08-24T20:45:05.471017Z,31EED74575E51E0457C9ED3718B9480EFFC17C69F3A5C6C0ED095D2DE2D9D724
machine_reuse/pairs/critical/PAIR_05545/bundle_8x_nearest.png,1969,2026-08-24T20:45:05.476164Z,391BC372C01905576161BAF24CC2EA0B76E79E6A44337860B93ABDAA6AF8F303
machine_reuse/pairs/critical/PAIR_05545/original_roi_1x.png,191,2026-08-24T20:45:05.466879Z,4D38FFFC1777CD0CF78D42D5E99A4AA54698DB45A3796D49961632AE25070EA7
machine_reuse/pairs/critical/PAIR_05545/overlay_1x.png,154,2026-08-24T20:45:05.470002Z,F3F51B3EB2E19057D9A73836BBF45481E69A1D0358BEC0FFDC0C49C6E6A9B072
machine_reuse/pairs/critical/PAIR_05545/pair.json,766,2026-08-24T20:45:05.477177Z,A73A3BDCBDD7DBC9140280C0A256F038915D6218464DF70D9E9BCC23F3F0C18B
machine_reuse/pairs/critical/PAIR_05545/pre_intersection_1x.png,126,2026-08-24T20:45:05.470002Z,E883E69264625BF5557C91C58C85FE18C42D8080702021CA6CEC050CE4B60B73
machine_reuse/pairs/critical/PAIR_05545/raw_mask_A_1x.png,130,2026-08-24T20:45:05.467970Z,2099F2593009BDC9A329FD2709B251D3CA5F178D19B63E4C8B3835016493BF68
machine_reuse/pairs/critical/PAIR_05545/raw_mask_B_1x.png,146,2026-08-24T20:45:05.468985Z,486939B3CE0376B131ACF5EE7739C98C6AEF9F311FC03845B7014664FC5F6952
machine_reuse/pairs/critical/PAIR_05546/bundle_1x.png,640,2026-08-24T20:45:05.484380Z,94D5D6CD2D3494EAD1A6493A4F024EC76F9FA8C3CD308F3026005C0EEB43AB66
machine_reuse/pairs/critical/PAIR_05546/bundle_8x_nearest.png,2321,2026-08-24T20:45:05.489457Z,1F9AD0D8B00E7121EEA951F62B24BFE81ACB442C9BBD10E86B5E3A6076F90D1F
machine_reuse/pairs/critical/PAIR_05546/original_roi_1x.png,381,2026-08-24T20:45:05.479209Z,E7182BC1056E432832CFDC6FF5BEF464DF90646197598223477FB046B91AFC1F
machine_reuse/pairs/critical/PAIR_05546/overlay_1x.png,204,2026-08-24T20:45:05.483365Z,085F2FB6BAA442A454D08980BB1144E640FC9DE9A3E3F00EE5BB0626048DB01B
machine_reuse/pairs/critical/PAIR_05546/pair.json,764,2026-08-24T20:45:05.490469Z,D758381E7815A66EA6DF34D0F625BC9CC169A0865C63622B3491F62E07395944
machine_reuse/pairs/critical/PAIR_05546/pre_intersection_1x.png,121,2026-08-24T20:45:05.481246Z,FDAAD3E8B5517FE69850BF46246D7727175CABD0730711676D22290DA6727109
machine_reuse/pairs/critical/PAIR_05546/raw_mask_A_1x.png,125,2026-08-24T20:45:05.480227Z,DF29E8DAB3BC4821B4594B8A7E859847B5D56697A8D1F1F9D399D9B80B205212
machine_reuse/pairs/critical/PAIR_05546/raw_mask_B_1x.png,171,2026-08-24T20:45:05.481246Z,BA14F1A9B92870B01C0EB7A0BBA598FC8E06F681946742B847714F06C2BFEE2D
machine_reuse/pairs/critical/PAIR_05804/bundle_1x.png,488,2026-08-24T20:45:05.497076Z,600A5AE377C013937F8C68AE7518D4CDCCB08AE3ABC1954CE1B8063865ED0C1C
machine_reuse/pairs/critical/PAIR_05804/bundle_8x_nearest.png,1858,2026-08-24T20:45:05.501217Z,BD8821DD3D118F91AB9CF661912B5D1AB5A38D2CBADF93BFB842D930E57F0891
machine_reuse/pairs/critical/PAIR_05804/original_roi_1x.png,297,2026-08-24T20:45:05.492999Z,CA2187C7B347EBB4801A475AF5C78CF9A68D37AF42B69C3089258CC5944A2DAD
machine_reuse/pairs/critical/PAIR_05804/overlay_1x.png,195,2026-08-24T20:45:05.496063Z,0BC0BAEF3464B3AA437EEED93347A8C896C1372EA2E4A65B99D31C191BA85F19
machine_reuse/pairs/critical/PAIR_05804/pair.json,765,2026-08-24T20:45:05.502228Z,F4FBB9338AF42799F9B2BFD85FB66D93FCE8DE0682659556CA73877E34D4A9A1
machine_reuse/pairs/critical/PAIR_05804/pre_intersection_1x.png,124,2026-08-24T20:45:05.496063Z,9C2FD15F51F16F12096AEB4EB18965FB1644341F5B1E86978CB8BD30DC9B56DD
machine_reuse/pairs/critical/PAIR_05804/raw_mask_A_1x.png,127,2026-08-24T20:45:05.494019Z,9AB6EFDE0A5A10C5B3A5DB53D875E2BCA5988578B516E8B79330BA6A06AB36E4
machine_reuse/pairs/critical/PAIR_05804/raw_mask_B_1x.png,145,2026-08-24T20:45:05.495037Z,08FD79DE595D1B11B41A5A24FD03543CD80E957ADFA91143BEC119B83C091F55
machine_reuse/pairs/critical/PAIR_06036/bundle_1x.png,415,2026-08-24T20:45:05.509385Z,1E3A93E1D4361679ABDE231EC4D24FA614195AE97C3CA3B2A711D8B30DAC17E3
machine_reuse/pairs/critical/PAIR_06036/bundle_8x_nearest.png,1646,2026-08-24T20:45:05.513493Z,9EE282E7405DC4FECB0EDBF4EDBE39A05076A9A2EC8C64EE913E07C1D6163868
machine_reuse/pairs/critical/PAIR_06036/original_roi_1x.png,249,2026-08-24T20:45:05.505316Z,F3D3ABEB1DD6290ED3CAB9703CDD81F31FBFF6EE483FDEC74D206D54F558B955
machine_reuse/pairs/critical/PAIR_06036/overlay_1x.png,175,2026-08-24T20:45:05.508366Z,3956197E31399ED54161F1E86A58CDF92D3BAA1663DD595BCECBA191A0C2F612
machine_reuse/pairs/critical/PAIR_06036/pair.json,760,2026-08-24T20:45:05.514578Z,CBEC8CF3893BF93699002F18BA2CA231E5612D8B86D0E845B24CF749639550BE
machine_reuse/pairs/critical/PAIR_06036/pre_intersection_1x.png,124,2026-08-24T20:45:05.507354Z,9C2FD15F51F16F12096AEB4EB18965FB1644341F5B1E86978CB8BD30DC9B56DD
machine_reuse/pairs/critical/PAIR_06036/raw_mask_A_1x.png,127,2026-08-24T20:45:05.506340Z,9AB6EFDE0A5A10C5B3A5DB53D875E2BCA5988578B516E8B79330BA6A06AB36E4
machine_reuse/pairs/critical/PAIR_06036/raw_mask_B_1x.png,131,2026-08-24T20:45:05.507354Z,7D6AE529CD1C549F75463662B82E0F0C6CB9476C36E2A4BB49C21BC7647C7344
machine_reuse/pairs/critical/PAIR_06331/bundle_1x.png,810,2026-08-24T20:45:05.521733Z,0677AF94BFE4B398C7053896E3AAAD77D312B361F7FC20053742734853C47825
machine_reuse/pairs/critical/PAIR_06331/bundle_8x_nearest.png,2702,2026-08-24T20:45:05.527824Z,934E1C454566370F8D6A2517701D8CD6D0812C6B8EFEFF5F5249EF8C8BB10EDD
machine_reuse/pairs/critical/PAIR_06331/original_roi_1x.png,494,2026-08-24T20:45:05.516623Z,AAC5B37B79CD67858A9D2F5DA539AABB508A18E13A90718EE361D08DE75A9343
machine_reuse/pairs/critical/PAIR_06331/overlay_1x.png,328,2026-08-24T20:45:05.519698Z,AB8A22D9474D6D8F1E1B6697FB9C34493461090DCAA30009276F8D49B529E423
machine_reuse/pairs/critical/PAIR_06331/pair.json,725,2026-08-24T20:45:05.528838Z,D4C73228431346536FC57A9F81A91FEF8D76983643F93E476C28298C12AA9807
machine_reuse/pairs/critical/PAIR_06331/pre_intersection_1x.png,116,2026-08-24T20:45:05.519698Z,53BC63729C878A8E2D5D43AC5B2E7128B4FD68954CCBD7E39E12FB596CDAF6E1
machine_reuse/pairs/critical/PAIR_06331/raw_mask_A_1x.png,122,2026-08-24T20:45:05.517659Z,E900862746995EAB890186D1D4939066A6C750CB9CF30CAF2469BF69761B4D15
machine_reuse/pairs/critical/PAIR_06331/raw_mask_B_1x.png,191,2026-08-24T20:45:05.518675Z,C74465DF04F98AF5EF870F058735BCE735CACEEAB04759EFE0825C60574A6F34
machine_reuse/pairs/critical/PAIR_06342/bundle_1x.png,1073,2026-08-24T20:45:05.536137Z,F2D190A0567792B8103D9D7D0EE24FFB1940D4EED29D6E03E7D436F088CAE4C0
machine_reuse/pairs/critical/PAIR_06342/bundle_8x_nearest.png,3401,2026-08-24T20:45:05.543230Z,330717BE3FE93522625C9F86809D7A328B1A83A2BB24EAD3D273832EF1D570F2
machine_reuse/pairs/critical/PAIR_06342/original_roi_1x.png,756,2026-08-24T20:45:05.532004Z,9666A453B836F35D5DEAD4C43E407A84C32CDBBE6B10A49989BC5014292FF08F
machine_reuse/pairs/critical/PAIR_06342/overlay_1x.png,687,2026-08-24T20:45:05.535104Z,D56C05EF6F2AB2E8492C54D292ADA4072BD9C10231277C63C50D00B508353012
machine_reuse/pairs/critical/PAIR_06342/pair.json,764,2026-08-24T20:45:05.544243Z,46279B7E3F2B0BEDDA39310EEE9EBCBBA520654612D6C7219AC0A20FCD0E7FA7
machine_reuse/pairs/critical/PAIR_06342/pre_intersection_1x.png,131,2026-08-24T20:45:05.534088Z,49F841C25BADD67BE49B3EEA7D9ABB461A90647AE85E88181AD56D2F1CB2E215
machine_reuse/pairs/critical/PAIR_06342/raw_mask_A_1x.png,138,2026-08-24T20:45:05.533072Z,D92CE8DC8B4E2DAED1D92B4C766ED6DF2BC51BC148934EB254F8A90B67D528D1
machine_reuse/pairs/critical/PAIR_06342/raw_mask_B_1x.png,156,2026-08-24T20:45:05.533072Z,2C593C9DB749C0B4B7692CFBF44719978839F44AD060625042903EDA9448E187
machine_reuse/pairs/critical/PAIR_06343/bundle_1x.png,505,2026-08-24T20:45:05.551478Z,73E6B8EC833270B978D19132CD6447656EF73AF0D4F8712AD2F36F1436E1819E
machine_reuse/pairs/critical/PAIR_06343/bundle_8x_nearest.png,1866,2026-08-24T20:45:05.555546Z,AA334BAFFC4FBEEB469987DC0AD2E1CD3F9B09FA87BEA96357F5D2B64CE635C7
machine_reuse/pairs/critical/PAIR_06343/original_roi_1x.png,313,2026-08-24T20:45:05.547411Z,388719868A09BD0B226B1042BD2DC90F73BC5956284F5032493800E05EF28623
machine_reuse/pairs/critical/PAIR_06343/overlay_1x.png,204,2026-08-24T20:45:05.550457Z,DF229EDA9CD97FA0D81E9CF4EEB5687E54435BB4EA5EA2F82E413CE2BC0F1D71
machine_reuse/pairs/critical/PAIR_06343/pair.json,760,2026-08-24T20:45:05.556557Z,31FB8A21C50BCECA21FE02BBA8BAC25135F9100BB6EE0BF804796B0ADAE74A99
machine_reuse/pairs/critical/PAIR_06343/pre_intersection_1x.png,117,2026-08-24T20:45:05.549438Z,8EC2D488DE8919BDD3927147C2787B4BF9E934822A48F113AB96DC284CBA73D6
machine_reuse/pairs/critical/PAIR_06343/raw_mask_A_1x.png,117,2026-08-24T20:45:05.548424Z,0B70ACAD50015176740ED90B68278FFDCE59B5BE48E2C64D4EA05D8C61810B65
machine_reuse/pairs/critical/PAIR_06343/raw_mask_B_1x.png,162,2026-08-24T20:45:05.548424Z,6E35E4D31486516E9AB774E65FD8E0045C416FDFBC87453948E018D414E744F7
machine_reuse/pairs/critical/PAIR_06344/bundle_1x.png,539,2026-08-24T20:45:05.562781Z,A9BDBA33B5111512AF6467868F0A51EC4938AA565AE4BA05BA2D1851FF4FBD46
machine_reuse/pairs/critical/PAIR_06344/bundle_8x_nearest.png,1986,2026-08-24T20:45:05.567874Z,A309BC9D0634F6A46E9A49672B65C9FE3F910AD03A4F5B1646F4D715A2E319BC
machine_reuse/pairs/critical/PAIR_06344/original_roi_1x.png,314,2026-08-24T20:45:05.558606Z,04E4F8894B33F20A7CE884F5262762102580DEBE66F588F10B55A9900B7EE8BB
machine_reuse/pairs/critical/PAIR_06344/overlay_1x.png,216,2026-08-24T20:45:05.561720Z,72535D66CFA851513C32E2E4756354DA4D425B1B66FC10FE8CC4F6ACBBF0259C
machine_reuse/pairs/critical/PAIR_06344/pair.json,733,2026-08-24T20:45:05.568893Z,E1B7D6A8723E9CCE1453138788533839BF175527866DEDA7D5E3D804ADD2EEB4
machine_reuse/pairs/critical/PAIR_06344/pre_intersection_1x.png,116,2026-08-24T20:45:05.560707Z,713AA97E7D73DDDAE0250E3717C6A962D1AB22D6DD739CBB07C419FD208764E1
machine_reuse/pairs/critical/PAIR_06344/raw_mask_A_1x.png,121,2026-08-24T20:45:05.559629Z,3DE8AFD5F3DAAE6905DD775AB245B61DE49DCC8BFDEBD321BC1AE07B6EEB2FA0
machine_reuse/pairs/critical/PAIR_06344/raw_mask_B_1x.png,165,2026-08-24T20:45:05.560707Z,EB0D17C2607547591AF0995178DEB288250FB7B9D09E37362AD0B289A183C5C1
machine_reuse/pairs/critical/PAIR_06345/bundle_1x.png,615,2026-08-24T20:45:05.577118Z,3215D4A032B9ECA32CF5E6A0F5F60F364CCD16E83E5E781E576ECFE6AE272D52
machine_reuse/pairs/critical/PAIR_06345/bundle_8x_nearest.png,2091,2026-08-24T20:45:05.582204Z,308C53D03C8806160CB3FEA22DB2330C73F2B89AEE5CA8F372C95458F4EE807C
machine_reuse/pairs/critical/PAIR_06345/original_roi_1x.png,370,2026-08-24T20:45:05.570924Z,0B01438BB0CD692DB482C739D4AF8B72C0A5835B904978B0C61BDDB626884883
machine_reuse/pairs/critical/PAIR_06345/overlay_1x.png,295,2026-08-24T20:45:05.576097Z,5495F6C70EAEE446E79CF59FBD9A0D36F46980959316F85891028337DE63129C
machine_reuse/pairs/critical/PAIR_06345/pair.json,733,2026-08-24T20:45:05.583214Z,3484B35A9BCBE1A2F66E41AECBC9299D532518FB6455EB0D32B2C87773F471BC
machine_reuse/pairs/critical/PAIR_06345/pre_intersection_1x.png,116,2026-08-24T20:45:05.575004Z,713AA97E7D73DDDAE0250E3717C6A962D1AB22D6DD739CBB07C419FD208764E1
machine_reuse/pairs/critical/PAIR_06345/raw_mask_A_1x.png,121,2026-08-24T20:45:05.571947Z,3DE8AFD5F3DAAE6905DD775AB245B61DE49DCC8BFDEBD321BC1AE07B6EEB2FA0
machine_reuse/pairs/critical/PAIR_06345/raw_mask_B_1x.png,162,2026-08-24T20:45:05.573987Z,611CDEC760F5DD149F4E9EE440C1C17AC3146D3EFD058FA5FE38696DDF185C1A
machine_reuse/pairs/critical/PAIR_06580/bundle_1x.png,1109,2026-08-24T20:45:05.589328Z,CD6209AA6916F2A3A989EF5E3395F5FEF447DEAA396F80AA71D9A374B994D9AD
machine_reuse/pairs/critical/PAIR_06580/bundle_8x_nearest.png,2988,2026-08-24T20:45:05.595971Z,D7D867F38F93D3E9341F242DA8199206EA243156D9B5B5B7C47D2B8B85CAE007
machine_reuse/pairs/critical/PAIR_06580/original_roi_1x.png,656,2026-08-24T20:45:05.585248Z,C85162AF90E2AFB82ABE44E8213AE012E027DB0071E1FCF48645900E53BFA07C
machine_reuse/pairs/critical/PAIR_06580/overlay_1x.png,364,2026-08-24T20:45:05.588312Z,DD629D84A9F19966E4F63B1D938B0BFED4698690DFD470B324FAF04431BB3774
machine_reuse/pairs/critical/PAIR_06580/pair.json,755,2026-08-24T20:45:05.595971Z,0D0399222E4D0FD0F04DD45F34F76C88A533CBBCC645FFD9D6A863812565FF54
machine_reuse/pairs/critical/PAIR_06580/pre_intersection_1x.png,138,2026-08-24T20:45:05.587281Z,9C154C059E0F54DADA150105F9D2733010DCEE6B9E5DDD9F042C6D656723ACA0
machine_reuse/pairs/critical/PAIR_06580/raw_mask_A_1x.png,152,2026-08-24T20:45:05.586264Z,8996C5551093C3EDB7A03A192E1E297F450270490CD0115EE6818B34DBD55C7E
machine_reuse/pairs/critical/PAIR_06580/raw_mask_B_1x.png,207,2026-08-24T20:45:05.587281Z,C443799EC5EC7D5D9E9C782DA636765D03DA8EE12C1A7D9AC4BB281D41A4D56F
machine_reuse/pairs/critical/PAIR_06605/bundle_1x.png,1118,2026-08-24T20:45:05.602067Z,5E46C2790C05BFB5F0FC2E9BB34D6E9F4A631BBA4A5F130FD14E1C2C2DD54675
machine_reuse/pairs/critical/PAIR_06605/bundle_8x_nearest.png,2939,2026-08-24T20:45:05.608227Z,38EA2C00940FAF50887BC8322817E5D4D328F6AB52F1ACA4D1611FEF2E2B6B53
machine_reuse/pairs/critical/PAIR_06605/original_roi_1x.png,686,2026-08-24T20:45:05.597999Z,6199CF5C8CBFD2528B704D44E9125F540FCCE5EC8890960EF83608AE4053FE09
machine_reuse/pairs/critical/PAIR_06605/overlay_1x.png,399,2026-08-24T20:45:05.601046Z,DFEA85E16B133CCF2FC1FC279D2E78219E83C3E66639972A60C049A7B44393A5
machine_reuse/pairs/critical/PAIR_06605/pair.json,755,2026-08-24T20:45:05.609246Z,C48B61A9EB10BCB2CBA23488965A9021E1F8F386CE403251306EED600C42022E
machine_reuse/pairs/critical/PAIR_06605/pre_intersection_1x.png,134,2026-08-24T20:45:05.600035Z,F1DA4F08A4C24F720791149E364EE1110183B0CEE0F2B51BBD7FB57D59CC5739
machine_reuse/pairs/critical/PAIR_06605/raw_mask_A_1x.png,159,2026-08-24T20:45:05.599022Z,F1BC06EE2D3D2543E883D10A80315DA6679A9CA69958CBF389E4DCE24553E6DC
machine_reuse/pairs/critical/PAIR_06605/raw_mask_B_1x.png,216,2026-08-24T20:45:05.600035Z,046859B5BBEA8218B75B32FAF90BA1C30C5D342C40143467230AAAAE55A8C2DC
machine_reuse/pairs/critical/PAIR_06626/bundle_1x.png,979,2026-08-24T20:45:05.616346Z,6F1ECCBEBABFF46D5A4DD1B5E2932888FB438634B3A7FF6B723E898E5863C688
machine_reuse/pairs/critical/PAIR_06626/bundle_8x_nearest.png,2703,2026-08-24T20:45:05.621442Z,AFD888160353CAC813D0D7D865DFD72234FA2090DF9F6CAFA56381E02FF95A92
machine_reuse/pairs/critical/PAIR_06626/original_roi_1x.png,609,2026-08-24T20:45:05.611273Z,3EE763A4AE8DB274580B4514D147A324C79C2E06A51A52B82F10E2F25A18DCF1
machine_reuse/pairs/critical/PAIR_06626/overlay_1x.png,352,2026-08-24T20:45:05.614314Z,6D2A22899124EA1BCFADAD10B959B09A635118134CF1DEED0B9CF9101B0846A3
machine_reuse/pairs/critical/PAIR_06626/pair.json,765,2026-08-24T20:45:05.622510Z,92CFBFDF9F2DB3AD187D4E71AFB6E7891D391375401D205FEC55063D456BC0B0
machine_reuse/pairs/critical/PAIR_06626/pre_intersection_1x.png,129,2026-08-24T20:45:05.614314Z,8C2D41323890F14FA90A6CD5405468D4CC2A41AB85FCB4E6DB1C4075DE3D3103
machine_reuse/pairs/critical/PAIR_06626/raw_mask_A_1x.png,129,2026-08-24T20:45:05.612285Z,2B4D2DBEA6093DD831426041E24CAA8042B66736C6338525ABEDB0E0B52688E1
machine_reuse/pairs/critical/PAIR_06626/raw_mask_B_1x.png,212,2026-08-24T20:45:05.613299Z,CAE1A1D68F1B2EFCB9B15BB9C91E8C3EB7C6806597B5417CCF0353408028F33F
machine_reuse/pairs/critical/PAIR_06643/bundle_1x.png,1167,2026-08-24T20:45:05.628688Z,2ABC804A9D7E61868880DE096FF9A47233CB6EFBED02DB44A439A5E0CE37E6E2
machine_reuse/pairs/critical/PAIR_06643/bundle_8x_nearest.png,2979,2026-08-24T20:45:05.633774Z,B31EADB7FD494B9E06FC3C96CBB0E251E5E3577DD021EF250029857B6F4A09CE
machine_reuse/pairs/critical/PAIR_06643/original_roi_1x.png,681,2026-08-24T20:45:05.624597Z,802AC589F69FBA8DF8F26C81DF5A85EC97502A3890E80AC3AFDE215D01BE0665
machine_reuse/pairs/critical/PAIR_06643/overlay_1x.png,409,2026-08-24T20:45:05.627666Z,2490D73EA1696E30090F04580C4415B258AE5A74A345F7849FF87325141404BA
machine_reuse/pairs/critical/PAIR_06643/pair.json,769,2026-08-24T20:45:05.634791Z,479A7F46C5625485FB8155459127BAB6057C944DADA6DC86B009B79992079DC9
machine_reuse/pairs/critical/PAIR_06643/pre_intersection_1x.png,124,2026-08-24T20:45:05.626635Z,C44B968CD6DBB5FE21686CD45406C6946E3048A61452918CB0C5E024913E43D3
machine_reuse/pairs/critical/PAIR_06643/raw_mask_A_1x.png,132,2026-08-24T20:45:05.625616Z,16C545FE739725A6F891B4F904ECA0E04A1D7B952824E51F63A786B29F62F705
machine_reuse/pairs/critical/PAIR_06643/raw_mask_B_1x.png,219,2026-08-24T20:45:05.625616Z,613B6E9542C6B1946E9FBB18F2F5E169A96DA982B6184B49DB9BA3FA78DF09C8
machine_reuse/pairs/critical/PAIR_06665/bundle_1x.png,1073,2026-08-24T20:45:05.643010Z,DE265CABA3AEAADB4556FD15DAF2FAEE212AAE9462F240DF02DA0F0A3E6E91CB
machine_reuse/pairs/critical/PAIR_06665/bundle_8x_nearest.png,2899,2026-08-24T20:45:05.648107Z,9A728AEF5EFAD31E5F4C148D7CBC32876E01F41AB8BFE5B02C2F6F8C0DA9901A
machine_reuse/pairs/critical/PAIR_06665/original_roi_1x.png,678,2026-08-24T20:45:05.636823Z,C17FCCF1E210251B83CEF471BC1C640AB52A5213004DD07C21E2EB4E19D2AE5F
machine_reuse/pairs/critical/PAIR_06665/overlay_1x.png,350,2026-08-24T20:45:05.640973Z,617070F90D0E84B91B2467BFB2DE3522EB90A3C0C764372040BB00AC3F04DE33
machine_reuse/pairs/critical/PAIR_06665/pair.json,757,2026-08-24T20:45:05.648107Z,ACD9C2C89543503A12C0192D06CA58EB01BAE15DBA4ACA5F0F399D61DE4A224E
machine_reuse/pairs/critical/PAIR_06665/pre_intersection_1x.png,127,2026-08-24T20:45:05.639956Z,1274621590B1F8FAF02A13190FA617CBEC63F562830747E5610FC7D5AF9BD782
machine_reuse/pairs/critical/PAIR_06665/raw_mask_A_1x.png,142,2026-08-24T20:45:05.638933Z,79B8EB34C2DE23041509DB2950483B4AC7A41831FDA339BC96804B069B8B67CA
machine_reuse/pairs/critical/PAIR_06665/raw_mask_B_1x.png,213,2026-08-24T20:45:05.639956Z,CBA268F0892543A2A6DEA04FDBAE1D54BA089AA92FEA9A817301DC618B5EF467
machine_reuse/pairs/critical/PAIR_06668/bundle_1x.png,1237,2026-08-24T20:45:05.656368Z,EA321E04CB000763F9B3CB7D4C56FB808E64B8FC05E82BE893C75C98B36FABD1
machine_reuse/pairs/critical/PAIR_06668/bundle_8x_nearest.png,3531,2026-08-24T20:45:05.664536Z,4F576C683CB191C3274C34C5132C7A5965123F4912CAFE6AF2B22464C15AB472
machine_reuse/pairs/critical/PAIR_06668/original_roi_1x.png,806,2026-08-24T20:45:05.650149Z,5ACC5F0B31C19FB72B0AE42F43DC38CFE3F3C53A49AC238E311C970E7D98409E
machine_reuse/pairs/critical/PAIR_06668/overlay_1x.png,495,2026-08-24T20:45:05.654333Z,785530083FA962556A7D014EB0F0D460008594B30BB895B5CD774EDBB0DA25D0
machine_reuse/pairs/critical/PAIR_06668/pair.json,741,2026-08-24T20:45:05.665563Z,4C5C4DFD9F59BB2669C9A53BC3DF42C0726811EE072A7AF1143D011FB57A0DE2
machine_reuse/pairs/critical/PAIR_06668/pre_intersection_1x.png,122,2026-08-24T20:45:05.653315Z,3A7E69C38864EBA485B6F60C2CA12284DD7B67F9A8B013BCC15485BE4E1F18D1
machine_reuse/pairs/critical/PAIR_06668/raw_mask_A_1x.png,169,2026-08-24T20:45:05.651169Z,9C60D20508188253FF3A4B7B40CC9CC17D529828FDC8B476EF99E588C352C562
machine_reuse/pairs/critical/PAIR_06668/raw_mask_B_1x.png,177,2026-08-24T20:45:05.652185Z,51EF46DFE4496A3C0750D3889A76970BB3D7D1C39C0002C347440370FBDA53EF
machine_reuse/pdf_text_dual_inventory.csv,26207,2026-08-24T20:57:09.313766Z,7839ECECBC71F1550B6E1291C58812C553DACCD812D127FA200D13C90473EF8A
machine_reuse/raw_ownership_ledger.csv,7884,2026-08-24T20:57:09.303718Z,553A9277F10B6C981DA5F90D494328D718BD37F61ACCB3AA55458234505B319E
machine_reuse/role_hierarchy_ledger.csv,399,2026-08-24T20:44:58.542313Z,9F1F97EF106375E139B3F0E0433F66F188E3CCC6C139183DA29EC7C1312294D2
machine_reuse/run_direct_lualatex_once.ps1,3228,2026-08-24T20:39:35.314251Z,71570BB825D00367FF423DA6943DBBCE46EE659FA3A3F158D596884DE2D442FC
machine_reuse/views/after_text_measurement_overlay_300dpi.png,144921,2026-08-24T20:44:58.607266Z,B1AC5D6DD2E915DFFAC5B80D0138942C35B161D14C99F2545EE0DD20E1269879
machine_reuse/views/figure_crop_300dpi.png,130990,2026-08-24T20:44:53.665837Z,253CE83D8F8407B2412A3BFFED922F4D2F54A65259E8685EE03F1EA83C9EE799
machine_reuse/views/full_page_200dpi.png,97346,2026-08-24T20:44:53.626757Z,D6B49F485F4ACAC9D921681F15670F964709571FF3E9E67B8C0F05445DFD8FC2
machine_reuse/views/grayscale_300dpi.png,122330,2026-08-24T20:44:53.741886Z,0B897BB093BF6633D4E809D4E4A26C8AABADC30EEF4029D7D74BBD01A466C46B
machine_reuse/views/standalone_300dpi.png,130056,2026-08-24T20:44:53.700158Z,48308375E36154D10A9FBDC0FAF10CD0148A6E79FC4D198CA7E4DFB810D6706B
MACHINE_REUSE_IDENTITY_LEDGER.csv,673306,2026-08-24T21:37:25.938461Z,D14C89EBBEF1D0D5C458433FC25AF1569C9C288532FDF0A0B763376974CA91AA
MACHINE_REUSE_IDENTITY_LEDGER.json,1023489,2026-08-24T21:37:26.014292Z,A704DE9F97001B934CB102E6D4AD64B5ABB9D9C40B14335C3B447F471F903C30
MACHINE_REUSE_STAGING_SUMMARY.json,838,2026-08-24T21:37:26.098897Z,EC8702590A8D60688D57BABC175B1E0CAC67E1348B255CF3959AF0683C7E30DB
manual/CRITICAL_PAIR_MANUAL_DECISIONS.csv,20549,2026-08-24T21:53:52.323980Z,8DBC0AE1470489736A6B212F5998D2F38F9CBE6E86046A6C72C550AE71EDCCED
manual/GLYPH_MANUAL_DECISIONS.csv,22236,2026-08-24T21:49:54.019711Z,1DB9850DEA2ECF94385A5BD98B85431A995C84156ACDC5F9DAF6057FD49BF59E
manual/GRAPHIC_MANUAL_DECISIONS.csv,9145,2026-08-24T21:51:19.852547Z,30ED90CBCF4BD973FBFE5FD447287E866C4B26C511AB1E9A4257E87A347099C4
manual/SCHEMA_MANUAL_DECISIONS.csv,11309,2026-08-24T21:59:36.330535Z,DA7B197C46035CA028B381343D31F40673DBEA4DD363AA7E7953646146A67378
MANUAL_REVIEW_SCOPE.md,966,2026-08-24T21:59:00.235634Z,4BD574F278E44D1FFBADBEF8DAA9AAEF064CB30BE5923BD5C452141680509DCD
MODEL_ROUTE.md,268,2026-08-24T21:35:23.916582Z,1531F9F20604D3EE86592FC0AAE73D49B0D0F411BBE4E1DFE900979964D6C7D9
PARSE_CHECK.json,4861,2026-08-24T22:05:38.305858Z,209DA56FB4A98D4F43BE300162DE40A7207F1CCEC600DF1E04B7E69C221583E7
PARSE_CHECK_R2.json,830,2026-08-24T22:07:36.812999Z,2C0961DEC146EB6A4284BDB69D20A2A4D88E119FBC72752B6B65C2CD82DB27D1
PHASE_IDENTITY_BEFORE_CONSUMER.json,1224,2026-08-24T22:02:14.064450Z,3F9E821A65AE2B29B3574501103BE923945133595C4E9FF9D0E838383B6FD0C0
PHASE_IDENTITY_BEFORE_FINALIZER.json,1121,2026-08-24T22:05:20.859034Z,97CDE96914DAF1C49DCAA3BB7A99162C28701AED4B660C11BA53DE0A42D0667A
PHASE_IDENTITY_BEFORE_FINALIZER_R2.json,1278,2026-08-24T22:07:25.443058Z,96A66B4FDAD5DB022B1778F1E6BB6A6A0463AA376CF9B134DF585C7D8A985357
PROCESS_EVIDENCE_RECONCILIATION.md,3935,2026-08-24T21:58:59.047322Z,CA95A1EFA1EB93743FFAAC55DC013C229623EFFA02E7D1033D04A6D6005D2995
R7A_MACHINE_FACT_BINDING.md,1174,2026-08-24T21:58:59.878109Z,CCBE1776921EFDD20F4C0847C6D2C58EDE655DBB7DA955B76439346773C0DA57
RESULT.json,1291,2026-08-24T22:03:26.917661Z,2941F44675B9367D9AFD23FEC1A534352285E2DEE2382F29169EAF66090D6BD6
SA2_REPORT.md,2644,2026-08-24T22:03:26.564278Z,490EE6FA1922E140C37A9ED19FB8384005878FBC068B6C41B53A8EAC4197893B
tools/capture_current_external_state.ps1,4741,2026-08-24T21:38:06.037189Z,C9A90B98A6A1ECE0FCE2B3FF1EE49A0F6E5489CF0968C76E02338771F9C28741
tools/consumer_validator.py,10921,2026-08-24T22:01:47.267627Z,C9AD2D36DA7B87E32F4E63001FC5755DABC275C494A6B9094C1011F9E60344C1
tools/package_finalizer.py,10315,2026-08-24T22:06:49.562192Z,F20FCACEA4C52FBFC5CBDB04ACC7E11CAC8376AD749EB0953E7655E031ECDB54
tools/stage_machine_evidence.ps1,7180,2026-08-24T21:37:16.291871Z,73BDBE21C0441E59C77AF9780B5690C1F3F74649C185BD9FEE5E3680ADC38F18
