PAIR_ID,OBJECT_A,ROLE_A,LABEL_A,PANEL_A,OBJECT_B,ROLE_B,LABEL_B,PANEL_B,RAW_MASK_A,RAW_MASK_B,ACTUALLY_RECOMPUTED,OVERLAP_PIXEL_COUNT,MIN_CENTER_DISTANCE_PX,CLEARANCE_PX,CRITICAL_KIND,OLD_OVERLAP_PIXEL_COUNT,OLD_CLEARANCE_PX,OLD_OVERLAP_MATCH,OLD_CRITICAL_KIND,OLD_CRITICAL_MEMBERSHIP_MATCH,OLD_POSITIVE_CLEARANCE_EXACT_MATCH,OLD_TO_NATIVE_CLEARANCE_DELTA_PX,PROVISIONAL_SEMANTIC_CLASS,PROVISIONAL_SPECIFIC_REASON,EVIDENCE_REFERENCE,CRITICAL_PACKAGE
PAIR_GR001_GR002,GR001,LINE_ARROW,left_x_ticks,L,GR002,LINE_ARROW,left_y_ticks,L,input_graphic_masks/GR001_raw.png,input_graphic_masks/GR002_raw.png,true,0,2.828427124746,1.828427124746,NONCRITICAL_DISJOINT,0,1.828427,true,NONCRITICAL_DISJOINT,true,true,-0.000000124746,NOT_APPLICABLE,No overlap; no intentional geometry claimed.,input_graphic_masks/GR001_raw.png|input_graphic_masks/GR002_raw.png|NOT_REQUIRED_CLEARANCE_GT_0,NOT_REQUIRED_CLEARANCE_GT_0
PAIR_GR001_GR003,GR001,LINE_ARROW,left_x_ticks,L,GR003,LINE_ARROW,left_x_axis,L,input_graphic_masks/GR001_raw.png,input_graphic_masks/GR003_raw.png,true,22,0.000000000000,0.000000000000,OVERLAP,22,0.000000,true,OVERLAP,true,true,0.000000000000,AXIS_TICK_CONNECTION,左图横轴刻度短线有意落在承载它们的横轴描边上；交集只位于刻度—横轴接点，不遮挡数据或文字。,input_graphic_masks/GR001_raw.png|input_graphic_masks/GR003_raw.png|critical_pairs/PAIR_GR001_GR003/package_manifest.json,critical_pairs/PAIR_GR001_GR003/package_manifest.json
PAIR_GR001_GR004,GR001,LINE_ARROW,left_x_ticks,L,GR004,ARROWHEAD,left_x_arrow,L,input_graphic_masks/GR001_raw.png,input_graphic_masks/GR004_raw.png,true,0,1.414213562373,0.414213562373,NONCRITICAL_DISJOINT,0,0.414214,true,NONCRITICAL_DISJOINT,true,true,0.000000437627,NOT_APPLICABLE,No overlap; no intentional geometry claimed.,input_graphic_masks/GR001_raw.png|input_graphic_masks/GR004_raw.png|NOT_REQUIRED_CLEARANCE_GT_0,NOT_REQUIRED_CLEARANCE_GT_0
PAIR_GR001_GR005,GR001,LINE_ARROW,left_x_ticks,L,GR005,LINE_ARROW,left_y_axis,L,input_graphic_masks/GR001_raw.png,input_graphic_masks/GR005_raw.png,true,15,0.000000000000,0.000000000000,OVERLAP,15,0.000000,true,OVERLAP,true,true,0.000000000000,AXIS_ORIGIN_CONNECTION,左图 x=0 的横轴刻度与纵轴在坐标原点共用框架接点；交集是坐标系结构连接。,input_graphic_masks/GR001_raw.png|input_graphic_masks/GR005_raw.png|critical_pairs/PAIR_GR001_GR005/package_manifest.json,critical_pairs/PAIR_GR001_GR005/package_manifest.json
PAIR_GR001_GR006,GR001,LINE_ARROW,left_x_ticks,L,GR006,ARROWHEAD,left_y_arrow,L,input_graphic_masks/GR001_raw.png,input_graphic_masks/GR006_raw.png,true,0,484.050617187914,483.050617187914,NONCRITICAL_DISJOINT,0,479.000000,true,NONCRITICAL_DISJOINT,true,false,-4.050617187914,NOT_APPLICABLE,No overlap; no intentional geometry claimed.,input_graphic_masks/GR001_raw.png|input_graphic_masks/GR006_raw.png|NOT_REQUIRED_CLEARANCE_GT_0,NOT_REQUIRED_CLEARANCE_GT_0
PAIR_GR001_GR007,GR001,LINE_ARROW,left_x_ticks,L,GR007,DATA_CURVE,left_p,L,input_graphic_masks/GR001_raw.png,input_graphic_masks/GR007_raw.png,true,1,0.000000000000,0.000000000000,OVERLAP,1,0.000000,true,OVERLAP,true,true,0.000000000000,CURVE_AXIS_ENDPOINT_CONNECTION,左图目标密度满足 p(0)=0，蓝色目标曲线在定义域左端收束到 x=0 刻度；单像素交集是函数端点接轴。,input_graphic_masks/GR001_raw.png|input_graphic_masks/GR007_raw.png|critical_pairs/PAIR_GR001_GR007/package_manifest.json,critical_pairs/PAIR_GR001_GR007/package_manifest.json
PAIR_GR001_GR008,GR001,LINE_ARROW,left_x_ticks,L,GR008,DATA_CURVE,left_q_positive,L,input_graphic_masks/GR001_raw.png,input_graphic_masks/GR008_raw.png,true,0,323.000000000000,322.000000000000,NONCRITICAL_DISJOINT,0,318.000000,true,NONCRITICAL_DISJOINT,true,false,-4.000000000000,NOT_APPLICABLE,No overlap; no intentional geometry claimed.,input_graphic_masks/GR001_raw.png|input_graphic_masks/GR008_raw.png|NOT_REQUIRED_CLEARANCE_GT_0,NOT_REQUIRED_CLEARANCE_GT_0
PAIR_GR001_GR009,GR001,LINE_ARROW,left_x_ticks,L,GR009,DATA_CURVE,left_q_zero,L,input_graphic_masks/GR001_raw.png,input_graphic_masks/GR009_raw.png,true,0,1.000000000000,0.000000000000,ZERO_CLEARANCE_NO_OVERLAP,0,0.000000,true,ZERO_CLEARANCE_NO_OVERLAP,true,true,0.000000000000,NOT_APPLICABLE,No overlap; no intentional geometry claimed.,input_graphic_masks/GR001_raw.png|input_graphic_masks/GR009_raw.png|critical_pairs/PAIR_GR001_GR009/package_manifest.json,critical_pairs/PAIR_GR001_GR009/package_manifest.json
PAIR_GR001_GR010,GR001,LINE_ARROW,left_x_ticks,L,GR010,LINE_ARROW,left_boundary,L,input_graphic_masks/GR001_raw.png,input_graphic_masks/GR010_raw.png,true,25,0.000000000000,0.000000000000,OVERLAP,25,0.000000,true,OVERLAP,true,true,0.000000000000,BOUNDARY_TICK_CONNECTION,左图支撑边界 x=5/2 的点线从同名横轴刻度起画；交集是边界线锚定到 5/2 刻度的设计连接。,input_graphic_masks/GR001_raw.png|input_graphic_masks/GR010_raw.png|critical_pairs/PAIR_GR001_GR010/package_manifest.json,critical_pairs/PAIR_GR001_GR010/package_manifest.json
PAIR_GR001_GR011,GR001,LINE_ARROW,left_x_ticks,L,GR011,MARKER,left_square,L,input_graphic_masks/GR001_raw.png,input_graphic_masks/GR011_raw.png,true,0,313.000000000000,312.000000000000,NONCRITICAL_DISJOINT,0,305.000000,true,NONCRITICAL_DISJOINT,true,false,-7.000000000000,NOT_APPLICABLE,No overlap; no intentional geometry claimed.,input_graphic_masks/GR001_raw.png|input_graphic_masks/GR011_raw.png|NOT_REQUIRED_CLEARANCE_GT_0,NOT_REQUIRED_CLEARANCE_GT_0
PAIR_GR001_GR012,GR001,LINE_ARROW,left_x_ticks,L,GR012,MARKER,left_open_circle,L,input_graphic_masks/GR001_raw.png,input_graphic_masks/GR012_raw.png,true,0,1.414213562373,0.414213562373,NONCRITICAL_DISJOINT,0,0.414214,true,NONCRITICAL_DISJOINT,true,true,0.000000437627,NOT_APPLICABLE,No overlap; no intentional geometry claimed.,input_graphic_masks/GR001_raw.png|input_graphic_masks/GR012_raw.png|NOT_REQUIRED_CLEARANCE_GT_0,NOT_REQUIRED_CLEARANCE_GT_0
PAIR_GR001_GR013,GR001,LINE_ARROW,left_x_ticks,L,GR013,LINE_ARROW,right_x_ticks,R,input_graphic_masks/GR001_raw.png,input_graphic_masks/GR013_raw.png,true,0,115.000000000000,114.000000000000,NONCRITICAL_DISJOINT,0,111.000000,true,NONCRITICAL_DISJOINT,true,false,-3.000000000000,NOT_APPLICABLE,No overlap; no intentional geometry claimed.,input_graphic_masks/GR001_raw.png|input_graphic_masks/GR013_raw.png|NOT_REQUIRED_CLEARANCE_GT_0,NOT_REQUIRED_CLEARANCE_GT_0
PAIR_GR001_GR014,GR001,LINE_ARROW,left_x_ticks,L,GR014,LINE_ARROW,right_y_ticks,R,input_graphic_masks/GR001_raw.png,input_graphic_masks/GR014_raw.png,true,0,107.018689956474,106.018689956474,NONCRITICAL_DISJOINT,0,103.000000,true,NONCRITICAL_DISJOINT,true,false,-3.018689956474,NOT_APPLICABLE,No overlap; no intentional geometry claimed.,input_graphic_masks/GR001_raw.png|input_graphic_masks/GR014_raw.png|NOT_REQUIRED_CLEARANCE_GT_0,NOT_REQUIRED_CLEARANCE_GT_0
PAIR_GR001_GR015,GR001,LINE_ARROW,left_x_ticks,L,GR015,LINE_ARROW,right_x_axis,R,input_graphic_masks/GR001_raw.png,input_graphic_masks/GR015_raw.png,true,0,119.004201606498,118.004201606498,NONCRITICAL_DISJOINT,0,111.000000,true,NONCRITICAL_DISJOINT,true,false,-7.004201606498,NOT_APPLICABLE,No overlap; no intentional geometry claimed.,input_graphic_masks/GR001_raw.png|input_graphic_masks/GR015_raw.png|NOT_REQUIRED_CLEARANCE_GT_0,NOT_REQUIRED_CLEARANCE_GT_0
PAIR_GR001_GR016,GR001,LINE_ARROW,left_x_ticks,L,GR016,ARROWHEAD,right_x_arrow,R,input_graphic_masks/GR001_raw.png,input_graphic_masks/GR016_raw.png,true,0,675.018518264499,674.018518264499,NONCRITICAL_DISJOINT,0,671.000000,true,NONCRITICAL_DISJOINT,true,false,-3.018518264499,NOT_APPLICABLE,No overlap; no intentional geometry claimed.,input_graphic_masks/GR001_raw.png|input_graphic_masks/GR016_raw.png|NOT_REQUIRED_CLEARANCE_GT_0,NOT_REQUIRED_CLEARANCE_GT_0
PAIR_GR001_GR017,GR001,LINE_ARROW,left_x_ticks,L,GR017,LINE_ARROW,right_y_axis,R,input_graphic_masks/GR001_raw.png,input_graphic_masks/GR017_raw.png,true,0,115.004347743901,114.004347743901,NONCRITICAL_DISJOINT,0,111.000000,true,NONCRITICAL_DISJOINT,true,false,-3.004347743901,NOT_APPLICABLE,No overlap; no intentional geometry claimed.,input_graphic_masks/GR001_raw.png|input_graphic_masks/GR017_raw.png|NOT_REQUIRED_CLEARANCE_GT_0,NOT_REQUIRED_CLEARANCE_GT_0
PAIR_GR001_GR018,GR001,LINE_ARROW,left_x_ticks,L,GR018,ARROWHEAD,right_y_arrow,R,input_graphic_masks/GR001_raw.png,input_graphic_masks/GR018_raw.png,true,0,496.342623597853,495.342623597853,NONCRITICAL_DISJOINT,0,490.160178,true,NONCRITICAL_DISJOINT,true,false,-5.182445597853,NOT_APPLICABLE,No overlap; no intentional geometry claimed.,input_graphic_masks/GR001_raw.png|input_graphic_masks/GR018_raw.png|NOT_REQUIRED_CLEARANCE_GT_0,NOT_REQUIRED_CLEARANCE_GT_0
PAIR_GR001_GR019,GR001,LINE_ARROW,left_x_ticks,L,GR019,DATA_CURVE,right_p,R,input_graphic_masks/GR001_raw.png,input_graphic_masks/GR019_raw.png,true,0,115.000000000000,114.000000000000,NONCRITICAL_DISJOINT,0,109.000000,true,NONCRITICAL_DISJOINT,true,false,-5.000000000000,NOT_APPLICABLE,No overlap; no intentional geometry claimed.,input_graphic_masks/GR001_raw.png|input_graphic_masks/GR019_raw.png|NOT_REQUIRED_CLEARANCE_GT_0,NOT_REQUIRED_CLEARANCE_GT_0
PAIR_GR001_GR020,GR001,LINE_ARROW,left_x_ticks,L,GR020,DATA_CURVE,right_q,R,input_graphic_masks/GR001_raw.png,input_graphic_masks/GR020_raw.png,true,0,195.000000000000,194.000000000000,NONCRITICAL_DISJOINT,0,186.010752,true,NONCRITICAL_DISJOINT,true,false,-7.989248000000,NOT_APPLICABLE,No overlap; no intentional geometry claimed.,input_graphic_masks/GR001_raw.png|input_graphic_masks/GR020_raw.png|NOT_REQUIRED_CLEARANCE_GT_0,NOT_REQUIRED_CLEARANCE_GT_0
PAIR_GR001_GR021,GR001,LINE_ARROW,left_x_ticks,L,GR021,NODE_BORDER,weight_card_border,R,input_graphic_masks/GR001_raw.png,input_graphic_masks/GR021_raw.png,true,0,308.150937042223,307.150937042223,NONCRITICAL_DISJOINT,0,299.641452,true,NONCRITICAL_DISJOINT,true,false,-7.509485042223,NOT_APPLICABLE,No overlap; no intentional geometry claimed.,input_graphic_masks/GR001_raw.png|input_graphic_masks/GR021_raw.png|NOT_REQUIRED_CLEARANCE_GT_0,NOT_REQUIRED_CLEARANCE_GT_0
PAIR_GR001_GR022,GR001,LINE_ARROW,left_x_ticks,L,GR022,MARKER,right_circle,R,input_graphic_masks/GR001_raw.png,input_graphic_masks/GR022_raw.png,true,0,262.651860834832,261.651860834832,NONCRITICAL_DISJOINT,0,250.059993,true,NONCRITICAL_DISJOINT,true,false,-11.591867834832,NOT_APPLICABLE,No overlap; no intentional geometry claimed.,input_graphic_masks/GR001_raw.png|input_graphic_masks/GR022_raw.png|NOT_REQUIRED_CLEARANCE_GT_0,NOT_REQUIRED_CLEARANCE_GT_0
PAIR_GR001_GR023,GR001,LINE_ARROW,left_x_ticks,L,GR023,MARKER,right_square,R,input_graphic_masks/GR001_raw.png,input_graphic_masks/GR023_raw.png,true,0,453.484288592229,452.484288592229,NONCRITICAL_DISJOINT,0,445.286425,true,NONCRITICAL_DISJOINT,true,false,-7.197863592229,NOT_APPLICABLE,No overlap; no intentional geometry claimed.,input_graphic_masks/GR001_raw.png|input_graphic_masks/GR023_raw.png|NOT_REQUIRED_CLEARANCE_GT_0,NOT_REQUIRED_CLEARANCE_GT_0
PAIR_GR001_GR024,GR001,LINE_ARROW,left_x_ticks,L,GR024,MARKER,right_triangle,R,input_graphic_masks/GR001_raw.png,input_graphic_masks/GR024_raw.png,true,0,580.631552707911,579.631552707911,NONCRITICAL_DISJOINT,0,575.543222,true,NONCRITICAL_DISJOINT,true,false,-4.088330707911,NOT_APPLICABLE,No overlap; no intentional geometry claimed.,input_graphic_masks/GR001_raw.png|input_graphic_masks/GR024_raw.png|NOT_REQUIRED_CLEARANCE_GT_0,NOT_REQUIRED_CLEARANCE_GT_0
PAIR_GR001_GR025,GR001,LINE_ARROW,left_x_ticks,L,GR025,DATA_REGION,left_missing_support_hatch,L,input_graphic_masks/GR001_raw.png,input_graphic_masks/GR025_raw.png,true,14,0.000000000000,0.000000000000,OVERLAP,14,0.000000,true,OVERLAP,true,true,0.000000000000,TICK_REGION_BOUNDARY_CONNECTION,左图缺失支撑斜线区以横轴为下边界，横轴刻度穿过该边界；交集局限于纹理区下边界的刻度接点。,input_graphic_masks/GR001_raw.png|input_graphic_masks/GR025_raw.png|critical_pairs/PAIR_GR001_GR025/package_manifest.json,critical_pairs/PAIR_GR001_GR025/package_manifest.json
PAIR_GR002_GR003,GR002,LINE_ARROW,left_y_ticks,L,GR003,LINE_ARROW,left_x_axis,L,input_graphic_masks/GR002_raw.png,input_graphic_masks/GR003_raw.png,true,22,0.000000000000,0.000000000000,OVERLAP,22,0.000000,true,OVERLAP,true,true,0.000000000000,AXIS_ORIGIN_CONNECTION,左图 y=0 纵轴刻度与横轴在原点共用坐标框架接点；交集不是独立数据图形碰撞。,input_graphic_masks/GR002_raw.png|input_graphic_masks/GR003_raw.png|critical_pairs/PAIR_GR002_GR003/package_manifest.json,critical_pairs/PAIR_GR002_GR003/package_manifest.json
PAIR_GR002_GR004,GR002,LINE_ARROW,left_y_ticks,L,GR004,ARROWHEAD,left_x_arrow,L,input_graphic_masks/GR002_raw.png,input_graphic_masks/GR004_raw.png,true,0,549.044624780172,548.044624780172,NONCRITICAL_DISJOINT,0,544.000000,true,NONCRITICAL_DISJOINT,true,false,-4.044624780172,NOT_APPLICABLE,No overlap; no intentional geometry claimed.,input_graphic_masks/GR002_raw.png|input_graphic_masks/GR004_raw.png|NOT_REQUIRED_CLEARANCE_GT_0,NOT_REQUIRED_CLEARANCE_GT_0
PAIR_GR002_GR005,GR002,LINE_ARROW,left_y_ticks,L,GR005,LINE_ARROW,left_y_axis,L,input_graphic_masks/GR002_raw.png,input_graphic_masks/GR005_raw.png,true,40,0.000000000000,0.000000000000,OVERLAP,40,0.000000,true,OVERLAP,true,true,0.000000000000,AXIS_TICK_CONNECTION,左图各纵轴刻度短线有意横跨其承载纵轴；交集仅为刻度—纵轴连接。,input_graphic_masks/GR002_raw.png|input_graphic_masks/GR005_raw.png|critical_pairs/PAIR_GR002_GR005/package_manifest.json,critical_pairs/PAIR_GR002_GR005/package_manifest.json
PAIR_GR002_GR006,GR002,LINE_ARROW,left_y_ticks,L,GR006,ARROWHEAD,left_y_arrow,L,input_graphic_masks/GR002_raw.png,input_graphic_masks/GR006_raw.png,true,0,74.242844773082,73.242844773082,NONCRITICAL_DISJOINT,0,70.000000,true,NONCRITICAL_DISJOINT,true,false,-3.242844773082,NOT_APPLICABLE,No overlap; no intentional geometry claimed.,input_graphic_masks/GR002_raw.png|input_graphic_masks/GR006_raw.png|NOT_REQUIRED_CLEARANCE_GT_0,NOT_REQUIRED_CLEARANCE_GT_0
PAIR_GR002_GR007,GR002,LINE_ARROW,left_y_ticks,L,GR007,DATA_CURVE,left_p,L,input_graphic_masks/GR002_raw.png,input_graphic_masks/GR007_raw.png,true,0,1.000000000000,0.000000000000,ZERO_CLEARANCE_NO_OVERLAP,0,0.000000,true,ZERO_CLEARANCE_NO_OVERLAP,true,true,0.000000000000,NOT_APPLICABLE,No overlap; no intentional geometry claimed.,input_graphic_masks/GR002_raw.png|input_graphic_masks/GR007_raw.png|critical_pairs/PAIR_GR002_GR007/package_manifest.json,critical_pairs/PAIR_GR002_GR007/package_manifest.json
PAIR_GR002_GR008,GR002,LINE_ARROW,left_y_ticks,L,GR008,DATA_CURVE,left_q_positive,L,input_graphic_masks/GR002_raw.png,input_graphic_masks/GR008_raw.png,true,0,1.000000000000,0.000000000000,ZERO_CLEARANCE_NO_OVERLAP,0,0.000000,true,ZERO_CLEARANCE_NO_OVERLAP,true,true,0.000000000000,NOT_APPLICABLE,No overlap; no intentional geometry claimed.,input_graphic_masks/GR002_raw.png|input_graphic_masks/GR008_raw.png|critical_pairs/PAIR_GR002_GR008/package_manifest.json,critical_pairs/PAIR_GR002_GR008/package_manifest.json
PAIR_GR002_GR009,GR002,LINE_ARROW,left_y_ticks,L,GR009,DATA_CURVE,left_q_zero,L,input_graphic_masks/GR002_raw.png,input_graphic_masks/GR009_raw.png,true,0,279.000000000000,278.000000000000,NONCRITICAL_DISJOINT,0,271.000000,true,NONCRITICAL_DISJOINT,true,false,-7.000000000000,NOT_APPLICABLE,No overlap; no intentional geometry claimed.,input_graphic_masks/GR002_raw.png|input_graphic_masks/GR009_raw.png|NOT_REQUIRED_CLEARANCE_GT_0,NOT_REQUIRED_CLEARANCE_GT_0
PAIR_GR002_GR010,GR002,LINE_ARROW,left_y_ticks,L,GR010,LINE_ARROW,left_boundary,L,input_graphic_masks/GR002_raw.png,input_graphic_masks/GR010_raw.png,true,0,277.000000000000,276.000000000000,NONCRITICAL_DISJOINT,0,271.000000,true,NONCRITICAL_DISJOINT,true,false,-5.000000000000,NOT_APPLICABLE,No overlap; no intentional geometry claimed.,input_graphic_masks/GR002_raw.png|input_graphic_masks/GR010_raw.png|NOT_REQUIRED_CLEARANCE_GT_0,NOT_REQUIRED_CLEARANCE_GT_0
PAIR_GR002_GR011,GR002,LINE_ARROW,left_y_ticks,L,GR011,MARKER,left_square,L,input_graphic_masks/GR002_raw.png,input_graphic_masks/GR011_raw.png,true,0,274.089401473315,273.089401473315,NONCRITICAL_DISJOINT,0,258.000000,true,NONCRITICAL_DISJOINT,true,false,-15.089401473315,NOT_APPLICABLE,No overlap; no intentional geometry claimed.,input_graphic_masks/GR002_raw.png|input_graphic_masks/GR011_raw.png|NOT_REQUIRED_CLEARANCE_GT_0,NOT_REQUIRED_CLEARANCE_GT_0
PAIR_GR002_GR012,GR002,LINE_ARROW,left_y_ticks,L,GR012,MARKER,left_open_circle,L,input_graphic_masks/GR002_raw.png,input_graphic_masks/GR012_raw.png,true,0,265.000000000000,264.000000000000,NONCRITICAL_DISJOINT,0,259.000000,true,NONCRITICAL_DISJOINT,true,false,-5.000000000000,NOT_APPLICABLE,No overlap; no intentional geometry claimed.,input_graphic_masks/GR002_raw.png|input_graphic_masks/GR012_raw.png|NOT_REQUIRED_CLEARANCE_GT_0,NOT_REQUIRED_CLEARANCE_GT_0
PAIR_GR002_GR013,GR002,LINE_ARROW,left_y_ticks,L,GR013,LINE_ARROW,right_x_ticks,R,input_graphic_masks/GR002_raw.png,input_graphic_masks/GR013_raw.png,true,0,682.000733137436,681.000733137436,NONCRITICAL_DISJOINT,0,677.000000,true,NONCRITICAL_DISJOINT,true,false,-4.000733137436,NOT_APPLICABLE,No overlap; no intentional geometry claimed.,input_graphic_masks/GR002_raw.png|input_graphic_masks/GR013_raw.png|NOT_REQUIRED_CLEARANCE_GT_0,NOT_REQUIRED_CLEARANCE_GT_0
PAIR_GR002_GR014,GR002,LINE_ARROW,left_y_ticks,L,GR014,LINE_ARROW,right_y_ticks,R,input_graphic_masks/GR002_raw.png,input_graphic_masks/GR014_raw.png,true,0,674.000000000000,673.000000000000,NONCRITICAL_DISJOINT,0,669.000000,true,NONCRITICAL_DISJOINT,true,false,-4.000000000000,NOT_APPLICABLE,No overlap; no intentional geometry claimed.,input_graphic_masks/GR002_raw.png|input_graphic_masks/GR014_raw.png|NOT_REQUIRED_CLEARANCE_GT_0,NOT_REQUIRED_CLEARANCE_GT_0
PAIR_GR002_GR015,GR002,LINE_ARROW,left_y_ticks,L,GR015,LINE_ARROW,right_x_axis,R,input_graphic_masks/GR002_raw.png,input_graphic_masks/GR015_raw.png,true,0,686.000000000000,685.000000000000,NONCRITICAL_DISJOINT,0,677.000000,true,NONCRITICAL_DISJOINT,true,false,-8.000000000000,NOT_APPLICABLE,No overlap; no intentional geometry claimed.,input_graphic_masks/GR002_raw.png|input_graphic_masks/GR015_raw.png|NOT_REQUIRED_CLEARANCE_GT_0,NOT_REQUIRED_CLEARANCE_GT_0
PAIR_GR002_GR016,GR002,LINE_ARROW,left_y_ticks,L,GR016,ARROWHEAD,right_x_arrow,R,input_graphic_masks/GR002_raw.png,input_graphic_masks/GR016_raw.png,true,0,1242.019726091337,1241.019726091337,NONCRITICAL_DISJOINT,0,1237.000000,true,NONCRITICAL_DISJOINT,true,false,-4.019726091337,NOT_APPLICABLE,No overlap; no intentional geometry claimed.,input_graphic_masks/GR002_raw.png|input_graphic_masks/GR016_raw.png|NOT_REQUIRED_CLEARANCE_GT_0,NOT_REQUIRED_CLEARANCE_GT_0
PAIR_GR002_GR017,GR002,LINE_ARROW,left_y_ticks,L,GR017,LINE_ARROW,right_y_axis,R,input_graphic_masks/GR002_raw.png,input_graphic_masks/GR017_raw.png,true,0,682.000000000000,681.000000000000,NONCRITICAL_DISJOINT,0,677.000000,true,NONCRITICAL_DISJOINT,true,false,-4.000000000000,NOT_APPLICABLE,No overlap; no intentional geometry claimed.,input_graphic_masks/GR002_raw.png|input_graphic_masks/GR017_raw.png|NOT_REQUIRED_CLEARANCE_GT_0,NOT_REQUIRED_CLEARANCE_GT_0
PAIR_GR002_GR018,GR002,LINE_ARROW,left_y_ticks,L,GR018,ARROWHEAD,right_y_arrow,R,input_graphic_masks/GR002_raw.png,input_graphic_masks/GR018_raw.png,true,0,680.147778060033,679.147778060033,NONCRITICAL_DISJOINT,0,673.646792,true,NONCRITICAL_DISJOINT,true,false,-5.500986060033,NOT_APPLICABLE,No overlap; no intentional geometry claimed.,input_graphic_masks/GR002_raw.png|input_graphic_masks/GR018_raw.png|NOT_REQUIRED_CLEARANCE_GT_0,NOT_REQUIRED_CLEARANCE_GT_0
PAIR_GR002_GR019,GR002,LINE_ARROW,left_y_ticks,L,GR019,DATA_CURVE,right_p,R,input_graphic_masks/GR002_raw.png,input_graphic_masks/GR019_raw.png,true,0,682.000000000000,681.000000000000,NONCRITICAL_DISJOINT,0,675.000000,true,NONCRITICAL_DISJOINT,true,false,-6.000000000000,NOT_APPLICABLE,No overlap; no intentional geometry claimed.,input_graphic_masks/GR002_raw.png|input_graphic_masks/GR019_raw.png|NOT_REQUIRED_CLEARANCE_GT_0,NOT_REQUIRED_CLEARANCE_GT_0
PAIR_GR002_GR020,GR002,LINE_ARROW,left_y_ticks,L,GR020,DATA_CURVE,right_q,R,input_graphic_masks/GR002_raw.png,input_graphic_masks/GR020_raw.png,true,0,682.000000000000,681.000000000000,NONCRITICAL_DISJOINT,0,676.000000,true,NONCRITICAL_DISJOINT,true,false,-5.000000000000,NOT_APPLICABLE,No overlap; no intentional geometry claimed.,input_graphic_masks/GR002_raw.png|input_graphic_masks/GR020_raw.png|NOT_REQUIRED_CLEARANCE_GT_0,NOT_REQUIRED_CLEARANCE_GT_0
PAIR_GR002_GR021,GR002,LINE_ARROW,left_y_ticks,L,GR021,NODE_BORDER,weight_card_border,R,input_graphic_masks/GR002_raw.png,input_graphic_masks/GR021_raw.png,true,0,703.000000000000,702.000000000000,NONCRITICAL_DISJOINT,0,698.000000,true,NONCRITICAL_DISJOINT,true,false,-4.000000000000,NOT_APPLICABLE,No overlap; no intentional geometry claimed.,input_graphic_masks/GR002_raw.png|input_graphic_masks/GR021_raw.png|NOT_REQUIRED_CLEARANCE_GT_0,NOT_REQUIRED_CLEARANCE_GT_0
PAIR_GR002_GR022,GR002,LINE_ARROW,left_y_ticks,L,GR022,MARKER,right_circle,R,input_graphic_masks/GR002_raw.png,input_graphic_masks/GR022_raw.png,true,0,784.015943715432,783.015943715432,NONCRITICAL_DISJOINT,0,779.000000,true,NONCRITICAL_DISJOINT,true,false,-4.015943715432,NOT_APPLICABLE,No overlap; no intentional geometry claimed.,input_graphic_masks/GR002_raw.png|input_graphic_masks/GR022_raw.png|NOT_REQUIRED_CLEARANCE_GT_0,NOT_REQUIRED_CLEARANCE_GT_0
PAIR_GR002_GR023,GR002,LINE_ARROW,left_y_ticks,L,GR023,MARKER,right_square,R,input_graphic_masks/GR002_raw.png,input_graphic_masks/GR023_raw.png,true,0,958.000000000000,957.000000000000,NONCRITICAL_DISJOINT,0,952.000000,true,NONCRITICAL_DISJOINT,true,false,-5.000000000000,NOT_APPLICABLE,No overlap; no intentional geometry claimed.,input_graphic_masks/GR002_raw.png|input_graphic_masks/GR023_raw.png|NOT_REQUIRED_CLEARANCE_GT_0,NOT_REQUIRED_CLEARANCE_GT_0
PAIR_GR002_GR024,GR002,LINE_ARROW,left_y_ticks,L,GR024,MARKER,right_triangle,R,input_graphic_masks/GR002_raw.png,input_graphic_masks/GR024_raw.png,true,0,1129.086799143449,1128.086799143449,NONCRITICAL_DISJOINT,0,1125.000000,true,NONCRITICAL_DISJOINT,true,false,-3.086799143449,NOT_APPLICABLE,No overlap; no intentional geometry claimed.,input_graphic_masks/GR002_raw.png|input_graphic_masks/GR024_raw.png|NOT_REQUIRED_CLEARANCE_GT_0,NOT_REQUIRED_CLEARANCE_GT_0
PAIR_GR002_GR025,GR002,LINE_ARROW,left_y_ticks,L,GR025,DATA_REGION,left_missing_support_hatch,L,input_graphic_masks/GR002_raw.png,input_graphic_masks/GR025_raw.png,true,0,277.001805048270,276.001805048270,NONCRITICAL_DISJOINT,0,273.000000,true,NONCRITICAL_DISJOINT,true,false,-3.001805048270,NOT_APPLICABLE,No overlap; no intentional geometry claimed.,input_graphic_masks/GR002_raw.png|input_graphic_masks/GR025_raw.png|NOT_REQUIRED_CLEARANCE_GT_0,NOT_REQUIRED_CLEARANCE_GT_0
PAIR_GR003_GR004,GR003,LINE_ARROW,left_x_axis,L,GR004,ARROWHEAD,left_x_arrow,L,input_graphic_masks/GR003_raw.png,input_graphic_masks/GR004_raw.png,true,0,6.324555320337,5.324555320337,NONCRITICAL_DISJOINT,0,5.324555,true,NONCRITICAL_DISJOINT,true,true,-0.000000320337,NOT_APPLICABLE,No overlap; no intentional geometry claimed.,input_graphic_masks/GR003_raw.png|input_graphic_masks/GR004_raw.png|NOT_REQUIRED_CLEARANCE_GT_0,NOT_REQUIRED_CLEARANCE_GT_0
PAIR_GR003_GR005,GR003,LINE_ARROW,left_x_axis,L,GR005,LINE_ARROW,left_y_axis,L,input_graphic_masks/GR003_raw.png,input_graphic_masks/GR005_raw.png,true,0,5.830951894845,4.830951894845,NONCRITICAL_DISJOINT,0,4.830952,true,NONCRITICAL_DISJOINT,true,true,0.000000105155,NOT_APPLICABLE,No overlap; no intentional geometry claimed.,input_graphic_masks/GR003_raw.png|input_graphic_masks/GR005_raw.png|NOT_REQUIRED_CLEARANCE_GT_0,NOT_REQUIRED_CLEARANCE_GT_0
PAIR_GR003_GR006,GR003,LINE_ARROW,left_x_axis,L,GR006,ARROWHEAD,left_y_arrow,L,input_graphic_masks/GR003_raw.png,input_graphic_masks/GR006_raw.png,true,0,493.000000000000,492.000000000000,NONCRITICAL_DISJOINT,0,488.000000,true,NONCRITICAL_DISJOINT,true,false,-4.000000000000,NOT_APPLICABLE,No overlap; no intentional geometry claimed.,input_graphic_masks/GR003_raw.png|input_graphic_masks/GR006_raw.png|NOT_REQUIRED_CLEARANCE_GT_0,NOT_REQUIRED_CLEARANCE_GT_0
PAIR_GR003_GR007,GR003,LINE_ARROW,left_x_axis,L,GR007,DATA_CURVE,left_p,L,input_graphic_masks/GR003_raw.png,input_graphic_masks/GR007_raw.png,true,0,1.000000000000,0.000000000000,ZERO_CLEARANCE_NO_OVERLAP,0,0.000000,true,ZERO_CLEARANCE_NO_OVERLAP,true,true,0.000000000000,NOT_APPLICABLE,No overlap; no intentional geometry claimed.,input_graphic_masks/GR003_raw.png|input_graphic_masks/GR007_raw.png|critical_pairs/PAIR_GR003_GR007/package_manifest.json,critical_pairs/PAIR_GR003_GR007/package_manifest.json
PAIR_GR003_GR008,GR003,LINE_ARROW,left_x_axis,L,GR008,DATA_CURVE,left_q_positive,L,input_graphic_masks/GR003_raw.png,input_graphic_masks/GR008_raw.png,true,0,331.000000000000,330.000000000000,NONCRITICAL_DISJOINT,0,327.000000,true,NONCRITICAL_DISJOINT,true,false,-3.000000000000,NOT_APPLICABLE,No overlap; no intentional geometry claimed.,input_graphic_masks/GR003_raw.png|input_graphic_masks/GR008_raw.png|NOT_REQUIRED_CLEARANCE_GT_0,NOT_REQUIRED_CLEARANCE_GT_0
PAIR_GR003_GR009,GR003,LINE_ARROW,left_x_axis,L,GR009,DATA_CURVE,left_q_zero,L,input_graphic_masks/GR003_raw.png,input_graphic_masks/GR009_raw.png,true,0,1.000000000000,0.000000000000,ZERO_CLEARANCE_NO_OVERLAP,0,0.000000,true,ZERO_CLEARANCE_NO_OVERLAP,true,true,0.000000000000,NOT_APPLICABLE,No overlap; no intentional geometry claimed.,input_graphic_masks/GR003_raw.png|input_graphic_masks/GR009_raw.png|critical_pairs/PAIR_GR003_GR009/package_manifest.json,critical_pairs/PAIR_GR003_GR009/package_manifest.json
PAIR_GR003_GR010,GR003,LINE_ARROW,left_x_axis,L,GR010,LINE_ARROW,left_boundary,L,input_graphic_masks/GR003_raw.png,input_graphic_masks/GR010_raw.png,true,8,0.000000000000,0.000000000000,OVERLAP,8,0.000000,true,OVERLAP,true,true,0.000000000000,BOUNDARY_AXIS_CONNECTION,左图 x=5/2 支撑边界从横轴起始；交集是支撑边界与坐标轴的语义锚点。,input_graphic_masks/GR003_raw.png|input_graphic_masks/GR010_raw.png|critical_pairs/PAIR_GR003_GR010/package_manifest.json,critical_pairs/PAIR_GR003_GR010/package_manifest.json
PAIR_GR003_GR011,GR003,LINE_ARROW,left_x_axis,L,GR011,MARKER,left_square,L,input_graphic_masks/GR003_raw.png,input_graphic_masks/GR011_raw.png,true,0,320.000000000000,319.000000000000,NONCRITICAL_DISJOINT,0,314.000000,true,NONCRITICAL_DISJOINT,true,false,-5.000000000000,NOT_APPLICABLE,No overlap; no intentional geometry claimed.,input_graphic_masks/GR003_raw.png|input_graphic_masks/GR011_raw.png|NOT_REQUIRED_CLEARANCE_GT_0,NOT_REQUIRED_CLEARANCE_GT_0
PAIR_GR003_GR012,GR003,LINE_ARROW,left_x_axis,L,GR012,MARKER,left_open_circle,L,input_graphic_masks/GR003_raw.png,input_graphic_masks/GR012_raw.png,true,0,1.000000000000,0.000000000000,ZERO_CLEARANCE_NO_OVERLAP,0,0.000000,true,ZERO_CLEARANCE_NO_OVERLAP,true,true,0.000000000000,NOT_APPLICABLE,No overlap; no intentional geometry claimed.,input_graphic_masks/GR003_raw.png|input_graphic_masks/GR012_raw.png|critical_pairs/PAIR_GR003_GR012/package_manifest.json,critical_pairs/PAIR_GR003_GR012/package_manifest.json
PAIR_GR003_GR013,GR003,LINE_ARROW,left_x_axis,L,GR013,LINE_ARROW,right_x_ticks,R,input_graphic_masks/GR003_raw.png,input_graphic_masks/GR013_raw.png,true,0,136.014705087354,135.014705087354,NONCRITICAL_DISJOINT,0,121.000000,true,NONCRITICAL_DISJOINT,true,false,-14.014705087354,NOT_APPLICABLE,No overlap; no intentional geometry claimed.,input_graphic_masks/GR003_raw.png|input_graphic_masks/GR013_raw.png|NOT_REQUIRED_CLEARANCE_GT_0,NOT_REQUIRED_CLEARANCE_GT_0
PAIR_GR003_GR014,GR003,LINE_ARROW,left_x_axis,L,GR014,LINE_ARROW,right_y_ticks,R,input_graphic_masks/GR003_raw.png,input_graphic_masks/GR014_raw.png,true,0,128.003906190397,127.003906190397,NONCRITICAL_DISJOINT,0,113.000000,true,NONCRITICAL_DISJOINT,true,false,-14.003906190397,NOT_APPLICABLE,No overlap; no intentional geometry claimed.,input_graphic_masks/GR003_raw.png|input_graphic_masks/GR014_raw.png|NOT_REQUIRED_CLEARANCE_GT_0,NOT_REQUIRED_CLEARANCE_GT_0
PAIR_GR003_GR015,GR003,LINE_ARROW,left_x_axis,L,GR015,LINE_ARROW,right_x_axis,R,input_graphic_masks/GR003_raw.png,input_graphic_masks/GR015_raw.png,true,0,140.032139168121,139.032139168121,NONCRITICAL_DISJOINT,0,121.000000,true,NONCRITICAL_DISJOINT,true,false,-18.032139168121,NOT_APPLICABLE,No overlap; no intentional geometry claimed.,input_graphic_masks/GR003_raw.png|input_graphic_masks/GR015_raw.png|NOT_REQUIRED_CLEARANCE_GT_0,NOT_REQUIRED_CLEARANCE_GT_0
PAIR_GR003_GR016,GR003,LINE_ARROW,left_x_axis,L,GR016,ARROWHEAD,right_x_arrow,R,input_graphic_masks/GR003_raw.png,input_graphic_masks/GR016_raw.png,true,0,696.025861588490,695.025861588490,NONCRITICAL_DISJOINT,0,681.000000,true,NONCRITICAL_DISJOINT,true,false,-14.025861588490,NOT_APPLICABLE,No overlap; no intentional geometry claimed.,input_graphic_masks/GR003_raw.png|input_graphic_masks/GR016_raw.png|NOT_REQUIRED_CLEARANCE_GT_0,NOT_REQUIRED_CLEARANCE_GT_0
PAIR_GR003_GR017,GR003,LINE_ARROW,left_x_axis,L,GR017,LINE_ARROW,right_y_axis,R,input_graphic_masks/GR003_raw.png,input_graphic_masks/GR017_raw.png,true,0,136.014705087354,135.014705087354,NONCRITICAL_DISJOINT,0,121.000000,true,NONCRITICAL_DISJOINT,true,false,-14.014705087354,NOT_APPLICABLE,No overlap; no intentional geometry claimed.,input_graphic_masks/GR003_raw.png|input_graphic_masks/GR017_raw.png|NOT_REQUIRED_CLEARANCE_GT_0,NOT_REQUIRED_CLEARANCE_GT_0
PAIR_GR003_GR018,GR003,LINE_ARROW,left_x_axis,L,GR018,ARROWHEAD,right_y_arrow,R,input_graphic_masks/GR003_raw.png,input_graphic_masks/GR018_raw.png,true,0,508.885055783720,507.885055783720,NONCRITICAL_DISJOINT,0,501.138703,true,NONCRITICAL_DISJOINT,true,false,-6.746352783720,NOT_APPLICABLE,No overlap; no intentional geometry claimed.,input_graphic_masks/GR003_raw.png|input_graphic_masks/GR018_raw.png|NOT_REQUIRED_CLEARANCE_GT_0,NOT_REQUIRED_CLEARANCE_GT_0
PAIR_GR003_GR019,GR003,LINE_ARROW,left_x_axis,L,GR019,DATA_CURVE,right_p,R,input_graphic_masks/GR003_raw.png,input_graphic_masks/GR019_raw.png,true,0,136.000000000000,135.000000000000,NONCRITICAL_DISJOINT,0,119.000000,true,NONCRITICAL_DISJOINT,true,false,-16.000000000000,NOT_APPLICABLE,No overlap; no intentional geometry claimed.,input_graphic_masks/GR003_raw.png|input_graphic_masks/GR019_raw.png|NOT_REQUIRED_CLEARANCE_GT_0,NOT_REQUIRED_CLEARANCE_GT_0
PAIR_GR003_GR020,GR003,LINE_ARROW,left_x_axis,L,GR020,DATA_CURVE,right_q,R,input_graphic_masks/GR003_raw.png,input_graphic_masks/GR020_raw.png,true,0,213.693706037403,212.693706037403,NONCRITICAL_DISJOINT,0,199.200904,true,NONCRITICAL_DISJOINT,true,false,-13.492802037403,NOT_APPLICABLE,No overlap; no intentional geometry claimed.,input_graphic_masks/GR003_raw.png|input_graphic_masks/GR020_raw.png|NOT_REQUIRED_CLEARANCE_GT_0,NOT_REQUIRED_CLEARANCE_GT_0
PAIR_GR003_GR021,GR003,LINE_ARROW,left_x_axis,L,GR021,NODE_BORDER,weight_card_border,R,input_graphic_masks/GR003_raw.png,input_graphic_masks/GR021_raw.png,true,0,324.722958843381,323.722958843381,NONCRITICAL_DISJOINT,0,312.166622,true,NONCRITICAL_DISJOINT,true,false,-11.556336843381,NOT_APPLICABLE,No overlap; no intentional geometry claimed.,input_graphic_masks/GR003_raw.png|input_graphic_masks/GR021_raw.png|NOT_REQUIRED_CLEARANCE_GT_0,NOT_REQUIRED_CLEARANCE_GT_0
PAIR_GR003_GR022,GR003,LINE_ARROW,left_x_axis,L,GR022,MARKER,right_circle,R,input_graphic_masks/GR003_raw.png,input_graphic_masks/GR022_raw.png,true,0,283.778082310808,282.778082310808,NONCRITICAL_DISJOINT,0,263.304007,true,NONCRITICAL_DISJOINT,true,false,-19.474075310808,NOT_APPLICABLE,No overlap; no intentional geometry claimed.,input_graphic_masks/GR003_raw.png|input_graphic_masks/GR022_raw.png|NOT_REQUIRED_CLEARANCE_GT_0,NOT_REQUIRED_CLEARANCE_GT_0
PAIR_GR003_GR023,GR003,LINE_ARROW,left_x_axis,L,GR023,MARKER,right_square,R,input_graphic_masks/GR003_raw.png,input_graphic_masks/GR023_raw.png,true,0,474.805223223165,473.805223223165,NONCRITICAL_DISJOINT,0,458.450652,true,NONCRITICAL_DISJOINT,true,false,-15.354571223165,NOT_APPLICABLE,No overlap; no intentional geometry claimed.,input_graphic_masks/GR003_raw.png|input_graphic_masks/GR023_raw.png|NOT_REQUIRED_CLEARANCE_GT_0,NOT_REQUIRED_CLEARANCE_GT_0
PAIR_GR003_GR024,GR003,LINE_ARROW,left_x_axis,L,GR024,MARKER,right_triangle,R,input_graphic_masks/GR003_raw.png,input_graphic_masks/GR024_raw.png,true,0,601.987541399322,600.987541399322,NONCRITICAL_DISJOINT,0,587.432549,true,NONCRITICAL_DISJOINT,true,false,-13.554992399322,NOT_APPLICABLE,No overlap; no intentional geometry claimed.,input_graphic_masks/GR003_raw.png|input_graphic_masks/GR024_raw.png|NOT_REQUIRED_CLEARANCE_GT_0,NOT_REQUIRED_CLEARANCE_GT_0
PAIR_GR003_GR025,GR003,LINE_ARROW,left_x_axis,L,GR025,DATA_REGION,left_missing_support_hatch,L,input_graphic_masks/GR003_raw.png,input_graphic_masks/GR025_raw.png,true,19,0.000000000000,0.000000000000,OVERLAP,19,0.000000,true,OVERLAP,true,true,0.000000000000,AXIS_REGION_BOUNDARY_CONNECTION,左图斜线缺失区的下边界就是横轴；交集表示区域闭合到 y=0，而非区域覆盖独立数据。,input_graphic_masks/GR003_raw.png|input_graphic_masks/GR025_raw.png|critical_pairs/PAIR_GR003_GR025/package_manifest.json,critical_pairs/PAIR_GR003_GR025/package_manifest.json
PAIR_GR004_GR005,GR004,ARROWHEAD,left_x_arrow,L,GR005,LINE_ARROW,left_y_axis,L,input_graphic_masks/GR004_raw.png,input_graphic_masks/GR005_raw.png,true,0,558.000000000000,557.000000000000,NONCRITICAL_DISJOINT,0,553.000000,true,NONCRITICAL_DISJOINT,true,false,-4.000000000000,NOT_APPLICABLE,No overlap; no intentional geometry claimed.,input_graphic_masks/GR004_raw.png|input_graphic_masks/GR005_raw.png|NOT_REQUIRED_CLEARANCE_GT_0,NOT_REQUIRED_CLEARANCE_GT_0
PAIR_GR004_GR006,GR004,ARROWHEAD,left_x_arrow,L,GR006,ARROWHEAD,left_y_arrow,L,input_graphic_masks/GR004_raw.png,input_graphic_masks/GR006_raw.png,true,0,734.708785846474,733.708785846474,NONCRITICAL_DISJOINT,0,726.240318,true,NONCRITICAL_DISJOINT,true,false,-7.468467846474,NOT_APPLICABLE,No overlap; no intentional geometry claimed.,input_graphic_masks/GR004_raw.png|input_graphic_masks/GR006_raw.png|NOT_REQUIRED_CLEARANCE_GT_0,NOT_REQUIRED_CLEARANCE_GT_0
PAIR_GR004_GR007,GR004,ARROWHEAD,left_x_arrow,L,GR007,DATA_CURVE,left_p,L,input_graphic_masks/GR004_raw.png,input_graphic_masks/GR007_raw.png,true,0,1.000000000000,0.000000000000,ZERO_CLEARANCE_NO_OVERLAP,0,0.000000,true,ZERO_CLEARANCE_NO_OVERLAP,true,true,0.000000000000,NOT_APPLICABLE,No overlap; no intentional geometry claimed.,input_graphic_masks/GR004_raw.png|input_graphic_masks/GR007_raw.png|critical_pairs/PAIR_GR004_GR007/package_manifest.json,critical_pairs/PAIR_GR004_GR007/package_manifest.json
PAIR_GR004_GR008,GR004,ARROWHEAD,left_x_arrow,L,GR008,DATA_CURVE,left_q_positive,L,input_graphic_masks/GR004_raw.png,input_graphic_masks/GR008_raw.png,true,0,426.381284767519,425.381284767519,NONCRITICAL_DISJOINT,0,414.073665,true,NONCRITICAL_DISJOINT,true,false,-11.307619767519,NOT_APPLICABLE,No overlap; no intentional geometry claimed.,input_graphic_masks/GR004_raw.png|input_graphic_masks/GR008_raw.png|NOT_REQUIRED_CLEARANCE_GT_0,NOT_REQUIRED_CLEARANCE_GT_0
PAIR_GR004_GR009,GR004,ARROWHEAD,left_x_arrow,L,GR009,DATA_CURVE,left_q_zero,L,input_graphic_masks/GR004_raw.png,input_graphic_masks/GR009_raw.png,true,0,1.000000000000,0.000000000000,ZERO_CLEARANCE_NO_OVERLAP,0,0.000000,true,ZERO_CLEARANCE_NO_OVERLAP,true,true,0.000000000000,NOT_APPLICABLE,No overlap; no intentional geometry claimed.,input_graphic_masks/GR004_raw.png|input_graphic_masks/GR009_raw.png|critical_pairs/PAIR_GR004_GR009/package_manifest.json,critical_pairs/PAIR_GR004_GR009/package_manifest.json
PAIR_GR004_GR010,GR004,ARROWHEAD,left_x_arrow,L,GR010,LINE_ARROW,left_boundary,L,input_graphic_masks/GR004_raw.png,input_graphic_masks/GR010_raw.png,true,0,270.000000000000,269.000000000000,NONCRITICAL_DISJOINT,0,264.000000,true,NONCRITICAL_DISJOINT,true,false,-5.000000000000,NOT_APPLICABLE,No overlap; no intentional geometry claimed.,input_graphic_masks/GR004_raw.png|input_graphic_masks/GR010_raw.png|NOT_REQUIRED_CLEARANCE_GT_0,NOT_REQUIRED_CLEARANCE_GT_0
PAIR_GR004_GR011,GR004,ARROWHEAD,left_x_arrow,L,GR011,MARKER,left_square,L,input_graphic_masks/GR004_raw.png,input_graphic_masks/GR011_raw.png,true,0,406.398818895922,405.398818895922,NONCRITICAL_DISJOINT,0,395.773925,true,NONCRITICAL_DISJOINT,true,false,-9.624893895922,NOT_APPLICABLE,No overlap; no intentional geometry claimed.,input_graphic_masks/GR004_raw.png|input_graphic_masks/GR011_raw.png|NOT_REQUIRED_CLEARANCE_GT_0,NOT_REQUIRED_CLEARANCE_GT_0
PAIR_GR004_GR012,GR004,ARROWHEAD,left_x_arrow,L,GR012,MARKER,left_open_circle,L,input_graphic_masks/GR004_raw.png,input_graphic_masks/GR012_raw.png,true,0,258.031005888827,257.031005888827,NONCRITICAL_DISJOINT,0,252.000000,true,NONCRITICAL_DISJOINT,true,false,-5.031005888827,NOT_APPLICABLE,No overlap; no intentional geometry claimed.,input_graphic_masks/GR004_raw.png|input_graphic_masks/GR012_raw.png|NOT_REQUIRED_CLEARANCE_GT_0,NOT_REQUIRED_CLEARANCE_GT_0
PAIR_GR004_GR013,GR004,ARROWHEAD,left_x_arrow,L,GR013,LINE_ARROW,right_x_ticks,R,input_graphic_masks/GR004_raw.png,input_graphic_masks/GR013_raw.png,true,0,119.004201606498,118.004201606498,NONCRITICAL_DISJOINT,0,112.000000,true,NONCRITICAL_DISJOINT,true,false,-6.004201606498,NOT_APPLICABLE,No overlap; no intentional geometry claimed.,input_graphic_masks/GR004_raw.png|input_graphic_masks/GR013_raw.png|NOT_REQUIRED_CLEARANCE_GT_0,NOT_REQUIRED_CLEARANCE_GT_0
PAIR_GR004_GR014,GR004,ARROWHEAD,left_x_arrow,L,GR014,LINE_ARROW,right_y_ticks,R,input_graphic_masks/GR004_raw.png,input_graphic_masks/GR014_raw.png,true,0,111.004504413109,110.004504413109,NONCRITICAL_DISJOINT,0,104.000000,true,NONCRITICAL_DISJOINT,true,false,-6.004504413109,NOT_APPLICABLE,No overlap; no intentional geometry claimed.,input_graphic_masks/GR004_raw.png|input_graphic_masks/GR014_raw.png|NOT_REQUIRED_CLEARANCE_GT_0,NOT_REQUIRED_CLEARANCE_GT_0
PAIR_GR004_GR015,GR004,ARROWHEAD,left_x_arrow,L,GR015,LINE_ARROW,right_x_axis,R,input_graphic_masks/GR004_raw.png,input_graphic_masks/GR015_raw.png,true,0,123.000000000000,122.000000000000,NONCRITICAL_DISJOINT,0,112.000000,true,NONCRITICAL_DISJOINT,true,false,-10.000000000000,NOT_APPLICABLE,No overlap; no intentional geometry claimed.,input_graphic_masks/GR004_raw.png|input_graphic_masks/GR015_raw.png|NOT_REQUIRED_CLEARANCE_GT_0,NOT_REQUIRED_CLEARANCE_GT_0
PAIR_GR004_GR016,GR004,ARROWHEAD,left_x_arrow,L,GR016,ARROWHEAD,right_x_arrow,R,input_graphic_masks/GR004_raw.png,input_graphic_masks/GR016_raw.png,true,0,679.059643919442,678.059643919442,NONCRITICAL_DISJOINT,0,672.000000,true,NONCRITICAL_DISJOINT,true,false,-6.059643919442,NOT_APPLICABLE,No overlap; no intentional geometry claimed.,input_graphic_masks/GR004_raw.png|input_graphic_masks/GR016_raw.png|NOT_REQUIRED_CLEARANCE_GT_0,NOT_REQUIRED_CLEARANCE_GT_0
PAIR_GR004_GR017,GR004,ARROWHEAD,left_x_arrow,L,GR017,LINE_ARROW,right_y_axis,R,input_graphic_masks/GR004_raw.png,input_graphic_masks/GR017_raw.png,true,0,119.104995697074,118.104995697074,NONCRITICAL_DISJOINT,0,112.000000,true,NONCRITICAL_DISJOINT,true,false,-6.104995697074,NOT_APPLICABLE,No overlap; no intentional geometry claimed.,input_graphic_masks/GR004_raw.png|input_graphic_masks/GR017_raw.png|NOT_REQUIRED_CLEARANCE_GT_0,NOT_REQUIRED_CLEARANCE_GT_0
PAIR_GR004_GR018,GR004,ARROWHEAD,left_x_arrow,L,GR018,ARROWHEAD,right_y_arrow,R,input_graphic_masks/GR004_raw.png,input_graphic_masks/GR018_raw.png,true,0,502.067724515329,501.067724515329,NONCRITICAL_DISJOINT,0,491.350181,true,NONCRITICAL_DISJOINT,true,false,-9.717543515329,NOT_APPLICABLE,No overlap; no intentional geometry claimed.,input_graphic_masks/GR004_raw.png|input_graphic_masks/GR018_raw.png|NOT_REQUIRED_CLEARANCE_GT_0,NOT_REQUIRED_CLEARANCE_GT_0
PAIR_GR004_GR019,GR004,ARROWHEAD,left_x_arrow,L,GR019,DATA_CURVE,right_p,R,input_graphic_masks/GR004_raw.png,input_graphic_masks/GR019_raw.png,true,0,119.000000000000,118.000000000000,NONCRITICAL_DISJOINT,0,110.000000,true,NONCRITICAL_DISJOINT,true,false,-8.000000000000,NOT_APPLICABLE,No overlap; no intentional geometry claimed.,input_graphic_masks/GR004_raw.png|input_graphic_masks/GR019_raw.png|NOT_REQUIRED_CLEARANCE_GT_0,NOT_REQUIRED_CLEARANCE_GT_0
PAIR_GR004_GR020,GR004,ARROWHEAD,left_x_arrow,L,GR020,DATA_CURVE,right_q,R,input_graphic_masks/GR004_raw.png,input_graphic_masks/GR020_raw.png,true,0,204.200881486834,203.200881486834,NONCRITICAL_DISJOINT,0,187.408644,true,NONCRITICAL_DISJOINT,true,false,-15.792237486834,NOT_APPLICABLE,No overlap; no intentional geometry claimed.,input_graphic_masks/GR004_raw.png|input_graphic_masks/GR020_raw.png|NOT_REQUIRED_CLEARANCE_GT_0,NOT_REQUIRED_CLEARANCE_GT_0
PAIR_GR004_GR021,GR004,ARROWHEAD,left_x_arrow,L,GR021,NODE_BORDER,weight_card_border,R,input_graphic_masks/GR004_raw.png,input_graphic_masks/GR021_raw.png,true,0,317.127734517182,316.127734517182,NONCRITICAL_DISJOINT,0,300.980066,true,NONCRITICAL_DISJOINT,true,false,-15.147668517182,NOT_APPLICABLE,No overlap; no intentional geometry claimed.,input_graphic_masks/GR004_raw.png|input_graphic_masks/GR021_raw.png|NOT_REQUIRED_CLEARANCE_GT_0,NOT_REQUIRED_CLEARANCE_GT_0
PAIR_GR004_GR022,GR004,ARROWHEAD,left_x_arrow,L,GR022,MARKER,right_circle,R,input_graphic_masks/GR004_raw.png,input_graphic_masks/GR022_raw.png,true,0,271.265552549527,270.265552549527,NONCRITICAL_DISJOINT,0,251.435877,true,NONCRITICAL_DISJOINT,true,false,-18.829675549527,NOT_APPLICABLE,No overlap; no intentional geometry claimed.,input_graphic_masks/GR004_raw.png|input_graphic_masks/GR022_raw.png|NOT_REQUIRED_CLEARANCE_GT_0,NOT_REQUIRED_CLEARANCE_GT_0
PAIR_GR004_GR023,GR004,ARROWHEAD,left_x_arrow,L,GR023,MARKER,right_square,R,input_graphic_masks/GR004_raw.png,input_graphic_masks/GR023_raw.png,true,0,461.677376530408,460.677376530408,NONCRITICAL_DISJOINT,0,446.651990,true,NONCRITICAL_DISJOINT,true,false,-14.025386530408,NOT_APPLICABLE,No overlap; no intentional geometry claimed.,input_graphic_masks/GR004_raw.png|input_graphic_masks/GR023_raw.png|NOT_REQUIRED_CLEARANCE_GT_0,NOT_REQUIRED_CLEARANCE_GT_0
PAIR_GR004_GR024,GR004,ARROWHEAD,left_x_arrow,L,GR024,MARKER,right_triangle,R,input_graphic_masks/GR004_raw.png,input_graphic_masks/GR024_raw.png,true,0,586.314761881364,585.314761881364,NONCRITICAL_DISJOINT,0,576.752980,true,NONCRITICAL_DISJOINT,true,false,-8.561781881364,NOT_APPLICABLE,No overlap; no intentional geometry claimed.,input_graphic_masks/GR004_raw.png|input_graphic_masks/GR024_raw.png|NOT_REQUIRED_CLEARANCE_GT_0,NOT_REQUIRED_CLEARANCE_GT_0
PAIR_GR004_GR025,GR004,ARROWHEAD,left_x_arrow,L,GR025,DATA_REGION,left_missing_support_hatch,L,input_graphic_masks/GR004_raw.png,input_graphic_masks/GR025_raw.png,true,11,0.000000000000,0.000000000000,OVERLAP,11,0.000000,true,OVERLAP,true,true,0.000000000000,DOMAIN_ENDPOINT_REGION_ARROW_CONNECTION,左图斜线区在定义域右端 x=5 随 p(5)=0 收束到横轴箭头端点；交集局限于共同域端点的区域尖端—轴箭头连接。,input_graphic_masks/GR004_raw.png|input_graphic_masks/GR025_raw.png|critical_pairs/PAIR_GR004_GR025/package_manifest.json,critical_pairs/PAIR_GR004_GR025/package_manifest.json
PAIR_GR005_GR006,GR005,LINE_ARROW,left_y_axis,L,GR006,ARROWHEAD,left_y_arrow,L,input_graphic_masks/GR005_raw.png,input_graphic_masks/GR006_raw.png,true,10,0.000000000000,0.000000000000,OVERLAP,10,0.000000,true,OVERLAP,true,true,0.000000000000,AXIS_ARROWHEAD_CONNECTION,左图纵轴描边与其箭头头部必须共接形成连续坐标轴；交集位于轴端连接。,input_graphic_masks/GR005_raw.png|input_graphic_masks/GR006_raw.png|critical_pairs/PAIR_GR005_GR006/package_manifest.json,critical_pairs/PAIR_GR005_GR006/package_manifest.json
PAIR_GR005_GR007,GR005,LINE_ARROW,left_y_axis,L,GR007,DATA_CURVE,left_p,L,input_graphic_masks/GR005_raw.png,input_graphic_masks/GR007_raw.png,true,0,1.000000000000,0.000000000000,ZERO_CLEARANCE_NO_OVERLAP,0,0.000000,true,ZERO_CLEARANCE_NO_OVERLAP,true,true,0.000000000000,NOT_APPLICABLE,No overlap; no intentional geometry claimed.,input_graphic_masks/GR005_raw.png|input_graphic_masks/GR007_raw.png|critical_pairs/PAIR_GR005_GR007/package_manifest.json,critical_pairs/PAIR_GR005_GR007/package_manifest.json
PAIR_GR005_GR008,GR005,LINE_ARROW,left_y_axis,L,GR008,DATA_CURVE,left_q_positive,L,input_graphic_masks/GR005_raw.png,input_graphic_masks/GR008_raw.png,true,0,1.000000000000,0.000000000000,ZERO_CLEARANCE_NO_OVERLAP,0,0.000000,true,ZERO_CLEARANCE_NO_OVERLAP,true,true,0.000000000000,NOT_APPLICABLE,No overlap; no intentional geometry claimed.,input_graphic_masks/GR005_raw.png|input_graphic_masks/GR008_raw.png|critical_pairs/PAIR_GR005_GR008/package_manifest.json,critical_pairs/PAIR_GR005_GR008/package_manifest.json
PAIR_GR005_GR009,GR005,LINE_ARROW,left_y_axis,L,GR009,DATA_CURVE,left_q_zero,L,input_graphic_masks/GR005_raw.png,input_graphic_masks/GR009_raw.png,true,0,288.111089685906,287.111089685906,NONCRITICAL_DISJOINT,0,280.000000,true,NONCRITICAL_DISJOINT,true,false,-7.111089685906,NOT_APPLICABLE,No overlap; no intentional geometry claimed.,input_graphic_masks/GR005_raw.png|input_graphic_masks/GR009_raw.png|NOT_REQUIRED_CLEARANCE_GT_0,NOT_REQUIRED_CLEARANCE_GT_0
PAIR_GR005_GR010,GR005,LINE_ARROW,left_y_axis,L,GR010,LINE_ARROW,left_boundary,L,input_graphic_masks/GR005_raw.png,input_graphic_masks/GR010_raw.png,true,0,285.000000000000,284.000000000000,NONCRITICAL_DISJOINT,0,280.000000,true,NONCRITICAL_DISJOINT,true,false,-4.000000000000,NOT_APPLICABLE,No overlap; no intentional geometry claimed.,input_graphic_masks/GR005_raw.png|input_graphic_masks/GR010_raw.png|NOT_REQUIRED_CLEARANCE_GT_0,NOT_REQUIRED_CLEARANCE_GT_0
PAIR_GR005_GR011,GR005,LINE_ARROW,left_y_axis,L,GR011,MARKER,left_square,L,input_graphic_masks/GR005_raw.png,input_graphic_masks/GR011_raw.png,true,0,273.001831495688,272.001831495688,NONCRITICAL_DISJOINT,0,267.000000,true,NONCRITICAL_DISJOINT,true,false,-5.001831495688,NOT_APPLICABLE,No overlap; no intentional geometry claimed.,input_graphic_masks/GR005_raw.png|input_graphic_masks/GR011_raw.png|NOT_REQUIRED_CLEARANCE_GT_0,NOT_REQUIRED_CLEARANCE_GT_0
PAIR_GR005_GR012,GR005,LINE_ARROW,left_y_axis,L,GR012,MARKER,left_open_circle,L,input_graphic_masks/GR005_raw.png,input_graphic_masks/GR012_raw.png,true,0,274.007299172850,273.007299172850,NONCRITICAL_DISJOINT,0,268.000000,true,NONCRITICAL_DISJOINT,true,false,-5.007299172850,NOT_APPLICABLE,No overlap; no intentional geometry claimed.,input_graphic_masks/GR005_raw.png|input_graphic_masks/GR012_raw.png|NOT_REQUIRED_CLEARANCE_GT_0,NOT_REQUIRED_CLEARANCE_GT_0
PAIR_GR005_GR013,GR005,LINE_ARROW,left_y_axis,L,GR013,LINE_ARROW,right_x_ticks,R,input_graphic_masks/GR005_raw.png,input_graphic_masks/GR013_raw.png,true,0,691.000000000000,690.000000000000,NONCRITICAL_DISJOINT,0,686.000000,true,NONCRITICAL_DISJOINT,true,false,-4.000000000000,NOT_APPLICABLE,No overlap; no intentional geometry claimed.,input_graphic_masks/GR005_raw.png|input_graphic_masks/GR013_raw.png|NOT_REQUIRED_CLEARANCE_GT_0,NOT_REQUIRED_CLEARANCE_GT_0
PAIR_GR005_GR014,GR005,LINE_ARROW,left_y_axis,L,GR014,LINE_ARROW,right_y_ticks,R,input_graphic_masks/GR005_raw.png,input_graphic_masks/GR014_raw.png,true,0,682.000000000000,681.000000000000,NONCRITICAL_DISJOINT,0,678.000000,true,NONCRITICAL_DISJOINT,true,false,-3.000000000000,NOT_APPLICABLE,No overlap; no intentional geometry claimed.,input_graphic_masks/GR005_raw.png|input_graphic_masks/GR014_raw.png|NOT_REQUIRED_CLEARANCE_GT_0,NOT_REQUIRED_CLEARANCE_GT_0
PAIR_GR005_GR015,GR005,LINE_ARROW,left_y_axis,L,GR015,LINE_ARROW,right_x_axis,R,input_graphic_masks/GR005_raw.png,input_graphic_masks/GR015_raw.png,true,0,695.046041640408,694.046041640408,NONCRITICAL_DISJOINT,0,686.000000,true,NONCRITICAL_DISJOINT,true,false,-8.046041640408,NOT_APPLICABLE,No overlap; no intentional geometry claimed.,input_graphic_masks/GR005_raw.png|input_graphic_masks/GR015_raw.png|NOT_REQUIRED_CLEARANCE_GT_0,NOT_REQUIRED_CLEARANCE_GT_0
PAIR_GR005_GR016,GR005,LINE_ARROW,left_y_axis,L,GR016,ARROWHEAD,right_x_arrow,R,input_graphic_masks/GR005_raw.png,input_graphic_masks/GR016_raw.png,true,0,1251.000000000000,1250.000000000000,NONCRITICAL_DISJOINT,0,1246.000000,true,NONCRITICAL_DISJOINT,true,false,-4.000000000000,NOT_APPLICABLE,No overlap; no intentional geometry claimed.,input_graphic_masks/GR005_raw.png|input_graphic_masks/GR016_raw.png|NOT_REQUIRED_CLEARANCE_GT_0,NOT_REQUIRED_CLEARANCE_GT_0
PAIR_GR005_GR017,GR005,LINE_ARROW,left_y_axis,L,GR017,LINE_ARROW,right_y_axis,R,input_graphic_masks/GR005_raw.png,input_graphic_masks/GR017_raw.png,true,0,690.000000000000,689.000000000000,NONCRITICAL_DISJOINT,0,686.000000,true,NONCRITICAL_DISJOINT,true,false,-3.000000000000,NOT_APPLICABLE,No overlap; no intentional geometry claimed.,input_graphic_masks/GR005_raw.png|input_graphic_masks/GR017_raw.png|NOT_REQUIRED_CLEARANCE_GT_0,NOT_REQUIRED_CLEARANCE_GT_0
PAIR_GR005_GR018,GR005,LINE_ARROW,left_y_axis,L,GR018,ARROWHEAD,right_y_arrow,R,input_graphic_masks/GR005_raw.png,input_graphic_masks/GR018_raw.png,true,0,684.006578915729,683.006578915729,NONCRITICAL_DISJOINT,0,679.000000,true,NONCRITICAL_DISJOINT,true,false,-4.006578915729,NOT_APPLICABLE,No overlap; no intentional geometry claimed.,input_graphic_masks/GR005_raw.png|input_graphic_masks/GR018_raw.png|NOT_REQUIRED_CLEARANCE_GT_0,NOT_REQUIRED_CLEARANCE_GT_0
PAIR_GR005_GR019,GR005,LINE_ARROW,left_y_axis,L,GR019,DATA_CURVE,right_p,R,input_graphic_masks/GR005_raw.png,input_graphic_masks/GR019_raw.png,true,0,691.018089488256,690.018089488256,NONCRITICAL_DISJOINT,0,684.000000,true,NONCRITICAL_DISJOINT,true,false,-6.018089488256,NOT_APPLICABLE,No overlap; no intentional geometry claimed.,input_graphic_masks/GR005_raw.png|input_graphic_masks/GR019_raw.png|NOT_REQUIRED_CLEARANCE_GT_0,NOT_REQUIRED_CLEARANCE_GT_0
PAIR_GR005_GR020,GR005,LINE_ARROW,left_y_axis,L,GR020,DATA_CURVE,right_q,R,input_graphic_masks/GR005_raw.png,input_graphic_masks/GR020_raw.png,true,0,690.000000000000,689.000000000000,NONCRITICAL_DISJOINT,0,685.000000,true,NONCRITICAL_DISJOINT,true,false,-4.000000000000,NOT_APPLICABLE,No overlap; no intentional geometry claimed.,input_graphic_masks/GR005_raw.png|input_graphic_masks/GR020_raw.png|NOT_REQUIRED_CLEARANCE_GT_0,NOT_REQUIRED_CLEARANCE_GT_0
PAIR_GR005_GR021,GR005,LINE_ARROW,left_y_axis,L,GR021,NODE_BORDER,weight_card_border,R,input_graphic_masks/GR005_raw.png,input_graphic_masks/GR021_raw.png,true,0,711.000000000000,710.000000000000,NONCRITICAL_DISJOINT,0,707.000000,true,NONCRITICAL_DISJOINT,true,false,-3.000000000000,NOT_APPLICABLE,No overlap; no intentional geometry claimed.,input_graphic_masks/GR005_raw.png|input_graphic_masks/GR021_raw.png|NOT_REQUIRED_CLEARANCE_GT_0,NOT_REQUIRED_CLEARANCE_GT_0
PAIR_GR005_GR022,GR005,LINE_ARROW,left_y_axis,L,GR022,MARKER,right_circle,R,input_graphic_masks/GR005_raw.png,input_graphic_masks/GR022_raw.png,true,0,792.015782671027,791.015782671027,NONCRITICAL_DISJOINT,0,788.000000,true,NONCRITICAL_DISJOINT,true,false,-3.015782671027,NOT_APPLICABLE,No overlap; no intentional geometry claimed.,input_graphic_masks/GR005_raw.png|input_graphic_masks/GR022_raw.png|NOT_REQUIRED_CLEARANCE_GT_0,NOT_REQUIRED_CLEARANCE_GT_0
PAIR_GR005_GR023,GR005,LINE_ARROW,left_y_axis,L,GR023,MARKER,right_square,R,input_graphic_masks/GR005_raw.png,input_graphic_masks/GR023_raw.png,true,0,966.000000000000,965.000000000000,NONCRITICAL_DISJOINT,0,961.000000,true,NONCRITICAL_DISJOINT,true,false,-4.000000000000,NOT_APPLICABLE,No overlap; no intentional geometry claimed.,input_graphic_masks/GR005_raw.png|input_graphic_masks/GR023_raw.png|NOT_REQUIRED_CLEARANCE_GT_0,NOT_REQUIRED_CLEARANCE_GT_0
PAIR_GR005_GR024,GR005,LINE_ARROW,left_y_axis,L,GR024,MARKER,right_triangle,R,input_graphic_masks/GR005_raw.png,input_graphic_masks/GR024_raw.png,true,0,1137.086188465940,1136.086188465940,NONCRITICAL_DISJOINT,0,1134.000000,true,NONCRITICAL_DISJOINT,true,false,-2.086188465940,NOT_APPLICABLE,No overlap; no intentional geometry claimed.,input_graphic_masks/GR005_raw.png|input_graphic_masks/GR024_raw.png|NOT_REQUIRED_CLEARANCE_GT_0,NOT_REQUIRED_CLEARANCE_GT_0
PAIR_GR005_GR025,GR005,LINE_ARROW,left_y_axis,L,GR025,DATA_REGION,left_missing_support_hatch,L,input_graphic_masks/GR005_raw.png,input_graphic_masks/GR025_raw.png,true,0,285.001754380565,284.001754380565,NONCRITICAL_DISJOINT,0,282.000000,true,NONCRITICAL_DISJOINT,true,false,-2.001754380565,NOT_APPLICABLE,No overlap; no intentional geometry claimed.,input_graphic_masks/GR005_raw.png|input_graphic_masks/GR025_raw.png|NOT_REQUIRED_CLEARANCE_GT_0,NOT_REQUIRED_CLEARANCE_GT_0
PAIR_GR006_GR007,GR006,ARROWHEAD,left_y_arrow,L,GR007,DATA_CURVE,left_p,L,input_graphic_masks/GR006_raw.png,input_graphic_masks/GR007_raw.png,true,0,324.274575013213,323.274575013213,NONCRITICAL_DISJOINT,0,235.000000,true,NONCRITICAL_DISJOINT,true,false,-88.274575013213,NOT_APPLICABLE,No overlap; no intentional geometry claimed.,input_graphic_masks/GR006_raw.png|input_graphic_masks/GR007_raw.png|NOT_REQUIRED_CLEARANCE_GT_0,NOT_REQUIRED_CLEARANCE_GT_0
PAIR_GR006_GR008,GR006,ARROWHEAD,left_y_arrow,L,GR008,DATA_CURVE,left_q_positive,L,input_graphic_masks/GR006_raw.png,input_graphic_masks/GR008_raw.png,true,0,158.000000000000,157.000000000000,NONCRITICAL_DISJOINT,0,152.000000,true,NONCRITICAL_DISJOINT,true,false,-5.000000000000,NOT_APPLICABLE,No overlap; no intentional geometry claimed.,input_graphic_masks/GR006_raw.png|input_graphic_masks/GR008_raw.png|NOT_REQUIRED_CLEARANCE_GT_0,NOT_REQUIRED_CLEARANCE_GT_0
PAIR_GR006_GR009,GR006,ARROWHEAD,left_y_arrow,L,GR009,DATA_CURVE,left_q_zero,L,input_graphic_masks/GR006_raw.png,input_graphic_masks/GR009_raw.png,true,0,567.087294867378,566.087294867378,NONCRITICAL_DISJOINT,0,557.810900,true,NONCRITICAL_DISJOINT,true,false,-8.276394867378,NOT_APPLICABLE,No overlap; no intentional geometry claimed.,input_graphic_masks/GR006_raw.png|input_graphic_masks/GR009_raw.png|NOT_REQUIRED_CLEARANCE_GT_0,NOT_REQUIRED_CLEARANCE_GT_0
PAIR_GR006_GR010,GR006,ARROWHEAD,left_y_arrow,L,GR010,LINE_ARROW,left_boundary,L,input_graphic_masks/GR006_raw.png,input_graphic_masks/GR010_raw.png,true,0,302.153934278540,301.153934278540,NONCRITICAL_DISJOINT,0,291.924648,true,NONCRITICAL_DISJOINT,true,false,-9.229286278540,NOT_APPLICABLE,No overlap; no intentional geometry claimed.,input_graphic_masks/GR006_raw.png|input_graphic_masks/GR010_raw.png|NOT_REQUIRED_CLEARANCE_GT_0,NOT_REQUIRED_CLEARANCE_GT_0
PAIR_GR006_GR011,GR006,ARROWHEAD,left_y_arrow,L,GR011,MARKER,left_square,L,input_graphic_masks/GR006_raw.png,input_graphic_masks/GR011_raw.png,true,0,304.310696492910,303.310696492910,NONCRITICAL_DISJOINT,0,294.416372,true,NONCRITICAL_DISJOINT,true,false,-8.894324492910,NOT_APPLICABLE,No overlap; no intentional geometry claimed.,input_graphic_masks/GR006_raw.png|input_graphic_masks/GR011_raw.png|NOT_REQUIRED_CLEARANCE_GT_0,NOT_REQUIRED_CLEARANCE_GT_0
PAIR_GR006_GR012,GR006,ARROWHEAD,left_y_arrow,L,GR012,MARKER,left_open_circle,L,input_graphic_masks/GR006_raw.png,input_graphic_masks/GR012_raw.png,true,0,553.943137876082,552.943137876082,NONCRITICAL_DISJOINT,0,541.502539,true,NONCRITICAL_DISJOINT,true,false,-11.440598876082,NOT_APPLICABLE,No overlap; no intentional geometry claimed.,input_graphic_masks/GR006_raw.png|input_graphic_masks/GR012_raw.png|NOT_REQUIRED_CLEARANCE_GT_0,NOT_REQUIRED_CLEARANCE_GT_0
PAIR_GR006_GR013,GR006,ARROWHEAD,left_y_arrow,L,GR013,LINE_ARROW,right_x_ticks,R,input_graphic_masks/GR006_raw.png,input_graphic_masks/GR013_raw.png,true,0,838.499254621016,837.499254621016,NONCRITICAL_DISJOINT,0,830.135531,true,NONCRITICAL_DISJOINT,true,false,-7.363723621016,NOT_APPLICABLE,No overlap; no intentional geometry claimed.,input_graphic_masks/GR006_raw.png|input_graphic_masks/GR013_raw.png|NOT_REQUIRED_CLEARANCE_GT_0,NOT_REQUIRED_CLEARANCE_GT_0
PAIR_GR006_GR014,GR006,ARROWHEAD,left_y_arrow,L,GR014,LINE_ARROW,right_y_ticks,R,input_graphic_masks/GR006_raw.png,input_graphic_masks/GR014_raw.png,true,0,680.147778060033,679.147778060033,NONCRITICAL_DISJOINT,0,673.646792,true,NONCRITICAL_DISJOINT,true,false,-5.500986060033,NOT_APPLICABLE,No overlap; no intentional geometry claimed.,input_graphic_masks/GR006_raw.png|input_graphic_masks/GR014_raw.png|NOT_REQUIRED_CLEARANCE_GT_0,NOT_REQUIRED_CLEARANCE_GT_0
PAIR_GR006_GR015,GR006,ARROWHEAD,left_y_arrow,L,GR015,LINE_ARROW,right_x_axis,R,input_graphic_masks/GR006_raw.png,input_graphic_masks/GR015_raw.png,true,0,847.566516563744,846.566516563744,NONCRITICAL_DISJOINT,0,835.361000,true,NONCRITICAL_DISJOINT,true,false,-11.205516563744,NOT_APPLICABLE,No overlap; no intentional geometry claimed.,input_graphic_masks/GR006_raw.png|input_graphic_masks/GR015_raw.png|NOT_REQUIRED_CLEARANCE_GT_0,NOT_REQUIRED_CLEARANCE_GT_0
PAIR_GR006_GR016,GR006,ARROWHEAD,left_y_arrow,L,GR016,ARROWHEAD,right_x_arrow,R,input_graphic_masks/GR006_raw.png,input_graphic_masks/GR016_raw.png,true,0,1335.564300211712,1334.564300211712,NONCRITICAL_DISJOINT,0,1327.796671,true,NONCRITICAL_DISJOINT,true,false,-6.767629211712,NOT_APPLICABLE,No overlap; no intentional geometry claimed.,input_graphic_masks/GR006_raw.png|input_graphic_masks/GR016_raw.png|NOT_REQUIRED_CLEARANCE_GT_0,NOT_REQUIRED_CLEARANCE_GT_0
PAIR_GR006_GR017,GR006,ARROWHEAD,left_y_arrow,L,GR017,LINE_ARROW,right_y_axis,R,input_graphic_masks/GR006_raw.png,input_graphic_masks/GR017_raw.png,true,0,684.000000000000,683.000000000000,NONCRITICAL_DISJOINT,0,678.000000,true,NONCRITICAL_DISJOINT,true,false,-5.000000000000,NOT_APPLICABLE,No overlap; no intentional geometry claimed.,input_graphic_masks/GR006_raw.png|input_graphic_masks/GR017_raw.png|NOT_REQUIRED_CLEARANCE_GT_0,NOT_REQUIRED_CLEARANCE_GT_0
PAIR_GR006_GR018,GR006,ARROWHEAD,left_y_arrow,L,GR018,ARROWHEAD,right_y_arrow,R,input_graphic_masks/GR006_raw.png,input_graphic_masks/GR018_raw.png,true,0,678.000000000000,677.000000000000,NONCRITICAL_DISJOINT,0,671.000000,true,NONCRITICAL_DISJOINT,true,false,-6.000000000000,NOT_APPLICABLE,No overlap; no intentional geometry claimed.,input_graphic_masks/GR006_raw.png|input_graphic_masks/GR018_raw.png|NOT_REQUIRED_CLEARANCE_GT_0,NOT_REQUIRED_CLEARANCE_GT_0
PAIR_GR006_GR019,GR006,ARROWHEAD,left_y_arrow,L,GR019,DATA_CURVE,right_p,R,input_graphic_masks/GR006_raw.png,input_graphic_masks/GR019_raw.png,true,0,839.307452606016,838.307452606016,NONCRITICAL_DISJOINT,0,715.682192,true,NONCRITICAL_DISJOINT,true,false,-122.625260606016,NOT_APPLICABLE,No overlap; no intentional geometry claimed.,input_graphic_masks/GR006_raw.png|input_graphic_masks/GR019_raw.png|NOT_REQUIRED_CLEARANCE_GT_0,NOT_REQUIRED_CLEARANCE_GT_0
PAIR_GR006_GR020,GR006,ARROWHEAD,left_y_arrow,L,GR020,DATA_CURVE,right_q,R,input_graphic_masks/GR006_raw.png,input_graphic_masks/GR020_raw.png,true,0,757.714985994074,756.714985994074,NONCRITICAL_DISJOINT,0,748.818403,true,NONCRITICAL_DISJOINT,true,false,-7.896582994074,NOT_APPLICABLE,No overlap; no intentional geometry claimed.,input_graphic_masks/GR006_raw.png|input_graphic_masks/GR020_raw.png|NOT_REQUIRED_CLEARANCE_GT_0,NOT_REQUIRED_CLEARANCE_GT_0
PAIR_GR006_GR021,GR006,ARROWHEAD,left_y_arrow,L,GR021,NODE_BORDER,weight_card_border,R,input_graphic_masks/GR006_raw.png,input_graphic_masks/GR021_raw.png,true,0,705.017730273502,704.017730273502,NONCRITICAL_DISJOINT,0,699.000000,true,NONCRITICAL_DISJOINT,true,false,-5.017730273502,NOT_APPLICABLE,No overlap; no intentional geometry claimed.,input_graphic_masks/GR006_raw.png|input_graphic_masks/GR021_raw.png|NOT_REQUIRED_CLEARANCE_GT_0,NOT_REQUIRED_CLEARANCE_GT_0
PAIR_GR006_GR022,GR006,ARROWHEAD,left_y_arrow,L,GR022,MARKER,right_circle,R,input_graphic_masks/GR006_raw.png,input_graphic_masks/GR022_raw.png,true,0,852.615388085390,851.615388085390,NONCRITICAL_DISJOINT,0,840.830542,true,NONCRITICAL_DISJOINT,true,false,-10.784846085390,NOT_APPLICABLE,No overlap; no intentional geometry claimed.,input_graphic_masks/GR006_raw.png|input_graphic_masks/GR022_raw.png|NOT_REQUIRED_CLEARANCE_GT_0,NOT_REQUIRED_CLEARANCE_GT_0
PAIR_GR006_GR023,GR006,ARROWHEAD,left_y_arrow,L,GR023,MARKER,right_square,R,input_graphic_masks/GR006_raw.png,input_graphic_masks/GR023_raw.png,true,0,987.167665596883,986.167665596883,NONCRITICAL_DISJOINT,0,978.971399,true,NONCRITICAL_DISJOINT,true,false,-7.196266596883,NOT_APPLICABLE,No overlap; no intentional geometry claimed.,input_graphic_masks/GR006_raw.png|input_graphic_masks/GR023_raw.png|NOT_REQUIRED_CLEARANCE_GT_0,NOT_REQUIRED_CLEARANCE_GT_0
PAIR_GR006_GR024,GR006,ARROWHEAD,left_y_arrow,L,GR024,MARKER,right_triangle,R,input_graphic_masks/GR006_raw.png,input_graphic_masks/GR024_raw.png,true,0,1181.288279803029,1180.288279803029,NONCRITICAL_DISJOINT,0,1168.693715,true,NONCRITICAL_DISJOINT,true,false,-11.594564803029,NOT_APPLICABLE,No overlap; no intentional geometry claimed.,input_graphic_masks/GR006_raw.png|input_graphic_masks/GR024_raw.png|NOT_REQUIRED_CLEARANCE_GT_0,NOT_REQUIRED_CLEARANCE_GT_0
PAIR_GR006_GR025,GR006,ARROWHEAD,left_y_arrow,L,GR025,DATA_REGION,left_missing_support_hatch,L,input_graphic_masks/GR006_raw.png,input_graphic_masks/GR025_raw.png,true,0,373.289431942561,372.289431942561,NONCRITICAL_DISJOINT,0,362.932501,true,NONCRITICAL_DISJOINT,true,false,-9.356930942561,NOT_APPLICABLE,No overlap; no intentional geometry claimed.,input_graphic_masks/GR006_raw.png|input_graphic_masks/GR025_raw.png|NOT_REQUIRED_CLEARANCE_GT_0,NOT_REQUIRED_CLEARANCE_GT_0
PAIR_GR007_GR008,GR007,DATA_CURVE,left_p,L,GR008,DATA_CURVE,left_q_positive,L,input_graphic_masks/GR007_raw.png,input_graphic_masks/GR008_raw.png,true,0,80.000000000000,79.000000000000,NONCRITICAL_DISJOINT,0,74.000000,true,NONCRITICAL_DISJOINT,true,false,-5.000000000000,NOT_APPLICABLE,No overlap; no intentional geometry claimed.,input_graphic_masks/GR007_raw.png|input_graphic_masks/GR008_raw.png|NOT_REQUIRED_CLEARANCE_GT_0,NOT_REQUIRED_CLEARANCE_GT_0
PAIR_GR007_GR009,GR007,DATA_CURVE,left_p,L,GR009,DATA_CURVE,left_q_zero,L,input_graphic_masks/GR007_raw.png,input_graphic_masks/GR009_raw.png,true,0,1.414213562373,0.414213562373,NONCRITICAL_DISJOINT,0,0.414214,true,NONCRITICAL_DISJOINT,true,true,0.000000437627,NOT_APPLICABLE,No overlap; no intentional geometry claimed.,input_graphic_masks/GR007_raw.png|input_graphic_masks/GR009_raw.png|NOT_REQUIRED_CLEARANCE_GT_0,NOT_REQUIRED_CLEARANCE_GT_0
PAIR_GR007_GR010,GR007,DATA_CURVE,left_p,L,GR010,LINE_ARROW,left_boundary,L,input_graphic_masks/GR007_raw.png,input_graphic_masks/GR010_raw.png,true,0,1.000000000000,0.000000000000,ZERO_CLEARANCE_NO_OVERLAP,0,0.000000,true,ZERO_CLEARANCE_NO_OVERLAP,true,true,0.000000000000,NOT_APPLICABLE,No overlap; no intentional geometry claimed.,input_graphic_masks/GR007_raw.png|input_graphic_masks/GR010_raw.png|critical_pairs/PAIR_GR007_GR010/package_manifest.json,critical_pairs/PAIR_GR007_GR010/package_manifest.json
PAIR_GR007_GR011,GR007,DATA_CURVE,left_p,L,GR011,MARKER,left_square,L,input_graphic_masks/GR007_raw.png,input_graphic_masks/GR011_raw.png,true,0,69.000000000000,68.000000000000,NONCRITICAL_DISJOINT,0,68.000000,true,NONCRITICAL_DISJOINT,true,true,0.000000000000,NOT_APPLICABLE,No overlap; no intentional geometry claimed.,input_graphic_masks/GR007_raw.png|input_graphic_masks/GR011_raw.png|NOT_REQUIRED_CLEARANCE_GT_0,NOT_REQUIRED_CLEARANCE_GT_0
PAIR_GR007_GR012,GR007,DATA_CURVE,left_p,L,GR012,MARKER,left_open_circle,L,input_graphic_masks/GR007_raw.png,input_graphic_masks/GR012_raw.png,true,0,219.203102167830,218.203102167830,NONCRITICAL_DISJOINT,0,218.203102,true,NONCRITICAL_DISJOINT,true,true,-0.000000167830,NOT_APPLICABLE,No overlap; no intentional geometry claimed.,input_graphic_masks/GR007_raw.png|input_graphic_masks/GR012_raw.png|NOT_REQUIRED_CLEARANCE_GT_0,NOT_REQUIRED_CLEARANCE_GT_0
PAIR_GR007_GR013,GR007,DATA_CURVE,left_p,L,GR013,LINE_ARROW,right_x_ticks,R,input_graphic_masks/GR007_raw.png,input_graphic_masks/GR013_raw.png,true,0,114.017542509914,113.017542509914,NONCRITICAL_DISJOINT,0,109.000000,true,NONCRITICAL_DISJOINT,true,false,-4.017542509914,NOT_APPLICABLE,No overlap; no intentional geometry claimed.,input_graphic_masks/GR007_raw.png|input_graphic_masks/GR013_raw.png|NOT_REQUIRED_CLEARANCE_GT_0,NOT_REQUIRED_CLEARANCE_GT_0
PAIR_GR007_GR014,GR007,DATA_CURVE,left_p,L,GR014,LINE_ARROW,right_y_ticks,R,input_graphic_masks/GR007_raw.png,input_graphic_masks/GR014_raw.png,true,0,106.000000000000,105.000000000000,NONCRITICAL_DISJOINT,0,101.000000,true,NONCRITICAL_DISJOINT,true,false,-4.000000000000,NOT_APPLICABLE,No overlap; no intentional geometry claimed.,input_graphic_masks/GR007_raw.png|input_graphic_masks/GR014_raw.png|NOT_REQUIRED_CLEARANCE_GT_0,NOT_REQUIRED_CLEARANCE_GT_0
PAIR_GR007_GR015,GR007,DATA_CURVE,left_p,L,GR015,LINE_ARROW,right_x_axis,R,input_graphic_masks/GR007_raw.png,input_graphic_masks/GR015_raw.png,true,0,118.004237212059,117.004237212059,NONCRITICAL_DISJOINT,0,109.000000,true,NONCRITICAL_DISJOINT,true,false,-8.004237212059,NOT_APPLICABLE,No overlap; no intentional geometry claimed.,input_graphic_masks/GR007_raw.png|input_graphic_masks/GR015_raw.png|NOT_REQUIRED_CLEARANCE_GT_0,NOT_REQUIRED_CLEARANCE_GT_0
PAIR_GR007_GR016,GR007,DATA_CURVE,left_p,L,GR016,ARROWHEAD,right_x_arrow,R,input_graphic_masks/GR007_raw.png,input_graphic_masks/GR016_raw.png,true,0,674.047476072717,673.047476072717,NONCRITICAL_DISJOINT,0,669.000000,true,NONCRITICAL_DISJOINT,true,false,-4.047476072717,NOT_APPLICABLE,No overlap; no intentional geometry claimed.,input_graphic_masks/GR007_raw.png|input_graphic_masks/GR016_raw.png|NOT_REQUIRED_CLEARANCE_GT_0,NOT_REQUIRED_CLEARANCE_GT_0
PAIR_GR007_GR017,GR007,DATA_CURVE,left_p,L,GR017,LINE_ARROW,right_y_axis,R,input_graphic_masks/GR007_raw.png,input_graphic_masks/GR017_raw.png,true,0,114.070153852794,113.070153852794,NONCRITICAL_DISJOINT,0,109.000000,true,NONCRITICAL_DISJOINT,true,false,-4.070153852794,NOT_APPLICABLE,No overlap; no intentional geometry claimed.,input_graphic_masks/GR007_raw.png|input_graphic_masks/GR017_raw.png|NOT_REQUIRED_CLEARANCE_GT_0,NOT_REQUIRED_CLEARANCE_GT_0
PAIR_GR007_GR018,GR007,DATA_CURVE,left_p,L,GR018,ARROWHEAD,right_y_arrow,R,input_graphic_masks/GR007_raw.png,input_graphic_masks/GR018_raw.png,true,0,394.822745038834,393.822745038834,NONCRITICAL_DISJOINT,0,256.181576,true,NONCRITICAL_DISJOINT,true,false,-137.641169038834,NOT_APPLICABLE,No overlap; no intentional geometry claimed.,input_graphic_masks/GR007_raw.png|input_graphic_masks/GR018_raw.png|NOT_REQUIRED_CLEARANCE_GT_0,NOT_REQUIRED_CLEARANCE_GT_0
PAIR_GR007_GR019,GR007,DATA_CURVE,left_p,L,GR019,DATA_CURVE,right_p,R,input_graphic_masks/GR007_raw.png,input_graphic_masks/GR019_raw.png,true,0,114.000000000000,113.000000000000,NONCRITICAL_DISJOINT,0,107.000000,true,NONCRITICAL_DISJOINT,true,false,-6.000000000000,NOT_APPLICABLE,No overlap; no intentional geometry claimed.,input_graphic_masks/GR007_raw.png|input_graphic_masks/GR019_raw.png|NOT_REQUIRED_CLEARANCE_GT_0,NOT_REQUIRED_CLEARANCE_GT_0
PAIR_GR007_GR020,GR007,DATA_CURVE,left_p,L,GR020,DATA_CURVE,right_q,R,input_graphic_masks/GR007_raw.png,input_graphic_masks/GR020_raw.png,true,0,184.165686271900,183.165686271900,NONCRITICAL_DISJOINT,0,108.000000,true,NONCRITICAL_DISJOINT,true,false,-75.165686271900,NOT_APPLICABLE,No overlap; no intentional geometry claimed.,input_graphic_masks/GR007_raw.png|input_graphic_masks/GR020_raw.png|NOT_REQUIRED_CLEARANCE_GT_0,NOT_REQUIRED_CLEARANCE_GT_0
PAIR_GR007_GR021,GR007,DATA_CURVE,left_p,L,GR021,NODE_BORDER,weight_card_border,R,input_graphic_masks/GR007_raw.png,input_graphic_masks/GR021_raw.png,true,0,272.066168422316,271.066168422316,NONCRITICAL_DISJOINT,0,132.382023,true,NONCRITICAL_DISJOINT,true,false,-138.684145422316,NOT_APPLICABLE,No overlap; no intentional geometry claimed.,input_graphic_masks/GR007_raw.png|input_graphic_masks/GR021_raw.png|NOT_REQUIRED_CLEARANCE_GT_0,NOT_REQUIRED_CLEARANCE_GT_0
PAIR_GR007_GR022,GR007,DATA_CURVE,left_p,L,GR022,MARKER,right_circle,R,input_graphic_masks/GR007_raw.png,input_graphic_masks/GR022_raw.png,true,0,264.969809601018,263.969809601018,NONCRITICAL_DISJOINT,0,211.000000,true,NONCRITICAL_DISJOINT,true,false,-52.969809601018,NOT_APPLICABLE,No overlap; no intentional geometry claimed.,input_graphic_masks/GR007_raw.png|input_graphic_masks/GR022_raw.png|NOT_REQUIRED_CLEARANCE_GT_0,NOT_REQUIRED_CLEARANCE_GT_0
PAIR_GR007_GR023,GR007,DATA_CURVE,left_p,L,GR023,MARKER,right_square,R,input_graphic_masks/GR007_raw.png,input_graphic_masks/GR023_raw.png,true,0,456.080036835641,455.080036835641,NONCRITICAL_DISJOINT,0,384.000000,true,NONCRITICAL_DISJOINT,true,false,-71.080036835641,NOT_APPLICABLE,No overlap; no intentional geometry claimed.,input_graphic_masks/GR007_raw.png|input_graphic_masks/GR023_raw.png|NOT_REQUIRED_CLEARANCE_GT_0,NOT_REQUIRED_CLEARANCE_GT_0
PAIR_GR007_GR024,GR007,DATA_CURVE,left_p,L,GR024,MARKER,right_triangle,R,input_graphic_masks/GR007_raw.png,input_graphic_masks/GR024_raw.png,true,0,581.227150088500,580.227150088500,NONCRITICAL_DISJOINT,0,557.000000,true,NONCRITICAL_DISJOINT,true,false,-23.227150088500,NOT_APPLICABLE,No overlap; no intentional geometry claimed.,input_graphic_masks/GR007_raw.png|input_graphic_masks/GR024_raw.png|NOT_REQUIRED_CLEARANCE_GT_0,NOT_REQUIRED_CLEARANCE_GT_0
PAIR_GR007_GR025,GR007,DATA_CURVE,left_p,L,GR025,DATA_REGION,left_missing_support_hatch,L,input_graphic_masks/GR007_raw.png,input_graphic_masks/GR025_raw.png,true,58,0.000000000000,0.000000000000,OVERLAP,58,0.000000,true,OVERLAP,true,true,0.000000000000,CURVE_REGION_BOUNDARY_CONNECTION,左图蓝色 p(x) 曲线正是斜线缺失区的上边界；交集表示区域沿目标曲线闭合。,input_graphic_masks/GR007_raw.png|input_graphic_masks/GR025_raw.png|critical_pairs/PAIR_GR007_GR025/package_manifest.json,critical_pairs/PAIR_GR007_GR025/package_manifest.json
PAIR_GR008_GR009,GR008,DATA_CURVE,left_q_positive,L,GR009,DATA_CURVE,left_q_zero,L,input_graphic_masks/GR008_raw.png,input_graphic_masks/GR009_raw.png,true,0,331.074009852782,330.074009852782,NONCRITICAL_DISJOINT,0,326.000000,true,NONCRITICAL_DISJOINT,true,false,-4.074009852782,NOT_APPLICABLE,No overlap; no intentional geometry claimed.,input_graphic_masks/GR008_raw.png|input_graphic_masks/GR009_raw.png|NOT_REQUIRED_CLEARANCE_GT_0,NOT_REQUIRED_CLEARANCE_GT_0
PAIR_GR008_GR010,GR008,DATA_CURVE,left_q_positive,L,GR010,LINE_ARROW,left_boundary,L,input_graphic_masks/GR008_raw.png,input_graphic_masks/GR010_raw.png,true,0,12.649110640674,11.649110640674,NONCRITICAL_DISJOINT,0,11.649111,true,NONCRITICAL_DISJOINT,true,true,0.000000359326,NOT_APPLICABLE,No overlap; no intentional geometry claimed.,input_graphic_masks/GR008_raw.png|input_graphic_masks/GR010_raw.png|NOT_REQUIRED_CLEARANCE_GT_0,NOT_REQUIRED_CLEARANCE_GT_0
PAIR_GR008_GR011,GR008,DATA_CURVE,left_q_positive,L,GR011,MARKER,left_square,L,input_graphic_masks/GR008_raw.png,input_graphic_masks/GR011_raw.png,true,51,0.000000000000,0.000000000000,OVERLAP,51,0.000000,true,OVERLAP,true,true,0.000000000000,CURVE_MARKER_CONNECTION,左图青色实方块标记 q_L 在 x=5/2 的已包含端点，中心落在 q_L=2/5 虚线上；交集是曲线—自身端点标记连接。,input_graphic_masks/GR008_raw.png|input_graphic_masks/GR011_raw.png|critical_pairs/PAIR_GR008_GR011/package_manifest.json,critical_pairs/PAIR_GR008_GR011/package_manifest.json
PAIR_GR008_GR012,GR008,DATA_CURVE,left_q_positive,L,GR012,MARKER,left_open_circle,L,input_graphic_masks/GR008_raw.png,input_graphic_masks/GR012_raw.png,true,0,319.025077384208,318.025077384208,NONCRITICAL_DISJOINT,0,314.000000,true,NONCRITICAL_DISJOINT,true,false,-4.025077384208,NOT_APPLICABLE,No overlap; no intentional geometry claimed.,input_graphic_masks/GR008_raw.png|input_graphic_masks/GR012_raw.png|NOT_REQUIRED_CLEARANCE_GT_0,NOT_REQUIRED_CLEARANCE_GT_0
PAIR_GR008_GR013,GR008,DATA_CURVE,left_q_positive,L,GR013,LINE_ARROW,right_x_ticks,R,input_graphic_masks/GR008_raw.png,input_graphic_masks/GR013_raw.png,true,0,521.621510292664,520.621510292664,NONCRITICAL_DISJOINT,0,508.658038,true,NONCRITICAL_DISJOINT,true,false,-11.963472292664,NOT_APPLICABLE,No overlap; no intentional geometry claimed.,input_graphic_masks/GR008_raw.png|input_graphic_masks/GR013_raw.png|NOT_REQUIRED_CLEARANCE_GT_0,NOT_REQUIRED_CLEARANCE_GT_0
PAIR_GR008_GR014,GR008,DATA_CURVE,left_q_positive,L,GR014,LINE_ARROW,right_y_ticks,R,input_graphic_masks/GR008_raw.png,input_graphic_masks/GR014_raw.png,true,0,400.000000000000,399.000000000000,NONCRITICAL_DISJOINT,0,389.000000,true,NONCRITICAL_DISJOINT,true,false,-10.000000000000,NOT_APPLICABLE,No overlap; no intentional geometry claimed.,input_graphic_masks/GR008_raw.png|input_graphic_masks/GR014_raw.png|NOT_REQUIRED_CLEARANCE_GT_0,NOT_REQUIRED_CLEARANCE_GT_0
PAIR_GR008_GR015,GR008,DATA_CURVE,left_q_positive,L,GR015,LINE_ARROW,right_x_axis,R,input_graphic_masks/GR008_raw.png,input_graphic_masks/GR015_raw.png,true,0,531.007532903254,530.007532903254,NONCRITICAL_DISJOINT,0,514.332577,true,NONCRITICAL_DISJOINT,true,false,-15.674955903254,NOT_APPLICABLE,No overlap; no intentional geometry claimed.,input_graphic_masks/GR008_raw.png|input_graphic_masks/GR015_raw.png|NOT_REQUIRED_CLEARANCE_GT_0,NOT_REQUIRED_CLEARANCE_GT_0
PAIR_GR008_GR016,GR008,DATA_CURVE,left_q_positive,L,GR016,ARROWHEAD,right_x_arrow,R,input_graphic_masks/GR008_raw.png,input_graphic_masks/GR016_raw.png,true,0,1021.420579389313,1020.420579389313,NONCRITICAL_DISJOINT,0,1008.766574,true,NONCRITICAL_DISJOINT,true,false,-11.654005389313,NOT_APPLICABLE,No overlap; no intentional geometry claimed.,input_graphic_masks/GR008_raw.png|input_graphic_masks/GR016_raw.png|NOT_REQUIRED_CLEARANCE_GT_0,NOT_REQUIRED_CLEARANCE_GT_0
PAIR_GR008_GR017,GR008,DATA_CURVE,left_q_positive,L,GR017,LINE_ARROW,right_y_axis,R,input_graphic_masks/GR008_raw.png,input_graphic_masks/GR017_raw.png,true,0,408.000000000000,407.000000000000,NONCRITICAL_DISJOINT,0,397.000000,true,NONCRITICAL_DISJOINT,true,false,-10.000000000000,NOT_APPLICABLE,No overlap; no intentional geometry claimed.,input_graphic_masks/GR008_raw.png|input_graphic_masks/GR017_raw.png|NOT_REQUIRED_CLEARANCE_GT_0,NOT_REQUIRED_CLEARANCE_GT_0
PAIR_GR008_GR018,GR008,DATA_CURVE,left_q_positive,L,GR018,ARROWHEAD,right_y_arrow,R,input_graphic_masks/GR008_raw.png,input_graphic_masks/GR018_raw.png,true,0,431.935180322233,430.935180322233,NONCRITICAL_DISJOINT,0,418.573769,true,NONCRITICAL_DISJOINT,true,false,-12.361411322233,NOT_APPLICABLE,No overlap; no intentional geometry claimed.,input_graphic_masks/GR008_raw.png|input_graphic_masks/GR018_raw.png|NOT_REQUIRED_CLEARANCE_GT_0,NOT_REQUIRED_CLEARANCE_GT_0
PAIR_GR008_GR019,GR008,DATA_CURVE,left_q_positive,L,GR019,DATA_CURVE,right_p,R,input_graphic_masks/GR008_raw.png,input_graphic_masks/GR019_raw.png,true,0,520.596772944282,519.596772944282,NONCRITICAL_DISJOINT,0,401.871870,true,NONCRITICAL_DISJOINT,true,false,-117.724902944282,NOT_APPLICABLE,No overlap; no intentional geometry claimed.,input_graphic_masks/GR008_raw.png|input_graphic_masks/GR019_raw.png|NOT_REQUIRED_CLEARANCE_GT_0,NOT_REQUIRED_CLEARANCE_GT_0
PAIR_GR008_GR020,GR008,DATA_CURVE,left_q_positive,L,GR020,DATA_CURVE,right_q,R,input_graphic_masks/GR008_raw.png,input_graphic_masks/GR020_raw.png,true,0,440.477014156244,439.477014156244,NONCRITICAL_DISJOINT,0,426.728251,true,NONCRITICAL_DISJOINT,true,false,-12.748763156244,NOT_APPLICABLE,No overlap; no intentional geometry claimed.,input_graphic_masks/GR008_raw.png|input_graphic_masks/GR020_raw.png|NOT_REQUIRED_CLEARANCE_GT_0,NOT_REQUIRED_CLEARANCE_GT_0
PAIR_GR008_GR021,GR008,DATA_CURVE,left_q_positive,L,GR021,NODE_BORDER,weight_card_border,R,input_graphic_masks/GR008_raw.png,input_graphic_masks/GR021_raw.png,true,0,429.000000000000,428.000000000000,NONCRITICAL_DISJOINT,0,418.000000,true,NONCRITICAL_DISJOINT,true,false,-10.000000000000,NOT_APPLICABLE,No overlap; no intentional geometry claimed.,input_graphic_masks/GR008_raw.png|input_graphic_masks/GR021_raw.png|NOT_REQUIRED_CLEARANCE_GT_0,NOT_REQUIRED_CLEARANCE_GT_0
PAIR_GR008_GR022,GR008,DATA_CURVE,left_q_positive,L,GR022,MARKER,right_circle,R,input_graphic_masks/GR008_raw.png,input_graphic_masks/GR022_raw.png,true,0,537.907984696268,536.907984696268,NONCRITICAL_DISJOINT,0,521.929114,true,NONCRITICAL_DISJOINT,true,false,-14.978870696268,NOT_APPLICABLE,No overlap; no intentional geometry claimed.,input_graphic_masks/GR008_raw.png|input_graphic_masks/GR022_raw.png|NOT_REQUIRED_CLEARANCE_GT_0,NOT_REQUIRED_CLEARANCE_GT_0
PAIR_GR008_GR023,GR008,DATA_CURVE,left_q_positive,L,GR023,MARKER,right_square,R,input_graphic_masks/GR008_raw.png,input_graphic_masks/GR023_raw.png,true,0,687.572541627427,686.572541627427,NONCRITICAL_DISJOINT,0,674.946665,true,NONCRITICAL_DISJOINT,true,false,-11.625876627427,NOT_APPLICABLE,No overlap; no intentional geometry claimed.,input_graphic_masks/GR008_raw.png|input_graphic_masks/GR023_raw.png|NOT_REQUIRED_CLEARANCE_GT_0,NOT_REQUIRED_CLEARANCE_GT_0
PAIR_GR008_GR024,GR008,DATA_CURVE,left_q_positive,L,GR024,MARKER,right_triangle,R,input_graphic_masks/GR008_raw.png,input_graphic_masks/GR024_raw.png,true,0,873.948511069159,872.948511069159,NONCRITICAL_DISJOINT,0,858.562170,true,NONCRITICAL_DISJOINT,true,false,-14.386341069159,NOT_APPLICABLE,No overlap; no intentional geometry claimed.,input_graphic_masks/GR008_raw.png|input_graphic_masks/GR024_raw.png|NOT_REQUIRED_CLEARANCE_GT_0,NOT_REQUIRED_CLEARANCE_GT_0
PAIR_GR008_GR025,GR008,DATA_CURVE,left_q_positive,L,GR025,DATA_REGION,left_missing_support_hatch,L,input_graphic_masks/GR008_raw.png,input_graphic_masks/GR025_raw.png,true,0,82.969874050766,81.969874050766,NONCRITICAL_DISJOINT,0,77.000000,true,NONCRITICAL_DISJOINT,true,false,-4.969874050766,NOT_APPLICABLE,No overlap; no intentional geometry claimed.,input_graphic_masks/GR008_raw.png|input_graphic_masks/GR025_raw.png|NOT_REQUIRED_CLEARANCE_GT_0,NOT_REQUIRED_CLEARANCE_GT_0
PAIR_GR009_GR010,GR009,DATA_CURVE,left_q_zero,L,GR010,LINE_ARROW,left_boundary,L,input_graphic_masks/GR009_raw.png,input_graphic_masks/GR010_raw.png,true,0,1.000000000000,0.000000000000,ZERO_CLEARANCE_NO_OVERLAP,0,0.000000,true,ZERO_CLEARANCE_NO_OVERLAP,true,true,0.000000000000,NOT_APPLICABLE,No overlap; no intentional geometry claimed.,input_graphic_masks/GR009_raw.png|input_graphic_masks/GR010_raw.png|critical_pairs/PAIR_GR009_GR010/package_manifest.json,critical_pairs/PAIR_GR009_GR010/package_manifest.json
PAIR_GR009_GR011,GR009,DATA_CURVE,left_q_zero,L,GR011,MARKER,left_square,L,input_graphic_masks/GR009_raw.png,input_graphic_masks/GR011_raw.png,true,0,320.000000000000,319.000000000000,NONCRITICAL_DISJOINT,0,313.000000,true,NONCRITICAL_DISJOINT,true,false,-6.000000000000,NOT_APPLICABLE,No overlap; no intentional geometry claimed.,input_graphic_masks/GR009_raw.png|input_graphic_masks/GR011_raw.png|NOT_REQUIRED_CLEARANCE_GT_0,NOT_REQUIRED_CLEARANCE_GT_0
PAIR_GR009_GR012,GR009,DATA_CURVE,left_q_zero,L,GR012,MARKER,left_open_circle,L,input_graphic_masks/GR009_raw.png,input_graphic_masks/GR012_raw.png,true,20,0.000000000000,0.000000000000,OVERLAP,20,0.000000,true,OVERLAP,true,true,0.000000000000,CURVE_MARKER_CONNECTION,左图青色空心圆标记 x=5/2 后 q_L=0 的排除端点，中心落在零线；交集是曲线—自身端点标记连接。,input_graphic_masks/GR009_raw.png|input_graphic_masks/GR012_raw.png|critical_pairs/PAIR_GR009_GR012/package_manifest.json,critical_pairs/PAIR_GR009_GR012/package_manifest.json
PAIR_GR009_GR013,GR009,DATA_CURVE,left_q_zero,L,GR013,LINE_ARROW,right_x_ticks,R,input_graphic_masks/GR009_raw.png,input_graphic_masks/GR013_raw.png,true,0,121.016527796826,120.016527796826,NONCRITICAL_DISJOINT,0,110.000000,true,NONCRITICAL_DISJOINT,true,false,-10.016527796826,NOT_APPLICABLE,No overlap; no intentional geometry claimed.,input_graphic_masks/GR009_raw.png|input_graphic_masks/GR013_raw.png|NOT_REQUIRED_CLEARANCE_GT_0,NOT_REQUIRED_CLEARANCE_GT_0
PAIR_GR009_GR014,GR009,DATA_CURVE,left_q_zero,L,GR014,LINE_ARROW,right_y_ticks,R,input_graphic_masks/GR009_raw.png,input_graphic_masks/GR014_raw.png,true,0,113.000000000000,112.000000000000,NONCRITICAL_DISJOINT,0,102.000000,true,NONCRITICAL_DISJOINT,true,false,-10.000000000000,NOT_APPLICABLE,No overlap; no intentional geometry claimed.,input_graphic_masks/GR009_raw.png|input_graphic_masks/GR014_raw.png|NOT_REQUIRED_CLEARANCE_GT_0,NOT_REQUIRED_CLEARANCE_GT_0
PAIR_GR009_GR015,GR009,DATA_CURVE,left_q_zero,L,GR015,LINE_ARROW,right_x_axis,R,input_graphic_masks/GR009_raw.png,input_graphic_masks/GR015_raw.png,true,0,125.003999936002,124.003999936002,NONCRITICAL_DISJOINT,0,110.000000,true,NONCRITICAL_DISJOINT,true,false,-14.003999936002,NOT_APPLICABLE,No overlap; no intentional geometry claimed.,input_graphic_masks/GR009_raw.png|input_graphic_masks/GR015_raw.png|NOT_REQUIRED_CLEARANCE_GT_0,NOT_REQUIRED_CLEARANCE_GT_0
PAIR_GR009_GR016,GR009,DATA_CURVE,left_q_zero,L,GR016,ARROWHEAD,right_x_arrow,R,input_graphic_masks/GR009_raw.png,input_graphic_masks/GR016_raw.png,true,0,681.035975554889,680.035975554889,NONCRITICAL_DISJOINT,0,670.000000,true,NONCRITICAL_DISJOINT,true,false,-10.035975554889,NOT_APPLICABLE,No overlap; no intentional geometry claimed.,input_graphic_masks/GR009_raw.png|input_graphic_masks/GR016_raw.png|NOT_REQUIRED_CLEARANCE_GT_0,NOT_REQUIRED_CLEARANCE_GT_0
PAIR_GR009_GR017,GR009,DATA_CURVE,left_q_zero,L,GR017,LINE_ARROW,right_y_axis,R,input_graphic_masks/GR009_raw.png,input_graphic_masks/GR017_raw.png,true,0,121.037184369102,120.037184369102,NONCRITICAL_DISJOINT,0,110.000000,true,NONCRITICAL_DISJOINT,true,false,-10.037184369102,NOT_APPLICABLE,No overlap; no intentional geometry claimed.,input_graphic_masks/GR009_raw.png|input_graphic_masks/GR017_raw.png|NOT_REQUIRED_CLEARANCE_GT_0,NOT_REQUIRED_CLEARANCE_GT_0
PAIR_GR009_GR018,GR009,DATA_CURVE,left_q_zero,L,GR018,ARROWHEAD,right_y_arrow,R,input_graphic_masks/GR009_raw.png,input_graphic_masks/GR018_raw.png,true,0,505.489861421572,504.489861421572,NONCRITICAL_DISJOINT,0,497.773041,true,NONCRITICAL_DISJOINT,true,false,-6.716820421572,NOT_APPLICABLE,No overlap; no intentional geometry claimed.,input_graphic_masks/GR009_raw.png|input_graphic_masks/GR018_raw.png|NOT_REQUIRED_CLEARANCE_GT_0,NOT_REQUIRED_CLEARANCE_GT_0
PAIR_GR009_GR019,GR009,DATA_CURVE,left_q_zero,L,GR019,DATA_CURVE,right_p,R,input_graphic_masks/GR009_raw.png,input_graphic_masks/GR019_raw.png,true,0,121.000000000000,120.000000000000,NONCRITICAL_DISJOINT,0,108.000000,true,NONCRITICAL_DISJOINT,true,false,-12.000000000000,NOT_APPLICABLE,No overlap; no intentional geometry claimed.,input_graphic_masks/GR009_raw.png|input_graphic_masks/GR019_raw.png|NOT_REQUIRED_CLEARANCE_GT_0,NOT_REQUIRED_CLEARANCE_GT_0
PAIR_GR009_GR020,GR009,DATA_CURVE,left_q_zero,L,GR020,DATA_CURVE,right_q,R,input_graphic_masks/GR009_raw.png,input_graphic_masks/GR020_raw.png,true,0,205.000000000000,204.000000000000,NONCRITICAL_DISJOINT,0,191.950514,true,NONCRITICAL_DISJOINT,true,false,-12.049486000000,NOT_APPLICABLE,No overlap; no intentional geometry claimed.,input_graphic_masks/GR009_raw.png|input_graphic_masks/GR020_raw.png|NOT_REQUIRED_CLEARANCE_GT_0,NOT_REQUIRED_CLEARANCE_GT_0
PAIR_GR009_GR021,GR009,DATA_CURVE,left_q_zero,L,GR021,NODE_BORDER,weight_card_border,R,input_graphic_masks/GR009_raw.png,input_graphic_masks/GR021_raw.png,true,0,318.014150628553,317.014150628553,NONCRITICAL_DISJOINT,0,306.414752,true,NONCRITICAL_DISJOINT,true,false,-10.599398628553,NOT_APPLICABLE,No overlap; no intentional geometry claimed.,input_graphic_masks/GR009_raw.png|input_graphic_masks/GR021_raw.png|NOT_REQUIRED_CLEARANCE_GT_0,NOT_REQUIRED_CLEARANCE_GT_0
PAIR_GR009_GR022,GR009,DATA_CURVE,left_q_zero,L,GR022,MARKER,right_circle,R,input_graphic_masks/GR009_raw.png,input_graphic_masks/GR022_raw.png,true,0,271.803237655478,270.803237655478,NONCRITICAL_DISJOINT,0,253.505424,true,NONCRITICAL_DISJOINT,true,false,-17.297813655478,NOT_APPLICABLE,No overlap; no intentional geometry claimed.,input_graphic_masks/GR009_raw.png|input_graphic_masks/GR022_raw.png|NOT_REQUIRED_CLEARANCE_GT_0,NOT_REQUIRED_CLEARANCE_GT_0
PAIR_GR009_GR023,GR009,DATA_CURVE,left_q_zero,L,GR023,MARKER,right_square,R,input_graphic_masks/GR009_raw.png,input_graphic_masks/GR023_raw.png,true,0,462.361330563013,461.361330563013,NONCRITICAL_DISJOINT,0,448.469620,true,NONCRITICAL_DISJOINT,true,false,-12.891710563013,NOT_APPLICABLE,No overlap; no intentional geometry claimed.,input_graphic_masks/GR009_raw.png|input_graphic_masks/GR023_raw.png|NOT_REQUIRED_CLEARANCE_GT_0,NOT_REQUIRED_CLEARANCE_GT_0
PAIR_GR009_GR024,GR009,DATA_CURVE,left_q_zero,L,GR024,MARKER,right_triangle,R,input_graphic_masks/GR009_raw.png,input_graphic_masks/GR024_raw.png,true,0,587.728678898690,586.728678898690,NONCRITICAL_DISJOINT,0,576.531872,true,NONCRITICAL_DISJOINT,true,false,-10.196806898690,NOT_APPLICABLE,No overlap; no intentional geometry claimed.,input_graphic_masks/GR009_raw.png|input_graphic_masks/GR024_raw.png|NOT_REQUIRED_CLEARANCE_GT_0,NOT_REQUIRED_CLEARANCE_GT_0
PAIR_GR009_GR025,GR009,DATA_CURVE,left_q_zero,L,GR025,DATA_REGION,left_missing_support_hatch,L,input_graphic_masks/GR009_raw.png,input_graphic_masks/GR025_raw.png,true,0,1.000000000000,0.000000000000,ZERO_CLEARANCE_NO_OVERLAP,0,0.000000,true,ZERO_CLEARANCE_NO_OVERLAP,true,true,0.000000000000,NOT_APPLICABLE,No overlap; no intentional geometry claimed.,input_graphic_masks/GR009_raw.png|input_graphic_masks/GR025_raw.png|critical_pairs/PAIR_GR009_GR025/package_manifest.json,critical_pairs/PAIR_GR009_GR025/package_manifest.json
PAIR_GR010_GR011,GR010,LINE_ARROW,left_boundary,L,GR011,MARKER,left_square,L,input_graphic_masks/GR010_raw.png,input_graphic_masks/GR011_raw.png,true,0,1.000000000000,0.000000000000,ZERO_CLEARANCE_NO_OVERLAP,0,0.000000,true,ZERO_CLEARANCE_NO_OVERLAP,true,true,0.000000000000,NOT_APPLICABLE,No overlap; no intentional geometry claimed.,input_graphic_masks/GR010_raw.png|input_graphic_masks/GR011_raw.png|critical_pairs/PAIR_GR010_GR011/package_manifest.json,critical_pairs/PAIR_GR010_GR011/package_manifest.json
PAIR_GR010_GR012,GR010,LINE_ARROW,left_boundary,L,GR012,MARKER,left_open_circle,L,input_graphic_masks/GR010_raw.png,input_graphic_masks/GR012_raw.png,true,0,1.000000000000,0.000000000000,ZERO_CLEARANCE_NO_OVERLAP,0,0.000000,true,ZERO_CLEARANCE_NO_OVERLAP,true,true,0.000000000000,NOT_APPLICABLE,No overlap; no intentional geometry claimed.,input_graphic_masks/GR010_raw.png|input_graphic_masks/GR012_raw.png|critical_pairs/PAIR_GR010_GR012/package_manifest.json,critical_pairs/PAIR_GR010_GR012/package_manifest.json
PAIR_GR010_GR013,GR010,LINE_ARROW,left_boundary,L,GR013,LINE_ARROW,right_x_ticks,R,input_graphic_masks/GR010_raw.png,input_graphic_masks/GR013_raw.png,true,0,403.000000000000,402.000000000000,NONCRITICAL_DISJOINT,0,397.000000,true,NONCRITICAL_DISJOINT,true,false,-5.000000000000,NOT_APPLICABLE,No overlap; no intentional geometry claimed.,input_graphic_masks/GR010_raw.png|input_graphic_masks/GR013_raw.png|NOT_REQUIRED_CLEARANCE_GT_0,NOT_REQUIRED_CLEARANCE_GT_0
PAIR_GR010_GR014,GR010,LINE_ARROW,left_boundary,L,GR014,LINE_ARROW,right_y_ticks,R,input_graphic_masks/GR010_raw.png,input_graphic_masks/GR014_raw.png,true,0,395.000000000000,394.000000000000,NONCRITICAL_DISJOINT,0,389.000000,true,NONCRITICAL_DISJOINT,true,false,-5.000000000000,NOT_APPLICABLE,No overlap; no intentional geometry claimed.,input_graphic_masks/GR010_raw.png|input_graphic_masks/GR014_raw.png|NOT_REQUIRED_CLEARANCE_GT_0,NOT_REQUIRED_CLEARANCE_GT_0
PAIR_GR010_GR015,GR010,LINE_ARROW,left_boundary,L,GR015,LINE_ARROW,right_x_axis,R,input_graphic_masks/GR010_raw.png,input_graphic_masks/GR015_raw.png,true,0,407.004913975249,406.004913975249,NONCRITICAL_DISJOINT,0,397.000000,true,NONCRITICAL_DISJOINT,true,false,-9.004913975249,NOT_APPLICABLE,No overlap; no intentional geometry claimed.,input_graphic_masks/GR010_raw.png|input_graphic_masks/GR015_raw.png|NOT_REQUIRED_CLEARANCE_GT_0,NOT_REQUIRED_CLEARANCE_GT_0
PAIR_GR010_GR016,GR010,LINE_ARROW,left_boundary,L,GR016,ARROWHEAD,right_x_arrow,R,input_graphic_masks/GR010_raw.png,input_graphic_masks/GR016_raw.png,true,0,963.000000000000,962.000000000000,NONCRITICAL_DISJOINT,0,957.000000,true,NONCRITICAL_DISJOINT,true,false,-5.000000000000,NOT_APPLICABLE,No overlap; no intentional geometry claimed.,input_graphic_masks/GR010_raw.png|input_graphic_masks/GR016_raw.png|NOT_REQUIRED_CLEARANCE_GT_0,NOT_REQUIRED_CLEARANCE_GT_0
PAIR_GR010_GR017,GR010,LINE_ARROW,left_boundary,L,GR017,LINE_ARROW,right_y_axis,R,input_graphic_masks/GR010_raw.png,input_graphic_masks/GR017_raw.png,true,0,403.000000000000,402.000000000000,NONCRITICAL_DISJOINT,0,397.000000,true,NONCRITICAL_DISJOINT,true,false,-5.000000000000,NOT_APPLICABLE,No overlap; no intentional geometry claimed.,input_graphic_masks/GR010_raw.png|input_graphic_masks/GR017_raw.png|NOT_REQUIRED_CLEARANCE_GT_0,NOT_REQUIRED_CLEARANCE_GT_0
PAIR_GR010_GR018,GR010,LINE_ARROW,left_boundary,L,GR018,ARROWHEAD,right_y_arrow,R,input_graphic_masks/GR010_raw.png,input_graphic_masks/GR018_raw.png,true,0,413.600048355897,412.600048355897,NONCRITICAL_DISJOINT,0,404.148488,true,NONCRITICAL_DISJOINT,true,false,-8.451560355897,NOT_APPLICABLE,No overlap; no intentional geometry claimed.,input_graphic_masks/GR010_raw.png|input_graphic_masks/GR018_raw.png|NOT_REQUIRED_CLEARANCE_GT_0,NOT_REQUIRED_CLEARANCE_GT_0
PAIR_GR010_GR019,GR010,LINE_ARROW,left_boundary,L,GR019,DATA_CURVE,right_p,R,input_graphic_masks/GR010_raw.png,input_graphic_masks/GR019_raw.png,true,0,403.000000000000,402.000000000000,NONCRITICAL_DISJOINT,0,395.000000,true,NONCRITICAL_DISJOINT,true,false,-7.000000000000,NOT_APPLICABLE,No overlap; no intentional geometry claimed.,input_graphic_masks/GR010_raw.png|input_graphic_masks/GR019_raw.png|NOT_REQUIRED_CLEARANCE_GT_0,NOT_REQUIRED_CLEARANCE_GT_0
PAIR_GR010_GR020,GR010,LINE_ARROW,left_boundary,L,GR020,DATA_CURVE,right_q,R,input_graphic_masks/GR010_raw.png,input_graphic_masks/GR020_raw.png,true,0,403.000000000000,402.000000000000,NONCRITICAL_DISJOINT,0,396.000000,true,NONCRITICAL_DISJOINT,true,false,-6.000000000000,NOT_APPLICABLE,No overlap; no intentional geometry claimed.,input_graphic_masks/GR010_raw.png|input_graphic_masks/GR020_raw.png|NOT_REQUIRED_CLEARANCE_GT_0,NOT_REQUIRED_CLEARANCE_GT_0
PAIR_GR010_GR021,GR010,LINE_ARROW,left_boundary,L,GR021,NODE_BORDER,weight_card_border,R,input_graphic_masks/GR010_raw.png,input_graphic_masks/GR021_raw.png,true,0,424.000000000000,423.000000000000,NONCRITICAL_DISJOINT,0,418.000000,true,NONCRITICAL_DISJOINT,true,false,-5.000000000000,NOT_APPLICABLE,No overlap; no intentional geometry claimed.,input_graphic_masks/GR010_raw.png|input_graphic_masks/GR021_raw.png|NOT_REQUIRED_CLEARANCE_GT_0,NOT_REQUIRED_CLEARANCE_GT_0
PAIR_GR010_GR022,GR010,LINE_ARROW,left_boundary,L,GR022,MARKER,right_circle,R,input_graphic_masks/GR010_raw.png,input_graphic_masks/GR022_raw.png,true,0,505.000000000000,504.000000000000,NONCRITICAL_DISJOINT,0,499.000000,true,NONCRITICAL_DISJOINT,true,false,-5.000000000000,NOT_APPLICABLE,No overlap; no intentional geometry claimed.,input_graphic_masks/GR010_raw.png|input_graphic_masks/GR022_raw.png|NOT_REQUIRED_CLEARANCE_GT_0,NOT_REQUIRED_CLEARANCE_GT_0
PAIR_GR010_GR023,GR010,LINE_ARROW,left_boundary,L,GR023,MARKER,right_square,R,input_graphic_masks/GR010_raw.png,input_graphic_masks/GR023_raw.png,true,0,679.000000000000,678.000000000000,NONCRITICAL_DISJOINT,0,672.000000,true,NONCRITICAL_DISJOINT,true,false,-6.000000000000,NOT_APPLICABLE,No overlap; no intentional geometry claimed.,input_graphic_masks/GR010_raw.png|input_graphic_masks/GR023_raw.png|NOT_REQUIRED_CLEARANCE_GT_0,NOT_REQUIRED_CLEARANCE_GT_0
PAIR_GR010_GR024,GR010,LINE_ARROW,left_boundary,L,GR024,MARKER,right_triangle,R,input_graphic_masks/GR010_raw.png,input_graphic_masks/GR024_raw.png,true,0,850.000000000000,849.000000000000,NONCRITICAL_DISJOINT,0,845.000000,true,NONCRITICAL_DISJOINT,true,false,-4.000000000000,NOT_APPLICABLE,No overlap; no intentional geometry claimed.,input_graphic_masks/GR010_raw.png|input_graphic_masks/GR024_raw.png|NOT_REQUIRED_CLEARANCE_GT_0,NOT_REQUIRED_CLEARANCE_GT_0
PAIR_GR010_GR025,GR010,LINE_ARROW,left_boundary,L,GR025,DATA_REGION,left_missing_support_hatch,L,input_graphic_masks/GR010_raw.png,input_graphic_masks/GR025_raw.png,true,142,0.000000000000,0.000000000000,OVERLAP,142,0.000000,true,OVERLAP,true,true,0.000000000000,BOUNDARY_REGION_CONNECTION,左图 x=5/2 点线是斜线缺失区的左边界；交集表示区域从支撑截止线开始。,input_graphic_masks/GR010_raw.png|input_graphic_masks/GR025_raw.png|critical_pairs/PAIR_GR010_GR025/package_manifest.json,critical_pairs/PAIR_GR010_GR025/package_manifest.json
PAIR_GR011_GR012,GR011,MARKER,left_square,L,GR012,MARKER,left_open_circle,L,input_graphic_masks/GR011_raw.png,input_graphic_masks/GR012_raw.png,true,0,308.000000000000,307.000000000000,NONCRITICAL_DISJOINT,0,301.000000,true,NONCRITICAL_DISJOINT,true,false,-6.000000000000,NOT_APPLICABLE,No overlap; no intentional geometry claimed.,input_graphic_masks/GR011_raw.png|input_graphic_masks/GR012_raw.png|NOT_REQUIRED_CLEARANCE_GT_0,NOT_REQUIRED_CLEARANCE_GT_0
PAIR_GR011_GR013,GR011,MARKER,left_square,L,GR013,LINE_ARROW,right_x_ticks,R,input_graphic_masks/GR011_raw.png,input_graphic_masks/GR013_raw.png,true,0,500.849278725646,499.849278725646,NONCRITICAL_DISJOINT,0,490.388621,true,NONCRITICAL_DISJOINT,true,false,-9.460657725646,NOT_APPLICABLE,No overlap; no intentional geometry claimed.,input_graphic_masks/GR011_raw.png|input_graphic_masks/GR013_raw.png|NOT_REQUIRED_CLEARANCE_GT_0,NOT_REQUIRED_CLEARANCE_GT_0
PAIR_GR011_GR014,GR011,MARKER,left_square,L,GR014,LINE_ARROW,right_y_ticks,R,input_graphic_masks/GR011_raw.png,input_graphic_masks/GR014_raw.png,true,0,383.000000000000,382.000000000000,NONCRITICAL_DISJOINT,0,376.000000,true,NONCRITICAL_DISJOINT,true,false,-6.000000000000,NOT_APPLICABLE,No overlap; no intentional geometry claimed.,input_graphic_masks/GR011_raw.png|input_graphic_masks/GR014_raw.png|NOT_REQUIRED_CLEARANCE_GT_0,NOT_REQUIRED_CLEARANCE_GT_0
PAIR_GR011_GR015,GR011,MARKER,left_square,L,GR015,LINE_ARROW,right_x_axis,R,input_graphic_masks/GR011_raw.png,input_graphic_masks/GR015_raw.png,true,0,510.248958842642,509.248958842642,NONCRITICAL_DISJOINT,0,496.036289,true,NONCRITICAL_DISJOINT,true,false,-13.212669842642,NOT_APPLICABLE,No overlap; no intentional geometry claimed.,input_graphic_masks/GR011_raw.png|input_graphic_masks/GR015_raw.png|NOT_REQUIRED_CLEARANCE_GT_0,NOT_REQUIRED_CLEARANCE_GT_0
PAIR_GR011_GR016,GR011,MARKER,left_square,L,GR016,ARROWHEAD,right_x_arrow,R,input_graphic_masks/GR011_raw.png,input_graphic_masks/GR016_raw.png,true,0,1001.497378928173,1000.497378928173,NONCRITICAL_DISJOINT,0,992.356791,true,NONCRITICAL_DISJOINT,true,false,-8.140587928173,NOT_APPLICABLE,No overlap; no intentional geometry claimed.,input_graphic_masks/GR011_raw.png|input_graphic_masks/GR016_raw.png|NOT_REQUIRED_CLEARANCE_GT_0,NOT_REQUIRED_CLEARANCE_GT_0
PAIR_GR011_GR017,GR011,MARKER,left_square,L,GR017,LINE_ARROW,right_y_axis,R,input_graphic_masks/GR011_raw.png,input_graphic_masks/GR017_raw.png,true,0,391.000000000000,390.000000000000,NONCRITICAL_DISJOINT,0,384.000000,true,NONCRITICAL_DISJOINT,true,false,-6.000000000000,NOT_APPLICABLE,No overlap; no intentional geometry claimed.,input_graphic_masks/GR011_raw.png|input_graphic_masks/GR017_raw.png|NOT_REQUIRED_CLEARANCE_GT_0,NOT_REQUIRED_CLEARANCE_GT_0
PAIR_GR011_GR018,GR011,MARKER,left_square,L,GR018,ARROWHEAD,right_y_arrow,R,input_graphic_masks/GR011_raw.png,input_graphic_masks/GR018_raw.png,true,0,411.753567076231,410.753567076231,NONCRITICAL_DISJOINT,0,402.155443,true,NONCRITICAL_DISJOINT,true,false,-8.598124076231,NOT_APPLICABLE,No overlap; no intentional geometry claimed.,input_graphic_masks/GR011_raw.png|input_graphic_masks/GR018_raw.png|NOT_REQUIRED_CLEARANCE_GT_0,NOT_REQUIRED_CLEARANCE_GT_0
PAIR_GR011_GR019,GR011,MARKER,left_square,L,GR019,DATA_CURVE,right_p,R,input_graphic_masks/GR011_raw.png,input_graphic_masks/GR019_raw.png,true,0,499.799959983992,498.799959983992,NONCRITICAL_DISJOINT,0,386.839760,true,NONCRITICAL_DISJOINT,true,false,-111.960199983992,NOT_APPLICABLE,No overlap; no intentional geometry claimed.,input_graphic_masks/GR011_raw.png|input_graphic_masks/GR019_raw.png|NOT_REQUIRED_CLEARANCE_GT_0,NOT_REQUIRED_CLEARANCE_GT_0
PAIR_GR011_GR020,GR011,MARKER,left_square,L,GR020,DATA_CURVE,right_q,R,input_graphic_masks/GR011_raw.png,input_graphic_masks/GR020_raw.png,true,0,420.234458368183,419.234458368183,NONCRITICAL_DISJOINT,0,409.884130,true,NONCRITICAL_DISJOINT,true,false,-9.350328368183,NOT_APPLICABLE,No overlap; no intentional geometry claimed.,input_graphic_masks/GR011_raw.png|input_graphic_masks/GR020_raw.png|NOT_REQUIRED_CLEARANCE_GT_0,NOT_REQUIRED_CLEARANCE_GT_0
PAIR_GR011_GR021,GR011,MARKER,left_square,L,GR021,NODE_BORDER,weight_card_border,R,input_graphic_masks/GR011_raw.png,input_graphic_masks/GR021_raw.png,true,0,412.000000000000,411.000000000000,NONCRITICAL_DISJOINT,0,405.000000,true,NONCRITICAL_DISJOINT,true,false,-6.000000000000,NOT_APPLICABLE,No overlap; no intentional geometry claimed.,input_graphic_masks/GR011_raw.png|input_graphic_masks/GR021_raw.png|NOT_REQUIRED_CLEARANCE_GT_0,NOT_REQUIRED_CLEARANCE_GT_0
PAIR_GR011_GR022,GR011,MARKER,left_square,L,GR022,MARKER,right_circle,R,input_graphic_masks/GR011_raw.png,input_graphic_masks/GR022_raw.png,true,0,518.046329974453,517.046329974453,NONCRITICAL_DISJOINT,0,505.762790,true,NONCRITICAL_DISJOINT,true,false,-11.283539974453,NOT_APPLICABLE,No overlap; no intentional geometry claimed.,input_graphic_masks/GR011_raw.png|input_graphic_masks/GR022_raw.png|NOT_REQUIRED_CLEARANCE_GT_0,NOT_REQUIRED_CLEARANCE_GT_0
PAIR_GR011_GR023,GR011,MARKER,left_square,L,GR023,MARKER,right_square,R,input_graphic_masks/GR011_raw.png,input_graphic_masks/GR023_raw.png,true,0,669.516990075681,668.516990075681,NONCRITICAL_DISJOINT,0,660.894091,true,NONCRITICAL_DISJOINT,true,false,-7.622899075681,NOT_APPLICABLE,No overlap; no intentional geometry claimed.,input_graphic_masks/GR011_raw.png|input_graphic_masks/GR023_raw.png|NOT_REQUIRED_CLEARANCE_GT_0,NOT_REQUIRED_CLEARANCE_GT_0
PAIR_GR011_GR024,GR011,MARKER,left_square,L,GR024,MARKER,right_triangle,R,input_graphic_masks/GR011_raw.png,input_graphic_masks/GR024_raw.png,true,0,854.871335348191,853.871335348191,NONCRITICAL_DISJOINT,0,843.531268,true,NONCRITICAL_DISJOINT,true,false,-10.340067348191,NOT_APPLICABLE,No overlap; no intentional geometry claimed.,input_graphic_masks/GR011_raw.png|input_graphic_masks/GR024_raw.png|NOT_REQUIRED_CLEARANCE_GT_0,NOT_REQUIRED_CLEARANCE_GT_0
PAIR_GR011_GR025,GR011,MARKER,left_square,L,GR025,DATA_REGION,left_missing_support_hatch,L,input_graphic_masks/GR011_raw.png,input_graphic_masks/GR025_raw.png,true,0,69.115844782510,68.115844782510,NONCRITICAL_DISJOINT,0,68.115845,true,NONCRITICAL_DISJOINT,true,true,0.000000217490,NOT_APPLICABLE,No overlap; no intentional geometry claimed.,input_graphic_masks/GR011_raw.png|input_graphic_masks/GR025_raw.png|NOT_REQUIRED_CLEARANCE_GT_0,NOT_REQUIRED_CLEARANCE_GT_0
PAIR_GR012_GR013,GR012,MARKER,left_open_circle,L,GR013,LINE_ARROW,right_x_ticks,R,input_graphic_masks/GR012_raw.png,input_graphic_masks/GR013_raw.png,true,0,391.000000000000,390.000000000000,NONCRITICAL_DISJOINT,0,385.000000,true,NONCRITICAL_DISJOINT,true,false,-5.000000000000,NOT_APPLICABLE,No overlap; no intentional geometry claimed.,input_graphic_masks/GR012_raw.png|input_graphic_masks/GR013_raw.png|NOT_REQUIRED_CLEARANCE_GT_0,NOT_REQUIRED_CLEARANCE_GT_0
PAIR_GR012_GR014,GR012,MARKER,left_open_circle,L,GR014,LINE_ARROW,right_y_ticks,R,input_graphic_masks/GR012_raw.png,input_graphic_masks/GR014_raw.png,true,0,383.000000000000,382.000000000000,NONCRITICAL_DISJOINT,0,377.000000,true,NONCRITICAL_DISJOINT,true,false,-5.000000000000,NOT_APPLICABLE,No overlap; no intentional geometry claimed.,input_graphic_masks/GR012_raw.png|input_graphic_masks/GR014_raw.png|NOT_REQUIRED_CLEARANCE_GT_0,NOT_REQUIRED_CLEARANCE_GT_0
PAIR_GR012_GR015,GR012,MARKER,left_open_circle,L,GR015,LINE_ARROW,right_x_axis,R,input_graphic_masks/GR012_raw.png,input_graphic_masks/GR015_raw.png,true,0,395.000000000000,394.000000000000,NONCRITICAL_DISJOINT,0,385.000000,true,NONCRITICAL_DISJOINT,true,false,-9.000000000000,NOT_APPLICABLE,No overlap; no intentional geometry claimed.,input_graphic_masks/GR012_raw.png|input_graphic_masks/GR015_raw.png|NOT_REQUIRED_CLEARANCE_GT_0,NOT_REQUIRED_CLEARANCE_GT_0
PAIR_GR012_GR016,GR012,MARKER,left_open_circle,L,GR016,ARROWHEAD,right_x_arrow,R,input_graphic_masks/GR012_raw.png,input_graphic_masks/GR016_raw.png,true,0,951.008412160481,950.008412160481,NONCRITICAL_DISJOINT,0,945.000000,true,NONCRITICAL_DISJOINT,true,false,-5.008412160481,NOT_APPLICABLE,No overlap; no intentional geometry claimed.,input_graphic_masks/GR012_raw.png|input_graphic_masks/GR016_raw.png|NOT_REQUIRED_CLEARANCE_GT_0,NOT_REQUIRED_CLEARANCE_GT_0
PAIR_GR012_GR017,GR012,MARKER,left_open_circle,L,GR017,LINE_ARROW,right_y_axis,R,input_graphic_masks/GR012_raw.png,input_graphic_masks/GR017_raw.png,true,0,391.000000000000,390.000000000000,NONCRITICAL_DISJOINT,0,385.000000,true,NONCRITICAL_DISJOINT,true,false,-5.000000000000,NOT_APPLICABLE,No overlap; no intentional geometry claimed.,input_graphic_masks/GR012_raw.png|input_graphic_masks/GR017_raw.png|NOT_REQUIRED_CLEARANCE_GT_0,NOT_REQUIRED_CLEARANCE_GT_0
PAIR_GR012_GR018,GR012,MARKER,left_open_circle,L,GR018,ARROWHEAD,right_y_arrow,R,input_graphic_masks/GR012_raw.png,input_graphic_masks/GR018_raw.png,true,0,620.797068292047,619.797068292047,NONCRITICAL_DISJOINT,0,607.049421,true,NONCRITICAL_DISJOINT,true,false,-12.747647292047,NOT_APPLICABLE,No overlap; no intentional geometry claimed.,input_graphic_masks/GR012_raw.png|input_graphic_masks/GR018_raw.png|NOT_REQUIRED_CLEARANCE_GT_0,NOT_REQUIRED_CLEARANCE_GT_0
PAIR_GR012_GR019,GR012,MARKER,left_open_circle,L,GR019,DATA_CURVE,right_p,R,input_graphic_masks/GR012_raw.png,input_graphic_masks/GR019_raw.png,true,0,391.000000000000,390.000000000000,NONCRITICAL_DISJOINT,0,383.000000,true,NONCRITICAL_DISJOINT,true,false,-7.000000000000,NOT_APPLICABLE,No overlap; no intentional geometry claimed.,input_graphic_masks/GR012_raw.png|input_graphic_masks/GR019_raw.png|NOT_REQUIRED_CLEARANCE_GT_0,NOT_REQUIRED_CLEARANCE_GT_0
PAIR_GR012_GR020,GR012,MARKER,left_open_circle,L,GR020,DATA_CURVE,right_q,R,input_graphic_masks/GR012_raw.png,input_graphic_masks/GR020_raw.png,true,0,423.615391599503,422.615391599503,NONCRITICAL_DISJOINT,0,410.818695,true,NONCRITICAL_DISJOINT,true,false,-11.796696599503,NOT_APPLICABLE,No overlap; no intentional geometry claimed.,input_graphic_masks/GR012_raw.png|input_graphic_masks/GR020_raw.png|NOT_REQUIRED_CLEARANCE_GT_0,NOT_REQUIRED_CLEARANCE_GT_0
PAIR_GR012_GR021,GR012,MARKER,left_open_circle,L,GR021,NODE_BORDER,weight_card_border,R,input_graphic_masks/GR012_raw.png,input_graphic_masks/GR021_raw.png,true,0,500.065995644575,499.065995644575,NONCRITICAL_DISJOINT,0,484.830898,true,NONCRITICAL_DISJOINT,true,false,-14.235097644575,NOT_APPLICABLE,No overlap; no intentional geometry claimed.,input_graphic_masks/GR012_raw.png|input_graphic_masks/GR021_raw.png|NOT_REQUIRED_CLEARANCE_GT_0,NOT_REQUIRED_CLEARANCE_GT_0
PAIR_GR012_GR022,GR012,MARKER,left_open_circle,L,GR022,MARKER,right_circle,R,input_graphic_masks/GR012_raw.png,input_graphic_masks/GR022_raw.png,true,0,516.562677707169,515.562677707169,NONCRITICAL_DISJOINT,0,503.287194,true,NONCRITICAL_DISJOINT,true,false,-12.275483707169,NOT_APPLICABLE,No overlap; no intentional geometry claimed.,input_graphic_masks/GR012_raw.png|input_graphic_masks/GR022_raw.png|NOT_REQUIRED_CLEARANCE_GT_0,NOT_REQUIRED_CLEARANCE_GT_0
PAIR_GR012_GR023,GR012,MARKER,left_open_circle,L,GR023,MARKER,right_square,R,input_graphic_masks/GR012_raw.png,input_graphic_masks/GR023_raw.png,true,0,706.855713706836,705.855713706836,NONCRITICAL_DISJOINT,0,695.071219,true,NONCRITICAL_DISJOINT,true,false,-10.784494706836,NOT_APPLICABLE,No overlap; no intentional geometry claimed.,input_graphic_masks/GR012_raw.png|input_graphic_masks/GR023_raw.png|NOT_REQUIRED_CLEARANCE_GT_0,NOT_REQUIRED_CLEARANCE_GT_0
PAIR_GR012_GR024,GR012,MARKER,left_open_circle,L,GR024,MARKER,right_triangle,R,input_graphic_masks/GR012_raw.png,input_graphic_masks/GR024_raw.png,true,0,850.968859594756,849.968859594756,NONCRITICAL_DISJOINT,0,843.550828,true,NONCRITICAL_DISJOINT,true,false,-6.418031594756,NOT_APPLICABLE,No overlap; no intentional geometry claimed.,input_graphic_masks/GR012_raw.png|input_graphic_masks/GR024_raw.png|NOT_REQUIRED_CLEARANCE_GT_0,NOT_REQUIRED_CLEARANCE_GT_0
PAIR_GR012_GR025,GR012,MARKER,left_open_circle,L,GR025,DATA_REGION,left_missing_support_hatch,L,input_graphic_masks/GR012_raw.png,input_graphic_masks/GR025_raw.png,true,0,1.000000000000,0.000000000000,ZERO_CLEARANCE_NO_OVERLAP,0,0.000000,true,ZERO_CLEARANCE_NO_OVERLAP,true,true,0.000000000000,NOT_APPLICABLE,No overlap; no intentional geometry claimed.,input_graphic_masks/GR012_raw.png|input_graphic_masks/GR025_raw.png|critical_pairs/PAIR_GR012_GR025/package_manifest.json,critical_pairs/PAIR_GR012_GR025/package_manifest.json
PAIR_GR013_GR014,GR013,LINE_ARROW,right_x_ticks,R,GR014,LINE_ARROW,right_y_ticks,R,input_graphic_masks/GR013_raw.png,input_graphic_masks/GR014_raw.png,true,0,2.828427124746,1.828427124746,NONCRITICAL_DISJOINT,0,1.828427,true,NONCRITICAL_DISJOINT,true,true,-0.000000124746,NOT_APPLICABLE,No overlap; no intentional geometry claimed.,input_graphic_masks/GR013_raw.png|input_graphic_masks/GR014_raw.png|NOT_REQUIRED_CLEARANCE_GT_0,NOT_REQUIRED_CLEARANCE_GT_0
PAIR_GR013_GR015,GR013,LINE_ARROW,right_x_ticks,R,GR015,LINE_ARROW,right_x_axis,R,input_graphic_masks/GR013_raw.png,input_graphic_masks/GR015_raw.png,true,40,0.000000000000,0.000000000000,OVERLAP,40,0.000000,true,OVERLAP,true,true,0.000000000000,AXIS_TICK_CONNECTION,右图横轴刻度短线有意落在其承载横轴上；交集仅为刻度—横轴接点。,input_graphic_masks/GR013_raw.png|input_graphic_masks/GR015_raw.png|critical_pairs/PAIR_GR013_GR015/package_manifest.json,critical_pairs/PAIR_GR013_GR015/package_manifest.json
PAIR_GR013_GR016,GR013,LINE_ARROW,right_x_ticks,R,GR016,ARROWHEAD,right_x_arrow,R,input_graphic_masks/GR013_raw.png,input_graphic_masks/GR016_raw.png,true,0,2.828427124746,1.828427124746,NONCRITICAL_DISJOINT,0,1.828427,true,NONCRITICAL_DISJOINT,true,true,-0.000000124746,NOT_APPLICABLE,No overlap; no intentional geometry claimed.,input_graphic_masks/GR013_raw.png|input_graphic_masks/GR016_raw.png|NOT_REQUIRED_CLEARANCE_GT_0,NOT_REQUIRED_CLEARANCE_GT_0
PAIR_GR013_GR017,GR013,LINE_ARROW,right_x_ticks,R,GR017,LINE_ARROW,right_y_axis,R,input_graphic_masks/GR013_raw.png,input_graphic_masks/GR017_raw.png,true,16,0.000000000000,0.000000000000,OVERLAP,16,0.000000,true,OVERLAP,true,true,0.000000000000,AXIS_ORIGIN_CONNECTION,右图 x=0 横轴刻度与纵轴在原点共用坐标框架接点；交集是结构连接。,input_graphic_masks/GR013_raw.png|input_graphic_masks/GR017_raw.png|critical_pairs/PAIR_GR013_GR017/package_manifest.json,critical_pairs/PAIR_GR013_GR017/package_manifest.json
PAIR_GR013_GR018,GR013,LINE_ARROW,right_x_ticks,R,GR018,ARROWHEAD,right_y_arrow,R,input_graphic_masks/GR013_raw.png,input_graphic_masks/GR018_raw.png,true,0,484.050617187914,483.050617187914,NONCRITICAL_DISJOINT,0,479.000000,true,NONCRITICAL_DISJOINT,true,false,-4.050617187914,NOT_APPLICABLE,No overlap; no intentional geometry claimed.,input_graphic_masks/GR013_raw.png|input_graphic_masks/GR018_raw.png|NOT_REQUIRED_CLEARANCE_GT_0,NOT_REQUIRED_CLEARANCE_GT_0
PAIR_GR013_GR019,GR013,LINE_ARROW,right_x_ticks,R,GR019,DATA_CURVE,right_p,R,input_graphic_masks/GR013_raw.png,input_graphic_masks/GR019_raw.png,true,2,0.000000000000,0.000000000000,OVERLAP,2,0.000000,true,OVERLAP,true,true,0.000000000000,CURVE_AXIS_ENDPOINT_CONNECTION,右图目标密度满足 p(0)=0，蓝色目标曲线在左端收束到 x=0 刻度；交集是函数端点接轴。,input_graphic_masks/GR013_raw.png|input_graphic_masks/GR019_raw.png|critical_pairs/PAIR_GR013_GR019/package_manifest.json,critical_pairs/PAIR_GR013_GR019/package_manifest.json
PAIR_GR013_GR020,GR013,LINE_ARROW,right_x_ticks,R,GR020,DATA_CURVE,right_q,R,input_graphic_masks/GR013_raw.png,input_graphic_masks/GR020_raw.png,true,0,156.000000000000,155.000000000000,NONCRITICAL_DISJOINT,0,150.000000,true,NONCRITICAL_DISJOINT,true,false,-5.000000000000,NOT_APPLICABLE,No overlap; no intentional geometry claimed.,input_graphic_masks/GR013_raw.png|input_graphic_masks/GR020_raw.png|NOT_REQUIRED_CLEARANCE_GT_0,NOT_REQUIRED_CLEARANCE_GT_0
PAIR_GR013_GR021,GR013,LINE_ARROW,right_x_ticks,R,GR021,NODE_BORDER,weight_card_border,R,input_graphic_masks/GR013_raw.png,input_graphic_masks/GR021_raw.png,true,0,274.000000000000,273.000000000000,NONCRITICAL_DISJOINT,0,269.000000,true,NONCRITICAL_DISJOINT,true,false,-4.000000000000,NOT_APPLICABLE,No overlap; no intentional geometry claimed.,input_graphic_masks/GR013_raw.png|input_graphic_masks/GR021_raw.png|NOT_REQUIRED_CLEARANCE_GT_0,NOT_REQUIRED_CLEARANCE_GT_0
PAIR_GR013_GR022,GR013,LINE_ARROW,right_x_ticks,R,GR022,MARKER,right_circle,R,input_graphic_masks/GR013_raw.png,input_graphic_masks/GR022_raw.png,true,0,137.000000000000,136.000000000000,NONCRITICAL_DISJOINT,0,131.000000,true,NONCRITICAL_DISJOINT,true,false,-5.000000000000,NOT_APPLICABLE,No overlap; no intentional geometry claimed.,input_graphic_masks/GR013_raw.png|input_graphic_masks/GR022_raw.png|NOT_REQUIRED_CLEARANCE_GT_0,NOT_REQUIRED_CLEARANCE_GT_0
PAIR_GR013_GR023,GR013,LINE_ARROW,right_x_ticks,R,GR023,MARKER,right_square,R,input_graphic_masks/GR013_raw.png,input_graphic_masks/GR023_raw.png,true,0,228.000000000000,227.000000000000,NONCRITICAL_DISJOINT,0,222.000000,true,NONCRITICAL_DISJOINT,true,false,-5.000000000000,NOT_APPLICABLE,No overlap; no intentional geometry claimed.,input_graphic_masks/GR013_raw.png|input_graphic_masks/GR023_raw.png|NOT_REQUIRED_CLEARANCE_GT_0,NOT_REQUIRED_CLEARANCE_GT_0
PAIR_GR013_GR024,GR013,LINE_ARROW,right_x_ticks,R,GR024,MARKER,right_triangle,R,input_graphic_masks/GR013_raw.png,input_graphic_masks/GR024_raw.png,true,0,142.000000000000,141.000000000000,NONCRITICAL_DISJOINT,0,137.000000,true,NONCRITICAL_DISJOINT,true,false,-4.000000000000,NOT_APPLICABLE,No overlap; no intentional geometry claimed.,input_graphic_masks/GR013_raw.png|input_graphic_masks/GR024_raw.png|NOT_REQUIRED_CLEARANCE_GT_0,NOT_REQUIRED_CLEARANCE_GT_0
PAIR_GR013_GR025,GR013,LINE_ARROW,right_x_ticks,R,GR025,DATA_REGION,left_missing_support_hatch,L,input_graphic_masks/GR013_raw.png,input_graphic_masks/GR025_raw.png,true,0,115.000000000000,114.000000000000,NONCRITICAL_DISJOINT,0,112.000000,true,NONCRITICAL_DISJOINT,true,false,-2.000000000000,NOT_APPLICABLE,No overlap; no intentional geometry claimed.,input_graphic_masks/GR013_raw.png|input_graphic_masks/GR025_raw.png|NOT_REQUIRED_CLEARANCE_GT_0,NOT_REQUIRED_CLEARANCE_GT_0
PAIR_GR014_GR015,GR014,LINE_ARROW,right_y_ticks,R,GR015,LINE_ARROW,right_x_axis,R,input_graphic_masks/GR014_raw.png,input_graphic_masks/GR015_raw.png,true,21,0.000000000000,0.000000000000,OVERLAP,21,0.000000,true,OVERLAP,true,true,0.000000000000,AXIS_ORIGIN_CONNECTION,右图 y=0 纵轴刻度与横轴在原点共用坐标框架接点；交集不是数据遮挡。,input_graphic_masks/GR014_raw.png|input_graphic_masks/GR015_raw.png|critical_pairs/PAIR_GR014_GR015/package_manifest.json,critical_pairs/PAIR_GR014_GR015/package_manifest.json
PAIR_GR014_GR016,GR014,LINE_ARROW,right_y_ticks,R,GR016,ARROWHEAD,right_x_arrow,R,input_graphic_masks/GR014_raw.png,input_graphic_masks/GR016_raw.png,true,0,549.044624780172,548.044624780172,NONCRITICAL_DISJOINT,0,544.000000,true,NONCRITICAL_DISJOINT,true,false,-4.044624780172,NOT_APPLICABLE,No overlap; no intentional geometry claimed.,input_graphic_masks/GR014_raw.png|input_graphic_masks/GR016_raw.png|NOT_REQUIRED_CLEARANCE_GT_0,NOT_REQUIRED_CLEARANCE_GT_0
PAIR_GR014_GR017,GR014,LINE_ARROW,right_y_ticks,R,GR017,LINE_ARROW,right_y_axis,R,input_graphic_masks/GR014_raw.png,input_graphic_masks/GR017_raw.png,true,37,0.000000000000,0.000000000000,OVERLAP,37,0.000000,true,OVERLAP,true,true,0.000000000000,AXIS_TICK_CONNECTION,右图各纵轴刻度短线有意横跨其承载纵轴；交集仅为刻度—纵轴连接。,input_graphic_masks/GR014_raw.png|input_graphic_masks/GR017_raw.png|critical_pairs/PAIR_GR014_GR017/package_manifest.json,critical_pairs/PAIR_GR014_GR017/package_manifest.json
PAIR_GR014_GR018,GR014,LINE_ARROW,right_y_ticks,R,GR018,ARROWHEAD,right_y_arrow,R,input_graphic_masks/GR014_raw.png,input_graphic_masks/GR018_raw.png,true,0,74.242844773082,73.242844773082,NONCRITICAL_DISJOINT,0,70.000000,true,NONCRITICAL_DISJOINT,true,false,-3.242844773082,NOT_APPLICABLE,No overlap; no intentional geometry claimed.,input_graphic_masks/GR014_raw.png|input_graphic_masks/GR018_raw.png|NOT_REQUIRED_CLEARANCE_GT_0,NOT_REQUIRED_CLEARANCE_GT_0
PAIR_GR014_GR019,GR014,LINE_ARROW,right_y_ticks,R,GR019,DATA_CURVE,right_p,R,input_graphic_masks/GR014_raw.png,input_graphic_masks/GR019_raw.png,true,0,1.000000000000,0.000000000000,ZERO_CLEARANCE_NO_OVERLAP,0,0.000000,true,ZERO_CLEARANCE_NO_OVERLAP,true,true,0.000000000000,NOT_APPLICABLE,No overlap; no intentional geometry claimed.,input_graphic_masks/GR014_raw.png|input_graphic_masks/GR019_raw.png|critical_pairs/PAIR_GR014_GR019/package_manifest.json,critical_pairs/PAIR_GR014_GR019/package_manifest.json
PAIR_GR014_GR020,GR014,LINE_ARROW,right_y_ticks,R,GR020,DATA_CURVE,right_q,R,input_graphic_masks/GR014_raw.png,input_graphic_masks/GR020_raw.png,true,0,1.000000000000,0.000000000000,ZERO_CLEARANCE_NO_OVERLAP,0,0.000000,true,ZERO_CLEARANCE_NO_OVERLAP,true,true,0.000000000000,NOT_APPLICABLE,No overlap; no intentional geometry claimed.,input_graphic_masks/GR014_raw.png|input_graphic_masks/GR020_raw.png|critical_pairs/PAIR_GR014_GR020/package_manifest.json,critical_pairs/PAIR_GR014_GR020/package_manifest.json
PAIR_GR014_GR021,GR014,LINE_ARROW,right_y_ticks,R,GR021,NODE_BORDER,weight_card_border,R,input_graphic_masks/GR014_raw.png,input_graphic_masks/GR021_raw.png,true,0,10.000000000000,9.000000000000,NONCRITICAL_DISJOINT,0,9.000000,true,NONCRITICAL_DISJOINT,true,true,0.000000000000,NOT_APPLICABLE,No overlap; no intentional geometry claimed.,input_graphic_masks/GR014_raw.png|input_graphic_masks/GR021_raw.png|NOT_REQUIRED_CLEARANCE_GT_0,NOT_REQUIRED_CLEARANCE_GT_0
PAIR_GR014_GR022,GR014,LINE_ARROW,right_y_ticks,R,GR022,MARKER,right_circle,R,input_graphic_masks/GR014_raw.png,input_graphic_masks/GR022_raw.png,true,0,103.121287811974,102.121287811974,NONCRITICAL_DISJOINT,0,86.000000,true,NONCRITICAL_DISJOINT,true,false,-16.121287811974,NOT_APPLICABLE,No overlap; no intentional geometry claimed.,input_graphic_masks/GR014_raw.png|input_graphic_masks/GR022_raw.png|NOT_REQUIRED_CLEARANCE_GT_0,NOT_REQUIRED_CLEARANCE_GT_0
PAIR_GR014_GR023,GR014,LINE_ARROW,right_y_ticks,R,GR023,MARKER,right_square,R,input_graphic_masks/GR014_raw.png,input_graphic_masks/GR023_raw.png,true,0,265.000000000000,264.000000000000,NONCRITICAL_DISJOINT,0,259.000000,true,NONCRITICAL_DISJOINT,true,false,-5.000000000000,NOT_APPLICABLE,No overlap; no intentional geometry claimed.,input_graphic_masks/GR014_raw.png|input_graphic_masks/GR023_raw.png|NOT_REQUIRED_CLEARANCE_GT_0,NOT_REQUIRED_CLEARANCE_GT_0
PAIR_GR014_GR024,GR014,LINE_ARROW,right_y_ticks,R,GR024,MARKER,right_triangle,R,input_graphic_masks/GR014_raw.png,input_graphic_masks/GR024_raw.png,true,0,446.659825818262,445.659825818262,NONCRITICAL_DISJOINT,0,432.000000,true,NONCRITICAL_DISJOINT,true,false,-13.659825818262,NOT_APPLICABLE,No overlap; no intentional geometry claimed.,input_graphic_masks/GR014_raw.png|input_graphic_masks/GR024_raw.png|NOT_REQUIRED_CLEARANCE_GT_0,NOT_REQUIRED_CLEARANCE_GT_0
PAIR_GR014_GR025,GR014,LINE_ARROW,right_y_ticks,R,GR025,DATA_REGION,left_missing_support_hatch,L,input_graphic_masks/GR014_raw.png,input_graphic_masks/GR025_raw.png,true,0,107.018689956474,106.018689956474,NONCRITICAL_DISJOINT,0,104.000000,true,NONCRITICAL_DISJOINT,true,false,-2.018689956474,NOT_APPLICABLE,No overlap; no intentional geometry claimed.,input_graphic_masks/GR014_raw.png|input_graphic_masks/GR025_raw.png|NOT_REQUIRED_CLEARANCE_GT_0,NOT_REQUIRED_CLEARANCE_GT_0
PAIR_GR015_GR016,GR015,LINE_ARROW,right_x_axis,R,GR016,ARROWHEAD,right_x_arrow,R,input_graphic_masks/GR015_raw.png,input_graphic_masks/GR016_raw.png,true,9,0.000000000000,0.000000000000,OVERLAP,9,0.000000,true,OVERLAP,true,true,0.000000000000,AXIS_ARROWHEAD_CONNECTION,右图横轴描边与其箭头头部共接形成连续坐标轴；交集位于轴端连接。,input_graphic_masks/GR015_raw.png|input_graphic_masks/GR016_raw.png|critical_pairs/PAIR_GR015_GR016/package_manifest.json,critical_pairs/PAIR_GR015_GR016/package_manifest.json
PAIR_GR015_GR017,GR015,LINE_ARROW,right_x_axis,R,GR017,LINE_ARROW,right_y_axis,R,input_graphic_masks/GR015_raw.png,input_graphic_masks/GR017_raw.png,true,0,6.403124237433,5.403124237433,NONCRITICAL_DISJOINT,0,5.403124,true,NONCRITICAL_DISJOINT,true,true,-0.000000237433,NOT_APPLICABLE,No overlap; no intentional geometry claimed.,input_graphic_masks/GR015_raw.png|input_graphic_masks/GR017_raw.png|NOT_REQUIRED_CLEARANCE_GT_0,NOT_REQUIRED_CLEARANCE_GT_0
PAIR_GR015_GR018,GR015,LINE_ARROW,right_x_axis,R,GR018,ARROWHEAD,right_y_arrow,R,input_graphic_masks/GR015_raw.png,input_graphic_masks/GR018_raw.png,true,0,493.000000000000,492.000000000000,NONCRITICAL_DISJOINT,0,488.000000,true,NONCRITICAL_DISJOINT,true,false,-4.000000000000,NOT_APPLICABLE,No overlap; no intentional geometry claimed.,input_graphic_masks/GR015_raw.png|input_graphic_masks/GR018_raw.png|NOT_REQUIRED_CLEARANCE_GT_0,NOT_REQUIRED_CLEARANCE_GT_0
PAIR_GR015_GR019,GR015,LINE_ARROW,right_x_axis,R,GR019,DATA_CURVE,right_p,R,input_graphic_masks/GR015_raw.png,input_graphic_masks/GR019_raw.png,true,0,1.000000000000,0.000000000000,ZERO_CLEARANCE_NO_OVERLAP,0,0.000000,true,ZERO_CLEARANCE_NO_OVERLAP,true,true,0.000000000000,NOT_APPLICABLE,No overlap; no intentional geometry claimed.,input_graphic_masks/GR015_raw.png|input_graphic_masks/GR019_raw.png|critical_pairs/PAIR_GR015_GR019/package_manifest.json,critical_pairs/PAIR_GR015_GR019/package_manifest.json
PAIR_GR015_GR020,GR015,LINE_ARROW,right_x_axis,R,GR020,DATA_CURVE,right_q,R,input_graphic_masks/GR015_raw.png,input_graphic_masks/GR020_raw.png,true,0,164.000000000000,163.000000000000,NONCRITICAL_DISJOINT,0,159.000000,true,NONCRITICAL_DISJOINT,true,false,-4.000000000000,NOT_APPLICABLE,No overlap; no intentional geometry claimed.,input_graphic_masks/GR015_raw.png|input_graphic_masks/GR020_raw.png|NOT_REQUIRED_CLEARANCE_GT_0,NOT_REQUIRED_CLEARANCE_GT_0
PAIR_GR015_GR021,GR015,LINE_ARROW,right_x_axis,R,GR021,NODE_BORDER,weight_card_border,R,input_graphic_masks/GR015_raw.png,input_graphic_masks/GR021_raw.png,true,0,282.000000000000,281.000000000000,NONCRITICAL_DISJOINT,0,278.000000,true,NONCRITICAL_DISJOINT,true,false,-3.000000000000,NOT_APPLICABLE,No overlap; no intentional geometry claimed.,input_graphic_masks/GR015_raw.png|input_graphic_masks/GR021_raw.png|NOT_REQUIRED_CLEARANCE_GT_0,NOT_REQUIRED_CLEARANCE_GT_0
PAIR_GR015_GR022,GR015,LINE_ARROW,right_x_axis,R,GR022,MARKER,right_circle,R,input_graphic_masks/GR015_raw.png,input_graphic_masks/GR022_raw.png,true,0,145.000000000000,144.000000000000,NONCRITICAL_DISJOINT,0,140.000000,true,NONCRITICAL_DISJOINT,true,false,-4.000000000000,NOT_APPLICABLE,No overlap; no intentional geometry claimed.,input_graphic_masks/GR015_raw.png|input_graphic_masks/GR022_raw.png|NOT_REQUIRED_CLEARANCE_GT_0,NOT_REQUIRED_CLEARANCE_GT_0
PAIR_GR015_GR023,GR015,LINE_ARROW,right_x_axis,R,GR023,MARKER,right_square,R,input_graphic_masks/GR015_raw.png,input_graphic_masks/GR023_raw.png,true,0,236.000000000000,235.000000000000,NONCRITICAL_DISJOINT,0,231.000000,true,NONCRITICAL_DISJOINT,true,false,-4.000000000000,NOT_APPLICABLE,No overlap; no intentional geometry claimed.,input_graphic_masks/GR015_raw.png|input_graphic_masks/GR023_raw.png|NOT_REQUIRED_CLEARANCE_GT_0,NOT_REQUIRED_CLEARANCE_GT_0
PAIR_GR015_GR024,GR015,LINE_ARROW,right_x_axis,R,GR024,MARKER,right_triangle,R,input_graphic_masks/GR015_raw.png,input_graphic_masks/GR024_raw.png,true,0,150.000000000000,149.000000000000,NONCRITICAL_DISJOINT,0,146.000000,true,NONCRITICAL_DISJOINT,true,false,-3.000000000000,NOT_APPLICABLE,No overlap; no intentional geometry claimed.,input_graphic_masks/GR015_raw.png|input_graphic_masks/GR024_raw.png|NOT_REQUIRED_CLEARANCE_GT_0,NOT_REQUIRED_CLEARANCE_GT_0
PAIR_GR015_GR025,GR015,LINE_ARROW,right_x_axis,R,GR025,DATA_REGION,left_missing_support_hatch,L,input_graphic_masks/GR015_raw.png,input_graphic_masks/GR025_raw.png,true,0,119.004201606498,118.004201606498,NONCRITICAL_DISJOINT,0,112.000000,true,NONCRITICAL_DISJOINT,true,false,-6.004201606498,NOT_APPLICABLE,No overlap; no intentional geometry claimed.,input_graphic_masks/GR015_raw.png|input_graphic_masks/GR025_raw.png|NOT_REQUIRED_CLEARANCE_GT_0,NOT_REQUIRED_CLEARANCE_GT_0
PAIR_GR016_GR017,GR016,ARROWHEAD,right_x_arrow,R,GR017,LINE_ARROW,right_y_axis,R,input_graphic_masks/GR016_raw.png,input_graphic_masks/GR017_raw.png,true,0,558.000000000000,557.000000000000,NONCRITICAL_DISJOINT,0,553.000000,true,NONCRITICAL_DISJOINT,true,false,-4.000000000000,NOT_APPLICABLE,No overlap; no intentional geometry claimed.,input_graphic_masks/GR016_raw.png|input_graphic_masks/GR017_raw.png|NOT_REQUIRED_CLEARANCE_GT_0,NOT_REQUIRED_CLEARANCE_GT_0
PAIR_GR016_GR018,GR016,ARROWHEAD,right_x_arrow,R,GR018,ARROWHEAD,right_y_arrow,R,input_graphic_masks/GR016_raw.png,input_graphic_masks/GR018_raw.png,true,0,734.708785846474,733.708785846474,NONCRITICAL_DISJOINT,0,726.240318,true,NONCRITICAL_DISJOINT,true,false,-7.468467846474,NOT_APPLICABLE,No overlap; no intentional geometry claimed.,input_graphic_masks/GR016_raw.png|input_graphic_masks/GR018_raw.png|NOT_REQUIRED_CLEARANCE_GT_0,NOT_REQUIRED_CLEARANCE_GT_0
PAIR_GR016_GR019,GR016,ARROWHEAD,right_x_arrow,R,GR019,DATA_CURVE,right_p,R,input_graphic_masks/GR016_raw.png,input_graphic_masks/GR019_raw.png,true,0,1.000000000000,0.000000000000,ZERO_CLEARANCE_NO_OVERLAP,0,0.000000,true,ZERO_CLEARANCE_NO_OVERLAP,true,true,0.000000000000,NOT_APPLICABLE,No overlap; no intentional geometry claimed.,input_graphic_masks/GR016_raw.png|input_graphic_masks/GR019_raw.png|critical_pairs/PAIR_GR016_GR019/package_manifest.json,critical_pairs/PAIR_GR016_GR019/package_manifest.json
PAIR_GR016_GR020,GR016,ARROWHEAD,right_x_arrow,R,GR020,DATA_CURVE,right_q,R,input_graphic_masks/GR016_raw.png,input_graphic_masks/GR020_raw.png,true,0,158.000000000000,157.000000000000,NONCRITICAL_DISJOINT,0,151.000000,true,NONCRITICAL_DISJOINT,true,false,-6.000000000000,NOT_APPLICABLE,No overlap; no intentional geometry claimed.,input_graphic_masks/GR016_raw.png|input_graphic_masks/GR020_raw.png|NOT_REQUIRED_CLEARANCE_GT_0,NOT_REQUIRED_CLEARANCE_GT_0
PAIR_GR016_GR021,GR016,ARROWHEAD,right_x_arrow,R,GR021,NODE_BORDER,weight_card_border,R,input_graphic_masks/GR016_raw.png,input_graphic_masks/GR021_raw.png,true,0,276.088753845570,275.088753845570,NONCRITICAL_DISJOINT,0,270.000000,true,NONCRITICAL_DISJOINT,true,false,-5.088753845570,NOT_APPLICABLE,No overlap; no intentional geometry claimed.,input_graphic_masks/GR016_raw.png|input_graphic_masks/GR021_raw.png|NOT_REQUIRED_CLEARANCE_GT_0,NOT_REQUIRED_CLEARANCE_GT_0
PAIR_GR016_GR022,GR016,ARROWHEAD,right_x_arrow,R,GR022,MARKER,right_circle,R,input_graphic_masks/GR016_raw.png,input_graphic_masks/GR022_raw.png,true,0,454.432613266258,453.432613266258,NONCRITICAL_DISJOINT,0,444.072066,true,NONCRITICAL_DISJOINT,true,false,-9.360547266258,NOT_APPLICABLE,No overlap; no intentional geometry claimed.,input_graphic_masks/GR016_raw.png|input_graphic_masks/GR022_raw.png|NOT_REQUIRED_CLEARANCE_GT_0,NOT_REQUIRED_CLEARANCE_GT_0
PAIR_GR016_GR023,GR016,ARROWHEAD,right_x_arrow,R,GR023,MARKER,right_square,R,input_graphic_masks/GR016_raw.png,input_graphic_masks/GR023_raw.png,true,0,345.635646309810,344.635646309810,NONCRITICAL_DISJOINT,0,336.501114,true,NONCRITICAL_DISJOINT,true,false,-8.134532309810,NOT_APPLICABLE,No overlap; no intentional geometry claimed.,input_graphic_masks/GR016_raw.png|input_graphic_masks/GR023_raw.png|NOT_REQUIRED_CLEARANCE_GT_0,NOT_REQUIRED_CLEARANCE_GT_0
PAIR_GR016_GR024,GR016,ARROWHEAD,right_x_arrow,R,GR024,MARKER,right_triangle,R,input_graphic_masks/GR016_raw.png,input_graphic_masks/GR024_raw.png,true,0,166.709327873398,165.709327873398,NONCRITICAL_DISJOINT,0,159.511755,true,NONCRITICAL_DISJOINT,true,false,-6.197572873398,NOT_APPLICABLE,No overlap; no intentional geometry claimed.,input_graphic_masks/GR016_raw.png|input_graphic_masks/GR024_raw.png|NOT_REQUIRED_CLEARANCE_GT_0,NOT_REQUIRED_CLEARANCE_GT_0
PAIR_GR016_GR025,GR016,ARROWHEAD,right_x_arrow,R,GR025,DATA_REGION,left_missing_support_hatch,L,input_graphic_masks/GR016_raw.png,input_graphic_masks/GR025_raw.png,true,0,675.018518264499,674.018518264499,NONCRITICAL_DISJOINT,0,672.000000,true,NONCRITICAL_DISJOINT,true,false,-2.018518264499,NOT_APPLICABLE,No overlap; no intentional geometry claimed.,input_graphic_masks/GR016_raw.png|input_graphic_masks/GR025_raw.png|NOT_REQUIRED_CLEARANCE_GT_0,NOT_REQUIRED_CLEARANCE_GT_0
PAIR_GR017_GR018,GR017,LINE_ARROW,right_y_axis,R,GR018,ARROWHEAD,right_y_arrow,R,input_graphic_masks/GR017_raw.png,input_graphic_masks/GR018_raw.png,true,8,0.000000000000,0.000000000000,OVERLAP,8,0.000000,true,OVERLAP,true,true,0.000000000000,AXIS_ARROWHEAD_CONNECTION,右图纵轴描边与其箭头头部共接形成连续坐标轴；交集位于轴端连接。,input_graphic_masks/GR017_raw.png|input_graphic_masks/GR018_raw.png|critical_pairs/PAIR_GR017_GR018/package_manifest.json,critical_pairs/PAIR_GR017_GR018/package_manifest.json
PAIR_GR017_GR019,GR017,LINE_ARROW,right_y_axis,R,GR019,DATA_CURVE,right_p,R,input_graphic_masks/GR017_raw.png,input_graphic_masks/GR019_raw.png,true,0,1.000000000000,0.000000000000,ZERO_CLEARANCE_NO_OVERLAP,0,0.000000,true,ZERO_CLEARANCE_NO_OVERLAP,true,true,0.000000000000,NOT_APPLICABLE,No overlap; no intentional geometry claimed.,input_graphic_masks/GR017_raw.png|input_graphic_masks/GR019_raw.png|critical_pairs/PAIR_GR017_GR019/package_manifest.json,critical_pairs/PAIR_GR017_GR019/package_manifest.json
PAIR_GR017_GR020,GR017,LINE_ARROW,right_y_axis,R,GR020,DATA_CURVE,right_q,R,input_graphic_masks/GR017_raw.png,input_graphic_masks/GR020_raw.png,true,0,1.000000000000,0.000000000000,ZERO_CLEARANCE_NO_OVERLAP,0,0.000000,true,ZERO_CLEARANCE_NO_OVERLAP,true,true,0.000000000000,NOT_APPLICABLE,No overlap; no intentional geometry claimed.,input_graphic_masks/GR017_raw.png|input_graphic_masks/GR020_raw.png|critical_pairs/PAIR_GR017_GR020/package_manifest.json,critical_pairs/PAIR_GR017_GR020/package_manifest.json
PAIR_GR017_GR021,GR017,LINE_ARROW,right_y_axis,R,GR021,NODE_BORDER,weight_card_border,R,input_graphic_masks/GR017_raw.png,input_graphic_masks/GR021_raw.png,true,0,18.000000000000,17.000000000000,NONCRITICAL_DISJOINT,0,17.000000,true,NONCRITICAL_DISJOINT,true,true,0.000000000000,NOT_APPLICABLE,No overlap; no intentional geometry claimed.,input_graphic_masks/GR017_raw.png|input_graphic_masks/GR021_raw.png|NOT_REQUIRED_CLEARANCE_GT_0,NOT_REQUIRED_CLEARANCE_GT_0
PAIR_GR017_GR022,GR017,LINE_ARROW,right_y_axis,R,GR022,MARKER,right_circle,R,input_graphic_masks/GR017_raw.png,input_graphic_masks/GR022_raw.png,true,0,100.000000000000,99.000000000000,NONCRITICAL_DISJOINT,0,95.000000,true,NONCRITICAL_DISJOINT,true,false,-4.000000000000,NOT_APPLICABLE,No overlap; no intentional geometry claimed.,input_graphic_masks/GR017_raw.png|input_graphic_masks/GR022_raw.png|NOT_REQUIRED_CLEARANCE_GT_0,NOT_REQUIRED_CLEARANCE_GT_0
PAIR_GR017_GR023,GR017,LINE_ARROW,right_y_axis,R,GR023,MARKER,right_square,R,input_graphic_masks/GR017_raw.png,input_graphic_masks/GR023_raw.png,true,0,273.000000000000,272.000000000000,NONCRITICAL_DISJOINT,0,268.000000,true,NONCRITICAL_DISJOINT,true,false,-4.000000000000,NOT_APPLICABLE,No overlap; no intentional geometry claimed.,input_graphic_masks/GR017_raw.png|input_graphic_masks/GR023_raw.png|NOT_REQUIRED_CLEARANCE_GT_0,NOT_REQUIRED_CLEARANCE_GT_0
PAIR_GR017_GR024,GR017,LINE_ARROW,right_y_axis,R,GR024,MARKER,right_triangle,R,input_graphic_masks/GR017_raw.png,input_graphic_masks/GR024_raw.png,true,0,445.000000000000,444.000000000000,NONCRITICAL_DISJOINT,0,441.000000,true,NONCRITICAL_DISJOINT,true,false,-3.000000000000,NOT_APPLICABLE,No overlap; no intentional geometry claimed.,input_graphic_masks/GR017_raw.png|input_graphic_masks/GR024_raw.png|NOT_REQUIRED_CLEARANCE_GT_0,NOT_REQUIRED_CLEARANCE_GT_0
PAIR_GR017_GR025,GR017,LINE_ARROW,right_y_axis,R,GR025,DATA_REGION,left_missing_support_hatch,L,input_graphic_masks/GR017_raw.png,input_graphic_masks/GR025_raw.png,true,0,115.004347743901,114.004347743901,NONCRITICAL_DISJOINT,0,112.000000,true,NONCRITICAL_DISJOINT,true,false,-2.004347743901,NOT_APPLICABLE,No overlap; no intentional geometry claimed.,input_graphic_masks/GR017_raw.png|input_graphic_masks/GR025_raw.png|NOT_REQUIRED_CLEARANCE_GT_0,NOT_REQUIRED_CLEARANCE_GT_0
PAIR_GR018_GR019,GR018,ARROWHEAD,right_y_arrow,R,GR019,DATA_CURVE,right_p,R,input_graphic_masks/GR018_raw.png,input_graphic_masks/GR019_raw.png,true,0,324.359368602172,323.359368602172,NONCRITICAL_DISJOINT,0,235.000000,true,NONCRITICAL_DISJOINT,true,false,-88.359368602172,NOT_APPLICABLE,No overlap; no intentional geometry claimed.,input_graphic_masks/GR018_raw.png|input_graphic_masks/GR019_raw.png|NOT_REQUIRED_CLEARANCE_GT_0,NOT_REQUIRED_CLEARANCE_GT_0
PAIR_GR018_GR020,GR018,ARROWHEAD,right_y_arrow,R,GR020,DATA_CURVE,right_q,R,input_graphic_masks/GR018_raw.png,input_graphic_masks/GR020_raw.png,true,0,325.000000000000,324.000000000000,NONCRITICAL_DISJOINT,0,320.000000,true,NONCRITICAL_DISJOINT,true,false,-4.000000000000,NOT_APPLICABLE,No overlap; no intentional geometry claimed.,input_graphic_masks/GR018_raw.png|input_graphic_masks/GR020_raw.png|NOT_REQUIRED_CLEARANCE_GT_0,NOT_REQUIRED_CLEARANCE_GT_0
PAIR_GR018_GR021,GR018,ARROWHEAD,right_y_arrow,R,GR021,NODE_BORDER,weight_card_border,R,input_graphic_masks/GR018_raw.png,input_graphic_masks/GR021_raw.png,true,0,13.000000000000,12.000000000000,NONCRITICAL_DISJOINT,0,12.000000,true,NONCRITICAL_DISJOINT,true,true,0.000000000000,NOT_APPLICABLE,No overlap; no intentional geometry claimed.,input_graphic_masks/GR018_raw.png|input_graphic_masks/GR021_raw.png|NOT_REQUIRED_CLEARANCE_GT_0,NOT_REQUIRED_CLEARANCE_GT_0
PAIR_GR018_GR022,GR018,ARROWHEAD,right_y_arrow,R,GR022,MARKER,right_circle,R,input_graphic_masks/GR018_raw.png,input_graphic_masks/GR022_raw.png,true,0,335.560724757830,334.560724757830,NONCRITICAL_DISJOINT,0,325.829710,true,NONCRITICAL_DISJOINT,true,false,-8.731014757830,NOT_APPLICABLE,No overlap; no intentional geometry claimed.,input_graphic_masks/GR018_raw.png|input_graphic_masks/GR022_raw.png|NOT_REQUIRED_CLEARANCE_GT_0,NOT_REQUIRED_CLEARANCE_GT_0
PAIR_GR018_GR023,GR018,ARROWHEAD,right_y_arrow,R,GR023,MARKER,right_square,R,input_graphic_masks/GR018_raw.png,input_graphic_masks/GR023_raw.png,true,0,352.404597018824,351.404597018824,NONCRITICAL_DISJOINT,0,343.185081,true,NONCRITICAL_DISJOINT,true,false,-8.219516018824,NOT_APPLICABLE,No overlap; no intentional geometry claimed.,input_graphic_masks/GR018_raw.png|input_graphic_masks/GR023_raw.png|NOT_REQUIRED_CLEARANCE_GT_0,NOT_REQUIRED_CLEARANCE_GT_0
PAIR_GR018_GR024,GR018,ARROWHEAD,right_y_arrow,R,GR024,MARKER,right_triangle,R,input_graphic_masks/GR018_raw.png,input_graphic_masks/GR024_raw.png,true,0,552.177507691141,551.177507691141,NONCRITICAL_DISJOINT,0,534.282697,true,NONCRITICAL_DISJOINT,true,false,-16.894810691141,NOT_APPLICABLE,No overlap; no intentional geometry claimed.,input_graphic_masks/GR018_raw.png|input_graphic_masks/GR024_raw.png|NOT_REQUIRED_CLEARANCE_GT_0,NOT_REQUIRED_CLEARANCE_GT_0
PAIR_GR018_GR025,GR018,ARROWHEAD,right_y_arrow,R,GR025,DATA_REGION,left_missing_support_hatch,L,input_graphic_masks/GR018_raw.png,input_graphic_masks/GR025_raw.png,true,0,394.737887717913,393.737887717913,NONCRITICAL_DISJOINT,0,260.132658,true,NONCRITICAL_DISJOINT,true,false,-133.605229717913,NOT_APPLICABLE,No overlap; no intentional geometry claimed.,input_graphic_masks/GR018_raw.png|input_graphic_masks/GR025_raw.png|NOT_REQUIRED_CLEARANCE_GT_0,NOT_REQUIRED_CLEARANCE_GT_0
PAIR_GR019_GR020,GR019,DATA_CURVE,right_p,R,GR020,DATA_CURVE,right_q,R,input_graphic_masks/GR019_raw.png,input_graphic_masks/GR020_raw.png,true,0,1.000000000000,0.000000000000,ZERO_CLEARANCE_NO_OVERLAP,0,0.000000,true,ZERO_CLEARANCE_NO_OVERLAP,true,true,0.000000000000,NOT_APPLICABLE,No overlap; no intentional geometry claimed.,input_graphic_masks/GR019_raw.png|input_graphic_masks/GR020_raw.png|critical_pairs/PAIR_GR019_GR020/package_manifest.json,critical_pairs/PAIR_GR019_GR020/package_manifest.json
PAIR_GR019_GR021,GR019,DATA_CURVE,right_p,R,GR021,NODE_BORDER,weight_card_border,R,input_graphic_masks/GR019_raw.png,input_graphic_masks/GR021_raw.png,true,0,31.000000000000,30.000000000000,NONCRITICAL_DISJOINT,0,30.000000,true,NONCRITICAL_DISJOINT,true,true,0.000000000000,NOT_APPLICABLE,No overlap; no intentional geometry claimed.,input_graphic_masks/GR019_raw.png|input_graphic_masks/GR021_raw.png|NOT_REQUIRED_CLEARANCE_GT_0,NOT_REQUIRED_CLEARANCE_GT_0
PAIR_GR019_GR022,GR019,DATA_CURVE,right_p,R,GR022,MARKER,right_circle,R,input_graphic_masks/GR019_raw.png,input_graphic_masks/GR022_raw.png,true,52,0.000000000000,0.000000000000,OVERLAP,52,0.000000,true,OVERLAP,true,true,0.000000000000,CURVE_MARKER_CONNECTION,右图 x=1 的蓝色圆标记用于读取 p(1)，中心落在蓝色 p 曲线上；交集是曲线—自身采样标记连接。,input_graphic_masks/GR019_raw.png|input_graphic_masks/GR022_raw.png|critical_pairs/PAIR_GR019_GR022/package_manifest.json,critical_pairs/PAIR_GR019_GR022/package_manifest.json
PAIR_GR019_GR023,GR019,DATA_CURVE,right_p,R,GR023,MARKER,right_square,R,input_graphic_masks/GR019_raw.png,input_graphic_masks/GR023_raw.png,true,46,0.000000000000,0.000000000000,OVERLAP,46,0.000000,true,OVERLAP,true,true,0.000000000000,CURVE_MARKER_CONNECTION,右图 x=5/2 的蓝色方标记用于读取 p(5/2)，中心落在蓝色 p 曲线上；交集是曲线—自身采样标记连接。,input_graphic_masks/GR019_raw.png|input_graphic_masks/GR023_raw.png|critical_pairs/PAIR_GR019_GR023/package_manifest.json,critical_pairs/PAIR_GR019_GR023/package_manifest.json
PAIR_GR019_GR024,GR019,DATA_CURVE,right_p,R,GR024,MARKER,right_triangle,R,input_graphic_masks/GR019_raw.png,input_graphic_masks/GR024_raw.png,true,64,0.000000000000,0.000000000000,OVERLAP,64,0.000000,true,OVERLAP,true,true,0.000000000000,CURVE_MARKER_CONNECTION,右图 x=4 的蓝色三角标记用于读取 p(4)，中心落在蓝色 p 曲线上；交集是曲线—自身采样标记连接。,input_graphic_masks/GR019_raw.png|input_graphic_masks/GR024_raw.png|critical_pairs/PAIR_GR019_GR024/package_manifest.json,critical_pairs/PAIR_GR019_GR024/package_manifest.json
PAIR_GR019_GR025,GR019,DATA_CURVE,right_p,R,GR025,DATA_REGION,left_missing_support_hatch,L,input_graphic_masks/GR019_raw.png,input_graphic_masks/GR025_raw.png,true,0,115.000000000000,114.000000000000,NONCRITICAL_DISJOINT,0,110.000000,true,NONCRITICAL_DISJOINT,true,false,-4.000000000000,NOT_APPLICABLE,No overlap; no intentional geometry claimed.,input_graphic_masks/GR019_raw.png|input_graphic_masks/GR025_raw.png|NOT_REQUIRED_CLEARANCE_GT_0,NOT_REQUIRED_CLEARANCE_GT_0
PAIR_GR020_GR021,GR020,DATA_CURVE,right_q,R,GR021,NODE_BORDER,weight_card_border,R,input_graphic_masks/GR020_raw.png,input_graphic_masks/GR021_raw.png,true,0,115.000000000000,114.000000000000,NONCRITICAL_DISJOINT,0,110.000000,true,NONCRITICAL_DISJOINT,true,false,-4.000000000000,NOT_APPLICABLE,No overlap; no intentional geometry claimed.,input_graphic_masks/GR020_raw.png|input_graphic_masks/GR021_raw.png|NOT_REQUIRED_CLEARANCE_GT_0,NOT_REQUIRED_CLEARANCE_GT_0
PAIR_GR020_GR022,GR020,DATA_CURVE,right_q,R,GR022,MARKER,right_circle,R,input_graphic_masks/GR020_raw.png,input_graphic_masks/GR022_raw.png,true,0,1.000000000000,0.000000000000,ZERO_CLEARANCE_NO_OVERLAP,0,0.000000,true,ZERO_CLEARANCE_NO_OVERLAP,true,true,0.000000000000,NOT_APPLICABLE,No overlap; no intentional geometry claimed.,input_graphic_masks/GR020_raw.png|input_graphic_masks/GR022_raw.png|critical_pairs/PAIR_GR020_GR022/package_manifest.json,critical_pairs/PAIR_GR020_GR022/package_manifest.json
PAIR_GR020_GR023,GR020,DATA_CURVE,right_q,R,GR023,MARKER,right_square,R,input_graphic_masks/GR020_raw.png,input_graphic_masks/GR023_raw.png,true,0,69.000000000000,68.000000000000,NONCRITICAL_DISJOINT,0,68.000000,true,NONCRITICAL_DISJOINT,true,true,0.000000000000,NOT_APPLICABLE,No overlap; no intentional geometry claimed.,input_graphic_masks/GR020_raw.png|input_graphic_masks/GR023_raw.png|NOT_REQUIRED_CLEARANCE_GT_0,NOT_REQUIRED_CLEARANCE_GT_0
PAIR_GR020_GR024,GR020,DATA_CURVE,right_q,R,GR024,MARKER,right_triangle,R,input_graphic_masks/GR020_raw.png,input_graphic_masks/GR024_raw.png,true,2,0.000000000000,0.000000000000,OVERLAP,2,0.000000,true,OVERLAP,true,true,0.000000000000,PROPOSAL_CURVE_TARGET_MARKER_COMPARISON,右图 q_R(4)=1/5 与 p(4)=24/125 仅差 1/125；位于真实 p(4) 的有限尺寸三角标记上缘与 q_R 虚线相接，2 像素接点直观呈现 w(4)=24/25 的近单位比率且不改变任一数值。,input_graphic_masks/GR020_raw.png|input_graphic_masks/GR024_raw.png|critical_pairs/PAIR_GR020_GR024/package_manifest.json,critical_pairs/PAIR_GR020_GR024/package_manifest.json
PAIR_GR020_GR025,GR020,DATA_CURVE,right_q,R,GR025,DATA_REGION,left_missing_support_hatch,L,input_graphic_masks/GR020_raw.png,input_graphic_masks/GR025_raw.png,true,0,184.621233881696,183.621233881696,NONCRITICAL_DISJOINT,0,111.000000,true,NONCRITICAL_DISJOINT,true,false,-72.621233881696,NOT_APPLICABLE,No overlap; no intentional geometry claimed.,input_graphic_masks/GR020_raw.png|input_graphic_masks/GR025_raw.png|NOT_REQUIRED_CLEARANCE_GT_0,NOT_REQUIRED_CLEARANCE_GT_0
PAIR_GR021_GR022,GR021,NODE_BORDER,weight_card_border,R,GR022,MARKER,right_circle,R,input_graphic_masks/GR021_raw.png,input_graphic_masks/GR022_raw.png,true,0,109.000000000000,108.000000000000,NONCRITICAL_DISJOINT,0,104.000000,true,NONCRITICAL_DISJOINT,true,false,-4.000000000000,NOT_APPLICABLE,No overlap; no intentional geometry claimed.,input_graphic_masks/GR021_raw.png|input_graphic_masks/GR022_raw.png|NOT_REQUIRED_CLEARANCE_GT_0,NOT_REQUIRED_CLEARANCE_GT_0
PAIR_GR021_GR023,GR021,NODE_BORDER,weight_card_border,R,GR023,MARKER,right_square,R,input_graphic_masks/GR021_raw.png,input_graphic_masks/GR023_raw.png,true,0,20.000000000000,19.000000000000,NONCRITICAL_DISJOINT,0,19.000000,true,NONCRITICAL_DISJOINT,true,true,0.000000000000,NOT_APPLICABLE,No overlap; no intentional geometry claimed.,input_graphic_masks/GR021_raw.png|input_graphic_masks/GR023_raw.png|NOT_REQUIRED_CLEARANCE_GT_0,NOT_REQUIRED_CLEARANCE_GT_0
PAIR_GR021_GR024,GR021,NODE_BORDER,weight_card_border,R,GR024,MARKER,right_triangle,R,input_graphic_masks/GR021_raw.png,input_graphic_masks/GR024_raw.png,true,0,109.000000000000,108.000000000000,NONCRITICAL_DISJOINT,0,103.000000,true,NONCRITICAL_DISJOINT,true,false,-5.000000000000,NOT_APPLICABLE,No overlap; no intentional geometry claimed.,input_graphic_masks/GR021_raw.png|input_graphic_masks/GR024_raw.png|NOT_REQUIRED_CLEARANCE_GT_0,NOT_REQUIRED_CLEARANCE_GT_0
PAIR_GR021_GR025,GR021,NODE_BORDER,weight_card_border,R,GR025,DATA_REGION,left_missing_support_hatch,L,input_graphic_masks/GR021_raw.png,input_graphic_masks/GR025_raw.png,true,0,272.001838229083,271.001838229083,NONCRITICAL_DISJOINT,0,135.915415,true,NONCRITICAL_DISJOINT,true,false,-135.086423229083,NOT_APPLICABLE,No overlap; no intentional geometry claimed.,input_graphic_masks/GR021_raw.png|input_graphic_masks/GR025_raw.png|NOT_REQUIRED_CLEARANCE_GT_0,NOT_REQUIRED_CLEARANCE_GT_0
PAIR_GR022_GR023,GR022,MARKER,right_circle,R,GR023,MARKER,right_square,R,input_graphic_masks/GR022_raw.png,input_graphic_masks/GR023_raw.png,true,0,162.874184572019,161.874184572019,NONCRITICAL_DISJOINT,0,150.233152,true,NONCRITICAL_DISJOINT,true,false,-11.641032572019,NOT_APPLICABLE,No overlap; no intentional geometry claimed.,input_graphic_masks/GR022_raw.png|input_graphic_masks/GR023_raw.png|NOT_REQUIRED_CLEARANCE_GT_0,NOT_REQUIRED_CLEARANCE_GT_0
PAIR_GR022_GR024,GR022,MARKER,right_circle,R,GR024,MARKER,right_triangle,R,input_graphic_masks/GR022_raw.png,input_graphic_masks/GR024_raw.png,true,0,316.077522136580,315.077522136580,NONCRITICAL_DISJOINT,0,312.000000,true,NONCRITICAL_DISJOINT,true,false,-3.077522136580,NOT_APPLICABLE,No overlap; no intentional geometry claimed.,input_graphic_masks/GR022_raw.png|input_graphic_masks/GR024_raw.png|NOT_REQUIRED_CLEARANCE_GT_0,NOT_REQUIRED_CLEARANCE_GT_0
PAIR_GR022_GR025,GR022,MARKER,right_circle,R,GR025,DATA_REGION,left_missing_support_hatch,L,input_graphic_masks/GR022_raw.png,input_graphic_masks/GR025_raw.png,true,0,262.651860834832,261.651860834832,NONCRITICAL_DISJOINT,0,214.000000,true,NONCRITICAL_DISJOINT,true,false,-47.651860834832,NOT_APPLICABLE,No overlap; no intentional geometry claimed.,input_graphic_masks/GR022_raw.png|input_graphic_masks/GR025_raw.png|NOT_REQUIRED_CLEARANCE_GT_0,NOT_REQUIRED_CLEARANCE_GT_0
PAIR_GR023_GR024,GR023,MARKER,right_square,R,GR024,MARKER,right_triangle,R,input_graphic_masks/GR023_raw.png,input_graphic_masks/GR024_raw.png,true,0,167.839208768392,166.839208768392,NONCRITICAL_DISJOINT,0,150.784615,true,NONCRITICAL_DISJOINT,true,false,-16.054593768392,NOT_APPLICABLE,No overlap; no intentional geometry claimed.,input_graphic_masks/GR023_raw.png|input_graphic_masks/GR024_raw.png|NOT_REQUIRED_CLEARANCE_GT_0,NOT_REQUIRED_CLEARANCE_GT_0
PAIR_GR023_GR025,GR023,MARKER,right_square,R,GR025,DATA_REGION,left_missing_support_hatch,L,input_graphic_masks/GR023_raw.png,input_graphic_masks/GR025_raw.png,true,0,453.484288592229,452.484288592229,NONCRITICAL_DISJOINT,0,387.000000,true,NONCRITICAL_DISJOINT,true,false,-65.484288592229,NOT_APPLICABLE,No overlap; no intentional geometry claimed.,input_graphic_masks/GR023_raw.png|input_graphic_masks/GR025_raw.png|NOT_REQUIRED_CLEARANCE_GT_0,NOT_REQUIRED_CLEARANCE_GT_0
PAIR_GR024_GR025,GR024,MARKER,right_triangle,R,GR025,DATA_REGION,left_missing_support_hatch,L,input_graphic_masks/GR024_raw.png,input_graphic_masks/GR025_raw.png,true,0,580.631552707911,579.631552707911,NONCRITICAL_DISJOINT,0,560.000000,true,NONCRITICAL_DISJOINT,true,false,-19.631552707911,NOT_APPLICABLE,No overlap; no intentional geometry claimed.,input_graphic_masks/GR024_raw.png|input_graphic_masks/GR025_raw.png|NOT_REQUIRED_CLEARANCE_GT_0,NOT_REQUIRED_CLEARANCE_GT_0
