类型,标题,标签,章节,章节标题,节标题,PDF物理页,源码文件,源码行,原陈述,原证明,条件拆分,结论拆分,问题严重度,问题判断,优化后的证明路线,原陈述LaTeX,原证明LaTeX
定理,有限指示和的计数性质,thm:V1-C01-indicator-count,1,数学语言、符号约定与学习路线,核心推导：指示函数把逻辑条件变成计数,16,src/讲义源码/第01册_数学基础与统计学习基本理论/chapters/V1-C01.tex,100,"设$I=\1, ,n\$且$n ℕ$、$n>0$，$S=\i I:P_i成立\$。则 $ _i=1^n \P_i\=|S|$，其中$|S|$表示有限集合$S$的元素个数。",证明目标是说明求和的每一个单位与$S$中的一个元素一一对应。对任意$i I$，若$i S$，则$P_i$成立，定义给出$ \P_i\=1$；若$i S$，则$ \P_i\=0$。因此求和时只有属于$S$的下标贡献$1$。有限集合$S$中的每个下标被求和范围访问一次，既不重复也不遗漏，所以总和等于$S$的元素个数，结论成立。,"设$I=\1, ,n\$且$n ℕ$、$n>0$，$S=\i I:P_i成立\$",$ _i=1^n \P_i\=|S|$，其中$|S|$表示有限集合$S$的元素个数。,中,符号密度高,"1. 条件：设$I=\1, ,n\$且$n ℕ$、$n>0$，$S=\i I:P_i成立\$
2. 结论：$ _i=1^n \P_i\=|S|$，其中$|S|$表示有限集合$S$的元素个数。
3. 证明起点：证明目标是说明求和的每一个单位与$S$中的一个元素一一对应。
4. 逐步写明每个条件在何处被使用，等式变形前核对定义域/维数/正分母。
5. 用一个只破坏单一条件的反例说明边界；最后复述结论而不是只写“证毕”。","设$I=\{1,\ldots,n\}$且$n\in\N$、$n>0$，$S=\{i\in I:P_i\text{成立}\}$。则
$\sum_{i=1}^{n}\ind\{P_i\}=|S|$，其中$|S|$表示有限集合$S$的元素个数。","\label{schema:V1-C01:CH-13}
证明目标是说明求和的每一个单位与$S$中的一个元素一一对应。对任意$i\in I$，若$i\in S$，则$P_i$成立，定义给出$\ind\{P_i\}=1$；若$i\notin S$，则$\ind\{P_i\}=0$。因此求和时只有属于$S$的下标贡献$1$。有限集合$S$中的每个下标被求和范围访问一次，既不重复也不遗漏，所以总和等于$S$的元素个数，结论成立。"
定义,线性映射,def:V1-C02-linear-map,2,线性代数基础,问题提出,28,src/讲义源码/第01册_数学基础与统计学习基本理论/chapters/V1-C02.tex,66,"设$T:ℝ^n ℝ^m$。若对任意$x,y ℝ^n$和$a,b ℝ$都有 $T(ax+by)=aT(x)+bT(y)$，则称$T$为线性映射。给定标准基后，存在唯一$A ℝ^m n$使$T(x)=Ax$。",,"设$T:ℝ^n ℝ^m$。若对任意$x,y ℝ^n$和$a,b ℝ$都有 $T(ax+by)=aT(x)+bT(y)$",称$T$为线性映射。给定标准基后，存在唯一$A ℝ^m n$使$T(x)=Ax$。,中,符号密度高,"1. 条件：设$T:ℝ^n ℝ^m$。若对任意$x,y ℝ^n$和$a,b ℝ$都有 $T(ax+by)=aT(x)+bT(y)$
2. 结论：称$T$为线性映射。给定标准基后，存在唯一$A ℝ^m n$使$T(x)=Ax$。
3. 证明起点：该条为定义或当前范围未提供证明。
4. 逐步写明每个条件在何处被使用，等式变形前核对定义域/维数/正分母。
5. 用一个只破坏单一条件的反例说明边界；最后复述结论而不是只写“证毕”。","设$T:\R^n\to\R^m$。若对任意$\boldsymbol{x},\boldsymbol{y}\in\R^n$和$a,b\in\R$都有
$T(a\boldsymbol{x}+b\boldsymbol{y})=aT(\boldsymbol{x})+bT(\boldsymbol{y})$，则称$T$为线性映射。给定标准基后，存在唯一$A\in\R^{m\times n}$使$T(\boldsymbol{x})=A\boldsymbol{x}$。",
定理,子空间正交投影的最佳逼近,thm:V1-C02-best-projection,2,线性代数基础,核心推导：一维正交投影系数,29,src/讲义源码/第01册_数学基础与统计学习基本理论/chapters/V1-C02.tex,114,设$S$是$ℝ^n$的子空间，$x=p+r$，其中$p S$且$r S^ $。则对任意$s S$， $ x-p_2 x-s_2$，等号成立当且仅当$s=p$。,证明目标是比较任意候选$s$与$p$的误差。由分解条件， $x-s=r+(p-s)$。因为$p-s S$且$r S^ $，两项内积为零。展开平方范数得到 $ x-s_2^2 = r_2^2+ p-s_2^2 r_2^2 = x-p_2^2. $ 平方根在非负实数上保持次序。等号成立恰要求$ p-s_2^2=0$，也就是$s=p$，结论成立。,设$S$是$ℝ^n$的子空间，$x=p+r$，其中$p S$且$r S^ $,对任意$s S$， $ x-p_2 x-s_2$，等号成立当且仅当$s=p$。,中,符号密度高,"1. 条件：设$S$是$ℝ^n$的子空间，$x=p+r$，其中$p S$且$r S^ $
2. 结论：对任意$s S$， $ x-p_2 x-s_2$，等号成立当且仅当$s=p$。
3. 证明起点：证明目标是比较任意候选$s$与$p$的误差。
4. 逐步写明每个条件在何处被使用，等式变形前核对定义域/维数/正分母。
5. 用一个只破坏单一条件的反例说明边界；最后复述结论而不是只写“证毕”。","设$S$是$\R^n$的子空间，$\boldsymbol{x}=\boldsymbol{p}+\boldsymbol{r}$，其中$\boldsymbol{p}\in S$且$\boldsymbol{r}\in S^{\perp}$。则对任意$\boldsymbol{s}\in S$，
$\norm{\boldsymbol{x}-\boldsymbol{p}}_2\le\norm{\boldsymbol{x}-\boldsymbol{s}}_2$，等号成立当且仅当$\boldsymbol{s}=\boldsymbol{p}$。","\label{schema:V1-C02:CH-13}
证明目标是比较任意候选$\boldsymbol{s}$与$\boldsymbol{p}$的误差。由分解条件，
$\boldsymbol{x}-\boldsymbol{s}=\boldsymbol{r}+(\boldsymbol{p}-\boldsymbol{s})$。因为$\boldsymbol{p}-\boldsymbol{s}\in S$且$\boldsymbol{r}\in S^{\perp}$，两项内积为零。展开平方范数得到
\[
\norm{\boldsymbol{x}-\boldsymbol{s}}_2^2
=\norm{\boldsymbol{r}}_2^2+\norm{\boldsymbol{p}-\boldsymbol{s}}_2^2
\ge \norm{\boldsymbol{r}}_2^2
=\norm{\boldsymbol{x}-\boldsymbol{p}}_2^2.
\]
平方根在非负实数上保持次序。等号成立恰要求$\norm{\boldsymbol{p}-\boldsymbol{s}}_2^2=0$，也就是$\boldsymbol{s}=\boldsymbol{p}$，结论成立。"
定义,可微与梯度,def:V1-C03-differentiable,3,多元微积分与矩阵微分,问题提出,48,src/讲义源码/第01册_数学基础与统计学习基本理论/chapters/V1-C03.tex,69,"设$U ℝ^d$为开集，$f:U ℝ$。若存在向量$g ℝ^d$，使得当$h 0$时 $ f(x+h)=f(x)+ g^ Th+o( h_2), $ 则$f$在$x$可微，$g$称梯度，记作$ f(x)$。小量条件要求余项除以$ h_2$后趋于零。",,"设$U ℝ^d$为开集，$f:U ℝ$。若存在向量$g ℝ^d$，使得当$h 0$时 $ f(x+h)=f(x)+ g^ Th+o( h_2), $",$f$在$x$可微，$g$称梯度，记作$ f(x)$。小量条件要求余项除以$ h_2$后趋于零。,中,符号密度高,"1. 条件：设$U ℝ^d$为开集，$f:U ℝ$。若存在向量$g ℝ^d$，使得当$h 0$时 $ f(x+h)=f(x)+ g^ Th+o( h_2), $
2. 结论：$f$在$x$可微，$g$称梯度，记作$ f(x)$。小量条件要求余项除以$ h_2$后趋于零。
3. 证明起点：该条为定义或当前范围未提供证明。
4. 逐步写明每个条件在何处被使用，等式变形前核对定义域/维数/正分母。
5. 用一个只破坏单一条件的反例说明边界；最后复述结论而不是只写“证毕”。","设$U\subseteq\R^d$为开集，$f:U\to\R$。若存在向量$\boldsymbol{g}\in\R^d$，使得当$\boldsymbol{h}\to\boldsymbol0$时
\[
f(\boldsymbol{x}+\boldsymbol{h})=f(\boldsymbol{x})+
\boldsymbol{g}^{\mathsf T}\boldsymbol{h}+o(\norm{\boldsymbol{h}}_2),
\]
则$f$在$\boldsymbol{x}$可微，$\boldsymbol{g}$称梯度，记作$\nabla f(\boldsymbol{x})$。小量条件要求余项除以$\norm{\boldsymbol h}_2$后趋于零。",
定理,方向导数与梯度,thm:V1-C03-directional,3,多元微积分与矩阵微分,核心推导：二次型的梯度,49,src/讲义源码/第01册_数学基础与统计学习基本理论/chapters/V1-C03.tex,117,若$U ℝ^d$为开集，$f:U ℝ$在$x U$可微，$u ℝ^d$且$ u_2=1$，则方向导数存在并满足 $D_ uf(x)= f(x)^ Tu$。当梯度非零时，其最大值为$ f(x)_2$，在$ u= f/ f_2$处取得。,"因为$U$为开集且$x U$，存在$r>0$使$B(x,r) U$。于是当$|t|<r$时，$x+t u U$，双侧差商均有定义。由可微定义取$h=tu$，则 $ f(x+tu)-f(x)t = f(x)^ Tu + o(|t| u_2)t. $ 余项可写为$|t| (t)$，其中$ (t) 0$；故其除以$t$为$sgn(t) (t) 0$，所以双侧极限等于梯度与方向的内积。再由Cauchy--Schwarz不等式， $ f^ T u f_2 u_2= f_2$。取与梯度同向的单位向量时等号成立；梯度为零时所有方向导数均为零。两部分结论均成立。",若$U ℝ^d$为开集，$f:U ℝ$在$x U$可微，$u ℝ^d$且$ u_2=1$,方向导数存在并满足 $D_ uf(x)= f(x)^ Tu$。当梯度非零时，其最大值为$ f(x)_2$，在$ u= f/ f_2$处取得。,中,符号密度高,"1. 条件：若$U ℝ^d$为开集，$f:U ℝ$在$x U$可微，$u ℝ^d$且$ u_2=1$
2. 结论：方向导数存在并满足 $D_ uf(x)= f(x)^ Tu$。当梯度非零时，其最大值为$ f(x)_2$，在$ u= f/ f_2$处取得。
3. 证明起点：因为$U$为开集且$x U$，存在$r>0$使$B(x,r) U$。
4. 逐步写明每个条件在何处被使用，等式变形前核对定义域/维数/正分母。
5. 用一个只破坏单一条件的反例说明边界；最后复述结论而不是只写“证毕”。","若$U\subseteq\R^d$为开集，$f:U\to\R$在$\boldsymbol{x}\in U$可微，$\boldsymbol{u}\in\R^d$且$\norm{\boldsymbol{u}}_2=1$，则方向导数存在并满足
$D_{\boldsymbol u}f(\boldsymbol{x})=\nabla f(\boldsymbol{x})^{\mathsf T}\boldsymbol{u}$。当梯度非零时，其最大值为$\norm{\nabla f(\boldsymbol{x})}_2$，在$\boldsymbol u=\nabla f/\norm{\nabla f}_2$处取得。","\label{schema:V1-C03:CH-13}
因为$U$为开集且$\boldsymbol{x}\in U$，存在$r>0$使$B(\boldsymbol{x},r)\subset U$。于是当$|t|<r$时，$\boldsymbol{x}+t\boldsymbol u\in U$，双侧差商均有定义。由可微定义取$\boldsymbol{h}=t\boldsymbol{u}$，则
\[
\frac{f(\boldsymbol{x}+t\boldsymbol{u})-f(\boldsymbol{x})}{t}
=\nabla f(\boldsymbol{x})^{\mathsf T}\boldsymbol{u}
+\frac{o(|t|\norm{\boldsymbol u}_2)}{t}.
\]
余项可写为$|t|\varepsilon(t)$，其中$\varepsilon(t)\to0$；故其除以$t$为$\operatorname{sgn}(t)\varepsilon(t)\to0$，所以双侧极限等于梯度与方向的内积。再由Cauchy--Schwarz不等式，
$\nabla f^{\mathsf T}\boldsymbol u\le\norm{\nabla f}_2\norm{\boldsymbol u}_2=\norm{\nabla f}_2$。取与梯度同向的单位向量时等号成立；梯度为零时所有方向导数均为零。两部分结论均成立。"
定义,概率空间,,4,概率论基础,样本空间、事件与概率,64,src/讲义源码/第01册_数学基础与统计学习基本理论/chapters/V1-C04.tex,76,"设非空事件族$ F 2^ $满足$ F$，并且对补集与可数并封闭；这样的$ F$称为$ $-代数。映射 $P: F $ 满足 $P( )=1$，且对两两不交事件 $A_1,A_2, $ 有 $ P ( _i=1^ A_i )= _i=1^ P(A_i), $ 则 $( , F,P)$ 称为概率空间。",,"设非空事件族$ F 2^ $满足$ F$，并且对补集与可数并封闭；这样的$ F$称为$ $-代数。映射 $P: F $ 满足 $P( )=1$，且对两两不交事件 $A_1,A_2, $ 有 $ P ( _i=1^ A_i )= _i=1^ P(A_i), $","$( , F,P)$ 称为概率空间。",中,符号密度高,"1. 条件：设非空事件族$ F 2^ $满足$ F$，并且对补集与可数并封闭；这样的$ F$称为$ $-代数。映射 $P: F $ 满足 $P( )=1$，且对两两不交事件 $A_1,A_2, $ 有 $ P ( _i=1^ A_i )= _i=1^ P(A_i), $
2. 结论：$( , F,P)$ 称为概率空间。
3. 证明起点：该条为定义或当前范围未提供证明。
4. 逐步写明每个条件在何处被使用，等式变形前核对定义域/维数/正分母。
5. 用一个只破坏单一条件的反例说明边界；最后复述结论而不是只写“证毕”。","设非空事件族$\mathcal F\subseteq2^\Omega$满足$\Omega\in\mathcal F$，并且对补集与可数并封闭；这样的$\mathcal F$称为$\sigma$-代数。映射 $P:\mathcal F\to[0,1]$ 满足 $P(\Omega)=1$，且对两两不交事件 $A_1,A_2,\ldots$ 有
\[
P\!\left(\bigcup_{i=1}^{\infty}A_i\right)=\sum_{i=1}^{\infty}P(A_i),
\]
则 $(\Omega,\mathcal F,P)$ 称为概率空间。",
推论,切比雪夫界下的样本均值收敛,,4,概率论基础,条件概率、全概率与贝叶斯公式,64,src/讲义源码/第01册_数学基础与统计学习基本理论/chapters/V1-C04.tex,223,对任意 $ >0$， $ P(| X_n- | ) ^2n ^2 0. $,独立性使和的方差等于各方差之和，所以 $Var( X_n)=n ^2/n^2$。对 $ X_n$ 应用切比雪夫不等式即得上界；当 $n$ 增大时分母线性增大，故上界趋于零。,对任意 $ >0$， $ P(| X_n- | ) ^2n ^2 0. $,见原陈述,中,符号密度高；证明过短，关键变形或条件使用位置不醒目,"1. 条件：对任意 $ >0$， $ P(| X_n- | ) ^2n ^2 0. $
2. 结论：见原陈述
3. 证明起点：独立性使和的方差等于各方差之和，所以 $Var( X_n)=n ^2/n^2$。
4. 逐步写明每个条件在何处被使用，等式变形前核对定义域/维数/正分母。
5. 用一个只破坏单一条件的反例说明边界；最后复述结论而不是只写“证毕”。","对任意 $\varepsilon>0$，
\[
P(|\bar X_n-\mu|\ge\varepsilon)\le\frac{\sigma^2}{n\varepsilon^2}\longrightarrow0.
\]",独立性使和的方差等于各方差之和，所以 $\operatorname{Var}(\bar X_n)=n\sigma^2/n^2$。对 $\bar X_n$ 应用切比雪夫不等式即得上界；当 $n$ 增大时分母线性增大，故上界趋于零。
定理,分布函数唯一确定分布,,4,概率论基础,随机变量与概率分布,72,src/讲义源码/第01册_数学基础与统计学习基本理论/chapters/V1-C04.tex,387,"若随机变量 $X,Y$ 的分布函数在每个实数点相同，则二者具有相同分布。","令$ _X, _Y$为$X,Y$在$( R, B( R))$上的分布测度。对每个$b R$， $ _X(( - ,b])=F_X(b)=F_Y(b)= _Y(( - ,b]). $ 取 $ P=\ , R\ \(- ,b]:b R\. $ 它确为$ $系统：两个左半直线的交仍是以较小端点为界的左半直线，且与$ , R$作有限交仍留在$ P$中。又有$ ( P)= B( R)$，并且两概率测度在$ P$上一致。由概率测度的$ $--$ $唯一性定理，$ _X$与$ _Y$在全部Borel集上一致，故$X,Y$同分布。","若随机变量 $X,Y$ 的分布函数在每个实数点相同",二者具有相同分布。,低,陈述与证明结构基本完整,"1. 条件：若随机变量 $X,Y$ 的分布函数在每个实数点相同
2. 结论：二者具有相同分布。
3. 证明起点：令$ _X, _Y$为$X,Y$在$( R, B( R))$上的分布测度。
4. 逐步写明每个条件在何处被使用，等式变形前核对定义域/维数/正分母。
5. 用一个只破坏单一条件的反例说明边界；最后复述结论而不是只写“证毕”。","若随机变量 $X,Y$ 的分布函数在每个实数点相同，则二者具有相同分布。","令$\mu_X,\mu_Y$为$X,Y$在$(\mathbb R,\mathcal B(\mathbb R))$上的分布测度。对每个$b\in\mathbb R$，
\[
\mu_X(( -\infty,b])=F_X(b)=F_Y(b)=\mu_Y(( -\infty,b]).
\]
取
\[
\mathcal P=\{\varnothing,\mathbb R\}\cup
\{(-\infty,b]:b\in\mathbb R\}.
\]
它确为$\pi$系统：两个左半直线的交仍是以较小端点为界的左半直线，且与$\varnothing,\mathbb R$作有限交仍留在$\mathcal P$中。又有$\sigma(\mathcal P)=\mathcal B(\mathbb R)$，并且两概率测度在$\mathcal P$上一致。由概率测度的$\pi$--$\lambda$唯一性定理，$\mu_X$与$\mu_Y$在全部Borel集上一致，故$X,Y$同分布。"
引理,条件分布归一化,,4,概率论基础,联合、边缘与条件分布,73,src/讲义源码/第01册_数学基础与统计学习基本理论/chapters/V1-C04.tex,441,对任意满足 $p_Y(y)>0$ 的 $y$，有 $ _xp_X Y(x y)=1$。,"把条件分布定义代入求和，分子之和为 $ _xp_XY(x,y)=p_Y(y)$；再除以同一个正数 $p_Y(y)$，结果为1。",对任意满足 $p_Y(y)>0$ 的 $y$，有 $ _xp_X Y(x y)=1$,,中,证明过短，关键变形或条件使用位置不醒目；证明路线提示不足,"1. 条件：对任意满足 $p_Y(y)>0$ 的 $y$，有 $ _xp_X Y(x y)=1$
2. 结论：
3. 证明起点：把条件分布定义代入求和，分子之和为 $ _xp_XY(x,y)=p_Y(y)$；
4. 逐步写明每个条件在何处被使用，等式变形前核对定义域/维数/正分母。
5. 用一个只破坏单一条件的反例说明边界；最后复述结论而不是只写“证毕”。",对任意满足 $p_Y(y)>0$ 的 $y$，有 $\sum_xp_{X\mid Y}(x\mid y)=1$。,"把条件分布定义代入求和，分子之和为 $\sum_xp_{XY}(x,y)=p_Y(y)$；再除以同一个正数 $p_Y(y)$，结果为1。"
定义,伯努利分布,struct:V1-C05-CH07,5,常用分布与统计推断,伯努利、二项与多项分布,82,src/讲义源码/第01册_数学基础与统计学习基本理论/chapters/V1-C05.tex,80,"$X \0,1\$ 且 $P(X=x)=p^x(1-p)^1-x$，其中 $0 p 1$。其期望为 $p$，方差为 $p(1-p)$。",,见原陈述中的对象与前提,见原陈述中的结论,中,符号密度高,"1. 条件：见原陈述中的对象与前提
2. 结论：见原陈述中的结论
3. 证明起点：该条为定义或当前范围未提供证明。
4. 逐步写明每个条件在何处被使用，等式变形前核对定义域/维数/正分母。
5. 用一个只破坏单一条件的反例说明边界；最后复述结论而不是只写“证毕”。","$X\in\{0,1\}$ 且 $P(X=x)=p^x(1-p)^{1-x}$，其中 $0\le p\le1$。其期望为 $p$，方差为 $p(1-p)$。",
定理,二项分布的均值与方差,,5,常用分布与统计推断,伯努利、二项与多项分布,82,src/讲义源码/第01册_数学基础与统计学习基本理论/chapters/V1-C05.tex,99,"若 $S (n,p)$，则 $ ES=np$，$Var(S)=np(1-p)$。",把 $S$ 写成独立伯努利变量之和。期望线性性给出 $ _i p=np$；独立性使协方差项为零，故和的方差为 $ _i p(1-p)=np(1-p)$。,"若 $S (n,p)$",$ ES=np$，$Var(S)=np(1-p)$。,中,证明过短，关键变形或条件使用位置不醒目,"1. 条件：若 $S (n,p)$
2. 结论：$ ES=np$，$Var(S)=np(1-p)$。
3. 证明起点：把 $S$ 写成独立伯努利变量之和。
4. 逐步写明每个条件在何处被使用，等式变形前核对定义域/维数/正分母。
5. 用一个只破坏单一条件的反例说明边界；最后复述结论而不是只写“证毕”。","若 $S\sim\operatorname{Binomial}(n,p)$，则 $\mathbb ES=np$，$\operatorname{Var}(S)=np(1-p)$。",把 $S$ 写成独立伯努利变量之和。期望线性性给出 $\sum_i p=np$；独立性使协方差项为零，故和的方差为 $\sum_i p(1-p)=np(1-p)$。
引理,标准化,,5,常用分布与统计推断,高斯分布与多元高斯分布,83,src/讲义源码/第01册_数学基础与统计学习基本理论/chapters/V1-C05.tex,146,"若 $X N( , ^2)$，则 $Z=(X- )/ N(0,1)$。",使用变量代换 $x= + z$，雅可比绝对值为 $ $。把原密度与雅可比相乘后，$ $ 与归一化常数中的 $1/ $ 抵消，指数项化为 $-z^2/2$，因此得到标准高斯密度。,"若 $X N( , ^2)$","$Z=(X- )/ N(0,1)$。",中,符号密度高；证明过短，关键变形或条件使用位置不醒目,"1. 条件：若 $X N( , ^2)$
2. 结论：$Z=(X- )/ N(0,1)$。
3. 证明起点：使用变量代换 $x= + z$，雅可比绝对值为 $ $。
4. 逐步写明每个条件在何处被使用，等式变形前核对定义域/维数/正分母。
5. 用一个只破坏单一条件的反例说明边界；最后复述结论而不是只写“证毕”。","若 $X\sim\mathcal N(\mu,\sigma^2)$，则 $Z=(X-\mu)/\sigma\sim\mathcal N(0,1)$。",使用变量代换 $x=\mu+\sigma z$，雅可比绝对值为 $\sigma$。把原密度与雅可比相乘后，$\sigma$ 与归一化常数中的 $1/\sigma$ 抵消，指数项化为 $-z^2/2$，因此得到标准高斯密度。
引理,Gamma递推,,5,常用分布与统计推断,Gamma与狄利克雷分布,84,src/讲义源码/第01册_数学基础与统计学习基本理论/chapters/V1-C05.tex,177,对 $a>0$，$ (a+1)=a (a)$；特别地，正整数 $n$ 满足 $ (n)=(n-1)!$。,对 $ _0^ t^ae^-t dt$ 分部积分，取 $u=t^a$、$ dv=e^-t dt$。边界项在零与无穷处均为零，剩余积分为 $a _0^ t^a-1e^-t dt$。再从 $ (1)=1$ 递推到整数即可。,见原陈述中的对象与前提,见原陈述中的结论,中,符号密度高；证明路线提示不足,"1. 条件：见原陈述中的对象与前提
2. 结论：见原陈述中的结论
3. 证明起点：对 $ _0^ t^ae^-t dt$ 分部积分，取 $u=t^a$、$ dv=e^-t dt$。
4. 逐步写明每个条件在何处被使用，等式变形前核对定义域/维数/正分母。
5. 用一个只破坏单一条件的反例说明边界；最后复述结论而不是只写“证毕”。",对 $a>0$，$\Gamma(a+1)=a\Gamma(a)$；特别地，正整数 $n$ 满足 $\Gamma(n)=(n-1)!$。,"对 $\int_0^\infty t^ae^{-t}\,\mathrm dt$ 分部积分，取 $u=t^a$、$\mathrm dv=e^{-t}\mathrm dt$。边界项在零与无穷处均为零，剩余积分为 $a\int_0^\infty t^{a-1}e^{-t}\,\mathrm dt$。再从 $\Gamma(1)=1$ 递推到整数即可。"
推论,,,5,常用分布与统计推断,似然、对数似然与极大似然,85,src/讲义源码/第01册_数学基础与统计学习基本理论/chapters/V1-C05.tex,237,伯努利样本中，样本均值同时是成功概率$p$的极大似然估计与无偏估计。,,见原陈述中的对象与前提,见原陈述中的结论,中,未在紧邻位置检出证明,"1. 条件：见原陈述中的对象与前提
2. 结论：见原陈述中的结论
3. 证明起点：该条为定义或当前范围未提供证明。
4. 逐步写明每个条件在何处被使用，等式变形前核对定义域/维数/正分母。
5. 用一个只破坏单一条件的反例说明边界；最后复述结论而不是只写“证毕”。",伯努利样本中，样本均值同时是成功概率$p$的极大似然估计与无偏估计。,
定义,离散熵,,6,信息论基础,信息量与熵,100,src/讲义源码/第01册_数学基础与统计学习基本理论/chapters/V1-C06.tex,105,对质量函数$p$，随机变量$X$的熵为 $ H(X)=- _xp(x) p(x)= E[- p(X)]. $,,见原陈述中的对象与前提,见原陈述中的结论,低,陈述与证明结构基本完整,"1. 条件：见原陈述中的对象与前提
2. 结论：见原陈述中的结论
3. 证明起点：该条为定义或当前范围未提供证明。
4. 逐步写明每个条件在何处被使用，等式变形前核对定义域/维数/正分母。
5. 用一个只破坏单一条件的反例说明边界；最后复述结论而不是只写“证毕”。","对质量函数$p$，随机变量$X$的熵为
\[
H(X)=-\sum_xp(x)\log p(x)=\mathbb E[-\log p(X)].
\]",
定理,有限均匀分布最大熵,,6,信息论基础,信息量与熵,100,src/讲义源码/第01册_数学基础与统计学习基本理论/chapters/V1-C06.tex,114,若$X$有$K$个可能值，则 $0 H(X) K$；上界当且仅当分布均匀时取得。,记正概率支持为$S=\x:p(x)>0\$。由$ $的凹性直接应用Jensen不等式， $ H(P)= _x Sp(x) 1p(x) ( _x Sp(x) 1p(x) ) = |S| K. $ 第一处等号要求$1/p(x)$在$S$上为常数，第二处等号要求$|S|=K$，故上界等号当且仅当$P$在全部$K$点上均匀。另一方面，$0<p(x) 1$使每个$-p(x) p(x)$非负，故$H(P) 0$。此证明不依赖后文才定义的KL散度。,若$X$有$K$个可能值,$0 H(X) K$；上界当且仅当分布均匀时取得。,低,陈述与证明结构基本完整,"1. 条件：若$X$有$K$个可能值
2. 结论：$0 H(X) K$；上界当且仅当分布均匀时取得。
3. 证明起点：记正概率支持为$S=\x:p(x)>0\$。
4. 逐步写明每个条件在何处被使用，等式变形前核对定义域/维数/正分母。
5. 用一个只破坏单一条件的反例说明边界；最后复述结论而不是只写“证毕”。",若$X$有$K$个可能值，则 $0\le H(X)\le\log K$；上界当且仅当分布均匀时取得。,"记正概率支持为$S=\{x:p(x)>0\}$。由$\log$的凹性直接应用Jensen不等式，
\[
H(P)=\sum_{x\in S}p(x)\log\frac1{p(x)}
\le\log\!\left(\sum_{x\in S}p(x)\frac1{p(x)}\right)
=\log|S|\le\log K.
\]
第一处等号要求$1/p(x)$在$S$上为常数，第二处等号要求$|S|=K$，故上界等号当且仅当$P$在全部$K$点上均匀。另一方面，$0<p(x)\le1$使每个$-p(x)\log p(x)$非负，故$H(P)\ge0$。此证明不依赖后文才定义的KL散度。"
引理,条件化不增加离散熵,,6,信息论基础,条件熵与联合熵,101,src/讲义源码/第01册_数学基础与统计学习基本理论/chapters/V1-C06.tex,154,"若$X,Y$取值于有限字母表，则$H(X Y) H(X)$，等号当且仅当$X,Y$独立（忽略零概率点）。","有限字母表保证$H(X)$与$H(X Y)$均有限，所以下面的差不是$+ - $。令$S=\(x,y):p(x,y)>0\$并记$ =H(X)-H(X Y)$。直接展开后， $ = _(x,y) Sp(x,y) p(x,y)p_X(x)p_Y(y). $ 不引用后文的互信息或KL结论，而对$- $直接使用$ $的凹性： $ - _(x,y) Sp_X(x)p_Y(y) 1=0. $ 因此$H(X Y) H(X)$。等号要求$p(x,y)=p_X(x)p_Y(y)$并且边缘乘积分布在$S$外没有质量，恰好等价于$X,Y$独立（零概率点按通常约定忽略）。","若$X,Y$取值于有限字母表","$H(X Y) H(X)$，等号当且仅当$X,Y$独立（忽略零概率点）。",低,陈述与证明结构基本完整,"1. 条件：若$X,Y$取值于有限字母表
2. 结论：$H(X Y) H(X)$，等号当且仅当$X,Y$独立（忽略零概率点）。
3. 证明起点：有限字母表保证$H(X)$与$H(X Y)$均有限，所以下面的差不是$+ - $。
4. 逐步写明每个条件在何处被使用，等式变形前核对定义域/维数/正分母。
5. 用一个只破坏单一条件的反例说明边界；最后复述结论而不是只写“证毕”。","若$X,Y$取值于有限字母表，则$H(X\mid Y)\le H(X)$，等号当且仅当$X,Y$独立（忽略零概率点）。","有限字母表保证$H(X)$与$H(X\mid Y)$均有限，所以下面的差不是$+\infty-\infty$。令$S=\{(x,y):p(x,y)>0\}$并记$\Delta=H(X)-H(X\mid Y)$。直接展开后，
\[
\Delta=\sum_{(x,y)\in S}p(x,y)
\log\frac{p(x,y)}{p_X(x)p_Y(y)}.
\]
不引用后文的互信息或KL结论，而对$-\Delta$直接使用$\log$的凹性：
\[
-\Delta
\le\log\!\sum_{(x,y)\in S}p_X(x)p_Y(y)
\le\log1=0.
\]
因此$H(X\mid Y)\le H(X)$。等号要求$p(x,y)=p_X(x)p_Y(y)$并且边缘乘积分布在$S$外没有质量，恰好等价于$X,Y$独立（零概率点按通常约定忽略）。"
推论,,,6,信息论基础,KL散度与交叉熵,104,src/讲义源码/第01册_数学基础与统计学习基本理论/chapters/V1-C06.tex,268,真实类别分布固定时，交叉熵的最小值是其自身熵，并且只有预测分布等于真实分布时达到。,,见原陈述中的对象与前提,见原陈述中的结论,中,未在紧邻位置检出证明,"1. 条件：见原陈述中的对象与前提
2. 结论：见原陈述中的结论
3. 证明起点：该条为定义或当前范围未提供证明。
4. 逐步写明每个条件在何处被使用，等式变形前核对定义域/维数/正分母。
5. 用一个只破坏单一条件的反例说明边界；最后复述结论而不是只写“证毕”。",真实类别分布固定时，交叉熵的最小值是其自身熵，并且只有预测分布等于真实分布时达到。,
定义,约束优化问题,struct:V1-C07-CH07,7,凸优化与拉格朗日对偶,优化问题、目标函数与约束,118,src/讲义源码/第01册_数学基础与统计学习基本理论/chapters/V1-C07.tex,78,给定目标函数、决策变量及一组等式和不等式约束，在全部满足约束的决策中寻找目标值最小者，称为约束最小化问题；若目标与不等式函数凸、等式函数仿射，则称为凸优化问题。,,给定目标函数、决策变量及一组等式和不等式约束，在全部满足约束的决策中寻找目标值最小者，称为约束最小化问题；若目标与不等式函数凸、等式函数仿射,称为凸优化问题。,低,陈述与证明结构基本完整,"1. 条件：给定目标函数、决策变量及一组等式和不等式约束，在全部满足约束的决策中寻找目标值最小者，称为约束最小化问题；若目标与不等式函数凸、等式函数仿射
2. 结论：称为凸优化问题。
3. 证明起点：该条为定义或当前范围未提供证明。
4. 逐步写明每个条件在何处被使用，等式变形前核对定义域/维数/正分母。
5. 用一个只破坏单一条件的反例说明边界；最后复述结论而不是只写“证毕”。",给定目标函数、决策变量及一组等式和不等式约束，在全部满足约束的决策中寻找目标值最小者，称为约束最小化问题；若目标与不等式函数凸、等式函数仿射，则称为凸优化问题。,
推论,零间隙证书,,7,凸优化与拉格朗日对偶,凸集与凸函数,121,src/讲义源码/第01册_数学基础与统计学习基本理论/chapters/V1-C07.tex,218,若凸问题的一组原--对偶变量满足KKT条件，则其原目标等于对偶目标，因而二者均最优。,"前述三级推导分别建立拉格朗日函数极小性、约束项消去和弱对偶夹逼，已经得到$g( ^*, ^*)=f(x^*)$，所以零间隙与原--对偶最优性成立。",若凸问题的一组原--对偶变量满足KKT条件,其原目标等于对偶目标，因而二者均最优。,中,证明过短，关键变形或条件使用位置不醒目；证明路线提示不足,"1. 条件：若凸问题的一组原--对偶变量满足KKT条件
2. 结论：其原目标等于对偶目标，因而二者均最优。
3. 证明起点：前述三级推导分别建立拉格朗日函数极小性、约束项消去和弱对偶夹逼，已经得到$g( ^*, ^*)=f(x^*)$，所以零间隙与原--对偶最优性成立。
4. 逐步写明每个条件在何处被使用，等式变形前核对定义域/维数/正分母。
5. 用一个只破坏单一条件的反例说明边界；最后复述结论而不是只写“证毕”。",若凸问题的一组原--对偶变量满足KKT条件，则其原目标等于对偶目标，因而二者均最优。,"前述三级推导分别建立拉格朗日函数极小性、约束项消去和弱对偶夹逼，已经得到$g(\alpha^*,\beta^*)=f(x^*)$，所以零间隙与原--对偶最优性成立。"
定理,凸问题的一阶最优条件,,7,凸优化与拉格朗日对偶,一阶与二阶凸性条件,123,src/讲义源码/第01册_数学基础与统计学习基本理论/chapters/V1-C07.tex,297,若$f$可微且凸，$C$凸，则$x^* C$为全局最优点当且仅当 $ f(x^*)^ T(x-x^*) 0$ 对所有$x C$成立。,若条件成立，凸函数一阶下界给出 $f(x) f(x^*)+ f(x^*)^ T(x-x^*) f(x^*)$。反之若$x^*$最优，对任意$x C$，线段$x^*+t(x-x^*)$可行；单变量函数在$t=0$处右导数不能为负，因此得到所述内积非负。,若$f$可微且凸，$C$凸,$x^* C$为全局最优点当且仅当 $ f(x^*)^ T(x-x^*) 0$ 对所有$x C$成立。,中,符号密度高,"1. 条件：若$f$可微且凸，$C$凸
2. 结论：$x^* C$为全局最优点当且仅当 $ f(x^*)^ T(x-x^*) 0$ 对所有$x C$成立。
3. 证明起点：若条件成立，凸函数一阶下界给出 $f(x) f(x^*)+ f(x^*)^ T(x-x^*) f(x^*)$。
4. 逐步写明每个条件在何处被使用，等式变形前核对定义域/维数/正分母。
5. 用一个只破坏单一条件的反例说明边界；最后复述结论而不是只写“证毕”。","若$f$可微且凸，$C$凸，则$x^*\in C$为全局最优点当且仅当
$\nabla f(x^*)^{\mathsf T}(x-x^*)\ge0$ 对所有$x\in C$成立。",若条件成立，凸函数一阶下界给出 $f(x)\ge f(x^*)+\nabla f(x^*)^{\mathsf T}(x-x^*)\ge f(x^*)$。反之若$x^*$最优，对任意$x\in C$，线段$x^*+t(x-x^*)$可行；单变量函数在$t=0$处右导数不能为负，因此得到所述内积非负。
引理,有限Jensen的归纳形式,,7,凸优化与拉格朗日对偶,Jensen不等式,124,src/讲义源码/第01册_数学基础与统计学习基本理论/chapters/V1-C07.tex,326,二点凸性定义可递推推出任意有限个点的加权Jensen不等式。,"设最后一个权重为$ _n<1$，把前$n-1$项归一化为点 $z=(1- _n)^-1 _i<n _ix_i$。先对$z,x_n$应用二点凸性，再对$z$的$n-1$点表达应用归纳假设，合并权重后得到结论。边界权重为0或1时直接删去零权重点。",见原陈述中的对象与前提,见原陈述中的结论,低,陈述与证明结构基本完整,"1. 条件：见原陈述中的对象与前提
2. 结论：见原陈述中的结论
3. 证明起点：设最后一个权重为$ _n<1$，把前$n-1$项归一化为点 $z=(1- _n)^-1 _i<n _ix_i$。
4. 逐步写明每个条件在何处被使用，等式变形前核对定义域/维数/正分母。
5. 用一个只破坏单一条件的反例说明边界；最后复述结论而不是只写“证毕”。",二点凸性定义可递推推出任意有限个点的加权Jensen不等式。,"设最后一个权重为$\lambda_n<1$，把前$n-1$项归一化为点 $z=(1-\lambda_n)^{-1}\sum_{i<n}\lambda_ix_i$。先对$z,x_n$应用二点凸性，再对$z$的$n-1$点表达应用归纳假设，合并权重后得到结论。边界权重为0或1时直接删去零权重点。"
定理,凸问题的强对偶,,7,凸优化与拉格朗日对偶,Jensen不等式,127,src/讲义源码/第01册_数学基础与统计学习基本理论/chapters/V1-C07.tex,441,有限维凸目标与凸不等式约束、仿射等式约束在上述相对内部Slater条件下满足 $d^*=p^*$。,,见原陈述中的对象与前提,见原陈述中的结论,中,未在紧邻位置检出证明,"1. 条件：见原陈述中的对象与前提
2. 结论：见原陈述中的结论
3. 证明起点：该条为定义或当前范围未提供证明。
4. 逐步写明每个条件在何处被使用，等式变形前核对定义域/维数/正分母。
5. 用一个只破坏单一条件的反例说明边界；最后复述结论而不是只写“证毕”。",有限维凸目标与凸不等式约束、仿射等式约束在上述相对内部Slater条件下满足 $d^*=p^*$。,
定义,下降方向,struct:V1-C08-CH07,8,数值优化方法,梯度下降与步长,138,src/讲义源码/第01册_数学基础与统计学习基本理论/chapters/V1-C08.tex,76,在可微函数的当前点$x$，若向量$p$满足 $ f(x)^ Tp<0$，则称$p$为该点的下降方向。由方向导数定义，存在足够小的正步长使$f(x+ p)<f(x)$。,,在可微函数的当前点$x$，若向量$p$满足 $ f(x)^ Tp<0$,称$p$为该点的下降方向。由方向导数定义，存在足够小的正步长使$f(x+ p)<f(x)$。,中,符号密度高,"1. 条件：在可微函数的当前点$x$，若向量$p$满足 $ f(x)^ Tp<0$
2. 结论：称$p$为该点的下降方向。由方向导数定义，存在足够小的正步长使$f(x+ p)<f(x)$。
3. 证明起点：该条为定义或当前范围未提供证明。
4. 逐步写明每个条件在何处被使用，等式变形前核对定义域/维数/正分母。
5. 用一个只破坏单一条件的反例说明边界；最后复述结论而不是只写“证毕”。",在可微函数的当前点$x$，若向量$p$满足 $\nabla f(x)^{\mathsf T}p<0$，则称$p$为该点的下降方向。由方向导数定义，存在足够小的正步长使$f(x+\alpha p)<f(x)$。,
定理,光滑函数的下降引理,,8,数值优化方法,梯度下降与步长,139,src/讲义源码/第01册_数学基础与统计学习基本理论/chapters/V1-C08.tex,86,若梯度$L$-Lipschitz，则 $ f(y) f(x)+ f(x)^ T(y-x)+ L2\|y-x\|^2. $ 取 $y=x- f(x)$ 且 $0< <2/L$，只要梯度非零就有目标下降。,记$d=y-x$并令$ (t)=f(x+td)$。微积分基本定理给出 $ f(y)-f(x)= _0^1 f(x+td)^ Td dt. $ 减去$ f(x)^ Td$后，由Cauchy--Schwarz与梯度的$L$-Lipschitz性， $ f(y)-f(x)- f(x)^ Td = _0^1[ f(x+td)- f(x)]^ Td dt\\ _0^1\| f(x+td)- f(x)\| \|d\| dt\\ _0^1Lt\|d\|^2 dt= L2\|d\|^2. $ 这就是所需二次上界。再取$d=- f(x)$，得到 $ f(x- f(x))-f(x) - (1-L /2)\| f(x)\|^2. $ 当$0< <2/L$且梯度非零时，右端严格为负，故目标下降。,若梯度$L$-Lipschitz,$ f(y) f(x)+ f(x)^ T(y-x)+ L2\|y-x\|^2. $ 取 $y=x- f(x)$ 且 $0< <2/L$，只要梯度非零就有目标下降。,低,陈述与证明结构基本完整,"1. 条件：若梯度$L$-Lipschitz
2. 结论：$ f(y) f(x)+ f(x)^ T(y-x)+ L2\|y-x\|^2. $ 取 $y=x- f(x)$ 且 $0< <2/L$，只要梯度非零就有目标下降。
3. 证明起点：记$d=y-x$并令$ (t)=f(x+td)$。
4. 逐步写明每个条件在何处被使用，等式变形前核对定义域/维数/正分母。
5. 用一个只破坏单一条件的反例说明边界；最后复述结论而不是只写“证毕”。","若梯度$L$-Lipschitz，则
\[
f(y)\le f(x)+\nabla f(x)^{\mathsf T}(y-x)+\frac L2\|y-x\|^2.
\]
取 $y=x-\alpha\nabla f(x)$ 且 $0<\alpha<2/L$，只要梯度非零就有目标下降。","记$d=y-x$并令$\phi(t)=f(x+td)$。微积分基本定理给出
\[
f(y)-f(x)=\int_0^1\nabla f(x+td)^{\mathsf T}d\,\mathrm dt.
\]
减去$\nabla f(x)^{\mathsf T}d$后，由Cauchy--Schwarz与梯度的$L$-Lipschitz性，
\[
\begin{aligned}
f(y)-f(x)-\nabla f(x)^{\mathsf T}d
&=\int_0^1[\nabla f(x+td)-\nabla f(x)]^{\mathsf T}d\,\mathrm dt\\
&\le\int_0^1\|\nabla f(x+td)-\nabla f(x)\|\,\|d\|\,\mathrm dt\\
&\le\int_0^1Lt\|d\|^2\,\mathrm dt=\frac L2\|d\|^2.
\end{aligned}
\]
这就是所需二次上界。再取$d=-\alpha\nabla f(x)$，得到
\[
f(x-\alpha\nabla f(x))-f(x)
\le-\alpha(1-L\alpha/2)\|\nabla f(x)\|^2.
\]
当$0<\alpha<2/L$且梯度非零时，右端严格为负，故目标下降。"
推论,二次函数的一步收敛,,8,数值优化方法,线搜索、停止条件与收敛判据,141,src/讲义源码/第01册_数学基础与统计学习基本理论/chapters/V1-C08.tex,184,对正定二次函数 $f(x)= 12x^ THx-b^ Tx+c$，精确牛顿法从任意初始点一步到达唯一最优点$H^-1b$。,梯度为$Hx-b$，Hessian恒为$H$。牛顿更新解 $Hp=-(Hx-b)$，所以$p=H^-1b-x$，全步后$x+p=H^-1b$。正定性保证该驻点是唯一全局最优点。,见原陈述中的对象与前提,见原陈述中的结论,中,证明过短，关键变形或条件使用位置不醒目；证明路线提示不足,"1. 条件：见原陈述中的对象与前提
2. 结论：见原陈述中的结论
3. 证明起点：梯度为$Hx-b$，Hessian恒为$H$。
4. 逐步写明每个条件在何处被使用，等式变形前核对定义域/维数/正分母。
5. 用一个只破坏单一条件的反例说明边界；最后复述结论而不是只写“证毕”。",对正定二次函数 $f(x)=\tfrac12x^{\mathsf T}Hx-b^{\mathsf T}x+c$，精确牛顿法从任意初始点一步到达唯一最优点$H^{-1}b$。,梯度为$Hx-b$，Hessian恒为$H$。牛顿更新解 $Hp=-(Hx-b)$，所以$p=H^{-1}b-x$，全步后$x+p=H^{-1}b$。正定性保证该驻点是唯一全局最优点。
定理,BFGS结论的适用层次,,8,数值优化方法,拟牛顿法、DFP与BFGS,145,src/讲义源码/第01册_数学基础与统计学习基本理论/chapters/V1-C08.tex,377,设$f$在初始水平集上连续可微且下有界，梯度Lipschitz连续；若每步方向均为下降方向、线搜索接受满足Wolfe条件的步长，并且$G_k$的特征值一致地夹在两个正数之间，则Zoutendijk论证给出$ f(x_k)_2 0$。这只是一般光滑目标的一阶驻点结论。若进一步$f$为$ $-强凸函数，则 $ x_k-x^*_2 f(x_k)_2/ 0$，从而得到从该水平集到唯一极小点的全局迭代结论。若再假设$f$在极小点邻域二阶连续可微、Hessian Lipschitz连续，且标准BFGS更新满足Dennis--Mor\'e条件并最终接受单位步，则还可得到局部超线性收敛。若Wolfe线搜索失败、曲率条件不能通过阻尼恢复，或仅因预算耗尽停止，上述结论均不能宣称成立。,,设$f$在初始水平集上连续可微且下有界，梯度Lipschitz连续；若每步方向均为下降方向、线搜索接受满足Wolfe条件的步长，并且$G_k$的特征值一致地夹在两个正数之间,Zoutendijk论证给出$ f(x_k)_2 0$。这只是一般光滑目标的一阶驻点结论。若进一步$f$为$ $-强凸函数，则 $ x_k-x^*_2 f(x_k)_2/ 0$，从而得到从该水平集到唯一极小点的全局迭代结论。若再假设$f$在极小点邻域二阶连续可微、Hessian Lipschitz连续，且标准BFGS更新满足Dennis--Mor\'e条件并最终接受单位步，则还可得到局部超线性收敛。若Wolfe线搜索失败、曲率条件不能通过阻尼恢复，或仅因预算耗尽停止，上述结论均不能宣称成立。,中,符号密度高；未在紧邻位置检出证明,"1. 条件：设$f$在初始水平集上连续可微且下有界，梯度Lipschitz连续；若每步方向均为下降方向、线搜索接受满足Wolfe条件的步长，并且$G_k$的特征值一致地夹在两个正数之间
2. 结论：Zoutendijk论证给出$ f(x_k)_2 0$。这只是一般光滑目标的一阶驻点结论。若进一步$f$为$ $-强凸函数，则 $ x_k-x^*_2 f(x_k)_2/ 0$，从而得到从该水平集到唯一极小点的全局迭代结论。若再假设$f$在极小点邻域二阶连续可微、Hessian Lipschitz连续，且标准BFGS更新满足Dennis--Mor\'e条件并最终接受单位步，则还可得到局部超线性收敛。若Wolfe线搜索失败、曲率条件不能通过阻尼恢复，或仅因预算耗尽停止，上述结论均不能宣称成立。
3. 证明起点：该条为定义或当前范围未提供证明。
4. 逐步写明每个条件在何处被使用，等式变形前核对定义域/维数/正分母。
5. 用一个只破坏单一条件的反例说明边界；最后复述结论而不是只写“证毕”。","设$f$在初始水平集上连续可微且下有界，梯度Lipschitz连续；若每步方向均为下降方向、线搜索接受满足Wolfe条件的步长，并且$G_k$的特征值一致地夹在两个正数之间，则Zoutendijk论证给出$\norm{\nabla f(x_k)}_2\to0$。这只是一般光滑目标的一阶驻点结论。若进一步$f$为$\mu$-强凸函数，则
$\norm{x_k-x^*}_2\le\norm{\nabla f(x_k)}_2/\mu\to0$，从而得到从该水平集到唯一极小点的全局迭代结论。若再假设$f$在极小点邻域二阶连续可微、Hessian Lipschitz连续，且标准BFGS更新满足Dennis--Mor\'e条件并最终接受单位步，则还可得到局部超线性收敛。若Wolfe线搜索失败、曲率条件不能通过阻尼恢复，或仅因预算耗尽停止，上述结论均不能宣称成立。",
引理,正定近似给出下降方向,,8,数值优化方法,拟牛顿法、DFP与BFGS,148,src/讲义源码/第01册_数学基础与统计学习基本理论/chapters/V1-C08.tex,454,若$G_k$对称正定且$g_k 0$，则 $p_k=-G_kg_k$ 是下降方向。,$g_k^ Tp_k=-g_k^ TG_kg_k$。正定性使右侧严格小于零，因此方向满足一阶下降判据。该结论解释了DFP/BFGS更新为何必须保护正定性。,若$G_k$对称正定且$g_k 0$,$p_k=-G_kg_k$ 是下降方向。,中,证明过短，关键变形或条件使用位置不醒目,"1. 条件：若$G_k$对称正定且$g_k 0$
2. 结论：$p_k=-G_kg_k$ 是下降方向。
3. 证明起点：$g_k^ Tp_k=-g_k^ TG_kg_k$。
4. 逐步写明每个条件在何处被使用，等式变形前核对定义域/维数/正分母。
5. 用一个只破坏单一条件的反例说明边界；最后复述结论而不是只写“证毕”。",若$G_k$对称正定且$g_k\ne0$，则 $p_k=-G_kg_k$ 是下降方向。,$g_k^{\mathsf T}p_k=-g_k^{\mathsf T}G_kg_k$。正定性使右侧严格小于零，因此方向满足一阶下降判据。该结论解释了DFP/BFGS更新为何必须保护正定性。
定理,Armijo梯度法的一阶收敛条件,,8,数值优化方法,拟牛顿法、DFP与BFGS,150,src/讲义源码/第01册_数学基础与统计学习基本理论/chapters/V1-C08.tex,548,"设$f$在迭代所在水平集上有$L$-Lipschitz梯度且下有界；方向满足 $g_k^ Tp_k -m g_k_2^2$与$ p_k_2 M g_k_2$，其中$m,M>0$；取$0<c<1$、$0< <1$、$ _0>0$，并假设回溯在每个有限迭代都接受步长且接受步长有统一下界$ _k >0$。若不以预算、最小步长或数值失败提前截断，则 $ _k=0^ g_k_2^2 f(x_0)- fc m < , g_k_2 0. $ 算法返回 budget\_stop、 line\_search\_failed或 numerical\_failure时，只报告停止原因，不援引本定理宣称收敛。",,"设$f$在迭代所在水平集上有$L$-Lipschitz梯度且下有界；方向满足 $g_k^ Tp_k -m g_k_2^2$与$ p_k_2 M g_k_2$，其中$m,M>0$；取$0<c<1$、$0< <1$、$ _0>0$，并假设回溯在每个有限迭代都接受步长且接受步长有统一下界$ _k >0$。若不以预算、最小步长或数值失败提前截断","$ _k=0^ g_k_2^2 f(x_0)- fc m < , g_k_2 0. $ 算法返回 budget\_stop、 line\_search\_failed或 numerical\_failure时，只报告停止原因，不援引本定理宣称收敛。",中,符号密度高；未在紧邻位置检出证明,"1. 条件：设$f$在迭代所在水平集上有$L$-Lipschitz梯度且下有界；方向满足 $g_k^ Tp_k -m g_k_2^2$与$ p_k_2 M g_k_2$，其中$m,M>0$；取$0<c<1$、$0< <1$、$ _0>0$，并假设回溯在每个有限迭代都接受步长且接受步长有统一下界$ _k >0$。若不以预算、最小步长或数值失败提前截断
2. 结论：$ _k=0^ g_k_2^2 f(x_0)- fc m < , g_k_2 0. $ 算法返回 budget\_stop、 line\_search\_failed或 numerical\_failure时，只报告停止原因，不援引本定理宣称收敛。
3. 证明起点：该条为定义或当前范围未提供证明。
4. 逐步写明每个条件在何处被使用，等式变形前核对定义域/维数/正分母。
5. 用一个只破坏单一条件的反例说明边界；最后复述结论而不是只写“证毕”。","设$f$在迭代所在水平集上有$L$-Lipschitz梯度且下有界；方向满足
$g_k^{\mathsf T}p_k\le-m\norm{g_k}_2^2$与$\norm{p_k}_2\le M\norm{g_k}_2$，其中$m,M>0$；取$0<c<1$、$0<\rho<1$、$\alpha_0>0$，并假设回溯在每个有限迭代都接受步长且接受步长有统一下界$\alpha_k\ge\underline\alpha>0$。若不以预算、最小步长或数值失败提前截断，则
\[
\sum_{k=0}^{\infty}\norm{g_k}_2^2
\le\frac{f(x_0)-\inf f}{c m\underline\alpha}<\infty,
\qquad \norm{g_k}_2\to0.
\]
算法返回\texttt{budget\_stop}、\texttt{line\_search\_failed}或\texttt{numerical\_failure}时，只报告停止原因，不援引本定理宣称收敛。",
定理,固定模型经验风险的一致性界,thm:V1-C09-risk-estimate,9,统计学习的基本框架,核心推导：经验风险为何能够估计期望风险,160,src/讲义源码/第01册_数学基础与统计学习基本理论/chapters/V1-C09.tex,142,在上述独立同分布和有限方差条件下，$ R_T(f)$无偏估计$R(f)$，且对每个$ >0$满足 $ ( | R_T(f)-R(f) | ) _f^2N ^2. $ 从而$ R_T(f)$依概率收敛到$R(f)$。,"令$U_i=L(Y_i,f(X_i))$。同分布性给出$ E[U_i]=R(f)$，期望的线性性随即给出$ E[ R_T(f)]=R(f)$。独立性给出$Cov(U_i,U_j)=0$（$i j$），所以样本平均的方差为$ _f^2/N$。把随机变量$ R_T(f)$、均值$R(f)$和方差$ _f^2/N$代入Chebyshev不等式便得概率界。固定$ $后，右端随$N $趋于零，这正是依概率收敛的定义。证明中的每个条件都有作用：同分布性统一各项均值，独立性消去协方差，有限方差保证界为有限数。",见原陈述中的对象与前提,见原陈述中的结论,中,符号密度高；证明路线提示不足,"1. 条件：见原陈述中的对象与前提
2. 结论：见原陈述中的结论
3. 证明起点：令$U_i=L(Y_i,f(X_i))$。
4. 逐步写明每个条件在何处被使用，等式变形前核对定义域/维数/正分母。
5. 用一个只破坏单一条件的反例说明边界；最后复述结论而不是只写“证毕”。","在上述独立同分布和有限方差条件下，$\widehat R_T(f)$无偏估计$R(f)$，且对每个$\varepsilon>0$满足
\[
\Pr\!\left(\left|\widehat R_T(f)-R(f)\right|\ge\varepsilon\right)
\le\frac{\sigma_f^2}{N\varepsilon^2}.
\]
从而$\widehat R_T(f)$依概率收敛到$R(f)$。","\label{schema:V1-C09:CH-13}
令$U_i=L(Y_i,f(X_i))$。同分布性给出$\mathbb E[U_i]=R(f)$，期望的线性性随即给出$\mathbb E[\widehat R_T(f)]=R(f)$。独立性给出$\operatorname{Cov}(U_i,U_j)=0$（$i\ne j$），所以样本平均的方差为$\sigma_f^2/N$。把随机变量$\widehat R_T(f)$、均值$R(f)$和方差$\sigma_f^2/N$代入Chebyshev不等式便得概率界。固定$\varepsilon$后，右端随$N\to\infty$趋于零，这正是依概率收敛的定义。证明中的每个条件都有作用：同分布性统一各项均值，独立性消去协方差，有限方差保证界为有限数。"
定义,三类基本学习问题,def:V1-C09-three-learning-types,9,统计学习的基本框架,监督学习、无监督学习与强化学习,167,src/讲义源码/第01册_数学基础与统计学习基本理论/chapters/V1-C09.tex,351,监督学习从含目标输出的样本对中学习输入到输出的预测规律；无监督学习只观测输入，学习其表示、结构或生成规律；强化学习中的智能体通过状态、动作、奖励和后续状态的交互序列学习使长期累计回报较大的策略。,,见原陈述中的对象与前提,见原陈述中的结论,低,陈述与证明结构基本完整,"1. 条件：见原陈述中的对象与前提
2. 结论：见原陈述中的结论
3. 证明起点：该条为定义或当前范围未提供证明。
4. 逐步写明每个条件在何处被使用，等式变形前核对定义域/维数/正分母。
5. 用一个只破坏单一条件的反例说明边界；最后复述结论而不是只写“证毕”。",监督学习从含目标输出的样本对中学习输入到输出的预测规律；无监督学习只观测输入，学习其表示、结构或生成规律；强化学习中的智能体通过状态、动作、奖励和后续状态的交互序列学习使长期累计回报较大的策略。,
定义,假设空间,def:V1-C09-hypothesis-space,9,统计学习的基本框架,假设空间与概率模型,167,src/讲义源码/第01册_数学基础与统计学习基本理论/chapters/V1-C09.tex,379,"假设空间$ F$是学习算法获准选择的全部模型集合。确定性监督模型可写为 $ F=\f_ : X Y \, $ 概率监督模型可写为 $ F=\P_ (Y X) \. $ 参数空间$ $与函数或分布的形式共同限定学习范围。",,见原陈述中的对象与前提,见原陈述中的结论,中,符号密度高,"1. 条件：见原陈述中的对象与前提
2. 结论：见原陈述中的结论
3. 证明起点：该条为定义或当前范围未提供证明。
4. 逐步写明每个条件在何处被使用，等式变形前核对定义域/维数/正分母。
5. 用一个只破坏单一条件的反例说明边界；最后复述结论而不是只写“证毕”。","假设空间$\mathcal F$是学习算法获准选择的全部模型集合。确定性监督模型可写为
\[
\mathcal F=\{f_\theta:\mathcal X\to\mathcal Y\mid\theta\in\Theta\},
\]
概率监督模型可写为
\[
\mathcal F=\{P_\theta(Y\mid X)\mid\theta\in\Theta\}.
\]
参数空间$\Theta$与函数或分布的形式共同限定学习范围。",
定义,损失函数与期望风险,,10,模型评估、选择与泛化,损失函数与风险函数,176,src/讲义源码/第01册_数学基础与统计学习基本理论/chapters/V1-C10.tex,95,"设$f F$，损失函数$L: Y Y . $ 离散情形对所有$(x,y)$求和；连续情形对联合分布积分。期望风险也称期望损失。",,"设$f F$，损失函数$L: Y Y . $ 离散情形对所有$(x,y)$求和",连续情形对联合分布积分。期望风险也称期望损失。,中,符号密度高,"1. 条件：设$f F$，损失函数$L: Y Y . $ 离散情形对所有$(x,y)$求和
2. 结论：连续情形对联合分布积分。期望风险也称期望损失。
3. 证明起点：该条为定义或当前范围未提供证明。
4. 逐步写明每个条件在何处被使用，等式变形前核对定义域/维数/正分母。
5. 用一个只破坏单一条件的反例说明边界；最后复述结论而不是只写“证毕”。","设$f\in\mathcal F$，损失函数$L:\mathcal Y\times\widehat{\mathcal Y}\to[0,\infty)$。模型$f$的期望风险定义为
\[
R(f)=\mathbb E_{(X,Y)\sim P}\!\left[L(Y,f(X))\right].
\]
离散情形对所有$(x,y)$求和；连续情形对联合分布积分。期望风险也称期望损失。",
定义,训练误差与测试误差,,10,模型评估、选择与泛化,训练误差与测试误差,175,src/讲义源码/第01册_数学基础与统计学习基本理论/chapters/V1-C10.tex,194,"设学习算法从训练集得到$ f$。训练误差是$ f$在训练集上的平均损失。对独立测试集$T'=\(x'_j,y'_j)\_j=1^N'$，测试误差为 $ e_test( f)= 1N' _j=1^N'L(y'_j, f(x'_j)). $ 只有测试集未参与拟合、超参数选择、阈值选择和特征选择时，它才是有效的样本外评估。",,设学习算法从训练集得到$ f$,"训练误差是$ f$在训练集上的平均损失。对独立测试集$T'=\(x'_j,y'_j)\_j=1^N'$，测试误差为 $ e_test( f)= 1N' _j=1^N'L(y'_j, f(x'_j)). $ 只有测试集未参与拟合、超参数选择、阈值选择和特征选择时，它才是有效的样本外评估。",低,陈述与证明结构基本完整,"1. 条件：设学习算法从训练集得到$ f$
2. 结论：训练误差是$ f$在训练集上的平均损失。对独立测试集$T'=\(x'_j,y'_j)\_j=1^N'$，测试误差为 $ e_test( f)= 1N' _j=1^N'L(y'_j, f(x'_j)). $ 只有测试集未参与拟合、超参数选择、阈值选择和特征选择时，它才是有效的样本外评估。
3. 证明起点：该条为定义或当前范围未提供证明。
4. 逐步写明每个条件在何处被使用，等式变形前核对定义域/维数/正分母。
5. 用一个只破坏单一条件的反例说明边界；最后复述结论而不是只写“证毕”。","设学习算法从训练集得到$\widehat f$。训练误差是$\widehat f$在训练集上的平均损失。对独立测试集$T'=\{(x'_j,y'_j)\}_{j=1}^{N'}$，测试误差为
\[
e_{\mathrm{test}}(\widehat f)=\frac1{N'}\sum_{j=1}^{N'}L(y'_j,\widehat f(x'_j)).
\]
只有测试集未参与拟合、超参数选择、阈值选择和特征选择时，它才是有效的样本外评估。",
定义,正则化经验风险,,10,模型评估、选择与泛化,过拟合、正则化与模型选择,180,src/讲义源码/第01册_数学基础与统计学习基本理论/chapters/V1-C10.tex,249,"给定复杂度函数$J(f) 0$和$ 0$，正则化学习求解 $ _f F \ 1N _i=1^N L(y_i,f(x_i))+ J(f) \. $ $ =0$退化为经验风险最小化；$ $增大时，复杂度惩罚相对更重要。",,给定复杂度函数$J(f) 0$和$ 0$，正,"化学习求解 $ _f F \ 1N _i=1^N L(y_i,f(x_i))+ J(f) \. $ $ =0$退化为经验风险最小化；$ $增大时，复杂度惩罚相对更重要。",中,符号密度高,"1. 条件：给定复杂度函数$J(f) 0$和$ 0$，正
2. 结论：化学习求解 $ _f F \ 1N _i=1^N L(y_i,f(x_i))+ J(f) \. $ $ =0$退化为经验风险最小化；$ $增大时，复杂度惩罚相对更重要。
3. 证明起点：该条为定义或当前范围未提供证明。
4. 逐步写明每个条件在何处被使用，等式变形前核对定义域/维数/正分母。
5. 用一个只破坏单一条件的反例说明边界；最后复述结论而不是只写“证毕”。","给定复杂度函数$J(f)\ge0$和$\lambda\ge0$，正则化学习求解
\[
\min_{f\in\mathcal F}\left\{\frac1N\sum_{i=1}^N L(y_i,f(x_i))+\lambda J(f)\right\}.
\]
$\lambda=0$退化为经验风险最小化；$\lambda$增大时，复杂度惩罚相对更重要。",
定理,有限假设空间的泛化误差上界,thm:V1-C10-finite-bound,10,模型评估、选择与泛化,交叉验证,185,src/讲义源码/第01册_数学基础与统计学习基本理论/chapters/V1-C10.tex,425,"设$ F=\f_1, ,f_d\$是含$d$个函数的二类分类假设空间，训练样本独立同分布，损失为$0$--$1$损失。则对任意$0< <1$，至少以概率$1- $，对所有$f F$同时成立 $ R(f) R_N(f)+ (d,N, ), (d,N, )= d+ (1/ )2N. $ 概率取自训练样本的随机抽取。",推导第1步：固定一个函数。由Hoeffding不等式的单侧形式，对任意$ >0$， $ P (R(f)- R_N(f) ) (-2N ^2). $ 推导第2步：同时控制有限集合。令$A_f=\R(f)- R_N(f) \$。并集界给出 $ P ( f F:A_f ) _f F P(A_f) d (-2N ^2). $ 因此，以至少$1-d (-2N ^2)$的概率，没有任何$f$违反$R(f)< R_N(f)+ $。 推导第3步：换成置信参数。令$ =d (-2N ^2)$，取对数并解出 $ = d+ (1/ )2N. $ 把该值代回上一步即得同时上界。因为结论同时覆盖全部$f$，所以也覆盖由同一训练集选出的随机函数。,"设$ F=\f_1, ,f_d\$是含$d$个函数的二类分类假设空间，训练样本独立同分布，损失为$0$--$1$损失","对任意$0< <1$，至少以概率$1- $，对所有$f F$同时成立 $ R(f) R_N(f)+ (d,N, ), (d,N, )= d+ (1/ )2N. $ 概率取自训练样本的随机抽取。",中,符号密度高,"1. 条件：设$ F=\f_1, ,f_d\$是含$d$个函数的二类分类假设空间，训练样本独立同分布，损失为$0$--$1$损失
2. 结论：对任意$0< <1$，至少以概率$1- $，对所有$f F$同时成立 $ R(f) R_N(f)+ (d,N, ), (d,N, )= d+ (1/ )2N. $ 概率取自训练样本的随机抽取。
3. 证明起点：推导第1步：固定一个函数。
4. 逐步写明每个条件在何处被使用，等式变形前核对定义域/维数/正分母。
5. 用一个只破坏单一条件的反例说明边界；最后复述结论而不是只写“证毕”。","设$\mathcal F=\{f_1,\ldots,f_d\}$是含$d$个函数的二类分类假设空间，训练样本独立同分布，损失为$0$--$1$损失。则对任意$0<\delta<1$，至少以概率$1-\delta$，对所有$f\in\mathcal F$同时成立
\[
R(f)\le \widehat R_N(f)+\varepsilon(d,N,\delta),
\qquad
\varepsilon(d,N,\delta)=
\sqrt{\frac{\log d+\log(1/\delta)}{2N}}.
\]
概率取自训练样本的随机抽取。","\textbf{推导第1步：固定一个函数。}由Hoeffding不等式的单侧形式，对任意$\epsilon>0$，
\[
\mathbb P\!\left(R(f)-\widehat R_N(f)\ge\epsilon\right)
\le \exp(-2N\epsilon^2).
\]

\textbf{推导第2步：同时控制有限集合。}令$A_f=\{R(f)-\widehat R_N(f)\ge\epsilon\}$。并集界给出
\[
\mathbb P\!\left(\exists f\in\mathcal F:A_f\right)
\le\sum_{f\in\mathcal F}\mathbb P(A_f)
\le d\exp(-2N\epsilon^2).
\]
因此，以至少$1-d\exp(-2N\epsilon^2)$的概率，没有任何$f$违反$R(f)<\widehat R_N(f)+\epsilon$。

\textbf{推导第3步：换成置信参数。}令$\delta=d\exp(-2N\epsilon^2)$，取对数并解出
\[
\epsilon=\sqrt{\frac{\log d+\log(1/\delta)}{2N}}.
\]
把该值代回上一步即得同时上界。因为结论同时覆盖全部$f$，所以也覆盖由同一训练集选出的随机函数。"
推论,经验风险最小化解的上界,,10,模型评估、选择与泛化,交叉验证,186,src/讲义源码/第01册_数学基础与统计学习基本理论/chapters/V1-C10.tex,474,若$ f_N arg min_f F R_N(f)$，则在定理的同一事件上 $ R( f_N) R_N( f_N) + d+ (1/ )2N. $,定理的事件对$ F$中的每个函数同时成立，而$ f_N$无论由样本选成哪一个都属于$ F$，故可直接把$f$替换为$ f_N$。只对预先固定的单个$f$成立的界不能做这一步，这正是并集界不可缺少的原因。,若$ f_N arg min_f F R_N(f)$,在定理的同一事件上 $ R( f_N) R_N( f_N) + d+ (1/ )2N. $,中,符号密度高,"1. 条件：若$ f_N arg min_f F R_N(f)$
2. 结论：在定理的同一事件上 $ R( f_N) R_N( f_N) + d+ (1/ )2N. $
3. 证明起点：定理的事件对$ F$中的每个函数同时成立，而$ f_N$无论由样本选成哪一个都属于$ F$，故可直接把$f$替换为$ f_N$。
4. 逐步写明每个条件在何处被使用，等式变形前核对定义域/维数/正分母。
5. 用一个只破坏单一条件的反例说明边界；最后复述结论而不是只写“证毕”。","若$\widehat f_N\in\operatorname*{arg\,min}_{f\in\mathcal F}\widehat R_N(f)$，则在定理的同一事件上
\[
R(\widehat f_N)\le\widehat R_N(\widehat f_N)
+\sqrt{\frac{\log d+\log(1/\delta)}{2N}}.
\]",定理的事件对$\mathcal F$中的每个函数同时成立，而$\widehat f_N$无论由样本选成哪一个都属于$\mathcal F$，故可直接把$f$替换为$\widehat f_N$。只对预先固定的单个$f$成立的界不能做这一步，这正是并集界不可缺少的原因。
定义,生成方法与判别方法,,10,模型评估、选择与泛化,交叉验证,186,src/讲义源码/第01册_数学基础与统计学习基本理论/chapters/V1-C10.tex,500,"生成方法学习联合分布$P(X,Y)$或等价分解$P(Y)P(X Y)$，预测时由 $ P(Y X)= P(X,Y)P(X) $ 得到条件分布。判别方法直接学习$P(Y X)$或决策函数$Y=f(X)$，不要求给出输入的边缘分布。",,见原陈述中的对象与前提,见原陈述中的结论,中,符号密度高,"1. 条件：见原陈述中的对象与前提
2. 结论：见原陈述中的结论
3. 证明起点：该条为定义或当前范围未提供证明。
4. 逐步写明每个条件在何处被使用，等式变形前核对定义域/维数/正分母。
5. 用一个只破坏单一条件的反例说明边界；最后复述结论而不是只写“证毕”。","生成方法学习联合分布$P(X,Y)$或等价分解$P(Y)P(X\mid Y)$，预测时由
\[
P(Y\mid X)=\frac{P(X,Y)}{P(X)}
\]
得到条件分布。判别方法直接学习$P(Y\mid X)$或决策函数$Y=f(X)$，不要求给出输入的边缘分布。",
定义,分类任务,,11,监督学习任务与应用,分类问题,196,src/讲义源码/第01册_数学基础与统计学习基本理论/chapters/V1-C11.tex,92,"若输出空间$ Y=\1, ,C\$为有限类别集合，则从训练集学习$f: X Y$或条件分布$p(y x)$并预测新输入类别的任务称为分类。$C=2$时为二分类，$C>2$时为多分类。",,"若输出空间$ Y=\1, ,C\$为有限类别集合",从训练集学习$f: X Y$或条件分布$p(y x)$并预测新输入类别的任务称为分类。$C=2$时为二分类，$C>2$时为多分类。,中,符号密度高,"1. 条件：若输出空间$ Y=\1, ,C\$为有限类别集合
2. 结论：从训练集学习$f: X Y$或条件分布$p(y x)$并预测新输入类别的任务称为分类。$C=2$时为二分类，$C>2$时为多分类。
3. 证明起点：该条为定义或当前范围未提供证明。
4. 逐步写明每个条件在何处被使用，等式变形前核对定义域/维数/正分母。
5. 用一个只破坏单一条件的反例说明边界；最后复述结论而不是只写“证毕”。","若输出空间$\mathcal Y=\{1,\ldots,C\}$为有限类别集合，则从训练集学习$f:\mathcal X\to\mathcal Y$或条件分布$p(y\mid x)$并预测新输入类别的任务称为分类。$C=2$时为二分类，$C>2$时为多分类。",
定理,Bayes分类器的风险最优性,,11,监督学习任务与应用,分类问题,197,src/讲义源码/第01册_数学基础与统计学习基本理论/chapters/V1-C11.tex,144,在有限输出空间且条件分布已知时，逐点选择条件风险最小动作的分类器在全部可测决策函数中具有最小期望风险。,任取另一决策函数$g$。对每个$x$，Bayes动作的定义给出 $R(f^*(x) x) R(g(x) x)$。以输入边缘分布对两边积分，得到 $ E_XR(f^*(X) X) E_XR(g(X) X)$。左、右两边分别是$f^*$和$g$的总体期望损失，因此结论成立。等号允许在条件风险并列最小处出现。,见原陈述中的对象与前提,见原陈述中的结论,低,陈述与证明结构基本完整,"1. 条件：见原陈述中的对象与前提
2. 结论：见原陈述中的结论
3. 证明起点：任取另一决策函数$g$。
4. 逐步写明每个条件在何处被使用，等式变形前核对定义域/维数/正分母。
5. 用一个只破坏单一条件的反例说明边界；最后复述结论而不是只写“证毕”。",在有限输出空间且条件分布已知时，逐点选择条件风险最小动作的分类器在全部可测决策函数中具有最小期望风险。,"任取另一决策函数$g$。对每个$x$，Bayes动作的定义给出
$R(f^*(x)\mid x)\le R(g(x)\mid x)$。以输入边缘分布对两边积分，得到
$\mathbb E_XR(f^*(X)\mid X)\le\mathbb E_XR(g(X)\mid X)$。左、右两边分别是$f^*$和$g$的总体期望损失，因此结论成立。等号允许在条件风险并列最小处出现。"
定义,序列标注,,11,监督学习任务与应用,标注问题,198,src/讲义源码/第01册_数学基础与统计学习基本理论/chapters/V1-C11.tex,216,"给定观测序列$X_1:n=(X_1, ,X_n)$，预测同长度或按任务规则对齐的标记序列$Y_1:n=(Y_1, ,Y_n)$，称为标注。模型需要处理输出位置之间的结构依赖，而非把每个位置机械地视为独立分类。",,"给定观测序列$X_1:n=(X_1, ,X_n)$，预测同长度或按任务规","对齐的标记序列$Y_1:n=(Y_1, ,Y_n)$，称为标注。模型需要处理输出位置之间的结构依赖，而非把每个位置机械地视为独立分类。",低,陈述与证明结构基本完整,"1. 条件：给定观测序列$X_1:n=(X_1, ,X_n)$，预测同长度或按任务规
2. 结论：对齐的标记序列$Y_1:n=(Y_1, ,Y_n)$，称为标注。模型需要处理输出位置之间的结构依赖，而非把每个位置机械地视为独立分类。
3. 证明起点：该条为定义或当前范围未提供证明。
4. 逐步写明每个条件在何处被使用，等式变形前核对定义域/维数/正分母。
5. 用一个只破坏单一条件的反例说明边界；最后复述结论而不是只写“证毕”。","给定观测序列$X_{1:n}=(X_1,\ldots,X_n)$，预测同长度或按任务规则对齐的标记序列$Y_{1:n}=(Y_1,\ldots,Y_n)$，称为标注。模型需要处理输出位置之间的结构依赖，而非把每个位置机械地视为独立分类。",
定义,回归任务,,11,监督学习任务与应用,回归问题,199,src/讲义源码/第01册_数学基础与统计学习基本理论/chapters/V1-C11.tex,255,若输出$Y$取连续数值，通常$ Y R^q$，从训练数据学习$f: X Y$并预测数值的任务称为回归。$q=1$为一元输出回归，$q>1$为多输出回归；“线性/非线性”描述模型形式，不由输入维数决定。,,若输出$Y$取连续数值，通常$ Y R^q$，从训练数据学习$f: X Y$并预测数值的任务称为回归,$q=1$为一元输出回归，$q>1$为多输出回归；“线性/非线性”描述模型形式，不由输入维数决定。,中,符号密度高,"1. 条件：若输出$Y$取连续数值，通常$ Y R^q$，从训练数据学习$f: X Y$并预测数值的任务称为回归
2. 结论：$q=1$为一元输出回归，$q>1$为多输出回归；“线性/非线性”描述模型形式，不由输入维数决定。
3. 证明起点：该条为定义或当前范围未提供证明。
4. 逐步写明每个条件在何处被使用，等式变形前核对定义域/维数/正分母。
5. 用一个只破坏单一条件的反例说明边界；最后复述结论而不是只写“证毕”。",若输出$Y$取连续数值，通常$\mathcal Y\subseteq\mathbb R^q$，从训练数据学习$f:\mathcal X\to\mathcal Y$并预测数值的任务称为回归。$q=1$为一元输出回归，$q>1$为多输出回归；“线性/非线性”描述模型形式，不由输入维数决定。,
定义,线性可分训练集,def:V2-C01-separable,12,感知机,二分类与线性分离,211,src/讲义源码/第02册_基础监督学习方法/chapters/V2-C01.tex,115,"设$T=\(x_i,y_i)\_i=1^N$，其中$x_i ℝ^d$且$y_i \-1,+1\$。若存在$w ℝ^d$和$b ℝ$，使每个$i$都满足 $ y_i (w^ Tx_i+b )>0, $ 则称$T$线性可分，并称$w^ Tx+b=0$为一个分离超平面。严格不等式意味着每个训练点都位于边界之外。",,"设$T=\(x_i,y_i)\_i=1^N$，其中$x_i ℝ^d$且$y_i \-1,+1\$。若存在$w ℝ^d$和$b ℝ$，使每个$i$都满足 $ y_i (w^ Tx_i+b )>0, $",称$T$线性可分，并称$w^ Tx+b=0$为一个分离超平面。严格不等式意味着每个训练点都位于边界之外。,中,符号密度高,"1. 条件：设$T=\(x_i,y_i)\_i=1^N$，其中$x_i ℝ^d$且$y_i \-1,+1\$。若存在$w ℝ^d$和$b ℝ$，使每个$i$都满足 $ y_i (w^ Tx_i+b )>0, $
2. 结论：称$T$线性可分，并称$w^ Tx+b=0$为一个分离超平面。严格不等式意味着每个训练点都位于边界之外。
3. 证明起点：该条为定义或当前范围未提供证明。
4. 逐步写明每个条件在何处被使用，等式变形前核对定义域/维数/正分母。
5. 用一个只破坏单一条件的反例说明边界；最后复述结论而不是只写“证毕”。","设$T=\{(x_i,y_i)\}_{i=1}^{N}$，其中$x_i\in\R^d$且$y_i\in\{-1,+1\}$。若存在$w\in\R^d$和$b\in\R$，使每个$i$都满足
\[
y_i\bigl(w^{\mathsf T}x_i+b\bigr)>0,
\]
则称$T$线性可分，并称$w^{\mathsf T}x+b=0$为一个分离超平面。严格不等式意味着每个训练点都位于边界之外。",
定义,感知机模型,def:V2-C01-model,12,感知机,感知机模型,212,src/讲义源码/第02册_基础监督学习方法/chapters/V2-C01.tex,140,"感知机是从输入空间$ X ℝ^d$到输出空间$ Y=\-1,+1\$的函数 $ f(x)=sign(w^ Tx+b), $ 其中$w ℝ^d$称为权向量，$b ℝ$称为偏置。模型对应的几何边界是超平面$w^ Tx+b=0$，$w$决定法向方向，$b$决定沿该方向的平移。",,见原陈述中的对象与前提,见原陈述中的结论,中,符号密度高,"1. 条件：见原陈述中的对象与前提
2. 结论：见原陈述中的结论
3. 证明起点：该条为定义或当前范围未提供证明。
4. 逐步写明每个条件在何处被使用，等式变形前核对定义域/维数/正分母。
5. 用一个只破坏单一条件的反例说明边界；最后复述结论而不是只写“证毕”。","感知机是从输入空间$\mathcal X\subseteq\R^d$到输出空间$\mathcal Y=\{-1,+1\}$的函数
\[
f(x)=\operatorname{sign}(w^{\mathsf T}x+b),
\]
其中$w\in\R^d$称为权向量，$b\in\R$称为偏置。模型对应的几何边界是超平面$w^{\mathsf T}x+b=0$，$w$决定法向方向，$b$决定沿该方向的平移。",
定理,Novikoff误分类上界,thm:V2-C01-novikoff,12,感知机,原始形式学习算法,219,src/讲义源码/第02册_基础监督学习方法/chapters/V2-C01.tex,418,设增广训练集线性可分，且存在单位向量$ w_ ℝ^d+1$与常数$ >0$，使每个$i$满足 $ y_i w_ ^ T x_i . $ 再设$R= _i x_i_2< $。感知机从$ w_0=0$出发，以固定$ >0$在带符号分数非正的样本上更新，则误分类更新总次数$k$满足 $ k ( R )^2. $ 该结论的用途是保证线性可分有限样本上的更新次数有限，而不是保证所得分离超平面唯一。,"证明目标是同时控制$ w_k$沿正确方向的增长与自身范数的增长，再用Cauchy--Schwarz不等式消去未知向量。 第$j$次误分类更新使用样本$( x_i_j,y_i_j)$。与$ w_ $取内积并使用间隔条件，得到 $ w_j^ T w_ = w_j-1^ T w_ + y_i_j x_i_j^ T w_ w_j-1^ T w_ + . $ 由$ w_0=0$逐次累加， $ w_k^ T w_ k . 1 $ 另一方面，更新发生前该样本满足$y_i_j w_j-1^ T x_i_j 0$，因此 w_j_2^2 = w_j-1+ y_i_j x_i_j_2^2\\ = w_j-1_2^2 +2 y_i_j w_j-1^ T x_i_j + ^2 x_i_j_2^2\\ w_j-1_2^2+ ^2R^2. 再次累加得 $ w_k_2^2 k ^2R^2. 2 $ 由于$ w_ _2=1$，Cauchy--Schwarz不等式与式(1)--(2)给出 $ k w_k^ T w_ \\ w_k_2\\ k R. $ 当$k>0$时除以$ k $并平方，得到 $ k R , k ( R )^2. $ $k=0$也满足结论。故误分类更新次数有限，定理结论成立。",设增广训练集线性可分，且存在单位向量$ w_ ℝ^d+1$与常数$ >0$，使每个$i$满足 $ y_i w_ ^ T x_i . $ 再设$R= _i x_i_2< $。感知机从$ w_0=0$出发，以固定$ >0$在带符号分数非正的样本上更新,误分类更新总次数$k$满足 $ k ( R )^2. $ 该结论的用途是保证线性可分有限样本上的更新次数有限，而不是保证所得分离超平面唯一。,中,符号密度高,"1. 条件：设增广训练集线性可分，且存在单位向量$ w_ ℝ^d+1$与常数$ >0$，使每个$i$满足 $ y_i w_ ^ T x_i . $ 再设$R= _i x_i_2< $。感知机从$ w_0=0$出发，以固定$ >0$在带符号分数非正的样本上更新
2. 结论：误分类更新总次数$k$满足 $ k ( R )^2. $ 该结论的用途是保证线性可分有限样本上的更新次数有限，而不是保证所得分离超平面唯一。
3. 证明起点：证明目标是同时控制$ w_k$沿正确方向的增长与自身范数的增长，再用Cauchy--Schwarz不等式消去未知向量。
4. 逐步写明每个条件在何处被使用，等式变形前核对定义域/维数/正分母。
5. 用一个只破坏单一条件的反例说明边界；最后复述结论而不是只写“证毕”。","设增广训练集线性可分，且存在单位向量$\widehat w_\star\in\R^{d+1}$与常数$\gamma>0$，使每个$i$满足
\[
y_i\widehat w_\star^{\mathsf T}\widehat x_i\ge\gamma.
\]
再设$R=\max_i\norm{\widehat x_i}_2<\infty$。感知机从$\widehat w_0=0$出发，以固定$\eta>0$在带符号分数非正的样本上更新，则误分类更新总次数$k$满足
\[
k\le\left(\frac{R}{\gamma}\right)^2.
\]
该结论的用途是保证线性可分有限样本上的更新次数有限，而不是保证所得分离超平面唯一。","证明目标是同时控制$\widehat w_k$沿正确方向的增长与自身范数的增长，再用Cauchy--Schwarz不等式消去未知向量。

第$j$次误分类更新使用样本$(\widehat x_{i_j},y_{i_j})$。与$\widehat w_\star$取内积并使用间隔条件，得到
\[
\widehat w_j^{\mathsf T}\widehat w_\star
=\widehat w_{j-1}^{\mathsf T}\widehat w_\star
+\eta y_{i_j}\widehat x_{i_j}^{\mathsf T}\widehat w_\star
\ge \widehat w_{j-1}^{\mathsf T}\widehat w_\star+\eta\gamma.
\]
由$\widehat w_0=0$逐次累加，
\[
\widehat w_k^{\mathsf T}\widehat w_\star\ge k\eta\gamma. \tag{1}
\]

另一方面，更新发生前该样本满足$y_{i_j}\widehat w_{j-1}^{\mathsf T}\widehat x_{i_j}\le0$，因此
\begin{align*}
\norm{\widehat w_j}_2^2
&=\norm{\widehat w_{j-1}+\eta y_{i_j}\widehat x_{i_j}}_2^2\\
&=\norm{\widehat w_{j-1}}_2^2
+2\eta y_{i_j}\widehat w_{j-1}^{\mathsf T}\widehat x_{i_j}
+\eta^2\norm{\widehat x_{i_j}}_2^2\\
&\le\norm{\widehat w_{j-1}}_2^2+\eta^2R^2.
\end{align*}
再次累加得
\[
\norm{\widehat w_k}_2^2\le k\eta^2R^2. \tag{2}
\]
由于$\norm{\widehat w_\star}_2=1$，Cauchy--Schwarz不等式与式(1)--(2)给出
\[
\begin{aligned}
k\eta\gamma
&\le\widehat w_k^{\mathsf T}\widehat w_\star\\
&\le\norm{\widehat w_k}_2\\
&\le\sqrt{k}\eta R.
\end{aligned}
\]
当$k>0$时除以$\sqrt{k}\eta\gamma$并平方，得到
\[
\sqrt{k}\le \frac{R}{\gamma},
\qquad
k\le\left(\frac{R}{\gamma}\right)^2.
\]
$k=0$也满足结论。故误分类更新次数有限，定理结论成立。"
定义,$L_p$距离,def:V2-C02-lp,13,法,距离度量、$k$值与分类决策,233,src/讲义源码/第02册_基础监督学习方法/chapters/V2-C02.tex,106,"对$x_i,x_j ℝ^n$和$1 p< $，定义 $ L_p(x_i,x_j)= ( _ =1^n x_i^( )-x_j^( )^p )^1/p. $ 当$p=1$时为曼哈顿距离，当$p=2$时为欧氏距离；极限情形 $ L_ (x_i,x_j)= _1 n x_i^( )-x_j^( ) $ 取各坐标差的最大值。这里的$p$决定“近”的几何含义，必须在选择邻域前固定。",,见原陈述中的对象与前提,见原陈述中的结论,中,符号密度高,"1. 条件：见原陈述中的对象与前提
2. 结论：见原陈述中的结论
3. 证明起点：该条为定义或当前范围未提供证明。
4. 逐步写明每个条件在何处被使用，等式变形前核对定义域/维数/正分母。
5. 用一个只破坏单一条件的反例说明边界；最后复述结论而不是只写“证毕”。","对$x_i,x_j\in\R^n$和$1\le p<\infty$，定义
\[
L_p(x_i,x_j)=\left(\sum_{\ell=1}^{n}\abs{x_i^{(\ell)}-x_j^{(\ell)}}^p\right)^{1/p}.
\]
当$p=1$时为曼哈顿距离，当$p=2$时为欧氏距离；极限情形
\[
L_\infty(x_i,x_j)=\max_{1\le\ell\le n}\abs{x_i^{(\ell)}-x_j^{(\ell)}}
\]
取各坐标差的最大值。这里的$p$决定“近”的几何含义，必须在选择邻域前固定。",
定理,局部多数表决的经验风险最优性,thm:V2-C02-vote,13,法,距离度量、$k$值与分类决策,235,src/讲义源码/第02册_基础监督学习方法/chapters/V2-C02.tex,159,对任意非空有限邻域$N_k(x)$和有限类别集$ Y$，使用0--1损失且在整个邻域内输出同一类别时，经验风险的全部最小化解恰为计数$n_c(x)$最大的类别。若最大计数并列，则每个并列类别都是风险最小化解。,证明目标是比较任意两个候选类别的经验风险。由上面的恒等式，对每个$c$都有$ R_x(c)=1-n_c(x)/k$。设$c_ $满足$n_c_ (x)= _c n_c(x)$，则任意$c$都满足$n_c_ (x) n_c(x)$。两边乘以负数$-1/k$会反转不等号，再加1得到 $ R_x(c_ )=1- n_c_ (x)k 1- n_c(x)k= R_x(c). $ 所以每个最大计数类别都是最小风险解。反过来，若某$c'$不是最大计数类别，则存在$c_ $使$n_c_ (x)>n_c'(x)$，从而$ R_x(c_ )< R_x(c')$，故$c'$不可能最优。两方向合并后，最小化解集合与最大计数类别集合完全相同，定理得证。,对任意非空有限邻域$N_k(x)$和有限类别集$ Y$，使用0--1损失且在整个邻域内输出同一类别时，经验风险的全部最小化解恰为计数$n_c(x)$最大的类别。若最大计数并列,每个并列类别都是风险最小化解。,低,陈述与证明结构基本完整,"1. 条件：对任意非空有限邻域$N_k(x)$和有限类别集$ Y$，使用0--1损失且在整个邻域内输出同一类别时，经验风险的全部最小化解恰为计数$n_c(x)$最大的类别。若最大计数并列
2. 结论：每个并列类别都是风险最小化解。
3. 证明起点：证明目标是比较任意两个候选类别的经验风险。
4. 逐步写明每个条件在何处被使用，等式变形前核对定义域/维数/正分母。
5. 用一个只破坏单一条件的反例说明边界；最后复述结论而不是只写“证毕”。",对任意非空有限邻域$N_k(x)$和有限类别集$\mathcal Y$，使用0--1损失且在整个邻域内输出同一类别时，经验风险的全部最小化解恰为计数$n_c(x)$最大的类别。若最大计数并列，则每个并列类别都是风险最小化解。,"证明目标是比较任意两个候选类别的经验风险。由上面的恒等式，对每个$c$都有$\widehat R_x(c)=1-n_c(x)/k$。设$c_\star$满足$n_{c_\star}(x)=\max_c n_c(x)$，则任意$c$都满足$n_{c_\star}(x)\ge n_c(x)$。两边乘以负数$-1/k$会反转不等号，再加1得到
\[
\widehat R_x(c_\star)=1-\frac{n_{c_\star}(x)}k
\le1-\frac{n_c(x)}k=\widehat R_x(c).
\]
所以每个最大计数类别都是最小风险解。反过来，若某$c'$不是最大计数类别，则存在$c_\star$使$n_{c_\star}(x)>n_{c'}(x)$，从而$\widehat R_x(c_\star)<\widehat R_x(c')$，故$c'$不可能最优。两方向合并后，最小化解集合与最大计数类别集合完全相同，定理得证。"
引理,kd树切分平面的安全剪枝,lem:V2-C02-kd-prune,13,法,kd树的构造,243,src/讲义源码/第02册_基础监督学习方法/chapters/V2-C02.tex,486,设大小为$k$的候选堆已经填满，堆顶第$k$近距离为$r_k$，且$1 p $。某切分平面为$z^(a)=s$，而待检查区域完全位于平面的另一侧。若$|x^(a)-s| r_k$，则该区域中不存在与$x$距离严格小于$r_k$的点。若还需按规则区分等距离候选，应在等号时访问该区域或证明并列规则与其无关；堆未满时不得剪去任何非空远侧区域。,"取另一侧区域任意点$z$。由于$x$与$z$位于切分平面的两侧，坐标差满足$|x^(a)-z^(a)| |x^(a)-s|$。当$p< $时， $ L_p(x,z)= ( _ =1^n|x^( )-z^( )|^p )^1/p |x^(a)-z^(a)| |x^(a)-s| r_k. $ $p= $时，最大坐标差同样不小于第$a$坐标差。故任何该区域点都不能进入距离严格小于$r_k$的候选集合，剪枝不会遗漏更优点。",设大小为$k$的候选堆已经填满，堆顶第$k$近距离为$r_k$，且$1 p $。某切分平面为$z^(a)=s$，而待检查区域完全位于平面的另一侧。若$|x^(a)-s| r_k$,该区域中不存在与$x$距离严格小于$r_k$的点。若还需按规则区分等距离候选，应在等号时访问该区域或证明并列规则与其无关；堆未满时不得剪去任何非空远侧区域。,中,符号密度高,"1. 条件：设大小为$k$的候选堆已经填满，堆顶第$k$近距离为$r_k$，且$1 p $。某切分平面为$z^(a)=s$，而待检查区域完全位于平面的另一侧。若$|x^(a)-s| r_k$
2. 结论：该区域中不存在与$x$距离严格小于$r_k$的点。若还需按规则区分等距离候选，应在等号时访问该区域或证明并列规则与其无关；堆未满时不得剪去任何非空远侧区域。
3. 证明起点：取另一侧区域任意点$z$。
4. 逐步写明每个条件在何处被使用，等式变形前核对定义域/维数/正分母。
5. 用一个只破坏单一条件的反例说明边界；最后复述结论而不是只写“证毕”。",设大小为$k$的候选堆已经填满，堆顶第$k$近距离为$r_k$，且$1\le p\le\infty$。某切分平面为$z^{(a)}=s$，而待检查区域完全位于平面的另一侧。若$|x^{(a)}-s|\ge r_k$，则该区域中不存在与$x$距离严格小于$r_k$的点。若还需按规则区分等距离候选，应在等号时访问该区域或证明并列规则与其无关；堆未满时不得剪去任何非空远侧区域。,"取另一侧区域任意点$z$。由于$x$与$z$位于切分平面的两侧，坐标差满足$|x^{(a)}-z^{(a)}|\ge|x^{(a)}-s|$。当$p<\infty$时，
\[
L_p(x,z)=\left(\sum_{\ell=1}^{n}|x^{(\ell)}-z^{(\ell)}|^p\right)^{1/p}
\ge |x^{(a)}-z^{(a)}|
\ge |x^{(a)}-s|\ge r_k.
\]
$p=\infty$时，最大坐标差同样不小于第$a$坐标差。故任何该区域点都不能进入距离严格小于$r_k$的候选集合，剪枝不会遗漏更优点。"
定义,朴素贝叶斯条件独立模型,,14,朴素贝叶斯法,生成式分类与条件独立,254,src/讲义源码/第02册_基础监督学习方法/chapters/V2-C03.tex,124,"若对每个类别$c_k$和输入$x=(x^(1), ,x^(n))$有 $ P(X=x Y=c_k)= _j=1^nP(X^(j)=x^(j) Y=c_k), $ 则称特征在给定类别后条件独立。配合$P(Y=c_k)$，得到朴素贝叶斯联合模型 $ P(X=x,Y=c_k)=P(Y=c_k) _j=1^nP(X^(j)=x^(j) Y=c_k). $",,"若对每个类别$c_k$和输入$x=(x^(1), ,x^(n))$有 $ P(X=x Y=c_k)= _j=1^nP(X^(j)=x^(j) Y=c_k), $","称特征在给定类别后条件独立。配合$P(Y=c_k)$，得到朴素贝叶斯联合模型 $ P(X=x,Y=c_k)=P(Y=c_k) _j=1^nP(X^(j)=x^(j) Y=c_k). $",低,陈述与证明结构基本完整,"1. 条件：若对每个类别$c_k$和输入$x=(x^(1), ,x^(n))$有 $ P(X=x Y=c_k)= _j=1^nP(X^(j)=x^(j) Y=c_k), $
2. 结论：称特征在给定类别后条件独立。配合$P(Y=c_k)$，得到朴素贝叶斯联合模型 $ P(X=x,Y=c_k)=P(Y=c_k) _j=1^nP(X^(j)=x^(j) Y=c_k). $
3. 证明起点：该条为定义或当前范围未提供证明。
4. 逐步写明每个条件在何处被使用，等式变形前核对定义域/维数/正分母。
5. 用一个只破坏单一条件的反例说明边界；最后复述结论而不是只写“证毕”。","若对每个类别$c_k$和输入$x=(x^{(1)},\ldots,x^{(n)})$有
\[
P(X=x\mid Y=c_k)=\prod_{j=1}^{n}P(X^{(j)}=x^{(j)}\mid Y=c_k),
\]
则称特征在给定类别后条件独立。配合$P(Y=c_k)$，得到朴素贝叶斯联合模型
\[
P(X=x,Y=c_k)=P(Y=c_k)\prod_{j=1}^{n}P(X^{(j)}=x^{(j)}\mid Y=c_k).
\]",
定理,后验最大化的Bayes最优性,thm:V2-C03-map,14,朴素贝叶斯法,朴素贝叶斯学习与分类,256,src/讲义源码/第02册_基础监督学习方法/chapters/V2-C03.tex,186,"本章统一用$ I\ \$表示指示函数。在$L(y,c)= I\y c\$下，对每个给定输入$x$，任何后验概率最大的类别都是条件风险最小的分类决定。","推导第1步：输出$c_r$的条件风险为 $ R(c_r x)= _k=1^KL(c_k,c_r)P(Y=c_k X=x). $ 推导第2步：$0$--$1$损失只在$k r$时为1，因此 $ R(c_r x)= _k rP(Y=c_k X=x) =1-P(Y=c_r X=x). $ 推导第3步：常数1与$r$无关，故最小化条件风险等价于最大化$P(Y=c_r X=x)$。若多个类别后验并列，它们具有相同的最小条件风险，需用预先约定规则处理并列。",见原陈述中的对象与前提,见原陈述中的结论,低,陈述与证明结构基本完整,"1. 条件：见原陈述中的对象与前提
2. 结论：见原陈述中的结论
3. 证明起点：推导第1步：输出$c_r$的条件风险为 $ R(c_r x)= _k=1^KL(c_k,c_r)P(Y=c_k X=x). $ 推导第2步：$0$--$1$损失只在$k r$时为1，因此 $ R(c_r x)= _k rP(Y=c_k X=x) =1-P(Y=c_r X=x). $ 推导第3步：常数1与$r$无关，故最小化条件风险等价于最大化$P(Y=c_r
4. 逐步写明每个条件在何处被使用，等式变形前核对定义域/维数/正分母。
5. 用一个只破坏单一条件的反例说明边界；最后复述结论而不是只写“证毕”。","本章统一用$\mathbb I\{\cdot\}$表示指示函数。在$L(y,c)=\mathbb I\{y\ne c\}$下，对每个给定输入$x$，任何后验概率最大的类别都是条件风险最小的分类决定。","\textbf{推导第1步：}输出$c_r$的条件风险为
\[
\mathcal R(c_r\mid x)=\sum_{k=1}^{K}L(c_k,c_r)P(Y=c_k\mid X=x).
\]
\textbf{推导第2步：}$0$--$1$损失只在$k\ne r$时为1，因此
\[
\mathcal R(c_r\mid x)=\sum_{k\ne r}P(Y=c_k\mid X=x)
=1-P(Y=c_r\mid X=x).
\]
\textbf{推导第3步：}常数1与$r$无关，故最小化条件风险等价于最大化$P(Y=c_r\mid X=x)$。若多个类别后验并列，它们具有相同的最小条件风险，需用预先约定规则处理并列。"
定理,对称平滑的概率合法性,,14,朴素贝叶斯法,极大似然参数估计,259,src/讲义源码/第02册_基础监督学习方法/chapters/V2-C03.tex,308,若$ >0$，则所有$ _k$与$ _jkl$严格为正，并分别对$k$和$l$求和为1。,"计数非负而$ >0$，故每个分子严格为正，分母也为正。又有$ _kN_k=N$，所以 $ _k _k=(N+K )/(N+K )=1$。固定$j,k$时，$ _lN_jkl=N_k$，因此 $ _l _jkl=(N_k+S_j )/(N_k+S_j )=1$。故这些量构成合法概率分布。",若$ >0$,所有$ _k$与$ _jkl$严格为正，并分别对$k$和$l$求和为1。,中,符号密度高,"1. 条件：若$ >0$
2. 结论：所有$ _k$与$ _jkl$严格为正，并分别对$k$和$l$求和为1。
3. 证明起点：计数非负而$ >0$，故每个分子严格为正，分母也为正。
4. 逐步写明每个条件在何处被使用，等式变形前核对定义域/维数/正分母。
5. 用一个只破坏单一条件的反例说明边界；最后复述结论而不是只写“证毕”。",若$\lambda>0$，则所有$\widetilde\pi_k$与$\widetilde\theta_{jkl}$严格为正，并分别对$k$和$l$求和为1。,"计数非负而$\lambda>0$，故每个分子严格为正，分母也为正。又有$\sum_kN_k=N$，所以
$\sum_k\widetilde\pi_k=(N+K\lambda)/(N+K\lambda)=1$。固定$j,k$时，$\sum_lN_{jkl}=N_k$，因此
$\sum_l\widetilde\theta_{jkl}=(N_k+S_j\lambda)/(N_k+S_j\lambda)=1$。故这些量构成合法概率分布。"
定义,分类决策树,,15,决策树,树模型与条件概率分布,273,src/讲义源码/第02册_基础监督学习方法/chapters/V2-C04.tex,131,分类决策树是由有向边连接的树形分类模型。内部结点对应一个特征或属性测试，出边对应测试结果，叶结点对应一个类别或类别概率分布。从根结点到任一叶结点的路径定义一个特征条件的合取。,,见原陈述中的对象与前提,见原陈述中的结论,低,陈述与证明结构基本完整,"1. 条件：见原陈述中的对象与前提
2. 结论：见原陈述中的结论
3. 证明起点：该条为定义或当前范围未提供证明。
4. 逐步写明每个条件在何处被使用，等式变形前核对定义域/维数/正分母。
5. 用一个只破坏单一条件的反例说明边界；最后复述结论而不是只写“证毕”。",分类决策树是由有向边连接的树形分类模型。内部结点对应一个特征或属性测试，出边对应测试结果，叶结点对应一个类别或类别概率分布。从根结点到任一叶结点的路径定义一个特征条件的合取。,
定理,经验信息增益的非负性,thm:V2-C04-gain-nonnegative,15,决策树,熵、信息增益与信息增益比,276,src/讲义源码/第02册_基础监督学习方法/chapters/V2-C04.tex,271,"对当前结点上的任意离散特征$A$与类别$Y$，有$g(D,A) 0$。等号成立当且仅当经验联合分布中$A$与$Y$独立，即每个非空特征取值组的类别比例都与父结点相同。","令$p_ik=|D_ik|/|D|$、$p_i=|D_i|/|D|$、$q_k=|C_k|/|D|$。把熵差展开并合并同类项可写成 $ g(D,A)= _i,k:p_ik>0p_ik _2 p_ikp_iq_k. $ 令$r_ik=p_iq_k$。对自然对数使用$- u 1-u$，并取$u=r_ik/p_ik$，得到 $ _i,kp_ik p_ikr_ik _i,k(p_ik-r_ik)=1-1=0. $ 换底只乘以正数$1/ 2$，所以$g(D,A) 0$。等号要求每个正概率项满足$r_ik/p_ik=1$，即$p_ik=p_iq_k$；这正是经验独立性。反过来，若经验独立，则每个对数比为零，信息增益也为零。",见原陈述中的对象与前提,见原陈述中的结论,中,符号密度高；证明路线提示不足,"1. 条件：见原陈述中的对象与前提
2. 结论：见原陈述中的结论
3. 证明起点：令$p_ik=|D_ik|/|D|$、$p_i=|D_i|/|D|$、$q_k=|C_k|/|D|$。
4. 逐步写明每个条件在何处被使用，等式变形前核对定义域/维数/正分母。
5. 用一个只破坏单一条件的反例说明边界；最后复述结论而不是只写“证毕”。","对当前结点上的任意离散特征$A$与类别$Y$，有$g(D,A)\ge0$。等号成立当且仅当经验联合分布中$A$与$Y$独立，即每个非空特征取值组的类别比例都与父结点相同。","令$p_{ik}=|D_{ik}|/|D|$、$p_i=|D_i|/|D|$、$q_k=|C_k|/|D|$。把熵差展开并合并同类项可写成
\[
g(D,A)=\sum_{i,k:p_{ik}>0}p_{ik}\log_2\frac{p_{ik}}{p_iq_k}.
\]
令$r_{ik}=p_iq_k$。对自然对数使用$-\ln u\ge1-u$，并取$u=r_{ik}/p_{ik}$，得到
\[
\sum_{i,k}p_{ik}\ln\frac{p_{ik}}{r_{ik}}
\ge\sum_{i,k}(p_{ik}-r_{ik})=1-1=0.
\]
换底只乘以正数$1/\ln2$，所以$g(D,A)\ge0$。等号要求每个正概率项满足$r_{ik}/p_{ik}=1$，即$p_{ik}=p_iq_k$；这正是经验独立性。反过来，若经验独立，则每个对数比为零，信息增益也为零。"
定理,平方误差叶结点的最优常数,thm:V2-C04-leaf-mean,15,决策树,ID3与C4.5生成算法,284,src/讲义源码/第02册_基础监督学习方法/chapters/V2-C04.tex,623,"给定非空叶区域$R$及其中响应$y_1, ,y_m$，函数$Q(c)= _i=1^m(y_i-c)^2$的唯一最小点为样本均值$ y=m^-1 _i y_i$。",对任意$c$，写$y_i-c=(y_i- y)+( y-c)$。展开平方和得 $ Q(c)= _i(y_i- y)^2+2( y-c) _i(y_i- y)+m( y-c)^2. $ 由均值定义，$ _i(y_i- y)=0$，所以中间项为零。第一项与$c$无关，第三项非负且仅在$c= y$时为零。因此$ y$取得唯一最小值。,见原陈述中的对象与前提,见原陈述中的结论,中,符号密度高,"1. 条件：见原陈述中的对象与前提
2. 结论：见原陈述中的结论
3. 证明起点：对任意$c$，写$y_i-c=(y_i- y)+( y-c)$。
4. 逐步写明每个条件在何处被使用，等式变形前核对定义域/维数/正分母。
5. 用一个只破坏单一条件的反例说明边界；最后复述结论而不是只写“证毕”。","给定非空叶区域$R$及其中响应$y_1,\ldots,y_m$，函数$Q(c)=\sum_{i=1}^{m}(y_i-c)^2$的唯一最小点为样本均值$\bar y=m^{-1}\sum_i y_i$。","对任意$c$，写$y_i-c=(y_i-\bar y)+(\bar y-c)$。展开平方和得
\[
Q(c)=\sum_i(y_i-\bar y)^2+2(\bar y-c)\sum_i(y_i-\bar y)+m(\bar y-c)^2.
\]
由均值定义，$\sum_i(y_i-\bar y)=0$，所以中间项为零。第一项与$c$无关，第三项非负且仅在$c=\bar y$时为零。因此$\bar y$取得唯一最小值。"
定义,逻辑斯谛分布,def:V2-C05-logistic-distribution,16,逻辑斯谛回归,二项逻辑斯谛模型,299,src/讲义源码/第02册_基础监督学习方法/chapters/V2-C05.tex,142,"设连续随机变量$U$的分布函数和密度函数分别为 $ F(u)= 11+ , f(u)= \1+ \^2, $ 其中$ R$是位置参数，$ >0$是尺度参数，则称$U$服从逻辑斯谛分布。",,"设连续随机变量$U$的分布函数和密度函数分别为 $ F(u)= 11+ , f(u)= \1+ \^2, $ 其中$ R$是位置参数，$ >0$是尺度参数",称$U$服从逻辑斯谛分布。,中,符号密度高,"1. 条件：设连续随机变量$U$的分布函数和密度函数分别为 $ F(u)= 11+ , f(u)= \1+ \^2, $ 其中$ R$是位置参数，$ >0$是尺度参数
2. 结论：称$U$服从逻辑斯谛分布。
3. 证明起点：该条为定义或当前范围未提供证明。
4. 逐步写明每个条件在何处被使用，等式变形前核对定义域/维数/正分母。
5. 用一个只破坏单一条件的反例说明边界；最后复述结论而不是只写“证毕”。","设连续随机变量$U$的分布函数和密度函数分别为
\[
F(u)=\frac{1}{1+\exp[-(u-\mu)/\gamma]},\qquad
f(u)=\frac{\exp[-(u-\mu)/\gamma]}
{\gamma\{1+\exp[-(u-\mu)/\gamma]\}^{2}},
\]
其中$\mu\in\mathbb R$是位置参数，$\gamma>0$是尺度参数，则称$U$服从逻辑斯谛分布。",
定义,二项逻辑斯谛回归,def:V2-C05-binary-logistic,16,逻辑斯谛回归,二项逻辑斯谛模型,299,src/讲义源码/第02册_基础监督学习方法/chapters/V2-C05.tex,176,"对$x R^d$和$Y \0,1\$，二项逻辑斯谛回归规定 $ P(Y=1 x)= (w^Tx+b)1+ (w^Tx+b), P(Y=0 x)= 11+ (w^Tx+b). $ 若令$ x=(x^T,1)^T$、$ w=(w^T,b)^T$，则两式可统一写成 $ P(Y=1 x)= ( w^T x) 1+ ( w^T x), P(Y=0 x)= 11+ ( w^T x). $",,"对$x R^d$和$Y \0,1\$，二项逻辑斯谛回归规定 $ P(Y=1 x)= (w^Tx+b)1+ (w^Tx+b), P(Y=0 x)= 11+ (w^Tx+b). $ 若令$ x=(x^T,1)^T$、$ w=(w^T,b)^T$","两式可统一写成 $ P(Y=1 x)= ( w^T x) 1+ ( w^T x), P(Y=0 x)= 11+ ( w^T x). $",中,符号密度高,"1. 条件：对$x R^d$和$Y \0,1\$，二项逻辑斯谛回归规定 $ P(Y=1 x)= (w^Tx+b)1+ (w^Tx+b), P(Y=0 x)= 11+ (w^Tx+b). $ 若令$ x=(x^T,1)^T$、$ w=(w^T,b)^T$
2. 结论：两式可统一写成 $ P(Y=1 x)= ( w^T x) 1+ ( w^T x), P(Y=0 x)= 11+ ( w^T x). $
3. 证明起点：该条为定义或当前范围未提供证明。
4. 逐步写明每个条件在何处被使用，等式变形前核对定义域/维数/正分母。
5. 用一个只破坏单一条件的反例说明边界；最后复述结论而不是只写“证毕”。","对$x\in\mathbb R^d$和$Y\in\{0,1\}$，二项逻辑斯谛回归规定
\[
P(Y=1\mid x)=\frac{\exp(w^Tx+b)}{1+\exp(w^Tx+b)},\qquad
P(Y=0\mid x)=\frac{1}{1+\exp(w^Tx+b)}.
\]
若令$\widetilde x=(x^T,1)^T$、$\widetilde w=(w^T,b)^T$，则两式可统一写成
\[
P(Y=1\mid x)=\frac{\exp(\widetilde w^T\widetilde x)}
{1+\exp(\widetilde w^T\widetilde x)},\qquad
P(Y=0\mid x)=\frac{1}{1+\exp(\widetilde w^T\widetilde x)}.
\]",
定理,概率映射与线性分界,thm:V2-C05-sigmoid,16,逻辑斯谛回归,几率、对数几率与概率解释,301,src/讲义源码/第02册_基础监督学习方法/chapters/V2-C05.tex,207,"逻辑斯谛函数$ (z)=1/(1+e^-z)$严格递增，且$ (-z)=1- (z)$。对任意阈值$ (0,1)$，条件$ (w^Tx+b) $等价于 $ w^Tx+b 1- . $ 若$w 0$，因而二项逻辑斯谛回归在原特征空间中的阈值分界是一个余维为$1$的超平面。若$w=0$，分类器为常值：严格不等式对应的决策区域只能是全空间或空集；恰有$b= $时，等式在全空间成立，不能称作通常意义的分界超平面。",求导得$ '(z)= (z)[1- (z)]$。对有限$z$有$0< (z)<1$，故导数为正，函数严格递增。又有 $ (-z)= 11+e^z=1- e^z1+e^z=1- (z). $ 由$ (z)= $解得$e^z= /(1- )$，取对数得到$z= $。严格单调性保持不等号方向。代入$z=w^Tx+b$后，$w 0$时得到半空间及其边界超平面；$w=0$时则直接得到上述常值分类器的三种退化情形。,见原陈述中的对象与前提,见原陈述中的结论,中,符号密度高,"1. 条件：见原陈述中的对象与前提
2. 结论：见原陈述中的结论
3. 证明起点：求导得$ '(z)= (z)[1- (z)]$。
4. 逐步写明每个条件在何处被使用，等式变形前核对定义域/维数/正分母。
5. 用一个只破坏单一条件的反例说明边界；最后复述结论而不是只写“证毕”。","逻辑斯谛函数$\sigma(z)=1/(1+e^{-z})$严格递增，且$\sigma(-z)=1-\sigma(z)$。对任意阈值$\tau\in(0,1)$，条件$\sigma(w^Tx+b)\geq\tau$等价于
\[
w^Tx+b\geq\log\frac{\tau}{1-\tau}.
\]
若$w\ne0$，因而二项逻辑斯谛回归在原特征空间中的阈值分界是一个余维为$1$的超平面。若$w=0$，分类器为常值：严格不等式对应的决策区域只能是全空间或空集；恰有$b=\log[\tau/(1-\tau)]$时，等式在全空间成立，不能称作通常意义的分界超平面。","求导得$\sigma'(z)=\sigma(z)[1-\sigma(z)]$。对有限$z$有$0<\sigma(z)<1$，故导数为正，函数严格递增。又有
\[
\sigma(-z)=\frac{1}{1+e^z}=1-\frac{e^z}{1+e^z}=1-\sigma(z).
\]
由$\sigma(z)=\tau$解得$e^z=\tau/(1-\tau)$，取对数得到$z=\log[\tau/(1-\tau)]$。严格单调性保持不等号方向。代入$z=w^Tx+b$后，$w\ne0$时得到半空间及其边界超平面；$w=0$时则直接得到上述常值分类器的三种退化情形。"
定理,负对数似然的凸性,thm:V2-C05-convexity,16,逻辑斯谛回归,极大似然与梯度推导,304,src/讲义源码/第02册_基础监督学习方法/chapters/V2-C05.tex,307,"二项逻辑斯谛回归的负对数似然$J_0$关于$w$是凸函数。若对所有非零向量$v$都有某个样本满足$x_i^Tv 0$且其$p_i (0,1)$，则Hessian正定，$J_0$严格凸；加入覆盖相应方向的正定二次惩罚也可得到严格凸性。",任取$v R^d$，由Hessian的求和表示有 $ v^T ^2J_0(w)v = _i=1^Np_i(1-p_i)(x_i^Tv)^2 0. $ 所以Hessian半正定，$J_0$为凸函数。若$v 0$时至少一个非零平方项具有正权重，则二次型严格为正，Hessian正定。加入二次惩罚后，二次型再增加$ v^TRv$；当数据项与惩罚项的零空间只有零向量时，和矩阵正定。严格凸性保证至多一个有限极小点，但完全分离时未惩罚似然可能只在参数趋于无穷时逼近下确界，不能把凸性误解为有限最优解必然存在。,"二项逻辑斯谛回归的负对数似然$J_0$关于$w$是凸函数。若对所有非零向量$v$都有某个样本满足$x_i^Tv 0$且其$p_i (0,1)$",Hessian正定，$J_0$严格凸；加入覆盖相应方向的正定二次惩罚也可得到严格凸性。,中,符号密度高,"1. 条件：二项逻辑斯谛回归的负对数似然$J_0$关于$w$是凸函数。若对所有非零向量$v$都有某个样本满足$x_i^Tv 0$且其$p_i (0,1)$
2. 结论：Hessian正定，$J_0$严格凸；加入覆盖相应方向的正定二次惩罚也可得到严格凸性。
3. 证明起点：任取$v R^d$，由Hessian的求和表示有 $ v^T ^2J_0(w)v = _i=1^Np_i(1-p_i)(x_i^Tv)^2 0. $ 所以Hessian半正定，$J_0$为凸函数。
4. 逐步写明每个条件在何处被使用，等式变形前核对定义域/维数/正分母。
5. 用一个只破坏单一条件的反例说明边界；最后复述结论而不是只写“证毕”。","二项逻辑斯谛回归的负对数似然$J_0$关于$w$是凸函数。若对所有非零向量$v$都有某个样本满足$x_i^Tv\neq0$且其$p_i\in(0,1)$，则Hessian正定，$J_0$严格凸；加入覆盖相应方向的正定二次惩罚也可得到严格凸性。","任取$v\in\mathbb R^d$，由Hessian的求和表示有
\[
v^T\nabla^2J_0(w)v
=\sum_{i=1}^{N}p_i(1-p_i)(x_i^Tv)^2\geq0.
\]
所以Hessian半正定，$J_0$为凸函数。若$v\neq0$时至少一个非零平方项具有正权重，则二次型严格为正，Hessian正定。加入二次惩罚后，二次型再增加$\lambda v^TRv$；当数据项与惩罚项的零空间只有零向量时，和矩阵正定。严格凸性保证至多一个有限极小点，但完全分离时未惩罚似然可能只在参数趋于无穷时逼近下确界，不能把凸性误解为有限最优解必然存在。"
定理,$L_2$正则化下有限解的充分条件,thm:V2-C05-regularized-existence,16,逻辑斯谛回归,极大似然与梯度推导,305,src/讲义源码/第02册_基础监督学习方法/chapters/V2-C05.tex,325,令$ y_i=2y_i-1$，$ >0$且$R 0$。若每个非零未惩罚方向$v R$都不是弱分离方向，即总存在某个$i$使$ y_i x_i^Tv<0$，则$J_ $在有限参数处达到最小值。特别地，$R 0$是充分条件；若只把截距留在$ R$中，则还需训练数据两类均非空。若存在非零$v R$使$ y_i x_i^Tv 0$对全部$i$成立且至少一处严格，则正则项不惩罚该分离方向，有限极小点不由“加入$L_2$”自动保证。,在$range(R)$上，二次项随参数范数增长而增长。沿$ R$中的任一非零方向，非弱分离条件保证至少一个样本的逻辑损失沿该方向线性增大；对相反方向应用同一条件，两个无界方向都被排除。因此$J_ $的下水平集有界；连续函数在闭有界下水平集上达到最小值。若存在未惩罚弱分离方向，则沿该方向正则项不变而似然项不增加，严格分离样本的损失还趋于0，故不能由正则项推出有限达到性。截距是唯一未惩罚坐标时，两类均非空恰好排除截距单独把全部样本同向分离。,令$ y_i=2y_i-1$，$ >0$且$R 0$。若每个非零未惩罚方向$v R$都不是弱分离方向，即总存在某个$i$使$ y_i x_i^Tv<0$,$J_ $在有限参数处达到最小值。特别地，$R 0$是充分条件；若只把截距留在$ R$中，则还需训练数据两类均非空。若存在非零$v R$使$ y_i x_i^Tv 0$对全部$i$成立且至少一处严格，则正则项不惩罚该分离方向，有限极小点不由“加入$L_2$”自动保证。,中,符号密度高,"1. 条件：令$ y_i=2y_i-1$，$ >0$且$R 0$。若每个非零未惩罚方向$v R$都不是弱分离方向，即总存在某个$i$使$ y_i x_i^Tv<0$
2. 结论：$J_ $在有限参数处达到最小值。特别地，$R 0$是充分条件；若只把截距留在$ R$中，则还需训练数据两类均非空。若存在非零$v R$使$ y_i x_i^Tv 0$对全部$i$成立且至少一处严格，则正则项不惩罚该分离方向，有限极小点不由“加入$L_2$”自动保证。
3. 证明起点：在$range(R)$上，二次项随参数范数增长而增长。
4. 逐步写明每个条件在何处被使用，等式变形前核对定义域/维数/正分母。
5. 用一个只破坏单一条件的反例说明边界；最后复述结论而不是只写“证毕”。",令$\widetilde y_i=2y_i-1$，$\lambda>0$且$R\succeq0$。若每个非零未惩罚方向$v\in\ker R$都不是弱分离方向，即总存在某个$i$使$\widetilde y_i x_i^Tv<0$，则$J_\lambda$在有限参数处达到最小值。特别地，$R\succ0$是充分条件；若只把截距留在$\ker R$中，则还需训练数据两类均非空。若存在非零$v\in\ker R$使$\widetilde y_i x_i^Tv\geq0$对全部$i$成立且至少一处严格，则正则项不惩罚该分离方向，有限极小点不由“加入$L_2$”自动保证。,在$\operatorname{range}(R)$上，二次项随参数范数增长而增长。沿$\ker R$中的任一非零方向，非弱分离条件保证至少一个样本的逻辑损失沿该方向线性增大；对相反方向应用同一条件，两个无界方向都被排除。因此$J_\lambda$的下水平集有界；连续函数在闭有界下水平集上达到最小值。若存在未惩罚弱分离方向，则沿该方向正则项不变而似然项不增加，严格分离样本的损失还趋于0，故不能由正则项推出有限达到性。截距是唯一未惩罚坐标时，两类均非空恰好排除截距单独把全部样本同向分离。
定义,最大熵原理,def:V3-C01-maxent-principle,17,最大熵模型,最大熵原理,319,src/讲义源码/第03册_优化模型与序列模型/chapters/V3-C01.tex,122,"设$ C$是由已知线性约束和概率归一化约束确定的非空分布集合。最大熵原理在$ C$中选择 $ P^ _P CH(P), H(P)=- _zP(z) P(z). $ 若目标严格凹且可行集合为凸集，则最优分布唯一。",,"设$ C$是由已知线性约束和概率归一化约束确定的非空分布集合。最大熵原理在$ C$中选择 $ P^ _P CH(P), H(P)=- _zP(z) P(z). $ 若目标严格凹且可行集合为凸集",最优分布唯一。,中,符号密度高,"1. 条件：设$ C$是由已知线性约束和概率归一化约束确定的非空分布集合。最大熵原理在$ C$中选择 $ P^ _P CH(P), H(P)=- _zP(z) P(z). $ 若目标严格凹且可行集合为凸集
2. 结论：最优分布唯一。
3. 证明起点：该条为定义或当前范围未提供证明。
4. 逐步写明每个条件在何处被使用，等式变形前核对定义域/维数/正分母。
5. 用一个只破坏单一条件的反例说明边界；最后复述结论而不是只写“证毕”。","设$\mathcal C$是由已知线性约束和概率归一化约束确定的非空分布集合。最大熵原理在$\mathcal C$中选择
\[
P^\star\in\arg\max_{P\in\mathcal C}H(P),
\qquad H(P)=-\sum_zP(z)\log P(z).
\]
若目标严格凹且可行集合为凸集，则最优分布唯一。",
定理,最大熵模型的指数形式,thm:V3-C01-exponential-form,17,最大熵模型,最大熵原理,321,src/讲义源码/第03册_优化模型与序列模型/chapters/V3-C01.tex,182,若期望约束可行，且最优解位于相关概率单纯形的相对内部，则存在参数$w R^n$，使最大熵模型具有本节给出的指数族形式。反过来，若某个$P_w$满足全部期望约束，则它是条件熵最大化问题的全局最优解。,前半部分由拉格朗日驻点方程和归一化推导得到。对后半部分，$-H(P)$在概率单纯形上为凸函数，期望约束是仿射等式；因此满足原始可行性、驻点条件和乘子条件的点满足凸问题的KKT条件。凸问题的KKT点是全局极小点$-H(P)$，也就是全局最大点$H(P)$。若在有效方向上条件熵严格凹，则对应的条件分布唯一。至此两方向均成立。,若期望约束可行，且最优解位于相关概率单纯形的相对内部,存在参数$w R^n$，使最大熵模型具有本节给出的指数族形式。反过来，若某个$P_w$满足全部期望约束，则它是条件熵最大化问题的全局最优解。,低,陈述与证明结构基本完整,"1. 条件：若期望约束可行，且最优解位于相关概率单纯形的相对内部
2. 结论：存在参数$w R^n$，使最大熵模型具有本节给出的指数族形式。反过来，若某个$P_w$满足全部期望约束，则它是条件熵最大化问题的全局最优解。
3. 证明起点：前半部分由拉格朗日驻点方程和归一化推导得到。
4. 逐步写明每个条件在何处被使用，等式变形前核对定义域/维数/正分母。
5. 用一个只破坏单一条件的反例说明边界；最后复述结论而不是只写“证毕”。",若期望约束可行，且最优解位于相关概率单纯形的相对内部，则存在参数$w\in\mathbb R^n$，使最大熵模型具有本节给出的指数族形式。反过来，若某个$P_w$满足全部期望约束，则它是条件熵最大化问题的全局最优解。,前半部分由拉格朗日驻点方程和归一化推导得到。对后半部分，$-H(P)$在概率单纯形上为凸函数，期望约束是仿射等式；因此满足原始可行性、驻点条件和乘子条件的点满足凸问题的KKT条件。凸问题的KKT点是全局极小点$-H(P)$，也就是全局最大点$H(P)$。若在有效方向上条件熵严格凹，则对应的条件分布唯一。至此两方向均成立。
定义,条件最大熵模型,def:V3-C01-conditional-maxent,17,最大熵模型,最大熵模型的定义,323,src/讲义源码/第03册_优化模型与序列模型/chapters/V3-C01.tex,299,"设 $ C= \P:\ E_P(f_i)= E(f_i),\ i=1, ,n,\ _y YP(y x)=1,\ P(y x) 0 \. $ 条件熵定义为 $ H(P)=- _x,y P(x)P(y x) P(y x). $ 若$ C$非空，则在$ C$中使$H(P)$最大的条件分布称为最大熵模型。",,"设 $ C= \P:\ E_P(f_i)= E(f_i),\ i=1, ,n,\ _y YP(y x)=1,\ P(y x) 0 \. $ 条件熵定义为 $ H(P)=- _x,y P(x)P(y x) P(y x). $ 若$ C$非空",在$ C$中使$H(P)$最大的条件分布称为最大熵模型。,中,符号密度高,"1. 条件：设 $ C= \P:\ E_P(f_i)= E(f_i),\ i=1, ,n,\ _y YP(y x)=1,\ P(y x) 0 \. $ 条件熵定义为 $ H(P)=- _x,y P(x)P(y x) P(y x). $ 若$ C$非空
2. 结论：在$ C$中使$H(P)$最大的条件分布称为最大熵模型。
3. 证明起点：该条为定义或当前范围未提供证明。
4. 逐步写明每个条件在何处被使用，等式变形前核对定义域/维数/正分母。
5. 用一个只破坏单一条件的反例说明边界；最后复述结论而不是只写“证毕”。","设
\[
\mathcal C=\left\{P:\ E_P(f_i)=\widetilde E(f_i),\ i=1,\ldots,n,\
\sum_{y\in\mathcal Y}P(y\mid x)=1,\ P(y\mid x)\geq0\right\}.
\]
条件熵定义为
\[
H(P)=-\sum_{x,y}\widetilde P(x)P(y\mid x)\log P(y\mid x).
\]
若$\mathcal C$非空，则在$\mathcal C$中使$H(P)$最大的条件分布称为最大熵模型。",
定义,线性可分支持向量机,def:V3-C02-hard-svm,18,支持向量机,线性可分支持向量机,344,src/讲义源码/第03册_优化模型与序列模型/chapters/V3-C02.tex,141,"对线性可分训练集，通过硬间隔最大化求得$(w^ ,b^ )$后， $ w^ Tx+b^ =0, f(x)=sign(w^ Tx+b^ ) $ 分别称为最大间隔分离超平面与线性可分支持向量机。",,见原陈述中的对象与前提,见原陈述中的结论,中,符号密度高,"1. 条件：见原陈述中的对象与前提
2. 结论：见原陈述中的结论
3. 证明起点：该条为定义或当前范围未提供证明。
4. 逐步写明每个条件在何处被使用，等式变形前核对定义域/维数/正分母。
5. 用一个只破坏单一条件的反例说明边界；最后复述结论而不是只写“证毕”。","对线性可分训练集，通过硬间隔最大化求得$(w^\star,b^\star)$后，
\[
w^{\star T}x+b^\star=0,\qquad
f(x)=\operatorname{sign}(w^{\star T}x+b^\star)
\]
分别称为最大间隔分离超平面与线性可分支持向量机。",
定义,函数间隔,def:V3-C02-functional-margin,18,支持向量机,超平面、函数间隔与几何间隔,345,src/讲义源码/第03册_优化模型与序列模型/chapters/V3-C02.tex,169,"样本$(x_i,y_i)$关于超平面$(w,b)$的函数间隔为 $ _i=y_i(w^Tx_i+b), $ 训练集的函数间隔为$ = _i _i$。",,见原陈述中的对象与前提,见原陈述中的结论,低,陈述与证明结构基本完整,"1. 条件：见原陈述中的对象与前提
2. 结论：见原陈述中的结论
3. 证明起点：该条为定义或当前范围未提供证明。
4. 逐步写明每个条件在何处被使用，等式变形前核对定义域/维数/正分母。
5. 用一个只破坏单一条件的反例说明边界；最后复述结论而不是只写“证毕”。","样本$(x_i,y_i)$关于超平面$(w,b)$的函数间隔为
\[
\widehat\gamma_i=y_i(w^Tx_i+b),
\]
训练集的函数间隔为$\widehat\gamma=\min_i\widehat\gamma_i$。",
定义,几何间隔,def:V3-C02-geometric-margin,18,支持向量机,超平面、函数间隔与几何间隔,345,src/讲义源码/第03册_优化模型与序列模型/chapters/V3-C02.tex,183,"当$w 0$时，样本和训练集的几何间隔分别为 $ _i= y_i(w^Tx_i+b) w _2, = _i _i. $ 正确分类时$ _i$等于样本到超平面的距离。",,见原陈述中的对象与前提,见原陈述中的结论,中,符号密度高,"1. 条件：见原陈述中的对象与前提
2. 结论：见原陈述中的结论
3. 证明起点：该条为定义或当前范围未提供证明。
4. 逐步写明每个条件在何处被使用，等式变形前核对定义域/维数/正分母。
5. 用一个只破坏单一条件的反例说明边界；最后复述结论而不是只写“证毕”。","当$w\neq0$时，样本和训练集的几何间隔分别为
\[
\gamma_i=\frac{y_i(w^Tx_i+b)}{\lVert w\rVert_2},
\qquad
\gamma=\min_i\gamma_i.
\]
正确分类时$\gamma_i$等于样本到超平面的距离。",
定理,最大间隔超平面的存在唯一性,thm:V3-C02-hard-unique,18,支持向量机,硬间隔最大化与原始问题,346,src/讲义源码/第03册_优化模型与序列模型/chapters/V3-C02.tex,246,若训练集中两类样本均非空且线性可分，则硬间隔问题存在最优解；最优法向量$w^ $唯一，最大间隔分离超平面也唯一。,"线性可分性给出严格分离的$( w, b)$；按最小函数间隔的倒数作正比例缩放，便得到满足规范约束的可行点。取一个目标有界的最小化序列$(w_n,b_n)$。由$\|w_n\|^2/2$有界可知$w_n$有界。任选正类样本$x_+$和负类样本$x_-$，可行性分别给出 $ b_n 1-w_n^Tx_+, b_n -1-w_n^Tx_-. $ 右端随有界的$w_n$保持有界，故$b_n$也有界。于是$(w_n,b_n)$存在收敛子列；仿射不等式定义的可行集闭，极限仍可行且由目标连续性达到下确界，因此最优解存在。 若有两个不同最优法向量$w_1,w_2$，取相应$b_1,b_2$，二者的平均仍可行；平方范数严格凸给出 $ \| w_1+w_22 \|^2 < w_1 ^2+ w_2 ^22, $ 与二者最优矛盾，故最优法向量只能是同一个$w^ $。固定它以后，全部规范约束等价于 $ L:= _i:y_i=1(1-w^ Tx_i) b U:= _i:y_i=-1(-1-w^ Tx_i). $ 若$L<U$，取$b_0=(L+U)/2$和$ =(U-L)/2>0$，则所有样本都满足 $y_i(w^ Tx_i+b_0) 1+ $。把$(w^ ,b_0)$同乘$(1+ )^-1$仍满足规范约束，却把目标严格降为$\|w^ \|^2/[2(1+ )^2]$，与最优性矛盾。故$L=U$且$b^ =L=U$唯一；因此最大间隔分离超平面唯一。",若训练集中两类样本均非空且线性可分,硬间隔问题存在最优解；最优法向量$w^ $唯一，最大间隔分离超平面也唯一。,低,陈述与证明结构基本完整,"1. 条件：若训练集中两类样本均非空且线性可分
2. 结论：硬间隔问题存在最优解；最优法向量$w^ $唯一，最大间隔分离超平面也唯一。
3. 证明起点：线性可分性给出严格分离的$( w, b)$；
4. 逐步写明每个条件在何处被使用，等式变形前核对定义域/维数/正分母。
5. 用一个只破坏单一条件的反例说明边界；最后复述结论而不是只写“证毕”。",若训练集中两类样本均非空且线性可分，则硬间隔问题存在最优解；最优法向量$w^\star$唯一，最大间隔分离超平面也唯一。,"线性可分性给出严格分离的$(\widetilde w,\widetilde b)$；按最小函数间隔的倒数作正比例缩放，便得到满足规范约束的可行点。取一个目标有界的最小化序列$(w_n,b_n)$。由$\|w_n\|^2/2$有界可知$w_n$有界。任选正类样本$x_+$和负类样本$x_-$，可行性分别给出
\[
b_n\geq 1-w_n^Tx_+,
\qquad
b_n\leq -1-w_n^Tx_-.
\]
右端随有界的$w_n$保持有界，故$b_n$也有界。于是$(w_n,b_n)$存在收敛子列；仿射不等式定义的可行集闭，极限仍可行且由目标连续性达到下确界，因此最优解存在。

若有两个不同最优法向量$w_1,w_2$，取相应$b_1,b_2$，二者的平均仍可行；平方范数严格凸给出
\[
\left\|\frac{w_1+w_2}{2}\right\|^2
<\frac{\lVert w_1\rVert^2+\lVert w_2\rVert^2}{2},
\]
与二者最优矛盾，故最优法向量只能是同一个$w^\star$。固定它以后，全部规范约束等价于
\[
L:=\max_{i:y_i=1}(1-w^{\star T}x_i)\leq b
\leq U:=\min_{i:y_i=-1}(-1-w^{\star T}x_i).
\]
若$L<U$，取$b_0=(L+U)/2$和$\delta=(U-L)/2>0$，则所有样本都满足
$y_i(w^{\star T}x_i+b_0)\geq1+\delta$。把$(w^\star,b_0)$同乘$(1+\delta)^{-1}$仍满足规范约束，却把目标严格降为$\|w^\star\|^2/[2(1+\delta)^2]$，与最优性矛盾。故$L=U$且$b^\star=L=U$唯一；因此最大间隔分离超平面唯一。"
定理,由硬间隔对偶解恢复分类器,thm:V3-C02-dual-recovery,18,支持向量机,拉格朗日对偶、KKT与支持向量,348,src/讲义源码/第03册_优化模型与序列模型/chapters/V3-C02.tex,346,"设$ ^ $是对偶最优解，取任意$ _j^ >0$，则 $ w^ = _i _i^ y_ix_i, b^ =y_j- _i _i^ y_i x_i^Tx_j. $",强对偶使KKT条件成立。驻点条件给出$w^ $展开式；互补松弛 $ _j^ =0$与$ _j^ >0$共同给出 $y_j(w^ Tx_j+b^ )=1$。利用$y_j^2=1$解出$b^ $并代入$w^ $展开，便得到结论。,设$ ^ $是对偶最优解，取任意$ _j^ >0$,"$ w^ = _i _i^ y_ix_i, b^ =y_j- _i _i^ y_i x_i^Tx_j. $",中,符号密度高；证明路线提示不足,"1. 条件：设$ ^ $是对偶最优解，取任意$ _j^ >0$
2. 结论：$ w^ = _i _i^ y_ix_i, b^ =y_j- _i _i^ y_i x_i^Tx_j. $
3. 证明起点：强对偶使KKT条件成立。
4. 逐步写明每个条件在何处被使用，等式变形前核对定义域/维数/正分母。
5. 用一个只破坏单一条件的反例说明边界；最后复述结论而不是只写“证毕”。","设$\alpha^\star$是对偶最优解，取任意$\alpha_j^\star>0$，则
\[
w^\star=\sum_i\alpha_i^\star y_ix_i,\qquad
b^\star=y_j-\sum_i\alpha_i^\star y_i x_i^Tx_j.
\]","强对偶使KKT条件成立。驻点条件给出$w^\star$展开式；互补松弛
$\alpha_j^\star[y_j(w^{\star T}x_j+b^\star)-1]=0$与$\alpha_j^\star>0$共同给出
$y_j(w^{\star T}x_j+b^\star)=1$。利用$y_j^2=1$解出$b^\star$并代入$w^\star$展开，便得到结论。"
定义,硬间隔支持向量,def:V3-C02-support-vector,18,支持向量机,拉格朗日对偶、KKT与支持向量,348,src/讲义源码/第03册_优化模型与序列模型/chapters/V3-C02.tex,381,硬间隔对偶最优解中满足$ _i^ >0$的样本$x_i$称为支持向量。它满足$y_i(w^ Tx_i+b^ )=1$，位于两条间隔边界之一。,,见原陈述中的对象与前提,见原陈述中的结论,低,陈述与证明结构基本完整,"1. 条件：见原陈述中的对象与前提
2. 结论：见原陈述中的结论
3. 证明起点：该条为定义或当前范围未提供证明。
4. 逐步写明每个条件在何处被使用，等式变形前核对定义域/维数/正分母。
5. 用一个只破坏单一条件的反例说明边界；最后复述结论而不是只写“证毕”。",硬间隔对偶最优解中满足$\alpha_i^\star>0$的样本$x_i$称为支持向量。它满足$y_i(w^{\star T}x_i+b^\star)=1$，位于两条间隔边界之一。,
定义,线性支持向量机,def:V3-C02-soft-svm,18,支持向量机,线性支持向量机与软间隔,350,src/讲义源码/第03册_优化模型与序列模型/chapters/V3-C02.tex,407,"给定$C>0$，软间隔原始问题为 $ _w,b, 12 w ^2+C _i _i .t. y_i(w^Tx_i+b) 1- _i, _i 0. $ 其最优超平面和符号决策函数称为线性支持向量机。",,见原陈述中的对象与前提,见原陈述中的结论,中,符号密度高,"1. 条件：见原陈述中的对象与前提
2. 结论：见原陈述中的结论
3. 证明起点：该条为定义或当前范围未提供证明。
4. 逐步写明每个条件在何处被使用，等式变形前核对定义域/维数/正分母。
5. 用一个只破坏单一条件的反例说明边界；最后复述结论而不是只写“证毕”。","给定$C>0$，软间隔原始问题为
\[
\min_{w,b,\xi}\frac12\lVert w\rVert^2+C\sum_i\xi_i
\quad\text{s.t.}\quad
y_i(w^Tx_i+b)\geq1-\xi_i,\quad \xi_i\geq0.
\]
其最优超平面和符号决策函数称为线性支持向量机。",
定理,软间隔原始问题与合页损失等价,thm:V3-C02-hinge-equivalence,18,支持向量机,松弛变量与合页损失,353,src/讲义源码/第03册_优化模型与序列模型/chapters/V3-C02.tex,500,"软间隔问题等价于无显式松弛变量的优化 $ _w,b\ _i=1^N[1-y_i(w^Tx_i+b)]_+ + w ^2, = 12C. $","固定$w,b$后，第$i$个松弛量必须同时满足$ _i 0$和$ _i 1-y_ig(x_i)$。由于目标中$C _i$随$ _i$严格增加，最优值是两下界的最大值$[1-y_ig(x_i)]_+$。代回原目标并整体除以$C>0$，得到合页损失之和加$(1/(2C)) w ^2$。正数缩放不改变最优解，因此两问题等价。",见原陈述中的对象与前提,见原陈述中的结论,中,符号密度高,"1. 条件：见原陈述中的对象与前提
2. 结论：见原陈述中的结论
3. 证明起点：固定$w,b$后，第$i$个松弛量必须同时满足$ _i 0$和$ _i 1-y_ig(x_i)$。
4. 逐步写明每个条件在何处被使用，等式变形前核对定义域/维数/正分母。
5. 用一个只破坏单一条件的反例说明边界；最后复述结论而不是只写“证毕”。","软间隔问题等价于无显式松弛变量的优化
\[
\min_{w,b}\ \sum_{i=1}^{N}[1-y_i(w^Tx_i+b)]_+
+\lambda\lVert w\rVert^2,\qquad \lambda=\frac{1}{2C}.
\]","固定$w,b$后，第$i$个松弛量必须同时满足$\xi_i\geq0$和$\xi_i\geq1-y_ig(x_i)$。由于目标中$C\xi_i$随$\xi_i$严格增加，最优值是两下界的最大值$[1-y_ig(x_i)]_+$。代回原目标并整体除以$C>0$，得到合页损失之和加$(1/(2C))\lVert w\rVert^2$。正数缩放不改变最优解，因此两问题等价。"
定义,核函数,def:V3-C02-kernel,18,支持向量机,松弛变量与合页损失,352,src/讲义源码/第03册_优化模型与序列模型/chapters/V3-C02.tex,542,"若存在希尔伯特空间$ H$及映射$ : X H$，使 $ K(x,z)= (x), (z) _ H, $ 则称$K$为$ X$上的核函数。",,"若存在希尔伯特空间$ H$及映射$ : X H$，使 $ K(x,z)= (x), (z) _ H, $",称$K$为$ X$上的核函数。,中,符号密度高,"1. 条件：若存在希尔伯特空间$ H$及映射$ : X H$，使 $ K(x,z)= (x), (z) _ H, $
2. 结论：称$K$为$ X$上的核函数。
3. 证明起点：该条为定义或当前范围未提供证明。
4. 逐步写明每个条件在何处被使用，等式变形前核对定义域/维数/正分母。
5. 用一个只破坏单一条件的反例说明边界；最后复述结论而不是只写“证毕”。","若存在希尔伯特空间$\mathcal H$及映射$\phi:\mathcal X\to\mathcal H$，使
\[
K(x,z)=\langle\phi(x),\phi(z)\rangle_{\mathcal H},
\]
则称$K$为$\mathcal X$上的核函数。",
定理,正定核的Gram矩阵判据,thm:V3-C02-kernel-psd,18,支持向量机,松弛变量与合页损失,354,src/讲义源码/第03册_优化模型与序列模型/chapters/V3-C02.tex,561,"对称函数$K: X X R$是正定核，当且仅当对任意有限点$x_1, ,x_m$，Gram矩阵$G=[K(x_i,x_j)]_m m$均半正定。","若$K$来自特征映射，则对任意$c R^m$， $ c^TGc= _i,jc_ic_j (x_i), (x_j) = \| _ic_i (x_i) \|_ H^2 0. $ 反方向在有限线性组合空间上令$ (x)=K( ,x)$，并以核的双线性组合定义内积。Gram半正定保证该内积非负；商去零范数元素并完备化得到希尔伯特空间，且$ (x), (z) =K(x,z)$。因此存在所需特征映射。",见原陈述中的对象与前提,见原陈述中的结论,低,陈述与证明结构基本完整,"1. 条件：见原陈述中的对象与前提
2. 结论：见原陈述中的结论
3. 证明起点：若$K$来自特征映射，则对任意$c R^m$， $ c^TGc= _i,jc_ic_j (x_i), (x_j) = \| _ic_i (x_i) \|_ H^2 0. $ 反方向在有限线性组合空间上令$ (x)=K( ,x)$，并以核的双线性组合定义内积。
4. 逐步写明每个条件在何处被使用，等式变形前核对定义域/维数/正分母。
5. 用一个只破坏单一条件的反例说明边界；最后复述结论而不是只写“证毕”。","对称函数$K:\mathcal X\times\mathcal X\to\mathbb R$是正定核，当且仅当对任意有限点$x_1,\ldots,x_m$，Gram矩阵$G=[K(x_i,x_j)]_{m\times m}$均半正定。","若$K$来自特征映射，则对任意$c\in\mathbb R^m$，
\[
c^TGc=\sum_{i,j}c_ic_j\langle\phi(x_i),\phi(x_j)\rangle
=\left\|\sum_ic_i\phi(x_i)\right\|_{\mathcal H}^2\geq0.
\]
反方向在有限线性组合空间上令$\phi(x)=K(\cdot,x)$，并以核的双线性组合定义内积。Gram半正定保证该内积非负；商去零范数元素并完备化得到希尔伯特空间，且$\langle\phi(x),\phi(z)\rangle=K(x,z)$。因此存在所需特征映射。"
定义,非线性支持向量机,def:V3-C02-nonlinear-svm,18,支持向量机,松弛变量与合页损失,352,src/讲义源码/第03册_优化模型与序列模型/chapters/V3-C02.tex,627,"选择正定核$K$和$C>0$，求解 $ _ 12 _i,j _i _jy_iy_jK(x_i,x_j)- _i _i, _i _i y_i=0, 0 _i C. $ 所得分类器为 $ f(x)=sign ( _i _i^ y_iK(x_i,x)+b^ ). $",,见原陈述中的对象与前提,见原陈述中的结论,中,符号密度高,"1. 条件：见原陈述中的对象与前提
2. 结论：见原陈述中的结论
3. 证明起点：该条为定义或当前范围未提供证明。
4. 逐步写明每个条件在何处被使用，等式变形前核对定义域/维数/正分母。
5. 用一个只破坏单一条件的反例说明边界；最后复述结论而不是只写“证毕”。","选择正定核$K$和$C>0$，求解
\[
\min_\alpha\frac12\sum_{i,j}\alpha_i\alpha_jy_iy_jK(x_i,x_j)-\sum_i\alpha_i,
\quad
\sum_i\alpha_i y_i=0,\quad0\leq\alpha_i\leq C.
\]
所得分类器为
\[
f(x)=\operatorname{sign}\left(\sum_i\alpha_i^\star y_iK(x_i,x)+b^\star\right).
\]",
定义,弱学习器与强学习器,def:V3-C03-weak-strong,19,提升方法,弱学习与强学习,374,src/讲义源码/第03册_优化模型与序列模型/chapters/V3-C03.tex,131,在二类分类问题中，若学习算法在相关数据分布下产生的分类器错误率只需稳定低于$1/2$，则称其为弱学习器；若学习算法能在给定精度与置信要求下产生错误率足够小的分类器，则称其为强学习器。弱、强均相对于指定假设类、数据分布及可学习性条件而言。,,在二类分类问题中，若学习算法在相关数据分布下产生的分类器错误率只需稳定低于$1/2$,称其为弱学习器；若学习算法能在给定精度与置信要求下产生错误率足够小的分类器，则称其为强学习器。弱、强均相对于指定假设类、数据分布及可学习性条件而言。,低,陈述与证明结构基本完整,"1. 条件：在二类分类问题中，若学习算法在相关数据分布下产生的分类器错误率只需稳定低于$1/2$
2. 结论：称其为弱学习器；若学习算法能在给定精度与置信要求下产生错误率足够小的分类器，则称其为强学习器。弱、强均相对于指定假设类、数据分布及可学习性条件而言。
3. 证明起点：该条为定义或当前范围未提供证明。
4. 逐步写明每个条件在何处被使用，等式变形前核对定义域/维数/正分母。
5. 用一个只破坏单一条件的反例说明边界；最后复述结论而不是只写“证毕”。",在二类分类问题中，若学习算法在相关数据分布下产生的分类器错误率只需稳定低于$1/2$，则称其为弱学习器；若学习算法能在给定精度与置信要求下产生错误率足够小的分类器，则称其为强学习器。弱、强均相对于指定假设类、数据分布及可学习性条件而言。,
定理,AdaBoost训练误差的乘积上界,thm:V3-C03-training-bound,19,提升方法,AdaBoost算法,378,src/讲义源码/第03册_优化模型与序列模型/chapters/V3-C03.tex,279,设每轮权重均按AdaBoost规则规范化，$F_M(x)= _m=1^M _mG_m(x)$，则 $ 1N _i=1^N1\y_iF_M(x_i) 0\ 1N _i=1^Ne^-y_iF_M(x_i) = _m=1^MZ_m. $,指示函数满足$1\u 0\ e^-u$，所以第一个不等式成立。把权重递推连乘， $ D_M+1(i) = D_1(i) _m=1^MZ_m. $ 由于$D_1(i)=1/N$且$ _iD_M+1(i)=1$，对$i$求和后得到 $ 1N _i e^-y_iF_M(x_i)= _mZ_m. $ 两式合并即为结论。,设每轮权重均按AdaBoost规,规范化，$F_M(x)= _m=1^M _mG_m(x)$，则 $ 1N _i=1^N1\y_iF_M(x_i) 0\ 1N _i=1^Ne^-y_iF_M(x_i) = _m=1^MZ_m. $,中,符号密度高,"1. 条件：设每轮权重均按AdaBoost规
2. 结论：规范化，$F_M(x)= _m=1^M _mG_m(x)$，则 $ 1N _i=1^N1\y_iF_M(x_i) 0\ 1N _i=1^Ne^-y_iF_M(x_i) = _m=1^MZ_m. $
3. 证明起点：指示函数满足$1\u 0\ e^-u$，所以第一个不等式成立。
4. 逐步写明每个条件在何处被使用，等式变形前核对定义域/维数/正分母。
5. 用一个只破坏单一条件的反例说明边界；最后复述结论而不是只写“证毕”。","设每轮权重均按AdaBoost规则规范化，$F_M(x)=\sum_{m=1}^{M}\alpha_mG_m(x)$，则
\[
\frac1N\sum_{i=1}^{N}\mathbf{1}\{y_iF_M(x_i)\leq0\}
\leq \frac1N\sum_{i=1}^{N}e^{-y_iF_M(x_i)}
=\prod_{m=1}^{M}Z_m.
\]","指示函数满足$\mathbf{1}\{u\leq0\}\leq e^{-u}$，所以第一个不等式成立。把权重递推连乘，
\[
D_{M+1}(i)
=\frac{D_1(i)\exp[-y_i\sum_{m=1}^{M}\alpha_mG_m(x_i)]}
{\prod_{m=1}^{M}Z_m}.
\]
由于$D_1(i)=1/N$且$\sum_iD_{M+1}(i)=1$，对$i$求和后得到
\[
\frac1N\sum_i e^{-y_iF_M(x_i)}=\prod_mZ_m.
\]
两式合并即为结论。"
定义,加法模型与前向分步,def:V3-C03-forward-stagewise,19,提升方法,加法模型与前向分步算法,380,src/讲义源码/第03册_优化模型与序列模型/chapters/V3-C03.tex,364,"给定基函数$b(x; )$，加法模型为 $ f_M(x)= _m=1^M _mb(x; _m). $ 前向分步算法在第$m$轮固定已有$f_m-1$，只优化新加入的$( _m, _m)$： $ ( _m, _m)= _ , _i=1^NL (y_i,f_m-1(x_i)+ b(x_i; ) ), f_m=f_m-1+ _mb( ; _m). $",,见原陈述中的对象与前提,见原陈述中的结论,中,符号密度高,"1. 条件：见原陈述中的对象与前提
2. 结论：见原陈述中的结论
3. 证明起点：该条为定义或当前范围未提供证明。
4. 逐步写明每个条件在何处被使用，等式变形前核对定义域/维数/正分母。
5. 用一个只破坏单一条件的反例说明边界；最后复述结论而不是只写“证毕”。","给定基函数$b(x;\gamma)$，加法模型为
\[
f_M(x)=\sum_{m=1}^{M}\beta_mb(x;\gamma_m).
\]
前向分步算法在第$m$轮固定已有$f_{m-1}$，只优化新加入的$(\beta_m,\gamma_m)$：
\[
(\beta_m,\gamma_m)=\arg\min_{\beta,\gamma}
\sum_{i=1}^{N}L\!\left(y_i,f_{m-1}(x_i)+\beta b(x_i;\gamma)\right),
\quad
f_m=f_{m-1}+\beta_mb(\cdot;\gamma_m).
\]",
定理,指数损失前向分步与AdaBoost的等价性,thm:V3-C03-forward-equivalence,19,提升方法,加法模型与前向分步算法,381,src/讲义源码/第03册_优化模型与序列模型/chapters/V3-C03.tex,419,"若基函数类由取值$\-1,+1\$的分类器组成，每轮精确最小化指数经验损失，且$0<e_m<1/2$，则前向分步得到的$G_m$、$ _m$及样本权重递推与AdaBoost对应轮一致。","固定旧模型后，指数损失按乘法分解为旧权重$w_mi$与新因子$e^- y_iG(x_i)$。对$G$的优化等价于最小化规范化后的加权错误$e_m$；对$ $的一元优化给出$ 12 $。更新$f_m=f_m-1+ _mG_m$后，新一轮权重满足$w_m+1,i=w_mie^- _my_iG_m(x_i)$。除以权重和便得到AdaBoost的$D_m+1$，三部分逐项相同。","若基函数类由取值$\-1,+1\$的分类器组成，每轮精确最小化指数经验损失，且$0<e_m<1/2$",前向分步得到的$G_m$、$ _m$及样本权重递推与AdaBoost对应轮一致。,中,符号密度高；证明路线提示不足,"1. 条件：若基函数类由取值$\-1,+1\$的分类器组成，每轮精确最小化指数经验损失，且$0<e_m<1/2$
2. 结论：前向分步得到的$G_m$、$ _m$及样本权重递推与AdaBoost对应轮一致。
3. 证明起点：固定旧模型后，指数损失按乘法分解为旧权重$w_mi$与新因子$e^- y_iG(x_i)$。
4. 逐步写明每个条件在何处被使用，等式变形前核对定义域/维数/正分母。
5. 用一个只破坏单一条件的反例说明边界；最后复述结论而不是只写“证毕”。","若基函数类由取值$\{-1,+1\}$的分类器组成，每轮精确最小化指数经验损失，且$0<e_m<1/2$，则前向分步得到的$G_m$、$\alpha_m$及样本权重递推与AdaBoost对应轮一致。","固定旧模型后，指数损失按乘法分解为旧权重$w_{mi}$与新因子$e^{-\alpha y_iG(x_i)}$。对$G$的优化等价于最小化规范化后的加权错误$e_m$；对$\alpha$的一元优化给出$\frac12\log[(1-e_m)/e_m]$。更新$f_m=f_{m-1}+\alpha_mG_m$后，新一轮权重满足$w_{m+1,i}=w_{mi}e^{-\alpha_my_iG_m(x_i)}$。除以权重和便得到AdaBoost的$D_{m+1}$，三部分逐项相同。"
定义,不完全数据与完全数据,,20,EM算法及其推广,隐变量、不完全数据与边缘似然,402,src/讲义源码/第03册_优化模型与序列模型/chapters/V3-C04.tex,144,"观测到的$Y$称为不完全数据；若同时知道隐变量$Z$，则$(Y,Z)$称为完全数据。完全数据似然为$P(Y,Z )$，观测数据似然由对$Z$边缘化得到。隐变量不是待优化的固定参数；它在模型中是随机变量，其不确定性必须由条件分布表达。",,观测到的$Y$称为不完全数据；若同时知道隐变量$Z$,"$(Y,Z)$称为完全数据。完全数据似然为$P(Y,Z )$，观测数据似然由对$Z$边缘化得到。隐变量不是待优化的固定参数；它在模型中是随机变量，其不确定性必须由条件分布表达。",中,符号密度高,"1. 条件：观测到的$Y$称为不完全数据；若同时知道隐变量$Z$
2. 结论：$(Y,Z)$称为完全数据。完全数据似然为$P(Y,Z )$，观测数据似然由对$Z$边缘化得到。隐变量不是待优化的固定参数；它在模型中是随机变量，其不确定性必须由条件分布表达。
3. 证明起点：该条为定义或当前范围未提供证明。
4. 逐步写明每个条件在何处被使用，等式变形前核对定义域/维数/正分母。
5. 用一个只破坏单一条件的反例说明边界；最后复述结论而不是只写“证毕”。","观测到的$Y$称为不完全数据；若同时知道隐变量$Z$，则$(Y,Z)$称为完全数据。完全数据似然为$P(Y,Z\mid\theta)$，观测数据似然由对$Z$边缘化得到。隐变量不是待优化的固定参数；它在模型中是随机变量，其不确定性必须由条件分布表达。",
定义,$Q$函数,def:V3-C04-Q,20,EM算法及其推广,Jensen不等式与下界构造,403,src/讲义源码/第03册_优化模型与序列模型/chapters/V3-C04.tex,180,"给定当前参数$ ^(t)$，令$q_t(z)=P(z Y, ^(t))$。完全数据对数似然关于$q_t$的条件期望称为$Q$函数： $ Q( , ^(t)) = E_q_t = _zq_t(z) P(Y,z ). $ 连续$Z$时相应改用积分，并要求期望存在。",,见原陈述中的对象与前提,见原陈述中的结论,中,符号密度高,"1. 条件：见原陈述中的对象与前提
2. 结论：见原陈述中的结论
3. 证明起点：该条为定义或当前范围未提供证明。
4. 逐步写明每个条件在何处被使用，等式变形前核对定义域/维数/正分母。
5. 用一个只破坏单一条件的反例说明边界；最后复述结论而不是只写“证毕”。","给定当前参数$\theta^{(t)}$，令$q_t(z)=P(z\mid Y,\theta^{(t)})$。完全数据对数似然关于$q_t$的条件期望称为$Q$函数：
\[
Q(\theta,\theta^{(t)})
=\mathbb E_{q_t}\!\left[\log P(Y,Z\mid\theta)\right]
=\sum_zq_t(z)\log P(Y,z\mid\theta).
\]
连续$Z$时相应改用积分，并要求期望存在。",
定理,EM下界的KL分解,thm:V3-C04-lower-bound,20,EM算法及其推广,Jensen不等式与下界构造,403,src/讲义源码/第03册_优化模型与序列模型/chapters/V3-C04.tex,231,"若$P(Y )>0$且$q P(Z Y, )$，则在相关量有限时 $ ( )=F(q, )+D_KL (q(Z) P(Z Y, ) ), F(q, )= E_q P(Y,Z )+H(q). $ 故$F(q, ) ( )$；等号成立当且仅当$q(Z)=P(Z Y, )$几乎处处成立。","由Bayes公式$P(Y,Z )=P(Z Y, )P(Y )$，有 $ D_KL(q P_ ) = _zq(z) q(z)P(z Y, )\\ = _zq(z) q(z)- _zq(z) P(Y,z )+ ( )\\ = ( )-F(q, ). $ 移项即得分解。KL散度非负，所以$F$是下界；KL散度为零当且仅当两个分布几乎处处相同，因此给出等号条件。","若$P(Y )>0$且$q P(Z Y, )$","在相关量有限时 $ ( )=F(q, )+D_KL (q(Z) P(Z Y, ) ), F(q, )= E_q P(Y,Z )+H(q). $ 故$F(q, ) ( )$；等号成立当且仅当$q(Z)=P(Z Y, )$几乎处处成立。",中,符号密度高,"1. 条件：若$P(Y )>0$且$q P(Z Y, )$
2. 结论：在相关量有限时 $ ( )=F(q, )+D_KL (q(Z) P(Z Y, ) ), F(q, )= E_q P(Y,Z )+H(q). $ 故$F(q, ) ( )$；等号成立当且仅当$q(Z)=P(Z Y, )$几乎处处成立。
3. 证明起点：由Bayes公式$P(Y,Z )=P(Z Y, )P(Y )$，有 $ D_KL(q P_ ) = _zq(z) q(z)P(z Y, )\\ = _zq(z) q(z)- _zq(z) P(Y,z )+ ( )\\ = ( )-F(q, ). $ 移项即得分解。
4. 逐步写明每个条件在何处被使用，等式变形前核对定义域/维数/正分母。
5. 用一个只破坏单一条件的反例说明边界；最后复述结论而不是只写“证毕”。","若$P(Y\mid\theta)>0$且$q\ll P(Z\mid Y,\theta)$，则在相关量有限时
\[
\ell(\theta)=F(q,\theta)+D_{\mathrm{KL}}
\!\left(q(Z)\Vert P(Z\mid Y,\theta)\right),
\quad F(q,\theta)=\mathbb E_q\log P(Y,Z\mid\theta)+H(q).
\]
故$F(q,\theta)\leq\ell(\theta)$；等号成立当且仅当$q(Z)=P(Z\mid Y,\theta)$几乎处处成立。","由Bayes公式$P(Y,Z\mid\theta)=P(Z\mid Y,\theta)P(Y\mid\theta)$，有
\[
\begin{aligned}
D_{\mathrm{KL}}(q\Vert P_\theta)
&=\sum_zq(z)\log\frac{q(z)}{P(z\mid Y,\theta)}\\
&=\sum_zq(z)\log q(z)-\sum_zq(z)\log P(Y,z\mid\theta)+\ell(\theta)\\
&=\ell(\theta)-F(q,\theta).
\end{aligned}
\]
移项即得分解。KL散度非负，所以$F$是下界；KL散度为零当且仅当两个分布几乎处处相同，因此给出等号条件。"
定理,EM的似然单调性,thm:V3-C04-monotone,20,EM算法及其推广,E步与M步,409,src/讲义源码/第03册_优化模型与序列模型/chapters/V3-C04.tex,395,"若E步计算精确后验，M步选取的$ ^(t+1)$满足 $Q( ^(t+1), ^(t)) Q( ^(t), ^(t))$，且相关支撑条件成立，则 $ ( ^(t+1)) ( ^(t)). $","记$q_t=P(Z Y, ^(t))$。由定理thm:V3-C04-lower-bound， $ ( ^(t+1)) F(q_t, ^(t+1)) F(q_t, ^(t))= ( ^(t)). $ 第一步来自KL散度非负，第二步来自$H(q_t)$固定且$Q$不下降，最后一步来自$q_t$恰为当前后验。三个关系串联即得结论。","若E步计算精确后验，M步选取的$ ^(t+1)$满足 $Q( ^(t+1), ^(t)) Q( ^(t), ^(t))$，且相关支撑条件成立",$ ( ^(t+1)) ( ^(t)). $,中,符号密度高,"1. 条件：若E步计算精确后验，M步选取的$ ^(t+1)$满足 $Q( ^(t+1), ^(t)) Q( ^(t), ^(t))$，且相关支撑条件成立
2. 结论：$ ( ^(t+1)) ( ^(t)). $
3. 证明起点：记$q_t=P(Z Y, ^(t))$。
4. 逐步写明每个条件在何处被使用，等式变形前核对定义域/维数/正分母。
5. 用一个只破坏单一条件的反例说明边界；最后复述结论而不是只写“证毕”。","若E步计算精确后验，M步选取的$\theta^{(t+1)}$满足
$Q(\theta^{(t+1)},\theta^{(t)})\geq Q(\theta^{(t)},\theta^{(t)})$，且相关支撑条件成立，则
\[
\ell(\theta^{(t+1)})\geq\ell(\theta^{(t)}).
\]","记$q_t=P(Z\mid Y,\theta^{(t)})$。由定理\ref{thm:V3-C04-lower-bound}，
\[
\ell(\theta^{(t+1)})\geq F(q_t,\theta^{(t+1)})
\geq F(q_t,\theta^{(t)})=\ell(\theta^{(t)}).
\]
第一步来自KL散度非负，第二步来自$H(q_t)$固定且$Q$不下降，最后一步来自$q_t$恰为当前后验。三个关系串联即得结论。"
定理,EM收敛结论的边界,thm:V3-C04-convergence-scope,20,EM算法及其推广,E步与M步,410,src/讲义源码/第03册_优化模型与序列模型/chapters/V3-C04.tex,431,若观测似然值有上界，则精确EM产生的似然值序列收敛。若进一步假定迭代序列有聚点、模型在聚点邻域可微、支撑不突变且更新映射满足标准正则性，则每个内部聚点是观测似然的驻点；该结论不声称聚点是全局最大点。,,若观测似然值有上界,精确EM产生的似然值序列收敛。若进一步假定迭代序列有聚点、模型在聚点邻域可微、支撑不突变且更新映射满足标准正则性，则每个内部聚点是观测似然的驻点；该结论不声称聚点是全局最大点。,中,未在紧邻位置检出证明,"1. 条件：若观测似然值有上界
2. 结论：精确EM产生的似然值序列收敛。若进一步假定迭代序列有聚点、模型在聚点邻域可微、支撑不突变且更新映射满足标准正则性，则每个内部聚点是观测似然的驻点；该结论不声称聚点是全局最大点。
3. 证明起点：该条为定义或当前范围未提供证明。
4. 逐步写明每个条件在何处被使用，等式变形前核对定义域/维数/正分母。
5. 用一个只破坏单一条件的反例说明边界；最后复述结论而不是只写“证毕”。",若观测似然值有上界，则精确EM产生的似然值序列收敛。若进一步假定迭代序列有聚点、模型在聚点邻域可微、支撑不突变且更新映射满足标准正则性，则每个内部聚点是观测似然的驻点；该结论不声称聚点是全局最大点。,
定义,一维高斯混合模型,def:V3-C04-gmm,20,EM算法及其推广,高斯混合模型,410,src/讲义源码/第03册_优化模型与序列模型/chapters/V3-C04.tex,455,"含$K$个成分的高斯混合密度为 $ p(y )= _k=1^K _k (y _k, _k^2), _k 0, _k=1^K _k=1, _k^2>0, $ 其中 $ (y _k, _k^2)= 1 2 _k^2 . $",,见原陈述中的对象与前提,见原陈述中的结论,中,符号密度高,"1. 条件：见原陈述中的对象与前提
2. 结论：见原陈述中的结论
3. 证明起点：该条为定义或当前范围未提供证明。
4. 逐步写明每个条件在何处被使用，等式变形前核对定义域/维数/正分母。
5. 用一个只破坏单一条件的反例说明边界；最后复述结论而不是只写“证毕”。","含$K$个成分的高斯混合密度为
\[
p(y\mid\theta)=\sum_{k=1}^{K}\alpha_k\phi(y\mid\mu_k,\sigma_k^2),\qquad
\alpha_k\geq0,\quad\sum_{k=1}^{K}\alpha_k=1,\quad\sigma_k^2>0,
\]
其中
\[
\phi(y\mid\mu_k,\sigma_k^2)=\frac{1}{\sqrt{2\pi\sigma_k^2}}
\exp\!\left[-\frac{(y-\mu_k)^2}{2\sigma_k^2}\right].
\]",
定义,$F$函数,def:V3-C04-F,20,EM算法及其推广,高斯混合模型,400,src/讲义源码/第03册_优化模型与序列模型/chapters/V3-C04.tex,632,"对隐变量上的任意分布$q$，定义 $ F(q, )= E_q[ P(Y,Z )]+H(q), H(q)=- E_q q(Z). $ 它同时依赖变分分布$q$和模型参数$ $。",,见原陈述中的对象与前提,见原陈述中的结论,中,符号密度高,"1. 条件：见原陈述中的对象与前提
2. 结论：见原陈述中的结论
3. 证明起点：该条为定义或当前范围未提供证明。
4. 逐步写明每个条件在何处被使用，等式变形前核对定义域/维数/正分母。
5. 用一个只破坏单一条件的反例说明边界；最后复述结论而不是只写“证毕”。","对隐变量上的任意分布$q$，定义
\[
F(q,\theta)=\mathbb E_q[\log P(Y,Z\mid\theta)]+H(q),
\qquad H(q)=-\mathbb E_q\log q(Z).
\]
它同时依赖变分分布$q$和模型参数$\theta$。",
引理,固定参数的$F$极大化,lem:V3-C04-F-posterior,20,EM算法及其推广,高斯混合模型,414,src/讲义源码/第03册_优化模型与序列模型/chapters/V3-C04.tex,652,"固定$ $并假定后验在相关支撑上确定，则$F(q, )$关于$q$的唯一最大点是$q(Z)=P(Z Y, )$，最大值为$ ( )$。","由定理thm:V3-C04-lower-bound，$F(q, )= ( )-D_KL(q P_ )$。固定$ $时第一项为常数，KL散度的唯一零点是$q=P_ $，故结论成立。",固定$ $并假定后验在相关支撑上确定,"$F(q, )$关于$q$的唯一最大点是$q(Z)=P(Z Y, )$，最大值为$ ( )$。",中,符号密度高；证明过短，关键变形或条件使用位置不醒目,"1. 条件：固定$ $并假定后验在相关支撑上确定
2. 结论：$F(q, )$关于$q$的唯一最大点是$q(Z)=P(Z Y, )$，最大值为$ ( )$。
3. 证明起点：由定理thm:V3-C04-lower-bound，$F(q, )= ( )-D_KL(q P_ )$。
4. 逐步写明每个条件在何处被使用，等式变形前核对定义域/维数/正分母。
5. 用一个只破坏单一条件的反例说明边界；最后复述结论而不是只写“证毕”。","固定$\theta$并假定后验在相关支撑上确定，则$F(q,\theta)$关于$q$的唯一最大点是$q(Z)=P(Z\mid Y,\theta)$，最大值为$\ell(\theta)$。","由定理\ref{thm:V3-C04-lower-bound}，$F(q,\theta)=\ell(\theta)-D_{\mathrm{KL}}(q\Vert P_\theta)$。固定$\theta$时第一项为常数，KL散度的唯一零点是$q=P_\theta$，故结论成立。"
定理,$F$函数与似然上确界,thm:V3-C04-F-max,20,EM算法及其推广,高斯混合模型,416,src/讲义源码/第03册_优化模型与序列模型/chapters/V3-C04.tex,695,"若允许$q$遍历全部合法分布，并把可能的无界情形按扩展实数理解，则 $ _ ( )= _q, F(q, ). $ 若这个共同上确界有限且由某个联合最大对$(q^*, ^*)$达到，则$q^*=P(Z Y, ^*)$，且$ ^*$也是观测似然的最大点。","对每个固定$ $，引理lem:V3-C04-F-posterior给出$ _q F(q, )= ( )$。再对$ $取上确界便得到等式；这个论证不要求参数域紧致，也不预设似然最大值存在。若有限共同上确界由$(q^*, ^*)$达到而$q^*$不是对应后验，则用对应后验替换会严格提高$F$，矛盾；所以$q^*$是后验，并且$F(q^*, ^*)= ( ^*)$达到左侧最大值。",若允许$q$遍历全部合法分布，并把可能的无界情形按扩展实数理解,"$ _ ( )= _q, F(q, ). $ 若这个共同上确界有限且由某个联合最大对$(q^*, ^*)$达到，则$q^*=P(Z Y, ^*)$，且$ ^*$也是观测似然的最大点。",中,符号密度高,"1. 条件：若允许$q$遍历全部合法分布，并把可能的无界情形按扩展实数理解
2. 结论：$ _ ( )= _q, F(q, ). $ 若这个共同上确界有限且由某个联合最大对$(q^*, ^*)$达到，则$q^*=P(Z Y, ^*)$，且$ ^*$也是观测似然的最大点。
3. 证明起点：对每个固定$ $，引理lem:V3-C04-F-posterior给出$ _q F(q, )= ( )$。
4. 逐步写明每个条件在何处被使用，等式变形前核对定义域/维数/正分母。
5. 用一个只破坏单一条件的反例说明边界；最后复述结论而不是只写“证毕”。","若允许$q$遍历全部合法分布，并把可能的无界情形按扩展实数理解，则
\[
\sup_{\theta}\ell(\theta)=\sup_{q,\theta}F(q,\theta).
\]
若这个共同上确界有限且由某个联合最大对$(q^*,\theta^*)$达到，则$q^*=P(Z\mid Y,\theta^*)$，且$\theta^*$也是观测似然的最大点。","对每个固定$\theta$，引理\ref{lem:V3-C04-F-posterior}给出$\max_q F(q,\theta)=\ell(\theta)$。再对$\theta$取上确界便得到等式；这个论证不要求参数域紧致，也不预设似然最大值存在。若有限共同上确界由$(q^*,\theta^*)$达到而$q^*$不是对应后验，则用对应后验替换会严格提高$F$，矛盾；所以$q^*$是后验，并且$F(q^*,\theta^*)=\ell(\theta^*)$达到左侧最大值。"
定义,随机过程,,21,隐马尔可夫模型,马尔可夫性质与概率图结构,435,src/讲义源码/第03册_优化模型与序列模型/chapters/V3-C05.tex,128,"随机过程是一族按时间或其他有序指标排列的随机变量$\X_t:t T\$。其有限维分布描述任意有限时刻联合取值的概率。离散时间、有限状态随机过程满足$t \1,2, \$且每个$X_t$取有限个值。",,见原陈述中的对象与前提,见原陈述中的结论,低,陈述与证明结构基本完整,"1. 条件：见原陈述中的对象与前提
2. 结论：见原陈述中的结论
3. 证明起点：该条为定义或当前范围未提供证明。
4. 逐步写明每个条件在何处被使用，等式变形前核对定义域/维数/正分母。
5. 用一个只破坏单一条件的反例说明边界；最后复述结论而不是只写“证毕”。","随机过程是一族按时间或其他有序指标排列的随机变量$\{X_t:t\in\mathcal T\}$。其有限维分布描述任意有限时刻联合取值的概率。离散时间、有限状态随机过程满足$t\in\{1,2,\ldots\}$且每个$X_t$取有限个值。",
定义,一阶马尔可夫性质,def:V3-C05-markov,21,隐马尔可夫模型,马尔可夫性质与概率图结构,435,src/讲义源码/第03册_优化模型与序列模型/chapters/V3-C05.tex,138,"若对所有有正概率的历史， $ P(X_t+1=j X_1=x_1, ,X_t=i) =P(X_t+1=j X_t=i), $ 则过程具有一阶马尔可夫性质。它表示给定当前状态后，更早历史不再为下一状态提供额外信息；并不表示不同时刻彼此独立。",,"若对所有有正概率的历史， $ P(X_t+1=j X_1=x_1, ,X_t=i) =P(X_t+1=j X_t=i), $",过程具有一阶马尔可夫性质。它表示给定当前状态后，更早历史不再为下一状态提供额外信息；并不表示不同时刻彼此独立。,低,陈述与证明结构基本完整,"1. 条件：若对所有有正概率的历史， $ P(X_t+1=j X_1=x_1, ,X_t=i) =P(X_t+1=j X_t=i), $
2. 结论：过程具有一阶马尔可夫性质。它表示给定当前状态后，更早历史不再为下一状态提供额外信息；并不表示不同时刻彼此独立。
3. 证明起点：该条为定义或当前范围未提供证明。
4. 逐步写明每个条件在何处被使用，等式变形前核对定义域/维数/正分母。
5. 用一个只破坏单一条件的反例说明边界；最后复述结论而不是只写“证毕”。","若对所有有正概率的历史，
\[
P(X_{t+1}=j\mid X_1=x_1,\ldots,X_t=i)
=P(X_{t+1}=j\mid X_t=i),
\]
则过程具有一阶马尔可夫性质。它表示给定当前状态后，更早历史不再为下一状态提供额外信息；并不表示不同时刻彼此独立。",
定义,隐马尔可夫模型,def:V3-C05-hmm,21,隐马尔可夫模型,马尔可夫性质与概率图结构,434,src/讲义源码/第03册_优化模型与序列模型/chapters/V3-C05.tex,165,"离散HMM是参数$ =(A,B, )$确定的时序概率模型。隐藏状态$i_t \1, ,N\$构成齐次一阶马尔可夫链；观测$o_t \v_1, ,v_M\$在给定$i_t$后独立于其他状态和观测，并按$b_i_t(o_t)$生成。",,见原陈述中的对象与前提,见原陈述中的结论,中,符号密度高,"1. 条件：见原陈述中的对象与前提
2. 结论：见原陈述中的结论
3. 证明起点：该条为定义或当前范围未提供证明。
4. 逐步写明每个条件在何处被使用，等式变形前核对定义域/维数/正分母。
5. 用一个只破坏单一条件的反例说明边界；最后复述结论而不是只写“证毕”。","离散HMM是参数$\lambda=(A,B,\pi)$确定的时序概率模型。隐藏状态$i_t\in\{1,\ldots,N\}$构成齐次一阶马尔可夫链；观测$o_t\in\{v_1,\ldots,v_M\}$在给定$i_t$后独立于其他状态和观测，并按$b_{i_t}(o_t)$生成。",
定义,前向概率,def:V3-C05-forward,21,隐马尔可夫模型,前向与后向算法,439,src/讲义源码/第03册_优化模型与序列模型/chapters/V3-C05.tex,363,"$ _t(i)=P(o_1, ,o_t,i_t=q_i ). $ 它同时包含截至$t$的观测证据与当前状态事件，因而不是归一化的状态后验。",,见原陈述中的对象与前提,见原陈述中的结论,低,陈述与证明结构基本完整,"1. 条件：见原陈述中的对象与前提
2. 结论：见原陈述中的结论
3. 证明起点：该条为定义或当前范围未提供证明。
4. 逐步写明每个条件在何处被使用，等式变形前核对定义域/维数/正分母。
5. 用一个只破坏单一条件的反例说明边界；最后复述结论而不是只写“证毕”。","\[
\alpha_t(i)=P(o_1,\ldots,o_t,i_t=q_i\mid\lambda).
\]
它同时包含截至$t$的观测证据与当前状态事件，因而不是归一化的状态后验。",
定理,前向--后向分解,thm:V3-C05-forward-backward,21,隐马尔可夫模型,前向与后向算法,439,src/讲义源码/第03册_优化模型与序列模型/chapters/V3-C05.tex,421,"对任意$t \1, ,T\$， $ P(O )= _i=1^N _t(i) _t(i), $ 其中$ _t(i)=P(o_t+1, ,o_T i_t=q_i, )$。","对时刻$t$的状态应用全概率公式： $ P(O )= _iP(o_1:t,i_t=q_i,o_t+1:T ). $ 给定$i_t$后，过去观测与未来观测由马尔可夫结构分离，所以每项可写为 $ P(o_1:t,i_t=q_i ) P(o_t+1:T i_t=q_i, )= _t(i) _t(i). $ 对$i$求和即得结论。$t=T$时$ _T(i)=1$，退化为前向终止公式。","对任意$t \1, ,T\$， $ P(O )= _i=1^N _t(i) _t(i), $ 其中$ _t(i)=P(o_t+1, ,o_T i_t=q_i, )$",,中,符号密度高,"1. 条件：对任意$t \1, ,T\$， $ P(O )= _i=1^N _t(i) _t(i), $ 其中$ _t(i)=P(o_t+1, ,o_T i_t=q_i, )$
2. 结论：
3. 证明起点：对时刻$t$的状态应用全概率公式： $ P(O )= _iP(o_1:t,i_t=q_i,o_t+1:T ). $ 给定$i_t$后，过去观测与未来观测由马尔可夫结构分离，所以每项可写为 $ P(o_1:t,i_t=q_i ) P(o_t+1:T i_t=q_i, )= _t(i) _t(i). $ 对$i$求和即得结论。
4. 逐步写明每个条件在何处被使用，等式变形前核对定义域/维数/正分母。
5. 用一个只破坏单一条件的反例说明边界；最后复述结论而不是只写“证毕”。","对任意$t\in\{1,\ldots,T\}$，
\[
P(O\mid\lambda)=\sum_{i=1}^{N}\alpha_t(i)\beta_t(i),
\]
其中$\beta_t(i)=P(o_{t+1},\ldots,o_T\mid i_t=q_i,\lambda)$。","对时刻$t$的状态应用全概率公式：
\[
P(O\mid\lambda)=\sum_iP(o_{1:t},i_t=q_i,o_{t+1:T}\mid\lambda).
\]
给定$i_t$后，过去观测与未来观测由马尔可夫结构分离，所以每项可写为
\[
P(o_{1:t},i_t=q_i\mid\lambda)
P(o_{t+1:T}\mid i_t=q_i,\lambda)=\alpha_t(i)\beta_t(i).
\]
对$i$求和即得结论。$t=T$时$\beta_T(i)=1$，退化为前向终止公式。"
定义,后向概率,def:V3-C05-backward,21,隐马尔可夫模型,前向与后向算法,439,src/讲义源码/第03册_优化模型与序列模型/chapters/V3-C05.tex,459,"$ _t(i)=P(o_t+1, ,o_T i_t=q_i, ). $ 末时刻未来观测为空，故$ _T(i)=1$。",,见原陈述中的对象与前提,见原陈述中的结论,低,陈述与证明结构基本完整,"1. 条件：见原陈述中的对象与前提
2. 结论：见原陈述中的结论
3. 证明起点：该条为定义或当前范围未提供证明。
4. 逐步写明每个条件在何处被使用，等式变形前核对定义域/维数/正分母。
5. 用一个只破坏单一条件的反例说明边界；最后复述结论而不是只写“证毕”。","\[
\beta_t(i)=P(o_{t+1},\ldots,o_T\mid i_t=q_i,\lambda).
\]
末时刻未来观测为空，故$\beta_T(i)=1$。",
定义,概率无向图模型,def:V3-C06-mrf,22,条件随机场,概率图、因子与势函数,466,src/讲义源码/第03册_优化模型与序列模型/chapters/V3-C06.tex,170,"设$Y=(Y_v)_v V$具有联合分布$P(Y)$，无向图$G=(V,E)$的每个结点$v$对应$Y_v$。若$P$满足图$G$给出的全局马尔可夫性：当结点集$C$在图中分隔$A$与$B$时， $ Y_A Y_B Y_C, $ 则称$P$是由$G$表示的概率无向图模型或马尔可夫随机场。",,"设$Y=(Y_v)_v V$具有联合分布$P(Y)$，无向图$G=(V,E)$的每个结点$v$对应$Y_v$。若$P$满足图$G$给出的全局马尔可夫性：当结点集$C$在图中分隔$A$与$B$时， $ Y_A Y_B Y_C, $",称$P$是由$G$表示的概率无向图模型或马尔可夫随机场。,中,符号密度高,"1. 条件：设$Y=(Y_v)_v V$具有联合分布$P(Y)$，无向图$G=(V,E)$的每个结点$v$对应$Y_v$。若$P$满足图$G$给出的全局马尔可夫性：当结点集$C$在图中分隔$A$与$B$时， $ Y_A Y_B Y_C, $
2. 结论：称$P$是由$G$表示的概率无向图模型或马尔可夫随机场。
3. 证明起点：该条为定义或当前范围未提供证明。
4. 逐步写明每个条件在何处被使用，等式变形前核对定义域/维数/正分母。
5. 用一个只破坏单一条件的反例说明边界；最后复述结论而不是只写“证毕”。","设$Y=(Y_v)_{v\in V}$具有联合分布$P(Y)$，无向图$G=(V,E)$的每个结点$v$对应$Y_v$。若$P$满足图$G$给出的全局马尔可夫性：当结点集$C$在图中分隔$A$与$B$时，
\[
Y_A\perp Y_B\mid Y_C,
\]
则称$P$是由$G$表示的概率无向图模型或马尔可夫随机场。",
定理,合法支持上的Hammersley--Clifford因子分解,thm:V3-C06-hc,22,条件随机场,概率图、因子与势函数,467,src/讲义源码/第03册_优化模型与序列模型/chapters/V3-C06.tex,218,设$ $是由$G$的局部硬约束给出的非空有限合法配置空间，$P(y)=0$对$y $，且$P(y)>0$对每个$y $。把这些硬约束作为取值$0/1$的团因子后，若$P$在合法支持上满足$G$的马尔可夫性，则存在严格正的软团势$ _C$，使 $ P(y)= I\y \Z _C _C(y_C). $ 反向地，这种“局部硬因子$ $严格正软势”的分解在合法条件事件上满足$G$给出的全局马尔可夫性。无硬约束时$ $就是全部配置，退化为通常定理。,"先把描述$ $的局部$0/1$硬因子提出；它们只删除非法配置，不参与取对数。固定一个合法基准配置$y^0$，在合法支持上记$h(y)= P(y)$；严格正性保证这里的对数有限。对与局部硬约束相容的坐标块$D V$定义Möbius交互项 $ _D(y_D)= _B D(-1)^|D B| h(y_B,y^0_V B). $ 布尔格上的Möbius反演逐项给出 $ h(y)= _D V _D(y_D). $ 若$D$不是团，则其中含有一对不相邻结点$u,v$。由严格正分布的图马尔可夫性可取成对形式 $Y_u Y_v Y_V \u,v\$。因此对任意其余变量配置$c$，条件优势比为1，即 $ h(y_u,y_v,c)-h(y_u,y_v^0,c) -h(y_u^0,y_v,c)+h(y_u^0,y_v^0,c)=0. $ 在$ _D$的交替和中，先按是否含$u,v$把合法四项配对，上式使每一组都抵消，故$ _D 0$。所以合法支持上的$h$只含团上的交互项。将每个非最大团项分配给任一包含它的最大团，并令 $ _C(y_C)= \ _D C _D(y_D)\>0$，便有 $P(y)=Z^-1 I\y \ _C _C(y_C)$；常数项吸收到$Z$中。这完成正向构造。 再证因子分解到全局马尔可夫性。设$C$分隔$A$与$B$。把全部最大团因子按是否涉及$A$归入第一组，其余归入第二组；由于没有最大团能够同时跨越被$C$分隔的$A$与$B$，可写 $ P(y_A,y_B,y_C)=Z^-1g(y_A,y_C)h(y_B,y_C). $ 固定$y_C$并分别对$y_A,y_B$求和，条件分布的归一化常数分解为 $ _y_A,y_Bg(y_A,y_C)h(y_B,y_C) = ( _y_Ag ) ( _y_Bh ). $ 因此$P(y_A,y_B y_C)=P(y_A y_C)P(y_B y_C)$，全局马尔可夫性成立。两个方向都已证明。",设$ $是由$G$的局部硬约束给出的非空有限合法配置空间，$P(y)=0$对$y $，且$P(y)>0$对每个$y $。把这些硬约束作为取值$0/1$的团因子后，若$P$在合法支持上满足$G$的马尔可夫性,存在严格正的软团势$ _C$，使 $ P(y)= I\y \Z _C _C(y_C). $ 反向地，这种“局部硬因子$ $严格正软势”的分解在合法条件事件上满足$G$给出的全局马尔可夫性。无硬约束时$ $就是全部配置，退化为通常定理。,中,符号密度高,"1. 条件：设$ $是由$G$的局部硬约束给出的非空有限合法配置空间，$P(y)=0$对$y $，且$P(y)>0$对每个$y $。把这些硬约束作为取值$0/1$的团因子后，若$P$在合法支持上满足$G$的马尔可夫性
2. 结论：存在严格正的软团势$ _C$，使 $ P(y)= I\y \Z _C _C(y_C). $ 反向地，这种“局部硬因子$ $严格正软势”的分解在合法条件事件上满足$G$给出的全局马尔可夫性。无硬约束时$ $就是全部配置，退化为通常定理。
3. 证明起点：先把描述$ $的局部$0/1$硬因子提出；
4. 逐步写明每个条件在何处被使用，等式变形前核对定义域/维数/正分母。
5. 用一个只破坏单一条件的反例说明边界；最后复述结论而不是只写“证毕”。","设$\Omega$是由$G$的局部硬约束给出的非空有限合法配置空间，$P(y)=0$对$y\notin\Omega$，且$P(y)>0$对每个$y\in\Omega$。把这些硬约束作为取值$0/1$的团因子后，若$P$在合法支持上满足$G$的马尔可夫性，则存在严格正的软团势$\psi_C$，使
\[
P(y)=\frac{\mathbb I\{y\in\Omega\}}{Z}\prod_C\psi_C(y_C).
\]
反向地，这种“局部硬因子$\times$严格正软势”的分解在合法条件事件上满足$G$给出的全局马尔可夫性。无硬约束时$\Omega$就是全部配置，退化为通常定理。","先把描述$\Omega$的局部$0/1$硬因子提出；它们只删除非法配置，不参与取对数。固定一个合法基准配置$y^0$，在合法支持上记$h(y)=\log P(y)$；严格正性保证这里的对数有限。对与局部硬约束相容的坐标块$D\subseteq V$定义Möbius交互项
\[
\theta_D(y_D)=
\sum_{B\subseteq D}(-1)^{|D\setminus B|}
h(y_B,y^0_{V\setminus B}).
\]
布尔格上的Möbius反演逐项给出
\[
h(y)=\sum_{D\subseteq V}\theta_D(y_D).
\]
若$D$不是团，则其中含有一对不相邻结点$u,v$。由严格正分布的图马尔可夫性可取成对形式
$Y_u\perp Y_v\mid Y_{V\setminus\{u,v\}}$。因此对任意其余变量配置$c$，条件优势比为1，即
\[
h(y_u,y_v,c)-h(y_u,y_v^0,c)
-h(y_u^0,y_v,c)+h(y_u^0,y_v^0,c)=0.
\]
在$\theta_D$的交替和中，先按是否含$u,v$把合法四项配对，上式使每一组都抵消，故$\theta_D\equiv0$。所以合法支持上的$h$只含团上的交互项。将每个非最大团项分配给任一包含它的最大团，并令
$\psi_C(y_C)=\exp\{\sum_{D\mapsto C}\theta_D(y_D)\}>0$，便有
$P(y)=Z^{-1}\mathbb I\{y\in\Omega\}\prod_C\psi_C(y_C)$；常数项吸收到$Z$中。这完成正向构造。

再证因子分解到全局马尔可夫性。设$C$分隔$A$与$B$。把全部最大团因子按是否涉及$A$归入第一组，其余归入第二组；由于没有最大团能够同时跨越被$C$分隔的$A$与$B$，可写
\[
P(y_A,y_B,y_C)=Z^{-1}g(y_A,y_C)h(y_B,y_C).
\]
固定$y_C$并分别对$y_A,y_B$求和，条件分布的归一化常数分解为
\[
\sum_{y_A,y_B}g(y_A,y_C)h(y_B,y_C)
=\Bigl(\sum_{y_A}g\Bigr)\Bigl(\sum_{y_B}h\Bigr).
\]
因此$P(y_A,y_B\mid y_C)=P(y_A\mid y_C)P(y_B\mid y_C)$，全局马尔可夫性成立。两个方向都已证明。"
定义,条件随机场,def:V3-C06-crf,22,条件随机场,线性链条件随机场,469,src/讲义源码/第03册_优化模型与序列模型/chapters/V3-C06.tex,296,"设$X,Y$为随机变量，$P(Y X)$为给定$X$时$Y$的条件分布。若对无向图$G=(V,E)$中的每个结点$v$都有 $ P(Y_v X,Y_V \v\) =P(Y_v X,Y_N(v)), $ 则称$P(Y X)$为图$G$上的条件随机场。",,"设$X,Y$为随机变量，$P(Y X)$为给定$X$时$Y$的条件分布。若对无向图$G=(V,E)$中的每个结点$v$都有 $ P(Y_v X,Y_V \v\) =P(Y_v X,Y_N(v)), $",称$P(Y X)$为图$G$上的条件随机场。,中,符号密度高,"1. 条件：设$X,Y$为随机变量，$P(Y X)$为给定$X$时$Y$的条件分布。若对无向图$G=(V,E)$中的每个结点$v$都有 $ P(Y_v X,Y_V \v\) =P(Y_v X,Y_N(v)), $
2. 结论：称$P(Y X)$为图$G$上的条件随机场。
3. 证明起点：该条为定义或当前范围未提供证明。
4. 逐步写明每个条件在何处被使用，等式变形前核对定义域/维数/正分母。
5. 用一个只破坏单一条件的反例说明边界；最后复述结论而不是只写“证毕”。","设$X,Y$为随机变量，$P(Y\mid X)$为给定$X$时$Y$的条件分布。若对无向图$G=(V,E)$中的每个结点$v$都有
\[
P(Y_v\mid X,Y_{V\setminus\{v\}})
=P(Y_v\mid X,Y_{N(v)}),
\]
则称$P(Y\mid X)$为图$G$上的条件随机场。",
定理,Viterbi递推的最优性,thm:V3-C06-viterbi,22,条件随机场,Viterbi预测,477,src/讲义源码/第03册_优化模型与序列模型/chapters/V3-C06.tex,648,若序列总得分是相邻局部得分之和，则该递推式给出从start到stop的全局最大得分路径。,"对位置$i$归纳。$i=1$时，$ _1(b)$按定义是到达$b$的唯一一步最优得分。假设$ _i-1(a)$已是到达每个$a$的最优前缀得分。任一到达$b$的长度$i$路径必从某个$a$转入，其得分等于到$a$的前缀得分加$q_i(a,b)$；若前缀不是最优，用同终点$a$的最优前缀替换会提高或保持总得分。因此对$a$取最大得到$ _i(b)$。终点取最大并沿记录的$ $回溯，恢复达到该值的完整路径。证毕。",若序列总得分是相邻局部得分之和,该递推式给出从start到stop的全局最大得分路径。,低,陈述与证明结构基本完整,"1. 条件：若序列总得分是相邻局部得分之和
2. 结论：该递推式给出从start到stop的全局最大得分路径。
3. 证明起点：对位置$i$归纳。
4. 逐步写明每个条件在何处被使用，等式变形前核对定义域/维数/正分母。
5. 用一个只破坏单一条件的反例说明边界；最后复述结论而不是只写“证毕”。",若序列总得分是相邻局部得分之和，则该递推式给出从start到stop的全局最大得分路径。,"对位置$i$归纳。$i=1$时，$\delta_1(b)$按定义是到达$b$的唯一一步最优得分。假设$\delta_{i-1}(a)$已是到达每个$a$的最优前缀得分。任一到达$b$的长度$i$路径必从某个$a$转入，其得分等于到$a$的前缀得分加$q_i(a,b)$；若前缀不是最优，用同终点$a$的最优前缀替换会提高或保持总得分。因此对$a$取最大得到$\delta_i(b)$。终点取最大并沿记录的$\Psi$回溯，恢复达到该值的完整路径。证毕。"
定理,有限候选的验证误差控制,thm:V3-C07-validation,23,监督学习方法总结,监督学习方法的共同框架,488,src/讲义源码/第03册_优化模型与序列模型/chapters/V3-C07.tex,187,"给定训练集后，设$M=| M|< $，各候选模型固定，验证损失独立且位于$[0,1]$。则对任意$ (0,1)$，以至少$1- $的概率，对所有$m M$同时成立 $ R( f_m) R_val( f_m) + M+ (1/ )2n_val. $","证明目标是得到一个对全部候选同时成立的事件。固定$m$后，对独立的$[0,1]$损失应用单侧Hoeffding不等式，得到 $ P (R( f_m)- R_val( f_m)> ) e^-2n_val ^2. $ 对$M$个候选取并集界，任一候选违反该界的概率不超过$M e^-2n_val ^2$。令该上界等于$ $并解出$ $，得到定理中的根号项。由于事件对全部$m$同时成立，也适用于由验证集选出的$ m$。这只控制预先给定的有限候选集合；反复查看验证结果并继续扩展候选会改变$M$及选择过程，需使用嵌套验证或新的独立数据。证毕。","给定训练集后，设$M=| M|< $，各候选模型固定，验证损失独立且位于$[0,1]$","对任意$ (0,1)$，以至少$1- $的概率，对所有$m M$同时成立 $ R( f_m) R_val( f_m) + M+ (1/ )2n_val. $",中,符号密度高,"1. 条件：给定训练集后，设$M=| M|< $，各候选模型固定，验证损失独立且位于$[0,1]$
2. 结论：对任意$ (0,1)$，以至少$1- $的概率，对所有$m M$同时成立 $ R( f_m) R_val( f_m) + M+ (1/ )2n_val. $
3. 证明起点：证明目标是得到一个对全部候选同时成立的事件。
4. 逐步写明每个条件在何处被使用，等式变形前核对定义域/维数/正分母。
5. 用一个只破坏单一条件的反例说明边界；最后复述结论而不是只写“证毕”。","给定训练集后，设$M=|\mathcal M|<\infty$，各候选模型固定，验证损失独立且位于$[0,1]$。则对任意$\delta\in(0,1)$，以至少$1-\delta$的概率，对所有$m\in\mathcal M$同时成立
\[
R(\widehat f_m)\leq
\widehat R_{\mathrm{val}}(\widehat f_m)
+\sqrt{\frac{\log M+\log(1/\delta)}{2n_{\mathrm{val}}}}.
\]","证明目标是得到一个对全部候选同时成立的事件。固定$m$后，对独立的$[0,1]$损失应用单侧Hoeffding不等式，得到
\[
P\!\left(R(\widehat f_m)-\widehat R_{\mathrm{val}}(\widehat f_m)>\epsilon\right)
\leq e^{-2n_{\mathrm{val}}\epsilon^2}.
\]
对$M$个候选取并集界，任一候选违反该界的概率不超过$M e^{-2n_{\mathrm{val}}\epsilon^2}$。令该上界等于$\delta$并解出$\epsilon$，得到定理中的根号项。由于事件对全部$m$同时成立，也适用于由验证集选出的$\widehat m$。这只控制预先给定的有限候选集合；反复查看验证结果并继续扩展候选会改变$M$及选择过程，需使用嵌套验证或新的独立数据。证毕。"
定义,无监督学习问题,def:V4-C01-unsupervised,24,无监督学习概论,无监督学习问题,503,src/讲义源码/第04册_无监督学习与矩阵分解/chapters/V4-C01.tex,138,"给定仅含观测的样本集$ U=\x_i\_i=1^N$，选定潜在结构空间$ Z$、模型族$ M=\M_ : \$和可由无标签数据计算的准则$L( ; U)$，无监督学习求 $ _ L( ; U) $ 或等价的极大化问题，并输出表示$z_i=g_ (x_i)$、后验$p_ (z_i x_i)$、生成模型$p_ (x,z)$或它们的组合。",,给定仅含观测的样本集$ U=\x_i\_i=1^N$，选定潜在结构空间$ Z$、模型族$ M=\M_ : \$和可由无标签数据计算的准,"$L( ; U)$，无监督学习求 $ _ L( ; U) $ 或等价的极大化问题，并输出表示$z_i=g_ (x_i)$、后验$p_ (z_i x_i)$、生成模型$p_ (x,z)$或它们的组合。",中,符号密度高,"1. 条件：给定仅含观测的样本集$ U=\x_i\_i=1^N$，选定潜在结构空间$ Z$、模型族$ M=\M_ : \$和可由无标签数据计算的准
2. 结论：$L( ; U)$，无监督学习求 $ _ L( ; U) $ 或等价的极大化问题，并输出表示$z_i=g_ (x_i)$、后验$p_ (z_i x_i)$、生成模型$p_ (x,z)$或它们的组合。
3. 证明起点：该条为定义或当前范围未提供证明。
4. 逐步写明每个条件在何处被使用，等式变形前核对定义域/维数/正分母。
5. 用一个只破坏单一条件的反例说明边界；最后复述结论而不是只写“证毕”。","给定仅含观测的样本集$\mathcal U=\{x_i\}_{i=1}^{N}$，选定潜在结构空间$\mathcal Z$、模型族$\mathcal M=\{M_\theta:\theta\in\Theta\}$和可由无标签数据计算的准则$L(\theta;\mathcal U)$，无监督学习求
\[
\widehat\theta\in\arg\min_{\theta\in\Theta}L(\theta;\mathcal U)
\]
或等价的极大化问题，并输出表示$z_i=g_{\widehat\theta}(x_i)$、后验$p_{\widehat\theta}(z_i\mid x_i)$、生成模型$p_{\widehat\theta}(x,z)$或它们的组合。",
定义,硬聚类与软聚类,def:V4-C01-hard-soft,24,无监督学习概论,基本方法与任务分类,505,src/讲义源码/第04册_无监督学习与矩阵分解/chapters/V4-C01.tex,167,"若每个样本只得到一个类别$z_i \1, ,K\$，称为硬聚类；若输出满足 $ q_ik 0, _k=1^Kq_ik=1 $ 的成员概率或隶属度向量$q_i$，称为软聚类。软分配经过最大分量决策可变成硬分配，但会丢失不确定性。",,"若每个样本只得到一个类别$z_i \1, ,K\$，称为硬聚类","若输出满足 $ q_ik 0, _k=1^Kq_ik=1 $ 的成员概率或隶属度向量$q_i$，称为软聚类。软分配经过最大分量决策可变成硬分配，但会丢失不确定性。",低,陈述与证明结构基本完整,"1. 条件：若每个样本只得到一个类别$z_i \1, ,K\$，称为硬聚类
2. 结论：若输出满足 $ q_ik 0, _k=1^Kq_ik=1 $ 的成员概率或隶属度向量$q_i$，称为软聚类。软分配经过最大分量决策可变成硬分配，但会丢失不确定性。
3. 证明起点：该条为定义或当前范围未提供证明。
4. 逐步写明每个条件在何处被使用，等式变形前核对定义域/维数/正分母。
5. 用一个只破坏单一条件的反例说明边界；最后复述结论而不是只写“证毕”。","若每个样本只得到一个类别$z_i\in\{1,\ldots,K\}$，称为硬聚类；若输出满足
\[
q_{ik}\geq0,\qquad \sum_{k=1}^{K}q_{ik}=1
\]
的成员概率或隶属度向量$q_i$，称为软聚类。软分配经过最大分量决策可变成硬分配，但会丢失不确定性。",
定义,降维表示,def:V4-C01-dimred,24,无监督学习概论,基本方法与任务分类,505,src/讲义源码/第04册_无监督学习与矩阵分解/chapters/V4-C01.tex,180,"给定$d<M$，降维学习编码器$g_ : R^M R^d$，令$z_i=g_ (x_i)$；若同时有解码器$h_ : R^d R^M$，则重构为$ x_i=h_ (z_i)$。线性降维限制$g_ ,h_ $为线性映射，非线性降维允许曲面或分段结构。",,给定$d<M$，降维学习编码器$g_ : R^M R^d$，令$z_i=g_ (x_i)$；若同时有解码器$h_ : R^d R^M$,"重构为$ x_i=h_ (z_i)$。线性降维限制$g_ ,h_ $为线性映射，非线性降维允许曲面或分段结构。",中,符号密度高,"1. 条件：给定$d<M$，降维学习编码器$g_ : R^M R^d$，令$z_i=g_ (x_i)$；若同时有解码器$h_ : R^d R^M$
2. 结论：重构为$ x_i=h_ (z_i)$。线性降维限制$g_ ,h_ $为线性映射，非线性降维允许曲面或分段结构。
3. 证明起点：该条为定义或当前范围未提供证明。
4. 逐步写明每个条件在何处被使用，等式变形前核对定义域/维数/正分母。
5. 用一个只破坏单一条件的反例说明边界；最后复述结论而不是只写“证毕”。","给定$d<M$，降维学习编码器$g_\theta:\mathbb R^M\to\mathbb R^d$，令$z_i=g_\theta(x_i)$；若同时有解码器$h_\phi:\mathbb R^d\to\mathbb R^M$，则重构为$\widehat x_i=h_\phi(z_i)$。线性降维限制$g_\theta,h_\phi$为线性映射，非线性降维允许曲面或分段结构。",
定义,潜变量概率模型,def:V4-C01-latent-model,24,无监督学习概论,基本方法与任务分类,505,src/讲义源码/第04册_无监督学习与矩阵分解/chapters/V4-C01.tex,184,"潜变量模型以 $ p_ (x,z)=p_ (z)p_ (x z), p_ (x)= _z Zp_ (x,z) $ 描述观测与未观测结构；连续$z$时将求和替换为积分。学习阶段用观测样本估计$ $，推断阶段计算或近似$p_ (z x)$。",,见原陈述中的对象与前提,见原陈述中的结论,中,符号密度高,"1. 条件：见原陈述中的对象与前提
2. 结论：见原陈述中的结论
3. 证明起点：该条为定义或当前范围未提供证明。
4. 逐步写明每个条件在何处被使用，等式变形前核对定义域/维数/正分母。
5. 用一个只破坏单一条件的反例说明边界；最后复述结论而不是只写“证毕”。","潜变量模型以
\[
p_\theta(x,z)=p_\theta(z)p_\theta(x\mid z),\qquad
p_\theta(x)=\sum_{z\in\mathcal Z}p_\theta(x,z)
\]
描述观测与未观测结构；连续$z$时将求和替换为积分。学习阶段用观测样本估计$\theta$，推断阶段计算或近似$p_\theta(z\mid x)$。",
定理,均匀先验下的后验排序,thm:V4-C01-uniform-prior,24,无监督学习概论,生成式与表示学习视角,508,src/讲义源码/第04册_无监督学习与矩阵分解/chapters/V4-C01.tex,256,若$p_ (z=k)=1/K$对所有$k$成立，则对任意$p_ (x)>0$的$x$， $ _k p_ (z=k x) = _k p_ (x z=k). $ 若先验不均匀，条件密度相同的两个类别会优先选择先验概率较大的类别。,将均匀先验代入后验公式，分子为$K^-1p_ (x z=k)$，分母为所有分子的和。对固定$x$，分母与$k$无关且为正，乘子$K^-1$也对各类相同，因此后验的大小顺序与条件密度的大小顺序一致。若先验不均匀，后验排序由$p_ (z=k)p_ (x z=k)$决定；在两个条件密度相等时，乘积随先验增大而增大。两项结论均得到证明。,若$p_ (z=k)=1/K$对所有$k$成立,对任意$p_ (x)>0$的$x$， $ _k p_ (z=k x) = _k p_ (x z=k). $ 若先验不均匀，条件密度相同的两个类别会优先选择先验概率较大的类别。,中,符号密度高,"1. 条件：若$p_ (z=k)=1/K$对所有$k$成立
2. 结论：对任意$p_ (x)>0$的$x$， $ _k p_ (z=k x) = _k p_ (x z=k). $ 若先验不均匀，条件密度相同的两个类别会优先选择先验概率较大的类别。
3. 证明起点：将均匀先验代入后验公式，分子为$K^-1p_ (x z=k)$，分母为所有分子的和。
4. 逐步写明每个条件在何处被使用，等式变形前核对定义域/维数/正分母。
5. 用一个只破坏单一条件的反例说明边界；最后复述结论而不是只写“证毕”。","若$p_\theta(z=k)=1/K$对所有$k$成立，则对任意$p_\theta(x)>0$的$x$，
\[
\arg\max_k p_\theta(z=k\mid x)
=\arg\max_k p_\theta(x\mid z=k).
\]
若先验不均匀，条件密度相同的两个类别会优先选择先验概率较大的类别。",将均匀先验代入后验公式，分子为$K^{-1}p_\theta(x\mid z=k)$，分母为所有分子的和。对固定$x$，分母与$k$无关且为正，乘子$K^{-1}$也对各类相同，因此后验的大小顺序与条件密度的大小顺序一致。若先验不均匀，后验排序由$p_\theta(z=k)p_\theta(x\mid z=k)$决定；在两个条件密度相等时，乘积随先验增大而增大。两项结论均得到证明。
定义,硬聚类,def:V4-C02-hard-clustering,25,聚类方法,聚类问题与相似度,520,src/讲义源码/第04册_无监督学习与矩阵分解/chapters/V4-C02.tex,133,"样本集合$ X=\x_1, ,x_n\$的$k$类硬聚类是非空子集$G_1, ,G_k$，满足 $ G_p G_q= (p q), _ =1^kG_ = X. $ 等价地，可用满射$C:\1, ,n\ \1, ,k\$表示，其中$C(i)= $当且仅当$x_i G_ $。",,见原陈述中的对象与前提,见原陈述中的结论,中,符号密度高,"1. 条件：见原陈述中的对象与前提
2. 结论：见原陈述中的结论
3. 证明起点：该条为定义或当前范围未提供证明。
4. 逐步写明每个条件在何处被使用，等式变形前核对定义域/维数/正分母。
5. 用一个只破坏单一条件的反例说明边界；最后复述结论而不是只写“证毕”。","样本集合$\mathcal X=\{x_1,\ldots,x_n\}$的$k$类硬聚类是非空子集$G_1,\ldots,G_k$，满足
\[
G_p\cap G_q=\varnothing\quad(p\neq q),\qquad
\bigcup_{\ell=1}^{k}G_\ell=\mathcal X.
\]
等价地，可用满射$C:\{1,\ldots,n\}\to\{1,\ldots,k\}$表示，其中$C(i)=\ell$当且仅当$x_i\in G_\ell$。",
定义,距离与相似度,def:V4-C02-distance-similarity,25,聚类方法,聚类问题与相似度,521,src/讲义源码/第04册_无监督学习与矩阵分解/chapters/V4-C02.tex,160,"距离$d(x,y)$通常满足$d(x,y) 0$、$d(x,y)=0 x=y$、对称性和三角不等式；相似度$s(x,y)$通常数值越大表示越相似，但未必满足度量公理。把相似度改写为$1-s$只有在取值范围和三角性质经过核对后才可能成为距离。",,见原陈述中的对象与前提,见原陈述中的结论,中,符号密度高,"1. 条件：见原陈述中的对象与前提
2. 结论：见原陈述中的结论
3. 证明起点：该条为定义或当前范围未提供证明。
4. 逐步写明每个条件在何处被使用，等式变形前核对定义域/维数/正分母。
5. 用一个只破坏单一条件的反例说明边界；最后复述结论而不是只写“证毕”。","距离$d(x,y)$通常满足$d(x,y)\geq0$、$d(x,y)=0\Leftrightarrow x=y$、对称性和三角不等式；相似度$s(x,y)$通常数值越大表示越相似，但未必满足度量公理。把相似度改写为$1-s$只有在取值范围和三角性质经过核对后才可能成为距离。",
定理,k均值的单调下降与有限终止,thm:V4-C02-kmeans-descent,25,聚类方法,k均值模型与目标函数,528,src/讲义源码/第04册_无监督学习与矩阵分解/chapters/V4-C02.tex,426,假设每轮分配步按固定规则选择最近中心，中心步对每个非空类取均值，且不出现空类。则目标序列$W^(t)$单调不增。若每当分配改变时目标严格下降，则算法经过有限轮后分配稳定；稳定点是交替优化的坐标极小点，但未必是全局极小点。,"固定$ ^(t)$时，最近中心分配逐样本最小化距离项，因此 $ W(C^(t+1), ^(t)) W(C^(t), ^(t)). $ 固定$C^(t+1)$时，上面的平方和分解表明类内均值使每一类目标最小，所以 $ W(C^(t+1), ^(t+1)) W(C^(t+1), ^(t)). $ 串联两式得到$W^(t+1) W^(t)$。非空$k$划分的数量有限；若分配改变必使目标严格下降，就不能再次访问同一分配，也不能无限产生新分配，因此有限轮后分配保持不变。联合目标非凸，不同初值可能停在不同稳定分配，故结论不包含全局最优保证。",假设每轮分配步按固定规,选择最近中心，中心步对每个非空类取均值，且不出现空类。则目标序列$W^(t)$单调不增。若每当分配改变时目标严格下降，则算法经过有限轮后分配稳定；稳定点是交替优化的坐标极小点，但未必是全局极小点。,低,陈述与证明结构基本完整,"1. 条件：假设每轮分配步按固定规
2. 结论：选择最近中心，中心步对每个非空类取均值，且不出现空类。则目标序列$W^(t)$单调不增。若每当分配改变时目标严格下降，则算法经过有限轮后分配稳定；稳定点是交替优化的坐标极小点，但未必是全局极小点。
3. 证明起点：固定$ ^(t)$时，最近中心分配逐样本最小化距离项，因此 $ W(C^(t+1), ^(t)) W(C^(t), ^(t)). $ 固定$C^(t+1)$时，上面的平方和分解表明类内均值使每一类目标最小，所以 $ W(C^(t+1), ^(t+1)) W(C^(t+1), ^(t)). $ 串联两式得到$W^(t+1) W^(t)$。
4. 逐步写明每个条件在何处被使用，等式变形前核对定义域/维数/正分母。
5. 用一个只破坏单一条件的反例说明边界；最后复述结论而不是只写“证毕”。",假设每轮分配步按固定规则选择最近中心，中心步对每个非空类取均值，且不出现空类。则目标序列$W^{(t)}$单调不增。若每当分配改变时目标严格下降，则算法经过有限轮后分配稳定；稳定点是交替优化的坐标极小点，但未必是全局极小点。,"固定$\mu^{(t)}$时，最近中心分配逐样本最小化距离项，因此
\[
W(C^{(t+1)},\mu^{(t)})\leq W(C^{(t)},\mu^{(t)}).
\]
固定$C^{(t+1)}$时，上面的平方和分解表明类内均值使每一类目标最小，所以
\[
W(C^{(t+1)},\mu^{(t+1)})\leq W(C^{(t+1)},\mu^{(t)}).
\]
串联两式得到$W^{(t+1)}\leq W^{(t)}$。非空$k$划分的数量有限；若分配改变必使目标严格下降，就不能再次访问同一分配，也不能无限产生新分配，因此有限轮后分配保持不变。联合目标非凸，不同初值可能停在不同稳定分配，故结论不包含全局最优保证。"
定义,完整奇异值分解,def:V4-C03-full-svd,26,奇异值分解,SVD定义与存在性,543,src/讲义源码/第04册_无监督学习与矩阵分解/chapters/V4-C03.tex,147,"矩阵$A R^m n$的完整奇异值分解是 $ A=U V^T, $ 其中$U^TU=UU^T=I_m$，$V^TV=VV^T=I_n$，并且 $ = diag( _1, , _p) 0\\ 0 0 _m n, _1 _p 0. $ $ _j$称为奇异值，$U$和$V$的列分别称为左、右奇异向量。",,见原陈述中的对象与前提,见原陈述中的结论,中,符号密度高,"1. 条件：见原陈述中的对象与前提
2. 结论：见原陈述中的结论
3. 证明起点：该条为定义或当前范围未提供证明。
4. 逐步写明每个条件在何处被使用，等式变形前核对定义域/维数/正分母。
5. 用一个只破坏单一条件的反例说明边界；最后复述结论而不是只写“证毕”。","矩阵$A\in\mathbb R^{m\times n}$的完整奇异值分解是
\[
A=U\Sigma V^T,
\]
其中$U^TU=UU^T=I_m$，$V^TV=VV^T=I_n$，并且
\[
\Sigma=
\begin{bmatrix}
\operatorname{diag}(\sigma_1,\ldots,\sigma_p)&0\\
0&0
\end{bmatrix}_{m\times n},
\qquad
\sigma_1\geq\cdots\geq\sigma_p\geq0.
\]
$\sigma_j$称为奇异值，$U$和$V$的列分别称为左、右奇异向量。",
定理,奇异值分解存在性,thm:V4-C03-svd-existence,26,奇异值分解,SVD定义与存在性,546,src/讲义源码/第04册_无监督学习与矩阵分解/chapters/V4-C03.tex,252,每个$A R^m n$都存在完整SVD。奇异值作为$A^TA$非负特征值的平方根是唯一的；单个奇异向量未必唯一：向量符号可同时改变，重奇异值对应子空间内可作正交旋转，零奇异值对应的基可任意正交补全。,"上面的三步构造给出正交矩阵$U,V$、矩形对角矩阵$ $并验证$A=U V^T$，因此存在性成立。$A^TA$的特征值多重集合由$A$唯一确定，非负平方根也唯一，故奇异值唯一。若把某对$(u_j,v_j)$同时换成$(-u_j,-v_j)$，外积$ _ju_jv_j^T$不变；若干奇异值相等时，在相应左右子空间中应用同一个正交变换也保持乘积；零空间的正交基只负责补全，不影响$A$。这些构造分别说明非唯一来源。",见原陈述中的对象与前提,见原陈述中的结论,低,陈述与证明结构基本完整,"1. 条件：见原陈述中的对象与前提
2. 结论：见原陈述中的结论
3. 证明起点：上面的三步构造给出正交矩阵$U,V$、矩形对角矩阵$ $并验证$A=U V^T$，因此存在性成立。
4. 逐步写明每个条件在何处被使用，等式变形前核对定义域/维数/正分母。
5. 用一个只破坏单一条件的反例说明边界；最后复述结论而不是只写“证毕”。",每个$A\in\mathbb R^{m\times n}$都存在完整SVD。奇异值作为$A^TA$非负特征值的平方根是唯一的；单个奇异向量未必唯一：向量符号可同时改变，重奇异值对应子空间内可作正交旋转，零奇异值对应的基可任意正交补全。,"上面的三步构造给出正交矩阵$U,V$、矩形对角矩阵$\Sigma$并验证$A=U\Sigma V^T$，因此存在性成立。$A^TA$的特征值多重集合由$A$唯一确定，非负平方根也唯一，故奇异值唯一。若把某对$(u_j,v_j)$同时换成$(-u_j,-v_j)$，外积$\sigma_ju_jv_j^T$不变；若干奇异值相等时，在相应左右子空间中应用同一个正交变换也保持乘积；零空间的正交基只负责补全，不影响$A$。这些构造分别说明非唯一来源。"
定理,谱范数与最小放大率,thm:V4-C03-singular-extrema,26,奇异值分解,奇异值和左右奇异向量,547,src/讲义源码/第04册_无监督学习与矩阵分解/chapters/V4-C03.tex,296,对任意$A R^m n$， $ _\|x\|_2=1\|Ax\|_2= _1. $ 若$A$列满秩，则 $ _\|x\|_2=1\|Ax\|_2= _n>0. $ 极值方向分别可取$v_1$和$v_n$。,令$y=V^Tx$，则$\|y\|_2=\|x\|_2=1$，并且 $ \|Ax\|_2^2=\| y\|_2^2 = _j=1^p _j^2y_j^2. $ 该加权和不超过$ _1^2 _jy_j^2= _1^2$，取$y=e_1$达到上界。列满秩时$n m$且所有$n$个奇异值为正，加权和不小于$ _n^2 _jy_j^2= _n^2$，取$y=e_n$达到下界。,对任意$A R^m n$， $ _\|x\|_2=1\|Ax\|_2= _1. $ 若$A$列满秩,$ _\|x\|_2=1\|Ax\|_2= _n>0. $ 极值方向分别可取$v_1$和$v_n$。,中,符号密度高；证明路线提示不足,"1. 条件：对任意$A R^m n$， $ _\|x\|_2=1\|Ax\|_2= _1. $ 若$A$列满秩
2. 结论：$ _\|x\|_2=1\|Ax\|_2= _n>0. $ 极值方向分别可取$v_1$和$v_n$。
3. 证明起点：令$y=V^Tx$，则$\|y\|_2=\|x\|_2=1$，并且 $ \|Ax\|_2^2=\| y\|_2^2 = _j=1^p _j^2y_j^2. $ 该加权和不超过$ _1^2 _jy_j^2= _1^2$，取$y=e_1$达到上界。
4. 逐步写明每个条件在何处被使用，等式变形前核对定义域/维数/正分母。
5. 用一个只破坏单一条件的反例说明边界；最后复述结论而不是只写“证毕”。","对任意$A\in\mathbb R^{m\times n}$，
\[
\max_{\|x\|_2=1}\|Ax\|_2=\sigma_1.
\]
若$A$列满秩，则
\[
\min_{\|x\|_2=1}\|Ax\|_2=\sigma_n>0.
\]
极值方向分别可取$v_1$和$v_n$。","令$y=V^Tx$，则$\|y\|_2=\|x\|_2=1$，并且
\[
\|Ax\|_2^2=\|\Sigma y\|_2^2
=\sum_{j=1}^{p}\sigma_j^2y_j^2.
\]
该加权和不超过$\sigma_1^2\sum_jy_j^2=\sigma_1^2$，取$y=e_1$达到上界。列满秩时$n\leq m$且所有$n$个奇异值为正，加权和不小于$\sigma_n^2\sum_jy_j^2=\sigma_n^2$，取$y=e_n$达到下界。"
定义,紧奇异值分解,def:V4-C03-compact-svd,26,奇异值分解,紧致与截断SVD,548,src/讲义源码/第04册_无监督学习与矩阵分解/chapters/V4-C03.tex,338,"若$r=rank(A)>0$，只保留正奇异值及其向量，得到 $ A=U_r _rV_r^T, $ 其中 $ U_r R^m r, _r=diag( _1, , _r) R^r r, V_r R^n r. $ $U_r^TU_r=V_r^TV_r=I_r$，但$U_rU_r^T$与$V_rV_r^T$通常只是投影矩阵。",,"若$r=rank(A)>0$，只保留正奇异值及其向量，得到 $ A=U_r _rV_r^T, $ 其中 $ U_r R^m r, _r=diag( _1, , _r) R^r r, V_r R^n r. $ $U_r^TU_r=V_r^TV_r=I_r$，但$U_rU_r^T$与$V_rV_r^T$通常只是投影矩阵",,中,符号密度高,"1. 条件：若$r=rank(A)>0$，只保留正奇异值及其向量，得到 $ A=U_r _rV_r^T, $ 其中 $ U_r R^m r, _r=diag( _1, , _r) R^r r, V_r R^n r. $ $U_r^TU_r=V_r^TV_r=I_r$，但$U_rU_r^T$与$V_rV_r^T$通常只是投影矩阵
2. 结论：
3. 证明起点：该条为定义或当前范围未提供证明。
4. 逐步写明每个条件在何处被使用，等式变形前核对定义域/维数/正分母。
5. 用一个只破坏单一条件的反例说明边界；最后复述结论而不是只写“证毕”。","若$r=\operatorname{rank}(A)>0$，只保留正奇异值及其向量，得到
\[
A=U_r\Sigma_rV_r^T,
\]
其中
\[
U_r\in\mathbb R^{m\times r},\quad
\Sigma_r=\operatorname{diag}(\sigma_1,\ldots,\sigma_r)\in\mathbb R^{r\times r},\quad
V_r\in\mathbb R^{n\times r}.
\]
$U_r^TU_r=V_r^TV_r=I_r$，但$U_rU_r^T$与$V_rV_r^T$通常只是投影矩阵。",
定义,零矩阵的秩$0$紧SVD,def:V4-C03-rank-zero-svd,26,奇异值分解,紧致与截断SVD,548,src/讲义源码/第04册_无监督学习与矩阵分解/chapters/V4-C03.tex,357,"若$A=0_m n$，则$r=0$，其紧SVD采用空因子约定 $ U_0 R^m 0, _0 R^0 0, V_0 R^n 0, A=U_0 _0V_0^ T=0_m n. $ 这里没有正奇异三元组需要计算；空列正交条件$U_0^ TU_0=V_0^ TV_0=I_0$按空矩阵约定成立。完整SVD仍可用任意正交$U,V$和全零$ $表示。因而“范数为零”是合法的秩$0$结果，不是数值失败。",,若$A=0_m n$,"$r=0$，其紧SVD采用空因子约定 $ U_0 R^m 0, _0 R^0 0, V_0 R^n 0, A=U_0 _0V_0^ T=0_m n. $ 这里没有正奇异三元组需要计算；空列正交条件$U_0^ TU_0=V_0^ TV_0=I_0$按空矩阵约定成立。完整SVD仍可用任意正交$U,V$和全零$ $表示。因而“范数为零”是合法的秩$0$结果，不是数值失败。",中,符号密度高,"1. 条件：若$A=0_m n$
2. 结论：$r=0$，其紧SVD采用空因子约定 $ U_0 R^m 0, _0 R^0 0, V_0 R^n 0, A=U_0 _0V_0^ T=0_m n. $ 这里没有正奇异三元组需要计算；空列正交条件$U_0^ TU_0=V_0^ TV_0=I_0$按空矩阵约定成立。完整SVD仍可用任意正交$U,V$和全零$ $表示。因而“范数为零”是合法的秩$0$结果，不是数值失败。
3. 证明起点：该条为定义或当前范围未提供证明。
4. 逐步写明每个条件在何处被使用，等式变形前核对定义域/维数/正分母。
5. 用一个只破坏单一条件的反例说明边界；最后复述结论而不是只写“证毕”。","若$A=0_{m\times n}$，则$r=0$，其紧SVD采用空因子约定
\[
U_0\in\mathbb R^{m\times0},\qquad
\Sigma_0\in\mathbb R^{0\times0},\qquad
V_0\in\mathbb R^{n\times0},\qquad
A=U_0\Sigma_0V_0^{\mathsf T}=0_{m\times n}.
\]
这里没有正奇异三元组需要计算；空列正交条件$U_0^{\mathsf T}U_0=V_0^{\mathsf T}V_0=I_0$按空矩阵约定成立。完整SVD仍可用任意正交$U,V$和全零$\Sigma$表示。因而“范数为零”是合法的秩$0$结果，不是数值失败。",
定义,截断奇异值分解,def:V4-C03-truncated-svd,26,奇异值分解,紧致与截断SVD,548,src/讲义源码/第04册_无监督学习与矩阵分解/chapters/V4-C03.tex,415,"若$r=rank(A)>0$，对$1 k r$，令$U_k,V_k$取前$k$列，$ _k$取前$k$个奇异值，定义 $ A_k=U_k _kV_k^T = _j=1^k _ju_jv_j^T. $ $A_k R^m n$且$rank(A_k)=k$。由紧SVD的精确重构与$ _1, , _r>0$可知 $ A_k=A k=r, 1 k<r A_k A. $ 因此$k<r$时$A_k$是对$A$的有损近似，而$k=r$时$A_r$就是精确的紧SVD重构。",,"若$r=rank(A)>0$，对$1 k r$，令$U_k,V_k$取前$k$列，$ _k$取前$k$个奇异值，定义 $ A_k=U_k _kV_k^T = _j=1^k _ju_jv_j^T. $ $A_k R^m n$且$rank(A_k)=k$","由紧SVD的精确重构与$ _1, , _r>0$可知 $ A_k=A k=r, 1 k<r A_k A. $ 因此$k<r$时$A_k$是对$A$的有损近似，而$k=r$时$A_r$就是精确的紧SVD重构。",中,符号密度高,"1. 条件：若$r=rank(A)>0$，对$1 k r$，令$U_k,V_k$取前$k$列，$ _k$取前$k$个奇异值，定义 $ A_k=U_k _kV_k^T = _j=1^k _ju_jv_j^T. $ $A_k R^m n$且$rank(A_k)=k$
2. 结论：由紧SVD的精确重构与$ _1, , _r>0$可知 $ A_k=A k=r, 1 k<r A_k A. $ 因此$k<r$时$A_k$是对$A$的有损近似，而$k=r$时$A_r$就是精确的紧SVD重构。
3. 证明起点：该条为定义或当前范围未提供证明。
4. 逐步写明每个条件在何处被使用，等式变形前核对定义域/维数/正分母。
5. 用一个只破坏单一条件的反例说明边界；最后复述结论而不是只写“证毕”。","若$r=\operatorname{rank}(A)>0$，对$1\leq k\leq r$，令$U_k,V_k$取前$k$列，$\Sigma_k$取前$k$个奇异值，定义
\[
A_k=U_k\Sigma_kV_k^T
=\sum_{j=1}^{k}\sigma_ju_jv_j^T.
\]
$A_k\in\mathbb R^{m\times n}$且$\operatorname{rank}(A_k)=k$。由紧SVD的精确重构与$\sigma_1,\ldots,\sigma_r>0$可知
\[
A_k=A\iff k=r,\qquad
1\leq k<r\Longrightarrow A_k\ne A.
\]
因此$k<r$时$A_k$是对$A$的有损近似，而$k=r$时$A_r$就是精确的紧SVD重构。",
定义,Frobenius范数,def:V4-C03-frobenius,26,奇异值分解,低秩矩阵近似,542,src/讲义源码/第04册_无监督学习与矩阵分解/chapters/V4-C03.tex,583,"对$A=[a_ij] R^m n$， $ \|A\|_F= ( _i=1^m _j=1^na_ij^2 )^1/2 = tr(A^TA). $ 若$Q,P$为维数相容的正交矩阵，则 $\|QAP^T\|_F=\|A\|_F$。",,"对$A=[a_ij] R^m n$， $ \|A\|_F= ( _i=1^m _j=1^na_ij^2 )^1/2 = tr(A^TA). $ 若$Q,P$为维数相容的正交矩阵",$\|QAP^T\|_F=\|A\|_F$。,中,符号密度高,"1. 条件：对$A=[a_ij] R^m n$， $ \|A\|_F= ( _i=1^m _j=1^na_ij^2 )^1/2 = tr(A^TA). $ 若$Q,P$为维数相容的正交矩阵
2. 结论：$\|QAP^T\|_F=\|A\|_F$。
3. 证明起点：该条为定义或当前范围未提供证明。
4. 逐步写明每个条件在何处被使用，等式变形前核对定义域/维数/正分母。
5. 用一个只破坏单一条件的反例说明边界；最后复述结论而不是只写“证毕”。","对$A=[a_{ij}]\in\mathbb R^{m\times n}$，
\[
\|A\|_F=\left(\sum_{i=1}^{m}\sum_{j=1}^{n}a_{ij}^2\right)^{1/2}
=\sqrt{\operatorname{tr}(A^TA)}.
\]
若$Q,P$为维数相容的正交矩阵，则
$\|QAP^T\|_F=\|A\|_F$。",
定义,Frobenius能量与相对范数误差,def:V4-C03-energy-error,26,奇异值分解,低秩矩阵近似,554,src/讲义源码/第04册_无监督学习与矩阵分解/chapters/V4-C03.tex,614,"当$A 0$时，保留前$k$项的平方Frobenius能量比例与尾部平方损失为 $ E_k= _j k _j^2 _j _j^2, L_k= \|A-A_k\|_F^2\|A\|_F^2=1-E_k. $ 相对Frobenius范数误差则是 $ \|A-A_k\|_F\|A\|_F= L_k= 1-E_k. $ 因此“保留$90\",,"当$A 0$时，保留前$k$项的平方Frobenius能量比例与尾部平方损失为 $ E_k= _j k _j^2 _j _j^2, L_k= \|A-A_k\|_F^2\|A\|_F^2=1-E_k. $ 相对Frobenius范数误差",是 $ \|A-A_k\|_F\|A\|_F= L_k= 1-E_k. $ 因此“保留$90\,中,符号密度高,"1. 条件：当$A 0$时，保留前$k$项的平方Frobenius能量比例与尾部平方损失为 $ E_k= _j k _j^2 _j _j^2, L_k= \|A-A_k\|_F^2\|A\|_F^2=1-E_k. $ 相对Frobenius范数误差
2. 结论：是 $ \|A-A_k\|_F\|A\|_F= L_k= 1-E_k. $ 因此“保留$90\
3. 证明起点：该条为定义或当前范围未提供证明。
4. 逐步写明每个条件在何处被使用，等式变形前核对定义域/维数/正分母。
5. 用一个只破坏单一条件的反例说明边界；最后复述结论而不是只写“证毕”。","当$A\ne0$时，保留前$k$项的平方Frobenius能量比例与尾部平方损失为
\[
E_k=\frac{\sum_{j\le k}\sigma_j^2}{\sum_j\sigma_j^2},
\qquad
L_k=\frac{\|A-A_k\|_F^2}{\|A\|_F^2}=1-E_k.
\]
相对Frobenius\emph{范数}误差则是
\[
\frac{\|A-A_k\|_F}{\|A\|_F}=\sqrt{L_k}=\sqrt{1-E_k}.
\]
因此“保留$90\%$能量”等价于“尾部平方损失$10\%$”，但范数相对误差是$\sqrt{0.1}\approx31.62\%$，不是$10\%$。报告百分比时必须写明是平方能量、平方损失还是范数误差。",
定理,Eckart--Young--Mirsky低秩最优性,thm:V4-C03-eym,26,奇异值分解,低秩矩阵近似,555,src/讲义源码/第04册_无监督学习与矩阵分解/chapters/V4-C03.tex,645,"设$A R^m n$的奇异值为 $ _1 _p 0$，且$1 k<r$。对任意 $B R^m n$且$rank(B) k$， $ \|A-B\|_2 _k+1, \|A-B\|_F ( _j=k+1^r _j^2 )^1/2. $ $A_k=U_k _kV_k^T$同时达到两个下界。若$ _k> _k+1$，前$k$维左右奇异子空间唯一，且Frobenius范数下的最优矩阵$A_k$唯一；谱范数下的最优矩阵即使存在该间隙也可能不唯一。若$ _k= _k+1$，截断边界穿过重奇异值子空间，Frobenius最优矩阵也可能不唯一。","谱范数下界。考虑$(k+1)$维子空间 $S=span(v_1, ,v_k+1)$。因为 $rank(B) k$，线性映射$B|_S$的零空间至少一维，所以存在单位向量$x S$使$Bx=0$。写 $x= _j=1^k+1c_jv_j$，则 $ \|(A-B)x\|_2^2=\|Ax\|_2^2 = _j=1^k+1 _j^2c_j^2 _k+1^2 _j=1^k+1c_j^2 = _k+1^2. $ 取单位向量上的最大值，得到$\|A-B\|_2 _k+1$。 Frobenius范数下界。令$ Q$为$B$的列空间，维数$q k$，$P_ Q$为其正交投影。由于$P_ QB=B$， $ A-B=(I-P_ Q)A+\P_ QA-B\. $ 两项的每一列互相正交，所以 $ \|A-B\|_F^2 =\|(I-P_ Q)A\|_F^2 +\|P_ QA-B\|_F^2 \|(I-P_ Q)A\|_F^2. $ 取$ Q$的一组标准正交基$q_1, ,q_q$，由 $AA^T= _j=1^p _j^2u_ju_j^T$， $ \|P_ QA\|_F^2 = _i=1^qq_i^TAA^Tq_i = _j=1^p _j^2 _j, _j= _i=1^q(u_j^Tq_i)^2. $ 这里$0 _j 1$。若$ Q$含有$N(A^T)$中的分量，则这些分量不出现在$j=1, ,p$的和中，因此只能断言 $ _j=1^p _j q k$；该不等式已足够。按奇异值非增排列，这个加权和不超过$ _j=1^k _j^2$。因此 $ \|(I-P_ Q)A\|_F^2 =\|A\|_F^2-\|P_ QA\|_F^2 _j=k+1^r _j^2. $ 最后，$A_k$的误差奇异值恰为 $ _k+1, , _r$，所以它同时达到谱范数与Frobenius范数下界。 Frobenius取等与唯一性。上述两个不等式同时取等时，必须有 $P_ QA=B$，并且投影能量达到$ _j=1^k _j^2$。若 $ _k> _k+1$，加权和取等迫使$ _j=1$（$j k$）且 $ _j=0$（$j>k$），故$ Q=span(u_1, ,u_k)$；再由 $B=P_ QA$得到$B=A_k$，Frobenius最优矩阵唯一。若 $ _k= _k+1=s$，设严格大于$s$的奇异值有$a<k$个，则可在$s$对应的重根子空间中任选$k-a$维子空间；不同选择给出不同的$P_ QA$，但舍弃奇异值平方和相同，所以最优误差唯一而最优矩阵一般不唯一。 谱范数非唯一性。即使$ _k> _k+1$，取非零$t$满足$|t| _k+1$，矩阵 $ B_t=A_k+t u_1v_1^T $ 仍有秩不超过$k$，而$A-B_t$的最大奇异值为 $ \|t|, _k+1\= _k+1$。因此$B_t$与$A_k$都是谱范数最优解，说明谱隙不推出谱范数最优矩阵唯一。",设$A R^m n$的奇异值为 $ _1 _p 0$，且$1 k<r$,"对任意 $B R^m n$且$rank(B) k$， $ \|A-B\|_2 _k+1, \|A-B\|_F ( _j=k+1^r _j^2 )^1/2. $ $A_k=U_k _kV_k^T$同时达到两个下界。若$ _k> _k+1$，前$k$维左右奇异子空间唯一，且Frobenius范数下的最优矩阵$A_k$唯一；谱范数下的最优矩阵即使存在该间隙也可能不唯一。若$ _k= _k+1$，截断边界穿过重奇异值子空间，Frobenius最优矩阵也可能不唯一。",中,符号密度高,"1. 条件：设$A R^m n$的奇异值为 $ _1 _p 0$，且$1 k<r$
2. 结论：对任意 $B R^m n$且$rank(B) k$， $ \|A-B\|_2 _k+1, \|A-B\|_F ( _j=k+1^r _j^2 )^1/2. $ $A_k=U_k _kV_k^T$同时达到两个下界。若$ _k> _k+1$，前$k$维左右奇异子空间唯一，且Frobenius范数下的最优矩阵$A_k$唯一；谱范数下的最优矩阵即使存在该间隙也可能不唯一。若$ _k= _k+1$，截断边界穿过重奇异值子空间，Frobenius最优矩阵也可能不唯一。
3. 证明起点：谱范数下界。
4. 逐步写明每个条件在何处被使用，等式变形前核对定义域/维数/正分母。
5. 用一个只破坏单一条件的反例说明边界；最后复述结论而不是只写“证毕”。","设$A\in\mathbb R^{m\times n}$的奇异值为
$\sigma_1\geq\cdots\geq\sigma_p\geq0$，且$1\leq k<r$。对任意
$B\in\mathbb R^{m\times n}$且$\operatorname{rank}(B)\leq k$，
\[
\|A-B\|_2\geq\sigma_{k+1},\qquad
\|A-B\|_F\geq\left(\sum_{j=k+1}^{r}\sigma_j^2\right)^{1/2}.
\]
$A_k=U_k\Sigma_kV_k^T$同时达到两个下界。若$\sigma_k>\sigma_{k+1}$，前$k$维左右奇异子空间唯一，且Frobenius范数下的最优矩阵$A_k$唯一；谱范数下的最优矩阵即使存在该间隙也可能不唯一。若$\sigma_k=\sigma_{k+1}$，截断边界穿过重奇异值子空间，Frobenius最优矩阵也可能不唯一。","\textbf{谱范数下界。}考虑$(k+1)$维子空间
$S=\operatorname{span}(v_1,\ldots,v_{k+1})$。因为
$\operatorname{rank}(B)\leq k$，线性映射$B|_S$的零空间至少一维，所以存在单位向量$x\in S$使$Bx=0$。写
$x=\sum_{j=1}^{k+1}c_jv_j$，则
\[
\|(A-B)x\|_2^2=\|Ax\|_2^2
=\sum_{j=1}^{k+1}\sigma_j^2c_j^2
\geq\sigma_{k+1}^2\sum_{j=1}^{k+1}c_j^2
=\sigma_{k+1}^2.
\]
取单位向量上的最大值，得到$\|A-B\|_2\geq\sigma_{k+1}$。

\textbf{Frobenius范数下界。}令$\mathcal Q$为$B$的列空间，维数$q\leq k$，$P_{\mathcal Q}$为其正交投影。由于$P_{\mathcal Q}B=B$，
\[
A-B=(I-P_{\mathcal Q})A+\{P_{\mathcal Q}A-B\}.
\]
两项的每一列互相正交，所以
\[
\|A-B\|_F^2
=\|(I-P_{\mathcal Q})A\|_F^2
+\|P_{\mathcal Q}A-B\|_F^2
\geq\|(I-P_{\mathcal Q})A\|_F^2.
\]
取$\mathcal Q$的一组标准正交基$q_1,\ldots,q_q$，由
$AA^T=\sum_{j=1}^{p}\sigma_j^2u_ju_j^T$，
\[
\|P_{\mathcal Q}A\|_F^2
=\sum_{i=1}^{q}q_i^TAA^Tq_i
=\sum_{j=1}^{p}\sigma_j^2\alpha_j,
\quad
\alpha_j=\sum_{i=1}^{q}(u_j^Tq_i)^2.
\]
这里$0\leq\alpha_j\leq1$。若$\mathcal Q$含有$N(A^T)$中的分量，则这些分量不出现在$j=1,\ldots,p$的和中，因此只能断言
$\sum_{j=1}^{p}\alpha_j\leq q\leq k$；该不等式已足够。按奇异值非增排列，这个加权和不超过$\sum_{j=1}^{k}\sigma_j^2$。因此
\[
\|(I-P_{\mathcal Q})A\|_F^2
=\|A\|_F^2-\|P_{\mathcal Q}A\|_F^2
\geq\sum_{j=k+1}^{r}\sigma_j^2.
\]
最后，$A_k$的误差奇异值恰为
$\sigma_{k+1},\ldots,\sigma_r$，所以它同时达到谱范数与Frobenius范数下界。

\textbf{Frobenius取等与唯一性。}上述两个不等式同时取等时，必须有
$P_{\mathcal Q}A=B$，并且投影能量达到$\sum_{j=1}^k\sigma_j^2$。若
$\sigma_k>\sigma_{k+1}$，加权和取等迫使$\alpha_j=1$（$j\leq k$）且
$\alpha_j=0$（$j>k$），故$\mathcal Q=\operatorname{span}(u_1,\ldots,u_k)$；再由
$B=P_{\mathcal Q}A$得到$B=A_k$，Frobenius最优矩阵唯一。若
$\sigma_k=\sigma_{k+1}=s$，设严格大于$s$的奇异值有$a<k$个，则可在$s$对应的重根子空间中任选$k-a$维子空间；不同选择给出不同的$P_{\mathcal Q}A$，但舍弃奇异值平方和相同，所以最优误差唯一而最优矩阵一般不唯一。

\textbf{谱范数非唯一性。}即使$\sigma_k>\sigma_{k+1}$，取非零$t$满足$|t|\leq\sigma_{k+1}$，矩阵
\[
B_t=A_k+t\,u_1v_1^T
\]
仍有秩不超过$k$，而$A-B_t$的最大奇异值为
$\max\{|t|,\sigma_{k+1}\}=\sigma_{k+1}$。因此$B_t$与$A_k$都是谱范数最优解，说明谱隙不推出谱范数最优矩阵唯一。"
定义,总体主成分,,27,主成分分析,总体主成分,568,src/讲义源码/第04册_无监督学习与矩阵分解/chapters/V4-C04.tex,177,"设$ $的特征值按$ _1 _m 0$排列，相应标准正交特征向量为$ _1, , _m$。随机变量 $ y_i= _i^ T(x- ), i=1, ,m, $ 称为第$i$个总体主成分。若特征值互异，则每个方向除整体符号外唯一；若有重复特征值，则对应特征子空间唯一而其中的基不唯一。",,"设$ $的特征值按$ _1 _m 0$排列，相应标准正交特征向量为$ _1, , _m$。随机变量 $ y_i= _i^ T(x- ), i=1, ,m, $ 称为第$i$个总体主成分。若特征值互异",每个方向除整体符号外唯一；若有重复特征值，则对应特征子空间唯一而其中的基不唯一。,中,符号密度高,"1. 条件：设$ $的特征值按$ _1 _m 0$排列，相应标准正交特征向量为$ _1, , _m$。随机变量 $ y_i= _i^ T(x- ), i=1, ,m, $ 称为第$i$个总体主成分。若特征值互异
2. 结论：每个方向除整体符号外唯一；若有重复特征值，则对应特征子空间唯一而其中的基不唯一。
3. 证明起点：该条为定义或当前范围未提供证明。
4. 逐步写明每个条件在何处被使用，等式变形前核对定义域/维数/正分母。
5. 用一个只破坏单一条件的反例说明边界；最后复述结论而不是只写“证毕”。","设$\Sigma$的特征值按$\lambda_1\ge\cdots\ge\lambda_m\ge0$排列，相应标准正交特征向量为$\alpha_1,\ldots,\alpha_m$。随机变量
\[
y_i=\alpha_i^{\mathsf T}(x-\mu),\qquad i=1,\ldots,m,
\]
称为第$i$个总体主成分。若特征值互异，则每个方向除整体符号外唯一；若有重复特征值，则对应特征子空间唯一而其中的基不唯一。",
定理,协方差特征对与主成分,thm:V4-C04-eigen-pc,27,主成分分析,协方差矩阵与方差最大化,571,src/讲义源码/第04册_无监督学习与矩阵分解/chapters/V4-C04.tex,224,"设$ $为总体协方差矩阵。按降序排列的标准正交特征向量$ _i$给出总体主成分$y_i= _i^ Tz$，且 $ var(y_i)= _i, cov(y_i,y_j)=0 (i j). $ 反之，依次解方差最大化与不相关约束得到的方向可选为这些特征向量。","特征方程给出$var(y_i)= _i^ T _i= _i$。当$i j$时， $cov(y_i,y_j)= _i^ T _j= _j _i^ T _j=0$。反向结论由上述三步推导和对称矩阵的Rayleigh--Ritz定理得到。若有重复特征值，结论理解为选择对应特征子空间中的任一标准正交基。",设$ $为总体协方差矩阵,"按降序排列的标准正交特征向量$ _i$给出总体主成分$y_i= _i^ Tz$，且 $ var(y_i)= _i, cov(y_i,y_j)=0 (i j). $ 反之，依次解方差最大化与不相关约束得到的方向可选为这些特征向量。",中,符号密度高,"1. 条件：设$ $为总体协方差矩阵
2. 结论：按降序排列的标准正交特征向量$ _i$给出总体主成分$y_i= _i^ Tz$，且 $ var(y_i)= _i, cov(y_i,y_j)=0 (i j). $ 反之，依次解方差最大化与不相关约束得到的方向可选为这些特征向量。
3. 证明起点：特征方程给出$var(y_i)= _i^ T _i= _i$。
4. 逐步写明每个条件在何处被使用，等式变形前核对定义域/维数/正分母。
5. 用一个只破坏单一条件的反例说明边界；最后复述结论而不是只写“证毕”。","设$\Sigma$为总体协方差矩阵。按降序排列的标准正交特征向量$\alpha_i$给出总体主成分$y_i=\alpha_i^{\mathsf T}z$，且
\[
\operatorname{var}(y_i)=\lambda_i,\qquad
\operatorname{cov}(y_i,y_j)=0\quad(i\ne j).
\]
反之，依次解方差最大化与不相关约束得到的方向可选为这些特征向量。","特征方程给出$\operatorname{var}(y_i)=\alpha_i^{\mathsf T}\Sigma\alpha_i=\lambda_i$。当$i\ne j$时，
$\operatorname{cov}(y_i,y_j)=\alpha_i^{\mathsf T}\Sigma\alpha_j=\lambda_j\alpha_i^{\mathsf T}\alpha_j=0$。反向结论由上述三步推导和对称矩阵的Rayleigh--Ritz定理得到。若有重复特征值，结论理解为选择对应特征子空间中的任一标准正交基。"
定理,前$q$维最大保留方差,thm:V4-C04-max-variance,27,主成分分析,协方差矩阵与方差最大化,571,src/讲义源码/第04册_无监督学习与矩阵分解/chapters/V4-C04.tex,273,"对任意$B R^m q$且$B^ TB=I_q$，有 $ tr(B^ T B) _i=1^q _i. $ 令$ = _q$，并记 $ E_>= _ _i> ( - _iI), E_== ( - I). $ 等号成立当且仅当 $E_> (B) E_> E_=$且$ (B)=q$。也就是说，最优子空间必须包含所有严格大于截断值的特征方向，并从边界重根空间中任取所需维数；只有$ _q> _q+1$时，领先$q$维不变子空间才唯一（其正交基仍可旋转）。",写$ =A A^ T$并令$C=A^ TB$，则$C^ TC=I_q$。记$h_i= _j=1^q c_ij^2$，有$0 h_i 1$且$ _i h_i=q$。于是 $tr(B^ T B)= _i _i h_i$。在这些约束下，把权重放在最大的$q$个$ _i$上取得最大值$ _i=1^q _i$。若等号成立，则$ _i> $处必须有$h_i=1$，$ _i< $处必须有$h_i=0$，剩余权重只能位于$E_=$；这恰好等价于定理中的夹含条件。反之，满足该夹含条件的$q$维子空间显然取得同一迹值。,"对任意$B R^m q$且$B^ TB=I_q$，有 $ tr(B^ T B) _i=1^q _i. $ 令$ = _q$，并记 $ E_>= _ _i> ( - _iI), E_== ( - I). $ 等号成立当且仅当 $E_> (B) E_> E_=$且$ (B)=q$",也就是说，最优子空间必须包含所有严格大于截断值的特征方向，并从边界重根空间中任取所需维数；只有$ _q> _q+1$时，领先$q$维不变子空间才唯一（其正交基仍可旋转）。,中,符号密度高,"1. 条件：对任意$B R^m q$且$B^ TB=I_q$，有 $ tr(B^ T B) _i=1^q _i. $ 令$ = _q$，并记 $ E_>= _ _i> ( - _iI), E_== ( - I). $ 等号成立当且仅当 $E_> (B) E_> E_=$且$ (B)=q$
2. 结论：也就是说，最优子空间必须包含所有严格大于截断值的特征方向，并从边界重根空间中任取所需维数；只有$ _q> _q+1$时，领先$q$维不变子空间才唯一（其正交基仍可旋转）。
3. 证明起点：写$ =A A^ T$并令$C=A^ TB$，则$C^ TC=I_q$。
4. 逐步写明每个条件在何处被使用，等式变形前核对定义域/维数/正分母。
5. 用一个只破坏单一条件的反例说明边界；最后复述结论而不是只写“证毕”。","对任意$B\in\mathbb R^{m\times q}$且$B^{\mathsf T}B=I_q$，有
\[
\operatorname{tr}(B^{\mathsf T}\Sigma B)\le\sum_{i=1}^q\lambda_i.
\]
令$\tau=\lambda_q$，并记
\[
E_{>}=\bigoplus_{\lambda_i>\tau}\ker(\Sigma-\lambda_iI),
\qquad E_{=}=\ker(\Sigma-\tau I).
\]
等号成立当且仅当
$E_{>}\subseteq\operatorname{col}(B)\subseteq E_{>}\oplus E_{=}$且$\dim\operatorname{col}(B)=q$。也就是说，最优子空间必须包含所有严格大于截断值的特征方向，并从边界重根空间中任取所需维数；只有$\lambda_q>\lambda_{q+1}$时，领先$q$维不变子空间才唯一（其正交基仍可旋转）。","写$\Sigma=A\Lambda A^{\mathsf T}$并令$C=A^{\mathsf T}B$，则$C^{\mathsf T}C=I_q$。记$h_i=\sum_{j=1}^q c_{ij}^2$，有$0\le h_i\le1$且$\sum_i h_i=q$。于是
$\operatorname{tr}(B^{\mathsf T}\Sigma B)=\sum_i\lambda_i h_i$。在这些约束下，把权重放在最大的$q$个$\lambda_i$上取得最大值$\sum_{i=1}^q\lambda_i$。若等号成立，则$\lambda_i>\tau$处必须有$h_i=1$，$\lambda_i<\tau$处必须有$h_i=0$，剩余权重只能位于$E_=$；这恰好等价于定理中的夹含条件。反之，满足该夹含条件的$q$维子空间显然取得同一迹值。"
定义,样本主成分,,27,主成分分析,样本主成分,568,src/讲义源码/第04册_无监督学习与矩阵分解/chapters/V4-C04.tex,378,设$S a_i= _i a_i$，$a_i^ Ta_j= _ij$，且$ _1 0$。第$i$个样本主成分得分向量为 $ s_i=a_i^ TX_c R^1 n. $ 它在样本间的无偏方差为$ _i$，不同得分向量的样本协方差为零。,,设$S a_i= _i a_i$，$a_i^ Ta_j= _ij$，且$ _1 0$,第$i$个样本主成分得分向量为 $ s_i=a_i^ TX_c R^1 n. $ 它在样本间的无偏方差为$ _i$，不同得分向量的样本协方差为零。,中,符号密度高,"1. 条件：设$S a_i= _i a_i$，$a_i^ Ta_j= _ij$，且$ _1 0$
2. 结论：第$i$个样本主成分得分向量为 $ s_i=a_i^ TX_c R^1 n. $ 它在样本间的无偏方差为$ _i$，不同得分向量的样本协方差为零。
3. 证明起点：该条为定义或当前范围未提供证明。
4. 逐步写明每个条件在何处被使用，等式变形前核对定义域/维数/正分母。
5. 用一个只破坏单一条件的反例说明边界；最后复述结论而不是只写“证毕”。","设$S a_i=\widehat\lambda_i a_i$，$a_i^{\mathsf T}a_j=\delta_{ij}$，且$\widehat\lambda_1\ge\cdots\ge0$。第$i$个样本主成分得分向量为
\[
s_i=a_i^{\mathsf T}X_c\in\mathbb R^{1\times n}.
\]
它在样本间的无偏方差为$\widehat\lambda_i$，不同得分向量的样本协方差为零。",
推论,样本最优低维重构,cor:V4-C04-sample-reconstruction,27,主成分分析,重构误差最小化,578,src/讲义源码/第04册_无监督学习与矩阵分解/chapters/V4-C04.tex,470,"对中心化样本矩阵$X_c$，在所有秩不超过$q$的正交投影重构$BB^ TX_c$中，前$q$个左奇异向量给出最小Frobenius误差，且 $ _B^ TB=I_q\|X_c-BB^ TX_c\|_F^2 = _i=q+1^r _i^2, $ 其中$ _i$为$X_c$的奇异值。",把$ $换为$X_cX_c^ T$重复总体推导。其特征值是$ _i^2$，迹目标等于保留的奇异值平方和，故残差为尾部奇异值平方和。,见原陈述中的对象与前提,见原陈述中的结论,中,符号密度高；证明过短，关键变形或条件使用位置不醒目,"1. 条件：见原陈述中的对象与前提
2. 结论：见原陈述中的结论
3. 证明起点：把$ $换为$X_cX_c^ T$重复总体推导。
4. 逐步写明每个条件在何处被使用，等式变形前核对定义域/维数/正分母。
5. 用一个只破坏单一条件的反例说明边界；最后复述结论而不是只写“证毕”。","对中心化样本矩阵$X_c$，在所有秩不超过$q$的正交投影重构$BB^{\mathsf T}X_c$中，前$q$个左奇异向量给出最小Frobenius误差，且
\[
\min_{B^{\mathsf T}B=I_q}\|X_c-BB^{\mathsf T}X_c\|_F^2
=\sum_{i=q+1}^r\gamma_i^2,
\]
其中$\gamma_i$为$X_c$的奇异值。",把$\Sigma$换为$X_cX_c^{\mathsf T}$重复总体推导。其特征值是$\gamma_i^2$，迹目标等于保留的奇异值平方和，故残差为尾部奇异值平方和。
定义,潜在语义因子模型,def:V4-C05-lsa,28,潜在语义分析与非负矩阵分解,文档--单词矩阵与潜在语义,592,src/讲义源码/第04册_无监督学习与矩阵分解/chapters/V4-C05.tex,168,"给定非零矩阵$X R_ 0^m n$，令$r=rank(X)$并取 $1 k r$。潜在语义因子模型寻找 $ T R^m k, Y R^k n, X TY. $ $T$的第$ $列$t_ R^m$表示第$ $个话题方向，$Y$的第$j$列$y_j R^k$表示文本$d_j$的话题坐标。若取$T=U_k$、$Y= _kV_k^T$，称为基于截断SVD的LSA。 $k<r$是降维且有损的截断选择，此时$X_k X$；边界$k=r$保留全部非零奇异三元组， 维数为$U_r R^m r$、$ _r R^r r$、 $V_r R^n r$，并精确重构$X_r=U_r _rV_r^T=X$。",,见原陈述中的对象与前提,见原陈述中的结论,中,符号密度高,"1. 条件：见原陈述中的对象与前提
2. 结论：见原陈述中的结论
3. 证明起点：该条为定义或当前范围未提供证明。
4. 逐步写明每个条件在何处被使用，等式变形前核对定义域/维数/正分母。
5. 用一个只破坏单一条件的反例说明边界；最后复述结论而不是只写“证毕”。","给定非零矩阵$X\in\mathbb R_{\ge0}^{m\times n}$，令$r=\operatorname{rank}(X)$并取
$1\le k\le r$。潜在语义因子模型寻找
\[
T\in\mathbb R^{m\times k},\qquad
Y\in\mathbb R^{k\times n},\qquad X\approx TY.
\]
$T$的第$\ell$列$t_\ell\in\mathbb R^m$表示第$\ell$个话题方向，$Y$的第$j$列$y_j\in\mathbb R^k$表示文本$d_j$的话题坐标。若取$T=U_k$、$Y=\Sigma_kV_k^T$，称为基于截断SVD的LSA。
$k<r$是降维且有损的截断选择，此时$X_k\ne X$；边界$k=r$保留全部非零奇异三元组，
维数为$U_r\in\mathbb R^{m\times r}$、$\Sigma_r\in\mathbb R^{r\times r}$、
$V_r\in\mathbb R^{n\times r}$，并精确重构$X_r=U_r\Sigma_rV_r^T=X$。",
定理,LSA的正交低秩最优性,thm:V4-C05-lsa-optimal,28,潜在语义分析与非负矩阵分解,截断SVD模型、坐标与最优性,595,src/讲义源码/第04册_无监督学习与矩阵分解/chapters/V4-C05.tex,256,设$X$的奇异值为$ _1 _r>0$，$1 k<r$。则 $ X_k=U_k _kV_k^T $ 在所有秩不超过$k$的矩阵中最小化Frobenius误差，并且 $ \|X-X_k\|_F^2= _j=k+1^r _j^2. $ 此外，LSA训练坐标恰为$Y=U_k^TX= _kV_k^T$。,"由本册的Eckart--Young--Mirsky低秩最优性定理thm:V4-C03-eym，任意$rank(B) k$的矩阵满足 $ \|X-B\|_F^2 _j=k+1^r _j^2. $ 截断矩阵与原矩阵之差为 $X-X_k= _j=k+1^r _ju_jv_j^T$。这些秩一矩阵在Frobenius内积下两两正交，因为 $ u_iv_i^T,u_jv_j^T _F =(u_i^Tu_j)(v_i^Tv_j)= _ij. $ 所以$\|X-X_k\|_F^2= _j>k _j^2$，达到上述下界。最后， $ U_k^TX=U_k^TU V^T= _kV_k^T, $ 证明了坐标公式。三个结论均成立。",设$X$的奇异值为$ _1 _r>0$，$1 k<r$,$ X_k=U_k _kV_k^T $ 在所有秩不超过$k$的矩阵中最小化Frobenius误差，并且 $ \|X-X_k\|_F^2= _j=k+1^r _j^2. $ 此外，LSA训练坐标恰为$Y=U_k^TX= _kV_k^T$。,中,符号密度高,"1. 条件：设$X$的奇异值为$ _1 _r>0$，$1 k<r$
2. 结论：$ X_k=U_k _kV_k^T $ 在所有秩不超过$k$的矩阵中最小化Frobenius误差，并且 $ \|X-X_k\|_F^2= _j=k+1^r _j^2. $ 此外，LSA训练坐标恰为$Y=U_k^TX= _kV_k^T$。
3. 证明起点：由本册的Eckart--Young--Mirsky低秩最优性定理thm:V4-C03-eym，任意$rank(B) k$的矩阵满足 $ \|X-B\|_F^2 _j=k+1^r _j^2. $ 截断矩阵与原矩阵之差为 $X-X_k= _j=k+1^r _ju_jv_j^T$。
4. 逐步写明每个条件在何处被使用，等式变形前核对定义域/维数/正分母。
5. 用一个只破坏单一条件的反例说明边界；最后复述结论而不是只写“证毕”。","设$X$的奇异值为$\sigma_1\ge\cdots\ge\sigma_r>0$，$1\le k<r$。则
\[
X_k=U_k\Sigma_kV_k^T
\]
在所有秩不超过$k$的矩阵中最小化Frobenius误差，并且
\[
\|X-X_k\|_F^2=\sum_{j=k+1}^{r}\sigma_j^2.
\]
此外，LSA训练坐标恰为$Y=U_k^TX=\Sigma_kV_k^T$。","由本册的Eckart--Young--Mirsky低秩最优性定理\ref{thm:V4-C03-eym}，任意$\operatorname{rank}(B)\le k$的矩阵满足
\[
\|X-B\|_F^2\ge\sum_{j=k+1}^{r}\sigma_j^2.
\]
截断矩阵与原矩阵之差为
$X-X_k=\sum_{j=k+1}^{r}\sigma_ju_jv_j^T$。这些秩一矩阵在Frobenius内积下两两正交，因为
\[
\langle u_iv_i^T,u_jv_j^T\rangle_F
=(u_i^Tu_j)(v_i^Tv_j)=\delta_{ij}.
\]
所以$\|X-X_k\|_F^2=\sum_{j>k}\sigma_j^2$，达到上述下界。最后，
\[
U_k^TX=U_k^TU\Sigma V^T=\Sigma_kV_k^T,
\]
证明了坐标公式。三个结论均成立。"
定义,非负矩阵分解,def:V4-C05-nmf,28,潜在语义分析与非负矩阵分解,非负矩阵分解模型,596,src/讲义源码/第04册_无监督学习与矩阵分解/chapters/V4-C05.tex,309,"给定$X R_ 0^m n$和潜在维数$k$，非负矩阵分解寻找 $ W R_ 0^m k, H R_ 0^k n, X WH. $ 第$j$篇文本满足$x_j Wh_j= _ =1^kH_ jw_ $，其中$w_ =W[:, ]$是非负话题基，$h_j=H[:,j]$是非负组合系数。",,见原陈述中的对象与前提,见原陈述中的结论,中,符号密度高,"1. 条件：见原陈述中的对象与前提
2. 结论：见原陈述中的结论
3. 证明起点：该条为定义或当前范围未提供证明。
4. 逐步写明每个条件在何处被使用，等式变形前核对定义域/维数/正分母。
5. 用一个只破坏单一条件的反例说明边界；最后复述结论而不是只写“证毕”。","给定$X\in\mathbb R_{\ge0}^{m\times n}$和潜在维数$k$，非负矩阵分解寻找
\[
W\in\mathbb R_{\ge0}^{m\times k},\qquad
H\in\mathbb R_{\ge0}^{k\times n},\qquad X\approx WH.
\]
第$j$篇文本满足$x_j\approx Wh_j=\sum_{\ell=1}^kH_{\ell j}w_\ell$，其中$w_\ell=W[:,\ell]$是非负话题基，$h_j=H[:,j]$是非负组合系数。",
定理,平方损失乘法更新的单调性,thm:V4-C05-fro-monotone,28,潜在语义分析与非负矩阵分解,非负矩阵分解模型,598,src/讲义源码/第04册_无监督学习与矩阵分解/chapters/V4-C05.tex,402,"若$X 0$且无全零行或全零列，当前$W,H$严格为正，按上式固定一块更新另一块，并在每个块更新后使用新因子，则各分母与乘法比率均为正，$J_F(W,H)$在每个子步均不增加。若一个子步不改变正因子，则该块的梯度为零。","先固定$W$并考虑$H$的一列$h$及相应文本$x$。记$A=W^TW 0$、$b=W^Tx 0$，则 $ F(h)= 12\|x-Wh\|_2^2, F(h)=Ah-b. $ 在当前正向量$ h$处定义对角矩阵 $ K_aa( h)= (A h)_a h_a $ 和辅助函数 $ G(h, h)=F( h) +(h- h)^T F( h) + 12(h- h)^TK( h)(h- h). $ 对任意向量$z$，利用$A_ab=A_ba 0$，逐项对称化得到 $ z^T(K-A)z = 12 _a,bA_ab h_a h_b ( z_a h_a- z_b h_b )^2 0. $ 所以$K-A$半正定，$G(h, h) F(h)$且 $G( h, h)=F( h)$。令$G$对$h$的梯度为零，得到 $ h^+= h-K^-1(A h-b) = h bA h. $ 于是 $ F(h^+) G(h^+, h) G( h, h)=F( h). $ 对$H$的每一列求和，得到$H$子步单调不增。固定$H$并对$W^T$应用同一论证，得到$W$子步的结论。若正因子在子步中不变，乘法比率全为1，故$Ah-b=0$；另一块同样成立。","若$X 0$且无全零行或全零列，当前$W,H$严格为正，按上式固定一块更新另一块，并在每个块更新后使用新因子","各分母与乘法比率均为正，$J_F(W,H)$在每个子步均不增加。若一个子步不改变正因子，则该块的梯度为零。",低,陈述与证明结构基本完整,"1. 条件：若$X 0$且无全零行或全零列，当前$W,H$严格为正，按上式固定一块更新另一块，并在每个块更新后使用新因子
2. 结论：各分母与乘法比率均为正，$J_F(W,H)$在每个子步均不增加。若一个子步不改变正因子，则该块的梯度为零。
3. 证明起点：先固定$W$并考虑$H$的一列$h$及相应文本$x$。
4. 逐步写明每个条件在何处被使用，等式变形前核对定义域/维数/正分母。
5. 用一个只破坏单一条件的反例说明边界；最后复述结论而不是只写“证毕”。","若$X\ge0$且无全零行或全零列，当前$W,H$严格为正，按上式固定一块更新另一块，并在每个块更新后使用新因子，则各分母与乘法比率均为正，$J_F(W,H)$在每个子步均不增加。若一个子步不改变正因子，则该块的梯度为零。","先固定$W$并考虑$H$的一列$h$及相应文本$x$。记$A=W^TW\ge0$、$b=W^Tx\ge0$，则
\[
F(h)=\frac12\|x-Wh\|_2^2,
\qquad \nabla F(h)=Ah-b.
\]
在当前正向量$\widetilde h$处定义对角矩阵
\[
K_{aa}(\widetilde h)=\frac{(A\widetilde h)_a}{\widetilde h_a}
\]
和辅助函数
\[
G(h,\widetilde h)=F(\widetilde h)
+(h-\widetilde h)^T\nabla F(\widetilde h)
+\frac12(h-\widetilde h)^TK(\widetilde h)(h-\widetilde h).
\]
对任意向量$z$，利用$A_{ab}=A_{ba}\ge0$，逐项对称化得到
\[
z^T(K-A)z
=\frac12\sum_{a,b}A_{ab}\widetilde h_a\widetilde h_b
\left(\frac{z_a}{\widetilde h_a}-\frac{z_b}{\widetilde h_b}\right)^2\ge0.
\]
所以$K-A$半正定，$G(h,\widetilde h)\ge F(h)$且
$G(\widetilde h,\widetilde h)=F(\widetilde h)$。令$G$对$h$的梯度为零，得到
\[
h^+=\widetilde h-K^{-1}(A\widetilde h-b)
=\widetilde h\odot\frac{b}{A\widetilde h}.
\]
于是
\[
F(h^+)\le G(h^+,\widetilde h)
\le G(\widetilde h,\widetilde h)=F(\widetilde h).
\]
对$H$的每一列求和，得到$H$子步单调不增。固定$H$并对$W^T$应用同一论证，得到$W$子步的结论。若正因子在子步中不变，乘法比率全为1，故$Ah-b=0$；另一块同样成立。"
推论,固定支持面的边界版本,cor:V4-C05-fro-fixed-face,28,潜在语义分析与非负矩阵分解,非负矩阵分解模型,599,src/讲义源码/第04册_无监督学习与矩阵分解/chapters/V4-C05.tex,446,"若$W,H$只要求非负，零坐标在更新中保持为零，并且所有正坐标对应的分母严格为正，则把定理thm:V4-C05-fro-monotone的辅助函数论证限制到这些正坐标张成的固定支持面，仍可得到每个顺序子步目标不增加。该结论只说明当前支持面内的单调性；零锁定可能阻止新方向进入，因此既不等价于严格正初值定理，也不提供全局KKT证书。",,"若$W,H$只要求非负，零坐标在更新中保持为零，并且所有正坐标对应的分母严格为正",把定理thm:V4-C05-fro-monotone的辅助函数论证限制到这些正坐标张成的固定支持面，仍可得到每个顺序子步目标不增加。该结论只说明当前支持面内的单调性；零锁定可能阻止新方向进入，因此既不等价于严格正初值定理，也不提供全局KKT证书。,中,未在紧邻位置检出证明,"1. 条件：若$W,H$只要求非负，零坐标在更新中保持为零，并且所有正坐标对应的分母严格为正
2. 结论：把定理thm:V4-C05-fro-monotone的辅助函数论证限制到这些正坐标张成的固定支持面，仍可得到每个顺序子步目标不增加。该结论只说明当前支持面内的单调性；零锁定可能阻止新方向进入，因此既不等价于严格正初值定理，也不提供全局KKT证书。
3. 证明起点：该条为定义或当前范围未提供证明。
4. 逐步写明每个条件在何处被使用，等式变形前核对定义域/维数/正分母。
5. 用一个只破坏单一条件的反例说明边界；最后复述结论而不是只写“证毕”。","若$W,H$只要求非负，零坐标在更新中保持为零，并且所有正坐标对应的分母严格为正，则把定理\ref{thm:V4-C05-fro-monotone}的辅助函数论证限制到这些正坐标张成的固定支持面，仍可得到每个顺序子步目标不增加。该结论只说明当前支持面内的单调性；零锁定可能阻止新方向进入，因此既不等价于严格正初值定理，也不提供全局KKT证书。",
定理,广义KL损失乘法更新的单调性,thm:V4-C05-kl-monotone,28,潜在语义分析与非负矩阵分解,非负矩阵分解模型,600,src/讲义源码/第04册_无监督学习与矩阵分解/chapters/V4-C05.tex,457,"若$X 0$且无全零行或全零列，$W,H$严格为正，则以下顺序块更新始终有定义、保持因子严格为正，并使$D(X WH)$在每个子步不增加： $ H_ j H_ j _iW_i X_ij/(WH)_ij _iW_i , W_i W_i _jH_ jX_ij/(WH)_ij _jH_ j. $ 第二个子步使用第一个子步后的$H$；交换两块顺序也保持结论。","固定$W$并记当前因子为$ H$、$ q_ij=(W H)_ij>0$。定义 $ _i j= W_i H_ j q_ij, _ =1^k _i j=1. $ 函数$- z$在$z>0$上凸。将 $q_ij= _ _i j (W_i H_ j/ _i j)$代入Jensen不等式，得到 $ - q_ij - _ _i j W_i H_ j _i j. $ 在$H= H$处，各个对数自变量都等于$ q_ij$，故不等式取等号。把它乘以$X_ij 0$，再加上线性项$q_ij= _ W_i H_ j$和与$H$无关的项，得到一个在当前点相切且不小于原目标的辅助函数。该辅助函数对$H_ j$的偏导为 $ - _iX_ij _i jH_ j + _iW_i . $ 令其为零并代入$ $，得到定理中的$H$更新。辅助函数在该点取最小值，所以原目标不增加。固定更新后的$H$，把行、列和两个因子的角色交换，得到$W$更新及相同的不增链。两个子步串联后，整轮目标不增加。","若$X 0$且无全零行或全零列，$W,H$严格为正","以下顺序块更新始终有定义、保持因子严格为正，并使$D(X WH)$在每个子步不增加： $ H_ j H_ j _iW_i X_ij/(WH)_ij _iW_i , W_i W_i _jH_ jX_ij/(WH)_ij _jH_ j. $ 第二个子步使用第一个子步后的$H$；交换两块顺序也保持结论。",中,符号密度高,"1. 条件：若$X 0$且无全零行或全零列，$W,H$严格为正
2. 结论：以下顺序块更新始终有定义、保持因子严格为正，并使$D(X WH)$在每个子步不增加： $ H_ j H_ j _iW_i X_ij/(WH)_ij _iW_i , W_i W_i _jH_ jX_ij/(WH)_ij _jH_ j. $ 第二个子步使用第一个子步后的$H$；交换两块顺序也保持结论。
3. 证明起点：固定$W$并记当前因子为$ H$、$ q_ij=(W H)_ij>0$。
4. 逐步写明每个条件在何处被使用，等式变形前核对定义域/维数/正分母。
5. 用一个只破坏单一条件的反例说明边界；最后复述结论而不是只写“证毕”。","若$X\ge0$且无全零行或全零列，$W,H$严格为正，则以下顺序块更新始终有定义、保持因子严格为正，并使$D(X\Vert WH)$在每个子步不增加：
\[
H_{\ell j}\leftarrow H_{\ell j}
\frac{\sum_iW_{i\ell}X_{ij}/(WH)_{ij}}{\sum_iW_{i\ell}},
\qquad
W_{i\ell}\leftarrow W_{i\ell}
\frac{\sum_jH_{\ell j}X_{ij}/(WH)_{ij}}{\sum_jH_{\ell j}}.
\]
第二个子步使用第一个子步后的$H$；交换两块顺序也保持结论。","固定$W$并记当前因子为$\widetilde H$、$\widetilde q_{ij}=(W\widetilde H)_{ij}>0$。定义
\[
\alpha_{i\ell j}=
\frac{W_{i\ell}\widetilde H_{\ell j}}{\widetilde q_{ij}},
\qquad
\sum_{\ell=1}^k\alpha_{i\ell j}=1.
\]
函数$-\log z$在$z>0$上凸。将
$q_{ij}=\sum_\ell\alpha_{i\ell j}
(W_{i\ell}H_{\ell j}/\alpha_{i\ell j})$代入Jensen不等式，得到
\[
-\log q_{ij}\le
-\sum_\ell\alpha_{i\ell j}
\log\frac{W_{i\ell}H_{\ell j}}{\alpha_{i\ell j}}.
\]
在$H=\widetilde H$处，各个对数自变量都等于$\widetilde q_{ij}$，故不等式取等号。把它乘以$X_{ij}\ge0$，再加上线性项$q_{ij}=\sum_\ell W_{i\ell}H_{\ell j}$和与$H$无关的项，得到一个在当前点相切且不小于原目标的辅助函数。该辅助函数对$H_{\ell j}$的偏导为
\[
-\frac{\sum_iX_{ij}\alpha_{i\ell j}}{H_{\ell j}}
+\sum_iW_{i\ell}.
\]
令其为零并代入$\alpha$，得到定理中的$H$更新。辅助函数在该点取最小值，所以原目标不增加。固定更新后的$H$，把行、列和两个因子的角色交换，得到$W$更新及相同的不增链。两个子步串联后，整轮目标不增加。"
定义,PLSA生成模型,def:V4-C06-generative,29,概率潜在语义分析,潜在主题与混合表示,617,src/讲义源码/第04册_无监督学习与矩阵分解/chapters/V4-C06.tex,160,"设$ =( _1, , _N)$是文档分布，$ =[ _ik]$和$ =[ _kj]$满足 $ _j 0, _j _j=1; _ik 0, _i _ik=1; _kj 0, _k _kj=1. $ 生成一个单词--文档观测对时，先取$d P(d)$，再取$z P(z d)$，最后取$w P(w z)$。给定$z$后，$w$与$d$条件独立，因而 $ P(w_i,d_j,z_k)= _j _kj _ik, P(w_i,d_j)= _j _k=1^K _ik _kj. $",,"设$ =( _1, , _N)$是文档分布，$ =[ _ik]$和$ =[ _kj]$满足 $ _j 0, _j _j=1; _ik 0, _i _ik=1; _kj 0, _k _kj=1. $ 生成一个单词--文档观测对时，先取$d P(d)$，再取$z P(z d)$，最后取$w P(w z)$","给定$z$后，$w$与$d$条件独立，因而 $ P(w_i,d_j,z_k)= _j _kj _ik, P(w_i,d_j)= _j _k=1^K _ik _kj. $",中,符号密度高,"1. 条件：设$ =( _1, , _N)$是文档分布，$ =[ _ik]$和$ =[ _kj]$满足 $ _j 0, _j _j=1; _ik 0, _i _ik=1; _kj 0, _k _kj=1. $ 生成一个单词--文档观测对时，先取$d P(d)$，再取$z P(z d)$，最后取$w P(w z)$
2. 结论：给定$z$后，$w$与$d$条件独立，因而 $ P(w_i,d_j,z_k)= _j _kj _ik, P(w_i,d_j)= _j _k=1^K _ik _kj. $
3. 证明起点：该条为定义或当前范围未提供证明。
4. 逐步写明每个条件在何处被使用，等式变形前核对定义域/维数/正分母。
5. 用一个只破坏单一条件的反例说明边界；最后复述结论而不是只写“证毕”。","设$\pi=(\pi_1,\ldots,\pi_N)$是文档分布，$\Phi=[\phi_{ik}]$和$\Theta=[\theta_{kj}]$满足
\[
\pi_j\ge0,\quad\sum_j\pi_j=1;\qquad
\phi_{ik}\ge0,\quad\sum_i\phi_{ik}=1;\qquad
\theta_{kj}\ge0,\quad\sum_k\theta_{kj}=1.
\]
生成一个单词--文档观测对时，先取$d\sim P(d)$，再取$z\sim P(z\mid d)$，最后取$w\sim P(w\mid z)$。给定$z$后，$w$与$d$条件独立，因而
\[
P(w_i,d_j,z_k)=\pi_j\theta_{kj}\phi_{ik},\qquad
P(w_i,d_j)=\pi_j\sum_{k=1}^K\phi_{ik}\theta_{kj}.
\]",
定理,生成模型与共现模型的等价性,thm:V4-C06-equivalence,29,概率潜在语义分析,PLSA生成过程与模型,621,src/讲义源码/第04册_无监督学习与矩阵分解/chapters/V4-C06.tex,247,"当$ _j>0$时，生成参数$ _j, _kj, _ik$与共现参数$ _k, _jk, _ik$表示同一个$P(w_i,d_j)$。允许零质量主题时，零质量主题上的条件分布不可识别，但不影响联合分布。","从生成参数出发，定义 $ _k= _j=1^N _j _kj, _jk= _j _kj _k ( _k>0). $ 归一化给出$ _k _k=1$与$ _j _jk=1$，并且 $ _k _k _ik _jk = _k _ik _j _kj = _j _k _ik _kj. $ 若$ _k=0$，该主题对联合分布的贡献为零，$ _:k$可任取概率向量。 反向从共现参数出发，令$ _j= _k _k _jk$。对$ _j>0$定义 $ _kj= _k _jk/ _j$，则$ _k _kj=1$，代回生成模型得到同一联合分布。若$ _j=0$，该文档从联合分布中不可观测，其主题混合无法由数据识别。两种参数化由此在正质量部分等价。",见原陈述中的对象与前提,见原陈述中的结论,中,符号密度高,"1. 条件：见原陈述中的对象与前提
2. 结论：见原陈述中的结论
3. 证明起点：从生成参数出发，定义 $ _k= _j=1^N _j _kj, _jk= _j _kj _k ( _k>0). $ 归一化给出$ _k _k=1$与$ _j _jk=1$，并且 $ _k _k _ik _jk = _k _ik _j _kj = _j _k _ik _kj. $ 若$ _k=0$，该主题对联合分布的贡献为零，$ _:k$可任取概率向量。
4. 逐步写明每个条件在何处被使用，等式变形前核对定义域/维数/正分母。
5. 用一个只破坏单一条件的反例说明边界；最后复述结论而不是只写“证毕”。","当$\pi_j>0$时，生成参数$\pi_j,\theta_{kj},\phi_{ik}$与共现参数$\rho_k,\psi_{jk},\phi_{ik}$表示同一个$P(w_i,d_j)$。允许零质量主题时，零质量主题上的条件分布不可识别，但不影响联合分布。","从生成参数出发，定义
\[
\rho_k=\sum_{j=1}^N\pi_j\theta_{kj},\qquad
\psi_{jk}=\frac{\pi_j\theta_{kj}}{\rho_k}\quad(\rho_k>0).
\]
归一化给出$\sum_k\rho_k=1$与$\sum_j\psi_{jk}=1$，并且
\[
\sum_k\rho_k\phi_{ik}\psi_{jk}
=\sum_k\phi_{ik}\pi_j\theta_{kj}
=\pi_j\sum_k\phi_{ik}\theta_{kj}.
\]
若$\rho_k=0$，该主题对联合分布的贡献为零，$\psi_{:k}$可任取概率向量。

反向从共现参数出发，令$\pi_j=\sum_k\rho_k\psi_{jk}$。对$\pi_j>0$定义
$\theta_{kj}=\rho_k\psi_{jk}/\pi_j$，则$\sum_k\theta_{kj}=1$，代回生成模型得到同一联合分布。若$\pi_j=0$，该文档从联合分布中不可观测，其主题混合无法由数据识别。两种参数化由此在正质量部分等价。"
命题,EM似然单调性,prop:V4-C06-em-monotone,29,概率潜在语义分析,EM参数估计,624,src/讲义源码/第04册_无监督学习与矩阵分解/chapters/V4-C06.tex,385,"若E步分母为正，M步精确极大化$Q'$且各更新保持概率约束，则每轮PLSA EM满足 $ ( ^(t+1), ^(t+1)) ( ^(t), ^(t))$。该性质不保证到达全局最大值。","对每个$n_ij>0$，令$I_ij^(t)=\k: _ijk^(t)>0\$；零责任度项按$0 0=0$解释，不写成除以零的比值。在旧后验的正支撑上应用Jensen不等式： $ _k _ik _kj _k I_ij^(t) _ik _kj = _k I_ij^(t) _ijk^(t) _ik _kj _ijk^(t) _k I_ij^(t) _ijk^(t) _ik _kj _ijk^(t). $ 旧后验使该下界在旧参数处取等号。M步提高其中与参数有关的$Q'$，熵项 $- _i,j,kn_ij _ijk^(t) _ijk^(t)$保持不变，所以新参数处的观测似然不低于旧参数处。若M步只近似求解，则必须另行检查下界或观测似然是否提高。",若E步分母为正，M步精确极大化$Q'$且各更新保持概率约束,"每轮PLSA EM满足 $ ( ^(t+1), ^(t+1)) ( ^(t), ^(t))$。该性质不保证到达全局最大值。",中,证明路线提示不足,"1. 条件：若E步分母为正，M步精确极大化$Q'$且各更新保持概率约束
2. 结论：每轮PLSA EM满足 $ ( ^(t+1), ^(t+1)) ( ^(t), ^(t))$。该性质不保证到达全局最大值。
3. 证明起点：对每个$n_ij>0$，令$I_ij^(t)=\k: _ijk^(t)>0\$；
4. 逐步写明每个条件在何处被使用，等式变形前核对定义域/维数/正分母。
5. 用一个只破坏单一条件的反例说明边界；最后复述结论而不是只写“证毕”。","若E步分母为正，M步精确极大化$Q'$且各更新保持概率约束，则每轮PLSA EM满足
$\ell(\Phi^{(t+1)},\Theta^{(t+1)})\ge
\ell(\Phi^{(t)},\Theta^{(t)})$。该性质不保证到达全局最大值。","对每个$n_{ij}>0$，令$I_{ij}^{(t)}=\{k:\gamma_{ijk}^{(t)}>0\}$；零责任度项按$0\log0=0$解释，不写成除以零的比值。在旧后验的正支撑上应用Jensen不等式：
\[
\log\sum_k\phi_{ik}\theta_{kj}
\ge\log\sum_{k\in I_{ij}^{(t)}}\phi_{ik}\theta_{kj}
=\log\sum_{k\in I_{ij}^{(t)}}\gamma_{ijk}^{(t)}
\frac{\phi_{ik}\theta_{kj}}{\gamma_{ijk}^{(t)}}
\ge\sum_{k\in I_{ij}^{(t)}}\gamma_{ijk}^{(t)}
\log\frac{\phi_{ik}\theta_{kj}}{\gamma_{ijk}^{(t)}}.
\]
旧后验使该下界在旧参数处取等号。M步提高其中与参数有关的$Q'$，熵项
$-\sum_{i,j,k}n_{ij}\gamma_{ijk}^{(t)}\log\gamma_{ijk}^{(t)}$保持不变，所以新参数处的观测似然不低于旧参数处。若M步只近似求解，则必须另行检查下界或观测似然是否提高。"
定义,随机过程,,30,马尔可夫链基础,随机过程与马尔可夫性质,643,src/讲义源码/第05册_采样方法主题模型与图排序/chapters/V5-C01.tex,126,"设$( , F,P)$为概率空间，$ S$为状态空间。由同一概率空间上的随机变量$X_t: S$组成的族$\X_t\_t 0$称为随机过程。一次实验给出的序列$x_0,x_1, $称为一条样本路径。",,"设$( , F,P)$为概率空间，$ S$为状态空间","由同一概率空间上的随机变量$X_t: S$组成的族$\X_t\_t 0$称为随机过程。一次实验给出的序列$x_0,x_1, $称为一条样本路径。",中,符号密度高,"1. 条件：设$( , F,P)$为概率空间，$ S$为状态空间
2. 结论：由同一概率空间上的随机变量$X_t: S$组成的族$\X_t\_t 0$称为随机过程。一次实验给出的序列$x_0,x_1, $称为一条样本路径。
3. 证明起点：该条为定义或当前范围未提供证明。
4. 逐步写明每个条件在何处被使用，等式变形前核对定义域/维数/正分母。
5. 用一个只破坏单一条件的反例说明边界；最后复述结论而不是只写“证毕”。","设$(\Omega,\mathcal F,P)$为概率空间，$\mathcal S$为状态空间。由同一概率空间上的随机变量$X_t:\Omega\to\mathcal S$组成的族$\{X_t\}_{t\ge0}$称为随机过程。一次实验给出的序列$x_0,x_1,\ldots$称为一条样本路径。",
定义,一阶马尔可夫性质：有限/可数状态主线,eq:V5-C01-markov-property,30,马尔可夫链基础,随机过程与马尔可夫性质,644,src/讲义源码/第05册_采样方法主题模型与图排序/chapters/V5-C01.tex,141,"本节先限定$ S$为有限或可数集合。对任意$t 0$和概率为正的历史事件$\X_0:t=x_0:t\$，若 equation P(X_t+1=x_t+1 X_0:t=x_0:t) =P(X_t+1=x_t+1 X_t=x_t), equation 则称该过程具有一阶马尔可夫性质。若右端条件分布不依赖$t$，称为时齐马尔可夫链。",,"本节先限定$ S$为有限或可数集合。对任意$t 0$和概率为正的历史事件$\X_0:t=x_0:t\$，若 equation P(X_t+1=x_t+1 X_0:t=x_0:t) =P(X_t+1=x_t+1 X_t=x_t), equation",称该过程具有一阶马尔可夫性质。若右端条件分布不依赖$t$，称为时齐马尔可夫链。,中,符号密度高,"1. 条件：本节先限定$ S$为有限或可数集合。对任意$t 0$和概率为正的历史事件$\X_0:t=x_0:t\$，若 equation P(X_t+1=x_t+1 X_0:t=x_0:t) =P(X_t+1=x_t+1 X_t=x_t), equation
2. 结论：称该过程具有一阶马尔可夫性质。若右端条件分布不依赖$t$，称为时齐马尔可夫链。
3. 证明起点：该条为定义或当前范围未提供证明。
4. 逐步写明每个条件在何处被使用，等式变形前核对定义域/维数/正分母。
5. 用一个只破坏单一条件的反例说明边界；最后复述结论而不是只写“证毕”。","本节先限定$\mathcal S$为有限或可数集合。对任意$t\ge0$和概率为正的历史事件$\{X_{0:t}=x_{0:t}\}$，若
\begin{equation}
P(X_{t+1}=x_{t+1}\mid X_{0:t}=x_{0:t})
=P(X_{t+1}=x_{t+1}\mid X_t=x_t),
\end{equation}
则称该过程具有一阶马尔可夫性质。若右端条件分布不依赖$t$，称为时齐马尔可夫链。",
定义,平稳分布,eq:V5-C01-stationary,30,马尔可夫链基础,平稳分布,642,src/讲义源码/第05册_采样方法主题模型与图排序/chapters/V5-C01.tex,301,"概率行向量$ $若满足 equation = A, _i 0, _i _i=1, equation 则称$ $为$A$的平稳分布。若$X_0 $，式eq:V5-C01-distribution-update保证所有$t$都有$X_t $。",,"概率行向量$ $若满足 equation = A, _i 0, _i _i=1, equation",称$ $为$A$的平稳分布。若$X_0 $，式eq:V5-C01-distribution-update保证所有$t$都有$X_t $。,中,符号密度高,"1. 条件：概率行向量$ $若满足 equation = A, _i 0, _i _i=1, equation
2. 结论：称$ $为$A$的平稳分布。若$X_0 $，式eq:V5-C01-distribution-update保证所有$t$都有$X_t $。
3. 证明起点：该条为定义或当前范围未提供证明。
4. 逐步写明每个条件在何处被使用，等式变形前核对定义域/维数/正分母。
5. 用一个只破坏单一条件的反例说明边界；最后复述结论而不是只写“证毕”。","概率行向量$\rho$若满足
\begin{equation}
\rho=\rho A,\qquad \rho_i\ge0,\qquad\sum_i\rho_i=1,
\end{equation}
则称$\rho$为$A$的平稳分布。若$X_0\sim\rho$，式\eqref{eq:V5-C01-distribution-update}保证所有$t$都有$X_t\sim\rho$。",
定理,有限链的平稳分布与唯一性层次,thm:V5-C01-finite-stationary,30,马尔可夫链基础,平稳分布,649,src/讲义源码/第05册_采样方法主题模型与图排序/chapters/V5-C01.tex,343,每个有限状态马尔可夫链至少有一个平稳分布。若链不可约，则平稳分布唯一且每个分量严格为正；非周期性不是唯一性的必要条件。,"存在性。任取初始概率行向量$ $，构造Ces\`aro平均 $ _N= 1N _t=0^N-1 A^t. $ 每个$ _N$都在有限维概率单纯形中。该单纯形闭且有界，因而存在子列$ _N_k $。另一方面，求和首尾相消给出 $ _NA- _N= A^N- N, \| _NA- _N \|_1 2N. $ 沿收敛子列令$k $，矩阵乘法的连续性给出$ A= $；极限仍非负且分量和为$1$，所以$ $是平稳分布。这里没有使用不可约性或非周期性。 不可约时严格为正。若某个$ _j=0$，则对任意$m 1$都有$ = A^m$，从而 $ 0= _j= _i _i(A^m)_ij. $ 至少存在一个$k$使$ _k>0$。不可约性保证对目标$j$存在某个$m$使$(A^m)_kj>0$，上式右端便至少含有一个严格正项，矛盾。因此每个$ _j>0$。 不可约时唯一。设$ $和$ $都是平稳分布。由上一步二者所有分量均严格为正，故有限集合上的比值有最大值 $ c= _i _i _i. $ 令$h=c - $，则$h 0$、$hA=h$，并且在某个状态$k$有$h_k=0$。若存在状态$i$使$h_i>0$，不可约性给出某个$m$满足$(A^m)_ik>0$，于是 $ 0=h_k=(hA^m)_k= _jh_j(A^m)_jk h_i(A^m)_ik>0, $ 再次矛盾。所以$h=0$，即$ =c $；两边分量和都是$1$迫使$c=1$，故$ = $。整个唯一性证明仍未使用非周期性。",每个有限状态马尔可夫链至少有一个平稳分布。若链不可约,平稳分布唯一且每个分量严格为正；非周期性不是唯一性的必要条件。,低,陈述与证明结构基本完整,"1. 条件：每个有限状态马尔可夫链至少有一个平稳分布。若链不可约
2. 结论：平稳分布唯一且每个分量严格为正；非周期性不是唯一性的必要条件。
3. 证明起点：存在性。
4. 逐步写明每个条件在何处被使用，等式变形前核对定义域/维数/正分母。
5. 用一个只破坏单一条件的反例说明边界；最后复述结论而不是只写“证毕”。",每个有限状态马尔可夫链至少有一个平稳分布。若链不可约，则平稳分布唯一且每个分量严格为正；非周期性不是唯一性的必要条件。,"\textbf{存在性。}任取初始概率行向量$\nu$，构造Ces\`aro平均
\[
\bar\nu_N=\frac1N\sum_{t=0}^{N-1}\nu A^t.
\]
每个$\bar\nu_N$都在有限维概率单纯形中。该单纯形闭且有界，因而存在子列$\bar\nu_{N_k}\to\rho$。另一方面，求和首尾相消给出
\[
\bar\nu_NA-\bar\nu_N=\frac{\nu A^N-\nu}{N},
\qquad
\left\|\bar\nu_NA-\bar\nu_N\right\|_1\le\frac2N.
\]
沿收敛子列令$k\to\infty$，矩阵乘法的连续性给出$\rho A=\rho$；极限仍非负且分量和为$1$，所以$\rho$是平稳分布。这里没有使用不可约性或非周期性。

\textbf{不可约时严格为正。}若某个$\rho_j=0$，则对任意$m\ge1$都有$\rho=\rho A^m$，从而
\[
0=\rho_j=\sum_i\rho_i(A^m)_{ij}.
\]
至少存在一个$k$使$\rho_k>0$。不可约性保证对目标$j$存在某个$m$使$(A^m)_{kj}>0$，上式右端便至少含有一个严格正项，矛盾。因此每个$\rho_j>0$。

\textbf{不可约时唯一。}设$\pi$和$\rho$都是平稳分布。由上一步二者所有分量均严格为正，故有限集合上的比值有最大值
\[
c=\max_i\frac{\pi_i}{\rho_i}.
\]
令$h=c\rho-\pi$，则$h\ge0$、$hA=h$，并且在某个状态$k$有$h_k=0$。若存在状态$i$使$h_i>0$，不可约性给出某个$m$满足$(A^m)_{ik}>0$，于是
\[
0=h_k=(hA^m)_k=\sum_jh_j(A^m)_{jk}
\ge h_i(A^m)_{ik}>0,
\]
再次矛盾。所以$h=0$，即$\pi=c\rho$；两边分量和都是$1$迫使$c=1$，故$\pi=\rho$。整个唯一性证明仍未使用非周期性。"
定义,周期,,30,马尔可夫链基础,不可约、非周期与正常返,642,src/讲义源码/第05册_采样方法主题模型与图排序/chapters/V5-C01.tex,415,"状态$i$的正回返时长集合为 $ T_i=\m 1:(A^m)_ii>0\, $ 其周期定义为$d(i)= T_i$；若$ T_i= $，本讲义约定$d(i)=0$。若$d(i)=1$，称状态$i$非周期。不可约链中所有状态周期相同，因此可以称整条链非周期或周期为$d$。",,见原陈述中的对象与前提,见原陈述中的结论,中,符号密度高,"1. 条件：见原陈述中的对象与前提
2. 结论：见原陈述中的结论
3. 证明起点：该条为定义或当前范围未提供证明。
4. 逐步写明每个条件在何处被使用，等式变形前核对定义域/维数/正分母。
5. 用一个只破坏单一条件的反例说明边界；最后复述结论而不是只写“证毕”。","状态$i$的正回返时长集合为
\[
\mathcal T_i=\{m\ge1:(A^m)_{ii}>0\},
\]
其周期定义为$d(i)=\gcd\mathcal T_i$；若$\mathcal T_i=\varnothing$，本讲义约定$d(i)=0$。若$d(i)=1$，称状态$i$非周期。不可约链中所有状态周期相同，因此可以称整条链非周期或周期为$d$。",
命题,通信状态具有相同周期,prop:V5-C01-common-period,30,马尔可夫链基础,不可约、非周期与正常返,651,src/讲义源码/第05册_采样方法主题模型与图排序/chapters/V5-C01.tex,424,若$i$与$j$通信，则$d(i)=d(j)$。,"若$i=j$，等式两边是同一个周期量，结论成立；以下设$i j$。由通信性，可选$r,s 1$使$(A^r)_ji>0$和$(A^s)_ij>0$。于是从$j$出发，先用$r$步到$i$、再用$s$步回$j$的路径有正概率，所以$d(j)$整除$r+s$。对任意$n T_i$，在两段路径之间插入$i$处的$n$步回路，得到$j$处长度$r+n+s$的正概率回路，因此$d(j)$也整除$r+n+s$。两式相减说明$d(j)$整除每个$n T_i$，故$d(j) d(i)$。交换$i,j$得到$d(i) d(j)$，所以二者相等。",若$i$与$j$通信,$d(i)=d(j)$。,低,陈述与证明结构基本完整,"1. 条件：若$i$与$j$通信
2. 结论：$d(i)=d(j)$。
3. 证明起点：若$i=j$，等式两边是同一个周期量，结论成立；
4. 逐步写明每个条件在何处被使用，等式变形前核对定义域/维数/正分母。
5. 用一个只破坏单一条件的反例说明边界；最后复述结论而不是只写“证毕”。",若$i$与$j$通信，则$d(i)=d(j)$。,"若$i=j$，等式两边是同一个周期量，结论成立；以下设$i\ne j$。由通信性，可选$r,s\ge1$使$(A^r)_{ji}>0$和$(A^s)_{ij}>0$。于是从$j$出发，先用$r$步到$i$、再用$s$步回$j$的路径有正概率，所以$d(j)$整除$r+s$。对任意$n\in\mathcal T_i$，在两段路径之间插入$i$处的$n$步回路，得到$j$处长度$r+n+s$的正概率回路，因此$d(j)$也整除$r+n+s$。两式相减说明$d(j)$整除每个$n\in\mathcal T_i$，故$d(j)\mid d(i)$。交换$i,j$得到$d(i)\mid d(j)$，所以二者相等。"
定理,有限不可约链的两类长期行为,thm:V5-C01-ergodic,30,马尔可夫链基础,不可约、非周期与正常返,652,src/讲义源码/第05册_采样方法主题模型与图排序/chapters/V5-C01.tex,483,"设有限状态马尔可夫链不可约，唯一平稳分布为$ $。对满足$ _i _i|f(i)|< $的函数$f$，时间平均满足 equation 1T _t=0^T-1f(X_t) _i _i f(i) 以概率1成立. equation 若再加非周期性，则对任意$i,j$有 equation (A^t)_ij _j, equation 从而任意初始分布$ _0A^t $。","第1步：构造有限均值的再生周期。固定参考状态$o$。由有限性与不可约性，从每个状态$x$都可选一条到达$o$的正概率路径；取整数$L 1$不小于这些有限条路径长度的最大值，并把各条路径的边概率乘积取最小值，得到$ >0$。在每个长度为$L$的时间块起点重新使用马尔可夫性质，便有 $ P_x( _o>kL) (1- )^k, k=0,1, . $ 因此$ E_x[ _o] L/ < $。从$o$出发，令 $ _0=0, _r= \t> _r-1:X_t=o\, L_r= _r- _r-1. $ 从$o$先走一步，再从$X_1$使用上述命中界，可得$ E_o[L_1] 1+L/ < $。由强马尔可夫性质，各段 $\X_ _r-1, ,X_ _r-1\$独立同分布，所以$(L_r)_r 1$也是独立同分布序列。这个结论只用了不可约性，没有使用非周期性。 第2步：由一个周期恢复平稳分布。记一个周期内访问状态$j$的次数为 $ N_j= _t=0^ _1-1 1_\X_t=j\, g_j= E_o[N_j], m= E_o[ _1]= _jg_j. $ 逐分量计算期望转移次数。为处理随机上限，先把和写成$ _t 0 1_\t< _1\( )$；再由Tonelli定理与塔式法则使用 $ E_o[ 1_\t< _1\ 1_\X_t+1=j\ F_t] = 1_\t< _1\a_X_tj$，得到 $ (gA)_j = E_o = E_o \\ = E_o =g_j. $ 最后一个等号成立，是因为周期起点$X_0$与终点$X_ _1$都等于$o$，移去起点再添上终点不会改变任何状态的访问计数。因此$g/m$是概率行向量且满足$(g/m)A=g/m$。由定理thm:V5-C01-finite-stationary的唯一性， equation _j= g_jm. equation 第3步：周期奖励的强大数律。令第$r$个周期的奖励为 $ R_r= _t= _r-1^ _r-1f(X_t). $ 有限状态下$f$有界，并且$ E_o[L_1]< $，所以$R_r$可积。由式eq:V5-C01-cycle-occupation， $ E_o[R_1]= _jf(j)g_j =m _j _jf(j). $ 对独立同分布的$(R_r,L_r)$使用强大数律，几乎必然有 $ _r=1^qR_r _r=1^qL_r E_o[R_1] E_o[L_1] = _j _jf(j). $ 还需检查未完成周期。可积性给出 $ _r 1 P(L_r> r)< $，故由Borel--Cantelli引理，$L_r/r 0$几乎必然成立。若$Q(T)= \r: _r T\$，周期长度的强大数律给出$Q(T)/T 1/m$，从而$Q(T) $且 $ L_Q(T)+1T = L_Q(T)+1Q(T)+1 Q(T)+1T 0. $ 于是末段奖励的绝对值至多为$ f _ L_Q(T)+1=o(T)$。从任意状态出发时，前述几何尾界保证首次到达$o$的时间几乎必然有限，有限首段除以$T$也趋于$0$。这就证明了式eq:V5-C01-time-average，全程没有要求非周期性。 第4步：非周期性给出共同的正矩阵幂。现在再假设链非周期。参考状态$o$的正回返时长集合的最大公约数为$1$，所以其中存在有限个$n_1, ,n_q$满足$ (n_1, ,n_q)=1$。把这些回路串接，任意$k_c N_0$给出的线性组合$ _c=1^q k_cn_c$仍是$o$的正回返时长。令$a=n_1$；$n_1, ,n_q$在有限群$ Z/a Z$中生成全部剩余类，而有限群中由这些剩余类生成的子幺半群就是它们生成的子群。因此对每个剩余类$b$都能选一个非负组合$u_b$落在该类。取$N_0= _bu_b$，则任意$N N_0$都可写成$u_b+ka$，故 $ (A^N)_oo>0, N N_0. $ 再为每个$i,j$分别固定正概率路径$i o$和$o j$，长度记为$r_i,s_j$，允许$o$处长度为$0$。取整数 $ M \1, N_0+ _i,j(r_i+s_j) \, $ 则中间还能插入长度$M-r_i-s_j N_0$的$o$处回路，从而$(A^M)_ij>0$对所有$i,j$成立。 第5步：Doeblin分解与收缩。令 $ = _i,j(A^M)_ij>0, =n (0,1], u=(1/n, ,1/n). $ 若$ =1$，行和为$1$迫使$A^M$的每一行都等于$u$；又因$ $平稳，$ = A^M=u$，故任意初始分布$ $都满足$ A^M=u= $，经过一个$M$步块即到达平稳分布。若$0< <1$，则 $ B= A^M- 1u1- $ 仍是行随机矩阵。对任意两个概率行向量$ , $，利用$ zB _1 z _1$得到 $ A^M- A^M _1 (1- ) - _1. $ 把$t=kM+r$，其中$0 r<M$，并取$ = $，便有 $ A^t- _1 (1- )^k A^r- _1 2(1- )^k 0. $ 于是每个分量都满足式eq:V5-C01-step-convergence，任意初始分布也收敛到$ $。",设有限状态马尔可夫链不可约，唯一平稳分布为$ $。对满足$ _i _i|f(i)|< $的函数$f$，时间平均满足 equation 1T _t=0^T-1f(X_t) _i _i f(i) 以概率1成立. equation 若再加非周期性,"对任意$i,j$有 equation (A^t)_ij _j, equation 从而任意初始分布$ _0A^t $。",中,符号密度高,"1. 条件：设有限状态马尔可夫链不可约，唯一平稳分布为$ $。对满足$ _i _i|f(i)|< $的函数$f$，时间平均满足 equation 1T _t=0^T-1f(X_t) _i _i f(i) 以概率1成立. equation 若再加非周期性
2. 结论：对任意$i,j$有 equation (A^t)_ij _j, equation 从而任意初始分布$ _0A^t $。
3. 证明起点：第1步：构造有限均值的再生周期。
4. 逐步写明每个条件在何处被使用，等式变形前核对定义域/维数/正分母。
5. 用一个只破坏单一条件的反例说明边界；最后复述结论而不是只写“证毕”。","设有限状态马尔可夫链不可约，唯一平稳分布为$\rho$。对满足$\sum_i\rho_i|f(i)|<\infty$的函数$f$，时间平均满足
\begin{equation}
\frac1T\sum_{t=0}^{T-1}f(X_t)\longrightarrow
\sum_i\rho_i f(i)
\quad\text{以概率1成立}.
\end{equation}
若再加非周期性，则对任意$i,j$有
\begin{equation}
(A^t)_{ij}\longrightarrow\rho_j,
\end{equation}
从而任意初始分布$\rho_0A^t\to\rho$。","\textbf{第1步：构造有限均值的再生周期。}固定参考状态$o$。由有限性与不可约性，从每个状态$x$都可选一条到达$o$的正概率路径；取整数$L\ge1$不小于这些有限条路径长度的最大值，并把各条路径的边概率乘积取最小值，得到$\eta>0$。在每个长度为$L$的时间块起点重新使用马尔可夫性质，便有
\[
\mathbb P_x(\tau_o>kL)\le(1-\eta)^k,
\qquad k=0,1,\ldots.
\]
因此$\mathbb E_x[\tau_o]\le L/\eta<\infty$。从$o$出发，令
\[
\sigma_0=0,
\qquad
\sigma_r=\inf\{t>\sigma_{r-1}:X_t=o\},
\qquad
L_r=\sigma_r-\sigma_{r-1}.
\]
从$o$先走一步，再从$X_1$使用上述命中界，可得$\mathbb E_o[L_1]\le1+L/\eta<\infty$。由强马尔可夫性质，各段
$\{X_{\sigma_{r-1}},\ldots,X_{\sigma_r-1}\}$独立同分布，所以$(L_r)_{r\ge1}$也是独立同分布序列。这个结论只用了不可约性，没有使用非周期性。

\textbf{第2步：由一个周期恢复平稳分布。}记一个周期内访问状态$j$的次数为
\[
N_j=\sum_{t=0}^{\sigma_1-1}\mathbf 1_{\{X_t=j\}},
\qquad
g_j=\mathbb E_o[N_j],
\qquad
m=\mathbb E_o[\sigma_1]=\sum_jg_j.
\]
逐分量计算期望转移次数。为处理随机上限，先把和写成$\sum_{t\ge0}\mathbf 1_{\{t<\sigma_1\}}(\cdot)$；再由Tonelli定理与塔式法则使用
$\mathbb E_o[\mathbf 1_{\{t<\sigma_1\}}\mathbf 1_{\{X_{t+1}=j\}}\mid\mathcal F_t]
=\mathbf 1_{\{t<\sigma_1\}}a_{X_tj}$，得到
\[
\begin{aligned}
(gA)_j
&=\mathbb E_o\!\left[\sum_{t=0}^{\sigma_1-1}a_{X_tj}\right]
=\mathbb E_o\!\left[\sum_{t=0}^{\sigma_1-1}\mathbf 1_{\{X_{t+1}=j\}}\right]\\
&=\mathbb E_o\!\left[\sum_{t=1}^{\sigma_1}\mathbf 1_{\{X_t=j\}}\right]
=g_j.
\end{aligned}
\]
最后一个等号成立，是因为周期起点$X_0$与终点$X_{\sigma_1}$都等于$o$，移去起点再添上终点不会改变任何状态的访问计数。因此$g/m$是概率行向量且满足$(g/m)A=g/m$。由定理\ref{thm:V5-C01-finite-stationary}的唯一性，
\begin{equation}\label{eq:V5-C01-cycle-occupation}
\rho_j=\frac{g_j}{m}.
\end{equation}

\textbf{第3步：周期奖励的强大数律。}令第$r$个周期的奖励为
\[
R_r=\sum_{t=\sigma_{r-1}}^{\sigma_r-1}f(X_t).
\]
有限状态下$f$有界，并且$\mathbb E_o[L_1]<\infty$，所以$R_r$可积。由式\eqref{eq:V5-C01-cycle-occupation}，
\[
\mathbb E_o[R_1]=\sum_jf(j)g_j
=m\sum_j\rho_jf(j).
\]
对独立同分布的$(R_r,L_r)$使用强大数律，几乎必然有
\[
\frac{\sum_{r=1}^qR_r}{\sum_{r=1}^qL_r}
\longrightarrow
\frac{\mathbb E_o[R_1]}{\mathbb E_o[L_1]}
=\sum_j\rho_jf(j).
\]
还需检查未完成周期。可积性给出
$\sum_{r\ge1}\mathbb P(L_r>\varepsilon r)<\infty$，故由Borel--Cantelli引理，$L_r/r\to0$几乎必然成立。若$Q(T)=\max\{r:\sigma_r\le T\}$，周期长度的强大数律给出$Q(T)/T\to1/m$，从而$Q(T)\to\infty$且
\[
\frac{L_{Q(T)+1}}{T}
=\frac{L_{Q(T)+1}}{Q(T)+1}\frac{Q(T)+1}{T}
\longrightarrow0.
\]
于是末段奖励的绝对值至多为$\lVert f\rVert_\infty L_{Q(T)+1}=o(T)$。从任意状态出发时，前述几何尾界保证首次到达$o$的时间几乎必然有限，有限首段除以$T$也趋于$0$。这就证明了式\eqref{eq:V5-C01-time-average}，全程没有要求非周期性。

\textbf{第4步：非周期性给出共同的正矩阵幂。}现在再假设链非周期。参考状态$o$的正回返时长集合的最大公约数为$1$，所以其中存在有限个$n_1,\ldots,n_q$满足$\gcd(n_1,\ldots,n_q)=1$。把这些回路串接，任意$k_c\in\mathbb N_0$给出的线性组合$\sum_{c=1}^q k_cn_c$仍是$o$的正回返时长。令$a=n_1$；$n_1,\ldots,n_q$在有限群$\mathbb Z/a\mathbb Z$中生成全部剩余类，而有限群中由这些剩余类生成的子幺半群就是它们生成的子群。因此对每个剩余类$b$都能选一个非负组合$u_b$落在该类。取$N_0=\max_bu_b$，则任意$N\ge N_0$都可写成$u_b+ka$，故
\[
(A^N)_{oo}>0,
\qquad N\ge N_0.
\]
再为每个$i,j$分别固定正概率路径$i\to o$和$o\to j$，长度记为$r_i,s_j$，允许$o$处长度为$0$。取整数
\[
M\ge\max\left\{1,\,N_0+\max_{i,j}(r_i+s_j)\right\},
\]
则中间还能插入长度$M-r_i-s_j\ge N_0$的$o$处回路，从而$(A^M)_{ij}>0$对所有$i,j$成立。

\textbf{第5步：Doeblin分解与收缩。}令
\[
\delta=\min_{i,j}(A^M)_{ij}>0,
\qquad
\alpha=n\delta\in(0,1],
\qquad
u=(1/n,\ldots,1/n).
\]
若$\alpha=1$，行和为$1$迫使$A^M$的每一行都等于$u$；又因$\rho$平稳，$\rho=\rho A^M=u$，故任意初始分布$\nu$都满足$\nu A^M=u=\rho$，经过一个$M$步块即到达平稳分布。若$0<\alpha<1$，则
\[
B=\frac{A^M-\alpha\mathbf 1u}{1-\alpha}
\]
仍是行随机矩阵。对任意两个概率行向量$\nu,\xi$，利用$\lVert zB\rVert_1\le\lVert z\rVert_1$得到
\[
\lVert\nu A^M-\xi A^M\rVert_1
\le(1-\alpha)\lVert\nu-\xi\rVert_1.
\]
把$t=kM+r$，其中$0\le r<M$，并取$\xi=\rho$，便有
\[
\lVert\nu A^t-\rho\rVert_1
\le(1-\alpha)^k\lVert\nu A^r-\rho\rVert_1
\le2(1-\alpha)^k\longrightarrow0.
\]
于是每个分量都满足式\eqref{eq:V5-C01-step-convergence}，任意初始分布也收敛到$\rho$。"
定义,细致平衡与可逆性,eq:V5-C01-detailed-balance,30,马尔可夫链基础,不可约、非周期与正常返,642,src/讲义源码/第05册_采样方法主题模型与图排序/chapters/V5-C01.tex,630,"若概率分布$ $满足 equation _i a_ij= _j a_ji, i,j S, equation 则称$A$关于$ $满足细致平衡，链关于$ $可逆。等式两边都是平稳权重下沿同一条边相反方向的一步概率流。",,"若概率分布$ $满足 equation _i a_ij= _j a_ji, i,j S, equation",称$A$关于$ $满足细致平衡，链关于$ $可逆。等式两边都是平稳权重下沿同一条边相反方向的一步概率流。,中,符号密度高,"1. 条件：若概率分布$ $满足 equation _i a_ij= _j a_ji, i,j S, equation
2. 结论：称$A$关于$ $满足细致平衡，链关于$ $可逆。等式两边都是平稳权重下沿同一条边相反方向的一步概率流。
3. 证明起点：该条为定义或当前范围未提供证明。
4. 逐步写明每个条件在何处被使用，等式变形前核对定义域/维数/正分母。
5. 用一个只破坏单一条件的反例说明边界；最后复述结论而不是只写“证毕”。","若概率分布$\rho$满足
\begin{equation}
\rho_i a_{ij}=\rho_j a_{ji},\qquad i,j\in\mathcal S,
\end{equation}
则称$A$关于$\rho$满足细致平衡，链关于$\rho$可逆。等式两边都是平稳权重下沿同一条边相反方向的一步概率流。",
定义,独立同分布蒙特卡罗估计,eq:V5-C02-mc-estimator,31,蒙特卡罗方法与直接采样,蒙特卡罗估计,675,src/讲义源码/第05册_采样方法主题模型与图排序/chapters/V5-C02.tex,161,"设$( X, A)$为可测空间，$p$为其上的概率分布，$X_1, ,X_N$独立同分布且共同服从$p$，记作$X_i iid p$。若$f: X R$可测且$E_p|f(X)|< $，则 equation =E_p[f(X)], _N= 1N _i=1^N f(X_i), N 1, equation 称为目标期望及其蒙特卡罗估计量。",,"设$( X, A)$为可测空间，$p$为其上的概率分布，$X_1, ,X_N$独立同分布且共同服从$p$，记作$X_i iid p$。若$f: X R$可测且$E_p|f(X)|< $","equation =E_p[f(X)], _N= 1N _i=1^N f(X_i), N 1, equation 称为目标期望及其蒙特卡罗估计量。",中,符号密度高,"1. 条件：设$( X, A)$为可测空间，$p$为其上的概率分布，$X_1, ,X_N$独立同分布且共同服从$p$，记作$X_i iid p$。若$f: X R$可测且$E_p|f(X)|< $
2. 结论：equation =E_p[f(X)], _N= 1N _i=1^N f(X_i), N 1, equation 称为目标期望及其蒙特卡罗估计量。
3. 证明起点：该条为定义或当前范围未提供证明。
4. 逐步写明每个条件在何处被使用，等式变形前核对定义域/维数/正分母。
5. 用一个只破坏单一条件的反例说明边界；最后复述结论而不是只写“证毕”。","设$(\mathcal X,\mathcal A)$为可测空间，$p$为其上的概率分布，$X_1,\ldots,X_N$独立同分布且共同服从$p$，记作$X_i\stackrel{\mathrm{iid}}{\sim}p$。若$f:\mathcal X\to\mathbb R$可测且$E_p|f(X)|<\infty$，则
\begin{equation}
\mu=E_p[f(X)],\qquad
\widehat\mu_N=\frac1N\sum_{i=1}^N f(X_i),\quad N\ge1,
\end{equation}
称为目标期望及其蒙特卡罗估计量。",
引理,Kolmogorov独立级数收敛准则,lem:V5-C02-kolmogorov-series,31,蒙特卡罗方法与直接采样,蒙特卡罗估计,677,src/讲义源码/第05册_采样方法主题模型与图排序/chapters/V5-C02.tex,235,"若$Z_1,Z_2, $相互独立，$E(Z_n)=0$，且$ _n 1E(Z_n^2)< $，则级数$ _n 1Z_n$几乎必然收敛。","先证明最大不等式。令$S_k= _j=1^kZ_j$，并把事件“首次有$|S_j| $”记为 $A_j=\|S_1|< , ,|S_j-1|< ,|S_j| \$。这些事件互不相交；$A_j$只由$Z_1, ,Z_j$决定，而$S_n-S_j$与它独立且均值为$0$。因此 $ E[ 1_A_jS_n^2] =E[ 1_A_jS_j^2]+E[ 1_A_j(S_n-S_j)^2] ^2P(A_j). $ 对$j=1, ,n$求和，并用事件互不相交，得到 $ P ( _1 j n|S_j| ) E(S_n^2) ^2 = 1 ^2 _j=1^nE(Z_j^2). $ 同一论证可从任意$m+1$开始。由于方差级数收敛，可选递增整数$m_r$使$ _j>m_rE(Z_j^2) 2^-3r$。令有限终点趋于无穷，便有 $ P ( _k>m_r|S_k-S_m_r|>2^-r ) 2^-r. $ 右端关于$r$可求和，Borel--Cantelli引理说明几乎每条样本路径从某个$r$起都满足该上确界不超过$2^-r$。于是任意$n,k>m_r$都有$|S_n-S_k| 2^1-r$，故$(S_n)$几乎必然为Cauchy序列并收敛，等价于$ _nZ_n$收敛。","若$Z_1,Z_2, $相互独立，$E(Z_n)=0$，且$ _n 1E(Z_n^2)< $",级数$ _n 1Z_n$几乎必然收敛。,中,符号密度高,"1. 条件：若$Z_1,Z_2, $相互独立，$E(Z_n)=0$，且$ _n 1E(Z_n^2)< $
2. 结论：级数$ _n 1Z_n$几乎必然收敛。
3. 证明起点：先证明最大不等式。
4. 逐步写明每个条件在何处被使用，等式变形前核对定义域/维数/正分母。
5. 用一个只破坏单一条件的反例说明边界；最后复述结论而不是只写“证毕”。","若$Z_1,Z_2,\ldots$相互独立，$E(Z_n)=0$，且$\sum_{n\ge1}E(Z_n^2)<\infty$，则级数$\sum_{n\ge1}Z_n$几乎必然收敛。","先证明最大不等式。令$S_k=\sum_{j=1}^kZ_j$，并把事件“首次有$|S_j|\ge\varepsilon$”记为
$A_j=\{|S_1|<\varepsilon,\ldots,|S_{j-1}|<\varepsilon,|S_j|\ge\varepsilon\}$。这些事件互不相交；$A_j$只由$Z_1,\ldots,Z_j$决定，而$S_n-S_j$与它独立且均值为$0$。因此
\[
E[\boldsymbol1_{A_j}S_n^2]
=E[\boldsymbol1_{A_j}S_j^2]+E[\boldsymbol1_{A_j}(S_n-S_j)^2]
\ge\varepsilon^2P(A_j).
\]
对$j=1,\ldots,n$求和，并用事件互不相交，得到
\[
P\!\left(\max_{1\le j\le n}|S_j|\ge\varepsilon\right)
\le\frac{E(S_n^2)}{\varepsilon^2}
=\frac1{\varepsilon^2}\sum_{j=1}^nE(Z_j^2).
\]
同一论证可从任意$m+1$开始。由于方差级数收敛，可选递增整数$m_r$使$\sum_{j>m_r}E(Z_j^2)\le2^{-3r}$。令有限终点趋于无穷，便有
\[
P\!\left(\sup_{k>m_r}|S_k-S_{m_r}|>2^{-r}\right)\le2^{-r}.
\]
右端关于$r$可求和，Borel--Cantelli引理说明几乎每条样本路径从某个$r$起都满足该上确界不超过$2^{-r}$。于是任意$n,k>m_r$都有$|S_n-S_k|\le2^{1-r}$，故$(S_n)$几乎必然为Cauchy序列并收敛，等价于$\sum_nZ_n$收敛。"
定理,独立同分布蒙特卡罗估计的基本性质,thm:V5-C02-iid-mc,31,蒙特卡罗方法与直接采样,蒙特卡罗估计,678,src/讲义源码/第05册_采样方法主题模型与图排序/chapters/V5-C02.tex,259,若$X_i iid p$且$f$可测、$E_p|f(X)|< $，则$ _N$无偏且$ _N $几乎必然成立。若进一步$E_p[f(X)^2]< $，则式eq:V5-C02-mc-variance成立，并且均方误差为$ ^2/N$。,"令$Y_i=f(X_i)$，并以$Y$表示它们的共同分布。可积性使$E(Y_i)= $存在，期望线性性给出$E( _N)= $，所以估计量无偏。下面在本章内证明所需的强大数结论。 定义截断变量$T_i=Y_i 1_\|Y_i| i\$。尾和公式给出 $ _i=1^ P(T_i Y_i) = _i=1^ P(|Y|>i) E|Y|< . $ Borel--Cantelli引理说明$T_i=Y_i$最终几乎必然成立。另一方面，交换非负求和与期望可得 $ _i=1^ E(T_i^2)i^2 =E < . $ 最后一个有限性来自：$|Y|<1$时括号内有统一有限上界且$Y^2 |Y|$；$|Y| 1$时尾和不超过$2/|Y|$，乘以$Y^2$后不超过$2|Y|$。因此 $Z_i=(T_i-E T_i)/i$满足引理lem:V5-C02-kolmogorov-series的条件，级数$ _i(T_i-E T_i)/i$几乎必然收敛。 记$A_n= _i=1^n(T_i-E T_i)/i$。分部求和恒等式给出 $ 1n _i=1^n(T_i-E T_i) =A_n- 1n _i=1^n-1A_i 0, $ 因为$A_n$与其Ces\`aro平均收敛到同一极限。又有$E T_i EY= $，这是由$|Y|$支配和支配收敛定理得到的；故$N^-1 _i=1^NE T_i $。再结合$T_i=Y_i$最终几乎必然成立，有限个差异除以$N$趋于$0$，从而$N^-1 _iY_i $几乎必然成立。 若二阶矩有限，则$ ^2$存在；独立性给出$i j$时$Cov(Y_i,Y_j)=0$，逐项展开方差便得到式eq:V5-C02-mc-variance。最后把无偏性代入式eq:V5-C02-mse-decomposition，得到均方误差$ ^2/N$。上述各步共同证明结论。",若$X_i iid p$且$f$可测、$E_p|f(X)|< $,$ _N$无偏且$ _N $几乎必然成立。若进一步$E_p[f(X)^2]< $，则式eq:V5-C02-mc-variance成立，并且均方误差为$ ^2/N$。,中,符号密度高,"1. 条件：若$X_i iid p$且$f$可测、$E_p|f(X)|< $
2. 结论：$ _N$无偏且$ _N $几乎必然成立。若进一步$E_p[f(X)^2]< $，则式eq:V5-C02-mc-variance成立，并且均方误差为$ ^2/N$。
3. 证明起点：令$Y_i=f(X_i)$，并以$Y$表示它们的共同分布。
4. 逐步写明每个条件在何处被使用，等式变形前核对定义域/维数/正分母。
5. 用一个只破坏单一条件的反例说明边界；最后复述结论而不是只写“证毕”。",若$X_i\stackrel{\mathrm{iid}}{\sim}p$且$f$可测、$E_p|f(X)|<\infty$，则$\widehat\mu_N$无偏且$\widehat\mu_N\to\mu$几乎必然成立。若进一步$E_p[f(X)^2]<\infty$，则式\eqref{eq:V5-C02-mc-variance}成立，并且均方误差为$\sigma^2/N$。,"令$Y_i=f(X_i)$，并以$Y$表示它们的共同分布。可积性使$E(Y_i)=\mu$存在，期望线性性给出$E(\widehat\mu_N)=\mu$，所以估计量无偏。下面在本章内证明所需的强大数结论。

定义截断变量$T_i=Y_i\boldsymbol1_{\{|Y_i|\le i\}}$。尾和公式给出
\[
\sum_{i=1}^{\infty}P(T_i\ne Y_i)
=\sum_{i=1}^{\infty}P(|Y|>i)\le E|Y|<\infty.
\]
Borel--Cantelli引理说明$T_i=Y_i$最终几乎必然成立。另一方面，交换非负求和与期望可得
\[
\sum_{i=1}^{\infty}\frac{E(T_i^2)}{i^2}
=E\!\left[Y^2\sum_{i\ge\max(1,\lceil|Y|\rceil)}\frac1{i^2}\right]<\infty.
\]
最后一个有限性来自：$|Y|<1$时括号内有统一有限上界且$Y^2\le|Y|$；$|Y|\ge1$时尾和不超过$2/|Y|$，乘以$Y^2$后不超过$2|Y|$。因此
$Z_i=(T_i-E T_i)/i$满足引理\ref{lem:V5-C02-kolmogorov-series}的条件，级数$\sum_i(T_i-E T_i)/i$几乎必然收敛。

记$A_n=\sum_{i=1}^n(T_i-E T_i)/i$。分部求和恒等式给出
\[
\frac1n\sum_{i=1}^n(T_i-E T_i)
=A_n-\frac1n\sum_{i=1}^{n-1}A_i\longrightarrow0,
\]
因为$A_n$与其Ces\`aro平均收敛到同一极限。又有$E T_i\to EY=\mu$，这是由$|Y|$支配和支配收敛定理得到的；故$N^{-1}\sum_{i=1}^NE T_i\to\mu$。再结合$T_i=Y_i$最终几乎必然成立，有限个差异除以$N$趋于$0$，从而$N^{-1}\sum_iY_i\to\mu$几乎必然成立。

若二阶矩有限，则$\sigma^2$存在；独立性给出$i\ne j$时$\operatorname{Cov}(Y_i,Y_j)=0$，逐项展开方差便得到式\eqref{eq:V5-C02-mc-variance}。最后把无偏性代入式\eqref{eq:V5-C02-mse-decomposition}，得到均方误差$\sigma^2/N$。上述各步共同证明结论。"
定义,分布函数的广义逆,eq:V5-C02-generalized-inverse,31,蒙特卡罗方法与直接采样,逆变换抽样,679,src/讲义源码/第05册_采样方法主题模型与图排序/chapters/V5-C02.tex,308,设$F(x)=P(X x)$是实随机变量的分布函数。对$0<u<1$，定义 equation Q(u)= \x R:F(x) u\. equation $Q$读作分位数函数或广义逆；“首次达到”中的不等号必须是$ $，这样才能覆盖离散跳跃和平坦区间。,,设$F(x)=P(X x)$是实随机变量的分布函数,对$0<u<1$，定义 equation Q(u)= \x R:F(x) u\. equation $Q$读作分位数函数或广义逆；“首次达到”中的不等号必须是$ $，这样才能覆盖离散跳跃和平坦区间。,中,符号密度高,"1. 条件：设$F(x)=P(X x)$是实随机变量的分布函数
2. 结论：对$0<u<1$，定义 equation Q(u)= \x R:F(x) u\. equation $Q$读作分位数函数或广义逆；“首次达到”中的不等号必须是$ $，这样才能覆盖离散跳跃和平坦区间。
3. 证明起点：该条为定义或当前范围未提供证明。
4. 逐步写明每个条件在何处被使用，等式变形前核对定义域/维数/正分母。
5. 用一个只破坏单一条件的反例说明边界；最后复述结论而不是只写“证毕”。","设$F(x)=P(X\le x)$是实随机变量的分布函数。对$0<u<1$，定义
\begin{equation}
Q(u)=\inf\{x\in\mathbb R:F(x)\ge u\}.
\end{equation}
$Q$读作分位数函数或广义逆；“首次达到”中的不等号必须是$\ge$，这样才能覆盖离散跳跃和平坦区间。",
定理,广义逆变换定理,thm:V5-C02-inverse-transform,31,蒙特卡罗方法与直接采样,逆变换抽样,679,src/讲义源码/第05册_采样方法主题模型与图排序/chapters/V5-C02.tex,316,"若$U U(0,1)$，并令$X=Q(U)$，其中$Q$由式eq:V5-C02-generalized-inverse定义，则$X$的分布函数是$F$。此结论允许$F$有跳跃和平坦段。","先证明对每个$0<u<1$和$x R$都有 equation Q(u) x u F(x). equation 由于$0<u<1$且分布函数在两端的极限分别为$0$和$1$，集合$S_u=\z:F(z) u\$非空且有下界，所以$a=Q(u)$是有限实数。若$u F(x)$，则$x S_u$，故$Q(u) x$。反过来，设$a=Q(u) x$。下确界定义保证对每个$n$存在$z_n S_u$使$a z_n<a+1/n$；又因$F$非降，$S_u$向上封闭，所以$a+1/n S_u$。序列$a+1/n$从右侧单调趋于$a$，分布函数右连续，从而$F(a)= _nF(a+1/n) u$；再由$a x$与单调性得到$F(x) F(a) u$。式eq:V5-C02-quantile-event成立。于是 $ P(X x)=P\Q(U) x\=P\U F(x)\=F(x), $ 最后一步使用$0 F(x) 1$以及均匀分布的分布函数。故$X$确实服从$F$。","若$U U(0,1)$，并令$X=Q(U)$，其中$Q$由式eq:V5-C02-generalized-inverse定义",$X$的分布函数是$F$。此结论允许$F$有跳跃和平坦段。,中,符号密度高,"1. 条件：若$U U(0,1)$，并令$X=Q(U)$，其中$Q$由式eq:V5-C02-generalized-inverse定义
2. 结论：$X$的分布函数是$F$。此结论允许$F$有跳跃和平坦段。
3. 证明起点：先证明对每个$0<u<1$和$x R$都有 equation Q(u) x u F(x). equation 由于$0<u<1$且分布函数在两端的极限分别为$0$和$1$，集合$S_u=\z:F(z) u\$非空且有下界，所以$a=Q(u)$是有限实数。
4. 逐步写明每个条件在何处被使用，等式变形前核对定义域/维数/正分母。
5. 用一个只破坏单一条件的反例说明边界；最后复述结论而不是只写“证毕”。","若$U\sim\mathrm U(0,1)$，并令$X=Q(U)$，其中$Q$由式\eqref{eq:V5-C02-generalized-inverse}定义，则$X$的分布函数是$F$。此结论允许$F$有跳跃和平坦段。","先证明对每个$0<u<1$和$x\in\mathbb R$都有
\begin{equation}\label{eq:V5-C02-quantile-event}
Q(u)\le x\quad\Longleftrightarrow\quad u\le F(x).
\end{equation}
由于$0<u<1$且分布函数在两端的极限分别为$0$和$1$，集合$S_u=\{z:F(z)\ge u\}$非空且有下界，所以$a=Q(u)$是有限实数。若$u\le F(x)$，则$x\in S_u$，故$Q(u)\le x$。反过来，设$a=Q(u)\le x$。下确界定义保证对每个$n$存在$z_n\in S_u$使$a\le z_n<a+1/n$；又因$F$非降，$S_u$向上封闭，所以$a+1/n\in S_u$。序列$a+1/n$从右侧单调趋于$a$，分布函数右连续，从而$F(a)=\lim_nF(a+1/n)\ge u$；再由$a\le x$与单调性得到$F(x)\ge F(a)\ge u$。式\eqref{eq:V5-C02-quantile-event}成立。于是
\[
P(X\le x)=P\{Q(U)\le x\}=P\{U\le F(x)\}=F(x),
\]
最后一步使用$0\le F(x)\le1$以及均匀分布的分布函数。故$X$确实服从$F$。"
定理,接受--拒绝抽样的分布与接受率,thm:V5-C02-rejection-correctness,31,蒙特卡罗方法与直接采样,接受—拒绝抽样,681,src/讲义源码/第05册_采样方法主题模型与图排序/chapters/V5-C02.tex,367,"在式eq:V5-C02-envelope条件下，对任意可测集合$A$，单次提议满足 $ P(Y A,接受)= 1c _Ap(y) d (y), P(接受)= 1c. $ 因此条件分布$P(Y A 接受)= _Ap(y) d (y)$；连续重复独立试验所得的接受值组成独立同分布的$p$样本。","固定$Y=y$后，$U$与$Y$独立且$0 (y) 1$，所以条件接受概率是$ (y)$。按$Y$积分得到 $ P(Y A,接受) = _A \q>0\q(y) (y) d (y) = 1c _A \q>0\p(y) d (y) = 1c _Ap(y) d (y), $ 其中最后一个等号使用$p q$。 取$A= X$并使用$ p d =1$，得到$P(接受)=1/c$。两式相除便得到接受值的条件分布。每次提议对$(Y,U)$都重新独立抽取；一次接受之后，后续提议块与此前提议块独立且规则不变。对连续多个接受值逐次使用这一条件分布，可把其联合概率分解为各自$p$概率的乘积，所以接受序列独立同分布。结论得证。",见原陈述中的对象与前提,见原陈述中的结论,中,符号密度高；证明路线提示不足,"1. 条件：见原陈述中的对象与前提
2. 结论：见原陈述中的结论
3. 证明起点：固定$Y=y$后，$U$与$Y$独立且$0 (y) 1$，所以条件接受概率是$ (y)$。
4. 逐步写明每个条件在何处被使用，等式变形前核对定义域/维数/正分母。
5. 用一个只破坏单一条件的反例说明边界；最后复述结论而不是只写“证毕”。","在式\eqref{eq:V5-C02-envelope}条件下，对任意可测集合$A$，单次提议满足
\[
P(Y\in A,\text{接受})=\frac1c\int_Ap(y)\,\mathrm d\nu(y),
\qquad P(\text{接受})=\frac1c.
\]
因此条件分布$P(Y\in A\mid\text{接受})=\int_Ap(y)\,\mathrm d\nu(y)$；连续重复独立试验所得的接受值组成独立同分布的$p$样本。","固定$Y=y$后，$U$与$Y$独立且$0\le\alpha(y)\le1$，所以条件接受概率是$\alpha(y)$。按$Y$积分得到
\[
P(Y\in A,\text{接受})
=\int_{A\cap\{q>0\}}q(y)\alpha(y)\,\mathrm d\nu(y)
=\frac1c\int_{A\cap\{q>0\}}p(y)\,\mathrm d\nu(y)
=\frac1c\int_Ap(y)\,\mathrm d\nu(y),
\]
其中最后一个等号使用$p\ll q$。
取$A=\mathcal X$并使用$\int p\,\mathrm d\nu=1$，得到$P(\text{接受})=1/c$。两式相除便得到接受值的条件分布。每次提议对$(Y,U)$都重新独立抽取；一次接受之后，后续提议块与此前提议块独立且规则不变。对连续多个接受值逐次使用这一条件分布，可把其联合概率分解为各自$p$概率的乘积，所以接受序列独立同分布。结论得证。"
定理,普通与自归一化重要性抽样,thm:V5-C02-is-properties,31,蒙特卡罗方法与直接采样,重要性抽样,684,src/讲义源码/第05册_采样方法主题模型与图排序/chapters/V5-C02.tex,415,"若$p q$且$E_q|w(Y)h(Y)|< $，则式eq:V5-C02-ordinary-is无偏并几乎必然收敛到$I$。若再有$E_q[(w(Y)h(Y))^2]< $，其方差为$Var_q(wh)/N$。对式eq:V5-C02-snis，若$E_q| w h|< $且$E_q w=Z (0, )$，则以概率$1$存在随机整数$N_0$，使所有$N N_0$时分母有限且为正；从此式eq:V5-C02-snis有定义，并几乎必然收敛到$I$。","支持覆盖使 $ E_q[w(Y)h(Y)] = _\q>0\q(y)w(y)h(y) d (y) = _\q>0\p(y)h(y) d (y) = p(y)h(y) d (y)=I, $ 其中最后一个等号使用$p q$。 期望线性性给出普通估计无偏；强大数定律给出其几乎必然一致性。二阶矩有限时，把随机变量$wh$代入定理thm:V5-C02-iid-mc的方差结论，得到$Var_q(wh)/N$。 对自归一化估计，强大数定律分别给出 $ 1N _i w(Y_i)h(Y_i) p(y)h(y) d (y)=ZI, 1N _i w(Y_i) Z $ 几乎必然成立。因为$Z>0$，在该概率为$1$的收敛事件上，存在$N_0$使$N N_0$时分母平均值大于$Z/2$且有限。除法在$(ZI,Z)$处连续，连续映射定理遂给出从$N_0$起有定义的比值收敛到$I$。有限样本分母仍可能恰为$0$，此时式eq:V5-C02-snis不定义；这不影响上述几乎必然的最终正性与收敛结论。证明完成。",若$p q$且$E_q|w(Y)h(Y)|< $,"式eq:V5-C02-ordinary-is无偏并几乎必然收敛到$I$。若再有$E_q[(w(Y)h(Y))^2]< $，其方差为$Var_q(wh)/N$。对式eq:V5-C02-snis，若$E_q| w h|< $且$E_q w=Z (0, )$，则以概率$1$存在随机整数$N_0$，使所有$N N_0$时分母有限且为正；从此式eq:V5-C02-snis有定义，并几乎必然收敛到$I$。",中,符号密度高,"1. 条件：若$p q$且$E_q|w(Y)h(Y)|< $
2. 结论：式eq:V5-C02-ordinary-is无偏并几乎必然收敛到$I$。若再有$E_q[(w(Y)h(Y))^2]< $，其方差为$Var_q(wh)/N$。对式eq:V5-C02-snis，若$E_q| w h|< $且$E_q w=Z (0, )$，则以概率$1$存在随机整数$N_0$，使所有$N N_0$时分母有限且为正；从此式eq:V5-C02-snis有定义，并几乎必然收敛到$I$。
3. 证明起点：支持覆盖使 $ E_q[w(Y)h(Y)] = _\q>0\q(y)w(y)h(y) d (y) = _\q>0\p(y)h(y) d (y) = p(y)h(y) d (y)=I, $ 其中最后一个等号使用$p q$。
4. 逐步写明每个条件在何处被使用，等式变形前核对定义域/维数/正分母。
5. 用一个只破坏单一条件的反例说明边界；最后复述结论而不是只写“证毕”。","若$p\ll q$且$E_q|w(Y)h(Y)|<\infty$，则式\eqref{eq:V5-C02-ordinary-is}无偏并几乎必然收敛到$I$。若再有$E_q[(w(Y)h(Y))^2]<\infty$，其方差为$\operatorname{Var}_q(wh)/N$。对式\eqref{eq:V5-C02-snis}，若$E_q|\widetilde w h|<\infty$且$E_q\widetilde w=Z\in(0,\infty)$，则以概率$1$存在随机整数$N_0$，使所有$N\ge N_0$时分母有限且为正；从此式\eqref{eq:V5-C02-snis}有定义，并几乎必然收敛到$I$。","支持覆盖使
\[
E_q[w(Y)h(Y)]
=\int_{\{q>0\}}q(y)w(y)h(y)\,\mathrm d\nu(y)
=\int_{\{q>0\}}p(y)h(y)\,\mathrm d\nu(y)
=\int p(y)h(y)\,\mathrm d\nu(y)=I,
\]
其中最后一个等号使用$p\ll q$。
期望线性性给出普通估计无偏；强大数定律给出其几乎必然一致性。二阶矩有限时，把随机变量$wh$代入定理\ref{thm:V5-C02-iid-mc}的方差结论，得到$\operatorname{Var}_q(wh)/N$。

对自归一化估计，强大数定律分别给出
\[
\frac1N\sum_i\widetilde w(Y_i)h(Y_i)\to
\int\widetilde p(y)h(y)\,\mathrm d\nu(y)=ZI,
\quad
\frac1N\sum_i\widetilde w(Y_i)\to Z
\]
几乎必然成立。因为$Z>0$，在该概率为$1$的收敛事件上，存在$N_0$使$N\ge N_0$时分母平均值大于$Z/2$且有限。除法在$(ZI,Z)$处连续，连续映射定理遂给出从$N_0$起有定义的比值收敛到$I$。有限样本分母仍可能恰为$0$，此时式\eqref{eq:V5-C02-snis}不定义；这不影响上述几乎必然的最终正性与收敛结论。证明完成。"
命题,普通重要性抽样的方差最优提议,prop:V5-C02-optimal-proposal,31,蒙特卡罗方法与直接采样,重要性抽样,684,src/讲义源码/第05册_采样方法主题模型与图排序/chapters/V5-C02.tex,447,假设$0< |h(x)|p(x) d (x)< $，且$|h(x)|>0$对$p$几乎处处成立。在所有满足$p q$且使二阶矩有限的密度$q$中， $ q^ (x)= |h(x)|p(x) |h(t)|p(t) d (t) $ 使普通重要性贡献$w(Y)h(Y)$的二阶矩最小。该提议给出零方差当且仅当$h$在$p$下几乎处处同号。,对任意可行$q$，在$q=0$处把$|h|p/ q$与$h^2p^2/q$都约定为$0$；这些约定与$p q$一致。Cauchy--Schwarz不等式给出 $ ( |h|p d )^2 = ( |h|p q q d )^2 ( h^2p^2q d ) ( q d ) = h^2p^2q d . $ 右端正是$E_q[(wh)^2]$。等号条件要求$|h|p/ q$与$ q$成比例，即$q |h|p$，归一化后得到$q^ $。令$A= |h|p d $；在$q^ $下，$w(x)h(x)=Asgn(h(x))$。其方差为$A^2-I^2$，等于零当且仅当$|I|=A$，这等价于$h$几乎处处不改变符号。命题成立。,见原陈述中的对象与前提,见原陈述中的结论,中,符号密度高；证明路线提示不足,"1. 条件：见原陈述中的对象与前提
2. 结论：见原陈述中的结论
3. 证明起点：对任意可行$q$，在$q=0$处把$|h|p/ q$与$h^2p^2/q$都约定为$0$；
4. 逐步写明每个条件在何处被使用，等式变形前核对定义域/维数/正分母。
5. 用一个只破坏单一条件的反例说明边界；最后复述结论而不是只写“证毕”。","假设$0<\int|h(x)|p(x)\,\mathrm d\nu(x)<\infty$，且$|h(x)|>0$对$p$几乎处处成立。在所有满足$p\ll q$且使二阶矩有限的密度$q$中，
\[
q^\star(x)=\frac{|h(x)|p(x)}{\int|h(t)|p(t)\,\mathrm d\nu(t)}
\]
使普通重要性贡献$w(Y)h(Y)$的二阶矩最小。该提议给出零方差当且仅当$h$在$p$下几乎处处同号。","对任意可行$q$，在$q=0$处把$|h|p/\sqrt q$与$h^2p^2/q$都约定为$0$；这些约定与$p\ll q$一致。Cauchy--Schwarz不等式给出
\[
\left(\int|h|p\,\mathrm d\nu\right)^2
=\left(\int\frac{|h|p}{\sqrt q}\sqrt q\,\mathrm d\nu\right)^2
\le\left(\int\frac{h^2p^2}{q}\,\mathrm d\nu\right)
\left(\int q\,\mathrm d\nu\right)
=\int\frac{h^2p^2}{q}\,\mathrm d\nu.
\]
右端正是$E_q[(wh)^2]$。等号条件要求$|h|p/\sqrt q$与$\sqrt q$成比例，即$q\propto|h|p$，归一化后得到$q^\star$。令$A=\int|h|p\,\mathrm d\nu$；在$q^\star$下，$w(x)h(x)=A\operatorname{sgn}(h(x))$。其方差为$A^2-I^2$，等于零当且仅当$|I|=A$，这等价于$h$几乎处处不改变符号。命题成立。"
定义,MCMC构造,,32,马尔可夫链蒙特卡罗法,MCMC基本思想,704,src/讲义源码/第05册_采样方法主题模型与图排序/chapters/V5-C03.tex,171,给定目标概率分布$ $和函数$f$，若马尔可夫核$K$满足$ K= $，并且链的结构条件足以保证式eq:V5-C03-ergodic-average收敛到$E_ f$，则“按$K$产生轨迹并计算时间平均”的方法称为以$ $为目标的马尔可夫链蒙特卡罗法。,,给定目标概率分布$ $和函数$f$，若马尔可夫核$K$满足$ K= $，并且链的结构条件足以保证式eq:V5-C03-ergodic-average收敛到$E_ f$,“按$K$产生轨迹并计算时间平均”的方法称为以$ $为目标的马尔可夫链蒙特卡罗法。,中,符号密度高,"1. 条件：给定目标概率分布$ $和函数$f$，若马尔可夫核$K$满足$ K= $，并且链的结构条件足以保证式eq:V5-C03-ergodic-average收敛到$E_ f$
2. 结论：“按$K$产生轨迹并计算时间平均”的方法称为以$ $为目标的马尔可夫链蒙特卡罗法。
3. 证明起点：该条为定义或当前范围未提供证明。
4. 逐步写明每个条件在何处被使用，等式变形前核对定义域/维数/正分母。
5. 用一个只破坏单一条件的反例说明边界；最后复述结论而不是只写“证毕”。",给定目标概率分布$\pi$和函数$f$，若马尔可夫核$K$满足$\pi K=\pi$，并且链的结构条件足以保证式\eqref{eq:V5-C03-ergodic-average}收敛到$E_\pi f$，则“按$K$产生轨迹并计算时间平均”的方法称为以$\pi$为目标的马尔可夫链蒙特卡罗法。,
定义,细致平衡,eq:V5-C03-general-detailed-balance,32,马尔可夫链蒙特卡罗法,平稳分布与细致平衡,707,src/讲义源码/第05册_采样方法主题模型与图排序/chapters/V5-C03.tex,215,"若对任意可测集合$A,B B$都有 equation _A ( dx)K(x,B) = _B ( dy)K(y,A), equation 则称$K$关于$ $满足细致平衡，或称平稳链关于$ $可逆。若$K$有密度$k(x,y)$，条件化为 equation (x)k(x,y)= (y)k(y,x) 对\ \ 几乎处处成立. equation",,"若对任意可测集合$A,B B$都有 equation _A ( dx)K(x,B) = _B ( dy)K(y,A), equation","称$K$关于$ $满足细致平衡，或称平稳链关于$ $可逆。若$K$有密度$k(x,y)$，条件化为 equation (x)k(x,y)= (y)k(y,x) 对\ \ 几乎处处成立. equation",中,符号密度高,"1. 条件：若对任意可测集合$A,B B$都有 equation _A ( dx)K(x,B) = _B ( dy)K(y,A), equation
2. 结论：称$K$关于$ $满足细致平衡，或称平稳链关于$ $可逆。若$K$有密度$k(x,y)$，条件化为 equation (x)k(x,y)= (y)k(y,x) 对\ \ 几乎处处成立. equation
3. 证明起点：该条为定义或当前范围未提供证明。
4. 逐步写明每个条件在何处被使用，等式变形前核对定义域/维数/正分母。
5. 用一个只破坏单一条件的反例说明边界；最后复述结论而不是只写“证毕”。","若对任意可测集合$A,B\in\mathcal B$都有
\begin{equation}
\int_A\pi(\mathrm dx)K(x,B)
=\int_B\pi(\mathrm dy)K(y,A),
\end{equation}
则称$K$关于$\pi$满足细致平衡，或称平稳链关于$\pi$可逆。若$K$有密度$k(x,y)$，条件化为
\begin{equation}
\pi(x)k(x,y)=\pi(y)k(y,x)
\quad\text{对}\ \mu\otimes\mu\ \text{几乎处处成立}.
\end{equation}",
命题,细致平衡推出平稳,prop:V5-C03-db-stationary,32,马尔可夫链蒙特卡罗法,平稳分布与细致平衡,707,src/讲义源码/第05册_采样方法主题模型与图排序/chapters/V5-C03.tex,239,若概率测度$ $与马尔可夫核$K$满足式eq:V5-C03-general-detailed-balance，则$ K= $。,"在式eq:V5-C03-general-detailed-balance中取$A= X$。因为$K(y, X)=1$， $ ( K)(B) = _ X ( dx)K(x,B) = _B ( dy)K(y, X) = (B) $ 对任意$B B$成立。因此$ K= $。证明没有使用不可约性或非周期性，所以结论也不能附带唯一平稳分布、边缘收敛或时间平均收敛。",若概率测度$ $与马尔可夫核$K$满足式eq:V5-C03-general-detailed-balance,$ K= $。,低,陈述与证明结构基本完整,"1. 条件：若概率测度$ $与马尔可夫核$K$满足式eq:V5-C03-general-detailed-balance
2. 结论：$ K= $。
3. 证明起点：在式eq:V5-C03-general-detailed-balance中取$A= X$。
4. 逐步写明每个条件在何处被使用，等式变形前核对定义域/维数/正分母。
5. 用一个只破坏单一条件的反例说明边界；最后复述结论而不是只写“证毕”。",若概率测度$\pi$与马尔可夫核$K$满足式\eqref{eq:V5-C03-general-detailed-balance}，则$\pi K=\pi$。,"在式\eqref{eq:V5-C03-general-detailed-balance}中取$A=\mathcal X$。因为$K(y,\mathcal X)=1$，
\[
(\pi K)(B)
=\int_{\mathcal X}\pi(\mathrm dx)K(x,B)
=\int_B\pi(\mathrm dy)K(y,\mathcal X)
=\pi(B)
\]
对任意$B\in\mathcal B$成立。因此$\pi K=\pi$。证明没有使用不可约性或非周期性，所以结论也不能附带唯一平稳分布、边缘收敛或时间平均收敛。"
定理,MH核的可逆性,thm:V5-C03-mh-reversible,32,马尔可夫链蒙特卡罗法,算法,710,src/讲义源码/第05册_采样方法主题模型与图排序/chapters/V5-C03.tex,329,"若$( X, B)$为标准Borel空间，$ $为$ $有限测度，$0<Z= d < $，且$q$是上述联合可测的合法提议密度，则式eq:V5-C03-mh-alpha--eq:V5-C03-mh-kernel定义一个马尔可夫核$K$。该核关于$ = /Z$满足细致平衡，因而$ $是$K$的平稳分布。","由式eq:V5-C03-common-flow--eq:V5-C03-mh-alpha，对$ $几乎处处的$(x,y)$， $ (x)q(x,y) (x,y) =h(x,y) =h(y,x) = (y)q(y,x) (y,x). $ 除以共同的正归一化常数$Z$，接受移动部分的双向流相等。对任意$A,B B$，接受部分满足 $ _A _B (x)q(x,y) (x,y) ( dy) ( dx) = _B _A (y)q(y,x) (y,x) ( dx) ( dy). $ 拒绝自环部分在两侧都等于 $ _A B (x)r(x) ( dx), $ 所以完整核满足式eq:V5-C03-general-detailed-balance。命题prop:V5-C03-db-stationary再给出$ K= $。此证明只建立可逆与平稳，没有建立不可约、唯一或遍历。","若$( X, B)$为标准Borel空间，$ $为$ $有限测度，$0<Z= d < $，且$q$是上述联合可测的合法提议密度",式eq:V5-C03-mh-alpha--eq:V5-C03-mh-kernel定义一个马尔可夫核$K$。该核关于$ = /Z$满足细致平衡，因而$ $是$K$的平稳分布。,中,符号密度高,"1. 条件：若$( X, B)$为标准Borel空间，$ $为$ $有限测度，$0<Z= d < $，且$q$是上述联合可测的合法提议密度
2. 结论：式eq:V5-C03-mh-alpha--eq:V5-C03-mh-kernel定义一个马尔可夫核$K$。该核关于$ = /Z$满足细致平衡，因而$ $是$K$的平稳分布。
3. 证明起点：由式eq:V5-C03-common-flow--eq:V5-C03-mh-alpha，对$ $几乎处处的$(x,y)$， $ (x)q(x,y) (x,y) =h(x,y) =h(y,x) = (y)q(y,x) (y,x). $ 除以共同的正归一化常数$Z$，接受移动部分的双向流相等。
4. 逐步写明每个条件在何处被使用，等式变形前核对定义域/维数/正分母。
5. 用一个只破坏单一条件的反例说明边界；最后复述结论而不是只写“证毕”。","若$(\mathcal X,\mathcal B)$为标准Borel空间，$\mu$为$\sigma$有限测度，$0<Z=\int\widetilde\pi\,\mathrm d\mu<\infty$，且$q$是上述联合可测的合法提议密度，则式\eqref{eq:V5-C03-mh-alpha}--\eqref{eq:V5-C03-mh-kernel}定义一个马尔可夫核$K$。该核关于$\pi=\widetilde\pi/Z$满足细致平衡，因而$\pi$是$K$的平稳分布。","由式\eqref{eq:V5-C03-common-flow}--\eqref{eq:V5-C03-mh-alpha}，对$\mu\otimes\mu$几乎处处的$(x,y)$，
\[
\widetilde\pi(x)q(x,y)\alpha(x,y)
=h(x,y)
=h(y,x)
=\widetilde\pi(y)q(y,x)\alpha(y,x).
\]
除以共同的正归一化常数$Z$，接受移动部分的双向流相等。对任意$A,B\in\mathcal B$，接受部分满足
\[
\int_A\!\int_B\pi(x)q(x,y)\alpha(x,y)
\,\mu(\mathrm dy)\mu(\mathrm dx)
=\int_B\!\int_A\pi(y)q(y,x)\alpha(y,x)
\,\mu(\mathrm dx)\mu(\mathrm dy).
\]
拒绝自环部分在两侧都等于
\[
\int_{A\cap B}\pi(x)r(x)\,\mu(\mathrm dx),
\]
所以完整核满足式\eqref{eq:V5-C03-general-detailed-balance}。命题\ref{prop:V5-C03-db-stationary}再给出$\pi K=\pi$。此证明只建立可逆与平稳，没有建立不可约、唯一或遍历。"
命题,成对约束下的最大接受流,prop:V5-C03-maximal-flow,32,马尔可夫链蒙特卡罗法,接受率推导,711,src/讲义源码/第05册_采样方法主题模型与图排序/chapters/V5-C03.tex,386,"固定一对状态$x,y$并记$a=g(x,y)$、$b=g(y,x)$。在所有满足 $ 0 _xy, _yx 1, a _xy=b _yx $ 的接受规则中，共同流$a _xy=b _yx$的最大值为$ \a,b\$；式eq:V5-C03-mh-alpha达到该上界。","设共同流为$c$。由$ _xy 1$得$c=a _xy a$；由$ _yx 1$得$c=b _yx b$，故$c \a,b\$。若$a>0$，取$ _xy= \a,b\/a$；若$a=0$，取$ _xy=0$。对反向作同样定义，便有两侧共同流都等于$ \a,b\$，且接受概率位于$[0,1]$。因此该上界可以达到。将$a,b$换回式eq:V5-C03-directed-flow即得MH接受率。","固定一对状态$x,y$并记$a=g(x,y)$、$b=g(y,x)$。在所有满足 $ 0 _xy, _yx 1, a _xy=b _yx $ 的接受规","中，共同流$a _xy=b _yx$的最大值为$ \a,b\$；式eq:V5-C03-mh-alpha达到该上界。",中,符号密度高,"1. 条件：固定一对状态$x,y$并记$a=g(x,y)$、$b=g(y,x)$。在所有满足 $ 0 _xy, _yx 1, a _xy=b _yx $ 的接受规
2. 结论：中，共同流$a _xy=b _yx$的最大值为$ \a,b\$；式eq:V5-C03-mh-alpha达到该上界。
3. 证明起点：设共同流为$c$。
4. 逐步写明每个条件在何处被使用，等式变形前核对定义域/维数/正分母。
5. 用一个只破坏单一条件的反例说明边界；最后复述结论而不是只写“证毕”。","固定一对状态$x,y$并记$a=g(x,y)$、$b=g(y,x)$。在所有满足
\[
0\le\alpha_{xy},\alpha_{yx}\le1,
\qquad a\alpha_{xy}=b\alpha_{yx}
\]
的接受规则中，共同流$a\alpha_{xy}=b\alpha_{yx}$的最大值为$\min\{a,b\}$；式\eqref{eq:V5-C03-mh-alpha}达到该上界。","设共同流为$c$。由$\alpha_{xy}\le1$得$c=a\alpha_{xy}\le a$；由$\alpha_{yx}\le1$得$c=b\alpha_{yx}\le b$，故$c\le\min\{a,b\}$。若$a>0$，取$\alpha_{xy}=\min\{a,b\}/a$；若$a=0$，取$\alpha_{xy}=0$。对反向作同样定义，便有两侧共同流都等于$\min\{a,b\}$，且接受概率位于$[0,1]$。因此该上界可以达到。将$a,b$换回式\eqref{eq:V5-C03-directed-flow}即得MH接受率。"
定理,连续单坐标MH的独立不变性证明,thm:V5-C03-coordinate-kernel,32,马尔可夫链蒙特卡罗法,接受率推导,713,src/讲义源码/第05册_采样方法主题模型与图排序/chapters/V5-C03.tex,436,"设$ X= _r=1^d X_r$，支配测度为$ = _r _r$，目标有密度$ (x)$。第$j$坐标提议$q_j(x_j,y_j x_-j)$关于$ _j( dy_j)$归一化且联合可测。用式eq:V5-C03-component-alpha及零流分支构造的单坐标核$K_j$关于$ $可逆，因而保持$ $。该结论不要求$K_j(x, dy)$关于全维$ ( dy)$有密度。","单坐标提议的全维写法是 $ Q_j(x, dy)=q_j(x_j,y_j x_-j) _j( dy_j) _x_-j( dy_-j), $ 它集中在$y_-j=x_-j$的低维集合上，通常对全维Lebesgue测度奇异，故不能套用“存在$q(x,y)$全维密度”的证明。改在三元组 $(x_-j,x_j,y_j)$上取支配测度 $ _-j:= _r j _r, _j= _-j( dx_-j) _j( dx_j) _j( dy_j). $ 正向未接受流对$ _j$的密度为 $ g_j(x_-j,x_j,y_j)= (x_j,x_-j)q_j(x_j,y_j x_-j), $ 反向流只是交换$x_j,y_j$。接受后的非对角流密度为 $ g_j(x_-j,x_j,y_j) _j(x,y) = \g_j(x_-j,x_j,y_j),g_j(x_-j,y_j,x_j)\, $ 在交换$x_j,y_j$时不变；零正向流按约定不计算比值。拒绝概率产生的对角自环显然双向相同。因此整个pair measure在交换前后状态时对称，即$ ( dx)K_j(x, dy)= ( dy)K_j(y, dx)$，从而$ K_j= $。",设$ X= _r=1^d X_r$，支配测度为$ = _r _r$，目标有密度$ (x)$,"第$j$坐标提议$q_j(x_j,y_j x_-j)$关于$ _j( dy_j)$归一化且联合可测。用式eq:V5-C03-component-alpha及零流分支构造的单坐标核$K_j$关于$ $可逆，因而保持$ $。该结论不要求$K_j(x, dy)$关于全维$ ( dy)$有密度。",中,符号密度高,"1. 条件：设$ X= _r=1^d X_r$，支配测度为$ = _r _r$，目标有密度$ (x)$
2. 结论：第$j$坐标提议$q_j(x_j,y_j x_-j)$关于$ _j( dy_j)$归一化且联合可测。用式eq:V5-C03-component-alpha及零流分支构造的单坐标核$K_j$关于$ $可逆，因而保持$ $。该结论不要求$K_j(x, dy)$关于全维$ ( dy)$有密度。
3. 证明起点：单坐标提议的全维写法是 $ Q_j(x, dy)=q_j(x_j,y_j x_-j) _j( dy_j) _x_-j( dy_-j), $ 它集中在$y_-j=x_-j$的低维集合上，通常对全维Lebesgue测度奇异，故不能套用“存在$q(x,y)$全维密度”的证明。
4. 逐步写明每个条件在何处被使用，等式变形前核对定义域/维数/正分母。
5. 用一个只破坏单一条件的反例说明边界；最后复述结论而不是只写“证毕”。","设$\mathcal X=\prod_{r=1}^d\mathcal X_r$，支配测度为$\mu=\bigotimes_r\mu_r$，目标有密度$\pi(x)$。第$j$坐标提议$q_j(x_j,y_j\mid x_{-j})$关于$\mu_j(\mathrm dy_j)$归一化且联合可测。用式\eqref{eq:V5-C03-component-alpha}及零流分支构造的单坐标核$K_j$关于$\pi$可逆，因而保持$\pi$。该结论不要求$K_j(x,\mathrm dy)$关于全维$\mu(\mathrm dy)$有密度。","单坐标提议的全维写法是
\[
Q_j(x,\mathrm dy)=q_j(x_j,y_j\mid x_{-j})\,
\mu_j(\mathrm dy_j)\,\delta_{x_{-j}}(\mathrm dy_{-j}),
\]
它集中在$y_{-j}=x_{-j}$的低维集合上，通常对全维Lebesgue测度奇异，故不能套用“存在$q(x,y)$全维密度”的证明。改在三元组
$(x_{-j},x_j,y_j)$上取支配测度
\[
\mu_{-j}:=\bigotimes_{r\ne j}\mu_r,\qquad
\lambda_j=\mu_{-j}(\mathrm dx_{-j})\mu_j(\mathrm dx_j)\mu_j(\mathrm dy_j).
\]
正向未接受流对$\lambda_j$的密度为
\[
g_j(x_{-j},x_j,y_j)=
\pi(x_j,x_{-j})q_j(x_j,y_j\mid x_{-j}),
\]
反向流只是交换$x_j,y_j$。接受后的非对角流密度为
\[
g_j(x_{-j},x_j,y_j)\alpha_j(x,y)
=\min\{g_j(x_{-j},x_j,y_j),g_j(x_{-j},y_j,x_j)\},
\]
在交换$x_j,y_j$时不变；零正向流按约定不计算比值。拒绝概率产生的对角自环显然双向相同。因此整个pair measure在交换前后状态时对称，即$\pi(\mathrm dx)K_j(x,\mathrm dy)=\pi(\mathrm dy)K_j(y,\mathrm dx)$，从而$\pi K_j=\pi$。"
命题,单分量核的保持性与扫描方式,prop:V5-C03-component-scan,32,马尔可夫链蒙特卡罗法,接受率推导,714,src/讲义源码/第05册_采样方法主题模型与图排序/chapters/V5-C03.tex,477,若每个坐标MH核$K_j$关于共同目标$ $可逆，则每个$K_j$保持$ $。任意固定顺序的系统扫描复合核$K_1K_2 K_d$保持$ $，但一般不关于$ $可逆；固定权重$w_j>0$、$ _jw_j=1$的随机扫描混合核$ _jw_jK_j$关于$ $可逆。,"每个$K_j$可逆，由命题prop:V5-C03-db-stationary得到$ K_j= $。逐次代入可得 $ K_1K_2 K_d =( (( K_1)K_2) )K_d = , $ 所以系统扫描保持$ $。其伴随核的顺序为$K_d K_2K_1$；除非这些核满足额外交换关系，正序复合与逆序复合不相等，因此不能从各分量可逆推出复合核可逆。对随机扫描，任意$A,B$上的双向流是各$K_j$双向流的加权和，每一项交换$A,B$后不变，故混合核仍满足细致平衡。",若每个坐标MH核$K_j$关于共同目标$ $可逆,每个$K_j$保持$ $。任意固定顺序的系统扫描复合核$K_1K_2 K_d$保持$ $，但一般不关于$ $可逆；固定权重$w_j>0$、$ _jw_j=1$的随机扫描混合核$ _jw_jK_j$关于$ $可逆。,中,符号密度高,"1. 条件：若每个坐标MH核$K_j$关于共同目标$ $可逆
2. 结论：每个$K_j$保持$ $。任意固定顺序的系统扫描复合核$K_1K_2 K_d$保持$ $，但一般不关于$ $可逆；固定权重$w_j>0$、$ _jw_j=1$的随机扫描混合核$ _jw_jK_j$关于$ $可逆。
3. 证明起点：每个$K_j$可逆，由命题prop:V5-C03-db-stationary得到$ K_j= $。
4. 逐步写明每个条件在何处被使用，等式变形前核对定义域/维数/正分母。
5. 用一个只破坏单一条件的反例说明边界；最后复述结论而不是只写“证毕”。",若每个坐标MH核$K_j$关于共同目标$\pi$可逆，则每个$K_j$保持$\pi$。任意固定顺序的系统扫描复合核$K_1K_2\cdots K_d$保持$\pi$，但一般不关于$\pi$可逆；固定权重$w_j>0$、$\sum_jw_j=1$的随机扫描混合核$\sum_jw_jK_j$关于$\pi$可逆。,"每个$K_j$可逆，由命题\ref{prop:V5-C03-db-stationary}得到$\pi K_j=\pi$。逐次代入可得
\[
\pi K_1K_2\cdots K_d
=(\cdots((\pi K_1)K_2)\cdots)K_d
=\pi,
\]
所以系统扫描保持$\pi$。其伴随核的顺序为$K_d\cdots K_2K_1$；除非这些核满足额外交换关系，正序复合与逆序复合不相等，因此不能从各分量可逆推出复合核可逆。对随机扫描，任意$A,B$上的双向流是各$K_j$双向流的加权和，每一项交换$A,B$后不变，故混合核仍满足细致平衡。"
定理,有限状态MH的正确性条件,thm:V5-C03-finite-correctness,32,马尔可夫链蒙特卡罗法,接受率推导,715,src/讲义源码/第05册_采样方法主题模型与图排序/chapters/V5-C03.tex,504,设$ X$有限，$ (x)>0$对每个$x X$成立，$K$为以$ $为目标的MH核。 enumerate[leftmargin=2.2em] $ $是$K$的平稳分布。 若$K$不可约，则$ $是唯一平稳分布，且对任意$f: X R$及任意初值， $ 1n _t=1^nf(X_t) E_ f 几乎必然. $ 若$K$还非周期，则对任意初始分布$ _0$都有$ _0K^t $。 enumerate,"第1项由定理thm:V5-C03-mh-reversible得到。定理thm:V5-C01-finite-stationary在同一行随机与平稳约定下给出：有限不可约链的平稳分布唯一且各状态正常返。再由定理thm:V5-C01-ergodic的式eq:V5-C01-time-average，把$f$写成有限和 $ f(X_t)= _x Xf(x) 1_\X_t=x\, $ 对每个状态的访问频率使用该遍历定理，再交换有限求和与极限，得到第2项。若再加非周期性，定理thm:V5-C01-ergodic的式eq:V5-C01-step-convergence给出$K^t(x, ) $；按初始分布$ _0$作有限加权和即得$ _0K^t $。非周期性没有用于时间平均结论，因此不能把第2项与第3项合并成一个无条件断言。",设$ X$有限，$ (x)>0$对每个$x X$成立，$K$为以$ $为目标的MH核。 enumerate[leftmargin=2.2em] $ $是$K$的平稳分布。 若$K$不可约,$ $是唯一平稳分布，且对任意$f: X R$及任意初值， $ 1n _t=1^nf(X_t) E_ f 几乎必然. $ 若$K$还非周期，则对任意初始分布$ _0$都有$ _0K^t $。 enumerate,中,符号密度高,"1. 条件：设$ X$有限，$ (x)>0$对每个$x X$成立，$K$为以$ $为目标的MH核。 enumerate[leftmargin=2.2em] $ $是$K$的平稳分布。 若$K$不可约
2. 结论：$ $是唯一平稳分布，且对任意$f: X R$及任意初值， $ 1n _t=1^nf(X_t) E_ f 几乎必然. $ 若$K$还非周期，则对任意初始分布$ _0$都有$ _0K^t $。 enumerate
3. 证明起点：第1项由定理thm:V5-C03-mh-reversible得到。
4. 逐步写明每个条件在何处被使用，等式变形前核对定义域/维数/正分母。
5. 用一个只破坏单一条件的反例说明边界；最后复述结论而不是只写“证毕”。","设$\mathcal X$有限，$\pi(x)>0$对每个$x\in\mathcal X$成立，$K$为以$\pi$为目标的MH核。
\begin{enumerate}[leftmargin=2.2em]
  \item $\pi$是$K$的平稳分布。
  \item 若$K$不可约，则$\pi$是唯一平稳分布，且对任意$f:\mathcal X\to\mathbb R$及任意初值，
  \[
  \frac1n\sum_{t=1}^nf(X_t)\longrightarrow E_\pi f
  \quad\text{几乎必然}.
  \]
  \item 若$K$还非周期，则对任意初始分布$\nu_0$都有$\nu_0K^t\to\pi$。
\end{enumerate}","第1项由定理\ref{thm:V5-C03-mh-reversible}得到。定理\ref{thm:V5-C01-finite-stationary}在同一行随机与平稳约定下给出：有限不可约链的平稳分布唯一且各状态正常返。再由定理\ref{thm:V5-C01-ergodic}的式\eqref{eq:V5-C01-time-average}，把$f$写成有限和
\[
f(X_t)=\sum_{x\in\mathcal X}f(x)\boldsymbol1_{\{X_t=x\}},
\]
对每个状态的访问频率使用该遍历定理，再交换有限求和与极限，得到第2项。若再加非周期性，定理\ref{thm:V5-C01-ergodic}的式\eqref{eq:V5-C01-step-convergence}给出$K^t(x,\cdot)\to\pi$；按初始分布$\nu_0$作有限加权和即得$\nu_0K^t\to\pi$。非周期性没有用于时间平均结论，因此不能把第2项与第3项合并成一个无条件断言。"
定义,一般状态空间的可达与回返条件,def:V5-C03-harris-conditions,32,马尔可夫链蒙特卡罗法,接受率推导,716,src/讲义源码/第05册_采样方法主题模型与图排序/chapters/V5-C03.tex,555,给定非零$ $有限测度$ $，若每个满足$ (A)>0$的可测集$A$都满足$P_x( _A< )>0$（对所有$x$），则称链为$ $-不可约；若进一步$P_x( _A< )=1$（对所有$x$），则称其Harris回返。Harris回返链若存在不变概率分布$ $，称为正常Harris返。这里的陈述针对集合而不是单点，所以适用于连续状态空间。,,给定非零$ $有限测度$ $，若每个满足$ (A)>0$的可测集$A$都满足$P_x( _A< )>0$（对所有$x$）,称链为$ $-不可约；若进一步$P_x( _A< )=1$（对所有$x$），则称其Harris回返。Harris回返链若存在不变概率分布$ $，称为正常Harris返。这里的陈述针对集合而不是单点，所以适用于连续状态空间。,中,符号密度高,"1. 条件：给定非零$ $有限测度$ $，若每个满足$ (A)>0$的可测集$A$都满足$P_x( _A< )>0$（对所有$x$）
2. 结论：称链为$ $-不可约；若进一步$P_x( _A< )=1$（对所有$x$），则称其Harris回返。Harris回返链若存在不变概率分布$ $，称为正常Harris返。这里的陈述针对集合而不是单点，所以适用于连续状态空间。
3. 证明起点：该条为定义或当前范围未提供证明。
4. 逐步写明每个条件在何处被使用，等式变形前核对定义域/维数/正分母。
5. 用一个只破坏单一条件的反例说明边界；最后复述结论而不是只写“证毕”。",给定非零$\sigma$有限测度$\psi$，若每个满足$\psi(A)>0$的可测集$A$都满足$P_x(\tau_A<\infty)>0$（对所有$x$），则称链为$\psi$-不可约；若进一步$P_x(\tau_A<\infty)=1$（对所有$x$），则称其Harris回返。Harris回返链若存在不变概率分布$\pi$，称为正常Harris返。这里的陈述针对集合而不是单点，所以适用于连续状态空间。,
命题,一般状态空间结论的条件分层,prop:V5-C03-general-convergence,32,马尔可夫链蒙特卡罗法,接受率推导,716,src/讲义源码/第05册_采样方法主题模型与图排序/chapters/V5-C03.tex,559,"设$K$为正常Harris返核且不变概率分布为$ $。 enumerate[leftmargin=2.2em] 对每个$f L^1( )$，时间平均$n^-1 _t=1^nf(X_t)$几乎必然收敛到$E_ f$；该结论不要求非周期性。 若$K$还非周期，则对该遍历定理覆盖的初始状态有$ K^t(x, )- _TV 0$，从而固定时刻的边缘分布收敛；这不是时间平均结论的同义改写。 中心极限定理、有限渐近方差以及批均值估计的一致性都不是前两项的自动推论；它们还需相应矩条件与混合条件，例如几何遍历配合$E_ |f|^2+ < $，并需按所用批均值定理选择批长增长条件。 enumerate",,设$K$为正常Harris返核且不变概率分布为$ $。 enumerate[leftmargin=2.2em] 对每个$f L^1( )$，时间平均$n^-1 _t=1^nf(X_t)$几乎必然收敛到$E_ f$；该结论不要求非周期性。 若$K$还非周期,"对该遍历定理覆盖的初始状态有$ K^t(x, )- _TV 0$，从而固定时刻的边缘分布收敛；这不是时间平均结论的同义改写。 中心极限定理、有限渐近方差以及批均值估计的一致性都不是前两项的自动推论；它们还需相应矩条件与混合条件，例如几何遍历配合$E_ |f|^2+ < $，并需按所用批均值定理选择批长增长条件。 enumerate",中,符号密度高；未在紧邻位置检出证明,"1. 条件：设$K$为正常Harris返核且不变概率分布为$ $。 enumerate[leftmargin=2.2em] 对每个$f L^1( )$，时间平均$n^-1 _t=1^nf(X_t)$几乎必然收敛到$E_ f$；该结论不要求非周期性。 若$K$还非周期
2. 结论：对该遍历定理覆盖的初始状态有$ K^t(x, )- _TV 0$，从而固定时刻的边缘分布收敛；这不是时间平均结论的同义改写。 中心极限定理、有限渐近方差以及批均值估计的一致性都不是前两项的自动推论；它们还需相应矩条件与混合条件，例如几何遍历配合$E_ |f|^2+ < $，并需按所用批均值定理选择批长增长条件。 enumerate
3. 证明起点：该条为定义或当前范围未提供证明。
4. 逐步写明每个条件在何处被使用，等式变形前核对定义域/维数/正分母。
5. 用一个只破坏单一条件的反例说明边界；最后复述结论而不是只写“证毕”。","设$K$为正常Harris返核且不变概率分布为$\pi$。
\begin{enumerate}[leftmargin=2.2em]
  \item 对每个$f\in L^1(\pi)$，时间平均$n^{-1}\sum_{t=1}^nf(X_t)$几乎必然收敛到$E_\pi f$；该结论不要求非周期性。
  \item 若$K$还非周期，则对该遍历定理覆盖的初始状态有$\lVert K^t(x,\cdot)-\pi\rVert_{\mathrm{TV}}\to0$，从而固定时刻的边缘分布收敛；这不是时间平均结论的同义改写。
  \item 中心极限定理、有限渐近方差以及批均值估计的一致性都不是前两项的自动推论；它们还需相应矩条件与混合条件，例如几何遍历配合$E_\pi|f|^{2+\delta}<\infty$，并需按所用批均值定理选择批长增长条件。
\end{enumerate}",
命题,平稳相关均值的有限样本方差,prop:V5-C03-correlated-variance,32,马尔可夫链蒙特卡罗法,接受率推导,716,src/讲义源码/第05册_采样方法主题模型与图排序/chapters/V5-C03.tex,580,"设链从平稳分布启动，$Y_t=f(X_t)$具有有限方差$ _0>0$，并令 $ _k=Cov(Y_t,Y_t+k), _k= _k/ _0. $ 则对$ Y_n=n^-1 _t=1^nY_t$， equation Var( Y_n) = _0n . equation","直接展开协方差双重和： $ Var( Y_n) = 1n^2 _s=1^n _t=1^n Cov(Y_s,Y_t). $ 平稳性使协方差只依赖$|s-t|$。滞后$0$有$n$项；对每个$1 k n-1$，上三角和下三角各有$n-k$对相距$k$的时刻。因此 $ Var( Y_n) = 1n^2 . $ 提出$ _0/n$并使用$ _k= _k/ _0$，得到式eq:V5-C03-finite-variance。","设链从平稳分布启动，$Y_t=f(X_t)$具有有限方差$ _0>0$，并令 $ _k=Cov(Y_t,Y_t+k), _k= _k/ _0. $",对$ Y_n=n^-1 _t=1^nY_t$， equation Var( Y_n) = _0n . equation,中,符号密度高,"1. 条件：设链从平稳分布启动，$Y_t=f(X_t)$具有有限方差$ _0>0$，并令 $ _k=Cov(Y_t,Y_t+k), _k= _k/ _0. $
2. 结论：对$ Y_n=n^-1 _t=1^nY_t$， equation Var( Y_n) = _0n . equation
3. 证明起点：直接展开协方差双重和： $ Var( Y_n) = 1n^2 _s=1^n _t=1^n Cov(Y_s,Y_t). $ 平稳性使协方差只依赖$|s-t|$。
4. 逐步写明每个条件在何处被使用，等式变形前核对定义域/维数/正分母。
5. 用一个只破坏单一条件的反例说明边界；最后复述结论而不是只写“证毕”。","设链从平稳分布启动，$Y_t=f(X_t)$具有有限方差$\gamma_0>0$，并令
\[
\gamma_k=\operatorname{Cov}(Y_t,Y_{t+k}),
\qquad \rho_k=\gamma_k/\gamma_0.
\]
则对$\overline Y_n=n^{-1}\sum_{t=1}^nY_t$，
\begin{equation}
\operatorname{Var}(\overline Y_n)
=\frac{\gamma_0}{n}
\left[
1+2\sum_{k=1}^{n-1}
\left(1-\frac{k}{n}\right)\rho_k
\right].
\end{equation}","直接展开协方差双重和：
\[
\operatorname{Var}(\overline Y_n)
=\frac1{n^2}\sum_{s=1}^n\sum_{t=1}^n
\operatorname{Cov}(Y_s,Y_t).
\]
平稳性使协方差只依赖$|s-t|$。滞后$0$有$n$项；对每个$1\le k\le n-1$，上三角和下三角各有$n-k$对相距$k$的时刻。因此
\[
\operatorname{Var}(\overline Y_n)
=\frac1{n^2}\left[n\gamma_0+
2\sum_{k=1}^{n-1}(n-k)\gamma_k\right].
\]
提出$\gamma_0/n$并使用$\rho_k=\gamma_k/\gamma_0$，得到式\eqref{eq:V5-C03-finite-variance}。"
定义,满条件分布,def:V5-C04-full-conditional,33,Gibbs 抽样,完整条件分布,739,src/讲义源码/第05册_采样方法主题模型与图排序/chapters/V5-C04.tex,197,"以下给出进阶严格版本。设$ X= _ =1^d X_ $，每个$( X_ , B_ )$都是非空标准Borel空间，$ _ $是$ $有限测度，$ = _ =1^d _ $，而$ $是关于$ $联合可测的概率密度。对固定$j$定义 equation _-j(x_-j) = _ X_j (x_-j,s) _j( ds). equation 由Tonelli定理，$ _-j$可测；令$D_j=\x_-j:0< _-j(x_-j)< \$。当$x_-j D_j$时，第$j$个坐标的满条件密度为 equation _j(t x_-j) = (x_-j,t) _-j(x_-j), t X_j. equation 它在$ _j$意义下积分为$1$。固定一个锚点$x_j^ X_j$，并在所有条件值上定义概率核 equation _j(B x_-j)= _B (x_-j,t) _j( dt) _-j(x_-j), x_-j D_j,\$1.0em] _x_j^ (B), x_-j D_j, B B_j. equation 联合可测性与Tonelli定理保证$x_-j _j(B x_-j)$可测，所以$ _j$是正则条件分布的一个可测版本。集合$D_j^c$的$ _-j$质量为$0$；在该集合上换用任何概率核都不改变联合分解或目标保持性，且绝不能把式eq:V5-C04-full-conditional解释成$0/0$。",,见原陈述中的对象与前提,见原陈述中的结论,中,陈述偏长，条件与结论需分栏；符号密度高,"1. 条件：见原陈述中的对象与前提
2. 结论：见原陈述中的结论
3. 证明起点：该条为定义或当前范围未提供证明。
4. 逐步写明每个条件在何处被使用，等式变形前核对定义域/维数/正分母。
5. 用一个只破坏单一条件的反例说明边界；最后复述结论而不是只写“证毕”。","以下给出进阶严格版本。设$\mathcal X=\prod_{\ell=1}^d\mathcal X_\ell$，每个$(\mathcal X_\ell,\mathcal B_\ell)$都是非空标准Borel空间，$\mu_\ell$是$\sigma$有限测度，$\mu=\bigotimes_{\ell=1}^d\mu_\ell$，而$\pi$是关于$\mu$联合可测的概率密度。对固定$j$定义
\begin{equation}
\pi_{-j}(x_{-j})
=\int_{\mathcal X_j}\pi(x_{-j},s)\,\mu_j(\mathrm ds).
\end{equation}
由Tonelli定理，$\pi_{-j}$可测；令$D_j=\{x_{-j}:0<\pi_{-j}(x_{-j})<\infty\}$。当$x_{-j}\in D_j$时，第$j$个坐标的满条件密度为
\begin{equation}
\pi_j(t\mid x_{-j})
=\frac{\pi(x_{-j},t)}{\pi_{-j}(x_{-j})},
\qquad t\in\mathcal X_j.
\end{equation}
它在$\mu_j$意义下积分为$1$。固定一个锚点$x_j^\circ\in\mathcal X_j$，并在所有条件值上定义概率核
\begin{equation}
\Pi_j(B\mid x_{-j})=
\begin{cases}
\displaystyle\frac{\int_B\pi(x_{-j},t)\,\mu_j(\mathrm dt)}{\pi_{-j}(x_{-j})},&x_{-j}\in D_j,\\[1.0em]
\delta_{x_j^\circ}(B),&x_{-j}\notin D_j,
\end{cases}
\qquad B\in\mathcal B_j.
\end{equation}
联合可测性与Tonelli定理保证$x_{-j}\mapsto\Pi_j(B\mid x_{-j})$可测，所以$\Pi_j$是正则条件分布的一个可测版本。集合$D_j^c$的$\pi_{-j}$质量为$0$；在该集合上换用任何概率核都不改变联合分解或目标保持性，且绝不能把式\eqref{eq:V5-C04-full-conditional}解释成$0/0$。",
定理,单坐标Gibbs核的可逆性,thm:V5-C04-coordinate-reversible,33,Gibbs 抽样,逐变量Gibbs抽样,743,src/讲义源码/第05册_采样方法主题模型与图排序/chapters/V5-C04.tex,290,在定义def:V5-C04-full-conditional的标准Borel与$ $有限条件下，用式eq:V5-C04-full-conditional-kernel的可测正则条件版本构造式eq:V5-C04-coordinate-kernel。则$K_j$关于$ $可逆，因而$ K_j= $；在$D_j^c$上更换版本不改变该结论。,"记$ _-j= _ j _ $。在$D_j$上有$ ( x) ( d x)= _-j(x_-j) _-j( dx_-j) _j( dx_j x_-j)$。在$D_j^c$上，外层边缘测度为$0$，所以任意版本贡献的联合质量都为$0$。因此在$ X X$上，联合测度可写为 $ ( dx)K_j(x, dy) = _-j(x_-j) _-j( dx_-j) _j( dx_j x_-j) _j( dy_j x_-j) _x_-j( dy_-j). $ 该测度只在$x_-j=y_-j$上有质量，并且两个条件概率因子的乘积在交换$x_j,y_j$后不变。因此 $ ( dx)K_j(x, dy) = ( dy)K_j(y, dx), $ 即满足细致平衡。对$x$积分便得到$ K_j= $。这也明确说明了零边缘版本为何不会进入任何正质量的双向流。",在定义def:V5-C04-full-conditional的标准Borel与$ $有限条件下，用式eq:V5-C04-full-conditional-kernel的可测正,条件版本构造式eq:V5-C04-coordinate-kernel。则$K_j$关于$ $可逆，因而$ K_j= $；在$D_j^c$上更换版本不改变该结论。,中,符号密度高,"1. 条件：在定义def:V5-C04-full-conditional的标准Borel与$ $有限条件下，用式eq:V5-C04-full-conditional-kernel的可测正
2. 结论：条件版本构造式eq:V5-C04-coordinate-kernel。则$K_j$关于$ $可逆，因而$ K_j= $；在$D_j^c$上更换版本不改变该结论。
3. 证明起点：记$ _-j= _ j _ $。
4. 逐步写明每个条件在何处被使用，等式变形前核对定义域/维数/正分母。
5. 用一个只破坏单一条件的反例说明边界；最后复述结论而不是只写“证毕”。",在定义\ref{def:V5-C04-full-conditional}的标准Borel与$\sigma$有限条件下，用式\eqref{eq:V5-C04-full-conditional-kernel}的可测正则条件版本构造式\eqref{eq:V5-C04-coordinate-kernel}。则$K_j$关于$\pi$可逆，因而$\pi K_j=\pi$；在$D_j^c$上更换版本不改变该结论。,"记$\mu_{-j}=\bigotimes_{\ell\ne j}\mu_\ell$。在$D_j$上有$\pi(\boldsymbol x)\mu(\mathrm d\boldsymbol x)=\pi_{-j}(x_{-j})\mu_{-j}(\mathrm dx_{-j})\Pi_j(\mathrm dx_j\mid x_{-j})$。在$D_j^c$上，外层边缘测度为$0$，所以任意版本贡献的联合质量都为$0$。因此在$\mathcal X\times\mathcal X$上，联合测度可写为
\[
\pi(\mathrm dx)K_j(x,\mathrm dy)
=\pi_{-j}(x_{-j})\mu_{-j}(\mathrm dx_{-j})
\Pi_j(\mathrm dx_j\mid x_{-j})
\Pi_j(\mathrm dy_j\mid x_{-j})
\delta_{x_{-j}}(\mathrm dy_{-j}).
\]
该测度只在$x_{-j}=y_{-j}$上有质量，并且两个条件概率因子的乘积在交换$x_j,y_j$后不变。因此
\[
\pi(\mathrm dx)K_j(x,\mathrm dy)
=\pi(\mathrm dy)K_j(y,\mathrm dx),
\]
即满足细致平衡。对$x$积分便得到$\pi K_j=\pi$。这也明确说明了零边缘版本为何不会进入任何正质量的双向流。"
命题,系统扫描与随机扫描,prop:V5-C04-scan-invariance,33,Gibbs 抽样,逐变量Gibbs抽样,743,src/讲义源码/第05册_采样方法主题模型与图排序/chapters/V5-C04.tex,317,若每个$K_j$保持$ $，则系统扫描核 $ K_sys=K_1K_2 K_d $ 保持$ $。若$w_j>0$、$ _jw_j=1$且权重不依赖当前状态，则随机扫描核 $ K_rs= _j=1^d w_jK_j $ 关于$ $可逆。系统扫描核一般只保证平稳，不保证可逆。,逐个使用$ K_j= $得到 $ K_sys =((( K_1)K_2) )K_d= . $ 对随机扫描，定理thm:V5-C04-coordinate-reversible给出每个$K_j$的对称双向流；乘以常数$w_j$再求和仍然对称，所以$K_rs$可逆。系统扫描的伴随核按反序排列为$K_d K_1$；当这些核不交换时，正序与反序不同，不能由各分量可逆推出乘积可逆。,若每个$K_j$保持$ $,系统扫描核 $ K_sys=K_1K_2 K_d $ 保持$ $。若$w_j>0$、$ _jw_j=1$且权重不依赖当前状态，则随机扫描核 $ K_rs= _j=1^d w_jK_j $ 关于$ $可逆。系统扫描核一般只保证平稳，不保证可逆。,中,符号密度高,"1. 条件：若每个$K_j$保持$ $
2. 结论：系统扫描核 $ K_sys=K_1K_2 K_d $ 保持$ $。若$w_j>0$、$ _jw_j=1$且权重不依赖当前状态，则随机扫描核 $ K_rs= _j=1^d w_jK_j $ 关于$ $可逆。系统扫描核一般只保证平稳，不保证可逆。
3. 证明起点：逐个使用$ K_j= $得到 $ K_sys =((( K_1)K_2) )K_d= . $ 对随机扫描，定理thm:V5-C04-coordinate-reversible给出每个$K_j$的对称双向流；
4. 逐步写明每个条件在何处被使用，等式变形前核对定义域/维数/正分母。
5. 用一个只破坏单一条件的反例说明边界；最后复述结论而不是只写“证毕”。","若每个$K_j$保持$\pi$，则系统扫描核
\[
K_{\mathrm{sys}}=K_1K_2\cdots K_d
\]
保持$\pi$。若$w_j>0$、$\sum_jw_j=1$且权重不依赖当前状态，则随机扫描核
\[
K_{\mathrm{rs}}=\sum_{j=1}^d w_jK_j
\]
关于$\pi$可逆。系统扫描核一般只保证平稳，不保证可逆。","逐个使用$\pi K_j=\pi$得到
\[
\pi K_{\mathrm{sys}}
=(((\pi K_1)K_2)\cdots)K_d=\pi.
\]
对随机扫描，定理\ref{thm:V5-C04-coordinate-reversible}给出每个$K_j$的对称双向流；乘以常数$w_j$再求和仍然对称，所以$K_{\mathrm{rs}}$可逆。系统扫描的伴随核按反序排列为$K_d\cdots K_1$；当这些核不交换时，正序与反序不同，不能由各分量可逆推出乘积可逆。"
定理,有限全支持情形的遍历性,thm:V5-C04-finite-positive,33,Gibbs 抽样,逐变量Gibbs抽样,745,src/讲义源码/第05册_采样方法主题模型与图排序/chapters/V5-C04.tex,342,设$ X= _j=1^d X_j$为有限乘积空间，且$ (x)>0$对每个$x X$成立。则一轮系统扫描核$K_sys$的每个矩阵元素都严格为正。因此该轮末链不可约、非周期，$ $是唯一平稳分布，并且从任意初值出发的边缘分布收敛到$ $。,"任取$x,y X$。令中间状态$x^[j]$的前$j$个坐标等于$y$，其余坐标等于$x$。从$x^[j-1]$更新第$j$个坐标到$y_j$的概率是相应满条件概率。全支持假设使联合质量与边缘质量都严格为正，所以每个满条件概率严格为正。于是 $ K_sys(x,y) = _j=1^d _j (y_j x^[j-1]_-j )>0. $ 故任意状态一步轮末转移即可到达任意状态，核不可约；取$y=x$又有$K_sys(x,x)>0$，所以周期为$1$。有限状态马尔可夫链定理随后给出唯一平稳分布与边缘收敛，而命题prop:V5-C04-scan-invariance已确认该平稳分布就是$ $。",设$ X= _j=1^d X_j$为有限乘积空间，且$ (x)>0$对每个$x X$成立,一轮系统扫描核$K_sys$的每个矩阵元素都严格为正。因此该轮末链不可约、非周期，$ $是唯一平稳分布，并且从任意初值出发的边缘分布收敛到$ $。,中,符号密度高,"1. 条件：设$ X= _j=1^d X_j$为有限乘积空间，且$ (x)>0$对每个$x X$成立
2. 结论：一轮系统扫描核$K_sys$的每个矩阵元素都严格为正。因此该轮末链不可约、非周期，$ $是唯一平稳分布，并且从任意初值出发的边缘分布收敛到$ $。
3. 证明起点：任取$x,y X$。
4. 逐步写明每个条件在何处被使用，等式变形前核对定义域/维数/正分母。
5. 用一个只破坏单一条件的反例说明边界；最后复述结论而不是只写“证毕”。",设$\mathcal X=\prod_{j=1}^d\mathcal X_j$为有限乘积空间，且$\pi(x)>0$对每个$x\in\mathcal X$成立。则一轮系统扫描核$K_{\mathrm{sys}}$的每个矩阵元素都严格为正。因此该轮末链不可约、非周期，$\pi$是唯一平稳分布，并且从任意初值出发的边缘分布收敛到$\pi$。,"任取$x,y\in\mathcal X$。令中间状态$x^{[j]}$的前$j$个坐标等于$y$，其余坐标等于$x$。从$x^{[j-1]}$更新第$j$个坐标到$y_j$的概率是相应满条件概率。全支持假设使联合质量与边缘质量都严格为正，所以每个满条件概率严格为正。于是
\[
K_{\mathrm{sys}}(x,y)
=\prod_{j=1}^d
\pi_j\!\left(y_j\mid x^{[j-1]}_{-j}\right)>0.
\]
故任意状态一步轮末转移即可到达任意状态，核不可约；取$y=x$又有$K_{\mathrm{sys}}(x,x)>0$，所以周期为$1$。有限状态马尔可夫链定理随后给出唯一平稳分布与边缘收敛，而命题\ref{prop:V5-C04-scan-invariance}已确认该平稳分布就是$\pi$。"
命题,二元正态Gibbs的边缘递推,prop:V5-C04-bivariate-normal,33,Gibbs 抽样,与 的关系,746,src/讲义源码/第05册_采样方法主题模型与图排序/chapters/V5-C04.tex,390,"设 $ (X_1,X_2)^ T N (0, 1 \\ 1 ), | |<1. $ 按$x_1$后$x_2$的顺序系统扫描，并令$ = 1- ^2$。则 X_1^(t) = X_2^(t-1)+ _1t,\\ X_2^(t) = X_1^(t)+ _2t = ^2X_2^(t-1)+ _t, 其中$ _1t, _2t$独立同分布于$N(0,1)$，$ _t$独立于过去且$Var( _t)=1- ^4$。在平稳状态下，$X_2$的滞后$k$自相关为$ ^2k$，从而 $ _int= 1+ ^21- ^2, N_effN= 1- ^21+ ^2. $","联合密度指数中的二次型满足 $ x_1^2-2 x_1x_2+x_2^2 =(x_1- x_2)^2+(1- ^2)x_2^2. $ 固定$x_2$后，与$x_1$有关的部分给出 $X_1 X_2=x_2 N( x_2,1- ^2)$；交换坐标得到 $X_2 X_1=x_1 N( x_1,1- ^2)$。代入两步更新便得到边缘递推，其中 $ _t= ( _1t+ _2t), Var( _t) =(1- ^2)(1+ ^2)=1- ^4. $ 这是系数为$ ^2$的平稳AR(1)递推，所以$Corr(X_2^(t),X_2^(t+k))= ^2k$。对几何级数求和得到 $1+2 _k 1 ^2k=(1+ ^2)/(1- ^2)$，再按ESS定义取倒数比例。","设 $ (X_1,X_2)^ T N (0, 1 \\ 1 ), | |<1. $ 按$x_1$后$x_2$的顺序系统扫描，并令$ = 1- ^2$","X_1^(t) = X_2^(t-1)+ _1t,\\ X_2^(t) = X_1^(t)+ _2t = ^2X_2^(t-1)+ _t, 其中$ _1t, _2t$独立同分布于$N(0,1)$，$ _t$独立于过去且$Var( _t)=1- ^4$。在平稳状态下，$X_2$的滞后$k$自相关为$ ^2k$，从而 $ _int= 1+ ^21- ^2, N_effN= 1- ^21+ ^2. $",中,符号密度高；证明路线提示不足,"1. 条件：设 $ (X_1,X_2)^ T N (0, 1 \\ 1 ), | |<1. $ 按$x_1$后$x_2$的顺序系统扫描，并令$ = 1- ^2$
2. 结论：X_1^(t) = X_2^(t-1)+ _1t,\\ X_2^(t) = X_1^(t)+ _2t = ^2X_2^(t-1)+ _t, 其中$ _1t, _2t$独立同分布于$N(0,1)$，$ _t$独立于过去且$Var( _t)=1- ^4$。在平稳状态下，$X_2$的滞后$k$自相关为$ ^2k$，从而 $ _int= 1+ ^21- ^2, N_effN= 1- ^21+ ^2. $
3. 证明起点：联合密度指数中的二次型满足 $ x_1^2-2 x_1x_2+x_2^2 =(x_1- x_2)^2+(1- ^2)x_2^2. $ 固定$x_2$后，与$x_1$有关的部分给出 $X_1 X_2=x_2 N( x_2,1- ^2)$；
4. 逐步写明每个条件在何处被使用，等式变形前核对定义域/维数/正分母。
5. 用一个只破坏单一条件的反例说明边界；最后复述结论而不是只写“证毕”。","设
\[
(X_1,X_2)^\mathsf T\sim
N\!\left(0,
\begin{pmatrix}1&\rho\\ \rho&1\end{pmatrix}\right),
\qquad |\rho|<1.
\]
按$x_1$后$x_2$的顺序系统扫描，并令$\sigma=\sqrt{1-\rho^2}$。则
\begin{align}
X_1^{(t)}&=\rho X_2^{(t-1)}+\sigma\varepsilon_{1t},\\
X_2^{(t)}&=\rho X_1^{(t)}+\sigma\varepsilon_{2t}
=\rho^2X_2^{(t-1)}+\xi_t,
\end{align}
其中$\varepsilon_{1t},\varepsilon_{2t}$独立同分布于$N(0,1)$，$\xi_t$独立于过去且$\operatorname{Var}(\xi_t)=1-\rho^4$。在平稳状态下，$X_2$的滞后$k$自相关为$\rho^{2k}$，从而
\[
\tau_{\mathrm{int}}=\frac{1+\rho^2}{1-\rho^2},
\qquad
\frac{N_{\mathrm{eff}}}{N}=\frac{1-\rho^2}{1+\rho^2}.
\]","联合密度指数中的二次型满足
\[
x_1^2-2\rho x_1x_2+x_2^2
=(x_1-\rho x_2)^2+(1-\rho^2)x_2^2.
\]
固定$x_2$后，与$x_1$有关的部分给出
$X_1\mid X_2=x_2\sim N(\rho x_2,1-\rho^2)$；交换坐标得到
$X_2\mid X_1=x_1\sim N(\rho x_1,1-\rho^2)$。代入两步更新便得到边缘递推，其中
\[
\xi_t=\sigma(\rho\varepsilon_{1t}+\varepsilon_{2t}),
\qquad
\operatorname{Var}(\xi_t)
=(1-\rho^2)(1+\rho^2)=1-\rho^4.
\]
这是系数为$\rho^2$的平稳AR(1)递推，所以$\operatorname{Corr}(X_2^{(t)},X_2^{(t+k)})=\rho^{2k}$。对几何级数求和得到
$1+2\sum_{k\ge1}\rho^{2k}=(1+\rho^2)/(1-\rho^2)$，再按ESS定义取倒数比例。"
定义,类别分布与多项分布,def:V5-C05-multinomial,34,狄利克雷分布与共轭先验,多项分布,764,src/讲义源码/第05册_采样方法主题模型与图排序/chapters/V5-C05.tex,163,"给定$ _K-1$，若 $ (Y=i )= _i, i=1, ,K, $ 则称$Y$服从以$ $为参数的类别分布。令$Y_1, ,Y_N$在给定$ $后条件独立同分布，并定义$n_i= _t=1^N 1\Y_t=i\$。计数向量$ n$的支持为 $ C_N,K =\ n N_0^K: _i=1^K n_i=N\, $ 其概率质量函数为 equation ( n N, ) = N! _i=1^K n_i! _i=1^K _i^n_i, n C_N,K. equation 约定$0^0=1$只用于表示计数为零时该因子不参与乘积。",,"给定$ _K-1$，若 $ (Y=i )= _i, i=1, ,K, $","称$Y$服从以$ $为参数的类别分布。令$Y_1, ,Y_N$在给定$ $后条件独立同分布，并定义$n_i= _t=1^N 1\Y_t=i\$。计数向量$ n$的支持为 $ C_N,K =\ n N_0^K: _i=1^K n_i=N\, $ 其概率质量函数为 equation ( n N, ) = N! _i=1^K n_i! _i=1^K _i^n_i, n C_N,K. equation 约定$0^0=1$只用于表示计数为零时该因子不参与乘积。",中,符号密度高,"1. 条件：给定$ _K-1$，若 $ (Y=i )= _i, i=1, ,K, $
2. 结论：称$Y$服从以$ $为参数的类别分布。令$Y_1, ,Y_N$在给定$ $后条件独立同分布，并定义$n_i= _t=1^N 1\Y_t=i\$。计数向量$ n$的支持为 $ C_N,K =\ n N_0^K: _i=1^K n_i=N\, $ 其概率质量函数为 equation ( n N, ) = N! _i=1^K n_i! _i=1^K _i^n_i, n C_N,K. equation 约定$0^0=1$只用于表示计数为零时该因子不参与乘积。
3. 证明起点：该条为定义或当前范围未提供证明。
4. 逐步写明每个条件在何处被使用，等式变形前核对定义域/维数/正分母。
5. 用一个只破坏单一条件的反例说明边界；最后复述结论而不是只写“证毕”。","给定$\boldsymbol\theta\in\Delta_{K-1}$，若
\[
\Pr(Y=i\mid\boldsymbol\theta)=\theta_i,\qquad i=1,\ldots,K,
\]
则称$Y$服从以$\boldsymbol\theta$为参数的类别分布。令$Y_1,\ldots,Y_N$在给定$\boldsymbol\theta$后条件独立同分布，并定义$n_i=\sum_{t=1}^N\mathbf 1\{Y_t=i\}$。计数向量$\boldsymbol n$的支持为
\[
\mathcal C_{N,K}
=\{\boldsymbol n\in\mathbb N_0^K:\textstyle\sum_{i=1}^K n_i=N\},
\]
其概率质量函数为
\begin{equation}
\Pr(\boldsymbol n\mid N,\boldsymbol\theta)
=\frac{N!}{\prod_{i=1}^K n_i!}
\prod_{i=1}^K\theta_i^{n_i},
\qquad \boldsymbol n\in\mathcal C_{N,K}.
\end{equation}
约定$0^0=1$只用于表示计数为零时该因子不参与乘积。",
定理,Beta--Gamma恒等式,thm:V5-C05-beta-gamma,34,狄利克雷分布与共轭先验,Gamma函数与Beta分布,766,src/讲义源码/第05册_采样方法主题模型与图排序/chapters/V5-C05.tex,251,"对$a,b>0$， equation B(a,b)= (a) (b) (a+b). equation","由Tonelli定理，非负被积函数允许把两个Gamma积分写成 $ (a) (b) = _0^ _0^ x^a-1y^b-1e^-(x+y) dx dy. $ 在正象限使用$x=st$、$y=s(1-t)$。变换把区域一一映到 $s>0$、$0<t<1$，且 $ | (x,y) (s,t) |=s. $ 因此 (a) (b) = _0^ _0^1 s^a+b-1e^-st^a-1(1-t)^b-1 dt ds\\ = (a+b)B(a,b). 由于$ (a+b)>0$，两边除以该量得到式eq:V5-C05-beta-gamma。",见原陈述中的对象与前提,见原陈述中的结论,低,陈述与证明结构基本完整,"1. 条件：见原陈述中的对象与前提
2. 结论：见原陈述中的结论
3. 证明起点：由Tonelli定理，非负被积函数允许把两个Gamma积分写成 $ (a) (b) = _0^ _0^ x^a-1y^b-1e^-(x+y) dx dy. $ 在正象限使用$x=st$、$y=s(1-t)$。
4. 逐步写明每个条件在何处被使用，等式变形前核对定义域/维数/正分母。
5. 用一个只破坏单一条件的反例说明边界；最后复述结论而不是只写“证毕”。","对$a,b>0$，
\begin{equation}
B(a,b)=\frac{\Gamma(a)\Gamma(b)}{\Gamma(a+b)}.
\end{equation}","由Tonelli定理，非负被积函数允许把两个Gamma积分写成
\[
\Gamma(a)\Gamma(b)
=\int_0^\infty\!\!\int_0^\infty
x^{a-1}y^{b-1}e^{-(x+y)}\,\mathrm dx\,\mathrm dy.
\]
在正象限使用$x=st$、$y=s(1-t)$。变换把区域一一映到
$s>0$、$0<t<1$，且
\[
\left|\frac{\partial(x,y)}{\partial(s,t)}\right|=s.
\]
因此
\begin{align*}
\Gamma(a)\Gamma(b)
&=\int_0^\infty\!\!\int_0^1
s^{a+b-1}e^{-s}t^{a-1}(1-t)^{b-1}
\,\mathrm dt\,\mathrm ds\\
&=\Gamma(a+b)B(a,b).
\end{align*}
由于$\Gamma(a+b)>0$，两边除以该量得到式\eqref{eq:V5-C05-beta-gamma}。"
定义,狄利克雷分布,def:V5-C05-dirichlet,34,狄利克雷分布与共轭先验,狄利克雷分布,762,src/讲义源码/第05册_采样方法主题模型与图排序/chapters/V5-C05.tex,320,"设$K 2$、$ _i>0$，并令 $ _K-1^ =\ (0,1)^K: _i=1^K _i=1\. $ 若$ $在单纯形上相对于坐标 $( _1, , _K-1)$的$(K-1)$维Lebesgue测度具有密度 equation p( ) = 1B( ) _i=1^K _i^ _i-1, _K=1- _i=1^K-1 _i, equation 则记$ ( )$。边界按其极限行为理解；密度不是相对于整个$ R^K$的$K$维Lebesgue测度定义的。",,"设$K 2$、$ _i>0$，并令 $ _K-1^ =\ (0,1)^K: _i=1^K _i=1\. $ 若$ $在单纯形上相对于坐标 $( _1, , _K-1)$的$(K-1)$维Lebesgue测度具有密度 equation p( ) = 1B( ) _i=1^K _i^ _i-1, _K=1- _i=1^K-1 _i, equation",记$ ( )$。边界按其极限行为理解；密度不是相对于整个$ R^K$的$K$维Lebesgue测度定义的。,中,符号密度高,"1. 条件：设$K 2$、$ _i>0$，并令 $ _K-1^ =\ (0,1)^K: _i=1^K _i=1\. $ 若$ $在单纯形上相对于坐标 $( _1, , _K-1)$的$(K-1)$维Lebesgue测度具有密度 equation p( ) = 1B( ) _i=1^K _i^ _i-1, _K=1- _i=1^K-1 _i, equation
2. 结论：记$ ( )$。边界按其极限行为理解；密度不是相对于整个$ R^K$的$K$维Lebesgue测度定义的。
3. 证明起点：该条为定义或当前范围未提供证明。
4. 逐步写明每个条件在何处被使用，等式变形前核对定义域/维数/正分母。
5. 用一个只破坏单一条件的反例说明边界；最后复述结论而不是只写“证毕”。","设$K\ge2$、$\alpha_i>0$，并令
\[
\Delta_{K-1}^{\circ}
=\{\boldsymbol\theta\in(0,1)^K:
\textstyle\sum_{i=1}^K\theta_i=1\}.
\]
若$\boldsymbol\Theta$在单纯形上相对于坐标
$(\theta_1,\ldots,\theta_{K-1})$的$(K-1)$维Lebesgue测度具有密度
\begin{equation}
p(\boldsymbol\theta\mid\boldsymbol\alpha)
=\frac1{B(\boldsymbol\alpha)}
\prod_{i=1}^K\theta_i^{\alpha_i-1},
\qquad
\theta_K=1-\sum_{i=1}^{K-1}\theta_i,
\end{equation}
则记$\boldsymbol\Theta\sim\operatorname{Dir}(\boldsymbol\alpha)$。边界按其极限行为理解；密度不是相对于整个$\mathbb R^K$的$K$维Lebesgue测度定义的。",
定理,Gamma归一化构造,thm:V5-C05-gamma-normalization,34,狄利克雷分布与共轭先验,狄利克雷分布,768,src/讲义源码/第05册_采样方法主题模型与图排序/chapters/V5-C05.tex,349,"设$G_i$彼此独立，且 $ G_i ( _i,b), i=1, ,K, $ 其中采用共同rate $b>0$。令$S= _iG_i$、$ _i=G_i/S$。则 $ ( ), S ( _0,b), $ 并且$ $与$S$独立。","联合密度为 $ _i=1^K b^ _i ( _i) g_i^ _i-1e^-bg_i. $ 作变量变换$g_i=s _i$，$i<K$，以及 $g_K=s(1- _i<K _i)$。取值域是$s>0$与 $ _K-1^ $，Jacobian绝对值为$s^K-1$。代入后联合密度分解为 $ b^ _0 ( _0) s^ _0-1e^-bs_Gamma( _0,b) ( _0) _i ( _i) _i _i^ _i-1_Dir( ). $ 两个因子分别只含$s$与$ $。第一个因子已经是归一化的 $Gamma( _0,b)$密度；原始联合密度的积分为$1$，所以由 Tonelli定理， $ 1= _0^ f_S(s) ds _ _K-1h( ) d = _ _K-1h( ) d . $ 因此第二个因子也归一化，其常数正是$1/B( )$。这先证明定义 def:V5-C05-dirichlet归一化，再由联合密度分解得到所述边缘分布与独立性，避免把待证的Dirichlet归一化当作前提。","设$G_i$彼此独立，且 $ G_i ( _i,b), i=1, ,K, $ 其中采用共同rate $b>0$。令$S= _iG_i$、$ _i=G_i/S$","$ ( ), S ( _0,b), $ 并且$ $与$S$独立。",中,符号密度高,"1. 条件：设$G_i$彼此独立，且 $ G_i ( _i,b), i=1, ,K, $ 其中采用共同rate $b>0$。令$S= _iG_i$、$ _i=G_i/S$
2. 结论：$ ( ), S ( _0,b), $ 并且$ $与$S$独立。
3. 证明起点：联合密度为 $ _i=1^K b^ _i ( _i) g_i^ _i-1e^-bg_i. $ 作变量变换$g_i=s _i$，$i<K$，以及 $g_K=s(1- _i<K _i)$。
4. 逐步写明每个条件在何处被使用，等式变形前核对定义域/维数/正分母。
5. 用一个只破坏单一条件的反例说明边界；最后复述结论而不是只写“证毕”。","设$G_i$彼此独立，且
\[
G_i\sim\operatorname{Gamma}(\alpha_i,b),
\qquad i=1,\ldots,K,
\]
其中采用共同rate $b>0$。令$S=\sum_iG_i$、$\Theta_i=G_i/S$。则
\[
\boldsymbol\Theta\sim\operatorname{Dir}(\boldsymbol\alpha),
\qquad
S\sim\operatorname{Gamma}(\alpha_0,b),
\]
并且$\boldsymbol\Theta$与$S$独立。","联合密度为
\[
\prod_{i=1}^K
\frac{b^{\alpha_i}}{\Gamma(\alpha_i)}
g_i^{\alpha_i-1}e^{-bg_i}.
\]
作变量变换$g_i=s\theta_i$，$i<K$，以及
$g_K=s(1-\sum_{i<K}\theta_i)$。取值域是$s>0$与
$\boldsymbol\theta\in\Delta_{K-1}^{\circ}$，Jacobian绝对值为$s^{K-1}$。代入后联合密度分解为
\[
\underbrace{\frac{b^{\alpha_0}}{\Gamma(\alpha_0)}
s^{\alpha_0-1}e^{-bs}}_{\operatorname{Gamma}(\alpha_0,b)}
\;
\underbrace{\frac{\Gamma(\alpha_0)}
{\prod_i\Gamma(\alpha_i)}
\prod_i\theta_i^{\alpha_i-1}}_{\operatorname{Dir}(\boldsymbol\alpha)}.
\]
两个因子分别只含$s$与$\boldsymbol\theta$。第一个因子已经是归一化的
$\operatorname{Gamma}(\alpha_0,b)$密度；原始联合密度的积分为$1$，所以由
Tonelli定理，
\[
1=\int_0^\infty f_S(s)\,\mathrm ds
\int_{\Delta_{K-1}}h(\boldsymbol\theta)\,\mathrm d\boldsymbol\theta
=\int_{\Delta_{K-1}}h(\boldsymbol\theta)\,\mathrm d\boldsymbol\theta.
\]
因此第二个因子也归一化，其常数正是$1/B(\boldsymbol\alpha)$。这先证明定义
\ref{def:V5-C05-dirichlet}归一化，再由联合密度分解得到所述边缘分布与独立性，避免把待证的Dirichlet归一化当作前提。"
命题,均值、方差与协方差,prop:V5-C05-basic-moments,34,狄利克雷分布与共轭先验,狄利克雷分布,770,src/讲义源码/第05册_采样方法主题模型与图排序/chapters/V5-C05.tex,405,"若$ ( )$，则 E( _i) = _i _0,\\ Var( _i) = _i( _0- _i) _0^2( _0+1),\\ Cov( _i, _j) =- _i _j _0^2( _0+1), i j.","分别把$ _i$、$ _i^2$与$ _i _j$乘入密度，所得积分都是参数增加后的多元Beta积分。由$ (a+1)=a (a)$得 $ E _i^2 = _i( _i+1) _0( _0+1), E( _i _j) = _i _j _0( _0+1). $ 分别减去均值平方与均值乘积便得到方差和协方差。",若$ ( )$,"E( _i) = _i _0,\\ Var( _i) = _i( _0- _i) _0^2( _0+1),\\ Cov( _i, _j) =- _i _j _0^2( _0+1), i j.",中,符号密度高,"1. 条件：若$ ( )$
2. 结论：E( _i) = _i _0,\\ Var( _i) = _i( _0- _i) _0^2( _0+1),\\ Cov( _i, _j) =- _i _j _0^2( _0+1), i j.
3. 证明起点：分别把$ _i$、$ _i^2$与$ _i _j$乘入密度，所得积分都是参数增加后的多元Beta积分。
4. 逐步写明每个条件在何处被使用，等式变形前核对定义域/维数/正分母。
5. 用一个只破坏单一条件的反例说明边界；最后复述结论而不是只写“证毕”。","若$\boldsymbol\Theta\sim\operatorname{Dir}(\boldsymbol\alpha)$，则
\begin{align}
\mathbb E(\Theta_i)
&=\frac{\alpha_i}{\alpha_0},\\
\operatorname{Var}(\Theta_i)
&=\frac{\alpha_i(\alpha_0-\alpha_i)}
{\alpha_0^2(\alpha_0+1)},\\
\operatorname{Cov}(\Theta_i,\Theta_j)
&=-\frac{\alpha_i\alpha_j}
{\alpha_0^2(\alpha_0+1)},\quad i\ne j.

\end{align}","分别把$\Theta_i$、$\Theta_i^2$与$\Theta_i\Theta_j$乘入密度，所得积分都是参数增加后的多元Beta积分。由$\Gamma(a+1)=a\Gamma(a)$得
\[
\mathbb E\Theta_i^2
=\frac{\alpha_i(\alpha_i+1)}
{\alpha_0(\alpha_0+1)},\qquad
\mathbb E(\Theta_i\Theta_j)
=\frac{\alpha_i\alpha_j}
{\alpha_0(\alpha_0+1)}.
\]
分别减去均值平方与均值乘积便得到方差和协方差。"
命题,一般矩公式,prop:V5-C05-general-moment,34,狄利克雷分布与共轭先验,狄利克雷分布,762,src/讲义源码/第05册_采样方法主题模型与图排序/chapters/V5-C05.tex,440,若$ ( )$，且 $r_i>- _i$，则 equation E = B( + r) B( ). equation,把乘积幂移入式eq:V5-C05-dirichlet-density，积分中的指数变为 $ _i+r_i-1$。条件$r_i>- _i$保证新积分有限，于是 $ E = 1B( ) _ _K-1 _i _i^ _i+r_i-1 d = B( + r) B( ). $,若$ ( )$，且 $r_i>- _i$,equation E = B( + r) B( ). equation,中,符号密度高,"1. 条件：若$ ( )$，且 $r_i>- _i$
2. 结论：equation E = B( + r) B( ). equation
3. 证明起点：把乘积幂移入式eq:V5-C05-dirichlet-density，积分中的指数变为 $ _i+r_i-1$。
4. 逐步写明每个条件在何处被使用，等式变形前核对定义域/维数/正分母。
5. 用一个只破坏单一条件的反例说明边界；最后复述结论而不是只写“证毕”。","若$\boldsymbol\Theta\sim\operatorname{Dir}(\boldsymbol\alpha)$，且
$r_i>-\alpha_i$，则
\begin{equation}
\mathbb E\!\left[\prod_{i=1}^K\Theta_i^{r_i}\right]
=\frac{B(\boldsymbol\alpha+\boldsymbol r)}
{B(\boldsymbol\alpha)}.
\end{equation}","把乘积幂移入式\eqref{eq:V5-C05-dirichlet-density}，积分中的指数变为
$\alpha_i+r_i-1$。条件$r_i>-\alpha_i$保证新积分有限，于是
\[
\mathbb E\!\left[\prod_i\Theta_i^{r_i}\right]
=\frac1{B(\boldsymbol\alpha)}
\int_{\Delta_{K-1}}\prod_i
\theta_i^{\alpha_i+r_i-1}\,\mathrm d\boldsymbol\theta
=\frac{B(\boldsymbol\alpha+\boldsymbol r)}
{B(\boldsymbol\alpha)}.
\]"
命题,聚合与条件性质,prop:V5-C05-aggregation,34,狄利克雷分布与共轭先验,狄利克雷分布,771,src/讲义源码/第05册_采样方法主题模型与图排序/chapters/V5-C05.tex,467,"把$\1, ,K\$分成互不相交的非空组$A_1, ,A_L$。若 $ ( )$，则 $ ( _i A_1 _i, , _i A_L _i ) ( _i A_1 _i, , _i A_L _i ). $ 因而 equation _i ( _i, _0- _i). equation 此外，下式取正则条件分布版本。令 $ U=( _j/(1- _i))_j i$；则对 $Beta( _i, _0- _i)$几乎处处的$t (0,1)$（并可选取对每个$0<t<1$都成立的版本）， equation L( U _i=t) =Dir( _-i), equation 且右侧不依赖$t$。等价地，该正则条件核相对于剩余单纯形测度的密度为 $ k(t, u) = 1B( _-i) _j iu_j^ _j-1, u _K-2^ , $ 其中右端不含$t$；这避免把零概率事件$\ _i=t\$当作普通离散条件事件。","采用定理thm:V5-C05-gamma-normalization中的独立Gamma表示。每一组 $H_ = _i A_ G_i$是shape为$ _i A_ _i$、 rate为$b$的Gamma变量；不同组仍独立。把$H_1, ,H_L$除以共同总和便得到聚合结论。取两组$\i\$与其补集得到式eq:V5-C05-beta-marginal。另一方面， $ _j1- _i = G_j _ iG_ , j i. $ 该归一化比例服从$Dir( _-i)$，并独立于 $ _ iG_ $；它还独立于$G_i$。而$ _i$只由 $G_i$与该和决定，故$ U$与$ _i$独立。于是可把无条件Dirichlet密度选作上述正则条件核；该核对边缘分布几乎处处唯一，并且此版本对所有$0<t<1$都有定义。","把$\1, ,K\$分成互不相交的非空组$A_1, ,A_L$。若 $ ( )$","$ ( _i A_1 _i, , _i A_L _i ) ( _i A_1 _i, , _i A_L _i ). $ 因而 equation _i ( _i, _0- _i). equation 此外，下式取正则条件分布版本。令 $ U=( _j/(1- _i))_j i$；则对 $Beta( _i, _0- _i)$几乎处处的$t (0,1)$（并可选取对每个$0<t<1$都成立的版本）， equation L( U _i=t) =Dir( _-i), equation 且右侧不依赖$t$。等价地，该正则条件核相对于剩余单纯形测度的密度为 $ k(t, u) = 1B( _-i) _j iu_j^ _j-1, u _K-2^ , $ 其中右端不含$t$；这避免把零概率事件$\ _i=t\$当作普通离散条件事件。",中,符号密度高,"1. 条件：把$\1, ,K\$分成互不相交的非空组$A_1, ,A_L$。若 $ ( )$
2. 结论：$ ( _i A_1 _i, , _i A_L _i ) ( _i A_1 _i, , _i A_L _i ). $ 因而 equation _i ( _i, _0- _i). equation 此外，下式取正则条件分布版本。令 $ U=( _j/(1- _i))_j i$；则对 $Beta( _i, _0- _i)$几乎处处的$t (0,1)$（并可选取对每个$0<t<1$都成立的版本）， equation L( U _i=t) =Dir( _-i), equation 且右侧不依赖$t$。等价地，该正则条件核相对于剩余单纯形测度的密度为 $ k(t, u) = 1B( _-i) _j iu_j^ _j-1, u _K-2^ , $ 其中右端不含$t$；这避免把零概率事件$\ _i=t\$当作普通离散条件事件。
3. 证明起点：采用定理thm:V5-C05-gamma-normalization中的独立Gamma表示。
4. 逐步写明每个条件在何处被使用，等式变形前核对定义域/维数/正分母。
5. 用一个只破坏单一条件的反例说明边界；最后复述结论而不是只写“证毕”。","把$\{1,\ldots,K\}$分成互不相交的非空组$A_1,\ldots,A_L$。若
$\boldsymbol\Theta\sim\operatorname{Dir}(\boldsymbol\alpha)$，则
\[
\left(\sum_{i\in A_1}\Theta_i,\ldots,
\sum_{i\in A_L}\Theta_i\right)
\sim\operatorname{Dir}\!\left(
\sum_{i\in A_1}\alpha_i,\ldots,
\sum_{i\in A_L}\alpha_i\right).
\]
因而
\begin{equation}
\Theta_i\sim\operatorname{Beta}(\alpha_i,\alpha_0-\alpha_i).
\end{equation}
此外，下式取正则条件分布版本。令
$\boldsymbol U=(\Theta_j/(1-\Theta_i))_{j\ne i}$；则对
$\operatorname{Beta}(\alpha_i,\alpha_0-\alpha_i)$几乎处处的$t\in(0,1)$（并可选取对每个$0<t<1$都成立的版本），
\begin{equation}
\mathcal L(\boldsymbol U\mid\Theta_i=t)
=\operatorname{Dir}(\boldsymbol\alpha_{-i}),
\end{equation}
且右侧不依赖$t$。等价地，该正则条件核相对于剩余单纯形测度的密度为
\[
k(t,\boldsymbol u)
=\frac{1}{B(\boldsymbol\alpha_{-i})}
  \prod_{j\ne i}u_j^{\alpha_j-1},
\qquad \boldsymbol u\in\Delta_{K-2}^{\circ},
\]
其中右端不含$t$；这避免把零概率事件$\{\Theta_i=t\}$当作普通离散条件事件。","采用定理\ref{thm:V5-C05-gamma-normalization}中的独立Gamma表示。每一组
$H_\ell=\sum_{i\in A_\ell}G_i$是shape为$\sum_{i\in A_\ell}\alpha_i$、
rate为$b$的Gamma变量；不同组仍独立。把$H_1,\ldots,H_L$除以共同总和便得到聚合结论。取两组$\{i\}$与其补集得到式\eqref{eq:V5-C05-beta-marginal}。另一方面，
\[
\frac{\Theta_j}{1-\Theta_i}
=\frac{G_j}{\sum_{\ell\ne i}G_\ell},\qquad j\ne i.
\]
该归一化比例服从$\operatorname{Dir}(\boldsymbol\alpha_{-i})$，并独立于
$\sum_{\ell\ne i}G_\ell$；它还独立于$G_i$。而$\Theta_i$只由
$G_i$与该和决定，故$\boldsymbol U$与$\Theta_i$独立。于是可把无条件Dirichlet密度选作上述正则条件核；该核对边缘分布几乎处处唯一，并且此版本对所有$0<t<1$都有定义。"
命题,期望对数,prop:V5-C05-expected-log,34,狄利克雷分布与共轭先验,狄利克雷分布,762,src/讲义源码/第05册_采样方法主题模型与图排序/chapters/V5-C05.tex,515,若$ ( )$，则 equation E[ _i] = ( _i)- ( _0). equation,"归一化恒等式为 $ B( ) = _ _K-1 _j _j^ _j-1 d . $ 在所有$ _j>0$的紧子区域内可用一个可积上界控制参数导数；对 $ _i$求导并除以$B( )$得到 $ _i B( ) = E[ _i]. $ 再由式eq:V5-C05-multivariate-beta求导： $ _i B( ) = ( _i)- ( _0), $ 故式eq:V5-C05-expected-log成立。",若$ ( )$,equation E[ _i] = ( _i)- ( _0). equation,中,符号密度高,"1. 条件：若$ ( )$
2. 结论：equation E[ _i] = ( _i)- ( _0). equation
3. 证明起点：归一化恒等式为 $ B( ) = _ _K-1 _j _j^ _j-1 d . $ 在所有$ _j>0$的紧子区域内可用一个可积上界控制参数导数；
4. 逐步写明每个条件在何处被使用，等式变形前核对定义域/维数/正分母。
5. 用一个只破坏单一条件的反例说明边界；最后复述结论而不是只写“证毕”。","若$\boldsymbol\Theta\sim\operatorname{Dir}(\boldsymbol\alpha)$，则
\begin{equation}
\mathbb E[\log\Theta_i]
=\psi(\alpha_i)-\psi(\alpha_0).
\end{equation}","归一化恒等式为
\[
B(\boldsymbol\alpha)
=\int_{\Delta_{K-1}}\prod_j\theta_j^{\alpha_j-1}
\,\mathrm d\boldsymbol\theta.
\]
在所有$\alpha_j>0$的紧子区域内可用一个可积上界控制参数导数；对
$\alpha_i$求导并除以$B(\boldsymbol\alpha)$得到
\[
\frac{\partial}{\partial\alpha_i}\log B(\boldsymbol\alpha)
=\mathbb E[\log\Theta_i].
\]
再由式\eqref{eq:V5-C05-multivariate-beta}求导：
\[
\frac{\partial}{\partial\alpha_i}\log B(\boldsymbol\alpha)
=\psi(\alpha_i)-\psi(\alpha_0),
\]
故式\eqref{eq:V5-C05-expected-log}成立。"
定理,共轭,thm:V5-C05-conjugacy,34,狄利克雷分布与共轭先验,共轭,774,src/讲义源码/第05册_采样方法主题模型与图排序/chapters/V5-C05.tex,592,"在模型eq:V5-C05-bayes-model中，若 $ (0, )^K$且 $ n C_N,K$，则 equation n, ( + n). equation 进阶旁支（边际证据）。若还需比较模型或核验计数概率，则计数向量的边际概率为 equation p( n ) = N! _i n_i! B( + n) B( ). equation","式eq:V5-C05-posterior-kernel与定义 def:V5-C05-dirichlet的核相同，参数为 $ ^post= + n$。所有 $ _i^post>0$，所以归一化积分有限且为$B( ^post)$，由此得到 $ p( n, ) = 1B( + n) _i _i^ _i+n_i-1. $ 对联合分布积分则有 p( n ) = _ _K-1 p( n ) p( ) d \\ = N! _i n_i! 1B( ) _ _K-1 _i _i^ _i+n_i-1 d \\ = N! _i n_i! B( + n) B( ). 这同时给出后验归一化分母与计数向量证据。","在模型eq:V5-C05-bayes-model中，若 $ (0, )^K$且 $ n C_N,K$","equation n, ( + n). equation 进阶旁支（边际证据）。若还需比较模型或核验计数概率，则计数向量的边际概率为 equation p( n ) = N! _i n_i! B( + n) B( ). equation",中,符号密度高,"1. 条件：在模型eq:V5-C05-bayes-model中，若 $ (0, )^K$且 $ n C_N,K$
2. 结论：equation n, ( + n). equation 进阶旁支（边际证据）。若还需比较模型或核验计数概率，则计数向量的边际概率为 equation p( n ) = N! _i n_i! B( + n) B( ). equation
3. 证明起点：式eq:V5-C05-posterior-kernel与定义 def:V5-C05-dirichlet的核相同，参数为 $ ^post= + n$。
4. 逐步写明每个条件在何处被使用，等式变形前核对定义域/维数/正分母。
5. 用一个只破坏单一条件的反例说明边界；最后复述结论而不是只写“证毕”。","在模型\eqref{eq:V5-C05-bayes-model}中，若
$\boldsymbol\alpha\in(0,\infty)^K$且
$\boldsymbol n\in\mathcal C_{N,K}$，则
\begin{equation}
\boldsymbol\Theta\mid\boldsymbol n,\boldsymbol\alpha
\sim\operatorname{Dir}(\boldsymbol\alpha+\boldsymbol n).
\end{equation}
\emph{进阶旁支（边际证据）。}若还需比较模型或核验计数概率，则计数向量的边际概率为
\begin{equation}
p(\boldsymbol n\mid\boldsymbol\alpha)
=\frac{N!}{\prod_i n_i!}
\frac{B(\boldsymbol\alpha+\boldsymbol n)}
{B(\boldsymbol\alpha)}.
\end{equation}","式\eqref{eq:V5-C05-posterior-kernel}与定义
\ref{def:V5-C05-dirichlet}的核相同，参数为
$\boldsymbol\alpha^{\mathrm{post}}=\boldsymbol\alpha+\boldsymbol n$。所有
$\alpha_i^{\mathrm{post}}>0$，所以归一化积分有限且为$B(\boldsymbol\alpha^{\mathrm{post}})$，由此得到
\[
p(\boldsymbol\theta\mid\boldsymbol n,\boldsymbol\alpha)
=\frac1{B(\boldsymbol\alpha+\boldsymbol n)}
\prod_i\theta_i^{\alpha_i+n_i-1}.
\]
对联合分布积分则有
\begin{align*}
p(\boldsymbol n\mid\boldsymbol\alpha)
&=\int_{\Delta_{K-1}}
p(\boldsymbol n\mid\boldsymbol\theta)
p(\boldsymbol\theta\mid\boldsymbol\alpha)
\,\mathrm d\boldsymbol\theta\\
&=\frac{N!}{\prod_i n_i!}
\frac1{B(\boldsymbol\alpha)}
\int_{\Delta_{K-1}}\prod_i
\theta_i^{\alpha_i+n_i-1}\,\mathrm d\boldsymbol\theta\\
&=\frac{N!}{\prod_i n_i!}
\frac{B(\boldsymbol\alpha+\boldsymbol n)}
{B(\boldsymbol\alpha)}.
\end{align*}
这同时给出后验归一化分母与计数向量证据。"
命题,后验预测,prop:V5-C05-predictive,34,狄利克雷分布与共轭先验,共轭,762,src/讲义源码/第05册_采样方法主题模型与图排序/chapters/V5-C05.tex,651,"在定理thm:V5-C05-conjugacy的条件下，新观测的后验预测概率为 equation (Y_N+1=i n, ) = _i+n_i _0+N. equation 若未来$M$次观测的计数为$ r C_M,K$，则 equation ( r n, ) = M! _i r_i! B( + n+ r) B( + n). equation","由全概率公式和式eq:V5-C05-dirichlet-mean， $ (Y_N+1=i n, ) = _i p( n, ) d = _i+n_i _0+N. $ 把后验$Dir( + n)$视作未来计数的先验，再应用式eq:V5-C05-dirichlet-multinomial，得到 eq:V5-C05-future-count-predictive。","在定理thm:V5-C05-conjugacy的条件下，新观测的后验预测概率为 equation (Y_N+1=i n, ) = _i+n_i _0+N. equation 若未来$M$次观测的计数为$ r C_M,K$","equation ( r n, ) = M! _i r_i! B( + n+ r) B( + n). equation",中,符号密度高,"1. 条件：在定理thm:V5-C05-conjugacy的条件下，新观测的后验预测概率为 equation (Y_N+1=i n, ) = _i+n_i _0+N. equation 若未来$M$次观测的计数为$ r C_M,K$
2. 结论：equation ( r n, ) = M! _i r_i! B( + n+ r) B( + n). equation
3. 证明起点：由全概率公式和式eq:V5-C05-dirichlet-mean， $ (Y_N+1=i n, ) = _i p( n, ) d = _i+n_i _0+N. $ 把后验$Dir( + n)$视作未来计数的先验，再应用式eq:V5-C05-dirichlet-multinomial，得到 eq:V5-C05-future-count-predictive。
4. 逐步写明每个条件在何处被使用，等式变形前核对定义域/维数/正分母。
5. 用一个只破坏单一条件的反例说明边界；最后复述结论而不是只写“证毕”。","在定理\ref{thm:V5-C05-conjugacy}的条件下，新观测的后验预测概率为
\begin{equation}
\Pr(Y_{N+1}=i\mid\boldsymbol n,\boldsymbol\alpha)
=\frac{\alpha_i+n_i}{\alpha_0+N}.
\end{equation}
若未来$M$次观测的计数为$\boldsymbol r\in\mathcal C_{M,K}$，则
\begin{equation}
\Pr(\boldsymbol r\mid\boldsymbol n,\boldsymbol\alpha)
=\frac{M!}{\prod_i r_i!}
\frac{B(\boldsymbol\alpha+\boldsymbol n+\boldsymbol r)}
{B(\boldsymbol\alpha+\boldsymbol n)}.
\end{equation}","由全概率公式和式\eqref{eq:V5-C05-dirichlet-mean}，
\[
\Pr(Y_{N+1}=i\mid\boldsymbol n,\boldsymbol\alpha)
=\int\theta_i\,
p(\boldsymbol\theta\mid\boldsymbol n,\boldsymbol\alpha)
\,\mathrm d\boldsymbol\theta
=\frac{\alpha_i+n_i}{\alpha_0+N}.
\]
把后验$\operatorname{Dir}(\boldsymbol\alpha+\boldsymbol n)$视作未来计数的先验，再应用式\eqref{eq:V5-C05-dirichlet-multinomial}，得到
\eqref{eq:V5-C05-future-count-predictive}。"
定义,潜在狄利克雷分配模型,def:V5-C06-lda,35,潜在狄利克雷分配,文档—主题—单词关系,791,src/讲义源码/第05册_采样方法主题模型与图排序/chapters/V5-C06.tex,198,"给定词表$ W=\1, ,V\$、主题数$K$和文档数$M$。 对每个主题$k$，取 $ _k ( )$； 对每篇文档$m$，取 $ _m ( )$。 对文档$m$的每个位置$n$，依次生成 $ z_mn _m ( _m), w_mn z_mn=k, ( _k). $ 所有$ _k>0$、$ _v>0$。本章明确区分两个相关但目标不同的模型： enumerate[leftmargin=2em] 完整Bayes LDA：$ _k ( )$，折叠Gibbs积分消去$ , $； 点参数LDA变体：$ _k ^V-1$是待估参数，不对$ _k$放置Dirichlet先验，变分EM最大化该参数模型的ELBO。 enumerate 两者共享条件似然$p(w_mn z_mn, )$和文档先验 $ _m ( )$，但不是同一个后验，也不能把 $ $平滑项临时加入点参数变体后仍声称优化同一目标。",,见原陈述中的对象与前提,见原陈述中的结论,中,符号密度高,"1. 条件：见原陈述中的对象与前提
2. 结论：见原陈述中的结论
3. 证明起点：该条为定义或当前范围未提供证明。
4. 逐步写明每个条件在何处被使用，等式变形前核对定义域/维数/正分母。
5. 用一个只破坏单一条件的反例说明边界；最后复述结论而不是只写“证毕”。","给定词表$\mathcal W=\{1,\ldots,V\}$、主题数$K$和文档数$M$。
对每个主题$k$，取
$\boldsymbol\varphi_k\sim\operatorname{Dir}(\boldsymbol\beta)$；
对每篇文档$m$，取
$\boldsymbol\theta_m\sim\operatorname{Dir}(\boldsymbol\alpha)$。
对文档$m$的每个位置$n$，依次生成
\[
z_{mn}\mid\boldsymbol\theta_m\sim\operatorname{Cat}(\boldsymbol\theta_m),
\qquad
w_{mn}\mid z_{mn}=k,\boldsymbol\varphi
\sim\operatorname{Cat}(\boldsymbol\varphi_k).
\]
所有$\alpha_k>0$、$\beta_v>0$。本章明确区分两个相关但目标不同的模型：
\begin{enumerate}[leftmargin=2em]
  \item \textbf{完整Bayes LDA：}$\boldsymbol\varphi_k\sim\operatorname{Dir}(\boldsymbol\beta)$，折叠Gibbs积分消去$\boldsymbol\theta,\boldsymbol\varphi$；
  \item \textbf{点参数LDA变体：}$\boldsymbol\varphi_k\in\Delta^{V-1}$是待估参数，不对$\boldsymbol\varphi_k$放置Dirichlet先验，变分EM最大化该参数模型的ELBO。
\end{enumerate}
两者共享条件似然$p(w_{mn}\mid z_{mn},\boldsymbol\varphi)$和文档先验
$\boldsymbol\theta_m\sim\operatorname{Dir}(\boldsymbol\alpha)$，但不是同一个后验，也不能把
$\boldsymbol\beta$平滑项临时加入点参数变体后仍声称优化同一目标。",
命题,条件独立生成蕴含文档内交换性,prop:V5-C06-exchangeable,35,潜在狄利克雷分配,LDA生成过程与概率图,793,src/讲义源码/第05册_采样方法主题模型与图排序/chapters/V5-C06.tex,294,"在给定$ _m$和$ $时，文档$m$各词位置独立同分布，且 $ p(w_mn=v _m, ) = _k=1^K _mk _kv. $ 因此任意置换词位置不改变条件联合概率；积分消去 $ _m$后，词位置仍交换，但一般不再边缘独立。","对任意位置置换$ $，条件联合概率是 $ _n=1^N_m _k _mk _k,w_mn, $ 乘法交换律使其等于置换后的乘积。再对 $p( _m )$积分不会破坏置换不变性。 但两个位置共享同一个随机$ _m$；边缘化后它们通过该共同原因相关，所以不能由交换性推出独立性。",见原陈述中的对象与前提,见原陈述中的结论,中,符号密度高,"1. 条件：见原陈述中的对象与前提
2. 结论：见原陈述中的结论
3. 证明起点：对任意位置置换$ $，条件联合概率是 $ _n=1^N_m _k _mk _k,w_mn, $ 乘法交换律使其等于置换后的乘积。
4. 逐步写明每个条件在何处被使用，等式变形前核对定义域/维数/正分母。
5. 用一个只破坏单一条件的反例说明边界；最后复述结论而不是只写“证毕”。","在给定$\boldsymbol\theta_m$和$\boldsymbol\varphi$时，文档$m$各词位置独立同分布，且
\[
p(w_{mn}=v\mid\boldsymbol\theta_m,\boldsymbol\varphi)
=\sum_{k=1}^{K}\theta_{mk}\varphi_{kv}.
\]
因此任意置换词位置不改变条件联合概率；积分消去
$\boldsymbol\theta_m$后，词位置仍交换，但一般不再边缘独立。","对任意位置置换$\pi$，条件联合概率是
\[
\prod_{n=1}^{N_m}\sum_k\theta_{mk}\varphi_{k,w_{mn}},
\]
乘法交换律使其等于置换后的乘积。再对
$p(\boldsymbol\theta_m\mid\boldsymbol\alpha)$积分不会破坏置换不变性。
但两个位置共享同一个随机$\boldsymbol\theta_m$；边缘化后它们通过该共同原因相关，所以不能由交换性推出独立性。"
定理,LDA的折叠联合分布,thm:V5-C06-collapsed-joint,35,潜在狄利克雷分配,LDA生成过程与概率图,790,src/讲义源码/第05册_采样方法主题模型与图排序/chapters/V5-C06.tex,448,"在定义def:V5-C06-lda的条件下， equation p( w, z , ) = _k=1^K B( n_k+ )B( ) _m=1^M B( n_m+ )B( ). equation 该式保留了与$ z$有关的全部归一化常数。","从式eq:V5-C06-joint出发，被积函数非负，Tonelli定理允许改变积分次序。上面的逐主题计算给出式eq:V5-C06-collapsed-word，逐文档计算给出式eq:V5-C06-collapsed-topic。两组积分变量互不重叠，故两式相乘即得eq:V5-C06-collapsed-joint。所有$ _k, _v$严格为正，确保每个多元Beta积分有限；由于对象是有序词元与指派的联合概率，整个推导中都不出现多项组合系数。",见原陈述中的对象与前提,见原陈述中的结论,中,符号密度高,"1. 条件：见原陈述中的对象与前提
2. 结论：见原陈述中的结论
3. 证明起点：从式eq:V5-C06-joint出发，被积函数非负，Tonelli定理允许改变积分次序。
4. 逐步写明每个条件在何处被使用，等式变形前核对定义域/维数/正分母。
5. 用一个只破坏单一条件的反例说明边界；最后复述结论而不是只写“证毕”。","在定义\ref{def:V5-C06-lda}的条件下，
\begin{equation}
p(\boldsymbol w,\boldsymbol z\mid\boldsymbol\alpha,\boldsymbol\beta)
=\prod_{k=1}^{K}
\frac{B(\boldsymbol n_k+\boldsymbol\beta)}{B(\boldsymbol\beta)}
\prod_{m=1}^{M}
\frac{B(\boldsymbol n_m+\boldsymbol\alpha)}{B(\boldsymbol\alpha)}.

\end{equation}
该式保留了与$\boldsymbol z$有关的全部归一化常数。","从式\eqref{eq:V5-C06-joint}出发，被积函数非负，Tonelli定理允许改变积分次序。上面的逐主题计算给出式\eqref{eq:V5-C06-collapsed-word}，逐文档计算给出式\eqref{eq:V5-C06-collapsed-topic}。两组积分变量互不重叠，故两式相乘即得\eqref{eq:V5-C06-collapsed-joint}。所有$\alpha_k,\beta_v$严格为正，确保每个多元Beta积分有限；由于对象是有序词元与指派的联合概率，整个推导中都不出现多项组合系数。"
推论,文档内主题指派的交换性,cor:V5-C06-topic-exchangeable,35,潜在狄利克雷分配,LDA生成过程与概率图,796,src/讲义源码/第05册_采样方法主题模型与图排序/chapters/V5-C06.tex,470,固定观测词和其他文档后，若同时置换文档$m$的词位置及相应主题指派，式 eq:V5-C06-collapsed-joint不变。,折叠联合分布只通过$n_mk$和$n_kv$依赖位置数据；同步置换不改变任一计数， 故每个Beta函数比值不变。若只置换词而不随之置换指派，$n_kv$可能改变，结论不成立。,见原陈述中的对象与前提,见原陈述中的结论,中,证明过短，关键变形或条件使用位置不醒目,"1. 条件：见原陈述中的对象与前提
2. 结论：见原陈述中的结论
3. 证明起点：折叠联合分布只通过$n_mk$和$n_kv$依赖位置数据；
4. 逐步写明每个条件在何处被使用，等式变形前核对定义域/维数/正分母。
5. 用一个只破坏单一条件的反例说明边界；最后复述结论而不是只写“证毕”。","固定观测词和其他文档后，若同时置换文档$m$的词位置及相应主题指派，式
\eqref{eq:V5-C06-collapsed-joint}不变。","折叠联合分布只通过$n_{mk}$和$n_{kv}$依赖位置数据；同步置换不改变任一计数，
故每个Beta函数比值不变。若只置换词而不随之置换指派，$n_{kv}$可能改变，结论不成立。"
命题,折叠Gibbs满条件分布,prop:V5-C06-gibbs-conditional,35,潜在狄利克雷分配,折叠Gibbs推断,798,src/讲义源码/第05册_采样方法主题模型与图排序/chapters/V5-C06.tex,517,"设当前词元$i=(m,n)$的观测词为$v$。删去其旧主题后的满条件概率满足 equation p(z_i=k z_-i, w, , ) n_kv^-i+ _vn_k ^-i+ _0 n_mk^-i+ _kn_m ^-i+ _0. equation 右端对$k=1, ,K$归一化后才是概率。","在式eq:V5-C06-collapsed-joint中，除主题$k$的词计数因子和文档$m$的主题计数因子外，其余因子在比较候选$k$时相消。 使用$ (x+1)/ (x)=x$，把“加入当前词元”后的Beta函数除以留一Beta函数，分别得到 $ n_kv^-i+ _vn_k ^-i+ _0, n_mk^-i+ _kn_m ^-i+ _0. $ 两项相乘即为未归一化权重。第二项分母虽对$k$相同，保留它能显示完整的后验预测来源。","设当前词元$i=(m,n)$的观测词为$v$","删去其旧主题后的满条件概率满足 equation p(z_i=k z_-i, w, , ) n_kv^-i+ _vn_k ^-i+ _0 n_mk^-i+ _kn_m ^-i+ _0. equation 右端对$k=1, ,K$归一化后才是概率。",中,符号密度高；证明路线提示不足,"1. 条件：设当前词元$i=(m,n)$的观测词为$v$
2. 结论：删去其旧主题后的满条件概率满足 equation p(z_i=k z_-i, w, , ) n_kv^-i+ _vn_k ^-i+ _0 n_mk^-i+ _kn_m ^-i+ _0. equation 右端对$k=1, ,K$归一化后才是概率。
3. 证明起点：在式eq:V5-C06-collapsed-joint中，除主题$k$的词计数因子和文档$m$的主题计数因子外，其余因子在比较候选$k$时相消。
4. 逐步写明每个条件在何处被使用，等式变形前核对定义域/维数/正分母。
5. 用一个只破坏单一条件的反例说明边界；最后复述结论而不是只写“证毕”。","设当前词元$i=(m,n)$的观测词为$v$。删去其旧主题后的满条件概率满足
\begin{equation}
p(z_i=k\mid\boldsymbol z_{-i},\boldsymbol w,
\boldsymbol\alpha,\boldsymbol\beta)
\propto
\frac{n_{kv}^{-i}+\beta_v}{n_{k\cdot}^{-i}+\beta_0}
\frac{n_{mk}^{-i}+\alpha_k}{n_{m\cdot}^{-i}+\alpha_0}.

\end{equation}
右端对$k=1,\ldots,K$归一化后才是概率。","在式\eqref{eq:V5-C06-collapsed-joint}中，除主题$k$的词计数因子和文档$m$的主题计数因子外，其余因子在比较候选$k$时相消。
使用$\Gamma(x+1)/\Gamma(x)=x$，把“加入当前词元”后的Beta函数除以留一Beta函数，分别得到
\[
\frac{n_{kv}^{-i}+\beta_v}{n_{k\cdot}^{-i}+\beta_0},
\qquad
\frac{n_{mk}^{-i}+\alpha_k}{n_{m\cdot}^{-i}+\alpha_0}.
\]
两项相乘即为未归一化权重。第二项分母虽对$k$相同，保留它能显示完整的后验预测来源。"
定理,KL--ELBO恒等式,thm:V5-C06-elbo,35,潜在狄利克雷分配,折叠Gibbs推断,789,src/讲义源码/第05册_采样方法主题模型与图排序/chapters/V5-C06.tex,604,"设$0<p( w)< $，联合密度与$q$相对于同一支配测度可测，$q p( h w)$，并且 $ E_q | p( w, h) |< , E_q | q( h) |< . $ 这些条件排除了未定义的$ - $。则 equation p( w) = L(q)+ (q( h) \| p( h w) ), equation 其中$ h$汇总隐变量，且 $ L(q)= E_q p( w, h) - E_q q( h). $ 因此$ L(q) p( w)$，等号当且仅当$q$等于精确后验（几乎处处）。","由$0<p( w)< $与绝对连续性，Bayes等式在$q$几乎处处成立： $ p( h w) = p( w, h)- p( w)$。 上述绝对可积条件允许分别积分并整理，不会出现$ - $： (q\|p) = E_q q( h) - E_q p( h w)\\ = p( w)- L(q). KL非负给出下界与等号条件。","设$0<p( w)< $，联合密度与$q$相对于同一支配测度可测，$q p( h w)$，并且 $ E_q | p( w, h) |< , E_q | q( h) |< . $ 这些条件排除了未定义的$ - $","equation p( w) = L(q)+ (q( h) \| p( h w) ), equation 其中$ h$汇总隐变量，且 $ L(q)= E_q p( w, h) - E_q q( h). $ 因此$ L(q) p( w)$，等号当且仅当$q$等于精确后验（几乎处处）。",中,符号密度高,"1. 条件：设$0<p( w)< $，联合密度与$q$相对于同一支配测度可测，$q p( h w)$，并且 $ E_q | p( w, h) |< , E_q | q( h) |< . $ 这些条件排除了未定义的$ - $
2. 结论：equation p( w) = L(q)+ (q( h) \| p( h w) ), equation 其中$ h$汇总隐变量，且 $ L(q)= E_q p( w, h) - E_q q( h). $ 因此$ L(q) p( w)$，等号当且仅当$q$等于精确后验（几乎处处）。
3. 证明起点：由$0<p( w)< $与绝对连续性，Bayes等式在$q$几乎处处成立： $ p( h w) = p( w, h)- p( w)$。
4. 逐步写明每个条件在何处被使用，等式变形前核对定义域/维数/正分母。
5. 用一个只破坏单一条件的反例说明边界；最后复述结论而不是只写“证毕”。","设$0<p(\boldsymbol w)<\infty$，联合密度与$q$相对于同一支配测度可测，$q\ll p(\boldsymbol h\mid\boldsymbol w)$，并且
\[
\mathbb E_q\!\left|\log p(\boldsymbol w,\boldsymbol h)\right|<\infty,
\qquad
\mathbb E_q\!\left|\log q(\boldsymbol h)\right|<\infty.
\]
这些条件排除了未定义的$\infty-\infty$。则
\begin{equation}
\log p(\boldsymbol w)
=\mathcal L(q)+
\KL\!\left(q(\boldsymbol h)\,
\middle\|\,p(\boldsymbol h\mid\boldsymbol w)\right),

\end{equation}
其中$\boldsymbol h$汇总隐变量，且
\[
\mathcal L(q)=
\mathbb E_q\log p(\boldsymbol w,\boldsymbol h)
-\mathbb E_q\log q(\boldsymbol h).
\]
因此$\mathcal L(q)\le\log p(\boldsymbol w)$，等号当且仅当$q$等于精确后验（几乎处处）。","由$0<p(\boldsymbol w)<\infty$与绝对连续性，Bayes等式在$q$几乎处处成立：
$\log p(\boldsymbol h\mid\boldsymbol w)
=\log p(\boldsymbol w,\boldsymbol h)-\log p(\boldsymbol w)$。
上述绝对可积条件允许分别积分并整理，不会出现$\infty-\infty$：
\begin{align*}
\KL(q\|p)
&=\mathbb E_q\log q(\boldsymbol h)
-\mathbb E_q\log p(\boldsymbol h\mid\boldsymbol w)\\
&=\log p(\boldsymbol w)-\mathcal L(q).
\end{align*}
KL非负给出下界与等号条件。"
命题,平均场坐标最优形式,prop:V5-C06-mean-field-coordinate,35,潜在狄利克雷分配,折叠Gibbs推断,801,src/讲义源码/第05册_采样方法主题模型与图排序/chapters/V5-C06.tex,676,"固定其他变分因子，令$A(h_j)= E_q_-j p( w, h)$。设$A$关于支配测度$ _j$几乎处处为实值且可测，并且 $ 0<Z_j= e^A(h_j) _j( dh_j)< . $ 再假定 $ e^A(h_j) A(h_j) _j( dh_j)< . $ 则该坐标的正规化最优解存在并满足 equation q_j^*(h_j)= e^A(h_j)Z_j, q_j^*(h_j)=A(h_j)- Z_j, equation 并在$ _j$零测集意义下唯一。","把ELBO中与$q_j$有关的部分记为 $ F(q_j)= q_j(h_j)A(h_j) _j( dh_j) - q_j(h_j) q_j(h_j) _j( dh_j), $ 并只比较满足$q_j q_j^*$、$ q_j A d _j< $且 $ q_j q_j d _j< $的概率密度。新增的加权可积条件给出 $ q_j^* A d _j =Z_j^-1 e^A A d _j< , q_j^* q_j^* d _j< , $ 所以$q_j^*$本身属于比较类，$ F(q_j^*)$不是$ - $。由$ q_j^*=A- Z_j$，逐项代入可得 $ F(q_j^*)- F(q_j) = q_j q_jq_j^* d _j = (q_j\|q_j^*) 0. $ 因此$q_j^*$达到最大值；等号当且仅当$q_j=q_j^*$几乎处处，故最优解唯一。若$Z_j=0$或$Z_j= $，则此正规化坐标更新不存在；即使$0<Z_j< $，若$ e^A A d _j= $，上述两项分开定义的ELBO坐标目标仍可能出现未定义的$ - $，也不能只写“$ e^A$”掩盖该缺口。","固定其他变分因子，令$A(h_j)= E_q_-j p( w, h)$。设$A$关于支配测度$ _j$几乎处处为实值且可测，并且 $ 0<Z_j= e^A(h_j) _j( dh_j)< . $ 再假定 $ e^A(h_j) A(h_j) _j( dh_j)< . $","该坐标的正规化最优解存在并满足 equation q_j^*(h_j)= e^A(h_j)Z_j, q_j^*(h_j)=A(h_j)- Z_j, equation 并在$ _j$零测集意义下唯一。",中,符号密度高,"1. 条件：固定其他变分因子，令$A(h_j)= E_q_-j p( w, h)$。设$A$关于支配测度$ _j$几乎处处为实值且可测，并且 $ 0<Z_j= e^A(h_j) _j( dh_j)< . $ 再假定 $ e^A(h_j) A(h_j) _j( dh_j)< . $
2. 结论：该坐标的正规化最优解存在并满足 equation q_j^*(h_j)= e^A(h_j)Z_j, q_j^*(h_j)=A(h_j)- Z_j, equation 并在$ _j$零测集意义下唯一。
3. 证明起点：把ELBO中与$q_j$有关的部分记为 $ F(q_j)= q_j(h_j)A(h_j) _j( dh_j) - q_j(h_j) q_j(h_j) _j( dh_j), $ 并只比较满足$q_j q_j^*$、$ q_j A d _j< $且 $ q_j q_j d _j< $的概率密度。
4. 逐步写明每个条件在何处被使用，等式变形前核对定义域/维数/正分母。
5. 用一个只破坏单一条件的反例说明边界；最后复述结论而不是只写“证毕”。","固定其他变分因子，令$A(h_j)=\mathbb E_{q_{-j}}\log p(\boldsymbol w,\boldsymbol h)$。设$A$关于支配测度$\mu_j$几乎处处为实值且可测，并且
\[
0<Z_j=\int e^{A(h_j)}\,\mu_j(\mathrm dh_j)<\infty.
\]
再假定
\[
\int e^{A(h_j)}\lvert A(h_j)\rvert\,\mu_j(\mathrm dh_j)<\infty.
\]
则该坐标的正规化最优解存在并满足
\begin{equation}
q_j^*(h_j)=\frac{e^{A(h_j)}}{Z_j},
\qquad
\log q_j^*(h_j)=A(h_j)-\log Z_j,

\end{equation}
并在$\mu_j$零测集意义下唯一。","把ELBO中与$q_j$有关的部分记为
\[
\mathcal F(q_j)=\int q_j(h_j)A(h_j)\,\mu_j(\mathrm dh_j)
-\int q_j(h_j)\log q_j(h_j)\,\mu_j(\mathrm dh_j),
\]
并只比较满足$q_j\ll q_j^*$、$\int q_j\lvert A\rvert\,\mathrm d\mu_j<\infty$且
$\int q_j\lvert\log q_j\rvert\,\mathrm d\mu_j<\infty$的概率密度。新增的加权可积条件给出
\[
\int q_j^*\lvert A\rvert\,\mathrm d\mu_j
=Z_j^{-1}\int e^A\lvert A\rvert\,\mathrm d\mu_j<\infty,
\qquad
\int q_j^*\lvert\log q_j^*\rvert\,\mathrm d\mu_j<\infty,
\]
所以$q_j^*$本身属于比较类，$\mathcal F(q_j^*)$不是$\infty-\infty$。由$\log q_j^*=A-\log Z_j$，逐项代入可得
\[
\mathcal F(q_j^*)-\mathcal F(q_j)
=\int q_j\log\frac{q_j}{q_j^*}\,\mathrm d\mu_j
=\KL(q_j\|q_j^*)\ge0.
\]
因此$q_j^*$达到最大值；等号当且仅当$q_j=q_j^*$几乎处处，故最优解唯一。若$Z_j=0$或$Z_j=\infty$，则此正规化坐标更新不存在；即使$0<Z_j<\infty$，若$\int e^A\lvert A\rvert\,\mathrm d\mu_j=\infty$，上述两项分开定义的ELBO坐标目标仍可能出现未定义的$\infty-\infty$，也不能只写“$\propto e^A$”掩盖该缺口。"
命题,受限变分EM的单调性边界,prop:V5-C06-vem-monotone,35,潜在狄利克雷分配,折叠Gibbs推断,804,src/讲义源码/第05册_采样方法主题模型与图排序/chapters/V5-C06.tex,791,若每个E步和M步都在各自可行域内不降低同一个ELBO，则ELBO序列单调不减； 若其上有界，则ELBO数值收敛。该结论不保证参数达到全局最优，也不保证真实证据在受限平均场E步后等于ELBO。,"记第$t$轮参数为$(q^(t), ^(t))$。坐标E步给出 $ L(q^(t+1), ^(t)) L(q^(t), ^(t)), $ M步给出 $ L(q^(t+1), ^(t+1)) L(q^(t+1), ^(t)). $ 合并即得单调性；单调有界实数列收敛。由于$ Q$通常不含精确后验， 式eq:V5-C06-elbo-identity中的KL间隙可能严格为正；非凸性又允许不同初始化到达不同驻点。",若每个E步和M步都在各自可行域内不降低同一个ELBO,ELBO序列单调不减； 若其上有界，则ELBO数值收敛。该结论不保证参数达到全局最优，也不保证真实证据在受限平均场E步后等于ELBO。,低,陈述与证明结构基本完整,"1. 条件：若每个E步和M步都在各自可行域内不降低同一个ELBO
2. 结论：ELBO序列单调不减； 若其上有界，则ELBO数值收敛。该结论不保证参数达到全局最优，也不保证真实证据在受限平均场E步后等于ELBO。
3. 证明起点：记第$t$轮参数为$(q^(t), ^(t))$。
4. 逐步写明每个条件在何处被使用，等式变形前核对定义域/维数/正分母。
5. 用一个只破坏单一条件的反例说明边界；最后复述结论而不是只写“证毕”。","若每个E步和M步都在各自可行域内不降低同一个ELBO，则ELBO序列单调不减；
若其上有界，则ELBO数值收敛。该结论不保证参数达到全局最优，也不保证真实证据在受限平均场E步后等于ELBO。","记第$t$轮参数为$(q^{(t)},\Theta^{(t)})$。坐标E步给出
\[
\mathcal L(q^{(t+1)},\Theta^{(t)})
\ge\mathcal L(q^{(t)},\Theta^{(t)}),
\]
M步给出
\[
\mathcal L(q^{(t+1)},\Theta^{(t+1)})
\ge\mathcal L(q^{(t+1)},\Theta^{(t)}).
\]
合并即得单调性；单调有界实数列收敛。由于$\mathcal Q$通常不含精确后验，
式\eqref{eq:V5-C06-elbo-identity}中的KL间隙可能严格为正；非凸性又允许不同初始化到达不同驻点。"
定义,网页随机游走矩阵,def:V5-C07-transition,36,PageRank 算法,网页图与随机游走,826,src/讲义源码/第05册_采样方法主题模型与图排序/chapters/V5-C07.tex,214,给定加权有向图，约定$A_ij 0$是边$j i$的权重， $c_j= _i=1^nA_ij$。对$c_j>0$定义 $ M_ij= A_ijc_j; $ 对$c_j=0$暂令$M_ij=0$。若所有$c_j>0$，则$M 0$且 $ 1^ TM= 1^ T$，称$M$为列随机矩阵。 在状态$j$时，游走者以$M_ij$的概率转到$i$。,,给定加权有向图，约定$A_ij 0$是边$j i$的权重， $c_j= _i=1^nA_ij$。对$c_j>0$定义 $ M_ij= A_ijc_j; $ 对$c_j=0$暂令$M_ij=0$。若所有$c_j>0$,$M 0$且 $ 1^ TM= 1^ T$，称$M$为列随机矩阵。 在状态$j$时，游走者以$M_ij$的概率转到$i$。,中,符号密度高,"1. 条件：给定加权有向图，约定$A_ij 0$是边$j i$的权重， $c_j= _i=1^nA_ij$。对$c_j>0$定义 $ M_ij= A_ijc_j; $ 对$c_j=0$暂令$M_ij=0$。若所有$c_j>0$
2. 结论：$M 0$且 $ 1^ TM= 1^ T$，称$M$为列随机矩阵。 在状态$j$时，游走者以$M_ij$的概率转到$i$。
3. 证明起点：该条为定义或当前范围未提供证明。
4. 逐步写明每个条件在何处被使用，等式变形前核对定义域/维数/正分母。
5. 用一个只破坏单一条件的反例说明边界；最后复述结论而不是只写“证毕”。","给定加权有向图，约定$A_{ij}\ge0$是边$j\to i$的权重，
$c_j=\sum_{i=1}^nA_{ij}$。对$c_j>0$定义
\[
M_{ij}=\frac{A_{ij}}{c_j};
\]
对$c_j=0$暂令$M_{ij}=0$。若所有$c_j>0$，则$M\ge0$且
$\boldsymbol1^{\mathsf T}M=\boldsymbol1^{\mathsf T}$，称$M$为列随机矩阵。
在状态$j$时，游走者以$M_{ij}$的概率转到$i$。",
定义,基本PageRank,def:V5-C07-basic,36,PageRank 算法,基本PageRank,823,src/讲义源码/第05册_采样方法主题模型与图排序/chapters/V5-C07.tex,260,"设$M$是网页图的列随机转移矩阵。满足 equation M r= r, r ^n-1 equation 的概率向量称为该随机游走的平稳分布。若它唯一，就把其第$i$个分量$r_i$称为结点$i$的基本PageRank值。",,设$M$是网页图的列随机转移矩阵,"满足 equation M r= r, r ^n-1 equation 的概率向量称为该随机游走的平稳分布。若它唯一，就把其第$i$个分量$r_i$称为结点$i$的基本PageRank值。",中,符号密度高,"1. 条件：设$M$是网页图的列随机转移矩阵
2. 结论：满足 equation M r= r, r ^n-1 equation 的概率向量称为该随机游走的平稳分布。若它唯一，就把其第$i$个分量$r_i$称为结点$i$的基本PageRank值。
3. 证明起点：该条为定义或当前范围未提供证明。
4. 逐步写明每个条件在何处被使用，等式变形前核对定义域/维数/正分母。
5. 用一个只破坏单一条件的反例说明边界；最后复述结论而不是只写“证毕”。","设$M$是网页图的列随机转移矩阵。满足
\begin{equation}
M\boldsymbol r=\boldsymbol r,\qquad
\boldsymbol r\in\Delta^{n-1}

\end{equation}
的概率向量称为该随机游走的平稳分布。若它唯一，就把其第$i$个分量$r_i$称为结点$i$的基本\PageRank{}值。",
命题,列随机矩阵保持概率单纯形,prop:V5-C07-simplex-invariance,36,PageRank 算法,基本PageRank,828,src/讲义源码/第05册_采样方法主题模型与图排序/chapters/V5-C07.tex,270,若$P 0$且$ 1^ TP= 1^ T$，则 $P ^n-1 ^n-1$；并且对任意自然数$k$，$P^k$仍为列随机矩阵。,对$ x ^n-1$，非负性给出$P x 0$，而 $ 1^ TP x= 1^ T x=1$。 再由$ 1^ TP^k=( 1^ TP)P^k-1 = 1^ TP^k-1$归纳得到$P^k$的列和为$1$；矩阵乘积的非负性给出其元素非负。,若$P 0$且$ 1^ TP= 1^ T$,$P ^n-1 ^n-1$；并且对任意自然数$k$，$P^k$仍为列随机矩阵。,中,符号密度高,"1. 条件：若$P 0$且$ 1^ TP= 1^ T$
2. 结论：$P ^n-1 ^n-1$；并且对任意自然数$k$，$P^k$仍为列随机矩阵。
3. 证明起点：对$ x ^n-1$，非负性给出$P x 0$，而 $ 1^ TP x= 1^ T x=1$。
4. 逐步写明每个条件在何处被使用，等式变形前核对定义域/维数/正分母。
5. 用一个只破坏单一条件的反例说明边界；最后复述结论而不是只写“证毕”。","若$P\ge0$且$\boldsymbol1^{\mathsf T}P=\boldsymbol1^{\mathsf T}$，则
$P\Delta^{n-1}\subseteq\Delta^{n-1}$；并且对任意自然数$k$，$P^k$仍为列随机矩阵。","对$\boldsymbol x\in\Delta^{n-1}$，非负性给出$P\boldsymbol x\ge0$，而
$\boldsymbol1^{\mathsf T}P\boldsymbol x=\boldsymbol1^{\mathsf T}\boldsymbol x=1$。
再由$\boldsymbol1^{\mathsf T}P^k=(\boldsymbol1^{\mathsf T}P)P^{k-1}
=\boldsymbol1^{\mathsf T}P^{k-1}$归纳得到$P^k$的列和为$1$；矩阵乘积的非负性给出其元素非负。"
定理,有限不可约非周期链的基本PageRank,thm:V5-C07-basic-convergence,36,PageRank 算法,基本PageRank,828,src/讲义源码/第05册_采样方法主题模型与图排序/chapters/V5-C07.tex,287,若有限状态马尔可夫链的列随机转移矩阵$M$不可约且非周期，则存在唯一 $ r ^n-1$满足$M r= r$，且对任意 $ r^(0) ^n-1$都有 $M^t r^(0) r$。,"有限、不可约且非周期蕴含$M$是本原矩阵：存在正整数$q$使$M^q$的所有元素严格为正。 令$ = _i,j(M^q)_ij>0$、$ =n (0,1]$，并记 $U= 1 1^ T/n$。若$ <1$，可写 $M^q= U+(1- )Q$，其中$Q$非负列随机；若$ =1$则$M^q=U$。 对概率向量$ x, y$，有$U( x- y)=0$，故 $ \|M^q x-M^q y\|_1 (1- )\| x- y\|_1. $ 于是$M^q$在完备的概率单纯形上是严格压缩，存在唯一不动点$ r$，且 $M^qk x r$。又因$M r$也是$M^q$的不动点，唯一性给出 $M r= r$。对$0 s<q$， $M^qk+s x=M^s(M^qk x) M^s r= r$， 从而整个序列收敛。任一$M$的平稳分布也是$M^q$的不动点，故平稳分布唯一。",若有限状态马尔可夫链的列随机转移矩阵$M$不可约且非周期,存在唯一 $ r ^n-1$满足$M r= r$，且对任意 $ r^(0) ^n-1$都有 $M^t r^(0) r$。,中,符号密度高,"1. 条件：若有限状态马尔可夫链的列随机转移矩阵$M$不可约且非周期
2. 结论：存在唯一 $ r ^n-1$满足$M r= r$，且对任意 $ r^(0) ^n-1$都有 $M^t r^(0) r$。
3. 证明起点：有限、不可约且非周期蕴含$M$是本原矩阵：存在正整数$q$使$M^q$的所有元素严格为正。
4. 逐步写明每个条件在何处被使用，等式变形前核对定义域/维数/正分母。
5. 用一个只破坏单一条件的反例说明边界；最后复述结论而不是只写“证毕”。","若有限状态马尔可夫链的列随机转移矩阵$M$不可约且非周期，则存在唯一
$\boldsymbol r\in\Delta^{n-1}$满足$M\boldsymbol r=\boldsymbol r$，且对任意
$\boldsymbol r^{(0)}\in\Delta^{n-1}$都有
$M^t\boldsymbol r^{(0)}\to\boldsymbol r$。","有限、不可约且非周期蕴含$M$是本原矩阵：存在正整数$q$使$M^q$的所有元素严格为正。
令$\delta=\min_{i,j}(M^q)_{ij}>0$、$\alpha=n\delta\in(0,1]$，并记
$U=\boldsymbol1\boldsymbol1^{\mathsf T}/n$。若$\alpha<1$，可写
$M^q=\alpha U+(1-\alpha)Q$，其中$Q$非负列随机；若$\alpha=1$则$M^q=U$。
对概率向量$\boldsymbol x,\boldsymbol y$，有$U(\boldsymbol x-\boldsymbol y)=0$，故
\[
\|M^q\boldsymbol x-M^q\boldsymbol y\|_1
\le(1-\alpha)\|\boldsymbol x-\boldsymbol y\|_1.
\]
于是$M^q$在完备的概率单纯形上是严格压缩，存在唯一不动点$\boldsymbol r$，且
$M^{qk}\boldsymbol x\to\boldsymbol r$。又因$M\boldsymbol r$也是$M^q$的不动点，唯一性给出
$M\boldsymbol r=\boldsymbol r$。对$0\le s<q$，
$M^{qk+s}\boldsymbol x=M^s(M^{qk}\boldsymbol x)\to M^s\boldsymbol r=\boldsymbol r$，
从而整个序列收敛。任一$M$的平稳分布也是$M^q$的不动点，故平稳分布唯一。"
命题,基本PageRank的入链平衡,prop:V5-C07-inbound-balance,36,PageRank 算法,基本PageRank,829,src/讲义源码/第05册_采样方法主题模型与图排序/chapters/V5-C07.tex,350,在无悬挂结点的非加权图中，式eq:V5-C07-inbound化为 $r_i= _j:j ir_j/c_j$。每个来源$j$把自身质量$r_j$等分给$c_j$条出链， 而结点$i$累加全部入链贡献。,"非加权图有$A_ij \0,1\$。固定$i$，矩阵乘法只保留满足$A_ij=1$的列$j$， 每个保留项为$(1/c_j)r_j$，逐项相加即得结论。",见原陈述中的对象与前提,见原陈述中的结论,高,符号密度高；证明过短，关键变形或条件使用位置不醒目；证明路线提示不足,"1. 条件：见原陈述中的对象与前提
2. 结论：见原陈述中的结论
3. 证明起点：非加权图有$A_ij \0,1\$。
4. 逐步写明每个条件在何处被使用，等式变形前核对定义域/维数/正分母。
5. 用一个只破坏单一条件的反例说明边界；最后复述结论而不是只写“证毕”。","在无悬挂结点的非加权图中，式\eqref{eq:V5-C07-inbound}化为
$r_i=\sum_{j:j\to i}r_j/c_j$。每个来源$j$把自身质量$r_j$等分给$c_j$条出链，
而结点$i$累加全部入链贡献。","非加权图有$A_{ij}\in\{0,1\}$。固定$i$，矩阵乘法只保留满足$A_{ij}=1$的列$j$，
每个保留项为$(1/c_j)r_j$，逐项相加即得结论。"
定义,一般PageRank矩阵与向量,def:V5-C07-google,36,PageRank 算法,一般PageRank与阻尼,831,src/讲义源码/第05册_采样方法主题模型与图排序/chapters/V5-C07.tex,404,"给定式eq:V5-C07-dangling-repair的$S$、概率向量$ v ^n-1$和 $0 d<1$，称式eq:V5-C07-google-matrix的$G$为一般PageRank转移矩阵。 若概率向量$ r$满足 equation r=G r =dS r+(1-d) v, r ^n-1 equation 则称$ r$为一般PageRank向量。其存在性与解集大小由下节定理 thm:V5-C07-contraction建立。",,"给定式eq:V5-C07-dangling-repair的$S$、概率向量$ v ^n-1$和 $0 d<1$，称式eq:V5-C07-google-matrix的$G$为一般PageRank转移矩阵。 若概率向量$ r$满足 equation r=G r =dS r+(1-d) v, r ^n-1 equation",称$ r$为一般PageRank向量。其存在性与解集大小由下节定理 thm:V5-C07-contraction建立。,中,符号密度高,"1. 条件：给定式eq:V5-C07-dangling-repair的$S$、概率向量$ v ^n-1$和 $0 d<1$，称式eq:V5-C07-google-matrix的$G$为一般PageRank转移矩阵。 若概率向量$ r$满足 equation r=G r =dS r+(1-d) v, r ^n-1 equation
2. 结论：称$ r$为一般PageRank向量。其存在性与解集大小由下节定理 thm:V5-C07-contraction建立。
3. 证明起点：该条为定义或当前范围未提供证明。
4. 逐步写明每个条件在何处被使用，等式变形前核对定义域/维数/正分母。
5. 用一个只破坏单一条件的反例说明边界；最后复述结论而不是只写“证毕”。","给定式\eqref{eq:V5-C07-dangling-repair}的$S$、概率向量$\boldsymbol v\in\Delta^{n-1}$和
$0\le d<1$，称式\eqref{eq:V5-C07-google-matrix}的$G$为一般\PageRank{}转移矩阵。
若概率向量$\boldsymbol r$满足
\begin{equation}
\boldsymbol r=G\boldsymbol r
=dS\boldsymbol r+(1-d)\boldsymbol v,\qquad
\boldsymbol r\in\Delta^{n-1}

\end{equation}
则称$\boldsymbol r$为一般\PageRank{}向量。其存在性与解集大小由下节定理
\ref{thm:V5-C07-contraction}建立。",
命题,阻尼矩阵的随机性与正性,prop:V5-C07-google-positive,36,PageRank 算法,一般PageRank与阻尼,831,src/讲义源码/第05册_采样方法主题模型与图排序/chapters/V5-C07.tex,418,按上述次序先修复悬挂列再构造$G$，则对任意概率向量$ v$，$G$都是非负列随机矩阵； 若额外有$ v>0$，则 $G_ij (1-d)v_i>0$，因而$G$严格正。,$S$和$ v 1^ T$都非负且每列和为$1$， 其凸组合$G$仍非负且每列和为$d+(1-d)=1$。 又因$S_ij 0$与$1-d>0$，当$v_i>0$时给定严格正下界成立； $v_i=0$时不保证该行所有元素为正，但不影响列随机性。,按上述次序先修复悬挂列再构造$G$,对任意概率向量$ v$，$G$都是非负列随机矩阵； 若额外有$ v>0$，则 $G_ij (1-d)v_i>0$，因而$G$严格正。,中,符号密度高；证明路线提示不足,"1. 条件：按上述次序先修复悬挂列再构造$G$
2. 结论：对任意概率向量$ v$，$G$都是非负列随机矩阵； 若额外有$ v>0$，则 $G_ij (1-d)v_i>0$，因而$G$严格正。
3. 证明起点：$S$和$ v 1^ T$都非负且每列和为$1$， 其凸组合$G$仍非负且每列和为$d+(1-d)=1$。
4. 逐步写明每个条件在何处被使用，等式变形前核对定义域/维数/正分母。
5. 用一个只破坏单一条件的反例说明边界；最后复述结论而不是只写“证毕”。","按上述次序先修复悬挂列再构造$G$，则对任意概率向量$\boldsymbol v$，$G$都是非负列随机矩阵；
若额外有$\boldsymbol v>0$，则
$G_{ij}\ge(1-d)v_i>0$，因而$G$严格正。","$S$和$\boldsymbol v\boldsymbol1^{\mathsf T}$都非负且每列和为$1$，
其凸组合$G$仍非负且每列和为$d+(1-d)=1$。
又因$S_{ij}\ge0$与$1-d>0$，当$v_i>0$时给定严格正下界成立；
$v_i=0$时不保证该行所有元素为正，但不影响列随机性。"
定义,平稳排名与主特征向量,def:V5-C07-stationary-pr,36,PageRank 算法,平稳分布与主特征向量,832,src/讲义源码/第05册_采样方法主题模型与图排序/chapters/V5-C07.tex,440,对列随机矩阵$P$，概率向量$ r$若满足$P r= r$， 就称为平稳排名。它是特征值$1$的右特征向量；“排名”还要求用 $ 1^ T r=1$固定尺度，不能把任意倍数当作概率分布。,,见原陈述中的对象与前提,见原陈述中的结论,中,符号密度高,"1. 条件：见原陈述中的对象与前提
2. 结论：见原陈述中的结论
3. 证明起点：该条为定义或当前范围未提供证明。
4. 逐步写明每个条件在何处被使用，等式变形前核对定义域/维数/正分母。
5. 用一个只破坏单一条件的反例说明边界；最后复述结论而不是只写“证毕”。","对列随机矩阵$P$，概率向量$\boldsymbol r$若满足$P\boldsymbol r=\boldsymbol r$，
就称为平稳排名。它是特征值$1$的右特征向量；“排名”还要求用
$\boldsymbol1^{\mathsf T}\boldsymbol r=1$固定尺度，不能把任意倍数当作概率分布。",
定理,一般PageRank的唯一性与几何收敛,thm:V5-C07-contraction,36,PageRank 算法,平稳分布与主特征向量,832,src/讲义源码/第05册_采样方法主题模型与图排序/chapters/V5-C07.tex,446,设$S$非负列随机，$ v 0$且$ 1^ T v=1$， $0 d<1$。映射$T( x)=dS x+(1-d) v$ 在$ ^n-1$上有唯一不动点$ r$，且对任意初始概率向量 equation \| r^(t)- r\|_1 d^t\| r^(0)- r\|_1. equation,"命题prop:V5-C07-simplex-invariance说明$T$把概率单纯形映回自身。 对任意$ x, y ^n-1$， $ \|T( x)-T( y)\|_1 =d\|S( x- y)\|_1 d\|S\|_1\| x- y\|_1 =d\| x- y\|_1. $ 当$d<1$时这是严格压缩；完备性与压缩映射定理给出唯一不动点。 对上式反复应用$t$次即得式eq:V5-C07-geometric-bound。",设$S$非负列随机，$ v 0$且$ 1^ T v=1$， $0 d<1$,映射$T( x)=dS x+(1-d) v$ 在$ ^n-1$上有唯一不动点$ r$，且对任意初始概率向量 equation \| r^(t)- r\|_1 d^t\| r^(0)- r\|_1. equation,中,符号密度高；证明路线提示不足,"1. 条件：设$S$非负列随机，$ v 0$且$ 1^ T v=1$， $0 d<1$
2. 结论：映射$T( x)=dS x+(1-d) v$ 在$ ^n-1$上有唯一不动点$ r$，且对任意初始概率向量 equation \| r^(t)- r\|_1 d^t\| r^(0)- r\|_1. equation
3. 证明起点：命题prop:V5-C07-simplex-invariance说明$T$把概率单纯形映回自身。
4. 逐步写明每个条件在何处被使用，等式变形前核对定义域/维数/正分母。
5. 用一个只破坏单一条件的反例说明边界；最后复述结论而不是只写“证毕”。","设$S$非负列随机，$\boldsymbol v\ge0$且$\boldsymbol1^{\mathsf T}\boldsymbol v=1$，
$0\le d<1$。映射$T(\boldsymbol x)=dS\boldsymbol x+(1-d)\boldsymbol v$
在$\Delta^{n-1}$上有唯一不动点$\boldsymbol r$，且对任意初始概率向量
\begin{equation}
\|\boldsymbol r^{(t)}-\boldsymbol r\|_1
\le d^t\|\boldsymbol r^{(0)}-\boldsymbol r\|_1.

\end{equation}","命题\ref{prop:V5-C07-simplex-invariance}说明$T$把概率单纯形映回自身。
对任意$\boldsymbol x,\boldsymbol y\in\Delta^{n-1}$，
\[
\|T(\boldsymbol x)-T(\boldsymbol y)\|_1
=d\|S(\boldsymbol x-\boldsymbol y)\|_1
\le d\|S\|_1\|\boldsymbol x-\boldsymbol y\|_1
=d\|\boldsymbol x-\boldsymbol y\|_1.
\]
当$d<1$时这是严格压缩；完备性与压缩映射定理给出唯一不动点。
对上式反复应用$t$次即得式\eqref{eq:V5-C07-geometric-bound}。"
命题,代数表示与迭代残差证书,prop:V5-C07-linear-residual,36,PageRank 算法,平稳分布与主特征向量,833,src/讲义源码/第05册_采样方法主题模型与图排序/chapters/V5-C07.tex,504,在$0 d<1$时，$I-dS$可逆，且 equation r=(1-d) _k=0^ d^kS^k v. equation 若$ r^(t+1)=T( r^(t))$且 $ _t=\| r^(t+1)- r^(t)\|_1$，则 equation \| r^(t+1)- r\|_1 d1-d _t 11-d _t. equation,列随机性给出$ (S) \|S\|_1=1$，故$ (dS)<1$。 Neumann级数$ _k 0(dS)^k$绝对收敛并等于$(I-dS)^-1$，从而得到 式eq:V5-C07-neumann。再由压缩性，后续步长满足 $ _t+j d^j _t$。极限存在且为$ r$，于是 $ \| r^(t+1)- r\|_1 _j=1^ _t+j _j=1^ d^j _t = d1-d _t. $ 最后一个较松界由$d 1$得到。,在$0 d<1$时，$I-dS$可逆，且 equation r=(1-d) _k=0^ d^kS^k v. equation 若$ r^(t+1)=T( r^(t))$且 $ _t=\| r^(t+1)- r^(t)\|_1$,equation \| r^(t+1)- r\|_1 d1-d _t 11-d _t. equation,中,符号密度高,"1. 条件：在$0 d<1$时，$I-dS$可逆，且 equation r=(1-d) _k=0^ d^kS^k v. equation 若$ r^(t+1)=T( r^(t))$且 $ _t=\| r^(t+1)- r^(t)\|_1$
2. 结论：equation \| r^(t+1)- r\|_1 d1-d _t 11-d _t. equation
3. 证明起点：列随机性给出$ (S) \|S\|_1=1$，故$ (dS)<1$。
4. 逐步写明每个条件在何处被使用，等式变形前核对定义域/维数/正分母。
5. 用一个只破坏单一条件的反例说明边界；最后复述结论而不是只写“证毕”。","在$0\le d<1$时，$I-dS$可逆，且
\begin{equation}
\boldsymbol r=(1-d)\sum_{k=0}^{\infty}d^kS^k\boldsymbol v.

\end{equation}
若$\boldsymbol r^{(t+1)}=T(\boldsymbol r^{(t)})$且
$\delta_t=\|\boldsymbol r^{(t+1)}-\boldsymbol r^{(t)}\|_1$，则
\begin{equation}
\|\boldsymbol r^{(t+1)}-\boldsymbol r\|_1
\le\frac{d}{1-d}\delta_t
\le\frac{1}{1-d}\delta_t.

\end{equation}","列随机性给出$\rho(S)\le\|S\|_1=1$，故$\rho(dS)<1$。
Neumann级数$\sum_{k\ge0}(dS)^k$绝对收敛并等于$(I-dS)^{-1}$，从而得到
式\eqref{eq:V5-C07-neumann}。再由压缩性，后续步长满足
$\delta_{t+j}\le d^j\delta_t$。极限存在且为$\boldsymbol r$，于是
\[
\|\boldsymbol r^{(t+1)}-\boldsymbol r\|_1
\le\sum_{j=1}^{\infty}\delta_{t+j}
\le\sum_{j=1}^{\infty}d^j\delta_t
=\frac{d}{1-d}\delta_t.
\]
最后一个较松界由$d\le1$得到。"
定义,本讲义的无监督学习工作框架,def:V5-C08-specification,37,无监督学习方法总结,聚类、降维、主题模型与采样的联系,853,src/讲义源码/第05册_采样方法主题模型与图排序/chapters/V5-C08.tex,217,"这是本讲义为阅读、复现和比较方法采用的工作性约定，不是学界统一定义。 一个可核验的无监督学习规格记为 $ U=( X, T, R,J, A, E, B). $ 其中$ X$是观测空间，$ T$是任务与输出语义，$ R$是表示族， $J$是训练准则，$ A$是求解或推断过程，$ E$是独立评价协议， $ B$是时间、内存和失败预算。只有七项共同确定，方法比较才有明确对象。",,"这是本讲义为阅读、复现和比较方法采用的工作性约定，不是学界统一定义。 一个可核验的无监督学习规格记为 $ U=( X, T, R,J, A, E, B). $ 其中$ X$是观测空间，$ T$是任务与输出语义，$ R$是表示族， $J$是训练准",，$ A$是求解或推断过程，$ E$是独立评价协议， $ B$是时间、内存和失败预算。只有七项共同确定，方法比较才有明确对象。,中,符号密度高,"1. 条件：这是本讲义为阅读、复现和比较方法采用的工作性约定，不是学界统一定义。 一个可核验的无监督学习规格记为 $ U=( X, T, R,J, A, E, B). $ 其中$ X$是观测空间，$ T$是任务与输出语义，$ R$是表示族， $J$是训练准
2. 结论：，$ A$是求解或推断过程，$ E$是独立评价协议， $ B$是时间、内存和失败预算。只有七项共同确定，方法比较才有明确对象。
3. 证明起点：该条为定义或当前范围未提供证明。
4. 逐步写明每个条件在何处被使用，等式变形前核对定义域/维数/正分母。
5. 用一个只破坏单一条件的反例说明边界；最后复述结论而不是只写“证毕”。","这是本讲义为阅读、复现和比较方法采用的工作性约定，不是学界统一定义。
一个可核验的无监督学习规格记为
\[
\mathfrak U=(\mathcal X,\mathcal T,\mathcal R,J,\mathcal A,\mathcal E,\mathcal B).
\]
其中$\mathcal X$是观测空间，$\mathcal T$是任务与输出语义，$\mathcal R$是表示族，
$J$是训练准则，$\mathcal A$是求解或推断过程，$\mathcal E$是独立评价协议，
$\mathcal B$是时间、内存和失败预算。只有七项共同确定，方法比较才有明确对象。",
命题,泊松负对数似然与广义KL等价,prop:V5-C08-poisson-kl,37,无监督学习方法总结,矩阵分解与概率模型比较,855,src/讲义源码/第05册_采样方法主题模型与图排序/chapters/V5-C08.tex,345,在上述计数、正值和有限性条件下，关于$ $最小化泊松负对数似然， 等价于最小化$D_gKL( N )$。,"逐元素相减得到 $ \- p(n_ij _ij)\ -\n_ij (n_ij/ _ij)-n_ij+ _ij\ = (n_ij!)-n_ij n_ij+n_ij, $ 其中$n_ij=0$时按$0 0=0$解释；这同时覆盖$ _ij=0$的零--零分支。右端不含$ _ij$，对所有可行 $ $都是同一常数；因此两个目标的大小只差常数，极小点集合相同。 若正计数位置取$ _ij=0$，两目标都为正无穷，该点不属于有限目标域，结论仍与定义域一致。",见原陈述中的对象与前提,见原陈述中的结论,低,陈述与证明结构基本完整,"1. 条件：见原陈述中的对象与前提
2. 结论：见原陈述中的结论
3. 证明起点：逐元素相减得到 $ \- p(n_ij _ij)\ -\n_ij (n_ij/ _ij)-n_ij+ _ij\ = (n_ij!
4. 逐步写明每个条件在何处被使用，等式变形前核对定义域/维数/正分母。
5. 用一个只破坏单一条件的反例说明边界；最后复述结论而不是只写“证毕”。","在上述计数、正值和有限性条件下，关于$\boldsymbol\Lambda$最小化泊松负对数似然，
等价于最小化$D_{\mathrm{gKL}}(\boldsymbol N\Vert\boldsymbol\Lambda)$。","逐元素相减得到
\[
\{-\log p(n_{ij}\mid\lambda_{ij})\}
-\{n_{ij}\log(n_{ij}/\lambda_{ij})-n_{ij}+\lambda_{ij}\}
=\log(n_{ij}!)-n_{ij}\log n_{ij}+n_{ij},
\]
其中$n_{ij}=0$时按$0\log0=0$解释；这同时覆盖$\lambda_{ij}=0$的零--零分支。右端不含$\lambda_{ij}$，对所有可行
$\boldsymbol\Lambda$都是同一常数；因此两个目标的大小只差常数，极小点集合相同。
若正计数位置取$\lambda_{ij}=0$，两目标都为正无穷，该点不属于有限目标域，结论仍与定义域一致。"
命题,附加约束不会改进同一损失的无约束下界,prop:V5-C08-feasible-inclusion,37,无监督学习方法总结,矩阵分解与概率模型比较,856,src/讲义源码/第05册_采样方法主题模型与图排序/chapters/V5-C08.tex,384,"设$ F_c F$，且损失 $ J: F R \+ \$满足 $- < _ F J<+ $。则 $ _( W, H) F_c J _( W, H) F J. $","右端是$ J$在更大集合$ F$上的共同下界，所以对每个 $( W, H) F_c$都有 $ J( W, H) _ F J$。 再对左侧所有可行点取下确界，保持该不等式。",设$ F_c F$，且损失 $ J: F R \+ \$满足 $- < _ F J<+ $,"$ _( W, H) F_c J _( W, H) F J. $",高,符号密度高；证明过短，关键变形或条件使用位置不醒目；证明路线提示不足,"1. 条件：设$ F_c F$，且损失 $ J: F R \+ \$满足 $- < _ F J<+ $
2. 结论：$ _( W, H) F_c J _( W, H) F J. $
3. 证明起点：右端是$ J$在更大集合$ F$上的共同下界，所以对每个 $( W, H) F_c$都有 $ J( W, H) _ F J$。
4. 逐步写明每个条件在何处被使用，等式变形前核对定义域/维数/正分母。
5. 用一个只破坏单一条件的反例说明边界；最后复述结论而不是只写“证毕”。","设$\varnothing\ne\mathcal F_c\subseteq\mathcal F$，且损失
$\mathcal J:\mathcal F\to\mathbb R\cup\{+\infty\}$满足
$-\infty<\inf_{\mathcal F}\mathcal J<+\infty$。则
\[
\inf_{(\boldsymbol W,\boldsymbol H)\in\mathcal F_c}\mathcal J
\ge
\inf_{(\boldsymbol W,\boldsymbol H)\in\mathcal F}\mathcal J.
\]","右端是$\mathcal J$在更大集合$\mathcal F$上的共同下界，所以对每个
$(\boldsymbol W,\boldsymbol H)\in\mathcal F_c$都有
$\mathcal J(\boldsymbol W,\boldsymbol H)\ge\inf_{\mathcal F}\mathcal J$。
再对左侧所有可行点取下确界，保持该不等式。"
命题,独立测试均值对已锁定模型条件无偏,prop:V5-C08-test-unbiased,37,无监督学习方法总结,矩阵分解与概率模型比较,858,src/讲义源码/第05册_采样方法主题模型与图排序/chapters/V5-C08.tex,493,"设$ D_dev$包含训练与验证信息， $ f$是其可测函数；测试样本$Z_1, ,Z_m$在给定 $ D_dev$后仍独立同分布于目标分布$P$，且 $ ( f,Z)$可积，并定义 $R( f):= E_Z P[ ( f,Z)]$。则 $ E =R( f), R_test= 1m _s=1^m ( f,Z_s). $","给定$ D_dev$后，$ f$固定，而每个$Z_s$仍服从$P$。 可积性允许交换有限求和与条件期望，因此 $ E[ R_test D_dev] = 1m _s=1^m E_Z P[ ( f,Z)] =R( f). $ 若测试结果参与候选选择，$ f$不再只由$ D_dev$决定，上述条件独立结构被破坏。","设$ D_dev$包含训练与验证信息， $ f$是其可测函数；测试样本$Z_1, ,Z_m$在给定 $ D_dev$后仍独立同分布于目标分布$P$，且 $ ( f,Z)$可积，并定义 $R( f):= E_Z P[ ( f,Z)]$","$ E =R( f), R_test= 1m _s=1^m ( f,Z_s). $",中,符号密度高,"1. 条件：设$ D_dev$包含训练与验证信息， $ f$是其可测函数；测试样本$Z_1, ,Z_m$在给定 $ D_dev$后仍独立同分布于目标分布$P$，且 $ ( f,Z)$可积，并定义 $R( f):= E_Z P[ ( f,Z)]$
2. 结论：$ E =R( f), R_test= 1m _s=1^m ( f,Z_s). $
3. 证明起点：给定$ D_dev$后，$ f$固定，而每个$Z_s$仍服从$P$。
4. 逐步写明每个条件在何处被使用，等式变形前核对定义域/维数/正分母。
5. 用一个只破坏单一条件的反例说明边界；最后复述结论而不是只写“证毕”。","设$\mathcal D_{\mathrm{dev}}$包含训练与验证信息，
$\widehat f$是其可测函数；测试样本$Z_1,\ldots,Z_m$在给定
$\mathcal D_{\mathrm{dev}}$后仍独立同分布于目标分布$P$，且
$\ell(\widehat f,Z)$可积，并定义
$R(\widehat f):=\mathbb E_{Z\sim P}[\ell(\widehat f,Z)]$。则
\[
\mathbb E\!\left[\widehat R_{\mathrm{test}}\mid\mathcal D_{\mathrm{dev}}\right]
=R(\widehat f),\qquad
\widehat R_{\mathrm{test}}=\frac1m\sum_{s=1}^m\ell(\widehat f,Z_s).
\]","给定$\mathcal D_{\mathrm{dev}}$后，$\widehat f$固定，而每个$Z_s$仍服从$P$。
可积性允许交换有限求和与条件期望，因此
\[
\mathbb E[\widehat R_{\mathrm{test}}\mid\mathcal D_{\mathrm{dev}}]
=\frac1m\sum_{s=1}^m
\mathbb E_{Z\sim P}[\ell(\widehat f,Z)]
=R(\widehat f).
\]
若测试结果参与候选选择，$\widehat f$不再只由$\mathcal D_{\mathrm{dev}}$决定，上述条件独立结构被破坏。"
