This is LuaHBTeX, Version 1.24.0 (TeX Live 2026)  (format=lualatex 2026.7.16)  24 AUG 2026 22:08
 restricted system commands enabled.
 file:line:error style messages enabled.
**main.tex
(./main.tex
LaTeX2e <2025-11-01>
L3 programming layer <2026-01-19>
Lua module: luaotfload 2024-12-03 v3.29 Lua based OpenType font support
Lua module: lualibs 2023-07-13 v2.76 ConTeXt Lua standard libraries.
Lua module: lualibs-extended 2023-07-13 v2.76 ConTeXt Lua libraries -- extended 
collection.
luaotfload | conf : Root cache directory is "C:/Users/ASUS/AppData/Local/Temp/st
atlearn-v2.7.0-texmf-cache/luatex-cache/generic/names".
luaotfload | init : Loading fontloader "fontloader-2023-12-28.lua" from kpse-res
olved path "d:/texlive/2026/texmf-dist/tex/luatex/luaotfload/fontloader-2023-12-
28.lua".
Lua-only attribute luaotfload@noligature = 1
luaotfload | init : Context OpenType loader version 3.134
Inserting `luaotfload.node_processor' in `pre_linebreak_filter'.
Inserting `luaotfload.node_processor' in `hpack_filter'.
Inserting `luaotfload.glyph_stream' in `glyph_stream_provider'.
Inserting `luaotfload.define_font' in `define_font'.
Lua-only attribute luaotfload_color_attribute = 2
luaotfload | conf : Root cache directory is "C:/Users/ASUS/AppData/Local/Temp/st
atlearn-v2.7.0-texmf-cache/luatex-cache/generic/names".
Inserting `luaotfload.harf.strip_prefix' in `find_opentype_file'.
Inserting `luaotfload.harf.strip_prefix' in `find_truetype_file'.
Removing  `luaotfload.glyph_stream' from `glyph_stream_provider'.
Inserting `luaotfload.harf.glyphstream' in `glyph_stream_provider'.
Inserting `luaotfload.harf.finalize_vlist' in `post_linebreak_filter'.
Inserting `luaotfload.harf.finalize_hlist' in `hpack_filter'.
Inserting `luaotfload.cleanup_files' in `wrapup_run'.
Inserting `luaotfload.harf.finalize_unicode' in `finish_pdffile'.
Inserting `luaotfload.glyphinfo' in `glyph_info'.
Lua-only attribute luaotfload.letterspace_done = 3
Inserting `luaotfload.aux.set_sscale_dimens' in `luaotfload.patch_font'.
Inserting `luaotfload.aux.set_font_index' in `luaotfload.patch_font'.
Inserting `luaotfload.aux.patch_cambria_domh' in `luaotfload.patch_font'.
Inserting `luaotfload.aux.fixup_fontdata' in `luaotfload.patch_font_unsafe'.
Inserting `luaotfload.aux.set_capheight' in `luaotfload.patch_font'.
Inserting `luaotfload.aux.set_xheight' in `luaotfload.patch_font'.
Inserting `luaotfload.rewrite_fontname' in `luaotfload.patch_font'.
Inserting `tracingstacklevels' in `input_level_string'. (d:/texlive/2026/texmf-
dist/tex/latex/latex-lab/documentmetadata-support.ltx
(d:/texlive/2026/texmf-dist/tex/latex/pdfmanagement-testphase/pdfmanagement-tes
tphase.sty
Package: pdfmanagement-testphase 2026-01-23 v0.96y LaTeX PDF management bundle
 (d:/texlive/2026/texmf-dist/tex/latex/tagpdf/tagpdf-base.sty
Package: tagpdf-base 2026-01-29 v0.99y part of tagpdf - provide base, no-op ver
sions of the user commands 
\c@g__tag_MCID_abs_int=\count273
\c@g__tag_struct_abs_int=\count274
)
(d:/texlive/2026/texmf-dist/tex/latex/pdfmanagement-testphase/pdfmanagement.ltx
File: pdfmanagement.ltx 2026-01-23 v0.96y PDF management code
\g__pdfmanagement_EmbeddedFiles_int=\count275
\l__pdfmeta_xmp_indent_int=\count276
\g_pdffile_embed_pdfa_int=\count277
\g_pdffile_embed_nonpdfa_int=\count278
))) (d:/texlive/2026/texmf-dist/tex/latex/l3backend/l3backend-luatex.def
File: l3backend-luatex.def 2025-10-09 L3 backend support: PDF output (LuaTeX)
\l__color_backend_stack_int=\count279
Inserting `l3color' in `luaotfload.parse_color'.
Inserting `l3opacity' in `luaotfload.parse_transparent'.)
(d:/texlive/2026/texmf-dist/tex/latex/pdfmanagement-testphase/l3backend-testpha
se-luatex.def
File: l3backend-testphase-luatex.def 2026-01-23 v0.96y LaTeX PDF management bun
dle backend support:PDFoutput(LuaTeX)
\l__pdf_backend_tmpa_box=\box53
\l__pdf_backend_tmpb_box=\box54
\g__pdf_backend_resourceid_int=\count280
\g__pdf_backend_name_int=\count281
\g__pdf_backend_page_int=\count282
Custom whatsit pdf_link_adjust_level = 1
Inserting `linksplit' in `pre_shipout_filter'.
Lua function pdflinkadjustlevel = 31)
(d:/texlive/2026/texmf-dist/tex/latex/latex-lab/latex-lab-testphase-latest.sty
Package: latex-lab-testphase-latest 2025-09-13 v0.1d latex-lab modules

(d:/texlive/2026/texmf-dist/tex/latex/tagpdf/tagpdf.sty
Package: tagpdf 2026-01-29 v0.99y  LaTeX kernel code for PDF tagging 
\l__tag_tmpa_int=\count283
\l__tag_tmpa_box=\box55
\l__tag_tmpb_box=\box56
\l__tag_loglevel_int=\count284
\g__tag_unique_cnt_int=\count285
\l__tag_tag_stop_int=\count286

(d:/texlive/2026/texmf-dist/tex/latex/tagpdf/tagpdf-luatex.def
File: tagpdf-luatex.def 2026-01-29 v0.99y tagpdf driver for luatex
luaotfload | db : Font names database loaded from C:/Users/ASUS/AppData/Local/Te
mp/statlearn-v2.7.0-texmf-cache/luatex-cache/generic/names/luaotfload-names.luc.
gz
Lua module: tagpdf 2026-01-29 v0.99y tagpdf lua code
Lua-only attribute g__tag_mc_type_attr = 4
Lua-only attribute g__tag_mc_cnt_attr = 5
Lua-only attribute g__tag_structnum_attr = 6
Lua-only attribute g__tag_interwordspaceOff_attr = 7
Lua-only attribute g__tag_interwordspace_attr = 8
Lua-only attribute g__tag_interwordfont_attr = 9
Lua-only attribute l__tag_softhyphen_attr = 10
Inserting `tagpdf.rewrite-softhyphen' in `pre_shaping_filter'.
Inserting `tagpdf.rewrite-softhyphen' in `post_shaping_filter'.
Inserting `tagpdf' in `linksplit'.)
(d:/texlive/2026/texmf-dist/tex/latex/tagpdf/tagpdf-mc-code-lua.sty
Package: tagpdf-mc-code-lua 2026-01-29 v0.99y tagpdf - mc code only for the lua
mode 
)
\g__tag_tree_id_pad_int=\count287
\c@g__tag_parenttree_obj_int=\count288

Package tagpdf Info: reading namespace definitions tagpdf-ns-pdf.def


Package tagpdf Info: reading namespace definitions tagpdf-ns-pdf2.def


Package tagpdf Info: reading namespace definitions tagpdf-ns-mathml.def


Package tagpdf Info: reading namespace definitions tagpdf-ns-latex-book.def


Package tagpdf Info: reading namespace definitions tagpdf-ns-latex.def


Package tagpdf Info: reading namespace definitions tagpdf-ns-latex-lab.def


Package tagpdf Info: reading namespace definitions tagpdf-ns-pdf.def


Package tagpdf Info: reading namespace definitions tagpdf-ns-pdf2.def

\g__tag_struct_AFobj_int=\count289
\g__tag_para_begin_int=\count290
\g__tag_para_end_int=\count291
\g__tag_para_main_begin_int=\count292
\g__tag_para_main_end_int=\count293
)
(d:/texlive/2026/texmf-dist/tex/latex/latex-lab/latex-lab-testphase-names.sty
Package: latex-lab-testphase-names 2025-08-14 v0.8f Code related to the names o
f tags
)
(d:/texlive/2026/texmf-dist/tex/latex/latex-lab/latex-lab-testphase-new-or-2.st
y
Package: latex-lab-testphase-new-or-2 2025-05-10 v0.86d Changes to the output r
outine
 (d:/texlive/2026/texmf-dist/tex/latex/latex-lab/latex-lab-footnotes.ltx
File: latex-lab-footnotes.ltx 2025-07-04 v0.8o changes to the footnote interfac
es
\footnotemargin=\dimen147
\g_fnote_id_int=\count294
))
(d:/texlive/2026/texmf-dist/tex/latex/latex-lab/latex-lab-testphase-block.sty
Package: latex-lab-testphase-block 2025-07-26 v0.9k blockenv implementation

(d:/texlive/2026/texmf-dist/tex/latex/latex-lab/latex-lab-kernel-changes.sty
Package: latex-lab-kernel-changes 2025-07-09 v0.85i General kernel and class ch
anges

(d:/texlive/2026/texmf-dist/tex/generic/pdftex/glyphtounicode.tex)
(d:/texlive/2026/texmf-dist/tex/latex/latex-lab/glyphtounicode-cmex.tex))
(d:/texlive/2026/texmf-dist/tex/latex/latex-lab/latex-lab-testphase-context.sty
Package: latex-lab-testphase-context 2025-10-09 v0.5b Providing context for ins
tance, etc.
)

LaTeX template Info: Declaring template type 'blockenv' taking 1 argument(s)
(template)           on line 96.


LaTeX template Info: Declaring template type 'block' taking 1 argument(s) on
(template)           line 97.


LaTeX template Info: Declaring template type 'para' taking 1 argument(s) on
(template)           line 98.


LaTeX template Info: Declaring template type 'list' taking 1 argument(s) on
(template)           line 99.


LaTeX template Info: Declaring template type 'item' taking 1 argument(s) on
(template)           line 100.

\c@maxblocklevels=\count295
\l__par_start_skip=\skip49
\l__block_botsep_skip=\skip50
\l__block_parbotsep_skip=\skip51
\l__block_parindent_dim=\dimen148
\l__block_counter_start_int=\count296
\l__block_one_label_box=\box57
\g__block_labels_box=\box58
\l__block_tmpa_skip=\skip52
\l__block_topsepadd_skip=\skip53
\l__block_effective_top_skip=\skip54
LaTeX Info: Redefining \centering on input line 1476.
LaTeX Info: Redefining \raggedleft on input line 1477.
LaTeX Info: Redefining \raggedright on input line 1478.
) (d:/texlive/2026/texmf-dist/tex/latex/latex-lab/latex-lab-testphase-sec.sty
Package: latex-lab-testphase-sec 2025-10-20 v0.84k Code related to the tagging 
of sectioning commands
) (d:/texlive/2026/texmf-dist/tex/latex/latex-lab/latex-lab-testphase-toc.sty
Package: latex-lab-testphase-toc 2025-07-02 v0.85h  Code related to the tagging
 of toc-like lists
\g__tag_toc_level_int=\count297
)
(d:/texlive/2026/texmf-dist/tex/latex/latex-lab/latex-lab-testphase-minipage.st
y
Package: latex-lab-testphase-minipage 2025-05-10 v0.81g Code related to the tag
ging of minipages and parboxes

(d:/texlive/2026/texmf-dist/tex/latex/latex-lab/latex-lab-testphase-new-or-1.st
y
Package: latex-lab-testphase-new-or-1 2025-05-10 v0.85d Temporary output patche
s for tagging and better link support -- no longer active
))
(d:/texlive/2026/texmf-dist/tex/latex/latex-lab/latex-lab-testphase-graphic.sty
Package: latex-lab-testphase-graphic 2025-09-25 v0.80i Code related to the tagg
ing of graphics
\g__tag_graphic_int=\count298
) (d:/texlive/2026/texmf-dist/tex/latex/latex-lab/latex-lab-testphase-float.sty
Package: latex-lab-testphase-float 2025-10-17 v0.81l Code related to the taggin
g of floats
\g__tag_float_int=\count299
) (d:/texlive/2026/texmf-dist/tex/latex/latex-lab/latex-lab-testphase-bib.sty
Package: latex-lab-testphase-bib 2025-05-09 v0.81c Code related to the tagging 
of bibliography and cite command
)
(d:/texlive/2026/texmf-dist/tex/latex/latex-lab/latex-lab-testphase-text.sty
Package: latex-lab-testphase-text 2025-05-10 v0.85f Code related to the tagging
 of various small text commands
LaTeX Info: Redefining \mbox on input line 84.
)
(d:/texlive/2026/texmf-dist/tex/latex/latex-lab/latex-lab-testphase-marginpar.s
ty
Package: latex-lab-testphase-marginpar 2025-07-23 v0.85h Changes related to the
 tagging of the margin notes
\g__kernel_marginpar_int=\count300
)
(d:/texlive/2026/texmf-dist/tex/latex/latex-lab/latex-lab-testphase-title.sty
Package: latex-lab-testphase-title 2025-03-08 v0.85d Changes related to the tag
ging of the title
)
(d:/texlive/2026/texmf-dist/tex/latex/latex-lab/latex-lab-testphase-table.sty
Package: latex-lab-testphase-table 2025-08-01 v0.85s Code related to the taggin
g of tables

(d:/texlive/2026/texmf-dist/tex/latex/tools/array.sty
Package: array 2025/09/25 v2.6n Tabular extension package (FMi)
\col@sep=\dimen149
\ar@mcellbox=\box59
\extrarowheight=\dimen150
\NC@list=\toks17
\extratabsurround=\skip55
\backup@length=\skip56
\ar@cellbox=\box60
))
(d:/texlive/2026/texmf-dist/tex/latex/latex-lab/latex-lab-testphase-math.sty
Package: latex-lab-testphase-math 2025-03-10 v0.8d code related to the math tag
ging

(d:/texlive/2026/texmf-dist/tex/latex/latex-lab/latex-lab-math.ltx
File: latex-lab-math.ltx 2025-10-02 v0.6w Grab all the math(s) and tag it (expe
riments)
\l__math_tmpa_skip=\skip57
\g__math_mathml_total_int=\count301
\g__math_mathml_int=\count302
\g__math_math_total_int=\count303
\g__math_mathml_AF_found_int=\count304
\g__math_mathml_AF_attached_int=\count305
\l__math_tmpa_box=\box61
\l__math_mathstyle_int=\count306
\g__math_mathchoice_int=\count307
\l__math_grab_env_int=\count308
\g__math_postdisplaypenalty_int=\count309
)
(d:/texlive/2026/texmf-dist/tex/latex/latex-lab/latex-lab-mathpkg.ltx
File: latex-lab-mathpkg.ltx 2025-06-20 v0.1c mathpkg adaptions
)
(d:/texlive/2026/texmf-dist/tex/latex/latex-lab/latex-lab-mathintent.ltx
File: latex-lab-mathintent.ltx 2025-08-03 v0.1c MathML intent attributes
))
(d:/texlive/2026/texmf-dist/tex/latex/latex-lab/latex-lab-testphase-firstaid.st
y
Package: latex-lab-testphase-firstaid 2025-11-03 v2025-11-03 Temporary patches 
to external packages needed for the tagging project
) (d:/texlive/2026/texmf-dist/tex/latex/latex-lab/latex-lab-testphase-tikz.sty
Package: latex-lab-testphase-tikz 2025-09-27 v0.80d Code related to the tagging
 of tikz pictures
))
(d:/texlive/2026/texmf-dist/tex/latex/pdfmanagement-testphase/pdfmanagement-fir
staid.sty
Package: pdfmanagement-firstaid 2026-01-23 v0.96y LaTeX PDF management bundle /
 firstaid-patches

Package pdfmanagement Info: loading pdfmanagement firstaid code for pgf

)
Inserting `markspaces' in `pre_linebreak_filter'.
Inserting `markspaces' in `hpack_filter'. (d:/texlive/2026/texmf-dist/tex/latex
/ctex/ctexbook.cls
(d:/texlive/2026/texmf-dist/tex/latex/ctex/config/ctexbackend.cfg
File: ctexbackend.cfg 2022/07/14 v2.5.10 Backend configuration file (CTEX)
)
(d:/texlive/2026/texmf-dist/tex/latex/l3kernel/expl3.sty
Package: expl3 2026-01-19 L3 programming layer (loader) 
)
Document Class: ctexbook 2022/07/14 v2.5.10 Chinese adapter for class book (CTE
X)
(d:/texlive/2026/texmf-dist/tex/latex/ctex/ctexhook.sty
Package: ctexhook 2022/07/14 v2.5.10 Document and package hooks (CTEX)
\c__ctex_package_cctab=\catcodetable14
)
(d:/texlive/2026/texmf-dist/tex/latex/ctex/ctexpatch.sty
Package: ctexpatch 2022/07/14 v2.5.10 Patching commands (CTEX)
)
(d:/texlive/2026/texmf-dist/tex/latex/base/fix-cm.sty
Package: fix-cm 2020/11/24 v1.1t fixes to LaTeX

(d:/texlive/2026/texmf-dist/tex/latex/base/ts1enc.def
File: ts1enc.def 2001/06/05 v3.0e (jk/car/fm) Standard LaTeX file
LaTeX Font Info:    Redeclaring font encoding TS1 on input line 47.
LaTeX Encoding Info:    Redeclaring text command \capitalcedilla (encoding TS1)
 on input line 49.
LaTeX Encoding Info:    Redeclaring text command \capitalogonek (encoding TS1) 
on input line 52.
LaTeX Encoding Info:    Redeclaring text command \capitalgrave (encoding TS1) o
n input line 55.
LaTeX Encoding Info:    Redeclaring text command \capitalacute (encoding TS1) o
n input line 56.
LaTeX Encoding Info:    Redeclaring text command \capitalcircumflex (encoding T
S1) on input line 57.
LaTeX Encoding Info:    Redeclaring text command \capitaltilde (encoding TS1) o
n input line 58.
LaTeX Encoding Info:    Redeclaring text command \capitaldieresis (encoding TS1
) on input line 59.
LaTeX Encoding Info:    Redeclaring text command \capitalhungarumlaut (encoding
 TS1) on input line 60.
LaTeX Encoding Info:    Redeclaring text command \capitalring (encoding TS1) on
 input line 61.
LaTeX Encoding Info:    Redeclaring text command \capitalcaron (encoding TS1) o
n input line 62.
LaTeX Encoding Info:    Redeclaring text command \capitalbreve (encoding TS1) o
n input line 63.
LaTeX Encoding Info:    Redeclaring text command \capitalmacron (encoding TS1) 
on input line 64.
LaTeX Encoding Info:    Redeclaring text command \capitaldotaccent (encoding TS
1) on input line 65.
LaTeX Encoding Info:    Redeclaring text command \t (encoding TS1) on input lin
e 66.
LaTeX Encoding Info:    Redeclaring text command \capitaltie (encoding TS1) on 
input line 67.
LaTeX Encoding Info:    Redeclaring text command \newtie (encoding TS1) on inpu
t line 68.
LaTeX Encoding Info:    Redeclaring text command \capitalnewtie (encoding TS1) 
on input line 69.
LaTeX Encoding Info:    Redeclaring text symbol \textcapitalcompwordmark (encod
ing TS1) on input line 70.
LaTeX Encoding Info:    Redeclaring text symbol \textascendercompwordmark (enco
ding TS1) on input line 71.
LaTeX Encoding Info:    Redeclaring text symbol \textquotestraightbase (encodin
g TS1) on input line 72.
LaTeX Encoding Info:    Redeclaring text symbol \textquotestraightdblbase (enco
ding TS1) on input line 73.
LaTeX Encoding Info:    Redeclaring text symbol \texttwelveudash (encoding TS1)
 on input line 74.
LaTeX Encoding Info:    Redeclaring text symbol \textthreequartersemdash (encod
ing TS1) on input line 75.
LaTeX Encoding Info:    Redeclaring text symbol \textleftarrow (encoding TS1) o
n input line 76.
LaTeX Encoding Info:    Redeclaring text symbol \textrightarrow (encoding TS1) 
on input line 77.
LaTeX Encoding Info:    Redeclaring text symbol \textblank (encoding TS1) on in
put line 78.
LaTeX Encoding Info:    Redeclaring text symbol \textdollar (encoding TS1) on i
nput line 79.
LaTeX Encoding Info:    Redeclaring text symbol \textquotesingle (encoding TS1)
 on input line 80.
LaTeX Encoding Info:    Redeclaring text command \textasteriskcentered (encodin
g TS1) on input line 81.
LaTeX Encoding Info:    Redeclaring text symbol \textdblhyphen (encoding TS1) o
n input line 92.
LaTeX Encoding Info:    Redeclaring text symbol \textfractionsolidus (encoding 
TS1) on input line 93.
LaTeX Encoding Info:    Redeclaring text symbol \textzerooldstyle (encoding TS1
) on input line 94.
LaTeX Encoding Info:    Redeclaring text symbol \textoneoldstyle (encoding TS1)
 on input line 95.
LaTeX Encoding Info:    Redeclaring text symbol \texttwooldstyle (encoding TS1)
 on input line 96.
LaTeX Encoding Info:    Redeclaring text symbol \textthreeoldstyle (encoding TS
1) on input line 97.
LaTeX Encoding Info:    Redeclaring text symbol \textfouroldstyle (encoding TS1
) on input line 98.
LaTeX Encoding Info:    Redeclaring text symbol \textfiveoldstyle (encoding TS1
) on input line 99.
LaTeX Encoding Info:    Redeclaring text symbol \textsixoldstyle (encoding TS1)
 on input line 100.
LaTeX Encoding Info:    Redeclaring text symbol \textsevenoldstyle (encoding TS
1) on input line 101.
LaTeX Encoding Info:    Redeclaring text symbol \texteightoldstyle (encoding TS
1) on input line 102.
LaTeX Encoding Info:    Redeclaring text symbol \textnineoldstyle (encoding TS1
) on input line 103.
LaTeX Encoding Info:    Redeclaring text symbol \textlangle (encoding TS1) on i
nput line 104.
LaTeX Encoding Info:    Redeclaring text symbol \textminus (encoding TS1) on in
put line 105.
LaTeX Encoding Info:    Redeclaring text symbol \textrangle (encoding TS1) on i
nput line 106.
LaTeX Encoding Info:    Redeclaring text symbol \textmho (encoding TS1) on inpu
t line 107.
LaTeX Encoding Info:    Redeclaring text symbol \textbigcircle (encoding TS1) o
n input line 108.
LaTeX Encoding Info:    Redeclaring text command \textcircled (encoding TS1) on
 input line 109.
LaTeX Encoding Info:    Redeclaring text symbol \textohm (encoding TS1) on inpu
t line 115.
LaTeX Encoding Info:    Redeclaring text symbol \textlbrackdbl (encoding TS1) o
n input line 116.
LaTeX Encoding Info:    Redeclaring text symbol \textrbrackdbl (encoding TS1) o
n input line 117.
LaTeX Encoding Info:    Redeclaring text symbol \textuparrow (encoding TS1) on 
input line 118.
LaTeX Encoding Info:    Redeclaring text symbol \textdownarrow (encoding TS1) o
n input line 119.
LaTeX Encoding Info:    Redeclaring text symbol \textasciigrave (encoding TS1) 
on input line 120.
LaTeX Encoding Info:    Redeclaring text symbol \textborn (encoding TS1) on inp
ut line 121.
LaTeX Encoding Info:    Redeclaring text symbol \textdivorced (encoding TS1) on
 input line 122.
LaTeX Encoding Info:    Redeclaring text symbol \textdied (encoding TS1) on inp
ut line 123.
LaTeX Encoding Info:    Redeclaring text symbol \textleaf (encoding TS1) on inp
ut line 124.
LaTeX Encoding Info:    Redeclaring text symbol \textmarried (encoding TS1) on 
input line 125.
LaTeX Encoding Info:    Redeclaring text symbol \textmusicalnote (encoding TS1)
 on input line 126.
LaTeX Encoding Info:    Redeclaring text symbol \texttildelow (encoding TS1) on
 input line 127.
LaTeX Encoding Info:    Redeclaring text symbol \textdblhyphenchar (encoding TS
1) on input line 128.
LaTeX Encoding Info:    Redeclaring text symbol \textasciibreve (encoding TS1) 
on input line 129.
LaTeX Encoding Info:    Redeclaring text symbol \textasciicaron (encoding TS1) 
on input line 130.
LaTeX Encoding Info:    Redeclaring text symbol \textacutedbl (encoding TS1) on
 input line 131.
LaTeX Encoding Info:    Redeclaring text symbol \textgravedbl (encoding TS1) on
 input line 132.
LaTeX Encoding Info:    Redeclaring text symbol \textdagger (encoding TS1) on i
nput line 133.
LaTeX Encoding Info:    Redeclaring text symbol \textdaggerdbl (encoding TS1) o
n input line 134.
LaTeX Encoding Info:    Redeclaring text symbol \textbardbl (encoding TS1) on i
nput line 135.
LaTeX Encoding Info:    Redeclaring text symbol \textperthousand (encoding TS1)
 on input line 136.
LaTeX Encoding Info:    Redeclaring text symbol \textbullet (encoding TS1) on i
nput line 137.
LaTeX Encoding Info:    Redeclaring text symbol \textcelsius (encoding TS1) on 
input line 138.
LaTeX Encoding Info:    Redeclaring text symbol \textdollaroldstyle (encoding T
S1) on input line 139.
LaTeX Encoding Info:    Redeclaring text symbol \textcentoldstyle (encoding TS1
) on input line 140.
LaTeX Encoding Info:    Redeclaring text symbol \textflorin (encoding TS1) on i
nput line 141.
LaTeX Encoding Info:    Redeclaring text symbol \textcolonmonetary (encoding TS
1) on input line 142.
LaTeX Encoding Info:    Redeclaring text symbol \textwon (encoding TS1) on inpu
t line 143.
LaTeX Encoding Info:    Redeclaring text symbol \textnaira (encoding TS1) on in
put line 144.
LaTeX Encoding Info:    Redeclaring text symbol \textguarani (encoding TS1) on 
input line 145.
LaTeX Encoding Info:    Redeclaring text symbol \textpeso (encoding TS1) on inp
ut line 146.
LaTeX Encoding Info:    Redeclaring text symbol \textlira (encoding TS1) on inp
ut line 147.
LaTeX Encoding Info:    Redeclaring text symbol \textrecipe (encoding TS1) on i
nput line 148.
LaTeX Encoding Info:    Redeclaring text symbol \textinterrobang (encoding TS1)
 on input line 149.
LaTeX Encoding Info:    Redeclaring text symbol \textinterrobangdown (encoding 
TS1) on input line 150.
LaTeX Encoding Info:    Redeclaring text symbol \textdong (encoding TS1) on inp
ut line 151.
LaTeX Encoding Info:    Redeclaring text symbol \texttrademark (encoding TS1) o
n input line 152.
LaTeX Encoding Info:    Redeclaring text symbol \textpertenthousand (encoding T
S1) on input line 153.
LaTeX Encoding Info:    Redeclaring text symbol \textpilcrow (encoding TS1) on 
input line 154.
LaTeX Encoding Info:    Redeclaring text symbol \textbaht (encoding TS1) on inp
ut line 155.
LaTeX Encoding Info:    Redeclaring text symbol \textnumero (encoding TS1) on i
nput line 156.
LaTeX Encoding Info:    Redeclaring text symbol \textdiscount (encoding TS1) on
 input line 157.
LaTeX Encoding Info:    Redeclaring text symbol \textestimated (encoding TS1) o
n input line 158.
LaTeX Encoding Info:    Redeclaring text symbol \textopenbullet (encoding TS1) 
on input line 159.
LaTeX Encoding Info:    Redeclaring text symbol \textservicemark (encoding TS1)
 on input line 160.
LaTeX Encoding Info:    Redeclaring text symbol \textlquill (encoding TS1) on i
nput line 161.
LaTeX Encoding Info:    Redeclaring text symbol \textrquill (encoding TS1) on i
nput line 162.
LaTeX Encoding Info:    Redeclaring text symbol \textcent (encoding TS1) on inp
ut line 163.
LaTeX Encoding Info:    Redeclaring text symbol \textsterling (encoding TS1) on
 input line 164.
LaTeX Encoding Info:    Redeclaring text symbol \textcurrency (encoding TS1) on
 input line 165.
LaTeX Encoding Info:    Redeclaring text symbol \textyen (encoding TS1) on inpu
t line 166.
LaTeX Encoding Info:    Redeclaring text symbol \textbrokenbar (encoding TS1) o
n input line 167.
LaTeX Encoding Info:    Redeclaring text symbol \textsection (encoding TS1) on 
input line 168.
LaTeX Encoding Info:    Redeclaring text symbol \textasciidieresis (encoding TS
1) on input line 169.
LaTeX Encoding Info:    Redeclaring text symbol \textcopyright (encoding TS1) o
n input line 170.
LaTeX Encoding Info:    Redeclaring text symbol \textordfeminine (encoding TS1)
 on input line 171.
LaTeX Encoding Info:    Redeclaring text symbol \textcopyleft (encoding TS1) on
 input line 172.
LaTeX Encoding Info:    Redeclaring text symbol \textlnot (encoding TS1) on inp
ut line 173.
LaTeX Encoding Info:    Redeclaring text symbol \textcircledP (encoding TS1) on
 input line 174.
LaTeX Encoding Info:    Redeclaring text symbol \textregistered (encoding TS1) 
on input line 175.
LaTeX Encoding Info:    Redeclaring text symbol \textasciimacron (encoding TS1)
 on input line 176.
LaTeX Encoding Info:    Redeclaring text symbol \textdegree (encoding TS1) on i
nput line 177.
LaTeX Encoding Info:    Redeclaring text symbol \textpm (encoding TS1) on input
 line 178.
LaTeX Encoding Info:    Redeclaring text symbol \texttwosuperior (encoding TS1)
 on input line 179.
LaTeX Encoding Info:    Redeclaring text symbol \textthreesuperior (encoding TS
1) on input line 180.
LaTeX Encoding Info:    Redeclaring text symbol \textasciiacute (encoding TS1) 
on input line 181.
LaTeX Encoding Info:    Redeclaring text symbol \textmu (encoding TS1) on input
 line 182.
LaTeX Encoding Info:    Redeclaring text symbol \textparagraph (encoding TS1) o
n input line 183.
LaTeX Encoding Info:    Redeclaring text symbol \textperiodcentered (encoding T
S1) on input line 184.
LaTeX Encoding Info:    Redeclaring text symbol \textreferencemark (encoding TS
1) on input line 185.
LaTeX Encoding Info:    Redeclaring text symbol \textonesuperior (encoding TS1)
 on input line 186.
LaTeX Encoding Info:    Redeclaring text symbol \textordmasculine (encoding TS1
) on input line 187.
LaTeX Encoding Info:    Redeclaring text symbol \textsurd (encoding TS1) on inp
ut line 188.
LaTeX Encoding Info:    Redeclaring text symbol \textonequarter (encoding TS1) 
on input line 189.
LaTeX Encoding Info:    Redeclaring text symbol \textonehalf (encoding TS1) on 
input line 190.
LaTeX Encoding Info:    Redeclaring text symbol \textthreequarters (encoding TS
1) on input line 191.
LaTeX Encoding Info:    Redeclaring text symbol \texteuro (encoding TS1) on inp
ut line 192.
LaTeX Encoding Info:    Redeclaring text symbol \texttimes (encoding TS1) on in
put line 193.
LaTeX Encoding Info:    Redeclaring text symbol \textdiv (encoding TS1) on inpu
t line 194.
))
\l__ctex_tmp_int=\count310
\l__ctex_tmp_box=\box62
\l__ctex_tmp_dim=\dimen151
\g__ctex_section_depth_int=\count311
\g__ctex_font_size_int=\count312
\g__cctab_next_cctab=\catcodetable15

(d:/texlive/2026/texmf-dist/tex/latex/ctex/config/ctexopts.cfg
File: ctexopts.cfg 2022/07/14 v2.5.10 Option configuration file (CTEX)
)
(d:/texlive/2026/texmf-dist/tex/latex/base/book.cls
Document Class: book 2025/01/22 v1.4n Standard LaTeX document class
(d:/texlive/2026/texmf-dist/tex/latex/base/bk11.clo
File: bk11.clo 2025/01/22 v1.4n Standard LaTeX file (size option)
)
\c@part=\count313
\c@chapter=\count314
\c@section=\count315
\c@subsection=\count316
\c@subsubsection=\count317
\c@paragraph=\count318
\c@subparagraph=\count319
\c@figure=\count320
\c@table=\count321
\abovecaptionskip=\skip58
\belowcaptionskip=\skip59
\bibindent=\dimen152
)
(d:/texlive/2026/texmf-dist/tex/latex/ctex/engine/ctex-engine-luatex.def
File: ctex-engine-luatex.def 2022/07/14 v2.5.10 LuaLaTeX adapter (CTEX)

(d:/texlive/2026/texmf-dist/tex/luatex/luatexja/luatexja.sty
Package: luatexja 2026-01-30 Japanese Typesetting with Lua(La)TeX

(d:/texlive/2026/texmf-dist/tex/luatex/luatexja/luatexja-core.sty
Package: luatexja-core 2023-10-07 Core of LuaTeX-ja

(d:/texlive/2026/texmf-dist/tex/generic/infwarerr/infwarerr.sty
Package: infwarerr 2019/12/03 v1.5 Providing info/warning/error messages (HO)
)
(d:/texlive/2026/texmf-dist/tex/luatex/luatexbase/luatexbase.sty
Package: luatexbase 2015/10/04 v1.3 luatexbase interface to LuaTeX 

(d:/texlive/2026/texmf-dist/tex/luatex/ctablestack/ctablestack.sty
Package: ctablestack 2015/10/01 v1.0 Catcode table stable support
\@catcodetablestackcnt=\count322
)
\CatcodeTableOther=\catcodetable16
\CatcodeTableExpl=\catcodetable17
)
(d:/texlive/2026/texmf-dist/tex/generic/ltxcmds/ltxcmds.sty
Package: ltxcmds 2023-12-04 v1.26 LaTeX kernel commands for general use (HO)
)
(d:/texlive/2026/texmf-dist/tex/generic/pdftexcmds/pdftexcmds.sty
Package: pdftexcmds 2020-06-27 v0.33 Utility functions of pdfTeX for LuaTeX (HO
)

(d:/texlive/2026/texmf-dist/tex/generic/iftex/iftex.sty
Package: iftex 2024/12/12 v1.0g TeX engine tests
)
Package pdftexcmds Info: \pdf@primitive is available.
Package pdftexcmds Info: \pdf@ifprimitive is available.
Package pdftexcmds Info: \pdfdraftmode found.
\pdftexcmds@toks=\toks18
)
(d:/texlive/2026/texmf-dist/tex/latex/xkeyval/xkeyval.sty
Package: xkeyval 2025/11/04 v2.10 package option processing (HA)

(d:/texlive/2026/texmf-dist/tex/generic/xkeyval/xkeyval.tex
(d:/texlive/2026/texmf-dist/tex/generic/xkeyval/xkvutils.tex
\XKV@toks=\toks19
\XKV@tempa@toks=\toks20
\XKV@tempb@toks=\toks21

(d:/texlive/2026/texmf-dist/tex/generic/xkeyval/keyval.tex))
\XKV@depth=\count323
File: xkeyval.tex 2014/12/03 v2.7a key=value parser (HA)
))
(d:/texlive/2026/texmf-dist/tex/latex/etoolbox/etoolbox.sty
Package: etoolbox 2025/10/02 v2.5m e-TeX tools for LaTeX (JAW)
\etb@tempcnta=\count324
)
(d:/texlive/2026/texmf-dist/tex/latex/everyhook/everyhook.sty
(d:/texlive/2026/texmf-dist/tex/latex/svn-prov/svn-prov.sty
Package: svn-prov 2010/04/24 v3.1862 Package Date/Version from SVN Keywords
)
Package: everyhook 2014/11/26 v1.2 (SVN Rev: 12)\ Hooks for low level TeX every
X primitives.
\everypar=\toks22
\frozen@everymath=\toks23
\frozen@everydisplay=\toks24
\everyhbox=\toks25
\everyvbox=\toks26
\everycr=\toks27
)
\ltjlineendcomment=\count325
\ltj@dimen@zw=\dimen153
\ltj@dimen@zh=\dimen154
\ltj@dimen@jQ=\dimen155
\ltj@icflag=\attribute11
\ltj@curjfnt=\attribute12
\ltj@curtfnt=\attribute13
\ltj@charclass=\attribute14
\ltj@charcode=\attribute15
\ltj@autospc=\attribute16
\ltj@autoxspc=\attribute17
\ltj@yablshift=\attribute18
\ltj@ykblshift=\attribute19
\ltj@tablshift=\attribute20
\ltj@tkblshift=\attribute21
\jfam=\attribute22
\ltj@vert@ori=\attribute23
\ltj@dir=\attribute24
\ltj@@japanese=\language2
\ltj@tempcnta=\count326
\ltj@tempdima=\dimen156
\ltj@@stack=\count327
\ltj@@group@level=\count328
\ltj@kcat0=\attribute25
\ltj@kcat1=\attribute26
\ltj@kcat2=\attribute27
\ltj@kcat3=\attribute28
\ltj@kcat4=\attribute29
\ltj@kcat5=\attribute30
\ltj@kcat6=\attribute31
Custom whatsit inhibitglue = 2
Custom whatsit stack_marker = 3
Custom whatsit begin_par = 4
Custom whatsit direction = 5
Custom whatsit box_boundary = 6
Custom whatsit ja_al_boundary = 7
Module luatexbase Info: Uninstalling kernel luatexbase code on input line 184
(load cache: ltj-cid-auto-adobe-japan1.luc)
Lua module: luatexja.charrange 2022-08-19 Handling the range of Japanese charact
ers
Lua module: luatexja.stack 2022-08-20 LuaTeX-ja stack system
Inserting `ltj.create_dir_whatsit' in `hpack_filter'.
Inserting `ltj.create_dir_whatsit' in `post_linebreak_filter'.
Inserting `ltj.direction' in `vpack_filter'.
Inserting `ltj.direction' in `pre_output_filter'.
Inserting `ltj.lineskip' in `post_linebreak_filter'.
Inserting `ltj.lineskip' in `append_to_vlist_filter'.
Lua module: luatexja.jfont 2025-05-04 Loader for Japanese fonts
Removing  `luaotfload.define_font' from `define_font'.
Inserting `luatexja.font_callback' in `define_font'.
Removing  `luaotfload.aux.set_sscale_dimens' from `luaotfload.patch_font'.
Removing  `luaotfload.aux.set_font_index' from `luaotfload.patch_font'.
Removing  `luaotfload.aux.patch_cambria_domh' from `luaotfload.patch_font'.
Removing  `luaotfload.aux.set_capheight' from `luaotfload.patch_font'.
Removing  `luaotfload.aux.set_xheight' from `luaotfload.patch_font'.
Removing  `luaotfload.rewrite_fontname' from `luaotfload.patch_font'.
Inserting `ltj.prepare_extra_data' in `luaotfload.patch_font'.
Inserting `luaotfload.aux.set_sscale_dimens' in `luaotfload.patch_font'.
Inserting `luaotfload.aux.set_font_index' in `luaotfload.patch_font'.
Inserting `luaotfload.aux.patch_cambria_domh' in `luaotfload.patch_font'.
Inserting `luaotfload.aux.set_capheight' in `luaotfload.patch_font'.
Inserting `luaotfload.aux.set_xheight' in `luaotfload.patch_font'.
Inserting `luaotfload.rewrite_fontname' in `luaotfload.patch_font'.
Inserting `ltj.prepare_extra_data' in `luatexja.define_font'.(load cache: extra_
lmroman10-regular.luc)
Inserting `ltj.get_vert_form' in `luatexja.define_jfont'.
Removing  `ltj.prepare_extra_data' from `luaotfload.patch_font'.
Removing  `luaotfload.aux.set_sscale_dimens' from `luaotfload.patch_font'.
Removing  `luaotfload.aux.set_font_index' from `luaotfload.patch_font'.
Removing  `luaotfload.aux.patch_cambria_domh' from `luaotfload.patch_font'.
Removing  `luaotfload.aux.set_capheight' from `luaotfload.patch_font'.
Removing  `luaotfload.aux.set_xheight' from `luaotfload.patch_font'.
Removing  `luaotfload.rewrite_fontname' from `luaotfload.patch_font'.
Inserting `ltj.supply_tounicode' in `luaotfload.patch_font'.
Inserting `ltj.prepare_extra_data' in `luaotfload.patch_font'.
Inserting `luaotfload.aux.set_sscale_dimens' in `luaotfload.patch_font'.
Inserting `luaotfload.aux.set_font_index' in `luaotfload.patch_font'.
Inserting `luaotfload.aux.patch_cambria_domh' in `luaotfload.patch_font'.
Inserting `luaotfload.aux.set_capheight' in `luaotfload.patch_font'.
Inserting `luaotfload.aux.set_xheight' in `luaotfload.patch_font'.
Inserting `luaotfload.rewrite_fontname' in `luaotfload.patch_font'.
Inserting `ltj.process_input_buffer' in `process_input_buffer'.
Inserting `ltj.hyphenate' in `hyphenate'.
Removing  `luaotfload.node_processor' from `hpack_filter'.
Removing  `luaotfload.harf.finalize_hlist' from `hpack_filter'.
Removing  `markspaces' from `hpack_filter'.
Removing  `ltj.create_dir_whatsit' from `hpack_filter'.
Inserting `ltj.set_stack_level' in `hpack_filter'.
Inserting `luaotfload.node_processor' in `hpack_filter'.
Inserting `luaotfload.harf.finalize_hlist' in `hpack_filter'.
Inserting `markspaces' in `hpack_filter'.
Inserting `ltj.create_dir_whatsit' in `hpack_filter'.
Removing  `luaotfload.node_processor' from `pre_linebreak_filter'.
Removing  `markspaces' from `pre_linebreak_filter'.
Inserting `ltj.set_stack_level' in `pre_linebreak_filter'.
Inserting `luaotfload.node_processor' in `pre_linebreak_filter'.
Inserting `markspaces' in `pre_linebreak_filter'.
Lua module: luatexja.jfmglue 2026-01-07 Insertion process of JFM glues, [x]kanji
skip and others
Inserting `luatexja.beginpar.np_info' in `luatexja.jfmglue.whatsit_getinfo'.
Inserting `luatexja.beginpar.np_info_after' in `luatexja.jfmglue.whatsit_after'.
Inserting `ltj.mlist_to_hlist_pre' in `pre_mlist_to_hlist_filter'.
Removing  `markspaces' from `pre_linebreak_filter'.
Inserting `ltj.main' in `pre_linebreak_filter'.
Inserting `markspaces' in `pre_linebreak_filter'.
Removing  `luaotfload.harf.finalize_hlist' from `hpack_filter'.
Removing  `markspaces' from `hpack_filter'.
Removing  `ltj.create_dir_whatsit' from `hpack_filter'.
Inserting `ltj.main' in `hpack_filter'.
Inserting `luaotfload.harf.finalize_hlist' in `hpack_filter'.
Inserting `markspaces' in `hpack_filter'.
Inserting `ltj.create_dir_whatsit' in `hpack_filter'.
Removing  `ltj.set_stack_level' from `pre_linebreak_filter'.
Removing  `luaotfload.node_processor' from `pre_linebreak_filter'.
Removing  `ltj.main' from `pre_linebreak_filter'.
Removing  `markspaces' from `pre_linebreak_filter'.
Inserting `ltj.adjust_icflag' in `pre_linebreak_filter'.
Inserting `ltj.set_stack_level' in `pre_linebreak_filter'.
Inserting `luaotfload.node_processor' in `pre_linebreak_filter'.
Inserting `ltj.main' in `pre_linebreak_filter'.
Inserting `markspaces' in `pre_linebreak_filter'.
Removing  `ltj.set_stack_level' from `hpack_filter'.
Removing  `luaotfload.node_processor' from `hpack_filter'.
Removing  `ltj.main' from `hpack_filter'.
Removing  `luaotfload.harf.finalize_hlist' from `hpack_filter'.
Removing  `markspaces' from `hpack_filter'.
Removing  `ltj.create_dir_whatsit' from `hpack_filter'.
Inserting `ltj.adjust_icflag' in `hpack_filter'.
Inserting `ltj.set_stack_level' in `hpack_filter'.
Inserting `luaotfload.node_processor' in `hpack_filter'.
Inserting `ltj.main' in `hpack_filter'.
Inserting `luaotfload.harf.finalize_hlist' in `hpack_filter'.
Inserting `markspaces' in `hpack_filter'.
Inserting `ltj.create_dir_whatsit' in `hpack_filter'.
(d:/texlive/2026/texmf-dist/tex/luatex/luatexja/ltj-base.sty
Package: ltj-base 2021-03-16
\ltj@tempcntb=\count329
\ltj@tempcntc=\count330
\ltj@afbox=\box63
)
\ltj@@italic@inner=\luafunction32
\ltj@@start@time@measure@inner=\luafunction33
\ltj@@stop@time@measure@inner=\luafunction34
\ltj@@jfont@inner=\luafunction35
\ltj@zw@inner=\luafunction36
\ltj@zh@inner=\luafunction37
\ltj@reset@globaldefs@inner=\luafunction38
\ltj@restore@globaldefs@inner=\luafunction39
\ltj@@disihb@inner=\luafunction40
\ltj@@ihb@inner=\luafunction41
\ltj@@fakeparbegin@inner=\luafunction42
\ltj@@fakeboxbdd@inner=\luafunction43
\ltj@@ins@xk@inner=\luafunction44
\ltj@@ins@k@inner=\luafunction45
\ltjsetkanjiskip@inner=\luafunction46
\ltjsetxkanjiskip@inner=\luafunction47
\ltj@@getparam@one@inner=\luafunction48
\ltj@alljachar@inner=\luafunction49
\ltj@@lua@populate@insertwhatsit@inner=\luafunction50
\ltj@@vadjust@begin@inner=\luafunction51
\ltj@@vadjust@dirhook@inner=\luafunction52
\ltj@@vadjust@check@dir@inner=\luafunction53
\ltj@@box@dirhook@inner=\luafunction54
\ltj@@reset@badness@inner=\luafunction55
\ltj@@lua@raisebox@inner=\luafunction56
\ltj@@vsplit@inner=\luafunction57
\ltj@@lua@unboxcheckdir@inner=\luafunction58
\ltj@@lua@uncopycheckdir@inner=\luafunction59
\ltj@@lua@uncopy@restore@whatsit@inner=\luafunction60
(load cache: ltj-kinsoku_default.luc)

Package ctexhook Info: Package `ltj-latex' can not be loaded with `ctexbook'.

LaTeX Info: Package 'ltj-latex.sty' has been disabled.
            Load request ignored on input line 780.
\ltj@temp@cctb=\catcodetable18
)
(d:/texlive/2026/texmf-dist/tex/luatex/luatexja/luatexja-compat.sty
Package: luatexja-compat 2025-09-21 Compatibility with pTeX
(load cache: ltj-jisx0208.luc)
\hour=\count331
\minute=\count332
))
(d:/texlive/2026/texmf-dist/tex/latex/fontspec/fontspec.sty
(d:/texlive/2026/texmf-dist/tex/latex/l3packages/xparse/xparse.sty
Package: xparse 2025-10-09 L3 Experimental document command parser
)
Package: fontspec 2025/09/29 v2.9g Font selection for XeLaTeX and LuaLaTeX
Lua module: fontspec 2025/09/29 v2.9g Font selection for XeLaTeX and LuaLaTeX
(d:/texlive/2026/texmf-dist/tex/latex/fontspec/fontspec-luatex.sty
Package: fontspec-luatex 2025/09/29 v2.9g Font selection for XeLaTeX and LuaLaT
eX
\l__fontspec_script_int=\count333
\l__fontspec_language_int=\count334
\l__fontspec_strnum_int=\count335
\l__fontspec_tmp_int=\count336
\l__fontspec_tmpa_int=\count337
\l__fontspec_tmpb_int=\count338
\l__fontspec_tmpc_int=\count339
\l__fontspec_em_int=\count340
\l__fontspec_emdef_int=\count341
\l__fontspec_strong_int=\count342
\l__fontspec_strongdef_int=\count343
\l__fontspec_tmpa_dim=\dimen157
\l__fontspec_tmpb_dim=\dimen158
\l__fontspec_tmpc_dim=\dimen159

(d:/texlive/2026/texmf-dist/tex/latex/base/fontenc.sty
Package: fontenc 2025/07/18 v2.1d Standard LaTeX package
)
(d:/texlive/2026/texmf-dist/tex/latex/fontspec/fontspec.cfg)(load cache: extra_l
mroman10-bold.luc)))
\g__cctab_next_cctab=\catcodetable19

(d:/texlive/2026/texmf-dist/tex/latex/base/tuenc.def
File: tuenc.def 2025/07/18 v2.1d Standard LaTeX file
\@remove@tlig@@@=\luafunction61
LaTeX Font Info:    Redeclaring font encoding TU on input line 105.
LaTeX Encoding Info:    Redeclaring text command \textquotesingle (encoding TU)
 on input line 148.
LaTeX Encoding Info:    Redeclaring text command \textasciigrave (encoding TU) 
on input line 149.
LaTeX Encoding Info:    Redeclaring text command \textquotedbl (encoding TU) on
 input line 150.
LaTeX Encoding Info:    Redeclaring text symbol \textdollar (encoding TU) on in
put line 151.
LaTeX Encoding Info:    Redeclaring text symbol \textless (encoding TU) on inpu
t line 152.
LaTeX Encoding Info:    Redeclaring text symbol \textgreater (encoding TU) on i
nput line 153.
LaTeX Encoding Info:    Redeclaring text symbol \textbackslash (encoding TU) on
 input line 154.
LaTeX Encoding Info:    Redeclaring text symbol \textasciicircum (encoding TU) 
on input line 155.
LaTeX Encoding Info:    Redeclaring text symbol \textunderscore (encoding TU) o
n input line 156.
LaTeX Encoding Info:    Redeclaring text symbol \textbraceleft (encoding TU) on
 input line 157.
LaTeX Encoding Info:    Redeclaring text symbol \textbar (encoding TU) on input
 line 158.
LaTeX Encoding Info:    Redeclaring text symbol \textbraceright (encoding TU) o
n input line 159.
LaTeX Encoding Info:    Redeclaring text symbol \textasciitilde (encoding TU) o
n input line 160.
LaTeX Encoding Info:    Redeclaring text symbol \textexclamdown (encoding TU) o
n input line 161.
LaTeX Encoding Info:    Redeclaring text symbol \textcent (encoding TU) on inpu
t line 162.
LaTeX Encoding Info:    Redeclaring text symbol \textsterling (encoding TU) on 
input line 163.
LaTeX Encoding Info:    Redeclaring text symbol \textcurrency (encoding TU) on 
input line 164.
LaTeX Encoding Info:    Redeclaring text symbol \textyen (encoding TU) on input
 line 165.
LaTeX Encoding Info:    Redeclaring text symbol \textbrokenbar (encoding TU) on
 input line 166.
LaTeX Encoding Info:    Redeclaring text symbol \textsection (encoding TU) on i
nput line 167.
LaTeX Encoding Info:    Redeclaring text symbol \textasciidieresis (encoding TU
) on input line 168.
LaTeX Encoding Info:    Redeclaring text symbol \textcopyright (encoding TU) on
 input line 169.
LaTeX Encoding Info:    Redeclaring text symbol \textordfeminine (encoding TU) 
on input line 170.
LaTeX Encoding Info:    Redeclaring text symbol \guillemetleft (encoding TU) on
 input line 171.
LaTeX Encoding Info:    Redeclaring text symbol \guillemotleft (encoding TU) on
 input line 172.
LaTeX Encoding Info:    Redeclaring text symbol \textlnot (encoding TU) on inpu
t line 173.
LaTeX Encoding Info:    Redeclaring text symbol \textregistered (encoding TU) o
n input line 174.
LaTeX Encoding Info:    Redeclaring text symbol \textasciimacron (encoding TU) 
on input line 175.
LaTeX Encoding Info:    Redeclaring text symbol \textdegree (encoding TU) on in
put line 176.
LaTeX Encoding Info:    Redeclaring text symbol \textpm (encoding TU) on input 
line 177.
LaTeX Encoding Info:    Redeclaring text symbol \texttwosuperior (encoding TU) 
on input line 178.
LaTeX Encoding Info:    Redeclaring text symbol \textthreesuperior (encoding TU
) on input line 179.
LaTeX Encoding Info:    Redeclaring text symbol \textasciiacute (encoding TU) o
n input line 180.
LaTeX Encoding Info:    Redeclaring text symbol \textmu (encoding TU) on input 
line 181.
LaTeX Encoding Info:    Redeclaring text symbol \textparagraph (encoding TU) on
 input line 182.
LaTeX Encoding Info:    Redeclaring text symbol \textperiodcentered (encoding T
U) on input line 183.
LaTeX Encoding Info:    Redeclaring text symbol \textonesuperior (encoding TU) 
on input line 184.
LaTeX Encoding Info:    Redeclaring text symbol \textordmasculine (encoding TU)
 on input line 185.
LaTeX Encoding Info:    Redeclaring text symbol \guillemetright (encoding TU) o
n input line 186.
LaTeX Encoding Info:    Redeclaring text symbol \guillemotright (encoding TU) o
n input line 187.
LaTeX Encoding Info:    Redeclaring text symbol \textonequarter (encoding TU) o
n input line 188.
LaTeX Encoding Info:    Redeclaring text symbol \textonehalf (encoding TU) on i
nput line 189.
LaTeX Encoding Info:    Redeclaring text symbol \textthreequarters (encoding TU
) on input line 190.
LaTeX Encoding Info:    Redeclaring text symbol \textquestiondown (encoding TU)
 on input line 191.
LaTeX Encoding Info:    Redeclaring text symbol \AE (encoding TU) on input line
 192.
LaTeX Encoding Info:    Redeclaring text symbol \DH (encoding TU) on input line
 193.
LaTeX Encoding Info:    Redeclaring text symbol \texttimes (encoding TU) on inp
ut line 194.
LaTeX Encoding Info:    Redeclaring text symbol \O (encoding TU) on input line 
195.
LaTeX Encoding Info:    Redeclaring text symbol \TH (encoding TU) on input line
 196.
LaTeX Encoding Info:    Redeclaring text symbol \ss (encoding TU) on input line
 197.
LaTeX Encoding Info:    Redeclaring text symbol \ae (encoding TU) on input line
 198.
LaTeX Encoding Info:    Redeclaring text symbol \dh (encoding TU) on input line
 199.
LaTeX Encoding Info:    Redeclaring text symbol \textdiv (encoding TU) on input
 line 200.
LaTeX Encoding Info:    Redeclaring text symbol \o (encoding TU) on input line 
201.
LaTeX Encoding Info:    Redeclaring text symbol \th (encoding TU) on input line
 202.
LaTeX Encoding Info:    Redeclaring text symbol \DJ (encoding TU) on input line
 203.
LaTeX Encoding Info:    Redeclaring text symbol \dj (encoding TU) on input line
 204.
LaTeX Encoding Info:    Redeclaring text symbol \i (encoding TU) on input line 
205.
LaTeX Encoding Info:    Redeclaring text symbol \IJ (encoding TU) on input line
 206.
LaTeX Encoding Info:    Redeclaring text symbol \ij (encoding TU) on input line
 207.
LaTeX Encoding Info:    Redeclaring text symbol \L (encoding TU) on input line 
208.
LaTeX Encoding Info:    Redeclaring text symbol \l (encoding TU) on input line 
209.
LaTeX Encoding Info:    Redeclaring text symbol \NG (encoding TU) on input line
 210.
LaTeX Encoding Info:    Redeclaring text symbol \ng (encoding TU) on input line
 211.
LaTeX Encoding Info:    Redeclaring text symbol \OE (encoding TU) on input line
 212.
LaTeX Encoding Info:    Redeclaring text symbol \oe (encoding TU) on input line
 213.
LaTeX Encoding Info:    Redeclaring text symbol \textflorin (encoding TU) on in
put line 214.
LaTeX Encoding Info:    Redeclaring text symbol \j (encoding TU) on input line 
215.
LaTeX Encoding Info:    Redeclaring text symbol \textasciicaron (encoding TU) o
n input line 216.
LaTeX Encoding Info:    Redeclaring text symbol \textasciibreve (encoding TU) o
n input line 217.
LaTeX Encoding Info:    Redeclaring text symbol \textacutedbl (encoding TU) on 
input line 218.
LaTeX Encoding Info:    Redeclaring text symbol \textgravedbl (encoding TU) on 
input line 219.
LaTeX Encoding Info:    Redeclaring text symbol \texttildelow (encoding TU) on 
input line 220.
LaTeX Encoding Info:    Redeclaring text symbol \textbaht (encoding TU) on inpu
t line 221.
LaTeX Encoding Info:    Redeclaring text symbol \SS (encoding TU) on input line
 222.
LaTeX Encoding Info:    Redeclaring text symbol \textcompwordmark (encoding TU)
 on input line 223.
LaTeX Encoding Info:    Redeclaring text symbol \textendash (encoding TU) on in
put line 224.
LaTeX Encoding Info:    Redeclaring text symbol \textemdash (encoding TU) on in
put line 225.
LaTeX Encoding Info:    Redeclaring text command \textnonbreakinghyphen (encodi
ng TU) on input line 226.
LaTeX Encoding Info:    Redeclaring text command \textfiguredash (encoding TU) 
on input line 228.
LaTeX Encoding Info:    Redeclaring text command \texthorizontalbar (encoding T
U) on input line 230.
LaTeX Encoding Info:    Redeclaring text symbol \textbardbl (encoding TU) on in
put line 232.
LaTeX Encoding Info:    Redeclaring text symbol \textquoteleft (encoding TU) on
 input line 233.
LaTeX Encoding Info:    Redeclaring text symbol \textquoteright (encoding TU) o
n input line 234.
LaTeX Encoding Info:    Redeclaring text symbol \quotesinglbase (encoding TU) o
n input line 235.
LaTeX Encoding Info:    Redeclaring text symbol \textquotedblleft (encoding TU)
 on input line 236.
LaTeX Encoding Info:    Redeclaring text symbol \textquotedblright (encoding TU
) on input line 237.
LaTeX Encoding Info:    Redeclaring text symbol \quotedblbase (encoding TU) on 
input line 238.
LaTeX Encoding Info:    Redeclaring text symbol \textdagger (encoding TU) on in
put line 239.
LaTeX Encoding Info:    Redeclaring text symbol \textdaggerdbl (encoding TU) on
 input line 240.
LaTeX Encoding Info:    Redeclaring text symbol \textbullet (encoding TU) on in
put line 241.
LaTeX Encoding Info:    Redeclaring text symbol \textellipsis (encoding TU) on 
input line 242.
LaTeX Encoding Info:    Redeclaring text symbol \textperthousand (encoding TU) 
on input line 243.
LaTeX Encoding Info:    Redeclaring text symbol \textpertenthousand (encoding T
U) on input line 244.
LaTeX Encoding Info:    Redeclaring text symbol \guilsinglleft (encoding TU) on
 input line 245.
LaTeX Encoding Info:    Redeclaring text symbol \guilsinglright (encoding TU) o
n input line 246.
LaTeX Encoding Info:    Redeclaring text symbol \textreferencemark (encoding TU
) on input line 247.
LaTeX Encoding Info:    Redeclaring text symbol \textinterrobang (encoding TU) 
on input line 248.
LaTeX Encoding Info:    Redeclaring text symbol \textfractionsolidus (encoding 
TU) on input line 249.
LaTeX Encoding Info:    Redeclaring text symbol \textlquill (encoding TU) on in
put line 250.
LaTeX Encoding Info:    Redeclaring text symbol \textrquill (encoding TU) on in
put line 251.
LaTeX Encoding Info:    Redeclaring text symbol \textdiscount (encoding TU) on 
input line 252.
LaTeX Encoding Info:    Redeclaring text symbol \textcolonmonetary (encoding TU
) on input line 253.
LaTeX Encoding Info:    Redeclaring text symbol \textlira (encoding TU) on inpu
t line 254.
LaTeX Encoding Info:    Redeclaring text symbol \textnaira (encoding TU) on inp
ut line 255.
LaTeX Encoding Info:    Redeclaring text symbol \textwon (encoding TU) on input
 line 256.
LaTeX Encoding Info:    Redeclaring text symbol \textdong (encoding TU) on inpu
t line 257.
LaTeX Encoding Info:    Redeclaring text symbol \texteuro (encoding TU) on inpu
t line 258.
LaTeX Encoding Info:    Redeclaring text symbol \textpeso (encoding TU) on inpu
t line 259.
LaTeX Encoding Info:    Redeclaring text symbol \textcelsius (encoding TU) on i
nput line 260.
LaTeX Encoding Info:    Redeclaring text symbol \textnumero (encoding TU) on in
put line 261.
LaTeX Encoding Info:    Redeclaring text symbol \textcircledP (encoding TU) on 
input line 262.
LaTeX Encoding Info:    Redeclaring text symbol \textrecipe (encoding TU) on in
put line 263.
LaTeX Encoding Info:    Redeclaring text symbol \textservicemark (encoding TU) 
on input line 264.
LaTeX Encoding Info:    Redeclaring text symbol \texttrademark (encoding TU) on
 input line 265.
LaTeX Encoding Info:    Redeclaring text symbol \textohm (encoding TU) on input
 line 266.
LaTeX Encoding Info:    Redeclaring text symbol \textmho (encoding TU) on input
 line 267.
LaTeX Encoding Info:    Redeclaring text symbol \textestimated (encoding TU) on
 input line 268.
LaTeX Encoding Info:    Redeclaring text symbol \textleftarrow (encoding TU) on
 input line 269.
LaTeX Encoding Info:    Redeclaring text symbol \textuparrow (encoding TU) on i
nput line 270.
LaTeX Encoding Info:    Redeclaring text symbol \textrightarrow (encoding TU) o
n input line 271.
LaTeX Encoding Info:    Redeclaring text symbol \textdownarrow (encoding TU) on
 input line 272.
LaTeX Encoding Info:    Redeclaring text symbol \textminus (encoding TU) on inp
ut line 273.
LaTeX Encoding Info:    Redeclaring text symbol \Hwithstroke (encoding TU) on i
nput line 275.
LaTeX Encoding Info:    Redeclaring text symbol \hwithstroke (encoding TU) on i
nput line 276.
LaTeX Encoding Info:    Redeclaring text command \textasteriskcentered (encodin
g TU) on input line 277.
LaTeX Encoding Info:    Redeclaring text symbol \textsurd (encoding TU) on inpu
t line 288.
LaTeX Encoding Info:    Redeclaring text symbol \textlangle (encoding TU) on in
put line 289.
LaTeX Encoding Info:    Redeclaring text symbol \textrangle (encoding TU) on in
put line 290.
LaTeX Encoding Info:    Redeclaring text symbol \textblank (encoding TU) on inp
ut line 291.
LaTeX Encoding Info:    Redeclaring text symbol \textvisiblespace (encoding TU)
 on input line 292.
LaTeX Encoding Info:    Redeclaring text symbol \textopenbullet (encoding TU) o
n input line 293.
LaTeX Encoding Info:    Redeclaring text symbol \textbigcircle (encoding TU) on
 input line 294.
LaTeX Encoding Info:    Redeclaring text symbol \textmusicalnote (encoding TU) 
on input line 295.
LaTeX Encoding Info:    Redeclaring text symbol \textmarried (encoding TU) on i
nput line 296.
LaTeX Encoding Info:    Redeclaring text symbol \textdivorced (encoding TU) on 
input line 297.
LaTeX Encoding Info:    Redeclaring text symbol \textinterrobangdown (encoding 
TU) on input line 298.
LaTeX Encoding Info:    Redeclaring text command \` (encoding TU) on input line
 299.
LaTeX Encoding Info:    Redeclaring text command \' (encoding TU) on input line
 300.
LaTeX Encoding Info:    Redeclaring text command \^ (encoding TU) on input line
 301.
LaTeX Encoding Info:    Redeclaring text command \~ (encoding TU) on input line
 302.
LaTeX Encoding Info:    Redeclaring text command \= (encoding TU) on input line
 303.
LaTeX Encoding Info:    Redeclaring text command \u (encoding TU) on input line
 304.
LaTeX Encoding Info:    Redeclaring text command \. (encoding TU) on input line
 305.
LaTeX Encoding Info:    Redeclaring text command \" (encoding TU) on input line
 306.
LaTeX Encoding Info:    Redeclaring text command \r (encoding TU) on input line
 307.
LaTeX Encoding Info:    Redeclaring text command \H (encoding TU) on input line
 308.
LaTeX Encoding Info:    Redeclaring text command \v (encoding TU) on input line
 309.
LaTeX Encoding Info:    Redeclaring text command \b (encoding TU) on input line
 310.
LaTeX Encoding Info:    Redeclaring text command \d (encoding TU) on input line
 311.
LaTeX Encoding Info:    Redeclaring text command \c (encoding TU) on input line
 312.
LaTeX Encoding Info:    Redeclaring text command \k (encoding TU) on input line
 313.
LaTeX Encoding Info:    Redeclaring text command \textcommabelow (encoding TU) 
on input line 314.
)
Lua function ctex_ltj_add_kyenc:n = 62
Lua function ctex_ltj_is_kenc:n = 63
Lua function ctex_ltj_patch_external_font:n = 64
Lua function ctex_ltj_set_alt_font:nnnn = 65
Lua function ctex_ltj_clear_alt_font:n = 66
Lua function ctex_ltj_pickup_alt_font:nn = 67
Lua function __ctex_ltj_pickup_alt_font:Nn = 68
Lua function __ctex_ltj_if_alt_set:nT = 69
Lua function ctex_ltj_zero_globaldefs: = 70
\symCJKmath=\mathgroup4
LaTeX Font Info:    Overwriting symbol font `CJKmath' in version `bold'
(Font)                  LTJY3/song/m/n --> LTJY3/song/b/n on input line 471.
\g__ctex_ltj_family_int=\count344
\ccwd=\dimen160
\l__ctex_ccglue_skip=\skip60
(load cache: ltj-cid-auto-adobe-gb1.luc)
(d:/texlive/2026/texmf-dist/tex/luatex/chinese-jfm/jfm-zh_CN.lua)
\l__ctex_xkanjiskip_skip=\skip61
\cht=\dimen161
\cdp=\dimen162
\cwd=\dimen163
Lua function ctex_update_kanjisize: = 71)
\l__ctex_ziju_dim=\dimen164

(d:/texlive/2026/texmf-dist/tex/latex/zhnumber/zhnumber.sty
Package: zhnumber 2022/07/14 v3.0 Typesetting numbers with Chinese glyphs
\l__zhnum_scale_int=\count345
\l__zhnum_tmp_int=\count346

(d:/texlive/2026/texmf-dist/tex/latex/zhnumber/zhnumber-utf8.cfg
File: zhnumber-utf8.cfg 2022/07/14 v3.0 Chinese numerals with UTF8 encoding
))
\l__ctex_heading_skip=\skip62

(d:/texlive/2026/texmf-dist/tex/latex/ctex/scheme/ctex-scheme-chinese-book.def
File: ctex-scheme-chinese-book.def 2022/07/14 v2.5.10 Chinese scheme for book (
CTEX)

(d:/texlive/2026/texmf-dist/tex/latex/ctex/config/ctex-name-utf8.cfg
File: ctex-name-utf8.cfg 2022/07/14 v2.5.10 Caption with encoding UTF-8 (CTEX)
))(load cache: extra_lmroman9-regular.luc)
(d:/texlive/2026/texmf-dist/tex/latex/ctex/fontset/ctex-fontset-windows.def
File: ctex-fontset-windows.def 2022/07/14 v2.5.10 Windows fonts definition (CTE
X)
luaotfload | cache : Lookup cache loaded from C:/Users/ASUS/AppData/Local/Temp/s
tatlearn-v2.7.0-texmf-cache/luatex-cache/generic/names/luaotfload-lookup-cache.l
uc.(load cache: extra_simsun.luc)(load cache: extra_kaiti.luc)

Package fontspec Info: 
(fontspec)             Could not resolve font "KaiTi/B" (it probably doesn't
(fontspec)             exist).

(load cache: extra_simhei.luc)

Package fontspec Info: 
(fontspec)             Could not resolve font "SimHei/I" (it probably doesn't
(fontspec)             exist).


Package fontspec Info: 
(fontspec)             Could not resolve font "SimSun/BI" (it probably doesn't
(fontspec)             exist).


Package fontspec Info: 
(fontspec)             Font family 'SimSun(0)' created for font 'SimSun' with
(fontspec)             options
(fontspec)             [NFSSEncoding=LTJY3,JFM=zh_CN/quanjiao,BoldFont={SimHei}
,ItalicFont={KaiTi},LTJFONTUID=1].
(fontspec)              
(fontspec)              This font family consists of the following NFSS
(fontspec)             series/shapes:
(fontspec)              
(fontspec)             - 'normal' (m/n) with NFSS spec.:
(fontspec)             <->"name:SimSun:mode=node;script=latn;language=dflt;jfm=
zh_CN/quanjiao;"
(fontspec)             - 'bold' (b/n) with NFSS spec.:
(fontspec)             <->"name:SimHei:mode=node;script=latn;language=dflt;jfm=
zh_CN/quanjiao;"
(fontspec)             - 'italic' (m/it) with NFSS spec.:
(fontspec)             <->"name:KaiTi:mode=node;script=latn;language=dflt;jfm=z
h_CN/quanjiao;"

))
(d:/texlive/2026/texmf-dist/tex/latex/ctex/config/ctex.cfg
File: ctex.cfg 2022/07/14 v2.5.10 Configuration file (CTEX)
)
(../common/statlearnbook.sty (../../../manifests/release_version.tex)

LaTeX Warning: You have requested package `../common/statlearnbook',
               but the package provides `statlearnbook'.

Package: statlearnbook 2026/08/17 v2.7.0\ beginner-oriented full edition for th
e five-volume statistical learning textbook
(load cache: extra_stixtwotext-regular.luc)

Package fontspec Info: 
(fontspec)             STIX Two Text scale = 0.9112024393477395.


Package fontspec Info: 
(fontspec)             STIX Two Text scale = 1.

(load cache: extra_stixtwotext-bolditalic.luc)(load cache: extra_stixtwotext-bol
d.luc)(load cache: extra_stixtwotext-italic.luc)

Package fontspec Info: 
(fontspec)             STIX Two Text scale = 0.9112024393477395.


Package fontspec Info: 
(fontspec)             STIX Two Text scale = 1.


Package fontspec Info: 
(fontspec)             STIX Two Text scale = 0.9112024393477395.


Package fontspec Info: 
(fontspec)             STIX Two Text scale = 1.


Package fontspec Info: 
(fontspec)             STIX Two Text/B scale = 0.9112024393477395.


Package fontspec Info: 
(fontspec)             STIX Two Text/B scale = 1.


Package fontspec Info: 
(fontspec)             STIX Two Text/B scale = 0.9112024393477395.


Package fontspec Info: 
(fontspec)             STIX Two Text/B scale = 1.


Package fontspec Info: 
(fontspec)             STIX Two Text/I scale = 0.9229102823092004.


Package fontspec Info: 
(fontspec)             STIX Two Text/I scale = 1.


Package fontspec Info: 
(fontspec)             STIX Two Text/I scale = 0.9229102823092004.


Package fontspec Info: 
(fontspec)             STIX Two Text/I scale = 1.


Package fontspec Info: 
(fontspec)             STIX Two Text/BI scale = 0.9112024393477395.


Package fontspec Info: 
(fontspec)             STIX Two Text/BI scale = 1.


Package fontspec Info: 
(fontspec)             STIX Two Text/BI scale = 0.9112024393477395.


Package fontspec Info: 
(fontspec)             STIX Two Text/BI scale = 1.


Package fontspec Info: 
(fontspec)             Font family 'STIXTwoText(0)' created for font 'STIX Two
(fontspec)             Text' with options
(fontspec)             [Ligatures=TeX,Scale=MatchLowercase,Ligatures=TeX,Scale=
1].
(fontspec)              
(fontspec)              This font family consists of the following NFSS
(fontspec)             series/shapes:
(fontspec)              
(fontspec)             - 'normal' (m/n) with NFSS spec.: <->s*[1]"name:STIX
(fontspec)             Two Text:mode=node;script=latn;language=dflt;+tlig;"
(fontspec)             - 'small caps'  (m/sc) with NFSS spec.:
(fontspec)             <->s*[1]"name:STIX Two
(fontspec)             Text:mode=node;script=latn;language=dflt;+tlig;+smcp;"
(fontspec)             - 'bold' (b/n) with NFSS spec.: <->s*[1]"name:STIX Two
(fontspec)             Text/B:mode=node;script=latn;language=dflt;+tlig;"
(fontspec)             - 'bold small caps'  (b/sc) with NFSS spec.:
(fontspec)             <->s*[1]"name:STIX Two
(fontspec)             Text/B:mode=node;script=latn;language=dflt;+tlig;+smcp;"

(fontspec)             - 'italic' (m/it) with NFSS spec.: <->s*[1]"name:STIX
(fontspec)             Two Text/I:mode=node;script=latn;language=dflt;+tlig;"
(fontspec)             - 'italic small caps'  (m/scit) with NFSS spec.:
(fontspec)             <->s*[1]"name:STIX Two
(fontspec)             Text/I:mode=node;script=latn;language=dflt;+tlig;+smcp;"

(fontspec)             - 'bold italic' (b/it) with NFSS spec.:
(fontspec)             <->s*[1]"name:STIX Two
(fontspec)             Text/BI:mode=node;script=latn;language=dflt;+tlig;"
(fontspec)             - 'bold italic small caps'  (b/scit) with NFSS spec.:
(fontspec)             <->s*[1]"name:STIX Two
(fontspec)             Text/BI:mode=node;script=latn;language=dflt;+tlig;+smcp;
"

LaTeX Font Info:    Font shape `TU/STIXTwoText(0)/m/n' will be
(Font)              scaled to size 10.95pt on input line 24.
(load cache: extra_texgyreheros-regular.luc)

Package fontspec Info: 
(fontspec)             TeX Gyre Heros scale = 0.9026707762350646.


Package fontspec Info: 
(fontspec)             TeX Gyre Heros scale = 1.

(load cache: extra_texgyreheros-bolditalic.luc)(load cache: extra_texgyreheros-b
old.luc)(load cache: extra_texgyreheros-italic.luc)

Package fontspec Info: 
(fontspec)             TeX Gyre Heros scale = 0.9026707762350646.


Package fontspec Info: 
(fontspec)             TeX Gyre Heros scale = 1.


Package fontspec Info: 
(fontspec)             TeX Gyre Heros scale = 0.9026707762350646.


Package fontspec Info: 
(fontspec)             TeX Gyre Heros scale = 1.


Package fontspec Info: 
(fontspec)             TeX Gyre Heros/B scale = 0.875924802910855.


Package fontspec Info: 
(fontspec)             TeX Gyre Heros/B scale = 1.


Package fontspec Info: 
(fontspec)             TeX Gyre Heros/B scale = 0.875924802910855.


Package fontspec Info: 
(fontspec)             TeX Gyre Heros/B scale = 1.


Package fontspec Info: 
(fontspec)             TeX Gyre Heros/I scale = 0.9026707762350646.


Package fontspec Info: 
(fontspec)             TeX Gyre Heros/I scale = 1.


Package fontspec Info: 
(fontspec)             TeX Gyre Heros/I scale = 0.9026707762350646.


Package fontspec Info: 
(fontspec)             TeX Gyre Heros/I scale = 1.


Package fontspec Info: 
(fontspec)             TeX Gyre Heros/BI scale = 0.875924802910855.


Package fontspec Info: 
(fontspec)             TeX Gyre Heros/BI scale = 1.


Package fontspec Info: 
(fontspec)             TeX Gyre Heros/BI scale = 0.875924802910855.


Package fontspec Info: 
(fontspec)             TeX Gyre Heros/BI scale = 1.


Package fontspec Info: 
(fontspec)             Font family 'TeXGyreHeros(0)' created for font 'TeX
(fontspec)             Gyre Heros' with options
(fontspec)             [Ligatures=TeX,Scale=MatchLowercase,Ligatures=TeX,Scale=
1].
(fontspec)              
(fontspec)              This font family consists of the following NFSS
(fontspec)             series/shapes:
(fontspec)              
(fontspec)             - 'normal' (m/n) with NFSS spec.: <->s*[1]"name:TeX
(fontspec)             Gyre Heros:mode=node;script=latn;language=dflt;+tlig;"
(fontspec)             - 'small caps'  (m/sc) with NFSS spec.:
(fontspec)             <->s*[1]"name:TeX Gyre
(fontspec)             Heros:mode=node;script=latn;language=dflt;+tlig;+smcp;"
(fontspec)             - 'bold' (b/n) with NFSS spec.: <->s*[1]"name:TeX Gyre
(fontspec)             Heros/B:mode=node;script=latn;language=dflt;+tlig;"
(fontspec)             - 'bold small caps'  (b/sc) with NFSS spec.:
(fontspec)             <->s*[1]"name:TeX Gyre
(fontspec)             Heros/B:mode=node;script=latn;language=dflt;+tlig;+smcp;
"
(fontspec)             - 'italic' (m/it) with NFSS spec.: <->s*[1]"name:TeX
(fontspec)             Gyre
(fontspec)             Heros/I:mode=node;script=latn;language=dflt;+tlig;"
(fontspec)             - 'italic small caps'  (m/scit) with NFSS spec.:
(fontspec)             <->s*[1]"name:TeX Gyre
(fontspec)             Heros/I:mode=node;script=latn;language=dflt;+tlig;+smcp;
"
(fontspec)             - 'bold italic' (b/it) with NFSS spec.:
(fontspec)             <->s*[1]"name:TeX Gyre
(fontspec)             Heros/BI:mode=node;script=latn;language=dflt;+tlig;"
(fontspec)             - 'bold italic small caps'  (b/scit) with NFSS spec.:
(fontspec)             <->s*[1]"name:TeX Gyre
(fontspec)             Heros/BI:mode=node;script=latn;language=dflt;+tlig;+smcp
;"

(load cache: extra_notoserifsc-extralight.luc)(load cache: extra_notosanssc-regu
lar.luc)(load cache: extra_notosanssc-bold.luc)

Class ctexbook Warning: Redefining CJKfamily `\CJKrmdefault' (SimSun).


Package fontspec Info: 
(fontspec)             Noto Serif SC scale = 0.9202319598109837.


Package fontspec Info: 
(fontspec)             Noto Serif SC scale = 1.


Package fontspec Info: 
(fontspec)             Noto Serif SC scale = 0.9202319598109837.


Package fontspec Info: 
(fontspec)             Noto Serif SC scale = 1.


Package fontspec Info: 
(fontspec)             Noto Sans SC Bold scale = 0.8710851288789431.


Package fontspec Info: 
(fontspec)             Noto Sans SC Bold scale = 1.


Package fontspec Info: 
(fontspec)             Noto Serif SC scale = 0.9202319598109837.


Package fontspec Info: 
(fontspec)             Noto Serif SC scale = 1.


Package fontspec Info: 
(fontspec)             Noto Sans SC Bold scale = 0.8710851288789431.


Package fontspec Info: 
(fontspec)             Noto Sans SC Bold scale = 1.


Package fontspec Info: 
(fontspec)             Font family 'NotoSerifSC(0)' created for font 'Noto
(fontspec)             Serif SC' with options
(fontspec)             [Ligatures=TeX,Scale=MatchLowercase,NFSSEncoding=LTJY3,J
FM=zh_CN/quanjiao,Scale={1},BoldFont={Noto
(fontspec)             Sans SC Bold},ItalicFont={Noto Serif
(fontspec)             SC},BoldItalicFont={Noto Sans SC Bold},LTJFONTUID=11].
(fontspec)              
(fontspec)              This font family consists of the following NFSS
(fontspec)             series/shapes:
(fontspec)              
(fontspec)             - 'normal' (m/n) with NFSS spec.: <->s*[1]"name:Noto
(fontspec)             Serif
(fontspec)             SC:mode=node;script=latn;language=dflt;jfm=zh_CN/quanjia
o;+tlig;"
(fontspec)             - 'bold' (b/n) with NFSS spec.: <->s*[1]"name:Noto Sans
(fontspec)             SC
(fontspec)             Bold:mode=node;script=latn;language=dflt;jfm=zh_CN/quanj
iao;+tlig;"
(fontspec)             - 'italic' (m/it) with NFSS spec.: <->s*[1]"name:Noto
(fontspec)             Serif
(fontspec)             SC:mode=node;script=latn;language=dflt;jfm=zh_CN/quanjia
o;+tlig;"
(fontspec)             - 'bold italic' (b/it) with NFSS spec.:
(fontspec)             <->s*[1]"name:Noto Sans SC
(fontspec)             Bold:mode=node;script=latn;language=dflt;jfm=zh_CN/quanj
iao;+tlig;"

LaTeX Font Info:    Font shape `LTJY3/NotoSerifSC(0)/m/n' will be
(Font)              scaled to size 10.95pt on input line 60.

Class ctexbook Warning: Redefining CJKfamily `\CJKsfdefault' (Microsoft
(ctexbook)              YaHei).

(d:/texlive/2026/texmf-dist/tex/latex/amsmath/amsmath.sty
Package: amsmath 2025/07/09 v2.17z AMS math features
\@mathmargin=\skip63

For additional information on amsmath, use the `?' option.
(d:/texlive/2026/texmf-dist/tex/latex/amsmath/amstext.sty
Package: amstext 2024/11/17 v2.01 AMS text

(d:/texlive/2026/texmf-dist/tex/latex/amsmath/amsgen.sty
File: amsgen.sty 1999/11/30 v2.0 generic functions
\@emptytoks=\toks28
\ex@=\dimen165
))
(d:/texlive/2026/texmf-dist/tex/latex/amsmath/amsbsy.sty
Package: amsbsy 1999/11/29 v1.2d Bold Symbols
\pmbraise@=\dimen166
)
(d:/texlive/2026/texmf-dist/tex/latex/amsmath/amsopn.sty
Package: amsopn 2022/04/08 v2.04 operator names
)
\inf@bad=\count347
LaTeX Info: Redefining \frac on input line 235.
\uproot@=\count348
\leftroot@=\count349
LaTeX Info: Redefining \overline on input line 398.
LaTeX Info: Redefining \colon on input line 409.
\classnum@=\count350
\DOTSCASE@=\count351
LaTeX Info: Redefining \ldots on input line 495.
LaTeX Info: Redefining \dots on input line 498.
LaTeX Info: Redefining \cdots on input line 619.
\Mathstrutbox@=\box64
\strutbox@=\box65
LaTeX Info: Redefining \big on input line 721.
LaTeX Info: Redefining \Big on input line 722.
LaTeX Info: Redefining \bigg on input line 723.
LaTeX Info: Redefining \Bigg on input line 724.
\big@size=\dimen167
LaTeX Font Info:    Redeclaring font encoding OML on input line 742.
LaTeX Font Info:    Redeclaring font encoding OMS on input line 743.
\macc@depth=\count352
LaTeX Info: Redefining \bmod on input line 904.
LaTeX Info: Redefining \pmod on input line 909.
LaTeX Info: Redefining \smash on input line 939.
LaTeX Info: Redefining \relbar on input line 969.
LaTeX Info: Redefining \Relbar on input line 970.
\c@MaxMatrixCols=\count353
\dotsspace@=\muskip17
\c@parentequation=\count354
\dspbrk@lvl=\count355
\tag@help=\toks29
\row@=\count356
\column@=\count357
\maxfields@=\count358
\andhelp@=\toks30
\eqnshift@=\dimen168
\alignsep@=\dimen169
\tagshift@=\dimen170
\tagwidth@=\dimen171
\totwidth@=\dimen172
\lineht@=\dimen173
\@envbody=\toks31
\multlinegap=\skip64
\multlinetaggap=\skip65
\mathdisplay@stack=\toks32
LaTeX Info: Redefining \[ on input line 2950.
LaTeX Info: Redefining \] on input line 2951.
)
(d:/texlive/2026/texmf-dist/tex/latex/latex-lab/latex-lab-amsmath.ltx
File: latex-lab-amsmath.ltx 2025-09-29 v0.1i amsmath adaptions
LaTeX Info: Redefining \eqref on input line 57.
)
(d:/texlive/2026/texmf-dist/tex/latex/mathtools/mathtools.sty
Package: mathtools 2024/10/04 v1.31 mathematical typesetting tools

(d:/texlive/2026/texmf-dist/tex/latex/tools/calc.sty
Package: calc 2025/03/01 v4.3b Infix arithmetic (KKT,FJ)
\calc@Acount=\count359
\calc@Bcount=\count360
\calc@Adimen=\dimen174
\calc@Bdimen=\dimen175
\calc@Askip=\skip66
\calc@Bskip=\skip67
LaTeX Info: Redefining \setlength on input line 86.
LaTeX Info: Redefining \addtolength on input line 87.
\calc@Ccount=\count361
\calc@Cskip=\skip68
)
(d:/texlive/2026/texmf-dist/tex/latex/mathtools/mhsetup.sty
Package: mhsetup 2021/03/18 v1.4 programming setup (MH)
)
\g_MT_multlinerow_int=\count362
\l_MT_multwidth_dim=\dimen176
\origjot=\skip69
\l_MT_shortvdotswithinadjustabove_dim=\dimen177
\l_MT_shortvdotswithinadjustbelow_dim=\dimen178
\l_MT_above_intertext_sep=\dimen179
\l_MT_below_intertext_sep=\dimen180
\l_MT_above_shortintertext_sep=\dimen181
\l_MT_below_shortintertext_sep=\dimen182
\xmathstrut@box=\box66
\xmathstrut@dim=\dimen183
)
(d:/texlive/2026/texmf-dist/tex/latex/latex-lab/latex-lab-mathtools.ltx
File: latex-lab-mathtools.ltx 2024-07-13 v0.1a mathtools adaptions
)
(d:/texlive/2026/texmf-dist/tex/latex/unicode-math/unicode-math.sty
Package: unicode-math 2023/08/13 v0.8r Unicode maths in XeLaTeX and LuaLaTeX

(d:/texlive/2026/texmf-dist/tex/latex/unicode-math/unicode-math-luatex.sty
Package: unicode-math-luatex 2023/08/13 v0.8r Unicode maths in XeLaTeX and LuaL
aTeX

(d:/texlive/2026/texmf-dist/tex/latex/l3packages/l3keys2e/l3keys2e.sty
Package: l3keys2e 2025-10-09 LaTeX2e option processing using LaTeX3 keys
)
(d:/texlive/2026/texmf-dist/tex/lualatex/lualatex-math/lualatex-math.sty
Package: lualatex-math 2022/01/01 v1.12 Patches for mathematics typesetting wit
h LuaLaTeX
Lua module: lualatex-math 2013/08/03 v1.3 Patches for mathematics typesetting wi
th LuaLaTeX)
\g__um_fam_int=\count363
\g__um_fonts_used_int=\count364
\l__um_primecount_int=\count365
\g__um_primekern_muskip=\muskip18

(d:/texlive/2026/texmf-dist/tex/latex/unicode-math/unicode-math-table.tex)))
(d:/texlive/2026/texmf-dist/tex/latex/latex-lab/latex-lab-unicode-math.ltx
File: latex-lab-unicode-math.ltx 2025-06-30 v0.1e unicode-mathadaptions
LaTeX Info: Redefining \frac on input line 93.
)(load cache: extra_stixtwomath-regular.luc)

Package fontspec Info: 
(fontspec)             STIX Two Math scale = 0.9999970539278506.


Package fontspec Info: 
(fontspec)             STIX Two Math scale = 1.


Package fontspec Info: 
(fontspec)             Could not resolve font "STIX Two Math/B" (it probably
(fontspec)             doesn't exist).


Package fontspec Info: 
(fontspec)             STIX Two Math scale = 0.9999970539278506.


Package fontspec Info: 
(fontspec)             STIX Two Math scale = 1.


Package fontspec Info: 
(fontspec)             Font family 'STIXTwoMath(0)' created for font 'STIX Two
(fontspec)             Math' with options
(fontspec)             [Ligatures=TeX,Scale=MatchLowercase,Renderer=Basic,BoldI
talicFont={},ItalicFont={},SmallCapsFont={},Script=Math,RawFeature={mathfontdim
en=xetex},Scale={1}].
(fontspec)              
(fontspec)              This font family consists of the following NFSS
(fontspec)             series/shapes:
(fontspec)              
(fontspec)             - 'normal' (m/n) with NFSS spec.: <->s*[1]"name:STIX
(fontspec)             Two
(fontspec)             Math:mode=base;script=math;language=dflt;+tlig;mathfontd
imen=xetex;"

LaTeX Font Info:    Font shape `TU/STIXTwoMath(0)/m/n' will be
(Font)              scaled to size 10.95pt on input line 72.

Package fontspec Info: 
(fontspec)             STIX Two Math scale = 0.9999970539278506.


Package fontspec Info: 
(fontspec)             STIX Two Math scale = 1.


Package fontspec Info: 
(fontspec)             Could not resolve font "STIX Two Math/B" (it probably
(fontspec)             doesn't exist).


Package fontspec Info: 
(fontspec)             STIX Two Math scale = 0.9999970539278506.


Package fontspec Info: 
(fontspec)             STIX Two Math scale = 1.


Package fontspec Info: 
(fontspec)             STIX Two Math scale = 0.9999970539278506.


Package fontspec Info: 
(fontspec)             STIX Two Math scale = 1.


Package fontspec Info: 
(fontspec)             STIX Two Math scale = 0.9999970539278506.


Package fontspec Info: 
(fontspec)             STIX Two Math scale = 1.


Package fontspec Info: 
(fontspec)             Font family 'STIXTwoMath(1)' created for font 'STIX Two
(fontspec)             Math' with options
(fontspec)             [Ligatures=TeX,Scale=MatchLowercase,Renderer=Basic,BoldI
talicFont={},ItalicFont={},SmallCapsFont={},Script=Math,SizeFeatures={{Size=9.3
075-},{Size=6.84375-9.3075,Font=STIX
(fontspec)             Two Math,Style=MathScript},{Size=-6.84375,Font=STIX Two
(fontspec)             Math,Style=MathScriptScript}},RawFeature={mathfontdimen=
xetex},Scale={1}].
(fontspec)              
(fontspec)              This font family consists of the following NFSS
(fontspec)             series/shapes:
(fontspec)              
(fontspec)             - 'normal' (m/n) with NFSS spec.:
(fontspec)             <9.3075->s*[1]"name:STIX Two
(fontspec)             Math:mode=base;script=math;language=dflt;+tlig;mathfontd
imen=xetex;"<6.84375-9.3075>s*[1]"name:STIX
(fontspec)             Two
(fontspec)             Math:mode=base;script=math;language=dflt;+tlig;mathfontd
imen=xetex;+ssty=0;"<-6.84375>s*[1]"name:STIX
(fontspec)             Two
(fontspec)             Math:mode=base;script=math;language=dflt;+tlig;mathfontd
imen=xetex;+ssty=1;"

LaTeX Font Info:    Font shape `TU/STIXTwoMath(1)/m/n' will be
(Font)              scaled to size 10.95pt on input line 72.
LaTeX Font Info:    Encoding `OT1' has changed to `TU' for symbol font
(Font)              `operators' in the math version `normal' on input line 72.
LaTeX Font Info:    Overwriting symbol font `operators' in version `normal'
(Font)                  OT1/cmr/m/n --> TU/STIXTwoMath(1)/m/n on input line 72.

LaTeX Font Info:    Encoding `OT1' has changed to `TU' for symbol font
(Font)              `operators' in the math version `bold' on input line 72.
LaTeX Font Info:    Overwriting symbol font `operators' in version `bold'
(Font)                  OT1/cmr/bx/n --> TU/STIXTwoMath(1)/b/n on input line 72
.

Package fontspec Info: 
(fontspec)             STIX Two Math scale = 0.9999970539278506.


Package fontspec Info: 
(fontspec)             STIX Two Math scale = 1.


Package fontspec Info: 
(fontspec)             Could not resolve font "STIX Two Math/B" (it probably
(fontspec)             doesn't exist).


Package fontspec Info: 
(fontspec)             STIX Two Math scale = 0.9999970539278506.


Package fontspec Info: 
(fontspec)             STIX Two Math scale = 1.


Package fontspec Info: 
(fontspec)             STIX Two Math scale = 0.9999970539278506.


Package fontspec Info: 
(fontspec)             STIX Two Math scale = 1.


Package fontspec Info: 
(fontspec)             STIX Two Math scale = 0.9999970539278506.


Package fontspec Info: 
(fontspec)             STIX Two Math scale = 1.


Package fontspec Info: 
(fontspec)             Font family 'STIXTwoMath(2)' created for font 'STIX Two
(fontspec)             Math' with options
(fontspec)             [Ligatures=TeX,Scale=MatchLowercase,Renderer=Basic,BoldI
talicFont={},ItalicFont={},SmallCapsFont={},Script=Math,SizeFeatures={{Size=9.3
075-},{Size=6.84375-9.3075,Font=STIX
(fontspec)             Two Math,Style=MathScript},{Size=-6.84375,Font=STIX Two
(fontspec)             Math,Style=MathScriptScript}},RawFeature={mathfontdimen=
xetex},Scale={1},RawFeature={mathfontdimen=tex2}].
(fontspec)              
(fontspec)              This font family consists of the following NFSS
(fontspec)             series/shapes:
(fontspec)              
(fontspec)             - 'normal' (m/n) with NFSS spec.:
(fontspec)             <9.3075->s*[1]"name:STIX Two
(fontspec)             Math:mode=base;script=math;language=dflt;+tlig;mathfontd
imen=xetex;mathfontdimen=tex2;"<6.84375-9.3075>s*[1]"name:STIX
(fontspec)             Two
(fontspec)             Math:mode=base;script=math;language=dflt;+tlig;mathfontd
imen=xetex;mathfontdimen=tex2;+ssty=0;"<-6.84375>s*[1]"name:STIX
(fontspec)             Two
(fontspec)             Math:mode=base;script=math;language=dflt;+tlig;mathfontd
imen=xetex;mathfontdimen=tex2;+ssty=1;"

LaTeX Font Info:    Encoding `OMS' has changed to `TU' for symbol font
(Font)              `symbols' in the math version `normal' on input line 72.
LaTeX Font Info:    Overwriting symbol font `symbols' in version `normal'
(Font)                  OMS/cmsy/m/n --> TU/STIXTwoMath(2)/m/n on input line 72
.
LaTeX Font Info:    Encoding `OMS' has changed to `TU' for symbol font
(Font)              `symbols' in the math version `bold' on input line 72.
LaTeX Font Info:    Overwriting symbol font `symbols' in version `bold'
(Font)                  OMS/cmsy/b/n --> TU/STIXTwoMath(2)/b/n on input line 72
.

Package fontspec Info: 
(fontspec)             STIX Two Math scale = 0.9999970539278506.


Package fontspec Info: 
(fontspec)             STIX Two Math scale = 1.


Package fontspec Info: 
(fontspec)             Could not resolve font "STIX Two Math/B" (it probably
(fontspec)             doesn't exist).


Package fontspec Info: 
(fontspec)             STIX Two Math scale = 0.9999970539278506.


Package fontspec Info: 
(fontspec)             STIX Two Math scale = 1.


Package fontspec Info: 
(fontspec)             STIX Two Math scale = 0.9999970539278506.


Package fontspec Info: 
(fontspec)             STIX Two Math scale = 1.


Package fontspec Info: 
(fontspec)             STIX Two Math scale = 0.9999970539278506.


Package fontspec Info: 
(fontspec)             STIX Two Math scale = 1.


Package fontspec Info: 
(fontspec)             Font family 'STIXTwoMath(3)' created for font 'STIX Two
(fontspec)             Math' with options
(fontspec)             [Ligatures=TeX,Scale=MatchLowercase,Renderer=Basic,BoldI
talicFont={},ItalicFont={},SmallCapsFont={},Script=Math,SizeFeatures={{Size=9.3
075-},{Size=6.84375-9.3075,Font=STIX
(fontspec)             Two Math,Style=MathScript},{Size=-6.84375,Font=STIX Two
(fontspec)             Math,Style=MathScriptScript}},RawFeature={mathfontdimen=
xetex},Scale={1},RawFeature={mathfontdimen=tex3}].
(fontspec)              
(fontspec)              This font family consists of the following NFSS
(fontspec)             series/shapes:
(fontspec)              
(fontspec)             - 'normal' (m/n) with NFSS spec.:
(fontspec)             <9.3075->s*[1]"name:STIX Two
(fontspec)             Math:mode=base;script=math;language=dflt;+tlig;mathfontd
imen=xetex;mathfontdimen=tex3;"<6.84375-9.3075>s*[1]"name:STIX
(fontspec)             Two
(fontspec)             Math:mode=base;script=math;language=dflt;+tlig;mathfontd
imen=xetex;mathfontdimen=tex3;+ssty=0;"<-6.84375>s*[1]"name:STIX
(fontspec)             Two
(fontspec)             Math:mode=base;script=math;language=dflt;+tlig;mathfontd
imen=xetex;mathfontdimen=tex3;+ssty=1;"

LaTeX Font Info:    Encoding `OMX' has changed to `TU' for symbol font
(Font)              `largesymbols' in the math version `normal' on input line 7
2.
LaTeX Font Info:    Overwriting symbol font `largesymbols' in version `normal'
(Font)                  OMX/cmex/m/n --> TU/STIXTwoMath(3)/m/n on input line 72
.
LaTeX Font Info:    Encoding `OMX' has changed to `TU' for symbol font
(Font)              `largesymbols' in the math version `bold' on input line 72.

LaTeX Font Info:    Overwriting symbol font `largesymbols' in version `bold'
(Font)                  OMX/cmex/m/n --> TU/STIXTwoMath(3)/b/n on input line 72
.
LaTeX Font Info:    Font shape `TU/STIXTwoMath(1)/m/n' will be
(Font)              scaled to size 7.665pt on input line 72.
LaTeX Font Info:    Font shape `TU/STIXTwoMath(1)/m/n' will be
(Font)              scaled to size 6.0225pt on input line 72.
LaTeX Font Info:    Font shape `TU/STIXTwoMath(2)/m/n' will be
(Font)              scaled to size 10.95pt on input line 72.
LaTeX Font Info:    Font shape `TU/STIXTwoMath(2)/m/n' will be
(Font)              scaled to size 7.665pt on input line 72.
LaTeX Font Info:    Font shape `TU/STIXTwoMath(2)/m/n' will be
(Font)              scaled to size 6.0225pt on input line 72.
LaTeX Font Info:    Font shape `TU/STIXTwoMath(3)/m/n' will be
(Font)              scaled to size 10.95pt on input line 72.
LaTeX Font Info:    Font shape `TU/STIXTwoMath(3)/m/n' will be
(Font)              scaled to size 7.665pt on input line 72.
LaTeX Font Info:    Font shape `TU/STIXTwoMath(3)/m/n' will be
(Font)              scaled to size 6.0225pt on input line 72.
LaTeX Font Info:    Redeclaring math version `bold' on input line 76.
(load cache: extra_xitsmath-bold.luc)

Package fontspec Info: 
(fontspec)             XITSMath-Bold scale = 1.026029024584143.


Package fontspec Info: 
(fontspec)             XITSMath-Bold scale = 1.


Package fontspec Info: 
(fontspec)             XITSMath-Bold scale = 1.026029024584143.


Package fontspec Info: 
(fontspec)             XITSMath-Bold scale = 1.


Package fontspec Info: 
(fontspec)             Font family 'XITSMath-Bold.otf(0)' created for font
(fontspec)             'XITSMath-Bold.otf' with options
(fontspec)             [Ligatures=TeX,Scale=MatchLowercase,Renderer=Basic,BoldI
talicFont={},ItalicFont={},SmallCapsFont={},Script=Math,RawFeature={mathfontdim
en=xetex},Scale={1}].
(fontspec)              
(fontspec)              This font family consists of the following NFSS
(fontspec)             series/shapes:
(fontspec)              
(fontspec)             - 'normal' (m/n) with NFSS spec.:
(fontspec)             <->s*[1]"[XITSMath-Bold.otf]:mode=base;script=math;langu
age=dflt;+tlig;mathfontdimen=xetex;"

LaTeX Font Info:    Font shape `TU/XITSMath-Bold.otf(0)/m/n' will be
(Font)              scaled to size 10.95pt on input line 76.

Package fontspec Info: 
(fontspec)             XITSMath-Bold scale = 1.026029024584143.


Package fontspec Info: 
(fontspec)             XITSMath-Bold scale = 1.


Package fontspec Info: 
(fontspec)             XITSMath-Bold scale = 1.026029024584143.


Package fontspec Info: 
(fontspec)             XITSMath-Bold scale = 1.


Package fontspec Info: 
(fontspec)             XITSMath-Bold scale = 1.026029024584143.


Package fontspec Info: 
(fontspec)             XITSMath-Bold scale = 1.


Package fontspec Info: 
(fontspec)             XITSMath-Bold scale = 1.026029024584143.


Package fontspec Info: 
(fontspec)             XITSMath-Bold scale = 1.


Package fontspec Info: 
(fontspec)             Font family 'XITSMath-Bold.otf(1)' created for font
(fontspec)             'XITSMath-Bold.otf' with options
(fontspec)             [Ligatures=TeX,Scale=MatchLowercase,Renderer=Basic,BoldI
talicFont={},ItalicFont={},SmallCapsFont={},Script=Math,SizeFeatures={{Size=9.5
8125-},{Size=7.39125-9.58125,Font=XITSMath-Bold.otf,Style=MathScript},{Size=-7.
39125,Font=XITSMath-Bold.otf,Style=MathScriptScript}},RawFeature={mathfontdimen
=xetex},Scale={1}].
(fontspec)              
(fontspec)              This font family consists of the following NFSS
(fontspec)             series/shapes:
(fontspec)              
(fontspec)             - 'normal' (m/n) with NFSS spec.:
(fontspec)             <9.58125->s*[1]"[XITSMath-Bold.otf]:mode=base;script=mat
h;language=dflt;+tlig;mathfontdimen=xetex;"<7.39125-9.58125>s*[1]"[XITSMath-Bol
d.otf]:mode=base;script=math;language=dflt;+tlig;mathfontdimen=xetex;+ssty=0;"<
-7.39125>s*[1]"[XITSMath-Bold.otf]:mode=base;script=math;language=dflt;+tlig;ma
thfontdimen=xetex;+ssty=1;"

LaTeX Font Info:    Font shape `TU/XITSMath-Bold.otf(1)/m/n' will be
(Font)              scaled to size 10.95pt on input line 76.
LaTeX Font Info:    Encoding `OT1' has changed to `TU' for symbol font
(Font)              `operators' in the math version `bold' on input line 76.
LaTeX Font Info:    Overwriting symbol font `operators' in version `bold'
(Font)                  OT1/cmr/m/n --> TU/XITSMath-Bold.otf(1)/m/n on input li
ne 76.

Package fontspec Info: 
(fontspec)             XITSMath-Bold scale = 1.026029024584143.


Package fontspec Info: 
(fontspec)             XITSMath-Bold scale = 1.


Package fontspec Info: 
(fontspec)             XITSMath-Bold scale = 1.026029024584143.


Package fontspec Info: 
(fontspec)             XITSMath-Bold scale = 1.


Package fontspec Info: 
(fontspec)             XITSMath-Bold scale = 1.026029024584143.


Package fontspec Info: 
(fontspec)             XITSMath-Bold scale = 1.


Package fontspec Info: 
(fontspec)             XITSMath-Bold scale = 1.026029024584143.


Package fontspec Info: 
(fontspec)             XITSMath-Bold scale = 1.


Package fontspec Info: 
(fontspec)             Font family 'XITSMath-Bold.otf(2)' created for font
(fontspec)             'XITSMath-Bold.otf' with options
(fontspec)             [Ligatures=TeX,Scale=MatchLowercase,Renderer=Basic,BoldI
talicFont={},ItalicFont={},SmallCapsFont={},Script=Math,SizeFeatures={{Size=9.5
8125-},{Size=7.39125-9.58125,Font=XITSMath-Bold.otf,Style=MathScript},{Size=-7.
39125,Font=XITSMath-Bold.otf,Style=MathScriptScript}},RawFeature={mathfontdimen
=xetex},Scale={1},RawFeature={mathfontdimen=tex2}].
(fontspec)              
(fontspec)              This font family consists of the following NFSS
(fontspec)             series/shapes:
(fontspec)              
(fontspec)             - 'normal' (m/n) with NFSS spec.:
(fontspec)             <9.58125->s*[1]"[XITSMath-Bold.otf]:mode=base;script=mat
h;language=dflt;+tlig;mathfontdimen=xetex;mathfontdimen=tex2;"<7.39125-9.58125>
s*[1]"[XITSMath-Bold.otf]:mode=base;script=math;language=dflt;+tlig;mathfontdim
en=xetex;mathfontdimen=tex2;+ssty=0;"<-7.39125>s*[1]"[XITSMath-Bold.otf]:mode=b
ase;script=math;language=dflt;+tlig;mathfontdimen=xetex;mathfontdimen=tex2;+sst
y=1;"

LaTeX Font Info:    Encoding `OMS' has changed to `TU' for symbol font
(Font)              `symbols' in the math version `bold' on input line 76.
LaTeX Font Info:    Overwriting symbol font `symbols' in version `bold'
(Font)                  OMS/cmsy/m/n --> TU/XITSMath-Bold.otf(2)/m/n on input l
ine 76.

Package fontspec Info: 
(fontspec)             XITSMath-Bold scale = 1.026029024584143.


Package fontspec Info: 
(fontspec)             XITSMath-Bold scale = 1.


Package fontspec Info: 
(fontspec)             XITSMath-Bold scale = 1.026029024584143.


Package fontspec Info: 
(fontspec)             XITSMath-Bold scale = 1.


Package fontspec Info: 
(fontspec)             XITSMath-Bold scale = 1.026029024584143.


Package fontspec Info: 
(fontspec)             XITSMath-Bold scale = 1.


Package fontspec Info: 
(fontspec)             XITSMath-Bold scale = 1.026029024584143.


Package fontspec Info: 
(fontspec)             XITSMath-Bold scale = 1.


Package fontspec Info: 
(fontspec)             Font family 'XITSMath-Bold.otf(3)' created for font
(fontspec)             'XITSMath-Bold.otf' with options
(fontspec)             [Ligatures=TeX,Scale=MatchLowercase,Renderer=Basic,BoldI
talicFont={},ItalicFont={},SmallCapsFont={},Script=Math,SizeFeatures={{Size=9.5
8125-},{Size=7.39125-9.58125,Font=XITSMath-Bold.otf,Style=MathScript},{Size=-7.
39125,Font=XITSMath-Bold.otf,Style=MathScriptScript}},RawFeature={mathfontdimen
=xetex},Scale={1},RawFeature={mathfontdimen=tex3}].
(fontspec)              
(fontspec)              This font family consists of the following NFSS
(fontspec)             series/shapes:
(fontspec)              
(fontspec)             - 'normal' (m/n) with NFSS spec.:
(fontspec)             <9.58125->s*[1]"[XITSMath-Bold.otf]:mode=base;script=mat
h;language=dflt;+tlig;mathfontdimen=xetex;mathfontdimen=tex3;"<7.39125-9.58125>
s*[1]"[XITSMath-Bold.otf]:mode=base;script=math;language=dflt;+tlig;mathfontdim
en=xetex;mathfontdimen=tex3;+ssty=0;"<-7.39125>s*[1]"[XITSMath-Bold.otf]:mode=b
ase;script=math;language=dflt;+tlig;mathfontdimen=xetex;mathfontdimen=tex3;+sst
y=1;"

LaTeX Font Info:    Encoding `OMX' has changed to `TU' for symbol font
(Font)              `largesymbols' in the math version `bold' on input line 76.

LaTeX Font Info:    Overwriting symbol font `largesymbols' in version `bold'
(Font)                  OMX/cmex/m/n --> TU/XITSMath-Bold.otf(3)/m/n on input l
ine 76.
LaTeX Font Info:    Font shape `TU/STIXTwoMath(1)/m/n' will be
(Font)              scaled to size 8.2125pt on input line 76.
LaTeX Font Info:    Font shape `TU/STIXTwoMath(1)/m/n' will be
(Font)              scaled to size 6.57pt on input line 76.
LaTeX Font Info:    Font shape `TU/STIXTwoMath(2)/m/n' will be
(Font)              scaled to size 8.2125pt on input line 76.
LaTeX Font Info:    Font shape `TU/STIXTwoMath(2)/m/n' will be
(Font)              scaled to size 6.57pt on input line 76.
LaTeX Font Info:    Font shape `TU/STIXTwoMath(3)/m/n' will be
(Font)              scaled to size 8.2125pt on input line 76.
LaTeX Font Info:    Font shape `TU/STIXTwoMath(3)/m/n' will be
(Font)              scaled to size 6.57pt on input line 76.

(d:/texlive/2026/texmf-dist/tex/latex/geometry/geometry.sty
Package: geometry 2020/01/02 v5.9 Page Geometry

(d:/texlive/2026/texmf-dist/tex/generic/iftex/ifvtex.sty
Package: ifvtex 2019/10/25 v1.7 ifvtex legacy package. Use iftex instead.
)
\Gm@cnth=\count366
\Gm@cntv=\count367
\c@Gm@tempcnt=\count368
\Gm@bindingoffset=\dimen184
\Gm@wd@mp=\dimen185
\Gm@odd@mp=\dimen186
\Gm@even@mp=\dimen187
\Gm@layoutwidth=\dimen188
\Gm@layoutheight=\dimen189
\Gm@layouthoffset=\dimen190
\Gm@layoutvoffset=\dimen191
\Gm@dimlist=\toks33
)
(d:/texlive/2026/texmf-dist/tex/latex/microtype/microtype.sty
Package: microtype 2026/03/01 v3.2d Micro-typographical refinements (RS)
\MT@toks=\toks34
\MT@tempbox=\box67
\MT@count=\count369
LaTeX Info: Redefining \noprotrusionifhmode on input line 1084.
LaTeX Info: Redefining \leftprotrusion on input line 1085.
\MT@prot@toks=\toks35
LaTeX Info: Redefining \rightprotrusion on input line 1104.
LaTeX Info: Redefining \textls on input line 1449.
\MT@outer@kern=\dimen192
LaTeX Info: Redefining \microtypecontext on input line 2053.
LaTeX Info: Redefining \textmicrotypecontext on input line 2070.
\MT@listname@count=\count370

(d:/texlive/2026/texmf-dist/tex/latex/microtype/microtype-luatex.def
File: microtype-luatex.def 2026/03/01 v3.2d Definitions specific to luatex (RS)

Lua module: microtype 2026/03/01 v3.2d microtype module.
Module microtype Info: overwriting function `keepligature' on input line 63
LaTeX Info: Redefining \lsstyle on input line 779.
LaTeX Info: Redefining \lslig on input line 779.
\MT@outer@space=\skip70
)
Package microtype Info: Loading configuration file microtype.cfg.

(d:/texlive/2026/texmf-dist/tex/latex/microtype/microtype.cfg
File: microtype.cfg 2026/03/01 v3.2d microtype main configuration file (RS)
)
LaTeX Info: Redefining \microtypesetup on input line 3065.
)
==> First Aid for microtype.sty no longer applied!
    Expected:
        2025/07/09 v3.2b Micro-typographical refinements (RS)
    but found:
        2026/03/01 v3.2d Micro-typographical refinements (RS)
    so I'm assuming it got fixed.
(d:/texlive/2026/texmf-dist/tex/latex/setspace/setspace.sty
Package: setspace 2022/12/04 v6.7b set line spacing
)
(d:/texlive/2026/texmf-dist/tex/latex/needspace/needspace.sty
Package: needspace 2025/03/13 v1.3e reserve vertical space
)
(d:/texlive/2026/texmf-dist/tex/latex/placeins/placeins.sty
Package: placeins 2005/04/18  v 2.2
)
(d:/texlive/2026/texmf-dist/tex/latex/xcolor/xcolor.sty
Package: xcolor 2024/09/29 v3.02 LaTeX color extensions (UK)

(d:/texlive/2026/texmf-dist/tex/latex/graphics-cfg/color.cfg
File: color.cfg 2016/01/02 v1.6 sample color configuration
)
Package xcolor Info: Driver file: luatex.def on input line 274.

(d:/texlive/2026/texmf-dist/tex/latex/graphics-def/luatex.def
File: luatex.def 2025/09/29 v1.2f Graphics/color driver for luatex
)
(d:/texlive/2026/texmf-dist/tex/latex/graphics/mathcolor.ltx)
Package xcolor Info: Model `cmy' substituted by `cmy0' on input line 1349.
Package xcolor Info: Model `hsb' substituted by `rgb' on input line 1353.
Package xcolor Info: Model `RGB' extended on input line 1365.
Package xcolor Info: Model `HTML' substituted by `rgb' on input line 1367.
Package xcolor Info: Model `Hsb' substituted by `hsb' on input line 1368.
Package xcolor Info: Model `tHsb' substituted by `hsb' on input line 1369.
Package xcolor Info: Model `HSB' substituted by `hsb' on input line 1370.
Package xcolor Info: Model `Gray' substituted by `gray' on input line 1371.
Package xcolor Info: Model `wave' substituted by `hsb' on input line 1372.
)
(d:/texlive/2026/texmf-dist/tex/latex/pdfmanagement-testphase/xcolor-patches-tm
p-ltx.sty
Package: xcolor-patches-tmp-ltx 2026-01-23 v0.96y patch xcolor for l3color
) (d:/texlive/2026/texmf-dist/tex/latex/fancyhdr/fancyhdr.sty
Package: fancyhdr 2025/02/07 v5.2 Extensive control of page headers and footers

\f@nch@headwidth=\skip71
\f@nch@offset@elh=\skip72
\f@nch@offset@erh=\skip73
\f@nch@offset@olh=\skip74
\f@nch@offset@orh=\skip75
\f@nch@offset@elf=\skip76
\f@nch@offset@erf=\skip77
\f@nch@offset@olf=\skip78
\f@nch@offset@orf=\skip79
\f@nch@height=\skip80
\f@nch@footalignment=\skip81
\f@nch@widthL=\skip82
\f@nch@widthC=\skip83
\f@nch@widthR=\skip84
\@temptokenb=\toks36
)
(d:/texlive/2026/texmf-dist/tex/latex/amscls/amsthm.sty
Package: amsthm 2020/05/29 v2.20.6
\thm@style=\toks37
\thm@bodyfont=\toks38
\thm@headfont=\toks39
\thm@notefont=\toks40
\thm@headpunct=\toks41
\thm@preskip=\skip85
\thm@postskip=\skip86
\thm@headsep=\skip87
\dth@everypar=\toks42
)
(d:/texlive/2026/texmf-dist/tex/latex/chngcntr/chngcntr.sty
Package: chngcntr 2018/04/09 v1.1a change counter resetting
Package chngcntr Info: \counterwithout already defined.
(chngcntr)             Quitting chngcntr on input line 21.
)
(d:/texlive/2026/texmf-dist/tex/latex/graphics/graphicx.sty
Package: graphicx 2024/12/31 v1.2e Enhanced LaTeX Graphics (DPC,SPQR)

(d:/texlive/2026/texmf-dist/tex/latex/graphics/graphics.sty
Package: graphics 2024/08/06 v1.4g Standard LaTeX Graphics (DPC,SPQR)

(d:/texlive/2026/texmf-dist/tex/latex/graphics/trig.sty
Package: trig 2023/12/02 v1.11 sin cos tan (DPC)
)
(d:/texlive/2026/texmf-dist/tex/latex/graphics-cfg/graphics.cfg
File: graphics.cfg 2016/06/04 v1.11 sample graphics configuration
)
Package graphics Info: Driver file: luatex.def on input line 106.
)
\Gin@req@height=\dimen193
\Gin@req@width=\dimen194
)
(d:/texlive/2026/texmf-dist/tex/latex/booktabs/booktabs.sty
Package: booktabs 2020/01/12 v1.61803398 Publication quality tables
\heavyrulewidth=\dimen195
\lightrulewidth=\dimen196
\cmidrulewidth=\dimen197
\belowrulesep=\dimen198
\belowbottomsep=\dimen199
\aboverulesep=\dimen256
\abovetopsep=\dimen257
\cmidrulesep=\dimen258
\cmidrulekern=\dimen259
\defaultaddspace=\dimen260
\@cmidla=\count371
\@cmidlb=\count372
\@aboverulesep=\dimen261
\@belowrulesep=\dimen262
\@thisruleclass=\count373
\@lastruleclass=\count374
\@thisrulewidth=\dimen263
)
(d:/texlive/2026/texmf-dist/tex/latex/tools/longtable.sty
Package: longtable 2025-10-13 v4.24 Multi-page Table package (DPC)
\LTleft=\skip88
\LTright=\skip89
\LTpre=\skip90
\LTpost=\skip91
\LTchunksize=\count375
\LTcapwidth=\dimen264
\LT@head=\box68
\LT@firsthead=\box69
\LT@foot=\box70
\LT@lastfoot=\box71
\LT@gbox=\box72
\LT@cols=\count376
\LT@rows=\count377
\c@LT@tables=\count378
\c@LT@chunks=\count379
\LT@p@ftn=\toks43
)
(d:/texlive/2026/texmf-dist/tex/latex/tools/tabularx.sty
Package: tabularx 2023/12/11 v2.12a `tabularx' package (DPC)
\TX@col@width=\dimen265
\TX@old@table=\dimen266
\TX@old@col=\dimen267
\TX@target=\dimen268
\TX@delta=\dimen269
\TX@cols=\count380
\TX@ftn=\toks44
)
(d:/texlive/2026/texmf-dist/tex/latex/multirow/multirow.sty
Package: multirow 2024/11/12 v2.9 Span multiple rows of a table
\multirow@colwidth=\skip92
\multirow@cntb=\count381
\multirow@dima=\skip93
\bigstrutjot=\dimen270
)
(d:/texlive/2026/texmf-dist/tex/latex/float/float.sty
Package: float 2001/11/08 v1.3d Float enhancements (AL)
\c@float@type=\count382
\float@exts=\toks45
\float@box=\box73
\@float@everytoks=\toks46
\@floatcapt=\box74
)
(d:/texlive/2026/texmf-dist/tex/latex/caption/caption.sty
Package: caption 2023/08/05 v3.6o Customizing captions (AR)

(d:/texlive/2026/texmf-dist/tex/latex/caption/caption3.sty
Package: caption3 2023/07/31 v2.4d caption3 kernel (AR)
\caption@tempdima=\dimen271
\captionmargin=\dimen272
\caption@leftmargin=\dimen273
\caption@rightmargin=\dimen274
\caption@width=\dimen275
\caption@indent=\dimen276
\caption@parindent=\dimen277
\caption@hangindent=\dimen278
Package caption Info: Standard document class detected.
)
\c@caption@flags=\count383
\c@continuedfloat=\count384
Package caption Info: float package is loaded.
Package caption Info: longtable package is loaded.

(d:/texlive/2026/texmf-dist/tex/latex/caption/ltcaption.sty
Package: ltcaption 2021/01/08 v1.4c longtable captions (AR)
))
(d:/texlive/2026/texmf-dist/tex/latex/caption/subcaption.sty
Package: subcaption 2023/07/28 v1.6b Sub-captions (AR)
Package caption Info: New subtype `subfigure' on input line 238.
\c@subfigure=\count385
Package caption Info: New subtype `subtable' on input line 238.
\c@subtable=\count386
)
(d:/texlive/2026/texmf-dist/tex/latex/enumitem/enumitem.sty
Package: enumitem 2025/02/06 v3.11 Customized lists
\enitkv@toks@=\toks47
\labelindent=\skip94
\enit@outerparindent=\dimen279
\enit@toks=\toks48
\enit@inbox=\box75
\enit@count@id=\count387
\enitdp@description=\count388
)
(d:/texlive/2026/texmf-dist/tex/latex/algorithm2e/algorithm2e.sty
Package: algorithm2e 2017/07/18 v5.2 algorithms environments
\c@AlgoLine=\count389

(d:/texlive/2026/texmf-dist/tex/latex/base/ifthen.sty
Package: ifthen 2024/03/16 v1.1e Standard LaTeX ifthen package (DPC)
)
\algocf@hangindent=\skip95

(d:/texlive/2026/texmf-dist/tex/latex/ifoddpage/ifoddpage.sty
Package: ifoddpage 2022/10/18 v1.2 Conditionals for odd/even page detection
\c@checkoddpage=\count390
)
(d:/texlive/2026/texmf-dist/tex/latex/tools/xspace.sty
Package: xspace 2014/10/28 v1.13 Space after command names (DPC,MH)
)
(d:/texlive/2026/texmf-dist/tex/latex/relsize/relsize.sty
Package: relsize 2013/03/29 ver 4.1
)
\skiptotal=\skip96
\skiplinenumber=\skip97
\skiprule=\skip98
\skiphlne=\skip99
\skiptext=\skip100
\skiplength=\skip101
\algomargin=\skip102
\skipalgocfslide=\skip103
\algowidth=\dimen280
\inoutsize=\dimen281
\inoutindent=\dimen282
\interspacetitleruled=\dimen283
\interspacealgoruled=\dimen284
\interspacetitleboxruled=\dimen285
\algocf@ruledwidth=\skip104
\algocf@inoutbox=\box76
\algocf@inputbox=\box77
\AlCapSkip=\skip105
\AlCapHSkip=\skip106
\algoskipindent=\skip107
\algocf@nlbox=\box78
\algocf@hangingbox=\box79
\algocf@untilbox=\box80
\algocf@skipuntil=\skip108
\algocf@capbox=\box81
\algocf@lcaptionbox=\skip109
\algoheightruledefault=\skip110
\algoheightrule=\skip111
\algotitleheightruledefault=\skip112
\algotitleheightrule=\skip113
\c@algocfline=\count391
\c@algocfproc=\count392
\c@algocf=\count393
\algocf@algoframe=\box82
\algocf@algobox=\box83
)
(d:/texlive/2026/texmf-dist/tex/latex/pgf/frontendlayer/tikz.sty
(d:/texlive/2026/texmf-dist/tex/latex/pgf/basiclayer/pgf.sty
(d:/texlive/2026/texmf-dist/tex/latex/pgf/utilities/pgfrcs.sty
(d:/texlive/2026/texmf-dist/tex/generic/pgf/utilities/pgfutil-common.tex
\pgfutil@everybye=\toks49
\pgfutil@tempdima=\dimen286
\pgfutil@tempdimb=\dimen287
)
(d:/texlive/2026/texmf-dist/tex/generic/pgf/utilities/pgfutil-latex.def
\pgfutil@abb=\box84
)
(d:/texlive/2026/texmf-dist/tex/generic/pgf/utilities/pgfrcs.code.tex
(d:/texlive/2026/texmf-dist/tex/generic/pgf/pgf.revision.tex)
Package: pgfrcs 2025-08-29 v3.1.11a (3.1.11a)
))
Package: pgf 2025-08-29 v3.1.11a (3.1.11a)

(d:/texlive/2026/texmf-dist/tex/latex/pgf/basiclayer/pgfcore.sty
(d:/texlive/2026/texmf-dist/tex/latex/pgf/systemlayer/pgfsys.sty
(d:/texlive/2026/texmf-dist/tex/generic/pgf/systemlayer/pgfsys.code.tex
Package: pgfsys 2025-08-29 v3.1.11a (3.1.11a)

(d:/texlive/2026/texmf-dist/tex/generic/pgf/utilities/pgfkeys.code.tex
\pgfkeys@pathtoks=\toks50
\pgfkeys@temptoks=\toks51

(d:/texlive/2026/texmf-dist/tex/generic/pgf/utilities/pgfkeyslibraryfiltered.co
de.tex
\pgfkeys@tmptoks=\toks52
))
\pgf@x=\dimen288
\pgf@y=\dimen289
\pgf@xa=\dimen290
\pgf@ya=\dimen291
\pgf@xb=\dimen292
\pgf@yb=\dimen293
\pgf@xc=\dimen294
\pgf@yc=\dimen295
\pgf@xd=\dimen296
\pgf@yd=\dimen297
\w@pgf@writea=\write3
\r@pgf@reada=\read2
\c@pgf@counta=\count394
\c@pgf@countb=\count395
\c@pgf@countc=\count396
\c@pgf@countd=\count397
\t@pgf@toka=\toks53
\t@pgf@tokb=\toks54
\t@pgf@tokc=\toks55
\pgf@sys@id@count=\count398
 (d:/texlive/2026/texmf-dist/tex/generic/pgf/systemlayer/pgf.cfg
File: pgf.cfg 2025-08-29 v3.1.11a (3.1.11a)
)
Driver file for pgf: pgfsys-luatex.def

(d:/texlive/2026/texmf-dist/tex/generic/pgf/systemlayer/pgfsys-luatex.def
File: pgfsys-luatex.def 2025-08-29 v3.1.11a (3.1.11a)

(d:/texlive/2026/texmf-dist/tex/generic/pgf/systemlayer/pgfsys-common-pdf.def
File: pgfsys-common-pdf.def 2025-08-29 v3.1.11a (3.1.11a)
)))
(d:/texlive/2026/texmf-dist/tex/generic/pgf/systemlayer/pgfsyssoftpath.code.tex
File: pgfsyssoftpath.code.tex 2025-08-29 v3.1.11a (3.1.11a)
\pgfsyssoftpath@smallbuffer@items=\count399
\pgfsyssoftpath@bigbuffer@items=\count400
)
(d:/texlive/2026/texmf-dist/tex/generic/pgf/systemlayer/pgfsysprotocol.code.tex
File: pgfsysprotocol.code.tex 2025-08-29 v3.1.11a (3.1.11a)
)) (d:/texlive/2026/texmf-dist/tex/generic/pgf/basiclayer/pgfcore.code.tex
Package: pgfcore 2025-08-29 v3.1.11a (3.1.11a)

(d:/texlive/2026/texmf-dist/tex/generic/pgf/math/pgfmath.code.tex
(d:/texlive/2026/texmf-dist/tex/generic/pgf/math/pgfmathutil.code.tex)
(d:/texlive/2026/texmf-dist/tex/generic/pgf/math/pgfmathparser.code.tex
\pgfmath@dimen=\dimen298
\pgfmath@count=\count401
\pgfmath@box=\box85
\pgfmath@toks=\toks56
\pgfmath@stack@operand=\toks57
\pgfmath@stack@operation=\toks58
)
(d:/texlive/2026/texmf-dist/tex/generic/pgf/math/pgfmathfunctions.code.tex)
(d:/texlive/2026/texmf-dist/tex/generic/pgf/math/pgfmathfunctions.basic.code.te
x)
(d:/texlive/2026/texmf-dist/tex/generic/pgf/math/pgfmathfunctions.trigonometric
.code.tex)
(d:/texlive/2026/texmf-dist/tex/generic/pgf/math/pgfmathfunctions.random.code.t
ex)
(d:/texlive/2026/texmf-dist/tex/generic/pgf/math/pgfmathfunctions.comparison.co
de.tex)
(d:/texlive/2026/texmf-dist/tex/generic/pgf/math/pgfmathfunctions.base.code.tex
)
(d:/texlive/2026/texmf-dist/tex/generic/pgf/math/pgfmathfunctions.round.code.te
x)
(d:/texlive/2026/texmf-dist/tex/generic/pgf/math/pgfmathfunctions.misc.code.tex
)
(d:/texlive/2026/texmf-dist/tex/generic/pgf/math/pgfmathfunctions.integerarithm
etics.code.tex)
(d:/texlive/2026/texmf-dist/tex/generic/pgf/math/pgfmathcalc.code.tex)
(d:/texlive/2026/texmf-dist/tex/generic/pgf/math/pgfmathfloat.code.tex
\c@pgfmathroundto@lastzeros=\count402
))
(d:/texlive/2026/texmf-dist/tex/generic/pgf/math/pgfint.code.tex)
(d:/texlive/2026/texmf-dist/tex/generic/pgf/basiclayer/pgfcorepoints.code.tex
File: pgfcorepoints.code.tex 2025-08-29 v3.1.11a (3.1.11a)
\pgf@picminx=\dimen299
\pgf@picmaxx=\dimen300
\pgf@picminy=\dimen301
\pgf@picmaxy=\dimen302
\pgf@pathminx=\dimen303
\pgf@pathmaxx=\dimen304
\pgf@pathminy=\dimen305
\pgf@pathmaxy=\dimen306
\pgf@xx=\dimen307
\pgf@xy=\dimen308
\pgf@yx=\dimen309
\pgf@yy=\dimen310
\pgf@zx=\dimen311
\pgf@zy=\dimen312
)
(d:/texlive/2026/texmf-dist/tex/generic/pgf/basiclayer/pgfcorepathconstruct.cod
e.tex
File: pgfcorepathconstruct.code.tex 2025-08-29 v3.1.11a (3.1.11a)
\pgf@path@lastx=\dimen313
\pgf@path@lasty=\dimen314
)
(d:/texlive/2026/texmf-dist/tex/generic/pgf/basiclayer/pgfcorepathusage.code.te
x
File: pgfcorepathusage.code.tex 2025-08-29 v3.1.11a (3.1.11a)
\pgf@shorten@end@additional=\dimen315
\pgf@shorten@start@additional=\dimen316
)
(d:/texlive/2026/texmf-dist/tex/generic/pgf/basiclayer/pgfcorescopes.code.tex
File: pgfcorescopes.code.tex 2025-08-29 v3.1.11a (3.1.11a)
\pgfpic=\box86
\pgf@hbox=\box87
\pgf@layerbox@main=\box88
\pgf@picture@serial@count=\count403
)
(d:/texlive/2026/texmf-dist/tex/generic/pgf/basiclayer/pgfcoregraphicstate.code
.tex
File: pgfcoregraphicstate.code.tex 2025-08-29 v3.1.11a (3.1.11a)
\pgflinewidth=\dimen317
)
(d:/texlive/2026/texmf-dist/tex/generic/pgf/basiclayer/pgfcoretransformations.c
ode.tex
File: pgfcoretransformations.code.tex 2025-08-29 v3.1.11a (3.1.11a)
\pgf@pt@x=\dimen318
\pgf@pt@y=\dimen319
\pgf@pt@temp=\dimen320
)
(d:/texlive/2026/texmf-dist/tex/generic/pgf/basiclayer/pgfcorequick.code.tex
File: pgfcorequick.code.tex 2025-08-29 v3.1.11a (3.1.11a)
)
(d:/texlive/2026/texmf-dist/tex/generic/pgf/basiclayer/pgfcoreobjects.code.tex
File: pgfcoreobjects.code.tex 2025-08-29 v3.1.11a (3.1.11a)
)
(d:/texlive/2026/texmf-dist/tex/generic/pgf/basiclayer/pgfcorepathprocessing.co
de.tex
File: pgfcorepathprocessing.code.tex 2025-08-29 v3.1.11a (3.1.11a)
)
(d:/texlive/2026/texmf-dist/tex/generic/pgf/basiclayer/pgfcorearrows.code.tex
File: pgfcorearrows.code.tex 2025-08-29 v3.1.11a (3.1.11a)
\pgfarrowsep=\dimen321
)
(d:/texlive/2026/texmf-dist/tex/generic/pgf/basiclayer/pgfcoreshade.code.tex
File: pgfcoreshade.code.tex 2025-08-29 v3.1.11a (3.1.11a)
\pgf@max=\dimen322
\pgf@sys@shading@range@num=\count404
\pgf@shadingcount=\count405
)
(d:/texlive/2026/texmf-dist/tex/generic/pgf/basiclayer/pgfcoreimage.code.tex
File: pgfcoreimage.code.tex 2025-08-29 v3.1.11a (3.1.11a)
)
(d:/texlive/2026/texmf-dist/tex/generic/pgf/basiclayer/pgfcoreexternal.code.tex
File: pgfcoreexternal.code.tex 2025-08-29 v3.1.11a (3.1.11a)
\pgfexternal@startupbox=\box89
) (d:/texlive/2026/texmf-dist/tex/generic/pgf/basiclayer/pgfcorelayers.code.tex
File: pgfcorelayers.code.tex 2025-08-29 v3.1.11a (3.1.11a)
)
(d:/texlive/2026/texmf-dist/tex/generic/pgf/basiclayer/pgfcoretransparency.code
.tex
File: pgfcoretransparency.code.tex 2025-08-29 v3.1.11a (3.1.11a)
)
(d:/texlive/2026/texmf-dist/tex/generic/pgf/basiclayer/pgfcorepatterns.code.tex
File: pgfcorepatterns.code.tex 2025-08-29 v3.1.11a (3.1.11a)
) (d:/texlive/2026/texmf-dist/tex/generic/pgf/basiclayer/pgfcorerdf.code.tex
File: pgfcorerdf.code.tex 2025-08-29 v3.1.11a (3.1.11a)
))) (d:/texlive/2026/texmf-dist/tex/generic/pgf/modules/pgfmoduleshapes.code.te
x
File: pgfmoduleshapes.code.tex 2025-08-29 v3.1.11a (3.1.11a)
\pgfnodeparttextbox=\box90
)
(d:/texlive/2026/texmf-dist/tex/generic/pgf/modules/pgfmoduleplot.code.tex
File: pgfmoduleplot.code.tex 2025-08-29 v3.1.11a (3.1.11a)
)
(d:/texlive/2026/texmf-dist/tex/latex/pgf/compatibility/pgfcomp-version-0-65.st
y
Package: pgfcomp-version-0-65 2025-08-29 v3.1.11a (3.1.11a)
\pgf@nodesepstart=\dimen323
\pgf@nodesepend=\dimen324
)
(d:/texlive/2026/texmf-dist/tex/latex/pgf/compatibility/pgfcomp-version-1-18.st
y
Package: pgfcomp-version-1-18 2025-08-29 v3.1.11a (3.1.11a)
)) (d:/texlive/2026/texmf-dist/tex/latex/pgf/utilities/pgffor.sty
(d:/texlive/2026/texmf-dist/tex/latex/pgf/utilities/pgfkeys.sty
(d:/texlive/2026/texmf-dist/tex/generic/pgf/utilities/pgfkeys.code.tex))
(d:/texlive/2026/texmf-dist/tex/latex/pgf/math/pgfmath.sty
(d:/texlive/2026/texmf-dist/tex/generic/pgf/math/pgfmath.code.tex))
(d:/texlive/2026/texmf-dist/tex/generic/pgf/utilities/pgffor.code.tex
Package: pgffor 2025-08-29 v3.1.11a (3.1.11a)
\pgffor@iter=\dimen325
\pgffor@skip=\dimen326
\pgffor@stack=\toks59
\pgffor@toks=\toks60
))
(d:/texlive/2026/texmf-dist/tex/generic/pgf/frontendlayer/tikz/tikz.code.tex
Package: tikz 2025-08-29 v3.1.11a (3.1.11a)

(d:/texlive/2026/texmf-dist/tex/generic/pgf/libraries/pgflibraryplothandlers.co
de.tex
File: pgflibraryplothandlers.code.tex 2025-08-29 v3.1.11a (3.1.11a)
\pgf@plot@mark@count=\count406
\pgfplotmarksize=\dimen327
)
\tikz@lastx=\dimen328
\tikz@lasty=\dimen329
\tikz@lastxsaved=\dimen330
\tikz@lastysaved=\dimen331
\tikz@lastmovetox=\dimen332
\tikz@lastmovetoy=\dimen333
\tikzleveldistance=\dimen334
\tikzsiblingdistance=\dimen335
\tikz@figbox=\box91
\tikz@figbox@bg=\box92
\tikz@tempbox=\box93
\tikz@tempbox@bg=\box94
\tikztreelevel=\count407
\tikznumberofchildren=\count408
\tikznumberofcurrentchild=\count409
\tikz@fig@count=\count410

(d:/texlive/2026/texmf-dist/tex/generic/pgf/modules/pgfmodulematrix.code.tex
File: pgfmodulematrix.code.tex 2025-08-29 v3.1.11a (3.1.11a)
\pgfmatrixcurrentrow=\count411
\pgfmatrixcurrentcolumn=\count412
\pgf@matrix@numberofcolumns=\count413
)
\tikz@expandcount=\count414

(d:/texlive/2026/texmf-dist/tex/generic/pgf/frontendlayer/tikz/libraries/tikzli
brarytopaths.code.tex
File: tikzlibrarytopaths.code.tex 2025-08-29 v3.1.11a (3.1.11a)
)))
(d:/texlive/2026/texmf-dist/tex/generic/pgf/libraries/pgflibraryarrows.meta.cod
e.tex
File: pgflibraryarrows.meta.code.tex 2025-08-29 v3.1.11a (3.1.11a)
\pgfarrowinset=\dimen336
\pgfarrowlength=\dimen337
\pgfarrowwidth=\dimen338
\pgfarrowlinewidth=\dimen339
)
(d:/texlive/2026/texmf-dist/tex/generic/pgf/frontendlayer/tikz/libraries/tikzli
brarypositioning.code.tex
File: tikzlibrarypositioning.code.tex 2025-08-29 v3.1.11a (3.1.11a)
)
(d:/texlive/2026/texmf-dist/tex/generic/pgf/frontendlayer/tikz/libraries/tikzli
brarycalc.code.tex
File: tikzlibrarycalc.code.tex 2025-08-29 v3.1.11a (3.1.11a)
)
(d:/texlive/2026/texmf-dist/tex/generic/pgf/frontendlayer/tikz/libraries/tikzli
braryfit.code.tex
File: tikzlibraryfit.code.tex 2025-08-29 v3.1.11a (3.1.11a)
)
(d:/texlive/2026/texmf-dist/tex/generic/pgf/frontendlayer/tikz/libraries/tikzli
brarymatrix.code.tex
File: tikzlibrarymatrix.code.tex 2025-08-29 v3.1.11a (3.1.11a)
)
(d:/texlive/2026/texmf-dist/tex/generic/pgf/frontendlayer/tikz/libraries/tikzli
braryshapes.geometric.code.tex
File: tikzlibraryshapes.geometric.code.tex 2025-08-29 v3.1.11a (3.1.11a)

(d:/texlive/2026/texmf-dist/tex/generic/pgf/libraries/shapes/pgflibraryshapes.g
eometric.code.tex
File: pgflibraryshapes.geometric.code.tex 2025-08-29 v3.1.11a (3.1.11a)
))
(d:/texlive/2026/texmf-dist/tex/generic/pgf/frontendlayer/tikz/libraries/tikzli
braryshapes.misc.code.tex
File: tikzlibraryshapes.misc.code.tex 2025-08-29 v3.1.11a (3.1.11a)

(d:/texlive/2026/texmf-dist/tex/generic/pgf/libraries/shapes/pgflibraryshapes.m
isc.code.tex
File: pgflibraryshapes.misc.code.tex 2025-08-29 v3.1.11a (3.1.11a)
))
(d:/texlive/2026/texmf-dist/tex/generic/pgf/frontendlayer/tikz/libraries/tikzli
braryshapes.symbols.code.tex
File: tikzlibraryshapes.symbols.code.tex 2025-08-29 v3.1.11a (3.1.11a)

(d:/texlive/2026/texmf-dist/tex/generic/pgf/libraries/shapes/pgflibraryshapes.s
ymbols.code.tex
File: pgflibraryshapes.symbols.code.tex 2025-08-29 v3.1.11a (3.1.11a)
))
(d:/texlive/2026/texmf-dist/tex/generic/pgf/frontendlayer/tikz/libraries/tikzli
braryshapes.multipart.code.tex
File: tikzlibraryshapes.multipart.code.tex 2025-08-29 v3.1.11a (3.1.11a)

(d:/texlive/2026/texmf-dist/tex/generic/pgf/libraries/shapes/pgflibraryshapes.m
ultipart.code.tex
File: pgflibraryshapes.multipart.code.tex 2025-08-29 v3.1.11a (3.1.11a)
\pgfnodepartlowerbox=\box95
\pgfnodeparttwobox=\box96
\pgfnodepartthreebox=\box97
\pgfnodepartfourbox=\box98
\pgfnodeparttwentybox=\box99
\pgfnodepartnineteenbox=\box100
\pgfnodeparteighteenbox=\box101
\pgfnodepartseventeenbox=\box102
\pgfnodepartsixteenbox=\box103
\pgfnodepartfifteenbox=\box104
\pgfnodepartfourteenbox=\box105
\pgfnodepartthirteenbox=\box106
\pgfnodeparttwelvebox=\box107
\pgfnodepartelevenbox=\box108
\pgfnodeparttenbox=\box109
\pgfnodepartninebox=\box110
\pgfnodeparteightbox=\box111
\pgfnodepartsevenbox=\box112
\pgfnodepartsixbox=\box113
\pgfnodepartfivebox=\box114
))
(d:/texlive/2026/texmf-dist/tex/generic/pgf/frontendlayer/tikz/libraries/tikzli
brarybackgrounds.code.tex
File: tikzlibrarybackgrounds.code.tex 2025-08-29 v3.1.11a (3.1.11a)
\pgf@layerbox@background=\box115
\pgf@layerboxsaved@background=\box116
)
(d:/texlive/2026/texmf-dist/tex/generic/pgf/frontendlayer/tikz/libraries/tikzli
brarydecorations.pathreplacing.code.tex
(d:/texlive/2026/texmf-dist/tex/generic/pgf/frontendlayer/tikz/libraries/tikzli
brarydecorations.code.tex
(d:/texlive/2026/texmf-dist/tex/generic/pgf/modules/pgfmoduledecorations.code.t
ex
\pgfdecoratedcompleteddistance=\dimen340
\pgfdecoratedremainingdistance=\dimen341
\pgfdecoratedinputsegmentcompleteddistance=\dimen342
\pgfdecoratedinputsegmentremainingdistance=\dimen343
\pgf@decorate@distancetomove=\dimen344
\pgf@decorate@repeatstate=\count415
\pgfdecorationsegmentamplitude=\dimen345
\pgfdecorationsegmentlength=\dimen346
)
\tikz@lib@dec@box=\box117
)
(d:/texlive/2026/texmf-dist/tex/generic/pgf/libraries/decorations/pgflibrarydec
orations.pathreplacing.code.tex))
(d:/texlive/2026/texmf-dist/tex/generic/pgf/frontendlayer/tikz/libraries/tikzli
brarydecorations.markings.code.tex
(d:/texlive/2026/texmf-dist/tex/generic/pgf/libraries/decorations/pgflibrarydec
orations.markings.code.tex))
(d:/texlive/2026/texmf-dist/tex/generic/pgf/frontendlayer/tikz/libraries/tikzli
braryangles.code.tex
File: tikzlibraryangles.code.tex 2025-08-29 v3.1.11a (3.1.11a)
)
(d:/texlive/2026/texmf-dist/tex/generic/pgf/frontendlayer/tikz/libraries/tikzli
braryquotes.code.tex
File: tikzlibraryquotes.code.tex 2025-08-29 v3.1.11a (3.1.11a)
)
(d:/texlive/2026/texmf-dist/tex/generic/pgf/frontendlayer/tikz/libraries/tikzli
brarypatterns.code.tex
File: tikzlibrarypatterns.code.tex 2025-08-29 v3.1.11a (3.1.11a)

(d:/texlive/2026/texmf-dist/tex/generic/pgf/libraries/pgflibrarypatterns.code.t
ex
File: pgflibrarypatterns.code.tex 2025-08-29 v3.1.11a (3.1.11a)
))
(d:/texlive/2026/texmf-dist/tex/generic/pgf/frontendlayer/tikz/libraries/tikzli
brarypatterns.meta.code.tex
(d:/texlive/2026/texmf-dist/tex/generic/pgf/libraries/pgflibrarypatterns.meta.c
ode.tex))
(d:/texlive/2026/texmf-dist/tex/generic/pgf/frontendlayer/tikz/libraries/tikzli
braryintersections.code.tex
(d:/texlive/2026/texmf-dist/tex/generic/pgf/libraries/pgflibraryintersections.c
ode.tex
(d:/texlive/2026/texmf-dist/tex/generic/pgf/libraries/pgflibraryfpu.code.tex)
\pgf@intersect@solutions=\count416
)) (d:/texlive/2026/texmf-dist/tex/latex/pgfplots/pgfplots.sty
(d:/texlive/2026/texmf-dist/tex/generic/pgfplots/pgfplots.revision.tex)
Package: pgfplots 2025/08/14 v1.18.2 Data Visualization (1.18.2)

(d:/texlive/2026/texmf-dist/tex/generic/pgfplots/pgfplots.code.tex
(d:/texlive/2026/texmf-dist/tex/generic/pgfplots/pgfplotscore.code.tex
Package pgfplots info on input line 124: Initializing with LUA version Lua 5.3
\pgfplots@luabackend@table=\catcodetable20
\t@pgfplots@toka=\toks61
\t@pgfplots@tokb=\toks62
\t@pgfplots@tokc=\toks63
\pgfplots@tmpa=\dimen347
\c@pgfplots@coordindex=\count417
\c@pgfplots@scanlineindex=\count418

(d:/texlive/2026/texmf-dist/tex/generic/pgfplots/sys/pgfplotssysgeneric.code.te
x))
(d:/texlive/2026/texmf-dist/tex/generic/pgfplots/libs/pgfplotslibrary.code.tex)
(d:/texlive/2026/texmf-dist/tex/generic/pgfplots/oldpgfcompatib/pgfplotsoldpgfs
upp_loader.code.tex
(d:/texlive/2026/texmf-dist/tex/generic/pgfplots/oldpgfcompatib/pgfplotsoldpgfs
upp_pgfutil-common-lists.tex)
(d:/texlive/2026/texmf-dist/tex/generic/pgf/libraries/luamath/pgflibraryluamath
.code.tex)
Package pgfplots info on input line 292: luamath library shipped with pgf 3.1.1
1a is up-to-date
)
(d:/texlive/2026/texmf-dist/tex/generic/pgfplots/util/pgfplotsutil.code.tex
Package pgfplots info on input line 82: Found new luatex: initializing lua comm
ands instead of write18 (shell-escape)

(d:/texlive/2026/texmf-dist/tex/generic/pgfplots/liststructure/pgfplotsliststru
cture.code.tex)
(d:/texlive/2026/texmf-dist/tex/generic/pgfplots/liststructure/pgfplotsliststru
ctureext.code.tex)
(d:/texlive/2026/texmf-dist/tex/generic/pgfplots/liststructure/pgfplotsarray.co
de.tex
\c@pgfplotsarray@tmp=\count419
)
(d:/texlive/2026/texmf-dist/tex/generic/pgfplots/liststructure/pgfplotsmatrix.c
ode.tex)
(d:/texlive/2026/texmf-dist/tex/generic/pgfplots/numtable/pgfplotstableshared.c
ode.tex
\c@pgfplotstable@counta=\count420
\t@pgfplotstable@a=\toks64
)
(d:/texlive/2026/texmf-dist/tex/generic/pgfplots/liststructure/pgfplotsdeque.co
de.tex)
(d:/texlive/2026/texmf-dist/tex/generic/pgfplots/util/pgfplotsbinary.code.tex
(d:/texlive/2026/texmf-dist/tex/generic/pgfplots/util/pgfplotsbinary.data.code.
tex))
(d:/texlive/2026/texmf-dist/tex/generic/pgfplots/util/pgfplotsutil.verb.code.te
x)
(d:/texlive/2026/texmf-dist/tex/generic/pgfplots/libs/pgflibrarypgfplots.surfsh
ading.code.tex
\c@pgfplotslibrarysurf@no=\count421

(d:/texlive/2026/texmf-dist/tex/generic/pgfplots/sys/pgflibrarypgfplots.surfsha
ding.pgfsys-luatex.def)))
(d:/texlive/2026/texmf-dist/tex/generic/pgfplots/util/pgfplotscolormap.code.tex
(d:/texlive/2026/texmf-dist/tex/generic/pgfplots/util/pgfplotscolor.code.tex))
(d:/texlive/2026/texmf-dist/tex/generic/pgfplots/pgfplotsstackedplots.code.tex) (d:/texlive/2026/texmf-dist/tex/generic/pgfplots/pgfplotsplothandlers.code.tex
(d:/texlive/2026/texmf-dist/tex/generic/pgfplots/pgfplotsmeshplothandler.code.t
ex
(d:/texlive/2026/texmf-dist/tex/generic/pgfplots/pgfplotsmeshplotimage.code.tex
))) (d:/texlive/2026/texmf-dist/tex/generic/pgfplots/pgfplots.scaling.code.tex)
(d:/texlive/2026/texmf-dist/tex/generic/pgfplots/pgfplotscoordprocessing.code.t
ex)
(d:/texlive/2026/texmf-dist/tex/generic/pgfplots/pgfplots.errorbars.code.tex)
(d:/texlive/2026/texmf-dist/tex/generic/pgfplots/pgfplots.markers.code.tex)
(d:/texlive/2026/texmf-dist/tex/generic/pgfplots/pgfplotsticks.code.tex)
(d:/texlive/2026/texmf-dist/tex/generic/pgfplots/pgfplots.paths.code.tex)
(d:/texlive/2026/texmf-dist/tex/generic/pgf/frontendlayer/tikz/libraries/tikzli
brarydecorations.pathmorphing.code.tex
(d:/texlive/2026/texmf-dist/tex/generic/pgf/libraries/decorations/pgflibrarydec
orations.pathmorphing.code.tex))
(d:/texlive/2026/texmf-dist/tex/generic/pgfplots/libs/tikzlibrarypgfplots.conto
urlua.code.tex)
\pgfplots@numplots=\count422
\pgfplots@xmin@reg=\dimen348
\pgfplots@xmax@reg=\dimen349
\pgfplots@ymin@reg=\dimen350
\pgfplots@ymax@reg=\dimen351
\pgfplots@zmin@reg=\dimen352
\pgfplots@zmax@reg=\dimen353
)
(d:/texlive/2026/texmf-dist/tex/generic/pgf/frontendlayer/tikz/libraries/tikzli
braryplotmarks.code.tex
File: tikzlibraryplotmarks.code.tex 2025-08-29 v3.1.11a (3.1.11a)

(d:/texlive/2026/texmf-dist/tex/generic/pgf/libraries/pgflibraryplotmarks.code.
tex
File: pgflibraryplotmarks.code.tex 2025-08-29 v3.1.11a (3.1.11a)
)))
(d:/texlive/2026/texmf-dist/tex/generic/pgfplots/libs/tikzlibrarypgfplots.group
plots.code.tex
\pgfplots@group@current@plot=\count423
\pgfplots@group@current@row=\count424
\pgfplots@group@current@column=\count425
)
(d:/texlive/2026/texmf-dist/tex/generic/pgfplots/libs/tikzlibrarypgfplots.fillb
etween.code.tex
(d:/texlive/2026/texmf-dist/tex/generic/pgfplots/pgfcontrib/tikzlibraryfillbetw
een.code.tex
(d:/texlive/2026/texmf-dist/tex/generic/pgfplots/pgfcontrib/tikzlibrarydecorati
ons.softclip.code.tex
(d:/texlive/2026/texmf-dist/tex/generic/pgfplots/pgfcontrib/pgflibraryfillbetwe
en.code.tex)))
(d:/texlive/2026/texmf-dist/tex/generic/pgfplots/libs/tikzlibrarypgfplots.decor
ations.softclip.code.tex))
(d:/texlive/2026/texmf-dist/tex/generic/pgfplots/libs/tikzlibrarypgfplots.stati
stics.code.tex) (d:/texlive/2026/texmf-dist/tex/latex/forest/forest.sty
Package: forest 2017/07/14 v2.1.5 Drawing (linguistic) trees

(d:/texlive/2026/texmf-dist/tex/generic/pgf/frontendlayer/tikz/libraries/tikzli
braryshapes.code.tex
File: tikzlibraryshapes.code.tex 2025-08-29 v3.1.11a (3.1.11a)

(d:/texlive/2026/texmf-dist/tex/generic/pgf/frontendlayer/tikz/libraries/tikzli
braryshapes.arrows.code.tex
File: tikzlibraryshapes.arrows.code.tex 2025-08-29 v3.1.11a (3.1.11a)

(d:/texlive/2026/texmf-dist/tex/generic/pgf/libraries/shapes/pgflibraryshapes.a
rrows.code.tex
File: pgflibraryshapes.arrows.code.tex 2025-08-29 v3.1.11a (3.1.11a)
))
(d:/texlive/2026/texmf-dist/tex/generic/pgf/frontendlayer/tikz/libraries/tikzli
braryshapes.callouts.code.tex
(d:/texlive/2026/texmf-dist/tex/generic/pgf/libraries/shapes/pgflibraryshapes.c
allouts.code.tex))) (d:/texlive/2026/texmf-dist/tex/latex/pgfopts/pgfopts.sty
Package: pgfopts 2014/07/10 v2.1a LaTeX package options with pgfkeys
\pgfopts@list@add@a@toks=\toks65
\pgfopts@list@add@b@toks=\toks66
)
(d:/texlive/2026/texmf-dist/tex/latex/elocalloc/elocalloc.sty
Package: elocalloc 2016/12/15 v0.03 local allocation for LaTeX 2015+ (DPC)
)
(d:/texlive/2026/texmf-dist/tex/latex/environ/environ.sty
Package: environ 2014/05/04 v0.3 A new way to define environments

(d:/texlive/2026/texmf-dist/tex/latex/trimspaces/trimspaces.sty
Package: trimspaces 2009/09/17 v1.1 Trim spaces around a token list
))
(d:/texlive/2026/texmf-dist/tex/latex/inlinedef/inlinedef.sty
Package: inlinedef 2008/07/10 v1.0 Inlined expansions within definitions
\ID@toks=\toks67
\ID@count=\count426
)
\ID@usercommands=\toks68
\safeloop@depth=\count427
\safeRKloop@depth=\count428
\forest@temp@dimen=\dimen354
\forest@temp@count=\count429
\forest@n=\count430
\forest@temp@global@count=\count431
\forest@temp@toks=\toks69
\forest@temparray@M=\count432
\forest@temparray@N=\count433
\forest@global@temparray@M=\count434
\forest@global@temparray@N=\count435
\forest@isnum@count=\count436
\forest@isdim@nonintpart=\count437
\forest@isdim@dimen=\dimen355
\forest@sort@m=\count438
\forest@sort@k=\count439
\forest@sort@p=\count440
\bracket@content=\toks70
\bracket@afterthought=\toks71
\forest@node@maxid=\count441
\forest@process@left@M=\count442
\forest@process@left@N=\count443
\forest@process@right@M=\count444
\forest@process@right@N=\count445
\forest@process@saved@M=\count446
\forest@process@saved@N=\count447
\forest@process@result@M=\count448
\forest@process@result@N=\count449
\forest@process@n=\count450
\forest@nodewalk@branch@toks=\toks72
\forest@nodewalk@shortsteps@resolution=\toks73
\forest@do@dynamics=\toks74
\forest@box=\box118
\forest@xg=\dimen356
\forest@yg=\dimen357
\forest@xs=\dimen358
\forest@ys=\dimen359
\forest@pi@toks=\toks75
\forest@segment@toks=\toks76
\forest@PIi@toks=\toks77
\forest@PIii@toks=\toks78
\forest@copy@in=\read3
\forest@copy@out=\write4
\forest@externalize@max@outer@n=\count451
\forest@externalize@inner@n=\count452
)
(../../../styles/figure-style-v2.3.1.tex)
\c@definition=\count453
\c@example=\count454
\c@exercise=\count455
\c@theorem=\count456
\c@lemma=\count457
\c@corollary=\count458
\c@proposition=\count459
\c@remark=\count460

(d:/texlive/2026/texmf-dist/tex/latex/tcolorbox/tcolorbox.sty
Package: tcolorbox 2025/11/28 version 6.9.0 text color boxes

(d:/texlive/2026/texmf-dist/tex/latex/tools/verbatim.sty
Package: verbatim 2024-01-22 v1.5x LaTeX2e package for verbatim enhancements
\every@verbatim=\toks79
\verbatim@line=\toks80
\verbatim@in@stream=\read4
)
\tcb@titlebox=\box119
\tcb@upperbox=\box120
\tcb@lowerbox=\box121
\tcb@phantombox=\box122
\c@tcbbreakpart=\count461
\c@tcblayer=\count462
\c@tcolorbox@number=\count463
\l__tcobox_tmpa_box=\box123
\l__tcobox_tmpa_dim=\dimen360
\tcb@temp=\box124
\tcb@temp=\box125
\tcb@temp=\box126
\tcb@temp=\box127

(d:/texlive/2026/texmf-dist/tex/latex/tcolorbox/tcbraster.code.tex
Library (tcolorbox): 'tcbraster.code.tex' version '6.9.0'
\c@tcbrastercolumn=\count464
\c@tcbrasterrow=\count465
\c@tcbrasternum=\count466
\c@tcbraster=\count467
) (d:/texlive/2026/texmf-dist/tex/latex/tcolorbox/tcbskins.code.tex
Library (tcolorbox): 'tcbskins.code.tex' version '6.9.0'
(d:/texlive/2026/texmf-dist/tex/latex/tikzfill/tikzfill.image.sty
Package: tikzfill.image 2023/08/08 v1.0.1 Image filling library for TikZ

(d:/texlive/2026/texmf-dist/tex/latex/tikzfill/tikzfill-common.sty
Package: tikzfill-common 2023/08/08 v1.0.1 Auxiliary code for tikzfill
)
(d:/texlive/2026/texmf-dist/tex/latex/tikzfill/tikzlibraryfill.image.code.tex
File: tikzlibraryfill.image.code.tex 2023/08/08 v1.0.1 Image filling library
\l__tikzfill_img_box=\box128
)) (d:/texlive/2026/texmf-dist/tex/latex/tcolorbox/tcbskinsjigsaw.code.tex
Library (tcolorbox): 'tcbskinsjigsaw.code.tex' version '6.9.0'
)) (d:/texlive/2026/texmf-dist/tex/latex/tcolorbox/tcbbreakable.code.tex
Library (tcolorbox): 'tcbbreakable.code.tex' version '6.9.0'
(d:/texlive/2026/texmf-dist/tex/latex/pdfcol/pdfcol.sty
Package: pdfcol 2022-09-21 v1.7 Handle new color stacks for pdfTeX (HO)
)
Package pdfcol Info: New color stack `tcb@breakable' = 2 on input line 23.
\tcb@testbox=\box129
\tcb@totalupperbox=\box130
\tcb@totallowerbox=\box131

(d:/texlive/2026/texmf-dist/tex/generic/iftex/ifluatex.sty
Package: ifluatex 2019/10/25 v1.5 ifluatex legacy package. Use iftex instead.
))
(d:/texlive/2026/texmf-dist/tex/latex/tcolorbox/tcbhooks.code.tex
Library (tcolorbox): 'tcbhooks.code.tex' version '6.9.0'
) (d:/texlive/2026/texmf-dist/tex/latex/tcolorbox/tcbtheorems.code.tex
Library (tcolorbox): 'tcbtheorems.code.tex' version '6.9.0'
) (d:/texlive/2026/texmf-dist/tex/latex/tcolorbox/tcbfitting.code.tex
Library (tcolorbox): 'tcbfitting.code.tex' version '6.9.0'
\tcbfitdim=\dimen361
\tcb@lowerfitdim=\dimen362
\tcb@upperfitdim=\dimen363
\tcb@cur@hbadness=\count468
) (d:/texlive/2026/texmf-dist/tex/latex/tcolorbox/tcblistingsutf8.code.tex
Library (tcolorbox): 'tcblistingsutf8.code.tex' version '6.9.0'
(d:/texlive/2026/texmf-dist/tex/latex/tcolorbox/tcblistings.code.tex
Library (tcolorbox): 'tcblistings.code.tex' version '6.9.0'
(d:/texlive/2026/texmf-dist/tex/latex/listings/listings.sty
\lst@mode=\count469
\lst@gtempboxa=\box132
\lst@token=\toks81
\lst@length=\count470
\lst@currlwidth=\dimen364
\lst@column=\count471
\lst@pos=\count472
\lst@lostspace=\dimen365
\lst@width=\dimen366
\lst@newlines=\count473
\lst@lineno=\count474
\lst@maxwidth=\dimen367

(d:/texlive/2026/texmf-dist/tex/latex/listings/lstpatch.sty
File: lstpatch.sty 2025/11/14 1.11b (Carsten Heinz)
)
(d:/texlive/2026/texmf-dist/tex/latex/listings/lstmisc.sty
File: lstmisc.sty 2025/11/14 1.11b (Carsten Heinz)
\c@lstnumber=\count475
\lst@skipnumbers=\count476
\lst@framebox=\box133
)
(d:/texlive/2026/texmf-dist/tex/latex/listings/listings.cfg
File: listings.cfg 2025/11/14 1.11b listings configuration
))
Package: listings 2025/11/14 1.11b (Carsten Heinz)

(d:/texlive/2026/texmf-dist/tex/luatex/luatexja/patches/lltjp-listings.sty
(d:/texlive/2026/texmf-dist/tex/luatex/luatexbase/luatexbase-cctb.sty
Package: luatexbase-cctb 2015/10/04 v1.3 luatexbase interface to LuaTeX (legacy
 subpackage) 
)
\ltj@lst@japanese@min=\count477
\CatcodeTableLTJlistings=\catcodetable21
\ltj@lst@frame@lslimit@h=\dimen368
\ltj@lst@frame@lslimit@d=\dimen369

(d:/texlive/2026/texmf-dist/tex/latex/listings/lstmisc.sty
File: lstmisc.sty 2025/11/14 1.11b (Carsten Heinz)
\lst@WFtoken=\toks82
\lst@WF=\write5
))
==> First Aid for listings.sty no longer applied!
    Expected:
        2024/09/23 1.10c (Carsten Heinz)
    but found:
        2025/11/14 1.11b (Carsten Heinz)
    so I'm assuming it got fixed.
(d:/texlive/2026/texmf-dist/tex/latex/tcolorbox/tcblistingscore.code.tex
Library (tcolorbox): 'tcblistingscore.code.tex' version '6.9.0'
(d:/texlive/2026/texmf-dist/tex/latex/tcolorbox/tcbprocessing.code.tex
Library (tcolorbox): 'tcbprocessing.code.tex' version '6.9.0'
)
\c@tcblisting=\count478
))
Package tcolorbox Info: Library `listingsutf8' is compatible with pdftex only. 
Library `listings` is loaded instead. on input line 29.
) (d:/texlive/2026/texmf-dist/tex/latex/tcolorbox/tcbexternal.code.tex
Library (tcolorbox): 'tcbexternal.code.tex' version '6.9.0'
) (d:/texlive/2026/texmf-dist/tex/latex/tcolorbox/tcbmagazine.code.tex
Library (tcolorbox): 'tcbmagazine.code.tex' version '6.9.0'
) (d:/texlive/2026/texmf-dist/tex/latex/tcolorbox/tcbvignette.code.tex
Library (tcolorbox): 'tcbvignette.code.tex' version '6.9.0'

(d:/texlive/2026/texmf-dist/tex/generic/pgf/frontendlayer/tikz/libraries/tikzli
braryfadings.code.tex
File: tikzlibraryfadings.code.tex 2025-08-29 v3.1.11a (3.1.11a)

(d:/texlive/2026/texmf-dist/tex/generic/pgf/libraries/pgflibraryfadings.code.te
x
File: pgflibraryfadings.code.tex 2025-08-29 v3.1.11a (3.1.11a)
))) (d:/texlive/2026/texmf-dist/tex/latex/tcolorbox/tcbposter.code.tex
Library (tcolorbox): 'tcbposter.code.tex' version '6.9.0'
))
\ExampleBeforeSkip=\skip114
\ExampleToSolutionSkip=\skip115
\SolutionAfterSkip=\skip116
 (d:/texlive/2026/texmf-dist/tex/latex/hyperref/hyperref.sty
Package: hyperref 2026-01-29 v7.01p Hypertext links for LaTeX

(d:/texlive/2026/texmf-dist/tex/latex/kvsetkeys/kvsetkeys.sty
Package: kvsetkeys 2022-10-05 v1.19 Key value parser (HO)
)
(d:/texlive/2026/texmf-dist/tex/generic/kvdefinekeys/kvdefinekeys.sty
Package: kvdefinekeys 2019-12-19 v1.6 Define keys (HO)
)
(d:/texlive/2026/texmf-dist/tex/generic/pdfescape/pdfescape.sty
Package: pdfescape 2019/12/09 v1.15 Implements pdfTeX's escape features (HO)
)
(d:/texlive/2026/texmf-dist/tex/latex/hycolor/hycolor.sty
Package: hycolor 2020-01-27 v1.10 Color options for hyperref/bookmark (HO)
)
(d:/texlive/2026/texmf-dist/tex/latex/hyperref/nameref.sty
Package: nameref 2026-01-29 v2.58 Cross-referencing by name of section

(d:/texlive/2026/texmf-dist/tex/latex/refcount/refcount.sty
Package: refcount 2019/12/15 v3.6 Data extraction from label references (HO)
)
(d:/texlive/2026/texmf-dist/tex/generic/gettitlestring/gettitlestring.sty
Package: gettitlestring 2019/12/15 v1.6 Cleanup title references (HO)

(d:/texlive/2026/texmf-dist/tex/latex/kvoptions/kvoptions.sty
Package: kvoptions 2022-06-15 v3.15 Key value format for package options (HO)
))
\c@section@level=\count479
)
(d:/texlive/2026/texmf-dist/tex/generic/stringenc/stringenc.sty
Package: stringenc 2019/11/29 v1.12 Convert strings between diff. encodings (HO
)
)
\@linkdim=\dimen370
\Hy@linkcounter=\count480
\Hy@pagecounter=\count481

(d:/texlive/2026/texmf-dist/tex/latex/hyperref/pd1enc.def
File: pd1enc.def 2026-01-29 v7.01p Hyperref: PDFDocEncoding definition (HO)
)
(d:/texlive/2026/texmf-dist/tex/generic/intcalc/intcalc.sty
Package: intcalc 2019/12/15 v1.3 Expandable calculations with integers (HO)
)
\Hy@SavedSpaceFactor=\count482

(d:/texlive/2026/texmf-dist/tex/latex/hyperref/puenc.def
File: puenc.def 2026-01-29 v7.01p Hyperref: PDF Unicode definition (HO)
)
Package hyperref Info: Option `unicode' set `true' on input line 4072.
Package hyperref Info: Hyper figures OFF on input line 4201.
Package hyperref Info: Link nesting OFF on input line 4206.
Package hyperref Info: Hyper index ON on input line 4209.
Package hyperref Info: Plain pages OFF on input line 4216.
Package hyperref Info: Backreferencing OFF on input line 4221.
Package hyperref Info: Implicit mode ON; LaTeX internals redefined.
Package hyperref Info: Bookmarks ON on input line 4468.
\c@Hy@tempcnt=\count483

(d:/texlive/2026/texmf-dist/tex/latex/url/url.sty
\Urlmuskip=\muskip19
Package: url 2013/09/16  ver 3.4  Verb mode for urls, etc.
)
LaTeX Info: Redefining \url on input line 4807.
\XeTeXLinkMargin=\dimen371

(d:/texlive/2026/texmf-dist/tex/generic/bitset/bitset.sty
Package: bitset 2019/12/09 v1.3 Handle bit-vector datatype (HO)

(d:/texlive/2026/texmf-dist/tex/generic/bigintcalc/bigintcalc.sty
Package: bigintcalc 2019/12/15 v1.5 Expandable calculations on big integers (HO
)
))
\Fld@menulength=\count484
\Field@Width=\dimen372
\Fld@charsize=\dimen373
Package hyperref Info: Hyper figures OFF on input line 6084.
Package hyperref Info: Link nesting OFF on input line 6089.
Package hyperref Info: Hyper index ON on input line 6092.
Package hyperref Info: backreferencing OFF on input line 6099.
Package hyperref Info: Link coloring OFF on input line 6104.
Package hyperref Info: Link coloring with OCG OFF on input line 6109.
Package hyperref Info: PDF/A mode OFF on input line 6114.
\Hy@abspage=\count485
\c@Item=\count486
)
Package hyperref Info: Driver (custom): hgeneric-testphase.

(d:/texlive/2026/texmf-dist/tex/latex/pdfmanagement-testphase/hgeneric-testphas
e.def
File: hgeneric-testphase.def 2026-01-23 v0.96y generic Hyperref driver for the 
LaTeX PDF management bundle

(d:/texlive/2026/texmf-dist/tex/latex/pdfmanagement-testphase/hyperref-colorsch
emes.def)
LaTeX Info: Redefining \href on input line 262.
LaTeX Info: Redefining \url on input line 348.
\l__hyp_tmpa_box=\box134
\l__hyp_tmpa_int=\count487
\l__hyp_dest_box=\box135
\g__hyp_linknestlevel_int=\count488
\HyAnn@Count=\count489
\Fld@listcount=\count490
\Hy@SectionHShift=\skip117
)

Package hyperref Warning: unknown key bookmarksdepth of module 'hyp' set to
(hyperref)                '3'.

(d:/texlive/2026/texmf-dist/tex/latex/bookmark/bookmark.sty
Package: bookmark 2023-12-10 v1.31 PDF bookmarks (HO)

(d:/texlive/2026/texmf-dist/tex/latex/bookmark/bkm-pdftex.def
File: bkm-pdftex.def 2023-12-10 v1.31 bookmark driver for pdfTeX and luaTeX (HO
)
\BKM@id=\count491
))
(d:/texlive/2026/texmf-dist/tex/latex/cleveref/cleveref.sty
Package: cleveref 2018/03/27 v0.21.4 Intelligent cross-referencing
Package cleveref Info: `hyperref' support loaded on input line 2370.
LaTeX Info: Redefining \cref on input line 2370.
LaTeX Info: Redefining \Cref on input line 2370.
LaTeX Info: Redefining \crefrange on input line 2370.
LaTeX Info: Redefining \Crefrange on input line 2370.
LaTeX Info: Redefining \cpageref on input line 2370.
LaTeX Info: Redefining \Cpageref on input line 2370.
LaTeX Info: Redefining \cpagerefrange on input line 2370.
LaTeX Info: Redefining \Cpagerefrange on input line 2370.
LaTeX Info: Redefining \labelcref on input line 2370.
LaTeX Info: Redefining \labelcpageref on input line 2370.
Package cleveref Info: `amsthm' support loaded on input line 3026.
Package cleveref Info: `listings' support loaded on input line 3131.
Package cleveref Info: `algorithm2e' support loaded on input line 3147.
Package cleveref Info: include cross-reference names in hyperlinks on input lin
e 7836.
Package cleveref Info: include cross-reference names in hyperlinks on input lin
e 7852.
Package cleveref Info: no abbreviation of names on input line 7852.
)
==> First Aid for cleveref.sty applied!
(d:/texlive/2026/texmf-dist/tex/latex/imakeidx/imakeidx.sty
Package: imakeidx 2016/10/15 v1.3e Package for typesetting indices in a synchro
nous mode

(d:/texlive/2026/texmf-dist/tex/generic/iftex/ifxetex.sty
Package: ifxetex 2019/10/25 v0.7 ifxetex legacy package. Use iftex instead.
)
(d:/texlive/2026/texmf-dist/tex/latex/tools/multicol.sty
Package: multicol 2025/10/21 v2.0b multicolumn formatting (FMi)
\c@tracingmulticols=\count492
\mult@box=\box136
\multicol@leftmargin=\dimen374
\c@unbalance=\count493
\c@collectmore=\count494
\doublecol@number=\count495
\multicoltolerance=\count496
\multicolpretolerance=\count497
\full@width=\dimen375
\page@free=\dimen376
\premulticols=\dimen377
\postmulticols=\dimen378
\multicolsep=\skip118
\multicolbaselineskip=\skip119
\partial@page=\box137
\last@line=\box138
\mc@boxedresult=\box139
\maxbalancingoverflow=\dimen379
\mult@rightbox=\box140
\mult@grightbox=\box141
\mult@firstbox=\box142
\mult@gfirstbox=\box143
\@tempa=\box144
\@tempa=\box145
\@tempa=\box146
\@tempa=\box147
\@tempa=\box148
\@tempa=\box149
\@tempa=\box150
\@tempa=\box151
\@tempa=\box152
\@tempa=\box153
\@tempa=\box154
\@tempa=\box155
\@tempa=\box156
\@tempa=\box157
\@tempa=\box158
\@tempa=\box159
\@tempa=\box160
\@tempa=\box161
\@tempa=\box162
\@tempa=\box163
\@tempa=\box164
\@tempa=\box165
\@tempa=\box166
\@tempa=\box167
\@tempa=\box168
\@tempa=\box169
\@tempa=\box170
\@tempa=\box171
\@tempa=\box172
\@tempa=\box173
\@tempa=\box174
\@tempa=\box175
\@tempa=\box176
\@tempa=\box177
\@tempa=\box178
\@tempa=\box179
\c@minrows=\count498
\c@columnbadness=\count499
\c@finalcolumnbadness=\count500
\last@try=\dimen380
\multicolovershoot=\dimen381
\multicolundershoot=\dimen382
\mult@nat@firstbox=\box180
\colbreak@box=\box181
\mc@col@check@num=\count501
\g__mc_curr_col_int=\count502
))
\main@idxfile=\write6

\openout6 = main.idx

Writing index file main.idx
\symbols@idxfile=\write7

\openout7 = symbols.idx
Writing index file symbols.idx
)
LaTeX Font Info:    Redeclaring symbol font `CJKmath' on input line 6.
LaTeX Font Info:    Overwriting symbol font `CJKmath' in version `normal'
(Font)                  LTJY3/song/m/n --> LTJY3/NotoSerifSC(0)/m/n on input li
ne 6.
LaTeX Font Info:    Overwriting symbol font `CJKmath' in version `bold'
(Font)                  LTJY3/song/m/n --> LTJY3/NotoSerifSC(0)/m/n on input li
ne 6.
LaTeX Font Info:    Overwriting symbol font `CJKmath' in version `bold'
(Font)                  LTJY3/NotoSerifSC(0)/m/n --> LTJY3/NotoSerifSC(0)/b/n o
n input line 6.
 (./.slbuild-volume3-lualatex/main.aux)
\openout1 = main.aux

LaTeX Font Info:    Checking defaults for OML/cmm/m/it on input line 6.
LaTeX Font Info:    ... okay on input line 6.
LaTeX Font Info:    Checking defaults for OMS/cmsy/m/n on input line 6.
LaTeX Font Info:    ... okay on input line 6.
LaTeX Font Info:    Checking defaults for OT1/cmr/m/n on input line 6.
LaTeX Font Info:    ... okay on input line 6.
LaTeX Font Info:    Checking defaults for T1/cmr/m/n on input line 6.
LaTeX Font Info:    ... okay on input line 6.
LaTeX Font Info:    Checking defaults for TS1/cmr/m/n on input line 6.
LaTeX Font Info:    ... okay on input line 6.
LaTeX Font Info:    Checking defaults for TU/lmr/m/n on input line 6.
LaTeX Font Info:    ... okay on input line 6.
LaTeX Font Info:    Checking defaults for OMX/cmex/m/n on input line 6.
LaTeX Font Info:    ... okay on input line 6.
LaTeX Font Info:    Checking defaults for U/cmr/m/n on input line 6.
LaTeX Font Info:    ... okay on input line 6.
LaTeX Font Info:    Checking defaults for LTJY3/song/m/n on input line 6.
LaTeX Font Info:    ... okay on input line 6.
LaTeX Font Info:    Checking defaults for PD1/pdf/m/n on input line 6.
LaTeX Font Info:    ... okay on input line 6.
LaTeX Font Info:    Checking defaults for PU/pdf/m/n on input line 6.
LaTeX Font Info:    ... okay on input line 6.
Inserting `tagpdf' in `pre_shipout_filter'.
Inserting `tagpdf' in `pre_shipout_filter'.
LaTeX Font Info:    Overwriting math alphabet `\mathrm' in version `normal'
(Font)                  TU/STIXTwoMath(1)/m/n --> TU/STIXTwoText(0)/m/n on inpu
t line 6.
LaTeX Font Info:    Overwriting math alphabet `\mathit' in version `normal'
(Font)                  OT1/cmr/m/it --> TU/STIXTwoText(0)/m/it on input line 6
.
LaTeX Font Info:    Overwriting math alphabet `\mathbf' in version `normal'
(Font)                  OT1/cmr/bx/n --> TU/STIXTwoText(0)/b/n on input line 6.

LaTeX Font Info:    Overwriting math alphabet `\mathsf' in version `normal'
(Font)                  OT1/cmss/m/n --> TU/TeXGyreHeros(0)/m/n on input line 6
.
LaTeX Font Info:    Overwriting math alphabet `\mathsf' in version `bold'
(Font)                  OT1/cmss/m/n --> TU/TeXGyreHeros(0)/b/n on input line 6
.
LaTeX Font Info:    Overwriting math alphabet `\mathtt' in version `normal'
(Font)                  OT1/cmtt/m/n --> TU/lmtt/m/n on input line 6.
LaTeX Font Info:    Overwriting math alphabet `\mathtt' in version `bold'
(Font)                  OT1/cmtt/m/n --> TU/lmtt/b/n on input line 6.


Package unicode-math Warning: Using \overbracket and \underbracket from
(unicode-math)                `mathtools' package.
(unicode-math)                 
(unicode-math)                 Use \Uoverbracket and \Uunderbracket for
(unicode-math)                original `unicode-math' definition.


Package unicode-math Warning: I'm going to overwrite the following commands
(unicode-math)                from the `mathtools' package: 
(unicode-math)                 
(unicode-math)                     \dblcolon, \coloneqq, \Coloneqq, \eqqcolon.
(unicode-math)                
(unicode-math)                 
(unicode-math)                 Note that since I won't overwrite the other
(unicode-math)                colon-like commands, using them will lead to
(unicode-math)                inconsistencies.

*geometry* driver: auto-detecting
*geometry* detected driver: luatex
*geometry* verbose mode - [ preamble ] result:
* driver: luatex
* paper: a4paper
* layout: <same size as paper>
* layoutoffset:(h,v)=(0.0pt,0.0pt)
* modes: twoside 
* h-part:(L,W,R)=(73.97716pt, 460.93466pt, 62.59605pt)
* v-part:(T,H,B)=(68.2866pt, 708.47363pt, 68.2866pt)
* \paperwidth=597.50787pt
* \paperheight=845.04684pt
* \textwidth=460.93466pt
* \textheight=708.47363pt
* \oddsidemargin=1.70717pt
* \evensidemargin=-9.67393pt
* \topmargin=-38.9003pt
* \headheight=15.0pt
* \headsep=19.91692pt
* \topskip=11.0pt
* \footskip=34.1433pt
* \marginparwidth=106.0pt
* \marginparsep=7.0pt
* \columnsep=10.0pt
* \skip\footins=10.0pt plus 4.0pt minus 2.0pt
* \hoffset=0.0pt
* \voffset=0.0pt
* \mag=1000
* \@twocolumnfalse
* \@twosidetrue
* \@mparswitchtrue
* \@reversemarginfalse
* (1in=72.27pt=25.4mm, 1cm=28.453pt)

LaTeX Info: Redefining \microtypecontext on input line 6.
Package microtype Info: Applying patch `item' on input line 6.
Package microtype Info: Applying patch `toc' on input line 6.
Package microtype Info: Applying patch `eqnum' on input line 6.
Package microtype Info: Applying patch `footnote' on input line 6.
Package microtype Info: Applying patch `verbatim' on input line 6.
LaTeX Info: Redefining \microtypesetup on input line 6.
Package microtype Info: Generating PDF output.
Package microtype Info: Character protrusion enabled (level 2).
Package microtype Info: Using default protrusion set `alltext'.
Package microtype Info: Automatic font expansion enabled (level 2),
(microtype)             stretch: 20, shrink: 20, step: 1, non-selected.
Package microtype Info: Using default expansion set `alltext-nott'.
Package microtype Info: Patching command `\showhyphens'.
Package microtype Info: No adjustment of tracking.
Package microtype Info: No adjustment of spacing.
Package microtype Info: No adjustment of kerning.
Package microtype Info: Loading generic protrusion settings for font family
(microtype)             `STIXTwoText' (encoding: TU).
(microtype)             For optimal results, create family-specific settings.
(microtype)             See the microtype manual for details.

Package microtype Warning: One or more slots in the configuration are unknown.
(microtype)                Make sure that no text commands are used.
(microtype)                See the documentation for details (the note
(microtype)                on `luatexja' in section 11: `Hints and caveats').

(d:/texlive/2026/texmf-dist/tex/context/base/mkii/supp-pdf.mkii
[Loading MPS to PDF converter (version 2006.09.02).]
\scratchcounter=\count503
\scratchdimen=\dimen383
\scratchbox=\box182
\nofMPsegments=\count504
\nofMParguments=\count505
\everyMPshowfont=\toks83
\MPscratchCnt=\count506
\MPscratchDim=\dimen384
\MPnumerator=\count507
\makeMPintoPDFobject=\count508
\everyMPtoPDFconversion=\toks84
) (d:/texlive/2026/texmf-dist/tex/latex/epstopdf-pkg/epstopdf-base.sty
Package: epstopdf-base 2020-01-24 v2.11 Base part for package epstopdf
Package epstopdf-base Info: Redefining graphics rule for `.eps' on input line 4
85.

(d:/texlive/2026/texmf-dist/tex/latex/latexconfig/epstopdf-sys.cfg
File: epstopdf-sys.cfg 2010/07/13 v1.3 Configuration of (r)epstopdf for TeX Liv
e
))
Package caption Info: Begin \AtBeginDocument code.
Package caption Info: hyperref package is loaded.
Package caption Info: listings package is loaded.
Package caption Info: End \AtBeginDocument code.

Package pgfplots notification 'compat/show suggested version=true': document ha
s been generated with the most recent feature set (\pgfplotsset{compat=1.18}).

\c@lstlisting=\count509
Package hyperref Info: Link coloring OFF on input line 6.

Package tagpdf Info: luamml has been disabled and will not create an MathML
(tagpdf)             file.

(../../绘图源码/前置页/UFIG-P001-01.tex
LaTeX Font Info:    Font shape `TU/STIXTwoText(0)/m/n' will be
(Font)              scaled to size 10.0pt on input line 15.
LaTeX Font Info:    Font shape `LTJY3/NotoSerifSC(0)/m/n' will be
(Font)              scaled to size 10.0pt on input line 15.
LaTeX Font Info:    Font shape `TU/STIXTwoText(0)/b/n' will be
(Font)              scaled to size 10.0pt on input line 15.
LaTeX Font Info:    Font shape `LTJY3/NotoSerifSC(0)/b/n' will be
(Font)              scaled to size 10.0pt on input line 15.
LaTeX Font Info:    Font shape `TU/STIXTwoText(0)/m/n' will be
(Font)              scaled to size 9.0pt on input line 29.
LaTeX Font Info:    Font shape `LTJY3/NotoSerifSC(0)/m/n' will be
(Font)              scaled to size 9.0pt on input line 29.
LaTeX Font Info:    Font shape `TU/STIXTwoMath(1)/m/n' will be
(Font)              scaled to size 9.3pt on input line 29.
Package microtype Info: Loading generic protrusion settings for font family
(microtype)             `STIXTwoMath' (encoding: TU).
(microtype)             For optimal results, create family-specific settings.
(microtype)             See the microtype manual for details.
LaTeX Font Info:    Font shape `TU/STIXTwoMath(2)/m/n' will be
(Font)              scaled to size 9.3pt on input line 29.
LaTeX Font Info:    Font shape `TU/STIXTwoMath(3)/m/n' will be
(Font)              scaled to size 9.3pt on input line 29.
LaTeX Font Info:    Font shape `LTJY3/NotoSerifSC(0)/m/n' will be
(Font)              scaled to size 9.3pt on input line 29.
)

Package fontspec Info: 
(fontspec)             Noto Sans SC scale = 0.8710851288789431.


Package fontspec Info: 
(fontspec)             Noto Sans SC scale = 1.


Package fontspec Info: 
(fontspec)             Noto Sans SC scale = 0.8710851288789431.


Package fontspec Info: 
(fontspec)             Noto Sans SC scale = 1.


Package fontspec Info: 
(fontspec)             Noto Sans SC Bold scale = 0.8710851288789431.


Package fontspec Info: 
(fontspec)             Noto Sans SC Bold scale = 1.


Package fontspec Info: 
(fontspec)             Noto Sans SC scale = 0.8710851288789431.


Package fontspec Info: 
(fontspec)             Noto Sans SC scale = 1.


Package fontspec Info: 
(fontspec)             Noto Sans SC Bold scale = 0.8710851288789431.


Package fontspec Info: 
(fontspec)             Noto Sans SC Bold scale = 1.


Package fontspec Info: 
(fontspec)             Font family 'NotoSansSC(0)' created for font 'Noto Sans
(fontspec)             SC' with options
(fontspec)             [Ligatures=TeX,Scale=MatchLowercase,NFSSEncoding=LTJY3,J
FM=zh_CN/quanjiao,Scale={1},BoldFont={Noto
(fontspec)             Sans SC Bold},ItalicFont={Noto Sans
(fontspec)             SC},BoldItalicFont={Noto Sans SC Bold},LTJFONTUID=13].
(fontspec)              
(fontspec)              This font family consists of the following NFSS
(fontspec)             series/shapes:
(fontspec)              
(fontspec)             - 'normal' (m/n) with NFSS spec.: <->s*[1]"name:Noto
(fontspec)             Sans
(fontspec)             SC:mode=node;script=latn;language=dflt;jfm=zh_CN/quanjia
o;+tlig;"
(fontspec)             - 'bold' (b/n) with NFSS spec.: <->s*[1]"name:Noto Sans
(fontspec)             SC
(fontspec)             Bold:mode=node;script=latn;language=dflt;jfm=zh_CN/quanj
iao;+tlig;"
(fontspec)             - 'italic' (m/it) with NFSS spec.: <->s*[1]"name:Noto
(fontspec)             Sans
(fontspec)             SC:mode=node;script=latn;language=dflt;jfm=zh_CN/quanjia
o;+tlig;"
(fontspec)             - 'bold italic' (b/it) with NFSS spec.:
(fontspec)             <->s*[1]"name:Noto Sans SC
(fontspec)             Bold:mode=node;script=latn;language=dflt;jfm=zh_CN/quanj
iao;+tlig;"

LaTeX Font Info:    Font shape `LTJY3/NotoSansSC(0)/m/n' will be
(Font)              scaled to size 10.95pt on input line 9.
LaTeX Font Info:    Font shape `TU/STIXTwoText(0)/m/n' will be
(Font)              scaled to size 24.88pt on input line 9.
LaTeX Font Info:    Font shape `LTJY3/NotoSansSC(0)/m/n' will be
(Font)              scaled to size 24.88pt on input line 9.
LaTeX Font Info:    Font shape `TU/STIXTwoText(0)/m/n' will be
(Font)              scaled to size 14.4pt on input line 9.
LaTeX Font Info:    Font shape `LTJY3/NotoSansSC(0)/m/n' will be
(Font)              scaled to size 14.4pt on input line 9.
LaTeX Font Info:    Font shape `TU/STIXTwoText(0)/m/n' will be
(Font)              scaled to size 12.0pt on input line 9.
LaTeX Font Info:    Font shape `LTJY3/NotoSerifSC(0)/m/n' will be
(Font)              scaled to size 12.0pt on input line 9.
 [1



{d:/texlive/2026/texmf-var/fonts/map/pdftex/updmap/pdftex.map}]
LaTeX Font Info:    Font shape `TU/STIXTwoText(0)/m/n' will be
(Font)              scaled to size 23.0pt on input line 10.
LaTeX Font Info:    Font shape `LTJY3/NotoSansSC(0)/m/n' will be
(Font)              scaled to size 23.0pt on input line 10.
LaTeX Font Info:    Font shape `TU/STIXTwoText(0)/b/n' will be
(Font)              scaled to size 10.95pt on input line 12.
LaTeX Font Info:    Font shape `LTJY3/NotoSerifSC(0)/b/n' will be
(Font)              scaled to size 10.95pt on input line 12.

tagpdf: Warning: Link not in Link or Reference structure element
tagpdf: OBJR not created
tagpdf:  [2

]
LaTeX Font Info:    Font shape `LTJY3/NotoSansSC(0)/m/n' will be
(Font)              scaled to size 10.0pt on input line 13.

No file main.toc.
\tf@toc=\write8

\openout8 = main.toc
tagpdf: Warning: Link not in Link or Reference structure element
tagpdf: OBJR not created
tagpdf:  [3

]
tagpdf: Warning: Link not in Link or Reference structure element
tagpdf: OBJR not created
tagpdf:  [4


] (./chapters/V3-C01.tex
第1章
LaTeX Font Info:    Font shape `TU/STIXTwoMath(1)/m/n' will be
(Font)              scaled to size 9.0pt on input line 37.
LaTeX Font Info:    Font shape `TU/STIXTwoMath(2)/m/n' will be
(Font)              scaled to size 9.0pt on input line 37.
LaTeX Font Info:    Font shape `TU/STIXTwoMath(3)/m/n' will be
(Font)              scaled to size 9.0pt on input line 37.

./chapters/V3-C01.tex:57: Package block Error: Some keys specified on the itemi
ze environment are
(block)                unknown.

For immediate help type H <return>.
 ...                                              
                                                  
l.57 \end
         {dependencybox}

Here is how much of LuaTeX's memory you used:
 74158 strings out of 476076
 125106,2848258 words of node,token memory allocated
 59256 words of node memory still in use:
   101 hlist, 7 vlist, 373 rule, 2 mark, 7 local_par, 2 dir, 10 math, 465 glue, 
32 kern, 87 penalty, 477 glyph, 21637 attribute, 126 glue_spec, 1609 attribute_l
ist, 1 temp, 1 if_stack, 1 shape, 23 write, 51 user_defined, 24 pdf_literal, 14 
pdf_dest, 29 pdf_colorstack nodes
   avail lists: 1:8,2:13,3:1435,4:396,5:14,6:17,7:619,8:16,9:410,10:24,11:1,12:1

 94838 multiletter control sequences out of 65536+600000
 122 fonts using 217332019 bytes
 104i,14n,130p,3364b,1407s stack positions out of 10000i,1000n,20000p,200000b,200000s
./chapters/V3-C01.tex:57:  ==> Fatal error occurred, no output PDF file produced
!
