task_id,domain,source_sheet,sheet_row,object_key,source_file,source_line,pdf_page,severity,issue,route,current_state,evidence_ref
GLOBAL-001,GLOBAL_ISSUE,全局问题台账,2,1,"common/statlearnbook.sty:2,112,596,890,905",,,P0,文件名与目录声称v2.6.0，但包信息、版本宏、PDF元数据与内部链接仍为v2.5.0,统一修改\SLReleaseVersion、ProvidesPackage、内部链接名与构建清单后重新编译,ROUTE_ONLY_OUT_OF_SCOPE,统计学习方法讲义_v2.6.0_全量索引库.xlsx
GLOBAL-002,GLOBAL_ISSUE,全局问题台账,3,2,全书37章,,,P0,内部审计文案“需要解决的阅读阻塞/第一步/核验路线”泄漏到正式讲义，反复中断主线,全部转为真正的自检问题或删除；内部问题描述保留在审校台账，不进入读者版PDF,UNREVIEWED_CURRENT_SOURCE,统计学习方法讲义_v2.6.0_全量索引库.xlsx
GLOBAL-003,GLOBAL_ISSUE,全局问题台账,4,3,static_source_audit.py,,,P0,静态源码审计未通过,按全局问题台账逐项修复，再运行静态审计与编译,UNREVIEWED_CURRENT_SOURCE,统计学习方法讲义_v2.6.0_全量索引库.xlsx
GLOBAL-004,GLOBAL_ISSUE,全局问题台账,5,4,PDF页级审计,,,P1,部分图、算法与综合页文字过小,扩大图宽/拆图，禁止整体缩放导致字号下降，图内源级字号至少9.5pt,ROUTE_ONLY_OUT_OF_SCOPE,统计学习方法讲义_v2.6.0_全量索引库.xlsx
GLOBAL-005,GLOBAL_ISSUE,全局问题台账,6,5,例题11.1、12.2、24.1、29.1、33.2,,,P1,批量模板与题型语义不匹配,替换为逐题专属“题意整理—方法触发—推导—核验—结论”,UNREVIEWED_CURRENT_SOURCE,统计学习方法讲义_v2.6.0_全量索引库.xlsx
GLOBAL-006,GLOBAL_ISSUE,全局问题台账,7,6,V1-C01.tex:523,,,P1,数学环境中出现字面字符串qquad,改为\qquad并复查其他未转义命令,UNREVIEWED_CURRENT_SOURCE,统计学习方法讲义_v2.6.0_全量索引库.xlsx
GLOBAL-007,GLOBAL_ISSUE,全局问题台账,8,7,V4-C04-S05-02,,,P1,一处练习解析低于80个可见字符,补充已知条件、方法选择、必要计算和结论核验,UNREVIEWED_CURRENT_SOURCE,统计学习方法讲义_v2.6.0_全量索引库.xlsx
GLOBAL-008,GLOBAL_ISSUE,全局问题台账,9,8,PDF页371、388、399,,,P2,页面内容偏低，留白较多,检查Needspace、强制分页和不可拆盒子设置,ROUTE_ONLY_OUT_OF_SCOPE,统计学习方法讲义_v2.6.0_全量索引库.xlsx
GLOBAL-009,GLOBAL_ISSUE,全局问题台账,10,9,PDF页737、788、823、849,,,P2,章首地图/先修/符号表高度过大,压缩章首卡片，将非首读内容后移,ROUTE_ONLY_OUT_OF_SCOPE,统计学习方法讲义_v2.6.0_全量索引库.xlsx
GLOBAL-010,GLOBAL_ISSUE,全局问题台账,11,10,PDF元数据/结构,,,P2,PDF未标记(tagged)、未线性优化,在最终发布阶段加入标签/书签可访问性复核与线性化优化,ROUTE_ONLY_OUT_OF_SCOPE,统计学习方法讲义_v2.6.0_全量索引库.xlsx
GLOBAL-011,GLOBAL_ISSUE,全局问题台账,12,11,合并总册/v240_p2_batch06.tex:8,,,P1,标签alg:V5-C08-selection-protocol与V5-C08.tex重复,删除旧批次残留或改唯一标签,UNREVIEWED_CURRENT_SOURCE,统计学习方法讲义_v2.6.0_全量索引库.xlsx
GLOBAL-012,GLOBAL_ISSUE,全局问题台账,13,12,V2-C01.tex:320,,,P1,alg:V2-C01-primal未被唯一AlgorithmContract包围,补齐输入、输出、合法条件、停止与状态契约,UNREVIEWED_CURRENT_SOURCE,统计学习方法讲义_v2.6.0_全量索引库.xlsx
GLOBAL-013,GLOBAL_ISSUE,全局问题台账,14,13,V2-C01.tex:519,,,P1,alg:V2-C01-dual未被唯一AlgorithmContract包围,补齐输入、输出、合法条件、停止与状态契约,UNREVIEWED_CURRENT_SOURCE,统计学习方法讲义_v2.6.0_全量索引库.xlsx
GLOBAL-014,GLOBAL_ISSUE,全局问题台账,15,14,V2-C02.tex:528,,,P1,alg:V2-C02-kd-search未被唯一AlgorithmContract包围,补齐输入、输出、合法条件、停止与状态契约,UNREVIEWED_CURRENT_SOURCE,统计学习方法讲义_v2.6.0_全量索引库.xlsx
GLOBAL-015,GLOBAL_ISSUE,全局问题台账,16,15,V2-C04.tex:742,,,P1,alg:V2-C04-cart-prune未被唯一AlgorithmContract包围,补齐输入、输出、合法条件、停止与状态契约,UNREVIEWED_CURRENT_SOURCE,统计学习方法讲义_v2.6.0_全量索引库.xlsx
GLOBAL-016,GLOBAL_ISSUE,全局问题台账,17,16,V2-C05.tex:381,,,P1,alg:V2-C05-newton未被唯一AlgorithmContract包围,补齐输入、输出、合法条件、停止与状态契约,UNREVIEWED_CURRENT_SOURCE,统计学习方法讲义_v2.6.0_全量索引库.xlsx
GLOBAL-017,GLOBAL_ISSUE,全局问题台账,18,17,V3-C01.tex:377,,,P1,alg:V3-C01-bfgs未被唯一AlgorithmContract包围,补齐输入、输出、合法条件、停止与状态契约,UNREVIEWED_CURRENT_SOURCE,统计学习方法讲义_v2.6.0_全量索引库.xlsx
GLOBAL-018,GLOBAL_ISSUE,全局问题台账,19,18,V3-C02.tex:756,,,P1,alg:V3-C02-smo未被唯一AlgorithmContract包围,补齐输入、输出、合法条件、停止与状态契约,UNREVIEWED_CURRENT_SOURCE,统计学习方法讲义_v2.6.0_全量索引库.xlsx
GLOBAL-019,GLOBAL_ISSUE,全局问题台账,20,19,V3-C03.tex:222,,,P1,"使用非统一状态名：AdaBoost: no_weak_edge, stagnated",映射到统一状态枚举，并把诊断原因另设字段,UNREVIEWED_CURRENT_SOURCE,统计学习方法讲义_v2.6.0_全量索引库.xlsx
GLOBAL-020,GLOBAL_ISSUE,全局问题台账,21,20,V3-C03.tex:534,,,P1,"使用非统一状态名：回归提升树: numerical_stop, stagnated",映射到统一状态枚举，并把诊断原因另设字段,UNREVIEWED_CURRENT_SOURCE,统计学习方法讲义_v2.6.0_全量索引库.xlsx
GLOBAL-021,GLOBAL_ISSUE,全局问题台账,22,21,V3-C03.tex:667,,,P1,"使用非统一状态名：梯度提升: numerical_stop, stagnated",映射到统一状态枚举，并把诊断原因另设字段,UNREVIEWED_CURRENT_SOURCE,统计学习方法讲义_v2.6.0_全量索引库.xlsx
GLOBAL-022,GLOBAL_ISSUE,全局问题台账,23,22,V3-C04.tex:349,,,P1,使用非统一状态名：EM: numerical_stop,映射到统一状态枚举，并把诊断原因另设字段,UNREVIEWED_CURRENT_SOURCE,统计学习方法讲义_v2.6.0_全量索引库.xlsx
GLOBAL-023,GLOBAL_ISSUE,全局问题台账,24,23,V3-C04.tex:563,,,P1,使用非统一状态名：GMM: numerical_stop,映射到统一状态枚举，并把诊断原因另设字段,UNREVIEWED_CURRENT_SOURCE,统计学习方法讲义_v2.6.0_全量索引库.xlsx
GLOBAL-024,GLOBAL_ISSUE,全局问题台账,25,24,V3-C04.tex:774,,,P1,使用非统一状态名：GEM-f: numerical_stop,映射到统一状态枚举，并把诊断原因另设字段,UNREVIEWED_CURRENT_SOURCE,统计学习方法讲义_v2.6.0_全量索引库.xlsx
GLOBAL-025,GLOBAL_ISSUE,全局问题台账,26,25,V3-C04.tex:844,,,P1,使用非统一状态名：GEM-q: numerical_stop,映射到统一状态枚举，并把诊断原因另设字段,UNREVIEWED_CURRENT_SOURCE,统计学习方法讲义_v2.6.0_全量索引库.xlsx
GLOBAL-026,GLOBAL_ISSUE,全局问题台账,27,26,V3-C04.tex:921,,,P1,使用非统一状态名：GEM-block: numerical_stop,映射到统一状态枚举，并把诊断原因另设字段,UNREVIEWED_CURRENT_SOURCE,统计学习方法讲义_v2.6.0_全量索引库.xlsx
GLOBAL-027,GLOBAL_ISSUE,全局问题台账,28,27,V3-C05.tex:808,,,P1,使用非统一状态名：Baum-Welch: numerical_stop,映射到统一状态枚举，并把诊断原因另设字段,UNREVIEWED_CURRENT_SOURCE,统计学习方法讲义_v2.6.0_全量索引库.xlsx
GLOBAL-028,GLOBAL_ISSUE,全局问题台账,29,28,V3-C05.tex:934,,,P1,使用非统一状态名：Viterbi: no_feasible_path,映射到统一状态枚举，并把诊断原因另设字段,UNREVIEWED_CURRENT_SOURCE,统计学习方法讲义_v2.6.0_全量索引库.xlsx
GLOBAL-029,GLOBAL_ISSUE,全局问题台账,30,29,V4-C06.tex:510,,,P1,使用非统一状态名：PLSA-EM: numerical_stop,映射到统一状态枚举，并把诊断原因另设字段,UNREVIEWED_CURRENT_SOURCE,统计学习方法讲义_v2.6.0_全量索引库.xlsx
GLOBAL-030,GLOBAL_ISSUE,全局问题台账,31,30,V4-C06.tex:577,,,P1,使用非统一状态名：PLSA折入: numerical_stop,映射到统一状态枚举，并把诊断原因另设字段,UNREVIEWED_CURRENT_SOURCE,统计学习方法讲义_v2.6.0_全量索引库.xlsx
GLOBAL-031,GLOBAL_ISSUE,全局问题台账,32,31,V5-C07.tex:708,,,P1,使用非统一状态名：PageRank幂法: numerical_stop,映射到统一状态枚举，并把诊断原因另设字段,UNREVIEWED_CURRENT_SOURCE,统计学习方法讲义_v2.6.0_全量索引库.xlsx
M02-RBL-0001,READING_BLOCKER,阅读阻塞残留,2,常见错误与误用边界：核心推导：指示函数把逻辑条件变成计数。,src/讲义源码/第01册_数学基础与统计学习基本理论/chapters/V1-C01.tex,185,18,高,边界说明缺少具体失败现象,删除内部审计句，改为四列表：触发条件｜失败现象｜可观察诊断｜修正动作；反例只破坏一个关键条件。,CURRENT_SOURCE_PASS_B_M02_SYNC_R1,B_M02_CURRENT_SYNC.json
M02-RBL-0002,READING_BLOCKER,阅读阻塞残留,3,指示函数。,src/讲义源码/第01册_数学基础与统计学习基本理论/chapters/V1-C01.tex,231,15,高,表述过短，缺少可立即作答的自检与失败回看位置,删除内部审计句，把“指示函数。”扩写为“对象是什么—成立条件—核心关系—最小例—失败边界”五句。,CURRENT_SOURCE_PASS_B_M02_SYNC_R1,B_M02_CURRENT_SYNC.json
M02-RBL-0003,READING_BLOCKER,阅读阻塞残留,4,本章符号表。,src/讲义源码/第01册_数学基础与统计学习基本理论/chapters/V1-C02.tex,42,27,高,缺少可立即代入的最小数值例或非例,删除内部审计句，在“本章符号表。”后补一个2—3步的最小数值例或反例，并给出一个可立即作答的自检。,CURRENT_SOURCE_PASS_B_M02_SYNC_R1,B_M02_CURRENT_SYNC.json
M02-RBL-0004,READING_BLOCKER,阅读阻塞残留,5,证明：子空间正交投影的最佳逼近。,src/讲义源码/第01册_数学基础与统计学习基本理论/chapters/V1-C02.tex,119,29,高,短段落内符号密度高，但符号角色未逐一落地,删除内部审计句，先用自然语言解释符号角色，再分两行写公式；每行只引入一个新对象。,CURRENT_SOURCE_PASS_B_M02_SYNC_R1,B_M02_CURRENT_SYNC.json
M02-RBL-0005,READING_BLOCKER,阅读阻塞残留,6,归一化幂法：执行契约。,src/讲义源码/第01册_数学基础与统计学习基本理论/chapters/V1-C02.tex,202,30,高,单个知识块信息密度较高，需要先给一条阅读路线再进入细节；未在同一入口集中说明输出证书,删除内部审计句，改为“输入—状态—初始化—一次更新—停止—输出”六行首次阅读卡；状态码和故障分支移到实现说明。,CURRENT_SOURCE_PASS_B_M02_SYNC_R1,B_M02_CURRENT_SYNC.json
M02-RBL-0006,READING_BLOCKER,阅读阻塞残留,7,复杂度分析：主特征方向的严格伪代码。,src/讲义源码/第01册_数学基础与统计学习基本理论/chapters/V1-C02.tex,255,31,高,边界说明缺少具体失败现象,删除内部审计句，改为四列表：触发条件｜失败现象｜可观察诊断｜修正动作；反例只破坏一个关键条件。,CURRENT_SOURCE_PASS_B_M02_SYNC_R1,B_M02_CURRENT_SYNC.json
M02-RBL-0007,READING_BLOCKER,阅读阻塞残留,8,常见错误与误用边界：主特征方向的严格伪代码。,src/讲义源码/第01册_数学基础与统计学习基本理论/chapters/V1-C02.tex,272,32,高,边界说明缺少具体失败现象,删除内部审计句，改为四列表：触发条件｜失败现象｜可观察诊断｜修正动作；反例只破坏一个关键条件。,CURRENT_SOURCE_PASS_B_M02_SYNC_R1,B_M02_CURRENT_SYNC.json
M02-RBL-0008,READING_BLOCKER,阅读阻塞残留,9,向量及其分量。,src/讲义源码/第01册_数学基础与统计学习基本理论/chapters/V1-C02.tex,293,30,高,表述过短，缺少可立即作答的自检与失败回看位置,删除内部审计句，把“向量及其分量。”扩写为“对象是什么—成立条件—核心关系—最小例—失败边界”五句。,CURRENT_SOURCE_PASS_B_M02_SYNC_R1,B_M02_CURRENT_SYNC.json
M02-RBL-0009,READING_BLOCKER,阅读阻塞残留,10,矩阵及其分量。,src/讲义源码/第01册_数学基础与统计学习基本理论/chapters/V1-C02.tex,297,30,高,表述过短，缺少可立即作答的自检与失败回看位置,删除内部审计句，把“矩阵及其分量。”扩写为“对象是什么—成立条件—核心关系—最小例—失败边界”五句。,CURRENT_SOURCE_PASS_B_M02_SYNC_R1,B_M02_CURRENT_SYNC.json
M02-RBL-0010,READING_BLOCKER,阅读阻塞残留,11,矩阵乘法的分量形式。,src/讲义源码/第01册_数学基础与统计学习基本理论/chapters/V1-C02.tex,301,30,高,表述过短，缺少可立即作答的自检与失败回看位置,删除内部审计句，把“矩阵乘法的分量形式。”扩写为“对象是什么—成立条件—核心关系—最小例—失败边界”五句。,CURRENT_SOURCE_PASS_B_M02_SYNC_R1,B_M02_CURRENT_SYNC.json
M02-RBL-0011,READING_BLOCKER,阅读阻塞残留,12,行列式。,src/讲义源码/第01册_数学基础与统计学习基本理论/chapters/V1-C02.tex,305,30,高,表述过短，缺少可立即作答的自检与失败回看位置,删除内部审计句，把“行列式。”扩写为“对象是什么—成立条件—核心关系—最小例—失败边界”五句。,CURRENT_SOURCE_PASS_B_M02_SYNC_R1,B_M02_CURRENT_SYNC.json
M02-RBL-0012,READING_BLOCKER,阅读阻塞残留,13,距离与度量。,src/讲义源码/第01册_数学基础与统计学习基本理论/chapters/V1-C02.tex,321,33,高,表述过短，缺少可立即作答的自检与失败回看位置,删除内部审计句，把“距离与度量。”扩写为“对象是什么—成立条件—核心关系—最小例—失败边界”五句。,CURRENT_SOURCE_PASS_B_M02_SYNC_R1,B_M02_CURRENT_SYNC.json
M02-RBL-0013,READING_BLOCKER,阅读阻塞残留,14,向量夹角。,src/讲义源码/第01册_数学基础与统计学习基本理论/chapters/V1-C02.tex,340,33,高,表述过短，缺少可立即作答的自检与失败回看位置,删除内部审计句，把“向量夹角。”扩写为“对象是什么—成立条件—核心关系—最小例—失败边界”五句。,CURRENT_SOURCE_PASS_B_M02_SYNC_R1,B_M02_CURRENT_SYNC.json
M02-RBL-0014,READING_BLOCKER,阅读阻塞残留,15,线性组合与张成。,src/讲义源码/第01册_数学基础与统计学习基本理论/chapters/V1-C02.tex,349,33,高,表述过短，缺少可立即作答的自检与失败回看位置,删除内部审计句，把“线性组合与张成。”扩写为“对象是什么—成立条件—核心关系—最小例—失败边界”五句。,CURRENT_SOURCE_PASS_B_M02_SYNC_R1,B_M02_CURRENT_SYNC.json
M02-RBL-0015,READING_BLOCKER,阅读阻塞残留,16,线性相关与线性无关。,src/讲义源码/第01册_数学基础与统计学习基本理论/chapters/V1-C02.tex,353,33,高,表述过短，缺少可立即作答的自检与失败回看位置,删除内部审计句，把“线性相关与线性无关。”扩写为“对象是什么—成立条件—核心关系—最小例—失败边界”五句。,CURRENT_SOURCE_PASS_B_M02_SYNC_R1,B_M02_CURRENT_SYNC.json
M02-RBL-0016,READING_BLOCKER,阅读阻塞残留,17,基、坐标与维数。,src/讲义源码/第01册_数学基础与统计学习基本理论/chapters/V1-C02.tex,357,33,高,表述过短，缺少可立即作答的自检与失败回看位置,删除内部审计句，把“基、坐标与维数。”扩写为“对象是什么—成立条件—核心关系—最小例—失败边界”五句。,CURRENT_SOURCE_PASS_B_M02_SYNC_R1,B_M02_CURRENT_SYNC.json
M02-RBL-0017,READING_BLOCKER,阅读阻塞残留,18,矩阵的秩。,src/讲义源码/第01册_数学基础与统计学习基本理论/chapters/V1-C02.tex,371,34,高,表述过短，缺少可立即作答的自检与失败回看位置,删除内部审计句，把“矩阵的秩。”扩写为“对象是什么—成立条件—核心关系—最小例—失败边界”五句。,CURRENT_SOURCE_PASS_B_M02_SYNC_R1,B_M02_CURRENT_SYNC.json
M02-RBL-0018,READING_BLOCKER,阅读阻塞残留,19,线性方程组与解空间。,src/讲义源码/第01册_数学基础与统计学习基本理论/chapters/V1-C02.tex,375,34,高,表述过短，缺少可立即作答的自检与失败回看位置,删除内部审计句，把“线性方程组与解空间。”扩写为“对象是什么—成立条件—核心关系—最小例—失败边界”五句。,CURRENT_SOURCE_PASS_B_M02_SYNC_R1,B_M02_CURRENT_SYNC.json
M02-RBL-0019,READING_BLOCKER,阅读阻塞残留,20,正交与标准正交组。,src/讲义源码/第01册_数学基础与统计学习基本理论/chapters/V1-C02.tex,391,35,高,表述过短，缺少可立即作答的自检与失败回看位置,删除内部审计句，把“正交与标准正交组。”扩写为“对象是什么—成立条件—核心关系—最小例—失败边界”五句。,CURRENT_SOURCE_PASS_B_M02_SYNC_R1,B_M02_CURRENT_SYNC.json
M02-RBL-0020,READING_BLOCKER,阅读阻塞残留,21,矩阵的基本子空间。,src/讲义源码/第01册_数学基础与统计学习基本理论/chapters/V1-C02.tex,400,35,高,对象、条件或最小例没有在首次阅读入口中同时出现,删除“需要解决的阅读阻塞/第一步/核验路线”等内部工作语，改为读者自检：“不看正文，能否说出‘矩阵的基本子空间。’的对象、条件和结论？不能则回看本节。”,CURRENT_SOURCE_PASS_B_M02_SYNC_R1,B_M02_CURRENT_SYNC.json
M02-RBL-0021,READING_BLOCKER,阅读阻塞残留,22,向量空间的子空间。,src/讲义源码/第01册_数学基础与统计学习基本理论/chapters/V1-C02.tex,404,35,高,对象、条件或最小例没有在首次阅读入口中同时出现,删除“需要解决的阅读阻塞/第一步/核验路线”等内部工作语，改为读者自检：“不看正文，能否说出‘向量空间的子空间。’的对象、条件和结论？不能则回看本节。”,CURRENT_SOURCE_PASS_B_M02_SYNC_R1,B_M02_CURRENT_SYNC.json
M02-RBL-0022,READING_BLOCKER,阅读阻塞残留,23,向量空间的基和维数。,src/讲义源码/第01册_数学基础与统计学习基本理论/chapters/V1-C02.tex,408,35,高,对象、条件或最小例没有在首次阅读入口中同时出现,删除“需要解决的阅读阻塞/第一步/核验路线”等内部工作语，改为读者自检：“不看正文，能否说出‘向量空间的基和维数。’的对象、条件和结论？不能则回看本节。”,CURRENT_SOURCE_PASS_B_M02_SYNC_R1,B_M02_CURRENT_SYNC.json
M02-RBL-0023,READING_BLOCKER,阅读阻塞残留,24,矩阵的行空间和列空间。,src/讲义源码/第01册_数学基础与统计学习基本理论/chapters/V1-C02.tex,412,36,高,对象、条件或最小例没有在首次阅读入口中同时出现,删除“需要解决的阅读阻塞/第一步/核验路线”等内部工作语，改为读者自检：“不看正文，能否说出‘矩阵的行空间和列空间。’的对象、条件和结论？不能则回看本节。”,CURRENT_SOURCE_PASS_B_M02_SYNC_R1,B_M02_CURRENT_SYNC.json
M02-RBL-0024,READING_BLOCKER,阅读阻塞残留,25,矩阵的零空间。,src/讲义源码/第01册_数学基础与统计学习基本理论/chapters/V1-C02.tex,416,36,高,对象、条件或最小例没有在首次阅读入口中同时出现,删除“需要解决的阅读阻塞/第一步/核验路线”等内部工作语，改为读者自检：“不看正文，能否说出‘矩阵的零空间。’的对象、条件和结论？不能则回看本节。”,CURRENT_SOURCE_PASS_B_M02_SYNC_R1,B_M02_CURRENT_SYNC.json
M02-RBL-0025,READING_BLOCKER,阅读阻塞残留,26,秩--零度定理。,src/讲义源码/第01册_数学基础与统计学习基本理论/chapters/V1-C02.tex,420,36,高,需显式区分条件与结论，并标出证明中每个条件的使用位置,删除“需要解决的阅读阻塞/第一步/核验路线”等内部工作语，改为读者自检：“不看正文，能否说出‘秩--零度定理。’的对象、条件和结论？不能则回看本节。”,CURRENT_SOURCE_PASS_B_M02_SYNC_R1,B_M02_CURRENT_SYNC.json
M02-RBL-0026,READING_BLOCKER,阅读阻塞残留,27,子空间的正交补。,src/讲义源码/第01册_数学基础与统计学习基本理论/chapters/V1-C02.tex,440,36,高,对象、条件或最小例没有在首次阅读入口中同时出现,删除“需要解决的阅读阻塞/第一步/核验路线”等内部工作语，改为读者自检：“不看正文，能否说出‘子空间的正交补。’的对象、条件和结论？不能则回看本节。”,CURRENT_SOURCE_PASS_B_M02_SYNC_R1,B_M02_CURRENT_SYNC.json
M02-RBL-0027,READING_BLOCKER,阅读阻塞残留,28,矩阵的基本子空间。,src/讲义源码/第01册_数学基础与统计学习基本理论/chapters/V1-C02.tex,447,35,高,对象、条件或最小例没有在首次阅读入口中同时出现,删除“需要解决的阅读阻塞/第一步/核验路线”等内部工作语，改为读者自检：“不看正文，能否说出‘矩阵的基本子空间。’的对象、条件和结论？不能则回看本节。”,CURRENT_SOURCE_PASS_B_M02_SYNC_R1,B_M02_CURRENT_SYNC.json
M02-RBL-0028,READING_BLOCKER,阅读阻塞残留,29,定理D 1。,src/讲义源码/第01册_数学基础与统计学习基本理论/chapters/V1-C02.tex,454,35,高,需显式区分条件与结论，并标出证明中每个条件的使用位置,删除“需要解决的阅读阻塞/第一步/核验路线”等内部工作语，改为读者自检：“不看正文，能否说出‘定理D 1。’的对象、条件和结论？不能则回看本节。”,CURRENT_SOURCE_PASS_B_M02_SYNC_R1,B_M02_CURRENT_SYNC.json
M02-RBL-0029,READING_BLOCKER,阅读阻塞残留,30,正交投影。,src/讲义源码/第01册_数学基础与统计学习基本理论/chapters/V1-C02.tex,467,35,高,表述过短，缺少可立即作答的自检与失败回看位置,删除内部审计句，把“正交投影。”扩写为“对象是什么—成立条件—核心关系—最小例—失败边界”五句。,CURRENT_SOURCE_PASS_B_M02_SYNC_R1,B_M02_CURRENT_SYNC.json
M02-RBL-0030,READING_BLOCKER,阅读阻塞残留,31,点到超平面的距离。,src/讲义源码/第01册_数学基础与统计学习基本理论/chapters/V1-C02.tex,471,37,高,表述过短，缺少可立即作答的自检与失败回看位置,删除内部审计句，把“点到超平面的距离。”扩写为“对象是什么—成立条件—核心关系—最小例—失败边界”五句。,CURRENT_SOURCE_PASS_B_M02_SYNC_R1,B_M02_CURRENT_SYNC.json
M02-RBL-0031,READING_BLOCKER,阅读阻塞残留,32,特征值与特征向量。,src/讲义源码/第01册_数学基础与统计学习基本理论/chapters/V1-C02.tex,482,37,高,表述过短，缺少可立即作答的自检与失败回看位置,删除内部审计句，把“特征值与特征向量。”扩写为“对象是什么—成立条件—核心关系—最小例—失败边界”五句。,CURRENT_SOURCE_PASS_B_M02_SYNC_R1,B_M02_CURRENT_SYNC.json
M02-RBL-0032,READING_BLOCKER,阅读阻塞残留,33,对称矩阵。,src/讲义源码/第01册_数学基础与统计学习基本理论/chapters/V1-C02.tex,486,35,高,表述过短，缺少可立即作答的自检与失败回看位置,删除内部审计句，把“对称矩阵。”扩写为“对象是什么—成立条件—核心关系—最小例—失败边界”五句。,CURRENT_SOURCE_PASS_B_M02_SYNC_R1,B_M02_CURRENT_SYNC.json
M02-RBL-0033,READING_BLOCKER,阅读阻塞残留,34,正定矩阵与半正定矩阵。,src/讲义源码/第01册_数学基础与统计学习基本理论/chapters/V1-C02.tex,490,38,高,表述过短，缺少可立即作答的自检与失败回看位置,删除内部审计句，把“正定矩阵与半正定矩阵。”扩写为“对象是什么—成立条件—核心关系—最小例—失败边界”五句。,CURRENT_SOURCE_PASS_B_M02_SYNC_R1,B_M02_CURRENT_SYNC.json
M02-RBL-0034,READING_BLOCKER,阅读阻塞残留,35,二次型。,src/讲义源码/第01册_数学基础与统计学习基本理论/chapters/V1-C02.tex,494,35,高,表述过短，缺少可立即作答的自检与失败回看位置,删除内部审计句，把“二次型。”扩写为“对象是什么—成立条件—核心关系—最小例—失败边界”五句。,CURRENT_SOURCE_PASS_B_M02_SYNC_R1,B_M02_CURRENT_SYNC.json
M02-RBL-0035,READING_BLOCKER,阅读阻塞残留,36,矩阵的迹。,src/讲义源码/第01册_数学基础与统计学习基本理论/chapters/V1-C02.tex,498,35,高,表述过短，缺少可立即作答的自检与失败回看位置,删除内部审计句，把“矩阵的迹。”扩写为“对象是什么—成立条件—核心关系—最小例—失败边界”五句。,CURRENT_SOURCE_PASS_B_M02_SYNC_R1,B_M02_CURRENT_SYNC.json
M02-RBL-0036,READING_BLOCKER,阅读阻塞残留,37,对称矩阵的谱分解。,src/讲义源码/第01册_数学基础与统计学习基本理论/chapters/V1-C02.tex,516,38,高,表述过短，缺少可立即作答的自检与失败回看位置,删除内部审计句，把“对称矩阵的谱分解。”扩写为“对象是什么—成立条件—核心关系—最小例—失败边界”五句。,CURRENT_SOURCE_PASS_B_M02_SYNC_R1,B_M02_CURRENT_SYNC.json
M02-RBL-0037,READING_BLOCKER,阅读阻塞残留,38,奇异值与奇异值分解的预备知识。,src/讲义源码/第01册_数学基础与统计学习基本理论/chapters/V1-C02.tex,520,38,高,表述过短，缺少可立即作答的自检与失败回看位置,删除内部审计句，把“奇异值与奇异值分解的预备知识。”扩写为“对象是什么—成立条件—核心关系—最小例—失败边界”五句。,CURRENT_SOURCE_PASS_B_M02_SYNC_R1,B_M02_CURRENT_SYNC.json
M02-RBL-0038,READING_BLOCKER,阅读阻塞残留,39,本章结论与下一步。,src/讲义源码/第01册_数学基础与统计学习基本理论/chapters/V1-C02.tex,993,46,高,缺少可立即代入的最小数值例或非例,删除内部审计句，在“本章结论与下一步。”后补一个2—3步的最小数值例或反例，并给出一个可立即作答的自检。,CURRENT_SOURCE_PASS_B_M02_SYNC_R1,B_M02_CURRENT_SYNC.json
M02-RBL-0039,READING_BLOCKER,阅读阻塞残留,40,本章符号表。,src/讲义源码/第01册_数学基础与统计学习基本理论/chapters/V1-C03.tex,41,47,高,缺少可立即代入的最小数值例或非例,删除内部审计句，在“本章符号表。”后补一个2—3步的最小数值例或反例，并给出一个可立即作答的自检。,CURRENT_SOURCE_PASS_B_M02_SYNC_R1,B_M02_CURRENT_SYNC.json
M02-RBL-0040,READING_BLOCKER,阅读阻塞残留,41,可微与梯度。,src/讲义源码/第01册_数学基础与统计学习基本理论/chapters/V1-C03.tex,65,47,高,缺少可立即代入的最小数值例或非例,删除内部审计句，在“可微与梯度。”后补一个2—3步的最小数值例或反例，并给出一个可立即作答的自检。,CURRENT_SOURCE_PASS_B_M02_SYNC_R1,B_M02_CURRENT_SYNC.json
M02-RBL-0041,READING_BLOCKER,阅读阻塞残留,42,证明：方向导数与梯度。,src/讲义源码/第01册_数学基础与统计学习基本理论/chapters/V1-C03.tex,122,48,高,证明前缺少一句路线提示，读者不易预判关键变形,删除内部说明，改成读者可见的一句话：“证明先把目标改写为可比较的两边，再使用上游定义/定理完成关键变形。”并在证明前列出条件与结论。,CURRENT_SOURCE_PASS_B_M02_SYNC_R1,B_M02_CURRENT_SYNC.json
M02-RBL-0042,READING_BLOCKER,阅读阻塞残留,43,几何解释：梯度垂直于等值线并指向局部上升最快方向。,src/讲义源码/第01册_数学基础与统计学习基本理论/chapters/V1-C03.tex,138,49,高,缺少可立即代入的最小数值例或非例,删除内部审计句，在“几何解释：梯度垂直于等值线并指向局部上升最快方向。”后补一个2—3步的最小数值例或反例，并给出一个可立即作答的自检。,CURRENT_SOURCE_PASS_B_M02_SYNC_R1,B_M02_CURRENT_SYNC.json
M02-RBL-0043,READING_BLOCKER,阅读阻塞残留,44,固定步长梯度下降：执行契约。,src/讲义源码/第01册_数学基础与统计学习基本理论/chapters/V1-C03.tex,217,51,高,未在同一入口集中说明输出证书,删除内部审计句，改为“输入—状态—初始化—一次更新—停止—输出”六行首次阅读卡；状态码和故障分支移到实现说明。,CURRENT_SOURCE_PASS_B_M02_SYNC_R1,B_M02_CURRENT_SYNC.json
M02-RBL-0044,READING_BLOCKER,阅读阻塞残留,45,固定步长梯度下降。,src/讲义源码/第01册_数学基础与统计学习基本理论/chapters/V1-C03.tex,221,48,高,未在同一入口集中说明输出证书；短段落内符号密度高，但符号角色未逐一落地,删除内部审计句，改为“输入—状态—初始化—一次更新—停止—输出”六行首次阅读卡；状态码和故障分支移到实现说明。,CURRENT_SOURCE_PASS_B_M02_SYNC_R1,B_M02_CURRENT_SYNC.json
M02-RBL-0045,READING_BLOCKER,阅读阻塞残留,46,复杂度分析：梯度下降伪代码。,src/讲义源码/第01册_数学基础与统计学习基本理论/chapters/V1-C03.tex,256,52,高,边界说明缺少具体失败现象,删除内部审计句，改为四列表：触发条件｜失败现象｜可观察诊断｜修正动作；反例只破坏一个关键条件。,CURRENT_SOURCE_PASS_B_M02_SYNC_R1,B_M02_CURRENT_SYNC.json
M02-RBL-0046,READING_BLOCKER,阅读阻塞残留,47,常见错误与误用边界：梯度下降伪代码。,src/讲义源码/第01册_数学基础与统计学习基本理论/chapters/V1-C03.tex,273,52,高,边界说明缺少具体失败现象,删除内部审计句，改为四列表：触发条件｜失败现象｜可观察诊断｜修正动作；反例只破坏一个关键条件。,CURRENT_SOURCE_PASS_B_M02_SYNC_R1,B_M02_CURRENT_SYNC.json
M02-RBL-0047,READING_BLOCKER,阅读阻塞残留,48,多元函数。,src/讲义源码/第01册_数学基础与统计学习基本理论/chapters/V1-C03.tex,297,47,高,表述过短，缺少可立即作答的自检与失败回看位置,删除内部审计句，把“多元函数。”扩写为“对象是什么—成立条件—核心关系—最小例—失败边界”五句。,CURRENT_SOURCE_PASS_B_M02_SYNC_R1,B_M02_CURRENT_SYNC.json
M02-RBL-0048,READING_BLOCKER,阅读阻塞残留,49,梯度。,src/讲义源码/第01册_数学基础与统计学习基本理论/chapters/V1-C03.tex,314,53,高,表述过短，缺少可立即作答的自检与失败回看位置,删除内部审计句，把“梯度。”扩写为“对象是什么—成立条件—核心关系—最小例—失败边界”五句。,CURRENT_SOURCE_PASS_B_M02_SYNC_R1,B_M02_CURRENT_SYNC.json
M02-RBL-0049,READING_BLOCKER,阅读阻塞残留,50,方向导数。,src/讲义源码/第01册_数学基础与统计学习基本理论/chapters/V1-C03.tex,318,53,高,表述过短，缺少可立即作答的自检与失败回看位置,删除内部审计句，把“方向导数。”扩写为“对象是什么—成立条件—核心关系—最小例—失败边界”五句。,CURRENT_SOURCE_PASS_B_M02_SYNC_R1,B_M02_CURRENT_SYNC.json
M02-RBL-0050,READING_BLOCKER,阅读阻塞残留,51,Hessian矩阵。,src/讲义源码/第01册_数学基础与统计学习基本理论/chapters/V1-C03.tex,330,47,高,表述过短，缺少可立即作答的自检与失败回看位置,删除内部审计句，把“Hessian矩阵。”扩写为“对象是什么—成立条件—核心关系—最小例—失败边界”五句。,CURRENT_SOURCE_PASS_B_M02_SYNC_R1,B_M02_CURRENT_SYNC.json
M02-RBL-0051,READING_BLOCKER,阅读阻塞残留,52,多元函数极值的必要条件。,src/讲义源码/第01册_数学基础与统计学习基本理论/chapters/V1-C03.tex,334,54,高,表述过短，缺少可立即作答的自检与失败回看位置,删除内部审计句，把“多元函数极值的必要条件。”扩写为“对象是什么—成立条件—核心关系—最小例—失败边界”五句。,CURRENT_SOURCE_PASS_B_M02_SYNC_R1,B_M02_CURRENT_SYNC.json
M02-RBL-0052,READING_BLOCKER,阅读阻塞残留,53,多元链式法则。,src/讲义源码/第01册_数学基础与统计学习基本理论/chapters/V1-C03.tex,373,54,高,表述过短，缺少可立即作答的自检与失败回看位置,删除内部审计句，把“多元链式法则。”扩写为“对象是什么—成立条件—核心关系—最小例—失败边界”五句。,CURRENT_SOURCE_PASS_B_M02_SYNC_R1,B_M02_CURRENT_SYNC.json
M02-RBL-0053,READING_BLOCKER,阅读阻塞残留,54,多元泰勒展开。,src/讲义源码/第01册_数学基础与统计学习基本理论/chapters/V1-C03.tex,377,54,高,表述过短，缺少可立即作答的自检与失败回看位置,删除内部审计句，把“多元泰勒展开。”扩写为“对象是什么—成立条件—核心关系—最小例—失败边界”五句。,CURRENT_SOURCE_PASS_B_M02_SYNC_R1,B_M02_CURRENT_SYNC.json
M02-RBL-0054,READING_BLOCKER,阅读阻塞残留,55,指数函数与对数函数的微分。,src/讲义源码/第01册_数学基础与统计学习基本理论/chapters/V1-C03.tex,381,54,高,表述过短，缺少可立即作答的自检与失败回看位置,删除内部审计句，把“指数函数与对数函数的微分。”扩写为“对象是什么—成立条件—核心关系—最小例—失败边界”五句。,CURRENT_SOURCE_PASS_B_M02_SYNC_R1,B_M02_CURRENT_SYNC.json
M02-RBL-0055,READING_BLOCKER,阅读阻塞残留,56,线性函数的梯度。,src/讲义源码/第01册_数学基础与统计学习基本理论/chapters/V1-C03.tex,403,56,高,表述过短，缺少可立即作答的自检与失败回看位置,删除内部审计句，把“线性函数的梯度。”扩写为“对象是什么—成立条件—核心关系—最小例—失败边界”五句。,CURRENT_SOURCE_PASS_B_M02_SYNC_R1,B_M02_CURRENT_SYNC.json
M02-RBL-0056,READING_BLOCKER,阅读阻塞残留,57,二次型的梯度。,src/讲义源码/第01册_数学基础与统计学习基本理论/chapters/V1-C03.tex,407,48,高,表述过短，缺少可立即作答的自检与失败回看位置,删除内部审计句，把“二次型的梯度。”扩写为“对象是什么—成立条件—核心关系—最小例—失败边界”五句。,CURRENT_SOURCE_PASS_B_M02_SYNC_R1,B_M02_CURRENT_SYNC.json
M02-RBL-0057,READING_BLOCKER,阅读阻塞残留,58,对数函数的梯度。,src/讲义源码/第01册_数学基础与统计学习基本理论/chapters/V1-C03.tex,411,47,高,表述过短，缺少可立即作答的自检与失败回看位置,删除内部审计句，把“对数函数的梯度。”扩写为“对象是什么—成立条件—核心关系—最小例—失败边界”五句。,CURRENT_SOURCE_PASS_B_M02_SYNC_R1,B_M02_CURRENT_SYNC.json
M02-RBL-0058,READING_BLOCKER,阅读阻塞残留,59,Jacobian矩阵。,src/讲义源码/第01册_数学基础与统计学习基本理论/chapters/V1-C03.tex,415,47,高,表述过短，缺少可立即作答的自检与失败回看位置,删除内部审计句，把“Jacobian矩阵。”扩写为“对象是什么—成立条件—核心关系—最小例—失败边界”五句。,CURRENT_SOURCE_PASS_B_M02_SYNC_R1,B_M02_CURRENT_SYNC.json
M02-RBL-0059,READING_BLOCKER,阅读阻塞残留,60,本章结论与下一步。,src/讲义源码/第01册_数学基础与统计学习基本理论/chapters/V1-C03.tex,841,47,高,缺少可立即代入的最小数值例或非例,删除内部审计句，在“本章结论与下一步。”后补一个2—3步的最小数值例或反例，并给出一个可立即作答的自检。,CURRENT_SOURCE_PASS_B_M02_SYNC_R1,B_M02_CURRENT_SYNC.json
M02-RBL-0060,READING_BLOCKER,阅读阻塞残留,61,先修自检。,src/讲义源码/第01册_数学基础与统计学习基本理论/chapters/V1-C04.tex,26,64,高,缺少可立即代入的最小数值例或非例,删除内部审计句，在“先修自检。”后补一个2—3步的最小数值例或反例，并给出一个可立即作答的自检。,CURRENT_SOURCE_PASS_B_M02_SYNC_R1,B_M02_CURRENT_SYNC.json
M02-RBL-0061,READING_BLOCKER,阅读阻塞残留,62,概率空间。,src/讲义源码/第01册_数学基础与统计学习基本理论/chapters/V1-C04.tex,72,64,高,缺少可立即代入的最小数值例或非例,删除内部审计句，在“概率空间。”后补一个2—3步的最小数值例或反例，并给出一个可立即作答的自检。,CURRENT_SOURCE_PASS_B_M02_SYNC_R1,B_M02_CURRENT_SYNC.json
M02-RBL-0062,READING_BLOCKER,阅读阻塞残留,63,全概率公式。,src/讲义源码/第01册_数学基础与统计学习基本理论/chapters/V1-C04.tex,122,64,高,表述过短，缺少可立即作答的自检与失败回看位置,删除内部审计句，把“全概率公式。”扩写为“对象是什么—成立条件—核心关系—最小例—失败边界”五句。,CURRENT_SOURCE_PASS_B_M02_SYNC_R1,B_M02_CURRENT_SYNC.json
M02-RBL-0063,READING_BLOCKER,阅读阻塞残留,64,贝叶斯公式。,src/讲义源码/第01册_数学基础与统计学习基本理论/chapters/V1-C04.tex,126,64,高,表述过短，缺少可立即作答的自检与失败回看位置,删除内部审计句，把“贝叶斯公式。”扩写为“对象是什么—成立条件—核心关系—最小例—失败边界”五句。,CURRENT_SOURCE_PASS_B_M02_SYNC_R1,B_M02_CURRENT_SYNC.json
M02-RBL-0064,READING_BLOCKER,阅读阻塞残留,65,数学期望。,src/讲义源码/第01册_数学基础与统计学习基本理论/chapters/V1-C04.tex,187,64,高,表述过短，缺少可立即作答的自检与失败回看位置,删除内部审计句，把“数学期望。”扩写为“对象是什么—成立条件—核心关系—最小例—失败边界”五句。,CURRENT_SOURCE_PASS_B_M02_SYNC_R1,B_M02_CURRENT_SYNC.json
M02-RBL-0065,READING_BLOCKER,阅读阻塞残留,66,方差。,src/讲义源码/第01册_数学基础与统计学习基本理论/chapters/V1-C04.tex,191,64,高,表述过短，缺少可立即作答的自检与失败回看位置,删除内部审计句，把“方差。”扩写为“对象是什么—成立条件—核心关系—最小例—失败边界”五句。,CURRENT_SOURCE_PASS_B_M02_SYNC_R1,B_M02_CURRENT_SYNC.json
M02-RBL-0066,READING_BLOCKER,阅读阻塞残留,67,协方差与协方差矩阵。,src/讲义源码/第01册_数学基础与统计学习基本理论/chapters/V1-C04.tex,195,64,高,表述过短，缺少可立即作答的自检与失败回看位置,删除内部审计句，把“协方差与协方差矩阵。”扩写为“对象是什么—成立条件—核心关系—最小例—失败边界”五句。,CURRENT_SOURCE_PASS_B_M02_SYNC_R1,B_M02_CURRENT_SYNC.json
M02-RBL-0067,READING_BLOCKER,阅读阻塞残留,68,条件期望。,src/讲义源码/第01册_数学基础与统计学习基本理论/chapters/V1-C04.tex,199,64,高,表述过短，缺少可立即作答的自检与失败回看位置,删除内部审计句，把“条件期望。”扩写为“对象是什么—成立条件—核心关系—最小例—失败边界”五句。,CURRENT_SOURCE_PASS_B_M02_SYNC_R1,B_M02_CURRENT_SYNC.json
M02-RBL-0068,READING_BLOCKER,阅读阻塞残留,69,切比雪夫界下的样本均值收敛。,src/讲义源码/第01册_数学基础与统计学习基本理论/chapters/V1-C04.tex,219,64,高,定理陈述中的对象与条件入口不够醒目,删除“需要解决的阅读阻塞/第一步/核验路线”等内部工作语，改为读者自检：“不看正文，能否说出‘切比雪夫界下的样本均值收敛。’的对象、条件和结论？不能则回看本节。”,CURRENT_SOURCE_PASS_B_M02_SYNC_R1,B_M02_CURRENT_SYNC.json
M02-RBL-0069,READING_BLOCKER,阅读阻塞残留,70,证明：切比雪夫界下的样本均值收敛。,src/讲义源码/第01册_数学基础与统计学习基本理论/chapters/V1-C04.tex,230,68,高,证明前缺少一句路线提示，读者不易预判关键变形,删除内部说明，改成读者可见的一句话：“证明先把目标改写为可比较的两边，再使用上游定义/定理完成关键变形。”并在证明前列出条件与结论。,CURRENT_SOURCE_PASS_B_M02_SYNC_R1,B_M02_CURRENT_SYNC.json
M02-RBL-0070,READING_BLOCKER,阅读阻塞残留,71,复杂度分析：期望、方差、协方差与大数定律。,src/讲义源码/第01册_数学基础与统计学习基本理论/chapters/V1-C04.tex,270,69,高,边界说明缺少具体失败现象,删除内部审计句，改为四列表：触发条件｜失败现象｜可观察诊断｜修正动作；反例只破坏一个关键条件。,CURRENT_SOURCE_PASS_B_M02_SYNC_R1,B_M02_CURRENT_SYNC.json
M02-RBL-0071,READING_BLOCKER,阅读阻塞残留,72,常见错误与误用边界：期望、方差、协方差与大数定律。,src/讲义源码/第01册_数学基础与统计学习基本理论/chapters/V1-C04.tex,287,69,高,边界说明缺少具体失败现象,删除内部审计句，改为四列表：触发条件｜失败现象｜可观察诊断｜修正动作；反例只破坏一个关键条件。,CURRENT_SOURCE_PASS_B_M02_SYNC_R1,B_M02_CURRENT_SYNC.json
M02-RBL-0072,READING_BLOCKER,阅读阻塞残留,73,有限假设空间上的贝叶斯更新：执行契约。,src/讲义源码/第01册_数学基础与统计学习基本理论/chapters/V1-C04.tex,301,70,高,单个知识块信息密度较高，需要先给一条阅读路线再进入细节,删除内部审计句，改为“输入—状态—初始化—一次更新—停止—输出”六行首次阅读卡；状态码和故障分支移到实现说明。,CURRENT_SOURCE_PASS_B_M02_SYNC_R1,B_M02_CURRENT_SYNC.json
M02-RBL-0073,READING_BLOCKER,阅读阻塞残留,74,证明：分布函数唯一确定分布。,src/讲义源码/第01册_数学基础与统计学习基本理论/chapters/V1-C04.tex,393,72,高,证明前缺少一句路线提示，读者不易预判关键变形；短段落内符号密度高，但符号角色未逐一落地,删除内部说明，改成读者可见的一句话：“证明先把目标改写为可比较的两边，再使用上游定义/定理完成关键变形。”并在证明前列出条件与结论。,CURRENT_SOURCE_PASS_B_M02_SYNC_R1,B_M02_CURRENT_SYNC.json
M02-RBL-0074,READING_BLOCKER,阅读阻塞残留,75,联合分布。,src/讲义源码/第01册_数学基础与统计学习基本理论/chapters/V1-C04.tex,416,72,高,表述过短，缺少可立即作答的自检与失败回看位置,删除内部审计句，把“联合分布。”扩写为“对象是什么—成立条件—核心关系—最小例—失败边界”五句。,CURRENT_SOURCE_PASS_B_M02_SYNC_R1,B_M02_CURRENT_SYNC.json
M02-RBL-0075,READING_BLOCKER,阅读阻塞残留,76,边缘分布。,src/讲义源码/第01册_数学基础与统计学习基本理论/chapters/V1-C04.tex,420,72,高,表述过短，缺少可立即作答的自检与失败回看位置,删除内部审计句，把“边缘分布。”扩写为“对象是什么—成立条件—核心关系—最小例—失败边界”五句。,CURRENT_SOURCE_PASS_B_M02_SYNC_R1,B_M02_CURRENT_SYNC.json
M02-RBL-0076,READING_BLOCKER,阅读阻塞残留,77,条件分布归一化。,src/讲义源码/第01册_数学基础与统计学习基本理论/chapters/V1-C04.tex,437,73,高,定理陈述中的对象与条件入口不够醒目,删除“需要解决的阅读阻塞/第一步/核验路线”等内部工作语，改为读者自检：“不看正文，能否说出‘条件分布归一化。’的对象、条件和结论？不能则回看本节。”,CURRENT_SOURCE_PASS_B_M02_SYNC_R1,B_M02_CURRENT_SYNC.json
M02-RBL-0077,READING_BLOCKER,阅读阻塞残留,78,证明：条件分布归一化。,src/讲义源码/第01册_数学基础与统计学习基本理论/chapters/V1-C04.tex,445,73,高,证明前缺少一句路线提示，读者不易预判关键变形,删除内部说明，改成读者可见的一句话：“证明先把目标改写为可比较的两边，再使用上游定义/定理完成关键变形。”并在证明前列出条件与结论。,CURRENT_SOURCE_PASS_B_M02_SYNC_R1,B_M02_CURRENT_SYNC.json
M02-RBL-0078,READING_BLOCKER,阅读阻塞残留,79,随机变量的独立性。,src/讲义源码/第01册_数学基础与统计学习基本理论/chapters/V1-C04.tex,455,73,高,表述过短，缺少可立即作答的自检与失败回看位置,删除内部审计句，把“随机变量的独立性。”扩写为“对象是什么—成立条件—核心关系—最小例—失败边界”五句。,CURRENT_SOURCE_PASS_B_M02_SYNC_R1,B_M02_CURRENT_SYNC.json
M02-RBL-0079,READING_BLOCKER,阅读阻塞残留,80,先修自检。,src/讲义源码/第01册_数学基础与统计学习基本理论/chapters/V1-C05.tex,26,81,高,缺少可立即代入的最小数值例或非例,删除内部审计句，在“先修自检。”后补一个2—3步的最小数值例或反例，并给出一个可立即作答的自检。,CURRENT_SOURCE_PASS_B_M02_SYNC_R1,B_M02_CURRENT_SYNC.json
M02-RBL-0080,READING_BLOCKER,阅读阻塞残留,81,本章符号表。,src/讲义源码/第01册_数学基础与统计学习基本理论/chapters/V1-C05.tex,54,81,高,短段落内符号密度高，但符号角色未逐一落地,删除内部审计句，先用自然语言解释符号角色，再分两行写公式；每行只引入一个新对象。,CURRENT_SOURCE_PASS_B_M02_SYNC_R1,B_M02_CURRENT_SYNC.json
M02-RBL-0081,READING_BLOCKER,阅读阻塞残留,82,伯努利分布。,src/讲义源码/第01册_数学基础与统计学习基本理论/chapters/V1-C05.tex,73,81,高,表述过短，缺少可立即作答的自检与失败回看位置,删除内部审计句，把“伯努利分布。”扩写为“对象是什么—成立条件—核心关系—最小例—失败边界”五句。,CURRENT_SOURCE_PASS_B_M02_SYNC_R1,B_M02_CURRENT_SYNC.json
M02-RBL-0082,READING_BLOCKER,阅读阻塞残留,83,证明：二项分布的均值与方差。,src/讲义源码/第01册_数学基础与统计学习基本理论/chapters/V1-C05.tex,104,82,高,证明前缺少一句路线提示，读者不易预判关键变形,删除内部说明，改成读者可见的一句话：“证明先把目标改写为可比较的两边，再使用上游定义/定理完成关键变形。”并在证明前列出条件与结论。,CURRENT_SOURCE_PASS_B_M02_SYNC_R1,B_M02_CURRENT_SYNC.json
M02-RBL-0083,READING_BLOCKER,阅读阻塞残留,84,一元高斯分布。,src/讲义源码/第01册_数学基础与统计学习基本理论/chapters/V1-C05.tex,108,82,高,表述过短，缺少可立即作答的自检与失败回看位置,删除内部审计句，把“一元高斯分布。”扩写为“对象是什么—成立条件—核心关系—最小例—失败边界”五句。,CURRENT_SOURCE_PASS_B_M02_SYNC_R1,B_M02_CURRENT_SYNC.json
M02-RBL-0084,READING_BLOCKER,阅读阻塞残留,85,证明：标准化。,src/讲义源码/第01册_数学基础与统计学习基本理论/chapters/V1-C05.tex,150,83,高,证明前缺少一句路线提示，读者不易预判关键变形,删除内部说明，改成读者可见的一句话：“证明先把目标改写为可比较的两边，再使用上游定义/定理完成关键变形。”并在证明前列出条件与结论。,CURRENT_SOURCE_PASS_B_M02_SYNC_R1,B_M02_CURRENT_SYNC.json
M02-RBL-0085,READING_BLOCKER,阅读阻塞残留,86,Gamma递推。,src/讲义源码/第01册_数学基础与统计学习基本理论/chapters/V1-C05.tex,173,84,高,定理陈述中的对象与条件入口不够醒目,删除“需要解决的阅读阻塞/第一步/核验路线”等内部工作语，改为读者自检：“不看正文，能否说出‘Gamma递推。’的对象、条件和结论？不能则回看本节。”,CURRENT_SOURCE_PASS_B_M02_SYNC_R1,B_M02_CURRENT_SYNC.json
M02-RBL-0086,READING_BLOCKER,阅读阻塞残留,87,似然函数。,src/讲义源码/第01册_数学基础与统计学习基本理论/chapters/V1-C05.tex,191,84,高,表述过短，缺少可立即作答的自检与失败回看位置,删除内部审计句，把“似然函数。”扩写为“对象是什么—成立条件—核心关系—最小例—失败边界”五句。,CURRENT_SOURCE_PASS_B_M02_SYNC_R1,B_M02_CURRENT_SYNC.json
M02-RBL-0087,READING_BLOCKER,阅读阻塞残留,88,对数似然。,src/讲义源码/第01册_数学基础与统计学习基本理论/chapters/V1-C05.tex,195,84,高,表述过短，缺少可立即作答的自检与失败回看位置,删除内部审计句，把“对数似然。”扩写为“对象是什么—成立条件—核心关系—最小例—失败边界”五句。,CURRENT_SOURCE_PASS_B_M02_SYNC_R1,B_M02_CURRENT_SYNC.json
M02-RBL-0088,READING_BLOCKER,阅读阻塞残留,89,Corollary：伯努利样本中，样本均值同时是成功概率 p 的极大似然估计与无偏估计。,src/讲义源码/第01册_数学基础与统计学习基本理论/chapters/V1-C05.tex,233,85,高,定理陈述中的对象与条件入口不够醒目,删除“需要解决的阅读阻塞/第一步/核验路线”等内部工作语，改为读者自检：“不看正文，能否说出‘Corollary：伯努利样本中，样本均值同时是成功概率 p 的极大似然估计与无偏估计。’的对象、条件和结论？不能则回看本节。”,CURRENT_SOURCE_PASS_B_M02_SYNC_R1,B_M02_CURRENT_SYNC.json
M02-RBL-0089,READING_BLOCKER,阅读阻塞残留,90,先验、似然与后验。,src/讲义源码/第01册_数学基础与统计学习基本理论/chapters/V1-C05.tex,269,85,高,表述过短，缺少可立即作答的自检与失败回看位置,删除内部审计句，把“先验、似然与后验。”扩写为“对象是什么—成立条件—核心关系—最小例—失败边界”五句。,CURRENT_SOURCE_PASS_B_M02_SYNC_R1,B_M02_CURRENT_SYNC.json
M02-RBL-0090,READING_BLOCKER,阅读阻塞残留,91,最大后验估计。,src/讲义源码/第01册_数学基础与统计学习基本理论/chapters/V1-C05.tex,273,85,高,表述过短，缺少可立即作答的自检与失败回看位置,删除内部审计句，把“最大后验估计。”扩写为“对象是什么—成立条件—核心关系—最小例—失败边界”五句。,CURRENT_SOURCE_PASS_B_M02_SYNC_R1,B_M02_CURRENT_SYNC.json
M02-RBL-0091,READING_BLOCKER,阅读阻塞残留,92,共轭先验。,src/讲义源码/第01册_数学基础与统计学习基本理论/chapters/V1-C05.tex,277,85,高,表述过短，缺少可立即作答的自检与失败回看位置,删除内部审计句，把“共轭先验。”扩写为“对象是什么—成立条件—核心关系—最小例—失败边界”五句。,CURRENT_SOURCE_PASS_B_M02_SYNC_R1,B_M02_CURRENT_SYNC.json
M02-RBL-0092,READING_BLOCKER,阅读阻塞残留,93,复杂度分析：先验、后验、共轭与最大后验。,src/讲义源码/第01册_数学基础与统计学习基本理论/chapters/V1-C05.tex,330,87,高,边界说明缺少具体失败现象,删除内部审计句，改为四列表：触发条件｜失败现象｜可观察诊断｜修正动作；反例只破坏一个关键条件。,CURRENT_SOURCE_PASS_B_M02_SYNC_R1,B_M02_CURRENT_SYNC.json
M02-RBL-0093,READING_BLOCKER,阅读阻塞残留,94,狄利克雷--多项分布的顺序共轭更新：执行契约。,src/讲义源码/第01册_数学基础与统计学习基本理论/chapters/V1-C05.tex,356,88,高,单个知识块信息密度较高，需要先给一条阅读路线再进入细节；未在同一入口集中说明输出证书,删除内部审计句，改为“输入—状态—初始化—一次更新—停止—输出”六行首次阅读卡；状态码和故障分支移到实现说明。,CURRENT_SOURCE_PASS_B_M02_SYNC_R1,B_M02_CURRENT_SYNC.json
M02-RBL-0094,READING_BLOCKER,阅读阻塞残留,95,边缘似然。,src/讲义源码/第01册_数学基础与统计学习基本理论/chapters/V1-C05.tex,410,87,高,表述过短，缺少可立即作答的自检与失败回看位置,删除内部审计句，把“边缘似然。”扩写为“对象是什么—成立条件—核心关系—最小例—失败边界”五句。,CURRENT_SOURCE_PASS_B_M02_SYNC_R1,B_M02_CURRENT_SYNC.json
M02-RBL-0095,READING_BLOCKER,阅读阻塞残留,96,隐变量与不完全数据。,src/讲义源码/第01册_数学基础与统计学习基本理论/chapters/V1-C05.tex,414,87,高,表述过短，缺少可立即作答的自检与失败回看位置,删除内部审计句，把“隐变量与不完全数据。”扩写为“对象是什么—成立条件—核心关系—最小例—失败边界”五句。,CURRENT_SOURCE_PASS_B_M02_SYNC_R1,B_M02_CURRENT_SYNC.json
M02-RBL-0096,READING_BLOCKER,阅读阻塞残留,97,指数族分布。,src/讲义源码/第01册_数学基础与统计学习基本理论/chapters/V1-C05.tex,418,87,高,表述过短，缺少可立即作答的自检与失败回看位置,删除内部审计句，把“指数族分布。”扩写为“对象是什么—成立条件—核心关系—最小例—失败边界”五句。,CURRENT_SOURCE_PASS_B_M02_SYNC_R1,B_M02_CURRENT_SYNC.json
M02-RBL-0097,READING_BLOCKER,阅读阻塞残留,98,本章结论与下一步。,src/讲义源码/第01册_数学基础与统计学习基本理论/chapters/V1-C05.tex,914,87,高,缺少可立即代入的最小数值例或非例,删除内部审计句，在“本章结论与下一步。”后补一个2—3步的最小数值例或反例，并给出一个可立即作答的自检。,CURRENT_SOURCE_PASS_B_M02_SYNC_R1,B_M02_CURRENT_SYNC.json
M02-RBL-0098,READING_BLOCKER,阅读阻塞残留,99,先修自检。,src/讲义源码/第01册_数学基础与统计学习基本理论/chapters/V1-C06.tex,26,99,高,缺少可立即代入的最小数值例或非例,删除内部审计句，在“先修自检。”后补一个2—3步的最小数值例或反例，并给出一个可立即作答的自检。,CURRENT_SOURCE_PASS_B_M02_SYNC_R1,B_M02_CURRENT_SYNC.json
M02-RBL-0099,READING_BLOCKER,阅读阻塞残留,100,熵。,src/讲义源码/第01册_数学基础与统计学习基本理论/chapters/V1-C06.tex,99,100,高,表述过短，缺少可立即作答的自检与失败回看位置,删除内部审计句，把“熵。”扩写为“对象是什么—成立条件—核心关系—最小例—失败边界”五句。,CURRENT_SOURCE_PASS_B_M02_SYNC_R1,B_M02_CURRENT_SYNC.json
M02-RBL-0100,READING_BLOCKER,阅读阻塞残留,101,证明：有限均匀分布最大熵。,src/讲义源码/第01册_数学基础与统计学习基本理论/chapters/V1-C06.tex,119,100,高,证明前缺少一句路线提示，读者不易预判关键变形,删除内部说明，改成读者可见的一句话：“证明先把目标改写为可比较的两边，再使用上游定义/定理完成关键变形。”并在证明前列出条件与结论。,CURRENT_SOURCE_PASS_B_M02_SYNC_R1,B_M02_CURRENT_SYNC.json
M02-RBL-0101,READING_BLOCKER,阅读阻塞残留,102,证明：条件化不增加离散熵。,src/讲义源码/第01册_数学基础与统计学习基本理论/chapters/V1-C06.tex,158,101,高,证明前缺少一句路线提示，读者不易预判关键变形,删除内部说明，改成读者可见的一句话：“证明先把目标改写为可比较的两边，再使用上游定义/定理完成关键变形。”并在证明前列出条件与结论。,CURRENT_SOURCE_PASS_B_M02_SYNC_R1,B_M02_CURRENT_SYNC.json
M02-RBL-0102,READING_BLOCKER,阅读阻塞残留,103,常见错误与误用边界：条件熵与联合熵。,src/讲义源码/第01册_数学基础与统计学习基本理论/chapters/V1-C06.tex,178,102,高,存在显然/易得/类似可得式压缩，初学者可能不知道中间依据,删除“需要解决的阅读阻塞/第一步/核验路线”等内部工作语，改为读者自检：“不看正文，能否说出‘常见错误与误用边界：条件熵与联合熵。’的对象、条件和结论？不能则回看本节。”,CURRENT_SOURCE_PASS_B_M02_SYNC_R1,B_M02_CURRENT_SYNC.json
M02-RBL-0103,READING_BLOCKER,阅读阻塞残留,104,KL散度（相对熵）。,src/讲义源码/第01册_数学基础与统计学习基本理论/chapters/V1-C06.tex,197,102,高,表述过短，缺少可立即作答的自检与失败回看位置,删除内部审计句，把“KL散度（相对熵）。”扩写为“对象是什么—成立条件—核心关系—最小例—失败边界”五句。,CURRENT_SOURCE_PASS_B_M02_SYNC_R1,B_M02_CURRENT_SYNC.json
M02-RBL-0104,READING_BLOCKER,阅读阻塞残留,105,KL散度的定义和狄利克雷分布的性质。,src/讲义源码/第01册_数学基础与统计学习基本理论/chapters/V1-C06.tex,201,103,高,对象、条件或最小例没有在首次阅读入口中同时出现,删除“需要解决的阅读阻塞/第一步/核验路线”等内部工作语，改为读者自检：“不看正文，能否说出‘KL散度的定义和狄利克雷分布的性质。’的对象、条件和结论？不能则回看本节。”,CURRENT_SOURCE_PASS_B_M02_SYNC_R1,B_M02_CURRENT_SYNC.json
M02-RBL-0105,READING_BLOCKER,阅读阻塞残留,106,Corollary：真实类别分布固定时，交叉熵的最小值是其自身熵，并且只有预测分布等于真实分布时……。,src/讲义源码/第01册_数学基础与统计学习基本理论/chapters/V1-C06.tex,264,104,高,定理陈述中的对象与条件入口不够醒目,删除“需要解决的阅读阻塞/第一步/核验路线”等内部工作语，改为读者自检：“不看正文，能否说出‘Corollary：真实类别分布固定时，交叉熵的最小值是其自身熵，并且只有预测分布等于真实分布时……。’的对象、条件和结论？不能则回看本节。”,CURRENT_SOURCE_PASS_B_M02_SYNC_R1,B_M02_CURRENT_SYNC.json
M02-RBL-0106,READING_BLOCKER,阅读阻塞残留,107,互信息。,src/讲义源码/第01册_数学基础与统计学习基本理论/chapters/V1-C06.tex,301,103,高,表述过短，缺少可立即作答的自检与失败回看位置,删除内部审计句，把“互信息。”扩写为“对象是什么—成立条件—核心关系—最小例—失败边界”五句。,CURRENT_SOURCE_PASS_B_M02_SYNC_R1,B_M02_CURRENT_SYNC.json
M02-RBL-0107,READING_BLOCKER,阅读阻塞残留,108,信息增益。,src/讲义源码/第01册_数学基础与统计学习基本理论/chapters/V1-C06.tex,351,99,高,表述过短，缺少可立即作答的自检与失败回看位置,删除内部审计句，把“信息增益。”扩写为“对象是什么—成立条件—核心关系—最小例—失败边界”五句。,CURRENT_SOURCE_PASS_B_M02_SYNC_R1,B_M02_CURRENT_SYNC.json
M02-RBL-0108,READING_BLOCKER,阅读阻塞残留,109,复杂度分析：基尼指数。,src/讲义源码/第01册_数学基础与统计学习基本理论/chapters/V1-C06.tex,453,108,高,边界说明缺少具体失败现象,删除内部审计句，改为四列表：触发条件｜失败现象｜可观察诊断｜修正动作；反例只破坏一个关键条件。,CURRENT_SOURCE_PASS_B_M02_SYNC_R1,B_M02_CURRENT_SYNC.json
M02-RBL-0109,READING_BLOCKER,阅读阻塞残留,110,常见错误与误用边界：基尼指数。,src/讲义源码/第01册_数学基础与统计学习基本理论/chapters/V1-C06.tex,470,109,高,边界说明缺少具体失败现象,删除内部审计句，改为四列表：触发条件｜失败现象｜可观察诊断｜修正动作；反例只破坏一个关键条件。,CURRENT_SOURCE_PASS_B_M02_SYNC_R1,B_M02_CURRENT_SYNC.json
M02-RBL-0110,READING_BLOCKER,阅读阻塞残留,111,本章结论与下一步。,src/讲义源码/第01册_数学基础与统计学习基本理论/chapters/V1-C06.tex,858,115,高,缺少可立即代入的最小数值例或非例,删除内部审计句，在“本章结论与下一步。”后补一个2—3步的最小数值例或反例，并给出一个可立即作答的自检。,CURRENT_SOURCE_PASS_B_M02_SYNC_R1,B_M02_CURRENT_SYNC.json
M02-RBL-0111,READING_BLOCKER,阅读阻塞残留,112,优化问题的基本形式。,src/讲义源码/第01册_数学基础与统计学习基本理论/chapters/V1-C07.tex,66,117,高,表述过短，缺少可立即作答的自检与失败回看位置,删除内部审计句，把“优化问题的基本形式。”扩写为“对象是什么—成立条件—核心关系—最小例—失败边界”五句。,CURRENT_SOURCE_PASS_B_M02_SYNC_R1,B_M02_CURRENT_SYNC.json
M02-RBL-0112,READING_BLOCKER,阅读阻塞残留,113,目标函数。,src/讲义源码/第01册_数学基础与统计学习基本理论/chapters/V1-C07.tex,74,117,高,表述过短，缺少可立即作答的自检与失败回看位置,删除内部审计句，把“目标函数。”扩写为“对象是什么—成立条件—核心关系—最小例—失败边界”五句。,CURRENT_SOURCE_PASS_B_M02_SYNC_R1,B_M02_CURRENT_SYNC.json
M02-RBL-0113,READING_BLOCKER,阅读阻塞残留,114,可行域。,src/讲义源码/第01册_数学基础与统计学习基本理论/chapters/V1-C07.tex,93,117,高,表述过短，缺少可立即作答的自检与失败回看位置,删除内部审计句，把“可行域。”扩写为“对象是什么—成立条件—核心关系—最小例—失败边界”五句。,CURRENT_SOURCE_PASS_B_M02_SYNC_R1,B_M02_CURRENT_SYNC.json
M02-RBL-0114,READING_BLOCKER,阅读阻塞残留,115,局部最优与全局最优。,src/讲义源码/第01册_数学基础与统计学习基本理论/chapters/V1-C07.tex,97,117,高,表述过短，缺少可立即作答的自检与失败回看位置,删除内部审计句，把“局部最优与全局最优。”扩写为“对象是什么—成立条件—核心关系—最小例—失败边界”五句。,CURRENT_SOURCE_PASS_B_M02_SYNC_R1,B_M02_CURRENT_SYNC.json
M02-RBL-0115,READING_BLOCKER,阅读阻塞残留,116,凸集。,src/讲义源码/第01册_数学基础与统计学习基本理论/chapters/V1-C07.tex,113,118,高,表述过短，缺少可立即作答的自检与失败回看位置,删除内部审计句，把“凸集。”扩写为“对象是什么—成立条件—核心关系—最小例—失败边界”五句。,CURRENT_SOURCE_PASS_B_M02_SYNC_R1,B_M02_CURRENT_SYNC.json
M02-RBL-0116,READING_BLOCKER,阅读阻塞残留,117,凸函数。,src/讲义源码/第01册_数学基础与统计学习基本理论/chapters/V1-C07.tex,117,118,高,表述过短，缺少可立即作答的自检与失败回看位置,删除内部审计句，把“凸函数。”扩写为“对象是什么—成立条件—核心关系—最小例—失败边界”五句。,CURRENT_SOURCE_PASS_B_M02_SYNC_R1,B_M02_CURRENT_SYNC.json
M02-RBL-0117,READING_BLOCKER,阅读阻塞残留,118,严格凸函数。,src/讲义源码/第01册_数学基础与统计学习基本理论/chapters/V1-C07.tex,121,118,高,表述过短，缺少可立即作答的自检与失败回看位置,删除内部审计句，把“严格凸函数。”扩写为“对象是什么—成立条件—核心关系—最小例—失败边界”五句。,CURRENT_SOURCE_PASS_B_M02_SYNC_R1,B_M02_CURRENT_SYNC.json
M02-RBL-0118,READING_BLOCKER,阅读阻塞残留,119,KKT条件。,src/讲义源码/第01册_数学基础与统计学习基本理论/chapters/V1-C07.tex,154,119,高,表述过短，缺少可立即作答的自检与失败回看位置,删除内部审计句，把“KKT条件。”扩写为“对象是什么—成立条件—核心关系—最小例—失败边界”五句。,CURRENT_SOURCE_PASS_B_M02_SYNC_R1,B_M02_CURRENT_SYNC.json
M02-RBL-0119,READING_BLOCKER,阅读阻塞残留,120,定理C 3。,src/讲义源码/第01册_数学基础与统计学习基本理论/chapters/V1-C07.tex,158,119,高,需显式区分条件与结论，并标出证明中每个条件的使用位置,删除“需要解决的阅读阻塞/第一步/核验路线”等内部工作语，改为读者自检：“不看正文，能否说出‘定理C 3。’的对象、条件和结论？不能则回看本节。”,CURRENT_SOURCE_PASS_B_M02_SYNC_R1,B_M02_CURRENT_SYNC.json
M02-RBL-0120,READING_BLOCKER,阅读阻塞残留,121,互补松弛条件。,src/讲义源码/第01册_数学基础与统计学习基本理论/chapters/V1-C07.tex,173,119,高,表述过短，缺少可立即作答的自检与失败回看位置,删除内部审计句，把“互补松弛条件。”扩写为“对象是什么—成立条件—核心关系—最小例—失败边界”五句。,CURRENT_SOURCE_PASS_B_M02_SYNC_R1,B_M02_CURRENT_SYNC.json
M02-RBL-0121,READING_BLOCKER,阅读阻塞残留,122,证明：零间隙证书。,src/讲义源码/第01册_数学基础与统计学习基本理论/chapters/V1-C07.tex,222,121,高,证明前缺少一句路线提示，读者不易预判关键变形,删除内部说明，改成读者可见的一句话：“证明先把目标改写为可比较的两边，再使用上游定义/定理完成关键变形。”并在证明前列出条件与结论。,CURRENT_SOURCE_PASS_B_M02_SYNC_R1,B_M02_CURRENT_SYNC.json
M02-RBL-0122,READING_BLOCKER,阅读阻塞残留,123,凸函数的一阶条件。,src/讲义源码/第01册_数学基础与统计学习基本理论/chapters/V1-C07.tex,278,123,高,表述过短，缺少可立即作答的自检与失败回看位置,删除内部审计句，把“凸函数的一阶条件。”扩写为“对象是什么—成立条件—核心关系—最小例—失败边界”五句。,CURRENT_SOURCE_PASS_B_M02_SYNC_R1,B_M02_CURRENT_SYNC.json
M02-RBL-0123,READING_BLOCKER,阅读阻塞残留,124,凸函数的二阶条件。,src/讲义源码/第01册_数学基础与统计学习基本理论/chapters/V1-C07.tex,282,123,高,表述过短，缺少可立即作答的自检与失败回看位置,删除内部审计句，把“凸函数的二阶条件。”扩写为“对象是什么—成立条件—核心关系—最小例—失败边界”五句。,CURRENT_SOURCE_PASS_B_M02_SYNC_R1,B_M02_CURRENT_SYNC.json
M02-RBL-0124,READING_BLOCKER,阅读阻塞残留,125,证明：凸问题的一阶最优条件。,src/讲义源码/第01册_数学基础与统计学习基本理论/chapters/V1-C07.tex,303,123,高,证明前缺少一句路线提示，读者不易预判关键变形,删除内部说明，改成读者可见的一句话：“证明先把目标改写为可比较的两边，再使用上游定义/定理完成关键变形。”并在证明前列出条件与结论。,CURRENT_SOURCE_PASS_B_M02_SYNC_R1,B_M02_CURRENT_SYNC.json
M02-RBL-0125,READING_BLOCKER,阅读阻塞残留,126,有限Jensen的归纳形式。,src/讲义源码/第01册_数学基础与统计学习基本理论/chapters/V1-C07.tex,322,124,高,定理陈述中的对象与条件入口不够醒目,删除“需要解决的阅读阻塞/第一步/核验路线”等内部工作语，改为读者自检：“不看正文，能否说出‘有限Jensen的归纳形式。’的对象、条件和结论？不能则回看本节。”,CURRENT_SOURCE_PASS_B_M02_SYNC_R1,B_M02_CURRENT_SYNC.json
M02-RBL-0126,READING_BLOCKER,阅读阻塞残留,127,证明：有限Jensen的归纳形式。,src/讲义源码/第01册_数学基础与统计学习基本理论/chapters/V1-C07.tex,330,124,高,证明前缺少一句路线提示，读者不易预判关键变形,删除内部说明，改成读者可见的一句话：“证明先把目标改写为可比较的两边，再使用上游定义/定理完成关键变形。”并在证明前列出条件与结论。,CURRENT_SOURCE_PASS_B_M02_SYNC_R1,B_M02_CURRENT_SYNC.json
M02-RBL-0127,READING_BLOCKER,阅读阻塞残留,128,拉格朗日乘子法。,src/讲义源码/第01册_数学基础与统计学习基本理论/chapters/V1-C07.tex,340,117,高,表述过短，缺少可立即作答的自检与失败回看位置,删除内部审计句，把“拉格朗日乘子法。”扩写为“对象是什么—成立条件—核心关系—最小例—失败边界”五句。,CURRENT_SOURCE_PASS_B_M02_SYNC_R1,B_M02_CURRENT_SYNC.json
M02-RBL-0128,READING_BLOCKER,阅读阻塞残留,129,原问题。,src/讲义源码/第01册_数学基础与统计学习基本理论/chapters/V1-C07.tex,357,117,高,表述过短，缺少可立即作答的自检与失败回看位置,删除内部审计句，把“原问题。”扩写为“对象是什么—成立条件—核心关系—最小例—失败边界”五句。,CURRENT_SOURCE_PASS_B_M02_SYNC_R1,B_M02_CURRENT_SYNC.json
M02-RBL-0129,READING_BLOCKER,阅读阻塞残留,130,拉格朗日对偶性。,src/讲义源码/第01册_数学基础与统计学习基本理论/chapters/V1-C07.tex,361,117,高,对象、条件或最小例没有在首次阅读入口中同时出现,删除“需要解决的阅读阻塞/第一步/核验路线”等内部工作语，改为读者自检：“不看正文，能否说出‘拉格朗日对偶性。’的对象、条件和结论？不能则回看本节。”,CURRENT_SOURCE_PASS_B_M02_SYNC_R1,B_M02_CURRENT_SYNC.json
M02-RBL-0130,READING_BLOCKER,阅读阻塞残留,131,原始问题。,src/讲义源码/第01册_数学基础与统计学习基本理论/chapters/V1-C07.tex,365,117,高,对象、条件或最小例没有在首次阅读入口中同时出现,删除“需要解决的阅读阻塞/第一步/核验路线”等内部工作语，改为读者自检：“不看正文，能否说出‘原始问题。’的对象、条件和结论？不能则回看本节。”,CURRENT_SOURCE_PASS_B_M02_SYNC_R1,B_M02_CURRENT_SYNC.json
M02-RBL-0131,READING_BLOCKER,阅读阻塞残留,132,对偶函数。,src/讲义源码/第01册_数学基础与统计学习基本理论/chapters/V1-C07.tex,369,117,高,表述过短，缺少可立即作答的自检与失败回看位置,删除内部审计句，把“对偶函数。”扩写为“对象是什么—成立条件—核心关系—最小例—失败边界”五句。,CURRENT_SOURCE_PASS_B_M02_SYNC_R1,B_M02_CURRENT_SYNC.json
M02-RBL-0132,READING_BLOCKER,阅读阻塞残留,133,对偶问题。,src/讲义源码/第01册_数学基础与统计学习基本理论/chapters/V1-C07.tex,373,117,高,表述过短，缺少可立即作答的自检与失败回看位置,删除内部审计句，把“对偶问题。”扩写为“对象是什么—成立条件—核心关系—最小例—失败边界”五句。,CURRENT_SOURCE_PASS_B_M02_SYNC_R1,B_M02_CURRENT_SYNC.json
M02-RBL-0133,READING_BLOCKER,阅读阻塞残留,134,对偶问题。,src/讲义源码/第01册_数学基础与统计学习基本理论/chapters/V1-C07.tex,377,117,高,对象、条件或最小例没有在首次阅读入口中同时出现,删除“需要解决的阅读阻塞/第一步/核验路线”等内部工作语，改为读者自检：“不看正文，能否说出‘对偶问题。’的对象、条件和结论？不能则回看本节。”,CURRENT_SOURCE_PASS_B_M02_SYNC_R1,B_M02_CURRENT_SYNC.json
M02-RBL-0134,READING_BLOCKER,阅读阻塞残留,135,弱对偶。,src/讲义源码/第01册_数学基础与统计学习基本理论/chapters/V1-C07.tex,397,117,高,表述过短，缺少可立即作答的自检与失败回看位置,删除内部审计句，把“弱对偶。”扩写为“对象是什么—成立条件—核心关系—最小例—失败边界”五句。,CURRENT_SOURCE_PASS_B_M02_SYNC_R1,B_M02_CURRENT_SYNC.json
M02-RBL-0135,READING_BLOCKER,阅读阻塞残留,136,原始问题和对偶问题的关系。,src/讲义源码/第01册_数学基础与统计学习基本理论/chapters/V1-C07.tex,401,126,高,比较维度没有完全对齐，读者容易只记名称而不记适用条件,删除“需要解决的阅读阻塞/第一步/核验路线”等内部工作语，改为读者自检：“不看正文，能否说出‘原始问题和对偶问题的关系。’的对象、条件和结论？不能则回看本节。”,CURRENT_SOURCE_PASS_B_M02_SYNC_R1,B_M02_CURRENT_SYNC.json
M02-RBL-0136,READING_BLOCKER,阅读阻塞残留,137,定理C 1。,src/讲义源码/第01册_数学基础与统计学习基本理论/chapters/V1-C07.tex,405,117,高,需显式区分条件与结论，并标出证明中每个条件的使用位置,删除“需要解决的阅读阻塞/第一步/核验路线”等内部工作语，改为读者自检：“不看正文，能否说出‘定理C 1。’的对象、条件和结论？不能则回看本节。”,CURRENT_SOURCE_PASS_B_M02_SYNC_R1,B_M02_CURRENT_SYNC.json
M02-RBL-0137,READING_BLOCKER,阅读阻塞残留,138,推论C 1。,src/讲义源码/第01册_数学基础与统计学习基本理论/chapters/V1-C07.tex,420,117,高,需说明它从哪个结果直接推出以及新增了什么,删除“需要解决的阅读阻塞/第一步/核验路线”等内部工作语，改为读者自检：“不看正文，能否说出‘推论C 1。’的对象、条件和结论？不能则回看本节。”,CURRENT_SOURCE_PASS_B_M02_SYNC_R1,B_M02_CURRENT_SYNC.json
M02-RBL-0138,READING_BLOCKER,阅读阻塞残留,139,强对偶。,src/讲义源码/第01册_数学基础与统计学习基本理论/chapters/V1-C07.tex,424,117,高,表述过短，缺少可立即作答的自检与失败回看位置,删除内部审计句，把“强对偶。”扩写为“对象是什么—成立条件—核心关系—最小例—失败边界”五句。,CURRENT_SOURCE_PASS_B_M02_SYNC_R1,B_M02_CURRENT_SYNC.json
M02-RBL-0139,READING_BLOCKER,阅读阻塞残留,140,定理C 2。,src/讲义源码/第01册_数学基础与统计学习基本理论/chapters/V1-C07.tex,436,117,高,需显式区分条件与结论，并标出证明中每个条件的使用位置,删除“需要解决的阅读阻塞/第一步/核验路线”等内部工作语，改为读者自检：“不看正文，能否说出‘定理C 2。’的对象、条件和结论？不能则回看本节。”,CURRENT_SOURCE_PASS_B_M02_SYNC_R1,B_M02_CURRENT_SYNC.json
M02-RBL-0140,READING_BLOCKER,阅读阻塞残留,141,复杂度分析：弱对偶、强对偶与Slater条件。,src/讲义源码/第01册_数学基础与统计学习基本理论/chapters/V1-C07.tex,524,129,高,边界说明缺少具体失败现象,删除内部审计句，改为四列表：触发条件｜失败现象｜可观察诊断｜修正动作；反例只破坏一个关键条件。,CURRENT_SOURCE_PASS_B_M02_SYNC_R1,B_M02_CURRENT_SYNC.json
M02-RBL-0141,READING_BLOCKER,阅读阻塞残留,142,常见错误与误用边界：弱对偶、强对偶与Slater条件。,src/讲义源码/第01册_数学基础与统计学习基本理论/chapters/V1-C07.tex,541,129,高,边界说明缺少具体失败现象,删除内部审计句，改为四列表：触发条件｜失败现象｜可观察诊断｜修正动作；反例只破坏一个关键条件。,CURRENT_SOURCE_PASS_B_M02_SYNC_R1,B_M02_CURRENT_SYNC.json
M02-RBL-0142,READING_BLOCKER,阅读阻塞残留,143,本章结论与下一步。,src/讲义源码/第01册_数学基础与统计学习基本理论/chapters/V1-C07.tex,960,117,高,缺少可立即代入的最小数值例或非例,删除内部审计句，在“本章结论与下一步。”后补一个2—3步的最小数值例或反例，并给出一个可立即作答的自检。,CURRENT_SOURCE_PASS_B_M02_SYNC_R1,B_M02_CURRENT_SYNC.json
M02-RBL-0143,READING_BLOCKER,阅读阻塞残留,144,本章地图：数值优化方法。,src/讲义源码/第01册_数学基础与统计学习基本理论/chapters/V1-C08.tex,7,138,高,缺少可立即代入的最小数值例或非例,删除内部审计句，在“本章地图：数值优化方法。”后补一个2—3步的最小数值例或反例，并给出一个可立即作答的自检。,CURRENT_SOURCE_PASS_B_M02_SYNC_R1,B_M02_CURRENT_SYNC.json
M02-RBL-0144,READING_BLOCKER,阅读阻塞残留,145,梯度下降与步长。,src/讲义源码/第01册_数学基础与统计学习基本理论/chapters/V1-C08.tex,69,138,高,表述过短，缺少可立即作答的自检与失败回看位置,删除内部审计句，把“梯度下降与步长。”扩写为“对象是什么—成立条件—核心关系—最小例—失败边界”五句。,CURRENT_SOURCE_PASS_B_M02_SYNC_R1,B_M02_CURRENT_SYNC.json
M02-RBL-0145,READING_BLOCKER,阅读阻塞残留,146,证明：光滑函数的下降引理。,src/讲义源码/第01册_数学基础与统计学习基本理论/chapters/V1-C08.tex,95,139,高,证明前缺少一句路线提示，读者不易预判关键变形,删除内部说明，改成读者可见的一句话：“证明先把目标改写为可比较的两边，再使用上游定义/定理完成关键变形。”并在证明前列出条件与结论。,CURRENT_SOURCE_PASS_B_M02_SYNC_R1,B_M02_CURRENT_SYNC.json
M02-RBL-0146,READING_BLOCKER,阅读阻塞残留,147,梯度下降法。,src/讲义源码/第01册_数学基础与统计学习基本理论/chapters/V1-C08.tex,129,139,高,需把输入、状态、一次更新、停止与输出压缩成首次阅读主线,删除内部审计句，改为“输入—状态—初始化—一次更新—停止—输出”六行首次阅读卡；状态码和故障分支移到实现说明。,CURRENT_SOURCE_PASS_B_M02_SYNC_R1,B_M02_CURRENT_SYNC.json
M02-RBL-0147,READING_BLOCKER,阅读阻塞残留,148,梯度下降法。,src/讲义源码/第01册_数学基础与统计学习基本理论/chapters/V1-C08.tex,135,139,高,需把输入、状态、一次更新、停止与输出压缩成首次阅读主线,删除内部审计句，改为“输入—状态—初始化—一次更新—停止—输出”六行首次阅读卡；状态码和故障分支移到实现说明。,CURRENT_SOURCE_PASS_B_M02_SYNC_R1,B_M02_CURRENT_SYNC.json
M02-RBL-0148,READING_BLOCKER,阅读阻塞残留,149,梯度下降法。,src/讲义源码/第01册_数学基础与统计学习基本理论/chapters/V1-C08.tex,141,139,高,需把输入、状态、一次更新、停止与输出压缩成首次阅读主线,删除内部审计句，改为“输入—状态—初始化—一次更新—停止—输出”六行首次阅读卡；状态码和故障分支移到实现说明。,CURRENT_SOURCE_PASS_B_M02_SYNC_R1,B_M02_CURRENT_SYNC.json
M02-RBL-0149,READING_BLOCKER,阅读阻塞残留,150,二次函数的一步收敛。,src/讲义源码/第01册_数学基础与统计学习基本理论/chapters/V1-C08.tex,180,139,高,定理陈述中的对象与条件入口不够醒目,删除“需要解决的阅读阻塞/第一步/核验路线”等内部工作语，改为读者自检：“不看正文，能否说出‘二次函数的一步收敛。’的对象、条件和结论？不能则回看本节。”,CURRENT_SOURCE_PASS_B_M02_SYNC_R1,B_M02_CURRENT_SYNC.json
M02-RBL-0150,READING_BLOCKER,阅读阻塞残留,151,证明：二次函数的一步收敛。,src/讲义源码/第01册_数学基础与统计学习基本理论/chapters/V1-C08.tex,188,139,高,证明前缺少一句路线提示，读者不易预判关键变形,删除内部说明，改成读者可见的一句话：“证明先把目标改写为可比较的两边，再使用上游定义/定理完成关键变形。”并在证明前列出条件与结论。,CURRENT_SOURCE_PASS_B_M02_SYNC_R1,B_M02_CURRENT_SYNC.json
M02-RBL-0151,READING_BLOCKER,阅读阻塞残留,152,拟牛顿法。,src/讲义源码/第01册_数学基础与统计学习基本理论/chapters/V1-C08.tex,232,139,高,表述过短，缺少可立即作答的自检与失败回看位置,删除内部审计句，把“拟牛顿法。”扩写为“对象是什么—成立条件—核心关系—最小例—失败边界”五句。,CURRENT_SOURCE_PASS_B_M02_SYNC_R1,B_M02_CURRENT_SYNC.json
M02-RBL-0152,READING_BLOCKER,阅读阻塞残留,153,牛顿法和拟牛顿法。,src/讲义源码/第01册_数学基础与统计学习基本理论/chapters/V1-C08.tex,236,139,高,需把输入、状态、一次更新、停止与输出压缩成首次阅读主线,删除内部审计句，改为“输入—状态—初始化—一次更新—停止—输出”六行首次阅读卡；状态码和故障分支移到实现说明。,CURRENT_SOURCE_PASS_B_M02_SYNC_R1,B_M02_CURRENT_SYNC.json
M02-RBL-0153,READING_BLOCKER,阅读阻塞残留,154,牛顿法。,src/讲义源码/第01册_数学基础与统计学习基本理论/chapters/V1-C08.tex,240,139,高,需把输入、状态、一次更新、停止与输出压缩成首次阅读主线,删除内部审计句，改为“输入—状态—初始化—一次更新—停止—输出”六行首次阅读卡；状态码和故障分支移到实现说明。,CURRENT_SOURCE_PASS_B_M02_SYNC_R1,B_M02_CURRENT_SYNC.json
M02-RBL-0154,READING_BLOCKER,阅读阻塞残留,155,牛顿法。,src/讲义源码/第01册_数学基础与统计学习基本理论/chapters/V1-C08.tex,244,139,高,需把输入、状态、一次更新、停止与输出压缩成首次阅读主线,删除内部审计句，改为“输入—状态—初始化—一次更新—停止—输出”六行首次阅读卡；状态码和故障分支移到实现说明。,CURRENT_SOURCE_PASS_B_M02_SYNC_R1,B_M02_CURRENT_SYNC.json
M02-RBL-0155,READING_BLOCKER,阅读阻塞残留,156,拟牛顿法的思路。,src/讲义源码/第01册_数学基础与统计学习基本理论/chapters/V1-C08.tex,248,139,高,需把输入、状态、一次更新、停止与输出压缩成首次阅读主线,删除内部审计句，改为“输入—状态—初始化—一次更新—停止—输出”六行首次阅读卡；状态码和故障分支移到实现说明。,CURRENT_SOURCE_PASS_B_M02_SYNC_R1,B_M02_CURRENT_SYNC.json
M02-RBL-0156,READING_BLOCKER,阅读阻塞残留,157,DFP（Davidon-Fletcher-Powell）算法。,src/讲义源码/第01册_数学基础与统计学习基本理论/chapters/V1-C08.tex,252,143,高,需把输入、状态、一次更新、停止与输出压缩成首次阅读主线,删除内部审计句，改为“输入—状态—初始化—一次更新—停止—输出”六行首次阅读卡；状态码和故障分支移到实现说明。,CURRENT_SOURCE_PASS_B_M02_SYNC_R1,B_M02_CURRENT_SYNC.json
M02-RBL-0157,READING_BLOCKER,阅读阻塞残留,158,DFP算法。,src/讲义源码/第01册_数学基础与统计学习基本理论/chapters/V1-C08.tex,256,139,高,需把输入、状态、一次更新、停止与输出压缩成首次阅读主线,删除内部审计句，改为“输入—状态—初始化—一次更新—停止—输出”六行首次阅读卡；状态码和故障分支移到实现说明。,CURRENT_SOURCE_PASS_B_M02_SYNC_R1,B_M02_CURRENT_SYNC.json
M02-RBL-0158,READING_BLOCKER,阅读阻塞残留,159,BFGS（Broyden-Fletcher-Goldfarb-Shanno）算法。,src/讲义源码/第01册_数学基础与统计学习基本理论/chapters/V1-C08.tex,260,143,高,需把输入、状态、一次更新、停止与输出压缩成首次阅读主线,删除内部审计句，改为“输入—状态—初始化—一次更新—停止—输出”六行首次阅读卡；状态码和故障分支移到实现说明。,CURRENT_SOURCE_PASS_B_M02_SYNC_R1,B_M02_CURRENT_SYNC.json
M02-RBL-0159,READING_BLOCKER,阅读阻塞残留,160,BFGS算法。,src/讲义源码/第01册_数学基础与统计学习基本理论/chapters/V1-C08.tex,264,139,高,需把输入、状态、一次更新、停止与输出压缩成首次阅读主线,删除内部审计句，改为“输入—状态—初始化—一次更新—停止—输出”六行首次阅读卡；状态码和故障分支移到实现说明。,CURRENT_SOURCE_PASS_B_M02_SYNC_R1,B_M02_CURRENT_SYNC.json
M02-RBL-0160,READING_BLOCKER,阅读阻塞残留,161,Broyden类算法。,src/讲义源码/第01册_数学基础与统计学习基本理论/chapters/V1-C08.tex,304,143,高,需把输入、状态、一次更新、停止与输出压缩成首次阅读主线,删除内部审计句，改为“输入—状态—初始化—一次更新—停止—输出”六行首次阅读卡；状态码和故障分支移到实现说明。,CURRENT_SOURCE_PASS_B_M02_SYNC_R1,B_M02_CURRENT_SYNC.json
M02-RBL-0161,READING_BLOCKER,阅读阻塞残留,162,带曲率保护的逆BFGS方法：执行契约。,src/讲义源码/第01册_数学基础与统计学习基本理论/chapters/V1-C08.tex,323,144,高,单个知识块信息密度较高，需要先给一条阅读路线再进入细节；未在同一入口集中说明输出证书,删除内部审计句，改为“输入—状态—初始化—一次更新—停止—输出”六行首次阅读卡；状态码和故障分支移到实现说明。,CURRENT_SOURCE_PASS_B_M02_SYNC_R1,B_M02_CURRENT_SYNC.json
M02-RBL-0162,READING_BLOCKER,阅读阻塞残留,163,最大熵与改进迭代尺度法的优化基础。,src/讲义源码/第01册_数学基础与统计学习基本理论/chapters/V1-C08.tex,402,146,高,表述过短，缺少可立即作答的自检与失败回看位置,删除内部审计句，把“最大熵与改进迭代尺度法的优化基础。”扩写为“对象是什么—成立条件—核心关系—最小例—失败边界”五句。,CURRENT_SOURCE_PASS_B_M02_SYNC_R1,B_M02_CURRENT_SYNC.json
M02-RBL-0163,READING_BLOCKER,阅读阻塞残留,164,证明：正定近似给出下降方向。,src/讲义源码/第01册_数学基础与统计学习基本理论/chapters/V1-C08.tex,458,143,高,证明前缺少一句路线提示，读者不易预判关键变形,删除内部说明，改成读者可见的一句话：“证明先把目标改写为可比较的两边，再使用上游定义/定理完成关键变形。”并在证明前列出条件与结论。,CURRENT_SOURCE_PASS_B_M02_SYNC_R1,B_M02_CURRENT_SYNC.json
M02-RBL-0164,READING_BLOCKER,阅读阻塞残留,165,常见错误与误用边界：专项算法章节边界：改进迭代尺度法预告。,src/讲义源码/第01册_数学基础与统计学习基本理论/chapters/V1-C08.tex,481,149,高,边界说明缺少具体失败现象,删除内部审计句，改为四列表：触发条件｜失败现象｜可观察诊断｜修正动作；反例只破坏一个关键条件。,CURRENT_SOURCE_PASS_B_M02_SYNC_R1,B_M02_CURRENT_SYNC.json
M02-RBL-0165,READING_BLOCKER,阅读阻塞残留,166,带Armijo回溯的梯度下降：执行契约。,src/讲义源码/第01册_数学基础与统计学习基本理论/chapters/V1-C08.tex,495,149,高,单个知识块信息密度较高，需要先给一条阅读路线再进入细节；未在同一入口集中说明输出证书,删除内部审计句，改为“输入—状态—初始化—一次更新—停止—输出”六行首次阅读卡；状态码和故障分支移到实现说明。,CURRENT_SOURCE_PASS_B_M02_SYNC_R1,B_M02_CURRENT_SYNC.json
M02-RBL-0166,READING_BLOCKER,阅读阻塞残留,167,本章结论与下一步。,src/讲义源码/第01册_数学基础与统计学习基本理论/chapters/V1-C08.tex,982,149,高,缺少可立即代入的最小数值例或非例,删除内部审计句，在“本章结论与下一步。”后补一个2—3步的最小数值例或反例，并给出一个可立即作答的自检。,CURRENT_SOURCE_PASS_B_M02_SYNC_R1,B_M02_CURRENT_SYNC.json
M02-RBL-0167,READING_BLOCKER,阅读阻塞残留,168,本章可检验学习目标。,src/讲义源码/第01册_数学基础与统计学习基本理论/chapters/V1-C09.tex,12,158,高,缺少可立即代入的最小数值例或非例,删除内部审计句，在“本章可检验学习目标。”后补一个2—3步的最小数值例或反例，并给出一个可立即作答的自检。,CURRENT_SOURCE_PASS_B_M02_SYNC_R1,B_M02_CURRENT_SYNC.json
M02-RBL-0168,READING_BLOCKER,阅读阻塞残留,169,本讲义的工作性检查框架。,src/讲义源码/第01册_数学基础与统计学习基本理论/chapters/V1-C09.tex,80,159,高,缺少可立即代入的最小数值例或非例,删除内部审计句，在“本讲义的工作性检查框架。”后补一个2—3步的最小数值例或反例，并给出一个可立即作答的自检。,CURRENT_SOURCE_PASS_B_M02_SYNC_R1,B_M02_CURRENT_SYNC.json
M02-RBL-0169,READING_BLOCKER,阅读阻塞残留,170,证明：固定模型经验风险的一致性界。,src/讲义源码/第01册_数学基础与统计学习基本理论/chapters/V1-C09.tex,151,160,高,证明前缺少一句路线提示，读者不易预判关键变形,删除内部说明，改成读者可见的一句话：“证明先把目标改写为可比较的两边，再使用上游定义/定理完成关键变形。”并在证明前列出条件与结论。,CURRENT_SOURCE_PASS_B_M02_SYNC_R1,B_M02_CURRENT_SYNC.json
M02-RBL-0170,READING_BLOCKER,阅读阻塞残留,171,复杂度分析：有限假设空间的经验风险选择算法。,src/讲义源码/第01册_数学基础与统计学习基本理论/chapters/V1-C09.tex,285,164,高,边界说明缺少具体失败现象,删除内部审计句，改为四列表：触发条件｜失败现象｜可观察诊断｜修正动作；反例只破坏一个关键条件。,CURRENT_SOURCE_PASS_B_M02_SYNC_R1,B_M02_CURRENT_SYNC.json
M02-RBL-0171,READING_BLOCKER,阅读阻塞残留,172,常见错误与误用边界：有限假设空间的经验风险选择算法。,src/讲义源码/第01册_数学基础与统计学习基本理论/chapters/V1-C09.tex,304,165,高,边界说明缺少具体失败现象,删除内部审计句，改为四列表：触发条件｜失败现象｜可观察诊断｜修正动作；反例只破坏一个关键条件。,CURRENT_SOURCE_PASS_B_M02_SYNC_R1,B_M02_CURRENT_SYNC.json
M02-RBL-0172,READING_BLOCKER,阅读阻塞残留,173,易混淆概念对比：有限假设空间的经验风险选择算法。,src/讲义源码/第01册_数学基础与统计学习基本理论/chapters/V1-C09.tex,313,165,高,比较项缺少统一比较维度,删除“需要解决的阅读阻塞/第一步/核验路线”等内部工作语，改为读者自检：“不看正文，能否说出‘易混淆概念对比：有限假设空间的经验风险选择算法。’的对象、条件和结论？不能则回看本节。”,CURRENT_SOURCE_PASS_B_M02_SYNC_R1,B_M02_CURRENT_SYNC.json
M02-RBL-0173,READING_BLOCKER,阅读阻塞残留,174,基本分类。,src/讲义源码/第01册_数学基础与统计学习基本理论/chapters/V1-C09.tex,346,158,高,对象、条件或最小例没有在首次阅读入口中同时出现,删除“需要解决的阅读阻塞/第一步/核验路线”等内部工作语，改为读者自检：“不看正文，能否说出‘基本分类。’的对象、条件和结论？不能则回看本节。”,CURRENT_SOURCE_PASS_B_M02_SYNC_R1,B_M02_CURRENT_SYNC.json
M02-RBL-0174,READING_BLOCKER,阅读阻塞残留,175,按模型分类。,src/讲义源码/第01册_数学基础与统计学习基本理论/chapters/V1-C09.tex,373,158,高,对象、条件或最小例没有在首次阅读入口中同时出现,删除“需要解决的阅读阻塞/第一步/核验路线”等内部工作语，改为读者自检：“不看正文，能否说出‘按模型分类。’的对象、条件和结论？不能则回看本节。”,CURRENT_SOURCE_PASS_B_M02_SYNC_R1,B_M02_CURRENT_SYNC.json
M02-RBL-0175,READING_BLOCKER,阅读阻塞残留,176,按算法分类。,src/讲义源码/第01册_数学基础与统计学习基本理论/chapters/V1-C09.tex,407,167,高,需把输入、状态、一次更新、停止与输出压缩成首次阅读主线,删除内部审计句，改为“输入—状态—初始化—一次更新—停止—输出”六行首次阅读卡；状态码和故障分支移到实现说明。,CURRENT_SOURCE_PASS_B_M02_SYNC_R1,B_M02_CURRENT_SYNC.json
M02-RBL-0176,READING_BLOCKER,阅读阻塞残留,177,统计学习方法三要素。,src/讲义源码/第01册_数学基础与统计学习基本理论/chapters/V1-C09.tex,430,169,高,对象、条件或最小例没有在首次阅读入口中同时出现,删除“需要解决的阅读阻塞/第一步/核验路线”等内部工作语，改为读者自检：“不看正文，能否说出‘统计学习方法三要素。’的对象、条件和结论？不能则回看本节。”,CURRENT_SOURCE_PASS_B_M02_SYNC_R1,B_M02_CURRENT_SYNC.json
M02-RBL-0177,READING_BLOCKER,阅读阻塞残留,178,本章结论与下一步。,src/讲义源码/第01册_数学基础与统计学习基本理论/chapters/V1-C09.tex,716,167,高,缺少可立即代入的最小数值例或非例,删除内部审计句，在“本章结论与下一步。”后补一个2—3步的最小数值例或反例，并给出一个可立即作答的自检。,CURRENT_SOURCE_PASS_B_M02_SYNC_R1,B_M02_CURRENT_SYNC.json
M02-RBL-0178,READING_BLOCKER,阅读阻塞残留,179,本章可检验学习目标。,src/讲义源码/第01册_数学基础与统计学习基本理论/chapters/V1-C10.tex,15,175,高,缺少可立即代入的最小数值例或非例,删除内部审计句，在“本章可检验学习目标。”后补一个2—3步的最小数值例或反例，并给出一个可立即作答的自检。,CURRENT_SOURCE_PASS_B_M02_SYNC_R1,B_M02_CURRENT_SYNC.json
M02-RBL-0179,READING_BLOCKER,阅读阻塞残留,180,先修自检。,src/讲义源码/第01册_数学基础与统计学习基本理论/chapters/V1-C10.tex,34,175,高,缺少可立即代入的最小数值例或非例,删除内部审计句，在“先修自检。”后补一个2—3步的最小数值例或反例，并给出一个可立即作答的自检。,CURRENT_SOURCE_PASS_B_M02_SYNC_R1,B_M02_CURRENT_SYNC.json
M02-RBL-0180,READING_BLOCKER,阅读阻塞残留,181,策略。,src/讲义源码/第01册_数学基础与统计学习基本理论/chapters/V1-C10.tex,87,176,高,对象、条件或最小例没有在首次阅读入口中同时出现,删除“需要解决的阅读阻塞/第一步/核验路线”等内部工作语，改为读者自检：“不看正文，能否说出‘策略。’的对象、条件和结论？不能则回看本节。”,CURRENT_SOURCE_PASS_B_M02_SYNC_R1,B_M02_CURRENT_SYNC.json
M02-RBL-0181,READING_BLOCKER,阅读阻塞残留,182,算法。,src/讲义源码/第01册_数学基础与统计学习基本理论/chapters/V1-C10.tex,120,176,高,需把输入、状态、一次更新、停止与输出压缩成首次阅读主线,删除内部审计句，改为“输入—状态—初始化—一次更新—停止—输出”六行首次阅读卡；状态码和故障分支移到实现说明。,CURRENT_SOURCE_PASS_B_M02_SYNC_R1,B_M02_CURRENT_SYNC.json
M02-RBL-0182,READING_BLOCKER,阅读阻塞残留,183,模型评估与模型选择。,src/讲义源码/第01册_数学基础与统计学习基本理论/chapters/V1-C10.tex,175,178,高,对象、条件或最小例没有在首次阅读入口中同时出现,删除“需要解决的阅读阻塞/第一步/核验路线”等内部工作语，改为读者自检：“不看正文，能否说出‘模型评估与模型选择。’的对象、条件和结论？不能则回看本节。”,CURRENT_SOURCE_PASS_B_M02_SYNC_R1,B_M02_CURRENT_SYNC.json
M02-RBL-0183,READING_BLOCKER,阅读阻塞残留,184,训练误差与测试误差。,src/讲义源码/第01册_数学基础与统计学习基本理论/chapters/V1-C10.tex,184,175,高,对象、条件或最小例没有在首次阅读入口中同时出现,删除“需要解决的阅读阻塞/第一步/核验路线”等内部工作语，改为读者自检：“不看正文，能否说出‘训练误差与测试误差。’的对象、条件和结论？不能则回看本节。”,CURRENT_SOURCE_PASS_B_M02_SYNC_R1,B_M02_CURRENT_SYNC.json
M02-RBL-0184,READING_BLOCKER,阅读阻塞残留,185,训练误差与测试误差。,src/讲义源码/第01册_数学基础与统计学习基本理论/chapters/V1-C10.tex,190,175,高,缺少可立即代入的最小数值例或非例,删除内部审计句，在“训练误差与测试误差。”后补一个2—3步的最小数值例或反例，并给出一个可立即作答的自检。,CURRENT_SOURCE_PASS_B_M02_SYNC_R1,B_M02_CURRENT_SYNC.json
M02-RBL-0185,READING_BLOCKER,阅读阻塞残留,186,过拟合与模型选择。,src/讲义源码/第01册_数学基础与统计学习基本理论/chapters/V1-C10.tex,227,175,高,对象、条件或最小例没有在首次阅读入口中同时出现,删除“需要解决的阅读阻塞/第一步/核验路线”等内部工作语，改为读者自检：“不看正文，能否说出‘过拟合与模型选择。’的对象、条件和结论？不能则回看本节。”,CURRENT_SOURCE_PASS_B_M02_SYNC_R1,B_M02_CURRENT_SYNC.json
M02-RBL-0186,READING_BLOCKER,阅读阻塞残留,187,正则化与交叉验证。,src/讲义源码/第01册_数学基础与统计学习基本理论/chapters/V1-C10.tex,236,180,高,对象、条件或最小例没有在首次阅读入口中同时出现,删除“需要解决的阅读阻塞/第一步/核验路线”等内部工作语，改为读者自检：“不看正文，能否说出‘正则化与交叉验证。’的对象、条件和结论？不能则回看本节。”,CURRENT_SOURCE_PASS_B_M02_SYNC_R1,B_M02_CURRENT_SYNC.json
M02-RBL-0187,READING_BLOCKER,阅读阻塞残留,188,正则化。,src/讲义源码/第01册_数学基础与统计学习基本理论/chapters/V1-C10.tex,244,180,高,对象、条件或最小例没有在首次阅读入口中同时出现,删除“需要解决的阅读阻塞/第一步/核验路线”等内部工作语，改为读者自检：“不看正文，能否说出‘正则化。’的对象、条件和结论？不能则回看本节。”,CURRENT_SOURCE_PASS_B_M02_SYNC_R1,B_M02_CURRENT_SYNC.json
M02-RBL-0188,READING_BLOCKER,阅读阻塞残留,189,无泄漏的 模型选择：执行契约。,src/讲义源码/第01册_数学基础与统计学习基本理论/chapters/V1-C10.tex,321,182,高,单个知识块信息密度较高，需要先给一条阅读路线再进入细节；未在同一入口集中说明输出证书,删除内部审计句，改为“输入—状态—初始化—一次更新—停止—输出”六行首次阅读卡；状态码和故障分支移到实现说明。,CURRENT_SOURCE_PASS_B_M02_SYNC_R1,B_M02_CURRENT_SYNC.json
M02-RBL-0189,READING_BLOCKER,阅读阻塞残留,190,复杂度分析：交叉验证。,src/讲义源码/第01册_数学基础与统计学习基本理论/chapters/V1-C10.tex,383,183,高,边界说明缺少具体失败现象,删除内部审计句，改为四列表：触发条件｜失败现象｜可观察诊断｜修正动作；反例只破坏一个关键条件。,CURRENT_SOURCE_PASS_B_M02_SYNC_R1,B_M02_CURRENT_SYNC.json
M02-RBL-0190,READING_BLOCKER,阅读阻塞残留,191,泛化能力。,src/讲义源码/第01册_数学基础与统计学习基本理论/chapters/V1-C10.tex,395,184,高,对象、条件或最小例没有在首次阅读入口中同时出现,删除“需要解决的阅读阻塞/第一步/核验路线”等内部工作语，改为读者自检：“不看正文，能否说出‘泛化能力。’的对象、条件和结论？不能则回看本节。”,CURRENT_SOURCE_PASS_B_M02_SYNC_R1,B_M02_CURRENT_SYNC.json
M02-RBL-0191,READING_BLOCKER,阅读阻塞残留,192,泛化误差上界。,src/讲义源码/第01册_数学基础与统计学习基本理论/chapters/V1-C10.tex,411,175,高,对象、条件或最小例没有在首次阅读入口中同时出现,删除“需要解决的阅读阻塞/第一步/核验路线”等内部工作语，改为读者自检：“不看正文，能否说出‘泛化误差上界。’的对象、条件和结论？不能则回看本节。”,CURRENT_SOURCE_PASS_B_M02_SYNC_R1,B_M02_CURRENT_SYNC.json
M02-RBL-0192,READING_BLOCKER,阅读阻塞残留,193,泛化误差上界：有限二类分类假设空间。,src/讲义源码/第01册_数学基础与统计学习基本理论/chapters/V1-C10.tex,419,184,高,对象、条件或最小例没有在首次阅读入口中同时出现,删除“需要解决的阅读阻塞/第一步/核验路线”等内部工作语，改为读者自检：“不看正文，能否说出‘泛化误差上界：有限二类分类假设空间。’的对象、条件和结论？不能则回看本节。”,CURRENT_SOURCE_PASS_B_M02_SYNC_R1,B_M02_CURRENT_SYNC.json
M02-RBL-0193,READING_BLOCKER,阅读阻塞残留,194,证明：有限假设空间的泛化误差上界。,src/讲义源码/第01册_数学基础与统计学习基本理论/chapters/V1-C10.tex,448,175,高,短段落内符号密度高，但符号角色未逐一落地,删除内部审计句，先用自然语言解释符号角色，再分两行写公式；每行只引入一个新对象。,CURRENT_SOURCE_PASS_B_M02_SYNC_R1,B_M02_CURRENT_SYNC.json
M02-RBL-0194,READING_BLOCKER,阅读阻塞残留,195,证明：经验风险最小化解的上界。,src/讲义源码/第01册_数学基础与统计学习基本理论/chapters/V1-C10.tex,482,186,高,证明前缺少一句路线提示，读者不易预判关键变形,删除内部说明，改成读者可见的一句话：“证明先把目标改写为可比较的两边，再使用上游定义/定理完成关键变形。”并在证明前列出条件与结论。,CURRENT_SOURCE_PASS_B_M02_SYNC_R1,B_M02_CURRENT_SYNC.json
M02-RBL-0195,READING_BLOCKER,阅读阻塞残留,196,生成模型与判别模型。,src/讲义源码/第01册_数学基础与统计学习基本理论/chapters/V1-C10.tex,494,186,高,对象、条件或最小例没有在首次阅读入口中同时出现,删除“需要解决的阅读阻塞/第一步/核验路线”等内部工作语，改为读者自检：“不看正文，能否说出‘生成模型与判别模型。’的对象、条件和结论？不能则回看本节。”,CURRENT_SOURCE_PASS_B_M02_SYNC_R1,B_M02_CURRENT_SYNC.json
M02-RBL-0196,READING_BLOCKER,阅读阻塞残留,197,常见错误与误用边界：生成方法与判别方法。,src/讲义源码/第01册_数学基础与统计学习基本理论/chapters/V1-C10.tex,518,187,高,边界说明缺少具体失败现象,删除内部审计句，改为四列表：触发条件｜失败现象｜可观察诊断｜修正动作；反例只破坏一个关键条件。,CURRENT_SOURCE_PASS_B_M02_SYNC_R1,B_M02_CURRENT_SYNC.json
M02-RBL-0197,READING_BLOCKER,阅读阻塞残留,198,易混淆概念对比：生成方法与判别方法。,src/讲义源码/第01册_数学基础与统计学习基本理论/chapters/V1-C10.tex,528,187,高,比较项缺少统一比较维度,删除“需要解决的阅读阻塞/第一步/核验路线”等内部工作语，改为读者自检：“不看正文，能否说出‘易混淆概念对比：生成方法与判别方法。’的对象、条件和结论？不能则回看本节。”,CURRENT_SOURCE_PASS_B_M02_SYNC_R1,B_M02_CURRENT_SYNC.json
M02-RBL-0198,READING_BLOCKER,阅读阻塞残留,199,本章结论与下一步。,src/讲义源码/第01册_数学基础与统计学习基本理论/chapters/V1-C10.tex,928,175,高,缺少可立即代入的最小数值例或非例,删除内部审计句，在“本章结论与下一步。”后补一个2—3步的最小数值例或反例，并给出一个可立即作答的自检。,CURRENT_SOURCE_PASS_B_M02_SYNC_R1,B_M02_CURRENT_SYNC.json
M02-RBL-0199,READING_BLOCKER,阅读阻塞残留,200,本章可检验学习目标。,src/讲义源码/第01册_数学基础与统计学习基本理论/chapters/V1-C11.tex,13,195,高,缺少可立即代入的最小数值例或非例,删除内部审计句，在“本章可检验学习目标。”后补一个2—3步的最小数值例或反例，并给出一个可立即作答的自检。,CURRENT_SOURCE_PASS_B_M02_SYNC_R1,B_M02_CURRENT_SYNC.json
M02-RBL-0200,READING_BLOCKER,阅读阻塞残留,201,先修自检。,src/讲义源码/第01册_数学基础与统计学习基本理论/chapters/V1-C11.tex,31,195,高,缺少可立即代入的最小数值例或非例,删除内部审计句，在“先修自检。”后补一个2—3步的最小数值例或反例，并给出一个可立即作答的自检。,CURRENT_SOURCE_PASS_B_M02_SYNC_R1,B_M02_CURRENT_SYNC.json
M02-RBL-0201,READING_BLOCKER,阅读阻塞残留,202,监督学习应用。,src/讲义源码/第01册_数学基础与统计学习基本理论/chapters/V1-C11.tex,76,195,高,对象、条件或最小例没有在首次阅读入口中同时出现,删除“需要解决的阅读阻塞/第一步/核验路线”等内部工作语，改为读者自检：“不看正文，能否说出‘监督学习应用。’的对象、条件和结论？不能则回看本节。”,CURRENT_SOURCE_PASS_B_M02_SYNC_R1,B_M02_CURRENT_SYNC.json
M02-RBL-0202,READING_BLOCKER,阅读阻塞残留,203,分类问题。,src/讲义源码/第01册_数学基础与统计学习基本理论/chapters/V1-C11.tex,86,196,高,对象、条件或最小例没有在首次阅读入口中同时出现,删除“需要解决的阅读阻塞/第一步/核验路线”等内部工作语，改为读者自检：“不看正文，能否说出‘分类问题。’的对象、条件和结论？不能则回看本节。”,CURRENT_SOURCE_PASS_B_M02_SYNC_R1,B_M02_CURRENT_SYNC.json
M02-RBL-0203,READING_BLOCKER,阅读阻塞残留,204,证明：Bayes分类器的风险最优性。,src/讲义源码/第01册_数学基础与统计学习基本理论/chapters/V1-C11.tex,150,197,高,证明前缺少一句路线提示，读者不易预判关键变形,删除内部说明，改成读者可见的一句话：“证明先把目标改写为可比较的两边，再使用上游定义/定理完成关键变形。”并在证明前列出条件与结论。,CURRENT_SOURCE_PASS_B_M02_SYNC_R1,B_M02_CURRENT_SYNC.json
M02-RBL-0204,READING_BLOCKER,阅读阻塞残留,205,标注问题。,src/讲义源码/第01册_数学基础与统计学习基本理论/chapters/V1-C11.tex,210,196,高,对象、条件或最小例没有在首次阅读入口中同时出现,删除“需要解决的阅读阻塞/第一步/核验路线”等内部工作语，改为读者自检：“不看正文，能否说出‘标注问题。’的对象、条件和结论？不能则回看本节。”,CURRENT_SOURCE_PASS_B_M02_SYNC_R1,B_M02_CURRENT_SYNC.json
M02-RBL-0205,READING_BLOCKER,阅读阻塞残留,206,回归问题。,src/讲义源码/第01册_数学基础与统计学习基本理论/chapters/V1-C11.tex,249,199,高,对象、条件或最小例没有在首次阅读入口中同时出现,删除“需要解决的阅读阻塞/第一步/核验路线”等内部工作语，改为读者自检：“不看正文，能否说出‘回归问题。’的对象、条件和结论？不能则回看本节。”,CURRENT_SOURCE_PASS_B_M02_SYNC_R1,B_M02_CURRENT_SYNC.json
M02-RBL-0206,READING_BLOCKER,阅读阻塞残留,207,复杂度分析：监督学习应用与方法选择。,src/讲义源码/第01册_数学基础与统计学习基本理论/chapters/V1-C11.tex,386,202,高,边界说明缺少具体失败现象,删除内部审计句，改为四列表：触发条件｜失败现象｜可观察诊断｜修正动作；反例只破坏一个关键条件。,CURRENT_SOURCE_PASS_B_M02_SYNC_R1,B_M02_CURRENT_SYNC.json
M02-RBL-0207,READING_BLOCKER,阅读阻塞残留,208,常见错误与误用边界：监督学习应用与方法选择。,src/讲义源码/第01册_数学基础与统计学习基本理论/chapters/V1-C11.tex,403,203,高,边界说明缺少具体失败现象,删除内部审计句，改为四列表：触发条件｜失败现象｜可观察诊断｜修正动作；反例只破坏一个关键条件。,CURRENT_SOURCE_PASS_B_M02_SYNC_R1,B_M02_CURRENT_SYNC.json
M02-RBL-0208,READING_BLOCKER,阅读阻塞残留,209,易混淆概念对比：监督学习应用与方法选择。,src/讲义源码/第01册_数学基础与统计学习基本理论/chapters/V1-C11.tex,413,203,高,比较项缺少统一比较维度,删除“需要解决的阅读阻塞/第一步/核验路线”等内部工作语，改为读者自检：“不看正文，能否说出‘易混淆概念对比：监督学习应用与方法选择。’的对象、条件和结论？不能则回看本节。”,CURRENT_SOURCE_PASS_B_M02_SYNC_R1,B_M02_CURRENT_SYNC.json
M02-RBL-0209,READING_BLOCKER,阅读阻塞残留,210,本章结论与下一步。,src/讲义源码/第01册_数学基础与统计学习基本理论/chapters/V1-C11.tex,701,194,高,缺少可立即代入的最小数值例或非例,删除内部审计句，在“本章结论与下一步。”后补一个2—3步的最小数值例或反例，并给出一个可立即作答的自检。,CURRENT_SOURCE_PASS_B_M02_SYNC_R1,B_M02_CURRENT_SYNC.json
M02-RBL-0210,READING_BLOCKER,阅读阻塞残留,211,先修自检。,src/讲义源码/第02册_基础监督学习方法/chapters/V2-C01.tex,27,210,高,缺少可立即代入的最小数值例或非例,删除内部审计句，在“先修自检。”后补一个2—3步的最小数值例或反例，并给出一个可立即作答的自检。,CURRENT_SOURCE_PASS_B_M02_SYNC_R1,B_M02_CURRENT_SYNC.json
M02-RBL-0211,READING_BLOCKER,阅读阻塞残留,212,感知机。,src/讲义源码/第02册_基础监督学习方法/chapters/V2-C01.tex,82,211,高,对象、条件或最小例没有在首次阅读入口中同时出现,删除“需要解决的阅读阻塞/第一步/核验路线”等内部工作语，改为读者自检：“不看正文，能否说出‘感知机。’的对象、条件和结论？不能则回看本节。”,CURRENT_SOURCE_PASS_B_M02_SYNC_R1,B_M02_CURRENT_SYNC.json
M02-RBL-0212,READING_BLOCKER,阅读阻塞残留,213,数据集线性可分性定义。,src/讲义源码/第02册_基础监督学习方法/chapters/V2-C01.tex,104,211,高,对象、条件或最小例没有在首次阅读入口中同时出现,删除“需要解决的阅读阻塞/第一步/核验路线”等内部工作语，改为读者自检：“不看正文，能否说出‘数据集线性可分性定义。’的对象、条件和结论？不能则回看本节。”,CURRENT_SOURCE_PASS_B_M02_SYNC_R1,B_M02_CURRENT_SYNC.json
M02-RBL-0213,READING_BLOCKER,阅读阻塞残留,214,线性可分训练集。,src/讲义源码/第02册_基础监督学习方法/chapters/V2-C01.tex,111,211,高,缺少可立即代入的最小数值例或非例,删除内部审计句，在“线性可分训练集。”后补一个2—3步的最小数值例或反例，并给出一个可立即作答的自检。,CURRENT_SOURCE_PASS_B_M02_SYNC_R1,B_M02_CURRENT_SYNC.json
M02-RBL-0214,READING_BLOCKER,阅读阻塞残留,215,感知机定义。,src/讲义源码/第02册_基础监督学习方法/chapters/V2-C01.tex,128,211,高,对象、条件或最小例没有在首次阅读入口中同时出现,删除“需要解决的阅读阻塞/第一步/核验路线”等内部工作语，改为读者自检：“不看正文，能否说出‘感知机定义。’的对象、条件和结论？不能则回看本节。”,CURRENT_SOURCE_PASS_B_M02_SYNC_R1,B_M02_CURRENT_SYNC.json
M02-RBL-0215,READING_BLOCKER,阅读阻塞残留,216,感知机模型。,src/讲义源码/第02册_基础监督学习方法/chapters/V2-C01.tex,136,212,高,缺少可立即代入的最小数值例或非例,删除内部审计句，在“感知机模型。”后补一个2—3步的最小数值例或反例，并给出一个可立即作答的自检。,CURRENT_SOURCE_PASS_B_M02_SYNC_R1,B_M02_CURRENT_SYNC.json
M02-RBL-0216,READING_BLOCKER,阅读阻塞残留,217,几何解释：点 x 0 到决策超平面的欧氏距离为 w T x 0 b w 2 带标签的归一化分数……。,src/讲义源码/第02册_基础监督学习方法/chapters/V2-C01.tex,150,212,高,缺少可立即代入的最小数值例或非例,删除内部审计句，在“几何解释：点 x 0 到决策超平面的欧氏距离为 w T x 0 b w 2 带标签的归一化分数……。”后补一个2—3步的最小数值例或反例，并给出一个可立即作答的自检。,CURRENT_SOURCE_PASS_B_M02_SYNC_R1,B_M02_CURRENT_SYNC.json
M02-RBL-0217,READING_BLOCKER,阅读阻塞残留,218,感知机学习策略。,src/讲义源码/第02册_基础监督学习方法/chapters/V2-C01.tex,170,212,高,对象、条件或最小例没有在首次阅读入口中同时出现,删除“需要解决的阅读阻塞/第一步/核验路线”等内部工作语，改为读者自检：“不看正文，能否说出‘感知机学习策略。’的对象、条件和结论？不能则回看本节。”,CURRENT_SOURCE_PASS_B_M02_SYNC_R1,B_M02_CURRENT_SYNC.json
M02-RBL-0218,READING_BLOCKER,阅读阻塞残留,219,感知机学习策略的损失函数。,src/讲义源码/第02册_基础监督学习方法/chapters/V2-C01.tex,184,213,高,对象、条件或最小例没有在首次阅读入口中同时出现,删除“需要解决的阅读阻塞/第一步/核验路线”等内部工作语，改为读者自检：“不看正文，能否说出‘感知机学习策略的损失函数。’的对象、条件和结论？不能则回看本节。”,CURRENT_SOURCE_PASS_B_M02_SYNC_R1,B_M02_CURRENT_SYNC.json
M02-RBL-0219,READING_BLOCKER,阅读阻塞残留,220,优化解释：在固定误分类集合 M 时， L 关于 (w b) 为线性函数，随机更新就是对单个损失项……。,src/讲义源码/第02册_基础监督学习方法/chapters/V2-C01.tex,232,214,高,缺少可立即代入的最小数值例或非例,删除内部审计句，在“优化解释：在固定误分类集合 M 时， L 关于 (w b) 为线性函数，随机更新就是对单个损失项……。”后补一个2—3步的最小数值例或反例，并给出一个可立即作答的自检。,CURRENT_SOURCE_PASS_B_M02_SYNC_R1,B_M02_CURRENT_SYNC.json
M02-RBL-0220,READING_BLOCKER,阅读阻塞残留,221,感知机学习算法。,src/讲义源码/第02册_基础监督学习方法/chapters/V2-C01.tex,281,213,高,需把输入、状态、一次更新、停止与输出压缩成首次阅读主线,删除内部审计句，改为“输入—状态—初始化—一次更新—停止—输出”六行首次阅读卡；状态码和故障分支移到实现说明。,CURRENT_SOURCE_PASS_B_M02_SYNC_R1,B_M02_CURRENT_SYNC.json
M02-RBL-0221,READING_BLOCKER,阅读阻塞残留,222,感知机学习算法的原始形式。,src/讲义源码/第02册_基础监督学习方法/chapters/V2-C01.tex,285,216,高,需把输入、状态、一次更新、停止与输出压缩成首次阅读主线,删除内部审计句，改为“输入—状态—初始化—一次更新—停止—输出”六行首次阅读卡；状态码和故障分支移到实现说明。,CURRENT_SOURCE_PASS_B_M02_SYNC_R1,B_M02_CURRENT_SYNC.json
M02-RBL-0222,READING_BLOCKER,阅读阻塞残留,223,感知机学习算法原始形式。,src/讲义源码/第02册_基础监督学习方法/chapters/V2-C01.tex,289,216,高,需把输入、状态、一次更新、停止与输出压缩成首次阅读主线,删除内部审计句，改为“输入—状态—初始化—一次更新—停止—输出”六行首次阅读卡；状态码和故障分支移到实现说明。,CURRENT_SOURCE_PASS_B_M02_SYNC_R1,B_M02_CURRENT_SYNC.json
M02-RBL-0223,READING_BLOCKER,阅读阻塞残留,224,感知机学习算法的收敛性。,src/讲义源码/第02册_基础监督学习方法/chapters/V2-C01.tex,404,218,高,需把输入、状态、一次更新、停止与输出压缩成首次阅读主线,删除内部审计句，改为“输入—状态—初始化—一次更新—停止—输出”六行首次阅读卡；状态码和故障分支移到实现说明。,CURRENT_SOURCE_PASS_B_M02_SYNC_R1,B_M02_CURRENT_SYNC.json
M02-RBL-0224,READING_BLOCKER,阅读阻塞残留,225,Novikoff定理。,src/讲义源码/第02册_基础监督学习方法/chapters/V2-C01.tex,408,217,高,需显式区分条件与结论，并标出证明中每个条件的使用位置,删除“需要解决的阅读阻塞/第一步/核验路线”等内部工作语，改为读者自检：“不看正文，能否说出‘Novikoff定理。’的对象、条件和结论？不能则回看本节。”,CURRENT_SOURCE_PASS_B_M02_SYNC_R1,B_M02_CURRENT_SYNC.json
M02-RBL-0225,READING_BLOCKER,阅读阻塞残留,226,感知机学习算法的对偶形式。,src/讲义源码/第02册_基础监督学习方法/chapters/V2-C01.tex,479,220,高,需把输入、状态、一次更新、停止与输出压缩成首次阅读主线,删除内部审计句，改为“输入—状态—初始化—一次更新—停止—输出”六行首次阅读卡；状态码和故障分支移到实现说明。,CURRENT_SOURCE_PASS_B_M02_SYNC_R1,B_M02_CURRENT_SYNC.json
M02-RBL-0226,READING_BLOCKER,阅读阻塞残留,227,感知机学习算法对偶形式。,src/讲义源码/第02册_基础监督学习方法/chapters/V2-C01.tex,495,220,高,需把输入、状态、一次更新、停止与输出压缩成首次阅读主线,删除内部审计句，改为“输入—状态—初始化—一次更新—停止—输出”六行首次阅读卡；状态码和故障分支移到实现说明。,CURRENT_SOURCE_PASS_B_M02_SYNC_R1,B_M02_CURRENT_SYNC.json
M02-RBL-0227,READING_BLOCKER,阅读阻塞残留,228,复杂度分析：对偶形式与Gram矩阵。,src/讲义源码/第02册_基础监督学习方法/chapters/V2-C01.tex,554,222,高,边界说明缺少具体失败现象,删除内部审计句，改为四列表：触发条件｜失败现象｜可观察诊断｜修正动作；反例只破坏一个关键条件。,CURRENT_SOURCE_PASS_B_M02_SYNC_R1,B_M02_CURRENT_SYNC.json
M02-RBL-0228,READING_BLOCKER,阅读阻塞残留,229,易混淆概念对比：例题、判别计算与练习。,src/讲义源码/第02册_基础监督学习方法/chapters/V2-C01.tex,584,223,高,比较项缺少统一比较维度,删除“需要解决的阅读阻塞/第一步/核验路线”等内部工作语，改为读者自检：“不看正文，能否说出‘易混淆概念对比：例题、判别计算与练习。’的对象、条件和结论？不能则回看本节。”,CURRENT_SOURCE_PASS_B_M02_SYNC_R1,B_M02_CURRENT_SYNC.json
M02-RBL-0229,READING_BLOCKER,阅读阻塞残留,230,本章结论与下一步。,src/讲义源码/第02册_基础监督学习方法/chapters/V2-C01.tex,1114,231,高,缺少可立即代入的最小数值例或非例,删除内部审计句，在“本章结论与下一步。”后补一个2—3步的最小数值例或反例，并给出一个可立即作答的自检。,CURRENT_SOURCE_PASS_B_M02_SYNC_R1,B_M02_CURRENT_SYNC.json
M02-RBL-0230,READING_BLOCKER,阅读阻塞残留,231,先修自检。,src/讲义源码/第02册_基础监督学习方法/chapters/V2-C02.tex,28,232,高,缺少可立即代入的最小数值例或非例,删除内部审计句，在“先修自检。”后补一个2—3步的最小数值例或反例，并给出一个可立即作答的自检。,CURRENT_SOURCE_PASS_B_M02_SYNC_R1,B_M02_CURRENT_SYNC.json
M02-RBL-0231,READING_BLOCKER,阅读阻塞残留,232,模型认识卡： 法。,src/讲义源码/第02册_基础监督学习方法/chapters/V2-C02.tex,47,232,高,缺少可立即代入的最小数值例或非例,删除内部审计句，在“模型认识卡： 法。”后补一个2—3步的最小数值例或反例，并给出一个可立即作答的自检。,CURRENT_SOURCE_PASS_B_M02_SYNC_R1,B_M02_CURRENT_SYNC.json
M02-RBL-0232,READING_BLOCKER,阅读阻塞残留,233,距离度量。,src/讲义源码/第02册_基础监督学习方法/chapters/V2-C02.tex,95,233,高,对象、条件或最小例没有在首次阅读入口中同时出现,删除“需要解决的阅读阻塞/第一步/核验路线”等内部工作语，改为读者自检：“不看正文，能否说出‘距离度量。’的对象、条件和结论？不能则回看本节。”,CURRENT_SOURCE_PASS_B_M02_SYNC_R1,B_M02_CURRENT_SYNC.json
M02-RBL-0233,READING_BLOCKER,阅读阻塞残留,234,L p 距离。,src/讲义源码/第02册_基础监督学习方法/chapters/V2-C02.tex,102,233,高,短段落内符号密度高，但符号角色未逐一落地,删除内部审计句，先用自然语言解释符号角色，再分两行写公式；每行只引入一个新对象。,CURRENT_SOURCE_PASS_B_M02_SYNC_R1,B_M02_CURRENT_SYNC.json
M02-RBL-0234,READING_BLOCKER,阅读阻塞残留,235,证明：局部多数表决的经验风险最优性。,src/讲义源码/第02册_基础监督学习方法/chapters/V2-C02.tex,165,235,高,短段落内符号密度高，但符号角色未逐一落地,删除内部审计句，先用自然语言解释符号角色，再分两行写公式；每行只引入一个新对象。,CURRENT_SOURCE_PASS_B_M02_SYNC_R1,B_M02_CURRENT_SYNC.json
M02-RBL-0235,READING_BLOCKER,阅读阻塞残留,236,几何解释：L p 单位球 z L p(z 0) 1 的形状随 p 改变。,src/讲义源码/第02册_基础监督学习方法/chapters/V2-C02.tex,180,235,高,缺少可立即代入的最小数值例或非例,删除内部审计句，在“几何解释：L p 单位球 z L p(z 0) 1 的形状随 p 改变。”后补一个2—3步的最小数值例或反例，并给出一个可立即作答的自检。,CURRENT_SOURCE_PASS_B_M02_SYNC_R1,B_M02_CURRENT_SYNC.json
M02-RBL-0236,READING_BLOCKER,阅读阻塞残留,237,概率解释：邻域比例 p(c x) n c(x)/k 可看作局部条件概率的经验估计：它假设足够靠近……。,src/讲义源码/第02册_基础监督学习方法/chapters/V2-C02.tex,191,235,高,缺少可立即代入的最小数值例或非例,删除内部审计句，在“概率解释：邻域比例 p(c x) n c(x)/k 可看作局部条件概率的经验估计：它假设足够靠近……。”后补一个2—3步的最小数值例或反例，并给出一个可立即作答的自检。,CURRENT_SOURCE_PASS_B_M02_SYNC_R1,B_M02_CURRENT_SYNC.json
M02-RBL-0237,READING_BLOCKER,阅读阻塞残留,238,k近邻模型。,src/讲义源码/第02册_基础监督学习方法/chapters/V2-C02.tex,254,233,高,对象、条件或最小例没有在首次阅读入口中同时出现,删除“需要解决的阅读阻塞/第一步/核验路线”等内部工作语，改为读者自检：“不看正文，能否说出‘k近邻模型。’的对象、条件和结论？不能则回看本节。”,CURRENT_SOURCE_PASS_B_M02_SYNC_R1,B_M02_CURRENT_SYNC.json
M02-RBL-0238,READING_BLOCKER,阅读阻塞残留,239,k近邻算法。,src/讲义源码/第02册_基础监督学习方法/chapters/V2-C02.tex,267,237,高,需把输入、状态、一次更新、停止与输出压缩成首次阅读主线,删除内部审计句，改为“输入—状态—初始化—一次更新—停止—输出”六行首次阅读卡；状态码和故障分支移到实现说明。,CURRENT_SOURCE_PASS_B_M02_SYNC_R1,B_M02_CURRENT_SYNC.json
M02-RBL-0239,READING_BLOCKER,阅读阻塞残留,240,k近邻法算法。,src/讲义源码/第02册_基础监督学习方法/chapters/V2-C02.tex,271,237,高,需把输入、状态、一次更新、停止与输出压缩成首次阅读主线,删除内部审计句，改为“输入—状态—初始化—一次更新—停止—输出”六行首次阅读卡；状态码和故障分支移到实现说明。,CURRENT_SOURCE_PASS_B_M02_SYNC_R1,B_M02_CURRENT_SYNC.json
M02-RBL-0240,READING_BLOCKER,阅读阻塞残留,241,线性扫描的 分类：执行契约。,src/讲义源码/第02册_基础监督学习方法/chapters/V2-C02.tex,281,238,高,单个知识块信息密度较高，需要先给一条阅读路线再进入细节；未在同一入口集中说明输出证书,删除内部审计句，改为“输入—状态—初始化—一次更新—停止—输出”六行首次阅读卡；状态码和故障分支移到实现说明。,CURRENT_SOURCE_PASS_B_M02_SYNC_R1,B_M02_CURRENT_SYNC.json
M02-RBL-0241,READING_BLOCKER,阅读阻塞残留,242,线性扫描的 分类。,src/讲义源码/第02册_基础监督学习方法/chapters/V2-C02.tex,285,238,高,未在同一入口集中说明输出证书；未在同一入口集中说明停止条件,删除内部审计句，改为“输入—状态—初始化—一次更新—停止—输出”六行首次阅读卡；状态码和故障分支移到实现说明。,CURRENT_SOURCE_PASS_B_M02_SYNC_R1,B_M02_CURRENT_SYNC.json
M02-RBL-0242,READING_BLOCKER,阅读阻塞残留,243,k近邻法的实现：kd树。,src/讲义源码/第02册_基础监督学习方法/chapters/V2-C02.tex,358,239,高,对象、条件或最小例没有在首次阅读入口中同时出现,删除“需要解决的阅读阻塞/第一步/核验路线”等内部工作语，改为读者自检：“不看正文，能否说出‘k近邻法的实现：kd树。’的对象、条件和结论？不能则回看本节。”,CURRENT_SOURCE_PASS_B_M02_SYNC_R1,B_M02_CURRENT_SYNC.json
M02-RBL-0243,READING_BLOCKER,阅读阻塞残留,244,构造kd树。,src/讲义源码/第02册_基础监督学习方法/chapters/V2-C02.tex,367,240,高,对象、条件或最小例没有在首次阅读入口中同时出现,删除“需要解决的阅读阻塞/第一步/核验路线”等内部工作语，改为读者自检：“不看正文，能否说出‘构造kd树。’的对象、条件和结论？不能则回看本节。”,CURRENT_SOURCE_PASS_B_M02_SYNC_R1,B_M02_CURRENT_SYNC.json
M02-RBL-0244,READING_BLOCKER,阅读阻塞残留,245,构造平衡kd树。,src/讲义源码/第02册_基础监督学习方法/chapters/V2-C02.tex,371,232,高,对象、条件或最小例没有在首次阅读入口中同时出现,删除“需要解决的阅读阻塞/第一步/核验路线”等内部工作语，改为读者自检：“不看正文，能否说出‘构造平衡kd树。’的对象、条件和结论？不能则回看本节。”,CURRENT_SOURCE_PASS_B_M02_SYNC_R1,B_M02_CURRENT_SYNC.json
M02-RBL-0245,READING_BLOCKER,阅读阻塞残留,246,按坐标循环构造平衡kd树：执行契约。,src/讲义源码/第02册_基础监督学习方法/chapters/V2-C02.tex,380,240,高,单个知识块信息密度较高，需要先给一条阅读路线再进入细节；未在同一入口集中说明输出证书,删除内部审计句，改为“输入—状态—初始化—一次更新—停止—输出”六行首次阅读卡；状态码和故障分支移到实现说明。,CURRENT_SOURCE_PASS_B_M02_SYNC_R1,B_M02_CURRENT_SYNC.json
M02-RBL-0246,READING_BLOCKER,阅读阻塞残留,247,按坐标循环构造平衡kd树。,src/讲义源码/第02册_基础监督学习方法/chapters/V2-C02.tex,384,240,高,未在同一入口集中说明输出证书；未在同一入口集中说明停止条件,删除内部审计句，改为“输入—状态—初始化—一次更新—停止—输出”六行首次阅读卡；状态码和故障分支移到实现说明。,CURRENT_SOURCE_PASS_B_M02_SYNC_R1,B_M02_CURRENT_SYNC.json
M02-RBL-0247,READING_BLOCKER,阅读阻塞残留,248,搜索kd树。,src/讲义源码/第02册_基础监督学习方法/chapters/V2-C02.tex,470,240,高,需把输入、状态、一次更新、停止与输出压缩成首次阅读主线,删除内部审计句，改为“输入—状态—初始化—一次更新—停止—输出”六行首次阅读卡；状态码和故障分支移到实现说明。,CURRENT_SOURCE_PASS_B_M02_SYNC_R1,B_M02_CURRENT_SYNC.json
M02-RBL-0248,READING_BLOCKER,阅读阻塞残留,249,用kd树的 搜索。,src/讲义源码/第02册_基础监督学习方法/chapters/V2-C02.tex,479,242,高,需把输入、状态、一次更新、停止与输出压缩成首次阅读主线,删除内部审计句，改为“输入—状态—初始化—一次更新—停止—输出”六行首次阅读卡；状态码和故障分支移到实现说明。,CURRENT_SOURCE_PASS_B_M02_SYNC_R1,B_M02_CURRENT_SYNC.json
M02-RBL-0249,READING_BLOCKER,阅读阻塞残留,250,证明：kd树切分平面的安全剪枝。,src/讲义源码/第02册_基础监督学习方法/chapters/V2-C02.tex,490,243,高,证明前缺少一句路线提示，读者不易预判关键变形,删除内部说明，改成读者可见的一句话：“证明先把目标改写为可比较的两边，再使用上游定义/定理完成关键变形。”并在证明前列出条件与结论。,CURRENT_SOURCE_PASS_B_M02_SYNC_R1,B_M02_CURRENT_SYNC.json
M02-RBL-0250,READING_BLOCKER,阅读阻塞残留,251,复杂度分析：例题、复杂度与练习。,src/讲义源码/第02册_基础监督学习方法/chapters/V2-C02.tex,551,244,高,边界说明缺少具体失败现象,删除内部审计句，改为四列表：触发条件｜失败现象｜可观察诊断｜修正动作；反例只破坏一个关键条件。,CURRENT_SOURCE_PASS_B_M02_SYNC_R1,B_M02_CURRENT_SYNC.json
M02-RBL-0251,READING_BLOCKER,阅读阻塞残留,252,常见错误与误用边界：例题、复杂度与练习。,src/讲义源码/第02册_基础监督学习方法/chapters/V2-C02.tex,574,245,高,边界说明缺少具体失败现象,删除内部审计句，改为四列表：触发条件｜失败现象｜可观察诊断｜修正动作；反例只破坏一个关键条件。,CURRENT_SOURCE_PASS_B_M02_SYNC_R1,B_M02_CURRENT_SYNC.json
M02-RBL-0252,READING_BLOCKER,阅读阻塞残留,253,易混淆概念对比：例题、复杂度与练习。,src/讲义源码/第02册_基础监督学习方法/chapters/V2-C02.tex,584,245,高,比较项缺少统一比较维度,删除“需要解决的阅读阻塞/第一步/核验路线”等内部工作语，改为读者自检：“不看正文，能否说出‘易混淆概念对比：例题、复杂度与练习。’的对象、条件和结论？不能则回看本节。”,CURRENT_SOURCE_PASS_B_M02_SYNC_R1,B_M02_CURRENT_SYNC.json
M02-RBL-0253,READING_BLOCKER,阅读阻塞残留,254,本章结论与下一步。,src/讲义源码/第02册_基础监督学习方法/chapters/V2-C02.tex,1029,252,高,缺少可立即代入的最小数值例或非例,删除内部审计句，在“本章结论与下一步。”后补一个2—3步的最小数值例或反例，并给出一个可立即作答的自检。,CURRENT_SOURCE_PASS_B_M02_SYNC_R1,B_M02_CURRENT_SYNC.json
M02-RBL-0254,READING_BLOCKER,阅读阻塞残留,255,本章可检验学习目标。,src/讲义源码/第02册_基础监督学习方法/chapters/V2-C03.tex,15,253,高,缺少可立即代入的最小数值例或非例,删除内部审计句，在“本章可检验学习目标。”后补一个2—3步的最小数值例或反例，并给出一个可立即作答的自检。,CURRENT_SOURCE_PASS_B_M02_SYNC_R1,B_M02_CURRENT_SYNC.json
M02-RBL-0255,READING_BLOCKER,阅读阻塞残留,256,先修自检。,src/讲义源码/第02册_基础监督学习方法/chapters/V2-C03.tex,34,253,高,缺少可立即代入的最小数值例或非例,删除内部审计句，在“先修自检。”后补一个2—3步的最小数值例或反例，并给出一个可立即作答的自检。,CURRENT_SOURCE_PASS_B_M02_SYNC_R1,B_M02_CURRENT_SYNC.json
M02-RBL-0256,READING_BLOCKER,阅读阻塞残留,257,朴素贝叶斯法。,src/讲义源码/第02册_基础监督学习方法/chapters/V2-C03.tex,97,254,高,对象、条件或最小例没有在首次阅读入口中同时出现,删除“需要解决的阅读阻塞/第一步/核验路线”等内部工作语，改为读者自检：“不看正文，能否说出‘朴素贝叶斯法。’的对象、条件和结论？不能则回看本节。”,CURRENT_SOURCE_PASS_B_M02_SYNC_R1,B_M02_CURRENT_SYNC.json
M02-RBL-0257,READING_BLOCKER,阅读阻塞残留,258,朴素贝叶斯法的学习与分类。,src/讲义源码/第02册_基础监督学习方法/chapters/V2-C03.tex,105,254,高,对象、条件或最小例没有在首次阅读入口中同时出现,删除“需要解决的阅读阻塞/第一步/核验路线”等内部工作语，改为读者自检：“不看正文，能否说出‘朴素贝叶斯法的学习与分类。’的对象、条件和结论？不能则回看本节。”,CURRENT_SOURCE_PASS_B_M02_SYNC_R1,B_M02_CURRENT_SYNC.json
M02-RBL-0258,READING_BLOCKER,阅读阻塞残留,259,基本方法。,src/讲义源码/第02册_基础监督学习方法/chapters/V2-C03.tex,113,254,高,对象、条件或最小例没有在首次阅读入口中同时出现,删除“需要解决的阅读阻塞/第一步/核验路线”等内部工作语，改为读者自检：“不看正文，能否说出‘基本方法。’的对象、条件和结论？不能则回看本节。”,CURRENT_SOURCE_PASS_B_M02_SYNC_R1,B_M02_CURRENT_SYNC.json
M02-RBL-0259,READING_BLOCKER,阅读阻塞残留,260,朴素贝叶斯条件独立模型。,src/讲义源码/第02册_基础监督学习方法/chapters/V2-C03.tex,120,254,高,缺少可立即代入的最小数值例或非例,删除内部审计句，在“朴素贝叶斯条件独立模型。”后补一个2—3步的最小数值例或反例，并给出一个可立即作答的自检。,CURRENT_SOURCE_PASS_B_M02_SYNC_R1,B_M02_CURRENT_SYNC.json
M02-RBL-0260,READING_BLOCKER,阅读阻塞残留,261,朴素贝叶斯算法。,src/讲义源码/第02册_基础监督学习方法/chapters/V2-C03.tex,158,255,高,需把输入、状态、一次更新、停止与输出压缩成首次阅读主线,删除内部审计句，改为“输入—状态—初始化—一次更新—停止—输出”六行首次阅读卡；状态码和故障分支移到实现说明。,CURRENT_SOURCE_PASS_B_M02_SYNC_R1,B_M02_CURRENT_SYNC.json
M02-RBL-0261,READING_BLOCKER,阅读阻塞残留,262,朴素贝叶斯法的参数估计。,src/讲义源码/第02册_基础监督学习方法/chapters/V2-C03.tex,214,257,高,对象、条件或最小例没有在首次阅读入口中同时出现,删除“需要解决的阅读阻塞/第一步/核验路线”等内部工作语，改为读者自检：“不看正文，能否说出‘朴素贝叶斯法的参数估计。’的对象、条件和结论？不能则回看本节。”,CURRENT_SOURCE_PASS_B_M02_SYNC_R1,B_M02_CURRENT_SYNC.json
M02-RBL-0262,READING_BLOCKER,阅读阻塞残留,263,极大似然估计。,src/讲义源码/第02册_基础监督学习方法/chapters/V2-C03.tex,227,257,高,对象、条件或最小例没有在首次阅读入口中同时出现,删除“需要解决的阅读阻塞/第一步/核验路线”等内部工作语，改为读者自检：“不看正文，能否说出‘极大似然估计。’的对象、条件和结论？不能则回看本节。”,CURRENT_SOURCE_PASS_B_M02_SYNC_R1,B_M02_CURRENT_SYNC.json
M02-RBL-0263,READING_BLOCKER,阅读阻塞残留,264,学习与分类算法。,src/讲义源码/第02册_基础监督学习方法/chapters/V2-C03.tex,240,257,高,需把输入、状态、一次更新、停止与输出压缩成首次阅读主线,删除内部审计句，改为“输入—状态—初始化—一次更新—停止—输出”六行首次阅读卡；状态码和故障分支移到实现说明。,CURRENT_SOURCE_PASS_B_M02_SYNC_R1,B_M02_CURRENT_SYNC.json
M02-RBL-0264,READING_BLOCKER,阅读阻塞残留,265,证明：对称平滑的概率合法性。,src/讲义源码/第02册_基础监督学习方法/chapters/V2-C03.tex,312,259,高,证明前缺少一句路线提示，读者不易预判关键变形,删除内部说明，改成读者可见的一句话：“证明先把目标改写为可比较的两边，再使用上游定义/定理完成关键变形。”并在证明前列出条件与结论。,CURRENT_SOURCE_PASS_B_M02_SYNC_R1,B_M02_CURRENT_SYNC.json
M02-RBL-0265,READING_BLOCKER,阅读阻塞残留,266,带对称平滑的离散朴素贝叶斯训练与分类：执行契约。,src/讲义源码/第02册_基础监督学习方法/chapters/V2-C03.tex,345,260,高,单个知识块信息密度较高，需要先给一条阅读路线再进入细节；未在同一入口集中说明输出证书,删除内部审计句，改为“输入—状态—初始化—一次更新—停止—输出”六行首次阅读卡；状态码和故障分支移到实现说明。,CURRENT_SOURCE_PASS_B_M02_SYNC_R1,B_M02_CURRENT_SYNC.json
M02-RBL-0266,READING_BLOCKER,阅读阻塞残留,267,复杂度分析：参数估计、例题与练习。,src/讲义源码/第02册_基础监督学习方法/chapters/V2-C03.tex,418,261,高,边界说明缺少具体失败现象,删除内部审计句，改为四列表：触发条件｜失败现象｜可观察诊断｜修正动作；反例只破坏一个关键条件。,CURRENT_SOURCE_PASS_B_M02_SYNC_R1,B_M02_CURRENT_SYNC.json
M02-RBL-0267,READING_BLOCKER,阅读阻塞残留,268,常见错误与误用边界：参数估计、例题与练习。,src/讲义源码/第02册_基础监督学习方法/chapters/V2-C03.tex,483,263,高,边界说明缺少具体失败现象,删除内部审计句，改为四列表：触发条件｜失败现象｜可观察诊断｜修正动作；反例只破坏一个关键条件。,CURRENT_SOURCE_PASS_B_M02_SYNC_R1,B_M02_CURRENT_SYNC.json
M02-RBL-0268,READING_BLOCKER,阅读阻塞残留,269,本章可检验学习目标。,src/讲义源码/第02册_基础监督学习方法/chapters/V2-C04.tex,16,271,高,缺少可立即代入的最小数值例或非例,删除内部审计句，在“本章可检验学习目标。”后补一个2—3步的最小数值例或反例，并给出一个可立即作答的自检。,CURRENT_SOURCE_PASS_B_M02_SYNC_R1,B_M02_CURRENT_SYNC.json
M02-RBL-0269,READING_BLOCKER,阅读阻塞残留,270,先修自检。,src/讲义源码/第02册_基础监督学习方法/chapters/V2-C04.tex,36,271,高,缺少可立即代入的最小数值例或非例,删除内部审计句，在“先修自检。”后补一个2—3步的最小数值例或反例，并给出一个可立即作答的自检。,CURRENT_SOURCE_PASS_B_M02_SYNC_R1,B_M02_CURRENT_SYNC.json
M02-RBL-0270,READING_BLOCKER,阅读阻塞残留,271,依赖路线。,src/讲义源码/第02册_基础监督学习方法/chapters/V2-C04.tex,52,271,高,缺少可立即代入的最小数值例或非例,删除内部审计句，在“依赖路线。”后补一个2—3步的最小数值例或反例，并给出一个可立即作答的自检。,CURRENT_SOURCE_PASS_B_M02_SYNC_R1,B_M02_CURRENT_SYNC.json
M02-RBL-0271,READING_BLOCKER,阅读阻塞残留,272,决策树。,src/讲义源码/第02册_基础监督学习方法/chapters/V2-C04.tex,109,272,高,对象、条件或最小例没有在首次阅读入口中同时出现,删除“需要解决的阅读阻塞/第一步/核验路线”等内部工作语，改为读者自检：“不看正文，能否说出‘决策树。’的对象、条件和结论？不能则回看本节。”,CURRENT_SOURCE_PASS_B_M02_SYNC_R1,B_M02_CURRENT_SYNC.json
M02-RBL-0272,READING_BLOCKER,阅读阻塞残留,273,决策树模型与学习。,src/讲义源码/第02册_基础监督学习方法/chapters/V2-C04.tex,117,272,高,对象、条件或最小例没有在首次阅读入口中同时出现,删除“需要解决的阅读阻塞/第一步/核验路线”等内部工作语，改为读者自检：“不看正文，能否说出‘决策树模型与学习。’的对象、条件和结论？不能则回看本节。”,CURRENT_SOURCE_PASS_B_M02_SYNC_R1,B_M02_CURRENT_SYNC.json
M02-RBL-0273,READING_BLOCKER,阅读阻塞残留,274,决策树模型。,src/讲义源码/第02册_基础监督学习方法/chapters/V2-C04.tex,125,272,高,对象、条件或最小例没有在首次阅读入口中同时出现,删除“需要解决的阅读阻塞/第一步/核验路线”等内部工作语，改为读者自检：“不看正文，能否说出‘决策树模型。’的对象、条件和结论？不能则回看本节。”,CURRENT_SOURCE_PASS_B_M02_SYNC_R1,B_M02_CURRENT_SYNC.json
M02-RBL-0274,READING_BLOCKER,阅读阻塞残留,275,决策树与条件概率分布。,src/讲义源码/第02册_基础监督学习方法/chapters/V2-C04.tex,155,273,高,对象、条件或最小例没有在首次阅读入口中同时出现,删除“需要解决的阅读阻塞/第一步/核验路线”等内部工作语，改为读者自检：“不看正文，能否说出‘决策树与条件概率分布。’的对象、条件和结论？不能则回看本节。”,CURRENT_SOURCE_PASS_B_M02_SYNC_R1,B_M02_CURRENT_SYNC.json
M02-RBL-0275,READING_BLOCKER,阅读阻塞残留,276,决策树学习。,src/讲义源码/第02册_基础监督学习方法/chapters/V2-C04.tex,164,272,高,对象、条件或最小例没有在首次阅读入口中同时出现,删除“需要解决的阅读阻塞/第一步/核验路线”等内部工作语，改为读者自检：“不看正文，能否说出‘决策树学习。’的对象、条件和结论？不能则回看本节。”,CURRENT_SOURCE_PASS_B_M02_SYNC_R1,B_M02_CURRENT_SYNC.json
M02-RBL-0276,READING_BLOCKER,阅读阻塞残留,277,特征选择。,src/讲义源码/第02册_基础监督学习方法/chapters/V2-C04.tex,173,274,高,对象、条件或最小例没有在首次阅读入口中同时出现,删除“需要解决的阅读阻塞/第一步/核验路线”等内部工作语，改为读者自检：“不看正文，能否说出‘特征选择。’的对象、条件和结论？不能则回看本节。”,CURRENT_SOURCE_PASS_B_M02_SYNC_R1,B_M02_CURRENT_SYNC.json
M02-RBL-0277,READING_BLOCKER,阅读阻塞残留,278,信息增益的算法。,src/讲义源码/第02册_基础监督学习方法/chapters/V2-C04.tex,200,274,高,需把输入、状态、一次更新、停止与输出压缩成首次阅读主线,删除内部审计句，改为“输入—状态—初始化—一次更新—停止—输出”六行首次阅读卡；状态码和故障分支移到实现说明。,CURRENT_SOURCE_PASS_B_M02_SYNC_R1,B_M02_CURRENT_SYNC.json
M02-RBL-0278,READING_BLOCKER,阅读阻塞残留,279,信息增益的定义。,src/讲义源码/第02册_基础监督学习方法/chapters/V2-C04.tex,208,274,高,对象、条件或最小例没有在首次阅读入口中同时出现,删除“需要解决的阅读阻塞/第一步/核验路线”等内部工作语，改为读者自检：“不看正文，能否说出‘信息增益的定义。’的对象、条件和结论？不能则回看本节。”,CURRENT_SOURCE_PASS_B_M02_SYNC_R1,B_M02_CURRENT_SYNC.json
M02-RBL-0279,READING_BLOCKER,阅读阻塞残留,280,信息增益比。,src/讲义源码/第02册_基础监督学习方法/chapters/V2-C04.tex,220,274,高,对象、条件或最小例没有在首次阅读入口中同时出现,删除“需要解决的阅读阻塞/第一步/核验路线”等内部工作语，改为读者自检：“不看正文，能否说出‘信息增益比。’的对象、条件和结论？不能则回看本节。”,CURRENT_SOURCE_PASS_B_M02_SYNC_R1,B_M02_CURRENT_SYNC.json
M02-RBL-0280,READING_BLOCKER,阅读阻塞残留,281,信息增益比的定义。,src/讲义源码/第02册_基础监督学习方法/chapters/V2-C04.tex,232,274,高,对象、条件或最小例没有在首次阅读入口中同时出现,删除“需要解决的阅读阻塞/第一步/核验路线”等内部工作语，改为读者自检：“不看正文，能否说出‘信息增益比的定义。’的对象、条件和结论？不能则回看本节。”,CURRENT_SOURCE_PASS_B_M02_SYNC_R1,B_M02_CURRENT_SYNC.json
M02-RBL-0281,READING_BLOCKER,阅读阻塞残留,282,证明：经验信息增益的非负性。,src/讲义源码/第02册_基础监督学习方法/chapters/V2-C04.tex,277,276,高,证明前缺少一句路线提示，读者不易预判关键变形；短段落内符号密度高，但符号角色未逐一落地,删除内部说明，改成读者可见的一句话：“证明先把目标改写为可比较的两边，再使用上游定义/定理完成关键变形。”并在证明前列出条件与结论。,CURRENT_SOURCE_PASS_B_M02_SYNC_R1,B_M02_CURRENT_SYNC.json
M02-RBL-0282,READING_BLOCKER,阅读阻塞残留,283,优化解释：每个结点执行有限候选集合上的局部最优化：ID3最大化信息增益。,src/讲义源码/第02册_基础监督学习方法/chapters/V2-C04.tex,306,277,高,缺少可立即代入的最小数值例或非例,删除内部审计句，改为“输入—状态—初始化—一次更新—停止—输出”六行首次阅读卡；状态码和故障分支移到实现说明。,CURRENT_SOURCE_PASS_B_M02_SYNC_R1,B_M02_CURRENT_SYNC.json
M02-RBL-0283,READING_BLOCKER,阅读阻塞残留,284,ID3算法。,src/讲义源码/第02册_基础监督学习方法/chapters/V2-C04.tex,359,274,高,需把输入、状态、一次更新、停止与输出压缩成首次阅读主线,删除内部审计句，改为“输入—状态—初始化—一次更新—停止—输出”六行首次阅读卡；状态码和故障分支移到实现说明。,CURRENT_SOURCE_PASS_B_M02_SYNC_R1,B_M02_CURRENT_SYNC.json
M02-RBL-0284,READING_BLOCKER,阅读阻塞残留,285,决策树的生成。,src/讲义源码/第02册_基础监督学习方法/chapters/V2-C04.tex,368,278,高,对象、条件或最小例没有在首次阅读入口中同时出现,删除“需要解决的阅读阻塞/第一步/核验路线”等内部工作语，改为读者自检：“不看正文，能否说出‘决策树的生成。’的对象、条件和结论？不能则回看本节。”,CURRENT_SOURCE_PASS_B_M02_SYNC_R1,B_M02_CURRENT_SYNC.json
M02-RBL-0285,READING_BLOCKER,阅读阻塞残留,286,ID3的递归过程。,src/讲义源码/第02册_基础监督学习方法/chapters/V2-C04.tex,376,278,高,对象、条件或最小例没有在首次阅读入口中同时出现,删除“需要解决的阅读阻塞/第一步/核验路线”等内部工作语，改为读者自检：“不看正文，能否说出‘ID3的递归过程。’的对象、条件和结论？不能则回看本节。”,CURRENT_SOURCE_PASS_B_M02_SYNC_R1,B_M02_CURRENT_SYNC.json
M02-RBL-0286,READING_BLOCKER,阅读阻塞残留,287,C4 5生成算法。,src/讲义源码/第02册_基础监督学习方法/chapters/V2-C04.tex,384,278,高,需把输入、状态、一次更新、停止与输出压缩成首次阅读主线,删除内部审计句，改为“输入—状态—初始化—一次更新—停止—输出”六行首次阅读卡；状态码和故障分支移到实现说明。,CURRENT_SOURCE_PASS_B_M02_SYNC_R1,B_M02_CURRENT_SYNC.json
M02-RBL-0287,READING_BLOCKER,阅读阻塞残留,288,C4 5的算法步骤。,src/讲义源码/第02册_基础监督学习方法/chapters/V2-C04.tex,398,278,高,需把输入、状态、一次更新、停止与输出压缩成首次阅读主线,删除内部审计句，改为“输入—状态—初始化—一次更新—停止—输出”六行首次阅读卡；状态码和故障分支移到实现说明。,CURRENT_SOURCE_PASS_B_M02_SYNC_R1,B_M02_CURRENT_SYNC.json
M02-RBL-0288,READING_BLOCKER,阅读阻塞残留,289,ID3/C4 5统一递归生成流程：执行契约。,src/讲义源码/第02册_基础监督学习方法/chapters/V2-C04.tex,409,280,高,单个知识块信息密度较高，需要先给一条阅读路线再进入细节,删除内部审计句，改为“输入—状态—初始化—一次更新—停止—输出”六行首次阅读卡；状态码和故障分支移到实现说明。,CURRENT_SOURCE_PASS_B_M02_SYNC_R1,B_M02_CURRENT_SYNC.json
M02-RBL-0289,READING_BLOCKER,阅读阻塞残留,290,决策树剪枝。,src/讲义源码/第02册_基础监督学习方法/chapters/V2-C04.tex,492,278,高,需把输入、状态、一次更新、停止与输出压缩成首次阅读主线,删除内部审计句，改为“输入—状态—初始化—一次更新—停止—输出”六行首次阅读卡；状态码和故障分支移到实现说明。,CURRENT_SOURCE_PASS_B_M02_SYNC_R1,B_M02_CURRENT_SYNC.json
M02-RBL-0290,READING_BLOCKER,阅读阻塞残留,291,树的剪枝算法。,src/讲义源码/第02册_基础监督学习方法/chapters/V2-C04.tex,501,278,高,需把输入、状态、一次更新、停止与输出压缩成首次阅读主线,删除内部审计句，改为“输入—状态—初始化—一次更新—停止—输出”六行首次阅读卡；状态码和故障分支移到实现说明。,CURRENT_SOURCE_PASS_B_M02_SYNC_R1,B_M02_CURRENT_SYNC.json
M02-RBL-0291,READING_BLOCKER,阅读阻塞残留,292,CART算法。,src/讲义源码/第02册_基础监督学习方法/chapters/V2-C04.tex,580,278,高,需把输入、状态、一次更新、停止与输出压缩成首次阅读主线,删除内部审计句，改为“输入—状态—初始化—一次更新—停止—输出”六行首次阅读卡；状态码和故障分支移到实现说明。,CURRENT_SOURCE_PASS_B_M02_SYNC_R1,B_M02_CURRENT_SYNC.json
M02-RBL-0292,READING_BLOCKER,阅读阻塞残留,293,CART生成。,src/讲义源码/第02册_基础监督学习方法/chapters/V2-C04.tex,589,278,高,对象、条件或最小例没有在首次阅读入口中同时出现,删除“需要解决的阅读阻塞/第一步/核验路线”等内部工作语，改为读者自检：“不看正文，能否说出‘CART生成。’的对象、条件和结论？不能则回看本节。”,CURRENT_SOURCE_PASS_B_M02_SYNC_R1,B_M02_CURRENT_SYNC.json
M02-RBL-0293,READING_BLOCKER,阅读阻塞残留,294,最小二乘回归树生成算法。,src/讲义源码/第02册_基础监督学习方法/chapters/V2-C04.tex,607,284,高,需把输入、状态、一次更新、停止与输出压缩成首次阅读主线,删除内部审计句，改为“输入—状态—初始化—一次更新—停止—输出”六行首次阅读卡；状态码和故障分支移到实现说明。,CURRENT_SOURCE_PASS_B_M02_SYNC_R1,B_M02_CURRENT_SYNC.json
M02-RBL-0294,READING_BLOCKER,阅读阻塞残留,295,平方误差叶结点的最优常数。,src/讲义源码/第02册_基础监督学习方法/chapters/V2-C04.tex,619,284,高,定理陈述中的对象与条件入口不够醒目,删除“需要解决的阅读阻塞/第一步/核验路线”等内部工作语，改为读者自检：“不看正文，能否说出‘平方误差叶结点的最优常数。’的对象、条件和结论？不能则回看本节。”,CURRENT_SOURCE_PASS_B_M02_SYNC_R1,B_M02_CURRENT_SYNC.json
M02-RBL-0295,READING_BLOCKER,阅读阻塞残留,296,证明：平方误差叶结点的最优常数。,src/讲义源码/第02册_基础监督学习方法/chapters/V2-C04.tex,627,285,高,证明前缺少一句路线提示，读者不易预判关键变形,删除内部说明，改成读者可见的一句话：“证明先把目标改写为可比较的两边，再使用上游定义/定理完成关键变形。”并在证明前列出条件与结论。,CURRENT_SOURCE_PASS_B_M02_SYNC_R1,B_M02_CURRENT_SYNC.json
M02-RBL-0296,READING_BLOCKER,阅读阻塞残留,297,CART生成算法。,src/讲义源码/第02册_基础监督学习方法/chapters/V2-C04.tex,651,278,高,需把输入、状态、一次更新、停止与输出压缩成首次阅读主线,删除内部审计句，改为“输入—状态—初始化—一次更新—停止—输出”六行首次阅读卡；状态码和故障分支移到实现说明。,CURRENT_SOURCE_PASS_B_M02_SYNC_R1,B_M02_CURRENT_SYNC.json
M02-RBL-0297,READING_BLOCKER,阅读阻塞残留,298,CART生成与候选树构造：执行契约。,src/讲义源码/第02册_基础监督学习方法/chapters/V2-C04.tex,659,285,高,单个知识块信息密度较高，需要先给一条阅读路线再进入细节,删除内部审计句，改为“输入—状态—初始化—一次更新—停止—输出”六行首次阅读卡；状态码和故障分支移到实现说明。,CURRENT_SOURCE_PASS_B_M02_SYNC_R1,B_M02_CURRENT_SYNC.json
M02-RBL-0298,READING_BLOCKER,阅读阻塞残留,299,CART生成与候选树构造。,src/讲义源码/第02册_基础监督学习方法/chapters/V2-C04.tex,663,285,高,未在同一入口集中说明输入对象；未在同一入口集中说明停止条件,删除内部审计句，改为“输入—状态—初始化—一次更新—停止—输出”六行首次阅读卡；状态码和故障分支移到实现说明。,CURRENT_SOURCE_PASS_B_M02_SYNC_R1,B_M02_CURRENT_SYNC.json
M02-RBL-0299,READING_BLOCKER,阅读阻塞残留,300,CART剪枝。,src/讲义源码/第02册_基础监督学习方法/chapters/V2-C04.tex,710,278,高,需把输入、状态、一次更新、停止与输出压缩成首次阅读主线,删除内部审计句，改为“输入—状态—初始化—一次更新—停止—输出”六行首次阅读卡；状态码和故障分支移到实现说明。,CURRENT_SOURCE_PASS_B_M02_SYNC_R1,B_M02_CURRENT_SYNC.json
M02-RBL-0300,READING_BLOCKER,阅读阻塞残留,301,CART最弱环节剪枝算法。,src/讲义源码/第02册_基础监督学习方法/chapters/V2-C04.tex,732,287,高,需把输入、状态、一次更新、停止与输出压缩成首次阅读主线,删除内部审计句，改为“输入—状态—初始化—一次更新—停止—输出”六行首次阅读卡；状态码和故障分支移到实现说明。,CURRENT_SOURCE_PASS_B_M02_SYNC_R1,B_M02_CURRENT_SYNC.json
M02-RBL-0301,READING_BLOCKER,阅读阻塞残留,302,CART最弱环节剪枝。,src/讲义源码/第02册_基础监督学习方法/chapters/V2-C04.tex,738,278,高,未在同一入口集中说明输入对象；未在同一入口集中说明停止条件,删除内部审计句，改为“输入—状态—初始化—一次更新—停止—输出”六行首次阅读卡；状态码和故障分支移到实现说明。,CURRENT_SOURCE_PASS_B_M02_SYNC_R1,B_M02_CURRENT_SYNC.json
M02-RBL-0302,READING_BLOCKER,阅读阻塞残留,303,常见错误与误用边界：例题、树模型计算与练习。,src/讲义源码/第02册_基础监督学习方法/chapters/V2-C04.tex,811,289,高,边界说明缺少具体失败现象,删除内部审计句，改为四列表：触发条件｜失败现象｜可观察诊断｜修正动作；反例只破坏一个关键条件。,CURRENT_SOURCE_PASS_B_M02_SYNC_R1,B_M02_CURRENT_SYNC.json
M02-RBL-0303,READING_BLOCKER,阅读阻塞残留,304,易混淆概念对比：例题、树模型计算与练习。,src/讲义源码/第02册_基础监督学习方法/chapters/V2-C04.tex,821,290,高,比较项缺少统一比较维度,删除“需要解决的阅读阻塞/第一步/核验路线”等内部工作语，改为读者自检：“不看正文，能否说出‘易混淆概念对比：例题、树模型计算与练习。’的对象、条件和结论？不能则回看本节。”,CURRENT_SOURCE_PASS_B_M02_SYNC_R1,B_M02_CURRENT_SYNC.json
M02-RBL-0304,READING_BLOCKER,阅读阻塞残留,305,本章地图：逻辑斯谛回归。,src/讲义源码/第02册_基础监督学习方法/chapters/V2-C05.tex,14,298,高,缺少可立即代入的最小数值例或非例,删除内部审计句，在“本章地图：逻辑斯谛回归。”后补一个2—3步的最小数值例或反例，并给出一个可立即作答的自检。,CURRENT_SOURCE_PASS_B_M02_SYNC_R1,B_M02_CURRENT_SYNC.json
M02-RBL-0305,READING_BLOCKER,阅读阻塞残留,306,本章可检验学习目标。,src/讲义源码/第02册_基础监督学习方法/chapters/V2-C05.tex,22,298,高,缺少可立即代入的最小数值例或非例,删除内部审计句，在“本章可检验学习目标。”后补一个2—3步的最小数值例或反例，并给出一个可立即作答的自检。,CURRENT_SOURCE_PASS_B_M02_SYNC_R1,B_M02_CURRENT_SYNC.json
M02-RBL-0306,READING_BLOCKER,阅读阻塞残留,307,最短先修。,src/讲义源码/第02册_基础监督学习方法/chapters/V2-C05.tex,37,298,高,缺少可立即代入的最小数值例或非例,删除内部审计句，在“最短先修。”后补一个2—3步的最小数值例或反例，并给出一个可立即作答的自检。,CURRENT_SOURCE_PASS_B_M02_SYNC_R1,B_M02_CURRENT_SYNC.json
M02-RBL-0307,READING_BLOCKER,阅读阻塞残留,308,依赖路线。,src/讲义源码/第02册_基础监督学习方法/chapters/V2-C05.tex,58,298,高,缺少可立即代入的最小数值例或非例,删除内部审计句，在“依赖路线。”后补一个2—3步的最小数值例或反例，并给出一个可立即作答的自检。,CURRENT_SOURCE_PASS_B_M02_SYNC_R1,B_M02_CURRENT_SYNC.json
M02-RBL-0308,READING_BLOCKER,阅读阻塞残留,309,模型认识卡：逻辑斯谛回归。,src/讲义源码/第02册_基础监督学习方法/chapters/V2-C05.tex,71,299,高,缺少可立即代入的最小数值例或非例,删除内部审计句，在“模型认识卡：逻辑斯谛回归。”后补一个2—3步的最小数值例或反例，并给出一个可立即作答的自检。,CURRENT_SOURCE_PASS_B_M02_SYNC_R1,B_M02_CURRENT_SYNC.json
M02-RBL-0309,READING_BLOCKER,阅读阻塞残留,310,逻辑斯谛回归与最大熵模型。,src/讲义源码/第02册_基础监督学习方法/chapters/V2-C05.tex,120,299,高,对象、条件或最小例没有在首次阅读入口中同时出现,删除“需要解决的阅读阻塞/第一步/核验路线”等内部工作语，改为读者自检：“不看正文，能否说出‘逻辑斯谛回归与最大熵模型。’的对象、条件和结论？不能则回看本节。”,CURRENT_SOURCE_PASS_B_M02_SYNC_R1,B_M02_CURRENT_SYNC.json
M02-RBL-0310,READING_BLOCKER,阅读阻塞残留,311,逻辑斯谛回归模型。,src/讲义源码/第02册_基础监督学习方法/chapters/V2-C05.tex,128,299,高,对象、条件或最小例没有在首次阅读入口中同时出现,删除“需要解决的阅读阻塞/第一步/核验路线”等内部工作语，改为读者自检：“不看正文，能否说出‘逻辑斯谛回归模型。’的对象、条件和结论？不能则回看本节。”,CURRENT_SOURCE_PASS_B_M02_SYNC_R1,B_M02_CURRENT_SYNC.json
M02-RBL-0311,READING_BLOCKER,阅读阻塞残留,312,逻辑斯谛分布。,src/讲义源码/第02册_基础监督学习方法/chapters/V2-C05.tex,136,299,高,对象、条件或最小例没有在首次阅读入口中同时出现,删除“需要解决的阅读阻塞/第一步/核验路线”等内部工作语，改为读者自检：“不看正文，能否说出‘逻辑斯谛分布。’的对象、条件和结论？不能则回看本节。”,CURRENT_SOURCE_PASS_B_M02_SYNC_R1,B_M02_CURRENT_SYNC.json
M02-RBL-0312,READING_BLOCKER,阅读阻塞残留,313,逻辑斯谛分布的分布函数与密度函数。,src/讲义源码/第02册_基础监督学习方法/chapters/V2-C05.tex,153,300,高,对象、条件或最小例没有在首次阅读入口中同时出现,删除“需要解决的阅读阻塞/第一步/核验路线”等内部工作语，改为读者自检：“不看正文，能否说出‘逻辑斯谛分布的分布函数与密度函数。’的对象、条件和结论？不能则回看本节。”,CURRENT_SOURCE_PASS_B_M02_SYNC_R1,B_M02_CURRENT_SYNC.json
M02-RBL-0313,READING_BLOCKER,阅读阻塞残留,314,二项逻辑斯谛回归模型。,src/讲义源码/第02册_基础监督学习方法/chapters/V2-C05.tex,161,300,高,对象、条件或最小例没有在首次阅读入口中同时出现,删除“需要解决的阅读阻塞/第一步/核验路线”等内部工作语，改为读者自检：“不看正文，能否说出‘二项逻辑斯谛回归模型。’的对象、条件和结论？不能则回看本节。”,CURRENT_SOURCE_PASS_B_M02_SYNC_R1,B_M02_CURRENT_SYNC.json
M02-RBL-0314,READING_BLOCKER,阅读阻塞残留,315,二项逻辑斯谛回归的条件概率分布。,src/讲义源码/第02册_基础监督学习方法/chapters/V2-C05.tex,165,301,高,对象、条件或最小例没有在首次阅读入口中同时出现,删除“需要解决的阅读阻塞/第一步/核验路线”等内部工作语，改为读者自检：“不看正文，能否说出‘二项逻辑斯谛回归的条件概率分布。’的对象、条件和结论？不能则回看本节。”,CURRENT_SOURCE_PASS_B_M02_SYNC_R1,B_M02_CURRENT_SYNC.json
M02-RBL-0315,READING_BLOCKER,阅读阻塞残留,316,二项逻辑斯谛回归。,src/讲义源码/第02册_基础监督学习方法/chapters/V2-C05.tex,172,299,高,缺少可立即代入的最小数值例或非例；短段落内符号密度高，但符号角色未逐一落地,删除内部审计句，在“二项逻辑斯谛回归。”后补一个2—3步的最小数值例或反例，并给出一个可立即作答的自检。,CURRENT_SOURCE_PASS_B_M02_SYNC_R1,B_M02_CURRENT_SYNC.json
M02-RBL-0316,READING_BLOCKER,阅读阻塞残留,317,证明：概率映射与线性分界。,src/讲义源码/第02册_基础监督学习方法/chapters/V2-C05.tex,217,301,高,证明前缺少一句路线提示，读者不易预判关键变形,删除内部说明，改成读者可见的一句话：“证明先把目标改写为可比较的两边，再使用上游定义/定理完成关键变形。”并在证明前列出条件与结论。,CURRENT_SOURCE_PASS_B_M02_SYNC_R1,B_M02_CURRENT_SYNC.json
M02-RBL-0317,READING_BLOCKER,阅读阻塞残留,318,几何解释：当 w 0 时，向量 w 是等概率超平面的法向量。,src/讲义源码/第02册_基础监督学习方法/chapters/V2-C05.tex,231,302,高,缺少可立即代入的最小数值例或非例,删除内部审计句，在“几何解释：当 w 0 时，向量 w 是等概率超平面的法向量。”后补一个2—3步的最小数值例或反例，并给出一个可立即作答的自检。,CURRENT_SOURCE_PASS_B_M02_SYNC_R1,B_M02_CURRENT_SYNC.json
M02-RBL-0318,READING_BLOCKER,阅读阻塞残留,319,模型参数估计。,src/讲义源码/第02册_基础监督学习方法/chapters/V2-C05.tex,253,301,高,对象、条件或最小例没有在首次阅读入口中同时出现,删除“需要解决的阅读阻塞/第一步/核验路线”等内部工作语，改为读者自检：“不看正文，能否说出‘模型参数估计。’的对象、条件和结论？不能则回看本节。”,CURRENT_SOURCE_PASS_B_M02_SYNC_R1,B_M02_CURRENT_SYNC.json
M02-RBL-0319,READING_BLOCKER,阅读阻塞残留,320,证明：负对数似然的凸性。,src/讲义源码/第02册_基础监督学习方法/chapters/V2-C05.tex,312,304,高,证明前缺少一句路线提示，读者不易预判关键变形,删除内部说明，改成读者可见的一句话：“证明先把目标改写为可比较的两边，再使用上游定义/定理完成关键变形。”并在证明前列出条件与结论。,CURRENT_SOURCE_PASS_B_M02_SYNC_R1,B_M02_CURRENT_SYNC.json
M02-RBL-0320,READING_BLOCKER,阅读阻塞残留,321,证明：L 2 正则化下有限解的充分条件。,src/讲义源码/第02册_基础监督学习方法/chapters/V2-C05.tex,330,305,高,证明前缺少一句路线提示，读者不易预判关键变形,删除内部说明，改成读者可见的一句话：“证明先把目标改写为可比较的两边，再使用上游定义/定理完成关键变形。”并在证明前列出条件与结论。,CURRENT_SOURCE_PASS_B_M02_SYNC_R1,B_M02_CURRENT_SYNC.json
M02-RBL-0321,READING_BLOCKER,阅读阻塞残留,322,优化解释：优化性质。 梯度是一阶矩条件的偏差，最优点满足 X T(p-y) Rw 0。,src/讲义源码/第02册_基础监督学习方法/chapters/V2-C05.tex,347,305,高,缺少可立即代入的最小数值例或非例,删除内部审计句，在“优化解释：优化性质。 梯度是一阶矩条件的偏差，最优点满足 X T(p-y) Rw 0。”后补一个2—3步的最小数值例或反例，并给出一个可立即作答的自检。,CURRENT_SOURCE_PASS_B_M02_SYNC_R1,B_M02_CURRENT_SYNC.json
M02-RBL-0322,READING_BLOCKER,阅读阻塞残留,323,复杂度分析：极大似然与梯度推导。,src/讲义源码/第02册_基础监督学习方法/chapters/V2-C05.tex,421,308,高,边界说明缺少具体失败现象,删除内部审计句，改为四列表：触发条件｜失败现象｜可观察诊断｜修正动作；反例只破坏一个关键条件。,CURRENT_SOURCE_PASS_B_M02_SYNC_R1,B_M02_CURRENT_SYNC.json
M02-RBL-0323,READING_BLOCKER,阅读阻塞残留,324,适用条件与局限：数值优化、例题与练习。,src/讲义源码/第02册_基础监督学习方法/chapters/V2-C05.tex,509,310,高,边界说明缺少具体失败现象,删除内部审计句，改为四列表：触发条件｜失败现象｜可观察诊断｜修正动作；反例只破坏一个关键条件。,CURRENT_SOURCE_PASS_B_M02_SYNC_R1,B_M02_CURRENT_SYNC.json
M02-RBL-0324,READING_BLOCKER,阅读阻塞残留,325,常见错误与误用边界：数值优化、例题与练习。,src/讲义源码/第02册_基础监督学习方法/chapters/V2-C05.tex,524,310,高,边界说明缺少具体失败现象,删除内部审计句，改为四列表：触发条件｜失败现象｜可观察诊断｜修正动作；反例只破坏一个关键条件。,CURRENT_SOURCE_PASS_B_M02_SYNC_R1,B_M02_CURRENT_SYNC.json
M02-RBL-0325,READING_BLOCKER,阅读阻塞残留,326,本章结论与下一步。,src/讲义源码/第02册_基础监督学习方法/chapters/V2-C05.tex,895,303,高,缺少可立即代入的最小数值例或非例,删除内部审计句，在“本章结论与下一步。”后补一个2—3步的最小数值例或反例，并给出一个可立即作答的自检。,CURRENT_SOURCE_PASS_B_M02_SYNC_R1,B_M02_CURRENT_SYNC.json
M02-RBL-0326,READING_BLOCKER,阅读阻塞残留,327,本章地图：最大熵模型。,src/讲义源码/第03册_优化模型与序列模型/chapters/V3-C01.tex,13,318,高,缺少可立即代入的最小数值例或非例,删除内部审计句，在“本章地图：最大熵模型。”后补一个2—3步的最小数值例或反例，并给出一个可立即作答的自检。,CURRENT_SOURCE_PASS_B_M02_SYNC_R1,B_M02_CURRENT_SYNC.json
M02-RBL-0327,READING_BLOCKER,阅读阻塞残留,328,本章可检验学习目标。,src/讲义源码/第03册_优化模型与序列模型/chapters/V3-C01.tex,20,318,高,缺少可立即代入的最小数值例或非例,删除内部审计句，在“本章可检验学习目标。”后补一个2—3步的最小数值例或反例，并给出一个可立即作答的自检。,CURRENT_SOURCE_PASS_B_M02_SYNC_R1,B_M02_CURRENT_SYNC.json
M02-RBL-0328,READING_BLOCKER,阅读阻塞残留,329,先修自检。,src/讲义源码/第03册_优化模型与序列模型/chapters/V3-C01.tex,41,318,高,缺少可立即代入的最小数值例或非例,删除内部审计句，在“先修自检。”后补一个2—3步的最小数值例或反例，并给出一个可立即作答的自检。,CURRENT_SOURCE_PASS_B_M02_SYNC_R1,B_M02_CURRENT_SYNC.json
M02-RBL-0329,READING_BLOCKER,阅读阻塞残留,330,最大熵模型。,src/讲义源码/第03册_优化模型与序列模型/chapters/V3-C01.tex,106,318,高,对象、条件或最小例没有在首次阅读入口中同时出现,删除“需要解决的阅读阻塞/第一步/核验路线”等内部工作语，改为读者自检：“不看正文，能否说出‘最大熵模型。’的对象、条件和结论？不能则回看本节。”,CURRENT_SOURCE_PASS_B_M02_SYNC_R1,B_M02_CURRENT_SYNC.json
M02-RBL-0330,READING_BLOCKER,阅读阻塞残留,331,最大熵原理。,src/讲义源码/第03册_优化模型与序列模型/chapters/V3-C01.tex,116,319,高,对象、条件或最小例没有在首次阅读入口中同时出现,删除“需要解决的阅读阻塞/第一步/核验路线”等内部工作语，改为读者自检：“不看正文，能否说出‘最大熵原理。’的对象、条件和结论？不能则回看本节。”,CURRENT_SOURCE_PASS_B_M02_SYNC_R1,B_M02_CURRENT_SYNC.json
M02-RBL-0331,READING_BLOCKER,阅读阻塞残留,332,证明：最大熵模型的指数形式。,src/讲义源码/第03册_优化模型与序列模型/chapters/V3-C01.tex,188,321,高,证明前缺少一句路线提示，读者不易预判关键变形,删除内部说明，改成读者可见的一句话：“证明先把目标改写为可比较的两边，再使用上游定义/定理完成关键变形。”并在证明前列出条件与结论。,CURRENT_SOURCE_PASS_B_M02_SYNC_R1,B_M02_CURRENT_SYNC.json
M02-RBL-0332,READING_BLOCKER,阅读阻塞残留,333,极大似然估计。,src/讲义源码/第03册_优化模型与序列模型/chapters/V3-C01.tex,203,318,高,对象、条件或最小例没有在首次阅读入口中同时出现,删除“需要解决的阅读阻塞/第一步/核验路线”等内部工作语，改为读者自检：“不看正文，能否说出‘极大似然估计。’的对象、条件和结论？不能则回看本节。”,CURRENT_SOURCE_PASS_B_M02_SYNC_R1,B_M02_CURRENT_SYNC.json
M02-RBL-0333,READING_BLOCKER,阅读阻塞残留,334,模型学习的最优化算法。,src/讲义源码/第03册_优化模型与序列模型/chapters/V3-C01.tex,221,322,高,需把输入、状态、一次更新、停止与输出压缩成首次阅读主线,删除内部审计句，改为“输入—状态—初始化—一次更新—停止—输出”六行首次阅读卡；状态码和故障分支移到实现说明。,CURRENT_SOURCE_PASS_B_M02_SYNC_R1,B_M02_CURRENT_SYNC.json
M02-RBL-0334,READING_BLOCKER,阅读阻塞残留,335,拟牛顿法。,src/讲义源码/第03册_优化模型与序列模型/chapters/V3-C01.tex,241,322,高,需把输入、状态、一次更新、停止与输出压缩成首次阅读主线,删除内部审计句，改为“输入—状态—初始化—一次更新—停止—输出”六行首次阅读卡；状态码和故障分支移到实现说明。,CURRENT_SOURCE_PASS_B_M02_SYNC_R1,B_M02_CURRENT_SYNC.json
M02-RBL-0335,READING_BLOCKER,阅读阻塞残留,336,最大熵模型学习的BFGS算法。,src/讲义源码/第03册_优化模型与序列模型/chapters/V3-C01.tex,245,322,高,需把输入、状态、一次更新、停止与输出压缩成首次阅读主线,删除内部审计句，改为“输入—状态—初始化—一次更新—停止—输出”六行首次阅读卡；状态码和故障分支移到实现说明。,CURRENT_SOURCE_PASS_B_M02_SYNC_R1,B_M02_CURRENT_SYNC.json
M02-RBL-0336,READING_BLOCKER,阅读阻塞残留,337,最大熵模型的定义。,src/讲义源码/第03册_优化模型与序列模型/chapters/V3-C01.tex,269,322,高,对象、条件或最小例没有在首次阅读入口中同时出现,删除“需要解决的阅读阻塞/第一步/核验路线”等内部工作语，改为读者自检：“不看正文，能否说出‘最大熵模型的定义。’的对象、条件和结论？不能则回看本节。”,CURRENT_SOURCE_PASS_B_M02_SYNC_R1,B_M02_CURRENT_SYNC.json
M02-RBL-0337,READING_BLOCKER,阅读阻塞残留,338,满足经验约束的最大熵条件模型。,src/讲义源码/第03册_优化模型与序列模型/chapters/V3-C01.tex,289,324,高,对象、条件或最小例没有在首次阅读入口中同时出现,删除“需要解决的阅读阻塞/第一步/核验路线”等内部工作语，改为读者自检：“不看正文，能否说出‘满足经验约束的最大熵条件模型。’的对象、条件和结论？不能则回看本节。”,CURRENT_SOURCE_PASS_B_M02_SYNC_R1,B_M02_CURRENT_SYNC.json
M02-RBL-0338,READING_BLOCKER,阅读阻塞残留,339,条件最大熵模型。,src/讲义源码/第03册_优化模型与序列模型/chapters/V3-C01.tex,295,323,高,缺少可立即代入的最小数值例或非例,删除内部审计句，在“条件最大熵模型。”后补一个2—3步的最小数值例或反例，并给出一个可立即作答的自检。,CURRENT_SOURCE_PASS_B_M02_SYNC_R1,B_M02_CURRENT_SYNC.json
M02-RBL-0339,READING_BLOCKER,阅读阻塞残留,340,最大熵模型的学习。,src/讲义源码/第03册_优化模型与序列模型/chapters/V3-C01.tex,316,324,高,对象、条件或最小例没有在首次阅读入口中同时出现,删除“需要解决的阅读阻塞/第一步/核验路线”等内部工作语，改为读者自检：“不看正文，能否说出‘最大熵模型的学习。’的对象、条件和结论？不能则回看本节。”,CURRENT_SOURCE_PASS_B_M02_SYNC_R1,B_M02_CURRENT_SYNC.json
M02-RBL-0340,READING_BLOCKER,阅读阻塞残留,341,复杂度分析：约束与指数族形式。,src/讲义源码/第03册_优化模型与序列模型/chapters/V3-C01.tex,353,325,高,边界说明缺少具体失败现象,删除内部审计句，改为四列表：触发条件｜失败现象｜可观察诊断｜修正动作；反例只破坏一个关键条件。,CURRENT_SOURCE_PASS_B_M02_SYNC_R1,B_M02_CURRENT_SYNC.json
M02-RBL-0341,READING_BLOCKER,阅读阻塞残留,342,复杂度分析：约束与指数族形式。,src/讲义源码/第03册_优化模型与序列模型/chapters/V3-C01.tex,403,325,高,边界说明缺少具体失败现象,删除内部审计句，改为四列表：触发条件｜失败现象｜可观察诊断｜修正动作；反例只破坏一个关键条件。,CURRENT_SOURCE_PASS_B_M02_SYNC_R1,B_M02_CURRENT_SYNC.json
M02-RBL-0342,READING_BLOCKER,阅读阻塞残留,343,改进的迭代尺度法。,src/讲义源码/第03册_优化模型与序列模型/chapters/V3-C01.tex,413,324,高,需把输入、状态、一次更新、停止与输出压缩成首次阅读主线,删除内部审计句，改为“输入—状态—初始化—一次更新—停止—输出”六行首次阅读卡；状态码和故障分支移到实现说明。,CURRENT_SOURCE_PASS_B_M02_SYNC_R1,B_M02_CURRENT_SYNC.json
M02-RBL-0343,READING_BLOCKER,阅读阻塞残留,344,改进的迭代尺度算法IIS。,src/讲义源码/第03册_优化模型与序列模型/chapters/V3-C01.tex,417,328,高,需把输入、状态、一次更新、停止与输出压缩成首次阅读主线,删除内部审计句，改为“输入—状态—初始化—一次更新—停止—输出”六行首次阅读卡；状态码和故障分支移到实现说明。,CURRENT_SOURCE_PASS_B_M02_SYNC_R1,B_M02_CURRENT_SYNC.json
M02-RBL-0344,READING_BLOCKER,阅读阻塞残留,345,适用条件与局限：例题、优化计算与练习。,src/讲义源码/第03册_优化模型与序列模型/chapters/V3-C01.tex,615,332,高,边界说明缺少具体失败现象,删除内部审计句，改为四列表：触发条件｜失败现象｜可观察诊断｜修正动作；反例只破坏一个关键条件。,CURRENT_SOURCE_PASS_B_M02_SYNC_R1,B_M02_CURRENT_SYNC.json
M02-RBL-0345,READING_BLOCKER,阅读阻塞残留,346,常见错误与误用边界：例题、优化计算与练习。,src/讲义源码/第03册_优化模型与序列模型/chapters/V3-C01.tex,630,333,高,边界说明缺少具体失败现象,删除内部审计句，改为四列表：触发条件｜失败现象｜可观察诊断｜修正动作；反例只破坏一个关键条件。,CURRENT_SOURCE_PASS_B_M02_SYNC_R1,B_M02_CURRENT_SYNC.json
M02-RBL-0346,READING_BLOCKER,阅读阻塞残留,347,本章结论与下一步。,src/讲义源码/第03册_优化模型与序列模型/chapters/V3-C01.tex,1203,331,高,缺少可立即代入的最小数值例或非例,删除内部审计句，在“本章结论与下一步。”后补一个2—3步的最小数值例或反例，并给出一个可立即作答的自检。,CURRENT_SOURCE_PASS_B_M02_SYNC_R1,B_M02_CURRENT_SYNC.json
M02-RBL-0347,READING_BLOCKER,阅读阻塞残留,348,本章地图：支持向量机。,src/讲义源码/第03册_优化模型与序列模型/chapters/V3-C02.tex,13,342,高,缺少可立即代入的最小数值例或非例,删除内部审计句，在“本章地图：支持向量机。”后补一个2—3步的最小数值例或反例，并给出一个可立即作答的自检。,CURRENT_SOURCE_PASS_B_M02_SYNC_R1,B_M02_CURRENT_SYNC.json
M02-RBL-0348,READING_BLOCKER,阅读阻塞残留,349,本章可检验学习目标。,src/讲义源码/第03册_优化模型与序列模型/chapters/V3-C02.tex,20,342,高,缺少可立即代入的最小数值例或非例,删除内部审计句，在“本章可检验学习目标。”后补一个2—3步的最小数值例或反例，并给出一个可立即作答的自检。,CURRENT_SOURCE_PASS_B_M02_SYNC_R1,B_M02_CURRENT_SYNC.json
M02-RBL-0349,READING_BLOCKER,阅读阻塞残留,350,最短先修。,src/讲义源码/第03册_优化模型与序列模型/chapters/V3-C02.tex,35,342,高,缺少可立即代入的最小数值例或非例,删除内部审计句，在“最短先修。”后补一个2—3步的最小数值例或反例，并给出一个可立即作答的自检。,CURRENT_SOURCE_PASS_B_M02_SYNC_R1,B_M02_CURRENT_SYNC.json
M02-RBL-0350,READING_BLOCKER,阅读阻塞残留,351,先修自检。,src/讲义源码/第03册_优化模型与序列模型/chapters/V3-C02.tex,45,342,高,缺少可立即代入的最小数值例或非例,删除内部审计句，在“先修自检。”后补一个2—3步的最小数值例或反例，并给出一个可立即作答的自检。,CURRENT_SOURCE_PASS_B_M02_SYNC_R1,B_M02_CURRENT_SYNC.json
M02-RBL-0351,READING_BLOCKER,阅读阻塞残留,352,依赖路线。,src/讲义源码/第03册_优化模型与序列模型/chapters/V3-C02.tex,61,342,高,缺少可立即代入的最小数值例或非例,删除内部审计句，在“依赖路线。”后补一个2—3步的最小数值例或反例，并给出一个可立即作答的自检。,CURRENT_SOURCE_PASS_B_M02_SYNC_R1,B_M02_CURRENT_SYNC.json
M02-RBL-0352,READING_BLOCKER,阅读阻塞残留,353,支持向量机。,src/讲义源码/第03册_优化模型与序列模型/chapters/V3-C02.tex,114,342,高,对象、条件或最小例没有在首次阅读入口中同时出现,删除“需要解决的阅读阻塞/第一步/核验路线”等内部工作语，改为读者自检：“不看正文，能否说出‘支持向量机。’的对象、条件和结论？不能则回看本节。”,CURRENT_SOURCE_PASS_B_M02_SYNC_R1,B_M02_CURRENT_SYNC.json
M02-RBL-0353,READING_BLOCKER,阅读阻塞残留,354,线性可分支持向量机与硬间隔最大化。,src/讲义源码/第03册_优化模型与序列模型/chapters/V3-C02.tex,124,344,高,对象、条件或最小例没有在首次阅读入口中同时出现,删除“需要解决的阅读阻塞/第一步/核验路线”等内部工作语，改为读者自检：“不看正文，能否说出‘线性可分支持向量机与硬间隔最大化。’的对象、条件和结论？不能则回看本节。”,CURRENT_SOURCE_PASS_B_M02_SYNC_R1,B_M02_CURRENT_SYNC.json
M02-RBL-0354,READING_BLOCKER,阅读阻塞残留,355,线性可分支持向量机。,src/讲义源码/第03册_优化模型与序列模型/chapters/V3-C02.tex,132,343,高,对象、条件或最小例没有在首次阅读入口中同时出现,删除“需要解决的阅读阻塞/第一步/核验路线”等内部工作语，改为读者自检：“不看正文，能否说出‘线性可分支持向量机。’的对象、条件和结论？不能则回看本节。”,CURRENT_SOURCE_PASS_B_M02_SYNC_R1,B_M02_CURRENT_SYNC.json
M02-RBL-0355,READING_BLOCKER,阅读阻塞残留,356,函数间隔和几何间隔。,src/讲义源码/第03册_优化模型与序列模型/chapters/V3-C02.tex,158,343,高,对象、条件或最小例没有在首次阅读入口中同时出现,删除“需要解决的阅读阻塞/第一步/核验路线”等内部工作语，改为读者自检：“不看正文，能否说出‘函数间隔和几何间隔。’的对象、条件和结论？不能则回看本节。”,CURRENT_SOURCE_PASS_B_M02_SYNC_R1,B_M02_CURRENT_SYNC.json
M02-RBL-0356,READING_BLOCKER,阅读阻塞残留,357,函数间隔。,src/讲义源码/第03册_优化模型与序列模型/chapters/V3-C02.tex,162,343,高,对象、条件或最小例没有在首次阅读入口中同时出现,删除“需要解决的阅读阻塞/第一步/核验路线”等内部工作语，改为读者自检：“不看正文，能否说出‘函数间隔。’的对象、条件和结论？不能则回看本节。”,CURRENT_SOURCE_PASS_B_M02_SYNC_R1,B_M02_CURRENT_SYNC.json
M02-RBL-0357,READING_BLOCKER,阅读阻塞残留,358,几何间隔。,src/讲义源码/第03册_优化模型与序列模型/chapters/V3-C02.tex,178,345,高,对象、条件或最小例没有在首次阅读入口中同时出现,删除“需要解决的阅读阻塞/第一步/核验路线”等内部工作语，改为读者自检：“不看正文，能否说出‘几何间隔。’的对象、条件和结论？不能则回看本节。”,CURRENT_SOURCE_PASS_B_M02_SYNC_R1,B_M02_CURRENT_SYNC.json
M02-RBL-0358,READING_BLOCKER,阅读阻塞残留,359,间隔最大化。,src/讲义源码/第03册_优化模型与序列模型/chapters/V3-C02.tex,194,345,高,对象、条件或最小例没有在首次阅读入口中同时出现,删除“需要解决的阅读阻塞/第一步/核验路线”等内部工作语，改为读者自检：“不看正文，能否说出‘间隔最大化。’的对象、条件和结论？不能则回看本节。”,CURRENT_SOURCE_PASS_B_M02_SYNC_R1,B_M02_CURRENT_SYNC.json
M02-RBL-0359,READING_BLOCKER,阅读阻塞残留,360,线性可分支持向量机的规范定义。,src/讲义源码/第03册_优化模型与序列模型/chapters/V3-C02.tex,198,345,高,对象、条件或最小例没有在首次阅读入口中同时出现,删除“需要解决的阅读阻塞/第一步/核验路线”等内部工作语，改为读者自检：“不看正文，能否说出‘线性可分支持向量机的规范定义。’的对象、条件和结论？不能则回看本节。”,CURRENT_SOURCE_PASS_B_M02_SYNC_R1,B_M02_CURRENT_SYNC.json
M02-RBL-0360,READING_BLOCKER,阅读阻塞残留,361,线性可分支持向量机学习算法——最大间隔法。,src/讲义源码/第03册_优化模型与序列模型/chapters/V3-C02.tex,232,346,高,需把输入、状态、一次更新、停止与输出压缩成首次阅读主线,删除内部审计句，改为“输入—状态—初始化—一次更新—停止—输出”六行首次阅读卡；状态码和故障分支移到实现说明。,CURRENT_SOURCE_PASS_B_M02_SYNC_R1,B_M02_CURRENT_SYNC.json
M02-RBL-0361,READING_BLOCKER,阅读阻塞残留,362,最大间隔分离超平面的存在唯一性。,src/讲义源码/第03册_优化模型与序列模型/chapters/V3-C02.tex,240,346,高,对象、条件或最小例没有在首次阅读入口中同时出现,删除“需要解决的阅读阻塞/第一步/核验路线”等内部工作语，改为读者自检：“不看正文，能否说出‘最大间隔分离超平面的存在唯一性。’的对象、条件和结论？不能则回看本节。”,CURRENT_SOURCE_PASS_B_M02_SYNC_R1,B_M02_CURRENT_SYNC.json
M02-RBL-0362,READING_BLOCKER,阅读阻塞残留,363,证明：最大间隔超平面的存在唯一性。,src/讲义源码/第03册_优化模型与序列模型/chapters/V3-C02.tex,252,347,高,证明前缺少一句路线提示，读者不易预判关键变形,删除内部说明，改成读者可见的一句话：“证明先把目标改写为可比较的两边，再使用上游定义/定理完成关键变形。”并在证明前列出条件与结论。,CURRENT_SOURCE_PASS_B_M02_SYNC_R1,B_M02_CURRENT_SYNC.json
M02-RBL-0363,READING_BLOCKER,阅读阻塞残留,364,学习的对偶算法。,src/讲义源码/第03册_优化模型与序列模型/chapters/V3-C02.tex,303,346,高,需把输入、状态、一次更新、停止与输出压缩成首次阅读主线,删除内部审计句，改为“输入—状态—初始化—一次更新—停止—输出”六行首次阅读卡；状态码和故障分支移到实现说明。,CURRENT_SOURCE_PASS_B_M02_SYNC_R1,B_M02_CURRENT_SYNC.json
M02-RBL-0364,READING_BLOCKER,阅读阻塞残留,365,由对偶解恢复硬间隔原始解。,src/讲义源码/第03册_优化模型与序列模型/chapters/V3-C02.tex,340,348,高,对象、条件或最小例没有在首次阅读入口中同时出现,删除“需要解决的阅读阻塞/第一步/核验路线”等内部工作语，改为读者自检：“不看正文，能否说出‘由对偶解恢复硬间隔原始解。’的对象、条件和结论？不能则回看本节。”,CURRENT_SOURCE_PASS_B_M02_SYNC_R1,B_M02_CURRENT_SYNC.json
M02-RBL-0365,READING_BLOCKER,阅读阻塞残留,366,证明：由硬间隔对偶解恢复分类器。,src/讲义源码/第03册_优化模型与序列模型/chapters/V3-C02.tex,354,349,高,证明前缺少一句路线提示，读者不易预判关键变形,删除内部说明，改成读者可见的一句话：“证明先把目标改写为可比较的两边，再使用上游定义/定理完成关键变形。”并在证明前列出条件与结论。,CURRENT_SOURCE_PASS_B_M02_SYNC_R1,B_M02_CURRENT_SYNC.json
M02-RBL-0366,READING_BLOCKER,阅读阻塞残留,367,线性可分支持向量机学习算法。,src/讲义源码/第03册_优化模型与序列模型/chapters/V3-C02.tex,365,348,高,需把输入、状态、一次更新、停止与输出压缩成首次阅读主线,删除内部审计句，改为“输入—状态—初始化—一次更新—停止—输出”六行首次阅读卡；状态码和故障分支移到实现说明。,CURRENT_SOURCE_PASS_B_M02_SYNC_R1,B_M02_CURRENT_SYNC.json
M02-RBL-0367,READING_BLOCKER,阅读阻塞残留,368,支持向量。,src/讲义源码/第03册_优化模型与序列模型/chapters/V3-C02.tex,376,348,高,对象、条件或最小例没有在首次阅读入口中同时出现,删除“需要解决的阅读阻塞/第一步/核验路线”等内部工作语，改为读者自检：“不看正文，能否说出‘支持向量。’的对象、条件和结论？不能则回看本节。”,CURRENT_SOURCE_PASS_B_M02_SYNC_R1,B_M02_CURRENT_SYNC.json
M02-RBL-0368,READING_BLOCKER,阅读阻塞残留,369,线性支持向量机与软间隔最大化。,src/讲义源码/第03册_优化模型与序列模型/chapters/V3-C02.tex,387,348,高,对象、条件或最小例没有在首次阅读入口中同时出现,删除“需要解决的阅读阻塞/第一步/核验路线”等内部工作语，改为读者自检：“不看正文，能否说出‘线性支持向量机与软间隔最大化。’的对象、条件和结论？不能则回看本节。”,CURRENT_SOURCE_PASS_B_M02_SYNC_R1,B_M02_CURRENT_SYNC.json
M02-RBL-0369,READING_BLOCKER,阅读阻塞残留,370,线性支持向量机。,src/讲义源码/第03册_优化模型与序列模型/chapters/V3-C02.tex,397,350,高,对象、条件或最小例没有在首次阅读入口中同时出现,删除“需要解决的阅读阻塞/第一步/核验路线”等内部工作语，改为读者自检：“不看正文，能否说出‘线性支持向量机。’的对象、条件和结论？不能则回看本节。”,CURRENT_SOURCE_PASS_B_M02_SYNC_R1,B_M02_CURRENT_SYNC.json
M02-RBL-0370,READING_BLOCKER,阅读阻塞残留,371,线性支持向量机的定义。,src/讲义源码/第03册_优化模型与序列模型/chapters/V3-C02.tex,401,350,高,对象、条件或最小例没有在首次阅读入口中同时出现,删除“需要解决的阅读阻塞/第一步/核验路线”等内部工作语，改为读者自检：“不看正文，能否说出‘线性支持向量机的定义。’的对象、条件和结论？不能则回看本节。”,CURRENT_SOURCE_PASS_B_M02_SYNC_R1,B_M02_CURRENT_SYNC.json
M02-RBL-0371,READING_BLOCKER,阅读阻塞残留,372,软间隔学习的对偶算法。,src/讲义源码/第03册_优化模型与序列模型/chapters/V3-C02.tex,418,350,高,需把输入、状态、一次更新、停止与输出压缩成首次阅读主线,删除内部审计句，改为“输入—状态—初始化—一次更新—停止—输出”六行首次阅读卡；状态码和故障分支移到实现说明。,CURRENT_SOURCE_PASS_B_M02_SYNC_R1,B_M02_CURRENT_SYNC.json
M02-RBL-0372,READING_BLOCKER,阅读阻塞残留,373,由软间隔对偶解恢复原始解。,src/讲义源码/第03册_优化模型与序列模型/chapters/V3-C02.tex,439,351,高,对象、条件或最小例没有在首次阅读入口中同时出现,删除“需要解决的阅读阻塞/第一步/核验路线”等内部工作语，改为读者自检：“不看正文，能否说出‘由软间隔对偶解恢复原始解。’的对象、条件和结论？不能则回看本节。”,CURRENT_SOURCE_PASS_B_M02_SYNC_R1,B_M02_CURRENT_SYNC.json
M02-RBL-0373,READING_BLOCKER,阅读阻塞残留,374,线性支持向量机学习算法。,src/讲义源码/第03册_优化模型与序列模型/chapters/V3-C02.tex,452,351,高,需把输入、状态、一次更新、停止与输出压缩成首次阅读主线,删除内部审计句，改为“输入—状态—初始化—一次更新—停止—输出”六行首次阅读卡；状态码和故障分支移到实现说明。,CURRENT_SOURCE_PASS_B_M02_SYNC_R1,B_M02_CURRENT_SYNC.json
M02-RBL-0374,READING_BLOCKER,阅读阻塞残留,375,软间隔支持向量。,src/讲义源码/第03册_优化模型与序列模型/chapters/V3-C02.tex,460,350,高,对象、条件或最小例没有在首次阅读入口中同时出现,删除“需要解决的阅读阻塞/第一步/核验路线”等内部工作语，改为读者自检：“不看正文，能否说出‘软间隔支持向量。’的对象、条件和结论？不能则回看本节。”,CURRENT_SOURCE_PASS_B_M02_SYNC_R1,B_M02_CURRENT_SYNC.json
M02-RBL-0375,READING_BLOCKER,阅读阻塞残留,376,合页损失函数。,src/讲义源码/第03册_优化模型与序列模型/chapters/V3-C02.tex,477,350,高,对象、条件或最小例没有在首次阅读入口中同时出现,删除“需要解决的阅读阻塞/第一步/核验路线”等内部工作语，改为读者自检：“不看正文，能否说出‘合页损失函数。’的对象、条件和结论？不能则回看本节。”,CURRENT_SOURCE_PASS_B_M02_SYNC_R1,B_M02_CURRENT_SYNC.json
M02-RBL-0376,READING_BLOCKER,阅读阻塞残留,377,线性支持向量机原始最优化问题。,src/讲义源码/第03册_优化模型与序列模型/chapters/V3-C02.tex,490,352,高,对象、条件或最小例没有在首次阅读入口中同时出现,删除“需要解决的阅读阻塞/第一步/核验路线”等内部工作语，改为读者自检：“不看正文，能否说出‘线性支持向量机原始最优化问题。’的对象、条件和结论？不能则回看本节。”,CURRENT_SOURCE_PASS_B_M02_SYNC_R1,B_M02_CURRENT_SYNC.json
M02-RBL-0377,READING_BLOCKER,阅读阻塞残留,378,软间隔原始问题与合页损失等价。,src/讲义源码/第03册_优化模型与序列模型/chapters/V3-C02.tex,496,353,高,定理陈述中的对象与条件入口不够醒目,删除“需要解决的阅读阻塞/第一步/核验路线”等内部工作语，改为读者自检：“不看正文，能否说出‘软间隔原始问题与合页损失等价。’的对象、条件和结论？不能则回看本节。”,CURRENT_SOURCE_PASS_B_M02_SYNC_R1,B_M02_CURRENT_SYNC.json
M02-RBL-0378,READING_BLOCKER,阅读阻塞残留,379,证明：软间隔原始问题与合页损失等价。,src/讲义源码/第03册_优化模型与序列模型/chapters/V3-C02.tex,508,353,高,证明前缺少一句路线提示，读者不易预判关键变形,删除内部说明，改成读者可见的一句话：“证明先把目标改写为可比较的两边，再使用上游定义/定理完成关键变形。”并在证明前列出条件与结论。,CURRENT_SOURCE_PASS_B_M02_SYNC_R1,B_M02_CURRENT_SYNC.json
M02-RBL-0379,READING_BLOCKER,阅读阻塞残留,380,非线性支持向量机与核函数。,src/讲义源码/第03册_优化模型与序列模型/chapters/V3-C02.tex,520,353,高,对象、条件或最小例没有在首次阅读入口中同时出现,删除“需要解决的阅读阻塞/第一步/核验路线”等内部工作语，改为读者自检：“不看正文，能否说出‘非线性支持向量机与核函数。’的对象、条件和结论？不能则回看本节。”,CURRENT_SOURCE_PASS_B_M02_SYNC_R1,B_M02_CURRENT_SYNC.json
M02-RBL-0380,READING_BLOCKER,阅读阻塞残留,381,核技巧。,src/讲义源码/第03册_优化模型与序列模型/chapters/V3-C02.tex,529,352,高,对象、条件或最小例没有在首次阅读入口中同时出现,删除“需要解决的阅读阻塞/第一步/核验路线”等内部工作语，改为读者自检：“不看正文，能否说出‘核技巧。’的对象、条件和结论？不能则回看本节。”,CURRENT_SOURCE_PASS_B_M02_SYNC_R1,B_M02_CURRENT_SYNC.json
M02-RBL-0381,READING_BLOCKER,阅读阻塞残留,382,核函数的定义。,src/讲义源码/第03册_优化模型与序列模型/chapters/V3-C02.tex,537,352,高,对象、条件或最小例没有在首次阅读入口中同时出现,删除“需要解决的阅读阻塞/第一步/核验路线”等内部工作语，改为读者自检：“不看正文，能否说出‘核函数的定义。’的对象、条件和结论？不能则回看本节。”,CURRENT_SOURCE_PASS_B_M02_SYNC_R1,B_M02_CURRENT_SYNC.json
M02-RBL-0382,READING_BLOCKER,阅读阻塞残留,383,正定核。,src/讲义源码/第03册_优化模型与序列模型/chapters/V3-C02.tex,551,352,高,对象、条件或最小例没有在首次阅读入口中同时出现,删除“需要解决的阅读阻塞/第一步/核验路线”等内部工作语，改为读者自检：“不看正文，能否说出‘正定核。’的对象、条件和结论？不能则回看本节。”,CURRENT_SOURCE_PASS_B_M02_SYNC_R1,B_M02_CURRENT_SYNC.json
M02-RBL-0383,READING_BLOCKER,阅读阻塞残留,384,正定核的充要条件。,src/讲义源码/第03册_优化模型与序列模型/chapters/V3-C02.tex,555,352,高,对象、条件或最小例没有在首次阅读入口中同时出现,删除“需要解决的阅读阻塞/第一步/核验路线”等内部工作语，改为读者自检：“不看正文，能否说出‘正定核的充要条件。’的对象、条件和结论？不能则回看本节。”,CURRENT_SOURCE_PASS_B_M02_SYNC_R1,B_M02_CURRENT_SYNC.json
M02-RBL-0384,READING_BLOCKER,阅读阻塞残留,385,证明：正定核的Gram矩阵判据。,src/讲义源码/第03册_优化模型与序列模型/chapters/V3-C02.tex,565,354,高,证明前缺少一句路线提示，读者不易预判关键变形,删除内部说明，改成读者可见的一句话：“证明先把目标改写为可比较的两边，再使用上游定义/定理完成关键变形。”并在证明前列出条件与结论。,CURRENT_SOURCE_PASS_B_M02_SYNC_R1,B_M02_CURRENT_SYNC.json
M02-RBL-0385,READING_BLOCKER,阅读阻塞残留,386,常用核函数。,src/讲义源码/第03册_优化模型与序列模型/chapters/V3-C02.tex,579,352,高,对象、条件或最小例没有在首次阅读入口中同时出现,删除“需要解决的阅读阻塞/第一步/核验路线”等内部工作语，改为读者自检：“不看正文，能否说出‘常用核函数。’的对象、条件和结论？不能则回看本节。”,CURRENT_SOURCE_PASS_B_M02_SYNC_R1,B_M02_CURRENT_SYNC.json
M02-RBL-0386,READING_BLOCKER,阅读阻塞残留,387,正定核的等价定义。,src/讲义源码/第03册_优化模型与序列模型/chapters/V3-C02.tex,594,352,高,对象、条件或最小例没有在首次阅读入口中同时出现,删除“需要解决的阅读阻塞/第一步/核验路线”等内部工作语，改为读者自检：“不看正文，能否说出‘正定核的等价定义。’的对象、条件和结论？不能则回看本节。”,CURRENT_SOURCE_PASS_B_M02_SYNC_R1,B_M02_CURRENT_SYNC.json
M02-RBL-0387,READING_BLOCKER,阅读阻塞残留,388,非线性支持向量分类机。,src/讲义源码/第03册_优化模型与序列模型/chapters/V3-C02.tex,603,355,高,对象、条件或最小例没有在首次阅读入口中同时出现,删除“需要解决的阅读阻塞/第一步/核验路线”等内部工作语，改为读者自检：“不看正文，能否说出‘非线性支持向量分类机。’的对象、条件和结论？不能则回看本节。”,CURRENT_SOURCE_PASS_B_M02_SYNC_R1,B_M02_CURRENT_SYNC.json
M02-RBL-0388,READING_BLOCKER,阅读阻塞残留,389,非线性支持向量机学习算法。,src/讲义源码/第03册_优化模型与序列模型/chapters/V3-C02.tex,607,355,高,需把输入、状态、一次更新、停止与输出压缩成首次阅读主线,删除内部审计句，改为“输入—状态—初始化—一次更新—停止—输出”六行首次阅读卡；状态码和故障分支移到实现说明。,CURRENT_SOURCE_PASS_B_M02_SYNC_R1,B_M02_CURRENT_SYNC.json
M02-RBL-0389,READING_BLOCKER,阅读阻塞残留,390,非线性支持向量机的定义。,src/讲义源码/第03册_优化模型与序列模型/chapters/V3-C02.tex,617,356,高,对象、条件或最小例没有在首次阅读入口中同时出现,删除“需要解决的阅读阻塞/第一步/核验路线”等内部工作语，改为读者自检：“不看正文，能否说出‘非线性支持向量机的定义。’的对象、条件和结论？不能则回看本节。”,CURRENT_SOURCE_PASS_B_M02_SYNC_R1,B_M02_CURRENT_SYNC.json
M02-RBL-0390,READING_BLOCKER,阅读阻塞残留,391,非线性支持向量机。,src/讲义源码/第03册_优化模型与序列模型/chapters/V3-C02.tex,623,352,高,缺少可立即代入的最小数值例或非例；短段落内符号密度高，但符号角色未逐一落地,删除内部审计句，在“非线性支持向量机。”后补一个2—3步的最小数值例或反例，并给出一个可立即作答的自检。,CURRENT_SOURCE_PASS_B_M02_SYNC_R1,B_M02_CURRENT_SYNC.json
M02-RBL-0391,READING_BLOCKER,阅读阻塞残留,392,序列最小最优化算法。,src/讲义源码/第03册_优化模型与序列模型/chapters/V3-C02.tex,648,352,高,需把输入、状态、一次更新、停止与输出压缩成首次阅读主线,删除内部审计句，改为“输入—状态—初始化—一次更新—停止—输出”六行首次阅读卡；状态码和故障分支移到实现说明。,CURRENT_SOURCE_PASS_B_M02_SYNC_R1,B_M02_CURRENT_SYNC.json
M02-RBL-0392,READING_BLOCKER,阅读阻塞残留,393,SMO变量的选择方法。,src/讲义源码/第03册_优化模型与序列模型/chapters/V3-C02.tex,683,357,高,对象、条件或最小例没有在首次阅读入口中同时出现,删除“需要解决的阅读阻塞/第一步/核验路线”等内部工作语，改为读者自检：“不看正文，能否说出‘SMO变量的选择方法。’的对象、条件和结论？不能则回看本节。”,CURRENT_SOURCE_PASS_B_M02_SYNC_R1,B_M02_CURRENT_SYNC.json
M02-RBL-0393,READING_BLOCKER,阅读阻塞残留,394,SMO算法。,src/讲义源码/第03册_优化模型与序列模型/chapters/V3-C02.tex,691,352,高,需把输入、状态、一次更新、停止与输出压缩成首次阅读主线,删除内部审计句，改为“输入—状态—初始化—一次更新—停止—输出”六行首次阅读卡；状态码和故障分支移到实现说明。,CURRENT_SOURCE_PASS_B_M02_SYNC_R1,B_M02_CURRENT_SYNC.json
M02-RBL-0394,READING_BLOCKER,阅读阻塞残留,395,SMO算法的完整流程。,src/讲义源码/第03册_优化模型与序列模型/chapters/V3-C02.tex,695,357,高,需把输入、状态、一次更新、停止与输出压缩成首次阅读主线,删除内部审计句，改为“输入—状态—初始化—一次更新—停止—输出”六行首次阅读卡；状态码和故障分支移到实现说明。,CURRENT_SOURCE_PASS_B_M02_SYNC_R1,B_M02_CURRENT_SYNC.json
M02-RBL-0395,READING_BLOCKER,阅读阻塞残留,396,不适用说明：证明、例题与练习。,src/讲义源码/第03册_优化模型与序列模型/chapters/V3-C02.tex,856,362,高,边界说明缺少具体失败现象,删除内部审计句，改为四列表：触发条件｜失败现象｜可观察诊断｜修正动作；反例只破坏一个关键条件。,CURRENT_SOURCE_PASS_B_M02_SYNC_R1,B_M02_CURRENT_SYNC.json
M02-RBL-0396,READING_BLOCKER,阅读阻塞残留,397,概率解释：标准支持向量机优化间隔而非条件似然，因此 g(x) 及 signg(x) 没有内生的概……。,src/讲义源码/第03册_优化模型与序列模型/chapters/V3-C02.tex,865,363,高,缺少可立即代入的最小数值例或非例,删除内部审计句，在“概率解释：标准支持向量机优化间隔而非条件似然，因此 g(x) 及 signg(x) 没有内生的概……。”后补一个2—3步的最小数值例或反例，并给出一个可立即作答的自检。,CURRENT_SOURCE_PASS_B_M02_SYNC_R1,B_M02_CURRENT_SYNC.json
M02-RBL-0397,READING_BLOCKER,阅读阻塞残留,398,常见错误与误用边界：证明、例题与练习。,src/讲义源码/第03册_优化模型与序列模型/chapters/V3-C02.tex,875,363,高,边界说明缺少具体失败现象,删除内部审计句，改为四列表：触发条件｜失败现象｜可观察诊断｜修正动作；反例只破坏一个关键条件。,CURRENT_SOURCE_PASS_B_M02_SYNC_R1,B_M02_CURRENT_SYNC.json
M02-RBL-0398,READING_BLOCKER,阅读阻塞残留,399,本章结论与下一步。,src/讲义源码/第03册_优化模型与序列模型/chapters/V3-C02.tex,1384,370,高,缺少可立即代入的最小数值例或非例,删除内部审计句，在“本章结论与下一步。”后补一个2—3步的最小数值例或反例，并给出一个可立即作答的自检。,CURRENT_SOURCE_PASS_B_M02_SYNC_R1,B_M02_CURRENT_SYNC.json
M02-RBL-0399,READING_BLOCKER,阅读阻塞残留,400,本章地图：提升方法。,src/讲义源码/第03册_优化模型与序列模型/chapters/V3-C03.tex,14,372,高,缺少可立即代入的最小数值例或非例,删除内部审计句，在“本章地图：提升方法。”后补一个2—3步的最小数值例或反例，并给出一个可立即作答的自检。,CURRENT_SOURCE_PASS_B_M02_SYNC_R1,B_M02_CURRENT_SYNC.json
M02-RBL-0400,READING_BLOCKER,阅读阻塞残留,401,本章可检验学习目标。,src/讲义源码/第03册_优化模型与序列模型/chapters/V3-C03.tex,21,372,高,缺少可立即代入的最小数值例或非例,删除内部审计句，在“本章可检验学习目标。”后补一个2—3步的最小数值例或反例，并给出一个可立即作答的自检。,CURRENT_SOURCE_PASS_B_M02_SYNC_R1,B_M02_CURRENT_SYNC.json
M02-RBL-0401,READING_BLOCKER,阅读阻塞残留,402,最短先修。,src/讲义源码/第03册_优化模型与序列模型/chapters/V3-C03.tex,36,372,高,缺少可立即代入的最小数值例或非例,删除内部审计句，在“最短先修。”后补一个2—3步的最小数值例或反例，并给出一个可立即作答的自检。,CURRENT_SOURCE_PASS_B_M02_SYNC_R1,B_M02_CURRENT_SYNC.json
M02-RBL-0402,READING_BLOCKER,阅读阻塞残留,403,先修自检。,src/讲义源码/第03册_优化模型与序列模型/chapters/V3-C03.tex,46,372,高,缺少可立即代入的最小数值例或非例,删除内部审计句，在“先修自检。”后补一个2—3步的最小数值例或反例，并给出一个可立即作答的自检。,CURRENT_SOURCE_PASS_B_M02_SYNC_R1,B_M02_CURRENT_SYNC.json
M02-RBL-0403,READING_BLOCKER,阅读阻塞残留,404,依赖路线。,src/讲义源码/第03册_优化模型与序列模型/chapters/V3-C03.tex,62,372,高,缺少可立即代入的最小数值例或非例,删除内部审计句，在“依赖路线。”后补一个2—3步的最小数值例或反例，并给出一个可立即作答的自检。,CURRENT_SOURCE_PASS_B_M02_SYNC_R1,B_M02_CURRENT_SYNC.json
M02-RBL-0404,READING_BLOCKER,阅读阻塞残留,405,提升方法的基本思路。,src/讲义源码/第03册_优化模型与序列模型/chapters/V3-C03.tex,125,374,高,对象、条件或最小例没有在首次阅读入口中同时出现,删除“需要解决的阅读阻塞/第一步/核验路线”等内部工作语，改为读者自检：“不看正文，能否说出‘提升方法的基本思路。’的对象、条件和结论？不能则回看本节。”,CURRENT_SOURCE_PASS_B_M02_SYNC_R1,B_M02_CURRENT_SYNC.json
M02-RBL-0405,READING_BLOCKER,阅读阻塞残留,406,提升方法AdaBoost算法。,src/讲义源码/第03册_优化模型与序列模型/chapters/V3-C03.tex,148,374,高,需把输入、状态、一次更新、停止与输出压缩成首次阅读主线,删除内部审计句，改为“输入—状态—初始化—一次更新—停止—输出”六行首次阅读卡；状态码和故障分支移到实现说明。,CURRENT_SOURCE_PASS_B_M02_SYNC_R1,B_M02_CURRENT_SYNC.json
M02-RBL-0406,READING_BLOCKER,阅读阻塞残留,407,AdaBoost算法。,src/讲义源码/第03册_优化模型与序列模型/chapters/V3-C03.tex,169,374,高,需把输入、状态、一次更新、停止与输出压缩成首次阅读主线,删除内部审计句，改为“输入—状态—初始化—一次更新—停止—输出”六行首次阅读卡；状态码和故障分支移到实现说明。,CURRENT_SOURCE_PASS_B_M02_SYNC_R1,B_M02_CURRENT_SYNC.json
M02-RBL-0407,READING_BLOCKER,阅读阻塞残留,408,AdaBoost算法的解释。,src/讲义源码/第03册_优化模型与序列模型/chapters/V3-C03.tex,249,377,高,需把输入、状态、一次更新、停止与输出压缩成首次阅读主线,删除内部审计句，改为“输入—状态—初始化—一次更新—停止—输出”六行首次阅读卡；状态码和故障分支移到实现说明。,CURRENT_SOURCE_PASS_B_M02_SYNC_R1,B_M02_CURRENT_SYNC.json
M02-RBL-0408,READING_BLOCKER,阅读阻塞残留,409,AdaBoost最终分类器的训练误差。,src/讲义源码/第03册_优化模型与序列模型/chapters/V3-C03.tex,267,378,高,对象、条件或最小例没有在首次阅读入口中同时出现,删除“需要解决的阅读阻塞/第一步/核验路线”等内部工作语，改为读者自检：“不看正文，能否说出‘AdaBoost最终分类器的训练误差。’的对象、条件和结论？不能则回看本节。”,CURRENT_SOURCE_PASS_B_M02_SYNC_R1,B_M02_CURRENT_SYNC.json
M02-RBL-0409,READING_BLOCKER,阅读阻塞残留,410,AdaBoost算法的训练误差分析。,src/讲义源码/第03册_优化模型与序列模型/chapters/V3-C03.tex,271,378,高,需把输入、状态、一次更新、停止与输出压缩成首次阅读主线,删除内部审计句，改为“输入—状态—初始化—一次更新—停止—输出”六行首次阅读卡；状态码和故障分支移到实现说明。,CURRENT_SOURCE_PASS_B_M02_SYNC_R1,B_M02_CURRENT_SYNC.json
M02-RBL-0410,READING_BLOCKER,阅读阻塞残留,411,证明：AdaBoost训练误差的乘积上界。,src/讲义源码/第03册_优化模型与序列模型/chapters/V3-C03.tex,288,378,高,证明前缺少一句路线提示，读者不易预判关键变形,删除内部说明，改成读者可见的一句话：“证明先把目标改写为可比较的两边，再使用上游定义/定理完成关键变形。”并在证明前列出条件与结论。,CURRENT_SOURCE_PASS_B_M02_SYNC_R1,B_M02_CURRENT_SYNC.json
M02-RBL-0411,READING_BLOCKER,阅读阻塞残留,412,前向分步算法。,src/讲义源码/第03册_优化模型与序列模型/chapters/V3-C03.tex,347,374,高,需把输入、状态、一次更新、停止与输出压缩成首次阅读主线,删除内部审计句，改为“输入—状态—初始化—一次更新—停止—输出”六行首次阅读卡；状态码和故障分支移到实现说明。,CURRENT_SOURCE_PASS_B_M02_SYNC_R1,B_M02_CURRENT_SYNC.json
M02-RBL-0412,READING_BLOCKER,阅读阻塞残留,413,前向分步算法。,src/讲义源码/第03册_优化模型与序列模型/chapters/V3-C03.tex,351,374,高,需把输入、状态、一次更新、停止与输出压缩成首次阅读主线,删除内部审计句，改为“输入—状态—初始化—一次更新—停止—输出”六行首次阅读卡；状态码和故障分支移到实现说明。,CURRENT_SOURCE_PASS_B_M02_SYNC_R1,B_M02_CURRENT_SYNC.json
M02-RBL-0413,READING_BLOCKER,阅读阻塞残留,414,加法模型与前向分步。,src/讲义源码/第03册_优化模型与序列模型/chapters/V3-C03.tex,360,380,高,缺少可立即代入的最小数值例或非例；短段落内符号密度高，但符号角色未逐一落地,删除内部审计句，在“加法模型与前向分步。”后补一个2—3步的最小数值例或反例，并给出一个可立即作答的自检。,CURRENT_SOURCE_PASS_B_M02_SYNC_R1,B_M02_CURRENT_SYNC.json
M02-RBL-0414,READING_BLOCKER,阅读阻塞残留,415,AdaBoost是前向分步加法算法的特例。,src/讲义源码/第03册_优化模型与序列模型/chapters/V3-C03.tex,380,380,高,需把输入、状态、一次更新、停止与输出压缩成首次阅读主线,删除内部审计句，改为“输入—状态—初始化—一次更新—停止—输出”六行首次阅读卡；状态码和故障分支移到实现说明。,CURRENT_SOURCE_PASS_B_M02_SYNC_R1,B_M02_CURRENT_SYNC.json
M02-RBL-0415,READING_BLOCKER,阅读阻塞残留,416,前向分步算法与AdaBoost。,src/讲义源码/第03册_优化模型与序列模型/chapters/V3-C03.tex,413,381,高,需把输入、状态、一次更新、停止与输出压缩成首次阅读主线,删除内部审计句，改为“输入—状态—初始化—一次更新—停止—输出”六行首次阅读卡；状态码和故障分支移到实现说明。,CURRENT_SOURCE_PASS_B_M02_SYNC_R1,B_M02_CURRENT_SYNC.json
M02-RBL-0416,READING_BLOCKER,阅读阻塞残留,417,证明：指数损失前向分步与AdaBoost的等价性。,src/讲义源码/第03册_优化模型与序列模型/chapters/V3-C03.tex,423,381,高,证明前缺少一句路线提示，读者不易预判关键变形,删除内部说明，改成读者可见的一句话：“证明先把目标改写为可比较的两边，再使用上游定义/定理完成关键变形。”并在证明前列出条件与结论。,CURRENT_SOURCE_PASS_B_M02_SYNC_R1,B_M02_CURRENT_SYNC.json
M02-RBL-0417,READING_BLOCKER,阅读阻塞残留,418,提升树。,src/讲义源码/第03册_优化模型与序列模型/chapters/V3-C03.tex,436,380,高,对象、条件或最小例没有在首次阅读入口中同时出现,删除“需要解决的阅读阻塞/第一步/核验路线”等内部工作语，改为读者自检：“不看正文，能否说出‘提升树。’的对象、条件和结论？不能则回看本节。”,CURRENT_SOURCE_PASS_B_M02_SYNC_R1,B_M02_CURRENT_SYNC.json
M02-RBL-0418,READING_BLOCKER,阅读阻塞残留,419,提升树算法。,src/讲义源码/第03册_优化模型与序列模型/chapters/V3-C03.tex,453,382,高,需把输入、状态、一次更新、停止与输出压缩成首次阅读主线,删除内部审计句，改为“输入—状态—初始化—一次更新—停止—输出”六行首次阅读卡；状态码和故障分支移到实现说明。,CURRENT_SOURCE_PASS_B_M02_SYNC_R1,B_M02_CURRENT_SYNC.json
M02-RBL-0419,READING_BLOCKER,阅读阻塞残留,420,回归问题的提升树算法。,src/讲义源码/第03册_优化模型与序列模型/chapters/V3-C03.tex,457,382,高,需把输入、状态、一次更新、停止与输出压缩成首次阅读主线,删除内部审计句，改为“输入—状态—初始化—一次更新—停止—输出”六行首次阅读卡；状态码和故障分支移到实现说明。,CURRENT_SOURCE_PASS_B_M02_SYNC_R1,B_M02_CURRENT_SYNC.json
M02-RBL-0420,READING_BLOCKER,阅读阻塞残留,421,梯度提升算法。,src/讲义源码/第03册_优化模型与序列模型/chapters/V3-C03.tex,566,385,高,需把输入、状态、一次更新、停止与输出压缩成首次阅读主线,删除内部审计句，改为“输入—状态—初始化—一次更新—停止—输出”六行首次阅读卡；状态码和故障分支移到实现说明。,CURRENT_SOURCE_PASS_B_M02_SYNC_R1,B_M02_CURRENT_SYNC.json
M02-RBL-0421,READING_BLOCKER,阅读阻塞残留,422,一般损失梯度提升的候选生成：执行契约。,src/讲义源码/第03册_优化模型与序列模型/chapters/V3-C03.tex,575,386,高,单个知识块信息密度较高，需要先给一条阅读路线再进入细节；未在同一入口集中说明输出证书,删除内部审计句，改为“输入—状态—初始化—一次更新—停止—输出”六行首次阅读卡；状态码和故障分支移到实现说明。,CURRENT_SOURCE_PASS_B_M02_SYNC_R1,B_M02_CURRENT_SYNC.json
M02-RBL-0422,READING_BLOCKER,阅读阻塞残留,423,AdaBoost的计算例题。,src/讲义源码/第03册_优化模型与序列模型/chapters/V3-C03.tex,700,389,高,对象、条件或最小例没有在首次阅读入口中同时出现,删除“需要解决的阅读阻塞/第一步/核验路线”等内部工作语，改为读者自检：“不看正文，能否说出‘AdaBoost的计算例题。’的对象、条件和结论？不能则回看本节。”,CURRENT_SOURCE_PASS_B_M02_SYNC_R1,B_M02_CURRENT_SYNC.json
M02-RBL-0423,READING_BLOCKER,阅读阻塞残留,424,适用条件与局限：例题、迭代计算与练习。,src/讲义源码/第03册_优化模型与序列模型/chapters/V3-C03.tex,806,392,高,边界说明缺少具体失败现象,删除内部审计句，改为四列表：触发条件｜失败现象｜可观察诊断｜修正动作；反例只破坏一个关键条件。,CURRENT_SOURCE_PASS_B_M02_SYNC_R1,B_M02_CURRENT_SYNC.json
M02-RBL-0424,READING_BLOCKER,阅读阻塞残留,425,常见错误与误用边界：例题、迭代计算与练习。,src/讲义源码/第03册_优化模型与序列模型/chapters/V3-C03.tex,821,392,高,边界说明缺少具体失败现象,删除内部审计句，改为四列表：触发条件｜失败现象｜可观察诊断｜修正动作；反例只破坏一个关键条件。,CURRENT_SOURCE_PASS_B_M02_SYNC_R1,B_M02_CURRENT_SYNC.json
M02-RBL-0425,READING_BLOCKER,阅读阻塞残留,426,易混淆概念对比：例题、迭代计算与练习。,src/讲义源码/第03册_优化模型与序列模型/chapters/V3-C03.tex,842,393,高,比较项缺少统一比较维度,删除“需要解决的阅读阻塞/第一步/核验路线”等内部工作语，改为读者自检：“不看正文，能否说出‘易混淆概念对比：例题、迭代计算与练习。’的对象、条件和结论？不能则回看本节。”,CURRENT_SOURCE_PASS_B_M02_SYNC_R1,B_M02_CURRENT_SYNC.json
M02-RBL-0426,READING_BLOCKER,阅读阻塞残留,427,本章结论与下一步。,src/讲义源码/第03册_优化模型与序列模型/chapters/V3-C03.tex,1215,390,高,缺少可立即代入的最小数值例或非例,删除内部审计句，在“本章结论与下一步。”后补一个2—3步的最小数值例或反例，并给出一个可立即作答的自检。,CURRENT_SOURCE_PASS_B_M02_SYNC_R1,B_M02_CURRENT_SYNC.json
M02-RBL-0427,READING_BLOCKER,阅读阻塞残留,428,本章地图：EM算法及其推广。,src/讲义源码/第03册_优化模型与序列模型/chapters/V3-C04.tex,13,400,高,缺少可立即代入的最小数值例或非例,删除内部审计句，在“本章地图：EM算法及其推广。”后补一个2—3步的最小数值例或反例，并给出一个可立即作答的自检。,CURRENT_SOURCE_PASS_B_M02_SYNC_R1,B_M02_CURRENT_SYNC.json
M02-RBL-0428,READING_BLOCKER,阅读阻塞残留,429,本章可检验学习目标。,src/讲义源码/第03册_优化模型与序列模型/chapters/V3-C04.tex,20,400,高,缺少可立即代入的最小数值例或非例,删除内部审计句，在“本章可检验学习目标。”后补一个2—3步的最小数值例或反例，并给出一个可立即作答的自检。,CURRENT_SOURCE_PASS_B_M02_SYNC_R1,B_M02_CURRENT_SYNC.json
M02-RBL-0429,READING_BLOCKER,阅读阻塞残留,430,最短先修。,src/讲义源码/第03册_优化模型与序列模型/chapters/V3-C04.tex,35,400,高,缺少可立即代入的最小数值例或非例,删除内部审计句，在“最短先修。”后补一个2—3步的最小数值例或反例，并给出一个可立即作答的自检。,CURRENT_SOURCE_PASS_B_M02_SYNC_R1,B_M02_CURRENT_SYNC.json
M02-RBL-0430,READING_BLOCKER,阅读阻塞残留,431,先修自检。,src/讲义源码/第03册_优化模型与序列模型/chapters/V3-C04.tex,45,400,高,缺少可立即代入的最小数值例或非例,删除内部审计句，在“先修自检。”后补一个2—3步的最小数值例或反例，并给出一个可立即作答的自检。,CURRENT_SOURCE_PASS_B_M02_SYNC_R1,B_M02_CURRENT_SYNC.json
M02-RBL-0431,READING_BLOCKER,阅读阻塞残留,432,依赖路线。,src/讲义源码/第03册_优化模型与序列模型/chapters/V3-C04.tex,61,400,高,缺少可立即代入的最小数值例或非例,删除内部审计句，在“依赖路线。”后补一个2—3步的最小数值例或反例，并给出一个可立即作答的自检。,CURRENT_SOURCE_PASS_B_M02_SYNC_R1,B_M02_CURRENT_SYNC.json
M02-RBL-0432,READING_BLOCKER,阅读阻塞残留,433,模型认识卡：EM算法。,src/讲义源码/第03册_优化模型与序列模型/chapters/V3-C04.tex,74,401,高,缺少可立即代入的最小数值例或非例,删除内部审计句，在“模型认识卡：EM算法。”后补一个2—3步的最小数值例或反例，并给出一个可立即作答的自检。,CURRENT_SOURCE_PASS_B_M02_SYNC_R1,B_M02_CURRENT_SYNC.json
M02-RBL-0433,READING_BLOCKER,阅读阻塞残留,434,EM算法及其推广。,src/讲义源码/第03册_优化模型与序列模型/chapters/V3-C04.tex,123,402,高,需把输入、状态、一次更新、停止与输出压缩成首次阅读主线,删除内部审计句，改为“输入—状态—初始化—一次更新—停止—输出”六行首次阅读卡；状态码和故障分支移到实现说明。,CURRENT_SOURCE_PASS_B_M02_SYNC_R1,B_M02_CURRENT_SYNC.json
M02-RBL-0434,READING_BLOCKER,阅读阻塞残留,435,EM算法的引入。,src/讲义源码/第03册_优化模型与序列模型/chapters/V3-C04.tex,131,402,高,需把输入、状态、一次更新、停止与输出压缩成首次阅读主线,删除内部审计句，改为“输入—状态—初始化—一次更新—停止—输出”六行首次阅读卡；状态码和故障分支移到实现说明。,CURRENT_SOURCE_PASS_B_M02_SYNC_R1,B_M02_CURRENT_SYNC.json
M02-RBL-0435,READING_BLOCKER,阅读阻塞残留,436,EM算法。,src/讲义源码/第03册_优化模型与序列模型/chapters/V3-C04.tex,156,402,高,需把输入、状态、一次更新、停止与输出压缩成首次阅读主线,删除内部审计句，改为“输入—状态—初始化—一次更新—停止—输出”六行首次阅读卡；状态码和故障分支移到实现说明。,CURRENT_SOURCE_PASS_B_M02_SYNC_R1,B_M02_CURRENT_SYNC.json
M02-RBL-0436,READING_BLOCKER,阅读阻塞残留,437,Q函数。,src/讲义源码/第03册_优化模型与序列模型/chapters/V3-C04.tex,170,403,高,对象、条件或最小例没有在首次阅读入口中同时出现,删除“需要解决的阅读阻塞/第一步/核验路线”等内部工作语，改为读者自检：“不看正文，能否说出‘Q函数。’的对象、条件和结论？不能则回看本节。”,CURRENT_SOURCE_PASS_B_M02_SYNC_R1,B_M02_CURRENT_SYNC.json
M02-RBL-0437,READING_BLOCKER,阅读阻塞残留,438,Q 函数。,src/讲义源码/第03册_优化模型与序列模型/chapters/V3-C04.tex,176,403,高,缺少可立即代入的最小数值例或非例,删除内部审计句，在“Q 函数。”后补一个2—3步的最小数值例或反例，并给出一个可立即作答的自检。,CURRENT_SOURCE_PASS_B_M02_SYNC_R1,B_M02_CURRENT_SYNC.json
M02-RBL-0438,READING_BLOCKER,阅读阻塞残留,439,EM算法的导出。,src/讲义源码/第03册_优化模型与序列模型/chapters/V3-C04.tex,191,403,高,需把输入、状态、一次更新、停止与输出压缩成首次阅读主线,删除内部审计句，改为“输入—状态—初始化—一次更新—停止—输出”六行首次阅读卡；状态码和故障分支移到实现说明。,CURRENT_SOURCE_PASS_B_M02_SYNC_R1,B_M02_CURRENT_SYNC.json
M02-RBL-0439,READING_BLOCKER,阅读阻塞残留,440,证明：EM下界的KL分解。,src/讲义源码/第03册_优化模型与序列模型/chapters/V3-C04.tex,243,403,高,证明前缺少一句路线提示，读者不易预判关键变形,删除内部说明，改成读者可见的一句话：“证明先把目标改写为可比较的两边，再使用上游定义/定理完成关键变形。”并在证明前列出条件与结论。,CURRENT_SOURCE_PASS_B_M02_SYNC_R1,B_M02_CURRENT_SYNC.json
M02-RBL-0440,READING_BLOCKER,阅读阻塞残留,441,EM算法。,src/讲义源码/第03册_优化模型与序列模型/chapters/V3-C04.tex,294,406,高,需把输入、状态、一次更新、停止与输出压缩成首次阅读主线,删除内部审计句，改为“输入—状态—初始化—一次更新—停止—输出”六行首次阅读卡；状态码和故障分支移到实现说明。,CURRENT_SOURCE_PASS_B_M02_SYNC_R1,B_M02_CURRENT_SYNC.json
M02-RBL-0441,READING_BLOCKER,阅读阻塞残留,442,EM算法似然函数序列的单调性。,src/讲义源码/第03册_优化模型与序列模型/chapters/V3-C04.tex,389,409,高,需把输入、状态、一次更新、停止与输出压缩成首次阅读主线,删除内部审计句，改为“输入—状态—初始化—一次更新—停止—输出”六行首次阅读卡；状态码和故障分支移到实现说明。,CURRENT_SOURCE_PASS_B_M02_SYNC_R1,B_M02_CURRENT_SYNC.json
M02-RBL-0442,READING_BLOCKER,阅读阻塞残留,443,证明：EM的似然单调性。,src/讲义源码/第03册_优化模型与序列模型/chapters/V3-C04.tex,404,409,高,证明前缺少一句路线提示，读者不易预判关键变形,删除内部说明，改成读者可见的一句话：“证明先把目标改写为可比较的两边，再使用上游定义/定理完成关键变形。”并在证明前列出条件与结论。,CURRENT_SOURCE_PASS_B_M02_SYNC_R1,B_M02_CURRENT_SYNC.json
M02-RBL-0443,READING_BLOCKER,阅读阻塞残留,444,EM算法的收敛性。,src/讲义源码/第03册_优化模型与序列模型/chapters/V3-C04.tex,418,409,高,需把输入、状态、一次更新、停止与输出压缩成首次阅读主线,删除内部审计句，改为“输入—状态—初始化—一次更新—停止—输出”六行首次阅读卡；状态码和故障分支移到实现说明。,CURRENT_SOURCE_PASS_B_M02_SYNC_R1,B_M02_CURRENT_SYNC.json
M02-RBL-0444,READING_BLOCKER,阅读阻塞残留,445,EM对数似然值与参数估计序列的收敛性。,src/讲义源码/第03册_优化模型与序列模型/chapters/V3-C04.tex,426,409,高,需把输入、状态、一次更新、停止与输出压缩成首次阅读主线,删除内部审计句，改为“输入—状态—初始化—一次更新—停止—输出”六行首次阅读卡；状态码和故障分支移到实现说明。,CURRENT_SOURCE_PASS_B_M02_SYNC_R1,B_M02_CURRENT_SYNC.json
M02-RBL-0445,READING_BLOCKER,阅读阻塞残留,446,高斯混合模型。,src/讲义源码/第03册_优化模型与序列模型/chapters/V3-C04.tex,439,400,高,对象、条件或最小例没有在首次阅读入口中同时出现,删除“需要解决的阅读阻塞/第一步/核验路线”等内部工作语，改为读者自检：“不看正文，能否说出‘高斯混合模型。’的对象、条件和结论？不能则回看本节。”,CURRENT_SOURCE_PASS_B_M02_SYNC_R1,B_M02_CURRENT_SYNC.json
M02-RBL-0446,READING_BLOCKER,阅读阻塞残留,447,高斯混合模型。,src/讲义源码/第03册_优化模型与序列模型/chapters/V3-C04.tex,443,400,高,对象、条件或最小例没有在首次阅读入口中同时出现,删除“需要解决的阅读阻塞/第一步/核验路线”等内部工作语，改为读者自检：“不看正文，能否说出‘高斯混合模型。’的对象、条件和结论？不能则回看本节。”,CURRENT_SOURCE_PASS_B_M02_SYNC_R1,B_M02_CURRENT_SYNC.json
M02-RBL-0447,READING_BLOCKER,阅读阻塞残留,448,一维高斯混合模型。,src/讲义源码/第03册_优化模型与序列模型/chapters/V3-C04.tex,451,410,高,缺少可立即代入的最小数值例或非例,删除内部审计句，在“一维高斯混合模型。”后补一个2—3步的最小数值例或反例，并给出一个可立即作答的自检。,CURRENT_SOURCE_PASS_B_M02_SYNC_R1,B_M02_CURRENT_SYNC.json
M02-RBL-0448,READING_BLOCKER,阅读阻塞残留,449,EM算法在高斯混合模型学习中的应用。,src/讲义源码/第03册_优化模型与序列模型/chapters/V3-C04.tex,469,410,高,需把输入、状态、一次更新、停止与输出压缩成首次阅读主线,删除内部审计句，改为“输入—状态—初始化—一次更新—停止—输出”六行首次阅读卡；状态码和故障分支移到实现说明。,CURRENT_SOURCE_PASS_B_M02_SYNC_R1,B_M02_CURRENT_SYNC.json
M02-RBL-0449,READING_BLOCKER,阅读阻塞残留,450,高斯混合模型参数估计的EM算法。,src/讲义源码/第03册_优化模型与序列模型/chapters/V3-C04.tex,495,411,高,需把输入、状态、一次更新、停止与输出压缩成首次阅读主线,删除内部审计句，改为“输入—状态—初始化—一次更新—停止—输出”六行首次阅读卡；状态码和故障分支移到实现说明。,CURRENT_SOURCE_PASS_B_M02_SYNC_R1,B_M02_CURRENT_SYNC.json
M02-RBL-0450,READING_BLOCKER,阅读阻塞残留,451,高斯混合模型参数估计的EM算法。,src/讲义源码/第03册_优化模型与序列模型/chapters/V3-C04.tex,525,411,高,需把输入、状态、一次更新、停止与输出压缩成首次阅读主线,删除内部审计句，改为“输入—状态—初始化—一次更新—停止—输出”六行首次阅读卡；状态码和故障分支移到实现说明。,CURRENT_SOURCE_PASS_B_M02_SYNC_R1,B_M02_CURRENT_SYNC.json
M02-RBL-0451,READING_BLOCKER,阅读阻塞残留,452,受约束高斯混合模型的多启动EM：执行契约。,src/讲义源码/第03册_优化模型与序列模型/chapters/V3-C04.tex,531,412,高,单个知识块信息密度较高，需要先给一条阅读路线再进入细节；未在同一入口集中说明输出证书,删除内部审计句，改为“输入—状态—初始化—一次更新—停止—输出”六行首次阅读卡；状态码和故障分支移到实现说明。,CURRENT_SOURCE_PASS_B_M02_SYNC_R1,B_M02_CURRENT_SYNC.json
M02-RBL-0452,READING_BLOCKER,阅读阻塞残留,453,F函数。,src/讲义源码/第03册_优化模型与序列模型/chapters/V3-C04.tex,626,400,高,对象、条件或最小例没有在首次阅读入口中同时出现,删除“需要解决的阅读阻塞/第一步/核验路线”等内部工作语，改为读者自检：“不看正文，能否说出‘F函数。’的对象、条件和结论？不能则回看本节。”,CURRENT_SOURCE_PASS_B_M02_SYNC_R1,B_M02_CURRENT_SYNC.json
M02-RBL-0453,READING_BLOCKER,阅读阻塞残留,454,固定参数时F函数极大化的唯一分布。,src/讲义源码/第03册_优化模型与序列模型/chapters/V3-C04.tex,642,414,高,对象、条件或最小例没有在首次阅读入口中同时出现,删除“需要解决的阅读阻塞/第一步/核验路线”等内部工作语，改为读者自检：“不看正文，能否说出‘固定参数时F函数极大化的唯一分布。’的对象、条件和结论？不能则回看本节。”,CURRENT_SOURCE_PASS_B_M02_SYNC_R1,B_M02_CURRENT_SYNC.json
M02-RBL-0454,READING_BLOCKER,阅读阻塞残留,455,固定参数的 F 极大化。,src/讲义源码/第03册_优化模型与序列模型/chapters/V3-C04.tex,648,414,高,定理陈述中的对象与条件入口不够醒目,删除“需要解决的阅读阻塞/第一步/核验路线”等内部工作语，改为读者自检：“不看正文，能否说出‘固定参数的 F 极大化。’的对象、条件和结论？不能则回看本节。”,CURRENT_SOURCE_PASS_B_M02_SYNC_R1,B_M02_CURRENT_SYNC.json
M02-RBL-0455,READING_BLOCKER,阅读阻塞残留,456,证明：固定参数的 F 极大化。,src/讲义源码/第03册_优化模型与序列模型/chapters/V3-C04.tex,656,415,高,证明前缺少一句路线提示，读者不易预判关键变形,删除内部说明，改成读者可见的一句话：“证明先把目标改写为可比较的两边，再使用上游定义/定理完成关键变形。”并在证明前列出条件与结论。,CURRENT_SOURCE_PASS_B_M02_SYNC_R1,B_M02_CURRENT_SYNC.json
M02-RBL-0456,READING_BLOCKER,阅读阻塞残留,457,EM算法的推广。,src/讲义源码/第03册_优化模型与序列模型/chapters/V3-C04.tex,665,415,高,需把输入、状态、一次更新、停止与输出压缩成首次阅读主线,删除内部审计句，改为“输入—状态—初始化—一次更新—停止—输出”六行首次阅读卡；状态码和故障分支移到实现说明。,CURRENT_SOURCE_PASS_B_M02_SYNC_R1,B_M02_CURRENT_SYNC.json
M02-RBL-0457,READING_BLOCKER,阅读阻塞残留,458,F函数的极大-极大算法。,src/讲义源码/第03册_优化模型与序列模型/chapters/V3-C04.tex,669,415,高,需把输入、状态、一次更新、停止与输出压缩成首次阅读主线,删除内部审计句，改为“输入—状态—初始化—一次更新—停止—输出”六行首次阅读卡；状态码和故障分支移到实现说明。,CURRENT_SOURCE_PASS_B_M02_SYNC_R1,B_M02_CURRENT_SYNC.json
M02-RBL-0458,READING_BLOCKER,阅读阻塞残留,459,F函数与观测数据对数似然的等价关系。,src/讲义源码/第03册_优化模型与序列模型/chapters/V3-C04.tex,678,415,高,比较维度没有完全对齐，读者容易只记名称而不记适用条件,删除“需要解决的阅读阻塞/第一步/核验路线”等内部工作语，改为读者自检：“不看正文，能否说出‘F函数与观测数据对数似然的等价关系。’的对象、条件和结论？不能则回看本节。”,CURRENT_SOURCE_PASS_B_M02_SYNC_R1,B_M02_CURRENT_SYNC.json
M02-RBL-0459,READING_BLOCKER,阅读阻塞残留,460,F函数极大值与观测数据对数似然极大值的关系。,src/讲义源码/第03册_优化模型与序列模型/chapters/V3-C04.tex,690,415,高,比较维度没有完全对齐，读者容易只记名称而不记适用条件,删除“需要解决的阅读阻塞/第一步/核验路线”等内部工作语，改为读者自检：“不看正文，能否说出‘F函数极大值与观测数据对数似然极大值的关系。’的对象、条件和结论？不能则回看本节。”,CURRENT_SOURCE_PASS_B_M02_SYNC_R1,B_M02_CURRENT_SYNC.json
M02-RBL-0460,READING_BLOCKER,阅读阻塞残留,461,证明：F 函数与似然上确界。,src/讲义源码/第03册_优化模型与序列模型/chapters/V3-C04.tex,703,416,高,证明前缺少一句路线提示，读者不易预判关键变形,删除内部说明，改成读者可见的一句话：“证明先把目标改写为可比较的两边，再使用上游定义/定理完成关键变形。”并在证明前列出条件与结论。,CURRENT_SOURCE_PASS_B_M02_SYNC_R1,B_M02_CURRENT_SYNC.json
M02-RBL-0461,READING_BLOCKER,阅读阻塞残留,462,EM算法的一次迭代可由F函数的极大-极大算法实现。,src/讲义源码/第03册_优化模型与序列模型/chapters/V3-C04.tex,712,416,高,需把输入、状态、一次更新、停止与输出压缩成首次阅读主线,删除内部审计句，改为“输入—状态—初始化—一次更新—停止—输出”六行首次阅读卡；状态码和故障分支移到实现说明。,CURRENT_SOURCE_PASS_B_M02_SYNC_R1,B_M02_CURRENT_SYNC.json
M02-RBL-0462,READING_BLOCKER,阅读阻塞残留,463,GEM算法。,src/讲义源码/第03册_优化模型与序列模型/chapters/V3-C04.tex,720,400,高,需把输入、状态、一次更新、停止与输出压缩成首次阅读主线,删除内部审计句，改为“输入—状态—初始化—一次更新—停止—输出”六行首次阅读卡；状态码和故障分支移到实现说明。,CURRENT_SOURCE_PASS_B_M02_SYNC_R1,B_M02_CURRENT_SYNC.json
M02-RBL-0463,READING_BLOCKER,阅读阻塞残留,464,Q函数单调上升的广义EM。,src/讲义源码/第03册_优化模型与序列模型/chapters/V3-C04.tex,797,418,高,需把输入、状态、一次更新、停止与输出压缩成首次阅读主线,删除内部审计句，改为“输入—状态—初始化—一次更新—停止—输出”六行首次阅读卡；状态码和故障分支移到实现说明。,CURRENT_SOURCE_PASS_B_M02_SYNC_R1,B_M02_CURRENT_SYNC.json
M02-RBL-0464,READING_BLOCKER,阅读阻塞残留,465,分块条件极大化的广义EM。,src/讲义源码/第03册_优化模型与序列模型/chapters/V3-C04.tex,873,420,高,需把输入、状态、一次更新、停止与输出压缩成首次阅读主线,删除内部审计句，改为“输入—状态—初始化—一次更新—停止—输出”六行首次阅读卡；状态码和故障分支移到实现说明。,CURRENT_SOURCE_PASS_B_M02_SYNC_R1,B_M02_CURRENT_SYNC.json
M02-RBL-0465,READING_BLOCKER,阅读阻塞残留,466,EM算法在无监督学习中的应用。,src/讲义源码/第03册_优化模型与序列模型/chapters/V3-C04.tex,964,423,高,需把输入、状态、一次更新、停止与输出压缩成首次阅读主线,删除内部审计句，改为“输入—状态—初始化—一次更新—停止—输出”六行首次阅读卡；状态码和故障分支移到实现说明。,CURRENT_SOURCE_PASS_B_M02_SYNC_R1,B_M02_CURRENT_SYNC.json
M02-RBL-0466,READING_BLOCKER,阅读阻塞残留,467,常见错误与误用边界：例题、EM计算与练习。,src/讲义源码/第03册_优化模型与序列模型/chapters/V3-C04.tex,995,423,高,边界说明缺少具体失败现象,删除内部审计句，改为四列表：触发条件｜失败现象｜可观察诊断｜修正动作；反例只破坏一个关键条件。,CURRENT_SOURCE_PASS_B_M02_SYNC_R1,B_M02_CURRENT_SYNC.json
M02-RBL-0467,READING_BLOCKER,阅读阻塞残留,468,易混淆概念对比：例题、EM计算与练习。,src/讲义源码/第03册_优化模型与序列模型/chapters/V3-C04.tex,1005,424,高,比较项缺少统一比较维度,删除“需要解决的阅读阻塞/第一步/核验路线”等内部工作语，改为读者自检：“不看正文，能否说出‘易混淆概念对比：例题、EM计算与练习。’的对象、条件和结论？不能则回看本节。”,CURRENT_SOURCE_PASS_B_M02_SYNC_R1,B_M02_CURRENT_SYNC.json
M02-RBL-0468,READING_BLOCKER,阅读阻塞残留,469,本章地图：隐马尔可夫模型。,src/讲义源码/第03册_优化模型与序列模型/chapters/V3-C05.tex,13,433,高,缺少可立即代入的最小数值例或非例,删除内部审计句，在“本章地图：隐马尔可夫模型。”后补一个2—3步的最小数值例或反例，并给出一个可立即作答的自检。,CURRENT_SOURCE_PASS_B_M02_SYNC_R1,B_M02_CURRENT_SYNC.json
M02-RBL-0469,READING_BLOCKER,阅读阻塞残留,470,本章可检验学习目标。,src/讲义源码/第03册_优化模型与序列模型/chapters/V3-C05.tex,20,433,高,缺少可立即代入的最小数值例或非例,删除内部审计句，在“本章可检验学习目标。”后补一个2—3步的最小数值例或反例，并给出一个可立即作答的自检。,CURRENT_SOURCE_PASS_B_M02_SYNC_R1,B_M02_CURRENT_SYNC.json
M02-RBL-0470,READING_BLOCKER,阅读阻塞残留,471,先修自检。,src/讲义源码/第03册_优化模型与序列模型/chapters/V3-C05.tex,40,433,高,缺少可立即代入的最小数值例或非例,删除内部审计句，在“先修自检。”后补一个2—3步的最小数值例或反例，并给出一个可立即作答的自检。,CURRENT_SOURCE_PASS_B_M02_SYNC_R1,B_M02_CURRENT_SYNC.json
M02-RBL-0471,READING_BLOCKER,阅读阻塞残留,472,依赖路线。,src/讲义源码/第03册_优化模型与序列模型/chapters/V3-C05.tex,56,433,高,缺少可立即代入的最小数值例或非例,删除内部审计句，在“依赖路线。”后补一个2—3步的最小数值例或反例，并给出一个可立即作答的自检。,CURRENT_SOURCE_PASS_B_M02_SYNC_R1,B_M02_CURRENT_SYNC.json
M02-RBL-0472,READING_BLOCKER,阅读阻塞残留,473,模型认识卡：隐马尔可夫模型。,src/讲义源码/第03册_优化模型与序列模型/chapters/V3-C05.tex,70,434,高,缺少可立即代入的最小数值例或非例,删除内部审计句，在“模型认识卡：隐马尔可夫模型。”后补一个2—3步的最小数值例或反例，并给出一个可立即作答的自检。,CURRENT_SOURCE_PASS_B_M02_SYNC_R1,B_M02_CURRENT_SYNC.json
M02-RBL-0473,READING_BLOCKER,阅读阻塞残留,474,随机过程。,src/讲义源码/第03册_优化模型与序列模型/chapters/V3-C05.tex,123,434,高,表述过短，缺少可立即作答的自检与失败回看位置,删除内部审计句，把“随机过程。”扩写为“对象是什么—成立条件—核心关系—最小例—失败边界”五句。,CURRENT_SOURCE_PASS_B_M02_SYNC_R1,B_M02_CURRENT_SYNC.json
M02-RBL-0474,READING_BLOCKER,阅读阻塞残留,475,马尔可夫性质。,src/讲义源码/第03册_优化模型与序列模型/chapters/V3-C05.tex,133,434,高,表述过短，缺少可立即作答的自检与失败回看位置,删除内部审计句，把“马尔可夫性质。”扩写为“对象是什么—成立条件—核心关系—最小例—失败边界”五句。,CURRENT_SOURCE_PASS_B_M02_SYNC_R1,B_M02_CURRENT_SYNC.json
M02-RBL-0475,READING_BLOCKER,阅读阻塞残留,476,隐马尔可夫模型。,src/讲义源码/第03册_优化模型与序列模型/chapters/V3-C05.tex,151,434,高,对象、条件或最小例没有在首次阅读入口中同时出现,删除“需要解决的阅读阻塞/第一步/核验路线”等内部工作语，改为读者自检：“不看正文，能否说出‘隐马尔可夫模型。’的对象、条件和结论？不能则回看本节。”,CURRENT_SOURCE_PASS_B_M02_SYNC_R1,B_M02_CURRENT_SYNC.json
M02-RBL-0476,READING_BLOCKER,阅读阻塞残留,477,隐马尔可夫模型。,src/讲义源码/第03册_优化模型与序列模型/chapters/V3-C05.tex,159,434,高,对象、条件或最小例没有在首次阅读入口中同时出现,删除“需要解决的阅读阻塞/第一步/核验路线”等内部工作语，改为读者自检：“不看正文，能否说出‘隐马尔可夫模型。’的对象、条件和结论？不能则回看本节。”,CURRENT_SOURCE_PASS_B_M02_SYNC_R1,B_M02_CURRENT_SYNC.json
M02-RBL-0477,READING_BLOCKER,阅读阻塞残留,478,隐马尔可夫模型的定义。,src/讲义源码/第03册_优化模型与序列模型/chapters/V3-C05.tex,208,436,高,对象、条件或最小例没有在首次阅读入口中同时出现,删除“需要解决的阅读阻塞/第一步/核验路线”等内部工作语，改为读者自检：“不看正文，能否说出‘隐马尔可夫模型的定义。’的对象、条件和结论？不能则回看本节。”,CURRENT_SOURCE_PASS_B_M02_SYNC_R1,B_M02_CURRENT_SYNC.json
M02-RBL-0478,READING_BLOCKER,阅读阻塞残留,479,观测序列的生成。,src/讲义源码/第03册_优化模型与序列模型/chapters/V3-C05.tex,226,436,高,对象、条件或最小例没有在首次阅读入口中同时出现,删除“需要解决的阅读阻塞/第一步/核验路线”等内部工作语，改为读者自检：“不看正文，能否说出‘观测序列的生成。’的对象、条件和结论？不能则回看本节。”,CURRENT_SOURCE_PASS_B_M02_SYNC_R1,B_M02_CURRENT_SYNC.json
M02-RBL-0479,READING_BLOCKER,阅读阻塞残留,480,观测序列的生成过程。,src/讲义源码/第03册_优化模型与序列模型/chapters/V3-C05.tex,230,436,高,对象、条件或最小例没有在首次阅读入口中同时出现,删除“需要解决的阅读阻塞/第一步/核验路线”等内部工作语，改为读者自检：“不看正文，能否说出‘观测序列的生成过程。’的对象、条件和结论？不能则回看本节。”,CURRENT_SOURCE_PASS_B_M02_SYNC_R1,B_M02_CURRENT_SYNC.json
M02-RBL-0480,READING_BLOCKER,阅读阻塞残留,481,隐马尔可夫模型的3个基本问题。,src/讲义源码/第03册_优化模型与序列模型/chapters/V3-C05.tex,302,439,高,对象、条件或最小例没有在首次阅读入口中同时出现,删除“需要解决的阅读阻塞/第一步/核验路线”等内部工作语，改为读者自检：“不看正文，能否说出‘隐马尔可夫模型的3个基本问题。’的对象、条件和结论？不能则回看本节。”,CURRENT_SOURCE_PASS_B_M02_SYNC_R1,B_M02_CURRENT_SYNC.json
M02-RBL-0481,READING_BLOCKER,阅读阻塞残留,482,动态规划与递推。,src/讲义源码/第03册_优化模型与序列模型/chapters/V3-C05.tex,319,436,高,表述过短，缺少可立即作答的自检与失败回看位置,删除内部审计句，把“动态规划与递推。”扩写为“对象是什么—成立条件—核心关系—最小例—失败边界”五句。,CURRENT_SOURCE_PASS_B_M02_SYNC_R1,B_M02_CURRENT_SYNC.json
M02-RBL-0482,READING_BLOCKER,阅读阻塞残留,483,前向--后向递推。,src/讲义源码/第03册_优化模型与序列模型/chapters/V3-C05.tex,328,439,高,表述过短，缺少可立即作答的自检与失败回看位置,删除内部审计句，把“前向--后向递推。”扩写为“对象是什么—成立条件—核心关系—最小例—失败边界”五句。,CURRENT_SOURCE_PASS_B_M02_SYNC_R1,B_M02_CURRENT_SYNC.json
M02-RBL-0483,READING_BLOCKER,阅读阻塞残留,484,概率计算算法。,src/讲义源码/第03册_优化模型与序列模型/chapters/V3-C05.tex,336,439,高,需把输入、状态、一次更新、停止与输出压缩成首次阅读主线,删除内部审计句，改为“输入—状态—初始化—一次更新—停止—输出”六行首次阅读卡；状态码和故障分支移到实现说明。,CURRENT_SOURCE_PASS_B_M02_SYNC_R1,B_M02_CURRENT_SYNC.json
M02-RBL-0484,READING_BLOCKER,阅读阻塞残留,485,直接计算法。,src/讲义源码/第03册_优化模型与序列模型/chapters/V3-C05.tex,344,439,高,需把输入、状态、一次更新、停止与输出压缩成首次阅读主线,删除内部审计句，改为“输入—状态—初始化—一次更新—停止—输出”六行首次阅读卡；状态码和故障分支移到实现说明。,CURRENT_SOURCE_PASS_B_M02_SYNC_R1,B_M02_CURRENT_SYNC.json
M02-RBL-0485,READING_BLOCKER,阅读阻塞残留,486,前向概率。,src/讲义源码/第03册_优化模型与序列模型/chapters/V3-C05.tex,358,439,高,对象、条件或最小例没有在首次阅读入口中同时出现,删除“需要解决的阅读阻塞/第一步/核验路线”等内部工作语，改为读者自检：“不看正文，能否说出‘前向概率。’的对象、条件和结论？不能则回看本节。”,CURRENT_SOURCE_PASS_B_M02_SYNC_R1,B_M02_CURRENT_SYNC.json
M02-RBL-0486,READING_BLOCKER,阅读阻塞残留,487,观测序列概率的前向算法。,src/讲义源码/第03册_优化模型与序列模型/chapters/V3-C05.tex,371,440,高,需把输入、状态、一次更新、停止与输出压缩成首次阅读主线,删除内部审计句，改为“输入—状态—初始化—一次更新—停止—输出”六行首次阅读卡；状态码和故障分支移到实现说明。,CURRENT_SOURCE_PASS_B_M02_SYNC_R1,B_M02_CURRENT_SYNC.json
M02-RBL-0487,READING_BLOCKER,阅读阻塞残留,488,前向算法。,src/讲义源码/第03册_优化模型与序列模型/chapters/V3-C05.tex,375,439,高,需把输入、状态、一次更新、停止与输出压缩成首次阅读主线,删除内部审计句，改为“输入—状态—初始化—一次更新—停止—输出”六行首次阅读卡；状态码和故障分支移到实现说明。,CURRENT_SOURCE_PASS_B_M02_SYNC_R1,B_M02_CURRENT_SYNC.json
M02-RBL-0488,READING_BLOCKER,阅读阻塞残留,489,前向--后向分解。,src/讲义源码/第03册_优化模型与序列模型/chapters/V3-C05.tex,417,439,高,定理陈述中的对象与条件入口不够醒目,删除“需要解决的阅读阻塞/第一步/核验路线”等内部工作语，改为读者自检：“不看正文，能否说出‘前向--后向分解。’的对象、条件和结论？不能则回看本节。”,CURRENT_SOURCE_PASS_B_M02_SYNC_R1,B_M02_CURRENT_SYNC.json
M02-RBL-0489,READING_BLOCKER,阅读阻塞残留,490,证明：前向--后向分解。,src/讲义源码/第03册_优化模型与序列模型/chapters/V3-C05.tex,431,441,高,证明前缺少一句路线提示，读者不易预判关键变形,删除内部说明，改成读者可见的一句话：“证明先把目标改写为可比较的两边，再使用上游定义/定理完成关键变形。”并在证明前列出条件与结论。,CURRENT_SOURCE_PASS_B_M02_SYNC_R1,B_M02_CURRENT_SYNC.json
M02-RBL-0490,READING_BLOCKER,阅读阻塞残留,491,后向算法。,src/讲义源码/第03册_优化模型与序列模型/chapters/V3-C05.tex,449,439,高,需把输入、状态、一次更新、停止与输出压缩成首次阅读主线,删除内部审计句，改为“输入—状态—初始化—一次更新—停止—输出”六行首次阅读卡；状态码和故障分支移到实现说明。,CURRENT_SOURCE_PASS_B_M02_SYNC_R1,B_M02_CURRENT_SYNC.json
M02-RBL-0491,READING_BLOCKER,阅读阻塞残留,492,后向概率。,src/讲义源码/第03册_优化模型与序列模型/chapters/V3-C05.tex,453,439,高,对象、条件或最小例没有在首次阅读入口中同时出现,删除“需要解决的阅读阻塞/第一步/核验路线”等内部工作语，改为读者自检：“不看正文，能否说出‘后向概率。’的对象、条件和结论？不能则回看本节。”,CURRENT_SOURCE_PASS_B_M02_SYNC_R1,B_M02_CURRENT_SYNC.json
M02-RBL-0492,READING_BLOCKER,阅读阻塞残留,493,观测序列概率的后向算法。,src/讲义源码/第03册_优化模型与序列模型/chapters/V3-C05.tex,467,442,高,需把输入、状态、一次更新、停止与输出压缩成首次阅读主线,删除内部审计句，改为“输入—状态—初始化—一次更新—停止—输出”六行首次阅读卡；状态码和故障分支移到实现说明。,CURRENT_SOURCE_PASS_B_M02_SYNC_R1,B_M02_CURRENT_SYNC.json
M02-RBL-0493,READING_BLOCKER,阅读阻塞残留,494,与前向缩放一致的后向算法：执行契约。,src/讲义源码/第03册_优化模型与序列模型/chapters/V3-C05.tex,614,446,高,单个知识块信息密度较高，需要先给一条阅读路线再进入细节；未在同一入口集中说明输入对象,删除内部审计句，改为“输入—状态—初始化—一次更新—停止—输出”六行首次阅读卡；状态码和故障分支移到实现说明。,CURRENT_SOURCE_PASS_B_M02_SYNC_R1,B_M02_CURRENT_SYNC.json
M02-RBL-0494,READING_BLOCKER,阅读阻塞残留,495,与前向缩放一致的后向算法。,src/讲义源码/第03册_优化模型与序列模型/chapters/V3-C05.tex,618,446,高,未在同一入口集中说明输入对象；未在同一入口集中说明停止条件,删除内部审计句，改为“输入—状态—初始化—一次更新—停止—输出”六行首次阅读卡；状态码和故障分支移到实现说明。,CURRENT_SOURCE_PASS_B_M02_SYNC_R1,B_M02_CURRENT_SYNC.json
M02-RBL-0495,READING_BLOCKER,阅读阻塞残留,496,学习算法。,src/讲义源码/第03册_优化模型与序列模型/chapters/V3-C05.tex,671,439,高,需把输入、状态、一次更新、停止与输出压缩成首次阅读主线,删除内部审计句，改为“输入—状态—初始化—一次更新—停止—输出”六行首次阅读卡；状态码和故障分支移到实现说明。,CURRENT_SOURCE_PASS_B_M02_SYNC_R1,B_M02_CURRENT_SYNC.json
M02-RBL-0496,READING_BLOCKER,阅读阻塞残留,497,监督学习方法。,src/讲义源码/第03册_优化模型与序列模型/chapters/V3-C05.tex,680,439,高,对象、条件或最小例没有在首次阅读入口中同时出现,删除“需要解决的阅读阻塞/第一步/核验路线”等内部工作语，改为读者自检：“不看正文，能否说出‘监督学习方法。’的对象、条件和结论？不能则回看本节。”,CURRENT_SOURCE_PASS_B_M02_SYNC_R1,B_M02_CURRENT_SYNC.json
M02-RBL-0497,READING_BLOCKER,阅读阻塞残留,498,Baum--Welch算法。,src/讲义源码/第03册_优化模型与序列模型/chapters/V3-C05.tex,688,433,高,需把输入、状态、一次更新、停止与输出压缩成首次阅读主线,删除内部审计句，改为“输入—状态—初始化—一次更新—停止—输出”六行首次阅读卡；状态码和故障分支移到实现说明。,CURRENT_SOURCE_PASS_B_M02_SYNC_R1,B_M02_CURRENT_SYNC.json
M02-RBL-0498,READING_BLOCKER,阅读阻塞残留,499,Baum--Welch模型参数估计公式。,src/讲义源码/第03册_优化模型与序列模型/chapters/V3-C05.tex,713,448,高,需把输入、状态、一次更新、停止与输出压缩成首次阅读主线,删除内部审计句，改为“输入—状态—初始化—一次更新—停止—输出”六行首次阅读卡；状态码和故障分支移到实现说明。,CURRENT_SOURCE_PASS_B_M02_SYNC_R1,B_M02_CURRENT_SYNC.json
M02-RBL-0499,READING_BLOCKER,阅读阻塞残留,500,复杂度分析：Baum Welch学习算法。,src/讲义源码/第03册_优化模型与序列模型/chapters/V3-C05.tex,753,448,高,边界说明缺少具体失败现象,删除内部审计句，改为四列表：触发条件｜失败现象｜可观察诊断｜修正动作；反例只破坏一个关键条件。,CURRENT_SOURCE_PASS_B_M02_SYNC_R1,B_M02_CURRENT_SYNC.json
M02-RBL-0500,READING_BLOCKER,阅读阻塞残留,501,Baum--Welch算法。,src/讲义源码/第03册_优化模型与序列模型/chapters/V3-C05.tex,762,433,高,需把输入、状态、一次更新、停止与输出压缩成首次阅读主线,删除内部审计句，改为“输入—状态—初始化—一次更新—停止—输出”六行首次阅读卡；状态码和故障分支移到实现说明。,CURRENT_SOURCE_PASS_B_M02_SYNC_R1,B_M02_CURRENT_SYNC.json
M02-RBL-0501,READING_BLOCKER,阅读阻塞残留,502,预测算法。,src/讲义源码/第03册_优化模型与序列模型/chapters/V3-C05.tex,847,450,高,需把输入、状态、一次更新、停止与输出压缩成首次阅读主线,删除内部审计句，改为“输入—状态—初始化—一次更新—停止—输出”六行首次阅读卡；状态码和故障分支移到实现说明。,CURRENT_SOURCE_PASS_B_M02_SYNC_R1,B_M02_CURRENT_SYNC.json
M02-RBL-0502,READING_BLOCKER,阅读阻塞残留,503,近似算法。,src/讲义源码/第03册_优化模型与序列模型/chapters/V3-C05.tex,860,450,高,需把输入、状态、一次更新、停止与输出压缩成首次阅读主线,删除内部审计句，改为“输入—状态—初始化—一次更新—停止—输出”六行首次阅读卡；状态码和故障分支移到实现说明。,CURRENT_SOURCE_PASS_B_M02_SYNC_R1,B_M02_CURRENT_SYNC.json
M02-RBL-0503,READING_BLOCKER,阅读阻塞残留,504,Viterbi算法。,src/讲义源码/第03册_优化模型与序列模型/chapters/V3-C05.tex,871,450,高,需把输入、状态、一次更新、停止与输出压缩成首次阅读主线,删除内部审计句，改为“输入—状态—初始化—一次更新—停止—输出”六行首次阅读卡；状态码和故障分支移到实现说明。,CURRENT_SOURCE_PASS_B_M02_SYNC_R1,B_M02_CURRENT_SYNC.json
M02-RBL-0504,READING_BLOCKER,阅读阻塞残留,505,Viterbi算法。,src/讲义源码/第03册_优化模型与序列模型/chapters/V3-C05.tex,888,450,高,需把输入、状态、一次更新、停止与输出压缩成首次阅读主线,删除内部审计句，改为“输入—状态—初始化—一次更新—停止—输出”六行首次阅读卡；状态码和故障分支移到实现说明。,CURRENT_SOURCE_PASS_B_M02_SYNC_R1,B_M02_CURRENT_SYNC.json
M02-RBL-0505,READING_BLOCKER,阅读阻塞残留,506,常见错误与误用边界：例题与练习。,src/讲义源码/第03册_优化模型与序列模型/chapters/V3-C05.tex,1001,454,高,边界说明缺少具体失败现象,删除内部审计句，改为四列表：触发条件｜失败现象｜可观察诊断｜修正动作；反例只破坏一个关键条件。,CURRENT_SOURCE_PASS_B_M02_SYNC_R1,B_M02_CURRENT_SYNC.json
M02-RBL-0506,READING_BLOCKER,阅读阻塞残留,507,易混淆概念对比：例题与练习。,src/讲义源码/第03册_优化模型与序列模型/chapters/V3-C05.tex,1011,455,高,比较项缺少统一比较维度,删除“需要解决的阅读阻塞/第一步/核验路线”等内部工作语，改为读者自检：“不看正文，能否说出‘易混淆概念对比：例题与练习。’的对象、条件和结论？不能则回看本节。”,CURRENT_SOURCE_PASS_B_M02_SYNC_R1,B_M02_CURRENT_SYNC.json
M02-RBL-0507,READING_BLOCKER,阅读阻塞残留,508,本章结论与下一步。,src/讲义源码/第03册_优化模型与序列模型/chapters/V3-C05.tex,1505,462,高,缺少可立即代入的最小数值例或非例,删除内部审计句，在“本章结论与下一步。”后补一个2—3步的最小数值例或反例，并给出一个可立即作答的自检。,CURRENT_SOURCE_PASS_B_M02_SYNC_R1,B_M02_CURRENT_SYNC.json
M02-RBL-0508,READING_BLOCKER,阅读阻塞残留,509,本章地图：条件随机场。,src/讲义源码/第03册_优化模型与序列模型/chapters/V3-C06.tex,14,463,高,缺少可立即代入的最小数值例或非例,删除内部审计句，在“本章地图：条件随机场。”后补一个2—3步的最小数值例或反例，并给出一个可立即作答的自检。,CURRENT_SOURCE_PASS_B_M02_SYNC_R1,B_M02_CURRENT_SYNC.json
M02-RBL-0509,READING_BLOCKER,阅读阻塞残留,510,本章可检验学习目标。,src/讲义源码/第03册_优化模型与序列模型/chapters/V3-C06.tex,21,463,高,缺少可立即代入的最小数值例或非例,删除内部审计句，在“本章可检验学习目标。”后补一个2—3步的最小数值例或反例，并给出一个可立即作答的自检。,CURRENT_SOURCE_PASS_B_M02_SYNC_R1,B_M02_CURRENT_SYNC.json
M02-RBL-0510,READING_BLOCKER,阅读阻塞残留,511,最短先修。,src/讲义源码/第03册_优化模型与序列模型/chapters/V3-C06.tex,36,463,高,缺少可立即代入的最小数值例或非例,删除内部审计句，在“最短先修。”后补一个2—3步的最小数值例或反例，并给出一个可立即作答的自检。,CURRENT_SOURCE_PASS_B_M02_SYNC_R1,B_M02_CURRENT_SYNC.json
M02-RBL-0511,READING_BLOCKER,阅读阻塞残留,512,先修自检。,src/讲义源码/第03册_优化模型与序列模型/chapters/V3-C06.tex,52,463,高,缺少可立即代入的最小数值例或非例,删除内部审计句，在“先修自检。”后补一个2—3步的最小数值例或反例，并给出一个可立即作答的自检。,CURRENT_SOURCE_PASS_B_M02_SYNC_R1,B_M02_CURRENT_SYNC.json
M02-RBL-0512,READING_BLOCKER,阅读阻塞残留,513,依赖路线。,src/讲义源码/第03册_优化模型与序列模型/chapters/V3-C06.tex,68,463,高,缺少可立即代入的最小数值例或非例,删除内部审计句，在“依赖路线。”后补一个2—3步的最小数值例或反例，并给出一个可立即作答的自检。,CURRENT_SOURCE_PASS_B_M02_SYNC_R1,B_M02_CURRENT_SYNC.json
M02-RBL-0513,READING_BLOCKER,阅读阻塞残留,514,因子到条件概率的概念桥。,src/讲义源码/第03册_优化模型与序列模型/chapters/V3-C06.tex,129,465,高,缺少可立即代入的最小数值例或非例,删除内部审计句，在“因子到条件概率的概念桥。”后补一个2—3步的最小数值例或反例，并给出一个可立即作答的自检。,CURRENT_SOURCE_PASS_B_M02_SYNC_R1,B_M02_CURRENT_SYNC.json
M02-RBL-0514,READING_BLOCKER,阅读阻塞残留,515,条件随机场。,src/讲义源码/第03册_优化模型与序列模型/chapters/V3-C06.tex,141,464,高,对象、条件或最小例没有在首次阅读入口中同时出现,删除“需要解决的阅读阻塞/第一步/核验路线”等内部工作语，改为读者自检：“不看正文，能否说出‘条件随机场。’的对象、条件和结论？不能则回看本节。”,CURRENT_SOURCE_PASS_B_M02_SYNC_R1,B_M02_CURRENT_SYNC.json
M02-RBL-0515,READING_BLOCKER,阅读阻塞残留,516,概率无向图模型。,src/讲义源码/第03册_优化模型与序列模型/chapters/V3-C06.tex,149,464,高,对象、条件或最小例没有在首次阅读入口中同时出现,删除“需要解决的阅读阻塞/第一步/核验路线”等内部工作语，改为读者自检：“不看正文，能否说出‘概率无向图模型。’的对象、条件和结论？不能则回看本节。”,CURRENT_SOURCE_PASS_B_M02_SYNC_R1,B_M02_CURRENT_SYNC.json
M02-RBL-0516,READING_BLOCKER,阅读阻塞残留,517,模型定义。,src/讲义源码/第03册_优化模型与序列模型/chapters/V3-C06.tex,153,464,高,对象、条件或最小例没有在首次阅读入口中同时出现,删除“需要解决的阅读阻塞/第一步/核验路线”等内部工作语，改为读者自检：“不看正文，能否说出‘模型定义。’的对象、条件和结论？不能则回看本节。”,CURRENT_SOURCE_PASS_B_M02_SYNC_R1,B_M02_CURRENT_SYNC.json
M02-RBL-0517,READING_BLOCKER,阅读阻塞残留,518,概率无向图模型的马尔可夫性质。,src/讲义源码/第03册_优化模型与序列模型/chapters/V3-C06.tex,157,465,高,对象、条件或最小例没有在首次阅读入口中同时出现,删除“需要解决的阅读阻塞/第一步/核验路线”等内部工作语，改为读者自检：“不看正文，能否说出‘概率无向图模型的马尔可夫性质。’的对象、条件和结论？不能则回看本节。”,CURRENT_SOURCE_PASS_B_M02_SYNC_R1,B_M02_CURRENT_SYNC.json
M02-RBL-0518,READING_BLOCKER,阅读阻塞残留,519,概率无向图模型。,src/讲义源码/第03册_优化模型与序列模型/chapters/V3-C06.tex,166,464,高,缺少可立即代入的最小数值例或非例,删除内部审计句，在“概率无向图模型。”后补一个2—3步的最小数值例或反例，并给出一个可立即作答的自检。,CURRENT_SOURCE_PASS_B_M02_SYNC_R1,B_M02_CURRENT_SYNC.json
M02-RBL-0519,READING_BLOCKER,阅读阻塞残留,520,团与最大团。,src/讲义源码/第03册_优化模型与序列模型/chapters/V3-C06.tex,186,464,高,对象、条件或最小例没有在首次阅读入口中同时出现,删除“需要解决的阅读阻塞/第一步/核验路线”等内部工作语，改为读者自检：“不看正文，能否说出‘团与最大团。’的对象、条件和结论？不能则回看本节。”,CURRENT_SOURCE_PASS_B_M02_SYNC_R1,B_M02_CURRENT_SYNC.json
M02-RBL-0520,READING_BLOCKER,阅读阻塞残留,521,因子分解、势函数与归一化。,src/讲义源码/第03册_优化模型与序列模型/chapters/V3-C06.tex,194,466,高,表述过短，缺少可立即作答的自检与失败回看位置,删除内部审计句，把“因子分解、势函数与归一化。”扩写为“对象是什么—成立条件—核心关系—最小例—失败边界”五句。,CURRENT_SOURCE_PASS_B_M02_SYNC_R1,B_M02_CURRENT_SYNC.json
M02-RBL-0521,READING_BLOCKER,阅读阻塞残留,522,概率无向图模型的因子分解。,src/讲义源码/第03册_优化模型与序列模型/chapters/V3-C06.tex,198,463,高,对象、条件或最小例没有在首次阅读入口中同时出现,删除“需要解决的阅读阻塞/第一步/核验路线”等内部工作语，改为读者自检：“不看正文，能否说出‘概率无向图模型的因子分解。’的对象、条件和结论？不能则回看本节。”,CURRENT_SOURCE_PASS_B_M02_SYNC_R1,B_M02_CURRENT_SYNC.json
M02-RBL-0522,READING_BLOCKER,阅读阻塞残留,523,Hammersley--Clifford定理。,src/讲义源码/第03册_优化模型与序列模型/chapters/V3-C06.tex,212,467,高,需显式区分条件与结论，并标出证明中每个条件的使用位置,删除“需要解决的阅读阻塞/第一步/核验路线”等内部工作语，改为读者自检：“不看正文，能否说出‘Hammersley--Clifford定理。’的对象、条件和结论？不能则回看本节。”,CURRENT_SOURCE_PASS_B_M02_SYNC_R1,B_M02_CURRENT_SYNC.json
M02-RBL-0523,READING_BLOCKER,阅读阻塞残留,524,证明：合法支持上的Hammersley--Clifford因子分解。,src/讲义源码/第03册_优化模型与序列模型/chapters/V3-C06.tex,228,467,高,证明前缺少一句路线提示，读者不易预判关键变形,删除内部说明，改成读者可见的一句话：“证明先把目标改写为可比较的两边，再使用上游定义/定理完成关键变形。”并在证明前列出条件与结论。,CURRENT_SOURCE_PASS_B_M02_SYNC_R1,B_M02_CURRENT_SYNC.json
M02-RBL-0524,READING_BLOCKER,阅读阻塞残留,525,条件随机场的定义与形式。,src/讲义源码/第03册_优化模型与序列模型/chapters/V3-C06.tex,276,469,高,对象、条件或最小例没有在首次阅读入口中同时出现,删除“需要解决的阅读阻塞/第一步/核验路线”等内部工作语，改为读者自检：“不看正文，能否说出‘条件随机场的定义与形式。’的对象、条件和结论？不能则回看本节。”,CURRENT_SOURCE_PASS_B_M02_SYNC_R1,B_M02_CURRENT_SYNC.json
M02-RBL-0525,READING_BLOCKER,阅读阻塞残留,526,条件随机场的定义。,src/讲义源码/第03册_优化模型与序列模型/chapters/V3-C06.tex,280,463,高,对象、条件或最小例没有在首次阅读入口中同时出现,删除“需要解决的阅读阻塞/第一步/核验路线”等内部工作语，改为读者自检：“不看正文，能否说出‘条件随机场的定义。’的对象、条件和结论？不能则回看本节。”,CURRENT_SOURCE_PASS_B_M02_SYNC_R1,B_M02_CURRENT_SYNC.json
M02-RBL-0526,READING_BLOCKER,阅读阻塞残留,527,一般条件随机场。,src/讲义源码/第03册_优化模型与序列模型/chapters/V3-C06.tex,284,463,高,对象、条件或最小例没有在首次阅读入口中同时出现,删除“需要解决的阅读阻塞/第一步/核验路线”等内部工作语，改为读者自检：“不看正文，能否说出‘一般条件随机场。’的对象、条件和结论？不能则回看本节。”,CURRENT_SOURCE_PASS_B_M02_SYNC_R1,B_M02_CURRENT_SYNC.json
M02-RBL-0527,READING_BLOCKER,阅读阻塞残留,528,条件随机场。,src/讲义源码/第03册_优化模型与序列模型/chapters/V3-C06.tex,292,463,高,缺少可立即代入的最小数值例或非例,删除内部审计句，在“条件随机场。”后补一个2—3步的最小数值例或反例，并给出一个可立即作答的自检。,CURRENT_SOURCE_PASS_B_M02_SYNC_R1,B_M02_CURRENT_SYNC.json
M02-RBL-0528,READING_BLOCKER,阅读阻塞残留,529,线性链条件随机场。,src/讲义源码/第03册_优化模型与序列模型/chapters/V3-C06.tex,306,463,高,对象、条件或最小例没有在首次阅读入口中同时出现,删除“需要解决的阅读阻塞/第一步/核验路线”等内部工作语，改为读者自检：“不看正文，能否说出‘线性链条件随机场。’的对象、条件和结论？不能则回看本节。”,CURRENT_SOURCE_PASS_B_M02_SYNC_R1,B_M02_CURRENT_SYNC.json
M02-RBL-0529,READING_BLOCKER,阅读阻塞残留,530,线性链条件随机场的参数化形式。,src/讲义源码/第03册_优化模型与序列模型/chapters/V3-C06.tex,319,470,高,对象、条件或最小例没有在首次阅读入口中同时出现,删除“需要解决的阅读阻塞/第一步/核验路线”等内部工作语，改为读者自检：“不看正文，能否说出‘线性链条件随机场的参数化形式。’的对象、条件和结论？不能则回看本节。”,CURRENT_SOURCE_PASS_B_M02_SYNC_R1,B_M02_CURRENT_SYNC.json
M02-RBL-0530,READING_BLOCKER,阅读阻塞残留,531,概率计算。,src/讲义源码/第03册_优化模型与序列模型/chapters/V3-C06.tex,399,463,高,对象、条件或最小例没有在首次阅读入口中同时出现,删除“需要解决的阅读阻塞/第一步/核验路线”等内部工作语，改为读者自检：“不看正文，能否说出‘概率计算。’的对象、条件和结论？不能则回看本节。”,CURRENT_SOURCE_PASS_B_M02_SYNC_R1,B_M02_CURRENT_SYNC.json
M02-RBL-0531,READING_BLOCKER,阅读阻塞残留,532,期望值的计算。,src/讲义源码/第03册_优化模型与序列模型/chapters/V3-C06.tex,407,463,高,对象、条件或最小例没有在首次阅读入口中同时出现,删除“需要解决的阅读阻塞/第一步/核验路线”等内部工作语，改为读者自检：“不看正文，能否说出‘期望值的计算。’的对象、条件和结论？不能则回看本节。”,CURRENT_SOURCE_PASS_B_M02_SYNC_R1,B_M02_CURRENT_SYNC.json
M02-RBL-0532,READING_BLOCKER,阅读阻塞残留,533,条件随机场的学习算法。,src/讲义源码/第03册_优化模型与序列模型/chapters/V3-C06.tex,416,472,高,需把输入、状态、一次更新、停止与输出压缩成首次阅读主线,删除内部审计句，改为“输入—状态—初始化—一次更新—停止—输出”六行首次阅读卡；状态码和故障分支移到实现说明。,CURRENT_SOURCE_PASS_B_M02_SYNC_R1,B_M02_CURRENT_SYNC.json
M02-RBL-0533,READING_BLOCKER,阅读阻塞残留,534,改进的迭代尺度法。,src/讲义源码/第03册_优化模型与序列模型/chapters/V3-C06.tex,458,463,高,需把输入、状态、一次更新、停止与输出压缩成首次阅读主线,删除内部审计句，改为“输入—状态—初始化—一次更新—停止—输出”六行首次阅读卡；状态码和故障分支移到实现说明。,CURRENT_SOURCE_PASS_B_M02_SYNC_R1,B_M02_CURRENT_SYNC.json
M02-RBL-0534,READING_BLOCKER,阅读阻塞残留,535,条件随机场模型学习的改进的迭代尺度法。,src/讲义源码/第03册_优化模型与序列模型/chapters/V3-C06.tex,462,473,高,需把输入、状态、一次更新、停止与输出压缩成首次阅读主线,删除内部审计句，改为“输入—状态—初始化—一次更新—停止—输出”六行首次阅读卡；状态码和故障分支移到实现说明。,CURRENT_SOURCE_PASS_B_M02_SYNC_R1,B_M02_CURRENT_SYNC.json
M02-RBL-0535,READING_BLOCKER,阅读阻塞残留,536,拟牛顿法。,src/讲义源码/第03册_优化模型与序列模型/chapters/V3-C06.tex,479,463,高,需把输入、状态、一次更新、停止与输出压缩成首次阅读主线,删除内部审计句，改为“输入—状态—初始化—一次更新—停止—输出”六行首次阅读卡；状态码和故障分支移到实现说明。,CURRENT_SOURCE_PASS_B_M02_SYNC_R1,B_M02_CURRENT_SYNC.json
M02-RBL-0536,READING_BLOCKER,阅读阻塞残留,537,条件随机场模型学习的BFGS算法。,src/讲义源码/第03册_优化模型与序列模型/chapters/V3-C06.tex,483,474,高,需把输入、状态、一次更新、停止与输出压缩成首次阅读主线,删除内部审计句，改为“输入—状态—初始化—一次更新—停止—输出”六行首次阅读卡；状态码和故障分支移到实现说明。,CURRENT_SOURCE_PASS_B_M02_SYNC_R1,B_M02_CURRENT_SYNC.json
M02-RBL-0537,READING_BLOCKER,阅读阻塞残留,538,条件随机场的概率计算问题。,src/讲义源码/第03册_优化模型与序列模型/chapters/V3-C06.tex,508,474,高,对象、条件或最小例没有在首次阅读入口中同时出现,删除“需要解决的阅读阻塞/第一步/核验路线”等内部工作语，改为读者自检：“不看正文，能否说出‘条件随机场的概率计算问题。’的对象、条件和结论？不能则回看本节。”,CURRENT_SOURCE_PASS_B_M02_SYNC_R1,B_M02_CURRENT_SYNC.json
M02-RBL-0538,READING_BLOCKER,阅读阻塞残留,539,前向--后向算法。,src/讲义源码/第03册_优化模型与序列模型/chapters/V3-C06.tex,517,474,高,需把输入、状态、一次更新、停止与输出压缩成首次阅读主线,删除内部审计句，改为“输入—状态—初始化—一次更新—停止—输出”六行首次阅读卡；状态码和故障分支移到实现说明。,CURRENT_SOURCE_PASS_B_M02_SYNC_R1,B_M02_CURRENT_SYNC.json
M02-RBL-0539,READING_BLOCKER,阅读阻塞残留,540,条件随机场的预测算法。,src/讲义源码/第03册_优化模型与序列模型/chapters/V3-C06.tex,618,477,高,需把输入、状态、一次更新、停止与输出压缩成首次阅读主线,删除内部审计句，改为“输入—状态—初始化—一次更新—停止—输出”六行首次阅读卡；状态码和故障分支移到实现说明。,CURRENT_SOURCE_PASS_B_M02_SYNC_R1,B_M02_CURRENT_SYNC.json
M02-RBL-0540,READING_BLOCKER,阅读阻塞残留,541,条件随机场预测的Viterbi算法。,src/讲义源码/第03册_优化模型与序列模型/chapters/V3-C06.tex,632,477,高,需把输入、状态、一次更新、停止与输出压缩成首次阅读主线,删除内部审计句，改为“输入—状态—初始化—一次更新—停止—输出”六行首次阅读卡；状态码和故障分支移到实现说明。,CURRENT_SOURCE_PASS_B_M02_SYNC_R1,B_M02_CURRENT_SYNC.json
M02-RBL-0541,READING_BLOCKER,阅读阻塞残留,542,证明：Viterbi递推的最优性。,src/讲义源码/第03册_优化模型与序列模型/chapters/V3-C06.tex,652,477,高,证明前缺少一句路线提示，读者不易预判关键变形,删除内部说明，改成读者可见的一句话：“证明先把目标改写为可比较的两边，再使用上游定义/定理完成关键变形。”并在证明前列出条件与结论。,CURRENT_SOURCE_PASS_B_M02_SYNC_R1,B_M02_CURRENT_SYNC.json
M02-RBL-0542,READING_BLOCKER,阅读阻塞残留,543,适用条件与局限：序列标注例题与练习。,src/讲义源码/第03册_优化模型与序列模型/chapters/V3-C06.tex,703,479,高,边界说明缺少具体失败现象,删除内部审计句，改为四列表：触发条件｜失败现象｜可观察诊断｜修正动作；反例只破坏一个关键条件。,CURRENT_SOURCE_PASS_B_M02_SYNC_R1,B_M02_CURRENT_SYNC.json
M02-RBL-0543,READING_BLOCKER,阅读阻塞残留,544,本章结论与下一步。,src/讲义源码/第03册_优化模型与序列模型/chapters/V3-C06.tex,1173,478,高,缺少可立即代入的最小数值例或非例,删除内部审计句，在“本章结论与下一步。”后补一个2—3步的最小数值例或反例，并给出一个可立即作答的自检。,CURRENT_SOURCE_PASS_B_M02_SYNC_R1,B_M02_CURRENT_SYNC.json
M02-RBL-0544,READING_BLOCKER,阅读阻塞残留,545,本章地图：监督学习方法总结。,src/讲义源码/第03册_优化模型与序列模型/chapters/V3-C07.tex,13,487,高,缺少可立即代入的最小数值例或非例,删除内部审计句，在“本章地图：监督学习方法总结。”后补一个2—3步的最小数值例或反例，并给出一个可立即作答的自检。,CURRENT_SOURCE_PASS_B_M02_SYNC_R1,B_M02_CURRENT_SYNC.json
M02-RBL-0545,READING_BLOCKER,阅读阻塞残留,546,本章可检验学习目标。,src/讲义源码/第03册_优化模型与序列模型/chapters/V3-C07.tex,20,487,高,缺少可立即代入的最小数值例或非例,删除内部审计句，在“本章可检验学习目标。”后补一个2—3步的最小数值例或反例，并给出一个可立即作答的自检。,CURRENT_SOURCE_PASS_B_M02_SYNC_R1,B_M02_CURRENT_SYNC.json
M02-RBL-0546,READING_BLOCKER,阅读阻塞残留,547,最短先修。,src/讲义源码/第03册_优化模型与序列模型/chapters/V3-C07.tex,35,487,高,缺少可立即代入的最小数值例或非例,删除内部审计句，在“最短先修。”后补一个2—3步的最小数值例或反例，并给出一个可立即作答的自检。,CURRENT_SOURCE_PASS_B_M02_SYNC_R1,B_M02_CURRENT_SYNC.json
M02-RBL-0547,READING_BLOCKER,阅读阻塞残留,548,先修自检。,src/讲义源码/第03册_优化模型与序列模型/chapters/V3-C07.tex,45,487,高,缺少可立即代入的最小数值例或非例,删除内部审计句，在“先修自检。”后补一个2—3步的最小数值例或反例，并给出一个可立即作答的自检。,CURRENT_SOURCE_PASS_B_M02_SYNC_R1,B_M02_CURRENT_SYNC.json
M02-RBL-0548,READING_BLOCKER,阅读阻塞残留,549,模型认识卡：监督学习方案选择。,src/讲义源码/第03册_优化模型与序列模型/chapters/V3-C07.tex,70,488,高,缺少可立即代入的最小数值例或非例,删除内部审计句，在“模型认识卡：监督学习方案选择。”后补一个2—3步的最小数值例或反例，并给出一个可立即作答的自检。,CURRENT_SOURCE_PASS_B_M02_SYNC_R1,B_M02_CURRENT_SYNC.json
M02-RBL-0549,READING_BLOCKER,阅读阻塞残留,550,本章工作性框架：监督学习方案。,src/讲义源码/第03册_优化模型与序列模型/chapters/V3-C07.tex,124,489,高,缺少可立即代入的最小数值例或非例,删除内部审计句，在“本章工作性框架：监督学习方案。”后补一个2—3步的最小数值例或反例，并给出一个可立即作答的自检。,CURRENT_SOURCE_PASS_B_M02_SYNC_R1,B_M02_CURRENT_SYNC.json
M02-RBL-0550,READING_BLOCKER,阅读阻塞残留,551,学习策略。,src/讲义源码/第03册_优化模型与序列模型/chapters/V3-C07.tex,140,488,高,对象、条件或最小例没有在首次阅读入口中同时出现,删除“需要解决的阅读阻塞/第一步/核验路线”等内部工作语，改为读者自检：“不看正文，能否说出‘学习策略。’的对象、条件和结论？不能则回看本节。”,CURRENT_SOURCE_PASS_B_M02_SYNC_R1,B_M02_CURRENT_SYNC.json
M02-RBL-0551,READING_BLOCKER,阅读阻塞残留,552,学习算法。,src/讲义源码/第03册_优化模型与序列模型/chapters/V3-C07.tex,235,487,高,需把输入、状态、一次更新、停止与输出压缩成首次阅读主线,删除内部审计句，改为“输入—状态—初始化—一次更新—停止—输出”六行首次阅读卡；状态码和故障分支移到实现说明。,CURRENT_SOURCE_PASS_B_M02_SYNC_R1,B_M02_CURRENT_SYNC.json
M02-RBL-0552,READING_BLOCKER,阅读阻塞残留,553,易混淆概念对比：线性模型、核方法与集成方法。,src/讲义源码/第03册_优化模型与序列模型/chapters/V3-C07.tex,249,492,高,比较项缺少统一比较维度,删除“需要解决的阅读阻塞/第一步/核验路线”等内部工作语，改为读者自检：“不看正文，能否说出‘易混淆概念对比：线性模型、核方法与集成方法。’的对象、条件和结论？不能则回看本节。”,CURRENT_SOURCE_PASS_B_M02_SYNC_R1,B_M02_CURRENT_SYNC.json
M02-RBL-0553,READING_BLOCKER,阅读阻塞残留,554,受约束的监督学习方案选择流程。,src/讲义源码/第03册_优化模型与序列模型/chapters/V3-C07.tex,291,493,高,缺少可立即代入的最小数值例或非例,删除内部审计句，在“受约束的监督学习方案选择流程。”后补一个2—3步的最小数值例或反例，并给出一个可立即作答的自检。,CURRENT_SOURCE_PASS_B_M02_SYNC_R1,B_M02_CURRENT_SYNC.json
M02-RBL-0554,READING_BLOCKER,阅读阻塞残留,555,适用条件与局限：综合自检与学习路线。,src/讲义源码/第03册_优化模型与序列模型/chapters/V3-C07.tex,370,495,高,边界说明缺少具体失败现象,删除内部审计句，改为四列表：触发条件｜失败现象｜可观察诊断｜修正动作；反例只破坏一个关键条件。,CURRENT_SOURCE_PASS_B_M02_SYNC_R1,B_M02_CURRENT_SYNC.json
M02-RBL-0555,READING_BLOCKER,阅读阻塞残留,556,常见错误与误用边界：综合自检与学习路线。,src/讲义源码/第03册_优化模型与序列模型/chapters/V3-C07.tex,385,495,高,边界说明缺少具体失败现象,删除内部审计句，改为四列表：触发条件｜失败现象｜可观察诊断｜修正动作；反例只破坏一个关键条件。,CURRENT_SOURCE_PASS_B_M02_SYNC_R1,B_M02_CURRENT_SYNC.json
M02-RBL-0556,READING_BLOCKER,阅读阻塞残留,557,本章结论与下一步。,src/讲义源码/第03册_优化模型与序列模型/chapters/V3-C07.tex,684,492,高,单个知识块信息密度较高，需要先给一条阅读路线再进入细节；缺少可立即代入的最小数值例或非例,删除内部审计句，在“本章结论与下一步。”后补一个2—3步的最小数值例或反例，并给出一个可立即作答的自检。,CURRENT_SOURCE_PASS_B_M02_SYNC_R1,B_M02_CURRENT_SYNC.json
M02-RBL-0557,READING_BLOCKER,阅读阻塞残留,558,全册方法选择速查。,src/讲义源码/第03册_优化模型与序列模型/chapters/V3-C07.tex,688,492,高,缺少可立即代入的最小数值例或非例,删除内部审计句，在“全册方法选择速查。”后补一个2—3步的最小数值例或反例，并给出一个可立即作答的自检。,CURRENT_SOURCE_PASS_B_M02_SYNC_R1,B_M02_CURRENT_SYNC.json
M02-RBL-0558,READING_BLOCKER,阅读阻塞残留,559,模型选择的数学核对条件。,src/讲义源码/第03册_优化模型与序列模型/chapters/V3-C07.tex,692,500,高,缺少可立即代入的最小数值例或非例,删除内部审计句，在“模型选择的数学核对条件。”后补一个2—3步的最小数值例或反例，并给出一个可立即作答的自检。,CURRENT_SOURCE_PASS_B_M02_SYNC_R1,B_M02_CURRENT_SYNC.json
M02-RBL-0559,READING_BLOCKER,阅读阻塞残留,560,本章地图：无监督学习概论。,src/讲义源码/第04册_无监督学习与矩阵分解/chapters/V4-C01.tex,16,503,高,缺少可立即代入的最小数值例或非例,删除内部审计句，在“本章地图：无监督学习概论。”后补一个2—3步的最小数值例或反例，并给出一个可立即作答的自检。,CURRENT_SOURCE_PASS_B_M02_SYNC_R1,B_M02_CURRENT_SYNC.json
M02-RBL-0560,READING_BLOCKER,阅读阻塞残留,561,本章可检验学习目标。,src/讲义源码/第04册_无监督学习与矩阵分解/chapters/V4-C01.tex,23,503,高,缺少可立即代入的最小数值例或非例,删除内部审计句，在“本章可检验学习目标。”后补一个2—3步的最小数值例或反例，并给出一个可立即作答的自检。,CURRENT_SOURCE_PASS_B_M02_SYNC_R1,B_M02_CURRENT_SYNC.json
M02-RBL-0561,READING_BLOCKER,阅读阻塞残留,562,最短先修。,src/讲义源码/第04册_无监督学习与矩阵分解/chapters/V4-C01.tex,38,503,高,缺少可立即代入的最小数值例或非例,删除内部审计句，在“最短先修。”后补一个2—3步的最小数值例或反例，并给出一个可立即作答的自检。,CURRENT_SOURCE_PASS_B_M02_SYNC_R1,B_M02_CURRENT_SYNC.json
M02-RBL-0562,READING_BLOCKER,阅读阻塞残留,563,先修自检。,src/讲义源码/第04册_无监督学习与矩阵分解/chapters/V4-C01.tex,58,503,高,缺少可立即代入的最小数值例或非例,删除内部审计句，在“先修自检。”后补一个2—3步的最小数值例或反例，并给出一个可立即作答的自检。,CURRENT_SOURCE_PASS_B_M02_SYNC_R1,B_M02_CURRENT_SYNC.json
M02-RBL-0563,READING_BLOCKER,阅读阻塞残留,564,无监督学习基本原理。,src/讲义源码/第04册_无监督学习与矩阵分解/chapters/V4-C01.tex,127,505,高,对象、条件或最小例没有在首次阅读入口中同时出现,删除“需要解决的阅读阻塞/第一步/核验路线”等内部工作语，改为读者自检：“不看正文，能否说出‘无监督学习基本原理。’的对象、条件和结论？不能则回看本节。”,CURRENT_SOURCE_PASS_B_M02_SYNC_R1,B_M02_CURRENT_SYNC.json
M02-RBL-0564,READING_BLOCKER,阅读阻塞残留,565,无监督学习问题。,src/讲义源码/第04册_无监督学习与矩阵分解/chapters/V4-C01.tex,134,503,高,缺少可立即代入的最小数值例或非例；短段落内符号密度高，但符号角色未逐一落地,删除内部审计句，在“无监督学习问题。”后补一个2—3步的最小数值例或反例，并给出一个可立即作答的自检。,CURRENT_SOURCE_PASS_B_M02_SYNC_R1,B_M02_CURRENT_SYNC.json
M02-RBL-0565,READING_BLOCKER,阅读阻塞残留,566,无监督学习的基本问题。,src/讲义源码/第04册_无监督学习与矩阵分解/chapters/V4-C01.tex,153,505,高,对象、条件或最小例没有在首次阅读入口中同时出现,删除“需要解决的阅读阻塞/第一步/核验路线”等内部工作语，改为读者自检：“不看正文，能否说出‘无监督学习的基本问题。’的对象、条件和结论？不能则回看本节。”,CURRENT_SOURCE_PASS_B_M02_SYNC_R1,B_M02_CURRENT_SYNC.json
M02-RBL-0566,READING_BLOCKER,阅读阻塞残留,567,降维表示。,src/讲义源码/第04册_无监督学习与矩阵分解/chapters/V4-C01.tex,176,505,高,缺少可立即代入的最小数值例或非例,删除内部审计句，在“降维表示。”后补一个2—3步的最小数值例或反例，并给出一个可立即作答的自检。,CURRENT_SOURCE_PASS_B_M02_SYNC_R1,B_M02_CURRENT_SYNC.json
M02-RBL-0567,READING_BLOCKER,阅读阻塞残留,568,易混淆概念对比：基本方法与任务分类。,src/讲义源码/第04册_无监督学习与矩阵分解/chapters/V4-C01.tex,194,506,高,比较项缺少统一比较维度,删除“需要解决的阅读阻塞/第一步/核验路线”等内部工作语，改为读者自检：“不看正文，能否说出‘易混淆概念对比：基本方法与任务分类。’的对象、条件和结论？不能则回看本节。”,CURRENT_SOURCE_PASS_B_M02_SYNC_R1,B_M02_CURRENT_SYNC.json
M02-RBL-0568,READING_BLOCKER,阅读阻塞残留,569,机器学习三要素。,src/讲义源码/第04册_无监督学习与矩阵分解/chapters/V4-C01.tex,211,505,高,对象、条件或最小例没有在首次阅读入口中同时出现,删除“需要解决的阅读阻塞/第一步/核验路线”等内部工作语，改为读者自检：“不看正文，能否说出‘机器学习三要素。’的对象、条件和结论？不能则回看本节。”,CURRENT_SOURCE_PASS_B_M02_SYNC_R1,B_M02_CURRENT_SYNC.json
M02-RBL-0569,READING_BLOCKER,阅读阻塞残留,570,证明：均匀先验下的后验排序。,src/讲义源码/第04册_无监督学习与矩阵分解/chapters/V4-C01.tex,267,508,高,证明前缺少一句路线提示，读者不易预判关键变形,删除内部说明，改成读者可见的一句话：“证明先把目标改写为可比较的两边，再使用上游定义/定理完成关键变形。”并在证明前列出条件与结论。,CURRENT_SOURCE_PASS_B_M02_SYNC_R1,B_M02_CURRENT_SYNC.json
M02-RBL-0570,READING_BLOCKER,阅读阻塞残留,571,无监督模型的重复验证与选择。,src/讲义源码/第04册_无监督学习与矩阵分解/chapters/V4-C01.tex,334,510,高,未在同一入口集中说明输入对象；未在同一入口集中说明输出证书,删除内部审计句，改为“输入—状态—初始化—一次更新—停止—输出”六行首次阅读卡；状态码和故障分支移到实现说明。,CURRENT_SOURCE_PASS_B_M02_SYNC_R1,B_M02_CURRENT_SYNC.json
M02-RBL-0571,READING_BLOCKER,阅读阻塞残留,572,复杂度分析：评价、选择与应用。,src/讲义源码/第04册_无监督学习与矩阵分解/chapters/V4-C01.tex,395,512,高,边界说明缺少具体失败现象,删除内部审计句，改为四列表：触发条件｜失败现象｜可观察诊断｜修正动作；反例只破坏一个关键条件。,CURRENT_SOURCE_PASS_B_M02_SYNC_R1,B_M02_CURRENT_SYNC.json
M02-RBL-0572,READING_BLOCKER,阅读阻塞残留,573,适用条件与局限：评价、选择与应用。,src/讲义源码/第04册_无监督学习与矩阵分解/chapters/V4-C01.tex,409,512,高,边界说明缺少具体失败现象,删除内部审计句，改为四列表：触发条件｜失败现象｜可观察诊断｜修正动作；反例只破坏一个关键条件。,CURRENT_SOURCE_PASS_B_M02_SYNC_R1,B_M02_CURRENT_SYNC.json
M02-RBL-0573,READING_BLOCKER,阅读阻塞残留,574,常见错误与误用边界：评价、选择与应用。,src/讲义源码/第04册_无监督学习与矩阵分解/chapters/V4-C01.tex,424,513,高,边界说明缺少具体失败现象,删除内部审计句，改为四列表：触发条件｜失败现象｜可观察诊断｜修正动作；反例只破坏一个关键条件。,CURRENT_SOURCE_PASS_B_M02_SYNC_R1,B_M02_CURRENT_SYNC.json
M02-RBL-0574,READING_BLOCKER,阅读阻塞残留,575,易混淆概念对比：评价、选择与应用。,src/讲义源码/第04册_无监督学习与矩阵分解/chapters/V4-C01.tex,440,513,高,比较项缺少统一比较维度,删除“需要解决的阅读阻塞/第一步/核验路线”等内部工作语，改为读者自检：“不看正文，能否说出‘易混淆概念对比：评价、选择与应用。’的对象、条件和结论？不能则回看本节。”,CURRENT_SOURCE_PASS_B_M02_SYNC_R1,B_M02_CURRENT_SYNC.json
M02-RBL-0575,READING_BLOCKER,阅读阻塞残留,576,本章结论与下一步。,src/讲义源码/第04册_无监督学习与矩阵分解/chapters/V4-C01.tex,760,507,高,缺少可立即代入的最小数值例或非例,删除内部审计句，在“本章结论与下一步。”后补一个2—3步的最小数值例或反例，并给出一个可立即作答的自检。,CURRENT_SOURCE_PASS_B_M02_SYNC_R1,B_M02_CURRENT_SYNC.json
M02-RBL-0576,READING_BLOCKER,阅读阻塞残留,577,本章地图：聚类方法。,src/讲义源码/第04册_无监督学习与矩阵分解/chapters/V4-C02.tex,17,519,高,缺少可立即代入的最小数值例或非例,删除内部审计句，在“本章地图：聚类方法。”后补一个2—3步的最小数值例或反例，并给出一个可立即作答的自检。,CURRENT_SOURCE_PASS_B_M02_SYNC_R1,B_M02_CURRENT_SYNC.json
M02-RBL-0577,READING_BLOCKER,阅读阻塞残留,578,本章可检验学习目标。,src/讲义源码/第04册_无监督学习与矩阵分解/chapters/V4-C02.tex,24,519,高,缺少可立即代入的最小数值例或非例,删除内部审计句，在“本章可检验学习目标。”后补一个2—3步的最小数值例或反例，并给出一个可立即作答的自检。,CURRENT_SOURCE_PASS_B_M02_SYNC_R1,B_M02_CURRENT_SYNC.json
M02-RBL-0578,READING_BLOCKER,阅读阻塞残留,579,最短先修。,src/讲义源码/第04册_无监督学习与矩阵分解/chapters/V4-C02.tex,39,519,高,缺少可立即代入的最小数值例或非例,删除内部审计句，在“最短先修。”后补一个2—3步的最小数值例或反例，并给出一个可立即作答的自检。,CURRENT_SOURCE_PASS_B_M02_SYNC_R1,B_M02_CURRENT_SYNC.json
M02-RBL-0579,READING_BLOCKER,阅读阻塞残留,580,先修自检。,src/讲义源码/第04册_无监督学习与矩阵分解/chapters/V4-C02.tex,49,519,高,缺少可立即代入的最小数值例或非例,删除内部审计句，在“先修自检。”后补一个2—3步的最小数值例或反例，并给出一个可立即作答的自检。,CURRENT_SOURCE_PASS_B_M02_SYNC_R1,B_M02_CURRENT_SYNC.json
M02-RBL-0580,READING_BLOCKER,阅读阻塞残留,581,聚类方法。,src/讲义源码/第04册_无监督学习与矩阵分解/chapters/V4-C02.tex,112,519,高,对象、条件或最小例没有在首次阅读入口中同时出现,删除“需要解决的阅读阻塞/第一步/核验路线”等内部工作语，改为读者自检：“不看正文，能否说出‘聚类方法。’的对象、条件和结论？不能则回看本节。”,CURRENT_SOURCE_PASS_B_M02_SYNC_R1,B_M02_CURRENT_SYNC.json
M02-RBL-0581,READING_BLOCKER,阅读阻塞残留,582,聚类的基本概念。,src/讲义源码/第04册_无监督学习与矩阵分解/chapters/V4-C02.tex,122,520,高,对象、条件或最小例没有在首次阅读入口中同时出现,删除“需要解决的阅读阻塞/第一步/核验路线”等内部工作语，改为读者自检：“不看正文，能否说出‘聚类的基本概念。’的对象、条件和结论？不能则回看本节。”,CURRENT_SOURCE_PASS_B_M02_SYNC_R1,B_M02_CURRENT_SYNC.json
M02-RBL-0582,READING_BLOCKER,阅读阻塞残留,583,硬聚类。,src/讲义源码/第04册_无监督学习与矩阵分解/chapters/V4-C02.tex,129,520,高,缺少可立即代入的最小数值例或非例,删除内部审计句，在“硬聚类。”后补一个2—3步的最小数值例或反例，并给出一个可立即作答的自检。,CURRENT_SOURCE_PASS_B_M02_SYNC_R1,B_M02_CURRENT_SYNC.json
M02-RBL-0583,READING_BLOCKER,阅读阻塞残留,584,工作性检查表：四种类内阈值。,src/讲义源码/第04册_无监督学习与矩阵分解/chapters/V4-C02.tex,145,521,高,缺少可立即代入的最小数值例或非例,删除内部审计句，在“工作性检查表：四种类内阈值。”后补一个2—3步的最小数值例或反例，并给出一个可立即作答的自检。,CURRENT_SOURCE_PASS_B_M02_SYNC_R1,B_M02_CURRENT_SYNC.json
M02-RBL-0584,READING_BLOCKER,阅读阻塞残留,585,相似度或距离。,src/讲义源码/第04册_无监督学习与矩阵分解/chapters/V4-C02.tex,165,520,高,对象、条件或最小例没有在首次阅读入口中同时出现,删除“需要解决的阅读阻塞/第一步/核验路线”等内部工作语，改为读者自检：“不看正文，能否说出‘相似度或距离。’的对象、条件和结论？不能则回看本节。”,CURRENT_SOURCE_PASS_B_M02_SYNC_R1,B_M02_CURRENT_SYNC.json
M02-RBL-0585,READING_BLOCKER,阅读阻塞残留,586,夹角余弦。,src/讲义源码/第04册_无监督学习与矩阵分解/chapters/V4-C02.tex,186,522,高,对象、条件或最小例没有在首次阅读入口中同时出现,删除“需要解决的阅读阻塞/第一步/核验路线”等内部工作语，改为读者自检：“不看正文，能否说出‘夹角余弦。’的对象、条件和结论？不能则回看本节。”,CURRENT_SOURCE_PASS_B_M02_SYNC_R1,B_M02_CURRENT_SYNC.json
M02-RBL-0586,READING_BLOCKER,阅读阻塞残留,587,相关系数。,src/讲义源码/第04册_无监督学习与矩阵分解/chapters/V4-C02.tex,198,522,高,比较维度没有完全对齐，读者容易只记名称而不记适用条件,删除“需要解决的阅读阻塞/第一步/核验路线”等内部工作语，改为读者自检：“不看正文，能否说出‘相关系数。’的对象、条件和结论？不能则回看本节。”,CURRENT_SOURCE_PASS_B_M02_SYNC_R1,B_M02_CURRENT_SYNC.json
M02-RBL-0587,READING_BLOCKER,阅读阻塞残留,588,全直径阈值类。,src/讲义源码/第04册_无监督学习与矩阵分解/chapters/V4-C02.tex,212,522,高,对象、条件或最小例没有在首次阅读入口中同时出现,删除“需要解决的阅读阻塞/第一步/核验路线”等内部工作语，改为读者自检：“不看正文，能否说出‘全直径阈值类。’的对象、条件和结论？不能则回看本节。”,CURRENT_SOURCE_PASS_B_M02_SYNC_R1,B_M02_CURRENT_SYNC.json
M02-RBL-0588,READING_BLOCKER,阅读阻塞残留,589,近邻连通阈值类。,src/讲义源码/第04册_无监督学习与矩阵分解/chapters/V4-C02.tex,216,522,高,对象、条件或最小例没有在首次阅读入口中同时出现,删除“需要解决的阅读阻塞/第一步/核验路线”等内部工作语，改为读者自检：“不看正文，能否说出‘近邻连通阈值类。’的对象、条件和结论？不能则回看本节。”,CURRENT_SOURCE_PASS_B_M02_SYNC_R1,B_M02_CURRENT_SYNC.json
M02-RBL-0589,READING_BLOCKER,阅读阻塞残留,590,平均距离阈值类。,src/讲义源码/第04册_无监督学习与矩阵分解/chapters/V4-C02.tex,220,522,高,对象、条件或最小例没有在首次阅读入口中同时出现,删除“需要解决的阅读阻塞/第一步/核验路线”等内部工作语，改为读者自检：“不看正文，能否说出‘平均距离阈值类。’的对象、条件和结论？不能则回看本节。”,CURRENT_SOURCE_PASS_B_M02_SYNC_R1,B_M02_CURRENT_SYNC.json
M02-RBL-0590,READING_BLOCKER,阅读阻塞残留,591,层次聚类。,src/讲义源码/第04册_无监督学习与矩阵分解/chapters/V4-C02.tex,265,522,高,对象、条件或最小例没有在首次阅读入口中同时出现,删除“需要解决的阅读阻塞/第一步/核验路线”等内部工作语，改为读者自检：“不看正文，能否说出‘层次聚类。’的对象、条件和结论？不能则回看本节。”,CURRENT_SOURCE_PASS_B_M02_SYNC_R1,B_M02_CURRENT_SYNC.json
M02-RBL-0591,READING_BLOCKER,阅读阻塞残留,592,聚合聚类算法。,src/讲义源码/第04册_无监督学习与矩阵分解/chapters/V4-C02.tex,277,524,高,需把输入、状态、一次更新、停止与输出压缩成首次阅读主线,删除内部审计句，改为“输入—状态—初始化—一次更新—停止—输出”六行首次阅读卡；状态码和故障分支移到实现说明。,CURRENT_SOURCE_PASS_B_M02_SYNC_R1,B_M02_CURRENT_SYNC.json
M02-RBL-0592,READING_BLOCKER,阅读阻塞残留,593,聚合层次聚类。,src/讲义源码/第04册_无监督学习与矩阵分解/chapters/V4-C02.tex,296,519,高,未在同一入口集中说明输入对象；未在同一入口集中说明输出证书,删除内部审计句，改为“输入—状态—初始化—一次更新—停止—输出”六行首次阅读卡；状态码和故障分支移到实现说明。,CURRENT_SOURCE_PASS_B_M02_SYNC_R1,B_M02_CURRENT_SYNC.json
M02-RBL-0593,READING_BLOCKER,阅读阻塞残留,594,复杂度分析：层次聚类。,src/讲义源码/第04册_无监督学习与矩阵分解/chapters/V4-C02.tex,345,526,高,边界说明缺少具体失败现象,删除内部审计句，改为四列表：触发条件｜失败现象｜可观察诊断｜修正动作；反例只破坏一个关键条件。,CURRENT_SOURCE_PASS_B_M02_SYNC_R1,B_M02_CURRENT_SYNC.json
M02-RBL-0594,READING_BLOCKER,阅读阻塞残留,595,k均值聚类。,src/讲义源码/第04册_无监督学习与矩阵分解/chapters/V4-C02.tex,357,526,高,对象、条件或最小例没有在首次阅读入口中同时出现,删除“需要解决的阅读阻塞/第一步/核验路线”等内部工作语，改为读者自检：“不看正文，能否说出‘k均值聚类。’的对象、条件和结论？不能则回看本节。”,CURRENT_SOURCE_PASS_B_M02_SYNC_R1,B_M02_CURRENT_SYNC.json
M02-RBL-0595,READING_BLOCKER,阅读阻塞残留,596,策略。,src/讲义源码/第04册_无监督学习与矩阵分解/chapters/V4-C02.tex,368,526,高,对象、条件或最小例没有在首次阅读入口中同时出现,删除“需要解决的阅读阻塞/第一步/核验路线”等内部工作语，改为读者自检：“不看正文，能否说出‘策略。’的对象、条件和结论？不能则回看本节。”,CURRENT_SOURCE_PASS_B_M02_SYNC_R1,B_M02_CURRENT_SYNC.json
M02-RBL-0596,READING_BLOCKER,阅读阻塞残留,597,算法特性。,src/讲义源码/第04册_无监督学习与矩阵分解/chapters/V4-C02.tex,420,526,高,需把输入、状态、一次更新、停止与输出压缩成首次阅读主线,删除内部审计句，改为“输入—状态—初始化—一次更新—停止—输出”六行首次阅读卡；状态码和故障分支移到实现说明。,CURRENT_SOURCE_PASS_B_M02_SYNC_R1,B_M02_CURRENT_SYNC.json
M02-RBL-0597,READING_BLOCKER,阅读阻塞残留,598,证明：的单调下降与有限终止。,src/讲义源码/第04册_无监督学习与矩阵分解/chapters/V4-C02.tex,432,528,高,证明前缺少一句路线提示，读者不易预判关键变形,删除内部说明，改成读者可见的一句话：“证明先把目标改写为可比较的两边，再使用上游定义/定理完成关键变形。”并在证明前列出条件与结论。,CURRENT_SOURCE_PASS_B_M02_SYNC_R1,B_M02_CURRENT_SYNC.json
M02-RBL-0598,READING_BLOCKER,阅读阻塞残留,599,算法。,src/讲义源码/第04册_无监督学习与矩阵分解/chapters/V4-C02.tex,468,526,高,需把输入、状态、一次更新、停止与输出压缩成首次阅读主线,删除内部审计句，改为“输入—状态—初始化—一次更新—停止—输出”六行首次阅读卡；状态码和故障分支移到实现说明。,CURRENT_SOURCE_PASS_B_M02_SYNC_R1,B_M02_CURRENT_SYNC.json
M02-RBL-0599,READING_BLOCKER,阅读阻塞残留,600,k均值聚类算法。,src/讲义源码/第04册_无监督学习与矩阵分解/chapters/V4-C02.tex,472,526,高,需把输入、状态、一次更新、停止与输出压缩成首次阅读主线,删除内部审计句，改为“输入—状态—初始化—一次更新—停止—输出”六行首次阅读卡；状态码和故障分支移到实现说明。,CURRENT_SOURCE_PASS_B_M02_SYNC_R1,B_M02_CURRENT_SYNC.json
M02-RBL-0600,READING_BLOCKER,阅读阻塞残留,601,带空类保护的单启动。,src/讲义源码/第04册_无监督学习与矩阵分解/chapters/V4-C02.tex,509,526,高,未在同一入口集中说明输入对象；未在同一入口集中说明输出证书,删除内部审计句，改为“输入—状态—初始化—一次更新—停止—输出”六行首次阅读卡；状态码和故障分支移到实现说明。,CURRENT_SOURCE_PASS_B_M02_SYNC_R1,B_M02_CURRENT_SYNC.json
M02-RBL-0601,READING_BLOCKER,阅读阻塞残留,602,的逐空类修复子程序：执行契约。,src/讲义源码/第04册_无监督学习与矩阵分解/chapters/V4-C02.tex,551,531,高,单个知识块信息密度较高，需要先给一条阅读路线再进入细节；未在同一入口集中说明输出证书,删除内部审计句，改为“输入—状态—初始化—一次更新—停止—输出”六行首次阅读卡；状态码和故障分支移到实现说明。,CURRENT_SOURCE_PASS_B_M02_SYNC_R1,B_M02_CURRENT_SYNC.json
M02-RBL-0602,READING_BLOCKER,阅读阻塞残留,603,复杂度分析：k均值算法与收敛。,src/讲义源码/第04册_无监督学习与矩阵分解/chapters/V4-C02.tex,677,533,高,边界说明缺少具体失败现象,删除内部审计句，改为四列表：触发条件｜失败现象｜可观察诊断｜修正动作；反例只破坏一个关键条件。,CURRENT_SOURCE_PASS_B_M02_SYNC_R1,B_M02_CURRENT_SYNC.json
M02-RBL-0603,READING_BLOCKER,阅读阻塞残留,604,适用条件与局限：类别数 k 的选择。,src/讲义源码/第04册_无监督学习与矩阵分解/chapters/V4-C02.tex,702,534,高,边界说明缺少具体失败现象,删除内部审计句，改为四列表：触发条件｜失败现象｜可观察诊断｜修正动作；反例只破坏一个关键条件。,CURRENT_SOURCE_PASS_B_M02_SYNC_R1,B_M02_CURRENT_SYNC.json
M02-RBL-0604,READING_BLOCKER,阅读阻塞残留,605,常见错误与误用边界：类别数 k 的选择。,src/讲义源码/第04册_无监督学习与矩阵分解/chapters/V4-C02.tex,717,535,高,边界说明缺少具体失败现象,删除内部审计句，改为四列表：触发条件｜失败现象｜可观察诊断｜修正动作；反例只破坏一个关键条件。,CURRENT_SOURCE_PASS_B_M02_SYNC_R1,B_M02_CURRENT_SYNC.json
M02-RBL-0605,READING_BLOCKER,阅读阻塞残留,606,易混淆概念对比：类别数 k 的选择。,src/讲义源码/第04册_无监督学习与矩阵分解/chapters/V4-C02.tex,734,535,高,比较项缺少统一比较维度,删除“需要解决的阅读阻塞/第一步/核验路线”等内部工作语，改为读者自检：“不看正文，能否说出‘易混淆概念对比：类别数 k 的选择。’的对象、条件和结论？不能则回看本节。”,CURRENT_SOURCE_PASS_B_M02_SYNC_R1,B_M02_CURRENT_SYNC.json
M02-RBL-0606,READING_BLOCKER,阅读阻塞残留,607,本章结论与下一步。,src/讲义源码/第04册_无监督学习与矩阵分解/chapters/V4-C02.tex,1109,535,高,缺少可立即代入的最小数值例或非例,删除内部审计句，在“本章结论与下一步。”后补一个2—3步的最小数值例或反例，并给出一个可立即作答的自检。,CURRENT_SOURCE_PASS_B_M02_SYNC_R1,B_M02_CURRENT_SYNC.json
M02-RBL-0607,READING_BLOCKER,阅读阻塞残留,608,本章可检验学习目标。,src/讲义源码/第04册_无监督学习与矩阵分解/chapters/V4-C03.tex,18,542,高,缺少可立即代入的最小数值例或非例,删除内部审计句，在“本章可检验学习目标。”后补一个2—3步的最小数值例或反例，并给出一个可立即作答的自检。,CURRENT_SOURCE_PASS_B_M02_SYNC_R1,B_M02_CURRENT_SYNC.json
M02-RBL-0608,READING_BLOCKER,阅读阻塞残留,609,最短先修。,src/讲义源码/第04册_无监督学习与矩阵分解/chapters/V4-C03.tex,33,542,高,缺少可立即代入的最小数值例或非例,删除内部审计句，在“最短先修。”后补一个2—3步的最小数值例或反例，并给出一个可立即作答的自检。,CURRENT_SOURCE_PASS_B_M02_SYNC_R1,B_M02_CURRENT_SYNC.json
M02-RBL-0609,READING_BLOCKER,阅读阻塞残留,610,先修自检。,src/讲义源码/第04册_无监督学习与矩阵分解/chapters/V4-C03.tex,47,542,高,缺少可立即代入的最小数值例或非例,删除内部审计句，在“先修自检。”后补一个2—3步的最小数值例或反例，并给出一个可立即作答的自检。,CURRENT_SOURCE_PASS_B_M02_SYNC_R1,B_M02_CURRENT_SYNC.json
M02-RBL-0610,READING_BLOCKER,阅读阻塞残留,611,奇异值分解。,src/讲义源码/第04册_无监督学习与矩阵分解/chapters/V4-C03.tex,113,542,高,对象、条件或最小例没有在首次阅读入口中同时出现,删除“需要解决的阅读阻塞/第一步/核验路线”等内部工作语，改为读者自检：“不看正文，能否说出‘奇异值分解。’的对象、条件和结论？不能则回看本节。”,CURRENT_SOURCE_PASS_B_M02_SYNC_R1,B_M02_CURRENT_SYNC.json
M02-RBL-0611,READING_BLOCKER,阅读阻塞残留,612,奇异值分解的定义与性质。,src/讲义源码/第04册_无监督学习与矩阵分解/chapters/V4-C03.tex,123,543,高,对象、条件或最小例没有在首次阅读入口中同时出现,删除“需要解决的阅读阻塞/第一步/核验路线”等内部工作语，改为读者自检：“不看正文，能否说出‘奇异值分解的定义与性质。’的对象、条件和结论？不能则回看本节。”,CURRENT_SOURCE_PASS_B_M02_SYNC_R1,B_M02_CURRENT_SYNC.json
M02-RBL-0612,READING_BLOCKER,阅读阻塞残留,613,定义与定理。,src/讲义源码/第04册_无监督学习与矩阵分解/chapters/V4-C03.tex,127,543,高,需显式区分条件与结论，并标出证明中每个条件的使用位置,删除“需要解决的阅读阻塞/第一步/核验路线”等内部工作语，改为读者自检：“不看正文，能否说出‘定义与定理。’的对象、条件和结论？不能则回看本节。”,CURRENT_SOURCE_PASS_B_M02_SYNC_R1,B_M02_CURRENT_SYNC.json
M02-RBL-0613,READING_BLOCKER,阅读阻塞残留,614,奇异值分解的矩阵因子形式。,src/讲义源码/第04册_无监督学习与矩阵分解/chapters/V4-C03.tex,131,544,高,对象、条件或最小例没有在首次阅读入口中同时出现,删除“需要解决的阅读阻塞/第一步/核验路线”等内部工作语，改为读者自检：“不看正文，能否说出‘奇异值分解的矩阵因子形式。’的对象、条件和结论？不能则回看本节。”,CURRENT_SOURCE_PASS_B_M02_SYNC_R1,B_M02_CURRENT_SYNC.json
M02-RBL-0614,READING_BLOCKER,阅读阻塞残留,615,完整奇异值分解。,src/讲义源码/第04册_无监督学习与矩阵分解/chapters/V4-C03.tex,140,543,高,缺少可立即代入的最小数值例或非例,删除内部审计句，在“完整奇异值分解。”后补一个2—3步的最小数值例或反例，并给出一个可立即作答的自检。,CURRENT_SOURCE_PASS_B_M02_SYNC_R1,B_M02_CURRENT_SYNC.json
M02-RBL-0615,READING_BLOCKER,阅读阻塞残留,616,奇异值分解基本定理。,src/讲义源码/第04册_无监督学习与矩阵分解/chapters/V4-C03.tex,190,545,高,需显式区分条件与结论，并标出证明中每个条件的使用位置,删除“需要解决的阅读阻塞/第一步/核验路线”等内部工作语，改为读者自检：“不看正文，能否说出‘奇异值分解基本定理。’的对象、条件和结论？不能则回看本节。”,CURRENT_SOURCE_PASS_B_M02_SYNC_R1,B_M02_CURRENT_SYNC.json
M02-RBL-0616,READING_BLOCKER,阅读阻塞残留,617,奇异值分解存在性。,src/讲义源码/第04册_无监督学习与矩阵分解/chapters/V4-C03.tex,248,543,高,定理陈述中的对象与条件入口不够醒目,删除“需要解决的阅读阻塞/第一步/核验路线”等内部工作语，改为读者自检：“不看正文，能否说出‘奇异值分解存在性。’的对象、条件和结论？不能则回看本节。”,CURRENT_SOURCE_PASS_B_M02_SYNC_R1,B_M02_CURRENT_SYNC.json
M02-RBL-0617,READING_BLOCKER,阅读阻塞残留,618,证明：奇异值分解存在性。,src/讲义源码/第04册_无监督学习与矩阵分解/chapters/V4-C03.tex,258,546,高,证明前缺少一句路线提示，读者不易预判关键变形,删除内部说明，改成读者可见的一句话：“证明先把目标改写为可比较的两边，再使用上游定义/定理完成关键变形。”并在证明前列出条件与结论。,CURRENT_SOURCE_PASS_B_M02_SYNC_R1,B_M02_CURRENT_SYNC.json
M02-RBL-0618,READING_BLOCKER,阅读阻塞残留,619,证明：谱范数与最小放大率。,src/讲义源码/第04册_无监督学习与矩阵分解/chapters/V4-C03.tex,308,547,高,证明前缺少一句路线提示，读者不易预判关键变形；短段落内符号密度高，但符号角色未逐一落地,删除内部说明，改成读者可见的一句话：“证明先把目标改写为可比较的两边，再使用上游定义/定理完成关键变形。”并在证明前列出条件与结论。,CURRENT_SOURCE_PASS_B_M02_SYNC_R1,B_M02_CURRENT_SYNC.json
M02-RBL-0619,READING_BLOCKER,阅读阻塞残留,620,紧奇异值分解与截断奇异值分解。,src/讲义源码/第04册_无监督学习与矩阵分解/chapters/V4-C03.tex,322,548,高,对象、条件或最小例没有在首次阅读入口中同时出现,删除“需要解决的阅读阻塞/第一步/核验路线”等内部工作语，改为读者自检：“不看正文，能否说出‘紧奇异值分解与截断奇异值分解。’的对象、条件和结论？不能则回看本节。”,CURRENT_SOURCE_PASS_B_M02_SYNC_R1,B_M02_CURRENT_SYNC.json
M02-RBL-0620,READING_BLOCKER,阅读阻塞残留,621,紧奇异值分解。,src/讲义源码/第04册_无监督学习与矩阵分解/chapters/V4-C03.tex,326,547,高,对象、条件或最小例没有在首次阅读入口中同时出现,删除“需要解决的阅读阻塞/第一步/核验路线”等内部工作语，改为读者自检：“不看正文，能否说出‘紧奇异值分解。’的对象、条件和结论？不能则回看本节。”,CURRENT_SOURCE_PASS_B_M02_SYNC_R1,B_M02_CURRENT_SYNC.json
M02-RBL-0621,READING_BLOCKER,阅读阻塞残留,622,紧奇异值分解。,src/讲义源码/第04册_无监督学习与矩阵分解/chapters/V4-C03.tex,334,548,高,缺少可立即代入的最小数值例或非例,删除内部审计句，在“紧奇异值分解。”后补一个2—3步的最小数值例或反例，并给出一个可立即作答的自检。,CURRENT_SOURCE_PASS_B_M02_SYNC_R1,B_M02_CURRENT_SYNC.json
M02-RBL-0622,READING_BLOCKER,阅读阻塞残留,623,零矩阵的秩 0 紧SVD。,src/讲义源码/第04册_无监督学习与矩阵分解/chapters/V4-C03.tex,353,548,高,缺少可立即代入的最小数值例或非例；短段落内符号密度高，但符号角色未逐一落地,删除内部审计句，在“零矩阵的秩 0 紧SVD。”后补一个2—3步的最小数值例或反例，并给出一个可立即作答的自检。,CURRENT_SOURCE_PASS_B_M02_SYNC_R1,B_M02_CURRENT_SYNC.json
M02-RBL-0623,READING_BLOCKER,阅读阻塞残留,624,截断奇异值分解。,src/讲义源码/第04册_无监督学习与矩阵分解/chapters/V4-C03.tex,405,548,高,对象、条件或最小例没有在首次阅读入口中同时出现,删除“需要解决的阅读阻塞/第一步/核验路线”等内部工作语，改为读者自检：“不看正文，能否说出‘截断奇异值分解。’的对象、条件和结论？不能则回看本节。”,CURRENT_SOURCE_PASS_B_M02_SYNC_R1,B_M02_CURRENT_SYNC.json
M02-RBL-0624,READING_BLOCKER,阅读阻塞残留,625,截断奇异值分解。,src/讲义源码/第04册_无监督学习与矩阵分解/chapters/V4-C03.tex,411,548,高,短段落内符号密度高，但符号角色未逐一落地,删除内部审计句，先用自然语言解释符号角色，再分两行写公式；每行只引入一个新对象。,CURRENT_SOURCE_PASS_B_M02_SYNC_R1,B_M02_CURRENT_SYNC.json
M02-RBL-0625,READING_BLOCKER,阅读阻塞残留,626,易混淆概念对比：紧致与截断SVD。,src/讲义源码/第04册_无监督学习与矩阵分解/chapters/V4-C03.tex,430,550,高,比较项缺少统一比较维度,删除“需要解决的阅读阻塞/第一步/核验路线”等内部工作语，改为读者自检：“不看正文，能否说出‘易混淆概念对比：紧致与截断SVD。’的对象、条件和结论？不能则回看本节。”,CURRENT_SOURCE_PASS_B_M02_SYNC_R1,B_M02_CURRENT_SYNC.json
M02-RBL-0626,READING_BLOCKER,阅读阻塞残留,627,复杂度分析：SVD的计算。,src/讲义源码/第04册_无监督学习与矩阵分解/chapters/V4-C03.tex,555,553,高,边界说明缺少具体失败现象,删除内部审计句，改为四列表：触发条件｜失败现象｜可观察诊断｜修正动作；反例只破坏一个关键条件。,CURRENT_SOURCE_PASS_B_M02_SYNC_R1,B_M02_CURRENT_SYNC.json
M02-RBL-0627,READING_BLOCKER,阅读阻塞残留,628,奇异值分解与矩阵近似。,src/讲义源码/第04册_无监督学习与矩阵分解/chapters/V4-C03.tex,567,553,高,对象、条件或最小例没有在首次阅读入口中同时出现,删除“需要解决的阅读阻塞/第一步/核验路线”等内部工作语，改为读者自检：“不看正文，能否说出‘奇异值分解与矩阵近似。’的对象、条件和结论？不能则回看本节。”,CURRENT_SOURCE_PASS_B_M02_SYNC_R1,B_M02_CURRENT_SYNC.json
M02-RBL-0628,READING_BLOCKER,阅读阻塞残留,629,弗罗贝尼乌斯范数。,src/讲义源码/第04册_无监督学习与矩阵分解/chapters/V4-C03.tex,571,548,高,对象、条件或最小例没有在首次阅读入口中同时出现,删除“需要解决的阅读阻塞/第一步/核验路线”等内部工作语，改为读者自检：“不看正文，能否说出‘弗罗贝尼乌斯范数。’的对象、条件和结论？不能则回看本节。”,CURRENT_SOURCE_PASS_B_M02_SYNC_R1,B_M02_CURRENT_SYNC.json
M02-RBL-0629,READING_BLOCKER,阅读阻塞残留,630,Frobenius范数。,src/讲义源码/第04册_无监督学习与矩阵分解/chapters/V4-C03.tex,579,542,高,缺少可立即代入的最小数值例或非例,删除内部审计句，在“Frobenius范数。”后补一个2—3步的最小数值例或反例，并给出一个可立即作答的自检。,CURRENT_SOURCE_PASS_B_M02_SYNC_R1,B_M02_CURRENT_SYNC.json
M02-RBL-0630,READING_BLOCKER,阅读阻塞残留,631,Frobenius能量与相对范数误差。,src/讲义源码/第04册_无监督学习与矩阵分解/chapters/V4-C03.tex,610,554,高,缺少可立即代入的最小数值例或非例,删除内部审计句，在“Frobenius能量与相对范数误差。”后补一个2—3步的最小数值例或反例，并给出一个可立即作答的自检。,CURRENT_SOURCE_PASS_B_M02_SYNC_R1,B_M02_CURRENT_SYNC.json
M02-RBL-0631,READING_BLOCKER,阅读阻塞残留,632,矩阵的最优近似。,src/讲义源码/第04册_无监督学习与矩阵分解/chapters/V4-C03.tex,629,555,高,对象、条件或最小例没有在首次阅读入口中同时出现,删除“需要解决的阅读阻塞/第一步/核验路线”等内部工作语，改为读者自检：“不看正文，能否说出‘矩阵的最优近似。’的对象、条件和结论？不能则回看本节。”,CURRENT_SOURCE_PASS_B_M02_SYNC_R1,B_M02_CURRENT_SYNC.json
M02-RBL-0632,READING_BLOCKER,阅读阻塞残留,633,截断SVD的低秩最优性。,src/讲义源码/第04册_无监督学习与矩阵分解/chapters/V4-C03.tex,633,555,高,对象、条件或最小例没有在首次阅读入口中同时出现,删除“需要解决的阅读阻塞/第一步/核验路线”等内部工作语，改为读者自检：“不看正文，能否说出‘截断SVD的低秩最优性。’的对象、条件和结论？不能则回看本节。”,CURRENT_SOURCE_PASS_B_M02_SYNC_R1,B_M02_CURRENT_SYNC.json
M02-RBL-0633,READING_BLOCKER,阅读阻塞残留,634,Eckart--Young--Mirsky低秩最优性。,src/讲义源码/第04册_无监督学习与矩阵分解/chapters/V4-C03.tex,641,555,高,短段落内符号密度高，但符号角色未逐一落地,删除内部审计句，先用自然语言解释符号角色，再分两行写公式；每行只引入一个新对象。,CURRENT_SOURCE_PASS_B_M02_SYNC_R1,B_M02_CURRENT_SYNC.json
M02-RBL-0634,READING_BLOCKER,阅读阻塞残留,635,概率解释：若观测矩阵满足 A L E ，其中 L 的秩不超过 k ，噪声元素独立且 E ij N……。,src/讲义源码/第04册_无监督学习与矩阵分解/chapters/V4-C03.tex,738,557,高,缺少可立即代入的最小数值例或非例,删除内部审计句，在“概率解释：若观测矩阵满足 A L E ，其中 L 的秩不超过 k ，噪声元素独立且 E ij N……。”后补一个2—3步的最小数值例或反例，并给出一个可立即作答的自检。,CURRENT_SOURCE_PASS_B_M02_SYNC_R1,B_M02_CURRENT_SYNC.json
M02-RBL-0635,READING_BLOCKER,阅读阻塞残留,636,几何解释。,src/讲义源码/第04册_无监督学习与矩阵分解/chapters/V4-C03.tex,749,554,高,对象、条件或最小例没有在首次阅读入口中同时出现,删除“需要解决的阅读阻塞/第一步/核验路线”等内部工作语，改为读者自检：“不看正文，能否说出‘几何解释。’的对象、条件和结论？不能则回看本节。”,CURRENT_SOURCE_PASS_B_M02_SYNC_R1,B_M02_CURRENT_SYNC.json
M02-RBL-0636,READING_BLOCKER,阅读阻塞残留,637,矩阵的外积展开式。,src/讲义源码/第04册_无监督学习与矩阵分解/chapters/V4-C03.tex,766,558,高,对象、条件或最小例没有在首次阅读入口中同时出现,删除“需要解决的阅读阻塞/第一步/核验路线”等内部工作语，改为读者自检：“不看正文，能否说出‘矩阵的外积展开式。’的对象、条件和结论？不能则回看本节。”,CURRENT_SOURCE_PASS_B_M02_SYNC_R1,B_M02_CURRENT_SYNC.json
M02-RBL-0637,READING_BLOCKER,阅读阻塞残留,638,适用条件与局限：例题与练习。,src/讲义源码/第04册_无监督学习与矩阵分解/chapters/V4-C03.tex,841,559,高,边界说明缺少具体失败现象,删除内部审计句，改为四列表：触发条件｜失败现象｜可观察诊断｜修正动作；反例只破坏一个关键条件。,CURRENT_SOURCE_PASS_B_M02_SYNC_R1,B_M02_CURRENT_SYNC.json
M02-RBL-0638,READING_BLOCKER,阅读阻塞残留,639,常见错误与误用边界：例题与练习。,src/讲义源码/第04册_无监督学习与矩阵分解/chapters/V4-C03.tex,856,560,高,边界说明缺少具体失败现象,删除内部审计句，改为四列表：触发条件｜失败现象｜可观察诊断｜修正动作；反例只破坏一个关键条件。,CURRENT_SOURCE_PASS_B_M02_SYNC_R1,B_M02_CURRENT_SYNC.json
M02-RBL-0639,READING_BLOCKER,阅读阻塞残留,640,易混淆概念对比：例题与练习。,src/讲义源码/第04册_无监督学习与矩阵分解/chapters/V4-C03.tex,873,560,高,比较项缺少统一比较维度,删除“需要解决的阅读阻塞/第一步/核验路线”等内部工作语，改为读者自检：“不看正文，能否说出‘易混淆概念对比：例题与练习。’的对象、条件和结论？不能则回看本节。”,CURRENT_SOURCE_PASS_B_M02_SYNC_R1,B_M02_CURRENT_SYNC.json
M02-RBL-0640,READING_BLOCKER,阅读阻塞残留,641,本章地图：主成分分析。,src/讲义源码/第04册_无监督学习与矩阵分解/chapters/V4-C04.tex,14,568,高,缺少可立即代入的最小数值例或非例,删除内部审计句，在“本章地图：主成分分析。”后补一个2—3步的最小数值例或反例，并给出一个可立即作答的自检。,CURRENT_SOURCE_PASS_B_M02_SYNC_R1,B_M02_CURRENT_SYNC.json
M02-RBL-0641,READING_BLOCKER,阅读阻塞残留,642,本章可检验学习目标。,src/讲义源码/第04册_无监督学习与矩阵分解/chapters/V4-C04.tex,22,568,高,缺少可立即代入的最小数值例或非例,删除内部审计句，在“本章可检验学习目标。”后补一个2—3步的最小数值例或反例，并给出一个可立即作答的自检。,CURRENT_SOURCE_PASS_B_M02_SYNC_R1,B_M02_CURRENT_SYNC.json
M02-RBL-0642,READING_BLOCKER,阅读阻塞残留,643,最短先修。,src/讲义源码/第04册_无监督学习与矩阵分解/chapters/V4-C04.tex,37,568,高,缺少可立即代入的最小数值例或非例,删除内部审计句，在“最短先修。”后补一个2—3步的最小数值例或反例，并给出一个可立即作答的自检。,CURRENT_SOURCE_PASS_B_M02_SYNC_R1,B_M02_CURRENT_SYNC.json
M02-RBL-0643,READING_BLOCKER,阅读阻塞残留,644,先修自检。,src/讲义源码/第04册_无监督学习与矩阵分解/chapters/V4-C04.tex,55,568,高,缺少可立即代入的最小数值例或非例,删除内部审计句，在“先修自检。”后补一个2—3步的最小数值例或反例，并给出一个可立即作答的自检。,CURRENT_SOURCE_PASS_B_M02_SYNC_R1,B_M02_CURRENT_SYNC.json
M02-RBL-0644,READING_BLOCKER,阅读阻塞残留,645,依赖路线。,src/讲义源码/第04册_无监督学习与矩阵分解/chapters/V4-C04.tex,71,568,高,缺少可立即代入的最小数值例或非例,删除内部审计句，在“依赖路线。”后补一个2—3步的最小数值例或反例，并给出一个可立即作答的自检。,CURRENT_SOURCE_PASS_B_M02_SYNC_R1,B_M02_CURRENT_SYNC.json
M02-RBL-0645,READING_BLOCKER,阅读阻塞残留,646,主成分分析。,src/讲义源码/第04册_无监督学习与矩阵分解/chapters/V4-C04.tex,129,568,高,对象、条件或最小例没有在首次阅读入口中同时出现,删除“需要解决的阅读阻塞/第一步/核验路线”等内部工作语，改为读者自检：“不看正文，能否说出‘主成分分析。’的对象、条件和结论？不能则回看本节。”,CURRENT_SOURCE_PASS_B_M02_SYNC_R1,B_M02_CURRENT_SYNC.json
M02-RBL-0646,READING_BLOCKER,阅读阻塞残留,647,基本想法。,src/讲义源码/第04册_无监督学习与矩阵分解/chapters/V4-C04.tex,145,568,高,对象、条件或最小例没有在首次阅读入口中同时出现,删除“需要解决的阅读阻塞/第一步/核验路线”等内部工作语，改为读者自检：“不看正文，能否说出‘基本想法。’的对象、条件和结论？不能则回看本节。”,CURRENT_SOURCE_PASS_B_M02_SYNC_R1,B_M02_CURRENT_SYNC.json
M02-RBL-0647,READING_BLOCKER,阅读阻塞残留,648,定义和导出。,src/讲义源码/第04册_无监督学习与矩阵分解/chapters/V4-C04.tex,153,568,高,对象、条件或最小例没有在首次阅读入口中同时出现,删除“需要解决的阅读阻塞/第一步/核验路线”等内部工作语，改为读者自检：“不看正文，能否说出‘定义和导出。’的对象、条件和结论？不能则回看本节。”,CURRENT_SOURCE_PASS_B_M02_SYNC_R1,B_M02_CURRENT_SYNC.json
M02-RBL-0648,READING_BLOCKER,阅读阻塞残留,649,总体主成分定义。,src/讲义源码/第04册_无监督学习与矩阵分解/chapters/V4-C04.tex,166,570,高,对象、条件或最小例没有在首次阅读入口中同时出现,删除“需要解决的阅读阻塞/第一步/核验路线”等内部工作语，改为读者自检：“不看正文，能否说出‘总体主成分定义。’的对象、条件和结论？不能则回看本节。”,CURRENT_SOURCE_PASS_B_M02_SYNC_R1,B_M02_CURRENT_SYNC.json
M02-RBL-0649,READING_BLOCKER,阅读阻塞残留,650,总体主成分。,src/讲义源码/第04册_无监督学习与矩阵分解/chapters/V4-C04.tex,173,568,高,缺少可立即代入的最小数值例或非例,删除内部审计句，在“总体主成分。”后补一个2—3步的最小数值例或反例，并给出一个可立即作答的自检。,CURRENT_SOURCE_PASS_B_M02_SYNC_R1,B_M02_CURRENT_SYNC.json
M02-RBL-0650,READING_BLOCKER,阅读阻塞残留,651,协方差矩阵特征对刻画总体主成分。,src/讲义源码/第04册_无监督学习与矩阵分解/chapters/V4-C04.tex,193,571,高,对象、条件或最小例没有在首次阅读入口中同时出现,删除“需要解决的阅读阻塞/第一步/核验路线”等内部工作语，改为读者自检：“不看正文，能否说出‘协方差矩阵特征对刻画总体主成分。’的对象、条件和结论？不能则回看本节。”,CURRENT_SOURCE_PASS_B_M02_SYNC_R1,B_M02_CURRENT_SYNC.json
M02-RBL-0651,READING_BLOCKER,阅读阻塞残留,652,证明：协方差特征对与主成分。,src/讲义源码/第04册_无监督学习与矩阵分解/chapters/V4-C04.tex,235,572,高,证明前缺少一句路线提示，读者不易预判关键变形,删除内部说明，改成读者可见的一句话：“证明先把目标改写为可比较的两边，再使用上游定义/定理完成关键变形。”并在证明前列出条件与结论。,CURRENT_SOURCE_PASS_B_M02_SYNC_R1,B_M02_CURRENT_SYNC.json
M02-RBL-0652,READING_BLOCKER,阅读阻塞残留,653,总体主成分的主要性质。,src/讲义源码/第04册_无监督学习与矩阵分解/chapters/V4-C04.tex,245,571,高,对象、条件或最小例没有在首次阅读入口中同时出现,删除“需要解决的阅读阻塞/第一步/核验路线”等内部工作语，改为读者自检：“不看正文，能否说出‘总体主成分的主要性质。’的对象、条件和结论？不能则回看本节。”,CURRENT_SOURCE_PASS_B_M02_SYNC_R1,B_M02_CURRENT_SYNC.json
M02-RBL-0653,READING_BLOCKER,阅读阻塞残留,654,主成分个数。,src/讲义源码/第04册_无监督学习与矩阵分解/chapters/V4-C04.tex,257,571,高,对象、条件或最小例没有在首次阅读入口中同时出现,删除“需要解决的阅读阻塞/第一步/核验路线”等内部工作语，改为读者自检：“不看正文，能否说出‘主成分个数。’的对象、条件和结论？不能则回看本节。”,CURRENT_SOURCE_PASS_B_M02_SYNC_R1,B_M02_CURRENT_SYNC.json
M02-RBL-0654,READING_BLOCKER,阅读阻塞残留,655,前 q 个主成分具有最大方差。,src/讲义源码/第04册_无监督学习与矩阵分解/chapters/V4-C04.tex,268,573,高,对象、条件或最小例没有在首次阅读入口中同时出现,删除“需要解决的阅读阻塞/第一步/核验路线”等内部工作语，改为读者自检：“不看正文，能否说出‘前 q 个主成分具有最大方差。’的对象、条件和结论？不能则回看本节。”,CURRENT_SOURCE_PASS_B_M02_SYNC_R1,B_M02_CURRENT_SYNC.json
M02-RBL-0655,READING_BLOCKER,阅读阻塞残留,656,舍弃主成分具有最小信息损失。,src/讲义源码/第04册_无监督学习与矩阵分解/chapters/V4-C04.tex,305,574,高,对象、条件或最小例没有在首次阅读入口中同时出现,删除“需要解决的阅读阻塞/第一步/核验路线”等内部工作语，改为读者自检：“不看正文，能否说出‘舍弃主成分具有最小信息损失。’的对象、条件和结论？不能则回看本节。”,CURRENT_SOURCE_PASS_B_M02_SYNC_R1,B_M02_CURRENT_SYNC.json
M02-RBL-0656,READING_BLOCKER,阅读阻塞残留,657,方差贡献率。,src/讲义源码/第04册_无监督学习与矩阵分解/chapters/V4-C04.tex,313,571,高,对象、条件或最小例没有在首次阅读入口中同时出现,删除“需要解决的阅读阻塞/第一步/核验路线”等内部工作语，改为读者自检：“不看正文，能否说出‘方差贡献率。’的对象、条件和结论？不能则回看本节。”,CURRENT_SOURCE_PASS_B_M02_SYNC_R1,B_M02_CURRENT_SYNC.json
M02-RBL-0657,READING_BLOCKER,阅读阻塞残留,658,样本主成分分析。,src/讲义源码/第04册_无监督学习与矩阵分解/chapters/V4-C04.tex,355,571,高,对象、条件或最小例没有在首次阅读入口中同时出现,删除“需要解决的阅读阻塞/第一步/核验路线”等内部工作语，改为读者自检：“不看正文，能否说出‘样本主成分分析。’的对象、条件和结论？不能则回看本节。”,CURRENT_SOURCE_PASS_B_M02_SYNC_R1,B_M02_CURRENT_SYNC.json
M02-RBL-0658,READING_BLOCKER,阅读阻塞残留,659,样本主成分的定义和性质。,src/讲义源码/第04册_无监督学习与矩阵分解/chapters/V4-C04.tex,373,576,高,对象、条件或最小例没有在首次阅读入口中同时出现,删除“需要解决的阅读阻塞/第一步/核验路线”等内部工作语，改为读者自检：“不看正文，能否说出‘样本主成分的定义和性质。’的对象、条件和结论？不能则回看本节。”,CURRENT_SOURCE_PASS_B_M02_SYNC_R1,B_M02_CURRENT_SYNC.json
M02-RBL-0659,READING_BLOCKER,阅读阻塞残留,660,样本主成分的方差最大化刻画。,src/讲义源码/第04册_无监督学习与矩阵分解/chapters/V4-C04.tex,407,577,高,对象、条件或最小例没有在首次阅读入口中同时出现,删除“需要解决的阅读阻塞/第一步/核验路线”等内部工作语，改为读者自检：“不看正文，能否说出‘样本主成分的方差最大化刻画。’的对象、条件和结论？不能则回看本节。”,CURRENT_SOURCE_PASS_B_M02_SYNC_R1,B_M02_CURRENT_SYNC.json
M02-RBL-0660,READING_BLOCKER,阅读阻塞残留,661,中心化--编码--重构三行桥接。,src/讲义源码/第04册_无监督学习与矩阵分解/chapters/V4-C04.tex,426,577,高,缺少可立即代入的最小数值例或非例；短段落内符号密度高，但符号角色未逐一落地,删除内部审计句，在“中心化--编码--重构三行桥接。”后补一个2—3步的最小数值例或反例，并给出一个可立即作答的自检。,CURRENT_SOURCE_PASS_B_M02_SYNC_R1,B_M02_CURRENT_SYNC.json
M02-RBL-0661,READING_BLOCKER,阅读阻塞残留,662,样本最优低维重构。,src/讲义源码/第04册_无监督学习与矩阵分解/chapters/V4-C04.tex,466,578,高,定理陈述中的对象与条件入口不够醒目,删除“需要解决的阅读阻塞/第一步/核验路线”等内部工作语，改为读者自检：“不看正文，能否说出‘样本最优低维重构。’的对象、条件和结论？不能则回看本节。”,CURRENT_SOURCE_PASS_B_M02_SYNC_R1,B_M02_CURRENT_SYNC.json
M02-RBL-0662,READING_BLOCKER,阅读阻塞残留,663,证明：样本最优低维重构。,src/讲义源码/第04册_无监督学习与矩阵分解/chapters/V4-C04.tex,479,578,高,证明前缺少一句路线提示，读者不易预判关键变形,删除内部说明，改成读者可见的一句话：“证明先把目标改写为可比较的两边，再使用上游定义/定理完成关键变形。”并在证明前列出条件与结论。,CURRENT_SOURCE_PASS_B_M02_SYNC_R1,B_M02_CURRENT_SYNC.json
M02-RBL-0663,READING_BLOCKER,阅读阻塞残留,664,数据矩阵的奇异值分解算法。,src/讲义源码/第04册_无监督学习与矩阵分解/chapters/V4-C04.tex,488,579,高,需把输入、状态、一次更新、停止与输出压缩成首次阅读主线,删除内部审计句，改为“输入—状态—初始化—一次更新—停止—输出”六行首次阅读卡；状态码和故障分支移到实现说明。,CURRENT_SOURCE_PASS_B_M02_SYNC_R1,B_M02_CURRENT_SYNC.json
M02-RBL-0664,READING_BLOCKER,阅读阻塞残留,665,相关矩阵的特征值分解算法。,src/讲义源码/第04册_无监督学习与矩阵分解/chapters/V4-C04.tex,509,579,高,需把输入、状态、一次更新、停止与输出压缩成首次阅读主线,删除内部审计句，改为“输入—状态—初始化—一次更新—停止—输出”六行首次阅读卡；状态码和故障分支移到实现说明。,CURRENT_SOURCE_PASS_B_M02_SYNC_R1,B_M02_CURRENT_SYNC.json
M02-RBL-0665,READING_BLOCKER,阅读阻塞残留,666,中心化样本的主成分分析：执行契约。,src/讲义源码/第04册_无监督学习与矩阵分解/chapters/V4-C04.tex,537,580,高,单个知识块信息密度较高，需要先给一条阅读路线再进入细节；未在同一入口集中说明输出证书,删除内部审计句，改为“输入—状态—初始化—一次更新—停止—输出”六行首次阅读卡；状态码和故障分支移到实现说明。,CURRENT_SOURCE_PASS_B_M02_SYNC_R1,B_M02_CURRENT_SYNC.json
M02-RBL-0666,READING_BLOCKER,阅读阻塞残留,667,常见错误与误用边界：主成分算法、例题与练习。,src/讲义源码/第04册_无监督学习与矩阵分解/chapters/V4-C04.tex,608,581,高,边界说明缺少具体失败现象,删除内部审计句，改为四列表：触发条件｜失败现象｜可观察诊断｜修正动作；反例只破坏一个关键条件。,CURRENT_SOURCE_PASS_B_M02_SYNC_R1,B_M02_CURRENT_SYNC.json
M02-RBL-0667,READING_BLOCKER,阅读阻塞残留,668,易混淆概念对比：主成分算法、例题与练习。,src/讲义源码/第04册_无监督学习与矩阵分解/chapters/V4-C04.tex,618,582,高,比较项缺少统一比较维度,删除“需要解决的阅读阻塞/第一步/核验路线”等内部工作语，改为读者自检：“不看正文，能否说出‘易混淆概念对比：主成分算法、例题与练习。’的对象、条件和结论？不能则回看本节。”,CURRENT_SOURCE_PASS_B_M02_SYNC_R1,B_M02_CURRENT_SYNC.json
M02-RBL-0668,READING_BLOCKER,阅读阻塞残留,669,主成分分析算法。,src/讲义源码/第04册_无监督学习与矩阵分解/chapters/V4-C04.tex,637,579,高,需把输入、状态、一次更新、停止与输出压缩成首次阅读主线,删除内部审计句，改为“输入—状态—初始化—一次更新—停止—输出”六行首次阅读卡；状态码和故障分支移到实现说明。,CURRENT_SOURCE_PASS_B_M02_SYNC_R1,B_M02_CURRENT_SYNC.json
M02-RBL-0669,READING_BLOCKER,阅读阻塞残留,670,本章结论与下一步。,src/讲义源码/第04册_无监督学习与矩阵分解/chapters/V4-C04.tex,1161,579,高,缺少可立即代入的最小数值例或非例,删除内部审计句，在“本章结论与下一步。”后补一个2—3步的最小数值例或反例，并给出一个可立即作答的自检。,CURRENT_SOURCE_PASS_B_M02_SYNC_R1,B_M02_CURRENT_SYNC.json
M02-RBL-0670,READING_BLOCKER,阅读阻塞残留,671,本章可检验学习目标。,src/讲义源码/第04册_无监督学习与矩阵分解/chapters/V4-C05.tex,18,591,高,缺少可立即代入的最小数值例或非例,删除内部审计句，在“本章可检验学习目标。”后补一个2—3步的最小数值例或反例，并给出一个可立即作答的自检。,CURRENT_SOURCE_PASS_B_M02_SYNC_R1,B_M02_CURRENT_SYNC.json
M02-RBL-0671,READING_BLOCKER,阅读阻塞残留,672,最短先修。,src/讲义源码/第04册_无监督学习与矩阵分解/chapters/V4-C05.tex,34,591,高,缺少可立即代入的最小数值例或非例,删除内部审计句，在“最短先修。”后补一个2—3步的最小数值例或反例，并给出一个可立即作答的自检。,CURRENT_SOURCE_PASS_B_M02_SYNC_R1,B_M02_CURRENT_SYNC.json
M02-RBL-0672,READING_BLOCKER,阅读阻塞残留,673,先修自检。,src/讲义源码/第04册_无监督学习与矩阵分解/chapters/V4-C05.tex,44,591,高,缺少可立即代入的最小数值例或非例,删除内部审计句，在“先修自检。”后补一个2—3步的最小数值例或反例，并给出一个可立即作答的自检。,CURRENT_SOURCE_PASS_B_M02_SYNC_R1,B_M02_CURRENT_SYNC.json
M02-RBL-0673,READING_BLOCKER,阅读阻塞残留,674,依赖路线。,src/讲义源码/第04册_无监督学习与矩阵分解/chapters/V4-C05.tex,60,591,高,缺少可立即代入的最小数值例或非例,删除内部审计句，在“依赖路线。”后补一个2—3步的最小数值例或反例，并给出一个可立即作答的自检。,CURRENT_SOURCE_PASS_B_M02_SYNC_R1,B_M02_CURRENT_SYNC.json
M02-RBL-0674,READING_BLOCKER,阅读阻塞残留,675,潜在语义分析。,src/讲义源码/第04册_无监督学习与矩阵分解/chapters/V4-C05.tex,138,592,高,对象、条件或最小例没有在首次阅读入口中同时出现,删除“需要解决的阅读阻塞/第一步/核验路线”等内部工作语，改为读者自检：“不看正文，能否说出‘潜在语义分析。’的对象、条件和结论？不能则回看本节。”,CURRENT_SOURCE_PASS_B_M02_SYNC_R1,B_M02_CURRENT_SYNC.json
M02-RBL-0675,READING_BLOCKER,阅读阻塞残留,676,单词向量空间与话题向量空间。,src/讲义源码/第04册_无监督学习与矩阵分解/chapters/V4-C05.tex,142,593,高,对象、条件或最小例没有在首次阅读入口中同时出现,删除“需要解决的阅读阻塞/第一步/核验路线”等内部工作语，改为读者自检：“不看正文，能否说出‘单词向量空间与话题向量空间。’的对象、条件和结论？不能则回看本节。”,CURRENT_SOURCE_PASS_B_M02_SYNC_R1,B_M02_CURRENT_SYNC.json
M02-RBL-0676,READING_BLOCKER,阅读阻塞残留,677,单词向量空间。,src/讲义源码/第04册_无监督学习与矩阵分解/chapters/V4-C05.tex,155,592,高,对象、条件或最小例没有在首次阅读入口中同时出现,删除“需要解决的阅读阻塞/第一步/核验路线”等内部工作语，改为读者自检：“不看正文，能否说出‘单词向量空间。’的对象、条件和结论？不能则回看本节。”,CURRENT_SOURCE_PASS_B_M02_SYNC_R1,B_M02_CURRENT_SYNC.json
M02-RBL-0677,READING_BLOCKER,阅读阻塞残留,678,潜在语义分析算法。,src/讲义源码/第04册_无监督学习与矩阵分解/chapters/V4-C05.tex,209,594,高,需把输入、状态、一次更新、停止与输出压缩成首次阅读主线,删除内部审计句，改为“输入—状态—初始化—一次更新—停止—输出”六行首次阅读卡；状态码和故障分支移到实现说明。,CURRENT_SOURCE_PASS_B_M02_SYNC_R1,B_M02_CURRENT_SYNC.json
M02-RBL-0678,READING_BLOCKER,阅读阻塞残留,679,矩阵奇异值分解算法。,src/讲义源码/第04册_无监督学习与矩阵分解/chapters/V4-C05.tex,213,594,高,需把输入、状态、一次更新、停止与输出压缩成首次阅读主线,删除内部审计句，改为“输入—状态—初始化—一次更新—停止—输出”六行首次阅读卡；状态码和故障分支移到实现说明。,CURRENT_SOURCE_PASS_B_M02_SYNC_R1,B_M02_CURRENT_SYNC.json
M02-RBL-0679,READING_BLOCKER,阅读阻塞残留,680,证明：LSA的正交低秩最优性。,src/讲义源码/第04册_无监督学习与矩阵分解/chapters/V4-C05.tex,270,595,高,证明前缺少一句路线提示，读者不易预判关键变形；短段落内符号密度高，但符号角色未逐一落地,删除内部说明，改成读者可见的一句话：“证明先把目标改写为可比较的两边，再使用上游定义/定理完成关键变形。”并在证明前列出条件与结论。,CURRENT_SOURCE_PASS_B_M02_SYNC_R1,B_M02_CURRENT_SYNC.json
M02-RBL-0680,READING_BLOCKER,阅读阻塞残留,681,非负矩阵分解算法。,src/讲义源码/第04册_无监督学习与矩阵分解/chapters/V4-C05.tex,293,595,高,需把输入、状态、一次更新、停止与输出压缩成首次阅读主线,删除内部审计句，改为“输入—状态—初始化—一次更新—停止—输出”六行首次阅读卡；状态码和故障分支移到实现说明。,CURRENT_SOURCE_PASS_B_M02_SYNC_R1,B_M02_CURRENT_SYNC.json
M02-RBL-0681,READING_BLOCKER,阅读阻塞残留,682,非负矩阵分解。,src/讲义源码/第04册_无监督学习与矩阵分解/chapters/V4-C05.tex,297,595,高,对象、条件或最小例没有在首次阅读入口中同时出现,删除“需要解决的阅读阻塞/第一步/核验路线”等内部工作语，改为读者自检：“不看正文，能否说出‘非负矩阵分解。’的对象、条件和结论？不能则回看本节。”,CURRENT_SOURCE_PASS_B_M02_SYNC_R1,B_M02_CURRENT_SYNC.json
M02-RBL-0682,READING_BLOCKER,阅读阻塞残留,683,非负矩阵分解。,src/讲义源码/第04册_无监督学习与矩阵分解/chapters/V4-C05.tex,305,596,高,缺少可立即代入的最小数值例或非例,删除内部审计句，在“非负矩阵分解。”后补一个2—3步的最小数值例或反例，并给出一个可立即作答的自检。,CURRENT_SOURCE_PASS_B_M02_SYNC_R1,B_M02_CURRENT_SYNC.json
M02-RBL-0683,READING_BLOCKER,阅读阻塞残留,684,证明：平方损失乘法更新的单调性。,src/讲义源码/第04册_无监督学习与矩阵分解/chapters/V4-C05.tex,406,598,高,证明前缺少一句路线提示，读者不易预判关键变形,删除内部说明，改成读者可见的一句话：“证明先把目标改写为可比较的两边，再使用上游定义/定理完成关键变形。”并在证明前列出条件与结论。,CURRENT_SOURCE_PASS_B_M02_SYNC_R1,B_M02_CURRENT_SYNC.json
M02-RBL-0684,READING_BLOCKER,阅读阻塞残留,685,广义KL损失乘法更新的单调性。,src/讲义源码/第04册_无监督学习与矩阵分解/chapters/V4-C05.tex,453,599,高,短段落内符号密度高，但符号角色未逐一落地,删除内部审计句，先用自然语言解释符号角色，再分两行写公式；每行只引入一个新对象。,CURRENT_SOURCE_PASS_B_M02_SYNC_R1,B_M02_CURRENT_SYNC.json
M02-RBL-0685,READING_BLOCKER,阅读阻塞残留,686,证明：广义KL损失乘法更新的单调性。,src/讲义源码/第04册_无监督学习与矩阵分解/chapters/V4-C05.tex,469,600,高,证明前缺少一句路线提示，读者不易预判关键变形,删除内部说明，改成读者可见的一句话：“证明先把目标改写为可比较的两边，再使用上游定义/定理完成关键变形。”并在证明前列出条件与结论。,CURRENT_SOURCE_PASS_B_M02_SYNC_R1,B_M02_CURRENT_SYNC.json
M02-RBL-0686,READING_BLOCKER,阅读阻塞残留,687,概率解释：LSA本身不是概率模型； 若把 X TY E 并假设 E ij 独立服从同方差高斯分布……。,src/讲义源码/第04册_无监督学习与矩阵分解/chapters/V4-C05.tex,504,601,高,缺少可立即代入的最小数值例或非例,删除内部审计句，在“概率解释：LSA本身不是概率模型； 若把 X TY E 并假设 E ij 独立服从同方差高斯分布……。”后补一个2—3步的最小数值例或反例，并给出一个可立即作答的自检。,CURRENT_SOURCE_PASS_B_M02_SYNC_R1,B_M02_CURRENT_SYNC.json
M02-RBL-0687,READING_BLOCKER,阅读阻塞残留,688,优化解释：截断SVD对无约束秩 k 问题给出全局最优解。,src/讲义源码/第04册_无监督学习与矩阵分解/chapters/V4-C05.tex,514,601,高,缺少可立即代入的最小数值例或非例,删除内部审计句，在“优化解释：截断SVD对无约束秩 k 问题给出全局最优解。”后补一个2—3步的最小数值例或反例，并给出一个可立即作答的自检。,CURRENT_SOURCE_PASS_B_M02_SYNC_R1,B_M02_CURRENT_SYNC.json
M02-RBL-0688,READING_BLOCKER,阅读阻塞残留,689,平方损失下的乘法更新规则。,src/讲义源码/第04册_无监督学习与矩阵分解/chapters/V4-C05.tex,540,602,高,对象、条件或最小例没有在首次阅读入口中同时出现,删除“需要解决的阅读阻塞/第一步/核验路线”等内部工作语，改为读者自检：“不看正文，能否说出‘平方损失下的乘法更新规则。’的对象、条件和结论？不能则回看本节。”,CURRENT_SOURCE_PASS_B_M02_SYNC_R1,B_M02_CURRENT_SYNC.json
M02-RBL-0689,READING_BLOCKER,阅读阻塞残留,690,散度损失下的乘法更新规则。,src/讲义源码/第04册_无监督学习与矩阵分解/chapters/V4-C05.tex,544,602,高,对象、条件或最小例没有在首次阅读入口中同时出现,删除“需要解决的阅读阻塞/第一步/核验路线”等内部工作语，改为读者自检：“不看正文，能否说出‘散度损失下的乘法更新规则。’的对象、条件和结论？不能则回看本节。”,CURRENT_SOURCE_PASS_B_M02_SYNC_R1,B_M02_CURRENT_SYNC.json
M02-RBL-0690,READING_BLOCKER,阅读阻塞残留,691,非负矩阵分解算法。,src/讲义源码/第04册_无监督学习与矩阵分解/chapters/V4-C05.tex,548,596,高,需把输入、状态、一次更新、停止与输出压缩成首次阅读主线,删除内部审计句，改为“输入—状态—初始化—一次更新—停止—输出”六行首次阅读卡；状态码和故障分支移到实现说明。,CURRENT_SOURCE_PASS_B_M02_SYNC_R1,B_M02_CURRENT_SYNC.json
M02-RBL-0691,READING_BLOCKER,阅读阻塞残留,692,非负矩阵分解的迭代算法。,src/讲义源码/第04册_无监督学习与矩阵分解/chapters/V4-C05.tex,552,602,高,需把输入、状态、一次更新、停止与输出压缩成首次阅读主线,删除内部审计句，改为“输入—状态—初始化—一次更新—停止—输出”六行首次阅读卡；状态码和故障分支移到实现说明。,CURRENT_SOURCE_PASS_B_M02_SYNC_R1,B_M02_CURRENT_SYNC.json
M02-RBL-0692,READING_BLOCKER,阅读阻塞残留,693,算法菜单。,src/讲义源码/第04册_无监督学习与矩阵分解/chapters/V4-C05.tex,563,596,高,缺少可立即代入的最小数值例或非例,删除内部审计句，在“算法菜单。”后补一个2—3步的最小数值例或反例，并给出一个可立即作答的自检。,CURRENT_SOURCE_PASS_B_M02_SYNC_R1,B_M02_CURRENT_SYNC.json
M02-RBL-0693,READING_BLOCKER,阅读阻塞残留,694,平方损失NMF的顺序乘法更新：执行契约。,src/讲义源码/第04册_无监督学习与矩阵分解/chapters/V4-C05.tex,654,604,高,单个知识块信息密度较高，需要先给一条阅读路线再进入细节；未在同一入口集中说明输出证书,删除内部审计句，改为“输入—状态—初始化—一次更新—停止—输出”六行首次阅读卡；状态码和故障分支移到实现说明。,CURRENT_SOURCE_PASS_B_M02_SYNC_R1,B_M02_CURRENT_SYNC.json
M02-RBL-0694,READING_BLOCKER,阅读阻塞残留,695,复杂度分析：数值实现：截断SVD与平方损失NMF。,src/讲义源码/第04册_无监督学习与矩阵分解/chapters/V4-C05.tex,727,606,高,边界说明缺少具体失败现象,删除内部审计句，改为四列表：触发条件｜失败现象｜可观察诊断｜修正动作；反例只破坏一个关键条件。,CURRENT_SOURCE_PASS_B_M02_SYNC_R1,B_M02_CURRENT_SYNC.json
M02-RBL-0695,READING_BLOCKER,阅读阻塞残留,696,适用条件与局限：数值实现：截断SVD与平方损失NMF。,src/讲义源码/第04册_无监督学习与矩阵分解/chapters/V4-C05.tex,746,606,高,边界说明缺少具体失败现象,删除内部审计句，改为四列表：触发条件｜失败现象｜可观察诊断｜修正动作；反例只破坏一个关键条件。,CURRENT_SOURCE_PASS_B_M02_SYNC_R1,B_M02_CURRENT_SYNC.json
M02-RBL-0696,READING_BLOCKER,阅读阻塞残留,697,常见错误与误用边界：数值实现：截断SVD与平方损失NMF。,src/讲义源码/第04册_无监督学习与矩阵分解/chapters/V4-C05.tex,761,607,高,边界说明缺少具体失败现象,删除内部审计句，改为四列表：触发条件｜失败现象｜可观察诊断｜修正动作；反例只破坏一个关键条件。,CURRENT_SOURCE_PASS_B_M02_SYNC_R1,B_M02_CURRENT_SYNC.json
M02-RBL-0697,READING_BLOCKER,阅读阻塞残留,698,易混淆概念对比：数值实现：截断SVD与平方损失NMF。,src/讲义源码/第04册_无监督学习与矩阵分解/chapters/V4-C05.tex,779,607,高,比较项缺少统一比较维度,删除“需要解决的阅读阻塞/第一步/核验路线”等内部工作语，改为读者自检：“不看正文，能否说出‘易混淆概念对比：数值实现：截断SVD与平方损失NMF。’的对象、条件和结论？不能则回看本节。”,CURRENT_SOURCE_PASS_B_M02_SYNC_R1,B_M02_CURRENT_SYNC.json
M02-RBL-0698,READING_BLOCKER,阅读阻塞残留,699,潜在语义分析数值例子。,src/讲义源码/第04册_无监督学习与矩阵分解/chapters/V4-C05.tex,797,608,高,对象、条件或最小例没有在首次阅读入口中同时出现,删除“需要解决的阅读阻塞/第一步/核验路线”等内部工作语，改为读者自检：“不看正文，能否说出‘潜在语义分析数值例子。’的对象、条件和结论？不能则回看本节。”,CURRENT_SOURCE_PASS_B_M02_SYNC_R1,B_M02_CURRENT_SYNC.json
M02-RBL-0699,READING_BLOCKER,阅读阻塞残留,700,本章结论与下一步。,src/讲义源码/第04册_无监督学习与矩阵分解/chapters/V4-C05.tex,1210,608,高,缺少可立即代入的最小数值例或非例,删除内部审计句，在“本章结论与下一步。”后补一个2—3步的最小数值例或反例，并给出一个可立即作答的自检。,CURRENT_SOURCE_PASS_B_M02_SYNC_R1,B_M02_CURRENT_SYNC.json
M02-RBL-0700,READING_BLOCKER,阅读阻塞残留,701,本章地图：概率潜在语义分析。,src/讲义源码/第04册_无监督学习与矩阵分解/chapters/V4-C06.tex,18,616,高,缺少可立即代入的最小数值例或非例,删除内部审计句，在“本章地图：概率潜在语义分析。”后补一个2—3步的最小数值例或反例，并给出一个可立即作答的自检。,CURRENT_SOURCE_PASS_B_M02_SYNC_R1,B_M02_CURRENT_SYNC.json
M02-RBL-0701,READING_BLOCKER,阅读阻塞残留,702,本章可检验学习目标。,src/讲义源码/第04册_无监督学习与矩阵分解/chapters/V4-C06.tex,25,616,高,缺少可立即代入的最小数值例或非例,删除内部审计句，在“本章可检验学习目标。”后补一个2—3步的最小数值例或反例，并给出一个可立即作答的自检。,CURRENT_SOURCE_PASS_B_M02_SYNC_R1,B_M02_CURRENT_SYNC.json
M02-RBL-0702,READING_BLOCKER,阅读阻塞残留,703,最短先修。,src/讲义源码/第04册_无监督学习与矩阵分解/chapters/V4-C06.tex,41,616,高,缺少可立即代入的最小数值例或非例,删除内部审计句，在“最短先修。”后补一个2—3步的最小数值例或反例，并给出一个可立即作答的自检。,CURRENT_SOURCE_PASS_B_M02_SYNC_R1,B_M02_CURRENT_SYNC.json
M02-RBL-0703,READING_BLOCKER,阅读阻塞残留,704,先修自检。,src/讲义源码/第04册_无监督学习与矩阵分解/chapters/V4-C06.tex,51,616,高,缺少可立即代入的最小数值例或非例,删除内部审计句，在“先修自检。”后补一个2—3步的最小数值例或反例，并给出一个可立即作答的自检。,CURRENT_SOURCE_PASS_B_M02_SYNC_R1,B_M02_CURRENT_SYNC.json
M02-RBL-0704,READING_BLOCKER,阅读阻塞残留,705,依赖路线。,src/讲义源码/第04册_无监督学习与矩阵分解/chapters/V4-C06.tex,67,616,高,缺少可立即代入的最小数值例或非例,删除内部审计句，在“依赖路线。”后补一个2—3步的最小数值例或反例，并给出一个可立即作答的自检。,CURRENT_SOURCE_PASS_B_M02_SYNC_R1,B_M02_CURRENT_SYNC.json
M02-RBL-0705,READING_BLOCKER,阅读阻塞残留,706,概率潜在语义分析。,src/讲义源码/第04册_无监督学习与矩阵分解/chapters/V4-C06.tex,141,617,高,对象、条件或最小例没有在首次阅读入口中同时出现,删除“需要解决的阅读阻塞/第一步/核验路线”等内部工作语，改为读者自检：“不看正文，能否说出‘概率潜在语义分析。’的对象、条件和结论？不能则回看本节。”,CURRENT_SOURCE_PASS_B_M02_SYNC_R1,B_M02_CURRENT_SYNC.json
M02-RBL-0706,READING_BLOCKER,阅读阻塞残留,707,概率潜在语义分析模型。,src/讲义源码/第04册_无监督学习与矩阵分解/chapters/V4-C06.tex,149,618,高,对象、条件或最小例没有在首次阅读入口中同时出现,删除“需要解决的阅读阻塞/第一步/核验路线”等内部工作语，改为读者自检：“不看正文，能否说出‘概率潜在语义分析模型。’的对象、条件和结论？不能则回看本节。”,CURRENT_SOURCE_PASS_B_M02_SYNC_R1,B_M02_CURRENT_SYNC.json
M02-RBL-0707,READING_BLOCKER,阅读阻塞残留,708,PLSA生成模型。,src/讲义源码/第04册_无监督学习与矩阵分解/chapters/V4-C06.tex,156,617,高,短段落内符号密度高，但符号角色未逐一落地,删除内部审计句，先用自然语言解释符号角色，再分两行写公式；每行只引入一个新对象。,CURRENT_SOURCE_PASS_B_M02_SYNC_R1,B_M02_CURRENT_SYNC.json
M02-RBL-0708,READING_BLOCKER,阅读阻塞残留,709,易混淆概念对比：潜在主题与混合表示。,src/讲义源码/第04册_无监督学习与矩阵分解/chapters/V4-C06.tex,175,619,高,短段落内符号密度高，但符号角色未逐一落地,删除内部审计句，先用自然语言解释符号角色，再分两行写公式；每行只引入一个新对象。,CURRENT_SOURCE_PASS_B_M02_SYNC_R1,B_M02_CURRENT_SYNC.json
M02-RBL-0709,READING_BLOCKER,阅读阻塞残留,710,PLSA生成模型。,src/讲义源码/第04册_无监督学习与矩阵分解/chapters/V4-C06.tex,227,617,高,对象、条件或最小例没有在首次阅读入口中同时出现,删除“需要解决的阅读阻塞/第一步/核验路线”等内部工作语，改为读者自检：“不看正文，能否说出‘PLSA生成模型。’的对象、条件和结论？不能则回看本节。”,CURRENT_SOURCE_PASS_B_M02_SYNC_R1,B_M02_CURRENT_SYNC.json
M02-RBL-0710,READING_BLOCKER,阅读阻塞残留,711,证明：生成模型与共现模型的等价性。,src/讲义源码/第04册_无监督学习与矩阵分解/chapters/V4-C06.tex,252,621,高,证明前缺少一句路线提示，读者不易预判关键变形；短段落内符号密度高，但符号角色未逐一落地,删除内部说明，改成读者可见的一句话：“证明先把目标改写为可比较的两边，再使用上游定义/定理完成关键变形。”并在证明前列出条件与结论。,CURRENT_SOURCE_PASS_B_M02_SYNC_R1,B_M02_CURRENT_SYNC.json
M02-RBL-0711,READING_BLOCKER,阅读阻塞残留,712,PLSA算法。,src/讲义源码/第04册_无监督学习与矩阵分解/chapters/V4-C06.tex,302,621,高,需把输入、状态、一次更新、停止与输出压缩成首次阅读主线,删除内部审计句，改为“输入—状态—初始化—一次更新—停止—输出”六行首次阅读卡；状态码和故障分支移到实现说明。,CURRENT_SOURCE_PASS_B_M02_SYNC_R1,B_M02_CURRENT_SYNC.json
M02-RBL-0712,READING_BLOCKER,阅读阻塞残留,713,PLSA参数估计的EM算法。,src/讲义源码/第04册_无监督学习与矩阵分解/chapters/V4-C06.tex,306,622,高,需把输入、状态、一次更新、停止与输出压缩成首次阅读主线,删除内部审计句，改为“输入—状态—初始化—一次更新—停止—输出”六行首次阅读卡；状态码和故障分支移到实现说明。,CURRENT_SOURCE_PASS_B_M02_SYNC_R1,B_M02_CURRENT_SYNC.json
M02-RBL-0713,READING_BLOCKER,阅读阻塞残留,714,证明：EM似然单调性。,src/讲义源码/第04册_无监督学习与矩阵分解/chapters/V4-C06.tex,392,624,高,证明前缺少一句路线提示，读者不易预判关键变形,删除内部说明，改成读者可见的一句话：“证明先把目标改写为可比较的两边，再使用上游定义/定理完成关键变形。”并在证明前列出条件与结论。,CURRENT_SOURCE_PASS_B_M02_SYNC_R1,B_M02_CURRENT_SYNC.json
M02-RBL-0714,READING_BLOCKER,阅读阻塞残留,715,几何解释：每个 k 是 (M-1) 维单词单纯形中的主题点。,src/讲义源码/第04册_无监督学习与矩阵分解/chapters/V4-C06.tex,412,624,高,缺少可立即代入的最小数值例或非例,删除内部审计句，在“几何解释：每个 k 是 (M-1) 维单词单纯形中的主题点。”后补一个2—3步的最小数值例或反例，并给出一个可立即作答的自检。,CURRENT_SOURCE_PASS_B_M02_SYNC_R1,B_M02_CURRENT_SYNC.json
M02-RBL-0715,READING_BLOCKER,阅读阻塞残留,716,稀疏共现计数上的PLSA EM训练：执行契约。,src/讲义源码/第04册_无监督学习与矩阵分解/chapters/V4-C06.tex,477,626,高,单个知识块信息密度较高，需要先给一条阅读路线再进入细节；未在同一入口集中说明输出证书,删除内部审计句，改为“输入—状态—初始化—一次更新—停止—输出”六行首次阅读卡；状态码和故障分支移到实现说明。,CURRENT_SOURCE_PASS_B_M02_SYNC_R1,B_M02_CURRENT_SYNC.json
M02-RBL-0716,READING_BLOCKER,阅读阻塞残留,717,复杂度分析：EM参数估计。,src/讲义源码/第04册_无监督学习与矩阵分解/chapters/V4-C06.tex,613,629,高,边界说明缺少具体失败现象,删除内部审计句，改为四列表：触发条件｜失败现象｜可观察诊断｜修正动作；反例只破坏一个关键条件。,CURRENT_SOURCE_PASS_B_M02_SYNC_R1,B_M02_CURRENT_SYNC.json
M02-RBL-0717,READING_BLOCKER,阅读阻塞残留,718,易混淆概念对比：与LSA、NMF及LDA的联系。,src/讲义源码/第04册_无监督学习与矩阵分解/chapters/V4-C06.tex,638,629,高,比较项缺少统一比较维度,删除“需要解决的阅读阻塞/第一步/核验路线”等内部工作语，改为读者自检：“不看正文，能否说出‘易混淆概念对比：与LSA、NMF及LDA的联系。’的对象、条件和结论？不能则回看本节。”,CURRENT_SOURCE_PASS_B_M02_SYNC_R1,B_M02_CURRENT_SYNC.json
M02-RBL-0718,READING_BLOCKER,阅读阻塞残留,719,适用条件与局限：与LSA、NMF及LDA的联系。,src/讲义源码/第04册_无监督学习与矩阵分解/chapters/V4-C06.tex,659,630,高,边界说明缺少具体失败现象,删除内部审计句，改为四列表：触发条件｜失败现象｜可观察诊断｜修正动作；反例只破坏一个关键条件。,CURRENT_SOURCE_PASS_B_M02_SYNC_R1,B_M02_CURRENT_SYNC.json
M02-RBL-0719,READING_BLOCKER,阅读阻塞残留,720,常见错误与误用边界：与LSA、NMF及LDA的联系。,src/讲义源码/第04册_无监督学习与矩阵分解/chapters/V4-C06.tex,674,630,高,边界说明缺少具体失败现象,删除内部审计句，改为四列表：触发条件｜失败现象｜可观察诊断｜修正动作；反例只破坏一个关键条件。,CURRENT_SOURCE_PASS_B_M02_SYNC_R1,B_M02_CURRENT_SYNC.json
M02-RBL-0720,READING_BLOCKER,阅读阻塞残留,721,易混淆概念对比：与LSA、NMF及LDA的联系。,src/讲义源码/第04册_无监督学习与矩阵分解/chapters/V4-C06.tex,691,629,高,比较项缺少统一比较维度,删除“需要解决的阅读阻塞/第一步/核验路线”等内部工作语，改为读者自检：“不看正文，能否说出‘易混淆概念对比：与LSA、NMF及LDA的联系。’的对象、条件和结论？不能则回看本节。”,CURRENT_SOURCE_PASS_B_M02_SYNC_R1,B_M02_CURRENT_SYNC.json
M02-RBL-0721,READING_BLOCKER,阅读阻塞残留,722,本章结论与下一步。,src/讲义源码/第04册_无监督学习与矩阵分解/chapters/V4-C06.tex,1313,631,高,缺少可立即代入的最小数值例或非例,删除内部审计句，在“本章结论与下一步。”后补一个2—3步的最小数值例或反例，并给出一个可立即作答的自检。,CURRENT_SOURCE_PASS_B_M02_SYNC_R1,B_M02_CURRENT_SYNC.json
M02-RBL-0722,READING_BLOCKER,阅读阻塞残留,723,依赖路线。,src/讲义源码/第05册_采样方法主题模型与图排序/chapters/V5-C01.tex,54,642,高,缺少可立即代入的最小数值例或非例,删除内部审计句，在“依赖路线。”后补一个2—3步的最小数值例或反例，并给出一个可立即作答的自检。,CURRENT_SOURCE_PASS_B_M02_SYNC_R1,B_M02_CURRENT_SYNC.json
M02-RBL-0723,READING_BLOCKER,阅读阻塞残留,724,本章符号表。,src/讲义源码/第05册_采样方法主题模型与图排序/chapters/V5-C01.tex,84,642,高,缺少可立即代入的最小数值例或非例,删除内部审计句，在“本章符号表。”后补一个2—3步的最小数值例或反例，并给出一个可立即作答的自检。,CURRENT_SOURCE_PASS_B_M02_SYNC_R1,B_M02_CURRENT_SYNC.json
M02-RBL-0724,READING_BLOCKER,阅读阻塞残留,725,马尔可夫链的随机过程表述。,src/讲义源码/第05册_采样方法主题模型与图排序/chapters/V5-C01.tex,115,643,高,对象、条件或最小例没有在首次阅读入口中同时出现,删除“需要解决的阅读阻塞/第一步/核验路线”等内部工作语，改为读者自检：“不看正文，能否说出‘马尔可夫链的随机过程表述。’的对象、条件和结论？不能则回看本节。”,CURRENT_SOURCE_PASS_B_M02_SYNC_R1,B_M02_CURRENT_SYNC.json
M02-RBL-0725,READING_BLOCKER,阅读阻塞残留,726,马尔可夫性质与时齐转移。,src/讲义源码/第05册_采样方法主题模型与图排序/chapters/V5-C01.tex,119,643,高,对象、条件或最小例没有在首次阅读入口中同时出现,删除“需要解决的阅读阻塞/第一步/核验路线”等内部工作语，改为读者自检：“不看正文，能否说出‘马尔可夫性质与时齐转移。’的对象、条件和结论？不能则回看本节。”,CURRENT_SOURCE_PASS_B_M02_SYNC_R1,B_M02_CURRENT_SYNC.json
M02-RBL-0726,READING_BLOCKER,阅读阻塞残留,727,马尔可夫性质。,src/讲义源码/第05册_采样方法主题模型与图排序/chapters/V5-C01.tex,131,643,高,对象、条件或最小例没有在首次阅读入口中同时出现,删除“需要解决的阅读阻塞/第一步/核验路线”等内部工作语，改为读者自检：“不看正文，能否说出‘马尔可夫性质。’的对象、条件和结论？不能则回看本节。”,CURRENT_SOURCE_PASS_B_M02_SYNC_R1,B_M02_CURRENT_SYNC.json
M02-RBL-0727,READING_BLOCKER,阅读阻塞残留,728,一阶马尔可夫性质：有限/可数状态主线。,src/讲义源码/第05册_采样方法主题模型与图排序/chapters/V5-C01.tex,137,644,高,缺少可立即代入的最小数值例或非例,删除内部审计句，在“一阶马尔可夫性质：有限/可数状态主线。”后补一个2—3步的最小数值例或反例，并给出一个可立即作答的自检。,CURRENT_SOURCE_PASS_B_M02_SYNC_R1,B_M02_CURRENT_SYNC.json
M02-RBL-0728,READING_BLOCKER,阅读阻塞残留,729,易混淆概念对比：状态转移矩阵。,src/讲义源码/第05册_采样方法主题模型与图排序/chapters/V5-C01.tex,217,646,高,短段落内符号密度高，但符号角色未逐一落地,删除内部审计句，先用自然语言解释符号角色，再分两行写公式；每行只引入一个新对象。,CURRENT_SOURCE_PASS_B_M02_SYNC_R1,B_M02_CURRENT_SYNC.json
M02-RBL-0729,READING_BLOCKER,阅读阻塞残留,730,平稳分布的固定点定义。,src/讲义源码/第05册_采样方法主题模型与图排序/chapters/V5-C01.tex,293,647,高,对象、条件或最小例没有在首次阅读入口中同时出现,删除“需要解决的阅读阻塞/第一步/核验路线”等内部工作语，改为读者自检：“不看正文，能否说出‘平稳分布的固定点定义。’的对象、条件和结论？不能则回看本节。”,CURRENT_SOURCE_PASS_B_M02_SYNC_R1,B_M02_CURRENT_SYNC.json
M02-RBL-0730,READING_BLOCKER,阅读阻塞残留,731,平稳分布的流量解释。,src/讲义源码/第05册_采样方法主题模型与图排序/chapters/V5-C01.tex,310,648,高,对象、条件或最小例没有在首次阅读入口中同时出现,删除“需要解决的阅读阻塞/第一步/核验路线”等内部工作语，改为读者自检：“不看正文，能否说出‘平稳分布的流量解释。’的对象、条件和结论？不能则回看本节。”,CURRENT_SOURCE_PASS_B_M02_SYNC_R1,B_M02_CURRENT_SYNC.json
M02-RBL-0731,READING_BLOCKER,阅读阻塞残留,732,证明：有限链的平稳分布与唯一性层次。,src/讲义源码/第05册_采样方法主题模型与图排序/chapters/V5-C01.tex,352,649,高,证明前缺少一句路线提示，读者不易预判关键变形,删除内部说明，改成读者可见的一句话：“证明先把目标改写为可比较的两边，再使用上游定义/定理完成关键变形。”并在证明前列出条件与结论。,CURRENT_SOURCE_PASS_B_M02_SYNC_R1,B_M02_CURRENT_SYNC.json
M02-RBL-0732,READING_BLOCKER,阅读阻塞残留,733,马尔可夫链的性质。,src/讲义源码/第05册_采样方法主题模型与图排序/chapters/V5-C01.tex,389,650,高,对象、条件或最小例没有在首次阅读入口中同时出现,删除“需要解决的阅读阻塞/第一步/核验路线”等内部工作语，改为读者自检：“不看正文，能否说出‘马尔可夫链的性质。’的对象、条件和结论？不能则回看本节。”,CURRENT_SOURCE_PASS_B_M02_SYNC_R1,B_M02_CURRENT_SYNC.json
M02-RBL-0733,READING_BLOCKER,阅读阻塞残留,734,不可约性。,src/讲义源码/第05册_采样方法主题模型与图排序/chapters/V5-C01.tex,393,642,高,对象、条件或最小例没有在首次阅读入口中同时出现,删除“需要解决的阅读阻塞/第一步/核验路线”等内部工作语，改为读者自检：“不看正文，能否说出‘不可约性。’的对象、条件和结论？不能则回看本节。”,CURRENT_SOURCE_PASS_B_M02_SYNC_R1,B_M02_CURRENT_SYNC.json
M02-RBL-0734,READING_BLOCKER,阅读阻塞残留,735,非周期性。,src/讲义源码/第05册_采样方法主题模型与图排序/chapters/V5-C01.tex,404,642,高,对象、条件或最小例没有在首次阅读入口中同时出现,删除“需要解决的阅读阻塞/第一步/核验路线”等内部工作语，改为读者自检：“不看正文，能否说出‘非周期性。’的对象、条件和结论？不能则回看本节。”,CURRENT_SOURCE_PASS_B_M02_SYNC_R1,B_M02_CURRENT_SYNC.json
M02-RBL-0735,READING_BLOCKER,阅读阻塞残留,736,周期。,src/讲义源码/第05册_采样方法主题模型与图排序/chapters/V5-C01.tex,411,642,高,缺少可立即代入的最小数值例或非例,删除内部审计句，在“周期。”后补一个2—3步的最小数值例或反例，并给出一个可立即作答的自检。,CURRENT_SOURCE_PASS_B_M02_SYNC_R1,B_M02_CURRENT_SYNC.json
M02-RBL-0736,READING_BLOCKER,阅读阻塞残留,737,证明：通信状态具有相同周期。,src/讲义源码/第05册_采样方法主题模型与图排序/chapters/V5-C01.tex,428,651,高,证明前缺少一句路线提示，读者不易预判关键变形,删除内部说明，改成读者可见的一句话：“证明先把目标改写为可比较的两边，再使用上游定义/定理完成关键变形。”并在证明前列出条件与结论。,CURRENT_SOURCE_PASS_B_M02_SYNC_R1,B_M02_CURRENT_SYNC.json
M02-RBL-0737,READING_BLOCKER,阅读阻塞残留,738,有限状态链的唯一平稳分布。,src/讲义源码/第05册_采样方法主题模型与图排序/chapters/V5-C01.tex,464,652,高,对象、条件或最小例没有在首次阅读入口中同时出现,删除“需要解决的阅读阻塞/第一步/核验路线”等内部工作语，改为读者自检：“不看正文，能否说出‘有限状态链的唯一平稳分布。’的对象、条件和结论？不能则回看本节。”,CURRENT_SOURCE_PASS_B_M02_SYNC_R1,B_M02_CURRENT_SYNC.json
M02-RBL-0738,READING_BLOCKER,阅读阻塞残留,739,不可约正常返链。,src/讲义源码/第05册_采样方法主题模型与图排序/chapters/V5-C01.tex,468,642,高,对象、条件或最小例没有在首次阅读入口中同时出现,删除“需要解决的阅读阻塞/第一步/核验路线”等内部工作语，改为读者自检：“不看正文，能否说出‘不可约正常返链。’的对象、条件和结论？不能则回看本节。”,CURRENT_SOURCE_PASS_B_M02_SYNC_R1,B_M02_CURRENT_SYNC.json
M02-RBL-0739,READING_BLOCKER,阅读阻塞残留,740,遍历定理。,src/讲义源码/第05册_采样方法主题模型与图排序/chapters/V5-C01.tex,477,642,高,需显式区分条件与结论，并标出证明中每个条件的使用位置,删除“需要解决的阅读阻塞/第一步/核验路线”等内部工作语，改为读者自检：“不看正文，能否说出‘遍历定理。’的对象、条件和结论？不能则回看本节。”,CURRENT_SOURCE_PASS_B_M02_SYNC_R1,B_M02_CURRENT_SYNC.json
M02-RBL-0740,READING_BLOCKER,阅读阻塞残留,741,范围说明。,src/讲义源码/第05册_采样方法主题模型与图排序/chapters/V5-C01.tex,615,642,高,缺少可立即代入的最小数值例或非例,删除内部审计句，在“范围说明。”后补一个2—3步的最小数值例或反例，并给出一个可立即作答的自检。,CURRENT_SOURCE_PASS_B_M02_SYNC_R1,B_M02_CURRENT_SYNC.json
M02-RBL-0741,READING_BLOCKER,阅读阻塞残留,742,可逆马尔可夫链。,src/讲义源码/第05册_采样方法主题模型与图排序/chapters/V5-C01.tex,624,642,高,对象、条件或最小例没有在首次阅读入口中同时出现,删除“需要解决的阅读阻塞/第一步/核验路线”等内部工作语，改为读者自检：“不看正文，能否说出‘可逆马尔可夫链。’的对象、条件和结论？不能则回看本节。”,CURRENT_SOURCE_PASS_B_M02_SYNC_R1,B_M02_CURRENT_SYNC.json
M02-RBL-0742,READING_BLOCKER,阅读阻塞残留,743,不适用说明：遍历定理与可逆性。,src/讲义源码/第05册_采样方法主题模型与图排序/chapters/V5-C01.tex,672,657,高,边界说明缺少具体失败现象,删除内部审计句，改为四列表：触发条件｜失败现象｜可观察诊断｜修正动作；反例只破坏一个关键条件。,CURRENT_SOURCE_PASS_B_M02_SYNC_R1,B_M02_CURRENT_SYNC.json
M02-RBL-0743,READING_BLOCKER,阅读阻塞残留,744,有限状态链的分布推进与合法性检查：执行契约。,src/讲义源码/第05册_采样方法主题模型与图排序/chapters/V5-C01.tex,794,661,高,单个知识块信息密度较高，需要先给一条阅读路线再进入细节；未在同一入口集中说明输出证书,删除内部审计句，改为“输入—状态—初始化—一次更新—停止—输出”六行首次阅读卡；状态码和故障分支移到实现说明。,CURRENT_SOURCE_PASS_B_M02_SYNC_R1,B_M02_CURRENT_SYNC.json
M02-RBL-0744,READING_BLOCKER,阅读阻塞残留,745,复杂度分析：随机游走。,src/讲义源码/第05册_采样方法主题模型与图排序/chapters/V5-C01.tex,866,662,高,边界说明缺少具体失败现象,删除内部审计句，改为四列表：触发条件｜失败现象｜可观察诊断｜修正动作；反例只破坏一个关键条件。,CURRENT_SOURCE_PASS_B_M02_SYNC_R1,B_M02_CURRENT_SYNC.json
M02-RBL-0745,READING_BLOCKER,阅读阻塞残留,746,本章地图：蒙特卡罗方法与直接采样。,src/讲义源码/第05册_采样方法主题模型与图排序/chapters/V5-C02.tex,22,672,高,缺少可立即代入的最小数值例或非例,删除内部审计句，在“本章地图：蒙特卡罗方法与直接采样。”后补一个2—3步的最小数值例或反例，并给出一个可立即作答的自检。,CURRENT_SOURCE_PASS_B_M02_SYNC_R1,B_M02_CURRENT_SYNC.json
M02-RBL-0746,READING_BLOCKER,阅读阻塞残留,747,本章可检验学习目标。,src/讲义源码/第05册_采样方法主题模型与图排序/chapters/V5-C02.tex,33,672,高,缺少可立即代入的最小数值例或非例,删除内部审计句，在“本章可检验学习目标。”后补一个2—3步的最小数值例或反例，并给出一个可立即作答的自检。,CURRENT_SOURCE_PASS_B_M02_SYNC_R1,B_M02_CURRENT_SYNC.json
M02-RBL-0747,READING_BLOCKER,阅读阻塞残留,748,最短先修。,src/讲义源码/第05册_采样方法主题模型与图排序/chapters/V5-C02.tex,49,672,高,缺少可立即代入的最小数值例或非例,删除内部审计句，在“最短先修。”后补一个2—3步的最小数值例或反例，并给出一个可立即作答的自检。,CURRENT_SOURCE_PASS_B_M02_SYNC_R1,B_M02_CURRENT_SYNC.json
M02-RBL-0748,READING_BLOCKER,阅读阻塞残留,749,先修自检。,src/讲义源码/第05册_采样方法主题模型与图排序/chapters/V5-C02.tex,59,672,高,缺少可立即代入的最小数值例或非例,删除内部审计句，在“先修自检。”后补一个2—3步的最小数值例或反例，并给出一个可立即作答的自检。,CURRENT_SOURCE_PASS_B_M02_SYNC_R1,B_M02_CURRENT_SYNC.json
M02-RBL-0749,READING_BLOCKER,阅读阻塞残留,750,依赖路线。,src/讲义源码/第05册_采样方法主题模型与图排序/chapters/V5-C02.tex,75,672,高,缺少可立即代入的最小数值例或非例,删除内部审计句，在“依赖路线。”后补一个2—3步的最小数值例或反例，并给出一个可立即作答的自检。,CURRENT_SOURCE_PASS_B_M02_SYNC_R1,B_M02_CURRENT_SYNC.json
M02-RBL-0750,READING_BLOCKER,阅读阻塞残留,751,本章符号表。,src/讲义源码/第05册_采样方法主题模型与图排序/chapters/V5-C02.tex,103,673,高,缺少可立即代入的最小数值例或非例,删除内部审计句，在“本章符号表。”后补一个2—3步的最小数值例或反例，并给出一个可立即作答的自检。,CURRENT_SOURCE_PASS_B_M02_SYNC_R1,B_M02_CURRENT_SYNC.json
M02-RBL-0751,READING_BLOCKER,阅读阻塞残留,752,蒙特卡罗估计。,src/讲义源码/第05册_采样方法主题模型与图排序/chapters/V5-C02.tex,130,673,高,表述过短，缺少可立即作答的自检与失败回看位置,删除内部审计句，把“蒙特卡罗估计。”扩写为“对象是什么—成立条件—核心关系—最小例—失败边界”五句。,CURRENT_SOURCE_PASS_B_M02_SYNC_R1,B_M02_CURRENT_SYNC.json
M02-RBL-0752,READING_BLOCKER,阅读阻塞残留,753,蒙特卡罗法。,src/讲义源码/第05册_采样方法主题模型与图排序/chapters/V5-C02.tex,134,673,高,对象、条件或最小例没有在首次阅读入口中同时出现,删除“需要解决的阅读阻塞/第一步/核验路线”等内部工作语，改为读者自检：“不看正文，能否说出‘蒙特卡罗法。’的对象、条件和结论？不能则回看本节。”,CURRENT_SOURCE_PASS_B_M02_SYNC_R1,B_M02_CURRENT_SYNC.json
M02-RBL-0753,READING_BLOCKER,阅读阻塞残留,754,随机抽样。,src/讲义源码/第05册_采样方法主题模型与图排序/chapters/V5-C02.tex,138,673,高,需把输入、状态、一次更新、停止与输出压缩成首次阅读主线,删除内部审计句，改为“输入—状态—初始化—一次更新—停止—输出”六行首次阅读卡；状态码和故障分支移到实现说明。,CURRENT_SOURCE_PASS_B_M02_SYNC_R1,B_M02_CURRENT_SYNC.json
M02-RBL-0754,READING_BLOCKER,阅读阻塞残留,755,数学期望估计。,src/讲义源码/第05册_采样方法主题模型与图排序/chapters/V5-C02.tex,142,674,高,对象、条件或最小例没有在首次阅读入口中同时出现,删除“需要解决的阅读阻塞/第一步/核验路线”等内部工作语，改为读者自检：“不看正文，能否说出‘数学期望估计。’的对象、条件和结论？不能则回看本节。”,CURRENT_SOURCE_PASS_B_M02_SYNC_R1,B_M02_CURRENT_SYNC.json
M02-RBL-0755,READING_BLOCKER,阅读阻塞残留,756,积分计算。,src/讲义源码/第05册_采样方法主题模型与图排序/chapters/V5-C02.tex,146,673,高,对象、条件或最小例没有在首次阅读入口中同时出现,删除“需要解决的阅读阻塞/第一步/核验路线”等内部工作语，改为读者自检：“不看正文，能否说出‘积分计算。’的对象、条件和结论？不能则回看本节。”,CURRENT_SOURCE_PASS_B_M02_SYNC_R1,B_M02_CURRENT_SYNC.json
M02-RBL-0756,READING_BLOCKER,阅读阻塞残留,757,独立同分布蒙特卡罗估计。,src/讲义源码/第05册_采样方法主题模型与图排序/chapters/V5-C02.tex,157,675,高,缺少可立即代入的最小数值例或非例,删除内部审计句，在“独立同分布蒙特卡罗估计。”后补一个2—3步的最小数值例或反例，并给出一个可立即作答的自检。,CURRENT_SOURCE_PASS_B_M02_SYNC_R1,B_M02_CURRENT_SYNC.json
M02-RBL-0757,READING_BLOCKER,阅读阻塞残留,758,主线只使用强大数律结论。,src/讲义源码/第05册_采样方法主题模型与图排序/chapters/V5-C02.tex,227,677,高,缺少可立即代入的最小数值例或非例,删除内部审计句，在“主线只使用强大数律结论。”后补一个2—3步的最小数值例或反例，并给出一个可立即作答的自检。,CURRENT_SOURCE_PASS_B_M02_SYNC_R1,B_M02_CURRENT_SYNC.json
M02-RBL-0758,READING_BLOCKER,阅读阻塞残留,759,证明：独立同分布蒙特卡罗估计的基本性质。,src/讲义源码/第05册_采样方法主题模型与图排序/chapters/V5-C02.tex,264,678,高,证明前缺少一句路线提示，读者不易预判关键变形,删除内部说明，改成读者可见的一句话：“证明先把目标改写为可比较的两边，再使用上游定义/定理完成关键变形。”并在证明前列出条件与结论。,CURRENT_SOURCE_PASS_B_M02_SYNC_R1,B_M02_CURRENT_SYNC.json
M02-RBL-0759,READING_BLOCKER,阅读阻塞残留,760,从给定分布抽样。,src/讲义源码/第05册_采样方法主题模型与图排序/chapters/V5-C02.tex,296,679,高,表述过短，缺少可立即作答的自检与失败回看位置,删除内部审计句，把“从给定分布抽样。”扩写为“对象是什么—成立条件—核心关系—最小例—失败边界”五句。,CURRENT_SOURCE_PASS_B_M02_SYNC_R1,B_M02_CURRENT_SYNC.json
M02-RBL-0760,READING_BLOCKER,阅读阻塞残留,761,逆变换抽样。,src/讲义源码/第05册_采样方法主题模型与图排序/chapters/V5-C02.tex,300,673,高,表述过短，缺少可立即作答的自检与失败回看位置,删除内部审计句，把“逆变换抽样。”扩写为“对象是什么—成立条件—核心关系—最小例—失败边界”五句。,CURRENT_SOURCE_PASS_B_M02_SYNC_R1,B_M02_CURRENT_SYNC.json
M02-RBL-0761,READING_BLOCKER,阅读阻塞残留,762,证明：广义逆变换定理。,src/讲义源码/第05册_采样方法主题模型与图排序/chapters/V5-C02.tex,320,679,高,短段落内符号密度高，但符号角色未逐一落地,删除内部审计句，先用自然语言解释符号角色，再分两行写公式；每行只引入一个新对象。,CURRENT_SOURCE_PASS_B_M02_SYNC_R1,B_M02_CURRENT_SYNC.json
M02-RBL-0762,READING_BLOCKER,阅读阻塞残留,763,易混淆概念对比：逆变换抽样。,src/讲义源码/第05册_采样方法主题模型与图排序/chapters/V5-C02.tex,339,680,高,比较项缺少统一比较维度,删除“需要解决的阅读阻塞/第一步/核验路线”等内部工作语，改为读者自检：“不看正文，能否说出‘易混淆概念对比：逆变换抽样。’的对象、条件和结论？不能则回看本节。”,CURRENT_SOURCE_PASS_B_M02_SYNC_R1,B_M02_CURRENT_SYNC.json
M02-RBL-0763,READING_BLOCKER,阅读阻塞残留,764,接受—拒绝抽样。,src/讲义源码/第05册_采样方法主题模型与图排序/chapters/V5-C02.tex,348,672,高,表述过短，缺少可立即作答的自检与失败回看位置,删除内部审计句，把“接受—拒绝抽样。”扩写为“对象是什么—成立条件—核心关系—最小例—失败边界”五句。,CURRENT_SOURCE_PASS_B_M02_SYNC_R1,B_M02_CURRENT_SYNC.json
M02-RBL-0764,READING_BLOCKER,阅读阻塞残留,765,证明：接受--拒绝抽样的分布与接受率。,src/讲义源码/第05册_采样方法主题模型与图排序/chapters/V5-C02.tex,376,681,高,证明前缺少一句路线提示，读者不易预判关键变形,删除内部说明，改成读者可见的一句话：“证明先把目标改写为可比较的两边，再使用上游定义/定理完成关键变形。”并在证明前列出条件与结论。,CURRENT_SOURCE_PASS_B_M02_SYNC_R1,B_M02_CURRENT_SYNC.json
M02-RBL-0765,READING_BLOCKER,阅读阻塞残留,766,证明：普通与自归一化重要性抽样。,src/讲义源码/第05册_采样方法主题模型与图排序/chapters/V5-C02.tex,419,684,高,证明前缺少一句路线提示，读者不易预判关键变形,删除内部说明，改成读者可见的一句话：“证明先把目标改写为可比较的两边，再使用上游定义/定理完成关键变形。”并在证明前列出条件与结论。,CURRENT_SOURCE_PASS_B_M02_SYNC_R1,B_M02_CURRENT_SYNC.json
M02-RBL-0766,READING_BLOCKER,阅读阻塞残留,767,证明：普通重要性抽样的方差最优提议。,src/讲义源码/第05册_采样方法主题模型与图排序/chapters/V5-C02.tex,455,685,高,证明前缺少一句路线提示，读者不易预判关键变形；短段落内符号密度高，但符号角色未逐一落地,删除内部说明，改成读者可见的一句话：“证明先把目标改写为可比较的两边，再使用上游定义/定理完成关键变形。”并在证明前列出条件与结论。,CURRENT_SOURCE_PASS_B_M02_SYNC_R1,B_M02_CURRENT_SYNC.json
M02-RBL-0767,READING_BLOCKER,阅读阻塞残留,768,带离散和数值分支的广义逆抽样：执行契约。,src/讲义源码/第05册_采样方法主题模型与图排序/chapters/V5-C02.tex,651,690,高,单个知识块信息密度较高，需要先给一条阅读路线再进入细节；未在同一入口集中说明输入对象,删除内部审计句，改为“输入—状态—初始化—一次更新—停止—输出”六行首次阅读卡；状态码和故障分支移到实现说明。,CURRENT_SOURCE_PASS_B_M02_SYNC_R1,B_M02_CURRENT_SYNC.json
M02-RBL-0768,READING_BLOCKER,阅读阻塞残留,769,带离散和数值分支的广义逆抽样。,src/讲义源码/第05册_采样方法主题模型与图排序/chapters/V5-C02.tex,655,690,高,未在同一入口集中说明输入对象；未在同一入口集中说明输出证书,删除内部审计句，改为“输入—状态—初始化—一次更新—停止—输出”六行首次阅读卡；状态码和故障分支移到实现说明。,CURRENT_SOURCE_PASS_B_M02_SYNC_R1,B_M02_CURRENT_SYNC.json
M02-RBL-0769,READING_BLOCKER,阅读阻塞残留,770,接受—拒绝抽样的数学主体：执行契约。,src/讲义源码/第05册_采样方法主题模型与图排序/chapters/V5-C02.tex,713,692,高,单个知识块信息密度较高，需要先给一条阅读路线再进入细节；未在同一入口集中说明输入对象,删除内部审计句，改为“输入—状态—初始化—一次更新—停止—输出”六行首次阅读卡；状态码和故障分支移到实现说明。,CURRENT_SOURCE_PASS_B_M02_SYNC_R1,B_M02_CURRENT_SYNC.json
M02-RBL-0770,READING_BLOCKER,阅读阻塞残留,771,本章结论与下一步。,src/讲义源码/第05册_采样方法主题模型与图排序/chapters/V5-C02.tex,1234,671,高,缺少可立即代入的最小数值例或非例,删除内部审计句，在“本章结论与下一步。”后补一个2—3步的最小数值例或反例，并给出一个可立即作答的自检。,CURRENT_SOURCE_PASS_B_M02_SYNC_R1,B_M02_CURRENT_SYNC.json
M02-RBL-0771,READING_BLOCKER,阅读阻塞残留,772,本章地图：马尔可夫链蒙特卡罗法。,src/讲义源码/第05册_采样方法主题模型与图排序/chapters/V5-C03.tex,27,703,高,缺少可立即代入的最小数值例或非例,删除内部审计句，在“本章地图：马尔可夫链蒙特卡罗法。”后补一个2—3步的最小数值例或反例，并给出一个可立即作答的自检。,CURRENT_SOURCE_PASS_B_M02_SYNC_R1,B_M02_CURRENT_SYNC.json
M02-RBL-0772,READING_BLOCKER,阅读阻塞残留,773,本章可检验学习目标。,src/讲义源码/第05册_采样方法主题模型与图排序/chapters/V5-C03.tex,31,703,高,缺少可立即代入的最小数值例或非例,删除内部审计句，在“本章可检验学习目标。”后补一个2—3步的最小数值例或反例，并给出一个可立即作答的自检。,CURRENT_SOURCE_PASS_B_M02_SYNC_R1,B_M02_CURRENT_SYNC.json
M02-RBL-0773,READING_BLOCKER,阅读阻塞残留,774,先修自检。,src/讲义源码/第05册_采样方法主题模型与图排序/chapters/V5-C03.tex,35,703,高,缺少可立即代入的最小数值例或非例,删除内部审计句，在“先修自检。”后补一个2—3步的最小数值例或反例，并给出一个可立即作答的自检。,CURRENT_SOURCE_PASS_B_M02_SYNC_R1,B_M02_CURRENT_SYNC.json
M02-RBL-0774,READING_BLOCKER,阅读阻塞残留,775,依赖路线。,src/讲义源码/第05册_采样方法主题模型与图排序/chapters/V5-C03.tex,39,703,高,缺少可立即代入的最小数值例或非例,删除内部审计句，在“依赖路线。”后补一个2—3步的最小数值例或反例，并给出一个可立即作答的自检。,CURRENT_SOURCE_PASS_B_M02_SYNC_R1,B_M02_CURRENT_SYNC.json
M02-RBL-0775,READING_BLOCKER,阅读阻塞残留,776,马尔可夫链蒙特卡罗目标期望。,src/讲义源码/第05册_采样方法主题模型与图排序/chapters/V5-C03.tex,130,704,高,对象、条件或最小例没有在首次阅读入口中同时出现,删除“需要解决的阅读阻塞/第一步/核验路线”等内部工作语，改为读者自检：“不看正文，能否说出‘马尔可夫链蒙特卡罗目标期望。’的对象、条件和结论？不能则回看本节。”,CURRENT_SOURCE_PASS_B_M02_SYNC_R1,B_M02_CURRENT_SYNC.json
M02-RBL-0776,READING_BLOCKER,阅读阻塞残留,777,MCMC基本思想。,src/讲义源码/第05册_采样方法主题模型与图排序/chapters/V5-C03.tex,134,704,高,表述过短，缺少可立即作答的自检与失败回看位置,删除内部审计句，把“MCMC基本思想。”扩写为“对象是什么—成立条件—核心关系—最小例—失败边界”五句。,CURRENT_SOURCE_PASS_B_M02_SYNC_R1,B_M02_CURRENT_SYNC.json
M02-RBL-0777,READING_BLOCKER,阅读阻塞残留,778,以平稳链估计目标期望。,src/讲义源码/第05册_采样方法主题模型与图排序/chapters/V5-C03.tex,138,705,高,对象、条件或最小例没有在首次阅读入口中同时出现,删除“需要解决的阅读阻塞/第一步/核验路线”等内部工作语，改为读者自检：“不看正文，能否说出‘以平稳链估计目标期望。’的对象、条件和结论？不能则回看本节。”,CURRENT_SOURCE_PASS_B_M02_SYNC_R1,B_M02_CURRENT_SYNC.json
M02-RBL-0778,READING_BLOCKER,阅读阻塞残留,779,MCMC的目标保持与可达性。,src/讲义源码/第05册_采样方法主题模型与图排序/chapters/V5-C03.tex,142,705,高,对象、条件或最小例没有在首次阅读入口中同时出现,删除“需要解决的阅读阻塞/第一步/核验路线”等内部工作语，改为读者自检：“不看正文，能否说出‘MCMC的目标保持与可达性。’的对象、条件和结论？不能则回看本节。”,CURRENT_SOURCE_PASS_B_M02_SYNC_R1,B_M02_CURRENT_SYNC.json
M02-RBL-0779,READING_BLOCKER,阅读阻塞残留,780,细致平衡方程。,src/讲义源码/第05册_采样方法主题模型与图排序/chapters/V5-C03.tex,203,704,高,对象、条件或最小例没有在首次阅读入口中同时出现,删除“需要解决的阅读阻塞/第一步/核验路线”等内部工作语，改为读者自检：“不看正文，能否说出‘细致平衡方程。’的对象、条件和结论？不能则回看本节。”,CURRENT_SOURCE_PASS_B_M02_SYNC_R1,B_M02_CURRENT_SYNC.json
M02-RBL-0780,READING_BLOCKER,阅读阻塞残留,781,细致平衡。,src/讲义源码/第05册_采样方法主题模型与图排序/chapters/V5-C03.tex,211,707,高,缺少可立即代入的最小数值例或非例,删除内部审计句，在“细致平衡。”后补一个2—3步的最小数值例或反例，并给出一个可立即作答的自检。,CURRENT_SOURCE_PASS_B_M02_SYNC_R1,B_M02_CURRENT_SYNC.json
M02-RBL-0781,READING_BLOCKER,阅读阻塞残留,782,证明：细致平衡推出平稳。,src/讲义源码/第05册_采样方法主题模型与图排序/chapters/V5-C03.tex,245,707,高,证明前缺少一句路线提示，读者不易预判关键变形,删除内部说明，改成读者可见的一句话：“证明先把目标改写为可比较的两边，再使用上游定义/定理完成关键变形。”并在证明前列出条件与结论。,CURRENT_SOURCE_PASS_B_M02_SYNC_R1,B_M02_CURRENT_SYNC.json
M02-RBL-0782,READING_BLOCKER,阅读阻塞残留,783,Metropolis-Hastings接受率。,src/讲义源码/第05册_采样方法主题模型与图排序/chapters/V5-C03.tex,261,708,高,需把输入、状态、一次更新、停止与输出压缩成首次阅读主线,删除内部审计句，改为“输入—状态—初始化—一次更新—停止—输出”六行首次阅读卡；状态码和故障分支移到实现说明。,CURRENT_SOURCE_PASS_B_M02_SYNC_R1,B_M02_CURRENT_SYNC.json
M02-RBL-0783,READING_BLOCKER,阅读阻塞残留,784,双向目标—提议流。,src/讲义源码/第05册_采样方法主题模型与图排序/chapters/V5-C03.tex,265,707,高,对象、条件或最小例没有在首次阅读入口中同时出现,删除“需要解决的阅读阻塞/第一步/核验路线”等内部工作语，改为读者自检：“不看正文，能否说出‘双向目标—提议流。’的对象、条件和结论？不能则回看本节。”,CURRENT_SOURCE_PASS_B_M02_SYNC_R1,B_M02_CURRENT_SYNC.json
M02-RBL-0784,READING_BLOCKER,阅读阻塞残留,785,Metropolis-Hastings转移核。,src/讲义源码/第05册_采样方法主题模型与图排序/chapters/V5-C03.tex,269,708,高,需把输入、状态、一次更新、停止与输出压缩成首次阅读主线,删除内部审计句，改为“输入—状态—初始化—一次更新—停止—输出”六行首次阅读卡；状态码和故障分支移到实现说明。,CURRENT_SOURCE_PASS_B_M02_SYNC_R1,B_M02_CURRENT_SYNC.json
M02-RBL-0785,READING_BLOCKER,阅读阻塞残留,786,Metropolis-Hastings核可逆性。,src/讲义源码/第05册_采样方法主题模型与图排序/chapters/V5-C03.tex,273,709,高,需把输入、状态、一次更新、停止与输出压缩成首次阅读主线,删除内部审计句，改为“输入—状态—初始化—一次更新—停止—输出”六行首次阅读卡；状态码和故障分支移到实现说明。,CURRENT_SOURCE_PASS_B_M02_SYNC_R1,B_M02_CURRENT_SYNC.json
M02-RBL-0786,READING_BLOCKER,阅读阻塞残留,787,Metropolis-Hastings拒绝自环。,src/讲义源码/第05册_采样方法主题模型与图排序/chapters/V5-C03.tex,280,709,高,需把输入、状态、一次更新、停止与输出压缩成首次阅读主线,删除内部审计句，改为“输入—状态—初始化—一次更新—停止—输出”六行首次阅读卡；状态码和故障分支移到实现说明。,CURRENT_SOURCE_PASS_B_M02_SYNC_R1,B_M02_CURRENT_SYNC.json
M02-RBL-0787,READING_BLOCKER,阅读阻塞残留,788,单分量Metropolis-Hastings算法。,src/讲义源码/第05册_采样方法主题模型与图排序/chapters/V5-C03.tex,284,703,高,需把输入、状态、一次更新、停止与输出压缩成首次阅读主线,删除内部审计句，改为“输入—状态—初始化—一次更新—停止—输出”六行首次阅读卡；状态码和故障分支移到实现说明。,CURRENT_SOURCE_PASS_B_M02_SYNC_R1,B_M02_CURRENT_SYNC.json
M02-RBL-0788,READING_BLOCKER,阅读阻塞残留,789,证明：MH核的可逆性。,src/讲义源码/第05册_采样方法主题模型与图排序/chapters/V5-C03.tex,333,710,高,证明前缺少一句路线提示，读者不易预判关键变形；短段落内符号密度高，但符号角色未逐一落地,删除内部说明，改成读者可见的一句话：“证明先把目标改写为可比较的两边，再使用上游定义/定理完成关键变形。”并在证明前列出条件与结论。,CURRENT_SOURCE_PASS_B_M02_SYNC_R1,B_M02_CURRENT_SYNC.json
M02-RBL-0789,READING_BLOCKER,阅读阻塞残留,790,接受率的成对流推导。,src/讲义源码/第05册_采样方法主题模型与图排序/chapters/V5-C03.tex,360,711,高,表述过短，缺少可立即作答的自检与失败回看位置,删除内部审计句，把“接受率的成对流推导。”扩写为“对象是什么—成立条件—核心关系—最小例—失败边界”五句。,CURRENT_SOURCE_PASS_B_M02_SYNC_R1,B_M02_CURRENT_SYNC.json
M02-RBL-0790,READING_BLOCKER,阅读阻塞残留,791,成对约束下的最大接受流。,src/讲义源码/第05册_采样方法主题模型与图排序/chapters/V5-C03.tex,382,711,高,定理陈述中的对象与条件入口不够醒目,删除“需要解决的阅读阻塞/第一步/核验路线”等内部工作语，改为读者自检：“不看正文，能否说出‘成对约束下的最大接受流。’的对象、条件和结论？不能则回看本节。”,CURRENT_SOURCE_PASS_B_M02_SYNC_R1,B_M02_CURRENT_SYNC.json
M02-RBL-0791,READING_BLOCKER,阅读阻塞残留,792,证明：成对约束下的最大接受流。,src/讲义源码/第05册_采样方法主题模型与图排序/chapters/V5-C03.tex,395,712,高,证明前缺少一句路线提示，读者不易预判关键变形,删除内部说明，改成读者可见的一句话：“证明先把目标改写为可比较的两边，再使用上游定义/定理完成关键变形。”并在证明前列出条件与结论。,CURRENT_SOURCE_PASS_B_M02_SYNC_R1,B_M02_CURRENT_SYNC.json
M02-RBL-0792,READING_BLOCKER,阅读阻塞残留,793,证明：单分量核的保持性与扫描方式。,src/讲义源码/第05册_采样方法主题模型与图排序/chapters/V5-C03.tex,481,714,高,证明前缺少一句路线提示，读者不易预判关键变形,删除内部说明，改成读者可见的一句话：“证明先把目标改写为可比较的两边，再使用上游定义/定理完成关键变形。”并在证明前列出条件与结论。,CURRENT_SOURCE_PASS_B_M02_SYNC_R1,B_M02_CURRENT_SYNC.json
M02-RBL-0793,READING_BLOCKER,阅读阻塞残留,794,马尔可夫链蒙特卡罗法与统计学习。,src/讲义源码/第05册_采样方法主题模型与图排序/chapters/V5-C03.tex,498,714,高,对象、条件或最小例没有在首次阅读入口中同时出现,删除“需要解决的阅读阻塞/第一步/核验路线”等内部工作语，改为读者自检：“不看正文，能否说出‘马尔可夫链蒙特卡罗法与统计学习。’的对象、条件和结论？不能则回看本节。”,CURRENT_SOURCE_PASS_B_M02_SYNC_R1,B_M02_CURRENT_SYNC.json
M02-RBL-0794,READING_BLOCKER,阅读阻塞残留,795,证明：有限状态MH的正确性条件。,src/讲义源码/第05册_采样方法主题模型与图排序/chapters/V5-C03.tex,517,715,高,证明前缺少一句路线提示，读者不易预判关键变形,删除内部说明，改成读者可见的一句话：“证明先把目标改写为可比较的两边，再使用上游定义/定理完成关键变形。”并在证明前列出条件与结论。,CURRENT_SOURCE_PASS_B_M02_SYNC_R1,B_M02_CURRENT_SYNC.json
M02-RBL-0795,READING_BLOCKER,阅读阻塞残留,796,一般状态空间的可达与回返条件。,src/讲义源码/第05册_采样方法主题模型与图排序/chapters/V5-C03.tex,551,716,高,缺少可立即代入的最小数值例或非例,删除内部审计句，在“一般状态空间的可达与回返条件。”后补一个2—3步的最小数值例或反例，并给出一个可立即作答的自检。,CURRENT_SOURCE_PASS_B_M02_SYNC_R1,B_M02_CURRENT_SYNC.json
M02-RBL-0796,READING_BLOCKER,阅读阻塞残留,797,平稳相关均值的有限样本方差。,src/讲义源码/第05册_采样方法主题模型与图排序/chapters/V5-C03.tex,576,716,高,短段落内符号密度高，但符号角色未逐一落地,删除内部审计句，先用自然语言解释符号角色，再分两行写公式；每行只引入一个新对象。,CURRENT_SOURCE_PASS_B_M02_SYNC_R1,B_M02_CURRENT_SYNC.json
M02-RBL-0797,READING_BLOCKER,阅读阻塞残留,798,证明：平稳相关均值的有限样本方差。,src/讲义源码/第05册_采样方法主题模型与图排序/chapters/V5-C03.tex,597,717,高,证明前缺少一句路线提示，读者不易预判关键变形；短段落内符号密度高，但符号角色未逐一落地,删除内部说明，改成读者可见的一句话：“证明先把目标改写为可比较的两边，再使用上游定义/定理完成关键变形。”并在证明前列出条件与结论。,CURRENT_SOURCE_PASS_B_M02_SYNC_R1,B_M02_CURRENT_SYNC.json
M02-RBL-0798,READING_BLOCKER,阅读阻塞残留,799,常见错误与误用边界：收敛与样本诊断。,src/讲义源码/第05册_采样方法主题模型与图排序/chapters/V5-C03.tex,653,718,高,边界说明缺少具体失败现象,删除内部审计句，改为四列表：触发条件｜失败现象｜可观察诊断｜修正动作；反例只破坏一个关键条件。,CURRENT_SOURCE_PASS_B_M02_SYNC_R1,B_M02_CURRENT_SYNC.json
M02-RBL-0799,READING_BLOCKER,阅读阻塞残留,800,有限样本权重与批均值并列的轨迹诊断：执行契约。,src/讲义源码/第05册_采样方法主题模型与图排序/chapters/V5-C03.tex,872,723,高,单个知识块信息密度较高，需要先给一条阅读路线再进入细节,删除内部审计句，改为“输入—状态—初始化—一次更新—停止—输出”六行首次阅读卡；状态码和故障分支移到实现说明。,CURRENT_SOURCE_PASS_B_M02_SYNC_R1,B_M02_CURRENT_SYNC.json
M02-RBL-0800,READING_BLOCKER,阅读阻塞残留,801,有限样本权重与批均值并列的轨迹诊断。,src/讲义源码/第05册_采样方法主题模型与图排序/chapters/V5-C03.tex,876,723,高,单个知识块信息密度较高，需要先给一条阅读路线再进入细节；未在同一入口集中说明停止条件,删除内部审计句，改为“输入—状态—初始化—一次更新—停止—输出”六行首次阅读卡；状态码和故障分支移到实现说明。,CURRENT_SOURCE_PASS_B_M02_SYNC_R1,B_M02_CURRENT_SYNC.json
M02-RBL-0801,READING_BLOCKER,阅读阻塞残留,802,复杂度分析：自相关与批均值诊断。,src/讲义源码/第05册_采样方法主题模型与图排序/chapters/V5-C03.tex,925,724,高,边界说明缺少具体失败现象,删除内部审计句，改为四列表：触发条件｜失败现象｜可观察诊断｜修正动作；反例只破坏一个关键条件。,CURRENT_SOURCE_PASS_B_M02_SYNC_R1,B_M02_CURRENT_SYNC.json
M02-RBL-0802,READING_BLOCKER,阅读阻塞残留,803,易混淆概念对比：例题、马尔可夫链计算与练习。,src/讲义源码/第05册_采样方法主题模型与图排序/chapters/V5-C03.tex,1042,726,高,比较项缺少统一比较维度,删除“需要解决的阅读阻塞/第一步/核验路线”等内部工作语，改为读者自检：“不看正文，能否说出‘易混淆概念对比：例题、马尔可夫链计算与练习。’的对象、条件和结论？不能则回看本节。”,CURRENT_SOURCE_PASS_B_M02_SYNC_R1,B_M02_CURRENT_SYNC.json
M02-RBL-0803,READING_BLOCKER,阅读阻塞残留,804,本章地图：Gibbs 抽样。,src/讲义源码/第05册_采样方法主题模型与图排序/chapters/V5-C04.tex,24,737,高,缺少可立即代入的最小数值例或非例,删除内部审计句，在“本章地图：Gibbs 抽样。”后补一个2—3步的最小数值例或反例，并给出一个可立即作答的自检。,CURRENT_SOURCE_PASS_B_M02_SYNC_R1,B_M02_CURRENT_SYNC.json
M02-RBL-0804,READING_BLOCKER,阅读阻塞残留,805,本章可检验学习目标。,src/讲义源码/第05册_采样方法主题模型与图排序/chapters/V5-C04.tex,35,737,高,缺少可立即代入的最小数值例或非例,删除内部审计句，在“本章可检验学习目标。”后补一个2—3步的最小数值例或反例，并给出一个可立即作答的自检。,CURRENT_SOURCE_PASS_B_M02_SYNC_R1,B_M02_CURRENT_SYNC.json
M02-RBL-0805,READING_BLOCKER,阅读阻塞残留,806,最短先修。,src/讲义源码/第05册_采样方法主题模型与图排序/chapters/V5-C04.tex,52,737,高,缺少可立即代入的最小数值例或非例,删除内部审计句，在“最短先修。”后补一个2—3步的最小数值例或反例，并给出一个可立即作答的自检。,CURRENT_SOURCE_PASS_B_M02_SYNC_R1,B_M02_CURRENT_SYNC.json
M02-RBL-0806,READING_BLOCKER,阅读阻塞残留,807,先修自检。,src/讲义源码/第05册_采样方法主题模型与图排序/chapters/V5-C04.tex,62,737,高,缺少可立即代入的最小数值例或非例,删除内部审计句，在“先修自检。”后补一个2—3步的最小数值例或反例，并给出一个可立即作答的自检。,CURRENT_SOURCE_PASS_B_M02_SYNC_R1,B_M02_CURRENT_SYNC.json
M02-RBL-0807,READING_BLOCKER,阅读阻塞残留,808,依赖路线。,src/讲义源码/第05册_采样方法主题模型与图排序/chapters/V5-C04.tex,79,737,高,缺少可立即代入的最小数值例或非例,删除内部审计句，在“依赖路线。”后补一个2—3步的最小数值例或反例，并给出一个可立即作答的自检。,CURRENT_SOURCE_PASS_B_M02_SYNC_R1,B_M02_CURRENT_SYNC.json
M02-RBL-0808,READING_BLOCKER,阅读阻塞残留,809,Gibbs抽样的满条件分解。,src/讲义源码/第05册_采样方法主题模型与图排序/chapters/V5-C04.tex,137,739,高,需把输入、状态、一次更新、停止与输出压缩成首次阅读主线,删除内部审计句，改为“输入—状态—初始化—一次更新—停止—输出”六行首次阅读卡；状态码和故障分支移到实现说明。,CURRENT_SOURCE_PASS_B_M02_SYNC_R1,B_M02_CURRENT_SYNC.json
M02-RBL-0809,READING_BLOCKER,阅读阻塞残留,810,满条件分布。,src/讲义源码/第05册_采样方法主题模型与图排序/chapters/V5-C04.tex,193,739,高,缺少可立即代入的最小数值例或非例,删除内部审计句，在“满条件分布。”后补一个2—3步的最小数值例或反例，并给出一个可立即作答的自检。,CURRENT_SOURCE_PASS_B_M02_SYNC_R1,B_M02_CURRENT_SYNC.json
M02-RBL-0810,READING_BLOCKER,阅读阻塞残留,811,Gibbs抽样的满条件提议。,src/讲义源码/第05册_采样方法主题模型与图排序/chapters/V5-C04.tex,237,742,高,表述过短，缺少可立即作答的自检与失败回看位置,删除内部审计句，把“Gibbs抽样的满条件提议。”扩写为“对象是什么—成立条件—核心关系—最小例—失败边界”五句。,CURRENT_SOURCE_PASS_B_M02_SYNC_R1,B_M02_CURRENT_SYNC.json
M02-RBL-0811,READING_BLOCKER,阅读阻塞残留,812,系统扫描Gibbs算法。,src/讲义源码/第05册_采样方法主题模型与图排序/chapters/V5-C04.tex,241,742,高,需把输入、状态、一次更新、停止与输出压缩成首次阅读主线,删除内部审计句，改为“输入—状态—初始化—一次更新—停止—输出”六行首次阅读卡；状态码和故障分支移到实现说明。,CURRENT_SOURCE_PASS_B_M02_SYNC_R1,B_M02_CURRENT_SYNC.json
M02-RBL-0812,READING_BLOCKER,阅读阻塞残留,813,Gibbs坐标核的目标保持。,src/讲义源码/第05册_采样方法主题模型与图排序/chapters/V5-C04.tex,245,742,高,需把输入、状态、一次更新、停止与输出压缩成首次阅读主线,删除内部审计句，改为“输入—状态—初始化—一次更新—停止—输出”六行首次阅读卡；状态码和故障分支移到实现说明。,CURRENT_SOURCE_PASS_B_M02_SYNC_R1,B_M02_CURRENT_SYNC.json
M02-RBL-0813,READING_BLOCKER,阅读阻塞残留,814,证明：单坐标Gibbs核的可逆性。,src/讲义源码/第05册_采样方法主题模型与图排序/chapters/V5-C04.tex,296,743,高,证明前缺少一句路线提示，读者不易预判关键变形,删除内部说明，改成读者可见的一句话：“证明先把目标改写为可比较的两边，再使用上游定义/定理完成关键变形。”并在证明前列出条件与结论。,CURRENT_SOURCE_PASS_B_M02_SYNC_R1,B_M02_CURRENT_SYNC.json
M02-RBL-0814,READING_BLOCKER,阅读阻塞残留,815,证明：系统扫描与随机扫描。,src/讲义源码/第05册_采样方法主题模型与图排序/chapters/V5-C04.tex,329,744,高,证明前缺少一句路线提示，读者不易预判关键变形,删除内部说明，改成读者可见的一句话：“证明先把目标改写为可比较的两边，再使用上游定义/定理完成关键变形。”并在证明前列出条件与结论。,CURRENT_SOURCE_PASS_B_M02_SYNC_R1,B_M02_CURRENT_SYNC.json
M02-RBL-0815,READING_BLOCKER,阅读阻塞残留,816,证明：有限全支持情形的遍历性。,src/讲义源码/第05册_采样方法主题模型与图排序/chapters/V5-C04.tex,346,745,高,证明前缺少一句路线提示，读者不易预判关键变形,删除内部说明，改成读者可见的一句话：“证明先把目标改写为可比较的两边，再使用上游定义/定理完成关键变形。”并在证明前列出条件与结论。,CURRENT_SOURCE_PASS_B_M02_SYNC_R1,B_M02_CURRENT_SYNC.json
M02-RBL-0816,READING_BLOCKER,阅读阻塞残留,817,证明：二元正态Gibbs的边缘递推。,src/讲义源码/第05册_采样方法主题模型与图排序/chapters/V5-C04.tex,412,747,高,证明前缺少一句路线提示，读者不易预判关键变形,删除内部说明，改成读者可见的一句话：“证明先把目标改写为可比较的两边，再使用上游定义/定理完成关键变形。”并在证明前列出条件与结论。,CURRENT_SOURCE_PASS_B_M02_SYNC_R1,B_M02_CURRENT_SYNC.json
M02-RBL-0817,READING_BLOCKER,阅读阻塞残留,818,抽样计算。,src/讲义源码/第05册_采样方法主题模型与图排序/chapters/V5-C04.tex,484,749,高,需把输入、状态、一次更新、停止与输出压缩成首次阅读主线,删除内部审计句，改为“输入—状态—初始化—一次更新—停止—输出”六行首次阅读卡；状态码和故障分支移到实现说明。,CURRENT_SOURCE_PASS_B_M02_SYNC_R1,B_M02_CURRENT_SYNC.json
M02-RBL-0818,READING_BLOCKER,阅读阻塞残留,819,本章地图：狄利克雷分布与共轭先验。,src/讲义源码/第05册_采样方法主题模型与图排序/chapters/V5-C05.tex,31,762,高,缺少可立即代入的最小数值例或非例,删除内部审计句，在“本章地图：狄利克雷分布与共轭先验。”后补一个2—3步的最小数值例或反例，并给出一个可立即作答的自检。,CURRENT_SOURCE_PASS_B_M02_SYNC_R1,B_M02_CURRENT_SYNC.json
M02-RBL-0819,READING_BLOCKER,阅读阻塞残留,820,本章可检验学习目标。,src/讲义源码/第05册_采样方法主题模型与图排序/chapters/V5-C05.tex,42,762,高,缺少可立即代入的最小数值例或非例,删除内部审计句，在“本章可检验学习目标。”后补一个2—3步的最小数值例或反例，并给出一个可立即作答的自检。,CURRENT_SOURCE_PASS_B_M02_SYNC_R1,B_M02_CURRENT_SYNC.json
M02-RBL-0820,READING_BLOCKER,阅读阻塞残留,821,最短先修。,src/讲义源码/第05册_采样方法主题模型与图排序/chapters/V5-C05.tex,59,762,高,缺少可立即代入的最小数值例或非例,删除内部审计句，在“最短先修。”后补一个2—3步的最小数值例或反例，并给出一个可立即作答的自检。,CURRENT_SOURCE_PASS_B_M02_SYNC_R1,B_M02_CURRENT_SYNC.json
M02-RBL-0821,READING_BLOCKER,阅读阻塞残留,822,依赖路线。,src/讲义源码/第05册_采样方法主题模型与图排序/chapters/V5-C05.tex,81,762,高,缺少可立即代入的最小数值例或非例,删除内部审计句，在“依赖路线。”后补一个2—3步的最小数值例或反例，并给出一个可立即作答的自检。,CURRENT_SOURCE_PASS_B_M02_SYNC_R1,B_M02_CURRENT_SYNC.json
M02-RBL-0822,READING_BLOCKER,阅读阻塞残留,823,狄利克雷—多项建模入口。,src/讲义源码/第05册_采样方法主题模型与图排序/chapters/V5-C05.tex,141,763,高,对象、条件或最小例没有在首次阅读入口中同时出现,删除“需要解决的阅读阻塞/第一步/核验路线”等内部工作语，改为读者自检：“不看正文，能否说出‘狄利克雷—多项建模入口。’的对象、条件和结论？不能则回看本节。”,CURRENT_SOURCE_PASS_B_M02_SYNC_R1,B_M02_CURRENT_SYNC.json
M02-RBL-0823,READING_BLOCKER,阅读阻塞残留,824,多项分布定义。,src/讲义源码/第05册_采样方法主题模型与图排序/chapters/V5-C05.tex,145,763,高,对象、条件或最小例没有在首次阅读入口中同时出现,删除“需要解决的阅读阻塞/第一步/核验路线”等内部工作语，改为读者自检：“不看正文，能否说出‘多项分布定义。’的对象、条件和结论？不能则回看本节。”,CURRENT_SOURCE_PASS_B_M02_SYNC_R1,B_M02_CURRENT_SYNC.json
M02-RBL-0824,READING_BLOCKER,阅读阻塞残留,825,类别分布与多项分布。,src/讲义源码/第05册_采样方法主题模型与图排序/chapters/V5-C05.tex,159,764,高,缺少可立即代入的最小数值例或非例；短段落内符号密度高，但符号角色未逐一落地,删除内部审计句，在“类别分布与多项分布。”后补一个2—3步的最小数值例或反例，并给出一个可立即作答的自检。,CURRENT_SOURCE_PASS_B_M02_SYNC_R1,B_M02_CURRENT_SYNC.json
M02-RBL-0825,READING_BLOCKER,阅读阻塞残留,826,Beta--Gamma恒等式。,src/讲义源码/第05册_采样方法主题模型与图排序/chapters/V5-C05.tex,247,766,高,定理陈述中的对象与条件入口不够醒目,删除“需要解决的阅读阻塞/第一步/核验路线”等内部工作语，改为读者自检：“不看正文，能否说出‘Beta--Gamma恒等式。’的对象、条件和结论？不能则回看本节。”,CURRENT_SOURCE_PASS_B_M02_SYNC_R1,B_M02_CURRENT_SYNC.json
M02-RBL-0826,READING_BLOCKER,阅读阻塞残留,827,证明：Beta--Gamma恒等式。,src/讲义源码/第05册_采样方法主题模型与图排序/chapters/V5-C05.tex,260,766,高,证明前缺少一句路线提示，读者不易预判关键变形；短段落内符号密度高，但符号角色未逐一落地,删除内部说明，改成读者可见的一句话：“证明先把目标改写为可比较的两边，再使用上游定义/定理完成关键变形。”并在证明前列出条件与结论。,CURRENT_SOURCE_PASS_B_M02_SYNC_R1,B_M02_CURRENT_SYNC.json
M02-RBL-0827,READING_BLOCKER,阅读阻塞残留,828,狄利克雷分布的矩与条件性质。,src/讲义源码/第05册_采样方法主题模型与图排序/chapters/V5-C05.tex,301,766,高,对象、条件或最小例没有在首次阅读入口中同时出现,删除“需要解决的阅读阻塞/第一步/核验路线”等内部工作语，改为读者自检：“不看正文，能否说出‘狄利克雷分布的矩与条件性质。’的对象、条件和结论？不能则回看本节。”,CURRENT_SOURCE_PASS_B_M02_SYNC_R1,B_M02_CURRENT_SYNC.json
M02-RBL-0828,READING_BLOCKER,阅读阻塞残留,829,狄利克雷分布定义。,src/讲义源码/第05册_采样方法主题模型与图排序/chapters/V5-C05.tex,305,766,高,对象、条件或最小例没有在首次阅读入口中同时出现,删除“需要解决的阅读阻塞/第一步/核验路线”等内部工作语，改为读者自检：“不看正文，能否说出‘狄利克雷分布定义。’的对象、条件和结论？不能则回看本节。”,CURRENT_SOURCE_PASS_B_M02_SYNC_R1,B_M02_CURRENT_SYNC.json
M02-RBL-0829,READING_BLOCKER,阅读阻塞残留,830,狄利克雷分布。,src/讲义源码/第05册_采样方法主题模型与图排序/chapters/V5-C05.tex,316,762,高,缺少可立即代入的最小数值例或非例,删除内部审计句，在“狄利克雷分布。”后补一个2—3步的最小数值例或反例，并给出一个可立即作答的自检。,CURRENT_SOURCE_PASS_B_M02_SYNC_R1,B_M02_CURRENT_SYNC.json
M02-RBL-0830,READING_BLOCKER,阅读阻塞残留,831,均值、方差与协方差。,src/讲义源码/第05册_采样方法主题模型与图排序/chapters/V5-C05.tex,401,770,高,短段落内符号密度高，但符号角色未逐一落地,删除内部审计句，先用自然语言解释符号角色，再分两行写公式；每行只引入一个新对象。,CURRENT_SOURCE_PASS_B_M02_SYNC_R1,B_M02_CURRENT_SYNC.json
M02-RBL-0831,READING_BLOCKER,阅读阻塞残留,832,证明：均值、方差与协方差。,src/讲义源码/第05册_采样方法主题模型与图排序/chapters/V5-C05.tex,420,770,高,证明前缺少一句路线提示，读者不易预判关键变形；短段落内符号密度高，但符号角色未逐一落地,删除内部说明，改成读者可见的一句话：“证明先把目标改写为可比较的两边，再使用上游定义/定理完成关键变形。”并在证明前列出条件与结论。,CURRENT_SOURCE_PASS_B_M02_SYNC_R1,B_M02_CURRENT_SYNC.json
M02-RBL-0832,READING_BLOCKER,阅读阻塞残留,833,证明：一般矩公式。,src/讲义源码/第05册_采样方法主题模型与图排序/chapters/V5-C05.tex,450,771,高,证明前缺少一句路线提示，读者不易预判关键变形；短段落内符号密度高，但符号角色未逐一落地,删除内部说明，改成读者可见的一句话：“证明先把目标改写为可比较的两边，再使用上游定义/定理完成关键变形。”并在证明前列出条件与结论。,CURRENT_SOURCE_PASS_B_M02_SYNC_R1,B_M02_CURRENT_SYNC.json
M02-RBL-0833,READING_BLOCKER,阅读阻塞残留,834,证明：聚合与条件性质。,src/讲义源码/第05册_采样方法主题模型与图排序/chapters/V5-C05.tex,498,771,高,证明前缺少一句路线提示，读者不易预判关键变形；短段落内符号密度高，但符号角色未逐一落地,删除内部说明，改成读者可见的一句话：“证明先把目标改写为可比较的两边，再使用上游定义/定理完成关键变形。”并在证明前列出条件与结论。,CURRENT_SOURCE_PASS_B_M02_SYNC_R1,B_M02_CURRENT_SYNC.json
M02-RBL-0834,READING_BLOCKER,阅读阻塞残留,835,证明：期望对数。,src/讲义源码/第05册_采样方法主题模型与图排序/chapters/V5-C05.tex,523,772,高,证明前缺少一句路线提示，读者不易预判关键变形；短段落内符号密度高，但符号角色未逐一落地,删除内部说明，改成读者可见的一句话：“证明先把目标改写为可比较的两边，再使用上游定义/定理完成关键变形。”并在证明前列出条件与结论。,CURRENT_SOURCE_PASS_B_M02_SYNC_R1,B_M02_CURRENT_SYNC.json
M02-RBL-0835,READING_BLOCKER,阅读阻塞残留,836,共轭先验。,src/讲义源码/第05册_采样方法主题模型与图排序/chapters/V5-C05.tex,554,762,高,对象、条件或最小例没有在首次阅读入口中同时出现,删除“需要解决的阅读阻塞/第一步/核验路线”等内部工作语，改为读者自检：“不看正文，能否说出‘共轭先验。’的对象、条件和结论？不能则回看本节。”,CURRENT_SOURCE_PASS_B_M02_SYNC_R1,B_M02_CURRENT_SYNC.json
M02-RBL-0836,READING_BLOCKER,阅读阻塞残留,837,共轭。,src/讲义源码/第05册_采样方法主题模型与图排序/chapters/V5-C05.tex,588,769,高,短段落内符号密度高，但符号角色未逐一落地,删除内部审计句，先用自然语言解释符号角色，再分两行写公式；每行只引入一个新对象。,CURRENT_SOURCE_PASS_B_M02_SYNC_R1,B_M02_CURRENT_SYNC.json
M02-RBL-0837,READING_BLOCKER,阅读阻塞残留,838,证明：共轭。,src/讲义源码/第05册_采样方法主题模型与图排序/chapters/V5-C05.tex,609,774,高,证明前缺少一句路线提示，读者不易预判关键变形；短段落内符号密度高，但符号角色未逐一落地,删除内部说明，改成读者可见的一句话：“证明先把目标改写为可比较的两边，再使用上游定义/定理完成关键变形。”并在证明前列出条件与结论。,CURRENT_SOURCE_PASS_B_M02_SYNC_R1,B_M02_CURRENT_SYNC.json
M02-RBL-0838,READING_BLOCKER,阅读阻塞残留,839,后验预测。,src/讲义源码/第05册_采样方法主题模型与图排序/chapters/V5-C05.tex,647,762,高,短段落内符号密度高，但符号角色未逐一落地,删除内部审计句，先用自然语言解释符号角色，再分两行写公式；每行只引入一个新对象。,CURRENT_SOURCE_PASS_B_M02_SYNC_R1,B_M02_CURRENT_SYNC.json
M02-RBL-0839,READING_BLOCKER,阅读阻塞残留,840,证明：后验预测。,src/讲义源码/第05册_采样方法主题模型与图排序/chapters/V5-C05.tex,666,775,高,证明前缺少一句路线提示，读者不易预判关键变形,删除内部说明，改成读者可见的一句话：“证明先把目标改写为可比较的两边，再使用上游定义/定理完成关键变形。”并在证明前列出条件与结论。,CURRENT_SOURCE_PASS_B_M02_SYNC_R1,B_M02_CURRENT_SYNC.json
M02-RBL-0840,READING_BLOCKER,阅读阻塞残留,841,闭式更新与后验预测：执行契约。,src/讲义源码/第05册_采样方法主题模型与图排序/chapters/V5-C05.tex,821,779,高,单个知识块信息密度较高，需要先给一条阅读路线再进入细节；未在同一入口集中说明停止条件,删除内部审计句，改为“输入—状态—初始化—一次更新—停止—输出”六行首次阅读卡；状态码和故障分支移到实现说明。,CURRENT_SOURCE_PASS_B_M02_SYNC_R1,B_M02_CURRENT_SYNC.json
M02-RBL-0841,READING_BLOCKER,阅读阻塞残留,842,闭式更新与后验预测。,src/讲义源码/第05册_采样方法主题模型与图排序/chapters/V5-C05.tex,825,779,高,单个知识块信息密度较高，需要先给一条阅读路线再进入细节；未在同一入口集中说明停止条件,删除内部审计句，改为“输入—状态—初始化—一次更新—停止—输出”六行首次阅读卡；状态码和故障分支移到实现说明。,CURRENT_SOURCE_PASS_B_M02_SYNC_R1,B_M02_CURRENT_SYNC.json
M02-RBL-0842,READING_BLOCKER,阅读阻塞残留,843,本章结论与下一步。,src/讲义源码/第05册_采样方法主题模型与图排序/chapters/V5-C05.tex,1352,787,高,缺少可立即代入的最小数值例或非例,删除内部审计句，在“本章结论与下一步。”后补一个2—3步的最小数值例或反例，并给出一个可立即作答的自检。,CURRENT_SOURCE_PASS_B_M02_SYNC_R1,B_M02_CURRENT_SYNC.json
M02-RBL-0843,READING_BLOCKER,阅读阻塞残留,844,本章地图：潜在狄利克雷分配。,src/讲义源码/第05册_采样方法主题模型与图排序/chapters/V5-C06.tex,27,788,高,缺少可立即代入的最小数值例或非例,删除内部审计句，在“本章地图：潜在狄利克雷分配。”后补一个2—3步的最小数值例或反例，并给出一个可立即作答的自检。,CURRENT_SOURCE_PASS_B_M02_SYNC_R1,B_M02_CURRENT_SYNC.json
M02-RBL-0844,READING_BLOCKER,阅读阻塞残留,845,本章可检验学习目标。,src/讲义源码/第05册_采样方法主题模型与图排序/chapters/V5-C06.tex,39,788,高,缺少可立即代入的最小数值例或非例,删除内部审计句，在“本章可检验学习目标。”后补一个2—3步的最小数值例或反例，并给出一个可立即作答的自检。,CURRENT_SOURCE_PASS_B_M02_SYNC_R1,B_M02_CURRENT_SYNC.json
M02-RBL-0845,READING_BLOCKER,阅读阻塞残留,846,最短先修。,src/讲义源码/第05册_采样方法主题模型与图排序/chapters/V5-C06.tex,56,788,高,缺少可立即代入的最小数值例或非例,删除内部审计句，在“最短先修。”后补一个2—3步的最小数值例或反例，并给出一个可立即作答的自检。,CURRENT_SOURCE_PASS_B_M02_SYNC_R1,B_M02_CURRENT_SYNC.json
M02-RBL-0846,READING_BLOCKER,阅读阻塞残留,847,先修自检。,src/讲义源码/第05册_采样方法主题模型与图排序/chapters/V5-C06.tex,68,788,高,缺少可立即代入的最小数值例或非例；短段落内符号密度高，但符号角色未逐一落地,删除内部审计句，在“先修自检。”后补一个2—3步的最小数值例或反例，并给出一个可立即作答的自检。,CURRENT_SOURCE_PASS_B_M02_SYNC_R1,B_M02_CURRENT_SYNC.json
M02-RBL-0847,READING_BLOCKER,阅读阻塞残留,848,依赖路线。,src/讲义源码/第05册_采样方法主题模型与图排序/chapters/V5-C06.tex,87,788,高,缺少可立即代入的最小数值例或非例,删除内部审计句，在“依赖路线。”后补一个2—3步的最小数值例或反例，并给出一个可立即作答的自检。,CURRENT_SOURCE_PASS_B_M02_SYNC_R1,B_M02_CURRENT_SYNC.json
M02-RBL-0848,READING_BLOCKER,阅读阻塞残留,849,本章符号表。,src/讲义源码/第05册_采样方法主题模型与图排序/chapters/V5-C06.tex,127,789,高,缺少可立即代入的最小数值例或非例,删除内部审计句，在“本章符号表。”后补一个2—3步的最小数值例或反例，并给出一个可立即作答的自检。,CURRENT_SOURCE_PASS_B_M02_SYNC_R1,B_M02_CURRENT_SYNC.json
M02-RBL-0849,READING_BLOCKER,阅读阻塞残留,850,潜在狄利克雷分配。,src/讲义源码/第05册_采样方法主题模型与图排序/chapters/V5-C06.tex,158,788,高,对象、条件或最小例没有在首次阅读入口中同时出现,删除“需要解决的阅读阻塞/第一步/核验路线”等内部工作语，改为读者自检：“不看正文，能否说出‘潜在狄利克雷分配。’的对象、条件和结论？不能则回看本节。”,CURRENT_SOURCE_PASS_B_M02_SYNC_R1,B_M02_CURRENT_SYNC.json
M02-RBL-0850,READING_BLOCKER,阅读阻塞残留,851,LDA生成过程与概率图。,src/讲义源码/第05册_采样方法主题模型与图排序/chapters/V5-C06.tex,162,790,高,表述过短，缺少可立即作答的自检与失败回看位置,删除内部审计句，把“LDA生成过程与概率图。”扩写为“对象是什么—成立条件—核心关系—最小例—失败边界”五句。,CURRENT_SOURCE_PASS_B_M02_SYNC_R1,B_M02_CURRENT_SYNC.json
M02-RBL-0851,READING_BLOCKER,阅读阻塞残留,852,LDA文档—主题—词模型。,src/讲义源码/第05册_采样方法主题模型与图排序/chapters/V5-C06.tex,166,790,高,对象、条件或最小例没有在首次阅读入口中同时出现,删除“需要解决的阅读阻塞/第一步/核验路线”等内部工作语，改为读者自检：“不看正文，能否说出‘LDA文档—主题—词模型。’的对象、条件和结论？不能则回看本节。”,CURRENT_SOURCE_PASS_B_M02_SYNC_R1,B_M02_CURRENT_SYNC.json
M02-RBL-0852,READING_BLOCKER,阅读阻塞残留,853,潜在狄利克雷分配模型。,src/讲义源码/第05册_采样方法主题模型与图排序/chapters/V5-C06.tex,194,791,高,短段落内符号密度高，但符号角色未逐一落地,删除内部审计句，先用自然语言解释符号角色，再分两行写公式；每行只引入一个新对象。,CURRENT_SOURCE_PASS_B_M02_SYNC_R1,B_M02_CURRENT_SYNC.json
M02-RBL-0853,READING_BLOCKER,阅读阻塞残留,854,模型定义。,src/讲义源码/第05册_采样方法主题模型与图排序/chapters/V5-C06.tex,224,790,高,对象、条件或最小例没有在首次阅读入口中同时出现,删除“需要解决的阅读阻塞/第一步/核验路线”等内部工作语，改为读者自检：“不看正文，能否说出‘模型定义。’的对象、条件和结论？不能则回看本节。”,CURRENT_SOURCE_PASS_B_M02_SYNC_R1,B_M02_CURRENT_SYNC.json
M02-RBL-0854,READING_BLOCKER,阅读阻塞残留,855,LDA的文本生成算法。,src/讲义源码/第05册_采样方法主题模型与图排序/chapters/V5-C06.tex,228,792,高,需把输入、状态、一次更新、停止与输出压缩成首次阅读主线,删除内部审计句，改为“输入—状态—初始化—一次更新—停止—输出”六行首次阅读卡；状态码和故障分支移到实现说明。,CURRENT_SOURCE_PASS_B_M02_SYNC_R1,B_M02_CURRENT_SYNC.json
M02-RBL-0855,READING_BLOCKER,阅读阻塞残留,856,概率图模型。,src/讲义源码/第05册_采样方法主题模型与图排序/chapters/V5-C06.tex,232,790,高,对象、条件或最小例没有在首次阅读入口中同时出现,删除“需要解决的阅读阻塞/第一步/核验路线”等内部工作语，改为读者自检：“不看正文，能否说出‘概率图模型。’的对象、条件和结论？不能则回看本节。”,CURRENT_SOURCE_PASS_B_M02_SYNC_R1,B_M02_CURRENT_SYNC.json
M02-RBL-0856,READING_BLOCKER,阅读阻塞残留,857,随机变量序列的可交换性。,src/讲义源码/第05册_采样方法主题模型与图排序/chapters/V5-C06.tex,236,792,高,对象、条件或最小例没有在首次阅读入口中同时出现,删除“需要解决的阅读阻塞/第一步/核验路线”等内部工作语，改为读者自检：“不看正文，能否说出‘随机变量序列的可交换性。’的对象、条件和结论？不能则回看本节。”,CURRENT_SOURCE_PASS_B_M02_SYNC_R1,B_M02_CURRENT_SYNC.json
M02-RBL-0857,READING_BLOCKER,阅读阻塞残留,858,概率公式。,src/讲义源码/第05册_采样方法主题模型与图排序/chapters/V5-C06.tex,240,790,高,对象、条件或最小例没有在首次阅读入口中同时出现,删除“需要解决的阅读阻塞/第一步/核验路线”等内部工作语，改为读者自检：“不看正文，能否说出‘概率公式。’的对象、条件和结论？不能则回看本节。”,CURRENT_SOURCE_PASS_B_M02_SYNC_R1,B_M02_CURRENT_SYNC.json
M02-RBL-0858,READING_BLOCKER,阅读阻塞残留,859,证明：条件独立生成蕴含文档内交换性。,src/讲义源码/第05册_采样方法主题模型与图排序/chapters/V5-C06.tex,304,793,高,证明前缺少一句路线提示，读者不易预判关键变形,删除内部说明，改成读者可见的一句话：“证明先把目标改写为可比较的两边，再使用上游定义/定理完成关键变形。”并在证明前列出条件与结论。,CURRENT_SOURCE_PASS_B_M02_SYNC_R1,B_M02_CURRENT_SYNC.json
M02-RBL-0859,READING_BLOCKER,阅读阻塞残留,860,LDA文本生成（祖先采样）：执行契约。,src/讲义源码/第05册_采样方法主题模型与图排序/chapters/V5-C06.tex,324,794,高,单个知识块信息密度较高，需要先给一条阅读路线再进入细节；未在同一入口集中说明输入对象,删除内部审计句，改为“输入—状态—初始化—一次更新—停止—输出”六行首次阅读卡；状态码和故障分支移到实现说明。,CURRENT_SOURCE_PASS_B_M02_SYNC_R1,B_M02_CURRENT_SYNC.json
M02-RBL-0860,READING_BLOCKER,阅读阻塞残留,861,LDA文本生成（祖先采样）。,src/讲义源码/第05册_采样方法主题模型与图排序/chapters/V5-C06.tex,328,790,高,未在同一入口集中说明输入对象；未在同一入口集中说明停止条件,删除内部审计句，改为“输入—状态—初始化—一次更新—停止—输出”六行首次阅读卡；状态码和故障分支移到实现说明。,CURRENT_SOURCE_PASS_B_M02_SYNC_R1,B_M02_CURRENT_SYNC.json
M02-RBL-0861,READING_BLOCKER,阅读阻塞残留,862,证明：LDA的折叠联合分布。,src/讲义源码/第05册_采样方法主题模型与图排序/chapters/V5-C06.tex,461,796,高,证明前缺少一句路线提示，读者不易预判关键变形,删除内部说明，改成读者可见的一句话：“证明先把目标改写为可比较的两边，再使用上游定义/定理完成关键变形。”并在证明前列出条件与结论。,CURRENT_SOURCE_PASS_B_M02_SYNC_R1,B_M02_CURRENT_SYNC.json
M02-RBL-0862,READING_BLOCKER,阅读阻塞残留,863,证明：文档内主题指派的交换性。,src/讲义源码/第05册_采样方法主题模型与图排序/chapters/V5-C06.tex,475,797,高,证明前缺少一句路线提示，读者不易预判关键变形,删除内部说明，改成读者可见的一句话：“证明先把目标改写为可比较的两边，再使用上游定义/定理完成关键变形。”并在证明前列出条件与结论。,CURRENT_SOURCE_PASS_B_M02_SYNC_R1,B_M02_CURRENT_SYNC.json
M02-RBL-0863,READING_BLOCKER,阅读阻塞残留,864,LDA折叠Gibbs抽样。,src/讲义源码/第05册_采样方法主题模型与图排序/chapters/V5-C06.tex,485,797,高,需把输入、状态、一次更新、停止与输出压缩成首次阅读主线,删除内部审计句，改为“输入—状态—初始化—一次更新—停止—输出”六行首次阅读卡；状态码和故障分支移到实现说明。,CURRENT_SOURCE_PASS_B_M02_SYNC_R1,B_M02_CURRENT_SYNC.json
M02-RBL-0864,READING_BLOCKER,阅读阻塞残留,865,折叠抽样的留一计数思想。,src/讲义源码/第05册_采样方法主题模型与图排序/chapters/V5-C06.tex,489,790,高,需把输入、状态、一次更新、停止与输出压缩成首次阅读主线,删除内部审计句，改为“输入—状态—初始化—一次更新—停止—输出”六行首次阅读卡；状态码和故障分支移到实现说明。,CURRENT_SOURCE_PASS_B_M02_SYNC_R1,B_M02_CURRENT_SYNC.json
M02-RBL-0865,READING_BLOCKER,阅读阻塞残留,866,LDA折叠Gibbs条件更新。,src/讲义源码/第05册_采样方法主题模型与图排序/chapters/V5-C06.tex,493,797,高,需把输入、状态、一次更新、停止与输出压缩成首次阅读主线,删除内部审计句，改为“输入—状态—初始化—一次更新—停止—输出”六行首次阅读卡；状态码和故障分支移到实现说明。,CURRENT_SOURCE_PASS_B_M02_SYNC_R1,B_M02_CURRENT_SYNC.json
M02-RBL-0866,READING_BLOCKER,阅读阻塞残留,867,主题分布与主题词分布的后验汇总。,src/讲义源码/第05册_采样方法主题模型与图排序/chapters/V5-C06.tex,497,797,高,对象、条件或最小例没有在首次阅读入口中同时出现,删除“需要解决的阅读阻塞/第一步/核验路线”等内部工作语，改为读者自检：“不看正文，能否说出‘主题分布与主题词分布的后验汇总。’的对象、条件和结论？不能则回看本节。”,CURRENT_SOURCE_PASS_B_M02_SYNC_R1,B_M02_CURRENT_SYNC.json
M02-RBL-0867,READING_BLOCKER,阅读阻塞残留,868,折叠Gibbs扫描流程。,src/讲义源码/第05册_采样方法主题模型与图排序/chapters/V5-C06.tex,501,790,高,需把输入、状态、一次更新、停止与输出压缩成首次阅读主线,删除内部审计句，改为“输入—状态—初始化—一次更新—停止—输出”六行首次阅读卡；状态码和故障分支移到实现说明。,CURRENT_SOURCE_PASS_B_M02_SYNC_R1,B_M02_CURRENT_SYNC.json
M02-RBL-0868,READING_BLOCKER,阅读阻塞残留,869,主题指派与计数表。,src/讲义源码/第05册_采样方法主题模型与图排序/chapters/V5-C06.tex,505,790,高,对象、条件或最小例没有在首次阅读入口中同时出现,删除“需要解决的阅读阻塞/第一步/核验路线”等内部工作语，改为读者自检：“不看正文，能否说出‘主题指派与计数表。’的对象、条件和结论？不能则回看本节。”,CURRENT_SOURCE_PASS_B_M02_SYNC_R1,B_M02_CURRENT_SYNC.json
M02-RBL-0869,READING_BLOCKER,阅读阻塞残留,870,证明：折叠Gibbs满条件分布。,src/讲义源码/第05册_采样方法主题模型与图排序/chapters/V5-C06.tex,530,798,高,证明前缺少一句路线提示，读者不易预判关键变形,删除内部说明，改成读者可见的一句话：“证明先把目标改写为可比较的两边，再使用上游定义/定理完成关键变形。”并在证明前列出条件与结论。,CURRENT_SOURCE_PASS_B_M02_SYNC_R1,B_M02_CURRENT_SYNC.json
M02-RBL-0870,READING_BLOCKER,阅读阻塞残留,871,LDA变分EM局部—全局更新。,src/讲义源码/第05册_采样方法主题模型与图排序/chapters/V5-C06.tex,572,799,高,需把输入、状态、一次更新、停止与输出压缩成首次阅读主线,删除内部审计句，改为“输入—状态—初始化—一次更新—停止—输出”六行首次阅读卡；状态码和故障分支移到实现说明。,CURRENT_SOURCE_PASS_B_M02_SYNC_R1,B_M02_CURRENT_SYNC.json
M02-RBL-0871,READING_BLOCKER,阅读阻塞残留,872,平均场变分推断。,src/讲义源码/第05册_采样方法主题模型与图排序/chapters/V5-C06.tex,576,789,高,需把输入、状态、一次更新、停止与输出压缩成首次阅读主线,删除内部审计句，改为“输入—状态—初始化—一次更新—停止—输出”六行首次阅读卡；状态码和故障分支移到实现说明。,CURRENT_SOURCE_PASS_B_M02_SYNC_R1,B_M02_CURRENT_SYNC.json
M02-RBL-0872,READING_BLOCKER,阅读阻塞残留,873,LDA变分EM算法。,src/讲义源码/第05册_采样方法主题模型与图排序/chapters/V5-C06.tex,580,799,高,需把输入、状态、一次更新、停止与输出压缩成首次阅读主线,删除内部审计句，改为“输入—状态—初始化—一次更新—停止—输出”六行首次阅读卡；状态码和故障分支移到实现说明。,CURRENT_SOURCE_PASS_B_M02_SYNC_R1,B_M02_CURRENT_SYNC.json
M02-RBL-0873,READING_BLOCKER,阅读阻塞残留,874,通用变分EM坐标上升。,src/讲义源码/第05册_采样方法主题模型与图排序/chapters/V5-C06.tex,584,800,高,需把输入、状态、一次更新、停止与输出压缩成首次阅读主线,删除内部审计句，改为“输入—状态—初始化—一次更新—停止—输出”六行首次阅读卡；状态码和故障分支移到实现说明。,CURRENT_SOURCE_PASS_B_M02_SYNC_R1,B_M02_CURRENT_SYNC.json
M02-RBL-0874,READING_BLOCKER,阅读阻塞残留,875,LDA变分更新推导。,src/讲义源码/第05册_采样方法主题模型与图排序/chapters/V5-C06.tex,588,800,高,对象、条件或最小例没有在首次阅读入口中同时出现,删除“需要解决的阅读阻塞/第一步/核验路线”等内部工作语，改为读者自检：“不看正文，能否说出‘LDA变分更新推导。’的对象、条件和结论？不能则回看本节。”,CURRENT_SOURCE_PASS_B_M02_SYNC_R1,B_M02_CURRENT_SYNC.json
M02-RBL-0875,READING_BLOCKER,阅读阻塞残留,876,LDA的变分参数估计算法。,src/讲义源码/第05册_采样方法主题模型与图排序/chapters/V5-C06.tex,592,800,高,需把输入、状态、一次更新、停止与输出压缩成首次阅读主线,删除内部审计句，改为“输入—状态—初始化—一次更新—停止—输出”六行首次阅读卡；状态码和故障分支移到实现说明。,CURRENT_SOURCE_PASS_B_M02_SYNC_R1,B_M02_CURRENT_SYNC.json
M02-RBL-0876,READING_BLOCKER,阅读阻塞残留,877,证明：KL--ELBO恒等式。,src/讲义源码/第05册_采样方法主题模型与图排序/chapters/V5-C06.tex,628,800,高,证明前缺少一句路线提示，读者不易预判关键变形,删除内部说明，改成读者可见的一句话：“证明先把目标改写为可比较的两边，再使用上游定义/定理完成关键变形。”并在证明前列出条件与结论。,CURRENT_SOURCE_PASS_B_M02_SYNC_R1,B_M02_CURRENT_SYNC.json
M02-RBL-0877,READING_BLOCKER,阅读阻塞残留,878,平均场坐标最优形式。,src/讲义源码/第05册_采样方法主题模型与图排序/chapters/V5-C06.tex,672,801,高,短段落内符号密度高，但符号角色未逐一落地,删除内部审计句，先用自然语言解释符号角色，再分两行写公式；每行只引入一个新对象。,CURRENT_SOURCE_PASS_B_M02_SYNC_R1,B_M02_CURRENT_SYNC.json
M02-RBL-0878,READING_BLOCKER,阅读阻塞残留,879,证明：平均场坐标最优形式。,src/讲义源码/第05册_采样方法主题模型与图排序/chapters/V5-C06.tex,695,802,高,证明前缺少一句路线提示，读者不易预判关键变形,删除内部说明，改成读者可见的一句话：“证明先把目标改写为可比较的两边，再使用上游定义/定理完成关键变形。”并在证明前列出条件与结论。,CURRENT_SOURCE_PASS_B_M02_SYNC_R1,B_M02_CURRENT_SYNC.json
M02-RBL-0879,READING_BLOCKER,阅读阻塞残留,880,证明：受限变分EM的单调性边界。,src/讲义源码/第05册_采样方法主题模型与图排序/chapters/V5-C06.tex,796,804,高,证明前缺少一句路线提示，读者不易预判关键变形,删除内部说明，改成读者可见的一句话：“证明先把目标改写为可比较的两边，再使用上游定义/定理完成关键变形。”并在证明前列出条件与结论。,CURRENT_SOURCE_PASS_B_M02_SYNC_R1,B_M02_CURRENT_SYNC.json
M02-RBL-0880,READING_BLOCKER,阅读阻塞残留,881,LDA两类推断路线总结。,src/讲义源码/第05册_采样方法主题模型与图排序/chapters/V5-C06.tex,826,805,高,需把输入、状态、一次更新、停止与输出压缩成首次阅读主线,删除内部审计句，改为“输入—状态—初始化—一次更新—停止—输出”六行首次阅读卡；状态码和故障分支移到实现说明。,CURRENT_SOURCE_PASS_B_M02_SYNC_R1,B_M02_CURRENT_SYNC.json
M02-RBL-0881,READING_BLOCKER,阅读阻塞残留,882,LDA变分EM超参数与评估。,src/讲义源码/第05册_采样方法主题模型与图排序/chapters/V5-C06.tex,830,805,高,需把输入、状态、一次更新、停止与输出压缩成首次阅读主线,删除内部审计句，改为“输入—状态—初始化—一次更新—停止—输出”六行首次阅读卡；状态码和故障分支移到实现说明。,CURRENT_SOURCE_PASS_B_M02_SYNC_R1,B_M02_CURRENT_SYNC.json
M02-RBL-0882,READING_BLOCKER,阅读阻塞残留,883,点参数LDA变分EM（多启动）：执行契约。,src/讲义源码/第05册_采样方法主题模型与图排序/chapters/V5-C06.tex,1082,810,高,单个知识块信息密度较高，需要先给一条阅读路线再进入细节；未在同一入口集中说明输出证书,删除内部审计句，改为“输入—状态—初始化—一次更新—停止—输出”六行首次阅读卡；状态码和故障分支移到实现说明。,CURRENT_SOURCE_PASS_B_M02_SYNC_R1,B_M02_CURRENT_SYNC.json
M02-RBL-0883,READING_BLOCKER,阅读阻塞残留,884,易混淆概念对比：稳健实现说明：多启动与受保护Newton。,src/讲义源码/第05册_采样方法主题模型与图排序/chapters/V5-C06.tex,1179,812,高,比较项缺少统一比较维度,删除“需要解决的阅读阻塞/第一步/核验路线”等内部工作语，改为读者自检：“不看正文，能否说出‘易混淆概念对比：稳健实现说明：多启动与受保护Newton。’的对象、条件和结论？不能则回看本节。”,CURRENT_SOURCE_PASS_B_M02_SYNC_R1,B_M02_CURRENT_SYNC.json
M02-RBL-0884,READING_BLOCKER,阅读阻塞残留,885,本章结论与下一步。,src/讲义源码/第05册_采样方法主题模型与图排序/chapters/V5-C06.tex,1881,822,高,缺少可立即代入的最小数值例或非例,删除内部审计句，在“本章结论与下一步。”后补一个2—3步的最小数值例或反例，并给出一个可立即作答的自检。,CURRENT_SOURCE_PASS_B_M02_SYNC_R1,B_M02_CURRENT_SYNC.json
M02-RBL-0885,READING_BLOCKER,阅读阻塞残留,886,本章地图：算法。,src/讲义源码/第05册_采样方法主题模型与图排序/chapters/V5-C07.tex,33,823,高,缺少可立即代入的最小数值例或非例,删除内部审计句，在“本章地图：算法。”后补一个2—3步的最小数值例或反例，并给出一个可立即作答的自检。,CURRENT_SOURCE_PASS_B_M02_SYNC_R1,B_M02_CURRENT_SYNC.json
M02-RBL-0886,READING_BLOCKER,阅读阻塞残留,887,本章可检验学习目标。,src/讲义源码/第05册_采样方法主题模型与图排序/chapters/V5-C07.tex,45,823,高,缺少可立即代入的最小数值例或非例,删除内部审计句，在“本章可检验学习目标。”后补一个2—3步的最小数值例或反例，并给出一个可立即作答的自检。,CURRENT_SOURCE_PASS_B_M02_SYNC_R1,B_M02_CURRENT_SYNC.json
M02-RBL-0887,READING_BLOCKER,阅读阻塞残留,888,最短先修。,src/讲义源码/第05册_采样方法主题模型与图排序/chapters/V5-C07.tex,62,823,高,缺少可立即代入的最小数值例或非例；短段落内符号密度高，但符号角色未逐一落地,删除内部审计句，在“最短先修。”后补一个2—3步的最小数值例或反例，并给出一个可立即作答的自检。,CURRENT_SOURCE_PASS_B_M02_SYNC_R1,B_M02_CURRENT_SYNC.json
M02-RBL-0888,READING_BLOCKER,阅读阻塞残留,889,先修自检。,src/讲义源码/第05册_采样方法主题模型与图排序/chapters/V5-C07.tex,79,823,高,缺少可立即代入的最小数值例或非例,删除内部审计句，在“先修自检。”后补一个2—3步的最小数值例或反例，并给出一个可立即作答的自检。,CURRENT_SOURCE_PASS_B_M02_SYNC_R1,B_M02_CURRENT_SYNC.json
M02-RBL-0889,READING_BLOCKER,阅读阻塞残留,890,依赖路线。,src/讲义源码/第05册_采样方法主题模型与图排序/chapters/V5-C07.tex,97,823,高,缺少可立即代入的最小数值例或非例,删除内部审计句，在“依赖路线。”后补一个2—3步的最小数值例或反例，并给出一个可立即作答的自检。,CURRENT_SOURCE_PASS_B_M02_SYNC_R1,B_M02_CURRENT_SYNC.json
M02-RBL-0890,READING_BLOCKER,阅读阻塞残留,891,本章符号表。,src/讲义源码/第05册_采样方法主题模型与图排序/chapters/V5-C07.tex,136,824,高,缺少可立即代入的最小数值例或非例,删除内部审计句，在“本章符号表。”后补一个2—3步的最小数值例或反例，并给出一个可立即作答的自检。,CURRENT_SOURCE_PASS_B_M02_SYNC_R1,B_M02_CURRENT_SYNC.json
M02-RBL-0891,READING_BLOCKER,阅读阻塞残留,892,PageRank的随机游走思想。,src/讲义源码/第05册_采样方法主题模型与图排序/chapters/V5-C07.tex,165,825,高,需把输入、状态、一次更新、停止与输出压缩成首次阅读主线,删除内部审计句，改为“输入—状态—初始化—一次更新—停止—输出”六行首次阅读卡；状态码和故障分支移到实现说明。,CURRENT_SOURCE_PASS_B_M02_SYNC_R1,B_M02_CURRENT_SYNC.json
M02-RBL-0892,READING_BLOCKER,阅读阻塞残留,893,PageRank阻尼排序算法。,src/讲义源码/第05册_采样方法主题模型与图排序/chapters/V5-C07.tex,169,825,高,需把输入、状态、一次更新、停止与输出压缩成首次阅读主线,删除内部审计句，改为“输入—状态—初始化—一次更新—停止—输出”六行首次阅读卡；状态码和故障分支移到实现说明。,CURRENT_SOURCE_PASS_B_M02_SYNC_R1,B_M02_CURRENT_SYNC.json
M02-RBL-0893,READING_BLOCKER,阅读阻塞残留,894,PageRank固定点定义。,src/讲义源码/第05册_采样方法主题模型与图排序/chapters/V5-C07.tex,173,825,高,需把输入、状态、一次更新、停止与输出压缩成首次阅读主线,删除内部审计句，改为“输入—状态—初始化—一次更新—停止—输出”六行首次阅读卡；状态码和故障分支移到实现说明。,CURRENT_SOURCE_PASS_B_M02_SYNC_R1,B_M02_CURRENT_SYNC.json
M02-RBL-0894,READING_BLOCKER,阅读阻塞残留,895,链接权重按出度分配。,src/讲义源码/第05册_采样方法主题模型与图排序/chapters/V5-C07.tex,177,825,高,对象、条件或最小例没有在首次阅读入口中同时出现,删除“需要解决的阅读阻塞/第一步/核验路线”等内部工作语，改为读者自检：“不看正文，能否说出‘链接权重按出度分配。’的对象、条件和结论？不能则回看本节。”,CURRENT_SOURCE_PASS_B_M02_SYNC_R1,B_M02_CURRENT_SYNC.json
M02-RBL-0895,READING_BLOCKER,阅读阻塞残留,896,有向图和随机游走模型。,src/讲义源码/第05册_采样方法主题模型与图排序/chapters/V5-C07.tex,181,826,高,对象、条件或最小例没有在首次阅读入口中同时出现,删除“需要解决的阅读阻塞/第一步/核验路线”等内部工作语，改为读者自检：“不看正文，能否说出‘有向图和随机游走模型。’的对象、条件和结论？不能则回看本节。”,CURRENT_SOURCE_PASS_B_M02_SYNC_R1,B_M02_CURRENT_SYNC.json
M02-RBL-0896,READING_BLOCKER,阅读阻塞残留,897,有向图上的随机游走例。,src/讲义源码/第05册_采样方法主题模型与图排序/chapters/V5-C07.tex,185,826,高,对象、条件或最小例没有在首次阅读入口中同时出现,删除“需要解决的阅读阻塞/第一步/核验路线”等内部工作语，改为读者自检：“不看正文，能否说出‘有向图上的随机游走例。’的对象、条件和结论？不能则回看本节。”,CURRENT_SOURCE_PASS_B_M02_SYNC_R1,B_M02_CURRENT_SYNC.json
M02-RBL-0897,READING_BLOCKER,阅读阻塞残留,898,网页随机游走矩阵。,src/讲义源码/第05册_采样方法主题模型与图排序/chapters/V5-C07.tex,210,826,高,缺少可立即代入的最小数值例或非例,删除内部审计句，在“网页随机游走矩阵。”后补一个2—3步的最小数值例或反例，并给出一个可立即作答的自检。,CURRENT_SOURCE_PASS_B_M02_SYNC_R1,B_M02_CURRENT_SYNC.json
M02-RBL-0898,READING_BLOCKER,阅读阻塞残留,899,PageRank的基本定义。,src/讲义源码/第05册_采样方法主题模型与图排序/chapters/V5-C07.tex,248,827,高,需把输入、状态、一次更新、停止与输出压缩成首次阅读主线,删除内部审计句，改为“输入—状态—初始化—一次更新—停止—输出”六行首次阅读卡；状态码和故障分支移到实现说明。,CURRENT_SOURCE_PASS_B_M02_SYNC_R1,B_M02_CURRENT_SYNC.json
M02-RBL-0899,READING_BLOCKER,阅读阻塞残留,900,基本PageRank固定点。,src/讲义源码/第05册_采样方法主题模型与图排序/chapters/V5-C07.tex,252,827,高,需把输入、状态、一次更新、停止与输出压缩成首次阅读主线,删除内部审计句，改为“输入—状态—初始化—一次更新—停止—输出”六行首次阅读卡；状态码和故障分支移到实现说明。,CURRENT_SOURCE_PASS_B_M02_SYNC_R1,B_M02_CURRENT_SYNC.json
M02-RBL-0900,READING_BLOCKER,阅读阻塞残留,901,证明：列随机矩阵保持概率单纯形。,src/讲义源码/第05册_采样方法主题模型与图排序/chapters/V5-C07.tex,275,828,高,证明前缺少一句路线提示，读者不易预判关键变形,删除内部说明，改成读者可见的一句话：“证明先把目标改写为可比较的两边，再使用上游定义/定理完成关键变形。”并在证明前列出条件与结论。,CURRENT_SOURCE_PASS_B_M02_SYNC_R1,B_M02_CURRENT_SYNC.json
M02-RBL-0901,READING_BLOCKER,阅读阻塞残留,902,证明：有限不可约非周期链的基本。,src/讲义源码/第05册_采样方法主题模型与图排序/chapters/V5-C07.tex,297,828,高,证明前缺少一句路线提示，读者不易预判关键变形,删除内部说明，改成读者可见的一句话：“证明先把目标改写为可比较的两边，再使用上游定义/定理完成关键变形。”并在证明前列出条件与结论。,CURRENT_SOURCE_PASS_B_M02_SYNC_R1,B_M02_CURRENT_SYNC.json
M02-RBL-0902,READING_BLOCKER,阅读阻塞残留,903,基本 的入链平衡。,src/讲义源码/第05册_采样方法主题模型与图排序/chapters/V5-C07.tex,346,823,高,定理陈述中的对象与条件入口不够醒目,删除“需要解决的阅读阻塞/第一步/核验路线”等内部工作语，改为读者自检：“不看正文，能否说出‘基本 的入链平衡。’的对象、条件和结论？不能则回看本节。”,CURRENT_SOURCE_PASS_B_M02_SYNC_R1,B_M02_CURRENT_SYNC.json
M02-RBL-0903,READING_BLOCKER,阅读阻塞残留,904,证明：基本 的入链平衡。,src/讲义源码/第05册_采样方法主题模型与图排序/chapters/V5-C07.tex,356,823,高,证明前缺少一句路线提示，读者不易预判关键变形,删除内部说明，改成读者可见的一句话：“证明先把目标改写为可比较的两边，再使用上游定义/定理完成关键变形。”并在证明前列出条件与结论。,CURRENT_SOURCE_PASS_B_M02_SYNC_R1,B_M02_CURRENT_SYNC.json
M02-RBL-0904,READING_BLOCKER,阅读阻塞残留,905,PageRank的一般定义。,src/讲义源码/第05册_采样方法主题模型与图排序/chapters/V5-C07.tex,368,830,高,需把输入、状态、一次更新、停止与输出压缩成首次阅读主线,删除内部审计句，改为“输入—状态—初始化—一次更新—停止—输出”六行首次阅读卡；状态码和故障分支移到实现说明。,CURRENT_SOURCE_PASS_B_M02_SYNC_R1,B_M02_CURRENT_SYNC.json
M02-RBL-0905,READING_BLOCKER,阅读阻塞残留,906,一般 矩阵与向量。,src/讲义源码/第05册_采样方法主题模型与图排序/chapters/V5-C07.tex,400,830,高,缺少可立即代入的最小数值例或非例,删除内部审计句，在“一般 矩阵与向量。”后补一个2—3步的最小数值例或反例，并给出一个可立即作答的自检。,CURRENT_SOURCE_PASS_B_M02_SYNC_R1,B_M02_CURRENT_SYNC.json
M02-RBL-0906,READING_BLOCKER,阅读阻塞残留,907,证明：阻尼矩阵的随机性与正性。,src/讲义源码/第05册_采样方法主题模型与图排序/chapters/V5-C07.tex,424,830,高,证明前缺少一句路线提示，读者不易预判关键变形,删除内部说明，改成读者可见的一句话：“证明先把目标改写为可比较的两边，再使用上游定义/定理完成关键变形。”并在证明前列出条件与结论。,CURRENT_SOURCE_PASS_B_M02_SYNC_R1,B_M02_CURRENT_SYNC.json
M02-RBL-0907,READING_BLOCKER,阅读阻塞残留,908,证明：一般 的唯一性与几何收敛。,src/讲义源码/第05册_采样方法主题模型与图排序/chapters/V5-C07.tex,457,832,高,证明前缺少一句路线提示，读者不易预判关键变形,删除内部说明，改成读者可见的一句话：“证明先把目标改写为可比较的两边，再使用上游定义/定理完成关键变形。”并在证明前列出条件与结论。,CURRENT_SOURCE_PASS_B_M02_SYNC_R1,B_M02_CURRENT_SYNC.json
M02-RBL-0908,READING_BLOCKER,阅读阻塞残留,909,代数表示与迭代残差证书。,src/讲义源码/第05册_采样方法主题模型与图排序/chapters/V5-C07.tex,500,833,高,短段落内符号密度高，但符号角色未逐一落地,删除内部审计句，先用自然语言解释符号角色，再分两行写公式；每行只引入一个新对象。,CURRENT_SOURCE_PASS_B_M02_SYNC_R1,B_M02_CURRENT_SYNC.json
M02-RBL-0909,READING_BLOCKER,阅读阻塞残留,910,证明：代数表示与迭代残差证书。,src/讲义源码/第05册_采样方法主题模型与图排序/chapters/V5-C07.tex,520,833,高,证明前缺少一句路线提示，读者不易预判关键变形；短段落内符号密度高，但符号角色未逐一落地,删除内部说明，改成读者可见的一句话：“证明先把目标改写为可比较的两边，再使用上游定义/定理完成关键变形。”并在证明前列出条件与结论。,CURRENT_SOURCE_PASS_B_M02_SYNC_R1,B_M02_CURRENT_SYNC.json
M02-RBL-0910,READING_BLOCKER,阅读阻塞残留,911,PageRank迭代算法。,src/讲义源码/第05册_采样方法主题模型与图排序/chapters/V5-C07.tex,560,834,高,需把输入、状态、一次更新、停止与输出压缩成首次阅读主线,删除内部审计句，改为“输入—状态—初始化—一次更新—停止—输出”六行首次阅读卡；状态码和故障分支移到实现说明。,CURRENT_SOURCE_PASS_B_M02_SYNC_R1,B_M02_CURRENT_SYNC.json
M02-RBL-0911,READING_BLOCKER,阅读阻塞残留,912,PageRank的计算。,src/讲义源码/第05册_采样方法主题模型与图排序/chapters/V5-C07.tex,564,834,高,需把输入、状态、一次更新、停止与输出压缩成首次阅读主线,删除内部审计句，改为“输入—状态—初始化—一次更新—停止—输出”六行首次阅读卡；状态码和故障分支移到实现说明。,CURRENT_SOURCE_PASS_B_M02_SYNC_R1,B_M02_CURRENT_SYNC.json
M02-RBL-0912,READING_BLOCKER,阅读阻塞残留,913,迭代算法。,src/讲义源码/第05册_采样方法主题模型与图排序/chapters/V5-C07.tex,568,832,高,需把输入、状态、一次更新、停止与输出压缩成首次阅读主线,删除内部审计句，改为“输入—状态—初始化—一次更新—停止—输出”六行首次阅读卡；状态码和故障分支移到实现说明。,CURRENT_SOURCE_PASS_B_M02_SYNC_R1,B_M02_CURRENT_SYNC.json
M02-RBL-0913,READING_BLOCKER,阅读阻塞残留,914,代数算法。,src/讲义源码/第05册_采样方法主题模型与图排序/chapters/V5-C07.tex,572,832,高,需把输入、状态、一次更新、停止与输出压缩成首次阅读主线,删除内部审计句，改为“输入—状态—初始化—一次更新—停止—输出”六行首次阅读卡；状态码和故障分支移到实现说明。,CURRENT_SOURCE_PASS_B_M02_SYNC_R1,B_M02_CURRENT_SYNC.json
M02-RBL-0914,READING_BLOCKER,阅读阻塞残留,915,幂法。,src/讲义源码/第05册_采样方法主题模型与图排序/chapters/V5-C07.tex,576,832,高,需把输入、状态、一次更新、停止与输出压缩成首次阅读主线,删除内部审计句，改为“输入—状态—初始化—一次更新—停止—输出”六行首次阅读卡；状态码和故障分支移到实现说明。,CURRENT_SOURCE_PASS_B_M02_SYNC_R1,B_M02_CURRENT_SYNC.json
M02-RBL-0915,READING_BLOCKER,阅读阻塞残留,916,一般PageRank的幂法计算。,src/讲义源码/第05册_采样方法主题模型与图排序/chapters/V5-C07.tex,580,835,高,需把输入、状态、一次更新、停止与输出压缩成首次阅读主线,删除内部审计句，改为“输入—状态—初始化—一次更新—停止—输出”六行首次阅读卡；状态码和故障分支移到实现说明。,CURRENT_SOURCE_PASS_B_M02_SYNC_R1,B_M02_CURRENT_SYNC.json
M02-RBL-0916,READING_BLOCKER,阅读阻塞残留,917,带悬挂修复的一般 稀疏幂法：执行契约。,src/讲义源码/第05册_采样方法主题模型与图排序/chapters/V5-C07.tex,729,838,高,单个知识块信息密度较高，需要先给一条阅读路线再进入细节；未在同一入口集中说明输出证书,删除内部审计句，改为“输入—状态—初始化—一次更新—停止—输出”六行首次阅读卡；状态码和故障分支移到实现说明。,CURRENT_SOURCE_PASS_B_M02_SYNC_R1,B_M02_CURRENT_SYNC.json
M02-RBL-0917,READING_BLOCKER,阅读阻塞残留,918,本章结论与下一步。,src/讲义源码/第05册_采样方法主题模型与图排序/chapters/V5-C07.tex,1295,840,高,缺少可立即代入的最小数值例或非例,删除内部审计句，在“本章结论与下一步。”后补一个2—3步的最小数值例或反例，并给出一个可立即作答的自检。,CURRENT_SOURCE_PASS_B_M02_SYNC_R1,B_M02_CURRENT_SYNC.json
M02-RBL-0918,READING_BLOCKER,阅读阻塞残留,919,本章地图：无监督学习方法总结。,src/讲义源码/第05册_采样方法主题模型与图排序/chapters/V5-C08.tex,37,849,高,缺少可立即代入的最小数值例或非例,删除内部审计句，在“本章地图：无监督学习方法总结。”后补一个2—3步的最小数值例或反例，并给出一个可立即作答的自检。,CURRENT_SOURCE_PASS_B_M02_SYNC_R1,B_M02_CURRENT_SYNC.json
M02-RBL-0919,READING_BLOCKER,阅读阻塞残留,920,本章可检验学习目标。,src/讲义源码/第05册_采样方法主题模型与图排序/chapters/V5-C08.tex,49,849,高,缺少可立即代入的最小数值例或非例,删除内部审计句，在“本章可检验学习目标。”后补一个2—3步的最小数值例或反例，并给出一个可立即作答的自检。,CURRENT_SOURCE_PASS_B_M02_SYNC_R1,B_M02_CURRENT_SYNC.json
M02-RBL-0920,READING_BLOCKER,阅读阻塞残留,921,最短先修。,src/讲义源码/第05册_采样方法主题模型与图排序/chapters/V5-C08.tex,66,849,高,缺少可立即代入的最小数值例或非例,删除内部审计句，在“最短先修。”后补一个2—3步的最小数值例或反例，并给出一个可立即作答的自检。,CURRENT_SOURCE_PASS_B_M02_SYNC_R1,B_M02_CURRENT_SYNC.json
M02-RBL-0921,READING_BLOCKER,阅读阻塞残留,922,先修自检。,src/讲义源码/第05册_采样方法主题模型与图排序/chapters/V5-C08.tex,79,849,高,缺少可立即代入的最小数值例或非例,删除内部审计句，在“先修自检。”后补一个2—3步的最小数值例或反例，并给出一个可立即作答的自检。,CURRENT_SOURCE_PASS_B_M02_SYNC_R1,B_M02_CURRENT_SYNC.json
M02-RBL-0922,READING_BLOCKER,阅读阻塞残留,923,依赖路线。,src/讲义源码/第05册_采样方法主题模型与图排序/chapters/V5-C08.tex,98,849,高,缺少可立即代入的最小数值例或非例,删除内部审计句，在“依赖路线。”后补一个2—3步的最小数值例或反例，并给出一个可立即作答的自检。,CURRENT_SOURCE_PASS_B_M02_SYNC_R1,B_M02_CURRENT_SYNC.json
M02-RBL-0923,READING_BLOCKER,阅读阻塞残留,924,本章符号表。,src/讲义源码/第05册_采样方法主题模型与图排序/chapters/V5-C08.tex,133,850,高,缺少可立即代入的最小数值例或非例,删除内部审计句，在“本章符号表。”后补一个2—3步的最小数值例或反例，并给出一个可立即作答的自检。,CURRENT_SOURCE_PASS_B_M02_SYNC_R1,B_M02_CURRENT_SYNC.json
M02-RBL-0924,READING_BLOCKER,阅读阻塞残留,925,无监督学习方法总结。,src/讲义源码/第05册_采样方法主题模型与图排序/chapters/V5-C08.tex,160,849,高,对象、条件或最小例没有在首次阅读入口中同时出现,删除“需要解决的阅读阻塞/第一步/核验路线”等内部工作语，改为读者自检：“不看正文，能否说出‘无监督学习方法总结。’的对象、条件和结论？不能则回看本节。”,CURRENT_SOURCE_PASS_B_M02_SYNC_R1,B_M02_CURRENT_SYNC.json
M02-RBL-0925,READING_BLOCKER,阅读阻塞残留,926,无监督学习方法的关系和特点。,src/讲义源码/第05册_采样方法主题模型与图排序/chapters/V5-C08.tex,164,851,高,比较维度没有完全对齐，读者容易只记名称而不记适用条件,删除“需要解决的阅读阻塞/第一步/核验路线”等内部工作语，改为读者自检：“不看正文，能否说出‘无监督学习方法的关系和特点。’的对象、条件和结论？不能则回看本节。”,CURRENT_SOURCE_PASS_B_M02_SYNC_R1,B_M02_CURRENT_SYNC.json
M02-RBL-0926,READING_BLOCKER,阅读阻塞残留,927,各种方法之间的关系。,src/讲义源码/第05册_采样方法主题模型与图排序/chapters/V5-C08.tex,168,851,高,比较维度没有完全对齐，读者容易只记名称而不记适用条件,删除“需要解决的阅读阻塞/第一步/核验路线”等内部工作语，改为读者自检：“不看正文，能否说出‘各种方法之间的关系。’的对象、条件和结论？不能则回看本节。”,CURRENT_SOURCE_PASS_B_M02_SYNC_R1,B_M02_CURRENT_SYNC.json
M02-RBL-0927,READING_BLOCKER,阅读阻塞残留,928,本讲义的无监督学习工作框架。,src/讲义源码/第05册_采样方法主题模型与图排序/chapters/V5-C08.tex,213,851,高,缺少可立即代入的最小数值例或非例,删除内部审计句，在“本讲义的无监督学习工作框架。”后补一个2—3步的最小数值例或反例，并给出一个可立即作答的自检。,CURRENT_SOURCE_PASS_B_M02_SYNC_R1,B_M02_CURRENT_SYNC.json
M02-RBL-0928,READING_BLOCKER,阅读阻塞残留,929,话题模型之间的关系和特点。,src/讲义源码/第05册_采样方法主题模型与图排序/chapters/V5-C08.tex,250,851,高,比较维度没有完全对齐，读者容易只记名称而不记适用条件,删除“需要解决的阅读阻塞/第一步/核验路线”等内部工作语，改为读者自检：“不看正文，能否说出‘话题模型之间的关系和特点。’的对象、条件和结论？不能则回看本节。”,CURRENT_SOURCE_PASS_B_M02_SYNC_R1,B_M02_CURRENT_SYNC.json
M02-RBL-0929,READING_BLOCKER,阅读阻塞残留,930,证明：泊松负对数似然与广义KL等价。,src/讲义源码/第05册_采样方法主题模型与图排序/chapters/V5-C08.tex,351,855,高,证明前缺少一句路线提示，读者不易预判关键变形,删除内部说明，改成读者可见的一句话：“证明先把目标改写为可比较的两边，再使用上游定义/定理完成关键变形。”并在证明前列出条件与结论。,CURRENT_SOURCE_PASS_B_M02_SYNC_R1,B_M02_CURRENT_SYNC.json
M02-RBL-0930,READING_BLOCKER,阅读阻塞残留,931,证明：附加约束不会改进同一损失的无约束下界。,src/讲义源码/第05册_采样方法主题模型与图排序/chapters/V5-C08.tex,395,856,高,证明前缺少一句路线提示，读者不易预判关键变形,删除内部说明，改成读者可见的一句话：“证明先把目标改写为可比较的两边，再使用上游定义/定理完成关键变形。”并在证明前列出条件与结论。,CURRENT_SOURCE_PASS_B_M02_SYNC_R1,B_M02_CURRENT_SYNC.json
M02-RBL-0931,READING_BLOCKER,阅读阻塞残留,932,独立测试均值对已锁定模型条件无偏。,src/讲义源码/第05册_采样方法主题模型与图排序/chapters/V5-C08.tex,489,858,高,短段落内符号密度高，但符号角色未逐一落地,删除内部审计句，先用自然语言解释符号角色，再分两行写公式；每行只引入一个新对象。,CURRENT_SOURCE_PASS_B_M02_SYNC_R1,B_M02_CURRENT_SYNC.json
M02-RBL-0932,READING_BLOCKER,阅读阻塞残留,933,证明：独立测试均值对已锁定模型条件无偏。,src/讲义源码/第05册_采样方法主题模型与图排序/chapters/V5-C08.tex,506,859,高,证明前缺少一句路线提示，读者不易预判关键变形,删除内部说明，改成读者可见的一句话：“证明先把目标改写为可比较的两边，再使用上游定义/定理完成关键变形。”并在证明前列出条件与结论。,CURRENT_SOURCE_PASS_B_M02_SYNC_R1,B_M02_CURRENT_SYNC.json
M02-RBL-0933,READING_BLOCKER,阅读阻塞残留,934,这一定理不能按行看起来像样本自动套用。 若基本单元在给定开发数据后确为iid，直接应用命题。,src/讲义源码/第05册_采样方法主题模型与图排序/chapters/V5-C08.tex,523,859,高,缺少可立即代入的最小数值例或非例,删除内部审计句，在“这一定理不能按行看起来像样本自动套用。 若基本单元在给定开发数据后确为iid，直接应用命题。”后补一个2—3步的最小数值例或反例，并给出一个可立即作答的自检。,CURRENT_SOURCE_PASS_B_M02_SYNC_R1,B_M02_CURRENT_SYNC.json
M02-RBL-0934,READING_BLOCKER,阅读阻塞残留,935,无监督学习方法。,src/讲义源码/第05册_采样方法主题模型与图排序/chapters/V5-C08.tex,563,853,高,对象、条件或最小例没有在首次阅读入口中同时出现,删除“需要解决的阅读阻塞/第一步/核验路线”等内部工作语，改为读者自检：“不看正文，能否说出‘无监督学习方法。’的对象、条件和结论？不能则回看本节。”,CURRENT_SOURCE_PASS_B_M02_SYNC_R1,B_M02_CURRENT_SYNC.json
M02-RBL-0935,READING_BLOCKER,阅读阻塞残留,936,本章结论与下一步。,src/讲义源码/第05册_采样方法主题模型与图排序/chapters/V5-C08.tex,1159,872,高,缺少可立即代入的最小数值例或非例,删除内部审计句，在“本章结论与下一步。”后补一个2—3步的最小数值例或反例，并给出一个可立即作答的自检。,CURRENT_SOURCE_PASS_B_M02_SYNC_R1,B_M02_CURRENT_SYNC.json
M04-EXM-1.1,EXAMPLE,例题索引,2,1.1,src/讲义源码/第01册_数学基础与统计学习基本理论/chapters/V1-C01.tex,121,17,无,未发现明显结构性问题；建议把现有解答的开头改为本题专属方法触发语。,先声明对象、定义域和维数，再执行计算；每一步都检查运算合法性，并把结果代回原条件。,COORDINATOR_EDITED_SA1_SA3_PASS_P03,B-EXM-P03_SA3_BLIND.md
M04-EXM-2.1,EXAMPLE,例题索引,3,2.1,src/讲义源码/第01册_数学基础与统计学习基本理论/chapters/V1-C02.tex,149,30,无,未发现明显结构性问题；建议把现有解答的开头改为本题专属方法触发语。,把投影点写成标量倍数，先求投影系数，再求残差；用“残差与子空间正交”和勾股关系双重核验。,COORDINATOR_EDITED_SA1_SA3_PASS_P03,B-EXM-P03_SA3_BLIND.md
M04-EXM-3.1,EXAMPLE,例题索引,4,3.1,src/讲义源码/第01册_数学基础与统计学习基本理论/chapters/V1-C03.tex,157,50,低,开头使用批量模板，需改为本题专属题意翻译,逐项求偏导并组装Hessian；先验证驻点，再用正定性、特征值或配方法判断极值性质。,COORDINATOR_EDITED_SA1_SA3_PASS_P03,B-EXM-P03_SA3_BLIND.md
M04-EXM-4.1,EXAMPLE,例题索引,5,4.1,src/讲义源码/第01册_数学基础与统计学习基本理论/chapters/V1-C04.tex,90,65,低,开头使用批量模板，需改为本题专属题意翻译,先写支持集、参数范围或定义域，再按定义逐项计算；最后检查归一化、非负性或边界条件。,COORDINATOR_EDITED_SA1_SA3_PASS_P03,B-EXM-P03_SA3_BLIND.md
M04-EXM-4.2,EXAMPLE,例题索引,6,4.2,src/讲义源码/第01册_数学基础与统计学习基本理论/chapters/V1-C04.tex,237,68,低,开头使用批量模板，需改为本题专属题意翻译,直接使用全方差公式，把组内方差与组间均值方差分别算清，再用二阶矩公式独立核验。,COORDINATOR_EDITED_SA1_SA3_PASS_P03,B-EXM-P03_SA3_BLIND.md
M04-EXM-4.3,EXAMPLE,例题索引,7,4.3,src/讲义源码/第01册_数学基础与统计学习基本理论/chapters/V1-C04.tex,354,71,低,开头使用批量模板，需改为本题专属题意翻译,先定义事件与互斥完备来源，写出证据概率，再用贝叶斯公式归一化；最后检查后验概率之和或赔率结果。,COORDINATOR_EDITED_SA1_SA3_PASS_P03,B-EXM-P03_SA3_BLIND.md
M04-EXM-5.1,EXAMPLE,例题索引,8,5.1,src/讲义源码/第01册_数学基础与统计学习基本理论/chapters/V1-C05.tex,242,86,低,开头使用批量模板，需改为本题专属题意翻译,先把独立伯努利样本的联合概率写成似然，取对数把乘积化为和；在参数区间内求驻点，并单独检查全成功或全失败时的边界解。,COORDINATOR_EDITED_SA1_SA3_PASS_P03,B-EXM-P03_SA3_BLIND.md
M04-EXM-6.1,EXAMPLE,例题索引,9,6.1,src/讲义源码/第01册_数学基础与统计学习基本理论/chapters/V1-C06.tex,273,104,低,开头使用批量模板，需改为本题专属题意翻译,按KL定义逐项代入两个方向的概率比，分别计算D(P∥Q)与D(Q∥P)；把非对称性归因于期望所用分布不同，而不是计算误差。,COORDINATOR_EDITED_SA1_SA3_PASS_P03,B-EXM-P03_SA3_BLIND.md
M04-EXM-7.1,EXAMPLE,例题索引,10,7.1,src/讲义源码/第01册_数学基础与统计学习基本理论/chapters/V1-C07.tex,231,122,无,未发现明显结构性问题；建议把现有解答的开头改为本题专属方法触发语。,把约束统一为标准方向，写出拉格朗日函数，依次检查原始可行、对偶可行、驻点与互补松弛，最后解释活动约束。,COORDINATOR_EDITED_SA1_SA3_PASS_P03,B-EXM-P03_SA3_BLIND.md
M04-EXM-7.2,EXAMPLE,例题索引,11,7.2,src/讲义源码/第01册_数学基础与统计学习基本理论/chapters/V1-C07.tex,554,130,无,未发现明显结构性问题；建议把现有解答的开头改为本题专属方法触发语。,把约束写成g(x)=b-a^{T}x≤0，建立拉格朗日函数；由驻点得x=λa，再用活动约束a^{T}x=b求λ，最后逐项验证KKT。,COORDINATOR_EDITED_SA1_SA3_PASS_P03,B-EXM-P03_SA3_BLIND.md
M04-EXM-8.1,EXAMPLE,例题索引,12,8.1,src/讲义源码/第01册_数学基础与统计学习基本理论/chapters/V1-C08.tex,197,141,低,解答夹带实现状态码，首次阅读主线可能被工程语义打断,先求梯度与Hessian，再代入Newton公式x^{+}=x-H^{-1}∇f(x)；利用正定二次函数的常Hessian说明一步到达唯一极小点。,COORDINATOR_EDITED_SA1_SA3_PASS_P02,B-EXM-P02_SA3_BLIND.md
M04-EXM-8.2,EXAMPLE,例题索引,13,8.2,src/讲义源码/第01册_数学基础与统计学习基本理论/chapters/V1-C08.tex,570,151,无,未发现明显结构性问题；建议把现有解答的开头改为本题专属方法触发语。,先比较Hessian两个特征方向的曲率比；固定步长梯度法受最大曲率限制，Newton用H^{-1}消除尺度，BFGS则通过割线信息逐步学习逆曲率。,COORDINATOR_EDITED_SA1_SA3_PASS_P05,B-EXM-P05_SA3_BLIND_R3_FRESH.md
M04-EXM-9.1,EXAMPLE,例题索引,14,9.1,src/讲义源码/第01册_数学基础与统计学习基本理论/chapters/V1-C09.tex,172,162,无,未发现明显结构性问题；建议把现有解答的开头改为本题专属方法触发语。,对每个候选规则逐样本计算0–1损失并求平均经验风险；最后严格执行题面预先规定的并列规则，不能事后改规则。,COORDINATOR_EDITED_SA1_SA3_PASS_P05,B-EXM-P05_SA3_BLIND_R3_FRESH.md
M04-EXM-10.1,EXAMPLE,例题索引,15,10.1,src/讲义源码/第01册_数学基础与统计学习基本理论/chapters/V1-C10.tex,205,179,无,未发现明显结构性问题；建议把现有解答的开头改为本题专属方法触发语。,分别用“错分数/样本数”计算训练与测试错误率，再作同一方向的差；最后区分观测到的误差差距与真实泛化差距。,COORDINATOR_EDITED_SA1_SA3_PASS_P05,B-EXM-P05_SA3_BLIND_R3_FRESH.md
M04-EXM-10.2,EXAMPLE,例题索引,16,10.2,src/讲义源码/第01册_数学基础与统计学习基本理论/chapters/V1-C10.tex,282,181,中,结论重复输出,把每个多项式次数的验证误差放在同一验证协议下比较，按最小验证误差选次数；若并列，使用预先约定的复杂度优先规则。,COORDINATOR_EDITED_SA1_PASS,B_EXM_P01_SA1_REVIEW.md
M04-EXM-11.1,EXAMPLE,例题索引,17,11.1,src/讲义源码/第01册_数学基础与统计学习基本理论/chapters/V1-C11.tex,173,198,中,把“混淆矩阵”误套为矩阵乘法/维数题模板,先固定“正类”的含义，再由TP、FP、FN、TN写出四个指标的分子和分母；逐项代入，最后用样本总数与F1调和平均式核验。,COORDINATOR_EDITED_SA1_PASS,B_EXM_P01_SA1_REVIEW.md
M04-EXM-12.1,EXAMPLE,例题索引,18,12.1,src/讲义源码/第02册_基础监督学习方法/chapters/V2-C01.tex,242,215,低,开头使用批量模板，需改为本题专属题意翻译,按给定样本顺序逐点计算带符号分数；只在误分类时更新参数，并在结束时对全部样本重新计算带符号分数，确认整轮不再更新。,COORDINATOR_EDITED_SA1_SA3_PASS_P05,B-EXM-P05_SA3_BLIND_R3_FRESH.md
M04-EXM-12.2,EXAMPLE,例题索引,19,12.2,src/讲义源码/第02册_基础监督学习方法/chapters/V2-C01.tex,347,217,中,感知机手算题误套为候选模型与数据隔离模板；解答夹带实现状态码，首次阅读主线可能被工程语义打断,按给定样本顺序逐点计算带符号分数；只在误分类时更新参数，并在结束时对全部样本重新计算带符号分数，确认整轮不再更新。,COORDINATOR_EDITED_SA1_PASS,B_EXM_P01_SA1_REVIEW.md
M04-EXM-12.3,EXAMPLE,例题索引,20,12.3,src/讲义源码/第02册_基础监督学习方法/chapters/V2-C01.tex,593,224,低,开头使用批量模板，需改为本题专属题意翻译,假设存在二维线性分类器，对四个异或点分别写出带符号不等式；把相应不等式相加，推出互相矛盾的条件，从而否定线性可分。,COORDINATOR_EDITED_SA1_SA3_PASS_P05,B-EXM-P05_SA3_BLIND_R3_FRESH.md
M04-EXM-13.1,EXAMPLE,例题索引,21,13.1,src/讲义源码/第02册_基础监督学习方法/chapters/V2-C02.tex,211,236,低,开头使用批量模板，需改为本题专属题意翻译,分别计算查询点到两个候选点的L1距离与L2距离；每一种度量独立排序，比较距离阶数改变后最近邻是否翻转。,COORDINATOR_EDITED_SA1_SA3_PASS_P04,B-EXM-P04_SA3_BLIND.md
M04-EXM-13.2,EXAMPLE,例题索引,22,13.2,src/讲义源码/第02册_基础监督学习方法/chapters/V2-C02.tex,424,241,低,开头使用批量模板，需改为本题专属题意翻译,按题设切分轴规则选择中位点作为结点，递归构造左右子树；完成后检查每层切分轴、子树点集与树的平衡性。,COORDINATOR_EDITED_SA1_SA3_PASS_P04,B-EXM-P04_SA3_BLIND.md
M04-EXM-13.3,EXAMPLE,例题索引,23,13.3,src/讲义源码/第02册_基础监督学习方法/chapters/V2-C02.tex,593,246,低,开头使用批量模板，需改为本题专属题意翻译,把两候选距离写成4与3·2^{1/p}，先解二者相等的临界p，再分p区间判断谁更近；不要只凭二维图形猜测。,COORDINATOR_EDITED_SA1_SA3_PASS_P05,B-EXM-P05_SA3_BLIND_R3_FRESH.md
M04-EXM-14.1,EXAMPLE,例题索引,24,14.1,src/讲义源码/第02册_基础监督学习方法/chapters/V2-C03.tex,440,262,低,开头使用批量模板，需改为本题专属题意翻译,先用加一平滑计算类别先验和各条件概率，再把每类的未归一化后验分数写成乘积或对数和；比较分数确定类别。,COORDINATOR_EDITED_SA1_SA3_PASS_P04,B-EXM-P04_SA3_BLIND.md
M04-EXM-15.1,EXAMPLE,例题索引,25,15.1,src/讲义源码/第02册_基础监督学习方法/chapters/V2-C04.tex,320,278,低,开头使用批量模板，需改为本题专属题意翻译,先算父结点经验熵，再按候选特征分组计算条件熵；信息增益等于二者之差，按增益最大选择划分。,COORDINATOR_EDITED_SA1_SA3_PASS_P04,B-EXM-P04_SA3_BLIND.md
M04-EXM-15.2,EXAMPLE,例题索引,26,15.2,src/讲义源码/第02册_基础监督学习方法/chapters/V2-C04.tex,840,290,低,开头使用批量模板，需改为本题专属题意翻译,对每个候选划分分别计算信息增益和加权基尼指数；前者取大、后者取小，并说明二者为何在纯划分上给出同一选择。,COORDINATOR_EDITED_SA1_SA3_PASS_P05,B-EXM-P05_SA3_BLIND_R3_FRESH.md
M04-EXM-16.1,EXAMPLE,例题索引,27,16.1,src/讲义源码/第02册_基础监督学习方法/chapters/V2-C05.tex,478,309,低,开头使用批量模板，需改为本题专属题意翻译,"先算线性预测量，再经逻辑斯谛函数得到概率；明确阈值与标签规则，并检查概率在(0,1)内。",COORDINATOR_EDITED_SA1_SA3_PASS_P04,B-EXM-P04_SA3_BLIND.md
M04-EXM-17.1,EXAMPLE,例题索引,28,17.1,src/讲义源码/第03册_优化模型与序列模型/chapters/V3-C01.tex,566,331,低,开头使用批量模板，需改为本题专属题意翻译,列出有限样本空间上的概率变量与线性约束，用拉格朗日乘子求指数族形式；利用对称性或约束方程确定参数。,COORDINATOR_EDITED_SA1_SA3_PASS_P05,B-EXM-P05_SA3_BLIND_R3_FRESH.md
M04-EXM-18.1,EXAMPLE,例题索引,29,18.1,src/讲义源码/第03册_优化模型与序列模型/chapters/V3-C02.tex,795,361,无,未发现明显结构性问题；建议把现有解答的开头改为本题专属方法触发语。,把约束统一为标准方向，写出拉格朗日函数，依次检查原始可行、对偶可行、驻点与互补松弛，最后解释活动约束。,COORDINATOR_EDITED_SA1_SA3_PASS_P05,B-EXM-P05_SA3_BLIND_R3_FRESH.md
M04-EXM-19.1,EXAMPLE,例题索引,30,19.1,src/讲义源码/第03册_优化模型与序列模型/chapters/V3-C03.tex,707,390,低,解答信息密度较高，初学者阅读时需要分段,逐轮计算加权错误率、分类器权重和样本权重归一化，再形成加法模型；每轮都检查权重和为1。,COORDINATOR_EDITED_SA1_SA3_PASS_P02,B-EXM-P02_SA3_BLIND.md
M04-EXM-20.1,EXAMPLE,例题索引,31,20.1,src/讲义源码/第03册_优化模型与序列模型/chapters/V3-C04.tex,602,413,低,开头使用批量模板，需改为本题专属题意翻译,把责任度视为每个样本对各高斯成分的软计数；对混合权重、均值和方差分别用加权充分统计量更新。,COORDINATOR_EDITED_SA1_SA3_PASS_P04,B-EXM-P04_SA3_BLIND.md
M04-EXM-20.2,EXAMPLE,例题索引,32,20.2,src/讲义源码/第03册_优化模型与序列模型/chapters/V3-C04.tex,1025,424,低,开头使用批量模板，需改为本题专属题意翻译,E步计算每次观测由隐含硬币产生的后验概率；M步用这些后验软计数更新三枚硬币参数，并清楚区分旧参数与新参数。,COORDINATOR_EDITED_SA1_SA3_PASS_P04,B-EXM-P04_SA3_BLIND.md
M04-EXM-21.1,EXAMPLE,例题索引,33,21.1,src/讲义源码/第03册_优化模型与序列模型/chapters/V3-C05.tex,513,443,低,开头使用批量模板，需改为本题专属题意翻译,按初始分布×发射概率初始化前向量，再执行“上一时刻前向量×转移×当前发射”的递推；最后对终态求和得到观测序列概率。,COORDINATOR_EDITED_SA1_SA3_PASS_P04,B-EXM-P04_SA3_BLIND.md
M04-EXM-21.2,EXAMPLE,例题索引,34,21.2,src/讲义源码/第03册_优化模型与序列模型/chapters/V3-C05.tex,1031,455,低,开头使用批量模板，需改为本题专属题意翻译,初始化每个状态的最优前缀概率，递推时对前驱取最大并记录回溯指针；终止后从最大终态沿指针反向恢复整条路径。,COORDINATOR_EDITED_SA1_SA3_PASS_P04,B-EXM-P04_SA3_BLIND.md
M04-EXM-22.1,EXAMPLE,例题索引,35,22.1,src/讲义源码/第03册_优化模型与序列模型/chapters/V3-C06.tex,665,478,低,开头使用批量模板，需改为本题专属题意翻译,把线性链CRF的局部特征加权和写成路径得分；按Viterbi递推取最大并保存前驱，最后回溯得到最优标记序列。,COORDINATOR_EDITED_SA1_SA3_PASS_P04,B-EXM-P04_SA3_BLIND.md
M04-EXM-23.1,EXAMPLE,例题索引,36,23.1,src/讲义源码/第03册_优化模型与序列模型/chapters/V3-C07.tex,329,494,无,未发现明显结构性问题；建议把现有解答的开头改为本题专属方法触发语。,先用延迟上限筛掉不可部署的方法，再在可行候选中比较召回率；当差异不超过题设容差时，按资源更低或模型更简单的预先规则选择。,COORDINATOR_EDITED_SA1_SA3_PASS_P05,B-EXM-P05_SA3_BLIND_R3_FRESH.md
M04-EXM-24.1,EXAMPLE,例题索引,37,24.1,src/讲义源码/第04册_无监督学习与矩阵分解/chapters/V4-C01.tex,460,514,高,表示维数选择题误套为矩阵乘法/投影模板；结论重复输出,先固定验证损失、稳定性和复杂度三项指标的方向及权重，再按同一评分公式计算d=2与d=10；选择总分较小者并同时报告原始指标。,COORDINATOR_EDITED_SA1_PASS,B_EXM_P01_SA1_REVIEW.md
M04-EXM-25.1,EXAMPLE,例题索引,38,25.1,src/讲义源码/第04册_无监督学习与矩阵分解/chapters/V4-C02.tex,759,536,低,开头使用批量模板，需改为本题专属题意翻译,每轮先按平方欧氏距离把每个点分配给最近中心，并按题设规则处理并列；再用簇内样本均值更新中心，重复到分配不变。,COORDINATOR_EDITED_SA1_SA3_PASS_P06,B-EXM-P06_SA3_R2_FRESH.md
M04-EXM-26.1,EXAMPLE,例题索引,39,26.1,src/讲义源码/第04册_无监督学习与矩阵分解/chapters/V4-C03.tex,368,549,低,解答夹带实现状态码，首次阅读主线可能被工程语义打断,先判断零矩阵的秩为0，因此紧SVD没有正奇异值列；写清U_r、Σ_r、V_r的空维数，并解释算法为何应返回退化但合法的结果。,COORDINATOR_EDITED_SA1_SA3_PASS_P02,B-EXM-P02_SA3_BLIND.md
M04-EXM-26.2,EXAMPLE,例题索引,40,26.2,src/讲义源码/第04册_无监督学习与矩阵分解/chapters/V4-C03.tex,791,558,无,未发现明显结构性问题；建议把现有解答的开头改为本题专属方法触发语。,先由A^TA求右奇异向量和奇异值，再构造左奇异向量；区分完整、紧与秩1截断SVD，并用Eckart–Young结论给误差。,COORDINATOR_EDITED_SA1_SA3_PASS_P06,B-EXM-P06_SA3_R2_FRESH.md
M04-EXM-27.1,EXAMPLE,例题索引,41,27.1,src/讲义源码/第04册_无监督学习与矩阵分解/chapters/V4-C04.tex,644,582,无,未发现明显结构性问题；建议把现有解答的开头改为本题专属方法触发语。,先求协方差矩阵最大特征值及单位特征向量，计算方差贡献率；将样本中心化后投影到主轴，再映射回原空间并加回均值。,COORDINATOR_EDITED_SA1_SA3_PASS_P06,B-EXM-P06_SA3_R2_FRESH.md
M04-EXM-28.1,EXAMPLE,例题索引,42,28.1,src/讲义源码/第04册_无监督学习与矩阵分解/chapters/V4-C05.tex,805,608,无,未发现明显结构性问题；建议把现有解答的开头改为本题专属方法触发语。,严格按“先更新W、再用新W更新H”的乘法更新顺序计算；零元素只在固定支持面内保持零，最后计算新重构和平方损失。,COORDINATOR_EDITED_SA1_SA3_PASS_P06,B-EXM-P06_SA3_R2_FRESH.md
M04-EXM-29.1,EXAMPLE,例题索引,43,29.1,src/讲义源码/第04册_无监督学习与矩阵分解/chapters/V4-C06.tex,710,631,中,PLSA的E/M步误套为矩阵乘法/形状核验模板,E步先计算每个隐变量状态的后验责任度；M步用责任度加权充分统计量更新参数；最后检查责任度和参数归一化。,COORDINATOR_EDITED_SA1_PASS,B_EXM_P01_SA1_REVIEW.md
M04-EXM-30.1,EXAMPLE,例题索引,44,30.1,src/讲义源码/第05册_采样方法主题模型与图排序/chapters/V5-C01.tex,689,658,无,未发现明显结构性问题；建议把现有解答的开头改为本题专属方法触发语。,先计算ρ0C与ρ0C^2展示周期振荡，再解ρ=ρC求平稳分布并检验细致平衡；最后比较惰性化后对角自环如何消除周期。,COORDINATOR_EDITED_SA1_SA3_PASS_P06,B-EXM-P06_SA3_R2_FRESH.md
M04-EXM-30.2,EXAMPLE,例题索引,45,30.2,src/讲义源码/第05册_采样方法主题模型与图排序/chapters/V5-C01.tex,896,663,低,开头使用批量模板，需改为本题专属题意翻译,依次完成转移矩阵合法性、两步分布、平稳方程、不可约性、周期性与细致平衡检查，最后据条件判断是否逐步收敛。,COORDINATOR_EDITED_SA1_SA3_PASS_P06,B-EXM-P06_SA3_R2_FRESH.md
M04-EXM-31.1,EXAMPLE,例题索引,46,31.1,src/讲义源码/第05册_采样方法主题模型与图排序/chapters/V5-C02.tex,522,686,无,未发现明显结构性问题；建议把现有解答的开头改为本题专属方法触发语。,把重要性随机变量写成Z=h(X)p(X)/q(X)，先算E_qZ=I，再算E_qZ^2-I^2；随后分析稀有状态长期不被抽到时估计与样本ESS为何同时失真。,COORDINATOR_EDITED_SA1_SA3_PASS_P06,B-EXM-P06_SA3_R2_FRESH.md
M04-EXM-31.2,EXAMPLE,例题索引,47,31.2,src/讲义源码/第05册_采样方法主题模型与图排序/chapters/V5-C02.tex,874,696,低,开头使用批量模板，需改为本题专属题意翻译,对四个固定样本先计算h(u_i)=u_i^2及样本均值，再用n-1分母求样本方差，标准误为s/√n；最后与真值1/3比较。,COORDINATOR_EDITED_SA1_SA3_PASS_P06,B-EXM-P06_SA3_R2_FRESH.md
M04-EXM-32.1,EXAMPLE,例题索引,48,32.1,src/讲义源码/第05册_采样方法主题模型与图排序/chapters/V5-C03.tex,676,719,无,未发现明显结构性问题；建议把现有解答的开头改为本题专属方法触发语。,"逐条计算MH比值π(y)q(y,x)/[π(x)q(x,y)]；若反向提议为0，则正向提议也会被拒绝。由此写出核并检查支持连通性。",COORDINATOR_EDITED_SA1_SA3_PASS_P06,B-EXM-P06_SA3_R2_FRESH.md
M04-EXM-32.2,EXAMPLE,例题索引,49,32.2,src/讲义源码/第05册_采样方法主题模型与图排序/chapters/V5-C03.tex,953,725,无,未发现明显结构性问题；建议把现有解答的开头改为本题专属方法触发语。,对每条双向非对角边计算接受率，把拒绝概率补到对角线形成完整核；再验证双向概率流、不可约/非周期，并执行两次固定输入转移。,COORDINATOR_EDITED_SA1_SA3_PASS_P06,B-EXM-P06_SA3_R2_FRESH.md
M04-EXM-33.1,EXAMPLE,例题索引,50,33.1,src/讲义源码/第05册_采样方法主题模型与图排序/chapters/V5-C04.tex,151,739,无,未发现明显结构性问题；建议把现有解答的开头改为本题专属方法触发语。,把两个满条件写成“条件均值+条件标准差×固定创新”；系统扫描先更新X1，再用同轮新X1更新X2。,UNREVIEWED_CURRENT_SOURCE,统计学习方法讲义_v2.6.0_全量索引库.xlsx
M04-EXM-33.2,EXAMPLE,例题索引,51,33.2,src/讲义源码/第05册_采样方法主题模型与图排序/chapters/V5-C04.tex,441,747,中,Gibbs顺序更新题误套为候选模型选择模板,逐轮执行X1^{(t)}=ρX2^{(t-1)}+σε_{1t}，再执行X2^{(t)}=ρX1^{(t)}+σε_{2t}；完整保留每个中间值。,COORDINATOR_EDITED_SA1_PASS,B_EXM_P01_SA1_REVIEW.md
M04-EXM-33.3,EXAMPLE,例题索引,52,33.3,src/讲义源码/第05册_采样方法主题模型与图排序/chapters/V5-C04.tex,647,752,低,解答信息密度较高，初学者阅读时需要分段,先把多项计数似然与D上的均匀先验相乘得到后验核；固定一个参数后展开另一参数的多项式，识别为有限个Beta型分量并归一化，两个方向同理。,COORDINATOR_EDITED_SA1_SA3_PASS_P02,B-EXM-P02_SA3_BLIND.md
M04-EXM-34.1,EXAMPLE,例题索引,53,34.1,src/讲义源码/第05册_采样方法主题模型与图排序/chapters/V5-C05.tex,725,777,低,开头使用批量模板，需改为本题专属题意翻译,用Dirichlet矩公式求先验均值；观察计数后将参数更新为α+n，再求后验均值、预测与MAP；序列/无序事件分别用预测连乘和多项系数处理。,UNREVIEWED_CURRENT_SOURCE,统计学习方法讲义_v2.6.0_全量索引库.xlsx
M04-EXM-34.2,EXAMPLE,例题索引,54,34.2,src/讲义源码/第05册_采样方法主题模型与图排序/chapters/V5-C05.tex,924,781,低,开头使用批量模板，需改为本题专属题意翻译,先用Beta函数核验归一化并计算均值方差；把成功、失败计数分别加到两个形状参数，得到后验与后验预测。,UNREVIEWED_CURRENT_SOURCE,统计学习方法讲义_v2.6.0_全量索引库.xlsx
M04-EXM-34.3,EXAMPLE,例题索引,55,34.3,src/讲义源码/第05册_采样方法主题模型与图排序/chapters/V5-C05.tex,956,782,低,开头使用批量模板，需改为本题专属题意翻译,将给定正Gamma样本按总和s归一化为θ_i=g_i/s；把“确定性输入测试”与“随机生成分布证明”分开说明。,UNREVIEWED_CURRENT_SOURCE,统计学习方法讲义_v2.6.0_全量索引库.xlsx
M04-EXM-34.4,EXAMPLE,例题索引,56,34.4,src/讲义源码/第05册_采样方法主题模型与图排序/chapters/V5-C05.tex,981,782,低,开头使用批量模板，需改为本题专属题意翻译,先做Dirichlet–多项共轭更新，再用后验预测求下一类概率；计数向量边际含多项系数，指定顺序的序列边际不含该系数。,UNREVIEWED_CURRENT_SOURCE,统计学习方法讲义_v2.6.0_全量索引库.xlsx
M04-EXM-35.1,EXAMPLE,例题索引,57,35.1,src/讲义源码/第05册_采样方法主题模型与图排序/chapters/V5-C06.tex,1232,813,无,未发现明显结构性问题；建议把现有解答的开头改为本题专属方法触发语。,更新某个词元前先从文档—主题和主题—词计数中删除它的旧主题贡献；用删除后的计数计算K个未归一化满条件质量，归一化后再恢复到新主题。,UNREVIEWED_CURRENT_SOURCE,统计学习方法讲义_v2.6.0_全量索引库.xlsx
M04-EXM-35.2,EXAMPLE,例题索引,58,35.2,src/讲义源码/第05册_采样方法主题模型与图排序/chapters/V5-C06.tex,1259,814,低,开头使用批量模板，需改为本题专属题意翻译,对两个主题分别计算exp{ψ(γ_k)-ψ(Σγ)+logφ_{kv}}的未归一化责任度，再统一归一化得到η_n。,UNREVIEWED_CURRENT_SOURCE,统计学习方法讲义_v2.6.0_全量索引库.xlsx
M04-EXM-35.3,EXAMPLE,例题索引,59,35.3,src/讲义源码/第05册_采样方法主题模型与图排序/chapters/V5-C06.tex,1290,814,低,开头使用批量模板，需改为本题专属题意翻译,使用冻结模型对两个留出词的预测概率计算平均负对数似然，再指数化得到每词困惑度；训练后重估概率属于另一评估协议，不能混比。,UNREVIEWED_CURRENT_SOURCE,统计学习方法讲义_v2.6.0_全量索引库.xlsx
M04-EXM-36.1,EXAMPLE,例题索引,60,36.1,src/讲义源码/第05册_采样方法主题模型与图排序/chapters/V5-C07.tex,838,840,无,未发现明显结构性问题；建议把现有解答的开头改为本题专属方法触发语。,按列随机约定计算r^{(1)}=Mr^{(0)}，再把给定极限向量代入Mr=r；从分量大小读出排序。,UNREVIEWED_CURRENT_SOURCE,统计学习方法讲义_v2.6.0_全量索引库.xlsx
M04-EXM-36.2,EXAMPLE,例题索引,61,36.2,src/讲义源码/第05册_采样方法主题模型与图排序/chapters/V5-C07.tex,873,841,低,开头使用批量模板，需改为本题专属题意翻译,指出零列使列和小于1，直接乘法会把该列上的概率质量丢掉；计算一次总质量变化，并说明必须先修复悬挂列。,UNREVIEWED_CURRENT_SOURCE,统计学习方法讲义_v2.6.0_全量索引库.xlsx
M04-EXM-36.3,EXAMPLE,例题索引,62,36.3,src/讲义源码/第05册_采样方法主题模型与图排序/chapters/V5-C07.tex,899,842,低,开头使用批量模板，需改为本题专属题意翻译,构造G=dS+(1-d)v1^T，解(I-dS)r=(1-d)v；最后按分量排序并说明阻尼带来的唯一性。,UNREVIEWED_CURRENT_SOURCE,统计学习方法讲义_v2.6.0_全量索引库.xlsx
M04-EXM-36.4,EXAMPLE,例题索引,63,36.4,src/讲义源码/第05册_采样方法主题模型与图排序/chapters/V5-C07.tex,932,842,低,开头使用批量模板，需改为本题专属题意翻译,先解r=dSr+(1-d)v得到概率平稳向量；若幂法先按最大分量归一化，只得到比例方向，最后必须再除以分量和。,UNREVIEWED_CURRENT_SOURCE,统计学习方法讲义_v2.6.0_全量索引库.xlsx
M04-EXM-37.1,EXAMPLE,例题索引,64,37.1,src/讲义源码/第05册_采样方法主题模型与图排序/chapters/V5-C08.tex,410,856,无,未发现明显结构性问题；建议把现有解答的开头改为本题专属方法触发语。,先按预先声明的“两折都成功”规则判定候选资格，再只在合格候选间比较平均验证损失；选定后重拟合，并只做一次锁定测试。,UNREVIEWED_CURRENT_SOURCE,统计学习方法讲义_v2.6.0_全量索引库.xlsx
M04-EXM-37.2,EXAMPLE,例题索引,65,37.2,src/讲义源码/第05册_采样方法主题模型与图排序/chapters/V5-C08.tex,756,864,低,结论回收不够显式,把口号拆成六项规格：观测数据与预处理、潜变量/模型、目标联合或后验分布、Gibbs满条件与扫描顺序、初始化/燃烧/保留预算、诊断与最终输出。,COORDINATOR_EDITED_SA1_SA3_PASS_P02,B-EXM-P02_SA3_BLIND.md
M04-EXM-37.3,EXAMPLE,例题索引,66,37.3,src/讲义源码/第05册_采样方法主题模型与图排序/chapters/V5-C08.tex,783,865,无,未发现明显结构性问题；建议把现有解答的开头改为本题专属方法触发语。,先写X的尺寸6×4与截断秩K=2，据此确定U_K、Σ_K、V_K的维数；再区分V_K列正交与文档系数矩阵行/列的关系。,UNREVIEWED_CURRENT_SOURCE,统计学习方法讲义_v2.6.0_全量索引库.xlsx
M04-EXM-37.4,EXAMPLE,例题索引,67,37.4,src/讲义源码/第05册_采样方法主题模型与图排序/chapters/V5-C08.tex,824,866,无,未发现明显结构性问题；建议把现有解答的开头改为本题专属方法触发语。,先指出命题的条件是“测试前模型已固定”；若在20个秩中选测试误差最小者，选中模型依赖测试噪声，因此条件无偏结论不再适用。,UNREVIEWED_CURRENT_SOURCE,统计学习方法讲义_v2.6.0_全量索引库.xlsx
M04-KN-PRE-BM-001,KNOWLEDGE,知识点索引,2,PRE-BM-001,src/讲义源码/第01册_数学基础与统计学习基本理论/chapters/V1-C01.tex,211,19,中,符号密度较高；缺少最小例/非例；缺少一句话直觉桥,"先说它解决什么：先把“集合、元素与集合运算”理解为一个需要明确对象、条件与结论的基础概念。
再给核心表述：集合由互不重复的元素确定。
然后落地对象与条件：逐一写清输入/变量属于什么集合，公式在哪些前提下成立。
最小自检：给出一个满足定义的最小例和一个只破坏单一条件的非例。
误区与边界：不要只凭名称或图形相似作判断，应回到定义中的量词、作用域和条件。",UNREVIEWED_CURRENT_SOURCE,统计学习方法讲义_v2.6.0_全量索引库.xlsx
M04-KN-PRE-BM-002,KNOWLEDGE,知识点索引,3,PRE-BM-002,src/讲义源码/第01册_数学基础与统计学习基本理论/chapters/V1-C01.tex,214,19,中,符号密度较高；缺少一句话直觉桥,"先说它解决什么：先把“映射与函数”理解为一个需要明确对象、条件与结论的基础概念。
再给核心表述：映射$f:X Y$要求每个$x X$恰有一个$f(x) Y$。
然后落地对象与条件：逐一写清输入/变量属于什么集合，公式在哪些前提下成立。
最小自检：给出一个满足定义的最小例和一个只破坏单一条件的非例。
误区与边界：不要只凭名称或图形相似作判断，应回到定义中的量词、作用域和条件。",UNREVIEWED_CURRENT_SOURCE,统计学习方法讲义_v2.6.0_全量索引库.xlsx
M04-KN-PRE-BM-003,KNOWLEDGE,知识点索引,4,PRE-BM-003,src/讲义源码/第01册_数学基础与统计学习基本理论/chapters/V1-C01.tex,219,19,中,符号密度较高；缺少最小例/非例；缺少一句话直觉桥,"先说它解决什么：“标量、向量与矩阵记号”说明线性对象的维数、方向或几何作用，核心是先核对对象所在空间。
再给核心表述：标量$a ℝ$是单个数；
然后落地对象与条件：逐一写清输入/变量属于什么集合，公式在哪些前提下成立。
最小自检：取二维向量或2×2矩阵逐项算一次，并在每个乘法前写出维数。
误区与边界：矩阵乘法通常不可交换；零向量、非满秩和非正定情形要单独检查。",UNREVIEWED_CURRENT_SOURCE,统计学习方法讲义_v2.6.0_全量索引库.xlsx
M04-KN-PRE-BM-006,KNOWLEDGE,知识点索引,5,PRE-BM-006,src/讲义源码/第01册_数学基础与统计学习基本理论/chapters/V1-C01.tex,222,19,中,符号密度较高；缺少最小例/非例；缺少一句话直觉桥,"先说它解决什么：“上标、下标与转置记号”应按输入、状态、初始化、一次更新、停止与输出六个角色来读。
再给核心表述：$x_i$表示第$i$个分量，$x^(r)$常表示第$r$个样本或第$r$次迭代，具体含义必须就地声明。
然后落地对象与条件：逐一写清输入/变量属于什么集合，公式在哪些前提下成立。
最小自检：用2—3个状态或样本手算一轮，把更新前后量并排列出。
误区与边界：预算耗尽、数值停止和数学收敛不是同一状态；候选失败时不能覆盖最后合法状态。",UNREVIEWED_CURRENT_SOURCE,统计学习方法讲义_v2.6.0_全量索引库.xlsx
M04-KN-PRE-BM-004,KNOWLEDGE,知识点索引,6,PRE-BM-004,src/讲义源码/第01册_数学基础与统计学习基本理论/chapters/V1-C01.tex,227,15,中,符号密度较高；缺少最小例/非例；缺少一句话直觉桥,"先说它解决什么：“求和、连乘与索引记号”说明线性对象的维数、方向或几何作用，核心是先核对对象所在空间。
再给核心表述：$ _i=1^na_i=a_1+ +a_n$，$ _i=1^na_i=a_1 a_n$。
然后落地对象与条件：逐一写清输入/变量属于什么集合，公式在哪些前提下成立。
最小自检：取二维向量或2×2矩阵逐项算一次，并在每个乘法前写出维数。
误区与边界：矩阵乘法通常不可交换；零向量、非满秩和非正定情形要单独检查。",UNREVIEWED_CURRENT_SOURCE,统计学习方法讲义_v2.6.0_全量索引库.xlsx
M04-KN-PRE-BM-005,KNOWLEDGE,知识点索引,7,PRE-BM-005,src/讲义源码/第01册_数学基础与统计学习基本理论/chapters/V1-C01.tex,235,15,中,符号密度较高；缺少最小例/非例；缺少一句话直觉桥,"先说它解决什么：先把“指示函数”理解为一个需要明确对象、条件与结论的基础概念。
再给核心表述：指示函数定义为$ \P\=1$当且仅当命题$P$成立，否则为$0$。
然后落地对象与条件：逐一写清输入/变量属于什么集合，公式在哪些前提下成立。
最小自检：给出一个满足定义的最小例和一个只破坏单一条件的非例。
误区与边界：不要只凭名称或图形相似作判断，应回到定义中的量词、作用域和条件。",UNREVIEWED_CURRENT_SOURCE,统计学习方法讲义_v2.6.0_全量索引库.xlsx
M04-KN-PRE-BM-007,KNOWLEDGE,知识点索引,8,PRE-BM-007,src/讲义源码/第01册_数学基础与统计学习基本理论/chapters/V1-C01.tex,240,19,高,符号密度较高；成立条件未显式前置；缺少最小例/非例；缺少一句话直觉桥,"先说它解决什么：“参数、变量、样本、特征与标签”应按输入、状态、初始化、一次更新、停止与输出六个角色来读。
再给核心表述：一个监督学习数据集可写为$ D=\(x^(i),y_i)\_i=1^n$。
然后落地对象与条件：逐一写清输入/变量属于什么集合，公式在哪些前提下成立。
最小自检：用2—3个状态或样本手算一轮，把更新前后量并排列出。
误区与边界：预算耗尽、数值停止和数学收敛不是同一状态；候选失败时不能覆盖最后合法状态。",UNREVIEWED_CURRENT_SOURCE,统计学习方法讲义_v2.6.0_全量索引库.xlsx
M04-KN-PRE-BM-008,KNOWLEDGE,知识点索引,9,PRE-BM-008,src/讲义源码/第01册_数学基础与统计学习基本理论/chapters/V1-C01.tex,245,20,中,符号密度较高；缺少最小例/非例；缺少一句话直觉桥,"先说它解决什么：先把“命题、量词与常用数学逻辑”理解为一个需要明确对象、条件与结论的基础概念。
再给核心表述：命题是可判断真假的陈述。
然后落地对象与条件：逐一写清输入/变量属于什么集合，公式在哪些前提下成立。
最小自检：给出一个满足定义的最小例和一个只破坏单一条件的非例。
误区与边界：不要只凭名称或图形相似作判断，应回到定义中的量词、作用域和条件。",UNREVIEWED_CURRENT_SOURCE,统计学习方法讲义_v2.6.0_全量索引库.xlsx
M04-KN-PRE-LA-001,KNOWLEDGE,知识点索引,10,PRE-LA-001,src/讲义源码/第01册_数学基础与统计学习基本理论/chapters/V1-C02.tex,310,33,高,核心表述偏短；符号密度较高；成立条件未显式前置；缺少最小例/非例；缺少一句话直觉桥,"先说它解决什么：“向量及其分量”说明线性对象的维数、方向或几何作用，核心是先核对对象所在空间。
再给核心表述：向量$x=(x_1, ,x_n)^ T$属于$ℝ^n$，加法和标量乘法逐分量进行。
然后落地对象与条件：逐一写清输入/变量属于什么集合，公式在哪些前提下成立。
最小自检：取二维向量或2×2矩阵逐项算一次，并在每个乘法前写出维数。
误区与边界：矩阵乘法通常不可交换；零向量、非满秩和非正定情形要单独检查。",UNREVIEWED_CURRENT_SOURCE,统计学习方法讲义_v2.6.0_全量索引库.xlsx
M04-KN-PRE-LA-002,KNOWLEDGE,知识点索引,11,PRE-LA-002,src/讲义源码/第01册_数学基础与统计学习基本理论/chapters/V1-C02.tex,312,33,高,核心表述偏短；符号密度较高；成立条件未显式前置；缺少最小例/非例；缺少一句话直觉桥,"先说它解决什么：“矩阵及其分量”说明线性对象的维数、方向或几何作用，核心是先核对对象所在空间。
再给核心表述：矩阵$A=(A_ij) ℝ^m n$有$m$个行向量和$n$个列向量；
然后落地对象与条件：逐一写清输入/变量属于什么集合，公式在哪些前提下成立。
最小自检：取二维向量或2×2矩阵逐项算一次，并在每个乘法前写出维数。
误区与边界：矩阵乘法通常不可交换；零向量、非满秩和非正定情形要单独检查。",UNREVIEWED_CURRENT_SOURCE,统计学习方法讲义_v2.6.0_全量索引库.xlsx
M04-KN-PRE-LA-003,KNOWLEDGE,知识点索引,12,PRE-LA-003,src/讲义源码/第01册_数学基础与统计学习基本理论/chapters/V1-C02.tex,314,33,高,核心表述偏短；符号密度较高；缺少最小例/非例；缺少一句话直觉桥,"先说它解决什么：“矩阵乘法的分量形式”说明线性对象的维数、方向或几何作用，核心是先核对对象所在空间。
再给核心表述：若$A ℝ^m n$、$B ℝ^n p$，则$AB ℝ^m p$且$(AB)_ij= _k=1^nA_ikB_kj$。
然后落地对象与条件：逐一写清输入/变量属于什么集合，公式在哪些前提下成立。
最小自检：取二维向量或2×2矩阵逐项算一次，并在每个乘法前写出维数。
误区与边界：矩阵乘法通常不可交换；零向量、非满秩和非正定情形要单独检查。",UNREVIEWED_CURRENT_SOURCE,统计学习方法讲义_v2.6.0_全量索引库.xlsx
M04-KN-PRE-LA-015,KNOWLEDGE,知识点索引,13,PRE-LA-015,src/讲义源码/第01册_数学基础与统计学习基本理论/chapters/V1-C02.tex,316,33,中,符号密度较高；缺少最小例/非例；缺少一句话直觉桥,"先说它解决什么：“行列式”说明线性对象的维数、方向或几何作用，核心是先核对对象所在空间。
再给核心表述：方阵$A$的行列式$ (A)$是有符号体积缩放因子；
然后落地对象与条件：逐一写清输入/变量属于什么集合，公式在哪些前提下成立。
最小自检：取二维向量或2×2矩阵逐项算一次，并在每个乘法前写出维数。
误区与边界：矩阵乘法通常不可交换；零向量、非满秩和非正定情形要单独检查。",UNREVIEWED_CURRENT_SOURCE,统计学习方法讲义_v2.6.0_全量索引库.xlsx
M04-KN-PRE-LA-004,KNOWLEDGE,知识点索引,14,PRE-LA-004,src/讲义源码/第01册_数学基础与统计学习基本理论/chapters/V1-C02.tex,326,33,中,符号密度较高；缺少最小例/非例；缺少一句话直觉桥,"先说它解决什么：“向量内积”说明线性对象的维数、方向或几何作用，核心是先核对对象所在空间。
再给核心表述：$ x,y= _i x_i y_i$是标量，满足对称性、双线性和正定性 $ x,x 0, x,x=0 x= 0. $ 最后一个“当且仅当”把内积与仅半正定的双线性型区分开；
然后落地对象与条件：逐一写清输入/变量属于什么集合，公式在哪些前提下成立。
最小自检：取二维向量或2×2矩阵逐项算一次，并在每个乘法前写出维数。
误区与边界：矩阵乘法通常不可交换；零向量、非满秩和非正定情形要单独检查。",UNREVIEWED_CURRENT_SOURCE,统计学习方法讲义_v2.6.0_全量索引库.xlsx
M04-KN-PRE-LA-005,KNOWLEDGE,知识点索引,15,PRE-LA-005,src/讲义源码/第01册_数学基础与统计学习基本理论/chapters/V1-C02.tex,335,33,高,核心表述偏短；符号密度较高；成立条件未显式前置；缺少最小例/非例；缺少一句话直觉桥,"先说它解决什么：“向量范数”说明线性对象的维数、方向或几何作用，核心是先核对对象所在空间。
再给核心表述：范数满足非负性、齐次性和三角不等式；
然后落地对象与条件：逐一写清输入/变量属于什么集合，公式在哪些前提下成立。
最小自检：取二维向量或2×2矩阵逐项算一次，并在每个乘法前写出维数。
误区与边界：矩阵乘法通常不可交换；零向量、非满秩和非正定情形要单独检查。",UNREVIEWED_CURRENT_SOURCE,统计学习方法讲义_v2.6.0_全量索引库.xlsx
M04-KN-PRE-LA-006,KNOWLEDGE,知识点索引,16,PRE-LA-006,src/讲义源码/第01册_数学基础与统计学习基本理论/chapters/V1-C02.tex,337,34,中,符号密度较高；缺少最小例/非例；缺少一句话直觉桥,"先说它解决什么：“距离与度量”说明线性对象的维数、方向或几何作用，核心是先核对对象所在空间。
再给核心表述：由范数诱导的距离$d(x,y)= x-y$满足非负、同一性、对称和三角不等式。
然后落地对象与条件：逐一写清输入/变量属于什么集合，公式在哪些前提下成立。
最小自检：取二维向量或2×2矩阵逐项算一次，并在每个乘法前写出维数。
误区与边界：矩阵乘法通常不可交换；零向量、非满秩和非正定情形要单独检查。",UNREVIEWED_CURRENT_SOURCE,统计学习方法讲义_v2.6.0_全量索引库.xlsx
M04-KN-PRE-LA-007,KNOWLEDGE,知识点索引,17,PRE-LA-007,src/讲义源码/第01册_数学基础与统计学习基本理论/chapters/V1-C02.tex,344,33,中,符号密度较高；缺少最小例/非例；缺少一句话直觉桥,"先说它解决什么：“向量夹角”说明线性对象的维数、方向或几何作用，核心是先核对对象所在空间。
再给核心表述：非零向量夹角$ $由$ =x^ Ty/( x_2 y_2)$定义。
然后落地对象与条件：逐一写清输入/变量属于什么集合，公式在哪些前提下成立。
最小自检：取二维向量或2×2矩阵逐项算一次，并在每个乘法前写出维数。
误区与边界：矩阵乘法通常不可交换；零向量、非满秩和非正定情形要单独检查。",UNREVIEWED_CURRENT_SOURCE,统计学习方法讲义_v2.6.0_全量索引库.xlsx
M04-KN-PRE-LA-008,KNOWLEDGE,知识点索引,18,PRE-LA-008,src/讲义源码/第01册_数学基础与统计学习基本理论/chapters/V1-C02.tex,362,34,高,核心表述偏短；符号密度较高；缺少最小例/非例；缺少一句话直觉桥,"先说它解决什么：“线性组合与张成”说明线性对象的维数、方向或几何作用，核心是先核对对象所在空间。
再给核心表述：$a_1v_1+ +a_kv_k$是向量组的线性组合，所有线性组合构成其张成空间。
然后落地对象与条件：逐一写清输入/变量属于什么集合，公式在哪些前提下成立。
最小自检：取二维向量或2×2矩阵逐项算一次，并在每个乘法前写出维数。
误区与边界：矩阵乘法通常不可交换；零向量、非满秩和非正定情形要单独检查。",UNREVIEWED_CURRENT_SOURCE,统计学习方法讲义_v2.6.0_全量索引库.xlsx
M04-KN-PRE-LA-009,KNOWLEDGE,知识点索引,19,PRE-LA-009,src/讲义源码/第01册_数学基础与统计学习基本理论/chapters/V1-C02.tex,364,34,高,核心表述偏短；符号密度较高；缺少最小例/非例；缺少一句话直觉桥,"先说它解决什么：“线性相关与线性无关”说明线性对象的维数、方向或几何作用，核心是先核对对象所在空间。
再给核心表述：若$ _i a_iv_i=0$只有全零系数解，则向量组线性无关；
然后落地对象与条件：逐一写清输入/变量属于什么集合，公式在哪些前提下成立。
最小自检：取二维向量或2×2矩阵逐项算一次，并在每个乘法前写出维数。
误区与边界：矩阵乘法通常不可交换；零向量、非满秩和非正定情形要单独检查。",UNREVIEWED_CURRENT_SOURCE,统计学习方法讲义_v2.6.0_全量索引库.xlsx
M04-KN-PRE-LA-010,KNOWLEDGE,知识点索引,20,PRE-LA-010,src/讲义源码/第01册_数学基础与统计学习基本理论/chapters/V1-C02.tex,366,34,中,符号密度较高；缺少最小例/非例；缺少一句话直觉桥,"先说它解决什么：“基、坐标与维数”说明线性对象的维数、方向或几何作用，核心是先核对对象所在空间。
再给核心表述：子空间的一组基既线性无关又张成该空间；
然后落地对象与条件：逐一写清输入/变量属于什么集合，公式在哪些前提下成立。
最小自检：取二维向量或2×2矩阵逐项算一次，并在每个乘法前写出维数。
误区与边界：矩阵乘法通常不可交换；零向量、非满秩和非正定情形要单独检查。",UNREVIEWED_CURRENT_SOURCE,统计学习方法讲义_v2.6.0_全量索引库.xlsx
M04-KN-PRE-LA-011,KNOWLEDGE,知识点索引,21,PRE-LA-011,src/讲义源码/第01册_数学基础与统计学习基本理论/chapters/V1-C02.tex,380,35,中,核心表述偏短；缺少最小例/非例,"先说它解决什么：“矩阵的秩”说明线性对象的维数、方向或几何作用，核心是先核对对象所在空间。
再给核心表述：矩阵的秩$r$是列空间维数，也等于行空间维数。
然后落地对象与条件：逐一写清输入/变量属于什么集合，公式在哪些前提下成立。
最小自检：取二维向量或2×2矩阵逐项算一次，并在每个乘法前写出维数。
误区与边界：矩阵乘法通常不可交换；零向量、非满秩和非正定情形要单独检查。",UNREVIEWED_CURRENT_SOURCE,统计学习方法讲义_v2.6.0_全量索引库.xlsx
M04-KN-PRE-LA-012,KNOWLEDGE,知识点索引,22,PRE-LA-012,src/讲义源码/第01册_数学基础与统计学习基本理论/chapters/V1-C02.tex,382,35,高,核心表述偏短；符号密度较高；缺少最小例/非例；缺少一句话直觉桥,"先说它解决什么：“线性方程组与解空间”说明线性对象的维数、方向或几何作用，核心是先核对对象所在空间。
再给核心表述：$Ax=b$有解当且仅当$b R(A)$；
然后落地对象与条件：逐一写清输入/变量属于什么集合，公式在哪些前提下成立。
最小自检：取二维向量或2×2矩阵逐项算一次，并在每个乘法前写出维数。
误区与边界：矩阵乘法通常不可交换；零向量、非满秩和非正定情形要单独检查。",UNREVIEWED_CURRENT_SOURCE,统计学习方法讲义_v2.6.0_全量索引库.xlsx
M04-KN-PRE-LA-024,KNOWLEDGE,知识点索引,23,PRE-LA-024,src/讲义源码/第01册_数学基础与统计学习基本理论/chapters/V1-C02.tex,384,35,中,符号密度较高；缺少最小例/非例；缺少一句话直觉桥,"先说它解决什么：“超平面及其法向量表示”说明线性对象的维数、方向或几何作用，核心是先核对对象所在空间。
再给核心表述：非零$w ℝ^n$与$b ℝ$定义超平面$H=\x:w^ Tx+b=0\$，$w$是法向量。
然后落地对象与条件：逐一写清输入/变量属于什么集合，公式在哪些前提下成立。
最小自检：取二维向量或2×2矩阵逐项算一次，并在每个乘法前写出维数。
误区与边界：矩阵乘法通常不可交换；零向量、非满秩和非正定情形要单独检查。",UNREVIEWED_CURRENT_SOURCE,统计学习方法讲义_v2.6.0_全量索引库.xlsx
M04-KN-PRE-LA-013,KNOWLEDGE,知识点索引,24,PRE-LA-013,src/讲义源码/第01册_数学基础与统计学习基本理论/chapters/V1-C02.tex,396,35,中,符号密度较高；缺少一句话直觉桥；单段过长，需分层,"先说它解决什么：“正交与标准正交组”说明线性对象的维数、方向或几何作用，核心是先核对对象所在空间。
再给核心表述：向量内积为零称为正交；
然后落地对象与条件：逐一写清输入/变量属于什么集合，公式在哪些前提下成立。
最小自检：取二维向量或2×2矩阵逐项算一次，并在每个乘法前写出维数。
误区与边界：矩阵乘法通常不可交换；零向量、非满秩和非正定情形要单独检查。",UNREVIEWED_CURRENT_SOURCE,统计学习方法讲义_v2.6.0_全量索引库.xlsx
M04-KN-SLM-D-00-001,KNOWLEDGE,知识点索引,25,SLM-D-00-001,src/讲义源码/第01册_数学基础与统计学习基本理论/chapters/V1-C02.tex,424,36,中,核心表述偏短；缺少最小例/非例；缺少一句话直觉桥,"先说它解决什么：“矩阵的基本子空间”说明线性对象的维数、方向或几何作用，核心是先核对对象所在空间。
再给核心表述：矩阵结构由行空间、列空间、零空间与左零空间共同描述。
然后落地对象与条件：逐一写清输入/变量属于什么集合，公式在哪些前提下成立。
最小自检：取二维向量或2×2矩阵逐项算一次，并在每个乘法前写出维数。
误区与边界：矩阵乘法通常不可交换；零向量、非满秩和非正定情形要单独检查。",UNREVIEWED_CURRENT_SOURCE,统计学习方法讲义_v2.6.0_全量索引库.xlsx
M04-KN-SLM-D-01-001,KNOWLEDGE,知识点索引,26,SLM-D-01-001,src/讲义源码/第01册_数学基础与统计学习基本理论/chapters/V1-C02.tex,426,36,高,核心表述偏短；符号密度较高；缺少最小例/非例；缺少一句话直觉桥,"先说它解决什么：“向量空间的子空间”说明线性对象的维数、方向或几何作用，核心是先核对对象所在空间。
再给核心表述：非空集合$S V$若对向量加法和实数乘法封闭，则为$V$的子空间；
然后落地对象与条件：逐一写清输入/变量属于什么集合，公式在哪些前提下成立。
最小自检：取二维向量或2×2矩阵逐项算一次，并在每个乘法前写出维数。
误区与边界：矩阵乘法通常不可交换；零向量、非满秩和非正定情形要单独检查。",UNREVIEWED_CURRENT_SOURCE,统计学习方法讲义_v2.6.0_全量索引库.xlsx
M04-KN-SLM-D-02-001,KNOWLEDGE,知识点索引,27,SLM-D-02-001,src/讲义源码/第01册_数学基础与统计学习基本理论/chapters/V1-C02.tex,428,36,中,核心表述偏短；缺少最小例/非例；缺少一句话直觉桥,"先说它解决什么：“向量空间的基和维数”说明线性对象的维数、方向或几何作用，核心是先核对对象所在空间。
再给核心表述：基是线性无关的生成组，基中向量数定义空间维数。
然后落地对象与条件：逐一写清输入/变量属于什么集合，公式在哪些前提下成立。
最小自检：取二维向量或2×2矩阵逐项算一次，并在每个乘法前写出维数。
误区与边界：矩阵乘法通常不可交换；零向量、非满秩和非正定情形要单独检查。",UNREVIEWED_CURRENT_SOURCE,统计学习方法讲义_v2.6.0_全量索引库.xlsx
M04-KN-SLM-D-03-001,KNOWLEDGE,知识点索引,28,SLM-D-03-001,src/讲义源码/第01册_数学基础与统计学习基本理论/chapters/V1-C02.tex,430,36,高,核心表述偏短；符号密度较高；缺少最小例/非例；缺少一句话直觉桥,"先说它解决什么：“矩阵的行空间和列空间”说明线性对象的维数、方向或几何作用，核心是先核对对象所在空间。
再给核心表述：$R(A^ T)$由$A$的行向量张成，$R(A)$由$A$的列向量张成，二者维数同为$ (A)$。
然后落地对象与条件：逐一写清输入/变量属于什么集合，公式在哪些前提下成立。
最小自检：取二维向量或2×2矩阵逐项算一次，并在每个乘法前写出维数。
误区与边界：矩阵乘法通常不可交换；零向量、非满秩和非正定情形要单独检查。",UNREVIEWED_CURRENT_SOURCE,统计学习方法讲义_v2.6.0_全量索引库.xlsx
M04-KN-SLM-D-04-001,KNOWLEDGE,知识点索引,29,SLM-D-04-001,src/讲义源码/第01册_数学基础与统计学习基本理论/chapters/V1-C02.tex,432,36,高,核心表述偏短；符号密度较高；成立条件未显式前置；缺少最小例/非例；缺少一句话直觉桥,"先说它解决什么：“矩阵的零空间”说明线性对象的维数、方向或几何作用，核心是先核对对象所在空间。
再给核心表述：$ N(A)=\x ℝ^n:Ax= 0\ $ 是$ℝ^n$的子空间，其维数称零度。
然后落地对象与条件：逐一写清输入/变量属于什么集合，公式在哪些前提下成立。
最小自检：取二维向量或2×2矩阵逐项算一次，并在每个乘法前写出维数。
误区与边界：矩阵乘法通常不可交换；零向量、非满秩和非正定情形要单独检查。",UNREVIEWED_CURRENT_SOURCE,统计学习方法讲义_v2.6.0_全量索引库.xlsx
M04-KN-SLM-D-00-002,KNOWLEDGE,知识点索引,30,SLM-D-00-002,src/讲义源码/第01册_数学基础与统计学习基本理论/chapters/V1-C02.tex,437,36,中,符号密度较高；缺少一句话直觉桥,"先说它解决什么：“秩--零度定理”说明线性对象的维数、方向或几何作用，核心是先核对对象所在空间。
再给核心表述：对$A ℝ^m n$，$ (A)+ N(A)=n$；
然后落地对象与条件：逐一写清输入/变量属于什么集合，公式在哪些前提下成立。
最小自检：取二维向量或2×2矩阵逐项算一次，并在每个乘法前写出维数。
误区与边界：矩阵乘法通常不可交换；零向量、非满秩和非正定情形要单独检查。",UNREVIEWED_CURRENT_SOURCE,统计学习方法讲义_v2.6.0_全量索引库.xlsx
M04-KN-SLM-D-05-001,KNOWLEDGE,知识点索引,31,SLM-D-05-001,src/讲义源码/第01册_数学基础与统计学习基本理论/chapters/V1-C02.tex,444,36,中,符号密度较高；缺少一句话直觉桥,"先说它解决什么：“子空间的正交补”说明线性对象的维数、方向或几何作用，核心是先核对对象所在空间。
再给核心表述：$S^ =\x:x^ Ts=0,\ S\$也是子空间。
然后落地对象与条件：逐一写清输入/变量属于什么集合，公式在哪些前提下成立。
最小自检：取二维向量或2×2矩阵逐项算一次，并在每个乘法前写出维数。
误区与边界：矩阵乘法通常不可交换；零向量、非满秩和非正定情形要单独检查。",UNREVIEWED_CURRENT_SOURCE,统计学习方法讲义_v2.6.0_全量索引库.xlsx
M04-KN-SLM-D-06-001,KNOWLEDGE,知识点索引,32,SLM-D-06-001,src/讲义源码/第01册_数学基础与统计学习基本理论/chapters/V1-C02.tex,451,37,中,符号密度较高；缺少最小例/非例；缺少一句话直觉桥,"先说它解决什么：“矩阵的基本子空间”说明线性对象的维数、方向或几何作用，核心是先核对对象所在空间。
再给核心表述：四个空间成两对正交补：定义域中是行空间与零空间，输出空间中是列空间与左零空间。
然后落地对象与条件：逐一写清输入/变量属于什么集合，公式在哪些前提下成立。
最小自检：取二维向量或2×2矩阵逐项算一次，并在每个乘法前写出维数。
误区与边界：矩阵乘法通常不可交换；零向量、非满秩和非正定情形要单独检查。",UNREVIEWED_CURRENT_SOURCE,统计学习方法讲义_v2.6.0_全量索引库.xlsx
M04-KN-SLM-D-01-002,KNOWLEDGE,知识点索引,33,SLM-D-01-002,src/讲义源码/第01册_数学基础与统计学习基本理论/chapters/V1-C02.tex,458,37,中,符号密度较高；缺少最小例/非例；缺少一句话直觉桥,"先说它解决什么：“定理D.1”说明线性对象的维数、方向或几何作用，核心是先核对对象所在空间。
再给核心表述：具体关系为 $ N(A)=R(A^ T)^ , N(A^ T)=R(A)^ . $ 证明第一式时，$x$与$A$每一行正交等价于$Ax=0$；
然后落地对象与条件：逐一写清输入/变量属于什么集合，公式在哪些前提下成立。
最小自检：取二维向量或2×2矩阵逐项算一次，并在每个乘法前写出维数。
误区与边界：矩阵乘法通常不可交换；零向量、非满秩和非正定情形要单独检查。",UNREVIEWED_CURRENT_SOURCE,统计学习方法讲义_v2.6.0_全量索引库.xlsx
M04-KN-PRE-LA-014,KNOWLEDGE,知识点索引,34,PRE-LA-014,src/讲义源码/第01册_数学基础与统计学习基本理论/chapters/V1-C02.tex,475,37,高,核心表述偏短；符号密度较高；缺少最小例/非例；缺少一句话直觉桥,"先说它解决什么：“正交投影”说明线性对象的维数、方向或几何作用，核心是先核对对象所在空间。
再给核心表述：若$Q$的列标准正交，则到$R(Q)$的投影矩阵为$P=QQ^ T$，满足$P^ T=P$和$P^2=P$。
然后落地对象与条件：逐一写清输入/变量属于什么集合，公式在哪些前提下成立。
最小自检：取二维向量或2×2矩阵逐项算一次，并在每个乘法前写出维数。
误区与边界：矩阵乘法通常不可交换；零向量、非满秩和非正定情形要单独检查。",UNREVIEWED_CURRENT_SOURCE,统计学习方法讲义_v2.6.0_全量索引库.xlsx
M04-KN-PRE-LA-025,KNOWLEDGE,知识点索引,35,PRE-LA-025,src/讲义源码/第01册_数学基础与统计学习基本理论/chapters/V1-C02.tex,477,37,中,符号密度较高；缺少最小例/非例；缺少一句话直觉桥,"先说它解决什么：“点到超平面的距离”说明线性对象的维数、方向或几何作用，核心是先核对对象所在空间。
再给核心表述：点$x_0$到$w^ Tx+b=0$的距离为$|w^ Tx_0+b|/ w_2$，前提是$w 0$。
然后落地对象与条件：逐一写清输入/变量属于什么集合，公式在哪些前提下成立。
最小自检：取二维向量或2×2矩阵逐项算一次，并在每个乘法前写出维数。
误区与边界：矩阵乘法通常不可交换；零向量、非满秩和非正定情形要单独检查。",UNREVIEWED_CURRENT_SOURCE,统计学习方法讲义_v2.6.0_全量索引库.xlsx
M04-KN-PRE-LA-016,KNOWLEDGE,知识点索引,36,PRE-LA-016,src/讲义源码/第01册_数学基础与统计学习基本理论/chapters/V1-C02.tex,503,37,高,核心表述偏短；符号密度较高；缺少最小例/非例；缺少一句话直觉桥,"先说它解决什么：“特征值与特征向量”说明线性对象的维数、方向或几何作用，核心是先核对对象所在空间。
再给核心表述：若$Aq= $且$q 0$，则$ $是特征值、$q$是特征向量。
然后落地对象与条件：逐一写清输入/变量属于什么集合，公式在哪些前提下成立。
最小自检：取二维向量或2×2矩阵逐项算一次，并在每个乘法前写出维数。
误区与边界：矩阵乘法通常不可交换；零向量、非满秩和非正定情形要单独检查。",UNREVIEWED_CURRENT_SOURCE,统计学习方法讲义_v2.6.0_全量索引库.xlsx
M04-KN-PRE-LA-017,KNOWLEDGE,知识点索引,37,PRE-LA-017,src/讲义源码/第01册_数学基础与统计学习基本理论/chapters/V1-C02.tex,505,38,中,核心表述偏短；缺少最小例/非例；缺少一句话直觉桥,"先说它解决什么：“对称矩阵”说明线性对象的维数、方向或几何作用，核心是先核对对象所在空间。
再给核心表述：实矩阵满足$A=A^ T$称对称矩阵；
然后落地对象与条件：逐一写清输入/变量属于什么集合，公式在哪些前提下成立。
最小自检：取二维向量或2×2矩阵逐项算一次，并在每个乘法前写出维数。
误区与边界：矩阵乘法通常不可交换；零向量、非满秩和非正定情形要单独检查。",UNREVIEWED_CURRENT_SOURCE,统计学习方法讲义_v2.6.0_全量索引库.xlsx
M04-KN-PRE-LA-018,KNOWLEDGE,知识点索引,38,PRE-LA-018,src/讲义源码/第01册_数学基础与统计学习基本理论/chapters/V1-C02.tex,507,38,高,核心表述偏短；符号密度较高；缺少最小例/非例；缺少一句话直觉桥,"先说它解决什么：“正定矩阵与半正定矩阵”说明线性对象的维数、方向或几何作用，核心是先核对对象所在空间。
再给核心表述：对称矩阵$A$若对所有非零$x$有$x^ TAx>0$则正定；
然后落地对象与条件：逐一写清输入/变量属于什么集合，公式在哪些前提下成立。
最小自检：取二维向量或2×2矩阵逐项算一次，并在每个乘法前写出维数。
误区与边界：矩阵乘法通常不可交换；零向量、非满秩和非正定情形要单独检查。",UNREVIEWED_CURRENT_SOURCE,统计学习方法讲义_v2.6.0_全量索引库.xlsx
M04-KN-PRE-LA-019,KNOWLEDGE,知识点索引,39,PRE-LA-019,src/讲义源码/第01册_数学基础与统计学习基本理论/chapters/V1-C02.tex,509,38,高,核心表述偏短；符号密度较高；成立条件未显式前置；缺少最小例/非例；缺少一句话直觉桥,"先说它解决什么：先把“二次型”理解为一个需要明确对象、条件与结论的基础概念。
再给核心表述：$q(x)=x^ TAx$是二次型，只有$A$的对称部分$(A+A^ T)/2$影响其值。
然后落地对象与条件：逐一写清输入/变量属于什么集合，公式在哪些前提下成立。
最小自检：给出一个满足定义的最小例和一个只破坏单一条件的非例。
误区与边界：不要只凭名称或图形相似作判断，应回到定义中的量词、作用域和条件。",UNREVIEWED_CURRENT_SOURCE,统计学习方法讲义_v2.6.0_全量索引库.xlsx
M04-KN-PRE-LA-020,KNOWLEDGE,知识点索引,40,PRE-LA-020,src/讲义源码/第01册_数学基础与统计学习基本理论/chapters/V1-C02.tex,511,35,中,符号密度较高；缺少最小例/非例；缺少一句话直觉桥,"先说它解决什么：“矩阵的迹”应按输入、状态、初始化、一次更新、停止与输出六个角色来读。
再给核心表述：$ (A)= _iA_ii$；
然后落地对象与条件：逐一写清输入/变量属于什么集合，公式在哪些前提下成立。
最小自检：用2—3个状态或样本手算一轮，把更新前后量并排列出。
误区与边界：预算耗尽、数值停止和数学收敛不是同一状态；候选失败时不能覆盖最后合法状态。",UNREVIEWED_CURRENT_SOURCE,统计学习方法讲义_v2.6.0_全量索引库.xlsx
M04-KN-PRE-LA-021,KNOWLEDGE,知识点索引,41,PRE-LA-021,src/讲义源码/第01册_数学基础与统计学习基本理论/chapters/V1-C02.tex,525,38,高,核心表述偏短；符号密度较高；缺少最小例/非例；缺少一句话直觉桥,"先说它解决什么：“对称矩阵的谱分解”说明线性对象的维数、方向或几何作用，核心是先核对对象所在空间。
再给核心表述：实对称矩阵可写为$A=Q Q^ T$，其中$Q$正交，$ $为实对角矩阵；
然后落地对象与条件：逐一写清输入/变量属于什么集合，公式在哪些前提下成立。
最小自检：取二维向量或2×2矩阵逐项算一次，并在每个乘法前写出维数。
误区与边界：矩阵乘法通常不可交换；零向量、非满秩和非正定情形要单独检查。",UNREVIEWED_CURRENT_SOURCE,统计学习方法讲义_v2.6.0_全量索引库.xlsx
M04-KN-PRE-LA-022,KNOWLEDGE,知识点索引,42,PRE-LA-022,src/讲义源码/第01册_数学基础与统计学习基本理论/chapters/V1-C02.tex,527,39,高,核心表述偏短；符号密度较高；缺少最小例/非例；缺少一句话直觉桥,"先说它解决什么：“奇异值与奇异值分解的预备知识”说明线性对象的维数、方向或几何作用，核心是先核对对象所在空间。
再给核心表述：任意$A ℝ^m n$的$A^ TA$半正定，其非负特征值平方根称奇异值。
然后落地对象与条件：逐一写清输入/变量属于什么集合，公式在哪些前提下成立。
最小自检：取二维向量或2×2矩阵逐项算一次，并在每个乘法前写出维数。
误区与边界：矩阵乘法通常不可交换；零向量、非满秩和非正定情形要单独检查。",UNREVIEWED_CURRENT_SOURCE,统计学习方法讲义_v2.6.0_全量索引库.xlsx
M04-KN-PRE-LA-023,KNOWLEDGE,知识点索引,43,PRE-LA-023,src/讲义源码/第01册_数学基础与统计学习基本理论/chapters/V1-C02.tex,529,35,高,核心表述偏短；符号密度较高；缺少最小例/非例；缺少一句话直觉桥,"先说它解决什么：“幂法与最大模特征方向”应按输入、状态、初始化、一次更新、停止与输出六个角色来读。
再给核心表述：幂法利用$A^tq_0= _i c_i _i^tq_i$中最大模特征值的幂次占优，通过每轮归一化避免数值尺度失控。
然后落地对象与条件：逐一写清输入/变量属于什么集合，公式在哪些前提下成立。
最小自检：用2—3个状态或样本手算一轮，把更新前后量并排列出。
误区与边界：预算耗尽、数值停止和数学收敛不是同一状态；候选失败时不能覆盖最后合法状态。",UNREVIEWED_CURRENT_SOURCE,统计学习方法讲义_v2.6.0_全量索引库.xlsx
M04-KN-PRE-CA-001,KNOWLEDGE,知识点索引,44,PRE-CA-001,src/讲义源码/第01册_数学基础与统计学习基本理论/chapters/V1-C03.tex,302,53,高,核心表述偏短；符号密度较高；缺少最小例/非例；缺少一句话直觉桥,"先说它解决什么：“多元函数”说明线性对象的维数、方向或几何作用，核心是先核对对象所在空间。
再给核心表述：多元标量函数$f:ℝ^d ℝ$把一个$d$维输入映射为标量。
然后落地对象与条件：逐一写清输入/变量属于什么集合，公式在哪些前提下成立。
最小自检：取二维向量或2×2矩阵逐项算一次，并在每个乘法前写出维数。
误区与边界：矩阵乘法通常不可交换；零向量、非满秩和非正定情形要单独检查。",UNREVIEWED_CURRENT_SOURCE,统计学习方法讲义_v2.6.0_全量索引库.xlsx
M04-KN-PRE-CA-002,KNOWLEDGE,知识点索引,45,PRE-CA-002,src/讲义源码/第01册_数学基础与统计学习基本理论/chapters/V1-C03.tex,304,53,中,符号密度较高；缺少最小例/非例；缺少一句话直觉桥,"先说它解决什么：“偏导数”回答怎样从目标、可行域和导数条件判断候选解或构造更新。
再给核心表述：第$j$个偏导固定其余分量，只让$x_j$变化： $ f x_j(x)= _t 0 f(x+t e_j)-f(x)t, $ 前提是极限存在且附近点留在定义域内。
然后落地对象与条件：逐一写清输入/变量属于什么集合，公式在哪些前提下成立。
最小自检：取一元二次函数，写出目标、定义域/约束、一阶条件和二阶检查。
误区与边界：梯度为0通常只是必要条件；有约束时还要检查可行性、乘子符号和互补松弛。",UNREVIEWED_CURRENT_SOURCE,统计学习方法讲义_v2.6.0_全量索引库.xlsx
M04-KN-PRE-CA-003,KNOWLEDGE,知识点索引,46,PRE-CA-003,src/讲义源码/第01册_数学基础与统计学习基本理论/chapters/V1-C03.tex,323,54,高,核心表述偏短；符号密度较高；成立条件未显式前置；缺少最小例/非例；缺少一句话直觉桥,"先说它解决什么：“梯度”说明线性对象的维数、方向或几何作用，核心是先核对对象所在空间。
再给核心表述：$ f=( f/ x_1, , f/ x_d)^ T$是列向量，其分量与输入坐标一一对应。
然后落地对象与条件：逐一写清输入/变量属于什么集合，公式在哪些前提下成立。
最小自检：取二维向量或2×2矩阵逐项算一次，并在每个乘法前写出维数。
误区与边界：矩阵乘法通常不可交换；零向量、非满秩和非正定情形要单独检查。",UNREVIEWED_CURRENT_SOURCE,统计学习方法讲义_v2.6.0_全量索引库.xlsx
M04-KN-PRE-CA-004,KNOWLEDGE,知识点索引,47,PRE-CA-004,src/讲义源码/第01册_数学基础与统计学习基本理论/chapters/V1-C03.tex,325,54,中,符号密度较高；缺少最小例/非例；缺少一句话直觉桥,"先说它解决什么：“方向导数”说明线性对象的维数、方向或几何作用，核心是先核对对象所在空间。
再给核心表述：单位方向$ u$上的方向导数是沿直线$x+t u$的一元导数；
然后落地对象与条件：逐一写清输入/变量属于什么集合，公式在哪些前提下成立。
最小自检：取二维向量或2×2矩阵逐项算一次，并在每个乘法前写出维数。
误区与边界：矩阵乘法通常不可交换；零向量、非满秩和非正定情形要单独检查。",UNREVIEWED_CURRENT_SOURCE,统计学习方法讲义_v2.6.0_全量索引库.xlsx
M04-KN-PRE-CA-005,KNOWLEDGE,知识点索引,48,PRE-CA-005,src/讲义源码/第01册_数学基础与统计学习基本理论/chapters/V1-C03.tex,339,54,高,核心表述偏短；符号密度较高；成立条件未显式前置；缺少最小例/非例；缺少一句话直觉桥,"先说它解决什么：“Hessian矩阵”说明线性对象的维数、方向或几何作用，核心是先核对对象所在空间。
再给核心表述：二次连续可微函数的Hessian为$[H_f]_ij= ^2f/( x_i x_j)$，此时混合偏导相等，矩阵对称。
然后落地对象与条件：逐一写清输入/变量属于什么集合，公式在哪些前提下成立。
最小自检：取二维向量或2×2矩阵逐项算一次，并在每个乘法前写出维数。
误区与边界：矩阵乘法通常不可交换；零向量、非满秩和非正定情形要单独检查。",UNREVIEWED_CURRENT_SOURCE,统计学习方法讲义_v2.6.0_全量索引库.xlsx
M04-KN-PRE-CA-008,KNOWLEDGE,知识点索引,49,PRE-CA-008,src/讲义源码/第01册_数学基础与统计学习基本理论/chapters/V1-C03.tex,341,54,中,符号密度较高；缺少一句话直觉桥；单段过长，需分层,"先说它解决什么：“多元函数极值的必要条件”说明线性对象的维数、方向或几何作用，核心是先核对对象所在空间。
再给核心表述：若可微函数在开集内部点取得局部极值，则梯度为零；
然后落地对象与条件：逐一写清输入/变量属于什么集合，公式在哪些前提下成立。
最小自检：取二维向量或2×2矩阵逐项算一次，并在每个乘法前写出维数。
误区与边界：矩阵乘法通常不可交换；零向量、非满秩和非正定情形要单独检查。",UNREVIEWED_CURRENT_SOURCE,统计学习方法讲义_v2.6.0_全量索引库.xlsx
M04-KN-PRE-CA-006,KNOWLEDGE,知识点索引,50,PRE-CA-006,src/讲义源码/第01册_数学基础与统计学习基本理论/chapters/V1-C03.tex,386,55,高,核心表述偏短；符号密度较高；缺少最小例/非例；缺少一句话直觉桥,"先说它解决什么：“多元链式法则”回答怎样从目标、可行域和导数条件判断候选解或构造更新。
再给核心表述：若$ g:ℝ^d ℝ^m$、$f:ℝ^m ℝ$均可微，$h=f g$，则在列梯度约定下 $ h( x)=J_ g( x)^ T f( g( x))$。
然后落地对象与条件：逐一写清输入/变量属于什么集合，公式在哪些前提下成立。
最小自检：取一元二次函数，写出目标、定义域/约束、一阶条件和二阶检查。
误区与边界：梯度为0通常只是必要条件；有约束时还要检查可行性、乘子符号和互补松弛。",UNREVIEWED_CURRENT_SOURCE,统计学习方法讲义_v2.6.0_全量索引库.xlsx
M04-KN-PRE-CA-007,KNOWLEDGE,知识点索引,51,PRE-CA-007,src/讲义源码/第01册_数学基础与统计学习基本理论/chapters/V1-C03.tex,389,55,高,核心表述偏短；成立条件未显式前置；缺少最小例/非例；缺少一句话直觉桥,"先说它解决什么：“多元泰勒展开”回答怎样从目标、可行域和导数条件判断候选解或构造更新。
再给核心表述：泰勒展开用梯度给一阶项、Hessian给二阶项；
然后落地对象与条件：逐一写清输入/变量属于什么集合，公式在哪些前提下成立。
最小自检：取一元二次函数，写出目标、定义域/约束、一阶条件和二阶检查。
误区与边界：梯度为0通常只是必要条件；有约束时还要检查可行性、乘子符号和互补松弛。",UNREVIEWED_CURRENT_SOURCE,统计学习方法讲义_v2.6.0_全量索引库.xlsx
M04-KN-PRE-CA-013,KNOWLEDGE,知识点索引,52,PRE-CA-013,src/讲义源码/第01册_数学基础与统计学习基本理论/chapters/V1-C03.tex,391,55,高,核心表述偏短；符号密度较高；缺少最小例/非例；缺少一句话直觉桥,"先说它解决什么：“指数函数与对数函数的微分”说明线性对象的维数、方向或几何作用，核心是先核对对象所在空间。
再给核心表述：$ d(e^u)=e^u du$对所有实$u$成立；
然后落地对象与条件：逐一写清输入/变量属于什么集合，公式在哪些前提下成立。
最小自检：取二维向量或2×2矩阵逐项算一次，并在每个乘法前写出维数。
误区与边界：矩阵乘法通常不可交换；零向量、非满秩和非正定情形要单独检查。",UNREVIEWED_CURRENT_SOURCE,统计学习方法讲义_v2.6.0_全量索引库.xlsx
M04-KN-PRE-CA-009,KNOWLEDGE,知识点索引,53,PRE-CA-009,src/讲义源码/第01册_数学基础与统计学习基本理论/chapters/V1-C03.tex,396,55,中,符号密度较高；缺少最小例/非例,"先说它解决什么：“标量对向量求导”说明线性对象的维数、方向或几何作用，核心是先核对对象所在空间。
再给核心表述：标量函数$f(x)$对列向量的导数采用列梯度。
然后落地对象与条件：逐一写清输入/变量属于什么集合，公式在哪些前提下成立。
最小自检：取二维向量或2×2矩阵逐项算一次，并在每个乘法前写出维数。
误区与边界：矩阵乘法通常不可交换；零向量、非满秩和非正定情形要单独检查。",UNREVIEWED_CURRENT_SOURCE,统计学习方法讲义_v2.6.0_全量索引库.xlsx
M04-KN-PRE-CA-010,KNOWLEDGE,知识点索引,54,PRE-CA-010,src/讲义源码/第01册_数学基础与统计学习基本理论/chapters/V1-C03.tex,420,56,高,核心表述偏短；符号密度较高；缺少最小例/非例；缺少一句话直觉桥,"先说它解决什么：“线性函数的梯度”说明线性对象的维数、方向或几何作用，核心是先核对对象所在空间。
再给核心表述：若$f(x)= a^ T x+b$，则$ f/ x_k=a_k$，故$ f= a$。
然后落地对象与条件：逐一写清输入/变量属于什么集合，公式在哪些前提下成立。
最小自检：取二维向量或2×2矩阵逐项算一次，并在每个乘法前写出维数。
误区与边界：矩阵乘法通常不可交换；零向量、非满秩和非正定情形要单独检查。",UNREVIEWED_CURRENT_SOURCE,统计学习方法讲义_v2.6.0_全量索引库.xlsx
M04-KN-PRE-CA-011,KNOWLEDGE,知识点索引,55,PRE-CA-011,src/讲义源码/第01册_数学基础与统计学习基本理论/chapters/V1-C03.tex,422,56,高,核心表述偏短；符号密度较高；成立条件未显式前置；缺少最小例/非例；缺少一句话直觉桥,"先说它解决什么：“二次型的梯度”回答怎样从目标、可行域和导数条件判断候选解或构造更新。
再给核心表述：分量推导给出$ (x^ TAx)=(A+A^ T)x$；
然后落地对象与条件：逐一写清输入/变量属于什么集合，公式在哪些前提下成立。
最小自检：取一元二次函数，写出目标、定义域/约束、一阶条件和二阶检查。
误区与边界：梯度为0通常只是必要条件；有约束时还要检查可行性、乘子符号和互补松弛。",UNREVIEWED_CURRENT_SOURCE,统计学习方法讲义_v2.6.0_全量索引库.xlsx
M04-KN-PRE-CA-012,KNOWLEDGE,知识点索引,56,PRE-CA-012,src/讲义源码/第01册_数学基础与统计学习基本理论/chapters/V1-C03.tex,424,47,高,核心表述偏短；符号密度较高；缺少最小例/非例；缺少一句话直觉桥,"先说它解决什么：“对数函数的梯度”说明线性对象的维数、方向或几何作用，核心是先核对对象所在空间。
再给核心表述：对正分量向量，$f( x)= _i=1^d x_i$有$ f=(1/x_1, ,1/x_d)^ T$。
然后落地对象与条件：逐一写清输入/变量属于什么集合，公式在哪些前提下成立。
最小自检：取二维向量或2×2矩阵逐项算一次，并在每个乘法前写出维数。
误区与边界：矩阵乘法通常不可交换；零向量、非满秩和非正定情形要单独检查。",UNREVIEWED_CURRENT_SOURCE,统计学习方法讲义_v2.6.0_全量索引库.xlsx
M04-KN-PRE-CA-014,KNOWLEDGE,知识点索引,57,PRE-CA-014,src/讲义源码/第01册_数学基础与统计学习基本理论/chapters/V1-C03.tex,426,56,高,核心表述偏短；符号密度较高；成立条件未显式前置；缺少最小例/非例；缺少一句话直觉桥,"先说它解决什么：“Jacobian矩阵”说明线性对象的维数、方向或几何作用，核心是先核对对象所在空间。
再给核心表述：对$ g:ℝ^d ℝ^m$，$J_ g ℝ^m d$的第$i$行是$g_i$梯度的转置；
然后落地对象与条件：逐一写清输入/变量属于什么集合，公式在哪些前提下成立。
最小自检：取二维向量或2×2矩阵逐项算一次，并在每个乘法前写出维数。
误区与边界：矩阵乘法通常不可交换；零向量、非满秩和非正定情形要单独检查。",UNREVIEWED_CURRENT_SOURCE,统计学习方法讲义_v2.6.0_全量索引库.xlsx
M04-KN-PRE-CA-015,KNOWLEDGE,知识点索引,58,PRE-CA-015,src/讲义源码/第01册_数学基础与统计学习基本理论/chapters/V1-C03.tex,428,56,高,符号密度较高；成立条件未显式前置；缺少最小例/非例；缺少一句话直觉桥,"先说它解决什么：“常用矩阵微分公式及分量解释”说明线性对象的维数、方向或几何作用，核心是先核对对象所在空间。
再给核心表述：常用公式还包括 $ d(A x)=A d x, d( x^ TA x) = x^ T(A+A^ T) d x, $ 以及$ _ x 12 A x- b_2^2=A^ T(A x- b)$。
然后落地对象与条件：逐一写清输入/变量属于什么集合，公式在哪些前提下成立。
最小自检：取二维向量或2×2矩阵逐项算一次，并在每个乘法前写出维数。
误区与边界：矩阵乘法通常不可交换；零向量、非满秩和非正定情形要单独检查。",UNREVIEWED_CURRENT_SOURCE,统计学习方法讲义_v2.6.0_全量索引库.xlsx
M04-KN-PRE-PR-001,KNOWLEDGE,知识点索引,59,PRE-PR-001,src/讲义源码/第01册_数学基础与统计学习基本理论/chapters/V1-C04.tex,67,64,低,符号密度较高,"先说它解决什么：“样本空间与随机事件”用于说明概率量在支持集、条件化或归一化下如何定义与计算。
再给核心表述：一次随机试验所有可能结果构成样本空间 $ $；
然后落地对象与条件：逐一写清输入/变量属于什么集合，公式在哪些前提下成立。
最小自检：用两点或两类的最小分布代入一次，检查每项非负、总和为1，以及条件分母是否为正。
误区与边界：不要把密度值当作点概率，也不要在分母为0或支持集不匹配时继续套公式。",UNREVIEWED_CURRENT_SOURCE,统计学习方法讲义_v2.6.0_全量索引库.xlsx
M04-KN-PRE-PR-002,KNOWLEDGE,知识点索引,60,PRE-PR-002,src/讲义源码/第01册_数学基础与统计学习基本理论/chapters/V1-C04.tex,83,65,高,符号密度较高；成立条件未显式前置；缺少最小例/非例；缺少一句话直觉桥,"先说它解决什么：“概率公理与基本运算”用于说明概率量在支持集、条件化或归一化下如何定义与计算。
再给核心表述：由公理可推出 $P( )=0$、$P(A^ c)=1-P(A)$，以及 $ P(A B)=P(A)+P(B)-P(A B). $ 这些式子依赖集合关系；
然后落地对象与条件：逐一写清输入/变量属于什么集合，公式在哪些前提下成立。
最小自检：用两点或两类的最小分布代入一次，检查每项非负、总和为1，以及条件分母是否为正。
误区与边界：不要把密度值当作点概率，也不要在分母为0或支持集不匹配时继续套公式。",UNREVIEWED_CURRENT_SOURCE,统计学习方法讲义_v2.6.0_全量索引库.xlsx
M04-KN-PRE-PR-003,KNOWLEDGE,知识点索引,61,PRE-PR-003,src/讲义源码/第01册_数学基础与统计学习基本理论/chapters/V1-C04.tex,113,65,中,符号密度较高；缺少最小例/非例；缺少一句话直觉桥,"先说它解决什么：“条件概率”用于说明概率量在支持集、条件化或归一化下如何定义与计算。
再给核心表述：当 $P(B)>0$ 时，已知 $B$ 发生后的概率定义为 $ P(A B)= P(A B)P(B), P(A B)=P(A B)P(B). $ 条件化把样本空间缩小到 $B$，同时重新归一化概率质量。
然后落地对象与条件：逐一写清输入/变量属于什么集合，公式在哪些前提下成立。
最小自检：用两点或两类的最小分布代入一次，检查每项非负、总和为1，以及条件分母是否为正。
误区与边界：不要把密度值当作点概率，也不要在分母为0或支持集不匹配时继续套公式。",UNREVIEWED_CURRENT_SOURCE,统计学习方法讲义_v2.6.0_全量索引库.xlsx
M04-KN-PRE-PR-004,KNOWLEDGE,知识点索引,62,PRE-PR-004,src/讲义源码/第01册_数学基础与统计学习基本理论/chapters/V1-C04.tex,130,64,高,核心表述偏短；符号密度较高；缺少最小例/非例；缺少一句话直觉桥,"先说它解决什么：“全概率公式”用于说明概率量在支持集、条件化或归一化下如何定义与计算。
再给核心表述：若 $B_1, ,B_m$ 两两不交、并为 $ $ 且概率均为正，则 $ P(A)= _i=1^mP(A B_i)P(B_i). $
然后落地对象与条件：逐一写清输入/变量属于什么集合，公式在哪些前提下成立。
最小自检：用两点或两类的最小分布代入一次，检查每项非负、总和为1，以及条件分母是否为正。
误区与边界：不要把密度值当作点概率，也不要在分母为0或支持集不匹配时继续套公式。",UNREVIEWED_CURRENT_SOURCE,统计学习方法讲义_v2.6.0_全量索引库.xlsx
M04-KN-PRE-PR-005,KNOWLEDGE,知识点索引,63,PRE-PR-005,src/讲义源码/第01册_数学基础与统计学习基本理论/chapters/V1-C04.tex,135,64,中,符号密度较高；单段过长，需分层,"先说它解决什么：“贝叶斯公式”用于说明概率量在支持集、条件化或归一化下如何定义与计算。
再给核心表述：对 $P(A)>0$，后验概率为 $ P(B_j A)= P(A B_j)P(B_j) _i=1^mP(A B_i)P(B_i). $ 分清联合概率、证据概率与归一化后的后验概率。
然后落地对象与条件：逐一写清输入/变量属于什么集合，公式在哪些前提下成立。
最小自检：用两点或两类的最小分布代入一次，检查每项非负、总和为1，以及条件分母是否为正。
误区与边界：不要把密度值当作点概率，也不要在分母为0或支持集不匹配时继续套公式。",UNREVIEWED_CURRENT_SOURCE,统计学习方法讲义_v2.6.0_全量索引库.xlsx
M04-KN-PRE-PR-013,KNOWLEDGE,知识点索引,64,PRE-PR-013,src/讲义源码/第01册_数学基础与统计学习基本理论/chapters/V1-C04.tex,204,68,高,核心表述偏短；符号密度较高；缺少最小例/非例；缺少一句话直觉桥,"先说它解决什么：“数学期望”用于说明概率量在支持集、条件化或归一化下如何定义与计算。
再给核心表述：期望是按概率加权的平均：离散情形 $ E[g(X)]= _xg(x)p_X(x)$，连续情形把求和换成积分。
然后落地对象与条件：逐一写清输入/变量属于什么集合，公式在哪些前提下成立。
最小自检：用两点或两类的最小分布代入一次，检查每项非负、总和为1，以及条件分母是否为正。
误区与边界：不要把密度值当作点概率，也不要在分母为0或支持集不匹配时继续套公式。",UNREVIEWED_CURRENT_SOURCE,统计学习方法讲义_v2.6.0_全量索引库.xlsx
M04-KN-PRE-PR-014,KNOWLEDGE,知识点索引,65,PRE-PR-014,src/讲义源码/第01册_数学基础与统计学习基本理论/chapters/V1-C04.tex,206,68,高,核心表述偏短；符号密度较高；成立条件未显式前置；缺少最小例/非例；缺少一句话直觉桥,"先说它解决什么：“方差”用于说明概率量在支持集、条件化或归一化下如何定义与计算。
再给核心表述：$ Var(X)= E[(X- EX)^2]= E[X^2]-( EX)^2. $
然后落地对象与条件：逐一写清输入/变量属于什么集合，公式在哪些前提下成立。
最小自检：用两点或两类的最小分布代入一次，检查每项非负、总和为1，以及条件分母是否为正。
误区与边界：不要把密度值当作点概率，也不要在分母为0或支持集不匹配时继续套公式。",UNREVIEWED_CURRENT_SOURCE,统计学习方法讲义_v2.6.0_全量索引库.xlsx
M04-KN-PRE-PR-015,KNOWLEDGE,知识点索引,66,PRE-PR-015,src/讲义源码/第01册_数学基础与统计学习基本理论/chapters/V1-C04.tex,210,64,高,核心表述偏短；符号密度较高；缺少最小例/非例；缺少一句话直觉桥,"先说它解决什么：“协方差与协方差矩阵”用于说明概率量在支持集、条件化或归一化下如何定义与计算。
再给核心表述：$Cov(X,Y)= E[(X- EX)(Y- EY)]$。
然后落地对象与条件：逐一写清输入/变量属于什么集合，公式在哪些前提下成立。
最小自检：用两点或两类的最小分布代入一次，检查每项非负、总和为1，以及条件分母是否为正。
误区与边界：不要把密度值当作点概率，也不要在分母为0或支持集不匹配时继续套公式。",UNREVIEWED_CURRENT_SOURCE,统计学习方法讲义_v2.6.0_全量索引库.xlsx
M04-KN-PRE-PR-026,KNOWLEDGE,知识点索引,67,PRE-PR-026,src/讲义源码/第01册_数学基础与统计学习基本理论/chapters/V1-C04.tex,212,68,高,核心表述偏短；符号密度较高；缺少最小例/非例；缺少一句话直觉桥,"先说它解决什么：“条件期望”用于说明概率量在支持集、条件化或归一化下如何定义与计算。
再给核心表述：$ E[X Y]$ 是 $Y$ 的函数；
然后落地对象与条件：逐一写清输入/变量属于什么集合，公式在哪些前提下成立。
最小自检：用两点或两类的最小分布代入一次，检查每项非负、总和为1，以及条件分母是否为正。
误区与边界：不要把密度值当作点概率，也不要在分母为0或支持集不匹配时继续套公式。",UNREVIEWED_CURRENT_SOURCE,统计学习方法讲义_v2.6.0_全量索引库.xlsx
M04-KN-PRE-PR-027,KNOWLEDGE,知识点索引,68,PRE-PR-027,src/讲义源码/第01册_数学基础与统计学习基本理论/chapters/V1-C04.tex,214,64,中,符号密度较高；缺少最小例/非例；缺少一句话直觉桥,"先说它解决什么：“大数定律与样本均值”用于说明概率量在支持集、条件化或归一化下如何定义与计算。
再给核心表述：若 $X_1, ,X_n$ 独立同分布且均值、方差有限，则 $ X_n=n^-1 _iX_i$ 满足 $ E X_n= $、$Var( X_n)= ^2/n$，从而依概率收敛到 $ $。
然后落地对象与条件：逐一写清输入/变量属于什么集合，公式在哪些前提下成立。
最小自检：用两点或两类的最小分布代入一次，检查每项非负、总和为1，以及条件分母是否为正。
误区与边界：不要把密度值当作点概率，也不要在分母为0或支持集不匹配时继续套公式。",UNREVIEWED_CURRENT_SOURCE,统计学习方法讲义_v2.6.0_全量索引库.xlsx
M04-KN-PRE-PR-006,KNOWLEDGE,知识点索引,69,PRE-PR-006,src/讲义源码/第01册_数学基础与统计学习基本理论/chapters/V1-C04.tex,377,72,中,符号密度较高；缺少一句话直觉桥,"先说它解决什么：“随机变量”用于说明概率量在支持集、条件化或归一化下如何定义与计算。
再给核心表述：更一般地，随机元素是从概率空间到可测空间$(S, S)$的可测映射$X: S$；
然后落地对象与条件：逐一写清输入/变量属于什么集合，公式在哪些前提下成立。
最小自检：用两点或两类的最小分布代入一次，检查每项非负、总和为1，以及条件分母是否为正。
误区与边界：不要把密度值当作点概率，也不要在分母为0或支持集不匹配时继续套公式。",UNREVIEWED_CURRENT_SOURCE,统计学习方法讲义_v2.6.0_全量索引库.xlsx
M04-KN-PRE-PR-007,KNOWLEDGE,知识点索引,70,PRE-PR-007,src/讲义源码/第01册_数学基础与统计学习基本理论/chapters/V1-C04.tex,379,72,中,符号密度较高；缺少最小例/非例；缺少一句话直觉桥,"先说它解决什么：“概率分布与分布函数”用于说明概率量在支持集、条件化或归一化下如何定义与计算。
再给核心表述：分布函数 $ F_X(t)=P(X t) $ 单调不减、右连续，并满足两端极限为0和1。
然后落地对象与条件：逐一写清输入/变量属于什么集合，公式在哪些前提下成立。
最小自检：用两点或两类的最小分布代入一次，检查每项非负、总和为1，以及条件分母是否为正。
误区与边界：不要把密度值当作点概率，也不要在分母为0或支持集不匹配时继续套公式。",UNREVIEWED_CURRENT_SOURCE,统计学习方法讲义_v2.6.0_全量索引库.xlsx
M04-KN-PRE-PR-008,KNOWLEDGE,知识点索引,71,PRE-PR-008,src/讲义源码/第01册_数学基础与统计学习基本理论/chapters/V1-C04.tex,425,73,高,核心表述偏短；成立条件未显式前置；缺少最小例/非例；缺少一句话直觉桥,"先说它解决什么：“联合分布”用于说明概率量在支持集、条件化或归一化下如何定义与计算。
再给核心表述：离散变量的联合质量 $p_XY(x,y)=P(X=x,Y=y)$ 完整描述成对结果。
然后落地对象与条件：逐一写清输入/变量属于什么集合，公式在哪些前提下成立。
最小自检：用两点或两类的最小分布代入一次，检查每项非负、总和为1，以及条件分母是否为正。
误区与边界：不要把密度值当作点概率，也不要在分母为0或支持集不匹配时继续套公式。",UNREVIEWED_CURRENT_SOURCE,统计学习方法讲义_v2.6.0_全量索引库.xlsx
M04-KN-PRE-PR-009,KNOWLEDGE,知识点索引,72,PRE-PR-009,src/讲义源码/第01册_数学基础与统计学习基本理论/chapters/V1-C04.tex,427,73,高,核心表述偏短；符号密度较高；成立条件未显式前置；缺少最小例/非例；缺少一句话直觉桥,"先说它解决什么：“边缘分布”用于说明概率量在支持集、条件化或归一化下如何定义与计算。
再给核心表述：消去不关心的变量得到边缘分布： $ p_X(x)= _y p_XY(x,y), f_X(x)= f_XY(x,y) dy. $
然后落地对象与条件：逐一写清输入/变量属于什么集合，公式在哪些前提下成立。
最小自检：用两点或两类的最小分布代入一次，检查每项非负、总和为1，以及条件分母是否为正。
误区与边界：不要把密度值当作点概率，也不要在分母为0或支持集不匹配时继续套公式。",UNREVIEWED_CURRENT_SOURCE,统计学习方法讲义_v2.6.0_全量索引库.xlsx
M04-KN-PRE-PR-010,KNOWLEDGE,知识点索引,73,PRE-PR-010,src/讲义源码/第01册_数学基础与统计学习基本理论/chapters/V1-C04.tex,432,73,中,符号密度较高；缺少最小例/非例；缺少一句话直觉桥,"先说它解决什么：“条件分布”用于说明概率量在支持集、条件化或归一化下如何定义与计算。
再给核心表述：在 $p_Y(y)>0$ 时，$p_X Y(x y)=p_XY(x,y)/p_Y(y)$。
然后落地对象与条件：逐一写清输入/变量属于什么集合，公式在哪些前提下成立。
最小自检：用两点或两类的最小分布代入一次，检查每项非负、总和为1，以及条件分母是否为正。
误区与边界：不要把密度值当作点概率，也不要在分母为0或支持集不匹配时继续套公式。",UNREVIEWED_CURRENT_SOURCE,统计学习方法讲义_v2.6.0_全量索引库.xlsx
M04-KN-PRE-PR-011,KNOWLEDGE,知识点索引,74,PRE-PR-011,src/讲义源码/第01册_数学基础与统计学习基本理论/chapters/V1-C04.tex,460,74,高,核心表述偏短；符号密度较高；缺少最小例/非例；缺少一句话直觉桥,"先说它解决什么：“随机变量的独立性”用于说明概率量在支持集、条件化或归一化下如何定义与计算。
再给核心表述：$X,Y$ 独立是指对所有适当集合 $A,B$，$P(X A,Y B)=P(X A)P(Y B)$。
然后落地对象与条件：逐一写清输入/变量属于什么集合，公式在哪些前提下成立。
最小自检：用两点或两类的最小分布代入一次，检查每项非负、总和为1，以及条件分母是否为正。
误区与边界：不要把密度值当作点概率，也不要在分母为0或支持集不匹配时继续套公式。",UNREVIEWED_CURRENT_SOURCE,统计学习方法讲义_v2.6.0_全量索引库.xlsx
M04-KN-PRE-PR-012,KNOWLEDGE,知识点索引,75,PRE-PR-012,src/讲义源码/第01册_数学基础与统计学习基本理论/chapters/V1-C04.tex,462,74,中,符号密度较高；缺少一句话直觉桥,"先说它解决什么：“条件独立”用于说明概率量在支持集、条件化或归一化下如何定义与计算。
再给核心表述：给定 $Z$ 后条件独立记为 $X Y Z$。
然后落地对象与条件：逐一写清输入/变量属于什么集合，公式在哪些前提下成立。
最小自检：用两点或两类的最小分布代入一次，检查每项非负、总和为1，以及条件分母是否为正。
误区与边界：不要把密度值当作点概率，也不要在分母为0或支持集不匹配时继续套公式。",UNREVIEWED_CURRENT_SOURCE,统计学习方法讲义_v2.6.0_全量索引库.xlsx
M04-KN-PRE-PR-016,KNOWLEDGE,知识点索引,76,PRE-PR-016,src/讲义源码/第01册_数学基础与统计学习基本理论/chapters/V1-C05.tex,79,82,高,核心表述偏短；成立条件未显式前置；缺少最小例/非例；缺少一句话直觉桥,"先说它解决什么：“伯努利分布”用于说明概率量在支持集、条件化或归一化下如何定义与计算。
再给核心表述：
然后落地对象与条件：逐一写清输入/变量属于什么集合，公式在哪些前提下成立。
最小自检：用两点或两类的最小分布代入一次，检查每项非负、总和为1，以及条件分母是否为正。
误区与边界：不要把密度值当作点概率，也不要在分母为0或支持集不匹配时继续套公式。",UNREVIEWED_CURRENT_SOURCE,统计学习方法讲义_v2.6.0_全量索引库.xlsx
M04-KN-PRE-PR-017,KNOWLEDGE,知识点索引,77,PRE-PR-017,src/讲义源码/第01册_数学基础与统计学习基本理论/chapters/V1-C05.tex,83,82,中,符号密度较高；缺少最小例/非例；缺少一句话直觉桥,"先说它解决什么：“二项分布”用于说明概率量在支持集、条件化或归一化下如何定义与计算。
再给核心表述：若 $X_1, ,X_n$ 独立且同服从 $Bernoulli(p)$，成功次数 $S= _iX_i$ 的质量函数为 $ P(S=k)= nk p^k(1-p)^n-k, k=0, ,n. $
然后落地对象与条件：逐一写清输入/变量属于什么集合，公式在哪些前提下成立。
最小自检：用两点或两类的最小分布代入一次，检查每项非负、总和为1，以及条件分母是否为正。
误区与边界：不要把密度值当作点概率，也不要在分母为0或支持集不匹配时继续套公式。",UNREVIEWED_CURRENT_SOURCE,统计学习方法讲义_v2.6.0_全量索引库.xlsx
M04-KN-PRE-PR-018,KNOWLEDGE,知识点索引,78,PRE-PR-018,src/讲义源码/第01册_数学基础与统计学习基本理论/chapters/V1-C05.tex,88,82,中,符号密度较高；缺少最小例/非例；缺少一句话直觉桥,"先说它解决什么：“多项分布”用于说明概率量在支持集、条件化或归一化下如何定义与计算。
再给核心表述：把每次试验推广到$K$个类别，记随机计数向量与其实现值分别为 $ N=(N_1, ,N_K)$和$ n=(n_1, ,n_K)$；
然后落地对象与条件：逐一写清输入/变量属于什么集合，公式在哪些前提下成立。
最小自检：用两点或两类的最小分布代入一次，检查每项非负、总和为1，以及条件分母是否为正。
误区与边界：不要把密度值当作点概率，也不要在分母为0或支持集不匹配时继续套公式。",UNREVIEWED_CURRENT_SOURCE,统计学习方法讲义_v2.6.0_全量索引库.xlsx
M04-KN-PRE-PR-019,KNOWLEDGE,知识点索引,79,PRE-PR-019,src/讲义源码/第01册_数学基础与统计学习基本理论/chapters/V1-C05.tex,116,83,高,核心表述偏短；符号密度较高；成立条件未显式前置；缺少最小例/非例；缺少一句话直觉桥,"先说它解决什么：“一元高斯分布”用于说明概率量在支持集、条件化或归一化下如何定义与计算。
再给核心表述：一元高斯密度为 $ f(x , ^2)= 1 2 ^2 , ^2>0. $
然后落地对象与条件：逐一写清输入/变量属于什么集合，公式在哪些前提下成立。
最小自检：用两点或两类的最小分布代入一次，检查每项非负、总和为1，以及条件分母是否为正。
误区与边界：不要把密度值当作点概率，也不要在分母为0或支持集不匹配时继续套公式。",UNREVIEWED_CURRENT_SOURCE,统计学习方法讲义_v2.6.0_全量索引库.xlsx
M04-KN-PRE-PR-033,KNOWLEDGE,知识点索引,80,PRE-PR-033,src/讲义源码/第01册_数学基础与统计学习基本理论/chapters/V1-C05.tex,122,83,中,符号密度较高；缺少一句话直觉桥,"先说它解决什么：“多元高斯分布”用于说明概率量在支持集、条件化或归一化下如何定义与计算。
再给核心表述：对$x R^d$，当$ 0$时，多元高斯是非退化分布，并具有相对于 $d$维Lebesgue测度的密度 $ f(x)= (2 )^d/2| |^1/2. $ 二次型给出马氏距离，行列式控制等密度椭球的体积尺度。
然后落地对象与条件：逐一写清输入/变量属于什么集合，公式在哪些前提下成立。
最小自检：用两点或两类的最小分布代入一次，检查每项非负、总和为1，以及条件分母是否为正。
误区与边界：不要把密度值当作点概率，也不要在分母为0或支持集不匹配时继续套公式。",UNREVIEWED_CURRENT_SOURCE,统计学习方法讲义_v2.6.0_全量索引库.xlsx
M04-KN-PRE-PR-031,KNOWLEDGE,知识点索引,81,PRE-PR-031,src/讲义源码/第01册_数学基础与统计学习基本理论/chapters/V1-C05.tex,164,84,中,符号密度较高；缺少最小例/非例；缺少一句话直觉桥,"先说它解决什么：“Gamma函数与Gamma分布”用于说明概率量在支持集、条件化或归一化下如何定义与计算。
再给核心表述：Gamma函数定义为 $ (a)= _0^ t^a-1e^-t dt$（$a>0$），分部积分给出 $ (a+1)=a (a)$。
然后落地对象与条件：逐一写清输入/变量属于什么集合，公式在哪些前提下成立。
最小自检：用两点或两类的最小分布代入一次，检查每项非负、总和为1，以及条件分母是否为正。
误区与边界：不要把密度值当作点概率，也不要在分母为0或支持集不匹配时继续套公式。",UNREVIEWED_CURRENT_SOURCE,统计学习方法讲义_v2.6.0_全量索引库.xlsx
M04-KN-PRE-PR-020,KNOWLEDGE,知识点索引,82,PRE-PR-020,src/讲义源码/第01册_数学基础与统计学习基本理论/chapters/V1-C05.tex,186,84,低,符号密度较高,"先说它解决什么：“总体、样本、参数与统计量”应按输入、状态、初始化、一次更新、停止与输出六个角色来读。
再给核心表述：总体分布 $P_ $ 是数据生成机制，$ $ 是描述该机制的未知参数；
然后落地对象与条件：逐一写清输入/变量属于什么集合，公式在哪些前提下成立。
最小自检：用2—3个状态或样本手算一轮，把更新前后量并排列出。
误区与边界：预算耗尽、数值停止和数学收敛不是同一状态；候选失败时不能覆盖最后合法状态。",UNREVIEWED_CURRENT_SOURCE,统计学习方法讲义_v2.6.0_全量索引库.xlsx
M04-KN-PRE-PR-021,KNOWLEDGE,知识点索引,83,PRE-PR-021,src/讲义源码/第01册_数学基础与统计学习基本理论/chapters/V1-C05.tex,200,85,高,核心表述偏短；符号密度较高；成立条件未显式前置；缺少最小例/非例；缺少一句话直觉桥,"先说它解决什么：“似然函数”应按输入、状态、初始化、一次更新、停止与输出六个角色来读。
再给核心表述：给定观测 $x_1:n$ 后，$L( ;
然后落地对象与条件：逐一写清输入/变量属于什么集合，公式在哪些前提下成立。
最小自检：用2—3个状态或样本手算一轮，把更新前后量并排列出。
误区与边界：预算耗尽、数值停止和数学收敛不是同一状态；候选失败时不能覆盖最后合法状态。",UNREVIEWED_CURRENT_SOURCE,统计学习方法讲义_v2.6.0_全量索引库.xlsx
M04-KN-PRE-PR-022,KNOWLEDGE,知识点索引,84,PRE-PR-022,src/讲义源码/第01册_数学基础与统计学习基本理论/chapters/V1-C05.tex,202,85,高,核心表述偏短；符号密度较高；成立条件未显式前置；缺少最小例/非例；缺少一句话直觉桥,"先说它解决什么：“对数似然”用于说明概率量在支持集、条件化或归一化下如何定义与计算。
再给核心表述：严格单调的对数把乘积化为和：$ ( )= _i p(x_i )$，且不改变最大点。
然后落地对象与条件：逐一写清输入/变量属于什么集合，公式在哪些前提下成立。
最小自检：用两点或两类的最小分布代入一次，检查每项非负、总和为1，以及条件分母是否为正。
误区与边界：不要把密度值当作点概率，也不要在分母为0或支持集不匹配时继续套公式。",UNREVIEWED_CURRENT_SOURCE,统计学习方法讲义_v2.6.0_全量索引库.xlsx
M04-KN-PRE-PR-023,KNOWLEDGE,知识点索引,85,PRE-PR-023,src/讲义源码/第01册_数学基础与统计学习基本理论/chapters/V1-C05.tex,204,85,高,符号密度较高；缺少最小例/非例；缺少一句话直觉桥；单段过长，需分层,"先说它解决什么：“极大似然估计”应按输入、状态、初始化、一次更新、停止与输出六个角色来读。
再给核心表述：$ _MLE _ ( ). $ 模型。
然后落地对象与条件：逐一写清输入/变量属于什么集合，公式在哪些前提下成立。
最小自检：用2—3个状态或样本手算一轮，把更新前后量并排列出。
误区与边界：预算耗尽、数值停止和数学收敛不是同一状态；候选失败时不能覆盖最后合法状态。",UNREVIEWED_CURRENT_SOURCE,统计学习方法讲义_v2.6.0_全量索引库.xlsx
M04-KN-PRE-PR-024,KNOWLEDGE,知识点索引,86,PRE-PR-024,src/讲义源码/第01册_数学基础与统计学习基本理论/chapters/V1-C05.tex,282,87,高,核心表述偏短；符号密度较高；成立条件未显式前置；缺少最小例/非例；缺少一句话直觉桥,"先说它解决什么：“先验、似然与后验”用于说明概率量在支持集、条件化或归一化下如何定义与计算。
再给核心表述：贝叶斯公式写成 $p( x) p(x )p( )$。
然后落地对象与条件：逐一写清输入/变量属于什么集合，公式在哪些前提下成立。
最小自检：用两点或两类的最小分布代入一次，检查每项非负、总和为1，以及条件分母是否为正。
误区与边界：不要把密度值当作点概率，也不要在分母为0或支持集不匹配时继续套公式。",UNREVIEWED_CURRENT_SOURCE,统计学习方法讲义_v2.6.0_全量索引库.xlsx
M04-KN-PRE-PR-025,KNOWLEDGE,知识点索引,87,PRE-PR-025,src/讲义源码/第01册_数学基础与统计学习基本理论/chapters/V1-C05.tex,284,87,高,核心表述偏短；符号密度较高；缺少最小例/非例；缺少一句话直觉桥,"先说它解决什么：“最大后验估计”用于说明概率量在支持集、条件化或归一化下如何定义与计算。
再给核心表述：$ _MAP _ \ p(x )+ p( )\$，可视为带先验正则项的优化。
然后落地对象与条件：逐一写清输入/变量属于什么集合，公式在哪些前提下成立。
最小自检：用两点或两类的最小分布代入一次，检查每项非负、总和为1，以及条件分母是否为正。
误区与边界：不要把密度值当作点概率，也不要在分母为0或支持集不匹配时继续套公式。",UNREVIEWED_CURRENT_SOURCE,统计学习方法讲义_v2.6.0_全量索引库.xlsx
M04-KN-PRE-PR-030,KNOWLEDGE,知识点索引,88,PRE-PR-030,src/讲义源码/第01册_数学基础与统计学习基本理论/chapters/V1-C05.tex,286,87,中,核心表述偏短；缺少最小例/非例；缺少一句话直觉桥,"先说它解决什么：“共轭先验”应按输入、状态、初始化、一次更新、停止与输出六个角色来读。
再给核心表述：若先验与后验属于同一分布族，则称先验对该似然共轭。
然后落地对象与条件：逐一写清输入/变量属于什么集合，公式在哪些前提下成立。
最小自检：用2—3个状态或样本手算一轮，把更新前后量并排列出。
误区与边界：预算耗尽、数值停止和数学收敛不是同一状态；候选失败时不能覆盖最后合法状态。",UNREVIEWED_CURRENT_SOURCE,统计学习方法讲义_v2.6.0_全量索引库.xlsx
M04-KN-PRE-PR-032,KNOWLEDGE,知识点索引,89,PRE-PR-032,src/讲义源码/第01册_数学基础与统计学习基本理论/chapters/V1-C05.tex,288,87,中,符号密度较高；单段过长，需分层,"先说它解决什么：“狄利克雷分布”应按输入、状态、初始化、一次更新、停止与输出六个角色来读。
再给核心表述：令 $ _K-1^ =\ p (0,1)^K: _k=1^Kp_k=1\, _k>0, _0= _k=1^K _k. $ 相对于坐标$(p_1, ,p_K-1)$上的$(K-1)$维Lebesgue参考测度，狄利克雷分布在单纯形相对内部的密度为 $ f( p ) = ( _0) _k=1^K ( _k) _k=1^Kp_k^ _k-1, p_K=1- _k=1^K-1p_k. $ 它不是相对于$ R^K$中$K$维Lebesgue测度的
然后落地对象与条件：逐一写清输入/变量属于什么集合，公式在哪些前提下成立。
最小自检：用2—3个状态或样本手算一轮，把更新前后量并排列出。
误区与边界：预算耗尽、数值停止和数学收敛不是同一状态；候选失败时不能覆盖最后合法状态。",UNREVIEWED_CURRENT_SOURCE,统计学习方法讲义_v2.6.0_全量索引库.xlsx
M04-KN-PRE-PR-028,KNOWLEDGE,知识点索引,90,PRE-PR-028,src/讲义源码/第01册_数学基础与统计学习基本理论/chapters/V1-C05.tex,423,87,高,核心表述偏短；符号密度较高；成立条件未显式前置；缺少最小例/非例；缺少一句话直觉桥,"先说它解决什么：“边缘似然”用于说明概率量在支持集、条件化或归一化下如何定义与计算。
再给核心表述：边缘似然又称模型证据：$p(x)= p(x )p( ) d $。
然后落地对象与条件：逐一写清输入/变量属于什么集合，公式在哪些前提下成立。
最小自检：用两点或两类的最小分布代入一次，检查每项非负、总和为1，以及条件分母是否为正。
误区与边界：不要把密度值当作点概率，也不要在分母为0或支持集不匹配时继续套公式。",UNREVIEWED_CURRENT_SOURCE,统计学习方法讲义_v2.6.0_全量索引库.xlsx
M04-KN-PRE-PR-029,KNOWLEDGE,知识点索引,91,PRE-PR-029,src/讲义源码/第01册_数学基础与统计学习基本理论/chapters/V1-C05.tex,425,87,高,核心表述偏短；符号密度较高；缺少最小例/非例；缺少一句话直觉桥,"先说它解决什么：“隐变量与不完全数据”用于说明概率量在支持集、条件化或归一化下如何定义与计算。
再给核心表述：若联合模型为 $p(x,z )$ 而 $z$ 未观测，则观测似然是 $p(x )= _zp(x,z )$ 或相应积分。
然后落地对象与条件：逐一写清输入/变量属于什么集合，公式在哪些前提下成立。
最小自检：用两点或两类的最小分布代入一次，检查每项非负、总和为1，以及条件分母是否为正。
误区与边界：不要把密度值当作点概率，也不要在分母为0或支持集不匹配时继续套公式。",UNREVIEWED_CURRENT_SOURCE,统计学习方法讲义_v2.6.0_全量索引库.xlsx
M04-KN-PRE-PR-034,KNOWLEDGE,知识点索引,92,PRE-PR-034,src/讲义源码/第01册_数学基础与统计学习基本理论/chapters/V1-C05.tex,427,87,中,符号密度较高；单段过长，需分层,"先说它解决什么：“指数族分布”用于说明概率量在支持集、条件化或归一化下如何定义与计算。
再给核心表述：指数族统一写作 $ p(x )=h(x) \ ^ TT(x)-A( )\, $ 其中 $T(x)$ 是充分统计量，$A( )$ 是对数配分函数。
然后落地对象与条件：逐一写清输入/变量属于什么集合，公式在哪些前提下成立。
最小自检：用两点或两类的最小分布代入一次，检查每项非负、总和为1，以及条件分母是否为正。
误区与边界：不要把密度值当作点概率，也不要在分母为0或支持集不匹配时继续套公式。",UNREVIEWED_CURRENT_SOURCE,统计学习方法讲义_v2.6.0_全量索引库.xlsx
M04-KN-PRE-IN-001,KNOWLEDGE,知识点索引,93,PRE-IN-001,src/讲义源码/第01册_数学基础与统计学习基本理论/chapters/V1-C06.tex,87,100,中,符号密度较高；缺少最小例/非例,"先说它解决什么：“信息量”用于说明概率量在支持集、条件化或归一化下如何定义与计算。
再给核心表述：结果$x$的自信息在扩展实数中定义为 $ I(x)= - p(x), p(x)>0,\\ + , p(x)=0. $ 零概率点不会在该模型下以正概率被观察到，但把其自信息记为$+ $可准确记录支持失败。
然后落地对象与条件：逐一写清输入/变量属于什么集合，公式在哪些前提下成立。
最小自检：用两点或两类的最小分布代入一次，检查每项非负、总和为1，以及条件分母是否为正。
误区与边界：不要把密度值当作点概率，也不要在分母为0或支持集不匹配时继续套公式。",UNREVIEWED_CURRENT_SOURCE,统计学习方法讲义_v2.6.0_全量索引库.xlsx
M04-KN-PRE-IN-002,KNOWLEDGE,知识点索引,94,PRE-IN-002,src/讲义源码/第01册_数学基础与统计学习基本理论/chapters/V1-C06.tex,104,100,高,核心表述偏短；成立条件未显式前置；缺少最小例/非例；缺少一句话直觉桥,"先说它解决什么：“熵”用于说明概率量在支持集、条件化或归一化下如何定义与计算。
再给核心表述：
然后落地对象与条件：逐一写清输入/变量属于什么集合，公式在哪些前提下成立。
最小自检：用两点或两类的最小分布代入一次，检查每项非负、总和为1，以及条件分母是否为正。
误区与边界：不要把密度值当作点概率，也不要在分母为0或支持集不匹配时继续套公式。",UNREVIEWED_CURRENT_SOURCE,统计学习方法讲义_v2.6.0_全量索引库.xlsx
M04-KN-PRE-IN-003,KNOWLEDGE,知识点索引,95,PRE-IN-003,src/讲义源码/第01册_数学基础与统计学习基本理论/chapters/V1-C06.tex,137,101,中,符号密度较高；缺少最小例/非例；缺少一句话直觉桥,"先说它解决什么：“条件熵”用于说明概率量在支持集、条件化或归一化下如何定义与计算。
再给核心表述：在本章有限字母表约定下， $ H(X Y)=- _x,yp(x,y) p(x y)= _yp(y)H(X Y=y). $ 它先在每个条件分布中计算不确定性，再按条件变量的概率平均。
然后落地对象与条件：逐一写清输入/变量属于什么集合，公式在哪些前提下成立。
最小自检：用两点或两类的最小分布代入一次，检查每项非负、总和为1，以及条件分母是否为正。
误区与边界：不要把密度值当作点概率，也不要在分母为0或支持集不匹配时继续套公式。",UNREVIEWED_CURRENT_SOURCE,统计学习方法讲义_v2.6.0_全量索引库.xlsx
M04-KN-PRE-IN-004,KNOWLEDGE,知识点索引,96,PRE-IN-004,src/讲义源码/第01册_数学基础与统计学习基本理论/chapters/V1-C06.tex,143,101,高,符号密度较高；成立条件未显式前置；缺少最小例/非例；缺少一句话直觉桥,"先说它解决什么：“联合熵”用于说明概率量在支持集、条件化或归一化下如何定义与计算。
再给核心表述：联合熵定义为 $ H(X,Y)=- _x,yp(x,y) p(x,y). $ 利用 $p(x,y)=p(y)p(x y)$，得到链式法则 $ H(X,Y)=H(Y)+H(X Y)=H(X)+H(Y X). $
然后落地对象与条件：逐一写清输入/变量属于什么集合，公式在哪些前提下成立。
最小自检：用两点或两类的最小分布代入一次，检查每项非负、总和为1，以及条件分母是否为正。
误区与边界：不要把密度值当作点概率，也不要在分母为0或支持集不匹配时继续套公式。",UNREVIEWED_CURRENT_SOURCE,统计学习方法讲义_v2.6.0_全量索引库.xlsx
M04-KN-PRE-IN-005,KNOWLEDGE,知识点索引,97,PRE-IN-005,src/讲义源码/第01册_数学基础与统计学习基本理论/chapters/V1-C06.tex,206,103,高,核心表述偏短；成立条件未显式前置；缺少最小例/非例；缺少一句话直觉桥,"先说它解决什么：“KL散度（相对熵）”用于说明概率量在支持集、条件化或归一化下如何定义与计算。
再给核心表述：
然后落地对象与条件：逐一写清输入/变量属于什么集合，公式在哪些前提下成立。
最小自检：用两点或两类的最小分布代入一次，检查每项非负、总和为1，以及条件分母是否为正。
误区与边界：不要把密度值当作点概率，也不要在分母为0或支持集不匹配时继续套公式。",UNREVIEWED_CURRENT_SOURCE,统计学习方法讲义_v2.6.0_全量索引库.xlsx
M04-KN-SLM-E-00-001,KNOWLEDGE,知识点索引,98,SLM-E-00-001,src/讲义源码/第01册_数学基础与统计学习基本理论/chapters/V1-C06.tex,207,103,高,核心表述偏短；成立条件未显式前置；缺少最小例/非例；缺少一句话直觉桥,"先说它解决什么：“KL散度的定义和狄利克雷分布的性质”用于说明概率量在支持集、条件化或归一化下如何定义与计算。
再给核心表述：
然后落地对象与条件：逐一写清输入/变量属于什么集合，公式在哪些前提下成立。
最小自检：用两点或两类的最小分布代入一次，检查每项非负、总和为1，以及条件分母是否为正。
误区与边界：不要把密度值当作点概率，也不要在分母为0或支持集不匹配时继续套公式。",UNREVIEWED_CURRENT_SOURCE,统计学习方法讲义_v2.6.0_全量索引库.xlsx
M04-KN-SLM-E-01-001,KNOWLEDGE,知识点索引,99,SLM-E-01-001,src/讲义源码/第01册_数学基础与统计学习基本理论/chapters/V1-C06.tex,208,103,中,符号密度较高；缺少最小例/非例；缺少一句话直觉桥,"先说它解决什么：“KL散度的定义”用于说明概率量在支持集、条件化或归一化下如何定义与计算。
再给核心表述：对有限离散分布$P,Q$，约定$0 (0/q)=0$；
然后落地对象与条件：逐一写清输入/变量属于什么集合，公式在哪些前提下成立。
最小自检：用两点或两类的最小分布代入一次，检查每项非负、总和为1，以及条件分母是否为正。
误区与边界：不要把密度值当作点概率，也不要在分母为0或支持集不匹配时继续套公式。",UNREVIEWED_CURRENT_SOURCE,统计学习方法讲义_v2.6.0_全量索引库.xlsx
M04-KN-PRE-IN-006,KNOWLEDGE,知识点索引,100,PRE-IN-006,src/讲义源码/第01册_数学基础与统计学习基本理论/chapters/V1-C06.tex,225,103,中,符号密度较高；缺少一句话直觉桥；单段过长，需分层,"先说它解决什么：“交叉熵”用于说明概率量在支持集、条件化或归一化下如何定义与计算。
再给核心表述：在主线有限字母表上，$H(P)< $。
然后落地对象与条件：逐一写清输入/变量属于什么集合，公式在哪些前提下成立。
最小自检：用两点或两类的最小分布代入一次，检查每项非负、总和为1，以及条件分母是否为正。
误区与边界：不要把密度值当作点概率，也不要在分母为0或支持集不匹配时继续套公式。",UNREVIEWED_CURRENT_SOURCE,统计学习方法讲义_v2.6.0_全量索引库.xlsx
M04-KN-PRE-IN-007,KNOWLEDGE,知识点索引,101,PRE-IN-007,src/讲义源码/第01册_数学基础与统计学习基本理论/chapters/V1-C06.tex,306,105,中,符号密度较高；单段过长，需分层,"先说它解决什么：“互信息”用于说明概率量在支持集、条件化或归一化下如何定义与计算。
再给核心表述：derivationgoalbox 从KL定义推出互信息的熵差表达式，并说明该表达式为何关于$X,Y$对称。
然后落地对象与条件：逐一写清输入/变量属于什么集合，公式在哪些前提下成立。
最小自检：用两点或两类的最小分布代入一次，检查每项非负、总和为1，以及条件分母是否为正。
误区与边界：不要把密度值当作点概率，也不要在分母为0或支持集不匹配时继续套公式。",UNREVIEWED_CURRENT_SOURCE,统计学习方法讲义_v2.6.0_全量索引库.xlsx
M04-KN-PRE-IN-008,KNOWLEDGE,知识点索引,102,PRE-IN-008,src/讲义源码/第01册_数学基础与统计学习基本理论/chapters/V1-C06.tex,356,106,高,核心表述偏短；符号密度较高；成立条件未显式前置；缺少一句话直觉桥,"先说它解决什么：“信息增益”用于说明概率量在支持集、条件化或归一化下如何定义与计算。
再给核心表述：数据集$D$按特征$A$分组后，信息增益定义为 $ g(D,A)=H(D)-H(D A), $ 等于经验标签与特征之间的互信息。
然后落地对象与条件：逐一写清输入/变量属于什么集合，公式在哪些前提下成立。
最小自检：用两点或两类的最小分布代入一次，检查每项非负、总和为1，以及条件分母是否为正。
误区与边界：不要把密度值当作点概率，也不要在分母为0或支持集不匹配时继续套公式。",UNREVIEWED_CURRENT_SOURCE,统计学习方法讲义_v2.6.0_全量索引库.xlsx
M04-KN-PRE-IN-009,KNOWLEDGE,知识点索引,103,PRE-IN-009,src/讲义源码/第01册_数学基础与统计学习基本理论/chapters/V1-C06.tex,362,106,中,符号密度较高；缺少一句话直觉桥；单段过长，需分层,"先说它解决什么：“信息增益比”应按输入、状态、初始化、一次更新、停止与输出六个角色来读。
再给核心表述：为抑制取值很多的特征偏好，定义 $g_R(D,A)=g(D,A)/H_A(D)$，其中 $H_A(D)$ 是样本在特征取值上的划分熵；
然后落地对象与条件：逐一写清输入/变量属于什么集合，公式在哪些前提下成立。
最小自检：用2—3个状态或样本手算一轮，把更新前后量并排列出。
误区与边界：预算耗尽、数值停止和数学收敛不是同一状态；候选失败时不能覆盖最后合法状态。",UNREVIEWED_CURRENT_SOURCE,统计学习方法讲义_v2.6.0_全量索引库.xlsx
M04-KN-PRE-IN-010,KNOWLEDGE,知识点索引,104,PRE-IN-010,src/讲义源码/第01册_数学基础与统计学习基本理论/chapters/V1-C06.tex,442,99,中,符号密度较高；单段过长，需分层,"先说它解决什么：“基尼指数”应按输入、状态、初始化、一次更新、停止与输出六个角色来读。
再给核心表述：类别概率为$p_1, ,p_K$时，基尼不纯度为 $ G(p)=1- _k=1^Kp_k^2= _kp_k(1-p_k). $ 它等于按$p$随机抽取两个独立标签时二者不同的概率。
然后落地对象与条件：逐一写清输入/变量属于什么集合，公式在哪些前提下成立。
最小自检：用2—3个状态或样本手算一轮，把更新前后量并排列出。
误区与边界：预算耗尽、数值停止和数学收敛不是同一状态；候选失败时不能覆盖最后合法状态。",UNREVIEWED_CURRENT_SOURCE,统计学习方法讲义_v2.6.0_全量索引库.xlsx
M04-KN-PRE-OP-001,KNOWLEDGE,知识点索引,105,PRE-OP-001,src/讲义源码/第01册_数学基础与统计学习基本理论/chapters/V1-C07.tex,72,117,中,符号密度较高；缺少最小例/非例；缺少一句话直觉桥,"先说它解决什么：“优化问题的基本形式”回答怎样从目标、可行域和导数条件判断候选解或构造更新。
再给核心表述：首次阅读检查：目标函数。
然后落地对象与条件：逐一写清输入/变量属于什么集合，公式在哪些前提下成立。
最小自检：取一元二次函数，写出目标、定义域/约束、一阶条件和二阶检查。
误区与边界：梯度为0通常只是必要条件；有约束时还要检查可行性、乘子符号和互补松弛。",UNREVIEWED_CURRENT_SOURCE,统计学习方法讲义_v2.6.0_全量索引库.xlsx
M04-KN-PRE-OP-002,KNOWLEDGE,知识点索引,106,PRE-OP-002,src/讲义源码/第01册_数学基础与统计学习基本理论/chapters/V1-C07.tex,87,118,中,核心表述偏短；缺少最小例/非例；缺少一句话直觉桥,"先说它解决什么：“目标函数”用于说明概率量在支持集、条件化或归一化下如何定义与计算。
再给核心表述：目标函数把每个可行决策映射为可比较的标量。
然后落地对象与条件：逐一写清输入/变量属于什么集合，公式在哪些前提下成立。
最小自检：用两点或两类的最小分布代入一次，检查每项非负、总和为1，以及条件分母是否为正。
误区与边界：不要把密度值当作点概率，也不要在分母为0或支持集不匹配时继续套公式。",UNREVIEWED_CURRENT_SOURCE,统计学习方法讲义_v2.6.0_全量索引库.xlsx
M04-KN-PRE-OP-003,KNOWLEDGE,知识点索引,107,PRE-OP-003,src/讲义源码/第01册_数学基础与统计学习基本理论/chapters/V1-C07.tex,89,118,中,符号密度较高；缺少最小例/非例；缺少一句话直觉桥,"先说它解决什么：“等式约束与不等式约束”应按输入、状态、初始化、一次更新、停止与输出六个角色来读。
再给核心表述：等式约束把解限制在低维集合上；
然后落地对象与条件：逐一写清输入/变量属于什么集合，公式在哪些前提下成立。
最小自检：用2—3个状态或样本手算一轮，把更新前后量并排列出。
误区与边界：预算耗尽、数值停止和数学收敛不是同一状态；候选失败时不能覆盖最后合法状态。",UNREVIEWED_CURRENT_SOURCE,统计学习方法讲义_v2.6.0_全量索引库.xlsx
M04-KN-PRE-OP-004,KNOWLEDGE,知识点索引,108,PRE-OP-004,src/讲义源码/第01册_数学基础与统计学习基本理论/chapters/V1-C07.tex,106,118,高,核心表述偏短；符号密度较高；缺少最小例/非例；缺少一句话直觉桥,"先说它解决什么：先把“可行域”理解为一个需要明确对象、条件与结论的基础概念。
再给核心表述：可行域 $ C=\x:c_i(x) 0,\ h_j(x)=0\$；
然后落地对象与条件：逐一写清输入/变量属于什么集合，公式在哪些前提下成立。
最小自检：给出一个满足定义的最小例和一个只破坏单一条件的非例。
误区与边界：不要只凭名称或图形相似作判断，应回到定义中的量词、作用域和条件。",UNREVIEWED_CURRENT_SOURCE,统计学习方法讲义_v2.6.0_全量索引库.xlsx
M04-KN-PRE-OP-005,KNOWLEDGE,知识点索引,109,PRE-OP-005,src/讲义源码/第01册_数学基础与统计学习基本理论/chapters/V1-C07.tex,108,118,中,符号密度较高；缺少最小例/非例；缺少一句话直觉桥,"先说它解决什么：“局部最优与全局最优”回答怎样从目标、可行域和导数条件判断候选解或构造更新。
再给核心表述：可行点$x^*$是局部最优，若存在半径$ >0$，对 $ C B(x^*, )$ 中所有点有 $f(x^*) f(x)$；
然后落地对象与条件：逐一写清输入/变量属于什么集合，公式在哪些前提下成立。
最小自检：取一元二次函数，写出目标、定义域/约束、一阶条件和二阶检查。
误区与边界：梯度为0通常只是必要条件；有约束时还要检查可行性、乘子符号和互补松弛。",UNREVIEWED_CURRENT_SOURCE,统计学习方法讲义_v2.6.0_全量索引库.xlsx
M04-KN-PRE-OP-006,KNOWLEDGE,知识点索引,110,PRE-OP-006,src/讲义源码/第01册_数学基础与统计学习基本理论/chapters/V1-C07.tex,126,119,高,核心表述偏短；符号密度较高；缺少最小例/非例；缺少一句话直觉桥,"先说它解决什么：“凸集”说明线性对象的维数、方向或几何作用，核心是先核对对象所在空间。
再给核心表述：集合$C$凸是指任意$x,y C$与$t $满足 $tx+(1-t)y C$。
然后落地对象与条件：逐一写清输入/变量属于什么集合，公式在哪些前提下成立。
最小自检：取二维向量或2×2矩阵逐项算一次，并在每个乘法前写出维数。
误区与边界：矩阵乘法通常不可交换；零向量、非满秩和非正定情形要单独检查。",UNREVIEWED_CURRENT_SOURCE,统计学习方法讲义_v2.6.0_全量索引库.xlsx
M04-KN-PRE-OP-007,KNOWLEDGE,知识点索引,111,PRE-OP-007,src/讲义源码/第01册_数学基础与统计学习基本理论/chapters/V1-C07.tex,128,119,高,核心表述偏短；符号密度较高；缺少最小例/非例；缺少一句话直觉桥,"先说它解决什么：“凸函数”回答怎样从目标、可行域和导数条件判断候选解或构造更新。
再给核心表述：函数$f:C R$在凸域上凸，若 $ f(tx+(1-t)y) tf(x)+(1-t)f(y). $
然后落地对象与条件：逐一写清输入/变量属于什么集合，公式在哪些前提下成立。
最小自检：取一元二次函数，写出目标、定义域/约束、一阶条件和二阶检查。
误区与边界：梯度为0通常只是必要条件；有约束时还要检查可行性、乘子符号和互补松弛。",UNREVIEWED_CURRENT_SOURCE,统计学习方法讲义_v2.6.0_全量索引库.xlsx
M04-KN-PRE-OP-008,KNOWLEDGE,知识点索引,112,PRE-OP-008,src/讲义源码/第01册_数学基础与统计学习基本理论/chapters/V1-C07.tex,133,119,中,符号密度较高；缺少一句话直觉桥；单段过长，需分层,"先说它解决什么：“严格凸函数”回答怎样从目标、可行域和导数条件判断候选解或构造更新。
再给核心表述：若对$x y$和$t (0,1)$上式严格小于，则$f$严格凸。
然后落地对象与条件：逐一写清输入/变量属于什么集合，公式在哪些前提下成立。
最小自检：取一元二次函数，写出目标、定义域/约束、一阶条件和二阶检查。
误区与边界：梯度为0通常只是必要条件；有约束时还要检查可行性、乘子符号和互补松弛。",UNREVIEWED_CURRENT_SOURCE,统计学习方法讲义_v2.6.0_全量索引库.xlsx
M04-KN-PRE-OP-020,KNOWLEDGE,知识点索引,113,PRE-OP-020,src/讲义源码/第01册_数学基础与统计学习基本理论/chapters/V1-C07.tex,163,119,高,核心表述偏短；成立条件未显式前置；缺少最小例/非例；缺少一句话直觉桥,"先说它解决什么：“KKT条件”回答怎样从目标、可行域和导数条件判断候选解或构造更新。
再给核心表述：
然后落地对象与条件：逐一写清输入/变量属于什么集合，公式在哪些前提下成立。
最小自检：取一元二次函数，写出目标、定义域/约束、一阶条件和二阶检查。
误区与边界：梯度为0通常只是必要条件；有约束时还要检查可行性、乘子符号和互补松弛。",UNREVIEWED_CURRENT_SOURCE,统计学习方法讲义_v2.6.0_全量索引库.xlsx
M04-KN-SLM-C-03-002,KNOWLEDGE,知识点索引,114,SLM-C-03-002,src/讲义源码/第01册_数学基础与统计学习基本理论/chapters/V1-C07.tex,164,119,中,符号密度较高；缺少最小例/非例,"先说它解决什么：“定理C.3”应按输入、状态、初始化、一次更新、停止与输出六个角色来读。
再给核心表述：先分清三个方向。
然后落地对象与条件：逐一写清输入/变量属于什么集合，公式在哪些前提下成立。
最小自检：用2—3个状态或样本手算一轮，把更新前后量并排列出。
误区与边界：预算耗尽、数值停止和数学收敛不是同一状态；候选失败时不能覆盖最后合法状态。",UNREVIEWED_CURRENT_SOURCE,统计学习方法讲义_v2.6.0_全量索引库.xlsx
M04-KN-PRE-OP-021,KNOWLEDGE,知识点索引,115,PRE-OP-021,src/讲义源码/第01册_数学基础与统计学习基本理论/chapters/V1-C07.tex,185,119,高,符号密度较高；缺少最小例/非例；缺少一句话直觉桥；单段过长，需分层,"先说它解决什么：“互补松弛条件”回答怎样从目标、可行域和导数条件判断候选解或构造更新。
再给核心表述：若$c_i(x^*)<0$，则必须$ _i^*=0$；
然后落地对象与条件：逐一写清输入/变量属于什么集合，公式在哪些前提下成立。
最小自检：取一元二次函数，写出目标、定义域/约束、一阶条件和二阶检查。
误区与边界：梯度为0通常只是必要条件；有约束时还要检查可行性、乘子符号和互补松弛。",UNREVIEWED_CURRENT_SOURCE,统计学习方法讲义_v2.6.0_全量索引库.xlsx
M04-KN-PRE-OP-009,KNOWLEDGE,知识点索引,116,PRE-OP-009,src/讲义源码/第01册_数学基础与统计学习基本理论/chapters/V1-C07.tex,287,123,高,核心表述偏短；符号密度较高；缺少最小例/非例；缺少一句话直觉桥,"先说它解决什么：“凸函数的一阶条件”回答怎样从目标、可行域和导数条件判断候选解或构造更新。
再给核心表述：可微函数在开凸集上凸，当且仅当 $ f(y) f(x)+ f(x)^ T(y-x), x,y. $ 右侧是$x$处切平面；
然后落地对象与条件：逐一写清输入/变量属于什么集合，公式在哪些前提下成立。
最小自检：取一元二次函数，写出目标、定义域/约束、一阶条件和二阶检查。
误区与边界：梯度为0通常只是必要条件；有约束时还要检查可行性、乘子符号和互补松弛。",UNREVIEWED_CURRENT_SOURCE,统计学习方法讲义_v2.6.0_全量索引库.xlsx
M04-KN-PRE-OP-010,KNOWLEDGE,知识点索引,117,PRE-OP-010,src/讲义源码/第01册_数学基础与统计学习基本理论/chapters/V1-C07.tex,293,123,高,核心表述偏短；符号密度较高；缺少最小例/非例；缺少一句话直觉桥,"先说它解决什么：“凸函数的二阶条件”回答怎样从目标、可行域和导数条件判断候选解或构造更新。
再给核心表述：二次可微函数在开凸集上凸，当且仅当 $ ^2f(x) 0$ 对所有$x$成立；
然后落地对象与条件：逐一写清输入/变量属于什么集合，公式在哪些前提下成立。
最小自检：取一元二次函数，写出目标、定义域/约束、一阶条件和二阶检查。
误区与边界：梯度为0通常只是必要条件；有约束时还要检查可行性、乘子符号和互补松弛。",UNREVIEWED_CURRENT_SOURCE,统计学习方法讲义_v2.6.0_全量索引库.xlsx
M04-KN-PRE-OP-011,KNOWLEDGE,知识点索引,118,PRE-OP-011,src/讲义源码/第01册_数学基础与统计学习基本理论/chapters/V1-C07.tex,313,117,中,符号密度较高；缺少最小例/非例；缺少一句话直觉桥,"先说它解决什么：“Jensen不等式”用于说明概率量在支持集、条件化或归一化下如何定义与计算。
再给核心表述：pre:V1-C06-finite-jensen已在信息论首次使用前给出有限加权形式。
然后落地对象与条件：逐一写清输入/变量属于什么集合，公式在哪些前提下成立。
最小自检：用两点或两类的最小分布代入一次，检查每项非负、总和为1，以及条件分母是否为正。
误区与边界：不要把密度值当作点概率，也不要在分母为0或支持集不匹配时继续套公式。",UNREVIEWED_CURRENT_SOURCE,统计学习方法讲义_v2.6.0_全量索引库.xlsx
M04-KN-PRE-OP-012,KNOWLEDGE,知识点索引,119,PRE-OP-012,src/讲义源码/第01册_数学基础与统计学习基本理论/chapters/V1-C07.tex,345,125,中,核心表述偏短；缺少最小例/非例；缺少一句话直觉桥,"先说它解决什么：“拉格朗日乘子法”说明线性对象的维数、方向或几何作用，核心是先核对对象所在空间。
再给核心表述：等式约束下，若约束梯度正则，最优点处目标梯度属于约束梯度张成空间。
然后落地对象与条件：逐一写清输入/变量属于什么集合，公式在哪些前提下成立。
最小自检：取二维向量或2×2矩阵逐项算一次，并在每个乘法前写出维数。
误区与边界：矩阵乘法通常不可交换；零向量、非满秩和非正定情形要单独检查。",UNREVIEWED_CURRENT_SOURCE,统计学习方法讲义_v2.6.0_全量索引库.xlsx
M04-KN-PRE-OP-013,KNOWLEDGE,知识点索引,120,PRE-OP-013,src/讲义源码/第01册_数学基础与统计学习基本理论/chapters/V1-C07.tex,347,117,中,符号密度较高；单段过长，需分层,"先说它解决什么：“拉格朗日函数”回答怎样从目标、可行域和导数条件判断候选解或构造更新。
再给核心表述：对标准形式定义 $ L(x, , )=f(x)+ _i=1^m _i c_i(x)+ _j=1^r _jh_j(x), _i 0. $ 不等式乘子非负保证对可行点有 $L(x, , ) f(x)$；
然后落地对象与条件：逐一写清输入/变量属于什么集合，公式在哪些前提下成立。
最小自检：取一元二次函数，写出目标、定义域/约束、一阶条件和二阶检查。
误区与边界：梯度为0通常只是必要条件；有约束时还要检查可行性、乘子符号和互补松弛。",UNREVIEWED_CURRENT_SOURCE,统计学习方法讲义_v2.6.0_全量索引库.xlsx
M04-KN-PRE-OP-014,KNOWLEDGE,知识点索引,121,PRE-OP-014,src/讲义源码/第01册_数学基础与统计学习基本理论/chapters/V1-C07.tex,382,117,中,核心表述偏短；缺少最小例/非例；缺少一句话直觉桥,"先说它解决什么：先把“原问题”理解为一个需要明确对象、条件与结论的基础概念。
再给核心表述：
然后落地对象与条件：逐一写清输入/变量属于什么集合，公式在哪些前提下成立。
最小自检：给出一个满足定义的最小例和一个只破坏单一条件的非例。
误区与边界：不要只凭名称或图形相似作判断，应回到定义中的量词、作用域和条件。",UNREVIEWED_CURRENT_SOURCE,统计学习方法讲义_v2.6.0_全量索引库.xlsx
M04-KN-SLM-C-00-001,KNOWLEDGE,知识点索引,122,SLM-C-00-001,src/讲义源码/第01册_数学基础与统计学习基本理论/chapters/V1-C07.tex,383,117,高,核心表述偏短；成立条件未显式前置；缺少最小例/非例；缺少一句话直觉桥,"先说它解决什么：“拉格朗日对偶性”回答怎样从目标、可行域和导数条件判断候选解或构造更新。
再给核心表述：
然后落地对象与条件：逐一写清输入/变量属于什么集合，公式在哪些前提下成立。
最小自检：取一元二次函数，写出目标、定义域/约束、一阶条件和二阶检查。
误区与边界：梯度为0通常只是必要条件；有约束时还要检查可行性、乘子符号和互补松弛。",UNREVIEWED_CURRENT_SOURCE,统计学习方法讲义_v2.6.0_全量索引库.xlsx
M04-KN-SLM-C-01-001,KNOWLEDGE,知识点索引,123,SLM-C-01-001,src/讲义源码/第01册_数学基础与统计学习基本理论/chapters/V1-C07.tex,384,126,高,核心表述偏短；符号密度较高；缺少最小例/非例；缺少一句话直觉桥,"先说它解决什么：“原始问题”回答怎样从目标、可行域和导数条件判断候选解或构造更新。
再给核心表述：原问题就是本章标准约束最小化，其最优值记为$p^*$。
然后落地对象与条件：逐一写清输入/变量属于什么集合，公式在哪些前提下成立。
最小自检：取一元二次函数，写出目标、定义域/约束、一阶条件和二阶检查。
误区与边界：梯度为0通常只是必要条件；有约束时还要检查可行性、乘子符号和互补松弛。",UNREVIEWED_CURRENT_SOURCE,统计学习方法讲义_v2.6.0_全量索引库.xlsx
M04-KN-PRE-OP-015,KNOWLEDGE,知识点索引,124,PRE-OP-015,src/讲义源码/第01册_数学基础与统计学习基本理论/chapters/V1-C07.tex,386,117,高,核心表述偏短；符号密度较高；成立条件未显式前置；缺少最小例/非例；缺少一句话直觉桥,"先说它解决什么：“对偶函数”回答怎样从目标、可行域和导数条件判断候选解或构造更新。
再给核心表述：$ g( , )= _x L(x, , ). $ 它是关于乘子的仿射函数族的逐点下确界，因此无论原问题是否凸，$g$总是凹函数。
然后落地对象与条件：逐一写清输入/变量属于什么集合，公式在哪些前提下成立。
最小自检：取一元二次函数，写出目标、定义域/约束、一阶条件和二阶检查。
误区与边界：梯度为0通常只是必要条件；有约束时还要检查可行性、乘子符号和互补松弛。",UNREVIEWED_CURRENT_SOURCE,统计学习方法讲义_v2.6.0_全量索引库.xlsx
M04-KN-PRE-OP-016,KNOWLEDGE,知识点索引,125,PRE-OP-016,src/讲义源码/第01册_数学基础与统计学习基本理论/chapters/V1-C07.tex,391,117,高,核心表述偏短；成立条件未显式前置；缺少最小例/非例；缺少一句话直觉桥,"先说它解决什么：“对偶问题”回答怎样从目标、可行域和导数条件判断候选解或构造更新。
再给核心表述：
然后落地对象与条件：逐一写清输入/变量属于什么集合，公式在哪些前提下成立。
最小自检：取一元二次函数，写出目标、定义域/约束、一阶条件和二阶检查。
误区与边界：梯度为0通常只是必要条件；有约束时还要检查可行性、乘子符号和互补松弛。",UNREVIEWED_CURRENT_SOURCE,统计学习方法讲义_v2.6.0_全量索引库.xlsx
M04-KN-SLM-C-02-001,KNOWLEDGE,知识点索引,126,SLM-C-02-001,src/讲义源码/第01册_数学基础与统计学习基本理论/chapters/V1-C07.tex,392,117,中,符号密度较高；缺少最小例/非例；缺少一句话直觉桥,"先说它解决什么：“对偶问题”回答怎样从目标、可行域和导数条件判断候选解或构造更新。
再给核心表述：对偶问题为 $ _ 0, g( , )$，最优值记为$d^*$。
然后落地对象与条件：逐一写清输入/变量属于什么集合，公式在哪些前提下成立。
最小自检：取一元二次函数，写出目标、定义域/约束、一阶条件和二阶检查。
误区与边界：梯度为0通常只是必要条件；有约束时还要检查可行性、乘子符号和互补松弛。",UNREVIEWED_CURRENT_SOURCE,统计学习方法讲义_v2.6.0_全量索引库.xlsx
M04-KN-PRE-OP-017,KNOWLEDGE,知识点索引,127,PRE-OP-017,src/讲义源码/第01册_数学基础与统计学习基本理论/chapters/V1-C07.tex,410,117,高,核心表述偏短；成立条件未显式前置；缺少最小例/非例；缺少一句话直觉桥,"先说它解决什么：“弱对偶”回答怎样从目标、可行域和导数条件判断候选解或构造更新。
再给核心表述：
然后落地对象与条件：逐一写清输入/变量属于什么集合，公式在哪些前提下成立。
最小自检：取一元二次函数，写出目标、定义域/约束、一阶条件和二阶检查。
误区与边界：梯度为0通常只是必要条件；有约束时还要检查可行性、乘子符号和互补松弛。",UNREVIEWED_CURRENT_SOURCE,统计学习方法讲义_v2.6.0_全量索引库.xlsx
M04-KN-SLM-C-03-001,KNOWLEDGE,知识点索引,128,SLM-C-03-001,src/讲义源码/第01册_数学基础与统计学习基本理论/chapters/V1-C07.tex,411,126,高,核心表述偏短；成立条件未显式前置；缺少最小例/非例；缺少一句话直觉桥,"先说它解决什么：“原始问题和对偶问题的关系”回答怎样从目标、可行域和导数条件判断候选解或构造更新。
再给核心表述：
然后落地对象与条件：逐一写清输入/变量属于什么集合，公式在哪些前提下成立。
最小自检：取一元二次函数，写出目标、定义域/约束、一阶条件和二阶检查。
误区与边界：梯度为0通常只是必要条件；有约束时还要检查可行性、乘子符号和互补松弛。",UNREVIEWED_CURRENT_SOURCE,统计学习方法讲义_v2.6.0_全量索引库.xlsx
M04-KN-SLM-C-01-002,KNOWLEDGE,知识点索引,129,SLM-C-01-002,src/讲义源码/第01册_数学基础与统计学习基本理论/chapters/V1-C07.tex,412,117,中,符号密度较高；缺少最小例/非例；缺少一句话直觉桥,"先说它解决什么：“定理C.1”回答怎样从目标、可行域和导数条件判断候选解或构造更新。
再给核心表述：对任何原可行$x$与对偶可行$( , )$，有 $ g( , ) L(x, , ) f(x), $ 故 $d^* p^*$。
然后落地对象与条件：逐一写清输入/变量属于什么集合，公式在哪些前提下成立。
最小自检：取一元二次函数，写出目标、定义域/约束、一阶条件和二阶检查。
误区与边界：梯度为0通常只是必要条件；有约束时还要检查可行性、乘子符号和互补松弛。",UNREVIEWED_CURRENT_SOURCE,统计学习方法讲义_v2.6.0_全量索引库.xlsx
M04-KN-SLM-C-01-003,KNOWLEDGE,知识点索引,130,SLM-C-01-003,src/讲义源码/第01册_数学基础与统计学习基本理论/chapters/V1-C07.tex,428,127,中,核心表述偏短；缺少最小例/非例；缺少一句话直觉桥,"先说它解决什么：“推论C.1”回答怎样从目标、可行域和导数条件判断候选解或构造更新。
再给核心表述：若找到原可行与对偶可行解且目标值相等，则两者分别为各自问题的最优解。
然后落地对象与条件：逐一写清输入/变量属于什么集合，公式在哪些前提下成立。
最小自检：取一元二次函数，写出目标、定义域/约束、一阶条件和二阶检查。
误区与边界：梯度为0通常只是必要条件；有约束时还要检查可行性、乘子符号和互补松弛。",UNREVIEWED_CURRENT_SOURCE,统计学习方法讲义_v2.6.0_全量索引库.xlsx
M04-KN-PRE-OP-018,KNOWLEDGE,知识点索引,131,PRE-OP-018,src/讲义源码/第01册_数学基础与统计学习基本理论/chapters/V1-C07.tex,430,127,高,核心表述偏短；成立条件未显式前置；缺少最小例/非例；缺少一句话直觉桥,"先说它解决什么：“强对偶”回答怎样从目标、可行域和导数条件判断候选解或构造更新。
再给核心表述：强对偶指 $d^*=p^*$；
然后落地对象与条件：逐一写清输入/变量属于什么集合，公式在哪些前提下成立。
最小自检：取一元二次函数，写出目标、定义域/约束、一阶条件和二阶检查。
误区与边界：梯度为0通常只是必要条件；有约束时还要检查可行性、乘子符号和互补松弛。",UNREVIEWED_CURRENT_SOURCE,统计学习方法讲义_v2.6.0_全量索引库.xlsx
M04-KN-PRE-OP-019,KNOWLEDGE,知识点索引,132,PRE-OP-019,src/讲义源码/第01册_数学基础与统计学习基本理论/chapters/V1-C07.tex,432,127,中,符号密度较高；缺少最小例/非例；缺少一句话直觉桥,"先说它解决什么：“Slater条件”回答怎样从目标、可行域和导数条件判断候选解或构造更新。
再给核心表述：考虑有限维凸问题：目标与不等式函数凸，等式约束写成$Ax=b$，且各函数有共同定义域。
然后落地对象与条件：逐一写清输入/变量属于什么集合，公式在哪些前提下成立。
最小自检：取一元二次函数，写出目标、定义域/约束、一阶条件和二阶检查。
误区与边界：梯度为0通常只是必要条件；有约束时还要检查可行性、乘子符号和互补松弛。",UNREVIEWED_CURRENT_SOURCE,统计学习方法讲义_v2.6.0_全量索引库.xlsx
M04-KN-SLM-C-02-002,KNOWLEDGE,知识点索引,133,SLM-C-02-002,src/讲义源码/第01册_数学基础与统计学习基本理论/chapters/V1-C07.tex,440,117,中,核心表述偏短；缺少最小例/非例；缺少一句话直觉桥,"先说它解决什么：先把“定理C.2”理解为一个需要明确对象、条件与结论的基础概念。
再给核心表述：
然后落地对象与条件：逐一写清输入/变量属于什么集合，公式在哪些前提下成立。
最小自检：给出一个满足定义的最小例和一个只破坏单一条件的非例。
误区与边界：不要只凭名称或图形相似作判断，应回到定义中的量词、作用域和条件。",UNREVIEWED_CURRENT_SOURCE,统计学习方法讲义_v2.6.0_全量索引库.xlsx
M04-KN-PRE-OP-022,KNOWLEDGE,知识点索引,134,PRE-OP-022,src/讲义源码/第01册_数学基础与统计学习基本理论/chapters/V1-C08.tex,75,138,高,核心表述偏短；成立条件未显式前置；缺少最小例/非例；缺少一句话直觉桥,"先说它解决什么：“梯度下降与步长”应按输入、状态、初始化、一次更新、停止与输出六个角色来读。
再给核心表述：
然后落地对象与条件：逐一写清输入/变量属于什么集合，公式在哪些前提下成立。
最小自检：用2—3个状态或样本手算一轮，把更新前后量并排列出。
误区与边界：预算耗尽、数值停止和数学收敛不是同一状态；候选失败时不能覆盖最后合法状态。",UNREVIEWED_CURRENT_SOURCE,统计学习方法讲义_v2.6.0_全量索引库.xlsx
M04-KN-PRE-OP-026,KNOWLEDGE,知识点索引,135,PRE-OP-026,src/讲义源码/第01册_数学基础与统计学习基本理论/chapters/V1-C08.tex,121,139,中,符号密度较高；缺少一句话直觉桥,"先说它解决什么：“线搜索”应按输入、状态、初始化、一次更新、停止与输出六个角色来读。
再给核心表述：给定下降方向$p_k$，精确线搜索最小化 $ ( )=f(x_k+ p_k)$；
然后落地对象与条件：逐一写清输入/变量属于什么集合，公式在哪些前提下成立。
最小自检：用2—3个状态或样本手算一轮，把更新前后量并排列出。
误区与边界：预算耗尽、数值停止和数学收敛不是同一状态；候选失败时不能覆盖最后合法状态。",UNREVIEWED_CURRENT_SOURCE,统计学习方法讲义_v2.6.0_全量索引库.xlsx
M04-KN-SLM-A-00-001,KNOWLEDGE,知识点索引,136,SLM-A-00-001,src/讲义源码/第01册_数学基础与统计学习基本理论/chapters/V1-C08.tex,133,140,中,符号密度较高；缺少一句话直觉桥,"先说它解决什么：“梯度下降法”应按输入、状态、初始化、一次更新、停止与输出六个角色来读。
再给核心表述：首次阅读检查：梯度下降法。
然后落地对象与条件：逐一写清输入/变量属于什么集合，公式在哪些前提下成立。
最小自检：用2—3个状态或样本手算一轮，把更新前后量并排列出。
误区与边界：预算耗尽、数值停止和数学收敛不是同一状态；候选失败时不能覆盖最后合法状态。",UNREVIEWED_CURRENT_SOURCE,统计学习方法讲义_v2.6.0_全量索引库.xlsx
M04-KN-SLM-A-00-002,KNOWLEDGE,知识点索引,137,SLM-A-00-002,src/讲义源码/第01册_数学基础与统计学习基本理论/chapters/V1-C08.tex,139,140,中,符号密度较高；缺少一句话直觉桥,"先说它解决什么：“梯度下降法”应按输入、状态、初始化、一次更新、停止与输出六个角色来读。
再给核心表述：首次阅读检查：梯度下降法。
然后落地对象与条件：逐一写清输入/变量属于什么集合，公式在哪些前提下成立。
最小自检：用2—3个状态或样本手算一轮，把更新前后量并排列出。
误区与边界：预算耗尽、数值停止和数学收敛不是同一状态；候选失败时不能覆盖最后合法状态。",UNREVIEWED_CURRENT_SOURCE,统计学习方法讲义_v2.6.0_全量索引库.xlsx
M04-KN-SLM-A-01-001,KNOWLEDGE,知识点索引,138,SLM-A-01-001,src/讲义源码/第01册_数学基础与统计学习基本理论/chapters/V1-C08.tex,145,140,中,核心表述偏短；缺少最小例/非例；缺少一句话直觉桥,"先说它解决什么：“梯度下降法”应按输入、状态、初始化、一次更新、停止与输出六个角色来读。
再给核心表述：梯度下降从初始点开始，反复选择负梯度方向与步长，直到满足停止条件。
然后落地对象与条件：逐一写清输入/变量属于什么集合，公式在哪些前提下成立。
最小自检：用2—3个状态或样本手算一轮，把更新前后量并排列出。
误区与边界：预算耗尽、数值停止和数学收敛不是同一状态；候选失败时不能覆盖最后合法状态。",UNREVIEWED_CURRENT_SOURCE,统计学习方法讲义_v2.6.0_全量索引库.xlsx
M04-KN-PRE-OP-027,KNOWLEDGE,知识点索引,139,PRE-OP-027,src/讲义源码/第01册_数学基础与统计学习基本理论/chapters/V1-C08.tex,147,139,高,符号密度较高；缺少最小例/非例；缺少一句话直觉桥；单段过长，需分层,"先说它解决什么：“迭代算法的停止条件与收敛判据”应按输入、状态、初始化、一次更新、停止与输出六个角色来读。
再给核心表述：常用判据包括 $\|g_k\| _g$、$\|x_k+1-x_k\| _x(1+\|x_k\|)$、$|f_k+1-f_k| _f(1+|f_k|)$ 与最大迭代次数。
然后落地对象与条件：逐一写清输入/变量属于什么集合，公式在哪些前提下成立。
最小自检：用2—3个状态或样本手算一轮，把更新前后量并排列出。
误区与边界：预算耗尽、数值停止和数学收敛不是同一状态；候选失败时不能覆盖最后合法状态。",UNREVIEWED_CURRENT_SOURCE,统计学习方法讲义_v2.6.0_全量索引库.xlsx
M04-KN-PRE-OP-024,KNOWLEDGE,知识点索引,140,PRE-OP-024,src/讲义源码/第01册_数学基础与统计学习基本理论/chapters/V1-C08.tex,269,143,高,核心表述偏短；成立条件未显式前置；缺少最小例/非例；缺少一句话直觉桥,"先说它解决什么：“拟牛顿法”应按输入、状态、初始化、一次更新、停止与输出六个角色来读。
再给核心表述：
然后落地对象与条件：逐一写清输入/变量属于什么集合，公式在哪些前提下成立。
最小自检：用2—3个状态或样本手算一轮，把更新前后量并排列出。
误区与边界：预算耗尽、数值停止和数学收敛不是同一状态；候选失败时不能覆盖最后合法状态。",UNREVIEWED_CURRENT_SOURCE,统计学习方法讲义_v2.6.0_全量索引库.xlsx
M04-KN-SLM-B-00-001,KNOWLEDGE,知识点索引,141,SLM-B-00-001,src/讲义源码/第01册_数学基础与统计学习基本理论/chapters/V1-C08.tex,270,143,高,核心表述偏短；符号密度较高；缺少最小例/非例；缺少一句话直觉桥,"先说它解决什么：“牛顿法和拟牛顿法”应按输入、状态、初始化、一次更新、停止与输出六个角色来读。
再给核心表述：拟牛顿法用正定矩阵$B_k$近似Hessian，或用$G_k=B_k^-1$近似逆Hessian，避免每轮显式计算二阶导数。
然后落地对象与条件：逐一写清输入/变量属于什么集合，公式在哪些前提下成立。
最小自检：用2—3个状态或样本手算一轮，把更新前后量并排列出。
误区与边界：预算耗尽、数值停止和数学收敛不是同一状态；候选失败时不能覆盖最后合法状态。",UNREVIEWED_CURRENT_SOURCE,统计学习方法讲义_v2.6.0_全量索引库.xlsx
M04-KN-SLM-B-01-001,KNOWLEDGE,知识点索引,142,SLM-B-01-001,src/讲义源码/第01册_数学基础与统计学习基本理论/chapters/V1-C08.tex,272,143,高,核心表述偏短；成立条件未显式前置；缺少最小例/非例；缺少一句话直觉桥,"先说它解决什么：“牛顿法”应按输入、状态、初始化、一次更新、停止与输出六个角色来读。
再给核心表述：
然后落地对象与条件：逐一写清输入/变量属于什么集合，公式在哪些前提下成立。
最小自检：用2—3个状态或样本手算一轮，把更新前后量并排列出。
误区与边界：预算耗尽、数值停止和数学收敛不是同一状态；候选失败时不能覆盖最后合法状态。",UNREVIEWED_CURRENT_SOURCE,统计学习方法讲义_v2.6.0_全量索引库.xlsx
M04-KN-SLM-B-01-002,KNOWLEDGE,知识点索引,143,SLM-B-01-002,src/讲义源码/第01册_数学基础与统计学习基本理论/chapters/V1-C08.tex,273,143,高,核心表述偏短；成立条件未显式前置；缺少最小例/非例；缺少一句话直觉桥,"先说它解决什么：“牛顿法”应按输入、状态、初始化、一次更新、停止与输出六个角色来读。
再给核心表述：牛顿法的二阶模型与线性系统仍是拟牛顿更新的目标参照。
然后落地对象与条件：逐一写清输入/变量属于什么集合，公式在哪些前提下成立。
最小自检：用2—3个状态或样本手算一轮，把更新前后量并排列出。
误区与边界：预算耗尽、数值停止和数学收敛不是同一状态；候选失败时不能覆盖最后合法状态。",UNREVIEWED_CURRENT_SOURCE,统计学习方法讲义_v2.6.0_全量索引库.xlsx
M04-KN-SLM-B-02-001,KNOWLEDGE,知识点索引,144,SLM-B-02-001,src/讲义源码/第01册_数学基础与统计学习基本理论/chapters/V1-C08.tex,275,143,高,核心表述偏短；成立条件未显式前置；缺少最小例/非例；缺少一句话直觉桥,"先说它解决什么：“拟牛顿法的思路”应按输入、状态、初始化、一次更新、停止与输出六个角色来读。
再给核心表述：
然后落地对象与条件：逐一写清输入/变量属于什么集合，公式在哪些前提下成立。
最小自检：用2—3个状态或样本手算一轮，把更新前后量并排列出。
误区与边界：预算耗尽、数值停止和数学收敛不是同一状态；候选失败时不能覆盖最后合法状态。",UNREVIEWED_CURRENT_SOURCE,统计学习方法讲义_v2.6.0_全量索引库.xlsx
M04-KN-SLM-B-03-001,KNOWLEDGE,知识点索引,145,SLM-B-03-001,src/讲义源码/第01册_数学基础与统计学习基本理论/chapters/V1-C08.tex,276,143,高,核心表述偏短；成立条件未显式前置；缺少最小例/非例；缺少一句话直觉桥,"先说它解决什么：“DFP（Davidon-Fletcher-Powell）算法”应按输入、状态、初始化、一次更新、停止与输出六个角色来读。
再给核心表述：
然后落地对象与条件：逐一写清输入/变量属于什么集合，公式在哪些前提下成立。
最小自检：用2—3个状态或样本手算一轮，把更新前后量并排列出。
误区与边界：预算耗尽、数值停止和数学收敛不是同一状态；候选失败时不能覆盖最后合法状态。",UNREVIEWED_CURRENT_SOURCE,统计学习方法讲义_v2.6.0_全量索引库.xlsx
M04-KN-SLM-B-02-002,KNOWLEDGE,知识点索引,146,SLM-B-02-002,src/讲义源码/第01册_数学基础与统计学习基本理论/chapters/V1-C08.tex,277,143,高,核心表述偏短；成立条件未显式前置；缺少最小例/非例；缺少一句话直觉桥,"先说它解决什么：“DFP算法”应按输入、状态、初始化、一次更新、停止与输出六个角色来读。
再给核心表述：
然后落地对象与条件：逐一写清输入/变量属于什么集合，公式在哪些前提下成立。
最小自检：用2—3个状态或样本手算一轮，把更新前后量并排列出。
误区与边界：预算耗尽、数值停止和数学收敛不是同一状态；候选失败时不能覆盖最后合法状态。",UNREVIEWED_CURRENT_SOURCE,统计学习方法讲义_v2.6.0_全量索引库.xlsx
M04-KN-SLM-B-04-001,KNOWLEDGE,知识点索引,147,SLM-B-04-001,src/讲义源码/第01册_数学基础与统计学习基本理论/chapters/V1-C08.tex,278,143,高,核心表述偏短；成立条件未显式前置；缺少最小例/非例；缺少一句话直觉桥,"先说它解决什么：“BFGS（Broyden-Fletcher-Goldfarb-Shanno）算法”应按输入、状态、初始化、一次更新、停止与输出六个角色来读。
再给核心表述：
然后落地对象与条件：逐一写清输入/变量属于什么集合，公式在哪些前提下成立。
最小自检：用2—3个状态或样本手算一轮，把更新前后量并排列出。
误区与边界：预算耗尽、数值停止和数学收敛不是同一状态；候选失败时不能覆盖最后合法状态。",UNREVIEWED_CURRENT_SOURCE,统计学习方法讲义_v2.6.0_全量索引库.xlsx
M04-KN-SLM-B-03-002,KNOWLEDGE,知识点索引,148,SLM-B-03-002,src/讲义源码/第01册_数学基础与统计学习基本理论/chapters/V1-C08.tex,279,143,中,符号密度较高；缺少一句话直觉桥；单段过长，需分层,"先说它解决什么：“BFGS算法”应按输入、状态、初始化、一次更新、停止与输出六个角色来读。
再给核心表述：验证两种逆 Hessian 更新都重现最新位移--梯度差关系。
然后落地对象与条件：逐一写清输入/变量属于什么集合，公式在哪些前提下成立。
最小自检：用2—3个状态或样本手算一轮，把更新前后量并排列出。
误区与边界：预算耗尽、数值停止和数学收敛不是同一状态；候选失败时不能覆盖最后合法状态。",UNREVIEWED_CURRENT_SOURCE,统计学习方法讲义_v2.6.0_全量索引库.xlsx
M04-KN-SLM-B-05-001,KNOWLEDGE,知识点索引,149,SLM-B-05-001,src/讲义源码/第01册_数学基础与统计学习基本理论/chapters/V1-C08.tex,319,144,中,符号密度较高；缺少一句话直觉桥；单段过长，需分层,"先说它解决什么：“Broyden类算法”应按输入、状态、初始化、一次更新、停止与输出六个角色来读。
再给核心表述：DFP与BFGS可置于满足割线条件的秩二更新族中；
然后落地对象与条件：逐一写清输入/变量属于什么集合，公式在哪些前提下成立。
最小自检：用2—3个状态或样本手算一轮，把更新前后量并排列出。
误区与边界：预算耗尽、数值停止和数学收敛不是同一状态；候选失败时不能覆盖最后合法状态。",UNREVIEWED_CURRENT_SOURCE,统计学习方法讲义_v2.6.0_全量索引库.xlsx
M04-KN-PRE-OP-025,KNOWLEDGE,知识点索引,150,PRE-OP-025,src/讲义源码/第01册_数学基础与统计学习基本理论/chapters/V1-C08.tex,384,143,中,符号密度较高；缺少最小例/非例,"先说它解决什么：“坐标下降”应按输入、状态、初始化、一次更新、停止与输出六个角色来读。
再给核心表述：坐标下降每次只优化一个坐标或一个块： $ x_j _z f(x_1, ,x_j-1,z,x_j+1, ,x_d). $ 循环、随机或贪心选坐标均可。
然后落地对象与条件：逐一写清输入/变量属于什么集合，公式在哪些前提下成立。
最小自检：用2—3个状态或样本手算一轮，把更新前后量并排列出。
误区与边界：预算耗尽、数值停止和数学收敛不是同一状态；候选失败时不能覆盖最后合法状态。",UNREVIEWED_CURRENT_SOURCE,统计学习方法讲义_v2.6.0_全量索引库.xlsx
M04-KN-PRE-OP-028,KNOWLEDGE,知识点索引,151,PRE-OP-028,src/讲义源码/第01册_数学基础与统计学习基本理论/chapters/V1-C08.tex,408,146,中,符号密度较高；缺少最小例/非例；单段过长，需分层,"先说它解决什么：“最大熵与改进迭代尺度法的优化基础”应按输入、状态、初始化、一次更新、停止与输出六个角色来读。
再给核心表述：条件最大熵模型可写为 $ p_w(y x)= (w^ Tf(x,y))Z_w(x), Z_w(x)= _y (w^ Tf(x,y)). $ 识别“模型特征期望减经验特征期望”的梯度结构及凸性来源。
然后落地对象与条件：逐一写清输入/变量属于什么集合，公式在哪些前提下成立。
最小自检：用2—3个状态或样本手算一轮，把更新前后量并排列出。
误区与边界：预算耗尽、数值停止和数学收敛不是同一状态；候选失败时不能覆盖最后合法状态。",UNREVIEWED_CURRENT_SOURCE,统计学习方法讲义_v2.6.0_全量索引库.xlsx
M04-KN-PRE-OP-023,KNOWLEDGE,知识点索引,152,PRE-OP-023,src/讲义源码/第01册_数学基础与统计学习基本理论/chapters/V1-C08.tex,561,150,中,符号密度较高；缺少一句话直觉桥,"先说它解决什么：“牛顿法”应按输入、状态、初始化、一次更新、停止与输出六个角色来读。
再给核心表述：牛顿法在$x_k$处用二阶Taylor模型 $ m_k(p)=f(x_k)+g_k^ Tp+ 12p^ TH_kp $ 近似目标。
然后落地对象与条件：逐一写清输入/变量属于什么集合，公式在哪些前提下成立。
最小自检：用2—3个状态或样本手算一轮，把更新前后量并排列出。
误区与边界：预算耗尽、数值停止和数学收敛不是同一状态；候选失败时不能覆盖最后合法状态。",UNREVIEWED_CURRENT_SOURCE,统计学习方法讲义_v2.6.0_全量索引库.xlsx
M04-KN-SLM-01-00-001,KNOWLEDGE,知识点索引,153,SLM-01-00-001,src/讲义源码/第01册_数学基础与统计学习基本理论/chapters/V1-C09.tex,332,166,中,成立条件未显式前置；缺少最小例/非例；缺少一句话直觉桥,"先说它解决什么：“统计学习及监督学习概论”用于说明概率量在支持集、条件化或归一化下如何定义与计算。
再给核心表述：统计学习以数据为研究对象，借助概率统计、信息论、优化和计算方法构建模型，并用模型预测或分析未观测数据。
然后落地对象与条件：逐一写清输入/变量属于什么集合，公式在哪些前提下成立。
最小自检：用两点或两类的最小分布代入一次，检查每项非负、总和为1，以及条件分母是否为正。
误区与边界：不要把密度值当作点概率，也不要在分母为0或支持集不匹配时继续套公式。",UNREVIEWED_CURRENT_SOURCE,统计学习方法讲义_v2.6.0_全量索引库.xlsx
M04-KN-SLM-01-01-001,KNOWLEDGE,知识点索引,154,SLM-01-01-001,src/讲义源码/第01册_数学基础与统计学习基本理论/chapters/V1-C09.tex,335,166,中,缺少最小例/非例；缺少一句话直觉桥,"先说它解决什么：“统计学习”应按输入、状态、初始化、一次更新、停止与输出六个角色来读。
再给核心表述：统计学习具有五个相互约束的特点：以计算系统为实现平台，以数据而非手写规则为主要信息来源，以预测和结构分析为主要目标，以学习方法连接数据与模型，并由概率、统计、信息和优化理论共同支撑。
然后落地对象与条件：逐一写清输入/变量属于什么集合，公式在哪些前提下成立。
最小自检：用2—3个状态或样本手算一轮，把更新前后量并排列出。
误区与边界：预算耗尽、数值停止和数学收敛不是同一状态；候选失败时不能覆盖最后合法状态。",UNREVIEWED_CURRENT_SOURCE,统计学习方法讲义_v2.6.0_全量索引库.xlsx
M04-KN-SLM-01-02-001,KNOWLEDGE,知识点索引,155,SLM-01-02-001,src/讲义源码/第01册_数学基础与统计学习基本理论/chapters/V1-C09.tex,342,166,中,符号密度较高；缺少一句话直觉桥,"先说它解决什么：“统计学习的分类”应按输入、状态、初始化、一次更新、停止与输出六个角色来读。
再给核心表述：统计学习可按反馈形式、模型形式、数据到达方式和所用技巧分类。
然后落地对象与条件：逐一写清输入/变量属于什么集合，公式在哪些前提下成立。
最小自检：用2—3个状态或样本手算一轮，把更新前后量并排列出。
误区与边界：预算耗尽、数值停止和数学收敛不是同一状态；候选失败时不能覆盖最后合法状态。",UNREVIEWED_CURRENT_SOURCE,统计学习方法讲义_v2.6.0_全量索引库.xlsx
M04-KN-SLM-01-02-002,KNOWLEDGE,知识点索引,156,SLM-01-02-002,src/讲义源码/第01册_数学基础与统计学习基本理论/chapters/V1-C09.tex,350,158,中,核心表述偏短；缺少最小例/非例；缺少一句话直觉桥,"先说它解决什么：先把“基本分类”理解为一个需要明确对象、条件与结论的基础概念。
再给核心表述：
然后落地对象与条件：逐一写清输入/变量属于什么集合，公式在哪些前提下成立。
最小自检：给出一个满足定义的最小例和一个只破坏单一条件的非例。
误区与边界：不要只凭名称或图形相似作判断，应回到定义中的量词、作用域和条件。",UNREVIEWED_CURRENT_SOURCE,统计学习方法讲义_v2.6.0_全量索引库.xlsx
M04-KN-SLM-01-02-003,KNOWLEDGE,知识点索引,157,SLM-01-02-003,src/讲义源码/第01册_数学基础与统计学习基本理论/chapters/V1-C09.tex,378,167,中,核心表述偏短；缺少最小例/非例；缺少一句话直觉桥,"先说它解决什么：先把“按模型分类”理解为一个需要明确对象、条件与结论的基础概念。
再给核心表述：
然后落地对象与条件：逐一写清输入/变量属于什么集合，公式在哪些前提下成立。
最小自检：给出一个满足定义的最小例和一个只破坏单一条件的非例。
误区与边界：不要只凭名称或图形相似作判断，应回到定义中的量词、作用域和条件。",UNREVIEWED_CURRENT_SOURCE,统计学习方法讲义_v2.6.0_全量索引库.xlsx
M04-KN-SLM-01-02-004,KNOWLEDGE,知识点索引,158,SLM-01-02-004,src/讲义源码/第01册_数学基础与统计学习基本理论/chapters/V1-C09.tex,412,168,中,符号密度较高；缺少最小例/非例,"先说它解决什么：“按算法分类”应按输入、状态、初始化、一次更新、停止与输出六个角色来读。
再给核心表述：按数据到达和更新方式，学习可分为批量学习与在线学习。
然后落地对象与条件：逐一写清输入/变量属于什么集合，公式在哪些前提下成立。
最小自检：用2—3个状态或样本手算一轮，把更新前后量并排列出。
误区与边界：预算耗尽、数值停止和数学收敛不是同一状态；候选失败时不能覆盖最后合法状态。",UNREVIEWED_CURRENT_SOURCE,统计学习方法讲义_v2.6.0_全量索引库.xlsx
M04-KN-SLM-01-02-005,KNOWLEDGE,知识点索引,159,SLM-01-02-005,src/讲义源码/第01册_数学基础与统计学习基本理论/chapters/V1-C09.tex,419,168,中,符号密度较高；缺少一句话直觉桥,"先说它解决什么：“按技巧分类”应按输入、状态、初始化、一次更新、停止与输出六个角色来读。
再给核心表述：按核心技巧还可区分贝叶斯方法与核方法等。
然后落地对象与条件：逐一写清输入/变量属于什么集合，公式在哪些前提下成立。
最小自检：用2—3个状态或样本手算一轮，把更新前后量并排列出。
误区与边界：预算耗尽、数值停止和数学收敛不是同一状态；候选失败时不能覆盖最后合法状态。",UNREVIEWED_CURRENT_SOURCE,统计学习方法讲义_v2.6.0_全量索引库.xlsx
M04-KN-SLM-01-03-001,KNOWLEDGE,知识点索引,160,SLM-01-03-001,src/讲义源码/第01册_数学基础与统计学习基本理论/chapters/V1-C09.tex,434,169,高,符号密度较高；成立条件未显式前置；缺少最小例/非例；缺少一句话直觉桥,"先说它解决什么：“统计学习方法三要素”应按输入、状态、初始化、一次更新、停止与输出六个角色来读。
再给核心表述：一种统计学习方法由模型、策略和算法构成，可用 $ 统计学习方法=模型+策略+算法 $ 概括。
然后落地对象与条件：逐一写清输入/变量属于什么集合，公式在哪些前提下成立。
最小自检：用2—3个状态或样本手算一轮，把更新前后量并排列出。
误区与边界：预算耗尽、数值停止和数学收敛不是同一状态；候选失败时不能覆盖最后合法状态。",UNREVIEWED_CURRENT_SOURCE,统计学习方法讲义_v2.6.0_全量索引库.xlsx
M04-KN-SLM-01-03-002,KNOWLEDGE,知识点索引,161,SLM-01-03-002,src/讲义源码/第01册_数学基础与统计学习基本理论/chapters/V1-C09.tex,441,169,中,符号密度较高；缺少一句话直觉桥,"先说它解决什么：“模型”应按输入、状态、初始化、一次更新、停止与输出六个角色来读。
再给核心表述：在监督学习中，模型是条件概率分布或决策函数，假设空间包含全部候选。
然后落地对象与条件：逐一写清输入/变量属于什么集合，公式在哪些前提下成立。
最小自检：用2—3个状态或样本手算一轮，把更新前后量并排列出。
误区与边界：预算耗尽、数值停止和数学收敛不是同一状态；候选失败时不能覆盖最后合法状态。",UNREVIEWED_CURRENT_SOURCE,统计学习方法讲义_v2.6.0_全量索引库.xlsx
M04-KN-SLM-01-03-003,KNOWLEDGE,知识点索引,162,SLM-01-03-003,src/讲义源码/第01册_数学基础与统计学习基本理论/chapters/V1-C10.tex,91,176,中,成立条件未显式前置；缺少最小例/非例；缺少一句话直觉桥,"先说它解决什么：“策略”用于说明概率量在支持集、条件化或归一化下如何定义与计算。
再给核心表述：学习策略规定如何从假设空间$ F$中比较模型。
然后落地对象与条件：逐一写清输入/变量属于什么集合，公式在哪些前提下成立。
最小自检：用两点或两类的最小分布代入一次，检查每项非负、总和为1，以及条件分母是否为正。
误区与边界：不要把密度值当作点概率，也不要在分母为0或支持集不匹配时继续套公式。",UNREVIEWED_CURRENT_SOURCE,统计学习方法讲义_v2.6.0_全量索引库.xlsx
M04-KN-SLM-01-03-004,KNOWLEDGE,知识点索引,163,SLM-01-03-004,src/讲义源码/第01册_数学基础与统计学习基本理论/chapters/V1-C10.tex,125,177,中,符号密度较高；缺少一句话直觉桥；单段过长，需分层,"先说它解决什么：“算法”应按输入、状态、初始化、一次更新、停止与输出六个角色来读。
再给核心表述：算法是实现学习策略的具体计算过程。
然后落地对象与条件：逐一写清输入/变量属于什么集合，公式在哪些前提下成立。
最小自检：用2—3个状态或样本手算一轮，把更新前后量并排列出。
误区与边界：预算耗尽、数值停止和数学收敛不是同一状态；候选失败时不能覆盖最后合法状态。",UNREVIEWED_CURRENT_SOURCE,统计学习方法讲义_v2.6.0_全量索引库.xlsx
M04-KN-SLM-01-04-001,KNOWLEDGE,知识点索引,164,SLM-01-04-001,src/讲义源码/第01册_数学基础与统计学习基本理论/chapters/V1-C10.tex,180,178,中,符号密度较高；缺少一句话直觉桥,"先说它解决什么：“模型评估与模型选择”用于固定任务、数据角色和评价口径，避免选择过程发生信息泄漏。
再给核心表述：模型评估针对已经确定的学习流程估计样本外表现；
然后落地对象与条件：逐一写清输入/变量属于什么集合，公式在哪些前提下成立。
最小自检：构造两个候选和一组验证分数，按预先声明的指标方向与并列规则完成一次选择。
误区与边界：训练集用于拟合、验证集用于选择、测试集只做最终评估；三者不能反复互换。",UNREVIEWED_CURRENT_SOURCE,统计学习方法讲义_v2.6.0_全量索引库.xlsx
M04-KN-SLM-01-04-002,KNOWLEDGE,知识点索引,165,SLM-01-04-002,src/讲义源码/第01册_数学基础与统计学习基本理论/chapters/V1-C10.tex,188,178,低,符号密度较高,"先说它解决什么：“训练误差与测试误差”用于固定任务、数据角色和评价口径，避免选择过程发生信息泄漏。
再给核心表述：首次阅读检查：训练误差与测试误差。
然后落地对象与条件：逐一写清输入/变量属于什么集合，公式在哪些前提下成立。
最小自检：构造两个候选和一组验证分数，按预先声明的指标方向与并列规则完成一次选择。
误区与边界：训练集用于拟合、验证集用于选择、测试集只做最终评估；三者不能反复互换。",UNREVIEWED_CURRENT_SOURCE,统计学习方法讲义_v2.6.0_全量索引库.xlsx
M04-KN-SLM-01-04-003,KNOWLEDGE,知识点索引,166,SLM-01-04-003,src/讲义源码/第01册_数学基础与统计学习基本理论/chapters/V1-C10.tex,232,180,中,符号密度较高；缺少一句话直觉桥,"先说它解决什么：“过拟合与模型选择”用于固定任务、数据角色和评价口径，避免选择过程发生信息泄漏。
再给核心表述：过拟合是模型把训练样本中的偶然波动也当作可推广规律，表现为训练误差继续降低而样本外误差反而上升。
然后落地对象与条件：逐一写清输入/变量属于什么集合，公式在哪些前提下成立。
最小自检：构造两个候选和一组验证分数，按预先声明的指标方向与并列规则完成一次选择。
误区与边界：训练集用于拟合、验证集用于选择、测试集只做最终评估；三者不能反复互换。",UNREVIEWED_CURRENT_SOURCE,统计学习方法讲义_v2.6.0_全量索引库.xlsx
M04-KN-SLM-01-05-001,KNOWLEDGE,知识点索引,167,SLM-01-05-001,src/讲义源码/第01册_数学基础与统计学习基本理论/chapters/V1-C10.tex,240,180,中,符号密度较高；缺少一句话直觉桥,"先说它解决什么：“正则化与交叉验证”用于固定任务、数据角色和评价口径，避免选择过程发生信息泄漏。
再给核心表述：正则化通过改变拟合目标控制复杂度，交叉验证通过重复样本外评估选择复杂度。
然后落地对象与条件：逐一写清输入/变量属于什么集合，公式在哪些前提下成立。
最小自检：构造两个候选和一组验证分数，按预先声明的指标方向与并列规则完成一次选择。
误区与边界：训练集用于拟合、验证集用于选择、测试集只做最终评估；三者不能反复互换。",UNREVIEWED_CURRENT_SOURCE,统计学习方法讲义_v2.6.0_全量索引库.xlsx
M04-KN-SLM-01-05-002,KNOWLEDGE,知识点索引,168,SLM-01-05-002,src/讲义源码/第01册_数学基础与统计学习基本理论/chapters/V1-C10.tex,248,180,中,核心表述偏短；缺少最小例/非例；缺少一句话直觉桥,"先说它解决什么：先把“正则化”理解为一个需要明确对象、条件与结论的基础概念。
再给核心表述：
然后落地对象与条件：逐一写清输入/变量属于什么集合，公式在哪些前提下成立。
最小自检：给出一个满足定义的最小例和一个只破坏单一条件的非例。
误区与边界：不要只凭名称或图形相似作判断，应回到定义中的量词、作用域和条件。",UNREVIEWED_CURRENT_SOURCE,统计学习方法讲义_v2.6.0_全量索引库.xlsx
M04-KN-SLM-01-05-003,KNOWLEDGE,知识点索引,169,SLM-01-05-003,src/讲义源码/第01册_数学基础与统计学习基本理论/chapters/V1-C10.tex,309,175,中,符号密度较高；单段过长，需分层,"先说它解决什么：“交叉验证”应按输入、状态、初始化、一次更新、停止与输出六个角色来读。
再给核心表述：简单留出法把数据分为训练、验证与测试三部分；
然后落地对象与条件：逐一写清输入/变量属于什么集合，公式在哪些前提下成立。
最小自检：用2—3个状态或样本手算一轮，把更新前后量并排列出。
误区与边界：预算耗尽、数值停止和数学收敛不是同一状态；候选失败时不能覆盖最后合法状态。",UNREVIEWED_CURRENT_SOURCE,统计学习方法讲义_v2.6.0_全量索引库.xlsx
M04-KN-SLM-01-06-001,KNOWLEDGE,知识点索引,170,SLM-01-06-001,src/讲义源码/第01册_数学基础与统计学习基本理论/chapters/V1-C10.tex,400,184,中,核心表述偏短；缺少最小例/非例；缺少一句话直觉桥,"先说它解决什么：“泛化能力”用于说明概率量在支持集、条件化或归一化下如何定义与计算。
再给核心表述：泛化能力是学习方法由有限训练数据得到模型后，对同一数据机制产生的未知样本进行预测的能力。
然后落地对象与条件：逐一写清输入/变量属于什么集合，公式在哪些前提下成立。
最小自检：用两点或两类的最小分布代入一次，检查每项非负、总和为1，以及条件分母是否为正。
误区与边界：不要把密度值当作点概率，也不要在分母为0或支持集不匹配时继续套公式。",UNREVIEWED_CURRENT_SOURCE,统计学习方法讲义_v2.6.0_全量索引库.xlsx
M04-KN-SLM-01-06-002,KNOWLEDGE,知识点索引,171,SLM-01-06-002,src/讲义源码/第01册_数学基础与统计学习基本理论/chapters/V1-C10.tex,403,175,中,符号密度较高；缺少一句话直觉桥,"先说它解决什么：“泛化误差”用于说明概率量在支持集、条件化或归一化下如何定义与计算。
再给核心表述：对训练集$T$学习得到的随机模型$ f_T$，其泛化误差定义为 $ R( f_T)= E_(X,Y) P . $ 这里的新样本与训练集独立，条件在$T$上强调模型已经由训练数据确定。
然后落地对象与条件：逐一写清输入/变量属于什么集合，公式在哪些前提下成立。
最小自检：用两点或两类的最小分布代入一次，检查每项非负、总和为1，以及条件分母是否为正。
误区与边界：不要把密度值当作点概率，也不要在分母为0或支持集不匹配时继续套公式。",UNREVIEWED_CURRENT_SOURCE,统计学习方法讲义_v2.6.0_全量索引库.xlsx
M04-KN-SLM-01-06-003,KNOWLEDGE,知识点索引,172,SLM-01-06-003,src/讲义源码/第01册_数学基础与统计学习基本理论/chapters/V1-C10.tex,415,175,中,符号密度较高；缺少一句话直觉桥,"先说它解决什么：“泛化误差上界”用于说明概率量在支持集、条件化或归一化下如何定义与计算。
再给核心表述：泛化误差上界以高概率把不可见的$R(f)$控制在可计算的$ R_N(f)$与复杂度项之和内。
然后落地对象与条件：逐一写清输入/变量属于什么集合，公式在哪些前提下成立。
最小自检：用两点或两类的最小分布代入一次，检查每项非负、总和为1，以及条件分母是否为正。
误区与边界：不要把密度值当作点概率，也不要在分母为0或支持集不匹配时继续套公式。",UNREVIEWED_CURRENT_SOURCE,统计学习方法讲义_v2.6.0_全量索引库.xlsx
M04-KN-SLM-01-01-002,KNOWLEDGE,知识点索引,173,SLM-01-01-002,src/讲义源码/第01册_数学基础与统计学习基本理论/chapters/V1-C10.tex,423,184,中,核心表述偏短；缺少最小例/非例；缺少一句话直觉桥,"先说它解决什么：“泛化误差上界：有限二类分类假设空间”说明线性对象的维数、方向或几何作用，核心是先核对对象所在空间。
再给核心表述：
然后落地对象与条件：逐一写清输入/变量属于什么集合，公式在哪些前提下成立。
最小自检：取二维向量或2×2矩阵逐项算一次，并在每个乘法前写出维数。
误区与边界：矩阵乘法通常不可交换；零向量、非满秩和非正定情形要单独检查。",UNREVIEWED_CURRENT_SOURCE,统计学习方法讲义_v2.6.0_全量索引库.xlsx
M04-KN-SLM-01-07-001,KNOWLEDGE,知识点索引,174,SLM-01-07-001,src/讲义源码/第01册_数学基础与统计学习基本理论/chapters/V1-C10.tex,499,186,中,核心表述偏短；缺少最小例/非例；缺少一句话直觉桥,"先说它解决什么：先把“生成模型与判别模型”理解为一个需要明确对象、条件与结论的基础概念。
再给核心表述：
然后落地对象与条件：逐一写清输入/变量属于什么集合，公式在哪些前提下成立。
最小自检：给出一个满足定义的最小例和一个只破坏单一条件的非例。
误区与边界：不要只凭名称或图形相似作判断，应回到定义中的量词、作用域和条件。",UNREVIEWED_CURRENT_SOURCE,统计学习方法讲义_v2.6.0_全量索引库.xlsx
M04-KN-SLM-01-08-001,KNOWLEDGE,知识点索引,175,SLM-01-08-001,src/讲义源码/第01册_数学基础与统计学习基本理论/chapters/V1-C11.tex,82,196,中,符号密度较高；缺少一句话直觉桥,"先说它解决什么：“监督学习应用”应按输入、状态、初始化、一次更新、停止与输出六个角色来读。
再给核心表述：监督学习应用的第一步不是挑选算法，而是确定一个样本、可用信息、预测时点和允许输出。
然后落地对象与条件：逐一写清输入/变量属于什么集合，公式在哪些前提下成立。
最小自检：用2—3个状态或样本手算一轮，把更新前后量并排列出。
误区与边界：预算耗尽、数值停止和数学收敛不是同一状态；候选失败时不能覆盖最后合法状态。",UNREVIEWED_CURRENT_SOURCE,统计学习方法讲义_v2.6.0_全量索引库.xlsx
M04-KN-SLM-01-08-002,KNOWLEDGE,知识点索引,176,SLM-01-08-002,src/讲义源码/第01册_数学基础与统计学习基本理论/chapters/V1-C11.tex,90,196,中,核心表述偏短；缺少最小例/非例；缺少一句话直觉桥,"先说它解决什么：先把“分类问题”理解为一个需要明确对象、条件与结论的基础概念。
再给核心表述：
然后落地对象与条件：逐一写清输入/变量属于什么集合，公式在哪些前提下成立。
最小自检：给出一个满足定义的最小例和一个只破坏单一条件的非例。
误区与边界：不要只凭名称或图形相似作判断，应回到定义中的量词、作用域和条件。",UNREVIEWED_CURRENT_SOURCE,统计学习方法讲义_v2.6.0_全量索引库.xlsx
M04-KN-SLM-01-08-003,KNOWLEDGE,知识点索引,177,SLM-01-08-003,src/讲义源码/第01册_数学基础与统计学习基本理论/chapters/V1-C11.tex,215,198,中,核心表述偏短；缺少最小例/非例；缺少一句话直觉桥,"先说它解决什么：先把“标注问题”理解为一个需要明确对象、条件与结论的基础概念。
再给核心表述：
然后落地对象与条件：逐一写清输入/变量属于什么集合，公式在哪些前提下成立。
最小自检：给出一个满足定义的最小例和一个只破坏单一条件的非例。
误区与边界：不要只凭名称或图形相似作判断，应回到定义中的量词、作用域和条件。",UNREVIEWED_CURRENT_SOURCE,统计学习方法讲义_v2.6.0_全量索引库.xlsx
M04-KN-SLM-01-08-004,KNOWLEDGE,知识点索引,178,SLM-01-08-004,src/讲义源码/第01册_数学基础与统计学习基本理论/chapters/V1-C11.tex,254,199,中,核心表述偏短；缺少最小例/非例；缺少一句话直觉桥,"先说它解决什么：先把“回归问题”理解为一个需要明确对象、条件与结论的基础概念。
再给核心表述：
然后落地对象与条件：逐一写清输入/变量属于什么集合，公式在哪些前提下成立。
最小自检：给出一个满足定义的最小例和一个只破坏单一条件的非例。
误区与边界：不要只凭名称或图形相似作判断，应回到定义中的量词、作用域和条件。",UNREVIEWED_CURRENT_SOURCE,统计学习方法讲义_v2.6.0_全量索引库.xlsx
M04-KN-SLM-02-00-001,KNOWLEDGE,知识点索引,179,SLM-02-00-001,src/讲义源码/第02册_基础监督学习方法/chapters/V2-C01.tex,88,211,中,核心表述偏短；缺少最小例/非例；缺少一句话直觉桥,"先说它解决什么：“感知机”应按输入、状态、初始化、一次更新、停止与输出六个角色来读。
再给核心表述：感知机研究一个基础问题：能否用一张超平面把正类与负类训练样本完全分开？
然后落地对象与条件：逐一写清输入/变量属于什么集合，公式在哪些前提下成立。
最小自检：用2—3个状态或样本手算一轮，把更新前后量并排列出。
误区与边界：预算耗尽、数值停止和数学收敛不是同一状态；候选失败时不能覆盖最后合法状态。",UNREVIEWED_CURRENT_SOURCE,统计学习方法讲义_v2.6.0_全量索引库.xlsx
M04-KN-SLM-02-01-002,KNOWLEDGE,知识点索引,180,SLM-02-01-002,src/讲义源码/第02册_基础监督学习方法/chapters/V2-C01.tex,91,211,低,符号密度较高,"先说它解决什么：“感知机模型”应按输入、状态、初始化、一次更新、停止与输出六个角色来读。
再给核心表述：对任意$x ℝ^d$，线性分数$g(x)=w^ Tx+b$把空间分成$g(x)>0$与$g(x)<0$两个开半空间。
然后落地对象与条件：逐一写清输入/变量属于什么集合，公式在哪些前提下成立。
最小自检：用2—3个状态或样本手算一轮，把更新前后量并排列出。
误区与边界：预算耗尽、数值停止和数学收敛不是同一状态；候选失败时不能覆盖最后合法状态。",UNREVIEWED_CURRENT_SOURCE,统计学习方法讲义_v2.6.0_全量索引库.xlsx
M04-KN-SLM-02-02-001,KNOWLEDGE,知识点索引,181,SLM-02-02-001,src/讲义源码/第02册_基础监督学习方法/chapters/V2-C01.tex,108,211,低,符号密度较高,"先说它解决什么：“数据集线性可分性定义”说明线性对象的维数、方向或几何作用，核心是先核对对象所在空间。
再给核心表述：首次阅读检查：线性可分训练集。
然后落地对象与条件：逐一写清输入/变量属于什么集合，公式在哪些前提下成立。
最小自检：取二维向量或2×2矩阵逐项算一次，并在每个乘法前写出维数。
误区与边界：矩阵乘法通常不可交换；零向量、非满秩和非正定情形要单独检查。",UNREVIEWED_CURRENT_SOURCE,统计学习方法讲义_v2.6.0_全量索引库.xlsx
M04-KN-SLM-02-02-003,KNOWLEDGE,知识点索引,182,SLM-02-02-003,src/讲义源码/第02册_基础监督学习方法/chapters/V2-C01.tex,123,211,低,符号密度较高,"先说它解决什么：“数据集的线性可分性”说明线性对象的维数、方向或几何作用，核心是先核对对象所在空间。
再给核心表述：定义中的一个不等式同时覆盖两类：$y_i=+1$时要求$g(x_i)>0$，$y_i=-1$时要求$g(x_i)<0$。
然后落地对象与条件：逐一写清输入/变量属于什么集合，公式在哪些前提下成立。
最小自检：取二维向量或2×2矩阵逐项算一次，并在每个乘法前写出维数。
误区与边界：矩阵乘法通常不可交换；零向量、非满秩和非正定情形要单独检查。",UNREVIEWED_CURRENT_SOURCE,统计学习方法讲义_v2.6.0_全量索引库.xlsx
M04-KN-SLM-02-01-001,KNOWLEDGE,知识点索引,183,SLM-02-01-001,src/讲义源码/第02册_基础监督学习方法/chapters/V2-C01.tex,133,212,低,符号密度较高,"先说它解决什么：先把“感知机定义”理解为一个需要明确对象、条件与结论的基础概念。
再给核心表述：首次阅读检查：感知机模型。
然后落地对象与条件：逐一写清输入/变量属于什么集合，公式在哪些前提下成立。
最小自检：给出一个满足定义的最小例和一个只破坏单一条件的非例。
误区与边界：不要只凭名称或图形相似作判断，应回到定义中的量词、作用域和条件。",UNREVIEWED_CURRENT_SOURCE,统计学习方法讲义_v2.6.0_全量索引库.xlsx
M04-KN-SLM-02-02-002,KNOWLEDGE,知识点索引,184,SLM-02-02-002,src/讲义源码/第02册_基础监督学习方法/chapters/V2-C01.tex,175,213,中,符号密度较高；缺少一句话直觉桥,"先说它解决什么：“感知机学习策略”说明线性对象的维数、方向或几何作用，核心是先核对对象所在空间。
再给核心表述：感知机不直接最小化误分类个数，因为该目标是离散且不可导的。
然后落地对象与条件：逐一写清输入/变量属于什么集合，公式在哪些前提下成立。
最小自检：取二维向量或2×2矩阵逐项算一次，并在每个乘法前写出维数。
误区与边界：矩阵乘法通常不可交换；零向量、非满秩和非正定情形要单独检查。",UNREVIEWED_CURRENT_SOURCE,统计学习方法讲义_v2.6.0_全量索引库.xlsx
M04-KN-SLM-02-02-004,KNOWLEDGE,知识点索引,185,SLM-02-02-004,src/讲义源码/第02册_基础监督学习方法/chapters/V2-C01.tex,188,213,中,符号密度较高；单段过长，需分层,"先说它解决什么：“感知机学习策略的损失函数”应按输入、状态、初始化、一次更新、停止与输出六个角色来读。
再给核心表述：区分几何距离与函数间隔，并从误分类代理损失得到更新式。
然后落地对象与条件：逐一写清输入/变量属于什么集合，公式在哪些前提下成立。
最小自检：用2—3个状态或样本手算一轮，把更新前后量并排列出。
误区与边界：预算耗尽、数值停止和数学收敛不是同一状态；候选失败时不能覆盖最后合法状态。",UNREVIEWED_CURRENT_SOURCE,统计学习方法讲义_v2.6.0_全量索引库.xlsx
M04-KN-SLM-02-03-001,KNOWLEDGE,知识点索引,186,SLM-02-03-001,src/讲义源码/第02册_基础监督学习方法/chapters/V2-C01.tex,294,216,高,核心表述偏短；成立条件未显式前置；缺少最小例/非例；缺少一句话直觉桥,"先说它解决什么：“感知机学习算法”应按输入、状态、初始化、一次更新、停止与输出六个角色来读。
再给核心表述：
然后落地对象与条件：逐一写清输入/变量属于什么集合，公式在哪些前提下成立。
最小自检：用2—3个状态或样本手算一轮，把更新前后量并排列出。
误区与边界：预算耗尽、数值停止和数学收敛不是同一状态；候选失败时不能覆盖最后合法状态。",UNREVIEWED_CURRENT_SOURCE,统计学习方法讲义_v2.6.0_全量索引库.xlsx
M04-KN-SLM-02-03-002,KNOWLEDGE,知识点索引,187,SLM-02-03-002,src/讲义源码/第02册_基础监督学习方法/chapters/V2-C01.tex,295,216,高,核心表述偏短；成立条件未显式前置；缺少最小例/非例；缺少一句话直觉桥,"先说它解决什么：“感知机学习算法的原始形式”应按输入、状态、初始化、一次更新、停止与输出六个角色来读。
再给核心表述：
然后落地对象与条件：逐一写清输入/变量属于什么集合，公式在哪些前提下成立。
最小自检：用2—3个状态或样本手算一轮，把更新前后量并排列出。
误区与边界：预算耗尽、数值停止和数学收敛不是同一状态；候选失败时不能覆盖最后合法状态。",UNREVIEWED_CURRENT_SOURCE,统计学习方法讲义_v2.6.0_全量索引库.xlsx
M04-KN-SLM-02-01-003,KNOWLEDGE,知识点索引,188,SLM-02-01-003,src/讲义源码/第02册_基础监督学习方法/chapters/V2-C01.tex,296,216,中,符号密度较高；缺少一句话直觉桥,"先说它解决什么：“感知机学习算法原始形式”应按输入、状态、初始化、一次更新、停止与输出六个角色来读。
再给核心表述：原始形式直接维护$w$和$b$。
然后落地对象与条件：逐一写清输入/变量属于什么集合，公式在哪些前提下成立。
最小自检：用2—3个状态或样本手算一轮，把更新前后量并排列出。
误区与边界：预算耗尽、数值停止和数学收敛不是同一状态；候选失败时不能覆盖最后合法状态。",UNREVIEWED_CURRENT_SOURCE,统计学习方法讲义_v2.6.0_全量索引库.xlsx
M04-KN-SLM-02-03-003,KNOWLEDGE,知识点索引,189,SLM-02-03-003,src/讲义源码/第02册_基础监督学习方法/chapters/V2-C01.tex,413,218,高,核心表述偏短；成立条件未显式前置；缺少最小例/非例；缺少一句话直觉桥,"先说它解决什么：“感知机学习算法的收敛性”应按输入、状态、初始化、一次更新、停止与输出六个角色来读。
再给核心表述：
然后落地对象与条件：逐一写清输入/变量属于什么集合，公式在哪些前提下成立。
最小自检：用2—3个状态或样本手算一轮，把更新前后量并排列出。
误区与边界：预算耗尽、数值停止和数学收敛不是同一状态；候选失败时不能覆盖最后合法状态。",UNREVIEWED_CURRENT_SOURCE,统计学习方法讲义_v2.6.0_全量索引库.xlsx
M04-KN-SLM-02-01-004,KNOWLEDGE,知识点索引,190,SLM-02-01-004,src/讲义源码/第02册_基础监督学习方法/chapters/V2-C01.tex,414,217,高,核心表述偏短；符号密度较高；成立条件未显式前置；缺少最小例/非例；缺少一句话直觉桥,"先说它解决什么：“Novikoff定理”应按输入、状态、初始化、一次更新、停止与输出六个角色来读。
再给核心表述：为把偏置纳入内积，定义$ x_i=(x_i^ T,1)^ T$与$ w=(w^ T,b)^ T$。
然后落地对象与条件：逐一写清输入/变量属于什么集合，公式在哪些前提下成立。
最小自检：用2—3个状态或样本手算一轮，把更新前后量并排列出。
误区与边界：预算耗尽、数值停止和数学收敛不是同一状态；候选失败时不能覆盖最后合法状态。",UNREVIEWED_CURRENT_SOURCE,统计学习方法讲义_v2.6.0_全量索引库.xlsx
M04-KN-SLM-02-03-004,KNOWLEDGE,知识点索引,191,SLM-02-03-004,src/讲义源码/第02册_基础监督学习方法/chapters/V2-C01.tex,484,220,中,符号密度较高；缺少一句话直觉桥,"先说它解决什么：“感知机学习算法的对偶形式”应按输入、状态、初始化、一次更新、停止与输出六个角色来读。
再给核心表述：从零初值出发，每次更新都向$w$加入$ y_i x_i$。
然后落地对象与条件：逐一写清输入/变量属于什么集合，公式在哪些前提下成立。
最小自检：用2—3个状态或样本手算一轮，把更新前后量并排列出。
误区与边界：预算耗尽、数值停止和数学收敛不是同一状态；候选失败时不能覆盖最后合法状态。",UNREVIEWED_CURRENT_SOURCE,统计学习方法讲义_v2.6.0_全量索引库.xlsx
M04-KN-SLM-02-02-005,KNOWLEDGE,知识点索引,192,SLM-02-02-005,src/讲义源码/第02册_基础监督学习方法/chapters/V2-C01.tex,499,220,中,符号密度较高；缺少一句话直觉桥,"先说它解决什么：“感知机学习算法对偶形式”应按输入、状态、初始化、一次更新、停止与输出六个角色来读。
再给核心表述：把$w= _j _jy_jx_j$代入第$i$个样本的判断条件，得到 $ y_i ( _j=1^N _j y_j x_j^ Tx_i+b ) 0. $ 预先计算$G_ji=x_j^ Tx_i$后，每次判断只需要访问内积表。
然后落地对象与条件：逐一写清输入/变量属于什么集合，公式在哪些前提下成立。
最小自检：用2—3个状态或样本手算一轮，把更新前后量并排列出。
误区与边界：预算耗尽、数值停止和数学收敛不是同一状态；候选失败时不能覆盖最后合法状态。",UNREVIEWED_CURRENT_SOURCE,统计学习方法讲义_v2.6.0_全量索引库.xlsx
M04-KN-SLM-03-00-001,KNOWLEDGE,知识点索引,193,SLM-03-00-001,src/讲义源码/第02册_基础监督学习方法/chapters/V2-C02.tex,91,233,中,符号密度较高；缺少一句话直觉桥,"先说它解决什么：“k近邻法@ 法”应按输入、状态、初始化、一次更新、停止与输出六个角色来读。
再给核心表述：法没有先拟合一个有限维参数向量，而是在收到查询$x$时，从训练集中寻找距离最近的$k$个样本，再用其输出作局部决策。
然后落地对象与条件：逐一写清输入/变量属于什么集合，公式在哪些前提下成立。
最小自检：用2—3个状态或样本手算一轮，把更新前后量并排列出。
误区与边界：预算耗尽、数值停止和数学收敛不是同一状态；候选失败时不能覆盖最后合法状态。",UNREVIEWED_CURRENT_SOURCE,统计学习方法讲义_v2.6.0_全量索引库.xlsx
M04-KN-SLM-03-02-003,KNOWLEDGE,知识点索引,194,SLM-03-02-003,src/讲义源码/第02册_基础监督学习方法/chapters/V2-C02.tex,99,233,低,符号密度较高,"先说它解决什么：“距离度量”说明线性对象的维数、方向或几何作用，核心是先核对对象所在空间。
再给核心表述：首次阅读检查：L p 距离。
然后落地对象与条件：逐一写清输入/变量属于什么集合，公式在哪些前提下成立。
最小自检：取二维向量或2×2矩阵逐项算一次，并在每个乘法前写出维数。
误区与边界：矩阵乘法通常不可交换；零向量、非满秩和非正定情形要单独检查。",UNREVIEWED_CURRENT_SOURCE,统计学习方法讲义_v2.6.0_全量索引库.xlsx
M04-KN-SLM-03-02-004,KNOWLEDGE,知识点索引,195,SLM-03-02-004,src/讲义源码/第02册_基础监督学习方法/chapters/V2-C02.tex,118,234,中,符号密度较高；缺少最小例/非例；缺少一句话直觉桥,"先说它解决什么：“k值的选择”用于说明概率量在支持集、条件化或归一化下如何定义与计算。
再给核心表述：学习策略。
然后落地对象与条件：逐一写清输入/变量属于什么集合，公式在哪些前提下成立。
最小自检：用两点或两类的最小分布代入一次，检查每项非负、总和为1，以及条件分母是否为正。
误区与边界：不要把密度值当作点概率，也不要在分母为0或支持集不匹配时继续套公式。",UNREVIEWED_CURRENT_SOURCE,统计学习方法讲义_v2.6.0_全量索引库.xlsx
M04-KN-SLM-03-02-005,KNOWLEDGE,知识点索引,196,SLM-03-02-005,src/讲义源码/第02册_基础监督学习方法/chapters/V2-C02.tex,122,233,中,符号密度较高；缺少一句话直觉桥；单段过长，需分层,"先说它解决什么：“分类决策规则”应按输入、状态、初始化、一次更新、停止与输出六个角色来读。
再给核心表述：给定已经确定的$N_k(x)$，多数表决写成 $ y(x)= _c Y _i N_k(x) (y_i=c) = _c Yn_c(x). $ 若多个类别并列达到最大计数，$ $是集合；
然后落地对象与条件：逐一写清输入/变量属于什么集合，公式在哪些前提下成立。
最小自检：用2—3个状态或样本手算一轮，把更新前后量并排列出。
误区与边界：预算耗尽、数值停止和数学收敛不是同一状态；候选失败时不能覆盖最后合法状态。",UNREVIEWED_CURRENT_SOURCE,统计学习方法讲义_v2.6.0_全量索引库.xlsx
M04-KN-SLM-03-02-001,KNOWLEDGE,知识点索引,197,SLM-03-02-001,src/讲义源码/第02册_基础监督学习方法/chapters/V2-C02.tex,259,237,中,核心表述偏短；缺少最小例/非例；缺少一句话直觉桥,"先说它解决什么：先把“k近邻模型@ 模型”理解为一个需要明确对象、条件与结论的基础概念。
再给核心表述：
然后落地对象与条件：逐一写清输入/变量属于什么集合，公式在哪些前提下成立。
最小自检：给出一个满足定义的最小例和一个只破坏单一条件的非例。
误区与边界：不要只凭名称或图形相似作判断，应回到定义中的量词、作用域和条件。",UNREVIEWED_CURRENT_SOURCE,统计学习方法讲义_v2.6.0_全量索引库.xlsx
M04-KN-SLM-03-02-002,KNOWLEDGE,知识点索引,198,SLM-03-02-002,src/讲义源码/第02册_基础监督学习方法/chapters/V2-C02.tex,260,237,中,符号密度较高；缺少一句话直觉桥,"先说它解决什么：“模型”应按输入、状态、初始化、一次更新、停止与输出六个角色来读。
再给核心表述：固定训练集、距离度量和$k$后，特征空间被划分成若干决策区域：区域内的查询共享相同或相近的邻域与预测。
然后落地对象与条件：逐一写清输入/变量属于什么集合，公式在哪些前提下成立。
最小自检：用2—3个状态或样本手算一轮，把更新前后量并排列出。
误区与边界：预算耗尽、数值停止和数学收敛不是同一状态；候选失败时不能覆盖最后合法状态。",UNREVIEWED_CURRENT_SOURCE,统计学习方法讲义_v2.6.0_全量索引库.xlsx
M04-KN-SLM-03-01-002,KNOWLEDGE,知识点索引,199,SLM-03-01-002,src/讲义源码/第02册_基础监督学习方法/chapters/V2-C02.tex,275,237,高,核心表述偏短；成立条件未显式前置；缺少最小例/非例；缺少一句话直觉桥,"先说它解决什么：“k近邻算法@ 算法”应按输入、状态、初始化、一次更新、停止与输出六个角色来读。
再给核心表述：
然后落地对象与条件：逐一写清输入/变量属于什么集合，公式在哪些前提下成立。
最小自检：用2—3个状态或样本手算一轮，把更新前后量并排列出。
误区与边界：预算耗尽、数值停止和数学收敛不是同一状态；候选失败时不能覆盖最后合法状态。",UNREVIEWED_CURRENT_SOURCE,统计学习方法讲义_v2.6.0_全量索引库.xlsx
M04-KN-SLM-03-01-001,KNOWLEDGE,知识点索引,200,SLM-03-01-001,src/讲义源码/第02册_基础监督学习方法/chapters/V2-C02.tex,276,238,中,符号密度较高；缺少一句话直觉桥；单段过长，需分层,"先说它解决什么：“k近邻法算法@ 法算法”应按输入、状态、初始化、一次更新、停止与输出六个角色来读。
再给核心表述：最直接的实现是线性扫描全部训练样本并保留$k$个最小距离。
然后落地对象与条件：逐一写清输入/变量属于什么集合，公式在哪些前提下成立。
最小自检：用2—3个状态或样本手算一轮，把更新前后量并排列出。
误区与边界：预算耗尽、数值停止和数学收敛不是同一状态；候选失败时不能覆盖最后合法状态。",UNREVIEWED_CURRENT_SOURCE,统计学习方法讲义_v2.6.0_全量索引库.xlsx
M04-KN-SLM-03-03-001,KNOWLEDGE,知识点索引,201,SLM-03-03-001,src/讲义源码/第02册_基础监督学习方法/chapters/V2-C02.tex,363,240,中,符号密度较高；缺少一句话直觉桥,"先说它解决什么：“k近邻法的实现：kd树@ 法的实现：kd树”说明线性对象的维数、方向或几何作用，核心是先核对对象所在空间。
再给核心表述：kd树是一棵保存$n$维样本点的二叉树。
然后落地对象与条件：逐一写清输入/变量属于什么集合，公式在哪些前提下成立。
最小自检：取二维向量或2×2矩阵逐项算一次，并在每个乘法前写出维数。
误区与边界：矩阵乘法通常不可交换；零向量、非满秩和非正定情形要单独检查。",UNREVIEWED_CURRENT_SOURCE,统计学习方法讲义_v2.6.0_全量索引库.xlsx
M04-KN-SLM-03-03-002,KNOWLEDGE,知识点索引,202,SLM-03-03-002,src/讲义源码/第02册_基础监督学习方法/chapters/V2-C02.tex,375,240,中,核心表述偏短；缺少最小例/非例；缺少一句话直觉桥,"先说它解决什么：先把“构造kd树”理解为一个需要明确对象、条件与结论的基础概念。
再给核心表述：
然后落地对象与条件：逐一写清输入/变量属于什么集合，公式在哪些前提下成立。
最小自检：给出一个满足定义的最小例和一个只破坏单一条件的非例。
误区与边界：不要只凭名称或图形相似作判断，应回到定义中的量词、作用域和条件。",UNREVIEWED_CURRENT_SOURCE,统计学习方法讲义_v2.6.0_全量索引库.xlsx
M04-KN-SLM-03-02-006,KNOWLEDGE,知识点索引,203,SLM-03-02-006,src/讲义源码/第02册_基础监督学习方法/chapters/V2-C02.tex,376,232,中,符号密度较高；缺少一句话直觉桥；单段过长，需分层,"先说它解决什么：“构造平衡kd树”应按输入、状态、初始化、一次更新、停止与输出六个角色来读。
再给核心表述：为避免把近邻个数$k$与空间维数混淆，本章用$n$表示特征维数。
然后落地对象与条件：逐一写清输入/变量属于什么集合，公式在哪些前提下成立。
最小自检：用2—3个状态或样本手算一轮，把更新前后量并排列出。
误区与边界：预算耗尽、数值停止和数学收敛不是同一状态；候选失败时不能覆盖最后合法状态。",UNREVIEWED_CURRENT_SOURCE,统计学习方法讲义_v2.6.0_全量索引库.xlsx
M04-KN-SLM-03-03-003,KNOWLEDGE,知识点索引,204,SLM-03-03-003,src/讲义源码/第02册_基础监督学习方法/chapters/V2-C02.tex,475,242,中,符号密度较高；缺少一句话直觉桥,"先说它解决什么：“搜索kd树”应按输入、状态、初始化、一次更新、停止与输出六个角色来读。
再给核心表述：搜索先沿查询点所在的切分区域下降到叶节点，随后沿路径回溯并维护至多$k$个候选。
然后落地对象与条件：逐一写清输入/变量属于什么集合，公式在哪些前提下成立。
最小自检：用2—3个状态或样本手算一轮，把更新前后量并排列出。
误区与边界：预算耗尽、数值停止和数学收敛不是同一状态；候选失败时不能覆盖最后合法状态。",UNREVIEWED_CURRENT_SOURCE,统计学习方法讲义_v2.6.0_全量索引库.xlsx
M04-KN-SLM-03-03-004,KNOWLEDGE,知识点索引,205,SLM-03-03-004,src/讲义源码/第02册_基础监督学习方法/chapters/V2-C02.tex,483,242,中,符号密度较高；缺少最小例/非例；缺少一句话直觉桥,"先说它解决什么：“用kd树的 搜索”应按输入、状态、初始化、一次更新、停止与输出六个角色来读。
再给核心表述：对$L_p$距离，任意向量的距离不小于任一坐标差。
然后落地对象与条件：逐一写清输入/变量属于什么集合，公式在哪些前提下成立。
最小自检：用2—3个状态或样本手算一轮，把更新前后量并排列出。
误区与边界：预算耗尽、数值停止和数学收敛不是同一状态；候选失败时不能覆盖最后合法状态。",UNREVIEWED_CURRENT_SOURCE,统计学习方法讲义_v2.6.0_全量索引库.xlsx
M04-KN-SLM-04-00-001,KNOWLEDGE,知识点索引,206,SLM-04-00-001,src/讲义源码/第02册_基础监督学习方法/chapters/V2-C03.tex,101,254,中,符号密度较高；缺少一句话直觉桥,"先说它解决什么：“朴素贝叶斯法”用于说明概率量在支持集、条件化或归一化下如何定义与计算。
再给核心表述：朴素贝叶斯是生成式分类方法：先学习$P(Y)$与$P(X Y)$，由$P(X,Y)=P(Y)P(X Y)$得到联合模型，再通过贝叶斯公式进行分类。
然后落地对象与条件：逐一写清输入/变量属于什么集合，公式在哪些前提下成立。
最小自检：用两点或两类的最小分布代入一次，检查每项非负、总和为1，以及条件分母是否为正。
误区与边界：不要把密度值当作点概率，也不要在分母为0或支持集不匹配时继续套公式。",UNREVIEWED_CURRENT_SOURCE,统计学习方法讲义_v2.6.0_全量索引库.xlsx
M04-KN-SLM-04-01-001,KNOWLEDGE,知识点索引,207,SLM-04-01-001,src/讲义源码/第02册_基础监督学习方法/chapters/V2-C03.tex,109,254,中,符号密度较高；缺少一句话直觉桥,"先说它解决什么：“朴素贝叶斯法的学习与分类”用于说明概率量在支持集、条件化或归一化下如何定义与计算。
再给核心表述：学习阶段估计类别先验和各特征在类别条件下的分布；
然后落地对象与条件：逐一写清输入/变量属于什么集合，公式在哪些前提下成立。
最小自检：用两点或两类的最小分布代入一次，检查每项非负、总和为1，以及条件分母是否为正。
误区与边界：不要把密度值当作点概率，也不要在分母为0或支持集不匹配时继续套公式。",UNREVIEWED_CURRENT_SOURCE,统计学习方法讲义_v2.6.0_全量索引库.xlsx
M04-KN-SLM-04-01-002,KNOWLEDGE,知识点索引,208,SLM-04-01-002,src/讲义源码/第02册_基础监督学习方法/chapters/V2-C03.tex,117,254,低,符号密度较高,"先说它解决什么：“基本方法”用于说明概率量在支持集、条件化或归一化下如何定义与计算。
再给核心表述：首次阅读检查：朴素贝叶斯条件独立模型。
然后落地对象与条件：逐一写清输入/变量属于什么集合，公式在哪些前提下成立。
最小自检：用两点或两类的最小分布代入一次，检查每项非负、总和为1，以及条件分母是否为正。
误区与边界：不要把密度值当作点概率，也不要在分母为0或支持集不匹配时继续套公式。",UNREVIEWED_CURRENT_SOURCE,统计学习方法讲义_v2.6.0_全量索引库.xlsx
M04-KN-SLM-04-01-003,KNOWLEDGE,知识点索引,209,SLM-04-01-003,src/讲义源码/第02册_基础监督学习方法/chapters/V2-C03.tex,148,255,中,符号密度较高；缺少一句话直觉桥,"先说它解决什么：“后验概率最大化的含义”应按输入、状态、初始化、一次更新、停止与输出六个角色来读。
再给核心表述：由贝叶斯公式与条件独立假设， $ P(Y=c_k X=x)= P(Y=c_k) _j=1^nP(X^(j)=x^(j) Y=c_k) _r=1^KP(Y=c_r) _j=1^nP(X^(j)=x^(j) Y=c_r). $ 分母对所有候选类别相同，因此分类时只需比较分子。
然后落地对象与条件：逐一写清输入/变量属于什么集合，公式在哪些前提下成立。
最小自检：用2—3个状态或样本手算一轮，把更新前后量并排列出。
误区与边界：预算耗尽、数值停止和数学收敛不是同一状态；候选失败时不能覆盖最后合法状态。",UNREVIEWED_CURRENT_SOURCE,统计学习方法讲义_v2.6.0_全量索引库.xlsx
M04-KN-SLM-04-01-004,KNOWLEDGE,知识点索引,210,SLM-04-01-004,src/讲义源码/第02册_基础监督学习方法/chapters/V2-C03.tex,162,255,中,符号密度较高；缺少最小例/非例；缺少一句话直觉桥,"先说它解决什么：“朴素贝叶斯算法”应按输入、状态、初始化、一次更新、停止与输出六个角色来读。
再给核心表述：定义未归一化类别得分 $ q_k(x)=P(Y=c_k) _j=1^nP(X^(j)=x^(j) Y=c_k), $ 则分类规则为$ y= _c_kq_k(x)$。
然后落地对象与条件：逐一写清输入/变量属于什么集合，公式在哪些前提下成立。
最小自检：用2—3个状态或样本手算一轮，把更新前后量并排列出。
误区与边界：预算耗尽、数值停止和数学收敛不是同一状态；候选失败时不能覆盖最后合法状态。",UNREVIEWED_CURRENT_SOURCE,统计学习方法讲义_v2.6.0_全量索引库.xlsx
M04-KN-SLM-04-02-001,KNOWLEDGE,知识点索引,211,SLM-04-02-001,src/讲义源码/第02册_基础监督学习方法/chapters/V2-C03.tex,219,257,中,符号密度较高；缺少一句话直觉桥,"先说它解决什么：“朴素贝叶斯法的参数估计”用于说明概率量在支持集、条件化或归一化下如何定义与计算。
再给核心表述：训练阶段需要估计$ _k=P(Y=c_k)$与$ _jkl=P(X^(j)=a_jl Y=c_k)$。
然后落地对象与条件：逐一写清输入/变量属于什么集合，公式在哪些前提下成立。
最小自检：用两点或两类的最小分布代入一次，检查每项非负、总和为1，以及条件分母是否为正。
误区与边界：不要把密度值当作点概率，也不要在分母为0或支持集不匹配时继续套公式。",UNREVIEWED_CURRENT_SOURCE,统计学习方法讲义_v2.6.0_全量索引库.xlsx
M04-KN-SLM-04-02-002,KNOWLEDGE,知识点索引,212,SLM-04-02-002,src/讲义源码/第02册_基础监督学习方法/chapters/V2-C03.tex,231,257,中,符号密度较高；缺少一句话直觉桥,"先说它解决什么：“极大似然估计”应按输入、状态、初始化、一次更新、停止与输出六个角色来读。
再给核心表述：极大似然估计为 $ _k= N_kN, _jkl= N_jklN_k, $ 其中$N_k>0$。
然后落地对象与条件：逐一写清输入/变量属于什么集合，公式在哪些前提下成立。
最小自检：用2—3个状态或样本手算一轮，把更新前后量并排列出。
误区与边界：预算耗尽、数值停止和数学收敛不是同一状态；候选失败时不能覆盖最后合法状态。",UNREVIEWED_CURRENT_SOURCE,统计学习方法讲义_v2.6.0_全量索引库.xlsx
M04-KN-SLM-04-02-003,KNOWLEDGE,知识点索引,213,SLM-04-02-003,src/讲义源码/第02册_基础监督学习方法/chapters/V2-C03.tex,244,258,中,符号密度较高；单段过长，需分层,"先说它解决什么：“学习与分类算法”应按输入、状态、初始化、一次更新、停止与输出六个角色来读。
再给核心表述：学习先扫描训练集形成$N_k,N_jkl$，再转成概率表；
然后落地对象与条件：逐一写清输入/变量属于什么集合，公式在哪些前提下成立。
最小自检：用2—3个状态或样本手算一轮，把更新前后量并排列出。
误区与边界：预算耗尽、数值停止和数学收敛不是同一状态；候选失败时不能覆盖最后合法状态。",UNREVIEWED_CURRENT_SOURCE,统计学习方法讲义_v2.6.0_全量索引库.xlsx
M04-KN-SLM-04-02-004,KNOWLEDGE,知识点索引,214,SLM-04-02-004,src/讲义源码/第02册_基础监督学习方法/chapters/V2-C03.tex,299,257,中,符号密度较高；缺少最小例/非例；缺少一句话直觉桥,"先说它解决什么：“贝叶斯估计”用于说明概率量在支持集、条件化或归一化下如何定义与计算。
再给核心表述：对每个类别先验概率赋予对称Dirichlet参数$ $，并对每个类别内第$j$个特征的$S_j$值赋予同样参数，后验均值为 $ _k= N_k+ N+K , _jkl= N_jkl+ N_k+S_j , >0. $ $ =1$是加一平滑；
然后落地对象与条件：逐一写清输入/变量属于什么集合，公式在哪些前提下成立。
最小自检：用两点或两类的最小分布代入一次，检查每项非负、总和为1，以及条件分母是否为正。
误区与边界：不要把密度值当作点概率，也不要在分母为0或支持集不匹配时继续套公式。",UNREVIEWED_CURRENT_SOURCE,统计学习方法讲义_v2.6.0_全量索引库.xlsx
M04-KN-SLM-05-00-001,KNOWLEDGE,知识点索引,215,SLM-05-00-001,src/讲义源码/第02册_基础监督学习方法/chapters/V2-C04.tex,113,272,低,符号密度较高,"先说它解决什么：“决策树”用于说明概率量在支持集、条件化或归一化下如何定义与计算。
再给核心表述：决策树既可用于分类，也可用于回归。
然后落地对象与条件：逐一写清输入/变量属于什么集合，公式在哪些前提下成立。
最小自检：用两点或两类的最小分布代入一次，检查每项非负、总和为1，以及条件分母是否为正。
误区与边界：不要把密度值当作点概率，也不要在分母为0或支持集不匹配时继续套公式。",UNREVIEWED_CURRENT_SOURCE,统计学习方法讲义_v2.6.0_全量索引库.xlsx
M04-KN-SLM-05-01-002,KNOWLEDGE,知识点索引,216,SLM-05-01-002,src/讲义源码/第02册_基础监督学习方法/chapters/V2-C04.tex,121,272,中,符号密度较高；缺少一句话直觉桥,"先说它解决什么：先把“决策树模型与学习”理解为一个需要明确对象、条件与结论的基础概念。
再给核心表述：树模型规定结点、边和叶输出；
然后落地对象与条件：逐一写清输入/变量属于什么集合，公式在哪些前提下成立。
最小自检：给出一个满足定义的最小例和一个只破坏单一条件的非例。
误区与边界：不要只凭名称或图形相似作判断，应回到定义中的量词、作用域和条件。",UNREVIEWED_CURRENT_SOURCE,统计学习方法讲义_v2.6.0_全量索引库.xlsx
M04-KN-SLM-05-01-003,KNOWLEDGE,知识点索引,217,SLM-05-01-003,src/讲义源码/第02册_基础监督学习方法/chapters/V2-C04.tex,129,272,中,核心表述偏短；缺少最小例/非例；缺少一句话直觉桥,"先说它解决什么：先把“决策树模型”理解为一个需要明确对象、条件与结论的基础概念。
再给核心表述：
然后落地对象与条件：逐一写清输入/变量属于什么集合，公式在哪些前提下成立。
最小自检：给出一个满足定义的最小例和一个只破坏单一条件的非例。
误区与边界：不要只凭名称或图形相似作判断，应回到定义中的量词、作用域和条件。",UNREVIEWED_CURRENT_SOURCE,统计学习方法讲义_v2.6.0_全量索引库.xlsx
M04-KN-SLM-05-01-001,KNOWLEDGE,知识点索引,218,SLM-05-01-001,src/讲义源码/第02册_基础监督学习方法/chapters/V2-C04.tex,135,272,中,符号密度较高；缺少最小例/非例；缺少一句话直觉桥,"先说它解决什么：“分类决策树的结构定义”用于说明概率量在支持集、条件化或归一化下如何定义与计算。
再给核心表述：模型。
然后落地对象与条件：逐一写清输入/变量属于什么集合，公式在哪些前提下成立。
最小自检：用两点或两类的最小分布代入一次，检查每项非负、总和为1，以及条件分母是否为正。
误区与边界：不要把密度值当作点概率，也不要在分母为0或支持集不匹配时继续套公式。",UNREVIEWED_CURRENT_SOURCE,统计学习方法讲义_v2.6.0_全量索引库.xlsx
M04-KN-SLM-05-01-004,KNOWLEDGE,知识点索引,219,SLM-05-01-004,src/讲义源码/第02册_基础监督学习方法/chapters/V2-C04.tex,147,273,中,符号密度较高；缺少一句话直觉桥,"先说它解决什么：“决策树与if--then规则”用于说明概率量在支持集、条件化或归一化下如何定义与计算。
再给核心表述：从根到叶$m$的路径若依次满足条件$B_m1, ,B_mq_m$，就对应规则 $ if B_m1 B_mq_m then Y=c_m. $ 要使同一棵确定性树的叶路径互斥且覆盖整个输入空间，每个内部结点必须满足下列二者之一：出边穷尽测试的全部可能结果；
然后落地对象与条件：逐一写清输入/变量属于什么集合，公式在哪些前提下成立。
最小自检：用两点或两类的最小分布代入一次，检查每项非负、总和为1，以及条件分母是否为正。
误区与边界：不要把密度值当作点概率，也不要在分母为0或支持集不匹配时继续套公式。",UNREVIEWED_CURRENT_SOURCE,统计学习方法讲义_v2.6.0_全量索引库.xlsx
M04-KN-SLM-05-01-005,KNOWLEDGE,知识点索引,220,SLM-05-01-005,src/讲义源码/第02册_基础监督学习方法/chapters/V2-C04.tex,159,273,低,符号密度较高,"先说它解决什么：“决策树与条件概率分布”用于说明概率量在支持集、条件化或归一化下如何定义与计算。
再给核心表述：树也可看成定义在特征空间划分上的条件概率分布。
然后落地对象与条件：逐一写清输入/变量属于什么集合，公式在哪些前提下成立。
最小自检：用两点或两类的最小分布代入一次，检查每项非负、总和为1，以及条件分母是否为正。
误区与边界：不要把密度值当作点概率，也不要在分母为0或支持集不匹配时继续套公式。",UNREVIEWED_CURRENT_SOURCE,统计学习方法讲义_v2.6.0_全量索引库.xlsx
M04-KN-SLM-05-01-006,KNOWLEDGE,知识点索引,221,SLM-05-01-006,src/讲义源码/第02册_基础监督学习方法/chapters/V2-C04.tex,169,274,中,符号密度较高；缺少一句话直觉桥,"先说它解决什么：“决策树学习”用于固定任务、数据角色和评价口径，避免选择过程发生信息泄漏。
再给核心表述：在所有可能树中直接寻找经验损失和复杂度都最优的树通常不可行，实际方法采用启发式递归划分。
然后落地对象与条件：逐一写清输入/变量属于什么集合，公式在哪些前提下成立。
最小自检：构造两个候选和一组验证分数，按预先声明的指标方向与并列规则完成一次选择。
误区与边界：训练集用于拟合、验证集用于选择、测试集只做最终评估；三者不能反复互换。",UNREVIEWED_CURRENT_SOURCE,统计学习方法讲义_v2.6.0_全量索引库.xlsx
M04-KN-SLM-05-02-001,KNOWLEDGE,知识点索引,222,SLM-05-02-001,src/讲义源码/第02册_基础监督学习方法/chapters/V2-C04.tex,177,274,中,缺少最小例/非例；缺少一句话直觉桥,"先说它解决什么：“特征选择”用于固定任务、数据角色和评价口径，避免选择过程发生信息泄漏。
再给核心表述：学习策略。
然后落地对象与条件：逐一写清输入/变量属于什么集合，公式在哪些前提下成立。
最小自检：构造两个候选和一组验证分数，按预先声明的指标方向与并列规则完成一次选择。
误区与边界：训练集用于拟合、验证集用于选择、测试集只做最终评估；三者不能反复互换。",UNREVIEWED_CURRENT_SOURCE,统计学习方法讲义_v2.6.0_全量索引库.xlsx
M04-KN-SLM-05-02-002,KNOWLEDGE,知识点索引,223,SLM-05-02-002,src/讲义源码/第02册_基础监督学习方法/chapters/V2-C04.tex,181,274,低,缺少一句话直觉桥,"先说它解决什么：“特征选择问题”应按输入、状态、初始化、一次更新、停止与输出六个角色来读。
再给核心表述：学习算法。
然后落地对象与条件：逐一写清输入/变量属于什么集合，公式在哪些前提下成立。
最小自检：用2—3个状态或样本手算一轮，把更新前后量并排列出。
误区与边界：预算耗尽、数值停止和数学收敛不是同一状态；候选失败时不能覆盖最后合法状态。",UNREVIEWED_CURRENT_SOURCE,统计学习方法讲义_v2.6.0_全量索引库.xlsx
M04-KN-SLM-05-02-003,KNOWLEDGE,知识点索引,224,SLM-05-02-003,src/讲义源码/第02册_基础监督学习方法/chapters/V2-C04.tex,189,274,中,符号密度较高；缺少一句话直觉桥,"先说它解决什么：“信息增益”应按输入、状态、初始化、一次更新、停止与输出六个角色来读。
再给核心表述：设$D$为非空有限样本集，类别数$K< $，其中第$k$类样本集合为$C_k$。
然后落地对象与条件：逐一写清输入/变量属于什么集合，公式在哪些前提下成立。
最小自检：用2—3个状态或样本手算一轮，把更新前后量并排列出。
误区与边界：预算耗尽、数值停止和数学收敛不是同一状态；候选失败时不能覆盖最后合法状态。",UNREVIEWED_CURRENT_SOURCE,统计学习方法讲义_v2.6.0_全量索引库.xlsx
M04-KN-SLM-05-01-007,KNOWLEDGE,知识点索引,225,SLM-05-01-007,src/讲义源码/第02册_基础监督学习方法/chapters/V2-C04.tex,204,275,低,符号密度较高,"先说它解决什么：“信息增益的算法”应按输入、状态、初始化、一次更新、停止与输出六个角色来读。
再给核心表述：计算信息增益时，先统计父结点类别计数，再按$A$的取值建立子集类别计数；
然后落地对象与条件：逐一写清输入/变量属于什么集合，公式在哪些前提下成立。
最小自检：用2—3个状态或样本手算一轮，把更新前后量并排列出。
误区与边界：预算耗尽、数值停止和数学收敛不是同一状态；候选失败时不能覆盖最后合法状态。",UNREVIEWED_CURRENT_SOURCE,统计学习方法讲义_v2.6.0_全量索引库.xlsx
M04-KN-SLM-05-02-004,KNOWLEDGE,知识点索引,226,SLM-05-02-004,src/讲义源码/第02册_基础监督学习方法/chapters/V2-C04.tex,212,275,中,符号密度较高；缺少一句话直觉桥,"先说它解决什么：“信息增益的定义”用于说明概率量在支持集、条件化或归一化下如何定义与计算。
再给核心表述：信息增益为 $ g(D,A)=H(D)-H(D A). $ 它度量得知特征$A$后类别不确定性的经验减少量，也等于经验联合分布下类别与特征的互信息。
然后落地对象与条件：逐一写清输入/变量属于什么集合，公式在哪些前提下成立。
最小自检：用两点或两类的最小分布代入一次，检查每项非负、总和为1，以及条件分母是否为正。
误区与边界：不要把密度值当作点概率，也不要在分母为0或支持集不匹配时继续套公式。",UNREVIEWED_CURRENT_SOURCE,统计学习方法讲义_v2.6.0_全量索引库.xlsx
M04-KN-SLM-05-02-006,KNOWLEDGE,知识点索引,227,SLM-05-02-006,src/讲义源码/第02册_基础监督学习方法/chapters/V2-C04.tex,224,274,低,符号密度较高,"先说它解决什么：“信息增益比”用于说明概率量在支持集、条件化或归一化下如何定义与计算。
再给核心表述：信息增益偏向取值较多的特征。
然后落地对象与条件：逐一写清输入/变量属于什么集合，公式在哪些前提下成立。
最小自检：用两点或两类的最小分布代入一次，检查每项非负、总和为1，以及条件分母是否为正。
误区与边界：不要把密度值当作点概率，也不要在分母为0或支持集不匹配时继续套公式。",UNREVIEWED_CURRENT_SOURCE,统计学习方法讲义_v2.6.0_全量索引库.xlsx
M04-KN-SLM-05-03-001,KNOWLEDGE,知识点索引,228,SLM-05-03-001,src/讲义源码/第02册_基础监督学习方法/chapters/V2-C04.tex,236,275,中,符号密度较高；缺少一句话直觉桥；单段过长，需分层,"先说它解决什么：“信息增益比的定义”用于说明概率量在支持集、条件化或归一化下如何定义与计算。
再给核心表述：信息增益比定义为 $ g_R(D,A)= g(D,A)H_A(D). $ 若$A$在当前结点只有一个取值，则$H_A(D)=0$且不能提供切分，应把它从候选中移除，而不是执行除零。
然后落地对象与条件：逐一写清输入/变量属于什么集合，公式在哪些前提下成立。
最小自检：用两点或两类的最小分布代入一次，检查每项非负、总和为1，以及条件分母是否为正。
误区与边界：不要把密度值当作点概率，也不要在分母为0或支持集不匹配时继续套公式。",UNREVIEWED_CURRENT_SOURCE,统计学习方法讲义_v2.6.0_全量索引库.xlsx
M04-KN-SLM-05-02-005,KNOWLEDGE,知识点索引,229,SLM-05-02-005,src/讲义源码/第02册_基础监督学习方法/chapters/V2-C04.tex,364,278,中,符号密度较高；缺少一句话直觉桥,"先说它解决什么：“ID3算法”应按输入、状态、初始化、一次更新、停止与输出六个角色来读。
再给核心表述：ID3在每个结点选择信息增益最大的特征，按该特征的不同取值建立多个分支。
然后落地对象与条件：逐一写清输入/变量属于什么集合，公式在哪些前提下成立。
最小自检：用2—3个状态或样本手算一轮，把更新前后量并排列出。
误区与边界：预算耗尽、数值停止和数学收敛不是同一状态；候选失败时不能覆盖最后合法状态。",UNREVIEWED_CURRENT_SOURCE,统计学习方法讲义_v2.6.0_全量索引库.xlsx
M04-KN-SLM-05-03-002,KNOWLEDGE,知识点索引,230,SLM-05-03-002,src/讲义源码/第02册_基础监督学习方法/chapters/V2-C04.tex,372,279,中,符号密度较高；缺少一句话直觉桥,"先说它解决什么：先把“决策树的生成”理解为一个需要明确对象、条件与结论的基础概念。
再给核心表述：生成过程从根结点开始，把当前结点的数据和可用特征视为一个状态。
然后落地对象与条件：逐一写清输入/变量属于什么集合，公式在哪些前提下成立。
最小自检：给出一个满足定义的最小例和一个只破坏单一条件的非例。
误区与边界：不要只凭名称或图形相似作判断，应回到定义中的量词、作用域和条件。",UNREVIEWED_CURRENT_SOURCE,统计学习方法讲义_v2.6.0_全量索引库.xlsx
M04-KN-SLM-05-03-003,KNOWLEDGE,知识点索引,231,SLM-05-03-003,src/讲义源码/第02册_基础监督学习方法/chapters/V2-C04.tex,380,279,中,符号密度较高；缺少一句话直觉桥,"先说它解决什么：“ID3的递归过程”应按输入、状态、初始化、一次更新、停止与输出六个角色来读。
再给核心表述：若当前数据全部属于同一类，叶标签就是该类；
然后落地对象与条件：逐一写清输入/变量属于什么集合，公式在哪些前提下成立。
最小自检：用2—3个状态或样本手算一轮，把更新前后量并排列出。
误区与边界：预算耗尽、数值停止和数学收敛不是同一状态；候选失败时不能覆盖最后合法状态。",UNREVIEWED_CURRENT_SOURCE,统计学习方法讲义_v2.6.0_全量索引库.xlsx
M04-KN-SLM-05-03-005,KNOWLEDGE,知识点索引,232,SLM-05-03-005,src/讲义源码/第02册_基础监督学习方法/chapters/V2-C04.tex,388,279,中,符号密度较高；缺少一句话直觉桥,"先说它解决什么：“C4.5生成算法”应按输入、状态、初始化、一次更新、停止与输出六个角色来读。
再给核心表述：C4.5的递归框架与ID3相同，但经典选择规则不是在全部候选上直接最大化信息增益比。
然后落地对象与条件：逐一写清输入/变量属于什么集合，公式在哪些前提下成立。
最小自检：用2—3个状态或样本手算一轮，把更新前后量并排列出。
误区与边界：预算耗尽、数值停止和数学收敛不是同一状态；候选失败时不能覆盖最后合法状态。",UNREVIEWED_CURRENT_SOURCE,统计学习方法讲义_v2.6.0_全量索引库.xlsx
M04-KN-SLM-05-03-004,KNOWLEDGE,知识点索引,233,SLM-05-03-004,src/讲义源码/第02册_基础监督学习方法/chapters/V2-C04.tex,402,279,中,符号密度较高；缺少一句话直觉桥；单段过长，需分层,"先说它解决什么：“C4.5的算法步骤”应按输入、状态、初始化、一次更新、停止与输出六个角色来读。
再给核心表述：ID3与C4.5对离散特征可采用多叉分支；
然后落地对象与条件：逐一写清输入/变量属于什么集合，公式在哪些前提下成立。
最小自检：用2—3个状态或样本手算一轮，把更新前后量并排列出。
误区与边界：预算耗尽、数值停止和数学收敛不是同一状态；候选失败时不能覆盖最后合法状态。",UNREVIEWED_CURRENT_SOURCE,统计学习方法讲义_v2.6.0_全量索引库.xlsx
M04-KN-SLM-05-04-001,KNOWLEDGE,知识点索引,234,SLM-05-04-001,src/讲义源码/第02册_基础监督学习方法/chapters/V2-C04.tex,497,282,中,符号密度较高；缺少一句话直觉桥,"先说它解决什么：“决策树剪枝”应按输入、状态、初始化、一次更新、停止与输出六个角色来读。
再给核心表述：完全生长的树往往把训练样本的偶然波动编码为细小分支。
然后落地对象与条件：逐一写清输入/变量属于什么集合，公式在哪些前提下成立。
最小自检：用2—3个状态或样本手算一轮，把更新前后量并排列出。
误区与边界：预算耗尽、数值停止和数学收敛不是同一状态；候选失败时不能覆盖最后合法状态。",UNREVIEWED_CURRENT_SOURCE,统计学习方法讲义_v2.6.0_全量索引库.xlsx
M04-KN-SLM-05-04-002,KNOWLEDGE,知识点索引,235,SLM-05-04-002,src/讲义源码/第02册_基础监督学习方法/chapters/V2-C04.tex,505,278,中,符号密度较高；缺少一句话直觉桥；单段过长，需分层,"先说它解决什么：“树的剪枝算法”应按输入、状态、初始化、一次更新、停止与输出六个角色来读。
再给核心表述：对分类树$T$，设叶结点$t$有$N_t$个样本，其中第$k$类有$N_tk$个，叶经验熵为 $ H_t(T)=- _k=1^K N_tkN_t N_tkN_t. $ 定义训练拟合项和代价复杂度目标 $ C(T)= _t=1^|T|N_tH_t(T), C_ (T)=C(T)+ |T|, 0. $ $ $越大，减少一个叶所节省的复杂度代价越重要；
然后落地对象与条件：逐一写清输入/变量属于什么集合，公式在哪些前提下成立。
最小自检：用2—3个状态或样本手算一轮，把更新前后量并排列出。
误区与边界：预算耗尽、数值停止和数学收敛不是同一状态；候选失败时不能覆盖最后合法状态。",UNREVIEWED_CURRENT_SOURCE,统计学习方法讲义_v2.6.0_全量索引库.xlsx
M04-KN-SLM-05-05-001,KNOWLEDGE,知识点索引,236,SLM-05-05-001,src/讲义源码/第02册_基础监督学习方法/chapters/V2-C04.tex,585,284,中,符号密度较高；缺少一句话直觉桥,"先说它解决什么：“CART算法”应按输入、状态、初始化、一次更新、停止与输出六个角色来读。
再给核心表述：CART统一处理分类和回归，并约束每个内部结点执行二叉切分。
然后落地对象与条件：逐一写清输入/变量属于什么集合，公式在哪些前提下成立。
最小自检：用2—3个状态或样本手算一轮，把更新前后量并排列出。
误区与边界：预算耗尽、数值停止和数学收敛不是同一状态；候选失败时不能覆盖最后合法状态。",UNREVIEWED_CURRENT_SOURCE,统计学习方法讲义_v2.6.0_全量索引库.xlsx
M04-KN-SLM-05-05-002,KNOWLEDGE,知识点索引,237,SLM-05-05-002,src/讲义源码/第02册_基础监督学习方法/chapters/V2-C04.tex,593,284,中,符号密度较高；缺少一句话直觉桥,"先说它解决什么：“CART生成”应按输入、状态、初始化、一次更新、停止与输出六个角色来读。
再给核心表述：回归树使用平方误差最小化选择切分变量$j$与切分点$s$： $ R_1(j,s)=\x:x^(j) s\, R_2(j,s)=\x:x^(j)>s\, $ $ _j,s . $ 首次阅读检查：最小二乘回归树生成算法。
然后落地对象与条件：逐一写清输入/变量属于什么集合，公式在哪些前提下成立。
最小自检：用2—3个状态或样本手算一轮，把更新前后量并排列出。
误区与边界：预算耗尽、数值停止和数学收敛不是同一状态；候选失败时不能覆盖最后合法状态。",UNREVIEWED_CURRENT_SOURCE,统计学习方法讲义_v2.6.0_全量索引库.xlsx
M04-KN-SLM-05-05-003,KNOWLEDGE,知识点索引,238,SLM-05-05-003,src/讲义源码/第02册_基础监督学习方法/chapters/V2-C04.tex,611,284,中,符号密度较高；缺少最小例/非例；缺少一句话直觉桥,"先说它解决什么：“最小二乘回归树生成算法”应按输入、状态、初始化、一次更新、停止与输出六个角色来读。
再给核心表述：选定切分后，对两个子区域继续递归划分。
然后落地对象与条件：逐一写清输入/变量属于什么集合，公式在哪些前提下成立。
最小自检：用2—3个状态或样本手算一轮，把更新前后量并排列出。
误区与边界：预算耗尽、数值停止和数学收敛不是同一状态；候选失败时不能覆盖最后合法状态。",UNREVIEWED_CURRENT_SOURCE,统计学习方法讲义_v2.6.0_全量索引库.xlsx
M04-KN-SLM-05-04-003,KNOWLEDGE,知识点索引,239,SLM-05-04-003,src/讲义源码/第02册_基础监督学习方法/chapters/V2-C04.tex,639,278,中,符号密度较高；缺少一句话直觉桥,"先说它解决什么：“基尼指数”应按输入、状态、初始化、一次更新、停止与输出六个角色来读。
再给核心表述：分类问题中，类别概率为$p_1, ,p_K$时，基尼指数为 $ Gini(p)= _k=1^Kp_k(1-p_k)=1- _k=1^Kp_k^2. $ 样本集合$D$的经验基尼指数为$1- _k(|C_k|/|D|)^2$。
然后落地对象与条件：逐一写清输入/变量属于什么集合，公式在哪些前提下成立。
最小自检：用2—3个状态或样本手算一轮，把更新前后量并排列出。
误区与边界：预算耗尽、数值停止和数学收敛不是同一状态；候选失败时不能覆盖最后合法状态。",UNREVIEWED_CURRENT_SOURCE,统计学习方法讲义_v2.6.0_全量索引库.xlsx
M04-KN-SLM-05-06-001,KNOWLEDGE,知识点索引,240,SLM-05-06-001,src/讲义源码/第02册_基础监督学习方法/chapters/V2-C04.tex,655,285,中,符号密度较高；单段过长，需分层,"先说它解决什么：“CART生成算法”应按输入、状态、初始化、一次更新、停止与输出六个角色来读。
再给核心表述：分类CART枚举特征与二值切分，选择加权基尼指数最小的候选；
然后落地对象与条件：逐一写清输入/变量属于什么集合，公式在哪些前提下成立。
最小自检：用2—3个状态或样本手算一轮，把更新前后量并排列出。
误区与边界：预算耗尽、数值停止和数学收敛不是同一状态；候选失败时不能覆盖最后合法状态。",UNREVIEWED_CURRENT_SOURCE,统计学习方法讲义_v2.6.0_全量索引库.xlsx
M04-KN-SLM-05-05-004,KNOWLEDGE,知识点索引,241,SLM-05-05-004,src/讲义源码/第02册_基础监督学习方法/chapters/V2-C04.tex,714,278,中,符号密度较高；缺少一句话直觉桥,"先说它解决什么：“CART剪枝”应按输入、状态、初始化、一次更新、停止与输出六个角色来读。
再给核心表述：CART从充分生长树$T_0$出发，经典代价复杂度剪枝使用 $ C_ (T)=C(T)+ |T| $ 评价子树。
然后落地对象与条件：逐一写清输入/变量属于什么集合，公式在哪些前提下成立。
最小自检：用2—3个状态或样本手算一轮，把更新前后量并排列出。
误区与边界：预算耗尽、数值停止和数学收敛不是同一状态；候选失败时不能覆盖最后合法状态。",UNREVIEWED_CURRENT_SOURCE,统计学习方法讲义_v2.6.0_全量索引库.xlsx
M04-KN-SLM-05-07-001,KNOWLEDGE,知识点索引,242,SLM-05-07-001,src/讲义源码/第02册_基础监督学习方法/chapters/V2-C04.tex,736,287,中,符号密度较高；缺少一句话直觉桥,"先说它解决什么：“CART最弱环节剪枝算法”应按输入、状态、初始化、一次更新、停止与输出六个角色来读。
再给核心表述：首次阅读检查：CART最弱环节剪枝。
然后落地对象与条件：逐一写清输入/变量属于什么集合，公式在哪些前提下成立。
最小自检：用2—3个状态或样本手算一轮，把更新前后量并排列出。
误区与边界：预算耗尽、数值停止和数学收敛不是同一状态；候选失败时不能覆盖最后合法状态。",UNREVIEWED_CURRENT_SOURCE,统计学习方法讲义_v2.6.0_全量索引库.xlsx
M04-KN-SLM-06-00-001,KNOWLEDGE,知识点索引,243,SLM-06-00-001,src/讲义源码/第02册_基础监督学习方法/chapters/V2-C05.tex,124,300,中,符号密度较高；缺少一句话直觉桥,"先说它解决什么：“逻辑斯谛回归与最大熵模型”用于说明概率量在支持集、条件化或归一化下如何定义与计算。
再给核心表述：逻辑斯谛回归是条件概率模型。
然后落地对象与条件：逐一写清输入/变量属于什么集合，公式在哪些前提下成立。
最小自检：用两点或两类的最小分布代入一次，检查每项非负、总和为1，以及条件分母是否为正。
误区与边界：不要把密度值当作点概率，也不要在分母为0或支持集不匹配时继续套公式。",UNREVIEWED_CURRENT_SOURCE,统计学习方法讲义_v2.6.0_全量索引库.xlsx
M04-KN-SLM-06-01-002,KNOWLEDGE,知识点索引,244,SLM-06-01-002,src/讲义源码/第02册_基础监督学习方法/chapters/V2-C05.tex,132,300,中,符号密度较高；缺少一句话直觉桥,"先说它解决什么：“逻辑斯谛回归模型”用于说明概率量在支持集、条件化或归一化下如何定义与计算。
再给核心表述：逻辑斯谛回归把输入的线性组合送入S形函数。
然后落地对象与条件：逐一写清输入/变量属于什么集合，公式在哪些前提下成立。
最小自检：用两点或两类的最小分布代入一次，检查每项非负、总和为1，以及条件分母是否为正。
误区与边界：不要把密度值当作点概率，也不要在分母为0或支持集不匹配时继续套公式。",UNREVIEWED_CURRENT_SOURCE,统计学习方法讲义_v2.6.0_全量索引库.xlsx
M04-KN-SLM-06-01-003,KNOWLEDGE,知识点索引,245,SLM-06-01-003,src/讲义源码/第02册_基础监督学习方法/chapters/V2-C05.tex,140,299,高,核心表述偏短；成立条件未显式前置；缺少最小例/非例；缺少一句话直觉桥,"先说它解决什么：“逻辑斯谛分布”用于说明概率量在支持集、条件化或归一化下如何定义与计算。
再给核心表述：
然后落地对象与条件：逐一写清输入/变量属于什么集合，公式在哪些前提下成立。
最小自检：用两点或两类的最小分布代入一次，检查每项非负、总和为1，以及条件分母是否为正。
误区与边界：不要把密度值当作点概率，也不要在分母为0或支持集不匹配时继续套公式。",UNREVIEWED_CURRENT_SOURCE,统计学习方法讲义_v2.6.0_全量索引库.xlsx
M04-KN-SLM-06-01-001,KNOWLEDGE,知识点索引,246,SLM-06-01-001,src/讲义源码/第02册_基础监督学习方法/chapters/V2-C05.tex,157,300,中,符号密度较高；缺少一句话直觉桥,"先说它解决什么：“逻辑斯谛分布的分布函数与密度函数”用于说明概率量在支持集、条件化或归一化下如何定义与计算。
再给核心表述：分布函数关于$u= $中心对称地过渡：$F( )=1/2$，且$F( +t)=1-F( -t)$。
然后落地对象与条件：逐一写清输入/变量属于什么集合，公式在哪些前提下成立。
最小自检：用两点或两类的最小分布代入一次，检查每项非负、总和为1，以及条件分母是否为正。
误区与边界：不要把密度值当作点概率，也不要在分母为0或支持集不匹配时继续套公式。",UNREVIEWED_CURRENT_SOURCE,统计学习方法讲义_v2.6.0_全量索引库.xlsx
M04-KN-SLM-06-01-004,KNOWLEDGE,知识点索引,247,SLM-06-01-004,src/讲义源码/第02册_基础监督学习方法/chapters/V2-C05.tex,169,300,中,核心表述偏短；缺少最小例/非例；缺少一句话直觉桥,"先说它解决什么：先把“二项逻辑斯谛回归模型”理解为一个需要明确对象、条件与结论的基础概念。
再给核心表述：
然后落地对象与条件：逐一写清输入/变量属于什么集合，公式在哪些前提下成立。
最小自检：给出一个满足定义的最小例和一个只破坏单一条件的非例。
误区与边界：不要只凭名称或图形相似作判断，应回到定义中的量词、作用域和条件。",UNREVIEWED_CURRENT_SOURCE,统计学习方法讲义_v2.6.0_全量索引库.xlsx
M04-KN-SLM-06-02-001,KNOWLEDGE,知识点索引,248,SLM-06-02-001,src/讲义源码/第02册_基础监督学习方法/chapters/V2-C05.tex,170,301,低,符号密度较高,"先说它解决什么：“二项逻辑斯谛回归的条件概率分布”用于说明概率量在支持集、条件化或归一化下如何定义与计算。
再给核心表述：首次阅读检查：二项逻辑斯谛回归。
然后落地对象与条件：逐一写清输入/变量属于什么集合，公式在哪些前提下成立。
最小自检：用两点或两类的最小分布代入一次，检查每项非负、总和为1，以及条件分母是否为正。
误区与边界：不要把密度值当作点概率，也不要在分母为0或支持集不匹配时继续套公式。",UNREVIEWED_CURRENT_SOURCE,统计学习方法讲义_v2.6.0_全量索引库.xlsx
M04-KN-SLM-06-01-005,KNOWLEDGE,知识点索引,249,SLM-06-01-005,src/讲义源码/第02册_基础监督学习方法/chapters/V2-C05.tex,258,303,高,符号密度较高；缺少最小例/非例；缺少一句话直觉桥；单段过长，需分层,"先说它解决什么：“模型参数估计”应按输入、状态、初始化、一次更新、停止与输出六个角色来读。
再给核心表述：令$p_i= (w^Tx_i+b)$。
然后落地对象与条件：逐一写清输入/变量属于什么集合，公式在哪些前提下成立。
最小自检：用2—3个状态或样本手算一轮，把更新前后量并排列出。
误区与边界：预算耗尽、数值停止和数学收敛不是同一状态；候选失败时不能覆盖最后合法状态。",UNREVIEWED_CURRENT_SOURCE,统计学习方法讲义_v2.6.0_全量索引库.xlsx
M04-KN-SLM-06-01-006,KNOWLEDGE,知识点索引,250,SLM-06-01-006,src/讲义源码/第02册_基础监督学习方法/chapters/V2-C05.tex,438,308,高,符号密度较高；缺少最小例/非例；缺少一句话直觉桥；单段过长，需分层,"先说它解决什么：“多项逻辑斯谛回归”用于说明概率量在支持集、条件化或归一化下如何定义与计算。
再给核心表述：对$K$个互斥类别，选第$K$类为基准类，并为前$K-1$类设置参数$w_1, ,w_K-1$。
然后落地对象与条件：逐一写清输入/变量属于什么集合，公式在哪些前提下成立。
最小自检：用两点或两类的最小分布代入一次，检查每项非负、总和为1，以及条件分母是否为正。
误区与边界：不要把密度值当作点概率，也不要在分母为0或支持集不匹配时继续套公式。",UNREVIEWED_CURRENT_SOURCE,统计学习方法讲义_v2.6.0_全量索引库.xlsx
M04-KN-SLM-06-02-002,KNOWLEDGE,知识点索引,251,SLM-06-02-002,src/讲义源码/第03册_优化模型与序列模型/chapters/V3-C01.tex,112,319,中,符号密度较高；缺少一句话直觉桥,"先说它解决什么：“最大熵模型”用于说明概率量在支持集、条件化或归一化下如何定义与计算。
再给核心表述：概率建模常只有部分可靠信息，例如若干事件概率之和、某些统计量的均值或训练样本给出的特征频率。
然后落地对象与条件：逐一写清输入/变量属于什么集合，公式在哪些前提下成立。
最小自检：用两点或两类的最小分布代入一次，检查每项非负、总和为1，以及条件分母是否为正。
误区与边界：不要把密度值当作点概率，也不要在分母为0或支持集不匹配时继续套公式。",UNREVIEWED_CURRENT_SOURCE,统计学习方法讲义_v2.6.0_全量索引库.xlsx
M04-KN-SLM-06-02-003,KNOWLEDGE,知识点索引,252,SLM-06-02-003,src/讲义源码/第03册_优化模型与序列模型/chapters/V3-C01.tex,120,319,高,核心表述偏短；成立条件未显式前置；缺少最小例/非例；缺少一句话直觉桥,"先说它解决什么：“最大熵原理”用于说明概率量在支持集、条件化或归一化下如何定义与计算。
再给核心表述：
然后落地对象与条件：逐一写清输入/变量属于什么集合，公式在哪些前提下成立。
最小自检：用两点或两类的最小分布代入一次，检查每项非负、总和为1，以及条件分母是否为正。
误区与边界：不要把密度值当作点概率，也不要在分母为0或支持集不匹配时继续套公式。",UNREVIEWED_CURRENT_SOURCE,统计学习方法讲义_v2.6.0_全量索引库.xlsx
M04-KN-SLM-06-02-006,KNOWLEDGE,知识点索引,253,SLM-06-02-006,src/讲义源码/第03册_优化模型与序列模型/chapters/V3-C01.tex,208,322,中,符号密度较高；缺少一句话直觉桥,"先说它解决什么：“极大似然估计”应按输入、状态、初始化、一次更新、停止与输出六个角色来读。
再给核心表述：指数模型的平均条件对数似然为 $ (w)= _x,y P(x,y) P_w(y x) = _iw_i E(f_i)- _x P(x) Z_w(x). $ 因此最小化负对数似然 $ J(w)= _x P(x) Z_w(x)- _iw_i E(f_i) $ 与最大化最大熵对偶函数是同一个优化问题。
然后落地对象与条件：逐一写清输入/变量属于什么集合，公式在哪些前提下成立。
最小自检：用2—3个状态或样本手算一轮，把更新前后量并排列出。
误区与边界：预算耗尽、数值停止和数学收敛不是同一状态；候选失败时不能覆盖最后合法状态。",UNREVIEWED_CURRENT_SOURCE,统计学习方法讲义_v2.6.0_全量索引库.xlsx
M04-KN-SLM-06-03-002,KNOWLEDGE,知识点索引,254,SLM-06-03-002,src/讲义源码/第03册_优化模型与序列模型/chapters/V3-C01.tex,225,322,中,符号密度较高；缺少一句话直觉桥,"先说它解决什么：“模型学习的最优化算法”应按输入、状态、初始化、一次更新、停止与输出六个角色来读。
再给核心表述：对$w_i$求导， $ J w_i = _x,y P(x)P_w(y x)f_i(x,y)- E(f_i) =E_P_w(f_i)- E(f_i). $ Hessian是条件特征协方差的经验加权和： $ ^2J w_i w_j = _x P(x)Cov_P_w( x) (f_i(x,Y),f_j(x,Y) ), $ 故半正定。
然后落地对象与条件：逐一写清输入/变量属于什么集合，公式在哪些前提下成立。
最小自检：用2—3个状态或样本手算一轮，把更新前后量并排列出。
误区与边界：预算耗尽、数值停止和数学收敛不是同一状态；候选失败时不能覆盖最后合法状态。",UNREVIEWED_CURRENT_SOURCE,统计学习方法讲义_v2.6.0_全量索引库.xlsx
M04-KN-SLM-06-03-004,KNOWLEDGE,知识点索引,255,SLM-06-03-004,src/讲义源码/第03册_优化模型与序列模型/chapters/V3-C01.tex,249,322,高,核心表述偏短；成立条件未显式前置；缺少最小例/非例；缺少一句话直觉桥,"先说它解决什么：“拟牛顿法”应按输入、状态、初始化、一次更新、停止与输出六个角色来读。
再给核心表述：
然后落地对象与条件：逐一写清输入/变量属于什么集合，公式在哪些前提下成立。
最小自检：用2—3个状态或样本手算一轮，把更新前后量并排列出。
误区与边界：预算耗尽、数值停止和数学收敛不是同一状态；候选失败时不能覆盖最后合法状态。",UNREVIEWED_CURRENT_SOURCE,统计学习方法讲义_v2.6.0_全量索引库.xlsx
M04-KN-SLM-06-02-007,KNOWLEDGE,知识点索引,256,SLM-06-02-007,src/讲义源码/第03册_优化模型与序列模型/chapters/V3-C01.tex,250,322,低,符号密度较高,"先说它解决什么：“最大熵模型学习的BFGS算法”应按输入、状态、初始化、一次更新、停止与输出六个角色来读。
再给核心表述：geometrybox 几何解释。
然后落地对象与条件：逐一写清输入/变量属于什么集合，公式在哪些前提下成立。
最小自检：用2—3个状态或样本手算一轮，把更新前后量并排列出。
误区与边界：预算耗尽、数值停止和数学收敛不是同一状态；候选失败时不能覆盖最后合法状态。",UNREVIEWED_CURRENT_SOURCE,统计学习方法讲义_v2.6.0_全量索引库.xlsx
M04-KN-SLM-06-02-004,KNOWLEDGE,知识点索引,257,SLM-06-02-004,src/讲义源码/第03册_优化模型与序列模型/chapters/V3-C01.tex,274,323,中,符号密度较高；缺少一句话直觉桥,"先说它解决什么：“最大熵模型的定义”用于说明概率量在支持集、条件化或归一化下如何定义与计算。
再给核心表述：对训练集定义频数$ (x,y)$与$ (x)$，经验分布为 $ P(x,y)= (x,y)N, P(x)= (x)N. $ 给定特征$f_i(x,y)$，其经验期望与模型期望分别为 $ E(f_i)= _x,y P(x,y)f_i(x,y), E_P(f_i)= _x,y P(x)P(y x)f_i(x,y). $ 期望匹配约束$E_P(f_i)= E(f_i)$要求模型在输入经验分布下复现训练数据中的特征统计量。
然后落地对象与条件：逐一写清输入/变量属于什么集合，公式在哪些前提下成立。
最小自检：用两点或两类的最小分布代入一次，检查每项非负、总和为1，以及条件分母是否为正。
误区与边界：不要把密度值当作点概率，也不要在分母为0或支持集不匹配时继续套公式。",UNREVIEWED_CURRENT_SOURCE,统计学习方法讲义_v2.6.0_全量索引库.xlsx
M04-KN-SLM-06-03-001,KNOWLEDGE,知识点索引,258,SLM-06-03-001,src/讲义源码/第03册_优化模型与序列模型/chapters/V3-C01.tex,293,324,低,符号密度较高,"先说它解决什么：“满足经验约束的最大熵条件模型”用于说明概率量在支持集、条件化或归一化下如何定义与计算。
再给核心表述：首次阅读检查：条件最大熵模型。
然后落地对象与条件：逐一写清输入/变量属于什么集合，公式在哪些前提下成立。
最小自检：用两点或两类的最小分布代入一次，检查每项非负、总和为1，以及条件分母是否为正。
误区与边界：不要把密度值当作点概率，也不要在分母为0或支持集不匹配时继续套公式。",UNREVIEWED_CURRENT_SOURCE,统计学习方法讲义_v2.6.0_全量索引库.xlsx
M04-KN-SLM-06-02-005,KNOWLEDGE,知识点索引,259,SLM-06-02-005,src/讲义源码/第03册_优化模型与序列模型/chapters/V3-C01.tex,321,324,中,符号密度较高；缺少一句话直觉桥；单段过长，需分层,"先说它解决什么：“最大熵模型的学习”应按输入、状态、初始化、一次更新、停止与输出六个角色来读。
再给核心表述：学习问题写成 $ _P CH(P), $ 等价地最小化$-H(P)$。
然后落地对象与条件：逐一写清输入/变量属于什么集合，公式在哪些前提下成立。
最小自检：用2—3个状态或样本手算一轮，把更新前后量并排列出。
误区与边界：预算耗尽、数值停止和数学收敛不是同一状态；候选失败时不能覆盖最后合法状态。",UNREVIEWED_CURRENT_SOURCE,统计学习方法讲义_v2.6.0_全量索引库.xlsx
M04-KN-SLM-06-03-003,KNOWLEDGE,知识点索引,260,SLM-06-03-003,src/讲义源码/第03册_优化模型与序列模型/chapters/V3-C01.tex,422,324,高,核心表述偏短；成立条件未显式前置；缺少最小例/非例；缺少一句话直觉桥,"先说它解决什么：“改进的迭代尺度法”应按输入、状态、初始化、一次更新、停止与输出六个角色来读。
再给核心表述：
然后落地对象与条件：逐一写清输入/变量属于什么集合，公式在哪些前提下成立。
最小自检：用2—3个状态或样本手算一轮，把更新前后量并排列出。
误区与边界：预算耗尽、数值停止和数学收敛不是同一状态；候选失败时不能覆盖最后合法状态。",UNREVIEWED_CURRENT_SOURCE,统计学习方法讲义_v2.6.0_全量索引库.xlsx
M04-KN-SLM-06-01-007,KNOWLEDGE,知识点索引,261,SLM-06-01-007,src/讲义源码/第03册_优化模型与序列模型/chapters/V3-C01.tex,423,328,中,符号密度较高；单段过长，需分层,"先说它解决什么：“改进的迭代尺度算法IIS”应按输入、状态、初始化、一次更新、停止与输出六个角色来读。
再给核心表述：把条件对数似然增量下界分离成每个特征参数的一维方程。
然后落地对象与条件：逐一写清输入/变量属于什么集合，公式在哪些前提下成立。
最小自检：用2—3个状态或样本手算一轮，把更新前后量并排列出。
误区与边界：预算耗尽、数值停止和数学收敛不是同一状态；候选失败时不能覆盖最后合法状态。",UNREVIEWED_CURRENT_SOURCE,统计学习方法讲义_v2.6.0_全量索引库.xlsx
M04-KN-SLM-07-00-001,KNOWLEDGE,知识点索引,262,SLM-07-00-001,src/讲义源码/第03册_优化模型与序列模型/chapters/V3-C02.tex,120,343,中,符号密度较高；缺少一句话直觉桥,"先说它解决什么：“支持向量机”应按输入、状态、初始化、一次更新、停止与输出六个角色来读。
再给核心表述：支持向量机在特征空间中学习分离超平面。
然后落地对象与条件：逐一写清输入/变量属于什么集合，公式在哪些前提下成立。
最小自检：用2—3个状态或样本手算一轮，把更新前后量并排列出。
误区与边界：预算耗尽、数值停止和数学收敛不是同一状态；候选失败时不能覆盖最后合法状态。",UNREVIEWED_CURRENT_SOURCE,统计学习方法讲义_v2.6.0_全量索引库.xlsx
M04-KN-SLM-07-01-002,KNOWLEDGE,知识点索引,263,SLM-07-01-002,src/讲义源码/第03册_优化模型与序列模型/chapters/V3-C02.tex,128,344,中,符号密度较高；缺少一句话直觉桥,"先说它解决什么：“线性可分支持向量机与硬间隔最大化”说明线性对象的维数、方向或几何作用，核心是先核对对象所在空间。
再给核心表述：若存在$(w,b)$使所有样本满足$y_i(w^Tx_i+b)>0$，训练集线性可分。
然后落地对象与条件：逐一写清输入/变量属于什么集合，公式在哪些前提下成立。
最小自检：取二维向量或2×2矩阵逐项算一次，并在每个乘法前写出维数。
误区与边界：矩阵乘法通常不可交换；零向量、非满秩和非正定情形要单独检查。",UNREVIEWED_CURRENT_SOURCE,统计学习方法讲义_v2.6.0_全量索引库.xlsx
M04-KN-SLM-07-01-003,KNOWLEDGE,知识点索引,264,SLM-07-01-003,src/讲义源码/第03册_优化模型与序列模型/chapters/V3-C02.tex,136,343,中,符号密度较高；缺少最小例/非例；缺少一句话直觉桥,"先说它解决什么：“线性可分支持向量机”说明线性对象的维数、方向或几何作用，核心是先核对对象所在空间。
再给核心表述：利用分类超平面的正尺度不变性固定函数间隔。
然后落地对象与条件：逐一写清输入/变量属于什么集合，公式在哪些前提下成立。
最小自检：取二维向量或2×2矩阵逐项算一次，并在每个乘法前写出维数。
误区与边界：矩阵乘法通常不可交换；零向量、非满秩和非正定情形要单独检查。",UNREVIEWED_CURRENT_SOURCE,统计学习方法讲义_v2.6.0_全量索引库.xlsx
M04-KN-SLM-07-01-004,KNOWLEDGE,知识点索引,265,SLM-07-01-004,src/讲义源码/第03册_优化模型与序列模型/chapters/V3-C02.tex,167,345,中,核心表述偏短；缺少最小例/非例；缺少一句话直觉桥,"先说它解决什么：先把“函数间隔和几何间隔”理解为一个需要明确对象、条件与结论的基础概念。
再给核心表述：
然后落地对象与条件：逐一写清输入/变量属于什么集合，公式在哪些前提下成立。
最小自检：给出一个满足定义的最小例和一个只破坏单一条件的非例。
误区与边界：不要只凭名称或图形相似作判断，应回到定义中的量词、作用域和条件。",UNREVIEWED_CURRENT_SOURCE,统计学习方法讲义_v2.6.0_全量索引库.xlsx
M04-KN-SLM-07-02-001,KNOWLEDGE,知识点索引,266,SLM-07-02-001,src/讲义源码/第03册_优化模型与序列模型/chapters/V3-C02.tex,168,345,中,核心表述偏短；缺少最小例/非例；缺少一句话直觉桥,"先说它解决什么：先把“函数间隔”理解为一个需要明确对象、条件与结论的基础概念。
再给核心表述：
然后落地对象与条件：逐一写清输入/变量属于什么集合，公式在哪些前提下成立。
最小自检：给出一个满足定义的最小例和一个只破坏单一条件的非例。
误区与边界：不要只凭名称或图形相似作判断，应回到定义中的量词、作用域和条件。",UNREVIEWED_CURRENT_SOURCE,统计学习方法讲义_v2.6.0_全量索引库.xlsx
M04-KN-SLM-07-03-001,KNOWLEDGE,知识点索引,267,SLM-07-03-001,src/讲义源码/第03册_优化模型与序列模型/chapters/V3-C02.tex,182,345,中,核心表述偏短；缺少最小例/非例；缺少一句话直觉桥,"先说它解决什么：先把“几何间隔”理解为一个需要明确对象、条件与结论的基础概念。
再给核心表述：
然后落地对象与条件：逐一写清输入/变量属于什么集合，公式在哪些前提下成立。
最小自检：给出一个满足定义的最小例和一个只破坏单一条件的非例。
误区与边界：不要只凭名称或图形相似作判断，应回到定义中的量词、作用域和条件。",UNREVIEWED_CURRENT_SOURCE,统计学习方法讲义_v2.6.0_全量索引库.xlsx
M04-KN-SLM-07-01-005,KNOWLEDGE,知识点索引,268,SLM-07-01-005,src/讲义源码/第03册_优化模型与序列模型/chapters/V3-C02.tex,203,346,中,核心表述偏短；缺少最小例/非例；缺少一句话直觉桥,"先说它解决什么：先把“间隔最大化”理解为一个需要明确对象、条件与结论的基础概念。
再给核心表述：
然后落地对象与条件：逐一写清输入/变量属于什么集合，公式在哪些前提下成立。
最小自检：给出一个满足定义的最小例和一个只破坏单一条件的非例。
误区与边界：不要只凭名称或图形相似作判断，应回到定义中的量词、作用域和条件。",UNREVIEWED_CURRENT_SOURCE,统计学习方法讲义_v2.6.0_全量索引库.xlsx
M04-KN-SLM-07-01-001,KNOWLEDGE,知识点索引,269,SLM-07-01-001,src/讲义源码/第03册_优化模型与序列模型/chapters/V3-C02.tex,204,346,中,符号密度较高；缺少一句话直觉桥,"先说它解决什么：“线性可分支持向量机的规范定义”应按输入、状态、初始化、一次更新、停止与输出六个角色来读。
再给核心表述：利用参数尺度自由度，可令训练集最小函数间隔等于1。
然后落地对象与条件：逐一写清输入/变量属于什么集合，公式在哪些前提下成立。
最小自检：用2—3个状态或样本手算一轮，把更新前后量并排列出。
误区与边界：预算耗尽、数值停止和数学收敛不是同一状态；候选失败时不能覆盖最后合法状态。",UNREVIEWED_CURRENT_SOURCE,统计学习方法讲义_v2.6.0_全量索引库.xlsx
M04-KN-SLM-07-01-006,KNOWLEDGE,知识点索引,270,SLM-07-01-006,src/讲义源码/第03册_优化模型与序列模型/chapters/V3-C02.tex,236,346,中,符号密度较高；缺少一句话直觉桥,"先说它解决什么：“线性可分支持向量机学习算法——最大间隔法”应按输入、状态、初始化、一次更新、停止与输出六个角色来读。
再给核心表述：该问题的目标凸、约束仿射，是凸二次规划。
然后落地对象与条件：逐一写清输入/变量属于什么集合，公式在哪些前提下成立。
最小自检：用2—3个状态或样本手算一轮，把更新前后量并排列出。
误区与边界：预算耗尽、数值停止和数学收敛不是同一状态；候选失败时不能覆盖最后合法状态。",UNREVIEWED_CURRENT_SOURCE,统计学习方法讲义_v2.6.0_全量索引库.xlsx
M04-KN-SLM-07-01-007,KNOWLEDGE,知识点索引,271,SLM-07-01-007,src/讲义源码/第03册_优化模型与序列模型/chapters/V3-C02.tex,244,346,中,核心表述偏短；缺少最小例/非例；缺少一句话直觉桥,"先说它解决什么：先把“最大间隔分离超平面的存在唯一性”理解为一个需要明确对象、条件与结论的基础概念。
再给核心表述：
然后落地对象与条件：逐一写清输入/变量属于什么集合，公式在哪些前提下成立。
最小自检：给出一个满足定义的最小例和一个只破坏单一条件的非例。
误区与边界：不要只凭名称或图形相似作判断，应回到定义中的量词、作用域和条件。",UNREVIEWED_CURRENT_SOURCE,统计学习方法讲义_v2.6.0_全量索引库.xlsx
M04-KN-SLM-07-01-008,KNOWLEDGE,知识点索引,272,SLM-07-01-008,src/讲义源码/第03册_优化模型与序列模型/chapters/V3-C02.tex,308,348,中,符号密度较高；单段过长，需分层,"先说它解决什么：“学习的对偶算法”应按输入、状态、初始化、一次更新、停止与输出六个角色来读。
再给核心表述：消去 $w,b$，得到只含对偶变量的凸二次规划。
然后落地对象与条件：逐一写清输入/变量属于什么集合，公式在哪些前提下成立。
最小自检：用2—3个状态或样本手算一轮，把更新前后量并排列出。
误区与边界：预算耗尽、数值停止和数学收敛不是同一状态；候选失败时不能覆盖最后合法状态。",UNREVIEWED_CURRENT_SOURCE,统计学习方法讲义_v2.6.0_全量索引库.xlsx
M04-KN-SLM-07-02-002,KNOWLEDGE,知识点索引,273,SLM-07-02-002,src/讲义源码/第03册_优化模型与序列模型/chapters/V3-C02.tex,344,348,高,核心表述偏短；成立条件未显式前置；缺少最小例/非例；缺少一句话直觉桥,"先说它解决什么：“由对偶解恢复硬间隔原始解”回答怎样从目标、可行域和导数条件判断候选解或构造更新。
再给核心表述：
然后落地对象与条件：逐一写清输入/变量属于什么集合，公式在哪些前提下成立。
最小自检：取一元二次函数，写出目标、定义域/约束、一阶条件和二阶检查。
误区与边界：梯度为0通常只是必要条件；有约束时还要检查可行性、乘子符号和互补松弛。",UNREVIEWED_CURRENT_SOURCE,统计学习方法讲义_v2.6.0_全量索引库.xlsx
M04-KN-SLM-07-02-003,KNOWLEDGE,知识点索引,274,SLM-07-02-003,src/讲义源码/第03册_优化模型与序列模型/chapters/V3-C02.tex,369,348,中,符号密度较高；缺少一句话直觉桥,"先说它解决什么：“线性可分支持向量机学习算法”应按输入、状态、初始化、一次更新、停止与输出六个角色来读。
再给核心表述：对偶解只通过内积依赖输入。
然后落地对象与条件：逐一写清输入/变量属于什么集合，公式在哪些前提下成立。
最小自检：用2—3个状态或样本手算一轮，把更新前后量并排列出。
误区与边界：预算耗尽、数值停止和数学收敛不是同一状态；候选失败时不能覆盖最后合法状态。",UNREVIEWED_CURRENT_SOURCE,统计学习方法讲义_v2.6.0_全量索引库.xlsx
M04-KN-SLM-07-04-001,KNOWLEDGE,知识点索引,275,SLM-07-04-001,src/讲义源码/第03册_优化模型与序列模型/chapters/V3-C02.tex,380,348,中,核心表述偏短；缺少最小例/非例；缺少一句话直觉桥,"先说它解决什么：“支持向量”说明线性对象的维数、方向或几何作用，核心是先核对对象所在空间。
再给核心表述：
然后落地对象与条件：逐一写清输入/变量属于什么集合，公式在哪些前提下成立。
最小自检：取二维向量或2×2矩阵逐项算一次，并在每个乘法前写出维数。
误区与边界：矩阵乘法通常不可交换；零向量、非满秩和非正定情形要单独检查。",UNREVIEWED_CURRENT_SOURCE,统计学习方法讲义_v2.6.0_全量索引库.xlsx
M04-KN-SLM-07-02-004,KNOWLEDGE,知识点索引,276,SLM-07-02-004,src/讲义源码/第03册_优化模型与序列模型/chapters/V3-C02.tex,392,350,低,符号密度较高,"先说它解决什么：“线性支持向量机与软间隔最大化”说明线性对象的维数、方向或几何作用，核心是先核对对象所在空间。
再给核心表述：线性不可分时，为每个样本引入$ _i 0$，允许 $y_i(w^Tx_i+b) 1- _i$，并为违约支付$C _i$。
然后落地对象与条件：逐一写清输入/变量属于什么集合，公式在哪些前提下成立。
最小自检：取二维向量或2×2矩阵逐项算一次，并在每个乘法前写出维数。
误区与边界：矩阵乘法通常不可交换；零向量、非满秩和非正定情形要单独检查。",UNREVIEWED_CURRENT_SOURCE,统计学习方法讲义_v2.6.0_全量索引库.xlsx
M04-KN-SLM-07-02-005,KNOWLEDGE,知识点索引,277,SLM-07-02-005,src/讲义源码/第03册_优化模型与序列模型/chapters/V3-C02.tex,405,350,中,核心表述偏短；缺少最小例/非例；缺少一句话直觉桥,"先说它解决什么：“线性支持向量机”说明线性对象的维数、方向或几何作用，核心是先核对对象所在空间。
再给核心表述：
然后落地对象与条件：逐一写清输入/变量属于什么集合，公式在哪些前提下成立。
最小自检：取二维向量或2×2矩阵逐项算一次，并在每个乘法前写出维数。
误区与边界：矩阵乘法通常不可交换；零向量、非满秩和非正定情形要单独检查。",UNREVIEWED_CURRENT_SOURCE,统计学习方法讲义_v2.6.0_全量索引库.xlsx
M04-KN-SLM-07-05-001,KNOWLEDGE,知识点索引,278,SLM-07-05-001,src/讲义源码/第03册_优化模型与序列模型/chapters/V3-C02.tex,406,350,中,核心表述偏短；缺少最小例/非例；缺少一句话直觉桥,"先说它解决什么：“线性支持向量机的定义”说明线性对象的维数、方向或几何作用，核心是先核对对象所在空间。
再给核心表述：
然后落地对象与条件：逐一写清输入/变量属于什么集合，公式在哪些前提下成立。
最小自检：取二维向量或2×2矩阵逐项算一次，并在每个乘法前写出维数。
误区与边界：矩阵乘法通常不可交换；零向量、非满秩和非正定情形要单独检查。",UNREVIEWED_CURRENT_SOURCE,统计学习方法讲义_v2.6.0_全量索引库.xlsx
M04-KN-SLM-07-02-006,KNOWLEDGE,知识点索引,279,SLM-07-02-006,src/讲义源码/第03册_优化模型与序列模型/chapters/V3-C02.tex,422,350,中,符号密度较高；缺少一句话直觉桥,"先说它解决什么：“软间隔学习的对偶算法”应按输入、状态、初始化、一次更新、停止与输出六个角色来读。
再给核心表述：derivationgoalbox 推导软间隔对偶中的盒约束$0 _i C$，并说明它来自松弛变量的非负约束而不是额外假设。
然后落地对象与条件：逐一写清输入/变量属于什么集合，公式在哪些前提下成立。
最小自检：用2—3个状态或样本手算一轮，把更新前后量并排列出。
误区与边界：预算耗尽、数值停止和数学收敛不是同一状态；候选失败时不能覆盖最后合法状态。",UNREVIEWED_CURRENT_SOURCE,统计学习方法讲义_v2.6.0_全量索引库.xlsx
M04-KN-SLM-07-03-002,KNOWLEDGE,知识点索引,280,SLM-07-03-002,src/讲义源码/第03册_优化模型与序列模型/chapters/V3-C02.tex,443,351,中,符号密度较高；缺少一句话直觉桥,"先说它解决什么：“由软间隔对偶解恢复原始解”应按输入、状态、初始化、一次更新、停止与输出六个角色来读。
再给核心表述：若存在$0< _j^ <C$，则 $ w^ = _i _i^ y_ix_i, b^ =y_j- _i _i^ y_ix_i^Tx_j. $ 实践中可对多个自由支持向量所得$b$取平均以减小数值误差。
然后落地对象与条件：逐一写清输入/变量属于什么集合，公式在哪些前提下成立。
最小自检：用2—3个状态或样本手算一轮，把更新前后量并排列出。
误区与边界：预算耗尽、数值停止和数学收敛不是同一状态；候选失败时不能覆盖最后合法状态。",UNREVIEWED_CURRENT_SOURCE,统计学习方法讲义_v2.6.0_全量索引库.xlsx
M04-KN-SLM-07-03-003,KNOWLEDGE,知识点索引,281,SLM-07-03-003,src/讲义源码/第03册_优化模型与序列模型/chapters/V3-C02.tex,456,352,中,符号密度较高；缺少一句话直觉桥,"先说它解决什么：“线性支持向量机学习算法”应按输入、状态、初始化、一次更新、停止与输出六个角色来读。
再给核心表述：学习流程是选择$C$、求解带盒约束的对偶问题、由自由支持向量求$b$，最后构造线性判别函数。
然后落地对象与条件：逐一写清输入/变量属于什么集合，公式在哪些前提下成立。
最小自检：用2—3个状态或样本手算一轮，把更新前后量并排列出。
误区与边界：预算耗尽、数值停止和数学收敛不是同一状态；候选失败时不能覆盖最后合法状态。",UNREVIEWED_CURRENT_SOURCE,统计学习方法讲义_v2.6.0_全量索引库.xlsx
M04-KN-SLM-07-02-007,KNOWLEDGE,知识点索引,282,SLM-07-02-007,src/讲义源码/第03册_优化模型与序列模型/chapters/V3-C02.tex,464,350,中,符号密度较高；缺少一句话直觉桥,"先说它解决什么：“软间隔支持向量”说明线性对象的维数、方向或几何作用，核心是先核对对象所在空间。
再给核心表述：软间隔KKT条件给出三种核心状态： $ _i=0 y_ig(x_i) 1,\\ 0< _i<C y_ig(x_i)=1,\ _i=0,\\ _i=C y_ig(x_i) 1,\ _i=1-y_ig(x_i) 0. $ 最后一类中，$ _i=0$表示样本恰在间隔边界但对偶变量饱和，这在退化或非唯一解中可能发生；
然后落地对象与条件：逐一写清输入/变量属于什么集合，公式在哪些前提下成立。
最小自检：取二维向量或2×2矩阵逐项算一次，并在每个乘法前写出维数。
误区与边界：矩阵乘法通常不可交换；零向量、非满秩和非正定情形要单独检查。",UNREVIEWED_CURRENT_SOURCE,统计学习方法讲义_v2.6.0_全量索引库.xlsx
M04-KN-SLM-07-02-008,KNOWLEDGE,知识点索引,283,SLM-07-02-008,src/讲义源码/第03册_优化模型与序列模型/chapters/V3-C02.tex,482,352,中,符号密度较高；缺少一句话直觉桥,"先说它解决什么：“合页损失函数”说明线性对象的维数、方向或几何作用，核心是先核对对象所在空间。
再给核心表述：定义$[z]_+= (0,z)$。
然后落地对象与条件：逐一写清输入/变量属于什么集合，公式在哪些前提下成立。
最小自检：取二维向量或2×2矩阵逐项算一次，并在每个乘法前写出维数。
误区与边界：矩阵乘法通常不可交换；零向量、非满秩和非正定情形要单独检查。",UNREVIEWED_CURRENT_SOURCE,统计学习方法讲义_v2.6.0_全量索引库.xlsx
M04-KN-SLM-07-04-002,KNOWLEDGE,知识点索引,284,SLM-07-04-002,src/讲义源码/第03册_优化模型与序列模型/chapters/V3-C02.tex,494,353,中,符号密度较高；缺少最小例/非例；缺少一句话直觉桥,"先说它解决什么：“线性支持向量机原始最优化问题”说明线性对象的维数、方向或几何作用，核心是先核对对象所在空间。
再给核心表述：首次阅读检查：软间隔原始问题与合页损失等价。
然后落地对象与条件：逐一写清输入/变量属于什么集合，公式在哪些前提下成立。
最小自检：取二维向量或2×2矩阵逐项算一次，并在每个乘法前写出维数。
误区与边界：矩阵乘法通常不可交换；零向量、非满秩和非正定情形要单独检查。",UNREVIEWED_CURRENT_SOURCE,统计学习方法讲义_v2.6.0_全量索引库.xlsx
M04-KN-SLM-07-03-004,KNOWLEDGE,知识点索引,285,SLM-07-03-004,src/讲义源码/第03册_优化模型与序列模型/chapters/V3-C02.tex,525,353,中,符号密度较高；缺少一句话直觉桥,"先说它解决什么：“非线性支持向量机与核函数”说明线性对象的维数、方向或几何作用，核心是先核对对象所在空间。
再给核心表述：非线性问题可先由$ : X H$映射到特征空间，再在$ H$中学习线性超平面。
然后落地对象与条件：逐一写清输入/变量属于什么集合，公式在哪些前提下成立。
最小自检：取二维向量或2×2矩阵逐项算一次，并在每个乘法前写出维数。
误区与边界：矩阵乘法通常不可交换；零向量、非满秩和非正定情形要单独检查。",UNREVIEWED_CURRENT_SOURCE,统计学习方法讲义_v2.6.0_全量索引库.xlsx
M04-KN-SLM-07-03-005,KNOWLEDGE,知识点索引,286,SLM-07-03-005,src/讲义源码/第03册_优化模型与序列模型/chapters/V3-C02.tex,533,352,低,符号密度较高,"先说它解决什么：“核技巧”说明线性对象的维数、方向或几何作用，核心是先核对对象所在空间。
再给核心表述：核技巧以$K(x,z)$直接计算特征空间内积，无需显式构造$ (x)$。
然后落地对象与条件：逐一写清输入/变量属于什么集合，公式在哪些前提下成立。
最小自检：取二维向量或2×2矩阵逐项算一次，并在每个乘法前写出维数。
误区与边界：矩阵乘法通常不可交换；零向量、非满秩和非正定情形要单独检查。",UNREVIEWED_CURRENT_SOURCE,统计学习方法讲义_v2.6.0_全量索引库.xlsx
M04-KN-SLM-07-06-001,KNOWLEDGE,知识点索引,287,SLM-07-06-001,src/讲义源码/第03册_优化模型与序列模型/chapters/V3-C02.tex,541,352,中,核心表述偏短；缺少最小例/非例；缺少一句话直觉桥,"先说它解决什么：先把“核函数的定义”理解为一个需要明确对象、条件与结论的基础概念。
再给核心表述：
然后落地对象与条件：逐一写清输入/变量属于什么集合，公式在哪些前提下成立。
最小自检：给出一个满足定义的最小例和一个只破坏单一条件的非例。
误区与边界：不要只凭名称或图形相似作判断，应回到定义中的量词、作用域和条件。",UNREVIEWED_CURRENT_SOURCE,统计学习方法讲义_v2.6.0_全量索引库.xlsx
M04-KN-SLM-07-03-006,KNOWLEDGE,知识点索引,288,SLM-07-03-006,src/讲义源码/第03册_优化模型与序列模型/chapters/V3-C02.tex,559,352,中,核心表述偏短；缺少最小例/非例；缺少一句话直觉桥,"先说它解决什么：先把“正定核”理解为一个需要明确对象、条件与结论的基础概念。
再给核心表述：
然后落地对象与条件：逐一写清输入/变量属于什么集合，公式在哪些前提下成立。
最小自检：给出一个满足定义的最小例和一个只破坏单一条件的非例。
误区与边界：不要只凭名称或图形相似作判断，应回到定义中的量词、作用域和条件。",UNREVIEWED_CURRENT_SOURCE,统计学习方法讲义_v2.6.0_全量索引库.xlsx
M04-KN-SLM-07-05-002,KNOWLEDGE,知识点索引,289,SLM-07-05-002,src/讲义源码/第03册_优化模型与序列模型/chapters/V3-C02.tex,560,352,中,核心表述偏短；缺少最小例/非例；缺少一句话直觉桥,"先说它解决什么：先把“正定核的充要条件”理解为一个需要明确对象、条件与结论的基础概念。
再给核心表述：
然后落地对象与条件：逐一写清输入/变量属于什么集合，公式在哪些前提下成立。
最小自检：给出一个满足定义的最小例和一个只破坏单一条件的非例。
误区与边界：不要只凭名称或图形相似作判断，应回到定义中的量词、作用域和条件。",UNREVIEWED_CURRENT_SOURCE,统计学习方法讲义_v2.6.0_全量索引库.xlsx
M04-KN-SLM-07-03-007,KNOWLEDGE,知识点索引,290,SLM-07-03-007,src/讲义源码/第03册_优化模型与序列模型/chapters/V3-C02.tex,583,352,低,符号密度较高,"先说它解决什么：“常用核函数”用于固定任务、数据角色和评价口径，避免选择过程发生信息泄漏。
再给核心表述：常用核包括 $ K_poly(x,z)=(x^Tz+c)^p, c 0,\ p N, $ $ K_rbf(x,z)= (- x-z ^22 ^2 ), >0. $ 多项式核控制交互阶数；
然后落地对象与条件：逐一写清输入/变量属于什么集合，公式在哪些前提下成立。
最小自检：构造两个候选和一组验证分数，按预先声明的指标方向与并列规则完成一次选择。
误区与边界：训练集用于拟合、验证集用于选择、测试集只做最终评估；三者不能反复互换。",UNREVIEWED_CURRENT_SOURCE,统计学习方法讲义_v2.6.0_全量索引库.xlsx
M04-KN-SLM-07-07-001,KNOWLEDGE,知识点索引,291,SLM-07-07-001,src/讲义源码/第03册_优化模型与序列模型/chapters/V3-C02.tex,598,355,中,符号密度较高；缺少一句话直觉桥,"先说它解决什么：“正定核的等价定义”应按输入、状态、初始化、一次更新、停止与输出六个角色来读。
再给核心表述：Gram矩阵判据本身也可作为正定核的等价定义。
然后落地对象与条件：逐一写清输入/变量属于什么集合，公式在哪些前提下成立。
最小自检：用2—3个状态或样本手算一轮，把更新前后量并排列出。
误区与边界：预算耗尽、数值停止和数学收敛不是同一状态；候选失败时不能覆盖最后合法状态。",UNREVIEWED_CURRENT_SOURCE,统计学习方法讲义_v2.6.0_全量索引库.xlsx
M04-KN-SLM-07-03-008,KNOWLEDGE,知识点索引,292,SLM-07-03-008,src/讲义源码/第03册_优化模型与序列模型/chapters/V3-C02.tex,612,355,中,核心表述偏短；缺少最小例/非例；缺少一句话直觉桥,"先说它解决什么：“非线性支持向量分类机”说明线性对象的维数、方向或几何作用，核心是先核对对象所在空间。
再给核心表述：
然后落地对象与条件：逐一写清输入/变量属于什么集合，公式在哪些前提下成立。
最小自检：取二维向量或2×2矩阵逐项算一次，并在每个乘法前写出维数。
误区与边界：矩阵乘法通常不可交换；零向量、非满秩和非正定情形要单独检查。",UNREVIEWED_CURRENT_SOURCE,统计学习方法讲义_v2.6.0_全量索引库.xlsx
M04-KN-SLM-07-04-003,KNOWLEDGE,知识点索引,293,SLM-07-04-003,src/讲义源码/第03册_优化模型与序列模型/chapters/V3-C02.tex,613,356,低,符号密度较高,"先说它解决什么：“非线性支持向量机学习算法”应按输入、状态、初始化、一次更新、停止与输出六个角色来读。
再给核心表述：非线性学习先选择正定核及惩罚参数，再在核矩阵上求解软间隔对偶，最后以支持向量核展开完成预测；
然后落地对象与条件：逐一写清输入/变量属于什么集合，公式在哪些前提下成立。
最小自检：用2—3个状态或样本手算一轮，把更新前后量并排列出。
误区与边界：预算耗尽、数值停止和数学收敛不是同一状态；候选失败时不能覆盖最后合法状态。",UNREVIEWED_CURRENT_SOURCE,统计学习方法讲义_v2.6.0_全量索引库.xlsx
M04-KN-SLM-07-08-001,KNOWLEDGE,知识点索引,294,SLM-07-08-001,src/讲义源码/第03册_优化模型与序列模型/chapters/V3-C02.tex,621,356,低,符号密度较高,"先说它解决什么：“非线性支持向量机的定义”说明线性对象的维数、方向或几何作用，核心是先核对对象所在空间。
再给核心表述：首次阅读检查：非线性支持向量机。
然后落地对象与条件：逐一写清输入/变量属于什么集合，公式在哪些前提下成立。
最小自检：取二维向量或2×2矩阵逐项算一次，并在每个乘法前写出维数。
误区与边界：矩阵乘法通常不可交换；零向量、非满秩和非正定情形要单独检查。",UNREVIEWED_CURRENT_SOURCE,统计学习方法讲义_v2.6.0_全量索引库.xlsx
M04-KN-SLM-07-04-004,KNOWLEDGE,知识点索引,295,SLM-07-04-004,src/讲义源码/第03册_优化模型与序列模型/chapters/V3-C02.tex,653,352,高,核心表述偏短；符号密度较高；成立条件未显式前置；缺少最小例/非例；缺少一句话直觉桥,"先说它解决什么：“序列最小最优化算法”应按输入、状态、初始化、一次更新、停止与输出六个角色来读。
再给核心表述：SMO每次选择两个对偶变量，固定其余变量。
然后落地对象与条件：逐一写清输入/变量属于什么集合，公式在哪些前提下成立。
最小自检：用2—3个状态或样本手算一轮，把更新前后量并排列出。
误区与边界：预算耗尽、数值停止和数学收敛不是同一状态；候选失败时不能覆盖最后合法状态。",UNREVIEWED_CURRENT_SOURCE,统计学习方法讲义_v2.6.0_全量索引库.xlsx
M04-KN-SLM-07-04-005,KNOWLEDGE,知识点索引,296,SLM-07-04-005,src/讲义源码/第03册_优化模型与序列模型/chapters/V3-C02.tex,656,352,中,符号密度较高；缺少最小例/非例；缺少一句话直觉桥,"先说它解决什么：先把“两个变量二次规划的求解方法”理解为一个需要明确对象、条件与结论的基础概念。
再给核心表述：设选择$ _1, _2$。
然后落地对象与条件：逐一写清输入/变量属于什么集合，公式在哪些前提下成立。
最小自检：给出一个满足定义的最小例和一个只破坏单一条件的非例。
误区与边界：不要只凭名称或图形相似作判断，应回到定义中的量词、作用域和条件。",UNREVIEWED_CURRENT_SOURCE,统计学习方法讲义_v2.6.0_全量索引库.xlsx
M04-KN-SLM-07-06-002,KNOWLEDGE,知识点索引,297,SLM-07-06-002,src/讲义源码/第03册_优化模型与序列模型/chapters/V3-C02.tex,669,352,中,符号密度较高；缺少一句话直觉桥,"先说它解决什么：“SMO两变量未剪辑解”应按输入、状态、初始化、一次更新、停止与输出六个角色来读。
再给核心表述：$ _2^ unc = _2^ old+ y_2(E_1-E_2) , _2^ new=clip( _2^ unc,L,H), $ $ _1^ new = _1^ old+y_1y_2( _2^ old- _2^ new). $ 若$ $接近0，应比较区间端点的子目标而不是除以小数。
然后落地对象与条件：逐一写清输入/变量属于什么集合，公式在哪些前提下成立。
最小自检：用2—3个状态或样本手算一轮，把更新前后量并排列出。
误区与边界：预算耗尽、数值停止和数学收敛不是同一状态；候选失败时不能覆盖最后合法状态。",UNREVIEWED_CURRENT_SOURCE,统计学习方法讲义_v2.6.0_全量索引库.xlsx
M04-KN-SLM-07-04-006,KNOWLEDGE,知识点索引,298,SLM-07-04-006,src/讲义源码/第03册_优化模型与序列模型/chapters/V3-C02.tex,687,357,中,符号密度较高；缺少一句话直觉桥,"先说它解决什么：“SMO变量的选择方法”应按输入、状态、初始化、一次更新、停止与输出六个角色来读。
再给核心表述：第一个变量选择违反KKT最严重的样本，优先扫描$0< _i<C$者；
然后落地对象与条件：逐一写清输入/变量属于什么集合，公式在哪些前提下成立。
最小自检：用2—3个状态或样本手算一轮，把更新前后量并排列出。
误区与边界：预算耗尽、数值停止和数学收敛不是同一状态；候选失败时不能覆盖最后合法状态。",UNREVIEWED_CURRENT_SOURCE,统计学习方法讲义_v2.6.0_全量索引库.xlsx
M04-KN-SLM-07-04-007,KNOWLEDGE,知识点索引,299,SLM-07-04-007,src/讲义源码/第03册_优化模型与序列模型/chapters/V3-C02.tex,699,352,高,核心表述偏短；成立条件未显式前置；缺少最小例/非例；缺少一句话直觉桥,"先说它解决什么：“SMO算法”应按输入、状态、初始化、一次更新、停止与输出六个角色来读。
再给核心表述：
然后落地对象与条件：逐一写清输入/变量属于什么集合，公式在哪些前提下成立。
最小自检：用2—3个状态或样本手算一轮，把更新前后量并排列出。
误区与边界：预算耗尽、数值停止和数学收敛不是同一状态；候选失败时不能覆盖最后合法状态。",UNREVIEWED_CURRENT_SOURCE,统计学习方法讲义_v2.6.0_全量索引库.xlsx
M04-KN-SLM-07-05-003,KNOWLEDGE,知识点索引,300,SLM-07-05-003,src/讲义源码/第03册_优化模型与序列模型/chapters/V3-C02.tex,700,357,中,符号密度较高；单段过长，需分层,"先说它解决什么：“SMO算法的完整流程”应按输入、状态、初始化、一次更新、停止与输出六个角色来读。
再给核心表述：1.40 geometrybox 几何解释。
然后落地对象与条件：逐一写清输入/变量属于什么集合，公式在哪些前提下成立。
最小自检：用2—3个状态或样本手算一轮，把更新前后量并排列出。
误区与边界：预算耗尽、数值停止和数学收敛不是同一状态；候选失败时不能覆盖最后合法状态。",UNREVIEWED_CURRENT_SOURCE,统计学习方法讲义_v2.6.0_全量索引库.xlsx
M04-KN-SLM-08-00-001,KNOWLEDGE,知识点索引,301,SLM-08-00-001,src/讲义源码/第03册_优化模型与序列模型/chapters/V3-C03.tex,115,373,中,符号密度较高；缺少一句话直觉桥,"先说它解决什么：先把“提升方法”理解为一个需要明确对象、条件与结论的基础概念。
再给核心表述：提升方法按顺序训练多个基学习器，并把它们组合成一个性能更强的模型。
然后落地对象与条件：逐一写清输入/变量属于什么集合，公式在哪些前提下成立。
最小自检：给出一个满足定义的最小例和一个只破坏单一条件的非例。
误区与边界：不要只凭名称或图形相似作判断，应回到定义中的量词、作用域和条件。",UNREVIEWED_CURRENT_SOURCE,统计学习方法讲义_v2.6.0_全量索引库.xlsx
M04-KN-SLM-08-01-001,KNOWLEDGE,知识点索引,302,SLM-08-01-001,src/讲义源码/第03册_优化模型与序列模型/chapters/V3-C03.tex,129,374,中,核心表述偏短；缺少最小例/非例；缺少一句话直觉桥,"先说它解决什么：先把“提升方法的基本思路”理解为一个需要明确对象、条件与结论的基础概念。
再给核心表述：
然后落地对象与条件：逐一写清输入/变量属于什么集合，公式在哪些前提下成立。
最小自检：给出一个满足定义的最小例和一个只破坏单一条件的非例。
误区与边界：不要只凭名称或图形相似作判断，应回到定义中的量词、作用域和条件。",UNREVIEWED_CURRENT_SOURCE,统计学习方法讲义_v2.6.0_全量索引库.xlsx
M04-KN-SLM-08-01-003,KNOWLEDGE,知识点索引,303,SLM-08-01-003,src/讲义源码/第03册_优化模型与序列模型/chapters/V3-C03.tex,135,374,中,符号密度较高；缺少一句话直觉桥,"先说它解决什么：“提升方法的基本思路”应按输入、状态、初始化、一次更新、停止与输出六个角色来读。
再给核心表述：两个权重层次。
然后落地对象与条件：逐一写清输入/变量属于什么集合，公式在哪些前提下成立。
最小自检：用2—3个状态或样本手算一轮，把更新前后量并排列出。
误区与边界：预算耗尽、数值停止和数学收敛不是同一状态；候选失败时不能覆盖最后合法状态。",UNREVIEWED_CURRENT_SOURCE,统计学习方法讲义_v2.6.0_全量索引库.xlsx
M04-KN-SLM-08-01-002,KNOWLEDGE,知识点索引,304,SLM-08-01-002,src/讲义源码/第03册_优化模型与序列模型/chapters/V3-C03.tex,153,374,中,符号密度较高；缺少一句话直觉桥,"先说它解决什么：“提升方法AdaBoost算法”应按输入、状态、初始化、一次更新、停止与输出六个角色来读。
再给核心表述：给定第$m$轮分布$D_m$，先训练$G_m$，再计算 $ e_m= _i=1^ND_m(i)1\G_m(x_i) y_i\. $ 当$0<e_m<1/2$时，组合系数和权重更新为 $ _m= 12 1-e_me_m, D_m+1(i)= D_m(i) Z_m, $ $ Z_m= _i=1^ND_m(i) . $ 正确分类时$y_iG_m(x_i)=1$，未规范化权重乘$e^- _m$；
然后落地对象与条件：逐一写清输入/变量属于什么集合，公式在哪些前提下成立。
最小自检：用2—3个状态或样本手算一轮，把更新前后量并排列出。
误区与边界：预算耗尽、数值停止和数学收敛不是同一状态；候选失败时不能覆盖最后合法状态。",UNREVIEWED_CURRENT_SOURCE,统计学习方法讲义_v2.6.0_全量索引库.xlsx
M04-KN-SLM-08-01-004,KNOWLEDGE,知识点索引,305,SLM-08-01-004,src/讲义源码/第03册_优化模型与序列模型/chapters/V3-C03.tex,173,375,中,符号密度较高；缺少一句话直觉桥；单段过长，需分层,"先说它解决什么：“AdaBoost算法”应按输入、状态、初始化、一次更新、停止与输出六个角色来读。
再给核心表述：算法契约。
然后落地对象与条件：逐一写清输入/变量属于什么集合，公式在哪些前提下成立。
最小自检：用2—3个状态或样本手算一轮，把更新前后量并排列出。
误区与边界：预算耗尽、数值停止和数学收敛不是同一状态；候选失败时不能覆盖最后合法状态。",UNREVIEWED_CURRENT_SOURCE,统计学习方法讲义_v2.6.0_全量索引库.xlsx
M04-KN-SLM-08-03-001,KNOWLEDGE,知识点索引,306,SLM-08-03-001,src/讲义源码/第03册_优化模型与序列模型/chapters/V3-C03.tex,253,377,低,符号密度较高,"先说它解决什么：“AdaBoost算法的解释”应按输入、状态、初始化、一次更新、停止与输出六个角色来读。
再给核心表述：更新式还可写成 $ D_m+1(i)= D_m(i)Z_me^- _m, G_m(x_i)=y_i,\$6pt] D_m(i)Z_me^ _m, G_m(x_i) y_i. $ 这不是把错分样本复制一次的启发式操作，而是指数损失坐标下降诱导的精确重加权。
然后落地对象与条件：逐一写清输入/变量属于什么集合，公式在哪些前提下成立。
最小自检：用2—3个状态或样本手算一轮，把更新前后量并排列出。
误区与边界：预算耗尽、数值停止和数学收敛不是同一状态；候选失败时不能覆盖最后合法状态。",UNREVIEWED_CURRENT_SOURCE,统计学习方法讲义_v2.6.0_全量索引库.xlsx
M04-KN-SLM-08-01-006,KNOWLEDGE,知识点索引,307,SLM-08-01-006,src/讲义源码/第03册_优化模型与序列模型/chapters/V3-C03.tex,276,378,中,核心表述偏短；缺少最小例/非例；缺少一句话直觉桥,"先说它解决什么：先把“AdaBoost最终分类器的训练误差”理解为一个需要明确对象、条件与结论的基础概念。
再给核心表述：
然后落地对象与条件：逐一写清输入/变量属于什么集合，公式在哪些前提下成立。
最小自检：给出一个满足定义的最小例和一个只破坏单一条件的非例。
误区与边界：不要只凭名称或图形相似作判断，应回到定义中的量词、作用域和条件。",UNREVIEWED_CURRENT_SOURCE,统计学习方法讲义_v2.6.0_全量索引库.xlsx
M04-KN-SLM-08-02-001,KNOWLEDGE,知识点索引,308,SLM-08-02-001,src/讲义源码/第03册_优化模型与序列模型/chapters/V3-C03.tex,277,378,高,核心表述偏短；成立条件未显式前置；缺少最小例/非例；缺少一句话直觉桥,"先说它解决什么：“AdaBoost算法的训练误差分析”应按输入、状态、初始化、一次更新、停止与输出六个角色来读。
再给核心表述：
然后落地对象与条件：逐一写清输入/变量属于什么集合，公式在哪些前提下成立。
最小自检：用2—3个状态或样本手算一轮，把更新前后量并排列出。
误区与边界：预算耗尽、数值停止和数学收敛不是同一状态；候选失败时不能覆盖最后合法状态。",UNREVIEWED_CURRENT_SOURCE,统计学习方法讲义_v2.6.0_全量索引库.xlsx
M04-KN-SLM-08-02-002,KNOWLEDGE,知识点索引,309,SLM-08-02-002,src/讲义源码/第03册_优化模型与序列模型/chapters/V3-C03.tex,306,374,中,符号密度较高；缺少最小例/非例；缺少一句话直觉桥,"先说它解决什么：先把“二类AdaBoost的训练误差界”理解为一个需要明确对象、条件与结论的基础概念。
再给核心表述：将正确与错误样本分开可写出 $ Z_m=(1-e_m)e^- _m+e_me^ _m. $ 代入$ _m= 12 $，得到 $ Z_m=2 e_m(1-e_m). $ 若$e_m= 12- _m$且$ _m>0$，则 $ Z_m= 1-4 _m^2 e^-2 _m^2, R_train(G) (-2 _m=1^M _m^2 ). $ 只要各轮保持正边缘，乘积上界会持续收缩。
然后落地对象与条件：逐一写清输入/变量属于什么集合，公式在哪些前提下成立。
最小自检：给出一个满足定义的最小例和一个只破坏单一条件的非例。
误区与边界：不要只凭名称或图形相似作判断，应回到定义中的量词、作用域和条件。",UNREVIEWED_CURRENT_SOURCE,统计学习方法讲义_v2.6.0_全量索引库.xlsx
M04-KN-SLM-08-01-007,KNOWLEDGE,知识点索引,310,SLM-08-01-007,src/讲义源码/第03册_优化模型与序列模型/chapters/V3-C03.tex,325,374,中,符号密度较高；单段过长，需分层,"先说它解决什么：“一致弱学习条件下的指数误差界”应按输入、状态、初始化、一次更新、停止与输出六个角色来读。
再给核心表述：若存在常数$ >0$使每轮$ _m $，则 $ R_train(G) e^-2M ^2. $ 该结论是训练误差上界，不等同于测试误差保证。
然后落地对象与条件：逐一写清输入/变量属于什么集合，公式在哪些前提下成立。
最小自检：用2—3个状态或样本手算一轮，把更新前后量并排列出。
误区与边界：预算耗尽、数值停止和数学收敛不是同一状态；候选失败时不能覆盖最后合法状态。",UNREVIEWED_CURRENT_SOURCE,统计学习方法讲义_v2.6.0_全量索引库.xlsx
M04-KN-SLM-08-03-002,KNOWLEDGE,知识点索引,311,SLM-08-03-002,src/讲义源码/第03册_优化模型与序列模型/chapters/V3-C03.tex,356,380,高,核心表述偏短；成立条件未显式前置；缺少最小例/非例；缺少一句话直觉桥,"先说它解决什么：“前向分步算法”应按输入、状态、初始化、一次更新、停止与输出六个角色来读。
再给核心表述：
然后落地对象与条件：逐一写清输入/变量属于什么集合，公式在哪些前提下成立。
最小自检：用2—3个状态或样本手算一轮，把更新前后量并排列出。
误区与边界：预算耗尽、数值停止和数学收敛不是同一状态；候选失败时不能覆盖最后合法状态。",UNREVIEWED_CURRENT_SOURCE,统计学习方法讲义_v2.6.0_全量索引库.xlsx
M04-KN-SLM-08-02-003,KNOWLEDGE,知识点索引,312,SLM-08-02-003,src/讲义源码/第03册_优化模型与序列模型/chapters/V3-C03.tex,357,380,低,符号密度较高,"先说它解决什么：“前向分步算法”应按输入、状态、初始化、一次更新、停止与输出六个角色来读。
再给核心表述：首次阅读检查：加法模型与前向分步。
然后落地对象与条件：逐一写清输入/变量属于什么集合，公式在哪些前提下成立。
最小自检：用2—3个状态或样本手算一轮，把更新前后量并排列出。
误区与边界：预算耗尽、数值停止和数学收敛不是同一状态；候选失败时不能覆盖最后合法状态。",UNREVIEWED_CURRENT_SOURCE,统计学习方法讲义_v2.6.0_全量索引库.xlsx
M04-KN-SLM-08-03-003,KNOWLEDGE,知识点索引,313,SLM-08-03-003,src/讲义源码/第03册_优化模型与序列模型/chapters/V3-C03.tex,384,380,中,符号密度较高；缺少一句话直觉桥；单段过长，需分层,"先说它解决什么：“AdaBoost是前向分步加法算法的特例”应按输入、状态、初始化、一次更新、停止与输出六个角色来读。
再给核心表述：推导第1步：固定旧模型。
然后落地对象与条件：逐一写清输入/变量属于什么集合，公式在哪些前提下成立。
最小自检：用2—3个状态或样本手算一轮，把更新前后量并排列出。
误区与边界：预算耗尽、数值停止和数学收敛不是同一状态；候选失败时不能覆盖最后合法状态。",UNREVIEWED_CURRENT_SOURCE,统计学习方法讲义_v2.6.0_全量索引库.xlsx
M04-KN-SLM-08-03-004,KNOWLEDGE,知识点索引,314,SLM-08-03-004,src/讲义源码/第03册_优化模型与序列模型/chapters/V3-C03.tex,417,381,高,核心表述偏短；成立条件未显式前置；缺少最小例/非例；缺少一句话直觉桥,"先说它解决什么：“前向分步算法与AdaBoost”应按输入、状态、初始化、一次更新、停止与输出六个角色来读。
再给核心表述：
然后落地对象与条件：逐一写清输入/变量属于什么集合，公式在哪些前提下成立。
最小自检：用2—3个状态或样本手算一轮，把更新前后量并排列出。
误区与边界：预算耗尽、数值停止和数学收敛不是同一状态；候选失败时不能覆盖最后合法状态。",UNREVIEWED_CURRENT_SOURCE,统计学习方法讲义_v2.6.0_全量索引库.xlsx
M04-KN-SLM-08-04-001,KNOWLEDGE,知识点索引,315,SLM-08-04-001,src/讲义源码/第03册_优化模型与序列模型/chapters/V3-C03.tex,441,382,中,核心表述偏短；缺少最小例/非例；缺少一句话直觉桥,"先说它解决什么：先把“提升树”理解为一个需要明确对象、条件与结论的基础概念。
再给核心表述：
然后落地对象与条件：逐一写清输入/变量属于什么集合，公式在哪些前提下成立。
最小自检：给出一个满足定义的最小例和一个只破坏单一条件的非例。
误区与边界：不要只凭名称或图形相似作判断，应回到定义中的量词、作用域和条件。",UNREVIEWED_CURRENT_SOURCE,统计学习方法讲义_v2.6.0_全量索引库.xlsx
M04-KN-SLM-08-04-002,KNOWLEDGE,知识点索引,316,SLM-08-04-002,src/讲义源码/第03册_优化模型与序列模型/chapters/V3-C03.tex,442,382,中,符号密度较高；缺少一句话直觉桥,"先说它解决什么：“提升树模型”应按输入、状态、初始化、一次更新、停止与输出六个角色来读。
再给核心表述：提升树以决策树为基函数。
然后落地对象与条件：逐一写清输入/变量属于什么集合，公式在哪些前提下成立。
最小自检：用2—3个状态或样本手算一轮，把更新前后量并排列出。
误区与边界：预算耗尽、数值停止和数学收敛不是同一状态；候选失败时不能覆盖最后合法状态。",UNREVIEWED_CURRENT_SOURCE,统计学习方法讲义_v2.6.0_全量索引库.xlsx
M04-KN-SLM-08-04-003,KNOWLEDGE,知识点索引,317,SLM-08-04-003,src/讲义源码/第03册_优化模型与序列模型/chapters/V3-C03.tex,461,382,高,核心表述偏短；成立条件未显式前置；缺少最小例/非例；缺少一句话直觉桥,"先说它解决什么：“提升树算法”应按输入、状态、初始化、一次更新、停止与输出六个角色来读。
再给核心表述：
然后落地对象与条件：逐一写清输入/变量属于什么集合，公式在哪些前提下成立。
最小自检：用2—3个状态或样本手算一轮，把更新前后量并排列出。
误区与边界：预算耗尽、数值停止和数学收敛不是同一状态；候选失败时不能覆盖最后合法状态。",UNREVIEWED_CURRENT_SOURCE,统计学习方法讲义_v2.6.0_全量索引库.xlsx
M04-KN-SLM-08-03-005,KNOWLEDGE,知识点索引,318,SLM-08-03-005,src/讲义源码/第03册_优化模型与序列模型/chapters/V3-C03.tex,462,382,中,符号密度较高；缺少一句话直觉桥；单段过长，需分层,"先说它解决什么：“回归问题的提升树算法”应按输入、状态、初始化、一次更新、停止与输出六个角色来读。
再给核心表述：把平方损失前向分步子问题改写为对残差的回归。
然后落地对象与条件：逐一写清输入/变量属于什么集合，公式在哪些前提下成立。
最小自检：用2—3个状态或样本手算一轮，把更新前后量并排列出。
误区与边界：预算耗尽、数值停止和数学收敛不是同一状态；候选失败时不能覆盖最后合法状态。",UNREVIEWED_CURRENT_SOURCE,统计学习方法讲义_v2.6.0_全量索引库.xlsx
M04-KN-SLM-08-04-004,KNOWLEDGE,知识点索引,319,SLM-08-04-004,src/讲义源码/第03册_优化模型与序列模型/chapters/V3-C03.tex,557,372,低,符号密度较高,"先说它解决什么：“梯度提升”应按输入、状态、初始化、一次更新、停止与输出六个角色来读。
再给核心表述：对一般可微损失$L(y,f)$，第$m$轮在各训练点计算负梯度 $ r_mi=- _f=f_m-1(x_i). $ 这些$r_mi$称为伪残差。
然后落地对象与条件：逐一写清输入/变量属于什么集合，公式在哪些前提下成立。
最小自检：用2—3个状态或样本手算一轮，把更新前后量并排列出。
误区与边界：预算耗尽、数值停止和数学收敛不是同一状态；候选失败时不能覆盖最后合法状态。",UNREVIEWED_CURRENT_SOURCE,统计学习方法讲义_v2.6.0_全量索引库.xlsx
M04-KN-SLM-08-04-005,KNOWLEDGE,知识点索引,320,SLM-08-04-005,src/讲义源码/第03册_优化模型与序列模型/chapters/V3-C03.tex,570,385,中,符号密度较高；缺少一句话直觉桥；单段过长，需分层,"先说它解决什么：“梯度提升算法”应按输入、状态、初始化、一次更新、停止与输出六个角色来读。
再给核心表述：下面的验收门使用预先固定的$0< <1$、回溯上限$L_ $、接受下降量$ _ dec 0$与停止容差$ _J>0$。
然后落地对象与条件：逐一写清输入/变量属于什么集合，公式在哪些前提下成立。
最小自检：用2—3个状态或样本手算一轮，把更新前后量并排列出。
误区与边界：预算耗尽、数值停止和数学收敛不是同一状态；候选失败时不能覆盖最后合法状态。",UNREVIEWED_CURRENT_SOURCE,统计学习方法讲义_v2.6.0_全量索引库.xlsx
M04-KN-SLM-08-01-005,KNOWLEDGE,知识点索引,321,SLM-08-01-005,src/讲义源码/第03册_优化模型与序列模型/chapters/V3-C03.tex,705,389,中,核心表述偏短；缺少最小例/非例；缺少一句话直觉桥,"先说它解决什么：先把“AdaBoost的计算例题”理解为一个需要明确对象、条件与结论的基础概念。
再给核心表述：
然后落地对象与条件：逐一写清输入/变量属于什么集合，公式在哪些前提下成立。
最小自检：给出一个满足定义的最小例和一个只破坏单一条件的非例。
误区与边界：不要只凭名称或图形相似作判断，应回到定义中的量词、作用域和条件。",UNREVIEWED_CURRENT_SOURCE,统计学习方法讲义_v2.6.0_全量索引库.xlsx
M04-KN-SLM-09-00-001,KNOWLEDGE,知识点索引,322,SLM-09-00-001,src/讲义源码/第03册_优化模型与序列模型/chapters/V3-C04.tex,127,402,中,符号密度较高；缺少一句话直觉桥,"先说它解决什么：“EM算法及其推广”应按输入、状态、初始化、一次更新、停止与输出六个角色来读。
再给核心表述：EM是一类处理含隐变量概率模型的迭代方法。
然后落地对象与条件：逐一写清输入/变量属于什么集合，公式在哪些前提下成立。
最小自检：用2—3个状态或样本手算一轮，把更新前后量并排列出。
误区与边界：预算耗尽、数值停止和数学收敛不是同一状态；候选失败时不能覆盖最后合法状态。",UNREVIEWED_CURRENT_SOURCE,统计学习方法讲义_v2.6.0_全量索引库.xlsx
M04-KN-SLM-09-01-001,KNOWLEDGE,知识点索引,323,SLM-09-01-001,src/讲义源码/第03册_优化模型与序列模型/chapters/V3-C04.tex,135,402,中,符号密度较高；缺少最小例/非例；缺少一句话直觉桥,"先说它解决什么：“EM算法的引入”应按输入、状态、初始化、一次更新、停止与输出六个角色来读。
再给核心表述：若$Z$离散，观测似然与对数似然为 $ P(Y )= _zP(Y,z ), ( )= _zP(Y,z ). $ 连续隐变量时把求和换为积分。
然后落地对象与条件：逐一写清输入/变量属于什么集合，公式在哪些前提下成立。
最小自检：用2—3个状态或样本手算一轮，把更新前后量并排列出。
误区与边界：预算耗尽、数值停止和数学收敛不是同一状态；候选失败时不能覆盖最后合法状态。",UNREVIEWED_CURRENT_SOURCE,统计学习方法讲义_v2.6.0_全量索引库.xlsx
M04-KN-SLM-09-01-002,KNOWLEDGE,知识点索引,324,SLM-09-01-002,src/讲义源码/第03册_优化模型与序列模型/chapters/V3-C04.tex,161,403,中,符号密度较高；缺少一句话直觉桥,"先说它解决什么：“EM算法”应按输入、状态、初始化、一次更新、停止与输出六个角色来读。
再给核心表述：令$S_q=\z:q(z)>0\$。
然后落地对象与条件：逐一写清输入/变量属于什么集合，公式在哪些前提下成立。
最小自检：用2—3个状态或样本手算一轮，把更新前后量并排列出。
误区与边界：预算耗尽、数值停止和数学收敛不是同一状态；候选失败时不能覆盖最后合法状态。",UNREVIEWED_CURRENT_SOURCE,统计学习方法讲义_v2.6.0_全量索引库.xlsx
M04-KN-SLM-09-01-003,KNOWLEDGE,知识点索引,325,SLM-09-01-003,src/讲义源码/第03册_优化模型与序列模型/chapters/V3-C04.tex,174,403,低,符号密度较高,"先说它解决什么：先把“Q函数”理解为一个需要明确对象、条件与结论的基础概念。
再给核心表述：首次阅读检查：Q 函数。
然后落地对象与条件：逐一写清输入/变量属于什么集合，公式在哪些前提下成立。
最小自检：给出一个满足定义的最小例和一个只破坏单一条件的非例。
误区与边界：不要只凭名称或图形相似作判断，应回到定义中的量词、作用域和条件。",UNREVIEWED_CURRENT_SOURCE,统计学习方法讲义_v2.6.0_全量索引库.xlsx
M04-KN-SLM-09-01-005,KNOWLEDGE,知识点索引,326,SLM-09-01-005,src/讲义源码/第03册_优化模型与序列模型/chapters/V3-C04.tex,195,403,中,符号密度较高；缺少一句话直觉桥；单段过长，需分层,"先说它解决什么：“EM算法的导出”应按输入、状态、初始化、一次更新、停止与输出六个角色来读。
再给核心表述：通过当前后验构造与边缘对数似然相切的 Jensen 下界。
然后落地对象与条件：逐一写清输入/变量属于什么集合，公式在哪些前提下成立。
最小自检：用2—3个状态或样本手算一轮，把更新前后量并排列出。
误区与边界：预算耗尽、数值停止和数学收敛不是同一状态；候选失败时不能覆盖最后合法状态。",UNREVIEWED_CURRENT_SOURCE,统计学习方法讲义_v2.6.0_全量索引库.xlsx
M04-KN-SLM-09-01-004,KNOWLEDGE,知识点索引,327,SLM-09-01-004,src/讲义源码/第03册_优化模型与序列模型/chapters/V3-C04.tex,298,406,中,符号密度较高；缺少一句话直觉桥；单段过长，需分层,"先说它解决什么：“EM算法”应按输入、状态、初始化、一次更新、停止与输出六个角色来读。
再给核心表述：学习算法。
然后落地对象与条件：逐一写清输入/变量属于什么集合，公式在哪些前提下成立。
最小自检：用2—3个状态或样本手算一轮，把更新前后量并排列出。
误区与边界：预算耗尽、数值停止和数学收敛不是同一状态；候选失败时不能覆盖最后合法状态。",UNREVIEWED_CURRENT_SOURCE,统计学习方法讲义_v2.6.0_全量索引库.xlsx
M04-KN-SLM-09-01-006,KNOWLEDGE,知识点索引,328,SLM-09-01-006,src/讲义源码/第03册_优化模型与序列模型/chapters/V3-C04.tex,394,409,高,核心表述偏短；成立条件未显式前置；缺少最小例/非例；缺少一句话直觉桥,"先说它解决什么：“EM算法似然函数序列的单调性”应按输入、状态、初始化、一次更新、停止与输出六个角色来读。
再给核心表述：
然后落地对象与条件：逐一写清输入/变量属于什么集合，公式在哪些前提下成立。
最小自检：用2—3个状态或样本手算一轮，把更新前后量并排列出。
误区与边界：预算耗尽、数值停止和数学收敛不是同一状态；候选失败时不能覆盖最后合法状态。",UNREVIEWED_CURRENT_SOURCE,统计学习方法讲义_v2.6.0_全量索引库.xlsx
M04-KN-SLM-09-02-001,KNOWLEDGE,知识点索引,329,SLM-09-02-001,src/讲义源码/第03册_优化模型与序列模型/chapters/V3-C04.tex,422,409,中,符号密度较高；缺少一句话直觉桥,"先说它解决什么：“EM算法的收敛性”应按输入、状态、初始化、一次更新、停止与输出六个角色来读。
再给核心表述：单调性控制的是目标值，不自动控制参数。
然后落地对象与条件：逐一写清输入/变量属于什么集合，公式在哪些前提下成立。
最小自检：用2—3个状态或样本手算一轮，把更新前后量并排列出。
误区与边界：预算耗尽、数值停止和数学收敛不是同一状态；候选失败时不能覆盖最后合法状态。",UNREVIEWED_CURRENT_SOURCE,统计学习方法讲义_v2.6.0_全量索引库.xlsx
M04-KN-SLM-09-02-003,KNOWLEDGE,知识点索引,330,SLM-09-02-003,src/讲义源码/第03册_优化模型与序列模型/chapters/V3-C04.tex,430,409,高,核心表述偏短；成立条件未显式前置；缺少最小例/非例；缺少一句话直觉桥,"先说它解决什么：“EM对数似然值与参数估计序列的收敛性”应按输入、状态、初始化、一次更新、停止与输出六个角色来读。
再给核心表述：
然后落地对象与条件：逐一写清输入/变量属于什么集合，公式在哪些前提下成立。
最小自检：用2—3个状态或样本手算一轮，把更新前后量并排列出。
误区与边界：预算耗尽、数值停止和数学收敛不是同一状态；候选失败时不能覆盖最后合法状态。",UNREVIEWED_CURRENT_SOURCE,统计学习方法讲义_v2.6.0_全量索引库.xlsx
M04-KN-SLM-09-02-002,KNOWLEDGE,知识点索引,331,SLM-09-02-002,src/讲义源码/第03册_优化模型与序列模型/chapters/V3-C04.tex,448,400,中,核心表述偏短；缺少最小例/非例；缺少一句话直觉桥,"先说它解决什么：先把“高斯混合模型”理解为一个需要明确对象、条件与结论的基础概念。
再给核心表述：
然后落地对象与条件：逐一写清输入/变量属于什么集合，公式在哪些前提下成立。
最小自检：给出一个满足定义的最小例和一个只破坏单一条件的非例。
误区与边界：不要只凭名称或图形相似作判断，应回到定义中的量词、作用域和条件。",UNREVIEWED_CURRENT_SOURCE,统计学习方法讲义_v2.6.0_全量索引库.xlsx
M04-KN-SLM-09-03-002,KNOWLEDGE,知识点索引,332,SLM-09-03-002,src/讲义源码/第03册_优化模型与序列模型/chapters/V3-C04.tex,449,410,低,符号密度较高,"先说它解决什么：先把“高斯混合模型”理解为一个需要明确对象、条件与结论的基础概念。
再给核心表述：首次阅读检查：一维高斯混合模型。
然后落地对象与条件：逐一写清输入/变量属于什么集合，公式在哪些前提下成立。
最小自检：给出一个满足定义的最小例和一个只破坏单一条件的非例。
误区与边界：不要只凭名称或图形相似作判断，应回到定义中的量词、作用域和条件。",UNREVIEWED_CURRENT_SOURCE,统计学习方法讲义_v2.6.0_全量索引库.xlsx
M04-KN-SLM-09-03-001,KNOWLEDGE,知识点索引,333,SLM-09-03-001,src/讲义源码/第03册_优化模型与序列模型/chapters/V3-C04.tex,473,410,中,符号密度较高；缺少一句话直觉桥；单段过长，需分层,"先说它解决什么：“EM算法在高斯混合模型学习中的应用”应按输入、状态、初始化、一次更新、停止与输出六个角色来读。
再给核心表述：把后验责任度转成各成分的期望充分统计量。
然后落地对象与条件：逐一写清输入/变量属于什么集合，公式在哪些前提下成立。
最小自检：用2—3个状态或样本手算一轮，把更新前后量并排列出。
误区与边界：预算耗尽、数值停止和数学收敛不是同一状态；候选失败时不能覆盖最后合法状态。",UNREVIEWED_CURRENT_SOURCE,统计学习方法讲义_v2.6.0_全量索引库.xlsx
M04-KN-SLM-09-03-003,KNOWLEDGE,知识点索引,334,SLM-09-03-003,src/讲义源码/第03册_优化模型与序列模型/chapters/V3-C04.tex,499,411,中,符号密度较高；缺少一句话直觉桥；单段过长，需分层,"先说它解决什么：“高斯混合模型参数估计的EM算法”应按输入、状态、初始化、一次更新、停止与输出六个角色来读。
再给核心表述：推导第1步：条件化独热变量。
然后落地对象与条件：逐一写清输入/变量属于什么集合，公式在哪些前提下成立。
最小自检：用2—3个状态或样本手算一轮，把更新前后量并排列出。
误区与边界：预算耗尽、数值停止和数学收敛不是同一状态；候选失败时不能覆盖最后合法状态。",UNREVIEWED_CURRENT_SOURCE,统计学习方法讲义_v2.6.0_全量索引库.xlsx
M04-KN-SLM-09-02-004,KNOWLEDGE,知识点索引,335,SLM-09-02-004,src/讲义源码/第03册_优化模型与序列模型/chapters/V3-C04.tex,529,412,中,符号密度较高；缺少一句话直觉桥；单段过长，需分层,"先说它解决什么：“高斯混合模型参数估计的EM算法”应按输入、状态、初始化、一次更新、停止与输出六个角色来读。
再给核心表述：首次阅读检查：受约束高斯混合模型的多启动EM：执行契约。
然后落地对象与条件：逐一写清输入/变量属于什么集合，公式在哪些前提下成立。
最小自检：用2—3个状态或样本手算一轮，把更新前后量并排列出。
误区与边界：预算耗尽、数值停止和数学收敛不是同一状态；候选失败时不能覆盖最后合法状态。",UNREVIEWED_CURRENT_SOURCE,统计学习方法讲义_v2.6.0_全量索引库.xlsx
M04-KN-SLM-09-03-004,KNOWLEDGE,知识点索引,336,SLM-09-03-004,src/讲义源码/第03册_优化模型与序列模型/chapters/V3-C04.tex,631,400,中,核心表述偏短；缺少最小例/非例；缺少一句话直觉桥,"先说它解决什么：先把“F函数”理解为一个需要明确对象、条件与结论的基础概念。
再给核心表述：
然后落地对象与条件：逐一写清输入/变量属于什么集合，公式在哪些前提下成立。
最小自检：给出一个满足定义的最小例和一个只破坏单一条件的非例。
误区与边界：不要只凭名称或图形相似作判断，应回到定义中的量词、作用域和条件。",UNREVIEWED_CURRENT_SOURCE,统计学习方法讲义_v2.6.0_全量索引库.xlsx
M04-KN-SLM-09-01-008,KNOWLEDGE,知识点索引,337,SLM-09-01-008,src/讲义源码/第03册_优化模型与序列模型/chapters/V3-C04.tex,646,414,中,符号密度较高；缺少最小例/非例；缺少一句话直觉桥,"先说它解决什么：“固定参数时F函数极大化的唯一分布”用于说明概率量在支持集、条件化或归一化下如何定义与计算。
再给核心表述：首次阅读检查：固定参数的 F 极大化。
然后落地对象与条件：逐一写清输入/变量属于什么集合，公式在哪些前提下成立。
最小自检：用两点或两类的最小分布代入一次，检查每项非负、总和为1，以及条件分母是否为正。
误区与边界：不要把密度值当作点概率，也不要在分母为0或支持集不匹配时继续套公式。",UNREVIEWED_CURRENT_SOURCE,统计学习方法讲义_v2.6.0_全量索引库.xlsx
M04-KN-SLM-09-04-001,KNOWLEDGE,知识点索引,338,SLM-09-04-001,src/讲义源码/第03册_优化模型与序列模型/chapters/V3-C04.tex,673,415,高,核心表述偏短；成立条件未显式前置；缺少最小例/非例；缺少一句话直觉桥,"先说它解决什么：“EM算法的推广”应按输入、状态、初始化、一次更新、停止与输出六个角色来读。
再给核心表述：
然后落地对象与条件：逐一写清输入/变量属于什么集合，公式在哪些前提下成立。
最小自检：用2—3个状态或样本手算一轮，把更新前后量并排列出。
误区与边界：预算耗尽、数值停止和数学收敛不是同一状态；候选失败时不能覆盖最后合法状态。",UNREVIEWED_CURRENT_SOURCE,统计学习方法讲义_v2.6.0_全量索引库.xlsx
M04-KN-SLM-09-04-002,KNOWLEDGE,知识点索引,339,SLM-09-04-002,src/讲义源码/第03册_优化模型与序列模型/chapters/V3-C04.tex,674,415,低,符号密度较高,"先说它解决什么：“F函数的极大-极大算法”应按输入、状态、初始化、一次更新、停止与输出六个角色来读。
再给核心表述：在$(q, )$两个坐标块上交替极大化$F$：先取$q_t+1=P(Z Y, ^(t))$，再极大化$F(q_t+1, )$。
然后落地对象与条件：逐一写清输入/变量属于什么集合，公式在哪些前提下成立。
最小自检：用2—3个状态或样本手算一轮，把更新前后量并排列出。
误区与边界：预算耗尽、数值停止和数学收敛不是同一状态；候选失败时不能覆盖最后合法状态。",UNREVIEWED_CURRENT_SOURCE,统计学习方法讲义_v2.6.0_全量索引库.xlsx
M04-KN-SLM-09-02-005,KNOWLEDGE,知识点索引,340,SLM-09-02-005,src/讲义源码/第03册_优化模型与序列模型/chapters/V3-C04.tex,682,415,中,符号密度较高；缺少最小例/非例；缺少一句话直觉桥,"先说它解决什么：“F函数与观测数据对数似然的等价关系”用于说明概率量在支持集、条件化或归一化下如何定义与计算。
再给核心表述：由KL分解，对后验$q_ =P(Z Y, )$恒有 $ F(q_ , )= ( ). $ 因此在精确后验族中最大化$F$与最大化观测对数似然等价；
然后落地对象与条件：逐一写清输入/变量属于什么集合，公式在哪些前提下成立。
最小自检：用两点或两类的最小分布代入一次，检查每项非负、总和为1，以及条件分母是否为正。
误区与边界：不要把密度值当作点概率，也不要在分母为0或支持集不匹配时继续套公式。",UNREVIEWED_CURRENT_SOURCE,统计学习方法讲义_v2.6.0_全量索引库.xlsx
M04-KN-SLM-09-03-005,KNOWLEDGE,知识点索引,341,SLM-09-03-005,src/讲义源码/第03册_优化模型与序列模型/chapters/V3-C04.tex,694,415,高,核心表述偏短；成立条件未显式前置；缺少最小例/非例；缺少一句话直觉桥,"先说它解决什么：“F函数极大值与观测数据对数似然极大值的关系”用于说明概率量在支持集、条件化或归一化下如何定义与计算。
再给核心表述：
然后落地对象与条件：逐一写清输入/变量属于什么集合，公式在哪些前提下成立。
最小自检：用两点或两类的最小分布代入一次，检查每项非负、总和为1，以及条件分母是否为正。
误区与边界：不要把密度值当作点概率，也不要在分母为0或支持集不匹配时继续套公式。",UNREVIEWED_CURRENT_SOURCE,统计学习方法讲义_v2.6.0_全量索引库.xlsx
M04-KN-SLM-09-04-003,KNOWLEDGE,知识点索引,342,SLM-09-04-003,src/讲义源码/第03册_优化模型与序列模型/chapters/V3-C04.tex,716,416,中,符号密度较高；缺少一句话直觉桥,"先说它解决什么：“EM算法的一次迭代可由F函数的极大-极大算法实现”应按输入、状态、初始化、一次更新、停止与输出六个角色来读。
再给核心表述：第一坐标极大化由引理lem:V3-C04-F-posterior给出精确后验，即E步；
然后落地对象与条件：逐一写清输入/变量属于什么集合，公式在哪些前提下成立。
最小自检：用2—3个状态或样本手算一轮，把更新前后量并排列出。
误区与边界：预算耗尽、数值停止和数学收敛不是同一状态；候选失败时不能覆盖最后合法状态。",UNREVIEWED_CURRENT_SOURCE,统计学习方法讲义_v2.6.0_全量索引库.xlsx
M04-KN-SLM-09-04-004,KNOWLEDGE,知识点索引,343,SLM-09-04-004,src/讲义源码/第03册_优化模型与序列模型/chapters/V3-C04.tex,724,400,中,符号密度较高；缺少一句话直觉桥,"先说它解决什么：“GEM算法”应按输入、状态、初始化、一次更新、停止与输出六个角色来读。
再给核心表述：GEM放宽精确M步，只要求选取$ ^(t+1)$使 $ Q( ^(t+1), ^(t)) Q( ^(t), ^(t)). $ 它适合M步无闭式解但能用梯度、Newton或受约束优化器找到上升点的模型。
然后落地对象与条件：逐一写清输入/变量属于什么集合，公式在哪些前提下成立。
最小自检：用2—3个状态或样本手算一轮，把更新前后量并排列出。
误区与边界：预算耗尽、数值停止和数学收敛不是同一状态；候选失败时不能覆盖最后合法状态。",UNREVIEWED_CURRENT_SOURCE,统计学习方法讲义_v2.6.0_全量索引库.xlsx
M04-KN-SLM-09-03-006,KNOWLEDGE,知识点索引,344,SLM-09-03-006,src/讲义源码/第03册_优化模型与序列模型/chapters/V3-C04.tex,732,417,中,符号密度较高；缺少一句话直觉桥；单段过长，需分层,"先说它解决什么：“基于F函数的交替极大化”应按输入、状态、初始化、一次更新、停止与输出六个角色来读。
再给核心表述：keypointbox[title=基于 F 函数的交替极大化：执行契约：首次阅读主线] 需要解决的阅读阻塞。
然后落地对象与条件：逐一写清输入/变量属于什么集合，公式在哪些前提下成立。
最小自检：用2—3个状态或样本手算一轮，把更新前后量并排列出。
误区与边界：预算耗尽、数值停止和数学收敛不是同一状态；候选失败时不能覆盖最后合法状态。",UNREVIEWED_CURRENT_SOURCE,统计学习方法讲义_v2.6.0_全量索引库.xlsx
M04-KN-SLM-09-04-005,KNOWLEDGE,知识点索引,345,SLM-09-04-005,src/讲义源码/第03册_优化模型与序列模型/chapters/V3-C04.tex,802,418,中,符号密度较高；缺少一句话直觉桥；单段过长，需分层,"先说它解决什么：“Q函数单调上升的广义EM”应按输入、状态、初始化、一次更新、停止与输出六个角色来读。
再给核心表述：keypointbox[title=以 Q 上升为门禁的GEM：执行契约：首次阅读主线] 需要解决的阅读阻塞。
然后落地对象与条件：逐一写清输入/变量属于什么集合，公式在哪些前提下成立。
最小自检：用2—3个状态或样本手算一轮，把更新前后量并排列出。
误区与边界：预算耗尽、数值停止和数学收敛不是同一状态；候选失败时不能覆盖最后合法状态。",UNREVIEWED_CURRENT_SOURCE,统计学习方法讲义_v2.6.0_全量索引库.xlsx
M04-KN-SLM-09-05-001,KNOWLEDGE,知识点索引,346,SLM-09-05-001,src/讲义源码/第03册_优化模型与序列模型/chapters/V3-C04.tex,877,420,中,符号密度较高；缺少一句话直觉桥；单段过长，需分层,"先说它解决什么：“分块条件极大化的广义EM”应按输入、状态、初始化、一次更新、停止与输出六个角色来读。
再给核心表述：当$ =( _1, , _d)$时，可把M步分成$d$个条件更新：更新第$r$块时固定已经更新的前块和仍为旧值的后块。
然后落地对象与条件：逐一写清输入/变量属于什么集合，公式在哪些前提下成立。
最小自检：用2—3个状态或样本手算一轮，把更新前后量并排列出。
误区与边界：预算耗尽、数值停止和数学收敛不是同一状态；候选失败时不能覆盖最后合法状态。",UNREVIEWED_CURRENT_SOURCE,统计学习方法讲义_v2.6.0_全量索引库.xlsx
M04-KN-SLM-09-01-007,KNOWLEDGE,知识点索引,347,SLM-09-01-007,src/讲义源码/第03册_优化模型与序列模型/chapters/V3-C04.tex,969,423,中,符号密度较高；单段过长，需分层,"先说它解决什么：“EM算法在无监督学习中的应用”应按输入、状态、初始化、一次更新、停止与输出六个角色来读。
再给核心表述：无监督学习中隐变量常表示簇、主题、隐藏状态或缺失机制。
然后落地对象与条件：逐一写清输入/变量属于什么集合，公式在哪些前提下成立。
最小自检：用2—3个状态或样本手算一轮，把更新前后量并排列出。
误区与边界：预算耗尽、数值停止和数学收敛不是同一状态；候选失败时不能覆盖最后合法状态。",UNREVIEWED_CURRENT_SOURCE,统计学习方法讲义_v2.6.0_全量索引库.xlsx
M04-KN-PRE-SQ-001,KNOWLEDGE,知识点索引,348,PRE-SQ-001,src/讲义源码/第03册_优化模型与序列模型/chapters/V3-C05.tex,127,434,高,核心表述偏短；成立条件未显式前置；缺少最小例/非例；缺少一句话直觉桥,"先说它解决什么：“随机过程”用于说明概率量在支持集、条件化或归一化下如何定义与计算。
再给核心表述：
然后落地对象与条件：逐一写清输入/变量属于什么集合，公式在哪些前提下成立。
最小自检：用两点或两类的最小分布代入一次，检查每项非负、总和为1，以及条件分母是否为正。
误区与边界：不要把密度值当作点概率，也不要在分母为0或支持集不匹配时继续套公式。",UNREVIEWED_CURRENT_SOURCE,统计学习方法讲义_v2.6.0_全量索引库.xlsx
M04-KN-PRE-SQ-002,KNOWLEDGE,知识点索引,349,PRE-SQ-002,src/讲义源码/第03册_优化模型与序列模型/chapters/V3-C05.tex,137,434,中,核心表述偏短；缺少最小例/非例；缺少一句话直觉桥,"先说它解决什么：先把“马尔可夫性质”理解为一个需要明确对象、条件与结论的基础概念。
再给核心表述：
然后落地对象与条件：逐一写清输入/变量属于什么集合，公式在哪些前提下成立。
最小自检：给出一个满足定义的最小例和一个只破坏单一条件的非例。
误区与边界：不要只凭名称或图形相似作判断，应回到定义中的量词、作用域和条件。",UNREVIEWED_CURRENT_SOURCE,统计学习方法讲义_v2.6.0_全量索引库.xlsx
M04-KN-PRE-SQ-003,KNOWLEDGE,知识点索引,350,PRE-SQ-003,src/讲义源码/第03册_优化模型与序列模型/chapters/V3-C05.tex,147,435,中,符号密度较高；缺少一句话直觉桥,"先说它解决什么：“马尔可夫链”用于说明概率量在支持集、条件化或归一化下如何定义与计算。
再给核心表述：有限状态马尔可夫链由初始分布与转移概率决定。
然后落地对象与条件：逐一写清输入/变量属于什么集合，公式在哪些前提下成立。
最小自检：用两点或两类的最小分布代入一次，检查每项非负、总和为1，以及条件分母是否为正。
误区与边界：不要把密度值当作点概率，也不要在分母为0或支持集不匹配时继续套公式。",UNREVIEWED_CURRENT_SOURCE,统计学习方法讲义_v2.6.0_全量索引库.xlsx
M04-KN-SLM-10-00-001,KNOWLEDGE,知识点索引,351,SLM-10-00-001,src/讲义源码/第03册_优化模型与序列模型/chapters/V3-C05.tex,155,435,中,符号密度较高；缺少一句话直觉桥,"先说它解决什么：“隐马尔可夫模型”用于说明概率量在支持集、条件化或归一化下如何定义与计算。
再给核心表述：HMM把马尔可夫链状态设为不可直接观测，并在每个时刻由当前状态随机生成一个观测。
然后落地对象与条件：逐一写清输入/变量属于什么集合，公式在哪些前提下成立。
最小自检：用两点或两类的最小分布代入一次，检查每项非负、总和为1，以及条件分母是否为正。
误区与边界：不要把密度值当作点概率，也不要在分母为0或支持集不匹配时继续套公式。",UNREVIEWED_CURRENT_SOURCE,统计学习方法讲义_v2.6.0_全量索引库.xlsx
M04-KN-SLM-10-01-001,KNOWLEDGE,知识点索引,352,SLM-10-01-001,src/讲义源码/第03册_优化模型与序列模型/chapters/V3-C05.tex,163,434,中,核心表述偏短；缺少最小例/非例；缺少一句话直觉桥,"先说它解决什么：先把“隐马尔可夫模型”理解为一个需要明确对象、条件与结论的基础概念。
再给核心表述：
然后落地对象与条件：逐一写清输入/变量属于什么集合，公式在哪些前提下成立。
最小自检：给出一个满足定义的最小例和一个只破坏单一条件的非例。
误区与边界：不要只凭名称或图形相似作判断，应回到定义中的量词、作用域和条件。",UNREVIEWED_CURRENT_SOURCE,统计学习方法讲义_v2.6.0_全量索引库.xlsx
M04-KN-SLM-10-01-002,KNOWLEDGE,知识点索引,353,SLM-10-01-002,src/讲义源码/第03册_优化模型与序列模型/chapters/V3-C05.tex,169,436,中,符号密度较高；单段过长，需分层,"先说它解决什么：“隐马尔可夫模型的基本概念”用于说明概率量在支持集、条件化或归一化下如何定义与计算。
再给核心表述：模型使用两项核心条件独立假设： $ P(i_t i_1:t-1,o_1:t-1)=P(i_t i_t-1), $ $ P(o_t i_1:T,o_1:t-1,o_t+1:T)=P(o_t i_t). $ 因此联合概率分解为 $ P(O,I )= _i_1b_i_1(o_1) _t=1^T-1a_i_ti_t+1b_i_t+1(o_t+1). $ 动态规划预备复现。
然后落地对象与条件：逐一写清输入/变量属于什么集合，公式在哪些前提下成立。
最小自检：用两点或两类的最小分布代入一次，检查每项非负、总和为1，以及条件分母是否为正。
误区与边界：不要把密度值当作点概率，也不要在分母为0或支持集不匹配时继续套公式。",UNREVIEWED_CURRENT_SOURCE,统计学习方法讲义_v2.6.0_全量索引库.xlsx
M04-KN-PRE-SQ-004,KNOWLEDGE,知识点索引,354,PRE-SQ-004,src/讲义源码/第03册_优化模型与序列模型/chapters/V3-C05.tex,204,436,低,符号密度较高,"先说它解决什么：“状态转移矩阵”用于说明概率量在支持集、条件化或归一化下如何定义与计算。
再给核心表述：状态转移矩阵$A=(a_ij)_N N$的第$i$行是给定当前状态$i$后的下一状态条件分布。
然后落地对象与条件：逐一写清输入/变量属于什么集合，公式在哪些前提下成立。
最小自检：用两点或两类的最小分布代入一次，检查每项非负、总和为1，以及条件分母是否为正。
误区与边界：不要把密度值当作点概率，也不要在分母为0或支持集不匹配时继续套公式。",UNREVIEWED_CURRENT_SOURCE,统计学习方法讲义_v2.6.0_全量索引库.xlsx
M04-KN-SLM-10-01-003,KNOWLEDGE,知识点索引,355,SLM-10-01-003,src/讲义源码/第03册_优化模型与序列模型/chapters/V3-C05.tex,212,437,中,符号密度较高；缺少一句话直觉桥,"先说它解决什么：“隐马尔可夫模型的定义”说明线性对象的维数、方向或几何作用，核心是先核对对象所在空间。
再给核心表述：令状态集合$Q=\q_1, ,q_N\$，观测集合$V=\v_1, ,v_M\$。
然后落地对象与条件：逐一写清输入/变量属于什么集合，公式在哪些前提下成立。
最小自检：取二维向量或2×2矩阵逐项算一次，并在每个乘法前写出维数。
误区与边界：矩阵乘法通常不可交换；零向量、非满秩和非正定情形要单独检查。",UNREVIEWED_CURRENT_SOURCE,统计学习方法讲义_v2.6.0_全量索引库.xlsx
M04-KN-SLM-10-01-004,KNOWLEDGE,知识点索引,356,SLM-10-01-004,src/讲义源码/第03册_优化模型与序列模型/chapters/V3-C05.tex,234,436,中,核心表述偏短；缺少最小例/非例；缺少一句话直觉桥,"先说它解决什么：先把“观测序列的生成”理解为一个需要明确对象、条件与结论的基础概念。
再给核心表述：
然后落地对象与条件：逐一写清输入/变量属于什么集合，公式在哪些前提下成立。
最小自检：给出一个满足定义的最小例和一个只破坏单一条件的非例。
误区与边界：不要只凭名称或图形相似作判断，应回到定义中的量词、作用域和条件。",UNREVIEWED_CURRENT_SOURCE,统计学习方法讲义_v2.6.0_全量索引库.xlsx
M04-KN-SLM-10-01-005,KNOWLEDGE,知识点索引,357,SLM-10-01-005,src/讲义源码/第03册_优化模型与序列模型/chapters/V3-C05.tex,235,436,中,符号密度较高；缺少一句话直觉桥；单段过长，需分层,"先说它解决什么：“观测序列的生成过程”应按输入、状态、初始化、一次更新、停止与输出六个角色来读。
再给核心表述：keypointbox[title=HMM观测序列生成：执行契约：首次阅读主线] 需要解决的阅读阻塞。
然后落地对象与条件：逐一写清输入/变量属于什么集合，公式在哪些前提下成立。
最小自检：用2—3个状态或样本手算一轮，把更新前后量并排列出。
误区与边界：预算耗尽、数值停止和数学收敛不是同一状态；候选失败时不能覆盖最后合法状态。",UNREVIEWED_CURRENT_SOURCE,统计学习方法讲义_v2.6.0_全量索引库.xlsx
M04-KN-SLM-10-01-006,KNOWLEDGE,知识点索引,358,SLM-10-01-006,src/讲义源码/第03册_优化模型与序列模型/chapters/V3-C05.tex,306,439,中,符号密度较高；缺少最小例/非例；缺少一句话直觉桥,"先说它解决什么：“隐马尔可夫模型的3个基本问题”应按输入、状态、初始化、一次更新、停止与输出六个角色来读。
再给核心表述：给定模型或数据，HMM有三个基本问题： enumerate[leftmargin=2.2em] 概率计算：给定$ ,O$，求$P(O )$；
然后落地对象与条件：逐一写清输入/变量属于什么集合，公式在哪些前提下成立。
最小自检：用2—3个状态或样本手算一轮，把更新前后量并排列出。
误区与边界：预算耗尽、数值停止和数学收敛不是同一状态；候选失败时不能覆盖最后合法状态。",UNREVIEWED_CURRENT_SOURCE,统计学习方法讲义_v2.6.0_全量索引库.xlsx
M04-KN-PRE-SQ-008,KNOWLEDGE,知识点索引,359,PRE-SQ-008,src/讲义源码/第03册_优化模型与序列模型/chapters/V3-C05.tex,324,439,中,符号密度较高；缺少最小例/非例；缺少一句话直觉桥,"先说它解决什么：“动态规划与递推”用于说明概率量在支持集、条件化或归一化下如何定义与计算。
再给核心表述：动态规划把所有以同一状态$i$结束的前缀路径概率先求和，再通过同一组出边扩展；
然后落地对象与条件：逐一写清输入/变量属于什么集合，公式在哪些前提下成立。
最小自检：用两点或两类的最小分布代入一次，检查每项非负、总和为1，以及条件分母是否为正。
误区与边界：不要把密度值当作点概率，也不要在分母为0或支持集不匹配时继续套公式。",UNREVIEWED_CURRENT_SOURCE,统计学习方法讲义_v2.6.0_全量索引库.xlsx
M04-KN-PRE-SQ-012,KNOWLEDGE,知识点索引,360,PRE-SQ-012,src/讲义源码/第03册_优化模型与序列模型/chapters/V3-C05.tex,332,439,中,符号密度较高；缺少一句话直觉桥,"先说它解决什么：“前向--后向递推”应按输入、状态、初始化、一次更新、停止与输出六个角色来读。
再给核心表述：前向量包含过去观测与当前状态的联合概率，后向量包含给定当前状态后的未来观测概率。
然后落地对象与条件：逐一写清输入/变量属于什么集合，公式在哪些前提下成立。
最小自检：用2—3个状态或样本手算一轮，把更新前后量并排列出。
误区与边界：预算耗尽、数值停止和数学收敛不是同一状态；候选失败时不能覆盖最后合法状态。",UNREVIEWED_CURRENT_SOURCE,统计学习方法讲义_v2.6.0_全量索引库.xlsx
M04-KN-SLM-10-02-001,KNOWLEDGE,知识点索引,361,SLM-10-02-001,src/讲义源码/第03册_优化模型与序列模型/chapters/V3-C05.tex,340,439,中,符号密度较高；缺少一句话直觉桥,"先说它解决什么：“概率计算算法”应按输入、状态、初始化、一次更新、停止与输出六个角色来读。
再给核心表述：直接计算需要枚举$N^T$条路径，每条路径含$O(T)$个因子，成本为$O(TN^T)$。
然后落地对象与条件：逐一写清输入/变量属于什么集合，公式在哪些前提下成立。
最小自检：用2—3个状态或样本手算一轮，把更新前后量并排列出。
误区与边界：预算耗尽、数值停止和数学收敛不是同一状态；候选失败时不能覆盖最后合法状态。",UNREVIEWED_CURRENT_SOURCE,统计学习方法讲义_v2.6.0_全量索引库.xlsx
M04-KN-SLM-10-02-002,KNOWLEDGE,知识点索引,362,SLM-10-02-002,src/讲义源码/第03册_优化模型与序列模型/chapters/V3-C05.tex,348,439,中,符号密度较高；缺少一句话直觉桥,"先说它解决什么：“直接计算法”应按输入、状态、初始化、一次更新、停止与输出六个角色来读。
再给核心表述：直接表达式为 $ P(O )= _i_1=1^N _i_T=1^N _i_1b_i_1(o_1) _t=1^T-1 a_i_ti_t+1b_i_t+1(o_t+1). $ 它是递推算法的正确性基准，却不是长序列的可行实现。
然后落地对象与条件：逐一写清输入/变量属于什么集合，公式在哪些前提下成立。
最小自检：用2—3个状态或样本手算一轮，把更新前后量并排列出。
误区与边界：预算耗尽、数值停止和数学收敛不是同一状态；候选失败时不能覆盖最后合法状态。",UNREVIEWED_CURRENT_SOURCE,统计学习方法讲义_v2.6.0_全量索引库.xlsx
M04-KN-SLM-10-02-003,KNOWLEDGE,知识点索引,363,SLM-10-02-003,src/讲义源码/第03册_优化模型与序列模型/chapters/V3-C05.tex,362,439,高,核心表述偏短；成立条件未显式前置；缺少最小例/非例；缺少一句话直觉桥,"先说它解决什么：“前向概率”用于说明概率量在支持集、条件化或归一化下如何定义与计算。
再给核心表述：
然后落地对象与条件：逐一写清输入/变量属于什么集合，公式在哪些前提下成立。
最小自检：用两点或两类的最小分布代入一次，检查每项非负、总和为1，以及条件分母是否为正。
误区与边界：不要把密度值当作点概率，也不要在分母为0或支持集不匹配时继续套公式。",UNREVIEWED_CURRENT_SOURCE,统计学习方法讲义_v2.6.0_全量索引库.xlsx
M04-KN-SLM-10-02-004,KNOWLEDGE,知识点索引,364,SLM-10-02-004,src/讲义源码/第03册_优化模型与序列模型/chapters/V3-C05.tex,379,440,高,核心表述偏短；成立条件未显式前置；缺少最小例/非例；缺少一句话直觉桥,"先说它解决什么：“观测序列概率的前向算法”应按输入、状态、初始化、一次更新、停止与输出六个角色来读。
再给核心表述：
然后落地对象与条件：逐一写清输入/变量属于什么集合，公式在哪些前提下成立。
最小自检：用2—3个状态或样本手算一轮，把更新前后量并排列出。
误区与边界：预算耗尽、数值停止和数学收敛不是同一状态；候选失败时不能覆盖最后合法状态。",UNREVIEWED_CURRENT_SOURCE,统计学习方法讲义_v2.6.0_全量索引库.xlsx
M04-KN-SLM-10-02-005,KNOWLEDGE,知识点索引,365,SLM-10-02-005,src/讲义源码/第03册_优化模型与序列模型/chapters/V3-C05.tex,380,439,高,符号密度较高；缺少最小例/非例；缺少一句话直觉桥；单段过长，需分层,"先说它解决什么：“前向算法”应按输入、状态、初始化、一次更新、停止与输出六个角色来读。
再给核心表述：学习算法。
然后落地对象与条件：逐一写清输入/变量属于什么集合，公式在哪些前提下成立。
最小自检：用2—3个状态或样本手算一轮，把更新前后量并排列出。
误区与边界：预算耗尽、数值停止和数学收敛不是同一状态；候选失败时不能覆盖最后合法状态。",UNREVIEWED_CURRENT_SOURCE,统计学习方法讲义_v2.6.0_全量索引库.xlsx
M04-KN-SLM-10-02-006,KNOWLEDGE,知识点索引,366,SLM-10-02-006,src/讲义源码/第03册_优化模型与序列模型/chapters/V3-C05.tex,457,439,高,核心表述偏短；成立条件未显式前置；缺少最小例/非例；缺少一句话直觉桥,"先说它解决什么：“后向算法”应按输入、状态、初始化、一次更新、停止与输出六个角色来读。
再给核心表述：
然后落地对象与条件：逐一写清输入/变量属于什么集合，公式在哪些前提下成立。
最小自检：用2—3个状态或样本手算一轮，把更新前后量并排列出。
误区与边界：预算耗尽、数值停止和数学收敛不是同一状态；候选失败时不能覆盖最后合法状态。",UNREVIEWED_CURRENT_SOURCE,统计学习方法讲义_v2.6.0_全量索引库.xlsx
M04-KN-SLM-10-03-001,KNOWLEDGE,知识点索引,367,SLM-10-03-001,src/讲义源码/第03册_优化模型与序列模型/chapters/V3-C05.tex,458,439,高,核心表述偏短；成立条件未显式前置；缺少最小例/非例；缺少一句话直觉桥,"先说它解决什么：“后向概率”用于说明概率量在支持集、条件化或归一化下如何定义与计算。
再给核心表述：
然后落地对象与条件：逐一写清输入/变量属于什么集合，公式在哪些前提下成立。
最小自检：用两点或两类的最小分布代入一次，检查每项非负、总和为1，以及条件分母是否为正。
误区与边界：不要把密度值当作点概率，也不要在分母为0或支持集不匹配时继续套公式。",UNREVIEWED_CURRENT_SOURCE,统计学习方法讲义_v2.6.0_全量索引库.xlsx
M04-KN-SLM-10-03-002,KNOWLEDGE,知识点索引,368,SLM-10-03-002,src/讲义源码/第03册_优化模型与序列模型/chapters/V3-C05.tex,471,442,高,符号密度较高；成立条件未显式前置；缺少最小例/非例；缺少一句话直觉桥,"先说它解决什么：“观测序列概率的后向算法”应按输入、状态、初始化、一次更新、停止与输出六个角色来读。
再给核心表述：后向递推为 $ _t(i)= _j=1^Na_ijb_j(o_t+1) _t+1(j), t=T-1, ,1, $ 并有$P(O )= _i _i b_i(o_1) _1(i)$。
然后落地对象与条件：逐一写清输入/变量属于什么集合，公式在哪些前提下成立。
最小自检：用2—3个状态或样本手算一轮，把更新前后量并排列出。
误区与边界：预算耗尽、数值停止和数学收敛不是同一状态；候选失败时不能覆盖最后合法状态。",UNREVIEWED_CURRENT_SOURCE,统计学习方法讲义_v2.6.0_全量索引库.xlsx
M04-KN-SLM-10-02-007,KNOWLEDGE,知识点索引,369,SLM-10-02-007,src/讲义源码/第03册_优化模型与序列模型/chapters/V3-C05.tex,479,439,中,符号密度较高；单段过长，需分层,"先说它解决什么：“一些概率与期望值的计算”应按输入、状态、初始化、一次更新、停止与输出六个角色来读。
再给核心表述：前向、后向量给出 $ _t(i)=P(i_t=q_i O, ) = _t(i) _t(i)P(O ), $ $ _t(i,j)=P(i_t=q_i,i_t+1=q_j O, ) = _t(i)a_ijb_j(o_t+1) _t+1(j)P(O ). $ 于是$ _t _t(i)$是状态$i$出现次数的后验期望，$ _t _t(i,j)$是$i j$转移次数的后验期望。
然后落地对象与条件：逐一写清输入/变量属于什么集合，公式在哪些前提下成立。
最小自检：用2—3个状态或样本手算一轮，把更新前后量并排列出。
误区与边界：预算耗尽、数值停止和数学收敛不是同一状态；候选失败时不能覆盖最后合法状态。",UNREVIEWED_CURRENT_SOURCE,统计学习方法讲义_v2.6.0_全量索引库.xlsx
M04-KN-SLM-10-03-003,KNOWLEDGE,知识点索引,370,SLM-10-03-003,src/讲义源码/第03册_优化模型与序列模型/chapters/V3-C05.tex,676,447,中,符号密度较高；缺少一句话直觉桥,"先说它解决什么：“学习算法”应按输入、状态、初始化、一次更新、停止与输出六个角色来读。
再给核心表述：若隐藏状态序列可见，初始、转移和观测概率的极大似然估计都是相应频数归一化。
然后落地对象与条件：逐一写清输入/变量属于什么集合，公式在哪些前提下成立。
最小自检：用2—3个状态或样本手算一轮，把更新前后量并排列出。
误区与边界：预算耗尽、数值停止和数学收敛不是同一状态；候选失败时不能覆盖最后合法状态。",UNREVIEWED_CURRENT_SOURCE,统计学习方法讲义_v2.6.0_全量索引库.xlsx
M04-KN-SLM-10-03-004,KNOWLEDGE,知识点索引,371,SLM-10-03-004,src/讲义源码/第03册_优化模型与序列模型/chapters/V3-C05.tex,684,439,中,符号密度较高；缺少一句话直觉桥,"先说它解决什么：“监督学习方法”应按输入、状态、初始化、一次更新、停止与输出六个角色来读。
再给核心表述：对多条带状态标注序列，$ _i$取首状态为$i$的序列比例，$a_ij$取$i j$次数除以从$i$出发的总转移次数，$b_j(k)$取状态$j$发射$v_k$次数除以状态$j$总出现次数。
然后落地对象与条件：逐一写清输入/变量属于什么集合，公式在哪些前提下成立。
最小自检：用2—3个状态或样本手算一轮，把更新前后量并排列出。
误区与边界：预算耗尽、数值停止和数学收敛不是同一状态；候选失败时不能覆盖最后合法状态。",UNREVIEWED_CURRENT_SOURCE,统计学习方法讲义_v2.6.0_全量索引库.xlsx
M04-KN-SLM-10-03-005,KNOWLEDGE,知识点索引,372,SLM-10-03-005,src/讲义源码/第03册_优化模型与序列模型/chapters/V3-C05.tex,694,433,中,符号密度较高；单段过长，需分层,"先说它解决什么：“Baum--Welch算法”应按输入、状态、初始化、一次更新、停止与输出六个角色来读。
再给核心表述：把状态后验与转移后验解释为期望计数，并按概率单纯形归一化。
然后落地对象与条件：逐一写清输入/变量属于什么集合，公式在哪些前提下成立。
最小自检：用2—3个状态或样本手算一轮，把更新前后量并排列出。
误区与边界：预算耗尽、数值停止和数学收敛不是同一状态；候选失败时不能覆盖最后合法状态。",UNREVIEWED_CURRENT_SOURCE,统计学习方法讲义_v2.6.0_全量索引库.xlsx
M04-KN-SLM-10-03-006,KNOWLEDGE,知识点索引,373,SLM-10-03-006,src/讲义源码/第03册_优化模型与序列模型/chapters/V3-C05.tex,717,448,中,符号密度较高；缺少一句话直觉桥；单段过长，需分层,"先说它解决什么：“Baum--Welch模型参数估计公式”应按输入、状态、初始化、一次更新、停止与输出六个角色来读。
再给核心表述：推导第1步：初始分布。
然后落地对象与条件：逐一写清输入/变量属于什么集合，公式在哪些前提下成立。
最小自检：用2—3个状态或样本手算一轮，把更新前后量并排列出。
误区与边界：预算耗尽、数值停止和数学收敛不是同一状态；候选失败时不能覆盖最后合法状态。",UNREVIEWED_CURRENT_SOURCE,统计学习方法讲义_v2.6.0_全量索引库.xlsx
M04-KN-SLM-10-04-001,KNOWLEDGE,知识点索引,374,SLM-10-04-001,src/讲义源码/第03册_优化模型与序列模型/chapters/V3-C05.tex,766,433,中,符号密度较高；缺少一句话直觉桥；单段过长，需分层,"先说它解决什么：“Baum--Welch算法”应按输入、状态、初始化、一次更新、停止与输出六个角色来读。
再给核心表述：keypointbox[title=区分ML与MAP目标的Baum--Welch学习：执行契约：首次阅读主线] 需要解决的阅读阻塞。
然后落地对象与条件：逐一写清输入/变量属于什么集合，公式在哪些前提下成立。
最小自检：用2—3个状态或样本手算一轮，把更新前后量并排列出。
误区与边界：预算耗尽、数值停止和数学收敛不是同一状态；候选失败时不能覆盖最后合法状态。",UNREVIEWED_CURRENT_SOURCE,统计学习方法讲义_v2.6.0_全量索引库.xlsx
M04-KN-PRE-SQ-013,KNOWLEDGE,知识点索引,375,PRE-SQ-013,src/讲义源码/第03册_优化模型与序列模型/chapters/V3-C05.tex,838,450,中,符号密度较高；缺少一句话直觉桥,"先说它解决什么：“Viterbi最优路径递推”应按输入、状态、初始化、一次更新、停止与输出六个角色来读。
再给核心表述：定义 $ _t(i)= _i_1, ,i_t-1 P(i_1, ,i_t-1,i_t=q_i,o_1, ,o_t ). $ 它保存所有以$i$结尾的前缀中概率最大者；
然后落地对象与条件：逐一写清输入/变量属于什么集合，公式在哪些前提下成立。
最小自检：用2—3个状态或样本手算一轮，把更新前后量并排列出。
误区与边界：预算耗尽、数值停止和数学收敛不是同一状态；候选失败时不能覆盖最后合法状态。",UNREVIEWED_CURRENT_SOURCE,统计学习方法讲义_v2.6.0_全量索引库.xlsx
M04-KN-SLM-10-04-002,KNOWLEDGE,知识点索引,376,SLM-10-04-002,src/讲义源码/第03册_优化模型与序列模型/chapters/V3-C05.tex,851,450,中,符号密度较高；缺少一句话直觉桥,"先说它解决什么：“预测算法”应按输入、状态、初始化、一次更新、停止与输出六个角色来读。
再给核心表述：预测目标是 $ I^*= _I P(I O, ) = _I P(O,I ), $ 因为对固定$O, $，分母$P(O )$与路径无关。
然后落地对象与条件：逐一写清输入/变量属于什么集合，公式在哪些前提下成立。
最小自检：用2—3个状态或样本手算一轮，把更新前后量并排列出。
误区与边界：预算耗尽、数值停止和数学收敛不是同一状态；候选失败时不能覆盖最后合法状态。",UNREVIEWED_CURRENT_SOURCE,统计学习方法讲义_v2.6.0_全量索引库.xlsx
M04-KN-SLM-10-04-003,KNOWLEDGE,知识点索引,377,SLM-10-04-003,src/讲义源码/第03册_优化模型与序列模型/chapters/V3-C05.tex,864,450,中,符号密度较高；缺少一句话直觉桥,"先说它解决什么：“近似算法”应按输入、状态、初始化、一次更新、停止与输出六个角色来读。
再给核心表述：逐时刻后验解码取$i_t^*= _i _t(i)$。
然后落地对象与条件：逐一写清输入/变量属于什么集合，公式在哪些前提下成立。
最小自检：用2—3个状态或样本手算一轮，把更新前后量并排列出。
误区与边界：预算耗尽、数值停止和数学收敛不是同一状态；候选失败时不能覆盖最后合法状态。",UNREVIEWED_CURRENT_SOURCE,统计学习方法讲义_v2.6.0_全量索引库.xlsx
M04-KN-SLM-10-04-004,KNOWLEDGE,知识点索引,378,SLM-10-04-004,src/讲义源码/第03册_优化模型与序列模型/chapters/V3-C05.tex,875,450,中,符号密度较高；缺少一句话直觉桥,"先说它解决什么：“Viterbi算法”应按输入、状态、初始化、一次更新、停止与输出六个角色来读。
再给核心表述：递推为 $ _1(i)= _i b_i(o_1), _1(i)=0, $ $ _t(i)= _j[ _t-1(j)a_ji]b_i(o_t), _t(i)= _j[ _t-1(j)a_ji]. $ 终止时$i_T^*= _i _T(i)$，再按$i_t^*= _t+1(i_t+1^*)$回溯。
然后落地对象与条件：逐一写清输入/变量属于什么集合，公式在哪些前提下成立。
最小自检：用2—3个状态或样本手算一轮，把更新前后量并排列出。
误区与边界：预算耗尽、数值停止和数学收敛不是同一状态；候选失败时不能覆盖最后合法状态。",UNREVIEWED_CURRENT_SOURCE,统计学习方法讲义_v2.6.0_全量索引库.xlsx
M04-KN-SLM-10-05-001,KNOWLEDGE,知识点索引,379,SLM-10-05-001,src/讲义源码/第03册_优化模型与序列模型/chapters/V3-C05.tex,892,450,中,符号密度较高；缺少一句话直觉桥；单段过长，需分层,"先说它解决什么：“Viterbi算法”应按输入、状态、初始化、一次更新、停止与输出六个角色来读。
再给核心表述：keypointbox[title=对数域Viterbi算法：执行契约：首次阅读主线] 需要解决的阅读阻塞。
然后落地对象与条件：逐一写清输入/变量属于什么集合，公式在哪些前提下成立。
最小自检：用2—3个状态或样本手算一轮，把更新前后量并排列出。
误区与边界：预算耗尽、数值停止和数学收敛不是同一状态；候选失败时不能覆盖最后合法状态。",UNREVIEWED_CURRENT_SOURCE,统计学习方法讲义_v2.6.0_全量索引库.xlsx
M04-KN-PRE-SQ-009,KNOWLEDGE,知识点索引,380,PRE-SQ-009,src/讲义源码/第03册_优化模型与序列模型/chapters/V3-C06.tex,137,465,低,符号密度较高,"先说它解决什么：“概率图模型与条件独立”用于说明概率量在支持集、条件化或归一化下如何定义与计算。
再给核心表述：概率图模型用结点表示随机变量，用边或有向箭头表达直接依赖。
然后落地对象与条件：逐一写清输入/变量属于什么集合，公式在哪些前提下成立。
最小自检：用两点或两类的最小分布代入一次，检查每项非负、总和为1，以及条件分母是否为正。
误区与边界：不要把密度值当作点概率，也不要在分母为0或支持集不匹配时继续套公式。",UNREVIEWED_CURRENT_SOURCE,统计学习方法讲义_v2.6.0_全量索引库.xlsx
M04-KN-SLM-11-00-001,KNOWLEDGE,知识点索引,381,SLM-11-00-001,src/讲义源码/第03册_优化模型与序列模型/chapters/V3-C06.tex,145,465,低,符号密度较高,"先说它解决什么：“条件随机场”用于说明概率量在支持集、条件化或归一化下如何定义与计算。
再给核心表述：条件随机场是给定输入随机变量$X$时，输出随机变量$Y$构成马尔可夫随机场的条件概率模型。
然后落地对象与条件：逐一写清输入/变量属于什么集合，公式在哪些前提下成立。
最小自检：用两点或两类的最小分布代入一次，检查每项非负、总和为1，以及条件分母是否为正。
误区与边界：不要把密度值当作点概率，也不要在分母为0或支持集不匹配时继续套公式。",UNREVIEWED_CURRENT_SOURCE,统计学习方法讲义_v2.6.0_全量索引库.xlsx
M04-KN-SLM-11-01-001,KNOWLEDGE,知识点索引,382,SLM-11-01-001,src/讲义源码/第03册_优化模型与序列模型/chapters/V3-C06.tex,161,464,高,核心表述偏短；成立条件未显式前置；缺少最小例/非例；缺少一句话直觉桥,"先说它解决什么：“概率无向图模型”用于说明概率量在支持集、条件化或归一化下如何定义与计算。
再给核心表述：
然后落地对象与条件：逐一写清输入/变量属于什么集合，公式在哪些前提下成立。
最小自检：用两点或两类的最小分布代入一次，检查每项非负、总和为1，以及条件分母是否为正。
误区与边界：不要把密度值当作点概率，也不要在分母为0或支持集不匹配时继续套公式。",UNREVIEWED_CURRENT_SOURCE,统计学习方法讲义_v2.6.0_全量索引库.xlsx
M04-KN-SLM-11-01-002,KNOWLEDGE,知识点索引,383,SLM-11-01-002,src/讲义源码/第03册_优化模型与序列模型/chapters/V3-C06.tex,162,464,中,核心表述偏短；缺少最小例/非例；缺少一句话直觉桥,"先说它解决什么：先把“模型定义”理解为一个需要明确对象、条件与结论的基础概念。
再给核心表述：
然后落地对象与条件：逐一写清输入/变量属于什么集合，公式在哪些前提下成立。
最小自检：给出一个满足定义的最小例和一个只破坏单一条件的非例。
误区与边界：不要只凭名称或图形相似作判断，应回到定义中的量词、作用域和条件。",UNREVIEWED_CURRENT_SOURCE,统计学习方法讲义_v2.6.0_全量索引库.xlsx
M04-KN-SLM-11-01-003,KNOWLEDGE,知识点索引,384,SLM-11-01-003,src/讲义源码/第03册_优化模型与序列模型/chapters/V3-C06.tex,163,466,低,符号密度较高,"先说它解决什么：“概率无向图模型的马尔可夫性质”用于说明概率量在支持集、条件化或归一化下如何定义与计算。
再给核心表述：首次阅读检查：概率无向图模型。
然后落地对象与条件：逐一写清输入/变量属于什么集合，公式在哪些前提下成立。
最小自检：用两点或两类的最小分布代入一次，检查每项非负、总和为1，以及条件分母是否为正。
误区与边界：不要把密度值当作点概率，也不要在分母为0或支持集不匹配时继续套公式。",UNREVIEWED_CURRENT_SOURCE,统计学习方法讲义_v2.6.0_全量索引库.xlsx
M04-KN-SLM-11-02-001,KNOWLEDGE,知识点索引,385,SLM-11-02-001,src/讲义源码/第03册_优化模型与序列模型/chapters/V3-C06.tex,190,466,中,符号密度较高；缺少一句话直觉桥,"先说它解决什么：“团与最大团”用于说明概率量在支持集、条件化或归一化下如何定义与计算。
再给核心表述：无向图中任意两结点都有边相连的结点子集称为团；
然后落地对象与条件：逐一写清输入/变量属于什么集合，公式在哪些前提下成立。
最小自检：用两点或两类的最小分布代入一次，检查每项非负、总和为1，以及条件分母是否为正。
误区与边界：不要把密度值当作点概率，也不要在分母为0或支持集不匹配时继续套公式。",UNREVIEWED_CURRENT_SOURCE,统计学习方法讲义_v2.6.0_全量索引库.xlsx
M04-KN-PRE-SQ-010,KNOWLEDGE,知识点索引,386,PRE-SQ-010,src/讲义源码/第03册_优化模型与序列模型/chapters/V3-C06.tex,202,466,中,核心表述偏短；缺少最小例/非例；缺少一句话直觉桥,"先说它解决什么：先把“因子分解、势函数与归一化”理解为一个需要明确对象、条件与结论的基础概念。
再给核心表述：
然后落地对象与条件：逐一写清输入/变量属于什么集合，公式在哪些前提下成立。
最小自检：给出一个满足定义的最小例和一个只破坏单一条件的非例。
误区与边界：不要只凭名称或图形相似作判断，应回到定义中的量词、作用域和条件。",UNREVIEWED_CURRENT_SOURCE,统计学习方法讲义_v2.6.0_全量索引库.xlsx
M04-KN-SLM-11-01-004,KNOWLEDGE,知识点索引,387,SLM-11-01-004,src/讲义源码/第03册_优化模型与序列模型/chapters/V3-C06.tex,203,463,中,符号密度较高；缺少最小例/非例；缺少一句话直觉桥,"先说它解决什么：“概率无向图模型的因子分解”用于说明概率量在支持集、条件化或归一化下如何定义与计算。
再给核心表述：对每个最大团$C$给定严格正势函数$ _C(y_C)$，定义 $ P(y)= 1Z _C _C(y_C), Z= _y _C _C(y_C). $ $Z$把所有非规范化权重归一化。
然后落地对象与条件：逐一写清输入/变量属于什么集合，公式在哪些前提下成立。
最小自检：用两点或两类的最小分布代入一次，检查每项非负、总和为1，以及条件分母是否为正。
误区与边界：不要把密度值当作点概率，也不要在分母为0或支持集不匹配时继续套公式。",UNREVIEWED_CURRENT_SOURCE,统计学习方法讲义_v2.6.0_全量索引库.xlsx
M04-KN-SLM-11-01-005,KNOWLEDGE,知识点索引,388,SLM-11-01-005,src/讲义源码/第03册_优化模型与序列模型/chapters/V3-C06.tex,216,467,中,核心表述偏短；缺少最小例/非例；缺少一句话直觉桥,"先说它解决什么：先把“Hammersley--Clifford定理”理解为一个需要明确对象、条件与结论的基础概念。
再给核心表述：
然后落地对象与条件：逐一写清输入/变量属于什么集合，公式在哪些前提下成立。
最小自检：给出一个满足定义的最小例和一个只破坏单一条件的非例。
误区与边界：不要只凭名称或图形相似作判断，应回到定义中的量词、作用域和条件。",UNREVIEWED_CURRENT_SOURCE,统计学习方法讲义_v2.6.0_全量索引库.xlsx
M04-KN-PRE-SQ-011,KNOWLEDGE,知识点索引,389,PRE-SQ-011,src/讲义源码/第03册_优化模型与序列模型/chapters/V3-C06.tex,272,468,低,符号密度较高,"先说它解决什么：“序列标注问题”用于说明概率量在支持集、条件化或归一化下如何定义与计算。
再给核心表述：序列标注给定观测$x=(x_1, ,x_n)$，输出同长度标签$y=(y_1, ,y_n)$。
然后落地对象与条件：逐一写清输入/变量属于什么集合，公式在哪些前提下成立。
最小自检：用两点或两类的最小分布代入一次，检查每项非负、总和为1，以及条件分母是否为正。
误区与边界：不要把密度值当作点概率，也不要在分母为0或支持集不匹配时继续套公式。",UNREVIEWED_CURRENT_SOURCE,统计学习方法讲义_v2.6.0_全量索引库.xlsx
M04-KN-SLM-11-02-002,KNOWLEDGE,知识点索引,390,SLM-11-02-002,src/讲义源码/第03册_优化模型与序列模型/chapters/V3-C06.tex,288,469,高,核心表述偏短；成立条件未显式前置；缺少最小例/非例；缺少一句话直觉桥,"先说它解决什么：“条件随机场的定义与形式”用于说明概率量在支持集、条件化或归一化下如何定义与计算。
再给核心表述：
然后落地对象与条件：逐一写清输入/变量属于什么集合，公式在哪些前提下成立。
最小自检：用两点或两类的最小分布代入一次，检查每项非负、总和为1，以及条件分母是否为正。
误区与边界：不要把密度值当作点概率，也不要在分母为0或支持集不匹配时继续套公式。",UNREVIEWED_CURRENT_SOURCE,统计学习方法讲义_v2.6.0_全量索引库.xlsx
M04-KN-SLM-11-02-003,KNOWLEDGE,知识点索引,391,SLM-11-02-003,src/讲义源码/第03册_优化模型与序列模型/chapters/V3-C06.tex,289,463,高,核心表述偏短；成立条件未显式前置；缺少最小例/非例；缺少一句话直觉桥,"先说它解决什么：“条件随机场的定义”用于说明概率量在支持集、条件化或归一化下如何定义与计算。
再给核心表述：
然后落地对象与条件：逐一写清输入/变量属于什么集合，公式在哪些前提下成立。
最小自检：用两点或两类的最小分布代入一次，检查每项非负、总和为1，以及条件分母是否为正。
误区与边界：不要把密度值当作点概率，也不要在分母为0或支持集不匹配时继续套公式。",UNREVIEWED_CURRENT_SOURCE,统计学习方法讲义_v2.6.0_全量索引库.xlsx
M04-KN-SLM-11-03-001,KNOWLEDGE,知识点索引,392,SLM-11-03-001,src/讲义源码/第03册_优化模型与序列模型/chapters/V3-C06.tex,290,469,低,符号密度较高,"先说它解决什么：“一般条件随机场”用于说明概率量在支持集、条件化或归一化下如何定义与计算。
再给核心表述：首次阅读检查：条件随机场。
然后落地对象与条件：逐一写清输入/变量属于什么集合，公式在哪些前提下成立。
最小自检：用两点或两类的最小分布代入一次，检查每项非负、总和为1，以及条件分母是否为正。
误区与边界：不要把密度值当作点概率，也不要在分母为0或支持集不匹配时继续套公式。",UNREVIEWED_CURRENT_SOURCE,统计学习方法讲义_v2.6.0_全量索引库.xlsx
M04-KN-SLM-11-04-001,KNOWLEDGE,知识点索引,393,SLM-11-04-001,src/讲义源码/第03册_优化模型与序列模型/chapters/V3-C06.tex,310,469,中,符号密度较高；缺少一句话直觉桥,"先说它解决什么：“线性链条件随机场”用于说明概率量在支持集、条件化或归一化下如何定义与计算。
再给核心表述：当$Y_1, ,Y_n$构成链时，内部位置满足 $ P(Y_i X,Y_-i) =P(Y_i X,Y_i-1,Y_i+1), $ 端点只保留存在的邻居。
然后落地对象与条件：逐一写清输入/变量属于什么集合，公式在哪些前提下成立。
最小自检：用两点或两类的最小分布代入一次，检查每项非负、总和为1，以及条件分母是否为正。
误区与边界：不要把密度值当作点概率，也不要在分母为0或支持集不匹配时继续套公式。",UNREVIEWED_CURRENT_SOURCE,统计学习方法讲义_v2.6.0_全量索引库.xlsx
M04-KN-SLM-11-02-004,KNOWLEDGE,知识点索引,394,SLM-11-02-004,src/讲义源码/第03册_优化模型与序列模型/chapters/V3-C06.tex,323,470,高,核心表述偏短；成立条件未显式前置；缺少最小例/非例；缺少一句话直觉桥,"先说它解决什么：“线性链条件随机场的参数化形式”用于说明概率量在支持集、条件化或归一化下如何定义与计算。
再给核心表述：
然后落地对象与条件：逐一写清输入/变量属于什么集合，公式在哪些前提下成立。
最小自检：用两点或两类的最小分布代入一次，检查每项非负、总和为1，以及条件分母是否为正。
误区与边界：不要把密度值当作点概率，也不要在分母为0或支持集不匹配时继续套公式。",UNREVIEWED_CURRENT_SOURCE,统计学习方法讲义_v2.6.0_全量索引库.xlsx
M04-KN-SLM-11-02-005,KNOWLEDGE,知识点索引,395,SLM-11-02-005,src/讲义源码/第03册_优化模型与序列模型/chapters/V3-C06.tex,324,470,中,符号密度较高；缺少最小例/非例；缺少一句话直觉桥,"先说它解决什么：“条件随机场的参数化形式”用于说明概率量在支持集、条件化或归一化下如何定义与计算。
再给核心表述：模型。
然后落地对象与条件：逐一写清输入/变量属于什么集合，公式在哪些前提下成立。
最小自检：用两点或两类的最小分布代入一次，检查每项非负、总和为1，以及条件分母是否为正。
误区与边界：不要把密度值当作点概率，也不要在分母为0或支持集不匹配时继续套公式。",UNREVIEWED_CURRENT_SOURCE,统计学习方法讲义_v2.6.0_全量索引库.xlsx
M04-KN-SLM-11-02-006,KNOWLEDGE,知识点索引,396,SLM-11-02-006,src/讲义源码/第03册_优化模型与序列模型/chapters/V3-C06.tex,334,470,中,符号密度较高；缺少一句话直觉桥,"先说它解决什么：“条件随机场的简化形式”用于说明概率量在支持集、条件化或归一化下如何定义与计算。
再给核心表述：把$u_k,v_l$依次并入统一参数向量$w$，并把全部局部特征统一记为$f_k(y_i-1,y_i,x,i)$，定义 $ F_k(y,x)= _i=1^n+1f_k(y_i-1,y_i,x,i), F(y,x)=(F_1, ,F_K)^T. $ 则 $ P_w(y x)= \w^TF(y,x)\Z_w(x), Z_w(x)= _y \w^TF(y,x)\. $ 这是条件对数线性模型。
然后落地对象与条件：逐一写清输入/变量属于什么集合，公式在哪些前提下成立。
最小自检：用两点或两类的最小分布代入一次，检查每项非负、总和为1，以及条件分母是否为正。
误区与边界：不要把密度值当作点概率，也不要在分母为0或支持集不匹配时继续套公式。",UNREVIEWED_CURRENT_SOURCE,统计学习方法讲义_v2.6.0_全量索引库.xlsx
M04-KN-SLM-11-02-007,KNOWLEDGE,知识点索引,397,SLM-11-02-007,src/讲义源码/第03册_优化模型与序列模型/chapters/V3-C06.tex,357,463,中,符号密度较高；单段过长，需分层,"先说它解决什么：“条件随机场的矩阵形式”用于说明概率量在支持集、条件化或归一化下如何定义与计算。
再给核心表述：在增广状态集$ Y$上，对$i=1, ,n+1$定义$ m m$矩阵 $ M_i(a,b x)= \ _k=1^Kw_k f_k(a,b,x,i) \, (a,b)在位置$i$可行,\$4pt] 0, 其他情形, $ 其中$i=1$只允许$ start Y$，$2 i n$只允许$ Y Y$，$i=n+1$只允许$ Y stop$。
然后落地对象与条件：逐一写清输入/变量属于什么集合，公式在哪些前提下成立。
最小自检：用两点或两类的最小分布代入一次，检查每项非负、总和为1，以及条件分母是否为正。
误区与边界：不要把密度值当作点概率，也不要在分母为0或支持集不匹配时继续套公式。",UNREVIEWED_CURRENT_SOURCE,统计学习方法讲义_v2.6.0_全量索引库.xlsx
M04-KN-SLM-11-03-004,KNOWLEDGE,知识点索引,398,SLM-11-03-004,src/讲义源码/第03册_优化模型与序列模型/chapters/V3-C06.tex,403,463,低,符号密度较高,"先说它解决什么：“概率计算”用于说明概率量在支持集、条件化或归一化下如何定义与计算。
再给核心表述：单点边缘用于逐位置置信度，相邻点边缘用于转移统计。
然后落地对象与条件：逐一写清输入/变量属于什么集合，公式在哪些前提下成立。
最小自检：用两点或两类的最小分布代入一次，检查每项非负、总和为1，以及条件分母是否为正。
误区与边界：不要把密度值当作点概率，也不要在分母为0或支持集不匹配时继续套公式。",UNREVIEWED_CURRENT_SOURCE,统计学习方法讲义_v2.6.0_全量索引库.xlsx
M04-KN-SLM-11-03-005,KNOWLEDGE,知识点索引,399,SLM-11-03-005,src/讲义源码/第03册_优化模型与序列模型/chapters/V3-C06.tex,411,472,中,符号密度较高；缺少一句话直觉桥,"先说它解决什么：“期望值的计算”应按输入、状态、初始化、一次更新、停止与输出六个角色来读。
再给核心表述：对训练集经验分布，经验特征期望由真实标记直接计数；
然后落地对象与条件：逐一写清输入/变量属于什么集合，公式在哪些前提下成立。
最小自检：用2—3个状态或样本手算一轮，把更新前后量并排列出。
误区与边界：预算耗尽、数值停止和数学收敛不是同一状态；候选失败时不能覆盖最后合法状态。",UNREVIEWED_CURRENT_SOURCE,统计学习方法讲义_v2.6.0_全量索引库.xlsx
M04-KN-SLM-11-04-002,KNOWLEDGE,知识点索引,400,SLM-11-04-002,src/讲义源码/第03册_优化模型与序列模型/chapters/V3-C06.tex,421,472,中,符号密度较高；缺少一句话直觉桥；单段过长，需分层,"先说它解决什么：“条件随机场的学习算法”应按输入、状态、初始化、一次更新、停止与输出六个角色来读。
再给核心表述：学习策略。
然后落地对象与条件：逐一写清输入/变量属于什么集合，公式在哪些前提下成立。
最小自检：用2—3个状态或样本手算一轮，把更新前后量并排列出。
误区与边界：预算耗尽、数值停止和数学收敛不是同一状态；候选失败时不能覆盖最后合法状态。",UNREVIEWED_CURRENT_SOURCE,统计学习方法讲义_v2.6.0_全量索引库.xlsx
M04-KN-SLM-11-04-003,KNOWLEDGE,知识点索引,401,SLM-11-04-003,src/讲义源码/第03册_优化模型与序列模型/chapters/V3-C06.tex,466,463,高,核心表述偏短；成立条件未显式前置；缺少最小例/非例；缺少一句话直觉桥,"先说它解决什么：“改进的迭代尺度法”应按输入、状态、初始化、一次更新、停止与输出六个角色来读。
再给核心表述：
然后落地对象与条件：逐一写清输入/变量属于什么集合，公式在哪些前提下成立。
最小自检：用2—3个状态或样本手算一轮，把更新前后量并排列出。
误区与边界：预算耗尽、数值停止和数学收敛不是同一状态；候选失败时不能覆盖最后合法状态。",UNREVIEWED_CURRENT_SOURCE,统计学习方法讲义_v2.6.0_全量索引库.xlsx
M04-KN-SLM-11-01-006,KNOWLEDGE,知识点索引,402,SLM-11-01-006,src/讲义源码/第03册_优化模型与序列模型/chapters/V3-C06.tex,467,473,中,符号密度较高；缺少一句话直觉桥；单段过长，需分层,"先说它解决什么：“条件随机场模型学习的改进的迭代尺度法”应按输入、状态、初始化、一次更新、停止与输出六个角色来读。
再给核心表述：IIS逐坐标寻找增量$ _k$，使更新后的模型期望向经验期望靠近。
然后落地对象与条件：逐一写清输入/变量属于什么集合，公式在哪些前提下成立。
最小自检：用2—3个状态或样本手算一轮，把更新前后量并排列出。
误区与边界：预算耗尽、数值停止和数学收敛不是同一状态；候选失败时不能覆盖最后合法状态。",UNREVIEWED_CURRENT_SOURCE,统计学习方法讲义_v2.6.0_全量索引库.xlsx
M04-KN-SLM-11-04-004,KNOWLEDGE,知识点索引,403,SLM-11-04-004,src/讲义源码/第03册_优化模型与序列模型/chapters/V3-C06.tex,487,463,高,核心表述偏短；成立条件未显式前置；缺少最小例/非例；缺少一句话直觉桥,"先说它解决什么：“拟牛顿法”应按输入、状态、初始化、一次更新、停止与输出六个角色来读。
再给核心表述：
然后落地对象与条件：逐一写清输入/变量属于什么集合，公式在哪些前提下成立。
最小自检：用2—3个状态或样本手算一轮，把更新前后量并排列出。
误区与边界：预算耗尽、数值停止和数学收敛不是同一状态；候选失败时不能覆盖最后合法状态。",UNREVIEWED_CURRENT_SOURCE,统计学习方法讲义_v2.6.0_全量索引库.xlsx
M04-KN-SLM-11-02-008,KNOWLEDGE,知识点索引,404,SLM-11-02-008,src/讲义源码/第03册_优化模型与序列模型/chapters/V3-C06.tex,488,474,中,符号密度较高；单段过长，需分层,"先说它解决什么：“条件随机场模型学习的BFGS算法”应按输入、状态、初始化、一次更新、停止与输出六个角色来读。
再给核心表述：学习算法。
然后落地对象与条件：逐一写清输入/变量属于什么集合，公式在哪些前提下成立。
最小自检：用2—3个状态或样本手算一轮，把更新前后量并排列出。
误区与边界：预算耗尽、数值停止和数学收敛不是同一状态；候选失败时不能覆盖最后合法状态。",UNREVIEWED_CURRENT_SOURCE,统计学习方法讲义_v2.6.0_全量索引库.xlsx
M04-KN-SLM-11-03-002,KNOWLEDGE,知识点索引,405,SLM-11-03-002,src/讲义源码/第03册_优化模型与序列模型/chapters/V3-C06.tex,513,474,中,符号密度较高；缺少一句话直觉桥,"先说它解决什么：“条件随机场的概率计算问题”应按输入、状态、初始化、一次更新、停止与输出六个角色来读。
再给核心表述：概率计算包括$Z_w(x)$、单点边缘$P(Y_i=b x)$、相邻点边缘$P(Y_i-1=a,Y_i=b x)$及特征期望。
然后落地对象与条件：逐一写清输入/变量属于什么集合，公式在哪些前提下成立。
最小自检：用2—3个状态或样本手算一轮，把更新前后量并排列出。
误区与边界：预算耗尽、数值停止和数学收敛不是同一状态；候选失败时不能覆盖最后合法状态。",UNREVIEWED_CURRENT_SOURCE,统计学习方法讲义_v2.6.0_全量索引库.xlsx
M04-KN-SLM-11-03-003,KNOWLEDGE,知识点索引,406,SLM-11-03-003,src/讲义源码/第03册_优化模型与序列模型/chapters/V3-C06.tex,521,474,中,符号密度较高；缺少一句话直觉桥；单段过长，需分层,"先说它解决什么：“前向--后向算法”应按输入、状态、初始化、一次更新、停止与输出六个角色来读。
再给核心表述：把$ _i, _i$都视为以$ Y$为坐标的$ m$维向量。
然后落地对象与条件：逐一写清输入/变量属于什么集合，公式在哪些前提下成立。
最小自检：用2—3个状态或样本手算一轮，把更新前后量并排列出。
误区与边界：预算耗尽、数值停止和数学收敛不是同一状态；候选失败时不能覆盖最后合法状态。",UNREVIEWED_CURRENT_SOURCE,统计学习方法讲义_v2.6.0_全量索引库.xlsx
M04-KN-SLM-11-05-001,KNOWLEDGE,知识点索引,407,SLM-11-05-001,src/讲义源码/第03册_优化模型与序列模型/chapters/V3-C06.tex,623,477,中,符号密度较高；缺少一句话直觉桥,"先说它解决什么：“条件随机场的预测算法”应按输入、状态、初始化、一次更新、停止与输出六个角色来读。
再给核心表述：预测求 $ y^*= arg max_yP_w(y x) = arg max_y w^TF(y,x), $ 因为对固定$x$，$Z_w(x)$与$y$无关，指数函数严格单调。
然后落地对象与条件：逐一写清输入/变量属于什么集合，公式在哪些前提下成立。
最小自检：用2—3个状态或样本手算一轮，把更新前后量并排列出。
误区与边界：预算耗尽、数值停止和数学收敛不是同一状态；候选失败时不能覆盖最后合法状态。",UNREVIEWED_CURRENT_SOURCE,统计学习方法讲义_v2.6.0_全量索引库.xlsx
M04-KN-SLM-11-03-006,KNOWLEDGE,知识点索引,408,SLM-11-03-006,src/讲义源码/第03册_优化模型与序列模型/chapters/V3-C06.tex,636,477,高,符号密度较高；成立条件未显式前置；缺少最小例/非例；缺少一句话直觉桥,"先说它解决什么：“条件随机场预测的Viterbi算法”应按输入、状态、初始化、一次更新、停止与输出六个角色来读。
再给核心表述：令局部加性得分为$q_i(a,b)= _kw_kf_k(a,b,x,i)$。
然后落地对象与条件：逐一写清输入/变量属于什么集合，公式在哪些前提下成立。
最小自检：用2—3个状态或样本手算一轮，把更新前后量并排列出。
误区与边界：预算耗尽、数值停止和数学收敛不是同一状态；候选失败时不能覆盖最后合法状态。",UNREVIEWED_CURRENT_SOURCE,统计学习方法讲义_v2.6.0_全量索引库.xlsx
M04-KN-SLM-12-00-001,KNOWLEDGE,知识点索引,409,SLM-12-00-001,src/讲义源码/第03册_优化模型与序列模型/chapters/V3-C07.tex,118,488,中,符号密度较高；单段过长，需分层,"先说它解决什么：“监督学习方法总结”应按输入、状态、初始化、一次更新、停止与输出六个角色来读。
再给核心表述：监督学习方法可以写成闭环：任务给出$( X, Y)$和数据生成条件；
然后落地对象与条件：逐一写清输入/变量属于什么集合，公式在哪些前提下成立。
最小自检：用2—3个状态或样本手算一轮，把更新前后量并排列出。
误区与边界：预算耗尽、数值停止和数学收敛不是同一状态；候选失败时不能覆盖最后合法状态。",UNREVIEWED_CURRENT_SOURCE,统计学习方法讲义_v2.6.0_全量索引库.xlsx
M04-KN-SLM-12-03-001,KNOWLEDGE,知识点索引,410,SLM-12-03-001,src/讲义源码/第03册_优化模型与序列模型/chapters/V3-C07.tex,144,488,中,符号密度较高；缺少最小例/非例；单段过长，需分层,"先说它解决什么：“学习策略”应按输入、状态、初始化、一次更新、停止与输出六个角色来读。
再给核心表述：学习策略。
然后落地对象与条件：逐一写清输入/变量属于什么集合，公式在哪些前提下成立。
最小自检：用2—3个状态或样本手算一轮，把更新前后量并排列出。
误区与边界：预算耗尽、数值停止和数学收敛不是同一状态；候选失败时不能覆盖最后合法状态。",UNREVIEWED_CURRENT_SOURCE,统计学习方法讲义_v2.6.0_全量索引库.xlsx
M04-KN-SLM-12-02-001,KNOWLEDGE,知识点索引,411,SLM-12-02-001,src/讲义源码/第03册_优化模型与序列模型/chapters/V3-C07.tex,227,491,低,符号密度较高,"先说它解决什么：“模型”应按输入、状态、初始化、一次更新、停止与输出六个角色来读。
再给核心表述：概率模型以满足非负性和归一化的分布描述不确定性；
然后落地对象与条件：逐一写清输入/变量属于什么集合，公式在哪些前提下成立。
最小自检：用2—3个状态或样本手算一轮，把更新前后量并排列出。
误区与边界：预算耗尽、数值停止和数学收敛不是同一状态；候选失败时不能覆盖最后合法状态。",UNREVIEWED_CURRENT_SOURCE,统计学习方法讲义_v2.6.0_全量索引库.xlsx
M04-KN-SLM-12-04-001,KNOWLEDGE,知识点索引,412,SLM-12-04-001,src/讲义源码/第03册_优化模型与序列模型/chapters/V3-C07.tex,240,491,中,符号密度较高；缺少最小例/非例；单段过长，需分层,"先说它解决什么：“学习算法”应按输入、状态、初始化、一次更新、停止与输出六个角色来读。
再给核心表述：学习算法把策略变成可执行的求解过程。
然后落地对象与条件：逐一写清输入/变量属于什么集合，公式在哪些前提下成立。
最小自检：用2—3个状态或样本手算一轮，把更新前后量并排列出。
误区与边界：预算耗尽、数值停止和数学收敛不是同一状态；候选失败时不能覆盖最后合法状态。",UNREVIEWED_CURRENT_SOURCE,统计学习方法讲义_v2.6.0_全量索引库.xlsx
M04-KN-SLM-12-01-001,KNOWLEDGE,知识点索引,413,SLM-12-01-001,src/讲义源码/第03册_优化模型与序列模型/chapters/V3-C07.tex,266,492,中,符号密度较高；缺少最小例/非例；单段过长，需分层,"先说它解决什么：“适用问题”应按输入、状态、初始化、一次更新、停止与输出六个角色来读。
再给核心表述：方法选择应先写成约束表：输出是类别、序列还是连续量；
然后落地对象与条件：逐一写清输入/变量属于什么集合，公式在哪些前提下成立。
最小自检：用2—3个状态或样本手算一轮，把更新前后量并排列出。
误区与边界：预算耗尽、数值停止和数学收敛不是同一状态；候选失败时不能覆盖最后合法状态。",UNREVIEWED_CURRENT_SOURCE,统计学习方法讲义_v2.6.0_全量索引库.xlsx
M04-KN-SLM-13-00-001,KNOWLEDGE,知识点索引,414,SLM-13-00-001,src/讲义源码/第04册_无监督学习与矩阵分解/chapters/V4-C01.tex,123,504,低,符号密度较高,"先说它解决什么：“无监督学习概论”用于说明概率量在支持集、条件化或归一化下如何定义与计算。
再给核心表述：监督学习观察$(x_i,y_i)$并以标签误差约束预测；
然后落地对象与条件：逐一写清输入/变量属于什么集合，公式在哪些前提下成立。
最小自检：用两点或两类的最小分布代入一次，检查每项非负、总和为1，以及条件分母是否为正。
误区与边界：不要把密度值当作点概率，也不要在分母为0或支持集不匹配时继续套公式。",UNREVIEWED_CURRENT_SOURCE,统计学习方法讲义_v2.6.0_全量索引库.xlsx
M04-KN-SLM-13-01-001,KNOWLEDGE,知识点索引,415,SLM-13-01-001,src/讲义源码/第04册_无监督学习与矩阵分解/chapters/V4-C01.tex,131,505,低,符号密度较高,"先说它解决什么：先把“无监督学习基本原理”理解为一个需要明确对象、条件与结论的基础概念。
再给核心表述：首次阅读检查：无监督学习问题。
然后落地对象与条件：逐一写清输入/变量属于什么集合，公式在哪些前提下成立。
最小自检：给出一个满足定义的最小例和一个只破坏单一条件的非例。
误区与边界：不要只凭名称或图形相似作判断，应回到定义中的量词、作用域和条件。",UNREVIEWED_CURRENT_SOURCE,统计学习方法讲义_v2.6.0_全量索引库.xlsx
M04-KN-SLM-13-02-001,KNOWLEDGE,知识点索引,416,SLM-13-02-001,src/讲义源码/第04册_无监督学习与矩阵分解/chapters/V4-C01.tex,158,505,高,符号密度较高；成立条件未显式前置；缺少最小例/非例；缺少一句话直觉桥,"先说它解决什么：“无监督学习的基本问题”应按输入、状态、初始化、一次更新、停止与输出六个角色来读。
再给核心表述：无监督学习的基本任务可按所寻找的结构分类： enumerate[leftmargin=2.2em] 聚类：把相似样本归入同一类，揭示数据的纵向结构；
然后落地对象与条件：逐一写清输入/变量属于什么集合，公式在哪些前提下成立。
最小自检：用2—3个状态或样本手算一轮，把更新前后量并排列出。
误区与边界：预算耗尽、数值停止和数学收敛不是同一状态；候选失败时不能覆盖最后合法状态。",UNREVIEWED_CURRENT_SOURCE,统计学习方法讲义_v2.6.0_全量索引库.xlsx
M04-KN-SLM-13-03-001,KNOWLEDGE,知识点索引,417,SLM-13-03-001,src/讲义源码/第04册_无监督学习与矩阵分解/chapters/V4-C01.tex,216,507,中,缺少最小例/非例；缺少一句话直觉桥,"先说它解决什么：“机器学习三要素”应按输入、状态、初始化、一次更新、停止与输出六个角色来读。
再给核心表述：一个可复核的无监督方法必须同时给出三要素：模型规定候选结构；
然后落地对象与条件：逐一写清输入/变量属于什么集合，公式在哪些前提下成立。
最小自检：用2—3个状态或样本手算一轮，把更新前后量并排列出。
误区与边界：预算耗尽、数值停止和数学收敛不是同一状态；候选失败时不能覆盖最后合法状态。",UNREVIEWED_CURRENT_SOURCE,统计学习方法讲义_v2.6.0_全量索引库.xlsx
M04-KN-SLM-13-04-001,KNOWLEDGE,知识点索引,418,SLM-13-04-001,src/讲义源码/第04册_无监督学习与矩阵分解/chapters/V4-C01.tex,219,507,中,符号密度较高；单段过长，需分层,"先说它解决什么：“无监督学习方法”应按输入、状态、初始化、一次更新、停止与输出六个角色来读。
再给核心表述：生成式视角先描述潜变量怎样产生观测，即$p_ (z)p_ (x z)$；
然后落地对象与条件：逐一写清输入/变量属于什么集合，公式在哪些前提下成立。
最小自检：用2—3个状态或样本手算一轮，把更新前后量并排列出。
误区与边界：预算耗尽、数值停止和数学收敛不是同一状态；候选失败时不能覆盖最后合法状态。",UNREVIEWED_CURRENT_SOURCE,统计学习方法讲义_v2.6.0_全量索引库.xlsx
M04-KN-SLM-14-00-001,KNOWLEDGE,知识点索引,419,SLM-14-00-001,src/讲义源码/第04册_无监督学习与矩阵分解/chapters/V4-C02.tex,118,520,低,符号密度较高,"先说它解决什么：“聚类方法”应按输入、状态、初始化、一次更新、停止与输出六个角色来读。
再给核心表述：聚类根据样本属性的相似度或距离，把样本归并为若干类。
然后落地对象与条件：逐一写清输入/变量属于什么集合，公式在哪些前提下成立。
最小自检：用2—3个状态或样本手算一轮，把更新前后量并排列出。
误区与边界：预算耗尽、数值停止和数学收敛不是同一状态；候选失败时不能覆盖最后合法状态。",UNREVIEWED_CURRENT_SOURCE,统计学习方法讲义_v2.6.0_全量索引库.xlsx
M04-KN-SLM-14-01-001,KNOWLEDGE,知识点索引,420,SLM-14-01-001,src/讲义源码/第04册_无监督学习与矩阵分解/chapters/V4-C02.tex,126,520,低,符号密度较高,"先说它解决什么：先把“聚类的基本概念”理解为一个需要明确对象、条件与结论的基础概念。
再给核心表述：首次阅读检查：硬聚类。
然后落地对象与条件：逐一写清输入/变量属于什么集合，公式在哪些前提下成立。
最小自检：给出一个满足定义的最小例和一个只破坏单一条件的非例。
误区与边界：不要只凭名称或图形相似作判断，应回到定义中的量词、作用域和条件。",UNREVIEWED_CURRENT_SOURCE,统计学习方法讲义_v2.6.0_全量索引库.xlsx
M04-KN-SLM-14-01-004,KNOWLEDGE,知识点索引,421,SLM-14-01-004,src/讲义源码/第04册_无监督学习与矩阵分解/chapters/V4-C02.tex,142,521,中,符号密度较高；缺少最小例/非例；缺少一句话直觉桥,"先说它解决什么：“类或簇”应按输入、状态、初始化、一次更新、停止与输出六个角色来读。
再给核心表述：首次阅读检查：工作性检查表：四种类内阈值。
然后落地对象与条件：逐一写清输入/变量属于什么集合，公式在哪些前提下成立。
最小自检：用2—3个状态或样本手算一轮，把更新前后量并排列出。
误区与边界：预算耗尽、数值停止和数学收敛不是同一状态；候选失败时不能覆盖最后合法状态。",UNREVIEWED_CURRENT_SOURCE,统计学习方法讲义_v2.6.0_全量索引库.xlsx
M04-KN-SLM-14-01-002,KNOWLEDGE,知识点索引,422,SLM-14-01-002,src/讲义源码/第04册_无监督学习与矩阵分解/chapters/V4-C02.tex,170,522,中,核心表述偏短；缺少最小例/非例；缺少一句话直觉桥,"先说它解决什么：“相似度或距离”说明线性对象的维数、方向或几何作用，核心是先核对对象所在空间。
再给核心表述：
然后落地对象与条件：逐一写清输入/变量属于什么集合，公式在哪些前提下成立。
最小自检：取二维向量或2×2矩阵逐项算一次，并在每个乘法前写出维数。
误区与边界：矩阵乘法通常不可交换；零向量、非满秩和非正定情形要单独检查。",UNREVIEWED_CURRENT_SOURCE,统计学习方法讲义_v2.6.0_全量索引库.xlsx
M04-KN-SLM-14-01-003,KNOWLEDGE,知识点索引,423,SLM-14-01-003,src/讲义源码/第04册_无监督学习与矩阵分解/chapters/V4-C02.tex,171,522,中,符号密度较高；成立条件未显式前置；缺少最小例/非例,"先说它解决什么：“闵可夫斯基距离”说明线性对象的维数、方向或几何作用，核心是先核对对象所在空间。
再给核心表述：对$x_i=(x_1i, ,x_mi)^T$和$x_j=(x_1j, ,x_mj)^T$，$p 1$时的闵可夫斯基距离为 $ d_p(x_i,x_j)= ( _a=1^m|x_ai-x_aj|^p )^1/p. $ $p=2$得到欧氏距离，$p=1$得到曼哈顿距离，$p $得到切比雪夫距离$d_ (x_i,x_j)= _a|x_ai-x_aj|$。
然后落地对象与条件：逐一写清输入/变量属于什么集合，公式在哪些前提下成立。
最小自检：取二维向量或2×2矩阵逐项算一次，并在每个乘法前写出维数。
误区与边界：矩阵乘法通常不可交换；零向量、非满秩和非正定情形要单独检查。",UNREVIEWED_CURRENT_SOURCE,统计学习方法讲义_v2.6.0_全量索引库.xlsx
M04-KN-SLM-14-02-001,KNOWLEDGE,知识点索引,424,SLM-14-02-001,src/讲义源码/第04册_无监督学习与矩阵分解/chapters/V4-C02.tex,178,522,中,符号密度较高；缺少一句话直觉桥,"先说它解决什么：“马哈拉诺比斯距离”说明线性对象的维数、方向或几何作用，核心是先核对对象所在空间。
再给核心表述：若$S R^m m$正定，马哈拉诺比斯距离为 $ d_S(x_i,x_j)= (x_i-x_j)^TS^-1(x_i-x_j). $ 令$S=LL^T$，则$d_S(x_i,x_j)=\|L^-1(x_i-x_j)\|_2$，所以它等于白化坐标中的欧氏距离。
然后落地对象与条件：逐一写清输入/变量属于什么集合，公式在哪些前提下成立。
最小自检：取二维向量或2×2矩阵逐项算一次，并在每个乘法前写出维数。
误区与边界：矩阵乘法通常不可交换；零向量、非满秩和非正定情形要单独检查。",UNREVIEWED_CURRENT_SOURCE,统计学习方法讲义_v2.6.0_全量索引库.xlsx
M04-KN-SLM-14-04-001,KNOWLEDGE,知识点索引,425,SLM-14-04-001,src/讲义源码/第04册_无监督学习与矩阵分解/chapters/V4-C02.tex,190,522,中,符号密度较高；缺少一句话直觉桥,"先说它解决什么：“夹角余弦”说明线性对象的维数、方向或几何作用，核心是先核对对象所在空间。
再给核心表述：非零向量的夹角余弦为 $ s_ (x_i,x_j)= x_i^Tx_j\|x_i\|_2\|x_j\|_2. $ 它对正比例缩放不变，主要比较方向；
然后落地对象与条件：逐一写清输入/变量属于什么集合，公式在哪些前提下成立。
最小自检：取二维向量或2×2矩阵逐项算一次，并在每个乘法前写出维数。
误区与边界：矩阵乘法通常不可交换；零向量、非满秩和非正定情形要单独检查。",UNREVIEWED_CURRENT_SOURCE,统计学习方法讲义_v2.6.0_全量索引库.xlsx
M04-KN-SLM-14-03-001,KNOWLEDGE,知识点索引,426,SLM-14-03-001,src/讲义源码/第04册_无监督学习与矩阵分解/chapters/V4-C02.tex,202,522,中,符号密度较高；缺少一句话直觉桥；单段过长，需分层,"先说它解决什么：“相关系数”应按输入、状态、初始化、一次更新、停止与输出六个角色来读。
再给核心表述：将两个样本各自按属性中心化，记$ x_i=m^-1 _a=1^mx_ai$，则相关系数为 $ r_ij= _a=1^m(x_ai- x_i)(x_aj- x_j) _a(x_ai- x_i)^2 _a(x_aj- x_j)^2. $ 相关系数同时忽略加性平移与正比例缩放；
然后落地对象与条件：逐一写清输入/变量属于什么集合，公式在哪些前提下成立。
最小自检：用2—3个状态或样本手算一轮，把更新前后量并排列出。
误区与边界：预算耗尽、数值停止和数学收敛不是同一状态；候选失败时不能覆盖最后合法状态。",UNREVIEWED_CURRENT_SOURCE,统计学习方法讲义_v2.6.0_全量索引库.xlsx
M04-KN-SLM-14-05-001,KNOWLEDGE,知识点索引,427,SLM-14-05-001,src/讲义源码/第04册_无监督学习与矩阵分解/chapters/V4-C02.tex,224,522,中,核心表述偏短；缺少最小例/非例；缺少一句话直觉桥,"先说它解决什么：先把“全直径阈值类”理解为一个需要明确对象、条件与结论的基础概念。
再给核心表述：
然后落地对象与条件：逐一写清输入/变量属于什么集合，公式在哪些前提下成立。
最小自检：给出一个满足定义的最小例和一个只破坏单一条件的非例。
误区与边界：不要只凭名称或图形相似作判断，应回到定义中的量词、作用域和条件。",UNREVIEWED_CURRENT_SOURCE,统计学习方法讲义_v2.6.0_全量索引库.xlsx
M04-KN-SLM-14-06-001,KNOWLEDGE,知识点索引,428,SLM-14-06-001,src/讲义源码/第04册_无监督学习与矩阵分解/chapters/V4-C02.tex,225,522,中,核心表述偏短；缺少最小例/非例；缺少一句话直觉桥,"先说它解决什么：先把“近邻连通阈值类”理解为一个需要明确对象、条件与结论的基础概念。
再给核心表述：
然后落地对象与条件：逐一写清输入/变量属于什么集合，公式在哪些前提下成立。
最小自检：给出一个满足定义的最小例和一个只破坏单一条件的非例。
误区与边界：不要只凭名称或图形相似作判断，应回到定义中的量词、作用域和条件。",UNREVIEWED_CURRENT_SOURCE,统计学习方法讲义_v2.6.0_全量索引库.xlsx
M04-KN-SLM-14-07-001,KNOWLEDGE,知识点索引,429,SLM-14-07-001,src/讲义源码/第04册_无监督学习与矩阵分解/chapters/V4-C02.tex,226,522,中,核心表述偏短；缺少最小例/非例；缺少一句话直觉桥,"先说它解决什么：“平均距离阈值类”说明线性对象的维数、方向或几何作用，核心是先核对对象所在空间。
再给核心表述：
然后落地对象与条件：逐一写清输入/变量属于什么集合，公式在哪些前提下成立。
最小自检：取二维向量或2×2矩阵逐项算一次，并在每个乘法前写出维数。
误区与边界：矩阵乘法通常不可交换；零向量、非满秩和非正定情形要单独检查。",UNREVIEWED_CURRENT_SOURCE,统计学习方法讲义_v2.6.0_全量索引库.xlsx
M04-KN-SLM-14-08-001,KNOWLEDGE,知识点索引,430,SLM-14-08-001,src/讲义源码/第04册_无监督学习与矩阵分解/chapters/V4-C02.tex,227,523,中,符号密度较高；缺少一句话直觉桥,"先说它解决什么：“平均与最大距离阈值类”用于说明概率量在支持集、条件化或归一化下如何定义与计算。
再给核心表述：上述工作性检查表中的四个条件分别对应这四类约束。
然后落地对象与条件：逐一写清输入/变量属于什么集合，公式在哪些前提下成立。
最小自检：用两点或两类的最小分布代入一次，检查每项非负、总和为1，以及条件分母是否为正。
误区与边界：不要把密度值当作点概率，也不要在分母为0或支持集不匹配时继续套公式。",UNREVIEWED_CURRENT_SOURCE,统计学习方法讲义_v2.6.0_全量索引库.xlsx
M04-KN-SLM-14-01-005,KNOWLEDGE,知识点索引,431,SLM-14-01-005,src/讲义源码/第04册_无监督学习与矩阵分解/chapters/V4-C02.tex,244,522,中,符号密度较高；缺少一句话直觉桥；单段过长，需分层,"先说它解决什么：“类与类之间的距离”说明线性对象的维数、方向或几何作用，核心是先核对对象所在空间。
再给核心表述：设$G_p,G_q$的中心分别为$ x_p, x_q$，常见连接为 $ D_ single(G_p,G_q) = _x_i G_p,x_j G_qd_ij,\\ D_ complete(G_p,G_q) = _x_i G_p,x_j G_qd_ij,\\ D_ centroid(G_p,G_q) =d( x_p, x_q),\\ D_ average(G_p,G_q) = 1n_pn_q _x_i G_p _x_j G_qd_ij. $
然后落地对象与条件：逐一写清输入/变量属于什么集合，公式在哪些前提下成立。
最小自检：取二维向量或2×2矩阵逐项算一次，并在每个乘法前写出维数。
误区与边界：矩阵乘法通常不可交换；零向量、非满秩和非正定情形要单独检查。",UNREVIEWED_CURRENT_SOURCE,统计学习方法讲义_v2.6.0_全量索引库.xlsx
M04-KN-SLM-14-02-002,KNOWLEDGE,知识点索引,432,SLM-14-02-002,src/讲义源码/第04册_无监督学习与矩阵分解/chapters/V4-C02.tex,270,524,中,符号密度较高；缺少一句话直觉桥,"先说它解决什么：“层次聚类”应按输入、状态、初始化、一次更新、停止与输出六个角色来读。
再给核心表述：层次聚类输出一串嵌套划分。
然后落地对象与条件：逐一写清输入/变量属于什么集合，公式在哪些前提下成立。
最小自检：用2—3个状态或样本手算一轮，把更新前后量并排列出。
误区与边界：预算耗尽、数值停止和数学收敛不是同一状态；候选失败时不能覆盖最后合法状态。",UNREVIEWED_CURRENT_SOURCE,统计学习方法讲义_v2.6.0_全量索引库.xlsx
M04-KN-SLM-14-01-006,KNOWLEDGE,知识点索引,433,SLM-14-01-006,src/讲义源码/第04册_无监督学习与矩阵分解/chapters/V4-C02.tex,281,524,中,符号密度较高；缺少一句话直觉桥；单段过长，需分层,"先说它解决什么：“聚合聚类算法”应按输入、状态、初始化、一次更新、停止与输出六个角色来读。
再给核心表述：textnormal keypointbox[title=聚合层次聚类：执行契约：首次阅读主线] 需要解决的阅读阻塞。
然后落地对象与条件：逐一写清输入/变量属于什么集合，公式在哪些前提下成立。
最小自检：用2—3个状态或样本手算一轮，把更新前后量并排列出。
误区与边界：预算耗尽、数值停止和数学收敛不是同一状态；候选失败时不能覆盖最后合法状态。",UNREVIEWED_CURRENT_SOURCE,统计学习方法讲义_v2.6.0_全量索引库.xlsx
M04-KN-SLM-14-03-002,KNOWLEDGE,知识点索引,434,SLM-14-03-002,src/讲义源码/第04册_无监督学习与矩阵分解/chapters/V4-C02.tex,362,526,中,核心表述偏短；缺少最小例/非例；缺少一句话直觉桥,"先说它解决什么：先把“k均值聚类@k均值聚类”理解为一个需要明确对象、条件与结论的基础概念。
再给核心表述：
然后落地对象与条件：逐一写清输入/变量属于什么集合，公式在哪些前提下成立。
最小自检：给出一个满足定义的最小例和一个只破坏单一条件的非例。
误区与边界：不要只凭名称或图形相似作判断，应回到定义中的量词、作用域和条件。",UNREVIEWED_CURRENT_SOURCE,统计学习方法讲义_v2.6.0_全量索引库.xlsx
M04-KN-SLM-14-03-003,KNOWLEDGE,知识点索引,435,SLM-14-03-003,src/讲义源码/第04册_无监督学习与矩阵分解/chapters/V4-C02.tex,363,526,低,符号密度较高,"先说它解决什么：“模型”说明线性对象的维数、方向或几何作用，核心是先核对对象所在空间。
再给核心表述：模型。
然后落地对象与条件：逐一写清输入/变量属于什么集合，公式在哪些前提下成立。
最小自检：取二维向量或2×2矩阵逐项算一次，并在每个乘法前写出维数。
误区与边界：矩阵乘法通常不可交换；零向量、非满秩和非正定情形要单独检查。",UNREVIEWED_CURRENT_SOURCE,统计学习方法讲义_v2.6.0_全量索引库.xlsx
M04-KN-SLM-14-03-004,KNOWLEDGE,知识点索引,436,SLM-14-03-004,src/讲义源码/第04册_无监督学习与矩阵分解/chapters/V4-C02.tex,372,526,中,符号密度较高；单段过长，需分层,"先说它解决什么：“策略”应按输入、状态、初始化、一次更新、停止与输出六个角色来读。
再给核心表述：学习策略。
然后落地对象与条件：逐一写清输入/变量属于什么集合，公式在哪些前提下成立。
最小自检：用2—3个状态或样本手算一轮，把更新前后量并排列出。
误区与边界：预算耗尽、数值停止和数学收敛不是同一状态；候选失败时不能覆盖最后合法状态。",UNREVIEWED_CURRENT_SOURCE,统计学习方法讲义_v2.6.0_全量索引库.xlsx
M04-KN-SLM-14-03-006,KNOWLEDGE,知识点索引,437,SLM-14-03-006,src/讲义源码/第04册_无监督学习与矩阵分解/chapters/V4-C02.tex,424,526,高,核心表述偏短；成立条件未显式前置；缺少最小例/非例；缺少一句话直觉桥,"先说它解决什么：“算法特性”应按输入、状态、初始化、一次更新、停止与输出六个角色来读。
再给核心表述：
然后落地对象与条件：逐一写清输入/变量属于什么集合，公式在哪些前提下成立。
最小自检：用2—3个状态或样本手算一轮，把更新前后量并排列出。
误区与边界：预算耗尽、数值停止和数学收敛不是同一状态；候选失败时不能覆盖最后合法状态。",UNREVIEWED_CURRENT_SOURCE,统计学习方法讲义_v2.6.0_全量索引库.xlsx
M04-KN-SLM-14-03-005,KNOWLEDGE,知识点索引,438,SLM-14-03-005,src/讲义源码/第04册_无监督学习与矩阵分解/chapters/V4-C02.tex,477,526,高,核心表述偏短；成立条件未显式前置；缺少最小例/非例；缺少一句话直觉桥,"先说它解决什么：“算法”应按输入、状态、初始化、一次更新、停止与输出六个角色来读。
再给核心表述：
然后落地对象与条件：逐一写清输入/变量属于什么集合，公式在哪些前提下成立。
最小自检：用2—3个状态或样本手算一轮，把更新前后量并排列出。
误区与边界：预算耗尽、数值停止和数学收敛不是同一状态；候选失败时不能覆盖最后合法状态。",UNREVIEWED_CURRENT_SOURCE,统计学习方法讲义_v2.6.0_全量索引库.xlsx
M04-KN-SLM-14-02-003,KNOWLEDGE,知识点索引,439,SLM-14-02-003,src/讲义源码/第04册_无监督学习与矩阵分解/chapters/V4-C02.tex,478,529,中,符号密度较高；单段过长，需分层,"先说它解决什么：“k均值聚类算法@k均值聚类算法”应按输入、状态、初始化、一次更新、停止与输出六个角色来读。
再给核心表述：学习算法。
然后落地对象与条件：逐一写清输入/变量属于什么集合，公式在哪些前提下成立。
最小自检：用2—3个状态或样本手算一轮，把更新前后量并排列出。
误区与边界：预算耗尽、数值停止和数学收敛不是同一状态；候选失败时不能覆盖最后合法状态。",UNREVIEWED_CURRENT_SOURCE,统计学习方法讲义_v2.6.0_全量索引库.xlsx
M04-KN-SLM-15-00-001,KNOWLEDGE,知识点索引,440,SLM-15-00-001,src/讲义源码/第04册_无监督学习与矩阵分解/chapters/V4-C03.tex,119,543,低,符号密度较高,"先说它解决什么：“奇异值分解”说明线性对象的维数、方向或几何作用，核心是先核对对象所在空间。
再给核心表述：奇异值分解把任意矩形线性变换拆成两个正交坐标变换和一个沿坐标轴的非负缩放。
然后落地对象与条件：逐一写清输入/变量属于什么集合，公式在哪些前提下成立。
最小自检：取二维向量或2×2矩阵逐项算一次，并在每个乘法前写出维数。
误区与边界：矩阵乘法通常不可交换；零向量、非满秩和非正定情形要单独检查。",UNREVIEWED_CURRENT_SOURCE,统计学习方法讲义_v2.6.0_全量索引库.xlsx
M04-KN-SLM-15-01-002,KNOWLEDGE,知识点索引,441,SLM-15-01-002,src/讲义源码/第04册_无监督学习与矩阵分解/chapters/V4-C03.tex,135,543,中,核心表述偏短；缺少最小例/非例；缺少一句话直觉桥,"先说它解决什么：“奇异值分解的定义与性质”说明线性对象的维数、方向或几何作用，核心是先核对对象所在空间。
再给核心表述：
然后落地对象与条件：逐一写清输入/变量属于什么集合，公式在哪些前提下成立。
最小自检：取二维向量或2×2矩阵逐项算一次，并在每个乘法前写出维数。
误区与边界：矩阵乘法通常不可交换；零向量、非满秩和非正定情形要单独检查。",UNREVIEWED_CURRENT_SOURCE,统计学习方法讲义_v2.6.0_全量索引库.xlsx
M04-KN-SLM-15-01-003,KNOWLEDGE,知识点索引,442,SLM-15-01-003,src/讲义源码/第04册_无监督学习与矩阵分解/chapters/V4-C03.tex,136,543,中,核心表述偏短；缺少最小例/非例；缺少一句话直觉桥,"先说它解决什么：先把“定义与定理”理解为一个需要明确对象、条件与结论的基础概念。
再给核心表述：
然后落地对象与条件：逐一写清输入/变量属于什么集合，公式在哪些前提下成立。
最小自检：给出一个满足定义的最小例和一个只破坏单一条件的非例。
误区与边界：不要只凭名称或图形相似作判断，应回到定义中的量词、作用域和条件。",UNREVIEWED_CURRENT_SOURCE,统计学习方法讲义_v2.6.0_全量索引库.xlsx
M04-KN-SLM-15-01-001,KNOWLEDGE,知识点索引,443,SLM-15-01-001,src/讲义源码/第04册_无监督学习与矩阵分解/chapters/V4-C03.tex,137,544,低,符号密度较高,"先说它解决什么：“奇异值分解的矩阵因子形式”说明线性对象的维数、方向或几何作用，核心是先核对对象所在空间。
再给核心表述：首次阅读检查：完整奇异值分解。
然后落地对象与条件：逐一写清输入/变量属于什么集合，公式在哪些前提下成立。
最小自检：取二维向量或2×2矩阵逐项算一次，并在每个乘法前写出维数。
误区与边界：矩阵乘法通常不可交换；零向量、非满秩和非正定情形要单独检查。",UNREVIEWED_CURRENT_SOURCE,统计学习方法讲义_v2.6.0_全量索引库.xlsx
M04-KN-SLM-15-01-004,KNOWLEDGE,知识点索引,444,SLM-15-01-004,src/讲义源码/第04册_无监督学习与矩阵分解/chapters/V4-C03.tex,194,545,中,符号密度较高；缺少一句话直觉桥；单段过长，需分层,"先说它解决什么：“奇异值分解基本定理”说明线性对象的维数、方向或几何作用，核心是先核对对象所在空间。
再给核心表述：derivationgoalbox 由$A^TA$的谱分解构造$V, ,U$，并验证三因子维数及$A=U V^T$。
然后落地对象与条件：逐一写清输入/变量属于什么集合，公式在哪些前提下成立。
最小自检：取二维向量或2×2矩阵逐项算一次，并在每个乘法前写出维数。
误区与边界：矩阵乘法通常不可交换；零向量、非满秩和非正定情形要单独检查。",UNREVIEWED_CURRENT_SOURCE,统计学习方法讲义_v2.6.0_全量索引库.xlsx
M04-KN-SLM-15-01-007,KNOWLEDGE,知识点索引,445,SLM-15-01-007,src/讲义源码/第04册_无监督学习与矩阵分解/chapters/V4-C03.tex,267,547,中,符号密度较高；缺少最小例/非例；缺少一句话直觉桥,"先说它解决什么：“奇异值分解的主要性质”说明线性对象的维数、方向或几何作用，核心是先核对对象所在空间。
再给核心表述：从$A=U V^T$出发， $ A^TA=V ^T V^T, AA^T=U ^TU^T. $ 因此$A^TA$与$AA^T$的非零特征值相同，均为 $ _1^2, , _r^2$。
然后落地对象与条件：逐一写清输入/变量属于什么集合，公式在哪些前提下成立。
最小自检：取二维向量或2×2矩阵逐项算一次，并在每个乘法前写出维数。
误区与边界：矩阵乘法通常不可交换；零向量、非满秩和非正定情形要单独检查。",UNREVIEWED_CURRENT_SOURCE,统计学习方法讲义_v2.6.0_全量索引库.xlsx
M04-KN-SLM-15-01-005,KNOWLEDGE,知识点索引,446,SLM-15-01-005,src/讲义源码/第04册_无监督学习与矩阵分解/chapters/V4-C03.tex,331,548,中,核心表述偏短；缺少最小例/非例；缺少一句话直觉桥,"先说它解决什么：“紧奇异值分解与截断奇异值分解”说明线性对象的维数、方向或几何作用，核心是先核对对象所在空间。
再给核心表述：
然后落地对象与条件：逐一写清输入/变量属于什么集合，公式在哪些前提下成立。
最小自检：取二维向量或2×2矩阵逐项算一次，并在每个乘法前写出维数。
误区与边界：矩阵乘法通常不可交换；零向量、非满秩和非正定情形要单独检查。",UNREVIEWED_CURRENT_SOURCE,统计学习方法讲义_v2.6.0_全量索引库.xlsx
M04-KN-SLM-15-02-001,KNOWLEDGE,知识点索引,447,SLM-15-02-001,src/讲义源码/第04册_无监督学习与矩阵分解/chapters/V4-C03.tex,332,548,低,符号密度较高,"先说它解决什么：“紧奇异值分解”说明线性对象的维数、方向或几何作用，核心是先核对对象所在空间。
再给核心表述：首次阅读检查：紧奇异值分解。
然后落地对象与条件：逐一写清输入/变量属于什么集合，公式在哪些前提下成立。
最小自检：取二维向量或2×2矩阵逐项算一次，并在每个乘法前写出维数。
误区与边界：矩阵乘法通常不可交换；零向量、非满秩和非正定情形要单独检查。",UNREVIEWED_CURRENT_SOURCE,统计学习方法讲义_v2.6.0_全量索引库.xlsx
M04-KN-SLM-15-03-001,KNOWLEDGE,知识点索引,448,SLM-15-03-001,src/讲义源码/第04册_无监督学习与矩阵分解/chapters/V4-C03.tex,409,550,低,符号密度较高,"先说它解决什么：“截断奇异值分解”说明线性对象的维数、方向或几何作用，核心是先核对对象所在空间。
再给核心表述：首次阅读检查：截断奇异值分解。
然后落地对象与条件：逐一写清输入/变量属于什么集合，公式在哪些前提下成立。
最小自检：取二维向量或2×2矩阵逐项算一次，并在每个乘法前写出维数。
误区与边界：矩阵乘法通常不可交换；零向量、非满秩和非正定情形要单独检查。",UNREVIEWED_CURRENT_SOURCE,统计学习方法讲义_v2.6.0_全量索引库.xlsx
M04-KN-SLM-15-02-002,KNOWLEDGE,知识点索引,449,SLM-15-02-002,src/讲义源码/第04册_无监督学习与矩阵分解/chapters/V4-C03.tex,453,548,中,符号密度较高；单段过长，需分层,"先说它解决什么：“奇异值分解的计算”应按输入、状态、初始化、一次更新、停止与输出六个角色来读。
再给核心表述：教学型构造可先对$A^TA$求特征分解，再令 $ _j= _j$和$u_j=Av_j/ _j$。
然后落地对象与条件：逐一写清输入/变量属于什么集合，公式在哪些前提下成立。
最小自检：用2—3个状态或样本手算一轮，把更新前后量并排列出。
误区与边界：预算耗尽、数值停止和数学收敛不是同一状态；候选失败时不能覆盖最后合法状态。",UNREVIEWED_CURRENT_SOURCE,统计学习方法讲义_v2.6.0_全量索引库.xlsx
M04-KN-SLM-15-03-002,KNOWLEDGE,知识点索引,450,SLM-15-03-002,src/讲义源码/第04册_无监督学习与矩阵分解/chapters/V4-C03.tex,576,553,中,核心表述偏短；缺少最小例/非例；缺少一句话直觉桥,"先说它解决什么：“奇异值分解与矩阵近似”说明线性对象的维数、方向或几何作用，核心是先核对对象所在空间。
再给核心表述：
然后落地对象与条件：逐一写清输入/变量属于什么集合，公式在哪些前提下成立。
最小自检：取二维向量或2×2矩阵逐项算一次，并在每个乘法前写出维数。
误区与边界：矩阵乘法通常不可交换；零向量、非满秩和非正定情形要单独检查。",UNREVIEWED_CURRENT_SOURCE,统计学习方法讲义_v2.6.0_全量索引库.xlsx
M04-KN-SLM-15-03-003,KNOWLEDGE,知识点索引,451,SLM-15-03-003,src/讲义源码/第04册_无监督学习与矩阵分解/chapters/V4-C03.tex,577,554,低,符号密度较高,"先说它解决什么：“弗罗贝尼乌斯范数”说明线性对象的维数、方向或几何作用，核心是先核对对象所在空间。
再给核心表述：首次阅读检查：Frobenius范数。
然后落地对象与条件：逐一写清输入/变量属于什么集合，公式在哪些前提下成立。
最小自检：取二维向量或2×2矩阵逐项算一次，并在每个乘法前写出维数。
误区与边界：矩阵乘法通常不可交换；零向量、非满秩和非正定情形要单独检查。",UNREVIEWED_CURRENT_SOURCE,统计学习方法讲义_v2.6.0_全量索引库.xlsx
M04-KN-SLM-15-03-004,KNOWLEDGE,知识点索引,452,SLM-15-03-004,src/讲义源码/第04册_无监督学习与矩阵分解/chapters/V4-C03.tex,637,555,中,核心表述偏短；缺少最小例/非例；缺少一句话直觉桥,"先说它解决什么：“矩阵的最优近似”说明线性对象的维数、方向或几何作用，核心是先核对对象所在空间。
再给核心表述：
然后落地对象与条件：逐一写清输入/变量属于什么集合，公式在哪些前提下成立。
最小自检：取二维向量或2×2矩阵逐项算一次，并在每个乘法前写出维数。
误区与边界：矩阵乘法通常不可交换；零向量、非满秩和非正定情形要单独检查。",UNREVIEWED_CURRENT_SOURCE,统计学习方法讲义_v2.6.0_全量索引库.xlsx
M04-KN-SLM-15-03-005,KNOWLEDGE,知识点索引,453,SLM-15-03-005,src/讲义源码/第04册_无监督学习与矩阵分解/chapters/V4-C03.tex,638,555,中,符号密度较高；缺少最小例/非例；缺少一句话直觉桥,"先说它解决什么：“截断SVD的低秩最优性”说明线性对象的维数、方向或几何作用，核心是先核对对象所在空间。
再给核心表述：4 首次阅读检查：Eckart--Young--Mirsky低秩最优性。
然后落地对象与条件：逐一写清输入/变量属于什么集合，公式在哪些前提下成立。
最小自检：取二维向量或2×2矩阵逐项算一次，并在每个乘法前写出维数。
误区与边界：矩阵乘法通常不可交换；零向量、非满秩和非正定情形要单独检查。",UNREVIEWED_CURRENT_SOURCE,统计学习方法讲义_v2.6.0_全量索引库.xlsx
M04-KN-SLM-15-01-006,KNOWLEDGE,知识点索引,454,SLM-15-01-006,src/讲义源码/第04册_无监督学习与矩阵分解/chapters/V4-C03.tex,754,554,低,符号密度较高,"先说它解决什么：“几何解释”说明线性对象的维数、方向或几何作用，核心是先核对对象所在空间。
再给核心表述：geometrybox 几何解释。
然后落地对象与条件：逐一写清输入/变量属于什么集合，公式在哪些前提下成立。
最小自检：取二维向量或2×2矩阵逐项算一次，并在每个乘法前写出维数。
误区与边界：矩阵乘法通常不可交换；零向量、非满秩和非正定情形要单独检查。",UNREVIEWED_CURRENT_SOURCE,统计学习方法讲义_v2.6.0_全量索引库.xlsx
M04-KN-SLM-15-03-006,KNOWLEDGE,知识点索引,455,SLM-15-03-006,src/讲义源码/第04册_无监督学习与矩阵分解/chapters/V4-C03.tex,770,558,中,符号密度较高；缺少最小例/非例,"先说它解决什么：“矩阵的外积展开式”用于说明概率量在支持集、条件化或归一化下如何定义与计算。
再给核心表述：将$U $按列、$V^T$按行分块，可得 $ A= _j=1^r _ju_jv_j^T. $ 每个$u_jv_j^T$是秩1矩阵，其$(a,b)$元素为$u_ajv_bj$。
然后落地对象与条件：逐一写清输入/变量属于什么集合，公式在哪些前提下成立。
最小自检：用两点或两类的最小分布代入一次，检查每项非负、总和为1，以及条件分母是否为正。
误区与边界：不要把密度值当作点概率，也不要在分母为0或支持集不匹配时继续套公式。",UNREVIEWED_CURRENT_SOURCE,统计学习方法讲义_v2.6.0_全量索引库.xlsx
M04-KN-SLM-16-00-001,KNOWLEDGE,知识点索引,456,SLM-16-00-001,src/讲义源码/第04册_无监督学习与矩阵分解/chapters/V4-C04.tex,133,570,中,核心表述偏短；缺少最小例/非例,"先说它解决什么：“主成分分析”用于说明概率量在支持集、条件化或归一化下如何定义与计算。
再给核心表述：主成分分析把高维观测映射到少数线性坐标。
然后落地对象与条件：逐一写清输入/变量属于什么集合，公式在哪些前提下成立。
最小自检：用两点或两类的最小分布代入一次，检查每项非负、总和为1，以及条件分母是否为正。
误区与边界：不要把密度值当作点概率，也不要在分母为0或支持集不匹配时继续套公式。",UNREVIEWED_CURRENT_SOURCE,统计学习方法讲义_v2.6.0_全量索引库.xlsx
M04-KN-SLM-16-01-001,KNOWLEDGE,知识点索引,457,SLM-16-01-001,src/讲义源码/第04册_无监督学习与矩阵分解/chapters/V4-C04.tex,136,568,中,符号密度较高；缺少一句话直觉桥,"先说它解决什么：“总体主成分分析”用于说明概率量在支持集、条件化或归一化下如何定义与计算。
再给核心表述：设$z=x- $，$ Ez=0$，$cov(z)= $。
然后落地对象与条件：逐一写清输入/变量属于什么集合，公式在哪些前提下成立。
最小自检：用两点或两类的最小分布代入一次，检查每项非负、总和为1，以及条件分母是否为正。
误区与边界：不要把密度值当作点概率，也不要在分母为0或支持集不匹配时继续套公式。",UNREVIEWED_CURRENT_SOURCE,统计学习方法讲义_v2.6.0_全量索引库.xlsx
M04-KN-SLM-16-01-002,KNOWLEDGE,知识点索引,458,SLM-16-01-002,src/讲义源码/第04册_无监督学习与矩阵分解/chapters/V4-C04.tex,149,568,低,符号密度较高,"先说它解决什么：“基本想法”说明线性对象的维数、方向或几何作用，核心是先核对对象所在空间。
再给核心表述：选择标准正交基$A=[ _1, , _m]$并令$y=A^ Tz$。
然后落地对象与条件：逐一写清输入/变量属于什么集合，公式在哪些前提下成立。
最小自检：取二维向量或2×2矩阵逐项算一次，并在每个乘法前写出维数。
误区与边界：矩阵乘法通常不可交换；零向量、非满秩和非正定情形要单独检查。",UNREVIEWED_CURRENT_SOURCE,统计学习方法讲义_v2.6.0_全量索引库.xlsx
M04-KN-SLM-16-01-003,KNOWLEDGE,知识点索引,459,SLM-16-01-003,src/讲义源码/第04册_无监督学习与矩阵分解/chapters/V4-C04.tex,157,568,低,符号密度较高,"先说它解决什么：“定义和导出”说明线性对象的维数、方向或几何作用，核心是先核对对象所在空间。
再给核心表述：第一主轴解决 $ _ R^m\ ^ T .t. ^ T =1. $ 后续主轴增加$ ^ T _j=0$的约束。
然后落地对象与条件：逐一写清输入/变量属于什么集合，公式在哪些前提下成立。
最小自检：取二维向量或2×2矩阵逐项算一次，并在每个乘法前写出维数。
误区与边界：矩阵乘法通常不可交换；零向量、非满秩和非正定情形要单独检查。",UNREVIEWED_CURRENT_SOURCE,统计学习方法讲义_v2.6.0_全量索引库.xlsx
M04-KN-SLM-16-01-004,KNOWLEDGE,知识点索引,460,SLM-16-01-004,src/讲义源码/第04册_无监督学习与矩阵分解/chapters/V4-C04.tex,171,570,低,符号密度较高,"先说它解决什么：先把“总体主成分定义”理解为一个需要明确对象、条件与结论的基础概念。
再给核心表述：首次阅读检查：总体主成分。
然后落地对象与条件：逐一写清输入/变量属于什么集合，公式在哪些前提下成立。
最小自检：给出一个满足定义的最小例和一个只破坏单一条件的非例。
误区与边界：不要只凭名称或图形相似作判断，应回到定义中的量词、作用域和条件。",UNREVIEWED_CURRENT_SOURCE,统计学习方法讲义_v2.6.0_全量索引库.xlsx
M04-KN-SLM-16-01-005,KNOWLEDGE,知识点索引,461,SLM-16-01-005,src/讲义源码/第04册_无监督学习与矩阵分解/chapters/V4-C04.tex,198,571,中,符号密度较高；缺少一句话直觉桥,"先说它解决什么：“协方差矩阵特征对刻画总体主成分”用于说明概率量在支持集、条件化或归一化下如何定义与计算。
再给核心表述：用 Rayleigh 商逐个得到最大方差方向及正交后续方向。
然后落地对象与条件：逐一写清输入/变量属于什么集合，公式在哪些前提下成立。
最小自检：用两点或两类的最小分布代入一次，检查每项非负、总和为1，以及条件分母是否为正。
误区与边界：不要把密度值当作点概率，也不要在分母为0或支持集不匹配时继续套公式。",UNREVIEWED_CURRENT_SOURCE,统计学习方法讲义_v2.6.0_全量索引库.xlsx
M04-KN-SLM-16-01-006,KNOWLEDGE,知识点索引,462,SLM-16-01-006,src/讲义源码/第04册_无监督学习与矩阵分解/chapters/V4-C04.tex,249,571,中,符号密度较高；缺少一句话直觉桥,"先说它解决什么：“总体主成分的主要性质”用于说明概率量在支持集、条件化或归一化下如何定义与计算。
再给核心表述：所有主成分两两不相关，总方差为$ _i _i=tr( )$；
然后落地对象与条件：逐一写清输入/变量属于什么集合，公式在哪些前提下成立。
最小自检：用两点或两类的最小分布代入一次，检查每项非负、总和为1，以及条件分母是否为正。
误区与边界：不要把密度值当作点概率，也不要在分母为0或支持集不匹配时继续套公式。",UNREVIEWED_CURRENT_SOURCE,统计学习方法讲义_v2.6.0_全量索引库.xlsx
M04-KN-SLM-16-01-007,KNOWLEDGE,知识点索引,463,SLM-16-01-007,src/讲义源码/第04册_无监督学习与矩阵分解/chapters/V4-C04.tex,261,571,中,符号密度较高；缺少最小例/非例；缺少一句话直觉桥,"先说它解决什么：“主成分个数”说明线性对象的维数、方向或几何作用，核心是先核对对象所在空间。
再给核心表述：若$rank( )=r$，只有$r$个特征值为正，因而至多有$r$个非退化主成分。
然后落地对象与条件：逐一写清输入/变量属于什么集合，公式在哪些前提下成立。
最小自检：取二维向量或2×2矩阵逐项算一次，并在每个乘法前写出维数。
误区与边界：矩阵乘法通常不可交换；零向量、非满秩和非正定情形要单独检查。",UNREVIEWED_CURRENT_SOURCE,统计学习方法讲义_v2.6.0_全量索引库.xlsx
M04-KN-SLM-16-01-008,KNOWLEDGE,知识点索引,464,SLM-16-01-008,src/讲义源码/第04册_无监督学习与矩阵分解/chapters/V4-C04.tex,264,571,中,符号密度较高；缺少一句话直觉桥,"先说它解决什么：“标准化变量的总体主成分分析”用于说明概率量在支持集、条件化或归一化下如何定义与计算。
再给核心表述：变量量纲差异很大且活动变量满足$ _jj>0$时，令$x_j^*=(x_j- _j)/ _jj$，再对相关矩阵$R_pop=cov(x^*)$做PCA。
然后落地对象与条件：逐一写清输入/变量属于什么集合，公式在哪些前提下成立。
最小自检：用两点或两类的最小分布代入一次，检查每项非负、总和为1，以及条件分母是否为正。
误区与边界：不要把密度值当作点概率，也不要在分母为0或支持集不匹配时继续套公式。",UNREVIEWED_CURRENT_SOURCE,统计学习方法讲义_v2.6.0_全量索引库.xlsx
M04-KN-SLM-16-02-001,KNOWLEDGE,知识点索引,465,SLM-16-02-001,src/讲义源码/第04册_无监督学习与矩阵分解/chapters/V4-C04.tex,272,573,高,核心表述偏短；成立条件未显式前置；缺少最小例/非例；缺少一句话直觉桥,"先说它解决什么：“前$q$个主成分具有最大方差”用于说明概率量在支持集、条件化或归一化下如何定义与计算。
再给核心表述：
然后落地对象与条件：逐一写清输入/变量属于什么集合，公式在哪些前提下成立。
最小自检：用两点或两类的最小分布代入一次，检查每项非负、总和为1，以及条件分母是否为正。
误区与边界：不要把密度值当作点概率，也不要在分母为0或支持集不匹配时继续套公式。",UNREVIEWED_CURRENT_SOURCE,统计学习方法讲义_v2.6.0_全量索引库.xlsx
M04-KN-SLM-16-03-002,KNOWLEDGE,知识点索引,466,SLM-16-03-002,src/讲义源码/第04册_无监督学习与矩阵分解/chapters/V4-C04.tex,309,574,低,符号密度较高,"先说它解决什么：“舍弃主成分具有最小信息损失”用于说明概率量在支持集、条件化或归一化下如何定义与计算。
再给核心表述：若用投影重构衡量信息损失，则保留前$q$维后的总体均方残差是$ _i=q+1^m _i$。
然后落地对象与条件：逐一写清输入/变量属于什么集合，公式在哪些前提下成立。
最小自检：用两点或两类的最小分布代入一次，检查每项非负、总和为1，以及条件分母是否为正。
误区与边界：不要把密度值当作点概率，也不要在分母为0或支持集不匹配时继续套公式。",UNREVIEWED_CURRENT_SOURCE,统计学习方法讲义_v2.6.0_全量索引库.xlsx
M04-KN-SLM-16-02-002,KNOWLEDGE,知识点索引,467,SLM-16-02-002,src/讲义源码/第04册_无监督学习与矩阵分解/chapters/V4-C04.tex,317,571,高,符号密度较高；成立条件未显式前置；缺少最小例/非例；缺少一句话直觉桥,"先说它解决什么：“方差贡献率”用于说明概率量在支持集、条件化或归一化下如何定义与计算。
再给核心表述：第$k$主成分的方差贡献率及前$q$维累计贡献率定义为 $ _k= _k _i=1^m _i, _1:q= _k=1^q _k _i=1^m _i. $ 只有在总方差大于零时这些比率才有定义。
然后落地对象与条件：逐一写清输入/变量属于什么集合，公式在哪些前提下成立。
最小自检：用两点或两类的最小分布代入一次，检查每项非负、总和为1，以及条件分母是否为正。
误区与边界：不要把密度值当作点概率，也不要在分母为0或支持集不匹配时继续套公式。",UNREVIEWED_CURRENT_SOURCE,统计学习方法讲义_v2.6.0_全量索引库.xlsx
M04-KN-SLM-16-03-001,KNOWLEDGE,知识点索引,468,SLM-16-03-001,src/讲义源码/第04册_无监督学习与矩阵分解/chapters/V4-C04.tex,326,571,中,符号密度较高；单段过长，需分层,"先说它解决什么：“前$k$个主成分对原变量的贡献率”用于说明概率量在支持集、条件化或归一化下如何定义与计算。
再给核心表述：对标准化变量，前$q$个主成分对第$j$个原变量的累计解释量为 $ _j^(q)= _k=1^q ^2(x_j^*,y_k) = _k=1^q _k _jk^2, $ 其范围为$[0,1]$。
然后落地对象与条件：逐一写清输入/变量属于什么集合，公式在哪些前提下成立。
最小自检：用两点或两类的最小分布代入一次，检查每项非负、总和为1，以及条件分母是否为正。
误区与边界：不要把密度值当作点概率，也不要在分母为0或支持集不匹配时继续套公式。",UNREVIEWED_CURRENT_SOURCE,统计学习方法讲义_v2.6.0_全量索引库.xlsx
M04-KN-SLM-16-02-004,KNOWLEDGE,知识点索引,469,SLM-16-02-004,src/讲义源码/第04册_无监督学习与矩阵分解/chapters/V4-C04.tex,360,575,低,符号密度较高,"先说它解决什么：“样本主成分分析”用于说明概率量在支持集、条件化或归一化下如何定义与计算。
再给核心表述：给定样本$x_1, ,x_n R^m$，令$ x=n^-1 _j=1^n x_j$。
然后落地对象与条件：逐一写清输入/变量属于什么集合，公式在哪些前提下成立。
最小自检：用两点或两类的最小分布代入一次，检查每项非负、总和为1，以及条件分母是否为正。
误区与边界：不要把密度值当作点概率，也不要在分母为0或支持集不匹配时继续套公式。",UNREVIEWED_CURRENT_SOURCE,统计学习方法讲义_v2.6.0_全量索引库.xlsx
M04-KN-SLM-16-02-003,KNOWLEDGE,知识点索引,470,SLM-16-02-003,src/讲义源码/第04册_无监督学习与矩阵分解/chapters/V4-C04.tex,377,576,中,核心表述偏短；缺少最小例/非例；缺少一句话直觉桥,"先说它解决什么：先把“样本主成分的定义和性质”理解为一个需要明确对象、条件与结论的基础概念。
再给核心表述：
然后落地对象与条件：逐一写清输入/变量属于什么集合，公式在哪些前提下成立。
最小自检：给出一个满足定义的最小例和一个只破坏单一条件的非例。
误区与边界：不要只凭名称或图形相似作判断，应回到定义中的量词、作用域和条件。",UNREVIEWED_CURRENT_SOURCE,统计学习方法讲义_v2.6.0_全量索引库.xlsx
M04-KN-SLM-16-02-005,KNOWLEDGE,知识点索引,471,SLM-16-02-005,src/讲义源码/第04册_无监督学习与矩阵分解/chapters/V4-C04.tex,400,576,中,符号密度较高；缺少一句话直觉桥,"先说它解决什么：“样本主成分的定义和性质”应按输入、状态、初始化、一次更新、停止与输出六个角色来读。
再给核心表述：若各变量单位不可比，对满足$ _j$大于尺度容差的活动变量，用仅由训练集估计的标准差构造$Z_j =(X_j - x_j)/ _j$，再分解$R=ZZ^ T/(n-1)$；
然后落地对象与条件：逐一写清输入/变量属于什么集合，公式在哪些前提下成立。
最小自检：用2—3个状态或样本手算一轮，把更新前后量并排列出。
误区与边界：预算耗尽、数值停止和数学收敛不是同一状态；候选失败时不能覆盖最后合法状态。",UNREVIEWED_CURRENT_SOURCE,统计学习方法讲义_v2.6.0_全量索引库.xlsx
M04-KN-SLM-16-04-001,KNOWLEDGE,知识点索引,472,SLM-16-04-001,src/讲义源码/第04册_无监督学习与矩阵分解/chapters/V4-C04.tex,411,577,中,符号密度较高；成立条件未显式前置；缺少一句话直觉桥,"先说它解决什么：“样本主成分的方差最大化刻画”应按输入、状态、初始化、一次更新、停止与输出六个角色来读。
再给核心表述：样本算法的核心顺序是：中心化或标准化、求谱、按特征值排序、选择$q$、计算得分并保存重构所需的均值和主轴。
然后落地对象与条件：逐一写清输入/变量属于什么集合，公式在哪些前提下成立。
最小自检：用2—3个状态或样本手算一轮，把更新前后量并排列出。
误区与边界：预算耗尽、数值停止和数学收敛不是同一状态；候选失败时不能覆盖最后合法状态。",UNREVIEWED_CURRENT_SOURCE,统计学习方法讲义_v2.6.0_全量索引库.xlsx
M04-KN-SLM-16-02-007,KNOWLEDGE,知识点索引,473,SLM-16-02-007,src/讲义源码/第04册_无监督学习与矩阵分解/chapters/V4-C04.tex,493,579,中,符号密度较高；缺少一句话直觉桥,"先说它解决什么：“数据矩阵的奇异值分解算法”应按输入、状态、初始化、一次更新、停止与输出六个角色来读。
再给核心表述：令$X_c=U V^ T$为秩$r$的紧致SVD，其中$U R^m r$、$V R^n r$，$ =diag( _1, , _r)$。
然后落地对象与条件：逐一写清输入/变量属于什么集合，公式在哪些前提下成立。
最小自检：用2—3个状态或样本手算一轮，把更新前后量并排列出。
误区与边界：预算耗尽、数值停止和数学收敛不是同一状态；候选失败时不能覆盖最后合法状态。",UNREVIEWED_CURRENT_SOURCE,统计学习方法讲义_v2.6.0_全量索引库.xlsx
M04-KN-SLM-16-02-006,KNOWLEDGE,知识点索引,474,SLM-16-02-006,src/讲义源码/第04册_无监督学习与矩阵分解/chapters/V4-C04.tex,514,579,中,符号密度较高；单段过长，需分层,"先说它解决什么：“相关矩阵的特征值分解算法”应按输入、状态、初始化、一次更新、停止与输出六个角色来读。
再给核心表述：算法所需量与计算结果。
然后落地对象与条件：逐一写清输入/变量属于什么集合，公式在哪些前提下成立。
最小自检：用2—3个状态或样本手算一轮，把更新前后量并排列出。
误区与边界：预算耗尽、数值停止和数学收敛不是同一状态；候选失败时不能覆盖最后合法状态。",UNREVIEWED_CURRENT_SOURCE,统计学习方法讲义_v2.6.0_全量索引库.xlsx
M04-KN-SLM-16-01-009,KNOWLEDGE,知识点索引,475,SLM-16-01-009,src/讲义源码/第04册_无监督学习与矩阵分解/chapters/V4-C04.tex,641,579,高,核心表述偏短；成立条件未显式前置；缺少最小例/非例；缺少一句话直觉桥,"先说它解决什么：“主成分分析算法”应按输入、状态、初始化、一次更新、停止与输出六个角色来读。
再给核心表述：6
然后落地对象与条件：逐一写清输入/变量属于什么集合，公式在哪些前提下成立。
最小自检：用2—3个状态或样本手算一轮，把更新前后量并排列出。
误区与边界：预算耗尽、数值停止和数学收敛不是同一状态；候选失败时不能覆盖最后合法状态。",UNREVIEWED_CURRENT_SOURCE,统计学习方法讲义_v2.6.0_全量索引库.xlsx
M04-KN-PRE-TM-001,KNOWLEDGE,知识点索引,476,PRE-TM-001,src/讲义源码/第04册_无监督学习与矩阵分解/chapters/V4-C05.tex,119,592,中,符号密度较高；缺少一句话直觉桥；单段过长，需分层,"先说它解决什么：“文档—单词矩阵与词袋表示”说明线性对象的维数、方向或几何作用，核心是先核对对象所在空间。
再给核心表述：一篇文本先被分词并映射到固定词表$ V=\w_1, ,w_m\$。
然后落地对象与条件：逐一写清输入/变量属于什么集合，公式在哪些前提下成立。
最小自检：取二维向量或2×2矩阵逐项算一次，并在每个乘法前写出维数。
误区与边界：矩阵乘法通常不可交换；零向量、非满秩和非正定情形要单独检查。",UNREVIEWED_CURRENT_SOURCE,统计学习方法讲义_v2.6.0_全量索引库.xlsx
M04-KN-SLM-17-00-001,KNOWLEDGE,知识点索引,477,SLM-17-00-001,src/讲义源码/第04册_无监督学习与矩阵分解/chapters/V4-C05.tex,146,592,中,核心表述偏短；缺少最小例/非例；缺少一句话直觉桥,"先说它解决什么：先把“潜在语义分析”理解为一个需要明确对象、条件与结论的基础概念。
再给核心表述：
然后落地对象与条件：逐一写清输入/变量属于什么集合，公式在哪些前提下成立。
最小自检：给出一个满足定义的最小例和一个只破坏单一条件的非例。
误区与边界：不要只凭名称或图形相似作判断，应回到定义中的量词、作用域和条件。",UNREVIEWED_CURRENT_SOURCE,统计学习方法讲义_v2.6.0_全量索引库.xlsx
M04-KN-SLM-17-01-001,KNOWLEDGE,知识点索引,478,SLM-17-01-001,src/讲义源码/第04册_无监督学习与矩阵分解/chapters/V4-C05.tex,147,593,中,符号密度较高；缺少一句话直觉桥,"先说它解决什么：“单词向量空间与话题向量空间”说明线性对象的维数、方向或几何作用，核心是先核对对象所在空间。
再给核心表述：单词空间用两篇文本的内积$x_p^Tx_q$或 $ (x_p,x_q)= x_p^Tx_q\|x_p\|_2\|x_q\|_2 $ 衡量两篇非零文本的相似度。
然后落地对象与条件：逐一写清输入/变量属于什么集合，公式在哪些前提下成立。
最小自检：取二维向量或2×2矩阵逐项算一次，并在每个乘法前写出维数。
误区与边界：矩阵乘法通常不可交换；零向量、非满秩和非正定情形要单独检查。",UNREVIEWED_CURRENT_SOURCE,统计学习方法讲义_v2.6.0_全量索引库.xlsx
M04-KN-SLM-17-01-002,KNOWLEDGE,知识点索引,479,SLM-17-01-002,src/讲义源码/第04册_无监督学习与矩阵分解/chapters/V4-C05.tex,159,593,中,符号密度较高；缺少最小例/非例；缺少一句话直觉桥,"先说它解决什么：“单词向量空间”说明线性对象的维数、方向或几何作用，核心是先核对对象所在空间。
再给核心表述：在单词空间中，每个坐标轴对应一个词，维数为$m$；
然后落地对象与条件：逐一写清输入/变量属于什么集合，公式在哪些前提下成立。
最小自检：取二维向量或2×2矩阵逐项算一次，并在每个乘法前写出维数。
误区与边界：矩阵乘法通常不可交换；零向量、非满秩和非正定情形要单独检查。",UNREVIEWED_CURRENT_SOURCE,统计学习方法讲义_v2.6.0_全量索引库.xlsx
M04-KN-SLM-17-01-003,KNOWLEDGE,知识点索引,480,SLM-17-01-003,src/讲义源码/第04册_无监督学习与矩阵分解/chapters/V4-C05.tex,185,591,中,符号密度较高；单段过长，需分层,"先说它解决什么：“话题向量空间”应按输入、状态、初始化、一次更新、停止与输出六个角色来读。
再给核心表述：模型。
然后落地对象与条件：逐一写清输入/变量属于什么集合，公式在哪些前提下成立。
最小自检：用2—3个状态或样本手算一轮，把更新前后量并排列出。
误区与边界：预算耗尽、数值停止和数学收敛不是同一状态；候选失败时不能覆盖最后合法状态。",UNREVIEWED_CURRENT_SOURCE,统计学习方法讲义_v2.6.0_全量索引库.xlsx
M04-KN-SLM-17-02-001,KNOWLEDGE,知识点索引,481,SLM-17-02-001,src/讲义源码/第04册_无监督学习与矩阵分解/chapters/V4-C05.tex,218,595,高,核心表述偏短；成立条件未显式前置；缺少最小例/非例；缺少一句话直觉桥,"先说它解决什么：“潜在语义分析算法”应按输入、状态、初始化、一次更新、停止与输出六个角色来读。
再给核心表述：
然后落地对象与条件：逐一写清输入/变量属于什么集合，公式在哪些前提下成立。
最小自检：用2—3个状态或样本手算一轮，把更新前后量并排列出。
误区与边界：预算耗尽、数值停止和数学收敛不是同一状态；候选失败时不能覆盖最后合法状态。",UNREVIEWED_CURRENT_SOURCE,统计学习方法讲义_v2.6.0_全量索引库.xlsx
M04-KN-SLM-17-02-002,KNOWLEDGE,知识点索引,482,SLM-17-02-002,src/讲义源码/第04册_无监督学习与矩阵分解/chapters/V4-C05.tex,219,595,中,符号密度较高；缺少一句话直觉桥,"先说它解决什么：“矩阵奇异值分解算法”应按输入、状态、初始化、一次更新、停止与输出六个角色来读。
再给核心表述：derivationgoalbox 从截断SVD推出训练文本和新文本的话题坐标，并核对投影、坐标与重构的尺寸。
然后落地对象与条件：逐一写清输入/变量属于什么集合，公式在哪些前提下成立。
最小自检：用2—3个状态或样本手算一轮，把更新前后量并排列出。
误区与边界：预算耗尽、数值停止和数学收敛不是同一状态；候选失败时不能覆盖最后合法状态。",UNREVIEWED_CURRENT_SOURCE,统计学习方法讲义_v2.6.0_全量索引库.xlsx
M04-KN-SLM-17-03-001,KNOWLEDGE,知识点索引,483,SLM-17-03-001,src/讲义源码/第04册_无监督学习与矩阵分解/chapters/V4-C05.tex,302,596,高,核心表述偏短；成立条件未显式前置；缺少最小例/非例；缺少一句话直觉桥,"先说它解决什么：“非负矩阵分解算法”应按输入、状态、初始化、一次更新、停止与输出六个角色来读。
再给核心表述：
然后落地对象与条件：逐一写清输入/变量属于什么集合，公式在哪些前提下成立。
最小自检：用2—3个状态或样本手算一轮，把更新前后量并排列出。
误区与边界：预算耗尽、数值停止和数学收敛不是同一状态；候选失败时不能覆盖最后合法状态。",UNREVIEWED_CURRENT_SOURCE,统计学习方法讲义_v2.6.0_全量索引库.xlsx
M04-KN-SLM-17-03-002,KNOWLEDGE,知识点索引,484,SLM-17-03-002,src/讲义源码/第04册_无监督学习与矩阵分解/chapters/V4-C05.tex,303,596,低,符号密度较高,"先说它解决什么：“非负矩阵分解”说明线性对象的维数、方向或几何作用，核心是先核对对象所在空间。
再给核心表述：首次阅读检查：非负矩阵分解。
然后落地对象与条件：逐一写清输入/变量属于什么集合，公式在哪些前提下成立。
最小自检：取二维向量或2×2矩阵逐项算一次，并在每个乘法前写出维数。
误区与边界：矩阵乘法通常不可交换；零向量、非满秩和非正定情形要单独检查。",UNREVIEWED_CURRENT_SOURCE,统计学习方法讲义_v2.6.0_全量索引库.xlsx
M04-KN-SLM-17-03-003,KNOWLEDGE,知识点索引,485,SLM-17-03-003,src/讲义源码/第04册_无监督学习与矩阵分解/chapters/V4-C05.tex,327,597,低,缺少最小例/非例,"先说它解决什么：“潜在语义分析模型”用于说明概率量在支持集、条件化或归一化下如何定义与计算。
再给核心表述：NMF用于话题分析时，以$W$的列表示词在话题中的权重，以$H$的列表示文本的话题强度。
然后落地对象与条件：逐一写清输入/变量属于什么集合，公式在哪些前提下成立。
最小自检：用两点或两类的最小分布代入一次，检查每项非负、总和为1，以及条件分母是否为正。
误区与边界：不要把密度值当作点概率，也不要在分母为0或支持集不匹配时继续套公式。",UNREVIEWED_CURRENT_SOURCE,统计学习方法讲义_v2.6.0_全量索引库.xlsx
M04-KN-SLM-17-03-004,KNOWLEDGE,知识点索引,486,SLM-17-03-004,src/讲义源码/第04册_无监督学习与矩阵分解/chapters/V4-C05.tex,330,596,中,符号密度较高；单段过长，需分层,"先说它解决什么：“非负矩阵分解的形式化”应按输入、状态、初始化、一次更新、停止与输出六个角色来读。
再给核心表述：常用目标有两类： $ J_F(W,H)= 12\|X-WH\|_F^2, W,H 0, $ 以及 $ D(X WH)= _i=1^m _j=1^n , W,H 0. $ 约定$x_ij=0$时首项为0；
然后落地对象与条件：逐一写清输入/变量属于什么集合，公式在哪些前提下成立。
最小自检：用2—3个状态或样本手算一轮，把更新前后量并排列出。
误区与边界：预算耗尽、数值停止和数学收敛不是同一状态；候选失败时不能覆盖最后合法状态。",UNREVIEWED_CURRENT_SOURCE,统计学习方法讲义_v2.6.0_全量索引库.xlsx
M04-KN-SLM-17-01-004,KNOWLEDGE,知识点索引,487,SLM-17-01-004,src/讲义源码/第04册_无监督学习与矩阵分解/chapters/V4-C05.tex,557,602,高,核心表述偏短；成立条件未显式前置；缺少最小例/非例；缺少一句话直觉桥,"先说它解决什么：“平方损失下的乘法更新规则”应按输入、状态、初始化、一次更新、停止与输出六个角色来读。
再给核心表述：
然后落地对象与条件：逐一写清输入/变量属于什么集合，公式在哪些前提下成立。
最小自检：用2—3个状态或样本手算一轮，把更新前后量并排列出。
误区与边界：预算耗尽、数值停止和数学收敛不是同一状态；候选失败时不能覆盖最后合法状态。",UNREVIEWED_CURRENT_SOURCE,统计学习方法讲义_v2.6.0_全量索引库.xlsx
M04-KN-SLM-17-02-004,KNOWLEDGE,知识点索引,488,SLM-17-02-004,src/讲义源码/第04册_无监督学习与矩阵分解/chapters/V4-C05.tex,558,602,高,核心表述偏短；成立条件未显式前置；缺少最小例/非例；缺少一句话直觉桥,"先说它解决什么：“散度损失下的乘法更新规则”应按输入、状态、初始化、一次更新、停止与输出六个角色来读。
再给核心表述：
然后落地对象与条件：逐一写清输入/变量属于什么集合，公式在哪些前提下成立。
最小自检：用2—3个状态或样本手算一轮，把更新前后量并排列出。
误区与边界：预算耗尽、数值停止和数学收敛不是同一状态；候选失败时不能覆盖最后合法状态。",UNREVIEWED_CURRENT_SOURCE,统计学习方法讲义_v2.6.0_全量索引库.xlsx
M04-KN-SLM-17-03-005,KNOWLEDGE,知识点索引,489,SLM-17-03-005,src/讲义源码/第04册_无监督学习与矩阵分解/chapters/V4-C05.tex,559,596,高,核心表述偏短；成立条件未显式前置；缺少最小例/非例；缺少一句话直觉桥,"先说它解决什么：“非负矩阵分解算法”应按输入、状态、初始化、一次更新、停止与输出六个角色来读。
再给核心表述：
然后落地对象与条件：逐一写清输入/变量属于什么集合，公式在哪些前提下成立。
最小自检：用2—3个状态或样本手算一轮，把更新前后量并排列出。
误区与边界：预算耗尽、数值停止和数学收敛不是同一状态；候选失败时不能覆盖最后合法状态。",UNREVIEWED_CURRENT_SOURCE,统计学习方法讲义_v2.6.0_全量索引库.xlsx
M04-KN-SLM-17-01-005,KNOWLEDGE,知识点索引,490,SLM-17-01-005,src/讲义源码/第04册_无监督学习与矩阵分解/chapters/V4-C05.tex,560,602,中,符号密度较高；缺少一句话直觉桥；单段过长，需分层,"先说它解决什么：“非负矩阵分解的迭代算法”应按输入、状态、初始化、一次更新、停止与输出六个角色来读。
再给核心表述：首次阅读检查：算法菜单。
然后落地对象与条件：逐一写清输入/变量属于什么集合，公式在哪些前提下成立。
最小自检：用2—3个状态或样本手算一轮，把更新前后量并排列出。
误区与边界：预算耗尽、数值停止和数学收敛不是同一状态；候选失败时不能覆盖最后合法状态。",UNREVIEWED_CURRENT_SOURCE,统计学习方法讲义_v2.6.0_全量索引库.xlsx
M04-KN-SLM-17-02-003,KNOWLEDGE,知识点索引,491,SLM-17-02-003,src/讲义源码/第04册_无监督学习与矩阵分解/chapters/V4-C05.tex,802,608,中,核心表述偏短；缺少最小例/非例；缺少一句话直觉桥,"先说它解决什么：先把“潜在语义分析数值例子”理解为一个需要明确对象、条件与结论的基础概念。
再给核心表述：6
然后落地对象与条件：逐一写清输入/变量属于什么集合，公式在哪些前提下成立。
最小自检：给出一个满足定义的最小例和一个只破坏单一条件的非例。
误区与边界：不要只凭名称或图形相似作判断，应回到定义中的量词、作用域和条件。",UNREVIEWED_CURRENT_SOURCE,统计学习方法讲义_v2.6.0_全量索引库.xlsx
M04-KN-PRE-TM-002,KNOWLEDGE,知识点索引,492,PRE-TM-002,src/讲义源码/第04册_无监督学习与矩阵分解/chapters/V4-C06.tex,133,617,中,符号密度较高；缺少一句话直觉桥,"先说它解决什么：“潜在主题、混合分布与文档表示”用于说明概率量在支持集、条件化或归一化下如何定义与计算。
再给核心表述：一篇文档不必只属于一个主题。
然后落地对象与条件：逐一写清输入/变量属于什么集合，公式在哪些前提下成立。
最小自检：用两点或两类的最小分布代入一次，检查每项非负、总和为1，以及条件分母是否为正。
误区与边界：不要把密度值当作点概率，也不要在分母为0或支持集不匹配时继续套公式。",UNREVIEWED_CURRENT_SOURCE,统计学习方法讲义_v2.6.0_全量索引库.xlsx
M04-KN-SLM-18-00-001,KNOWLEDGE,知识点索引,493,SLM-18-00-001,src/讲义源码/第04册_无监督学习与矩阵分解/chapters/V4-C06.tex,145,618,中,符号密度较高；缺少一句话直觉桥,"先说它解决什么：“概率潜在语义分析”应按输入、状态、初始化、一次更新、停止与输出六个角色来读。
再给核心表述：概率潜在语义分析（probabilistic latent semantic analysis，本文统一简称PLSA；
然后落地对象与条件：逐一写清输入/变量属于什么集合，公式在哪些前提下成立。
最小自检：用2—3个状态或样本手算一轮，把更新前后量并排列出。
误区与边界：预算耗尽、数值停止和数学收敛不是同一状态；候选失败时不能覆盖最后合法状态。",UNREVIEWED_CURRENT_SOURCE,统计学习方法讲义_v2.6.0_全量索引库.xlsx
M04-KN-SLM-18-01-001,KNOWLEDGE,知识点索引,494,SLM-18-01-001,src/讲义源码/第04册_无监督学习与矩阵分解/chapters/V4-C06.tex,154,618,低,符号密度较高,"先说它解决什么：“概率潜在语义分析模型”用于说明概率量在支持集、条件化或归一化下如何定义与计算。
再给核心表述：首次阅读检查：PLSA生成模型。
然后落地对象与条件：逐一写清输入/变量属于什么集合，公式在哪些前提下成立。
最小自检：用两点或两类的最小分布代入一次，检查每项非负、总和为1，以及条件分母是否为正。
误区与边界：不要把密度值当作点概率，也不要在分母为0或支持集不匹配时继续套公式。",UNREVIEWED_CURRENT_SOURCE,统计学习方法讲义_v2.6.0_全量索引库.xlsx
M04-KN-SLM-18-01-002,KNOWLEDGE,知识点索引,495,SLM-18-01-002,src/讲义源码/第04册_无监督学习与矩阵分解/chapters/V4-C06.tex,198,619,中,符号密度较高；单段过长，需分层,"先说它解决什么：“PLSA的基本思想”应按输入、状态、初始化、一次更新、停止与输出六个角色来读。
再给核心表述：主题不是预先给定的词表标签，而是通过共现模式估计的概率分布。
然后落地对象与条件：逐一写清输入/变量属于什么集合，公式在哪些前提下成立。
最小自检：用2—3个状态或样本手算一轮，把更新前后量并排列出。
误区与边界：预算耗尽、数值停止和数学收敛不是同一状态；候选失败时不能覆盖最后合法状态。",UNREVIEWED_CURRENT_SOURCE,统计学习方法讲义_v2.6.0_全量索引库.xlsx
M04-KN-SLM-18-01-003,KNOWLEDGE,知识点索引,496,SLM-18-01-003,src/讲义源码/第04册_无监督学习与矩阵分解/chapters/V4-C06.tex,232,620,中,符号密度较高；成立条件未显式前置；缺少一句话直觉桥,"先说它解决什么：“PLSA生成模型”说明线性对象的维数、方向或几何作用，核心是先核对对象所在空间。
再给核心表述：对长度为$L_j$的文档$d_j$，固定文档指标后重复$L_j$次“主题--单词”抽取。
然后落地对象与条件：逐一写清输入/变量属于什么集合，公式在哪些前提下成立。
最小自检：取二维向量或2×2矩阵逐项算一次，并在每个乘法前写出维数。
误区与边界：矩阵乘法通常不可交换；零向量、非满秩和非正定情形要单独检查。",UNREVIEWED_CURRENT_SOURCE,统计学习方法讲义_v2.6.0_全量索引库.xlsx
M04-KN-SLM-18-01-004,KNOWLEDGE,知识点索引,497,SLM-18-01-004,src/讲义源码/第04册_无监督学习与矩阵分解/chapters/V4-C06.tex,239,620,中,符号密度较高；成立条件未显式前置；缺少一句话直觉桥,"先说它解决什么：“PLSA共现模型”说明线性对象的维数、方向或几何作用，核心是先核对对象所在空间。
再给核心表述：另一种参数化先取$z $，再在给定$z$时独立抽取$w _:z$和$d _:z$： $ P(w_i,d_j)= _k=1^K _k _ik _jk, P(w_i,d_j z_k)= _ik _jk. $ 其中$ _k=P(z_k)$，$ _jk=P(d_j z_k)$。
然后落地对象与条件：逐一写清输入/变量属于什么集合，公式在哪些前提下成立。
最小自检：取二维向量或2×2矩阵逐项算一次，并在每个乘法前写出维数。
误区与边界：矩阵乘法通常不可交换；零向量、非满秩和非正定情形要单独检查。",UNREVIEWED_CURRENT_SOURCE,统计学习方法讲义_v2.6.0_全量索引库.xlsx
M04-KN-SLM-18-01-005,KNOWLEDGE,知识点索引,498,SLM-18-01-005,src/讲义源码/第04册_无监督学习与矩阵分解/chapters/V4-C06.tex,275,621,中,符号密度较高；单段过长，需分层,"先说它解决什么：“PLSA模型性质”应按输入、状态、初始化、一次更新、停止与输出六个角色来读。
再给核心表述：固定经验文档概率$ _j$后，参数相关的观测对数似然写为 $ ( , ) = _i=1^M _j=1^N n_ij ( _k=1^K _ik _kj ). $ 和式内部混合了未观测主题，无法把$ $与$ $分开优化。
然后落地对象与条件：逐一写清输入/变量属于什么集合，公式在哪些前提下成立。
最小自检：用2—3个状态或样本手算一轮，把更新前后量并排列出。
误区与边界：预算耗尽、数值停止和数学收敛不是同一状态；候选失败时不能覆盖最后合法状态。",UNREVIEWED_CURRENT_SOURCE,统计学习方法讲义_v2.6.0_全量索引库.xlsx
M04-KN-SLM-18-02-001,KNOWLEDGE,知识点索引,499,SLM-18-02-001,src/讲义源码/第04册_无监督学习与矩阵分解/chapters/V4-C06.tex,311,622,高,核心表述偏短；成立条件未显式前置；缺少最小例/非例；缺少一句话直觉桥,"先说它解决什么：“PLSA算法”应按输入、状态、初始化、一次更新、停止与输出六个角色来读。
再给核心表述：
然后落地对象与条件：逐一写清输入/变量属于什么集合，公式在哪些前提下成立。
最小自检：用2—3个状态或样本手算一轮，把更新前后量并排列出。
误区与边界：预算耗尽、数值停止和数学收敛不是同一状态；候选失败时不能覆盖最后合法状态。",UNREVIEWED_CURRENT_SOURCE,统计学习方法讲义_v2.6.0_全量索引库.xlsx
M04-KN-SLM-18-01-006,KNOWLEDGE,知识点索引,500,SLM-18-01-006,src/讲义源码/第04册_无监督学习与矩阵分解/chapters/V4-C06.tex,312,622,高,符号密度较高；缺少最小例/非例；缺少一句话直觉桥；单段过长，需分层,"先说它解决什么：“PLSA参数估计的EM算法”应按输入、状态、初始化、一次更新、停止与输出六个角色来读。
再给核心表述：用主题责任度拆开对数和，再在两组概率单纯形上归一化期望计数。
然后落地对象与条件：逐一写清输入/变量属于什么集合，公式在哪些前提下成立。
最小自检：用2—3个状态或样本手算一轮，把更新前后量并排列出。
误区与边界：预算耗尽、数值停止和数学收敛不是同一状态；候选失败时不能覆盖最后合法状态。",UNREVIEWED_CURRENT_SOURCE,统计学习方法讲义_v2.6.0_全量索引库.xlsx
M04-KN-SLM-19-01-006,KNOWLEDGE,知识点索引,501,SLM-19-01-006,src/讲义源码/第05册_采样方法主题模型与图排序/chapters/V5-C01.tex,124,643,高,核心表述偏短；成立条件未显式前置；缺少最小例/非例；缺少一句话直觉桥,"先说它解决什么：“马尔可夫链的随机过程表述”用于说明概率量在支持集、条件化或归一化下如何定义与计算。
再给核心表述：
然后落地对象与条件：逐一写清输入/变量属于什么集合，公式在哪些前提下成立。
最小自检：用两点或两类的最小分布代入一次，检查每项非负、总和为1，以及条件分母是否为正。
误区与边界：不要把密度值当作点概率，也不要在分母为0或支持集不匹配时继续套公式。",UNREVIEWED_CURRENT_SOURCE,统计学习方法讲义_v2.6.0_全量索引库.xlsx
M04-KN-SLM-19-02-001,KNOWLEDGE,知识点索引,502,SLM-19-02-001,src/讲义源码/第05册_采样方法主题模型与图排序/chapters/V5-C01.tex,125,643,中,核心表述偏短；缺少最小例/非例；缺少一句话直觉桥,"先说它解决什么：先把“马尔可夫性质与时齐转移”理解为一个需要明确对象、条件与结论的基础概念。
再给核心表述：
然后落地对象与条件：逐一写清输入/变量属于什么集合，公式在哪些前提下成立。
最小自检：给出一个满足定义的最小例和一个只破坏单一条件的非例。
误区与边界：不要只凭名称或图形相似作判断，应回到定义中的量词、作用域和条件。",UNREVIEWED_CURRENT_SOURCE,统计学习方法讲义_v2.6.0_全量索引库.xlsx
M04-KN-SLM-19-02-002,KNOWLEDGE,知识点索引,503,SLM-19-02-002,src/讲义源码/第05册_采样方法主题模型与图排序/chapters/V5-C01.tex,135,644,低,符号密度较高,"先说它解决什么：先把“马尔可夫性质”理解为一个需要明确对象、条件与结论的基础概念。
再给核心表述：首次阅读检查：一阶马尔可夫性质：有限/可数状态主线。
然后落地对象与条件：逐一写清输入/变量属于什么集合，公式在哪些前提下成立。
最小自检：给出一个满足定义的最小例和一个只破坏单一条件的非例。
误区与边界：不要只凭名称或图形相似作判断，应回到定义中的量词、作用域和条件。",UNREVIEWED_CURRENT_SOURCE,统计学习方法讲义_v2.6.0_全量索引库.xlsx
M04-KN-SLM-19-02-003,KNOWLEDGE,知识点索引,504,SLM-19-02-003,src/讲义源码/第05册_采样方法主题模型与图排序/chapters/V5-C01.tex,189,642,高,符号密度较高；缺少最小例/非例；缺少一句话直觉桥；单段过长，需分层,"先说它解决什么：“离散状态马尔可夫链”用于说明概率量在支持集、条件化或归一化下如何定义与计算。
再给核心表述：设有限状态空间为$ S=\1, ,n\$。
然后落地对象与条件：逐一写清输入/变量属于什么集合，公式在哪些前提下成立。
最小自检：用两点或两类的最小分布代入一次，检查每项非负、总和为1，以及条件分母是否为正。
误区与边界：不要把密度值当作点概率，也不要在分母为0或支持集不匹配时继续套公式。",UNREVIEWED_CURRENT_SOURCE,统计学习方法讲义_v2.6.0_全量索引库.xlsx
M04-KN-SLM-19-02-005,KNOWLEDGE,知识点索引,505,SLM-19-02-005,src/讲义源码/第05册_采样方法主题模型与图排序/chapters/V5-C01.tex,257,647,中,符号密度较高；单段过长，需分层,"先说它解决什么：“连续状态马尔可夫链”用于说明概率量在支持集、条件化或归一化下如何定义与计算。
再给核心表述：进阶：一般可测状态空间。
然后落地对象与条件：逐一写清输入/变量属于什么集合，公式在哪些前提下成立。
最小自检：用两点或两类的最小分布代入一次，检查每项非负、总和为1，以及条件分母是否为正。
误区与边界：不要把密度值当作点概率，也不要在分母为0或支持集不匹配时继续套公式。",UNREVIEWED_CURRENT_SOURCE,统计学习方法讲义_v2.6.0_全量索引库.xlsx
M04-KN-SLM-19-02-004,KNOWLEDGE,知识点索引,506,SLM-19-02-004,src/讲义源码/第05册_采样方法主题模型与图排序/chapters/V5-C01.tex,300,647,高,核心表述偏短；成立条件未显式前置；缺少最小例/非例；缺少一句话直觉桥,"先说它解决什么：“平稳分布的固定点定义”用于说明概率量在支持集、条件化或归一化下如何定义与计算。
再给核心表述：
然后落地对象与条件：逐一写清输入/变量属于什么集合，公式在哪些前提下成立。
最小自检：用两点或两类的最小分布代入一次，检查每项非负、总和为1，以及条件分母是否为正。
误区与边界：不要把密度值当作点概率，也不要在分母为0或支持集不匹配时继续套公式。",UNREVIEWED_CURRENT_SOURCE,统计学习方法讲义_v2.6.0_全量索引库.xlsx
M04-KN-SLM-19-01-007,KNOWLEDGE,知识点索引,507,SLM-19-01-007,src/讲义源码/第05册_采样方法主题模型与图排序/chapters/V5-C01.tex,314,648,高,符号密度较高；成立条件未显式前置；缺少最小例/非例；缺少一句话直觉桥,"先说它解决什么：“平稳分布的流量解释”用于说明概率量在支持集、条件化或归一化下如何定义与计算。
再给核心表述：平稳分布描述“边缘分布经过一步不变”，不是“样本路径停在同一个状态”。
然后落地对象与条件：逐一写清输入/变量属于什么集合，公式在哪些前提下成立。
最小自检：用两点或两类的最小分布代入一次，检查每项非负、总和为1，以及条件分母是否为正。
误区与边界：不要把密度值当作点概率，也不要在分母为0或支持集不匹配时继续套公式。",UNREVIEWED_CURRENT_SOURCE,统计学习方法讲义_v2.6.0_全量索引库.xlsx
M04-KN-SLM-19-02-006,KNOWLEDGE,知识点索引,508,SLM-19-02-006,src/讲义源码/第05册_采样方法主题模型与图排序/chapters/V5-C01.tex,398,642,中,核心表述偏短；缺少最小例/非例；缺少一句话直觉桥,"先说它解决什么：先把“马尔可夫链的性质”理解为一个需要明确对象、条件与结论的基础概念。
再给核心表述：
然后落地对象与条件：逐一写清输入/变量属于什么集合，公式在哪些前提下成立。
最小自检：给出一个满足定义的最小例和一个只破坏单一条件的非例。
误区与边界：不要只凭名称或图形相似作判断，应回到定义中的量词、作用域和条件。",UNREVIEWED_CURRENT_SOURCE,统计学习方法讲义_v2.6.0_全量索引库.xlsx
M04-KN-SLM-19-03-001,KNOWLEDGE,知识点索引,509,SLM-19-03-001,src/讲义源码/第05册_采样方法主题模型与图排序/chapters/V5-C01.tex,399,650,中,符号密度较高；缺少一句话直觉桥,"先说它解决什么：“不可约性”用于说明概率量在支持集、条件化或归一化下如何定义与计算。
再给核心表述：若存在$m 0$使$(A^m)_ij>0$，称$j$从$i$可达，记作$i j$。
然后落地对象与条件：逐一写清输入/变量属于什么集合，公式在哪些前提下成立。
最小自检：用两点或两类的最小分布代入一次，检查每项非负、总和为1，以及条件分母是否为正。
误区与边界：不要把密度值当作点概率，也不要在分母为0或支持集不匹配时继续套公式。",UNREVIEWED_CURRENT_SOURCE,统计学习方法讲义_v2.6.0_全量索引库.xlsx
M04-KN-SLM-19-04-001,KNOWLEDGE,知识点索引,510,SLM-19-04-001,src/讲义源码/第05册_采样方法主题模型与图排序/chapters/V5-C01.tex,408,650,低,符号密度较高,"先说它解决什么：先把“非周期性”理解为一个需要明确对象、条件与结论的基础概念。
再给核心表述：首次阅读检查：周期。
然后落地对象与条件：逐一写清输入/变量属于什么集合，公式在哪些前提下成立。
最小自检：给出一个满足定义的最小例和一个只破坏单一条件的非例。
误区与边界：不要只凭名称或图形相似作判断，应回到定义中的量词、作用域和条件。",UNREVIEWED_CURRENT_SOURCE,统计学习方法讲义_v2.6.0_全量索引库.xlsx
M04-KN-SLM-19-05-001,KNOWLEDGE,知识点索引,511,SLM-19-05-001,src/讲义源码/第05册_采样方法主题模型与图排序/chapters/V5-C01.tex,436,642,中,符号密度较高；缺少一句话直觉桥；单段过长，需分层,"先说它解决什么：“正常返”用于说明概率量在支持集、条件化或归一化下如何定义与计算。
再给核心表述：定义首次到达时间和首次正回返时间 equation _i= \t 0:X_t=i\, _i^+= \t 1:X_t=i\. equation 记 $ P_i( )=P( X_0=i), E_i[ ]=E[ X_0=i]. $ 从状态$i$出发，若$ P_i( _i^+< )=1$，称$i$常返；
然后落地对象与条件：逐一写清输入/变量属于什么集合，公式在哪些前提下成立。
最小自检：用两点或两类的最小分布代入一次，检查每项非负、总和为1，以及条件分母是否为正。
误区与边界：不要把密度值当作点概率，也不要在分母为0或支持集不匹配时继续套公式。",UNREVIEWED_CURRENT_SOURCE,统计学习方法讲义_v2.6.0_全量索引库.xlsx
M04-KN-SLM-19-02-007,KNOWLEDGE,知识点索引,512,SLM-19-02-007,src/讲义源码/第05册_采样方法主题模型与图排序/chapters/V5-C01.tex,472,652,高,核心表述偏短；成立条件未显式前置；缺少最小例/非例；缺少一句话直觉桥,"先说它解决什么：“有限状态链的唯一平稳分布”用于说明概率量在支持集、条件化或归一化下如何定义与计算。
再给核心表述：
然后落地对象与条件：逐一写清输入/变量属于什么集合，公式在哪些前提下成立。
最小自检：用两点或两类的最小分布代入一次，检查每项非负、总和为1，以及条件分母是否为正。
误区与边界：不要把密度值当作点概率，也不要在分母为0或支持集不匹配时继续套公式。",UNREVIEWED_CURRENT_SOURCE,统计学习方法讲义_v2.6.0_全量索引库.xlsx
M04-KN-SLM-19-03-002,KNOWLEDGE,知识点索引,513,SLM-19-03-002,src/讲义源码/第05册_采样方法主题模型与图排序/chapters/V5-C01.tex,473,652,中,符号密度较高；缺少最小例/非例；缺少一句话直觉桥,"先说它解决什么：“不可约正常返链”用于说明概率量在支持集、条件化或归一化下如何定义与计算。
再给核心表述：条件的作用可整理为：有限不可约性带来唯一平稳分布和正常返；
然后落地对象与条件：逐一写清输入/变量属于什么集合，公式在哪些前提下成立。
最小自检：用两点或两类的最小分布代入一次，检查每项非负、总和为1，以及条件分母是否为正。
误区与边界：不要把密度值当作点概率，也不要在分母为0或支持集不匹配时继续套公式。",UNREVIEWED_CURRENT_SOURCE,统计学习方法讲义_v2.6.0_全量索引库.xlsx
M04-KN-SLM-19-04-002,KNOWLEDGE,知识点索引,514,SLM-19-04-002,src/讲义源码/第05册_采样方法主题模型与图排序/chapters/V5-C01.tex,482,642,中,核心表述偏短；缺少最小例/非例；缺少一句话直觉桥,"先说它解决什么：先把“遍历定理”理解为一个需要明确对象、条件与结论的基础概念。
再给核心表述：
然后落地对象与条件：逐一写清输入/变量属于什么集合，公式在哪些前提下成立。
最小自检：给出一个满足定义的最小例和一个只破坏单一条件的非例。
误区与边界：不要只凭名称或图形相似作判断，应回到定义中的量词、作用域和条件。",UNREVIEWED_CURRENT_SOURCE,统计学习方法讲义_v2.6.0_全量索引库.xlsx
M04-KN-SLM-19-06-001,KNOWLEDGE,知识点索引,515,SLM-19-06-001,src/讲义源码/第05册_采样方法主题模型与图排序/chapters/V5-C01.tex,628,642,中,核心表述偏短；缺少最小例/非例；缺少一句话直觉桥,"先说它解决什么：先把“可逆马尔可夫链”理解为一个需要明确对象、条件与结论的基础概念。
再给核心表述：
然后落地对象与条件：逐一写清输入/变量属于什么集合，公式在哪些前提下成立。
最小自检：给出一个满足定义的最小例和一个只破坏单一条件的非例。
误区与边界：不要只凭名称或图形相似作判断，应回到定义中的量词、作用域和条件。",UNREVIEWED_CURRENT_SOURCE,统计学习方法讲义_v2.6.0_全量索引库.xlsx
M04-KN-PRE-SQ-007,KNOWLEDGE,知识点索引,516,PRE-SQ-007,src/讲义源码/第05册_采样方法主题模型与图排序/chapters/V5-C01.tex,724,642,中,符号密度较高；单段过长，需分层,"先说它解决什么：“随机游走”应按输入、状态、初始化、一次更新、停止与输出六个角色来读。
再给核心表述：SLRunningExampleRUN-GRAPH-04-01V5-C01-row-chain贯穿例：四节点小图把同一加权有向小图行归一化为转移矩阵，分析分布推进与平稳性；
然后落地对象与条件：逐一写清输入/变量属于什么集合，公式在哪些前提下成立。
最小自检：用2—3个状态或样本手算一轮，把更新前后量并排列出。
误区与边界：预算耗尽、数值停止和数学收敛不是同一状态；候选失败时不能覆盖最后合法状态。",UNREVIEWED_CURRENT_SOURCE,统计学习方法讲义_v2.6.0_全量索引库.xlsx
M04-KN-PRE-SA-001,KNOWLEDGE,知识点索引,517,PRE-SA-001,src/讲义源码/第05册_采样方法主题模型与图排序/chapters/V5-C02.tex,151,673,中,核心表述偏短；缺少最小例/非例；缺少一句话直觉桥,"先说它解决什么：先把“蒙特卡罗估计”理解为一个需要明确对象、条件与结论的基础概念。
再给核心表述：
然后落地对象与条件：逐一写清输入/变量属于什么集合，公式在哪些前提下成立。
最小自检：给出一个满足定义的最小例和一个只破坏单一条件的非例。
误区与边界：不要只凭名称或图形相似作判断，应回到定义中的量词、作用域和条件。",UNREVIEWED_CURRENT_SOURCE,统计学习方法讲义_v2.6.0_全量索引库.xlsx
M04-KN-SLM-19-01-001,KNOWLEDGE,知识点索引,518,SLM-19-01-001,src/讲义源码/第05册_采样方法主题模型与图排序/chapters/V5-C02.tex,152,673,中,核心表述偏短；缺少最小例/非例；缺少一句话直觉桥,"先说它解决什么：先把“蒙特卡罗法”理解为一个需要明确对象、条件与结论的基础概念。
再给核心表述：
然后落地对象与条件：逐一写清输入/变量属于什么集合，公式在哪些前提下成立。
最小自检：给出一个满足定义的最小例和一个只破坏单一条件的非例。
误区与边界：不要只凭名称或图形相似作判断，应回到定义中的量词、作用域和条件。",UNREVIEWED_CURRENT_SOURCE,统计学习方法讲义_v2.6.0_全量索引库.xlsx
M04-KN-SLM-19-01-002,KNOWLEDGE,知识点索引,519,SLM-19-01-002,src/讲义源码/第05册_采样方法主题模型与图排序/chapters/V5-C02.tex,153,673,高,核心表述偏短；成立条件未显式前置；缺少最小例/非例；缺少一句话直觉桥,"先说它解决什么：“随机抽样”应按输入、状态、初始化、一次更新、停止与输出六个角色来读。
再给核心表述：
然后落地对象与条件：逐一写清输入/变量属于什么集合，公式在哪些前提下成立。
最小自检：用2—3个状态或样本手算一轮，把更新前后量并排列出。
误区与边界：预算耗尽、数值停止和数学收敛不是同一状态；候选失败时不能覆盖最后合法状态。",UNREVIEWED_CURRENT_SOURCE,统计学习方法讲义_v2.6.0_全量索引库.xlsx
M04-KN-SLM-19-01-004,KNOWLEDGE,知识点索引,520,SLM-19-01-004,src/讲义源码/第05册_采样方法主题模型与图排序/chapters/V5-C02.tex,154,673,高,核心表述偏短；成立条件未显式前置；缺少最小例/非例；缺少一句话直觉桥,"先说它解决什么：“数学期望估计”用于说明概率量在支持集、条件化或归一化下如何定义与计算。
再给核心表述：
然后落地对象与条件：逐一写清输入/变量属于什么集合，公式在哪些前提下成立。
最小自检：用两点或两类的最小分布代入一次，检查每项非负、总和为1，以及条件分母是否为正。
误区与边界：不要把密度值当作点概率，也不要在分母为0或支持集不匹配时继续套公式。",UNREVIEWED_CURRENT_SOURCE,统计学习方法讲义_v2.6.0_全量索引库.xlsx
M04-KN-SLM-19-01-005,KNOWLEDGE,知识点索引,521,SLM-19-01-005,src/讲义源码/第05册_采样方法主题模型与图排序/chapters/V5-C02.tex,155,675,低,符号密度较高,"先说它解决什么：“积分计算”用于说明概率量在支持集、条件化或归一化下如何定义与计算。
再给核心表述：首次阅读检查：独立同分布蒙特卡罗估计。
然后落地对象与条件：逐一写清输入/变量属于什么集合，公式在哪些前提下成立。
最小自检：用两点或两类的最小分布代入一次，检查每项非负、总和为1，以及条件分母是否为正。
误区与边界：不要把密度值当作点概率，也不要在分母为0或支持集不匹配时继续套公式。",UNREVIEWED_CURRENT_SOURCE,统计学习方法讲义_v2.6.0_全量索引库.xlsx
M04-KN-PRE-SA-002,KNOWLEDGE,知识点索引,522,PRE-SA-002,src/讲义源码/第05册_采样方法主题模型与图排序/chapters/V5-C02.tex,305,679,高,核心表述偏短；成立条件未显式前置；缺少最小例/非例；缺少一句话直觉桥,"先说它解决什么：“从给定分布抽样”应按输入、状态、初始化、一次更新、停止与输出六个角色来读。
再给核心表述：
然后落地对象与条件：逐一写清输入/变量属于什么集合，公式在哪些前提下成立。
最小自检：用2—3个状态或样本手算一轮，把更新前后量并排列出。
误区与边界：预算耗尽、数值停止和数学收敛不是同一状态；候选失败时不能覆盖最后合法状态。",UNREVIEWED_CURRENT_SOURCE,统计学习方法讲义_v2.6.0_全量索引库.xlsx
M04-KN-PRE-SA-003,KNOWLEDGE,知识点索引,523,PRE-SA-003,src/讲义源码/第05册_采样方法主题模型与图排序/chapters/V5-C02.tex,306,672,高,核心表述偏短；成立条件未显式前置；缺少最小例/非例；缺少一句话直觉桥,"先说它解决什么：“逆变换抽样”应按输入、状态、初始化、一次更新、停止与输出六个角色来读。
再给核心表述：
然后落地对象与条件：逐一写清输入/变量属于什么集合，公式在哪些前提下成立。
最小自检：用2—3个状态或样本手算一轮，把更新前后量并排列出。
误区与边界：预算耗尽、数值停止和数学收敛不是同一状态；候选失败时不能覆盖最后合法状态。",UNREVIEWED_CURRENT_SOURCE,统计学习方法讲义_v2.6.0_全量索引库.xlsx
M04-KN-PRE-SA-004,KNOWLEDGE,知识点索引,524,PRE-SA-004,src/讲义源码/第05册_采样方法主题模型与图排序/chapters/V5-C02.tex,353,672,高,核心表述偏短；成立条件未显式前置；缺少最小例/非例；缺少一句话直觉桥,"先说它解决什么：“接受—拒绝抽样”应按输入、状态、初始化、一次更新、停止与输出六个角色来读。
再给核心表述：
然后落地对象与条件：逐一写清输入/变量属于什么集合，公式在哪些前提下成立。
最小自检：用2—3个状态或样本手算一轮，把更新前后量并排列出。
误区与边界：预算耗尽、数值停止和数学收敛不是同一状态；候选失败时不能覆盖最后合法状态。",UNREVIEWED_CURRENT_SOURCE,统计学习方法讲义_v2.6.0_全量索引库.xlsx
M04-KN-SLM-19-01-003,KNOWLEDGE,知识点索引,525,SLM-19-01-003,src/讲义源码/第05册_采样方法主题模型与图排序/chapters/V5-C02.tex,354,672,中,符号密度较高；缺少一句话直觉桥,"先说它解决什么：“接受--拒绝法”用于说明概率量在支持集、条件化或归一化下如何定义与计算。
再给核心表述：设$p$与$q$是关于同一支配测度$ $的归一化密度；
然后落地对象与条件：逐一写清输入/变量属于什么集合，公式在哪些前提下成立。
最小自检：用两点或两类的最小分布代入一次，检查每项非负、总和为1，以及条件分母是否为正。
误区与边界：不要把密度值当作点概率，也不要在分母为0或支持集不匹配时继续套公式。",UNREVIEWED_CURRENT_SOURCE,统计学习方法讲义_v2.6.0_全量索引库.xlsx
M04-KN-PRE-SA-005,KNOWLEDGE,知识点索引,526,PRE-SA-005,src/讲义源码/第05册_采样方法主题模型与图排序/chapters/V5-C02.tex,399,672,中,符号密度较高；缺少最小例/非例；缺少一句话直觉桥,"先说它解决什么：“重要性抽样”应按输入、状态、初始化、一次更新、停止与输出六个角色来读。
再给核心表述：以下$p,q$仍表示关于同一支配测度$ $的密度。
然后落地对象与条件：逐一写清输入/变量属于什么集合，公式在哪些前提下成立。
最小自检：用2—3个状态或样本手算一轮，把更新前后量并排列出。
误区与边界：预算耗尽、数值停止和数学收敛不是同一状态；候选失败时不能覆盖最后合法状态。",UNREVIEWED_CURRENT_SOURCE,统计学习方法讲义_v2.6.0_全量索引库.xlsx
M04-KN-SLM-19-00-001,KNOWLEDGE,知识点索引,527,SLM-19-00-001,src/讲义源码/第05册_采样方法主题模型与图排序/chapters/V5-C03.tex,147,704,高,核心表述偏短；成立条件未显式前置；缺少最小例/非例；缺少一句话直觉桥,"先说它解决什么：“马尔可夫链蒙特卡罗目标期望”用于说明概率量在支持集、条件化或归一化下如何定义与计算。
再给核心表述：
然后落地对象与条件：逐一写清输入/变量属于什么集合，公式在哪些前提下成立。
最小自检：用两点或两类的最小分布代入一次，检查每项非负、总和为1，以及条件分母是否为正。
误区与边界：不要把密度值当作点概率，也不要在分母为0或支持集不匹配时继续套公式。",UNREVIEWED_CURRENT_SOURCE,统计学习方法讲义_v2.6.0_全量索引库.xlsx
M04-KN-PRE-SA-006,KNOWLEDGE,知识点索引,528,PRE-SA-006,src/讲义源码/第05册_采样方法主题模型与图排序/chapters/V5-C03.tex,148,704,中,核心表述偏短；缺少最小例/非例；缺少一句话直觉桥,"先说它解决什么：先把“MCMC基本思想”理解为一个需要明确对象、条件与结论的基础概念。
再给核心表述：
然后落地对象与条件：逐一写清输入/变量属于什么集合，公式在哪些前提下成立。
最小自检：给出一个满足定义的最小例和一个只破坏单一条件的非例。
误区与边界：不要只凭名称或图形相似作判断，应回到定义中的量词、作用域和条件。",UNREVIEWED_CURRENT_SOURCE,统计学习方法讲义_v2.6.0_全量索引库.xlsx
M04-KN-SLM-19-03-003,KNOWLEDGE,知识点索引,529,SLM-19-03-003,src/讲义源码/第05册_采样方法主题模型与图排序/chapters/V5-C03.tex,149,705,高,核心表述偏短；成立条件未显式前置；缺少最小例/非例；缺少一句话直觉桥,"先说它解决什么：“以平稳链估计目标期望”用于说明概率量在支持集、条件化或归一化下如何定义与计算。
再给核心表述：
然后落地对象与条件：逐一写清输入/变量属于什么集合，公式在哪些前提下成立。
最小自检：用两点或两类的最小分布代入一次，检查每项非负、总和为1，以及条件分母是否为正。
误区与边界：不要把密度值当作点概率，也不要在分母为0或支持集不匹配时继续套公式。",UNREVIEWED_CURRENT_SOURCE,统计学习方法讲义_v2.6.0_全量索引库.xlsx
M04-KN-SLM-19-03-004,KNOWLEDGE,知识点索引,530,SLM-19-03-004,src/讲义源码/第05册_采样方法主题模型与图排序/chapters/V5-C03.tex,150,705,中,核心表述偏短；缺少最小例/非例；缺少一句话直觉桥,"先说它解决什么：先把“MCMC的目标保持与可达性”理解为一个需要明确对象、条件与结论的基础概念。
再给核心表述：
然后落地对象与条件：逐一写清输入/变量属于什么集合，公式在哪些前提下成立。
最小自检：给出一个满足定义的最小例和一个只破坏单一条件的非例。
误区与边界：不要只凭名称或图形相似作判断，应回到定义中的量词、作用域和条件。",UNREVIEWED_CURRENT_SOURCE,统计学习方法讲义_v2.6.0_全量索引库.xlsx
M04-KN-SLM-19-03-005,KNOWLEDGE,知识点索引,531,SLM-19-03-005,src/讲义源码/第05册_采样方法主题模型与图排序/chapters/V5-C03.tex,151,704,高,符号密度较高；成立条件未显式前置；缺少最小例/非例；缺少一句话直觉桥,"先说它解决什么：先把“MCMC的提议—接受—留驻步骤”理解为一个需要明确对象、条件与结论的基础概念。
再给核心表述：设目标是计算 equation I=E_ = _ Xf(x) (x) ( dx), equation 但不能直接产生独立的$ $样本。
然后落地对象与条件：逐一写清输入/变量属于什么集合，公式在哪些前提下成立。
最小自检：给出一个满足定义的最小例和一个只破坏单一条件的非例。
误区与边界：不要只凭名称或图形相似作判断，应回到定义中的量词、作用域和条件。",UNREVIEWED_CURRENT_SOURCE,统计学习方法讲义_v2.6.0_全量索引库.xlsx
M04-KN-SLM-19-05-002,KNOWLEDGE,知识点索引,532,SLM-19-05-002,src/讲义源码/第05册_采样方法主题模型与图排序/chapters/V5-C03.tex,208,707,低,符号密度较高,"先说它解决什么：先把“细致平衡方程”理解为一个需要明确对象、条件与结论的基础概念。
再给核心表述：首次阅读检查：细致平衡。
然后落地对象与条件：逐一写清输入/变量属于什么集合，公式在哪些前提下成立。
最小自检：给出一个满足定义的最小例和一个只破坏单一条件的非例。
误区与边界：不要只凭名称或图形相似作判断，应回到定义中的量词、作用域和条件。",UNREVIEWED_CURRENT_SOURCE,统计学习方法讲义_v2.6.0_全量索引库.xlsx
M04-KN-SLM-19-04-003,KNOWLEDGE,知识点索引,533,SLM-19-04-003,src/讲义源码/第05册_采样方法主题模型与图排序/chapters/V5-C03.tex,289,703,中,核心表述偏短；缺少最小例/非例；缺少一句话直觉桥,"先说它解决什么：先把“Metropolis-Hastings接受率@ 接受率”理解为一个需要明确对象、条件与结论的基础概念。
再给核心表述：
然后落地对象与条件：逐一写清输入/变量属于什么集合，公式在哪些前提下成立。
最小自检：给出一个满足定义的最小例和一个只破坏单一条件的非例。
误区与边界：不要只凭名称或图形相似作判断，应回到定义中的量词、作用域和条件。",UNREVIEWED_CURRENT_SOURCE,统计学习方法讲义_v2.6.0_全量索引库.xlsx
M04-KN-SLM-19-04-004,KNOWLEDGE,知识点索引,534,SLM-19-04-004,src/讲义源码/第05册_采样方法主题模型与图排序/chapters/V5-C03.tex,290,707,中,核心表述偏短；缺少最小例/非例；缺少一句话直觉桥,"先说它解决什么：先把“双向目标—提议流”理解为一个需要明确对象、条件与结论的基础概念。
再给核心表述：
然后落地对象与条件：逐一写清输入/变量属于什么集合，公式在哪些前提下成立。
最小自检：给出一个满足定义的最小例和一个只破坏单一条件的非例。
误区与边界：不要只凭名称或图形相似作判断，应回到定义中的量词、作用域和条件。",UNREVIEWED_CURRENT_SOURCE,统计学习方法讲义_v2.6.0_全量索引库.xlsx
M04-KN-SLM-19-04-005,KNOWLEDGE,知识点索引,535,SLM-19-04-005,src/讲义源码/第05册_采样方法主题模型与图排序/chapters/V5-C03.tex,291,703,中,核心表述偏短；缺少最小例/非例；缺少一句话直觉桥,"先说它解决什么：先把“Metropolis-Hastings转移核@ 转移核”理解为一个需要明确对象、条件与结论的基础概念。
再给核心表述：
然后落地对象与条件：逐一写清输入/变量属于什么集合，公式在哪些前提下成立。
最小自检：给出一个满足定义的最小例和一个只破坏单一条件的非例。
误区与边界：不要只凭名称或图形相似作判断，应回到定义中的量词、作用域和条件。",UNREVIEWED_CURRENT_SOURCE,统计学习方法讲义_v2.6.0_全量索引库.xlsx
M04-KN-SLM-19-06-002,KNOWLEDGE,知识点索引,536,SLM-19-06-002,src/讲义源码/第05册_采样方法主题模型与图排序/chapters/V5-C03.tex,292,703,中,核心表述偏短；缺少最小例/非例；缺少一句话直觉桥,"先说它解决什么：先把“Metropolis-Hastings核可逆性@ 核可逆性”理解为一个需要明确对象、条件与结论的基础概念。
再给核心表述：
然后落地对象与条件：逐一写清输入/变量属于什么集合，公式在哪些前提下成立。
最小自检：给出一个满足定义的最小例和一个只破坏单一条件的非例。
误区与边界：不要只凭名称或图形相似作判断，应回到定义中的量词、作用域和条件。",UNREVIEWED_CURRENT_SOURCE,统计学习方法讲义_v2.6.0_全量索引库.xlsx
M04-KN-SLM-19-02-008,KNOWLEDGE,知识点索引,537,SLM-19-02-008,src/讲义源码/第05册_采样方法主题模型与图排序/chapters/V5-C03.tex,293,703,中,核心表述偏短；缺少最小例/非例；缺少一句话直觉桥,"先说它解决什么：先把“Metropolis-Hastings拒绝自环@ 拒绝自环”理解为一个需要明确对象、条件与结论的基础概念。
再给核心表述：
然后落地对象与条件：逐一写清输入/变量属于什么集合，公式在哪些前提下成立。
最小自检：给出一个满足定义的最小例和一个只破坏单一条件的非例。
误区与边界：不要只凭名称或图形相似作判断，应回到定义中的量词、作用域和条件。",UNREVIEWED_CURRENT_SOURCE,统计学习方法讲义_v2.6.0_全量索引库.xlsx
M04-KN-SLM-19-04-006,KNOWLEDGE,知识点索引,538,SLM-19-04-006,src/讲义源码/第05册_采样方法主题模型与图排序/chapters/V5-C03.tex,294,703,中,符号密度较高；缺少一句话直觉桥；单段过长，需分层,"先说它解决什么：“单分量Metropolis-Hastings算法@单分量 算法”应按输入、状态、初始化、一次更新、停止与输出六个角色来读。
再给核心表述：定义从状态$x$提议$y$的正向目标--提议流为 equation g(x,y)= (x)q(x,y). equation 为避免在$g(x,y)=g(y,x)=0$时产生$0/0$，先定义接受后的无向公共流 equation h(x,y)= \g(x,y),g(y,x)\. equation 再在实际有正向提议流时定义 equation (x,y)= h(x,y)/g(x,y) = \1, (y)q(y,x) (x)q(x,y) \,
然后落地对象与条件：逐一写清输入/变量属于什么集合，公式在哪些前提下成立。
最小自检：用2—3个状态或样本手算一轮，把更新前后量并排列出。
误区与边界：预算耗尽、数值停止和数学收敛不是同一状态；候选失败时不能覆盖最后合法状态。",UNREVIEWED_CURRENT_SOURCE,统计学习方法讲义_v2.6.0_全量索引库.xlsx
M04-KN-PRE-SA-007,KNOWLEDGE,知识点索引,539,PRE-SA-007,src/讲义源码/第05册_采样方法主题模型与图排序/chapters/V5-C03.tex,365,711,中,符号密度较高；缺少一句话直觉桥；单段过长，需分层,"先说它解决什么：“接受率的成对流推导”用于说明概率量在支持集、条件化或归一化下如何定义与计算。
再给核心表述：derivationgoalbox 从细致平衡的成对流约束出发，推导在固定提议核下逐对最大的合法接受流，并由此得到包含零流边界的 接受概率。
然后落地对象与条件：逐一写清输入/变量属于什么集合，公式在哪些前提下成立。
最小自检：用两点或两类的最小分布代入一次，检查每项非负、总和为1，以及条件分母是否为正。
误区与边界：不要把密度值当作点概率，也不要在分母为0或支持集不匹配时继续套公式。",UNREVIEWED_CURRENT_SOURCE,统计学习方法讲义_v2.6.0_全量索引库.xlsx
M04-KN-SLM-19-03-006,KNOWLEDGE,知识点索引,540,SLM-19-03-006,src/讲义源码/第05册_采样方法主题模型与图排序/chapters/V5-C03.tex,503,714,中,核心表述偏短；缺少最小例/非例；缺少一句话直觉桥,"先说它解决什么：先把“马尔可夫链蒙特卡罗法与统计学习”理解为一个需要明确对象、条件与结论的基础概念。
再给核心表述：
然后落地对象与条件：逐一写清输入/变量属于什么集合，公式在哪些前提下成立。
最小自检：给出一个满足定义的最小例和一个只破坏单一条件的非例。
误区与边界：不要只凭名称或图形相似作判断，应回到定义中的量词、作用域和条件。",UNREVIEWED_CURRENT_SOURCE,统计学习方法讲义_v2.6.0_全量索引库.xlsx
M04-KN-SLM-19-05-003,KNOWLEDGE,知识点索引,541,SLM-19-05-003,src/讲义源码/第05册_采样方法主题模型与图排序/chapters/V5-C04.tex,142,739,高,核心表述偏短；成立条件未显式前置；缺少最小例/非例；缺少一句话直觉桥,"先说它解决什么：“Gibbs抽样的满条件分解”应按输入、状态、初始化、一次更新、停止与输出六个角色来读。
再给核心表述：
然后落地对象与条件：逐一写清输入/变量属于什么集合，公式在哪些前提下成立。
最小自检：用2—3个状态或样本手算一轮，把更新前后量并排列出。
误区与边界：预算耗尽、数值停止和数学收敛不是同一状态；候选失败时不能覆盖最后合法状态。",UNREVIEWED_CURRENT_SOURCE,统计学习方法讲义_v2.6.0_全量索引库.xlsx
M04-KN-SLM-19-05-004,KNOWLEDGE,知识点索引,542,SLM-19-05-004,src/讲义源码/第05册_采样方法主题模型与图排序/chapters/V5-C04.tex,143,739,中,符号密度较高；缺少最小例/非例；缺少一句话直觉桥,"先说它解决什么：“满条件分布的逐坐标更新原理”应按输入、状态、初始化、一次更新、停止与输出六个角色来读。
再给核心表述：设目标联合密度$ (x_1, ,x_d)$可以计算，但从整个$d$维目标直接抽样困难。
然后落地对象与条件：逐一写清输入/变量属于什么集合，公式在哪些前提下成立。
最小自检：用2—3个状态或样本手算一轮，把更新前后量并排列出。
误区与边界：预算耗尽、数值停止和数学收敛不是同一状态；候选失败时不能覆盖最后合法状态。",UNREVIEWED_CURRENT_SOURCE,统计学习方法讲义_v2.6.0_全量索引库.xlsx
M04-KN-PRE-SA-008,KNOWLEDGE,知识点索引,543,PRE-SA-008,src/讲义源码/第05册_采样方法主题模型与图排序/chapters/V5-C04.tex,250,742,高,核心表述偏短；成立条件未显式前置；缺少最小例/非例；缺少一句话直觉桥,"先说它解决什么：“Gibbs抽样的满条件提议”应按输入、状态、初始化、一次更新、停止与输出六个角色来读。
再给核心表述：
然后落地对象与条件：逐一写清输入/变量属于什么集合，公式在哪些前提下成立。
最小自检：用2—3个状态或样本手算一轮，把更新前后量并排列出。
误区与边界：预算耗尽、数值停止和数学收敛不是同一状态；候选失败时不能覆盖最后合法状态。",UNREVIEWED_CURRENT_SOURCE,统计学习方法讲义_v2.6.0_全量索引库.xlsx
M04-KN-SLM-19-05-005,KNOWLEDGE,知识点索引,544,SLM-19-05-005,src/讲义源码/第05册_采样方法主题模型与图排序/chapters/V5-C04.tex,251,742,高,核心表述偏短；成立条件未显式前置；缺少最小例/非例；缺少一句话直觉桥,"先说它解决什么：“系统扫描Gibbs算法”应按输入、状态、初始化、一次更新、停止与输出六个角色来读。
再给核心表述：
然后落地对象与条件：逐一写清输入/变量属于什么集合，公式在哪些前提下成立。
最小自检：用2—3个状态或样本手算一轮，把更新前后量并排列出。
误区与边界：预算耗尽、数值停止和数学收敛不是同一状态；候选失败时不能覆盖最后合法状态。",UNREVIEWED_CURRENT_SOURCE,统计学习方法讲义_v2.6.0_全量索引库.xlsx
M04-KN-SLM-19-03-007,KNOWLEDGE,知识点索引,545,SLM-19-03-007,src/讲义源码/第05册_采样方法主题模型与图排序/chapters/V5-C04.tex,252,742,高,符号密度较高；缺少最小例/非例；缺少一句话直觉桥；单段过长，需分层,"先说它解决什么：“Gibbs坐标核的目标保持”应按输入、状态、初始化、一次更新、停止与输出六个角色来读。
再给核心表述：用边缘--条件分解证明精确满条件更新保持联合目标分布。
然后落地对象与条件：逐一写清输入/变量属于什么集合，公式在哪些前提下成立。
最小自检：用2—3个状态或样本手算一轮，把更新前后量并排列出。
误区与边界：预算耗尽、数值停止和数学收敛不是同一状态；候选失败时不能覆盖最后合法状态。",UNREVIEWED_CURRENT_SOURCE,统计学习方法讲义_v2.6.0_全量索引库.xlsx
M04-KN-SLM-19-05-006,KNOWLEDGE,知识点索引,546,SLM-19-05-006,src/讲义源码/第05册_采样方法主题模型与图排序/chapters/V5-C04.tex,489,749,中,符号密度较高；单段过长，需分层,"先说它解决什么：“抽样计算”应按输入、状态、初始化、一次更新、停止与输出六个角色来读。
再给核心表述：概率图模型常把目标写成局部因子的乘积。
然后落地对象与条件：逐一写清输入/变量属于什么集合，公式在哪些前提下成立。
最小自检：用2—3个状态或样本手算一轮，把更新前后量并排列出。
误区与边界：预算耗尽、数值停止和数学收敛不是同一状态；候选失败时不能覆盖最后合法状态。",UNREVIEWED_CURRENT_SOURCE,统计学习方法讲义_v2.6.0_全量索引库.xlsx
M04-KN-SLM-20-01-001,KNOWLEDGE,知识点索引,547,SLM-20-01-001,src/讲义源码/第05册_采样方法主题模型与图排序/chapters/V5-C05.tex,150,763,中,核心表述偏短；缺少最小例/非例；缺少一句话直觉桥,"先说它解决什么：先把“狄利克雷—多项建模入口”理解为一个需要明确对象、条件与结论的基础概念。
再给核心表述：
然后落地对象与条件：逐一写清输入/变量属于什么集合，公式在哪些前提下成立。
最小自检：给出一个满足定义的最小例和一个只破坏单一条件的非例。
误区与边界：不要只凭名称或图形相似作判断，应回到定义中的量词、作用域和条件。",UNREVIEWED_CURRENT_SOURCE,统计学习方法讲义_v2.6.0_全量索引库.xlsx
M04-KN-SLM-20-01-002,KNOWLEDGE,知识点索引,548,SLM-20-01-002,src/讲义源码/第05册_采样方法主题模型与图排序/chapters/V5-C05.tex,151,763,高,核心表述偏短；成立条件未显式前置；缺少最小例/非例；缺少一句话直觉桥,"先说它解决什么：“多项分布定义”用于说明概率量在支持集、条件化或归一化下如何定义与计算。
再给核心表述：
然后落地对象与条件：逐一写清输入/变量属于什么集合，公式在哪些前提下成立。
最小自检：用两点或两类的最小分布代入一次，检查每项非负、总和为1，以及条件分母是否为正。
误区与边界：不要把密度值当作点概率，也不要在分母为0或支持集不匹配时继续套公式。",UNREVIEWED_CURRENT_SOURCE,统计学习方法讲义_v2.6.0_全量索引库.xlsx
M04-KN-SLM-20-01-003,KNOWLEDGE,知识点索引,549,SLM-20-01-003,src/讲义源码/第05册_采样方法主题模型与图排序/chapters/V5-C05.tex,152,764,低,符号密度较高,"先说它解决什么：“多项分布”用于说明概率量在支持集、条件化或归一化下如何定义与计算。
再给核心表述：问题提出。
然后落地对象与条件：逐一写清输入/变量属于什么集合，公式在哪些前提下成立。
最小自检：用两点或两类的最小分布代入一次，检查每项非负、总和为1，以及条件分母是否为正。
误区与边界：不要把密度值当作点概率，也不要在分母为0或支持集不匹配时继续套公式。",UNREVIEWED_CURRENT_SOURCE,统计学习方法讲义_v2.6.0_全量索引库.xlsx
M04-KN-SLM-E-02-001,KNOWLEDGE,知识点索引,550,SLM-E-02-001,src/讲义源码/第05册_采样方法主题模型与图排序/chapters/V5-C05.tex,310,767,高,核心表述偏短；成立条件未显式前置；缺少最小例/非例；缺少一句话直觉桥,"先说它解决什么：“狄利克雷分布的矩与条件性质”用于说明概率量在支持集、条件化或归一化下如何定义与计算。
再给核心表述：
然后落地对象与条件：逐一写清输入/变量属于什么集合，公式在哪些前提下成立。
最小自检：用两点或两类的最小分布代入一次，检查每项非负、总和为1，以及条件分母是否为正。
误区与边界：不要把密度值当作点概率，也不要在分母为0或支持集不匹配时继续套公式。",UNREVIEWED_CURRENT_SOURCE,统计学习方法讲义_v2.6.0_全量索引库.xlsx
M04-KN-SLM-20-02-001,KNOWLEDGE,知识点索引,551,SLM-20-02-001,src/讲义源码/第05册_采样方法主题模型与图排序/chapters/V5-C05.tex,311,768,低,符号密度较高,"先说它解决什么：“狄利克雷分布定义”应按输入、状态、初始化、一次更新、停止与输出六个角色来读。
再给核心表述：首次阅读只追踪四件事：Gamma变量归一化后为什么得到单纯形上的分布，均值与方差怎样解释参数，计数怎样更新共轭后验，以及后验怎样给出下一次预测。
然后落地对象与条件：逐一写清输入/变量属于什么集合，公式在哪些前提下成立。
最小自检：用2—3个状态或样本手算一轮，把更新前后量并排列出。
误区与边界：预算耗尽、数值停止和数学收敛不是同一状态；候选失败时不能覆盖最后合法状态。",UNREVIEWED_CURRENT_SOURCE,统计学习方法讲义_v2.6.0_全量索引库.xlsx
M04-KN-SLM-20-01-004,KNOWLEDGE,知识点索引,552,SLM-20-01-004,src/讲义源码/第05册_采样方法主题模型与图排序/chapters/V5-C05.tex,559,762,中,符号密度较高；缺少最小例/非例；缺少一句话直觉桥,"先说它解决什么：“共轭先验”用于说明概率量在支持集、条件化或归一化下如何定义与计算。
再给核心表述：给定计数$ n C_N,K$，似然与先验分别为 p( n ) = N!
然后落地对象与条件：逐一写清输入/变量属于什么集合，公式在哪些前提下成立。
最小自检：用两点或两类的最小分布代入一次，检查每项非负、总和为1，以及条件分母是否为正。
误区与边界：不要把密度值当作点概率，也不要在分母为0或支持集不匹配时继续套公式。",UNREVIEWED_CURRENT_SOURCE,统计学习方法讲义_v2.6.0_全量索引库.xlsx
M04-KN-SLM-20-00-001,KNOWLEDGE,知识点索引,553,SLM-20-00-001,src/讲义源码/第05册_采样方法主题模型与图排序/chapters/V5-C06.tex,171,790,中,核心表述偏短；缺少最小例/非例；缺少一句话直觉桥,"先说它解决什么：先把“潜在狄利克雷分配”理解为一个需要明确对象、条件与结论的基础概念。
再给核心表述：
然后落地对象与条件：逐一写清输入/变量属于什么集合，公式在哪些前提下成立。
最小自检：给出一个满足定义的最小例和一个只破坏单一条件的非例。
误区与边界：不要只凭名称或图形相似作判断，应回到定义中的量词、作用域和条件。",UNREVIEWED_CURRENT_SOURCE,统计学习方法讲义_v2.6.0_全量索引库.xlsx
M04-KN-PRE-TM-003,KNOWLEDGE,知识点索引,554,PRE-TM-003,src/讲义源码/第05册_采样方法主题模型与图排序/chapters/V5-C06.tex,172,790,高,核心表述偏短；成立条件未显式前置；缺少最小例/非例；缺少一句话直觉桥,"先说它解决什么：“LDA生成过程与概率图”用于说明概率量在支持集、条件化或归一化下如何定义与计算。
再给核心表述：
然后落地对象与条件：逐一写清输入/变量属于什么集合，公式在哪些前提下成立。
最小自检：用两点或两类的最小分布代入一次，检查每项非负、总和为1，以及条件分母是否为正。
误区与边界：不要把密度值当作点概率，也不要在分母为0或支持集不匹配时继续套公式。",UNREVIEWED_CURRENT_SOURCE,统计学习方法讲义_v2.6.0_全量索引库.xlsx
M04-KN-SLM-20-02-002,KNOWLEDGE,知识点索引,555,SLM-20-02-002,src/讲义源码/第05册_采样方法主题模型与图排序/chapters/V5-C06.tex,173,790,中,核心表述偏短；缺少最小例/非例；缺少一句话直觉桥,"先说它解决什么：先把“LDA文档—主题—词模型”理解为一个需要明确对象、条件与结论的基础概念。
再给核心表述：
然后落地对象与条件：逐一写清输入/变量属于什么集合，公式在哪些前提下成立。
最小自检：给出一个满足定义的最小例和一个只破坏单一条件的非例。
误区与边界：不要只凭名称或图形相似作判断，应回到定义中的量词、作用域和条件。",UNREVIEWED_CURRENT_SOURCE,统计学习方法讲义_v2.6.0_全量索引库.xlsx
M04-KN-SLM-20-02-003,KNOWLEDGE,知识点索引,556,SLM-20-02-003,src/讲义源码/第05册_采样方法主题模型与图排序/chapters/V5-C06.tex,174,790,低,符号密度较高,"先说它解决什么：“LDA的混合主题思想”用于说明概率量在支持集、条件化或归一化下如何定义与计算。
再给核心表述：问题提出。
然后落地对象与条件：逐一写清输入/变量属于什么集合，公式在哪些前提下成立。
最小自检：用两点或两类的最小分布代入一次，检查每项非负、总和为1，以及条件分母是否为正。
误区与边界：不要把密度值当作点概率，也不要在分母为0或支持集不匹配时继续套公式。",UNREVIEWED_CURRENT_SOURCE,统计学习方法讲义_v2.6.0_全量索引库.xlsx
M04-KN-SLM-20-02-004,KNOWLEDGE,知识点索引,557,SLM-20-02-004,src/讲义源码/第05册_采样方法主题模型与图排序/chapters/V5-C06.tex,245,790,中,核心表述偏短；缺少最小例/非例；缺少一句话直觉桥,"先说它解决什么：先把“模型定义”理解为一个需要明确对象、条件与结论的基础概念。
再给核心表述：
然后落地对象与条件：逐一写清输入/变量属于什么集合，公式在哪些前提下成立。
最小自检：给出一个满足定义的最小例和一个只破坏单一条件的非例。
误区与边界：不要只凭名称或图形相似作判断，应回到定义中的量词、作用域和条件。",UNREVIEWED_CURRENT_SOURCE,统计学习方法讲义_v2.6.0_全量索引库.xlsx
M04-KN-SLM-20-01-005,KNOWLEDGE,知识点索引,558,SLM-20-01-005,src/讲义源码/第05册_采样方法主题模型与图排序/chapters/V5-C06.tex,246,790,高,核心表述偏短；成立条件未显式前置；缺少最小例/非例；缺少一句话直觉桥,"先说它解决什么：“LDA的文本生成算法”应按输入、状态、初始化、一次更新、停止与输出六个角色来读。
再给核心表述：
然后落地对象与条件：逐一写清输入/变量属于什么集合，公式在哪些前提下成立。
最小自检：用2—3个状态或样本手算一轮，把更新前后量并排列出。
误区与边界：预算耗尽、数值停止和数学收敛不是同一状态；候选失败时不能覆盖最后合法状态。",UNREVIEWED_CURRENT_SOURCE,统计学习方法讲义_v2.6.0_全量索引库.xlsx
M04-KN-SLM-20-02-005,KNOWLEDGE,知识点索引,559,SLM-20-02-005,src/讲义源码/第05册_采样方法主题模型与图排序/chapters/V5-C06.tex,247,790,高,核心表述偏短；成立条件未显式前置；缺少最小例/非例；缺少一句话直觉桥,"先说它解决什么：“概率图模型”用于说明概率量在支持集、条件化或归一化下如何定义与计算。
再给核心表述：
然后落地对象与条件：逐一写清输入/变量属于什么集合，公式在哪些前提下成立。
最小自检：用两点或两类的最小分布代入一次，检查每项非负、总和为1，以及条件分母是否为正。
误区与边界：不要把密度值当作点概率，也不要在分母为0或支持集不匹配时继续套公式。",UNREVIEWED_CURRENT_SOURCE,统计学习方法讲义_v2.6.0_全量索引库.xlsx
M04-KN-SLM-20-02-006,KNOWLEDGE,知识点索引,560,SLM-20-02-006,src/讲义源码/第05册_采样方法主题模型与图排序/chapters/V5-C06.tex,248,792,高,核心表述偏短；成立条件未显式前置；缺少最小例/非例；缺少一句话直觉桥,"先说它解决什么：“随机变量序列的可交换性”用于说明概率量在支持集、条件化或归一化下如何定义与计算。
再给核心表述：
然后落地对象与条件：逐一写清输入/变量属于什么集合，公式在哪些前提下成立。
最小自检：用两点或两类的最小分布代入一次，检查每项非负、总和为1，以及条件分母是否为正。
误区与边界：不要把密度值当作点概率，也不要在分母为0或支持集不匹配时继续套公式。",UNREVIEWED_CURRENT_SOURCE,统计学习方法讲义_v2.6.0_全量索引库.xlsx
M04-KN-SLM-20-02-007,KNOWLEDGE,知识点索引,561,SLM-20-02-007,src/讲义源码/第05册_采样方法主题模型与图排序/chapters/V5-C06.tex,249,790,高,符号密度较高；成立条件未显式前置；缺少最小例/非例；缺少一句话直觉桥,"先说它解决什么：“概率公式”应按输入、状态、初始化、一次更新、停止与输出六个角色来读。
再给核心表述：对完整Bayes LDA，联合分布分解为 p( w, z, , , ) \\ = _k=1^Kp( _k ) _m=1^M . 点参数变体则以$ $为给定参数，其联合分布为 equation p_par( w, z, , ) = _m=1^M . equation 板块图中，$N_m$板块嵌在$M$板块内，表示每篇文档的每个词位置都重复生成；
然后落地对象与条件：逐一写清输入/变量属于什么集合，公式在哪些前提下成立。
最小自检：用2—3个状态或样本手算一轮，把更新前后量并排列出。
误区与边界：预算耗尽、数值停止和数学收敛不是同一状态；候选失败时不能覆盖最后合法状态。",UNREVIEWED_CURRENT_SOURCE,统计学习方法讲义_v2.6.0_全量索引库.xlsx
M04-KN-SLM-20-03-001,KNOWLEDGE,知识点索引,562,SLM-20-03-001,src/讲义源码/第05册_采样方法主题模型与图排序/chapters/V5-C06.tex,510,797,高,核心表述偏短；成立条件未显式前置；缺少最小例/非例；缺少一句话直觉桥,"先说它解决什么：“LDA折叠Gibbs抽样”应按输入、状态、初始化、一次更新、停止与输出六个角色来读。
再给核心表述：
然后落地对象与条件：逐一写清输入/变量属于什么集合，公式在哪些前提下成立。
最小自检：用2—3个状态或样本手算一轮，把更新前后量并排列出。
误区与边界：预算耗尽、数值停止和数学收敛不是同一状态；候选失败时不能覆盖最后合法状态。",UNREVIEWED_CURRENT_SOURCE,统计学习方法讲义_v2.6.0_全量索引库.xlsx
M04-KN-SLM-20-03-002,KNOWLEDGE,知识点索引,563,SLM-20-03-002,src/讲义源码/第05册_采样方法主题模型与图排序/chapters/V5-C06.tex,511,797,高,核心表述偏短；成立条件未显式前置；缺少最小例/非例；缺少一句话直觉桥,"先说它解决什么：“折叠抽样的留一计数思想”应按输入、状态、初始化、一次更新、停止与输出六个角色来读。
再给核心表述：
然后落地对象与条件：逐一写清输入/变量属于什么集合，公式在哪些前提下成立。
最小自检：用2—3个状态或样本手算一轮，把更新前后量并排列出。
误区与边界：预算耗尽、数值停止和数学收敛不是同一状态；候选失败时不能覆盖最后合法状态。",UNREVIEWED_CURRENT_SOURCE,统计学习方法讲义_v2.6.0_全量索引库.xlsx
M04-KN-SLM-20-03-003,KNOWLEDGE,知识点索引,564,SLM-20-03-003,src/讲义源码/第05册_采样方法主题模型与图排序/chapters/V5-C06.tex,512,797,高,核心表述偏短；成立条件未显式前置；缺少最小例/非例；缺少一句话直觉桥,"先说它解决什么：“LDA折叠Gibbs条件更新”应按输入、状态、初始化、一次更新、停止与输出六个角色来读。
再给核心表述：
然后落地对象与条件：逐一写清输入/变量属于什么集合，公式在哪些前提下成立。
最小自检：用2—3个状态或样本手算一轮，把更新前后量并排列出。
误区与边界：预算耗尽、数值停止和数学收敛不是同一状态；候选失败时不能覆盖最后合法状态。",UNREVIEWED_CURRENT_SOURCE,统计学习方法讲义_v2.6.0_全量索引库.xlsx
M04-KN-SLM-20-03-004,KNOWLEDGE,知识点索引,565,SLM-20-03-004,src/讲义源码/第05册_采样方法主题模型与图排序/chapters/V5-C06.tex,513,797,高,核心表述偏短；成立条件未显式前置；缺少最小例/非例；缺少一句话直觉桥,"先说它解决什么：“主题分布与主题词分布的后验汇总”用于说明概率量在支持集、条件化或归一化下如何定义与计算。
再给核心表述：
然后落地对象与条件：逐一写清输入/变量属于什么集合，公式在哪些前提下成立。
最小自检：用两点或两类的最小分布代入一次，检查每项非负、总和为1，以及条件分母是否为正。
误区与边界：不要把密度值当作点概率，也不要在分母为0或支持集不匹配时继续套公式。",UNREVIEWED_CURRENT_SOURCE,统计学习方法讲义_v2.6.0_全量索引库.xlsx
M04-KN-SLM-20-03-005,KNOWLEDGE,知识点索引,566,SLM-20-03-005,src/讲义源码/第05册_采样方法主题模型与图排序/chapters/V5-C06.tex,514,797,高,核心表述偏短；成立条件未显式前置；缺少最小例/非例；缺少一句话直觉桥,"先说它解决什么：“折叠Gibbs扫描流程”应按输入、状态、初始化、一次更新、停止与输出六个角色来读。
再给核心表述：
然后落地对象与条件：逐一写清输入/变量属于什么集合，公式在哪些前提下成立。
最小自检：用2—3个状态或样本手算一轮，把更新前后量并排列出。
误区与边界：预算耗尽、数值停止和数学收敛不是同一状态；候选失败时不能覆盖最后合法状态。",UNREVIEWED_CURRENT_SOURCE,统计学习方法讲义_v2.6.0_全量索引库.xlsx
M04-KN-SLM-20-02-008,KNOWLEDGE,知识点索引,567,SLM-20-02-008,src/讲义源码/第05册_采样方法主题模型与图排序/chapters/V5-C06.tex,515,789,中,核心表述偏短；缺少最小例/非例；缺少一句话直觉桥,"先说它解决什么：先把“主题指派与计数表”理解为一个需要明确对象、条件与结论的基础概念。
再给核心表述：
然后落地对象与条件：逐一写清输入/变量属于什么集合，公式在哪些前提下成立。
最小自检：给出一个满足定义的最小例和一个只破坏单一条件的非例。
误区与边界：不要只凭名称或图形相似作判断，应回到定义中的量词、作用域和条件。",UNREVIEWED_CURRENT_SOURCE,统计学习方法讲义_v2.6.0_全量索引库.xlsx
M04-KN-SLM-20-04-001,KNOWLEDGE,知识点索引,568,SLM-20-04-001,src/讲义源码/第05册_采样方法主题模型与图排序/chapters/V5-C06.tex,597,799,高,核心表述偏短；成立条件未显式前置；缺少最小例/非例；缺少一句话直觉桥,"先说它解决什么：“LDA变分EM局部—全局更新”应按输入、状态、初始化、一次更新、停止与输出六个角色来读。
再给核心表述：
然后落地对象与条件：逐一写清输入/变量属于什么集合，公式在哪些前提下成立。
最小自检：用2—3个状态或样本手算一轮，把更新前后量并排列出。
误区与边界：预算耗尽、数值停止和数学收敛不是同一状态；候选失败时不能覆盖最后合法状态。",UNREVIEWED_CURRENT_SOURCE,统计学习方法讲义_v2.6.0_全量索引库.xlsx
M04-KN-SLM-20-04-002,KNOWLEDGE,知识点索引,569,SLM-20-04-002,src/讲义源码/第05册_采样方法主题模型与图排序/chapters/V5-C06.tex,598,789,中,核心表述偏短；缺少最小例/非例；缺少一句话直觉桥,"先说它解决什么：先把“平均场变分推断”理解为一个需要明确对象、条件与结论的基础概念。
再给核心表述：
然后落地对象与条件：逐一写清输入/变量属于什么集合，公式在哪些前提下成立。
最小自检：给出一个满足定义的最小例和一个只破坏单一条件的非例。
误区与边界：不要只凭名称或图形相似作判断，应回到定义中的量词、作用域和条件。",UNREVIEWED_CURRENT_SOURCE,统计学习方法讲义_v2.6.0_全量索引库.xlsx
M04-KN-SLM-20-04-003,KNOWLEDGE,知识点索引,570,SLM-20-04-003,src/讲义源码/第05册_采样方法主题模型与图排序/chapters/V5-C06.tex,599,799,高,核心表述偏短；成立条件未显式前置；缺少最小例/非例；缺少一句话直觉桥,"先说它解决什么：“LDA变分EM算法”应按输入、状态、初始化、一次更新、停止与输出六个角色来读。
再给核心表述：
然后落地对象与条件：逐一写清输入/变量属于什么集合，公式在哪些前提下成立。
最小自检：用2—3个状态或样本手算一轮，把更新前后量并排列出。
误区与边界：预算耗尽、数值停止和数学收敛不是同一状态；候选失败时不能覆盖最后合法状态。",UNREVIEWED_CURRENT_SOURCE,统计学习方法讲义_v2.6.0_全量索引库.xlsx
M04-KN-SLM-20-03-006,KNOWLEDGE,知识点索引,571,SLM-20-03-006,src/讲义源码/第05册_采样方法主题模型与图排序/chapters/V5-C06.tex,600,800,高,核心表述偏短；成立条件未显式前置；缺少最小例/非例；缺少一句话直觉桥,"先说它解决什么：“通用变分EM坐标上升”应按输入、状态、初始化、一次更新、停止与输出六个角色来读。
再给核心表述：
然后落地对象与条件：逐一写清输入/变量属于什么集合，公式在哪些前提下成立。
最小自检：用2—3个状态或样本手算一轮，把更新前后量并排列出。
误区与边界：预算耗尽、数值停止和数学收敛不是同一状态；候选失败时不能覆盖最后合法状态。",UNREVIEWED_CURRENT_SOURCE,统计学习方法讲义_v2.6.0_全量索引库.xlsx
M04-KN-SLM-20-04-004,KNOWLEDGE,知识点索引,572,SLM-20-04-004,src/讲义源码/第05册_采样方法主题模型与图排序/chapters/V5-C06.tex,601,789,高,核心表述偏短；成立条件未显式前置；缺少最小例/非例；缺少一句话直觉桥,"先说它解决什么：“LDA变分更新推导”应按输入、状态、初始化、一次更新、停止与输出六个角色来读。
再给核心表述：
然后落地对象与条件：逐一写清输入/变量属于什么集合，公式在哪些前提下成立。
最小自检：用2—3个状态或样本手算一轮，把更新前后量并排列出。
误区与边界：预算耗尽、数值停止和数学收敛不是同一状态；候选失败时不能覆盖最后合法状态。",UNREVIEWED_CURRENT_SOURCE,统计学习方法讲义_v2.6.0_全量索引库.xlsx
M04-KN-SLM-20-04-005,KNOWLEDGE,知识点索引,573,SLM-20-04-005,src/讲义源码/第05册_采样方法主题模型与图排序/chapters/V5-C06.tex,602,800,高,核心表述偏短；成立条件未显式前置；缺少最小例/非例；缺少一句话直觉桥,"先说它解决什么：“LDA的变分参数估计算法”应按输入、状态、初始化、一次更新、停止与输出六个角色来读。
再给核心表述：
然后落地对象与条件：逐一写清输入/变量属于什么集合，公式在哪些前提下成立。
最小自检：用2—3个状态或样本手算一轮，把更新前后量并排列出。
误区与边界：预算耗尽、数值停止和数学收敛不是同一状态；候选失败时不能覆盖最后合法状态。",UNREVIEWED_CURRENT_SOURCE,统计学习方法讲义_v2.6.0_全量索引库.xlsx
M04-KN-SLM-20-04-006,KNOWLEDGE,知识点索引,574,SLM-20-04-006,src/讲义源码/第05册_采样方法主题模型与图排序/chapters/V5-C06.tex,835,805,中,核心表述偏短；缺少最小例/非例；缺少一句话直觉桥,"先说它解决什么：先把“LDA两类推断路线总结”理解为一个需要明确对象、条件与结论的基础概念。
再给核心表述：
然后落地对象与条件：逐一写清输入/变量属于什么集合，公式在哪些前提下成立。
最小自检：给出一个满足定义的最小例和一个只破坏单一条件的非例。
误区与边界：不要只凭名称或图形相似作判断，应回到定义中的量词、作用域和条件。",UNREVIEWED_CURRENT_SOURCE,统计学习方法讲义_v2.6.0_全量索引库.xlsx
M04-KN-SLM-20-05-001,KNOWLEDGE,知识点索引,575,SLM-20-05-001,src/讲义源码/第05册_采样方法主题模型与图排序/chapters/V5-C06.tex,836,805,中,符号密度较高；单段过长，需分层,"先说它解决什么：“LDA变分EM超参数与评估”应按输入、状态、初始化、一次更新、停止与输出六个角色来读。
再给核心表述：几何解释。
然后落地对象与条件：逐一写清输入/变量属于什么集合，公式在哪些前提下成立。
最小自检：用2—3个状态或样本手算一轮，把更新前后量并排列出。
误区与边界：预算耗尽、数值停止和数学收敛不是同一状态；候选失败时不能覆盖最后合法状态。",UNREVIEWED_CURRENT_SOURCE,统计学习方法讲义_v2.6.0_全量索引库.xlsx
M04-KN-SLM-21-01-001,KNOWLEDGE,知识点索引,576,SLM-21-01-001,src/讲义源码/第05册_采样方法主题模型与图排序/chapters/V5-C07.tex,190,826,高,核心表述偏短；成立条件未显式前置；缺少最小例/非例；缺少一句话直觉桥,"先说它解决什么：“PageRank的随机游走思想@PageRank 的随机游走思想”用于说明概率量在支持集、条件化或归一化下如何定义与计算。
再给核心表述：
然后落地对象与条件：逐一写清输入/变量属于什么集合，公式在哪些前提下成立。
最小自检：用两点或两类的最小分布代入一次，检查每项非负、总和为1，以及条件分母是否为正。
误区与边界：不要把密度值当作点概率，也不要在分母为0或支持集不匹配时继续套公式。",UNREVIEWED_CURRENT_SOURCE,统计学习方法讲义_v2.6.0_全量索引库.xlsx
M04-KN-SLM-21-00-001,KNOWLEDGE,知识点索引,577,SLM-21-00-001,src/讲义源码/第05册_采样方法主题模型与图排序/chapters/V5-C07.tex,191,826,高,核心表述偏短；成立条件未显式前置；缺少最小例/非例；缺少一句话直觉桥,"先说它解决什么：“PageRank阻尼排序算法@PageRank 阻尼排序算法”应按输入、状态、初始化、一次更新、停止与输出六个角色来读。
再给核心表述：
然后落地对象与条件：逐一写清输入/变量属于什么集合，公式在哪些前提下成立。
最小自检：用2—3个状态或样本手算一轮，把更新前后量并排列出。
误区与边界：预算耗尽、数值停止和数学收敛不是同一状态；候选失败时不能覆盖最后合法状态。",UNREVIEWED_CURRENT_SOURCE,统计学习方法讲义_v2.6.0_全量索引库.xlsx
M04-KN-SLM-21-01-002,KNOWLEDGE,知识点索引,578,SLM-21-01-002,src/讲义源码/第05册_采样方法主题模型与图排序/chapters/V5-C07.tex,192,826,中,核心表述偏短；缺少最小例/非例；缺少一句话直觉桥,"先说它解决什么：先把“PageRank固定点定义@PageRank 固定点定义”理解为一个需要明确对象、条件与结论的基础概念。
再给核心表述：
然后落地对象与条件：逐一写清输入/变量属于什么集合，公式在哪些前提下成立。
最小自检：给出一个满足定义的最小例和一个只破坏单一条件的非例。
误区与边界：不要只凭名称或图形相似作判断，应回到定义中的量词、作用域和条件。",UNREVIEWED_CURRENT_SOURCE,统计学习方法讲义_v2.6.0_全量索引库.xlsx
M04-KN-SLM-21-01-003,KNOWLEDGE,知识点索引,579,SLM-21-01-003,src/讲义源码/第05册_采样方法主题模型与图排序/chapters/V5-C07.tex,193,825,中,核心表述偏短；缺少最小例/非例；缺少一句话直觉桥,"先说它解决什么：先把“链接权重按出度分配”理解为一个需要明确对象、条件与结论的基础概念。
再给核心表述：
然后落地对象与条件：逐一写清输入/变量属于什么集合，公式在哪些前提下成立。
最小自检：给出一个满足定义的最小例和一个只破坏单一条件的非例。
误区与边界：不要只凭名称或图形相似作判断，应回到定义中的量词、作用域和条件。",UNREVIEWED_CURRENT_SOURCE,统计学习方法讲义_v2.6.0_全量索引库.xlsx
M04-KN-SLM-21-01-004,KNOWLEDGE,知识点索引,580,SLM-21-01-004,src/讲义源码/第05册_采样方法主题模型与图排序/chapters/V5-C07.tex,194,826,高,核心表述偏短；成立条件未显式前置；缺少最小例/非例；缺少一句话直觉桥,"先说它解决什么：“有向图和随机游走模型”用于说明概率量在支持集、条件化或归一化下如何定义与计算。
再给核心表述：
然后落地对象与条件：逐一写清输入/变量属于什么集合，公式在哪些前提下成立。
最小自检：用两点或两类的最小分布代入一次，检查每项非负、总和为1，以及条件分母是否为正。
误区与边界：不要把密度值当作点概率，也不要在分母为0或支持集不匹配时继续套公式。",UNREVIEWED_CURRENT_SOURCE,统计学习方法讲义_v2.6.0_全量索引库.xlsx
M04-KN-SLM-21-02-001,KNOWLEDGE,知识点索引,581,SLM-21-02-001,src/讲义源码/第05册_采样方法主题模型与图排序/chapters/V5-C07.tex,195,826,低,符号密度较高,"先说它解决什么：“有向图上的随机游走例”应按输入、状态、初始化、一次更新、停止与输出六个角色来读。
再给核心表述：问题提出。
然后落地对象与条件：逐一写清输入/变量属于什么集合，公式在哪些前提下成立。
最小自检：用2—3个状态或样本手算一轮，把更新前后量并排列出。
误区与边界：预算耗尽、数值停止和数学收敛不是同一状态；候选失败时不能覆盖最后合法状态。",UNREVIEWED_CURRENT_SOURCE,统计学习方法讲义_v2.6.0_全量索引库.xlsx
M04-KN-SLM-21-01-005,KNOWLEDGE,知识点索引,582,SLM-21-01-005,src/讲义源码/第05册_采样方法主题模型与图排序/chapters/V5-C07.tex,257,823,中,核心表述偏短；缺少最小例/非例；缺少一句话直觉桥,"先说它解决什么：先把“PageRank的基本定义@PageRank 的基本定义”理解为一个需要明确对象、条件与结论的基础概念。
再给核心表述：
然后落地对象与条件：逐一写清输入/变量属于什么集合，公式在哪些前提下成立。
最小自检：给出一个满足定义的最小例和一个只破坏单一条件的非例。
误区与边界：不要只凭名称或图形相似作判断，应回到定义中的量词、作用域和条件。",UNREVIEWED_CURRENT_SOURCE,统计学习方法讲义_v2.6.0_全量索引库.xlsx
M04-KN-SLM-21-03-001,KNOWLEDGE,知识点索引,583,SLM-21-03-001,src/讲义源码/第05册_采样方法主题模型与图排序/chapters/V5-C07.tex,258,823,中,核心表述偏短；缺少最小例/非例；缺少一句话直觉桥,"先说它解决什么：先把“基本PageRank固定点@基本PageRank 固定点”理解为一个需要明确对象、条件与结论的基础概念。
再给核心表述：
然后落地对象与条件：逐一写清输入/变量属于什么集合，公式在哪些前提下成立。
最小自检：给出一个满足定义的最小例和一个只破坏单一条件的非例。
误区与边界：不要只凭名称或图形相似作判断，应回到定义中的量词、作用域和条件。",UNREVIEWED_CURRENT_SOURCE,统计学习方法讲义_v2.6.0_全量索引库.xlsx
M04-KN-SLM-21-01-006,KNOWLEDGE,知识点索引,584,SLM-21-01-006,src/讲义源码/第05册_采样方法主题模型与图排序/chapters/V5-C07.tex,373,830,中,核心表述偏短；缺少最小例/非例；缺少一句话直觉桥,"先说它解决什么：先把“PageRank的一般定义@PageRank 的一般定义”理解为一个需要明确对象、条件与结论的基础概念。
再给核心表述：
然后落地对象与条件：逐一写清输入/变量属于什么集合，公式在哪些前提下成立。
最小自检：给出一个满足定义的最小例和一个只破坏单一条件的非例。
误区与边界：不要只凭名称或图形相似作判断，应回到定义中的量词、作用域和条件。",UNREVIEWED_CURRENT_SOURCE,统计学习方法讲义_v2.6.0_全量索引库.xlsx
M04-KN-SLM-21-04-001,KNOWLEDGE,知识点索引,585,SLM-21-04-001,src/讲义源码/第05册_采样方法主题模型与图排序/chapters/V5-C07.tex,374,830,低,符号密度较高,"先说它解决什么：“阻尼随机游走”用于说明概率量在支持集、条件化或归一化下如何定义与计算。
再给核心表述：先定义悬挂指示向量$ a$：$a_j=1$当且仅当$c_j=0$。
然后落地对象与条件：逐一写清输入/变量属于什么集合，公式在哪些前提下成立。
最小自检：用两点或两类的最小分布代入一次，检查每项非负、总和为1，以及条件分母是否为正。
误区与边界：不要把密度值当作点概率，也不要在分母为0或支持集不匹配时继续套公式。",UNREVIEWED_CURRENT_SOURCE,统计学习方法讲义_v2.6.0_全量索引库.xlsx
M04-KN-SLM-21-01-007,KNOWLEDGE,知识点索引,586,SLM-21-01-007,src/讲义源码/第05册_采样方法主题模型与图排序/chapters/V5-C07.tex,585,832,高,核心表述偏短；成立条件未显式前置；缺少最小例/非例；缺少一句话直觉桥,"先说它解决什么：“PageRank迭代算法@PageRank 迭代算法”应按输入、状态、初始化、一次更新、停止与输出六个角色来读。
再给核心表述：
然后落地对象与条件：逐一写清输入/变量属于什么集合，公式在哪些前提下成立。
最小自检：用2—3个状态或样本手算一轮，把更新前后量并排列出。
误区与边界：预算耗尽、数值停止和数学收敛不是同一状态；候选失败时不能覆盖最后合法状态。",UNREVIEWED_CURRENT_SOURCE,统计学习方法讲义_v2.6.0_全量索引库.xlsx
M04-KN-SLM-21-02-002,KNOWLEDGE,知识点索引,587,SLM-21-02-002,src/讲义源码/第05册_采样方法主题模型与图排序/chapters/V5-C07.tex,586,832,中,核心表述偏短；缺少最小例/非例；缺少一句话直觉桥,"先说它解决什么：先把“PageRank的计算@PageRank 的计算”理解为一个需要明确对象、条件与结论的基础概念。
再给核心表述：
然后落地对象与条件：逐一写清输入/变量属于什么集合，公式在哪些前提下成立。
最小自检：给出一个满足定义的最小例和一个只破坏单一条件的非例。
误区与边界：不要只凭名称或图形相似作判断，应回到定义中的量词、作用域和条件。",UNREVIEWED_CURRENT_SOURCE,统计学习方法讲义_v2.6.0_全量索引库.xlsx
M04-KN-SLM-21-02-003,KNOWLEDGE,知识点索引,588,SLM-21-02-003,src/讲义源码/第05册_采样方法主题模型与图排序/chapters/V5-C07.tex,587,832,高,核心表述偏短；成立条件未显式前置；缺少最小例/非例；缺少一句话直觉桥,"先说它解决什么：“迭代算法”应按输入、状态、初始化、一次更新、停止与输出六个角色来读。
再给核心表述：
然后落地对象与条件：逐一写清输入/变量属于什么集合，公式在哪些前提下成立。
最小自检：用2—3个状态或样本手算一轮，把更新前后量并排列出。
误区与边界：预算耗尽、数值停止和数学收敛不是同一状态；候选失败时不能覆盖最后合法状态。",UNREVIEWED_CURRENT_SOURCE,统计学习方法讲义_v2.6.0_全量索引库.xlsx
M04-KN-SLM-21-02-006,KNOWLEDGE,知识点索引,589,SLM-21-02-006,src/讲义源码/第05册_采样方法主题模型与图排序/chapters/V5-C07.tex,588,832,高,核心表述偏短；成立条件未显式前置；缺少最小例/非例；缺少一句话直觉桥,"先说它解决什么：“代数算法”应按输入、状态、初始化、一次更新、停止与输出六个角色来读。
再给核心表述：
然后落地对象与条件：逐一写清输入/变量属于什么集合，公式在哪些前提下成立。
最小自检：用2—3个状态或样本手算一轮，把更新前后量并排列出。
误区与边界：预算耗尽、数值停止和数学收敛不是同一状态；候选失败时不能覆盖最后合法状态。",UNREVIEWED_CURRENT_SOURCE,统计学习方法讲义_v2.6.0_全量索引库.xlsx
M04-KN-SLM-21-02-004,KNOWLEDGE,知识点索引,590,SLM-21-02-004,src/讲义源码/第05册_采样方法主题模型与图排序/chapters/V5-C07.tex,589,832,高,核心表述偏短；成立条件未显式前置；缺少最小例/非例；缺少一句话直觉桥,"先说它解决什么：“幂法”应按输入、状态、初始化、一次更新、停止与输出六个角色来读。
再给核心表述：
然后落地对象与条件：逐一写清输入/变量属于什么集合，公式在哪些前提下成立。
最小自检：用2—3个状态或样本手算一轮，把更新前后量并排列出。
误区与边界：预算耗尽、数值停止和数学收敛不是同一状态；候选失败时不能覆盖最后合法状态。",UNREVIEWED_CURRENT_SOURCE,统计学习方法讲义_v2.6.0_全量索引库.xlsx
M04-KN-SLM-21-02-005,KNOWLEDGE,知识点索引,591,SLM-21-02-005,src/讲义源码/第05册_采样方法主题模型与图排序/chapters/V5-C07.tex,590,832,中,符号密度较高；单段过长，需分层,"先说它解决什么：“一般PageRank的幂法计算@一般PageRank 的幂法计算”应按输入、状态、初始化、一次更新、停止与输出六个角色来读。
再给核心表述：一般PageRank的幂迭代就是 equation r^(t+1)=G r^(t) =dS r^(t)+(1-d) v. equation 实际实现不显式形成稠密的$G$。
然后落地对象与条件：逐一写清输入/变量属于什么集合，公式在哪些前提下成立。
最小自检：用2—3个状态或样本手算一轮，把更新前后量并排列出。
误区与边界：预算耗尽、数值停止和数学收敛不是同一状态；候选失败时不能覆盖最后合法状态。",UNREVIEWED_CURRENT_SOURCE,统计学习方法讲义_v2.6.0_全量索引库.xlsx
M04-KN-SLM-22-00-001,KNOWLEDGE,知识点索引,592,SLM-22-00-001,src/讲义源码/第05册_采样方法主题模型与图排序/chapters/V5-C08.tex,173,851,中,核心表述偏短；缺少最小例/非例；缺少一句话直觉桥,"先说它解决什么：先把“无监督学习方法总结”理解为一个需要明确对象、条件与结论的基础概念。
再给核心表述：
然后落地对象与条件：逐一写清输入/变量属于什么集合，公式在哪些前提下成立。
最小自检：给出一个满足定义的最小例和一个只破坏单一条件的非例。
误区与边界：不要只凭名称或图形相似作判断，应回到定义中的量词、作用域和条件。",UNREVIEWED_CURRENT_SOURCE,统计学习方法讲义_v2.6.0_全量索引库.xlsx
M04-KN-SLM-22-01-001,KNOWLEDGE,知识点索引,593,SLM-22-01-001,src/讲义源码/第05册_采样方法主题模型与图排序/chapters/V5-C08.tex,174,851,中,核心表述偏短；缺少最小例/非例；缺少一句话直觉桥,"先说它解决什么：先把“无监督学习方法的关系和特点”理解为一个需要明确对象、条件与结论的基础概念。
再给核心表述：
然后落地对象与条件：逐一写清输入/变量属于什么集合，公式在哪些前提下成立。
最小自检：给出一个满足定义的最小例和一个只破坏单一条件的非例。
误区与边界：不要只凭名称或图形相似作判断，应回到定义中的量词、作用域和条件。",UNREVIEWED_CURRENT_SOURCE,统计学习方法讲义_v2.6.0_全量索引库.xlsx
M04-KN-SLM-22-01-002,KNOWLEDGE,知识点索引,594,SLM-22-01-002,src/讲义源码/第05册_采样方法主题模型与图排序/chapters/V5-C08.tex,175,851,中,符号密度较高；单段过长，需分层,"先说它解决什么：“各种方法之间的关系”应按输入、状态、初始化、一次更新、停止与输出六个角色来读。
再给核心表述：问题提出。
然后落地对象与条件：逐一写清输入/变量属于什么集合，公式在哪些前提下成立。
最小自检：用2—3个状态或样本手算一轮，把更新前后量并排列出。
误区与边界：预算耗尽、数值停止和数学收敛不是同一状态；候选失败时不能覆盖最后合法状态。",UNREVIEWED_CURRENT_SOURCE,统计学习方法讲义_v2.6.0_全量索引库.xlsx
M04-KN-SLM-22-02-001,KNOWLEDGE,知识点索引,595,SLM-22-02-001,src/讲义源码/第05册_采样方法主题模型与图排序/chapters/V5-C08.tex,255,853,中,符号密度较高；单段过长，需分层,"先说它解决什么：“话题模型之间的关系和特点”应按输入、状态、初始化、一次更新、停止与输出六个角色来读。
再给核心表述：令$ X R_ 0^M N$按“词$ $文档”排列，目标秩为 $K (M,N)$。
然后落地对象与条件：逐一写清输入/变量属于什么集合，公式在哪些前提下成立。
最小自检：用2—3个状态或样本手算一轮，把更新前后量并排列出。
误区与边界：预算耗尽、数值停止和数学收敛不是同一状态；候选失败时不能覆盖最后合法状态。",UNREVIEWED_CURRENT_SOURCE,统计学习方法讲义_v2.6.0_全量索引库.xlsx
M04-KN-SLM-22-01-003,KNOWLEDGE,知识点索引,596,SLM-22-01-003,src/讲义源码/第05册_采样方法主题模型与图排序/chapters/V5-C08.tex,568,849,中,核心表述偏短；缺少最小例/非例；缺少一句话直觉桥,"先说它解决什么：先把“无监督学习方法”理解为一个需要明确对象、条件与结论的基础概念。
再给核心表述：
然后落地对象与条件：逐一写清输入/变量属于什么集合，公式在哪些前提下成立。
最小自检：给出一个满足定义的最小例和一个只破坏单一条件的非例。
误区与边界：不要只凭名称或图形相似作判断，应回到定义中的量词、作用域和条件。",UNREVIEWED_CURRENT_SOURCE,统计学习方法讲义_v2.6.0_全量索引库.xlsx
M04-KN-SLM-22-01-004,KNOWLEDGE,知识点索引,597,SLM-22-01-004,src/讲义源码/第05册_采样方法主题模型与图排序/chapters/V5-C08.tex,569,861,中,符号密度较高；单段过长，需分层,"先说它解决什么：“基础机器学习方法”应按输入、状态、初始化、一次更新、停止与输出六个角色来读。
再给核心表述：选择顺序应从输出语义开始，而不是从算法熟悉度开始： 需要离散分组时先考虑聚类；
然后落地对象与条件：逐一写清输入/变量属于什么集合，公式在哪些前提下成立。
最小自检：用2—3个状态或样本手算一轮，把更新前后量并排列出。
误区与边界：预算耗尽、数值停止和数学收敛不是同一状态；候选失败时不能覆盖最后合法状态。",UNREVIEWED_CURRENT_SOURCE,统计学习方法讲义_v2.6.0_全量索引库.xlsx
M05-定理-thm:V1-C01-indicator-count,THEOREM_DEFINITION,定理定义索引,2,thm:V1-C01-indicator-count,src/讲义源码/第01册_数学基础与统计学习基本理论/chapters/V1-C01.tex,100,16,中,符号密度高,"1. 条件：设$I=\1, ,n\$且$n ℕ$、$n>0$，$S=\i I:P_i成立\$
2. 结论：$ _i=1^n \P_i\=|S|$，其中$|S|$表示有限集合$S$的元素个数。
3. 证明起点：证明目标是说明求和的每一个单位与$S$中的一个元素一一对应。
4. 逐步写明每个条件在何处被使用，等式变形前核对定义域/维数/正分母。
5. 用一个只破坏单一条件的反例说明边界；最后复述结论而不是只写“证毕”。",UNREVIEWED_CURRENT_SOURCE,统计学习方法讲义_v2.6.0_全量索引库.xlsx
M05-定义-def:V1-C02-linear-map,THEOREM_DEFINITION,定理定义索引,3,def:V1-C02-linear-map,src/讲义源码/第01册_数学基础与统计学习基本理论/chapters/V1-C02.tex,66,28,中,符号密度高,"1. 条件：设$T:ℝ^n ℝ^m$。若对任意$x,y ℝ^n$和$a,b ℝ$都有 $T(ax+by)=aT(x)+bT(y)$
2. 结论：称$T$为线性映射。给定标准基后，存在唯一$A ℝ^m n$使$T(x)=Ax$。
3. 证明起点：该条为定义或当前范围未提供证明。
4. 逐步写明每个条件在何处被使用，等式变形前核对定义域/维数/正分母。
5. 用一个只破坏单一条件的反例说明边界；最后复述结论而不是只写“证毕”。",UNREVIEWED_CURRENT_SOURCE,统计学习方法讲义_v2.6.0_全量索引库.xlsx
M05-定理-thm:V1-C02-best-projection,THEOREM_DEFINITION,定理定义索引,4,thm:V1-C02-best-projection,src/讲义源码/第01册_数学基础与统计学习基本理论/chapters/V1-C02.tex,114,29,中,符号密度高,"1. 条件：设$S$是$ℝ^n$的子空间，$x=p+r$，其中$p S$且$r S^ $
2. 结论：对任意$s S$， $ x-p_2 x-s_2$，等号成立当且仅当$s=p$。
3. 证明起点：证明目标是比较任意候选$s$与$p$的误差。
4. 逐步写明每个条件在何处被使用，等式变形前核对定义域/维数/正分母。
5. 用一个只破坏单一条件的反例说明边界；最后复述结论而不是只写“证毕”。",UNREVIEWED_CURRENT_SOURCE,统计学习方法讲义_v2.6.0_全量索引库.xlsx
M05-定义-def:V1-C03-differentiable,THEOREM_DEFINITION,定理定义索引,5,def:V1-C03-differentiable,src/讲义源码/第01册_数学基础与统计学习基本理论/chapters/V1-C03.tex,69,48,中,符号密度高,"1. 条件：设$U ℝ^d$为开集，$f:U ℝ$。若存在向量$g ℝ^d$，使得当$h 0$时 $ f(x+h)=f(x)+ g^ Th+o( h_2), $
2. 结论：$f$在$x$可微，$g$称梯度，记作$ f(x)$。小量条件要求余项除以$ h_2$后趋于零。
3. 证明起点：该条为定义或当前范围未提供证明。
4. 逐步写明每个条件在何处被使用，等式变形前核对定义域/维数/正分母。
5. 用一个只破坏单一条件的反例说明边界；最后复述结论而不是只写“证毕”。",UNREVIEWED_CURRENT_SOURCE,统计学习方法讲义_v2.6.0_全量索引库.xlsx
M05-定理-thm:V1-C03-directional,THEOREM_DEFINITION,定理定义索引,6,thm:V1-C03-directional,src/讲义源码/第01册_数学基础与统计学习基本理论/chapters/V1-C03.tex,117,49,中,符号密度高,"1. 条件：若$U ℝ^d$为开集，$f:U ℝ$在$x U$可微，$u ℝ^d$且$ u_2=1$
2. 结论：方向导数存在并满足 $D_ uf(x)= f(x)^ Tu$。当梯度非零时，其最大值为$ f(x)_2$，在$ u= f/ f_2$处取得。
3. 证明起点：因为$U$为开集且$x U$，存在$r>0$使$B(x,r) U$。
4. 逐步写明每个条件在何处被使用，等式变形前核对定义域/维数/正分母。
5. 用一个只破坏单一条件的反例说明边界；最后复述结论而不是只写“证毕”。",UNREVIEWED_CURRENT_SOURCE,统计学习方法讲义_v2.6.0_全量索引库.xlsx
M05-定义-0006,THEOREM_DEFINITION,定理定义索引,7,4,src/讲义源码/第01册_数学基础与统计学习基本理论/chapters/V1-C04.tex,76,64,中,符号密度高,"1. 条件：设非空事件族$ F 2^ $满足$ F$，并且对补集与可数并封闭；这样的$ F$称为$ $-代数。映射 $P: F $ 满足 $P( )=1$，且对两两不交事件 $A_1,A_2, $ 有 $ P ( _i=1^ A_i )= _i=1^ P(A_i), $
2. 结论：$( , F,P)$ 称为概率空间。
3. 证明起点：该条为定义或当前范围未提供证明。
4. 逐步写明每个条件在何处被使用，等式变形前核对定义域/维数/正分母。
5. 用一个只破坏单一条件的反例说明边界；最后复述结论而不是只写“证毕”。",UNREVIEWED_CURRENT_SOURCE,统计学习方法讲义_v2.6.0_全量索引库.xlsx
M05-推论-0007,THEOREM_DEFINITION,定理定义索引,8,4,src/讲义源码/第01册_数学基础与统计学习基本理论/chapters/V1-C04.tex,223,64,中,符号密度高；证明过短，关键变形或条件使用位置不醒目,"1. 条件：对任意 $ >0$， $ P(| X_n- | ) ^2n ^2 0. $
2. 结论：见原陈述
3. 证明起点：独立性使和的方差等于各方差之和，所以 $Var( X_n)=n ^2/n^2$。
4. 逐步写明每个条件在何处被使用，等式变形前核对定义域/维数/正分母。
5. 用一个只破坏单一条件的反例说明边界；最后复述结论而不是只写“证毕”。",UNREVIEWED_CURRENT_SOURCE,统计学习方法讲义_v2.6.0_全量索引库.xlsx
M05-定理-0008,THEOREM_DEFINITION,定理定义索引,9,4,src/讲义源码/第01册_数学基础与统计学习基本理论/chapters/V1-C04.tex,387,72,低,陈述与证明结构基本完整,"1. 条件：若随机变量 $X,Y$ 的分布函数在每个实数点相同
2. 结论：二者具有相同分布。
3. 证明起点：令$ _X, _Y$为$X,Y$在$( R, B( R))$上的分布测度。
4. 逐步写明每个条件在何处被使用，等式变形前核对定义域/维数/正分母。
5. 用一个只破坏单一条件的反例说明边界；最后复述结论而不是只写“证毕”。",UNREVIEWED_CURRENT_SOURCE,统计学习方法讲义_v2.6.0_全量索引库.xlsx
M05-引理-0009,THEOREM_DEFINITION,定理定义索引,10,4,src/讲义源码/第01册_数学基础与统计学习基本理论/chapters/V1-C04.tex,441,73,中,证明过短，关键变形或条件使用位置不醒目；证明路线提示不足,"1. 条件：对任意满足 $p_Y(y)>0$ 的 $y$，有 $ _xp_X Y(x y)=1$
2. 结论：
3. 证明起点：把条件分布定义代入求和，分子之和为 $ _xp_XY(x,y)=p_Y(y)$；
4. 逐步写明每个条件在何处被使用，等式变形前核对定义域/维数/正分母。
5. 用一个只破坏单一条件的反例说明边界；最后复述结论而不是只写“证毕”。",UNREVIEWED_CURRENT_SOURCE,统计学习方法讲义_v2.6.0_全量索引库.xlsx
M05-定义-struct:V1-C05-CH07,THEOREM_DEFINITION,定理定义索引,11,struct:V1-C05-CH07,src/讲义源码/第01册_数学基础与统计学习基本理论/chapters/V1-C05.tex,80,82,中,符号密度高,"1. 条件：见原陈述中的对象与前提
2. 结论：见原陈述中的结论
3. 证明起点：该条为定义或当前范围未提供证明。
4. 逐步写明每个条件在何处被使用，等式变形前核对定义域/维数/正分母。
5. 用一个只破坏单一条件的反例说明边界；最后复述结论而不是只写“证毕”。",UNREVIEWED_CURRENT_SOURCE,统计学习方法讲义_v2.6.0_全量索引库.xlsx
M05-定理-0011,THEOREM_DEFINITION,定理定义索引,12,5,src/讲义源码/第01册_数学基础与统计学习基本理论/chapters/V1-C05.tex,99,82,中,证明过短，关键变形或条件使用位置不醒目,"1. 条件：若 $S (n,p)$
2. 结论：$ ES=np$，$Var(S)=np(1-p)$。
3. 证明起点：把 $S$ 写成独立伯努利变量之和。
4. 逐步写明每个条件在何处被使用，等式变形前核对定义域/维数/正分母。
5. 用一个只破坏单一条件的反例说明边界；最后复述结论而不是只写“证毕”。",UNREVIEWED_CURRENT_SOURCE,统计学习方法讲义_v2.6.0_全量索引库.xlsx
M05-引理-0012,THEOREM_DEFINITION,定理定义索引,13,5,src/讲义源码/第01册_数学基础与统计学习基本理论/chapters/V1-C05.tex,146,83,中,符号密度高；证明过短，关键变形或条件使用位置不醒目,"1. 条件：若 $X N( , ^2)$
2. 结论：$Z=(X- )/ N(0,1)$。
3. 证明起点：使用变量代换 $x= + z$，雅可比绝对值为 $ $。
4. 逐步写明每个条件在何处被使用，等式变形前核对定义域/维数/正分母。
5. 用一个只破坏单一条件的反例说明边界；最后复述结论而不是只写“证毕”。",UNREVIEWED_CURRENT_SOURCE,统计学习方法讲义_v2.6.0_全量索引库.xlsx
M05-引理-0013,THEOREM_DEFINITION,定理定义索引,14,5,src/讲义源码/第01册_数学基础与统计学习基本理论/chapters/V1-C05.tex,177,84,中,符号密度高；证明路线提示不足,"1. 条件：见原陈述中的对象与前提
2. 结论：见原陈述中的结论
3. 证明起点：对 $ _0^ t^ae^-t dt$ 分部积分，取 $u=t^a$、$ dv=e^-t dt$。
4. 逐步写明每个条件在何处被使用，等式变形前核对定义域/维数/正分母。
5. 用一个只破坏单一条件的反例说明边界；最后复述结论而不是只写“证毕”。",UNREVIEWED_CURRENT_SOURCE,统计学习方法讲义_v2.6.0_全量索引库.xlsx
M05-推论-0014,THEOREM_DEFINITION,定理定义索引,15,5,src/讲义源码/第01册_数学基础与统计学习基本理论/chapters/V1-C05.tex,237,85,中,未在紧邻位置检出证明,"1. 条件：见原陈述中的对象与前提
2. 结论：见原陈述中的结论
3. 证明起点：该条为定义或当前范围未提供证明。
4. 逐步写明每个条件在何处被使用，等式变形前核对定义域/维数/正分母。
5. 用一个只破坏单一条件的反例说明边界；最后复述结论而不是只写“证毕”。",UNREVIEWED_CURRENT_SOURCE,统计学习方法讲义_v2.6.0_全量索引库.xlsx
M05-定义-0015,THEOREM_DEFINITION,定理定义索引,16,6,src/讲义源码/第01册_数学基础与统计学习基本理论/chapters/V1-C06.tex,105,100,低,陈述与证明结构基本完整,"1. 条件：见原陈述中的对象与前提
2. 结论：见原陈述中的结论
3. 证明起点：该条为定义或当前范围未提供证明。
4. 逐步写明每个条件在何处被使用，等式变形前核对定义域/维数/正分母。
5. 用一个只破坏单一条件的反例说明边界；最后复述结论而不是只写“证毕”。",UNREVIEWED_CURRENT_SOURCE,统计学习方法讲义_v2.6.0_全量索引库.xlsx
M05-定理-0016,THEOREM_DEFINITION,定理定义索引,17,6,src/讲义源码/第01册_数学基础与统计学习基本理论/chapters/V1-C06.tex,114,100,低,陈述与证明结构基本完整,"1. 条件：若$X$有$K$个可能值
2. 结论：$0 H(X) K$；上界当且仅当分布均匀时取得。
3. 证明起点：记正概率支持为$S=\x:p(x)>0\$。
4. 逐步写明每个条件在何处被使用，等式变形前核对定义域/维数/正分母。
5. 用一个只破坏单一条件的反例说明边界；最后复述结论而不是只写“证毕”。",UNREVIEWED_CURRENT_SOURCE,统计学习方法讲义_v2.6.0_全量索引库.xlsx
M05-引理-0017,THEOREM_DEFINITION,定理定义索引,18,6,src/讲义源码/第01册_数学基础与统计学习基本理论/chapters/V1-C06.tex,154,101,低,陈述与证明结构基本完整,"1. 条件：若$X,Y$取值于有限字母表
2. 结论：$H(X Y) H(X)$，等号当且仅当$X,Y$独立（忽略零概率点）。
3. 证明起点：有限字母表保证$H(X)$与$H(X Y)$均有限，所以下面的差不是$+ - $。
4. 逐步写明每个条件在何处被使用，等式变形前核对定义域/维数/正分母。
5. 用一个只破坏单一条件的反例说明边界；最后复述结论而不是只写“证毕”。",UNREVIEWED_CURRENT_SOURCE,统计学习方法讲义_v2.6.0_全量索引库.xlsx
M05-推论-0018,THEOREM_DEFINITION,定理定义索引,19,6,src/讲义源码/第01册_数学基础与统计学习基本理论/chapters/V1-C06.tex,268,104,中,未在紧邻位置检出证明,"1. 条件：见原陈述中的对象与前提
2. 结论：见原陈述中的结论
3. 证明起点：该条为定义或当前范围未提供证明。
4. 逐步写明每个条件在何处被使用，等式变形前核对定义域/维数/正分母。
5. 用一个只破坏单一条件的反例说明边界；最后复述结论而不是只写“证毕”。",UNREVIEWED_CURRENT_SOURCE,统计学习方法讲义_v2.6.0_全量索引库.xlsx
M05-定义-struct:V1-C07-CH07,THEOREM_DEFINITION,定理定义索引,20,struct:V1-C07-CH07,src/讲义源码/第01册_数学基础与统计学习基本理论/chapters/V1-C07.tex,78,118,低,陈述与证明结构基本完整,"1. 条件：给定目标函数、决策变量及一组等式和不等式约束，在全部满足约束的决策中寻找目标值最小者，称为约束最小化问题；若目标与不等式函数凸、等式函数仿射
2. 结论：称为凸优化问题。
3. 证明起点：该条为定义或当前范围未提供证明。
4. 逐步写明每个条件在何处被使用，等式变形前核对定义域/维数/正分母。
5. 用一个只破坏单一条件的反例说明边界；最后复述结论而不是只写“证毕”。",UNREVIEWED_CURRENT_SOURCE,统计学习方法讲义_v2.6.0_全量索引库.xlsx
M05-推论-0020,THEOREM_DEFINITION,定理定义索引,21,7,src/讲义源码/第01册_数学基础与统计学习基本理论/chapters/V1-C07.tex,218,121,中,证明过短，关键变形或条件使用位置不醒目；证明路线提示不足,"1. 条件：若凸问题的一组原--对偶变量满足KKT条件
2. 结论：其原目标等于对偶目标，因而二者均最优。
3. 证明起点：前述三级推导分别建立拉格朗日函数极小性、约束项消去和弱对偶夹逼，已经得到$g( ^*, ^*)=f(x^*)$，所以零间隙与原--对偶最优性成立。
4. 逐步写明每个条件在何处被使用，等式变形前核对定义域/维数/正分母。
5. 用一个只破坏单一条件的反例说明边界；最后复述结论而不是只写“证毕”。",UNREVIEWED_CURRENT_SOURCE,统计学习方法讲义_v2.6.0_全量索引库.xlsx
M05-定理-0021,THEOREM_DEFINITION,定理定义索引,22,7,src/讲义源码/第01册_数学基础与统计学习基本理论/chapters/V1-C07.tex,297,123,中,符号密度高,"1. 条件：若$f$可微且凸，$C$凸
2. 结论：$x^* C$为全局最优点当且仅当 $ f(x^*)^ T(x-x^*) 0$ 对所有$x C$成立。
3. 证明起点：若条件成立，凸函数一阶下界给出 $f(x) f(x^*)+ f(x^*)^ T(x-x^*) f(x^*)$。
4. 逐步写明每个条件在何处被使用，等式变形前核对定义域/维数/正分母。
5. 用一个只破坏单一条件的反例说明边界；最后复述结论而不是只写“证毕”。",UNREVIEWED_CURRENT_SOURCE,统计学习方法讲义_v2.6.0_全量索引库.xlsx
M05-引理-0022,THEOREM_DEFINITION,定理定义索引,23,7,src/讲义源码/第01册_数学基础与统计学习基本理论/chapters/V1-C07.tex,326,124,低,陈述与证明结构基本完整,"1. 条件：见原陈述中的对象与前提
2. 结论：见原陈述中的结论
3. 证明起点：设最后一个权重为$ _n<1$，把前$n-1$项归一化为点 $z=(1- _n)^-1 _i<n _ix_i$。
4. 逐步写明每个条件在何处被使用，等式变形前核对定义域/维数/正分母。
5. 用一个只破坏单一条件的反例说明边界；最后复述结论而不是只写“证毕”。",UNREVIEWED_CURRENT_SOURCE,统计学习方法讲义_v2.6.0_全量索引库.xlsx
M05-定理-0023,THEOREM_DEFINITION,定理定义索引,24,7,src/讲义源码/第01册_数学基础与统计学习基本理论/chapters/V1-C07.tex,441,127,中,未在紧邻位置检出证明,"1. 条件：见原陈述中的对象与前提
2. 结论：见原陈述中的结论
3. 证明起点：该条为定义或当前范围未提供证明。
4. 逐步写明每个条件在何处被使用，等式变形前核对定义域/维数/正分母。
5. 用一个只破坏单一条件的反例说明边界；最后复述结论而不是只写“证毕”。",UNREVIEWED_CURRENT_SOURCE,统计学习方法讲义_v2.6.0_全量索引库.xlsx
M05-定义-struct:V1-C08-CH07,THEOREM_DEFINITION,定理定义索引,25,struct:V1-C08-CH07,src/讲义源码/第01册_数学基础与统计学习基本理论/chapters/V1-C08.tex,76,138,中,符号密度高,"1. 条件：在可微函数的当前点$x$，若向量$p$满足 $ f(x)^ Tp<0$
2. 结论：称$p$为该点的下降方向。由方向导数定义，存在足够小的正步长使$f(x+ p)<f(x)$。
3. 证明起点：该条为定义或当前范围未提供证明。
4. 逐步写明每个条件在何处被使用，等式变形前核对定义域/维数/正分母。
5. 用一个只破坏单一条件的反例说明边界；最后复述结论而不是只写“证毕”。",UNREVIEWED_CURRENT_SOURCE,统计学习方法讲义_v2.6.0_全量索引库.xlsx
M05-定理-0025,THEOREM_DEFINITION,定理定义索引,26,8,src/讲义源码/第01册_数学基础与统计学习基本理论/chapters/V1-C08.tex,86,139,低,陈述与证明结构基本完整,"1. 条件：若梯度$L$-Lipschitz
2. 结论：$ f(y) f(x)+ f(x)^ T(y-x)+ L2\|y-x\|^2. $ 取 $y=x- f(x)$ 且 $0< <2/L$，只要梯度非零就有目标下降。
3. 证明起点：记$d=y-x$并令$ (t)=f(x+td)$。
4. 逐步写明每个条件在何处被使用，等式变形前核对定义域/维数/正分母。
5. 用一个只破坏单一条件的反例说明边界；最后复述结论而不是只写“证毕”。",UNREVIEWED_CURRENT_SOURCE,统计学习方法讲义_v2.6.0_全量索引库.xlsx
M05-推论-0026,THEOREM_DEFINITION,定理定义索引,27,8,src/讲义源码/第01册_数学基础与统计学习基本理论/chapters/V1-C08.tex,184,141,中,证明过短，关键变形或条件使用位置不醒目；证明路线提示不足,"1. 条件：见原陈述中的对象与前提
2. 结论：见原陈述中的结论
3. 证明起点：梯度为$Hx-b$，Hessian恒为$H$。
4. 逐步写明每个条件在何处被使用，等式变形前核对定义域/维数/正分母。
5. 用一个只破坏单一条件的反例说明边界；最后复述结论而不是只写“证毕”。",UNREVIEWED_CURRENT_SOURCE,统计学习方法讲义_v2.6.0_全量索引库.xlsx
M05-定理-0027,THEOREM_DEFINITION,定理定义索引,28,8,src/讲义源码/第01册_数学基础与统计学习基本理论/chapters/V1-C08.tex,377,145,中,符号密度高；未在紧邻位置检出证明,"1. 条件：设$f$在初始水平集上连续可微且下有界，梯度Lipschitz连续；若每步方向均为下降方向、线搜索接受满足Wolfe条件的步长，并且$G_k$的特征值一致地夹在两个正数之间
2. 结论：Zoutendijk论证给出$ f(x_k)_2 0$。这只是一般光滑目标的一阶驻点结论。若进一步$f$为$ $-强凸函数，则 $ x_k-x^*_2 f(x_k)_2/ 0$，从而得到从该水平集到唯一极小点的全局迭代结论。若再假设$f$在极小点邻域二阶连续可微、Hessian Lipschitz连续，且标准BFGS更新满足Dennis--Mor\'e条件并最终接受单位步，则还可得到局部超线性收敛。若Wolfe线搜索失败、曲率条件不能通过阻尼恢复，或仅因预算耗尽停止，上述结论均不能宣称成立。
3. 证明起点：该条为定义或当前范围未提供证明。
4. 逐步写明每个条件在何处被使用，等式变形前核对定义域/维数/正分母。
5. 用一个只破坏单一条件的反例说明边界；最后复述结论而不是只写“证毕”。",UNREVIEWED_CURRENT_SOURCE,统计学习方法讲义_v2.6.0_全量索引库.xlsx
M05-引理-0028,THEOREM_DEFINITION,定理定义索引,29,8,src/讲义源码/第01册_数学基础与统计学习基本理论/chapters/V1-C08.tex,454,148,中,证明过短，关键变形或条件使用位置不醒目,"1. 条件：若$G_k$对称正定且$g_k 0$
2. 结论：$p_k=-G_kg_k$ 是下降方向。
3. 证明起点：$g_k^ Tp_k=-g_k^ TG_kg_k$。
4. 逐步写明每个条件在何处被使用，等式变形前核对定义域/维数/正分母。
5. 用一个只破坏单一条件的反例说明边界；最后复述结论而不是只写“证毕”。",UNREVIEWED_CURRENT_SOURCE,统计学习方法讲义_v2.6.0_全量索引库.xlsx
M05-定理-0029,THEOREM_DEFINITION,定理定义索引,30,8,src/讲义源码/第01册_数学基础与统计学习基本理论/chapters/V1-C08.tex,548,150,中,符号密度高；未在紧邻位置检出证明,"1. 条件：设$f$在迭代所在水平集上有$L$-Lipschitz梯度且下有界；方向满足 $g_k^ Tp_k -m g_k_2^2$与$ p_k_2 M g_k_2$，其中$m,M>0$；取$0<c<1$、$0< <1$、$ _0>0$，并假设回溯在每个有限迭代都接受步长且接受步长有统一下界$ _k >0$。若不以预算、最小步长或数值失败提前截断
2. 结论：$ _k=0^ g_k_2^2 f(x_0)- fc m < , g_k_2 0. $ 算法返回 budget\_stop、 line\_search\_failed或 numerical\_failure时，只报告停止原因，不援引本定理宣称收敛。
3. 证明起点：该条为定义或当前范围未提供证明。
4. 逐步写明每个条件在何处被使用，等式变形前核对定义域/维数/正分母。
5. 用一个只破坏单一条件的反例说明边界；最后复述结论而不是只写“证毕”。",UNREVIEWED_CURRENT_SOURCE,统计学习方法讲义_v2.6.0_全量索引库.xlsx
M05-定理-thm:V1-C09-risk-estimate,THEOREM_DEFINITION,定理定义索引,31,thm:V1-C09-risk-estimate,src/讲义源码/第01册_数学基础与统计学习基本理论/chapters/V1-C09.tex,142,160,中,符号密度高；证明路线提示不足,"1. 条件：见原陈述中的对象与前提
2. 结论：见原陈述中的结论
3. 证明起点：令$U_i=L(Y_i,f(X_i))$。
4. 逐步写明每个条件在何处被使用，等式变形前核对定义域/维数/正分母。
5. 用一个只破坏单一条件的反例说明边界；最后复述结论而不是只写“证毕”。",UNREVIEWED_CURRENT_SOURCE,统计学习方法讲义_v2.6.0_全量索引库.xlsx
M05-定义-def:V1-C09-three-learning-types,THEOREM_DEFINITION,定理定义索引,32,def:V1-C09-three-learning-types,src/讲义源码/第01册_数学基础与统计学习基本理论/chapters/V1-C09.tex,351,167,低,陈述与证明结构基本完整,"1. 条件：见原陈述中的对象与前提
2. 结论：见原陈述中的结论
3. 证明起点：该条为定义或当前范围未提供证明。
4. 逐步写明每个条件在何处被使用，等式变形前核对定义域/维数/正分母。
5. 用一个只破坏单一条件的反例说明边界；最后复述结论而不是只写“证毕”。",UNREVIEWED_CURRENT_SOURCE,统计学习方法讲义_v2.6.0_全量索引库.xlsx
M05-定义-def:V1-C09-hypothesis-space,THEOREM_DEFINITION,定理定义索引,33,def:V1-C09-hypothesis-space,src/讲义源码/第01册_数学基础与统计学习基本理论/chapters/V1-C09.tex,379,167,中,符号密度高,"1. 条件：见原陈述中的对象与前提
2. 结论：见原陈述中的结论
3. 证明起点：该条为定义或当前范围未提供证明。
4. 逐步写明每个条件在何处被使用，等式变形前核对定义域/维数/正分母。
5. 用一个只破坏单一条件的反例说明边界；最后复述结论而不是只写“证毕”。",UNREVIEWED_CURRENT_SOURCE,统计学习方法讲义_v2.6.0_全量索引库.xlsx
M05-定义-0033,THEOREM_DEFINITION,定理定义索引,34,10,src/讲义源码/第01册_数学基础与统计学习基本理论/chapters/V1-C10.tex,95,176,中,符号密度高,"1. 条件：设$f F$，损失函数$L: Y Y . $ 离散情形对所有$(x,y)$求和
2. 结论：连续情形对联合分布积分。期望风险也称期望损失。
3. 证明起点：该条为定义或当前范围未提供证明。
4. 逐步写明每个条件在何处被使用，等式变形前核对定义域/维数/正分母。
5. 用一个只破坏单一条件的反例说明边界；最后复述结论而不是只写“证毕”。",UNREVIEWED_CURRENT_SOURCE,统计学习方法讲义_v2.6.0_全量索引库.xlsx
M05-定义-0034,THEOREM_DEFINITION,定理定义索引,35,10,src/讲义源码/第01册_数学基础与统计学习基本理论/chapters/V1-C10.tex,194,175,低,陈述与证明结构基本完整,"1. 条件：设学习算法从训练集得到$ f$
2. 结论：训练误差是$ f$在训练集上的平均损失。对独立测试集$T'=\(x'_j,y'_j)\_j=1^N'$，测试误差为 $ e_test( f)= 1N' _j=1^N'L(y'_j, f(x'_j)). $ 只有测试集未参与拟合、超参数选择、阈值选择和特征选择时，它才是有效的样本外评估。
3. 证明起点：该条为定义或当前范围未提供证明。
4. 逐步写明每个条件在何处被使用，等式变形前核对定义域/维数/正分母。
5. 用一个只破坏单一条件的反例说明边界；最后复述结论而不是只写“证毕”。",UNREVIEWED_CURRENT_SOURCE,统计学习方法讲义_v2.6.0_全量索引库.xlsx
M05-定义-0035,THEOREM_DEFINITION,定理定义索引,36,10,src/讲义源码/第01册_数学基础与统计学习基本理论/chapters/V1-C10.tex,249,180,中,符号密度高,"1. 条件：给定复杂度函数$J(f) 0$和$ 0$，正
2. 结论：化学习求解 $ _f F \ 1N _i=1^N L(y_i,f(x_i))+ J(f) \. $ $ =0$退化为经验风险最小化；$ $增大时，复杂度惩罚相对更重要。
3. 证明起点：该条为定义或当前范围未提供证明。
4. 逐步写明每个条件在何处被使用，等式变形前核对定义域/维数/正分母。
5. 用一个只破坏单一条件的反例说明边界；最后复述结论而不是只写“证毕”。",UNREVIEWED_CURRENT_SOURCE,统计学习方法讲义_v2.6.0_全量索引库.xlsx
M05-定理-thm:V1-C10-finite-bound,THEOREM_DEFINITION,定理定义索引,37,thm:V1-C10-finite-bound,src/讲义源码/第01册_数学基础与统计学习基本理论/chapters/V1-C10.tex,425,185,中,符号密度高,"1. 条件：设$ F=\f_1, ,f_d\$是含$d$个函数的二类分类假设空间，训练样本独立同分布，损失为$0$--$1$损失
2. 结论：对任意$0< <1$，至少以概率$1- $，对所有$f F$同时成立 $ R(f) R_N(f)+ (d,N, ), (d,N, )= d+ (1/ )2N. $ 概率取自训练样本的随机抽取。
3. 证明起点：推导第1步：固定一个函数。
4. 逐步写明每个条件在何处被使用，等式变形前核对定义域/维数/正分母。
5. 用一个只破坏单一条件的反例说明边界；最后复述结论而不是只写“证毕”。",UNREVIEWED_CURRENT_SOURCE,统计学习方法讲义_v2.6.0_全量索引库.xlsx
M05-推论-0037,THEOREM_DEFINITION,定理定义索引,38,10,src/讲义源码/第01册_数学基础与统计学习基本理论/chapters/V1-C10.tex,474,186,中,符号密度高,"1. 条件：若$ f_N arg min_f F R_N(f)$
2. 结论：在定理的同一事件上 $ R( f_N) R_N( f_N) + d+ (1/ )2N. $
3. 证明起点：定理的事件对$ F$中的每个函数同时成立，而$ f_N$无论由样本选成哪一个都属于$ F$，故可直接把$f$替换为$ f_N$。
4. 逐步写明每个条件在何处被使用，等式变形前核对定义域/维数/正分母。
5. 用一个只破坏单一条件的反例说明边界；最后复述结论而不是只写“证毕”。",UNREVIEWED_CURRENT_SOURCE,统计学习方法讲义_v2.6.0_全量索引库.xlsx
M05-定义-0038,THEOREM_DEFINITION,定理定义索引,39,10,src/讲义源码/第01册_数学基础与统计学习基本理论/chapters/V1-C10.tex,500,186,中,符号密度高,"1. 条件：见原陈述中的对象与前提
2. 结论：见原陈述中的结论
3. 证明起点：该条为定义或当前范围未提供证明。
4. 逐步写明每个条件在何处被使用，等式变形前核对定义域/维数/正分母。
5. 用一个只破坏单一条件的反例说明边界；最后复述结论而不是只写“证毕”。",UNREVIEWED_CURRENT_SOURCE,统计学习方法讲义_v2.6.0_全量索引库.xlsx
M05-定义-0039,THEOREM_DEFINITION,定理定义索引,40,11,src/讲义源码/第01册_数学基础与统计学习基本理论/chapters/V1-C11.tex,92,196,中,符号密度高,"1. 条件：若输出空间$ Y=\1, ,C\$为有限类别集合
2. 结论：从训练集学习$f: X Y$或条件分布$p(y x)$并预测新输入类别的任务称为分类。$C=2$时为二分类，$C>2$时为多分类。
3. 证明起点：该条为定义或当前范围未提供证明。
4. 逐步写明每个条件在何处被使用，等式变形前核对定义域/维数/正分母。
5. 用一个只破坏单一条件的反例说明边界；最后复述结论而不是只写“证毕”。",UNREVIEWED_CURRENT_SOURCE,统计学习方法讲义_v2.6.0_全量索引库.xlsx
M05-定理-0040,THEOREM_DEFINITION,定理定义索引,41,11,src/讲义源码/第01册_数学基础与统计学习基本理论/chapters/V1-C11.tex,144,197,低,陈述与证明结构基本完整,"1. 条件：见原陈述中的对象与前提
2. 结论：见原陈述中的结论
3. 证明起点：任取另一决策函数$g$。
4. 逐步写明每个条件在何处被使用，等式变形前核对定义域/维数/正分母。
5. 用一个只破坏单一条件的反例说明边界；最后复述结论而不是只写“证毕”。",UNREVIEWED_CURRENT_SOURCE,统计学习方法讲义_v2.6.0_全量索引库.xlsx
M05-定义-0041,THEOREM_DEFINITION,定理定义索引,42,11,src/讲义源码/第01册_数学基础与统计学习基本理论/chapters/V1-C11.tex,216,198,低,陈述与证明结构基本完整,"1. 条件：给定观测序列$X_1:n=(X_1, ,X_n)$，预测同长度或按任务规
2. 结论：对齐的标记序列$Y_1:n=(Y_1, ,Y_n)$，称为标注。模型需要处理输出位置之间的结构依赖，而非把每个位置机械地视为独立分类。
3. 证明起点：该条为定义或当前范围未提供证明。
4. 逐步写明每个条件在何处被使用，等式变形前核对定义域/维数/正分母。
5. 用一个只破坏单一条件的反例说明边界；最后复述结论而不是只写“证毕”。",UNREVIEWED_CURRENT_SOURCE,统计学习方法讲义_v2.6.0_全量索引库.xlsx
M05-定义-0042,THEOREM_DEFINITION,定理定义索引,43,11,src/讲义源码/第01册_数学基础与统计学习基本理论/chapters/V1-C11.tex,255,199,中,符号密度高,"1. 条件：若输出$Y$取连续数值，通常$ Y R^q$，从训练数据学习$f: X Y$并预测数值的任务称为回归
2. 结论：$q=1$为一元输出回归，$q>1$为多输出回归；“线性/非线性”描述模型形式，不由输入维数决定。
3. 证明起点：该条为定义或当前范围未提供证明。
4. 逐步写明每个条件在何处被使用，等式变形前核对定义域/维数/正分母。
5. 用一个只破坏单一条件的反例说明边界；最后复述结论而不是只写“证毕”。",UNREVIEWED_CURRENT_SOURCE,统计学习方法讲义_v2.6.0_全量索引库.xlsx
M05-定义-def:V2-C01-separable,THEOREM_DEFINITION,定理定义索引,44,def:V2-C01-separable,src/讲义源码/第02册_基础监督学习方法/chapters/V2-C01.tex,115,211,中,符号密度高,"1. 条件：设$T=\(x_i,y_i)\_i=1^N$，其中$x_i ℝ^d$且$y_i \-1,+1\$。若存在$w ℝ^d$和$b ℝ$，使每个$i$都满足 $ y_i (w^ Tx_i+b )>0, $
2. 结论：称$T$线性可分，并称$w^ Tx+b=0$为一个分离超平面。严格不等式意味着每个训练点都位于边界之外。
3. 证明起点：该条为定义或当前范围未提供证明。
4. 逐步写明每个条件在何处被使用，等式变形前核对定义域/维数/正分母。
5. 用一个只破坏单一条件的反例说明边界；最后复述结论而不是只写“证毕”。",UNREVIEWED_CURRENT_SOURCE,统计学习方法讲义_v2.6.0_全量索引库.xlsx
M05-定义-def:V2-C01-model,THEOREM_DEFINITION,定理定义索引,45,def:V2-C01-model,src/讲义源码/第02册_基础监督学习方法/chapters/V2-C01.tex,140,212,中,符号密度高,"1. 条件：见原陈述中的对象与前提
2. 结论：见原陈述中的结论
3. 证明起点：该条为定义或当前范围未提供证明。
4. 逐步写明每个条件在何处被使用，等式变形前核对定义域/维数/正分母。
5. 用一个只破坏单一条件的反例说明边界；最后复述结论而不是只写“证毕”。",UNREVIEWED_CURRENT_SOURCE,统计学习方法讲义_v2.6.0_全量索引库.xlsx
M05-定理-thm:V2-C01-novikoff,THEOREM_DEFINITION,定理定义索引,46,thm:V2-C01-novikoff,src/讲义源码/第02册_基础监督学习方法/chapters/V2-C01.tex,418,219,中,符号密度高,"1. 条件：设增广训练集线性可分，且存在单位向量$ w_ ℝ^d+1$与常数$ >0$，使每个$i$满足 $ y_i w_ ^ T x_i . $ 再设$R= _i x_i_2< $。感知机从$ w_0=0$出发，以固定$ >0$在带符号分数非正的样本上更新
2. 结论：误分类更新总次数$k$满足 $ k ( R )^2. $ 该结论的用途是保证线性可分有限样本上的更新次数有限，而不是保证所得分离超平面唯一。
3. 证明起点：证明目标是同时控制$ w_k$沿正确方向的增长与自身范数的增长，再用Cauchy--Schwarz不等式消去未知向量。
4. 逐步写明每个条件在何处被使用，等式变形前核对定义域/维数/正分母。
5. 用一个只破坏单一条件的反例说明边界；最后复述结论而不是只写“证毕”。",UNREVIEWED_CURRENT_SOURCE,统计学习方法讲义_v2.6.0_全量索引库.xlsx
M05-定义-def:V2-C02-lp,THEOREM_DEFINITION,定理定义索引,47,def:V2-C02-lp,src/讲义源码/第02册_基础监督学习方法/chapters/V2-C02.tex,106,233,中,符号密度高,"1. 条件：见原陈述中的对象与前提
2. 结论：见原陈述中的结论
3. 证明起点：该条为定义或当前范围未提供证明。
4. 逐步写明每个条件在何处被使用，等式变形前核对定义域/维数/正分母。
5. 用一个只破坏单一条件的反例说明边界；最后复述结论而不是只写“证毕”。",UNREVIEWED_CURRENT_SOURCE,统计学习方法讲义_v2.6.0_全量索引库.xlsx
M05-定理-thm:V2-C02-vote,THEOREM_DEFINITION,定理定义索引,48,thm:V2-C02-vote,src/讲义源码/第02册_基础监督学习方法/chapters/V2-C02.tex,159,235,低,陈述与证明结构基本完整,"1. 条件：对任意非空有限邻域$N_k(x)$和有限类别集$ Y$，使用0--1损失且在整个邻域内输出同一类别时，经验风险的全部最小化解恰为计数$n_c(x)$最大的类别。若最大计数并列
2. 结论：每个并列类别都是风险最小化解。
3. 证明起点：证明目标是比较任意两个候选类别的经验风险。
4. 逐步写明每个条件在何处被使用，等式变形前核对定义域/维数/正分母。
5. 用一个只破坏单一条件的反例说明边界；最后复述结论而不是只写“证毕”。",UNREVIEWED_CURRENT_SOURCE,统计学习方法讲义_v2.6.0_全量索引库.xlsx
M05-引理-lem:V2-C02-kd-prune,THEOREM_DEFINITION,定理定义索引,49,lem:V2-C02-kd-prune,src/讲义源码/第02册_基础监督学习方法/chapters/V2-C02.tex,486,243,中,符号密度高,"1. 条件：设大小为$k$的候选堆已经填满，堆顶第$k$近距离为$r_k$，且$1 p $。某切分平面为$z^(a)=s$，而待检查区域完全位于平面的另一侧。若$|x^(a)-s| r_k$
2. 结论：该区域中不存在与$x$距离严格小于$r_k$的点。若还需按规则区分等距离候选，应在等号时访问该区域或证明并列规则与其无关；堆未满时不得剪去任何非空远侧区域。
3. 证明起点：取另一侧区域任意点$z$。
4. 逐步写明每个条件在何处被使用，等式变形前核对定义域/维数/正分母。
5. 用一个只破坏单一条件的反例说明边界；最后复述结论而不是只写“证毕”。",UNREVIEWED_CURRENT_SOURCE,统计学习方法讲义_v2.6.0_全量索引库.xlsx
M05-定义-0049,THEOREM_DEFINITION,定理定义索引,50,14,src/讲义源码/第02册_基础监督学习方法/chapters/V2-C03.tex,124,254,低,陈述与证明结构基本完整,"1. 条件：若对每个类别$c_k$和输入$x=(x^(1), ,x^(n))$有 $ P(X=x Y=c_k)= _j=1^nP(X^(j)=x^(j) Y=c_k), $
2. 结论：称特征在给定类别后条件独立。配合$P(Y=c_k)$，得到朴素贝叶斯联合模型 $ P(X=x,Y=c_k)=P(Y=c_k) _j=1^nP(X^(j)=x^(j) Y=c_k). $
3. 证明起点：该条为定义或当前范围未提供证明。
4. 逐步写明每个条件在何处被使用，等式变形前核对定义域/维数/正分母。
5. 用一个只破坏单一条件的反例说明边界；最后复述结论而不是只写“证毕”。",UNREVIEWED_CURRENT_SOURCE,统计学习方法讲义_v2.6.0_全量索引库.xlsx
M05-定理-thm:V2-C03-map,THEOREM_DEFINITION,定理定义索引,51,thm:V2-C03-map,src/讲义源码/第02册_基础监督学习方法/chapters/V2-C03.tex,186,256,低,陈述与证明结构基本完整,"1. 条件：见原陈述中的对象与前提
2. 结论：见原陈述中的结论
3. 证明起点：推导第1步：输出$c_r$的条件风险为 $ R(c_r x)= _k=1^KL(c_k,c_r)P(Y=c_k X=x). $ 推导第2步：$0$--$1$损失只在$k r$时为1，因此 $ R(c_r x)= _k rP(Y=c_k X=x) =1-P(Y=c_r X=x). $ 推导第3步：常数1与$r$无关，故最小化条件风险等价于最大化$P(Y=c_r
4. 逐步写明每个条件在何处被使用，等式变形前核对定义域/维数/正分母。
5. 用一个只破坏单一条件的反例说明边界；最后复述结论而不是只写“证毕”。",UNREVIEWED_CURRENT_SOURCE,统计学习方法讲义_v2.6.0_全量索引库.xlsx
M05-定理-0051,THEOREM_DEFINITION,定理定义索引,52,14,src/讲义源码/第02册_基础监督学习方法/chapters/V2-C03.tex,308,259,中,符号密度高,"1. 条件：若$ >0$
2. 结论：所有$ _k$与$ _jkl$严格为正，并分别对$k$和$l$求和为1。
3. 证明起点：计数非负而$ >0$，故每个分子严格为正，分母也为正。
4. 逐步写明每个条件在何处被使用，等式变形前核对定义域/维数/正分母。
5. 用一个只破坏单一条件的反例说明边界；最后复述结论而不是只写“证毕”。",UNREVIEWED_CURRENT_SOURCE,统计学习方法讲义_v2.6.0_全量索引库.xlsx
M05-定义-0052,THEOREM_DEFINITION,定理定义索引,53,15,src/讲义源码/第02册_基础监督学习方法/chapters/V2-C04.tex,131,273,低,陈述与证明结构基本完整,"1. 条件：见原陈述中的对象与前提
2. 结论：见原陈述中的结论
3. 证明起点：该条为定义或当前范围未提供证明。
4. 逐步写明每个条件在何处被使用，等式变形前核对定义域/维数/正分母。
5. 用一个只破坏单一条件的反例说明边界；最后复述结论而不是只写“证毕”。",UNREVIEWED_CURRENT_SOURCE,统计学习方法讲义_v2.6.0_全量索引库.xlsx
M05-定理-thm:V2-C04-gain-nonnegative,THEOREM_DEFINITION,定理定义索引,54,thm:V2-C04-gain-nonnegative,src/讲义源码/第02册_基础监督学习方法/chapters/V2-C04.tex,271,276,中,符号密度高；证明路线提示不足,"1. 条件：见原陈述中的对象与前提
2. 结论：见原陈述中的结论
3. 证明起点：令$p_ik=|D_ik|/|D|$、$p_i=|D_i|/|D|$、$q_k=|C_k|/|D|$。
4. 逐步写明每个条件在何处被使用，等式变形前核对定义域/维数/正分母。
5. 用一个只破坏单一条件的反例说明边界；最后复述结论而不是只写“证毕”。",UNREVIEWED_CURRENT_SOURCE,统计学习方法讲义_v2.6.0_全量索引库.xlsx
M05-定理-thm:V2-C04-leaf-mean,THEOREM_DEFINITION,定理定义索引,55,thm:V2-C04-leaf-mean,src/讲义源码/第02册_基础监督学习方法/chapters/V2-C04.tex,623,284,中,符号密度高,"1. 条件：见原陈述中的对象与前提
2. 结论：见原陈述中的结论
3. 证明起点：对任意$c$，写$y_i-c=(y_i- y)+( y-c)$。
4. 逐步写明每个条件在何处被使用，等式变形前核对定义域/维数/正分母。
5. 用一个只破坏单一条件的反例说明边界；最后复述结论而不是只写“证毕”。",UNREVIEWED_CURRENT_SOURCE,统计学习方法讲义_v2.6.0_全量索引库.xlsx
M05-定义-def:V2-C05-logistic-distribution,THEOREM_DEFINITION,定理定义索引,56,def:V2-C05-logistic-distribution,src/讲义源码/第02册_基础监督学习方法/chapters/V2-C05.tex,142,299,中,符号密度高,"1. 条件：设连续随机变量$U$的分布函数和密度函数分别为 $ F(u)= 11+ , f(u)= \1+ \^2, $ 其中$ R$是位置参数，$ >0$是尺度参数
2. 结论：称$U$服从逻辑斯谛分布。
3. 证明起点：该条为定义或当前范围未提供证明。
4. 逐步写明每个条件在何处被使用，等式变形前核对定义域/维数/正分母。
5. 用一个只破坏单一条件的反例说明边界；最后复述结论而不是只写“证毕”。",UNREVIEWED_CURRENT_SOURCE,统计学习方法讲义_v2.6.0_全量索引库.xlsx
M05-定义-def:V2-C05-binary-logistic,THEOREM_DEFINITION,定理定义索引,57,def:V2-C05-binary-logistic,src/讲义源码/第02册_基础监督学习方法/chapters/V2-C05.tex,176,299,中,符号密度高,"1. 条件：对$x R^d$和$Y \0,1\$，二项逻辑斯谛回归规定 $ P(Y=1 x)= (w^Tx+b)1+ (w^Tx+b), P(Y=0 x)= 11+ (w^Tx+b). $ 若令$ x=(x^T,1)^T$、$ w=(w^T,b)^T$
2. 结论：两式可统一写成 $ P(Y=1 x)= ( w^T x) 1+ ( w^T x), P(Y=0 x)= 11+ ( w^T x). $
3. 证明起点：该条为定义或当前范围未提供证明。
4. 逐步写明每个条件在何处被使用，等式变形前核对定义域/维数/正分母。
5. 用一个只破坏单一条件的反例说明边界；最后复述结论而不是只写“证毕”。",UNREVIEWED_CURRENT_SOURCE,统计学习方法讲义_v2.6.0_全量索引库.xlsx
M05-定理-thm:V2-C05-sigmoid,THEOREM_DEFINITION,定理定义索引,58,thm:V2-C05-sigmoid,src/讲义源码/第02册_基础监督学习方法/chapters/V2-C05.tex,207,301,中,符号密度高,"1. 条件：见原陈述中的对象与前提
2. 结论：见原陈述中的结论
3. 证明起点：求导得$ '(z)= (z)[1- (z)]$。
4. 逐步写明每个条件在何处被使用，等式变形前核对定义域/维数/正分母。
5. 用一个只破坏单一条件的反例说明边界；最后复述结论而不是只写“证毕”。",UNREVIEWED_CURRENT_SOURCE,统计学习方法讲义_v2.6.0_全量索引库.xlsx
M05-定理-thm:V2-C05-convexity,THEOREM_DEFINITION,定理定义索引,59,thm:V2-C05-convexity,src/讲义源码/第02册_基础监督学习方法/chapters/V2-C05.tex,307,304,中,符号密度高,"1. 条件：二项逻辑斯谛回归的负对数似然$J_0$关于$w$是凸函数。若对所有非零向量$v$都有某个样本满足$x_i^Tv 0$且其$p_i (0,1)$
2. 结论：Hessian正定，$J_0$严格凸；加入覆盖相应方向的正定二次惩罚也可得到严格凸性。
3. 证明起点：任取$v R^d$，由Hessian的求和表示有 $ v^T ^2J_0(w)v = _i=1^Np_i(1-p_i)(x_i^Tv)^2 0. $ 所以Hessian半正定，$J_0$为凸函数。
4. 逐步写明每个条件在何处被使用，等式变形前核对定义域/维数/正分母。
5. 用一个只破坏单一条件的反例说明边界；最后复述结论而不是只写“证毕”。",UNREVIEWED_CURRENT_SOURCE,统计学习方法讲义_v2.6.0_全量索引库.xlsx
M05-定理-thm:V2-C05-regularized-existence,THEOREM_DEFINITION,定理定义索引,60,thm:V2-C05-regularized-existence,src/讲义源码/第02册_基础监督学习方法/chapters/V2-C05.tex,325,305,中,符号密度高,"1. 条件：令$ y_i=2y_i-1$，$ >0$且$R 0$。若每个非零未惩罚方向$v R$都不是弱分离方向，即总存在某个$i$使$ y_i x_i^Tv<0$
2. 结论：$J_ $在有限参数处达到最小值。特别地，$R 0$是充分条件；若只把截距留在$ R$中，则还需训练数据两类均非空。若存在非零$v R$使$ y_i x_i^Tv 0$对全部$i$成立且至少一处严格，则正则项不惩罚该分离方向，有限极小点不由“加入$L_2$”自动保证。
3. 证明起点：在$range(R)$上，二次项随参数范数增长而增长。
4. 逐步写明每个条件在何处被使用，等式变形前核对定义域/维数/正分母。
5. 用一个只破坏单一条件的反例说明边界；最后复述结论而不是只写“证毕”。",UNREVIEWED_CURRENT_SOURCE,统计学习方法讲义_v2.6.0_全量索引库.xlsx
M05-定义-def:V3-C01-maxent-principle,THEOREM_DEFINITION,定理定义索引,61,def:V3-C01-maxent-principle,src/讲义源码/第03册_优化模型与序列模型/chapters/V3-C01.tex,122,319,中,符号密度高,"1. 条件：设$ C$是由已知线性约束和概率归一化约束确定的非空分布集合。最大熵原理在$ C$中选择 $ P^ _P CH(P), H(P)=- _zP(z) P(z). $ 若目标严格凹且可行集合为凸集
2. 结论：最优分布唯一。
3. 证明起点：该条为定义或当前范围未提供证明。
4. 逐步写明每个条件在何处被使用，等式变形前核对定义域/维数/正分母。
5. 用一个只破坏单一条件的反例说明边界；最后复述结论而不是只写“证毕”。",UNREVIEWED_CURRENT_SOURCE,统计学习方法讲义_v2.6.0_全量索引库.xlsx
M05-定理-thm:V3-C01-exponential-form,THEOREM_DEFINITION,定理定义索引,62,thm:V3-C01-exponential-form,src/讲义源码/第03册_优化模型与序列模型/chapters/V3-C01.tex,182,321,低,陈述与证明结构基本完整,"1. 条件：若期望约束可行，且最优解位于相关概率单纯形的相对内部
2. 结论：存在参数$w R^n$，使最大熵模型具有本节给出的指数族形式。反过来，若某个$P_w$满足全部期望约束，则它是条件熵最大化问题的全局最优解。
3. 证明起点：前半部分由拉格朗日驻点方程和归一化推导得到。
4. 逐步写明每个条件在何处被使用，等式变形前核对定义域/维数/正分母。
5. 用一个只破坏单一条件的反例说明边界；最后复述结论而不是只写“证毕”。",UNREVIEWED_CURRENT_SOURCE,统计学习方法讲义_v2.6.0_全量索引库.xlsx
M05-定义-def:V3-C01-conditional-maxent,THEOREM_DEFINITION,定理定义索引,63,def:V3-C01-conditional-maxent,src/讲义源码/第03册_优化模型与序列模型/chapters/V3-C01.tex,299,323,中,符号密度高,"1. 条件：设 $ C= \P:\ E_P(f_i)= E(f_i),\ i=1, ,n,\ _y YP(y x)=1,\ P(y x) 0 \. $ 条件熵定义为 $ H(P)=- _x,y P(x)P(y x) P(y x). $ 若$ C$非空
2. 结论：在$ C$中使$H(P)$最大的条件分布称为最大熵模型。
3. 证明起点：该条为定义或当前范围未提供证明。
4. 逐步写明每个条件在何处被使用，等式变形前核对定义域/维数/正分母。
5. 用一个只破坏单一条件的反例说明边界；最后复述结论而不是只写“证毕”。",UNREVIEWED_CURRENT_SOURCE,统计学习方法讲义_v2.6.0_全量索引库.xlsx
M05-定义-def:V3-C02-hard-svm,THEOREM_DEFINITION,定理定义索引,64,def:V3-C02-hard-svm,src/讲义源码/第03册_优化模型与序列模型/chapters/V3-C02.tex,141,344,中,符号密度高,"1. 条件：见原陈述中的对象与前提
2. 结论：见原陈述中的结论
3. 证明起点：该条为定义或当前范围未提供证明。
4. 逐步写明每个条件在何处被使用，等式变形前核对定义域/维数/正分母。
5. 用一个只破坏单一条件的反例说明边界；最后复述结论而不是只写“证毕”。",UNREVIEWED_CURRENT_SOURCE,统计学习方法讲义_v2.6.0_全量索引库.xlsx
M05-定义-def:V3-C02-functional-margin,THEOREM_DEFINITION,定理定义索引,65,def:V3-C02-functional-margin,src/讲义源码/第03册_优化模型与序列模型/chapters/V3-C02.tex,169,345,低,陈述与证明结构基本完整,"1. 条件：见原陈述中的对象与前提
2. 结论：见原陈述中的结论
3. 证明起点：该条为定义或当前范围未提供证明。
4. 逐步写明每个条件在何处被使用，等式变形前核对定义域/维数/正分母。
5. 用一个只破坏单一条件的反例说明边界；最后复述结论而不是只写“证毕”。",UNREVIEWED_CURRENT_SOURCE,统计学习方法讲义_v2.6.0_全量索引库.xlsx
M05-定义-def:V3-C02-geometric-margin,THEOREM_DEFINITION,定理定义索引,66,def:V3-C02-geometric-margin,src/讲义源码/第03册_优化模型与序列模型/chapters/V3-C02.tex,183,345,中,符号密度高,"1. 条件：见原陈述中的对象与前提
2. 结论：见原陈述中的结论
3. 证明起点：该条为定义或当前范围未提供证明。
4. 逐步写明每个条件在何处被使用，等式变形前核对定义域/维数/正分母。
5. 用一个只破坏单一条件的反例说明边界；最后复述结论而不是只写“证毕”。",UNREVIEWED_CURRENT_SOURCE,统计学习方法讲义_v2.6.0_全量索引库.xlsx
M05-定理-thm:V3-C02-hard-unique,THEOREM_DEFINITION,定理定义索引,67,thm:V3-C02-hard-unique,src/讲义源码/第03册_优化模型与序列模型/chapters/V3-C02.tex,246,346,低,陈述与证明结构基本完整,"1. 条件：若训练集中两类样本均非空且线性可分
2. 结论：硬间隔问题存在最优解；最优法向量$w^ $唯一，最大间隔分离超平面也唯一。
3. 证明起点：线性可分性给出严格分离的$( w, b)$；
4. 逐步写明每个条件在何处被使用，等式变形前核对定义域/维数/正分母。
5. 用一个只破坏单一条件的反例说明边界；最后复述结论而不是只写“证毕”。",UNREVIEWED_CURRENT_SOURCE,统计学习方法讲义_v2.6.0_全量索引库.xlsx
M05-定理-thm:V3-C02-dual-recovery,THEOREM_DEFINITION,定理定义索引,68,thm:V3-C02-dual-recovery,src/讲义源码/第03册_优化模型与序列模型/chapters/V3-C02.tex,346,348,中,符号密度高；证明路线提示不足,"1. 条件：设$ ^ $是对偶最优解，取任意$ _j^ >0$
2. 结论：$ w^ = _i _i^ y_ix_i, b^ =y_j- _i _i^ y_i x_i^Tx_j. $
3. 证明起点：强对偶使KKT条件成立。
4. 逐步写明每个条件在何处被使用，等式变形前核对定义域/维数/正分母。
5. 用一个只破坏单一条件的反例说明边界；最后复述结论而不是只写“证毕”。",UNREVIEWED_CURRENT_SOURCE,统计学习方法讲义_v2.6.0_全量索引库.xlsx
M05-定义-def:V3-C02-support-vector,THEOREM_DEFINITION,定理定义索引,69,def:V3-C02-support-vector,src/讲义源码/第03册_优化模型与序列模型/chapters/V3-C02.tex,381,348,低,陈述与证明结构基本完整,"1. 条件：见原陈述中的对象与前提
2. 结论：见原陈述中的结论
3. 证明起点：该条为定义或当前范围未提供证明。
4. 逐步写明每个条件在何处被使用，等式变形前核对定义域/维数/正分母。
5. 用一个只破坏单一条件的反例说明边界；最后复述结论而不是只写“证毕”。",UNREVIEWED_CURRENT_SOURCE,统计学习方法讲义_v2.6.0_全量索引库.xlsx
M05-定义-def:V3-C02-soft-svm,THEOREM_DEFINITION,定理定义索引,70,def:V3-C02-soft-svm,src/讲义源码/第03册_优化模型与序列模型/chapters/V3-C02.tex,407,350,中,符号密度高,"1. 条件：见原陈述中的对象与前提
2. 结论：见原陈述中的结论
3. 证明起点：该条为定义或当前范围未提供证明。
4. 逐步写明每个条件在何处被使用，等式变形前核对定义域/维数/正分母。
5. 用一个只破坏单一条件的反例说明边界；最后复述结论而不是只写“证毕”。",UNREVIEWED_CURRENT_SOURCE,统计学习方法讲义_v2.6.0_全量索引库.xlsx
M05-定理-thm:V3-C02-hinge-equivalence,THEOREM_DEFINITION,定理定义索引,71,thm:V3-C02-hinge-equivalence,src/讲义源码/第03册_优化模型与序列模型/chapters/V3-C02.tex,500,353,中,符号密度高,"1. 条件：见原陈述中的对象与前提
2. 结论：见原陈述中的结论
3. 证明起点：固定$w,b$后，第$i$个松弛量必须同时满足$ _i 0$和$ _i 1-y_ig(x_i)$。
4. 逐步写明每个条件在何处被使用，等式变形前核对定义域/维数/正分母。
5. 用一个只破坏单一条件的反例说明边界；最后复述结论而不是只写“证毕”。",UNREVIEWED_CURRENT_SOURCE,统计学习方法讲义_v2.6.0_全量索引库.xlsx
M05-定义-def:V3-C02-kernel,THEOREM_DEFINITION,定理定义索引,72,def:V3-C02-kernel,src/讲义源码/第03册_优化模型与序列模型/chapters/V3-C02.tex,542,352,中,符号密度高,"1. 条件：若存在希尔伯特空间$ H$及映射$ : X H$，使 $ K(x,z)= (x), (z) _ H, $
2. 结论：称$K$为$ X$上的核函数。
3. 证明起点：该条为定义或当前范围未提供证明。
4. 逐步写明每个条件在何处被使用，等式变形前核对定义域/维数/正分母。
5. 用一个只破坏单一条件的反例说明边界；最后复述结论而不是只写“证毕”。",UNREVIEWED_CURRENT_SOURCE,统计学习方法讲义_v2.6.0_全量索引库.xlsx
M05-定理-thm:V3-C02-kernel-psd,THEOREM_DEFINITION,定理定义索引,73,thm:V3-C02-kernel-psd,src/讲义源码/第03册_优化模型与序列模型/chapters/V3-C02.tex,561,354,低,陈述与证明结构基本完整,"1. 条件：见原陈述中的对象与前提
2. 结论：见原陈述中的结论
3. 证明起点：若$K$来自特征映射，则对任意$c R^m$， $ c^TGc= _i,jc_ic_j (x_i), (x_j) = \| _ic_i (x_i) \|_ H^2 0. $ 反方向在有限线性组合空间上令$ (x)=K( ,x)$，并以核的双线性组合定义内积。
4. 逐步写明每个条件在何处被使用，等式变形前核对定义域/维数/正分母。
5. 用一个只破坏单一条件的反例说明边界；最后复述结论而不是只写“证毕”。",UNREVIEWED_CURRENT_SOURCE,统计学习方法讲义_v2.6.0_全量索引库.xlsx
M05-定义-def:V3-C02-nonlinear-svm,THEOREM_DEFINITION,定理定义索引,74,def:V3-C02-nonlinear-svm,src/讲义源码/第03册_优化模型与序列模型/chapters/V3-C02.tex,627,352,中,符号密度高,"1. 条件：见原陈述中的对象与前提
2. 结论：见原陈述中的结论
3. 证明起点：该条为定义或当前范围未提供证明。
4. 逐步写明每个条件在何处被使用，等式变形前核对定义域/维数/正分母。
5. 用一个只破坏单一条件的反例说明边界；最后复述结论而不是只写“证毕”。",UNREVIEWED_CURRENT_SOURCE,统计学习方法讲义_v2.6.0_全量索引库.xlsx
M05-定义-def:V3-C03-weak-strong,THEOREM_DEFINITION,定理定义索引,75,def:V3-C03-weak-strong,src/讲义源码/第03册_优化模型与序列模型/chapters/V3-C03.tex,131,374,低,陈述与证明结构基本完整,"1. 条件：在二类分类问题中，若学习算法在相关数据分布下产生的分类器错误率只需稳定低于$1/2$
2. 结论：称其为弱学习器；若学习算法能在给定精度与置信要求下产生错误率足够小的分类器，则称其为强学习器。弱、强均相对于指定假设类、数据分布及可学习性条件而言。
3. 证明起点：该条为定义或当前范围未提供证明。
4. 逐步写明每个条件在何处被使用，等式变形前核对定义域/维数/正分母。
5. 用一个只破坏单一条件的反例说明边界；最后复述结论而不是只写“证毕”。",UNREVIEWED_CURRENT_SOURCE,统计学习方法讲义_v2.6.0_全量索引库.xlsx
M05-定理-thm:V3-C03-training-bound,THEOREM_DEFINITION,定理定义索引,76,thm:V3-C03-training-bound,src/讲义源码/第03册_优化模型与序列模型/chapters/V3-C03.tex,279,378,中,符号密度高,"1. 条件：设每轮权重均按AdaBoost规
2. 结论：规范化，$F_M(x)= _m=1^M _mG_m(x)$，则 $ 1N _i=1^N1\y_iF_M(x_i) 0\ 1N _i=1^Ne^-y_iF_M(x_i) = _m=1^MZ_m. $
3. 证明起点：指示函数满足$1\u 0\ e^-u$，所以第一个不等式成立。
4. 逐步写明每个条件在何处被使用，等式变形前核对定义域/维数/正分母。
5. 用一个只破坏单一条件的反例说明边界；最后复述结论而不是只写“证毕”。",UNREVIEWED_CURRENT_SOURCE,统计学习方法讲义_v2.6.0_全量索引库.xlsx
M05-定义-def:V3-C03-forward-stagewise,THEOREM_DEFINITION,定理定义索引,77,def:V3-C03-forward-stagewise,src/讲义源码/第03册_优化模型与序列模型/chapters/V3-C03.tex,364,380,中,符号密度高,"1. 条件：见原陈述中的对象与前提
2. 结论：见原陈述中的结论
3. 证明起点：该条为定义或当前范围未提供证明。
4. 逐步写明每个条件在何处被使用，等式变形前核对定义域/维数/正分母。
5. 用一个只破坏单一条件的反例说明边界；最后复述结论而不是只写“证毕”。",UNREVIEWED_CURRENT_SOURCE,统计学习方法讲义_v2.6.0_全量索引库.xlsx
M05-定理-thm:V3-C03-forward-equivalence,THEOREM_DEFINITION,定理定义索引,78,thm:V3-C03-forward-equivalence,src/讲义源码/第03册_优化模型与序列模型/chapters/V3-C03.tex,419,381,中,符号密度高；证明路线提示不足,"1. 条件：若基函数类由取值$\-1,+1\$的分类器组成，每轮精确最小化指数经验损失，且$0<e_m<1/2$
2. 结论：前向分步得到的$G_m$、$ _m$及样本权重递推与AdaBoost对应轮一致。
3. 证明起点：固定旧模型后，指数损失按乘法分解为旧权重$w_mi$与新因子$e^- y_iG(x_i)$。
4. 逐步写明每个条件在何处被使用，等式变形前核对定义域/维数/正分母。
5. 用一个只破坏单一条件的反例说明边界；最后复述结论而不是只写“证毕”。",UNREVIEWED_CURRENT_SOURCE,统计学习方法讲义_v2.6.0_全量索引库.xlsx
M05-定义-0078,THEOREM_DEFINITION,定理定义索引,79,20,src/讲义源码/第03册_优化模型与序列模型/chapters/V3-C04.tex,144,402,中,符号密度高,"1. 条件：观测到的$Y$称为不完全数据；若同时知道隐变量$Z$
2. 结论：$(Y,Z)$称为完全数据。完全数据似然为$P(Y,Z )$，观测数据似然由对$Z$边缘化得到。隐变量不是待优化的固定参数；它在模型中是随机变量，其不确定性必须由条件分布表达。
3. 证明起点：该条为定义或当前范围未提供证明。
4. 逐步写明每个条件在何处被使用，等式变形前核对定义域/维数/正分母。
5. 用一个只破坏单一条件的反例说明边界；最后复述结论而不是只写“证毕”。",UNREVIEWED_CURRENT_SOURCE,统计学习方法讲义_v2.6.0_全量索引库.xlsx
M05-定义-def:V3-C04-Q,THEOREM_DEFINITION,定理定义索引,80,def:V3-C04-Q,src/讲义源码/第03册_优化模型与序列模型/chapters/V3-C04.tex,180,403,中,符号密度高,"1. 条件：见原陈述中的对象与前提
2. 结论：见原陈述中的结论
3. 证明起点：该条为定义或当前范围未提供证明。
4. 逐步写明每个条件在何处被使用，等式变形前核对定义域/维数/正分母。
5. 用一个只破坏单一条件的反例说明边界；最后复述结论而不是只写“证毕”。",UNREVIEWED_CURRENT_SOURCE,统计学习方法讲义_v2.6.0_全量索引库.xlsx
M05-定理-thm:V3-C04-lower-bound,THEOREM_DEFINITION,定理定义索引,81,thm:V3-C04-lower-bound,src/讲义源码/第03册_优化模型与序列模型/chapters/V3-C04.tex,231,403,中,符号密度高,"1. 条件：若$P(Y )>0$且$q P(Z Y, )$
2. 结论：在相关量有限时 $ ( )=F(q, )+D_KL (q(Z) P(Z Y, ) ), F(q, )= E_q P(Y,Z )+H(q). $ 故$F(q, ) ( )$；等号成立当且仅当$q(Z)=P(Z Y, )$几乎处处成立。
3. 证明起点：由Bayes公式$P(Y,Z )=P(Z Y, )P(Y )$，有 $ D_KL(q P_ ) = _zq(z) q(z)P(z Y, )\\ = _zq(z) q(z)- _zq(z) P(Y,z )+ ( )\\ = ( )-F(q, ). $ 移项即得分解。
4. 逐步写明每个条件在何处被使用，等式变形前核对定义域/维数/正分母。
5. 用一个只破坏单一条件的反例说明边界；最后复述结论而不是只写“证毕”。",UNREVIEWED_CURRENT_SOURCE,统计学习方法讲义_v2.6.0_全量索引库.xlsx
M05-定理-thm:V3-C04-monotone,THEOREM_DEFINITION,定理定义索引,82,thm:V3-C04-monotone,src/讲义源码/第03册_优化模型与序列模型/chapters/V3-C04.tex,395,409,中,符号密度高,"1. 条件：若E步计算精确后验，M步选取的$ ^(t+1)$满足 $Q( ^(t+1), ^(t)) Q( ^(t), ^(t))$，且相关支撑条件成立
2. 结论：$ ( ^(t+1)) ( ^(t)). $
3. 证明起点：记$q_t=P(Z Y, ^(t))$。
4. 逐步写明每个条件在何处被使用，等式变形前核对定义域/维数/正分母。
5. 用一个只破坏单一条件的反例说明边界；最后复述结论而不是只写“证毕”。",UNREVIEWED_CURRENT_SOURCE,统计学习方法讲义_v2.6.0_全量索引库.xlsx
M05-定理-thm:V3-C04-convergence-scope,THEOREM_DEFINITION,定理定义索引,83,thm:V3-C04-convergence-scope,src/讲义源码/第03册_优化模型与序列模型/chapters/V3-C04.tex,431,410,中,未在紧邻位置检出证明,"1. 条件：若观测似然值有上界
2. 结论：精确EM产生的似然值序列收敛。若进一步假定迭代序列有聚点、模型在聚点邻域可微、支撑不突变且更新映射满足标准正则性，则每个内部聚点是观测似然的驻点；该结论不声称聚点是全局最大点。
3. 证明起点：该条为定义或当前范围未提供证明。
4. 逐步写明每个条件在何处被使用，等式变形前核对定义域/维数/正分母。
5. 用一个只破坏单一条件的反例说明边界；最后复述结论而不是只写“证毕”。",UNREVIEWED_CURRENT_SOURCE,统计学习方法讲义_v2.6.0_全量索引库.xlsx
M05-定义-def:V3-C04-gmm,THEOREM_DEFINITION,定理定义索引,84,def:V3-C04-gmm,src/讲义源码/第03册_优化模型与序列模型/chapters/V3-C04.tex,455,410,中,符号密度高,"1. 条件：见原陈述中的对象与前提
2. 结论：见原陈述中的结论
3. 证明起点：该条为定义或当前范围未提供证明。
4. 逐步写明每个条件在何处被使用，等式变形前核对定义域/维数/正分母。
5. 用一个只破坏单一条件的反例说明边界；最后复述结论而不是只写“证毕”。",UNREVIEWED_CURRENT_SOURCE,统计学习方法讲义_v2.6.0_全量索引库.xlsx
M05-定义-def:V3-C04-F,THEOREM_DEFINITION,定理定义索引,85,def:V3-C04-F,src/讲义源码/第03册_优化模型与序列模型/chapters/V3-C04.tex,632,400,中,符号密度高,"1. 条件：见原陈述中的对象与前提
2. 结论：见原陈述中的结论
3. 证明起点：该条为定义或当前范围未提供证明。
4. 逐步写明每个条件在何处被使用，等式变形前核对定义域/维数/正分母。
5. 用一个只破坏单一条件的反例说明边界；最后复述结论而不是只写“证毕”。",UNREVIEWED_CURRENT_SOURCE,统计学习方法讲义_v2.6.0_全量索引库.xlsx
M05-引理-lem:V3-C04-F-posterior,THEOREM_DEFINITION,定理定义索引,86,lem:V3-C04-F-posterior,src/讲义源码/第03册_优化模型与序列模型/chapters/V3-C04.tex,652,414,中,符号密度高；证明过短，关键变形或条件使用位置不醒目,"1. 条件：固定$ $并假定后验在相关支撑上确定
2. 结论：$F(q, )$关于$q$的唯一最大点是$q(Z)=P(Z Y, )$，最大值为$ ( )$。
3. 证明起点：由定理thm:V3-C04-lower-bound，$F(q, )= ( )-D_KL(q P_ )$。
4. 逐步写明每个条件在何处被使用，等式变形前核对定义域/维数/正分母。
5. 用一个只破坏单一条件的反例说明边界；最后复述结论而不是只写“证毕”。",UNREVIEWED_CURRENT_SOURCE,统计学习方法讲义_v2.6.0_全量索引库.xlsx
M05-定理-thm:V3-C04-F-max,THEOREM_DEFINITION,定理定义索引,87,thm:V3-C04-F-max,src/讲义源码/第03册_优化模型与序列模型/chapters/V3-C04.tex,695,416,中,符号密度高,"1. 条件：若允许$q$遍历全部合法分布，并把可能的无界情形按扩展实数理解
2. 结论：$ _ ( )= _q, F(q, ). $ 若这个共同上确界有限且由某个联合最大对$(q^*, ^*)$达到，则$q^*=P(Z Y, ^*)$，且$ ^*$也是观测似然的最大点。
3. 证明起点：对每个固定$ $，引理lem:V3-C04-F-posterior给出$ _q F(q, )= ( )$。
4. 逐步写明每个条件在何处被使用，等式变形前核对定义域/维数/正分母。
5. 用一个只破坏单一条件的反例说明边界；最后复述结论而不是只写“证毕”。",UNREVIEWED_CURRENT_SOURCE,统计学习方法讲义_v2.6.0_全量索引库.xlsx
M05-定义-0087,THEOREM_DEFINITION,定理定义索引,88,21,src/讲义源码/第03册_优化模型与序列模型/chapters/V3-C05.tex,128,435,低,陈述与证明结构基本完整,"1. 条件：见原陈述中的对象与前提
2. 结论：见原陈述中的结论
3. 证明起点：该条为定义或当前范围未提供证明。
4. 逐步写明每个条件在何处被使用，等式变形前核对定义域/维数/正分母。
5. 用一个只破坏单一条件的反例说明边界；最后复述结论而不是只写“证毕”。",UNREVIEWED_CURRENT_SOURCE,统计学习方法讲义_v2.6.0_全量索引库.xlsx
M05-定义-def:V3-C05-markov,THEOREM_DEFINITION,定理定义索引,89,def:V3-C05-markov,src/讲义源码/第03册_优化模型与序列模型/chapters/V3-C05.tex,138,435,低,陈述与证明结构基本完整,"1. 条件：若对所有有正概率的历史， $ P(X_t+1=j X_1=x_1, ,X_t=i) =P(X_t+1=j X_t=i), $
2. 结论：过程具有一阶马尔可夫性质。它表示给定当前状态后，更早历史不再为下一状态提供额外信息；并不表示不同时刻彼此独立。
3. 证明起点：该条为定义或当前范围未提供证明。
4. 逐步写明每个条件在何处被使用，等式变形前核对定义域/维数/正分母。
5. 用一个只破坏单一条件的反例说明边界；最后复述结论而不是只写“证毕”。",UNREVIEWED_CURRENT_SOURCE,统计学习方法讲义_v2.6.0_全量索引库.xlsx
M05-定义-def:V3-C05-hmm,THEOREM_DEFINITION,定理定义索引,90,def:V3-C05-hmm,src/讲义源码/第03册_优化模型与序列模型/chapters/V3-C05.tex,165,434,中,符号密度高,"1. 条件：见原陈述中的对象与前提
2. 结论：见原陈述中的结论
3. 证明起点：该条为定义或当前范围未提供证明。
4. 逐步写明每个条件在何处被使用，等式变形前核对定义域/维数/正分母。
5. 用一个只破坏单一条件的反例说明边界；最后复述结论而不是只写“证毕”。",UNREVIEWED_CURRENT_SOURCE,统计学习方法讲义_v2.6.0_全量索引库.xlsx
M05-定义-def:V3-C05-forward,THEOREM_DEFINITION,定理定义索引,91,def:V3-C05-forward,src/讲义源码/第03册_优化模型与序列模型/chapters/V3-C05.tex,363,439,低,陈述与证明结构基本完整,"1. 条件：见原陈述中的对象与前提
2. 结论：见原陈述中的结论
3. 证明起点：该条为定义或当前范围未提供证明。
4. 逐步写明每个条件在何处被使用，等式变形前核对定义域/维数/正分母。
5. 用一个只破坏单一条件的反例说明边界；最后复述结论而不是只写“证毕”。",UNREVIEWED_CURRENT_SOURCE,统计学习方法讲义_v2.6.0_全量索引库.xlsx
M05-定理-thm:V3-C05-forward-backward,THEOREM_DEFINITION,定理定义索引,92,thm:V3-C05-forward-backward,src/讲义源码/第03册_优化模型与序列模型/chapters/V3-C05.tex,421,439,中,符号密度高,"1. 条件：对任意$t \1, ,T\$， $ P(O )= _i=1^N _t(i) _t(i), $ 其中$ _t(i)=P(o_t+1, ,o_T i_t=q_i, )$
2. 结论：
3. 证明起点：对时刻$t$的状态应用全概率公式： $ P(O )= _iP(o_1:t,i_t=q_i,o_t+1:T ). $ 给定$i_t$后，过去观测与未来观测由马尔可夫结构分离，所以每项可写为 $ P(o_1:t,i_t=q_i ) P(o_t+1:T i_t=q_i, )= _t(i) _t(i). $ 对$i$求和即得结论。
4. 逐步写明每个条件在何处被使用，等式变形前核对定义域/维数/正分母。
5. 用一个只破坏单一条件的反例说明边界；最后复述结论而不是只写“证毕”。",UNREVIEWED_CURRENT_SOURCE,统计学习方法讲义_v2.6.0_全量索引库.xlsx
M05-定义-def:V3-C05-backward,THEOREM_DEFINITION,定理定义索引,93,def:V3-C05-backward,src/讲义源码/第03册_优化模型与序列模型/chapters/V3-C05.tex,459,439,低,陈述与证明结构基本完整,"1. 条件：见原陈述中的对象与前提
2. 结论：见原陈述中的结论
3. 证明起点：该条为定义或当前范围未提供证明。
4. 逐步写明每个条件在何处被使用，等式变形前核对定义域/维数/正分母。
5. 用一个只破坏单一条件的反例说明边界；最后复述结论而不是只写“证毕”。",UNREVIEWED_CURRENT_SOURCE,统计学习方法讲义_v2.6.0_全量索引库.xlsx
M05-定义-def:V3-C06-mrf,THEOREM_DEFINITION,定理定义索引,94,def:V3-C06-mrf,src/讲义源码/第03册_优化模型与序列模型/chapters/V3-C06.tex,170,466,中,符号密度高,"1. 条件：设$Y=(Y_v)_v V$具有联合分布$P(Y)$，无向图$G=(V,E)$的每个结点$v$对应$Y_v$。若$P$满足图$G$给出的全局马尔可夫性：当结点集$C$在图中分隔$A$与$B$时， $ Y_A Y_B Y_C, $
2. 结论：称$P$是由$G$表示的概率无向图模型或马尔可夫随机场。
3. 证明起点：该条为定义或当前范围未提供证明。
4. 逐步写明每个条件在何处被使用，等式变形前核对定义域/维数/正分母。
5. 用一个只破坏单一条件的反例说明边界；最后复述结论而不是只写“证毕”。",UNREVIEWED_CURRENT_SOURCE,统计学习方法讲义_v2.6.0_全量索引库.xlsx
M05-定理-thm:V3-C06-hc,THEOREM_DEFINITION,定理定义索引,95,thm:V3-C06-hc,src/讲义源码/第03册_优化模型与序列模型/chapters/V3-C06.tex,218,467,中,符号密度高,"1. 条件：设$ $是由$G$的局部硬约束给出的非空有限合法配置空间，$P(y)=0$对$y $，且$P(y)>0$对每个$y $。把这些硬约束作为取值$0/1$的团因子后，若$P$在合法支持上满足$G$的马尔可夫性
2. 结论：存在严格正的软团势$ _C$，使 $ P(y)= I\y \Z _C _C(y_C). $ 反向地，这种“局部硬因子$ $严格正软势”的分解在合法条件事件上满足$G$给出的全局马尔可夫性。无硬约束时$ $就是全部配置，退化为通常定理。
3. 证明起点：先把描述$ $的局部$0/1$硬因子提出；
4. 逐步写明每个条件在何处被使用，等式变形前核对定义域/维数/正分母。
5. 用一个只破坏单一条件的反例说明边界；最后复述结论而不是只写“证毕”。",UNREVIEWED_CURRENT_SOURCE,统计学习方法讲义_v2.6.0_全量索引库.xlsx
M05-定义-def:V3-C06-crf,THEOREM_DEFINITION,定理定义索引,96,def:V3-C06-crf,src/讲义源码/第03册_优化模型与序列模型/chapters/V3-C06.tex,296,469,中,符号密度高,"1. 条件：设$X,Y$为随机变量，$P(Y X)$为给定$X$时$Y$的条件分布。若对无向图$G=(V,E)$中的每个结点$v$都有 $ P(Y_v X,Y_V \v\) =P(Y_v X,Y_N(v)), $
2. 结论：称$P(Y X)$为图$G$上的条件随机场。
3. 证明起点：该条为定义或当前范围未提供证明。
4. 逐步写明每个条件在何处被使用，等式变形前核对定义域/维数/正分母。
5. 用一个只破坏单一条件的反例说明边界；最后复述结论而不是只写“证毕”。",UNREVIEWED_CURRENT_SOURCE,统计学习方法讲义_v2.6.0_全量索引库.xlsx
M05-定理-thm:V3-C06-viterbi,THEOREM_DEFINITION,定理定义索引,97,thm:V3-C06-viterbi,src/讲义源码/第03册_优化模型与序列模型/chapters/V3-C06.tex,648,477,低,陈述与证明结构基本完整,"1. 条件：若序列总得分是相邻局部得分之和
2. 结论：该递推式给出从start到stop的全局最大得分路径。
3. 证明起点：对位置$i$归纳。
4. 逐步写明每个条件在何处被使用，等式变形前核对定义域/维数/正分母。
5. 用一个只破坏单一条件的反例说明边界；最后复述结论而不是只写“证毕”。",UNREVIEWED_CURRENT_SOURCE,统计学习方法讲义_v2.6.0_全量索引库.xlsx
M05-定理-thm:V3-C07-validation,THEOREM_DEFINITION,定理定义索引,98,thm:V3-C07-validation,src/讲义源码/第03册_优化模型与序列模型/chapters/V3-C07.tex,187,488,中,符号密度高,"1. 条件：给定训练集后，设$M=| M|< $，各候选模型固定，验证损失独立且位于$[0,1]$
2. 结论：对任意$ (0,1)$，以至少$1- $的概率，对所有$m M$同时成立 $ R( f_m) R_val( f_m) + M+ (1/ )2n_val. $
3. 证明起点：证明目标是得到一个对全部候选同时成立的事件。
4. 逐步写明每个条件在何处被使用，等式变形前核对定义域/维数/正分母。
5. 用一个只破坏单一条件的反例说明边界；最后复述结论而不是只写“证毕”。",UNREVIEWED_CURRENT_SOURCE,统计学习方法讲义_v2.6.0_全量索引库.xlsx
M05-定义-def:V4-C01-unsupervised,THEOREM_DEFINITION,定理定义索引,99,def:V4-C01-unsupervised,src/讲义源码/第04册_无监督学习与矩阵分解/chapters/V4-C01.tex,138,503,中,符号密度高,"1. 条件：给定仅含观测的样本集$ U=\x_i\_i=1^N$，选定潜在结构空间$ Z$、模型族$ M=\M_ : \$和可由无标签数据计算的准
2. 结论：$L( ; U)$，无监督学习求 $ _ L( ; U) $ 或等价的极大化问题，并输出表示$z_i=g_ (x_i)$、后验$p_ (z_i x_i)$、生成模型$p_ (x,z)$或它们的组合。
3. 证明起点：该条为定义或当前范围未提供证明。
4. 逐步写明每个条件在何处被使用，等式变形前核对定义域/维数/正分母。
5. 用一个只破坏单一条件的反例说明边界；最后复述结论而不是只写“证毕”。",UNREVIEWED_CURRENT_SOURCE,统计学习方法讲义_v2.6.0_全量索引库.xlsx
M05-定义-def:V4-C01-hard-soft,THEOREM_DEFINITION,定理定义索引,100,def:V4-C01-hard-soft,src/讲义源码/第04册_无监督学习与矩阵分解/chapters/V4-C01.tex,167,505,低,陈述与证明结构基本完整,"1. 条件：若每个样本只得到一个类别$z_i \1, ,K\$，称为硬聚类
2. 结论：若输出满足 $ q_ik 0, _k=1^Kq_ik=1 $ 的成员概率或隶属度向量$q_i$，称为软聚类。软分配经过最大分量决策可变成硬分配，但会丢失不确定性。
3. 证明起点：该条为定义或当前范围未提供证明。
4. 逐步写明每个条件在何处被使用，等式变形前核对定义域/维数/正分母。
5. 用一个只破坏单一条件的反例说明边界；最后复述结论而不是只写“证毕”。",UNREVIEWED_CURRENT_SOURCE,统计学习方法讲义_v2.6.0_全量索引库.xlsx
M05-定义-def:V4-C01-dimred,THEOREM_DEFINITION,定理定义索引,101,def:V4-C01-dimred,src/讲义源码/第04册_无监督学习与矩阵分解/chapters/V4-C01.tex,180,505,中,符号密度高,"1. 条件：给定$d<M$，降维学习编码器$g_ : R^M R^d$，令$z_i=g_ (x_i)$；若同时有解码器$h_ : R^d R^M$
2. 结论：重构为$ x_i=h_ (z_i)$。线性降维限制$g_ ,h_ $为线性映射，非线性降维允许曲面或分段结构。
3. 证明起点：该条为定义或当前范围未提供证明。
4. 逐步写明每个条件在何处被使用，等式变形前核对定义域/维数/正分母。
5. 用一个只破坏单一条件的反例说明边界；最后复述结论而不是只写“证毕”。",UNREVIEWED_CURRENT_SOURCE,统计学习方法讲义_v2.6.0_全量索引库.xlsx
M05-定义-def:V4-C01-latent-model,THEOREM_DEFINITION,定理定义索引,102,def:V4-C01-latent-model,src/讲义源码/第04册_无监督学习与矩阵分解/chapters/V4-C01.tex,184,505,中,符号密度高,"1. 条件：见原陈述中的对象与前提
2. 结论：见原陈述中的结论
3. 证明起点：该条为定义或当前范围未提供证明。
4. 逐步写明每个条件在何处被使用，等式变形前核对定义域/维数/正分母。
5. 用一个只破坏单一条件的反例说明边界；最后复述结论而不是只写“证毕”。",UNREVIEWED_CURRENT_SOURCE,统计学习方法讲义_v2.6.0_全量索引库.xlsx
M05-定理-thm:V4-C01-uniform-prior,THEOREM_DEFINITION,定理定义索引,103,thm:V4-C01-uniform-prior,src/讲义源码/第04册_无监督学习与矩阵分解/chapters/V4-C01.tex,256,508,中,符号密度高,"1. 条件：若$p_ (z=k)=1/K$对所有$k$成立
2. 结论：对任意$p_ (x)>0$的$x$， $ _k p_ (z=k x) = _k p_ (x z=k). $ 若先验不均匀，条件密度相同的两个类别会优先选择先验概率较大的类别。
3. 证明起点：将均匀先验代入后验公式，分子为$K^-1p_ (x z=k)$，分母为所有分子的和。
4. 逐步写明每个条件在何处被使用，等式变形前核对定义域/维数/正分母。
5. 用一个只破坏单一条件的反例说明边界；最后复述结论而不是只写“证毕”。",UNREVIEWED_CURRENT_SOURCE,统计学习方法讲义_v2.6.0_全量索引库.xlsx
M05-定义-def:V4-C02-hard-clustering,THEOREM_DEFINITION,定理定义索引,104,def:V4-C02-hard-clustering,src/讲义源码/第04册_无监督学习与矩阵分解/chapters/V4-C02.tex,133,520,中,符号密度高,"1. 条件：见原陈述中的对象与前提
2. 结论：见原陈述中的结论
3. 证明起点：该条为定义或当前范围未提供证明。
4. 逐步写明每个条件在何处被使用，等式变形前核对定义域/维数/正分母。
5. 用一个只破坏单一条件的反例说明边界；最后复述结论而不是只写“证毕”。",UNREVIEWED_CURRENT_SOURCE,统计学习方法讲义_v2.6.0_全量索引库.xlsx
M05-定义-def:V4-C02-distance-similarity,THEOREM_DEFINITION,定理定义索引,105,def:V4-C02-distance-similarity,src/讲义源码/第04册_无监督学习与矩阵分解/chapters/V4-C02.tex,160,521,中,符号密度高,"1. 条件：见原陈述中的对象与前提
2. 结论：见原陈述中的结论
3. 证明起点：该条为定义或当前范围未提供证明。
4. 逐步写明每个条件在何处被使用，等式变形前核对定义域/维数/正分母。
5. 用一个只破坏单一条件的反例说明边界；最后复述结论而不是只写“证毕”。",UNREVIEWED_CURRENT_SOURCE,统计学习方法讲义_v2.6.0_全量索引库.xlsx
M05-定理-thm:V4-C02-kmeans-descent,THEOREM_DEFINITION,定理定义索引,106,thm:V4-C02-kmeans-descent,src/讲义源码/第04册_无监督学习与矩阵分解/chapters/V4-C02.tex,426,528,低,陈述与证明结构基本完整,"1. 条件：假设每轮分配步按固定规
2. 结论：选择最近中心，中心步对每个非空类取均值，且不出现空类。则目标序列$W^(t)$单调不增。若每当分配改变时目标严格下降，则算法经过有限轮后分配稳定；稳定点是交替优化的坐标极小点，但未必是全局极小点。
3. 证明起点：固定$ ^(t)$时，最近中心分配逐样本最小化距离项，因此 $ W(C^(t+1), ^(t)) W(C^(t), ^(t)). $ 固定$C^(t+1)$时，上面的平方和分解表明类内均值使每一类目标最小，所以 $ W(C^(t+1), ^(t+1)) W(C^(t+1), ^(t)). $ 串联两式得到$W^(t+1) W^(t)$。
4. 逐步写明每个条件在何处被使用，等式变形前核对定义域/维数/正分母。
5. 用一个只破坏单一条件的反例说明边界；最后复述结论而不是只写“证毕”。",UNREVIEWED_CURRENT_SOURCE,统计学习方法讲义_v2.6.0_全量索引库.xlsx
M05-定义-def:V4-C03-full-svd,THEOREM_DEFINITION,定理定义索引,107,def:V4-C03-full-svd,src/讲义源码/第04册_无监督学习与矩阵分解/chapters/V4-C03.tex,147,543,中,符号密度高,"1. 条件：见原陈述中的对象与前提
2. 结论：见原陈述中的结论
3. 证明起点：该条为定义或当前范围未提供证明。
4. 逐步写明每个条件在何处被使用，等式变形前核对定义域/维数/正分母。
5. 用一个只破坏单一条件的反例说明边界；最后复述结论而不是只写“证毕”。",UNREVIEWED_CURRENT_SOURCE,统计学习方法讲义_v2.6.0_全量索引库.xlsx
M05-定理-thm:V4-C03-svd-existence,THEOREM_DEFINITION,定理定义索引,108,thm:V4-C03-svd-existence,src/讲义源码/第04册_无监督学习与矩阵分解/chapters/V4-C03.tex,252,546,低,陈述与证明结构基本完整,"1. 条件：见原陈述中的对象与前提
2. 结论：见原陈述中的结论
3. 证明起点：上面的三步构造给出正交矩阵$U,V$、矩形对角矩阵$ $并验证$A=U V^T$，因此存在性成立。
4. 逐步写明每个条件在何处被使用，等式变形前核对定义域/维数/正分母。
5. 用一个只破坏单一条件的反例说明边界；最后复述结论而不是只写“证毕”。",UNREVIEWED_CURRENT_SOURCE,统计学习方法讲义_v2.6.0_全量索引库.xlsx
M05-定理-thm:V4-C03-singular-extrema,THEOREM_DEFINITION,定理定义索引,109,thm:V4-C03-singular-extrema,src/讲义源码/第04册_无监督学习与矩阵分解/chapters/V4-C03.tex,296,547,中,符号密度高；证明路线提示不足,"1. 条件：对任意$A R^m n$， $ _\|x\|_2=1\|Ax\|_2= _1. $ 若$A$列满秩
2. 结论：$ _\|x\|_2=1\|Ax\|_2= _n>0. $ 极值方向分别可取$v_1$和$v_n$。
3. 证明起点：令$y=V^Tx$，则$\|y\|_2=\|x\|_2=1$，并且 $ \|Ax\|_2^2=\| y\|_2^2 = _j=1^p _j^2y_j^2. $ 该加权和不超过$ _1^2 _jy_j^2= _1^2$，取$y=e_1$达到上界。
4. 逐步写明每个条件在何处被使用，等式变形前核对定义域/维数/正分母。
5. 用一个只破坏单一条件的反例说明边界；最后复述结论而不是只写“证毕”。",UNREVIEWED_CURRENT_SOURCE,统计学习方法讲义_v2.6.0_全量索引库.xlsx
M05-定义-def:V4-C03-compact-svd,THEOREM_DEFINITION,定理定义索引,110,def:V4-C03-compact-svd,src/讲义源码/第04册_无监督学习与矩阵分解/chapters/V4-C03.tex,338,548,中,符号密度高,"1. 条件：若$r=rank(A)>0$，只保留正奇异值及其向量，得到 $ A=U_r _rV_r^T, $ 其中 $ U_r R^m r, _r=diag( _1, , _r) R^r r, V_r R^n r. $ $U_r^TU_r=V_r^TV_r=I_r$，但$U_rU_r^T$与$V_rV_r^T$通常只是投影矩阵
2. 结论：
3. 证明起点：该条为定义或当前范围未提供证明。
4. 逐步写明每个条件在何处被使用，等式变形前核对定义域/维数/正分母。
5. 用一个只破坏单一条件的反例说明边界；最后复述结论而不是只写“证毕”。",UNREVIEWED_CURRENT_SOURCE,统计学习方法讲义_v2.6.0_全量索引库.xlsx
M05-定义-def:V4-C03-rank-zero-svd,THEOREM_DEFINITION,定理定义索引,111,def:V4-C03-rank-zero-svd,src/讲义源码/第04册_无监督学习与矩阵分解/chapters/V4-C03.tex,357,548,中,符号密度高,"1. 条件：若$A=0_m n$
2. 结论：$r=0$，其紧SVD采用空因子约定 $ U_0 R^m 0, _0 R^0 0, V_0 R^n 0, A=U_0 _0V_0^ T=0_m n. $ 这里没有正奇异三元组需要计算；空列正交条件$U_0^ TU_0=V_0^ TV_0=I_0$按空矩阵约定成立。完整SVD仍可用任意正交$U,V$和全零$ $表示。因而“范数为零”是合法的秩$0$结果，不是数值失败。
3. 证明起点：该条为定义或当前范围未提供证明。
4. 逐步写明每个条件在何处被使用，等式变形前核对定义域/维数/正分母。
5. 用一个只破坏单一条件的反例说明边界；最后复述结论而不是只写“证毕”。",UNREVIEWED_CURRENT_SOURCE,统计学习方法讲义_v2.6.0_全量索引库.xlsx
M05-定义-def:V4-C03-truncated-svd,THEOREM_DEFINITION,定理定义索引,112,def:V4-C03-truncated-svd,src/讲义源码/第04册_无监督学习与矩阵分解/chapters/V4-C03.tex,415,548,中,符号密度高,"1. 条件：若$r=rank(A)>0$，对$1 k r$，令$U_k,V_k$取前$k$列，$ _k$取前$k$个奇异值，定义 $ A_k=U_k _kV_k^T = _j=1^k _ju_jv_j^T. $ $A_k R^m n$且$rank(A_k)=k$
2. 结论：由紧SVD的精确重构与$ _1, , _r>0$可知 $ A_k=A k=r, 1 k<r A_k A. $ 因此$k<r$时$A_k$是对$A$的有损近似，而$k=r$时$A_r$就是精确的紧SVD重构。
3. 证明起点：该条为定义或当前范围未提供证明。
4. 逐步写明每个条件在何处被使用，等式变形前核对定义域/维数/正分母。
5. 用一个只破坏单一条件的反例说明边界；最后复述结论而不是只写“证毕”。",UNREVIEWED_CURRENT_SOURCE,统计学习方法讲义_v2.6.0_全量索引库.xlsx
M05-定义-def:V4-C03-frobenius,THEOREM_DEFINITION,定理定义索引,113,def:V4-C03-frobenius,src/讲义源码/第04册_无监督学习与矩阵分解/chapters/V4-C03.tex,583,542,中,符号密度高,"1. 条件：对$A=[a_ij] R^m n$， $ \|A\|_F= ( _i=1^m _j=1^na_ij^2 )^1/2 = tr(A^TA). $ 若$Q,P$为维数相容的正交矩阵
2. 结论：$\|QAP^T\|_F=\|A\|_F$。
3. 证明起点：该条为定义或当前范围未提供证明。
4. 逐步写明每个条件在何处被使用，等式变形前核对定义域/维数/正分母。
5. 用一个只破坏单一条件的反例说明边界；最后复述结论而不是只写“证毕”。",UNREVIEWED_CURRENT_SOURCE,统计学习方法讲义_v2.6.0_全量索引库.xlsx
M05-定义-def:V4-C03-energy-error,THEOREM_DEFINITION,定理定义索引,114,def:V4-C03-energy-error,src/讲义源码/第04册_无监督学习与矩阵分解/chapters/V4-C03.tex,614,554,中,符号密度高,"1. 条件：当$A 0$时，保留前$k$项的平方Frobenius能量比例与尾部平方损失为 $ E_k= _j k _j^2 _j _j^2, L_k= \|A-A_k\|_F^2\|A\|_F^2=1-E_k. $ 相对Frobenius范数误差
2. 结论：是 $ \|A-A_k\|_F\|A\|_F= L_k= 1-E_k. $ 因此“保留$90\
3. 证明起点：该条为定义或当前范围未提供证明。
4. 逐步写明每个条件在何处被使用，等式变形前核对定义域/维数/正分母。
5. 用一个只破坏单一条件的反例说明边界；最后复述结论而不是只写“证毕”。",UNREVIEWED_CURRENT_SOURCE,统计学习方法讲义_v2.6.0_全量索引库.xlsx
M05-定理-thm:V4-C03-eym,THEOREM_DEFINITION,定理定义索引,115,thm:V4-C03-eym,src/讲义源码/第04册_无监督学习与矩阵分解/chapters/V4-C03.tex,645,555,中,符号密度高,"1. 条件：设$A R^m n$的奇异值为 $ _1 _p 0$，且$1 k<r$
2. 结论：对任意 $B R^m n$且$rank(B) k$， $ \|A-B\|_2 _k+1, \|A-B\|_F ( _j=k+1^r _j^2 )^1/2. $ $A_k=U_k _kV_k^T$同时达到两个下界。若$ _k> _k+1$，前$k$维左右奇异子空间唯一，且Frobenius范数下的最优矩阵$A_k$唯一；谱范数下的最优矩阵即使存在该间隙也可能不唯一。若$ _k= _k+1$，截断边界穿过重奇异值子空间，Frobenius最优矩阵也可能不唯一。
3. 证明起点：谱范数下界。
4. 逐步写明每个条件在何处被使用，等式变形前核对定义域/维数/正分母。
5. 用一个只破坏单一条件的反例说明边界；最后复述结论而不是只写“证毕”。",UNREVIEWED_CURRENT_SOURCE,统计学习方法讲义_v2.6.0_全量索引库.xlsx
M05-定义-0115,THEOREM_DEFINITION,定理定义索引,116,27,src/讲义源码/第04册_无监督学习与矩阵分解/chapters/V4-C04.tex,177,568,中,符号密度高,"1. 条件：设$ $的特征值按$ _1 _m 0$排列，相应标准正交特征向量为$ _1, , _m$。随机变量 $ y_i= _i^ T(x- ), i=1, ,m, $ 称为第$i$个总体主成分。若特征值互异
2. 结论：每个方向除整体符号外唯一；若有重复特征值，则对应特征子空间唯一而其中的基不唯一。
3. 证明起点：该条为定义或当前范围未提供证明。
4. 逐步写明每个条件在何处被使用，等式变形前核对定义域/维数/正分母。
5. 用一个只破坏单一条件的反例说明边界；最后复述结论而不是只写“证毕”。",UNREVIEWED_CURRENT_SOURCE,统计学习方法讲义_v2.6.0_全量索引库.xlsx
M05-定理-thm:V4-C04-eigen-pc,THEOREM_DEFINITION,定理定义索引,117,thm:V4-C04-eigen-pc,src/讲义源码/第04册_无监督学习与矩阵分解/chapters/V4-C04.tex,224,571,中,符号密度高,"1. 条件：设$ $为总体协方差矩阵
2. 结论：按降序排列的标准正交特征向量$ _i$给出总体主成分$y_i= _i^ Tz$，且 $ var(y_i)= _i, cov(y_i,y_j)=0 (i j). $ 反之，依次解方差最大化与不相关约束得到的方向可选为这些特征向量。
3. 证明起点：特征方程给出$var(y_i)= _i^ T _i= _i$。
4. 逐步写明每个条件在何处被使用，等式变形前核对定义域/维数/正分母。
5. 用一个只破坏单一条件的反例说明边界；最后复述结论而不是只写“证毕”。",UNREVIEWED_CURRENT_SOURCE,统计学习方法讲义_v2.6.0_全量索引库.xlsx
M05-定理-thm:V4-C04-max-variance,THEOREM_DEFINITION,定理定义索引,118,thm:V4-C04-max-variance,src/讲义源码/第04册_无监督学习与矩阵分解/chapters/V4-C04.tex,273,571,中,符号密度高,"1. 条件：对任意$B R^m q$且$B^ TB=I_q$，有 $ tr(B^ T B) _i=1^q _i. $ 令$ = _q$，并记 $ E_>= _ _i> ( - _iI), E_== ( - I). $ 等号成立当且仅当 $E_> (B) E_> E_=$且$ (B)=q$
2. 结论：也就是说，最优子空间必须包含所有严格大于截断值的特征方向，并从边界重根空间中任取所需维数；只有$ _q> _q+1$时，领先$q$维不变子空间才唯一（其正交基仍可旋转）。
3. 证明起点：写$ =A A^ T$并令$C=A^ TB$，则$C^ TC=I_q$。
4. 逐步写明每个条件在何处被使用，等式变形前核对定义域/维数/正分母。
5. 用一个只破坏单一条件的反例说明边界；最后复述结论而不是只写“证毕”。",UNREVIEWED_CURRENT_SOURCE,统计学习方法讲义_v2.6.0_全量索引库.xlsx
M05-定义-0118,THEOREM_DEFINITION,定理定义索引,119,27,src/讲义源码/第04册_无监督学习与矩阵分解/chapters/V4-C04.tex,378,568,中,符号密度高,"1. 条件：设$S a_i= _i a_i$，$a_i^ Ta_j= _ij$，且$ _1 0$
2. 结论：第$i$个样本主成分得分向量为 $ s_i=a_i^ TX_c R^1 n. $ 它在样本间的无偏方差为$ _i$，不同得分向量的样本协方差为零。
3. 证明起点：该条为定义或当前范围未提供证明。
4. 逐步写明每个条件在何处被使用，等式变形前核对定义域/维数/正分母。
5. 用一个只破坏单一条件的反例说明边界；最后复述结论而不是只写“证毕”。",UNREVIEWED_CURRENT_SOURCE,统计学习方法讲义_v2.6.0_全量索引库.xlsx
M05-推论-cor:V4-C04-sample-reconstruction,THEOREM_DEFINITION,定理定义索引,120,cor:V4-C04-sample-reconstruction,src/讲义源码/第04册_无监督学习与矩阵分解/chapters/V4-C04.tex,470,578,中,符号密度高；证明过短，关键变形或条件使用位置不醒目,"1. 条件：见原陈述中的对象与前提
2. 结论：见原陈述中的结论
3. 证明起点：把$ $换为$X_cX_c^ T$重复总体推导。
4. 逐步写明每个条件在何处被使用，等式变形前核对定义域/维数/正分母。
5. 用一个只破坏单一条件的反例说明边界；最后复述结论而不是只写“证毕”。",UNREVIEWED_CURRENT_SOURCE,统计学习方法讲义_v2.6.0_全量索引库.xlsx
M05-定义-def:V4-C05-lsa,THEOREM_DEFINITION,定理定义索引,121,def:V4-C05-lsa,src/讲义源码/第04册_无监督学习与矩阵分解/chapters/V4-C05.tex,168,592,中,符号密度高,"1. 条件：见原陈述中的对象与前提
2. 结论：见原陈述中的结论
3. 证明起点：该条为定义或当前范围未提供证明。
4. 逐步写明每个条件在何处被使用，等式变形前核对定义域/维数/正分母。
5. 用一个只破坏单一条件的反例说明边界；最后复述结论而不是只写“证毕”。",UNREVIEWED_CURRENT_SOURCE,统计学习方法讲义_v2.6.0_全量索引库.xlsx
M05-定理-thm:V4-C05-lsa-optimal,THEOREM_DEFINITION,定理定义索引,122,thm:V4-C05-lsa-optimal,src/讲义源码/第04册_无监督学习与矩阵分解/chapters/V4-C05.tex,256,595,中,符号密度高,"1. 条件：设$X$的奇异值为$ _1 _r>0$，$1 k<r$
2. 结论：$ X_k=U_k _kV_k^T $ 在所有秩不超过$k$的矩阵中最小化Frobenius误差，并且 $ \|X-X_k\|_F^2= _j=k+1^r _j^2. $ 此外，LSA训练坐标恰为$Y=U_k^TX= _kV_k^T$。
3. 证明起点：由本册的Eckart--Young--Mirsky低秩最优性定理thm:V4-C03-eym，任意$rank(B) k$的矩阵满足 $ \|X-B\|_F^2 _j=k+1^r _j^2. $ 截断矩阵与原矩阵之差为 $X-X_k= _j=k+1^r _ju_jv_j^T$。
4. 逐步写明每个条件在何处被使用，等式变形前核对定义域/维数/正分母。
5. 用一个只破坏单一条件的反例说明边界；最后复述结论而不是只写“证毕”。",UNREVIEWED_CURRENT_SOURCE,统计学习方法讲义_v2.6.0_全量索引库.xlsx
M05-定义-def:V4-C05-nmf,THEOREM_DEFINITION,定理定义索引,123,def:V4-C05-nmf,src/讲义源码/第04册_无监督学习与矩阵分解/chapters/V4-C05.tex,309,596,中,符号密度高,"1. 条件：见原陈述中的对象与前提
2. 结论：见原陈述中的结论
3. 证明起点：该条为定义或当前范围未提供证明。
4. 逐步写明每个条件在何处被使用，等式变形前核对定义域/维数/正分母。
5. 用一个只破坏单一条件的反例说明边界；最后复述结论而不是只写“证毕”。",UNREVIEWED_CURRENT_SOURCE,统计学习方法讲义_v2.6.0_全量索引库.xlsx
M05-定理-thm:V4-C05-fro-monotone,THEOREM_DEFINITION,定理定义索引,124,thm:V4-C05-fro-monotone,src/讲义源码/第04册_无监督学习与矩阵分解/chapters/V4-C05.tex,402,598,低,陈述与证明结构基本完整,"1. 条件：若$X 0$且无全零行或全零列，当前$W,H$严格为正，按上式固定一块更新另一块，并在每个块更新后使用新因子
2. 结论：各分母与乘法比率均为正，$J_F(W,H)$在每个子步均不增加。若一个子步不改变正因子，则该块的梯度为零。
3. 证明起点：先固定$W$并考虑$H$的一列$h$及相应文本$x$。
4. 逐步写明每个条件在何处被使用，等式变形前核对定义域/维数/正分母。
5. 用一个只破坏单一条件的反例说明边界；最后复述结论而不是只写“证毕”。",UNREVIEWED_CURRENT_SOURCE,统计学习方法讲义_v2.6.0_全量索引库.xlsx
M05-推论-cor:V4-C05-fro-fixed-face,THEOREM_DEFINITION,定理定义索引,125,cor:V4-C05-fro-fixed-face,src/讲义源码/第04册_无监督学习与矩阵分解/chapters/V4-C05.tex,446,599,中,未在紧邻位置检出证明,"1. 条件：若$W,H$只要求非负，零坐标在更新中保持为零，并且所有正坐标对应的分母严格为正
2. 结论：把定理thm:V4-C05-fro-monotone的辅助函数论证限制到这些正坐标张成的固定支持面，仍可得到每个顺序子步目标不增加。该结论只说明当前支持面内的单调性；零锁定可能阻止新方向进入，因此既不等价于严格正初值定理，也不提供全局KKT证书。
3. 证明起点：该条为定义或当前范围未提供证明。
4. 逐步写明每个条件在何处被使用，等式变形前核对定义域/维数/正分母。
5. 用一个只破坏单一条件的反例说明边界；最后复述结论而不是只写“证毕”。",UNREVIEWED_CURRENT_SOURCE,统计学习方法讲义_v2.6.0_全量索引库.xlsx
M05-定理-thm:V4-C05-kl-monotone,THEOREM_DEFINITION,定理定义索引,126,thm:V4-C05-kl-monotone,src/讲义源码/第04册_无监督学习与矩阵分解/chapters/V4-C05.tex,457,600,中,符号密度高,"1. 条件：若$X 0$且无全零行或全零列，$W,H$严格为正
2. 结论：以下顺序块更新始终有定义、保持因子严格为正，并使$D(X WH)$在每个子步不增加： $ H_ j H_ j _iW_i X_ij/(WH)_ij _iW_i , W_i W_i _jH_ jX_ij/(WH)_ij _jH_ j. $ 第二个子步使用第一个子步后的$H$；交换两块顺序也保持结论。
3. 证明起点：固定$W$并记当前因子为$ H$、$ q_ij=(W H)_ij>0$。
4. 逐步写明每个条件在何处被使用，等式变形前核对定义域/维数/正分母。
5. 用一个只破坏单一条件的反例说明边界；最后复述结论而不是只写“证毕”。",UNREVIEWED_CURRENT_SOURCE,统计学习方法讲义_v2.6.0_全量索引库.xlsx
M05-定义-def:V4-C06-generative,THEOREM_DEFINITION,定理定义索引,127,def:V4-C06-generative,src/讲义源码/第04册_无监督学习与矩阵分解/chapters/V4-C06.tex,160,617,中,符号密度高,"1. 条件：设$ =( _1, , _N)$是文档分布，$ =[ _ik]$和$ =[ _kj]$满足 $ _j 0, _j _j=1; _ik 0, _i _ik=1; _kj 0, _k _kj=1. $ 生成一个单词--文档观测对时，先取$d P(d)$，再取$z P(z d)$，最后取$w P(w z)$
2. 结论：给定$z$后，$w$与$d$条件独立，因而 $ P(w_i,d_j,z_k)= _j _kj _ik, P(w_i,d_j)= _j _k=1^K _ik _kj. $
3. 证明起点：该条为定义或当前范围未提供证明。
4. 逐步写明每个条件在何处被使用，等式变形前核对定义域/维数/正分母。
5. 用一个只破坏单一条件的反例说明边界；最后复述结论而不是只写“证毕”。",UNREVIEWED_CURRENT_SOURCE,统计学习方法讲义_v2.6.0_全量索引库.xlsx
M05-定理-thm:V4-C06-equivalence,THEOREM_DEFINITION,定理定义索引,128,thm:V4-C06-equivalence,src/讲义源码/第04册_无监督学习与矩阵分解/chapters/V4-C06.tex,247,621,中,符号密度高,"1. 条件：见原陈述中的对象与前提
2. 结论：见原陈述中的结论
3. 证明起点：从生成参数出发，定义 $ _k= _j=1^N _j _kj, _jk= _j _kj _k ( _k>0). $ 归一化给出$ _k _k=1$与$ _j _jk=1$，并且 $ _k _k _ik _jk = _k _ik _j _kj = _j _k _ik _kj. $ 若$ _k=0$，该主题对联合分布的贡献为零，$ _:k$可任取概率向量。
4. 逐步写明每个条件在何处被使用，等式变形前核对定义域/维数/正分母。
5. 用一个只破坏单一条件的反例说明边界；最后复述结论而不是只写“证毕”。",UNREVIEWED_CURRENT_SOURCE,统计学习方法讲义_v2.6.0_全量索引库.xlsx
M05-命题-prop:V4-C06-em-monotone,THEOREM_DEFINITION,定理定义索引,129,prop:V4-C06-em-monotone,src/讲义源码/第04册_无监督学习与矩阵分解/chapters/V4-C06.tex,385,624,中,证明路线提示不足,"1. 条件：若E步分母为正，M步精确极大化$Q'$且各更新保持概率约束
2. 结论：每轮PLSA EM满足 $ ( ^(t+1), ^(t+1)) ( ^(t), ^(t))$。该性质不保证到达全局最大值。
3. 证明起点：对每个$n_ij>0$，令$I_ij^(t)=\k: _ijk^(t)>0\$；
4. 逐步写明每个条件在何处被使用，等式变形前核对定义域/维数/正分母。
5. 用一个只破坏单一条件的反例说明边界；最后复述结论而不是只写“证毕”。",UNREVIEWED_CURRENT_SOURCE,统计学习方法讲义_v2.6.0_全量索引库.xlsx
M05-定义-0129,THEOREM_DEFINITION,定理定义索引,130,30,src/讲义源码/第05册_采样方法主题模型与图排序/chapters/V5-C01.tex,126,643,中,符号密度高,"1. 条件：设$( , F,P)$为概率空间，$ S$为状态空间
2. 结论：由同一概率空间上的随机变量$X_t: S$组成的族$\X_t\_t 0$称为随机过程。一次实验给出的序列$x_0,x_1, $称为一条样本路径。
3. 证明起点：该条为定义或当前范围未提供证明。
4. 逐步写明每个条件在何处被使用，等式变形前核对定义域/维数/正分母。
5. 用一个只破坏单一条件的反例说明边界；最后复述结论而不是只写“证毕”。",UNREVIEWED_CURRENT_SOURCE,统计学习方法讲义_v2.6.0_全量索引库.xlsx
M05-定义-eq:V5-C01-markov-property,THEOREM_DEFINITION,定理定义索引,131,eq:V5-C01-markov-property,src/讲义源码/第05册_采样方法主题模型与图排序/chapters/V5-C01.tex,141,644,中,符号密度高,"1. 条件：本节先限定$ S$为有限或可数集合。对任意$t 0$和概率为正的历史事件$\X_0:t=x_0:t\$，若 equation P(X_t+1=x_t+1 X_0:t=x_0:t) =P(X_t+1=x_t+1 X_t=x_t), equation
2. 结论：称该过程具有一阶马尔可夫性质。若右端条件分布不依赖$t$，称为时齐马尔可夫链。
3. 证明起点：该条为定义或当前范围未提供证明。
4. 逐步写明每个条件在何处被使用，等式变形前核对定义域/维数/正分母。
5. 用一个只破坏单一条件的反例说明边界；最后复述结论而不是只写“证毕”。",UNREVIEWED_CURRENT_SOURCE,统计学习方法讲义_v2.6.0_全量索引库.xlsx
M05-定义-eq:V5-C01-stationary,THEOREM_DEFINITION,定理定义索引,132,eq:V5-C01-stationary,src/讲义源码/第05册_采样方法主题模型与图排序/chapters/V5-C01.tex,301,642,中,符号密度高,"1. 条件：概率行向量$ $若满足 equation = A, _i 0, _i _i=1, equation
2. 结论：称$ $为$A$的平稳分布。若$X_0 $，式eq:V5-C01-distribution-update保证所有$t$都有$X_t $。
3. 证明起点：该条为定义或当前范围未提供证明。
4. 逐步写明每个条件在何处被使用，等式变形前核对定义域/维数/正分母。
5. 用一个只破坏单一条件的反例说明边界；最后复述结论而不是只写“证毕”。",UNREVIEWED_CURRENT_SOURCE,统计学习方法讲义_v2.6.0_全量索引库.xlsx
M05-定理-thm:V5-C01-finite-stationary,THEOREM_DEFINITION,定理定义索引,133,thm:V5-C01-finite-stationary,src/讲义源码/第05册_采样方法主题模型与图排序/chapters/V5-C01.tex,343,649,低,陈述与证明结构基本完整,"1. 条件：每个有限状态马尔可夫链至少有一个平稳分布。若链不可约
2. 结论：平稳分布唯一且每个分量严格为正；非周期性不是唯一性的必要条件。
3. 证明起点：存在性。
4. 逐步写明每个条件在何处被使用，等式变形前核对定义域/维数/正分母。
5. 用一个只破坏单一条件的反例说明边界；最后复述结论而不是只写“证毕”。",UNREVIEWED_CURRENT_SOURCE,统计学习方法讲义_v2.6.0_全量索引库.xlsx
M05-定义-0133,THEOREM_DEFINITION,定理定义索引,134,30,src/讲义源码/第05册_采样方法主题模型与图排序/chapters/V5-C01.tex,415,642,中,符号密度高,"1. 条件：见原陈述中的对象与前提
2. 结论：见原陈述中的结论
3. 证明起点：该条为定义或当前范围未提供证明。
4. 逐步写明每个条件在何处被使用，等式变形前核对定义域/维数/正分母。
5. 用一个只破坏单一条件的反例说明边界；最后复述结论而不是只写“证毕”。",UNREVIEWED_CURRENT_SOURCE,统计学习方法讲义_v2.6.0_全量索引库.xlsx
M05-命题-prop:V5-C01-common-period,THEOREM_DEFINITION,定理定义索引,135,prop:V5-C01-common-period,src/讲义源码/第05册_采样方法主题模型与图排序/chapters/V5-C01.tex,424,651,低,陈述与证明结构基本完整,"1. 条件：若$i$与$j$通信
2. 结论：$d(i)=d(j)$。
3. 证明起点：若$i=j$，等式两边是同一个周期量，结论成立；
4. 逐步写明每个条件在何处被使用，等式变形前核对定义域/维数/正分母。
5. 用一个只破坏单一条件的反例说明边界；最后复述结论而不是只写“证毕”。",UNREVIEWED_CURRENT_SOURCE,统计学习方法讲义_v2.6.0_全量索引库.xlsx
M05-定理-thm:V5-C01-ergodic,THEOREM_DEFINITION,定理定义索引,136,thm:V5-C01-ergodic,src/讲义源码/第05册_采样方法主题模型与图排序/chapters/V5-C01.tex,483,652,中,符号密度高,"1. 条件：设有限状态马尔可夫链不可约，唯一平稳分布为$ $。对满足$ _i _i|f(i)|< $的函数$f$，时间平均满足 equation 1T _t=0^T-1f(X_t) _i _i f(i) 以概率1成立. equation 若再加非周期性
2. 结论：对任意$i,j$有 equation (A^t)_ij _j, equation 从而任意初始分布$ _0A^t $。
3. 证明起点：第1步：构造有限均值的再生周期。
4. 逐步写明每个条件在何处被使用，等式变形前核对定义域/维数/正分母。
5. 用一个只破坏单一条件的反例说明边界；最后复述结论而不是只写“证毕”。",UNREVIEWED_CURRENT_SOURCE,统计学习方法讲义_v2.6.0_全量索引库.xlsx
M05-定义-eq:V5-C01-detailed-balance,THEOREM_DEFINITION,定理定义索引,137,eq:V5-C01-detailed-balance,src/讲义源码/第05册_采样方法主题模型与图排序/chapters/V5-C01.tex,630,642,中,符号密度高,"1. 条件：若概率分布$ $满足 equation _i a_ij= _j a_ji, i,j S, equation
2. 结论：称$A$关于$ $满足细致平衡，链关于$ $可逆。等式两边都是平稳权重下沿同一条边相反方向的一步概率流。
3. 证明起点：该条为定义或当前范围未提供证明。
4. 逐步写明每个条件在何处被使用，等式变形前核对定义域/维数/正分母。
5. 用一个只破坏单一条件的反例说明边界；最后复述结论而不是只写“证毕”。",UNREVIEWED_CURRENT_SOURCE,统计学习方法讲义_v2.6.0_全量索引库.xlsx
M05-定义-eq:V5-C02-mc-estimator,THEOREM_DEFINITION,定理定义索引,138,eq:V5-C02-mc-estimator,src/讲义源码/第05册_采样方法主题模型与图排序/chapters/V5-C02.tex,161,675,中,符号密度高,"1. 条件：设$( X, A)$为可测空间，$p$为其上的概率分布，$X_1, ,X_N$独立同分布且共同服从$p$，记作$X_i iid p$。若$f: X R$可测且$E_p|f(X)|< $
2. 结论：equation =E_p[f(X)], _N= 1N _i=1^N f(X_i), N 1, equation 称为目标期望及其蒙特卡罗估计量。
3. 证明起点：该条为定义或当前范围未提供证明。
4. 逐步写明每个条件在何处被使用，等式变形前核对定义域/维数/正分母。
5. 用一个只破坏单一条件的反例说明边界；最后复述结论而不是只写“证毕”。",UNREVIEWED_CURRENT_SOURCE,统计学习方法讲义_v2.6.0_全量索引库.xlsx
M05-引理-lem:V5-C02-kolmogorov-series,THEOREM_DEFINITION,定理定义索引,139,lem:V5-C02-kolmogorov-series,src/讲义源码/第05册_采样方法主题模型与图排序/chapters/V5-C02.tex,235,677,中,符号密度高,"1. 条件：若$Z_1,Z_2, $相互独立，$E(Z_n)=0$，且$ _n 1E(Z_n^2)< $
2. 结论：级数$ _n 1Z_n$几乎必然收敛。
3. 证明起点：先证明最大不等式。
4. 逐步写明每个条件在何处被使用，等式变形前核对定义域/维数/正分母。
5. 用一个只破坏单一条件的反例说明边界；最后复述结论而不是只写“证毕”。",UNREVIEWED_CURRENT_SOURCE,统计学习方法讲义_v2.6.0_全量索引库.xlsx
M05-定理-thm:V5-C02-iid-mc,THEOREM_DEFINITION,定理定义索引,140,thm:V5-C02-iid-mc,src/讲义源码/第05册_采样方法主题模型与图排序/chapters/V5-C02.tex,259,678,中,符号密度高,"1. 条件：若$X_i iid p$且$f$可测、$E_p|f(X)|< $
2. 结论：$ _N$无偏且$ _N $几乎必然成立。若进一步$E_p[f(X)^2]< $，则式eq:V5-C02-mc-variance成立，并且均方误差为$ ^2/N$。
3. 证明起点：令$Y_i=f(X_i)$，并以$Y$表示它们的共同分布。
4. 逐步写明每个条件在何处被使用，等式变形前核对定义域/维数/正分母。
5. 用一个只破坏单一条件的反例说明边界；最后复述结论而不是只写“证毕”。",UNREVIEWED_CURRENT_SOURCE,统计学习方法讲义_v2.6.0_全量索引库.xlsx
M05-定义-eq:V5-C02-generalized-inverse,THEOREM_DEFINITION,定理定义索引,141,eq:V5-C02-generalized-inverse,src/讲义源码/第05册_采样方法主题模型与图排序/chapters/V5-C02.tex,308,679,中,符号密度高,"1. 条件：设$F(x)=P(X x)$是实随机变量的分布函数
2. 结论：对$0<u<1$，定义 equation Q(u)= \x R:F(x) u\. equation $Q$读作分位数函数或广义逆；“首次达到”中的不等号必须是$ $，这样才能覆盖离散跳跃和平坦区间。
3. 证明起点：该条为定义或当前范围未提供证明。
4. 逐步写明每个条件在何处被使用，等式变形前核对定义域/维数/正分母。
5. 用一个只破坏单一条件的反例说明边界；最后复述结论而不是只写“证毕”。",UNREVIEWED_CURRENT_SOURCE,统计学习方法讲义_v2.6.0_全量索引库.xlsx
M05-定理-thm:V5-C02-inverse-transform,THEOREM_DEFINITION,定理定义索引,142,thm:V5-C02-inverse-transform,src/讲义源码/第05册_采样方法主题模型与图排序/chapters/V5-C02.tex,316,679,中,符号密度高,"1. 条件：若$U U(0,1)$，并令$X=Q(U)$，其中$Q$由式eq:V5-C02-generalized-inverse定义
2. 结论：$X$的分布函数是$F$。此结论允许$F$有跳跃和平坦段。
3. 证明起点：先证明对每个$0<u<1$和$x R$都有 equation Q(u) x u F(x). equation 由于$0<u<1$且分布函数在两端的极限分别为$0$和$1$，集合$S_u=\z:F(z) u\$非空且有下界，所以$a=Q(u)$是有限实数。
4. 逐步写明每个条件在何处被使用，等式变形前核对定义域/维数/正分母。
5. 用一个只破坏单一条件的反例说明边界；最后复述结论而不是只写“证毕”。",UNREVIEWED_CURRENT_SOURCE,统计学习方法讲义_v2.6.0_全量索引库.xlsx
M05-定理-thm:V5-C02-rejection-correctness,THEOREM_DEFINITION,定理定义索引,143,thm:V5-C02-rejection-correctness,src/讲义源码/第05册_采样方法主题模型与图排序/chapters/V5-C02.tex,367,681,中,符号密度高；证明路线提示不足,"1. 条件：见原陈述中的对象与前提
2. 结论：见原陈述中的结论
3. 证明起点：固定$Y=y$后，$U$与$Y$独立且$0 (y) 1$，所以条件接受概率是$ (y)$。
4. 逐步写明每个条件在何处被使用，等式变形前核对定义域/维数/正分母。
5. 用一个只破坏单一条件的反例说明边界；最后复述结论而不是只写“证毕”。",UNREVIEWED_CURRENT_SOURCE,统计学习方法讲义_v2.6.0_全量索引库.xlsx
M05-定理-thm:V5-C02-is-properties,THEOREM_DEFINITION,定理定义索引,144,thm:V5-C02-is-properties,src/讲义源码/第05册_采样方法主题模型与图排序/chapters/V5-C02.tex,415,684,中,符号密度高,"1. 条件：若$p q$且$E_q|w(Y)h(Y)|< $
2. 结论：式eq:V5-C02-ordinary-is无偏并几乎必然收敛到$I$。若再有$E_q[(w(Y)h(Y))^2]< $，其方差为$Var_q(wh)/N$。对式eq:V5-C02-snis，若$E_q| w h|< $且$E_q w=Z (0, )$，则以概率$1$存在随机整数$N_0$，使所有$N N_0$时分母有限且为正；从此式eq:V5-C02-snis有定义，并几乎必然收敛到$I$。
3. 证明起点：支持覆盖使 $ E_q[w(Y)h(Y)] = _\q>0\q(y)w(y)h(y) d (y) = _\q>0\p(y)h(y) d (y) = p(y)h(y) d (y)=I, $ 其中最后一个等号使用$p q$。
4. 逐步写明每个条件在何处被使用，等式变形前核对定义域/维数/正分母。
5. 用一个只破坏单一条件的反例说明边界；最后复述结论而不是只写“证毕”。",UNREVIEWED_CURRENT_SOURCE,统计学习方法讲义_v2.6.0_全量索引库.xlsx
M05-命题-prop:V5-C02-optimal-proposal,THEOREM_DEFINITION,定理定义索引,145,prop:V5-C02-optimal-proposal,src/讲义源码/第05册_采样方法主题模型与图排序/chapters/V5-C02.tex,447,684,中,符号密度高；证明路线提示不足,"1. 条件：见原陈述中的对象与前提
2. 结论：见原陈述中的结论
3. 证明起点：对任意可行$q$，在$q=0$处把$|h|p/ q$与$h^2p^2/q$都约定为$0$；
4. 逐步写明每个条件在何处被使用，等式变形前核对定义域/维数/正分母。
5. 用一个只破坏单一条件的反例说明边界；最后复述结论而不是只写“证毕”。",UNREVIEWED_CURRENT_SOURCE,统计学习方法讲义_v2.6.0_全量索引库.xlsx
M05-定义-0145,THEOREM_DEFINITION,定理定义索引,146,32,src/讲义源码/第05册_采样方法主题模型与图排序/chapters/V5-C03.tex,171,704,中,符号密度高,"1. 条件：给定目标概率分布$ $和函数$f$，若马尔可夫核$K$满足$ K= $，并且链的结构条件足以保证式eq:V5-C03-ergodic-average收敛到$E_ f$
2. 结论：“按$K$产生轨迹并计算时间平均”的方法称为以$ $为目标的马尔可夫链蒙特卡罗法。
3. 证明起点：该条为定义或当前范围未提供证明。
4. 逐步写明每个条件在何处被使用，等式变形前核对定义域/维数/正分母。
5. 用一个只破坏单一条件的反例说明边界；最后复述结论而不是只写“证毕”。",UNREVIEWED_CURRENT_SOURCE,统计学习方法讲义_v2.6.0_全量索引库.xlsx
M05-定义-eq:V5-C03-general-detailed-balance,THEOREM_DEFINITION,定理定义索引,147,eq:V5-C03-general-detailed-balance,src/讲义源码/第05册_采样方法主题模型与图排序/chapters/V5-C03.tex,215,707,中,符号密度高,"1. 条件：若对任意可测集合$A,B B$都有 equation _A ( dx)K(x,B) = _B ( dy)K(y,A), equation
2. 结论：称$K$关于$ $满足细致平衡，或称平稳链关于$ $可逆。若$K$有密度$k(x,y)$，条件化为 equation (x)k(x,y)= (y)k(y,x) 对\ \ 几乎处处成立. equation
3. 证明起点：该条为定义或当前范围未提供证明。
4. 逐步写明每个条件在何处被使用，等式变形前核对定义域/维数/正分母。
5. 用一个只破坏单一条件的反例说明边界；最后复述结论而不是只写“证毕”。",UNREVIEWED_CURRENT_SOURCE,统计学习方法讲义_v2.6.0_全量索引库.xlsx
M05-命题-prop:V5-C03-db-stationary,THEOREM_DEFINITION,定理定义索引,148,prop:V5-C03-db-stationary,src/讲义源码/第05册_采样方法主题模型与图排序/chapters/V5-C03.tex,239,707,低,陈述与证明结构基本完整,"1. 条件：若概率测度$ $与马尔可夫核$K$满足式eq:V5-C03-general-detailed-balance
2. 结论：$ K= $。
3. 证明起点：在式eq:V5-C03-general-detailed-balance中取$A= X$。
4. 逐步写明每个条件在何处被使用，等式变形前核对定义域/维数/正分母。
5. 用一个只破坏单一条件的反例说明边界；最后复述结论而不是只写“证毕”。",UNREVIEWED_CURRENT_SOURCE,统计学习方法讲义_v2.6.0_全量索引库.xlsx
M05-定理-thm:V5-C03-mh-reversible,THEOREM_DEFINITION,定理定义索引,149,thm:V5-C03-mh-reversible,src/讲义源码/第05册_采样方法主题模型与图排序/chapters/V5-C03.tex,329,710,中,符号密度高,"1. 条件：若$( X, B)$为标准Borel空间，$ $为$ $有限测度，$0<Z= d < $，且$q$是上述联合可测的合法提议密度
2. 结论：式eq:V5-C03-mh-alpha--eq:V5-C03-mh-kernel定义一个马尔可夫核$K$。该核关于$ = /Z$满足细致平衡，因而$ $是$K$的平稳分布。
3. 证明起点：由式eq:V5-C03-common-flow--eq:V5-C03-mh-alpha，对$ $几乎处处的$(x,y)$， $ (x)q(x,y) (x,y) =h(x,y) =h(y,x) = (y)q(y,x) (y,x). $ 除以共同的正归一化常数$Z$，接受移动部分的双向流相等。
4. 逐步写明每个条件在何处被使用，等式变形前核对定义域/维数/正分母。
5. 用一个只破坏单一条件的反例说明边界；最后复述结论而不是只写“证毕”。",UNREVIEWED_CURRENT_SOURCE,统计学习方法讲义_v2.6.0_全量索引库.xlsx
M05-命题-prop:V5-C03-maximal-flow,THEOREM_DEFINITION,定理定义索引,150,prop:V5-C03-maximal-flow,src/讲义源码/第05册_采样方法主题模型与图排序/chapters/V5-C03.tex,386,711,中,符号密度高,"1. 条件：固定一对状态$x,y$并记$a=g(x,y)$、$b=g(y,x)$。在所有满足 $ 0 _xy, _yx 1, a _xy=b _yx $ 的接受规
2. 结论：中，共同流$a _xy=b _yx$的最大值为$ \a,b\$；式eq:V5-C03-mh-alpha达到该上界。
3. 证明起点：设共同流为$c$。
4. 逐步写明每个条件在何处被使用，等式变形前核对定义域/维数/正分母。
5. 用一个只破坏单一条件的反例说明边界；最后复述结论而不是只写“证毕”。",UNREVIEWED_CURRENT_SOURCE,统计学习方法讲义_v2.6.0_全量索引库.xlsx
M05-定理-thm:V5-C03-coordinate-kernel,THEOREM_DEFINITION,定理定义索引,151,thm:V5-C03-coordinate-kernel,src/讲义源码/第05册_采样方法主题模型与图排序/chapters/V5-C03.tex,436,713,中,符号密度高,"1. 条件：设$ X= _r=1^d X_r$，支配测度为$ = _r _r$，目标有密度$ (x)$
2. 结论：第$j$坐标提议$q_j(x_j,y_j x_-j)$关于$ _j( dy_j)$归一化且联合可测。用式eq:V5-C03-component-alpha及零流分支构造的单坐标核$K_j$关于$ $可逆，因而保持$ $。该结论不要求$K_j(x, dy)$关于全维$ ( dy)$有密度。
3. 证明起点：单坐标提议的全维写法是 $ Q_j(x, dy)=q_j(x_j,y_j x_-j) _j( dy_j) _x_-j( dy_-j), $ 它集中在$y_-j=x_-j$的低维集合上，通常对全维Lebesgue测度奇异，故不能套用“存在$q(x,y)$全维密度”的证明。
4. 逐步写明每个条件在何处被使用，等式变形前核对定义域/维数/正分母。
5. 用一个只破坏单一条件的反例说明边界；最后复述结论而不是只写“证毕”。",UNREVIEWED_CURRENT_SOURCE,统计学习方法讲义_v2.6.0_全量索引库.xlsx
M05-命题-prop:V5-C03-component-scan,THEOREM_DEFINITION,定理定义索引,152,prop:V5-C03-component-scan,src/讲义源码/第05册_采样方法主题模型与图排序/chapters/V5-C03.tex,477,714,中,符号密度高,"1. 条件：若每个坐标MH核$K_j$关于共同目标$ $可逆
2. 结论：每个$K_j$保持$ $。任意固定顺序的系统扫描复合核$K_1K_2 K_d$保持$ $，但一般不关于$ $可逆；固定权重$w_j>0$、$ _jw_j=1$的随机扫描混合核$ _jw_jK_j$关于$ $可逆。
3. 证明起点：每个$K_j$可逆，由命题prop:V5-C03-db-stationary得到$ K_j= $。
4. 逐步写明每个条件在何处被使用，等式变形前核对定义域/维数/正分母。
5. 用一个只破坏单一条件的反例说明边界；最后复述结论而不是只写“证毕”。",UNREVIEWED_CURRENT_SOURCE,统计学习方法讲义_v2.6.0_全量索引库.xlsx
M05-定理-thm:V5-C03-finite-correctness,THEOREM_DEFINITION,定理定义索引,153,thm:V5-C03-finite-correctness,src/讲义源码/第05册_采样方法主题模型与图排序/chapters/V5-C03.tex,504,715,中,符号密度高,"1. 条件：设$ X$有限，$ (x)>0$对每个$x X$成立，$K$为以$ $为目标的MH核。 enumerate[leftmargin=2.2em] $ $是$K$的平稳分布。 若$K$不可约
2. 结论：$ $是唯一平稳分布，且对任意$f: X R$及任意初值， $ 1n _t=1^nf(X_t) E_ f 几乎必然. $ 若$K$还非周期，则对任意初始分布$ _0$都有$ _0K^t $。 enumerate
3. 证明起点：第1项由定理thm:V5-C03-mh-reversible得到。
4. 逐步写明每个条件在何处被使用，等式变形前核对定义域/维数/正分母。
5. 用一个只破坏单一条件的反例说明边界；最后复述结论而不是只写“证毕”。",UNREVIEWED_CURRENT_SOURCE,统计学习方法讲义_v2.6.0_全量索引库.xlsx
M05-定义-def:V5-C03-harris-conditions,THEOREM_DEFINITION,定理定义索引,154,def:V5-C03-harris-conditions,src/讲义源码/第05册_采样方法主题模型与图排序/chapters/V5-C03.tex,555,716,中,符号密度高,"1. 条件：给定非零$ $有限测度$ $，若每个满足$ (A)>0$的可测集$A$都满足$P_x( _A< )>0$（对所有$x$）
2. 结论：称链为$ $-不可约；若进一步$P_x( _A< )=1$（对所有$x$），则称其Harris回返。Harris回返链若存在不变概率分布$ $，称为正常Harris返。这里的陈述针对集合而不是单点，所以适用于连续状态空间。
3. 证明起点：该条为定义或当前范围未提供证明。
4. 逐步写明每个条件在何处被使用，等式变形前核对定义域/维数/正分母。
5. 用一个只破坏单一条件的反例说明边界；最后复述结论而不是只写“证毕”。",UNREVIEWED_CURRENT_SOURCE,统计学习方法讲义_v2.6.0_全量索引库.xlsx
M05-命题-prop:V5-C03-general-convergence,THEOREM_DEFINITION,定理定义索引,155,prop:V5-C03-general-convergence,src/讲义源码/第05册_采样方法主题模型与图排序/chapters/V5-C03.tex,559,716,中,符号密度高；未在紧邻位置检出证明,"1. 条件：设$K$为正常Harris返核且不变概率分布为$ $。 enumerate[leftmargin=2.2em] 对每个$f L^1( )$，时间平均$n^-1 _t=1^nf(X_t)$几乎必然收敛到$E_ f$；该结论不要求非周期性。 若$K$还非周期
2. 结论：对该遍历定理覆盖的初始状态有$ K^t(x, )- _TV 0$，从而固定时刻的边缘分布收敛；这不是时间平均结论的同义改写。 中心极限定理、有限渐近方差以及批均值估计的一致性都不是前两项的自动推论；它们还需相应矩条件与混合条件，例如几何遍历配合$E_ |f|^2+ < $，并需按所用批均值定理选择批长增长条件。 enumerate
3. 证明起点：该条为定义或当前范围未提供证明。
4. 逐步写明每个条件在何处被使用，等式变形前核对定义域/维数/正分母。
5. 用一个只破坏单一条件的反例说明边界；最后复述结论而不是只写“证毕”。",UNREVIEWED_CURRENT_SOURCE,统计学习方法讲义_v2.6.0_全量索引库.xlsx
M05-命题-prop:V5-C03-correlated-variance,THEOREM_DEFINITION,定理定义索引,156,prop:V5-C03-correlated-variance,src/讲义源码/第05册_采样方法主题模型与图排序/chapters/V5-C03.tex,580,716,中,符号密度高,"1. 条件：设链从平稳分布启动，$Y_t=f(X_t)$具有有限方差$ _0>0$，并令 $ _k=Cov(Y_t,Y_t+k), _k= _k/ _0. $
2. 结论：对$ Y_n=n^-1 _t=1^nY_t$， equation Var( Y_n) = _0n . equation
3. 证明起点：直接展开协方差双重和： $ Var( Y_n) = 1n^2 _s=1^n _t=1^n Cov(Y_s,Y_t). $ 平稳性使协方差只依赖$|s-t|$。
4. 逐步写明每个条件在何处被使用，等式变形前核对定义域/维数/正分母。
5. 用一个只破坏单一条件的反例说明边界；最后复述结论而不是只写“证毕”。",UNREVIEWED_CURRENT_SOURCE,统计学习方法讲义_v2.6.0_全量索引库.xlsx
M05-定义-def:V5-C04-full-conditional,THEOREM_DEFINITION,定理定义索引,157,def:V5-C04-full-conditional,src/讲义源码/第05册_采样方法主题模型与图排序/chapters/V5-C04.tex,197,739,中,陈述偏长，条件与结论需分栏；符号密度高,"1. 条件：见原陈述中的对象与前提
2. 结论：见原陈述中的结论
3. 证明起点：该条为定义或当前范围未提供证明。
4. 逐步写明每个条件在何处被使用，等式变形前核对定义域/维数/正分母。
5. 用一个只破坏单一条件的反例说明边界；最后复述结论而不是只写“证毕”。",UNREVIEWED_CURRENT_SOURCE,统计学习方法讲义_v2.6.0_全量索引库.xlsx
M05-定理-thm:V5-C04-coordinate-reversible,THEOREM_DEFINITION,定理定义索引,158,thm:V5-C04-coordinate-reversible,src/讲义源码/第05册_采样方法主题模型与图排序/chapters/V5-C04.tex,290,743,中,符号密度高,"1. 条件：在定义def:V5-C04-full-conditional的标准Borel与$ $有限条件下，用式eq:V5-C04-full-conditional-kernel的可测正
2. 结论：条件版本构造式eq:V5-C04-coordinate-kernel。则$K_j$关于$ $可逆，因而$ K_j= $；在$D_j^c$上更换版本不改变该结论。
3. 证明起点：记$ _-j= _ j _ $。
4. 逐步写明每个条件在何处被使用，等式变形前核对定义域/维数/正分母。
5. 用一个只破坏单一条件的反例说明边界；最后复述结论而不是只写“证毕”。",UNREVIEWED_CURRENT_SOURCE,统计学习方法讲义_v2.6.0_全量索引库.xlsx
M05-命题-prop:V5-C04-scan-invariance,THEOREM_DEFINITION,定理定义索引,159,prop:V5-C04-scan-invariance,src/讲义源码/第05册_采样方法主题模型与图排序/chapters/V5-C04.tex,317,743,中,符号密度高,"1. 条件：若每个$K_j$保持$ $
2. 结论：系统扫描核 $ K_sys=K_1K_2 K_d $ 保持$ $。若$w_j>0$、$ _jw_j=1$且权重不依赖当前状态，则随机扫描核 $ K_rs= _j=1^d w_jK_j $ 关于$ $可逆。系统扫描核一般只保证平稳，不保证可逆。
3. 证明起点：逐个使用$ K_j= $得到 $ K_sys =((( K_1)K_2) )K_d= . $ 对随机扫描，定理thm:V5-C04-coordinate-reversible给出每个$K_j$的对称双向流；
4. 逐步写明每个条件在何处被使用，等式变形前核对定义域/维数/正分母。
5. 用一个只破坏单一条件的反例说明边界；最后复述结论而不是只写“证毕”。",UNREVIEWED_CURRENT_SOURCE,统计学习方法讲义_v2.6.0_全量索引库.xlsx
M05-定理-thm:V5-C04-finite-positive,THEOREM_DEFINITION,定理定义索引,160,thm:V5-C04-finite-positive,src/讲义源码/第05册_采样方法主题模型与图排序/chapters/V5-C04.tex,342,745,中,符号密度高,"1. 条件：设$ X= _j=1^d X_j$为有限乘积空间，且$ (x)>0$对每个$x X$成立
2. 结论：一轮系统扫描核$K_sys$的每个矩阵元素都严格为正。因此该轮末链不可约、非周期，$ $是唯一平稳分布，并且从任意初值出发的边缘分布收敛到$ $。
3. 证明起点：任取$x,y X$。
4. 逐步写明每个条件在何处被使用，等式变形前核对定义域/维数/正分母。
5. 用一个只破坏单一条件的反例说明边界；最后复述结论而不是只写“证毕”。",UNREVIEWED_CURRENT_SOURCE,统计学习方法讲义_v2.6.0_全量索引库.xlsx
M05-命题-prop:V5-C04-bivariate-normal,THEOREM_DEFINITION,定理定义索引,161,prop:V5-C04-bivariate-normal,src/讲义源码/第05册_采样方法主题模型与图排序/chapters/V5-C04.tex,390,746,中,符号密度高；证明路线提示不足,"1. 条件：设 $ (X_1,X_2)^ T N (0, 1 \\ 1 ), | |<1. $ 按$x_1$后$x_2$的顺序系统扫描，并令$ = 1- ^2$
2. 结论：X_1^(t) = X_2^(t-1)+ _1t,\\ X_2^(t) = X_1^(t)+ _2t = ^2X_2^(t-1)+ _t, 其中$ _1t, _2t$独立同分布于$N(0,1)$，$ _t$独立于过去且$Var( _t)=1- ^4$。在平稳状态下，$X_2$的滞后$k$自相关为$ ^2k$，从而 $ _int= 1+ ^21- ^2, N_effN= 1- ^21+ ^2. $
3. 证明起点：联合密度指数中的二次型满足 $ x_1^2-2 x_1x_2+x_2^2 =(x_1- x_2)^2+(1- ^2)x_2^2. $ 固定$x_2$后，与$x_1$有关的部分给出 $X_1 X_2=x_2 N( x_2,1- ^2)$；
4. 逐步写明每个条件在何处被使用，等式变形前核对定义域/维数/正分母。
5. 用一个只破坏单一条件的反例说明边界；最后复述结论而不是只写“证毕”。",UNREVIEWED_CURRENT_SOURCE,统计学习方法讲义_v2.6.0_全量索引库.xlsx
M05-定义-def:V5-C05-multinomial,THEOREM_DEFINITION,定理定义索引,162,def:V5-C05-multinomial,src/讲义源码/第05册_采样方法主题模型与图排序/chapters/V5-C05.tex,163,764,中,符号密度高,"1. 条件：给定$ _K-1$，若 $ (Y=i )= _i, i=1, ,K, $
2. 结论：称$Y$服从以$ $为参数的类别分布。令$Y_1, ,Y_N$在给定$ $后条件独立同分布，并定义$n_i= _t=1^N 1\Y_t=i\$。计数向量$ n$的支持为 $ C_N,K =\ n N_0^K: _i=1^K n_i=N\, $ 其概率质量函数为 equation ( n N, ) = N! _i=1^K n_i! _i=1^K _i^n_i, n C_N,K. equation 约定$0^0=1$只用于表示计数为零时该因子不参与乘积。
3. 证明起点：该条为定义或当前范围未提供证明。
4. 逐步写明每个条件在何处被使用，等式变形前核对定义域/维数/正分母。
5. 用一个只破坏单一条件的反例说明边界；最后复述结论而不是只写“证毕”。",UNREVIEWED_CURRENT_SOURCE,统计学习方法讲义_v2.6.0_全量索引库.xlsx
M05-定理-thm:V5-C05-beta-gamma,THEOREM_DEFINITION,定理定义索引,163,thm:V5-C05-beta-gamma,src/讲义源码/第05册_采样方法主题模型与图排序/chapters/V5-C05.tex,251,766,低,陈述与证明结构基本完整,"1. 条件：见原陈述中的对象与前提
2. 结论：见原陈述中的结论
3. 证明起点：由Tonelli定理，非负被积函数允许把两个Gamma积分写成 $ (a) (b) = _0^ _0^ x^a-1y^b-1e^-(x+y) dx dy. $ 在正象限使用$x=st$、$y=s(1-t)$。
4. 逐步写明每个条件在何处被使用，等式变形前核对定义域/维数/正分母。
5. 用一个只破坏单一条件的反例说明边界；最后复述结论而不是只写“证毕”。",UNREVIEWED_CURRENT_SOURCE,统计学习方法讲义_v2.6.0_全量索引库.xlsx
M05-定义-def:V5-C05-dirichlet,THEOREM_DEFINITION,定理定义索引,164,def:V5-C05-dirichlet,src/讲义源码/第05册_采样方法主题模型与图排序/chapters/V5-C05.tex,320,762,中,符号密度高,"1. 条件：设$K 2$、$ _i>0$，并令 $ _K-1^ =\ (0,1)^K: _i=1^K _i=1\. $ 若$ $在单纯形上相对于坐标 $( _1, , _K-1)$的$(K-1)$维Lebesgue测度具有密度 equation p( ) = 1B( ) _i=1^K _i^ _i-1, _K=1- _i=1^K-1 _i, equation
2. 结论：记$ ( )$。边界按其极限行为理解；密度不是相对于整个$ R^K$的$K$维Lebesgue测度定义的。
3. 证明起点：该条为定义或当前范围未提供证明。
4. 逐步写明每个条件在何处被使用，等式变形前核对定义域/维数/正分母。
5. 用一个只破坏单一条件的反例说明边界；最后复述结论而不是只写“证毕”。",UNREVIEWED_CURRENT_SOURCE,统计学习方法讲义_v2.6.0_全量索引库.xlsx
M05-定理-thm:V5-C05-gamma-normalization,THEOREM_DEFINITION,定理定义索引,165,thm:V5-C05-gamma-normalization,src/讲义源码/第05册_采样方法主题模型与图排序/chapters/V5-C05.tex,349,768,中,符号密度高,"1. 条件：设$G_i$彼此独立，且 $ G_i ( _i,b), i=1, ,K, $ 其中采用共同rate $b>0$。令$S= _iG_i$、$ _i=G_i/S$
2. 结论：$ ( ), S ( _0,b), $ 并且$ $与$S$独立。
3. 证明起点：联合密度为 $ _i=1^K b^ _i ( _i) g_i^ _i-1e^-bg_i. $ 作变量变换$g_i=s _i$，$i<K$，以及 $g_K=s(1- _i<K _i)$。
4. 逐步写明每个条件在何处被使用，等式变形前核对定义域/维数/正分母。
5. 用一个只破坏单一条件的反例说明边界；最后复述结论而不是只写“证毕”。",UNREVIEWED_CURRENT_SOURCE,统计学习方法讲义_v2.6.0_全量索引库.xlsx
M05-命题-prop:V5-C05-basic-moments,THEOREM_DEFINITION,定理定义索引,166,prop:V5-C05-basic-moments,src/讲义源码/第05册_采样方法主题模型与图排序/chapters/V5-C05.tex,405,770,中,符号密度高,"1. 条件：若$ ( )$
2. 结论：E( _i) = _i _0,\\ Var( _i) = _i( _0- _i) _0^2( _0+1),\\ Cov( _i, _j) =- _i _j _0^2( _0+1), i j.
3. 证明起点：分别把$ _i$、$ _i^2$与$ _i _j$乘入密度，所得积分都是参数增加后的多元Beta积分。
4. 逐步写明每个条件在何处被使用，等式变形前核对定义域/维数/正分母。
5. 用一个只破坏单一条件的反例说明边界；最后复述结论而不是只写“证毕”。",UNREVIEWED_CURRENT_SOURCE,统计学习方法讲义_v2.6.0_全量索引库.xlsx
M05-命题-prop:V5-C05-general-moment,THEOREM_DEFINITION,定理定义索引,167,prop:V5-C05-general-moment,src/讲义源码/第05册_采样方法主题模型与图排序/chapters/V5-C05.tex,440,762,中,符号密度高,"1. 条件：若$ ( )$，且 $r_i>- _i$
2. 结论：equation E = B( + r) B( ). equation
3. 证明起点：把乘积幂移入式eq:V5-C05-dirichlet-density，积分中的指数变为 $ _i+r_i-1$。
4. 逐步写明每个条件在何处被使用，等式变形前核对定义域/维数/正分母。
5. 用一个只破坏单一条件的反例说明边界；最后复述结论而不是只写“证毕”。",UNREVIEWED_CURRENT_SOURCE,统计学习方法讲义_v2.6.0_全量索引库.xlsx
M05-命题-prop:V5-C05-aggregation,THEOREM_DEFINITION,定理定义索引,168,prop:V5-C05-aggregation,src/讲义源码/第05册_采样方法主题模型与图排序/chapters/V5-C05.tex,467,771,中,符号密度高,"1. 条件：把$\1, ,K\$分成互不相交的非空组$A_1, ,A_L$。若 $ ( )$
2. 结论：$ ( _i A_1 _i, , _i A_L _i ) ( _i A_1 _i, , _i A_L _i ). $ 因而 equation _i ( _i, _0- _i). equation 此外，下式取正则条件分布版本。令 $ U=( _j/(1- _i))_j i$；则对 $Beta( _i, _0- _i)$几乎处处的$t (0,1)$（并可选取对每个$0<t<1$都成立的版本）， equation L( U _i=t) =Dir( _-i), equation 且右侧不依赖$t$。等价地，该正则条件核相对于剩余单纯形测度的密度为 $ k(t, u) = 1B( _-i) _j iu_j^ _j-1, u _K-2^ , $ 其中右端不含$t$；这避免把零概率事件$\ _i=t\$当作普通离散条件事件。
3. 证明起点：采用定理thm:V5-C05-gamma-normalization中的独立Gamma表示。
4. 逐步写明每个条件在何处被使用，等式变形前核对定义域/维数/正分母。
5. 用一个只破坏单一条件的反例说明边界；最后复述结论而不是只写“证毕”。",UNREVIEWED_CURRENT_SOURCE,统计学习方法讲义_v2.6.0_全量索引库.xlsx
M05-命题-prop:V5-C05-expected-log,THEOREM_DEFINITION,定理定义索引,169,prop:V5-C05-expected-log,src/讲义源码/第05册_采样方法主题模型与图排序/chapters/V5-C05.tex,515,762,中,符号密度高,"1. 条件：若$ ( )$
2. 结论：equation E[ _i] = ( _i)- ( _0). equation
3. 证明起点：归一化恒等式为 $ B( ) = _ _K-1 _j _j^ _j-1 d . $ 在所有$ _j>0$的紧子区域内可用一个可积上界控制参数导数；
4. 逐步写明每个条件在何处被使用，等式变形前核对定义域/维数/正分母。
5. 用一个只破坏单一条件的反例说明边界；最后复述结论而不是只写“证毕”。",UNREVIEWED_CURRENT_SOURCE,统计学习方法讲义_v2.6.0_全量索引库.xlsx
M05-定理-thm:V5-C05-conjugacy,THEOREM_DEFINITION,定理定义索引,170,thm:V5-C05-conjugacy,src/讲义源码/第05册_采样方法主题模型与图排序/chapters/V5-C05.tex,592,774,中,符号密度高,"1. 条件：在模型eq:V5-C05-bayes-model中，若 $ (0, )^K$且 $ n C_N,K$
2. 结论：equation n, ( + n). equation 进阶旁支（边际证据）。若还需比较模型或核验计数概率，则计数向量的边际概率为 equation p( n ) = N! _i n_i! B( + n) B( ). equation
3. 证明起点：式eq:V5-C05-posterior-kernel与定义 def:V5-C05-dirichlet的核相同，参数为 $ ^post= + n$。
4. 逐步写明每个条件在何处被使用，等式变形前核对定义域/维数/正分母。
5. 用一个只破坏单一条件的反例说明边界；最后复述结论而不是只写“证毕”。",UNREVIEWED_CURRENT_SOURCE,统计学习方法讲义_v2.6.0_全量索引库.xlsx
M05-命题-prop:V5-C05-predictive,THEOREM_DEFINITION,定理定义索引,171,prop:V5-C05-predictive,src/讲义源码/第05册_采样方法主题模型与图排序/chapters/V5-C05.tex,651,762,中,符号密度高,"1. 条件：在定理thm:V5-C05-conjugacy的条件下，新观测的后验预测概率为 equation (Y_N+1=i n, ) = _i+n_i _0+N. equation 若未来$M$次观测的计数为$ r C_M,K$
2. 结论：equation ( r n, ) = M! _i r_i! B( + n+ r) B( + n). equation
3. 证明起点：由全概率公式和式eq:V5-C05-dirichlet-mean， $ (Y_N+1=i n, ) = _i p( n, ) d = _i+n_i _0+N. $ 把后验$Dir( + n)$视作未来计数的先验，再应用式eq:V5-C05-dirichlet-multinomial，得到 eq:V5-C05-future-count-predictive。
4. 逐步写明每个条件在何处被使用，等式变形前核对定义域/维数/正分母。
5. 用一个只破坏单一条件的反例说明边界；最后复述结论而不是只写“证毕”。",UNREVIEWED_CURRENT_SOURCE,统计学习方法讲义_v2.6.0_全量索引库.xlsx
M05-定义-def:V5-C06-lda,THEOREM_DEFINITION,定理定义索引,172,def:V5-C06-lda,src/讲义源码/第05册_采样方法主题模型与图排序/chapters/V5-C06.tex,198,791,中,符号密度高,"1. 条件：见原陈述中的对象与前提
2. 结论：见原陈述中的结论
3. 证明起点：该条为定义或当前范围未提供证明。
4. 逐步写明每个条件在何处被使用，等式变形前核对定义域/维数/正分母。
5. 用一个只破坏单一条件的反例说明边界；最后复述结论而不是只写“证毕”。",UNREVIEWED_CURRENT_SOURCE,统计学习方法讲义_v2.6.0_全量索引库.xlsx
M05-命题-prop:V5-C06-exchangeable,THEOREM_DEFINITION,定理定义索引,173,prop:V5-C06-exchangeable,src/讲义源码/第05册_采样方法主题模型与图排序/chapters/V5-C06.tex,294,793,中,符号密度高,"1. 条件：见原陈述中的对象与前提
2. 结论：见原陈述中的结论
3. 证明起点：对任意位置置换$ $，条件联合概率是 $ _n=1^N_m _k _mk _k,w_mn, $ 乘法交换律使其等于置换后的乘积。
4. 逐步写明每个条件在何处被使用，等式变形前核对定义域/维数/正分母。
5. 用一个只破坏单一条件的反例说明边界；最后复述结论而不是只写“证毕”。",UNREVIEWED_CURRENT_SOURCE,统计学习方法讲义_v2.6.0_全量索引库.xlsx
M05-定理-thm:V5-C06-collapsed-joint,THEOREM_DEFINITION,定理定义索引,174,thm:V5-C06-collapsed-joint,src/讲义源码/第05册_采样方法主题模型与图排序/chapters/V5-C06.tex,448,790,中,符号密度高,"1. 条件：见原陈述中的对象与前提
2. 结论：见原陈述中的结论
3. 证明起点：从式eq:V5-C06-joint出发，被积函数非负，Tonelli定理允许改变积分次序。
4. 逐步写明每个条件在何处被使用，等式变形前核对定义域/维数/正分母。
5. 用一个只破坏单一条件的反例说明边界；最后复述结论而不是只写“证毕”。",UNREVIEWED_CURRENT_SOURCE,统计学习方法讲义_v2.6.0_全量索引库.xlsx
M05-推论-cor:V5-C06-topic-exchangeable,THEOREM_DEFINITION,定理定义索引,175,cor:V5-C06-topic-exchangeable,src/讲义源码/第05册_采样方法主题模型与图排序/chapters/V5-C06.tex,470,796,中,证明过短，关键变形或条件使用位置不醒目,"1. 条件：见原陈述中的对象与前提
2. 结论：见原陈述中的结论
3. 证明起点：折叠联合分布只通过$n_mk$和$n_kv$依赖位置数据；
4. 逐步写明每个条件在何处被使用，等式变形前核对定义域/维数/正分母。
5. 用一个只破坏单一条件的反例说明边界；最后复述结论而不是只写“证毕”。",UNREVIEWED_CURRENT_SOURCE,统计学习方法讲义_v2.6.0_全量索引库.xlsx
M05-命题-prop:V5-C06-gibbs-conditional,THEOREM_DEFINITION,定理定义索引,176,prop:V5-C06-gibbs-conditional,src/讲义源码/第05册_采样方法主题模型与图排序/chapters/V5-C06.tex,517,798,中,符号密度高；证明路线提示不足,"1. 条件：设当前词元$i=(m,n)$的观测词为$v$
2. 结论：删去其旧主题后的满条件概率满足 equation p(z_i=k z_-i, w, , ) n_kv^-i+ _vn_k ^-i+ _0 n_mk^-i+ _kn_m ^-i+ _0. equation 右端对$k=1, ,K$归一化后才是概率。
3. 证明起点：在式eq:V5-C06-collapsed-joint中，除主题$k$的词计数因子和文档$m$的主题计数因子外，其余因子在比较候选$k$时相消。
4. 逐步写明每个条件在何处被使用，等式变形前核对定义域/维数/正分母。
5. 用一个只破坏单一条件的反例说明边界；最后复述结论而不是只写“证毕”。",UNREVIEWED_CURRENT_SOURCE,统计学习方法讲义_v2.6.0_全量索引库.xlsx
M05-定理-thm:V5-C06-elbo,THEOREM_DEFINITION,定理定义索引,177,thm:V5-C06-elbo,src/讲义源码/第05册_采样方法主题模型与图排序/chapters/V5-C06.tex,604,789,中,符号密度高,"1. 条件：设$0<p( w)< $，联合密度与$q$相对于同一支配测度可测，$q p( h w)$，并且 $ E_q | p( w, h) |< , E_q | q( h) |< . $ 这些条件排除了未定义的$ - $
2. 结论：equation p( w) = L(q)+ (q( h) \| p( h w) ), equation 其中$ h$汇总隐变量，且 $ L(q)= E_q p( w, h) - E_q q( h). $ 因此$ L(q) p( w)$，等号当且仅当$q$等于精确后验（几乎处处）。
3. 证明起点：由$0<p( w)< $与绝对连续性，Bayes等式在$q$几乎处处成立： $ p( h w) = p( w, h)- p( w)$。
4. 逐步写明每个条件在何处被使用，等式变形前核对定义域/维数/正分母。
5. 用一个只破坏单一条件的反例说明边界；最后复述结论而不是只写“证毕”。",UNREVIEWED_CURRENT_SOURCE,统计学习方法讲义_v2.6.0_全量索引库.xlsx
M05-命题-prop:V5-C06-mean-field-coordinate,THEOREM_DEFINITION,定理定义索引,178,prop:V5-C06-mean-field-coordinate,src/讲义源码/第05册_采样方法主题模型与图排序/chapters/V5-C06.tex,676,801,中,符号密度高,"1. 条件：固定其他变分因子，令$A(h_j)= E_q_-j p( w, h)$。设$A$关于支配测度$ _j$几乎处处为实值且可测，并且 $ 0<Z_j= e^A(h_j) _j( dh_j)< . $ 再假定 $ e^A(h_j) A(h_j) _j( dh_j)< . $
2. 结论：该坐标的正规化最优解存在并满足 equation q_j^*(h_j)= e^A(h_j)Z_j, q_j^*(h_j)=A(h_j)- Z_j, equation 并在$ _j$零测集意义下唯一。
3. 证明起点：把ELBO中与$q_j$有关的部分记为 $ F(q_j)= q_j(h_j)A(h_j) _j( dh_j) - q_j(h_j) q_j(h_j) _j( dh_j), $ 并只比较满足$q_j q_j^*$、$ q_j A d _j< $且 $ q_j q_j d _j< $的概率密度。
4. 逐步写明每个条件在何处被使用，等式变形前核对定义域/维数/正分母。
5. 用一个只破坏单一条件的反例说明边界；最后复述结论而不是只写“证毕”。",UNREVIEWED_CURRENT_SOURCE,统计学习方法讲义_v2.6.0_全量索引库.xlsx
M05-命题-prop:V5-C06-vem-monotone,THEOREM_DEFINITION,定理定义索引,179,prop:V5-C06-vem-monotone,src/讲义源码/第05册_采样方法主题模型与图排序/chapters/V5-C06.tex,791,804,低,陈述与证明结构基本完整,"1. 条件：若每个E步和M步都在各自可行域内不降低同一个ELBO
2. 结论：ELBO序列单调不减； 若其上有界，则ELBO数值收敛。该结论不保证参数达到全局最优，也不保证真实证据在受限平均场E步后等于ELBO。
3. 证明起点：记第$t$轮参数为$(q^(t), ^(t))$。
4. 逐步写明每个条件在何处被使用，等式变形前核对定义域/维数/正分母。
5. 用一个只破坏单一条件的反例说明边界；最后复述结论而不是只写“证毕”。",UNREVIEWED_CURRENT_SOURCE,统计学习方法讲义_v2.6.0_全量索引库.xlsx
M05-定义-def:V5-C07-transition,THEOREM_DEFINITION,定理定义索引,180,def:V5-C07-transition,src/讲义源码/第05册_采样方法主题模型与图排序/chapters/V5-C07.tex,214,826,中,符号密度高,"1. 条件：给定加权有向图，约定$A_ij 0$是边$j i$的权重， $c_j= _i=1^nA_ij$。对$c_j>0$定义 $ M_ij= A_ijc_j; $ 对$c_j=0$暂令$M_ij=0$。若所有$c_j>0$
2. 结论：$M 0$且 $ 1^ TM= 1^ T$，称$M$为列随机矩阵。 在状态$j$时，游走者以$M_ij$的概率转到$i$。
3. 证明起点：该条为定义或当前范围未提供证明。
4. 逐步写明每个条件在何处被使用，等式变形前核对定义域/维数/正分母。
5. 用一个只破坏单一条件的反例说明边界；最后复述结论而不是只写“证毕”。",UNREVIEWED_CURRENT_SOURCE,统计学习方法讲义_v2.6.0_全量索引库.xlsx
M05-定义-def:V5-C07-basic,THEOREM_DEFINITION,定理定义索引,181,def:V5-C07-basic,src/讲义源码/第05册_采样方法主题模型与图排序/chapters/V5-C07.tex,260,823,中,符号密度高,"1. 条件：设$M$是网页图的列随机转移矩阵
2. 结论：满足 equation M r= r, r ^n-1 equation 的概率向量称为该随机游走的平稳分布。若它唯一，就把其第$i$个分量$r_i$称为结点$i$的基本PageRank值。
3. 证明起点：该条为定义或当前范围未提供证明。
4. 逐步写明每个条件在何处被使用，等式变形前核对定义域/维数/正分母。
5. 用一个只破坏单一条件的反例说明边界；最后复述结论而不是只写“证毕”。",UNREVIEWED_CURRENT_SOURCE,统计学习方法讲义_v2.6.0_全量索引库.xlsx
M05-命题-prop:V5-C07-simplex-invariance,THEOREM_DEFINITION,定理定义索引,182,prop:V5-C07-simplex-invariance,src/讲义源码/第05册_采样方法主题模型与图排序/chapters/V5-C07.tex,270,828,中,符号密度高,"1. 条件：若$P 0$且$ 1^ TP= 1^ T$
2. 结论：$P ^n-1 ^n-1$；并且对任意自然数$k$，$P^k$仍为列随机矩阵。
3. 证明起点：对$ x ^n-1$，非负性给出$P x 0$，而 $ 1^ TP x= 1^ T x=1$。
4. 逐步写明每个条件在何处被使用，等式变形前核对定义域/维数/正分母。
5. 用一个只破坏单一条件的反例说明边界；最后复述结论而不是只写“证毕”。",UNREVIEWED_CURRENT_SOURCE,统计学习方法讲义_v2.6.0_全量索引库.xlsx
M05-定理-thm:V5-C07-basic-convergence,THEOREM_DEFINITION,定理定义索引,183,thm:V5-C07-basic-convergence,src/讲义源码/第05册_采样方法主题模型与图排序/chapters/V5-C07.tex,287,828,中,符号密度高,"1. 条件：若有限状态马尔可夫链的列随机转移矩阵$M$不可约且非周期
2. 结论：存在唯一 $ r ^n-1$满足$M r= r$，且对任意 $ r^(0) ^n-1$都有 $M^t r^(0) r$。
3. 证明起点：有限、不可约且非周期蕴含$M$是本原矩阵：存在正整数$q$使$M^q$的所有元素严格为正。
4. 逐步写明每个条件在何处被使用，等式变形前核对定义域/维数/正分母。
5. 用一个只破坏单一条件的反例说明边界；最后复述结论而不是只写“证毕”。",UNREVIEWED_CURRENT_SOURCE,统计学习方法讲义_v2.6.0_全量索引库.xlsx
M05-命题-prop:V5-C07-inbound-balance,THEOREM_DEFINITION,定理定义索引,184,prop:V5-C07-inbound-balance,src/讲义源码/第05册_采样方法主题模型与图排序/chapters/V5-C07.tex,350,829,高,符号密度高；证明过短，关键变形或条件使用位置不醒目；证明路线提示不足,"1. 条件：见原陈述中的对象与前提
2. 结论：见原陈述中的结论
3. 证明起点：非加权图有$A_ij \0,1\$。
4. 逐步写明每个条件在何处被使用，等式变形前核对定义域/维数/正分母。
5. 用一个只破坏单一条件的反例说明边界；最后复述结论而不是只写“证毕”。",UNREVIEWED_CURRENT_SOURCE,统计学习方法讲义_v2.6.0_全量索引库.xlsx
M05-定义-def:V5-C07-google,THEOREM_DEFINITION,定理定义索引,185,def:V5-C07-google,src/讲义源码/第05册_采样方法主题模型与图排序/chapters/V5-C07.tex,404,831,中,符号密度高,"1. 条件：给定式eq:V5-C07-dangling-repair的$S$、概率向量$ v ^n-1$和 $0 d<1$，称式eq:V5-C07-google-matrix的$G$为一般PageRank转移矩阵。 若概率向量$ r$满足 equation r=G r =dS r+(1-d) v, r ^n-1 equation
2. 结论：称$ r$为一般PageRank向量。其存在性与解集大小由下节定理 thm:V5-C07-contraction建立。
3. 证明起点：该条为定义或当前范围未提供证明。
4. 逐步写明每个条件在何处被使用，等式变形前核对定义域/维数/正分母。
5. 用一个只破坏单一条件的反例说明边界；最后复述结论而不是只写“证毕”。",UNREVIEWED_CURRENT_SOURCE,统计学习方法讲义_v2.6.0_全量索引库.xlsx
M05-命题-prop:V5-C07-google-positive,THEOREM_DEFINITION,定理定义索引,186,prop:V5-C07-google-positive,src/讲义源码/第05册_采样方法主题模型与图排序/chapters/V5-C07.tex,418,831,中,符号密度高；证明路线提示不足,"1. 条件：按上述次序先修复悬挂列再构造$G$
2. 结论：对任意概率向量$ v$，$G$都是非负列随机矩阵； 若额外有$ v>0$，则 $G_ij (1-d)v_i>0$，因而$G$严格正。
3. 证明起点：$S$和$ v 1^ T$都非负且每列和为$1$， 其凸组合$G$仍非负且每列和为$d+(1-d)=1$。
4. 逐步写明每个条件在何处被使用，等式变形前核对定义域/维数/正分母。
5. 用一个只破坏单一条件的反例说明边界；最后复述结论而不是只写“证毕”。",UNREVIEWED_CURRENT_SOURCE,统计学习方法讲义_v2.6.0_全量索引库.xlsx
M05-定义-def:V5-C07-stationary-pr,THEOREM_DEFINITION,定理定义索引,187,def:V5-C07-stationary-pr,src/讲义源码/第05册_采样方法主题模型与图排序/chapters/V5-C07.tex,440,832,中,符号密度高,"1. 条件：见原陈述中的对象与前提
2. 结论：见原陈述中的结论
3. 证明起点：该条为定义或当前范围未提供证明。
4. 逐步写明每个条件在何处被使用，等式变形前核对定义域/维数/正分母。
5. 用一个只破坏单一条件的反例说明边界；最后复述结论而不是只写“证毕”。",UNREVIEWED_CURRENT_SOURCE,统计学习方法讲义_v2.6.0_全量索引库.xlsx
M05-定理-thm:V5-C07-contraction,THEOREM_DEFINITION,定理定义索引,188,thm:V5-C07-contraction,src/讲义源码/第05册_采样方法主题模型与图排序/chapters/V5-C07.tex,446,832,中,符号密度高；证明路线提示不足,"1. 条件：设$S$非负列随机，$ v 0$且$ 1^ T v=1$， $0 d<1$
2. 结论：映射$T( x)=dS x+(1-d) v$ 在$ ^n-1$上有唯一不动点$ r$，且对任意初始概率向量 equation \| r^(t)- r\|_1 d^t\| r^(0)- r\|_1. equation
3. 证明起点：命题prop:V5-C07-simplex-invariance说明$T$把概率单纯形映回自身。
4. 逐步写明每个条件在何处被使用，等式变形前核对定义域/维数/正分母。
5. 用一个只破坏单一条件的反例说明边界；最后复述结论而不是只写“证毕”。",UNREVIEWED_CURRENT_SOURCE,统计学习方法讲义_v2.6.0_全量索引库.xlsx
M05-命题-prop:V5-C07-linear-residual,THEOREM_DEFINITION,定理定义索引,189,prop:V5-C07-linear-residual,src/讲义源码/第05册_采样方法主题模型与图排序/chapters/V5-C07.tex,504,833,中,符号密度高,"1. 条件：在$0 d<1$时，$I-dS$可逆，且 equation r=(1-d) _k=0^ d^kS^k v. equation 若$ r^(t+1)=T( r^(t))$且 $ _t=\| r^(t+1)- r^(t)\|_1$
2. 结论：equation \| r^(t+1)- r\|_1 d1-d _t 11-d _t. equation
3. 证明起点：列随机性给出$ (S) \|S\|_1=1$，故$ (dS)<1$。
4. 逐步写明每个条件在何处被使用，等式变形前核对定义域/维数/正分母。
5. 用一个只破坏单一条件的反例说明边界；最后复述结论而不是只写“证毕”。",UNREVIEWED_CURRENT_SOURCE,统计学习方法讲义_v2.6.0_全量索引库.xlsx
M05-定义-def:V5-C08-specification,THEOREM_DEFINITION,定理定义索引,190,def:V5-C08-specification,src/讲义源码/第05册_采样方法主题模型与图排序/chapters/V5-C08.tex,217,853,中,符号密度高,"1. 条件：这是本讲义为阅读、复现和比较方法采用的工作性约定，不是学界统一定义。 一个可核验的无监督学习规格记为 $ U=( X, T, R,J, A, E, B). $ 其中$ X$是观测空间，$ T$是任务与输出语义，$ R$是表示族， $J$是训练准
2. 结论：，$ A$是求解或推断过程，$ E$是独立评价协议， $ B$是时间、内存和失败预算。只有七项共同确定，方法比较才有明确对象。
3. 证明起点：该条为定义或当前范围未提供证明。
4. 逐步写明每个条件在何处被使用，等式变形前核对定义域/维数/正分母。
5. 用一个只破坏单一条件的反例说明边界；最后复述结论而不是只写“证毕”。",UNREVIEWED_CURRENT_SOURCE,统计学习方法讲义_v2.6.0_全量索引库.xlsx
M05-命题-prop:V5-C08-poisson-kl,THEOREM_DEFINITION,定理定义索引,191,prop:V5-C08-poisson-kl,src/讲义源码/第05册_采样方法主题模型与图排序/chapters/V5-C08.tex,345,855,低,陈述与证明结构基本完整,"1. 条件：见原陈述中的对象与前提
2. 结论：见原陈述中的结论
3. 证明起点：逐元素相减得到 $ \- p(n_ij _ij)\ -\n_ij (n_ij/ _ij)-n_ij+ _ij\ = (n_ij!
4. 逐步写明每个条件在何处被使用，等式变形前核对定义域/维数/正分母。
5. 用一个只破坏单一条件的反例说明边界；最后复述结论而不是只写“证毕”。",UNREVIEWED_CURRENT_SOURCE,统计学习方法讲义_v2.6.0_全量索引库.xlsx
M05-命题-prop:V5-C08-feasible-inclusion,THEOREM_DEFINITION,定理定义索引,192,prop:V5-C08-feasible-inclusion,src/讲义源码/第05册_采样方法主题模型与图排序/chapters/V5-C08.tex,384,856,高,符号密度高；证明过短，关键变形或条件使用位置不醒目；证明路线提示不足,"1. 条件：设$ F_c F$，且损失 $ J: F R \+ \$满足 $- < _ F J<+ $
2. 结论：$ _( W, H) F_c J _( W, H) F J. $
3. 证明起点：右端是$ J$在更大集合$ F$上的共同下界，所以对每个 $( W, H) F_c$都有 $ J( W, H) _ F J$。
4. 逐步写明每个条件在何处被使用，等式变形前核对定义域/维数/正分母。
5. 用一个只破坏单一条件的反例说明边界；最后复述结论而不是只写“证毕”。",UNREVIEWED_CURRENT_SOURCE,统计学习方法讲义_v2.6.0_全量索引库.xlsx
M05-命题-prop:V5-C08-test-unbiased,THEOREM_DEFINITION,定理定义索引,193,prop:V5-C08-test-unbiased,src/讲义源码/第05册_采样方法主题模型与图排序/chapters/V5-C08.tex,493,858,中,符号密度高,"1. 条件：设$ D_dev$包含训练与验证信息， $ f$是其可测函数；测试样本$Z_1, ,Z_m$在给定 $ D_dev$后仍独立同分布于目标分布$P$，且 $ ( f,Z)$可积，并定义 $R( f):= E_Z P[ ( f,Z)]$
2. 结论：$ E =R( f), R_test= 1m _s=1^m ( f,Z_s). $
3. 证明起点：给定$ D_dev$后，$ f$固定，而每个$Z_s$仍服从$P$。
4. 逐步写明每个条件在何处被使用，等式变形前核对定义域/维数/正分母。
5. 用一个只破坏单一条件的反例说明边界；最后复述结论而不是只写“证毕”。",UNREVIEWED_CURRENT_SOURCE,统计学习方法讲义_v2.6.0_全量索引库.xlsx
M05-DER-1-D01,DERIVATION,核心推导索引,2,1-D01,src/讲义源码/第01册_数学基础与统计学习基本理论/chapters/V1-C01.tex,76,16,中,末尾核验不够显式,"步骤1｜目标：把“命题成立/不成立”转换为可求和的数值，并得到样本计数公式。
步骤2｜对象：命题 $P_1, ,P_n$ 及其指示量 $ \P_i\ \0,1\$。
步骤3｜合法条件：$n< $；每个 $P_i$ 的真假确定；求和项均为标量。
步骤4｜第一动作：先逐项写出：$P_i$ 成立时 $ \P_i\=1$，否则为 $0$。
步骤5｜主推导：推导第1步：单项编码。 按指示函数定义，$P_i$成立时第$i$项贡献$1$，不成立时贡献$0$。 推导第2步：有限累加。 将$n$个互不要求独立的逻辑判断相加，得到 $ C= _i=1^n \P_i\. $ 每个成立命题恰贡献一个单位，不成立命题不改变总和。 推导第3步：对应学习任务。 令$P_i$为“预测$ y_i$等于标签$y_i$”，则正确数与正确率分别为 $ C= _i=1^n \ y_i=y_i\, p= 1n _i=1^n \ y_i=y_i\. $ 除以$n>0$只改变尺度，不改变每个样本是否被计入的逻辑。
步骤6｜结果核验：对全部给定样本重新计算预测或带符号分数，确认分类、计数与最终指标一致。
步骤7｜边界：逐项说明若去掉某个条件，哪一步将失效。",UNREVIEWED_CURRENT_SOURCE,统计学习方法讲义_v2.6.0_全量索引库.xlsx
M05-DER-2-D01,DERIVATION,核心推导索引,3,2-D01,src/讲义源码/第01册_数学基础与统计学习基本理论/chapters/V1-C02.tex,83,28,低,结构基本完整,"步骤1｜目标：把“到直线最近”化为一个标量二次函数的极小化。
步骤2｜对象：$x,u ℝ^n$ 与候选投影点 $au$。
步骤3｜合法条件：$u 0$，故 $u^ Tu>0$；$a ℝ$。
步骤4｜第一动作：先展开 $g(a)= x-au_2^2$，再对标量 $a$ 求导。
步骤5｜主推导：推导第1步：展开平方。 使用内积的双线性与对称性， $ g(a)=x^ Tx-2au^ Tx +a^2u^ Tu. $ 每一项都是标量，维数相容。 推导第2步：求驻点。 对标量$a$求导， $ g'(a)=-2u^ Tx +2au^ Tu. $ 令$g'(a)=0$的依据是最小点位于无约束实数域内部且$g$可微。 推导第3步：验证最小性。 解得 $ a^ = u^ Tx u^ Tu, g''(a)=2u^ Tu>0. $ 二阶导数为正，所以$a^ u$是唯一最近点；残差与$u$的内积为零。
步骤6｜结果核验：检查每个矩阵乘法的内侧维数，随后把结果代回原式；若有投影/分解，再检查正交性或重构关系。
步骤7｜边界：逐项说明若去掉某个条件，哪一步将失效。",UNREVIEWED_CURRENT_SOURCE,统计学习方法讲义_v2.6.0_全量索引库.xlsx
M05-DER-3-D01,DERIVATION,核心推导索引,4,3-D01,src/讲义源码/第01册_数学基础与统计学习基本理论/chapters/V1-C03.tex,90,48,低,结构基本完整,"步骤1｜目标：看清变量在二次型的左右两侧各贡献一次导数。
步骤2｜对象：$A ℝ^d d$、$x ℝ^d$ 与标量函数 $f(x)=x^ TAx$。
步骤3｜合法条件：$A$ 在求导时固定；梯度采用 $d 1$ 列向量约定。
步骤4｜第一动作：先写成 $f= _i,jx_iA_ijx_j$，再对任意分量 $x_k$ 求偏导。
步骤5｜主推导：推导第1步：对第$k$个分量求偏导。 使用乘法法则，$x_k$可能出现在左因子或右因子，因而 $ f x_k = _j=1^dA_kjx_j+ _i=1^dx_iA_ik. $ 推导第2步：识别矩阵分量。 第一项是$(Ax)_k$，第二项是$(A^ Tx)_k$。对每个$k$组合这些分量，得到 $ f(x)=(A+A^ T)x. $ 右侧维数为$d 1$，与列梯度约定一致。 推导第3步：代入对称条件。 若$A=A^ T$，则两个贡献相等，所以 $ f(x)=2Ax, H_f(x)=2A. $ 系数$2$来自变量在二次项的两个位置，不能在非对称矩阵情形中只保留$2Ax$。
步骤6｜结果核验：检查每个矩阵乘法的内侧维数，随后把结果代回原式；若有投影/分解，再检查正交性或重构关系。
步骤7｜边界：逐项说明若去掉某个条件，哪一步将失效。",UNREVIEWED_CURRENT_SOURCE,统计学习方法讲义_v2.6.0_全量索引库.xlsx
M05-DER-3-D02,DERIVATION,核心推导索引,5,3-D02,src/讲义源码/第01册_数学基础与统计学习基本理论/chapters/V1-C03.tex,281,54,低,结构基本完整,"步骤1｜目标：把多元二阶展开化为一元 Taylor 定理，并核对每一项都是标量。
步骤2｜对象：$f:ℝ^d ℝ$、展开点 $x$ 与增量 $h ℝ^d$。
步骤3｜合法条件：$f$ 在连接 $x$ 与 $x+h$ 的线段邻域内二次连续可微。
步骤4｜第一动作：先定义一元函数 $ (t)=f(x+th)$，$t $。
步骤5｜主推导：推导第1步：化为单变量函数。令$ (t)=f( x+t h)$，$t $。链式法则给出 $ '(t)= f( x+t h)^ T h, $ 右侧是$1 d$与$d 1$的乘积，因而为标量。 推导第2步：再求一次导数。对$ '(t)$应用链式法则，得到 $ ''(t)= h^ TH_f( x+t h) h, $ 其中矩阵乘法维数依次为$(1 d)(d d)(d 1)$。 推导第3步：应用一元Taylor公式。在$t=0$处展开并取$t=1$，二阶连续性使余项为$o( h_2^2)$，于是 $ f(x+h)=f(x)+ f(x)^ Th + 12h^ TH_f(x)h +o( h_2^2). $ 首次阅读检查：多元链式法则。需要解决的阅读阻塞。表述过短，缺少可立即作答的自检与失败回看位置 第一步。先完成原文给出的可判定自检 核验路线。先完成原文给出的可判定自检；若不能回答，按回看路径补齐依赖，再进入本章首次调用处。 首次阅读检查：多元泰勒展开。需要解决的阅读阻塞。表述过短，缺少可立即作答的自检与失败回看位置 第一步。先完成原文给出的可判定自检 核验路线。先完成原文给出的可判定自检；若不能回答，按回看路径补齐依赖，再进入本章首次调用处。 首次阅读检查：指数函数与对数函数的微分。需要解决的阅读阻塞。表述过短，缺少可立即作答的自检与失败回看位置 第一步。先完成原文给出的可判定自检 核验路线。先完成原文给出的可判定自检；若不能回答，按回看路径补齐依赖，再进入本章首次调用处。
步骤6｜结果核验：检查每个矩阵乘法的内侧维数，随后把结果代回原式；若有投影/分解，再检查正交性或重构关系。
步骤7｜边界：逐项说明若去掉某个条件，哪一步将失效。",UNREVIEWED_CURRENT_SOURCE,统计学习方法讲义_v2.6.0_全量索引库.xlsx
M05-DER-4-D01,DERIVATION,核心推导索引,6,4-D01,src/讲义源码/第01册_数学基础与统计学习基本理论/chapters/V1-C04.tex,144,66,低,结构基本完整,"步骤1｜目标：分清联合概率、证据概率与归一化后的后验概率。
步骤2｜对象：观察事件 $A$ 与互斥完备划分 $B_1, ,B_m$。
步骤3｜合法条件：$P(B_i)>0$ 且 $P(A)>0$；$\B_i\$ 覆盖整个样本空间。
步骤4｜第一动作：先用全概率公式写 $P(A)= _iP(A B_i)P(B_i)$。
步骤5｜主推导：推导第1步：由乘法公式，$P(A B_j)=P(A B_j)P(B_j)$。 推导第2步：因 $A= _i(A B_i)$ 且各项不交，可数可加性给出 $P(A)= _iP(A B_i)P(B_i)$。 推导第3步：把前两步代入 $P(B_j A)=P(A B_j)/P(A)$，得到贝叶斯公式。分母汇总所有能够产生观察 $A$ 的互斥来源，因而使后验概率之和为1。 模型。诊断模型由先验 $P(B_i)$ 与观测模型 $P(A B_i)$ 构成；二者相乘得到未归一化后验。 策略。先列出完备且互斥的原因，再计算每个原因生成证据的概率，最后统一归一化，可避免漏项和把 $P(A B)$ 误当作 $P(B A)$。
步骤6｜结果核验：检查所有概率或权重非负，且在规定维度上求和为1；若有条件概率，再确认分母严格为正。
步骤7｜边界：逐项说明若去掉某个条件，哪一步将失效。",UNREVIEWED_CURRENT_SOURCE,统计学习方法讲义_v2.6.0_全量索引库.xlsx
M05-DER-5-D01,DERIVATION,核心推导索引,7,5-D01,src/讲义源码/第01册_数学基础与统计学习基本理论/chapters/V1-C05.tex,217,85,低,结构基本完整,"步骤1｜目标：同时处理内部驻点与全为 $0$、全为 $1$ 的边界样本。
步骤2｜对象：独立样本 $x_i \0,1\$、成功次数 $s= _i x_i$ 与参数 $ $。
步骤3｜合法条件：参数空间是闭区间；当 $s=0$ 或 $s=n$ 时不能只依赖内部一阶条件。
步骤4｜第一动作：先写对数似然 $ ( )=s +(n-s) (1- )$。
步骤5｜主推导：推导第1步：写出 $L(p)=p^s(1-p)^n-s$，在 $0<p<1$ 上有 $ (p)=s p+(n-s) (1-p)$。 推导第2步：求导得到 $ '(p)=s/p-(n-s)/(1-p)$，令其为零并通分，得到 $s(1-p)=(n-s)p$。 推导第3步：解得 $ p=s/n= x$。当 $0<s<n$ 时二阶导数为负；当 $s=0$ 或 $s=n$ 时，比较闭区间边界分别得到0或1，仍与 $s/n$ 一致。 首次阅读检查：Corollary：伯努利样本中，样本均值同时是成功概率 p 的极大似然估计与无偏估计。需要解决的阅读阻塞。定理陈述中的对象与条件入口不够醒目 第一步。先指出它继承的上游结论与新增条件，再核对代入后是否覆盖当前对象域。 核验路线。先指出它继承的上游结论与新增条件，再核对代入后是否覆盖当前对象域。
步骤6｜结果核验：将最终结果代回题面条件，检查数值、符号、边界和所求对象是否全部回答。
步骤7｜边界：逐项说明若去掉某个条件，哪一步将失效。",UNREVIEWED_CURRENT_SOURCE,统计学习方法讲义_v2.6.0_全量索引库.xlsx
M05-DER-5-D02,DERIVATION,核心推导索引,8,5-D02,src/讲义源码/第01册_数学基础与统计学习基本理论/chapters/V1-C05.tex,436,90,中,推导段过长，需拆成局部目标,"步骤1｜目标：由对数配分函数导数得到充分统计量的均值、协方差与凸性。
步骤2｜对象：$A( )= Z( )$、充分统计量 $T(X)$ 与自然参数 $ $。
步骤3｜合法条件：$ H$；支配条件允许两次交换求导与积分。
步骤4｜第一动作：先对 $Z( )= h(x)e^ ^ TT(x) dx$ 逐分量求导。
步骤5｜主推导：推导第1步：对归一化常数求导。第$j$个分量满足 $ Z _j = T_j(x)h(x)e^ ^ TT(x) dx. $ 推导第2步：识别期望。由$A= Z$和$p_ (x)=h(x)e^ ^ TT(x)/Z( )$， $ A _j = 1Z Z _j = E_ , A( )= E_ . $ 推导第3步：再求导并中心化。对期望的第$i$个分量关于$ _j$求导，商法则给出 $ ^2A _i _j = E_ - E_ E_ . $ 因此$ ^2A( )=Cov_ 0$；协方差矩阵半正定说明$A$为凸函数。 chapterexercisebox 本章共21道练习。每道题干后立即给出同号解析；长解析可自然跨页，续页标题保留题号。 chapterexercisebox SLChapterExercisePairSection 6 exercise 某分类器对单个独立样本预测正确的概率为0.8。测试10个样本时，恰好正确8个及至少正确1个的概率各是多少？ exercise chapterexercisesolutionex:V1-C05-S01-01 令$S$为10个独立样本中的正确数，则$S (10,0.8)$，支持集为$\0, ,10\$，所有概率均有限。于是 $ P(S=8) = 108(0.8)^8(0.2)^2 =0.301989888,\\ P(S 1) =1-P(S=0) =1-(0.2)^10 =0.9999998976. $ 第二式使用支持集中的唯一补事件$S=0$，避免逐项累加。 chapterexercisesolution 6 exercise 证明多项分布中 $E[N_k]=np_k$，并求 $Cov(N_j,N_k)$（$j k$）。 exercise chapterexercisesolutionex:V1-C05-S01-02 设$n N$，类别概率$p_k 0$且$ _kp_k=1$。令$I_ik= 1\Z_i=k\$，则$I_ik$有界，所需期望均存在，且 $ N_k = _i=1^n I_ik, E[N_k] = _i=1^n E[I_ik]=np_k,\\ Cov(I_ij,I_ik) = E[I_ijI_ik]-p_jp_k =-p_jp_k, j k,\\ Cov(N_j,N_k) = _i=1^nCov(I_ij,I_ik) =-np_jp_k. $ 最后一步使用不同试验间独立，使跨试验协方差为零。 chapterexercisesolution 6 exercise 若 $S (n,p)$，用指示变量证明 $E[S(S-1)]=n(n-1)p^2$。 exercise chapterexercisesolutionex:V1-C05-S01-03 令$X_i iid Bernoulli(p)$、$0 p 1$，且$S= _i=1^nX_i$。因变量有界，二阶矩存在。利用$X_i^2=X_i$， $ S(S-1) = ( _iX_i )^2- _iX_i\\ = _i(X_i^2-X_i)+ _i jX_iX_j = _i jX_iX_j,\\ E[S(S-1)] = _i j E[X_i] E[X_j] =n(n-1)p^2. $ 因此二项变量的二阶阶乘矩为$n(n-1)p^2$，边界$p=0,1$也包含在内。 chapterexercisesolution 6 exercise 若 $X N(2,9)$，求 $Y=3X-1$ 的分布，并把 $P(X 5)$ 写成标准高斯分布函数 $ $。 exercise chapterexercisesolutionex:V1-C05-S02-01 $X N(2,9)$的支持集为$ R$且二阶矩有限。对$Y=3X-1$， $ E[Y] =3 E[X]-1=3 2-1=5,\\ Var(Y) =3^2Var(X)=9 9=81,\\ Y N(5,81),\\ P(X 5) =P ( X-23 5-23 )= (1). $ 所以$Y N(5,81)$，且$P(X 5)= (1)$。 chapterexercisesolution 6 exercise 设 $X N( , )$，求标量 $a^ TX+b$ 的均值与方差。 exercise chapterexercisesolutionex:V1-C05-S02-02 声明$X R^d$、$ ,a R^d$、$ R^d d$对称半正定、$b R$。高斯二阶矩存在，故 $ E[a^ TX+b] =a^ T +b,\\ Var(a^ TX+b) = E \\ =a^ T a 0,\\ a^ TX+b N(a^ T +b,\ a^ T a). $ 若$a^ T a=0$，最后一项表示退化在其均值处的点质量。 chapterexercisesolution 6 exercise 二维高斯协方差为 $ = psmallmatrix4 2\\2 9 psmallmatrix$。求两分量相关系数，并检验矩阵正定。 exercise chapterexercisesolutionex:V1-C05-S02-03 协方差矩阵$ R^2 2$对称，边缘方差$4,9$均为正，因此相关系数有定义。计算 $ _1 = 4=2, _2= 9=3,\\ _12 = _12 _1 _2 = 22 3= 13,\\ _1 =4>0, _2= ( )=4 9-2^2=32>0. $ 由Sylvester判据$ 0$，故该协方差合法且非退化。 chapterexercisesolution 6 exercise 用Gamma递推计算 $ (5)$，并说明它与 $5!$ 的区别。 exercise chapterexercisesolutionex:V1-C05-S03-01 Gamma函数在$a>0$时由正半轴上的有限积分定义，并满足$ (a+1)=a (a)$、$ (1)=1$。因此 $ (5) =4 (4)=4 3 (3) =4 3 2 (2)\\ =4 3 2 1 (1)=4!=24,\\ 5! =5 4!=120. $ 整数$n 1$时$ (n)=(n-1)!$，故同一自变量下不能直接写成$n!$。 chapterexercisesolution 6 exercise 若 $X (a,b)$ 采用形状--速率参数化，求 $Y=cX$（$c>0$）的Gamma参数。 exercise chapterexercisesolutionex:V1-C05-S03-02 采用形状—速率参数化，要求$a,b,c>0$；$X$与$Y=cX$的支持集均为$(0, )$。对$y>0$作变量代换$x=y/c$， $ f_Y(y) =f_X(y/c) | d(y/c) dy |\\ = b^a (a) ( yc )^a-1 e^-by/c 1c\\ = (b/c)^a (a)y^a-1e^-(b/c)y. $ 故$Y (a,b/c)$，并有$ E[Y]=c(a/b)=a/(b/c)$。 chapterexercisesolution 6 exercise 设 $p=(p_1,p_2,p_3)$ 服从参数 $(2,3,5)$ 的狄利克雷分布，求各分量期望，并解释它们为何相加为1。 exercise chapterexercisesolutionex:V1-C05-S03-03 参数$(2,3,5)$均为正，支持集是概率单纯形 $ _2=\p_k 0: _k=1^3p_k=1\$，分量有界因而期望有限。令$ _0=2+3+5=10$，则 $ E[p_1] = 210=0.2, E[p_2]= 310=0.3,\\ E[p_3] = 510=0.5,\\ _k=1^3 E[p_k] = E = E[1]=1. $ 因此三个分量的期望为$(0.2,0.3,0.5)$，并保持单纯形上的和为$1$。 chapterexercisesolution 6 exercise 判断 $ X$、$ _i(X_i- )^2$、$ _iX_i$ 中哪些在未知 $ $ 时是统计量。 exercise chapterexercisesolutionex:V1-C05-S04-01 统计量必须是仅依赖样本$X_1:n$、不含未知参数的可测函数。按该判据， $ T_1(X_1:n) = X= 1n _i=1^nX_i 是统计量,\\ T_2(X_1:n; ) = _i=1^n(X_i- )^2 在未知$ $时不是统计量,\\ T_3(X_1:n) = _1 i nX_i 是统计量. $ 若将$ $换为样本函数$ X$，则$ _i(X_i- X)^2$重新成为统计量。 chapterexercisesolution 6 exercise 设 $X_1, ,X_n$ 独立同分布，均值为$ $、方差为$ ^2$。证明 $ X$ 无偏并给出标准误。 exercise chapterexercisesolutionex:V1-C05-S04-02 设$n 1$，$X_i$独立同分布且$ E[X_i]= $、$Var(X_i)= ^2< $，故样本均值的一、二阶矩存在。于是 $ E[ X] = 1n _i=1^n E[X_i] = n n= ,\\ Var( X) = 1n^2 _i=1^nVar(X_i) = ^2n,\\ SE( X) = Var( X) = n. $ 第一式证明无偏，独立性只在第二式消去交叉协方差时使用。 chapterexercisesolution 6 exercise 解释为什么观测到数据后样本值是固定的，但频率学派仍把估计量称为随机变量。 exercise chapterexercisesolutionex:V1-C05-S04-03 对象分为抽样前的随机样本$X_1:n$与观测后的实现$x_1:n$。同一估计规则$T$在两层分别写成 $ =T(X_1:n) 是随机变量,\\ _obs =T(x_1:n) 是固定数值,\\ Bias_ (T) = E_ - , Var_ (T)= E_ . $ 只要相应期望存在，偏差和方差描述重复抽样分布，而不表示已经记录的数据仍在变化。 chapterexercisesolution 6 exercise 独立高斯样本方差 $ ^2$ 已知，推导均值 $ $ 的极大似然估计。 exercise chapterexercisesolutionex:V1-C05-S05-01 设$n 1$、$x_i R$、已知$ ^2>0$，参数域为$ R$；高斯密度在全支持上严格为正。忽略与$ $无关的常数， $ ( ) =- 12 ^2 _i=1^n(x_i- )^2+C,\\ '( ) = 1 ^2 _i=1^n(x_i- )=0 = x,\\ ''( ) =- n ^2<0. $ 对数似然严格凹且参数域无边界，故$ = x$是唯一全局MLE。 chapterexercisesolution 6 exercise 说明对数似然为何比原似然更适合数值计算，并指出它何时不能定义。 exercise chapterexercisesolutionex:V1-C05-S05-02 对独立样本定义$L( )= _i=1^np_ (x_i)$及正似然域$ _+=\ :L( )>0\$。在$ _+$上， $ ( ) = L( ) = _i=1^n p_ (x_i),\\ _ _+L( ) = _ _+ ( ),\\ L( )=0 L( )在普通实数中无定义, ( ):=- 按扩展实数约定. $ 求和避免大量小数连乘下溢；零概率边界表示观测在该模型下不可能，不能用数值常数随意改写。 chapterexercisesolution 6 exercise 均匀分布 $X_i (0, )$，$ >0$。求MLE并解释为何不能只令普通导数为零。 exercise chapterexercisesolutionex:V1-C05-S05-03 参数域为$ =(0, )$，单样本支持为$[0, ]$。令$x_(1)= _i x_i$、$x_(n)= _i x_i$，完整似然为 $ L( ;x_1:n) = ^-n 1\x_(1) 0\ 1\ x_(n)\, >0. $ 若样本与模型相容且$x_(n)>0$，可行参数集为$[x_(n), )$，并且 $ d d ^-n =-n ^-n-1<0, x_(n),\\ L( )严格递减 =x_(n). $ 若$x_(1)<0$，则$L 0$，原始似然的$ $退化为整个$ $而对数似然处处为$- $；若所有$x_i=0$，则$L( )= ^-n $当$ 0$，只有上确界而无MLE。参数改变支持集，因此内部驻点法不适用。 chapterexercisesolution 6 exercise 伯努利参数先验为 $Beta(2,3)$，观察8次成功、2次失败。求后验参数与后验均值。 exercise chapterexercisesolutionex:V1-C05-S06-01 参数$p$的支持为$(0,1)$，先验$Beta(2,3)$正规且10次观测含8次成功、2次失败。后验核为 $ (p x) p^2-1(1-p)^3-1 p^8(1-p)^2\\ =p^10-1(1-p)^5-1,\\ p x (10,5),\\ E[p x] = 1010+5= 23. $ 后验形状参数均为正，故归一化常数与均值都有限。 chapterexercisesolution 6 exercise 对上题求MAP，并说明形状参数不大于1时为何要检查边界。 exercise chapterexercisesolutionex:V1-C05-S06-02 后验为$Beta(a,b)$且本题$(a,b)=(10,5)$，两者均大于1，故密度在$(0,1)$有限且边界趋零。内部对数密度满足 $ (p) =(a-1) p+(b-1) (1-p)+C,\\ '(p) = a-1p- b-11-p=0,\\ p_MAP = a-1a+b-2 = 913,\\ ''(p) =- a-1p^2- b-1(1-p)^2<0. $ 若$a 1$或$b 1$，端点可能取到最大、出现平台或使密度发散，内部公式不再给出全局MAP，必须按支持边界另行比较。 chapterexercisesolution 6 exercise 三类先验为Dirichlet$(1,1,1)$，观测计数为 $(4,2,0)$。求后验与后验预测概率。 exercise chapterexercisesolutionex:V1-C05-S06-03 类别概率$ p$位于三类单纯形，先验参数均为正，计数为$ n=(4,2,0)$且样本数$n=6$。共轭更新为 $ ' =(1,1,1)+(4,2,0)=(5,3,1),\\ p x (5,3,1),\\ P(X_new=k x) = E[p_k x] = _k' _j _j',\\ P_pred = ( 59, 39, 19 ). $ 三个预测概率非负且和为1；第三类因正先验伪计数而未被赋零概率。 chapterexercisesolution 6 exercise 模型有两个参数值，先验各为 $1/2$，数据似然分别为0.1和0.4。求边缘似然与两个参数的后验概率。 exercise chapterexercisesolutionex:V1-C05-S07-01 参数支持集为$\ _1, _2\$，先验质量各为$1/2$；两个似然有限且证据概率将严格为正。由全概率与Bayes公式， $ p(x) = _j=1^2p(x _j) _j =0.5(0.1)+0.5(0.4)=0.25,\\ P( _1 x) = 0.050.25=0.2,\\ P( _2 x) = 0.200.25=0.8,\\ P( _1 x)+P( _2 x) =1. $ 所以后验分布为$(0.2,0.8)$，归一化检查通过。 chapterexercisesolution 6 exercise 混合模型 $p(x)= _k=1^K _kp(x z=k)$ 中，写出给定$x$后隐类别的后验责任度。 exercise chapterexercisesolutionex:V1-C05-S07-02 类别支持为$\1, ,K\$，权重$ _k 0$且$ _k _k=1$。对给定$x$定义有限证据 $Z(x)= _j=1^K _jp(x z=j)$；仅当$0<Z(x)< $时责任度有定义： $ _k(x) =P(z=k x) = _kp(x z=k)Z(x),\\ _k(x) 0, _k=1^K _k(x) = Z(x)Z(x)=1,\\ _k(x) = E[ 1\z=k\ x]. $ 若$Z(x)=0$，观测落在混合分布支持之外，后验责任度未定义。 chapterexercisesolution 6 exercise 证明指数族中 $ ^2A( )=Cov_ $，并说明 $A$ 的凸性。 exercise chapterexercisesolutionex:V1-C05-S07-03 设自然参数$ $位于开凸集$ H$，配分积分$Z( )= h(x)e^ ^ TT(x) dx$有限且正，并存在可积支配函数允许对$ $作两次积分号下求导；同时$ E_ \|T(X)\|_2^2< $。令$A( )= Z( )$，则 $ A( ) = T(x)h(x)e^ ^ TT(x) dxZ( ) = E_ ,\\ ^2A( ) = E_ - E_ E_ ^ T\\ =Cov_ . $ 对任意$v$，$v^ T ^2A( )v=Var_ (v^ TT(X)) 0$，故$A$在$ H$上凸。若缺少换导与二阶矩条件，上述形式推导不能直接作为证明。 chapterexercisesolution SLChapterExercisePairSection 4 首次阅读检查：本章结论与下一步。需要解决的阅读阻塞。缺少可立即代入的最小数值例或非例 第一步。先判定核心对象属于什么类型，再从原文标出条件、结论和最小辨识问题。 核验路线。先判定核心对象属于什么类型，再从原文标出条件、结论和最小辨识问题。 SLCompactClosure 常用分布、参数、统计量与充分统计量似然/MAP优化、共轭更新及配分函数求导先核对支持边界与换导条件，再求驻点并比较边界参数估计、隐变量建模和概率预测进入chap:V1-C06，用KL与交叉熵比较分布 selfcheckbox enumerate[leftmargin=2.2em] 能否在写密度前先声明支持集与参数化，并检查归一化？ 能否从独立抽样模型逐步写出似然、对数似然、一阶条件及边界检查？ 能否说明共轭先验的超参数如何随充分统计量更新？ 能否区分边缘似然、后验、MAP与后验预测各自积分或优化的对象？未通过时依次回看sec:V1-C05-S01,sec:V1-C05-S02,sec:V1-C05-S03,sec:V1-C05-S05,sec:V1-C05-S06,sec:V1-C05-S07。 enumerate selfcheckbox SLCompactClosure
步骤6｜结果核验：检查所有概率或权重非负，且在规定维度上求和为1；若有条件概率，再确认分母严格为正。
步骤7｜边界：逐项说明若去掉某个条件，哪一步将失效。",UNREVIEWED_CURRENT_SOURCE,统计学习方法讲义_v2.6.0_全量索引库.xlsx
M05-DER-6-D01,DERIVATION,核心推导索引,9,6-D01,src/讲义源码/第01册_数学基础与统计学习基本理论/chapters/V1-C06.tex,193,102,低,结构基本完整,"步骤1｜目标：用 Jensen 不等式建立非负性，并准确识别等号成立条件。
步骤2｜对象：概率分布 $P,Q$，且 $P$ 的支持包含在 $Q$ 的支持中。
步骤3｜合法条件：$P,Q$ 均归一化；在 $P(x)>0$ 处有 $Q(x)>0$。
步骤4｜第一动作：先在 $P$ 下对 $ Q(X)P(X)$ 应用凹函数 $ $ 的 Jensen 不等式。
步骤5｜主推导：推导第1步：记 $S=\x:P(x)>0\$。在 $S$ 上把负散度写成 $ -D_KL(P Q)= _x SP(x) Q(x)P(x). $ 推导第2步：由 $ $ 的凹性， $ -D_KL(P Q) _x SQ(x) 1=0. $ 第二个不等式不能擅自把 $S$ 外的 $Q$ 质量计入求和；这正是支持集边界需要单独写出的原因。 推导第3步：两边乘以 $-1$ 得到
步骤6｜结果核验：将最终结果代回题面条件，检查数值、符号、边界和所求对象是否全部回答。
步骤7｜边界：逐项说明若去掉某个条件，哪一步将失效。",UNREVIEWED_CURRENT_SOURCE,统计学习方法讲义_v2.6.0_全量索引库.xlsx
M05-DER-6-D02,DERIVATION,核心推导索引,10,6-D02,src/讲义源码/第01册_数学基础与统计学习基本理论/chapters/V1-C06.tex,255,105,低,结构基本完整,"步骤1｜目标：把联合分布相对独立分布的 KL 散度拆成熵差。
步骤2｜对象：有限字母表上的联合分布 $p(x,y)$ 及边缘分布 $p_X,p_Y$。
步骤3｜合法条件：分布已归一化，并采用 $0 0=0$；有限求和可重新分组。
步骤4｜第一动作：先展开 $ p(x,y)p_X(x)p_Y(y)= p(x,y)- p_X(x)- p_Y(y)$。
步骤5｜主推导：推导第1步：展开KL。按定义 equation I(X;Y)=D_KL(p_XY p_Xp_Y) = _x,yp(x,y) p(x,y)p_X(x)p_Y(y). equation 式eq:V1-C06-mi-kl也是可数或一般空间中的基本定义（一般空间把$p_Xp_Y$换成乘积分布$P_X P_Y$）；即使某些熵为$+ $，该KL定义仍不会制造$+ - $。 将对数拆成三项并分别求和，得到 equation I(X;Y)=H(X)+H(Y)-H(X,Y). equation 推导第2步：使用熵的链式法则。由$H(X,Y)=H(Y)+H(X Y)$， equation I(X;Y)=H(X)-H(X Y). equation 再把$H(X,Y)=H(X)+H(Y X)$代入$I(X;Y)=H(X)+H(Y)-H(X,Y)$，逐项约去$H(X)$，得到 $ I(X;Y)=H(X)+H(Y)-\H(X)+H(Y X)\=H(Y)-H(Y X). $ 推导第3步：核对性质。式$H(X)+H(Y)-H(X,Y)$在交换$X,Y$后不变，所以互信息对称；其KL形式给出$I(X;Y) 0$，且等号成立当且仅当$p(x,y)=p_X(x)p_Y(y)$，即两变量独立。互信息因此衡量观察一个变量后另一个变量不确定性的平均下降。
步骤6｜结果核验：将最终结果代回题面条件，检查数值、符号、边界和所求对象是否全部回答。
步骤7｜边界：逐项说明若去掉某个条件，哪一步将失效。",UNREVIEWED_CURRENT_SOURCE,统计学习方法讲义_v2.6.0_全量索引库.xlsx
M05-DER-7-D01,DERIVATION,核心推导索引,11,7-D01,src/讲义源码/第01册_数学基础与统计学习基本理论/chapters/V1-C07.tex,138,119,中,推导段过长，需拆成局部目标,"步骤1｜目标：逐步说明为何任意对偶可行值都不超过任意原可行值。
步骤2｜对象：任意原可行点 $x$ 与乘子 $ 0, $。
步骤3｜合法条件：不等式采用 $c_i(x) 0$ 约定；等式约束满足 $h_j(x)=0$。
步骤4｜第一动作：先由可行性写 $L(x, , )=f(x)+ _i _i c_i(x)+ _j _jh_j(x) f(x)$。
步骤5｜主推导：推导第1步：下确界不大于任一函数值，故 $g( , )= _zL(z, , ) L(x, , )$。 推导第2步：原可行性给出$c_i(x) 0,h_j(x)=0$，对偶可行性给出$ _i 0$，所以$L(x, , ) f(x)$。 推导第3步：先对全部对偶可行乘子取上确界，再对全部原可行$x$取下确界，保持方向得到 $d^* p^*$。 首次阅读检查：KKT条件。需要解决的阅读阻塞。表述过短，缺少可立即作答的自检与失败回看位置 第一步。先完成原文给出的可判定自检 核验路线。先完成原文给出的可判定自检；若不能回答，按回看路径补齐依赖，再进入本章首次调用处。 首次阅读检查：定理C 3。需要解决的阅读阻塞。需显式区分条件与结论，并标出证明中每个条件的使用位置 第一步。先把条件与结论分开写清，再判断条件是必要、充分还是仅供证明使用，最后沿原文验证结论。 核验路线。先把条件与结论分开写清，再判断条件是必要、充分还是仅供证明使用，最后沿原文验证结论。 KKT条件与互补松弛sec:V1-C07-S09 PRE-OP-020KKT条件 SLM-C-03-002定理C.3 先分清三个方向。 enumerate[leftmargin=2em] 充分性：若目标与不等式约束凸、等式约束仿射，则任何原--对偶可行且满足驻点与互补松弛的点都是全局最优；这一方向不需要Slater条件。 必要性：从“局部最优”推出乘子和KKT条件，需要线性无关、MFCQ、Slater等适用的约束资格，不能只凭凸性。 Slater的作用：对凸问题，严格可行性保证强对偶；在本章的可微有限维设定及最优值可达到等常见正则前提下，它也保证最优点具有KKT乘子。 enumerate 因此，对可微约束问题，若局部最优点满足相应约束资格，则存在乘子使以下条件成立： 首次阅读检查：互补松弛条件。需要解决的阅读阻塞。表述过短，缺少可立即作答的自检与失败回看位置 第一步。先完成原文给出的可判定自检 核验路线。先完成原文给出的可判定自检；若不能回答，按回看路径补齐依赖，再进入本章首次调用处。 _xL(x^*, ^*, ^*) =0 驻点条件,\\ c_i(x^*) 0 原可行性,\\ h_j(x^*) =0 原可行性,\\ _i^* 0 对偶可行性,\\ _i^*c_i(x^*) =0 互补松弛. 在凸性与仿射等式前提下，这些条件本身已经足以证明全局最优；Slater用于反方向的必要性与强对偶，不是该充分性证明的附加前提。 PRE-OP-021互补松弛条件 若$c_i(x^*)<0$，则必须$ _i^*=0$；若$ _i^*>0$，则约束必须活动，即$c_i(x^*)=0$。乘子为零时约束可以活动也可以非活动。
步骤6｜结果核验：将最终结果代回题面条件，检查数值、符号、边界和所求对象是否全部回答。
步骤7｜边界：逐项说明若去掉某个条件，哪一步将失效。",UNREVIEWED_CURRENT_SOURCE,统计学习方法讲义_v2.6.0_全量索引库.xlsx
M05-DER-7-D02,DERIVATION,核心推导索引,12,7-D02,src/讲义源码/第01册_数学基础与统计学习基本理论/chapters/V1-C07.tex,190,121,中,末尾核验不够显式,"步骤1｜目标：把驻点、可行性与互补松弛连成全局最优性证明。
步骤2｜对象：凸目标、凸不等式、仿射等式及候选原--对偶变量 $(x^*, ^*, ^*)$。
步骤3｜合法条件：$x^*$ 原可行，$( ^*, ^*)$ 对偶可行，并满足驻点与互补松弛。
步骤4｜第一动作：先由凸性和驻点证明 $x^*$ 是 $L(x, ^*, ^*)$ 关于 $x$ 的全局极小点。
步骤5｜主推导：推导第1步：由驻点得到拉格朗日函数的全局极小。凸可微函数的一阶条件给出 $ _xL(x^*, ^*, ^*)=0 x^* _xL(x, ^*, ^*). $ 因此$g( ^*, ^*)=L(x^*, ^*, ^*)$。 推导第2步：用可行性与互补松弛消去约束项。等式可行性使$ _j^*h_j(x^*)=0$，互补松弛使$ _i^*c_i(x^*)=0$，于是 $ L(x^*, ^*, ^*)=f(x^*). $ 推导第3步：夹逼原--对偶目标。弱对偶对任意原、对偶可行点给出 $ g( ^*, ^*) d^* p^* f(x^*). $ 前两步已给出左右端相等，故链中各量相等；$x^*$与$( ^*, ^*)$分别全局最优，且$p^*-d^*=0$。
步骤6｜结果核验：把候选解代回可行性与一阶条件；有约束时逐项核对KKT，有二阶信息时检查曲率或目标值。
步骤7｜边界：逐项说明若去掉某个条件，哪一步将失效。",UNREVIEWED_CURRENT_SOURCE,统计学习方法讲义_v2.6.0_全量索引库.xlsx
M05-DER-8-D01,DERIVATION,核心推导索引,13,8-D01,src/讲义源码/第01册_数学基础与统计学习基本理论/chapters/V1-C08.tex,164,140,低,结构基本完整,"步骤1｜目标：由二阶局部模型得到牛顿方程，并判断该方向何时下降。
步骤2｜对象：当前梯度 $g_k$、Hessian $H_k$ 与步长方向 $p$。
步骤3｜合法条件：$H_k$ 对称正定，因此可逆且二次模型严格凸。
步骤4｜第一动作：先对 $m_k(p)=f(x_k)+g_k^ Tp+ 12p^ TH_kp$ 关于 $p$ 求梯度并令零。
步骤5｜主推导：推导第1步：对局部模型关于$p$求梯度，得到 $ _pm_k(p)=g_k+H_kp$。 推导第2步：令模型梯度为零，解线性系统 $H_kp_k=-g_k$。正定性保证这是模型的唯一极小点。 推导第3步：若$g_k 0$，则 $g_k^ Tp_k=-p_k^ TH_kp_k<0$，所以$p_k$是原目标的一阶下降方向；再用线搜索控制局部模型在远离最优点时的误差。 首次阅读检查：二次函数的一步收敛。需要解决的阅读阻塞。定理陈述中的对象与条件入口不够醒目 第一步。先指出它继承的上游结论与新增条件，再核对代入后是否覆盖当前对象域。 核验路线。先指出它继承的上游结论与新增条件，再核对代入后是否覆盖当前对象域。
步骤6｜结果核验：检查每个矩阵乘法的内侧维数，随后把结果代回原式；若有投影/分解，再检查正交性或重构关系。
步骤7｜边界：逐项说明若去掉某个条件，哪一步将失效。",UNREVIEWED_CURRENT_SOURCE,统计学习方法讲义_v2.6.0_全量索引库.xlsx
M05-DER-8-D02,DERIVATION,核心推导索引,14,8-D02,src/讲义源码/第01册_数学基础与统计学习基本理论/chapters/V1-C08.tex,282,143,中,推导段过长，需拆成局部目标,"步骤1｜目标：验证两种逆 Hessian 更新都重现最新位移--梯度差关系。
步骤2｜对象：$s_k=x_k+1-x_k$、$y_k=g_k+1-g_k$ 与对称正定矩阵 $G_k$。
步骤3｜合法条件：曲率条件 $s_k^ Ty_k>0$，故相关分母非零。
步骤4｜第一动作：先把局部线性关系 $y_k H_k+1s_k$ 改写为逆形式的割线条件 $G_k+1y_k=s_k$。
步骤5｜主推导：推导第1步：由梯度变化得到割线条件。微积分基本定理给出 $ y_k= _0^1 ^2f(x_k+t s_k)s_k dt. $ 用$B_k+1$近似线段上的平均Hessian，就要求$B_k+1s_k=y_k$；对逆矩阵近似$G_k+1$，对应条件为$G_k+1y_k=s_k$。 推导第2步：验证DFP更新。取 $ G_k+1^DFP=G_k+ s_ks_k^ Ts_k^ Ty_k - G_ky_ky_k^ TG_ky_k^ TG_ky_k. $ 右乘$y_k$后，第二项等于$s_k$，第三项等于$-G_ky_k$，恰与第一项$G_ky_k$抵消，所以$G_k+1^DFPy_k=s_k$。 首次阅读检查：Broyden类算法。需要解决的阅读阻塞。需把输入、状态、一次更新、停止与输出压缩成首次阅读主线 第一步。先按输入与状态、初始化、一次更新、保持量或目标、停止条件与输出证书读取原文。 核验路线。先按输入与状态、初始化、一次更新、保持量或目标、停止条件与输出证书读取原文。 推导第3步：验证逆BFGS并核对正定性。令$V_k=I- _ks_ky_k^ T$，则 $ G_k+1^BFGS=V_kG_kV_k^ T+ _ks_ks_k^ T. $ 因为$V_k^ Ty_k=0$且$ _ks_k^ Ty_k=1$，右乘$y_k$得到$s_k$。又因$G_k 0$且$ _k>0$，任意非零向量$z$满足 $ z^ TG_k+1^BFGSz =(V_k^ Tz)^ TG_k(V_k^ Tz) + _k(s_k^ Tz)^2>0, $ 两个非负项不可能同时为零：若$s_k^ Tz=0$且$V_k^ Tz=0$，由$V_k^ Tz=z- _ky_k(s_k^ Tz)$可得$z=0$，与假设矛盾。因此更新保持正定；若$s_k^ Ty_k 0$，该结论失效，算法必须阻尼或跳过更新。 SLM-B-05-001Broyden类算法 DFP与BFGS可置于满足割线条件的秩二更新族中；不同成员在数值稳定性与近似度量上取舍不同。 首次阅读检查：带曲率保护的逆BFGS方法：执行契约。需要解决的阅读阻塞。单个知识块信息密度较高，需要先给一条阅读路线再进入细节；未在同一入口集中说明输出证书 第一步。先按输入与状态、初始化、一次更新、保持量或目标、停止条件与输出证书读取原文。 核验路线。先按输入与状态、初始化、一次更新、保持量或目标、停止条件与输出证书读取原文。 keypointbox[title=带曲率保护的逆BFGS方法：首次阅读主线] 需要解决的阅读阻塞。未在同一入口集中说明输入对象；未在同一入口集中说明输出证书；未在同一入口集中说明停止条件 第一步。先按输入与状态、初始化、一次更新、保持量或目标、停止条件与输出证书读取原文。 阅读路线。先按输入与状态、初始化、一次更新、保持量或目标、停止条件与输出证书读取原文。 1. 先从下方契约中标出输入、输出与可变状态。 2. 核对定义域、维数、有限性、预算与初始化是否合法。 3. 只读一轮更新，区分候选量与已经原子提交的合法状态。 4. 确认保持量、目标变化或残差证书，不把预算上限误写成收敛证明。 5. 最后核对停止、异常退出、实际计数与返回值。 keypointbox 严格细节。下方原定义、公式、定理或算法主体及其标签、编号与技术论证全部保留；首次阅读主线只负责建立入口，不替代严格内容。 AlgorithmContract input=光滑目标$f$与梯度、有限初值$x_0$、容差、外层预算$K$及冻结的Wolfe线搜索参数/预算, output=最后合法$( x, G, f, g)$、实际提交轮数$k_ done$、线搜索试探数$j_ done$、梯度求值数$g_ done$、状态与最终诊断, preconditions=$K N_0$、容差为正，线搜索参数合法，$f, f$接口维数一致且初值在定义域内, initialization=置$ x=x_0, G=I,k_ done=j_ done=0$，计算有限初始目标和梯度并记实际求值, loop=每轮由上一合法状态形成下降方向，在线搜索预算内试探Wolfe步，再形成梯度与曲率候选, update=步长、候选点/梯度和受保护逆Hessian全部通过有限性与正定门禁后才原子提交，并增加$k_ done$, domain=$ G$保持对称正定；已提交目标和梯度有限；曲率不正时只执行预登记阻尼或跳过规则, failure=输入或参数非法返回$ invalid\_input$；目标、梯度、方向或曲率更新非有限返回$ numerical\_failure$；Wolfe预算内无合格步返回$ line\_search\_failed$，均保留上一合法状态, stop=梯度/联合步长证书、外层预算耗尽、线搜索失败或数值失败时停止, budget=至多$K$个原子BFGS轮，每轮线搜索候选上限由输入规则给定并逐次计数, status=$ converged$、$ budget\_stop$、$ invalid\_input$、$ numerical\_failure$、$ line\_search\_failed$, iterations=$k_ done$计实际提交轮，$j_ done$计实际线搜索试探，$g_ done$计实际梯度求值, diagnostics=最终梯度范数、相对步长/目标变化、曲率$s^ Ty$、阻尼或跳过次数、失败轮/阶段及预算余量, complexity=稠密逆BFGS每提交轮$O(d^2)$时间和$O(d^2)$空间，另加实际目标/梯度及线搜索求值成本 algorithm[H] 带曲率保护的逆BFGS方法 目标$f$、梯度、初始点$x_0$ 最后合法$( x, G, f, g)$；$k_ done,j_ done,g_ done$；$ status$与诊断 梯度/相对变化容差$ $；外层预算$K$；冻结的Wolfe参数、曲率保护规则与每轮线搜索预算 若维数、容差、预算或线搜索参数非法，返回空结果、计数$0$、$ invalid\_input$及字段诊断 置$ x x_0, G I,k_ done 0,j_ done 0$；计算$ f=f(x_0), g= f(x_0)$并置$g_ done=1$ 若初始量非有限，返回初值占位、$ numerical\_failure$及初始化诊断；若$\| g\| $，返回$ converged$及零轮梯度证书 $k_ done<K$ 形成$p - G g$；若非有限或非下降，返回上一合法状态、$ numerical\_failure$及方向诊断 按冻结Wolfe规则逐候选试探并增加$j_ done$；若预算内无有限合格步，返回上一合法状态、$ line\_search\_failed$及试探诊断 形成$x^+,f^+,g^+$并增加$g_ done$；若任一非有限，返回上一合法状态、$ numerical\_failure$及候选求值诊断 令$s=x^+- x,y=g^+- g$；按预登记规则形成受阻尼的$G^+$或在曲率不足时令$G^+= G$ 若$G^+$非有限、非对称或非正定，返回上一合法状态、$ numerical\_failure$及曲率阶段诊断 原子提交$( x, f, g, G) (x^+,f^+,g^+,G^+)$并增加$k_ done$ 若梯度范数与预登记相对变化证书满足，返回最后合法状态、$ converged$及联合证书诊断 返回最后合法状态、$ budget\_stop$及“外层预算耗尽、证书未满足”最终诊断 algorithm AlgorithmContract 首次阅读只跟踪搜索方向、步长、$s_k,y_k$与曲率条件；实现时再处理曲率保护、线搜索失败和最后合法状态
步骤6｜结果核验：检查每个矩阵乘法的内侧维数，随后把结果代回原式；若有投影/分解，再检查正交性或重构关系。
步骤7｜边界：逐项说明若去掉某个条件，哪一步将失效。",UNREVIEWED_CURRENT_SOURCE,统计学习方法讲义_v2.6.0_全量索引库.xlsx
M05-DER-8-D03,DERIVATION,核心推导索引,15,8-D03,src/讲义源码/第01册_数学基础与统计学习基本理论/chapters/V1-C08.tex,416,147,低,结构基本完整,"步骤1｜目标：识别“模型特征期望减经验特征期望”的梯度结构及凸性来源。
步骤2｜对象：参数 $w ℝ^d$、特征向量 $f(x,y)$、经验分布 $ p$ 与配分函数 $Z_w(x)$。
步骤3｜合法条件：输出集合有限，$Z_w(x)>0$，特征二阶矩有限。
步骤4｜第一动作：先把负条件对数似然写成“$ Z_w(x)$ 项减去观测特征线性项”。
步骤5｜主推导：推导第1步：写出目标。忽略与$w$无关的常数，平均负条件对数似然为 $ J(w)= _x,y p(x,y) . $ 推导第2步：对参数分量求导。由链式法则， $ Z_w(x) w_i = _y'p_w(y' x)f_i(x,y'). $ 代回并对经验分布加权，得到“模型特征期望减经验特征期望”的梯度；梯度为零正是两种期望匹配。 推导第3步：再求导。固定$x$时，$ Z_w(x)$的Hessian是$f(x,Y)$在$p_w( x)$下的协方差矩阵；对经验$x$加权后仍半正定。因此$ ^2J(w) 0$，目标为凸函数。改进迭代尺度法利用特征非负性及总特征量构造可分辅助函数，为每个参数求一维增量后同时更新坐标。
步骤6｜结果核验：检查每个矩阵乘法的内侧维数，随后把结果代回原式；若有投影/分解，再检查正交性或重构关系。
步骤7｜边界：逐项说明若去掉某个条件，哪一步将失效。",UNREVIEWED_CURRENT_SOURCE,统计学习方法讲义_v2.6.0_全量索引库.xlsx
M05-DER-9-D01,DERIVATION,核心推导索引,16,9-D01,src/讲义源码/第01册_数学基础与统计学习基本理论/chapters/V1-C09.tex,106,160,中,末尾核验不够显式,"步骤1｜目标：用无偏性、方差缩减与概率界连接样本平均和总体风险。
步骤2｜对象：固定模型 $f$，令 $U_i=L(Y_i,f(X_i))$，经验风险为 $ R_N(f)=N^-1 _iU_i$。
步骤3｜合法条件：$U_i$ 独立同分布，$ E U_i=R(f)$ 且 $Var(U_i)= _f^2< $；$f$ 必须固定。
步骤4｜第一动作：先分别写出总体风险 $R(f)= E U_i$ 与样本平均 $ R_N(f)$。
步骤5｜主推导：推导第1步：写出总体量与样本量。定义 $ R(f)= E_(X,Y) P[L(Y,f(X))], R_T(f)= 1N _i=1^NU_i. $ 推导第2步：交换有限和与期望。由期望的线性性和同分布性， $ E[ R_T(f)] = 1N _i=1^N E[U_i] = 1N N R(f)=R(f). $ 所以对预先固定的$f$，经验风险是期望风险的无偏估计。 推导第3步：计算方差并控制偏离。独立性使协方差项为零，因此 $ Var( R_T(f)) = 1N^2 _i=1^NVar(U_i) = _f^2N. $ 对任意$ >0$应用Chebyshev不等式，得到 $ ( | R_T(f)-R(f) | ) _f^2N ^2. $ 样本量增大使固定模型的估计更稳定；这一结论本身不等于对数据自适应选出的任意模型都已获得泛化保证。
步骤6｜结果核验：检查所有概率或权重非负，且在规定维度上求和为1；若有条件概率，再确认分母严格为正。
步骤7｜边界：逐项说明若去掉某个条件，哪一步将失效。",UNREVIEWED_CURRENT_SOURCE,统计学习方法讲义_v2.6.0_全量索引库.xlsx
M05-DER-10-D01,DERIVATION,核心推导索引,17,10-D01,src/讲义源码/第01册_数学基础与统计学习基本理论/chapters/V1-C10.tex,149,177,低,结构基本完整,"步骤1｜目标：把训练样本表示成经验测度，并由积分直接得到样本平均损失。
步骤2｜对象：经验分布 $ P_N=N^-1 _i _(x_i,y_i)$ 与损失 $L(y,f(x))$。
步骤3｜合法条件：样本数 $N 1$；损失在所有样本点上有定义。
步骤4｜第一动作：先把风险泛函中的总体分布 $P$ 替换为经验分布 $ P_N$。
步骤5｜主推导：推导第1步：理想目标为$R(f)= L(y,f(x)) dP(x,y)$，未知量只在分布$P$。 推导第2步：以$ P_N$替代$P$，点质量积分化为有限和： $ L(y,f(x)) d P_N(x,y) = 1N _i=1^N L(y_i,f(x_i))= R_N(f). $ 推导第3步：在同一$ F$内最小化这个可计算量得到$ f_N$。对固定$f$，大数定律使$ R_N(f)$随$N$增加趋近$R(f)$；若$f$也由同一数据选择，还需控制整个假设空间上的偏差，这正是后续泛化界解决的问题。 当$f$给出条件概率且采用对数损失时， $ R_N(f)=- 1N _i=1^N p_f(y_i x_i), $ 最小化它等价于最大化条件似然。目标乘以正的常数$N$不会改变最优解。 首次阅读检查：模型评估与模型选择。需要解决的阅读阻塞。对象、条件或最小例没有在首次阅读入口中同时出现 第一步。先判定核心对象属于什么类型，再从原文标出条件、结论和最小辨识问题。 核验路线。先判定核心对象属于什么类型，再从原文标出条件、结论和最小辨识问题。
步骤6｜结果核验：检查所有概率或权重非负，且在规定维度上求和为1；若有条件概率，再确认分母严格为正。
步骤7｜边界：逐项说明若去掉某个条件，哪一步将失效。",UNREVIEWED_CURRENT_SOURCE,统计学习方法讲义_v2.6.0_全量索引库.xlsx
M05-DER-10-D02,DERIVATION,核心推导索引,18,10-D02,src/讲义源码/第01册_数学基础与统计学习基本理论/chapters/V1-C10.tex,439,185,低,结构基本完整,"步骤1｜目标：把固定模型的偏差界升级为对整个有限候选类同时成立的结论。
步骤2｜对象：有限候选类 $ F$、有界损失 $L $ 与数据依赖选择结果 $ f F$。
步骤3｜合法条件：样本独立同分布；$ F$ 在应用界前固定且有限。
步骤4｜第一动作：先对每个固定 $f F$ 应用 Hoeffding 界，再对坏事件取并集。
步骤5｜主推导：首次阅读检查：证明：有限假设空间的泛化误差上界。需要解决的阅读阻塞。短段落内符号密度高，但符号角色未逐一落地 第一步。先写证明目标与合法条件，标出第一个可执行数学动作 核验路线。先写证明目标与合法条件，标出第一个可执行数学动作；下方严格证明保留全部技术细节。 proof 推导第1步：固定一个函数。由Hoeffding不等式的单侧形式，对任意$ >0$， $ P (R(f)- R_N(f) ) (-2N ^2). $ 推导第2步：同时控制有限集合。令$A_f=\R(f)- R_N(f) \$。并集界给出 $ P ( f F:A_f ) _f F P(A_f) d (-2N ^2). $ 因此，以至少$1-d (-2N ^2)$的概率，没有任何$f$违反$R(f)< R_N(f)+ $。 推导第3步：换成置信参数。令$ =d (-2N ^2)$，取对数并解出 $ = d+ (1/ )2N. $ 把该值代回上一步即得同时上界。因为结论同时覆盖全部$f$，所以也覆盖由同一训练集选出的随机函数。 proof
步骤6｜结果核验：将最终结果代回题面条件，检查数值、符号、边界和所求对象是否全部回答。
步骤7｜边界：逐项说明若去掉某个条件，哪一步将失效。",UNREVIEWED_CURRENT_SOURCE,统计学习方法讲义_v2.6.0_全量索引库.xlsx
M05-DER-11-D01,DERIVATION,核心推导索引,19,11-D01,src/讲义源码/第01册_数学基础与统计学习基本理论/chapters/V1-C11.tex,117,196,中,末尾核验不够显式,"步骤1｜目标：从条件风险统一推出代价敏感规则与 $0$--$1$ 损失特例。
步骤2｜对象：有限类别集合、动作 $a$、真实类别 $y$、损失 $L(y,a)$ 与后验概率 $p(y x)$。
步骤3｜合法条件：$L(y,a) 0$ 且给定 $x$ 时后验分布已归一化。
步骤4｜第一动作：先对每个候选动作写条件风险 $R(a x)= _yL(y,a)p(y x)$。
步骤5｜主推导：推导第1步：固定输入$x$和候选动作$a$，对未知真实类别取条件期望， $ R(a x)= _y YL(y,a)p(y x). $ 推导第2步：对每个输入分别选择条件风险最小的动作， $ f^*(x) _a YR(a x). $ 对$x$再取期望不会改变逐点最小化，因此该规则使总体风险达到最小。 推导第3步：0--1损失满足$L(y,a)= 1(y a)$，于是 $R(a x)=1-p(a x)$，故 $ f^*(x) _a Yp(a x). $ 并列最大值需要固定且可复现的决胜规则。
步骤6｜结果核验：检查所有概率或权重非负，且在规定维度上求和为1；若有条件概率，再确认分母严格为正。
步骤7｜边界：逐项说明若去掉某个条件，哪一步将失效。",UNREVIEWED_CURRENT_SOURCE,统计学习方法讲义_v2.6.0_全量索引库.xlsx
M05-DER-11-D02,DERIVATION,核心推导索引,20,11-D02,src/讲义源码/第01册_数学基础与统计学习基本理论/chapters/V1-C11.tex,266,200,中,末尾核验不够显式,"步骤1｜目标：分别证明条件均值和条件中位数为何是最优点预测。
步骤2｜对象：固定输入 $x$，标量条件分布 $Y X=x$ 与候选预测 $a ℝ$。
步骤3｜合法条件：平方损失需条件二阶矩有限；绝对损失需条件一阶矩有限，并用条件分布函数处理非唯一中位数。
步骤4｜第一动作：平方损失先围绕 $ (x)= E[Y X=x]$ 展开平方；绝对损失则考察左右导数或次梯度。
步骤5｜主推导：推导第1步：平方损失中心化。对任意常数预测$a$， $ E[(Y-a)^2 X=x] =Var(Y X=x)+( (x)-a)^2, $ 因为交叉项含$ E[Y- (x) X=x]=0$。第二项在且仅在$a= (x)$时最小。 推导第2步：绝对损失使用次梯度。函数$R_1(a)= E[|Y-a| X=x]$为凸函数，其次梯度区间为 $ R_1(a)= . $ 最优性条件$0 R_1(a)$等价于$F_x(a^-) 1/2 F_x(a)$，这正是条件中位数的定义。 推导第3步：比较结论。平方损失的条件Bayes预测是条件均值，绝对损失的条件Bayes预测是任一条件中位数。两者不同说明选择损失等于声明哪类误差更昂贵，而不是只更换一个计算公式。 对$q>1$，结论取决于损失的具体定义。平方欧氏损失$ Y-a_2^2$的Bayes动作是条件均值向量$ E[Y X=x]$；逐坐标绝对损失$ _j=1^q|Y_j-a_j|$的Bayes动作由各坐标条件中位数组成；欧氏距离损失$ Y-a_2$的Bayes动作则是条件几何中位数。这三者不能用标量“中位数”一句话混写。
步骤6｜结果核验：将最终结果代回题面条件，检查数值、符号、边界和所求对象是否全部回答。
步骤7｜边界：逐项说明若去掉某个条件，哪一步将失效。",UNREVIEWED_CURRENT_SOURCE,统计学习方法讲义_v2.6.0_全量索引库.xlsx
M05-DER-12-D01,DERIVATION,核心推导索引,21,12-D01,src/讲义源码/第02册_基础监督学习方法/chapters/V2-C01.tex,192,214,低,结构基本完整,"步骤1｜目标：区分几何距离与函数间隔，并从误分类代理损失得到更新式。
步骤2｜对象：样本 $(x_i,y_i)$、参数 $(w,b)$、函数间隔 $y_i(w^ Tx_i+b)$ 与当前误分类集合 $M$。
步骤3｜合法条件：求一次方向时先固定 $M$；参数更新后必须重新判定误分类集合。
步骤4｜第一动作：先定义 $L(w,b)=- _i My_i(w^ Tx_i+b)$，不要把除以 $ w$ 的几何距离直接当作优化目标。
步骤5｜主推导：推导第1步：若$i M$，则$y_i(w^ Tx_i+b) 0$，样本到边界的距离可写为 $ w^ Tx_i+b w_2 =- y_i(w^ Tx_i+b) w_2. $ 最后一个等号利用了$y_i \-1,+1\$以及误分类时带符号分数非正。 推导第2步：几何距离之和含有随$w$变化的分母$ w_2$，所以不能把$1/ w_2$当作常数从该优化目标中删除。感知机方法另行定义误分类点负函数间隔之和为代理损失 $ L(w,b)=- _i My_i(w^ Tx_i+b), L(w,b) 0. $ 当$M= $时空和为零，表示全部训练点已具有正确的严格符号。若固定$ w_2$，该代理损失与几何距离之和只差固定正因子；在未固定范数的通常感知机迭代中，两者是不同目标。 推导第3步：固定$M$后逐分量求导， $ _w L=- _i My_i x_i, L b=- _i My_i. $ 若每次只取一个误分类点$(x_i,y_i)$作随机梯度下降，则 $ w w+ y_i x_i, b b+ y_i. $ 更新后该点的带符号分数增加$ ( x_i_2^2+1)$，所以更新确实把它朝正确半空间推动。
步骤6｜结果核验：检查每个矩阵乘法的内侧维数，随后把结果代回原式；若有投影/分解，再检查正交性或重构关系。
步骤7｜边界：逐项说明若去掉某个条件，哪一步将失效。",UNREVIEWED_CURRENT_SOURCE,统计学习方法讲义_v2.6.0_全量索引库.xlsx
M05-DER-13-D01,DERIVATION,核心推导索引,22,13-D01,src/讲义源码/第02册_基础监督学习方法/chapters/V2-C02.tex,134,234,中,末尾核验不够显式,"步骤1｜目标：把邻域分类转化为“错分数最少”等价于“票数最多”。
步骤2｜对象：固定邻域 $N_k(x)$、类别集合 $ Y$ 与候选常量类别 $c$。
步骤3｜合法条件：邻域非空；并列时必须预先声明稳定的决胜规则。
步骤4｜第一动作：先写局部风险 $R(c)= _i N_k(x) \y_i c\$。
步骤5｜主推导：推导第1步：候选类别$c$的局部经验风险为 $ R_x(c)= 1k _i N_k(x) (y_i c). $ 推导第2步：对每个$i$，$ (y_i c)=1- (y_i=c)$，所以 $ R_x(c)=1- 1k _i N_k(x) (y_i=c) =1- n_c(x)k. $ 推导第3步：常数$1$与正因子$1/k$不改变最优类别，故 $ _c Y R_x(c) = _c Yn_c(x), $ 这正是多数表决。推导只依赖已固定的邻域，不说明距离或$k$本身已经最优。
步骤6｜结果核验：对全部给定样本重新计算预测或带符号分数，确认分类、计数与最终指标一致。
步骤7｜边界：逐项说明若去掉某个条件，哪一步将失效。",UNREVIEWED_CURRENT_SOURCE,统计学习方法讲义_v2.6.0_全量索引库.xlsx
M05-DER-13-D02,DERIVATION,核心推导索引,23,13-D02,src/讲义源码/第02册_基础监督学习方法/chapters/V2-C02.tex,333,239,中,末尾核验不够显式,"步骤1｜目标：把局部常量预测写成一维平方损失极小化。
步骤2｜对象：非空邻域 $N_k(x)$、响应 $y_i ℝ$ 与常量预测 $a ℝ$。
步骤3｜合法条件：$k 1$；邻域固定；平方损失有限。
步骤4｜第一动作：先对 $Q(a)= _i N_k(x)(y_i-a)^2$ 求一阶导数。
步骤5｜主推导：推导第1步：设候选预测为$a ℝ$，展开局部平方风险： $ Q(a)= _i N_k(x)y_i^2-2a _i N_k(x)y_i+ka^2. $ 推导第2步：逐项求导得到 $ Q'(a)=2ka-2 _i N_k(x)y_i, Q''(a)=2k. $ 推导第3步：令$Q'(a)=0$可得$a=k^-1 _i y_i$。因为$k 1$，所以$Q''(a)=2k>0$，该驻点是唯一全局最小点。邻域均值因此是平方损失对应的最优常量，而不是任意选择。
步骤6｜结果核验：对全部给定样本重新计算预测或带符号分数，确认分类、计数与最终指标一致。
步骤7｜边界：逐项说明若去掉某个条件，哪一步将失效。",UNREVIEWED_CURRENT_SOURCE,统计学习方法讲义_v2.6.0_全量索引库.xlsx
M05-DER-14-D01,DERIVATION,核心推导索引,24,14-D01,src/讲义源码/第02册_基础监督学习方法/chapters/V2-C03.tex,176,256,高,显式步骤少于2步；推导正文偏短；末尾核验不够显式,"步骤1｜目标：直接把 $0$--$1$ 条件风险改写成 $1$ 减后验概率。
步骤2｜对象：固定输入 $x$，候选输出类别 $c_r$ 与后验概率 $P(Y=c_k x)$。
步骤3｜合法条件：类别有限，后验概率非负且总和为 $1$。
步骤4｜第一动作：先写 $R(c_r x)= _k \c_k c_r\P(Y=c_k x)$。
步骤5｜主推导：
步骤6｜结果核验：检查所有概率或权重非负，且在规定维度上求和为1；若有条件概率，再确认分母严格为正。
步骤7｜边界：逐项说明若去掉某个条件，哪一步将失效。",UNREVIEWED_CURRENT_SOURCE,统计学习方法讲义_v2.6.0_全量索引库.xlsx
M05-DER-14-D02,DERIVATION,核心推导索引,25,14-D02,src/讲义源码/第02册_基础监督学习方法/chapters/V2-C03.tex,192,258,低,结构基本完整,"步骤1｜目标：在概率单纯形约束下从似然推出类别先验与类条件概率。
步骤2｜对象：计数 $m_l 0$、参数 $ _l 0$，满足 $ _l _l=1$。
步骤3｜合法条件：总计数 $M= _lm_l>0$；零计数分量允许得到边界估计。
步骤4｜第一动作：先写 $ ( )= _lm_l _l$，并为归一化约束引入拉格朗日乘子。
步骤5｜主推导：推导第1步：先分离正计数支持。与$ $有关的对数似然为 $ ( )= _l=1^S_jm_l _l, 0 0:=0. $ 设$I_+=\l:m_l>0\$。当$N_k>0$时$I_+$非空。任何在$I_+$上取$ _l=0$的候选都有$ ( )=- $，而单纯形内点给出有限似然，故最大点在$I_+$上的坐标必严格为正。若这样的候选还把总质量$s>0$分给$I_+^c$，则把正计数坐标改为$ '_l= _l/(1-s)$并把零计数坐标改为$0$，可使目标增加 $ ( ')- ( )=-N_k (1-s)>0. $ 因此最优解必在边界上满足$ _l=0$（$l I_+$）。 推导第2步：在正计数支持上求内点解。构造 $ L( , ) = _l I_+m_l _l + ( _l I_+ _l-1 ). $ 此时每个$m_l, _l$都严格为正，驻点条件合法，并给出 $ m_l _l+ =0, 1=- _l I_+m_l =- N_k . $ 推导第3步：恢复单纯形边界。故$ =-N_k$，并得到 $ _l= m_l/N_k, m_l>0,\\ 0, m_l=0. $ 对类别计数作同样的正支持论证，得到$ _k=N_k/N$（$N>0$）。若$N_k=0$，则该类别的所有$m_l$均为0，类条件似然在整个单纯形上为常数，点估计不可由数据识别；此时应使用下节先验/平滑，而不能写$m_l/N_k$。
步骤6｜结果核验：检查所有概率或权重非负，且在规定维度上求和为1；若有条件概率，再确认分母严格为正。
步骤7｜边界：逐项说明若去掉某个条件，哪一步将失效。",UNREVIEWED_CURRENT_SOURCE,统计学习方法讲义_v2.6.0_全量索引库.xlsx
M05-DER-15-D01,DERIVATION,核心推导索引,26,15-D01,src/讲义源码/第02册_基础监督学习方法/chapters/V2-C04.tex,246,276,中,末尾核验不够显式,"步骤1｜目标：从类别计数和特征分组计数看清每个熵权重的样本来源。
步骤2｜对象：当前结点样本集 $D$、类别 $C_k$、特征分组 $D_i$ 与交叉计数 $D_ik=D_i C_k$。
步骤3｜合法条件：$D_i$ 构成 $D$ 的划分；所有概率均由当前结点经验频率估计。
步骤4｜第一动作：先用 $|D C_k|/|D|$ 写父结点熵，再用 $|D_i|/|D|$ 加权各子结点熵。
步骤5｜主推导：推导第1步：父结点中第$k$类的经验概率是$|C_k|/|D|$，代入熵定义得到$H(D)$。 推导第2步：在条件$A=a_i$下，第$k$类的经验概率为$|D_ik|/|D_i|$，所以 $ H(D_i)=- _k=1^K |D_ik||D_i| _2 |D_ik||D_i|. $ 按事件$A=a_i$的经验概率$|D_i|/|D|$加权，得到$H(D A)$。 推导第3步：用观察$A$之前的不确定性减去观察后的平均不确定性： $ g(D,A)=- _k=1^K |C_k||D| _2 |C_k||D| + _i=1^n |D_i||D| _k=1^K |D_ik||D_i| _2 |D_ik||D_i|. $ 该式只依赖有限计数，可在每个候选特征上重复计算。
步骤6｜结果核验：将最终结果代回题面条件，检查数值、符号、边界和所求对象是否全部回答。
步骤7｜边界：逐项说明若去掉某个条件，哪一步将失效。",UNREVIEWED_CURRENT_SOURCE,统计学习方法讲义_v2.6.0_全量索引库.xlsx
M05-DER-16-D01,DERIVATION,核心推导索引,27,16-D01,src/讲义源码/第02册_基础监督学习方法/chapters/V2-C05.tex,270,304,中,末尾核验不够显式,"步骤1｜目标：把伯努利似然化为可稳定计算的凸目标，并得到一阶与 Newton 更新所需量。
步骤2｜对象：设计矩阵 $X$、参数 $w$、标签向量 $y$、概率 $p_i= (x_i^ Tw)$。
步骤3｜合法条件：$y_i \0,1\$；所有样本线性预测有限；$W=diag(p_i(1-p_i)) 0$。
步骤4｜第一动作：先改写 $ (w)= _i[ (1+e^x_i^ Tw)-y_ix_i^ Tw]$。
步骤5｜主推导：推导第1步：整理单样本损失。 第$i$个样本的负对数似然为 $ j_i(w)=-y_i p_i-(1-y_i) (1-p_i) = (1+e^z_i)-y_i z_i. $ 因此未正则化目标为$J_0(w)= _i=1^Nj_i(w)$。 推导第2步：求梯度。 由于$d (1+e^z)/dz= (z)$且$ _wz_i=x_i$，有 $ j_i(w)=(p_i-y_i)x_i, J_0(w)= _i=1^N(p_i-y_i)x_i=X^T(p-y). $ 推导第3步：求Hessian矩阵。 再求一次导数，并记$D=diag\p_i(1-p_i)\$，得到 $ ^2J_0(w)= _i=1^Np_i(1-p_i)x_ix_i^T=X^TDX. $ 若使用$L_2$正则化$J_ (w)=J_0(w)+ w _2^2/2$，并且截距不参与惩罚，则应把单位阵替换为截距位置为0的对角惩罚矩阵$R$： $ J_ =X^T(p-y)+ Rw, ^2J_ =X^TDX+ R. $
步骤6｜结果核验：检查每个矩阵乘法的内侧维数，随后把结果代回原式；若有投影/分解，再检查正交性或重构关系。
步骤7｜边界：逐项说明若去掉某个条件，哪一步将失效。",UNREVIEWED_CURRENT_SOURCE,统计学习方法讲义_v2.6.0_全量索引库.xlsx
M05-DER-17-D01,DERIVATION,核心推导索引,28,17-D01,src/讲义源码/第03册_优化模型与序列模型/chapters/V3-C01.tex,139,320,低,结构基本完整,"步骤1｜目标：从条件熵优化的驻点方程看清指数项与配分函数的来源。
步骤2｜对象：条件分布 $P(y x)$、线性特征约束及每个 $x$ 上的归一化约束。
步骤3｜合法条件：考虑概率单纯形内部解 $P(y x)>0$；可行集凸，负熵为凸函数。
步骤4｜第一动作：先写包含特征约束和 $ _yP(y x)=1$ 的拉格朗日函数，并对每个 $P(y x)$ 求偏导。
步骤5｜主推导：推导第1步：写出拉格朗日函数。 $ L(P,w, ) = _x,y P(x)P(y x) P(y x)\\ + _i=1^nw_i\ E(f_i)-E_P(f_i)\ + _x (x) \1- _yP(y x) \. $ 推导第2步：对每个概率分量求驻点。 $ L P(y x) = P(x) - (x)=0. $ 将只依赖$x$的项合并为$c(x)$，得到 $ P(y x)=c(x) \ _i=1^nw_if_i(x,y) \. $ 推导第3步：用归一化确定$c(x)$。 对$y$求和并令结果为1，定义 $ Z_w(x)= _y Y \ _i=1^nw_if_i(x,y) \, $ 便有 $ P_w(y x)= 1Z_w(x) \ _i=1^nw_if_i(x,y) \. $ 配分函数严格为正，因此条件概率有定义并自动归一化。
步骤6｜结果核验：检查所有概率或权重非负，且在规定维度上求和为1；若有条件概率，再确认分母严格为正。
步骤7｜边界：逐项说明若去掉某个条件，哪一步将失效。",UNREVIEWED_CURRENT_SOURCE,统计学习方法讲义_v2.6.0_全量索引库.xlsx
M05-DER-17-D02,DERIVATION,核心推导索引,29,17-D02,src/讲义源码/第03册_优化模型与序列模型/chapters/V3-C01.tex,425,328,中,推导段过长，需拆成局部目标,"步骤1｜目标：把条件对数似然增量下界分离成每个特征参数的一维方程。
步骤2｜对象：非负特征 $f_i(x,y)$、总特征量 $f^\#= _i f_i$、当前模型 $P_w$ 与增量 $ _i$。
步骤3｜合法条件：$f_i 0$；使用 $- a 1-a$ 与指数函数的加权 Jensen 不等式；零总特征项不依赖增量。
步骤4｜第一动作：先写 $L(w+ )-L(w)$，再把归一化项表示成当前模型下 $e^ _i _if_i$ 的期望。
步骤5｜主推导：推导第1步：写出精确似然增量。IIS从当前$w$寻找增量$ =( _1, , _n)^T$。由新旧条件概率之比， $ (w+ )- (w) = _i _i E(f_i) - _x P(x) _yP_w(y x) e^ _i _i f_i(x,y). $ 对第二项使用$- a 1-a$，再在$f^\#>0$处使用 $ e^ _i[f_i/f^\#]( _i f^\#) _i f_if^\#e^ _i f^\#, $ 得到关于各$ _i$可分的完整下界 $ (w+ )- (w) B( w)\\ = _i _i E(f_i) - _x,y P(x)P_w(y x) _i:f^\#(x,y)>0 f_i(x,y)f^\#(x,y) (e^ _i f^\#(x,y)-1 ). $ 当$f^\#(x,y)=0$时，非负性推出全部$f_i(x,y)=0$，对应项对$ $恒为零，因而不进入内层和式。这一约定同时避免了$0/0$。 推导第2步：对分离下界逐坐标求驻点。记 $ f^\#(x,y)= _i=1^nf_i(x,y). $ 逐项求导得到 $ B _i = E(f_i)- _x,y P(x)P_w(y x)f_i(x,y) e^ _i f^\#(x,y). $ 令该导数为零得到尺度方程 $ _x,y P(x)P_w(y x)f_i(x,y) \ _i f^\#(x,y)\= E(f_i). $ 记左侧为$g_i( _i)$，则 $ g_i'( _i)= _x,y P(x)P_w(y x) f_i(x,y)f^\#(x,y)e^ _i f^\#(x,y) 0. $ 若模型在某个$f_i>0$且$f^\#>0$的配置上有正质量，则$g_i$严格递增，有限根至多一个。有限根存在还要求$ E(f_i)$落在$g_i$的值域内；支撑不相容时没有有限根。若$ E(f_i)=E_P_w(f_i)=0$，该坐标不被数据或当前模型识别，应固定而不是声称根唯一；若$ E(f_i)=0<E_P_w(f_i)$，极限解为$ _i - $，也不存在有限Newton根。 若$f^\#(x,y) M$且$M>0$为常数，则 推导第3步：化简常特征总量情形。把$M$移出指数，左侧成为$e^M _iE_P_w(f_i)$，所以 $ _i= 1M E(f_i)E_P_w(f_i). $ 该闭式只适用于分子、分母均为正的可识别坐标；$M=0$时所有特征恒为零，尺度方程不含参数，不能使用上式。 零坐标分类。令$e_i= E(f_i)$、$m_i=E_P_w(f_i)$。当$e_i=m_i=0$时，该坐标在当前支撑上不可识别，固定$ _i=0$并继续，不能把整个问题判为不可行；当$|e_i-m_i| $时记为“已匹配”；当$e_i,m_i>0$且未匹配时才进入有限一维求根。若$e_i>0,m_i=0$，经验正质量落在模型零支撑上，才是需要报告的支撑冲突；若$e_i=0,m_i>0$，无正则闭式只在$ _i - $的边界达到，有限精度实现应按预登记规则删除/固定该稀疏坐标或改用正则化，而不是伪造有限根。 IIS的每轮更新提高对数似然下界，但通常比利用联合曲率的拟Newton法慢。它的教学价值在于把“期望不匹配”转化为每个参数的一维修正，并明确说明归一化因子与特征总量为何进入更新方程。 keypointbox[title=改进的迭代尺度法（IIS）：执行契约：首次阅读主线] 需要解决的阅读阻塞。单个知识块信息密度较高，需要先给一条阅读路线再进入细节；未在同一入口集中说明输入对象；未在同一入口集中说明输出证书 第一步。先按输入与状态、初始化、一次更新、保持量或目标、停止条件与输出证书读取原文。 阅读路线。先按输入与状态、初始化、一次更新、保持量或目标、停止条件与输出证书读取原文。 1. 先从下方契约中标出输入、输出与可变状态。 2. 核对定义域、维数、有限性、预算与初始化是否合法。 3. 只读一轮更新，区分候选量与已经原子提交的合法状态。 4. 确认保持量、目标变化或残差证书，不把预算上限误写成收敛证明。 5. 最后核对停止、异常退出、实际计数与返回值。 keypointbox 严格细节。下方原定义、公式、定理或算法主体及其标签、编号与技术论证全部保留；首次阅读主线只负责建立入口，不替代严格内容。 keypointbox[title=改进的迭代尺度法（IIS）：首次阅读主线] 需要解决的阅读阻塞。单个知识块信息密度较高，需要先给一条阅读路线再进入细节；未在同一入口集中说明输入对象；未在同一入口集中说明输出证书；未在同一入口集中说明停止条件 第一步。先按输入与状态、初始化、一次更新、保持量或目标、停止条件与输出证书读取原文。 阅读路线。先按输入与状态、初始化、一次更新、保持量或目标、停止条件与输出证书读取原文。 1. 先从下方契约中标出输入、输出与可变状态。 2. 核对定义域、维数、有限性、预算与初始化是否合法。 3. 只读一轮更新，区分候选量与已经原子提交的合法状态。 4. 确认保持量、目标变化或残差证书，不把预算上限误写成收敛证明。 5. 最后核对停止、异常退出、实际计数与返回值。 keypointbox 严格细节。下方原定义、公式、定理或算法主体及其标签、编号与技术论证全部保留；首次阅读主线只负责建立入口，不替代严格内容。 AlgorithmContract input=有限非负特征、合法经验分布、外层预算$T_ $、每坐标求根预算$B_ root$、容差与边界坐标规则, output=最后合法$w,P_w$、期望残差、完成轮数$t_ done$、求根坐标数$s_ done$、根函数求值数$q_ done$、状态与诊断, preconditions=经验分布归一化；特征和$f^\#$有限非负；支撑、边界规则、预算与容差已登记, initialization=$w=0,t_ done=s_ done=q_ done=0$；预计算经验期望与$f^\#$, loop=每轮由同一旧模型计算全部期望，在临时向量中独立求各$ _i$后统一验收, update=$w^+=w+ $及其归一化模型、目标全部有限且不下降后才原子提交, domain=$f_i,f^\#,e_i,m_i,P_w$非负有限；有限根只在尺度方程值域内求取, failure=非法接口或固定支撑冲突返回$ invalid\_input$；非有限模型、期望、根或候选返回$ numerical\_failure$, stop=期望残差证书、外层/求根预算耗尽或首次失败时停止, budget=$T_ $个完整同步更新轮；每个可更新坐标至多$B_ root$次根函数求值, status=$ converged$、$ budget\_stop$、$ invalid\_input$、$ numerical\_failure$, iterations=$t_ done$计同步提交轮，$s_ done$计已求有限根坐标，$q_ done$计实际根函数求值, diagnostics=失败$(t,i)$与支撑/求根阶段、最大期望残差、零坐标分类、目标增量及预算余量, complexity=每轮模型期望约$O(NKs)$，另加实际$q_ done$次尺度方程求值；空间$O(n+NK)$ algorithm[H] 改进的迭代尺度法（IIS） 非负特征$f_i$，经验分布，边界坐标处理规则 最后合法$w,P_w$、期望残差、$t_ done,s_ done,q_ done$、$ status$与最终诊断 $T_ ,B_ root N_0$；期望容差$ >0$；求根与目标数值容差 $w 0$，$t_ done 0$，$s_ done 0$，$q_ done 0$，预计算$ E(f_i)$和$f^\#(x,y)$，诊断为空 若经验分布未归一化、特征或$f^\#$为负/非有限、边界规则未登记，或预算、容差不合法，则返回零参数、计数$0$、$ invalid\_input$及字段诊断 计算初始$P_w$、目标与模型期望；若配分函数、概率、目标或期望非有限，则返回最后合法零参数、$ numerical\_failure$及初始化阶段诊断 令$r _i|E_P_w(f_i)- E(f_i)|$；若$r $，则返回最后合法零参数与$ converged$，最终诊断记录“零轮期望匹配证书” $t_ done<T_ $ 令$r _i|E_P_w(f_i)- E(f_i)|$；若$r $，则返回最后合法状态与$ converged$，最终诊断记录期望匹配证书 在临时向量置$ _i 0$ $i 1$ $n$ 令$e_i E(f_i)$、$m_i E_P_w(f_i)$ 若$e_i=m_i=0$或$|e_i-m_i| $，保持$ _i=0$并记录坐标类别 若$e_i>0,m_i=0$，则返回最后合法$w,P_w,t_ done,s_ done,q_ done, invalid\_input$，诊断为支撑冲突$(t_ done,i)$ 若$e_i=0,m_i>0$，则仅应用预登记的有限删除、固定或正则化规则；规则不能产生有限候选时返回最后合法状态与$ invalid\_input$，诊断为边界坐标$(t_ done,i)$ 对$e_i,m_i>0$且未匹配的坐标，在至多$B_ root$次根函数求值内求单调尺度方程的有限根，每次令$q_ done q_ done+1$ 若求根预算耗尽且无证书，则返回最后合法状态与$ budget\_stop$，最终诊断记录坐标$i$与括区间 若根函数、括区间或有限根非有限，则返回最后合法状态与$ numerical\_failure$，诊断为求根阶段$(t_ done,i)$；否则令$s_ done s_ done+1$ 在临时状态计算$w^+ w+ $及$P_w^+$、目标和全部模型期望；若任一结果非有限、概率未归一化或目标下降超出容差，则返回未改动的最后合法状态与$ numerical\_failure$，诊断为同步验收阶段$t_ done$ 原子提交$w w^+,P_w P_w^+$及新目标、期望，令$t_ done t_ done+1$ 返回最后合法$w,P_w$、期望残差、$t_ done,s_ done,q_ done, budget\_stop$，最终诊断记录外层预算耗尽与最大残差 algorithm AlgorithmContract 核心流程跟踪经验／模型期望残差、逐坐标增量、整轮同时提交和双证书停止；16行长框是本章唯一IIS稳健实现细节源
步骤6｜结果核验：把候选解代回可行性与一阶条件；有约束时逐项核对KKT，有二阶信息时检查曲率或目标值。
步骤7｜边界：逐项说明若去掉某个条件，哪一步将失效。",UNREVIEWED_CURRENT_SOURCE,统计学习方法讲义_v2.6.0_全量索引库.xlsx
M05-DER-18-D01,DERIVATION,核心推导索引,30,18-D01,src/讲义源码/第03册_优化模型与序列模型/chapters/V3-C02.tex,139,346,低,结构基本完整,"步骤1｜目标：利用分类超平面的正尺度不变性固定函数间隔。
步骤2｜对象：线性可分样本、$w 0$、函数间隔 $y_i(w^ Tx_i+b)$ 与几何间隔。
步骤3｜合法条件：$(w,b)$ 可同乘任意正数而不改变分类边界；最小函数间隔为正。
步骤4｜第一动作：先把 $(w,b)$ 统一缩放，使最小函数间隔恰为 $1$。
步骤5｜主推导：推导第1步：写出几何间隔问题。 $ _w,b, \ .t. y_i(w^Tx_i+b) w _2 ,\ i=1, ,N. $ 推导第2步：引入函数间隔。 令$ = w _2$，目标改写为最大化$ / w _2$，约束为$y_i(w^Tx_i+b) $。尺度自由度允许固定$ =1$。 推导第3步：改写单调等价目标。 在$ =1$下，最大化$1/ w _2$等价于最小化$ w _2$，再等价于最小化光滑目标$ w _2^2/2$，得到 $ _w,b 12 w _2^2 .t. y_i(w^Tx_i+b) 1,\ i=1, ,N. $ 首次阅读检查：线性可分支持向量机学习算法——最大间隔法。需要解决的阅读阻塞。需把输入、状态、一次更新、停止与输出压缩成首次阅读主线 第一步。先按输入与状态、初始化、一次更新、保持量或目标、停止条件与输出证书读取原文。 核验路线。先按输入与状态、初始化、一次更新、保持量或目标、停止条件与输出证书读取原文。 SLM-07-01-006线性可分支持向量机学习算法——最大间隔法 该问题的目标凸、约束仿射，是凸二次规划。求得最优$(w^ ,b^ )$后返回超平面与符号分类函数。 首次阅读检查：最大间隔分离超平面的存在唯一性。需要解决的阅读阻塞。对象、条件或最小例没有在首次阅读入口中同时出现 第一步。先核对等式两侧的对象类型、维数与定义域，再执行代入或变形，并在边界点重新检查合法性。 核验路线。先核对等式两侧的对象类型、维数与定义域，再执行代入或变形，并在边界点重新检查合法性。 SLM-07-01-007最大间隔分离超平面的存在唯一性
步骤6｜结果核验：检查每个矩阵乘法的内侧维数，随后把结果代回原式；若有投影/分解，再检查正交性或重构关系。
步骤7｜边界：逐项说明若去掉某个条件，哪一步将失效。",UNREVIEWED_CURRENT_SOURCE,统计学习方法讲义_v2.6.0_全量索引库.xlsx
M05-DER-18-D02,DERIVATION,核心推导索引,31,18-D02,src/讲义源码/第03册_优化模型与序列模型/chapters/V3-C02.tex,280,348,低,结构基本完整,"步骤1｜目标：从松弛变量的驻点条件推出 $0 _i C$。
步骤2｜对象：松弛变量 $ _i$、间隔乘子 $ _i 0$ 与非负约束乘子 $ _i 0$。
步骤3｜合法条件：原目标含 $C _i _i$；约束写为 $1- _i-y_i(w^ Tx_i+b) 0$ 和 $- _i 0$。
步骤4｜第一动作：先对拉格朗日函数关于 $ _i$ 求偏导，得到 $C- _i- _i=0$。
步骤5｜主推导：推导第1步：构造Lagrange函数。对约束引入$ _i 0$： $ L(w,b, )= 12 w ^2 + _i _i\1-y_i(w^Tx_i+b)\. $ 推导第2步：消去原始变量。分别对$w,b$求导并令其为零，得到 $ w= _i _i y_i x_i, _i _i y_i=0. $ 推导第3步：代回并整理。把$w$展开代入$L$，二次项与交叉线性项合并，得到等价的对偶最小化 $ _ \ 12 _i,j _i _jy_iy_jx_i^Tx_j- _i _i, s.t. _i _iy_i=0,\ _i 0. $
步骤6｜结果核验：把候选解代回可行性与一阶条件；有约束时逐项核对KKT，有二阶信息时检查曲率或目标值。
步骤7｜边界：逐项说明若去掉某个条件，哪一步将失效。",UNREVIEWED_CURRENT_SOURCE,统计学习方法讲义_v2.6.0_全量索引库.xlsx
M05-DER-18-D03,DERIVATION,核心推导索引,32,18-D03,src/讲义源码/第03册_优化模型与序列模型/chapters/V3-C02.tex,310,348,低,结构基本完整,"步骤1｜目标：消去 $w,b$，得到只含对偶变量的凸二次规划。
步骤2｜对象：线性可分训练集、原变量 $(w,b)$ 与约束乘子 $ _i 0$。
步骤3｜合法条件：存在严格可行点，Slater 条件成立；原约束为 $1-y_i(w^ Tx_i+b) 0$。
步骤4｜第一动作：先构造拉格朗日函数，并令其对 $w$、$b$ 的导数为零。
步骤5｜主推导：推导第1步：构造Lagrange函数。对约束引入$ _i 0$： $ L(w,b, )= 12 w ^2 + _i _i\1-y_i(w^Tx_i+b)\. $ 推导第2步：消去原始变量。分别对$w,b$求导并令其为零，得到 $ w= _i _i y_i x_i, _i _i y_i=0. $ 推导第3步：代回并整理。把$w$展开代入$L$，二次项与交叉线性项合并，得到等价的对偶最小化 $ _ \ 12 _i,j _i _jy_iy_jx_i^Tx_j- _i _i, s.t. _i _iy_i=0,\ _i 0. $
步骤6｜结果核验：检查每个矩阵乘法的内侧维数，随后把结果代回原式；若有投影/分解，再检查正交性或重构关系。
步骤7｜边界：逐项说明若去掉某个条件，哪一步将失效。",UNREVIEWED_CURRENT_SOURCE,统计学习方法讲义_v2.6.0_全量索引库.xlsx
M05-DER-19-D01,DERIVATION,核心推导索引,33,19-D01,src/讲义源码/第03册_优化模型与序列模型/chapters/V3-C03.tex,465,383,中,推导段过长，需拆成局部目标,"步骤1｜目标：把平方损失前向分步子问题改写为对残差的回归。
步骤2｜对象：已有模型 $f_m-1$、残差 $r_i=y_i-f_m-1(x_i)$、固定叶区域 $R_mj$ 与叶值 $c_mj$。
步骤3｜合法条件：每个参与更新的叶区域非空；本轮区域划分固定。
步骤4｜第一动作：先代入平方损失并写 $y_i-[f_m-1(x_i)+g(x_i)]=r_i-g(x_i)$。
步骤5｜主推导：推导第1步：把目标改写为残差平方和。已有模型$f_m-1$的本轮目标为 $ 12 _i[y_i-f_m-1(x_i)-T(x_i; _m)]^2. $ 令残差$r_mi=y_i-f_m-1(x_i)$，问题变成用一棵回归树拟合$(x_i,r_mi)$。这说明“拟合残差”不是额外经验规则，而是平方损失前向分步子问题的代数重写。 推导第2步：分离各叶子问题。固定树划分后，不同叶包含互不相交的样本，第$j$个叶值独立求解 $ _c 12 _x_i R_mj(r_mi-c)^2. $ 推导第3步：求驻点并核对极小性。导数为$- _x_i R_mj(r_mi-c)$，二阶导数为$|R_mj|>0$；令一阶导数为零得到叶内残差均值$c_mj$。若叶为空则二阶导数为0且均值无定义，构树阶段必须禁止或回退该叶。加入收缩率$ <1$后，每轮只沿该树方向走部分步长。 complexitybox 训练时间复杂度。若一次带权基学习训练成本为$C_ A(N,d)$，AdaBoost的$M$轮训练约为$O(M[C_ A(N,d)+N])$。提升树若每棵深度受限树的训练成本为$C_tree(N,d)$，总训练约为$O(MC_tree)$；预排序或直方图会改变该参数化成本。 正确性依据。AdaBoost的权重更新以$Z_m$归一化为概率分布，并沿指数损失的一维精确系数更新；平方损失提升树的叶值是非空叶区域上的唯一均值极小点；一般梯度提升以负梯度构造下降方向，再由叶内一维优化确定步长。任一子问题不能完成时，算法停止并保留最后一个完整模型。 complexitybox keypointbox[title=平方损失回归提升树：执行契约：首次阅读主线] 需要解决的阅读阻塞。单个知识块信息密度较高，需要先给一条阅读路线再进入细节；未在同一入口集中说明输入对象；未在同一入口集中说明输出证书 第一步。先按输入与状态、初始化、一次更新、保持量或目标、停止条件与输出证书读取原文。 阅读路线。先按输入与状态、初始化、一次更新、保持量或目标、停止条件与输出证书读取原文。 1. 先从下方契约中标出输入、输出与可变状态。 2. 核对定义域、维数、有限性、预算与初始化是否合法。 3. 只读一轮更新，区分候选量与已经原子提交的合法状态。 4. 确认保持量、目标变化或残差证书，不把预算上限误写成收敛证明。 5. 最后核对停止、异常退出、实际计数与返回值。 keypointbox 严格细节。下方原定义、公式、定理或算法主体及其标签、编号与技术论证全部保留；首次阅读主线只负责建立入口，不替代严格内容。 keypointbox[title=平方损失回归提升树：首次阅读主线] 需要解决的阅读阻塞。单个知识块信息密度较高，需要先给一条阅读路线再进入细节；未在同一入口集中说明输入对象；未在同一入口集中说明输出证书；未在同一入口集中说明停止条件 第一步。先按输入与状态、初始化、一次更新、保持量或目标、停止条件与输出证书读取原文。 阅读路线。先按输入与状态、初始化、一次更新、保持量或目标、停止条件与输出证书读取原文。 1. 先从下方契约中标出输入、输出与可变状态。 2. 核对定义域、维数、有限性、预算与初始化是否合法。 3. 只读一轮更新，区分候选量与已经原子提交的合法状态。 4. 确认保持量、目标变化或残差证书，不把预算上限误写成收敛证明。 5. 最后核对停止、异常退出、实际计数与返回值。 keypointbox 严格细节。下方原定义、公式、定理或算法主体及其标签、编号与技术论证全部保留；首次阅读主线只负责建立入口，不替代严格内容。 AlgorithmContract input=有限回归训练集、可选验证集、冻结树约束、收缩率、轮数预算、训练容差与早停耐心, output=最后合法加法轨迹、选定$f^*$、完成轮数$m_ done$、树拟合调用数$a_ done$、状态与诊断, preconditions=$T $且响应有限；$0< 1$；树容量/深度、预算、容差和验证规则合法, initialization=$f= y,m_ done=a_ done=0$并计算初始训练/验证损失, loop=每轮计算旧模型残差，拟合一棵有限回归树，计算非空叶均值和候选损失, update=区域、叶值、$f^+$及全部指标有限且划分合法后才原子提交完整轮, domain=响应、残差、叶均值、模型预测和平方损失均为有限实数；叶区域非空且互斥覆盖, failure=非法接口返回$ invalid\_input$；残差、树拟合、叶统计、候选模型或损失失败返回$ numerical\_failure$, stop=训练相对下降满足容差、验证耐心耗尽、轮数预算耗尽或首次失败时停止, budget=至多$M$个完整提升轮；每轮一次树拟合及$N$个残差计算, status=$ numerical\_stop$、$ stagnated$、$ budget\_stop$、$ invalid\_input$、$ numerical\_failure$, iterations=$m_ done$计原子提交轮，$a_ done$计实际树拟合调用；记录最佳验证轮, diagnostics=失败轮/叶与阶段、树规模、训练/验证损失、相对下降、最佳轮和早停计数, complexity=$m_ done$轮约$O(m_ done[C_ tree(N,d)+N])$时间，模型空间随树总规模增长 algorithm[H] 平方损失回归提升树 有限回归训练集$T$，可选验证集$T_ val$，冻结的树结构约束 最后合法轨迹与选定$f^*$、$m_ done,a_ done$、$ status$与最终诊断 $M N_0$；$0< 1$；训练容差$ _J>0$；早停耐心$p N_+$ $f $，$m_ done 0$，$a_ done 0$，诊断为空 若训练集为空、特征/响应非有限，验证接口、树约束、$M, , _J,p$或并列规则不合法，则返回空模型、计数$0$、$ invalid\_input$及字段诊断 计算$ y$及初始训练/验证损失；若非有限则返回空模型、$ numerical\_failure$及初始化阶段诊断；否则提交$f y$并初始化可选验证最佳记录 $m_ done<M$ 令$m m_ done+1$；在临时状态计算全部$r_i y_i-f(x_i)$；若任一残差非有限，则返回最后合法状态与$ numerical\_failure$，诊断为残差阶段$m$ 用$(x_i,r_i)$拟合树并令$a_ done a_ done+1$；若拟合失败、叶数为零、叶为空或区域不互斥覆盖，则返回最后合法状态与$ numerical\_failure$，诊断为树阶段$m$ 对每个叶$j$计算有限$c_j=|R_j|^-1 _x_i R_jr_i$，形成$T_m$、候选$f^+=f+ T_m$及训练/验证损失 若任一叶值、预测或损失非有限，则返回未改动的最后合法状态与$ numerical\_failure$，诊断为叶/模型验收$(m,j)$ 计算训练相对下降$ _m$，原子提交$f f^+$及树、指标轨迹，令$m_ done m$；验证改善时更新最佳记录 有验证集且验证损失连续$p$轮未改善返回最佳验证模型与$ stagnated$，最终诊断记录耐心耗尽、最佳轮和树规模 无验证集且$0 _m _J$返回当前完整模型与$ numerical\_stop$，最终诊断记录训练相对下降与当前梯度代理 返回最佳验证模型或最后完整模型、$m_ done,a_ done, budget\_stop$，最终诊断记录轮数预算耗尽与末轮损失 algorithm AlgorithmContract 验证耐心耗尽统一返回$ stagnated$；训练损失相对变化很小只返回$ numerical\_stop$，并报告残差/梯度代理，不把平台期称作数学收敛。 梯度提升sec:V3-C03-S06 SLM-08-04-004梯度提升 对一般可微损失$L(y,f)$，第$m$轮在各训练点计算负梯度 $ r_mi=- _f=f_m-1(x_i). $ 这些$r_mi$称为伪残差。基学习器拟合$(x_i,r_mi)$，相当于在训练点构成的函数空间中逼近最速下降方向。平方损失$L=(y-f)^2/2$时$r_mi=y_i-f_m-1(x_i)$，退化为通常残差。 首次阅读检查：梯度提升算法。需要解决的阅读阻塞。需把输入、状态、一次更新、停止与输出压缩成首次阅读主线 第一步。先按输入与状态、初始化、一次更新、保持量或目标、停止条件与输出证书读取原文。 核验路线。先按输入与状态、初始化、一次更新、保持量或目标、停止条件与输出证书读取原文。 SLM-08-04-005梯度提升算法 下面的验收门使用预先固定的$0< <1$、回溯上限$L_ $、接受下降量$ _ dec 0$与停止容差$ _J>0$。树深、叶数和最小叶样本数也在训练前冻结。为避免“叶步长只算到一半就提交”，先把候选生成封装为不改主状态的子过程。 首次阅读检查：一般损失梯度提升的候选生成：执行契约。需要解决的阅读阻塞。单个知识块信息密度较高，需要先给一条阅读路线再进入细节；未在同一入口集中说明输出证书 第一步。先按输入与状态、初始化、一次更新、保持量或目标、停止条件与输出证书读取原文。 核验路线。先按输入与状态、初始化、一次更新、保持量或目标、停止条件与输出证书读取原文。 keypointbox[title=一般损失梯度提升的候选生成：首次阅读主线] 需要解决的阅读阻塞。单个知识块信息密度较高，需要先给一条阅读路线再进入细节；未在同一入口集中说明输出证书；未在同一入口集中说明停止条件 第一步。先按输入与状态、初始化、一次更新、保持量或目标、停止条件与输出证书读取原文。 阅读路线。先按输入与状态、初始化、一次更新、保持量或目标、停止条件与输出证书读取原文。 1. 先从下方契约中标出输入、输出与可变状态。 2. 核对定义域、维数、有限性、预算与初始化是否合法。 3. 只读一轮更新，区分候选量与已经原子提交的合法状态。 4. 确认保持量、目标变化或残差证书，不把预算上限误写成收敛证明。 5. 最后核对停止、异常退出、实际计数与返回值。 keypointbox 严格细节。下方原定义、公式、定理或算法主体及其标签、编号与技术论证全部保留；首次阅读主线只负责建立入口，不替代严格内容。 AlgorithmContract input=有限训练集$T$、可微损失$L$、最后合法旧模型$f_ old$、冻结树约束与叶步长求解预算$B_ $, output=完整候选$ C_m$或未改动$f_ old$、样本梯度数$i_ done$、完成叶数$j_ done$、叶目标求值数$q_ done$、状态与诊断, preconditions=$T $；旧预测和损失定义；树约束、导数接口、求解预算及并列规则合法, initialization=$ C_m= ,i_ done=j_ done=q_ done=0$并保持主模型只读, loop=先有限扫描样本构造伪残差，再扫描非空叶并在各自预算内求有限常数步长, update=只写临时候选；全部叶完成并通过划分与有限性核验后一次返回完整候选, domain=$J_ old$、伪残差、叶目标和$ _j$必须有限；叶区域非空且互斥覆盖训练样本, failure=非法接口返回$ invalid\_input$；目标、导数、树拟合、划分或叶解失败返回$ numerical\_failure$, stop=完整候选形成、叶求解预算耗尽或首次失败时停止, budget=固定$N$个样本导数；每个叶至多$B_ $次一维目标求值；树结构受冻结容量/深度限制, status=$ completed$、$ budget\_stop$、$ invalid\_input$、$ numerical\_failure$, iterations=$i_ done$计有限伪残差，$j_ done$计已完成叶，$q_ done$计实际叶目标求值, diagnostics=失败样本或叶及阶段、$J_ old$、树规模、求解括区间/残差和预算余量, complexity=树拟合$C_ tree(N,d)$，另加$O(N+q_ done)$损失/导数求值；候选空间为树规模 algorithm[H] 一般损失梯度提升的候选生成 训练集$T$，损失$L$，最后合法旧模型$f_ old$，冻结树约束 完整候选$ C_m$或$f_ old$、$i_ done,j_ done,q_ done$、$ status$与最终诊断 每叶一维求解预算$B_ N_0$；导数、根/极小值与划分容差 $ C_m $，$i_ done 0$，$j_ done 0$，$q_ done 0$，诊断为空；主状态$f_ old$只读 若训练集为空、输入或旧预测非有限、损失/导数接口、树约束、预算、容差或并列规则不合法，则返回未改动$f_ old$、计数$0$、$ invalid\_input$及字段诊断 计算$J_ old _iL(y_i,f_ old(x_i))$；若非有限则返回未改动$f_ old$、$ numerical\_failure$及旧目标阶段诊断 按$i=1, ,N$计算伪残差$r_i$，每个有限结果令$i_ done i$；若失败则返回未改动$f_ old$与$ numerical\_failure$，诊断为导数位置$i$ 用$(x_i,r_i)$拟合临时树；若拟合失败、叶数为零、存在空叶或划分不互斥覆盖，则返回未改动$f_ old$与$ numerical\_failure$，诊断为候选树阶段 $j 1$ $J_m$ 在至多$B_ $次有限目标求值内求叶步长$ _j$，每次令$q_ done q_ done+1$ 若预算耗尽且无可接受有限步长，则返回$f_ old,i_ done,j_ done,q_ done, budget\_stop$，最终诊断记录失败叶$j$及求解区间 若叶目标、求解残差或$ _j$非有限，则返回未改动$f_ old$与$ numerical\_failure$，诊断为叶求解$j$；否则令$j_ done j$ 形成并核验$ C_m=(J_ old,\R_j, _j\_j=1^J_m)$；返回完整候选、$i_ done,j_ done,q_ done, completed$，最终诊断记录树规模、叶残差和主状态未修改 algorithm AlgorithmContract keypointbox[title=一般损失下的梯度提升树：验收与提交：执行契约：首次阅读主线] 需要解决的阅读阻塞。单个知识块信息密度较高，需要先给一条阅读路线再进入细节；未在同一入口集中说明输入对象；未在同一入口集中说明输出证书 第一步。先按输入与状态、初始化、一次更新、保持量或目标、停止条件与输出证书读取原文。 阅读路线。先按输入与状态、初始化、一次更新、保持量或目标、停止条件与输出证书读取原文。 1. 先从下方契约中标出输入、输出与可变状态。 2. 核对定义域、维数、有限性、预算与初始化是否合法。 3. 只读一轮更新，区分候选量与已经原子提交的合法状态。 4. 确认保持量、目标变化或残差证书，不把预算上限误写成收敛证明。 5. 最后核对停止、异常退出、实际计数与返回值。 keypointbox 严格细节。下方原定义、公式、定理或算法主体及其标签、编号与技术论证全部保留；首次阅读主线只负责建立入口，不替代严格内容。 keypointbox[title=一般损失下的梯度提升树：验收与提交：首次阅读主线] 需要解决的阅读阻塞。单个知识块信息密度较高，需要先给一条阅读路线再进入细节；未在同一入口集中说明输入对象；未在同一入口集中说明输出证书；未在同一入口集中说明停止条件 第一步。先按输入与状态、初始化、一次更新、保持量或目标、停止条件与输出证书读取原文。 阅读路线。先按输入与状态、初始化、一次更新、保持量或目标、停止条件与输出证书读取原文。 1. 先从下方契约中标出输入、输出与可变状态。 2. 核对定义域、维数、有限性、预算与初始化是否合法。 3. 只读一轮更新，区分候选量与已经原子提交的合法状态。 4. 确认保持量、目标变化或残差证书，不把预算上限误写成收敛证明。 5. 最后核对停止、异常退出、实际计数与返回值。 keypointbox 严格细节。下方原定义、公式、定理或算法主体及其标签、编号与技术论证全部保留；首次阅读主线只负责建立入口，不替代严格内容。 AlgorithmContract input=训练集、可选验证集、损失、候选生成器及冻结的轮数、收缩、回缩、下降和早停参数, output=最后合法轨迹与选定$f^*$、提交轮数$m_ done$、回溯试算数$ _ done$、状态与诊断, preconditions=数据和损失接口合法；$M,L_ ,p$及$0< 1$、$0< <1$、$ _ dec 0$、容差合法, initialization=求有限常数模型$f_0$，置$m_ done= _ done=0$并初始化可选验证记录, loop=每轮只读调用候选生成器，再在有限回溯中验收候选方向并检查停止规则, update=$f^+,J^+$、训练/验证指标有限且满足下降门禁后才原子提交一轮, domain=损失、伪梯度、叶步长、模型预测和目标为有限实数；候选区域合法, failure=非法接口返回$ invalid\_input$；候选/目标失败返回$ numerical\_failure$；候选或外层预算返回$ budget\_stop$；回溯耗尽返回$ line\_search\_failed$, stop=训练目标证书、验证耐心耗尽、候选/外层预算耗尽或首次失败时停止, budget=至多$M$个完整提交轮；每轮至多$L_ +1$次外层目标试算，并继承候选生成器预算, status=$ numerical\_stop$、$ stagnated$、$ budget\_stop$、$ invalid\_input$、$ numerical\_failure$、$ line\_search\_failed$, iterations=$m_ done$计完整提交轮，$ _ done$计实际外层回溯试算；候选内部计数写入逐轮日志, diagnostics=候选传播状态与失败叶、失败$(m, )$、三重目标值、实际步长、梯度量、验证最佳轮和预算余量, complexity=总成本为各轮候选生成成本加$O( _ doneN)$目标求值；模型空间为累计树规模 algorithm[H] 一般损失下的梯度提升树：验收与提交 $T$，可选$T_ val$，损失$L$，算法alg:V3-C03-gradient-candidate候选生成器 最后合法轨迹与选定$f^*$、$m_ done, _ done$、$ status$与最终诊断 $M N_0$；$0< 1$；$0< <1$；$L_ N_0$；$ _ dec 0$；$ _J>0$；$p N_+$ $m_ done 0$，$ _ done 0$，诊断为空 若数据、验证接口、损失/候选接口、预算、收缩、回缩、下降、容差或早停规则不合法，则返回未提交模型、计数$0$、$ invalid\_input$及字段诊断 在临时状态求$f_0 _c _iL(y_i,c)$ 若$f_0$、初始目标或验证损失非有限，则返回最后合法常数模型与$ numerical\_failure$及初始化阶段诊断；否则提交$f f_0$并初始化最佳记录 $m_ done<M$ 令$m m_ done+1$，保持$f_ old f$只读并调用候选生成器 若候选返回$ invalid\_input$、$ numerical\_failure$或$ budget\_stop$，则返回最后合法$f_ old,m_ done, _ done$及同一规范状态，诊断附加候选阶段、叶和内部计数 $ _ trial $，$accepted $ $ 0$ $L_ $ 在临时状态构造$f^+$并计算$J^+$，令$ _ done _ done+1$ 若$f^+,J^+$有限且$J^+ J_ old- _ dec$，则置$accepted $并终止回溯；否则保持$f=f_ old$并令$ _ trial _ trial$ $ $返回最后合法$f_ old,m_ done, _ done, line\_search\_failed$，诊断记录失败轮、全部试算目标和末次步长 计算候选训练/验证指标与$ _m=(J_ old-J^+)/(1+|J_ old|)$；若任一指标或$ _m$非有限，则返回未改动的最后合法状态与$ numerical\_failure$，诊断为外层验收$m$ 原子提交$f f^+$、目标、树、步长与指标轨迹，令$m_ done m$；验证改善时更新最佳记录 验证耐心耗尽返回最佳验证模型与$ stagnated$，最终诊断记录最佳轮、末轮指标和实际步长 $0 _m _J$返回当前完整模型与$ numerical\_stop$，最终诊断记录训练目标相对下降和梯度代理 返回最佳验证模型或最后完整模型、$m_ done, _ done, budget\_stop$，最终诊断记录外层预算耗尽及末轮目标 algorithm AlgorithmContract 回缩率严格满足$0< <1$，故连续拒绝时$ _ trial$严格减小；验证平台与训练数值平台分别返回$ stagnated$和$ numerical\_stop$，外层轮数实际耗尽才返回$ budget\_stop$。 更新与收敛。负梯度只在训练点上给出数值，回归树承担“把离散梯度推广为输入函数”的投影任务，因此基学习器拟合误差会使方向偏离精确最速下降。若损失下有界、梯度具适当光滑性、每轮树方向与负梯度保持正相关，并用足够小的学习率或线搜索保证损失下降，则训练目标形成单调有下界的序列。该结论只保证目标值趋于极限；非凸树结构搜索和近似方向不保证到达全局最优模型。 首次阅读检查：AdaBoost的计算例题。需要解决的阅读阻塞。对象、条件或最小例没有在首次阅读入口中同时出现 第一步。先判定核心对象属于什么类型，再从原文标出条件、结论和最小辨识问题。 核验路线。先判定核心对象属于什么类型，再从原文标出条件、结论和最小辨识问题。
步骤6｜结果核验：将最终结果代回题面条件，检查数值、符号、边界和所求对象是否全部回答。
步骤7｜边界：逐项说明若去掉某个条件，哪一步将失效。",UNREVIEWED_CURRENT_SOURCE,统计学习方法讲义_v2.6.0_全量索引库.xlsx
M05-DER-20-D01,DERIVATION,核心推导索引,34,20-D01,src/讲义源码/第03册_优化模型与序列模型/chapters/V3-C04.tex,199,404,低,结构基本完整,"步骤1｜目标：通过当前后验构造与边缘对数似然相切的 Jensen 下界。
步骤2｜对象：边缘似然 $ ( )= _zp(y,z )$ 与当前后验 $q_t(z)$。
步骤3｜合法条件：只在 $q_t(z)>0$ 的支持上计算比值；候选参数不得在该支持上把联合概率置零。
步骤4｜第一动作：先在求和中乘除 $q_t(z)$，把对数写成 $ _zq_t(z) p(y,z )/q_t(z)$。
步骤5｜主推导：推导第1步：插入当前后验。 $ ( ) _z S_tq_t(z) P(Y,z )q_t(z). $ 推导第2步：应用Jensen不等式。 $ ( ) _z S_tq_t(z) P(Y,z )q_t(z) =Q( , ^(t))+H(q_t) B( , ^(t)). $ 推导第3步：验证相切并极大化。当$ = ^(t)$时， $P(Y,z ^(t))/q_t(z)=P(Y ^(t))$与$z$无关，Jensen取等号。因此 $ ( ^(t))=B( ^(t), ^(t)), _ B( , ^(t)) = _ Q( , ^(t)), $ 因为熵$H(q_t)$对待优化的$ $是常数。
步骤6｜结果核验：将最终结果代回题面条件，检查数值、符号、边界和所求对象是否全部回答。
步骤7｜边界：逐项说明若去掉某个条件，哪一步将失效。",UNREVIEWED_CURRENT_SOURCE,统计学习方法讲义_v2.6.0_全量索引库.xlsx
M05-DER-20-D02,DERIVATION,核心推导索引,35,20-D02,src/讲义源码/第03册_优化模型与序列模型/chapters/V3-C04.tex,475,411,中,推导段过长，需拆成局部目标,"步骤1｜目标：把后验责任度转成各成分的期望充分统计量。
步骤2｜对象：样本 $y_j$、独热隐变量 $z_jk$、责任度 $ _jk$ 及参数 $( _k, _k, _k^2)$。
步骤3｜合法条件：旧参数合法、混合密度为正；M 步在 $ _k^2 _ ^2>0$ 的受约束空间内进行。
步骤4｜第一动作：先用 Bayes 公式计算 $ _jk=P(z_jk=1 y_j, ^(t))$。
步骤5｜主推导：为样本$y_j$引入独热隐变量$z_jk \0,1\$，且$ _kz_jk=1$。完全数据对数似然为 $ P(Y,Z )= _j=1^N _k=1^Kz_jk . $ 首次阅读检查：高斯混合模型参数估计的EM算法。需要解决的阅读阻塞。需把输入、状态、一次更新、停止与输出压缩成首次阅读主线 第一步。先按输入与状态、初始化、一次更新、保持量或目标、停止条件与输出证书读取原文。 核验路线。先按输入与状态、初始化、一次更新、保持量或目标、停止条件与输出证书读取原文。 SLM-09-03-003高斯混合模型参数估计的EM算法 推导第1步：条件化独热变量。E步计算责任度 $ _jk=P(z_jk=1 y_j, ^(t)) = _k^(t) (y_j _k^(t),( _k^2)^(t)) _r=1^K _r^(t) (y_j _r^(t),( _r^2)^(t)). $ 推导第2步：更新混合权重。记$n_k= _j _jk$。对$ _j,k _jk _k$加入乘子$ ( _k _k-1)$，驻点给出$ _k=-n_k/ $；求和并用$ _kn_k=N$得到$ =-N$，故$ _k=n_k/N$。 推导第3步：更新均值和受约束方差。固定$ _k^2$对$ _k$求导，得到$ _j _jk(y_j- _k)=0$。令新均值下的加权平方残差为$S_k= _j _jk(y_j- _k^(t+1))^2$，方差块目标为 $ Q_k(s)=- n_k2 s- S_k2s+const, s _ ^2. $ 其导数为$(S_k-n_ks)/(2s^2)$，故无约束极大点是$S_k/n_k$，受约束极大点是二者与边界的较大者。所以M步为 $ _k^(t+1)= n_kN, _k^(t+1)= _j _jky_jn_k, $ $ ( _k^2)^(t+1)= \ _ ^2, _j _jk(y_j- _k^(t+1))^2n_k \. $ 方差更新必须使用新均值，因为它是当前加权平方误差的唯一极小点；$ $来自$ _ $内的精确M步，因而保持同一受约束模型的EM单调性。若在无约束MLE后另行裁剪，则不能援引这条证明。若$n_k=0$，三个更新均无定义，必须按预登记空成分规则处理。 首次阅读检查：高斯混合模型参数估计的EM算法。需要解决的阅读阻塞。需把输入、状态、一次更新、停止与输出压缩成首次阅读主线 第一步。先按输入与状态、初始化、一次更新、保持量或目标、停止条件与输出证书读取原文。 核验路线。先按输入与状态、初始化、一次更新、保持量或目标、停止条件与输出证书读取原文。 SLM-09-02-004高斯混合模型参数估计的EM算法 首次阅读检查：受约束高斯混合模型的多启动EM：执行契约。需要解决的阅读阻塞。单个知识块信息密度较高，需要先给一条阅读路线再进入细节；未在同一入口集中说明输出证书 第一步。先按输入与状态、初始化、一次更新、保持量或目标、停止条件与输出证书读取原文。 核验路线。先按输入与状态、初始化、一次更新、保持量或目标、停止条件与输出证书读取原文。 keypointbox[title=受约束高斯混合模型的多启动EM：首次阅读主线] 需要解决的阅读阻塞。单个知识块信息密度较高，需要先给一条阅读路线再进入细节；未在同一入口集中说明输入对象；未在同一入口集中说明输出证书；未在同一入口集中说明停止条件 第一步。先按输入与状态、初始化、一次更新、保持量或目标、停止条件与输出证书读取原文。 阅读路线。先按输入与状态、初始化、一次更新、保持量或目标、停止条件与输出证书读取原文。 1. 先从下方契约中标出输入、输出与可变状态。 2. 核对定义域、维数、有限性、预算与初始化是否合法。 3. 只读一轮更新，区分候选量与已经原子提交的合法状态。 4. 确认保持量、目标变化或残差证书，不把预算上限误写成收敛证明。 5. 最后核对停止、异常退出、实际计数与返回值。 keypointbox 严格细节。下方原定义、公式、定理或算法主体及其标签、编号与技术论证全部保留；首次阅读主线只负责建立入口，不替代严格内容。 AlgorithmContract input=有限训练样本、成分数$K$、启动数$R$、冻结种子表、方差下界、双容差、数值容差、每启动轮预算与空成分规则, output=最后合法的各启动状态/轨迹、同口径选中参数或未定义标志、实际启动/提交轮/责任度行计数、规范状态与最终诊断, preconditions=$N,K,R 1$，$ _ ^2>0$，容差与$T_ N_0$合法，种子和空成分规则在训练前冻结, initialization=清空启动记录并置$r_ done=t_ done=e_ done=0$；每启动只由训练集和对应种子形成严格合法初值, loop=按启动编号执行至多$T_ $个EM轮；每轮以旧参数形成完整责任度和受约束M步候选, update=责任度、参数、似然、归一化与单调门禁全部通过后才原子提交该启动整轮，并增加实际计数, domain=混合权重位于单纯形、方差不低于下界、责任度每行归一，所有已提交参数和似然有限, failure=全局输入非法返回$ invalid\_input$；种子或重初始化随机源失败记录$ random\_source\_failure$；E/M步、归一化或似然门禁失败记录$ numerical\_failure$并保留该启动上一合法状态, stop=每启动满足似然/责任度双证书、轮预算耗尽或首次启动内失败；全部启动完成后按冻结口径选择, budget=至多$R$个启动和$RT_ $个原子EM轮；每轮至多处理$N$行、$K$个成分, status=$ numerical\_stop$、$ budget\_stop$、$ invalid\_input$、$ numerical\_failure$、$ random\_source\_failure$, iterations=$r_ done$计实际完成启动记录数，$t_ done$累计原子提交轮，$e_ done$累计有限责任度行, diagnostics=每启动初值来源、似然轨迹、双停止量、空成分动作、失败$(r,t,j,k)$与阶段、标签匹配和选择分母$R$, complexity=最坏$O(RT_ NK)$标量密度/责任度工作，保存全部轨迹的空间按$R,T_ ,N,K$实际配置累计 algorithm[H] textnormal 受约束高斯混合模型的多启动EM 训练样本$y_1, ,y_N$；成分数$K$；启动数$R$；预先固定的种子表$(s_1, ,s_R)$ 各启动最后合法状态与选中$ $；$r_ done,t_ done,e_ done$；$ status$与诊断 $ _ ^2$、似然/责任度双容差、数值容差$ _ num$、轮预算$T_ $与冻结空成分规则 若数据、维数、下界、容差、预算、种子表或空成分规则非法，返回空记录、计数$0$、$ invalid\_input$及字段诊断 清空启动记录并置$r_ done=t_ done=e_ done=0$ $r 1$ $R$ 仅由训练数据和$s_r$生成初值；若随机源调用失败，原子记录该启动$ random\_source\_failure$及位置，增加$r_ done$并进入下一启动 核验$ _r^(0) _ $并计算$ _r^(0)$；若失败，原子记录$ numerical\_failure$及初始化诊断，增加$r_ done$并进入下一启动 置该启动最后合法$( _r, _r) ( _r^(0), _r^(0))$且启动状态为$ budget\_stop$ 本启动轮$t 0$ $T_ -1$ 以$ _r$在临时表稳定形成全部$ ^+_jk$；每个有限归一行增加$e_ done$ 若E步任一行失败，则记录$ numerical\_failure$与$(r,t,j)$，保留上一合法状态并退出当前启动 形成临时$n_k^+$；若触发空成分，则只执行预登记修复，随机源失败记$ random\_source\_failure$，无合法修复记$ numerical\_failure$，并退出当前启动 在同一$ _ $内形成精确M步候选$ _r^+$及$ _r^+$ 若候选非有限、不归一或$ _r^+< _r- _ num$，记录$ numerical\_failure$并退出当前启动 计算$ _ $；原子提交$( _r, _r) ( _r^+, _r^+)$并增加$t_ done$ 若似然与责任度双阈值满足，设置启动状态$ numerical\_stop$并记录责任度/参数变化，然后退出当前启动 原子保存该启动的最后合法参数、实际轮数、状态与诊断，并增加$r_ done$ 在状态为$ numerical\_stop$或$ budget\_stop$的合法启动中按冻结口径选择；测试集不得参与 若没有合法启动，则按全部失败类型返回$ random\_source\_failure$或$ numerical\_failure$及全失败诊断 返回选中启动、其规范状态、全部记录、实际计数及选择分母$R$最终诊断 algorithm AlgorithmContract 多启动中的似然/责任度平台统一记为$ numerical\_stop$；标签置换匹配只让诊断可比，不构成最优性证书。选择只在合法启动间进行并保留各自原始状态。 停止量与标签置换。观测似然和责任度变化不依赖成分标签的命名，故作为主停止量。若还报告参数差，必须先在$K!$个置换（或等价的指派算法）中匹配新旧成分，再计算 $ _ = _ S_K \| _ new- ( _ old)\|1+\| _ old\|. $ 未经成分匹配的参数差只能作诊断，不能单独决定停止；单纯达到轮数上限也不是收敛证书。 6
步骤6｜结果核验：检查所有概率或权重非负，且在规定维度上求和为1；若有条件概率，再确认分母严格为正。
步骤7｜边界：逐项说明若去掉某个条件，哪一步将失效。",UNREVIEWED_CURRENT_SOURCE,统计学习方法讲义_v2.6.0_全量索引库.xlsx
M05-DER-21-D01,DERIVATION,核心推导索引,36,21-D01,src/讲义源码/第03册_优化模型与序列模型/chapters/V3-C05.tex,395,441,低,结构基本完整,"步骤1｜目标：用全概率公式和条件独立性把长度 $t+1$ 的前缀概率拆开。
步骤2｜对象：前向概率 $ _t(j)$、转移概率 $a_ji$ 与发射概率 $b_i(o_t+1)$。
步骤3｜合法条件：时刻 $t$ 的状态构成互斥完备事件；模型满足一阶马尔可夫性和条件观测独立性。
步骤4｜第一动作：先固定终点状态 $i$，并对上一时刻状态 $j$ 应用全概率公式。
步骤5｜主推导：推导第1步：按前一状态分解。 $ _t+1(i)= _jP(o_1:t+1,i_t=q_j,i_t+1=q_i ). $ 推导第2步：使用条件独立结构。 $ P(o_1:t,i_t=q_j )P(i_t+1=q_i i_t=q_j) P(o_t+1 i_t+1=q_i) = _t(j)a_jib_i(o_t+1). $ 推导第3步：求和并终止。对$j$求和得到递推式；在$t=T$对终点状态$i$求和，得到$P(O )$。 首次阅读检查：前向--后向分解。需要解决的阅读阻塞。定理陈述中的对象与条件入口不够醒目 第一步。先把条件与结论分开写清，再判断条件是必要、充分还是仅供证明使用，最后沿原文验证结论。 核验路线。先把条件与结论分开写清，再判断条件是必要、充分还是仅供证明使用，最后沿原文验证结论。
步骤6｜结果核验：检查所有概率或权重非负，且在规定维度上求和为1；若有条件概率，再确认分母严格为正。
步骤7｜边界：逐项说明若去掉某个条件，哪一步将失效。",UNREVIEWED_CURRENT_SOURCE,统计学习方法讲义_v2.6.0_全量索引库.xlsx
M05-DER-21-D02,DERIVATION,核心推导索引,37,21-D02,src/讲义源码/第03册_优化模型与序列模型/chapters/V3-C05.tex,696,447,中,推导段过长，需拆成局部目标,"步骤1｜目标：把状态后验与转移后验解释为期望计数，并按概率单纯形归一化。
步骤2｜对象：$ _t(i)$、$ _t(i,j)$ 与 HMM 的初始、转移、发射参数。
步骤3｜合法条件：前向--后向量使用同一缩放约定；相关期望总计数为正，零分母由预登记规则处理。
步骤4｜第一动作：先把 EM 的 $Q$ 函数按初始分布、转移矩阵和发射矩阵三组参数分块。
步骤5｜主推导：未标注时，E步用前向--后向计算$ _t(i)$和$ _t(i,j)$；M步极大化期望完全数据对数似然 $ Q( , ^(r))= _i _1(i) _i + _t=1^T-1 _i,j _t(i,j) a_ij + _t=1^T _i _t(i) b_i(o_t). $ 首次阅读检查：Baum--Welch模型参数估计公式。需要解决的阅读阻塞。需把输入、状态、一次更新、停止与输出压缩成首次阅读主线 第一步。先按输入与状态、初始化、一次更新、保持量或目标、停止条件与输出证书读取原文。 核验路线。先按输入与状态、初始化、一次更新、保持量或目标、停止条件与输出证书读取原文。 SLM-10-03-006Baum--Welch模型参数估计公式 推导第1步：初始分布。初始项为$ _i _1(i) _i$；在$ _i _i=1$下用Lagrange乘子求驻点，得到 $ _i^new= _1(i), $ 推导第2步：转移行。固定$i$，转移项是$ _j[ _t=1^T-1 _t(i,j)] a_ij$；在$ _ja_ij=1$下归一化期望转移计数，得到 $ a_ij^new= _t=1^T-1 _t(i,j) _t=1^T-1 _t(i), $ 其中分母等于从状态$i$出发的期望转移总数。 推导第3步：发射行。固定状态$j$，按观测符号$v_k$汇总期望占用次数，并在$ _kb_j(k)=1$下归一化，得到 $ b_j^new(k)= _t=1^T 1\o_t=v_k\ _t(j) _t=1^T _t(j). $ 每个子问题的Hessian在单纯形切空间上为负定或半负定，因此该归一化驻点达到对应$Q$块的最大值。多序列情形在分子、分母中再对序列求和，且$ _i$取各序列首状态后验的平均。 上式是无平滑的ML--EM：目标是观测对数似然$ ( )$，零期望计数行没有ML更新，必须返回失败、保留结构上固定的旧行或重启，但不能临时加伪计数后仍声称在执行同一个ML M步。 若预先选择Dirichlet先验下的MAP--EM，令允许的初始、转移与发射坐标分别具有参数$ _i, _ij, _jk>1$，则M步极大化的是 $ Q_ MAP( , ^(r)) =Q_ ML( , ^(r)) + _i( _i-1) _i + _i,j( _ij-1) a_ij + _j,k( _jk-1) b_j(k). $ 相应更新把各期望计数分别加上$ _i-1, _ij-1, _jk-1$后逐行归一化。此时单调不减的目标是$ ( )+ p( )$，不是无先验的观测似然；先验、允许支撑与目标必须在训练前固定。 首次阅读检查：复杂度分析：Baum Welch学习算法。需要解决的阅读阻塞。边界说明缺少具体失败现象 第一步。先写触发条件，再依次识别失败现象、可观察诊断与修正动作 核验路线。先写触发条件，再依次识别失败现象、可观察诊断与修正动作；反例只破坏一个关键条件。 complexitybox 训练时间复杂度。直接枚举长度$T$路径为$O(TN^T)$。对$R$条平均长度$T$的序列，Baum--Welch每轮为$O(RTN^2)$；若外层迭代数为$M$，总训练为$O(MRTN^2)$。稀疏转移图有$E$条允许边时，相应主项可降为$O(MRTE)$。 complexitybox 首次阅读检查：Baum--Welch算法。需要解决的阅读阻塞。需把输入、状态、一次更新、停止与输出压缩成首次阅读主线 第一步。先按输入与状态、初始化、一次更新、保持量或目标、停止条件与输出证书读取原文。 核验路线。先按输入与状态、初始化、一次更新、保持量或目标、停止条件与输出证书读取原文。 SLM-10-04-001Baum--Welch算法 keypointbox[title=区分ML与MAP目标的Baum--Welch学习：执行契约：首次阅读主线] 需要解决的阅读阻塞。单个知识块信息密度较高，需要先给一条阅读路线再进入细节；未在同一入口集中说明输入对象；未在同一入口集中说明输出证书 第一步。先按输入与状态、初始化、一次更新、保持量或目标、停止条件与输出证书读取原文。 阅读路线。先按输入与状态、初始化、一次更新、保持量或目标、停止条件与输出证书读取原文。 1. 先从下方契约中标出输入、输出与可变状态。 2. 核对定义域、维数、有限性、预算与初始化是否合法。 3. 只读一轮更新，区分候选量与已经原子提交的合法状态。 4. 确认保持量、目标变化或残差证书，不把预算上限误写成收敛证明。 5. 最后核对停止、异常退出、实际计数与返回值。 keypointbox 严格细节。下方原定义、公式、定理或算法主体及其标签、编号与技术论证全部保留；首次阅读主线只负责建立入口，不替代严格内容。 keypointbox[title=区分ML与MAP目标的Baum--Welch学习：首次阅读主线] 需要解决的阅读阻塞。单个知识块信息密度较高，需要先给一条阅读路线再进入细节；未在同一入口集中说明输入对象；未在同一入口集中说明输出证书；未在同一入口集中说明停止条件 第一步。先按输入与状态、初始化、一次更新、保持量或目标、停止条件与输出证书读取原文。 阅读路线。先按输入与状态、初始化、一次更新、保持量或目标、停止条件与输出证书读取原文。 1. 先从下方契约中标出输入、输出与可变状态。 2. 核对定义域、维数、有限性、预算与初始化是否合法。 3. 只读一轮更新，区分候选量与已经原子提交的合法状态。 4. 确认保持量、目标变化或残差证书，不把预算上限误写成收敛证明。 5. 最后核对停止、异常退出、实际计数与返回值。 keypointbox 严格细节。下方原定义、公式、定理或算法主体及其标签、编号与技术论证全部保留；首次阅读主线只负责建立入口，不替代严格内容。 AlgorithmContract input=非空观测序列集合、状态数/允许拓扑、目标$u \ML,MAP\$、合法初值及可选Dirichlet先验, output=最后合法HMM参数$ $、目标轨迹、完成轮数$r_ done$、序列E步数$s_ done$、状态与诊断, preconditions=序列符号合法；初值在固定拓扑内概率归一化且目标有限；MAP先验、容差、预算和并列规则合法, initialization=$ = ^(0),r_ done=s_ done=0$并按ML或MAP口径计算$L$, loop=每轮只用旧参数对全部序列累计后验计数，再形成ML或MAP候选并计算同口径目标, update=全部序列E步、M步行归一化、拓扑和单调目标门禁通过后才原子提交参数, domain=$A,B, $位于固定支撑的概率单纯形；后验与期望计数非负有限；选定目标有限, failure=非法数据、目标、初值或先验返回$ invalid\_input$；零序列概率、后验/M步归一化、零允许行或目标门禁失败返回$ numerical\_failure$, stop=目标相对增量满足容差、轮数预算耗尽或首次失败时停止, budget=至多$R_ $个完整Baum--Welch轮；每轮恰好扫描全部$S$条序列, status=$ numerical\_stop$、$ budget\_stop$、$ invalid\_input$、$ numerical\_failure$, iterations=$r_ done$计原子提交轮，$s_ done$计实际完成的单序列前向--后向E步, diagnostics=失败$(r,s)$或参数行与E/M/目标阶段、零计数、目标增量、后验变化、ML/MAP口径和预算余量, complexity=$S$条平均长$T$序列、$N$状态共$O(r_ doneSTN^2)$时间；后验可流式累计 algorithm[H] textnormal 区分ML与MAP目标的Baum--Welch学习 观测序列$\O_s\_s=1^S$；状态数与允许拓扑；$u \ML,MAP\$；初值$ ^(0)$ 最后合法$ $、目标轨迹、$r_ done,s_ done$、$ status$与最终诊断 $R_ N_0$；$ _L>0$；$ _ num 0$；MAP时固定Dirichlet参数；固定并列规则 $ ^(0)$，$r_ done 0$，$s_ done 0$，目标轨迹与诊断为空 若$S<1$、序列为空或含字典外符号、状态/拓扑/初值非法、$u$非法、MAP先验不合法，或预算、容差、并列规则不合法，则返回当前初值、计数$0$、$ invalid\_input$及字段诊断 按$u$计算$L ( )$或$ ( )+ p( )$；若非有限则返回最后合法初值、$ numerical\_failure$及初始化目标诊断 $r_ done<R_ $ 保存$ _ old ,L_ old L$，清零临时期望计数 $s 1$ $S$ 只用$ _ old$执行同域前向--后向；若序列概率为零、后验归一化失败或结果非有限，则返回最后合法$ _ old,L_ old,r_ done,s_ done, numerical\_failure$，诊断为E步$(r_ done,s)$ 把有限$ _1, _t _t$和发射占用加入临时累计量，令$s_ done s_ done+1$ 若$u=ML$，按原始期望计数形成$ ^+$；任一允许行分母为零时返回最后合法状态与$ numerical\_failure$，诊断为ML M步零计数行 若$u=MAP$，仅加预登记Dirichlet减一形成$ ^+$；候选计数为负、分母非正或先验支撑不一致时返回最后合法状态与$ numerical\_failure$，诊断为MAP M步参数行 保持禁止转移为零并核验$ ^+$各行有限、非负、归一化；失败则返回未改动的最后合法状态与$ numerical\_failure$，诊断为候选参数核验 按同一$u$计算$L^+$；若非有限或$L^+<L_ old- _ num$，则返回未改动的最后合法状态与$ numerical\_failure$，诊断为目标门禁及新旧值 原子提交$ ^+,L L^+$及轨迹，令$r_ done r_ done+1$；记录后验变化与目标增量 $|L-L_ old| _L(1+|L_ old|)$返回最后合法$ ,L,r_ done,s_ done, numerical\_stop$，最终诊断记录目标平台、ML/MAP口径、后验变化及可用固定点残差 返回最后合法$ ,L,r_ done,s_ done, budget\_stop$，最终诊断记录轮数预算耗尽与末轮目标增量 algorithm AlgorithmContract Baum--Welch的似然小变化只返回$ numerical\_stop$；固定点/KKT残差未核验时不得写作$ converged$，实际耗尽$R_ $才返回$ budget\_stop$。
步骤6｜结果核验：检查所有概率或权重非负，且在规定维度上求和为1；若有条件概率，再确认分母严格为正。
步骤7｜边界：逐项说明若去掉某个条件，哪一步将失效。",UNREVIEWED_CURRENT_SOURCE,统计学习方法讲义_v2.6.0_全量索引库.xlsx
M05-DER-22-D01,DERIVATION,核心推导索引,38,22-D01,src/讲义源码/第03册_优化模型与序列模型/chapters/V3-C06.tex,371,471,中,推导段过长，需拆成局部目标,"步骤1｜目标：在一条边处拼接前缀、局部因子与后缀，并除以配分函数。
步骤2｜对象：前向量 $ _i-1(a)$、边因子 $M_i(a,b x)$、后向量 $ _i(b)$ 与 $Z_w(x)$。
步骤3｜合法条件：标签集有限、不可行转移因子为 $0$、$Z_w(x)>0$；前后向量使用一致的数值缩放。
步骤4｜第一动作：先按固定相邻标签 $(a,b)$ 把整条序列权重分成“前缀 × 当前边 × 后缀”。
步骤5｜主推导：推导第1步：拆分路径。固定位置$i$的相邻标签为$(a,b)$。所有满足该约束的路径权重分成三段：到$a$的前缀总权重$ _i-1(a)$、局部因子$M_i(a,b x)$和从$b$出发的后缀总权重$ _i(b)$。 推导第2步：规范化。三段相乘并除以全部路径权重和，得到 $ P(Y_i-1=a,Y_i=b x) = _i-1(a)M_i(a,b x) _i(b)Z_w(x). $ 对$a$求和可得$P(Y_i=b x)= _i(b) _i(b)/Z_w(x)$。 推导第3步：交换有限求和。因为$F_k(y,x)= _if_k(y_i-1,y_i,x,i)$且所有集合有限， $ E_w[F_k x] = _i=1^n+1 _a,b f_k(a,b,x,i) P(Y_i-1=a,Y_i=b x). $ 这把对$m^n$条序列的求和化为$n+1$组$m^2$个局部边缘。 首次阅读检查：概率计算。需要解决的阅读阻塞。对象、条件或最小例没有在首次阅读入口中同时出现 第一步。先核对等式两侧的对象类型、维数与定义域，再执行代入或变形，并在边界点重新检查合法性。 核验路线。先核对等式两侧的对象类型、维数与定义域，再执行代入或变形，并在边界点重新检查合法性。 SLM-11-03-004概率计算 单点边缘用于逐位置置信度，相邻点边缘用于转移统计。为避免长序列下溢，可以在每一步缩放$ _i, _i$并累计对数缩放因子，或在对数域使用log-sum-exp；前后向必须采用相容的缩放约定。 首次阅读检查：期望值的计算。需要解决的阅读阻塞。对象、条件或最小例没有在首次阅读入口中同时出现 第一步。先核对等式两侧的对象类型、维数与定义域，再执行代入或变形，并在边界点重新检查合法性。 核验路线。先核对等式两侧的对象类型、维数与定义域，再执行代入或变形，并在边界点重新检查合法性。 SLM-11-03-005期望值的计算 对训练集经验分布，经验特征期望由真实标记直接计数；模型特征期望需要对每个输入$x_j$做前向--后向。二者之差构成条件对数似然的梯度，是训练算法的核心信号。 首次阅读检查：条件随机场的学习算法。需要解决的阅读阻塞。需把输入、状态、一次更新、停止与输出压缩成首次阅读主线 第一步。先按输入与状态、初始化、一次更新、保持量或目标、停止条件与输出证书读取原文。 核验路线。先按输入与状态、初始化、一次更新、保持量或目标、停止条件与输出证书读取原文。 改进迭代尺度与拟牛顿学习sec:V3-C06-S04 SLM-11-04-002条件随机场的学习算法 学习策略。对训练集$\(x_j,y_j)\_j=1^N$，带$L_2$正则的负条件对数似然为 $ J(w)= _j=1^N + 2\|w\|_2^2. $ 它只比较同一$x_j$下的标签序列，不建模$P(X)$。
步骤6｜结果核验：检查所有概率或权重非负，且在规定维度上求和为1；若有条件概率，再确认分母严格为正。
步骤7｜边界：逐项说明若去掉某个条件，哪一步将失效。",UNREVIEWED_CURRENT_SOURCE,统计学习方法讲义_v2.6.0_全量索引库.xlsx
M05-DER-22-D02,DERIVATION,核心推导索引,39,22-D02,src/讲义源码/第03册_优化模型与序列模型/chapters/V3-C06.tex,433,472,中,推导段过长，需拆成局部目标,"步骤1｜目标：把经验特征计数、模型特征期望和凸性放在同一公式中。
步骤2｜对象：参数 $w ℝ^K$、全局特征 $F(y,x)$、配分函数 $Z_w(x)$ 与正则强度 $ $。
步骤3｜合法条件：每个输入的可行标签序列有限，$Z_w(x)>0$，且 $ 0$。
步骤4｜第一动作：先把单样本负对数似然写为 $ Z_w(x)-w^ TF(y,x)$，再逐项求导。
步骤5｜主推导：推导第1步：求配分函数的导数。由$Z_w(x)= _y e^w^TF(y,x)$， $ Z_w(x) w_k = _yF_k(y,x)e^w^TF(y,x)Z_w(x) = E_w(F_k x). $ 推导第2步：组合各项。对第$k$个参数求导， $ J w_k = _j + w_k. $ 推导第3步：再求一次导数。指数族期望对参数的导数是条件协方差，故 $ ^2J(w)= _jCov_w(F x_j)+ I$。协方差矩阵半正定，所以Hessian半正定；$ >0$时提供严格正曲率。最优点使正则化后的模型期望与经验统计平衡。 首次阅读检查：改进的迭代尺度法。需要解决的阅读阻塞。需把输入、状态、一次更新、停止与输出压缩成首次阅读主线 第一步。先按输入与状态、初始化、一次更新、保持量或目标、停止条件与输出证书读取原文。 核验路线。先按输入与状态、初始化、一次更新、保持量或目标、停止条件与输出证书读取原文。 首次阅读检查：条件随机场模型学习的改进的迭代尺度法。需要解决的阅读阻塞。需把输入、状态、一次更新、停止与输出压缩成首次阅读主线 第一步。先按输入与状态、初始化、一次更新、保持量或目标、停止条件与输出证书读取原文。 核验路线。先按输入与状态、初始化、一次更新、保持量或目标、停止条件与输出证书读取原文。 SLM-11-04-003改进的迭代尺度法 SLM-11-01-006条件随机场模型学习的改进的迭代尺度法 IIS逐坐标寻找增量$ _k$，使更新后的模型期望向经验期望靠近。只有在无正则$ =0$、全部尺度特征非负，且每条候选路径的总特征量$F^\#(y,x)= _rF_r(y,x)$恒等于同一常数$S>0$时，尺度方程才化为闭式更新 $ _k= 1S E[F_k]E_w[F_k], w_k w_k+ _k. $ 若$F^\#$不恒定，无正则IIS需要为每个坐标求解含$ \ _kF^\#(y,x)\$的一元尺度方程，或在满足条件时加入松弛特征。若$ >0$，精确坐标最优条件还包含$ (w_k+ _k)$，通常也需一维求根；此时不能使用上面的对数比闭式式。IIS每轮需要重新计算模型期望，特征稀疏时才具有可接受成本。 对每个坐标必须先分类零期望分支。记经验期望为$e_k$、模型期望为$m_k$：$e_k=m_k=0$时该坐标在当前支撑上不可识别，固定增量为0；$|e_k-m_k|$在容差内时标为已匹配；$e_k,m_k>0$时才使用对数比或一维求根；$e_k>0,m_k=0$表示经验正质量落在模型零支撑上，应返回支撑冲突；$e_k=0,m_k>0$对应无正则边界解$ _k - $，应按预登记的删除、固定或正则化规则处理，不能执行无穷更新或把整个问题笼统判为不可行。 首次阅读检查：拟牛顿法。需要解决的阅读阻塞。需把输入、状态、一次更新、停止与输出压缩成首次阅读主线 第一步。先按输入与状态、初始化、一次更新、保持量或目标、停止条件与输出证书读取原文。 核验路线。先按输入与状态、初始化、一次更新、保持量或目标、停止条件与输出证书读取原文。 首次阅读检查：条件随机场模型学习的BFGS算法。需要解决的阅读阻塞。需把输入、状态、一次更新、停止与输出压缩成首次阅读主线 第一步。先按输入与状态、初始化、一次更新、保持量或目标、停止条件与输出证书读取原文。 核验路线。先按输入与状态、初始化、一次更新、保持量或目标、停止条件与输出证书读取原文。 SLM-11-04-004拟牛顿法 SLM-11-02-008条件随机场模型学习的BFGS算法 学习算法。BFGS用梯度差近似曲率，不显式计算CRF的完整Hessian。每次目标和梯度计算都调用前向--后向；线搜索保证下降并维护曲率条件。 参数含义。$ $为正则强度，$B_k$为Hessian近似，$c_1,c_2$为Wolfe条件常数，$ _g$为梯度容差，$ _J$为目标相对变化停滞容差，$T_ $为最大迭代数。停止条件：梯度满足容差时视为收敛；目标变化停滞或达到最大迭代数时停止并输出当前参数，同时给出梯度范数以区分是否满足收敛容差。 训练时间复杂度。设所有序列总长度为$L$，标签数$m$、参数数$K$、每个转移平均激活$r$个特征、优化迭代数$T$。一次目标与梯度约为$O(Lm^2r)$；完整BFGS总训练约为$O(T[Lm^2r+K^2])$，L-BFGS以历史长度$h$把线性代数项降为$O(ThK)$。 几何解释。每条候选序列对应特征空间中的点$F(y,x) R^K$，参数$w$给出线性得分$w^TF(y,x)$。预测选择投影最大的点；训练则调整法向量$w$，使真实序列特征相对模型平均特征获得更高得分。 概率解释。规范化因子对同一$x$的所有路径求和，因此不同序列相互竞争概率质量。局部因子大不代表局部事件概率大，只有结合前缀、后缀和$Z_w(x)$才能得到边缘概率。 优化解释。正则化条件对数似然的梯度等于经验特征计数与模型期望特征计数之差再加正则项；训练就是调节$w$使两类计数匹配。Hessian由条件协方差与正则项组成。$ >0$时目标强凸且二次项使其强制有界，有限极小点唯一；$ =0$时仅能保证凸，冗余特征可造成不可识别平坦方向，条件分离还可能使有限极小点不存在。BFGS的全局结论必须同时假定有限极小点存在、水平集有界、梯度光滑以及线搜索和曲率门禁持续成立。 首次阅读检查：条件随机场的概率计算问题。需要解决的阅读阻塞。对象、条件或最小例没有在首次阅读入口中同时出现 第一步。先核对等式两侧的对象类型、维数与定义域，再执行代入或变形，并在边界点重新检查合法性。 核验路线。先核对等式两侧的对象类型、维数与定义域，再执行代入或变形，并在边界点重新检查合法性。
步骤6｜结果核验：检查每个矩阵乘法的内侧维数，随后把结果代回原式；若有投影/分解，再检查正交性或重构关系。
步骤7｜边界：逐项说明若去掉某个条件，哪一步将失效。",UNREVIEWED_CURRENT_SOURCE,统计学习方法讲义_v2.6.0_全量索引库.xlsx
M05-DER-23-D01,DERIVATION,核心推导索引,40,23-D01,src/讲义源码/第03册_优化模型与序列模型/chapters/V3-C07.tex,160,489,中,末尾核验不够显式,"步骤1｜目标：分离参数拟合、超参数选择与最终测试，阻断评价信息回流。
步骤2｜对象：预先固定的候选集合 $ M$、训练集、验证集与封存测试集。
步骤3｜合法条件：每个候选只访问训练部分拟合；验证集只用于选择；测试集在方案锁定前不得访问。
步骤4｜第一动作：先条件于训练数据观察：训练风险同时参与了参数最小化，因此不是所选模型的独立泛化评价。
步骤5｜主推导：推导第1步：固定候选。对每个预先给定的候选$m M$，训练算法只使用训练集得到$ f_m$。训练风险同时参与了参数选择，因而对该模型的未知风险通常偏乐观。 推导第2步：条件比较。给定训练集以后，$ f_m$已经固定。独立验证样本上的损失均值 $ R_val( f_m) = 1n_val _i I_val L(y_i, f_m(x_i)) $ 才是在相同条件下比较候选的估计量。所有预处理参数也必须仅由训练部分确定。 推导第3步：选择后再评估。令 $ m _m M R_val( f_m). $ 验证集已经参与$ m$的选择，因此不能再把同一个验证误差报告为无偏最终性能。应在锁定整个方案后，用独立测试集估计$R( f_ m)$。
步骤6｜结果核验：将最终结果代回题面条件，检查数值、符号、边界和所求对象是否全部回答。
步骤7｜边界：逐项说明若去掉某个条件，哪一步将失效。",UNREVIEWED_CURRENT_SOURCE,统计学习方法讲义_v2.6.0_全量索引库.xlsx
M05-DER-24-D01,DERIVATION,核心推导索引,41,24-D01,src/讲义源码/第04册_无监督学习与矩阵分解/chapters/V4-C01.tex,227,507,低,结构基本完整,"步骤1｜目标：从生成方向的联合分解得到归一化后验与 MAP 判别规则。
步骤2｜对象：潜变量 $z \1, ,K\$、先验 $p(z=k)$ 与似然 $p(x z=k)$。
步骤3｜合法条件：$p(z=k)>0$ 且给定观测满足 $p(x)>0$；求和遍历全部潜状态。
步骤4｜第一动作：先把证据写为 $p(x)= _ =1^Kp(z= )p(x z= )$。
步骤5｜主推导：推导第1步：写出条件概率定义。 $ p_ (z=k x)= p_ (x,z=k)p_ (x). $ 推导第2步：对潜变量边缘化。 $ p_ (x)= _j=1^Kp_ (x,z=j) = _j=1^Kp_ (z=j)p_ (x z=j). $ 推导第3步：代入并归一化。 $ p_ (z=k x) = p_ (z=k)p_ (x z=k) _j=1^Kp_ (z=j)p_ (x z=j). $ 分母不依赖候选类别$k$，所以最大后验分配比较的是$p_ (z=k)p_ (x z=k)$。
步骤6｜结果核验：检查所有概率或权重非负，且在规定维度上求和为1；若有条件概率，再确认分母严格为正。
步骤7｜边界：逐项说明若去掉某个条件，哪一步将失效。",UNREVIEWED_CURRENT_SOURCE,统计学习方法讲义_v2.6.0_全量索引库.xlsx
M05-DER-25-D01,DERIVATION,核心推导索引,42,25-D01,src/讲义源码/第04册_无监督学习与矩阵分解/chapters/V4-C02.tex,274,527,低,结构基本完整,"步骤1｜目标：在簇划分固定时证明样本均值是类内平方和的唯一极小点。
步骤2｜对象：非空簇 $G_ $、样本 $x_i ℝ^m$ 与中心 $ ℝ^m$。
步骤3｜合法条件：$n_ =|G_ |>0$；簇成员在本步固定。
步骤4｜第一动作：先令 $ x_ =n_ ^-1 _i G_ x_i$，并把 $x_i- $ 分解为 $(x_i- x_ )+( x_ - )$。
步骤5｜主推导：推导第1步：围绕均值分解每个差向量。 $ x_i- =(x_i- x_ )+( x_ - ). $ 推导第2步：展开并消去交叉项。 $ J_ ( ) = _i:C(i)= \|x_i- x_ \|_2^2 +n_ \| - x_ \|_2^2\\ +2( x_ - )^T _i:C(i)= (x_i- x_ ). $ 按均值定义，最后一个求和等于$ _i x_i-n_ x_ =0 R^m$，所以交叉项是标量0。 推导第3步：确定唯一极小点。 $ J_ ( )=J_ ( x_ )+n_ \| - x_ \|_2^2 J_ ( x_ ). $ 由于$n_ >0$，等号仅在$ = x_ $时成立，所以更新为 $ _ = 1n_ _i:C(i)= x_i R^m. $ 首次阅读检查：算法特性。需要解决的阅读阻塞。需把输入、状态、一次更新、停止与输出压缩成首次阅读主线 第一步。先按输入与状态、初始化、一次更新、保持量或目标、停止条件与输出证书读取原文。 核验路线。先按输入与状态、初始化、一次更新、保持量或目标、停止条件与输出证书读取原文。 SLM-14-03-006算法特性
步骤6｜结果核验：检查每个矩阵乘法的内侧维数，随后把结果代回原式；若有投影/分解，再检查正交性或重构关系。
步骤7｜边界：逐项说明若去掉某个条件，哪一步将失效。",UNREVIEWED_CURRENT_SOURCE,统计学习方法讲义_v2.6.0_全量索引库.xlsx
M05-DER-26-D01,DERIVATION,核心推导索引,43,26-D01,src/讲义源码/第04册_无监督学习与矩阵分解/chapters/V4-C03.tex,145,544,低,结构基本完整,"步骤1｜目标：从右奇异向量出发构造奇异值与左奇异向量，并核对维数。
步骤2｜对象：$A ℝ^m n$、$A^ TA$ 的正交特征向量 $v_i$ 与特征值 $ _i 0$。
步骤3｜合法条件：$A^ TA$ 对称正半定；对正特征值定义 $ _i= _i>0$。
步骤4｜第一动作：先做谱分解 $A^ TA=V V^ T$，并令 $u_i=Av_i/ _i$。
步骤5｜主推导：推导第1步：确定$V$与奇异值。 令 $ V=[v_1, ,v_n] R^n n, _j= _j (j=1, ,p). $ 若$r=rank(A)$，则$ _1, , _r>0$，其余奇异值为0。由 $ _j= \|Av_j\|_2^2\|v_j\|_2^2 $ 可知$ _j=0$当且仅当$Av_j=0$。 推导第2步：构造$U$并证明正交性。 对$j=1, ,r$定义 $ u_j= Av_j _j R^m. $ 对$i,j r$， $ u_i^Tu_j = v_i^TA^TAv_j _i _j = _jv_i^Tv_j _i _j = _ij. $ 因此$u_1, ,u_r$标准正交。再从$N(A^T)$选取$m-r$个标准正交向量补全，得到 $U=[u_1, ,u_m] R^m m$。 推导第3步：构造$ $并验证矩阵等式。 令$ R^m n$的第$j$个主对角元为$ _j$，其余元素为0。对$v_j$这组基中的任意向量， $ U V^Tv_j= _ju_j=Av_j, j r,\\ 0=Av_j, j>r. $ 两个线性变换在$ R^n$的一组基上取值相同，所以 $U V^T=A$。维数链为 $(m m)(m n)(n n)=m n$。 首次阅读检查：奇异值分解存在性。需要解决的阅读阻塞。定理陈述中的对象与条件入口不够醒目 第一步。先把条件与结论分开写清，再判断条件是必要、充分还是仅供证明使用，最后沿原文验证结论。 核验路线。先把条件与结论分开写清，再判断条件是必要、充分还是仅供证明使用，最后沿原文验证结论。
步骤6｜结果核验：检查每个矩阵乘法的内侧维数，随后把结果代回原式；若有投影/分解，再检查正交性或重构关系。
步骤7｜边界：逐项说明若去掉某个条件，哪一步将失效。",UNREVIEWED_CURRENT_SOURCE,统计学习方法讲义_v2.6.0_全量索引库.xlsx
M05-DER-27-D01,DERIVATION,核心推导索引,44,27-D01,src/讲义源码/第04册_无监督学习与矩阵分解/chapters/V4-C04.tex,201,571,中,末尾核验不够显式,"步骤1｜目标：用 Rayleigh 商逐个得到最大方差方向及正交后续方向。
步骤2｜对象：对称半正定协方差矩阵 $ $ 与单位方向 $ $。
步骤3｜合法条件：$ ^ T =1$；后续方向还需与已选方向正交。
步骤4｜第一动作：先极大化 $ ^ T $，并为单位范数约束写拉格朗日函数。
步骤5｜主推导：推导第1步：构造约束目标。第一投影方差为$ ^ T $，Lagrange函数取 $ L( , )= ^ T - ( ^ T -1). $ 推导第2步：求驻点并识别目标值。对$ $求导得 $ 2 -2 =0, 即 = . $ 左乘$ ^ T$并用单位约束，得到驻点方差等于$ $。 推导第3步：排序并施加正交约束。Rayleigh商最大值是$ _1$。在$ _1, , _k-1$的子空间中重复同一论证，最大值为$ _k$，方向可取$ _k$。
步骤6｜结果核验：检查每个矩阵乘法的内侧维数，随后把结果代回原式；若有投影/分解，再检查正交性或重构关系。
步骤7｜边界：逐项说明若去掉某个条件，哪一步将失效。",UNREVIEWED_CURRENT_SOURCE,统计学习方法讲义_v2.6.0_全量索引库.xlsx
M05-DER-27-D02,DERIVATION,核心推导索引,45,27-D02,src/讲义源码/第04册_无监督学习与矩阵分解/chapters/V4-C04.tex,443,578,低,结构基本完整,"步骤1｜目标：把平方重构误差化成“总方差减投影方差”。
步骤2｜对象：中心化随机向量 $z$、协方差 $ $ 与秩 $q$ 正交投影 $P=BB^ T$。
步骤3｜合法条件：$B^ TB=I_q$，故 $P=P^ T=P^2$。
步骤4｜第一动作：先展开 $ z-Pz_2^2=z^ T(I-P)z$。
步骤5｜主推导：推导第1步：展开平方残差。 由于$P=BB^ T$满足$P=P^ T=P^2$， $ \|z-Pz\|_2^2=z^ T(I-P)z. $ 推导第2步：取期望并化为迹。 $ E\|z-Pz\|_2^2 =tr((I-P) ) =tr( )-tr(B^ T B). $ 推导第3步：转为最大保留方差。 第一项与$B$无关，所以最小残差等价于最大化$tr(B^ T B)$。由定理thm:V4-C04-max-variance，最优$B$由前$q$个特征向量组成，最小值为$ _i=q+1^m _i$。 首次阅读检查：样本最优低维重构。需要解决的阅读阻塞。定理陈述中的对象与条件入口不够醒目 第一步。先指出它继承的上游结论与新增条件，再核对代入后是否覆盖当前对象域。 核验路线。先指出它继承的上游结论与新增条件，再核对代入后是否覆盖当前对象域。
步骤6｜结果核验：检查每个矩阵乘法的内侧维数，随后把结果代回原式；若有投影/分解，再检查正交性或重构关系。
步骤7｜边界：逐项说明若去掉某个条件，哪一步将失效。",UNREVIEWED_CURRENT_SOURCE,统计学习方法讲义_v2.6.0_全量索引库.xlsx
M05-DER-28-D01,DERIVATION,核心推导索引,46,28-D01,src/讲义源码/第04册_无监督学习与矩阵分解/chapters/V4-C05.tex,166,595,低,结构基本完整,"步骤1｜目标：区分投影、低维坐标与重构，并核对训练文本和新文本的尺寸。
步骤2｜对象：$X=U V^ T ℝ^m n$、截断基 $U_k$ 与文本列 $x_j=Xe_j$。
步骤3｜合法条件：$U_k^ TU_k=I_k$；训练与新文本使用同一词表和预处理。
步骤4｜第一动作：先左乘 $U_k^ T$，计算训练文本坐标 $U_k^ Tx_j$。
步骤5｜主推导：推导第1步：取前$k$维正交投影坐标。 $ y_j=U_k^Tx_j R^k. $ 推导第2步：把坐标写成右奇异向量形式。 $ U_k^Tx_j =U_k^TU V^Te_j = _kV_k^Te_j. $ 因此全部训练文本的坐标矩阵为 $ Y=[y_1, ,y_n]=U_k^TX= _kV_k^T R^k n. $ 推导第3步：重构并推广到新文本。 $ x_j=U_ky_j=U_kU_k^Tx_j, X=U_kY=X_k. $ 对使用同一词表和权值规则得到的新文本$x_ new R^m$，编码为 $y_ new=U_k^Tx_ new$，重构为$U_ky_ new$。维数链分别为$(k m)(m 1)=k 1$和$(m k)(k 1)=m 1$。
步骤6｜结果核验：检查每个矩阵乘法的内侧维数，随后把结果代回原式；若有投影/分解，再检查正交性或重构关系。
步骤7｜边界：逐项说明若去掉某个条件，哪一步将失效。",UNREVIEWED_CURRENT_SOURCE,统计学习方法讲义_v2.6.0_全量索引库.xlsx
M05-DER-28-D02,DERIVATION,核心推导索引,47,28-D02,src/讲义源码/第04册_无监督学习与矩阵分解/chapters/V4-C05.tex,345,597,中,末尾核验不够显式,"步骤1｜目标：把梯度的正、负部分与自适应正步长配对，得到保持非负的更新。
步骤2｜对象：$X 0$、$W 0$、$H 0$ 与目标 $ 12 X-WH_F^2$。
步骤3｜合法条件：更新 $W$ 时固定 $H$；更新 $H$ 时使用当前最新 $W$；分母为正或按预先规则处理零项。
步骤4｜第一动作：先计算 $ _WJ=WHH^ T-XH^ T$ 与 $ _HJ=W^ TWH-W^ TX$。
步骤5｜主推导：推导第1步：对单个元素求偏导。 $ J_F W_i =- _j=1^n[x_ij-Q_ij]H_ j, J_F H_ j =- _i=1^mW_i [x_ij-Q_ij]. $ 推导第2步：整理为矩阵梯度。 $ _WJ_F=WHH^T-XH^T R^m k, _HJ_F=W^TWH-W^TX R^k n. $ 推导第3步：选择逐元素步长。 对正因子选择 $ _i = W_i (WHH^T)_i , _ j= H_ j(W^TWH)_ j, $ 把$W W- _WJ_F$和 $H H- _HJ_F$逐元素展开，得到 $ W W XH^TWHH^T, H H W^TXW^TWH. $ 分式表示同位置元素相除；顺序更新时，第二式使用已经更新并完成尺度补偿的$W$。 keypointbox[title=核心替代：交替投影梯度] 乘法更新易解释但会零锁定。对同一平方损失，可保留一套投影方法作为主线替代： $ W^+= _+, H^+= _+, $ 其中$[a]_+= (a,0)$逐元素作用，第二步使用新$W^+$。固定另一块时目标是凸二次函数；取 $ 0< _W \|HH^ T\|_2^-1, 0< _H \|W^+ TW^+\|_2^-1 $ （或用回溯验证目标不增），即可把每块更新解释为非负正交投影后的梯度步。实现只需保留“更新$W$、更新$H$、检查目标/KKT、预算停止”四步；它允许零坐标重新变正，不继承乘法更新的零锁定。 keypointbox
步骤6｜结果核验：检查每个矩阵乘法的内侧维数，随后把结果代回原式；若有投影/分解，再检查正交性或重构关系。
步骤7｜边界：逐项说明若去掉某个条件，哪一步将失效。",UNREVIEWED_CURRENT_SOURCE,统计学习方法讲义_v2.6.0_全量索引库.xlsx
M05-DER-29-D01,DERIVATION,核心推导索引,48,29-D01,src/讲义源码/第04册_无监督学习与矩阵分解/chapters/V4-C06.tex,316,622,低,结构基本完整,"步骤1｜目标：用主题责任度拆开对数和，再在两组概率单纯形上归一化期望计数。
步骤2｜对象：共现计数 $n_ij$、主题责任度 $ _ijk$、主题--词分布 $ $ 与文档--主题分布 $ $。
步骤3｜合法条件：只对 $n_ij>0$ 的共现对计算；其模型概率为正；每列参数位于相应概率单纯形。
步骤4｜第一动作：先对 $ _k _ik _kj$ 引入当前责任度并应用 Jensen 不等式。
步骤5｜主推导：推导第1步：由Bayes公式完成E步。给定$(w_i,d_j)$，文档概率$ _j$在分子、分母中相消： $ _ijk^(t) = P(w_i,d_j,z_k ^(t), ^(t)) P(w_i,d_j ^(t), ^(t))\\ = _j _ik^(t) _kj^(t) _j _h=1^K _ih^(t) _hj^(t)\\ = _ik^(t) _kj^(t) _h=1^K _ih^(t) _hj^(t). $ 因此$ _ijk^(t) 0$且$ _k _ijk^(t)=1$。 推导第2步：在主题--词单纯形上更新$ $。固定$ $后，对每个主题$k$求 $ _ _:k _i a_ik _ik .t. _i _ik=1,\ _ik 0. $ Lagrange函数为$ L_k= _i a_ik _ik+ _k(1- _i _ik)$。对正质量坐标求导， $ a_ik _ik- _k=0 _ik= a_ik _k. $ 对$i$求和并用归一化约束得到$ _k=A_k$，从而 $ _ik^(t+1)= _j=1^N n_ij _ijk^(t) _m=1^M _j=1^N n_mj _mjk^(t). $ 当$A_k=0$时，该主题没有期望计数，公式无定义，必须按预先规则删去或重新初始化该主题。 推导第3步：在文档--主题单纯形上更新$ $。对每个文档$j$求 $ _ _:j _k b_kj _kj .t. _k _kj=1,\ _kj 0. $ 同一约束极值计算给出$ _kj=b_kj/ _hb_hj$。利用$ _h _ijh^(t)=1$， $ _hb_hj= _i n_ij _h _ijh^(t) = _i n_ij=c_j, $ 故 $ _kj^(t+1)= _i=1^M n_ij _ijk^(t)c_j. $ 当$c_j=0$时，训练数据不含该文档的词元，$ _:j$不可估计，应移除该空文档或明确指定外部先验。 以上两个M步公式的适用域必须分开：$A_k>0$时主题列由期望计数唯一归一化，$A_k=0$时该主题列不被$Q'$识别；$c_j>0$时文档列由词元责任度唯一归一化，$c_j=0$时该文档列不被训练似然识别。删除、重置或加Dirichlet伪计数是不同的外部建模选择，不能伪装成同一条无条件闭式更新。
步骤6｜结果核验：检查所有概率或权重非负，且在规定维度上求和为1；若有条件概率，再确认分母严格为正。
步骤7｜边界：逐项说明若去掉某个条件，哪一步将失效。",UNREVIEWED_CURRENT_SOURCE,统计学习方法讲义_v2.6.0_全量索引库.xlsx
M05-DER-30-D01,DERIVATION,核心推导索引,49,30-D01,src/讲义源码/第05册_采样方法主题模型与图排序/chapters/V5-C01.tex,152,644,中,末尾核验不够显式,"步骤1｜目标：先用概率链式法则，再用 Markov 性删除多余历史。
步骤2｜对象：初始分布 $ $、一步转移概率 $a_ij$ 与路径 $(i_0, ,i_T)$。
步骤3｜合法条件：路径状态均在状态空间内；涉及的一步条件概率有定义。
步骤4｜第一动作：先写完整链式分解 $P(X_0=i_0) _t=1^TP(X_t=i_t X_0:t-1=i_0:t-1)$。
步骤5｜主推导：推导第1步：链式展开。对$x_0:T$， $ P(X_0:T=x_0:T)=P(X_0=x_0) _t=0^T-1P(X_t+1=x_t+1 X_0:t=x_0:t). $ 推导第2步：使用马尔可夫性质。每个乘积因子只保留当前状态，得到 $ P(X_0:T=x_0:T)=P(X_0=x_0) _t=0^T-1P(X_t+1=x_t+1 X_t=x_t). $ 推导第3步：时齐化。若链时齐，记一步转移概率为$a_x_tx_t+1$，则 equation P(X_0:T=x_0:T)= _0(x_0) _t=0^T-1a_x_tx_t+1. equation 式eq:V5-C01-path-factorization说明初始分布和一步转移规则共同决定有限维联合分布。 本章的模型对象是二元组$( _0,A)$，或连续状态情形下的$( _0,K)$。模型回答“给定当前状态，下一步如何随机产生”；它并不自动回答转移规则如何从数据估计，也不保证长期行为与初始状态无关。 notapplicablebox[title=本章范围] 本章研究给定转移矩阵或转移核的概率性质，不定义经验风险、似然或其他参数学习目标。 本章不估计模型参数。后文的分布推进算法只是对已给定矩阵执行概率计算，不能把它改称参数学习。 notapplicablebox
步骤6｜结果核验：检查所有概率或权重非负，且在规定维度上求和为1；若有条件概率，再确认分母严格为正。
步骤7｜边界：逐项说明若去掉某个条件，哪一步将失效。",UNREVIEWED_CURRENT_SOURCE,统计学习方法讲义_v2.6.0_全量索引库.xlsx
M05-DER-30-D02,DERIVATION,核心推导索引,50,30-D02,src/讲义源码/第05册_采样方法主题模型与图排序/chapters/V5-C01.tex,235,646,中,推导段过长，需拆成局部目标,"步骤1｜目标：在中间时刻按状态分解路径，得到多步转移矩阵乘法。
步骤2｜对象：时齐 Markov 链、转移矩阵 $A$ 与非负整数 $m, $。
步骤3｜合法条件：中间状态集合互斥完备；后 $ $ 步转移只依赖中间状态。
步骤4｜第一动作：先条件于 $X_m=k$，对所有中间状态 $k$ 应用全概率公式。
步骤5｜主推导：推导第1步：按中间状态分割。 $ P(X_m+ =j X_0=i) = _k=1^nP(X_m=k X_0=i) P(X_m+ =j X_m=k,X_0=i). $ 推导第2步：条件独立。马尔可夫性质使第二个条件概率不再需要$X_0=i$，时齐性又使它等于$(A^ )_kj$。 推导第3步：识别矩阵乘法。 equation (A^m+ )_ij= _k=1^n(A^m)_ik(A^ )_kj. equation 这也是Chapman--Kolmogorov方程在有限状态空间中的矩阵形式。 SLM-19-02-005连续状态马尔可夫链 进阶：一般可测状态空间。 连续状态空间不能把所有转移概率列成有限矩阵。对可测空间$( S, B)$，马尔可夫核$K$满足：固定$x$时$K(x, )$是概率测度，固定$B$时$K( ,B)$可测。时齐马尔可夫性质的严谨版本是：对每个$B B$， $ P(X_t+1 B (X_0, ,X_t)) =K(X_t,B) 几乎处处. $ 右侧是给定当前状态的正则条件分布版本；它不要求单点事件$\X_t=x\$具有正概率。 若$X_t$的分布为$ _t$，则 equation _t+1(B)= _ SK(x,B) _t( dx). equation 若概率测度$ $满足 $ (B)= _ SK(x,B) ( dx), B B, $ 则称$ $为该核的平稳测度。有限状态的式eq:V5-C01-distribution-update正是上述积分公式的求和版本。 若$ S R^d$且$K$关于Lebesgue测度有转移密度$p(x,y)$，则 equation K(x,B)= _Bp(x,y) dy, p(x,y) 0, _ Sp(x,y) dy=1. equation 这里$p(x,y)$是“已知当前状态为$x$时，下一状态在$y$附近”的条件密度，而不是单点概率。若$ _t$有密度$m_t$，则密度推进式为 $ m_t+1(y)= _ Sp(x,y)m_t(x) dx. $ 相应地，若沿用$ (y)$记平稳密度，平稳方程就是 equation (y)= _ Sp(x,y) (x) dx, (y) 0, _ S (y) dy=1. equation 首次阅读检查：平稳分布的固定点定义。需要解决的阅读阻塞。对象、条件或最小例没有在首次阅读入口中同时出现 第一步。先识别对象类型与定义域，再逐项核对量词、支持集和特殊约定 核验路线。先识别对象类型与定义域，再逐项核对量词、支持集和特殊约定；例子只用于检验，不能替代定义。
步骤6｜结果核验：检查每个矩阵乘法的内侧维数，随后把结果代回原式；若有投影/分解，再检查正交性或重构关系。
步骤7｜边界：逐项说明若去掉某个条件，哪一步将失效。",UNREVIEWED_CURRENT_SOURCE,统计学习方法讲义_v2.6.0_全量索引库.xlsx
M05-DER-30-D03,DERIVATION,核心推导索引,51,30-D03,src/讲义源码/第05册_采样方法主题模型与图排序/chapters/V5-C01.tex,318,648,中,推导正文偏短,"步骤1｜目标：保留一个独立平衡方程并同时核对非负性与归一化。
步骤2｜对象：$A= psmallmatrix0.7 0.3\\0.2 0.8 psmallmatrix$ 与候选 $ =(r,1-r)$。
步骤3｜合法条件：$0 r 1$；$A$ 行随机；平稳方程与归一化方程中有一式冗余。
步骤4｜第一动作：先用第一分量写 $r=0.7r+0.2(1-r)$。
步骤5｜主推导：推导第1步：写出第一分量。 $ r=0.7r+0.2(1-r). $ 推导第2步：解线性方程。$0.5r=0.2$，所以$r=0.4$，候选分布为$ =(0.4,0.6)$。 推导第3步：回代核验。 $ (0.4,0.6) 0.7 0.3\\0.2 0.8 =(0.4,0.6), $ 且两个分量非负、和为$1$，故它确为平稳分布。
步骤6｜结果核验：检查所有概率或权重非负，且在规定维度上求和为1；若有条件概率，再确认分母严格为正。
步骤7｜边界：逐项说明若去掉某个条件，哪一步将失效。",UNREVIEWED_CURRENT_SOURCE,统计学习方法讲义_v2.6.0_全量索引库.xlsx
M05-DER-30-D04,DERIVATION,核心推导索引,52,30-D04,src/讲义源码/第05册_采样方法主题模型与图排序/chapters/V5-C01.tex,640,656,中,末尾核验不够显式,"步骤1｜目标：逐分量求和，分清该证明与不可约性的关系。
步骤2｜对象：转移矩阵 $A$ 与分布 $ $，满足 $ _i a_ij= _j a_ji$。
步骤3｜合法条件：$A$ 每行和为 $1$；细致平衡对所有 $i,j$ 成立。
步骤4｜第一动作：先固定目标状态 $j$，写 $( A)_j= _i _i a_ij$。
步骤5｜主推导：推导第1步：写出流入量。 $ ( A)_j= _i _i a_ij. $ 推导第2步：逐边反向。由细致平衡， $ _i _i a_ij= _i _j a_ji = _j _i a_ji. $ 推导第3步：使用行和。这里$i$遍历的是矩阵第$j$行的目的状态，所以$ _i a_ji=1$，于是$( A)_j= _j$。对每个$j$成立，故$ A= $。 warningbox 细致平衡只保证平稳性。取$A=I_2$和任意严格正概率行向量$ =(a,1-a)$，其中$0<a<1$，所有等式$ _i a_ij= _j a_ji$都成立，但两个状态互不可达，链可约，且平稳分布不唯一。再取$f(1)=0,f(2)=1$：从状态$1$出发时路径恒留在$1$，时间平均恒为$0$，而指定分布下的空间平均为$ _i _i f(i)=1-a>0$。因此仅有可逆性也不保证无条件时间平均结论、非周期性或从任意初值逐步收敛；不可约性等条件必须另行验证。 warningbox 几何解释。所有$n$维概率分布组成概率单纯形，映射$ A$把该单纯形映回自身。平稳分布是这个仿射映射的固定点。图fig:V5-C01-stationary-fixed-point在两状态概率区间上画出$r 0.2+0.5r$，固定点$r=0.4$对应$ =(0.4,0.6)$。
步骤6｜结果核验：检查所有概率或权重非负，且在规定维度上求和为1；若有条件概率，再确认分母严格为正。
步骤7｜边界：逐项说明若去掉某个条件，哪一步将失效。",UNREVIEWED_CURRENT_SOURCE,统计学习方法讲义_v2.6.0_全量索引库.xlsx
M05-DER-30-D05,DERIVATION,核心推导索引,53,30-D05,src/讲义源码/第05册_采样方法主题模型与图排序/chapters/V5-C01.tex,746,659,中,末尾核验不够显式,"步骤1｜目标：沿每条无向边比较双向概率流，得到与结点度成正比的分布。
步骤2｜对象：连通无向图、结点度 $d_i$ 与简单随机游走转移概率。
步骤3｜合法条件：$D= _i d_i=2|E|>0$；孤立点不存在。
步骤4｜第一动作：先取候选 $ _i=d_i/D$，并对相邻结点 $i,j$ 计算 $ _iP_ij$。
步骤5｜主推导：推导第1步：检查概率约束。$ _i 0$且$ _i _i=D/D=1$。 推导第2步：检查每条边。若$\i,j\ E$，则 $ _i a_ij= d_iD 1d_i= 1D = d_jD 1d_j= _j a_ji; $ 非相邻顶点的两个方向都为$0$。 推导第3步：使用细致平衡结论。候选分布满足式eq:V5-C01-detailed-balance，故 equation _i= d_i _kd_k equation 是平稳分布。连通性进一步保证它唯一，但若图为二部图，普通逐步分布仍会按奇偶振荡。 图fig:V5-C01-random-walk展示三节点路径上的简单游走及其惰性版本。端点度数为$1$、中点度数为$2$，所以平稳分布为$(1/4, 1/2, 1/4)$；加入自环后该分布不变。
步骤6｜结果核验：检查所有概率或权重非负，且在规定维度上求和为1；若有条件概率，再确认分母严格为正。
步骤7｜边界：逐项说明若去掉某个条件，哪一步将失效。",UNREVIEWED_CURRENT_SOURCE,统计学习方法讲义_v2.6.0_全量索引库.xlsx
M05-DER-31-D01,DERIVATION,核心推导索引,54,31-D01,src/讲义源码/第05册_采样方法主题模型与图排序/chapters/V5-C02.tex,182,676,中,末尾核验不够显式,"步骤1｜目标：分开核对无偏性、方差、均方误差与积分表示所需条件。
步骤2｜对象：独立样本 $X_i p$、$Y_i=f(X_i)$ 与估计量 $ _N=N^-1 _iY_i$。
步骤3｜合法条件：$ E|Y_i|< $ 保证期望；再有 $ E(Y_i^2)< $ 才能讨论方差与标准误。
步骤4｜第一动作：先用期望线性性计算 $ E _N$，再用独立性计算方差。
步骤5｜主推导：推导第1步：期望的线性性。 $ E( _N)= 1N _i=1^NE(Y_i)= 1N N = . $ 推导第2步：独立性消去协方差。若$ ^2=Var(Y_1)< $，则 equation Var( _N) = 1N^2 _i=1^NVar(Y_i) + 2N^2 _i<jCov(Y_i,Y_j) = ^2N. equation 推导第3步：均方误差分解。任意平方可积估计量$T$满足 equation E[(T- )^2]=Var(T)+\E(T)- \^2. equation 因此式eq:V5-C02-mc-estimator的均方误差为$ ^2/N$，均方根误差为$ / N$。这个速率依赖独立同分布和有限方差，不能原样套到相关样本或无限方差情形。 积分改写也需要条件。设$h$在区域$ D$上可积，$p$是$ D$上的概率密度。要求 equation p(x)=0 h(x)=0 几乎处处, _ D|h(x)| dx< . equation 在$p(x)>0$处定义$f(x)=h(x)/p(x)$，在$p(x)=0$处定义$f(x)=0$，则 equation _ Dh(x) dx = _ Df(x)p(x) dx =E_p[f(X)]. equation 若还要使用有限方差误差公式，则必须再有 equation _\p>0\ h(x)^2p(x) dx< . equation 所以“选任意密度就能计算任意积分”不是正确命题；密度必须覆盖被积函数的非零区域，且比值必须满足相应可积条件。阅读图fig:V5-C02-mc-integral时应具体回答：被积函数非零而$p=0$的区域会在哪一步丢失，以及式eq:V5-C02-integral-second-moment为何比一阶积分改写多出一个$1/p$因子。图只表示这两个逻辑接口，不提供随机复算坐标。
步骤6｜结果核验：将最终结果代回题面条件，检查数值、符号、边界和所求对象是否全部回答。
步骤7｜边界：逐项说明若去掉某个条件，哪一步将失效。",UNREVIEWED_CURRENT_SOURCE,统计学习方法讲义_v2.6.0_全量索引库.xlsx
M05-DER-32-D01,DERIVATION,核心推导索引,55,32-D01,src/讲义源码/第05册_采样方法主题模型与图排序/chapters/V5-C03.tex,278,711,低,结构基本完整,"步骤1｜目标：在成对细致平衡约束下选择最大的合法接受流。
步骤2｜对象：正向提议流 $a=g(x,y)$、反向提议流 $b=g(y,x)$ 与接受概率 $ _xy, _yx $。
步骤3｜合法条件：已接受流需满足 $a _xy=b _yx$；零流情形必须单独约定。
步骤4｜第一动作：先令共同接受流为 $h$，由概率上界得到 $0 h (a,b)$。
步骤5｜主推导：推导第1步：给出共同流的上界。 令$c=a _xy=b _yx$。由$0 _xy, _yx 1$，同时有$c a$与$c b$，因而$c \a,b\$。 推导第2步：构造达到上界的双向接受概率。 当$a,b>0$时取$ _xy= \a,b\/a$及$ _yx= \a,b\/b$；若某一方向流为零，则共同流只能为零，并把由正流指向零反向流的移动确定拒绝。该构造在所有边界情形均不需要计算$0/0$。 推导第3步：还原MH接受核。 在$a>0$的分支，正向接受概率化为$ (x,y)= \1,b/a\$；代回$a= (x)q(x,y)$与$b= (y)q(y,x)$即得式eq:V5-C03-mh-alpha。未接受的剩余质量必须并入$x$处拒绝自环，才能得到总质量为$1$的马尔可夫核。 首次阅读检查：成对约束下的最大接受流。需要解决的阅读阻塞。定理陈述中的对象与条件入口不够醒目 第一步。先区分前提与结论，再核对每个量词和对象域，最后确认它在后续推导中的调用位置。 核验路线。先区分前提与结论，再核对每个量词和对象域，最后确认它在后续推导中的调用位置。
步骤6｜结果核验：检查所有概率或权重非负，且在规定维度上求和为1；若有条件概率，再确认分母严格为正。
步骤7｜边界：逐项说明若去掉某个条件，哪一步将失效。",UNREVIEWED_CURRENT_SOURCE,统计学习方法讲义_v2.6.0_全量索引库.xlsx
M05-DER-33-D01,DERIVATION,核心推导索引,56,33-D01,src/讲义源码/第05册_采样方法主题模型与图排序/chapters/V5-C04.tex,255,743,中,显式步骤少于2步,"步骤1｜目标：用边缘--条件分解证明精确满条件更新保持联合目标分布。
步骤2｜对象：联合目标 $ $、除第 $j$ 坐标外的状态 $x_-j$ 与满条件核 $ _j(x_-j,dx_j)$。
步骤3｜合法条件：采用可测的满条件版本；零边缘质量集合上使用预先选定版本，不使用密度比。
步骤4｜第一动作：先写分解 $ (dx)= _-j(dx_-j) _j(x_-j,dx_j)$。
步骤5｜主推导：由式eq:V5-C04-full-conditional，对$t$变化时与$t$无关的因子可以并入归一化常数，因此 equation _j(t x_-j) (x_-j,t), equation 但右侧必须在$ X_j$上具有有限正积分。 步骤1：定义局部核。定义单坐标更新核 equation K_j(x, dy) = _j( dy_j x_-j) _x_-j( dy_-j). equation 因为$ _j$是概率核，而$x _x_-j(B_-j)$可测，式eq:V5-C04-coordinate-kernel先在可测矩形上满足核的可测性，再由单调类定理推广到乘积$ $代数；故$K_j$确实是马尔可夫核。 步骤2：分解联合目标。若$y_-j=x_-j$，把联合密度分解为 $ (x)= _-j(x_-j) _j(x_j x_-j). $ 步骤3：比较双向流。正向平稳流中与坐标$j$有关的部分为 equation _-j(x_-j) _j(x_j x_-j) _j(y_j x_-j), equation 交换$x_j,y_j$后式eq:V5-C04-coordinate-flow不变，所以单坐标核满足细致平衡。
步骤6｜结果核验：检查所有概率或权重非负，且在规定维度上求和为1；若有条件概率，再确认分母严格为正。
步骤7｜边界：逐项说明若去掉某个条件，哪一步将失效。",UNREVIEWED_CURRENT_SOURCE,统计学习方法讲义_v2.6.0_全量索引库.xlsx
M05-DER-34-D01,DERIVATION,核心推导索引,57,34-D01,src/讲义源码/第05册_采样方法主题模型与图排序/chapters/V5-C05.tex,216,766,中,显式步骤少于2步,"步骤1｜目标：通过变量变换把 Gamma 积分分解为总量和比例，并推广到单纯形。
步骤2｜对象：正参数 $a,b$、独立 Gamma 变量及变换 $s=x+y$、$t=x/(x+y)$。
步骤3｜合法条件：统一采用 shape--rate 参数化；明确变换区域并计入 Jacobian $s$。
步骤4｜第一动作：先把 $ (a) (b)$ 写成第一象限二重积分，再作 $(x,y)=(st,s(1-t))$ 变换。
步骤5｜主推导：对$a>0$， equation (a)= _0^ x^a-1e^-x dx. equation 分部积分给出$ (a+1)=a (a)$，并由$ (1)=1$得到$ (n)=(n-1)!$。二元Beta函数定义为 equation B(a,b)= _0^1 t^a-1(1-t)^b-1 dt, a,b>0. equation 步骤1：写成二维Gamma积分。考虑$ (a) (b)$并把两个正半轴积分合并为正象限积分。 步骤2：改用总量与比例。令$x=st$、$y=s(1-t)$，其中$s>0$、$0<t<1$，Jacobian绝对值为$s$。 步骤3：分离两个积分。被积函数化为$s^a+b-1e^-st^a-1(1-t)^b-1$，从而总量积分和比例积分分别成为$ (a+b)$与$B(a,b)$。 首次阅读检查：Beta--Gamma恒等式。需要解决的阅读阻塞。定理陈述中的对象与条件入口不够醒目 第一步。先把条件与结论分开写清，再判断条件是必要、充分还是仅供证明使用，最后沿原文验证结论。 核验路线。先把条件与结论分开写清，再判断条件是必要、充分还是仅供证明使用，最后沿原文验证结论。
步骤6｜结果核验：检查所有概率或权重非负，且在规定维度上求和为1；若有条件概率，再确认分母严格为正。
步骤7｜边界：逐项说明若去掉某个条件，哪一步将失效。",UNREVIEWED_CURRENT_SOURCE,统计学习方法讲义_v2.6.0_全量索引库.xlsx
M05-DER-35-D01,DERIVATION,核心推导索引,58,35-D01,src/讲义源码/第05册_采样方法主题模型与图排序/chapters/V5-C06.tex,385,795,中,末尾核验不够显式,"步骤1｜目标：积分消去文档--主题和主题--词分布，只保留计数。
步骤2｜对象：主题指派 $z$、词元 $w$、Dirichlet 超参数 $ , $ 及计数 $n_mk,n_kv$。
步骤3｜合法条件：$ _k, _v>0$；删去当前词元后的计数用上标 $-i$；采用多元 Beta 函数。
步骤4｜第一动作：先按文档和主题分组联合分布，并分别应用 Dirichlet--多项式积分。
步骤5｜主推导：推导第1步：按主题收集单词似然。 $ p( w z, ) = _k=1^K _v=1^V _kv^n_kv. $ 由定义def:V5-C06-lda中的$ _v>0$，每个主题的先验密度与有序词元似然的乘积为 $ 1B( ) _v=1^V _kv^ _v-1 _v=1^V _kv^n_kv = 1B( ) _v=1^V _kv^n_kv+ _v-1. $ 在$ _V-1$上逐项积分，并使用定理thm:V5-C05-conjugacy背后的多元Beta恒等式，得到 $ _ _V-1 1B( ) _v=1^V _kv^n_kv+ _v-1 d _k = B( n_k+ )B( ). $ 这里$ w, z$表示按位置编号的词元与主题指派，故似然是逐位置概率的乘积，没有计数向量概率中的多项组合系数。对$k=1, ,K$相乘得到 equation p( w z, ) = _k=1^K B( n_k+ )B( ). equation 推导第2步：按文档收集主题指派。把上一行中的主题索引$k$与词索引$v$分别换成文档索引$m$与主题索引$k$，并由$ _k>0$，对每篇文档逐项写出 $ _ _K-1 1B( ) _k=1^K _mk^n_mk+ _k-1 d _m = B( n_m+ )B( ). $ 这仍是有序主题指派的逐位置似然积分；没有额外的多项组合系数。对$m=1, ,M$相乘，积分消去$ _m$： equation p( z ) = _m=1^M B( n_m+ )B( ). equation
步骤6｜结果核验：检查所有概率或权重非负，且在规定维度上求和为1；若有条件概率，再确认分母严格为正。
步骤7｜边界：逐项说明若去掉某个条件，哪一步将失效。",UNREVIEWED_CURRENT_SOURCE,统计学习方法讲义_v2.6.0_全量索引库.xlsx
M05-DER-36-D01,DERIVATION,核心推导索引,59,36-D01,src/讲义源码/第05册_采样方法主题模型与图排序/chapters/V5-C07.tex,326,829,中,显式步骤少于2步,"步骤1｜目标：从入链贡献式构造随机跳转固定点，并得到可计算残差界。
步骤2｜对象：列随机链接矩阵、悬挂列、随机跳转分布 $v$ 与阻尼系数 $0< <1$。
步骤3｜合法条件：修复后的 $S$ 非负列随机，$ 1^ Tv=1$。
步骤4｜第一动作：先把 $x=Sx$ 的第 $i$ 个分量写成所有入链结点贡献之和，再修复悬挂列。
步骤5｜主推导：推导第1步：展开固定点的第$i$个分量。 由式eq:V5-C07-basic-fixed和定义def:V5-C07-transition， equation r_i= _j=1^nM_ijr_j = _j:j i A_ijc_jr_j. equation 首次阅读检查：基本 的入链平衡。需要解决的阅读阻塞。定理陈述中的对象与条件入口不够醒目 第一步。先区分前提与结论，再核对每个量词和对象域，最后确认它在后续推导中的调用位置。 核验路线。先区分前提与结论，再核对每个量词和对象域，最后确认它在后续推导中的调用位置。
步骤6｜结果核验：检查所有概率或权重非负，且在规定维度上求和为1；若有条件概率，再确认分母严格为正。
步骤7｜边界：逐项说明若去掉某个条件，哪一步将失效。",UNREVIEWED_CURRENT_SOURCE,统计学习方法讲义_v2.6.0_全量索引库.xlsx
M05-DER-37-D01,DERIVATION,核心推导索引,60,37-D01,src/讲义源码/第05册_采样方法主题模型与图排序/chapters/V5-C08.tex,300,854,中,末尾核验不够显式,"步骤1｜目标：从三种观测假设分别推出损失，避免把相同的 $WH$ 误当作相同模型。
步骤2｜对象：$W ℝ^M K$、$H ℝ^K N$ 与 $ =WH ℝ^M N$。
步骤3｜合法条件：高斯模型需 $ ^2>0$；泊松计数非负且正计数处 $ _ij>0$；PLSA 概率矩阵需归一化。
步骤4｜第一动作：先为每种观测机制写联合对数似然，再删除与 $W,H$ 无关的常数。
步骤5｜主推导：4 推导第1步：高斯观测给出平方重构。 若在给定$ W, H$后各元素独立且 $X_ij N( _ij, ^2)$，则 $ - p( X W, H) = MN2 (2 ^2) + 12 ^2 _i,j(x_ij- _ij)^2. $ 固定$ ^2$时，最大化似然等价于最小化 $\| X- W H\|_F^2$。 这可作为实值权重的工作模型；TF--IDF不是计数，不能据此改用泊松似然。 4 推导第2步：泊松计数给出广义KL。 若$N_ij ( _ij)$相互独立，则 $ - p( N ) = _i,j\ _ij-n_ij _ij+ (n_ij!)\. $ 定义 $ D_gKL( N ) = _i,j , $ 采用扩展实数约定：对任意$ 0$令$0 (0/ ):=0$，特别地$0 0:=0$；若$n>0, =0$，则$-n =+ $且$n (n/ )=+ $。因此$n=0, =0$时泊松负对数似然与广义KL的该格贡献都为$0$，$n=0, >0$时都贡献$ $，而$n>0$时必须取$ >0$才能得到有限值。两式之差只含观测计数，因此在同一扩展实数可行域上有相同极小点。
步骤6｜结果核验：检查所有概率或权重非负，且在规定维度上求和为1；若有条件概率，再确认分母严格为正。
步骤7｜边界：逐项说明若去掉某个条件，哪一步将失效。",UNREVIEWED_CURRENT_SOURCE,统计学习方法讲义_v2.6.0_全量索引库.xlsx
M06-CH-01-COVERAGE,EXERCISE_CHAPTER_COVERAGE,章末练习覆盖,2,1,,,,,需复核,,UNREVIEWED_CURRENT_SOURCE,统计学习方法讲义_v2.6.0_全量索引库.xlsx
M06-CH-02-COVERAGE,EXERCISE_CHAPTER_COVERAGE,章末练习覆盖,3,2,,,,,需复核,,UNREVIEWED_CURRENT_SOURCE,统计学习方法讲义_v2.6.0_全量索引库.xlsx
M06-CH-03-COVERAGE,EXERCISE_CHAPTER_COVERAGE,章末练习覆盖,4,3,,,,,需复核,,UNREVIEWED_CURRENT_SOURCE,统计学习方法讲义_v2.6.0_全量索引库.xlsx
M06-CH-04-COVERAGE,EXERCISE_CHAPTER_COVERAGE,章末练习覆盖,5,4,,,,,需复核,,UNREVIEWED_CURRENT_SOURCE,统计学习方法讲义_v2.6.0_全量索引库.xlsx
M06-CH-05-COVERAGE,EXERCISE_CHAPTER_COVERAGE,章末练习覆盖,6,5,,,,,需复核,,UNREVIEWED_CURRENT_SOURCE,统计学习方法讲义_v2.6.0_全量索引库.xlsx
M06-CH-06-COVERAGE,EXERCISE_CHAPTER_COVERAGE,章末练习覆盖,7,6,,,,,需复核,,UNREVIEWED_CURRENT_SOURCE,统计学习方法讲义_v2.6.0_全量索引库.xlsx
M06-CH-07-COVERAGE,EXERCISE_CHAPTER_COVERAGE,章末练习覆盖,8,7,,,,,需复核,,UNREVIEWED_CURRENT_SOURCE,统计学习方法讲义_v2.6.0_全量索引库.xlsx
M06-CH-08-COVERAGE,EXERCISE_CHAPTER_COVERAGE,章末练习覆盖,9,8,,,,,需复核,,UNREVIEWED_CURRENT_SOURCE,统计学习方法讲义_v2.6.0_全量索引库.xlsx
M06-CH-09-COVERAGE,EXERCISE_CHAPTER_COVERAGE,章末练习覆盖,10,9,,,,,需复核,,UNREVIEWED_CURRENT_SOURCE,统计学习方法讲义_v2.6.0_全量索引库.xlsx
M06-CH-10-COVERAGE,EXERCISE_CHAPTER_COVERAGE,章末练习覆盖,11,10,,,,,需复核,,UNREVIEWED_CURRENT_SOURCE,统计学习方法讲义_v2.6.0_全量索引库.xlsx
M06-CH-11-COVERAGE,EXERCISE_CHAPTER_COVERAGE,章末练习覆盖,12,11,,,,,需复核,,UNREVIEWED_CURRENT_SOURCE,统计学习方法讲义_v2.6.0_全量索引库.xlsx
M06-CH-12-COVERAGE,EXERCISE_CHAPTER_COVERAGE,章末练习覆盖,13,12,,,,,需复核,,UNREVIEWED_CURRENT_SOURCE,统计学习方法讲义_v2.6.0_全量索引库.xlsx
M06-CH-13-COVERAGE,EXERCISE_CHAPTER_COVERAGE,章末练习覆盖,14,13,,,,,需复核,,UNREVIEWED_CURRENT_SOURCE,统计学习方法讲义_v2.6.0_全量索引库.xlsx
M06-CH-14-COVERAGE,EXERCISE_CHAPTER_COVERAGE,章末练习覆盖,15,14,,,,,需复核,,UNREVIEWED_CURRENT_SOURCE,统计学习方法讲义_v2.6.0_全量索引库.xlsx
M06-CH-15-COVERAGE,EXERCISE_CHAPTER_COVERAGE,章末练习覆盖,16,15,,,,,需复核,,UNREVIEWED_CURRENT_SOURCE,统计学习方法讲义_v2.6.0_全量索引库.xlsx
M06-CH-16-COVERAGE,EXERCISE_CHAPTER_COVERAGE,章末练习覆盖,17,16,,,,,需复核,,UNREVIEWED_CURRENT_SOURCE,统计学习方法讲义_v2.6.0_全量索引库.xlsx
M06-CH-17-COVERAGE,EXERCISE_CHAPTER_COVERAGE,章末练习覆盖,18,17,,,,,需复核,,UNREVIEWED_CURRENT_SOURCE,统计学习方法讲义_v2.6.0_全量索引库.xlsx
M06-CH-18-COVERAGE,EXERCISE_CHAPTER_COVERAGE,章末练习覆盖,19,18,,,,,需复核,,UNREVIEWED_CURRENT_SOURCE,统计学习方法讲义_v2.6.0_全量索引库.xlsx
M06-CH-19-COVERAGE,EXERCISE_CHAPTER_COVERAGE,章末练习覆盖,20,19,,,,,需复核,,UNREVIEWED_CURRENT_SOURCE,统计学习方法讲义_v2.6.0_全量索引库.xlsx
M06-CH-20-COVERAGE,EXERCISE_CHAPTER_COVERAGE,章末练习覆盖,21,20,,,,,需复核,,UNREVIEWED_CURRENT_SOURCE,统计学习方法讲义_v2.6.0_全量索引库.xlsx
M06-CH-21-COVERAGE,EXERCISE_CHAPTER_COVERAGE,章末练习覆盖,22,21,,,,,需复核,,UNREVIEWED_CURRENT_SOURCE,统计学习方法讲义_v2.6.0_全量索引库.xlsx
M06-CH-22-COVERAGE,EXERCISE_CHAPTER_COVERAGE,章末练习覆盖,23,22,,,,,需复核,,UNREVIEWED_CURRENT_SOURCE,统计学习方法讲义_v2.6.0_全量索引库.xlsx
M06-CH-23-COVERAGE,EXERCISE_CHAPTER_COVERAGE,章末练习覆盖,24,23,,,,,需复核,,UNREVIEWED_CURRENT_SOURCE,统计学习方法讲义_v2.6.0_全量索引库.xlsx
M06-CH-24-COVERAGE,EXERCISE_CHAPTER_COVERAGE,章末练习覆盖,25,24,,,,,需复核,,UNREVIEWED_CURRENT_SOURCE,统计学习方法讲义_v2.6.0_全量索引库.xlsx
M06-CH-25-COVERAGE,EXERCISE_CHAPTER_COVERAGE,章末练习覆盖,26,25,,,,,需复核,,UNREVIEWED_CURRENT_SOURCE,统计学习方法讲义_v2.6.0_全量索引库.xlsx
M06-CH-26-COVERAGE,EXERCISE_CHAPTER_COVERAGE,章末练习覆盖,27,26,,,,,需复核,,UNREVIEWED_CURRENT_SOURCE,统计学习方法讲义_v2.6.0_全量索引库.xlsx
M06-CH-27-COVERAGE,EXERCISE_CHAPTER_COVERAGE,章末练习覆盖,28,27,,,,,需复核,,UNREVIEWED_CURRENT_SOURCE,统计学习方法讲义_v2.6.0_全量索引库.xlsx
M06-CH-28-COVERAGE,EXERCISE_CHAPTER_COVERAGE,章末练习覆盖,29,28,,,,,需复核,,UNREVIEWED_CURRENT_SOURCE,统计学习方法讲义_v2.6.0_全量索引库.xlsx
M06-CH-29-COVERAGE,EXERCISE_CHAPTER_COVERAGE,章末练习覆盖,30,29,,,,,需复核,,UNREVIEWED_CURRENT_SOURCE,统计学习方法讲义_v2.6.0_全量索引库.xlsx
M06-CH-30-COVERAGE,EXERCISE_CHAPTER_COVERAGE,章末练习覆盖,31,30,,,,,需复核,,UNREVIEWED_CURRENT_SOURCE,统计学习方法讲义_v2.6.0_全量索引库.xlsx
M06-CH-31-COVERAGE,EXERCISE_CHAPTER_COVERAGE,章末练习覆盖,32,31,,,,,需复核,,UNREVIEWED_CURRENT_SOURCE,统计学习方法讲义_v2.6.0_全量索引库.xlsx
M06-CH-32-COVERAGE,EXERCISE_CHAPTER_COVERAGE,章末练习覆盖,33,32,,,,,需复核,,UNREVIEWED_CURRENT_SOURCE,统计学习方法讲义_v2.6.0_全量索引库.xlsx
M06-CH-33-COVERAGE,EXERCISE_CHAPTER_COVERAGE,章末练习覆盖,34,33,,,,,需复核,,UNREVIEWED_CURRENT_SOURCE,统计学习方法讲义_v2.6.0_全量索引库.xlsx
M06-CH-34-COVERAGE,EXERCISE_CHAPTER_COVERAGE,章末练习覆盖,35,34,,,,,需复核,,UNREVIEWED_CURRENT_SOURCE,统计学习方法讲义_v2.6.0_全量索引库.xlsx
M06-CH-35-COVERAGE,EXERCISE_CHAPTER_COVERAGE,章末练习覆盖,36,35,,,,,需复核,,UNREVIEWED_CURRENT_SOURCE,统计学习方法讲义_v2.6.0_全量索引库.xlsx
M06-CH-36-COVERAGE,EXERCISE_CHAPTER_COVERAGE,章末练习覆盖,37,36,,,,,需复核,,UNREVIEWED_CURRENT_SOURCE,统计学习方法讲义_v2.6.0_全量索引库.xlsx
M06-CH-37-COVERAGE,EXERCISE_CHAPTER_COVERAGE,章末练习覆盖,38,37,,,,,需复核,,UNREVIEWED_CURRENT_SOURCE,统计学习方法讲义_v2.6.0_全量索引库.xlsx
