PATH,CATEGORY,ORDINARY_FILE,BYTES,PNG_OPENABLE,DIMENSIONS,SAFE_FILENAME,PASS_FAIL
__pycache__/audit_sa2_core.cpython-311.pyc,NONAUTHORITATIVE_STALE,true,131771,N/A,,true,PASS
after_D_same_class.csv,CURRENT_REPORT_OR_VIEW,true,6326,N/A,,true,PASS
after_E_role_ratios.csv,CURRENT_REPORT_OR_VIEW,true,3653,N/A,,true,PASS
after_font_audit.csv,CURRENT_REPORT_OR_VIEW,true,9933,N/A,,true,PASS
after_overlap_report.csv,CURRENT_REPORT_OR_VIEW,true,193762,N/A,,true,PASS
after_pixel_measurements.csv,CURRENT_REPORT_OR_VIEW,true,118811,N/A,,true,PASS
after_text_measurement_overlay_300dpi.png,CURRENT_REPORT_OR_VIEW,true,513372,true,2481x3508,true,PASS
after_visual_acceptance.md,CURRENT_REPORT_OR_VIEW,true,4622,N/A,,true,PASS
all_unordered_pairs.csv,CURRENT_REPORT_OR_VIEW,true,133726,N/A,,true,PASS
audit_sa2_core.py,CURRENT_REPORT_OR_VIEW,true,104230,N/A,,true,PASS
before/before_figure_crop_300dpi.png,PRE_CHANGE_EVIDENCE,true,183906,true,1980x889,true,PASS
before/before_full_page_200dpi.png,PRE_CHANGE_EVIDENCE,true,534153,true,1654x2339,true,PASS
before/before_full_page_300dpi.png,PRE_CHANGE_EVIDENCE,true,859839,true,2481x3508,true,PASS
before/before_page628_text.txt,PRE_CHANGE_EVIDENCE,true,4723,N/A,,true,PASS
before/fig_v5_c02_is_support_before.tex,PRE_CHANGE_EVIDENCE,true,5662,N/A,,true,PASS
build/calibration/calibration_low_profile_punctuation.aux,NONAUTHORITATIVE_BUILD_AUX,true,230,N/A,,true,PASS
build/calibration/calibration_low_profile_punctuation.fdb_latexmk,NONAUTHORITATIVE_BUILD_AUX,true,66131,N/A,,true,PASS
build/calibration/calibration_low_profile_punctuation.fls,NONAUTHORITATIVE_BUILD_AUX,true,46140,N/A,,true,PASS
build/calibration/calibration_low_profile_punctuation.idx,NONAUTHORITATIVE_BUILD_AUX,false,0,N/A,,true,PASS
build/calibration/calibration_low_profile_punctuation.ilg,NONAUTHORITATIVE_BUILD_AUX,true,299,N/A,,true,PASS
build/calibration/calibration_low_profile_punctuation.ind,NONAUTHORITATIVE_BUILD_AUX,false,0,N/A,,true,PASS
build/calibration/calibration_low_profile_punctuation.log,FINAL_BUILD,true,136632,N/A,,true,PASS
build/calibration/calibration_low_profile_punctuation.pdf,FINAL_BUILD,true,5718,N/A,,true,PASS
build/calibration/symbols.idx,NONAUTHORITATIVE_BUILD_AUX,false,0,N/A,,true,PASS
build/calibration/symbols.ilg,NONAUTHORITATIVE_BUILD_AUX,true,215,N/A,,true,PASS
build/calibration/symbols.ind,NONAUTHORITATIVE_BUILD_AUX,false,0,N/A,,true,PASS
build/page/latexmk_console.log,NONAUTHORITATIVE_BUILD_AUX,true,4244,N/A,,true,PASS
build/page/latexmk_console_rerun.log,NONAUTHORITATIVE_BUILD_AUX,true,66840,N/A,,true,PASS
build/page/symbols.idx,NONAUTHORITATIVE_BUILD_AUX,false,0,N/A,,true,PASS
build/page/symbols.ilg,NONAUTHORITATIVE_BUILD_AUX,true,215,N/A,,true,PASS
build/page/symbols.ind,NONAUTHORITATIVE_BUILD_AUX,false,0,N/A,,true,PASS
build/page/v260_FIG-P580-01_page.aux,NONAUTHORITATIVE_BUILD_AUX,true,805,N/A,,true,PASS
build/page/v260_FIG-P580-01_page.fdb_latexmk,NONAUTHORITATIVE_BUILD_AUX,true,66377,N/A,,true,PASS
build/page/v260_FIG-P580-01_page.fls,FINAL_BUILD,true,46685,N/A,,true,PASS
build/page/v260_FIG-P580-01_page.idx,NONAUTHORITATIVE_BUILD_AUX,false,0,N/A,,true,PASS
build/page/v260_FIG-P580-01_page.ilg,NONAUTHORITATIVE_BUILD_AUX,true,257,N/A,,true,PASS
build/page/v260_FIG-P580-01_page.ind,NONAUTHORITATIVE_BUILD_AUX,false,0,N/A,,true,PASS
build/page/v260_FIG-P580-01_page.log,FINAL_BUILD,true,146253,N/A,,true,PASS
build/page/v260_FIG-P580-01_page.pdf,FINAL_BUILD,true,69542,N/A,,true,PASS
build/standalone/latexmk_console.log,NONAUTHORITATIVE_BUILD_AUX,true,4305,N/A,,true,PASS
build/standalone/symbols.idx,NONAUTHORITATIVE_BUILD_AUX,false,0,N/A,,true,PASS
build/standalone/symbols.ilg,NONAUTHORITATIVE_BUILD_AUX,true,215,N/A,,true,PASS
build/standalone/symbols.ind,NONAUTHORITATIVE_BUILD_AUX,false,0,N/A,,true,PASS
build/standalone/v260_FIG-P580-01_standalone.aux,NONAUTHORITATIVE_BUILD_AUX,true,471,N/A,,true,PASS
build/standalone/v260_FIG-P580-01_standalone.fdb_latexmk,NONAUTHORITATIVE_BUILD_AUX,true,66255,N/A,,true,PASS
build/standalone/v260_FIG-P580-01_standalone.fls,FINAL_BUILD,true,46769,N/A,,true,PASS
build/standalone/v260_FIG-P580-01_standalone.idx,NONAUTHORITATIVE_BUILD_AUX,false,0,N/A,,true,PASS
build/standalone/v260_FIG-P580-01_standalone.ilg,NONAUTHORITATIVE_BUILD_AUX,true,275,N/A,,true,PASS
build/standalone/v260_FIG-P580-01_standalone.ind,NONAUTHORITATIVE_BUILD_AUX,false,0,N/A,,true,PASS
build/standalone/v260_FIG-P580-01_standalone.log,FINAL_BUILD,true,144118,N/A,,true,PASS
build/standalone/v260_FIG-P580-01_standalone.pdf,FINAL_BUILD,true,40522,N/A,,true,PASS
build/texmf-var/luatex-cache/generic/fonts/otl/lmroman10-bold.lua,NONAUTHORITATIVE_BUILD_AUX,true,211481,N/A,,true,PASS
build/texmf-var/luatex-cache/generic/fonts/otl/lmroman10-bold.luc,NONAUTHORITATIVE_BUILD_AUX,true,128402,N/A,,true,PASS
build/texmf-var/luatex-cache/generic/fonts/otl/lmroman10-regular.lua,NONAUTHORITATIVE_BUILD_AUX,true,211876,N/A,,true,PASS
build/texmf-var/luatex-cache/generic/fonts/otl/lmroman10-regular.luc,NONAUTHORITATIVE_BUILD_AUX,true,127319,N/A,,true,PASS
build/texmf-var/luatex-cache/generic/fonts/otl/lmroman9-regular.lua,NONAUTHORITATIVE_BUILD_AUX,true,211852,N/A,,true,PASS
build/texmf-var/luatex-cache/generic/fonts/otl/lmroman9-regular.luc,NONAUTHORITATIVE_BUILD_AUX,true,127952,N/A,,true,PASS
build/texmf-var/luatex-cache/generic/fonts/otl/noto-sans-sc-bold-truetype-.lua,NONAUTHORITATIVE_BUILD_AUX,true,4678340,N/A,,true,PASS
build/texmf-var/luatex-cache/generic/fonts/otl/noto-sans-sc-bold-truetype-.luc,NONAUTHORITATIVE_BUILD_AUX,true,2604675,N/A,,true,PASS
build/texmf-var/luatex-cache/generic/fonts/otl/noto-sans-sc-truetype-.lua,NONAUTHORITATIVE_BUILD_AUX,true,4672039,N/A,,true,PASS
build/texmf-var/luatex-cache/generic/fonts/otl/noto-sans-sc-truetype-.luc,NONAUTHORITATIVE_BUILD_AUX,true,2595769,N/A,,true,PASS
build/texmf-var/luatex-cache/generic/fonts/otl/notoserifsc-vf.lua,NONAUTHORITATIVE_BUILD_AUX,true,4876661,N/A,,true,PASS
build/texmf-var/luatex-cache/generic/fonts/otl/notoserifsc-vf.luc,NONAUTHORITATIVE_BUILD_AUX,true,2713935,N/A,,true,PASS
build/texmf-var/luatex-cache/generic/fonts/otl/simhei.lua,NONAUTHORITATIVE_BUILD_AUX,true,3301441,N/A,,true,PASS
build/texmf-var/luatex-cache/generic/fonts/otl/simhei.luc,NONAUTHORITATIVE_BUILD_AUX,true,1763210,N/A,,true,PASS
build/texmf-var/luatex-cache/generic/fonts/otl/simkai.lua,NONAUTHORITATIVE_BUILD_AUX,true,3530495,N/A,,true,PASS
build/texmf-var/luatex-cache/generic/fonts/otl/simkai.luc,NONAUTHORITATIVE_BUILD_AUX,true,2057650,N/A,,true,PASS
build/texmf-var/luatex-cache/generic/fonts/otl/simsun-1.lua,NONAUTHORITATIVE_BUILD_AUX,true,4393136,N/A,,true,PASS
build/texmf-var/luatex-cache/generic/fonts/otl/simsun-1.luc,NONAUTHORITATIVE_BUILD_AUX,true,1996857,N/A,,true,PASS
build/texmf-var/luatex-cache/generic/fonts/otl/stixtwomath-regular.lua,NONAUTHORITATIVE_BUILD_AUX,true,1595090,N/A,,true,PASS
build/texmf-var/luatex-cache/generic/fonts/otl/stixtwomath-regular.luc,NONAUTHORITATIVE_BUILD_AUX,true,926180,N/A,,true,PASS
build/texmf-var/luatex-cache/generic/fonts/otl/stixtwotext-bold.lua,NONAUTHORITATIVE_BUILD_AUX,true,1040340,N/A,,true,PASS
build/texmf-var/luatex-cache/generic/fonts/otl/stixtwotext-bold.luc,NONAUTHORITATIVE_BUILD_AUX,true,610426,N/A,,true,PASS
build/texmf-var/luatex-cache/generic/fonts/otl/stixtwotext-bolditalic.lua,NONAUTHORITATIVE_BUILD_AUX,true,1085532,N/A,,true,PASS
build/texmf-var/luatex-cache/generic/fonts/otl/stixtwotext-bolditalic.luc,NONAUTHORITATIVE_BUILD_AUX,true,622765,N/A,,true,PASS
build/texmf-var/luatex-cache/generic/fonts/otl/stixtwotext-italic.lua,NONAUTHORITATIVE_BUILD_AUX,true,1086958,N/A,,true,PASS
build/texmf-var/luatex-cache/generic/fonts/otl/stixtwotext-italic.luc,NONAUTHORITATIVE_BUILD_AUX,true,641063,N/A,,true,PASS
build/texmf-var/luatex-cache/generic/fonts/otl/stixtwotext-regular.lua,NONAUTHORITATIVE_BUILD_AUX,true,1041173,N/A,,true,PASS
build/texmf-var/luatex-cache/generic/fonts/otl/stixtwotext-regular.luc,NONAUTHORITATIVE_BUILD_AUX,true,628656,N/A,,true,PASS
build/texmf-var/luatex-cache/generic/fonts/otl/texgyreheros-bold.lua,NONAUTHORITATIVE_BUILD_AUX,true,366441,N/A,,true,PASS
build/texmf-var/luatex-cache/generic/fonts/otl/texgyreheros-bold.luc,NONAUTHORITATIVE_BUILD_AUX,true,212902,N/A,,true,PASS
build/texmf-var/luatex-cache/generic/fonts/otl/texgyreheros-bolditalic.lua,NONAUTHORITATIVE_BUILD_AUX,true,369380,N/A,,true,PASS
build/texmf-var/luatex-cache/generic/fonts/otl/texgyreheros-bolditalic.luc,NONAUTHORITATIVE_BUILD_AUX,true,213994,N/A,,true,PASS
build/texmf-var/luatex-cache/generic/fonts/otl/texgyreheros-italic.lua,NONAUTHORITATIVE_BUILD_AUX,true,378368,N/A,,true,PASS
build/texmf-var/luatex-cache/generic/fonts/otl/texgyreheros-italic.luc,NONAUTHORITATIVE_BUILD_AUX,true,217283,N/A,,true,PASS
build/texmf-var/luatex-cache/generic/fonts/otl/texgyreheros-regular.lua,NONAUTHORITATIVE_BUILD_AUX,true,370511,N/A,,true,PASS
build/texmf-var/luatex-cache/generic/fonts/otl/texgyreheros-regular.luc,NONAUTHORITATIVE_BUILD_AUX,true,213467,N/A,,true,PASS
build/texmf-var/luatex-cache/generic/fonts/otl/xitsmath-bold.lua,NONAUTHORITATIVE_BUILD_AUX,true,515860,N/A,,true,PASS
build/texmf-var/luatex-cache/generic/fonts/otl/xitsmath-bold.luc,NONAUTHORITATIVE_BUILD_AUX,true,291895,N/A,,true,PASS
build/texmf-var/luatex-cache/generic/fonts/streams/notoserifscvfttf-1.lua,NONAUTHORITATIVE_BUILD_AUX,true,27947636,N/A,,true,PASS
build/texmf-var/luatex-cache/generic/fonts/streams/notoserifscvfttf-1.luc,NONAUTHORITATIVE_BUILD_AUX,true,14788270,N/A,,true,PASS
build/texmf-var/luatex-cache/generic/names/luaotfload-lookup-cache.lua,NONAUTHORITATIVE_BUILD_AUX,true,18797,N/A,,true,PASS
build/texmf-var/luatex-cache/generic/names/luaotfload-lookup-cache.luc,NONAUTHORITATIVE_BUILD_AUX,true,12171,N/A,,true,PASS
build/texmf-var/luatex-cache/generic/names/luaotfload-names.lua.gz,NONAUTHORITATIVE_BUILD_AUX,true,233877,N/A,,true,PASS
build/texmf-var/luatex-cache/generic/names/luaotfload-names.luc.gz,NONAUTHORITATIVE_BUILD_AUX,true,343189,N/A,,true,PASS
build/texmf-var/luatexja/extra_kaiti.lua.gz,NONAUTHORITATIVE_BUILD_AUX,true,61873,N/A,,true,PASS
build/texmf-var/luatexja/extra_kaiti.luc,NONAUTHORITATIVE_BUILD_AUX,true,379033,N/A,,true,PASS
build/texmf-var/luatexja/extra_lmroman10-bold.lua.gz,NONAUTHORITATIVE_BUILD_AUX,true,3574,N/A,,true,PASS
build/texmf-var/luatexja/extra_lmroman10-bold.luc,NONAUTHORITATIVE_BUILD_AUX,true,17367,N/A,,true,PASS
build/texmf-var/luatexja/extra_lmroman10-regular.lua.gz,NONAUTHORITATIVE_BUILD_AUX,true,3574,N/A,,true,PASS
build/texmf-var/luatexja/extra_lmroman10-regular.luc,NONAUTHORITATIVE_BUILD_AUX,true,17367,N/A,,true,PASS
build/texmf-var/luatexja/extra_lmroman9-regular.lua.gz,NONAUTHORITATIVE_BUILD_AUX,true,3574,N/A,,true,PASS
build/texmf-var/luatexja/extra_lmroman9-regular.luc,NONAUTHORITATIVE_BUILD_AUX,true,17367,N/A,,true,PASS
build/texmf-var/luatexja/extra_notosanssc-bold.lua.gz,NONAUTHORITATIVE_BUILD_AUX,true,72054,N/A,,true,PASS
build/texmf-var/luatexja/extra_notosanssc-bold.luc,NONAUTHORITATIVE_BUILD_AUX,true,419047,N/A,,true,PASS
build/texmf-var/luatexja/extra_notosanssc-regular.lua.gz,NONAUTHORITATIVE_BUILD_AUX,true,72028,N/A,,true,PASS
build/texmf-var/luatexja/extra_notosanssc-regular.luc,NONAUTHORITATIVE_BUILD_AUX,true,418981,N/A,,true,PASS
build/texmf-var/luatexja/extra_notoserifsc-extralight.lua.gz,NONAUTHORITATIVE_BUILD_AUX,true,73050,N/A,,true,PASS
build/texmf-var/luatexja/extra_notoserifsc-extralight.luc,NONAUTHORITATIVE_BUILD_AUX,true,422494,N/A,,true,PASS
build/texmf-var/luatexja/extra_simhei.lua.gz,NONAUTHORITATIVE_BUILD_AUX,true,61889,N/A,,true,PASS
build/texmf-var/luatexja/extra_simhei.luc,NONAUTHORITATIVE_BUILD_AUX,true,379050,N/A,,true,PASS
build/texmf-var/luatexja/extra_simsun.lua.gz,NONAUTHORITATIVE_BUILD_AUX,true,132439,N/A,,true,PASS
build/texmf-var/luatexja/extra_simsun.luc,NONAUTHORITATIVE_BUILD_AUX,true,733306,N/A,,true,PASS
build/texmf-var/luatexja/extra_stixtwomath-regular.lua.gz,NONAUTHORITATIVE_BUILD_AUX,true,26045,N/A,,true,PASS
build/texmf-var/luatexja/extra_stixtwomath-regular.luc,NONAUTHORITATIVE_BUILD_AUX,true,128126,N/A,,true,PASS
build/texmf-var/luatexja/extra_stixtwotext-bold.lua.gz,NONAUTHORITATIVE_BUILD_AUX,true,8620,N/A,,true,PASS
build/texmf-var/luatexja/extra_stixtwotext-bold.luc,NONAUTHORITATIVE_BUILD_AUX,true,42808,N/A,,true,PASS
build/texmf-var/luatexja/extra_stixtwotext-bolditalic.lua.gz,NONAUTHORITATIVE_BUILD_AUX,true,8662,N/A,,true,PASS
build/texmf-var/luatexja/extra_stixtwotext-bolditalic.luc,NONAUTHORITATIVE_BUILD_AUX,true,43029,N/A,,true,PASS
build/texmf-var/luatexja/extra_stixtwotext-italic.lua.gz,NONAUTHORITATIVE_BUILD_AUX,true,8662,N/A,,true,PASS
build/texmf-var/luatexja/extra_stixtwotext-italic.luc,NONAUTHORITATIVE_BUILD_AUX,true,43029,N/A,,true,PASS
build/texmf-var/luatexja/extra_stixtwotext-regular.lua.gz,NONAUTHORITATIVE_BUILD_AUX,true,8620,N/A,,true,PASS
build/texmf-var/luatexja/extra_stixtwotext-regular.luc,NONAUTHORITATIVE_BUILD_AUX,true,42808,N/A,,true,PASS
build/texmf-var/luatexja/extra_texgyreheros-bold.lua.gz,NONAUTHORITATIVE_BUILD_AUX,true,4296,N/A,,true,PASS
build/texmf-var/luatexja/extra_texgyreheros-bold.luc,NONAUTHORITATIVE_BUILD_AUX,true,21380,N/A,,true,PASS
build/texmf-var/luatexja/extra_texgyreheros-bolditalic.lua.gz,NONAUTHORITATIVE_BUILD_AUX,true,4296,N/A,,true,PASS
build/texmf-var/luatexja/extra_texgyreheros-bolditalic.luc,NONAUTHORITATIVE_BUILD_AUX,true,21380,N/A,,true,PASS
build/texmf-var/luatexja/extra_texgyreheros-italic.lua.gz,NONAUTHORITATIVE_BUILD_AUX,true,4296,N/A,,true,PASS
build/texmf-var/luatexja/extra_texgyreheros-italic.luc,NONAUTHORITATIVE_BUILD_AUX,true,21380,N/A,,true,PASS
build/texmf-var/luatexja/extra_texgyreheros-regular.lua.gz,NONAUTHORITATIVE_BUILD_AUX,true,4296,N/A,,true,PASS
build/texmf-var/luatexja/extra_texgyreheros-regular.luc,NONAUTHORITATIVE_BUILD_AUX,true,21380,N/A,,true,PASS
build/texmf-var/luatexja/extra_xitsmath-bold.lua.gz,NONAUTHORITATIVE_BUILD_AUX,true,11578,N/A,,true,PASS
build/texmf-var/luatexja/extra_xitsmath-bold.luc,NONAUTHORITATIVE_BUILD_AUX,true,58217,N/A,,true,PASS
build/texmf-var/luatexja/ltj-cid-auto-adobe-gb1.lua.gz,NONAUTHORITATIVE_BUILD_AUX,true,395605,N/A,,true,PASS
build/texmf-var/luatexja/ltj-cid-auto-adobe-gb1.luc,NONAUTHORITATIVE_BUILD_AUX,true,1829283,N/A,,true,PASS
build/texmf-var/luatexja/ltj-cid-auto-adobe-japan1.lua.gz,NONAUTHORITATIVE_BUILD_AUX,true,334445,N/A,,true,PASS
build/texmf-var/luatexja/ltj-cid-auto-adobe-japan1.luc,NONAUTHORITATIVE_BUILD_AUX,true,1643763,N/A,,true,PASS
build/texmf-var/luatexja/ltj-jisx0208.luc,NONAUTHORITATIVE_BUILD_AUX,true,93919,N/A,,true,PASS
build/texmf-var/luatexja/ltj-kinsoku_default.lua.gz,NONAUTHORITATIVE_BUILD_AUX,true,2454,N/A,,true,PASS
build/texmf-var/luatexja/ltj-kinsoku_default.luc,NONAUTHORITATIVE_BUILD_AUX,true,17654,N/A,,true,PASS
build_commands.md,CURRENT_REPORT_OR_VIEW,true,2822,N/A,,true,PASS
calibration_low_profile_punctuation.tex,CURRENT_REPORT_OR_VIEW,true,337,N/A,,true,PASS
clip_and_edge_clearance.csv,CURRENT_REPORT_OR_VIEW,true,677,N/A,,true,PASS
core_audit_summary.json,CURRENT_REPORT_OR_VIEW,true,1328,N/A,,true,PASS
critical_relations/PAIR_E003_GR021/intersection_mask_1x.png,NONAUTHORITATIVE_STALE,true,465,true,553x228,true,PASS
critical_relations/PAIR_E003_GR021/intersection_mask_8x_nearest.png,NONAUTHORITATIVE_STALE,true,11134,true,4424x1824,true,PASS
critical_relations/PAIR_E003_GR021/object_A_mask_1x.png,NONAUTHORITATIVE_STALE,true,2696,true,553x228,true,PASS
critical_relations/PAIR_E003_GR021/object_A_mask_8x_nearest.png,NONAUTHORITATIVE_STALE,true,14608,true,4424x1824,true,PASS
critical_relations/PAIR_E003_GR021/object_B_mask_1x.png,NONAUTHORITATIVE_STALE,true,1426,true,553x228,true,PASS
critical_relations/PAIR_E003_GR021/object_B_mask_8x_nearest.png,NONAUTHORITATIVE_STALE,true,12783,true,4424x1824,true,PASS
critical_relations/PAIR_E003_GR021/overlay_1x.png,NONAUTHORITATIVE_STALE,true,6100,true,553x228,true,PASS
critical_relations/PAIR_E003_GR021/overlay_8x_nearest.png,NONAUTHORITATIVE_STALE,true,36386,true,4424x1824,true,PASS
critical_relations/PAIR_E003_GR021/raw_roi_1x.png,NONAUTHORITATIVE_STALE,true,16829,true,553x228,true,PASS
critical_relations/PAIR_E003_GR021/raw_roi_8x_nearest.png,NONAUTHORITATIVE_STALE,true,52433,true,4424x1824,true,PASS
critical_relations/PAIR_E003_GR021/relation.json,NONAUTHORITATIVE_STALE,true,351,N/A,,true,PASS
critical_relations/PAIR_E004_E007/intersection_mask_1x.png,NONAUTHORITATIVE_STALE,true,275,true,572x112,true,PASS
critical_relations/PAIR_E004_E007/intersection_mask_8x_nearest.png,NONAUTHORITATIVE_STALE,true,5626,true,4576x896,true,PASS
critical_relations/PAIR_E004_E007/object_A_mask_1x.png,NONAUTHORITATIVE_STALE,true,1938,true,572x112,true,PASS
critical_relations/PAIR_E004_E007/object_A_mask_8x_nearest.png,NONAUTHORITATIVE_STALE,true,8477,true,4576x896,true,PASS
critical_relations/PAIR_E004_E007/object_B_mask_1x.png,NONAUTHORITATIVE_STALE,true,1263,true,572x112,true,PASS
critical_relations/PAIR_E004_E007/object_B_mask_8x_nearest.png,NONAUTHORITATIVE_STALE,true,7285,true,4576x896,true,PASS
critical_relations/PAIR_E004_E007/overlay_1x.png,NONAUTHORITATIVE_STALE,true,8932,true,572x112,true,PASS
critical_relations/PAIR_E004_E007/overlay_8x_nearest.png,NONAUTHORITATIVE_STALE,true,28475,true,4576x896,true,PASS
critical_relations/PAIR_E004_E007/raw_roi_1x.png,NONAUTHORITATIVE_STALE,true,24230,true,572x112,true,PASS
critical_relations/PAIR_E004_E007/raw_roi_8x_nearest.png,NONAUTHORITATIVE_STALE,true,50185,true,4576x896,true,PASS
critical_relations/PAIR_E004_E007/relation.json,NONAUTHORITATIVE_STALE,true,348,N/A,,true,PASS
critical_relations/PAIR_E028_E030/intersection_mask_1x.png,NONAUTHORITATIVE_STALE,true,268,true,551x109,true,PASS
critical_relations/PAIR_E028_E030/intersection_mask_8x_nearest.png,NONAUTHORITATIVE_STALE,true,5344,true,4408x872,true,PASS
critical_relations/PAIR_E028_E030/object_A_mask_1x.png,NONAUTHORITATIVE_STALE,true,1298,true,551x109,true,PASS
critical_relations/PAIR_E028_E030/object_A_mask_8x_nearest.png,NONAUTHORITATIVE_STALE,true,7003,true,4408x872,true,PASS
critical_relations/PAIR_E028_E030/object_B_mask_1x.png,NONAUTHORITATIVE_STALE,true,1548,true,551x109,true,PASS
critical_relations/PAIR_E028_E030/object_B_mask_8x_nearest.png,NONAUTHORITATIVE_STALE,true,7399,true,4408x872,true,PASS
critical_relations/PAIR_E028_E030/overlay_1x.png,NONAUTHORITATIVE_STALE,true,6902,true,551x109,true,PASS
critical_relations/PAIR_E028_E030/overlay_8x_nearest.png,NONAUTHORITATIVE_STALE,true,24516,true,4408x872,true,PASS
critical_relations/PAIR_E028_E030/raw_roi_1x.png,NONAUTHORITATIVE_STALE,true,19666,true,551x109,true,PASS
critical_relations/PAIR_E028_E030/raw_roi_8x_nearest.png,NONAUTHORITATIVE_STALE,true,43847,true,4408x872,true,PASS
critical_relations/PAIR_E028_E030/relation.json,NONAUTHORITATIVE_STALE,true,350,N/A,,true,PASS
critical_relations/REQ_CARD_G0107_TO_CARD_TOP/intersection_mask_1x.png,NONAUTHORITATIVE_STALE,true,465,true,553x228,true,PASS
critical_relations/REQ_CARD_G0107_TO_CARD_TOP/intersection_mask_8x_nearest.png,NONAUTHORITATIVE_STALE,true,11134,true,4424x1824,true,PASS
critical_relations/REQ_CARD_G0107_TO_CARD_TOP/object_A_mask_1x.png,NONAUTHORITATIVE_STALE,true,552,true,553x228,true,PASS
critical_relations/REQ_CARD_G0107_TO_CARD_TOP/object_A_mask_8x_nearest.png,NONAUTHORITATIVE_STALE,true,11290,true,4424x1824,true,PASS
critical_relations/REQ_CARD_G0107_TO_CARD_TOP/object_B_mask_1x.png,NONAUTHORITATIVE_STALE,true,857,true,553x228,true,PASS
critical_relations/REQ_CARD_G0107_TO_CARD_TOP/object_B_mask_8x_nearest.png,NONAUTHORITATIVE_STALE,true,11702,true,4424x1824,true,PASS
critical_relations/REQ_CARD_G0107_TO_CARD_TOP/overlay_1x.png,NONAUTHORITATIVE_STALE,true,16340,true,553x228,true,PASS
critical_relations/REQ_CARD_G0107_TO_CARD_TOP/overlay_8x_nearest.png,NONAUTHORITATIVE_STALE,true,51651,true,4424x1824,true,PASS
critical_relations/REQ_CARD_G0107_TO_CARD_TOP/raw_roi_1x.png,NONAUTHORITATIVE_STALE,true,16829,true,553x228,true,PASS
critical_relations/REQ_CARD_G0107_TO_CARD_TOP/raw_roi_8x_nearest.png,NONAUTHORITATIVE_STALE,true,52433,true,4424x1824,true,PASS
critical_relations/REQ_CARD_G0107_TO_CARD_TOP/relation.json,NONAUTHORITATIVE_STALE,true,366,N/A,,true,PASS
critical_relations/REQ_CARD_G0108_TO_CARD_TOP/intersection_mask_1x.png,NONAUTHORITATIVE_STALE,true,465,true,553x228,true,PASS
critical_relations/REQ_CARD_G0108_TO_CARD_TOP/intersection_mask_8x_nearest.png,NONAUTHORITATIVE_STALE,true,11134,true,4424x1824,true,PASS
critical_relations/REQ_CARD_G0108_TO_CARD_TOP/object_A_mask_1x.png,NONAUTHORITATIVE_STALE,true,539,true,553x228,true,PASS
critical_relations/REQ_CARD_G0108_TO_CARD_TOP/object_A_mask_8x_nearest.png,NONAUTHORITATIVE_STALE,true,11314,true,4424x1824,true,PASS
critical_relations/REQ_CARD_G0108_TO_CARD_TOP/object_B_mask_1x.png,NONAUTHORITATIVE_STALE,true,857,true,553x228,true,PASS
critical_relations/REQ_CARD_G0108_TO_CARD_TOP/object_B_mask_8x_nearest.png,NONAUTHORITATIVE_STALE,true,11702,true,4424x1824,true,PASS
critical_relations/REQ_CARD_G0108_TO_CARD_TOP/overlay_1x.png,NONAUTHORITATIVE_STALE,true,17129,true,553x228,true,PASS
critical_relations/REQ_CARD_G0108_TO_CARD_TOP/overlay_8x_nearest.png,NONAUTHORITATIVE_STALE,true,52755,true,4424x1824,true,PASS
critical_relations/REQ_CARD_G0108_TO_CARD_TOP/raw_roi_1x.png,NONAUTHORITATIVE_STALE,true,16829,true,553x228,true,PASS
critical_relations/REQ_CARD_G0108_TO_CARD_TOP/raw_roi_8x_nearest.png,NONAUTHORITATIVE_STALE,true,52433,true,4424x1824,true,PASS
critical_relations/REQ_CARD_G0108_TO_CARD_TOP/relation.json,NONAUTHORITATIVE_STALE,true,366,N/A,,true,PASS
critical_relations/REQ_CARD_G0109_TO_CARD_TOP/intersection_mask_1x.png,NONAUTHORITATIVE_STALE,true,465,true,553x228,true,PASS
critical_relations/REQ_CARD_G0109_TO_CARD_TOP/intersection_mask_8x_nearest.png,NONAUTHORITATIVE_STALE,true,11134,true,4424x1824,true,PASS
critical_relations/REQ_CARD_G0109_TO_CARD_TOP/object_A_mask_1x.png,NONAUTHORITATIVE_STALE,true,571,true,553x228,true,PASS
critical_relations/REQ_CARD_G0109_TO_CARD_TOP/object_A_mask_8x_nearest.png,NONAUTHORITATIVE_STALE,true,11337,true,4424x1824,true,PASS
critical_relations/REQ_CARD_G0109_TO_CARD_TOP/object_B_mask_1x.png,NONAUTHORITATIVE_STALE,true,857,true,553x228,true,PASS
critical_relations/REQ_CARD_G0109_TO_CARD_TOP/object_B_mask_8x_nearest.png,NONAUTHORITATIVE_STALE,true,11702,true,4424x1824,true,PASS
critical_relations/REQ_CARD_G0109_TO_CARD_TOP/overlay_1x.png,NONAUTHORITATIVE_STALE,true,17232,true,553x228,true,PASS
critical_relations/REQ_CARD_G0109_TO_CARD_TOP/overlay_8x_nearest.png,NONAUTHORITATIVE_STALE,true,52814,true,4424x1824,true,PASS
critical_relations/REQ_CARD_G0109_TO_CARD_TOP/raw_roi_1x.png,NONAUTHORITATIVE_STALE,true,16829,true,553x228,true,PASS
critical_relations/REQ_CARD_G0109_TO_CARD_TOP/raw_roi_8x_nearest.png,NONAUTHORITATIVE_STALE,true,52433,true,4424x1824,true,PASS
critical_relations/REQ_CARD_G0109_TO_CARD_TOP/relation.json,NONAUTHORITATIVE_STALE,true,366,N/A,,true,PASS
critical_relations/REQ_CARD_G0110_TO_CARD_TOP/intersection_mask_1x.png,NONAUTHORITATIVE_STALE,true,465,true,553x228,true,PASS
critical_relations/REQ_CARD_G0110_TO_CARD_TOP/intersection_mask_8x_nearest.png,NONAUTHORITATIVE_STALE,true,11134,true,4424x1824,true,PASS
critical_relations/REQ_CARD_G0110_TO_CARD_TOP/object_A_mask_1x.png,NONAUTHORITATIVE_STALE,true,540,true,553x228,true,PASS
critical_relations/REQ_CARD_G0110_TO_CARD_TOP/object_A_mask_8x_nearest.png,NONAUTHORITATIVE_STALE,true,11336,true,4424x1824,true,PASS
critical_relations/REQ_CARD_G0110_TO_CARD_TOP/object_B_mask_1x.png,NONAUTHORITATIVE_STALE,true,857,true,553x228,true,PASS
critical_relations/REQ_CARD_G0110_TO_CARD_TOP/object_B_mask_8x_nearest.png,NONAUTHORITATIVE_STALE,true,11702,true,4424x1824,true,PASS
critical_relations/REQ_CARD_G0110_TO_CARD_TOP/overlay_1x.png,NONAUTHORITATIVE_STALE,true,17159,true,553x228,true,PASS
critical_relations/REQ_CARD_G0110_TO_CARD_TOP/overlay_8x_nearest.png,NONAUTHORITATIVE_STALE,true,52756,true,4424x1824,true,PASS
critical_relations/REQ_CARD_G0110_TO_CARD_TOP/raw_roi_1x.png,NONAUTHORITATIVE_STALE,true,16829,true,553x228,true,PASS
critical_relations/REQ_CARD_G0110_TO_CARD_TOP/raw_roi_8x_nearest.png,NONAUTHORITATIVE_STALE,true,52433,true,4424x1824,true,PASS
critical_relations/REQ_CARD_G0110_TO_CARD_TOP/relation.json,NONAUTHORITATIVE_STALE,true,366,N/A,,true,PASS
critical_relations/REQ_CARD_G0111_TO_CARD_TOP/intersection_mask_1x.png,NONAUTHORITATIVE_STALE,true,465,true,553x228,true,PASS
critical_relations/REQ_CARD_G0111_TO_CARD_TOP/intersection_mask_8x_nearest.png,NONAUTHORITATIVE_STALE,true,11134,true,4424x1824,true,PASS
critical_relations/REQ_CARD_G0111_TO_CARD_TOP/object_A_mask_1x.png,NONAUTHORITATIVE_STALE,true,527,true,553x228,true,PASS
critical_relations/REQ_CARD_G0111_TO_CARD_TOP/object_A_mask_8x_nearest.png,NONAUTHORITATIVE_STALE,true,11242,true,4424x1824,true,PASS
critical_relations/REQ_CARD_G0111_TO_CARD_TOP/object_B_mask_1x.png,NONAUTHORITATIVE_STALE,true,857,true,553x228,true,PASS
critical_relations/REQ_CARD_G0111_TO_CARD_TOP/object_B_mask_8x_nearest.png,NONAUTHORITATIVE_STALE,true,11702,true,4424x1824,true,PASS
critical_relations/REQ_CARD_G0111_TO_CARD_TOP/overlay_1x.png,NONAUTHORITATIVE_STALE,true,16680,true,553x228,true,PASS
critical_relations/REQ_CARD_G0111_TO_CARD_TOP/overlay_8x_nearest.png,NONAUTHORITATIVE_STALE,true,52176,true,4424x1824,true,PASS
critical_relations/REQ_CARD_G0111_TO_CARD_TOP/raw_roi_1x.png,NONAUTHORITATIVE_STALE,true,16829,true,553x228,true,PASS
critical_relations/REQ_CARD_G0111_TO_CARD_TOP/raw_roi_8x_nearest.png,NONAUTHORITATIVE_STALE,true,52433,true,4424x1824,true,PASS
critical_relations/REQ_CARD_G0111_TO_CARD_TOP/relation.json,NONAUTHORITATIVE_STALE,true,366,N/A,,true,PASS
critical_relations/REQ_CARD_G0112_TO_CARD_TOP/intersection_mask_1x.png,NONAUTHORITATIVE_STALE,true,465,true,553x228,true,PASS
critical_relations/REQ_CARD_G0112_TO_CARD_TOP/intersection_mask_8x_nearest.png,NONAUTHORITATIVE_STALE,true,11134,true,4424x1824,true,PASS
critical_relations/REQ_CARD_G0112_TO_CARD_TOP/object_A_mask_1x.png,NONAUTHORITATIVE_STALE,true,564,true,553x228,true,PASS
critical_relations/REQ_CARD_G0112_TO_CARD_TOP/object_A_mask_8x_nearest.png,NONAUTHORITATIVE_STALE,true,11312,true,4424x1824,true,PASS
critical_relations/REQ_CARD_G0112_TO_CARD_TOP/object_B_mask_1x.png,NONAUTHORITATIVE_STALE,true,857,true,553x228,true,PASS
critical_relations/REQ_CARD_G0112_TO_CARD_TOP/object_B_mask_8x_nearest.png,NONAUTHORITATIVE_STALE,true,11702,true,4424x1824,true,PASS
critical_relations/REQ_CARD_G0112_TO_CARD_TOP/overlay_1x.png,NONAUTHORITATIVE_STALE,true,16474,true,553x228,true,PASS
critical_relations/REQ_CARD_G0112_TO_CARD_TOP/overlay_8x_nearest.png,NONAUTHORITATIVE_STALE,true,51808,true,4424x1824,true,PASS
critical_relations/REQ_CARD_G0112_TO_CARD_TOP/raw_roi_1x.png,NONAUTHORITATIVE_STALE,true,16829,true,553x228,true,PASS
critical_relations/REQ_CARD_G0112_TO_CARD_TOP/raw_roi_8x_nearest.png,NONAUTHORITATIVE_STALE,true,52433,true,4424x1824,true,PASS
critical_relations/REQ_CARD_G0112_TO_CARD_TOP/relation.json,NONAUTHORITATIVE_STALE,true,366,N/A,,true,PASS
critical_relations/REQ_CARD_G0113_TO_CARD_TOP/intersection_mask_1x.png,NONAUTHORITATIVE_STALE,true,465,true,553x228,true,PASS
critical_relations/REQ_CARD_G0113_TO_CARD_TOP/intersection_mask_8x_nearest.png,NONAUTHORITATIVE_STALE,true,11134,true,4424x1824,true,PASS
critical_relations/REQ_CARD_G0113_TO_CARD_TOP/object_A_mask_1x.png,NONAUTHORITATIVE_STALE,true,528,true,553x228,true,PASS
critical_relations/REQ_CARD_G0113_TO_CARD_TOP/object_A_mask_8x_nearest.png,NONAUTHORITATIVE_STALE,true,11317,true,4424x1824,true,PASS
critical_relations/REQ_CARD_G0113_TO_CARD_TOP/object_B_mask_1x.png,NONAUTHORITATIVE_STALE,true,857,true,553x228,true,PASS
critical_relations/REQ_CARD_G0113_TO_CARD_TOP/object_B_mask_8x_nearest.png,NONAUTHORITATIVE_STALE,true,11702,true,4424x1824,true,PASS
critical_relations/REQ_CARD_G0113_TO_CARD_TOP/overlay_1x.png,NONAUTHORITATIVE_STALE,true,17057,true,553x228,true,PASS
critical_relations/REQ_CARD_G0113_TO_CARD_TOP/overlay_8x_nearest.png,NONAUTHORITATIVE_STALE,true,52739,true,4424x1824,true,PASS
critical_relations/REQ_CARD_G0113_TO_CARD_TOP/raw_roi_1x.png,NONAUTHORITATIVE_STALE,true,16829,true,553x228,true,PASS
critical_relations/REQ_CARD_G0113_TO_CARD_TOP/raw_roi_8x_nearest.png,NONAUTHORITATIVE_STALE,true,52433,true,4424x1824,true,PASS
critical_relations/REQ_CARD_G0113_TO_CARD_TOP/relation.json,NONAUTHORITATIVE_STALE,true,366,N/A,,true,PASS
critical_relations/REQ_CARD_G0114_TO_CARD_TOP/intersection_mask_1x.png,NONAUTHORITATIVE_STALE,true,465,true,553x228,true,PASS
critical_relations/REQ_CARD_G0114_TO_CARD_TOP/intersection_mask_8x_nearest.png,NONAUTHORITATIVE_STALE,true,11134,true,4424x1824,true,PASS
critical_relations/REQ_CARD_G0114_TO_CARD_TOP/object_A_mask_1x.png,NONAUTHORITATIVE_STALE,true,570,true,553x228,true,PASS
critical_relations/REQ_CARD_G0114_TO_CARD_TOP/object_A_mask_8x_nearest.png,NONAUTHORITATIVE_STALE,true,11343,true,4424x1824,true,PASS
critical_relations/REQ_CARD_G0114_TO_CARD_TOP/object_B_mask_1x.png,NONAUTHORITATIVE_STALE,true,857,true,553x228,true,PASS
critical_relations/REQ_CARD_G0114_TO_CARD_TOP/object_B_mask_8x_nearest.png,NONAUTHORITATIVE_STALE,true,11702,true,4424x1824,true,PASS
critical_relations/REQ_CARD_G0114_TO_CARD_TOP/overlay_1x.png,NONAUTHORITATIVE_STALE,true,17142,true,553x228,true,PASS
critical_relations/REQ_CARD_G0114_TO_CARD_TOP/overlay_8x_nearest.png,NONAUTHORITATIVE_STALE,true,52858,true,4424x1824,true,PASS
critical_relations/REQ_CARD_G0114_TO_CARD_TOP/raw_roi_1x.png,NONAUTHORITATIVE_STALE,true,16829,true,553x228,true,PASS
critical_relations/REQ_CARD_G0114_TO_CARD_TOP/raw_roi_8x_nearest.png,NONAUTHORITATIVE_STALE,true,52433,true,4424x1824,true,PASS
critical_relations/REQ_CARD_G0114_TO_CARD_TOP/relation.json,NONAUTHORITATIVE_STALE,true,366,N/A,,true,PASS
critical_relations/REQ_CARD_G0115_TO_CARD_TOP/intersection_mask_1x.png,NONAUTHORITATIVE_STALE,true,465,true,553x228,true,PASS
critical_relations/REQ_CARD_G0115_TO_CARD_TOP/intersection_mask_8x_nearest.png,NONAUTHORITATIVE_STALE,true,11134,true,4424x1824,true,PASS
critical_relations/REQ_CARD_G0115_TO_CARD_TOP/object_A_mask_1x.png,NONAUTHORITATIVE_STALE,true,528,true,553x228,true,PASS
critical_relations/REQ_CARD_G0115_TO_CARD_TOP/object_A_mask_8x_nearest.png,NONAUTHORITATIVE_STALE,true,11311,true,4424x1824,true,PASS
critical_relations/REQ_CARD_G0115_TO_CARD_TOP/object_B_mask_1x.png,NONAUTHORITATIVE_STALE,true,857,true,553x228,true,PASS
critical_relations/REQ_CARD_G0115_TO_CARD_TOP/object_B_mask_8x_nearest.png,NONAUTHORITATIVE_STALE,true,11702,true,4424x1824,true,PASS
critical_relations/REQ_CARD_G0115_TO_CARD_TOP/overlay_1x.png,NONAUTHORITATIVE_STALE,true,17069,true,553x228,true,PASS
critical_relations/REQ_CARD_G0115_TO_CARD_TOP/overlay_8x_nearest.png,NONAUTHORITATIVE_STALE,true,52789,true,4424x1824,true,PASS
critical_relations/REQ_CARD_G0115_TO_CARD_TOP/raw_roi_1x.png,NONAUTHORITATIVE_STALE,true,16829,true,553x228,true,PASS
critical_relations/REQ_CARD_G0115_TO_CARD_TOP/raw_roi_8x_nearest.png,NONAUTHORITATIVE_STALE,true,52433,true,4424x1824,true,PASS
critical_relations/REQ_CARD_G0115_TO_CARD_TOP/relation.json,NONAUTHORITATIVE_STALE,true,366,N/A,,true,PASS
critical_relations/REQ_CARD_G0116_TO_CARD_TOP/intersection_mask_1x.png,NONAUTHORITATIVE_STALE,true,465,true,553x228,true,PASS
critical_relations/REQ_CARD_G0116_TO_CARD_TOP/intersection_mask_8x_nearest.png,NONAUTHORITATIVE_STALE,true,11134,true,4424x1824,true,PASS
critical_relations/REQ_CARD_G0116_TO_CARD_TOP/object_A_mask_1x.png,NONAUTHORITATIVE_STALE,true,512,true,553x228,true,PASS
critical_relations/REQ_CARD_G0116_TO_CARD_TOP/object_A_mask_8x_nearest.png,NONAUTHORITATIVE_STALE,true,11251,true,4424x1824,true,PASS
critical_relations/REQ_CARD_G0116_TO_CARD_TOP/object_B_mask_1x.png,NONAUTHORITATIVE_STALE,true,857,true,553x228,true,PASS
critical_relations/REQ_CARD_G0116_TO_CARD_TOP/object_B_mask_8x_nearest.png,NONAUTHORITATIVE_STALE,true,11702,true,4424x1824,true,PASS
critical_relations/REQ_CARD_G0116_TO_CARD_TOP/overlay_1x.png,NONAUTHORITATIVE_STALE,true,16698,true,553x228,true,PASS
critical_relations/REQ_CARD_G0116_TO_CARD_TOP/overlay_8x_nearest.png,NONAUTHORITATIVE_STALE,true,52137,true,4424x1824,true,PASS
critical_relations/REQ_CARD_G0116_TO_CARD_TOP/raw_roi_1x.png,NONAUTHORITATIVE_STALE,true,16829,true,553x228,true,PASS
critical_relations/REQ_CARD_G0116_TO_CARD_TOP/raw_roi_8x_nearest.png,NONAUTHORITATIVE_STALE,true,52433,true,4424x1824,true,PASS
critical_relations/REQ_CARD_G0116_TO_CARD_TOP/relation.json,NONAUTHORITATIVE_STALE,true,366,N/A,,true,PASS
critical_relations/REQ_CARD_G0117_TO_CARD_TOP/intersection_mask_1x.png,NONAUTHORITATIVE_STALE,true,465,true,553x228,true,PASS
critical_relations/REQ_CARD_G0117_TO_CARD_TOP/intersection_mask_8x_nearest.png,NONAUTHORITATIVE_STALE,true,11134,true,4424x1824,true,PASS
critical_relations/REQ_CARD_G0117_TO_CARD_TOP/object_A_mask_1x.png,NONAUTHORITATIVE_STALE,true,565,true,553x228,true,PASS
critical_relations/REQ_CARD_G0117_TO_CARD_TOP/object_A_mask_8x_nearest.png,NONAUTHORITATIVE_STALE,true,11331,true,4424x1824,true,PASS
critical_relations/REQ_CARD_G0117_TO_CARD_TOP/object_B_mask_1x.png,NONAUTHORITATIVE_STALE,true,857,true,553x228,true,PASS
critical_relations/REQ_CARD_G0117_TO_CARD_TOP/object_B_mask_8x_nearest.png,NONAUTHORITATIVE_STALE,true,11702,true,4424x1824,true,PASS
critical_relations/REQ_CARD_G0117_TO_CARD_TOP/overlay_1x.png,NONAUTHORITATIVE_STALE,true,16506,true,553x228,true,PASS
critical_relations/REQ_CARD_G0117_TO_CARD_TOP/overlay_8x_nearest.png,NONAUTHORITATIVE_STALE,true,51823,true,4424x1824,true,PASS
critical_relations/REQ_CARD_G0117_TO_CARD_TOP/raw_roi_1x.png,NONAUTHORITATIVE_STALE,true,16829,true,553x228,true,PASS
critical_relations/REQ_CARD_G0117_TO_CARD_TOP/raw_roi_8x_nearest.png,NONAUTHORITATIVE_STALE,true,52433,true,4424x1824,true,PASS
critical_relations/REQ_CARD_G0117_TO_CARD_TOP/relation.json,NONAUTHORITATIVE_STALE,true,366,N/A,,true,PASS
critical_relations/REQ_CARD_G0118_TO_CARD_TOP/intersection_mask_1x.png,NONAUTHORITATIVE_STALE,true,465,true,553x228,true,PASS
critical_relations/REQ_CARD_G0118_TO_CARD_TOP/intersection_mask_8x_nearest.png,NONAUTHORITATIVE_STALE,true,11134,true,4424x1824,true,PASS
critical_relations/REQ_CARD_G0118_TO_CARD_TOP/object_A_mask_1x.png,NONAUTHORITATIVE_STALE,true,576,true,553x228,true,PASS
critical_relations/REQ_CARD_G0118_TO_CARD_TOP/object_A_mask_8x_nearest.png,NONAUTHORITATIVE_STALE,true,11338,true,4424x1824,true,PASS
critical_relations/REQ_CARD_G0118_TO_CARD_TOP/object_B_mask_1x.png,NONAUTHORITATIVE_STALE,true,857,true,553x228,true,PASS
critical_relations/REQ_CARD_G0118_TO_CARD_TOP/object_B_mask_8x_nearest.png,NONAUTHORITATIVE_STALE,true,11702,true,4424x1824,true,PASS
critical_relations/REQ_CARD_G0118_TO_CARD_TOP/overlay_1x.png,NONAUTHORITATIVE_STALE,true,16368,true,553x228,true,PASS
critical_relations/REQ_CARD_G0118_TO_CARD_TOP/overlay_8x_nearest.png,NONAUTHORITATIVE_STALE,true,51647,true,4424x1824,true,PASS
critical_relations/REQ_CARD_G0118_TO_CARD_TOP/raw_roi_1x.png,NONAUTHORITATIVE_STALE,true,16829,true,553x228,true,PASS
critical_relations/REQ_CARD_G0118_TO_CARD_TOP/raw_roi_8x_nearest.png,NONAUTHORITATIVE_STALE,true,52433,true,4424x1824,true,PASS
critical_relations/REQ_CARD_G0118_TO_CARD_TOP/relation.json,NONAUTHORITATIVE_STALE,true,366,N/A,,true,PASS
critical_relations/REQ_CARD_G0119_TO_CARD_TOP/intersection_mask_1x.png,NONAUTHORITATIVE_STALE,true,465,true,553x228,true,PASS
critical_relations/REQ_CARD_G0119_TO_CARD_TOP/intersection_mask_8x_nearest.png,NONAUTHORITATIVE_STALE,true,11134,true,4424x1824,true,PASS
critical_relations/REQ_CARD_G0119_TO_CARD_TOP/object_A_mask_1x.png,NONAUTHORITATIVE_STALE,true,528,true,553x228,true,PASS
critical_relations/REQ_CARD_G0119_TO_CARD_TOP/object_A_mask_8x_nearest.png,NONAUTHORITATIVE_STALE,true,11300,true,4424x1824,true,PASS
critical_relations/REQ_CARD_G0119_TO_CARD_TOP/object_B_mask_1x.png,NONAUTHORITATIVE_STALE,true,857,true,553x228,true,PASS
critical_relations/REQ_CARD_G0119_TO_CARD_TOP/object_B_mask_8x_nearest.png,NONAUTHORITATIVE_STALE,true,11702,true,4424x1824,true,PASS
critical_relations/REQ_CARD_G0119_TO_CARD_TOP/overlay_1x.png,NONAUTHORITATIVE_STALE,true,17057,true,553x228,true,PASS
critical_relations/REQ_CARD_G0119_TO_CARD_TOP/overlay_8x_nearest.png,NONAUTHORITATIVE_STALE,true,52743,true,4424x1824,true,PASS
critical_relations/REQ_CARD_G0119_TO_CARD_TOP/raw_roi_1x.png,NONAUTHORITATIVE_STALE,true,16829,true,553x228,true,PASS
critical_relations/REQ_CARD_G0119_TO_CARD_TOP/raw_roi_8x_nearest.png,NONAUTHORITATIVE_STALE,true,52433,true,4424x1824,true,PASS
critical_relations/REQ_CARD_G0119_TO_CARD_TOP/relation.json,NONAUTHORITATIVE_STALE,true,366,N/A,,true,PASS
critical_relations/REQ_CARD_G0120_TO_CARD_TOP/intersection_mask_1x.png,NONAUTHORITATIVE_STALE,true,465,true,553x228,true,PASS
critical_relations/REQ_CARD_G0120_TO_CARD_TOP/intersection_mask_8x_nearest.png,NONAUTHORITATIVE_STALE,true,11134,true,4424x1824,true,PASS
critical_relations/REQ_CARD_G0120_TO_CARD_TOP/object_A_mask_1x.png,NONAUTHORITATIVE_STALE,true,579,true,553x228,true,PASS
critical_relations/REQ_CARD_G0120_TO_CARD_TOP/object_A_mask_8x_nearest.png,NONAUTHORITATIVE_STALE,true,11342,true,4424x1824,true,PASS
critical_relations/REQ_CARD_G0120_TO_CARD_TOP/object_B_mask_1x.png,NONAUTHORITATIVE_STALE,true,857,true,553x228,true,PASS
critical_relations/REQ_CARD_G0120_TO_CARD_TOP/object_B_mask_8x_nearest.png,NONAUTHORITATIVE_STALE,true,11702,true,4424x1824,true,PASS
critical_relations/REQ_CARD_G0120_TO_CARD_TOP/overlay_1x.png,NONAUTHORITATIVE_STALE,true,17198,true,553x228,true,PASS
critical_relations/REQ_CARD_G0120_TO_CARD_TOP/overlay_8x_nearest.png,NONAUTHORITATIVE_STALE,true,52818,true,4424x1824,true,PASS
critical_relations/REQ_CARD_G0120_TO_CARD_TOP/raw_roi_1x.png,NONAUTHORITATIVE_STALE,true,16829,true,553x228,true,PASS
critical_relations/REQ_CARD_G0120_TO_CARD_TOP/raw_roi_8x_nearest.png,NONAUTHORITATIVE_STALE,true,52433,true,4424x1824,true,PASS
critical_relations/REQ_CARD_G0120_TO_CARD_TOP/relation.json,NONAUTHORITATIVE_STALE,true,366,N/A,,true,PASS
critical_relations/REQ_CARD_G0121_TO_CARD_TOP/intersection_mask_1x.png,NONAUTHORITATIVE_STALE,true,465,true,553x228,true,PASS
critical_relations/REQ_CARD_G0121_TO_CARD_TOP/intersection_mask_8x_nearest.png,NONAUTHORITATIVE_STALE,true,11134,true,4424x1824,true,PASS
critical_relations/REQ_CARD_G0121_TO_CARD_TOP/object_A_mask_1x.png,NONAUTHORITATIVE_STALE,true,541,true,553x228,true,PASS
critical_relations/REQ_CARD_G0121_TO_CARD_TOP/object_A_mask_8x_nearest.png,NONAUTHORITATIVE_STALE,true,11339,true,4424x1824,true,PASS
critical_relations/REQ_CARD_G0121_TO_CARD_TOP/object_B_mask_1x.png,NONAUTHORITATIVE_STALE,true,857,true,553x228,true,PASS
critical_relations/REQ_CARD_G0121_TO_CARD_TOP/object_B_mask_8x_nearest.png,NONAUTHORITATIVE_STALE,true,11702,true,4424x1824,true,PASS
critical_relations/REQ_CARD_G0121_TO_CARD_TOP/overlay_1x.png,NONAUTHORITATIVE_STALE,true,17125,true,553x228,true,PASS
critical_relations/REQ_CARD_G0121_TO_CARD_TOP/overlay_8x_nearest.png,NONAUTHORITATIVE_STALE,true,52770,true,4424x1824,true,PASS
critical_relations/REQ_CARD_G0121_TO_CARD_TOP/raw_roi_1x.png,NONAUTHORITATIVE_STALE,true,16829,true,553x228,true,PASS
critical_relations/REQ_CARD_G0121_TO_CARD_TOP/raw_roi_8x_nearest.png,NONAUTHORITATIVE_STALE,true,52433,true,4424x1824,true,PASS
critical_relations/REQ_CARD_G0121_TO_CARD_TOP/relation.json,NONAUTHORITATIVE_STALE,true,366,N/A,,true,PASS
critical_relations/REQ_CARD_G0122_TO_CARD_TOP/intersection_mask_1x.png,NONAUTHORITATIVE_STALE,true,465,true,553x228,true,PASS
critical_relations/REQ_CARD_G0122_TO_CARD_TOP/intersection_mask_8x_nearest.png,NONAUTHORITATIVE_STALE,true,11134,true,4424x1824,true,PASS
critical_relations/REQ_CARD_G0122_TO_CARD_TOP/object_A_mask_1x.png,NONAUTHORITATIVE_STALE,true,578,true,553x228,true,PASS
critical_relations/REQ_CARD_G0122_TO_CARD_TOP/object_A_mask_8x_nearest.png,NONAUTHORITATIVE_STALE,true,11350,true,4424x1824,true,PASS
critical_relations/REQ_CARD_G0122_TO_CARD_TOP/object_B_mask_1x.png,NONAUTHORITATIVE_STALE,true,857,true,553x228,true,PASS
critical_relations/REQ_CARD_G0122_TO_CARD_TOP/object_B_mask_8x_nearest.png,NONAUTHORITATIVE_STALE,true,11702,true,4424x1824,true,PASS
critical_relations/REQ_CARD_G0122_TO_CARD_TOP/overlay_1x.png,NONAUTHORITATIVE_STALE,true,16570,true,553x228,true,PASS
critical_relations/REQ_CARD_G0122_TO_CARD_TOP/overlay_8x_nearest.png,NONAUTHORITATIVE_STALE,true,51998,true,4424x1824,true,PASS
critical_relations/REQ_CARD_G0122_TO_CARD_TOP/raw_roi_1x.png,NONAUTHORITATIVE_STALE,true,16829,true,553x228,true,PASS
critical_relations/REQ_CARD_G0122_TO_CARD_TOP/raw_roi_8x_nearest.png,NONAUTHORITATIVE_STALE,true,52433,true,4424x1824,true,PASS
critical_relations/REQ_CARD_G0122_TO_CARD_TOP/relation.json,NONAUTHORITATIVE_STALE,true,366,N/A,,true,PASS
critical_relations/REQ_CARD_G0123_TO_CARD_TOP/intersection_mask_1x.png,NONAUTHORITATIVE_STALE,true,465,true,553x228,true,PASS
critical_relations/REQ_CARD_G0123_TO_CARD_TOP/intersection_mask_8x_nearest.png,NONAUTHORITATIVE_STALE,true,11134,true,4424x1824,true,PASS
critical_relations/REQ_CARD_G0123_TO_CARD_TOP/object_A_mask_1x.png,NONAUTHORITATIVE_STALE,true,661,true,553x228,true,PASS
critical_relations/REQ_CARD_G0123_TO_CARD_TOP/object_A_mask_8x_nearest.png,NONAUTHORITATIVE_STALE,true,11493,true,4424x1824,true,PASS
critical_relations/REQ_CARD_G0123_TO_CARD_TOP/object_B_mask_1x.png,NONAUTHORITATIVE_STALE,true,857,true,553x228,true,PASS
critical_relations/REQ_CARD_G0123_TO_CARD_TOP/object_B_mask_8x_nearest.png,NONAUTHORITATIVE_STALE,true,11702,true,4424x1824,true,PASS
critical_relations/REQ_CARD_G0123_TO_CARD_TOP/overlay_1x.png,NONAUTHORITATIVE_STALE,true,16065,true,553x228,true,PASS
critical_relations/REQ_CARD_G0123_TO_CARD_TOP/overlay_8x_nearest.png,NONAUTHORITATIVE_STALE,true,51478,true,4424x1824,true,PASS
critical_relations/REQ_CARD_G0123_TO_CARD_TOP/raw_roi_1x.png,NONAUTHORITATIVE_STALE,true,16829,true,553x228,true,PASS
critical_relations/REQ_CARD_G0123_TO_CARD_TOP/raw_roi_8x_nearest.png,NONAUTHORITATIVE_STALE,true,52433,true,4424x1824,true,PASS
critical_relations/REQ_CARD_G0123_TO_CARD_TOP/relation.json,NONAUTHORITATIVE_STALE,true,366,N/A,,true,PASS
critical_relations/REQ_CARD_G0124_TO_CARD_BOTTOM/intersection_mask_1x.png,NONAUTHORITATIVE_STALE,true,465,true,553x228,true,PASS
critical_relations/REQ_CARD_G0124_TO_CARD_BOTTOM/intersection_mask_8x_nearest.png,NONAUTHORITATIVE_STALE,true,11134,true,4424x1824,true,PASS
critical_relations/REQ_CARD_G0124_TO_CARD_BOTTOM/object_A_mask_1x.png,NONAUTHORITATIVE_STALE,true,551,true,553x228,true,PASS
critical_relations/REQ_CARD_G0124_TO_CARD_BOTTOM/object_A_mask_8x_nearest.png,NONAUTHORITATIVE_STALE,true,11291,true,4424x1824,true,PASS
critical_relations/REQ_CARD_G0124_TO_CARD_BOTTOM/object_B_mask_1x.png,NONAUTHORITATIVE_STALE,true,875,true,553x228,true,PASS
critical_relations/REQ_CARD_G0124_TO_CARD_BOTTOM/object_B_mask_8x_nearest.png,NONAUTHORITATIVE_STALE,true,11753,true,4424x1824,true,PASS
critical_relations/REQ_CARD_G0124_TO_CARD_BOTTOM/overlay_1x.png,NONAUTHORITATIVE_STALE,true,16955,true,553x228,true,PASS
critical_relations/REQ_CARD_G0124_TO_CARD_BOTTOM/overlay_8x_nearest.png,NONAUTHORITATIVE_STALE,true,52590,true,4424x1824,true,PASS
critical_relations/REQ_CARD_G0124_TO_CARD_BOTTOM/raw_roi_1x.png,NONAUTHORITATIVE_STALE,true,16829,true,553x228,true,PASS
critical_relations/REQ_CARD_G0124_TO_CARD_BOTTOM/raw_roi_8x_nearest.png,NONAUTHORITATIVE_STALE,true,52433,true,4424x1824,true,PASS
critical_relations/REQ_CARD_G0124_TO_CARD_BOTTOM/relation.json,NONAUTHORITATIVE_STALE,true,372,N/A,,true,PASS
critical_relations/REQ_CARD_G0124_TO_CARD_LEFT/intersection_mask_1x.png,NONAUTHORITATIVE_STALE,true,465,true,553x228,true,PASS
critical_relations/REQ_CARD_G0124_TO_CARD_LEFT/intersection_mask_8x_nearest.png,NONAUTHORITATIVE_STALE,true,11134,true,4424x1824,true,PASS
critical_relations/REQ_CARD_G0124_TO_CARD_LEFT/object_A_mask_1x.png,NONAUTHORITATIVE_STALE,true,551,true,553x228,true,PASS
critical_relations/REQ_CARD_G0124_TO_CARD_LEFT/object_A_mask_8x_nearest.png,NONAUTHORITATIVE_STALE,true,11291,true,4424x1824,true,PASS
critical_relations/REQ_CARD_G0124_TO_CARD_LEFT/object_B_mask_1x.png,NONAUTHORITATIVE_STALE,true,504,true,553x228,true,PASS
critical_relations/REQ_CARD_G0124_TO_CARD_LEFT/object_B_mask_8x_nearest.png,NONAUTHORITATIVE_STALE,true,11208,true,4424x1824,true,PASS
critical_relations/REQ_CARD_G0124_TO_CARD_LEFT/overlay_1x.png,NONAUTHORITATIVE_STALE,true,17021,true,553x228,true,PASS
critical_relations/REQ_CARD_G0124_TO_CARD_LEFT/overlay_8x_nearest.png,NONAUTHORITATIVE_STALE,true,52700,true,4424x1824,true,PASS
critical_relations/REQ_CARD_G0124_TO_CARD_LEFT/raw_roi_1x.png,NONAUTHORITATIVE_STALE,true,16829,true,553x228,true,PASS
critical_relations/REQ_CARD_G0124_TO_CARD_LEFT/raw_roi_8x_nearest.png,NONAUTHORITATIVE_STALE,true,52433,true,4424x1824,true,PASS
critical_relations/REQ_CARD_G0124_TO_CARD_LEFT/relation.json,NONAUTHORITATIVE_STALE,true,368,N/A,,true,PASS
critical_relations/REQ_CARD_G0125_TO_CARD_BOTTOM/intersection_mask_1x.png,NONAUTHORITATIVE_STALE,true,465,true,553x228,true,PASS
critical_relations/REQ_CARD_G0125_TO_CARD_BOTTOM/intersection_mask_8x_nearest.png,NONAUTHORITATIVE_STALE,true,11134,true,4424x1824,true,PASS
critical_relations/REQ_CARD_G0125_TO_CARD_BOTTOM/object_A_mask_1x.png,NONAUTHORITATIVE_STALE,true,534,true,553x228,true,PASS
critical_relations/REQ_CARD_G0125_TO_CARD_BOTTOM/object_A_mask_8x_nearest.png,NONAUTHORITATIVE_STALE,true,11317,true,4424x1824,true,PASS
critical_relations/REQ_CARD_G0125_TO_CARD_BOTTOM/object_B_mask_1x.png,NONAUTHORITATIVE_STALE,true,875,true,553x228,true,PASS
critical_relations/REQ_CARD_G0125_TO_CARD_BOTTOM/object_B_mask_8x_nearest.png,NONAUTHORITATIVE_STALE,true,11753,true,4424x1824,true,PASS
critical_relations/REQ_CARD_G0125_TO_CARD_BOTTOM/overlay_1x.png,NONAUTHORITATIVE_STALE,true,16865,true,553x228,true,PASS
critical_relations/REQ_CARD_G0125_TO_CARD_BOTTOM/overlay_8x_nearest.png,NONAUTHORITATIVE_STALE,true,52665,true,4424x1824,true,PASS
critical_relations/REQ_CARD_G0125_TO_CARD_BOTTOM/raw_roi_1x.png,NONAUTHORITATIVE_STALE,true,16829,true,553x228,true,PASS
critical_relations/REQ_CARD_G0125_TO_CARD_BOTTOM/raw_roi_8x_nearest.png,NONAUTHORITATIVE_STALE,true,52433,true,4424x1824,true,PASS
critical_relations/REQ_CARD_G0125_TO_CARD_BOTTOM/relation.json,NONAUTHORITATIVE_STALE,true,372,N/A,,true,PASS
critical_relations/REQ_CARD_G0125_TO_CARD_TOP/intersection_mask_1x.png,NONAUTHORITATIVE_STALE,true,465,true,553x228,true,PASS
critical_relations/REQ_CARD_G0125_TO_CARD_TOP/intersection_mask_8x_nearest.png,NONAUTHORITATIVE_STALE,true,11134,true,4424x1824,true,PASS
critical_relations/REQ_CARD_G0125_TO_CARD_TOP/object_A_mask_1x.png,NONAUTHORITATIVE_STALE,true,534,true,553x228,true,PASS
critical_relations/REQ_CARD_G0125_TO_CARD_TOP/object_A_mask_8x_nearest.png,NONAUTHORITATIVE_STALE,true,11317,true,4424x1824,true,PASS
critical_relations/REQ_CARD_G0125_TO_CARD_TOP/object_B_mask_1x.png,NONAUTHORITATIVE_STALE,true,857,true,553x228,true,PASS
critical_relations/REQ_CARD_G0125_TO_CARD_TOP/object_B_mask_8x_nearest.png,NONAUTHORITATIVE_STALE,true,11702,true,4424x1824,true,PASS
critical_relations/REQ_CARD_G0125_TO_CARD_TOP/overlay_1x.png,NONAUTHORITATIVE_STALE,true,17047,true,553x228,true,PASS
critical_relations/REQ_CARD_G0125_TO_CARD_TOP/overlay_8x_nearest.png,NONAUTHORITATIVE_STALE,true,52712,true,4424x1824,true,PASS
critical_relations/REQ_CARD_G0125_TO_CARD_TOP/raw_roi_1x.png,NONAUTHORITATIVE_STALE,true,16829,true,553x228,true,PASS
critical_relations/REQ_CARD_G0125_TO_CARD_TOP/raw_roi_8x_nearest.png,NONAUTHORITATIVE_STALE,true,52433,true,4424x1824,true,PASS
critical_relations/REQ_CARD_G0125_TO_CARD_TOP/relation.json,NONAUTHORITATIVE_STALE,true,366,N/A,,true,PASS
critical_relations/REQ_CARD_G0126_TO_CARD_BOTTOM/intersection_mask_1x.png,NONAUTHORITATIVE_STALE,true,465,true,553x228,true,PASS
critical_relations/REQ_CARD_G0126_TO_CARD_BOTTOM/intersection_mask_8x_nearest.png,NONAUTHORITATIVE_STALE,true,11134,true,4424x1824,true,PASS
critical_relations/REQ_CARD_G0126_TO_CARD_BOTTOM/object_A_mask_1x.png,NONAUTHORITATIVE_STALE,true,503,true,553x228,true,PASS
critical_relations/REQ_CARD_G0126_TO_CARD_BOTTOM/object_A_mask_8x_nearest.png,NONAUTHORITATIVE_STALE,true,11199,true,4424x1824,true,PASS
critical_relations/REQ_CARD_G0126_TO_CARD_BOTTOM/object_B_mask_1x.png,NONAUTHORITATIVE_STALE,true,875,true,553x228,true,PASS
critical_relations/REQ_CARD_G0126_TO_CARD_BOTTOM/object_B_mask_8x_nearest.png,NONAUTHORITATIVE_STALE,true,11753,true,4424x1824,true,PASS
critical_relations/REQ_CARD_G0126_TO_CARD_BOTTOM/overlay_1x.png,NONAUTHORITATIVE_STALE,true,16627,true,553x228,true,PASS
critical_relations/REQ_CARD_G0126_TO_CARD_BOTTOM/overlay_8x_nearest.png,NONAUTHORITATIVE_STALE,true,52237,true,4424x1824,true,PASS
critical_relations/REQ_CARD_G0126_TO_CARD_BOTTOM/raw_roi_1x.png,NONAUTHORITATIVE_STALE,true,16829,true,553x228,true,PASS
critical_relations/REQ_CARD_G0126_TO_CARD_BOTTOM/raw_roi_8x_nearest.png,NONAUTHORITATIVE_STALE,true,52433,true,4424x1824,true,PASS
critical_relations/REQ_CARD_G0126_TO_CARD_BOTTOM/relation.json,NONAUTHORITATIVE_STALE,true,372,N/A,,true,PASS
critical_relations/REQ_CARD_G0126_TO_CARD_TOP/intersection_mask_1x.png,NONAUTHORITATIVE_STALE,true,465,true,553x228,true,PASS
critical_relations/REQ_CARD_G0126_TO_CARD_TOP/intersection_mask_8x_nearest.png,NONAUTHORITATIVE_STALE,true,11134,true,4424x1824,true,PASS
critical_relations/REQ_CARD_G0126_TO_CARD_TOP/object_A_mask_1x.png,NONAUTHORITATIVE_STALE,true,503,true,553x228,true,PASS
critical_relations/REQ_CARD_G0126_TO_CARD_TOP/object_A_mask_8x_nearest.png,NONAUTHORITATIVE_STALE,true,11199,true,4424x1824,true,PASS
critical_relations/REQ_CARD_G0126_TO_CARD_TOP/object_B_mask_1x.png,NONAUTHORITATIVE_STALE,true,857,true,553x228,true,PASS
critical_relations/REQ_CARD_G0126_TO_CARD_TOP/object_B_mask_8x_nearest.png,NONAUTHORITATIVE_STALE,true,11702,true,4424x1824,true,PASS
critical_relations/REQ_CARD_G0126_TO_CARD_TOP/overlay_1x.png,NONAUTHORITATIVE_STALE,true,16777,true,553x228,true,PASS
critical_relations/REQ_CARD_G0126_TO_CARD_TOP/overlay_8x_nearest.png,NONAUTHORITATIVE_STALE,true,52295,true,4424x1824,true,PASS
critical_relations/REQ_CARD_G0126_TO_CARD_TOP/raw_roi_1x.png,NONAUTHORITATIVE_STALE,true,16829,true,553x228,true,PASS
critical_relations/REQ_CARD_G0126_TO_CARD_TOP/raw_roi_8x_nearest.png,NONAUTHORITATIVE_STALE,true,52433,true,4424x1824,true,PASS
critical_relations/REQ_CARD_G0126_TO_CARD_TOP/relation.json,NONAUTHORITATIVE_STALE,true,366,N/A,,true,PASS
critical_relations/REQ_CARD_G0127_TO_CARD_BOTTOM/intersection_mask_1x.png,NONAUTHORITATIVE_STALE,true,465,true,553x228,true,PASS
critical_relations/REQ_CARD_G0127_TO_CARD_BOTTOM/intersection_mask_8x_nearest.png,NONAUTHORITATIVE_STALE,true,11134,true,4424x1824,true,PASS
critical_relations/REQ_CARD_G0127_TO_CARD_BOTTOM/object_A_mask_1x.png,NONAUTHORITATIVE_STALE,true,526,true,553x228,true,PASS
critical_relations/REQ_CARD_G0127_TO_CARD_BOTTOM/object_A_mask_8x_nearest.png,NONAUTHORITATIVE_STALE,true,11304,true,4424x1824,true,PASS
critical_relations/REQ_CARD_G0127_TO_CARD_BOTTOM/object_B_mask_1x.png,NONAUTHORITATIVE_STALE,true,875,true,553x228,true,PASS
critical_relations/REQ_CARD_G0127_TO_CARD_BOTTOM/object_B_mask_8x_nearest.png,NONAUTHORITATIVE_STALE,true,11753,true,4424x1824,true,PASS
critical_relations/REQ_CARD_G0127_TO_CARD_BOTTOM/overlay_1x.png,NONAUTHORITATIVE_STALE,true,16864,true,553x228,true,PASS
critical_relations/REQ_CARD_G0127_TO_CARD_BOTTOM/overlay_8x_nearest.png,NONAUTHORITATIVE_STALE,true,52640,true,4424x1824,true,PASS
critical_relations/REQ_CARD_G0127_TO_CARD_BOTTOM/raw_roi_1x.png,NONAUTHORITATIVE_STALE,true,16829,true,553x228,true,PASS
critical_relations/REQ_CARD_G0127_TO_CARD_BOTTOM/raw_roi_8x_nearest.png,NONAUTHORITATIVE_STALE,true,52433,true,4424x1824,true,PASS
critical_relations/REQ_CARD_G0127_TO_CARD_BOTTOM/relation.json,NONAUTHORITATIVE_STALE,true,372,N/A,,true,PASS
critical_relations/REQ_CARD_G0127_TO_CARD_TOP/intersection_mask_1x.png,NONAUTHORITATIVE_STALE,true,465,true,553x228,true,PASS
critical_relations/REQ_CARD_G0127_TO_CARD_TOP/intersection_mask_8x_nearest.png,NONAUTHORITATIVE_STALE,true,11134,true,4424x1824,true,PASS
critical_relations/REQ_CARD_G0127_TO_CARD_TOP/object_A_mask_1x.png,NONAUTHORITATIVE_STALE,true,526,true,553x228,true,PASS
critical_relations/REQ_CARD_G0127_TO_CARD_TOP/object_A_mask_8x_nearest.png,NONAUTHORITATIVE_STALE,true,11304,true,4424x1824,true,PASS
critical_relations/REQ_CARD_G0127_TO_CARD_TOP/object_B_mask_1x.png,NONAUTHORITATIVE_STALE,true,857,true,553x228,true,PASS
critical_relations/REQ_CARD_G0127_TO_CARD_TOP/object_B_mask_8x_nearest.png,NONAUTHORITATIVE_STALE,true,11702,true,4424x1824,true,PASS
critical_relations/REQ_CARD_G0127_TO_CARD_TOP/overlay_1x.png,NONAUTHORITATIVE_STALE,true,17016,true,553x228,true,PASS
critical_relations/REQ_CARD_G0127_TO_CARD_TOP/overlay_8x_nearest.png,NONAUTHORITATIVE_STALE,true,52685,true,4424x1824,true,PASS
critical_relations/REQ_CARD_G0127_TO_CARD_TOP/raw_roi_1x.png,NONAUTHORITATIVE_STALE,true,16829,true,553x228,true,PASS
critical_relations/REQ_CARD_G0127_TO_CARD_TOP/raw_roi_8x_nearest.png,NONAUTHORITATIVE_STALE,true,52433,true,4424x1824,true,PASS
critical_relations/REQ_CARD_G0127_TO_CARD_TOP/relation.json,NONAUTHORITATIVE_STALE,true,366,N/A,,true,PASS
critical_relations/REQ_CARD_G0128_TO_CARD_BOTTOM/intersection_mask_1x.png,NONAUTHORITATIVE_STALE,true,465,true,553x228,true,PASS
critical_relations/REQ_CARD_G0128_TO_CARD_BOTTOM/intersection_mask_8x_nearest.png,NONAUTHORITATIVE_STALE,true,11134,true,4424x1824,true,PASS
critical_relations/REQ_CARD_G0128_TO_CARD_BOTTOM/object_A_mask_1x.png,NONAUTHORITATIVE_STALE,true,550,true,553x228,true,PASS
critical_relations/REQ_CARD_G0128_TO_CARD_BOTTOM/object_A_mask_8x_nearest.png,NONAUTHORITATIVE_STALE,true,11290,true,4424x1824,true,PASS
critical_relations/REQ_CARD_G0128_TO_CARD_BOTTOM/object_B_mask_1x.png,NONAUTHORITATIVE_STALE,true,875,true,553x228,true,PASS
critical_relations/REQ_CARD_G0128_TO_CARD_BOTTOM/object_B_mask_8x_nearest.png,NONAUTHORITATIVE_STALE,true,11753,true,4424x1824,true,PASS
critical_relations/REQ_CARD_G0128_TO_CARD_BOTTOM/overlay_1x.png,NONAUTHORITATIVE_STALE,true,17015,true,553x228,true,PASS
critical_relations/REQ_CARD_G0128_TO_CARD_BOTTOM/overlay_8x_nearest.png,NONAUTHORITATIVE_STALE,true,52737,true,4424x1824,true,PASS
critical_relations/REQ_CARD_G0128_TO_CARD_BOTTOM/raw_roi_1x.png,NONAUTHORITATIVE_STALE,true,16829,true,553x228,true,PASS
critical_relations/REQ_CARD_G0128_TO_CARD_BOTTOM/raw_roi_8x_nearest.png,NONAUTHORITATIVE_STALE,true,52433,true,4424x1824,true,PASS
critical_relations/REQ_CARD_G0128_TO_CARD_BOTTOM/relation.json,NONAUTHORITATIVE_STALE,true,372,N/A,,true,PASS
critical_relations/REQ_CARD_G0129_TO_CARD_BOTTOM/intersection_mask_1x.png,NONAUTHORITATIVE_STALE,true,465,true,553x228,true,PASS
critical_relations/REQ_CARD_G0129_TO_CARD_BOTTOM/intersection_mask_8x_nearest.png,NONAUTHORITATIVE_STALE,true,11134,true,4424x1824,true,PASS
critical_relations/REQ_CARD_G0129_TO_CARD_BOTTOM/object_A_mask_1x.png,NONAUTHORITATIVE_STALE,true,526,true,553x228,true,PASS
critical_relations/REQ_CARD_G0129_TO_CARD_BOTTOM/object_A_mask_8x_nearest.png,NONAUTHORITATIVE_STALE,true,11328,true,4424x1824,true,PASS
critical_relations/REQ_CARD_G0129_TO_CARD_BOTTOM/object_B_mask_1x.png,NONAUTHORITATIVE_STALE,true,875,true,553x228,true,PASS
critical_relations/REQ_CARD_G0129_TO_CARD_BOTTOM/object_B_mask_8x_nearest.png,NONAUTHORITATIVE_STALE,true,11753,true,4424x1824,true,PASS
critical_relations/REQ_CARD_G0129_TO_CARD_BOTTOM/overlay_1x.png,NONAUTHORITATIVE_STALE,true,16873,true,553x228,true,PASS
critical_relations/REQ_CARD_G0129_TO_CARD_BOTTOM/overlay_8x_nearest.png,NONAUTHORITATIVE_STALE,true,52730,true,4424x1824,true,PASS
critical_relations/REQ_CARD_G0129_TO_CARD_BOTTOM/raw_roi_1x.png,NONAUTHORITATIVE_STALE,true,16829,true,553x228,true,PASS
critical_relations/REQ_CARD_G0129_TO_CARD_BOTTOM/raw_roi_8x_nearest.png,NONAUTHORITATIVE_STALE,true,52433,true,4424x1824,true,PASS
critical_relations/REQ_CARD_G0129_TO_CARD_BOTTOM/relation.json,NONAUTHORITATIVE_STALE,true,372,N/A,,true,PASS
critical_relations/REQ_CARD_G0129_TO_CARD_TOP/intersection_mask_1x.png,NONAUTHORITATIVE_STALE,true,465,true,553x228,true,PASS
critical_relations/REQ_CARD_G0129_TO_CARD_TOP/intersection_mask_8x_nearest.png,NONAUTHORITATIVE_STALE,true,11134,true,4424x1824,true,PASS
critical_relations/REQ_CARD_G0129_TO_CARD_TOP/object_A_mask_1x.png,NONAUTHORITATIVE_STALE,true,526,true,553x228,true,PASS
critical_relations/REQ_CARD_G0129_TO_CARD_TOP/object_A_mask_8x_nearest.png,NONAUTHORITATIVE_STALE,true,11328,true,4424x1824,true,PASS
critical_relations/REQ_CARD_G0129_TO_CARD_TOP/object_B_mask_1x.png,NONAUTHORITATIVE_STALE,true,857,true,553x228,true,PASS
critical_relations/REQ_CARD_G0129_TO_CARD_TOP/object_B_mask_8x_nearest.png,NONAUTHORITATIVE_STALE,true,11702,true,4424x1824,true,PASS
critical_relations/REQ_CARD_G0129_TO_CARD_TOP/overlay_1x.png,NONAUTHORITATIVE_STALE,true,17053,true,553x228,true,PASS
critical_relations/REQ_CARD_G0129_TO_CARD_TOP/overlay_8x_nearest.png,NONAUTHORITATIVE_STALE,true,52779,true,4424x1824,true,PASS
critical_relations/REQ_CARD_G0129_TO_CARD_TOP/raw_roi_1x.png,NONAUTHORITATIVE_STALE,true,16829,true,553x228,true,PASS
critical_relations/REQ_CARD_G0129_TO_CARD_TOP/raw_roi_8x_nearest.png,NONAUTHORITATIVE_STALE,true,52433,true,4424x1824,true,PASS
critical_relations/REQ_CARD_G0129_TO_CARD_TOP/relation.json,NONAUTHORITATIVE_STALE,true,366,N/A,,true,PASS
critical_relations/REQ_CARD_G0130_TO_CARD_TOP/intersection_mask_1x.png,NONAUTHORITATIVE_STALE,true,465,true,553x228,true,PASS
critical_relations/REQ_CARD_G0130_TO_CARD_TOP/intersection_mask_8x_nearest.png,NONAUTHORITATIVE_STALE,true,11134,true,4424x1824,true,PASS
critical_relations/REQ_CARD_G0130_TO_CARD_TOP/object_A_mask_1x.png,NONAUTHORITATIVE_STALE,true,541,true,553x228,true,PASS
critical_relations/REQ_CARD_G0130_TO_CARD_TOP/object_A_mask_8x_nearest.png,NONAUTHORITATIVE_STALE,true,11290,true,4424x1824,true,PASS
critical_relations/REQ_CARD_G0130_TO_CARD_TOP/object_B_mask_1x.png,NONAUTHORITATIVE_STALE,true,857,true,553x228,true,PASS
critical_relations/REQ_CARD_G0130_TO_CARD_TOP/object_B_mask_8x_nearest.png,NONAUTHORITATIVE_STALE,true,11702,true,4424x1824,true,PASS
critical_relations/REQ_CARD_G0130_TO_CARD_TOP/overlay_1x.png,NONAUTHORITATIVE_STALE,true,16478,true,553x228,true,PASS
critical_relations/REQ_CARD_G0130_TO_CARD_TOP/overlay_8x_nearest.png,NONAUTHORITATIVE_STALE,true,51931,true,4424x1824,true,PASS
critical_relations/REQ_CARD_G0130_TO_CARD_TOP/raw_roi_1x.png,NONAUTHORITATIVE_STALE,true,16829,true,553x228,true,PASS
critical_relations/REQ_CARD_G0130_TO_CARD_TOP/raw_roi_8x_nearest.png,NONAUTHORITATIVE_STALE,true,52433,true,4424x1824,true,PASS
critical_relations/REQ_CARD_G0130_TO_CARD_TOP/relation.json,NONAUTHORITATIVE_STALE,true,366,N/A,,true,PASS
critical_relations/REQ_CARD_G0131_TO_CARD_BOTTOM/intersection_mask_1x.png,NONAUTHORITATIVE_STALE,true,465,true,553x228,true,PASS
critical_relations/REQ_CARD_G0131_TO_CARD_BOTTOM/intersection_mask_8x_nearest.png,NONAUTHORITATIVE_STALE,true,11134,true,4424x1824,true,PASS
critical_relations/REQ_CARD_G0131_TO_CARD_BOTTOM/object_A_mask_1x.png,NONAUTHORITATIVE_STALE,true,548,true,553x228,true,PASS
critical_relations/REQ_CARD_G0131_TO_CARD_BOTTOM/object_A_mask_8x_nearest.png,NONAUTHORITATIVE_STALE,true,11311,true,4424x1824,true,PASS
critical_relations/REQ_CARD_G0131_TO_CARD_BOTTOM/object_B_mask_1x.png,NONAUTHORITATIVE_STALE,true,875,true,553x228,true,PASS
critical_relations/REQ_CARD_G0131_TO_CARD_BOTTOM/object_B_mask_8x_nearest.png,NONAUTHORITATIVE_STALE,true,11753,true,4424x1824,true,PASS
critical_relations/REQ_CARD_G0131_TO_CARD_BOTTOM/overlay_1x.png,NONAUTHORITATIVE_STALE,true,16432,true,553x228,true,PASS
critical_relations/REQ_CARD_G0131_TO_CARD_BOTTOM/overlay_8x_nearest.png,NONAUTHORITATIVE_STALE,true,51930,true,4424x1824,true,PASS
critical_relations/REQ_CARD_G0131_TO_CARD_BOTTOM/raw_roi_1x.png,NONAUTHORITATIVE_STALE,true,16829,true,553x228,true,PASS
critical_relations/REQ_CARD_G0131_TO_CARD_BOTTOM/raw_roi_8x_nearest.png,NONAUTHORITATIVE_STALE,true,52433,true,4424x1824,true,PASS
critical_relations/REQ_CARD_G0131_TO_CARD_BOTTOM/relation.json,NONAUTHORITATIVE_STALE,true,372,N/A,,true,PASS
critical_relations/REQ_CARD_G0132_TO_CARD_BOTTOM/intersection_mask_1x.png,NONAUTHORITATIVE_STALE,true,465,true,553x228,true,PASS
critical_relations/REQ_CARD_G0132_TO_CARD_BOTTOM/intersection_mask_8x_nearest.png,NONAUTHORITATIVE_STALE,true,11134,true,4424x1824,true,PASS
critical_relations/REQ_CARD_G0132_TO_CARD_BOTTOM/object_A_mask_1x.png,NONAUTHORITATIVE_STALE,true,529,true,553x228,true,PASS
critical_relations/REQ_CARD_G0132_TO_CARD_BOTTOM/object_A_mask_8x_nearest.png,NONAUTHORITATIVE_STALE,true,11302,true,4424x1824,true,PASS
critical_relations/REQ_CARD_G0132_TO_CARD_BOTTOM/object_B_mask_1x.png,NONAUTHORITATIVE_STALE,true,875,true,553x228,true,PASS
critical_relations/REQ_CARD_G0132_TO_CARD_BOTTOM/object_B_mask_8x_nearest.png,NONAUTHORITATIVE_STALE,true,11753,true,4424x1824,true,PASS
critical_relations/REQ_CARD_G0132_TO_CARD_BOTTOM/overlay_1x.png,NONAUTHORITATIVE_STALE,true,16872,true,553x228,true,PASS
critical_relations/REQ_CARD_G0132_TO_CARD_BOTTOM/overlay_8x_nearest.png,NONAUTHORITATIVE_STALE,true,52686,true,4424x1824,true,PASS
critical_relations/REQ_CARD_G0132_TO_CARD_BOTTOM/raw_roi_1x.png,NONAUTHORITATIVE_STALE,true,16829,true,553x228,true,PASS
critical_relations/REQ_CARD_G0132_TO_CARD_BOTTOM/raw_roi_8x_nearest.png,NONAUTHORITATIVE_STALE,true,52433,true,4424x1824,true,PASS
critical_relations/REQ_CARD_G0132_TO_CARD_BOTTOM/relation.json,NONAUTHORITATIVE_STALE,true,372,N/A,,true,PASS
critical_relations/REQ_CARD_G0132_TO_CARD_TOP/intersection_mask_1x.png,NONAUTHORITATIVE_STALE,true,465,true,553x228,true,PASS
critical_relations/REQ_CARD_G0132_TO_CARD_TOP/intersection_mask_8x_nearest.png,NONAUTHORITATIVE_STALE,true,11134,true,4424x1824,true,PASS
critical_relations/REQ_CARD_G0132_TO_CARD_TOP/object_A_mask_1x.png,NONAUTHORITATIVE_STALE,true,529,true,553x228,true,PASS
critical_relations/REQ_CARD_G0132_TO_CARD_TOP/object_A_mask_8x_nearest.png,NONAUTHORITATIVE_STALE,true,11302,true,4424x1824,true,PASS
critical_relations/REQ_CARD_G0132_TO_CARD_TOP/object_B_mask_1x.png,NONAUTHORITATIVE_STALE,true,857,true,553x228,true,PASS
critical_relations/REQ_CARD_G0132_TO_CARD_TOP/object_B_mask_8x_nearest.png,NONAUTHORITATIVE_STALE,true,11702,true,4424x1824,true,PASS
critical_relations/REQ_CARD_G0132_TO_CARD_TOP/overlay_1x.png,NONAUTHORITATIVE_STALE,true,17020,true,553x228,true,PASS
critical_relations/REQ_CARD_G0132_TO_CARD_TOP/overlay_8x_nearest.png,NONAUTHORITATIVE_STALE,true,52735,true,4424x1824,true,PASS
critical_relations/REQ_CARD_G0132_TO_CARD_TOP/raw_roi_1x.png,NONAUTHORITATIVE_STALE,true,16829,true,553x228,true,PASS
critical_relations/REQ_CARD_G0132_TO_CARD_TOP/raw_roi_8x_nearest.png,NONAUTHORITATIVE_STALE,true,52433,true,4424x1824,true,PASS
critical_relations/REQ_CARD_G0132_TO_CARD_TOP/relation.json,NONAUTHORITATIVE_STALE,true,366,N/A,,true,PASS
critical_relations/REQ_CARD_G0133_TO_CARD_BOTTOM/intersection_mask_1x.png,NONAUTHORITATIVE_STALE,true,465,true,553x228,true,PASS
critical_relations/REQ_CARD_G0133_TO_CARD_BOTTOM/intersection_mask_8x_nearest.png,NONAUTHORITATIVE_STALE,true,11134,true,4424x1824,true,PASS
critical_relations/REQ_CARD_G0133_TO_CARD_BOTTOM/object_A_mask_1x.png,NONAUTHORITATIVE_STALE,true,558,true,553x228,true,PASS
critical_relations/REQ_CARD_G0133_TO_CARD_BOTTOM/object_A_mask_8x_nearest.png,NONAUTHORITATIVE_STALE,true,11292,true,4424x1824,true,PASS
critical_relations/REQ_CARD_G0133_TO_CARD_BOTTOM/object_B_mask_1x.png,NONAUTHORITATIVE_STALE,true,875,true,553x228,true,PASS
critical_relations/REQ_CARD_G0133_TO_CARD_BOTTOM/object_B_mask_8x_nearest.png,NONAUTHORITATIVE_STALE,true,11753,true,4424x1824,true,PASS
critical_relations/REQ_CARD_G0133_TO_CARD_BOTTOM/overlay_1x.png,NONAUTHORITATIVE_STALE,true,16999,true,553x228,true,PASS
critical_relations/REQ_CARD_G0133_TO_CARD_BOTTOM/overlay_8x_nearest.png,NONAUTHORITATIVE_STALE,true,52689,true,4424x1824,true,PASS
critical_relations/REQ_CARD_G0133_TO_CARD_BOTTOM/raw_roi_1x.png,NONAUTHORITATIVE_STALE,true,16829,true,553x228,true,PASS
critical_relations/REQ_CARD_G0133_TO_CARD_BOTTOM/raw_roi_8x_nearest.png,NONAUTHORITATIVE_STALE,true,52433,true,4424x1824,true,PASS
critical_relations/REQ_CARD_G0133_TO_CARD_BOTTOM/relation.json,NONAUTHORITATIVE_STALE,true,372,N/A,,true,PASS
critical_relations/REQ_CARD_G0134_TO_CARD_BOTTOM/intersection_mask_1x.png,NONAUTHORITATIVE_STALE,true,465,true,553x228,true,PASS
critical_relations/REQ_CARD_G0134_TO_CARD_BOTTOM/intersection_mask_8x_nearest.png,NONAUTHORITATIVE_STALE,true,11134,true,4424x1824,true,PASS
critical_relations/REQ_CARD_G0134_TO_CARD_BOTTOM/object_A_mask_1x.png,NONAUTHORITATIVE_STALE,true,531,true,553x228,true,PASS
critical_relations/REQ_CARD_G0134_TO_CARD_BOTTOM/object_A_mask_8x_nearest.png,NONAUTHORITATIVE_STALE,true,11320,true,4424x1824,true,PASS
critical_relations/REQ_CARD_G0134_TO_CARD_BOTTOM/object_B_mask_1x.png,NONAUTHORITATIVE_STALE,true,875,true,553x228,true,PASS
critical_relations/REQ_CARD_G0134_TO_CARD_BOTTOM/object_B_mask_8x_nearest.png,NONAUTHORITATIVE_STALE,true,11753,true,4424x1824,true,PASS
critical_relations/REQ_CARD_G0134_TO_CARD_BOTTOM/overlay_1x.png,NONAUTHORITATIVE_STALE,true,16880,true,553x228,true,PASS
critical_relations/REQ_CARD_G0134_TO_CARD_BOTTOM/overlay_8x_nearest.png,NONAUTHORITATIVE_STALE,true,52698,true,4424x1824,true,PASS
critical_relations/REQ_CARD_G0134_TO_CARD_BOTTOM/raw_roi_1x.png,NONAUTHORITATIVE_STALE,true,16829,true,553x228,true,PASS
critical_relations/REQ_CARD_G0134_TO_CARD_BOTTOM/raw_roi_8x_nearest.png,NONAUTHORITATIVE_STALE,true,52433,true,4424x1824,true,PASS
critical_relations/REQ_CARD_G0134_TO_CARD_BOTTOM/relation.json,NONAUTHORITATIVE_STALE,true,372,N/A,,true,PASS
critical_relations/REQ_CARD_G0134_TO_CARD_TOP/intersection_mask_1x.png,NONAUTHORITATIVE_STALE,true,465,true,553x228,true,PASS
critical_relations/REQ_CARD_G0134_TO_CARD_TOP/intersection_mask_8x_nearest.png,NONAUTHORITATIVE_STALE,true,11134,true,4424x1824,true,PASS
critical_relations/REQ_CARD_G0134_TO_CARD_TOP/object_A_mask_1x.png,NONAUTHORITATIVE_STALE,true,531,true,553x228,true,PASS
critical_relations/REQ_CARD_G0134_TO_CARD_TOP/object_A_mask_8x_nearest.png,NONAUTHORITATIVE_STALE,true,11320,true,4424x1824,true,PASS
critical_relations/REQ_CARD_G0134_TO_CARD_TOP/object_B_mask_1x.png,NONAUTHORITATIVE_STALE,true,857,true,553x228,true,PASS
critical_relations/REQ_CARD_G0134_TO_CARD_TOP/object_B_mask_8x_nearest.png,NONAUTHORITATIVE_STALE,true,11702,true,4424x1824,true,PASS
critical_relations/REQ_CARD_G0134_TO_CARD_TOP/overlay_1x.png,NONAUTHORITATIVE_STALE,true,17062,true,553x228,true,PASS
critical_relations/REQ_CARD_G0134_TO_CARD_TOP/overlay_8x_nearest.png,NONAUTHORITATIVE_STALE,true,52742,true,4424x1824,true,PASS
critical_relations/REQ_CARD_G0134_TO_CARD_TOP/raw_roi_1x.png,NONAUTHORITATIVE_STALE,true,16829,true,553x228,true,PASS
critical_relations/REQ_CARD_G0134_TO_CARD_TOP/raw_roi_8x_nearest.png,NONAUTHORITATIVE_STALE,true,52433,true,4424x1824,true,PASS
critical_relations/REQ_CARD_G0134_TO_CARD_TOP/relation.json,NONAUTHORITATIVE_STALE,true,366,N/A,,true,PASS
critical_relations/REQ_CARD_G0135_TO_CARD_BOTTOM/intersection_mask_1x.png,NONAUTHORITATIVE_STALE,true,465,true,553x228,true,PASS
critical_relations/REQ_CARD_G0135_TO_CARD_BOTTOM/intersection_mask_8x_nearest.png,NONAUTHORITATIVE_STALE,true,11134,true,4424x1824,true,PASS
critical_relations/REQ_CARD_G0135_TO_CARD_BOTTOM/object_A_mask_1x.png,NONAUTHORITATIVE_STALE,true,526,true,553x228,true,PASS
critical_relations/REQ_CARD_G0135_TO_CARD_BOTTOM/object_A_mask_8x_nearest.png,NONAUTHORITATIVE_STALE,true,11274,true,4424x1824,true,PASS
critical_relations/REQ_CARD_G0135_TO_CARD_BOTTOM/object_B_mask_1x.png,NONAUTHORITATIVE_STALE,true,875,true,553x228,true,PASS
critical_relations/REQ_CARD_G0135_TO_CARD_BOTTOM/object_B_mask_8x_nearest.png,NONAUTHORITATIVE_STALE,true,11753,true,4424x1824,true,PASS
critical_relations/REQ_CARD_G0135_TO_CARD_BOTTOM/overlay_1x.png,NONAUTHORITATIVE_STALE,true,16626,true,553x228,true,PASS
critical_relations/REQ_CARD_G0135_TO_CARD_BOTTOM/overlay_8x_nearest.png,NONAUTHORITATIVE_STALE,true,52209,true,4424x1824,true,PASS
critical_relations/REQ_CARD_G0135_TO_CARD_BOTTOM/raw_roi_1x.png,NONAUTHORITATIVE_STALE,true,16829,true,553x228,true,PASS
critical_relations/REQ_CARD_G0135_TO_CARD_BOTTOM/raw_roi_8x_nearest.png,NONAUTHORITATIVE_STALE,true,52433,true,4424x1824,true,PASS
critical_relations/REQ_CARD_G0135_TO_CARD_BOTTOM/relation.json,NONAUTHORITATIVE_STALE,true,372,N/A,,true,PASS
critical_relations/REQ_CARD_G0135_TO_CARD_TOP/intersection_mask_1x.png,NONAUTHORITATIVE_STALE,true,465,true,553x228,true,PASS
critical_relations/REQ_CARD_G0135_TO_CARD_TOP/intersection_mask_8x_nearest.png,NONAUTHORITATIVE_STALE,true,11134,true,4424x1824,true,PASS
critical_relations/REQ_CARD_G0135_TO_CARD_TOP/object_A_mask_1x.png,NONAUTHORITATIVE_STALE,true,526,true,553x228,true,PASS
critical_relations/REQ_CARD_G0135_TO_CARD_TOP/object_A_mask_8x_nearest.png,NONAUTHORITATIVE_STALE,true,11274,true,4424x1824,true,PASS
critical_relations/REQ_CARD_G0135_TO_CARD_TOP/object_B_mask_1x.png,NONAUTHORITATIVE_STALE,true,857,true,553x228,true,PASS
critical_relations/REQ_CARD_G0135_TO_CARD_TOP/object_B_mask_8x_nearest.png,NONAUTHORITATIVE_STALE,true,11702,true,4424x1824,true,PASS
critical_relations/REQ_CARD_G0135_TO_CARD_TOP/overlay_1x.png,NONAUTHORITATIVE_STALE,true,16737,true,553x228,true,PASS
critical_relations/REQ_CARD_G0135_TO_CARD_TOP/overlay_8x_nearest.png,NONAUTHORITATIVE_STALE,true,52212,true,4424x1824,true,PASS
critical_relations/REQ_CARD_G0135_TO_CARD_TOP/raw_roi_1x.png,NONAUTHORITATIVE_STALE,true,16829,true,553x228,true,PASS
critical_relations/REQ_CARD_G0135_TO_CARD_TOP/raw_roi_8x_nearest.png,NONAUTHORITATIVE_STALE,true,52433,true,4424x1824,true,PASS
critical_relations/REQ_CARD_G0135_TO_CARD_TOP/relation.json,NONAUTHORITATIVE_STALE,true,366,N/A,,true,PASS
critical_relations/REQ_CARD_G0136_TO_CARD_BOTTOM/intersection_mask_1x.png,NONAUTHORITATIVE_STALE,true,465,true,553x228,true,PASS
critical_relations/REQ_CARD_G0136_TO_CARD_BOTTOM/intersection_mask_8x_nearest.png,NONAUTHORITATIVE_STALE,true,11134,true,4424x1824,true,PASS
critical_relations/REQ_CARD_G0136_TO_CARD_BOTTOM/object_A_mask_1x.png,NONAUTHORITATIVE_STALE,true,538,true,553x228,true,PASS
critical_relations/REQ_CARD_G0136_TO_CARD_BOTTOM/object_A_mask_8x_nearest.png,NONAUTHORITATIVE_STALE,true,11323,true,4424x1824,true,PASS
critical_relations/REQ_CARD_G0136_TO_CARD_BOTTOM/object_B_mask_1x.png,NONAUTHORITATIVE_STALE,true,875,true,553x228,true,PASS
critical_relations/REQ_CARD_G0136_TO_CARD_BOTTOM/object_B_mask_8x_nearest.png,NONAUTHORITATIVE_STALE,true,11753,true,4424x1824,true,PASS
critical_relations/REQ_CARD_G0136_TO_CARD_BOTTOM/overlay_1x.png,NONAUTHORITATIVE_STALE,true,16853,true,553x228,true,PASS
critical_relations/REQ_CARD_G0136_TO_CARD_BOTTOM/overlay_8x_nearest.png,NONAUTHORITATIVE_STALE,true,52635,true,4424x1824,true,PASS
critical_relations/REQ_CARD_G0136_TO_CARD_BOTTOM/raw_roi_1x.png,NONAUTHORITATIVE_STALE,true,16829,true,553x228,true,PASS
critical_relations/REQ_CARD_G0136_TO_CARD_BOTTOM/raw_roi_8x_nearest.png,NONAUTHORITATIVE_STALE,true,52433,true,4424x1824,true,PASS
critical_relations/REQ_CARD_G0136_TO_CARD_BOTTOM/relation.json,NONAUTHORITATIVE_STALE,true,372,N/A,,true,PASS
critical_relations/REQ_CARD_G0136_TO_CARD_RIGHT/intersection_mask_1x.png,NONAUTHORITATIVE_STALE,true,465,true,553x228,true,PASS
critical_relations/REQ_CARD_G0136_TO_CARD_RIGHT/intersection_mask_8x_nearest.png,NONAUTHORITATIVE_STALE,true,11134,true,4424x1824,true,PASS
critical_relations/REQ_CARD_G0136_TO_CARD_RIGHT/object_A_mask_1x.png,NONAUTHORITATIVE_STALE,true,538,true,553x228,true,PASS
critical_relations/REQ_CARD_G0136_TO_CARD_RIGHT/object_A_mask_8x_nearest.png,NONAUTHORITATIVE_STALE,true,11323,true,4424x1824,true,PASS
critical_relations/REQ_CARD_G0136_TO_CARD_RIGHT/object_B_mask_1x.png,NONAUTHORITATIVE_STALE,true,497,true,553x228,true,PASS
critical_relations/REQ_CARD_G0136_TO_CARD_RIGHT/object_B_mask_8x_nearest.png,NONAUTHORITATIVE_STALE,true,11204,true,4424x1824,true,PASS
critical_relations/REQ_CARD_G0136_TO_CARD_RIGHT/overlay_1x.png,NONAUTHORITATIVE_STALE,true,16883,true,553x228,true,PASS
critical_relations/REQ_CARD_G0136_TO_CARD_RIGHT/overlay_8x_nearest.png,NONAUTHORITATIVE_STALE,true,52723,true,4424x1824,true,PASS
critical_relations/REQ_CARD_G0136_TO_CARD_RIGHT/raw_roi_1x.png,NONAUTHORITATIVE_STALE,true,16829,true,553x228,true,PASS
critical_relations/REQ_CARD_G0136_TO_CARD_RIGHT/raw_roi_8x_nearest.png,NONAUTHORITATIVE_STALE,true,52433,true,4424x1824,true,PASS
critical_relations/REQ_CARD_G0136_TO_CARD_RIGHT/relation.json,NONAUTHORITATIVE_STALE,true,370,N/A,,true,PASS
critical_relations/REQ_CARD_G0136_TO_CARD_TOP/intersection_mask_1x.png,NONAUTHORITATIVE_STALE,true,465,true,553x228,true,PASS
critical_relations/REQ_CARD_G0136_TO_CARD_TOP/intersection_mask_8x_nearest.png,NONAUTHORITATIVE_STALE,true,11134,true,4424x1824,true,PASS
critical_relations/REQ_CARD_G0136_TO_CARD_TOP/object_A_mask_1x.png,NONAUTHORITATIVE_STALE,true,538,true,553x228,true,PASS
critical_relations/REQ_CARD_G0136_TO_CARD_TOP/object_A_mask_8x_nearest.png,NONAUTHORITATIVE_STALE,true,11323,true,4424x1824,true,PASS
critical_relations/REQ_CARD_G0136_TO_CARD_TOP/object_B_mask_1x.png,NONAUTHORITATIVE_STALE,true,857,true,553x228,true,PASS
critical_relations/REQ_CARD_G0136_TO_CARD_TOP/object_B_mask_8x_nearest.png,NONAUTHORITATIVE_STALE,true,11702,true,4424x1824,true,PASS
critical_relations/REQ_CARD_G0136_TO_CARD_TOP/overlay_1x.png,NONAUTHORITATIVE_STALE,true,16993,true,553x228,true,PASS
critical_relations/REQ_CARD_G0136_TO_CARD_TOP/overlay_8x_nearest.png,NONAUTHORITATIVE_STALE,true,52659,true,4424x1824,true,PASS
critical_relations/REQ_CARD_G0136_TO_CARD_TOP/raw_roi_1x.png,NONAUTHORITATIVE_STALE,true,16829,true,553x228,true,PASS
critical_relations/REQ_CARD_G0136_TO_CARD_TOP/raw_roi_8x_nearest.png,NONAUTHORITATIVE_STALE,true,52433,true,4424x1824,true,PASS
critical_relations/REQ_CARD_G0136_TO_CARD_TOP/relation.json,NONAUTHORITATIVE_STALE,true,366,N/A,,true,PASS
critical_relations/REQ_CARD_G0137_TO_CARD_BOTTOM/intersection_mask_1x.png,NONAUTHORITATIVE_STALE,true,465,true,553x228,true,PASS
critical_relations/REQ_CARD_G0137_TO_CARD_BOTTOM/intersection_mask_8x_nearest.png,NONAUTHORITATIVE_STALE,true,11134,true,4424x1824,true,PASS
critical_relations/REQ_CARD_G0137_TO_CARD_BOTTOM/object_A_mask_1x.png,NONAUTHORITATIVE_STALE,true,557,true,553x228,true,PASS
critical_relations/REQ_CARD_G0137_TO_CARD_BOTTOM/object_A_mask_8x_nearest.png,NONAUTHORITATIVE_STALE,true,11316,true,4424x1824,true,PASS
critical_relations/REQ_CARD_G0137_TO_CARD_BOTTOM/object_B_mask_1x.png,NONAUTHORITATIVE_STALE,true,875,true,553x228,true,PASS
critical_relations/REQ_CARD_G0137_TO_CARD_BOTTOM/object_B_mask_8x_nearest.png,NONAUTHORITATIVE_STALE,true,11753,true,4424x1824,true,PASS
critical_relations/REQ_CARD_G0137_TO_CARD_BOTTOM/overlay_1x.png,NONAUTHORITATIVE_STALE,true,17049,true,553x228,true,PASS
critical_relations/REQ_CARD_G0137_TO_CARD_BOTTOM/overlay_8x_nearest.png,NONAUTHORITATIVE_STALE,true,52703,true,4424x1824,true,PASS
critical_relations/REQ_CARD_G0137_TO_CARD_BOTTOM/raw_roi_1x.png,NONAUTHORITATIVE_STALE,true,16829,true,553x228,true,PASS
critical_relations/REQ_CARD_G0137_TO_CARD_BOTTOM/raw_roi_8x_nearest.png,NONAUTHORITATIVE_STALE,true,52433,true,4424x1824,true,PASS
critical_relations/REQ_CARD_G0137_TO_CARD_BOTTOM/relation.json,NONAUTHORITATIVE_STALE,true,372,N/A,,true,PASS
critical_relations/REQ_CARD_G0138_TO_CARD_BOTTOM/intersection_mask_1x.png,NONAUTHORITATIVE_STALE,true,465,true,553x228,true,PASS
critical_relations/REQ_CARD_G0138_TO_CARD_BOTTOM/intersection_mask_8x_nearest.png,NONAUTHORITATIVE_STALE,true,11134,true,4424x1824,true,PASS
critical_relations/REQ_CARD_G0138_TO_CARD_BOTTOM/object_A_mask_1x.png,NONAUTHORITATIVE_STALE,true,518,true,553x228,true,PASS
critical_relations/REQ_CARD_G0138_TO_CARD_BOTTOM/object_A_mask_8x_nearest.png,NONAUTHORITATIVE_STALE,true,11259,true,4424x1824,true,PASS
critical_relations/REQ_CARD_G0138_TO_CARD_BOTTOM/object_B_mask_1x.png,NONAUTHORITATIVE_STALE,true,875,true,553x228,true,PASS
critical_relations/REQ_CARD_G0138_TO_CARD_BOTTOM/object_B_mask_8x_nearest.png,NONAUTHORITATIVE_STALE,true,11753,true,4424x1824,true,PASS
critical_relations/REQ_CARD_G0138_TO_CARD_BOTTOM/overlay_1x.png,NONAUTHORITATIVE_STALE,true,16892,true,553x228,true,PASS
critical_relations/REQ_CARD_G0138_TO_CARD_BOTTOM/overlay_8x_nearest.png,NONAUTHORITATIVE_STALE,true,52583,true,4424x1824,true,PASS
critical_relations/REQ_CARD_G0138_TO_CARD_BOTTOM/raw_roi_1x.png,NONAUTHORITATIVE_STALE,true,16829,true,553x228,true,PASS
critical_relations/REQ_CARD_G0138_TO_CARD_BOTTOM/raw_roi_8x_nearest.png,NONAUTHORITATIVE_STALE,true,52433,true,4424x1824,true,PASS
critical_relations/REQ_CARD_G0138_TO_CARD_BOTTOM/relation.json,NONAUTHORITATIVE_STALE,true,372,N/A,,true,PASS
critical_relations/REQ_CARD_G0139_TO_CARD_BOTTOM/intersection_mask_1x.png,NONAUTHORITATIVE_STALE,true,465,true,553x228,true,PASS
critical_relations/REQ_CARD_G0139_TO_CARD_BOTTOM/intersection_mask_8x_nearest.png,NONAUTHORITATIVE_STALE,true,11134,true,4424x1824,true,PASS
critical_relations/REQ_CARD_G0139_TO_CARD_BOTTOM/object_A_mask_1x.png,NONAUTHORITATIVE_STALE,true,523,true,553x228,true,PASS
critical_relations/REQ_CARD_G0139_TO_CARD_BOTTOM/object_A_mask_8x_nearest.png,NONAUTHORITATIVE_STALE,true,11243,true,4424x1824,true,PASS
critical_relations/REQ_CARD_G0139_TO_CARD_BOTTOM/object_B_mask_1x.png,NONAUTHORITATIVE_STALE,true,875,true,553x228,true,PASS
critical_relations/REQ_CARD_G0139_TO_CARD_BOTTOM/object_B_mask_8x_nearest.png,NONAUTHORITATIVE_STALE,true,11753,true,4424x1824,true,PASS
critical_relations/REQ_CARD_G0139_TO_CARD_BOTTOM/overlay_1x.png,NONAUTHORITATIVE_STALE,true,16923,true,553x228,true,PASS
critical_relations/REQ_CARD_G0139_TO_CARD_BOTTOM/overlay_8x_nearest.png,NONAUTHORITATIVE_STALE,true,52583,true,4424x1824,true,PASS
critical_relations/REQ_CARD_G0139_TO_CARD_BOTTOM/raw_roi_1x.png,NONAUTHORITATIVE_STALE,true,16829,true,553x228,true,PASS
critical_relations/REQ_CARD_G0139_TO_CARD_BOTTOM/raw_roi_8x_nearest.png,NONAUTHORITATIVE_STALE,true,52433,true,4424x1824,true,PASS
critical_relations/REQ_CARD_G0139_TO_CARD_BOTTOM/relation.json,NONAUTHORITATIVE_STALE,true,372,N/A,,true,PASS
critical_relations/REQ_CARD_G0140_TO_CARD_BOTTOM/intersection_mask_1x.png,NONAUTHORITATIVE_STALE,true,465,true,553x228,true,PASS
critical_relations/REQ_CARD_G0140_TO_CARD_BOTTOM/intersection_mask_8x_nearest.png,NONAUTHORITATIVE_STALE,true,11134,true,4424x1824,true,PASS
critical_relations/REQ_CARD_G0140_TO_CARD_BOTTOM/object_A_mask_1x.png,NONAUTHORITATIVE_STALE,true,557,true,553x228,true,PASS
critical_relations/REQ_CARD_G0140_TO_CARD_BOTTOM/object_A_mask_8x_nearest.png,NONAUTHORITATIVE_STALE,true,11331,true,4424x1824,true,PASS
critical_relations/REQ_CARD_G0140_TO_CARD_BOTTOM/object_B_mask_1x.png,NONAUTHORITATIVE_STALE,true,875,true,553x228,true,PASS
critical_relations/REQ_CARD_G0140_TO_CARD_BOTTOM/object_B_mask_8x_nearest.png,NONAUTHORITATIVE_STALE,true,11753,true,4424x1824,true,PASS
critical_relations/REQ_CARD_G0140_TO_CARD_BOTTOM/overlay_1x.png,NONAUTHORITATIVE_STALE,true,17074,true,553x228,true,PASS
critical_relations/REQ_CARD_G0140_TO_CARD_BOTTOM/overlay_8x_nearest.png,NONAUTHORITATIVE_STALE,true,52774,true,4424x1824,true,PASS
critical_relations/REQ_CARD_G0140_TO_CARD_BOTTOM/raw_roi_1x.png,NONAUTHORITATIVE_STALE,true,16829,true,553x228,true,PASS
critical_relations/REQ_CARD_G0140_TO_CARD_BOTTOM/raw_roi_8x_nearest.png,NONAUTHORITATIVE_STALE,true,52433,true,4424x1824,true,PASS
critical_relations/REQ_CARD_G0140_TO_CARD_BOTTOM/relation.json,NONAUTHORITATIVE_STALE,true,372,N/A,,true,PASS
critical_relations/REQ_CARD_G0141_TO_CARD_BOTTOM/intersection_mask_1x.png,NONAUTHORITATIVE_STALE,true,465,true,553x228,true,PASS
critical_relations/REQ_CARD_G0141_TO_CARD_BOTTOM/intersection_mask_8x_nearest.png,NONAUTHORITATIVE_STALE,true,11134,true,4424x1824,true,PASS
critical_relations/REQ_CARD_G0141_TO_CARD_BOTTOM/object_A_mask_1x.png,NONAUTHORITATIVE_STALE,true,549,true,553x228,true,PASS
critical_relations/REQ_CARD_G0141_TO_CARD_BOTTOM/object_A_mask_8x_nearest.png,NONAUTHORITATIVE_STALE,true,11313,true,4424x1824,true,PASS
critical_relations/REQ_CARD_G0141_TO_CARD_BOTTOM/object_B_mask_1x.png,NONAUTHORITATIVE_STALE,true,875,true,553x228,true,PASS
critical_relations/REQ_CARD_G0141_TO_CARD_BOTTOM/object_B_mask_8x_nearest.png,NONAUTHORITATIVE_STALE,true,11753,true,4424x1824,true,PASS
critical_relations/REQ_CARD_G0141_TO_CARD_BOTTOM/overlay_1x.png,NONAUTHORITATIVE_STALE,true,16872,true,553x228,true,PASS
critical_relations/REQ_CARD_G0141_TO_CARD_BOTTOM/overlay_8x_nearest.png,NONAUTHORITATIVE_STALE,true,52626,true,4424x1824,true,PASS
critical_relations/REQ_CARD_G0141_TO_CARD_BOTTOM/raw_roi_1x.png,NONAUTHORITATIVE_STALE,true,16829,true,553x228,true,PASS
critical_relations/REQ_CARD_G0141_TO_CARD_BOTTOM/raw_roi_8x_nearest.png,NONAUTHORITATIVE_STALE,true,52433,true,4424x1824,true,PASS
critical_relations/REQ_CARD_G0141_TO_CARD_BOTTOM/relation.json,NONAUTHORITATIVE_STALE,true,372,N/A,,true,PASS
critical_relations/REQ_CARD_G0142_TO_CARD_BOTTOM/intersection_mask_1x.png,NONAUTHORITATIVE_STALE,true,465,true,553x228,true,PASS
critical_relations/REQ_CARD_G0142_TO_CARD_BOTTOM/intersection_mask_8x_nearest.png,NONAUTHORITATIVE_STALE,true,11134,true,4424x1824,true,PASS
critical_relations/REQ_CARD_G0142_TO_CARD_BOTTOM/object_A_mask_1x.png,NONAUTHORITATIVE_STALE,true,577,true,553x228,true,PASS
critical_relations/REQ_CARD_G0142_TO_CARD_BOTTOM/object_A_mask_8x_nearest.png,NONAUTHORITATIVE_STALE,true,11356,true,4424x1824,true,PASS
critical_relations/REQ_CARD_G0142_TO_CARD_BOTTOM/object_B_mask_1x.png,NONAUTHORITATIVE_STALE,true,875,true,553x228,true,PASS
critical_relations/REQ_CARD_G0142_TO_CARD_BOTTOM/object_B_mask_8x_nearest.png,NONAUTHORITATIVE_STALE,true,11753,true,4424x1824,true,PASS
critical_relations/REQ_CARD_G0142_TO_CARD_BOTTOM/overlay_1x.png,NONAUTHORITATIVE_STALE,true,16372,true,553x228,true,PASS
critical_relations/REQ_CARD_G0142_TO_CARD_BOTTOM/overlay_8x_nearest.png,NONAUTHORITATIVE_STALE,true,51821,true,4424x1824,true,PASS
critical_relations/REQ_CARD_G0142_TO_CARD_BOTTOM/raw_roi_1x.png,NONAUTHORITATIVE_STALE,true,16829,true,553x228,true,PASS
critical_relations/REQ_CARD_G0142_TO_CARD_BOTTOM/raw_roi_8x_nearest.png,NONAUTHORITATIVE_STALE,true,52433,true,4424x1824,true,PASS
critical_relations/REQ_CARD_G0142_TO_CARD_BOTTOM/relation.json,NONAUTHORITATIVE_STALE,true,372,N/A,,true,PASS
critical_relations/REQ_CARD_G0143_TO_CARD_BOTTOM/intersection_mask_1x.png,NONAUTHORITATIVE_STALE,true,465,true,553x228,true,PASS
critical_relations/REQ_CARD_G0143_TO_CARD_BOTTOM/intersection_mask_8x_nearest.png,NONAUTHORITATIVE_STALE,true,11134,true,4424x1824,true,PASS
critical_relations/REQ_CARD_G0143_TO_CARD_BOTTOM/object_A_mask_1x.png,NONAUTHORITATIVE_STALE,true,507,true,553x228,true,PASS
critical_relations/REQ_CARD_G0143_TO_CARD_BOTTOM/object_A_mask_8x_nearest.png,NONAUTHORITATIVE_STALE,true,11234,true,4424x1824,true,PASS
critical_relations/REQ_CARD_G0143_TO_CARD_BOTTOM/object_B_mask_1x.png,NONAUTHORITATIVE_STALE,true,875,true,553x228,true,PASS
critical_relations/REQ_CARD_G0143_TO_CARD_BOTTOM/object_B_mask_8x_nearest.png,NONAUTHORITATIVE_STALE,true,11753,true,4424x1824,true,PASS
critical_relations/REQ_CARD_G0143_TO_CARD_BOTTOM/overlay_1x.png,NONAUTHORITATIVE_STALE,true,16906,true,553x228,true,PASS
critical_relations/REQ_CARD_G0143_TO_CARD_BOTTOM/overlay_8x_nearest.png,NONAUTHORITATIVE_STALE,true,52579,true,4424x1824,true,PASS
critical_relations/REQ_CARD_G0143_TO_CARD_BOTTOM/raw_roi_1x.png,NONAUTHORITATIVE_STALE,true,16829,true,553x228,true,PASS
critical_relations/REQ_CARD_G0143_TO_CARD_BOTTOM/raw_roi_8x_nearest.png,NONAUTHORITATIVE_STALE,true,52433,true,4424x1824,true,PASS
critical_relations/REQ_CARD_G0143_TO_CARD_BOTTOM/relation.json,NONAUTHORITATIVE_STALE,true,372,N/A,,true,PASS
critical_relations/REQ_CARD_G0144_TO_CARD_BOTTOM/intersection_mask_1x.png,NONAUTHORITATIVE_STALE,true,465,true,553x228,true,PASS
critical_relations/REQ_CARD_G0144_TO_CARD_BOTTOM/intersection_mask_8x_nearest.png,NONAUTHORITATIVE_STALE,true,11134,true,4424x1824,true,PASS
critical_relations/REQ_CARD_G0144_TO_CARD_BOTTOM/object_A_mask_1x.png,NONAUTHORITATIVE_STALE,true,556,true,553x228,true,PASS
critical_relations/REQ_CARD_G0144_TO_CARD_BOTTOM/object_A_mask_8x_nearest.png,NONAUTHORITATIVE_STALE,true,11336,true,4424x1824,true,PASS
critical_relations/REQ_CARD_G0144_TO_CARD_BOTTOM/object_B_mask_1x.png,NONAUTHORITATIVE_STALE,true,875,true,553x228,true,PASS
critical_relations/REQ_CARD_G0144_TO_CARD_BOTTOM/object_B_mask_8x_nearest.png,NONAUTHORITATIVE_STALE,true,11753,true,4424x1824,true,PASS
critical_relations/REQ_CARD_G0144_TO_CARD_BOTTOM/overlay_1x.png,NONAUTHORITATIVE_STALE,true,17006,true,553x228,true,PASS
critical_relations/REQ_CARD_G0144_TO_CARD_BOTTOM/overlay_8x_nearest.png,NONAUTHORITATIVE_STALE,true,52731,true,4424x1824,true,PASS
critical_relations/REQ_CARD_G0144_TO_CARD_BOTTOM/raw_roi_1x.png,NONAUTHORITATIVE_STALE,true,16829,true,553x228,true,PASS
critical_relations/REQ_CARD_G0144_TO_CARD_BOTTOM/raw_roi_8x_nearest.png,NONAUTHORITATIVE_STALE,true,52433,true,4424x1824,true,PASS
critical_relations/REQ_CARD_G0144_TO_CARD_BOTTOM/relation.json,NONAUTHORITATIVE_STALE,true,372,N/A,,true,PASS
critical_relations/REQ_CARD_G0145_TO_CARD_BOTTOM/intersection_mask_1x.png,NONAUTHORITATIVE_STALE,true,465,true,553x228,true,PASS
critical_relations/REQ_CARD_G0145_TO_CARD_BOTTOM/intersection_mask_8x_nearest.png,NONAUTHORITATIVE_STALE,true,11134,true,4424x1824,true,PASS
critical_relations/REQ_CARD_G0145_TO_CARD_BOTTOM/object_A_mask_1x.png,NONAUTHORITATIVE_STALE,true,564,true,553x228,true,PASS
critical_relations/REQ_CARD_G0145_TO_CARD_BOTTOM/object_A_mask_8x_nearest.png,NONAUTHORITATIVE_STALE,true,11328,true,4424x1824,true,PASS
critical_relations/REQ_CARD_G0145_TO_CARD_BOTTOM/object_B_mask_1x.png,NONAUTHORITATIVE_STALE,true,875,true,553x228,true,PASS
critical_relations/REQ_CARD_G0145_TO_CARD_BOTTOM/object_B_mask_8x_nearest.png,NONAUTHORITATIVE_STALE,true,11753,true,4424x1824,true,PASS
critical_relations/REQ_CARD_G0145_TO_CARD_BOTTOM/overlay_1x.png,NONAUTHORITATIVE_STALE,true,17004,true,553x228,true,PASS
critical_relations/REQ_CARD_G0145_TO_CARD_BOTTOM/overlay_8x_nearest.png,NONAUTHORITATIVE_STALE,true,52649,true,4424x1824,true,PASS
critical_relations/REQ_CARD_G0145_TO_CARD_BOTTOM/raw_roi_1x.png,NONAUTHORITATIVE_STALE,true,16829,true,553x228,true,PASS
critical_relations/REQ_CARD_G0145_TO_CARD_BOTTOM/raw_roi_8x_nearest.png,NONAUTHORITATIVE_STALE,true,52433,true,4424x1824,true,PASS
critical_relations/REQ_CARD_G0145_TO_CARD_BOTTOM/relation.json,NONAUTHORITATIVE_STALE,true,372,N/A,,true,PASS
critical_relations/REQ_CARD_G0146_TO_CARD_BOTTOM/intersection_mask_1x.png,NONAUTHORITATIVE_STALE,true,465,true,553x228,true,PASS
critical_relations/REQ_CARD_G0146_TO_CARD_BOTTOM/intersection_mask_8x_nearest.png,NONAUTHORITATIVE_STALE,true,11134,true,4424x1824,true,PASS
critical_relations/REQ_CARD_G0146_TO_CARD_BOTTOM/object_A_mask_1x.png,NONAUTHORITATIVE_STALE,true,515,true,553x228,true,PASS
critical_relations/REQ_CARD_G0146_TO_CARD_BOTTOM/object_A_mask_8x_nearest.png,NONAUTHORITATIVE_STALE,true,11262,true,4424x1824,true,PASS
critical_relations/REQ_CARD_G0146_TO_CARD_BOTTOM/object_B_mask_1x.png,NONAUTHORITATIVE_STALE,true,875,true,553x228,true,PASS
critical_relations/REQ_CARD_G0146_TO_CARD_BOTTOM/object_B_mask_8x_nearest.png,NONAUTHORITATIVE_STALE,true,11753,true,4424x1824,true,PASS
critical_relations/REQ_CARD_G0146_TO_CARD_BOTTOM/overlay_1x.png,NONAUTHORITATIVE_STALE,true,16900,true,553x228,true,PASS
critical_relations/REQ_CARD_G0146_TO_CARD_BOTTOM/overlay_8x_nearest.png,NONAUTHORITATIVE_STALE,true,52586,true,4424x1824,true,PASS
critical_relations/REQ_CARD_G0146_TO_CARD_BOTTOM/raw_roi_1x.png,NONAUTHORITATIVE_STALE,true,16829,true,553x228,true,PASS
critical_relations/REQ_CARD_G0146_TO_CARD_BOTTOM/raw_roi_8x_nearest.png,NONAUTHORITATIVE_STALE,true,52433,true,4424x1824,true,PASS
critical_relations/REQ_CARD_G0146_TO_CARD_BOTTOM/relation.json,NONAUTHORITATIVE_STALE,true,372,N/A,,true,PASS
critical_relations/REQ_CARD_G0147_TO_CARD_BOTTOM/intersection_mask_1x.png,NONAUTHORITATIVE_STALE,true,465,true,553x228,true,PASS
critical_relations/REQ_CARD_G0147_TO_CARD_BOTTOM/intersection_mask_8x_nearest.png,NONAUTHORITATIVE_STALE,true,11134,true,4424x1824,true,PASS
critical_relations/REQ_CARD_G0147_TO_CARD_BOTTOM/object_A_mask_1x.png,NONAUTHORITATIVE_STALE,true,517,true,553x228,true,PASS
critical_relations/REQ_CARD_G0147_TO_CARD_BOTTOM/object_A_mask_8x_nearest.png,NONAUTHORITATIVE_STALE,true,11245,true,4424x1824,true,PASS
critical_relations/REQ_CARD_G0147_TO_CARD_BOTTOM/object_B_mask_1x.png,NONAUTHORITATIVE_STALE,true,875,true,553x228,true,PASS
critical_relations/REQ_CARD_G0147_TO_CARD_BOTTOM/object_B_mask_8x_nearest.png,NONAUTHORITATIVE_STALE,true,11753,true,4424x1824,true,PASS
critical_relations/REQ_CARD_G0147_TO_CARD_BOTTOM/overlay_1x.png,NONAUTHORITATIVE_STALE,true,16900,true,553x228,true,PASS
critical_relations/REQ_CARD_G0147_TO_CARD_BOTTOM/overlay_8x_nearest.png,NONAUTHORITATIVE_STALE,true,52572,true,4424x1824,true,PASS
critical_relations/REQ_CARD_G0147_TO_CARD_BOTTOM/raw_roi_1x.png,NONAUTHORITATIVE_STALE,true,16829,true,553x228,true,PASS
critical_relations/REQ_CARD_G0147_TO_CARD_BOTTOM/raw_roi_8x_nearest.png,NONAUTHORITATIVE_STALE,true,52433,true,4424x1824,true,PASS
critical_relations/REQ_CARD_G0147_TO_CARD_BOTTOM/relation.json,NONAUTHORITATIVE_STALE,true,372,N/A,,true,PASS
critical_relations/REQ_CARD_G0148_TO_CARD_BOTTOM/intersection_mask_1x.png,NONAUTHORITATIVE_STALE,true,465,true,553x228,true,PASS
critical_relations/REQ_CARD_G0148_TO_CARD_BOTTOM/intersection_mask_8x_nearest.png,NONAUTHORITATIVE_STALE,true,11134,true,4424x1824,true,PASS
critical_relations/REQ_CARD_G0148_TO_CARD_BOTTOM/object_A_mask_1x.png,NONAUTHORITATIVE_STALE,true,558,true,553x228,true,PASS
critical_relations/REQ_CARD_G0148_TO_CARD_BOTTOM/object_A_mask_8x_nearest.png,NONAUTHORITATIVE_STALE,true,11334,true,4424x1824,true,PASS
critical_relations/REQ_CARD_G0148_TO_CARD_BOTTOM/object_B_mask_1x.png,NONAUTHORITATIVE_STALE,true,875,true,553x228,true,PASS
critical_relations/REQ_CARD_G0148_TO_CARD_BOTTOM/object_B_mask_8x_nearest.png,NONAUTHORITATIVE_STALE,true,11753,true,4424x1824,true,PASS
critical_relations/REQ_CARD_G0148_TO_CARD_BOTTOM/overlay_1x.png,NONAUTHORITATIVE_STALE,true,17017,true,553x228,true,PASS
critical_relations/REQ_CARD_G0148_TO_CARD_BOTTOM/overlay_8x_nearest.png,NONAUTHORITATIVE_STALE,true,52695,true,4424x1824,true,PASS
critical_relations/REQ_CARD_G0148_TO_CARD_BOTTOM/raw_roi_1x.png,NONAUTHORITATIVE_STALE,true,16829,true,553x228,true,PASS
critical_relations/REQ_CARD_G0148_TO_CARD_BOTTOM/raw_roi_8x_nearest.png,NONAUTHORITATIVE_STALE,true,52433,true,4424x1824,true,PASS
critical_relations/REQ_CARD_G0148_TO_CARD_BOTTOM/relation.json,NONAUTHORITATIVE_STALE,true,372,N/A,,true,PASS
critical_relations/REQ_CARD_G0149_TO_CARD_BOTTOM/intersection_mask_1x.png,NONAUTHORITATIVE_STALE,true,465,true,553x228,true,PASS
critical_relations/REQ_CARD_G0149_TO_CARD_BOTTOM/intersection_mask_8x_nearest.png,NONAUTHORITATIVE_STALE,true,11134,true,4424x1824,true,PASS
critical_relations/REQ_CARD_G0149_TO_CARD_BOTTOM/object_A_mask_1x.png,NONAUTHORITATIVE_STALE,true,559,true,553x228,true,PASS
critical_relations/REQ_CARD_G0149_TO_CARD_BOTTOM/object_A_mask_8x_nearest.png,NONAUTHORITATIVE_STALE,true,11317,true,4424x1824,true,PASS
critical_relations/REQ_CARD_G0149_TO_CARD_BOTTOM/object_B_mask_1x.png,NONAUTHORITATIVE_STALE,true,875,true,553x228,true,PASS
critical_relations/REQ_CARD_G0149_TO_CARD_BOTTOM/object_B_mask_8x_nearest.png,NONAUTHORITATIVE_STALE,true,11753,true,4424x1824,true,PASS
critical_relations/REQ_CARD_G0149_TO_CARD_BOTTOM/overlay_1x.png,NONAUTHORITATIVE_STALE,true,16876,true,553x228,true,PASS
critical_relations/REQ_CARD_G0149_TO_CARD_BOTTOM/overlay_8x_nearest.png,NONAUTHORITATIVE_STALE,true,52631,true,4424x1824,true,PASS
critical_relations/REQ_CARD_G0149_TO_CARD_BOTTOM/raw_roi_1x.png,NONAUTHORITATIVE_STALE,true,16829,true,553x228,true,PASS
critical_relations/REQ_CARD_G0149_TO_CARD_BOTTOM/raw_roi_8x_nearest.png,NONAUTHORITATIVE_STALE,true,52433,true,4424x1824,true,PASS
critical_relations/REQ_CARD_G0149_TO_CARD_BOTTOM/relation.json,NONAUTHORITATIVE_STALE,true,372,N/A,,true,PASS
diagnostic_text_only.pdf,NONAUTHORITATIVE_STALE,true,68014,N/A,,true,PASS
diagnostic_text_only.png,NONAUTHORITATIVE_STALE,true,456375,true,2481x3508,true,PASS
draft_render_01/page_200dpi.png,NONAUTHORITATIVE_STALE,true,304421,true,1654x2339,true,PASS
draft_render_01/page_300dpi.png,NONAUTHORITATIVE_STALE,true,497549,true,2481x3508,true,PASS
draft_render_01/standalone_page_300dpi.png,NONAUTHORITATIVE_STALE,true,186166,true,2481x3508,true,PASS
draft_render_02/page_200dpi.png,NONAUTHORITATIVE_STALE,true,303302,true,1654x2339,true,PASS
draft_render_02/page_300dpi.png,NONAUTHORITATIVE_STALE,true,496282,true,2481x3508,true,PASS
draft_render_02/standalone_page_300dpi.png,NONAUTHORITATIVE_STALE,true,185043,true,2481x3508,true,PASS
draft_render_03/page_200dpi.png,NONAUTHORITATIVE_STALE,true,299853,true,1654x2339,true,PASS
draft_render_03/standalone_page_300dpi.png,NONAUTHORITATIVE_STALE,true,179240,true,2481x3508,true,PASS
figure_crop_300dpi.png,CURRENT_REPORT_OR_VIEW,true,190422,true,1980x942,true,PASS
finalize_sa2.py,CURRENT_REPORT_OR_VIEW,true,40246,N/A,,true,PASS
full_page_200dpi.png,CURRENT_REPORT_OR_VIEW,true,304625,true,1654x2339,true,PASS
full_page_300dpi.png,CURRENT_REPORT_OR_VIEW,true,498416,true,2481x3508,true,PASS
glyph_contact_manifest.csv,CURRENT_REPORT_OR_VIEW,true,38380,N/A,,true,PASS
glyph_ownership_report.json,CURRENT_REPORT_OR_VIEW,true,33965,N/A,,true,PASS
glyph_shape_contact_sheets/contact_sheet_01_triple_8x_nearest.png,CURRENT_CONTACT_SHEET,true,87759,true,6240x2224,true,PASS
glyph_shape_contact_sheets/contact_sheet_02_triple_8x_nearest.png,CURRENT_CONTACT_SHEET,true,102280,true,6240x2224,true,PASS
glyph_shape_contact_sheets/contact_sheet_03_triple_8x_nearest.png,CURRENT_CONTACT_SHEET,true,115924,true,6240x2224,true,PASS
glyph_shape_contact_sheets/contact_sheet_04_triple_8x_nearest.png,CURRENT_CONTACT_SHEET,true,107645,true,6240x2224,true,PASS
glyph_shape_contact_sheets/contact_sheet_05_triple_8x_nearest.png,CURRENT_CONTACT_SHEET,true,104272,true,6240x2224,true,PASS
glyph_shape_contact_sheets/contact_sheet_06_triple_8x_nearest.png,CURRENT_CONTACT_SHEET,true,101602,true,6240x2224,true,PASS
glyph_shape_contact_sheets/contact_sheet_07_triple_8x_nearest.png,CURRENT_CONTACT_SHEET,true,88686,true,6240x2224,true,PASS
glyph_shape_contact_sheets/contact_sheet_08_triple_8x_nearest.png,CURRENT_CONTACT_SHEET,true,101989,true,6240x2224,true,PASS
glyph_shape_contact_sheets/contact_sheet_09_triple_8x_nearest.png,CURRENT_CONTACT_SHEET,true,95445,true,6240x2224,true,PASS
glyph_shape_contact_sheets/contact_sheet_10_triple_8x_nearest.png,CURRENT_CONTACT_SHEET,true,90721,true,6240x2224,true,PASS
glyph_shape_contact_sheets/contact_sheet_11_triple_8x_nearest.png,CURRENT_CONTACT_SHEET,true,113883,true,6240x2224,true,PASS
glyph_shape_contact_sheets/contact_sheet_12_triple_8x_nearest.png,CURRENT_CONTACT_SHEET,true,106327,true,6240x2224,true,PASS
glyph_shape_contact_sheets/contact_sheet_13_triple_8x_nearest.png,CURRENT_CONTACT_SHEET,true,103450,true,6240x2224,true,PASS
glyph_shape_contact_sheets/contact_sheet_14_triple_8x_nearest.png,CURRENT_CONTACT_SHEET,true,105314,true,6240x2224,true,PASS
glyph_shape_contact_sheets/contact_sheet_15_triple_8x_nearest.png,CURRENT_CONTACT_SHEET,true,92402,true,6240x2224,true,PASS
grayscale_300dpi.png,CURRENT_REPORT_OR_VIEW,true,86025,true,1980x942,true,PASS
low_profile_punctuation/G0198/candidate_pure_mask_1x.png,CURRENT_LOW_PROFILE_PACKAGE,true,115,true,26x57,true,PASS
low_profile_punctuation/G0198/candidate_pure_mask_8x_nearest.png,CURRENT_LOW_PROFILE_PACKAGE,true,498,true,208x456,true,PASS
low_profile_punctuation/G0198/candidate_source_raw_1x.png,CURRENT_LOW_PROFILE_PACKAGE,true,547,true,26x57,true,PASS
low_profile_punctuation/G0198/candidate_source_raw_8x_nearest.png,CURRENT_LOW_PROFILE_PACKAGE,true,1552,true,208x456,true,PASS
low_profile_punctuation/G0198/candidate_target_overlay_1x.png,CURRENT_LOW_PROFILE_PACKAGE,true,475,true,26x57,true,PASS
low_profile_punctuation/G0198/candidate_target_overlay_8x_nearest.png,CURRENT_LOW_PROFILE_PACKAGE,true,1433,true,208x456,true,PASS
low_profile_punctuation/G0198/comparison.json,CURRENT_LOW_PROFILE_PACKAGE,true,2242,N/A,,true,PASS
low_profile_punctuation/reference_full_page_300dpi.png,CURRENT_LOW_PROFILE_PACKAGE,true,33369,true,2481x3508,true,PASS
low_profile_punctuation/reference_measurement.json,CURRENT_LOW_PROFILE_PACKAGE,true,1078,N/A,,true,PASS
low_profile_punctuation/reference_pure_mask_1x.png,CURRENT_LOW_PROFILE_PACKAGE,true,110,true,16x47,true,PASS
low_profile_punctuation/reference_pure_mask_8x_nearest.png,CURRENT_LOW_PROFILE_PACKAGE,true,314,true,128x376,true,PASS
low_profile_punctuation/reference_source_raw_1x.png,CURRENT_LOW_PROFILE_PACKAGE,true,216,true,16x47,true,PASS
low_profile_punctuation/reference_source_raw_8x_nearest.png,CURRENT_LOW_PROFILE_PACKAGE,true,789,true,128x376,true,PASS
low_profile_punctuation_calibration.csv,CURRENT_REPORT_OR_VIEW,true,687,N/A,,true,PASS
manual_glyph_contact_ledger.csv,CURRENT_REPORT_OR_VIEW,true,28681,N/A,,true,PASS
manual_visual_harmony_ledger.csv,CURRENT_REPORT_OR_VIEW,true,8474,N/A,,true,PASS
mask_manifest.csv,CURRENT_REPORT_OR_VIEW,true,31178,N/A,,true,PASS
masks/card_edges/CARD_BOTTOM_raw.png,CURRENT_NATIVE_MASK,true,463,true,541x216,true,PASS
masks/card_edges/CARD_LEFT_raw.png,CURRENT_NATIVE_MASK,true,474,true,541x216,true,PASS
masks/card_edges/CARD_RIGHT_raw.png,CURRENT_NATIVE_MASK,true,471,true,541x216,true,PASS
masks/card_edges/CARD_TOP_raw.png,CURRENT_NATIVE_MASK,true,467,true,541x216,true,PASS
masks/glyphs/G0001_raw.png,CURRENT_NATIVE_MASK,true,169,true,24x45,true,PASS
masks/glyphs/G0002_raw.png,CURRENT_NATIVE_MASK,true,118,true,24x45,true,PASS
masks/glyphs/G0003_raw.png,CURRENT_NATIVE_MASK,true,165,true,25x45,true,PASS
masks/glyphs/G0004_raw.png,CURRENT_NATIVE_MASK,true,136,true,21x45,true,PASS
masks/glyphs/G0005_raw.png,CURRENT_NATIVE_MASK,true,180,true,24x45,true,PASS
masks/glyphs/G0006_raw.png,CURRENT_NATIVE_MASK,true,154,true,24x45,true,PASS
masks/glyphs/G0007_raw.png,CURRENT_NATIVE_MASK,true,165,true,24x45,true,PASS
masks/glyphs/G0008_raw.png,CURRENT_NATIVE_MASK,true,168,true,25x45,true,PASS
masks/glyphs/G0009_raw.png,CURRENT_NATIVE_MASK,true,118,true,24x45,true,PASS
masks/glyphs/G0010_raw.png,CURRENT_NATIVE_MASK,true,136,true,21x45,true,PASS
masks/glyphs/G0011_raw.png,CURRENT_NATIVE_MASK,true,165,true,25x45,true,PASS
masks/glyphs/G0012_raw.png,CURRENT_NATIVE_MASK,true,176,true,25x45,true,PASS
masks/glyphs/G0013_raw.png,CURRENT_NATIVE_MASK,true,133,true,20x45,true,PASS
masks/glyphs/G0014_raw.png,CURRENT_NATIVE_MASK,true,118,true,25x45,true,PASS
masks/glyphs/G0015_raw.png,CURRENT_NATIVE_MASK,true,168,true,25x45,true,PASS
masks/glyphs/G0016_raw.png,CURRENT_NATIVE_MASK,true,180,true,24x45,true,PASS
masks/glyphs/G0017_raw.png,CURRENT_NATIVE_MASK,true,136,true,21x45,true,PASS
masks/glyphs/G0018_raw.png,CURRENT_NATIVE_MASK,true,165,true,25x45,true,PASS
masks/glyphs/G0019_raw.png,CURRENT_NATIVE_MASK,true,118,true,24x45,true,PASS
masks/glyphs/G0020_raw.png,CURRENT_NATIVE_MASK,true,136,true,21x45,true,PASS
masks/glyphs/G0021_raw.png,CURRENT_NATIVE_MASK,true,179,true,25x45,true,PASS
masks/glyphs/G0022_raw.png,CURRENT_NATIVE_MASK,true,252,true,44x48,true,PASS
masks/glyphs/G0023_raw.png,CURRENT_NATIVE_MASK,true,314,true,45x48,true,PASS
masks/glyphs/G0024_raw.png,CURRENT_NATIVE_MASK,true,171,true,25x45,true,PASS
masks/glyphs/G0025_raw.png,CURRENT_NATIVE_MASK,true,145,true,25x33,true,PASS
masks/glyphs/G0026_raw.png,CURRENT_NATIVE_MASK,true,162,true,19x45,true,PASS
masks/glyphs/G0027_raw.png,CURRENT_NATIVE_MASK,true,173,true,28x45,true,PASS
masks/glyphs/G0028_raw.png,CURRENT_NATIVE_MASK,true,163,true,19x45,true,PASS
masks/glyphs/G0029_raw.png,CURRENT_NATIVE_MASK,true,258,true,44x47,true,PASS
masks/glyphs/G0030_raw.png,CURRENT_NATIVE_MASK,true,179,true,25x45,true,PASS
masks/glyphs/G0031_raw.png,CURRENT_NATIVE_MASK,true,133,true,20x45,true,PASS
masks/glyphs/G0032_raw.png,CURRENT_NATIVE_MASK,true,165,true,25x45,true,PASS
masks/glyphs/G0033_raw.png,CURRENT_NATIVE_MASK,true,276,true,44x48,true,PASS
masks/glyphs/G0034_raw.png,CURRENT_NATIVE_MASK,true,313,true,45x48,true,PASS
masks/glyphs/G0035_raw.png,CURRENT_NATIVE_MASK,true,178,true,28x45,true,PASS
masks/glyphs/G0036_raw.png,CURRENT_NATIVE_MASK,true,165,true,20x45,true,PASS
masks/glyphs/G0037_raw.png,CURRENT_NATIVE_MASK,true,174,true,27x45,true,PASS
masks/glyphs/G0038_raw.png,CURRENT_NATIVE_MASK,true,164,true,20x45,true,PASS
masks/glyphs/G0039_raw.png,CURRENT_NATIVE_MASK,true,218,true,45x48,true,PASS
masks/glyphs/G0040_raw.png,CURRENT_NATIVE_MASK,true,312,true,45x48,true,PASS
masks/glyphs/G0041_raw.png,CURRENT_NATIVE_MASK,true,240,true,45x48,true,PASS
masks/glyphs/G0042_raw.png,CURRENT_NATIVE_MASK,true,284,true,44x48,true,PASS
masks/glyphs/G0043_raw.png,CURRENT_NATIVE_MASK,true,256,true,45x48,true,PASS
masks/glyphs/G0044_raw.png,CURRENT_NATIVE_MASK,true,228,true,45x48,true,PASS
masks/glyphs/G0045_raw.png,CURRENT_NATIVE_MASK,true,289,true,45x47,true,PASS
masks/glyphs/G0046_raw.png,CURRENT_NATIVE_MASK,true,226,true,45x47,true,PASS
masks/glyphs/G0047_raw.png,CURRENT_NATIVE_MASK,true,253,true,44x47,true,PASS
masks/glyphs/G0048_raw.png,CURRENT_NATIVE_MASK,true,261,true,45x47,true,PASS
masks/glyphs/G0049_raw.png,CURRENT_NATIVE_MASK,true,165,true,24x45,true,PASS
masks/glyphs/G0050_raw.png,CURRENT_NATIVE_MASK,true,133,true,21x45,true,PASS
masks/glyphs/G0051_raw.png,CURRENT_NATIVE_MASK,true,179,true,24x45,true,PASS
masks/glyphs/G0052_raw.png,CURRENT_NATIVE_MASK,true,213,true,45x47,true,PASS
masks/glyphs/G0053_raw.png,CURRENT_NATIVE_MASK,true,191,true,45x47,true,PASS
masks/glyphs/G0054_raw.png,CURRENT_NATIVE_MASK,true,251,true,44x47,true,PASS
masks/glyphs/G0055_raw.png,CURRENT_NATIVE_MASK,true,259,true,45x47,true,PASS
masks/glyphs/G0056_raw.png,CURRENT_NATIVE_MASK,true,279,true,45x47,true,PASS
masks/glyphs/G0057_raw.png,CURRENT_NATIVE_MASK,true,174,true,27x45,true,PASS
masks/glyphs/G0058_raw.png,CURRENT_NATIVE_MASK,true,221,true,44x47,true,PASS
masks/glyphs/G0059_raw.png,CURRENT_NATIVE_MASK,true,170,true,25x45,true,PASS
masks/glyphs/G0060_raw.png,CURRENT_NATIVE_MASK,true,248,true,45x47,true,PASS
masks/glyphs/G0061_raw.png,CURRENT_NATIVE_MASK,true,165,true,25x45,true,PASS
masks/glyphs/G0062_raw.png,CURRENT_NATIVE_MASK,true,292,true,45x48,true,PASS
masks/glyphs/G0063_raw.png,CURRENT_NATIVE_MASK,true,313,true,45x48,true,PASS
masks/glyphs/G0064_raw.png,CURRENT_NATIVE_MASK,true,236,true,45x48,true,PASS
masks/glyphs/G0065_raw.png,CURRENT_NATIVE_MASK,true,172,true,25x45,true,PASS
masks/glyphs/G0066_raw.png,CURRENT_NATIVE_MASK,true,144,true,24x33,true,PASS
masks/glyphs/G0067_raw.png,CURRENT_NATIVE_MASK,true,165,true,19x45,true,PASS
masks/glyphs/G0068_raw.png,CURRENT_NATIVE_MASK,true,175,true,28x45,true,PASS
masks/glyphs/G0069_raw.png,CURRENT_NATIVE_MASK,true,163,true,19x45,true,PASS
masks/glyphs/G0070_raw.png,CURRENT_NATIVE_MASK,true,235,true,44x48,true,PASS
masks/glyphs/G0071_raw.png,CURRENT_NATIVE_MASK,true,168,true,25x45,true,PASS
masks/glyphs/G0072_raw.png,CURRENT_NATIVE_MASK,true,146,true,45x48,true,PASS
masks/glyphs/G0073_raw.png,CURRENT_NATIVE_MASK,true,178,true,29x45,true,PASS
masks/glyphs/G0074_raw.png,CURRENT_NATIVE_MASK,true,165,true,19x45,true,PASS
masks/glyphs/G0075_raw.png,CURRENT_NATIVE_MASK,true,174,true,27x45,true,PASS
masks/glyphs/G0076_raw.png,CURRENT_NATIVE_MASK,true,164,true,20x45,true,PASS
masks/glyphs/G0077_raw.png,CURRENT_NATIVE_MASK,true,236,true,45x48,true,PASS
masks/glyphs/G0078_raw.png,CURRENT_NATIVE_MASK,true,160,true,45x48,true,PASS
masks/glyphs/G0079_raw.png,CURRENT_NATIVE_MASK,true,283,true,48x45,true,PASS
masks/glyphs/G0080_raw.png,CURRENT_NATIVE_MASK,true,260,true,48x45,true,PASS
masks/glyphs/G0081_raw.png,CURRENT_NATIVE_MASK,true,270,true,48x45,true,PASS
masks/glyphs/G0082_raw.png,CURRENT_NATIVE_MASK,true,180,true,45x27,true,PASS
masks/glyphs/G0083_raw.png,CURRENT_NATIVE_MASK,true,210,true,48x45,true,PASS
masks/glyphs/G0084_raw.png,CURRENT_NATIVE_MASK,true,259,true,48x45,true,PASS
masks/glyphs/G0085_raw.png,CURRENT_NATIVE_MASK,true,255,true,47x51,true,PASS
masks/glyphs/G0086_raw.png,CURRENT_NATIVE_MASK,true,262,true,48x51,true,PASS
masks/glyphs/G0087_raw.png,CURRENT_NATIVE_MASK,true,216,true,47x51,true,PASS
masks/glyphs/G0088_raw.png,CURRENT_NATIVE_MASK,true,216,true,47x51,true,PASS
masks/glyphs/G0089_raw.png,CURRENT_NATIVE_MASK,true,186,true,30x47,true,PASS
masks/glyphs/G0090_raw.png,CURRENT_NATIVE_MASK,true,242,true,45x47,true,PASS
masks/glyphs/G0091_raw.png,CURRENT_NATIVE_MASK,true,191,true,27x47,true,PASS
masks/glyphs/G0092_raw.png,CURRENT_NATIVE_MASK,true,142,true,24x34,true,PASS
masks/glyphs/G0093_raw.png,CURRENT_NATIVE_MASK,true,169,true,24x45,true,PASS
masks/glyphs/G0094_raw.png,CURRENT_NATIVE_MASK,true,118,true,24x45,true,PASS
masks/glyphs/G0095_raw.png,CURRENT_NATIVE_MASK,true,165,true,24x45,true,PASS
masks/glyphs/G0096_raw.png,CURRENT_NATIVE_MASK,true,136,true,21x45,true,PASS
masks/glyphs/G0097_raw.png,CURRENT_NATIVE_MASK,true,180,true,24x45,true,PASS
masks/glyphs/G0098_raw.png,CURRENT_NATIVE_MASK,true,154,true,24x45,true,PASS
masks/glyphs/G0099_raw.png,CURRENT_NATIVE_MASK,true,165,true,24x45,true,PASS
masks/glyphs/G0100_raw.png,CURRENT_NATIVE_MASK,true,168,true,25x45,true,PASS
masks/glyphs/G0101_raw.png,CURRENT_NATIVE_MASK,true,118,true,25x45,true,PASS
masks/glyphs/G0102_raw.png,CURRENT_NATIVE_MASK,true,133,true,20x45,true,PASS
masks/glyphs/G0103_raw.png,CURRENT_NATIVE_MASK,true,165,true,25x45,true,PASS
masks/glyphs/G0104_raw.png,CURRENT_NATIVE_MASK,true,176,true,25x45,true,PASS
masks/glyphs/G0105_raw.png,CURRENT_NATIVE_MASK,true,133,true,20x45,true,PASS
masks/glyphs/G0106_raw.png,CURRENT_NATIVE_MASK,true,118,true,25x45,true,PASS
masks/glyphs/G0107_raw.png,CURRENT_NATIVE_MASK,true,168,true,25x45,true,PASS
masks/glyphs/G0108_raw.png,CURRENT_NATIVE_MASK,true,179,true,25x45,true,PASS
masks/glyphs/G0109_raw.png,CURRENT_NATIVE_MASK,true,133,true,20x45,true,PASS
masks/glyphs/G0110_raw.png,CURRENT_NATIVE_MASK,true,165,true,25x45,true,PASS
masks/glyphs/G0111_raw.png,CURRENT_NATIVE_MASK,true,118,true,25x45,true,PASS
masks/glyphs/G0112_raw.png,CURRENT_NATIVE_MASK,true,133,true,20x45,true,PASS
masks/glyphs/G0113_raw.png,CURRENT_NATIVE_MASK,true,179,true,25x45,true,PASS
masks/glyphs/G0114_raw.png,CURRENT_NATIVE_MASK,true,180,true,35x47,true,PASS
masks/glyphs/G0115_raw.png,CURRENT_NATIVE_MASK,true,162,true,20x47,true,PASS
masks/glyphs/G0116_raw.png,CURRENT_NATIVE_MASK,true,179,true,28x47,true,PASS
masks/glyphs/G0117_raw.png,CURRENT_NATIVE_MASK,true,162,true,20x47,true,PASS
masks/glyphs/G0118_raw.png,CURRENT_NATIVE_MASK,true,159,true,47x49,true,PASS
masks/glyphs/G0119_raw.png,CURRENT_NATIVE_MASK,true,183,true,30x47,true,PASS
masks/glyphs/G0120_raw.png,CURRENT_NATIVE_MASK,true,162,true,20x47,true,PASS
masks/glyphs/G0121_raw.png,CURRENT_NATIVE_MASK,true,179,true,28x47,true,PASS
masks/glyphs/G0122_raw.png,CURRENT_NATIVE_MASK,true,161,true,19x47,true,PASS
masks/glyphs/G0123_raw.png,CURRENT_NATIVE_MASK,true,144,true,21x47,true,PASS
masks/glyphs/G0124_raw.png,CURRENT_NATIVE_MASK,true,179,true,27x47,true,PASS
masks/glyphs/G0125_raw.png,CURRENT_NATIVE_MASK,true,185,true,32x43,true,PASS
masks/glyphs/G0126_raw.png,CURRENT_NATIVE_MASK,true,162,true,20x47,true,PASS
masks/glyphs/G0127_raw.png,CURRENT_NATIVE_MASK,true,179,true,28x47,true,PASS
masks/glyphs/G0128_raw.png,CURRENT_NATIVE_MASK,true,162,true,20x47,true,PASS
masks/glyphs/G0129_raw.png,CURRENT_NATIVE_MASK,true,206,true,46x49,true,PASS
masks/glyphs/G0130_raw.png,CURRENT_NATIVE_MASK,true,265,true,47x49,true,PASS
masks/glyphs/G0131_raw.png,CURRENT_NATIVE_MASK,true,180,true,35x47,true,PASS
masks/glyphs/G0132_raw.png,CURRENT_NATIVE_MASK,true,162,true,20x47,true,PASS
masks/glyphs/G0133_raw.png,CURRENT_NATIVE_MASK,true,113,true,25x47,true,PASS
masks/glyphs/G0134_raw.png,CURRENT_NATIVE_MASK,true,162,true,20x47,true,PASS
masks/glyphs/G0135_raw.png,CURRENT_NATIVE_MASK,true,180,true,35x47,true,PASS
masks/glyphs/G0136_raw.png,CURRENT_NATIVE_MASK,true,162,true,20x47,true,PASS
masks/glyphs/G0137_raw.png,CURRENT_NATIVE_MASK,true,166,true,25x47,true,PASS
masks/glyphs/G0138_raw.png,CURRENT_NATIVE_MASK,true,144,true,21x47,true,PASS
masks/glyphs/G0139_raw.png,CURRENT_NATIVE_MASK,true,176,true,26x47,true,PASS
masks/glyphs/G0140_raw.png,CURRENT_NATIVE_MASK,true,162,true,20x47,true,PASS
masks/glyphs/G0141_raw.png,CURRENT_NATIVE_MASK,true,180,true,35x47,true,PASS
masks/glyphs/G0142_raw.png,CURRENT_NATIVE_MASK,true,164,true,20x47,true,PASS
masks/glyphs/G0143_raw.png,CURRENT_NATIVE_MASK,true,152,true,25x47,true,PASS
masks/glyphs/G0144_raw.png,CURRENT_NATIVE_MASK,true,162,true,20x47,true,PASS
masks/glyphs/G0145_raw.png,CURRENT_NATIVE_MASK,true,179,true,26x47,true,PASS
masks/glyphs/G0146_raw.png,CURRENT_NATIVE_MASK,true,152,true,26x47,true,PASS
masks/glyphs/G0147_raw.png,CURRENT_NATIVE_MASK,true,144,true,21x47,true,PASS
masks/glyphs/G0148_raw.png,CURRENT_NATIVE_MASK,true,177,true,25x47,true,PASS
masks/glyphs/G0149_raw.png,CURRENT_NATIVE_MASK,true,168,true,26x47,true,PASS
masks/glyphs/G0150_raw.png,CURRENT_NATIVE_MASK,true,193,true,26x47,true,PASS
masks/glyphs/G0151_raw.png,CURRENT_NATIVE_MASK,true,144,true,21x47,true,PASS
masks/glyphs/G0152_raw.png,CURRENT_NATIVE_MASK,true,176,true,26x47,true,PASS
masks/glyphs/G0153_raw.png,CURRENT_NATIVE_MASK,true,176,true,26x47,true,PASS
masks/glyphs/G0154_raw.png,CURRENT_NATIVE_MASK,true,151,true,25x47,true,PASS
masks/glyphs/G0155_raw.png,CURRENT_NATIVE_MASK,true,144,true,21x47,true,PASS
masks/glyphs/G0156_raw.png,CURRENT_NATIVE_MASK,true,176,true,26x47,true,PASS
masks/glyphs/G0157_raw.png,CURRENT_NATIVE_MASK,true,166,true,25x47,true,PASS
masks/glyphs/G0158_raw.png,CURRENT_NATIVE_MASK,true,213,true,45x47,true,PASS
masks/glyphs/G0159_raw.png,CURRENT_NATIVE_MASK,true,191,true,45x47,true,PASS
masks/glyphs/G0160_raw.png,CURRENT_NATIVE_MASK,true,250,true,45x47,true,PASS
masks/glyphs/G0161_raw.png,CURRENT_NATIVE_MASK,true,258,true,44x47,true,PASS
masks/glyphs/G0162_raw.png,CURRENT_NATIVE_MASK,true,279,true,45x47,true,PASS
masks/glyphs/G0163_raw.png,CURRENT_NATIVE_MASK,true,174,true,27x45,true,PASS
masks/glyphs/G0164_raw.png,CURRENT_NATIVE_MASK,true,220,true,45x47,true,PASS
masks/glyphs/G0165_raw.png,CURRENT_NATIVE_MASK,true,170,true,25x45,true,PASS
masks/glyphs/G0166_raw.png,CURRENT_NATIVE_MASK,true,248,true,45x47,true,PASS
masks/glyphs/G0167_raw.png,CURRENT_NATIVE_MASK,true,165,true,25x45,true,PASS
masks/glyphs/G0168_raw.png,CURRENT_NATIVE_MASK,true,276,true,45x48,true,PASS
masks/glyphs/G0169_raw.png,CURRENT_NATIVE_MASK,true,313,true,45x48,true,PASS
masks/glyphs/G0170_raw.png,CURRENT_NATIVE_MASK,true,178,true,29x45,true,PASS
masks/glyphs/G0171_raw.png,CURRENT_NATIVE_MASK,true,165,true,19x45,true,PASS
masks/glyphs/G0172_raw.png,CURRENT_NATIVE_MASK,true,175,true,28x45,true,PASS
masks/glyphs/G0173_raw.png,CURRENT_NATIVE_MASK,true,163,true,19x45,true,PASS
masks/glyphs/G0174_raw.png,CURRENT_NATIVE_MASK,true,253,true,45x48,true,PASS
masks/glyphs/G0175_raw.png,CURRENT_NATIVE_MASK,true,314,true,45x48,true,PASS
masks/glyphs/G0176_raw.png,CURRENT_NATIVE_MASK,true,172,true,26x45,true,PASS
masks/glyphs/G0177_raw.png,CURRENT_NATIVE_MASK,true,160,true,26x33,true,PASS
masks/glyphs/G0178_raw.png,CURRENT_NATIVE_MASK,true,163,true,20x45,true,PASS
masks/glyphs/G0179_raw.png,CURRENT_NATIVE_MASK,true,173,true,27x45,true,PASS
masks/glyphs/G0180_raw.png,CURRENT_NATIVE_MASK,true,163,true,19x45,true,PASS
masks/glyphs/G0181_raw.png,CURRENT_NATIVE_MASK,true,236,true,45x48,true,PASS
masks/glyphs/G0182_raw.png,CURRENT_NATIVE_MASK,true,118,true,25x45,true,PASS
masks/glyphs/G0183_raw.png,CURRENT_NATIVE_MASK,true,133,true,20x45,true,PASS
masks/glyphs/G0184_raw.png,CURRENT_NATIVE_MASK,true,164,true,25x45,true,PASS
masks/glyphs/G0185_raw.png,CURRENT_NATIVE_MASK,true,255,true,47x51,true,PASS
masks/glyphs/G0186_raw.png,CURRENT_NATIVE_MASK,true,262,true,48x51,true,PASS
masks/glyphs/G0187_raw.png,CURRENT_NATIVE_MASK,true,298,true,47x51,true,PASS
masks/glyphs/G0188_raw.png,CURRENT_NATIVE_MASK,true,227,true,47x51,true,PASS
masks/glyphs/G0189_raw.png,CURRENT_NATIVE_MASK,true,189,true,26x47,true,PASS
masks/glyphs/G0190_raw.png,CURRENT_NATIVE_MASK,true,168,true,27x34,true,PASS
masks/glyphs/G0191_raw.png,CURRENT_NATIVE_MASK,true,298,true,47x51,true,PASS
masks/glyphs/G0192_raw.png,CURRENT_NATIVE_MASK,true,227,true,47x51,true,PASS
masks/glyphs/G0193_raw.png,CURRENT_NATIVE_MASK,true,133,true,48x51,true,PASS
masks/glyphs/G0194_raw.png,CURRENT_NATIVE_MASK,true,267,true,47x51,true,PASS
masks/glyphs/G0195_raw.png,CURRENT_NATIVE_MASK,true,244,true,47x65,true,PASS
masks/glyphs/G0196_raw.png,CURRENT_NATIVE_MASK,true,188,true,25x47,true,PASS
masks/glyphs/G0197_raw.png,CURRENT_NATIVE_MASK,true,122,true,26x47,true,PASS
masks/glyphs/G0198_raw.png,CURRENT_NATIVE_MASK,true,110,true,16x47,true,PASS
masks/glyphs/G0199_raw.png,CURRENT_NATIVE_MASK,true,174,true,26x47,true,PASS
masks/glyphs/G0200_raw.png,CURRENT_NATIVE_MASK,true,210,true,47x49,true,PASS
masks/glyphs/G0201_raw.png,CURRENT_NATIVE_MASK,true,256,true,46x49,true,PASS
masks/glyphs/G0202_raw.png,CURRENT_NATIVE_MASK,true,228,true,47x49,true,PASS
masks/glyphs/G0203_raw.png,CURRENT_NATIVE_MASK,true,208,true,46x49,true,PASS
masks/glyphs/G0204_raw.png,CURRENT_NATIVE_MASK,true,245,true,47x49,true,PASS
masks/glyphs/G0205_raw.png,CURRENT_NATIVE_MASK,true,256,true,46x49,true,PASS
masks/glyphs/G0206_raw.png,CURRENT_NATIVE_MASK,true,290,true,47x49,true,PASS
masks/glyphs/G0207_raw.png,CURRENT_NATIVE_MASK,true,183,true,29x47,true,PASS
masks/glyphs/G0208_raw.png,CURRENT_NATIVE_MASK,true,184,true,44x47,true,PASS
masks/glyphs/G0209_raw.png,CURRENT_NATIVE_MASK,true,179,true,26x47,true,PASS
masks/glyphs/G0210_raw.png,CURRENT_NATIVE_MASK,true,214,true,47x49,true,PASS
masks/glyphs/G0211_raw.png,CURRENT_NATIVE_MASK,true,156,true,46x49,true,PASS
masks/glyphs/G0212_raw.png,CURRENT_NATIVE_MASK,true,179,true,26x47,true,PASS
masks/glyphs/G0213_raw.png,CURRENT_NATIVE_MASK,true,235,true,47x49,true,PASS
masks/glyphs/G0214_raw.png,CURRENT_NATIVE_MASK,true,296,true,46x49,true,PASS
masks/glyphs/G0215_raw.png,CURRENT_NATIVE_MASK,true,224,true,47x49,true,PASS
masks/glyphs/G0216_raw.png,CURRENT_NATIVE_MASK,true,250,true,46x49,true,PASS
masks/glyphs/G0217_raw.png,CURRENT_NATIVE_MASK,true,133,true,47x49,true,PASS
masks/glyphs/G0218_raw.png,CURRENT_NATIVE_MASK,true,261,true,46x49,true,PASS
masks/glyphs/G0219_raw.png,CURRENT_NATIVE_MASK,true,258,true,47x49,true,PASS
masks/glyphs/G0220_raw.png,CURRENT_NATIVE_MASK,true,299,true,46x49,true,PASS
masks/glyphs/G0221_raw.png,CURRENT_NATIVE_MASK,true,218,true,47x49,true,PASS
masks/glyphs/G0222_raw.png,CURRENT_NATIVE_MASK,true,280,true,46x49,true,PASS
masks/glyphs/G0223_raw.png,CURRENT_NATIVE_MASK,true,159,true,47x49,true,PASS
masks/glyphs/G0224_raw.png,CURRENT_NATIVE_MASK,true,279,true,46x49,true,PASS
masks/glyphs/G0225_raw.png,CURRENT_NATIVE_MASK,true,208,true,47x49,true,PASS
masks/glyphs/G0226_raw.png,CURRENT_NATIVE_MASK,true,248,true,46x49,true,PASS
masks/glyphs/G0227_raw.png,CURRENT_NATIVE_MASK,true,228,true,47x49,true,PASS
masks/glyphs/G0228_raw.png,CURRENT_NATIVE_MASK,true,289,true,46x49,true,PASS
masks/glyphs/G0229_raw.png,CURRENT_NATIVE_MASK,true,214,true,47x49,true,PASS
masks/glyphs/G0230_raw.png,CURRENT_NATIVE_MASK,true,280,true,46x49,true,PASS
masks/glyphs/G0231_raw.png,CURRENT_NATIVE_MASK,true,208,true,47x49,true,PASS
masks/glyphs/G0232_raw.png,CURRENT_NATIVE_MASK,true,279,true,46x49,true,PASS
masks/glyphs/G0233_raw.png,CURRENT_NATIVE_MASK,true,289,true,47x49,true,PASS
masks/glyphs/G0234_raw.png,CURRENT_NATIVE_MASK,true,268,true,46x49,true,PASS
masks/glyphs/S_FRACTION_01_raw.png,NONAUTHORITATIVE_STALE,true,218,true,23x80,true,PASS
masks/glyphs/S_FRACTION_02_raw.png,NONAUTHORITATIVE_STALE,true,218,true,23x80,true,PASS
masks/glyphs/S_FRACTION_03_raw.png,NONAUTHORITATIVE_STALE,true,662,true,95x125,true,PASS
masks/glyphs/S_NOT_LL_raw.png,CURRENT_NATIVE_MASK,true,242,true,45x47,true,PASS
masks/glyphs/S_NUMERIC_SLASH_01_raw.png,CURRENT_NATIVE_MASK,true,277,true,62x47,true,PASS
masks/glyphs/S_NUMERIC_SLASH_02_raw.png,CURRENT_NATIVE_MASK,true,468,true,196x47,true,PASS
masks/glyphs/S_NUMERIC_SLASH_03_raw.png,CURRENT_NATIVE_MASK,true,522,true,287x47,true,PASS
masks/glyphs/S_NUMERIC_SLASH_04_raw.png,CURRENT_NATIVE_MASK,true,419,true,195x47,true,PASS
masks/glyphs/S_NUMERIC_SLASH_05_raw.png,CURRENT_NATIVE_MASK,true,273,true,60x45,true,PASS
masks/glyphs/S_NUMERIC_SLASH_06_raw.png,CURRENT_NATIVE_MASK,true,276,true,59x45,true,PASS
masks/glyphs/S_NUMERIC_SLASH_07_raw.png,CURRENT_NATIVE_MASK,true,241,true,60x45,true,PASS
masks/glyphs/S_NUMERIC_SLASH_08_raw.png,CURRENT_NATIVE_MASK,true,239,true,60x45,true,PASS
masks/glyphs/S_NUMERIC_SLASH_09_raw.png,CURRENT_NATIVE_MASK,true,275,true,60x45,true,PASS
masks/glyphs/S_NUMERIC_SLASH_10_raw.png,CURRENT_NATIVE_MASK,true,273,true,60x45,true,PASS
masks/glyphs/S_NUMERIC_SLASH_11_raw.png,CURRENT_NATIVE_MASK,true,301,true,80x45,true,PASS
masks/glyphs/S_NUMERIC_SLASH_12_raw.png,CURRENT_NATIVE_MASK,true,301,true,80x45,true,PASS
masks/glyphs/S_NUMERIC_SLASH_13_raw.png,CURRENT_NATIVE_MASK,true,233,true,60x45,true,PASS
masks/glyphs/S_NUMERIC_SLASH_14_raw.png,CURRENT_NATIVE_MASK,true,233,true,60x45,true,PASS
masks/glyphs/S_NUMERIC_SLASH_15_raw.png,CURRENT_NATIVE_MASK,true,269,true,60x45,true,PASS
masks/glyphs/S_NUMERIC_SLASH_16_raw.png,CURRENT_NATIVE_MASK,true,267,true,59x45,true,PASS
masks/glyphs/S_NUMERIC_SLASH_17_raw.png,CURRENT_NATIVE_MASK,true,235,true,60x45,true,PASS
masks/glyphs/VBAR01_raw.png,NONAUTHORITATIVE_STALE,true,89,true,23x7,true,PASS
masks/glyphs/VBAR02_raw.png,NONAUTHORITATIVE_STALE,true,89,true,23x7,true,PASS
masks/glyphs/VBAR03_raw.png,NONAUTHORITATIVE_STALE,true,90,true,26x7,true,PASS
masks/graphics/GR001_raw.png,CURRENT_NATIVE_MASK,true,240,true,582x25,true,PASS
masks/graphics/GR002_raw.png,CURRENT_NATIVE_MASK,true,181,true,24x425,true,PASS
masks/graphics/GR003_raw.png,CURRENT_NATIVE_MASK,true,180,true,572x7,true,PASS
masks/graphics/GR004_raw.png,CURRENT_NATIVE_MASK,true,145,true,21x22,true,PASS
masks/graphics/GR005_raw.png,CURRENT_NATIVE_MASK,true,136,true,7x507,true,PASS
masks/graphics/GR006_raw.png,CURRENT_NATIVE_MASK,true,140,true,22x21,true,PASS
masks/graphics/GR007_raw.png,CURRENT_NATIVE_MASK,true,1625,true,586x262,true,PASS
masks/graphics/GR008_raw.png,CURRENT_NATIVE_MASK,true,148,true,297x9,true,PASS
masks/graphics/GR009_raw.png,CURRENT_NATIVE_MASK,true,168,true,296x9,true,PASS
masks/graphics/GR010_raw.png,CURRENT_NATIVE_MASK,true,189,true,9x390,true,PASS
masks/graphics/GR011_raw.png,CURRENT_NATIVE_MASK,true,106,true,35x34,true,PASS
masks/graphics/GR012_raw.png,CURRENT_NATIVE_MASK,true,195,true,33x32,true,PASS
masks/graphics/GR013_raw.png,CURRENT_NATIVE_MASK,true,197,true,583x25,true,PASS
masks/graphics/GR014_raw.png,CURRENT_NATIVE_MASK,true,173,true,24x425,true,PASS
masks/graphics/GR015_raw.png,CURRENT_NATIVE_MASK,true,124,true,572x7,true,PASS
masks/graphics/GR016_raw.png,CURRENT_NATIVE_MASK,true,146,true,22x22,true,PASS
masks/graphics/GR017_raw.png,CURRENT_NATIVE_MASK,true,131,true,7x507,true,PASS
masks/graphics/GR018_raw.png,CURRENT_NATIVE_MASK,true,136,true,22x21,true,PASS
masks/graphics/GR019_raw.png,CURRENT_NATIVE_MASK,true,1601,true,587x262,true,PASS
masks/graphics/GR020_raw.png,CURRENT_NATIVE_MASK,true,197,true,585x9,true,PASS
masks/graphics/GR021_raw.png,CURRENT_NATIVE_MASK,true,521,true,541x216,true,PASS
masks/graphics/GR022_raw.png,CURRENT_NATIVE_MASK,true,214,true,34x34,true,PASS
masks/graphics/GR023_raw.png,CURRENT_NATIVE_MASK,true,110,true,33x33,true,PASS
masks/graphics/GR024_raw.png,CURRENT_NATIVE_MASK,true,171,true,32x29,true,PASS
masks/graphics/GR025_raw.png,CURRENT_NATIVE_MASK,true,1748,true,292x256,true,PASS
masks/opaque_halos/HALO01_weight_card_opaque_fill.png,CURRENT_NATIVE_MASK,true,480,true,537x212,true,PASS
masks/pre_occlusion/GR001_pre_occlusion.png,CURRENT_NATIVE_MASK,true,240,true,582x25,true,PASS
masks/pre_occlusion/GR002_pre_occlusion.png,CURRENT_NATIVE_MASK,true,181,true,24x425,true,PASS
masks/pre_occlusion/GR003_pre_occlusion.png,CURRENT_NATIVE_MASK,true,180,true,572x7,true,PASS
masks/pre_occlusion/GR004_pre_occlusion.png,CURRENT_NATIVE_MASK,true,145,true,21x22,true,PASS
masks/pre_occlusion/GR005_pre_occlusion.png,CURRENT_NATIVE_MASK,true,136,true,7x507,true,PASS
masks/pre_occlusion/GR006_pre_occlusion.png,CURRENT_NATIVE_MASK,true,140,true,22x21,true,PASS
masks/pre_occlusion/GR007_pre_occlusion.png,CURRENT_NATIVE_MASK,true,1625,true,586x262,true,PASS
masks/pre_occlusion/GR008_pre_occlusion.png,CURRENT_NATIVE_MASK,true,148,true,297x9,true,PASS
masks/pre_occlusion/GR009_pre_occlusion.png,CURRENT_NATIVE_MASK,true,168,true,296x9,true,PASS
masks/pre_occlusion/GR010_pre_occlusion.png,CURRENT_NATIVE_MASK,true,189,true,9x390,true,PASS
masks/pre_occlusion/GR011_pre_occlusion.png,CURRENT_NATIVE_MASK,true,106,true,35x34,true,PASS
masks/pre_occlusion/GR012_pre_occlusion.png,CURRENT_NATIVE_MASK,true,195,true,33x32,true,PASS
masks/pre_occlusion/GR013_pre_occlusion.png,CURRENT_NATIVE_MASK,true,197,true,583x25,true,PASS
masks/pre_occlusion/GR014_pre_occlusion.png,CURRENT_NATIVE_MASK,true,173,true,24x425,true,PASS
masks/pre_occlusion/GR015_pre_occlusion.png,CURRENT_NATIVE_MASK,true,124,true,572x7,true,PASS
masks/pre_occlusion/GR016_pre_occlusion.png,CURRENT_NATIVE_MASK,true,146,true,22x22,true,PASS
masks/pre_occlusion/GR017_pre_occlusion.png,CURRENT_NATIVE_MASK,true,131,true,7x507,true,PASS
masks/pre_occlusion/GR018_pre_occlusion.png,CURRENT_NATIVE_MASK,true,136,true,22x21,true,PASS
masks/pre_occlusion/GR019_pre_occlusion.png,CURRENT_NATIVE_MASK,true,1601,true,587x262,true,PASS
masks/pre_occlusion/GR020_pre_occlusion.png,CURRENT_NATIVE_MASK,true,197,true,585x9,true,PASS
masks/pre_occlusion/GR021_pre_occlusion.png,CURRENT_NATIVE_MASK,true,521,true,541x216,true,PASS
masks/pre_occlusion/GR022_pre_occlusion.png,CURRENT_NATIVE_MASK,true,214,true,34x34,true,PASS
masks/pre_occlusion/GR023_pre_occlusion.png,CURRENT_NATIVE_MASK,true,110,true,33x33,true,PASS
masks/pre_occlusion/GR024_pre_occlusion.png,CURRENT_NATIVE_MASK,true,171,true,32x29,true,PASS
masks/pre_occlusion/GR025_pre_occlusion.png,CURRENT_NATIVE_MASK,true,1748,true,292x256,true,PASS
masks/text_elements/E001_raw.png,CURRENT_NATIVE_MASK,true,904,true,323x55,true,PASS
masks/text_elements/E002_raw.png,CURRENT_NATIVE_MASK,true,1102,true,441x55,true,PASS
masks/text_elements/E003_raw.png,CURRENT_NATIVE_MASK,true,2447,true,441x162,true,PASS
masks/text_elements/E004_raw.png,CURRENT_NATIVE_MASK,true,1076,true,186x94,true,PASS
masks/text_elements/E005_raw.png,CURRENT_NATIVE_MASK,true,1612,true,264x94,true,PASS
masks/text_elements/E006_raw.png,CURRENT_NATIVE_MASK,true,241,true,60x45,true,PASS
masks/text_elements/E007_raw.png,CURRENT_NATIVE_MASK,true,239,true,60x45,true,PASS
masks/text_elements/E008_raw.png,CURRENT_NATIVE_MASK,true,275,true,60x45,true,PASS
masks/text_elements/E009_raw.png,CURRENT_NATIVE_MASK,true,273,true,60x45,true,PASS
masks/text_elements/E010_raw.png,CURRENT_NATIVE_MASK,true,995,true,94x166,true,PASS
masks/text_elements/E011_raw.png,CURRENT_NATIVE_MASK,true,711,true,169x48,true,PASS
masks/text_elements/E012_raw.png,CURRENT_NATIVE_MASK,true,301,true,80x45,true,PASS
masks/text_elements/E013_raw.png,CURRENT_NATIVE_MASK,true,301,true,80x45,true,PASS
masks/text_elements/E014_raw.png,CURRENT_NATIVE_MASK,true,233,true,60x45,true,PASS
masks/text_elements/E015_raw.png,CURRENT_NATIVE_MASK,true,233,true,60x45,true,PASS
masks/text_elements/E016_raw.png,CURRENT_NATIVE_MASK,true,168,true,25x45,true,PASS
masks/text_elements/E017_raw.png,CURRENT_NATIVE_MASK,true,168,true,25x45,true,PASS
masks/text_elements/E018_raw.png,CURRENT_NATIVE_MASK,true,165,true,24x45,true,PASS
masks/text_elements/E019_raw.png,CURRENT_NATIVE_MASK,true,165,true,24x45,true,PASS
masks/text_elements/E020_raw.png,CURRENT_NATIVE_MASK,true,118,true,24x45,true,PASS
masks/text_elements/E021_raw.png,CURRENT_NATIVE_MASK,true,118,true,24x45,true,PASS
masks/text_elements/E022_raw.png,CURRENT_NATIVE_MASK,true,169,true,24x45,true,PASS
masks/text_elements/E023_raw.png,CURRENT_NATIVE_MASK,true,169,true,24x45,true,PASS
masks/text_elements/E024_raw.png,CURRENT_NATIVE_MASK,true,154,true,24x45,true,PASS
masks/text_elements/E025_raw.png,CURRENT_NATIVE_MASK,true,154,true,24x45,true,PASS
masks/text_elements/E026_raw.png,CURRENT_NATIVE_MASK,true,269,true,60x45,true,PASS
masks/text_elements/E027_raw.png,CURRENT_NATIVE_MASK,true,267,true,59x45,true,PASS
masks/text_elements/E028_raw.png,CURRENT_NATIVE_MASK,true,1090,true,393x47,true,PASS
masks/text_elements/E029_raw.png,CURRENT_NATIVE_MASK,true,1090,true,393x47,true,PASS
masks/text_elements/E030_raw.png,CURRENT_NATIVE_MASK,true,1386,true,539x52,true,PASS
masks/text_elements/E031_raw.png,CURRENT_NATIVE_MASK,true,1413,true,507x52,true,PASS
masks/text_elements/E032_raw.png,CURRENT_NATIVE_MASK,true,3986,true,1659x65,true,PASS
masks/text_only_replay_ink_300dpi.png,CURRENT_NATIVE_MASK,true,63602,true,2481x3508,true,PASS
masks/text_source_shapes/G0001_source.png,CURRENT_NATIVE_MASK,true,169,true,24x45,true,PASS
masks/text_source_shapes/G0002_source.png,CURRENT_NATIVE_MASK,true,118,true,24x45,true,PASS
masks/text_source_shapes/G0003_source.png,CURRENT_NATIVE_MASK,true,165,true,25x45,true,PASS
masks/text_source_shapes/G0004_source.png,CURRENT_NATIVE_MASK,true,136,true,21x45,true,PASS
masks/text_source_shapes/G0005_source.png,CURRENT_NATIVE_MASK,true,180,true,24x45,true,PASS
masks/text_source_shapes/G0006_source.png,CURRENT_NATIVE_MASK,true,154,true,24x45,true,PASS
masks/text_source_shapes/G0007_source.png,CURRENT_NATIVE_MASK,true,165,true,24x45,true,PASS
masks/text_source_shapes/G0008_source.png,CURRENT_NATIVE_MASK,true,168,true,25x45,true,PASS
masks/text_source_shapes/G0009_source.png,CURRENT_NATIVE_MASK,true,118,true,24x45,true,PASS
masks/text_source_shapes/G0010_source.png,CURRENT_NATIVE_MASK,true,136,true,21x45,true,PASS
masks/text_source_shapes/G0011_source.png,CURRENT_NATIVE_MASK,true,165,true,25x45,true,PASS
masks/text_source_shapes/G0012_source.png,CURRENT_NATIVE_MASK,true,176,true,25x45,true,PASS
masks/text_source_shapes/G0013_source.png,CURRENT_NATIVE_MASK,true,133,true,20x45,true,PASS
masks/text_source_shapes/G0014_source.png,CURRENT_NATIVE_MASK,true,118,true,25x45,true,PASS
masks/text_source_shapes/G0015_source.png,CURRENT_NATIVE_MASK,true,168,true,25x45,true,PASS
masks/text_source_shapes/G0016_source.png,CURRENT_NATIVE_MASK,true,180,true,24x45,true,PASS
masks/text_source_shapes/G0017_source.png,CURRENT_NATIVE_MASK,true,136,true,21x45,true,PASS
masks/text_source_shapes/G0018_source.png,CURRENT_NATIVE_MASK,true,165,true,25x45,true,PASS
masks/text_source_shapes/G0019_source.png,CURRENT_NATIVE_MASK,true,118,true,24x45,true,PASS
masks/text_source_shapes/G0020_source.png,CURRENT_NATIVE_MASK,true,136,true,21x45,true,PASS
masks/text_source_shapes/G0021_source.png,CURRENT_NATIVE_MASK,true,179,true,25x45,true,PASS
masks/text_source_shapes/G0022_source.png,CURRENT_NATIVE_MASK,true,252,true,44x48,true,PASS
masks/text_source_shapes/G0023_source.png,CURRENT_NATIVE_MASK,true,314,true,45x48,true,PASS
masks/text_source_shapes/G0024_source.png,CURRENT_NATIVE_MASK,true,171,true,25x45,true,PASS
masks/text_source_shapes/G0025_source.png,CURRENT_NATIVE_MASK,true,145,true,25x33,true,PASS
masks/text_source_shapes/G0026_source.png,CURRENT_NATIVE_MASK,true,162,true,19x45,true,PASS
masks/text_source_shapes/G0027_source.png,CURRENT_NATIVE_MASK,true,173,true,28x45,true,PASS
masks/text_source_shapes/G0028_source.png,CURRENT_NATIVE_MASK,true,163,true,19x45,true,PASS
masks/text_source_shapes/G0029_source.png,CURRENT_NATIVE_MASK,true,258,true,44x47,true,PASS
masks/text_source_shapes/G0030_source.png,CURRENT_NATIVE_MASK,true,179,true,25x45,true,PASS
masks/text_source_shapes/G0031_source.png,CURRENT_NATIVE_MASK,true,133,true,20x45,true,PASS
masks/text_source_shapes/G0032_source.png,CURRENT_NATIVE_MASK,true,165,true,25x45,true,PASS
masks/text_source_shapes/G0033_source.png,CURRENT_NATIVE_MASK,true,276,true,44x48,true,PASS
masks/text_source_shapes/G0034_source.png,CURRENT_NATIVE_MASK,true,313,true,45x48,true,PASS
masks/text_source_shapes/G0035_source.png,CURRENT_NATIVE_MASK,true,178,true,28x45,true,PASS
masks/text_source_shapes/G0036_source.png,CURRENT_NATIVE_MASK,true,165,true,20x45,true,PASS
masks/text_source_shapes/G0037_source.png,CURRENT_NATIVE_MASK,true,174,true,27x45,true,PASS
masks/text_source_shapes/G0038_source.png,CURRENT_NATIVE_MASK,true,164,true,20x45,true,PASS
masks/text_source_shapes/G0039_source.png,CURRENT_NATIVE_MASK,true,218,true,45x48,true,PASS
masks/text_source_shapes/G0040_source.png,CURRENT_NATIVE_MASK,true,312,true,45x48,true,PASS
masks/text_source_shapes/G0041_source.png,CURRENT_NATIVE_MASK,true,240,true,45x48,true,PASS
masks/text_source_shapes/G0042_source.png,CURRENT_NATIVE_MASK,true,284,true,44x48,true,PASS
masks/text_source_shapes/G0043_source.png,CURRENT_NATIVE_MASK,true,256,true,45x48,true,PASS
masks/text_source_shapes/G0044_source.png,CURRENT_NATIVE_MASK,true,228,true,45x48,true,PASS
masks/text_source_shapes/G0045_source.png,CURRENT_NATIVE_MASK,true,289,true,45x47,true,PASS
masks/text_source_shapes/G0046_source.png,CURRENT_NATIVE_MASK,true,226,true,45x47,true,PASS
masks/text_source_shapes/G0047_source.png,CURRENT_NATIVE_MASK,true,253,true,44x47,true,PASS
masks/text_source_shapes/G0048_source.png,CURRENT_NATIVE_MASK,true,261,true,45x47,true,PASS
masks/text_source_shapes/G0049_source.png,CURRENT_NATIVE_MASK,true,165,true,24x45,true,PASS
masks/text_source_shapes/G0050_source.png,CURRENT_NATIVE_MASK,true,133,true,21x45,true,PASS
masks/text_source_shapes/G0051_source.png,CURRENT_NATIVE_MASK,true,179,true,24x45,true,PASS
masks/text_source_shapes/G0052_source.png,CURRENT_NATIVE_MASK,true,213,true,45x47,true,PASS
masks/text_source_shapes/G0053_source.png,CURRENT_NATIVE_MASK,true,191,true,45x47,true,PASS
masks/text_source_shapes/G0054_source.png,CURRENT_NATIVE_MASK,true,251,true,44x47,true,PASS
masks/text_source_shapes/G0055_source.png,CURRENT_NATIVE_MASK,true,259,true,45x47,true,PASS
masks/text_source_shapes/G0056_source.png,CURRENT_NATIVE_MASK,true,279,true,45x47,true,PASS
masks/text_source_shapes/G0057_source.png,CURRENT_NATIVE_MASK,true,174,true,27x45,true,PASS
masks/text_source_shapes/G0058_source.png,CURRENT_NATIVE_MASK,true,221,true,44x47,true,PASS
masks/text_source_shapes/G0059_source.png,CURRENT_NATIVE_MASK,true,170,true,25x45,true,PASS
masks/text_source_shapes/G0060_source.png,CURRENT_NATIVE_MASK,true,248,true,45x47,true,PASS
masks/text_source_shapes/G0061_source.png,CURRENT_NATIVE_MASK,true,165,true,25x45,true,PASS
masks/text_source_shapes/G0062_source.png,CURRENT_NATIVE_MASK,true,292,true,45x48,true,PASS
masks/text_source_shapes/G0063_source.png,CURRENT_NATIVE_MASK,true,313,true,45x48,true,PASS
masks/text_source_shapes/G0064_source.png,CURRENT_NATIVE_MASK,true,236,true,45x48,true,PASS
masks/text_source_shapes/G0065_source.png,CURRENT_NATIVE_MASK,true,172,true,25x45,true,PASS
masks/text_source_shapes/G0066_source.png,CURRENT_NATIVE_MASK,true,144,true,24x33,true,PASS
masks/text_source_shapes/G0067_source.png,CURRENT_NATIVE_MASK,true,165,true,19x45,true,PASS
masks/text_source_shapes/G0068_source.png,CURRENT_NATIVE_MASK,true,175,true,28x45,true,PASS
masks/text_source_shapes/G0069_source.png,CURRENT_NATIVE_MASK,true,163,true,19x45,true,PASS
masks/text_source_shapes/G0070_source.png,CURRENT_NATIVE_MASK,true,235,true,44x48,true,PASS
masks/text_source_shapes/G0071_source.png,CURRENT_NATIVE_MASK,true,168,true,25x45,true,PASS
masks/text_source_shapes/G0072_source.png,CURRENT_NATIVE_MASK,true,146,true,45x48,true,PASS
masks/text_source_shapes/G0073_source.png,CURRENT_NATIVE_MASK,true,178,true,29x45,true,PASS
masks/text_source_shapes/G0074_source.png,CURRENT_NATIVE_MASK,true,165,true,19x45,true,PASS
masks/text_source_shapes/G0075_source.png,CURRENT_NATIVE_MASK,true,174,true,27x45,true,PASS
masks/text_source_shapes/G0076_source.png,CURRENT_NATIVE_MASK,true,164,true,20x45,true,PASS
masks/text_source_shapes/G0077_source.png,CURRENT_NATIVE_MASK,true,236,true,45x48,true,PASS
masks/text_source_shapes/G0078_source.png,CURRENT_NATIVE_MASK,true,160,true,45x48,true,PASS
masks/text_source_shapes/G0079_source.png,CURRENT_NATIVE_MASK,true,283,true,48x45,true,PASS
masks/text_source_shapes/G0080_source.png,CURRENT_NATIVE_MASK,true,260,true,48x45,true,PASS
masks/text_source_shapes/G0081_source.png,CURRENT_NATIVE_MASK,true,270,true,48x45,true,PASS
masks/text_source_shapes/G0082_source.png,CURRENT_NATIVE_MASK,true,180,true,45x27,true,PASS
masks/text_source_shapes/G0083_source.png,CURRENT_NATIVE_MASK,true,210,true,48x45,true,PASS
masks/text_source_shapes/G0084_source.png,CURRENT_NATIVE_MASK,true,259,true,48x45,true,PASS
masks/text_source_shapes/G0085_source.png,CURRENT_NATIVE_MASK,true,255,true,47x51,true,PASS
masks/text_source_shapes/G0086_source.png,CURRENT_NATIVE_MASK,true,262,true,48x51,true,PASS
masks/text_source_shapes/G0087_source.png,CURRENT_NATIVE_MASK,true,216,true,47x51,true,PASS
masks/text_source_shapes/G0088_source.png,CURRENT_NATIVE_MASK,true,216,true,47x51,true,PASS
masks/text_source_shapes/G0089_source.png,CURRENT_NATIVE_MASK,true,186,true,30x47,true,PASS
masks/text_source_shapes/G0090_source.png,CURRENT_NATIVE_MASK,true,242,true,45x47,true,PASS
masks/text_source_shapes/G0091_source.png,CURRENT_NATIVE_MASK,true,191,true,27x47,true,PASS
masks/text_source_shapes/G0092_source.png,CURRENT_NATIVE_MASK,true,142,true,24x34,true,PASS
masks/text_source_shapes/G0093_source.png,CURRENT_NATIVE_MASK,true,169,true,24x45,true,PASS
masks/text_source_shapes/G0094_source.png,CURRENT_NATIVE_MASK,true,118,true,24x45,true,PASS
masks/text_source_shapes/G0095_source.png,CURRENT_NATIVE_MASK,true,165,true,24x45,true,PASS
masks/text_source_shapes/G0096_source.png,CURRENT_NATIVE_MASK,true,136,true,21x45,true,PASS
masks/text_source_shapes/G0097_source.png,CURRENT_NATIVE_MASK,true,180,true,24x45,true,PASS
masks/text_source_shapes/G0098_source.png,CURRENT_NATIVE_MASK,true,154,true,24x45,true,PASS
masks/text_source_shapes/G0099_source.png,CURRENT_NATIVE_MASK,true,165,true,24x45,true,PASS
masks/text_source_shapes/G0100_source.png,CURRENT_NATIVE_MASK,true,168,true,25x45,true,PASS
masks/text_source_shapes/G0101_source.png,CURRENT_NATIVE_MASK,true,118,true,25x45,true,PASS
masks/text_source_shapes/G0102_source.png,CURRENT_NATIVE_MASK,true,133,true,20x45,true,PASS
masks/text_source_shapes/G0103_source.png,CURRENT_NATIVE_MASK,true,165,true,25x45,true,PASS
masks/text_source_shapes/G0104_source.png,CURRENT_NATIVE_MASK,true,176,true,25x45,true,PASS
masks/text_source_shapes/G0105_source.png,CURRENT_NATIVE_MASK,true,133,true,20x45,true,PASS
masks/text_source_shapes/G0106_source.png,CURRENT_NATIVE_MASK,true,118,true,25x45,true,PASS
masks/text_source_shapes/G0107_source.png,CURRENT_NATIVE_MASK,true,168,true,25x45,true,PASS
masks/text_source_shapes/G0108_source.png,CURRENT_NATIVE_MASK,true,179,true,25x45,true,PASS
masks/text_source_shapes/G0109_source.png,CURRENT_NATIVE_MASK,true,133,true,20x45,true,PASS
masks/text_source_shapes/G0110_source.png,CURRENT_NATIVE_MASK,true,165,true,25x45,true,PASS
masks/text_source_shapes/G0111_source.png,CURRENT_NATIVE_MASK,true,118,true,25x45,true,PASS
masks/text_source_shapes/G0112_source.png,CURRENT_NATIVE_MASK,true,133,true,20x45,true,PASS
masks/text_source_shapes/G0113_source.png,CURRENT_NATIVE_MASK,true,179,true,25x45,true,PASS
masks/text_source_shapes/G0114_source.png,CURRENT_NATIVE_MASK,true,180,true,35x47,true,PASS
masks/text_source_shapes/G0115_source.png,CURRENT_NATIVE_MASK,true,162,true,20x47,true,PASS
masks/text_source_shapes/G0116_source.png,CURRENT_NATIVE_MASK,true,179,true,28x47,true,PASS
masks/text_source_shapes/G0117_source.png,CURRENT_NATIVE_MASK,true,162,true,20x47,true,PASS
masks/text_source_shapes/G0118_source.png,CURRENT_NATIVE_MASK,true,159,true,47x49,true,PASS
masks/text_source_shapes/G0119_source.png,CURRENT_NATIVE_MASK,true,183,true,30x47,true,PASS
masks/text_source_shapes/G0120_source.png,CURRENT_NATIVE_MASK,true,162,true,20x47,true,PASS
masks/text_source_shapes/G0121_source.png,CURRENT_NATIVE_MASK,true,179,true,28x47,true,PASS
masks/text_source_shapes/G0122_source.png,CURRENT_NATIVE_MASK,true,161,true,19x47,true,PASS
masks/text_source_shapes/G0123_source.png,CURRENT_NATIVE_MASK,true,144,true,21x47,true,PASS
masks/text_source_shapes/G0124_source.png,CURRENT_NATIVE_MASK,true,179,true,27x47,true,PASS
masks/text_source_shapes/G0125_source.png,CURRENT_NATIVE_MASK,true,185,true,32x43,true,PASS
masks/text_source_shapes/G0126_source.png,CURRENT_NATIVE_MASK,true,162,true,20x47,true,PASS
masks/text_source_shapes/G0127_source.png,CURRENT_NATIVE_MASK,true,179,true,28x47,true,PASS
masks/text_source_shapes/G0128_source.png,CURRENT_NATIVE_MASK,true,162,true,20x47,true,PASS
masks/text_source_shapes/G0129_source.png,CURRENT_NATIVE_MASK,true,206,true,46x49,true,PASS
masks/text_source_shapes/G0130_source.png,CURRENT_NATIVE_MASK,true,265,true,47x49,true,PASS
masks/text_source_shapes/G0131_source.png,CURRENT_NATIVE_MASK,true,180,true,35x47,true,PASS
masks/text_source_shapes/G0132_source.png,CURRENT_NATIVE_MASK,true,162,true,20x47,true,PASS
masks/text_source_shapes/G0133_source.png,CURRENT_NATIVE_MASK,true,113,true,25x47,true,PASS
masks/text_source_shapes/G0134_source.png,CURRENT_NATIVE_MASK,true,162,true,20x47,true,PASS
masks/text_source_shapes/G0135_source.png,CURRENT_NATIVE_MASK,true,180,true,35x47,true,PASS
masks/text_source_shapes/G0136_source.png,CURRENT_NATIVE_MASK,true,162,true,20x47,true,PASS
masks/text_source_shapes/G0137_source.png,CURRENT_NATIVE_MASK,true,166,true,25x47,true,PASS
masks/text_source_shapes/G0138_source.png,CURRENT_NATIVE_MASK,true,144,true,21x47,true,PASS
masks/text_source_shapes/G0139_source.png,CURRENT_NATIVE_MASK,true,176,true,26x47,true,PASS
masks/text_source_shapes/G0140_source.png,CURRENT_NATIVE_MASK,true,162,true,20x47,true,PASS
masks/text_source_shapes/G0141_source.png,CURRENT_NATIVE_MASK,true,180,true,35x47,true,PASS
masks/text_source_shapes/G0142_source.png,CURRENT_NATIVE_MASK,true,164,true,20x47,true,PASS
masks/text_source_shapes/G0143_source.png,CURRENT_NATIVE_MASK,true,152,true,25x47,true,PASS
masks/text_source_shapes/G0144_source.png,CURRENT_NATIVE_MASK,true,162,true,20x47,true,PASS
masks/text_source_shapes/G0145_source.png,CURRENT_NATIVE_MASK,true,179,true,26x47,true,PASS
masks/text_source_shapes/G0146_source.png,CURRENT_NATIVE_MASK,true,152,true,26x47,true,PASS
masks/text_source_shapes/G0147_source.png,CURRENT_NATIVE_MASK,true,144,true,21x47,true,PASS
masks/text_source_shapes/G0148_source.png,CURRENT_NATIVE_MASK,true,177,true,25x47,true,PASS
masks/text_source_shapes/G0149_source.png,CURRENT_NATIVE_MASK,true,168,true,26x47,true,PASS
masks/text_source_shapes/G0150_source.png,CURRENT_NATIVE_MASK,true,193,true,26x47,true,PASS
masks/text_source_shapes/G0151_source.png,CURRENT_NATIVE_MASK,true,144,true,21x47,true,PASS
masks/text_source_shapes/G0152_source.png,CURRENT_NATIVE_MASK,true,176,true,26x47,true,PASS
masks/text_source_shapes/G0153_source.png,CURRENT_NATIVE_MASK,true,176,true,26x47,true,PASS
masks/text_source_shapes/G0154_source.png,CURRENT_NATIVE_MASK,true,151,true,25x47,true,PASS
masks/text_source_shapes/G0155_source.png,CURRENT_NATIVE_MASK,true,144,true,21x47,true,PASS
masks/text_source_shapes/G0156_source.png,CURRENT_NATIVE_MASK,true,176,true,26x47,true,PASS
masks/text_source_shapes/G0157_source.png,CURRENT_NATIVE_MASK,true,166,true,25x47,true,PASS
masks/text_source_shapes/G0158_source.png,CURRENT_NATIVE_MASK,true,213,true,45x47,true,PASS
masks/text_source_shapes/G0159_source.png,CURRENT_NATIVE_MASK,true,191,true,45x47,true,PASS
masks/text_source_shapes/G0160_source.png,CURRENT_NATIVE_MASK,true,250,true,45x47,true,PASS
masks/text_source_shapes/G0161_source.png,CURRENT_NATIVE_MASK,true,258,true,44x47,true,PASS
masks/text_source_shapes/G0162_source.png,CURRENT_NATIVE_MASK,true,279,true,45x47,true,PASS
masks/text_source_shapes/G0163_source.png,CURRENT_NATIVE_MASK,true,174,true,27x45,true,PASS
masks/text_source_shapes/G0164_source.png,CURRENT_NATIVE_MASK,true,220,true,45x47,true,PASS
masks/text_source_shapes/G0165_source.png,CURRENT_NATIVE_MASK,true,170,true,25x45,true,PASS
masks/text_source_shapes/G0166_source.png,CURRENT_NATIVE_MASK,true,248,true,45x47,true,PASS
masks/text_source_shapes/G0167_source.png,CURRENT_NATIVE_MASK,true,165,true,25x45,true,PASS
masks/text_source_shapes/G0168_source.png,CURRENT_NATIVE_MASK,true,276,true,45x48,true,PASS
masks/text_source_shapes/G0169_source.png,CURRENT_NATIVE_MASK,true,313,true,45x48,true,PASS
masks/text_source_shapes/G0170_source.png,CURRENT_NATIVE_MASK,true,178,true,29x45,true,PASS
masks/text_source_shapes/G0171_source.png,CURRENT_NATIVE_MASK,true,165,true,19x45,true,PASS
masks/text_source_shapes/G0172_source.png,CURRENT_NATIVE_MASK,true,175,true,28x45,true,PASS
masks/text_source_shapes/G0173_source.png,CURRENT_NATIVE_MASK,true,163,true,19x45,true,PASS
masks/text_source_shapes/G0174_source.png,CURRENT_NATIVE_MASK,true,253,true,45x48,true,PASS
masks/text_source_shapes/G0175_source.png,CURRENT_NATIVE_MASK,true,314,true,45x48,true,PASS
masks/text_source_shapes/G0176_source.png,CURRENT_NATIVE_MASK,true,172,true,26x45,true,PASS
masks/text_source_shapes/G0177_source.png,CURRENT_NATIVE_MASK,true,160,true,26x33,true,PASS
masks/text_source_shapes/G0178_source.png,CURRENT_NATIVE_MASK,true,163,true,20x45,true,PASS
masks/text_source_shapes/G0179_source.png,CURRENT_NATIVE_MASK,true,173,true,27x45,true,PASS
masks/text_source_shapes/G0180_source.png,CURRENT_NATIVE_MASK,true,163,true,19x45,true,PASS
masks/text_source_shapes/G0181_source.png,CURRENT_NATIVE_MASK,true,236,true,45x48,true,PASS
masks/text_source_shapes/G0182_source.png,CURRENT_NATIVE_MASK,true,118,true,25x45,true,PASS
masks/text_source_shapes/G0183_source.png,CURRENT_NATIVE_MASK,true,133,true,20x45,true,PASS
masks/text_source_shapes/G0184_source.png,CURRENT_NATIVE_MASK,true,164,true,25x45,true,PASS
masks/text_source_shapes/G0185_source.png,CURRENT_NATIVE_MASK,true,255,true,47x51,true,PASS
masks/text_source_shapes/G0186_source.png,CURRENT_NATIVE_MASK,true,262,true,48x51,true,PASS
masks/text_source_shapes/G0187_source.png,CURRENT_NATIVE_MASK,true,298,true,47x51,true,PASS
masks/text_source_shapes/G0188_source.png,CURRENT_NATIVE_MASK,true,227,true,47x51,true,PASS
masks/text_source_shapes/G0189_source.png,CURRENT_NATIVE_MASK,true,189,true,26x47,true,PASS
masks/text_source_shapes/G0190_source.png,CURRENT_NATIVE_MASK,true,168,true,27x34,true,PASS
masks/text_source_shapes/G0191_source.png,CURRENT_NATIVE_MASK,true,298,true,47x51,true,PASS
masks/text_source_shapes/G0192_source.png,CURRENT_NATIVE_MASK,true,227,true,47x51,true,PASS
masks/text_source_shapes/G0193_source.png,CURRENT_NATIVE_MASK,true,133,true,48x51,true,PASS
masks/text_source_shapes/G0194_source.png,CURRENT_NATIVE_MASK,true,267,true,47x51,true,PASS
masks/text_source_shapes/G0195_source.png,CURRENT_NATIVE_MASK,true,244,true,47x65,true,PASS
masks/text_source_shapes/G0196_source.png,CURRENT_NATIVE_MASK,true,188,true,25x47,true,PASS
masks/text_source_shapes/G0197_source.png,CURRENT_NATIVE_MASK,true,122,true,26x47,true,PASS
masks/text_source_shapes/G0198_source.png,CURRENT_NATIVE_MASK,true,110,true,16x47,true,PASS
masks/text_source_shapes/G0199_source.png,CURRENT_NATIVE_MASK,true,174,true,26x47,true,PASS
masks/text_source_shapes/G0200_source.png,CURRENT_NATIVE_MASK,true,210,true,47x49,true,PASS
masks/text_source_shapes/G0201_source.png,CURRENT_NATIVE_MASK,true,256,true,46x49,true,PASS
masks/text_source_shapes/G0202_source.png,CURRENT_NATIVE_MASK,true,228,true,47x49,true,PASS
masks/text_source_shapes/G0203_source.png,CURRENT_NATIVE_MASK,true,208,true,46x49,true,PASS
masks/text_source_shapes/G0204_source.png,CURRENT_NATIVE_MASK,true,245,true,47x49,true,PASS
masks/text_source_shapes/G0205_source.png,CURRENT_NATIVE_MASK,true,256,true,46x49,true,PASS
masks/text_source_shapes/G0206_source.png,CURRENT_NATIVE_MASK,true,290,true,47x49,true,PASS
masks/text_source_shapes/G0207_source.png,CURRENT_NATIVE_MASK,true,183,true,29x47,true,PASS
masks/text_source_shapes/G0208_source.png,CURRENT_NATIVE_MASK,true,184,true,44x47,true,PASS
masks/text_source_shapes/G0209_source.png,CURRENT_NATIVE_MASK,true,179,true,26x47,true,PASS
masks/text_source_shapes/G0210_source.png,CURRENT_NATIVE_MASK,true,214,true,47x49,true,PASS
masks/text_source_shapes/G0211_source.png,CURRENT_NATIVE_MASK,true,156,true,46x49,true,PASS
masks/text_source_shapes/G0212_source.png,CURRENT_NATIVE_MASK,true,179,true,26x47,true,PASS
masks/text_source_shapes/G0213_source.png,CURRENT_NATIVE_MASK,true,235,true,47x49,true,PASS
masks/text_source_shapes/G0214_source.png,CURRENT_NATIVE_MASK,true,296,true,46x49,true,PASS
masks/text_source_shapes/G0215_source.png,CURRENT_NATIVE_MASK,true,224,true,47x49,true,PASS
masks/text_source_shapes/G0216_source.png,CURRENT_NATIVE_MASK,true,250,true,46x49,true,PASS
masks/text_source_shapes/G0217_source.png,CURRENT_NATIVE_MASK,true,133,true,47x49,true,PASS
masks/text_source_shapes/G0218_source.png,CURRENT_NATIVE_MASK,true,261,true,46x49,true,PASS
masks/text_source_shapes/G0219_source.png,CURRENT_NATIVE_MASK,true,258,true,47x49,true,PASS
masks/text_source_shapes/G0220_source.png,CURRENT_NATIVE_MASK,true,299,true,46x49,true,PASS
masks/text_source_shapes/G0221_source.png,CURRENT_NATIVE_MASK,true,218,true,47x49,true,PASS
masks/text_source_shapes/G0222_source.png,CURRENT_NATIVE_MASK,true,280,true,46x49,true,PASS
masks/text_source_shapes/G0223_source.png,CURRENT_NATIVE_MASK,true,159,true,47x49,true,PASS
masks/text_source_shapes/G0224_source.png,CURRENT_NATIVE_MASK,true,279,true,46x49,true,PASS
masks/text_source_shapes/G0225_source.png,CURRENT_NATIVE_MASK,true,208,true,47x49,true,PASS
masks/text_source_shapes/G0226_source.png,CURRENT_NATIVE_MASK,true,248,true,46x49,true,PASS
masks/text_source_shapes/G0227_source.png,CURRENT_NATIVE_MASK,true,228,true,47x49,true,PASS
masks/text_source_shapes/G0228_source.png,CURRENT_NATIVE_MASK,true,289,true,46x49,true,PASS
masks/text_source_shapes/G0229_source.png,CURRENT_NATIVE_MASK,true,214,true,47x49,true,PASS
masks/text_source_shapes/G0230_source.png,CURRENT_NATIVE_MASK,true,280,true,46x49,true,PASS
masks/text_source_shapes/G0231_source.png,CURRENT_NATIVE_MASK,true,208,true,47x49,true,PASS
masks/text_source_shapes/G0232_source.png,CURRENT_NATIVE_MASK,true,279,true,46x49,true,PASS
masks/text_source_shapes/G0233_source.png,CURRENT_NATIVE_MASK,true,289,true,47x49,true,PASS
masks/text_source_shapes/G0234_source.png,CURRENT_NATIVE_MASK,true,268,true,46x49,true,PASS
math_and_body_consistency.json,CURRENT_REPORT_OR_VIEW,true,266,N/A,,true,PASS
NONAUTHORITATIVE_STALE_INTERMEDIATE_EVIDENCE.md,CURRENT_REPORT_OR_VIEW,true,3440,N/A,,true,PASS
object_inventory.csv,CURRENT_REPORT_OR_VIEW,true,8292,N/A,,true,PASS
opaque_label_graphic_coverage.csv,CURRENT_REPORT_OR_VIEW,true,5277,N/A,,true,PASS
page_anchor_text.txt,CURRENT_REPORT_OR_VIEW,true,1541,N/A,,true,PASS
page_text_only_replay.pdf,CURRENT_REPORT_OR_VIEW,true,68420,N/A,,true,PASS
page_text_only_replay_300dpi.png,CURRENT_REPORT_OR_VIEW,true,465513,true,2481x3508,true,PASS
pixel_failures/G0003/measurement.json,NONAUTHORITATIVE_STALE,true,1134,N/A,,true,PASS
pixel_failures/G0003/original_roi_1x.png,NONAUTHORITATIVE_STALE,true,537,true,30x43,true,PASS
pixel_failures/G0003/original_roi_8x_nearest.png,NONAUTHORITATIVE_STALE,true,1378,true,240x344,true,PASS
pixel_failures/G0003/target_mask_1x.png,NONAUTHORITATIVE_STALE,true,147,true,30x43,true,PASS
pixel_failures/G0003/target_mask_8x_nearest.png,NONAUTHORITATIVE_STALE,true,495,true,240x344,true,PASS
pixel_failures/G0003/target_overlay_1x.png,NONAUTHORITATIVE_STALE,true,273,true,30x43,true,PASS
pixel_failures/G0003/target_overlay_8x_nearest.png,NONAUTHORITATIVE_STALE,true,954,true,240x344,true,PASS
pixel_failures/G0004/measurement.json,NONAUTHORITATIVE_STALE,true,1134,N/A,,true,PASS
pixel_failures/G0004/original_roi_1x.png,NONAUTHORITATIVE_STALE,true,584,true,31x43,true,PASS
pixel_failures/G0004/original_roi_8x_nearest.png,NONAUTHORITATIVE_STALE,true,1505,true,248x344,true,PASS
pixel_failures/G0004/target_mask_1x.png,NONAUTHORITATIVE_STALE,true,161,true,31x43,true,PASS
pixel_failures/G0004/target_mask_8x_nearest.png,NONAUTHORITATIVE_STALE,true,523,true,248x344,true,PASS
pixel_failures/G0004/target_overlay_1x.png,NONAUTHORITATIVE_STALE,true,328,true,31x43,true,PASS
pixel_failures/G0004/target_overlay_8x_nearest.png,NONAUTHORITATIVE_STALE,true,1079,true,248x344,true,PASS
pixel_failures/G0032/measurement.json,NONAUTHORITATIVE_STALE,true,1134,N/A,,true,PASS
pixel_failures/G0032/original_roi_1x.png,NONAUTHORITATIVE_STALE,true,1393,true,36x56,true,PASS
pixel_failures/G0032/original_roi_8x_nearest.png,NONAUTHORITATIVE_STALE,true,2915,true,288x448,true,PASS
pixel_failures/G0032/target_mask_1x.png,NONAUTHORITATIVE_STALE,true,139,true,36x56,true,PASS
pixel_failures/G0032/target_mask_8x_nearest.png,NONAUTHORITATIVE_STALE,true,688,true,288x448,true,PASS
pixel_failures/G0032/target_overlay_1x.png,NONAUTHORITATIVE_STALE,true,1215,true,36x56,true,PASS
pixel_failures/G0032/target_overlay_8x_nearest.png,NONAUTHORITATIVE_STALE,true,2660,true,288x448,true,PASS
pixel_failures/G0089/measurement.json,NONAUTHORITATIVE_STALE,true,1134,N/A,,true,PASS
pixel_failures/G0089/original_roi_1x.png,NONAUTHORITATIVE_STALE,true,537,true,30x43,true,PASS
pixel_failures/G0089/original_roi_8x_nearest.png,NONAUTHORITATIVE_STALE,true,1378,true,240x344,true,PASS
pixel_failures/G0089/target_mask_1x.png,NONAUTHORITATIVE_STALE,true,147,true,30x43,true,PASS
pixel_failures/G0089/target_mask_8x_nearest.png,NONAUTHORITATIVE_STALE,true,495,true,240x344,true,PASS
pixel_failures/G0089/target_overlay_1x.png,NONAUTHORITATIVE_STALE,true,273,true,30x43,true,PASS
pixel_failures/G0089/target_overlay_8x_nearest.png,NONAUTHORITATIVE_STALE,true,954,true,240x344,true,PASS
pixel_failures/G0090/measurement.json,NONAUTHORITATIVE_STALE,true,1134,N/A,,true,PASS
pixel_failures/G0090/original_roi_1x.png,NONAUTHORITATIVE_STALE,true,584,true,31x43,true,PASS
pixel_failures/G0090/original_roi_8x_nearest.png,NONAUTHORITATIVE_STALE,true,1505,true,248x344,true,PASS
pixel_failures/G0090/target_mask_1x.png,NONAUTHORITATIVE_STALE,true,161,true,31x43,true,PASS
pixel_failures/G0090/target_mask_8x_nearest.png,NONAUTHORITATIVE_STALE,true,523,true,248x344,true,PASS
pixel_failures/G0090/target_overlay_1x.png,NONAUTHORITATIVE_STALE,true,328,true,31x43,true,PASS
pixel_failures/G0090/target_overlay_8x_nearest.png,NONAUTHORITATIVE_STALE,true,1079,true,248x344,true,PASS
pixel_failures/G0188/measurement.json,NONAUTHORITATIVE_STALE,true,1155,N/A,,true,PASS
pixel_failures/G0188/original_roi_1x.png,NONAUTHORITATIVE_STALE,true,547,true,26x57,true,PASS
pixel_failures/G0188/original_roi_8x_nearest.png,NONAUTHORITATIVE_STALE,true,1552,true,208x456,true,PASS
pixel_failures/G0188/target_mask_1x.png,NONAUTHORITATIVE_STALE,true,117,true,26x57,true,PASS
pixel_failures/G0188/target_mask_8x_nearest.png,NONAUTHORITATIVE_STALE,true,503,true,208x456,true,PASS
pixel_failures/G0188/target_overlay_1x.png,NONAUTHORITATIVE_STALE,true,470,true,26x57,true,PASS
pixel_failures/G0188/target_overlay_8x_nearest.png,NONAUTHORITATIVE_STALE,true,1428,true,208x456,true,PASS
pixel_failures/G0198/measurement.json,NONAUTHORITATIVE_STALE,true,1129,N/A,,true,PASS
pixel_failures/G0198/original_roi_1x.png,NONAUTHORITATIVE_STALE,true,547,true,26x57,true,PASS
pixel_failures/G0198/original_roi_8x_nearest.png,NONAUTHORITATIVE_STALE,true,1552,true,208x456,true,PASS
pixel_failures/G0198/target_mask_1x.png,NONAUTHORITATIVE_STALE,true,117,true,26x57,true,PASS
pixel_failures/G0198/target_mask_8x_nearest.png,NONAUTHORITATIVE_STALE,true,503,true,208x456,true,PASS
pixel_failures/G0198/target_overlay_1x.png,NONAUTHORITATIVE_STALE,true,470,true,26x57,true,PASS
pixel_failures/G0198/target_overlay_8x_nearest.png,NONAUTHORITATIVE_STALE,true,1428,true,208x456,true,PASS
preterminal_manifest_exclusions.md,CURRENT_REPORT_OR_VIEW,true,1375,N/A,,true,PASS
render_manifest.json,CURRENT_REPORT_OR_VIEW,true,1062,N/A,,true,PASS
required_relations.csv,CURRENT_REPORT_OR_VIEW,true,39251,N/A,,true,PASS
role_assignment_ledger.csv,CURRENT_REPORT_OR_VIEW,true,4095,N/A,,true,PASS
safe_filename_and_file_openability.csv,CURRENT_REPORT_OR_VIEW,true,19978,N/A,,true,PASS
source_diff_summary.md,CURRENT_REPORT_OR_VIEW,true,2051,N/A,,true,PASS
source_text_anchor.json,CURRENT_REPORT_OR_VIEW,true,274,N/A,,true,PASS
standalone_300dpi.png,CURRENT_REPORT_OR_VIEW,true,186799,true,2481x3508,true,PASS
text_completeness_ledger.csv,CURRENT_REPORT_OR_VIEW,true,378,N/A,,true,PASS
text_only_replay_probe.json,CURRENT_REPORT_OR_VIEW,true,583,N/A,,true,PASS
translucent_label_graphic_coverage.csv,CURRENT_REPORT_OR_VIEW,true,63,N/A,,true,PASS
