This is LuaHBTeX, Version 1.24.0 (TeX Live 2026)  (format=lualatex 2026.7.16)  23 AUG 2026 06:58
 restricted system commands enabled.
 file:line:error style messages enabled.
**v260_FIG-P737-01_page.tex
(./v260_FIG-P737-01_page.tex
LaTeX2e <2025-11-01>
L3 programming layer <2026-01-19>
Lua module: luaotfload 2024-12-03 v3.29 Lua based OpenType font support
Lua module: lualibs 2023-07-13 v2.76 ConTeXt Lua standard libraries.
Lua module: lualibs-extended 2023-07-13 v2.76 ConTeXt Lua libraries -- extended 
collection.
luaotfload | conf : Root cache directory is "C:/Users/ASUS/.texlive2026/texmf-va
r/luatex-cache/generic/names".
luaotfload | init : Loading fontloader "fontloader-2023-12-28.lua" from kpse-res
olved path "d:/texlive/2026/texmf-dist/tex/luatex/luaotfload/fontloader-2023-12-
28.lua".
Lua-only attribute luaotfload@noligature = 1
luaotfload | init : Context OpenType loader version 3.134
Inserting `luaotfload.node_processor' in `pre_linebreak_filter'.
Inserting `luaotfload.node_processor' in `hpack_filter'.
Inserting `luaotfload.glyph_stream' in `glyph_stream_provider'.
Inserting `luaotfload.define_font' in `define_font'.
Lua-only attribute luaotfload_color_attribute = 2
luaotfload | conf : Root cache directory is "C:/Users/ASUS/.texlive2026/texmf-va
r/luatex-cache/generic/names".
Inserting `luaotfload.harf.strip_prefix' in `find_opentype_file'.
Inserting `luaotfload.harf.strip_prefix' in `find_truetype_file'.
Removing  `luaotfload.glyph_stream' from `glyph_stream_provider'.
Inserting `luaotfload.harf.glyphstream' in `glyph_stream_provider'.
Inserting `luaotfload.harf.finalize_vlist' in `post_linebreak_filter'.
Inserting `luaotfload.harf.finalize_hlist' in `hpack_filter'.
Inserting `luaotfload.cleanup_files' in `wrapup_run'.
Inserting `luaotfload.harf.finalize_unicode' in `finish_pdffile'.
Inserting `luaotfload.glyphinfo' in `glyph_info'.
Lua-only attribute luaotfload.letterspace_done = 3
Inserting `luaotfload.aux.set_sscale_dimens' in `luaotfload.patch_font'.
Inserting `luaotfload.aux.set_font_index' in `luaotfload.patch_font'.
Inserting `luaotfload.aux.patch_cambria_domh' in `luaotfload.patch_font'.
Inserting `luaotfload.aux.fixup_fontdata' in `luaotfload.patch_font_unsafe'.
Inserting `luaotfload.aux.set_capheight' in `luaotfload.patch_font'.
Inserting `luaotfload.aux.set_xheight' in `luaotfload.patch_font'.
Inserting `luaotfload.rewrite_fontname' in `luaotfload.patch_font'.
Inserting `tracingstacklevels' in `input_level_string'. (d:/texlive/2026/texmf-
dist/tex/latex/ctex/ctexbook.cls
(d:/texlive/2026/texmf-dist/tex/latex/ctex/config/ctexbackend.cfg
File: ctexbackend.cfg 2022/07/14 v2.5.10 Backend configuration file (CTEX)
)
(d:/texlive/2026/texmf-dist/tex/latex/l3kernel/expl3.sty
Package: expl3 2026-01-19 L3 programming layer (loader) 

(d:/texlive/2026/texmf-dist/tex/latex/l3backend/l3backend-luatex.def
File: l3backend-luatex.def 2025-10-09 L3 backend support: PDF output (LuaTeX)
\l__color_backend_stack_int=\count273
Inserting `l3color' in `luaotfload.parse_color'.))
Document Class: ctexbook 2022/07/14 v2.5.10 Chinese adapter for class book (CTE
X)
(d:/texlive/2026/texmf-dist/tex/latex/ctex/ctexhook.sty
Package: ctexhook 2022/07/14 v2.5.10 Document and package hooks (CTEX)
\c__ctex_package_cctab=\catcodetable14
)
(d:/texlive/2026/texmf-dist/tex/latex/ctex/ctexpatch.sty
Package: ctexpatch 2022/07/14 v2.5.10 Patching commands (CTEX)
)
(d:/texlive/2026/texmf-dist/tex/latex/base/fix-cm.sty
Package: fix-cm 2020/11/24 v1.1t fixes to LaTeX

(d:/texlive/2026/texmf-dist/tex/latex/base/ts1enc.def
File: ts1enc.def 2001/06/05 v3.0e (jk/car/fm) Standard LaTeX file
LaTeX Font Info:    Redeclaring font encoding TS1 on input line 47.
LaTeX Encoding Info:    Redeclaring text command \capitalcedilla (encoding TS1)
 on input line 49.
LaTeX Encoding Info:    Redeclaring text command \capitalogonek (encoding TS1) 
on input line 52.
LaTeX Encoding Info:    Redeclaring text command \capitalgrave (encoding TS1) o
n input line 55.
LaTeX Encoding Info:    Redeclaring text command \capitalacute (encoding TS1) o
n input line 56.
LaTeX Encoding Info:    Redeclaring text command \capitalcircumflex (encoding T
S1) on input line 57.
LaTeX Encoding Info:    Redeclaring text command \capitaltilde (encoding TS1) o
n input line 58.
LaTeX Encoding Info:    Redeclaring text command \capitaldieresis (encoding TS1
) on input line 59.
LaTeX Encoding Info:    Redeclaring text command \capitalhungarumlaut (encoding
 TS1) on input line 60.
LaTeX Encoding Info:    Redeclaring text command \capitalring (encoding TS1) on
 input line 61.
LaTeX Encoding Info:    Redeclaring text command \capitalcaron (encoding TS1) o
n input line 62.
LaTeX Encoding Info:    Redeclaring text command \capitalbreve (encoding TS1) o
n input line 63.
LaTeX Encoding Info:    Redeclaring text command \capitalmacron (encoding TS1) 
on input line 64.
LaTeX Encoding Info:    Redeclaring text command \capitaldotaccent (encoding TS
1) on input line 65.
LaTeX Encoding Info:    Redeclaring text command \t (encoding TS1) on input lin
e 66.
LaTeX Encoding Info:    Redeclaring text command \capitaltie (encoding TS1) on 
input line 67.
LaTeX Encoding Info:    Redeclaring text command \newtie (encoding TS1) on inpu
t line 68.
LaTeX Encoding Info:    Redeclaring text command \capitalnewtie (encoding TS1) 
on input line 69.
LaTeX Encoding Info:    Redeclaring text symbol \textcapitalcompwordmark (encod
ing TS1) on input line 70.
LaTeX Encoding Info:    Redeclaring text symbol \textascendercompwordmark (enco
ding TS1) on input line 71.
LaTeX Encoding Info:    Redeclaring text symbol \textquotestraightbase (encodin
g TS1) on input line 72.
LaTeX Encoding Info:    Redeclaring text symbol \textquotestraightdblbase (enco
ding TS1) on input line 73.
LaTeX Encoding Info:    Redeclaring text symbol \texttwelveudash (encoding TS1)
 on input line 74.
LaTeX Encoding Info:    Redeclaring text symbol \textthreequartersemdash (encod
ing TS1) on input line 75.
LaTeX Encoding Info:    Redeclaring text symbol \textleftarrow (encoding TS1) o
n input line 76.
LaTeX Encoding Info:    Redeclaring text symbol \textrightarrow (encoding TS1) 
on input line 77.
LaTeX Encoding Info:    Redeclaring text symbol \textblank (encoding TS1) on in
put line 78.
LaTeX Encoding Info:    Redeclaring text symbol \textdollar (encoding TS1) on i
nput line 79.
LaTeX Encoding Info:    Redeclaring text symbol \textquotesingle (encoding TS1)
 on input line 80.
LaTeX Encoding Info:    Redeclaring text command \textasteriskcentered (encodin
g TS1) on input line 81.
LaTeX Encoding Info:    Redeclaring text symbol \textdblhyphen (encoding TS1) o
n input line 92.
LaTeX Encoding Info:    Redeclaring text symbol \textfractionsolidus (encoding 
TS1) on input line 93.
LaTeX Encoding Info:    Redeclaring text symbol \textzerooldstyle (encoding TS1
) on input line 94.
LaTeX Encoding Info:    Redeclaring text symbol \textoneoldstyle (encoding TS1)
 on input line 95.
LaTeX Encoding Info:    Redeclaring text symbol \texttwooldstyle (encoding TS1)
 on input line 96.
LaTeX Encoding Info:    Redeclaring text symbol \textthreeoldstyle (encoding TS
1) on input line 97.
LaTeX Encoding Info:    Redeclaring text symbol \textfouroldstyle (encoding TS1
) on input line 98.
LaTeX Encoding Info:    Redeclaring text symbol \textfiveoldstyle (encoding TS1
) on input line 99.
LaTeX Encoding Info:    Redeclaring text symbol \textsixoldstyle (encoding TS1)
 on input line 100.
LaTeX Encoding Info:    Redeclaring text symbol \textsevenoldstyle (encoding TS
1) on input line 101.
LaTeX Encoding Info:    Redeclaring text symbol \texteightoldstyle (encoding TS
1) on input line 102.
LaTeX Encoding Info:    Redeclaring text symbol \textnineoldstyle (encoding TS1
) on input line 103.
LaTeX Encoding Info:    Redeclaring text symbol \textlangle (encoding TS1) on i
nput line 104.
LaTeX Encoding Info:    Redeclaring text symbol \textminus (encoding TS1) on in
put line 105.
LaTeX Encoding Info:    Redeclaring text symbol \textrangle (encoding TS1) on i
nput line 106.
LaTeX Encoding Info:    Redeclaring text symbol \textmho (encoding TS1) on inpu
t line 107.
LaTeX Encoding Info:    Redeclaring text symbol \textbigcircle (encoding TS1) o
n input line 108.
LaTeX Encoding Info:    Redeclaring text command \textcircled (encoding TS1) on
 input line 109.
LaTeX Encoding Info:    Redeclaring text symbol \textohm (encoding TS1) on inpu
t line 115.
LaTeX Encoding Info:    Redeclaring text symbol \textlbrackdbl (encoding TS1) o
n input line 116.
LaTeX Encoding Info:    Redeclaring text symbol \textrbrackdbl (encoding TS1) o
n input line 117.
LaTeX Encoding Info:    Redeclaring text symbol \textuparrow (encoding TS1) on 
input line 118.
LaTeX Encoding Info:    Redeclaring text symbol \textdownarrow (encoding TS1) o
n input line 119.
LaTeX Encoding Info:    Redeclaring text symbol \textasciigrave (encoding TS1) 
on input line 120.
LaTeX Encoding Info:    Redeclaring text symbol \textborn (encoding TS1) on inp
ut line 121.
LaTeX Encoding Info:    Redeclaring text symbol \textdivorced (encoding TS1) on
 input line 122.
LaTeX Encoding Info:    Redeclaring text symbol \textdied (encoding TS1) on inp
ut line 123.
LaTeX Encoding Info:    Redeclaring text symbol \textleaf (encoding TS1) on inp
ut line 124.
LaTeX Encoding Info:    Redeclaring text symbol \textmarried (encoding TS1) on 
input line 125.
LaTeX Encoding Info:    Redeclaring text symbol \textmusicalnote (encoding TS1)
 on input line 126.
LaTeX Encoding Info:    Redeclaring text symbol \texttildelow (encoding TS1) on
 input line 127.
LaTeX Encoding Info:    Redeclaring text symbol \textdblhyphenchar (encoding TS
1) on input line 128.
LaTeX Encoding Info:    Redeclaring text symbol \textasciibreve (encoding TS1) 
on input line 129.
LaTeX Encoding Info:    Redeclaring text symbol \textasciicaron (encoding TS1) 
on input line 130.
LaTeX Encoding Info:    Redeclaring text symbol \textacutedbl (encoding TS1) on
 input line 131.
LaTeX Encoding Info:    Redeclaring text symbol \textgravedbl (encoding TS1) on
 input line 132.
LaTeX Encoding Info:    Redeclaring text symbol \textdagger (encoding TS1) on i
nput line 133.
LaTeX Encoding Info:    Redeclaring text symbol \textdaggerdbl (encoding TS1) o
n input line 134.
LaTeX Encoding Info:    Redeclaring text symbol \textbardbl (encoding TS1) on i
nput line 135.
LaTeX Encoding Info:    Redeclaring text symbol \textperthousand (encoding TS1)
 on input line 136.
LaTeX Encoding Info:    Redeclaring text symbol \textbullet (encoding TS1) on i
nput line 137.
LaTeX Encoding Info:    Redeclaring text symbol \textcelsius (encoding TS1) on 
input line 138.
LaTeX Encoding Info:    Redeclaring text symbol \textdollaroldstyle (encoding T
S1) on input line 139.
LaTeX Encoding Info:    Redeclaring text symbol \textcentoldstyle (encoding TS1
) on input line 140.
LaTeX Encoding Info:    Redeclaring text symbol \textflorin (encoding TS1) on i
nput line 141.
LaTeX Encoding Info:    Redeclaring text symbol \textcolonmonetary (encoding TS
1) on input line 142.
LaTeX Encoding Info:    Redeclaring text symbol \textwon (encoding TS1) on inpu
t line 143.
LaTeX Encoding Info:    Redeclaring text symbol \textnaira (encoding TS1) on in
put line 144.
LaTeX Encoding Info:    Redeclaring text symbol \textguarani (encoding TS1) on 
input line 145.
LaTeX Encoding Info:    Redeclaring text symbol \textpeso (encoding TS1) on inp
ut line 146.
LaTeX Encoding Info:    Redeclaring text symbol \textlira (encoding TS1) on inp
ut line 147.
LaTeX Encoding Info:    Redeclaring text symbol \textrecipe (encoding TS1) on i
nput line 148.
LaTeX Encoding Info:    Redeclaring text symbol \textinterrobang (encoding TS1)
 on input line 149.
LaTeX Encoding Info:    Redeclaring text symbol \textinterrobangdown (encoding 
TS1) on input line 150.
LaTeX Encoding Info:    Redeclaring text symbol \textdong (encoding TS1) on inp
ut line 151.
LaTeX Encoding Info:    Redeclaring text symbol \texttrademark (encoding TS1) o
n input line 152.
LaTeX Encoding Info:    Redeclaring text symbol \textpertenthousand (encoding T
S1) on input line 153.
LaTeX Encoding Info:    Redeclaring text symbol \textpilcrow (encoding TS1) on 
input line 154.
LaTeX Encoding Info:    Redeclaring text symbol \textbaht (encoding TS1) on inp
ut line 155.
LaTeX Encoding Info:    Redeclaring text symbol \textnumero (encoding TS1) on i
nput line 156.
LaTeX Encoding Info:    Redeclaring text symbol \textdiscount (encoding TS1) on
 input line 157.
LaTeX Encoding Info:    Redeclaring text symbol \textestimated (encoding TS1) o
n input line 158.
LaTeX Encoding Info:    Redeclaring text symbol \textopenbullet (encoding TS1) 
on input line 159.
LaTeX Encoding Info:    Redeclaring text symbol \textservicemark (encoding TS1)
 on input line 160.
LaTeX Encoding Info:    Redeclaring text symbol \textlquill (encoding TS1) on i
nput line 161.
LaTeX Encoding Info:    Redeclaring text symbol \textrquill (encoding TS1) on i
nput line 162.
LaTeX Encoding Info:    Redeclaring text symbol \textcent (encoding TS1) on inp
ut line 163.
LaTeX Encoding Info:    Redeclaring text symbol \textsterling (encoding TS1) on
 input line 164.
LaTeX Encoding Info:    Redeclaring text symbol \textcurrency (encoding TS1) on
 input line 165.
LaTeX Encoding Info:    Redeclaring text symbol \textyen (encoding TS1) on inpu
t line 166.
LaTeX Encoding Info:    Redeclaring text symbol \textbrokenbar (encoding TS1) o
n input line 167.
LaTeX Encoding Info:    Redeclaring text symbol \textsection (encoding TS1) on 
input line 168.
LaTeX Encoding Info:    Redeclaring text symbol \textasciidieresis (encoding TS
1) on input line 169.
LaTeX Encoding Info:    Redeclaring text symbol \textcopyright (encoding TS1) o
n input line 170.
LaTeX Encoding Info:    Redeclaring text symbol \textordfeminine (encoding TS1)
 on input line 171.
LaTeX Encoding Info:    Redeclaring text symbol \textcopyleft (encoding TS1) on
 input line 172.
LaTeX Encoding Info:    Redeclaring text symbol \textlnot (encoding TS1) on inp
ut line 173.
LaTeX Encoding Info:    Redeclaring text symbol \textcircledP (encoding TS1) on
 input line 174.
LaTeX Encoding Info:    Redeclaring text symbol \textregistered (encoding TS1) 
on input line 175.
LaTeX Encoding Info:    Redeclaring text symbol \textasciimacron (encoding TS1)
 on input line 176.
LaTeX Encoding Info:    Redeclaring text symbol \textdegree (encoding TS1) on i
nput line 177.
LaTeX Encoding Info:    Redeclaring text symbol \textpm (encoding TS1) on input
 line 178.
LaTeX Encoding Info:    Redeclaring text symbol \texttwosuperior (encoding TS1)
 on input line 179.
LaTeX Encoding Info:    Redeclaring text symbol \textthreesuperior (encoding TS
1) on input line 180.
LaTeX Encoding Info:    Redeclaring text symbol \textasciiacute (encoding TS1) 
on input line 181.
LaTeX Encoding Info:    Redeclaring text symbol \textmu (encoding TS1) on input
 line 182.
LaTeX Encoding Info:    Redeclaring text symbol \textparagraph (encoding TS1) o
n input line 183.
LaTeX Encoding Info:    Redeclaring text symbol \textperiodcentered (encoding T
S1) on input line 184.
LaTeX Encoding Info:    Redeclaring text symbol \textreferencemark (encoding TS
1) on input line 185.
LaTeX Encoding Info:    Redeclaring text symbol \textonesuperior (encoding TS1)
 on input line 186.
LaTeX Encoding Info:    Redeclaring text symbol \textordmasculine (encoding TS1
) on input line 187.
LaTeX Encoding Info:    Redeclaring text symbol \textsurd (encoding TS1) on inp
ut line 188.
LaTeX Encoding Info:    Redeclaring text symbol \textonequarter (encoding TS1) 
on input line 189.
LaTeX Encoding Info:    Redeclaring text symbol \textonehalf (encoding TS1) on 
input line 190.
LaTeX Encoding Info:    Redeclaring text symbol \textthreequarters (encoding TS
1) on input line 191.
LaTeX Encoding Info:    Redeclaring text symbol \texteuro (encoding TS1) on inp
ut line 192.
LaTeX Encoding Info:    Redeclaring text symbol \texttimes (encoding TS1) on in
put line 193.
LaTeX Encoding Info:    Redeclaring text symbol \textdiv (encoding TS1) on inpu
t line 194.
))
\l__ctex_tmp_int=\count274
\l__ctex_tmp_box=\box53
\l__ctex_tmp_dim=\dimen147
\g__ctex_section_depth_int=\count275
\g__ctex_font_size_int=\count276
\g__cctab_next_cctab=\catcodetable15

(d:/texlive/2026/texmf-dist/tex/latex/ctex/config/ctexopts.cfg
File: ctexopts.cfg 2022/07/14 v2.5.10 Option configuration file (CTEX)
)
(d:/texlive/2026/texmf-dist/tex/latex/base/book.cls
Document Class: book 2025/01/22 v1.4n Standard LaTeX document class
(d:/texlive/2026/texmf-dist/tex/latex/base/bk11.clo
File: bk11.clo 2025/01/22 v1.4n Standard LaTeX file (size option)
luaotfload | db : Font names database loaded from C:/Users/ASUS/.texlive2026/tex
mf-var/luatex-cache/generic/names/luaotfload-names.luc.gz)
\c@part=\count277
\c@chapter=\count278
\c@section=\count279
\c@subsection=\count280
\c@subsubsection=\count281
\c@paragraph=\count282
\c@subparagraph=\count283
\c@figure=\count284
\c@table=\count285
\abovecaptionskip=\skip49
\belowcaptionskip=\skip50
\bibindent=\dimen148
)
(d:/texlive/2026/texmf-dist/tex/latex/ctex/engine/ctex-engine-luatex.def
File: ctex-engine-luatex.def 2022/07/14 v2.5.10 LuaLaTeX adapter (CTEX)

(d:/texlive/2026/texmf-dist/tex/luatex/luatexja/luatexja.sty
Package: luatexja 2026-01-30 Japanese Typesetting with Lua(La)TeX

(d:/texlive/2026/texmf-dist/tex/luatex/luatexja/luatexja-core.sty
Package: luatexja-core 2023-10-07 Core of LuaTeX-ja

(d:/texlive/2026/texmf-dist/tex/generic/infwarerr/infwarerr.sty
Package: infwarerr 2019/12/03 v1.5 Providing info/warning/error messages (HO)
)
(d:/texlive/2026/texmf-dist/tex/luatex/luatexbase/luatexbase.sty
Package: luatexbase 2015/10/04 v1.3 luatexbase interface to LuaTeX 

(d:/texlive/2026/texmf-dist/tex/luatex/ctablestack/ctablestack.sty
Package: ctablestack 2015/10/01 v1.0 Catcode table stable support
\@catcodetablestackcnt=\count286
)
\CatcodeTableOther=\catcodetable16
\CatcodeTableExpl=\catcodetable17
)
(d:/texlive/2026/texmf-dist/tex/generic/ltxcmds/ltxcmds.sty
Package: ltxcmds 2023-12-04 v1.26 LaTeX kernel commands for general use (HO)
)
(d:/texlive/2026/texmf-dist/tex/generic/pdftexcmds/pdftexcmds.sty
Package: pdftexcmds 2020-06-27 v0.33 Utility functions of pdfTeX for LuaTeX (HO
)

(d:/texlive/2026/texmf-dist/tex/generic/iftex/iftex.sty
Package: iftex 2024/12/12 v1.0g TeX engine tests
)
Package pdftexcmds Info: \pdf@primitive is available.
Package pdftexcmds Info: \pdf@ifprimitive is available.
Package pdftexcmds Info: \pdfdraftmode found.
\pdftexcmds@toks=\toks17
)
(d:/texlive/2026/texmf-dist/tex/latex/xkeyval/xkeyval.sty
Package: xkeyval 2025/11/04 v2.10 package option processing (HA)

(d:/texlive/2026/texmf-dist/tex/generic/xkeyval/xkeyval.tex
(d:/texlive/2026/texmf-dist/tex/generic/xkeyval/xkvutils.tex
\XKV@toks=\toks18
\XKV@tempa@toks=\toks19
\XKV@tempb@toks=\toks20

(d:/texlive/2026/texmf-dist/tex/generic/xkeyval/keyval.tex))
\XKV@depth=\count287
File: xkeyval.tex 2014/12/03 v2.7a key=value parser (HA)
))
(d:/texlive/2026/texmf-dist/tex/latex/etoolbox/etoolbox.sty
Package: etoolbox 2025/10/02 v2.5m e-TeX tools for LaTeX (JAW)
\etb@tempcnta=\count288
)
(d:/texlive/2026/texmf-dist/tex/latex/everyhook/everyhook.sty
(d:/texlive/2026/texmf-dist/tex/latex/svn-prov/svn-prov.sty
Package: svn-prov 2010/04/24 v3.1862 Package Date/Version from SVN Keywords
)
Package: everyhook 2014/11/26 v1.2 (SVN Rev: 12)\ Hooks for low level TeX every
X primitives.
\everypar=\toks21
\frozen@everymath=\toks22
\frozen@everydisplay=\toks23
\everyhbox=\toks24
\everyvbox=\toks25
\everycr=\toks26
)
\ltjlineendcomment=\count289
\ltj@dimen@zw=\dimen149
\ltj@dimen@zh=\dimen150
\ltj@dimen@jQ=\dimen151
\ltj@icflag=\attribute4
\ltj@curjfnt=\attribute5
\ltj@curtfnt=\attribute6
\ltj@charclass=\attribute7
\ltj@charcode=\attribute8
\ltj@autospc=\attribute9
\ltj@autoxspc=\attribute10
\ltj@yablshift=\attribute11
\ltj@ykblshift=\attribute12
\ltj@tablshift=\attribute13
\ltj@tkblshift=\attribute14
\jfam=\attribute15
\ltj@vert@ori=\attribute16
\ltj@dir=\attribute17
\ltj@@japanese=\language2
\ltj@tempcnta=\count290
\ltj@tempdima=\dimen152
\ltj@@stack=\count291
\ltj@@group@level=\count292
\ltj@kcat0=\attribute18
\ltj@kcat1=\attribute19
\ltj@kcat2=\attribute20
\ltj@kcat3=\attribute21
\ltj@kcat4=\attribute22
\ltj@kcat5=\attribute23
\ltj@kcat6=\attribute24
Custom whatsit inhibitglue = 1
Custom whatsit stack_marker = 2
Custom whatsit begin_par = 3
Custom whatsit direction = 4
Custom whatsit box_boundary = 5
Custom whatsit ja_al_boundary = 6
Module luatexbase Info: Uninstalling kernel luatexbase code on input line 184
(load cache: ltj-cid-auto-adobe-japan1.luc)
Lua module: luatexja.charrange 2022-08-19 Handling the range of Japanese charact
ers
Lua module: luatexja.stack 2022-08-20 LuaTeX-ja stack system
Inserting `ltj.create_dir_whatsit' in `hpack_filter'.
Inserting `ltj.create_dir_whatsit' in `post_linebreak_filter'.
Inserting `ltj.direction' in `vpack_filter'.
Inserting `ltj.direction' in `pre_output_filter'.
Inserting `ltj.lineskip' in `post_linebreak_filter'.
Inserting `ltj.lineskip' in `append_to_vlist_filter'.
Lua module: luatexja.jfont 2025-05-04 Loader for Japanese fonts
Removing  `luaotfload.define_font' from `define_font'.
Inserting `luatexja.font_callback' in `define_font'.
Removing  `luaotfload.aux.set_sscale_dimens' from `luaotfload.patch_font'.
Removing  `luaotfload.aux.set_font_index' from `luaotfload.patch_font'.
Removing  `luaotfload.aux.patch_cambria_domh' from `luaotfload.patch_font'.
Removing  `luaotfload.aux.set_capheight' from `luaotfload.patch_font'.
Removing  `luaotfload.aux.set_xheight' from `luaotfload.patch_font'.
Removing  `luaotfload.rewrite_fontname' from `luaotfload.patch_font'.
Inserting `ltj.prepare_extra_data' in `luaotfload.patch_font'.
Inserting `luaotfload.aux.set_sscale_dimens' in `luaotfload.patch_font'.
Inserting `luaotfload.aux.set_font_index' in `luaotfload.patch_font'.
Inserting `luaotfload.aux.patch_cambria_domh' in `luaotfload.patch_font'.
Inserting `luaotfload.aux.set_capheight' in `luaotfload.patch_font'.
Inserting `luaotfload.aux.set_xheight' in `luaotfload.patch_font'.
Inserting `luaotfload.rewrite_fontname' in `luaotfload.patch_font'.
Inserting `ltj.prepare_extra_data' in `luatexja.define_font'.(load cache: extra_
lmroman10-regular.luc)
Inserting `ltj.get_vert_form' in `luatexja.define_jfont'.
Removing  `ltj.prepare_extra_data' from `luaotfload.patch_font'.
Removing  `luaotfload.aux.set_sscale_dimens' from `luaotfload.patch_font'.
Removing  `luaotfload.aux.set_font_index' from `luaotfload.patch_font'.
Removing  `luaotfload.aux.patch_cambria_domh' from `luaotfload.patch_font'.
Removing  `luaotfload.aux.set_capheight' from `luaotfload.patch_font'.
Removing  `luaotfload.aux.set_xheight' from `luaotfload.patch_font'.
Removing  `luaotfload.rewrite_fontname' from `luaotfload.patch_font'.
Inserting `ltj.supply_tounicode' in `luaotfload.patch_font'.
Inserting `ltj.prepare_extra_data' in `luaotfload.patch_font'.
Inserting `luaotfload.aux.set_sscale_dimens' in `luaotfload.patch_font'.
Inserting `luaotfload.aux.set_font_index' in `luaotfload.patch_font'.
Inserting `luaotfload.aux.patch_cambria_domh' in `luaotfload.patch_font'.
Inserting `luaotfload.aux.set_capheight' in `luaotfload.patch_font'.
Inserting `luaotfload.aux.set_xheight' in `luaotfload.patch_font'.
Inserting `luaotfload.rewrite_fontname' in `luaotfload.patch_font'.
Inserting `ltj.process_input_buffer' in `process_input_buffer'.
Inserting `ltj.hyphenate' in `hyphenate'.
Removing  `luaotfload.node_processor' from `hpack_filter'.
Removing  `luaotfload.harf.finalize_hlist' from `hpack_filter'.
Removing  `ltj.create_dir_whatsit' from `hpack_filter'.
Inserting `ltj.set_stack_level' in `hpack_filter'.
Inserting `luaotfload.node_processor' in `hpack_filter'.
Inserting `luaotfload.harf.finalize_hlist' in `hpack_filter'.
Inserting `ltj.create_dir_whatsit' in `hpack_filter'.
Removing  `luaotfload.node_processor' from `pre_linebreak_filter'.
Inserting `ltj.set_stack_level' in `pre_linebreak_filter'.
Inserting `luaotfload.node_processor' in `pre_linebreak_filter'.
Lua module: luatexja.jfmglue 2026-01-07 Insertion process of JFM glues, [x]kanji
skip and others
Inserting `luatexja.beginpar.np_info' in `luatexja.jfmglue.whatsit_getinfo'.
Inserting `luatexja.beginpar.np_info_after' in `luatexja.jfmglue.whatsit_after'.
Inserting `ltj.mlist_to_hlist_pre' in `pre_mlist_to_hlist_filter'.
Inserting `ltj.main' in `pre_linebreak_filter'.
Removing  `luaotfload.harf.finalize_hlist' from `hpack_filter'.
Removing  `ltj.create_dir_whatsit' from `hpack_filter'.
Inserting `ltj.main' in `hpack_filter'.
Inserting `luaotfload.harf.finalize_hlist' in `hpack_filter'.
Inserting `ltj.create_dir_whatsit' in `hpack_filter'.
Removing  `ltj.set_stack_level' from `pre_linebreak_filter'.
Removing  `luaotfload.node_processor' from `pre_linebreak_filter'.
Removing  `ltj.main' from `pre_linebreak_filter'.
Inserting `ltj.adjust_icflag' in `pre_linebreak_filter'.
Inserting `ltj.set_stack_level' in `pre_linebreak_filter'.
Inserting `luaotfload.node_processor' in `pre_linebreak_filter'.
Inserting `ltj.main' in `pre_linebreak_filter'.
Removing  `ltj.set_stack_level' from `hpack_filter'.
Removing  `luaotfload.node_processor' from `hpack_filter'.
Removing  `ltj.main' from `hpack_filter'.
Removing  `luaotfload.harf.finalize_hlist' from `hpack_filter'.
Removing  `ltj.create_dir_whatsit' from `hpack_filter'.
Inserting `ltj.adjust_icflag' in `hpack_filter'.
Inserting `ltj.set_stack_level' in `hpack_filter'.
Inserting `luaotfload.node_processor' in `hpack_filter'.
Inserting `ltj.main' in `hpack_filter'.
Inserting `luaotfload.harf.finalize_hlist' in `hpack_filter'.
Inserting `ltj.create_dir_whatsit' in `hpack_filter'.
(d:/texlive/2026/texmf-dist/tex/luatex/luatexja/ltj-base.sty
Package: ltj-base 2021-03-16
\ltj@tempcntb=\count293
\ltj@tempcntc=\count294
\ltj@afbox=\box54
)
\ltj@@italic@inner=\luafunction31
\ltj@@start@time@measure@inner=\luafunction32
\ltj@@stop@time@measure@inner=\luafunction33
\ltj@@jfont@inner=\luafunction34
\ltj@zw@inner=\luafunction35
\ltj@zh@inner=\luafunction36
\ltj@reset@globaldefs@inner=\luafunction37
\ltj@restore@globaldefs@inner=\luafunction38
\ltj@@disihb@inner=\luafunction39
\ltj@@ihb@inner=\luafunction40
\ltj@@fakeparbegin@inner=\luafunction41
\ltj@@fakeboxbdd@inner=\luafunction42
\ltj@@ins@xk@inner=\luafunction43
\ltj@@ins@k@inner=\luafunction44
\ltjsetkanjiskip@inner=\luafunction45
\ltjsetxkanjiskip@inner=\luafunction46
\ltj@@getparam@one@inner=\luafunction47
\ltj@alljachar@inner=\luafunction48
\ltj@@lua@populate@insertwhatsit@inner=\luafunction49
\ltj@@vadjust@begin@inner=\luafunction50
\ltj@@vadjust@dirhook@inner=\luafunction51
\ltj@@vadjust@check@dir@inner=\luafunction52
\ltj@@box@dirhook@inner=\luafunction53
\ltj@@reset@badness@inner=\luafunction54
\ltj@@lua@raisebox@inner=\luafunction55
\ltj@@vsplit@inner=\luafunction56
\ltj@@lua@unboxcheckdir@inner=\luafunction57
\ltj@@lua@uncopycheckdir@inner=\luafunction58
\ltj@@lua@uncopy@restore@whatsit@inner=\luafunction59
(load cache: ltj-kinsoku_default.luc)

Package ctexhook Info: Package `ltj-latex' can not be loaded with `ctexbook'.

LaTeX Info: Package 'ltj-latex.sty' has been disabled.
            Load request ignored on input line 780.
\ltj@temp@cctb=\catcodetable18
)
(d:/texlive/2026/texmf-dist/tex/luatex/luatexja/luatexja-compat.sty
Package: luatexja-compat 2025-09-21 Compatibility with pTeX
(load cache: ltj-jisx0208.luc)
\hour=\count295
\minute=\count296
))
(d:/texlive/2026/texmf-dist/tex/latex/fontspec/fontspec.sty
(d:/texlive/2026/texmf-dist/tex/latex/l3packages/xparse/xparse.sty
Package: xparse 2025-10-09 L3 Experimental document command parser
)
Package: fontspec 2025/09/29 v2.9g Font selection for XeLaTeX and LuaLaTeX
Lua module: fontspec 2025/09/29 v2.9g Font selection for XeLaTeX and LuaLaTeX
(d:/texlive/2026/texmf-dist/tex/latex/fontspec/fontspec-luatex.sty
Package: fontspec-luatex 2025/09/29 v2.9g Font selection for XeLaTeX and LuaLaT
eX
\l__fontspec_script_int=\count297
\l__fontspec_language_int=\count298
\l__fontspec_strnum_int=\count299
\l__fontspec_tmp_int=\count300
\l__fontspec_tmpa_int=\count301
\l__fontspec_tmpb_int=\count302
\l__fontspec_tmpc_int=\count303
\l__fontspec_em_int=\count304
\l__fontspec_emdef_int=\count305
\l__fontspec_strong_int=\count306
\l__fontspec_strongdef_int=\count307
\l__fontspec_tmpa_dim=\dimen153
\l__fontspec_tmpb_dim=\dimen154
\l__fontspec_tmpc_dim=\dimen155

(d:/texlive/2026/texmf-dist/tex/latex/base/fontenc.sty
Package: fontenc 2025/07/18 v2.1d Standard LaTeX package
)
(d:/texlive/2026/texmf-dist/tex/latex/fontspec/fontspec.cfg)(load cache: extra_l
mroman10-bold.luc)))
\g__cctab_next_cctab=\catcodetable19

(d:/texlive/2026/texmf-dist/tex/latex/base/tuenc.def
File: tuenc.def 2025/07/18 v2.1d Standard LaTeX file
\@remove@tlig@@@=\luafunction60
LaTeX Font Info:    Redeclaring font encoding TU on input line 105.
LaTeX Encoding Info:    Redeclaring text command \textquotesingle (encoding TU)
 on input line 148.
LaTeX Encoding Info:    Redeclaring text command \textasciigrave (encoding TU) 
on input line 149.
LaTeX Encoding Info:    Redeclaring text command \textquotedbl (encoding TU) on
 input line 150.
LaTeX Encoding Info:    Redeclaring text symbol \textdollar (encoding TU) on in
put line 151.
LaTeX Encoding Info:    Redeclaring text symbol \textless (encoding TU) on inpu
t line 152.
LaTeX Encoding Info:    Redeclaring text symbol \textgreater (encoding TU) on i
nput line 153.
LaTeX Encoding Info:    Redeclaring text symbol \textbackslash (encoding TU) on
 input line 154.
LaTeX Encoding Info:    Redeclaring text symbol \textasciicircum (encoding TU) 
on input line 155.
LaTeX Encoding Info:    Redeclaring text symbol \textunderscore (encoding TU) o
n input line 156.
LaTeX Encoding Info:    Redeclaring text symbol \textbraceleft (encoding TU) on
 input line 157.
LaTeX Encoding Info:    Redeclaring text symbol \textbar (encoding TU) on input
 line 158.
LaTeX Encoding Info:    Redeclaring text symbol \textbraceright (encoding TU) o
n input line 159.
LaTeX Encoding Info:    Redeclaring text symbol \textasciitilde (encoding TU) o
n input line 160.
LaTeX Encoding Info:    Redeclaring text symbol \textexclamdown (encoding TU) o
n input line 161.
LaTeX Encoding Info:    Redeclaring text symbol \textcent (encoding TU) on inpu
t line 162.
LaTeX Encoding Info:    Redeclaring text symbol \textsterling (encoding TU) on 
input line 163.
LaTeX Encoding Info:    Redeclaring text symbol \textcurrency (encoding TU) on 
input line 164.
LaTeX Encoding Info:    Redeclaring text symbol \textyen (encoding TU) on input
 line 165.
LaTeX Encoding Info:    Redeclaring text symbol \textbrokenbar (encoding TU) on
 input line 166.
LaTeX Encoding Info:    Redeclaring text symbol \textsection (encoding TU) on i
nput line 167.
LaTeX Encoding Info:    Redeclaring text symbol \textasciidieresis (encoding TU
) on input line 168.
LaTeX Encoding Info:    Redeclaring text symbol \textcopyright (encoding TU) on
 input line 169.
LaTeX Encoding Info:    Redeclaring text symbol \textordfeminine (encoding TU) 
on input line 170.
LaTeX Encoding Info:    Redeclaring text symbol \guillemetleft (encoding TU) on
 input line 171.
LaTeX Encoding Info:    Redeclaring text symbol \guillemotleft (encoding TU) on
 input line 172.
LaTeX Encoding Info:    Redeclaring text symbol \textlnot (encoding TU) on inpu
t line 173.
LaTeX Encoding Info:    Redeclaring text symbol \textregistered (encoding TU) o
n input line 174.
LaTeX Encoding Info:    Redeclaring text symbol \textasciimacron (encoding TU) 
on input line 175.
LaTeX Encoding Info:    Redeclaring text symbol \textdegree (encoding TU) on in
put line 176.
LaTeX Encoding Info:    Redeclaring text symbol \textpm (encoding TU) on input 
line 177.
LaTeX Encoding Info:    Redeclaring text symbol \texttwosuperior (encoding TU) 
on input line 178.
LaTeX Encoding Info:    Redeclaring text symbol \textthreesuperior (encoding TU
) on input line 179.
LaTeX Encoding Info:    Redeclaring text symbol \textasciiacute (encoding TU) o
n input line 180.
LaTeX Encoding Info:    Redeclaring text symbol \textmu (encoding TU) on input 
line 181.
LaTeX Encoding Info:    Redeclaring text symbol \textparagraph (encoding TU) on
 input line 182.
LaTeX Encoding Info:    Redeclaring text symbol \textperiodcentered (encoding T
U) on input line 183.
LaTeX Encoding Info:    Redeclaring text symbol \textonesuperior (encoding TU) 
on input line 184.
LaTeX Encoding Info:    Redeclaring text symbol \textordmasculine (encoding TU)
 on input line 185.
LaTeX Encoding Info:    Redeclaring text symbol \guillemetright (encoding TU) o
n input line 186.
LaTeX Encoding Info:    Redeclaring text symbol \guillemotright (encoding TU) o
n input line 187.
LaTeX Encoding Info:    Redeclaring text symbol \textonequarter (encoding TU) o
n input line 188.
LaTeX Encoding Info:    Redeclaring text symbol \textonehalf (encoding TU) on i
nput line 189.
LaTeX Encoding Info:    Redeclaring text symbol \textthreequarters (encoding TU
) on input line 190.
LaTeX Encoding Info:    Redeclaring text symbol \textquestiondown (encoding TU)
 on input line 191.
LaTeX Encoding Info:    Redeclaring text symbol \AE (encoding TU) on input line
 192.
LaTeX Encoding Info:    Redeclaring text symbol \DH (encoding TU) on input line
 193.
LaTeX Encoding Info:    Redeclaring text symbol \texttimes (encoding TU) on inp
ut line 194.
LaTeX Encoding Info:    Redeclaring text symbol \O (encoding TU) on input line 
195.
LaTeX Encoding Info:    Redeclaring text symbol \TH (encoding TU) on input line
 196.
LaTeX Encoding Info:    Redeclaring text symbol \ss (encoding TU) on input line
 197.
LaTeX Encoding Info:    Redeclaring text symbol \ae (encoding TU) on input line
 198.
LaTeX Encoding Info:    Redeclaring text symbol \dh (encoding TU) on input line
 199.
LaTeX Encoding Info:    Redeclaring text symbol \textdiv (encoding TU) on input
 line 200.
LaTeX Encoding Info:    Redeclaring text symbol \o (encoding TU) on input line 
201.
LaTeX Encoding Info:    Redeclaring text symbol \th (encoding TU) on input line
 202.
LaTeX Encoding Info:    Redeclaring text symbol \DJ (encoding TU) on input line
 203.
LaTeX Encoding Info:    Redeclaring text symbol \dj (encoding TU) on input line
 204.
LaTeX Encoding Info:    Redeclaring text symbol \i (encoding TU) on input line 
205.
LaTeX Encoding Info:    Redeclaring text symbol \IJ (encoding TU) on input line
 206.
LaTeX Encoding Info:    Redeclaring text symbol \ij (encoding TU) on input line
 207.
LaTeX Encoding Info:    Redeclaring text symbol \L (encoding TU) on input line 
208.
LaTeX Encoding Info:    Redeclaring text symbol \l (encoding TU) on input line 
209.
LaTeX Encoding Info:    Redeclaring text symbol \NG (encoding TU) on input line
 210.
LaTeX Encoding Info:    Redeclaring text symbol \ng (encoding TU) on input line
 211.
LaTeX Encoding Info:    Redeclaring text symbol \OE (encoding TU) on input line
 212.
LaTeX Encoding Info:    Redeclaring text symbol \oe (encoding TU) on input line
 213.
LaTeX Encoding Info:    Redeclaring text symbol \textflorin (encoding TU) on in
put line 214.
LaTeX Encoding Info:    Redeclaring text symbol \j (encoding TU) on input line 
215.
LaTeX Encoding Info:    Redeclaring text symbol \textasciicaron (encoding TU) o
n input line 216.
LaTeX Encoding Info:    Redeclaring text symbol \textasciibreve (encoding TU) o
n input line 217.
LaTeX Encoding Info:    Redeclaring text symbol \textacutedbl (encoding TU) on 
input line 218.
LaTeX Encoding Info:    Redeclaring text symbol \textgravedbl (encoding TU) on 
input line 219.
LaTeX Encoding Info:    Redeclaring text symbol \texttildelow (encoding TU) on 
input line 220.
LaTeX Encoding Info:    Redeclaring text symbol \textbaht (encoding TU) on inpu
t line 221.
LaTeX Encoding Info:    Redeclaring text symbol \SS (encoding TU) on input line
 222.
LaTeX Encoding Info:    Redeclaring text symbol \textcompwordmark (encoding TU)
 on input line 223.
LaTeX Encoding Info:    Redeclaring text symbol \textendash (encoding TU) on in
put line 224.
LaTeX Encoding Info:    Redeclaring text symbol \textemdash (encoding TU) on in
put line 225.
LaTeX Encoding Info:    Redeclaring text command \textnonbreakinghyphen (encodi
ng TU) on input line 226.
LaTeX Encoding Info:    Redeclaring text command \textfiguredash (encoding TU) 
on input line 228.
LaTeX Encoding Info:    Redeclaring text command \texthorizontalbar (encoding T
U) on input line 230.
LaTeX Encoding Info:    Redeclaring text symbol \textbardbl (encoding TU) on in
put line 232.
LaTeX Encoding Info:    Redeclaring text symbol \textquoteleft (encoding TU) on
 input line 233.
LaTeX Encoding Info:    Redeclaring text symbol \textquoteright (encoding TU) o
n input line 234.
LaTeX Encoding Info:    Redeclaring text symbol \quotesinglbase (encoding TU) o
n input line 235.
LaTeX Encoding Info:    Redeclaring text symbol \textquotedblleft (encoding TU)
 on input line 236.
LaTeX Encoding Info:    Redeclaring text symbol \textquotedblright (encoding TU
) on input line 237.
LaTeX Encoding Info:    Redeclaring text symbol \quotedblbase (encoding TU) on 
input line 238.
LaTeX Encoding Info:    Redeclaring text symbol \textdagger (encoding TU) on in
put line 239.
LaTeX Encoding Info:    Redeclaring text symbol \textdaggerdbl (encoding TU) on
 input line 240.
LaTeX Encoding Info:    Redeclaring text symbol \textbullet (encoding TU) on in
put line 241.
LaTeX Encoding Info:    Redeclaring text symbol \textellipsis (encoding TU) on 
input line 242.
LaTeX Encoding Info:    Redeclaring text symbol \textperthousand (encoding TU) 
on input line 243.
LaTeX Encoding Info:    Redeclaring text symbol \textpertenthousand (encoding T
U) on input line 244.
LaTeX Encoding Info:    Redeclaring text symbol \guilsinglleft (encoding TU) on
 input line 245.
LaTeX Encoding Info:    Redeclaring text symbol \guilsinglright (encoding TU) o
n input line 246.
LaTeX Encoding Info:    Redeclaring text symbol \textreferencemark (encoding TU
) on input line 247.
LaTeX Encoding Info:    Redeclaring text symbol \textinterrobang (encoding TU) 
on input line 248.
LaTeX Encoding Info:    Redeclaring text symbol \textfractionsolidus (encoding 
TU) on input line 249.
LaTeX Encoding Info:    Redeclaring text symbol \textlquill (encoding TU) on in
put line 250.
LaTeX Encoding Info:    Redeclaring text symbol \textrquill (encoding TU) on in
put line 251.
LaTeX Encoding Info:    Redeclaring text symbol \textdiscount (encoding TU) on 
input line 252.
LaTeX Encoding Info:    Redeclaring text symbol \textcolonmonetary (encoding TU
) on input line 253.
LaTeX Encoding Info:    Redeclaring text symbol \textlira (encoding TU) on inpu
t line 254.
LaTeX Encoding Info:    Redeclaring text symbol \textnaira (encoding TU) on inp
ut line 255.
LaTeX Encoding Info:    Redeclaring text symbol \textwon (encoding TU) on input
 line 256.
LaTeX Encoding Info:    Redeclaring text symbol \textdong (encoding TU) on inpu
t line 257.
LaTeX Encoding Info:    Redeclaring text symbol \texteuro (encoding TU) on inpu
t line 258.
LaTeX Encoding Info:    Redeclaring text symbol \textpeso (encoding TU) on inpu
t line 259.
LaTeX Encoding Info:    Redeclaring text symbol \textcelsius (encoding TU) on i
nput line 260.
LaTeX Encoding Info:    Redeclaring text symbol \textnumero (encoding TU) on in
put line 261.
LaTeX Encoding Info:    Redeclaring text symbol \textcircledP (encoding TU) on 
input line 262.
LaTeX Encoding Info:    Redeclaring text symbol \textrecipe (encoding TU) on in
put line 263.
LaTeX Encoding Info:    Redeclaring text symbol \textservicemark (encoding TU) 
on input line 264.
LaTeX Encoding Info:    Redeclaring text symbol \texttrademark (encoding TU) on
 input line 265.
LaTeX Encoding Info:    Redeclaring text symbol \textohm (encoding TU) on input
 line 266.
LaTeX Encoding Info:    Redeclaring text symbol \textmho (encoding TU) on input
 line 267.
LaTeX Encoding Info:    Redeclaring text symbol \textestimated (encoding TU) on
 input line 268.
LaTeX Encoding Info:    Redeclaring text symbol \textleftarrow (encoding TU) on
 input line 269.
LaTeX Encoding Info:    Redeclaring text symbol \textuparrow (encoding TU) on i
nput line 270.
LaTeX Encoding Info:    Redeclaring text symbol \textrightarrow (encoding TU) o
n input line 271.
LaTeX Encoding Info:    Redeclaring text symbol \textdownarrow (encoding TU) on
 input line 272.
LaTeX Encoding Info:    Redeclaring text symbol \textminus (encoding TU) on inp
ut line 273.
LaTeX Encoding Info:    Redeclaring text symbol \Hwithstroke (encoding TU) on i
nput line 275.
LaTeX Encoding Info:    Redeclaring text symbol \hwithstroke (encoding TU) on i
nput line 276.
LaTeX Encoding Info:    Redeclaring text command \textasteriskcentered (encodin
g TU) on input line 277.
LaTeX Encoding Info:    Redeclaring text symbol \textsurd (encoding TU) on inpu
t line 288.
LaTeX Encoding Info:    Redeclaring text symbol \textlangle (encoding TU) on in
put line 289.
LaTeX Encoding Info:    Redeclaring text symbol \textrangle (encoding TU) on in
put line 290.
LaTeX Encoding Info:    Redeclaring text symbol \textblank (encoding TU) on inp
ut line 291.
LaTeX Encoding Info:    Redeclaring text symbol \textvisiblespace (encoding TU)
 on input line 292.
LaTeX Encoding Info:    Redeclaring text symbol \textopenbullet (encoding TU) o
n input line 293.
LaTeX Encoding Info:    Redeclaring text symbol \textbigcircle (encoding TU) on
 input line 294.
LaTeX Encoding Info:    Redeclaring text symbol \textmusicalnote (encoding TU) 
on input line 295.
LaTeX Encoding Info:    Redeclaring text symbol \textmarried (encoding TU) on i
nput line 296.
LaTeX Encoding Info:    Redeclaring text symbol \textdivorced (encoding TU) on 
input line 297.
LaTeX Encoding Info:    Redeclaring text symbol \textinterrobangdown (encoding 
TU) on input line 298.
LaTeX Encoding Info:    Redeclaring text command \` (encoding TU) on input line
 299.
LaTeX Encoding Info:    Redeclaring text command \' (encoding TU) on input line
 300.
LaTeX Encoding Info:    Redeclaring text command \^ (encoding TU) on input line
 301.
LaTeX Encoding Info:    Redeclaring text command \~ (encoding TU) on input line
 302.
LaTeX Encoding Info:    Redeclaring text command \= (encoding TU) on input line
 303.
LaTeX Encoding Info:    Redeclaring text command \u (encoding TU) on input line
 304.
LaTeX Encoding Info:    Redeclaring text command \. (encoding TU) on input line
 305.
LaTeX Encoding Info:    Redeclaring text command \" (encoding TU) on input line
 306.
LaTeX Encoding Info:    Redeclaring text command \r (encoding TU) on input line
 307.
LaTeX Encoding Info:    Redeclaring text command \H (encoding TU) on input line
 308.
LaTeX Encoding Info:    Redeclaring text command \v (encoding TU) on input line
 309.
LaTeX Encoding Info:    Redeclaring text command \b (encoding TU) on input line
 310.
LaTeX Encoding Info:    Redeclaring text command \d (encoding TU) on input line
 311.
LaTeX Encoding Info:    Redeclaring text command \c (encoding TU) on input line
 312.
LaTeX Encoding Info:    Redeclaring text command \k (encoding TU) on input line
 313.
LaTeX Encoding Info:    Redeclaring text command \textcommabelow (encoding TU) 
on input line 314.
)
Lua function ctex_ltj_add_kyenc:n = 61
Lua function ctex_ltj_is_kenc:n = 62
Lua function ctex_ltj_patch_external_font:n = 63
Lua function ctex_ltj_set_alt_font:nnnn = 64
Lua function ctex_ltj_clear_alt_font:n = 65
Lua function ctex_ltj_pickup_alt_font:nn = 66
Lua function __ctex_ltj_pickup_alt_font:Nn = 67
Lua function __ctex_ltj_if_alt_set:nT = 68
Lua function ctex_ltj_zero_globaldefs: = 69
\symCJKmath=\mathgroup4
LaTeX Font Info:    Overwriting symbol font `CJKmath' in version `bold'
(Font)                  LTJY3/song/m/n --> LTJY3/song/b/n on input line 471.
\g__ctex_ltj_family_int=\count308
\ccwd=\dimen156
\l__ctex_ccglue_skip=\skip51
(load cache: ltj-cid-auto-adobe-gb1.luc)
(d:/texlive/2026/texmf-dist/tex/luatex/chinese-jfm/jfm-zh_CN.lua)
\l__ctex_xkanjiskip_skip=\skip52
\cht=\dimen157
\cdp=\dimen158
\cwd=\dimen159
Lua function ctex_update_kanjisize: = 70)
\l__ctex_ziju_dim=\dimen160

(d:/texlive/2026/texmf-dist/tex/latex/zhnumber/zhnumber.sty
Package: zhnumber 2022/07/14 v3.0 Typesetting numbers with Chinese glyphs
\l__zhnum_scale_int=\count309
\l__zhnum_tmp_int=\count310

(d:/texlive/2026/texmf-dist/tex/latex/zhnumber/zhnumber-utf8.cfg
File: zhnumber-utf8.cfg 2022/07/14 v3.0 Chinese numerals with UTF8 encoding
))
\l__ctex_heading_skip=\skip53

(d:/texlive/2026/texmf-dist/tex/latex/ctex/scheme/ctex-scheme-chinese-book.def
File: ctex-scheme-chinese-book.def 2022/07/14 v2.5.10 Chinese scheme for book (
CTEX)

(d:/texlive/2026/texmf-dist/tex/latex/ctex/config/ctex-name-utf8.cfg
File: ctex-name-utf8.cfg 2022/07/14 v2.5.10 Caption with encoding UTF-8 (CTEX)
))(load cache: extra_lmroman9-regular.luc)
(d:/texlive/2026/texmf-dist/tex/latex/ctex/fontset/ctex-fontset-windows.def
File: ctex-fontset-windows.def 2022/07/14 v2.5.10 Windows fonts definition (CTE
X)
luaotfload | cache : Lookup cache loaded from C:/Users/ASUS/.texlive2026/texmf-v
ar/luatex-cache/generic/names/luaotfload-lookup-cache.luc.(load cache: extra_sim
sun.luc)(load cache: extra_kaiti.luc)

Package fontspec Info: 
(fontspec)             Could not resolve font "KaiTi/B" (it probably doesn't
(fontspec)             exist).

(load cache: extra_simhei.luc)

Package fontspec Info: 
(fontspec)             Could not resolve font "SimHei/I" (it probably doesn't
(fontspec)             exist).


Package fontspec Info: 
(fontspec)             Could not resolve font "SimSun/BI" (it probably doesn't
(fontspec)             exist).


Package fontspec Info: 
(fontspec)             Font family 'SimSun(0)' created for font 'SimSun' with
(fontspec)             options
(fontspec)             [NFSSEncoding=LTJY3,JFM=zh_CN/quanjiao,BoldFont={SimHei}
,ItalicFont={KaiTi},LTJFONTUID=1].
(fontspec)              
(fontspec)              This font family consists of the following NFSS
(fontspec)             series/shapes:
(fontspec)              
(fontspec)             - 'normal' (m/n) with NFSS spec.:
(fontspec)             <->"name:SimSun:mode=node;script=latn;language=dflt;jfm=
zh_CN/quanjiao;"
(fontspec)             - 'bold' (b/n) with NFSS spec.:
(fontspec)             <->"name:SimHei:mode=node;script=latn;language=dflt;jfm=
zh_CN/quanjiao;"
(fontspec)             - 'italic' (m/it) with NFSS spec.:
(fontspec)             <->"name:KaiTi:mode=node;script=latn;language=dflt;jfm=z
h_CN/quanjiao;"

))
(d:/texlive/2026/texmf-dist/tex/latex/ctex/config/ctex.cfg
File: ctex.cfg 2022/07/14 v2.5.10 Configuration file (CTEX)
)
(../common/statlearnbook.sty (../../../manifests/release_version.tex)

LaTeX Warning: You have requested package `../common/statlearnbook',
               but the package provides `statlearnbook'.

Package: statlearnbook 2026/08/17 v2.7.0\ beginner-oriented full edition for th
e five-volume statistical learning textbook
(load cache: extra_stixtwotext-regular.luc)

Package fontspec Info: 
(fontspec)             STIX Two Text scale = 0.9112024393477395.


Package fontspec Info: 
(fontspec)             STIX Two Text scale = 1.

(load cache: extra_stixtwotext-bolditalic.luc)(load cache: extra_stixtwotext-bol
d.luc)(load cache: extra_stixtwotext-italic.luc)

Package fontspec Info: 
(fontspec)             STIX Two Text scale = 0.9112024393477395.


Package fontspec Info: 
(fontspec)             STIX Two Text scale = 1.


Package fontspec Info: 
(fontspec)             STIX Two Text scale = 0.9112024393477395.


Package fontspec Info: 
(fontspec)             STIX Two Text scale = 1.


Package fontspec Info: 
(fontspec)             STIX Two Text/B scale = 0.9112024393477395.


Package fontspec Info: 
(fontspec)             STIX Two Text/B scale = 1.


Package fontspec Info: 
(fontspec)             STIX Two Text/B scale = 0.9112024393477395.


Package fontspec Info: 
(fontspec)             STIX Two Text/B scale = 1.


Package fontspec Info: 
(fontspec)             STIX Two Text/I scale = 0.9229102823092004.


Package fontspec Info: 
(fontspec)             STIX Two Text/I scale = 1.


Package fontspec Info: 
(fontspec)             STIX Two Text/I scale = 0.9229102823092004.


Package fontspec Info: 
(fontspec)             STIX Two Text/I scale = 1.


Package fontspec Info: 
(fontspec)             STIX Two Text/BI scale = 0.9112024393477395.


Package fontspec Info: 
(fontspec)             STIX Two Text/BI scale = 1.


Package fontspec Info: 
(fontspec)             STIX Two Text/BI scale = 0.9112024393477395.


Package fontspec Info: 
(fontspec)             STIX Two Text/BI scale = 1.


Package fontspec Info: 
(fontspec)             Font family 'STIXTwoText(0)' created for font 'STIX Two
(fontspec)             Text' with options
(fontspec)             [Ligatures=TeX,Scale=MatchLowercase,Ligatures=TeX,Scale=
1].
(fontspec)              
(fontspec)              This font family consists of the following NFSS
(fontspec)             series/shapes:
(fontspec)              
(fontspec)             - 'normal' (m/n) with NFSS spec.: <->s*[1]"name:STIX
(fontspec)             Two Text:mode=node;script=latn;language=dflt;+tlig;"
(fontspec)             - 'small caps'  (m/sc) with NFSS spec.:
(fontspec)             <->s*[1]"name:STIX Two
(fontspec)             Text:mode=node;script=latn;language=dflt;+tlig;+smcp;"
(fontspec)             - 'bold' (b/n) with NFSS spec.: <->s*[1]"name:STIX Two
(fontspec)             Text/B:mode=node;script=latn;language=dflt;+tlig;"
(fontspec)             - 'bold small caps'  (b/sc) with NFSS spec.:
(fontspec)             <->s*[1]"name:STIX Two
(fontspec)             Text/B:mode=node;script=latn;language=dflt;+tlig;+smcp;"

(fontspec)             - 'italic' (m/it) with NFSS spec.: <->s*[1]"name:STIX
(fontspec)             Two Text/I:mode=node;script=latn;language=dflt;+tlig;"
(fontspec)             - 'italic small caps'  (m/scit) with NFSS spec.:
(fontspec)             <->s*[1]"name:STIX Two
(fontspec)             Text/I:mode=node;script=latn;language=dflt;+tlig;+smcp;"

(fontspec)             - 'bold italic' (b/it) with NFSS spec.:
(fontspec)             <->s*[1]"name:STIX Two
(fontspec)             Text/BI:mode=node;script=latn;language=dflt;+tlig;"
(fontspec)             - 'bold italic small caps'  (b/scit) with NFSS spec.:
(fontspec)             <->s*[1]"name:STIX Two
(fontspec)             Text/BI:mode=node;script=latn;language=dflt;+tlig;+smcp;
"

LaTeX Font Info:    Font shape `TU/STIXTwoText(0)/m/n' will be
(Font)              scaled to size 10.95pt on input line 24.
(load cache: extra_texgyreheros-regular.luc)

Package fontspec Info: 
(fontspec)             TeX Gyre Heros scale = 0.9026707762350646.


Package fontspec Info: 
(fontspec)             TeX Gyre Heros scale = 1.

(load cache: extra_texgyreheros-bolditalic.luc)(load cache: extra_texgyreheros-b
old.luc)(load cache: extra_texgyreheros-italic.luc)

Package fontspec Info: 
(fontspec)             TeX Gyre Heros scale = 0.9026707762350646.


Package fontspec Info: 
(fontspec)             TeX Gyre Heros scale = 1.


Package fontspec Info: 
(fontspec)             TeX Gyre Heros scale = 0.9026707762350646.


Package fontspec Info: 
(fontspec)             TeX Gyre Heros scale = 1.


Package fontspec Info: 
(fontspec)             TeX Gyre Heros/B scale = 0.875924802910855.


Package fontspec Info: 
(fontspec)             TeX Gyre Heros/B scale = 1.


Package fontspec Info: 
(fontspec)             TeX Gyre Heros/B scale = 0.875924802910855.


Package fontspec Info: 
(fontspec)             TeX Gyre Heros/B scale = 1.


Package fontspec Info: 
(fontspec)             TeX Gyre Heros/I scale = 0.9026707762350646.


Package fontspec Info: 
(fontspec)             TeX Gyre Heros/I scale = 1.


Package fontspec Info: 
(fontspec)             TeX Gyre Heros/I scale = 0.9026707762350646.


Package fontspec Info: 
(fontspec)             TeX Gyre Heros/I scale = 1.


Package fontspec Info: 
(fontspec)             TeX Gyre Heros/BI scale = 0.875924802910855.


Package fontspec Info: 
(fontspec)             TeX Gyre Heros/BI scale = 1.


Package fontspec Info: 
(fontspec)             TeX Gyre Heros/BI scale = 0.875924802910855.


Package fontspec Info: 
(fontspec)             TeX Gyre Heros/BI scale = 1.


Package fontspec Info: 
(fontspec)             Font family 'TeXGyreHeros(0)' created for font 'TeX
(fontspec)             Gyre Heros' with options
(fontspec)             [Ligatures=TeX,Scale=MatchLowercase,Ligatures=TeX,Scale=
1].
(fontspec)              
(fontspec)              This font family consists of the following NFSS
(fontspec)             series/shapes:
(fontspec)              
(fontspec)             - 'normal' (m/n) with NFSS spec.: <->s*[1]"name:TeX
(fontspec)             Gyre Heros:mode=node;script=latn;language=dflt;+tlig;"
(fontspec)             - 'small caps'  (m/sc) with NFSS spec.:
(fontspec)             <->s*[1]"name:TeX Gyre
(fontspec)             Heros:mode=node;script=latn;language=dflt;+tlig;+smcp;"
(fontspec)             - 'bold' (b/n) with NFSS spec.: <->s*[1]"name:TeX Gyre
(fontspec)             Heros/B:mode=node;script=latn;language=dflt;+tlig;"
(fontspec)             - 'bold small caps'  (b/sc) with NFSS spec.:
(fontspec)             <->s*[1]"name:TeX Gyre
(fontspec)             Heros/B:mode=node;script=latn;language=dflt;+tlig;+smcp;
"
(fontspec)             - 'italic' (m/it) with NFSS spec.: <->s*[1]"name:TeX
(fontspec)             Gyre
(fontspec)             Heros/I:mode=node;script=latn;language=dflt;+tlig;"
(fontspec)             - 'italic small caps'  (m/scit) with NFSS spec.:
(fontspec)             <->s*[1]"name:TeX Gyre
(fontspec)             Heros/I:mode=node;script=latn;language=dflt;+tlig;+smcp;
"
(fontspec)             - 'bold italic' (b/it) with NFSS spec.:
(fontspec)             <->s*[1]"name:TeX Gyre
(fontspec)             Heros/BI:mode=node;script=latn;language=dflt;+tlig;"
(fontspec)             - 'bold italic small caps'  (b/scit) with NFSS spec.:
(fontspec)             <->s*[1]"name:TeX Gyre
(fontspec)             Heros/BI:mode=node;script=latn;language=dflt;+tlig;+smcp
;"

(load cache: extra_notoserifsc-extralight.luc)(load cache: extra_notosanssc-regu
lar.luc)(load cache: extra_notosanssc-bold.luc)

Class ctexbook Warning: Redefining CJKfamily `\CJKrmdefault' (SimSun).


Package fontspec Info: 
(fontspec)             Noto Serif SC scale = 0.9202319598109837.


Package fontspec Info: 
(fontspec)             Noto Serif SC scale = 1.


Package fontspec Info: 
(fontspec)             Noto Serif SC scale = 0.9202319598109837.


Package fontspec Info: 
(fontspec)             Noto Serif SC scale = 1.


Package fontspec Info: 
(fontspec)             Noto Sans SC Bold scale = 0.8710851288789431.


Package fontspec Info: 
(fontspec)             Noto Sans SC Bold scale = 1.


Package fontspec Info: 
(fontspec)             Noto Serif SC scale = 0.9202319598109837.


Package fontspec Info: 
(fontspec)             Noto Serif SC scale = 1.


Package fontspec Info: 
(fontspec)             Noto Sans SC Bold scale = 0.8710851288789431.


Package fontspec Info: 
(fontspec)             Noto Sans SC Bold scale = 1.


Package fontspec Info: 
(fontspec)             Font family 'NotoSerifSC(0)' created for font 'Noto
(fontspec)             Serif SC' with options
(fontspec)             [Ligatures=TeX,Scale=MatchLowercase,NFSSEncoding=LTJY3,J
FM=zh_CN/quanjiao,Scale={1},BoldFont={Noto
(fontspec)             Sans SC Bold},ItalicFont={Noto Serif
(fontspec)             SC},BoldItalicFont={Noto Sans SC Bold},LTJFONTUID=11].
(fontspec)              
(fontspec)              This font family consists of the following NFSS
(fontspec)             series/shapes:
(fontspec)              
(fontspec)             - 'normal' (m/n) with NFSS spec.: <->s*[1]"name:Noto
(fontspec)             Serif
(fontspec)             SC:mode=node;script=latn;language=dflt;jfm=zh_CN/quanjia
o;+tlig;"
(fontspec)             - 'bold' (b/n) with NFSS spec.: <->s*[1]"name:Noto Sans
(fontspec)             SC
(fontspec)             Bold:mode=node;script=latn;language=dflt;jfm=zh_CN/quanj
iao;+tlig;"
(fontspec)             - 'italic' (m/it) with NFSS spec.: <->s*[1]"name:Noto
(fontspec)             Serif
(fontspec)             SC:mode=node;script=latn;language=dflt;jfm=zh_CN/quanjia
o;+tlig;"
(fontspec)             - 'bold italic' (b/it) with NFSS spec.:
(fontspec)             <->s*[1]"name:Noto Sans SC
(fontspec)             Bold:mode=node;script=latn;language=dflt;jfm=zh_CN/quanj
iao;+tlig;"

LaTeX Font Info:    Font shape `LTJY3/NotoSerifSC(0)/m/n' will be
(Font)              scaled to size 10.95pt on input line 60.

Class ctexbook Warning: Redefining CJKfamily `\CJKsfdefault' (Microsoft
(ctexbook)              YaHei).

(d:/texlive/2026/texmf-dist/tex/latex/amsmath/amsmath.sty
Package: amsmath 2025/07/09 v2.17z AMS math features
\@mathmargin=\skip54

For additional information on amsmath, use the `?' option.
(d:/texlive/2026/texmf-dist/tex/latex/amsmath/amstext.sty
Package: amstext 2024/11/17 v2.01 AMS text

(d:/texlive/2026/texmf-dist/tex/latex/amsmath/amsgen.sty
File: amsgen.sty 1999/11/30 v2.0 generic functions
\@emptytoks=\toks27
\ex@=\dimen161
))
(d:/texlive/2026/texmf-dist/tex/latex/amsmath/amsbsy.sty
Package: amsbsy 1999/11/29 v1.2d Bold Symbols
\pmbraise@=\dimen162
)
(d:/texlive/2026/texmf-dist/tex/latex/amsmath/amsopn.sty
Package: amsopn 2022/04/08 v2.04 operator names
)
\inf@bad=\count311
LaTeX Info: Redefining \frac on input line 235.
\uproot@=\count312
\leftroot@=\count313
LaTeX Info: Redefining \overline on input line 398.
LaTeX Info: Redefining \colon on input line 409.
\classnum@=\count314
\DOTSCASE@=\count315
LaTeX Info: Redefining \ldots on input line 495.
LaTeX Info: Redefining \dots on input line 498.
LaTeX Info: Redefining \cdots on input line 619.
\Mathstrutbox@=\box55
\strutbox@=\box56
LaTeX Info: Redefining \big on input line 721.
LaTeX Info: Redefining \Big on input line 722.
LaTeX Info: Redefining \bigg on input line 723.
LaTeX Info: Redefining \Bigg on input line 724.
\big@size=\dimen163
LaTeX Font Info:    Redeclaring font encoding OML on input line 742.
LaTeX Font Info:    Redeclaring font encoding OMS on input line 743.
\macc@depth=\count316
LaTeX Info: Redefining \bmod on input line 904.
LaTeX Info: Redefining \pmod on input line 909.
LaTeX Info: Redefining \smash on input line 939.
LaTeX Info: Redefining \relbar on input line 969.
LaTeX Info: Redefining \Relbar on input line 970.
\c@MaxMatrixCols=\count317
\dotsspace@=\muskip17
\c@parentequation=\count318
\dspbrk@lvl=\count319
\tag@help=\toks28
\row@=\count320
\column@=\count321
\maxfields@=\count322
\andhelp@=\toks29
\eqnshift@=\dimen164
\alignsep@=\dimen165
\tagshift@=\dimen166
\tagwidth@=\dimen167
\totwidth@=\dimen168
\lineht@=\dimen169
\@envbody=\toks30
\multlinegap=\skip55
\multlinetaggap=\skip56
\mathdisplay@stack=\toks31
LaTeX Info: Redefining \[ on input line 2950.
LaTeX Info: Redefining \] on input line 2951.
)
(d:/texlive/2026/texmf-dist/tex/latex/mathtools/mathtools.sty
Package: mathtools 2024/10/04 v1.31 mathematical typesetting tools

(d:/texlive/2026/texmf-dist/tex/latex/tools/calc.sty
Package: calc 2025/03/01 v4.3b Infix arithmetic (KKT,FJ)
\calc@Acount=\count323
\calc@Bcount=\count324
\calc@Adimen=\dimen170
\calc@Bdimen=\dimen171
\calc@Askip=\skip57
\calc@Bskip=\skip58
LaTeX Info: Redefining \setlength on input line 86.
LaTeX Info: Redefining \addtolength on input line 87.
\calc@Ccount=\count325
\calc@Cskip=\skip59
)
(d:/texlive/2026/texmf-dist/tex/latex/mathtools/mhsetup.sty
Package: mhsetup 2021/03/18 v1.4 programming setup (MH)
)
\g_MT_multlinerow_int=\count326
\l_MT_multwidth_dim=\dimen172
\origjot=\skip60
\l_MT_shortvdotswithinadjustabove_dim=\dimen173
\l_MT_shortvdotswithinadjustbelow_dim=\dimen174
\l_MT_above_intertext_sep=\dimen175
\l_MT_below_intertext_sep=\dimen176
\l_MT_above_shortintertext_sep=\dimen177
\l_MT_below_shortintertext_sep=\dimen178
\xmathstrut@box=\box57
\xmathstrut@dim=\dimen179
)
(d:/texlive/2026/texmf-dist/tex/latex/unicode-math/unicode-math.sty
Package: unicode-math 2023/08/13 v0.8r Unicode maths in XeLaTeX and LuaLaTeX

(d:/texlive/2026/texmf-dist/tex/latex/unicode-math/unicode-math-luatex.sty
Package: unicode-math-luatex 2023/08/13 v0.8r Unicode maths in XeLaTeX and LuaL
aTeX

(d:/texlive/2026/texmf-dist/tex/latex/l3packages/l3keys2e/l3keys2e.sty
Package: l3keys2e 2025-10-09 LaTeX2e option processing using LaTeX3 keys
)
(d:/texlive/2026/texmf-dist/tex/lualatex/lualatex-math/lualatex-math.sty
Package: lualatex-math 2022/01/01 v1.12 Patches for mathematics typesetting wit
h LuaLaTeX
Lua module: lualatex-math 2013/08/03 v1.3 Patches for mathematics typesetting wi
th LuaLaTeX)
\g__um_fam_int=\count327
\g__um_fonts_used_int=\count328
\l__um_primecount_int=\count329
\g__um_primekern_muskip=\muskip18

(d:/texlive/2026/texmf-dist/tex/latex/unicode-math/unicode-math-table.tex)))(loa
d cache: extra_stixtwomath-regular.luc)

Package fontspec Info: 
(fontspec)             STIX Two Math scale = 0.9999970539278506.


Package fontspec Info: 
(fontspec)             STIX Two Math scale = 1.


Package fontspec Info: 
(fontspec)             Could not resolve font "STIX Two Math/B" (it probably
(fontspec)             doesn't exist).


Package fontspec Info: 
(fontspec)             STIX Two Math scale = 0.9999970539278506.


Package fontspec Info: 
(fontspec)             STIX Two Math scale = 1.


Package fontspec Info: 
(fontspec)             Font family 'STIXTwoMath(0)' created for font 'STIX Two
(fontspec)             Math' with options
(fontspec)             [Ligatures=TeX,Scale=MatchLowercase,Renderer=Basic,BoldI
talicFont={},ItalicFont={},SmallCapsFont={},Script=Math,RawFeature={mathfontdim
en=xetex},Scale={1}].
(fontspec)              
(fontspec)              This font family consists of the following NFSS
(fontspec)             series/shapes:
(fontspec)              
(fontspec)             - 'normal' (m/n) with NFSS spec.: <->s*[1]"name:STIX
(fontspec)             Two
(fontspec)             Math:mode=base;script=math;language=dflt;+tlig;mathfontd
imen=xetex;"

LaTeX Font Info:    Font shape `TU/STIXTwoMath(0)/m/n' will be
(Font)              scaled to size 10.95pt on input line 72.

Package fontspec Info: 
(fontspec)             STIX Two Math scale = 0.9999970539278506.


Package fontspec Info: 
(fontspec)             STIX Two Math scale = 1.


Package fontspec Info: 
(fontspec)             Could not resolve font "STIX Two Math/B" (it probably
(fontspec)             doesn't exist).


Package fontspec Info: 
(fontspec)             STIX Two Math scale = 0.9999970539278506.


Package fontspec Info: 
(fontspec)             STIX Two Math scale = 1.


Package fontspec Info: 
(fontspec)             STIX Two Math scale = 0.9999970539278506.


Package fontspec Info: 
(fontspec)             STIX Two Math scale = 1.


Package fontspec Info: 
(fontspec)             STIX Two Math scale = 0.9999970539278506.


Package fontspec Info: 
(fontspec)             STIX Two Math scale = 1.


Package fontspec Info: 
(fontspec)             Font family 'STIXTwoMath(1)' created for font 'STIX Two
(fontspec)             Math' with options
(fontspec)             [Ligatures=TeX,Scale=MatchLowercase,Renderer=Basic,BoldI
talicFont={},ItalicFont={},SmallCapsFont={},Script=Math,SizeFeatures={{Size=9.3
075-},{Size=6.84375-9.3075,Font=STIX
(fontspec)             Two Math,Style=MathScript},{Size=-6.84375,Font=STIX Two
(fontspec)             Math,Style=MathScriptScript}},RawFeature={mathfontdimen=
xetex},Scale={1}].
(fontspec)              
(fontspec)              This font family consists of the following NFSS
(fontspec)             series/shapes:
(fontspec)              
(fontspec)             - 'normal' (m/n) with NFSS spec.:
(fontspec)             <9.3075->s*[1]"name:STIX Two
(fontspec)             Math:mode=base;script=math;language=dflt;+tlig;mathfontd
imen=xetex;"<6.84375-9.3075>s*[1]"name:STIX
(fontspec)             Two
(fontspec)             Math:mode=base;script=math;language=dflt;+tlig;mathfontd
imen=xetex;+ssty=0;"<-6.84375>s*[1]"name:STIX
(fontspec)             Two
(fontspec)             Math:mode=base;script=math;language=dflt;+tlig;mathfontd
imen=xetex;+ssty=1;"

LaTeX Font Info:    Font shape `TU/STIXTwoMath(1)/m/n' will be
(Font)              scaled to size 10.95pt on input line 72.
LaTeX Font Info:    Encoding `OT1' has changed to `TU' for symbol font
(Font)              `operators' in the math version `normal' on input line 72.
LaTeX Font Info:    Overwriting symbol font `operators' in version `normal'
(Font)                  OT1/cmr/m/n --> TU/STIXTwoMath(1)/m/n on input line 72.

LaTeX Font Info:    Encoding `OT1' has changed to `TU' for symbol font
(Font)              `operators' in the math version `bold' on input line 72.
LaTeX Font Info:    Overwriting symbol font `operators' in version `bold'
(Font)                  OT1/cmr/bx/n --> TU/STIXTwoMath(1)/b/n on input line 72
.

Package fontspec Info: 
(fontspec)             STIX Two Math scale = 0.9999970539278506.


Package fontspec Info: 
(fontspec)             STIX Two Math scale = 1.


Package fontspec Info: 
(fontspec)             Could not resolve font "STIX Two Math/B" (it probably
(fontspec)             doesn't exist).


Package fontspec Info: 
(fontspec)             STIX Two Math scale = 0.9999970539278506.


Package fontspec Info: 
(fontspec)             STIX Two Math scale = 1.


Package fontspec Info: 
(fontspec)             STIX Two Math scale = 0.9999970539278506.


Package fontspec Info: 
(fontspec)             STIX Two Math scale = 1.


Package fontspec Info: 
(fontspec)             STIX Two Math scale = 0.9999970539278506.


Package fontspec Info: 
(fontspec)             STIX Two Math scale = 1.


Package fontspec Info: 
(fontspec)             Font family 'STIXTwoMath(2)' created for font 'STIX Two
(fontspec)             Math' with options
(fontspec)             [Ligatures=TeX,Scale=MatchLowercase,Renderer=Basic,BoldI
talicFont={},ItalicFont={},SmallCapsFont={},Script=Math,SizeFeatures={{Size=9.3
075-},{Size=6.84375-9.3075,Font=STIX
(fontspec)             Two Math,Style=MathScript},{Size=-6.84375,Font=STIX Two
(fontspec)             Math,Style=MathScriptScript}},RawFeature={mathfontdimen=
xetex},Scale={1},RawFeature={mathfontdimen=tex2}].
(fontspec)              
(fontspec)              This font family consists of the following NFSS
(fontspec)             series/shapes:
(fontspec)              
(fontspec)             - 'normal' (m/n) with NFSS spec.:
(fontspec)             <9.3075->s*[1]"name:STIX Two
(fontspec)             Math:mode=base;script=math;language=dflt;+tlig;mathfontd
imen=xetex;mathfontdimen=tex2;"<6.84375-9.3075>s*[1]"name:STIX
(fontspec)             Two
(fontspec)             Math:mode=base;script=math;language=dflt;+tlig;mathfontd
imen=xetex;mathfontdimen=tex2;+ssty=0;"<-6.84375>s*[1]"name:STIX
(fontspec)             Two
(fontspec)             Math:mode=base;script=math;language=dflt;+tlig;mathfontd
imen=xetex;mathfontdimen=tex2;+ssty=1;"

LaTeX Font Info:    Encoding `OMS' has changed to `TU' for symbol font
(Font)              `symbols' in the math version `normal' on input line 72.
LaTeX Font Info:    Overwriting symbol font `symbols' in version `normal'
(Font)                  OMS/cmsy/m/n --> TU/STIXTwoMath(2)/m/n on input line 72
.
LaTeX Font Info:    Encoding `OMS' has changed to `TU' for symbol font
(Font)              `symbols' in the math version `bold' on input line 72.
LaTeX Font Info:    Overwriting symbol font `symbols' in version `bold'
(Font)                  OMS/cmsy/b/n --> TU/STIXTwoMath(2)/b/n on input line 72
.

Package fontspec Info: 
(fontspec)             STIX Two Math scale = 0.9999970539278506.


Package fontspec Info: 
(fontspec)             STIX Two Math scale = 1.


Package fontspec Info: 
(fontspec)             Could not resolve font "STIX Two Math/B" (it probably
(fontspec)             doesn't exist).


Package fontspec Info: 
(fontspec)             STIX Two Math scale = 0.9999970539278506.


Package fontspec Info: 
(fontspec)             STIX Two Math scale = 1.


Package fontspec Info: 
(fontspec)             STIX Two Math scale = 0.9999970539278506.


Package fontspec Info: 
(fontspec)             STIX Two Math scale = 1.


Package fontspec Info: 
(fontspec)             STIX Two Math scale = 0.9999970539278506.


Package fontspec Info: 
(fontspec)             STIX Two Math scale = 1.


Package fontspec Info: 
(fontspec)             Font family 'STIXTwoMath(3)' created for font 'STIX Two
(fontspec)             Math' with options
(fontspec)             [Ligatures=TeX,Scale=MatchLowercase,Renderer=Basic,BoldI
talicFont={},ItalicFont={},SmallCapsFont={},Script=Math,SizeFeatures={{Size=9.3
075-},{Size=6.84375-9.3075,Font=STIX
(fontspec)             Two Math,Style=MathScript},{Size=-6.84375,Font=STIX Two
(fontspec)             Math,Style=MathScriptScript}},RawFeature={mathfontdimen=
xetex},Scale={1},RawFeature={mathfontdimen=tex3}].
(fontspec)              
(fontspec)              This font family consists of the following NFSS
(fontspec)             series/shapes:
(fontspec)              
(fontspec)             - 'normal' (m/n) with NFSS spec.:
(fontspec)             <9.3075->s*[1]"name:STIX Two
(fontspec)             Math:mode=base;script=math;language=dflt;+tlig;mathfontd
imen=xetex;mathfontdimen=tex3;"<6.84375-9.3075>s*[1]"name:STIX
(fontspec)             Two
(fontspec)             Math:mode=base;script=math;language=dflt;+tlig;mathfontd
imen=xetex;mathfontdimen=tex3;+ssty=0;"<-6.84375>s*[1]"name:STIX
(fontspec)             Two
(fontspec)             Math:mode=base;script=math;language=dflt;+tlig;mathfontd
imen=xetex;mathfontdimen=tex3;+ssty=1;"

LaTeX Font Info:    Encoding `OMX' has changed to `TU' for symbol font
(Font)              `largesymbols' in the math version `normal' on input line 7
2.
LaTeX Font Info:    Overwriting symbol font `largesymbols' in version `normal'
(Font)                  OMX/cmex/m/n --> TU/STIXTwoMath(3)/m/n on input line 72
.
LaTeX Font Info:    Encoding `OMX' has changed to `TU' for symbol font
(Font)              `largesymbols' in the math version `bold' on input line 72.

LaTeX Font Info:    Overwriting symbol font `largesymbols' in version `bold'
(Font)                  OMX/cmex/m/n --> TU/STIXTwoMath(3)/b/n on input line 72
.
LaTeX Font Info:    Font shape `TU/STIXTwoMath(1)/m/n' will be
(Font)              scaled to size 7.665pt on input line 72.
LaTeX Font Info:    Font shape `TU/STIXTwoMath(1)/m/n' will be
(Font)              scaled to size 6.0225pt on input line 72.
LaTeX Font Info:    Font shape `TU/STIXTwoMath(2)/m/n' will be
(Font)              scaled to size 10.95pt on input line 72.
LaTeX Font Info:    Font shape `TU/STIXTwoMath(2)/m/n' will be
(Font)              scaled to size 7.665pt on input line 72.
LaTeX Font Info:    Font shape `TU/STIXTwoMath(2)/m/n' will be
(Font)              scaled to size 6.0225pt on input line 72.
LaTeX Font Info:    Font shape `TU/STIXTwoMath(3)/m/n' will be
(Font)              scaled to size 10.95pt on input line 72.
LaTeX Font Info:    Font shape `TU/STIXTwoMath(3)/m/n' will be
(Font)              scaled to size 7.665pt on input line 72.
LaTeX Font Info:    Font shape `TU/STIXTwoMath(3)/m/n' will be
(Font)              scaled to size 6.0225pt on input line 72.
LaTeX Font Info:    Redeclaring math version `bold' on input line 76.
(load cache: extra_xitsmath-bold.luc)

Package fontspec Info: 
(fontspec)             XITSMath-Bold scale = 1.026029024584143.


Package fontspec Info: 
(fontspec)             XITSMath-Bold scale = 1.


Package fontspec Info: 
(fontspec)             XITSMath-Bold scale = 1.026029024584143.


Package fontspec Info: 
(fontspec)             XITSMath-Bold scale = 1.


Package fontspec Info: 
(fontspec)             Font family 'XITSMath-Bold.otf(0)' created for font
(fontspec)             'XITSMath-Bold.otf' with options
(fontspec)             [Ligatures=TeX,Scale=MatchLowercase,Renderer=Basic,BoldI
talicFont={},ItalicFont={},SmallCapsFont={},Script=Math,RawFeature={mathfontdim
en=xetex},Scale={1}].
(fontspec)              
(fontspec)              This font family consists of the following NFSS
(fontspec)             series/shapes:
(fontspec)              
(fontspec)             - 'normal' (m/n) with NFSS spec.:
(fontspec)             <->s*[1]"[XITSMath-Bold.otf]:mode=base;script=math;langu
age=dflt;+tlig;mathfontdimen=xetex;"

LaTeX Font Info:    Font shape `TU/XITSMath-Bold.otf(0)/m/n' will be
(Font)              scaled to size 10.95pt on input line 76.

Package fontspec Info: 
(fontspec)             XITSMath-Bold scale = 1.026029024584143.


Package fontspec Info: 
(fontspec)             XITSMath-Bold scale = 1.


Package fontspec Info: 
(fontspec)             XITSMath-Bold scale = 1.026029024584143.


Package fontspec Info: 
(fontspec)             XITSMath-Bold scale = 1.


Package fontspec Info: 
(fontspec)             XITSMath-Bold scale = 1.026029024584143.


Package fontspec Info: 
(fontspec)             XITSMath-Bold scale = 1.


Package fontspec Info: 
(fontspec)             XITSMath-Bold scale = 1.026029024584143.


Package fontspec Info: 
(fontspec)             XITSMath-Bold scale = 1.


Package fontspec Info: 
(fontspec)             Font family 'XITSMath-Bold.otf(1)' created for font
(fontspec)             'XITSMath-Bold.otf' with options
(fontspec)             [Ligatures=TeX,Scale=MatchLowercase,Renderer=Basic,BoldI
talicFont={},ItalicFont={},SmallCapsFont={},Script=Math,SizeFeatures={{Size=9.5
8125-},{Size=7.39125-9.58125,Font=XITSMath-Bold.otf,Style=MathScript},{Size=-7.
39125,Font=XITSMath-Bold.otf,Style=MathScriptScript}},RawFeature={mathfontdimen
=xetex},Scale={1}].
(fontspec)              
(fontspec)              This font family consists of the following NFSS
(fontspec)             series/shapes:
(fontspec)              
(fontspec)             - 'normal' (m/n) with NFSS spec.:
(fontspec)             <9.58125->s*[1]"[XITSMath-Bold.otf]:mode=base;script=mat
h;language=dflt;+tlig;mathfontdimen=xetex;"<7.39125-9.58125>s*[1]"[XITSMath-Bol
d.otf]:mode=base;script=math;language=dflt;+tlig;mathfontdimen=xetex;+ssty=0;"<
-7.39125>s*[1]"[XITSMath-Bold.otf]:mode=base;script=math;language=dflt;+tlig;ma
thfontdimen=xetex;+ssty=1;"

LaTeX Font Info:    Font shape `TU/XITSMath-Bold.otf(1)/m/n' will be
(Font)              scaled to size 10.95pt on input line 76.
LaTeX Font Info:    Encoding `OT1' has changed to `TU' for symbol font
(Font)              `operators' in the math version `bold' on input line 76.
LaTeX Font Info:    Overwriting symbol font `operators' in version `bold'
(Font)                  OT1/cmr/m/n --> TU/XITSMath-Bold.otf(1)/m/n on input li
ne 76.

Package fontspec Info: 
(fontspec)             XITSMath-Bold scale = 1.026029024584143.


Package fontspec Info: 
(fontspec)             XITSMath-Bold scale = 1.


Package fontspec Info: 
(fontspec)             XITSMath-Bold scale = 1.026029024584143.


Package fontspec Info: 
(fontspec)             XITSMath-Bold scale = 1.


Package fontspec Info: 
(fontspec)             XITSMath-Bold scale = 1.026029024584143.


Package fontspec Info: 
(fontspec)             XITSMath-Bold scale = 1.


Package fontspec Info: 
(fontspec)             XITSMath-Bold scale = 1.026029024584143.


Package fontspec Info: 
(fontspec)             XITSMath-Bold scale = 1.


Package fontspec Info: 
(fontspec)             Font family 'XITSMath-Bold.otf(2)' created for font
(fontspec)             'XITSMath-Bold.otf' with options
(fontspec)             [Ligatures=TeX,Scale=MatchLowercase,Renderer=Basic,BoldI
talicFont={},ItalicFont={},SmallCapsFont={},Script=Math,SizeFeatures={{Size=9.5
8125-},{Size=7.39125-9.58125,Font=XITSMath-Bold.otf,Style=MathScript},{Size=-7.
39125,Font=XITSMath-Bold.otf,Style=MathScriptScript}},RawFeature={mathfontdimen
=xetex},Scale={1},RawFeature={mathfontdimen=tex2}].
(fontspec)              
(fontspec)              This font family consists of the following NFSS
(fontspec)             series/shapes:
(fontspec)              
(fontspec)             - 'normal' (m/n) with NFSS spec.:
(fontspec)             <9.58125->s*[1]"[XITSMath-Bold.otf]:mode=base;script=mat
h;language=dflt;+tlig;mathfontdimen=xetex;mathfontdimen=tex2;"<7.39125-9.58125>
s*[1]"[XITSMath-Bold.otf]:mode=base;script=math;language=dflt;+tlig;mathfontdim
en=xetex;mathfontdimen=tex2;+ssty=0;"<-7.39125>s*[1]"[XITSMath-Bold.otf]:mode=b
ase;script=math;language=dflt;+tlig;mathfontdimen=xetex;mathfontdimen=tex2;+sst
y=1;"

LaTeX Font Info:    Encoding `OMS' has changed to `TU' for symbol font
(Font)              `symbols' in the math version `bold' on input line 76.
LaTeX Font Info:    Overwriting symbol font `symbols' in version `bold'
(Font)                  OMS/cmsy/m/n --> TU/XITSMath-Bold.otf(2)/m/n on input l
ine 76.

Package fontspec Info: 
(fontspec)             XITSMath-Bold scale = 1.026029024584143.


Package fontspec Info: 
(fontspec)             XITSMath-Bold scale = 1.


Package fontspec Info: 
(fontspec)             XITSMath-Bold scale = 1.026029024584143.


Package fontspec Info: 
(fontspec)             XITSMath-Bold scale = 1.


Package fontspec Info: 
(fontspec)             XITSMath-Bold scale = 1.026029024584143.


Package fontspec Info: 
(fontspec)             XITSMath-Bold scale = 1.


Package fontspec Info: 
(fontspec)             XITSMath-Bold scale = 1.026029024584143.


Package fontspec Info: 
(fontspec)             XITSMath-Bold scale = 1.


Package fontspec Info: 
(fontspec)             Font family 'XITSMath-Bold.otf(3)' created for font
(fontspec)             'XITSMath-Bold.otf' with options
(fontspec)             [Ligatures=TeX,Scale=MatchLowercase,Renderer=Basic,BoldI
talicFont={},ItalicFont={},SmallCapsFont={},Script=Math,SizeFeatures={{Size=9.5
8125-},{Size=7.39125-9.58125,Font=XITSMath-Bold.otf,Style=MathScript},{Size=-7.
39125,Font=XITSMath-Bold.otf,Style=MathScriptScript}},RawFeature={mathfontdimen
=xetex},Scale={1},RawFeature={mathfontdimen=tex3}].
(fontspec)              
(fontspec)              This font family consists of the following NFSS
(fontspec)             series/shapes:
(fontspec)              
(fontspec)             - 'normal' (m/n) with NFSS spec.:
(fontspec)             <9.58125->s*[1]"[XITSMath-Bold.otf]:mode=base;script=mat
h;language=dflt;+tlig;mathfontdimen=xetex;mathfontdimen=tex3;"<7.39125-9.58125>
s*[1]"[XITSMath-Bold.otf]:mode=base;script=math;language=dflt;+tlig;mathfontdim
en=xetex;mathfontdimen=tex3;+ssty=0;"<-7.39125>s*[1]"[XITSMath-Bold.otf]:mode=b
ase;script=math;language=dflt;+tlig;mathfontdimen=xetex;mathfontdimen=tex3;+sst
y=1;"

LaTeX Font Info:    Encoding `OMX' has changed to `TU' for symbol font
(Font)              `largesymbols' in the math version `bold' on input line 76.

LaTeX Font Info:    Overwriting symbol font `largesymbols' in version `bold'
(Font)                  OMX/cmex/m/n --> TU/XITSMath-Bold.otf(3)/m/n on input l
ine 76.
LaTeX Font Info:    Font shape `TU/STIXTwoMath(1)/m/n' will be
(Font)              scaled to size 8.2125pt on input line 76.
LaTeX Font Info:    Font shape `TU/STIXTwoMath(1)/m/n' will be
(Font)              scaled to size 6.57pt on input line 76.
LaTeX Font Info:    Font shape `TU/STIXTwoMath(2)/m/n' will be
(Font)              scaled to size 8.2125pt on input line 76.
LaTeX Font Info:    Font shape `TU/STIXTwoMath(2)/m/n' will be
(Font)              scaled to size 6.57pt on input line 76.
LaTeX Font Info:    Font shape `TU/STIXTwoMath(3)/m/n' will be
(Font)              scaled to size 8.2125pt on input line 76.
LaTeX Font Info:    Font shape `TU/STIXTwoMath(3)/m/n' will be
(Font)              scaled to size 6.57pt on input line 76.

(d:/texlive/2026/texmf-dist/tex/latex/geometry/geometry.sty
Package: geometry 2020/01/02 v5.9 Page Geometry

(d:/texlive/2026/texmf-dist/tex/generic/iftex/ifvtex.sty
Package: ifvtex 2019/10/25 v1.7 ifvtex legacy package. Use iftex instead.
)
\Gm@cnth=\count330
\Gm@cntv=\count331
\c@Gm@tempcnt=\count332
\Gm@bindingoffset=\dimen180
\Gm@wd@mp=\dimen181
\Gm@odd@mp=\dimen182
\Gm@even@mp=\dimen183
\Gm@layoutwidth=\dimen184
\Gm@layoutheight=\dimen185
\Gm@layouthoffset=\dimen186
\Gm@layoutvoffset=\dimen187
\Gm@dimlist=\toks32
)
(d:/texlive/2026/texmf-dist/tex/latex/microtype/microtype.sty
Package: microtype 2026/03/01 v3.2d Micro-typographical refinements (RS)
\MT@toks=\toks33
\MT@tempbox=\box58
\MT@count=\count333
LaTeX Info: Redefining \noprotrusionifhmode on input line 1084.
LaTeX Info: Redefining \leftprotrusion on input line 1085.
\MT@prot@toks=\toks34
LaTeX Info: Redefining \rightprotrusion on input line 1104.
LaTeX Info: Redefining \textls on input line 1449.
\MT@outer@kern=\dimen188
LaTeX Info: Redefining \microtypecontext on input line 2053.
LaTeX Info: Redefining \textmicrotypecontext on input line 2070.
\MT@listname@count=\count334

(d:/texlive/2026/texmf-dist/tex/latex/microtype/microtype-luatex.def
File: microtype-luatex.def 2026/03/01 v3.2d Definitions specific to luatex (RS)

Lua module: microtype 2026/03/01 v3.2d microtype module.
Module microtype Info: overwriting function `keepligature' on input line 63
LaTeX Info: Redefining \lsstyle on input line 779.
LaTeX Info: Redefining \lslig on input line 779.
\MT@outer@space=\skip61
)
Package microtype Info: Loading configuration file microtype.cfg.

(d:/texlive/2026/texmf-dist/tex/latex/microtype/microtype.cfg
File: microtype.cfg 2026/03/01 v3.2d microtype main configuration file (RS)
)
LaTeX Info: Redefining \microtypesetup on input line 3065.
)
(d:/texlive/2026/texmf-dist/tex/latex/setspace/setspace.sty
Package: setspace 2022/12/04 v6.7b set line spacing
)
(d:/texlive/2026/texmf-dist/tex/latex/needspace/needspace.sty
Package: needspace 2025/03/13 v1.3e reserve vertical space
)
(d:/texlive/2026/texmf-dist/tex/latex/placeins/placeins.sty
Package: placeins 2005/04/18  v 2.2
)
(d:/texlive/2026/texmf-dist/tex/latex/xcolor/xcolor.sty
Package: xcolor 2024/09/29 v3.02 LaTeX color extensions (UK)

(d:/texlive/2026/texmf-dist/tex/latex/graphics-cfg/color.cfg
File: color.cfg 2016/01/02 v1.6 sample color configuration
)
Package xcolor Info: Driver file: luatex.def on input line 274.

(d:/texlive/2026/texmf-dist/tex/latex/graphics-def/luatex.def
File: luatex.def 2025/09/29 v1.2f Graphics/color driver for luatex
)
(d:/texlive/2026/texmf-dist/tex/latex/graphics/mathcolor.ltx)
Package xcolor Info: Model `cmy' substituted by `cmy0' on input line 1349.
Package xcolor Info: Model `hsb' substituted by `rgb' on input line 1353.
Package xcolor Info: Model `RGB' extended on input line 1365.
Package xcolor Info: Model `HTML' substituted by `rgb' on input line 1367.
Package xcolor Info: Model `Hsb' substituted by `hsb' on input line 1368.
Package xcolor Info: Model `tHsb' substituted by `hsb' on input line 1369.
Package xcolor Info: Model `HSB' substituted by `hsb' on input line 1370.
Package xcolor Info: Model `Gray' substituted by `gray' on input line 1371.
Package xcolor Info: Model `wave' substituted by `hsb' on input line 1372.
)
(d:/texlive/2026/texmf-dist/tex/latex/fancyhdr/fancyhdr.sty
Package: fancyhdr 2025/02/07 v5.2 Extensive control of page headers and footers

\f@nch@headwidth=\skip62
\f@nch@offset@elh=\skip63
\f@nch@offset@erh=\skip64
\f@nch@offset@olh=\skip65
\f@nch@offset@orh=\skip66
\f@nch@offset@elf=\skip67
\f@nch@offset@erf=\skip68
\f@nch@offset@olf=\skip69
\f@nch@offset@orf=\skip70
\f@nch@height=\skip71
\f@nch@footalignment=\skip72
\f@nch@widthL=\skip73
\f@nch@widthC=\skip74
\f@nch@widthR=\skip75
\@temptokenb=\toks35
)
(d:/texlive/2026/texmf-dist/tex/latex/amscls/amsthm.sty
Package: amsthm 2020/05/29 v2.20.6
\thm@style=\toks36
\thm@bodyfont=\toks37
\thm@headfont=\toks38
\thm@notefont=\toks39
\thm@headpunct=\toks40
\thm@preskip=\skip76
\thm@postskip=\skip77
\thm@headsep=\skip78
\dth@everypar=\toks41
)
(d:/texlive/2026/texmf-dist/tex/latex/chngcntr/chngcntr.sty
Package: chngcntr 2018/04/09 v1.1a change counter resetting
Package chngcntr Info: \counterwithout already defined.
(chngcntr)             Quitting chngcntr on input line 21.
)
(d:/texlive/2026/texmf-dist/tex/latex/graphics/graphicx.sty
Package: graphicx 2024/12/31 v1.2e Enhanced LaTeX Graphics (DPC,SPQR)

(d:/texlive/2026/texmf-dist/tex/latex/graphics/graphics.sty
Package: graphics 2024/08/06 v1.4g Standard LaTeX Graphics (DPC,SPQR)

(d:/texlive/2026/texmf-dist/tex/latex/graphics/trig.sty
Package: trig 2023/12/02 v1.11 sin cos tan (DPC)
)
(d:/texlive/2026/texmf-dist/tex/latex/graphics-cfg/graphics.cfg
File: graphics.cfg 2016/06/04 v1.11 sample graphics configuration
)
Package graphics Info: Driver file: luatex.def on input line 106.
)
\Gin@req@height=\dimen189
\Gin@req@width=\dimen190
)
(d:/texlive/2026/texmf-dist/tex/latex/booktabs/booktabs.sty
Package: booktabs 2020/01/12 v1.61803398 Publication quality tables
\heavyrulewidth=\dimen191
\lightrulewidth=\dimen192
\cmidrulewidth=\dimen193
\belowrulesep=\dimen194
\belowbottomsep=\dimen195
\aboverulesep=\dimen196
\abovetopsep=\dimen197
\cmidrulesep=\dimen198
\cmidrulekern=\dimen199
\defaultaddspace=\dimen256
\@cmidla=\count335
\@cmidlb=\count336
\@aboverulesep=\dimen257
\@belowrulesep=\dimen258
\@thisruleclass=\count337
\@lastruleclass=\count338
\@thisrulewidth=\dimen259
)
(d:/texlive/2026/texmf-dist/tex/latex/tools/longtable.sty
Package: longtable 2025-10-13 v4.24 Multi-page Table package (DPC)
\LTleft=\skip79
\LTright=\skip80
\LTpre=\skip81
\LTpost=\skip82
\LTchunksize=\count339
\LTcapwidth=\dimen260
\LT@head=\box59
\LT@firsthead=\box60
\LT@foot=\box61
\LT@lastfoot=\box62
\LT@gbox=\box63
\LT@cols=\count340
\LT@rows=\count341
\c@LT@tables=\count342
\c@LT@chunks=\count343
\LT@p@ftn=\toks42
)
(d:/texlive/2026/texmf-dist/tex/latex/tools/tabularx.sty
Package: tabularx 2023/12/11 v2.12a `tabularx' package (DPC)

(d:/texlive/2026/texmf-dist/tex/latex/tools/array.sty
Package: array 2025/09/25 v2.6n Tabular extension package (FMi)
\col@sep=\dimen261
\ar@mcellbox=\box64
\extrarowheight=\dimen262
\NC@list=\toks43
\extratabsurround=\skip83
\backup@length=\skip84
\ar@cellbox=\box65
)
\TX@col@width=\dimen263
\TX@old@table=\dimen264
\TX@old@col=\dimen265
\TX@target=\dimen266
\TX@delta=\dimen267
\TX@cols=\count344
\TX@ftn=\toks44
)
(d:/texlive/2026/texmf-dist/tex/latex/multirow/multirow.sty
Package: multirow 2024/11/12 v2.9 Span multiple rows of a table
\multirow@colwidth=\skip85
\multirow@cntb=\count345
\multirow@dima=\skip86
\bigstrutjot=\dimen268
)
(d:/texlive/2026/texmf-dist/tex/latex/float/float.sty
Package: float 2001/11/08 v1.3d Float enhancements (AL)
\c@float@type=\count346
\float@exts=\toks45
\float@box=\box66
\@float@everytoks=\toks46
\@floatcapt=\box67
)
(d:/texlive/2026/texmf-dist/tex/latex/caption/caption.sty
Package: caption 2023/08/05 v3.6o Customizing captions (AR)

(d:/texlive/2026/texmf-dist/tex/latex/caption/caption3.sty
Package: caption3 2023/07/31 v2.4d caption3 kernel (AR)
\caption@tempdima=\dimen269
\captionmargin=\dimen270
\caption@leftmargin=\dimen271
\caption@rightmargin=\dimen272
\caption@width=\dimen273
\caption@indent=\dimen274
\caption@parindent=\dimen275
\caption@hangindent=\dimen276
Package caption Info: Standard document class detected.
)
\c@caption@flags=\count347
\c@continuedfloat=\count348
Package caption Info: float package is loaded.
Package caption Info: longtable package is loaded.

(d:/texlive/2026/texmf-dist/tex/latex/caption/ltcaption.sty
Package: ltcaption 2021/01/08 v1.4c longtable captions (AR)
))
(d:/texlive/2026/texmf-dist/tex/latex/caption/subcaption.sty
Package: subcaption 2023/07/28 v1.6b Sub-captions (AR)
Package caption Info: New subtype `subfigure' on input line 238.
\c@subfigure=\count349
Package caption Info: New subtype `subtable' on input line 238.
\c@subtable=\count350
)
(d:/texlive/2026/texmf-dist/tex/latex/enumitem/enumitem.sty
Package: enumitem 2025/02/06 v3.11 Customized lists
\enitkv@toks@=\toks47
\labelindent=\skip87
\enit@outerparindent=\dimen277
\enit@toks=\toks48
\enit@inbox=\box68
\enit@count@id=\count351
\enitdp@description=\count352
)
(d:/texlive/2026/texmf-dist/tex/latex/algorithm2e/algorithm2e.sty
Package: algorithm2e 2017/07/18 v5.2 algorithms environments
\c@AlgoLine=\count353

(d:/texlive/2026/texmf-dist/tex/latex/base/ifthen.sty
Package: ifthen 2024/03/16 v1.1e Standard LaTeX ifthen package (DPC)
)
\algocf@hangindent=\skip88

(d:/texlive/2026/texmf-dist/tex/latex/ifoddpage/ifoddpage.sty
Package: ifoddpage 2022/10/18 v1.2 Conditionals for odd/even page detection
\c@checkoddpage=\count354
)
(d:/texlive/2026/texmf-dist/tex/latex/tools/xspace.sty
Package: xspace 2014/10/28 v1.13 Space after command names (DPC,MH)
)
(d:/texlive/2026/texmf-dist/tex/latex/relsize/relsize.sty
Package: relsize 2013/03/29 ver 4.1
)
\skiptotal=\skip89
\skiplinenumber=\skip90
\skiprule=\skip91
\skiphlne=\skip92
\skiptext=\skip93
\skiplength=\skip94
\algomargin=\skip95
\skipalgocfslide=\skip96
\algowidth=\dimen278
\inoutsize=\dimen279
\inoutindent=\dimen280
\interspacetitleruled=\dimen281
\interspacealgoruled=\dimen282
\interspacetitleboxruled=\dimen283
\algocf@ruledwidth=\skip97
\algocf@inoutbox=\box69
\algocf@inputbox=\box70
\AlCapSkip=\skip98
\AlCapHSkip=\skip99
\algoskipindent=\skip100
\algocf@nlbox=\box71
\algocf@hangingbox=\box72
\algocf@untilbox=\box73
\algocf@skipuntil=\skip101
\algocf@capbox=\box74
\algocf@lcaptionbox=\skip102
\algoheightruledefault=\skip103
\algoheightrule=\skip104
\algotitleheightruledefault=\skip105
\algotitleheightrule=\skip106
\c@algocfline=\count355
\c@algocfproc=\count356
\c@algocf=\count357
\algocf@algoframe=\box75
\algocf@algobox=\box76
)
(d:/texlive/2026/texmf-dist/tex/latex/pgf/frontendlayer/tikz.sty
(d:/texlive/2026/texmf-dist/tex/latex/pgf/basiclayer/pgf.sty
(d:/texlive/2026/texmf-dist/tex/latex/pgf/utilities/pgfrcs.sty
(d:/texlive/2026/texmf-dist/tex/generic/pgf/utilities/pgfutil-common.tex
\pgfutil@everybye=\toks49
\pgfutil@tempdima=\dimen284
\pgfutil@tempdimb=\dimen285
)
(d:/texlive/2026/texmf-dist/tex/generic/pgf/utilities/pgfutil-latex.def
\pgfutil@abb=\box77
)
(d:/texlive/2026/texmf-dist/tex/generic/pgf/utilities/pgfrcs.code.tex
(d:/texlive/2026/texmf-dist/tex/generic/pgf/pgf.revision.tex)
Package: pgfrcs 2025-08-29 v3.1.11a (3.1.11a)
))
Package: pgf 2025-08-29 v3.1.11a (3.1.11a)

(d:/texlive/2026/texmf-dist/tex/latex/pgf/basiclayer/pgfcore.sty
(d:/texlive/2026/texmf-dist/tex/latex/pgf/systemlayer/pgfsys.sty
(d:/texlive/2026/texmf-dist/tex/generic/pgf/systemlayer/pgfsys.code.tex
Package: pgfsys 2025-08-29 v3.1.11a (3.1.11a)

(d:/texlive/2026/texmf-dist/tex/generic/pgf/utilities/pgfkeys.code.tex
\pgfkeys@pathtoks=\toks50
\pgfkeys@temptoks=\toks51

(d:/texlive/2026/texmf-dist/tex/generic/pgf/utilities/pgfkeyslibraryfiltered.co
de.tex
\pgfkeys@tmptoks=\toks52
))
\pgf@x=\dimen286
\pgf@y=\dimen287
\pgf@xa=\dimen288
\pgf@ya=\dimen289
\pgf@xb=\dimen290
\pgf@yb=\dimen291
\pgf@xc=\dimen292
\pgf@yc=\dimen293
\pgf@xd=\dimen294
\pgf@yd=\dimen295
\w@pgf@writea=\write3
\r@pgf@reada=\read2
\c@pgf@counta=\count358
\c@pgf@countb=\count359
\c@pgf@countc=\count360
\c@pgf@countd=\count361
\t@pgf@toka=\toks53
\t@pgf@tokb=\toks54
\t@pgf@tokc=\toks55
\pgf@sys@id@count=\count362
 (d:/texlive/2026/texmf-dist/tex/generic/pgf/systemlayer/pgf.cfg
File: pgf.cfg 2025-08-29 v3.1.11a (3.1.11a)
)
Driver file for pgf: pgfsys-luatex.def

(d:/texlive/2026/texmf-dist/tex/generic/pgf/systemlayer/pgfsys-luatex.def
File: pgfsys-luatex.def 2025-08-29 v3.1.11a (3.1.11a)

(d:/texlive/2026/texmf-dist/tex/generic/pgf/systemlayer/pgfsys-common-pdf.def
File: pgfsys-common-pdf.def 2025-08-29 v3.1.11a (3.1.11a)
)))
(d:/texlive/2026/texmf-dist/tex/generic/pgf/systemlayer/pgfsyssoftpath.code.tex
File: pgfsyssoftpath.code.tex 2025-08-29 v3.1.11a (3.1.11a)
\pgfsyssoftpath@smallbuffer@items=\count363
\pgfsyssoftpath@bigbuffer@items=\count364
)
(d:/texlive/2026/texmf-dist/tex/generic/pgf/systemlayer/pgfsysprotocol.code.tex
File: pgfsysprotocol.code.tex 2025-08-29 v3.1.11a (3.1.11a)
)) (d:/texlive/2026/texmf-dist/tex/generic/pgf/basiclayer/pgfcore.code.tex
Package: pgfcore 2025-08-29 v3.1.11a (3.1.11a)

(d:/texlive/2026/texmf-dist/tex/generic/pgf/math/pgfmath.code.tex
(d:/texlive/2026/texmf-dist/tex/generic/pgf/math/pgfmathutil.code.tex)
(d:/texlive/2026/texmf-dist/tex/generic/pgf/math/pgfmathparser.code.tex
\pgfmath@dimen=\dimen296
\pgfmath@count=\count365
\pgfmath@box=\box78
\pgfmath@toks=\toks56
\pgfmath@stack@operand=\toks57
\pgfmath@stack@operation=\toks58
)
(d:/texlive/2026/texmf-dist/tex/generic/pgf/math/pgfmathfunctions.code.tex)
(d:/texlive/2026/texmf-dist/tex/generic/pgf/math/pgfmathfunctions.basic.code.te
x)
(d:/texlive/2026/texmf-dist/tex/generic/pgf/math/pgfmathfunctions.trigonometric
.code.tex)
(d:/texlive/2026/texmf-dist/tex/generic/pgf/math/pgfmathfunctions.random.code.t
ex)
(d:/texlive/2026/texmf-dist/tex/generic/pgf/math/pgfmathfunctions.comparison.co
de.tex)
(d:/texlive/2026/texmf-dist/tex/generic/pgf/math/pgfmathfunctions.base.code.tex
)
(d:/texlive/2026/texmf-dist/tex/generic/pgf/math/pgfmathfunctions.round.code.te
x)
(d:/texlive/2026/texmf-dist/tex/generic/pgf/math/pgfmathfunctions.misc.code.tex
)
(d:/texlive/2026/texmf-dist/tex/generic/pgf/math/pgfmathfunctions.integerarithm
etics.code.tex)
(d:/texlive/2026/texmf-dist/tex/generic/pgf/math/pgfmathcalc.code.tex)
(d:/texlive/2026/texmf-dist/tex/generic/pgf/math/pgfmathfloat.code.tex
\c@pgfmathroundto@lastzeros=\count366
))
(d:/texlive/2026/texmf-dist/tex/generic/pgf/math/pgfint.code.tex)
(d:/texlive/2026/texmf-dist/tex/generic/pgf/basiclayer/pgfcorepoints.code.tex
File: pgfcorepoints.code.tex 2025-08-29 v3.1.11a (3.1.11a)
\pgf@picminx=\dimen297
\pgf@picmaxx=\dimen298
\pgf@picminy=\dimen299
\pgf@picmaxy=\dimen300
\pgf@pathminx=\dimen301
\pgf@pathmaxx=\dimen302
\pgf@pathminy=\dimen303
\pgf@pathmaxy=\dimen304
\pgf@xx=\dimen305
\pgf@xy=\dimen306
\pgf@yx=\dimen307
\pgf@yy=\dimen308
\pgf@zx=\dimen309
\pgf@zy=\dimen310
)
(d:/texlive/2026/texmf-dist/tex/generic/pgf/basiclayer/pgfcorepathconstruct.cod
e.tex
File: pgfcorepathconstruct.code.tex 2025-08-29 v3.1.11a (3.1.11a)
\pgf@path@lastx=\dimen311
\pgf@path@lasty=\dimen312
)
(d:/texlive/2026/texmf-dist/tex/generic/pgf/basiclayer/pgfcorepathusage.code.te
x
File: pgfcorepathusage.code.tex 2025-08-29 v3.1.11a (3.1.11a)
\pgf@shorten@end@additional=\dimen313
\pgf@shorten@start@additional=\dimen314
)
(d:/texlive/2026/texmf-dist/tex/generic/pgf/basiclayer/pgfcorescopes.code.tex
File: pgfcorescopes.code.tex 2025-08-29 v3.1.11a (3.1.11a)
\pgfpic=\box79
\pgf@hbox=\box80
\pgf@layerbox@main=\box81
\pgf@picture@serial@count=\count367
)
(d:/texlive/2026/texmf-dist/tex/generic/pgf/basiclayer/pgfcoregraphicstate.code
.tex
File: pgfcoregraphicstate.code.tex 2025-08-29 v3.1.11a (3.1.11a)
\pgflinewidth=\dimen315
)
(d:/texlive/2026/texmf-dist/tex/generic/pgf/basiclayer/pgfcoretransformations.c
ode.tex
File: pgfcoretransformations.code.tex 2025-08-29 v3.1.11a (3.1.11a)
\pgf@pt@x=\dimen316
\pgf@pt@y=\dimen317
\pgf@pt@temp=\dimen318
)
(d:/texlive/2026/texmf-dist/tex/generic/pgf/basiclayer/pgfcorequick.code.tex
File: pgfcorequick.code.tex 2025-08-29 v3.1.11a (3.1.11a)
)
(d:/texlive/2026/texmf-dist/tex/generic/pgf/basiclayer/pgfcoreobjects.code.tex
File: pgfcoreobjects.code.tex 2025-08-29 v3.1.11a (3.1.11a)
)
(d:/texlive/2026/texmf-dist/tex/generic/pgf/basiclayer/pgfcorepathprocessing.co
de.tex
File: pgfcorepathprocessing.code.tex 2025-08-29 v3.1.11a (3.1.11a)
)
(d:/texlive/2026/texmf-dist/tex/generic/pgf/basiclayer/pgfcorearrows.code.tex
File: pgfcorearrows.code.tex 2025-08-29 v3.1.11a (3.1.11a)
\pgfarrowsep=\dimen319
)
(d:/texlive/2026/texmf-dist/tex/generic/pgf/basiclayer/pgfcoreshade.code.tex
File: pgfcoreshade.code.tex 2025-08-29 v3.1.11a (3.1.11a)
\pgf@max=\dimen320
\pgf@sys@shading@range@num=\count368
\pgf@shadingcount=\count369
)
(d:/texlive/2026/texmf-dist/tex/generic/pgf/basiclayer/pgfcoreimage.code.tex
File: pgfcoreimage.code.tex 2025-08-29 v3.1.11a (3.1.11a)
)
(d:/texlive/2026/texmf-dist/tex/generic/pgf/basiclayer/pgfcoreexternal.code.tex
File: pgfcoreexternal.code.tex 2025-08-29 v3.1.11a (3.1.11a)
\pgfexternal@startupbox=\box82
) (d:/texlive/2026/texmf-dist/tex/generic/pgf/basiclayer/pgfcorelayers.code.tex
File: pgfcorelayers.code.tex 2025-08-29 v3.1.11a (3.1.11a)
)
(d:/texlive/2026/texmf-dist/tex/generic/pgf/basiclayer/pgfcoretransparency.code
.tex
File: pgfcoretransparency.code.tex 2025-08-29 v3.1.11a (3.1.11a)
)
(d:/texlive/2026/texmf-dist/tex/generic/pgf/basiclayer/pgfcorepatterns.code.tex
File: pgfcorepatterns.code.tex 2025-08-29 v3.1.11a (3.1.11a)
) (d:/texlive/2026/texmf-dist/tex/generic/pgf/basiclayer/pgfcorerdf.code.tex
File: pgfcorerdf.code.tex 2025-08-29 v3.1.11a (3.1.11a)
))) (d:/texlive/2026/texmf-dist/tex/generic/pgf/modules/pgfmoduleshapes.code.te
x
File: pgfmoduleshapes.code.tex 2025-08-29 v3.1.11a (3.1.11a)
\pgfnodeparttextbox=\box83
)
(d:/texlive/2026/texmf-dist/tex/generic/pgf/modules/pgfmoduleplot.code.tex
File: pgfmoduleplot.code.tex 2025-08-29 v3.1.11a (3.1.11a)
)
(d:/texlive/2026/texmf-dist/tex/latex/pgf/compatibility/pgfcomp-version-0-65.st
y
Package: pgfcomp-version-0-65 2025-08-29 v3.1.11a (3.1.11a)
\pgf@nodesepstart=\dimen321
\pgf@nodesepend=\dimen322
)
(d:/texlive/2026/texmf-dist/tex/latex/pgf/compatibility/pgfcomp-version-1-18.st
y
Package: pgfcomp-version-1-18 2025-08-29 v3.1.11a (3.1.11a)
)) (d:/texlive/2026/texmf-dist/tex/latex/pgf/utilities/pgffor.sty
(d:/texlive/2026/texmf-dist/tex/latex/pgf/utilities/pgfkeys.sty
(d:/texlive/2026/texmf-dist/tex/generic/pgf/utilities/pgfkeys.code.tex))
(d:/texlive/2026/texmf-dist/tex/latex/pgf/math/pgfmath.sty
(d:/texlive/2026/texmf-dist/tex/generic/pgf/math/pgfmath.code.tex))
(d:/texlive/2026/texmf-dist/tex/generic/pgf/utilities/pgffor.code.tex
Package: pgffor 2025-08-29 v3.1.11a (3.1.11a)
\pgffor@iter=\dimen323
\pgffor@skip=\dimen324
\pgffor@stack=\toks59
\pgffor@toks=\toks60
))
(d:/texlive/2026/texmf-dist/tex/generic/pgf/frontendlayer/tikz/tikz.code.tex
Package: tikz 2025-08-29 v3.1.11a (3.1.11a)

(d:/texlive/2026/texmf-dist/tex/generic/pgf/libraries/pgflibraryplothandlers.co
de.tex
File: pgflibraryplothandlers.code.tex 2025-08-29 v3.1.11a (3.1.11a)
\pgf@plot@mark@count=\count370
\pgfplotmarksize=\dimen325
)
\tikz@lastx=\dimen326
\tikz@lasty=\dimen327
\tikz@lastxsaved=\dimen328
\tikz@lastysaved=\dimen329
\tikz@lastmovetox=\dimen330
\tikz@lastmovetoy=\dimen331
\tikzleveldistance=\dimen332
\tikzsiblingdistance=\dimen333
\tikz@figbox=\box84
\tikz@figbox@bg=\box85
\tikz@tempbox=\box86
\tikz@tempbox@bg=\box87
\tikztreelevel=\count371
\tikznumberofchildren=\count372
\tikznumberofcurrentchild=\count373
\tikz@fig@count=\count374

(d:/texlive/2026/texmf-dist/tex/generic/pgf/modules/pgfmodulematrix.code.tex
File: pgfmodulematrix.code.tex 2025-08-29 v3.1.11a (3.1.11a)
\pgfmatrixcurrentrow=\count375
\pgfmatrixcurrentcolumn=\count376
\pgf@matrix@numberofcolumns=\count377
)
\tikz@expandcount=\count378

(d:/texlive/2026/texmf-dist/tex/generic/pgf/frontendlayer/tikz/libraries/tikzli
brarytopaths.code.tex
File: tikzlibrarytopaths.code.tex 2025-08-29 v3.1.11a (3.1.11a)
)))
(d:/texlive/2026/texmf-dist/tex/generic/pgf/libraries/pgflibraryarrows.meta.cod
e.tex
File: pgflibraryarrows.meta.code.tex 2025-08-29 v3.1.11a (3.1.11a)
\pgfarrowinset=\dimen334
\pgfarrowlength=\dimen335
\pgfarrowwidth=\dimen336
\pgfarrowlinewidth=\dimen337
)
(d:/texlive/2026/texmf-dist/tex/generic/pgf/frontendlayer/tikz/libraries/tikzli
brarypositioning.code.tex
File: tikzlibrarypositioning.code.tex 2025-08-29 v3.1.11a (3.1.11a)
)
(d:/texlive/2026/texmf-dist/tex/generic/pgf/frontendlayer/tikz/libraries/tikzli
brarycalc.code.tex
File: tikzlibrarycalc.code.tex 2025-08-29 v3.1.11a (3.1.11a)
)
(d:/texlive/2026/texmf-dist/tex/generic/pgf/frontendlayer/tikz/libraries/tikzli
braryfit.code.tex
File: tikzlibraryfit.code.tex 2025-08-29 v3.1.11a (3.1.11a)
)
(d:/texlive/2026/texmf-dist/tex/generic/pgf/frontendlayer/tikz/libraries/tikzli
brarymatrix.code.tex
File: tikzlibrarymatrix.code.tex 2025-08-29 v3.1.11a (3.1.11a)
)
(d:/texlive/2026/texmf-dist/tex/generic/pgf/frontendlayer/tikz/libraries/tikzli
braryshapes.geometric.code.tex
File: tikzlibraryshapes.geometric.code.tex 2025-08-29 v3.1.11a (3.1.11a)

(d:/texlive/2026/texmf-dist/tex/generic/pgf/libraries/shapes/pgflibraryshapes.g
eometric.code.tex
File: pgflibraryshapes.geometric.code.tex 2025-08-29 v3.1.11a (3.1.11a)
))
(d:/texlive/2026/texmf-dist/tex/generic/pgf/frontendlayer/tikz/libraries/tikzli
braryshapes.misc.code.tex
File: tikzlibraryshapes.misc.code.tex 2025-08-29 v3.1.11a (3.1.11a)

(d:/texlive/2026/texmf-dist/tex/generic/pgf/libraries/shapes/pgflibraryshapes.m
isc.code.tex
File: pgflibraryshapes.misc.code.tex 2025-08-29 v3.1.11a (3.1.11a)
))
(d:/texlive/2026/texmf-dist/tex/generic/pgf/frontendlayer/tikz/libraries/tikzli
braryshapes.symbols.code.tex
File: tikzlibraryshapes.symbols.code.tex 2025-08-29 v3.1.11a (3.1.11a)

(d:/texlive/2026/texmf-dist/tex/generic/pgf/libraries/shapes/pgflibraryshapes.s
ymbols.code.tex
File: pgflibraryshapes.symbols.code.tex 2025-08-29 v3.1.11a (3.1.11a)
))
(d:/texlive/2026/texmf-dist/tex/generic/pgf/frontendlayer/tikz/libraries/tikzli
braryshapes.multipart.code.tex
File: tikzlibraryshapes.multipart.code.tex 2025-08-29 v3.1.11a (3.1.11a)

(d:/texlive/2026/texmf-dist/tex/generic/pgf/libraries/shapes/pgflibraryshapes.m
ultipart.code.tex
File: pgflibraryshapes.multipart.code.tex 2025-08-29 v3.1.11a (3.1.11a)
\pgfnodepartlowerbox=\box88
\pgfnodeparttwobox=\box89
\pgfnodepartthreebox=\box90
\pgfnodepartfourbox=\box91
\pgfnodeparttwentybox=\box92
\pgfnodepartnineteenbox=\box93
\pgfnodeparteighteenbox=\box94
\pgfnodepartseventeenbox=\box95
\pgfnodepartsixteenbox=\box96
\pgfnodepartfifteenbox=\box97
\pgfnodepartfourteenbox=\box98
\pgfnodepartthirteenbox=\box99
\pgfnodeparttwelvebox=\box100
\pgfnodepartelevenbox=\box101
\pgfnodeparttenbox=\box102
\pgfnodepartninebox=\box103
\pgfnodeparteightbox=\box104
\pgfnodepartsevenbox=\box105
\pgfnodepartsixbox=\box106
\pgfnodepartfivebox=\box107
))
(d:/texlive/2026/texmf-dist/tex/generic/pgf/frontendlayer/tikz/libraries/tikzli
brarybackgrounds.code.tex
File: tikzlibrarybackgrounds.code.tex 2025-08-29 v3.1.11a (3.1.11a)
\pgf@layerbox@background=\box108
\pgf@layerboxsaved@background=\box109
)
(d:/texlive/2026/texmf-dist/tex/generic/pgf/frontendlayer/tikz/libraries/tikzli
brarydecorations.pathreplacing.code.tex
(d:/texlive/2026/texmf-dist/tex/generic/pgf/frontendlayer/tikz/libraries/tikzli
brarydecorations.code.tex
(d:/texlive/2026/texmf-dist/tex/generic/pgf/modules/pgfmoduledecorations.code.t
ex
\pgfdecoratedcompleteddistance=\dimen338
\pgfdecoratedremainingdistance=\dimen339
\pgfdecoratedinputsegmentcompleteddistance=\dimen340
\pgfdecoratedinputsegmentremainingdistance=\dimen341
\pgf@decorate@distancetomove=\dimen342
\pgf@decorate@repeatstate=\count379
\pgfdecorationsegmentamplitude=\dimen343
\pgfdecorationsegmentlength=\dimen344
)
\tikz@lib@dec@box=\box110
)
(d:/texlive/2026/texmf-dist/tex/generic/pgf/libraries/decorations/pgflibrarydec
orations.pathreplacing.code.tex))
(d:/texlive/2026/texmf-dist/tex/generic/pgf/frontendlayer/tikz/libraries/tikzli
brarydecorations.markings.code.tex
(d:/texlive/2026/texmf-dist/tex/generic/pgf/libraries/decorations/pgflibrarydec
orations.markings.code.tex))
(d:/texlive/2026/texmf-dist/tex/generic/pgf/frontendlayer/tikz/libraries/tikzli
braryangles.code.tex
File: tikzlibraryangles.code.tex 2025-08-29 v3.1.11a (3.1.11a)
)
(d:/texlive/2026/texmf-dist/tex/generic/pgf/frontendlayer/tikz/libraries/tikzli
braryquotes.code.tex
File: tikzlibraryquotes.code.tex 2025-08-29 v3.1.11a (3.1.11a)
)
(d:/texlive/2026/texmf-dist/tex/generic/pgf/frontendlayer/tikz/libraries/tikzli
brarypatterns.code.tex
File: tikzlibrarypatterns.code.tex 2025-08-29 v3.1.11a (3.1.11a)

(d:/texlive/2026/texmf-dist/tex/generic/pgf/libraries/pgflibrarypatterns.code.t
ex
File: pgflibrarypatterns.code.tex 2025-08-29 v3.1.11a (3.1.11a)
))
(d:/texlive/2026/texmf-dist/tex/generic/pgf/frontendlayer/tikz/libraries/tikzli
brarypatterns.meta.code.tex
(d:/texlive/2026/texmf-dist/tex/generic/pgf/libraries/pgflibrarypatterns.meta.c
ode.tex))
(d:/texlive/2026/texmf-dist/tex/generic/pgf/frontendlayer/tikz/libraries/tikzli
braryintersections.code.tex
(d:/texlive/2026/texmf-dist/tex/generic/pgf/libraries/pgflibraryintersections.c
ode.tex
(d:/texlive/2026/texmf-dist/tex/generic/pgf/libraries/pgflibraryfpu.code.tex)
\pgf@intersect@solutions=\count380
)) (d:/texlive/2026/texmf-dist/tex/latex/pgfplots/pgfplots.sty
(d:/texlive/2026/texmf-dist/tex/generic/pgfplots/pgfplots.revision.tex)
Package: pgfplots 2025/08/14 v1.18.2 Data Visualization (1.18.2)

(d:/texlive/2026/texmf-dist/tex/generic/pgfplots/pgfplots.code.tex
(d:/texlive/2026/texmf-dist/tex/generic/pgfplots/pgfplotscore.code.tex
Package pgfplots info on input line 124: Initializing with LUA version Lua 5.3
\pgfplots@luabackend@table=\catcodetable20
\t@pgfplots@toka=\toks61
\t@pgfplots@tokb=\toks62
\t@pgfplots@tokc=\toks63
\pgfplots@tmpa=\dimen345
\c@pgfplots@coordindex=\count381
\c@pgfplots@scanlineindex=\count382

(d:/texlive/2026/texmf-dist/tex/generic/pgfplots/sys/pgfplotssysgeneric.code.te
x))
(d:/texlive/2026/texmf-dist/tex/generic/pgfplots/libs/pgfplotslibrary.code.tex)
(d:/texlive/2026/texmf-dist/tex/generic/pgfplots/oldpgfcompatib/pgfplotsoldpgfs
upp_loader.code.tex
(d:/texlive/2026/texmf-dist/tex/generic/pgfplots/oldpgfcompatib/pgfplotsoldpgfs
upp_pgfutil-common-lists.tex)
(d:/texlive/2026/texmf-dist/tex/generic/pgf/libraries/luamath/pgflibraryluamath
.code.tex)
Package pgfplots info on input line 292: luamath library shipped with pgf 3.1.1
1a is up-to-date
)
(d:/texlive/2026/texmf-dist/tex/generic/pgfplots/util/pgfplotsutil.code.tex
Package pgfplots info on input line 82: Found new luatex: initializing lua comm
ands instead of write18 (shell-escape)

(d:/texlive/2026/texmf-dist/tex/generic/pgfplots/liststructure/pgfplotsliststru
cture.code.tex)
(d:/texlive/2026/texmf-dist/tex/generic/pgfplots/liststructure/pgfplotsliststru
ctureext.code.tex)
(d:/texlive/2026/texmf-dist/tex/generic/pgfplots/liststructure/pgfplotsarray.co
de.tex
\c@pgfplotsarray@tmp=\count383
)
(d:/texlive/2026/texmf-dist/tex/generic/pgfplots/liststructure/pgfplotsmatrix.c
ode.tex)
(d:/texlive/2026/texmf-dist/tex/generic/pgfplots/numtable/pgfplotstableshared.c
ode.tex
\c@pgfplotstable@counta=\count384
\t@pgfplotstable@a=\toks64
)
(d:/texlive/2026/texmf-dist/tex/generic/pgfplots/liststructure/pgfplotsdeque.co
de.tex)
(d:/texlive/2026/texmf-dist/tex/generic/pgfplots/util/pgfplotsbinary.code.tex
(d:/texlive/2026/texmf-dist/tex/generic/pgfplots/util/pgfplotsbinary.data.code.
tex))
(d:/texlive/2026/texmf-dist/tex/generic/pgfplots/util/pgfplotsutil.verb.code.te
x)
(d:/texlive/2026/texmf-dist/tex/generic/pgfplots/libs/pgflibrarypgfplots.surfsh
ading.code.tex
\c@pgfplotslibrarysurf@no=\count385

(d:/texlive/2026/texmf-dist/tex/generic/pgfplots/sys/pgflibrarypgfplots.surfsha
ding.pgfsys-luatex.def)))
(d:/texlive/2026/texmf-dist/tex/generic/pgfplots/util/pgfplotscolormap.code.tex
(d:/texlive/2026/texmf-dist/tex/generic/pgfplots/util/pgfplotscolor.code.tex))
(d:/texlive/2026/texmf-dist/tex/generic/pgfplots/pgfplotsstackedplots.code.tex) (d:/texlive/2026/texmf-dist/tex/generic/pgfplots/pgfplotsplothandlers.code.tex
(d:/texlive/2026/texmf-dist/tex/generic/pgfplots/pgfplotsmeshplothandler.code.t
ex
(d:/texlive/2026/texmf-dist/tex/generic/pgfplots/pgfplotsmeshplotimage.code.tex
))) (d:/texlive/2026/texmf-dist/tex/generic/pgfplots/pgfplots.scaling.code.tex)
(d:/texlive/2026/texmf-dist/tex/generic/pgfplots/pgfplotscoordprocessing.code.t
ex)
(d:/texlive/2026/texmf-dist/tex/generic/pgfplots/pgfplots.errorbars.code.tex)
(d:/texlive/2026/texmf-dist/tex/generic/pgfplots/pgfplots.markers.code.tex)
(d:/texlive/2026/texmf-dist/tex/generic/pgfplots/pgfplotsticks.code.tex)
(d:/texlive/2026/texmf-dist/tex/generic/pgfplots/pgfplots.paths.code.tex)
(d:/texlive/2026/texmf-dist/tex/generic/pgf/frontendlayer/tikz/libraries/tikzli
brarydecorations.pathmorphing.code.tex
(d:/texlive/2026/texmf-dist/tex/generic/pgf/libraries/decorations/pgflibrarydec
orations.pathmorphing.code.tex))
(d:/texlive/2026/texmf-dist/tex/generic/pgfplots/libs/tikzlibrarypgfplots.conto
urlua.code.tex)
\pgfplots@numplots=\count386
\pgfplots@xmin@reg=\dimen346
\pgfplots@xmax@reg=\dimen347
\pgfplots@ymin@reg=\dimen348
\pgfplots@ymax@reg=\dimen349
\pgfplots@zmin@reg=\dimen350
\pgfplots@zmax@reg=\dimen351
)
(d:/texlive/2026/texmf-dist/tex/generic/pgf/frontendlayer/tikz/libraries/tikzli
braryplotmarks.code.tex
File: tikzlibraryplotmarks.code.tex 2025-08-29 v3.1.11a (3.1.11a)

(d:/texlive/2026/texmf-dist/tex/generic/pgf/libraries/pgflibraryplotmarks.code.
tex
File: pgflibraryplotmarks.code.tex 2025-08-29 v3.1.11a (3.1.11a)
)))
(d:/texlive/2026/texmf-dist/tex/generic/pgfplots/libs/tikzlibrarypgfplots.group
plots.code.tex
\pgfplots@group@current@plot=\count387
\pgfplots@group@current@row=\count388
\pgfplots@group@current@column=\count389
)
(d:/texlive/2026/texmf-dist/tex/generic/pgfplots/libs/tikzlibrarypgfplots.fillb
etween.code.tex
(d:/texlive/2026/texmf-dist/tex/generic/pgfplots/pgfcontrib/tikzlibraryfillbetw
een.code.tex
(d:/texlive/2026/texmf-dist/tex/generic/pgfplots/pgfcontrib/tikzlibrarydecorati
ons.softclip.code.tex
(d:/texlive/2026/texmf-dist/tex/generic/pgfplots/pgfcontrib/pgflibraryfillbetwe
en.code.tex)))
(d:/texlive/2026/texmf-dist/tex/generic/pgfplots/libs/tikzlibrarypgfplots.decor
ations.softclip.code.tex))
(d:/texlive/2026/texmf-dist/tex/generic/pgfplots/libs/tikzlibrarypgfplots.stati
stics.code.tex) (d:/texlive/2026/texmf-dist/tex/latex/forest/forest.sty
Package: forest 2017/07/14 v2.1.5 Drawing (linguistic) trees

(d:/texlive/2026/texmf-dist/tex/generic/pgf/frontendlayer/tikz/libraries/tikzli
braryshapes.code.tex
File: tikzlibraryshapes.code.tex 2025-08-29 v3.1.11a (3.1.11a)

(d:/texlive/2026/texmf-dist/tex/generic/pgf/frontendlayer/tikz/libraries/tikzli
braryshapes.arrows.code.tex
File: tikzlibraryshapes.arrows.code.tex 2025-08-29 v3.1.11a (3.1.11a)

(d:/texlive/2026/texmf-dist/tex/generic/pgf/libraries/shapes/pgflibraryshapes.a
rrows.code.tex
File: pgflibraryshapes.arrows.code.tex 2025-08-29 v3.1.11a (3.1.11a)
))
(d:/texlive/2026/texmf-dist/tex/generic/pgf/frontendlayer/tikz/libraries/tikzli
braryshapes.callouts.code.tex
(d:/texlive/2026/texmf-dist/tex/generic/pgf/libraries/shapes/pgflibraryshapes.c
allouts.code.tex))) (d:/texlive/2026/texmf-dist/tex/latex/pgfopts/pgfopts.sty
Package: pgfopts 2014/07/10 v2.1a LaTeX package options with pgfkeys
\pgfopts@list@add@a@toks=\toks65
\pgfopts@list@add@b@toks=\toks66
)
(d:/texlive/2026/texmf-dist/tex/latex/elocalloc/elocalloc.sty
Package: elocalloc 2016/12/15 v0.03 local allocation for LaTeX 2015+ (DPC)
)
(d:/texlive/2026/texmf-dist/tex/latex/environ/environ.sty
Package: environ 2014/05/04 v0.3 A new way to define environments

(d:/texlive/2026/texmf-dist/tex/latex/trimspaces/trimspaces.sty
Package: trimspaces 2009/09/17 v1.1 Trim spaces around a token list
))
(d:/texlive/2026/texmf-dist/tex/latex/inlinedef/inlinedef.sty
Package: inlinedef 2008/07/10 v1.0 Inlined expansions within definitions
\ID@toks=\toks67
\ID@count=\count390
)
\ID@usercommands=\toks68
\safeloop@depth=\count391
\safeRKloop@depth=\count392
\forest@temp@dimen=\dimen352
\forest@temp@count=\count393
\forest@n=\count394
\forest@temp@global@count=\count395
\forest@temp@toks=\toks69
\forest@temparray@M=\count396
\forest@temparray@N=\count397
\forest@global@temparray@M=\count398
\forest@global@temparray@N=\count399
\forest@isnum@count=\count400
\forest@isdim@nonintpart=\count401
\forest@isdim@dimen=\dimen353
\forest@sort@m=\count402
\forest@sort@k=\count403
\forest@sort@p=\count404
\bracket@content=\toks70
\bracket@afterthought=\toks71
\forest@node@maxid=\count405
\forest@process@left@M=\count406
\forest@process@left@N=\count407
\forest@process@right@M=\count408
\forest@process@right@N=\count409
\forest@process@saved@M=\count410
\forest@process@saved@N=\count411
\forest@process@result@M=\count412
\forest@process@result@N=\count413
\forest@process@n=\count414
\forest@nodewalk@branch@toks=\toks72
\forest@nodewalk@shortsteps@resolution=\toks73
\forest@do@dynamics=\toks74
\forest@box=\box111
\forest@xg=\dimen354
\forest@yg=\dimen355
\forest@xs=\dimen356
\forest@ys=\dimen357
\forest@pi@toks=\toks75
\forest@segment@toks=\toks76
\forest@PIi@toks=\toks77
\forest@PIii@toks=\toks78
\forest@copy@in=\read3
\forest@copy@out=\write4
\forest@externalize@max@outer@n=\count415
\forest@externalize@inner@n=\count416
)
(../../../styles/figure-style-v2.3.1.tex)
\c@definition=\count417
\c@example=\count418
\c@exercise=\count419
\c@theorem=\count420
\c@lemma=\count421
\c@corollary=\count422
\c@proposition=\count423
\c@remark=\count424

(d:/texlive/2026/texmf-dist/tex/latex/tcolorbox/tcolorbox.sty
Package: tcolorbox 2025/11/28 version 6.9.0 text color boxes

(d:/texlive/2026/texmf-dist/tex/latex/tools/verbatim.sty
Package: verbatim 2024-01-22 v1.5x LaTeX2e package for verbatim enhancements
\every@verbatim=\toks79
\verbatim@line=\toks80
\verbatim@in@stream=\read4
)
\tcb@titlebox=\box112
\tcb@upperbox=\box113
\tcb@lowerbox=\box114
\tcb@phantombox=\box115
\c@tcbbreakpart=\count425
\c@tcblayer=\count426
\c@tcolorbox@number=\count427
\l__tcobox_tmpa_box=\box116
\l__tcobox_tmpa_dim=\dimen358
\tcb@temp=\box117
\tcb@temp=\box118
\tcb@temp=\box119
\tcb@temp=\box120

(d:/texlive/2026/texmf-dist/tex/latex/tcolorbox/tcbraster.code.tex
Library (tcolorbox): 'tcbraster.code.tex' version '6.9.0'
\c@tcbrastercolumn=\count428
\c@tcbrasterrow=\count429
\c@tcbrasternum=\count430
\c@tcbraster=\count431
) (d:/texlive/2026/texmf-dist/tex/latex/tcolorbox/tcbskins.code.tex
Library (tcolorbox): 'tcbskins.code.tex' version '6.9.0'
(d:/texlive/2026/texmf-dist/tex/latex/tikzfill/tikzfill.image.sty
Package: tikzfill.image 2023/08/08 v1.0.1 Image filling library for TikZ

(d:/texlive/2026/texmf-dist/tex/latex/tikzfill/tikzfill-common.sty
Package: tikzfill-common 2023/08/08 v1.0.1 Auxiliary code for tikzfill
)
(d:/texlive/2026/texmf-dist/tex/latex/tikzfill/tikzlibraryfill.image.code.tex
File: tikzlibraryfill.image.code.tex 2023/08/08 v1.0.1 Image filling library
\l__tikzfill_img_box=\box121
)) (d:/texlive/2026/texmf-dist/tex/latex/tcolorbox/tcbskinsjigsaw.code.tex
Library (tcolorbox): 'tcbskinsjigsaw.code.tex' version '6.9.0'
)) (d:/texlive/2026/texmf-dist/tex/latex/tcolorbox/tcbbreakable.code.tex
Library (tcolorbox): 'tcbbreakable.code.tex' version '6.9.0'
(d:/texlive/2026/texmf-dist/tex/latex/pdfcol/pdfcol.sty
Package: pdfcol 2022-09-21 v1.7 Handle new color stacks for pdfTeX (HO)
)
Package pdfcol Info: New color stack `tcb@breakable' = 1 on input line 23.
\tcb@testbox=\box122
\tcb@totalupperbox=\box123
\tcb@totallowerbox=\box124

(d:/texlive/2026/texmf-dist/tex/generic/iftex/ifluatex.sty
Package: ifluatex 2019/10/25 v1.5 ifluatex legacy package. Use iftex instead.
))
(d:/texlive/2026/texmf-dist/tex/latex/tcolorbox/tcbhooks.code.tex
Library (tcolorbox): 'tcbhooks.code.tex' version '6.9.0'
) (d:/texlive/2026/texmf-dist/tex/latex/tcolorbox/tcbtheorems.code.tex
Library (tcolorbox): 'tcbtheorems.code.tex' version '6.9.0'
) (d:/texlive/2026/texmf-dist/tex/latex/tcolorbox/tcbfitting.code.tex
Library (tcolorbox): 'tcbfitting.code.tex' version '6.9.0'
\tcbfitdim=\dimen359
\tcb@lowerfitdim=\dimen360
\tcb@upperfitdim=\dimen361
\tcb@cur@hbadness=\count432
) (d:/texlive/2026/texmf-dist/tex/latex/tcolorbox/tcblistingsutf8.code.tex
Library (tcolorbox): 'tcblistingsutf8.code.tex' version '6.9.0'
(d:/texlive/2026/texmf-dist/tex/latex/tcolorbox/tcblistings.code.tex
Library (tcolorbox): 'tcblistings.code.tex' version '6.9.0'
(d:/texlive/2026/texmf-dist/tex/latex/listings/listings.sty
\lst@mode=\count433
\lst@gtempboxa=\box125
\lst@token=\toks81
\lst@length=\count434
\lst@currlwidth=\dimen362
\lst@column=\count435
\lst@pos=\count436
\lst@lostspace=\dimen363
\lst@width=\dimen364
\lst@newlines=\count437
\lst@lineno=\count438
\lst@maxwidth=\dimen365

(d:/texlive/2026/texmf-dist/tex/latex/listings/lstpatch.sty
File: lstpatch.sty 2025/11/14 1.11b (Carsten Heinz)
)
(d:/texlive/2026/texmf-dist/tex/latex/listings/lstmisc.sty
File: lstmisc.sty 2025/11/14 1.11b (Carsten Heinz)
\c@lstnumber=\count439
\lst@skipnumbers=\count440
\lst@framebox=\box126
)
(d:/texlive/2026/texmf-dist/tex/latex/listings/listings.cfg
File: listings.cfg 2025/11/14 1.11b listings configuration
))
Package: listings 2025/11/14 1.11b (Carsten Heinz)

(d:/texlive/2026/texmf-dist/tex/luatex/luatexja/patches/lltjp-listings.sty
(d:/texlive/2026/texmf-dist/tex/luatex/luatexbase/luatexbase-cctb.sty
Package: luatexbase-cctb 2015/10/04 v1.3 luatexbase interface to LuaTeX (legacy
 subpackage) 
)
\ltj@lst@japanese@min=\count441
\CatcodeTableLTJlistings=\catcodetable21
\ltj@lst@frame@lslimit@h=\dimen366
\ltj@lst@frame@lslimit@d=\dimen367

(d:/texlive/2026/texmf-dist/tex/latex/listings/lstmisc.sty
File: lstmisc.sty 2025/11/14 1.11b (Carsten Heinz)
\lst@WFtoken=\toks82
\lst@WF=\write5
))
==> First Aid for listings.sty no longer applied!
    Expected:
        2024/09/23 1.10c (Carsten Heinz)
    but found:
        2025/11/14 1.11b (Carsten Heinz)
    so I'm assuming it got fixed.
(d:/texlive/2026/texmf-dist/tex/latex/tcolorbox/tcblistingscore.code.tex
Library (tcolorbox): 'tcblistingscore.code.tex' version '6.9.0'
(d:/texlive/2026/texmf-dist/tex/latex/tcolorbox/tcbprocessing.code.tex
Library (tcolorbox): 'tcbprocessing.code.tex' version '6.9.0'
)
\c@tcblisting=\count442
))
Package tcolorbox Info: Library `listingsutf8' is compatible with pdftex only. 
Library `listings` is loaded instead. on input line 29.
) (d:/texlive/2026/texmf-dist/tex/latex/tcolorbox/tcbexternal.code.tex
Library (tcolorbox): 'tcbexternal.code.tex' version '6.9.0'
) (d:/texlive/2026/texmf-dist/tex/latex/tcolorbox/tcbmagazine.code.tex
Library (tcolorbox): 'tcbmagazine.code.tex' version '6.9.0'
) (d:/texlive/2026/texmf-dist/tex/latex/tcolorbox/tcbvignette.code.tex
Library (tcolorbox): 'tcbvignette.code.tex' version '6.9.0'

(d:/texlive/2026/texmf-dist/tex/generic/pgf/frontendlayer/tikz/libraries/tikzli
braryfadings.code.tex
File: tikzlibraryfadings.code.tex 2025-08-29 v3.1.11a (3.1.11a)

(d:/texlive/2026/texmf-dist/tex/generic/pgf/libraries/pgflibraryfadings.code.te
x
File: pgflibraryfadings.code.tex 2025-08-29 v3.1.11a (3.1.11a)
))) (d:/texlive/2026/texmf-dist/tex/latex/tcolorbox/tcbposter.code.tex
Library (tcolorbox): 'tcbposter.code.tex' version '6.9.0'
))
\ExampleBeforeSkip=\skip107
\ExampleToSolutionSkip=\skip108
\SolutionAfterSkip=\skip109
 (d:/texlive/2026/texmf-dist/tex/latex/hyperref/hyperref.sty
Package: hyperref 2026-01-29 v7.01p Hypertext links for LaTeX

(d:/texlive/2026/texmf-dist/tex/latex/kvsetkeys/kvsetkeys.sty
Package: kvsetkeys 2022-10-05 v1.19 Key value parser (HO)
)
(d:/texlive/2026/texmf-dist/tex/generic/kvdefinekeys/kvdefinekeys.sty
Package: kvdefinekeys 2019-12-19 v1.6 Define keys (HO)
)
(d:/texlive/2026/texmf-dist/tex/generic/pdfescape/pdfescape.sty
Package: pdfescape 2019/12/09 v1.15 Implements pdfTeX's escape features (HO)
)
(d:/texlive/2026/texmf-dist/tex/latex/hycolor/hycolor.sty
Package: hycolor 2020-01-27 v1.10 Color options for hyperref/bookmark (HO)
)
(d:/texlive/2026/texmf-dist/tex/latex/hyperref/nameref.sty
Package: nameref 2026-01-29 v2.58 Cross-referencing by name of section

(d:/texlive/2026/texmf-dist/tex/latex/refcount/refcount.sty
Package: refcount 2019/12/15 v3.6 Data extraction from label references (HO)
)
(d:/texlive/2026/texmf-dist/tex/generic/gettitlestring/gettitlestring.sty
Package: gettitlestring 2019/12/15 v1.6 Cleanup title references (HO)

(d:/texlive/2026/texmf-dist/tex/latex/kvoptions/kvoptions.sty
Package: kvoptions 2022-06-15 v3.15 Key value format for package options (HO)
))
\c@section@level=\count443
)
(d:/texlive/2026/texmf-dist/tex/generic/stringenc/stringenc.sty
Package: stringenc 2019/11/29 v1.12 Convert strings between diff. encodings (HO
)
)
\@linkdim=\dimen368
\Hy@linkcounter=\count444
\Hy@pagecounter=\count445

(d:/texlive/2026/texmf-dist/tex/latex/hyperref/pd1enc.def
File: pd1enc.def 2026-01-29 v7.01p Hyperref: PDFDocEncoding definition (HO)
)
(d:/texlive/2026/texmf-dist/tex/generic/intcalc/intcalc.sty
Package: intcalc 2019/12/15 v1.3 Expandable calculations with integers (HO)
)
\Hy@SavedSpaceFactor=\count446

(d:/texlive/2026/texmf-dist/tex/latex/hyperref/puenc.def
File: puenc.def 2026-01-29 v7.01p Hyperref: PDF Unicode definition (HO)
)
Package hyperref Info: Option `unicode' set `true' on input line 4072.
Package hyperref Info: Hyper figures OFF on input line 4201.
Package hyperref Info: Link nesting OFF on input line 4206.
Package hyperref Info: Hyper index ON on input line 4209.
Package hyperref Info: Plain pages OFF on input line 4216.
Package hyperref Info: Backreferencing OFF on input line 4221.
Package hyperref Info: Implicit mode ON; LaTeX internals redefined.
Package hyperref Info: Bookmarks ON on input line 4468.
\c@Hy@tempcnt=\count447

(d:/texlive/2026/texmf-dist/tex/latex/url/url.sty
\Urlmuskip=\muskip19
Package: url 2013/09/16  ver 3.4  Verb mode for urls, etc.
)
LaTeX Info: Redefining \url on input line 4807.
\XeTeXLinkMargin=\dimen369

(d:/texlive/2026/texmf-dist/tex/generic/bitset/bitset.sty
Package: bitset 2019/12/09 v1.3 Handle bit-vector datatype (HO)

(d:/texlive/2026/texmf-dist/tex/generic/bigintcalc/bigintcalc.sty
Package: bigintcalc 2019/12/15 v1.5 Expandable calculations on big integers (HO
)
))
\Fld@menulength=\count448
\Field@Width=\dimen370
\Fld@charsize=\dimen371
Package hyperref Info: Hyper figures OFF on input line 6084.
Package hyperref Info: Link nesting OFF on input line 6089.
Package hyperref Info: Hyper index ON on input line 6092.
Package hyperref Info: backreferencing OFF on input line 6099.
Package hyperref Info: Link coloring OFF on input line 6104.
Package hyperref Info: Link coloring with OCG OFF on input line 6109.
Package hyperref Info: PDF/A mode OFF on input line 6114.
\Hy@abspage=\count449
\c@Item=\count450
\c@Hfootnote=\count451
)
Package hyperref Info: Driver (autodetected): hluatex.

(d:/texlive/2026/texmf-dist/tex/latex/hyperref/hluatex.def
File: hluatex.def 2026-01-29 v7.01p Hyperref driver for luaTeX
\Fld@listcount=\count452
\c@bookmark@seq@number=\count453

(d:/texlive/2026/texmf-dist/tex/latex/rerunfilecheck/rerunfilecheck.sty
Package: rerunfilecheck 2025-06-21 v1.11 Rerun checks for auxiliary files (HO)

(d:/texlive/2026/texmf-dist/tex/generic/uniquecounter/uniquecounter.sty
Package: uniquecounter 2019/12/15 v1.4 Provide unlimited unique counter (HO)
)
Package uniquecounter Info: New unique counter `rerunfilecheck' on input line 2
84.
)
\Hy@SectionHShift=\skip110
)
Package hyperref Info: Option `unicode' set `true' on input line 737.
Package hyperref Info: Option `colorlinks' set `true' on input line 737.
Package hyperref Info: Option `bookmarksopen' set `true' on input line 737.
Package hyperref Info: Option `bookmarksnumbered' set `true' on input line 737.


(d:/texlive/2026/texmf-dist/tex/latex/bookmark/bookmark.sty
Package: bookmark 2023-12-10 v1.31 PDF bookmarks (HO)

(d:/texlive/2026/texmf-dist/tex/latex/bookmark/bkm-pdftex.def
File: bkm-pdftex.def 2023-12-10 v1.31 bookmark driver for pdfTeX and luaTeX (HO
)
\BKM@id=\count454
))
(d:/texlive/2026/texmf-dist/tex/latex/cleveref/cleveref.sty
Package: cleveref 2018/03/27 v0.21.4 Intelligent cross-referencing
Package cleveref Info: `hyperref' support loaded on input line 2370.
LaTeX Info: Redefining \cref on input line 2370.
LaTeX Info: Redefining \Cref on input line 2370.
LaTeX Info: Redefining \crefrange on input line 2370.
LaTeX Info: Redefining \Crefrange on input line 2370.
LaTeX Info: Redefining \cpageref on input line 2370.
LaTeX Info: Redefining \Cpageref on input line 2370.
LaTeX Info: Redefining \cpagerefrange on input line 2370.
LaTeX Info: Redefining \Cpagerefrange on input line 2370.
LaTeX Info: Redefining \labelcref on input line 2370.
LaTeX Info: Redefining \labelcpageref on input line 2370.
Package cleveref Info: `amsthm' support loaded on input line 3026.
Package cleveref Info: `listings' support loaded on input line 3131.
Package cleveref Info: `algorithm2e' support loaded on input line 3147.
Package cleveref Info: include cross-reference names in hyperlinks on input lin
e 7836.
Package cleveref Info: include cross-reference names in hyperlinks on input lin
e 7852.
Package cleveref Info: no abbreviation of names on input line 7852.
)
==> First Aid for cleveref.sty applied!
(d:/texlive/2026/texmf-dist/tex/latex/imakeidx/imakeidx.sty
Package: imakeidx 2016/10/15 v1.3e Package for typesetting indices in a synchro
nous mode

(d:/texlive/2026/texmf-dist/tex/generic/iftex/ifxetex.sty
Package: ifxetex 2019/10/25 v0.7 ifxetex legacy package. Use iftex instead.
)
(d:/texlive/2026/texmf-dist/tex/latex/tools/multicol.sty
Package: multicol 2025/10/21 v2.0b multicolumn formatting (FMi)
\c@tracingmulticols=\count455
\mult@box=\box127
\multicol@leftmargin=\dimen372
\c@unbalance=\count456
\c@collectmore=\count457
\doublecol@number=\count458
\multicoltolerance=\count459
\multicolpretolerance=\count460
\full@width=\dimen373
\page@free=\dimen374
\premulticols=\dimen375
\postmulticols=\dimen376
\multicolsep=\skip111
\multicolbaselineskip=\skip112
\partial@page=\box128
\last@line=\box129
\mc@boxedresult=\box130
\maxbalancingoverflow=\dimen377
\mult@rightbox=\box131
\mult@grightbox=\box132
\mult@firstbox=\box133
\mult@gfirstbox=\box134
\@tempa=\box135
\@tempa=\box136
\@tempa=\box137
\@tempa=\box138
\@tempa=\box139
\@tempa=\box140
\@tempa=\box141
\@tempa=\box142
\@tempa=\box143
\@tempa=\box144
\@tempa=\box145
\@tempa=\box146
\@tempa=\box147
\@tempa=\box148
\@tempa=\box149
\@tempa=\box150
\@tempa=\box151
\@tempa=\box152
\@tempa=\box153
\@tempa=\box154
\@tempa=\box155
\@tempa=\box156
\@tempa=\box157
\@tempa=\box158
\@tempa=\box159
\@tempa=\box160
\@tempa=\box161
\@tempa=\box162
\@tempa=\box163
\@tempa=\box164
\@tempa=\box165
\@tempa=\box166
\@tempa=\box167
\@tempa=\box168
\@tempa=\box169
\@tempa=\box170
\c@minrows=\count461
\c@columnbadness=\count462
\c@finalcolumnbadness=\count463
\last@try=\dimen378
\multicolovershoot=\dimen379
\multicolundershoot=\dimen380
\mult@nat@firstbox=\box171
\colbreak@box=\box172
\mc@col@check@num=\count464
\g__mc_curr_col_int=\count465
))
\p737_root_r3_page@idxfile=\write6

\openout6 = p737_root_r3_page.idx

Writing index file p737_root_r3_page.idx
\symbols@idxfile=\write7

\openout7 = symbols.idx
Writing index file symbols.idx
)

Package hyperref Warning: Token not allowed in a PDF string (Unicode):
(hyperref)                removing `\leavevmode@ifvmode' on input line 3.


Package hyperref Warning: Token not allowed in a PDF string (Unicode):
(hyperref)                \kern 5.47499pt
(hyperref)                replaced by space on input line 3.


Package hyperref Warning: Token not allowed in a PDF string (Unicode):
(hyperref)                removing `\leavevmode@ifvmode' on input line 3.


Package hyperref Warning: Token not allowed in a PDF string (Unicode):
(hyperref)                \kern 5.47499pt
(hyperref)                replaced by space on input line 3.

LaTeX Font Info:    Redeclaring symbol font `CJKmath' on input line 4.
LaTeX Font Info:    Overwriting symbol font `CJKmath' in version `normal'
(Font)                  LTJY3/song/m/n --> LTJY3/NotoSerifSC(0)/m/n on input li
ne 4.
LaTeX Font Info:    Overwriting symbol font `CJKmath' in version `bold'
(Font)                  LTJY3/song/m/n --> LTJY3/NotoSerifSC(0)/m/n on input li
ne 4.
LaTeX Font Info:    Overwriting symbol font `CJKmath' in version `bold'
(Font)                  LTJY3/NotoSerifSC(0)/m/n --> LTJY3/NotoSerifSC(0)/b/n o
n input line 4.

(d:/Users/ASUS/Desktop/机器学习/v2.7.0/_work/evidence/figures/FIG-P737-01/R
3/p737_root_r3_page.aux)
\openout1 = p737_root_r3_page.aux

LaTeX Font Info:    Checking defaults for OML/cmm/m/it on input line 4.
LaTeX Font Info:    ... okay on input line 4.
LaTeX Font Info:    Checking defaults for OMS/cmsy/m/n on input line 4.
LaTeX Font Info:    ... okay on input line 4.
LaTeX Font Info:    Checking defaults for OT1/cmr/m/n on input line 4.
LaTeX Font Info:    ... okay on input line 4.
LaTeX Font Info:    Checking defaults for T1/cmr/m/n on input line 4.
LaTeX Font Info:    ... okay on input line 4.
LaTeX Font Info:    Checking defaults for TS1/cmr/m/n on input line 4.
LaTeX Font Info:    ... okay on input line 4.
LaTeX Font Info:    Checking defaults for TU/lmr/m/n on input line 4.
LaTeX Font Info:    ... okay on input line 4.
LaTeX Font Info:    Checking defaults for OMX/cmex/m/n on input line 4.
LaTeX Font Info:    ... okay on input line 4.
LaTeX Font Info:    Checking defaults for U/cmr/m/n on input line 4.
LaTeX Font Info:    ... okay on input line 4.
LaTeX Font Info:    Checking defaults for LTJY3/song/m/n on input line 4.
LaTeX Font Info:    ... okay on input line 4.
LaTeX Font Info:    Checking defaults for PD1/pdf/m/n on input line 4.
LaTeX Font Info:    ... okay on input line 4.
LaTeX Font Info:    Checking defaults for PU/pdf/m/n on input line 4.
LaTeX Font Info:    ... okay on input line 4.
LaTeX Font Info:    Overwriting math alphabet `\mathrm' in version `normal'
(Font)                  TU/STIXTwoMath(1)/m/n --> TU/STIXTwoText(0)/m/n on inpu
t line 4.
LaTeX Font Info:    Overwriting math alphabet `\mathit' in version `normal'
(Font)                  OT1/cmr/m/it --> TU/STIXTwoText(0)/m/it on input line 4
.
LaTeX Font Info:    Overwriting math alphabet `\mathbf' in version `normal'
(Font)                  OT1/cmr/bx/n --> TU/STIXTwoText(0)/b/n on input line 4.

LaTeX Font Info:    Overwriting math alphabet `\mathsf' in version `normal'
(Font)                  OT1/cmss/m/n --> TU/TeXGyreHeros(0)/m/n on input line 4
.
LaTeX Font Info:    Overwriting math alphabet `\mathsf' in version `bold'
(Font)                  OT1/cmss/m/n --> TU/TeXGyreHeros(0)/b/n on input line 4
.
LaTeX Font Info:    Overwriting math alphabet `\mathtt' in version `normal'
(Font)                  OT1/cmtt/m/n --> TU/lmtt/m/n on input line 4.
LaTeX Font Info:    Overwriting math alphabet `\mathtt' in version `bold'
(Font)                  OT1/cmtt/m/n --> TU/lmtt/b/n on input line 4.


Package unicode-math Warning: Using \overbracket and \underbracket from
(unicode-math)                `mathtools' package.
(unicode-math)                 
(unicode-math)                 Use \Uoverbracket and \Uunderbracket for
(unicode-math)                original `unicode-math' definition.


Package unicode-math Warning: I'm going to overwrite the following commands
(unicode-math)                from the `mathtools' package: 
(unicode-math)                 
(unicode-math)                     \dblcolon, \coloneqq, \Coloneqq, \eqqcolon.
(unicode-math)                
(unicode-math)                 
(unicode-math)                 Note that since I won't overwrite the other
(unicode-math)                colon-like commands, using them will lead to
(unicode-math)                inconsistencies.

*geometry* driver: auto-detecting
*geometry* detected driver: luatex
*geometry* verbose mode - [ preamble ] result:
* driver: luatex
* paper: a4paper
* layout: <same size as paper>
* layoutoffset:(h,v)=(0.0pt,0.0pt)
* modes: twoside 
* h-part:(L,W,R)=(73.97716pt, 460.93466pt, 62.59605pt)
* v-part:(T,H,B)=(68.2866pt, 708.47363pt, 68.2866pt)
* \paperwidth=597.50787pt
* \paperheight=845.04684pt
* \textwidth=460.93466pt
* \textheight=708.47363pt
* \oddsidemargin=1.70717pt
* \evensidemargin=-9.67393pt
* \topmargin=-38.9003pt
* \headheight=15.0pt
* \headsep=19.91692pt
* \topskip=11.0pt
* \footskip=34.1433pt
* \marginparwidth=106.0pt
* \marginparsep=7.0pt
* \columnsep=10.0pt
* \skip\footins=10.0pt plus 4.0pt minus 2.0pt
* \hoffset=0.0pt
* \voffset=0.0pt
* \mag=1000
* \@twocolumnfalse
* \@twosidetrue
* \@mparswitchtrue
* \@reversemarginfalse
* (1in=72.27pt=25.4mm, 1cm=28.453pt)

LaTeX Info: Redefining \microtypecontext on input line 4.
Package microtype Info: Applying patch `item' on input line 4.
Package microtype Info: Applying patch `toc' on input line 4.
Package microtype Info: Applying patch `eqnum' on input line 4.
Package microtype Info: Applying patch `footnote' on input line 4.
Package microtype Info: Applying patch `verbatim' on input line 4.
LaTeX Info: Redefining \microtypesetup on input line 4.
Package microtype Info: Generating PDF output.
Package microtype Info: Character protrusion enabled (level 2).
Package microtype Info: Using default protrusion set `alltext'.
Package microtype Info: Automatic font expansion enabled (level 2),
(microtype)             stretch: 20, shrink: 20, step: 1, non-selected.
Package microtype Info: Using default expansion set `alltext-nott'.
Package microtype Info: Patching command `\showhyphens'.
Package microtype Info: No adjustment of tracking.
Package microtype Info: No adjustment of spacing.
Package microtype Info: No adjustment of kerning.
Package microtype Info: Loading generic protrusion settings for font family
(microtype)             `STIXTwoText' (encoding: TU).
(microtype)             For optimal results, create family-specific settings.
(microtype)             See the microtype manual for details.

Package microtype Warning: One or more slots in the configuration are unknown.
(microtype)                Make sure that no text commands are used.
(microtype)                See the documentation for details (the note
(microtype)                on `luatexja' in section 11: `Hints and caveats').

(d:/texlive/2026/texmf-dist/tex/context/base/mkii/supp-pdf.mkii
[Loading MPS to PDF converter (version 2006.09.02).]
\scratchcounter=\count466
\scratchdimen=\dimen381
\scratchbox=\box173
\nofMPsegments=\count467
\nofMParguments=\count468
\everyMPshowfont=\toks83
\MPscratchCnt=\count469
\MPscratchDim=\dimen382
\MPnumerator=\count470
\makeMPintoPDFobject=\count471
\everyMPtoPDFconversion=\toks84
) (d:/texlive/2026/texmf-dist/tex/latex/epstopdf-pkg/epstopdf-base.sty
Package: epstopdf-base 2020-01-24 v2.11 Base part for package epstopdf
Package epstopdf-base Info: Redefining graphics rule for `.eps' on input line 4
85.

(d:/texlive/2026/texmf-dist/tex/latex/latexconfig/epstopdf-sys.cfg
File: epstopdf-sys.cfg 2010/07/13 v1.3 Configuration of (r)epstopdf for TeX Liv
e
))
Package caption Info: Begin \AtBeginDocument code.
Package caption Info: hyperref package is loaded.
Package caption Info: listings package is loaded.
Package caption Info: End \AtBeginDocument code.

Package pgfplots notification 'compat/show suggested version=true': document ha
s been generated with the most recent feature set (\pgfplotsset{compat=1.18}).

\c@lstlisting=\count472
Package hyperref Info: Link coloring ON on input line 4.
Package microtype Info: Loading generic protrusion settings for font family
(microtype)             `STIXTwoMath' (encoding: TU).
(microtype)             For optimal results, create family-specific settings.
(microtype)             See the microtype manual for details.
LaTeX Font Info:    Font shape `TU/STIXTwoMath(1)/m/n' will be
(Font)              scaled to size 9.0pt on input line 12.
LaTeX Font Info:    Font shape `TU/STIXTwoMath(2)/m/n' will be
(Font)              scaled to size 9.0pt on input line 12.
LaTeX Font Info:    Font shape `TU/STIXTwoMath(3)/m/n' will be
(Font)              scaled to size 9.0pt on input line 12.
LaTeX Font Info:    Font shape `LTJY3/NotoSerifSC(0)/m/n' will be
(Font)              scaled to size 9.0pt on input line 12.

(../../绘图源码/第05册_采样方法主题模型与图排序/V5-C08/task_r
epresentation_inference_cube.tex
LaTeX Font Info:    Font shape `TU/STIXTwoText(0)/b/n' will be
(Font)              scaled to size 10.95pt on input line 48.
LaTeX Font Info:    Font shape `LTJY3/NotoSerifSC(0)/b/n' will be
(Font)              scaled to size 10.95pt on input line 48.
LaTeX Font Info:    Font shape `TU/STIXTwoText(0)/b/n' will be
(Font)              scaled to size 10.2pt on input line 48.
LaTeX Font Info:    Font shape `LTJY3/NotoSerifSC(0)/b/n' will be
(Font)              scaled to size 10.2pt on input line 48.
LaTeX Font Info:    Calculating math sizes for size <10.2> on input line 49.
LaTeX Font Info:    Font shape `TU/STIXTwoMath(1)/m/n' will be
(Font)              scaled to size 10.2pt on input line 49.
LaTeX Font Info:    Font shape `TU/STIXTwoMath(1)/m/n' will be
(Font)              scaled to size 7.13995pt on input line 49.
LaTeX Font Info:    Font shape `TU/STIXTwoMath(1)/m/n' will be
(Font)              scaled to size 5.09999pt on input line 49.
LaTeX Font Info:    Font shape `TU/STIXTwoMath(2)/m/n' will be
(Font)              scaled to size 10.2pt on input line 49.
LaTeX Font Info:    Font shape `TU/STIXTwoMath(2)/m/n' will be
(Font)              scaled to size 7.13995pt on input line 49.
LaTeX Font Info:    Font shape `TU/STIXTwoMath(2)/m/n' will be
(Font)              scaled to size 5.09999pt on input line 49.
LaTeX Font Info:    Font shape `TU/STIXTwoMath(3)/m/n' will be
(Font)              scaled to size 10.2pt on input line 49.
LaTeX Font Info:    Font shape `TU/STIXTwoMath(3)/m/n' will be
(Font)              scaled to size 7.13995pt on input line 49.
LaTeX Font Info:    Font shape `TU/STIXTwoMath(3)/m/n' will be
(Font)              scaled to size 5.09999pt on input line 49.
LaTeX Font Info:    Font shape `LTJY3/NotoSerifSC(0)/m/n' will be
(Font)              scaled to size 10.2pt on input line 49.
LaTeX Font Info:    Font shape `LTJY3/NotoSerifSC(0)/m/n' will be
(Font)              scaled to size 7.13995pt on input line 49.
LaTeX Font Info:    Font shape `LTJY3/NotoSerifSC(0)/m/n' will be
(Font)              scaled to size 5.09999pt on input line 49.
LaTeX Font Info:    Font shape `TU/STIXTwoText(0)/m/n' will be
(Font)              scaled to size 9.6pt on input line 52.
LaTeX Font Info:    Font shape `LTJY3/NotoSerifSC(0)/m/n' will be
(Font)              scaled to size 9.6pt on input line 52.
LaTeX Font Info:    Calculating math sizes for size <9.6> on input line 52.
LaTeX Font Info:    Font shape `TU/STIXTwoMath(1)/m/n' will be
(Font)              scaled to size 9.6pt on input line 52.
LaTeX Font Info:    Font shape `TU/STIXTwoMath(1)/m/n' will be
(Font)              scaled to size 6.71997pt on input line 52.
LaTeX Font Info:    Font shape `TU/STIXTwoMath(1)/m/n' will be
(Font)              scaled to size 4.8pt on input line 52.
LaTeX Font Info:    Font shape `TU/STIXTwoMath(2)/m/n' will be
(Font)              scaled to size 9.6pt on input line 52.
LaTeX Font Info:    Font shape `TU/STIXTwoMath(2)/m/n' will be
(Font)              scaled to size 6.71997pt on input line 52.
LaTeX Font Info:    Font shape `TU/STIXTwoMath(2)/m/n' will be
(Font)              scaled to size 4.8pt on input line 52.
LaTeX Font Info:    Font shape `TU/STIXTwoMath(3)/m/n' will be
(Font)              scaled to size 9.6pt on input line 52.
LaTeX Font Info:    Font shape `TU/STIXTwoMath(3)/m/n' will be
(Font)              scaled to size 6.71997pt on input line 52.
LaTeX Font Info:    Font shape `TU/STIXTwoMath(3)/m/n' will be
(Font)              scaled to size 4.8pt on input line 52.
LaTeX Font Info:    Font shape `LTJY3/NotoSerifSC(0)/m/n' will be
(Font)              scaled to size 6.71997pt on input line 52.
LaTeX Font Info:    Font shape `LTJY3/NotoSerifSC(0)/m/n' will be
(Font)              scaled to size 4.8pt on input line 52.
LaTeX Font Info:    Font shape `TU/XITSMath-Bold.otf(1)/m/n' will be
(Font)              scaled to size 9.6pt on input line 66.
Package microtype Info: Loading generic protrusion settings for font family
(microtype)             `XITSMath-Bold.otf' (encoding: TU).
(microtype)             For optimal results, create family-specific settings.
(microtype)             See the microtype manual for details.
LaTeX Font Info:    Font shape `TU/XITSMath-Bold.otf(1)/m/n' will be
(Font)              scaled to size 6.71997pt on input line 66.
LaTeX Font Info:    Font shape `TU/XITSMath-Bold.otf(1)/m/n' will be
(Font)              scaled to size 4.8pt on input line 66.
LaTeX Font Info:    Font shape `TU/XITSMath-Bold.otf(2)/m/n' will be
(Font)              scaled to size 9.6pt on input line 66.
LaTeX Font Info:    Font shape `TU/XITSMath-Bold.otf(2)/m/n' will be
(Font)              scaled to size 6.71997pt on input line 66.
LaTeX Font Info:    Font shape `TU/XITSMath-Bold.otf(2)/m/n' will be
(Font)              scaled to size 4.8pt on input line 66.
LaTeX Font Info:    Font shape `TU/XITSMath-Bold.otf(3)/m/n' will be
(Font)              scaled to size 9.6pt on input line 66.
LaTeX Font Info:    Font shape `TU/XITSMath-Bold.otf(3)/m/n' will be
(Font)              scaled to size 6.71997pt on input line 66.
LaTeX Font Info:    Font shape `TU/XITSMath-Bold.otf(3)/m/n' will be
(Font)              scaled to size 4.8pt on input line 66.
LaTeX Font Info:    Font shape `LTJY3/NotoSerifSC(0)/b/n' will be
(Font)              scaled to size 9.6pt on input line 66.
LaTeX Font Info:    Font shape `LTJY3/NotoSerifSC(0)/b/n' will be
(Font)              scaled to size 6.71997pt on input line 66.
LaTeX Font Info:    Font shape `LTJY3/NotoSerifSC(0)/b/n' will be
(Font)              scaled to size 4.8pt on input line 66.
LaTeX Font Info:    Font shape `TU/STIXTwoText(0)/b/n' will be
(Font)              scaled to size 9.6pt on input line 75.
LaTeX Font Info:    Font shape `TU/STIXTwoText(0)/m/n' will be
(Font)              scaled to size 12.0pt on input line 76.
LaTeX Font Info:    Font shape `LTJY3/NotoSerifSC(0)/m/n' will be
(Font)              scaled to size 12.0pt on input line 76.
LaTeX Font Info:    Font shape `TU/STIXTwoMath(1)/m/n' will be
(Font)              scaled to size 12.0pt on input line 76.
LaTeX Font Info:    Font shape `TU/STIXTwoMath(1)/m/n' will be
(Font)              scaled to size 11.5pt on input line 76.
LaTeX Font Info:    Font shape `TU/STIXTwoMath(2)/m/n' will be
(Font)              scaled to size 12.0pt on input line 76.
LaTeX Font Info:    Font shape `TU/STIXTwoMath(2)/m/n' will be
(Font)              scaled to size 11.5pt on input line 76.
LaTeX Font Info:    Font shape `TU/STIXTwoMath(3)/m/n' will be
(Font)              scaled to size 12.0pt on input line 76.
LaTeX Font Info:    Font shape `TU/STIXTwoMath(3)/m/n' will be
(Font)              scaled to size 11.5pt on input line 76.
LaTeX Font Info:    Font shape `LTJY3/NotoSerifSC(0)/m/n' will be
(Font)              scaled to size 11.5pt on input line 76.
LaTeX Font Info:    Font shape `TU/STIXTwoText(0)/m/n' will be
(Font)              scaled to size 10.0pt on input line 116.
LaTeX Font Info:    Font shape `LTJY3/NotoSerifSC(0)/m/n' will be
(Font)              scaled to size 10.0pt on input line 116.
LaTeX Font Info:    Font shape `TU/STIXTwoText(0)/b/n' will be
(Font)              scaled to size 10.0pt on input line 116.
LaTeX Font Info:    Font shape `LTJY3/NotoSerifSC(0)/b/n' will be
(Font)              scaled to size 10.0pt on input line 116.
LaTeX Font Info:    Font shape `TU/STIXTwoMath(1)/m/n' will be
(Font)              scaled to size 10.0pt on input line 116.
LaTeX Font Info:    Font shape `TU/STIXTwoMath(2)/m/n' will be
(Font)              scaled to size 10.0pt on input line 116.
LaTeX Font Info:    Font shape `TU/STIXTwoMath(3)/m/n' will be
(Font)              scaled to size 10.0pt on input line 116.
)
LaTeX Font Info:    Font shape `TU/STIXTwoText(0)/m/sl' in size <10.95> not ava
ilable
(Font)              Font shape `TU/STIXTwoText(0)/m/it' tried instead on input 
line 16.
LaTeX Font Info:    Font shape `TU/STIXTwoText(0)/m/it' will be
(Font)              scaled to size 10.95pt on input line 16.
LaTeX Font Info:    Font shape `LTJY3/NotoSerifSC(0)/m/sl' in size <10.95> not 
available
(Font)              Font shape `LTJY3/NotoSerifSC(0)/m/it' tried instead on inp
ut line 16.
LaTeX Font Info:    Font shape `LTJY3/NotoSerifSC(0)/m/it' will be
(Font)              scaled to size 10.95pt on input line 16.
 [734{d:/texlive/2026/texmf-var/fonts/map/pdftex/updmap/pdftex.map}

]
(d:/Users/ASUS/Desktop/机器学习/v2.7.0/_work/evidence/figures/FIG-P737-01/R
3/p737_root_r3_page.aux)
 ***********
LaTeX2e <2025-11-01>
L3 programming layer <2022/07/14>
 ***********
)

Here is how much of LuaTeX's memory you used:
 68117 strings out of 476076
 244337,2848258 words of node,token memory allocated
 3714 words of node memory still in use:
   31 hlist, 2 vlist, 14 rule, 2 glue, 4 kern, 1 glyph, 1090 attribute, 88 glue_
spec, 127 attribute_list, 2 write, 34 user_defined, 24 pdf_literal, 24 pdf_color
stack nodes
   avail lists: 1:26,2:59966,3:4591,4:1533,5:217,6:148,7:7086,8:17,9:3225,10:12,
12:1
 89023 multiletter control sequences out of 65536+600000
 164 fonts using 257616387 bytes
 104i,21n,130p,3402b,1507s stack positions out of 10000i,1000n,20000p,200000b,200000s
<d:/texlive/2026/texmf-dist/fonts/opentype/public/stix2-otf/STIXTwoText-Bold.otf
><d:/texlive/2026/texmf-dist/fonts/opentype/public/xits/XITSMath-Bold.otf><c:/Wi
ndows/Fonts/Noto Sans SC Bold (TrueType).otf><d:/texlive/2026/texmf-dist/fonts/o
pentype/public/stix2-otf/STIXTwoMath-Regular.otf><c:/Windows/Fonts/NotoSerifSC-V
F.ttf><d:/texlive/2026/texmf-dist/fonts/opentype/public/stix2-otf/STIXTwoText-Re
gular.otf>
Output written on p737_root_r3_page.pdf (1 page, 87599 bytes).

PDF statistics: 97 PDF objects out of 1000 (max. 8388607)
 51 compressed objects within 1 object stream
 3 named destinations out of 1000 (max. 1048576)
 256 words of extra memory for PDF output out of 10000 (max. 100000000)

