glyph_id,char,codepoint,pdf_block,pdf_line,pdf_span,source_span_id,pdf_raw_line_id,parent_text_object,font,font_size_pt_pdf_emit,color_rgb,char_bbox_pt,roi_bbox_px,ink_bbox_px,ink_w_px,ink_h_px,ink_area_px,glyph_class,strict_rule,required_h_px,needs_low_profile_calibration,initial_size_gate,original_1x,overlay_1x,mask_only_1x,contact_8x_nearest,mask_extraction,deconflicted_duplicate_assignment_px,assigned_raw_component_count,contact_sheet,contact_cell
C0001,行,U884C,12,0,0,SPAN_B12_L00_S00,TLINE_B12_L00,TBLOCK_B12,NotoSansSC-Bold,10.1619,#1F2328,"113.003,299.674,123.165,314.389","469,1247,515,1311","471,1261,511,1301",40,40,730,CJK_FULL,H_INK>=30,30.0000,NO,PASS,D:\Users\ASUS\Desktop\机器学习\v2.7.0\_work\evidence\figures\FIG-P547-01\STRICT_R5_REQUAL_R96_SA1_CONT_20260824\glyphs\rois_1x\C0001_U884C_original_1x.png,D:\Users\ASUS\Desktop\机器学习\v2.7.0\_work\evidence\figures\FIG-P547-01\STRICT_R5_REQUAL_R96_SA1_CONT_20260824\glyphs\rois_1x\C0001_U884C_target_overlay_1x.png,D:\Users\ASUS\Desktop\机器学习\v2.7.0\_work\evidence\figures\FIG-P547-01\STRICT_R5_REQUAL_R96_SA1_CONT_20260824\glyphs\rois_1x\C0001_U884C_mask_only_1x.png,D:\Users\ASUS\Desktop\机器学习\v2.7.0\_work\evidence\figures\FIG-P547-01\STRICT_R5_REQUAL_R96_SA1_CONT_20260824\glyphs\cards_8x\C0001_U884C_contact_8x_nearest.png,"exact native 300dpi pixel colour-line segmentation; duplicate kerning-boundary ownership resolved, no morphology / repair / resampling",0,4,glyph_sheet_01_8x_nearest.png,R1C1
C0002,随,U968F,12,0,0,SPAN_B12_L00_S00,TLINE_B12_L00,TBLOCK_B12,NotoSansSC-Bold,10.1619,#1F2328,"123.165,299.674,133.327,314.389","512,1247,557,1311","516,1261,554,1301",38,40,1101,CJK_FULL,H_INK>=30,30.0000,NO,PASS,D:\Users\ASUS\Desktop\机器学习\v2.7.0\_work\evidence\figures\FIG-P547-01\STRICT_R5_REQUAL_R96_SA1_CONT_20260824\glyphs\rois_1x\C0002_U968F_original_1x.png,D:\Users\ASUS\Desktop\机器学习\v2.7.0\_work\evidence\figures\FIG-P547-01\STRICT_R5_REQUAL_R96_SA1_CONT_20260824\glyphs\rois_1x\C0002_U968F_target_overlay_1x.png,D:\Users\ASUS\Desktop\机器学习\v2.7.0\_work\evidence\figures\FIG-P547-01\STRICT_R5_REQUAL_R96_SA1_CONT_20260824\glyphs\rois_1x\C0002_U968F_mask_only_1x.png,D:\Users\ASUS\Desktop\机器学习\v2.7.0\_work\evidence\figures\FIG-P547-01\STRICT_R5_REQUAL_R96_SA1_CONT_20260824\glyphs\cards_8x\C0002_U968F_contact_8x_nearest.png,"exact native 300dpi pixel colour-line segmentation; duplicate kerning-boundary ownership resolved, no morphology / repair / resampling",0,1,glyph_sheet_01_8x_nearest.png,R1C2
C0003,机,U673A,12,0,0,SPAN_B12_L00_S00,TLINE_B12_L00,TBLOCK_B12,NotoSansSC-Bold,10.1619,#1F2328,"133.327,299.674,143.489,314.389","554,1247,600,1311","556,1261,597,1301",41,40,930,CJK_FULL,H_INK>=30,30.0000,NO,PASS,D:\Users\ASUS\Desktop\机器学习\v2.7.0\_work\evidence\figures\FIG-P547-01\STRICT_R5_REQUAL_R96_SA1_CONT_20260824\glyphs\rois_1x\C0003_U673A_original_1x.png,D:\Users\ASUS\Desktop\机器学习\v2.7.0\_work\evidence\figures\FIG-P547-01\STRICT_R5_REQUAL_R96_SA1_CONT_20260824\glyphs\rois_1x\C0003_U673A_target_overlay_1x.png,D:\Users\ASUS\Desktop\机器学习\v2.7.0\_work\evidence\figures\FIG-P547-01\STRICT_R5_REQUAL_R96_SA1_CONT_20260824\glyphs\rois_1x\C0003_U673A_mask_only_1x.png,D:\Users\ASUS\Desktop\机器学习\v2.7.0\_work\evidence\figures\FIG-P547-01\STRICT_R5_REQUAL_R96_SA1_CONT_20260824\glyphs\cards_8x\C0003_U673A_contact_8x_nearest.png,"exact native 300dpi pixel colour-line segmentation; duplicate kerning-boundary ownership resolved, no morphology / repair / resampling",930,1,glyph_sheet_01_8x_nearest.png,R2C1
C0004,𝐴,U1D434,12,0,1,SPAN_B12_L00_S01,TLINE_B12_L00,TBLOCK_B12,STIXTwoMath-Regular,10.1619,#1F2328,"145.876,303.719,152.796,313.881","606,1264,638,1309","606,1269,635,1297",29,28,259,BASE_MATH,H_INK>=22,22.0000,NO,PASS,D:\Users\ASUS\Desktop\机器学习\v2.7.0\_work\evidence\figures\FIG-P547-01\STRICT_R5_REQUAL_R96_SA1_CONT_20260824\glyphs\rois_1x\C0004_U1D434_original_1x.png,D:\Users\ASUS\Desktop\机器学习\v2.7.0\_work\evidence\figures\FIG-P547-01\STRICT_R5_REQUAL_R96_SA1_CONT_20260824\glyphs\rois_1x\C0004_U1D434_target_overlay_1x.png,D:\Users\ASUS\Desktop\机器学习\v2.7.0\_work\evidence\figures\FIG-P547-01\STRICT_R5_REQUAL_R96_SA1_CONT_20260824\glyphs\rois_1x\C0004_U1D434_mask_only_1x.png,D:\Users\ASUS\Desktop\机器学习\v2.7.0\_work\evidence\figures\FIG-P547-01\STRICT_R5_REQUAL_R96_SA1_CONT_20260824\glyphs\cards_8x\C0004_U1D434_contact_8x_nearest.png,"exact native 300dpi pixel colour-line segmentation; duplicate kerning-boundary ownership resolved, no morphology / repair / resampling",0,1,glyph_sheet_01_8x_nearest.png,R2C2
C0005,：,UFF1A,12,0,2,SPAN_B12_L00_S02,TLINE_B12_L00,TBLOCK_B12,NotoSansSC-Bold,10.1619,#1F2328,"152.797,299.674,162.959,314.389","635,1247,681,1311","642,1269,651,1298",9,29,126,LOW_PROFILE,INDEPENDENT_CALIBRATION,CALIBRATION,YES,PASS,D:\Users\ASUS\Desktop\机器学习\v2.7.0\_work\evidence\figures\FIG-P547-01\STRICT_R5_REQUAL_R96_SA1_CONT_20260824\glyphs\rois_1x\C0005_UFF1A_original_1x.png,D:\Users\ASUS\Desktop\机器学习\v2.7.0\_work\evidence\figures\FIG-P547-01\STRICT_R5_REQUAL_R96_SA1_CONT_20260824\glyphs\rois_1x\C0005_UFF1A_target_overlay_1x.png,D:\Users\ASUS\Desktop\机器学习\v2.7.0\_work\evidence\figures\FIG-P547-01\STRICT_R5_REQUAL_R96_SA1_CONT_20260824\glyphs\rois_1x\C0005_UFF1A_mask_only_1x.png,D:\Users\ASUS\Desktop\机器学习\v2.7.0\_work\evidence\figures\FIG-P547-01\STRICT_R5_REQUAL_R96_SA1_CONT_20260824\glyphs\cards_8x\C0005_UFF1A_contact_8x_nearest.png,"exact native 300dpi pixel colour-line segmentation; duplicate kerning-boundary ownership resolved, no morphology / repair / resampling",0,2,glyph_sheet_01_8x_nearest.png,R3C1
C0006,𝑎,U1D44E,12,0,3,SPAN_B12_L00_S03,TLINE_B12_L00,TBLOCK_B12,STIXTwoMath-Regular,10.1619,#1F2328,"162.958,303.719,168.598,313.881","678,1264,704,1309","680,1276,701,1298",21,22,236,BASE_MATH,H_INK>=22,22.0000,NO,PASS,D:\Users\ASUS\Desktop\机器学习\v2.7.0\_work\evidence\figures\FIG-P547-01\STRICT_R5_REQUAL_R96_SA1_CONT_20260824\glyphs\rois_1x\C0006_U1D44E_original_1x.png,D:\Users\ASUS\Desktop\机器学习\v2.7.0\_work\evidence\figures\FIG-P547-01\STRICT_R5_REQUAL_R96_SA1_CONT_20260824\glyphs\rois_1x\C0006_U1D44E_target_overlay_1x.png,D:\Users\ASUS\Desktop\机器学习\v2.7.0\_work\evidence\figures\FIG-P547-01\STRICT_R5_REQUAL_R96_SA1_CONT_20260824\glyphs\rois_1x\C0006_U1D44E_mask_only_1x.png,D:\Users\ASUS\Desktop\机器学习\v2.7.0\_work\evidence\figures\FIG-P547-01\STRICT_R5_REQUAL_R96_SA1_CONT_20260824\glyphs\cards_8x\C0006_U1D44E_contact_8x_nearest.png,"exact native 300dpi pixel colour-line segmentation; duplicate kerning-boundary ownership resolved, no morphology / repair / resampling",236,1,glyph_sheet_01_8x_nearest.png,R3C2
C0007,𝑖,U1D456,12,0,4,SPAN_B12_L00_S04,TLINE_B12_L00,TBLOCK_B12,STIXTwoMath-Regular,7.1133,#1F2328,"168.598,308.176,170.917,315.289","701,1283,714,1315","704,1284,711,1307",7,23,90,NATURAL_SCRIPT,H_INK>=15,15.0000,NO,PASS,D:\Users\ASUS\Desktop\机器学习\v2.7.0\_work\evidence\figures\FIG-P547-01\STRICT_R5_REQUAL_R96_SA1_CONT_20260824\glyphs\rois_1x\C0007_U1D456_original_1x.png,D:\Users\ASUS\Desktop\机器学习\v2.7.0\_work\evidence\figures\FIG-P547-01\STRICT_R5_REQUAL_R96_SA1_CONT_20260824\glyphs\rois_1x\C0007_U1D456_target_overlay_1x.png,D:\Users\ASUS\Desktop\机器学习\v2.7.0\_work\evidence\figures\FIG-P547-01\STRICT_R5_REQUAL_R96_SA1_CONT_20260824\glyphs\rois_1x\C0007_U1D456_mask_only_1x.png,D:\Users\ASUS\Desktop\机器学习\v2.7.0\_work\evidence\figures\FIG-P547-01\STRICT_R5_REQUAL_R96_SA1_CONT_20260824\glyphs\cards_8x\C0007_U1D456_contact_8x_nearest.png,"exact native 300dpi pixel colour-line segmentation; duplicate kerning-boundary ownership resolved, no morphology / repair / resampling",0,2,glyph_sheet_01_8x_nearest.png,R4C1
C0008,𝑗,U1D457,12,0,4,SPAN_B12_L00_S04,TLINE_B12_L00,TBLOCK_B12,STIXTwoMath-Regular,7.1133,#1F2328,"171.059,308.176,174.353,315.289","711,1283,728,1315","712,1284,725,1313",13,29,115,NATURAL_SCRIPT,H_INK>=15,15.0000,NO,PASS,D:\Users\ASUS\Desktop\机器学习\v2.7.0\_work\evidence\figures\FIG-P547-01\STRICT_R5_REQUAL_R96_SA1_CONT_20260824\glyphs\rois_1x\C0008_U1D457_original_1x.png,D:\Users\ASUS\Desktop\机器学习\v2.7.0\_work\evidence\figures\FIG-P547-01\STRICT_R5_REQUAL_R96_SA1_CONT_20260824\glyphs\rois_1x\C0008_U1D457_target_overlay_1x.png,D:\Users\ASUS\Desktop\机器学习\v2.7.0\_work\evidence\figures\FIG-P547-01\STRICT_R5_REQUAL_R96_SA1_CONT_20260824\glyphs\rois_1x\C0008_U1D457_mask_only_1x.png,D:\Users\ASUS\Desktop\机器学习\v2.7.0\_work\evidence\figures\FIG-P547-01\STRICT_R5_REQUAL_R96_SA1_CONT_20260824\glyphs\cards_8x\C0008_U1D457_contact_8x_nearest.png,"exact native 300dpi pixel colour-line segmentation; duplicate kerning-boundary ownership resolved, no morphology / repair / resampling",99,2,glyph_sheet_01_8x_nearest.png,R4C2
C0009,=,U003D,12,0,5,SPAN_B12_L00_S05,TLINE_B12_L00,TBLOCK_B12,STIXTwoMath-Regular,10.1619,#1F2328,"177.938,303.719,185.255,313.881","740,1264,774,1309","743,1280,769,1292",26,12,182,BASE_MATH_OPERATOR,H_INK>=22,22.0000,NO,FAIL,D:\Users\ASUS\Desktop\机器学习\v2.7.0\_work\evidence\figures\FIG-P547-01\STRICT_R5_REQUAL_R96_SA1_CONT_20260824\glyphs\rois_1x\C0009_U003D_original_1x.png,D:\Users\ASUS\Desktop\机器学习\v2.7.0\_work\evidence\figures\FIG-P547-01\STRICT_R5_REQUAL_R96_SA1_CONT_20260824\glyphs\rois_1x\C0009_U003D_target_overlay_1x.png,D:\Users\ASUS\Desktop\机器学习\v2.7.0\_work\evidence\figures\FIG-P547-01\STRICT_R5_REQUAL_R96_SA1_CONT_20260824\glyphs\rois_1x\C0009_U003D_mask_only_1x.png,D:\Users\ASUS\Desktop\机器学习\v2.7.0\_work\evidence\figures\FIG-P547-01\STRICT_R5_REQUAL_R96_SA1_CONT_20260824\glyphs\cards_8x\C0009_U003D_contact_8x_nearest.png,"exact native 300dpi pixel colour-line segmentation; duplicate kerning-boundary ownership resolved, no morphology / repair / resampling",0,2,glyph_sheet_01_8x_nearest.png,R5C1
C0010,𝑃,U1D443,12,0,5,SPAN_B12_L00_S05,TLINE_B12_L00,TBLOCK_B12,STIXTwoMath-Regular,10.1619,#1F2328,"188.069,303.719,193.852,313.881","782,1264,809,1309","782,1269,808,1297",26,28,259,BASE_MATH,H_INK>=22,22.0000,NO,PASS,D:\Users\ASUS\Desktop\机器学习\v2.7.0\_work\evidence\figures\FIG-P547-01\STRICT_R5_REQUAL_R96_SA1_CONT_20260824\glyphs\rois_1x\C0010_U1D443_original_1x.png,D:\Users\ASUS\Desktop\机器学习\v2.7.0\_work\evidence\figures\FIG-P547-01\STRICT_R5_REQUAL_R96_SA1_CONT_20260824\glyphs\rois_1x\C0010_U1D443_target_overlay_1x.png,D:\Users\ASUS\Desktop\机器学习\v2.7.0\_work\evidence\figures\FIG-P547-01\STRICT_R5_REQUAL_R96_SA1_CONT_20260824\glyphs\rois_1x\C0010_U1D443_mask_only_1x.png,D:\Users\ASUS\Desktop\机器学习\v2.7.0\_work\evidence\figures\FIG-P547-01\STRICT_R5_REQUAL_R96_SA1_CONT_20260824\glyphs\cards_8x\C0010_U1D443_contact_8x_nearest.png,"exact native 300dpi pixel colour-line segmentation; duplicate kerning-boundary ownership resolved, no morphology / repair / resampling",0,1,glyph_sheet_01_8x_nearest.png,R5C2
C0011,(,U0028,12,0,5,SPAN_B12_L00_S05,TLINE_B12_L00,TBLOCK_B12,STIXTwoMath-Regular,10.1619,#1F2328,"194.207,303.719,197.835,313.881","808,1264,826,1309","810,1266,823,1306",13,40,158,LOW_PROFILE,INDEPENDENT_CALIBRATION,CALIBRATION,YES,PASS,D:\Users\ASUS\Desktop\机器学习\v2.7.0\_work\evidence\figures\FIG-P547-01\STRICT_R5_REQUAL_R96_SA1_CONT_20260824\glyphs\rois_1x\C0011_U0028_original_1x.png,D:\Users\ASUS\Desktop\机器学习\v2.7.0\_work\evidence\figures\FIG-P547-01\STRICT_R5_REQUAL_R96_SA1_CONT_20260824\glyphs\rois_1x\C0011_U0028_target_overlay_1x.png,D:\Users\ASUS\Desktop\机器学习\v2.7.0\_work\evidence\figures\FIG-P547-01\STRICT_R5_REQUAL_R96_SA1_CONT_20260824\glyphs\rois_1x\C0011_U0028_mask_only_1x.png,D:\Users\ASUS\Desktop\机器学习\v2.7.0\_work\evidence\figures\FIG-P547-01\STRICT_R5_REQUAL_R96_SA1_CONT_20260824\glyphs\cards_8x\C0011_U0028_contact_8x_nearest.png,"exact native 300dpi pixel colour-line segmentation; duplicate kerning-boundary ownership resolved, no morphology / repair / resampling",0,1,glyph_sheet_01_8x_nearest.png,R6C1
C0012,𝑖,U1D456,12,0,5,SPAN_B12_L00_S05,TLINE_B12_L00,TBLOCK_B12,STIXTwoMath-Regular,10.1619,#1F2328,"197.835,303.719,200.619,313.881","823,1264,838,1309","826,1268,835,1298",9,30,134,BASE_MATH,H_INK>=22,22.0000,NO,PASS,D:\Users\ASUS\Desktop\机器学习\v2.7.0\_work\evidence\figures\FIG-P547-01\STRICT_R5_REQUAL_R96_SA1_CONT_20260824\glyphs\rois_1x\C0012_U1D456_original_1x.png,D:\Users\ASUS\Desktop\机器学习\v2.7.0\_work\evidence\figures\FIG-P547-01\STRICT_R5_REQUAL_R96_SA1_CONT_20260824\glyphs\rois_1x\C0012_U1D456_target_overlay_1x.png,D:\Users\ASUS\Desktop\机器学习\v2.7.0\_work\evidence\figures\FIG-P547-01\STRICT_R5_REQUAL_R96_SA1_CONT_20260824\glyphs\rois_1x\C0012_U1D456_mask_only_1x.png,D:\Users\ASUS\Desktop\机器学习\v2.7.0\_work\evidence\figures\FIG-P547-01\STRICT_R5_REQUAL_R96_SA1_CONT_20260824\glyphs\cards_8x\C0012_U1D456_contact_8x_nearest.png,"exact native 300dpi pixel colour-line segmentation; duplicate kerning-boundary ownership resolved, no morphology / repair / resampling",0,2,glyph_sheet_01_8x_nearest.png,R6C2
C0013,→,U2192,12,0,5,SPAN_B12_L00_S05,TLINE_B12_L00,TBLOCK_B12,STIXTwoMath-Regular,10.1619,#1F2328,"203.648,303.719,213.281,313.881","847,1264,890,1309","851,1277,885,1295",34,18,176,BASE_MATH_OPERATOR,H_INK>=22,22.0000,NO,FAIL,D:\Users\ASUS\Desktop\机器学习\v2.7.0\_work\evidence\figures\FIG-P547-01\STRICT_R5_REQUAL_R96_SA1_CONT_20260824\glyphs\rois_1x\C0013_U2192_original_1x.png,D:\Users\ASUS\Desktop\机器学习\v2.7.0\_work\evidence\figures\FIG-P547-01\STRICT_R5_REQUAL_R96_SA1_CONT_20260824\glyphs\rois_1x\C0013_U2192_target_overlay_1x.png,D:\Users\ASUS\Desktop\机器学习\v2.7.0\_work\evidence\figures\FIG-P547-01\STRICT_R5_REQUAL_R96_SA1_CONT_20260824\glyphs\rois_1x\C0013_U2192_mask_only_1x.png,D:\Users\ASUS\Desktop\机器学习\v2.7.0\_work\evidence\figures\FIG-P547-01\STRICT_R5_REQUAL_R96_SA1_CONT_20260824\glyphs\cards_8x\C0013_U2192_contact_8x_nearest.png,"exact native 300dpi pixel colour-line segmentation; duplicate kerning-boundary ownership resolved, no morphology / repair / resampling",0,1,glyph_sheet_02_8x_nearest.png,R1C1
C0014,𝑗,U1D457,12,0,5,SPAN_B12_L00_S05,TLINE_B12_L00,TBLOCK_B12,STIXTwoMath-Regular,10.1619,#1F2328,"216.106,303.719,220.486,313.881","899,1264,920,1309","900,1268,917,1307",17,39,177,BASE_MATH,H_INK>=22,22.0000,NO,PASS,D:\Users\ASUS\Desktop\机器学习\v2.7.0\_work\evidence\figures\FIG-P547-01\STRICT_R5_REQUAL_R96_SA1_CONT_20260824\glyphs\rois_1x\C0014_U1D457_original_1x.png,D:\Users\ASUS\Desktop\机器学习\v2.7.0\_work\evidence\figures\FIG-P547-01\STRICT_R5_REQUAL_R96_SA1_CONT_20260824\glyphs\rois_1x\C0014_U1D457_target_overlay_1x.png,D:\Users\ASUS\Desktop\机器学习\v2.7.0\_work\evidence\figures\FIG-P547-01\STRICT_R5_REQUAL_R96_SA1_CONT_20260824\glyphs\rois_1x\C0014_U1D457_mask_only_1x.png,D:\Users\ASUS\Desktop\机器学习\v2.7.0\_work\evidence\figures\FIG-P547-01\STRICT_R5_REQUAL_R96_SA1_CONT_20260824\glyphs\cards_8x\C0014_U1D457_contact_8x_nearest.png,"exact native 300dpi pixel colour-line segmentation; duplicate kerning-boundary ownership resolved, no morphology / repair / resampling",0,2,glyph_sheet_02_8x_nearest.png,R1C2
C0015,),U0029,12,0,5,SPAN_B12_L00_S05,TLINE_B12_L00,TBLOCK_B12,STIXTwoMath-Regular,10.1619,#1F2328,"220.689,303.719,224.317,313.881","918,1264,936,1309","920,1266,933,1306",13,40,161,LOW_PROFILE,INDEPENDENT_CALIBRATION,CALIBRATION,YES,PASS,D:\Users\ASUS\Desktop\机器学习\v2.7.0\_work\evidence\figures\FIG-P547-01\STRICT_R5_REQUAL_R96_SA1_CONT_20260824\glyphs\rois_1x\C0015_U0029_original_1x.png,D:\Users\ASUS\Desktop\机器学习\v2.7.0\_work\evidence\figures\FIG-P547-01\STRICT_R5_REQUAL_R96_SA1_CONT_20260824\glyphs\rois_1x\C0015_U0029_target_overlay_1x.png,D:\Users\ASUS\Desktop\机器学习\v2.7.0\_work\evidence\figures\FIG-P547-01\STRICT_R5_REQUAL_R96_SA1_CONT_20260824\glyphs\rois_1x\C0015_U0029_mask_only_1x.png,D:\Users\ASUS\Desktop\机器学习\v2.7.0\_work\evidence\figures\FIG-P547-01\STRICT_R5_REQUAL_R96_SA1_CONT_20260824\glyphs\cards_8x\C0015_U0029_contact_8x_nearest.png,"exact native 300dpi pixel colour-line segmentation; duplicate kerning-boundary ownership resolved, no morphology / repair / resampling",0,1,glyph_sheet_02_8x_nearest.png,R2C1
C0016,1,U0031,13,0,0,SPAN_B13_L00_S00,TLINE_B13_L00,TBLOCK_B13,STIXTwoMath-Regular,10.1619,#1F2328,"127.878,346.034,132.908,356.196","531,1440,555,1486","535,1447,550,1474",15,27,169,DIGIT_UPPER,H_INK>=24,24.0000,NO,PASS,D:\Users\ASUS\Desktop\机器学习\v2.7.0\_work\evidence\figures\FIG-P547-01\STRICT_R5_REQUAL_R96_SA1_CONT_20260824\glyphs\rois_1x\C0016_U0031_original_1x.png,D:\Users\ASUS\Desktop\机器学习\v2.7.0\_work\evidence\figures\FIG-P547-01\STRICT_R5_REQUAL_R96_SA1_CONT_20260824\glyphs\rois_1x\C0016_U0031_target_overlay_1x.png,D:\Users\ASUS\Desktop\机器学习\v2.7.0\_work\evidence\figures\FIG-P547-01\STRICT_R5_REQUAL_R96_SA1_CONT_20260824\glyphs\rois_1x\C0016_U0031_mask_only_1x.png,D:\Users\ASUS\Desktop\机器学习\v2.7.0\_work\evidence\figures\FIG-P547-01\STRICT_R5_REQUAL_R96_SA1_CONT_20260824\glyphs\cards_8x\C0016_U0031_contact_8x_nearest.png,"exact native 300dpi pixel colour-line segmentation; duplicate kerning-boundary ownership resolved, no morphology / repair / resampling",0,1,glyph_sheet_02_8x_nearest.png,R2C2
C0017,2,U0032,13,1,0,SPAN_B13_L01_S00,TLINE_B13_L01,TBLOCK_B13,STIXTwoMath-Regular,10.1619,#1F2328,"204.414,346.060,209.444,356.222","850,1440,874,1486","852,1446,871,1474",19,28,213,DIGIT_UPPER,H_INK>=24,24.0000,NO,PASS,D:\Users\ASUS\Desktop\机器学习\v2.7.0\_work\evidence\figures\FIG-P547-01\STRICT_R5_REQUAL_R96_SA1_CONT_20260824\glyphs\rois_1x\C0017_U0032_original_1x.png,D:\Users\ASUS\Desktop\机器学习\v2.7.0\_work\evidence\figures\FIG-P547-01\STRICT_R5_REQUAL_R96_SA1_CONT_20260824\glyphs\rois_1x\C0017_U0032_target_overlay_1x.png,D:\Users\ASUS\Desktop\机器学习\v2.7.0\_work\evidence\figures\FIG-P547-01\STRICT_R5_REQUAL_R96_SA1_CONT_20260824\glyphs\rois_1x\C0017_U0032_mask_only_1x.png,D:\Users\ASUS\Desktop\机器学习\v2.7.0\_work\evidence\figures\FIG-P547-01\STRICT_R5_REQUAL_R96_SA1_CONT_20260824\glyphs\cards_8x\C0017_U0032_contact_8x_nearest.png,"exact native 300dpi pixel colour-line segmentation; duplicate kerning-boundary ownership resolved, no morphology / repair / resampling",0,1,glyph_sheet_02_8x_nearest.png,R3C1
C0018,0,U0030,13,2,0,SPAN_B13_L02_S00,TLINE_B13_L02,TBLOCK_B13,STIXTwoMath-Regular,11.5567,#1F2328,"78.202,345.371,83.923,356.927","324,1438,351,1489","326,1444,348,1476",22,32,339,DIGIT_UPPER,H_INK>=24,24.0000,NO,PASS,D:\Users\ASUS\Desktop\机器学习\v2.7.0\_work\evidence\figures\FIG-P547-01\STRICT_R5_REQUAL_R96_SA1_CONT_20260824\glyphs\rois_1x\C0018_U0030_original_1x.png,D:\Users\ASUS\Desktop\机器学习\v2.7.0\_work\evidence\figures\FIG-P547-01\STRICT_R5_REQUAL_R96_SA1_CONT_20260824\glyphs\rois_1x\C0018_U0030_target_overlay_1x.png,D:\Users\ASUS\Desktop\机器学习\v2.7.0\_work\evidence\figures\FIG-P547-01\STRICT_R5_REQUAL_R96_SA1_CONT_20260824\glyphs\rois_1x\C0018_U0030_mask_only_1x.png,D:\Users\ASUS\Desktop\机器学习\v2.7.0\_work\evidence\figures\FIG-P547-01\STRICT_R5_REQUAL_R96_SA1_CONT_20260824\glyphs\cards_8x\C0018_U0030_contact_8x_nearest.png,"exact native 300dpi pixel colour-line segmentation; duplicate kerning-boundary ownership resolved, no morphology / repair / resampling",0,1,glyph_sheet_02_8x_nearest.png,R3C2
C0019,.,U002E,13,2,0,SPAN_B13_L02_S00,TLINE_B13_L02,TBLOCK_B13,STIXTwoMath-Regular,11.5567,#1F2328,"83.923,345.371,86.754,356.927","348,1438,363,1489","352,1469,358,1476",6,7,37,LOW_PROFILE,INDEPENDENT_CALIBRATION,CALIBRATION,YES,PASS,D:\Users\ASUS\Desktop\机器学习\v2.7.0\_work\evidence\figures\FIG-P547-01\STRICT_R5_REQUAL_R96_SA1_CONT_20260824\glyphs\rois_1x\C0019_U002E_original_1x.png,D:\Users\ASUS\Desktop\机器学习\v2.7.0\_work\evidence\figures\FIG-P547-01\STRICT_R5_REQUAL_R96_SA1_CONT_20260824\glyphs\rois_1x\C0019_U002E_target_overlay_1x.png,D:\Users\ASUS\Desktop\机器学习\v2.7.0\_work\evidence\figures\FIG-P547-01\STRICT_R5_REQUAL_R96_SA1_CONT_20260824\glyphs\rois_1x\C0019_U002E_mask_only_1x.png,D:\Users\ASUS\Desktop\机器学习\v2.7.0\_work\evidence\figures\FIG-P547-01\STRICT_R5_REQUAL_R96_SA1_CONT_20260824\glyphs\cards_8x\C0019_U002E_contact_8x_nearest.png,"exact native 300dpi pixel colour-line segmentation; duplicate kerning-boundary ownership resolved, no morphology / repair / resampling",0,1,glyph_sheet_02_8x_nearest.png,R4C1
C0020,7,U0037,13,2,0,SPAN_B13_L02_S00,TLINE_B13_L02,TBLOCK_B13,STIXTwoMath-Regular,11.5567,#1F2328,"86.754,345.371,92.474,356.927","360,1438,387,1489","363,1444,384,1476",21,32,226,DIGIT_UPPER,H_INK>=24,24.0000,NO,PASS,D:\Users\ASUS\Desktop\机器学习\v2.7.0\_work\evidence\figures\FIG-P547-01\STRICT_R5_REQUAL_R96_SA1_CONT_20260824\glyphs\rois_1x\C0020_U0037_original_1x.png,D:\Users\ASUS\Desktop\机器学习\v2.7.0\_work\evidence\figures\FIG-P547-01\STRICT_R5_REQUAL_R96_SA1_CONT_20260824\glyphs\rois_1x\C0020_U0037_target_overlay_1x.png,D:\Users\ASUS\Desktop\机器学习\v2.7.0\_work\evidence\figures\FIG-P547-01\STRICT_R5_REQUAL_R96_SA1_CONT_20260824\glyphs\rois_1x\C0020_U0037_mask_only_1x.png,D:\Users\ASUS\Desktop\机器学习\v2.7.0\_work\evidence\figures\FIG-P547-01\STRICT_R5_REQUAL_R96_SA1_CONT_20260824\glyphs\cards_8x\C0020_U0037_contact_8x_nearest.png,"exact native 300dpi pixel colour-line segmentation; duplicate kerning-boundary ownership resolved, no morphology / repair / resampling",0,1,glyph_sheet_02_8x_nearest.png,R4C2
C0021,0,U0030,13,3,0,SPAN_B13_L03_S00,TLINE_B13_L03,TBLOCK_B13,STIXTwoMath-Regular,11.5567,#1F2328,"244.848,345.394,250.569,356.951","1019,1438,1046,1489","1021,1444,1043,1476",22,32,339,DIGIT_UPPER,H_INK>=24,24.0000,NO,PASS,D:\Users\ASUS\Desktop\机器学习\v2.7.0\_work\evidence\figures\FIG-P547-01\STRICT_R5_REQUAL_R96_SA1_CONT_20260824\glyphs\rois_1x\C0021_U0030_original_1x.png,D:\Users\ASUS\Desktop\机器学习\v2.7.0\_work\evidence\figures\FIG-P547-01\STRICT_R5_REQUAL_R96_SA1_CONT_20260824\glyphs\rois_1x\C0021_U0030_target_overlay_1x.png,D:\Users\ASUS\Desktop\机器学习\v2.7.0\_work\evidence\figures\FIG-P547-01\STRICT_R5_REQUAL_R96_SA1_CONT_20260824\glyphs\rois_1x\C0021_U0030_mask_only_1x.png,D:\Users\ASUS\Desktop\机器学习\v2.7.0\_work\evidence\figures\FIG-P547-01\STRICT_R5_REQUAL_R96_SA1_CONT_20260824\glyphs\cards_8x\C0021_U0030_contact_8x_nearest.png,"exact native 300dpi pixel colour-line segmentation; duplicate kerning-boundary ownership resolved, no morphology / repair / resampling",0,1,glyph_sheet_02_8x_nearest.png,R5C1
C0022,.,U002E,13,3,0,SPAN_B13_L03_S00,TLINE_B13_L03,TBLOCK_B13,STIXTwoMath-Regular,11.5567,#1F2328,"250.569,345.394,253.400,356.951","1043,1438,1058,1489","1047,1469,1053,1476",6,7,37,LOW_PROFILE,INDEPENDENT_CALIBRATION,CALIBRATION,YES,PASS,D:\Users\ASUS\Desktop\机器学习\v2.7.0\_work\evidence\figures\FIG-P547-01\STRICT_R5_REQUAL_R96_SA1_CONT_20260824\glyphs\rois_1x\C0022_U002E_original_1x.png,D:\Users\ASUS\Desktop\机器学习\v2.7.0\_work\evidence\figures\FIG-P547-01\STRICT_R5_REQUAL_R96_SA1_CONT_20260824\glyphs\rois_1x\C0022_U002E_target_overlay_1x.png,D:\Users\ASUS\Desktop\机器学习\v2.7.0\_work\evidence\figures\FIG-P547-01\STRICT_R5_REQUAL_R96_SA1_CONT_20260824\glyphs\rois_1x\C0022_U002E_mask_only_1x.png,D:\Users\ASUS\Desktop\机器学习\v2.7.0\_work\evidence\figures\FIG-P547-01\STRICT_R5_REQUAL_R96_SA1_CONT_20260824\glyphs\cards_8x\C0022_U002E_contact_8x_nearest.png,"exact native 300dpi pixel colour-line segmentation; duplicate kerning-boundary ownership resolved, no morphology / repair / resampling",0,1,glyph_sheet_02_8x_nearest.png,R5C2
C0023,8,U0038,13,3,0,SPAN_B13_L03_S00,TLINE_B13_L03,TBLOCK_B13,STIXTwoMath-Regular,11.5567,#1F2328,"253.400,345.394,259.120,356.951","1055,1438,1081,1489","1057,1443,1077,1476",20,33,344,DIGIT_UPPER,H_INK>=24,24.0000,NO,PASS,D:\Users\ASUS\Desktop\机器学习\v2.7.0\_work\evidence\figures\FIG-P547-01\STRICT_R5_REQUAL_R96_SA1_CONT_20260824\glyphs\rois_1x\C0023_U0038_original_1x.png,D:\Users\ASUS\Desktop\机器学习\v2.7.0\_work\evidence\figures\FIG-P547-01\STRICT_R5_REQUAL_R96_SA1_CONT_20260824\glyphs\rois_1x\C0023_U0038_target_overlay_1x.png,D:\Users\ASUS\Desktop\机器学习\v2.7.0\_work\evidence\figures\FIG-P547-01\STRICT_R5_REQUAL_R96_SA1_CONT_20260824\glyphs\rois_1x\C0023_U0038_mask_only_1x.png,D:\Users\ASUS\Desktop\机器学习\v2.7.0\_work\evidence\figures\FIG-P547-01\STRICT_R5_REQUAL_R96_SA1_CONT_20260824\glyphs\cards_8x\C0023_U0038_contact_8x_nearest.png,"exact native 300dpi pixel colour-line segmentation; duplicate kerning-boundary ownership resolved, no morphology / repair / resampling",344,1,glyph_sheet_02_8x_nearest.png,R6C1
C0024,𝑎,U1D44E,14,0,0,SPAN_B14_L00_S00,TLINE_B14_L00,TBLOCK_B14,STIXTwoMath-Regular,11.5567,#1F2328,"146.538,326.603,152.952,338.160","609,1359,639,1411","612,1374,636,1398",24,24,298,BASE_MATH,H_INK>=22,22.0000,NO,PASS,D:\Users\ASUS\Desktop\机器学习\v2.7.0\_work\evidence\figures\FIG-P547-01\STRICT_R5_REQUAL_R96_SA1_CONT_20260824\glyphs\rois_1x\C0024_U1D44E_original_1x.png,D:\Users\ASUS\Desktop\机器学习\v2.7.0\_work\evidence\figures\FIG-P547-01\STRICT_R5_REQUAL_R96_SA1_CONT_20260824\glyphs\rois_1x\C0024_U1D44E_target_overlay_1x.png,D:\Users\ASUS\Desktop\机器学习\v2.7.0\_work\evidence\figures\FIG-P547-01\STRICT_R5_REQUAL_R96_SA1_CONT_20260824\glyphs\rois_1x\C0024_U1D44E_mask_only_1x.png,D:\Users\ASUS\Desktop\机器学习\v2.7.0\_work\evidence\figures\FIG-P547-01\STRICT_R5_REQUAL_R96_SA1_CONT_20260824\glyphs\cards_8x\C0024_U1D44E_contact_8x_nearest.png,"exact native 300dpi pixel colour-line segmentation; duplicate kerning-boundary ownership resolved, no morphology / repair / resampling",0,1,glyph_sheet_02_8x_nearest.png,R6C2
C0025,1,U0031,14,0,1,SPAN_B14_L00_S01,TLINE_B14_L00,TBLOCK_B14,STIXTwoMath-Regular,8.0896,#1F2328,"152.952,331.672,157.070,339.761","636,1381,656,1417","639,1384,652,1407",13,23,122,NATURAL_SCRIPT,H_INK>=15,15.0000,NO,PASS,D:\Users\ASUS\Desktop\机器学习\v2.7.0\_work\evidence\figures\FIG-P547-01\STRICT_R5_REQUAL_R96_SA1_CONT_20260824\glyphs\rois_1x\C0025_U0031_original_1x.png,D:\Users\ASUS\Desktop\机器学习\v2.7.0\_work\evidence\figures\FIG-P547-01\STRICT_R5_REQUAL_R96_SA1_CONT_20260824\glyphs\rois_1x\C0025_U0031_target_overlay_1x.png,D:\Users\ASUS\Desktop\机器学习\v2.7.0\_work\evidence\figures\FIG-P547-01\STRICT_R5_REQUAL_R96_SA1_CONT_20260824\glyphs\rois_1x\C0025_U0031_mask_only_1x.png,D:\Users\ASUS\Desktop\机器学习\v2.7.0\_work\evidence\figures\FIG-P547-01\STRICT_R5_REQUAL_R96_SA1_CONT_20260824\glyphs\cards_8x\C0025_U0031_contact_8x_nearest.png,"exact native 300dpi pixel colour-line segmentation; duplicate kerning-boundary ownership resolved, no morphology / repair / resampling",0,1,glyph_sheet_03_8x_nearest.png,R1C1
C0026,2,U0032,14,0,1,SPAN_B14_L00_S01,TLINE_B14_L00,TBLOCK_B14,STIXTwoMath-Regular,8.0896,#1F2328,"157.070,331.672,161.309,339.761","653,1381,674,1417","655,1384,671,1417",16,33,157,NATURAL_SCRIPT,H_INK>=15,15.0000,NO,PASS,D:\Users\ASUS\Desktop\机器学习\v2.7.0\_work\evidence\figures\FIG-P547-01\STRICT_R5_REQUAL_R96_SA1_CONT_20260824\glyphs\rois_1x\C0026_U0032_original_1x.png,D:\Users\ASUS\Desktop\机器学习\v2.7.0\_work\evidence\figures\FIG-P547-01\STRICT_R5_REQUAL_R96_SA1_CONT_20260824\glyphs\rois_1x\C0026_U0032_target_overlay_1x.png,D:\Users\ASUS\Desktop\机器学习\v2.7.0\_work\evidence\figures\FIG-P547-01\STRICT_R5_REQUAL_R96_SA1_CONT_20260824\glyphs\rois_1x\C0026_U0032_mask_only_1x.png,D:\Users\ASUS\Desktop\机器学习\v2.7.0\_work\evidence\figures\FIG-P547-01\STRICT_R5_REQUAL_R96_SA1_CONT_20260824\glyphs\cards_8x\C0026_U0032_contact_8x_nearest.png,"exact native 300dpi pixel colour-line segmentation; duplicate kerning-boundary ownership resolved, no morphology / repair / resampling",156,2,glyph_sheet_03_8x_nearest.png,R1C2
C0027,=,U003D,14,0,3,SPAN_B14_L00_S03,TLINE_B14_L00,TBLOCK_B14,STIXTwoMath-Regular,11.5567,#1F2328,"164.981,326.603,173.302,338.160","686,1359,724,1411","690,1378,719,1392",29,14,261,BASE_MATH_OPERATOR,H_INK>=22,22.0000,NO,FAIL,D:\Users\ASUS\Desktop\机器学习\v2.7.0\_work\evidence\figures\FIG-P547-01\STRICT_R5_REQUAL_R96_SA1_CONT_20260824\glyphs\rois_1x\C0027_U003D_original_1x.png,D:\Users\ASUS\Desktop\机器学习\v2.7.0\_work\evidence\figures\FIG-P547-01\STRICT_R5_REQUAL_R96_SA1_CONT_20260824\glyphs\rois_1x\C0027_U003D_target_overlay_1x.png,D:\Users\ASUS\Desktop\机器学习\v2.7.0\_work\evidence\figures\FIG-P547-01\STRICT_R5_REQUAL_R96_SA1_CONT_20260824\glyphs\rois_1x\C0027_U003D_mask_only_1x.png,D:\Users\ASUS\Desktop\机器学习\v2.7.0\_work\evidence\figures\FIG-P547-01\STRICT_R5_REQUAL_R96_SA1_CONT_20260824\glyphs\cards_8x\C0027_U003D_contact_8x_nearest.png,"exact native 300dpi pixel colour-line segmentation; duplicate kerning-boundary ownership resolved, no morphology / repair / resampling",0,2,glyph_sheet_03_8x_nearest.png,R2C1
C0028,0,U0030,14,0,3,SPAN_B14_L00_S03,TLINE_B14_L00,TBLOCK_B14,STIXTwoMath-Regular,11.5567,#1F2328,"176.503,326.603,182.224,338.160","734,1359,761,1411","736,1366,758,1398",22,32,339,DIGIT_UPPER,H_INK>=24,24.0000,NO,PASS,D:\Users\ASUS\Desktop\机器学习\v2.7.0\_work\evidence\figures\FIG-P547-01\STRICT_R5_REQUAL_R96_SA1_CONT_20260824\glyphs\rois_1x\C0028_U0030_original_1x.png,D:\Users\ASUS\Desktop\机器学习\v2.7.0\_work\evidence\figures\FIG-P547-01\STRICT_R5_REQUAL_R96_SA1_CONT_20260824\glyphs\rois_1x\C0028_U0030_target_overlay_1x.png,D:\Users\ASUS\Desktop\机器学习\v2.7.0\_work\evidence\figures\FIG-P547-01\STRICT_R5_REQUAL_R96_SA1_CONT_20260824\glyphs\rois_1x\C0028_U0030_mask_only_1x.png,D:\Users\ASUS\Desktop\机器学习\v2.7.0\_work\evidence\figures\FIG-P547-01\STRICT_R5_REQUAL_R96_SA1_CONT_20260824\glyphs\cards_8x\C0028_U0030_contact_8x_nearest.png,"exact native 300dpi pixel colour-line segmentation; duplicate kerning-boundary ownership resolved, no morphology / repair / resampling",0,1,glyph_sheet_03_8x_nearest.png,R2C2
C0029,.,U002E,14,0,3,SPAN_B14_L00_S03,TLINE_B14_L00,TBLOCK_B14,STIXTwoMath-Regular,11.5567,#1F2328,"182.224,326.603,185.055,338.160","758,1359,773,1411","762,1391,768,1398",6,7,37,LOW_PROFILE,INDEPENDENT_CALIBRATION,CALIBRATION,YES,PASS,D:\Users\ASUS\Desktop\机器学习\v2.7.0\_work\evidence\figures\FIG-P547-01\STRICT_R5_REQUAL_R96_SA1_CONT_20260824\glyphs\rois_1x\C0029_U002E_original_1x.png,D:\Users\ASUS\Desktop\机器学习\v2.7.0\_work\evidence\figures\FIG-P547-01\STRICT_R5_REQUAL_R96_SA1_CONT_20260824\glyphs\rois_1x\C0029_U002E_target_overlay_1x.png,D:\Users\ASUS\Desktop\机器学习\v2.7.0\_work\evidence\figures\FIG-P547-01\STRICT_R5_REQUAL_R96_SA1_CONT_20260824\glyphs\rois_1x\C0029_U002E_mask_only_1x.png,D:\Users\ASUS\Desktop\机器学习\v2.7.0\_work\evidence\figures\FIG-P547-01\STRICT_R5_REQUAL_R96_SA1_CONT_20260824\glyphs\cards_8x\C0029_U002E_contact_8x_nearest.png,"exact native 300dpi pixel colour-line segmentation; duplicate kerning-boundary ownership resolved, no morphology / repair / resampling",0,1,glyph_sheet_03_8x_nearest.png,R3C1
C0030,3,U0033,14,0,3,SPAN_B14_L00_S03,TLINE_B14_L00,TBLOCK_B14,STIXTwoMath-Regular,11.5567,#1F2328,"185.055,326.603,190.775,338.160","770,1359,797,1411","773,1366,793,1398",20,32,256,DIGIT_UPPER,H_INK>=24,24.0000,NO,PASS,D:\Users\ASUS\Desktop\机器学习\v2.7.0\_work\evidence\figures\FIG-P547-01\STRICT_R5_REQUAL_R96_SA1_CONT_20260824\glyphs\rois_1x\C0030_U0033_original_1x.png,D:\Users\ASUS\Desktop\机器学习\v2.7.0\_work\evidence\figures\FIG-P547-01\STRICT_R5_REQUAL_R96_SA1_CONT_20260824\glyphs\rois_1x\C0030_U0033_target_overlay_1x.png,D:\Users\ASUS\Desktop\机器学习\v2.7.0\_work\evidence\figures\FIG-P547-01\STRICT_R5_REQUAL_R96_SA1_CONT_20260824\glyphs\rois_1x\C0030_U0033_mask_only_1x.png,D:\Users\ASUS\Desktop\机器学习\v2.7.0\_work\evidence\figures\FIG-P547-01\STRICT_R5_REQUAL_R96_SA1_CONT_20260824\glyphs\cards_8x\C0030_U0033_contact_8x_nearest.png,"exact native 300dpi pixel colour-line segmentation; duplicate kerning-boundary ownership resolved, no morphology / repair / resampling",0,1,glyph_sheet_03_8x_nearest.png,R3C2
C0031,𝑎,U1D44E,15,0,0,SPAN_B15_L00_S00,TLINE_B15_L00,TBLOCK_B15,STIXTwoMath-Regular,11.5567,#1F2328,"146.538,361.732,152.952,373.289","609,1506,639,1557","612,1520,636,1544",24,24,298,BASE_MATH,H_INK>=22,22.0000,NO,PASS,D:\Users\ASUS\Desktop\机器学习\v2.7.0\_work\evidence\figures\FIG-P547-01\STRICT_R5_REQUAL_R96_SA1_CONT_20260824\glyphs\rois_1x\C0031_U1D44E_original_1x.png,D:\Users\ASUS\Desktop\机器学习\v2.7.0\_work\evidence\figures\FIG-P547-01\STRICT_R5_REQUAL_R96_SA1_CONT_20260824\glyphs\rois_1x\C0031_U1D44E_target_overlay_1x.png,D:\Users\ASUS\Desktop\机器学习\v2.7.0\_work\evidence\figures\FIG-P547-01\STRICT_R5_REQUAL_R96_SA1_CONT_20260824\glyphs\rois_1x\C0031_U1D44E_mask_only_1x.png,D:\Users\ASUS\Desktop\机器学习\v2.7.0\_work\evidence\figures\FIG-P547-01\STRICT_R5_REQUAL_R96_SA1_CONT_20260824\glyphs\cards_8x\C0031_U1D44E_contact_8x_nearest.png,"exact native 300dpi pixel colour-line segmentation; duplicate kerning-boundary ownership resolved, no morphology / repair / resampling",0,1,glyph_sheet_03_8x_nearest.png,R4C1
C0032,2,U0032,15,0,1,SPAN_B15_L00_S01,TLINE_B15_L00,TBLOCK_B15,STIXTwoMath-Regular,8.0896,#1F2328,"152.952,366.801,157.191,374.890","636,1527,657,1564","638,1531,654,1554",16,23,156,NATURAL_SCRIPT,H_INK>=15,15.0000,NO,PASS,D:\Users\ASUS\Desktop\机器学习\v2.7.0\_work\evidence\figures\FIG-P547-01\STRICT_R5_REQUAL_R96_SA1_CONT_20260824\glyphs\rois_1x\C0032_U0032_original_1x.png,D:\Users\ASUS\Desktop\机器学习\v2.7.0\_work\evidence\figures\FIG-P547-01\STRICT_R5_REQUAL_R96_SA1_CONT_20260824\glyphs\rois_1x\C0032_U0032_target_overlay_1x.png,D:\Users\ASUS\Desktop\机器学习\v2.7.0\_work\evidence\figures\FIG-P547-01\STRICT_R5_REQUAL_R96_SA1_CONT_20260824\glyphs\rois_1x\C0032_U0032_mask_only_1x.png,D:\Users\ASUS\Desktop\机器学习\v2.7.0\_work\evidence\figures\FIG-P547-01\STRICT_R5_REQUAL_R96_SA1_CONT_20260824\glyphs\cards_8x\C0032_U0032_contact_8x_nearest.png,"exact native 300dpi pixel colour-line segmentation; duplicate kerning-boundary ownership resolved, no morphology / repair / resampling",156,1,glyph_sheet_03_8x_nearest.png,R4C2
C0033,1,U0031,15,0,1,SPAN_B15_L00_S01,TLINE_B15_L00,TBLOCK_B15,STIXTwoMath-Regular,8.0896,#1F2328,"157.191,366.801,161.309,374.890","654,1527,674,1564","656,1531,669,1554",13,23,122,NATURAL_SCRIPT,H_INK>=15,15.0000,NO,PASS,D:\Users\ASUS\Desktop\机器学习\v2.7.0\_work\evidence\figures\FIG-P547-01\STRICT_R5_REQUAL_R96_SA1_CONT_20260824\glyphs\rois_1x\C0033_U0031_original_1x.png,D:\Users\ASUS\Desktop\机器学习\v2.7.0\_work\evidence\figures\FIG-P547-01\STRICT_R5_REQUAL_R96_SA1_CONT_20260824\glyphs\rois_1x\C0033_U0031_target_overlay_1x.png,D:\Users\ASUS\Desktop\机器学习\v2.7.0\_work\evidence\figures\FIG-P547-01\STRICT_R5_REQUAL_R96_SA1_CONT_20260824\glyphs\rois_1x\C0033_U0031_mask_only_1x.png,D:\Users\ASUS\Desktop\机器学习\v2.7.0\_work\evidence\figures\FIG-P547-01\STRICT_R5_REQUAL_R96_SA1_CONT_20260824\glyphs\cards_8x\C0033_U0031_contact_8x_nearest.png,"exact native 300dpi pixel colour-line segmentation; duplicate kerning-boundary ownership resolved, no morphology / repair / resampling",122,1,glyph_sheet_03_8x_nearest.png,R5C1
C0034,=,U003D,15,0,3,SPAN_B15_L00_S03,TLINE_B15_L00,TBLOCK_B15,STIXTwoMath-Regular,11.5567,#1F2328,"164.981,361.732,173.302,373.289","686,1506,724,1557","690,1524,719,1538",29,14,261,BASE_MATH_OPERATOR,H_INK>=22,22.0000,NO,FAIL,D:\Users\ASUS\Desktop\机器学习\v2.7.0\_work\evidence\figures\FIG-P547-01\STRICT_R5_REQUAL_R96_SA1_CONT_20260824\glyphs\rois_1x\C0034_U003D_original_1x.png,D:\Users\ASUS\Desktop\机器学习\v2.7.0\_work\evidence\figures\FIG-P547-01\STRICT_R5_REQUAL_R96_SA1_CONT_20260824\glyphs\rois_1x\C0034_U003D_target_overlay_1x.png,D:\Users\ASUS\Desktop\机器学习\v2.7.0\_work\evidence\figures\FIG-P547-01\STRICT_R5_REQUAL_R96_SA1_CONT_20260824\glyphs\rois_1x\C0034_U003D_mask_only_1x.png,D:\Users\ASUS\Desktop\机器学习\v2.7.0\_work\evidence\figures\FIG-P547-01\STRICT_R5_REQUAL_R96_SA1_CONT_20260824\glyphs\cards_8x\C0034_U003D_contact_8x_nearest.png,"exact native 300dpi pixel colour-line segmentation; duplicate kerning-boundary ownership resolved, no morphology / repair / resampling",0,2,glyph_sheet_03_8x_nearest.png,R5C2
C0035,0,U0030,15,0,3,SPAN_B15_L00_S03,TLINE_B15_L00,TBLOCK_B15,STIXTwoMath-Regular,11.5567,#1F2328,"176.503,361.732,182.224,373.289","734,1506,761,1557","736,1512,758,1544",22,32,339,DIGIT_UPPER,H_INK>=24,24.0000,NO,PASS,D:\Users\ASUS\Desktop\机器学习\v2.7.0\_work\evidence\figures\FIG-P547-01\STRICT_R5_REQUAL_R96_SA1_CONT_20260824\glyphs\rois_1x\C0035_U0030_original_1x.png,D:\Users\ASUS\Desktop\机器学习\v2.7.0\_work\evidence\figures\FIG-P547-01\STRICT_R5_REQUAL_R96_SA1_CONT_20260824\glyphs\rois_1x\C0035_U0030_target_overlay_1x.png,D:\Users\ASUS\Desktop\机器学习\v2.7.0\_work\evidence\figures\FIG-P547-01\STRICT_R5_REQUAL_R96_SA1_CONT_20260824\glyphs\rois_1x\C0035_U0030_mask_only_1x.png,D:\Users\ASUS\Desktop\机器学习\v2.7.0\_work\evidence\figures\FIG-P547-01\STRICT_R5_REQUAL_R96_SA1_CONT_20260824\glyphs\cards_8x\C0035_U0030_contact_8x_nearest.png,"exact native 300dpi pixel colour-line segmentation; duplicate kerning-boundary ownership resolved, no morphology / repair / resampling",0,1,glyph_sheet_03_8x_nearest.png,R6C1
C0036,.,U002E,15,0,3,SPAN_B15_L00_S03,TLINE_B15_L00,TBLOCK_B15,STIXTwoMath-Regular,11.5567,#1F2328,"182.224,361.732,185.055,373.289","758,1506,773,1557","762,1537,768,1544",6,7,37,LOW_PROFILE,INDEPENDENT_CALIBRATION,CALIBRATION,YES,PASS,D:\Users\ASUS\Desktop\机器学习\v2.7.0\_work\evidence\figures\FIG-P547-01\STRICT_R5_REQUAL_R96_SA1_CONT_20260824\glyphs\rois_1x\C0036_U002E_original_1x.png,D:\Users\ASUS\Desktop\机器学习\v2.7.0\_work\evidence\figures\FIG-P547-01\STRICT_R5_REQUAL_R96_SA1_CONT_20260824\glyphs\rois_1x\C0036_U002E_target_overlay_1x.png,D:\Users\ASUS\Desktop\机器学习\v2.7.0\_work\evidence\figures\FIG-P547-01\STRICT_R5_REQUAL_R96_SA1_CONT_20260824\glyphs\rois_1x\C0036_U002E_mask_only_1x.png,D:\Users\ASUS\Desktop\机器学习\v2.7.0\_work\evidence\figures\FIG-P547-01\STRICT_R5_REQUAL_R96_SA1_CONT_20260824\glyphs\cards_8x\C0036_U002E_contact_8x_nearest.png,"exact native 300dpi pixel colour-line segmentation; duplicate kerning-boundary ownership resolved, no morphology / repair / resampling",0,1,glyph_sheet_03_8x_nearest.png,R6C2
C0037,2,U0032,15,0,3,SPAN_B15_L00_S03,TLINE_B15_L00,TBLOCK_B15,STIXTwoMath-Regular,11.5567,#1F2328,"185.055,361.732,190.775,373.289","770,1506,797,1557","772,1512,794,1543",22,31,268,DIGIT_UPPER,H_INK>=24,24.0000,NO,PASS,D:\Users\ASUS\Desktop\机器学习\v2.7.0\_work\evidence\figures\FIG-P547-01\STRICT_R5_REQUAL_R96_SA1_CONT_20260824\glyphs\rois_1x\C0037_U0032_original_1x.png,D:\Users\ASUS\Desktop\机器学习\v2.7.0\_work\evidence\figures\FIG-P547-01\STRICT_R5_REQUAL_R96_SA1_CONT_20260824\glyphs\rois_1x\C0037_U0032_target_overlay_1x.png,D:\Users\ASUS\Desktop\机器学习\v2.7.0\_work\evidence\figures\FIG-P547-01\STRICT_R5_REQUAL_R96_SA1_CONT_20260824\glyphs\rois_1x\C0037_U0032_mask_only_1x.png,D:\Users\ASUS\Desktop\机器学习\v2.7.0\_work\evidence\figures\FIG-P547-01\STRICT_R5_REQUAL_R96_SA1_CONT_20260824\glyphs\cards_8x\C0037_U0032_contact_8x_nearest.png,"exact native 300dpi pixel colour-line segmentation; duplicate kerning-boundary ownership resolved, no morphology / repair / resampling",268,1,glyph_sheet_04_8x_nearest.png,R1C1
C0038,𝐴,U1D434,16,0,0,SPAN_B16_L00_S00,TLINE_B16_L00,TBLOCK_B16,STIXTwoMath-Regular,11.7559,#1F2328,"128.760,384.655,136.766,396.411","535,1601,572,1653","535,1607,568,1640",33,33,346,BASE_MATH,H_INK>=22,22.0000,NO,PASS,D:\Users\ASUS\Desktop\机器学习\v2.7.0\_work\evidence\figures\FIG-P547-01\STRICT_R5_REQUAL_R96_SA1_CONT_20260824\glyphs\rois_1x\C0038_U1D434_original_1x.png,D:\Users\ASUS\Desktop\机器学习\v2.7.0\_work\evidence\figures\FIG-P547-01\STRICT_R5_REQUAL_R96_SA1_CONT_20260824\glyphs\rois_1x\C0038_U1D434_target_overlay_1x.png,D:\Users\ASUS\Desktop\机器学习\v2.7.0\_work\evidence\figures\FIG-P547-01\STRICT_R5_REQUAL_R96_SA1_CONT_20260824\glyphs\rois_1x\C0038_U1D434_mask_only_1x.png,D:\Users\ASUS\Desktop\机器学习\v2.7.0\_work\evidence\figures\FIG-P547-01\STRICT_R5_REQUAL_R96_SA1_CONT_20260824\glyphs\cards_8x\C0038_U1D434_contact_8x_nearest.png,"exact native 300dpi pixel colour-line segmentation; duplicate kerning-boundary ownership resolved, no morphology / repair / resampling",0,1,glyph_sheet_04_8x_nearest.png,R1C2
C0039,=,U003D,16,0,0,SPAN_B16_L00_S00,TLINE_B16_L00,TBLOCK_B16,STIXTwoMath-Regular,11.7559,#1F2328,"140.022,384.655,148.486,396.411","582,1601,620,1653","586,1620,616,1634",30,14,240,BASE_MATH_OPERATOR,H_INK>=22,22.0000,NO,FAIL,D:\Users\ASUS\Desktop\机器学习\v2.7.0\_work\evidence\figures\FIG-P547-01\STRICT_R5_REQUAL_R96_SA1_CONT_20260824\glyphs\rois_1x\C0039_U003D_original_1x.png,D:\Users\ASUS\Desktop\机器学习\v2.7.0\_work\evidence\figures\FIG-P547-01\STRICT_R5_REQUAL_R96_SA1_CONT_20260824\glyphs\rois_1x\C0039_U003D_target_overlay_1x.png,D:\Users\ASUS\Desktop\机器学习\v2.7.0\_work\evidence\figures\FIG-P547-01\STRICT_R5_REQUAL_R96_SA1_CONT_20260824\glyphs\rois_1x\C0039_U003D_mask_only_1x.png,D:\Users\ASUS\Desktop\机器学习\v2.7.0\_work\evidence\figures\FIG-P547-01\STRICT_R5_REQUAL_R96_SA1_CONT_20260824\glyphs\cards_8x\C0039_U003D_contact_8x_nearest.png,"exact native 300dpi pixel colour-line segmentation; duplicate kerning-boundary ownership resolved, no morphology / repair / resampling",0,2,glyph_sheet_04_8x_nearest.png,R2C1
C0040,[,U005B,16,0,0,SPAN_B16_L00_S00,TLINE_B16_L00,TBLOCK_B16,STIXTwoMath-Regular,11.7559,#1F2328,"151.761,384.790,157.275,396.546","631,1602,657,1654","637,1602,643,1654",6,52,312,LOW_PROFILE,INDEPENDENT_CALIBRATION,CALIBRATION,YES,PASS,D:\Users\ASUS\Desktop\机器学习\v2.7.0\_work\evidence\figures\FIG-P547-01\STRICT_R5_REQUAL_R96_SA1_CONT_20260824\glyphs\rois_1x\C0040_U005B_original_1x.png,D:\Users\ASUS\Desktop\机器学习\v2.7.0\_work\evidence\figures\FIG-P547-01\STRICT_R5_REQUAL_R96_SA1_CONT_20260824\glyphs\rois_1x\C0040_U005B_target_overlay_1x.png,D:\Users\ASUS\Desktop\机器学习\v2.7.0\_work\evidence\figures\FIG-P547-01\STRICT_R5_REQUAL_R96_SA1_CONT_20260824\glyphs\rois_1x\C0040_U005B_mask_only_1x.png,D:\Users\ASUS\Desktop\机器学习\v2.7.0\_work\evidence\figures\FIG-P547-01\STRICT_R5_REQUAL_R96_SA1_CONT_20260824\glyphs\cards_8x\C0040_U005B_contact_8x_nearest.png,"exact native 300dpi pixel colour-line segmentation; duplicate kerning-boundary ownership resolved, no morphology / repair / resampling",0,1,glyph_sheet_04_8x_nearest.png,R2C2
C0041,0,U0030,16,0,1,SPAN_B16_L00_S01,TLINE_B16_L00,TBLOCK_B16,STIXTwoMath-Regular,11.7559,#1F2328,"157.275,378.347,163.094,390.103","654,1575,681,1627","656,1581,678,1614",22,33,348,DIGIT_UPPER,H_INK>=24,24.0000,NO,PASS,D:\Users\ASUS\Desktop\机器学习\v2.7.0\_work\evidence\figures\FIG-P547-01\STRICT_R5_REQUAL_R96_SA1_CONT_20260824\glyphs\rois_1x\C0041_U0030_original_1x.png,D:\Users\ASUS\Desktop\机器学习\v2.7.0\_work\evidence\figures\FIG-P547-01\STRICT_R5_REQUAL_R96_SA1_CONT_20260824\glyphs\rois_1x\C0041_U0030_target_overlay_1x.png,D:\Users\ASUS\Desktop\机器学习\v2.7.0\_work\evidence\figures\FIG-P547-01\STRICT_R5_REQUAL_R96_SA1_CONT_20260824\glyphs\rois_1x\C0041_U0030_mask_only_1x.png,D:\Users\ASUS\Desktop\机器学习\v2.7.0\_work\evidence\figures\FIG-P547-01\STRICT_R5_REQUAL_R96_SA1_CONT_20260824\glyphs\cards_8x\C0041_U0030_contact_8x_nearest.png,"exact native 300dpi pixel colour-line segmentation; duplicate kerning-boundary ownership resolved, no morphology / repair / resampling",348,1,glyph_sheet_04_8x_nearest.png,R3C1
C0042,.,U002E,16,0,1,SPAN_B16_L00_S01,TLINE_B16_L00,TBLOCK_B16,STIXTwoMath-Regular,11.7559,#1F2328,"163.094,378.347,165.974,390.103","678,1575,693,1627","682,1607,688,1614",6,7,38,LOW_PROFILE,INDEPENDENT_CALIBRATION,CALIBRATION,YES,PASS,D:\Users\ASUS\Desktop\机器学习\v2.7.0\_work\evidence\figures\FIG-P547-01\STRICT_R5_REQUAL_R96_SA1_CONT_20260824\glyphs\rois_1x\C0042_U002E_original_1x.png,D:\Users\ASUS\Desktop\机器学习\v2.7.0\_work\evidence\figures\FIG-P547-01\STRICT_R5_REQUAL_R96_SA1_CONT_20260824\glyphs\rois_1x\C0042_U002E_target_overlay_1x.png,D:\Users\ASUS\Desktop\机器学习\v2.7.0\_work\evidence\figures\FIG-P547-01\STRICT_R5_REQUAL_R96_SA1_CONT_20260824\glyphs\rois_1x\C0042_U002E_mask_only_1x.png,D:\Users\ASUS\Desktop\机器学习\v2.7.0\_work\evidence\figures\FIG-P547-01\STRICT_R5_REQUAL_R96_SA1_CONT_20260824\glyphs\cards_8x\C0042_U002E_contact_8x_nearest.png,"exact native 300dpi pixel colour-line segmentation; duplicate kerning-boundary ownership resolved, no morphology / repair / resampling",0,1,glyph_sheet_04_8x_nearest.png,R3C2
C0043,7,U0037,16,0,1,SPAN_B16_L00_S01,TLINE_B16_L00,TBLOCK_B16,STIXTwoMath-Regular,11.7559,#1F2328,"165.974,378.347,171.794,390.103","690,1575,718,1627","693,1582,714,1614",21,32,225,DIGIT_UPPER,H_INK>=24,24.0000,NO,PASS,D:\Users\ASUS\Desktop\机器学习\v2.7.0\_work\evidence\figures\FIG-P547-01\STRICT_R5_REQUAL_R96_SA1_CONT_20260824\glyphs\rois_1x\C0043_U0037_original_1x.png,D:\Users\ASUS\Desktop\机器学习\v2.7.0\_work\evidence\figures\FIG-P547-01\STRICT_R5_REQUAL_R96_SA1_CONT_20260824\glyphs\rois_1x\C0043_U0037_target_overlay_1x.png,D:\Users\ASUS\Desktop\机器学习\v2.7.0\_work\evidence\figures\FIG-P547-01\STRICT_R5_REQUAL_R96_SA1_CONT_20260824\glyphs\rois_1x\C0043_U0037_mask_only_1x.png,D:\Users\ASUS\Desktop\机器学习\v2.7.0\_work\evidence\figures\FIG-P547-01\STRICT_R5_REQUAL_R96_SA1_CONT_20260824\glyphs\cards_8x\C0043_U0037_contact_8x_nearest.png,"exact native 300dpi pixel colour-line segmentation; duplicate kerning-boundary ownership resolved, no morphology / repair / resampling",0,1,glyph_sheet_04_8x_nearest.png,R4C1
C0044,0,U0030,16,1,0,SPAN_B16_L01_S00,TLINE_B16_L01,TBLOCK_B16,STIXTwoText-Bold,11.7559,#B7791F,"185.143,378.347,190.962,390.103","770,1575,797,1627","772,1581,794,1614",22,33,469,DIGIT_UPPER,H_INK>=24,24.0000,NO,PASS,D:\Users\ASUS\Desktop\机器学习\v2.7.0\_work\evidence\figures\FIG-P547-01\STRICT_R5_REQUAL_R96_SA1_CONT_20260824\glyphs\rois_1x\C0044_U0030_original_1x.png,D:\Users\ASUS\Desktop\机器学习\v2.7.0\_work\evidence\figures\FIG-P547-01\STRICT_R5_REQUAL_R96_SA1_CONT_20260824\glyphs\rois_1x\C0044_U0030_target_overlay_1x.png,D:\Users\ASUS\Desktop\机器学习\v2.7.0\_work\evidence\figures\FIG-P547-01\STRICT_R5_REQUAL_R96_SA1_CONT_20260824\glyphs\rois_1x\C0044_U0030_mask_only_1x.png,D:\Users\ASUS\Desktop\机器学习\v2.7.0\_work\evidence\figures\FIG-P547-01\STRICT_R5_REQUAL_R96_SA1_CONT_20260824\glyphs\cards_8x\C0044_U0030_contact_8x_nearest.png,"exact native 300dpi pixel colour-line segmentation; duplicate kerning-boundary ownership resolved, no morphology / repair / resampling",0,1,glyph_sheet_04_8x_nearest.png,R4C2
C0045,.,U002E,16,1,1,SPAN_B16_L01_S01,TLINE_B16_L01,TBLOCK_B16,STIXTwoMath-Regular,11.7559,#B7791F,"190.962,378.347,193.842,390.103","794,1575,809,1627","798,1607,804,1614",6,7,37,LOW_PROFILE,INDEPENDENT_CALIBRATION,CALIBRATION,YES,PASS,D:\Users\ASUS\Desktop\机器学习\v2.7.0\_work\evidence\figures\FIG-P547-01\STRICT_R5_REQUAL_R96_SA1_CONT_20260824\glyphs\rois_1x\C0045_U002E_original_1x.png,D:\Users\ASUS\Desktop\机器学习\v2.7.0\_work\evidence\figures\FIG-P547-01\STRICT_R5_REQUAL_R96_SA1_CONT_20260824\glyphs\rois_1x\C0045_U002E_target_overlay_1x.png,D:\Users\ASUS\Desktop\机器学习\v2.7.0\_work\evidence\figures\FIG-P547-01\STRICT_R5_REQUAL_R96_SA1_CONT_20260824\glyphs\rois_1x\C0045_U002E_mask_only_1x.png,D:\Users\ASUS\Desktop\机器学习\v2.7.0\_work\evidence\figures\FIG-P547-01\STRICT_R5_REQUAL_R96_SA1_CONT_20260824\glyphs\cards_8x\C0045_U002E_contact_8x_nearest.png,"exact native 300dpi pixel colour-line segmentation; duplicate kerning-boundary ownership resolved, no morphology / repair / resampling",0,1,glyph_sheet_04_8x_nearest.png,R5C1
C0046,3,U0033,16,1,2,SPAN_B16_L01_S02,TLINE_B16_L01,TBLOCK_B16,STIXTwoText-Bold,11.7559,#B7791F,"193.843,378.347,199.662,390.103","806,1575,834,1627","808,1581,830,1614",22,33,364,DIGIT_UPPER,H_INK>=24,24.0000,NO,PASS,D:\Users\ASUS\Desktop\机器学习\v2.7.0\_work\evidence\figures\FIG-P547-01\STRICT_R5_REQUAL_R96_SA1_CONT_20260824\glyphs\rois_1x\C0046_U0033_original_1x.png,D:\Users\ASUS\Desktop\机器学习\v2.7.0\_work\evidence\figures\FIG-P547-01\STRICT_R5_REQUAL_R96_SA1_CONT_20260824\glyphs\rois_1x\C0046_U0033_target_overlay_1x.png,D:\Users\ASUS\Desktop\机器学习\v2.7.0\_work\evidence\figures\FIG-P547-01\STRICT_R5_REQUAL_R96_SA1_CONT_20260824\glyphs\rois_1x\C0046_U0033_mask_only_1x.png,D:\Users\ASUS\Desktop\机器学习\v2.7.0\_work\evidence\figures\FIG-P547-01\STRICT_R5_REQUAL_R96_SA1_CONT_20260824\glyphs\cards_8x\C0046_U0033_contact_8x_nearest.png,"exact native 300dpi pixel colour-line segmentation; duplicate kerning-boundary ownership resolved, no morphology / repair / resampling",364,1,glyph_sheet_04_8x_nearest.png,R5C2
C0047,0,U0030,16,2,0,SPAN_B16_L02_S00,TLINE_B16_L02,TBLOCK_B16,STIXTwoMath-Regular,11.7559,#1F2328,"157.275,391.896,163.094,403.652","654,1631,681,1683","656,1638,678,1671",22,33,348,DIGIT_UPPER,H_INK>=24,24.0000,NO,PASS,D:\Users\ASUS\Desktop\机器学习\v2.7.0\_work\evidence\figures\FIG-P547-01\STRICT_R5_REQUAL_R96_SA1_CONT_20260824\glyphs\rois_1x\C0047_U0030_original_1x.png,D:\Users\ASUS\Desktop\机器学习\v2.7.0\_work\evidence\figures\FIG-P547-01\STRICT_R5_REQUAL_R96_SA1_CONT_20260824\glyphs\rois_1x\C0047_U0030_target_overlay_1x.png,D:\Users\ASUS\Desktop\机器学习\v2.7.0\_work\evidence\figures\FIG-P547-01\STRICT_R5_REQUAL_R96_SA1_CONT_20260824\glyphs\rois_1x\C0047_U0030_mask_only_1x.png,D:\Users\ASUS\Desktop\机器学习\v2.7.0\_work\evidence\figures\FIG-P547-01\STRICT_R5_REQUAL_R96_SA1_CONT_20260824\glyphs\cards_8x\C0047_U0030_contact_8x_nearest.png,"exact native 300dpi pixel colour-line segmentation; duplicate kerning-boundary ownership resolved, no morphology / repair / resampling",348,1,glyph_sheet_04_8x_nearest.png,R6C1
C0048,.,U002E,16,2,0,SPAN_B16_L02_S00,TLINE_B16_L02,TBLOCK_B16,STIXTwoMath-Regular,11.7559,#1F2328,"163.094,391.896,165.974,403.652","678,1631,693,1683","682,1664,688,1671",6,7,38,LOW_PROFILE,INDEPENDENT_CALIBRATION,CALIBRATION,YES,PASS,D:\Users\ASUS\Desktop\机器学习\v2.7.0\_work\evidence\figures\FIG-P547-01\STRICT_R5_REQUAL_R96_SA1_CONT_20260824\glyphs\rois_1x\C0048_U002E_original_1x.png,D:\Users\ASUS\Desktop\机器学习\v2.7.0\_work\evidence\figures\FIG-P547-01\STRICT_R5_REQUAL_R96_SA1_CONT_20260824\glyphs\rois_1x\C0048_U002E_target_overlay_1x.png,D:\Users\ASUS\Desktop\机器学习\v2.7.0\_work\evidence\figures\FIG-P547-01\STRICT_R5_REQUAL_R96_SA1_CONT_20260824\glyphs\rois_1x\C0048_U002E_mask_only_1x.png,D:\Users\ASUS\Desktop\机器学习\v2.7.0\_work\evidence\figures\FIG-P547-01\STRICT_R5_REQUAL_R96_SA1_CONT_20260824\glyphs\cards_8x\C0048_U002E_contact_8x_nearest.png,"exact native 300dpi pixel colour-line segmentation; duplicate kerning-boundary ownership resolved, no morphology / repair / resampling",0,1,glyph_sheet_04_8x_nearest.png,R6C2
C0049,2,U0032,16,2,0,SPAN_B16_L02_S00,TLINE_B16_L02,TBLOCK_B16,STIXTwoMath-Regular,11.7559,#1F2328,"165.974,391.896,171.794,403.652","690,1631,718,1683","692,1638,714,1670",22,32,273,DIGIT_UPPER,H_INK>=24,24.0000,NO,PASS,D:\Users\ASUS\Desktop\机器学习\v2.7.0\_work\evidence\figures\FIG-P547-01\STRICT_R5_REQUAL_R96_SA1_CONT_20260824\glyphs\rois_1x\C0049_U0032_original_1x.png,D:\Users\ASUS\Desktop\机器学习\v2.7.0\_work\evidence\figures\FIG-P547-01\STRICT_R5_REQUAL_R96_SA1_CONT_20260824\glyphs\rois_1x\C0049_U0032_target_overlay_1x.png,D:\Users\ASUS\Desktop\机器学习\v2.7.0\_work\evidence\figures\FIG-P547-01\STRICT_R5_REQUAL_R96_SA1_CONT_20260824\glyphs\rois_1x\C0049_U0032_mask_only_1x.png,D:\Users\ASUS\Desktop\机器学习\v2.7.0\_work\evidence\figures\FIG-P547-01\STRICT_R5_REQUAL_R96_SA1_CONT_20260824\glyphs\cards_8x\C0049_U0032_contact_8x_nearest.png,"exact native 300dpi pixel colour-line segmentation; duplicate kerning-boundary ownership resolved, no morphology / repair / resampling",273,1,glyph_sheet_05_8x_nearest.png,R1C1
C0050,0,U0030,16,3,0,SPAN_B16_L03_S00,TLINE_B16_L03,TBLOCK_B16,STIXTwoMath-Regular,11.7559,#1F2328,"185.137,391.896,190.956,403.652","770,1631,797,1683","772,1638,794,1671",22,33,348,DIGIT_UPPER,H_INK>=24,24.0000,NO,PASS,D:\Users\ASUS\Desktop\机器学习\v2.7.0\_work\evidence\figures\FIG-P547-01\STRICT_R5_REQUAL_R96_SA1_CONT_20260824\glyphs\rois_1x\C0050_U0030_original_1x.png,D:\Users\ASUS\Desktop\机器学习\v2.7.0\_work\evidence\figures\FIG-P547-01\STRICT_R5_REQUAL_R96_SA1_CONT_20260824\glyphs\rois_1x\C0050_U0030_target_overlay_1x.png,D:\Users\ASUS\Desktop\机器学习\v2.7.0\_work\evidence\figures\FIG-P547-01\STRICT_R5_REQUAL_R96_SA1_CONT_20260824\glyphs\rois_1x\C0050_U0030_mask_only_1x.png,D:\Users\ASUS\Desktop\机器学习\v2.7.0\_work\evidence\figures\FIG-P547-01\STRICT_R5_REQUAL_R96_SA1_CONT_20260824\glyphs\cards_8x\C0050_U0030_contact_8x_nearest.png,"exact native 300dpi pixel colour-line segmentation; duplicate kerning-boundary ownership resolved, no morphology / repair / resampling",0,1,glyph_sheet_05_8x_nearest.png,R1C2
C0051,.,U002E,16,3,0,SPAN_B16_L03_S00,TLINE_B16_L03,TBLOCK_B16,STIXTwoMath-Regular,11.7559,#1F2328,"190.956,391.896,193.836,403.652","794,1631,809,1683","798,1664,804,1671",6,7,38,LOW_PROFILE,INDEPENDENT_CALIBRATION,CALIBRATION,YES,PASS,D:\Users\ASUS\Desktop\机器学习\v2.7.0\_work\evidence\figures\FIG-P547-01\STRICT_R5_REQUAL_R96_SA1_CONT_20260824\glyphs\rois_1x\C0051_U002E_original_1x.png,D:\Users\ASUS\Desktop\机器学习\v2.7.0\_work\evidence\figures\FIG-P547-01\STRICT_R5_REQUAL_R96_SA1_CONT_20260824\glyphs\rois_1x\C0051_U002E_target_overlay_1x.png,D:\Users\ASUS\Desktop\机器学习\v2.7.0\_work\evidence\figures\FIG-P547-01\STRICT_R5_REQUAL_R96_SA1_CONT_20260824\glyphs\rois_1x\C0051_U002E_mask_only_1x.png,D:\Users\ASUS\Desktop\机器学习\v2.7.0\_work\evidence\figures\FIG-P547-01\STRICT_R5_REQUAL_R96_SA1_CONT_20260824\glyphs\cards_8x\C0051_U002E_contact_8x_nearest.png,"exact native 300dpi pixel colour-line segmentation; duplicate kerning-boundary ownership resolved, no morphology / repair / resampling",0,1,glyph_sheet_05_8x_nearest.png,R2C1
C0052,8,U0038,16,3,0,SPAN_B16_L03_S00,TLINE_B16_L03,TBLOCK_B16,STIXTwoMath-Regular,11.7559,#1F2328,"193.836,391.896,199.655,403.652","806,1631,834,1683","809,1638,829,1671",20,33,352,DIGIT_UPPER,H_INK>=24,24.0000,NO,PASS,D:\Users\ASUS\Desktop\机器学习\v2.7.0\_work\evidence\figures\FIG-P547-01\STRICT_R5_REQUAL_R96_SA1_CONT_20260824\glyphs\rois_1x\C0052_U0038_original_1x.png,D:\Users\ASUS\Desktop\机器学习\v2.7.0\_work\evidence\figures\FIG-P547-01\STRICT_R5_REQUAL_R96_SA1_CONT_20260824\glyphs\rois_1x\C0052_U0038_target_overlay_1x.png,D:\Users\ASUS\Desktop\机器学习\v2.7.0\_work\evidence\figures\FIG-P547-01\STRICT_R5_REQUAL_R96_SA1_CONT_20260824\glyphs\rois_1x\C0052_U0038_mask_only_1x.png,D:\Users\ASUS\Desktop\机器学习\v2.7.0\_work\evidence\figures\FIG-P547-01\STRICT_R5_REQUAL_R96_SA1_CONT_20260824\glyphs\cards_8x\C0052_U0038_contact_8x_nearest.png,"exact native 300dpi pixel colour-line segmentation; duplicate kerning-boundary ownership resolved, no morphology / repair / resampling",0,1,glyph_sheet_05_8x_nearest.png,R2C2
C0053,],U005D,16,3,1,SPAN_B16_L03_S01,TLINE_B16_L03,TBLOCK_B16,STIXTwoMath-Regular,11.7559,#1F2328,"203.049,384.790,208.563,396.546","845,1602,871,1654","858,1602,864,1654",6,52,312,LOW_PROFILE,INDEPENDENT_CALIBRATION,CALIBRATION,YES,PASS,D:\Users\ASUS\Desktop\机器学习\v2.7.0\_work\evidence\figures\FIG-P547-01\STRICT_R5_REQUAL_R96_SA1_CONT_20260824\glyphs\rois_1x\C0053_U005D_original_1x.png,D:\Users\ASUS\Desktop\机器学习\v2.7.0\_work\evidence\figures\FIG-P547-01\STRICT_R5_REQUAL_R96_SA1_CONT_20260824\glyphs\rois_1x\C0053_U005D_target_overlay_1x.png,D:\Users\ASUS\Desktop\机器学习\v2.7.0\_work\evidence\figures\FIG-P547-01\STRICT_R5_REQUAL_R96_SA1_CONT_20260824\glyphs\rois_1x\C0053_U005D_mask_only_1x.png,D:\Users\ASUS\Desktop\机器学习\v2.7.0\_work\evidence\figures\FIG-P547-01\STRICT_R5_REQUAL_R96_SA1_CONT_20260824\glyphs\cards_8x\C0053_U005D_contact_8x_nearest.png,"exact native 300dpi pixel colour-line segmentation; duplicate kerning-boundary ownership resolved, no morphology / repair / resampling",0,1,glyph_sheet_05_8x_nearest.png,R3C1
C0054,每,U6BCF,17,0,0,SPAN_B17_L00_S00,TLINE_B17_L00,TBLOCK_B17,NotoSerifSC-ExtraLight,9.7634,#1F2328,"113.808,408.887,123.571,419.344","473,1702,517,1749","476,1702,513,1739",37,37,470,CJK_FULL,H_INK>=30,30.0000,NO,PASS,D:\Users\ASUS\Desktop\机器学习\v2.7.0\_work\evidence\figures\FIG-P547-01\STRICT_R5_REQUAL_R96_SA1_CONT_20260824\glyphs\rois_1x\C0054_U6BCF_original_1x.png,D:\Users\ASUS\Desktop\机器学习\v2.7.0\_work\evidence\figures\FIG-P547-01\STRICT_R5_REQUAL_R96_SA1_CONT_20260824\glyphs\rois_1x\C0054_U6BCF_target_overlay_1x.png,D:\Users\ASUS\Desktop\机器学习\v2.7.0\_work\evidence\figures\FIG-P547-01\STRICT_R5_REQUAL_R96_SA1_CONT_20260824\glyphs\rois_1x\C0054_U6BCF_mask_only_1x.png,D:\Users\ASUS\Desktop\机器学习\v2.7.0\_work\evidence\figures\FIG-P547-01\STRICT_R5_REQUAL_R96_SA1_CONT_20260824\glyphs\cards_8x\C0054_U6BCF_contact_8x_nearest.png,"exact native 300dpi pixel colour-line segmentation; duplicate kerning-boundary ownership resolved, no morphology / repair / resampling",0,1,glyph_sheet_05_8x_nearest.png,R3C2
C0055,行,U884C,17,0,0,SPAN_B17_L00_S00,TLINE_B17_L00,TBLOCK_B17,NotoSerifSC-ExtraLight,9.7634,#1F2328,"123.571,408.887,133.335,419.344","514,1702,557,1749","515,1702,554,1739",39,37,331,CJK_FULL,H_INK>=30,30.0000,NO,PASS,D:\Users\ASUS\Desktop\机器学习\v2.7.0\_work\evidence\figures\FIG-P547-01\STRICT_R5_REQUAL_R96_SA1_CONT_20260824\glyphs\rois_1x\C0055_U884C_original_1x.png,D:\Users\ASUS\Desktop\机器学习\v2.7.0\_work\evidence\figures\FIG-P547-01\STRICT_R5_REQUAL_R96_SA1_CONT_20260824\glyphs\rois_1x\C0055_U884C_target_overlay_1x.png,D:\Users\ASUS\Desktop\机器学习\v2.7.0\_work\evidence\figures\FIG-P547-01\STRICT_R5_REQUAL_R96_SA1_CONT_20260824\glyphs\rois_1x\C0055_U884C_mask_only_1x.png,D:\Users\ASUS\Desktop\机器学习\v2.7.0\_work\evidence\figures\FIG-P547-01\STRICT_R5_REQUAL_R96_SA1_CONT_20260824\glyphs\cards_8x\C0055_U884C_contact_8x_nearest.png,"exact native 300dpi pixel colour-line segmentation; duplicate kerning-boundary ownership resolved, no morphology / repair / resampling",151,4,glyph_sheet_05_8x_nearest.png,R4C1
C0056,和,U548C,17,0,0,SPAN_B17_L00_S00,TLINE_B17_L00,TBLOCK_B17,NotoSerifSC-ExtraLight,9.7634,#1F2328,"133.335,408.887,143.098,419.344","554,1702,598,1749","556,1702,593,1739",37,37,422,CJK_FULL,H_INK>=30,30.0000,NO,PASS,D:\Users\ASUS\Desktop\机器学习\v2.7.0\_work\evidence\figures\FIG-P547-01\STRICT_R5_REQUAL_R96_SA1_CONT_20260824\glyphs\rois_1x\C0056_U548C_original_1x.png,D:\Users\ASUS\Desktop\机器学习\v2.7.0\_work\evidence\figures\FIG-P547-01\STRICT_R5_REQUAL_R96_SA1_CONT_20260824\glyphs\rois_1x\C0056_U548C_target_overlay_1x.png,D:\Users\ASUS\Desktop\机器学习\v2.7.0\_work\evidence\figures\FIG-P547-01\STRICT_R5_REQUAL_R96_SA1_CONT_20260824\glyphs\rois_1x\C0056_U548C_mask_only_1x.png,D:\Users\ASUS\Desktop\机器学习\v2.7.0\_work\evidence\figures\FIG-P547-01\STRICT_R5_REQUAL_R96_SA1_CONT_20260824\glyphs\cards_8x\C0056_U548C_contact_8x_nearest.png,"exact native 300dpi pixel colour-line segmentation; duplicate kerning-boundary ownership resolved, no morphology / repair / resampling",422,1,glyph_sheet_05_8x_nearest.png,R4C2
C0057,为,U4E3A,17,0,0,SPAN_B17_L00_S00,TLINE_B17_L00,TBLOCK_B17,NotoSerifSC-ExtraLight,9.7634,#1F2328,"143.098,408.887,152.862,419.344","595,1702,639,1749","598,1702,635,1739",37,37,333,CJK_FULL,H_INK>=30,30.0000,NO,PASS,D:\Users\ASUS\Desktop\机器学习\v2.7.0\_work\evidence\figures\FIG-P547-01\STRICT_R5_REQUAL_R96_SA1_CONT_20260824\glyphs\rois_1x\C0057_U4E3A_original_1x.png,D:\Users\ASUS\Desktop\机器学习\v2.7.0\_work\evidence\figures\FIG-P547-01\STRICT_R5_REQUAL_R96_SA1_CONT_20260824\glyphs\rois_1x\C0057_U4E3A_target_overlay_1x.png,D:\Users\ASUS\Desktop\机器学习\v2.7.0\_work\evidence\figures\FIG-P547-01\STRICT_R5_REQUAL_R96_SA1_CONT_20260824\glyphs\rois_1x\C0057_U4E3A_mask_only_1x.png,D:\Users\ASUS\Desktop\机器学习\v2.7.0\_work\evidence\figures\FIG-P547-01\STRICT_R5_REQUAL_R96_SA1_CONT_20260824\glyphs\cards_8x\C0057_U4E3A_contact_8x_nearest.png,"exact native 300dpi pixel colour-line segmentation; duplicate kerning-boundary ownership resolved, no morphology / repair / resampling",0,3,glyph_sheet_05_8x_nearest.png,R5C1
C0058,1,U0031,17,0,1,SPAN_B17_L00_S01,TLINE_B17_L00,TBLOCK_B17,STIXTwoMath-Regular,9.7634,#1F2328,"155.156,409.258,159.989,419.022","645,1704,668,1747","649,1710,664,1736",15,26,164,DIGIT_UPPER,H_INK>=24,24.0000,NO,PASS,D:\Users\ASUS\Desktop\机器学习\v2.7.0\_work\evidence\figures\FIG-P547-01\STRICT_R5_REQUAL_R96_SA1_CONT_20260824\glyphs\rois_1x\C0058_U0031_original_1x.png,D:\Users\ASUS\Desktop\机器学习\v2.7.0\_work\evidence\figures\FIG-P547-01\STRICT_R5_REQUAL_R96_SA1_CONT_20260824\glyphs\rois_1x\C0058_U0031_target_overlay_1x.png,D:\Users\ASUS\Desktop\机器学习\v2.7.0\_work\evidence\figures\FIG-P547-01\STRICT_R5_REQUAL_R96_SA1_CONT_20260824\glyphs\rois_1x\C0058_U0031_mask_only_1x.png,D:\Users\ASUS\Desktop\机器学习\v2.7.0\_work\evidence\figures\FIG-P547-01\STRICT_R5_REQUAL_R96_SA1_CONT_20260824\glyphs\cards_8x\C0058_U0031_contact_8x_nearest.png,"exact native 300dpi pixel colour-line segmentation; duplicate kerning-boundary ownership resolved, no morphology / repair / resampling",0,1,glyph_sheet_05_8x_nearest.png,R5C2
C0059,；,UFF1B,17,0,2,SPAN_B17_L00_S02,TLINE_B17_L00,TBLOCK_B17,NotoSerifSC-ExtraLight,9.7634,#1F2328,"159.989,408.887,169.752,419.344","665,1702,709,1749","671,1713,677,1741",6,28,57,LOW_PROFILE,INDEPENDENT_CALIBRATION,CALIBRATION,YES,PASS,D:\Users\ASUS\Desktop\机器学习\v2.7.0\_work\evidence\figures\FIG-P547-01\STRICT_R5_REQUAL_R96_SA1_CONT_20260824\glyphs\rois_1x\C0059_UFF1B_original_1x.png,D:\Users\ASUS\Desktop\机器学习\v2.7.0\_work\evidence\figures\FIG-P547-01\STRICT_R5_REQUAL_R96_SA1_CONT_20260824\glyphs\rois_1x\C0059_UFF1B_target_overlay_1x.png,D:\Users\ASUS\Desktop\机器学习\v2.7.0\_work\evidence\figures\FIG-P547-01\STRICT_R5_REQUAL_R96_SA1_CONT_20260824\glyphs\rois_1x\C0059_UFF1B_mask_only_1x.png,D:\Users\ASUS\Desktop\机器学习\v2.7.0\_work\evidence\figures\FIG-P547-01\STRICT_R5_REQUAL_R96_SA1_CONT_20260824\glyphs\cards_8x\C0059_UFF1B_contact_8x_nearest.png,"exact native 300dpi pixel colour-line segmentation; duplicate kerning-boundary ownership resolved, no morphology / repair / resampling",0,2,glyph_sheet_05_8x_nearest.png,R6C1
C0060,𝜌,U1D70C,17,0,3,SPAN_B17_L00_S03,TLINE_B17_L00,TBLOCK_B17,STIXTwoMath-Regular,11.5567,#1F2328,"169.752,407.892,176.074,419.449","706,1698,735,1749","706,1712,731,1747",25,35,310,BASE_MATH,H_INK>=22,22.0000,NO,PASS,D:\Users\ASUS\Desktop\机器学习\v2.7.0\_work\evidence\figures\FIG-P547-01\STRICT_R5_REQUAL_R96_SA1_CONT_20260824\glyphs\rois_1x\C0060_U1D70C_original_1x.png,D:\Users\ASUS\Desktop\机器学习\v2.7.0\_work\evidence\figures\FIG-P547-01\STRICT_R5_REQUAL_R96_SA1_CONT_20260824\glyphs\rois_1x\C0060_U1D70C_target_overlay_1x.png,D:\Users\ASUS\Desktop\机器学习\v2.7.0\_work\evidence\figures\FIG-P547-01\STRICT_R5_REQUAL_R96_SA1_CONT_20260824\glyphs\rois_1x\C0060_U1D70C_mask_only_1x.png,D:\Users\ASUS\Desktop\机器学习\v2.7.0\_work\evidence\figures\FIG-P547-01\STRICT_R5_REQUAL_R96_SA1_CONT_20260824\glyphs\cards_8x\C0060_U1D70C_contact_8x_nearest.png,"exact native 300dpi pixel colour-line segmentation; duplicate kerning-boundary ownership resolved, no morphology / repair / resampling",310,1,glyph_sheet_05_8x_nearest.png,R6C2
C0061,𝑡,U1D461,17,0,4,SPAN_B17_L00_S04,TLINE_B17_L00,TBLOCK_B17,STIXTwoMath-Regular,8.0896,#1F2328,"176.270,412.961,179.562,421.050","733,1719,750,1756","736,1724,746,1747",10,23,112,NATURAL_SCRIPT,H_INK>=15,15.0000,NO,PASS,D:\Users\ASUS\Desktop\机器学习\v2.7.0\_work\evidence\figures\FIG-P547-01\STRICT_R5_REQUAL_R96_SA1_CONT_20260824\glyphs\rois_1x\C0061_U1D461_original_1x.png,D:\Users\ASUS\Desktop\机器学习\v2.7.0\_work\evidence\figures\FIG-P547-01\STRICT_R5_REQUAL_R96_SA1_CONT_20260824\glyphs\rois_1x\C0061_U1D461_target_overlay_1x.png,D:\Users\ASUS\Desktop\机器学习\v2.7.0\_work\evidence\figures\FIG-P547-01\STRICT_R5_REQUAL_R96_SA1_CONT_20260824\glyphs\rois_1x\C0061_U1D461_mask_only_1x.png,D:\Users\ASUS\Desktop\机器学习\v2.7.0\_work\evidence\figures\FIG-P547-01\STRICT_R5_REQUAL_R96_SA1_CONT_20260824\glyphs\cards_8x\C0061_U1D461_contact_8x_nearest.png,"exact native 300dpi pixel colour-line segmentation; duplicate kerning-boundary ownership resolved, no morphology / repair / resampling",0,1,glyph_sheet_06_8x_nearest.png,R1C1
C0062,+,U002B,17,0,4,SPAN_B17_L00_S04,TLINE_B17_L00,TBLOCK_B17,STIXTwoMath-Regular,8.0896,#1F2328,"179.684,412.961,185.929,421.050","747,1719,776,1756","750,1726,772,1748",22,22,160,NATURAL_SCRIPT,H_INK>=15,15.0000,NO,PASS,D:\Users\ASUS\Desktop\机器学习\v2.7.0\_work\evidence\figures\FIG-P547-01\STRICT_R5_REQUAL_R96_SA1_CONT_20260824\glyphs\rois_1x\C0062_U002B_original_1x.png,D:\Users\ASUS\Desktop\机器学习\v2.7.0\_work\evidence\figures\FIG-P547-01\STRICT_R5_REQUAL_R96_SA1_CONT_20260824\glyphs\rois_1x\C0062_U002B_target_overlay_1x.png,D:\Users\ASUS\Desktop\机器学习\v2.7.0\_work\evidence\figures\FIG-P547-01\STRICT_R5_REQUAL_R96_SA1_CONT_20260824\glyphs\rois_1x\C0062_U002B_mask_only_1x.png,D:\Users\ASUS\Desktop\机器学习\v2.7.0\_work\evidence\figures\FIG-P547-01\STRICT_R5_REQUAL_R96_SA1_CONT_20260824\glyphs\cards_8x\C0062_U002B_contact_8x_nearest.png,"exact native 300dpi pixel colour-line segmentation; duplicate kerning-boundary ownership resolved, no morphology / repair / resampling",0,1,glyph_sheet_06_8x_nearest.png,R1C2
C0063,1,U0031,17,0,4,SPAN_B17_L00_S04,TLINE_B17_L00,TBLOCK_B17,STIXTwoMath-Regular,8.0896,#1F2328,"185.929,412.961,190.047,421.050","773,1719,794,1756","776,1723,789,1746",13,23,122,NATURAL_SCRIPT,H_INK>=15,15.0000,NO,PASS,D:\Users\ASUS\Desktop\机器学习\v2.7.0\_work\evidence\figures\FIG-P547-01\STRICT_R5_REQUAL_R96_SA1_CONT_20260824\glyphs\rois_1x\C0063_U0031_original_1x.png,D:\Users\ASUS\Desktop\机器学习\v2.7.0\_work\evidence\figures\FIG-P547-01\STRICT_R5_REQUAL_R96_SA1_CONT_20260824\glyphs\rois_1x\C0063_U0031_target_overlay_1x.png,D:\Users\ASUS\Desktop\机器学习\v2.7.0\_work\evidence\figures\FIG-P547-01\STRICT_R5_REQUAL_R96_SA1_CONT_20260824\glyphs\rois_1x\C0063_U0031_mask_only_1x.png,D:\Users\ASUS\Desktop\机器学习\v2.7.0\_work\evidence\figures\FIG-P547-01\STRICT_R5_REQUAL_R96_SA1_CONT_20260824\glyphs\cards_8x\C0063_U0031_contact_8x_nearest.png,"exact native 300dpi pixel colour-line segmentation; duplicate kerning-boundary ownership resolved, no morphology / repair / resampling",0,1,glyph_sheet_06_8x_nearest.png,R2C1
C0064,=,U003D,17,0,6,SPAN_B17_L00_S06,TLINE_B17_L00,TBLOCK_B17,STIXTwoMath-Regular,11.5567,#1F2328,"193.719,407.892,202.040,419.449","806,1698,844,1749","810,1717,839,1731",29,14,261,BASE_MATH_OPERATOR,H_INK>=22,22.0000,NO,FAIL,D:\Users\ASUS\Desktop\机器学习\v2.7.0\_work\evidence\figures\FIG-P547-01\STRICT_R5_REQUAL_R96_SA1_CONT_20260824\glyphs\rois_1x\C0064_U003D_original_1x.png,D:\Users\ASUS\Desktop\机器学习\v2.7.0\_work\evidence\figures\FIG-P547-01\STRICT_R5_REQUAL_R96_SA1_CONT_20260824\glyphs\rois_1x\C0064_U003D_target_overlay_1x.png,D:\Users\ASUS\Desktop\机器学习\v2.7.0\_work\evidence\figures\FIG-P547-01\STRICT_R5_REQUAL_R96_SA1_CONT_20260824\glyphs\rois_1x\C0064_U003D_mask_only_1x.png,D:\Users\ASUS\Desktop\机器学习\v2.7.0\_work\evidence\figures\FIG-P547-01\STRICT_R5_REQUAL_R96_SA1_CONT_20260824\glyphs\cards_8x\C0064_U003D_contact_8x_nearest.png,"exact native 300dpi pixel colour-line segmentation; duplicate kerning-boundary ownership resolved, no morphology / repair / resampling",0,2,glyph_sheet_06_8x_nearest.png,R2C2
C0065,𝜌,U1D70C,17,0,6,SPAN_B17_L00_S06,TLINE_B17_L00,TBLOCK_B17,STIXTwoMath-Regular,11.5567,#1F2328,"205.241,407.892,211.562,419.449","854,1698,883,1749","854,1712,879,1747",25,35,310,BASE_MATH,H_INK>=22,22.0000,NO,PASS,D:\Users\ASUS\Desktop\机器学习\v2.7.0\_work\evidence\figures\FIG-P547-01\STRICT_R5_REQUAL_R96_SA1_CONT_20260824\glyphs\rois_1x\C0065_U1D70C_original_1x.png,D:\Users\ASUS\Desktop\机器学习\v2.7.0\_work\evidence\figures\FIG-P547-01\STRICT_R5_REQUAL_R96_SA1_CONT_20260824\glyphs\rois_1x\C0065_U1D70C_target_overlay_1x.png,D:\Users\ASUS\Desktop\机器学习\v2.7.0\_work\evidence\figures\FIG-P547-01\STRICT_R5_REQUAL_R96_SA1_CONT_20260824\glyphs\rois_1x\C0065_U1D70C_mask_only_1x.png,D:\Users\ASUS\Desktop\机器学习\v2.7.0\_work\evidence\figures\FIG-P547-01\STRICT_R5_REQUAL_R96_SA1_CONT_20260824\glyphs\cards_8x\C0065_U1D70C_contact_8x_nearest.png,"exact native 300dpi pixel colour-line segmentation; duplicate kerning-boundary ownership resolved, no morphology / repair / resampling",0,1,glyph_sheet_06_8x_nearest.png,R3C1
C0066,𝑡,U1D461,17,0,7,SPAN_B17_L00_S07,TLINE_B17_L00,TBLOCK_B17,STIXTwoMath-Regular,8.0896,#1F2328,"211.768,412.961,215.060,421.050","881,1719,898,1756","884,1724,898,1747",14,23,118,NATURAL_SCRIPT,H_INK>=15,15.0000,NO,PASS,D:\Users\ASUS\Desktop\机器学习\v2.7.0\_work\evidence\figures\FIG-P547-01\STRICT_R5_REQUAL_R96_SA1_CONT_20260824\glyphs\rois_1x\C0066_U1D461_original_1x.png,D:\Users\ASUS\Desktop\机器学习\v2.7.0\_work\evidence\figures\FIG-P547-01\STRICT_R5_REQUAL_R96_SA1_CONT_20260824\glyphs\rois_1x\C0066_U1D461_target_overlay_1x.png,D:\Users\ASUS\Desktop\机器学习\v2.7.0\_work\evidence\figures\FIG-P547-01\STRICT_R5_REQUAL_R96_SA1_CONT_20260824\glyphs\rois_1x\C0066_U1D461_mask_only_1x.png,D:\Users\ASUS\Desktop\机器学习\v2.7.0\_work\evidence\figures\FIG-P547-01\STRICT_R5_REQUAL_R96_SA1_CONT_20260824\glyphs\cards_8x\C0066_U1D461_contact_8x_nearest.png,"exact native 300dpi pixel colour-line segmentation; duplicate kerning-boundary ownership resolved, no morphology / repair / resampling",337,2,glyph_sheet_06_8x_nearest.png,R3C2
C0067,𝐴,U1D434,17,0,8,SPAN_B17_L00_S08,TLINE_B17_L00,TBLOCK_B17,STIXTwoMath-Regular,11.5567,#1F2328,"215.644,407.892,223.514,419.449","897,1698,933,1749","898,1704,930,1736",32,32,331,BASE_MATH,H_INK>=22,22.0000,NO,PASS,D:\Users\ASUS\Desktop\机器学习\v2.7.0\_work\evidence\figures\FIG-P547-01\STRICT_R5_REQUAL_R96_SA1_CONT_20260824\glyphs\rois_1x\C0067_U1D434_original_1x.png,D:\Users\ASUS\Desktop\机器学习\v2.7.0\_work\evidence\figures\FIG-P547-01\STRICT_R5_REQUAL_R96_SA1_CONT_20260824\glyphs\rois_1x\C0067_U1D434_target_overlay_1x.png,D:\Users\ASUS\Desktop\机器学习\v2.7.0\_work\evidence\figures\FIG-P547-01\STRICT_R5_REQUAL_R96_SA1_CONT_20260824\glyphs\rois_1x\C0067_U1D434_mask_only_1x.png,D:\Users\ASUS\Desktop\机器学习\v2.7.0\_work\evidence\figures\FIG-P547-01\STRICT_R5_REQUAL_R96_SA1_CONT_20260824\glyphs\cards_8x\C0067_U1D434_contact_8x_nearest.png,"exact native 300dpi pixel colour-line segmentation; duplicate kerning-boundary ownership resolved, no morphology / repair / resampling",337,1,glyph_sheet_06_8x_nearest.png,R4C1
C0068,𝑃,U1D443,18,0,0,SPAN_B18_L00_S00,TLINE_B18_L00,TBLOCK_B18,STIXTwoMath-Regular,11.9552,#1F2328,"272.923,372.161,279.725,384.116","1136,1549,1167,1602","1136,1555,1166,1588",30,33,349,BASE_MATH,H_INK>=22,22.0000,NO,PASS,D:\Users\ASUS\Desktop\机器学习\v2.7.0\_work\evidence\figures\FIG-P547-01\STRICT_R5_REQUAL_R96_SA1_CONT_20260824\glyphs\rois_1x\C0068_U1D443_original_1x.png,D:\Users\ASUS\Desktop\机器学习\v2.7.0\_work\evidence\figures\FIG-P547-01\STRICT_R5_REQUAL_R96_SA1_CONT_20260824\glyphs\rois_1x\C0068_U1D443_target_overlay_1x.png,D:\Users\ASUS\Desktop\机器学习\v2.7.0\_work\evidence\figures\FIG-P547-01\STRICT_R5_REQUAL_R96_SA1_CONT_20260824\glyphs\rois_1x\C0068_U1D443_mask_only_1x.png,D:\Users\ASUS\Desktop\机器学习\v2.7.0\_work\evidence\figures\FIG-P547-01\STRICT_R5_REQUAL_R96_SA1_CONT_20260824\glyphs\cards_8x\C0068_U1D443_contact_8x_nearest.png,"exact native 300dpi pixel colour-line segmentation; duplicate kerning-boundary ownership resolved, no morphology / repair / resampling",0,1,glyph_sheet_06_8x_nearest.png,R4C2
C0069,=,U003D,18,0,0,SPAN_B18_L00_S00,TLINE_B18_L00,TBLOCK_B18,STIXTwoMath-Regular,11.9552,#1F2328,"283.456,372.161,292.063,384.116","1180,1549,1219,1602","1184,1568,1214,1582",30,14,240,BASE_MATH_OPERATOR,H_INK>=22,22.0000,NO,FAIL,D:\Users\ASUS\Desktop\机器学习\v2.7.0\_work\evidence\figures\FIG-P547-01\STRICT_R5_REQUAL_R96_SA1_CONT_20260824\glyphs\rois_1x\C0069_U003D_original_1x.png,D:\Users\ASUS\Desktop\机器学习\v2.7.0\_work\evidence\figures\FIG-P547-01\STRICT_R5_REQUAL_R96_SA1_CONT_20260824\glyphs\rois_1x\C0069_U003D_target_overlay_1x.png,D:\Users\ASUS\Desktop\机器学习\v2.7.0\_work\evidence\figures\FIG-P547-01\STRICT_R5_REQUAL_R96_SA1_CONT_20260824\glyphs\rois_1x\C0069_U003D_mask_only_1x.png,D:\Users\ASUS\Desktop\机器学习\v2.7.0\_work\evidence\figures\FIG-P547-01\STRICT_R5_REQUAL_R96_SA1_CONT_20260824\glyphs\cards_8x\C0069_U003D_contact_8x_nearest.png,"exact native 300dpi pixel colour-line segmentation; duplicate kerning-boundary ownership resolved, no morphology / repair / resampling",0,2,glyph_sheet_06_8x_nearest.png,R5C1
C0070,𝐴,U1D434,18,0,0,SPAN_B18_L00_S00,TLINE_B18_L00,TBLOCK_B18,STIXTwoMath-Regular,11.9552,#1F2328,"295.387,372.161,303.528,384.116","1230,1549,1267,1602","1230,1555,1263,1588",33,33,355,BASE_MATH,H_INK>=22,22.0000,NO,PASS,D:\Users\ASUS\Desktop\机器学习\v2.7.0\_work\evidence\figures\FIG-P547-01\STRICT_R5_REQUAL_R96_SA1_CONT_20260824\glyphs\rois_1x\C0070_U1D434_original_1x.png,D:\Users\ASUS\Desktop\机器学习\v2.7.0\_work\evidence\figures\FIG-P547-01\STRICT_R5_REQUAL_R96_SA1_CONT_20260824\glyphs\rois_1x\C0070_U1D434_target_overlay_1x.png,D:\Users\ASUS\Desktop\机器学习\v2.7.0\_work\evidence\figures\FIG-P547-01\STRICT_R5_REQUAL_R96_SA1_CONT_20260824\glyphs\rois_1x\C0070_U1D434_mask_only_1x.png,D:\Users\ASUS\Desktop\机器学习\v2.7.0\_work\evidence\figures\FIG-P547-01\STRICT_R5_REQUAL_R96_SA1_CONT_20260824\glyphs\cards_8x\C0070_U1D434_contact_8x_nearest.png,"exact native 300dpi pixel colour-line segmentation; duplicate kerning-boundary ownership resolved, no morphology / repair / resampling",0,1,glyph_sheet_06_8x_nearest.png,R5C2
C0071,T,U0054,18,0,1,SPAN_B18_L00_S01,TLINE_B18_L00,TBLOCK_B18,TeXGyreHeros-Regular,11.4570,#1F2328,"303.535,363.814,310.535,380.221","1264,1514,1296,1586","1265,1535,1293,1570",28,35,289,DIGIT_UPPER,H_INK>=24,24.0000,NO,PASS,D:\Users\ASUS\Desktop\机器学习\v2.7.0\_work\evidence\figures\FIG-P547-01\STRICT_R5_REQUAL_R96_SA1_CONT_20260824\glyphs\rois_1x\C0071_U0054_original_1x.png,D:\Users\ASUS\Desktop\机器学习\v2.7.0\_work\evidence\figures\FIG-P547-01\STRICT_R5_REQUAL_R96_SA1_CONT_20260824\glyphs\rois_1x\C0071_U0054_target_overlay_1x.png,D:\Users\ASUS\Desktop\机器学习\v2.7.0\_work\evidence\figures\FIG-P547-01\STRICT_R5_REQUAL_R96_SA1_CONT_20260824\glyphs\rois_1x\C0071_U0054_mask_only_1x.png,D:\Users\ASUS\Desktop\机器学习\v2.7.0\_work\evidence\figures\FIG-P547-01\STRICT_R5_REQUAL_R96_SA1_CONT_20260824\glyphs\cards_8x\C0071_U0054_contact_8x_nearest.png,"exact native 300dpi pixel colour-line segmentation; duplicate kerning-boundary ownership resolved, no morphology / repair / resampling",289,1,glyph_sheet_06_8x_nearest.png,R6C1
C0072,同,U540C,19,0,0,SPAN_B19_L00_S00,TLINE_B19_L00,TBLOCK_B19,NotoSerifSC-ExtraLight,11.5567,#1F2328,"233.956,385.276,245.513,397.653","974,1604,1025,1658","979,1605,1019,1647",40,42,558,CJK_FULL,H_INK>=30,30.0000,NO,PASS,D:\Users\ASUS\Desktop\机器学习\v2.7.0\_work\evidence\figures\FIG-P547-01\STRICT_R5_REQUAL_R96_SA1_CONT_20260824\glyphs\rois_1x\C0072_U540C_original_1x.png,D:\Users\ASUS\Desktop\机器学习\v2.7.0\_work\evidence\figures\FIG-P547-01\STRICT_R5_REQUAL_R96_SA1_CONT_20260824\glyphs\rois_1x\C0072_U540C_target_overlay_1x.png,D:\Users\ASUS\Desktop\机器学习\v2.7.0\_work\evidence\figures\FIG-P547-01\STRICT_R5_REQUAL_R96_SA1_CONT_20260824\glyphs\rois_1x\C0072_U540C_mask_only_1x.png,D:\Users\ASUS\Desktop\机器学习\v2.7.0\_work\evidence\figures\FIG-P547-01\STRICT_R5_REQUAL_R96_SA1_CONT_20260824\glyphs\cards_8x\C0072_U540C_contact_8x_nearest.png,"exact native 300dpi pixel colour-line segmentation; duplicate kerning-boundary ownership resolved, no morphology / repair / resampling",0,3,glyph_sheet_06_8x_nearest.png,R6C2
C0073,一,U4E00,19,0,0,SPAN_B19_L00_S00,TLINE_B19_L00,TBLOCK_B19,NotoSerifSC-ExtraLight,11.5567,#1F2328,"245.513,385.276,257.069,397.653","1022,1604,1073,1658","1024,1618,1068,1624",44,6,103,CJK_FULL,H_INK>=30,30.0000,NO,FAIL,D:\Users\ASUS\Desktop\机器学习\v2.7.0\_work\evidence\figures\FIG-P547-01\STRICT_R5_REQUAL_R96_SA1_CONT_20260824\glyphs\rois_1x\C0073_U4E00_original_1x.png,D:\Users\ASUS\Desktop\机器学习\v2.7.0\_work\evidence\figures\FIG-P547-01\STRICT_R5_REQUAL_R96_SA1_CONT_20260824\glyphs\rois_1x\C0073_U4E00_target_overlay_1x.png,D:\Users\ASUS\Desktop\机器学习\v2.7.0\_work\evidence\figures\FIG-P547-01\STRICT_R5_REQUAL_R96_SA1_CONT_20260824\glyphs\rois_1x\C0073_U4E00_mask_only_1x.png,D:\Users\ASUS\Desktop\机器学习\v2.7.0\_work\evidence\figures\FIG-P547-01\STRICT_R5_REQUAL_R96_SA1_CONT_20260824\glyphs\cards_8x\C0073_U4E00_contact_8x_nearest.png,"exact native 300dpi pixel colour-line segmentation; duplicate kerning-boundary ownership resolved, no morphology / repair / resampling",103,1,glyph_sheet_07_8x_nearest.png,R1C1
C0074,条,U6761,19,0,0,SPAN_B19_L00_S00,TLINE_B19_L00,TBLOCK_B19,NotoSerifSC-ExtraLight,11.5567,#1F2328,"257.069,385.276,268.626,397.653","1070,1604,1121,1658","1073,1604,1118,1647",45,43,566,CJK_FULL,H_INK>=30,30.0000,NO,PASS,D:\Users\ASUS\Desktop\机器学习\v2.7.0\_work\evidence\figures\FIG-P547-01\STRICT_R5_REQUAL_R96_SA1_CONT_20260824\glyphs\rois_1x\C0074_U6761_original_1x.png,D:\Users\ASUS\Desktop\机器学习\v2.7.0\_work\evidence\figures\FIG-P547-01\STRICT_R5_REQUAL_R96_SA1_CONT_20260824\glyphs\rois_1x\C0074_U6761_target_overlay_1x.png,D:\Users\ASUS\Desktop\机器学习\v2.7.0\_work\evidence\figures\FIG-P547-01\STRICT_R5_REQUAL_R96_SA1_CONT_20260824\glyphs\rois_1x\C0074_U6761_mask_only_1x.png,D:\Users\ASUS\Desktop\机器学习\v2.7.0\_work\evidence\figures\FIG-P547-01\STRICT_R5_REQUAL_R96_SA1_CONT_20260824\glyphs\cards_8x\C0074_U6761_contact_8x_nearest.png,"exact native 300dpi pixel colour-line segmentation; duplicate kerning-boundary ownership resolved, no morphology / repair / resampling",0,4,glyph_sheet_07_8x_nearest.png,R1C2
C0075,𝑖,U1D456,19,0,1,SPAN_B19_L00_S01,TLINE_B19_L00,TBLOCK_B19,STIXTwoMath-Regular,11.5567,#1F2328,"271.342,385.715,274.509,397.272","1129,1606,1146,1657","1132,1611,1143,1644",11,33,168,BASE_MATH,H_INK>=22,22.0000,NO,PASS,D:\Users\ASUS\Desktop\机器学习\v2.7.0\_work\evidence\figures\FIG-P547-01\STRICT_R5_REQUAL_R96_SA1_CONT_20260824\glyphs\rois_1x\C0075_U1D456_original_1x.png,D:\Users\ASUS\Desktop\机器学习\v2.7.0\_work\evidence\figures\FIG-P547-01\STRICT_R5_REQUAL_R96_SA1_CONT_20260824\glyphs\rois_1x\C0075_U1D456_target_overlay_1x.png,D:\Users\ASUS\Desktop\机器学习\v2.7.0\_work\evidence\figures\FIG-P547-01\STRICT_R5_REQUAL_R96_SA1_CONT_20260824\glyphs\rois_1x\C0075_U1D456_mask_only_1x.png,D:\Users\ASUS\Desktop\机器学习\v2.7.0\_work\evidence\figures\FIG-P547-01\STRICT_R5_REQUAL_R96_SA1_CONT_20260824\glyphs\cards_8x\C0075_U1D456_contact_8x_nearest.png,"exact native 300dpi pixel colour-line segmentation; duplicate kerning-boundary ownership resolved, no morphology / repair / resampling",0,2,glyph_sheet_07_8x_nearest.png,R2C1
C0076,→,U2192,19,0,1,SPAN_B19_L00_S01,TLINE_B19_L00,TBLOCK_B19,STIXTwoMath-Regular,11.5567,#1F2328,"277.941,385.715,288.897,397.272","1157,1606,1206,1657","1161,1621,1201,1640",40,19,246,BASE_MATH_OPERATOR,H_INK>=22,22.0000,NO,FAIL,D:\Users\ASUS\Desktop\机器学习\v2.7.0\_work\evidence\figures\FIG-P547-01\STRICT_R5_REQUAL_R96_SA1_CONT_20260824\glyphs\rois_1x\C0076_U2192_original_1x.png,D:\Users\ASUS\Desktop\机器学习\v2.7.0\_work\evidence\figures\FIG-P547-01\STRICT_R5_REQUAL_R96_SA1_CONT_20260824\glyphs\rois_1x\C0076_U2192_target_overlay_1x.png,D:\Users\ASUS\Desktop\机器学习\v2.7.0\_work\evidence\figures\FIG-P547-01\STRICT_R5_REQUAL_R96_SA1_CONT_20260824\glyphs\rois_1x\C0076_U2192_mask_only_1x.png,D:\Users\ASUS\Desktop\机器学习\v2.7.0\_work\evidence\figures\FIG-P547-01\STRICT_R5_REQUAL_R96_SA1_CONT_20260824\glyphs\cards_8x\C0076_U2192_contact_8x_nearest.png,"exact native 300dpi pixel colour-line segmentation; duplicate kerning-boundary ownership resolved, no morphology / repair / resampling",0,1,glyph_sheet_07_8x_nearest.png,R2C2
C0077,𝑗,U1D457,19,0,1,SPAN_B19_L00_S01,TLINE_B19_L00,TBLOCK_B19,STIXTwoMath-Regular,11.5567,#1F2328,"292.109,385.715,297.090,397.272","1216,1606,1240,1657","1217,1611,1237,1654",20,43,222,BASE_MATH,H_INK>=22,22.0000,NO,PASS,D:\Users\ASUS\Desktop\机器学习\v2.7.0\_work\evidence\figures\FIG-P547-01\STRICT_R5_REQUAL_R96_SA1_CONT_20260824\glyphs\rois_1x\C0077_U1D457_original_1x.png,D:\Users\ASUS\Desktop\机器学习\v2.7.0\_work\evidence\figures\FIG-P547-01\STRICT_R5_REQUAL_R96_SA1_CONT_20260824\glyphs\rois_1x\C0077_U1D457_target_overlay_1x.png,D:\Users\ASUS\Desktop\机器学习\v2.7.0\_work\evidence\figures\FIG-P547-01\STRICT_R5_REQUAL_R96_SA1_CONT_20260824\glyphs\rois_1x\C0077_U1D457_mask_only_1x.png,D:\Users\ASUS\Desktop\机器学习\v2.7.0\_work\evidence\figures\FIG-P547-01\STRICT_R5_REQUAL_R96_SA1_CONT_20260824\glyphs\cards_8x\C0077_U1D457_contact_8x_nearest.png,"exact native 300dpi pixel colour-line segmentation; duplicate kerning-boundary ownership resolved, no morphology / repair / resampling",0,2,glyph_sheet_07_8x_nearest.png,R3C1
C0078,：,UFF1A,19,0,2,SPAN_B19_L00_S02,TLINE_B19_L00,TBLOCK_B19,NotoSerifSC-ExtraLight,11.5567,#1F2328,"297.327,385.276,308.884,397.653","1238,1604,1289,1658","1246,1616,1251,1642",5,26,50,LOW_PROFILE,INDEPENDENT_CALIBRATION,CALIBRATION,YES,PASS,D:\Users\ASUS\Desktop\机器学习\v2.7.0\_work\evidence\figures\FIG-P547-01\STRICT_R5_REQUAL_R96_SA1_CONT_20260824\glyphs\rois_1x\C0078_UFF1A_original_1x.png,D:\Users\ASUS\Desktop\机器学习\v2.7.0\_work\evidence\figures\FIG-P547-01\STRICT_R5_REQUAL_R96_SA1_CONT_20260824\glyphs\rois_1x\C0078_UFF1A_target_overlay_1x.png,D:\Users\ASUS\Desktop\机器学习\v2.7.0\_work\evidence\figures\FIG-P547-01\STRICT_R5_REQUAL_R96_SA1_CONT_20260824\glyphs\rois_1x\C0078_UFF1A_mask_only_1x.png,D:\Users\ASUS\Desktop\机器学习\v2.7.0\_work\evidence\figures\FIG-P547-01\STRICT_R5_REQUAL_R96_SA1_CONT_20260824\glyphs\cards_8x\C0078_UFF1A_contact_8x_nearest.png,"exact native 300dpi pixel colour-line segmentation; duplicate kerning-boundary ownership resolved, no morphology / repair / resampling",0,2,glyph_sheet_07_8x_nearest.png,R3C2
C0079,𝑎,U1D44E,19,0,3,SPAN_B19_L00_S03,TLINE_B19_L00,TBLOCK_B19,STIXTwoMath-Regular,11.5567,#1F2328,"308.884,385.715,315.298,397.272","1286,1606,1316,1657","1289,1620,1313,1644",24,24,297,BASE_MATH,H_INK>=22,22.0000,NO,PASS,D:\Users\ASUS\Desktop\机器学习\v2.7.0\_work\evidence\figures\FIG-P547-01\STRICT_R5_REQUAL_R96_SA1_CONT_20260824\glyphs\rois_1x\C0079_U1D44E_original_1x.png,D:\Users\ASUS\Desktop\机器学习\v2.7.0\_work\evidence\figures\FIG-P547-01\STRICT_R5_REQUAL_R96_SA1_CONT_20260824\glyphs\rois_1x\C0079_U1D44E_target_overlay_1x.png,D:\Users\ASUS\Desktop\机器学习\v2.7.0\_work\evidence\figures\FIG-P547-01\STRICT_R5_REQUAL_R96_SA1_CONT_20260824\glyphs\rois_1x\C0079_U1D44E_mask_only_1x.png,D:\Users\ASUS\Desktop\机器学习\v2.7.0\_work\evidence\figures\FIG-P547-01\STRICT_R5_REQUAL_R96_SA1_CONT_20260824\glyphs\cards_8x\C0079_U1D44E_contact_8x_nearest.png,"exact native 300dpi pixel colour-line segmentation; duplicate kerning-boundary ownership resolved, no morphology / repair / resampling",0,1,glyph_sheet_07_8x_nearest.png,R4C1
C0080,𝑖,U1D456,19,0,4,SPAN_B19_L00_S04,TLINE_B19_L00,TBLOCK_B19,STIXTwoMath-Regular,8.0896,#1F2328,"315.298,390.784,317.935,398.873","1313,1627,1327,1664","1315,1628,1323,1654",8,26,114,NATURAL_SCRIPT,H_INK>=15,15.0000,NO,PASS,D:\Users\ASUS\Desktop\机器学习\v2.7.0\_work\evidence\figures\FIG-P547-01\STRICT_R5_REQUAL_R96_SA1_CONT_20260824\glyphs\rois_1x\C0080_U1D456_original_1x.png,D:\Users\ASUS\Desktop\机器学习\v2.7.0\_work\evidence\figures\FIG-P547-01\STRICT_R5_REQUAL_R96_SA1_CONT_20260824\glyphs\rois_1x\C0080_U1D456_target_overlay_1x.png,D:\Users\ASUS\Desktop\机器学习\v2.7.0\_work\evidence\figures\FIG-P547-01\STRICT_R5_REQUAL_R96_SA1_CONT_20260824\glyphs\rois_1x\C0080_U1D456_mask_only_1x.png,D:\Users\ASUS\Desktop\机器学习\v2.7.0\_work\evidence\figures\FIG-P547-01\STRICT_R5_REQUAL_R96_SA1_CONT_20260824\glyphs\cards_8x\C0080_U1D456_contact_8x_nearest.png,"exact native 300dpi pixel colour-line segmentation; duplicate kerning-boundary ownership resolved, no morphology / repair / resampling",94,2,glyph_sheet_07_8x_nearest.png,R4C2
C0081,𝑗,U1D457,19,0,4,SPAN_B19_L00_S04,TLINE_B19_L00,TBLOCK_B19,STIXTwoMath-Regular,8.0896,#1F2328,"318.097,390.784,321.843,398.873","1324,1627,1343,1664","1325,1628,1340,1661",15,33,142,NATURAL_SCRIPT,H_INK>=15,15.0000,NO,PASS,D:\Users\ASUS\Desktop\机器学习\v2.7.0\_work\evidence\figures\FIG-P547-01\STRICT_R5_REQUAL_R96_SA1_CONT_20260824\glyphs\rois_1x\C0081_U1D457_original_1x.png,D:\Users\ASUS\Desktop\机器学习\v2.7.0\_work\evidence\figures\FIG-P547-01\STRICT_R5_REQUAL_R96_SA1_CONT_20260824\glyphs\rois_1x\C0081_U1D457_target_overlay_1x.png,D:\Users\ASUS\Desktop\机器学习\v2.7.0\_work\evidence\figures\FIG-P547-01\STRICT_R5_REQUAL_R96_SA1_CONT_20260824\glyphs\rois_1x\C0081_U1D457_mask_only_1x.png,D:\Users\ASUS\Desktop\机器学习\v2.7.0\_work\evidence\figures\FIG-P547-01\STRICT_R5_REQUAL_R96_SA1_CONT_20260824\glyphs\cards_8x\C0081_U1D457_contact_8x_nearest.png,"exact native 300dpi pixel colour-line segmentation; duplicate kerning-boundary ownership resolved, no morphology / repair / resampling",122,2,glyph_sheet_07_8x_nearest.png,R5C1
C0082,=,U003D,19,0,5,SPAN_B19_L00_S05,TLINE_B19_L00,TBLOCK_B19,STIXTwoMath-Regular,11.5567,#1F2328,"325.919,385.715,334.240,397.272","1357,1606,1395,1657","1360,1624,1389,1638",29,14,261,BASE_MATH_OPERATOR,H_INK>=22,22.0000,NO,FAIL,D:\Users\ASUS\Desktop\机器学习\v2.7.0\_work\evidence\figures\FIG-P547-01\STRICT_R5_REQUAL_R96_SA1_CONT_20260824\glyphs\rois_1x\C0082_U003D_original_1x.png,D:\Users\ASUS\Desktop\机器学习\v2.7.0\_work\evidence\figures\FIG-P547-01\STRICT_R5_REQUAL_R96_SA1_CONT_20260824\glyphs\rois_1x\C0082_U003D_target_overlay_1x.png,D:\Users\ASUS\Desktop\机器学习\v2.7.0\_work\evidence\figures\FIG-P547-01\STRICT_R5_REQUAL_R96_SA1_CONT_20260824\glyphs\rois_1x\C0082_U003D_mask_only_1x.png,D:\Users\ASUS\Desktop\机器学习\v2.7.0\_work\evidence\figures\FIG-P547-01\STRICT_R5_REQUAL_R96_SA1_CONT_20260824\glyphs\cards_8x\C0082_U003D_contact_8x_nearest.png,"exact native 300dpi pixel colour-line segmentation; duplicate kerning-boundary ownership resolved, no morphology / repair / resampling",0,2,glyph_sheet_07_8x_nearest.png,R5C2
C0083,𝑃,U1D443,19,0,5,SPAN_B19_L00_S05,TLINE_B19_L00,TBLOCK_B19,STIXTwoMath-Regular,11.5567,#1F2328,"337.441,385.715,344.017,397.272","1405,1606,1435,1657","1405,1611,1434,1643",29,32,333,BASE_MATH,H_INK>=22,22.0000,NO,PASS,D:\Users\ASUS\Desktop\机器学习\v2.7.0\_work\evidence\figures\FIG-P547-01\STRICT_R5_REQUAL_R96_SA1_CONT_20260824\glyphs\rois_1x\C0083_U1D443_original_1x.png,D:\Users\ASUS\Desktop\机器学习\v2.7.0\_work\evidence\figures\FIG-P547-01\STRICT_R5_REQUAL_R96_SA1_CONT_20260824\glyphs\rois_1x\C0083_U1D443_target_overlay_1x.png,D:\Users\ASUS\Desktop\机器学习\v2.7.0\_work\evidence\figures\FIG-P547-01\STRICT_R5_REQUAL_R96_SA1_CONT_20260824\glyphs\rois_1x\C0083_U1D443_mask_only_1x.png,D:\Users\ASUS\Desktop\机器学习\v2.7.0\_work\evidence\figures\FIG-P547-01\STRICT_R5_REQUAL_R96_SA1_CONT_20260824\glyphs\cards_8x\C0083_U1D443_contact_8x_nearest.png,"exact native 300dpi pixel colour-line segmentation; duplicate kerning-boundary ownership resolved, no morphology / repair / resampling",333,1,glyph_sheet_07_8x_nearest.png,R6C1
C0084,𝑗,U1D457,19,0,6,SPAN_B19_L00_S06,TLINE_B19_L00,TBLOCK_B19,STIXTwoMath-Regular,8.0896,#1F2328,"342.570,390.784,346.316,398.873","1426,1627,1445,1664","1427,1628,1442,1661",15,33,142,NATURAL_SCRIPT,H_INK>=15,15.0000,NO,PASS,D:\Users\ASUS\Desktop\机器学习\v2.7.0\_work\evidence\figures\FIG-P547-01\STRICT_R5_REQUAL_R96_SA1_CONT_20260824\glyphs\rois_1x\C0084_U1D457_original_1x.png,D:\Users\ASUS\Desktop\机器学习\v2.7.0\_work\evidence\figures\FIG-P547-01\STRICT_R5_REQUAL_R96_SA1_CONT_20260824\glyphs\rois_1x\C0084_U1D457_target_overlay_1x.png,D:\Users\ASUS\Desktop\机器学习\v2.7.0\_work\evidence\figures\FIG-P547-01\STRICT_R5_REQUAL_R96_SA1_CONT_20260824\glyphs\rois_1x\C0084_U1D457_mask_only_1x.png,D:\Users\ASUS\Desktop\机器学习\v2.7.0\_work\evidence\figures\FIG-P547-01\STRICT_R5_REQUAL_R96_SA1_CONT_20260824\glyphs\cards_8x\C0084_U1D457_contact_8x_nearest.png,"exact native 300dpi pixel colour-line segmentation; duplicate kerning-boundary ownership resolved, no morphology / repair / resampling",122,2,glyph_sheet_07_8x_nearest.png,R6C2
C0085,𝑖,U1D456,19,0,6,SPAN_B19_L00_S06,TLINE_B19_L00,TBLOCK_B19,STIXTwoMath-Regular,8.0896,#1F2328,"346.720,390.784,349.357,398.873","1444,1627,1458,1664","1446,1628,1454,1654",8,26,114,NATURAL_SCRIPT,H_INK>=15,15.0000,NO,PASS,D:\Users\ASUS\Desktop\机器学习\v2.7.0\_work\evidence\figures\FIG-P547-01\STRICT_R5_REQUAL_R96_SA1_CONT_20260824\glyphs\rois_1x\C0085_U1D456_original_1x.png,D:\Users\ASUS\Desktop\机器学习\v2.7.0\_work\evidence\figures\FIG-P547-01\STRICT_R5_REQUAL_R96_SA1_CONT_20260824\glyphs\rois_1x\C0085_U1D456_target_overlay_1x.png,D:\Users\ASUS\Desktop\机器学习\v2.7.0\_work\evidence\figures\FIG-P547-01\STRICT_R5_REQUAL_R96_SA1_CONT_20260824\glyphs\rois_1x\C0085_U1D456_mask_only_1x.png,D:\Users\ASUS\Desktop\机器学习\v2.7.0\_work\evidence\figures\FIG-P547-01\STRICT_R5_REQUAL_R96_SA1_CONT_20260824\glyphs\cards_8x\C0085_U1D456_contact_8x_nearest.png,"exact native 300dpi pixel colour-line segmentation; duplicate kerning-boundary ownership resolved, no morphology / repair / resampling",0,2,glyph_sheet_08_8x_nearest.png,R1C1
C0086,列,U5217,20,0,0,SPAN_B20_L00_S00,TLINE_B20_L00,TBLOCK_B20,NotoSansSC-Bold,10.1619,#1F2328,"332.119,299.674,342.281,314.389","1383,1247,1428,1311","1384,1261,1423,1301",39,40,909,CJK_FULL,H_INK>=30,30.0000,NO,PASS,D:\Users\ASUS\Desktop\机器学习\v2.7.0\_work\evidence\figures\FIG-P547-01\STRICT_R5_REQUAL_R96_SA1_CONT_20260824\glyphs\rois_1x\C0086_U5217_original_1x.png,D:\Users\ASUS\Desktop\机器学习\v2.7.0\_work\evidence\figures\FIG-P547-01\STRICT_R5_REQUAL_R96_SA1_CONT_20260824\glyphs\rois_1x\C0086_U5217_target_overlay_1x.png,D:\Users\ASUS\Desktop\机器学习\v2.7.0\_work\evidence\figures\FIG-P547-01\STRICT_R5_REQUAL_R96_SA1_CONT_20260824\glyphs\rois_1x\C0086_U5217_mask_only_1x.png,D:\Users\ASUS\Desktop\机器学习\v2.7.0\_work\evidence\figures\FIG-P547-01\STRICT_R5_REQUAL_R96_SA1_CONT_20260824\glyphs\cards_8x\C0086_U5217_contact_8x_nearest.png,"exact native 300dpi pixel colour-line segmentation; duplicate kerning-boundary ownership resolved, no morphology / repair / resampling",0,3,glyph_sheet_08_8x_nearest.png,R1C2
C0087,随,U968F,20,0,0,SPAN_B20_L00_S00,TLINE_B20_L00,TBLOCK_B20,NotoSansSC-Bold,10.1619,#1F2328,"342.281,299.674,352.443,314.389","1425,1247,1470,1311","1429,1261,1467,1301",38,40,1101,CJK_FULL,H_INK>=30,30.0000,NO,PASS,D:\Users\ASUS\Desktop\机器学习\v2.7.0\_work\evidence\figures\FIG-P547-01\STRICT_R5_REQUAL_R96_SA1_CONT_20260824\glyphs\rois_1x\C0087_U968F_original_1x.png,D:\Users\ASUS\Desktop\机器学习\v2.7.0\_work\evidence\figures\FIG-P547-01\STRICT_R5_REQUAL_R96_SA1_CONT_20260824\glyphs\rois_1x\C0087_U968F_target_overlay_1x.png,D:\Users\ASUS\Desktop\机器学习\v2.7.0\_work\evidence\figures\FIG-P547-01\STRICT_R5_REQUAL_R96_SA1_CONT_20260824\glyphs\rois_1x\C0087_U968F_mask_only_1x.png,D:\Users\ASUS\Desktop\机器学习\v2.7.0\_work\evidence\figures\FIG-P547-01\STRICT_R5_REQUAL_R96_SA1_CONT_20260824\glyphs\cards_8x\C0087_U968F_contact_8x_nearest.png,"exact native 300dpi pixel colour-line segmentation; duplicate kerning-boundary ownership resolved, no morphology / repair / resampling",0,1,glyph_sheet_08_8x_nearest.png,R2C1
C0088,机,U673A,20,0,0,SPAN_B20_L00_S00,TLINE_B20_L00,TBLOCK_B20,NotoSansSC-Bold,10.1619,#1F2328,"352.443,299.674,362.605,314.389","1467,1247,1513,1311","1469,1261,1510,1301",41,40,930,CJK_FULL,H_INK>=30,30.0000,NO,PASS,D:\Users\ASUS\Desktop\机器学习\v2.7.0\_work\evidence\figures\FIG-P547-01\STRICT_R5_REQUAL_R96_SA1_CONT_20260824\glyphs\rois_1x\C0088_U673A_original_1x.png,D:\Users\ASUS\Desktop\机器学习\v2.7.0\_work\evidence\figures\FIG-P547-01\STRICT_R5_REQUAL_R96_SA1_CONT_20260824\glyphs\rois_1x\C0088_U673A_target_overlay_1x.png,D:\Users\ASUS\Desktop\机器学习\v2.7.0\_work\evidence\figures\FIG-P547-01\STRICT_R5_REQUAL_R96_SA1_CONT_20260824\glyphs\rois_1x\C0088_U673A_mask_only_1x.png,D:\Users\ASUS\Desktop\机器学习\v2.7.0\_work\evidence\figures\FIG-P547-01\STRICT_R5_REQUAL_R96_SA1_CONT_20260824\glyphs\cards_8x\C0088_U673A_contact_8x_nearest.png,"exact native 300dpi pixel colour-line segmentation; duplicate kerning-boundary ownership resolved, no morphology / repair / resampling",930,1,glyph_sheet_08_8x_nearest.png,R2C2
C0089,𝑃,U1D443,20,0,1,SPAN_B20_L00_S01,TLINE_B20_L00,TBLOCK_B20,STIXTwoMath-Regular,10.1619,#1F2328,"364.993,303.719,370.775,313.881","1520,1264,1547,1309","1520,1269,1545,1297",25,28,258,BASE_MATH,H_INK>=22,22.0000,NO,PASS,D:\Users\ASUS\Desktop\机器学习\v2.7.0\_work\evidence\figures\FIG-P547-01\STRICT_R5_REQUAL_R96_SA1_CONT_20260824\glyphs\rois_1x\C0089_U1D443_original_1x.png,D:\Users\ASUS\Desktop\机器学习\v2.7.0\_work\evidence\figures\FIG-P547-01\STRICT_R5_REQUAL_R96_SA1_CONT_20260824\glyphs\rois_1x\C0089_U1D443_target_overlay_1x.png,D:\Users\ASUS\Desktop\机器学习\v2.7.0\_work\evidence\figures\FIG-P547-01\STRICT_R5_REQUAL_R96_SA1_CONT_20260824\glyphs\rois_1x\C0089_U1D443_mask_only_1x.png,D:\Users\ASUS\Desktop\机器学习\v2.7.0\_work\evidence\figures\FIG-P547-01\STRICT_R5_REQUAL_R96_SA1_CONT_20260824\glyphs\cards_8x\C0089_U1D443_contact_8x_nearest.png,"exact native 300dpi pixel colour-line segmentation; duplicate kerning-boundary ownership resolved, no morphology / repair / resampling",0,1,glyph_sheet_08_8x_nearest.png,R3C1
C0090,/,U002F,20,0,2,SPAN_B20_L00_S02,TLINE_B20_L00,TBLOCK_B20,STIXTwoText-Bold,10.1619,#1F2328,"373.518,303.719,377.725,313.881","1555,1264,1576,1309","1557,1267,1572,1301",15,34,152,BASE_MATH_OPERATOR,H_INK>=22,22.0000,NO,PASS,D:\Users\ASUS\Desktop\机器学习\v2.7.0\_work\evidence\figures\FIG-P547-01\STRICT_R5_REQUAL_R96_SA1_CONT_20260824\glyphs\rois_1x\C0090_U002F_original_1x.png,D:\Users\ASUS\Desktop\机器学习\v2.7.0\_work\evidence\figures\FIG-P547-01\STRICT_R5_REQUAL_R96_SA1_CONT_20260824\glyphs\rois_1x\C0090_U002F_target_overlay_1x.png,D:\Users\ASUS\Desktop\机器学习\v2.7.0\_work\evidence\figures\FIG-P547-01\STRICT_R5_REQUAL_R96_SA1_CONT_20260824\glyphs\rois_1x\C0090_U002F_mask_only_1x.png,D:\Users\ASUS\Desktop\机器学习\v2.7.0\_work\evidence\figures\FIG-P547-01\STRICT_R5_REQUAL_R96_SA1_CONT_20260824\glyphs\cards_8x\C0090_U002F_contact_8x_nearest.png,"exact native 300dpi pixel colour-line segmentation; duplicate kerning-boundary ownership resolved, no morphology / repair / resampling",0,1,glyph_sheet_08_8x_nearest.png,R3C2
C0091,P,U0050,20,0,2,SPAN_B20_L00_S02,TLINE_B20_L00,TBLOCK_B20,STIXTwoText-Bold,10.1619,#1F2328,"380.113,303.719,386.698,313.881","1583,1264,1613,1309","1584,1269,1610,1297",26,28,380,DIGIT_UPPER,H_INK>=24,24.0000,NO,PASS,D:\Users\ASUS\Desktop\机器学习\v2.7.0\_work\evidence\figures\FIG-P547-01\STRICT_R5_REQUAL_R96_SA1_CONT_20260824\glyphs\rois_1x\C0091_U0050_original_1x.png,D:\Users\ASUS\Desktop\机器学习\v2.7.0\_work\evidence\figures\FIG-P547-01\STRICT_R5_REQUAL_R96_SA1_CONT_20260824\glyphs\rois_1x\C0091_U0050_target_overlay_1x.png,D:\Users\ASUS\Desktop\机器学习\v2.7.0\_work\evidence\figures\FIG-P547-01\STRICT_R5_REQUAL_R96_SA1_CONT_20260824\glyphs\rois_1x\C0091_U0050_mask_only_1x.png,D:\Users\ASUS\Desktop\机器学习\v2.7.0\_work\evidence\figures\FIG-P547-01\STRICT_R5_REQUAL_R96_SA1_CONT_20260824\glyphs\cards_8x\C0091_U0050_contact_8x_nearest.png,"exact native 300dpi pixel colour-line segmentation; duplicate kerning-boundary ownership resolved, no morphology / repair / resampling",380,1,glyph_sheet_08_8x_nearest.png,R4C1
C0092,a,U0061,20,0,2,SPAN_B20_L00_S02,TLINE_B20_L00,TBLOCK_B20,STIXTwoText-Bold,10.1619,#1F2328,"386.444,303.719,391.809,313.881","1609,1264,1634,1309","1611,1276,1633,1303",22,27,300,BASE_MATH,H_INK>=22,22.0000,NO,PASS,D:\Users\ASUS\Desktop\机器学习\v2.7.0\_work\evidence\figures\FIG-P547-01\STRICT_R5_REQUAL_R96_SA1_CONT_20260824\glyphs\rois_1x\C0092_U0061_original_1x.png,D:\Users\ASUS\Desktop\机器学习\v2.7.0\_work\evidence\figures\FIG-P547-01\STRICT_R5_REQUAL_R96_SA1_CONT_20260824\glyphs\rois_1x\C0092_U0061_target_overlay_1x.png,D:\Users\ASUS\Desktop\机器学习\v2.7.0\_work\evidence\figures\FIG-P547-01\STRICT_R5_REQUAL_R96_SA1_CONT_20260824\glyphs\rois_1x\C0092_U0061_mask_only_1x.png,D:\Users\ASUS\Desktop\机器学习\v2.7.0\_work\evidence\figures\FIG-P547-01\STRICT_R5_REQUAL_R96_SA1_CONT_20260824\glyphs\cards_8x\C0092_U0061_contact_8x_nearest.png,"exact native 300dpi pixel colour-line segmentation; duplicate kerning-boundary ownership resolved, no morphology / repair / resampling",735,1,glyph_sheet_08_8x_nearest.png,R4C2
C0093,g,U0067,20,0,2,SPAN_B20_L00_S02,TLINE_B20_L00,TBLOCK_B20,STIXTwoText-Bold,10.1619,#1F2328,"391.809,303.719,397.195,313.881","1631,1264,1657,1309","1633,1276,1655,1307",22,31,435,BASE_MATH,H_INK>=22,22.0000,NO,PASS,D:\Users\ASUS\Desktop\机器学习\v2.7.0\_work\evidence\figures\FIG-P547-01\STRICT_R5_REQUAL_R96_SA1_CONT_20260824\glyphs\rois_1x\C0093_U0067_original_1x.png,D:\Users\ASUS\Desktop\机器学习\v2.7.0\_work\evidence\figures\FIG-P547-01\STRICT_R5_REQUAL_R96_SA1_CONT_20260824\glyphs\rois_1x\C0093_U0067_target_overlay_1x.png,D:\Users\ASUS\Desktop\机器学习\v2.7.0\_work\evidence\figures\FIG-P547-01\STRICT_R5_REQUAL_R96_SA1_CONT_20260824\glyphs\rois_1x\C0093_U0067_mask_only_1x.png,D:\Users\ASUS\Desktop\机器学习\v2.7.0\_work\evidence\figures\FIG-P547-01\STRICT_R5_REQUAL_R96_SA1_CONT_20260824\glyphs\cards_8x\C0093_U0067_contact_8x_nearest.png,"exact native 300dpi pixel colour-line segmentation; duplicate kerning-boundary ownership resolved, no morphology / repair / resampling",735,1,glyph_sheet_08_8x_nearest.png,R5C1
C0094,e,U0065,20,0,2,SPAN_B20_L00_S02,TLINE_B20_L00,TBLOCK_B20,STIXTwoText-Bold,10.1619,#1F2328,"397.246,303.719,402.479,313.881","1654,1264,1679,1309","1656,1269,1678,1298",22,29,290,BASE_MATH,H_INK>=22,22.0000,NO,PASS,D:\Users\ASUS\Desktop\机器学习\v2.7.0\_work\evidence\figures\FIG-P547-01\STRICT_R5_REQUAL_R96_SA1_CONT_20260824\glyphs\rois_1x\C0094_U0065_original_1x.png,D:\Users\ASUS\Desktop\机器学习\v2.7.0\_work\evidence\figures\FIG-P547-01\STRICT_R5_REQUAL_R96_SA1_CONT_20260824\glyphs\rois_1x\C0094_U0065_target_overlay_1x.png,D:\Users\ASUS\Desktop\机器学习\v2.7.0\_work\evidence\figures\FIG-P547-01\STRICT_R5_REQUAL_R96_SA1_CONT_20260824\glyphs\rois_1x\C0094_U0065_mask_only_1x.png,D:\Users\ASUS\Desktop\机器学习\v2.7.0\_work\evidence\figures\FIG-P547-01\STRICT_R5_REQUAL_R96_SA1_CONT_20260824\glyphs\cards_8x\C0094_U0065_contact_8x_nearest.png,"exact native 300dpi pixel colour-line segmentation; duplicate kerning-boundary ownership resolved, no morphology / repair / resampling",1059,2,glyph_sheet_08_8x_nearest.png,R5C2
C0095,R,U0052,20,0,2,SPAN_B20_L00_S02,TLINE_B20_L00,TBLOCK_B20,STIXTwoText-Bold,10.1619,#1F2328,"402.479,303.719,409.887,313.881","1676,1264,1710,1309","1678,1269,1708,1297",30,28,470,DIGIT_UPPER,H_INK>=24,24.0000,NO,PASS,D:\Users\ASUS\Desktop\机器学习\v2.7.0\_work\evidence\figures\FIG-P547-01\STRICT_R5_REQUAL_R96_SA1_CONT_20260824\glyphs\rois_1x\C0095_U0052_original_1x.png,D:\Users\ASUS\Desktop\机器学习\v2.7.0\_work\evidence\figures\FIG-P547-01\STRICT_R5_REQUAL_R96_SA1_CONT_20260824\glyphs\rois_1x\C0095_U0052_target_overlay_1x.png,D:\Users\ASUS\Desktop\机器学习\v2.7.0\_work\evidence\figures\FIG-P547-01\STRICT_R5_REQUAL_R96_SA1_CONT_20260824\glyphs\rois_1x\C0095_U0052_mask_only_1x.png,D:\Users\ASUS\Desktop\机器学习\v2.7.0\_work\evidence\figures\FIG-P547-01\STRICT_R5_REQUAL_R96_SA1_CONT_20260824\glyphs\cards_8x\C0095_U0052_contact_8x_nearest.png,"exact native 300dpi pixel colour-line segmentation; duplicate kerning-boundary ownership resolved, no morphology / repair / resampling",773,1,glyph_sheet_08_8x_nearest.png,R6C1
C0096,a,U0061,20,0,2,SPAN_B20_L00_S02,TLINE_B20_L00,TBLOCK_B20,STIXTwoText-Bold,10.1619,#1F2328,"409.887,303.719,415.253,313.881","1707,1264,1732,1309","1708,1276,1730,1298",22,22,299,BASE_MATH,H_INK>=22,22.0000,NO,PASS,D:\Users\ASUS\Desktop\机器学习\v2.7.0\_work\evidence\figures\FIG-P547-01\STRICT_R5_REQUAL_R96_SA1_CONT_20260824\glyphs\rois_1x\C0096_U0061_original_1x.png,D:\Users\ASUS\Desktop\机器学习\v2.7.0\_work\evidence\figures\FIG-P547-01\STRICT_R5_REQUAL_R96_SA1_CONT_20260824\glyphs\rois_1x\C0096_U0061_target_overlay_1x.png,D:\Users\ASUS\Desktop\机器学习\v2.7.0\_work\evidence\figures\FIG-P547-01\STRICT_R5_REQUAL_R96_SA1_CONT_20260824\glyphs\rois_1x\C0096_U0061_mask_only_1x.png,D:\Users\ASUS\Desktop\机器学习\v2.7.0\_work\evidence\figures\FIG-P547-01\STRICT_R5_REQUAL_R96_SA1_CONT_20260824\glyphs\cards_8x\C0096_U0061_contact_8x_nearest.png,"exact native 300dpi pixel colour-line segmentation; duplicate kerning-boundary ownership resolved, no morphology / repair / resampling",773,1,glyph_sheet_08_8x_nearest.png,R6C2
C0097,n,U006E,20,0,2,SPAN_B20_L00_S02,TLINE_B20_L00,TBLOCK_B20,STIXTwoText-Bold,10.1619,#1F2328,"415.253,303.719,421.817,313.881","1729,1264,1760,1309","1731,1268,1759,1297",28,29,353,BASE_MATH,H_INK>=22,22.0000,NO,PASS,D:\Users\ASUS\Desktop\机器学习\v2.7.0\_work\evidence\figures\FIG-P547-01\STRICT_R5_REQUAL_R96_SA1_CONT_20260824\glyphs\rois_1x\C0097_U006E_original_1x.png,D:\Users\ASUS\Desktop\机器学习\v2.7.0\_work\evidence\figures\FIG-P547-01\STRICT_R5_REQUAL_R96_SA1_CONT_20260824\glyphs\rois_1x\C0097_U006E_target_overlay_1x.png,D:\Users\ASUS\Desktop\机器学习\v2.7.0\_work\evidence\figures\FIG-P547-01\STRICT_R5_REQUAL_R96_SA1_CONT_20260824\glyphs\rois_1x\C0097_U006E_mask_only_1x.png,D:\Users\ASUS\Desktop\机器学习\v2.7.0\_work\evidence\figures\FIG-P547-01\STRICT_R5_REQUAL_R96_SA1_CONT_20260824\glyphs\cards_8x\C0097_U006E_contact_8x_nearest.png,"exact native 300dpi pixel colour-line segmentation; duplicate kerning-boundary ownership resolved, no morphology / repair / resampling",732,1,glyph_sheet_09_8x_nearest.png,R1C1
C0098,k,U006B,20,0,2,SPAN_B20_L00_S02,TLINE_B20_L00,TBLOCK_B20,STIXTwoText-Bold,10.1619,#1F2328,"421.817,303.719,428.047,313.881","1757,1264,1786,1309","1759,1267,1783,1297",24,30,379,BASE_MATH,H_INK>=22,22.0000,NO,PASS,D:\Users\ASUS\Desktop\机器学习\v2.7.0\_work\evidence\figures\FIG-P547-01\STRICT_R5_REQUAL_R96_SA1_CONT_20260824\glyphs\rois_1x\C0098_U006B_original_1x.png,D:\Users\ASUS\Desktop\机器学习\v2.7.0\_work\evidence\figures\FIG-P547-01\STRICT_R5_REQUAL_R96_SA1_CONT_20260824\glyphs\rois_1x\C0098_U006B_target_overlay_1x.png,D:\Users\ASUS\Desktop\机器学习\v2.7.0\_work\evidence\figures\FIG-P547-01\STRICT_R5_REQUAL_R96_SA1_CONT_20260824\glyphs\rois_1x\C0098_U006B_mask_only_1x.png,D:\Users\ASUS\Desktop\机器学习\v2.7.0\_work\evidence\figures\FIG-P547-01\STRICT_R5_REQUAL_R96_SA1_CONT_20260824\glyphs\cards_8x\C0098_U006B_contact_8x_nearest.png,"exact native 300dpi pixel colour-line segmentation; duplicate kerning-boundary ownership resolved, no morphology / repair / resampling",732,1,glyph_sheet_09_8x_nearest.png,R1C2
C0099,：,UFF1A,20,0,3,SPAN_B20_L00_S03,TLINE_B20_L00,TBLOCK_B20,NotoSansSC-Bold,10.1619,#1F2328,"428.047,299.674,438.209,314.389","1783,1247,1828,1311","1789,1269,1826,1298",37,29,129,LOW_PROFILE,INDEPENDENT_CALIBRATION,CALIBRATION,YES,PASS,D:\Users\ASUS\Desktop\机器学习\v2.7.0\_work\evidence\figures\FIG-P547-01\STRICT_R5_REQUAL_R96_SA1_CONT_20260824\glyphs\rois_1x\C0099_UFF1A_original_1x.png,D:\Users\ASUS\Desktop\机器学习\v2.7.0\_work\evidence\figures\FIG-P547-01\STRICT_R5_REQUAL_R96_SA1_CONT_20260824\glyphs\rois_1x\C0099_UFF1A_target_overlay_1x.png,D:\Users\ASUS\Desktop\机器学习\v2.7.0\_work\evidence\figures\FIG-P547-01\STRICT_R5_REQUAL_R96_SA1_CONT_20260824\glyphs\rois_1x\C0099_UFF1A_mask_only_1x.png,D:\Users\ASUS\Desktop\机器学习\v2.7.0\_work\evidence\figures\FIG-P547-01\STRICT_R5_REQUAL_R96_SA1_CONT_20260824\glyphs\cards_8x\C0099_UFF1A_contact_8x_nearest.png,"exact native 300dpi pixel colour-line segmentation; duplicate kerning-boundary ownership resolved, no morphology / repair / resampling",259,3,glyph_sheet_09_8x_nearest.png,R2C1
C0100,𝑃,U1D443,20,0,4,SPAN_B20_L00_S04,TLINE_B20_L00,TBLOCK_B20,STIXTwoMath-Regular,10.1619,#1F2328,"438.209,303.719,443.991,313.881","1825,1264,1852,1309","1826,1269,1850,1297",24,28,256,BASE_MATH,H_INK>=22,22.0000,NO,PASS,D:\Users\ASUS\Desktop\机器学习\v2.7.0\_work\evidence\figures\FIG-P547-01\STRICT_R5_REQUAL_R96_SA1_CONT_20260824\glyphs\rois_1x\C0100_U1D443_original_1x.png,D:\Users\ASUS\Desktop\机器学习\v2.7.0\_work\evidence\figures\FIG-P547-01\STRICT_R5_REQUAL_R96_SA1_CONT_20260824\glyphs\rois_1x\C0100_U1D443_target_overlay_1x.png,D:\Users\ASUS\Desktop\机器学习\v2.7.0\_work\evidence\figures\FIG-P547-01\STRICT_R5_REQUAL_R96_SA1_CONT_20260824\glyphs\rois_1x\C0100_U1D443_mask_only_1x.png,D:\Users\ASUS\Desktop\机器学习\v2.7.0\_work\evidence\figures\FIG-P547-01\STRICT_R5_REQUAL_R96_SA1_CONT_20260824\glyphs\cards_8x\C0100_U1D443_contact_8x_nearest.png,"exact native 300dpi pixel colour-line segmentation; duplicate kerning-boundary ownership resolved, no morphology / repair / resampling",259,1,glyph_sheet_09_8x_nearest.png,R2C2
C0101,𝑗,U1D457,20,0,5,SPAN_B20_L00_S05,TLINE_B20_L00,TBLOCK_B20,STIXTwoMath-Regular,7.1133,#1F2328,"442.711,308.176,446.004,315.289","1844,1283,1860,1315","1844,1284,1857,1313",13,29,115,NATURAL_SCRIPT,H_INK>=15,15.0000,NO,PASS,D:\Users\ASUS\Desktop\机器学习\v2.7.0\_work\evidence\figures\FIG-P547-01\STRICT_R5_REQUAL_R96_SA1_CONT_20260824\glyphs\rois_1x\C0101_U1D457_original_1x.png,D:\Users\ASUS\Desktop\机器学习\v2.7.0\_work\evidence\figures\FIG-P547-01\STRICT_R5_REQUAL_R96_SA1_CONT_20260824\glyphs\rois_1x\C0101_U1D457_target_overlay_1x.png,D:\Users\ASUS\Desktop\机器学习\v2.7.0\_work\evidence\figures\FIG-P547-01\STRICT_R5_REQUAL_R96_SA1_CONT_20260824\glyphs\rois_1x\C0101_U1D457_mask_only_1x.png,D:\Users\ASUS\Desktop\机器学习\v2.7.0\_work\evidence\figures\FIG-P547-01\STRICT_R5_REQUAL_R96_SA1_CONT_20260824\glyphs\cards_8x\C0101_U1D457_contact_8x_nearest.png,"exact native 300dpi pixel colour-line segmentation; duplicate kerning-boundary ownership resolved, no morphology / repair / resampling",99,2,glyph_sheet_09_8x_nearest.png,R3C1
C0102,𝑖,U1D456,20,0,5,SPAN_B20_L00_S05,TLINE_B20_L00,TBLOCK_B20,STIXTwoMath-Regular,7.1133,#1F2328,"446.360,308.176,448.679,315.289","1859,1283,1872,1315","1861,1284,1868,1307",7,23,90,NATURAL_SCRIPT,H_INK>=15,15.0000,NO,PASS,D:\Users\ASUS\Desktop\机器学习\v2.7.0\_work\evidence\figures\FIG-P547-01\STRICT_R5_REQUAL_R96_SA1_CONT_20260824\glyphs\rois_1x\C0102_U1D456_original_1x.png,D:\Users\ASUS\Desktop\机器学习\v2.7.0\_work\evidence\figures\FIG-P547-01\STRICT_R5_REQUAL_R96_SA1_CONT_20260824\glyphs\rois_1x\C0102_U1D456_target_overlay_1x.png,D:\Users\ASUS\Desktop\机器学习\v2.7.0\_work\evidence\figures\FIG-P547-01\STRICT_R5_REQUAL_R96_SA1_CONT_20260824\glyphs\rois_1x\C0102_U1D456_mask_only_1x.png,D:\Users\ASUS\Desktop\机器学习\v2.7.0\_work\evidence\figures\FIG-P547-01\STRICT_R5_REQUAL_R96_SA1_CONT_20260824\glyphs\cards_8x\C0102_U1D456_contact_8x_nearest.png,"exact native 300dpi pixel colour-line segmentation; duplicate kerning-boundary ownership resolved, no morphology / repair / resampling",0,2,glyph_sheet_09_8x_nearest.png,R3C2
C0103,=,U003D,20,0,6,SPAN_B20_L00_S06,TLINE_B20_L00,TBLOCK_B20,STIXTwoMath-Regular,10.1619,#1F2328,"452.050,303.719,459.367,313.881","1883,1264,1916,1309","1885,1280,1911,1292",26,12,182,BASE_MATH_OPERATOR,H_INK>=22,22.0000,NO,FAIL,D:\Users\ASUS\Desktop\机器学习\v2.7.0\_work\evidence\figures\FIG-P547-01\STRICT_R5_REQUAL_R96_SA1_CONT_20260824\glyphs\rois_1x\C0103_U003D_original_1x.png,D:\Users\ASUS\Desktop\机器学习\v2.7.0\_work\evidence\figures\FIG-P547-01\STRICT_R5_REQUAL_R96_SA1_CONT_20260824\glyphs\rois_1x\C0103_U003D_target_overlay_1x.png,D:\Users\ASUS\Desktop\机器学习\v2.7.0\_work\evidence\figures\FIG-P547-01\STRICT_R5_REQUAL_R96_SA1_CONT_20260824\glyphs\rois_1x\C0103_U003D_mask_only_1x.png,D:\Users\ASUS\Desktop\机器学习\v2.7.0\_work\evidence\figures\FIG-P547-01\STRICT_R5_REQUAL_R96_SA1_CONT_20260824\glyphs\cards_8x\C0103_U003D_contact_8x_nearest.png,"exact native 300dpi pixel colour-line segmentation; duplicate kerning-boundary ownership resolved, no morphology / repair / resampling",0,2,glyph_sheet_09_8x_nearest.png,R4C1
C0104,𝑃,U1D443,20,0,6,SPAN_B20_L00_S06,TLINE_B20_L00,TBLOCK_B20,STIXTwoMath-Regular,10.1619,#1F2328,"462.181,303.719,467.964,313.881","1925,1264,1952,1309","1925,1269,1950,1297",25,28,258,BASE_MATH,H_INK>=22,22.0000,NO,PASS,D:\Users\ASUS\Desktop\机器学习\v2.7.0\_work\evidence\figures\FIG-P547-01\STRICT_R5_REQUAL_R96_SA1_CONT_20260824\glyphs\rois_1x\C0104_U1D443_original_1x.png,D:\Users\ASUS\Desktop\机器学习\v2.7.0\_work\evidence\figures\FIG-P547-01\STRICT_R5_REQUAL_R96_SA1_CONT_20260824\glyphs\rois_1x\C0104_U1D443_target_overlay_1x.png,D:\Users\ASUS\Desktop\机器学习\v2.7.0\_work\evidence\figures\FIG-P547-01\STRICT_R5_REQUAL_R96_SA1_CONT_20260824\glyphs\rois_1x\C0104_U1D443_mask_only_1x.png,D:\Users\ASUS\Desktop\机器学习\v2.7.0\_work\evidence\figures\FIG-P547-01\STRICT_R5_REQUAL_R96_SA1_CONT_20260824\glyphs\cards_8x\C0104_U1D443_contact_8x_nearest.png,"exact native 300dpi pixel colour-line segmentation; duplicate kerning-boundary ownership resolved, no morphology / repair / resampling",0,1,glyph_sheet_09_8x_nearest.png,R4C2
C0105,(,U0028,20,0,6,SPAN_B20_L00_S06,TLINE_B20_L00,TBLOCK_B20,STIXTwoMath-Regular,10.1619,#1F2328,"468.319,303.719,471.947,313.881","1950,1264,1968,1309","1952,1266,1965,1306",13,40,158,LOW_PROFILE,INDEPENDENT_CALIBRATION,CALIBRATION,YES,PASS,D:\Users\ASUS\Desktop\机器学习\v2.7.0\_work\evidence\figures\FIG-P547-01\STRICT_R5_REQUAL_R96_SA1_CONT_20260824\glyphs\rois_1x\C0105_U0028_original_1x.png,D:\Users\ASUS\Desktop\机器学习\v2.7.0\_work\evidence\figures\FIG-P547-01\STRICT_R5_REQUAL_R96_SA1_CONT_20260824\glyphs\rois_1x\C0105_U0028_target_overlay_1x.png,D:\Users\ASUS\Desktop\机器学习\v2.7.0\_work\evidence\figures\FIG-P547-01\STRICT_R5_REQUAL_R96_SA1_CONT_20260824\glyphs\rois_1x\C0105_U0028_mask_only_1x.png,D:\Users\ASUS\Desktop\机器学习\v2.7.0\_work\evidence\figures\FIG-P547-01\STRICT_R5_REQUAL_R96_SA1_CONT_20260824\glyphs\cards_8x\C0105_U0028_contact_8x_nearest.png,"exact native 300dpi pixel colour-line segmentation; duplicate kerning-boundary ownership resolved, no morphology / repair / resampling",0,1,glyph_sheet_09_8x_nearest.png,R5C1
C0106,𝑖,U1D456,20,0,6,SPAN_B20_L00_S06,TLINE_B20_L00,TBLOCK_B20,STIXTwoMath-Regular,10.1619,#1F2328,"471.947,303.719,474.731,313.881","1965,1264,1980,1309","1968,1268,1977,1298",9,30,134,BASE_MATH,H_INK>=22,22.0000,NO,PASS,D:\Users\ASUS\Desktop\机器学习\v2.7.0\_work\evidence\figures\FIG-P547-01\STRICT_R5_REQUAL_R96_SA1_CONT_20260824\glyphs\rois_1x\C0106_U1D456_original_1x.png,D:\Users\ASUS\Desktop\机器学习\v2.7.0\_work\evidence\figures\FIG-P547-01\STRICT_R5_REQUAL_R96_SA1_CONT_20260824\glyphs\rois_1x\C0106_U1D456_target_overlay_1x.png,D:\Users\ASUS\Desktop\机器学习\v2.7.0\_work\evidence\figures\FIG-P547-01\STRICT_R5_REQUAL_R96_SA1_CONT_20260824\glyphs\rois_1x\C0106_U1D456_mask_only_1x.png,D:\Users\ASUS\Desktop\机器学习\v2.7.0\_work\evidence\figures\FIG-P547-01\STRICT_R5_REQUAL_R96_SA1_CONT_20260824\glyphs\cards_8x\C0106_U1D456_contact_8x_nearest.png,"exact native 300dpi pixel colour-line segmentation; duplicate kerning-boundary ownership resolved, no morphology / repair / resampling",0,2,glyph_sheet_09_8x_nearest.png,R5C2
C0107,→,U2192,20,0,6,SPAN_B20_L00_S06,TLINE_B20_L00,TBLOCK_B20,STIXTwoMath-Regular,10.1619,#1F2328,"477.760,303.719,487.393,313.881","1990,1264,2033,1309","1993,1277,2027,1295",34,18,176,BASE_MATH_OPERATOR,H_INK>=22,22.0000,NO,FAIL,D:\Users\ASUS\Desktop\机器学习\v2.7.0\_work\evidence\figures\FIG-P547-01\STRICT_R5_REQUAL_R96_SA1_CONT_20260824\glyphs\rois_1x\C0107_U2192_original_1x.png,D:\Users\ASUS\Desktop\机器学习\v2.7.0\_work\evidence\figures\FIG-P547-01\STRICT_R5_REQUAL_R96_SA1_CONT_20260824\glyphs\rois_1x\C0107_U2192_target_overlay_1x.png,D:\Users\ASUS\Desktop\机器学习\v2.7.0\_work\evidence\figures\FIG-P547-01\STRICT_R5_REQUAL_R96_SA1_CONT_20260824\glyphs\rois_1x\C0107_U2192_mask_only_1x.png,D:\Users\ASUS\Desktop\机器学习\v2.7.0\_work\evidence\figures\FIG-P547-01\STRICT_R5_REQUAL_R96_SA1_CONT_20260824\glyphs\cards_8x\C0107_U2192_contact_8x_nearest.png,"exact native 300dpi pixel colour-line segmentation; duplicate kerning-boundary ownership resolved, no morphology / repair / resampling",0,1,glyph_sheet_09_8x_nearest.png,R6C1
C0108,𝑗,U1D457,20,0,6,SPAN_B20_L00_S06,TLINE_B20_L00,TBLOCK_B20,STIXTwoMath-Regular,10.1619,#1F2328,"490.218,303.719,494.598,313.881","2042,1264,2063,1309","2042,1268,2059,1307",17,39,177,BASE_MATH,H_INK>=22,22.0000,NO,PASS,D:\Users\ASUS\Desktop\机器学习\v2.7.0\_work\evidence\figures\FIG-P547-01\STRICT_R5_REQUAL_R96_SA1_CONT_20260824\glyphs\rois_1x\C0108_U1D457_original_1x.png,D:\Users\ASUS\Desktop\机器学习\v2.7.0\_work\evidence\figures\FIG-P547-01\STRICT_R5_REQUAL_R96_SA1_CONT_20260824\glyphs\rois_1x\C0108_U1D457_target_overlay_1x.png,D:\Users\ASUS\Desktop\机器学习\v2.7.0\_work\evidence\figures\FIG-P547-01\STRICT_R5_REQUAL_R96_SA1_CONT_20260824\glyphs\rois_1x\C0108_U1D457_mask_only_1x.png,D:\Users\ASUS\Desktop\机器学习\v2.7.0\_work\evidence\figures\FIG-P547-01\STRICT_R5_REQUAL_R96_SA1_CONT_20260824\glyphs\cards_8x\C0108_U1D457_contact_8x_nearest.png,"exact native 300dpi pixel colour-line segmentation; duplicate kerning-boundary ownership resolved, no morphology / repair / resampling",0,2,glyph_sheet_09_8x_nearest.png,R6C2
C0109,),U0029,20,0,6,SPAN_B20_L00_S06,TLINE_B20_L00,TBLOCK_B20,STIXTwoMath-Regular,10.1619,#1F2328,"494.801,303.719,498.429,313.881","2061,1264,2079,1309","2062,1266,2075,1306",13,40,161,LOW_PROFILE,INDEPENDENT_CALIBRATION,CALIBRATION,YES,PASS,D:\Users\ASUS\Desktop\机器学习\v2.7.0\_work\evidence\figures\FIG-P547-01\STRICT_R5_REQUAL_R96_SA1_CONT_20260824\glyphs\rois_1x\C0109_U0029_original_1x.png,D:\Users\ASUS\Desktop\机器学习\v2.7.0\_work\evidence\figures\FIG-P547-01\STRICT_R5_REQUAL_R96_SA1_CONT_20260824\glyphs\rois_1x\C0109_U0029_target_overlay_1x.png,D:\Users\ASUS\Desktop\机器学习\v2.7.0\_work\evidence\figures\FIG-P547-01\STRICT_R5_REQUAL_R96_SA1_CONT_20260824\glyphs\rois_1x\C0109_U0029_mask_only_1x.png,D:\Users\ASUS\Desktop\机器学习\v2.7.0\_work\evidence\figures\FIG-P547-01\STRICT_R5_REQUAL_R96_SA1_CONT_20260824\glyphs\cards_8x\C0109_U0029_contact_8x_nearest.png,"exact native 300dpi pixel colour-line segmentation; duplicate kerning-boundary ownership resolved, no morphology / repair / resampling",161,1,glyph_sheet_10_8x_nearest.png,R1C1
C0110,1,U0031,21,0,0,SPAN_B21_L00_S00,TLINE_B21_L00,TBLOCK_B21,STIXTwoMath-Regular,10.1619,#1F2328,"374.493,346.034,379.523,356.196","1559,1440,1583,1486","1563,1447,1578,1474",15,27,169,DIGIT_UPPER,H_INK>=24,24.0000,NO,PASS,D:\Users\ASUS\Desktop\机器学习\v2.7.0\_work\evidence\figures\FIG-P547-01\STRICT_R5_REQUAL_R96_SA1_CONT_20260824\glyphs\rois_1x\C0110_U0031_original_1x.png,D:\Users\ASUS\Desktop\机器学习\v2.7.0\_work\evidence\figures\FIG-P547-01\STRICT_R5_REQUAL_R96_SA1_CONT_20260824\glyphs\rois_1x\C0110_U0031_target_overlay_1x.png,D:\Users\ASUS\Desktop\机器学习\v2.7.0\_work\evidence\figures\FIG-P547-01\STRICT_R5_REQUAL_R96_SA1_CONT_20260824\glyphs\rois_1x\C0110_U0031_mask_only_1x.png,D:\Users\ASUS\Desktop\机器学习\v2.7.0\_work\evidence\figures\FIG-P547-01\STRICT_R5_REQUAL_R96_SA1_CONT_20260824\glyphs\cards_8x\C0110_U0031_contact_8x_nearest.png,"exact native 300dpi pixel colour-line segmentation; duplicate kerning-boundary ownership resolved, no morphology / repair / resampling",0,1,glyph_sheet_10_8x_nearest.png,R1C2
C0111,2,U0032,21,1,0,SPAN_B21_L01_S00,TLINE_B21_L01,TBLOCK_B21,STIXTwoMath-Regular,10.1619,#1F2328,"451.029,346.060,456.059,356.222","1878,1440,1902,1486","1880,1446,1899,1474",19,28,213,DIGIT_UPPER,H_INK>=24,24.0000,NO,PASS,D:\Users\ASUS\Desktop\机器学习\v2.7.0\_work\evidence\figures\FIG-P547-01\STRICT_R5_REQUAL_R96_SA1_CONT_20260824\glyphs\rois_1x\C0111_U0032_original_1x.png,D:\Users\ASUS\Desktop\机器学习\v2.7.0\_work\evidence\figures\FIG-P547-01\STRICT_R5_REQUAL_R96_SA1_CONT_20260824\glyphs\rois_1x\C0111_U0032_target_overlay_1x.png,D:\Users\ASUS\Desktop\机器学习\v2.7.0\_work\evidence\figures\FIG-P547-01\STRICT_R5_REQUAL_R96_SA1_CONT_20260824\glyphs\rois_1x\C0111_U0032_mask_only_1x.png,D:\Users\ASUS\Desktop\机器学习\v2.7.0\_work\evidence\figures\FIG-P547-01\STRICT_R5_REQUAL_R96_SA1_CONT_20260824\glyphs\cards_8x\C0111_U0032_contact_8x_nearest.png,"exact native 300dpi pixel colour-line segmentation; duplicate kerning-boundary ownership resolved, no morphology / repair / resampling",0,1,glyph_sheet_10_8x_nearest.png,R2C1
C0112,0,U0030,21,2,0,SPAN_B21_L02_S00,TLINE_B21_L02,TBLOCK_B21,STIXTwoMath-Regular,11.5567,#1F2328,"324.817,345.371,330.538,356.927","1352,1438,1379,1489","1354,1444,1376,1476",22,32,339,DIGIT_UPPER,H_INK>=24,24.0000,NO,PASS,D:\Users\ASUS\Desktop\机器学习\v2.7.0\_work\evidence\figures\FIG-P547-01\STRICT_R5_REQUAL_R96_SA1_CONT_20260824\glyphs\rois_1x\C0112_U0030_original_1x.png,D:\Users\ASUS\Desktop\机器学习\v2.7.0\_work\evidence\figures\FIG-P547-01\STRICT_R5_REQUAL_R96_SA1_CONT_20260824\glyphs\rois_1x\C0112_U0030_target_overlay_1x.png,D:\Users\ASUS\Desktop\机器学习\v2.7.0\_work\evidence\figures\FIG-P547-01\STRICT_R5_REQUAL_R96_SA1_CONT_20260824\glyphs\rois_1x\C0112_U0030_mask_only_1x.png,D:\Users\ASUS\Desktop\机器学习\v2.7.0\_work\evidence\figures\FIG-P547-01\STRICT_R5_REQUAL_R96_SA1_CONT_20260824\glyphs\cards_8x\C0112_U0030_contact_8x_nearest.png,"exact native 300dpi pixel colour-line segmentation; duplicate kerning-boundary ownership resolved, no morphology / repair / resampling",0,1,glyph_sheet_10_8x_nearest.png,R2C2
C0113,.,U002E,21,2,0,SPAN_B21_L02_S00,TLINE_B21_L02,TBLOCK_B21,STIXTwoMath-Regular,11.5567,#1F2328,"330.538,345.371,333.369,356.927","1376,1438,1391,1489","1380,1469,1386,1476",6,7,37,LOW_PROFILE,INDEPENDENT_CALIBRATION,CALIBRATION,YES,PASS,D:\Users\ASUS\Desktop\机器学习\v2.7.0\_work\evidence\figures\FIG-P547-01\STRICT_R5_REQUAL_R96_SA1_CONT_20260824\glyphs\rois_1x\C0113_U002E_original_1x.png,D:\Users\ASUS\Desktop\机器学习\v2.7.0\_work\evidence\figures\FIG-P547-01\STRICT_R5_REQUAL_R96_SA1_CONT_20260824\glyphs\rois_1x\C0113_U002E_target_overlay_1x.png,D:\Users\ASUS\Desktop\机器学习\v2.7.0\_work\evidence\figures\FIG-P547-01\STRICT_R5_REQUAL_R96_SA1_CONT_20260824\glyphs\rois_1x\C0113_U002E_mask_only_1x.png,D:\Users\ASUS\Desktop\机器学习\v2.7.0\_work\evidence\figures\FIG-P547-01\STRICT_R5_REQUAL_R96_SA1_CONT_20260824\glyphs\cards_8x\C0113_U002E_contact_8x_nearest.png,"exact native 300dpi pixel colour-line segmentation; duplicate kerning-boundary ownership resolved, no morphology / repair / resampling",0,1,glyph_sheet_10_8x_nearest.png,R3C1
C0114,7,U0037,21,2,0,SPAN_B21_L02_S00,TLINE_B21_L02,TBLOCK_B21,STIXTwoMath-Regular,11.5567,#1F2328,"333.369,345.371,339.089,356.927","1388,1438,1415,1489","1391,1444,1412,1476",21,32,226,DIGIT_UPPER,H_INK>=24,24.0000,NO,PASS,D:\Users\ASUS\Desktop\机器学习\v2.7.0\_work\evidence\figures\FIG-P547-01\STRICT_R5_REQUAL_R96_SA1_CONT_20260824\glyphs\rois_1x\C0114_U0037_original_1x.png,D:\Users\ASUS\Desktop\机器学习\v2.7.0\_work\evidence\figures\FIG-P547-01\STRICT_R5_REQUAL_R96_SA1_CONT_20260824\glyphs\rois_1x\C0114_U0037_target_overlay_1x.png,D:\Users\ASUS\Desktop\机器学习\v2.7.0\_work\evidence\figures\FIG-P547-01\STRICT_R5_REQUAL_R96_SA1_CONT_20260824\glyphs\rois_1x\C0114_U0037_mask_only_1x.png,D:\Users\ASUS\Desktop\机器学习\v2.7.0\_work\evidence\figures\FIG-P547-01\STRICT_R5_REQUAL_R96_SA1_CONT_20260824\glyphs\cards_8x\C0114_U0037_contact_8x_nearest.png,"exact native 300dpi pixel colour-line segmentation; duplicate kerning-boundary ownership resolved, no morphology / repair / resampling",0,1,glyph_sheet_10_8x_nearest.png,R3C2
C0115,0,U0030,21,3,0,SPAN_B21_L03_S00,TLINE_B21_L03,TBLOCK_B21,STIXTwoMath-Regular,11.5567,#1F2328,"491.462,345.394,497.183,356.951","2047,1438,2074,1489","2048,1444,2070,1476",22,32,339,DIGIT_UPPER,H_INK>=24,24.0000,NO,PASS,D:\Users\ASUS\Desktop\机器学习\v2.7.0\_work\evidence\figures\FIG-P547-01\STRICT_R5_REQUAL_R96_SA1_CONT_20260824\glyphs\rois_1x\C0115_U0030_original_1x.png,D:\Users\ASUS\Desktop\机器学习\v2.7.0\_work\evidence\figures\FIG-P547-01\STRICT_R5_REQUAL_R96_SA1_CONT_20260824\glyphs\rois_1x\C0115_U0030_target_overlay_1x.png,D:\Users\ASUS\Desktop\机器学习\v2.7.0\_work\evidence\figures\FIG-P547-01\STRICT_R5_REQUAL_R96_SA1_CONT_20260824\glyphs\rois_1x\C0115_U0030_mask_only_1x.png,D:\Users\ASUS\Desktop\机器学习\v2.7.0\_work\evidence\figures\FIG-P547-01\STRICT_R5_REQUAL_R96_SA1_CONT_20260824\glyphs\cards_8x\C0115_U0030_contact_8x_nearest.png,"exact native 300dpi pixel colour-line segmentation; duplicate kerning-boundary ownership resolved, no morphology / repair / resampling",0,1,glyph_sheet_10_8x_nearest.png,R4C1
C0116,.,U002E,21,3,0,SPAN_B21_L03_S00,TLINE_B21_L03,TBLOCK_B21,STIXTwoMath-Regular,11.5567,#1F2328,"497.183,345.394,500.014,356.951","2071,1438,2085,1489","2074,1469,2080,1476",6,7,37,LOW_PROFILE,INDEPENDENT_CALIBRATION,CALIBRATION,YES,PASS,D:\Users\ASUS\Desktop\机器学习\v2.7.0\_work\evidence\figures\FIG-P547-01\STRICT_R5_REQUAL_R96_SA1_CONT_20260824\glyphs\rois_1x\C0116_U002E_original_1x.png,D:\Users\ASUS\Desktop\机器学习\v2.7.0\_work\evidence\figures\FIG-P547-01\STRICT_R5_REQUAL_R96_SA1_CONT_20260824\glyphs\rois_1x\C0116_U002E_target_overlay_1x.png,D:\Users\ASUS\Desktop\机器学习\v2.7.0\_work\evidence\figures\FIG-P547-01\STRICT_R5_REQUAL_R96_SA1_CONT_20260824\glyphs\rois_1x\C0116_U002E_mask_only_1x.png,D:\Users\ASUS\Desktop\机器学习\v2.7.0\_work\evidence\figures\FIG-P547-01\STRICT_R5_REQUAL_R96_SA1_CONT_20260824\glyphs\cards_8x\C0116_U002E_contact_8x_nearest.png,"exact native 300dpi pixel colour-line segmentation; duplicate kerning-boundary ownership resolved, no morphology / repair / resampling",0,1,glyph_sheet_10_8x_nearest.png,R4C2
C0117,8,U0038,21,3,0,SPAN_B21_L03_S00,TLINE_B21_L03,TBLOCK_B21,STIXTwoMath-Regular,11.5567,#1F2328,"500.014,345.394,505.734,356.951","2082,1438,2109,1489","2085,1443,2105,1476",20,33,344,DIGIT_UPPER,H_INK>=24,24.0000,NO,PASS,D:\Users\ASUS\Desktop\机器学习\v2.7.0\_work\evidence\figures\FIG-P547-01\STRICT_R5_REQUAL_R96_SA1_CONT_20260824\glyphs\rois_1x\C0117_U0038_original_1x.png,D:\Users\ASUS\Desktop\机器学习\v2.7.0\_work\evidence\figures\FIG-P547-01\STRICT_R5_REQUAL_R96_SA1_CONT_20260824\glyphs\rois_1x\C0117_U0038_target_overlay_1x.png,D:\Users\ASUS\Desktop\机器学习\v2.7.0\_work\evidence\figures\FIG-P547-01\STRICT_R5_REQUAL_R96_SA1_CONT_20260824\glyphs\rois_1x\C0117_U0038_mask_only_1x.png,D:\Users\ASUS\Desktop\机器学习\v2.7.0\_work\evidence\figures\FIG-P547-01\STRICT_R5_REQUAL_R96_SA1_CONT_20260824\glyphs\cards_8x\C0117_U0038_contact_8x_nearest.png,"exact native 300dpi pixel colour-line segmentation; duplicate kerning-boundary ownership resolved, no morphology / repair / resampling",0,1,glyph_sheet_10_8x_nearest.png,R5C1
C0118,𝑃,U1D443,22,0,0,SPAN_B22_L00_S00,TLINE_B22_L00,TBLOCK_B22,STIXTwoMath-Regular,11.5567,#1F2328,"394.337,326.603,400.913,338.160","1642,1359,1672,1411","1642,1365,1671,1397",29,32,333,BASE_MATH,H_INK>=22,22.0000,NO,PASS,D:\Users\ASUS\Desktop\机器学习\v2.7.0\_work\evidence\figures\FIG-P547-01\STRICT_R5_REQUAL_R96_SA1_CONT_20260824\glyphs\rois_1x\C0118_U1D443_original_1x.png,D:\Users\ASUS\Desktop\机器学习\v2.7.0\_work\evidence\figures\FIG-P547-01\STRICT_R5_REQUAL_R96_SA1_CONT_20260824\glyphs\rois_1x\C0118_U1D443_target_overlay_1x.png,D:\Users\ASUS\Desktop\机器学习\v2.7.0\_work\evidence\figures\FIG-P547-01\STRICT_R5_REQUAL_R96_SA1_CONT_20260824\glyphs\rois_1x\C0118_U1D443_mask_only_1x.png,D:\Users\ASUS\Desktop\机器学习\v2.7.0\_work\evidence\figures\FIG-P547-01\STRICT_R5_REQUAL_R96_SA1_CONT_20260824\glyphs\cards_8x\C0118_U1D443_contact_8x_nearest.png,"exact native 300dpi pixel colour-line segmentation; duplicate kerning-boundary ownership resolved, no morphology / repair / resampling",333,1,glyph_sheet_10_8x_nearest.png,R5C2
C0119,2,U0032,22,0,1,SPAN_B22_L00_S01,TLINE_B22_L00,TBLOCK_B22,STIXTwoMath-Regular,8.0896,#1F2328,"398.382,331.672,402.621,339.761","1659,1381,1680,1417","1660,1384,1676,1407",16,23,156,NATURAL_SCRIPT,H_INK>=15,15.0000,NO,PASS,D:\Users\ASUS\Desktop\机器学习\v2.7.0\_work\evidence\figures\FIG-P547-01\STRICT_R5_REQUAL_R96_SA1_CONT_20260824\glyphs\rois_1x\C0119_U0032_original_1x.png,D:\Users\ASUS\Desktop\机器学习\v2.7.0\_work\evidence\figures\FIG-P547-01\STRICT_R5_REQUAL_R96_SA1_CONT_20260824\glyphs\rois_1x\C0119_U0032_target_overlay_1x.png,D:\Users\ASUS\Desktop\机器学习\v2.7.0\_work\evidence\figures\FIG-P547-01\STRICT_R5_REQUAL_R96_SA1_CONT_20260824\glyphs\rois_1x\C0119_U0032_mask_only_1x.png,D:\Users\ASUS\Desktop\机器学习\v2.7.0\_work\evidence\figures\FIG-P547-01\STRICT_R5_REQUAL_R96_SA1_CONT_20260824\glyphs\cards_8x\C0119_U0032_contact_8x_nearest.png,"exact native 300dpi pixel colour-line segmentation; duplicate kerning-boundary ownership resolved, no morphology / repair / resampling",156,1,glyph_sheet_10_8x_nearest.png,R6C1
C0120,1,U0031,22,0,1,SPAN_B22_L00_S01,TLINE_B22_L00,TBLOCK_B22,STIXTwoMath-Regular,8.0896,#1F2328,"402.621,331.672,406.739,339.761","1677,1381,1697,1417","1679,1384,1692,1417",13,33,123,NATURAL_SCRIPT,H_INK>=15,15.0000,NO,PASS,D:\Users\ASUS\Desktop\机器学习\v2.7.0\_work\evidence\figures\FIG-P547-01\STRICT_R5_REQUAL_R96_SA1_CONT_20260824\glyphs\rois_1x\C0120_U0031_original_1x.png,D:\Users\ASUS\Desktop\机器学习\v2.7.0\_work\evidence\figures\FIG-P547-01\STRICT_R5_REQUAL_R96_SA1_CONT_20260824\glyphs\rois_1x\C0120_U0031_target_overlay_1x.png,D:\Users\ASUS\Desktop\机器学习\v2.7.0\_work\evidence\figures\FIG-P547-01\STRICT_R5_REQUAL_R96_SA1_CONT_20260824\glyphs\rois_1x\C0120_U0031_mask_only_1x.png,D:\Users\ASUS\Desktop\机器学习\v2.7.0\_work\evidence\figures\FIG-P547-01\STRICT_R5_REQUAL_R96_SA1_CONT_20260824\glyphs\cards_8x\C0120_U0031_contact_8x_nearest.png,"exact native 300dpi pixel colour-line segmentation; duplicate kerning-boundary ownership resolved, no morphology / repair / resampling",122,2,glyph_sheet_10_8x_nearest.png,R6C2
C0121,=,U003D,22,0,3,SPAN_B22_L00_S03,TLINE_B22_L00,TBLOCK_B22,STIXTwoMath-Regular,11.5567,#1F2328,"410.411,326.603,418.732,338.160","1709,1359,1747,1411","1713,1378,1742,1392",29,14,261,BASE_MATH_OPERATOR,H_INK>=22,22.0000,NO,FAIL,D:\Users\ASUS\Desktop\机器学习\v2.7.0\_work\evidence\figures\FIG-P547-01\STRICT_R5_REQUAL_R96_SA1_CONT_20260824\glyphs\rois_1x\C0121_U003D_original_1x.png,D:\Users\ASUS\Desktop\机器学习\v2.7.0\_work\evidence\figures\FIG-P547-01\STRICT_R5_REQUAL_R96_SA1_CONT_20260824\glyphs\rois_1x\C0121_U003D_target_overlay_1x.png,D:\Users\ASUS\Desktop\机器学习\v2.7.0\_work\evidence\figures\FIG-P547-01\STRICT_R5_REQUAL_R96_SA1_CONT_20260824\glyphs\rois_1x\C0121_U003D_mask_only_1x.png,D:\Users\ASUS\Desktop\机器学习\v2.7.0\_work\evidence\figures\FIG-P547-01\STRICT_R5_REQUAL_R96_SA1_CONT_20260824\glyphs\cards_8x\C0121_U003D_contact_8x_nearest.png,"exact native 300dpi pixel colour-line segmentation; duplicate kerning-boundary ownership resolved, no morphology / repair / resampling",0,2,glyph_sheet_11_8x_nearest.png,R1C1
C0122,0,U0030,22,0,3,SPAN_B22_L00_S03,TLINE_B22_L00,TBLOCK_B22,STIXTwoMath-Regular,11.5567,#1F2328,"421.933,326.603,427.654,338.160","1757,1359,1784,1411","1759,1366,1781,1398",22,32,339,DIGIT_UPPER,H_INK>=24,24.0000,NO,PASS,D:\Users\ASUS\Desktop\机器学习\v2.7.0\_work\evidence\figures\FIG-P547-01\STRICT_R5_REQUAL_R96_SA1_CONT_20260824\glyphs\rois_1x\C0122_U0030_original_1x.png,D:\Users\ASUS\Desktop\机器学习\v2.7.0\_work\evidence\figures\FIG-P547-01\STRICT_R5_REQUAL_R96_SA1_CONT_20260824\glyphs\rois_1x\C0122_U0030_target_overlay_1x.png,D:\Users\ASUS\Desktop\机器学习\v2.7.0\_work\evidence\figures\FIG-P547-01\STRICT_R5_REQUAL_R96_SA1_CONT_20260824\glyphs\rois_1x\C0122_U0030_mask_only_1x.png,D:\Users\ASUS\Desktop\机器学习\v2.7.0\_work\evidence\figures\FIG-P547-01\STRICT_R5_REQUAL_R96_SA1_CONT_20260824\glyphs\cards_8x\C0122_U0030_contact_8x_nearest.png,"exact native 300dpi pixel colour-line segmentation; duplicate kerning-boundary ownership resolved, no morphology / repair / resampling",0,1,glyph_sheet_11_8x_nearest.png,R1C2
C0123,.,U002E,22,0,3,SPAN_B22_L00_S03,TLINE_B22_L00,TBLOCK_B22,STIXTwoMath-Regular,11.5567,#1F2328,"427.654,326.603,430.485,338.160","1781,1359,1796,1411","1784,1391,1790,1398",6,7,37,LOW_PROFILE,INDEPENDENT_CALIBRATION,CALIBRATION,YES,PASS,D:\Users\ASUS\Desktop\机器学习\v2.7.0\_work\evidence\figures\FIG-P547-01\STRICT_R5_REQUAL_R96_SA1_CONT_20260824\glyphs\rois_1x\C0123_U002E_original_1x.png,D:\Users\ASUS\Desktop\机器学习\v2.7.0\_work\evidence\figures\FIG-P547-01\STRICT_R5_REQUAL_R96_SA1_CONT_20260824\glyphs\rois_1x\C0123_U002E_target_overlay_1x.png,D:\Users\ASUS\Desktop\机器学习\v2.7.0\_work\evidence\figures\FIG-P547-01\STRICT_R5_REQUAL_R96_SA1_CONT_20260824\glyphs\rois_1x\C0123_U002E_mask_only_1x.png,D:\Users\ASUS\Desktop\机器学习\v2.7.0\_work\evidence\figures\FIG-P547-01\STRICT_R5_REQUAL_R96_SA1_CONT_20260824\glyphs\cards_8x\C0123_U002E_contact_8x_nearest.png,"exact native 300dpi pixel colour-line segmentation; duplicate kerning-boundary ownership resolved, no morphology / repair / resampling",0,1,glyph_sheet_11_8x_nearest.png,R2C1
C0124,3,U0033,22,0,3,SPAN_B22_L00_S03,TLINE_B22_L00,TBLOCK_B22,STIXTwoMath-Regular,11.5567,#1F2328,"430.485,326.603,436.205,338.160","1793,1359,1820,1411","1795,1366,1815,1398",20,32,256,DIGIT_UPPER,H_INK>=24,24.0000,NO,PASS,D:\Users\ASUS\Desktop\机器学习\v2.7.0\_work\evidence\figures\FIG-P547-01\STRICT_R5_REQUAL_R96_SA1_CONT_20260824\glyphs\rois_1x\C0124_U0033_original_1x.png,D:\Users\ASUS\Desktop\机器学习\v2.7.0\_work\evidence\figures\FIG-P547-01\STRICT_R5_REQUAL_R96_SA1_CONT_20260824\glyphs\rois_1x\C0124_U0033_target_overlay_1x.png,D:\Users\ASUS\Desktop\机器学习\v2.7.0\_work\evidence\figures\FIG-P547-01\STRICT_R5_REQUAL_R96_SA1_CONT_20260824\glyphs\rois_1x\C0124_U0033_mask_only_1x.png,D:\Users\ASUS\Desktop\机器学习\v2.7.0\_work\evidence\figures\FIG-P547-01\STRICT_R5_REQUAL_R96_SA1_CONT_20260824\glyphs\cards_8x\C0124_U0033_contact_8x_nearest.png,"exact native 300dpi pixel colour-line segmentation; duplicate kerning-boundary ownership resolved, no morphology / repair / resampling",256,1,glyph_sheet_11_8x_nearest.png,R2C2
C0125,𝑃,U1D443,23,0,0,SPAN_B23_L00_S00,TLINE_B23_L00,TBLOCK_B23,STIXTwoMath-Regular,11.5567,#1F2328,"394.337,361.882,400.913,373.439","1642,1506,1672,1558","1642,1512,1671,1544",29,32,333,BASE_MATH,H_INK>=22,22.0000,NO,PASS,D:\Users\ASUS\Desktop\机器学习\v2.7.0\_work\evidence\figures\FIG-P547-01\STRICT_R5_REQUAL_R96_SA1_CONT_20260824\glyphs\rois_1x\C0125_U1D443_original_1x.png,D:\Users\ASUS\Desktop\机器学习\v2.7.0\_work\evidence\figures\FIG-P547-01\STRICT_R5_REQUAL_R96_SA1_CONT_20260824\glyphs\rois_1x\C0125_U1D443_target_overlay_1x.png,D:\Users\ASUS\Desktop\机器学习\v2.7.0\_work\evidence\figures\FIG-P547-01\STRICT_R5_REQUAL_R96_SA1_CONT_20260824\glyphs\rois_1x\C0125_U1D443_mask_only_1x.png,D:\Users\ASUS\Desktop\机器学习\v2.7.0\_work\evidence\figures\FIG-P547-01\STRICT_R5_REQUAL_R96_SA1_CONT_20260824\glyphs\cards_8x\C0125_U1D443_contact_8x_nearest.png,"exact native 300dpi pixel colour-line segmentation; duplicate kerning-boundary ownership resolved, no morphology / repair / resampling",333,1,glyph_sheet_11_8x_nearest.png,R3C1
C0126,1,U0031,23,0,1,SPAN_B23_L00_S01,TLINE_B23_L00,TBLOCK_B23,STIXTwoMath-Regular,8.0896,#1F2328,"398.382,366.951,402.500,375.040","1659,1528,1679,1564","1661,1531,1674,1554",13,23,122,NATURAL_SCRIPT,H_INK>=15,15.0000,NO,PASS,D:\Users\ASUS\Desktop\机器学习\v2.7.0\_work\evidence\figures\FIG-P547-01\STRICT_R5_REQUAL_R96_SA1_CONT_20260824\glyphs\rois_1x\C0126_U0031_original_1x.png,D:\Users\ASUS\Desktop\机器学习\v2.7.0\_work\evidence\figures\FIG-P547-01\STRICT_R5_REQUAL_R96_SA1_CONT_20260824\glyphs\rois_1x\C0126_U0031_target_overlay_1x.png,D:\Users\ASUS\Desktop\机器学习\v2.7.0\_work\evidence\figures\FIG-P547-01\STRICT_R5_REQUAL_R96_SA1_CONT_20260824\glyphs\rois_1x\C0126_U0031_mask_only_1x.png,D:\Users\ASUS\Desktop\机器学习\v2.7.0\_work\evidence\figures\FIG-P547-01\STRICT_R5_REQUAL_R96_SA1_CONT_20260824\glyphs\cards_8x\C0126_U0031_contact_8x_nearest.png,"exact native 300dpi pixel colour-line segmentation; duplicate kerning-boundary ownership resolved, no morphology / repair / resampling",122,1,glyph_sheet_11_8x_nearest.png,R3C2
C0127,2,U0032,23,0,1,SPAN_B23_L00_S01,TLINE_B23_L00,TBLOCK_B23,STIXTwoMath-Regular,8.0896,#1F2328,"402.500,366.951,406.739,375.040","1676,1528,1697,1564","1678,1531,1694,1554",16,23,156,NATURAL_SCRIPT,H_INK>=15,15.0000,NO,PASS,D:\Users\ASUS\Desktop\机器学习\v2.7.0\_work\evidence\figures\FIG-P547-01\STRICT_R5_REQUAL_R96_SA1_CONT_20260824\glyphs\rois_1x\C0127_U0032_original_1x.png,D:\Users\ASUS\Desktop\机器学习\v2.7.0\_work\evidence\figures\FIG-P547-01\STRICT_R5_REQUAL_R96_SA1_CONT_20260824\glyphs\rois_1x\C0127_U0032_target_overlay_1x.png,D:\Users\ASUS\Desktop\机器学习\v2.7.0\_work\evidence\figures\FIG-P547-01\STRICT_R5_REQUAL_R96_SA1_CONT_20260824\glyphs\rois_1x\C0127_U0032_mask_only_1x.png,D:\Users\ASUS\Desktop\机器学习\v2.7.0\_work\evidence\figures\FIG-P547-01\STRICT_R5_REQUAL_R96_SA1_CONT_20260824\glyphs\cards_8x\C0127_U0032_contact_8x_nearest.png,"exact native 300dpi pixel colour-line segmentation; duplicate kerning-boundary ownership resolved, no morphology / repair / resampling",156,1,glyph_sheet_11_8x_nearest.png,R4C1
C0128,=,U003D,23,0,3,SPAN_B23_L00_S03,TLINE_B23_L00,TBLOCK_B23,STIXTwoMath-Regular,11.5567,#1F2328,"410.411,361.882,418.732,373.439","1709,1506,1747,1558","1713,1525,1742,1539",29,14,261,BASE_MATH_OPERATOR,H_INK>=22,22.0000,NO,FAIL,D:\Users\ASUS\Desktop\机器学习\v2.7.0\_work\evidence\figures\FIG-P547-01\STRICT_R5_REQUAL_R96_SA1_CONT_20260824\glyphs\rois_1x\C0128_U003D_original_1x.png,D:\Users\ASUS\Desktop\机器学习\v2.7.0\_work\evidence\figures\FIG-P547-01\STRICT_R5_REQUAL_R96_SA1_CONT_20260824\glyphs\rois_1x\C0128_U003D_target_overlay_1x.png,D:\Users\ASUS\Desktop\机器学习\v2.7.0\_work\evidence\figures\FIG-P547-01\STRICT_R5_REQUAL_R96_SA1_CONT_20260824\glyphs\rois_1x\C0128_U003D_mask_only_1x.png,D:\Users\ASUS\Desktop\机器学习\v2.7.0\_work\evidence\figures\FIG-P547-01\STRICT_R5_REQUAL_R96_SA1_CONT_20260824\glyphs\cards_8x\C0128_U003D_contact_8x_nearest.png,"exact native 300dpi pixel colour-line segmentation; duplicate kerning-boundary ownership resolved, no morphology / repair / resampling",0,2,glyph_sheet_11_8x_nearest.png,R4C2
C0129,0,U0030,23,0,3,SPAN_B23_L00_S03,TLINE_B23_L00,TBLOCK_B23,STIXTwoMath-Regular,11.5567,#1F2328,"421.933,361.882,427.654,373.439","1757,1506,1784,1558","1759,1513,1781,1545",22,32,339,DIGIT_UPPER,H_INK>=24,24.0000,NO,PASS,D:\Users\ASUS\Desktop\机器学习\v2.7.0\_work\evidence\figures\FIG-P547-01\STRICT_R5_REQUAL_R96_SA1_CONT_20260824\glyphs\rois_1x\C0129_U0030_original_1x.png,D:\Users\ASUS\Desktop\机器学习\v2.7.0\_work\evidence\figures\FIG-P547-01\STRICT_R5_REQUAL_R96_SA1_CONT_20260824\glyphs\rois_1x\C0129_U0030_target_overlay_1x.png,D:\Users\ASUS\Desktop\机器学习\v2.7.0\_work\evidence\figures\FIG-P547-01\STRICT_R5_REQUAL_R96_SA1_CONT_20260824\glyphs\rois_1x\C0129_U0030_mask_only_1x.png,D:\Users\ASUS\Desktop\机器学习\v2.7.0\_work\evidence\figures\FIG-P547-01\STRICT_R5_REQUAL_R96_SA1_CONT_20260824\glyphs\cards_8x\C0129_U0030_contact_8x_nearest.png,"exact native 300dpi pixel colour-line segmentation; duplicate kerning-boundary ownership resolved, no morphology / repair / resampling",0,1,glyph_sheet_11_8x_nearest.png,R5C1
C0130,.,U002E,23,0,3,SPAN_B23_L00_S03,TLINE_B23_L00,TBLOCK_B23,STIXTwoMath-Regular,11.5567,#1F2328,"427.654,361.882,430.485,373.439","1781,1506,1796,1558","1784,1538,1790,1545",6,7,37,LOW_PROFILE,INDEPENDENT_CALIBRATION,CALIBRATION,YES,PASS,D:\Users\ASUS\Desktop\机器学习\v2.7.0\_work\evidence\figures\FIG-P547-01\STRICT_R5_REQUAL_R96_SA1_CONT_20260824\glyphs\rois_1x\C0130_U002E_original_1x.png,D:\Users\ASUS\Desktop\机器学习\v2.7.0\_work\evidence\figures\FIG-P547-01\STRICT_R5_REQUAL_R96_SA1_CONT_20260824\glyphs\rois_1x\C0130_U002E_target_overlay_1x.png,D:\Users\ASUS\Desktop\机器学习\v2.7.0\_work\evidence\figures\FIG-P547-01\STRICT_R5_REQUAL_R96_SA1_CONT_20260824\glyphs\rois_1x\C0130_U002E_mask_only_1x.png,D:\Users\ASUS\Desktop\机器学习\v2.7.0\_work\evidence\figures\FIG-P547-01\STRICT_R5_REQUAL_R96_SA1_CONT_20260824\glyphs\cards_8x\C0130_U002E_contact_8x_nearest.png,"exact native 300dpi pixel colour-line segmentation; duplicate kerning-boundary ownership resolved, no morphology / repair / resampling",0,1,glyph_sheet_11_8x_nearest.png,R5C2
C0131,2,U0032,23,0,3,SPAN_B23_L00_S03,TLINE_B23_L00,TBLOCK_B23,STIXTwoMath-Regular,11.5567,#1F2328,"430.485,361.882,436.205,373.439","1793,1506,1820,1558","1794,1513,1816,1544",22,31,268,DIGIT_UPPER,H_INK>=24,24.0000,NO,PASS,D:\Users\ASUS\Desktop\机器学习\v2.7.0\_work\evidence\figures\FIG-P547-01\STRICT_R5_REQUAL_R96_SA1_CONT_20260824\glyphs\rois_1x\C0131_U0032_original_1x.png,D:\Users\ASUS\Desktop\机器学习\v2.7.0\_work\evidence\figures\FIG-P547-01\STRICT_R5_REQUAL_R96_SA1_CONT_20260824\glyphs\rois_1x\C0131_U0032_target_overlay_1x.png,D:\Users\ASUS\Desktop\机器学习\v2.7.0\_work\evidence\figures\FIG-P547-01\STRICT_R5_REQUAL_R96_SA1_CONT_20260824\glyphs\rois_1x\C0131_U0032_mask_only_1x.png,D:\Users\ASUS\Desktop\机器学习\v2.7.0\_work\evidence\figures\FIG-P547-01\STRICT_R5_REQUAL_R96_SA1_CONT_20260824\glyphs\cards_8x\C0131_U0032_contact_8x_nearest.png,"exact native 300dpi pixel colour-line segmentation; duplicate kerning-boundary ownership resolved, no morphology / repair / resampling",268,1,glyph_sheet_11_8x_nearest.png,R6C1
C0132,𝑃,U1D443,24,0,0,SPAN_B24_L00_S00,TLINE_B24_L00,TBLOCK_B24,STIXTwoMath-Regular,11.7559,#1F2328,"375.827,383.902,382.516,395.658","1565,1598,1596,1650","1565,1599,1594,1636",29,37,348,BASE_MATH,H_INK>=22,22.0000,NO,PASS,D:\Users\ASUS\Desktop\机器学习\v2.7.0\_work\evidence\figures\FIG-P547-01\STRICT_R5_REQUAL_R96_SA1_CONT_20260824\glyphs\rois_1x\C0132_U1D443_original_1x.png,D:\Users\ASUS\Desktop\机器学习\v2.7.0\_work\evidence\figures\FIG-P547-01\STRICT_R5_REQUAL_R96_SA1_CONT_20260824\glyphs\rois_1x\C0132_U1D443_target_overlay_1x.png,D:\Users\ASUS\Desktop\机器学习\v2.7.0\_work\evidence\figures\FIG-P547-01\STRICT_R5_REQUAL_R96_SA1_CONT_20260824\glyphs\rois_1x\C0132_U1D443_mask_only_1x.png,D:\Users\ASUS\Desktop\机器学习\v2.7.0\_work\evidence\figures\FIG-P547-01\STRICT_R5_REQUAL_R96_SA1_CONT_20260824\glyphs\cards_8x\C0132_U1D443_contact_8x_nearest.png,"exact native 300dpi pixel colour-line segmentation; duplicate kerning-boundary ownership resolved, no morphology / repair / resampling",0,5,glyph_sheet_11_8x_nearest.png,R6C2
C0133,=,U003D,24,0,0,SPAN_B24_L00_S00,TLINE_B24_L00,TBLOCK_B24,STIXTwoMath-Regular,11.7559,#1F2328,"386.184,383.902,394.648,395.658","1608,1598,1646,1650","1612,1616,1642,1630",30,14,240,BASE_MATH_OPERATOR,H_INK>=22,22.0000,NO,FAIL,D:\Users\ASUS\Desktop\机器学习\v2.7.0\_work\evidence\figures\FIG-P547-01\STRICT_R5_REQUAL_R96_SA1_CONT_20260824\glyphs\rois_1x\C0133_U003D_original_1x.png,D:\Users\ASUS\Desktop\机器学习\v2.7.0\_work\evidence\figures\FIG-P547-01\STRICT_R5_REQUAL_R96_SA1_CONT_20260824\glyphs\rois_1x\C0133_U003D_target_overlay_1x.png,D:\Users\ASUS\Desktop\机器学习\v2.7.0\_work\evidence\figures\FIG-P547-01\STRICT_R5_REQUAL_R96_SA1_CONT_20260824\glyphs\rois_1x\C0133_U003D_mask_only_1x.png,D:\Users\ASUS\Desktop\机器学习\v2.7.0\_work\evidence\figures\FIG-P547-01\STRICT_R5_REQUAL_R96_SA1_CONT_20260824\glyphs\cards_8x\C0133_U003D_contact_8x_nearest.png,"exact native 300dpi pixel colour-line segmentation; duplicate kerning-boundary ownership resolved, no morphology / repair / resampling",0,2,glyph_sheet_12_8x_nearest.png,R1C1
C0134,[,U005B,24,0,0,SPAN_B24_L00_S00,TLINE_B24_L00,TBLOCK_B24,STIXTwoMath-Regular,11.7559,#1F2328,"397.923,384.037,403.436,395.793","1657,1599,1683,1651","1663,1599,1669,1651",6,52,312,LOW_PROFILE,INDEPENDENT_CALIBRATION,CALIBRATION,YES,PASS,D:\Users\ASUS\Desktop\机器学习\v2.7.0\_work\evidence\figures\FIG-P547-01\STRICT_R5_REQUAL_R96_SA1_CONT_20260824\glyphs\rois_1x\C0134_U005B_original_1x.png,D:\Users\ASUS\Desktop\机器学习\v2.7.0\_work\evidence\figures\FIG-P547-01\STRICT_R5_REQUAL_R96_SA1_CONT_20260824\glyphs\rois_1x\C0134_U005B_target_overlay_1x.png,D:\Users\ASUS\Desktop\机器学习\v2.7.0\_work\evidence\figures\FIG-P547-01\STRICT_R5_REQUAL_R96_SA1_CONT_20260824\glyphs\rois_1x\C0134_U005B_mask_only_1x.png,D:\Users\ASUS\Desktop\机器学习\v2.7.0\_work\evidence\figures\FIG-P547-01\STRICT_R5_REQUAL_R96_SA1_CONT_20260824\glyphs\cards_8x\C0134_U005B_contact_8x_nearest.png,"exact native 300dpi pixel colour-line segmentation; duplicate kerning-boundary ownership resolved, no morphology / repair / resampling",0,1,glyph_sheet_12_8x_nearest.png,R1C2
C0135,0,U0030,24,0,1,SPAN_B24_L00_S01,TLINE_B24_L00,TBLOCK_B24,STIXTwoMath-Regular,11.7559,#1F2328,"406.824,376.014,412.643,387.770","1694,1565,1721,1617","1696,1572,1718,1605",22,33,348,DIGIT_UPPER,H_INK>=24,24.0000,NO,PASS,D:\Users\ASUS\Desktop\机器学习\v2.7.0\_work\evidence\figures\FIG-P547-01\STRICT_R5_REQUAL_R96_SA1_CONT_20260824\glyphs\rois_1x\C0135_U0030_original_1x.png,D:\Users\ASUS\Desktop\机器学习\v2.7.0\_work\evidence\figures\FIG-P547-01\STRICT_R5_REQUAL_R96_SA1_CONT_20260824\glyphs\rois_1x\C0135_U0030_target_overlay_1x.png,D:\Users\ASUS\Desktop\机器学习\v2.7.0\_work\evidence\figures\FIG-P547-01\STRICT_R5_REQUAL_R96_SA1_CONT_20260824\glyphs\rois_1x\C0135_U0030_mask_only_1x.png,D:\Users\ASUS\Desktop\机器学习\v2.7.0\_work\evidence\figures\FIG-P547-01\STRICT_R5_REQUAL_R96_SA1_CONT_20260824\glyphs\cards_8x\C0135_U0030_contact_8x_nearest.png,"exact native 300dpi pixel colour-line segmentation; duplicate kerning-boundary ownership resolved, no morphology / repair / resampling",0,1,glyph_sheet_12_8x_nearest.png,R2C1
C0136,.,U002E,24,0,1,SPAN_B24_L00_S01,TLINE_B24_L00,TBLOCK_B24,STIXTwoMath-Regular,11.7559,#1F2328,"412.643,376.014,415.523,387.770","1718,1565,1733,1617","1722,1598,1728,1605",6,7,38,LOW_PROFILE,INDEPENDENT_CALIBRATION,CALIBRATION,YES,PASS,D:\Users\ASUS\Desktop\机器学习\v2.7.0\_work\evidence\figures\FIG-P547-01\STRICT_R5_REQUAL_R96_SA1_CONT_20260824\glyphs\rois_1x\C0136_U002E_original_1x.png,D:\Users\ASUS\Desktop\机器学习\v2.7.0\_work\evidence\figures\FIG-P547-01\STRICT_R5_REQUAL_R96_SA1_CONT_20260824\glyphs\rois_1x\C0136_U002E_target_overlay_1x.png,D:\Users\ASUS\Desktop\机器学习\v2.7.0\_work\evidence\figures\FIG-P547-01\STRICT_R5_REQUAL_R96_SA1_CONT_20260824\glyphs\rois_1x\C0136_U002E_mask_only_1x.png,D:\Users\ASUS\Desktop\机器学习\v2.7.0\_work\evidence\figures\FIG-P547-01\STRICT_R5_REQUAL_R96_SA1_CONT_20260824\glyphs\cards_8x\C0136_U002E_contact_8x_nearest.png,"exact native 300dpi pixel colour-line segmentation; duplicate kerning-boundary ownership resolved, no morphology / repair / resampling",0,1,glyph_sheet_12_8x_nearest.png,R2C2
C0137,7,U0037,24,0,1,SPAN_B24_L00_S01,TLINE_B24_L00,TBLOCK_B24,STIXTwoMath-Regular,11.7559,#1F2328,"415.523,376.014,421.343,387.770","1730,1565,1758,1617","1733,1573,1754,1605",21,32,225,DIGIT_UPPER,H_INK>=24,24.0000,NO,PASS,D:\Users\ASUS\Desktop\机器学习\v2.7.0\_work\evidence\figures\FIG-P547-01\STRICT_R5_REQUAL_R96_SA1_CONT_20260824\glyphs\rois_1x\C0137_U0037_original_1x.png,D:\Users\ASUS\Desktop\机器学习\v2.7.0\_work\evidence\figures\FIG-P547-01\STRICT_R5_REQUAL_R96_SA1_CONT_20260824\glyphs\rois_1x\C0137_U0037_target_overlay_1x.png,D:\Users\ASUS\Desktop\机器学习\v2.7.0\_work\evidence\figures\FIG-P547-01\STRICT_R5_REQUAL_R96_SA1_CONT_20260824\glyphs\rois_1x\C0137_U0037_mask_only_1x.png,D:\Users\ASUS\Desktop\机器学习\v2.7.0\_work\evidence\figures\FIG-P547-01\STRICT_R5_REQUAL_R96_SA1_CONT_20260824\glyphs\cards_8x\C0137_U0037_contact_8x_nearest.png,"exact native 300dpi pixel colour-line segmentation; duplicate kerning-boundary ownership resolved, no morphology / repair / resampling",0,1,glyph_sheet_12_8x_nearest.png,R3C1
C0138,0,U0030,24,1,0,SPAN_B24_L01_S00,TLINE_B24_L01,TBLOCK_B24,STIXTwoMath-Regular,11.7559,#1F2328,"434.685,376.014,440.505,387.770","1810,1565,1837,1617","1812,1572,1834,1605",22,33,348,DIGIT_UPPER,H_INK>=24,24.0000,NO,PASS,D:\Users\ASUS\Desktop\机器学习\v2.7.0\_work\evidence\figures\FIG-P547-01\STRICT_R5_REQUAL_R96_SA1_CONT_20260824\glyphs\rois_1x\C0138_U0030_original_1x.png,D:\Users\ASUS\Desktop\机器学习\v2.7.0\_work\evidence\figures\FIG-P547-01\STRICT_R5_REQUAL_R96_SA1_CONT_20260824\glyphs\rois_1x\C0138_U0030_target_overlay_1x.png,D:\Users\ASUS\Desktop\机器学习\v2.7.0\_work\evidence\figures\FIG-P547-01\STRICT_R5_REQUAL_R96_SA1_CONT_20260824\glyphs\rois_1x\C0138_U0030_mask_only_1x.png,D:\Users\ASUS\Desktop\机器学习\v2.7.0\_work\evidence\figures\FIG-P547-01\STRICT_R5_REQUAL_R96_SA1_CONT_20260824\glyphs\cards_8x\C0138_U0030_contact_8x_nearest.png,"exact native 300dpi pixel colour-line segmentation; duplicate kerning-boundary ownership resolved, no morphology / repair / resampling",0,1,glyph_sheet_12_8x_nearest.png,R3C2
C0139,.,U002E,24,1,0,SPAN_B24_L01_S00,TLINE_B24_L01,TBLOCK_B24,STIXTwoMath-Regular,11.7559,#1F2328,"440.505,376.014,443.385,387.770","1834,1565,1849,1617","1838,1598,1844,1605",6,7,38,LOW_PROFILE,INDEPENDENT_CALIBRATION,CALIBRATION,YES,PASS,D:\Users\ASUS\Desktop\机器学习\v2.7.0\_work\evidence\figures\FIG-P547-01\STRICT_R5_REQUAL_R96_SA1_CONT_20260824\glyphs\rois_1x\C0139_U002E_original_1x.png,D:\Users\ASUS\Desktop\机器学习\v2.7.0\_work\evidence\figures\FIG-P547-01\STRICT_R5_REQUAL_R96_SA1_CONT_20260824\glyphs\rois_1x\C0139_U002E_target_overlay_1x.png,D:\Users\ASUS\Desktop\机器学习\v2.7.0\_work\evidence\figures\FIG-P547-01\STRICT_R5_REQUAL_R96_SA1_CONT_20260824\glyphs\rois_1x\C0139_U002E_mask_only_1x.png,D:\Users\ASUS\Desktop\机器学习\v2.7.0\_work\evidence\figures\FIG-P547-01\STRICT_R5_REQUAL_R96_SA1_CONT_20260824\glyphs\cards_8x\C0139_U002E_contact_8x_nearest.png,"exact native 300dpi pixel colour-line segmentation; duplicate kerning-boundary ownership resolved, no morphology / repair / resampling",0,1,glyph_sheet_12_8x_nearest.png,R4C1
C0140,2,U0032,24,1,0,SPAN_B24_L01_S00,TLINE_B24_L01,TBLOCK_B24,STIXTwoMath-Regular,11.7559,#1F2328,"443.385,376.014,449.204,387.770","1846,1565,1874,1617","1848,1572,1870,1604",22,32,273,DIGIT_UPPER,H_INK>=24,24.0000,NO,PASS,D:\Users\ASUS\Desktop\机器学习\v2.7.0\_work\evidence\figures\FIG-P547-01\STRICT_R5_REQUAL_R96_SA1_CONT_20260824\glyphs\rois_1x\C0140_U0032_original_1x.png,D:\Users\ASUS\Desktop\机器学习\v2.7.0\_work\evidence\figures\FIG-P547-01\STRICT_R5_REQUAL_R96_SA1_CONT_20260824\glyphs\rois_1x\C0140_U0032_target_overlay_1x.png,D:\Users\ASUS\Desktop\机器学习\v2.7.0\_work\evidence\figures\FIG-P547-01\STRICT_R5_REQUAL_R96_SA1_CONT_20260824\glyphs\rois_1x\C0140_U0032_mask_only_1x.png,D:\Users\ASUS\Desktop\机器学习\v2.7.0\_work\evidence\figures\FIG-P547-01\STRICT_R5_REQUAL_R96_SA1_CONT_20260824\glyphs\cards_8x\C0140_U0032_contact_8x_nearest.png,"exact native 300dpi pixel colour-line segmentation; duplicate kerning-boundary ownership resolved, no morphology / repair / resampling",273,1,glyph_sheet_12_8x_nearest.png,R4C2
C0141,0,U0030,24,2,0,SPAN_B24_L02_S00,TLINE_B24_L02,TBLOCK_B24,STIXTwoText-Bold,11.7559,#B7791F,"406.824,391.143,412.643,402.899","1694,1628,1721,1680","1696,1635,1718,1668",22,33,469,DIGIT_UPPER,H_INK>=24,24.0000,NO,PASS,D:\Users\ASUS\Desktop\机器学习\v2.7.0\_work\evidence\figures\FIG-P547-01\STRICT_R5_REQUAL_R96_SA1_CONT_20260824\glyphs\rois_1x\C0141_U0030_original_1x.png,D:\Users\ASUS\Desktop\机器学习\v2.7.0\_work\evidence\figures\FIG-P547-01\STRICT_R5_REQUAL_R96_SA1_CONT_20260824\glyphs\rois_1x\C0141_U0030_target_overlay_1x.png,D:\Users\ASUS\Desktop\机器学习\v2.7.0\_work\evidence\figures\FIG-P547-01\STRICT_R5_REQUAL_R96_SA1_CONT_20260824\glyphs\rois_1x\C0141_U0030_mask_only_1x.png,D:\Users\ASUS\Desktop\机器学习\v2.7.0\_work\evidence\figures\FIG-P547-01\STRICT_R5_REQUAL_R96_SA1_CONT_20260824\glyphs\cards_8x\C0141_U0030_contact_8x_nearest.png,"exact native 300dpi pixel colour-line segmentation; duplicate kerning-boundary ownership resolved, no morphology / repair / resampling",0,1,glyph_sheet_12_8x_nearest.png,R5C1
C0142,.,U002E,24,2,1,SPAN_B24_L02_S01,TLINE_B24_L02,TBLOCK_B24,STIXTwoMath-Regular,11.7559,#B7791F,"412.643,391.143,415.523,402.899","1718,1628,1733,1680","1722,1661,1728,1668",6,7,37,LOW_PROFILE,INDEPENDENT_CALIBRATION,CALIBRATION,YES,PASS,D:\Users\ASUS\Desktop\机器学习\v2.7.0\_work\evidence\figures\FIG-P547-01\STRICT_R5_REQUAL_R96_SA1_CONT_20260824\glyphs\rois_1x\C0142_U002E_original_1x.png,D:\Users\ASUS\Desktop\机器学习\v2.7.0\_work\evidence\figures\FIG-P547-01\STRICT_R5_REQUAL_R96_SA1_CONT_20260824\glyphs\rois_1x\C0142_U002E_target_overlay_1x.png,D:\Users\ASUS\Desktop\机器学习\v2.7.0\_work\evidence\figures\FIG-P547-01\STRICT_R5_REQUAL_R96_SA1_CONT_20260824\glyphs\rois_1x\C0142_U002E_mask_only_1x.png,D:\Users\ASUS\Desktop\机器学习\v2.7.0\_work\evidence\figures\FIG-P547-01\STRICT_R5_REQUAL_R96_SA1_CONT_20260824\glyphs\cards_8x\C0142_U002E_contact_8x_nearest.png,"exact native 300dpi pixel colour-line segmentation; duplicate kerning-boundary ownership resolved, no morphology / repair / resampling",0,1,glyph_sheet_12_8x_nearest.png,R5C2
C0143,3,U0033,24,2,2,SPAN_B24_L02_S02,TLINE_B24_L02,TBLOCK_B24,STIXTwoText-Bold,11.7559,#B7791F,"415.523,391.143,421.342,402.899","1730,1628,1758,1680","1732,1635,1754,1668",22,33,364,DIGIT_UPPER,H_INK>=24,24.0000,NO,PASS,D:\Users\ASUS\Desktop\机器学习\v2.7.0\_work\evidence\figures\FIG-P547-01\STRICT_R5_REQUAL_R96_SA1_CONT_20260824\glyphs\rois_1x\C0143_U0033_original_1x.png,D:\Users\ASUS\Desktop\机器学习\v2.7.0\_work\evidence\figures\FIG-P547-01\STRICT_R5_REQUAL_R96_SA1_CONT_20260824\glyphs\rois_1x\C0143_U0033_target_overlay_1x.png,D:\Users\ASUS\Desktop\机器学习\v2.7.0\_work\evidence\figures\FIG-P547-01\STRICT_R5_REQUAL_R96_SA1_CONT_20260824\glyphs\rois_1x\C0143_U0033_mask_only_1x.png,D:\Users\ASUS\Desktop\机器学习\v2.7.0\_work\evidence\figures\FIG-P547-01\STRICT_R5_REQUAL_R96_SA1_CONT_20260824\glyphs\cards_8x\C0143_U0033_contact_8x_nearest.png,"exact native 300dpi pixel colour-line segmentation; duplicate kerning-boundary ownership resolved, no morphology / repair / resampling",364,1,glyph_sheet_12_8x_nearest.png,R6C1
C0144,0,U0030,24,3,0,SPAN_B24_L03_S00,TLINE_B24_L03,TBLOCK_B24,STIXTwoMath-Regular,11.7559,#1F2328,"434.692,391.143,440.511,402.899","1810,1628,1837,1680","1812,1635,1834,1668",22,33,348,DIGIT_UPPER,H_INK>=24,24.0000,NO,PASS,D:\Users\ASUS\Desktop\机器学习\v2.7.0\_work\evidence\figures\FIG-P547-01\STRICT_R5_REQUAL_R96_SA1_CONT_20260824\glyphs\rois_1x\C0144_U0030_original_1x.png,D:\Users\ASUS\Desktop\机器学习\v2.7.0\_work\evidence\figures\FIG-P547-01\STRICT_R5_REQUAL_R96_SA1_CONT_20260824\glyphs\rois_1x\C0144_U0030_target_overlay_1x.png,D:\Users\ASUS\Desktop\机器学习\v2.7.0\_work\evidence\figures\FIG-P547-01\STRICT_R5_REQUAL_R96_SA1_CONT_20260824\glyphs\rois_1x\C0144_U0030_mask_only_1x.png,D:\Users\ASUS\Desktop\机器学习\v2.7.0\_work\evidence\figures\FIG-P547-01\STRICT_R5_REQUAL_R96_SA1_CONT_20260824\glyphs\cards_8x\C0144_U0030_contact_8x_nearest.png,"exact native 300dpi pixel colour-line segmentation; duplicate kerning-boundary ownership resolved, no morphology / repair / resampling",0,1,glyph_sheet_12_8x_nearest.png,R6C2
C0145,.,U002E,24,3,0,SPAN_B24_L03_S00,TLINE_B24_L03,TBLOCK_B24,STIXTwoMath-Regular,11.7559,#1F2328,"440.511,391.143,443.391,402.899","1834,1628,1849,1680","1838,1661,1844,1668",6,7,38,LOW_PROFILE,INDEPENDENT_CALIBRATION,CALIBRATION,YES,PASS,D:\Users\ASUS\Desktop\机器学习\v2.7.0\_work\evidence\figures\FIG-P547-01\STRICT_R5_REQUAL_R96_SA1_CONT_20260824\glyphs\rois_1x\C0145_U002E_original_1x.png,D:\Users\ASUS\Desktop\机器学习\v2.7.0\_work\evidence\figures\FIG-P547-01\STRICT_R5_REQUAL_R96_SA1_CONT_20260824\glyphs\rois_1x\C0145_U002E_target_overlay_1x.png,D:\Users\ASUS\Desktop\机器学习\v2.7.0\_work\evidence\figures\FIG-P547-01\STRICT_R5_REQUAL_R96_SA1_CONT_20260824\glyphs\rois_1x\C0145_U002E_mask_only_1x.png,D:\Users\ASUS\Desktop\机器学习\v2.7.0\_work\evidence\figures\FIG-P547-01\STRICT_R5_REQUAL_R96_SA1_CONT_20260824\glyphs\cards_8x\C0145_U002E_contact_8x_nearest.png,"exact native 300dpi pixel colour-line segmentation; duplicate kerning-boundary ownership resolved, no morphology / repair / resampling",0,1,glyph_sheet_13_8x_nearest.png,R1C1
C0146,8,U0038,24,3,0,SPAN_B24_L03_S00,TLINE_B24_L03,TBLOCK_B24,STIXTwoMath-Regular,11.7559,#1F2328,"443.391,391.143,449.211,402.899","1846,1628,1874,1680","1849,1635,1869,1668",20,33,352,DIGIT_UPPER,H_INK>=24,24.0000,NO,PASS,D:\Users\ASUS\Desktop\机器学习\v2.7.0\_work\evidence\figures\FIG-P547-01\STRICT_R5_REQUAL_R96_SA1_CONT_20260824\glyphs\rois_1x\C0146_U0038_original_1x.png,D:\Users\ASUS\Desktop\机器学习\v2.7.0\_work\evidence\figures\FIG-P547-01\STRICT_R5_REQUAL_R96_SA1_CONT_20260824\glyphs\rois_1x\C0146_U0038_target_overlay_1x.png,D:\Users\ASUS\Desktop\机器学习\v2.7.0\_work\evidence\figures\FIG-P547-01\STRICT_R5_REQUAL_R96_SA1_CONT_20260824\glyphs\rois_1x\C0146_U0038_mask_only_1x.png,D:\Users\ASUS\Desktop\机器学习\v2.7.0\_work\evidence\figures\FIG-P547-01\STRICT_R5_REQUAL_R96_SA1_CONT_20260824\glyphs\cards_8x\C0146_U0038_contact_8x_nearest.png,"exact native 300dpi pixel colour-line segmentation; duplicate kerning-boundary ownership resolved, no morphology / repair / resampling",0,1,glyph_sheet_13_8x_nearest.png,R1C2
C0147,],U005D,24,3,1,SPAN_B24_L03_S01,TLINE_B24_L03,TBLOCK_B24,STIXTwoMath-Regular,11.7559,#1F2328,"449.211,384.037,454.724,395.793","1871,1599,1897,1651","1883,1599,1889,1651",6,52,312,LOW_PROFILE,INDEPENDENT_CALIBRATION,CALIBRATION,YES,PASS,D:\Users\ASUS\Desktop\机器学习\v2.7.0\_work\evidence\figures\FIG-P547-01\STRICT_R5_REQUAL_R96_SA1_CONT_20260824\glyphs\rois_1x\C0147_U005D_original_1x.png,D:\Users\ASUS\Desktop\机器学习\v2.7.0\_work\evidence\figures\FIG-P547-01\STRICT_R5_REQUAL_R96_SA1_CONT_20260824\glyphs\rois_1x\C0147_U005D_target_overlay_1x.png,D:\Users\ASUS\Desktop\机器学习\v2.7.0\_work\evidence\figures\FIG-P547-01\STRICT_R5_REQUAL_R96_SA1_CONT_20260824\glyphs\rois_1x\C0147_U005D_mask_only_1x.png,D:\Users\ASUS\Desktop\机器学习\v2.7.0\_work\evidence\figures\FIG-P547-01\STRICT_R5_REQUAL_R96_SA1_CONT_20260824\glyphs\cards_8x\C0147_U005D_contact_8x_nearest.png,"exact native 300dpi pixel colour-line segmentation; duplicate kerning-boundary ownership resolved, no morphology / repair / resampling",0,1,glyph_sheet_13_8x_nearest.png,R2C1
C0148,每,U6BCF,25,0,0,SPAN_B25_L00_S00,TLINE_B25_L00,TBLOCK_B25,NotoSerifSC-ExtraLight,9.7634,#1F2328,"354.040,410.070,363.803,420.527","1474,1707,1518,1754","1477,1707,1514,1744",37,37,470,CJK_FULL,H_INK>=30,30.0000,NO,PASS,D:\Users\ASUS\Desktop\机器学习\v2.7.0\_work\evidence\figures\FIG-P547-01\STRICT_R5_REQUAL_R96_SA1_CONT_20260824\glyphs\rois_1x\C0148_U6BCF_original_1x.png,D:\Users\ASUS\Desktop\机器学习\v2.7.0\_work\evidence\figures\FIG-P547-01\STRICT_R5_REQUAL_R96_SA1_CONT_20260824\glyphs\rois_1x\C0148_U6BCF_target_overlay_1x.png,D:\Users\ASUS\Desktop\机器学习\v2.7.0\_work\evidence\figures\FIG-P547-01\STRICT_R5_REQUAL_R96_SA1_CONT_20260824\glyphs\rois_1x\C0148_U6BCF_mask_only_1x.png,D:\Users\ASUS\Desktop\机器学习\v2.7.0\_work\evidence\figures\FIG-P547-01\STRICT_R5_REQUAL_R96_SA1_CONT_20260824\glyphs\cards_8x\C0148_U6BCF_contact_8x_nearest.png,"exact native 300dpi pixel colour-line segmentation; duplicate kerning-boundary ownership resolved, no morphology / repair / resampling",0,1,glyph_sheet_13_8x_nearest.png,R2C2
C0149,列,U5217,25,0,0,SPAN_B25_L00_S00,TLINE_B25_L00,TBLOCK_B25,NotoSerifSC-ExtraLight,9.7634,#1F2328,"363.803,410.070,373.567,420.527","1515,1707,1558,1754","1516,1708,1553,1744",37,36,435,CJK_FULL,H_INK>=30,30.0000,NO,PASS,D:\Users\ASUS\Desktop\机器学习\v2.7.0\_work\evidence\figures\FIG-P547-01\STRICT_R5_REQUAL_R96_SA1_CONT_20260824\glyphs\rois_1x\C0149_U5217_original_1x.png,D:\Users\ASUS\Desktop\机器学习\v2.7.0\_work\evidence\figures\FIG-P547-01\STRICT_R5_REQUAL_R96_SA1_CONT_20260824\glyphs\rois_1x\C0149_U5217_target_overlay_1x.png,D:\Users\ASUS\Desktop\机器学习\v2.7.0\_work\evidence\figures\FIG-P547-01\STRICT_R5_REQUAL_R96_SA1_CONT_20260824\glyphs\rois_1x\C0149_U5217_mask_only_1x.png,D:\Users\ASUS\Desktop\机器学习\v2.7.0\_work\evidence\figures\FIG-P547-01\STRICT_R5_REQUAL_R96_SA1_CONT_20260824\glyphs\cards_8x\C0149_U5217_contact_8x_nearest.png,"exact native 300dpi pixel colour-line segmentation; duplicate kerning-boundary ownership resolved, no morphology / repair / resampling",235,3,glyph_sheet_13_8x_nearest.png,R3C1
C0150,和,U548C,25,0,0,SPAN_B25_L00_S00,TLINE_B25_L00,TBLOCK_B25,NotoSerifSC-ExtraLight,9.7634,#1F2328,"373.567,410.070,383.330,420.527","1555,1707,1599,1754","1557,1707,1594,1744",37,37,422,CJK_FULL,H_INK>=30,30.0000,NO,PASS,D:\Users\ASUS\Desktop\机器学习\v2.7.0\_work\evidence\figures\FIG-P547-01\STRICT_R5_REQUAL_R96_SA1_CONT_20260824\glyphs\rois_1x\C0150_U548C_original_1x.png,D:\Users\ASUS\Desktop\机器学习\v2.7.0\_work\evidence\figures\FIG-P547-01\STRICT_R5_REQUAL_R96_SA1_CONT_20260824\glyphs\rois_1x\C0150_U548C_target_overlay_1x.png,D:\Users\ASUS\Desktop\机器学习\v2.7.0\_work\evidence\figures\FIG-P547-01\STRICT_R5_REQUAL_R96_SA1_CONT_20260824\glyphs\rois_1x\C0150_U548C_mask_only_1x.png,D:\Users\ASUS\Desktop\机器学习\v2.7.0\_work\evidence\figures\FIG-P547-01\STRICT_R5_REQUAL_R96_SA1_CONT_20260824\glyphs\cards_8x\C0150_U548C_contact_8x_nearest.png,"exact native 300dpi pixel colour-line segmentation; duplicate kerning-boundary ownership resolved, no morphology / repair / resampling",422,1,glyph_sheet_13_8x_nearest.png,R3C2
C0151,为,U4E3A,25,0,0,SPAN_B25_L00_S00,TLINE_B25_L00,TBLOCK_B25,NotoSerifSC-ExtraLight,9.7634,#1F2328,"383.330,410.070,393.094,420.527","1596,1707,1640,1754","1599,1707,1636,1744",37,37,333,CJK_FULL,H_INK>=30,30.0000,NO,PASS,D:\Users\ASUS\Desktop\机器学习\v2.7.0\_work\evidence\figures\FIG-P547-01\STRICT_R5_REQUAL_R96_SA1_CONT_20260824\glyphs\rois_1x\C0151_U4E3A_original_1x.png,D:\Users\ASUS\Desktop\机器学习\v2.7.0\_work\evidence\figures\FIG-P547-01\STRICT_R5_REQUAL_R96_SA1_CONT_20260824\glyphs\rois_1x\C0151_U4E3A_target_overlay_1x.png,D:\Users\ASUS\Desktop\机器学习\v2.7.0\_work\evidence\figures\FIG-P547-01\STRICT_R5_REQUAL_R96_SA1_CONT_20260824\glyphs\rois_1x\C0151_U4E3A_mask_only_1x.png,D:\Users\ASUS\Desktop\机器学习\v2.7.0\_work\evidence\figures\FIG-P547-01\STRICT_R5_REQUAL_R96_SA1_CONT_20260824\glyphs\cards_8x\C0151_U4E3A_contact_8x_nearest.png,"exact native 300dpi pixel colour-line segmentation; duplicate kerning-boundary ownership resolved, no morphology / repair / resampling",0,3,glyph_sheet_13_8x_nearest.png,R4C1
C0152,1,U0031,25,0,1,SPAN_B25_L00_S01,TLINE_B25_L00,TBLOCK_B25,STIXTwoMath-Regular,9.7634,#1F2328,"395.388,410.441,400.221,420.205","1646,1709,1670,1752","1650,1715,1665,1741",15,26,164,DIGIT_UPPER,H_INK>=24,24.0000,NO,PASS,D:\Users\ASUS\Desktop\机器学习\v2.7.0\_work\evidence\figures\FIG-P547-01\STRICT_R5_REQUAL_R96_SA1_CONT_20260824\glyphs\rois_1x\C0152_U0031_original_1x.png,D:\Users\ASUS\Desktop\机器学习\v2.7.0\_work\evidence\figures\FIG-P547-01\STRICT_R5_REQUAL_R96_SA1_CONT_20260824\glyphs\rois_1x\C0152_U0031_target_overlay_1x.png,D:\Users\ASUS\Desktop\机器学习\v2.7.0\_work\evidence\figures\FIG-P547-01\STRICT_R5_REQUAL_R96_SA1_CONT_20260824\glyphs\rois_1x\C0152_U0031_mask_only_1x.png,D:\Users\ASUS\Desktop\机器学习\v2.7.0\_work\evidence\figures\FIG-P547-01\STRICT_R5_REQUAL_R96_SA1_CONT_20260824\glyphs\cards_8x\C0152_U0031_contact_8x_nearest.png,"exact native 300dpi pixel colour-line segmentation; duplicate kerning-boundary ownership resolved, no morphology / repair / resampling",0,1,glyph_sheet_13_8x_nearest.png,R4C2
C0153,；,UFF1B,25,0,2,SPAN_B25_L00_S02,TLINE_B25_L00,TBLOCK_B25,NotoSerifSC-ExtraLight,9.7634,#1F2328,"400.221,410.070,409.984,420.527","1667,1707,1710,1754","1672,1718,1708,1751",36,33,60,LOW_PROFILE,INDEPENDENT_CALIBRATION,CALIBRATION,YES,FAIL,D:\Users\ASUS\Desktop\机器学习\v2.7.0\_work\evidence\figures\FIG-P547-01\STRICT_R5_REQUAL_R96_SA1_CONT_20260824\glyphs\rois_1x\C0153_UFF1B_original_1x.png,D:\Users\ASUS\Desktop\机器学习\v2.7.0\_work\evidence\figures\FIG-P547-01\STRICT_R5_REQUAL_R96_SA1_CONT_20260824\glyphs\rois_1x\C0153_UFF1B_target_overlay_1x.png,D:\Users\ASUS\Desktop\机器学习\v2.7.0\_work\evidence\figures\FIG-P547-01\STRICT_R5_REQUAL_R96_SA1_CONT_20260824\glyphs\rois_1x\C0153_UFF1B_mask_only_1x.png,D:\Users\ASUS\Desktop\机器学习\v2.7.0\_work\evidence\figures\FIG-P547-01\STRICT_R5_REQUAL_R96_SA1_CONT_20260824\glyphs\cards_8x\C0153_UFF1B_contact_8x_nearest.png,"exact native 300dpi pixel colour-line segmentation; duplicate kerning-boundary ownership resolved, no morphology / repair / resampling",411,3,glyph_sheet_13_8x_nearest.png,R5C1
C0154,𝑝,U1D45D,25,0,3,SPAN_B25_L00_S03,TLINE_B25_L00,TBLOCK_B25,XITSMath-Bold,11.5567,#1F2328,"409.984,409.214,416.583,420.770","1707,1704,1738,1755","1708,1718,1735,1751",27,33,408,BASE_MATH,H_INK>=22,22.0000,NO,PASS,D:\Users\ASUS\Desktop\机器学习\v2.7.0\_work\evidence\figures\FIG-P547-01\STRICT_R5_REQUAL_R96_SA1_CONT_20260824\glyphs\rois_1x\C0154_U1D45D_original_1x.png,D:\Users\ASUS\Desktop\机器学习\v2.7.0\_work\evidence\figures\FIG-P547-01\STRICT_R5_REQUAL_R96_SA1_CONT_20260824\glyphs\rois_1x\C0154_U1D45D_target_overlay_1x.png,D:\Users\ASUS\Desktop\机器学习\v2.7.0\_work\evidence\figures\FIG-P547-01\STRICT_R5_REQUAL_R96_SA1_CONT_20260824\glyphs\rois_1x\C0154_U1D45D_mask_only_1x.png,D:\Users\ASUS\Desktop\机器学习\v2.7.0\_work\evidence\figures\FIG-P547-01\STRICT_R5_REQUAL_R96_SA1_CONT_20260824\glyphs\cards_8x\C0154_U1D45D_contact_8x_nearest.png,"exact native 300dpi pixel colour-line segmentation; duplicate kerning-boundary ownership resolved, no morphology / repair / resampling",411,1,glyph_sheet_13_8x_nearest.png,R5C2
C0155,(,U0028,25,0,4,SPAN_B25_L00_S04,TLINE_B25_L00,TBLOCK_B25,STIXTwoMath-Regular,8.0896,#1F2328,"416.583,407.556,419.956,415.645","1735,1697,1752,1733","1737,1697,1748,1730",11,33,130,LOW_PROFILE,INDEPENDENT_CALIBRATION,CALIBRATION,YES,PASS,D:\Users\ASUS\Desktop\机器学习\v2.7.0\_work\evidence\figures\FIG-P547-01\STRICT_R5_REQUAL_R96_SA1_CONT_20260824\glyphs\rois_1x\C0155_U0028_original_1x.png,D:\Users\ASUS\Desktop\机器学习\v2.7.0\_work\evidence\figures\FIG-P547-01\STRICT_R5_REQUAL_R96_SA1_CONT_20260824\glyphs\rois_1x\C0155_U0028_target_overlay_1x.png,D:\Users\ASUS\Desktop\机器学习\v2.7.0\_work\evidence\figures\FIG-P547-01\STRICT_R5_REQUAL_R96_SA1_CONT_20260824\glyphs\rois_1x\C0155_U0028_mask_only_1x.png,D:\Users\ASUS\Desktop\机器学习\v2.7.0\_work\evidence\figures\FIG-P547-01\STRICT_R5_REQUAL_R96_SA1_CONT_20260824\glyphs\cards_8x\C0155_U0028_contact_8x_nearest.png,"exact native 300dpi pixel colour-line segmentation; duplicate kerning-boundary ownership resolved, no morphology / repair / resampling",130,1,glyph_sheet_13_8x_nearest.png,R6C1
C0156,𝑡,U1D461,25,0,4,SPAN_B25_L00_S04,TLINE_B25_L00,TBLOCK_B25,STIXTwoMath-Regular,8.0896,#1F2328,"419.956,407.556,423.249,415.645","1749,1697,1766,1733","1751,1701,1761,1724",10,23,112,NATURAL_SCRIPT,H_INK>=15,15.0000,NO,PASS,D:\Users\ASUS\Desktop\机器学习\v2.7.0\_work\evidence\figures\FIG-P547-01\STRICT_R5_REQUAL_R96_SA1_CONT_20260824\glyphs\rois_1x\C0156_U1D461_original_1x.png,D:\Users\ASUS\Desktop\机器学习\v2.7.0\_work\evidence\figures\FIG-P547-01\STRICT_R5_REQUAL_R96_SA1_CONT_20260824\glyphs\rois_1x\C0156_U1D461_target_overlay_1x.png,D:\Users\ASUS\Desktop\机器学习\v2.7.0\_work\evidence\figures\FIG-P547-01\STRICT_R5_REQUAL_R96_SA1_CONT_20260824\glyphs\rois_1x\C0156_U1D461_mask_only_1x.png,D:\Users\ASUS\Desktop\机器学习\v2.7.0\_work\evidence\figures\FIG-P547-01\STRICT_R5_REQUAL_R96_SA1_CONT_20260824\glyphs\cards_8x\C0156_U1D461_contact_8x_nearest.png,"exact native 300dpi pixel colour-line segmentation; duplicate kerning-boundary ownership resolved, no morphology / repair / resampling",112,1,glyph_sheet_13_8x_nearest.png,R6C2
C0157,+,U002B,25,0,4,SPAN_B25_L00_S04,TLINE_B25_L00,TBLOCK_B25,STIXTwoMath-Regular,8.0896,#1F2328,"423.370,407.556,429.615,415.645","1763,1697,1792,1733","1766,1703,1788,1725",22,22,160,NATURAL_SCRIPT,H_INK>=15,15.0000,NO,PASS,D:\Users\ASUS\Desktop\机器学习\v2.7.0\_work\evidence\figures\FIG-P547-01\STRICT_R5_REQUAL_R96_SA1_CONT_20260824\glyphs\rois_1x\C0157_U002B_original_1x.png,D:\Users\ASUS\Desktop\机器学习\v2.7.0\_work\evidence\figures\FIG-P547-01\STRICT_R5_REQUAL_R96_SA1_CONT_20260824\glyphs\rois_1x\C0157_U002B_target_overlay_1x.png,D:\Users\ASUS\Desktop\机器学习\v2.7.0\_work\evidence\figures\FIG-P547-01\STRICT_R5_REQUAL_R96_SA1_CONT_20260824\glyphs\rois_1x\C0157_U002B_mask_only_1x.png,D:\Users\ASUS\Desktop\机器学习\v2.7.0\_work\evidence\figures\FIG-P547-01\STRICT_R5_REQUAL_R96_SA1_CONT_20260824\glyphs\cards_8x\C0157_U002B_contact_8x_nearest.png,"exact native 300dpi pixel colour-line segmentation; duplicate kerning-boundary ownership resolved, no morphology / repair / resampling",0,1,glyph_sheet_14_8x_nearest.png,R1C1
C0158,1,U0031,25,0,4,SPAN_B25_L00_S04,TLINE_B25_L00,TBLOCK_B25,STIXTwoMath-Regular,8.0896,#1F2328,"429.615,407.556,433.733,415.645","1789,1697,1809,1733","1792,1700,1805,1723",13,23,122,NATURAL_SCRIPT,H_INK>=15,15.0000,NO,PASS,D:\Users\ASUS\Desktop\机器学习\v2.7.0\_work\evidence\figures\FIG-P547-01\STRICT_R5_REQUAL_R96_SA1_CONT_20260824\glyphs\rois_1x\C0158_U0031_original_1x.png,D:\Users\ASUS\Desktop\机器学习\v2.7.0\_work\evidence\figures\FIG-P547-01\STRICT_R5_REQUAL_R96_SA1_CONT_20260824\glyphs\rois_1x\C0158_U0031_target_overlay_1x.png,D:\Users\ASUS\Desktop\机器学习\v2.7.0\_work\evidence\figures\FIG-P547-01\STRICT_R5_REQUAL_R96_SA1_CONT_20260824\glyphs\rois_1x\C0158_U0031_mask_only_1x.png,D:\Users\ASUS\Desktop\机器学习\v2.7.0\_work\evidence\figures\FIG-P547-01\STRICT_R5_REQUAL_R96_SA1_CONT_20260824\glyphs\cards_8x\C0158_U0031_contact_8x_nearest.png,"exact native 300dpi pixel colour-line segmentation; duplicate kerning-boundary ownership resolved, no morphology / repair / resampling",0,1,glyph_sheet_14_8x_nearest.png,R1C2
C0159,),U0029,25,0,4,SPAN_B25_L00_S04,TLINE_B25_L00,TBLOCK_B25,STIXTwoMath-Regular,8.0896,#1F2328,"433.733,407.556,437.106,415.645","1806,1697,1823,1733","1808,1697,1819,1730",11,33,132,LOW_PROFILE,INDEPENDENT_CALIBRATION,CALIBRATION,YES,PASS,D:\Users\ASUS\Desktop\机器学习\v2.7.0\_work\evidence\figures\FIG-P547-01\STRICT_R5_REQUAL_R96_SA1_CONT_20260824\glyphs\rois_1x\C0159_U0029_original_1x.png,D:\Users\ASUS\Desktop\机器学习\v2.7.0\_work\evidence\figures\FIG-P547-01\STRICT_R5_REQUAL_R96_SA1_CONT_20260824\glyphs\rois_1x\C0159_U0029_target_overlay_1x.png,D:\Users\ASUS\Desktop\机器学习\v2.7.0\_work\evidence\figures\FIG-P547-01\STRICT_R5_REQUAL_R96_SA1_CONT_20260824\glyphs\rois_1x\C0159_U0029_mask_only_1x.png,D:\Users\ASUS\Desktop\机器学习\v2.7.0\_work\evidence\figures\FIG-P547-01\STRICT_R5_REQUAL_R96_SA1_CONT_20260824\glyphs\cards_8x\C0159_U0029_contact_8x_nearest.png,"exact native 300dpi pixel colour-line segmentation; duplicate kerning-boundary ownership resolved, no morphology / repair / resampling",132,1,glyph_sheet_14_8x_nearest.png,R2C1
C0160,=,U003D,25,0,6,SPAN_B25_L00_S06,TLINE_B25_L00,TBLOCK_B25,STIXTwoMath-Regular,11.5567,#1F2328,"440.779,409.075,449.100,420.632","1836,1703,1873,1754","1839,1722,1868,1736",29,14,261,BASE_MATH_OPERATOR,H_INK>=22,22.0000,NO,FAIL,D:\Users\ASUS\Desktop\机器学习\v2.7.0\_work\evidence\figures\FIG-P547-01\STRICT_R5_REQUAL_R96_SA1_CONT_20260824\glyphs\rois_1x\C0160_U003D_original_1x.png,D:\Users\ASUS\Desktop\机器学习\v2.7.0\_work\evidence\figures\FIG-P547-01\STRICT_R5_REQUAL_R96_SA1_CONT_20260824\glyphs\rois_1x\C0160_U003D_target_overlay_1x.png,D:\Users\ASUS\Desktop\机器学习\v2.7.0\_work\evidence\figures\FIG-P547-01\STRICT_R5_REQUAL_R96_SA1_CONT_20260824\glyphs\rois_1x\C0160_U003D_mask_only_1x.png,D:\Users\ASUS\Desktop\机器学习\v2.7.0\_work\evidence\figures\FIG-P547-01\STRICT_R5_REQUAL_R96_SA1_CONT_20260824\glyphs\cards_8x\C0160_U003D_contact_8x_nearest.png,"exact native 300dpi pixel colour-line segmentation; duplicate kerning-boundary ownership resolved, no morphology / repair / resampling",0,2,glyph_sheet_14_8x_nearest.png,R2C2
C0161,𝑃,U1D443,25,0,6,SPAN_B25_L00_S06,TLINE_B25_L00,TBLOCK_B25,STIXTwoMath-Regular,11.5567,#1F2328,"452.301,409.075,458.877,420.632","1884,1703,1914,1754","1884,1709,1913,1751",29,42,334,BASE_MATH,H_INK>=22,22.0000,NO,PASS,D:\Users\ASUS\Desktop\机器学习\v2.7.0\_work\evidence\figures\FIG-P547-01\STRICT_R5_REQUAL_R96_SA1_CONT_20260824\glyphs\rois_1x\C0161_U1D443_original_1x.png,D:\Users\ASUS\Desktop\机器学习\v2.7.0\_work\evidence\figures\FIG-P547-01\STRICT_R5_REQUAL_R96_SA1_CONT_20260824\glyphs\rois_1x\C0161_U1D443_target_overlay_1x.png,D:\Users\ASUS\Desktop\机器学习\v2.7.0\_work\evidence\figures\FIG-P547-01\STRICT_R5_REQUAL_R96_SA1_CONT_20260824\glyphs\rois_1x\C0161_U1D443_mask_only_1x.png,D:\Users\ASUS\Desktop\机器学习\v2.7.0\_work\evidence\figures\FIG-P547-01\STRICT_R5_REQUAL_R96_SA1_CONT_20260824\glyphs\cards_8x\C0161_U1D443_contact_8x_nearest.png,"exact native 300dpi pixel colour-line segmentation; duplicate kerning-boundary ownership resolved, no morphology / repair / resampling",411,2,glyph_sheet_14_8x_nearest.png,R3C1
C0162,𝑝,U1D45D,25,0,7,SPAN_B25_L00_S07,TLINE_B25_L00,TBLOCK_B25,XITSMath-Bold,11.5567,#1F2328,"459.290,409.214,465.889,420.770","1913,1704,1943,1755","1913,1718,1940,1751",27,33,408,BASE_MATH,H_INK>=22,22.0000,NO,PASS,D:\Users\ASUS\Desktop\机器学习\v2.7.0\_work\evidence\figures\FIG-P547-01\STRICT_R5_REQUAL_R96_SA1_CONT_20260824\glyphs\rois_1x\C0162_U1D45D_original_1x.png,D:\Users\ASUS\Desktop\机器学习\v2.7.0\_work\evidence\figures\FIG-P547-01\STRICT_R5_REQUAL_R96_SA1_CONT_20260824\glyphs\rois_1x\C0162_U1D45D_target_overlay_1x.png,D:\Users\ASUS\Desktop\机器学习\v2.7.0\_work\evidence\figures\FIG-P547-01\STRICT_R5_REQUAL_R96_SA1_CONT_20260824\glyphs\rois_1x\C0162_U1D45D_mask_only_1x.png,D:\Users\ASUS\Desktop\机器学习\v2.7.0\_work\evidence\figures\FIG-P547-01\STRICT_R5_REQUAL_R96_SA1_CONT_20260824\glyphs\cards_8x\C0162_U1D45D_contact_8x_nearest.png,"exact native 300dpi pixel colour-line segmentation; duplicate kerning-boundary ownership resolved, no morphology / repair / resampling",411,1,glyph_sheet_14_8x_nearest.png,R3C2
C0163,(,U0028,25,0,8,SPAN_B25_L00_S08,TLINE_B25_L00,TBLOCK_B25,STIXTwoMath-Regular,8.0896,#1F2328,"465.889,407.556,469.262,415.645","1940,1697,1957,1733","1943,1697,1954,1730",11,33,130,LOW_PROFILE,INDEPENDENT_CALIBRATION,CALIBRATION,YES,PASS,D:\Users\ASUS\Desktop\机器学习\v2.7.0\_work\evidence\figures\FIG-P547-01\STRICT_R5_REQUAL_R96_SA1_CONT_20260824\glyphs\rois_1x\C0163_U0028_original_1x.png,D:\Users\ASUS\Desktop\机器学习\v2.7.0\_work\evidence\figures\FIG-P547-01\STRICT_R5_REQUAL_R96_SA1_CONT_20260824\glyphs\rois_1x\C0163_U0028_target_overlay_1x.png,D:\Users\ASUS\Desktop\机器学习\v2.7.0\_work\evidence\figures\FIG-P547-01\STRICT_R5_REQUAL_R96_SA1_CONT_20260824\glyphs\rois_1x\C0163_U0028_mask_only_1x.png,D:\Users\ASUS\Desktop\机器学习\v2.7.0\_work\evidence\figures\FIG-P547-01\STRICT_R5_REQUAL_R96_SA1_CONT_20260824\glyphs\cards_8x\C0163_U0028_contact_8x_nearest.png,"exact native 300dpi pixel colour-line segmentation; duplicate kerning-boundary ownership resolved, no morphology / repair / resampling",0,1,glyph_sheet_14_8x_nearest.png,R4C1
C0164,𝑡,U1D461,25,0,8,SPAN_B25_L00_S08,TLINE_B25_L00,TBLOCK_B25,STIXTwoMath-Regular,8.0896,#1F2328,"469.262,407.556,472.555,415.645","1954,1697,1971,1733","1957,1701,1967,1724",10,23,112,NATURAL_SCRIPT,H_INK>=15,15.0000,NO,PASS,D:\Users\ASUS\Desktop\机器学习\v2.7.0\_work\evidence\figures\FIG-P547-01\STRICT_R5_REQUAL_R96_SA1_CONT_20260824\glyphs\rois_1x\C0164_U1D461_original_1x.png,D:\Users\ASUS\Desktop\机器学习\v2.7.0\_work\evidence\figures\FIG-P547-01\STRICT_R5_REQUAL_R96_SA1_CONT_20260824\glyphs\rois_1x\C0164_U1D461_target_overlay_1x.png,D:\Users\ASUS\Desktop\机器学习\v2.7.0\_work\evidence\figures\FIG-P547-01\STRICT_R5_REQUAL_R96_SA1_CONT_20260824\glyphs\rois_1x\C0164_U1D461_mask_only_1x.png,D:\Users\ASUS\Desktop\机器学习\v2.7.0\_work\evidence\figures\FIG-P547-01\STRICT_R5_REQUAL_R96_SA1_CONT_20260824\glyphs\cards_8x\C0164_U1D461_contact_8x_nearest.png,"exact native 300dpi pixel colour-line segmentation; duplicate kerning-boundary ownership resolved, no morphology / repair / resampling",0,1,glyph_sheet_14_8x_nearest.png,R4C2
C0165,),U0029,25,0,8,SPAN_B25_L00_S08,TLINE_B25_L00,TBLOCK_B25,STIXTwoMath-Regular,8.0896,#1F2328,"472.676,407.556,476.050,415.645","1969,1697,1986,1733","1970,1697,1981,1730",11,33,132,LOW_PROFILE,INDEPENDENT_CALIBRATION,CALIBRATION,YES,PASS,D:\Users\ASUS\Desktop\机器学习\v2.7.0\_work\evidence\figures\FIG-P547-01\STRICT_R5_REQUAL_R96_SA1_CONT_20260824\glyphs\rois_1x\C0165_U0029_original_1x.png,D:\Users\ASUS\Desktop\机器学习\v2.7.0\_work\evidence\figures\FIG-P547-01\STRICT_R5_REQUAL_R96_SA1_CONT_20260824\glyphs\rois_1x\C0165_U0029_target_overlay_1x.png,D:\Users\ASUS\Desktop\机器学习\v2.7.0\_work\evidence\figures\FIG-P547-01\STRICT_R5_REQUAL_R96_SA1_CONT_20260824\glyphs\rois_1x\C0165_U0029_mask_only_1x.png,D:\Users\ASUS\Desktop\机器学习\v2.7.0\_work\evidence\figures\FIG-P547-01\STRICT_R5_REQUAL_R96_SA1_CONT_20260824\glyphs\cards_8x\C0165_U0029_contact_8x_nearest.png,"exact native 300dpi pixel colour-line segmentation; duplicate kerning-boundary ownership resolved, no morphology / repair / resampling",132,1,glyph_sheet_14_8x_nearest.png,R5C1
C0166,图,U56FE,26,0,0,SPAN_B26_L00_S00,TLINE_B26_L00,TBLOCK_B26,NotoSansSC-Bold,9.9626,#1F2328,"99.042,425.538,109.005,439.964","411,1772,456,1835","415,1787,451,1825",36,38,1108,CJK_FULL,H_INK>=30,30.0000,NO,PASS,D:\Users\ASUS\Desktop\机器学习\v2.7.0\_work\evidence\figures\FIG-P547-01\STRICT_R5_REQUAL_R96_SA1_CONT_20260824\glyphs\rois_1x\C0166_U56FE_original_1x.png,D:\Users\ASUS\Desktop\机器学习\v2.7.0\_work\evidence\figures\FIG-P547-01\STRICT_R5_REQUAL_R96_SA1_CONT_20260824\glyphs\rois_1x\C0166_U56FE_target_overlay_1x.png,D:\Users\ASUS\Desktop\机器学习\v2.7.0\_work\evidence\figures\FIG-P547-01\STRICT_R5_REQUAL_R96_SA1_CONT_20260824\glyphs\rois_1x\C0166_U56FE_mask_only_1x.png,D:\Users\ASUS\Desktop\机器学习\v2.7.0\_work\evidence\figures\FIG-P547-01\STRICT_R5_REQUAL_R96_SA1_CONT_20260824\glyphs\cards_8x\C0166_U56FE_contact_8x_nearest.png,"exact native 300dpi pixel colour-line segmentation; duplicate kerning-boundary ownership resolved, no morphology / repair / resampling",0,1,glyph_sheet_14_8x_nearest.png,R5C2
C0167,3,U0033,26,0,1,SPAN_B26_L00_S01,TLINE_B26_L00,TBLOCK_B26,STIXTwoText-Bold,9.9626,#1F2328,"111.346,429.503,116.278,439.466","463,1788,486,1833","464,1793,482,1822",18,29,271,DIGIT_UPPER,H_INK>=24,24.0000,NO,PASS,D:\Users\ASUS\Desktop\机器学习\v2.7.0\_work\evidence\figures\FIG-P547-01\STRICT_R5_REQUAL_R96_SA1_CONT_20260824\glyphs\rois_1x\C0167_U0033_original_1x.png,D:\Users\ASUS\Desktop\机器学习\v2.7.0\_work\evidence\figures\FIG-P547-01\STRICT_R5_REQUAL_R96_SA1_CONT_20260824\glyphs\rois_1x\C0167_U0033_target_overlay_1x.png,D:\Users\ASUS\Desktop\机器学习\v2.7.0\_work\evidence\figures\FIG-P547-01\STRICT_R5_REQUAL_R96_SA1_CONT_20260824\glyphs\rois_1x\C0167_U0033_mask_only_1x.png,D:\Users\ASUS\Desktop\机器学习\v2.7.0\_work\evidence\figures\FIG-P547-01\STRICT_R5_REQUAL_R96_SA1_CONT_20260824\glyphs\cards_8x\C0167_U0033_contact_8x_nearest.png,"exact native 300dpi pixel colour-line segmentation; duplicate kerning-boundary ownership resolved, no morphology / repair / resampling",0,1,glyph_sheet_14_8x_nearest.png,R6C1
C0168,0,U0030,26,0,1,SPAN_B26_L00_S01,TLINE_B26_L00,TBLOCK_B26,STIXTwoText-Bold,9.9626,#1F2328,"116.278,429.503,121.209,439.466","483,1788,507,1833","485,1794,504,1822",19,28,350,DIGIT_UPPER,H_INK>=24,24.0000,NO,PASS,D:\Users\ASUS\Desktop\机器学习\v2.7.0\_work\evidence\figures\FIG-P547-01\STRICT_R5_REQUAL_R96_SA1_CONT_20260824\glyphs\rois_1x\C0168_U0030_original_1x.png,D:\Users\ASUS\Desktop\机器学习\v2.7.0\_work\evidence\figures\FIG-P547-01\STRICT_R5_REQUAL_R96_SA1_CONT_20260824\glyphs\rois_1x\C0168_U0030_target_overlay_1x.png,D:\Users\ASUS\Desktop\机器学习\v2.7.0\_work\evidence\figures\FIG-P547-01\STRICT_R5_REQUAL_R96_SA1_CONT_20260824\glyphs\rois_1x\C0168_U0030_mask_only_1x.png,D:\Users\ASUS\Desktop\机器学习\v2.7.0\_work\evidence\figures\FIG-P547-01\STRICT_R5_REQUAL_R96_SA1_CONT_20260824\glyphs\cards_8x\C0168_U0030_contact_8x_nearest.png,"exact native 300dpi pixel colour-line segmentation; duplicate kerning-boundary ownership resolved, no morphology / repair / resampling",350,1,glyph_sheet_14_8x_nearest.png,R6C2
C0169,.,U002E,26,0,1,SPAN_B26_L00_S01,TLINE_B26_L00,TBLOCK_B26,STIXTwoText-Bold,9.9626,#1F2328,"121.209,429.503,123.959,439.466","504,1788,518,1833","507,1815,514,1822",7,7,43,LOW_PROFILE,INDEPENDENT_CALIBRATION,CALIBRATION,YES,PASS,D:\Users\ASUS\Desktop\机器学习\v2.7.0\_work\evidence\figures\FIG-P547-01\STRICT_R5_REQUAL_R96_SA1_CONT_20260824\glyphs\rois_1x\C0169_U002E_original_1x.png,D:\Users\ASUS\Desktop\机器学习\v2.7.0\_work\evidence\figures\FIG-P547-01\STRICT_R5_REQUAL_R96_SA1_CONT_20260824\glyphs\rois_1x\C0169_U002E_target_overlay_1x.png,D:\Users\ASUS\Desktop\机器学习\v2.7.0\_work\evidence\figures\FIG-P547-01\STRICT_R5_REQUAL_R96_SA1_CONT_20260824\glyphs\rois_1x\C0169_U002E_mask_only_1x.png,D:\Users\ASUS\Desktop\机器学习\v2.7.0\_work\evidence\figures\FIG-P547-01\STRICT_R5_REQUAL_R96_SA1_CONT_20260824\glyphs\cards_8x\C0169_U002E_contact_8x_nearest.png,"exact native 300dpi pixel colour-line segmentation; duplicate kerning-boundary ownership resolved, no morphology / repair / resampling",0,1,glyph_sheet_15_8x_nearest.png,R1C1
C0170,2,U0032,26,0,1,SPAN_B26_L00_S01,TLINE_B26_L00,TBLOCK_B26,STIXTwoText-Bold,9.9626,#1F2328,"123.959,429.503,128.890,439.466","515,1788,539,1833","517,1794,536,1821",19,27,279,DIGIT_UPPER,H_INK>=24,24.0000,NO,PASS,D:\Users\ASUS\Desktop\机器学习\v2.7.0\_work\evidence\figures\FIG-P547-01\STRICT_R5_REQUAL_R96_SA1_CONT_20260824\glyphs\rois_1x\C0170_U0032_original_1x.png,D:\Users\ASUS\Desktop\机器学习\v2.7.0\_work\evidence\figures\FIG-P547-01\STRICT_R5_REQUAL_R96_SA1_CONT_20260824\glyphs\rois_1x\C0170_U0032_target_overlay_1x.png,D:\Users\ASUS\Desktop\机器学习\v2.7.0\_work\evidence\figures\FIG-P547-01\STRICT_R5_REQUAL_R96_SA1_CONT_20260824\glyphs\rois_1x\C0170_U0032_mask_only_1x.png,D:\Users\ASUS\Desktop\机器学习\v2.7.0\_work\evidence\figures\FIG-P547-01\STRICT_R5_REQUAL_R96_SA1_CONT_20260824\glyphs\cards_8x\C0170_U0032_contact_8x_nearest.png,"exact native 300dpi pixel colour-line segmentation; duplicate kerning-boundary ownership resolved, no morphology / repair / resampling",279,1,glyph_sheet_15_8x_nearest.png,R1C2
C0171,行,U884C,26,1,0,SPAN_B26_L01_S00,TLINE_B26_L01,TBLOCK_B26,NotoSerifSC-ExtraLight,9.9626,#1F2328,"138.853,429.125,148.816,439.795","577,1787,622,1834","579,1787,618,1824",39,37,322,CJK_FULL,H_INK>=30,30.0000,NO,PASS,D:\Users\ASUS\Desktop\机器学习\v2.7.0\_work\evidence\figures\FIG-P547-01\STRICT_R5_REQUAL_R96_SA1_CONT_20260824\glyphs\rois_1x\C0171_U884C_original_1x.png,D:\Users\ASUS\Desktop\机器学习\v2.7.0\_work\evidence\figures\FIG-P547-01\STRICT_R5_REQUAL_R96_SA1_CONT_20260824\glyphs\rois_1x\C0171_U884C_target_overlay_1x.png,D:\Users\ASUS\Desktop\机器学习\v2.7.0\_work\evidence\figures\FIG-P547-01\STRICT_R5_REQUAL_R96_SA1_CONT_20260824\glyphs\rois_1x\C0171_U884C_mask_only_1x.png,D:\Users\ASUS\Desktop\机器学习\v2.7.0\_work\evidence\figures\FIG-P547-01\STRICT_R5_REQUAL_R96_SA1_CONT_20260824\glyphs\cards_8x\C0171_U884C_contact_8x_nearest.png,"exact native 300dpi pixel colour-line segmentation; duplicate kerning-boundary ownership resolved, no morphology / repair / resampling",0,4,glyph_sheet_15_8x_nearest.png,R2C1
C0172,随,U968F,26,1,0,SPAN_B26_L01_S00,TLINE_B26_L01,TBLOCK_B26,NotoSerifSC-ExtraLight,9.9626,#1F2328,"148.816,429.125,158.778,439.795","619,1787,663,1834","623,1787,660,1824",37,37,642,CJK_FULL,H_INK>=30,30.0000,NO,PASS,D:\Users\ASUS\Desktop\机器学习\v2.7.0\_work\evidence\figures\FIG-P547-01\STRICT_R5_REQUAL_R96_SA1_CONT_20260824\glyphs\rois_1x\C0172_U968F_original_1x.png,D:\Users\ASUS\Desktop\机器学习\v2.7.0\_work\evidence\figures\FIG-P547-01\STRICT_R5_REQUAL_R96_SA1_CONT_20260824\glyphs\rois_1x\C0172_U968F_target_overlay_1x.png,D:\Users\ASUS\Desktop\机器学习\v2.7.0\_work\evidence\figures\FIG-P547-01\STRICT_R5_REQUAL_R96_SA1_CONT_20260824\glyphs\rois_1x\C0172_U968F_mask_only_1x.png,D:\Users\ASUS\Desktop\机器学习\v2.7.0\_work\evidence\figures\FIG-P547-01\STRICT_R5_REQUAL_R96_SA1_CONT_20260824\glyphs\cards_8x\C0172_U968F_contact_8x_nearest.png,"exact native 300dpi pixel colour-line segmentation; duplicate kerning-boundary ownership resolved, no morphology / repair / resampling",0,1,glyph_sheet_15_8x_nearest.png,R2C2
C0173,机,U673A,26,1,0,SPAN_B26_L01_S00,TLINE_B26_L01,TBLOCK_B26,NotoSerifSC-ExtraLight,9.9626,#1F2328,"158.778,429.125,168.741,439.795","660,1787,705,1834","662,1787,701,1824",39,37,402,CJK_FULL,H_INK>=30,30.0000,NO,PASS,D:\Users\ASUS\Desktop\机器学习\v2.7.0\_work\evidence\figures\FIG-P547-01\STRICT_R5_REQUAL_R96_SA1_CONT_20260824\glyphs\rois_1x\C0173_U673A_original_1x.png,D:\Users\ASUS\Desktop\机器学习\v2.7.0\_work\evidence\figures\FIG-P547-01\STRICT_R5_REQUAL_R96_SA1_CONT_20260824\glyphs\rois_1x\C0173_U673A_target_overlay_1x.png,D:\Users\ASUS\Desktop\机器学习\v2.7.0\_work\evidence\figures\FIG-P547-01\STRICT_R5_REQUAL_R96_SA1_CONT_20260824\glyphs\rois_1x\C0173_U673A_mask_only_1x.png,D:\Users\ASUS\Desktop\机器学习\v2.7.0\_work\evidence\figures\FIG-P547-01\STRICT_R5_REQUAL_R96_SA1_CONT_20260824\glyphs\cards_8x\C0173_U673A_contact_8x_nearest.png,"exact native 300dpi pixel colour-line segmentation; duplicate kerning-boundary ownership resolved, no morphology / repair / resampling",179,2,glyph_sheet_15_8x_nearest.png,R3C1
C0174,约,U7EA6,26,1,0,SPAN_B26_L01_S00,TLINE_B26_L01,TBLOCK_B26,NotoSerifSC-ExtraLight,9.9626,#1F2328,"168.741,429.125,178.704,439.795","702,1787,746,1834","704,1787,743,1824",39,37,430,CJK_FULL,H_INK>=30,30.0000,NO,PASS,D:\Users\ASUS\Desktop\机器学习\v2.7.0\_work\evidence\figures\FIG-P547-01\STRICT_R5_REQUAL_R96_SA1_CONT_20260824\glyphs\rois_1x\C0174_U7EA6_original_1x.png,D:\Users\ASUS\Desktop\机器学习\v2.7.0\_work\evidence\figures\FIG-P547-01\STRICT_R5_REQUAL_R96_SA1_CONT_20260824\glyphs\rois_1x\C0174_U7EA6_target_overlay_1x.png,D:\Users\ASUS\Desktop\机器学习\v2.7.0\_work\evidence\figures\FIG-P547-01\STRICT_R5_REQUAL_R96_SA1_CONT_20260824\glyphs\rois_1x\C0174_U7EA6_mask_only_1x.png,D:\Users\ASUS\Desktop\机器学习\v2.7.0\_work\evidence\figures\FIG-P547-01\STRICT_R5_REQUAL_R96_SA1_CONT_20260824\glyphs\cards_8x\C0174_U7EA6_contact_8x_nearest.png,"exact native 300dpi pixel colour-line segmentation; duplicate kerning-boundary ownership resolved, no morphology / repair / resampling",171,4,glyph_sheet_15_8x_nearest.png,R3C2
C0175,定,U5B9A,26,1,0,SPAN_B26_L01_S00,TLINE_B26_L01,TBLOCK_B26,NotoSerifSC-ExtraLight,9.9626,#1F2328,"178.704,429.125,188.666,439.795","743,1787,788,1834","745,1787,784,1824",39,37,444,CJK_FULL,H_INK>=30,30.0000,NO,PASS,D:\Users\ASUS\Desktop\机器学习\v2.7.0\_work\evidence\figures\FIG-P547-01\STRICT_R5_REQUAL_R96_SA1_CONT_20260824\glyphs\rois_1x\C0175_U5B9A_original_1x.png,D:\Users\ASUS\Desktop\机器学习\v2.7.0\_work\evidence\figures\FIG-P547-01\STRICT_R5_REQUAL_R96_SA1_CONT_20260824\glyphs\rois_1x\C0175_U5B9A_target_overlay_1x.png,D:\Users\ASUS\Desktop\机器学习\v2.7.0\_work\evidence\figures\FIG-P547-01\STRICT_R5_REQUAL_R96_SA1_CONT_20260824\glyphs\rois_1x\C0175_U5B9A_mask_only_1x.png,D:\Users\ASUS\Desktop\机器学习\v2.7.0\_work\evidence\figures\FIG-P547-01\STRICT_R5_REQUAL_R96_SA1_CONT_20260824\glyphs\cards_8x\C0175_U5B9A_contact_8x_nearest.png,"exact native 300dpi pixel colour-line segmentation; duplicate kerning-boundary ownership resolved, no morphology / repair / resampling",444,1,glyph_sheet_15_8x_nearest.png,R4C1
C0176,下,U4E0B,26,1,0,SPAN_B26_L01_S00,TLINE_B26_L01,TBLOCK_B26,NotoSerifSC-ExtraLight,9.9626,#1F2328,"188.666,429.125,198.629,439.795","785,1787,829,1834","788,1787,826,1824",38,37,227,CJK_FULL,H_INK>=30,30.0000,NO,PASS,D:\Users\ASUS\Desktop\机器学习\v2.7.0\_work\evidence\figures\FIG-P547-01\STRICT_R5_REQUAL_R96_SA1_CONT_20260824\glyphs\rois_1x\C0176_U4E0B_original_1x.png,D:\Users\ASUS\Desktop\机器学习\v2.7.0\_work\evidence\figures\FIG-P547-01\STRICT_R5_REQUAL_R96_SA1_CONT_20260824\glyphs\rois_1x\C0176_U4E0B_target_overlay_1x.png,D:\Users\ASUS\Desktop\机器学习\v2.7.0\_work\evidence\figures\FIG-P547-01\STRICT_R5_REQUAL_R96_SA1_CONT_20260824\glyphs\rois_1x\C0176_U4E0B_mask_only_1x.png,D:\Users\ASUS\Desktop\机器学习\v2.7.0\_work\evidence\figures\FIG-P547-01\STRICT_R5_REQUAL_R96_SA1_CONT_20260824\glyphs\cards_8x\C0176_U4E0B_contact_8x_nearest.png,"exact native 300dpi pixel colour-line segmentation; duplicate kerning-boundary ownership resolved, no morphology / repair / resampling",0,1,glyph_sheet_15_8x_nearest.png,R4C2
C0177,的,U7684,26,1,0,SPAN_B26_L01_S00,TLINE_B26_L01,TBLOCK_B26,NotoSerifSC-ExtraLight,9.9626,#1F2328,"198.629,429.125,208.592,439.795","826,1787,871,1834","831,1787,867,1824",36,37,436,CJK_FULL,H_INK>=30,30.0000,NO,PASS,D:\Users\ASUS\Desktop\机器学习\v2.7.0\_work\evidence\figures\FIG-P547-01\STRICT_R5_REQUAL_R96_SA1_CONT_20260824\glyphs\rois_1x\C0177_U7684_original_1x.png,D:\Users\ASUS\Desktop\机器学习\v2.7.0\_work\evidence\figures\FIG-P547-01\STRICT_R5_REQUAL_R96_SA1_CONT_20260824\glyphs\rois_1x\C0177_U7684_target_overlay_1x.png,D:\Users\ASUS\Desktop\机器学习\v2.7.0\_work\evidence\figures\FIG-P547-01\STRICT_R5_REQUAL_R96_SA1_CONT_20260824\glyphs\rois_1x\C0177_U7684_mask_only_1x.png,D:\Users\ASUS\Desktop\机器学习\v2.7.0\_work\evidence\figures\FIG-P547-01\STRICT_R5_REQUAL_R96_SA1_CONT_20260824\glyphs\cards_8x\C0177_U7684_contact_8x_nearest.png,"exact native 300dpi pixel colour-line segmentation; duplicate kerning-boundary ownership resolved, no morphology / repair / resampling",0,2,glyph_sheet_15_8x_nearest.png,R5C1
C0178,两,U4E24,26,1,0,SPAN_B26_L01_S00,TLINE_B26_L01,TBLOCK_B26,NotoSerifSC-ExtraLight,9.9626,#1F2328,"208.592,429.125,218.554,439.795","868,1787,912,1834","871,1787,909,1825",38,38,508,CJK_FULL,H_INK>=30,30.0000,NO,PASS,D:\Users\ASUS\Desktop\机器学习\v2.7.0\_work\evidence\figures\FIG-P547-01\STRICT_R5_REQUAL_R96_SA1_CONT_20260824\glyphs\rois_1x\C0178_U4E24_original_1x.png,D:\Users\ASUS\Desktop\机器学习\v2.7.0\_work\evidence\figures\FIG-P547-01\STRICT_R5_REQUAL_R96_SA1_CONT_20260824\glyphs\rois_1x\C0178_U4E24_target_overlay_1x.png,D:\Users\ASUS\Desktop\机器学习\v2.7.0\_work\evidence\figures\FIG-P547-01\STRICT_R5_REQUAL_R96_SA1_CONT_20260824\glyphs\rois_1x\C0178_U4E24_mask_only_1x.png,D:\Users\ASUS\Desktop\机器学习\v2.7.0\_work\evidence\figures\FIG-P547-01\STRICT_R5_REQUAL_R96_SA1_CONT_20260824\glyphs\cards_8x\C0178_U4E24_contact_8x_nearest.png,"exact native 300dpi pixel colour-line segmentation; duplicate kerning-boundary ownership resolved, no morphology / repair / resampling",0,1,glyph_sheet_15_8x_nearest.png,R5C2
C0179,状,U72B6,26,1,0,SPAN_B26_L01_S00,TLINE_B26_L01,TBLOCK_B26,NotoSerifSC-ExtraLight,9.9626,#1F2328,"218.554,429.125,228.517,439.795","909,1787,954,1834","912,1787,950,1824",38,37,416,CJK_FULL,H_INK>=30,30.0000,NO,PASS,D:\Users\ASUS\Desktop\机器学习\v2.7.0\_work\evidence\figures\FIG-P547-01\STRICT_R5_REQUAL_R96_SA1_CONT_20260824\glyphs\rois_1x\C0179_U72B6_original_1x.png,D:\Users\ASUS\Desktop\机器学习\v2.7.0\_work\evidence\figures\FIG-P547-01\STRICT_R5_REQUAL_R96_SA1_CONT_20260824\glyphs\rois_1x\C0179_U72B6_target_overlay_1x.png,D:\Users\ASUS\Desktop\机器学习\v2.7.0\_work\evidence\figures\FIG-P547-01\STRICT_R5_REQUAL_R96_SA1_CONT_20260824\glyphs\rois_1x\C0179_U72B6_mask_only_1x.png,D:\Users\ASUS\Desktop\机器学习\v2.7.0\_work\evidence\figures\FIG-P547-01\STRICT_R5_REQUAL_R96_SA1_CONT_20260824\glyphs\cards_8x\C0179_U72B6_contact_8x_nearest.png,"exact native 300dpi pixel colour-line segmentation; duplicate kerning-boundary ownership resolved, no morphology / repair / resampling",0,3,glyph_sheet_15_8x_nearest.png,R6C1
C0180,态,U6001,26,1,0,SPAN_B26_L01_S00,TLINE_B26_L01,TBLOCK_B26,NotoSerifSC-ExtraLight,9.9626,#1F2328,"228.517,429.125,238.479,439.795","951,1787,995,1834","953,1787,992,1823",39,36,401,CJK_FULL,H_INK>=30,30.0000,NO,PASS,D:\Users\ASUS\Desktop\机器学习\v2.7.0\_work\evidence\figures\FIG-P547-01\STRICT_R5_REQUAL_R96_SA1_CONT_20260824\glyphs\rois_1x\C0180_U6001_original_1x.png,D:\Users\ASUS\Desktop\机器学习\v2.7.0\_work\evidence\figures\FIG-P547-01\STRICT_R5_REQUAL_R96_SA1_CONT_20260824\glyphs\rois_1x\C0180_U6001_target_overlay_1x.png,D:\Users\ASUS\Desktop\机器学习\v2.7.0\_work\evidence\figures\FIG-P547-01\STRICT_R5_REQUAL_R96_SA1_CONT_20260824\glyphs\rois_1x\C0180_U6001_mask_only_1x.png,D:\Users\ASUS\Desktop\机器学习\v2.7.0\_work\evidence\figures\FIG-P547-01\STRICT_R5_REQUAL_R96_SA1_CONT_20260824\glyphs\cards_8x\C0180_U6001_contact_8x_nearest.png,"exact native 300dpi pixel colour-line segmentation; duplicate kerning-boundary ownership resolved, no morphology / repair / resampling",235,5,glyph_sheet_15_8x_nearest.png,R6C2
C0181,转,U8F6C,26,1,0,SPAN_B26_L01_S00,TLINE_B26_L01,TBLOCK_B26,NotoSerifSC-ExtraLight,9.9626,#1F2328,"238.479,429.125,248.442,439.795","992,1787,1037,1834","995,1787,1033,1825",38,38,500,CJK_FULL,H_INK>=30,30.0000,NO,PASS,D:\Users\ASUS\Desktop\机器学习\v2.7.0\_work\evidence\figures\FIG-P547-01\STRICT_R5_REQUAL_R96_SA1_CONT_20260824\glyphs\rois_1x\C0181_U8F6C_original_1x.png,D:\Users\ASUS\Desktop\机器学习\v2.7.0\_work\evidence\figures\FIG-P547-01\STRICT_R5_REQUAL_R96_SA1_CONT_20260824\glyphs\rois_1x\C0181_U8F6C_target_overlay_1x.png,D:\Users\ASUS\Desktop\机器学习\v2.7.0\_work\evidence\figures\FIG-P547-01\STRICT_R5_REQUAL_R96_SA1_CONT_20260824\glyphs\rois_1x\C0181_U8F6C_mask_only_1x.png,D:\Users\ASUS\Desktop\机器学习\v2.7.0\_work\evidence\figures\FIG-P547-01\STRICT_R5_REQUAL_R96_SA1_CONT_20260824\glyphs\cards_8x\C0181_U8F6C_contact_8x_nearest.png,"exact native 300dpi pixel colour-line segmentation; duplicate kerning-boundary ownership resolved, no morphology / repair / resampling",0,1,glyph_sheet_16_8x_nearest.png,R1C1
C0182,移,U79FB,26,1,0,SPAN_B26_L01_S00,TLINE_B26_L01,TBLOCK_B26,NotoSerifSC-ExtraLight,9.9626,#1F2328,"248.442,429.125,258.405,439.795","1034,1787,1078,1834","1035,1787,1076,1825",41,38,523,CJK_FULL,H_INK>=30,30.0000,NO,PASS,D:\Users\ASUS\Desktop\机器学习\v2.7.0\_work\evidence\figures\FIG-P547-01\STRICT_R5_REQUAL_R96_SA1_CONT_20260824\glyphs\rois_1x\C0182_U79FB_original_1x.png,D:\Users\ASUS\Desktop\机器学习\v2.7.0\_work\evidence\figures\FIG-P547-01\STRICT_R5_REQUAL_R96_SA1_CONT_20260824\glyphs\rois_1x\C0182_U79FB_target_overlay_1x.png,D:\Users\ASUS\Desktop\机器学习\v2.7.0\_work\evidence\figures\FIG-P547-01\STRICT_R5_REQUAL_R96_SA1_CONT_20260824\glyphs\rois_1x\C0182_U79FB_mask_only_1x.png,D:\Users\ASUS\Desktop\机器学习\v2.7.0\_work\evidence\figures\FIG-P547-01\STRICT_R5_REQUAL_R96_SA1_CONT_20260824\glyphs\cards_8x\C0182_U79FB_contact_8x_nearest.png,"exact native 300dpi pixel colour-line segmentation; duplicate kerning-boundary ownership resolved, no morphology / repair / resampling",523,1,glyph_sheet_16_8x_nearest.png,R1C2
C0183,图,U56FE,26,1,0,SPAN_B26_L01_S00,TLINE_B26_L01,TBLOCK_B26,NotoSerifSC-ExtraLight,9.9626,#1F2328,"258.405,429.125,268.367,439.795","1075,1787,1120,1834","1080,1787,1115,1824",35,37,581,CJK_FULL,H_INK>=30,30.0000,NO,PASS,D:\Users\ASUS\Desktop\机器学习\v2.7.0\_work\evidence\figures\FIG-P547-01\STRICT_R5_REQUAL_R96_SA1_CONT_20260824\glyphs\rois_1x\C0183_U56FE_original_1x.png,D:\Users\ASUS\Desktop\机器学习\v2.7.0\_work\evidence\figures\FIG-P547-01\STRICT_R5_REQUAL_R96_SA1_CONT_20260824\glyphs\rois_1x\C0183_U56FE_target_overlay_1x.png,D:\Users\ASUS\Desktop\机器学习\v2.7.0\_work\evidence\figures\FIG-P547-01\STRICT_R5_REQUAL_R96_SA1_CONT_20260824\glyphs\rois_1x\C0183_U56FE_mask_only_1x.png,D:\Users\ASUS\Desktop\机器学习\v2.7.0\_work\evidence\figures\FIG-P547-01\STRICT_R5_REQUAL_R96_SA1_CONT_20260824\glyphs\cards_8x\C0183_U56FE_contact_8x_nearest.png,"exact native 300dpi pixel colour-line segmentation; duplicate kerning-boundary ownership resolved, no morphology / repair / resampling",0,1,glyph_sheet_16_8x_nearest.png,R2C1
C0184,，,UFF0C,26,1,0,SPAN_B26_L01_S00,TLINE_B26_L01,TBLOCK_B26,NotoSerifSC-ExtraLight,9.9626,#1F2328,"268.367,429.125,278.330,439.795","1117,1787,1162,1834","1121,1816,1128,1829",7,13,49,LOW_PROFILE,INDEPENDENT_CALIBRATION,CALIBRATION,YES,PASS,D:\Users\ASUS\Desktop\机器学习\v2.7.0\_work\evidence\figures\FIG-P547-01\STRICT_R5_REQUAL_R96_SA1_CONT_20260824\glyphs\rois_1x\C0184_UFF0C_original_1x.png,D:\Users\ASUS\Desktop\机器学习\v2.7.0\_work\evidence\figures\FIG-P547-01\STRICT_R5_REQUAL_R96_SA1_CONT_20260824\glyphs\rois_1x\C0184_UFF0C_target_overlay_1x.png,D:\Users\ASUS\Desktop\机器学习\v2.7.0\_work\evidence\figures\FIG-P547-01\STRICT_R5_REQUAL_R96_SA1_CONT_20260824\glyphs\rois_1x\C0184_UFF0C_mask_only_1x.png,D:\Users\ASUS\Desktop\机器学习\v2.7.0\_work\evidence\figures\FIG-P547-01\STRICT_R5_REQUAL_R96_SA1_CONT_20260824\glyphs\cards_8x\C0184_UFF0C_contact_8x_nearest.png,"exact native 300dpi pixel colour-line segmentation; duplicate kerning-boundary ownership resolved, no morphology / repair / resampling",0,1,glyph_sheet_16_8x_nearest.png,R2C2
C0185,并,U5E76,26,1,0,SPAN_B26_L01_S00,TLINE_B26_L01,TBLOCK_B26,NotoSerifSC-ExtraLight,9.9626,#1F2328,"278.330,429.125,288.293,439.795","1159,1787,1203,1834","1161,1787,1199,1825",38,38,355,CJK_FULL,H_INK>=30,30.0000,NO,PASS,D:\Users\ASUS\Desktop\机器学习\v2.7.0\_work\evidence\figures\FIG-P547-01\STRICT_R5_REQUAL_R96_SA1_CONT_20260824\glyphs\rois_1x\C0185_U5E76_original_1x.png,D:\Users\ASUS\Desktop\机器学习\v2.7.0\_work\evidence\figures\FIG-P547-01\STRICT_R5_REQUAL_R96_SA1_CONT_20260824\glyphs\rois_1x\C0185_U5E76_target_overlay_1x.png,D:\Users\ASUS\Desktop\机器学习\v2.7.0\_work\evidence\figures\FIG-P547-01\STRICT_R5_REQUAL_R96_SA1_CONT_20260824\glyphs\rois_1x\C0185_U5E76_mask_only_1x.png,D:\Users\ASUS\Desktop\机器学习\v2.7.0\_work\evidence\figures\FIG-P547-01\STRICT_R5_REQUAL_R96_SA1_CONT_20260824\glyphs\cards_8x\C0185_U5E76_contact_8x_nearest.png,"exact native 300dpi pixel colour-line segmentation; duplicate kerning-boundary ownership resolved, no morphology / repair / resampling",355,1,glyph_sheet_16_8x_nearest.png,R3C1
C0186,给,U7ED9,26,1,0,SPAN_B26_L01_S00,TLINE_B26_L01,TBLOCK_B26,NotoSerifSC-ExtraLight,9.9626,#1F2328,"288.293,429.125,298.255,439.795","1200,1787,1245,1834","1202,1787,1242,1824",40,37,461,CJK_FULL,H_INK>=30,30.0000,NO,PASS,D:\Users\ASUS\Desktop\机器学习\v2.7.0\_work\evidence\figures\FIG-P547-01\STRICT_R5_REQUAL_R96_SA1_CONT_20260824\glyphs\rois_1x\C0186_U7ED9_original_1x.png,D:\Users\ASUS\Desktop\机器学习\v2.7.0\_work\evidence\figures\FIG-P547-01\STRICT_R5_REQUAL_R96_SA1_CONT_20260824\glyphs\rois_1x\C0186_U7ED9_target_overlay_1x.png,D:\Users\ASUS\Desktop\机器学习\v2.7.0\_work\evidence\figures\FIG-P547-01\STRICT_R5_REQUAL_R96_SA1_CONT_20260824\glyphs\rois_1x\C0186_U7ED9_mask_only_1x.png,D:\Users\ASUS\Desktop\机器学习\v2.7.0\_work\evidence\figures\FIG-P547-01\STRICT_R5_REQUAL_R96_SA1_CONT_20260824\glyphs\cards_8x\C0186_U7ED9_contact_8x_nearest.png,"exact native 300dpi pixel colour-line segmentation; duplicate kerning-boundary ownership resolved, no morphology / repair / resampling",35,4,glyph_sheet_16_8x_nearest.png,R3C2
C0187,出,U51FA,26,1,0,SPAN_B26_L01_S00,TLINE_B26_L01,TBLOCK_B26,NotoSerifSC-ExtraLight,9.9626,#1F2328,"298.255,429.125,308.218,439.795","1242,1787,1286,1834","1246,1787,1280,1824",34,37,366,CJK_FULL,H_INK>=30,30.0000,NO,PASS,D:\Users\ASUS\Desktop\机器学习\v2.7.0\_work\evidence\figures\FIG-P547-01\STRICT_R5_REQUAL_R96_SA1_CONT_20260824\glyphs\rois_1x\C0187_U51FA_original_1x.png,D:\Users\ASUS\Desktop\机器学习\v2.7.0\_work\evidence\figures\FIG-P547-01\STRICT_R5_REQUAL_R96_SA1_CONT_20260824\glyphs\rois_1x\C0187_U51FA_target_overlay_1x.png,D:\Users\ASUS\Desktop\机器学习\v2.7.0\_work\evidence\figures\FIG-P547-01\STRICT_R5_REQUAL_R96_SA1_CONT_20260824\glyphs\rois_1x\C0187_U51FA_mask_only_1x.png,D:\Users\ASUS\Desktop\机器学习\v2.7.0\_work\evidence\figures\FIG-P547-01\STRICT_R5_REQUAL_R96_SA1_CONT_20260824\glyphs\cards_8x\C0187_U51FA_contact_8x_nearest.png,"exact native 300dpi pixel colour-line segmentation; duplicate kerning-boundary ownership resolved, no morphology / repair / resampling",0,1,glyph_sheet_16_8x_nearest.png,R4C1
C0188,到,U5230,26,1,0,SPAN_B26_L01_S00,TLINE_B26_L01,TBLOCK_B26,NotoSerifSC-ExtraLight,9.9626,#1F2328,"308.218,429.125,318.181,439.795","1283,1787,1328,1834","1286,1787,1323,1824",37,37,491,CJK_FULL,H_INK>=30,30.0000,NO,PASS,D:\Users\ASUS\Desktop\机器学习\v2.7.0\_work\evidence\figures\FIG-P547-01\STRICT_R5_REQUAL_R96_SA1_CONT_20260824\glyphs\rois_1x\C0188_U5230_original_1x.png,D:\Users\ASUS\Desktop\机器学习\v2.7.0\_work\evidence\figures\FIG-P547-01\STRICT_R5_REQUAL_R96_SA1_CONT_20260824\glyphs\rois_1x\C0188_U5230_target_overlay_1x.png,D:\Users\ASUS\Desktop\机器学习\v2.7.0\_work\evidence\figures\FIG-P547-01\STRICT_R5_REQUAL_R96_SA1_CONT_20260824\glyphs\rois_1x\C0188_U5230_mask_only_1x.png,D:\Users\ASUS\Desktop\机器学习\v2.7.0\_work\evidence\figures\FIG-P547-01\STRICT_R5_REQUAL_R96_SA1_CONT_20260824\glyphs\cards_8x\C0188_U5230_contact_8x_nearest.png,"exact native 300dpi pixel colour-line segmentation; duplicate kerning-boundary ownership resolved, no morphology / repair / resampling",0,3,glyph_sheet_16_8x_nearest.png,R4C2
C0189,列,U5217,26,1,0,SPAN_B26_L01_S00,TLINE_B26_L01,TBLOCK_B26,NotoSerifSC-ExtraLight,9.9626,#1F2328,"318.181,429.125,328.143,439.795","1325,1787,1369,1834","1326,1787,1364,1824",38,37,417,CJK_FULL,H_INK>=30,30.0000,NO,PASS,D:\Users\ASUS\Desktop\机器学习\v2.7.0\_work\evidence\figures\FIG-P547-01\STRICT_R5_REQUAL_R96_SA1_CONT_20260824\glyphs\rois_1x\C0189_U5217_original_1x.png,D:\Users\ASUS\Desktop\机器学习\v2.7.0\_work\evidence\figures\FIG-P547-01\STRICT_R5_REQUAL_R96_SA1_CONT_20260824\glyphs\rois_1x\C0189_U5217_target_overlay_1x.png,D:\Users\ASUS\Desktop\机器学习\v2.7.0\_work\evidence\figures\FIG-P547-01\STRICT_R5_REQUAL_R96_SA1_CONT_20260824\glyphs\rois_1x\C0189_U5217_mask_only_1x.png,D:\Users\ASUS\Desktop\机器学习\v2.7.0\_work\evidence\figures\FIG-P547-01\STRICT_R5_REQUAL_R96_SA1_CONT_20260824\glyphs\cards_8x\C0189_U5217_contact_8x_nearest.png,"exact native 300dpi pixel colour-line segmentation; duplicate kerning-boundary ownership resolved, no morphology / repair / resampling",239,3,glyph_sheet_16_8x_nearest.png,R5C1
C0190,随,U968F,26,1,0,SPAN_B26_L01_S00,TLINE_B26_L01,TBLOCK_B26,NotoSerifSC-ExtraLight,9.9626,#1F2328,"328.143,429.125,338.106,439.795","1366,1787,1411,1834","1370,1787,1407,1824",37,37,642,CJK_FULL,H_INK>=30,30.0000,NO,PASS,D:\Users\ASUS\Desktop\机器学习\v2.7.0\_work\evidence\figures\FIG-P547-01\STRICT_R5_REQUAL_R96_SA1_CONT_20260824\glyphs\rois_1x\C0190_U968F_original_1x.png,D:\Users\ASUS\Desktop\机器学习\v2.7.0\_work\evidence\figures\FIG-P547-01\STRICT_R5_REQUAL_R96_SA1_CONT_20260824\glyphs\rois_1x\C0190_U968F_target_overlay_1x.png,D:\Users\ASUS\Desktop\机器学习\v2.7.0\_work\evidence\figures\FIG-P547-01\STRICT_R5_REQUAL_R96_SA1_CONT_20260824\glyphs\rois_1x\C0190_U968F_mask_only_1x.png,D:\Users\ASUS\Desktop\机器学习\v2.7.0\_work\evidence\figures\FIG-P547-01\STRICT_R5_REQUAL_R96_SA1_CONT_20260824\glyphs\cards_8x\C0190_U968F_contact_8x_nearest.png,"exact native 300dpi pixel colour-line segmentation; duplicate kerning-boundary ownership resolved, no morphology / repair / resampling",0,1,glyph_sheet_16_8x_nearest.png,R5C2
C0191,机,U673A,26,1,0,SPAN_B26_L01_S00,TLINE_B26_L01,TBLOCK_B26,NotoSerifSC-ExtraLight,9.9626,#1F2328,"338.106,429.125,348.069,439.795","1408,1787,1452,1834","1409,1787,1448,1824",39,37,402,CJK_FULL,H_INK>=30,30.0000,NO,PASS,D:\Users\ASUS\Desktop\机器学习\v2.7.0\_work\evidence\figures\FIG-P547-01\STRICT_R5_REQUAL_R96_SA1_CONT_20260824\glyphs\rois_1x\C0191_U673A_original_1x.png,D:\Users\ASUS\Desktop\机器学习\v2.7.0\_work\evidence\figures\FIG-P547-01\STRICT_R5_REQUAL_R96_SA1_CONT_20260824\glyphs\rois_1x\C0191_U673A_target_overlay_1x.png,D:\Users\ASUS\Desktop\机器学习\v2.7.0\_work\evidence\figures\FIG-P547-01\STRICT_R5_REQUAL_R96_SA1_CONT_20260824\glyphs\rois_1x\C0191_U673A_mask_only_1x.png,D:\Users\ASUS\Desktop\机器学习\v2.7.0\_work\evidence\figures\FIG-P547-01\STRICT_R5_REQUAL_R96_SA1_CONT_20260824\glyphs\cards_8x\C0191_U673A_contact_8x_nearest.png,"exact native 300dpi pixel colour-line segmentation; duplicate kerning-boundary ownership resolved, no morphology / repair / resampling",179,2,glyph_sheet_16_8x_nearest.png,R6C1
C0192,P,U0050,26,1,1,SPAN_B26_L01_S01,TLINE_B26_L01,TBLOCK_B26,STIXTwoText-Regular,9.9626,#1F2328,"350.559,429.503,356.228,439.466","1460,1788,1486,1833","1461,1793,1483,1821",22,28,266,DIGIT_UPPER,H_INK>=24,24.0000,NO,PASS,D:\Users\ASUS\Desktop\机器学习\v2.7.0\_work\evidence\figures\FIG-P547-01\STRICT_R5_REQUAL_R96_SA1_CONT_20260824\glyphs\rois_1x\C0192_U0050_original_1x.png,D:\Users\ASUS\Desktop\机器学习\v2.7.0\_work\evidence\figures\FIG-P547-01\STRICT_R5_REQUAL_R96_SA1_CONT_20260824\glyphs\rois_1x\C0192_U0050_target_overlay_1x.png,D:\Users\ASUS\Desktop\机器学习\v2.7.0\_work\evidence\figures\FIG-P547-01\STRICT_R5_REQUAL_R96_SA1_CONT_20260824\glyphs\rois_1x\C0192_U0050_mask_only_1x.png,D:\Users\ASUS\Desktop\机器学习\v2.7.0\_work\evidence\figures\FIG-P547-01\STRICT_R5_REQUAL_R96_SA1_CONT_20260824\glyphs\cards_8x\C0192_U0050_contact_8x_nearest.png,"exact native 300dpi pixel colour-line segmentation; duplicate kerning-boundary ownership resolved, no morphology / repair / resampling",266,1,glyph_sheet_16_8x_nearest.png,R6C2
C0193,a,U0061,26,1,1,SPAN_B26_L01_S01,TLINE_B26_L01,TBLOCK_B26,STIXTwoText-Regular,9.9626,#1F2328,"355.979,429.503,360.761,439.466","1482,1788,1505,1833","1484,1800,1503,1822",19,22,203,BASE_MATH,H_INK>=22,22.0000,NO,PASS,D:\Users\ASUS\Desktop\机器学习\v2.7.0\_work\evidence\figures\FIG-P547-01\STRICT_R5_REQUAL_R96_SA1_CONT_20260824\glyphs\rois_1x\C0193_U0061_original_1x.png,D:\Users\ASUS\Desktop\机器学习\v2.7.0\_work\evidence\figures\FIG-P547-01\STRICT_R5_REQUAL_R96_SA1_CONT_20260824\glyphs\rois_1x\C0193_U0061_target_overlay_1x.png,D:\Users\ASUS\Desktop\机器学习\v2.7.0\_work\evidence\figures\FIG-P547-01\STRICT_R5_REQUAL_R96_SA1_CONT_20260824\glyphs\rois_1x\C0193_U0061_mask_only_1x.png,D:\Users\ASUS\Desktop\机器学习\v2.7.0\_work\evidence\figures\FIG-P547-01\STRICT_R5_REQUAL_R96_SA1_CONT_20260824\glyphs\cards_8x\C0193_U0061_contact_8x_nearest.png,"exact native 300dpi pixel colour-line segmentation; duplicate kerning-boundary ownership resolved, no morphology / repair / resampling",203,1,glyph_sheet_17_8x_nearest.png,R1C1
C0194,g,U0067,26,1,1,SPAN_B26_L01_S01,TLINE_B26_L01,TBLOCK_B26,STIXTwoText-Regular,9.9626,#1F2328,"360.761,429.503,365.583,439.466","1502,1788,1525,1833","1503,1800,1523,1831",20,31,310,BASE_MATH,H_INK>=22,22.0000,NO,PASS,D:\Users\ASUS\Desktop\机器学习\v2.7.0\_work\evidence\figures\FIG-P547-01\STRICT_R5_REQUAL_R96_SA1_CONT_20260824\glyphs\rois_1x\C0194_U0067_original_1x.png,D:\Users\ASUS\Desktop\机器学习\v2.7.0\_work\evidence\figures\FIG-P547-01\STRICT_R5_REQUAL_R96_SA1_CONT_20260824\glyphs\rois_1x\C0194_U0067_target_overlay_1x.png,D:\Users\ASUS\Desktop\机器学习\v2.7.0\_work\evidence\figures\FIG-P547-01\STRICT_R5_REQUAL_R96_SA1_CONT_20260824\glyphs\rois_1x\C0194_U0067_mask_only_1x.png,D:\Users\ASUS\Desktop\机器学习\v2.7.0\_work\evidence\figures\FIG-P547-01\STRICT_R5_REQUAL_R96_SA1_CONT_20260824\glyphs\cards_8x\C0194_U0067_contact_8x_nearest.png,"exact native 300dpi pixel colour-line segmentation; duplicate kerning-boundary ownership resolved, no morphology / repair / resampling",310,1,glyph_sheet_17_8x_nearest.png,R1C2
C0195,e,U0065,26,1,1,SPAN_B26_L01_S01,TLINE_B26_L01,TBLOCK_B26,STIXTwoText-Regular,9.9626,#1F2328,"365.632,429.503,370.255,439.466","1522,1788,1545,1833","1524,1800,1541,1822",17,22,191,BASE_MATH,H_INK>=22,22.0000,NO,PASS,D:\Users\ASUS\Desktop\机器学习\v2.7.0\_work\evidence\figures\FIG-P547-01\STRICT_R5_REQUAL_R96_SA1_CONT_20260824\glyphs\rois_1x\C0195_U0065_original_1x.png,D:\Users\ASUS\Desktop\机器学习\v2.7.0\_work\evidence\figures\FIG-P547-01\STRICT_R5_REQUAL_R96_SA1_CONT_20260824\glyphs\rois_1x\C0195_U0065_target_overlay_1x.png,D:\Users\ASUS\Desktop\机器学习\v2.7.0\_work\evidence\figures\FIG-P547-01\STRICT_R5_REQUAL_R96_SA1_CONT_20260824\glyphs\rois_1x\C0195_U0065_mask_only_1x.png,D:\Users\ASUS\Desktop\机器学习\v2.7.0\_work\evidence\figures\FIG-P547-01\STRICT_R5_REQUAL_R96_SA1_CONT_20260824\glyphs\cards_8x\C0195_U0065_contact_8x_nearest.png,"exact native 300dpi pixel colour-line segmentation; duplicate kerning-boundary ownership resolved, no morphology / repair / resampling",191,1,glyph_sheet_17_8x_nearest.png,R2C1
C0196,R,U0052,26,1,1,SPAN_B26_L01_S01,TLINE_B26_L01,TBLOCK_B26,STIXTwoText-Regular,9.9626,#1F2328,"370.255,429.503,376.820,439.466","1542,1788,1572,1833","1543,1793,1570,1821",27,28,349,DIGIT_UPPER,H_INK>=24,24.0000,NO,PASS,D:\Users\ASUS\Desktop\机器学习\v2.7.0\_work\evidence\figures\FIG-P547-01\STRICT_R5_REQUAL_R96_SA1_CONT_20260824\glyphs\rois_1x\C0196_U0052_original_1x.png,D:\Users\ASUS\Desktop\机器学习\v2.7.0\_work\evidence\figures\FIG-P547-01\STRICT_R5_REQUAL_R96_SA1_CONT_20260824\glyphs\rois_1x\C0196_U0052_target_overlay_1x.png,D:\Users\ASUS\Desktop\机器学习\v2.7.0\_work\evidence\figures\FIG-P547-01\STRICT_R5_REQUAL_R96_SA1_CONT_20260824\glyphs\rois_1x\C0196_U0052_mask_only_1x.png,D:\Users\ASUS\Desktop\机器学习\v2.7.0\_work\evidence\figures\FIG-P547-01\STRICT_R5_REQUAL_R96_SA1_CONT_20260824\glyphs\cards_8x\C0196_U0052_contact_8x_nearest.png,"exact native 300dpi pixel colour-line segmentation; duplicate kerning-boundary ownership resolved, no morphology / repair / resampling",349,1,glyph_sheet_17_8x_nearest.png,R2C2
C0197,a,U0061,26,1,1,SPAN_B26_L01_S01,TLINE_B26_L01,TBLOCK_B26,STIXTwoText-Regular,9.9626,#1F2328,"376.820,429.503,381.603,439.466","1569,1788,1592,1833","1571,1800,1590,1822",19,22,203,BASE_MATH,H_INK>=22,22.0000,NO,PASS,D:\Users\ASUS\Desktop\机器学习\v2.7.0\_work\evidence\figures\FIG-P547-01\STRICT_R5_REQUAL_R96_SA1_CONT_20260824\glyphs\rois_1x\C0197_U0061_original_1x.png,D:\Users\ASUS\Desktop\机器学习\v2.7.0\_work\evidence\figures\FIG-P547-01\STRICT_R5_REQUAL_R96_SA1_CONT_20260824\glyphs\rois_1x\C0197_U0061_target_overlay_1x.png,D:\Users\ASUS\Desktop\机器学习\v2.7.0\_work\evidence\figures\FIG-P547-01\STRICT_R5_REQUAL_R96_SA1_CONT_20260824\glyphs\rois_1x\C0197_U0061_mask_only_1x.png,D:\Users\ASUS\Desktop\机器学习\v2.7.0\_work\evidence\figures\FIG-P547-01\STRICT_R5_REQUAL_R96_SA1_CONT_20260824\glyphs\cards_8x\C0197_U0061_contact_8x_nearest.png,"exact native 300dpi pixel colour-line segmentation; duplicate kerning-boundary ownership resolved, no morphology / repair / resampling",203,1,glyph_sheet_17_8x_nearest.png,R3C1
C0198,n,U006E,26,1,1,SPAN_B26_L01_S01,TLINE_B26_L01,TBLOCK_B26,STIXTwoText-Regular,9.9626,#1F2328,"381.603,429.503,387.341,439.466","1589,1788,1616,1833","1591,1800,1613,1821",22,21,217,BASE_MATH,H_INK>=22,22.0000,NO,FAIL,D:\Users\ASUS\Desktop\机器学习\v2.7.0\_work\evidence\figures\FIG-P547-01\STRICT_R5_REQUAL_R96_SA1_CONT_20260824\glyphs\rois_1x\C0198_U006E_original_1x.png,D:\Users\ASUS\Desktop\机器学习\v2.7.0\_work\evidence\figures\FIG-P547-01\STRICT_R5_REQUAL_R96_SA1_CONT_20260824\glyphs\rois_1x\C0198_U006E_target_overlay_1x.png,D:\Users\ASUS\Desktop\机器学习\v2.7.0\_work\evidence\figures\FIG-P547-01\STRICT_R5_REQUAL_R96_SA1_CONT_20260824\glyphs\rois_1x\C0198_U006E_mask_only_1x.png,D:\Users\ASUS\Desktop\机器学习\v2.7.0\_work\evidence\figures\FIG-P547-01\STRICT_R5_REQUAL_R96_SA1_CONT_20260824\glyphs\cards_8x\C0198_U006E_contact_8x_nearest.png,"exact native 300dpi pixel colour-line segmentation; duplicate kerning-boundary ownership resolved, no morphology / repair / resampling",217,1,glyph_sheet_17_8x_nearest.png,R3C2
C0199,k,U006B,26,1,1,SPAN_B26_L01_S01,TLINE_B26_L01,TBLOCK_B26,STIXTwoText-Regular,9.9626,#1F2328,"387.341,429.503,392.741,439.466","1613,1788,1638,1833","1614,1791,1636,1821",22,30,258,BASE_MATH,H_INK>=22,22.0000,NO,PASS,D:\Users\ASUS\Desktop\机器学习\v2.7.0\_work\evidence\figures\FIG-P547-01\STRICT_R5_REQUAL_R96_SA1_CONT_20260824\glyphs\rois_1x\C0199_U006B_original_1x.png,D:\Users\ASUS\Desktop\机器学习\v2.7.0\_work\evidence\figures\FIG-P547-01\STRICT_R5_REQUAL_R96_SA1_CONT_20260824\glyphs\rois_1x\C0199_U006B_target_overlay_1x.png,D:\Users\ASUS\Desktop\机器学习\v2.7.0\_work\evidence\figures\FIG-P547-01\STRICT_R5_REQUAL_R96_SA1_CONT_20260824\glyphs\rois_1x\C0199_U006B_mask_only_1x.png,D:\Users\ASUS\Desktop\机器学习\v2.7.0\_work\evidence\figures\FIG-P547-01\STRICT_R5_REQUAL_R96_SA1_CONT_20260824\glyphs\cards_8x\C0199_U006B_contact_8x_nearest.png,"exact native 300dpi pixel colour-line segmentation; duplicate kerning-boundary ownership resolved, no morphology / repair / resampling",258,1,glyph_sheet_17_8x_nearest.png,R4C1
C0200,约,U7EA6,26,1,2,SPAN_B26_L01_S02,TLINE_B26_L01,TBLOCK_B26,NotoSerifSC-ExtraLight,9.9626,#1F2328,"395.231,429.125,405.194,439.795","1646,1787,1690,1834","1647,1787,1686,1824",39,37,430,CJK_FULL,H_INK>=30,30.0000,NO,PASS,D:\Users\ASUS\Desktop\机器学习\v2.7.0\_work\evidence\figures\FIG-P547-01\STRICT_R5_REQUAL_R96_SA1_CONT_20260824\glyphs\rois_1x\C0200_U7EA6_original_1x.png,D:\Users\ASUS\Desktop\机器学习\v2.7.0\_work\evidence\figures\FIG-P547-01\STRICT_R5_REQUAL_R96_SA1_CONT_20260824\glyphs\rois_1x\C0200_U7EA6_target_overlay_1x.png,D:\Users\ASUS\Desktop\机器学习\v2.7.0\_work\evidence\figures\FIG-P547-01\STRICT_R5_REQUAL_R96_SA1_CONT_20260824\glyphs\rois_1x\C0200_U7EA6_mask_only_1x.png,D:\Users\ASUS\Desktop\机器学习\v2.7.0\_work\evidence\figures\FIG-P547-01\STRICT_R5_REQUAL_R96_SA1_CONT_20260824\glyphs\cards_8x\C0200_U7EA6_contact_8x_nearest.png,"exact native 300dpi pixel colour-line segmentation; duplicate kerning-boundary ownership resolved, no morphology / repair / resampling",0,4,glyph_sheet_17_8x_nearest.png,R4C2
C0201,定,U5B9A,26,1,2,SPAN_B26_L01_S02,TLINE_B26_L01,TBLOCK_B26,NotoSerifSC-ExtraLight,9.9626,#1F2328,"405.194,429.125,415.156,439.795","1687,1787,1732,1834","1689,1787,1728,1824",39,37,444,CJK_FULL,H_INK>=30,30.0000,NO,PASS,D:\Users\ASUS\Desktop\机器学习\v2.7.0\_work\evidence\figures\FIG-P547-01\STRICT_R5_REQUAL_R96_SA1_CONT_20260824\glyphs\rois_1x\C0201_U5B9A_original_1x.png,D:\Users\ASUS\Desktop\机器学习\v2.7.0\_work\evidence\figures\FIG-P547-01\STRICT_R5_REQUAL_R96_SA1_CONT_20260824\glyphs\rois_1x\C0201_U5B9A_target_overlay_1x.png,D:\Users\ASUS\Desktop\机器学习\v2.7.0\_work\evidence\figures\FIG-P547-01\STRICT_R5_REQUAL_R96_SA1_CONT_20260824\glyphs\rois_1x\C0201_U5B9A_mask_only_1x.png,D:\Users\ASUS\Desktop\机器学习\v2.7.0\_work\evidence\figures\FIG-P547-01\STRICT_R5_REQUAL_R96_SA1_CONT_20260824\glyphs\cards_8x\C0201_U5B9A_contact_8x_nearest.png,"exact native 300dpi pixel colour-line segmentation; duplicate kerning-boundary ownership resolved, no morphology / repair / resampling",444,1,glyph_sheet_17_8x_nearest.png,R5C1
C0202,的,U7684,26,1,2,SPAN_B26_L01_S02,TLINE_B26_L01,TBLOCK_B26,NotoSerifSC-ExtraLight,9.9626,#1F2328,"415.156,429.125,425.119,439.795","1729,1787,1773,1834","1733,1787,1769,1824",36,37,436,CJK_FULL,H_INK>=30,30.0000,NO,PASS,D:\Users\ASUS\Desktop\机器学习\v2.7.0\_work\evidence\figures\FIG-P547-01\STRICT_R5_REQUAL_R96_SA1_CONT_20260824\glyphs\rois_1x\C0202_U7684_original_1x.png,D:\Users\ASUS\Desktop\机器学习\v2.7.0\_work\evidence\figures\FIG-P547-01\STRICT_R5_REQUAL_R96_SA1_CONT_20260824\glyphs\rois_1x\C0202_U7684_target_overlay_1x.png,D:\Users\ASUS\Desktop\机器学习\v2.7.0\_work\evidence\figures\FIG-P547-01\STRICT_R5_REQUAL_R96_SA1_CONT_20260824\glyphs\rois_1x\C0202_U7684_mask_only_1x.png,D:\Users\ASUS\Desktop\机器学习\v2.7.0\_work\evidence\figures\FIG-P547-01\STRICT_R5_REQUAL_R96_SA1_CONT_20260824\glyphs\cards_8x\C0202_U7684_contact_8x_nearest.png,"exact native 300dpi pixel colour-line segmentation; duplicate kerning-boundary ownership resolved, no morphology / repair / resampling",0,2,glyph_sheet_17_8x_nearest.png,R5C2
C0203,显,U663E,26,1,2,SPAN_B26_L01_S02,TLINE_B26_L01,TBLOCK_B26,NotoSerifSC-ExtraLight,9.9626,#1F2328,"425.119,429.125,435.082,439.795","1770,1787,1815,1834","1773,1787,1811,1823",38,36,495,CJK_FULL,H_INK>=30,30.0000,NO,PASS,D:\Users\ASUS\Desktop\机器学习\v2.7.0\_work\evidence\figures\FIG-P547-01\STRICT_R5_REQUAL_R96_SA1_CONT_20260824\glyphs\rois_1x\C0203_U663E_original_1x.png,D:\Users\ASUS\Desktop\机器学习\v2.7.0\_work\evidence\figures\FIG-P547-01\STRICT_R5_REQUAL_R96_SA1_CONT_20260824\glyphs\rois_1x\C0203_U663E_target_overlay_1x.png,D:\Users\ASUS\Desktop\机器学习\v2.7.0\_work\evidence\figures\FIG-P547-01\STRICT_R5_REQUAL_R96_SA1_CONT_20260824\glyphs\rois_1x\C0203_U663E_mask_only_1x.png,D:\Users\ASUS\Desktop\机器学习\v2.7.0\_work\evidence\figures\FIG-P547-01\STRICT_R5_REQUAL_R96_SA1_CONT_20260824\glyphs\cards_8x\C0203_U663E_contact_8x_nearest.png,"exact native 300dpi pixel colour-line segmentation; duplicate kerning-boundary ownership resolved, no morphology / repair / resampling",0,3,glyph_sheet_17_8x_nearest.png,R6C1
C0204,式,U5F0F,26,1,2,SPAN_B26_L01_S02,TLINE_B26_L01,TBLOCK_B26,NotoSerifSC-ExtraLight,9.9626,#1F2328,"435.082,429.125,445.044,439.795","1812,1787,1856,1834","1814,1787,1852,1824",38,37,370,CJK_FULL,H_INK>=30,30.0000,NO,PASS,D:\Users\ASUS\Desktop\机器学习\v2.7.0\_work\evidence\figures\FIG-P547-01\STRICT_R5_REQUAL_R96_SA1_CONT_20260824\glyphs\rois_1x\C0204_U5F0F_original_1x.png,D:\Users\ASUS\Desktop\机器学习\v2.7.0\_work\evidence\figures\FIG-P547-01\STRICT_R5_REQUAL_R96_SA1_CONT_20260824\glyphs\rois_1x\C0204_U5F0F_target_overlay_1x.png,D:\Users\ASUS\Desktop\机器学习\v2.7.0\_work\evidence\figures\FIG-P547-01\STRICT_R5_REQUAL_R96_SA1_CONT_20260824\glyphs\rois_1x\C0204_U5F0F_mask_only_1x.png,D:\Users\ASUS\Desktop\机器学习\v2.7.0\_work\evidence\figures\FIG-P547-01\STRICT_R5_REQUAL_R96_SA1_CONT_20260824\glyphs\cards_8x\C0204_U5F0F_contact_8x_nearest.png,"exact native 300dpi pixel colour-line segmentation; duplicate kerning-boundary ownership resolved, no morphology / repair / resampling",238,2,glyph_sheet_17_8x_nearest.png,R6C2
C0205,转,U8F6C,26,1,2,SPAN_B26_L01_S02,TLINE_B26_L01,TBLOCK_B26,NotoSerifSC-ExtraLight,9.9626,#1F2328,"445.044,429.125,455.007,439.795","1853,1787,1898,1834","1856,1787,1894,1825",38,38,500,CJK_FULL,H_INK>=30,30.0000,NO,PASS,D:\Users\ASUS\Desktop\机器学习\v2.7.0\_work\evidence\figures\FIG-P547-01\STRICT_R5_REQUAL_R96_SA1_CONT_20260824\glyphs\rois_1x\C0205_U8F6C_original_1x.png,D:\Users\ASUS\Desktop\机器学习\v2.7.0\_work\evidence\figures\FIG-P547-01\STRICT_R5_REQUAL_R96_SA1_CONT_20260824\glyphs\rois_1x\C0205_U8F6C_target_overlay_1x.png,D:\Users\ASUS\Desktop\机器学习\v2.7.0\_work\evidence\figures\FIG-P547-01\STRICT_R5_REQUAL_R96_SA1_CONT_20260824\glyphs\rois_1x\C0205_U8F6C_mask_only_1x.png,D:\Users\ASUS\Desktop\机器学习\v2.7.0\_work\evidence\figures\FIG-P547-01\STRICT_R5_REQUAL_R96_SA1_CONT_20260824\glyphs\cards_8x\C0205_U8F6C_contact_8x_nearest.png,"exact native 300dpi pixel colour-line segmentation; duplicate kerning-boundary ownership resolved, no morphology / repair / resampling",0,1,glyph_sheet_18_8x_nearest.png,R1C1
C0206,置,U7F6E,26,1,2,SPAN_B26_L01_S02,TLINE_B26_L01,TBLOCK_B26,NotoSerifSC-ExtraLight,9.9626,#1F2328,"455.007,429.125,464.970,439.795","1895,1787,1939,1834","1896,1787,1935,1823",39,36,615,CJK_FULL,H_INK>=30,30.0000,NO,PASS,D:\Users\ASUS\Desktop\机器学习\v2.7.0\_work\evidence\figures\FIG-P547-01\STRICT_R5_REQUAL_R96_SA1_CONT_20260824\glyphs\rois_1x\C0206_U7F6E_original_1x.png,D:\Users\ASUS\Desktop\机器学习\v2.7.0\_work\evidence\figures\FIG-P547-01\STRICT_R5_REQUAL_R96_SA1_CONT_20260824\glyphs\rois_1x\C0206_U7F6E_target_overlay_1x.png,D:\Users\ASUS\Desktop\机器学习\v2.7.0\_work\evidence\figures\FIG-P547-01\STRICT_R5_REQUAL_R96_SA1_CONT_20260824\glyphs\rois_1x\C0206_U7F6E_mask_only_1x.png,D:\Users\ASUS\Desktop\机器学习\v2.7.0\_work\evidence\figures\FIG-P547-01\STRICT_R5_REQUAL_R96_SA1_CONT_20260824\glyphs\cards_8x\C0206_U7F6E_contact_8x_nearest.png,"exact native 300dpi pixel colour-line segmentation; duplicate kerning-boundary ownership resolved, no morphology / repair / resampling",615,1,glyph_sheet_18_8x_nearest.png,R1C2
C0207,桥,U6865,26,1,2,SPAN_B26_L01_S02,TLINE_B26_L01,TBLOCK_B26,NotoSerifSC-ExtraLight,9.9626,#1F2328,"464.970,429.125,474.932,439.795","1936,1787,1981,1834","1938,1787,1977,1825",39,38,497,CJK_FULL,H_INK>=30,30.0000,NO,PASS,D:\Users\ASUS\Desktop\机器学习\v2.7.0\_work\evidence\figures\FIG-P547-01\STRICT_R5_REQUAL_R96_SA1_CONT_20260824\glyphs\rois_1x\C0207_U6865_original_1x.png,D:\Users\ASUS\Desktop\机器学习\v2.7.0\_work\evidence\figures\FIG-P547-01\STRICT_R5_REQUAL_R96_SA1_CONT_20260824\glyphs\rois_1x\C0207_U6865_target_overlay_1x.png,D:\Users\ASUS\Desktop\机器学习\v2.7.0\_work\evidence\figures\FIG-P547-01\STRICT_R5_REQUAL_R96_SA1_CONT_20260824\glyphs\rois_1x\C0207_U6865_mask_only_1x.png,D:\Users\ASUS\Desktop\机器学习\v2.7.0\_work\evidence\figures\FIG-P547-01\STRICT_R5_REQUAL_R96_SA1_CONT_20260824\glyphs\cards_8x\C0207_U6865_contact_8x_nearest.png,"exact native 300dpi pixel colour-line segmentation; duplicate kerning-boundary ownership resolved, no morphology / repair / resampling",497,1,glyph_sheet_18_8x_nearest.png,R2C1
C0208,。,U3002,26,1,2,SPAN_B26_L01_S02,TLINE_B26_L01,TBLOCK_B26,NotoSerifSC-ExtraLight,9.9626,#1F2328,"474.932,429.125,484.895,439.795","1978,1787,2022,1834","1979,1812,1992,1825",13,13,76,LOW_PROFILE,INDEPENDENT_CALIBRATION,CALIBRATION,YES,PASS,D:\Users\ASUS\Desktop\机器学习\v2.7.0\_work\evidence\figures\FIG-P547-01\STRICT_R5_REQUAL_R96_SA1_CONT_20260824\glyphs\rois_1x\C0208_U3002_original_1x.png,D:\Users\ASUS\Desktop\机器学习\v2.7.0\_work\evidence\figures\FIG-P547-01\STRICT_R5_REQUAL_R96_SA1_CONT_20260824\glyphs\rois_1x\C0208_U3002_target_overlay_1x.png,D:\Users\ASUS\Desktop\机器学习\v2.7.0\_work\evidence\figures\FIG-P547-01\STRICT_R5_REQUAL_R96_SA1_CONT_20260824\glyphs\rois_1x\C0208_U3002_mask_only_1x.png,D:\Users\ASUS\Desktop\机器学习\v2.7.0\_work\evidence\figures\FIG-P547-01\STRICT_R5_REQUAL_R96_SA1_CONT_20260824\glyphs\cards_8x\C0208_U3002_contact_8x_nearest.png,"exact native 300dpi pixel colour-line segmentation; duplicate kerning-boundary ownership resolved, no morphology / repair / resampling",76,1,glyph_sheet_18_8x_nearest.png,R2C2
