pair_id,object_a,object_b,relation_class,required_clearance_px,overlap_pixel_count,clearance_px,metric
PAIR-001-002,G001,G002,TEXT_TEXT_INDEPENDENT,4,0,61.0,BBOX_GAP_LOWER_BOUND
PAIR-001-003,G001,G003,TEXT_TEXT_INDEPENDENT,4,0,149.0,BBOX_GAP_LOWER_BOUND
PAIR-001-004,G001,G004,TEXT_TEXT_INDEPENDENT,4,0,386.264,BBOX_GAP_LOWER_BOUND
PAIR-001-005,G001,G005,TEXT_TEXT_INDEPENDENT,4,0,424.924,BBOX_GAP_LOWER_BOUND
PAIR-001-006,G001,G006,TEXT_TEXT_INDEPENDENT,4,0,462.836,BBOX_GAP_LOWER_BOUND
PAIR-001-007,G001,G007,TEXT_TEXT_INDEPENDENT,4,0,349.677,BBOX_GAP_LOWER_BOUND
PAIR-001-008,G001,G008,TEXT_TEXT_INDEPENDENT,4,0,409.132,BBOX_GAP_LOWER_BOUND
PAIR-001-009,G001,G009,TEXT_TEXT_INDEPENDENT,4,0,427.3,BBOX_GAP_LOWER_BOUND
PAIR-001-010,G001,G010,TEXT_TEXT_INDEPENDENT,4,0,445.66,BBOX_GAP_LOWER_BOUND
PAIR-001-011,G001,G011,TEXT_TEXT_INDEPENDENT,4,0,484.905,BBOX_GAP_LOWER_BOUND
PAIR-001-012,G001,G012,TEXT_TEXT_INDEPENDENT,4,0,502.245,BBOX_GAP_LOWER_BOUND
PAIR-001-013,G001,G013,TEXT_TEXT_INDEPENDENT,4,0,567.354,BBOX_GAP_LOWER_BOUND
PAIR-001-014,G001,G014,TEXT_TEXT_INDEPENDENT,4,0,610.752,BBOX_GAP_LOWER_BOUND
PAIR-001-015,G001,G015,TEXT_TEXT_INDEPENDENT,4,0,646.32,BBOX_GAP_LOWER_BOUND
PAIR-001-016,G001,G016,TEXT_TEXT_INDEPENDENT,4,0,685.894,BBOX_GAP_LOWER_BOUND
PAIR-001-017,G001,G017,TEXT_TEXT_INDEPENDENT,4,0,735.692,BBOX_GAP_LOWER_BOUND
PAIR-001-018,G001,G018,TEXT_TEXT_INDEPENDENT,4,0,793.202,BBOX_GAP_LOWER_BOUND
PAIR-001-019,G001,G019,TEXT_TEXT_INDEPENDENT,4,0,813.566,BBOX_GAP_LOWER_BOUND
PAIR-001-020,G001,G020,TEXT_TEXT_INDEPENDENT,4,0,831.912,BBOX_GAP_LOWER_BOUND
PAIR-001-021,G001,G021,TEXT_TEXT_INDEPENDENT,4,0,871.195,BBOX_GAP_LOWER_BOUND
PAIR-001-022,G001,G022,TEXT_TEXT_INDEPENDENT,4,0,886.657,BBOX_GAP_LOWER_BOUND
PAIR-001-023,G001,G023,TEXT_TEXT_INDEPENDENT,4,0,906.423,BBOX_GAP_LOWER_BOUND
PAIR-001-024,G001,G024,TEXT_TEXT_INDEPENDENT,4,0,132.197,BBOX_GAP_LOWER_BOUND
PAIR-001-025,G001,G025,TEXT_TEXT_INDEPENDENT,4,0,117.881,BBOX_GAP_LOWER_BOUND
PAIR-001-026,G001,G026,TEXT_TEXT_INDEPENDENT,4,0,578.849,BBOX_GAP_LOWER_BOUND
PAIR-001-027,G001,G027,TEXT_TEXT_INDEPENDENT,4,0,621.035,BBOX_GAP_LOWER_BOUND
PAIR-001-028,G001,G028,TEXT_TEXT_INDEPENDENT,4,0,672.741,BBOX_GAP_LOWER_BOUND
PAIR-001-029,G001,G029,TEXT_TEXT_INDEPENDENT,4,0,697.941,BBOX_GAP_LOWER_BOUND
PAIR-001-030,G001,G030,CROSS_PANEL_READER_ELEMENTS,8,0,429.689,BBOX_GAP_LOWER_BOUND
PAIR-001-031,G001,G031,CROSS_PANEL_READER_ELEMENTS,8,0,509.232,BBOX_GAP_LOWER_BOUND
PAIR-001-032,G001,G032,CROSS_PANEL_READER_ELEMENTS,8,0,704.222,BBOX_GAP_LOWER_BOUND
PAIR-001-033,G001,G033,CROSS_PANEL_READER_ELEMENTS,8,0,718.619,BBOX_GAP_LOWER_BOUND
PAIR-001-034,G001,G034,CROSS_PANEL_READER_ELEMENTS,8,0,951.225,BBOX_GAP_LOWER_BOUND
PAIR-001-035,G001,G035,CROSS_PANEL_READER_ELEMENTS,8,0,967.343,BBOX_GAP_LOWER_BOUND
PAIR-001-036,G001,G036,CROSS_PANEL_READER_ELEMENTS,8,0,1215.472,BBOX_GAP_LOWER_BOUND
PAIR-001-037,G001,G037,CROSS_PANEL_READER_ELEMENTS,8,0,1233.279,BBOX_GAP_LOWER_BOUND
PAIR-001-038,G001,G038,CROSS_PANEL_READER_ELEMENTS,8,0,363.233,BBOX_GAP_LOWER_BOUND
PAIR-001-039,G001,G039,CROSS_PANEL_READER_ELEMENTS,8,0,384.012,BBOX_GAP_LOWER_BOUND
PAIR-001-040,G001,G040,CROSS_PANEL_READER_ELEMENTS,8,0,363.0,BBOX_GAP_LOWER_BOUND
PAIR-001-041,G001,G041,CROSS_PANEL_READER_ELEMENTS,8,0,312.271,BBOX_GAP_LOWER_BOUND
PAIR-001-042,G001,G042,CROSS_PANEL_READER_ELEMENTS,8,0,333.014,BBOX_GAP_LOWER_BOUND
PAIR-001-043,G001,G043,CROSS_PANEL_READER_ELEMENTS,8,0,312.0,BBOX_GAP_LOWER_BOUND
PAIR-001-044,G001,G044,CROSS_PANEL_READER_ELEMENTS,8,0,260.0,BBOX_GAP_LOWER_BOUND
PAIR-001-045,G001,G045,CROSS_PANEL_READER_ELEMENTS,8,0,208.291,BBOX_GAP_LOWER_BOUND
PAIR-001-046,G001,G046,CROSS_PANEL_READER_ELEMENTS,8,0,229.02,BBOX_GAP_LOWER_BOUND
PAIR-001-047,G001,G047,CROSS_PANEL_READER_ELEMENTS,8,0,208.0,BBOX_GAP_LOWER_BOUND
PAIR-001-048,G001,G048,CROSS_PANEL_READER_ELEMENTS,8,0,988.6,BBOX_GAP_LOWER_BOUND
PAIR-001-049,G001,G049,CROSS_PANEL_READER_ELEMENTS,8,0,1020.236,BBOX_GAP_LOWER_BOUND
PAIR-001-050,G001,G050,CROSS_PANEL_READER_ELEMENTS,8,0,1059.812,BBOX_GAP_LOWER_BOUND
PAIR-001-051,G001,G051,CROSS_PANEL_READER_ELEMENTS,8,0,1110.158,BBOX_GAP_LOWER_BOUND
PAIR-001-052,G001,G052,CROSS_PANEL_READER_ELEMENTS,8,0,770.88,BBOX_GAP_LOWER_BOUND
PAIR-001-053,G001,G053,CROSS_PANEL_READER_ELEMENTS,8,0,317.959,BBOX_GAP_LOWER_BOUND
PAIR-001-054,G001,G054,CROSS_PANEL_READER_ELEMENTS,8,0,324.68,BBOX_GAP_LOWER_BOUND
PAIR-001-055,G001,G055,CROSS_PANEL_READER_ELEMENTS,8,0,323.186,BBOX_GAP_LOWER_BOUND
PAIR-001-056,G001,G056,CROSS_PANEL_READER_ELEMENTS,8,0,313.465,BBOX_GAP_LOWER_BOUND
PAIR-001-057,G001,G057,CROSS_PANEL_READER_ELEMENTS,8,0,389.293,BBOX_GAP_LOWER_BOUND
PAIR-001-058,G001,G058,CROSS_PANEL_READER_ELEMENTS,8,0,436.492,BBOX_GAP_LOWER_BOUND
PAIR-001-059,G001,G059,CROSS_PANEL_READER_ELEMENTS,8,0,476.934,BBOX_GAP_LOWER_BOUND
PAIR-001-060,G001,G060,CROSS_PANEL_READER_ELEMENTS,8,0,521.422,BBOX_GAP_LOWER_BOUND
PAIR-001-061,G001,G061,CROSS_PANEL_READER_ELEMENTS,8,0,566.982,BBOX_GAP_LOWER_BOUND
PAIR-001-062,G001,G062,CROSS_PANEL_READER_ELEMENTS,8,0,610.623,BBOX_GAP_LOWER_BOUND
PAIR-001-063,G001,G063,CROSS_PANEL_READER_ELEMENTS,8,0,656.299,BBOX_GAP_LOWER_BOUND
PAIR-001-064,G001,G064,CROSS_PANEL_READER_ELEMENTS,8,0,699.035,BBOX_GAP_LOWER_BOUND
PAIR-001-065,G001,G065,CROSS_PANEL_READER_ELEMENTS,8,0,754.361,BBOX_GAP_LOWER_BOUND
PAIR-001-066,G001,G066,CROSS_PANEL_READER_ELEMENTS,8,0,789.36,BBOX_GAP_LOWER_BOUND
PAIR-001-067,G001,G067,CROSS_PANEL_READER_ELEMENTS,8,0,811.69,BBOX_GAP_LOWER_BOUND
PAIR-001-068,G001,G068,CROSS_PANEL_READER_ELEMENTS,8,0,823.219,BBOX_GAP_LOWER_BOUND
PAIR-001-069,G001,P1_AXES,TEXT_GRAPHIC,3,0,16.0,BBOX_GAP_LOWER_BOUND
PAIR-001-070,G001,P1_CURVE_MARKERS,TEXT_GRAPHIC,3,0,46.0,BBOX_GAP_LOWER_BOUND
PAIR-001-071,G001,P1_WARMUP_BOUNDARY,TEXT_GRAPHIC,3,0,314.0,BBOX_GAP_LOWER_BOUND
PAIR-001-072,G001,P1_EQ_WARMUP_TOP,TEXT_GRAPHIC,3,0,376.745,BBOX_GAP_LOWER_BOUND
PAIR-001-073,G001,P1_EQ_WARMUP_BOTTOM,TEXT_GRAPHIC,3,0,373.376,BBOX_GAP_LOWER_BOUND
PAIR-001-074,G001,P1_EQ_RETAIN_TOP,TEXT_GRAPHIC,3,0,761.202,BBOX_GAP_LOWER_BOUND
PAIR-001-075,G001,P1_EQ_RETAIN_BOTTOM,TEXT_GRAPHIC,3,0,758.489,BBOX_GAP_LOWER_BOUND
PAIR-001-076,G001,P2_AXES,TEXT_GRAPHIC,3,0,170.751,BBOX_GAP_LOWER_BOUND
PAIR-001-077,G001,P2_CURVE_MARKERS,TEXT_GRAPHIC,3,0,412.331,BBOX_GAP_LOWER_BOUND
PAIR-001-078,G001,P2_WARMUP_BOUNDARY,TEXT_GRAPHIC,3,0,356.118,BBOX_GAP_LOWER_BOUND
PAIR-001-079,G001,P2_TARGET_LINE,TEXT_GRAPHIC,3,0,416.184,BBOX_GAP_LOWER_BOUND
PAIR-001-080,G001,P2_YLABEL_OVERLINE,TEXT_GRAPHIC,3,0,307.327,BBOX_GAP_LOWER_BOUND
PAIR-001-081,G001,P2_TITLE_OVERLINE,TEXT_GRAPHIC,3,0,753.353,BBOX_GAP_LOWER_BOUND
PAIR-001-082,G001,P1_HATCH,TEXT_GRAPHIC,3,0,55.0,BBOX_GAP_LOWER_BOUND
PAIR-001-083,G001,P2_HATCH,TEXT_GRAPHIC,3,0,178.676,BBOX_GAP_LOWER_BOUND
PAIR-002-003,G002,G003,TEXT_TEXT_INDEPENDENT,4,0,61.0,BBOX_GAP_LOWER_BOUND
PAIR-002-004,G002,G004,TEXT_TEXT_INDEPENDENT,4,0,373.343,BBOX_GAP_LOWER_BOUND
PAIR-002-005,G002,G005,TEXT_TEXT_INDEPENDENT,4,0,413.31,BBOX_GAP_LOWER_BOUND
PAIR-002-006,G002,G006,TEXT_TEXT_INDEPENDENT,4,0,452.283,BBOX_GAP_LOWER_BOUND
PAIR-002-007,G002,G007,TEXT_TEXT_INDEPENDENT,4,0,346.0,BBOX_GAP_LOWER_BOUND
PAIR-002-008,G002,G008,TEXT_TEXT_INDEPENDENT,4,0,406.0,BBOX_GAP_LOWER_BOUND
PAIR-002-009,G002,G009,TEXT_TEXT_INDEPENDENT,4,0,425.0,BBOX_GAP_LOWER_BOUND
PAIR-002-010,G002,G010,TEXT_TEXT_INDEPENDENT,4,0,443.0,BBOX_GAP_LOWER_BOUND
PAIR-002-011,G002,G011,TEXT_TEXT_INDEPENDENT,4,0,483.0,BBOX_GAP_LOWER_BOUND
PAIR-002-012,G002,G012,TEXT_TEXT_INDEPENDENT,4,0,500.0,BBOX_GAP_LOWER_BOUND
PAIR-002-013,G002,G013,TEXT_TEXT_INDEPENDENT,4,0,560.072,BBOX_GAP_LOWER_BOUND
PAIR-002-014,G002,G014,TEXT_TEXT_INDEPENDENT,4,0,604.067,BBOX_GAP_LOWER_BOUND
PAIR-002-015,G002,G015,TEXT_TEXT_INDEPENDENT,4,0,640.063,BBOX_GAP_LOWER_BOUND
PAIR-002-016,G002,G016,TEXT_TEXT_INDEPENDENT,4,0,680.06,BBOX_GAP_LOWER_BOUND
PAIR-002-017,G002,G017,TEXT_TEXT_INDEPENDENT,4,0,730.083,BBOX_GAP_LOWER_BOUND
PAIR-002-018,G002,G018,TEXT_TEXT_INDEPENDENT,4,0,788.077,BBOX_GAP_LOWER_BOUND
PAIR-002-019,G002,G019,TEXT_TEXT_INDEPENDENT,4,0,809.03,BBOX_GAP_LOWER_BOUND
PAIR-002-020,G002,G020,TEXT_TEXT_INDEPENDENT,4,0,827.073,BBOX_GAP_LOWER_BOUND
PAIR-002-021,G002,G021,TEXT_TEXT_INDEPENDENT,4,0,867.028,BBOX_GAP_LOWER_BOUND
PAIR-002-022,G002,G022,TEXT_TEXT_INDEPENDENT,4,0,882.082,BBOX_GAP_LOWER_BOUND
PAIR-002-023,G002,G023,TEXT_TEXT_INDEPENDENT,4,0,902.067,BBOX_GAP_LOWER_BOUND
PAIR-002-024,G002,G024,TEXT_TEXT_INDEPENDENT,4,0,127.0,BBOX_GAP_LOWER_BOUND
PAIR-002-025,G002,G025,TEXT_TEXT_INDEPENDENT,4,0,115.434,BBOX_GAP_LOWER_BOUND
PAIR-002-026,G002,G026,TEXT_TEXT_INDEPENDENT,4,0,552.254,BBOX_GAP_LOWER_BOUND
PAIR-002-027,G002,G027,TEXT_TEXT_INDEPENDENT,4,0,596.252,BBOX_GAP_LOWER_BOUND
PAIR-002-028,G002,G028,TEXT_TEXT_INDEPENDENT,4,0,649.611,BBOX_GAP_LOWER_BOUND
PAIR-002-029,G002,G029,TEXT_TEXT_INDEPENDENT,4,0,677.018,BBOX_GAP_LOWER_BOUND
PAIR-002-030,G002,G030,CROSS_PANEL_READER_ELEMENTS,8,0,516.33,BBOX_GAP_LOWER_BOUND
PAIR-002-031,G002,G031,CROSS_PANEL_READER_ELEMENTS,8,0,584.439,BBOX_GAP_LOWER_BOUND
PAIR-002-032,G002,G032,CROSS_PANEL_READER_ELEMENTS,8,0,760.866,BBOX_GAP_LOWER_BOUND
PAIR-002-033,G002,G033,CROSS_PANEL_READER_ELEMENTS,8,0,774.233,BBOX_GAP_LOWER_BOUND
PAIR-002-034,G002,G034,CROSS_PANEL_READER_ELEMENTS,8,0,994.182,BBOX_GAP_LOWER_BOUND
PAIR-002-035,G002,G035,CROSS_PANEL_READER_ELEMENTS,8,0,1009.632,BBOX_GAP_LOWER_BOUND
PAIR-002-036,G002,G036,CROSS_PANEL_READER_ELEMENTS,8,0,1249.607,BBOX_GAP_LOWER_BOUND
PAIR-002-037,G002,G037,CROSS_PANEL_READER_ELEMENTS,8,0,1266.949,BBOX_GAP_LOWER_BOUND
PAIR-002-038,G002,G038,CROSS_PANEL_READER_ELEMENTS,8,0,450.218,BBOX_GAP_LOWER_BOUND
PAIR-002-039,G002,G039,CROSS_PANEL_READER_ELEMENTS,8,0,471.017,BBOX_GAP_LOWER_BOUND
PAIR-002-040,G002,G040,CROSS_PANEL_READER_ELEMENTS,8,0,450.0,BBOX_GAP_LOWER_BOUND
PAIR-002-041,G002,G041,CROSS_PANEL_READER_ELEMENTS,8,0,399.246,BBOX_GAP_LOWER_BOUND
PAIR-002-042,G002,G042,CROSS_PANEL_READER_ELEMENTS,8,0,420.019,BBOX_GAP_LOWER_BOUND
PAIR-002-043,G002,G043,CROSS_PANEL_READER_ELEMENTS,8,0,399.0,BBOX_GAP_LOWER_BOUND
PAIR-002-044,G002,G044,CROSS_PANEL_READER_ELEMENTS,8,0,347.0,BBOX_GAP_LOWER_BOUND
PAIR-002-045,G002,G045,CROSS_PANEL_READER_ELEMENTS,8,0,295.244,BBOX_GAP_LOWER_BOUND
PAIR-002-046,G002,G046,CROSS_PANEL_READER_ELEMENTS,8,0,316.025,BBOX_GAP_LOWER_BOUND
PAIR-002-047,G002,G047,CROSS_PANEL_READER_ELEMENTS,8,0,295.0,BBOX_GAP_LOWER_BOUND
PAIR-002-048,G002,G048,CROSS_PANEL_READER_ELEMENTS,8,0,1006.543,BBOX_GAP_LOWER_BOUND
PAIR-002-049,G002,G049,CROSS_PANEL_READER_ELEMENTS,8,0,1037.663,BBOX_GAP_LOWER_BOUND
PAIR-002-050,G002,G050,CROSS_PANEL_READER_ELEMENTS,8,0,1076.636,BBOX_GAP_LOWER_BOUND
PAIR-002-051,G002,G051,CROSS_PANEL_READER_ELEMENTS,8,0,1126.737,BBOX_GAP_LOWER_BOUND
PAIR-002-052,G002,G052,CROSS_PANEL_READER_ELEMENTS,8,0,829.001,BBOX_GAP_LOWER_BOUND
PAIR-002-053,G002,G053,CROSS_PANEL_READER_ELEMENTS,8,0,395.596,BBOX_GAP_LOWER_BOUND
PAIR-002-054,G002,G054,CROSS_PANEL_READER_ELEMENTS,8,0,404.857,BBOX_GAP_LOWER_BOUND
PAIR-002-055,G002,G055,CROSS_PANEL_READER_ELEMENTS,8,0,404.491,BBOX_GAP_LOWER_BOUND
PAIR-002-056,G002,G056,CROSS_PANEL_READER_ELEMENTS,8,0,396.063,BBOX_GAP_LOWER_BOUND
PAIR-002-057,G002,G057,CROSS_PANEL_READER_ELEMENTS,8,0,415.852,BBOX_GAP_LOWER_BOUND
PAIR-002-058,G002,G058,CROSS_PANEL_READER_ELEMENTS,8,0,460.44,BBOX_GAP_LOWER_BOUND
PAIR-002-059,G002,G059,CROSS_PANEL_READER_ELEMENTS,8,0,499.027,BBOX_GAP_LOWER_BOUND
PAIR-002-060,G002,G060,CROSS_PANEL_READER_ELEMENTS,8,0,541.787,BBOX_GAP_LOWER_BOUND
PAIR-002-061,G002,G061,CROSS_PANEL_READER_ELEMENTS,8,0,585.844,BBOX_GAP_LOWER_BOUND
PAIR-002-062,G002,G062,CROSS_PANEL_READER_ELEMENTS,8,0,628.246,BBOX_GAP_LOWER_BOUND
PAIR-002-063,G002,G063,CROSS_PANEL_READER_ELEMENTS,8,0,672.795,BBOX_GAP_LOWER_BOUND
PAIR-002-064,G002,G064,CROSS_PANEL_READER_ELEMENTS,8,0,714.605,BBOX_GAP_LOWER_BOUND
PAIR-002-065,G002,G065,CROSS_PANEL_READER_ELEMENTS,8,0,769.562,BBOX_GAP_LOWER_BOUND
PAIR-002-066,G002,G066,CROSS_PANEL_READER_ELEMENTS,8,0,805.993,BBOX_GAP_LOWER_BOUND
PAIR-002-067,G002,G067,CROSS_PANEL_READER_ELEMENTS,8,0,828.322,BBOX_GAP_LOWER_BOUND
PAIR-002-068,G002,G068,CROSS_PANEL_READER_ELEMENTS,8,0,839.326,BBOX_GAP_LOWER_BOUND
PAIR-002-069,G002,P1_AXES,TEXT_GRAPHIC,3,0,17.0,BBOX_GAP_LOWER_BOUND
PAIR-002-070,G002,P1_CURVE_MARKERS,TEXT_GRAPHIC,3,0,47.0,BBOX_GAP_LOWER_BOUND
PAIR-002-071,G002,P1_WARMUP_BOUNDARY,TEXT_GRAPHIC,3,0,315.0,BBOX_GAP_LOWER_BOUND
PAIR-002-072,G002,P1_EQ_WARMUP_TOP,TEXT_GRAPHIC,3,0,370.0,BBOX_GAP_LOWER_BOUND
PAIR-002-073,G002,P1_EQ_WARMUP_BOTTOM,TEXT_GRAPHIC,3,0,370.001,BBOX_GAP_LOWER_BOUND
PAIR-002-074,G002,P1_EQ_RETAIN_TOP,TEXT_GRAPHIC,3,0,753.597,BBOX_GAP_LOWER_BOUND
PAIR-002-075,G002,P1_EQ_RETAIN_BOTTOM,TEXT_GRAPHIC,3,0,753.08,BBOX_GAP_LOWER_BOUND
PAIR-002-076,G002,P2_AXES,TEXT_GRAPHIC,3,0,257.562,BBOX_GAP_LOWER_BOUND
PAIR-002-077,G002,P2_CURVE_MARKERS,TEXT_GRAPHIC,3,0,468.876,BBOX_GAP_LOWER_BOUND
PAIR-002-078,G002,P2_WARMUP_BOUNDARY,TEXT_GRAPHIC,3,0,405.278,BBOX_GAP_LOWER_BOUND
PAIR-002-079,G002,P2_TARGET_LINE,TEXT_GRAPHIC,3,0,478.265,BBOX_GAP_LOWER_BOUND
PAIR-002-080,G002,P2_YLABEL_OVERLINE,TEXT_GRAPHIC,3,0,384.838,BBOX_GAP_LOWER_BOUND
PAIR-002-081,G002,P2_TITLE_OVERLINE,TEXT_GRAPHIC,3,0,767.441,BBOX_GAP_LOWER_BOUND
PAIR-002-082,G002,P1_HATCH,TEXT_GRAPHIC,3,0,56.0,BBOX_GAP_LOWER_BOUND
PAIR-002-083,G002,P2_HATCH,TEXT_GRAPHIC,3,0,263.03,BBOX_GAP_LOWER_BOUND
PAIR-003-004,G003,G004,TEXT_TEXT_INDEPENDENT,4,0,371.163,BBOX_GAP_LOWER_BOUND
PAIR-003-005,G003,G005,TEXT_TEXT_INDEPENDENT,4,0,411.147,BBOX_GAP_LOWER_BOUND
PAIR-003-006,G003,G006,TEXT_TEXT_INDEPENDENT,4,0,450.134,BBOX_GAP_LOWER_BOUND
PAIR-003-007,G003,G007,TEXT_TEXT_INDEPENDENT,4,0,350.464,BBOX_GAP_LOWER_BOUND
PAIR-003-008,G003,G008,TEXT_TEXT_INDEPENDENT,4,0,409.196,BBOX_GAP_LOWER_BOUND
PAIR-003-009,G003,G009,TEXT_TEXT_INDEPENDENT,4,0,431.654,BBOX_GAP_LOWER_BOUND
PAIR-003-010,G003,G010,TEXT_TEXT_INDEPENDENT,4,0,449.307,BBOX_GAP_LOWER_BOUND
PAIR-003-011,G003,G011,TEXT_TEXT_INDEPENDENT,4,0,488.628,BBOX_GAP_LOWER_BOUND
PAIR-003-012,G003,G012,TEXT_TEXT_INDEPENDENT,4,0,502.354,BBOX_GAP_LOWER_BOUND
PAIR-003-013,G003,G013,TEXT_TEXT_INDEPENDENT,4,0,558.259,BBOX_GAP_LOWER_BOUND
PAIR-003-014,G003,G014,TEXT_TEXT_INDEPENDENT,4,0,602.24,BBOX_GAP_LOWER_BOUND
PAIR-003-015,G003,G015,TEXT_TEXT_INDEPENDENT,4,0,638.226,BBOX_GAP_LOWER_BOUND
PAIR-003-016,G003,G016,TEXT_TEXT_INDEPENDENT,4,0,678.213,BBOX_GAP_LOWER_BOUND
PAIR-003-017,G003,G017,TEXT_TEXT_INDEPENDENT,4,0,728.429,BBOX_GAP_LOWER_BOUND
PAIR-003-018,G003,G018,TEXT_TEXT_INDEPENDENT,4,0,786.336,BBOX_GAP_LOWER_BOUND
PAIR-003-019,G003,G019,TEXT_TEXT_INDEPENDENT,4,0,808.199,BBOX_GAP_LOWER_BOUND
PAIR-003-020,G003,G020,TEXT_TEXT_INDEPENDENT,4,0,826.173,BBOX_GAP_LOWER_BOUND
PAIR-003-021,G003,G021,TEXT_TEXT_INDEPENDENT,4,0,866.118,BBOX_GAP_LOWER_BOUND
PAIR-003-022,G003,G022,TEXT_TEXT_INDEPENDENT,4,0,880.301,BBOX_GAP_LOWER_BOUND
PAIR-003-023,G003,G023,TEXT_TEXT_INDEPENDENT,4,0,900.294,BBOX_GAP_LOWER_BOUND
PAIR-003-024,G003,G024,TEXT_TEXT_INDEPENDENT,4,0,148.718,BBOX_GAP_LOWER_BOUND
PAIR-003-025,G003,G025,TEXT_TEXT_INDEPENDENT,4,0,150.333,BBOX_GAP_LOWER_BOUND
PAIR-003-026,G003,G026,TEXT_TEXT_INDEPENDENT,4,0,535.978,BBOX_GAP_LOWER_BOUND
PAIR-003-027,G003,G027,TEXT_TEXT_INDEPENDENT,4,0,580.904,BBOX_GAP_LOWER_BOUND
PAIR-003-028,G003,G028,TEXT_TEXT_INDEPENDENT,4,0,634.972,BBOX_GAP_LOWER_BOUND
PAIR-003-029,G003,G029,TEXT_TEXT_INDEPENDENT,4,0,664.206,BBOX_GAP_LOWER_BOUND
PAIR-003-030,G003,G030,CROSS_PANEL_READER_ELEMENTS,8,0,603.832,BBOX_GAP_LOWER_BOUND
PAIR-003-031,G003,G031,CROSS_PANEL_READER_ELEMENTS,8,0,662.182,BBOX_GAP_LOWER_BOUND
PAIR-003-032,G003,G032,CROSS_PANEL_READER_ELEMENTS,8,0,821.514,BBOX_GAP_LOWER_BOUND
PAIR-003-033,G003,G033,CROSS_PANEL_READER_ELEMENTS,8,0,833.866,BBOX_GAP_LOWER_BOUND
PAIR-003-034,G003,G034,CROSS_PANEL_READER_ELEMENTS,8,0,1040.771,BBOX_GAP_LOWER_BOUND
PAIR-003-035,G003,G035,CROSS_PANEL_READER_ELEMENTS,8,0,1055.506,BBOX_GAP_LOWER_BOUND
PAIR-003-036,G003,G036,CROSS_PANEL_READER_ELEMENTS,8,0,1286.535,BBOX_GAP_LOWER_BOUND
PAIR-003-037,G003,G037,CROSS_PANEL_READER_ELEMENTS,8,0,1303.357,BBOX_GAP_LOWER_BOUND
PAIR-003-038,G003,G038,CROSS_PANEL_READER_ELEMENTS,8,0,538.157,BBOX_GAP_LOWER_BOUND
PAIR-003-039,G003,G039,CROSS_PANEL_READER_ELEMENTS,8,0,559.008,BBOX_GAP_LOWER_BOUND
PAIR-003-040,G003,G040,CROSS_PANEL_READER_ELEMENTS,8,0,538.0,BBOX_GAP_LOWER_BOUND
PAIR-003-041,G003,G041,CROSS_PANEL_READER_ELEMENTS,8,0,487.173,BBOX_GAP_LOWER_BOUND
PAIR-003-042,G003,G042,CROSS_PANEL_READER_ELEMENTS,8,0,508.009,BBOX_GAP_LOWER_BOUND
PAIR-003-043,G003,G043,CROSS_PANEL_READER_ELEMENTS,8,0,487.0,BBOX_GAP_LOWER_BOUND
PAIR-003-044,G003,G044,CROSS_PANEL_READER_ELEMENTS,8,0,435.0,BBOX_GAP_LOWER_BOUND
PAIR-003-045,G003,G045,CROSS_PANEL_READER_ELEMENTS,8,0,383.158,BBOX_GAP_LOWER_BOUND
PAIR-003-046,G003,G046,CROSS_PANEL_READER_ELEMENTS,8,0,404.011,BBOX_GAP_LOWER_BOUND
PAIR-003-047,G003,G047,CROSS_PANEL_READER_ELEMENTS,8,0,383.0,BBOX_GAP_LOWER_BOUND
PAIR-003-048,G003,G048,CROSS_PANEL_READER_ELEMENTS,8,0,1029.005,BBOX_GAP_LOWER_BOUND
PAIR-003-049,G003,G049,CROSS_PANEL_READER_ELEMENTS,8,0,1059.405,BBOX_GAP_LOWER_BOUND
PAIR-003-050,G003,G050,CROSS_PANEL_READER_ELEMENTS,8,0,1097.534,BBOX_GAP_LOWER_BOUND
PAIR-003-051,G003,G051,CROSS_PANEL_READER_ELEMENTS,8,0,1147.095,BBOX_GAP_LOWER_BOUND
PAIR-003-052,G003,G052,CROSS_PANEL_READER_ELEMENTS,8,0,890.552,BBOX_GAP_LOWER_BOUND
PAIR-003-053,G003,G053,CROSS_PANEL_READER_ELEMENTS,8,0,476.732,BBOX_GAP_LOWER_BOUND
PAIR-003-054,G003,G054,CROSS_PANEL_READER_ELEMENTS,8,0,487.742,BBOX_GAP_LOWER_BOUND
PAIR-003-055,G003,G055,CROSS_PANEL_READER_ELEMENTS,8,0,488.184,BBOX_GAP_LOWER_BOUND
PAIR-003-056,G003,G056,CROSS_PANEL_READER_ELEMENTS,8,0,480.713,BBOX_GAP_LOWER_BOUND
PAIR-003-057,G003,G057,CROSS_PANEL_READER_ELEMENTS,8,0,455.698,BBOX_GAP_LOWER_BOUND
PAIR-003-058,G003,G058,CROSS_PANEL_READER_ELEMENTS,8,0,496.529,BBOX_GAP_LOWER_BOUND
PAIR-003-059,G003,G059,CROSS_PANEL_READER_ELEMENTS,8,0,532.353,BBOX_GAP_LOWER_BOUND
PAIR-003-060,G003,G060,CROSS_PANEL_READER_ELEMENTS,8,0,572.473,BBOX_GAP_LOWER_BOUND
PAIR-003-061,G003,G061,CROSS_PANEL_READER_ELEMENTS,8,0,614.183,BBOX_GAP_LOWER_BOUND
PAIR-003-062,G003,G062,CROSS_PANEL_READER_ELEMENTS,8,0,654.618,BBOX_GAP_LOWER_BOUND
PAIR-003-063,G003,G063,CROSS_PANEL_READER_ELEMENTS,8,0,697.353,BBOX_GAP_LOWER_BOUND
PAIR-003-064,G003,G064,CROSS_PANEL_READER_ELEMENTS,8,0,737.656,BBOX_GAP_LOWER_BOUND
PAIR-003-065,G003,G065,CROSS_PANEL_READER_ELEMENTS,8,0,791.541,BBOX_GAP_LOWER_BOUND
PAIR-003-066,G003,G066,CROSS_PANEL_READER_ELEMENTS,8,0,828.945,BBOX_GAP_LOWER_BOUND
PAIR-003-067,G003,G067,CROSS_PANEL_READER_ELEMENTS,8,0,851.033,BBOX_GAP_LOWER_BOUND
PAIR-003-068,G003,G068,CROSS_PANEL_READER_ELEMENTS,8,0,861.413,BBOX_GAP_LOWER_BOUND
PAIR-003-069,G003,P1_AXES,TEXT_GRAPHIC,3,0,15.0,BBOX_GAP_LOWER_BOUND
PAIR-003-070,G003,P1_CURVE_MARKERS,TEXT_GRAPHIC,3,0,45.0,BBOX_GAP_LOWER_BOUND
PAIR-003-071,G003,P1_WARMUP_BOUNDARY,TEXT_GRAPHIC,3,0,313.0,BBOX_GAP_LOWER_BOUND
PAIR-003-072,G003,P1_EQ_WARMUP_TOP,TEXT_GRAPHIC,3,0,374.413,BBOX_GAP_LOWER_BOUND
PAIR-003-073,G003,P1_EQ_WARMUP_BOTTOM,TEXT_GRAPHIC,3,0,378.609,BBOX_GAP_LOWER_BOUND
PAIR-003-074,G003,P1_EQ_RETAIN_TOP,TEXT_GRAPHIC,3,0,751.485,BBOX_GAP_LOWER_BOUND
PAIR-003-075,G003,P1_EQ_RETAIN_BOTTOM,TEXT_GRAPHIC,3,0,752.469,BBOX_GAP_LOWER_BOUND
PAIR-003-076,G003,P2_AXES,TEXT_GRAPHIC,3,0,345.326,BBOX_GAP_LOWER_BOUND
PAIR-003-077,G003,P2_CURVE_MARKERS,TEXT_GRAPHIC,3,0,532.561,BBOX_GAP_LOWER_BOUND
PAIR-003-078,G003,P2_WARMUP_BOUNDARY,TEXT_GRAPHIC,3,0,464.347,BBOX_GAP_LOWER_BOUND
PAIR-003-079,G003,P2_TARGET_LINE,TEXT_GRAPHIC,3,0,546.265,BBOX_GAP_LOWER_BOUND
PAIR-003-080,G003,P2_YLABEL_OVERLINE,TEXT_GRAPHIC,3,0,465.967,BBOX_GAP_LOWER_BOUND
PAIR-003-081,G003,P2_TITLE_OVERLINE,TEXT_GRAPHIC,3,0,788.363,BBOX_GAP_LOWER_BOUND
PAIR-003-082,G003,P1_HATCH,TEXT_GRAPHIC,3,0,54.0,BBOX_GAP_LOWER_BOUND
PAIR-003-083,G003,P2_HATCH,TEXT_GRAPHIC,3,0,349.201,BBOX_GAP_LOWER_BOUND
PAIR-004-005,G004,G005,SAME_SEMANTIC_PARENT_DESIGN,0,0,4.0,BBOX_GAP_LOWER_BOUND
PAIR-004-006,G004,G006,SAME_SEMANTIC_PARENT_DESIGN,0,0,43.0,BBOX_GAP_LOWER_BOUND
PAIR-004-007,G004,G007,SAME_SEMANTIC_PARENT_DESIGN,0,0,27.203,BBOX_GAP_LOWER_BOUND
PAIR-004-008,G004,G008,SAME_SEMANTIC_PARENT_DESIGN,0,0,20.0,BBOX_GAP_LOWER_BOUND
PAIR-004-009,G004,G009,SAME_SEMANTIC_PARENT_DESIGN,0,0,44.011,BBOX_GAP_LOWER_BOUND
PAIR-004-010,G004,G010,SAME_SEMANTIC_PARENT_DESIGN,0,0,53.263,BBOX_GAP_LOWER_BOUND
PAIR-004-011,G004,G011,SAME_SEMANTIC_PARENT_DESIGN,0,0,84.599,BBOX_GAP_LOWER_BOUND
PAIR-004-012,G004,G012,SAME_SEMANTIC_PARENT_DESIGN,0,0,93.392,BBOX_GAP_LOWER_BOUND
PAIR-004-013,G004,G013,TEXT_TEXT_INDEPENDENT,4,0,151.0,BBOX_GAP_LOWER_BOUND
PAIR-004-014,G004,G014,TEXT_TEXT_INDEPENDENT,4,0,195.0,BBOX_GAP_LOWER_BOUND
PAIR-004-015,G004,G015,TEXT_TEXT_INDEPENDENT,4,0,231.0,BBOX_GAP_LOWER_BOUND
PAIR-004-016,G004,G016,TEXT_TEXT_INDEPENDENT,4,0,271.0,BBOX_GAP_LOWER_BOUND
PAIR-004-017,G004,G017,TEXT_TEXT_INDEPENDENT,4,0,321.0,BBOX_GAP_LOWER_BOUND
PAIR-004-018,G004,G018,TEXT_TEXT_INDEPENDENT,4,0,379.0,BBOX_GAP_LOWER_BOUND
PAIR-004-019,G004,G019,TEXT_TEXT_INDEPENDENT,4,0,400.0,BBOX_GAP_LOWER_BOUND
PAIR-004-020,G004,G020,TEXT_TEXT_INDEPENDENT,4,0,418.0,BBOX_GAP_LOWER_BOUND
PAIR-004-021,G004,G021,TEXT_TEXT_INDEPENDENT,4,0,458.0,BBOX_GAP_LOWER_BOUND
PAIR-004-022,G004,G022,TEXT_TEXT_INDEPENDENT,4,0,473.0,BBOX_GAP_LOWER_BOUND
PAIR-004-023,G004,G023,TEXT_TEXT_INDEPENDENT,4,0,493.0,BBOX_GAP_LOWER_BOUND
PAIR-004-024,G004,G024,TEXT_TEXT_INDEPENDENT,4,0,517.119,BBOX_GAP_LOWER_BOUND
PAIR-004-025,G004,G025,TEXT_TEXT_INDEPENDENT,4,0,506.779,BBOX_GAP_LOWER_BOUND
PAIR-004-026,G004,G026,TEXT_TEXT_INDEPENDENT,4,0,151.717,BBOX_GAP_LOWER_BOUND
PAIR-004-027,G004,G027,TEXT_TEXT_INDEPENDENT,4,0,191.416,BBOX_GAP_LOWER_BOUND
PAIR-004-028,G004,G028,TEXT_TEXT_INDEPENDENT,4,0,242.167,BBOX_GAP_LOWER_BOUND
PAIR-004-029,G004,G029,TEXT_TEXT_INDEPENDENT,4,0,267.329,BBOX_GAP_LOWER_BOUND
PAIR-004-030,G004,G030,CROSS_PANEL_READER_ELEMENTS,8,0,637.455,BBOX_GAP_LOWER_BOUND
PAIR-004-031,G004,G031,CROSS_PANEL_READER_ELEMENTS,8,0,561.307,BBOX_GAP_LOWER_BOUND
PAIR-004-032,G004,G032,CROSS_PANEL_READER_ELEMENTS,8,0,577.367,BBOX_GAP_LOWER_BOUND
PAIR-004-033,G004,G033,CROSS_PANEL_READER_ELEMENTS,8,0,582.365,BBOX_GAP_LOWER_BOUND
PAIR-004-034,G004,G034,CROSS_PANEL_READER_ELEMENTS,8,0,711.065,BBOX_GAP_LOWER_BOUND
PAIR-004-035,G004,G035,CROSS_PANEL_READER_ELEMENTS,8,0,722.391,BBOX_GAP_LOWER_BOUND
PAIR-004-036,G004,G036,CROSS_PANEL_READER_ELEMENTS,8,0,918.231,BBOX_GAP_LOWER_BOUND
PAIR-004-037,G004,G037,CROSS_PANEL_READER_ELEMENTS,8,0,933.408,BBOX_GAP_LOWER_BOUND
PAIR-004-038,G004,G038,CROSS_PANEL_READER_ELEMENTS,8,0,636.756,BBOX_GAP_LOWER_BOUND
PAIR-004-039,G004,G039,CROSS_PANEL_READER_ELEMENTS,8,0,647.028,BBOX_GAP_LOWER_BOUND
PAIR-004-040,G004,G040,CROSS_PANEL_READER_ELEMENTS,8,0,618.205,BBOX_GAP_LOWER_BOUND
PAIR-004-041,G004,G041,CROSS_PANEL_READER_ELEMENTS,8,0,598.141,BBOX_GAP_LOWER_BOUND
PAIR-004-042,G004,G042,CROSS_PANEL_READER_ELEMENTS,8,0,607.304,BBOX_GAP_LOWER_BOUND
PAIR-004-043,G004,G043,CROSS_PANEL_READER_ELEMENTS,8,0,578.354,BBOX_GAP_LOWER_BOUND
PAIR-004-044,G004,G044,CROSS_PANEL_READER_ELEMENTS,8,0,538.966,BBOX_GAP_LOWER_BOUND
PAIR-004-045,G004,G045,CROSS_PANEL_READER_ELEMENTS,8,0,524.447,BBOX_GAP_LOWER_BOUND
PAIR-004-046,G004,G046,CROSS_PANEL_READER_ELEMENTS,8,0,532.288,BBOX_GAP_LOWER_BOUND
PAIR-004-047,G004,G047,CROSS_PANEL_READER_ELEMENTS,8,0,504.103,BBOX_GAP_LOWER_BOUND
PAIR-004-048,G004,G048,CROSS_PANEL_READER_ELEMENTS,8,0,634.604,BBOX_GAP_LOWER_BOUND
PAIR-004-049,G004,G049,CROSS_PANEL_READER_ELEMENTS,8,0,663.447,BBOX_GAP_LOWER_BOUND
PAIR-004-050,G004,G050,CROSS_PANEL_READER_ELEMENTS,8,0,699.887,BBOX_GAP_LOWER_BOUND
PAIR-004-051,G004,G051,CROSS_PANEL_READER_ELEMENTS,8,0,748.231,BBOX_GAP_LOWER_BOUND
PAIR-004-052,G004,G052,CROSS_PANEL_READER_ELEMENTS,8,0,643.32,BBOX_GAP_LOWER_BOUND
PAIR-004-053,G004,G053,CROSS_PANEL_READER_ELEMENTS,8,0,684.265,BBOX_GAP_LOWER_BOUND
PAIR-004-054,G004,G054,CROSS_PANEL_READER_ELEMENTS,8,0,679.998,BBOX_GAP_LOWER_BOUND
PAIR-004-055,G004,G055,CROSS_PANEL_READER_ELEMENTS,8,0,673.134,BBOX_GAP_LOWER_BOUND
PAIR-004-056,G004,G056,CROSS_PANEL_READER_ELEMENTS,8,0,657.343,BBOX_GAP_LOWER_BOUND
PAIR-004-057,G004,G057,CROSS_PANEL_READER_ELEMENTS,8,0,205.0,BBOX_GAP_LOWER_BOUND
PAIR-004-058,G004,G058,CROSS_PANEL_READER_ELEMENTS,8,0,206.177,BBOX_GAP_LOWER_BOUND
PAIR-004-059,G004,G059,CROSS_PANEL_READER_ELEMENTS,8,0,214.462,BBOX_GAP_LOWER_BOUND
PAIR-004-060,G004,G060,CROSS_PANEL_READER_ELEMENTS,8,0,231.709,BBOX_GAP_LOWER_BOUND
PAIR-004-061,G004,G061,CROSS_PANEL_READER_ELEMENTS,8,0,256.4,BBOX_GAP_LOWER_BOUND
PAIR-004-062,G004,G062,CROSS_PANEL_READER_ELEMENTS,8,0,285.007,BBOX_GAP_LOWER_BOUND
PAIR-004-063,G004,G063,CROSS_PANEL_READER_ELEMENTS,8,0,318.686,BBOX_GAP_LOWER_BOUND
PAIR-004-064,G004,G064,CROSS_PANEL_READER_ELEMENTS,8,0,352.695,BBOX_GAP_LOWER_BOUND
PAIR-004-065,G004,G065,CROSS_PANEL_READER_ELEMENTS,8,0,401.852,BBOX_GAP_LOWER_BOUND
PAIR-004-066,G004,G066,CROSS_PANEL_READER_ELEMENTS,8,0,439.915,BBOX_GAP_LOWER_BOUND
PAIR-004-067,G004,G067,CROSS_PANEL_READER_ELEMENTS,8,0,460.831,BBOX_GAP_LOWER_BOUND
PAIR-004-068,G004,G068,CROSS_PANEL_READER_ELEMENTS,8,0,469.725,BBOX_GAP_LOWER_BOUND
PAIR-004-069,G004,P1_AXES,TEXT_GRAPHIC,3,0,170.0,RAW_MASK_EXACT_KDTREE
PAIR-004-070,G004,P1_CURVE_MARKERS,TEXT_GRAPHIC,3,0,92.0,RAW_MASK_EXACT_KDTREE
PAIR-004-071,G004,P1_WARMUP_BOUNDARY,TEXT_GRAPHIC,3,0,54.0,BBOX_GAP_LOWER_BOUND
PAIR-004-072,G004,P1_EQ_WARMUP_TOP,SAME_SEMANTIC_PARENT_DESIGN,0,0,24.0,BBOX_GAP_LOWER_BOUND
PAIR-004-073,G004,P1_EQ_WARMUP_BOTTOM,SAME_SEMANTIC_PARENT_DESIGN,0,0,44.0,BBOX_GAP_LOWER_BOUND
PAIR-004-074,G004,P1_EQ_RETAIN_TOP,TEXT_GRAPHIC,3,0,344.0,BBOX_GAP_LOWER_BOUND
PAIR-004-075,G004,P1_EQ_RETAIN_BOTTOM,TEXT_GRAPHIC,3,0,344.006,BBOX_GAP_LOWER_BOUND
PAIR-004-076,G004,P2_AXES,TEXT_GRAPHIC,3,0,300.0,BBOX_GAP_LOWER_BOUND
PAIR-004-077,G004,P2_CURVE_MARKERS,TEXT_GRAPHIC,3,0,369.0,BBOX_GAP_LOWER_BOUND
PAIR-004-078,G004,P2_WARMUP_BOUNDARY,TEXT_GRAPHIC,3,0,302.853,BBOX_GAP_LOWER_BOUND
PAIR-004-079,G004,P2_TARGET_LINE,TEXT_GRAPHIC,3,0,402.0,BBOX_GAP_LOWER_BOUND
PAIR-004-080,G004,P2_YLABEL_OVERLINE,TEXT_GRAPHIC,3,0,675.167,BBOX_GAP_LOWER_BOUND
PAIR-004-081,G004,P2_TITLE_OVERLINE,TEXT_GRAPHIC,3,0,396.693,BBOX_GAP_LOWER_BOUND
PAIR-004-082,G004,P1_HATCH,TEXT_GRAPHIC,3,0,56.0,BBOX_GAP_LOWER_BOUND
PAIR-004-083,G004,P2_HATCH,TEXT_GRAPHIC,3,0,305.182,BBOX_GAP_LOWER_BOUND
PAIR-005-006,G005,G006,SAME_SEMANTIC_PARENT_DESIGN,0,0,3.0,BBOX_GAP_LOWER_BOUND
PAIR-005-007,G005,G007,SAME_SEMANTIC_PARENT_DESIGN,0,0,60.166,BBOX_GAP_LOWER_BOUND
PAIR-005-008,G005,G008,SAME_SEMANTIC_PARENT_DESIGN,0,0,20.0,BBOX_GAP_LOWER_BOUND
PAIR-005-009,G005,G009,SAME_SEMANTIC_PARENT_DESIGN,0,0,41.0,BBOX_GAP_LOWER_BOUND
PAIR-005-010,G005,G010,SAME_SEMANTIC_PARENT_DESIGN,0,0,41.0,BBOX_GAP_LOWER_BOUND
PAIR-005-011,G005,G011,SAME_SEMANTIC_PARENT_DESIGN,0,0,53.263,BBOX_GAP_LOWER_BOUND
PAIR-005-012,G005,G012,SAME_SEMANTIC_PARENT_DESIGN,0,0,55.154,BBOX_GAP_LOWER_BOUND
PAIR-005-013,G005,G013,TEXT_TEXT_INDEPENDENT,4,0,111.0,BBOX_GAP_LOWER_BOUND
PAIR-005-014,G005,G014,TEXT_TEXT_INDEPENDENT,4,0,155.0,BBOX_GAP_LOWER_BOUND
PAIR-005-015,G005,G015,TEXT_TEXT_INDEPENDENT,4,0,191.0,BBOX_GAP_LOWER_BOUND
PAIR-005-016,G005,G016,TEXT_TEXT_INDEPENDENT,4,0,231.0,BBOX_GAP_LOWER_BOUND
PAIR-005-017,G005,G017,TEXT_TEXT_INDEPENDENT,4,0,281.0,BBOX_GAP_LOWER_BOUND
PAIR-005-018,G005,G018,TEXT_TEXT_INDEPENDENT,4,0,339.0,BBOX_GAP_LOWER_BOUND
PAIR-005-019,G005,G019,TEXT_TEXT_INDEPENDENT,4,0,360.0,BBOX_GAP_LOWER_BOUND
PAIR-005-020,G005,G020,TEXT_TEXT_INDEPENDENT,4,0,378.0,BBOX_GAP_LOWER_BOUND
PAIR-005-021,G005,G021,TEXT_TEXT_INDEPENDENT,4,0,418.0,BBOX_GAP_LOWER_BOUND
PAIR-005-022,G005,G022,TEXT_TEXT_INDEPENDENT,4,0,433.0,BBOX_GAP_LOWER_BOUND
PAIR-005-023,G005,G023,TEXT_TEXT_INDEPENDENT,4,0,453.0,BBOX_GAP_LOWER_BOUND
PAIR-005-024,G005,G024,TEXT_TEXT_INDEPENDENT,4,0,557.039,BBOX_GAP_LOWER_BOUND
PAIR-005-025,G005,G025,TEXT_TEXT_INDEPENDENT,4,0,546.576,BBOX_GAP_LOWER_BOUND
PAIR-005-026,G005,G026,TEXT_TEXT_INDEPENDENT,4,0,120.241,BBOX_GAP_LOWER_BOUND
PAIR-005-027,G005,G027,TEXT_TEXT_INDEPENDENT,4,0,156.461,BBOX_GAP_LOWER_BOUND
PAIR-005-028,G005,G028,TEXT_TEXT_INDEPENDENT,4,0,205.341,BBOX_GAP_LOWER_BOUND
PAIR-005-029,G005,G029,TEXT_TEXT_INDEPENDENT,4,0,229.314,BBOX_GAP_LOWER_BOUND
PAIR-005-030,G005,G030,CROSS_PANEL_READER_ELEMENTS,8,0,657.837,BBOX_GAP_LOWER_BOUND
PAIR-005-031,G005,G031,CROSS_PANEL_READER_ELEMENTS,8,0,568.177,BBOX_GAP_LOWER_BOUND
PAIR-005-032,G005,G032,CROSS_PANEL_READER_ELEMENTS,8,0,568.149,BBOX_GAP_LOWER_BOUND
PAIR-005-033,G005,G033,CROSS_PANEL_READER_ELEMENTS,8,0,571.969,BBOX_GAP_LOWER_BOUND
PAIR-005-034,G005,G034,CROSS_PANEL_READER_ELEMENTS,8,0,686.916,BBOX_GAP_LOWER_BOUND
PAIR-005-035,G005,G035,CROSS_PANEL_READER_ELEMENTS,8,0,697.602,BBOX_GAP_LOWER_BOUND
PAIR-005-036,G005,G036,CROSS_PANEL_READER_ELEMENTS,8,0,886.763,BBOX_GAP_LOWER_BOUND
PAIR-005-037,G005,G037,CROSS_PANEL_READER_ELEMENTS,8,0,901.626,BBOX_GAP_LOWER_BOUND
PAIR-005-038,G005,G038,CROSS_PANEL_READER_ELEMENTS,8,0,662.796,BBOX_GAP_LOWER_BOUND
PAIR-005-039,G005,G039,CROSS_PANEL_READER_ELEMENTS,8,0,672.075,BBOX_GAP_LOWER_BOUND
PAIR-005-040,G005,G040,CROSS_PANEL_READER_ELEMENTS,8,0,643.131,BBOX_GAP_LOWER_BOUND
PAIR-005-041,G005,G041,CROSS_PANEL_READER_ELEMENTS,8,0,625.79,BBOX_GAP_LOWER_BOUND
PAIR-005-042,G005,G042,CROSS_PANEL_READER_ELEMENTS,8,0,633.923,BBOX_GAP_LOWER_BOUND
PAIR-005-043,G005,G043,CROSS_PANEL_READER_ELEMENTS,8,0,604.924,BBOX_GAP_LOWER_BOUND
PAIR-005-044,G005,G044,CROSS_PANEL_READER_ELEMENTS,8,0,567.313,BBOX_GAP_LOWER_BOUND
PAIR-005-045,G005,G045,CROSS_PANEL_READER_ELEMENTS,8,0,555.63,BBOX_GAP_LOWER_BOUND
PAIR-005-046,G005,G046,CROSS_PANEL_READER_ELEMENTS,8,0,562.468,BBOX_GAP_LOWER_BOUND
PAIR-005-047,G005,G047,CROSS_PANEL_READER_ELEMENTS,8,0,534.453,BBOX_GAP_LOWER_BOUND
PAIR-005-048,G005,G048,CROSS_PANEL_READER_ELEMENTS,8,0,599.001,BBOX_GAP_LOWER_BOUND
PAIR-005-049,G005,G049,CROSS_PANEL_READER_ELEMENTS,8,0,627.441,BBOX_GAP_LOWER_BOUND
PAIR-005-050,G005,G050,CROSS_PANEL_READER_ELEMENTS,8,0,663.447,BBOX_GAP_LOWER_BOUND
PAIR-005-051,G005,G051,CROSS_PANEL_READER_ELEMENTS,8,0,711.456,BBOX_GAP_LOWER_BOUND
PAIR-005-052,G005,G052,CROSS_PANEL_READER_ELEMENTS,8,0,632.535,BBOX_GAP_LOWER_BOUND
PAIR-005-053,G005,G053,CROSS_PANEL_READER_ELEMENTS,8,0,716.978,BBOX_GAP_LOWER_BOUND
PAIR-005-054,G005,G054,CROSS_PANEL_READER_ELEMENTS,8,0,711.841,BBOX_GAP_LOWER_BOUND
PAIR-005-055,G005,G055,CROSS_PANEL_READER_ELEMENTS,8,0,704.606,BBOX_GAP_LOWER_BOUND
PAIR-005-056,G005,G056,CROSS_PANEL_READER_ELEMENTS,8,0,688.491,BBOX_GAP_LOWER_BOUND
PAIR-005-057,G005,G057,CROSS_PANEL_READER_ELEMENTS,8,0,205.0,BBOX_GAP_LOWER_BOUND
PAIR-005-058,G005,G058,CROSS_PANEL_READER_ELEMENTS,8,0,205.0,BBOX_GAP_LOWER_BOUND
PAIR-005-059,G005,G059,CROSS_PANEL_READER_ELEMENTS,8,0,206.286,BBOX_GAP_LOWER_BOUND
PAIR-005-060,G005,G060,CROSS_PANEL_READER_ELEMENTS,8,0,215.984,BBOX_GAP_LOWER_BOUND
PAIR-005-061,G005,G061,CROSS_PANEL_READER_ELEMENTS,8,0,234.566,BBOX_GAP_LOWER_BOUND
PAIR-005-062,G005,G062,CROSS_PANEL_READER_ELEMENTS,8,0,258.822,BBOX_GAP_LOWER_BOUND
PAIR-005-063,G005,G063,CROSS_PANEL_READER_ELEMENTS,8,0,289.208,BBOX_GAP_LOWER_BOUND
PAIR-005-064,G005,G064,CROSS_PANEL_READER_ELEMENTS,8,0,320.989,BBOX_GAP_LOWER_BOUND
PAIR-005-065,G005,G065,CROSS_PANEL_READER_ELEMENTS,8,0,368.409,BBOX_GAP_LOWER_BOUND
PAIR-005-066,G005,G066,CROSS_PANEL_READER_ELEMENTS,8,0,406.356,BBOX_GAP_LOWER_BOUND
PAIR-005-067,G005,G067,CROSS_PANEL_READER_ELEMENTS,8,0,426.855,BBOX_GAP_LOWER_BOUND
PAIR-005-068,G005,G068,CROSS_PANEL_READER_ELEMENTS,8,0,435.341,BBOX_GAP_LOWER_BOUND
PAIR-005-069,G005,P1_AXES,TEXT_GRAPHIC,3,0,170.0,RAW_MASK_EXACT_KDTREE
PAIR-005-070,G005,P1_CURVE_MARKERS,TEXT_GRAPHIC,3,0,92.195,RAW_MASK_EXACT_KDTREE
PAIR-005-071,G005,P1_WARMUP_BOUNDARY,TEXT_GRAPHIC,3,0,94.0,BBOX_GAP_LOWER_BOUND
PAIR-005-072,G005,P1_EQ_WARMUP_TOP,SAME_SEMANTIC_PARENT_DESIGN,0,0,31.241,BBOX_GAP_LOWER_BOUND
PAIR-005-073,G005,P1_EQ_WARMUP_BOTTOM,SAME_SEMANTIC_PARENT_DESIGN,0,0,48.332,BBOX_GAP_LOWER_BOUND
PAIR-005-074,G005,P1_EQ_RETAIN_TOP,TEXT_GRAPHIC,3,0,304.0,BBOX_GAP_LOWER_BOUND
PAIR-005-075,G005,P1_EQ_RETAIN_BOTTOM,TEXT_GRAPHIC,3,0,304.007,BBOX_GAP_LOWER_BOUND
PAIR-005-076,G005,P2_AXES,TEXT_GRAPHIC,3,0,300.0,BBOX_GAP_LOWER_BOUND
PAIR-005-077,G005,P2_CURVE_MARKERS,TEXT_GRAPHIC,3,0,369.0,BBOX_GAP_LOWER_BOUND
PAIR-005-078,G005,P2_WARMUP_BOUNDARY,TEXT_GRAPHIC,3,0,312.474,BBOX_GAP_LOWER_BOUND
PAIR-005-079,G005,P2_TARGET_LINE,TEXT_GRAPHIC,3,0,402.0,BBOX_GAP_LOWER_BOUND
PAIR-005-080,G005,P2_YLABEL_OVERLINE,TEXT_GRAPHIC,3,0,708.075,BBOX_GAP_LOWER_BOUND
PAIR-005-081,G005,P2_TITLE_OVERLINE,TEXT_GRAPHIC,3,0,362.774,BBOX_GAP_LOWER_BOUND
PAIR-005-082,G005,P1_HATCH,TEXT_GRAPHIC,3,0,96.0,BBOX_GAP_LOWER_BOUND
PAIR-005-083,G005,P2_HATCH,TEXT_GRAPHIC,3,0,314.986,BBOX_GAP_LOWER_BOUND
PAIR-006-007,G006,G007,SAME_SEMANTIC_PARENT_DESIGN,0,0,97.514,BBOX_GAP_LOWER_BOUND
PAIR-006-008,G006,G008,SAME_SEMANTIC_PARENT_DESIGN,0,0,37.736,BBOX_GAP_LOWER_BOUND
PAIR-006-009,G006,G009,SAME_SEMANTIC_PARENT_DESIGN,0,0,46.065,BBOX_GAP_LOWER_BOUND
PAIR-006-010,G006,G010,SAME_SEMANTIC_PARENT_DESIGN,0,0,41.0,BBOX_GAP_LOWER_BOUND
PAIR-006-011,G006,G011,SAME_SEMANTIC_PARENT_DESIGN,0,0,41.0,BBOX_GAP_LOWER_BOUND
PAIR-006-012,G006,G012,SAME_SEMANTIC_PARENT_DESIGN,0,0,23.259,BBOX_GAP_LOWER_BOUND
PAIR-006-013,G006,G013,TEXT_TEXT_INDEPENDENT,4,0,70.0,BBOX_GAP_LOWER_BOUND
PAIR-006-014,G006,G014,TEXT_TEXT_INDEPENDENT,4,0,114.0,BBOX_GAP_LOWER_BOUND
PAIR-006-015,G006,G015,TEXT_TEXT_INDEPENDENT,4,0,150.0,BBOX_GAP_LOWER_BOUND
PAIR-006-016,G006,G016,TEXT_TEXT_INDEPENDENT,4,0,190.0,BBOX_GAP_LOWER_BOUND
PAIR-006-017,G006,G017,TEXT_TEXT_INDEPENDENT,4,0,240.0,BBOX_GAP_LOWER_BOUND
PAIR-006-018,G006,G018,TEXT_TEXT_INDEPENDENT,4,0,298.0,BBOX_GAP_LOWER_BOUND
PAIR-006-019,G006,G019,TEXT_TEXT_INDEPENDENT,4,0,319.0,BBOX_GAP_LOWER_BOUND
PAIR-006-020,G006,G020,TEXT_TEXT_INDEPENDENT,4,0,337.0,BBOX_GAP_LOWER_BOUND
PAIR-006-021,G006,G021,TEXT_TEXT_INDEPENDENT,4,0,377.0,BBOX_GAP_LOWER_BOUND
PAIR-006-022,G006,G022,TEXT_TEXT_INDEPENDENT,4,0,392.0,BBOX_GAP_LOWER_BOUND
PAIR-006-023,G006,G023,TEXT_TEXT_INDEPENDENT,4,0,412.0,BBOX_GAP_LOWER_BOUND
PAIR-006-024,G006,G024,TEXT_TEXT_INDEPENDENT,4,0,595.971,BBOX_GAP_LOWER_BOUND
PAIR-006-025,G006,G025,TEXT_TEXT_INDEPENDENT,4,0,585.404,BBOX_GAP_LOWER_BOUND
PAIR-006-026,G006,G026,TEXT_TEXT_INDEPENDENT,4,0,94.895,BBOX_GAP_LOWER_BOUND
PAIR-006-027,G006,G027,TEXT_TEXT_INDEPENDENT,4,0,123.843,BBOX_GAP_LOWER_BOUND
PAIR-006-028,G006,G028,TEXT_TEXT_INDEPENDENT,4,0,169.098,BBOX_GAP_LOWER_BOUND
PAIR-006-029,G006,G029,TEXT_TEXT_INDEPENDENT,4,0,191.191,BBOX_GAP_LOWER_BOUND
PAIR-006-030,G006,G030,CROSS_PANEL_READER_ELEMENTS,8,0,679.389,BBOX_GAP_LOWER_BOUND
PAIR-006-031,G006,G031,CROSS_PANEL_READER_ELEMENTS,8,0,577.47,BBOX_GAP_LOWER_BOUND
PAIR-006-032,G006,G032,CROSS_PANEL_READER_ELEMENTS,8,0,561.507,BBOX_GAP_LOWER_BOUND
PAIR-006-033,G006,G033,CROSS_PANEL_READER_ELEMENTS,8,0,564.066,BBOX_GAP_LOWER_BOUND
PAIR-006-034,G006,G034,CROSS_PANEL_READER_ELEMENTS,8,0,663.754,BBOX_GAP_LOWER_BOUND
PAIR-006-035,G006,G035,CROSS_PANEL_READER_ELEMENTS,8,0,673.714,BBOX_GAP_LOWER_BOUND
PAIR-006-036,G006,G036,CROSS_PANEL_READER_ELEMENTS,8,0,855.249,BBOX_GAP_LOWER_BOUND
PAIR-006-037,G006,G037,CROSS_PANEL_READER_ELEMENTS,8,0,869.755,BBOX_GAP_LOWER_BOUND
PAIR-006-038,G006,G038,CROSS_PANEL_READER_ELEMENTS,8,0,689.473,BBOX_GAP_LOWER_BOUND
PAIR-006-039,G006,G039,CROSS_PANEL_READER_ELEMENTS,8,0,697.84,BBOX_GAP_LOWER_BOUND
PAIR-006-040,G006,G040,CROSS_PANEL_READER_ELEMENTS,8,0,668.845,BBOX_GAP_LOWER_BOUND
PAIR-006-041,G006,G041,CROSS_PANEL_READER_ELEMENTS,8,0,653.979,BBOX_GAP_LOWER_BOUND
PAIR-006-042,G006,G042,CROSS_PANEL_READER_ELEMENTS,8,0,661.175,BBOX_GAP_LOWER_BOUND
PAIR-006-043,G006,G043,CROSS_PANEL_READER_ELEMENTS,8,0,632.193,BBOX_GAP_LOWER_BOUND
PAIR-006-044,G006,G044,CROSS_PANEL_READER_ELEMENTS,8,0,596.239,BBOX_GAP_LOWER_BOUND
PAIR-006-045,G006,G045,CROSS_PANEL_READER_ELEMENTS,8,0,587.064,BBOX_GAP_LOWER_BOUND
PAIR-006-046,G006,G046,CROSS_PANEL_READER_ELEMENTS,8,0,593.013,BBOX_GAP_LOWER_BOUND
PAIR-006-047,G006,G047,CROSS_PANEL_READER_ELEMENTS,8,0,565.202,BBOX_GAP_LOWER_BOUND
PAIR-006-048,G006,G048,CROSS_PANEL_READER_ELEMENTS,8,0,563.121,BBOX_GAP_LOWER_BOUND
PAIR-006-049,G006,G049,CROSS_PANEL_READER_ELEMENTS,8,0,591.068,BBOX_GAP_LOWER_BOUND
PAIR-006-050,G006,G050,CROSS_PANEL_READER_ELEMENTS,8,0,626.547,BBOX_GAP_LOWER_BOUND
PAIR-006-051,G006,G051,CROSS_PANEL_READER_ELEMENTS,8,0,674.143,BBOX_GAP_LOWER_BOUND
PAIR-006-052,G006,G052,CROSS_PANEL_READER_ELEMENTS,8,0,623.953,BBOX_GAP_LOWER_BOUND
PAIR-006-053,G006,G053,CROSS_PANEL_READER_ELEMENTS,8,0,749.555,BBOX_GAP_LOWER_BOUND
PAIR-006-054,G006,G054,CROSS_PANEL_READER_ELEMENTS,8,0,743.646,BBOX_GAP_LOWER_BOUND
PAIR-006-055,G006,G055,CROSS_PANEL_READER_ELEMENTS,8,0,736.088,BBOX_GAP_LOWER_BOUND
PAIR-006-056,G006,G056,CROSS_PANEL_READER_ELEMENTS,8,0,719.703,BBOX_GAP_LOWER_BOUND
PAIR-006-057,G006,G057,CROSS_PANEL_READER_ELEMENTS,8,0,206.642,BBOX_GAP_LOWER_BOUND
PAIR-006-058,G006,G058,CROSS_PANEL_READER_ELEMENTS,8,0,205.0,BBOX_GAP_LOWER_BOUND
PAIR-006-059,G006,G059,CROSS_PANEL_READER_ELEMENTS,8,0,205.0,BBOX_GAP_LOWER_BOUND
PAIR-006-060,G006,G060,CROSS_PANEL_READER_ELEMENTS,8,0,206.77,BBOX_GAP_LOWER_BOUND
PAIR-006-061,G006,G061,CROSS_PANEL_READER_ELEMENTS,8,0,217.61,BBOX_GAP_LOWER_BOUND
PAIR-006-062,G006,G062,CROSS_PANEL_READER_ELEMENTS,8,0,236.038,BBOX_GAP_LOWER_BOUND
PAIR-006-063,G006,G063,CROSS_PANEL_READER_ELEMENTS,8,0,261.905,BBOX_GAP_LOWER_BOUND
PAIR-006-064,G006,G064,CROSS_PANEL_READER_ELEMENTS,8,0,290.622,BBOX_GAP_LOWER_BOUND
PAIR-006-065,G006,G065,CROSS_PANEL_READER_ELEMENTS,8,0,335.622,BBOX_GAP_LOWER_BOUND
PAIR-006-066,G006,G066,CROSS_PANEL_READER_ELEMENTS,8,0,373.277,BBOX_GAP_LOWER_BOUND
PAIR-006-067,G006,G067,CROSS_PANEL_READER_ELEMENTS,8,0,393.207,BBOX_GAP_LOWER_BOUND
PAIR-006-068,G006,G068,CROSS_PANEL_READER_ELEMENTS,8,0,401.18,BBOX_GAP_LOWER_BOUND
PAIR-006-069,G006,P1_AXES,TEXT_GRAPHIC,3,0,170.0,RAW_MASK_EXACT_KDTREE
PAIR-006-070,G006,P1_CURVE_MARKERS,TEXT_GRAPHIC,3,0,104.235,RAW_MASK_EXACT_KDTREE
PAIR-006-071,G006,P1_WARMUP_BOUNDARY,TEXT_GRAPHIC,3,0,133.0,BBOX_GAP_LOWER_BOUND
PAIR-006-072,G006,P1_EQ_WARMUP_TOP,SAME_SEMANTIC_PARENT_DESIGN,0,0,63.695,BBOX_GAP_LOWER_BOUND
PAIR-006-073,G006,P1_EQ_WARMUP_BOTTOM,SAME_SEMANTIC_PARENT_DESIGN,0,0,73.6,BBOX_GAP_LOWER_BOUND
PAIR-006-074,G006,P1_EQ_RETAIN_TOP,TEXT_GRAPHIC,3,0,263.0,BBOX_GAP_LOWER_BOUND
PAIR-006-075,G006,P1_EQ_RETAIN_BOTTOM,TEXT_GRAPHIC,3,0,263.008,BBOX_GAP_LOWER_BOUND
PAIR-006-076,G006,P2_AXES,TEXT_GRAPHIC,3,0,300.0,BBOX_GAP_LOWER_BOUND
PAIR-006-077,G006,P2_CURVE_MARKERS,TEXT_GRAPHIC,3,0,369.0,BBOX_GAP_LOWER_BOUND
PAIR-006-078,G006,P2_WARMUP_BOUNDARY,TEXT_GRAPHIC,3,0,326.333,BBOX_GAP_LOWER_BOUND
PAIR-006-079,G006,P2_TARGET_LINE,TEXT_GRAPHIC,3,0,402.0,BBOX_GAP_LOWER_BOUND
PAIR-006-080,G006,P2_YLABEL_OVERLINE,TEXT_GRAPHIC,3,0,740.833,BBOX_GAP_LOWER_BOUND
PAIR-006-081,G006,P2_TITLE_OVERLINE,TEXT_GRAPHIC,3,0,329.427,BBOX_GAP_LOWER_BOUND
PAIR-006-082,G006,P1_HATCH,TEXT_GRAPHIC,3,0,135.0,BBOX_GAP_LOWER_BOUND
PAIR-006-083,G006,P2_HATCH,TEXT_GRAPHIC,3,0,328.976,BBOX_GAP_LOWER_BOUND
PAIR-007-008,G007,G008,SAME_SEMANTIC_PARENT_DESIGN,0,0,49.0,BBOX_GAP_LOWER_BOUND
PAIR-007-009,G007,G009,SAME_SEMANTIC_PARENT_DESIGN,0,0,68.0,BBOX_GAP_LOWER_BOUND
PAIR-007-010,G007,G010,SAME_SEMANTIC_PARENT_DESIGN,0,0,86.0,BBOX_GAP_LOWER_BOUND
PAIR-007-011,G007,G011,SAME_SEMANTIC_PARENT_DESIGN,0,0,126.0,BBOX_GAP_LOWER_BOUND
PAIR-007-012,G007,G012,SAME_SEMANTIC_PARENT_DESIGN,0,0,143.0,BBOX_GAP_LOWER_BOUND
PAIR-007-013,G007,G013,TEXT_TEXT_INDEPENDENT,4,0,203.553,BBOX_GAP_LOWER_BOUND
PAIR-007-014,G007,G014,TEXT_TEXT_INDEPENDENT,4,0,247.455,BBOX_GAP_LOWER_BOUND
PAIR-007-015,G007,G015,TEXT_TEXT_INDEPENDENT,4,0,283.397,BBOX_GAP_LOWER_BOUND
PAIR-007-016,G007,G016,TEXT_TEXT_INDEPENDENT,4,0,323.348,BBOX_GAP_LOWER_BOUND
PAIR-007-017,G007,G017,TEXT_TEXT_INDEPENDENT,4,0,373.387,BBOX_GAP_LOWER_BOUND
PAIR-007-018,G007,G018,TEXT_TEXT_INDEPENDENT,4,0,431.335,BBOX_GAP_LOWER_BOUND
PAIR-007-019,G007,G019,TEXT_TEXT_INDEPENDENT,4,0,452.187,BBOX_GAP_LOWER_BOUND
PAIR-007-020,G007,G020,TEXT_TEXT_INDEPENDENT,4,0,470.307,BBOX_GAP_LOWER_BOUND
PAIR-007-021,G007,G021,TEXT_TEXT_INDEPENDENT,4,0,510.166,BBOX_GAP_LOWER_BOUND
PAIR-007-022,G007,G022,TEXT_TEXT_INDEPENDENT,4,0,525.308,BBOX_GAP_LOWER_BOUND
PAIR-007-023,G007,G023,TEXT_TEXT_INDEPENDENT,4,0,545.265,BBOX_GAP_LOWER_BOUND
PAIR-007-024,G007,G024,TEXT_TEXT_INDEPENDENT,4,0,489.0,BBOX_GAP_LOWER_BOUND
PAIR-007-025,G007,G025,TEXT_TEXT_INDEPENDENT,4,0,477.038,BBOX_GAP_LOWER_BOUND
PAIR-007-026,G007,G026,TEXT_TEXT_INDEPENDENT,4,0,226.632,BBOX_GAP_LOWER_BOUND
PAIR-007-027,G007,G027,TEXT_TEXT_INDEPENDENT,4,0,264.151,BBOX_GAP_LOWER_BOUND
PAIR-007-028,G007,G028,TEXT_TEXT_INDEPENDENT,4,0,312.623,BBOX_GAP_LOWER_BOUND
PAIR-007-029,G007,G029,TEXT_TEXT_INDEPENDENT,4,0,335.489,BBOX_GAP_LOWER_BOUND
PAIR-007-030,G007,G030,CROSS_PANEL_READER_ELEMENTS,8,0,583.257,BBOX_GAP_LOWER_BOUND
PAIR-007-031,G007,G031,CROSS_PANEL_READER_ELEMENTS,8,0,511.45,BBOX_GAP_LOWER_BOUND
PAIR-007-032,G007,G032,CROSS_PANEL_READER_ELEMENTS,8,0,549.287,BBOX_GAP_LOWER_BOUND
PAIR-007-033,G007,G033,CROSS_PANEL_READER_ELEMENTS,8,0,556.223,BBOX_GAP_LOWER_BOUND
PAIR-007-034,G007,G034,CROSS_PANEL_READER_ELEMENTS,8,0,710.025,BBOX_GAP_LOWER_BOUND
PAIR-007-035,G007,G035,CROSS_PANEL_READER_ELEMENTS,8,0,722.665,BBOX_GAP_LOWER_BOUND
PAIR-007-036,G007,G036,CROSS_PANEL_READER_ELEMENTS,8,0,933.608,BBOX_GAP_LOWER_BOUND
PAIR-007-037,G007,G037,CROSS_PANEL_READER_ELEMENTS,8,0,949.579,BBOX_GAP_LOWER_BOUND
PAIR-007-038,G007,G038,CROSS_PANEL_READER_ELEMENTS,8,0,583.346,BBOX_GAP_LOWER_BOUND
PAIR-007-039,G007,G039,CROSS_PANEL_READER_ELEMENTS,8,0,593.334,BBOX_GAP_LOWER_BOUND
PAIR-007-040,G007,G040,CROSS_PANEL_READER_ELEMENTS,8,0,564.475,BBOX_GAP_LOWER_BOUND
PAIR-007-041,G007,G041,CROSS_PANEL_READER_ELEMENTS,8,0,545.345,BBOX_GAP_LOWER_BOUND
PAIR-007-042,G007,G042,CROSS_PANEL_READER_ELEMENTS,8,0,554.087,BBOX_GAP_LOWER_BOUND
PAIR-007-043,G007,G043,CROSS_PANEL_READER_ELEMENTS,8,0,525.11,BBOX_GAP_LOWER_BOUND
PAIR-007-044,G007,G044,CROSS_PANEL_READER_ELEMENTS,8,0,486.492,BBOX_GAP_LOWER_BOUND
PAIR-007-045,G007,G045,CROSS_PANEL_READER_ELEMENTS,8,0,473.874,BBOX_GAP_LOWER_BOUND
PAIR-007-046,G007,G046,CROSS_PANEL_READER_ELEMENTS,8,0,480.937,BBOX_GAP_LOWER_BOUND
PAIR-007-047,G007,G047,CROSS_PANEL_READER_ELEMENTS,8,0,452.869,BBOX_GAP_LOWER_BOUND
PAIR-007-048,G007,G048,CROSS_PANEL_READER_ELEMENTS,8,0,663.624,BBOX_GAP_LOWER_BOUND
PAIR-007-049,G007,G049,CROSS_PANEL_READER_ELEMENTS,8,0,693.661,BBOX_GAP_LOWER_BOUND
PAIR-007-050,G007,G050,CROSS_PANEL_READER_ELEMENTS,8,0,731.44,BBOX_GAP_LOWER_BOUND
PAIR-007-051,G007,G051,CROSS_PANEL_READER_ELEMENTS,8,0,780.8,BBOX_GAP_LOWER_BOUND
PAIR-007-052,G007,G052,CROSS_PANEL_READER_ELEMENTS,8,0,617.272,BBOX_GAP_LOWER_BOUND
PAIR-007-053,G007,G053,CROSS_PANEL_READER_ELEMENTS,8,0,635.147,BBOX_GAP_LOWER_BOUND
PAIR-007-054,G007,G054,CROSS_PANEL_READER_ELEMENTS,8,0,630.02,BBOX_GAP_LOWER_BOUND
PAIR-007-055,G007,G055,CROSS_PANEL_READER_ELEMENTS,8,0,622.823,BBOX_GAP_LOWER_BOUND
PAIR-007-056,G007,G056,CROSS_PANEL_READER_ELEMENTS,8,0,606.757,BBOX_GAP_LOWER_BOUND
PAIR-007-057,G007,G057,CROSS_PANEL_READER_ELEMENTS,8,0,160.125,BBOX_GAP_LOWER_BOUND
PAIR-007-058,G007,G058,CROSS_PANEL_READER_ELEMENTS,8,0,174.471,BBOX_GAP_LOWER_BOUND
PAIR-007-059,G007,G059,CROSS_PANEL_READER_ELEMENTS,8,0,195.42,BBOX_GAP_LOWER_BOUND
PAIR-007-060,G007,G060,CROSS_PANEL_READER_ELEMENTS,8,0,224.864,BBOX_GAP_LOWER_BOUND
PAIR-007-061,G007,G061,CROSS_PANEL_READER_ELEMENTS,8,0,259.615,BBOX_GAP_LOWER_BOUND
PAIR-007-062,G007,G062,CROSS_PANEL_READER_ELEMENTS,8,0,295.743,BBOX_GAP_LOWER_BOUND
PAIR-007-063,G007,G063,CROSS_PANEL_READER_ELEMENTS,8,0,335.529,BBOX_GAP_LOWER_BOUND
PAIR-007-064,G007,G064,CROSS_PANEL_READER_ELEMENTS,8,0,374.012,BBOX_GAP_LOWER_BOUND
PAIR-007-065,G007,G065,CROSS_PANEL_READER_ELEMENTS,8,0,426.769,BBOX_GAP_LOWER_BOUND
PAIR-007-066,G007,G066,CROSS_PANEL_READER_ELEMENTS,8,0,464.562,BBOX_GAP_LOWER_BOUND
PAIR-007-067,G007,G067,CROSS_PANEL_READER_ELEMENTS,8,0,486.385,BBOX_GAP_LOWER_BOUND
PAIR-007-068,G007,G068,CROSS_PANEL_READER_ELEMENTS,8,0,496.364,BBOX_GAP_LOWER_BOUND
PAIR-007-069,G007,P1_AXES,TEXT_GRAPHIC,3,0,123.0,RAW_MASK_EXACT_KDTREE
PAIR-007-070,G007,P1_CURVE_MARKERS,TEXT_GRAPHIC,3,0,59.908,RAW_MASK_EXACT_KDTREE
PAIR-007-071,G007,P1_WARMUP_BOUNDARY,TEXT_GRAPHIC,3,0,27.0,BBOX_GAP_LOWER_BOUND
PAIR-007-072,G007,P1_EQ_WARMUP_TOP,SAME_SEMANTIC_PARENT_DESIGN,0,0,13.0,BBOX_GAP_LOWER_BOUND
PAIR-007-073,G007,P1_EQ_WARMUP_BOTTOM,SAME_SEMANTIC_PARENT_DESIGN,0,0,13.0,BBOX_GAP_LOWER_BOUND
PAIR-007-074,G007,P1_EQ_RETAIN_TOP,TEXT_GRAPHIC,3,0,397.633,BBOX_GAP_LOWER_BOUND
PAIR-007-075,G007,P1_EQ_RETAIN_BOTTOM,TEXT_GRAPHIC,3,0,396.365,BBOX_GAP_LOWER_BOUND
PAIR-007-076,G007,P2_AXES,TEXT_GRAPHIC,3,0,253.0,BBOX_GAP_LOWER_BOUND
PAIR-007-077,G007,P2_CURVE_MARKERS,TEXT_GRAPHIC,3,0,322.0,BBOX_GAP_LOWER_BOUND
PAIR-007-078,G007,P2_WARMUP_BOUNDARY,TEXT_GRAPHIC,3,0,252.448,BBOX_GAP_LOWER_BOUND
PAIR-007-079,G007,P2_TARGET_LINE,TEXT_GRAPHIC,3,0,355.0,BBOX_GAP_LOWER_BOUND
PAIR-007-080,G007,P2_YLABEL_OVERLINE,TEXT_GRAPHIC,3,0,626.259,BBOX_GAP_LOWER_BOUND
PAIR-007-081,G007,P2_TITLE_OVERLINE,TEXT_GRAPHIC,3,0,423.027,BBOX_GAP_LOWER_BOUND
PAIR-007-082,G007,P1_HATCH,TEXT_GRAPHIC,3,0,29.0,BBOX_GAP_LOWER_BOUND
PAIR-007-083,G007,P2_HATCH,TEXT_GRAPHIC,3,0,254.657,BBOX_GAP_LOWER_BOUND
PAIR-008-009,G008,G009,SAME_SEMANTIC_PARENT_DESIGN,0,0,5.0,BBOX_GAP_LOWER_BOUND
PAIR-008-010,G008,G010,SAME_SEMANTIC_PARENT_DESIGN,0,0,23.0,BBOX_GAP_LOWER_BOUND
PAIR-008-011,G008,G011,SAME_SEMANTIC_PARENT_DESIGN,0,0,63.0,BBOX_GAP_LOWER_BOUND
PAIR-008-012,G008,G012,SAME_SEMANTIC_PARENT_DESIGN,0,0,80.0,BBOX_GAP_LOWER_BOUND
PAIR-008-013,G008,G013,TEXT_TEXT_INDEPENDENT,4,0,140.602,BBOX_GAP_LOWER_BOUND
PAIR-008-014,G008,G014,TEXT_TEXT_INDEPENDENT,4,0,184.459,BBOX_GAP_LOWER_BOUND
PAIR-008-015,G008,G015,TEXT_TEXT_INDEPENDENT,4,0,220.384,BBOX_GAP_LOWER_BOUND
PAIR-008-016,G008,G016,TEXT_TEXT_INDEPENDENT,4,0,260.325,BBOX_GAP_LOWER_BOUND
PAIR-008-017,G008,G017,TEXT_TEXT_INDEPENDENT,4,0,310.363,BBOX_GAP_LOWER_BOUND
PAIR-008-018,G008,G018,TEXT_TEXT_INDEPENDENT,4,0,368.306,BBOX_GAP_LOWER_BOUND
PAIR-008-019,G008,G019,TEXT_TEXT_INDEPENDENT,4,0,389.155,BBOX_GAP_LOWER_BOUND
PAIR-008-020,G008,G020,TEXT_TEXT_INDEPENDENT,4,0,407.276,BBOX_GAP_LOWER_BOUND
PAIR-008-021,G008,G021,TEXT_TEXT_INDEPENDENT,4,0,447.135,BBOX_GAP_LOWER_BOUND
PAIR-008-022,G008,G022,TEXT_TEXT_INDEPENDENT,4,0,462.277,BBOX_GAP_LOWER_BOUND
PAIR-008-023,G008,G023,TEXT_TEXT_INDEPENDENT,4,0,482.233,BBOX_GAP_LOWER_BOUND
PAIR-008-024,G008,G024,TEXT_TEXT_INDEPENDENT,4,0,549.0,BBOX_GAP_LOWER_BOUND
PAIR-008-025,G008,G025,TEXT_TEXT_INDEPENDENT,4,0,537.046,BBOX_GAP_LOWER_BOUND
PAIR-008-026,G008,G026,TEXT_TEXT_INDEPENDENT,4,0,179.513,BBOX_GAP_LOWER_BOUND
PAIR-008-027,G008,G027,TEXT_TEXT_INDEPENDENT,4,0,212.05,BBOX_GAP_LOWER_BOUND
PAIR-008-028,G008,G028,TEXT_TEXT_INDEPENDENT,4,0,257.111,BBOX_GAP_LOWER_BOUND
PAIR-008-029,G008,G029,TEXT_TEXT_INDEPENDENT,4,0,277.824,BBOX_GAP_LOWER_BOUND
PAIR-008-030,G008,G030,CROSS_PANEL_READER_ELEMENTS,8,0,615.443,BBOX_GAP_LOWER_BOUND
PAIR-008-031,G008,G031,CROSS_PANEL_READER_ELEMENTS,8,0,521.728,BBOX_GAP_LOWER_BOUND
PAIR-008-032,G008,G032,CROSS_PANEL_READER_ELEMENTS,8,0,530.096,BBOX_GAP_LOWER_BOUND
PAIR-008-033,G008,G033,CROSS_PANEL_READER_ELEMENTS,8,0,535.165,BBOX_GAP_LOWER_BOUND
PAIR-008-034,G008,G034,CROSS_PANEL_READER_ELEMENTS,8,0,668.492,BBOX_GAP_LOWER_BOUND
PAIR-008-035,G008,G035,CROSS_PANEL_READER_ELEMENTS,8,0,680.237,BBOX_GAP_LOWER_BOUND
PAIR-008-036,G008,G036,CROSS_PANEL_READER_ELEMENTS,8,0,882.09,BBOX_GAP_LOWER_BOUND
PAIR-008-037,G008,G037,CROSS_PANEL_READER_ELEMENTS,8,0,897.644,BBOX_GAP_LOWER_BOUND
PAIR-008-038,G008,G038,CROSS_PANEL_READER_ELEMENTS,8,0,624.424,BBOX_GAP_LOWER_BOUND
PAIR-008-039,G008,G039,CROSS_PANEL_READER_ELEMENTS,8,0,632.851,BBOX_GAP_LOWER_BOUND
PAIR-008-040,G008,G040,CROSS_PANEL_READER_ELEMENTS,8,0,603.858,BBOX_GAP_LOWER_BOUND
PAIR-008-041,G008,G041,CROSS_PANEL_READER_ELEMENTS,8,0,588.992,BBOX_GAP_LOWER_BOUND
PAIR-008-042,G008,G042,CROSS_PANEL_READER_ELEMENTS,8,0,596.125,BBOX_GAP_LOWER_BOUND
PAIR-008-043,G008,G043,CROSS_PANEL_READER_ELEMENTS,8,0,567.144,BBOX_GAP_LOWER_BOUND
PAIR-008-044,G008,G044,CROSS_PANEL_READER_ELEMENTS,8,0,531.377,BBOX_GAP_LOWER_BOUND
PAIR-008-045,G008,G045,CROSS_PANEL_READER_ELEMENTS,8,0,523.087,BBOX_GAP_LOWER_BOUND
PAIR-008-046,G008,G046,CROSS_PANEL_READER_ELEMENTS,8,0,528.626,BBOX_GAP_LOWER_BOUND
PAIR-008-047,G008,G047,CROSS_PANEL_READER_ELEMENTS,8,0,500.912,BBOX_GAP_LOWER_BOUND
PAIR-008-048,G008,G048,CROSS_PANEL_READER_ELEMENTS,8,0,605.466,BBOX_GAP_LOWER_BOUND
PAIR-008-049,G008,G049,CROSS_PANEL_READER_ELEMENTS,8,0,635.079,BBOX_GAP_LOWER_BOUND
PAIR-008-050,G008,G050,CROSS_PANEL_READER_ELEMENTS,8,0,672.402,BBOX_GAP_LOWER_BOUND
PAIR-008-051,G008,G051,CROSS_PANEL_READER_ELEMENTS,8,0,721.444,BBOX_GAP_LOWER_BOUND
PAIR-008-052,G008,G052,CROSS_PANEL_READER_ELEMENTS,8,0,596.142,BBOX_GAP_LOWER_BOUND
PAIR-008-053,G008,G053,CROSS_PANEL_READER_ELEMENTS,8,0,686.181,BBOX_GAP_LOWER_BOUND
PAIR-008-054,G008,G054,CROSS_PANEL_READER_ELEMENTS,8,0,679.79,BBOX_GAP_LOWER_BOUND
PAIR-008-055,G008,G055,CROSS_PANEL_READER_ELEMENTS,8,0,672.061,BBOX_GAP_LOWER_BOUND
PAIR-008-056,G008,G056,CROSS_PANEL_READER_ELEMENTS,8,0,655.549,BBOX_GAP_LOWER_BOUND
PAIR-008-057,G008,G057,CROSS_PANEL_READER_ELEMENTS,8,0,159.0,BBOX_GAP_LOWER_BOUND
PAIR-008-058,G008,G058,CROSS_PANEL_READER_ELEMENTS,8,0,159.38,BBOX_GAP_LOWER_BOUND
PAIR-008-059,G008,G059,CROSS_PANEL_READER_ELEMENTS,8,0,167.287,BBOX_GAP_LOWER_BOUND
PAIR-008-060,G008,G060,CROSS_PANEL_READER_ELEMENTS,8,0,186.253,BBOX_GAP_LOWER_BOUND
PAIR-008-061,G008,G061,CROSS_PANEL_READER_ELEMENTS,8,0,213.846,BBOX_GAP_LOWER_BOUND
PAIR-008-062,G008,G062,CROSS_PANEL_READER_ELEMENTS,8,0,245.459,BBOX_GAP_LOWER_BOUND
PAIR-008-063,G008,G063,CROSS_PANEL_READER_ELEMENTS,8,0,282.082,BBOX_GAP_LOWER_BOUND
PAIR-008-064,G008,G064,CROSS_PANEL_READER_ELEMENTS,8,0,318.523,BBOX_GAP_LOWER_BOUND
PAIR-008-065,G008,G065,CROSS_PANEL_READER_ELEMENTS,8,0,369.846,BBOX_GAP_LOWER_BOUND
PAIR-008-066,G008,G066,CROSS_PANEL_READER_ELEMENTS,8,0,407.863,BBOX_GAP_LOWER_BOUND
PAIR-008-067,G008,G067,CROSS_PANEL_READER_ELEMENTS,8,0,429.348,BBOX_GAP_LOWER_BOUND
PAIR-008-068,G008,G068,CROSS_PANEL_READER_ELEMENTS,8,0,438.895,BBOX_GAP_LOWER_BOUND
PAIR-008-069,G008,P1_AXES,TEXT_GRAPHIC,3,0,124.0,RAW_MASK_EXACT_KDTREE
PAIR-008-070,G008,P1_CURVE_MARKERS,TEXT_GRAPHIC,3,0,46.0,RAW_MASK_EXACT_KDTREE
PAIR-008-071,G008,P1_WARMUP_BOUNDARY,TEXT_GRAPHIC,3,0,87.0,BBOX_GAP_LOWER_BOUND
PAIR-008-072,G008,P1_EQ_WARMUP_TOP,SAME_SEMANTIC_PARENT_DESIGN,0,0,13.0,BBOX_GAP_LOWER_BOUND
PAIR-008-073,G008,P1_EQ_WARMUP_BOTTOM,SAME_SEMANTIC_PARENT_DESIGN,0,0,13.0,BBOX_GAP_LOWER_BOUND
PAIR-008-074,G008,P1_EQ_RETAIN_TOP,TEXT_GRAPHIC,3,0,334.731,BBOX_GAP_LOWER_BOUND
PAIR-008-075,G008,P1_EQ_RETAIN_BOTTOM,TEXT_GRAPHIC,3,0,333.338,BBOX_GAP_LOWER_BOUND
PAIR-008-076,G008,P2_AXES,TEXT_GRAPHIC,3,0,254.0,BBOX_GAP_LOWER_BOUND
PAIR-008-077,G008,P2_CURVE_MARKERS,TEXT_GRAPHIC,3,0,323.0,BBOX_GAP_LOWER_BOUND
PAIR-008-078,G008,P2_WARMUP_BOUNDARY,TEXT_GRAPHIC,3,0,266.595,BBOX_GAP_LOWER_BOUND
PAIR-008-079,G008,P2_TARGET_LINE,TEXT_GRAPHIC,3,0,356.0,BBOX_GAP_LOWER_BOUND
PAIR-008-080,G008,P2_YLABEL_OVERLINE,TEXT_GRAPHIC,3,0,677.594,BBOX_GAP_LOWER_BOUND
PAIR-008-081,G008,P2_TITLE_OVERLINE,TEXT_GRAPHIC,3,0,365.494,BBOX_GAP_LOWER_BOUND
PAIR-008-082,G008,P1_HATCH,TEXT_GRAPHIC,3,0,89.0,BBOX_GAP_LOWER_BOUND
PAIR-008-083,G008,P2_HATCH,TEXT_GRAPHIC,3,0,269.141,BBOX_GAP_LOWER_BOUND
PAIR-009-010,G009,G010,SAME_SEMANTIC_PARENT_DESIGN,0,0,12.0,BBOX_GAP_LOWER_BOUND
PAIR-009-011,G009,G011,SAME_SEMANTIC_PARENT_DESIGN,0,0,52.0,BBOX_GAP_LOWER_BOUND
PAIR-009-012,G009,G012,SAME_SEMANTIC_PARENT_DESIGN,0,0,69.0,BBOX_GAP_LOWER_BOUND
PAIR-009-013,G009,G013,TEXT_TEXT_INDEPENDENT,4,0,133.405,BBOX_GAP_LOWER_BOUND
PAIR-009-014,G009,G014,TEXT_TEXT_INDEPENDENT,4,0,176.309,BBOX_GAP_LOWER_BOUND
PAIR-009-015,G009,G015,TEXT_TEXT_INDEPENDENT,4,0,211.747,BBOX_GAP_LOWER_BOUND
PAIR-009-016,G009,G016,TEXT_TEXT_INDEPENDENT,4,0,251.311,BBOX_GAP_LOWER_BOUND
PAIR-009-017,G009,G017,TEXT_TEXT_INDEPENDENT,4,0,301.159,BBOX_GAP_LOWER_BOUND
PAIR-009-018,G009,G018,TEXT_TEXT_INDEPENDENT,4,0,358.811,BBOX_GAP_LOWER_BOUND
PAIR-009-019,G009,G019,TEXT_TEXT_INDEPENDENT,4,0,379.352,BBOX_GAP_LOWER_BOUND
PAIR-009-020,G009,G020,TEXT_TEXT_INDEPENDENT,4,0,397.633,BBOX_GAP_LOWER_BOUND
PAIR-009-021,G009,G021,TEXT_TEXT_INDEPENDENT,4,0,437.173,BBOX_GAP_LOWER_BOUND
PAIR-009-022,G009,G022,TEXT_TEXT_INDEPENDENT,4,0,452.515,BBOX_GAP_LOWER_BOUND
PAIR-009-023,G009,G023,TEXT_TEXT_INDEPENDENT,4,0,472.374,BBOX_GAP_LOWER_BOUND
PAIR-009-024,G009,G024,TEXT_TEXT_INDEPENDENT,4,0,568.0,BBOX_GAP_LOWER_BOUND
PAIR-009-025,G009,G025,TEXT_TEXT_INDEPENDENT,4,0,556.004,BBOX_GAP_LOWER_BOUND
PAIR-009-026,G009,G026,TEXT_TEXT_INDEPENDENT,4,0,189.708,BBOX_GAP_LOWER_BOUND
PAIR-009-027,G009,G027,TEXT_TEXT_INDEPENDENT,4,0,218.589,BBOX_GAP_LOWER_BOUND
PAIR-009-028,G009,G028,TEXT_TEXT_INDEPENDENT,4,0,260.5,BBOX_GAP_LOWER_BOUND
PAIR-009-029,G009,G029,TEXT_TEXT_INDEPENDENT,4,0,279.034,BBOX_GAP_LOWER_BOUND
PAIR-009-030,G009,G030,CROSS_PANEL_READER_ELEMENTS,8,0,622.158,BBOX_GAP_LOWER_BOUND
PAIR-009-031,G009,G031,CROSS_PANEL_READER_ELEMENTS,8,0,521.216,BBOX_GAP_LOWER_BOUND
PAIR-009-032,G009,G032,CROSS_PANEL_READER_ELEMENTS,8,0,522.433,BBOX_GAP_LOWER_BOUND
PAIR-009-033,G009,G033,CROSS_PANEL_READER_ELEMENTS,8,0,527.2,BBOX_GAP_LOWER_BOUND
PAIR-009-034,G009,G034,CROSS_PANEL_READER_ELEMENTS,8,0,657.599,BBOX_GAP_LOWER_BOUND
PAIR-009-035,G009,G035,CROSS_PANEL_READER_ELEMENTS,8,0,669.238,BBOX_GAP_LOWER_BOUND
PAIR-009-036,G009,G036,CROSS_PANEL_READER_ELEMENTS,8,0,870.23,BBOX_GAP_LOWER_BOUND
PAIR-009-037,G009,G037,CROSS_PANEL_READER_ELEMENTS,8,0,885.757,BBOX_GAP_LOWER_BOUND
PAIR-009-038,G009,G038,CROSS_PANEL_READER_ELEMENTS,8,0,634.341,BBOX_GAP_LOWER_BOUND
PAIR-009-039,G009,G039,CROSS_PANEL_READER_ELEMENTS,8,0,642.179,BBOX_GAP_LOWER_BOUND
PAIR-009-040,G009,G040,CROSS_PANEL_READER_ELEMENTS,8,0,613.179,BBOX_GAP_LOWER_BOUND
PAIR-009-041,G009,G041,CROSS_PANEL_READER_ELEMENTS,8,0,599.922,BBOX_GAP_LOWER_BOUND
PAIR-009-042,G009,G042,CROSS_PANEL_READER_ELEMENTS,8,0,606.44,BBOX_GAP_LOWER_BOUND
PAIR-009-043,G009,G043,CROSS_PANEL_READER_ELEMENTS,8,0,577.5,BBOX_GAP_LOWER_BOUND
PAIR-009-044,G009,G044,CROSS_PANEL_READER_ELEMENTS,8,0,542.86,BBOX_GAP_LOWER_BOUND
PAIR-009-045,G009,G045,CROSS_PANEL_READER_ELEMENTS,8,0,536.263,BBOX_GAP_LOWER_BOUND
PAIR-009-046,G009,G046,CROSS_PANEL_READER_ELEMENTS,8,0,541.192,BBOX_GAP_LOWER_BOUND
PAIR-009-047,G009,G047,CROSS_PANEL_READER_ELEMENTS,8,0,513.658,BBOX_GAP_LOWER_BOUND
PAIR-009-048,G009,G048,CROSS_PANEL_READER_ELEMENTS,8,0,593.388,BBOX_GAP_LOWER_BOUND
PAIR-009-049,G009,G049,CROSS_PANEL_READER_ELEMENTS,8,0,623.01,BBOX_GAP_LOWER_BOUND
PAIR-009-050,G009,G050,CROSS_PANEL_READER_ELEMENTS,8,0,660.349,BBOX_GAP_LOWER_BOUND
PAIR-009-051,G009,G051,CROSS_PANEL_READER_ELEMENTS,8,0,709.406,BBOX_GAP_LOWER_BOUND
PAIR-009-052,G009,G052,CROSS_PANEL_READER_ELEMENTS,8,0,588.106,BBOX_GAP_LOWER_BOUND
PAIR-009-053,G009,G053,CROSS_PANEL_READER_ELEMENTS,8,0,699.949,BBOX_GAP_LOWER_BOUND
PAIR-009-054,G009,G054,CROSS_PANEL_READER_ELEMENTS,8,0,693.034,BBOX_GAP_LOWER_BOUND
PAIR-009-055,G009,G055,CROSS_PANEL_READER_ELEMENTS,8,0,685.093,BBOX_GAP_LOWER_BOUND
PAIR-009-056,G009,G056,CROSS_PANEL_READER_ELEMENTS,8,0,668.414,BBOX_GAP_LOWER_BOUND
PAIR-009-057,G009,G057,CROSS_PANEL_READER_ELEMENTS,8,0,154.0,BBOX_GAP_LOWER_BOUND
PAIR-009-058,G009,G058,CROSS_PANEL_READER_ELEMENTS,8,0,154.0,BBOX_GAP_LOWER_BOUND
PAIR-009-059,G009,G059,CROSS_PANEL_READER_ELEMENTS,8,0,159.364,BBOX_GAP_LOWER_BOUND
PAIR-009-060,G009,G060,CROSS_PANEL_READER_ELEMENTS,8,0,176.386,BBOX_GAP_LOWER_BOUND
PAIR-009-061,G009,G061,CROSS_PANEL_READER_ELEMENTS,8,0,202.83,BBOX_GAP_LOWER_BOUND
PAIR-009-062,G009,G062,CROSS_PANEL_READER_ELEMENTS,8,0,233.863,BBOX_GAP_LOWER_BOUND
PAIR-009-063,G009,G063,CROSS_PANEL_READER_ELEMENTS,8,0,270.185,BBOX_GAP_LOWER_BOUND
PAIR-009-064,G009,G064,CROSS_PANEL_READER_ELEMENTS,8,0,306.498,BBOX_GAP_LOWER_BOUND
PAIR-009-065,G009,G065,CROSS_PANEL_READER_ELEMENTS,8,0,357.771,BBOX_GAP_LOWER_BOUND
PAIR-009-066,G009,G066,CROSS_PANEL_READER_ELEMENTS,8,0,395.79,BBOX_GAP_LOWER_BOUND
PAIR-009-067,G009,G067,CROSS_PANEL_READER_ELEMENTS,8,0,417.27,BBOX_GAP_LOWER_BOUND
PAIR-009-068,G009,G068,CROSS_PANEL_READER_ELEMENTS,8,0,426.813,BBOX_GAP_LOWER_BOUND
PAIR-009-069,G009,P1_AXES,TEXT_GRAPHIC,3,0,119.0,RAW_MASK_EXACT_KDTREE
PAIR-009-070,G009,P1_CURVE_MARKERS,TEXT_GRAPHIC,3,0,44.777,RAW_MASK_EXACT_KDTREE
PAIR-009-071,G009,P1_WARMUP_BOUNDARY,TEXT_GRAPHIC,3,0,106.0,BBOX_GAP_LOWER_BOUND
PAIR-009-072,G009,P1_EQ_WARMUP_TOP,SAME_SEMANTIC_PARENT_DESIGN,0,0,34.54,BBOX_GAP_LOWER_BOUND
PAIR-009-073,G009,P1_EQ_WARMUP_BOTTOM,SAME_SEMANTIC_PARENT_DESIGN,0,0,32.0,BBOX_GAP_LOWER_BOUND
PAIR-009-074,G009,P1_EQ_RETAIN_TOP,TEXT_GRAPHIC,3,0,326.663,BBOX_GAP_LOWER_BOUND
PAIR-009-075,G009,P1_EQ_RETAIN_BOTTOM,TEXT_GRAPHIC,3,0,324.006,BBOX_GAP_LOWER_BOUND
PAIR-009-076,G009,P2_AXES,TEXT_GRAPHIC,3,0,249.0,BBOX_GAP_LOWER_BOUND
PAIR-009-077,G009,P2_CURVE_MARKERS,TEXT_GRAPHIC,3,0,318.0,BBOX_GAP_LOWER_BOUND
PAIR-009-078,G009,P2_WARMUP_BOUNDARY,TEXT_GRAPHIC,3,0,268.784,BBOX_GAP_LOWER_BOUND
PAIR-009-079,G009,P2_TARGET_LINE,TEXT_GRAPHIC,3,0,351.0,BBOX_GAP_LOWER_BOUND
PAIR-009-080,G009,P2_YLABEL_OVERLINE,TEXT_GRAPHIC,3,0,691.495,BBOX_GAP_LOWER_BOUND
PAIR-009-081,G009,P2_TITLE_OVERLINE,TEXT_GRAPHIC,3,0,353.412,BBOX_GAP_LOWER_BOUND
PAIR-009-082,G009,P1_HATCH,TEXT_GRAPHIC,3,0,108.0,BBOX_GAP_LOWER_BOUND
PAIR-009-083,G009,P2_HATCH,TEXT_GRAPHIC,3,0,271.413,BBOX_GAP_LOWER_BOUND
PAIR-010-011,G010,G011,SAME_SEMANTIC_PARENT_DESIGN,0,0,12.0,BBOX_GAP_LOWER_BOUND
PAIR-010-012,G010,G012,SAME_SEMANTIC_PARENT_DESIGN,0,0,29.0,BBOX_GAP_LOWER_BOUND
PAIR-010-013,G010,G013,TEXT_TEXT_INDEPENDENT,4,0,95.273,BBOX_GAP_LOWER_BOUND
PAIR-010-014,G010,G014,TEXT_TEXT_INDEPENDENT,4,0,137.277,BBOX_GAP_LOWER_BOUND
PAIR-010-015,G010,G015,TEXT_TEXT_INDEPENDENT,4,0,172.386,BBOX_GAP_LOWER_BOUND
PAIR-010-016,G010,G016,TEXT_TEXT_INDEPENDENT,4,0,211.747,BBOX_GAP_LOWER_BOUND
PAIR-010-017,G010,G017,TEXT_TEXT_INDEPENDENT,4,0,261.49,BBOX_GAP_LOWER_BOUND
PAIR-010-018,G010,G018,TEXT_TEXT_INDEPENDENT,4,0,319.038,BBOX_GAP_LOWER_BOUND
PAIR-010-019,G010,G019,TEXT_TEXT_INDEPENDENT,4,0,339.511,BBOX_GAP_LOWER_BOUND
PAIR-010-020,G010,G020,TEXT_TEXT_INDEPENDENT,4,0,357.816,BBOX_GAP_LOWER_BOUND
PAIR-010-021,G010,G021,TEXT_TEXT_INDEPENDENT,4,0,397.291,BBOX_GAP_LOWER_BOUND
PAIR-010-022,G010,G022,TEXT_TEXT_INDEPENDENT,4,0,412.662,BBOX_GAP_LOWER_BOUND
PAIR-010-023,G010,G023,TEXT_TEXT_INDEPENDENT,4,0,432.501,BBOX_GAP_LOWER_BOUND
PAIR-010-024,G010,G024,TEXT_TEXT_INDEPENDENT,4,0,586.0,BBOX_GAP_LOWER_BOUND
PAIR-010-025,G010,G025,TEXT_TEXT_INDEPENDENT,4,0,574.031,BBOX_GAP_LOWER_BOUND
PAIR-010-026,G010,G026,TEXT_TEXT_INDEPENDENT,4,0,170.848,BBOX_GAP_LOWER_BOUND
PAIR-010-027,G010,G027,TEXT_TEXT_INDEPENDENT,4,0,193.342,BBOX_GAP_LOWER_BOUND
PAIR-010-028,G010,G028,TEXT_TEXT_INDEPENDENT,4,0,230.521,BBOX_GAP_LOWER_BOUND
PAIR-010-029,G010,G029,TEXT_TEXT_INDEPENDENT,4,0,246.455,BBOX_GAP_LOWER_BOUND
PAIR-010-030,G010,G030,CROSS_PANEL_READER_ELEMENTS,8,0,636.003,BBOX_GAP_LOWER_BOUND
PAIR-010-031,G010,G031,CROSS_PANEL_READER_ELEMENTS,8,0,529.802,BBOX_GAP_LOWER_BOUND
PAIR-010-032,G010,G032,CROSS_PANEL_READER_ELEMENTS,8,0,517.88,BBOX_GAP_LOWER_BOUND
PAIR-010-033,G010,G033,CROSS_PANEL_READER_ELEMENTS,8,0,521.31,BBOX_GAP_LOWER_BOUND
PAIR-010-034,G010,G034,CROSS_PANEL_READER_ELEMENTS,8,0,636.003,BBOX_GAP_LOWER_BOUND
PAIR-010-035,G010,G035,CROSS_PANEL_READER_ELEMENTS,8,0,646.919,BBOX_GAP_LOWER_BOUND
PAIR-010-036,G010,G036,CROSS_PANEL_READER_ELEMENTS,8,0,840.431,BBOX_GAP_LOWER_BOUND
PAIR-010-037,G010,G037,CROSS_PANEL_READER_ELEMENTS,8,0,855.61,BBOX_GAP_LOWER_BOUND
PAIR-010-038,G010,G038,CROSS_PANEL_READER_ELEMENTS,8,0,650.112,BBOX_GAP_LOWER_BOUND
PAIR-010-039,G010,G039,CROSS_PANEL_READER_ELEMENTS,8,0,657.615,BBOX_GAP_LOWER_BOUND
PAIR-010-040,G010,G040,CROSS_PANEL_READER_ELEMENTS,8,0,628.622,BBOX_GAP_LOWER_BOUND
PAIR-010-041,G010,G041,CROSS_PANEL_READER_ELEMENTS,8,0,616.242,BBOX_GAP_LOWER_BOUND
PAIR-010-042,G010,G042,CROSS_PANEL_READER_ELEMENTS,8,0,622.435,BBOX_GAP_LOWER_BOUND
PAIR-010-043,G010,G043,CROSS_PANEL_READER_ELEMENTS,8,0,593.527,BBOX_GAP_LOWER_BOUND
PAIR-010-044,G010,G044,CROSS_PANEL_READER_ELEMENTS,8,0,559.476,BBOX_GAP_LOWER_BOUND
PAIR-010-045,G010,G045,CROSS_PANEL_READER_ELEMENTS,8,0,553.644,BBOX_GAP_LOWER_BOUND
PAIR-010-046,G010,G046,CROSS_PANEL_READER_ELEMENTS,8,0,558.313,BBOX_GAP_LOWER_BOUND
PAIR-010-047,G010,G047,CROSS_PANEL_READER_ELEMENTS,8,0,530.864,BBOX_GAP_LOWER_BOUND
PAIR-010-048,G010,G048,CROSS_PANEL_READER_ELEMENTS,8,0,558.395,BBOX_GAP_LOWER_BOUND
PAIR-010-049,G010,G049,CROSS_PANEL_READER_ELEMENTS,8,0,587.603,BBOX_GAP_LOWER_BOUND
PAIR-010-050,G010,G050,CROSS_PANEL_READER_ELEMENTS,8,0,624.497,BBOX_GAP_LOWER_BOUND
PAIR-010-051,G010,G051,CROSS_PANEL_READER_ELEMENTS,8,0,673.232,BBOX_GAP_LOWER_BOUND
PAIR-010-052,G010,G052,CROSS_PANEL_READER_ELEMENTS,8,0,581.712,BBOX_GAP_LOWER_BOUND
PAIR-010-053,G010,G053,CROSS_PANEL_READER_ELEMENTS,8,0,717.541,BBOX_GAP_LOWER_BOUND
PAIR-010-054,G010,G054,CROSS_PANEL_READER_ELEMENTS,8,0,710.417,BBOX_GAP_LOWER_BOUND
PAIR-010-055,G010,G055,CROSS_PANEL_READER_ELEMENTS,8,0,702.387,BBOX_GAP_LOWER_BOUND
PAIR-010-056,G010,G056,CROSS_PANEL_READER_ELEMENTS,8,0,685.639,BBOX_GAP_LOWER_BOUND
PAIR-010-057,G010,G057,CROSS_PANEL_READER_ELEMENTS,8,0,158.912,BBOX_GAP_LOWER_BOUND
PAIR-010-058,G010,G058,CROSS_PANEL_READER_ELEMENTS,8,0,158.0,BBOX_GAP_LOWER_BOUND
PAIR-010-059,G010,G059,CROSS_PANEL_READER_ELEMENTS,8,0,158.003,BBOX_GAP_LOWER_BOUND
PAIR-010-060,G010,G060,CROSS_PANEL_READER_ELEMENTS,8,0,164.56,BBOX_GAP_LOWER_BOUND
PAIR-010-061,G010,G061,CROSS_PANEL_READER_ELEMENTS,8,0,182.833,BBOX_GAP_LOWER_BOUND
PAIR-010-062,G010,G062,CROSS_PANEL_READER_ELEMENTS,8,0,208.471,BBOX_GAP_LOWER_BOUND
PAIR-010-063,G010,G063,CROSS_PANEL_READER_ELEMENTS,8,0,241.015,BBOX_GAP_LOWER_BOUND
PAIR-010-064,G010,G064,CROSS_PANEL_READER_ELEMENTS,8,0,274.935,BBOX_GAP_LOWER_BOUND
PAIR-010-065,G010,G065,CROSS_PANEL_READER_ELEMENTS,8,0,324.493,BBOX_GAP_LOWER_BOUND
PAIR-010-066,G010,G066,CROSS_PANEL_READER_ELEMENTS,8,0,362.571,BBOX_GAP_LOWER_BOUND
PAIR-010-067,G010,G067,CROSS_PANEL_READER_ELEMENTS,8,0,383.659,BBOX_GAP_LOWER_BOUND
PAIR-010-068,G010,G068,CROSS_PANEL_READER_ELEMENTS,8,0,392.766,BBOX_GAP_LOWER_BOUND
PAIR-010-069,G010,P1_AXES,TEXT_GRAPHIC,3,0,123.0,RAW_MASK_EXACT_KDTREE
PAIR-010-070,G010,P1_CURVE_MARKERS,TEXT_GRAPHIC,3,0,58.009,RAW_MASK_EXACT_KDTREE
PAIR-010-071,G010,P1_WARMUP_BOUNDARY,TEXT_GRAPHIC,3,0,124.0,BBOX_GAP_LOWER_BOUND
PAIR-010-072,G010,P1_EQ_WARMUP_TOP,SAME_SEMANTIC_PARENT_DESIGN,0,0,51.662,BBOX_GAP_LOWER_BOUND
PAIR-010-073,G010,P1_EQ_WARMUP_BOTTOM,SAME_SEMANTIC_PARENT_DESIGN,0,0,50.0,BBOX_GAP_LOWER_BOUND
PAIR-010-074,G010,P1_EQ_RETAIN_TOP,TEXT_GRAPHIC,3,0,287.313,BBOX_GAP_LOWER_BOUND
PAIR-010-075,G010,P1_EQ_RETAIN_BOTTOM,TEXT_GRAPHIC,3,0,284.289,BBOX_GAP_LOWER_BOUND
PAIR-010-076,G010,P2_AXES,TEXT_GRAPHIC,3,0,253.0,BBOX_GAP_LOWER_BOUND
PAIR-010-077,G010,P2_CURVE_MARKERS,TEXT_GRAPHIC,3,0,322.0,BBOX_GAP_LOWER_BOUND
PAIR-010-078,G010,P2_WARMUP_BOUNDARY,TEXT_GRAPHIC,3,0,279.959,BBOX_GAP_LOWER_BOUND
PAIR-010-079,G010,P2_TARGET_LINE,TEXT_GRAPHIC,3,0,355.0,BBOX_GAP_LOWER_BOUND
PAIR-010-080,G010,P2_YLABEL_OVERLINE,TEXT_GRAPHIC,3,0,709.138,BBOX_GAP_LOWER_BOUND
PAIR-010-081,G010,P2_TITLE_OVERLINE,TEXT_GRAPHIC,3,0,319.556,BBOX_GAP_LOWER_BOUND
PAIR-010-082,G010,P1_HATCH,TEXT_GRAPHIC,3,0,126.0,BBOX_GAP_LOWER_BOUND
PAIR-010-083,G010,P2_HATCH,TEXT_GRAPHIC,3,0,282.639,BBOX_GAP_LOWER_BOUND
PAIR-011-012,G011,G012,SAME_SEMANTIC_PARENT_DESIGN,0,0,11.0,BBOX_GAP_LOWER_BOUND
PAIR-011-013,G011,G013,TEXT_TEXT_INDEPENDENT,4,0,78.721,BBOX_GAP_LOWER_BOUND
PAIR-011-014,G011,G014,TEXT_TEXT_INDEPENDENT,4,0,119.921,BBOX_GAP_LOWER_BOUND
PAIR-011-015,G011,G015,TEXT_TEXT_INDEPENDENT,4,0,154.78,BBOX_GAP_LOWER_BOUND
PAIR-011-016,G011,G016,TEXT_TEXT_INDEPENDENT,4,0,194.003,BBOX_GAP_LOWER_BOUND
PAIR-011-017,G011,G017,TEXT_TEXT_INDEPENDENT,4,0,243.674,BBOX_GAP_LOWER_BOUND
PAIR-011-018,G011,G018,TEXT_TEXT_INDEPENDENT,4,0,301.159,BBOX_GAP_LOWER_BOUND
PAIR-011-019,G011,G019,TEXT_TEXT_INDEPENDENT,4,0,321.596,BBOX_GAP_LOWER_BOUND
PAIR-011-020,G011,G020,TEXT_TEXT_INDEPENDENT,4,0,339.912,BBOX_GAP_LOWER_BOUND
PAIR-011-021,G011,G021,TEXT_TEXT_INDEPENDENT,4,0,379.352,BBOX_GAP_LOWER_BOUND
PAIR-011-022,G011,G022,TEXT_TEXT_INDEPENDENT,4,0,394.738,BBOX_GAP_LOWER_BOUND
PAIR-011-023,G011,G023,TEXT_TEXT_INDEPENDENT,4,0,414.566,BBOX_GAP_LOWER_BOUND
PAIR-011-024,G011,G024,TEXT_TEXT_INDEPENDENT,4,0,626.0,BBOX_GAP_LOWER_BOUND
PAIR-011-025,G011,G025,TEXT_TEXT_INDEPENDENT,4,0,614.003,BBOX_GAP_LOWER_BOUND
PAIR-011-026,G011,G026,TEXT_TEXT_INDEPENDENT,4,0,164.842,BBOX_GAP_LOWER_BOUND
PAIR-011-027,G011,G027,TEXT_TEXT_INDEPENDENT,4,0,183.698,BBOX_GAP_LOWER_BOUND
PAIR-011-028,G011,G028,TEXT_TEXT_INDEPENDENT,4,0,218.083,BBOX_GAP_LOWER_BOUND
PAIR-011-029,G011,G029,TEXT_TEXT_INDEPENDENT,4,0,232.551,BBOX_GAP_LOWER_BOUND
PAIR-011-030,G011,G030,CROSS_PANEL_READER_ELEMENTS,8,0,657.599,BBOX_GAP_LOWER_BOUND
PAIR-011-031,G011,G031,CROSS_PANEL_READER_ELEMENTS,8,0,538.511,BBOX_GAP_LOWER_BOUND
PAIR-011-032,G011,G032,CROSS_PANEL_READER_ELEMENTS,8,0,511.097,BBOX_GAP_LOWER_BOUND
PAIR-011-033,G011,G033,CROSS_PANEL_READER_ELEMENTS,8,0,513.942,BBOX_GAP_LOWER_BOUND
PAIR-011-034,G011,G034,CROSS_PANEL_READER_ELEMENTS,8,0,622.158,BBOX_GAP_LOWER_BOUND
PAIR-011-035,G011,G035,CROSS_PANEL_READER_ELEMENTS,8,0,632.8,BBOX_GAP_LOWER_BOUND
PAIR-011-036,G011,G036,CROSS_PANEL_READER_ELEMENTS,8,0,823.733,BBOX_GAP_LOWER_BOUND
PAIR-011-037,G011,G037,CROSS_PANEL_READER_ELEMENTS,8,0,838.807,BBOX_GAP_LOWER_BOUND
PAIR-011-038,G011,G038,CROSS_PANEL_READER_ELEMENTS,8,0,677.151,BBOX_GAP_LOWER_BOUND
PAIR-011-039,G011,G039,CROSS_PANEL_READER_ELEMENTS,8,0,683.65,BBOX_GAP_LOWER_BOUND
PAIR-011-040,G011,G040,CROSS_PANEL_READER_ELEMENTS,8,0,654.716,BBOX_GAP_LOWER_BOUND
PAIR-011-041,G011,G041,CROSS_PANEL_READER_ELEMENTS,8,0,645.019,BBOX_GAP_LOWER_BOUND
PAIR-011-042,G011,G042,CROSS_PANEL_READER_ELEMENTS,8,0,650.195,BBOX_GAP_LOWER_BOUND
PAIR-011-043,G011,G043,CROSS_PANEL_READER_ELEMENTS,8,0,621.426,BBOX_GAP_LOWER_BOUND
PAIR-011-044,G011,G044,CROSS_PANEL_READER_ELEMENTS,8,0,589.275,BBOX_GAP_LOWER_BOUND
PAIR-011-045,G011,G045,CROSS_PANEL_READER_ELEMENTS,8,0,586.08,BBOX_GAP_LOWER_BOUND
PAIR-011-046,G011,G046,CROSS_PANEL_READER_ELEMENTS,8,0,589.808,BBOX_GAP_LOWER_BOUND
PAIR-011-047,G011,G047,CROSS_PANEL_READER_ELEMENTS,8,0,562.694,BBOX_GAP_LOWER_BOUND
PAIR-011-048,G011,G048,CROSS_PANEL_READER_ELEMENTS,8,0,540.39,BBOX_GAP_LOWER_BOUND
PAIR-011-049,G011,G049,CROSS_PANEL_READER_ELEMENTS,8,0,569.509,BBOX_GAP_LOWER_BOUND
PAIR-011-050,G011,G050,CROSS_PANEL_READER_ELEMENTS,8,0,606.318,BBOX_GAP_LOWER_BOUND
PAIR-011-051,G011,G051,CROSS_PANEL_READER_ELEMENTS,8,0,654.994,BBOX_GAP_LOWER_BOUND
PAIR-011-052,G011,G052,CROSS_PANEL_READER_ELEMENTS,8,0,574.032,BBOX_GAP_LOWER_BOUND
PAIR-011-053,G011,G053,CROSS_PANEL_READER_ELEMENTS,8,0,750.648,BBOX_GAP_LOWER_BOUND
PAIR-011-054,G011,G054,CROSS_PANEL_READER_ELEMENTS,8,0,742.722,BBOX_GAP_LOWER_BOUND
PAIR-011-055,G011,G055,CROSS_PANEL_READER_ELEMENTS,8,0,734.37,BBOX_GAP_LOWER_BOUND
PAIR-011-056,G011,G056,CROSS_PANEL_READER_ELEMENTS,8,0,717.382,BBOX_GAP_LOWER_BOUND
PAIR-011-057,G011,G057,CROSS_PANEL_READER_ELEMENTS,8,0,164.21,BBOX_GAP_LOWER_BOUND
PAIR-011-058,G011,G058,CROSS_PANEL_READER_ELEMENTS,8,0,154.392,BBOX_GAP_LOWER_BOUND
PAIR-011-059,G011,G059,CROSS_PANEL_READER_ELEMENTS,8,0,154.0,BBOX_GAP_LOWER_BOUND
PAIR-011-060,G011,G060,CROSS_PANEL_READER_ELEMENTS,8,0,156.525,BBOX_GAP_LOWER_BOUND
PAIR-011-061,G011,G061,CROSS_PANEL_READER_ELEMENTS,8,0,170.857,BBOX_GAP_LOWER_BOUND
PAIR-011-062,G011,G062,CROSS_PANEL_READER_ELEMENTS,8,0,194.01,BBOX_GAP_LOWER_BOUND
PAIR-011-063,G011,G063,CROSS_PANEL_READER_ELEMENTS,8,0,224.971,BBOX_GAP_LOWER_BOUND
PAIR-011-064,G011,G064,CROSS_PANEL_READER_ELEMENTS,8,0,258.002,BBOX_GAP_LOWER_BOUND
PAIR-011-065,G011,G065,CROSS_PANEL_READER_ELEMENTS,8,0,306.992,BBOX_GAP_LOWER_BOUND
PAIR-011-066,G011,G066,CROSS_PANEL_READER_ELEMENTS,8,0,345.059,BBOX_GAP_LOWER_BOUND
PAIR-011-067,G011,G067,CROSS_PANEL_READER_ELEMENTS,8,0,366.03,BBOX_GAP_LOWER_BOUND
PAIR-011-068,G011,G068,CROSS_PANEL_READER_ELEMENTS,8,0,375.021,BBOX_GAP_LOWER_BOUND
PAIR-011-069,G011,P1_AXES,TEXT_GRAPHIC,3,0,119.0,RAW_MASK_EXACT_KDTREE
PAIR-011-070,G011,P1_CURVE_MARKERS,TEXT_GRAPHIC,3,0,58.83,RAW_MASK_EXACT_KDTREE
PAIR-011-071,G011,P1_WARMUP_BOUNDARY,TEXT_GRAPHIC,3,0,164.0,BBOX_GAP_LOWER_BOUND
PAIR-011-072,G011,P1_EQ_WARMUP_TOP,SAME_SEMANTIC_PARENT_DESIGN,0,0,90.934,BBOX_GAP_LOWER_BOUND
PAIR-011-073,G011,P1_EQ_WARMUP_BOTTOM,SAME_SEMANTIC_PARENT_DESIGN,0,0,90.0,BBOX_GAP_LOWER_BOUND
PAIR-011-074,G011,P1_EQ_RETAIN_TOP,TEXT_GRAPHIC,3,0,269.668,BBOX_GAP_LOWER_BOUND
PAIR-011-075,G011,P1_EQ_RETAIN_BOTTOM,TEXT_GRAPHIC,3,0,266.443,BBOX_GAP_LOWER_BOUND
PAIR-011-076,G011,P2_AXES,TEXT_GRAPHIC,3,0,249.0,BBOX_GAP_LOWER_BOUND
PAIR-011-077,G011,P2_CURVE_MARKERS,TEXT_GRAPHIC,3,0,318.0,BBOX_GAP_LOWER_BOUND
PAIR-011-078,G011,P2_WARMUP_BOUNDARY,TEXT_GRAPHIC,3,0,296.488,BBOX_GAP_LOWER_BOUND
PAIR-011-079,G011,P2_TARGET_LINE,TEXT_GRAPHIC,3,0,351.0,BBOX_GAP_LOWER_BOUND
PAIR-011-080,G011,P2_YLABEL_OVERLINE,TEXT_GRAPHIC,3,0,742.459,BBOX_GAP_LOWER_BOUND
PAIR-011-081,G011,P2_TITLE_OVERLINE,TEXT_GRAPHIC,3,0,301.901,BBOX_GAP_LOWER_BOUND
PAIR-011-082,G011,P1_HATCH,TEXT_GRAPHIC,3,0,166.0,BBOX_GAP_LOWER_BOUND
PAIR-011-083,G011,P2_HATCH,TEXT_GRAPHIC,3,0,299.261,BBOX_GAP_LOWER_BOUND
PAIR-012-013,G012,G013,TEXT_TEXT_INDEPENDENT,4,0,46.174,BBOX_GAP_LOWER_BOUND
PAIR-012-014,G012,G014,TEXT_TEXT_INDEPENDENT,4,0,89.107,BBOX_GAP_LOWER_BOUND
PAIR-012-015,G012,G015,TEXT_TEXT_INDEPENDENT,4,0,124.788,BBOX_GAP_LOWER_BOUND
PAIR-012-016,G012,G016,TEXT_TEXT_INDEPENDENT,4,0,164.596,BBOX_GAP_LOWER_BOUND
PAIR-012-017,G012,G017,TEXT_TEXT_INDEPENDENT,4,0,214.597,BBOX_GAP_LOWER_BOUND
PAIR-012-018,G012,G018,TEXT_TEXT_INDEPENDENT,4,0,272.47,BBOX_GAP_LOWER_BOUND
PAIR-012-019,G012,G019,TEXT_TEXT_INDEPENDENT,4,0,293.246,BBOX_GAP_LOWER_BOUND
PAIR-012-020,G012,G020,TEXT_TEXT_INDEPENDENT,4,0,311.411,BBOX_GAP_LOWER_BOUND
PAIR-012-021,G012,G021,TEXT_TEXT_INDEPENDENT,4,0,351.205,BBOX_GAP_LOWER_BOUND
PAIR-012-022,G012,G022,TEXT_TEXT_INDEPENDENT,4,0,366.395,BBOX_GAP_LOWER_BOUND
PAIR-012-023,G012,G023,TEXT_TEXT_INDEPENDENT,4,0,386.331,BBOX_GAP_LOWER_BOUND
PAIR-012-024,G012,G024,TEXT_TEXT_INDEPENDENT,4,0,643.0,BBOX_GAP_LOWER_BOUND
PAIR-012-025,G012,G025,TEXT_TEXT_INDEPENDENT,4,0,631.029,BBOX_GAP_LOWER_BOUND
PAIR-012-026,G012,G026,TEXT_TEXT_INDEPENDENT,4,0,139.442,BBOX_GAP_LOWER_BOUND
PAIR-012-027,G012,G027,TEXT_TEXT_INDEPENDENT,4,0,153.447,BBOX_GAP_LOWER_BOUND
PAIR-012-028,G012,G028,TEXT_TEXT_INDEPENDENT,4,0,185.27,BBOX_GAP_LOWER_BOUND
PAIR-012-029,G012,G029,TEXT_TEXT_INDEPENDENT,4,0,199.06,BBOX_GAP_LOWER_BOUND
PAIR-012-030,G012,G030,CROSS_PANEL_READER_ELEMENTS,8,0,671.617,BBOX_GAP_LOWER_BOUND
PAIR-012-031,G012,G031,CROSS_PANEL_READER_ELEMENTS,8,0,548.358,BBOX_GAP_LOWER_BOUND
PAIR-012-032,G012,G032,CROSS_PANEL_READER_ELEMENTS,8,0,511.981,BBOX_GAP_LOWER_BOUND
PAIR-012-033,G012,G033,CROSS_PANEL_READER_ELEMENTS,8,0,513.876,BBOX_GAP_LOWER_BOUND
PAIR-012-034,G012,G034,CROSS_PANEL_READER_ELEMENTS,8,0,610.184,BBOX_GAP_LOWER_BOUND
PAIR-012-035,G012,G035,CROSS_PANEL_READER_ELEMENTS,8,0,620.249,BBOX_GAP_LOWER_BOUND
PAIR-012-036,G012,G036,CROSS_PANEL_READER_ELEMENTS,8,0,805.127,BBOX_GAP_LOWER_BOUND
PAIR-012-037,G012,G037,CROSS_PANEL_READER_ELEMENTS,8,0,819.917,BBOX_GAP_LOWER_BOUND
PAIR-012-038,G012,G038,CROSS_PANEL_READER_ELEMENTS,8,0,692.688,BBOX_GAP_LOWER_BOUND
PAIR-012-039,G012,G039,CROSS_PANEL_READER_ELEMENTS,8,0,698.92,BBOX_GAP_LOWER_BOUND
PAIR-012-040,G012,G040,CROSS_PANEL_READER_ELEMENTS,8,0,670.012,BBOX_GAP_LOWER_BOUND
PAIR-012-041,G012,G041,CROSS_PANEL_READER_ELEMENTS,8,0,661.003,BBOX_GAP_LOWER_BOUND
PAIR-012-042,G012,G042,CROSS_PANEL_READER_ELEMENTS,8,0,665.925,BBOX_GAP_LOWER_BOUND
PAIR-012-043,G012,G043,CROSS_PANEL_READER_ELEMENTS,8,0,637.201,BBOX_GAP_LOWER_BOUND
PAIR-012-044,G012,G044,CROSS_PANEL_READER_ELEMENTS,8,0,605.516,BBOX_GAP_LOWER_BOUND
PAIR-012-045,G012,G045,CROSS_PANEL_READER_ELEMENTS,8,0,602.881,BBOX_GAP_LOWER_BOUND
PAIR-012-046,G012,G046,CROSS_PANEL_READER_ELEMENTS,8,0,606.419,BBOX_GAP_LOWER_BOUND
PAIR-012-047,G012,G047,CROSS_PANEL_READER_ELEMENTS,8,0,579.381,BBOX_GAP_LOWER_BOUND
PAIR-012-048,G012,G048,CROSS_PANEL_READER_ELEMENTS,8,0,517.88,BBOX_GAP_LOWER_BOUND
PAIR-012-049,G012,G049,CROSS_PANEL_READER_ELEMENTS,8,0,546.619,BBOX_GAP_LOWER_BOUND
PAIR-012-050,G012,G050,CROSS_PANEL_READER_ELEMENTS,8,0,583.02,BBOX_GAP_LOWER_BOUND
PAIR-012-051,G012,G051,CROSS_PANEL_READER_ELEMENTS,8,0,631.392,BBOX_GAP_LOWER_BOUND
PAIR-012-052,G012,G052,CROSS_PANEL_READER_ELEMENTS,8,0,573.336,BBOX_GAP_LOWER_BOUND
PAIR-012-053,G012,G053,CROSS_PANEL_READER_ELEMENTS,8,0,767.552,BBOX_GAP_LOWER_BOUND
PAIR-012-054,G012,G054,CROSS_PANEL_READER_ELEMENTS,8,0,759.472,BBOX_GAP_LOWER_BOUND
PAIR-012-055,G012,G055,CROSS_PANEL_READER_ELEMENTS,8,0,751.056,BBOX_GAP_LOWER_BOUND
PAIR-012-056,G012,G056,CROSS_PANEL_READER_ELEMENTS,8,0,734.02,BBOX_GAP_LOWER_BOUND
PAIR-012-057,G012,G057,CROSS_PANEL_READER_ELEMENTS,8,0,174.471,BBOX_GAP_LOWER_BOUND
PAIR-012-058,G012,G058,CROSS_PANEL_READER_ELEMENTS,8,0,160.462,BBOX_GAP_LOWER_BOUND
PAIR-012-059,G012,G059,CROSS_PANEL_READER_ELEMENTS,8,0,158.0,BBOX_GAP_LOWER_BOUND
PAIR-012-060,G012,G060,CROSS_PANEL_READER_ELEMENTS,8,0,158.003,BBOX_GAP_LOWER_BOUND
PAIR-012-061,G012,G061,CROSS_PANEL_READER_ELEMENTS,8,0,164.842,BBOX_GAP_LOWER_BOUND
PAIR-012-062,G012,G062,CROSS_PANEL_READER_ELEMENTS,8,0,182.332,BBOX_GAP_LOWER_BOUND
PAIR-012-063,G012,G063,CROSS_PANEL_READER_ELEMENTS,8,0,209.124,BBOX_GAP_LOWER_BOUND
PAIR-012-064,G012,G064,CROSS_PANEL_READER_ELEMENTS,8,0,239.508,BBOX_GAP_LOWER_BOUND
PAIR-012-065,G012,G065,CROSS_PANEL_READER_ELEMENTS,8,0,286.568,BBOX_GAP_LOWER_BOUND
PAIR-012-066,G012,G066,CROSS_PANEL_READER_ELEMENTS,8,0,324.52,BBOX_GAP_LOWER_BOUND
PAIR-012-067,G012,G067,CROSS_PANEL_READER_ELEMENTS,8,0,345.064,BBOX_GAP_LOWER_BOUND
PAIR-012-068,G012,G068,CROSS_PANEL_READER_ELEMENTS,8,0,353.638,BBOX_GAP_LOWER_BOUND
PAIR-012-069,G012,P1_AXES,TEXT_GRAPHIC,3,0,123.0,RAW_MASK_EXACT_KDTREE
PAIR-012-070,G012,P1_CURVE_MARKERS,TEXT_GRAPHIC,3,0,54.745,RAW_MASK_EXACT_KDTREE
PAIR-012-071,G012,P1_WARMUP_BOUNDARY,TEXT_GRAPHIC,3,0,181.0,BBOX_GAP_LOWER_BOUND
PAIR-012-072,G012,P1_EQ_WARMUP_TOP,SAME_SEMANTIC_PARENT_DESIGN,0,0,107.0,BBOX_GAP_LOWER_BOUND
PAIR-012-073,G012,P1_EQ_WARMUP_BOTTOM,SAME_SEMANTIC_PARENT_DESIGN,0,0,107.0,BBOX_GAP_LOWER_BOUND
PAIR-012-074,G012,P1_EQ_RETAIN_TOP,TEXT_GRAPHIC,3,0,239.57,BBOX_GAP_LOWER_BOUND
PAIR-012-075,G012,P1_EQ_RETAIN_BOTTOM,TEXT_GRAPHIC,3,0,237.539,BBOX_GAP_LOWER_BOUND
PAIR-012-076,G012,P2_AXES,TEXT_GRAPHIC,3,0,253.0,BBOX_GAP_LOWER_BOUND
PAIR-012-077,G012,P2_CURVE_MARKERS,TEXT_GRAPHIC,3,0,322.0,BBOX_GAP_LOWER_BOUND
PAIR-012-078,G012,P2_WARMUP_BOUNDARY,TEXT_GRAPHIC,3,0,309.454,BBOX_GAP_LOWER_BOUND
PAIR-012-079,G012,P2_TARGET_LINE,TEXT_GRAPHIC,3,0,355.0,BBOX_GAP_LOWER_BOUND
PAIR-012-080,G012,P2_YLABEL_OVERLINE,TEXT_GRAPHIC,3,0,759.402,BBOX_GAP_LOWER_BOUND
PAIR-012-081,G012,P2_TITLE_OVERLINE,TEXT_GRAPHIC,3,0,280.964,BBOX_GAP_LOWER_BOUND
PAIR-012-082,G012,P1_HATCH,TEXT_GRAPHIC,3,0,183.0,BBOX_GAP_LOWER_BOUND
PAIR-012-083,G012,P2_HATCH,TEXT_GRAPHIC,3,0,312.247,BBOX_GAP_LOWER_BOUND
PAIR-013-014,G013,G014,SAME_SEMANTIC_PARENT_DESIGN,0,0,6.0,BBOX_GAP_LOWER_BOUND
PAIR-013-015,G013,G015,SAME_SEMANTIC_PARENT_DESIGN,0,0,42.0,BBOX_GAP_LOWER_BOUND
PAIR-013-016,G013,G016,SAME_SEMANTIC_PARENT_DESIGN,0,0,82.0,BBOX_GAP_LOWER_BOUND
PAIR-013-017,G013,G017,SAME_SEMANTIC_PARENT_DESIGN,0,0,132.0,BBOX_GAP_LOWER_BOUND
PAIR-013-018,G013,G018,SAME_SEMANTIC_PARENT_DESIGN,0,0,190.0,BBOX_GAP_LOWER_BOUND
PAIR-013-019,G013,G019,SAME_SEMANTIC_PARENT_DESIGN,0,0,211.0,BBOX_GAP_LOWER_BOUND
PAIR-013-020,G013,G020,SAME_SEMANTIC_PARENT_DESIGN,0,0,229.0,BBOX_GAP_LOWER_BOUND
PAIR-013-021,G013,G021,SAME_SEMANTIC_PARENT_DESIGN,0,0,269.0,BBOX_GAP_LOWER_BOUND
PAIR-013-022,G013,G022,SAME_SEMANTIC_PARENT_DESIGN,0,0,284.0,BBOX_GAP_LOWER_BOUND
PAIR-013-023,G013,G023,SAME_SEMANTIC_PARENT_DESIGN,0,0,304.0,BBOX_GAP_LOWER_BOUND
PAIR-013-024,G013,G024,TEXT_TEXT_INDEPENDENT,4,0,703.518,BBOX_GAP_LOWER_BOUND
PAIR-013-025,G013,G025,TEXT_TEXT_INDEPENDENT,4,0,692.529,BBOX_GAP_LOWER_BOUND
PAIR-013-026,G013,G026,TEXT_TEXT_INDEPENDENT,4,0,89.0,BBOX_GAP_LOWER_BOUND
PAIR-013-027,G013,G027,TEXT_TEXT_INDEPENDENT,4,0,90.0,BBOX_GAP_LOWER_BOUND
PAIR-013-028,G013,G028,TEXT_TEXT_INDEPENDENT,4,0,100.09,BBOX_GAP_LOWER_BOUND
PAIR-013-029,G013,G029,TEXT_TEXT_INDEPENDENT,4,0,106.668,BBOX_GAP_LOWER_BOUND
PAIR-013-030,G013,G030,CROSS_PANEL_READER_ELEMENTS,8,0,741.289,BBOX_GAP_LOWER_BOUND
PAIR-013-031,G013,G031,CROSS_PANEL_READER_ELEMENTS,8,0,609.177,BBOX_GAP_LOWER_BOUND
PAIR-013-032,G013,G032,CROSS_PANEL_READER_ELEMENTS,8,0,550.0,BBOX_GAP_LOWER_BOUND
PAIR-013-033,G013,G033,CROSS_PANEL_READER_ELEMENTS,8,0,550.0,BBOX_GAP_LOWER_BOUND
PAIR-013-034,G013,G034,CROSS_PANEL_READER_ELEMENTS,8,0,605.4,BBOX_GAP_LOWER_BOUND
PAIR-013-035,G013,G035,CROSS_PANEL_READER_ELEMENTS,8,0,613.14,BBOX_GAP_LOWER_BOUND
PAIR-013-036,G013,G036,CROSS_PANEL_READER_ELEMENTS,8,0,771.48,BBOX_GAP_LOWER_BOUND
PAIR-013-037,G013,G037,CROSS_PANEL_READER_ELEMENTS,8,0,784.92,BBOX_GAP_LOWER_BOUND
PAIR-013-038,G013,G038,CROSS_PANEL_READER_ELEMENTS,8,0,764.393,BBOX_GAP_LOWER_BOUND
PAIR-013-039,G013,G039,CROSS_PANEL_READER_ELEMENTS,8,0,770.356,BBOX_GAP_LOWER_BOUND
PAIR-013-040,G013,G040,CROSS_PANEL_READER_ELEMENTS,8,0,741.482,BBOX_GAP_LOWER_BOUND
PAIR-013-041,G013,G041,CROSS_PANEL_READER_ELEMENTS,8,0,733.025,BBOX_GAP_LOWER_BOUND
PAIR-013-042,G013,G042,CROSS_PANEL_READER_ELEMENTS,8,0,737.791,BBOX_GAP_LOWER_BOUND
PAIR-013-043,G013,G043,CROSS_PANEL_READER_ELEMENTS,8,0,709.102,BBOX_GAP_LOWER_BOUND
PAIR-013-044,G013,G044,CROSS_PANEL_READER_ELEMENTS,8,0,677.621,BBOX_GAP_LOWER_BOUND
PAIR-013-045,G013,G045,CROSS_PANEL_READER_ELEMENTS,8,0,674.763,BBOX_GAP_LOWER_BOUND
PAIR-013-046,G013,G046,CROSS_PANEL_READER_ELEMENTS,8,0,678.457,BBOX_GAP_LOWER_BOUND
PAIR-013-047,G013,G047,CROSS_PANEL_READER_ELEMENTS,8,0,651.369,BBOX_GAP_LOWER_BOUND
PAIR-013-048,G013,G048,CROSS_PANEL_READER_ELEMENTS,8,0,468.483,BBOX_GAP_LOWER_BOUND
PAIR-013-049,G013,G049,CROSS_PANEL_READER_ELEMENTS,8,0,494.793,BBOX_GAP_LOWER_BOUND
PAIR-013-050,G013,G050,CROSS_PANEL_READER_ELEMENTS,8,0,528.564,BBOX_GAP_LOWER_BOUND
PAIR-013-051,G013,G051,CROSS_PANEL_READER_ELEMENTS,8,0,574.808,BBOX_GAP_LOWER_BOUND
PAIR-013-052,G013,G052,CROSS_PANEL_READER_ELEMENTS,8,0,607.007,BBOX_GAP_LOWER_BOUND
PAIR-013-053,G013,G053,CROSS_PANEL_READER_ELEMENTS,8,0,839.295,BBOX_GAP_LOWER_BOUND
PAIR-013-054,G013,G054,CROSS_PANEL_READER_ELEMENTS,8,0,831.407,BBOX_GAP_LOWER_BOUND
PAIR-013-055,G013,G055,CROSS_PANEL_READER_ELEMENTS,8,0,823.046,BBOX_GAP_LOWER_BOUND
PAIR-013-056,G013,G056,CROSS_PANEL_READER_ELEMENTS,8,0,806.043,BBOX_GAP_LOWER_BOUND
PAIR-013-057,G013,G057,CROSS_PANEL_READER_ELEMENTS,8,0,239.082,BBOX_GAP_LOWER_BOUND
PAIR-013-058,G013,G058,CROSS_PANEL_READER_ELEMENTS,8,0,216.675,BBOX_GAP_LOWER_BOUND
PAIR-013-059,G013,G059,CROSS_PANEL_READER_ELEMENTS,8,0,203.049,BBOX_GAP_LOWER_BOUND
PAIR-013-060,G013,G060,CROSS_PANEL_READER_ELEMENTS,8,0,198.003,BBOX_GAP_LOWER_BOUND
PAIR-013-061,G013,G061,CROSS_PANEL_READER_ELEMENTS,8,0,198.0,BBOX_GAP_LOWER_BOUND
PAIR-013-062,G013,G062,CROSS_PANEL_READER_ELEMENTS,8,0,198.204,BBOX_GAP_LOWER_BOUND
PAIR-013-063,G013,G063,CROSS_PANEL_READER_ELEMENTS,8,0,205.497,BBOX_GAP_LOWER_BOUND
PAIR-013-064,G013,G064,CROSS_PANEL_READER_ELEMENTS,8,0,220.925,BBOX_GAP_LOWER_BOUND
PAIR-013-065,G013,G065,CROSS_PANEL_READER_ELEMENTS,8,0,255.0,BBOX_GAP_LOWER_BOUND
PAIR-013-066,G013,G066,CROSS_PANEL_READER_ELEMENTS,8,0,290.388,BBOX_GAP_LOWER_BOUND
PAIR-013-067,G013,G067,CROSS_PANEL_READER_ELEMENTS,8,0,307.885,BBOX_GAP_LOWER_BOUND
PAIR-013-068,G013,G068,CROSS_PANEL_READER_ELEMENTS,8,0,313.968,BBOX_GAP_LOWER_BOUND
PAIR-013-069,G013,P1_AXES,TEXT_GRAPHIC,3,0,155.052,RAW_MASK_EXACT_KDTREE
PAIR-013-070,G013,P1_CURVE_MARKERS,TEXT_GRAPHIC,3,0,87.235,RAW_MASK_EXACT_KDTREE
PAIR-013-071,G013,P1_WARMUP_BOUNDARY,TEXT_GRAPHIC,3,0,241.0,BBOX_GAP_LOWER_BOUND
PAIR-013-072,G013,P1_EQ_WARMUP_TOP,TEXT_GRAPHIC,3,0,167.863,BBOX_GAP_LOWER_BOUND
PAIR-013-073,G013,P1_EQ_WARMUP_BOTTOM,TEXT_GRAPHIC,3,0,171.05,BBOX_GAP_LOWER_BOUND
PAIR-013-074,G013,P1_EQ_RETAIN_TOP,SAME_SEMANTIC_PARENT_DESIGN,0,0,155.0,BBOX_GAP_LOWER_BOUND
PAIR-013-075,G013,P1_EQ_RETAIN_BOTTOM,SAME_SEMANTIC_PARENT_DESIGN,0,0,155.0,BBOX_GAP_LOWER_BOUND
PAIR-013-076,G013,P2_AXES,TEXT_GRAPHIC,3,0,293.0,BBOX_GAP_LOWER_BOUND
PAIR-013-077,G013,P2_CURVE_MARKERS,TEXT_GRAPHIC,3,0,362.0,BBOX_GAP_LOWER_BOUND
PAIR-013-078,G013,P2_WARMUP_BOUNDARY,TEXT_GRAPHIC,3,0,377.839,BBOX_GAP_LOWER_BOUND
PAIR-013-079,G013,P2_TARGET_LINE,TEXT_GRAPHIC,3,0,395.0,BBOX_GAP_LOWER_BOUND
PAIR-013-080,G013,P2_YLABEL_OVERLINE,TEXT_GRAPHIC,3,0,831.079,BBOX_GAP_LOWER_BOUND
PAIR-013-081,G013,P2_TITLE_OVERLINE,TEXT_GRAPHIC,3,0,247.073,BBOX_GAP_LOWER_BOUND
PAIR-013-082,G013,P1_HATCH,TEXT_GRAPHIC,3,0,243.0,BBOX_GAP_LOWER_BOUND
PAIR-013-083,G013,P2_HATCH,TEXT_GRAPHIC,3,0,380.655,BBOX_GAP_LOWER_BOUND
PAIR-014-015,G014,G015,SAME_SEMANTIC_PARENT_DESIGN,0,0,4.0,BBOX_GAP_LOWER_BOUND
PAIR-014-016,G014,G016,SAME_SEMANTIC_PARENT_DESIGN,0,0,44.0,BBOX_GAP_LOWER_BOUND
PAIR-014-017,G014,G017,SAME_SEMANTIC_PARENT_DESIGN,0,0,94.0,BBOX_GAP_LOWER_BOUND
PAIR-014-018,G014,G018,SAME_SEMANTIC_PARENT_DESIGN,0,0,152.0,BBOX_GAP_LOWER_BOUND
PAIR-014-019,G014,G019,SAME_SEMANTIC_PARENT_DESIGN,0,0,173.0,BBOX_GAP_LOWER_BOUND
PAIR-014-020,G014,G020,SAME_SEMANTIC_PARENT_DESIGN,0,0,191.0,BBOX_GAP_LOWER_BOUND
PAIR-014-021,G014,G021,SAME_SEMANTIC_PARENT_DESIGN,0,0,231.0,BBOX_GAP_LOWER_BOUND
PAIR-014-022,G014,G022,SAME_SEMANTIC_PARENT_DESIGN,0,0,246.0,BBOX_GAP_LOWER_BOUND
PAIR-014-023,G014,G023,SAME_SEMANTIC_PARENT_DESIGN,0,0,266.0,BBOX_GAP_LOWER_BOUND
PAIR-014-024,G014,G024,TEXT_TEXT_INDEPENDENT,4,0,747.488,BBOX_GAP_LOWER_BOUND
PAIR-014-025,G014,G025,TEXT_TEXT_INDEPENDENT,4,0,736.438,BBOX_GAP_LOWER_BOUND
PAIR-014-026,G014,G026,TEXT_TEXT_INDEPENDENT,4,0,92.445,BBOX_GAP_LOWER_BOUND
PAIR-014-027,G014,G027,TEXT_TEXT_INDEPENDENT,4,0,90.0,BBOX_GAP_LOWER_BOUND
PAIR-014-028,G014,G028,TEXT_TEXT_INDEPENDENT,4,0,93.0,BBOX_GAP_LOWER_BOUND
PAIR-014-029,G014,G029,TEXT_TEXT_INDEPENDENT,4,0,87.92,BBOX_GAP_LOWER_BOUND
PAIR-014-030,G014,G030,CROSS_PANEL_READER_ELEMENTS,8,0,771.48,BBOX_GAP_LOWER_BOUND
PAIR-014-031,G014,G031,CROSS_PANEL_READER_ELEMENTS,8,0,629.496,BBOX_GAP_LOWER_BOUND
PAIR-014-032,G014,G032,CROSS_PANEL_READER_ELEMENTS,8,0,550.764,BBOX_GAP_LOWER_BOUND
PAIR-014-033,G014,G033,CROSS_PANEL_READER_ELEMENTS,8,0,550.045,BBOX_GAP_LOWER_BOUND
PAIR-014-034,G014,G034,CROSS_PANEL_READER_ELEMENTS,8,0,590.529,BBOX_GAP_LOWER_BOUND
PAIR-014-035,G014,G035,CROSS_PANEL_READER_ELEMENTS,8,0,597.318,BBOX_GAP_LOWER_BOUND
PAIR-014-036,G014,G036,CROSS_PANEL_READER_ELEMENTS,8,0,745.325,BBOX_GAP_LOWER_BOUND
PAIR-014-037,G014,G037,CROSS_PANEL_READER_ELEMENTS,8,0,758.277,BBOX_GAP_LOWER_BOUND
PAIR-014-038,G014,G038,CROSS_PANEL_READER_ELEMENTS,8,0,798.844,BBOX_GAP_LOWER_BOUND
PAIR-014-039,G014,G039,CROSS_PANEL_READER_ELEMENTS,8,0,804.006,BBOX_GAP_LOWER_BOUND
PAIR-014-040,G014,G040,CROSS_PANEL_READER_ELEMENTS,8,0,775.25,BBOX_GAP_LOWER_BOUND
PAIR-014-041,G014,G041,CROSS_PANEL_READER_ELEMENTS,8,0,768.883,BBOX_GAP_LOWER_BOUND
PAIR-014-042,G014,G042,CROSS_PANEL_READER_ELEMENTS,8,0,772.86,BBOX_GAP_LOWER_BOUND
PAIR-014-043,G014,G043,CROSS_PANEL_READER_ELEMENTS,8,0,744.339,BBOX_GAP_LOWER_BOUND
PAIR-014-044,G014,G044,CROSS_PANEL_READER_ELEMENTS,8,0,714.351,BBOX_GAP_LOWER_BOUND
PAIR-014-045,G014,G045,CROSS_PANEL_READER_ELEMENTS,8,0,713.432,BBOX_GAP_LOWER_BOUND
PAIR-014-046,G014,G046,CROSS_PANEL_READER_ELEMENTS,8,0,716.436,BBOX_GAP_LOWER_BOUND
PAIR-014-047,G014,G047,CROSS_PANEL_READER_ELEMENTS,8,0,689.627,BBOX_GAP_LOWER_BOUND
PAIR-014-048,G014,G048,CROSS_PANEL_READER_ELEMENTS,8,0,438.224,BBOX_GAP_LOWER_BOUND
PAIR-014-049,G014,G049,CROSS_PANEL_READER_ELEMENTS,8,0,463.629,BBOX_GAP_LOWER_BOUND
PAIR-014-050,G014,G050,CROSS_PANEL_READER_ELEMENTS,8,0,496.459,BBOX_GAP_LOWER_BOUND
PAIR-014-051,G014,G051,CROSS_PANEL_READER_ELEMENTS,8,0,541.937,BBOX_GAP_LOWER_BOUND
PAIR-014-052,G014,G052,CROSS_PANEL_READER_ELEMENTS,8,0,607.0,BBOX_GAP_LOWER_BOUND
PAIR-014-053,G014,G053,CROSS_PANEL_READER_ELEMENTS,8,0,878.335,BBOX_GAP_LOWER_BOUND
PAIR-014-054,G014,G054,CROSS_PANEL_READER_ELEMENTS,8,0,869.84,BBOX_GAP_LOWER_BOUND
PAIR-014-055,G014,G055,CROSS_PANEL_READER_ELEMENTS,8,0,861.239,BBOX_GAP_LOWER_BOUND
PAIR-014-056,G014,G056,CROSS_PANEL_READER_ELEMENTS,8,0,844.068,BBOX_GAP_LOWER_BOUND
PAIR-014-057,G014,G057,CROSS_PANEL_READER_ELEMENTS,8,0,266.248,BBOX_GAP_LOWER_BOUND
PAIR-014-058,G014,G058,CROSS_PANEL_READER_ELEMENTS,8,0,237.966,BBOX_GAP_LOWER_BOUND
PAIR-014-059,G014,G059,CROSS_PANEL_READER_ELEMENTS,8,0,217.083,BBOX_GAP_LOWER_BOUND
PAIR-014-060,G014,G060,CROSS_PANEL_READER_ELEMENTS,8,0,203.049,BBOX_GAP_LOWER_BOUND
PAIR-014-061,G014,G061,CROSS_PANEL_READER_ELEMENTS,8,0,198.0,BBOX_GAP_LOWER_BOUND
PAIR-014-062,G014,G062,CROSS_PANEL_READER_ELEMENTS,8,0,198.0,BBOX_GAP_LOWER_BOUND
PAIR-014-063,G014,G063,CROSS_PANEL_READER_ELEMENTS,8,0,198.728,BBOX_GAP_LOWER_BOUND
PAIR-014-064,G014,G064,CROSS_PANEL_READER_ELEMENTS,8,0,206.891,BBOX_GAP_LOWER_BOUND
PAIR-014-065,G014,G065,CROSS_PANEL_READER_ELEMENTS,8,0,234.182,BBOX_GAP_LOWER_BOUND
PAIR-014-066,G014,G066,CROSS_PANEL_READER_ELEMENTS,8,0,267.643,BBOX_GAP_LOWER_BOUND
PAIR-014-067,G014,G067,CROSS_PANEL_READER_ELEMENTS,8,0,283.6,BBOX_GAP_LOWER_BOUND
PAIR-014-068,G014,G068,CROSS_PANEL_READER_ELEMENTS,8,0,288.617,BBOX_GAP_LOWER_BOUND
PAIR-014-069,G014,P1_AXES,TEXT_GRAPHIC,3,0,157.509,RAW_MASK_EXACT_KDTREE
PAIR-014-070,G014,P1_CURVE_MARKERS,TEXT_GRAPHIC,3,0,76.059,RAW_MASK_EXACT_KDTREE
PAIR-014-071,G014,P1_WARMUP_BOUNDARY,TEXT_GRAPHIC,3,0,285.0,BBOX_GAP_LOWER_BOUND
PAIR-014-072,G014,P1_EQ_WARMUP_TOP,TEXT_GRAPHIC,3,0,211.684,BBOX_GAP_LOWER_BOUND
PAIR-014-073,G014,P1_EQ_WARMUP_BOTTOM,TEXT_GRAPHIC,3,0,214.22,BBOX_GAP_LOWER_BOUND
PAIR-014-074,G014,P1_EQ_RETAIN_TOP,SAME_SEMANTIC_PARENT_DESIGN,0,0,117.0,BBOX_GAP_LOWER_BOUND
PAIR-014-075,G014,P1_EQ_RETAIN_BOTTOM,SAME_SEMANTIC_PARENT_DESIGN,0,0,117.0,BBOX_GAP_LOWER_BOUND
PAIR-014-076,G014,P2_AXES,TEXT_GRAPHIC,3,0,293.0,BBOX_GAP_LOWER_BOUND
PAIR-014-077,G014,P2_CURVE_MARKERS,TEXT_GRAPHIC,3,0,362.0,BBOX_GAP_LOWER_BOUND
PAIR-014-078,G014,P2_WARMUP_BOUNDARY,TEXT_GRAPHIC,3,0,407.316,BBOX_GAP_LOWER_BOUND
PAIR-014-079,G014,P2_TARGET_LINE,TEXT_GRAPHIC,3,0,395.0,BBOX_GAP_LOWER_BOUND
PAIR-014-080,G014,P2_YLABEL_OVERLINE,TEXT_GRAPHIC,3,0,870.285,BBOX_GAP_LOWER_BOUND
PAIR-014-081,G014,P2_TITLE_OVERLINE,TEXT_GRAPHIC,3,0,225.524,BBOX_GAP_LOWER_BOUND
PAIR-014-082,G014,P1_HATCH,TEXT_GRAPHIC,3,0,287.0,BBOX_GAP_LOWER_BOUND
PAIR-014-083,G014,P2_HATCH,TEXT_GRAPHIC,3,0,410.144,BBOX_GAP_LOWER_BOUND
PAIR-015-016,G015,G016,SAME_SEMANTIC_PARENT_DESIGN,0,0,2.0,BBOX_GAP_LOWER_BOUND
PAIR-015-017,G015,G017,SAME_SEMANTIC_PARENT_DESIGN,0,0,52.0,BBOX_GAP_LOWER_BOUND
PAIR-015-018,G015,G018,SAME_SEMANTIC_PARENT_DESIGN,0,0,110.0,BBOX_GAP_LOWER_BOUND
PAIR-015-019,G015,G019,SAME_SEMANTIC_PARENT_DESIGN,0,0,131.0,BBOX_GAP_LOWER_BOUND
PAIR-015-020,G015,G020,SAME_SEMANTIC_PARENT_DESIGN,0,0,149.0,BBOX_GAP_LOWER_BOUND
PAIR-015-021,G015,G021,SAME_SEMANTIC_PARENT_DESIGN,0,0,189.0,BBOX_GAP_LOWER_BOUND
PAIR-015-022,G015,G022,SAME_SEMANTIC_PARENT_DESIGN,0,0,204.0,BBOX_GAP_LOWER_BOUND
PAIR-015-023,G015,G023,SAME_SEMANTIC_PARENT_DESIGN,0,0,224.0,BBOX_GAP_LOWER_BOUND
PAIR-015-024,G015,G024,TEXT_TEXT_INDEPENDENT,4,0,783.465,BBOX_GAP_LOWER_BOUND
PAIR-015-025,G015,G025,TEXT_TEXT_INDEPENDENT,4,0,772.371,BBOX_GAP_LOWER_BOUND
PAIR-015-026,G015,G026,TEXT_TEXT_INDEPENDENT,4,0,107.898,BBOX_GAP_LOWER_BOUND
PAIR-015-027,G015,G027,TEXT_TEXT_INDEPENDENT,4,0,91.591,BBOX_GAP_LOWER_BOUND
PAIR-015-028,G015,G028,TEXT_TEXT_INDEPENDENT,4,0,93.0,BBOX_GAP_LOWER_BOUND
PAIR-015-029,G015,G029,TEXT_TEXT_INDEPENDENT,4,0,83.0,BBOX_GAP_LOWER_BOUND
PAIR-015-030,G015,G030,CROSS_PANEL_READER_ELEMENTS,8,0,797.138,BBOX_GAP_LOWER_BOUND
PAIR-015-031,G015,G031,CROSS_PANEL_READER_ELEMENTS,8,0,647.871,BBOX_GAP_LOWER_BOUND
PAIR-015-032,G015,G032,CROSS_PANEL_READER_ELEMENTS,8,0,553.828,BBOX_GAP_LOWER_BOUND
PAIR-015-033,G015,G033,CROSS_PANEL_READER_ELEMENTS,8,0,551.678,BBOX_GAP_LOWER_BOUND
PAIR-015-034,G015,G034,CROSS_PANEL_READER_ELEMENTS,8,0,576.567,BBOX_GAP_LOWER_BOUND
PAIR-015-035,G015,G035,CROSS_PANEL_READER_ELEMENTS,8,0,582.221,BBOX_GAP_LOWER_BOUND
PAIR-015-036,G015,G036,CROSS_PANEL_READER_ELEMENTS,8,0,717.65,BBOX_GAP_LOWER_BOUND
PAIR-015-037,G015,G037,CROSS_PANEL_READER_ELEMENTS,8,0,730.0,BBOX_GAP_LOWER_BOUND
PAIR-015-038,G015,G038,CROSS_PANEL_READER_ELEMENTS,8,0,827.705,BBOX_GAP_LOWER_BOUND
PAIR-015-039,G015,G039,CROSS_PANEL_READER_ELEMENTS,8,0,832.255,BBOX_GAP_LOWER_BOUND
PAIR-015-040,G015,G040,CROSS_PANEL_READER_ELEMENTS,8,0,803.614,BBOX_GAP_LOWER_BOUND
PAIR-015-041,G015,G041,CROSS_PANEL_READER_ELEMENTS,8,0,798.827,BBOX_GAP_LOWER_BOUND
PAIR-015-042,G015,G042,CROSS_PANEL_READER_ELEMENTS,8,0,802.207,BBOX_GAP_LOWER_BOUND
PAIR-015-043,G015,G043,CROSS_PANEL_READER_ELEMENTS,8,0,773.838,BBOX_GAP_LOWER_BOUND
PAIR-015-044,G015,G044,CROSS_PANEL_READER_ELEMENTS,8,0,744.99,BBOX_GAP_LOWER_BOUND
PAIR-015-045,G015,G045,CROSS_PANEL_READER_ELEMENTS,8,0,745.51,BBOX_GAP_LOWER_BOUND
PAIR-015-046,G015,G046,CROSS_PANEL_READER_ELEMENTS,8,0,748.0,BBOX_GAP_LOWER_BOUND
PAIR-015-047,G015,G047,CROSS_PANEL_READER_ELEMENTS,8,0,721.417,BBOX_GAP_LOWER_BOUND
PAIR-015-048,G015,G048,CROSS_PANEL_READER_ELEMENTS,8,0,406.295,BBOX_GAP_LOWER_BOUND
PAIR-015-049,G015,G049,CROSS_PANEL_READER_ELEMENTS,8,0,430.465,BBOX_GAP_LOWER_BOUND
PAIR-015-050,G015,G050,CROSS_PANEL_READER_ELEMENTS,8,0,462.017,BBOX_GAP_LOWER_BOUND
PAIR-015-051,G015,G051,CROSS_PANEL_READER_ELEMENTS,8,0,506.442,BBOX_GAP_LOWER_BOUND
PAIR-015-052,G015,G052,CROSS_PANEL_READER_ELEMENTS,8,0,607.557,BBOX_GAP_LOWER_BOUND
PAIR-015-053,G015,G053,CROSS_PANEL_READER_ELEMENTS,8,0,910.613,BBOX_GAP_LOWER_BOUND
PAIR-015-054,G015,G054,CROSS_PANEL_READER_ELEMENTS,8,0,901.663,BBOX_GAP_LOWER_BOUND
PAIR-015-055,G015,G055,CROSS_PANEL_READER_ELEMENTS,8,0,892.886,BBOX_GAP_LOWER_BOUND
PAIR-015-056,G015,G056,CROSS_PANEL_READER_ELEMENTS,8,0,875.595,BBOX_GAP_LOWER_BOUND
PAIR-015-057,G015,G057,CROSS_PANEL_READER_ELEMENTS,8,0,291.548,BBOX_GAP_LOWER_BOUND
PAIR-015-058,G015,G058,CROSS_PANEL_READER_ELEMENTS,8,0,259.669,BBOX_GAP_LOWER_BOUND
PAIR-015-059,G015,G059,CROSS_PANEL_READER_ELEMENTS,8,0,234.156,BBOX_GAP_LOWER_BOUND
PAIR-015-060,G015,G060,CROSS_PANEL_READER_ELEMENTS,8,0,213.928,BBOX_GAP_LOWER_BOUND
PAIR-015-061,G015,G061,CROSS_PANEL_READER_ELEMENTS,8,0,201.246,BBOX_GAP_LOWER_BOUND
PAIR-015-062,G015,G062,CROSS_PANEL_READER_ELEMENTS,8,0,198.0,BBOX_GAP_LOWER_BOUND
PAIR-015-063,G015,G063,CROSS_PANEL_READER_ELEMENTS,8,0,198.0,BBOX_GAP_LOWER_BOUND
PAIR-015-064,G015,G064,CROSS_PANEL_READER_ELEMENTS,8,0,198.816,BBOX_GAP_LOWER_BOUND
PAIR-015-065,G015,G065,CROSS_PANEL_READER_ELEMENTS,8,0,216.668,BBOX_GAP_LOWER_BOUND
PAIR-015-066,G015,G066,CROSS_PANEL_READER_ELEMENTS,8,0,246.911,BBOX_GAP_LOWER_BOUND
PAIR-015-067,G015,G067,CROSS_PANEL_READER_ELEMENTS,8,0,260.601,BBOX_GAP_LOWER_BOUND
PAIR-015-068,G015,G068,CROSS_PANEL_READER_ELEMENTS,8,0,264.151,BBOX_GAP_LOWER_BOUND
PAIR-015-069,G015,P1_AXES,TEXT_GRAPHIC,3,0,163.0,RAW_MASK_EXACT_KDTREE
PAIR-015-070,G015,P1_CURVE_MARKERS,TEXT_GRAPHIC,3,0,76.531,RAW_MASK_EXACT_KDTREE
PAIR-015-071,G015,P1_WARMUP_BOUNDARY,TEXT_GRAPHIC,3,0,321.0,BBOX_GAP_LOWER_BOUND
PAIR-015-072,G015,P1_EQ_WARMUP_TOP,TEXT_GRAPHIC,3,0,247.584,BBOX_GAP_LOWER_BOUND
PAIR-015-073,G015,P1_EQ_WARMUP_BOTTOM,TEXT_GRAPHIC,3,0,249.756,BBOX_GAP_LOWER_BOUND
PAIR-015-074,G015,P1_EQ_RETAIN_TOP,SAME_SEMANTIC_PARENT_DESIGN,0,0,75.0,BBOX_GAP_LOWER_BOUND
PAIR-015-075,G015,P1_EQ_RETAIN_BOTTOM,SAME_SEMANTIC_PARENT_DESIGN,0,0,75.0,BBOX_GAP_LOWER_BOUND
PAIR-015-076,G015,P2_AXES,TEXT_GRAPHIC,3,0,293.0,BBOX_GAP_LOWER_BOUND
PAIR-015-077,G015,P2_CURVE_MARKERS,TEXT_GRAPHIC,3,0,362.0,BBOX_GAP_LOWER_BOUND
PAIR-015-078,G015,P2_WARMUP_BOUNDARY,TEXT_GRAPHIC,3,0,433.269,BBOX_GAP_LOWER_BOUND
PAIR-015-079,G015,P2_TARGET_LINE,TEXT_GRAPHIC,3,0,395.0,BBOX_GAP_LOWER_BOUND
PAIR-015-080,G015,P2_YLABEL_OVERLINE,TEXT_GRAPHIC,3,0,902.692,BBOX_GAP_LOWER_BOUND
PAIR-015-081,G015,P2_TITLE_OVERLINE,TEXT_GRAPHIC,3,0,207.28,BBOX_GAP_LOWER_BOUND
PAIR-015-082,G015,P1_HATCH,TEXT_GRAPHIC,3,0,323.0,BBOX_GAP_LOWER_BOUND
PAIR-015-083,G015,P2_HATCH,TEXT_GRAPHIC,3,0,436.094,BBOX_GAP_LOWER_BOUND
PAIR-016-017,G016,G017,SAME_SEMANTIC_PARENT_DESIGN,0,0,13.0,BBOX_GAP_LOWER_BOUND
PAIR-016-018,G016,G018,SAME_SEMANTIC_PARENT_DESIGN,0,0,71.0,BBOX_GAP_LOWER_BOUND
PAIR-016-019,G016,G019,SAME_SEMANTIC_PARENT_DESIGN,0,0,92.0,BBOX_GAP_LOWER_BOUND
PAIR-016-020,G016,G020,SAME_SEMANTIC_PARENT_DESIGN,0,0,110.0,BBOX_GAP_LOWER_BOUND
PAIR-016-021,G016,G021,SAME_SEMANTIC_PARENT_DESIGN,0,0,150.0,BBOX_GAP_LOWER_BOUND
PAIR-016-022,G016,G022,SAME_SEMANTIC_PARENT_DESIGN,0,0,165.0,BBOX_GAP_LOWER_BOUND
PAIR-016-023,G016,G023,SAME_SEMANTIC_PARENT_DESIGN,0,0,185.0,BBOX_GAP_LOWER_BOUND
PAIR-016-024,G016,G024,TEXT_TEXT_INDEPENDENT,4,0,823.443,BBOX_GAP_LOWER_BOUND
PAIR-016-025,G016,G025,TEXT_TEXT_INDEPENDENT,4,0,812.304,BBOX_GAP_LOWER_BOUND
PAIR-016-026,G016,G026,TEXT_TEXT_INDEPENDENT,4,0,134.618,BBOX_GAP_LOWER_BOUND
PAIR-016-027,G016,G027,TEXT_TEXT_INDEPENDENT,4,0,106.532,BBOX_GAP_LOWER_BOUND
PAIR-016-028,G016,G028,TEXT_TEXT_INDEPENDENT,4,0,94.366,BBOX_GAP_LOWER_BOUND
PAIR-016-029,G016,G029,TEXT_TEXT_INDEPENDENT,4,0,83.15,BBOX_GAP_LOWER_BOUND
PAIR-016-030,G016,G030,CROSS_PANEL_READER_ELEMENTS,8,0,826.552,BBOX_GAP_LOWER_BOUND
PAIR-016-031,G016,G031,CROSS_PANEL_READER_ELEMENTS,8,0,669.968,BBOX_GAP_LOWER_BOUND
PAIR-016-032,G016,G032,CROSS_PANEL_READER_ELEMENTS,8,0,559.933,BBOX_GAP_LOWER_BOUND
PAIR-016-033,G016,G033,CROSS_PANEL_READER_ELEMENTS,8,0,556.227,BBOX_GAP_LOWER_BOUND
PAIR-016-034,G016,G034,CROSS_PANEL_READER_ELEMENTS,8,0,566.088,BBOX_GAP_LOWER_BOUND
PAIR-016-035,G016,G035,CROSS_PANEL_READER_ELEMENTS,8,0,570.617,BBOX_GAP_LOWER_BOUND
PAIR-016-036,G016,G036,CROSS_PANEL_READER_ELEMENTS,8,0,693.242,BBOX_GAP_LOWER_BOUND
PAIR-016-037,G016,G037,CROSS_PANEL_READER_ELEMENTS,8,0,704.969,BBOX_GAP_LOWER_BOUND
PAIR-016-038,G016,G038,CROSS_PANEL_READER_ELEMENTS,8,0,860.405,BBOX_GAP_LOWER_BOUND
PAIR-016-039,G016,G039,CROSS_PANEL_READER_ELEMENTS,8,0,864.32,BBOX_GAP_LOWER_BOUND
PAIR-016-040,G016,G040,CROSS_PANEL_READER_ELEMENTS,8,0,835.821,BBOX_GAP_LOWER_BOUND
PAIR-016-041,G016,G041,CROSS_PANEL_READER_ELEMENTS,8,0,832.661,BBOX_GAP_LOWER_BOUND
PAIR-016-042,G016,G042,CROSS_PANEL_READER_ELEMENTS,8,0,835.426,BBOX_GAP_LOWER_BOUND
PAIR-016-043,G016,G043,CROSS_PANEL_READER_ELEMENTS,8,0,807.233,BBOX_GAP_LOWER_BOUND
PAIR-016-044,G016,G044,CROSS_PANEL_READER_ELEMENTS,8,0,779.57,BBOX_GAP_LOWER_BOUND
PAIR-016-045,G016,G045,CROSS_PANEL_READER_ELEMENTS,8,0,781.553,BBOX_GAP_LOWER_BOUND
PAIR-016-046,G016,G046,CROSS_PANEL_READER_ELEMENTS,8,0,783.52,BBOX_GAP_LOWER_BOUND
PAIR-016-047,G016,G047,CROSS_PANEL_READER_ELEMENTS,8,0,757.18,BBOX_GAP_LOWER_BOUND
PAIR-016-048,G016,G048,CROSS_PANEL_READER_ELEMENTS,8,0,378.414,BBOX_GAP_LOWER_BOUND
PAIR-016-049,G016,G049,CROSS_PANEL_READER_ELEMENTS,8,0,401.155,BBOX_GAP_LOWER_BOUND
PAIR-016-050,G016,G050,CROSS_PANEL_READER_ELEMENTS,8,0,431.237,BBOX_GAP_LOWER_BOUND
PAIR-016-051,G016,G051,CROSS_PANEL_READER_ELEMENTS,8,0,474.435,BBOX_GAP_LOWER_BOUND
PAIR-016-052,G016,G052,CROSS_PANEL_READER_ELEMENTS,8,0,610.578,BBOX_GAP_LOWER_BOUND
PAIR-016-053,G016,G053,CROSS_PANEL_READER_ELEMENTS,8,0,946.792,BBOX_GAP_LOWER_BOUND
PAIR-016-054,G016,G054,CROSS_PANEL_READER_ELEMENTS,8,0,937.378,BBOX_GAP_LOWER_BOUND
PAIR-016-055,G016,G055,CROSS_PANEL_READER_ELEMENTS,8,0,928.421,BBOX_GAP_LOWER_BOUND
PAIR-016-056,G016,G056,CROSS_PANEL_READER_ELEMENTS,8,0,911.014,BBOX_GAP_LOWER_BOUND
PAIR-016-057,G016,G057,CROSS_PANEL_READER_ELEMENTS,8,0,322.056,BBOX_GAP_LOWER_BOUND
PAIR-016-058,G016,G058,CROSS_PANEL_READER_ELEMENTS,8,0,287.172,BBOX_GAP_LOWER_BOUND
PAIR-016-059,G016,G059,CROSS_PANEL_READER_ELEMENTS,8,0,257.738,BBOX_GAP_LOWER_BOUND
PAIR-016-060,G016,G060,CROSS_PANEL_READER_ELEMENTS,8,0,232.045,BBOX_GAP_LOWER_BOUND
PAIR-016-061,G016,G061,CROSS_PANEL_READER_ELEMENTS,8,0,212.085,BBOX_GAP_LOWER_BOUND
PAIR-016-062,G016,G062,CROSS_PANEL_READER_ELEMENTS,8,0,200.26,BBOX_GAP_LOWER_BOUND
PAIR-016-063,G016,G063,CROSS_PANEL_READER_ELEMENTS,8,0,198.0,BBOX_GAP_LOWER_BOUND
PAIR-016-064,G016,G064,CROSS_PANEL_READER_ELEMENTS,8,0,198.0,BBOX_GAP_LOWER_BOUND
PAIR-016-065,G016,G065,CROSS_PANEL_READER_ELEMENTS,8,0,206.814,BBOX_GAP_LOWER_BOUND
PAIR-016-066,G016,G066,CROSS_PANEL_READER_ELEMENTS,8,0,232.848,BBOX_GAP_LOWER_BOUND
PAIR-016-067,G016,G067,CROSS_PANEL_READER_ELEMENTS,8,0,243.824,BBOX_GAP_LOWER_BOUND
PAIR-016-068,G016,G068,CROSS_PANEL_READER_ELEMENTS,8,0,245.717,BBOX_GAP_LOWER_BOUND
PAIR-016-069,G016,P1_AXES,TEXT_GRAPHIC,3,0,163.0,RAW_MASK_EXACT_KDTREE
PAIR-016-070,G016,P1_CURVE_MARKERS,TEXT_GRAPHIC,3,0,91.679,RAW_MASK_EXACT_KDTREE
PAIR-016-071,G016,P1_WARMUP_BOUNDARY,TEXT_GRAPHIC,3,0,361.0,BBOX_GAP_LOWER_BOUND
PAIR-016-072,G016,P1_EQ_WARMUP_TOP,TEXT_GRAPHIC,3,0,287.503,BBOX_GAP_LOWER_BOUND
PAIR-016-073,G016,P1_EQ_WARMUP_BOTTOM,TEXT_GRAPHIC,3,0,289.375,BBOX_GAP_LOWER_BOUND
PAIR-016-074,G016,P1_EQ_RETAIN_TOP,SAME_SEMANTIC_PARENT_DESIGN,0,0,36.0,BBOX_GAP_LOWER_BOUND
PAIR-016-075,G016,P1_EQ_RETAIN_BOTTOM,SAME_SEMANTIC_PARENT_DESIGN,0,0,36.0,BBOX_GAP_LOWER_BOUND
PAIR-016-076,G016,P2_AXES,TEXT_GRAPHIC,3,0,293.0,BBOX_GAP_LOWER_BOUND
PAIR-016-077,G016,P2_CURVE_MARKERS,TEXT_GRAPHIC,3,0,362.0,BBOX_GAP_LOWER_BOUND
PAIR-016-078,G016,P2_WARMUP_BOUNDARY,TEXT_GRAPHIC,3,0,463.683,BBOX_GAP_LOWER_BOUND
PAIR-016-079,G016,P2_TARGET_LINE,TEXT_GRAPHIC,3,0,395.0,BBOX_GAP_LOWER_BOUND
PAIR-016-080,G016,P2_YLABEL_OVERLINE,TEXT_GRAPHIC,3,0,939.006,BBOX_GAP_LOWER_BOUND
PAIR-016-081,G016,P2_TITLE_OVERLINE,TEXT_GRAPHIC,3,0,196.957,BBOX_GAP_LOWER_BOUND
PAIR-016-082,G016,P1_HATCH,TEXT_GRAPHIC,3,0,363.0,BBOX_GAP_LOWER_BOUND
PAIR-016-083,G016,P2_HATCH,TEXT_GRAPHIC,3,0,466.495,BBOX_GAP_LOWER_BOUND
PAIR-017-018,G017,G018,SAME_SEMANTIC_PARENT_DESIGN,0,0,47.0,BBOX_GAP_LOWER_BOUND
PAIR-017-019,G017,G019,SAME_SEMANTIC_PARENT_DESIGN,0,0,68.0,BBOX_GAP_LOWER_BOUND
PAIR-017-020,G017,G020,SAME_SEMANTIC_PARENT_DESIGN,0,0,86.0,BBOX_GAP_LOWER_BOUND
PAIR-017-021,G017,G021,SAME_SEMANTIC_PARENT_DESIGN,0,0,126.0,BBOX_GAP_LOWER_BOUND
PAIR-017-022,G017,G022,SAME_SEMANTIC_PARENT_DESIGN,0,0,141.0,BBOX_GAP_LOWER_BOUND
PAIR-017-023,G017,G023,SAME_SEMANTIC_PARENT_DESIGN,0,0,161.0,BBOX_GAP_LOWER_BOUND
PAIR-017-024,G017,G024,TEXT_TEXT_INDEPENDENT,4,0,873.482,BBOX_GAP_LOWER_BOUND
PAIR-017-025,G017,G025,TEXT_TEXT_INDEPENDENT,4,0,862.337,BBOX_GAP_LOWER_BOUND
PAIR-017-026,G017,G026,TEXT_TEXT_INDEPENDENT,4,0,179.471,BBOX_GAP_LOWER_BOUND
PAIR-017-027,G017,G027,TEXT_TEXT_INDEPENDENT,4,0,145.097,BBOX_GAP_LOWER_BOUND
PAIR-017-028,G017,G028,TEXT_TEXT_INDEPENDENT,4,0,120.652,BBOX_GAP_LOWER_BOUND
PAIR-017-029,G017,G029,TEXT_TEXT_INDEPENDENT,4,0,106.33,BBOX_GAP_LOWER_BOUND
PAIR-017-030,G017,G030,CROSS_PANEL_READER_ELEMENTS,8,0,865.79,BBOX_GAP_LOWER_BOUND
PAIR-017-031,G017,G031,CROSS_PANEL_READER_ELEMENTS,8,0,701.396,BBOX_GAP_LOWER_BOUND
PAIR-017-032,G017,G032,CROSS_PANEL_READER_ELEMENTS,8,0,573.349,BBOX_GAP_LOWER_BOUND
PAIR-017-033,G017,G033,CROSS_PANEL_READER_ELEMENTS,8,0,567.797,BBOX_GAP_LOWER_BOUND
PAIR-017-034,G017,G034,CROSS_PANEL_READER_ELEMENTS,8,0,562.853,BBOX_GAP_LOWER_BOUND
PAIR-017-035,G017,G035,CROSS_PANEL_READER_ELEMENTS,8,0,566.646,BBOX_GAP_LOWER_BOUND
PAIR-017-036,G017,G036,CROSS_PANEL_READER_ELEMENTS,8,0,680.52,BBOX_GAP_LOWER_BOUND
PAIR-017-037,G017,G037,CROSS_PANEL_READER_ELEMENTS,8,0,691.804,BBOX_GAP_LOWER_BOUND
PAIR-017-038,G017,G038,CROSS_PANEL_READER_ELEMENTS,8,0,903.185,BBOX_GAP_LOWER_BOUND
PAIR-017-039,G017,G039,CROSS_PANEL_READER_ELEMENTS,8,0,906.411,BBOX_GAP_LOWER_BOUND
PAIR-017-040,G017,G040,CROSS_PANEL_READER_ELEMENTS,8,0,878.091,BBOX_GAP_LOWER_BOUND
PAIR-017-041,G017,G041,CROSS_PANEL_READER_ELEMENTS,8,0,876.681,BBOX_GAP_LOWER_BOUND
PAIR-017-042,G017,G042,CROSS_PANEL_READER_ELEMENTS,8,0,878.786,BBOX_GAP_LOWER_BOUND
PAIR-017-043,G017,G043,CROSS_PANEL_READER_ELEMENTS,8,0,850.805,BBOX_GAP_LOWER_BOUND
PAIR-017-044,G017,G044,CROSS_PANEL_READER_ELEMENTS,8,0,824.419,BBOX_GAP_LOWER_BOUND
PAIR-017-045,G017,G045,CROSS_PANEL_READER_ELEMENTS,8,0,827.921,BBOX_GAP_LOWER_BOUND
PAIR-017-046,G017,G046,CROSS_PANEL_READER_ELEMENTS,8,0,829.347,BBOX_GAP_LOWER_BOUND
PAIR-017-047,G017,G047,CROSS_PANEL_READER_ELEMENTS,8,0,803.275,BBOX_GAP_LOWER_BOUND
PAIR-017-048,G017,G048,CROSS_PANEL_READER_ELEMENTS,8,0,363.793,BBOX_GAP_LOWER_BOUND
PAIR-017-049,G017,G049,CROSS_PANEL_READER_ELEMENTS,8,0,385.405,BBOX_GAP_LOWER_BOUND
PAIR-017-050,G017,G050,CROSS_PANEL_READER_ELEMENTS,8,0,414.315,BBOX_GAP_LOWER_BOUND
PAIR-017-051,G017,G051,CROSS_PANEL_READER_ELEMENTS,8,0,456.514,BBOX_GAP_LOWER_BOUND
PAIR-017-052,G017,G052,CROSS_PANEL_READER_ELEMENTS,8,0,619.949,BBOX_GAP_LOWER_BOUND
PAIR-017-053,G017,G053,CROSS_PANEL_READER_ELEMENTS,8,0,993.229,BBOX_GAP_LOWER_BOUND
PAIR-017-054,G017,G054,CROSS_PANEL_READER_ELEMENTS,8,0,983.33,BBOX_GAP_LOWER_BOUND
PAIR-017-055,G017,G055,CROSS_PANEL_READER_ELEMENTS,8,0,974.187,BBOX_GAP_LOWER_BOUND
PAIR-017-056,G017,G056,CROSS_PANEL_READER_ELEMENTS,8,0,956.666,BBOX_GAP_LOWER_BOUND
PAIR-017-057,G017,G057,CROSS_PANEL_READER_ELEMENTS,8,0,363.89,BBOX_GAP_LOWER_BOUND
PAIR-017-058,G017,G058,CROSS_PANEL_READER_ELEMENTS,8,0,326.441,BBOX_GAP_LOWER_BOUND
PAIR-017-059,G017,G059,CROSS_PANEL_READER_ELEMENTS,8,0,293.641,BBOX_GAP_LOWER_BOUND
PAIR-017-060,G017,G060,CROSS_PANEL_READER_ELEMENTS,8,0,263.137,BBOX_GAP_LOWER_BOUND
PAIR-017-061,G017,G061,CROSS_PANEL_READER_ELEMENTS,8,0,236.381,BBOX_GAP_LOWER_BOUND
PAIR-017-062,G017,G062,CROSS_PANEL_READER_ELEMENTS,8,0,215.407,BBOX_GAP_LOWER_BOUND
PAIR-017-063,G017,G063,CROSS_PANEL_READER_ELEMENTS,8,0,203.039,BBOX_GAP_LOWER_BOUND
PAIR-017-064,G017,G064,CROSS_PANEL_READER_ELEMENTS,8,0,200.0,BBOX_GAP_LOWER_BOUND
PAIR-017-065,G017,G065,CROSS_PANEL_READER_ELEMENTS,8,0,206.243,BBOX_GAP_LOWER_BOUND
PAIR-017-066,G017,G066,CROSS_PANEL_READER_ELEMENTS,8,0,229.072,BBOX_GAP_LOWER_BOUND
PAIR-017-067,G017,G067,CROSS_PANEL_READER_ELEMENTS,8,0,238.046,BBOX_GAP_LOWER_BOUND
PAIR-017-068,G017,G068,CROSS_PANEL_READER_ELEMENTS,8,0,238.757,BBOX_GAP_LOWER_BOUND
PAIR-017-069,G017,P1_AXES,TEXT_GRAPHIC,3,0,165.0,RAW_MASK_EXACT_KDTREE
PAIR-017-070,G017,P1_CURVE_MARKERS,TEXT_GRAPHIC,3,0,97.165,RAW_MASK_EXACT_KDTREE
PAIR-017-071,G017,P1_WARMUP_BOUNDARY,TEXT_GRAPHIC,3,0,411.0,BBOX_GAP_LOWER_BOUND
PAIR-017-072,G017,P1_EQ_WARMUP_TOP,TEXT_GRAPHIC,3,0,337.535,BBOX_GAP_LOWER_BOUND
PAIR-017-073,G017,P1_EQ_WARMUP_BOTTOM,TEXT_GRAPHIC,3,0,339.249,BBOX_GAP_LOWER_BOUND
PAIR-017-074,G017,P1_EQ_RETAIN_TOP,SAME_SEMANTIC_PARENT_DESIGN,0,0,12.0,BBOX_GAP_LOWER_BOUND
PAIR-017-075,G017,P1_EQ_RETAIN_BOTTOM,SAME_SEMANTIC_PARENT_DESIGN,0,0,12.0,BBOX_GAP_LOWER_BOUND
PAIR-017-076,G017,P2_AXES,TEXT_GRAPHIC,3,0,295.0,BBOX_GAP_LOWER_BOUND
PAIR-017-077,G017,P2_CURVE_MARKERS,TEXT_GRAPHIC,3,0,364.0,BBOX_GAP_LOWER_BOUND
PAIR-017-078,G017,P2_WARMUP_BOUNDARY,TEXT_GRAPHIC,3,0,504.747,BBOX_GAP_LOWER_BOUND
PAIR-017-079,G017,P2_TARGET_LINE,TEXT_GRAPHIC,3,0,397.0,BBOX_GAP_LOWER_BOUND
PAIR-017-080,G017,P2_YLABEL_OVERLINE,TEXT_GRAPHIC,3,0,985.586,BBOX_GAP_LOWER_BOUND
PAIR-017-081,G017,P2_TITLE_OVERLINE,TEXT_GRAPHIC,3,0,196.255,BBOX_GAP_LOWER_BOUND
PAIR-017-082,G017,P1_HATCH,TEXT_GRAPHIC,3,0,413.0,BBOX_GAP_LOWER_BOUND
PAIR-017-083,G017,P2_HATCH,TEXT_GRAPHIC,3,0,507.537,BBOX_GAP_LOWER_BOUND
PAIR-018-019,G018,G019,SAME_SEMANTIC_PARENT_DESIGN,0,0,3.0,BBOX_GAP_LOWER_BOUND
PAIR-018-020,G018,G020,SAME_SEMANTIC_PARENT_DESIGN,0,0,21.0,BBOX_GAP_LOWER_BOUND
PAIR-018-021,G018,G021,SAME_SEMANTIC_PARENT_DESIGN,0,0,61.0,BBOX_GAP_LOWER_BOUND
PAIR-018-022,G018,G022,SAME_SEMANTIC_PARENT_DESIGN,0,0,76.0,BBOX_GAP_LOWER_BOUND
PAIR-018-023,G018,G023,SAME_SEMANTIC_PARENT_DESIGN,0,0,96.0,BBOX_GAP_LOWER_BOUND
PAIR-018-024,G018,G024,TEXT_TEXT_INDEPENDENT,4,0,931.452,BBOX_GAP_LOWER_BOUND
PAIR-018-025,G018,G025,TEXT_TEXT_INDEPENDENT,4,0,920.253,BBOX_GAP_LOWER_BOUND
PAIR-018-026,G018,G026,TEXT_TEXT_INDEPENDENT,4,0,229.578,BBOX_GAP_LOWER_BOUND
PAIR-018-027,G018,G027,TEXT_TEXT_INDEPENDENT,4,0,190.895,BBOX_GAP_LOWER_BOUND
PAIR-018-028,G018,G028,TEXT_TEXT_INDEPENDENT,4,0,158.673,BBOX_GAP_LOWER_BOUND
PAIR-018-029,G018,G029,TEXT_TEXT_INDEPENDENT,4,0,143.84,BBOX_GAP_LOWER_BOUND
PAIR-018-030,G018,G030,CROSS_PANEL_READER_ELEMENTS,8,0,911.224,BBOX_GAP_LOWER_BOUND
PAIR-018-031,G018,G031,CROSS_PANEL_READER_ELEMENTS,8,0,738.691,BBOX_GAP_LOWER_BOUND
PAIR-018-032,G018,G032,CROSS_PANEL_READER_ELEMENTS,8,0,591.67,BBOX_GAP_LOWER_BOUND
PAIR-018-033,G018,G033,CROSS_PANEL_READER_ELEMENTS,8,0,584.11,BBOX_GAP_LOWER_BOUND
PAIR-018-034,G018,G034,CROSS_PANEL_READER_ELEMENTS,8,0,553.831,BBOX_GAP_LOWER_BOUND
PAIR-018-035,G018,G035,CROSS_PANEL_READER_ELEMENTS,8,0,555.583,BBOX_GAP_LOWER_BOUND
PAIR-018-036,G018,G036,CROSS_PANEL_READER_ELEMENTS,8,0,644.665,BBOX_GAP_LOWER_BOUND
PAIR-018-037,G018,G037,CROSS_PANEL_READER_ELEMENTS,8,0,654.682,BBOX_GAP_LOWER_BOUND
PAIR-018-038,G018,G038,CROSS_PANEL_READER_ELEMENTS,8,0,952.506,BBOX_GAP_LOWER_BOUND
PAIR-018-039,G018,G039,CROSS_PANEL_READER_ELEMENTS,8,0,954.958,BBOX_GAP_LOWER_BOUND
PAIR-018-040,G018,G040,CROSS_PANEL_READER_ELEMENTS,8,0,926.87,BBOX_GAP_LOWER_BOUND
PAIR-018-041,G018,G041,CROSS_PANEL_READER_ELEMENTS,8,0,927.412,BBOX_GAP_LOWER_BOUND
PAIR-018-042,G018,G042,CROSS_PANEL_READER_ELEMENTS,8,0,928.778,BBOX_GAP_LOWER_BOUND
PAIR-018-043,G018,G043,CROSS_PANEL_READER_ELEMENTS,8,0,901.062,BBOX_GAP_LOWER_BOUND
PAIR-018-044,G018,G044,CROSS_PANEL_READER_ELEMENTS,8,0,876.124,BBOX_GAP_LOWER_BOUND
PAIR-018-045,G018,G045,CROSS_PANEL_READER_ELEMENTS,8,0,881.331,BBOX_GAP_LOWER_BOUND
PAIR-018-046,G018,G046,CROSS_PANEL_READER_ELEMENTS,8,0,882.145,BBOX_GAP_LOWER_BOUND
PAIR-018-047,G018,G047,CROSS_PANEL_READER_ELEMENTS,8,0,856.394,BBOX_GAP_LOWER_BOUND
PAIR-018-048,G018,G048,CROSS_PANEL_READER_ELEMENTS,8,0,325.208,BBOX_GAP_LOWER_BOUND
PAIR-018-049,G018,G049,CROSS_PANEL_READER_ELEMENTS,8,0,343.208,BBOX_GAP_LOWER_BOUND
PAIR-018-050,G018,G050,CROSS_PANEL_READER_ELEMENTS,8,0,368.391,BBOX_GAP_LOWER_BOUND
PAIR-018-051,G018,G051,CROSS_PANEL_READER_ELEMENTS,8,0,407.382,BBOX_GAP_LOWER_BOUND
PAIR-018-052,G018,G052,CROSS_PANEL_READER_ELEMENTS,8,0,633.37,BBOX_GAP_LOWER_BOUND
PAIR-018-053,G018,G053,CROSS_PANEL_READER_ELEMENTS,8,0,1046.627,BBOX_GAP_LOWER_BOUND
PAIR-018-054,G018,G054,CROSS_PANEL_READER_ELEMENTS,8,0,1036.174,BBOX_GAP_LOWER_BOUND
PAIR-018-055,G018,G055,CROSS_PANEL_READER_ELEMENTS,8,0,1026.825,BBOX_GAP_LOWER_BOUND
PAIR-018-056,G018,G056,CROSS_PANEL_READER_ELEMENTS,8,0,1009.183,BBOX_GAP_LOWER_BOUND
PAIR-018-057,G018,G057,CROSS_PANEL_READER_ELEMENTS,8,0,413.575,BBOX_GAP_LOWER_BOUND
PAIR-018-058,G018,G058,CROSS_PANEL_READER_ELEMENTS,8,0,373.973,BBOX_GAP_LOWER_BOUND
PAIR-018-059,G018,G059,CROSS_PANEL_READER_ELEMENTS,8,0,338.421,BBOX_GAP_LOWER_BOUND
PAIR-018-060,G018,G060,CROSS_PANEL_READER_ELEMENTS,8,0,304.041,BBOX_GAP_LOWER_BOUND
PAIR-018-061,G018,G061,CROSS_PANEL_READER_ELEMENTS,8,0,271.765,BBOX_GAP_LOWER_BOUND
PAIR-018-062,G018,G062,CROSS_PANEL_READER_ELEMENTS,8,0,242.99,BBOX_GAP_LOWER_BOUND
PAIR-018-063,G018,G063,CROSS_PANEL_READER_ELEMENTS,8,0,220.565,BBOX_GAP_LOWER_BOUND
PAIR-018-064,G018,G064,CROSS_PANEL_READER_ELEMENTS,8,0,205.915,BBOX_GAP_LOWER_BOUND
PAIR-018-065,G018,G065,CROSS_PANEL_READER_ELEMENTS,8,0,206.155,BBOX_GAP_LOWER_BOUND
PAIR-018-066,G018,G066,CROSS_PANEL_READER_ELEMENTS,8,0,225.0,BBOX_GAP_LOWER_BOUND
PAIR-018-067,G018,G067,CROSS_PANEL_READER_ELEMENTS,8,0,229.0,BBOX_GAP_LOWER_BOUND
PAIR-018-068,G018,G068,CROSS_PANEL_READER_ELEMENTS,8,0,226.318,BBOX_GAP_LOWER_BOUND
PAIR-018-069,G018,P1_AXES,TEXT_GRAPHIC,3,0,165.0,RAW_MASK_EXACT_KDTREE
PAIR-018-070,G018,P1_CURVE_MARKERS,TEXT_GRAPHIC,3,0,104.0,RAW_MASK_EXACT_KDTREE
PAIR-018-071,G018,P1_WARMUP_BOUNDARY,TEXT_GRAPHIC,3,0,469.0,BBOX_GAP_LOWER_BOUND
PAIR-018-072,G018,P1_EQ_WARMUP_TOP,TEXT_GRAPHIC,3,0,395.457,BBOX_GAP_LOWER_BOUND
PAIR-018-073,G018,P1_EQ_WARMUP_BOTTOM,TEXT_GRAPHIC,3,0,396.921,BBOX_GAP_LOWER_BOUND
PAIR-018-074,G018,P1_EQ_RETAIN_TOP,SAME_SEMANTIC_PARENT_DESIGN,0,0,12.0,BBOX_GAP_LOWER_BOUND
PAIR-018-075,G018,P1_EQ_RETAIN_BOTTOM,SAME_SEMANTIC_PARENT_DESIGN,0,0,12.0,BBOX_GAP_LOWER_BOUND
PAIR-018-076,G018,P2_AXES,TEXT_GRAPHIC,3,0,295.0,BBOX_GAP_LOWER_BOUND
PAIR-018-077,G018,P2_CURVE_MARKERS,TEXT_GRAPHIC,3,0,364.0,BBOX_GAP_LOWER_BOUND
PAIR-018-078,G018,P2_WARMUP_BOUNDARY,TEXT_GRAPHIC,3,0,553.001,BBOX_GAP_LOWER_BOUND
PAIR-018-079,G018,P2_TARGET_LINE,TEXT_GRAPHIC,3,0,397.0,BBOX_GAP_LOWER_BOUND
PAIR-018-080,G018,P2_YLABEL_OVERLINE,TEXT_GRAPHIC,3,0,1039.154,BBOX_GAP_LOWER_BOUND
PAIR-018-081,G018,P2_TITLE_OVERLINE,TEXT_GRAPHIC,3,0,196.064,BBOX_GAP_LOWER_BOUND
PAIR-018-082,G018,P1_HATCH,TEXT_GRAPHIC,3,0,471.0,BBOX_GAP_LOWER_BOUND
PAIR-018-083,G018,P2_HATCH,TEXT_GRAPHIC,3,0,555.757,BBOX_GAP_LOWER_BOUND
PAIR-019-020,G019,G020,SAME_SEMANTIC_PARENT_DESIGN,0,0,12.0,BBOX_GAP_LOWER_BOUND
PAIR-019-021,G019,G021,SAME_SEMANTIC_PARENT_DESIGN,0,0,52.0,BBOX_GAP_LOWER_BOUND
PAIR-019-022,G019,G022,SAME_SEMANTIC_PARENT_DESIGN,0,0,67.0,BBOX_GAP_LOWER_BOUND
PAIR-019-023,G019,G023,SAME_SEMANTIC_PARENT_DESIGN,0,0,87.0,BBOX_GAP_LOWER_BOUND
PAIR-019-024,G019,G024,TEXT_TEXT_INDEPENDENT,4,0,952.328,BBOX_GAP_LOWER_BOUND
PAIR-019-025,G019,G025,TEXT_TEXT_INDEPENDENT,4,0,941.029,BBOX_GAP_LOWER_BOUND
PAIR-019-026,G019,G026,TEXT_TEXT_INDEPENDENT,4,0,257.597,BBOX_GAP_LOWER_BOUND
PAIR-019-027,G019,G027,TEXT_TEXT_INDEPENDENT,4,0,219.738,BBOX_GAP_LOWER_BOUND
PAIR-019-028,G019,G028,TEXT_TEXT_INDEPENDENT,4,0,188.215,BBOX_GAP_LOWER_BOUND
PAIR-019-029,G019,G029,TEXT_TEXT_INDEPENDENT,4,0,173.367,BBOX_GAP_LOWER_BOUND
PAIR-019-030,G019,G030,CROSS_PANEL_READER_ELEMENTS,8,0,925.646,BBOX_GAP_LOWER_BOUND
PAIR-019-031,G019,G031,CROSS_PANEL_READER_ELEMENTS,8,0,749.919,BBOX_GAP_LOWER_BOUND
PAIR-019-032,G019,G032,CROSS_PANEL_READER_ELEMENTS,8,0,595.869,BBOX_GAP_LOWER_BOUND
PAIR-019-033,G019,G033,CROSS_PANEL_READER_ELEMENTS,8,0,587.578,BBOX_GAP_LOWER_BOUND
PAIR-019-034,G019,G034,CROSS_PANEL_READER_ELEMENTS,8,0,549.181,BBOX_GAP_LOWER_BOUND
PAIR-019-035,G019,G035,CROSS_PANEL_READER_ELEMENTS,8,0,550.654,BBOX_GAP_LOWER_BOUND
PAIR-019-036,G019,G036,CROSS_PANEL_READER_ELEMENTS,8,0,636.616,BBOX_GAP_LOWER_BOUND
PAIR-019-037,G019,G037,CROSS_PANEL_READER_ELEMENTS,8,0,646.493,BBOX_GAP_LOWER_BOUND
PAIR-019-038,G019,G038,CROSS_PANEL_READER_ELEMENTS,8,0,968.595,BBOX_GAP_LOWER_BOUND
PAIR-019-039,G019,G039,CROSS_PANEL_READER_ELEMENTS,8,0,970.704,BBOX_GAP_LOWER_BOUND
PAIR-019-040,G019,G040,CROSS_PANEL_READER_ELEMENTS,8,0,942.728,BBOX_GAP_LOWER_BOUND
PAIR-019-041,G019,G041,CROSS_PANEL_READER_ELEMENTS,8,0,944.145,BBOX_GAP_LOWER_BOUND
PAIR-019-042,G019,G042,CROSS_PANEL_READER_ELEMENTS,8,0,945.176,BBOX_GAP_LOWER_BOUND
PAIR-019-043,G019,G043,CROSS_PANEL_READER_ELEMENTS,8,0,917.589,BBOX_GAP_LOWER_BOUND
PAIR-019-044,G019,G044,CROSS_PANEL_READER_ELEMENTS,8,0,893.322,BBOX_GAP_LOWER_BOUND
PAIR-019-045,G019,G045,CROSS_PANEL_READER_ELEMENTS,8,0,899.339,BBOX_GAP_LOWER_BOUND
PAIR-019-046,G019,G046,CROSS_PANEL_READER_ELEMENTS,8,0,899.856,BBOX_GAP_LOWER_BOUND
PAIR-019-047,G019,G047,CROSS_PANEL_READER_ELEMENTS,8,0,874.266,BBOX_GAP_LOWER_BOUND
PAIR-019-048,G019,G048,CROSS_PANEL_READER_ELEMENTS,8,0,317.101,BBOX_GAP_LOWER_BOUND
PAIR-019-049,G019,G049,CROSS_PANEL_READER_ELEMENTS,8,0,334.677,BBOX_GAP_LOWER_BOUND
PAIR-019-050,G019,G050,CROSS_PANEL_READER_ELEMENTS,8,0,359.457,BBOX_GAP_LOWER_BOUND
PAIR-019-051,G019,G051,CROSS_PANEL_READER_ELEMENTS,8,0,398.132,BBOX_GAP_LOWER_BOUND
PAIR-019-052,G019,G052,CROSS_PANEL_READER_ELEMENTS,8,0,635.649,BBOX_GAP_LOWER_BOUND
PAIR-019-053,G019,G053,CROSS_PANEL_READER_ELEMENTS,8,0,1064.592,BBOX_GAP_LOWER_BOUND
PAIR-019-054,G019,G054,CROSS_PANEL_READER_ELEMENTS,8,0,1053.871,BBOX_GAP_LOWER_BOUND
PAIR-019-055,G019,G055,CROSS_PANEL_READER_ELEMENTS,8,0,1044.423,BBOX_GAP_LOWER_BOUND
PAIR-019-056,G019,G056,CROSS_PANEL_READER_ELEMENTS,8,0,1026.727,BBOX_GAP_LOWER_BOUND
PAIR-019-057,G019,G057,CROSS_PANEL_READER_ELEMENTS,8,0,430.238,BBOX_GAP_LOWER_BOUND
PAIR-019-058,G019,G058,CROSS_PANEL_READER_ELEMENTS,8,0,389.853,BBOX_GAP_LOWER_BOUND
PAIR-019-059,G019,G059,CROSS_PANEL_READER_ELEMENTS,8,0,353.344,BBOX_GAP_LOWER_BOUND
PAIR-019-060,G019,G060,CROSS_PANEL_READER_ELEMENTS,8,0,317.673,BBOX_GAP_LOWER_BOUND
PAIR-019-061,G019,G061,CROSS_PANEL_READER_ELEMENTS,8,0,283.621,BBOX_GAP_LOWER_BOUND
PAIR-019-062,G019,G062,CROSS_PANEL_READER_ELEMENTS,8,0,252.383,BBOX_GAP_LOWER_BOUND
PAIR-019-063,G019,G063,CROSS_PANEL_READER_ELEMENTS,8,0,226.742,BBOX_GAP_LOWER_BOUND
PAIR-019-064,G019,G064,CROSS_PANEL_READER_ELEMENTS,8,0,208.125,BBOX_GAP_LOWER_BOUND
PAIR-019-065,G019,G065,CROSS_PANEL_READER_ELEMENTS,8,0,204.071,BBOX_GAP_LOWER_BOUND
PAIR-019-066,G019,G066,CROSS_PANEL_READER_ELEMENTS,8,0,221.226,BBOX_GAP_LOWER_BOUND
PAIR-019-067,G019,G067,CROSS_PANEL_READER_ELEMENTS,8,0,225.0,BBOX_GAP_LOWER_BOUND
PAIR-019-068,G019,G068,CROSS_PANEL_READER_ELEMENTS,8,0,222.02,BBOX_GAP_LOWER_BOUND
PAIR-019-069,G019,P1_AXES,TEXT_GRAPHIC,3,0,161.0,RAW_MASK_EXACT_KDTREE
PAIR-019-070,G019,P1_CURVE_MARKERS,TEXT_GRAPHIC,3,0,98.615,RAW_MASK_EXACT_KDTREE
PAIR-019-071,G019,P1_WARMUP_BOUNDARY,TEXT_GRAPHIC,3,0,490.0,BBOX_GAP_LOWER_BOUND
PAIR-019-072,G019,P1_EQ_WARMUP_TOP,TEXT_GRAPHIC,3,0,416.27,BBOX_GAP_LOWER_BOUND
PAIR-019-073,G019,P1_EQ_WARMUP_BOTTOM,TEXT_GRAPHIC,3,0,417.47,BBOX_GAP_LOWER_BOUND
PAIR-019-074,G019,P1_EQ_RETAIN_TOP,SAME_SEMANTIC_PARENT_DESIGN,0,0,35.468,BBOX_GAP_LOWER_BOUND
PAIR-019-075,G019,P1_EQ_RETAIN_BOTTOM,SAME_SEMANTIC_PARENT_DESIGN,0,0,33.0,BBOX_GAP_LOWER_BOUND
PAIR-019-076,G019,P2_AXES,TEXT_GRAPHIC,3,0,291.0,BBOX_GAP_LOWER_BOUND
PAIR-019-077,G019,P2_CURVE_MARKERS,TEXT_GRAPHIC,3,0,360.0,BBOX_GAP_LOWER_BOUND
PAIR-019-078,G019,P2_WARMUP_BOUNDARY,TEXT_GRAPHIC,3,0,568.877,BBOX_GAP_LOWER_BOUND
PAIR-019-079,G019,P2_TARGET_LINE,TEXT_GRAPHIC,3,0,393.0,BBOX_GAP_LOWER_BOUND
PAIR-019-080,G019,P2_YLABEL_OVERLINE,TEXT_GRAPHIC,3,0,1057.204,BBOX_GAP_LOWER_BOUND
PAIR-019-081,G019,P2_TITLE_OVERLINE,TEXT_GRAPHIC,3,0,193.752,BBOX_GAP_LOWER_BOUND
PAIR-019-082,G019,P1_HATCH,TEXT_GRAPHIC,3,0,492.0,BBOX_GAP_LOWER_BOUND
PAIR-019-083,G019,P2_HATCH,TEXT_GRAPHIC,3,0,571.616,BBOX_GAP_LOWER_BOUND
PAIR-020-021,G020,G021,SAME_SEMANTIC_PARENT_DESIGN,0,0,12.0,BBOX_GAP_LOWER_BOUND
PAIR-020-022,G020,G022,SAME_SEMANTIC_PARENT_DESIGN,0,0,27.0,BBOX_GAP_LOWER_BOUND
PAIR-020-023,G020,G023,SAME_SEMANTIC_PARENT_DESIGN,0,0,47.0,BBOX_GAP_LOWER_BOUND
PAIR-020-024,G020,G024,TEXT_TEXT_INDEPENDENT,4,0,970.433,BBOX_GAP_LOWER_BOUND
PAIR-020-025,G020,G025,TEXT_TEXT_INDEPENDENT,4,0,959.202,BBOX_GAP_LOWER_BOUND
PAIR-020-026,G020,G026,TEXT_TEXT_INDEPENDENT,4,0,273.788,BBOX_GAP_LOWER_BOUND
PAIR-020-027,G020,G027,TEXT_TEXT_INDEPENDENT,4,0,235.17,BBOX_GAP_LOWER_BOUND
PAIR-020-028,G020,G028,TEXT_TEXT_INDEPENDENT,4,0,202.408,BBOX_GAP_LOWER_BOUND
PAIR-020-029,G020,G029,TEXT_TEXT_INDEPENDENT,4,0,187.627,BBOX_GAP_LOWER_BOUND
PAIR-020-030,G020,G030,CROSS_PANEL_READER_ELEMENTS,8,0,942.55,BBOX_GAP_LOWER_BOUND
PAIR-020-031,G020,G031,CROSS_PANEL_READER_ELEMENTS,8,0,765.22,BBOX_GAP_LOWER_BOUND
PAIR-020-032,G020,G032,CROSS_PANEL_READER_ELEMENTS,8,0,606.801,BBOX_GAP_LOWER_BOUND
PAIR-020-033,G020,G033,CROSS_PANEL_READER_ELEMENTS,8,0,598.0,BBOX_GAP_LOWER_BOUND
PAIR-020-034,G020,G034,CROSS_PANEL_READER_ELEMENTS,8,0,552.0,BBOX_GAP_LOWER_BOUND
PAIR-020-035,G020,G035,CROSS_PANEL_READER_ELEMENTS,8,0,552.178,BBOX_GAP_LOWER_BOUND
PAIR-020-036,G020,G036,CROSS_PANEL_READER_ELEMENTS,8,0,620.774,BBOX_GAP_LOWER_BOUND
PAIR-020-037,G020,G037,CROSS_PANEL_READER_ELEMENTS,8,0,629.693,BBOX_GAP_LOWER_BOUND
PAIR-020-038,G020,G038,CROSS_PANEL_READER_ELEMENTS,8,0,986.201,BBOX_GAP_LOWER_BOUND
PAIR-020-039,G020,G039,CROSS_PANEL_READER_ELEMENTS,8,0,988.175,BBOX_GAP_LOWER_BOUND
PAIR-020-040,G020,G040,CROSS_PANEL_READER_ELEMENTS,8,0,960.246,BBOX_GAP_LOWER_BOUND
PAIR-020-041,G020,G041,CROSS_PANEL_READER_ELEMENTS,8,0,961.986,BBOX_GAP_LOWER_BOUND
PAIR-020-042,G020,G042,CROSS_PANEL_READER_ELEMENTS,8,0,962.898,BBOX_GAP_LOWER_BOUND
PAIR-020-043,G020,G043,CROSS_PANEL_READER_ELEMENTS,8,0,935.36,BBOX_GAP_LOWER_BOUND
PAIR-020-044,G020,G044,CROSS_PANEL_READER_ELEMENTS,8,0,911.318,BBOX_GAP_LOWER_BOUND
PAIR-020-045,G020,G045,CROSS_PANEL_READER_ELEMENTS,8,0,917.559,BBOX_GAP_LOWER_BOUND
PAIR-020-046,G020,G046,CROSS_PANEL_READER_ELEMENTS,8,0,918.001,BBOX_GAP_LOWER_BOUND
PAIR-020-047,G020,G047,CROSS_PANEL_READER_ELEMENTS,8,0,892.453,BBOX_GAP_LOWER_BOUND
PAIR-020-048,G020,G048,CROSS_PANEL_READER_ELEMENTS,8,0,302.167,BBOX_GAP_LOWER_BOUND
PAIR-020-049,G020,G049,CROSS_PANEL_READER_ELEMENTS,8,0,316.545,BBOX_GAP_LOWER_BOUND
PAIR-020-050,G020,G050,CROSS_PANEL_READER_ELEMENTS,8,0,337.936,BBOX_GAP_LOWER_BOUND
PAIR-020-051,G020,G051,CROSS_PANEL_READER_ELEMENTS,8,0,373.563,BBOX_GAP_LOWER_BOUND
PAIR-020-052,G020,G052,CROSS_PANEL_READER_ELEMENTS,8,0,645.174,BBOX_GAP_LOWER_BOUND
PAIR-020-053,G020,G053,CROSS_PANEL_READER_ELEMENTS,8,0,1082.799,BBOX_GAP_LOWER_BOUND
PAIR-020-054,G020,G054,CROSS_PANEL_READER_ELEMENTS,8,0,1072.007,BBOX_GAP_LOWER_BOUND
PAIR-020-055,G020,G055,CROSS_PANEL_READER_ELEMENTS,8,0,1062.533,BBOX_GAP_LOWER_BOUND
PAIR-020-056,G020,G056,CROSS_PANEL_READER_ELEMENTS,8,0,1044.822,BBOX_GAP_LOWER_BOUND
PAIR-020-057,G020,G057,CROSS_PANEL_READER_ELEMENTS,8,0,448.108,BBOX_GAP_LOWER_BOUND
PAIR-020-058,G020,G058,CROSS_PANEL_READER_ELEMENTS,8,0,407.462,BBOX_GAP_LOWER_BOUND
PAIR-020-059,G020,G059,CROSS_PANEL_READER_ELEMENTS,8,0,370.6,BBOX_GAP_LOWER_BOUND
PAIR-020-060,G020,G060,CROSS_PANEL_READER_ELEMENTS,8,0,334.401,BBOX_GAP_LOWER_BOUND
PAIR-020-061,G020,G061,CROSS_PANEL_READER_ELEMENTS,8,0,299.548,BBOX_GAP_LOWER_BOUND
PAIR-020-062,G020,G062,CROSS_PANEL_READER_ELEMENTS,8,0,267.075,BBOX_GAP_LOWER_BOUND
PAIR-020-063,G020,G063,CROSS_PANEL_READER_ELEMENTS,8,0,239.633,BBOX_GAP_LOWER_BOUND
PAIR-020-064,G020,G064,CROSS_PANEL_READER_ELEMENTS,8,0,218.504,BBOX_GAP_LOWER_BOUND
PAIR-020-065,G020,G065,CROSS_PANEL_READER_ELEMENTS,8,0,211.294,BBOX_GAP_LOWER_BOUND
PAIR-020-066,G020,G066,CROSS_PANEL_READER_ELEMENTS,8,0,226.736,BBOX_GAP_LOWER_BOUND
PAIR-020-067,G020,G067,CROSS_PANEL_READER_ELEMENTS,8,0,229.558,BBOX_GAP_LOWER_BOUND
PAIR-020-068,G020,G068,CROSS_PANEL_READER_ELEMENTS,8,0,226.0,BBOX_GAP_LOWER_BOUND
PAIR-020-069,G020,P1_AXES,TEXT_GRAPHIC,3,0,157.715,RAW_MASK_EXACT_KDTREE
PAIR-020-070,G020,P1_CURVE_MARKERS,TEXT_GRAPHIC,3,0,87.966,RAW_MASK_EXACT_KDTREE
PAIR-020-071,G020,P1_WARMUP_BOUNDARY,TEXT_GRAPHIC,3,0,508.0,BBOX_GAP_LOWER_BOUND
PAIR-020-072,G020,P1_EQ_WARMUP_TOP,TEXT_GRAPHIC,3,0,434.416,BBOX_GAP_LOWER_BOUND
PAIR-020-073,G020,P1_EQ_WARMUP_BOTTOM,TEXT_GRAPHIC,3,0,435.749,BBOX_GAP_LOWER_BOUND
PAIR-020-074,G020,P1_EQ_RETAIN_TOP,SAME_SEMANTIC_PARENT_DESIGN,0,0,52.631,BBOX_GAP_LOWER_BOUND
PAIR-020-075,G020,P1_EQ_RETAIN_BOTTOM,SAME_SEMANTIC_PARENT_DESIGN,0,0,51.0,BBOX_GAP_LOWER_BOUND
PAIR-020-076,G020,P2_AXES,TEXT_GRAPHIC,3,0,295.0,BBOX_GAP_LOWER_BOUND
PAIR-020-077,G020,P2_CURVE_MARKERS,TEXT_GRAPHIC,3,0,364.0,BBOX_GAP_LOWER_BOUND
PAIR-020-078,G020,P2_WARMUP_BOUNDARY,TEXT_GRAPHIC,3,0,586.441,BBOX_GAP_LOWER_BOUND
PAIR-020-079,G020,P2_TARGET_LINE,TEXT_GRAPHIC,3,0,397.0,BBOX_GAP_LOWER_BOUND
PAIR-020-080,G020,P2_YLABEL_OVERLINE,TEXT_GRAPHIC,3,0,1075.432,BBOX_GAP_LOWER_BOUND
PAIR-020-081,G020,P2_TITLE_OVERLINE,TEXT_GRAPHIC,3,0,200.878,BBOX_GAP_LOWER_BOUND
PAIR-020-082,G020,P1_HATCH,TEXT_GRAPHIC,3,0,510.0,BBOX_GAP_LOWER_BOUND
PAIR-020-083,G020,P2_HATCH,TEXT_GRAPHIC,3,0,589.173,BBOX_GAP_LOWER_BOUND
PAIR-021-022,G021,G022,SAME_SEMANTIC_PARENT_DESIGN,0,0,9.0,BBOX_GAP_LOWER_BOUND
PAIR-021-023,G021,G023,SAME_SEMANTIC_PARENT_DESIGN,0,0,29.0,BBOX_GAP_LOWER_BOUND
PAIR-021-024,G021,G024,TEXT_TEXT_INDEPENDENT,4,0,1010.309,BBOX_GAP_LOWER_BOUND
PAIR-021-025,G021,G025,TEXT_TEXT_INDEPENDENT,4,0,998.969,BBOX_GAP_LOWER_BOUND
PAIR-021-026,G021,G026,TEXT_TEXT_INDEPENDENT,4,0,310.483,BBOX_GAP_LOWER_BOUND
PAIR-021-027,G021,G027,TEXT_TEXT_INDEPENDENT,4,0,270.601,BBOX_GAP_LOWER_BOUND
PAIR-021-028,G021,G028,TEXT_TEXT_INDEPENDENT,4,0,235.816,BBOX_GAP_LOWER_BOUND
PAIR-021-029,G021,G029,TEXT_TEXT_INDEPENDENT,4,0,221.278,BBOX_GAP_LOWER_BOUND
PAIR-021-030,G021,G030,CROSS_PANEL_READER_ELEMENTS,8,0,972.995,BBOX_GAP_LOWER_BOUND
PAIR-021-031,G021,G031,CROSS_PANEL_READER_ELEMENTS,8,0,790.728,BBOX_GAP_LOWER_BOUND
PAIR-021-032,G021,G032,CROSS_PANEL_READER_ELEMENTS,8,0,620.941,BBOX_GAP_LOWER_BOUND
PAIR-021-033,G021,G033,CROSS_PANEL_READER_ELEMENTS,8,0,610.904,BBOX_GAP_LOWER_BOUND
PAIR-021-034,G021,G034,CROSS_PANEL_READER_ELEMENTS,8,0,548.004,BBOX_GAP_LOWER_BOUND
PAIR-021-035,G021,G035,CROSS_PANEL_READER_ELEMENTS,8,0,548.0,BBOX_GAP_LOWER_BOUND
PAIR-021-036,G021,G036,CROSS_PANEL_READER_ELEMENTS,8,0,609.147,BBOX_GAP_LOWER_BOUND
PAIR-021-037,G021,G037,CROSS_PANEL_READER_ELEMENTS,8,0,617.68,BBOX_GAP_LOWER_BOUND
PAIR-021-038,G021,G038,CROSS_PANEL_READER_ELEMENTS,8,0,1019.247,BBOX_GAP_LOWER_BOUND
PAIR-021-039,G021,G039,CROSS_PANEL_READER_ELEMENTS,8,0,1020.683,BBOX_GAP_LOWER_BOUND
PAIR-021-040,G021,G040,CROSS_PANEL_READER_ELEMENTS,8,0,992.948,BBOX_GAP_LOWER_BOUND
PAIR-021-041,G021,G041,CROSS_PANEL_READER_ELEMENTS,8,0,996.041,BBOX_GAP_LOWER_BOUND
PAIR-021-042,G021,G042,CROSS_PANEL_READER_ELEMENTS,8,0,996.436,BBOX_GAP_LOWER_BOUND
PAIR-021-043,G021,G043,CROSS_PANEL_READER_ELEMENTS,8,0,969.112,BBOX_GAP_LOWER_BOUND
PAIR-021-044,G021,G044,CROSS_PANEL_READER_ELEMENTS,8,0,946.106,BBOX_GAP_LOWER_BOUND
PAIR-021-045,G021,G045,CROSS_PANEL_READER_ELEMENTS,8,0,953.554,BBOX_GAP_LOWER_BOUND
PAIR-021-046,G021,G046,CROSS_PANEL_READER_ELEMENTS,8,0,953.556,BBOX_GAP_LOWER_BOUND
PAIR-021-047,G021,G047,CROSS_PANEL_READER_ELEMENTS,8,0,928.259,BBOX_GAP_LOWER_BOUND
PAIR-021-048,G021,G048,CROSS_PANEL_READER_ELEMENTS,8,0,291.563,BBOX_GAP_LOWER_BOUND
PAIR-021-049,G021,G049,CROSS_PANEL_READER_ELEMENTS,8,0,304.554,BBOX_GAP_LOWER_BOUND
PAIR-021-050,G021,G050,CROSS_PANEL_READER_ELEMENTS,8,0,324.52,BBOX_GAP_LOWER_BOUND
PAIR-021-051,G021,G051,CROSS_PANEL_READER_ELEMENTS,8,0,358.905,BBOX_GAP_LOWER_BOUND
PAIR-021-052,G021,G052,CROSS_PANEL_READER_ELEMENTS,8,0,655.77,BBOX_GAP_LOWER_BOUND
PAIR-021-053,G021,G053,CROSS_PANEL_READER_ELEMENTS,8,0,1118.68,BBOX_GAP_LOWER_BOUND
PAIR-021-054,G021,G054,CROSS_PANEL_READER_ELEMENTS,8,0,1107.487,BBOX_GAP_LOWER_BOUND
PAIR-021-055,G021,G055,CROSS_PANEL_READER_ELEMENTS,8,0,1097.867,BBOX_GAP_LOWER_BOUND
PAIR-021-056,G021,G056,CROSS_PANEL_READER_ELEMENTS,8,0,1080.08,BBOX_GAP_LOWER_BOUND
PAIR-021-057,G021,G057,CROSS_PANEL_READER_ELEMENTS,8,0,482.594,BBOX_GAP_LOWER_BOUND
PAIR-021-058,G021,G058,CROSS_PANEL_READER_ELEMENTS,8,0,440.955,BBOX_GAP_LOWER_BOUND
PAIR-021-059,G021,G059,CROSS_PANEL_READER_ELEMENTS,8,0,402.89,BBOX_GAP_LOWER_BOUND
PAIR-021-060,G021,G060,CROSS_PANEL_READER_ELEMENTS,8,0,365.075,BBOX_GAP_LOWER_BOUND
PAIR-021-061,G021,G061,CROSS_PANEL_READER_ELEMENTS,8,0,328.002,BBOX_GAP_LOWER_BOUND
PAIR-021-062,G021,G062,CROSS_PANEL_READER_ELEMENTS,8,0,292.412,BBOX_GAP_LOWER_BOUND
PAIR-021-063,G021,G063,CROSS_PANEL_READER_ELEMENTS,8,0,260.768,BBOX_GAP_LOWER_BOUND
PAIR-021-064,G021,G064,CROSS_PANEL_READER_ELEMENTS,8,0,234.094,BBOX_GAP_LOWER_BOUND
PAIR-021-065,G021,G065,CROSS_PANEL_READER_ELEMENTS,8,0,219.939,BBOX_GAP_LOWER_BOUND
PAIR-021-066,G021,G066,CROSS_PANEL_READER_ELEMENTS,8,0,231.225,BBOX_GAP_LOWER_BOUND
PAIR-021-067,G021,G067,CROSS_PANEL_READER_ELEMENTS,8,0,231.864,BBOX_GAP_LOWER_BOUND
PAIR-021-068,G021,G068,CROSS_PANEL_READER_ELEMENTS,8,0,225.4,BBOX_GAP_LOWER_BOUND
PAIR-021-069,G021,P1_AXES,TEXT_GRAPHIC,3,0,153.0,RAW_MASK_EXACT_KDTREE
PAIR-021-070,G021,P1_CURVE_MARKERS,TEXT_GRAPHIC,3,0,83.0,RAW_MASK_EXACT_KDTREE
PAIR-021-071,G021,P1_WARMUP_BOUNDARY,TEXT_GRAPHIC,3,0,548.0,BBOX_GAP_LOWER_BOUND
PAIR-021-072,G021,P1_EQ_WARMUP_TOP,TEXT_GRAPHIC,3,0,474.237,BBOX_GAP_LOWER_BOUND
PAIR-021-073,G021,P1_EQ_WARMUP_BOTTOM,TEXT_GRAPHIC,3,0,475.29,BBOX_GAP_LOWER_BOUND
PAIR-021-074,G021,P1_EQ_RETAIN_TOP,SAME_SEMANTIC_PARENT_DESIGN,0,0,91.924,BBOX_GAP_LOWER_BOUND
PAIR-021-075,G021,P1_EQ_RETAIN_BOTTOM,SAME_SEMANTIC_PARENT_DESIGN,0,0,91.0,BBOX_GAP_LOWER_BOUND
PAIR-021-076,G021,P2_AXES,TEXT_GRAPHIC,3,0,291.0,BBOX_GAP_LOWER_BOUND
PAIR-021-077,G021,P2_CURVE_MARKERS,TEXT_GRAPHIC,3,0,360.0,BBOX_GAP_LOWER_BOUND
PAIR-021-078,G021,P2_WARMUP_BOUNDARY,TEXT_GRAPHIC,3,0,619.536,BBOX_GAP_LOWER_BOUND
PAIR-021-079,G021,P2_TARGET_LINE,TEXT_GRAPHIC,3,0,393.0,BBOX_GAP_LOWER_BOUND
PAIR-021-080,G021,P2_YLABEL_OVERLINE,TEXT_GRAPHIC,3,0,1111.443,BBOX_GAP_LOWER_BOUND
PAIR-021-081,G021,P2_TITLE_OVERLINE,TEXT_GRAPHIC,3,0,209.571,BBOX_GAP_LOWER_BOUND
PAIR-021-082,G021,P1_HATCH,TEXT_GRAPHIC,3,0,550.0,BBOX_GAP_LOWER_BOUND
PAIR-021-083,G021,P2_HATCH,TEXT_GRAPHIC,3,0,622.239,BBOX_GAP_LOWER_BOUND
PAIR-022-023,G022,G023,SAME_SEMANTIC_PARENT_DESIGN,0,0,2.0,BBOX_GAP_LOWER_BOUND
PAIR-022-024,G022,G024,TEXT_TEXT_INDEPENDENT,4,0,1025.439,BBOX_GAP_LOWER_BOUND
PAIR-022-025,G022,G025,TEXT_TEXT_INDEPENDENT,4,0,1014.184,BBOX_GAP_LOWER_BOUND
PAIR-022-026,G022,G026,TEXT_TEXT_INDEPENDENT,4,0,317.544,BBOX_GAP_LOWER_BOUND
PAIR-022-027,G022,G027,TEXT_TEXT_INDEPENDENT,4,0,276.219,BBOX_GAP_LOWER_BOUND
PAIR-022-028,G022,G028,TEXT_TEXT_INDEPENDENT,4,0,239.426,BBOX_GAP_LOWER_BOUND
PAIR-022-029,G022,G029,TEXT_TEXT_INDEPENDENT,4,0,225.322,BBOX_GAP_LOWER_BOUND
PAIR-022-030,G022,G030,CROSS_PANEL_READER_ELEMENTS,8,0,988.216,BBOX_GAP_LOWER_BOUND
PAIR-022-031,G022,G031,CROSS_PANEL_READER_ELEMENTS,8,0,805.047,BBOX_GAP_LOWER_BOUND
PAIR-022-032,G022,G032,CROSS_PANEL_READER_ELEMENTS,8,0,632.501,BBOX_GAP_LOWER_BOUND
PAIR-022-033,G022,G033,CROSS_PANEL_READER_ELEMENTS,8,0,622.121,BBOX_GAP_LOWER_BOUND
PAIR-022-034,G022,G034,CROSS_PANEL_READER_ELEMENTS,8,0,553.261,BBOX_GAP_LOWER_BOUND
PAIR-022-035,G022,G035,CROSS_PANEL_READER_ELEMENTS,8,0,553.0,BBOX_GAP_LOWER_BOUND
PAIR-022-036,G022,G036,CROSS_PANEL_READER_ELEMENTS,8,0,602.437,BBOX_GAP_LOWER_BOUND
PAIR-022-037,G022,G037,CROSS_PANEL_READER_ELEMENTS,8,0,610.224,BBOX_GAP_LOWER_BOUND
PAIR-022-038,G022,G038,CROSS_PANEL_READER_ELEMENTS,8,0,1034.826,BBOX_GAP_LOWER_BOUND
PAIR-022-039,G022,G039,CROSS_PANEL_READER_ELEMENTS,8,0,1036.197,BBOX_GAP_LOWER_BOUND
PAIR-022-040,G022,G040,CROSS_PANEL_READER_ELEMENTS,8,0,1008.486,BBOX_GAP_LOWER_BOUND
PAIR-022-041,G022,G041,CROSS_PANEL_READER_ELEMENTS,8,0,1011.725,BBOX_GAP_LOWER_BOUND
PAIR-022-042,G022,G042,CROSS_PANEL_READER_ELEMENTS,8,0,1012.07,BBOX_GAP_LOWER_BOUND
PAIR-022-043,G022,G043,CROSS_PANEL_READER_ELEMENTS,8,0,984.768,BBOX_GAP_LOWER_BOUND
PAIR-022-044,G022,G044,CROSS_PANEL_READER_ELEMENTS,8,0,961.851,BBOX_GAP_LOWER_BOUND
PAIR-022-045,G022,G045,CROSS_PANEL_READER_ELEMENTS,8,0,969.359,BBOX_GAP_LOWER_BOUND
PAIR-022-046,G022,G046,CROSS_PANEL_READER_ELEMENTS,8,0,969.345,BBOX_GAP_LOWER_BOUND
PAIR-022-047,G022,G047,CROSS_PANEL_READER_ELEMENTS,8,0,944.058,BBOX_GAP_LOWER_BOUND
PAIR-022-048,G022,G048,CROSS_PANEL_READER_ELEMENTS,8,0,287.772,BBOX_GAP_LOWER_BOUND
PAIR-022-049,G022,G049,CROSS_PANEL_READER_ELEMENTS,8,0,298.042,BBOX_GAP_LOWER_BOUND
PAIR-022-050,G022,G050,CROSS_PANEL_READER_ELEMENTS,8,0,315.006,BBOX_GAP_LOWER_BOUND
PAIR-022-051,G022,G051,CROSS_PANEL_READER_ELEMENTS,8,0,346.539,BBOX_GAP_LOWER_BOUND
PAIR-022-052,G022,G052,CROSS_PANEL_READER_ELEMENTS,8,0,666.276,BBOX_GAP_LOWER_BOUND
PAIR-022-053,G022,G053,CROSS_PANEL_READER_ELEMENTS,8,0,1134.48,BBOX_GAP_LOWER_BOUND
PAIR-022-054,G022,G054,CROSS_PANEL_READER_ELEMENTS,8,0,1123.271,BBOX_GAP_LOWER_BOUND
PAIR-022-055,G022,G055,CROSS_PANEL_READER_ELEMENTS,8,0,1113.644,BBOX_GAP_LOWER_BOUND
PAIR-022-056,G022,G056,CROSS_PANEL_READER_ELEMENTS,8,0,1095.853,BBOX_GAP_LOWER_BOUND
PAIR-022-057,G022,G057,CROSS_PANEL_READER_ELEMENTS,8,0,498.334,BBOX_GAP_LOWER_BOUND
PAIR-022-058,G022,G058,CROSS_PANEL_READER_ELEMENTS,8,0,456.619,BBOX_GAP_LOWER_BOUND
PAIR-022-059,G022,G059,CROSS_PANEL_READER_ELEMENTS,8,0,418.438,BBOX_GAP_LOWER_BOUND
PAIR-022-060,G022,G060,CROSS_PANEL_READER_ELEMENTS,8,0,380.434,BBOX_GAP_LOWER_BOUND
PAIR-022-061,G022,G061,CROSS_PANEL_READER_ELEMENTS,8,0,343.052,BBOX_GAP_LOWER_BOUND
PAIR-022-062,G022,G062,CROSS_PANEL_READER_ELEMENTS,8,0,306.961,BBOX_GAP_LOWER_BOUND
PAIR-022-063,G022,G063,CROSS_PANEL_READER_ELEMENTS,8,0,274.536,BBOX_GAP_LOWER_BOUND
PAIR-022-064,G022,G064,CROSS_PANEL_READER_ELEMENTS,8,0,246.678,BBOX_GAP_LOWER_BOUND
PAIR-022-065,G022,G065,CROSS_PANEL_READER_ELEMENTS,8,0,230.766,BBOX_GAP_LOWER_BOUND
PAIR-022-066,G022,G066,CROSS_PANEL_READER_ELEMENTS,8,0,240.759,BBOX_GAP_LOWER_BOUND
PAIR-022-067,G022,G067,CROSS_PANEL_READER_ELEMENTS,8,0,240.709,BBOX_GAP_LOWER_BOUND
PAIR-022-068,G022,G068,CROSS_PANEL_READER_ELEMENTS,8,0,233.335,BBOX_GAP_LOWER_BOUND
PAIR-022-069,G022,P1_AXES,TEXT_GRAPHIC,3,0,158.619,RAW_MASK_EXACT_KDTREE
PAIR-022-070,G022,P1_CURVE_MARKERS,TEXT_GRAPHIC,3,0,88.814,RAW_MASK_EXACT_KDTREE
PAIR-022-071,G022,P1_WARMUP_BOUNDARY,TEXT_GRAPHIC,3,0,563.0,BBOX_GAP_LOWER_BOUND
PAIR-022-072,G022,P1_EQ_WARMUP_TOP,TEXT_GRAPHIC,3,0,489.409,BBOX_GAP_LOWER_BOUND
PAIR-022-073,G022,P1_EQ_WARMUP_BOTTOM,TEXT_GRAPHIC,3,0,490.633,BBOX_GAP_LOWER_BOUND
PAIR-022-074,G022,P1_EQ_RETAIN_TOP,SAME_SEMANTIC_PARENT_DESIGN,0,0,106.0,BBOX_GAP_LOWER_BOUND
PAIR-022-075,G022,P1_EQ_RETAIN_BOTTOM,SAME_SEMANTIC_PARENT_DESIGN,0,0,106.0,BBOX_GAP_LOWER_BOUND
PAIR-022-076,G022,P2_AXES,TEXT_GRAPHIC,3,0,296.0,BBOX_GAP_LOWER_BOUND
PAIR-022-077,G022,P2_CURVE_MARKERS,TEXT_GRAPHIC,3,0,365.0,BBOX_GAP_LOWER_BOUND
PAIR-022-078,G022,P2_WARMUP_BOUNDARY,TEXT_GRAPHIC,3,0,635.142,BBOX_GAP_LOWER_BOUND
PAIR-022-079,G022,P2_TARGET_LINE,TEXT_GRAPHIC,3,0,398.0,BBOX_GAP_LOWER_BOUND
PAIR-022-080,G022,P2_YLABEL_OVERLINE,TEXT_GRAPHIC,3,0,1127.247,BBOX_GAP_LOWER_BOUND
PAIR-022-081,G022,P2_TITLE_OVERLINE,TEXT_GRAPHIC,3,0,220.477,BBOX_GAP_LOWER_BOUND
PAIR-022-082,G022,P1_HATCH,TEXT_GRAPHIC,3,0,565.0,BBOX_GAP_LOWER_BOUND
PAIR-022-083,G022,P2_HATCH,TEXT_GRAPHIC,3,0,637.841,BBOX_GAP_LOWER_BOUND
PAIR-023-024,G023,G024,TEXT_TEXT_INDEPENDENT,4,0,1045.402,BBOX_GAP_LOWER_BOUND
PAIR-023-025,G023,G025,TEXT_TEXT_INDEPENDENT,4,0,1034.115,BBOX_GAP_LOWER_BOUND
PAIR-023-026,G023,G026,TEXT_TEXT_INDEPENDENT,4,0,336.681,BBOX_GAP_LOWER_BOUND
PAIR-023-027,G023,G027,TEXT_TEXT_INDEPENDENT,4,0,295.054,BBOX_GAP_LOWER_BOUND
PAIR-023-028,G023,G028,TEXT_TEXT_INDEPENDENT,4,0,257.769,BBOX_GAP_LOWER_BOUND
PAIR-023-029,G023,G029,TEXT_TEXT_INDEPENDENT,4,0,243.824,BBOX_GAP_LOWER_BOUND
PAIR-023-030,G023,G030,CROSS_PANEL_READER_ELEMENTS,8,0,1004.303,BBOX_GAP_LOWER_BOUND
PAIR-023-031,G023,G031,CROSS_PANEL_READER_ELEMENTS,8,0,819.046,BBOX_GAP_LOWER_BOUND
PAIR-023-032,G023,G032,CROSS_PANEL_READER_ELEMENTS,8,0,641.586,BBOX_GAP_LOWER_BOUND
PAIR-023-033,G023,G033,CROSS_PANEL_READER_ELEMENTS,8,0,630.658,BBOX_GAP_LOWER_BOUND
PAIR-023-034,G023,G034,CROSS_PANEL_READER_ELEMENTS,8,0,553.239,BBOX_GAP_LOWER_BOUND
PAIR-023-035,G023,G035,CROSS_PANEL_READER_ELEMENTS,8,0,552.262,BBOX_GAP_LOWER_BOUND
PAIR-023-036,G023,G036,CROSS_PANEL_READER_ELEMENTS,8,0,593.856,BBOX_GAP_LOWER_BOUND
PAIR-023-037,G023,G037,CROSS_PANEL_READER_ELEMENTS,8,0,601.122,BBOX_GAP_LOWER_BOUND
PAIR-023-038,G023,G038,CROSS_PANEL_READER_ELEMENTS,8,0,1052.03,BBOX_GAP_LOWER_BOUND
PAIR-023-039,G023,G039,CROSS_PANEL_READER_ELEMENTS,8,0,1053.169,BBOX_GAP_LOWER_BOUND
PAIR-023-040,G023,G040,CROSS_PANEL_READER_ELEMENTS,8,0,1025.548,BBOX_GAP_LOWER_BOUND
PAIR-023-041,G023,G041,CROSS_PANEL_READER_ELEMENTS,8,0,1029.365,BBOX_GAP_LOWER_BOUND
PAIR-023-042,G023,G042,CROSS_PANEL_READER_ELEMENTS,8,0,1029.489,BBOX_GAP_LOWER_BOUND
PAIR-023-043,G023,G043,CROSS_PANEL_READER_ELEMENTS,8,0,1002.284,BBOX_GAP_LOWER_BOUND
PAIR-023-044,G023,G044,CROSS_PANEL_READER_ELEMENTS,8,0,979.809,BBOX_GAP_LOWER_BOUND
PAIR-023-045,G023,G045,CROSS_PANEL_READER_ELEMENTS,8,0,987.82,BBOX_GAP_LOWER_BOUND
PAIR-023-046,G023,G046,CROSS_PANEL_READER_ELEMENTS,8,0,987.623,BBOX_GAP_LOWER_BOUND
PAIR-023-047,G023,G047,CROSS_PANEL_READER_ELEMENTS,8,0,962.444,BBOX_GAP_LOWER_BOUND
PAIR-023-048,G023,G048,CROSS_PANEL_READER_ELEMENTS,8,0,282.028,BBOX_GAP_LOWER_BOUND
PAIR-023-049,G023,G049,CROSS_PANEL_READER_ELEMENTS,8,0,290.303,BBOX_GAP_LOWER_BOUND
PAIR-023-050,G023,G050,CROSS_PANEL_READER_ELEMENTS,8,0,305.084,BBOX_GAP_LOWER_BOUND
PAIR-023-051,G023,G051,CROSS_PANEL_READER_ELEMENTS,8,0,334.55,BBOX_GAP_LOWER_BOUND
PAIR-023-052,G023,G052,CROSS_PANEL_READER_ELEMENTS,8,0,673.665,BBOX_GAP_LOWER_BOUND
PAIR-023-053,G023,G053,CROSS_PANEL_READER_ELEMENTS,8,0,1152.878,BBOX_GAP_LOWER_BOUND
PAIR-023-054,G023,G054,CROSS_PANEL_READER_ELEMENTS,8,0,1141.501,BBOX_GAP_LOWER_BOUND
PAIR-023-055,G023,G055,CROSS_PANEL_READER_ELEMENTS,8,0,1131.813,BBOX_GAP_LOWER_BOUND
PAIR-023-056,G023,G056,CROSS_PANEL_READER_ELEMENTS,8,0,1113.992,BBOX_GAP_LOWER_BOUND
PAIR-023-057,G023,G057,CROSS_PANEL_READER_ELEMENTS,8,0,516.31,BBOX_GAP_LOWER_BOUND
PAIR-023-058,G023,G058,CROSS_PANEL_READER_ELEMENTS,8,0,474.236,BBOX_GAP_LOWER_BOUND
PAIR-023-059,G023,G059,CROSS_PANEL_READER_ELEMENTS,8,0,435.625,BBOX_GAP_LOWER_BOUND
PAIR-023-060,G023,G060,CROSS_PANEL_READER_ELEMENTS,8,0,397.05,BBOX_GAP_LOWER_BOUND
PAIR-023-061,G023,G061,CROSS_PANEL_READER_ELEMENTS,8,0,358.893,BBOX_GAP_LOWER_BOUND
PAIR-023-062,G023,G062,CROSS_PANEL_READER_ELEMENTS,8,0,321.72,BBOX_GAP_LOWER_BOUND
PAIR-023-063,G023,G063,CROSS_PANEL_READER_ELEMENTS,8,0,287.835,BBOX_GAP_LOWER_BOUND
PAIR-023-064,G023,G064,CROSS_PANEL_READER_ELEMENTS,8,0,258.01,BBOX_GAP_LOWER_BOUND
PAIR-023-065,G023,G065,CROSS_PANEL_READER_ELEMENTS,8,0,239.416,BBOX_GAP_LOWER_BOUND
PAIR-023-066,G023,G066,CROSS_PANEL_READER_ELEMENTS,8,0,247.455,BBOX_GAP_LOWER_BOUND
PAIR-023-067,G023,G067,CROSS_PANEL_READER_ELEMENTS,8,0,246.418,BBOX_GAP_LOWER_BOUND
PAIR-023-068,G023,G068,CROSS_PANEL_READER_ELEMENTS,8,0,237.807,BBOX_GAP_LOWER_BOUND
PAIR-023-069,G023,P1_AXES,TEXT_GRAPHIC,3,0,162.265,RAW_MASK_EXACT_KDTREE
PAIR-023-070,G023,P1_CURVE_MARKERS,TEXT_GRAPHIC,3,0,95.079,RAW_MASK_EXACT_KDTREE
PAIR-023-071,G023,P1_WARMUP_BOUNDARY,TEXT_GRAPHIC,3,0,583.0,BBOX_GAP_LOWER_BOUND
PAIR-023-072,G023,P1_EQ_WARMUP_TOP,TEXT_GRAPHIC,3,0,509.354,BBOX_GAP_LOWER_BOUND
PAIR-023-073,G023,P1_EQ_WARMUP_BOTTOM,TEXT_GRAPHIC,3,0,510.492,BBOX_GAP_LOWER_BOUND
PAIR-023-074,G023,P1_EQ_RETAIN_TOP,SAME_SEMANTIC_PARENT_DESIGN,0,0,126.0,BBOX_GAP_LOWER_BOUND
PAIR-023-075,G023,P1_EQ_RETAIN_BOTTOM,SAME_SEMANTIC_PARENT_DESIGN,0,0,126.0,BBOX_GAP_LOWER_BOUND
PAIR-023-076,G023,P2_AXES,TEXT_GRAPHIC,3,0,295.0,BBOX_GAP_LOWER_BOUND
PAIR-023-077,G023,P2_CURVE_MARKERS,TEXT_GRAPHIC,3,0,364.0,BBOX_GAP_LOWER_BOUND
PAIR-023-078,G023,P2_WARMUP_BOUNDARY,TEXT_GRAPHIC,3,0,652.486,BBOX_GAP_LOWER_BOUND
PAIR-023-079,G023,P2_TARGET_LINE,TEXT_GRAPHIC,3,0,397.0,BBOX_GAP_LOWER_BOUND
PAIR-023-080,G023,P2_YLABEL_OVERLINE,TEXT_GRAPHIC,3,0,1145.7,BBOX_GAP_LOWER_BOUND
PAIR-023-081,G023,P2_TITLE_OVERLINE,TEXT_GRAPHIC,3,0,229.297,BBOX_GAP_LOWER_BOUND
PAIR-023-082,G023,P1_HATCH,TEXT_GRAPHIC,3,0,585.0,BBOX_GAP_LOWER_BOUND
PAIR-023-083,G023,P2_HATCH,TEXT_GRAPHIC,3,0,655.172,BBOX_GAP_LOWER_BOUND
PAIR-024-025,G024,G025,SAME_SEMANTIC_PARENT_DESIGN,0,0,2.0,BBOX_GAP_LOWER_BOUND
PAIR-024-026,G024,G026,TEXT_TEXT_INDEPENDENT,4,0,695.588,BBOX_GAP_LOWER_BOUND
PAIR-024-027,G024,G027,TEXT_TEXT_INDEPENDENT,4,0,739.784,BBOX_GAP_LOWER_BOUND
PAIR-024-028,G024,G028,TEXT_TEXT_INDEPENDENT,4,0,793.29,BBOX_GAP_LOWER_BOUND
PAIR-024-029,G024,G029,TEXT_TEXT_INDEPENDENT,4,0,820.907,BBOX_GAP_LOWER_BOUND
PAIR-024-030,G024,G030,CROSS_PANEL_READER_ELEMENTS,8,0,529.068,BBOX_GAP_LOWER_BOUND
PAIR-024-031,G024,G031,CROSS_PANEL_READER_ELEMENTS,8,0,648.84,BBOX_GAP_LOWER_BOUND
PAIR-024-032,G024,G032,CROSS_PANEL_READER_ELEMENTS,8,0,859.456,BBOX_GAP_LOWER_BOUND
PAIR-024-033,G024,G033,CROSS_PANEL_READER_ELEMENTS,8,0,874.261,BBOX_GAP_LOWER_BOUND
PAIR-024-034,G024,G034,CROSS_PANEL_READER_ELEMENTS,8,0,1109.543,BBOX_GAP_LOWER_BOUND
PAIR-024-035,G024,G035,CROSS_PANEL_READER_ELEMENTS,8,0,1125.697,BBOX_GAP_LOWER_BOUND
PAIR-024-036,G024,G036,CROSS_PANEL_READER_ELEMENTS,8,0,1373.526,BBOX_GAP_LOWER_BOUND
PAIR-024-037,G024,G037,CROSS_PANEL_READER_ELEMENTS,8,0,1391.276,BBOX_GAP_LOWER_BOUND
PAIR-024-038,G024,G038,CROSS_PANEL_READER_ELEMENTS,8,0,440.275,BBOX_GAP_LOWER_BOUND
PAIR-024-039,G024,G039,CROSS_PANEL_READER_ELEMENTS,8,0,464.961,BBOX_GAP_LOWER_BOUND
PAIR-024-040,G024,G040,CROSS_PANEL_READER_ELEMENTS,8,0,447.121,BBOX_GAP_LOWER_BOUND
PAIR-024-041,G024,G041,CROSS_PANEL_READER_ELEMENTS,8,0,390.749,BBOX_GAP_LOWER_BOUND
PAIR-024-042,G024,G042,CROSS_PANEL_READER_ELEMENTS,8,0,415.8,BBOX_GAP_LOWER_BOUND
PAIR-024-043,G024,G043,CROSS_PANEL_READER_ELEMENTS,8,0,398.447,BBOX_GAP_LOWER_BOUND
PAIR-024-044,G024,G044,CROSS_PANEL_READER_ELEMENTS,8,0,349.503,BBOX_GAP_LOWER_BOUND
PAIR-024-045,G024,G045,CROSS_PANEL_READER_ELEMENTS,8,0,290.663,BBOX_GAP_LOWER_BOUND
PAIR-024-046,G024,G046,CROSS_PANEL_READER_ELEMENTS,8,0,317.355,BBOX_GAP_LOWER_BOUND
PAIR-024-047,G024,G047,CROSS_PANEL_READER_ELEMENTS,8,0,302.424,BBOX_GAP_LOWER_BOUND
PAIR-024-048,G024,G048,CROSS_PANEL_READER_ELEMENTS,8,0,1141.81,BBOX_GAP_LOWER_BOUND
PAIR-024-049,G024,G049,CROSS_PANEL_READER_ELEMENTS,8,0,1173.243,BBOX_GAP_LOWER_BOUND
PAIR-024-050,G024,G050,CROSS_PANEL_READER_ELEMENTS,8,0,1212.575,BBOX_GAP_LOWER_BOUND
PAIR-024-051,G024,G051,CROSS_PANEL_READER_ELEMENTS,8,0,1262.845,BBOX_GAP_LOWER_BOUND
PAIR-024-052,G024,G052,CROSS_PANEL_READER_ELEMENTS,8,0,925.222,BBOX_GAP_LOWER_BOUND
PAIR-024-053,G024,G053,CROSS_PANEL_READER_ELEMENTS,8,0,339.119,BBOX_GAP_LOWER_BOUND
PAIR-024-054,G024,G054,CROSS_PANEL_READER_ELEMENTS,8,0,357.0,BBOX_GAP_LOWER_BOUND
PAIR-024-055,G024,G055,CROSS_PANEL_READER_ELEMENTS,8,0,361.0,BBOX_GAP_LOWER_BOUND
PAIR-024-056,G024,G056,CROSS_PANEL_READER_ELEMENTS,8,0,358.006,BBOX_GAP_LOWER_BOUND
PAIR-024-057,G024,G057,CROSS_PANEL_READER_ELEMENTS,8,0,544.57,BBOX_GAP_LOWER_BOUND
PAIR-024-058,G024,G058,CROSS_PANEL_READER_ELEMENTS,8,0,591.064,BBOX_GAP_LOWER_BOUND
PAIR-024-059,G024,G059,CROSS_PANEL_READER_ELEMENTS,8,0,630.956,BBOX_GAP_LOWER_BOUND
PAIR-024-060,G024,G060,CROSS_PANEL_READER_ELEMENTS,8,0,674.893,BBOX_GAP_LOWER_BOUND
PAIR-024-061,G024,G061,CROSS_PANEL_READER_ELEMENTS,8,0,719.942,BBOX_GAP_LOWER_BOUND
PAIR-024-062,G024,G062,CROSS_PANEL_READER_ELEMENTS,8,0,763.139,BBOX_GAP_LOWER_BOUND
PAIR-024-063,G024,G063,CROSS_PANEL_READER_ELEMENTS,8,0,808.392,BBOX_GAP_LOWER_BOUND
PAIR-024-064,G024,G064,CROSS_PANEL_READER_ELEMENTS,8,0,850.766,BBOX_GAP_LOWER_BOUND
PAIR-024-065,G024,G065,CROSS_PANEL_READER_ELEMENTS,8,0,906.005,BBOX_GAP_LOWER_BOUND
PAIR-024-066,G024,G066,CROSS_PANEL_READER_ELEMENTS,8,0,941.746,BBOX_GAP_LOWER_BOUND
PAIR-024-067,G024,G067,CROSS_PANEL_READER_ELEMENTS,8,0,964.106,BBOX_GAP_LOWER_BOUND
PAIR-024-068,G024,G068,CROSS_PANEL_READER_ELEMENTS,8,0,975.402,BBOX_GAP_LOWER_BOUND
PAIR-024-069,G024,P1_AXES,TEXT_GRAPHIC,3,0,160.0,BBOX_GAP_LOWER_BOUND
PAIR-024-070,G024,P1_CURVE_MARKERS,TEXT_GRAPHIC,3,0,190.0,BBOX_GAP_LOWER_BOUND
PAIR-024-071,G024,P1_WARMUP_BOUNDARY,TEXT_GRAPHIC,3,0,458.0,BBOX_GAP_LOWER_BOUND
PAIR-024-072,G024,P1_EQ_WARMUP_TOP,TEXT_GRAPHIC,3,0,513.035,BBOX_GAP_LOWER_BOUND
PAIR-024-073,G024,P1_EQ_WARMUP_BOTTOM,TEXT_GRAPHIC,3,0,513.0,BBOX_GAP_LOWER_BOUND
PAIR-024-074,G024,P1_EQ_RETAIN_TOP,TEXT_GRAPHIC,3,0,897.285,BBOX_GAP_LOWER_BOUND
PAIR-024-075,G024,P1_EQ_RETAIN_BOTTOM,TEXT_GRAPHIC,3,0,896.469,BBOX_GAP_LOWER_BOUND
PAIR-024-076,G024,P2_AXES,TEXT_GRAPHIC,3,0,285.125,BBOX_GAP_LOWER_BOUND
PAIR-024-077,G024,P2_CURVE_MARKERS,TEXT_GRAPHIC,3,0,568.705,BBOX_GAP_LOWER_BOUND
PAIR-024-078,G024,P2_WARMUP_BOUNDARY,TEXT_GRAPHIC,3,0,514.315,BBOX_GAP_LOWER_BOUND
PAIR-024-079,G024,P2_TARGET_LINE,TEXT_GRAPHIC,3,0,570.022,BBOX_GAP_LOWER_BOUND
PAIR-024-080,G024,P2_YLABEL_OVERLINE,TEXT_GRAPHIC,3,0,329.038,BBOX_GAP_LOWER_BOUND
PAIR-024-081,G024,P2_TITLE_OVERLINE,TEXT_GRAPHIC,3,0,904.436,BBOX_GAP_LOWER_BOUND
PAIR-024-082,G024,P1_HATCH,TEXT_GRAPHIC,3,0,199.0,BBOX_GAP_LOWER_BOUND
PAIR-024-083,G024,P2_HATCH,TEXT_GRAPHIC,3,0,308.702,BBOX_GAP_LOWER_BOUND
PAIR-025-026,G025,G026,TEXT_TEXT_INDEPENDENT,4,0,688.323,BBOX_GAP_LOWER_BOUND
PAIR-025-027,G025,G027,TEXT_TEXT_INDEPENDENT,4,0,732.247,BBOX_GAP_LOWER_BOUND
PAIR-025-028,G025,G028,TEXT_TEXT_INDEPENDENT,4,0,785.514,BBOX_GAP_LOWER_BOUND
PAIR-025-029,G025,G029,TEXT_TEXT_INDEPENDENT,4,0,812.719,BBOX_GAP_LOWER_BOUND
PAIR-025-030,G025,G030,CROSS_PANEL_READER_ELEMENTS,8,0,515.45,BBOX_GAP_LOWER_BOUND
PAIR-025-031,G025,G031,CROSS_PANEL_READER_ELEMENTS,8,0,633.439,BBOX_GAP_LOWER_BOUND
PAIR-025-032,G025,G032,CROSS_PANEL_READER_ELEMENTS,8,0,843.892,BBOX_GAP_LOWER_BOUND
PAIR-025-033,G025,G033,CROSS_PANEL_READER_ELEMENTS,8,0,858.714,BBOX_GAP_LOWER_BOUND
PAIR-025-034,G025,G034,CROSS_PANEL_READER_ELEMENTS,8,0,1094.355,BBOX_GAP_LOWER_BOUND
PAIR-025-035,G025,G035,CROSS_PANEL_READER_ELEMENTS,8,0,1110.535,BBOX_GAP_LOWER_BOUND
PAIR-025-036,G025,G036,CROSS_PANEL_READER_ELEMENTS,8,0,1358.745,BBOX_GAP_LOWER_BOUND
PAIR-025-037,G025,G037,CROSS_PANEL_READER_ELEMENTS,8,0,1376.521,BBOX_GAP_LOWER_BOUND
PAIR-025-038,G025,G038,CROSS_PANEL_READER_ELEMENTS,8,0,427.937,BBOX_GAP_LOWER_BOUND
PAIR-025-039,G025,G039,CROSS_PANEL_READER_ELEMENTS,8,0,452.355,BBOX_GAP_LOWER_BOUND
PAIR-025-040,G025,G040,CROSS_PANEL_READER_ELEMENTS,8,0,434.232,BBOX_GAP_LOWER_BOUND
PAIR-025-041,G025,G041,CROSS_PANEL_READER_ELEMENTS,8,0,378.144,BBOX_GAP_LOWER_BOUND
PAIR-025-042,G025,G042,CROSS_PANEL_READER_ELEMENTS,8,0,402.922,BBOX_GAP_LOWER_BOUND
PAIR-025-043,G025,G043,CROSS_PANEL_READER_ELEMENTS,8,0,385.253,BBOX_GAP_LOWER_BOUND
PAIR-025-044,G025,G044,CROSS_PANEL_READER_ELEMENTS,8,0,335.935,BBOX_GAP_LOWER_BOUND
PAIR-025-045,G025,G045,CROSS_PANEL_READER_ELEMENTS,8,0,277.346,BBOX_GAP_LOWER_BOUND
PAIR-025-046,G025,G046,CROSS_PANEL_READER_ELEMENTS,8,0,303.727,BBOX_GAP_LOWER_BOUND
PAIR-025-047,G025,G047,CROSS_PANEL_READER_ELEMENTS,8,0,288.361,BBOX_GAP_LOWER_BOUND
PAIR-025-048,G025,G048,CROSS_PANEL_READER_ELEMENTS,8,0,1128.153,BBOX_GAP_LOWER_BOUND
PAIR-025-049,G025,G049,CROSS_PANEL_READER_ELEMENTS,8,0,1159.625,BBOX_GAP_LOWER_BOUND
PAIR-025-050,G025,G050,CROSS_PANEL_READER_ELEMENTS,8,0,1199.004,BBOX_GAP_LOWER_BOUND
PAIR-025-051,G025,G051,CROSS_PANEL_READER_ELEMENTS,8,0,1249.292,BBOX_GAP_LOWER_BOUND
PAIR-025-052,G025,G052,CROSS_PANEL_READER_ELEMENTS,8,0,909.628,BBOX_GAP_LOWER_BOUND
PAIR-025-053,G025,G053,CROSS_PANEL_READER_ELEMENTS,8,0,331.303,BBOX_GAP_LOWER_BOUND
PAIR-025-054,G025,G054,CROSS_PANEL_READER_ELEMENTS,8,0,347.576,BBOX_GAP_LOWER_BOUND
PAIR-025-055,G025,G055,CROSS_PANEL_READER_ELEMENTS,8,0,351.091,BBOX_GAP_LOWER_BOUND
PAIR-025-056,G025,G056,CROSS_PANEL_READER_ELEMENTS,8,0,348.0,BBOX_GAP_LOWER_BOUND
PAIR-025-057,G025,G057,CROSS_PANEL_READER_ELEMENTS,8,0,530.431,BBOX_GAP_LOWER_BOUND
PAIR-025-058,G025,G058,CROSS_PANEL_READER_ELEMENTS,8,0,577.066,BBOX_GAP_LOWER_BOUND
PAIR-025-059,G025,G059,CROSS_PANEL_READER_ELEMENTS,8,0,617.066,BBOX_GAP_LOWER_BOUND
PAIR-025-060,G025,G060,CROSS_PANEL_READER_ELEMENTS,8,0,661.109,BBOX_GAP_LOWER_BOUND
PAIR-025-061,G025,G061,CROSS_PANEL_READER_ELEMENTS,8,0,706.256,BBOX_GAP_LOWER_BOUND
PAIR-025-062,G025,G062,CROSS_PANEL_READER_ELEMENTS,8,0,749.537,BBOX_GAP_LOWER_BOUND
PAIR-025-063,G025,G063,CROSS_PANEL_READER_ELEMENTS,8,0,794.869,BBOX_GAP_LOWER_BOUND
PAIR-025-064,G025,G064,CROSS_PANEL_READER_ELEMENTS,8,0,837.311,BBOX_GAP_LOWER_BOUND
PAIR-025-065,G025,G065,CROSS_PANEL_READER_ELEMENTS,8,0,892.577,BBOX_GAP_LOWER_BOUND
PAIR-025-066,G025,G066,CROSS_PANEL_READER_ELEMENTS,8,0,928.203,BBOX_GAP_LOWER_BOUND
PAIR-025-067,G025,G067,CROSS_PANEL_READER_ELEMENTS,8,0,950.562,BBOX_GAP_LOWER_BOUND
PAIR-025-068,G025,G068,CROSS_PANEL_READER_ELEMENTS,8,0,961.899,BBOX_GAP_LOWER_BOUND
PAIR-025-069,G025,P1_AXES,TEXT_GRAPHIC,3,0,148.0,BBOX_GAP_LOWER_BOUND
PAIR-025-070,G025,P1_CURVE_MARKERS,TEXT_GRAPHIC,3,0,178.0,BBOX_GAP_LOWER_BOUND
PAIR-025-071,G025,P1_WARMUP_BOUNDARY,TEXT_GRAPHIC,3,0,446.0,BBOX_GAP_LOWER_BOUND
PAIR-025-072,G025,P1_EQ_WARMUP_TOP,TEXT_GRAPHIC,3,0,501.623,BBOX_GAP_LOWER_BOUND
PAIR-025-073,G025,P1_EQ_WARMUP_BOTTOM,TEXT_GRAPHIC,3,0,501.036,BBOX_GAP_LOWER_BOUND
PAIR-025-074,G025,P1_EQ_RETAIN_TOP,TEXT_GRAPHIC,3,0,886.535,BBOX_GAP_LOWER_BOUND
PAIR-025-075,G025,P1_EQ_RETAIN_BOTTOM,TEXT_GRAPHIC,3,0,885.302,BBOX_GAP_LOWER_BOUND
PAIR-025-076,G025,P2_AXES,TEXT_GRAPHIC,3,0,270.148,BBOX_GAP_LOWER_BOUND
PAIR-025-077,G025,P2_CURVE_MARKERS,TEXT_GRAPHIC,3,0,553.217,BBOX_GAP_LOWER_BOUND
PAIR-025-078,G025,P2_WARMUP_BOUNDARY,TEXT_GRAPHIC,3,0,499.091,BBOX_GAP_LOWER_BOUND
PAIR-025-079,G025,P2_TARGET_LINE,TEXT_GRAPHIC,3,0,554.43,BBOX_GAP_LOWER_BOUND
PAIR-025-080,G025,P2_YLABEL_OVERLINE,TEXT_GRAPHIC,3,0,320.914,BBOX_GAP_LOWER_BOUND
PAIR-025-081,G025,P2_TITLE_OVERLINE,TEXT_GRAPHIC,3,0,891.097,BBOX_GAP_LOWER_BOUND
PAIR-025-082,G025,P1_HATCH,TEXT_GRAPHIC,3,0,187.0,BBOX_GAP_LOWER_BOUND
PAIR-025-083,G025,P2_HATCH,TEXT_GRAPHIC,3,0,293.334,BBOX_GAP_LOWER_BOUND
PAIR-026-027,G026,G027,SAME_SEMANTIC_PARENT_DESIGN,0,0,2.0,BBOX_GAP_LOWER_BOUND
PAIR-026-028,G026,G028,SAME_SEMANTIC_PARENT_DESIGN,0,0,56.0,BBOX_GAP_LOWER_BOUND
PAIR-026-029,G026,G029,SAME_SEMANTIC_PARENT_DESIGN,0,0,86.0,BBOX_GAP_LOWER_BOUND
PAIR-026-030,G026,G030,CROSS_PANEL_READER_ELEMENTS,8,0,823.411,BBOX_GAP_LOWER_BOUND
PAIR-026-031,G026,G031,CROSS_PANEL_READER_ELEMENTS,8,0,714.513,BBOX_GAP_LOWER_BOUND
PAIR-026-032,G026,G032,CROSS_PANEL_READER_ELEMENTS,8,0,674.0,BBOX_GAP_LOWER_BOUND
PAIR-026-033,G026,G033,CROSS_PANEL_READER_ELEMENTS,8,0,674.0,BBOX_GAP_LOWER_BOUND
PAIR-026-034,G026,G034,CROSS_PANEL_READER_ELEMENTS,8,0,726.815,BBOX_GAP_LOWER_BOUND
PAIR-026-035,G026,G035,CROSS_PANEL_READER_ELEMENTS,8,0,733.741,BBOX_GAP_LOWER_BOUND
PAIR-026-036,G026,G036,CROSS_PANEL_READER_ELEMENTS,8,0,876.285,BBOX_GAP_LOWER_BOUND
PAIR-026-037,G026,G037,CROSS_PANEL_READER_ELEMENTS,8,0,888.548,BBOX_GAP_LOWER_BOUND
PAIR-026-038,G026,G038,CROSS_PANEL_READER_ELEMENTS,8,0,832.139,BBOX_GAP_LOWER_BOUND
PAIR-026-039,G026,G039,CROSS_PANEL_READER_ELEMENTS,8,0,841.01,BBOX_GAP_LOWER_BOUND
PAIR-026-040,G026,G040,CROSS_PANEL_READER_ELEMENTS,8,0,812.032,BBOX_GAP_LOWER_BOUND
PAIR-026-041,G026,G041,CROSS_PANEL_READER_ELEMENTS,8,0,795.511,BBOX_GAP_LOWER_BOUND
PAIR-026-042,G026,G042,CROSS_PANEL_READER_ELEMENTS,8,0,803.453,BBOX_GAP_LOWER_BOUND
PAIR-026-043,G026,G043,CROSS_PANEL_READER_ELEMENTS,8,0,774.453,BBOX_GAP_LOWER_BOUND
PAIR-026-044,G026,G044,CROSS_PANEL_READER_ELEMENTS,8,0,737.071,BBOX_GAP_LOWER_BOUND
PAIR-026-045,G026,G045,CROSS_PANEL_READER_ELEMENTS,8,0,724.652,BBOX_GAP_LOWER_BOUND
PAIR-026-046,G026,G046,CROSS_PANEL_READER_ELEMENTS,8,0,731.923,BBOX_GAP_LOWER_BOUND
PAIR-026-047,G026,G047,CROSS_PANEL_READER_ELEMENTS,8,0,703.842,BBOX_GAP_LOWER_BOUND
PAIR-026-048,G026,G048,CROSS_PANEL_READER_ELEMENTS,8,0,563.565,BBOX_GAP_LOWER_BOUND
PAIR-026-049,G026,G049,CROSS_PANEL_READER_ELEMENTS,8,0,586.656,BBOX_GAP_LOWER_BOUND
PAIR-026-050,G026,G050,CROSS_PANEL_READER_ELEMENTS,8,0,616.64,BBOX_GAP_LOWER_BOUND
PAIR-026-051,G026,G051,CROSS_PANEL_READER_ELEMENTS,8,0,659.285,BBOX_GAP_LOWER_BOUND
PAIR-026-052,G026,G052,CROSS_PANEL_READER_ELEMENTS,8,0,731.331,BBOX_GAP_LOWER_BOUND
PAIR-026-053,G026,G053,CROSS_PANEL_READER_ELEMENTS,8,0,884.905,BBOX_GAP_LOWER_BOUND
PAIR-026-054,G026,G054,CROSS_PANEL_READER_ELEMENTS,8,0,880.485,BBOX_GAP_LOWER_BOUND
PAIR-026-055,G026,G055,CROSS_PANEL_READER_ELEMENTS,8,0,873.492,BBOX_GAP_LOWER_BOUND
PAIR-026-056,G026,G056,CROSS_PANEL_READER_ELEMENTS,8,0,857.56,BBOX_GAP_LOWER_BOUND
PAIR-026-057,G026,G057,CROSS_PANEL_READER_ELEMENTS,8,0,340.27,BBOX_GAP_LOWER_BOUND
PAIR-026-058,G026,G058,CROSS_PANEL_READER_ELEMENTS,8,0,328.299,BBOX_GAP_LOWER_BOUND
PAIR-026-059,G026,G059,CROSS_PANEL_READER_ELEMENTS,8,0,322.684,BBOX_GAP_LOWER_BOUND
PAIR-026-060,G026,G060,CROSS_PANEL_READER_ELEMENTS,8,0,322.0,BBOX_GAP_LOWER_BOUND
PAIR-026-061,G026,G061,CROSS_PANEL_READER_ELEMENTS,8,0,322.0,BBOX_GAP_LOWER_BOUND
PAIR-026-062,G026,G062,CROSS_PANEL_READER_ELEMENTS,8,0,323.215,BBOX_GAP_LOWER_BOUND
PAIR-026-063,G026,G063,CROSS_PANEL_READER_ELEMENTS,8,0,330.394,BBOX_GAP_LOWER_BOUND
PAIR-026-064,G026,G064,CROSS_PANEL_READER_ELEMENTS,8,0,342.597,BBOX_GAP_LOWER_BOUND
PAIR-026-065,G026,G065,CROSS_PANEL_READER_ELEMENTS,8,0,370.362,BBOX_GAP_LOWER_BOUND
PAIR-026-066,G026,G066,CROSS_PANEL_READER_ELEMENTS,8,0,403.031,BBOX_GAP_LOWER_BOUND
PAIR-026-067,G026,G067,CROSS_PANEL_READER_ELEMENTS,8,0,418.007,BBOX_GAP_LOWER_BOUND
PAIR-026-068,G026,G068,CROSS_PANEL_READER_ELEMENTS,8,0,422.167,BBOX_GAP_LOWER_BOUND
PAIR-026-069,G026,P1_AXES,TEXT_GRAPHIC,3,0,55.0,BBOX_GAP_LOWER_BOUND
PAIR-026-070,G026,P1_CURVE_MARKERS,TEXT_GRAPHIC,3,0,67.0,BBOX_GAP_LOWER_BOUND
PAIR-026-071,G026,P1_WARMUP_BOUNDARY,TEXT_GRAPHIC,3,0,223.379,BBOX_GAP_LOWER_BOUND
PAIR-026-072,G026,P1_EQ_WARMUP_TOP,TEXT_GRAPHIC,3,0,200.823,BBOX_GAP_LOWER_BOUND
PAIR-026-073,G026,P1_EQ_WARMUP_BOTTOM,TEXT_GRAPHIC,3,0,215.337,BBOX_GAP_LOWER_BOUND
PAIR-026-074,G026,P1_EQ_RETAIN_TOP,TEXT_GRAPHIC,3,0,200.192,BBOX_GAP_LOWER_BOUND
PAIR-026-075,G026,P1_EQ_RETAIN_BOTTOM,TEXT_GRAPHIC,3,0,210.801,BBOX_GAP_LOWER_BOUND
PAIR-026-076,G026,P2_AXES,TEXT_GRAPHIC,3,0,417.0,BBOX_GAP_LOWER_BOUND
PAIR-026-077,G026,P2_CURVE_MARKERS,TEXT_GRAPHIC,3,0,486.0,BBOX_GAP_LOWER_BOUND
PAIR-026-078,G026,P2_WARMUP_BOUNDARY,TEXT_GRAPHIC,3,0,468.31,BBOX_GAP_LOWER_BOUND
PAIR-026-079,G026,P2_TARGET_LINE,TEXT_GRAPHIC,3,0,519.0,BBOX_GAP_LOWER_BOUND
PAIR-026-080,G026,P2_YLABEL_OVERLINE,TEXT_GRAPHIC,3,0,875.81,BBOX_GAP_LOWER_BOUND
PAIR-026-081,G026,P2_TITLE_OVERLINE,TEXT_GRAPHIC,3,0,361.536,BBOX_GAP_LOWER_BOUND
PAIR-026-082,G026,P1_HATCH,TEXT_GRAPHIC,3,0,225.801,BBOX_GAP_LOWER_BOUND
PAIR-026-083,G026,P2_HATCH,TEXT_GRAPHIC,3,0,471.01,BBOX_GAP_LOWER_BOUND
PAIR-027-028,G027,G028,SAME_SEMANTIC_PARENT_DESIGN,0,0,12.0,BBOX_GAP_LOWER_BOUND
PAIR-027-029,G027,G029,SAME_SEMANTIC_PARENT_DESIGN,0,0,42.0,BBOX_GAP_LOWER_BOUND
PAIR-027-030,G027,G030,CROSS_PANEL_READER_ELEMENTS,8,0,850.852,BBOX_GAP_LOWER_BOUND
PAIR-027-031,G027,G031,CROSS_PANEL_READER_ELEMENTS,8,0,731.779,BBOX_GAP_LOWER_BOUND
PAIR-027-032,G027,G032,CROSS_PANEL_READER_ELEMENTS,8,0,675.027,BBOX_GAP_LOWER_BOUND
PAIR-027-033,G027,G033,CROSS_PANEL_READER_ELEMENTS,8,0,675.0,BBOX_GAP_LOWER_BOUND
PAIR-027-034,G027,G034,CROSS_PANEL_READER_ELEMENTS,8,0,712.467,BBOX_GAP_LOWER_BOUND
PAIR-027-035,G027,G035,CROSS_PANEL_READER_ELEMENTS,8,0,718.43,BBOX_GAP_LOWER_BOUND
PAIR-027-036,G027,G036,CROSS_PANEL_READER_ELEMENTS,8,0,849.636,BBOX_GAP_LOWER_BOUND
PAIR-027-037,G027,G037,CROSS_PANEL_READER_ELEMENTS,8,0,861.307,BBOX_GAP_LOWER_BOUND
PAIR-027-038,G027,G038,CROSS_PANEL_READER_ELEMENTS,8,0,864.084,BBOX_GAP_LOWER_BOUND
PAIR-027-039,G027,G039,CROSS_PANEL_READER_ELEMENTS,8,0,872.138,BBOX_GAP_LOWER_BOUND
PAIR-027-040,G027,G040,CROSS_PANEL_READER_ELEMENTS,8,0,843.138,BBOX_GAP_LOWER_BOUND
PAIR-027-041,G027,G041,CROSS_PANEL_READER_ELEMENTS,8,0,828.807,BBOX_GAP_LOWER_BOUND
PAIR-027-042,G027,G042,CROSS_PANEL_READER_ELEMENTS,8,0,835.92,BBOX_GAP_LOWER_BOUND
PAIR-027-043,G027,G043,CROSS_PANEL_READER_ELEMENTS,8,0,806.945,BBOX_GAP_LOWER_BOUND
PAIR-027-044,G027,G044,CROSS_PANEL_READER_ELEMENTS,8,0,771.015,BBOX_GAP_LOWER_BOUND
PAIR-027-045,G027,G045,CROSS_PANEL_READER_ELEMENTS,8,0,760.8,BBOX_GAP_LOWER_BOUND
PAIR-027-046,G027,G046,CROSS_PANEL_READER_ELEMENTS,8,0,767.287,BBOX_GAP_LOWER_BOUND
PAIR-027-047,G027,G047,CROSS_PANEL_READER_ELEMENTS,8,0,739.365,BBOX_GAP_LOWER_BOUND
PAIR-027-048,G027,G048,CROSS_PANEL_READER_ELEMENTS,8,0,534.066,BBOX_GAP_LOWER_BOUND
PAIR-027-049,G027,G049,CROSS_PANEL_READER_ELEMENTS,8,0,555.851,BBOX_GAP_LOWER_BOUND
PAIR-027-050,G027,G050,CROSS_PANEL_READER_ELEMENTS,8,0,584.406,BBOX_GAP_LOWER_BOUND
PAIR-027-051,G027,G051,CROSS_PANEL_READER_ELEMENTS,8,0,625.743,BBOX_GAP_LOWER_BOUND
PAIR-027-052,G027,G052,CROSS_PANEL_READER_ELEMENTS,8,0,732.0,BBOX_GAP_LOWER_BOUND
PAIR-027-053,G027,G053,CROSS_PANEL_READER_ELEMENTS,8,0,922.259,BBOX_GAP_LOWER_BOUND
PAIR-027-054,G027,G054,CROSS_PANEL_READER_ELEMENTS,8,0,917.107,BBOX_GAP_LOWER_BOUND
PAIR-027-055,G027,G055,CROSS_PANEL_READER_ELEMENTS,8,0,909.807,BBOX_GAP_LOWER_BOUND
PAIR-027-056,G027,G056,CROSS_PANEL_READER_ELEMENTS,8,0,893.613,BBOX_GAP_LOWER_BOUND
PAIR-027-057,G027,G057,CROSS_PANEL_READER_ELEMENTS,8,0,358.265,BBOX_GAP_LOWER_BOUND
PAIR-027-058,G027,G058,CROSS_PANEL_READER_ELEMENTS,8,0,340.896,BBOX_GAP_LOWER_BOUND
PAIR-027-059,G027,G059,CROSS_PANEL_READER_ELEMENTS,8,0,329.674,BBOX_GAP_LOWER_BOUND
PAIR-027-060,G027,G060,CROSS_PANEL_READER_ELEMENTS,8,0,323.748,BBOX_GAP_LOWER_BOUND
PAIR-027-061,G027,G061,CROSS_PANEL_READER_ELEMENTS,8,0,323.0,BBOX_GAP_LOWER_BOUND
PAIR-027-062,G027,G062,CROSS_PANEL_READER_ELEMENTS,8,0,323.0,BBOX_GAP_LOWER_BOUND
PAIR-027-063,G027,G063,CROSS_PANEL_READER_ELEMENTS,8,0,324.39,BBOX_GAP_LOWER_BOUND
PAIR-027-064,G027,G064,CROSS_PANEL_READER_ELEMENTS,8,0,331.146,BBOX_GAP_LOWER_BOUND
PAIR-027-065,G027,G065,CROSS_PANEL_READER_ELEMENTS,8,0,353.023,BBOX_GAP_LOWER_BOUND
PAIR-027-066,G027,G066,CROSS_PANEL_READER_ELEMENTS,8,0,383.438,BBOX_GAP_LOWER_BOUND
PAIR-027-067,G027,G067,CROSS_PANEL_READER_ELEMENTS,8,0,396.728,BBOX_GAP_LOWER_BOUND
PAIR-027-068,G027,G068,CROSS_PANEL_READER_ELEMENTS,8,0,399.782,BBOX_GAP_LOWER_BOUND
PAIR-027-069,G027,P1_AXES,TEXT_GRAPHIC,3,0,56.0,BBOX_GAP_LOWER_BOUND
PAIR-027-070,G027,P1_CURVE_MARKERS,TEXT_GRAPHIC,3,0,68.0,BBOX_GAP_LOWER_BOUND
PAIR-027-071,G027,P1_WARMUP_BOUNDARY,TEXT_GRAPHIC,3,0,267.507,BBOX_GAP_LOWER_BOUND
PAIR-027-072,G027,P1_EQ_WARMUP_TOP,TEXT_GRAPHIC,3,0,235.601,BBOX_GAP_LOWER_BOUND
PAIR-027-073,G027,P1_EQ_WARMUP_BOTTOM,TEXT_GRAPHIC,3,0,248.169,BBOX_GAP_LOWER_BOUND
PAIR-027-074,G027,P1_EQ_RETAIN_TOP,TEXT_GRAPHIC,3,0,164.012,BBOX_GAP_LOWER_BOUND
PAIR-027-075,G027,P1_EQ_RETAIN_BOTTOM,TEXT_GRAPHIC,3,0,176.918,BBOX_GAP_LOWER_BOUND
PAIR-027-076,G027,P2_AXES,TEXT_GRAPHIC,3,0,418.0,BBOX_GAP_LOWER_BOUND
PAIR-027-077,G027,P2_CURVE_MARKERS,TEXT_GRAPHIC,3,0,487.0,BBOX_GAP_LOWER_BOUND
PAIR-027-078,G027,P2_WARMUP_BOUNDARY,TEXT_GRAPHIC,3,0,491.63,BBOX_GAP_LOWER_BOUND
PAIR-027-079,G027,P2_TARGET_LINE,TEXT_GRAPHIC,3,0,520.0,BBOX_GAP_LOWER_BOUND
PAIR-027-080,G027,P2_YLABEL_OVERLINE,TEXT_GRAPHIC,3,0,913.329,BBOX_GAP_LOWER_BOUND
PAIR-027-081,G027,P2_TITLE_OVERLINE,TEXT_GRAPHIC,3,0,343.722,BBOX_GAP_LOWER_BOUND
PAIR-027-082,G027,P1_HATCH,TEXT_GRAPHIC,3,0,269.874,BBOX_GAP_LOWER_BOUND
PAIR-027-083,G027,P2_HATCH,TEXT_GRAPHIC,3,0,494.389,BBOX_GAP_LOWER_BOUND
PAIR-028-029,G028,G029,SAME_SEMANTIC_PARENT_DESIGN,0,0,1.0,BBOX_GAP_LOWER_BOUND
PAIR-028-030,G028,G030,CROSS_PANEL_READER_ELEMENTS,8,0,887.056,BBOX_GAP_LOWER_BOUND
PAIR-028-031,G028,G031,CROSS_PANEL_READER_ELEMENTS,8,0,757.133,BBOX_GAP_LOWER_BOUND
PAIR-028-032,G028,G032,CROSS_PANEL_READER_ELEMENTS,8,0,680.65,BBOX_GAP_LOWER_BOUND
PAIR-028-033,G028,G033,CROSS_PANEL_READER_ELEMENTS,8,0,679.064,BBOX_GAP_LOWER_BOUND
PAIR-028-034,G028,G034,CROSS_PANEL_READER_ELEMENTS,8,0,703.316,BBOX_GAP_LOWER_BOUND
PAIR-028-035,G028,G035,CROSS_PANEL_READER_ELEMENTS,8,0,708.314,BBOX_GAP_LOWER_BOUND
PAIR-028-036,G028,G036,CROSS_PANEL_READER_ELEMENTS,8,0,827.834,BBOX_GAP_LOWER_BOUND
PAIR-028-037,G028,G037,CROSS_PANEL_READER_ELEMENTS,8,0,838.88,BBOX_GAP_LOWER_BOUND
PAIR-028-038,G028,G038,CROSS_PANEL_READER_ELEMENTS,8,0,905.108,BBOX_GAP_LOWER_BOUND
PAIR-028-039,G028,G039,CROSS_PANEL_READER_ELEMENTS,8,0,912.277,BBOX_GAP_LOWER_BOUND
PAIR-028-040,G028,G040,CROSS_PANEL_READER_ELEMENTS,8,0,883.301,BBOX_GAP_LOWER_BOUND
PAIR-028-041,G028,G041,CROSS_PANEL_READER_ELEMENTS,8,0,871.317,BBOX_GAP_LOWER_BOUND
PAIR-028-042,G028,G042,CROSS_PANEL_READER_ELEMENTS,8,0,877.543,BBOX_GAP_LOWER_BOUND
PAIR-028-043,G028,G043,CROSS_PANEL_READER_ELEMENTS,8,0,848.642,BBOX_GAP_LOWER_BOUND
PAIR-028-044,G028,G044,CROSS_PANEL_READER_ELEMENTS,8,0,814.295,BBOX_GAP_LOWER_BOUND
PAIR-028-045,G028,G045,CROSS_PANEL_READER_ELEMENTS,8,0,806.381,BBOX_GAP_LOWER_BOUND
PAIR-028-046,G028,G046,CROSS_PANEL_READER_ELEMENTS,8,0,812.05,BBOX_GAP_LOWER_BOUND
PAIR-028-047,G028,G047,CROSS_PANEL_READER_ELEMENTS,8,0,784.332,BBOX_GAP_LOWER_BOUND
PAIR-028-048,G028,G048,CROSS_PANEL_READER_ELEMENTS,8,0,510.098,BBOX_GAP_LOWER_BOUND
PAIR-028-049,G028,G049,CROSS_PANEL_READER_ELEMENTS,8,0,530.396,BBOX_GAP_LOWER_BOUND
PAIR-028-050,G028,G050,CROSS_PANEL_READER_ELEMENTS,8,0,557.315,BBOX_GAP_LOWER_BOUND
PAIR-028-051,G028,G051,CROSS_PANEL_READER_ELEMENTS,8,0,597.126,BBOX_GAP_LOWER_BOUND
PAIR-028-052,G028,G052,CROSS_PANEL_READER_ELEMENTS,8,0,735.3,BBOX_GAP_LOWER_BOUND
PAIR-028-053,G028,G053,CROSS_PANEL_READER_ELEMENTS,8,0,968.917,BBOX_GAP_LOWER_BOUND
PAIR-028-054,G028,G054,CROSS_PANEL_READER_ELEMENTS,8,0,963.006,BBOX_GAP_LOWER_BOUND
PAIR-028-055,G028,G055,CROSS_PANEL_READER_ELEMENTS,8,0,955.391,BBOX_GAP_LOWER_BOUND
PAIR-028-056,G028,G056,CROSS_PANEL_READER_ELEMENTS,8,0,938.938,BBOX_GAP_LOWER_BOUND
PAIR-028-057,G028,G057,CROSS_PANEL_READER_ELEMENTS,8,0,387.243,BBOX_GAP_LOWER_BOUND
PAIR-028-058,G028,G058,CROSS_PANEL_READER_ELEMENTS,8,0,364.479,BBOX_GAP_LOWER_BOUND
PAIR-028-059,G028,G059,CROSS_PANEL_READER_ELEMENTS,8,0,347.385,BBOX_GAP_LOWER_BOUND
PAIR-028-060,G028,G060,CROSS_PANEL_READER_ELEMENTS,8,0,334.742,BBOX_GAP_LOWER_BOUND
PAIR-028-061,G028,G061,CROSS_PANEL_READER_ELEMENTS,8,0,327.471,BBOX_GAP_LOWER_BOUND
PAIR-028-062,G028,G062,CROSS_PANEL_READER_ELEMENTS,8,0,326.0,BBOX_GAP_LOWER_BOUND
PAIR-028-063,G028,G063,CROSS_PANEL_READER_ELEMENTS,8,0,326.0,BBOX_GAP_LOWER_BOUND
PAIR-028-064,G028,G064,CROSS_PANEL_READER_ELEMENTS,8,0,327.567,BBOX_GAP_LOWER_BOUND
PAIR-028-065,G028,G065,CROSS_PANEL_READER_ELEMENTS,8,0,343.21,BBOX_GAP_LOWER_BOUND
PAIR-028-066,G028,G066,CROSS_PANEL_READER_ELEMENTS,8,0,370.946,BBOX_GAP_LOWER_BOUND
PAIR-028-067,G028,G067,CROSS_PANEL_READER_ELEMENTS,8,0,382.347,BBOX_GAP_LOWER_BOUND
PAIR-028-068,G028,G068,CROSS_PANEL_READER_ELEMENTS,8,0,384.213,BBOX_GAP_LOWER_BOUND
PAIR-028-069,G028,P1_AXES,TEXT_GRAPHIC,3,0,59.0,BBOX_GAP_LOWER_BOUND
PAIR-028-070,G028,P1_CURVE_MARKERS,TEXT_GRAPHIC,3,0,71.0,BBOX_GAP_LOWER_BOUND
PAIR-028-071,G028,P1_WARMUP_BOUNDARY,TEXT_GRAPHIC,3,0,321.1,BBOX_GAP_LOWER_BOUND
PAIR-028-072,G028,P1_EQ_WARMUP_TOP,TEXT_GRAPHIC,3,0,282.115,BBOX_GAP_LOWER_BOUND
PAIR-028-073,G028,P1_EQ_WARMUP_BOTTOM,TEXT_GRAPHIC,3,0,292.898,BBOX_GAP_LOWER_BOUND
PAIR-028-074,G028,P1_EQ_RETAIN_TOP,TEXT_GRAPHIC,3,0,136.125,BBOX_GAP_LOWER_BOUND
PAIR-028-075,G028,P1_EQ_RETAIN_BOTTOM,TEXT_GRAPHIC,3,0,151.822,BBOX_GAP_LOWER_BOUND
PAIR-028-076,G028,P2_AXES,TEXT_GRAPHIC,3,0,421.0,BBOX_GAP_LOWER_BOUND
PAIR-028-077,G028,P2_CURVE_MARKERS,TEXT_GRAPHIC,3,0,490.0,BBOX_GAP_LOWER_BOUND
PAIR-028-078,G028,P2_WARMUP_BOUNDARY,TEXT_GRAPHIC,3,0,524.802,BBOX_GAP_LOWER_BOUND
PAIR-028-079,G028,P2_TARGET_LINE,TEXT_GRAPHIC,3,0,523.0,BBOX_GAP_LOWER_BOUND
PAIR-028-080,G028,P2_YLABEL_OVERLINE,TEXT_GRAPHIC,3,0,960.165,BBOX_GAP_LOWER_BOUND
PAIR-028-081,G028,P2_TITLE_OVERLINE,TEXT_GRAPHIC,3,0,333.546,BBOX_GAP_LOWER_BOUND
PAIR-028-082,G028,P1_HATCH,TEXT_GRAPHIC,3,0,323.427,BBOX_GAP_LOWER_BOUND
PAIR-028-083,G028,P2_HATCH,TEXT_GRAPHIC,3,0,527.603,BBOX_GAP_LOWER_BOUND
PAIR-029-030,G029,G030,CROSS_PANEL_READER_ELEMENTS,8,0,899.237,BBOX_GAP_LOWER_BOUND
PAIR-029-031,G029,G031,CROSS_PANEL_READER_ELEMENTS,8,0,762.266,BBOX_GAP_LOWER_BOUND
PAIR-029-032,G029,G032,CROSS_PANEL_READER_ELEMENTS,8,0,674.036,BBOX_GAP_LOWER_BOUND
PAIR-029-033,G029,G033,CROSS_PANEL_READER_ELEMENTS,8,0,671.452,BBOX_GAP_LOWER_BOUND
PAIR-029-034,G029,G034,CROSS_PANEL_READER_ELEMENTS,8,0,690.797,BBOX_GAP_LOWER_BOUND
PAIR-029-035,G029,G035,CROSS_PANEL_READER_ELEMENTS,8,0,695.6,BBOX_GAP_LOWER_BOUND
PAIR-029-036,G029,G036,CROSS_PANEL_READER_ELEMENTS,8,0,813.339,BBOX_GAP_LOWER_BOUND
PAIR-029-037,G029,G037,CROSS_PANEL_READER_ELEMENTS,8,0,824.326,BBOX_GAP_LOWER_BOUND
PAIR-029-038,G029,G038,CROSS_PANEL_READER_ELEMENTS,8,0,920.783,BBOX_GAP_LOWER_BOUND
PAIR-029-039,G029,G039,CROSS_PANEL_READER_ELEMENTS,8,0,927.281,BBOX_GAP_LOWER_BOUND
PAIR-029-040,G029,G040,CROSS_PANEL_READER_ELEMENTS,8,0,898.355,BBOX_GAP_LOWER_BOUND
PAIR-029-041,G029,G041,CROSS_PANEL_READER_ELEMENTS,8,0,888.163,BBOX_GAP_LOWER_BOUND
PAIR-029-042,G029,G042,CROSS_PANEL_READER_ELEMENTS,8,0,893.701,BBOX_GAP_LOWER_BOUND
PAIR-029-043,G029,G043,CROSS_PANEL_READER_ELEMENTS,8,0,864.89,BBOX_GAP_LOWER_BOUND
PAIR-029-044,G029,G044,CROSS_PANEL_READER_ELEMENTS,8,0,831.803,BBOX_GAP_LOWER_BOUND
PAIR-029-045,G029,G045,CROSS_PANEL_READER_ELEMENTS,8,0,825.742,BBOX_GAP_LOWER_BOUND
PAIR-029-046,G029,G046,CROSS_PANEL_READER_ELEMENTS,8,0,830.738,BBOX_GAP_LOWER_BOUND
PAIR-029-047,G029,G047,CROSS_PANEL_READER_ELEMENTS,8,0,803.217,BBOX_GAP_LOWER_BOUND
PAIR-029-048,G029,G048,CROSS_PANEL_READER_ELEMENTS,8,0,495.452,BBOX_GAP_LOWER_BOUND
PAIR-029-049,G029,G049,CROSS_PANEL_READER_ELEMENTS,8,0,515.644,BBOX_GAP_LOWER_BOUND
PAIR-029-050,G029,G050,CROSS_PANEL_READER_ELEMENTS,8,0,542.484,BBOX_GAP_LOWER_BOUND
PAIR-029-051,G029,G051,CROSS_PANEL_READER_ELEMENTS,8,0,582.262,BBOX_GAP_LOWER_BOUND
PAIR-029-052,G029,G052,CROSS_PANEL_READER_ELEMENTS,8,0,726.792,BBOX_GAP_LOWER_BOUND
PAIR-029-053,G029,G053,CROSS_PANEL_READER_ELEMENTS,8,0,989.051,BBOX_GAP_LOWER_BOUND
PAIR-029-054,G029,G054,CROSS_PANEL_READER_ELEMENTS,8,0,982.497,BBOX_GAP_LOWER_BOUND
PAIR-029-055,G029,G055,CROSS_PANEL_READER_ELEMENTS,8,0,974.624,BBOX_GAP_LOWER_BOUND
PAIR-029-056,G029,G056,CROSS_PANEL_READER_ELEMENTS,8,0,957.969,BBOX_GAP_LOWER_BOUND
PAIR-029-057,G029,G057,CROSS_PANEL_READER_ELEMENTS,8,0,396.203,BBOX_GAP_LOWER_BOUND
PAIR-029-058,G029,G058,CROSS_PANEL_READER_ELEMENTS,8,0,370.277,BBOX_GAP_LOWER_BOUND
PAIR-029-059,G029,G059,CROSS_PANEL_READER_ELEMENTS,8,0,349.794,BBOX_GAP_LOWER_BOUND
PAIR-029-060,G029,G060,CROSS_PANEL_READER_ELEMENTS,8,0,333.305,BBOX_GAP_LOWER_BOUND
PAIR-029-061,G029,G061,CROSS_PANEL_READER_ELEMENTS,8,0,321.834,BBOX_GAP_LOWER_BOUND
PAIR-029-062,G029,G062,CROSS_PANEL_READER_ELEMENTS,8,0,316.356,BBOX_GAP_LOWER_BOUND
PAIR-029-063,G029,G063,CROSS_PANEL_READER_ELEMENTS,8,0,316.0,BBOX_GAP_LOWER_BOUND
PAIR-029-064,G029,G064,CROSS_PANEL_READER_ELEMENTS,8,0,316.697,BBOX_GAP_LOWER_BOUND
PAIR-029-065,G029,G065,CROSS_PANEL_READER_ELEMENTS,8,0,330.847,BBOX_GAP_LOWER_BOUND
PAIR-029-066,G029,G066,CROSS_PANEL_READER_ELEMENTS,8,0,357.997,BBOX_GAP_LOWER_BOUND
PAIR-029-067,G029,G067,CROSS_PANEL_READER_ELEMENTS,8,0,369.034,BBOX_GAP_LOWER_BOUND
PAIR-029-068,G029,G068,CROSS_PANEL_READER_ELEMENTS,8,0,370.693,BBOX_GAP_LOWER_BOUND
PAIR-029-069,G029,P1_AXES,TEXT_GRAPHIC,3,0,49.0,BBOX_GAP_LOWER_BOUND
PAIR-029-070,G029,P1_CURVE_MARKERS,TEXT_GRAPHIC,3,0,61.0,BBOX_GAP_LOWER_BOUND
PAIR-029-071,G029,P1_WARMUP_BOUNDARY,TEXT_GRAPHIC,3,0,349.178,BBOX_GAP_LOWER_BOUND
PAIR-029-072,G029,P1_EQ_WARMUP_TOP,TEXT_GRAPHIC,3,0,303.659,BBOX_GAP_LOWER_BOUND
PAIR-029-073,G029,P1_EQ_WARMUP_BOTTOM,TEXT_GRAPHIC,3,0,313.064,BBOX_GAP_LOWER_BOUND
PAIR-029-074,G029,P1_EQ_RETAIN_TOP,TEXT_GRAPHIC,3,0,121.38,BBOX_GAP_LOWER_BOUND
PAIR-029-075,G029,P1_EQ_RETAIN_BOTTOM,TEXT_GRAPHIC,3,0,137.306,BBOX_GAP_LOWER_BOUND
PAIR-029-076,G029,P2_AXES,TEXT_GRAPHIC,3,0,411.0,BBOX_GAP_LOWER_BOUND
PAIR-029-077,G029,P2_CURVE_MARKERS,TEXT_GRAPHIC,3,0,480.0,BBOX_GAP_LOWER_BOUND
PAIR-029-078,G029,P2_WARMUP_BOUNDARY,TEXT_GRAPHIC,3,0,535.721,BBOX_GAP_LOWER_BOUND
PAIR-029-079,G029,P2_TARGET_LINE,TEXT_GRAPHIC,3,0,513.0,BBOX_GAP_LOWER_BOUND
PAIR-029-080,G029,P2_YLABEL_OVERLINE,TEXT_GRAPHIC,3,0,980.458,BBOX_GAP_LOWER_BOUND
PAIR-029-081,G029,P2_TITLE_OVERLINE,TEXT_GRAPHIC,3,0,321.123,BBOX_GAP_LOWER_BOUND
PAIR-029-082,G029,P1_HATCH,TEXT_GRAPHIC,3,0,351.433,BBOX_GAP_LOWER_BOUND
PAIR-029-083,G029,P2_HATCH,TEXT_GRAPHIC,3,0,538.54,BBOX_GAP_LOWER_BOUND
PAIR-030-031,G030,G031,TEXT_TEXT_INDEPENDENT,4,0,217.0,BBOX_GAP_LOWER_BOUND
PAIR-030-032,G030,G032,TEXT_TEXT_INDEPENDENT,4,0,498.0,BBOX_GAP_LOWER_BOUND
PAIR-030-033,G030,G033,TEXT_TEXT_INDEPENDENT,4,0,516.0,BBOX_GAP_LOWER_BOUND
PAIR-030-034,G030,G034,TEXT_TEXT_INDEPENDENT,4,0,788.0,BBOX_GAP_LOWER_BOUND
PAIR-030-035,G030,G035,TEXT_TEXT_INDEPENDENT,4,0,806.0,BBOX_GAP_LOWER_BOUND
PAIR-030-036,G030,G036,TEXT_TEXT_INDEPENDENT,4,0,1076.0,BBOX_GAP_LOWER_BOUND
PAIR-030-037,G030,G037,TEXT_TEXT_INDEPENDENT,4,0,1095.0,BBOX_GAP_LOWER_BOUND
PAIR-030-038,G030,G038,TEXT_TEXT_INDEPENDENT,4,0,87.664,BBOX_GAP_LOWER_BOUND
PAIR-030-039,G030,G039,TEXT_TEXT_INDEPENDENT,4,0,78.294,BBOX_GAP_LOWER_BOUND
PAIR-030-040,G030,G040,TEXT_TEXT_INDEPENDENT,4,0,61.4,BBOX_GAP_LOWER_BOUND
PAIR-030-041,G030,G041,TEXT_TEXT_INDEPENDENT,4,0,119.004,BBOX_GAP_LOWER_BOUND
PAIR-030-042,G030,G042,TEXT_TEXT_INDEPENDENT,4,0,111.826,BBOX_GAP_LOWER_BOUND
PAIR-030-043,G030,G043,TEXT_TEXT_INDEPENDENT,4,0,100.722,BBOX_GAP_LOWER_BOUND
PAIR-030-044,G030,G044,TEXT_TEXT_INDEPENDENT,4,0,148.946,BBOX_GAP_LOWER_BOUND
PAIR-030-045,G030,G045,TEXT_TEXT_INDEPENDENT,4,0,207.793,BBOX_GAP_LOWER_BOUND
PAIR-030-046,G030,G046,TEXT_TEXT_INDEPENDENT,4,0,204.022,BBOX_GAP_LOWER_BOUND
PAIR-030-047,G030,G047,TEXT_TEXT_INDEPENDENT,4,0,199.372,BBOX_GAP_LOWER_BOUND
PAIR-030-048,G030,G048,TEXT_TEXT_INDEPENDENT,4,0,946.206,BBOX_GAP_LOWER_BOUND
PAIR-030-049,G030,G049,TEXT_TEXT_INDEPENDENT,4,0,977.185,BBOX_GAP_LOWER_BOUND
PAIR-030-050,G030,G050,TEXT_TEXT_INDEPENDENT,4,0,1015.997,BBOX_GAP_LOWER_BOUND
PAIR-030-051,G030,G051,TEXT_TEXT_INDEPENDENT,4,0,1065.319,BBOX_GAP_LOWER_BOUND
PAIR-030-052,G030,G052,TEXT_TEXT_INDEPENDENT,4,0,538.892,BBOX_GAP_LOWER_BOUND
PAIR-030-053,G030,G053,TEXT_TEXT_INDEPENDENT,4,0,260.417,BBOX_GAP_LOWER_BOUND
PAIR-030-054,G030,G054,TEXT_TEXT_INDEPENDENT,4,0,238.948,BBOX_GAP_LOWER_BOUND
PAIR-030-055,G030,G055,TEXT_TEXT_INDEPENDENT,4,0,228.473,BBOX_GAP_LOWER_BOUND
PAIR-030-056,G030,G056,TEXT_TEXT_INDEPENDENT,4,0,213.063,BBOX_GAP_LOWER_BOUND
PAIR-030-057,G030,G057,TEXT_TEXT_INDEPENDENT,4,0,446.927,BBOX_GAP_LOWER_BOUND
PAIR-030-058,G030,G058,TEXT_TEXT_INDEPENDENT,4,0,482.46,BBOX_GAP_LOWER_BOUND
PAIR-030-059,G030,G059,TEXT_TEXT_INDEPENDENT,4,0,514.417,BBOX_GAP_LOWER_BOUND
PAIR-030-060,G030,G060,TEXT_TEXT_INDEPENDENT,4,0,550.872,BBOX_GAP_LOWER_BOUND
PAIR-030-061,G030,G061,TEXT_TEXT_INDEPENDENT,4,0,589.889,BBOX_GAP_LOWER_BOUND
PAIR-030-062,G030,G062,TEXT_TEXT_INDEPENDENT,4,0,627.12,BBOX_GAP_LOWER_BOUND
PAIR-030-063,G030,G063,TEXT_TEXT_INDEPENDENT,4,0,667.416,BBOX_GAP_LOWER_BOUND
PAIR-030-064,G030,G064,TEXT_TEXT_INDEPENDENT,4,0,706.157,BBOX_GAP_LOWER_BOUND
PAIR-030-065,G030,G065,TEXT_TEXT_INDEPENDENT,4,0,757.1,BBOX_GAP_LOWER_BOUND
PAIR-030-066,G030,G066,TEXT_TEXT_INDEPENDENT,4,0,782.858,BBOX_GAP_LOWER_BOUND
PAIR-030-067,G030,G067,TEXT_TEXT_INDEPENDENT,4,0,803.165,BBOX_GAP_LOWER_BOUND
PAIR-030-068,G030,G068,TEXT_TEXT_INDEPENDENT,4,0,814.279,BBOX_GAP_LOWER_BOUND
PAIR-030-069,G030,P1_AXES,TEXT_GRAPHIC,3,0,376.0,BBOX_GAP_LOWER_BOUND
PAIR-030-070,G030,P1_CURVE_MARKERS,TEXT_GRAPHIC,3,0,403.0,BBOX_GAP_LOWER_BOUND
PAIR-030-071,G030,P1_WARMUP_BOUNDARY,TEXT_GRAPHIC,3,0,459.304,BBOX_GAP_LOWER_BOUND
PAIR-030-072,G030,P1_EQ_WARMUP_TOP,TEXT_GRAPHIC,3,0,611.629,BBOX_GAP_LOWER_BOUND
PAIR-030-073,G030,P1_EQ_WARMUP_BOTTOM,TEXT_GRAPHIC,3,0,595.272,BBOX_GAP_LOWER_BOUND
PAIR-030-074,G030,P1_EQ_RETAIN_TOP,TEXT_GRAPHIC,3,0,895.623,BBOX_GAP_LOWER_BOUND
PAIR-030-075,G030,P1_EQ_RETAIN_BOTTOM,TEXT_GRAPHIC,3,0,883.631,BBOX_GAP_LOWER_BOUND
PAIR-030-076,G030,P2_AXES,TEXT_GRAPHIC,3,0,15.0,RAW_MASK_EXACT_KDTREE
PAIR-030-077,G030,P2_CURVE_MARKERS,TEXT_GRAPHIC,3,0,289.033,BBOX_GAP_LOWER_BOUND
PAIR-030-078,G030,P2_WARMUP_BOUNDARY,TEXT_GRAPHIC,3,0,252.958,BBOX_GAP_LOWER_BOUND
PAIR-030-079,G030,P2_TARGET_LINE,TEXT_GRAPHIC,3,0,295.149,BBOX_GAP_LOWER_BOUND
PAIR-030-080,G030,P2_YLABEL_OVERLINE,TEXT_GRAPHIC,3,0,276.669,BBOX_GAP_LOWER_BOUND
PAIR-030-081,G030,P2_TITLE_OVERLINE,TEXT_GRAPHIC,3,0,773.274,BBOX_GAP_LOWER_BOUND
PAIR-030-082,G030,P1_HATCH,TEXT_GRAPHIC,3,0,386.0,BBOX_GAP_LOWER_BOUND
PAIR-030-083,G030,P2_HATCH,TEXT_GRAPHIC,3,0,24.0,BBOX_GAP_LOWER_BOUND
PAIR-031-032,G031,G032,TEXT_TEXT_INDEPENDENT,4,0,265.0,BBOX_GAP_LOWER_BOUND
PAIR-031-033,G031,G033,TEXT_TEXT_INDEPENDENT,4,0,283.0,BBOX_GAP_LOWER_BOUND
PAIR-031-034,G031,G034,TEXT_TEXT_INDEPENDENT,4,0,555.0,BBOX_GAP_LOWER_BOUND
PAIR-031-035,G031,G035,TEXT_TEXT_INDEPENDENT,4,0,573.0,BBOX_GAP_LOWER_BOUND
PAIR-031-036,G031,G036,TEXT_TEXT_INDEPENDENT,4,0,843.0,BBOX_GAP_LOWER_BOUND
PAIR-031-037,G031,G037,TEXT_TEXT_INDEPENDENT,4,0,862.0,BBOX_GAP_LOWER_BOUND
PAIR-031-038,G031,G038,TEXT_TEXT_INDEPENDENT,4,0,312.2,BBOX_GAP_LOWER_BOUND
PAIR-031-039,G031,G039,TEXT_TEXT_INDEPENDENT,4,0,302.152,BBOX_GAP_LOWER_BOUND
PAIR-031-040,G031,G040,TEXT_TEXT_INDEPENDENT,4,0,282.305,BBOX_GAP_LOWER_BOUND
PAIR-031-041,G031,G041,TEXT_TEXT_INDEPENDENT,4,0,322.248,BBOX_GAP_LOWER_BOUND
PAIR-031-042,G031,G042,TEXT_TEXT_INDEPENDENT,4,0,312.36,BBOX_GAP_LOWER_BOUND
PAIR-031-043,G031,G043,TEXT_TEXT_INDEPENDENT,4,0,293.205,BBOX_GAP_LOWER_BOUND
PAIR-031-044,G031,G044,TEXT_TEXT_INDEPENDENT,4,0,312.155,BBOX_GAP_LOWER_BOUND
PAIR-031-045,G031,G045,TEXT_TEXT_INDEPENDENT,4,0,362.944,BBOX_GAP_LOWER_BOUND
PAIR-031-046,G031,G046,TEXT_TEXT_INDEPENDENT,4,0,355.642,BBOX_GAP_LOWER_BOUND
PAIR-031-047,G031,G047,TEXT_TEXT_INDEPENDENT,4,0,340.331,BBOX_GAP_LOWER_BOUND
PAIR-031-048,G031,G048,TEXT_TEXT_INDEPENDENT,4,0,722.997,BBOX_GAP_LOWER_BOUND
PAIR-031-049,G031,G049,TEXT_TEXT_INDEPENDENT,4,0,753.257,BBOX_GAP_LOWER_BOUND
PAIR-031-050,G031,G050,TEXT_TEXT_INDEPENDENT,4,0,791.275,BBOX_GAP_LOWER_BOUND
PAIR-031-051,G031,G051,TEXT_TEXT_INDEPENDENT,4,0,839.92,BBOX_GAP_LOWER_BOUND
PAIR-031-052,G031,G052,TEXT_TEXT_INDEPENDENT,4,0,306.571,BBOX_GAP_LOWER_BOUND
PAIR-031-053,G031,G053,TEXT_TEXT_INDEPENDENT,4,0,476.161,BBOX_GAP_LOWER_BOUND
PAIR-031-054,G031,G054,TEXT_TEXT_INDEPENDENT,4,0,455.247,BBOX_GAP_LOWER_BOUND
PAIR-031-055,G031,G055,TEXT_TEXT_INDEPENDENT,4,0,443.633,BBOX_GAP_LOWER_BOUND
PAIR-031-056,G031,G056,TEXT_TEXT_INDEPENDENT,4,0,426.251,BBOX_GAP_LOWER_BOUND
PAIR-031-057,G031,G057,TEXT_TEXT_INDEPENDENT,4,0,322.94,BBOX_GAP_LOWER_BOUND
PAIR-031-058,G031,G058,TEXT_TEXT_INDEPENDENT,4,0,339.037,BBOX_GAP_LOWER_BOUND
PAIR-031-059,G031,G059,TEXT_TEXT_INDEPENDENT,4,0,357.347,BBOX_GAP_LOWER_BOUND
PAIR-031-060,G031,G060,TEXT_TEXT_INDEPENDENT,4,0,381.526,BBOX_GAP_LOWER_BOUND
PAIR-031-061,G031,G061,TEXT_TEXT_INDEPENDENT,4,0,410.649,BBOX_GAP_LOWER_BOUND
PAIR-031-062,G031,G062,TEXT_TEXT_INDEPENDENT,4,0,439.82,BBOX_GAP_LOWER_BOUND
PAIR-031-063,G031,G063,TEXT_TEXT_INDEPENDENT,4,0,473.466,BBOX_GAP_LOWER_BOUND
PAIR-031-064,G031,G064,TEXT_TEXT_INDEPENDENT,4,0,507.291,BBOX_GAP_LOWER_BOUND
PAIR-031-065,G031,G065,TEXT_TEXT_INDEPENDENT,4,0,553.399,BBOX_GAP_LOWER_BOUND
PAIR-031-066,G031,G066,TEXT_TEXT_INDEPENDENT,4,0,574.943,BBOX_GAP_LOWER_BOUND
PAIR-031-067,G031,G067,TEXT_TEXT_INDEPENDENT,4,0,593.731,BBOX_GAP_LOWER_BOUND
PAIR-031-068,G031,G068,TEXT_TEXT_INDEPENDENT,4,0,604.07,BBOX_GAP_LOWER_BOUND
PAIR-031-069,G031,P1_AXES,TEXT_GRAPHIC,3,0,375.0,BBOX_GAP_LOWER_BOUND
PAIR-031-070,G031,P1_CURVE_MARKERS,TEXT_GRAPHIC,3,0,402.0,BBOX_GAP_LOWER_BOUND
PAIR-031-071,G031,P1_WARMUP_BOUNDARY,TEXT_GRAPHIC,3,0,383.471,BBOX_GAP_LOWER_BOUND
PAIR-031-072,G031,P1_EQ_WARMUP_TOP,TEXT_GRAPHIC,3,0,533.16,BBOX_GAP_LOWER_BOUND
PAIR-031-073,G031,P1_EQ_WARMUP_BOTTOM,TEXT_GRAPHIC,3,0,514.351,BBOX_GAP_LOWER_BOUND
PAIR-031-074,G031,P1_EQ_RETAIN_TOP,TEXT_GRAPHIC,3,0,730.581,BBOX_GAP_LOWER_BOUND
PAIR-031-075,G031,P1_EQ_RETAIN_BOTTOM,TEXT_GRAPHIC,3,0,715.856,BBOX_GAP_LOWER_BOUND
PAIR-031-076,G031,P2_AXES,TEXT_GRAPHIC,3,0,14.0,RAW_MASK_EXACT_KDTREE
PAIR-031-077,G031,P2_CURVE_MARKERS,TEXT_GRAPHIC,3,0,99.81,BBOX_GAP_LOWER_BOUND
PAIR-031-078,G031,P2_WARMUP_BOUNDARY,TEXT_GRAPHIC,3,0,28.32,BBOX_GAP_LOWER_BOUND
PAIR-031-079,G031,P2_TARGET_LINE,TEXT_GRAPHIC,3,0,152.319,BBOX_GAP_LOWER_BOUND
PAIR-031-080,G031,P2_YLABEL_OVERLINE,TEXT_GRAPHIC,3,0,483.256,BBOX_GAP_LOWER_BOUND
PAIR-031-081,G031,P2_TITLE_OVERLINE,TEXT_GRAPHIC,3,0,575.264,BBOX_GAP_LOWER_BOUND
PAIR-031-082,G031,P1_HATCH,TEXT_GRAPHIC,3,0,385.0,BBOX_GAP_LOWER_BOUND
PAIR-031-083,G031,P2_HATCH,TEXT_GRAPHIC,3,0,23.0,BBOX_GAP_LOWER_BOUND
PAIR-032-033,G032,G033,SAME_SEMANTIC_PARENT_DESIGN,0,0,4.0,BBOX_GAP_LOWER_BOUND
PAIR-032-034,G032,G034,TEXT_TEXT_INDEPENDENT,4,0,276.0,BBOX_GAP_LOWER_BOUND
PAIR-032-035,G032,G035,TEXT_TEXT_INDEPENDENT,4,0,294.0,BBOX_GAP_LOWER_BOUND
PAIR-032-036,G032,G036,TEXT_TEXT_INDEPENDENT,4,0,564.0,BBOX_GAP_LOWER_BOUND
PAIR-032-037,G032,G037,TEXT_TEXT_INDEPENDENT,4,0,583.0,BBOX_GAP_LOWER_BOUND
PAIR-032-038,G032,G038,TEXT_TEXT_INDEPENDENT,4,0,592.22,BBOX_GAP_LOWER_BOUND
PAIR-032-039,G032,G039,TEXT_TEXT_INDEPENDENT,4,0,582.177,BBOX_GAP_LOWER_BOUND
PAIR-032-040,G032,G040,TEXT_TEXT_INDEPENDENT,4,0,562.219,BBOX_GAP_LOWER_BOUND
PAIR-032-041,G032,G041,TEXT_TEXT_INDEPENDENT,4,0,597.664,BBOX_GAP_LOWER_BOUND
PAIR-032-042,G032,G042,TEXT_TEXT_INDEPENDENT,4,0,587.627,BBOX_GAP_LOWER_BOUND
PAIR-032-043,G032,G043,TEXT_TEXT_INDEPENDENT,4,0,567.86,BBOX_GAP_LOWER_BOUND
PAIR-032-044,G032,G044,TEXT_TEXT_INDEPENDENT,4,0,577.478,BBOX_GAP_LOWER_BOUND
PAIR-032-045,G032,G045,TEXT_TEXT_INDEPENDENT,4,0,619.814,BBOX_GAP_LOWER_BOUND
PAIR-032-046,G032,G046,TEXT_TEXT_INDEPENDENT,4,0,611.903,BBOX_GAP_LOWER_BOUND
PAIR-032-047,G032,G047,TEXT_TEXT_INDEPENDENT,4,0,594.216,BBOX_GAP_LOWER_BOUND
PAIR-032-048,G032,G048,TEXT_TEXT_INDEPENDENT,4,0,469.564,BBOX_GAP_LOWER_BOUND
PAIR-032-049,G032,G049,TEXT_TEXT_INDEPENDENT,4,0,497.299,BBOX_GAP_LOWER_BOUND
PAIR-032-050,G032,G050,TEXT_TEXT_INDEPENDENT,4,0,532.641,BBOX_GAP_LOWER_BOUND
PAIR-032-051,G032,G051,TEXT_TEXT_INDEPENDENT,4,0,578.931,BBOX_GAP_LOWER_BOUND
PAIR-032-052,G032,G052,TEXT_TEXT_INDEPENDENT,4,0,40.46,BBOX_GAP_LOWER_BOUND
PAIR-032-053,G032,G053,TEXT_TEXT_INDEPENDENT,4,0,751.304,BBOX_GAP_LOWER_BOUND
PAIR-032-054,G032,G054,TEXT_TEXT_INDEPENDENT,4,0,730.945,BBOX_GAP_LOWER_BOUND
PAIR-032-055,G032,G055,TEXT_TEXT_INDEPENDENT,4,0,719.094,BBOX_GAP_LOWER_BOUND
PAIR-032-056,G032,G056,TEXT_TEXT_INDEPENDENT,4,0,701.327,BBOX_GAP_LOWER_BOUND
PAIR-032-057,G032,G057,TEXT_TEXT_INDEPENDENT,4,0,339.954,BBOX_GAP_LOWER_BOUND
PAIR-032-058,G032,G058,TEXT_TEXT_INDEPENDENT,4,0,324.446,BBOX_GAP_LOWER_BOUND
PAIR-032-059,G032,G059,TEXT_TEXT_INDEPENDENT,4,0,315.373,BBOX_GAP_LOWER_BOUND
PAIR-032-060,G032,G060,TEXT_TEXT_INDEPENDENT,4,0,312.006,BBOX_GAP_LOWER_BOUND
PAIR-032-061,G032,G061,TEXT_TEXT_INDEPENDENT,4,0,313.0,BBOX_GAP_LOWER_BOUND
PAIR-032-062,G032,G062,TEXT_TEXT_INDEPENDENT,4,0,313.637,BBOX_GAP_LOWER_BOUND
PAIR-032-063,G032,G063,TEXT_TEXT_INDEPENDENT,4,0,321.602,BBOX_GAP_LOWER_BOUND
PAIR-032-064,G032,G064,TEXT_TEXT_INDEPENDENT,4,0,335.574,BBOX_GAP_LOWER_BOUND
PAIR-032-065,G032,G065,TEXT_TEXT_INDEPENDENT,4,0,361.707,BBOX_GAP_LOWER_BOUND
PAIR-032-066,G032,G066,TEXT_TEXT_INDEPENDENT,4,0,369.738,BBOX_GAP_LOWER_BOUND
PAIR-032-067,G032,G067,TEXT_TEXT_INDEPENDENT,4,0,382.604,BBOX_GAP_LOWER_BOUND
PAIR-032-068,G032,G068,TEXT_TEXT_INDEPENDENT,4,0,389.967,BBOX_GAP_LOWER_BOUND
PAIR-032-069,G032,P1_AXES,TEXT_GRAPHIC,3,0,376.0,BBOX_GAP_LOWER_BOUND
PAIR-032-070,G032,P1_CURVE_MARKERS,TEXT_GRAPHIC,3,0,403.0,BBOX_GAP_LOWER_BOUND
PAIR-032-071,G032,P1_WARMUP_BOUNDARY,TEXT_GRAPHIC,3,0,453.894,BBOX_GAP_LOWER_BOUND
PAIR-032-072,G032,P1_EQ_WARMUP_TOP,TEXT_GRAPHIC,3,0,555.036,BBOX_GAP_LOWER_BOUND
PAIR-032-073,G032,P1_EQ_WARMUP_BOTTOM,TEXT_GRAPHIC,3,0,536.958,BBOX_GAP_LOWER_BOUND
PAIR-032-074,G032,P1_EQ_RETAIN_TOP,TEXT_GRAPHIC,3,0,598.101,BBOX_GAP_LOWER_BOUND
PAIR-032-075,G032,P1_EQ_RETAIN_BOTTOM,TEXT_GRAPHIC,3,0,579.99,BBOX_GAP_LOWER_BOUND
PAIR-032-076,G032,P2_AXES,TEXT_GRAPHIC,3,0,17.0,RAW_MASK_EXACT_KDTREE
PAIR-032-077,G032,P2_CURVE_MARKERS,TEXT_GRAPHIC,3,0,92.0,BBOX_GAP_LOWER_BOUND
PAIR-032-078,G032,P2_WARMUP_BOUNDARY,TEXT_GRAPHIC,3,0,242.998,BBOX_GAP_LOWER_BOUND
PAIR-032-079,G032,P2_TARGET_LINE,TEXT_GRAPHIC,3,0,152.0,BBOX_GAP_LOWER_BOUND
PAIR-032-080,G032,P2_YLABEL_OVERLINE,TEXT_GRAPHIC,3,0,754.381,BBOX_GAP_LOWER_BOUND
PAIR-032-081,G032,P2_TITLE_OVERLINE,TEXT_GRAPHIC,3,0,394.443,BBOX_GAP_LOWER_BOUND
PAIR-032-082,G032,P1_HATCH,TEXT_GRAPHIC,3,0,456.653,BBOX_GAP_LOWER_BOUND
PAIR-032-083,G032,P2_HATCH,TEXT_GRAPHIC,3,0,245.177,BBOX_GAP_LOWER_BOUND
PAIR-033-034,G033,G034,TEXT_TEXT_INDEPENDENT,4,0,254.0,BBOX_GAP_LOWER_BOUND
PAIR-033-035,G033,G035,TEXT_TEXT_INDEPENDENT,4,0,272.0,BBOX_GAP_LOWER_BOUND
PAIR-033-036,G033,G036,TEXT_TEXT_INDEPENDENT,4,0,542.0,BBOX_GAP_LOWER_BOUND
PAIR-033-037,G033,G037,TEXT_TEXT_INDEPENDENT,4,0,561.0,BBOX_GAP_LOWER_BOUND
PAIR-033-038,G033,G038,TEXT_TEXT_INDEPENDENT,4,0,610.184,BBOX_GAP_LOWER_BOUND
PAIR-033-039,G033,G039,TEXT_TEXT_INDEPENDENT,4,0,600.142,BBOX_GAP_LOWER_BOUND
PAIR-033-040,G033,G040,TEXT_TEXT_INDEPENDENT,4,0,580.181,BBOX_GAP_LOWER_BOUND
PAIR-033-041,G033,G041,TEXT_TEXT_INDEPENDENT,4,0,615.469,BBOX_GAP_LOWER_BOUND
PAIR-033-042,G033,G042,TEXT_TEXT_INDEPENDENT,4,0,605.43,BBOX_GAP_LOWER_BOUND
PAIR-033-043,G033,G043,TEXT_TEXT_INDEPENDENT,4,0,585.649,BBOX_GAP_LOWER_BOUND
PAIR-033-044,G033,G044,TEXT_TEXT_INDEPENDENT,4,0,594.95,BBOX_GAP_LOWER_BOUND
PAIR-033-045,G033,G045,TEXT_TEXT_INDEPENDENT,4,0,636.944,BBOX_GAP_LOWER_BOUND
PAIR-033-046,G033,G046,TEXT_TEXT_INDEPENDENT,4,0,629.019,BBOX_GAP_LOWER_BOUND
PAIR-033-047,G033,G047,TEXT_TEXT_INDEPENDENT,4,0,611.268,BBOX_GAP_LOWER_BOUND
PAIR-033-048,G033,G048,TEXT_TEXT_INDEPENDENT,4,0,450.824,BBOX_GAP_LOWER_BOUND
PAIR-033-049,G033,G049,TEXT_TEXT_INDEPENDENT,4,0,478.174,BBOX_GAP_LOWER_BOUND
PAIR-033-050,G033,G050,TEXT_TEXT_INDEPENDENT,4,0,513.118,BBOX_GAP_LOWER_BOUND
PAIR-033-051,G033,G051,TEXT_TEXT_INDEPENDENT,4,0,559.057,BBOX_GAP_LOWER_BOUND
PAIR-033-052,G033,G052,TEXT_TEXT_INDEPENDENT,4,0,30.265,BBOX_GAP_LOWER_BOUND
PAIR-033-053,G033,G053,TEXT_TEXT_INDEPENDENT,4,0,769.062,BBOX_GAP_LOWER_BOUND
PAIR-033-054,G033,G054,TEXT_TEXT_INDEPENDENT,4,0,748.73,BBOX_GAP_LOWER_BOUND
PAIR-033-055,G033,G055,TEXT_TEXT_INDEPENDENT,4,0,736.872,BBOX_GAP_LOWER_BOUND
PAIR-033-056,G033,G056,TEXT_TEXT_INDEPENDENT,4,0,719.094,BBOX_GAP_LOWER_BOUND
PAIR-033-057,G033,G057,TEXT_TEXT_INDEPENDENT,4,0,347.495,BBOX_GAP_LOWER_BOUND
PAIR-033-058,G033,G058,TEXT_TEXT_INDEPENDENT,4,0,329.838,BBOX_GAP_LOWER_BOUND
PAIR-033-059,G033,G059,TEXT_TEXT_INDEPENDENT,4,0,318.496,BBOX_GAP_LOWER_BOUND
PAIR-033-060,G033,G060,TEXT_TEXT_INDEPENDENT,4,0,312.64,BBOX_GAP_LOWER_BOUND
PAIR-033-061,G033,G061,TEXT_TEXT_INDEPENDENT,4,0,313.0,BBOX_GAP_LOWER_BOUND
PAIR-033-062,G033,G062,TEXT_TEXT_INDEPENDENT,4,0,312.16,BBOX_GAP_LOWER_BOUND
PAIR-033-063,G033,G063,TEXT_TEXT_INDEPENDENT,4,0,316.986,BBOX_GAP_LOWER_BOUND
PAIR-033-064,G033,G064,TEXT_TEXT_INDEPENDENT,4,0,328.283,BBOX_GAP_LOWER_BOUND
PAIR-033-065,G033,G065,TEXT_TEXT_INDEPENDENT,4,0,351.528,BBOX_GAP_LOWER_BOUND
PAIR-033-066,G033,G066,TEXT_TEXT_INDEPENDENT,4,0,357.762,BBOX_GAP_LOWER_BOUND
PAIR-033-067,G033,G067,TEXT_TEXT_INDEPENDENT,4,0,369.738,BBOX_GAP_LOWER_BOUND
PAIR-033-068,G033,G068,TEXT_TEXT_INDEPENDENT,4,0,376.651,BBOX_GAP_LOWER_BOUND
PAIR-033-069,G033,P1_AXES,TEXT_GRAPHIC,3,0,376.0,BBOX_GAP_LOWER_BOUND
PAIR-033-070,G033,P1_CURVE_MARKERS,TEXT_GRAPHIC,3,0,403.0,BBOX_GAP_LOWER_BOUND
PAIR-033-071,G033,P1_WARMUP_BOUNDARY,TEXT_GRAPHIC,3,0,463.741,BBOX_GAP_LOWER_BOUND
PAIR-033-072,G033,P1_EQ_WARMUP_TOP,TEXT_GRAPHIC,3,0,560.747,BBOX_GAP_LOWER_BOUND
PAIR-033-073,G033,P1_EQ_WARMUP_BOTTOM,TEXT_GRAPHIC,3,0,542.859,BBOX_GAP_LOWER_BOUND
PAIR-033-074,G033,P1_EQ_RETAIN_TOP,TEXT_GRAPHIC,3,0,591.927,BBOX_GAP_LOWER_BOUND
PAIR-033-075,G033,P1_EQ_RETAIN_BOTTOM,TEXT_GRAPHIC,3,0,573.62,BBOX_GAP_LOWER_BOUND
PAIR-033-076,G033,P2_AXES,TEXT_GRAPHIC,3,0,16.553,RAW_MASK_EXACT_KDTREE
PAIR-033-077,G033,P2_CURVE_MARKERS,TEXT_GRAPHIC,3,0,92.0,BBOX_GAP_LOWER_BOUND
PAIR-033-078,G033,P2_WARMUP_BOUNDARY,TEXT_GRAPHIC,3,0,260.929,BBOX_GAP_LOWER_BOUND
PAIR-033-079,G033,P2_TARGET_LINE,TEXT_GRAPHIC,3,0,152.0,BBOX_GAP_LOWER_BOUND
PAIR-033-080,G033,P2_YLABEL_OVERLINE,TEXT_GRAPHIC,3,0,771.975,BBOX_GAP_LOWER_BOUND
PAIR-033-081,G033,P2_TITLE_OVERLINE,TEXT_GRAPHIC,3,0,385.13,BBOX_GAP_LOWER_BOUND
PAIR-033-082,G033,P1_HATCH,TEXT_GRAPHIC,3,0,466.519,BBOX_GAP_LOWER_BOUND
PAIR-033-083,G033,P2_HATCH,TEXT_GRAPHIC,3,0,263.097,BBOX_GAP_LOWER_BOUND
PAIR-034-035,G034,G035,SAME_SEMANTIC_PARENT_DESIGN,0,0,4.0,BBOX_GAP_LOWER_BOUND
PAIR-034-036,G034,G036,TEXT_TEXT_INDEPENDENT,4,0,274.0,BBOX_GAP_LOWER_BOUND
PAIR-034-037,G034,G037,TEXT_TEXT_INDEPENDENT,4,0,293.0,BBOX_GAP_LOWER_BOUND
PAIR-034-038,G034,G038,TEXT_TEXT_INDEPENDENT,4,0,881.819,BBOX_GAP_LOWER_BOUND
PAIR-034-039,G034,G039,TEXT_TEXT_INDEPENDENT,4,0,871.786,BBOX_GAP_LOWER_BOUND
PAIR-034-040,G034,G040,TEXT_TEXT_INDEPENDENT,4,0,851.804,BBOX_GAP_LOWER_BOUND
PAIR-034-041,G034,G041,TEXT_TEXT_INDEPENDENT,4,0,885.484,BBOX_GAP_LOWER_BOUND
PAIR-034-042,G034,G042,TEXT_TEXT_INDEPENDENT,4,0,875.434,BBOX_GAP_LOWER_BOUND
PAIR-034-043,G034,G043,TEXT_TEXT_INDEPENDENT,4,0,855.538,BBOX_GAP_LOWER_BOUND
PAIR-034-044,G034,G044,TEXT_TEXT_INDEPENDENT,4,0,861.615,BBOX_GAP_LOWER_BOUND
PAIR-034-045,G034,G045,TEXT_TEXT_INDEPENDENT,4,0,899.939,BBOX_GAP_LOWER_BOUND
PAIR-034-046,G034,G046,TEXT_TEXT_INDEPENDENT,4,0,891.911,BBOX_GAP_LOWER_BOUND
PAIR-034-047,G034,G047,TEXT_TEXT_INDEPENDENT,4,0,873.586,BBOX_GAP_LOWER_BOUND
PAIR-034-048,G034,G048,TEXT_TEXT_INDEPENDENT,4,0,266.177,BBOX_GAP_LOWER_BOUND
PAIR-034-049,G034,G049,TEXT_TEXT_INDEPENDENT,4,0,281.258,BBOX_GAP_LOWER_BOUND
PAIR-034-050,G034,G050,TEXT_TEXT_INDEPENDENT,4,0,303.819,BBOX_GAP_LOWER_BOUND
PAIR-034-051,G034,G051,TEXT_TEXT_INDEPENDENT,4,0,338.764,BBOX_GAP_LOWER_BOUND
PAIR-034-052,G034,G052,TEXT_TEXT_INDEPENDENT,4,0,239.019,BBOX_GAP_LOWER_BOUND
PAIR-034-053,G034,G053,TEXT_TEXT_INDEPENDENT,4,0,1038.43,BBOX_GAP_LOWER_BOUND
PAIR-034-054,G034,G054,TEXT_TEXT_INDEPENDENT,4,0,1018.401,BBOX_GAP_LOWER_BOUND
PAIR-034-055,G034,G055,TEXT_TEXT_INDEPENDENT,4,0,1006.477,BBOX_GAP_LOWER_BOUND
PAIR-034-056,G034,G056,TEXT_TEXT_INDEPENDENT,4,0,988.595,BBOX_GAP_LOWER_BOUND
PAIR-034-057,G034,G057,TEXT_TEXT_INDEPENDENT,4,0,527.228,BBOX_GAP_LOWER_BOUND
PAIR-034-058,G034,G058,TEXT_TEXT_INDEPENDENT,4,0,490.902,BBOX_GAP_LOWER_BOUND
PAIR-034-059,G034,G059,TEXT_TEXT_INDEPENDENT,4,0,458.519,BBOX_GAP_LOWER_BOUND
PAIR-034-060,G034,G060,TEXT_TEXT_INDEPENDENT,4,0,427.327,BBOX_GAP_LOWER_BOUND
PAIR-034-061,G034,G061,TEXT_TEXT_INDEPENDENT,4,0,398.72,BBOX_GAP_LOWER_BOUND
PAIR-034-062,G034,G062,TEXT_TEXT_INDEPENDENT,4,0,371.14,BBOX_GAP_LOWER_BOUND
PAIR-034-063,G034,G063,TEXT_TEXT_INDEPENDENT,4,0,348.827,BBOX_GAP_LOWER_BOUND
PAIR-034-064,G034,G064,TEXT_TEXT_INDEPENDENT,4,0,332.435,BBOX_GAP_LOWER_BOUND
PAIR-034-065,G034,G065,TEXT_TEXT_INDEPENDENT,4,0,323.878,BBOX_GAP_LOWER_BOUND
PAIR-034-066,G034,G066,TEXT_TEXT_INDEPENDENT,4,0,309.401,BBOX_GAP_LOWER_BOUND
PAIR-034-067,G034,G067,TEXT_TEXT_INDEPENDENT,4,0,307.612,BBOX_GAP_LOWER_BOUND
PAIR-034-068,G034,G068,TEXT_TEXT_INDEPENDENT,4,0,305.866,BBOX_GAP_LOWER_BOUND
PAIR-034-069,G034,P1_AXES,TEXT_GRAPHIC,3,0,376.0,BBOX_GAP_LOWER_BOUND
PAIR-034-070,G034,P1_CURVE_MARKERS,TEXT_GRAPHIC,3,0,403.0,BBOX_GAP_LOWER_BOUND
PAIR-034-071,G034,P1_WARMUP_BOUNDARY,TEXT_GRAPHIC,3,0,656.11,BBOX_GAP_LOWER_BOUND
PAIR-034-072,G034,P1_EQ_WARMUP_TOP,TEXT_GRAPHIC,3,0,699.718,BBOX_GAP_LOWER_BOUND
PAIR-034-073,G034,P1_EQ_WARMUP_BOTTOM,TEXT_GRAPHIC,3,0,685.466,BBOX_GAP_LOWER_BOUND
PAIR-034-074,G034,P1_EQ_RETAIN_TOP,TEXT_GRAPHIC,3,0,575.905,BBOX_GAP_LOWER_BOUND
PAIR-034-075,G034,P1_EQ_RETAIN_BOTTOM,TEXT_GRAPHIC,3,0,557.072,BBOX_GAP_LOWER_BOUND
PAIR-034-076,G034,P2_AXES,TEXT_GRAPHIC,3,0,17.0,RAW_MASK_EXACT_KDTREE
PAIR-034-077,G034,P2_CURVE_MARKERS,TEXT_GRAPHIC,3,0,92.0,BBOX_GAP_LOWER_BOUND
PAIR-034-078,G034,P2_WARMUP_BOUNDARY,TEXT_GRAPHIC,3,0,532.455,BBOX_GAP_LOWER_BOUND
PAIR-034-079,G034,P2_TARGET_LINE,TEXT_GRAPHIC,3,0,152.0,BBOX_GAP_LOWER_BOUND
PAIR-034-080,G034,P2_YLABEL_OVERLINE,TEXT_GRAPHIC,3,0,1039.543,BBOX_GAP_LOWER_BOUND
PAIR-034-081,G034,P2_TITLE_OVERLINE,TEXT_GRAPHIC,3,0,359.49,BBOX_GAP_LOWER_BOUND
PAIR-034-082,G034,P1_HATCH,TEXT_GRAPHIC,3,0,658.902,BBOX_GAP_LOWER_BOUND
PAIR-034-083,G034,P2_HATCH,TEXT_GRAPHIC,3,0,534.539,BBOX_GAP_LOWER_BOUND
PAIR-035-036,G035,G036,TEXT_TEXT_INDEPENDENT,4,0,254.0,BBOX_GAP_LOWER_BOUND
PAIR-035-037,G035,G037,TEXT_TEXT_INDEPENDENT,4,0,273.0,BBOX_GAP_LOWER_BOUND
PAIR-035-038,G035,G038,TEXT_TEXT_INDEPENDENT,4,0,899.803,BBOX_GAP_LOWER_BOUND
PAIR-035-039,G035,G039,TEXT_TEXT_INDEPENDENT,4,0,889.77,BBOX_GAP_LOWER_BOUND
PAIR-035-040,G035,G040,TEXT_TEXT_INDEPENDENT,4,0,869.787,BBOX_GAP_LOWER_BOUND
PAIR-035-041,G035,G041,TEXT_TEXT_INDEPENDENT,4,0,903.395,BBOX_GAP_LOWER_BOUND
PAIR-035-042,G035,G042,TEXT_TEXT_INDEPENDENT,4,0,893.345,BBOX_GAP_LOWER_BOUND
PAIR-035-043,G035,G043,TEXT_TEXT_INDEPENDENT,4,0,873.444,BBOX_GAP_LOWER_BOUND
PAIR-035-044,G035,G044,TEXT_TEXT_INDEPENDENT,4,0,879.378,BBOX_GAP_LOWER_BOUND
PAIR-035-045,G035,G045,TEXT_TEXT_INDEPENDENT,4,0,917.528,BBOX_GAP_LOWER_BOUND
PAIR-035-046,G035,G046,TEXT_TEXT_INDEPENDENT,4,0,909.497,BBOX_GAP_LOWER_BOUND
PAIR-035-047,G035,G047,TEXT_TEXT_INDEPENDENT,4,0,891.15,BBOX_GAP_LOWER_BOUND
PAIR-035-048,G035,G048,TEXT_TEXT_INDEPENDENT,4,0,258.322,BBOX_GAP_LOWER_BOUND
PAIR-035-049,G035,G049,TEXT_TEXT_INDEPENDENT,4,0,271.488,BBOX_GAP_LOWER_BOUND
PAIR-035-050,G035,G050,TEXT_TEXT_INDEPENDENT,4,0,292.072,BBOX_GAP_LOWER_BOUND
PAIR-035-051,G035,G051,TEXT_TEXT_INDEPENDENT,4,0,325.209,BBOX_GAP_LOWER_BOUND
PAIR-035-052,G035,G052,TEXT_TEXT_INDEPENDENT,4,0,256.759,BBOX_GAP_LOWER_BOUND
PAIR-035-053,G035,G053,TEXT_TEXT_INDEPENDENT,4,0,1056.303,BBOX_GAP_LOWER_BOUND
PAIR-035-054,G035,G054,TEXT_TEXT_INDEPENDENT,4,0,1036.29,BBOX_GAP_LOWER_BOUND
PAIR-035-055,G035,G055,TEXT_TEXT_INDEPENDENT,4,0,1024.363,BBOX_GAP_LOWER_BOUND
PAIR-035-056,G035,G056,TEXT_TEXT_INDEPENDENT,4,0,1006.477,BBOX_GAP_LOWER_BOUND
PAIR-035-057,G035,G057,TEXT_TEXT_INDEPENDENT,4,0,541.842,BBOX_GAP_LOWER_BOUND
PAIR-035-058,G035,G058,TEXT_TEXT_INDEPENDENT,4,0,504.929,BBOX_GAP_LOWER_BOUND
PAIR-035-059,G035,G059,TEXT_TEXT_INDEPENDENT,4,0,471.869,BBOX_GAP_LOWER_BOUND
PAIR-035-060,G035,G060,TEXT_TEXT_INDEPENDENT,4,0,439.823,BBOX_GAP_LOWER_BOUND
PAIR-035-061,G035,G061,TEXT_TEXT_INDEPENDENT,4,0,410.115,BBOX_GAP_LOWER_BOUND
PAIR-035-062,G035,G062,TEXT_TEXT_INDEPENDENT,4,0,381.189,BBOX_GAP_LOWER_BOUND
PAIR-035-063,G035,G063,TEXT_TEXT_INDEPENDENT,4,0,357.239,BBOX_GAP_LOWER_BOUND
PAIR-035-064,G035,G064,TEXT_TEXT_INDEPENDENT,4,0,338.923,BBOX_GAP_LOWER_BOUND
PAIR-035-065,G035,G065,TEXT_TEXT_INDEPENDENT,4,0,328.294,BBOX_GAP_LOWER_BOUND
PAIR-035-066,G035,G066,TEXT_TEXT_INDEPENDENT,4,0,312.93,BBOX_GAP_LOWER_BOUND
PAIR-035-067,G035,G067,TEXT_TEXT_INDEPENDENT,4,0,310.466,BBOX_GAP_LOWER_BOUND
PAIR-035-068,G035,G068,TEXT_TEXT_INDEPENDENT,4,0,307.743,BBOX_GAP_LOWER_BOUND
PAIR-035-069,G035,P1_AXES,TEXT_GRAPHIC,3,0,376.0,BBOX_GAP_LOWER_BOUND
PAIR-035-070,G035,P1_CURVE_MARKERS,TEXT_GRAPHIC,3,0,403.0,BBOX_GAP_LOWER_BOUND
PAIR-035-071,G035,P1_WARMUP_BOUNDARY,TEXT_GRAPHIC,3,0,670.788,BBOX_GAP_LOWER_BOUND
PAIR-035-072,G035,P1_EQ_WARMUP_TOP,TEXT_GRAPHIC,3,0,711.63,BBOX_GAP_LOWER_BOUND
PAIR-035-073,G035,P1_EQ_WARMUP_BOTTOM,TEXT_GRAPHIC,3,0,697.622,BBOX_GAP_LOWER_BOUND
PAIR-035-074,G035,P1_EQ_RETAIN_TOP,TEXT_GRAPHIC,3,0,578.524,BBOX_GAP_LOWER_BOUND
PAIR-035-075,G035,P1_EQ_RETAIN_BOTTOM,TEXT_GRAPHIC,3,0,559.779,BBOX_GAP_LOWER_BOUND
PAIR-035-076,G035,P2_AXES,TEXT_GRAPHIC,3,0,16.155,RAW_MASK_EXACT_KDTREE
PAIR-035-077,G035,P2_CURVE_MARKERS,TEXT_GRAPHIC,3,0,92.0,BBOX_GAP_LOWER_BOUND
PAIR-035-078,G035,P2_WARMUP_BOUNDARY,TEXT_GRAPHIC,3,0,550.44,BBOX_GAP_LOWER_BOUND
PAIR-035-079,G035,P2_TARGET_LINE,TEXT_GRAPHIC,3,0,152.0,BBOX_GAP_LOWER_BOUND
PAIR-035-080,G035,P2_YLABEL_OVERLINE,TEXT_GRAPHIC,3,0,1057.33,BBOX_GAP_LOWER_BOUND
PAIR-035-081,G035,P2_TITLE_OVERLINE,TEXT_GRAPHIC,3,0,363.325,BBOX_GAP_LOWER_BOUND
PAIR-035-082,G035,P1_HATCH,TEXT_GRAPHIC,3,0,673.573,BBOX_GAP_LOWER_BOUND
PAIR-035-083,G035,P2_HATCH,TEXT_GRAPHIC,3,0,552.521,BBOX_GAP_LOWER_BOUND
PAIR-036-037,G036,G037,SAME_SEMANTIC_PARENT_DESIGN,0,0,1.0,BBOX_GAP_LOWER_BOUND
PAIR-036-038,G036,G038,TEXT_TEXT_INDEPENDENT,4,0,1169.617,BBOX_GAP_LOWER_BOUND
PAIR-036-039,G036,G039,TEXT_TEXT_INDEPENDENT,4,0,1159.59,BBOX_GAP_LOWER_BOUND
PAIR-036-040,G036,G040,TEXT_TEXT_INDEPENDENT,4,0,1139.601,BBOX_GAP_LOWER_BOUND
PAIR-036-041,G036,G041,TEXT_TEXT_INDEPENDENT,4,0,1172.383,BBOX_GAP_LOWER_BOUND
PAIR-036-042,G036,G042,TEXT_TEXT_INDEPENDENT,4,0,1162.336,BBOX_GAP_LOWER_BOUND
PAIR-036-043,G036,G043,TEXT_TEXT_INDEPENDENT,4,0,1142.394,BBOX_GAP_LOWER_BOUND
PAIR-036-044,G036,G044,TEXT_TEXT_INDEPENDENT,4,0,1146.702,BBOX_GAP_LOWER_BOUND
PAIR-036-045,G036,G045,TEXT_TEXT_INDEPENDENT,4,0,1182.852,BBOX_GAP_LOWER_BOUND
PAIR-036-046,G036,G046,TEXT_TEXT_INDEPENDENT,4,0,1174.796,BBOX_GAP_LOWER_BOUND
PAIR-036-047,G036,G047,TEXT_TEXT_INDEPENDENT,4,0,1156.222,BBOX_GAP_LOWER_BOUND
PAIR-036-048,G036,G048,TEXT_TEXT_INDEPENDENT,4,0,276.235,BBOX_GAP_LOWER_BOUND
PAIR-036-049,G036,G049,TEXT_TEXT_INDEPENDENT,4,0,257.608,BBOX_GAP_LOWER_BOUND
PAIR-036-050,G036,G050,TEXT_TEXT_INDEPENDENT,4,0,246.337,BBOX_GAP_LOWER_BOUND
PAIR-036-051,G036,G051,TEXT_TEXT_INDEPENDENT,4,0,244.902,BBOX_GAP_LOWER_BOUND
PAIR-036-052,G036,G052,TEXT_TEXT_INDEPENDENT,4,0,525.914,BBOX_GAP_LOWER_BOUND
PAIR-036-053,G036,G053,TEXT_TEXT_INDEPENDENT,4,0,1324.816,BBOX_GAP_LOWER_BOUND
PAIR-036-054,G036,G054,TEXT_TEXT_INDEPENDENT,4,0,1304.989,BBOX_GAP_LOWER_BOUND
PAIR-036-055,G036,G055,TEXT_TEXT_INDEPENDENT,4,0,1293.035,BBOX_GAP_LOWER_BOUND
PAIR-036-056,G036,G056,TEXT_TEXT_INDEPENDENT,4,0,1275.106,BBOX_GAP_LOWER_BOUND
PAIR-036-057,G036,G057,TEXT_TEXT_INDEPENDENT,4,0,778.276,BBOX_GAP_LOWER_BOUND
PAIR-036-058,G036,G058,TEXT_TEXT_INDEPENDENT,4,0,736.365,BBOX_GAP_LOWER_BOUND
PAIR-036-059,G036,G059,TEXT_TEXT_INDEPENDENT,4,0,697.653,BBOX_GAP_LOWER_BOUND
PAIR-036-060,G036,G060,TEXT_TEXT_INDEPENDENT,4,0,658.592,BBOX_GAP_LOWER_BOUND
PAIR-036-061,G036,G061,TEXT_TEXT_INDEPENDENT,4,0,619.834,BBOX_GAP_LOWER_BOUND
PAIR-036-062,G036,G062,TEXT_TEXT_INDEPENDENT,4,0,580.056,BBOX_GAP_LOWER_BOUND
PAIR-036-063,G036,G063,TEXT_TEXT_INDEPENDENT,4,0,542.66,BBOX_GAP_LOWER_BOUND
PAIR-036-064,G036,G064,TEXT_TEXT_INDEPENDENT,4,0,507.906,BBOX_GAP_LOWER_BOUND
PAIR-036-065,G036,G065,TEXT_TEXT_INDEPENDENT,4,0,478.265,BBOX_GAP_LOWER_BOUND
PAIR-036-066,G036,G066,TEXT_TEXT_INDEPENDENT,4,0,456.755,BBOX_GAP_LOWER_BOUND
PAIR-036-067,G036,G067,TEXT_TEXT_INDEPENDENT,4,0,447.894,BBOX_GAP_LOWER_BOUND
PAIR-036-068,G036,G068,TEXT_TEXT_INDEPENDENT,4,0,435.598,BBOX_GAP_LOWER_BOUND
PAIR-036-069,G036,P1_AXES,TEXT_GRAPHIC,3,0,376.0,BBOX_GAP_LOWER_BOUND
PAIR-036-070,G036,P1_CURVE_MARKERS,TEXT_GRAPHIC,3,0,403.0,BBOX_GAP_LOWER_BOUND
PAIR-036-071,G036,P1_WARMUP_BOUNDARY,TEXT_GRAPHIC,3,0,905.459,BBOX_GAP_LOWER_BOUND
PAIR-036-072,G036,P1_EQ_WARMUP_TOP,TEXT_GRAPHIC,3,0,914.526,BBOX_GAP_LOWER_BOUND
PAIR-036-073,G036,P1_EQ_WARMUP_BOTTOM,TEXT_GRAPHIC,3,0,903.668,BBOX_GAP_LOWER_BOUND
PAIR-036-074,G036,P1_EQ_RETAIN_TOP,TEXT_GRAPHIC,3,0,676.617,BBOX_GAP_LOWER_BOUND
PAIR-036-075,G036,P1_EQ_RETAIN_BOTTOM,TEXT_GRAPHIC,3,0,660.661,BBOX_GAP_LOWER_BOUND
PAIR-036-076,G036,P2_AXES,TEXT_GRAPHIC,3,0,16.553,RAW_MASK_EXACT_KDTREE
PAIR-036-077,G036,P2_CURVE_MARKERS,TEXT_GRAPHIC,3,0,92.0,BBOX_GAP_LOWER_BOUND
PAIR-036-078,G036,P2_WARMUP_BOUNDARY,TEXT_GRAPHIC,3,0,820.295,BBOX_GAP_LOWER_BOUND
PAIR-036-079,G036,P2_TARGET_LINE,TEXT_GRAPHIC,3,0,152.0,BBOX_GAP_LOWER_BOUND
PAIR-036-080,G036,P2_YLABEL_OVERLINE,TEXT_GRAPHIC,3,0,1324.819,BBOX_GAP_LOWER_BOUND
PAIR-036-081,G036,P2_TITLE_OVERLINE,TEXT_GRAPHIC,3,0,501.343,BBOX_GAP_LOWER_BOUND
PAIR-036-082,G036,P1_HATCH,TEXT_GRAPHIC,3,0,908.119,BBOX_GAP_LOWER_BOUND
PAIR-036-083,G036,P2_HATCH,TEXT_GRAPHIC,3,0,822.35,BBOX_GAP_LOWER_BOUND
PAIR-037-038,G037,G038,TEXT_TEXT_INDEPENDENT,4,0,1188.608,BBOX_GAP_LOWER_BOUND
PAIR-037-039,G037,G039,TEXT_TEXT_INDEPENDENT,4,0,1178.581,BBOX_GAP_LOWER_BOUND
PAIR-037-040,G037,G040,TEXT_TEXT_INDEPENDENT,4,0,1158.591,BBOX_GAP_LOWER_BOUND
PAIR-037-041,G037,G041,TEXT_TEXT_INDEPENDENT,4,0,1191.329,BBOX_GAP_LOWER_BOUND
PAIR-037-042,G037,G042,TEXT_TEXT_INDEPENDENT,4,0,1181.282,BBOX_GAP_LOWER_BOUND
PAIR-037-043,G037,G043,TEXT_TEXT_INDEPENDENT,4,0,1161.339,BBOX_GAP_LOWER_BOUND
PAIR-037-044,G037,G044,TEXT_TEXT_INDEPENDENT,4,0,1165.56,BBOX_GAP_LOWER_BOUND
PAIR-037-045,G037,G045,TEXT_TEXT_INDEPENDENT,4,0,1201.601,BBOX_GAP_LOWER_BOUND
PAIR-037-046,G037,G046,TEXT_TEXT_INDEPENDENT,4,0,1193.544,BBOX_GAP_LOWER_BOUND
PAIR-037-047,G037,G047,TEXT_TEXT_INDEPENDENT,4,0,1174.96,BBOX_GAP_LOWER_BOUND
PAIR-037-048,G037,G048,TEXT_TEXT_INDEPENDENT,4,0,286.002,BBOX_GAP_LOWER_BOUND
PAIR-037-049,G037,G049,TEXT_TEXT_INDEPENDENT,4,0,264.917,BBOX_GAP_LOWER_BOUND
PAIR-037-050,G037,G050,TEXT_TEXT_INDEPENDENT,4,0,250.96,BBOX_GAP_LOWER_BOUND
PAIR-037-051,G037,G051,TEXT_TEXT_INDEPENDENT,4,0,247.257,BBOX_GAP_LOWER_BOUND
PAIR-037-052,G037,G052,TEXT_TEXT_INDEPENDENT,4,0,544.827,BBOX_GAP_LOWER_BOUND
PAIR-037-053,G037,G053,TEXT_TEXT_INDEPENDENT,4,0,1343.734,BBOX_GAP_LOWER_BOUND
PAIR-037-054,G037,G054,TEXT_TEXT_INDEPENDENT,4,0,1323.917,BBOX_GAP_LOWER_BOUND
PAIR-037-055,G037,G055,TEXT_TEXT_INDEPENDENT,4,0,1311.962,BBOX_GAP_LOWER_BOUND
PAIR-037-056,G037,G056,TEXT_TEXT_INDEPENDENT,4,0,1294.031,BBOX_GAP_LOWER_BOUND
PAIR-037-057,G037,G057,TEXT_TEXT_INDEPENDENT,4,0,795.719,BBOX_GAP_LOWER_BOUND
PAIR-037-058,G037,G058,TEXT_TEXT_INDEPENDENT,4,0,753.618,BBOX_GAP_LOWER_BOUND
PAIR-037-059,G037,G059,TEXT_TEXT_INDEPENDENT,4,0,714.698,BBOX_GAP_LOWER_BOUND
PAIR-037-060,G037,G060,TEXT_TEXT_INDEPENDENT,4,0,675.385,BBOX_GAP_LOWER_BOUND
PAIR-037-061,G037,G061,TEXT_TEXT_INDEPENDENT,4,0,636.306,BBOX_GAP_LOWER_BOUND
PAIR-037-062,G037,G062,TEXT_TEXT_INDEPENDENT,4,0,596.161,BBOX_GAP_LOWER_BOUND
PAIR-037-063,G037,G063,TEXT_TEXT_INDEPENDENT,4,0,558.313,BBOX_GAP_LOWER_BOUND
PAIR-037-064,G037,G064,TEXT_TEXT_INDEPENDENT,4,0,523.001,BBOX_GAP_LOWER_BOUND
PAIR-037-065,G037,G065,TEXT_TEXT_INDEPENDENT,4,0,492.687,BBOX_GAP_LOWER_BOUND
PAIR-037-066,G037,G066,TEXT_TEXT_INDEPENDENT,4,0,471.069,BBOX_GAP_LOWER_BOUND
PAIR-037-067,G037,G067,TEXT_TEXT_INDEPENDENT,4,0,461.989,BBOX_GAP_LOWER_BOUND
PAIR-037-068,G037,G068,TEXT_TEXT_INDEPENDENT,4,0,449.361,BBOX_GAP_LOWER_BOUND
PAIR-037-069,G037,P1_AXES,TEXT_GRAPHIC,3,0,376.0,BBOX_GAP_LOWER_BOUND
PAIR-037-070,G037,P1_CURVE_MARKERS,TEXT_GRAPHIC,3,0,403.0,BBOX_GAP_LOWER_BOUND
PAIR-037-071,G037,P1_WARMUP_BOUNDARY,TEXT_GRAPHIC,3,0,922.701,BBOX_GAP_LOWER_BOUND
PAIR-037-072,G037,P1_EQ_WARMUP_TOP,TEXT_GRAPHIC,3,0,930.089,BBOX_GAP_LOWER_BOUND
PAIR-037-073,G037,P1_EQ_WARMUP_BOTTOM,TEXT_GRAPHIC,3,0,919.416,BBOX_GAP_LOWER_BOUND
PAIR-037-074,G037,P1_EQ_RETAIN_TOP,TEXT_GRAPHIC,3,0,686.997,BBOX_GAP_LOWER_BOUND
PAIR-037-075,G037,P1_EQ_RETAIN_BOTTOM,TEXT_GRAPHIC,3,0,671.288,BBOX_GAP_LOWER_BOUND
PAIR-037-076,G037,P2_AXES,TEXT_GRAPHIC,3,0,16.155,RAW_MASK_EXACT_KDTREE
PAIR-037-077,G037,P2_CURVE_MARKERS,TEXT_GRAPHIC,3,0,92.0,BBOX_GAP_LOWER_BOUND
PAIR-037-078,G037,P2_WARMUP_BOUNDARY,TEXT_GRAPHIC,3,0,839.288,BBOX_GAP_LOWER_BOUND
PAIR-037-079,G037,P2_TARGET_LINE,TEXT_GRAPHIC,3,0,152.266,BBOX_GAP_LOWER_BOUND
PAIR-037-080,G037,P2_YLABEL_OVERLINE,TEXT_GRAPHIC,3,0,1343.68,BBOX_GAP_LOWER_BOUND
PAIR-037-081,G037,P2_TITLE_OVERLINE,TEXT_GRAPHIC,3,0,515.009,BBOX_GAP_LOWER_BOUND
PAIR-037-082,G037,P1_HATCH,TEXT_GRAPHIC,3,0,925.352,BBOX_GAP_LOWER_BOUND
PAIR-037-083,G037,P2_HATCH,TEXT_GRAPHIC,3,0,841.342,BBOX_GAP_LOWER_BOUND
PAIR-038-039,G038,G039,SAME_SEMANTIC_PARENT_DESIGN,0,0,4.0,BBOX_GAP_LOWER_BOUND
PAIR-038-040,G038,G040,SAME_SEMANTIC_PARENT_DESIGN,0,0,13.0,BBOX_GAP_LOWER_BOUND
PAIR-038-041,G038,G041,TEXT_TEXT_INDEPENDENT,4,0,25.0,BBOX_GAP_LOWER_BOUND
PAIR-038-042,G038,G042,TEXT_TEXT_INDEPENDENT,4,0,24.331,BBOX_GAP_LOWER_BOUND
PAIR-038-043,G038,G043,TEXT_TEXT_INDEPENDENT,4,0,27.295,BBOX_GAP_LOWER_BOUND
PAIR-038-044,G038,G044,TEXT_TEXT_INDEPENDENT,4,0,78.09,BBOX_GAP_LOWER_BOUND
PAIR-038-045,G038,G045,TEXT_TEXT_INDEPENDENT,4,0,129.0,BBOX_GAP_LOWER_BOUND
PAIR-038-046,G038,G046,TEXT_TEXT_INDEPENDENT,4,0,128.062,BBOX_GAP_LOWER_BOUND
PAIR-038-047,G038,G047,TEXT_TEXT_INDEPENDENT,4,0,129.869,BBOX_GAP_LOWER_BOUND
PAIR-038-048,G038,G048,TEXT_TEXT_INDEPENDENT,4,0,1023.422,BBOX_GAP_LOWER_BOUND
PAIR-038-049,G038,G049,TEXT_TEXT_INDEPENDENT,4,0,1054.955,BBOX_GAP_LOWER_BOUND
PAIR-038-050,G038,G050,TEXT_TEXT_INDEPENDENT,4,0,1094.408,BBOX_GAP_LOWER_BOUND
PAIR-038-051,G038,G051,TEXT_TEXT_INDEPENDENT,4,0,1144.246,BBOX_GAP_LOWER_BOUND
PAIR-038-052,G038,G052,TEXT_TEXT_INDEPENDENT,4,0,638.111,BBOX_GAP_LOWER_BOUND
PAIR-038-053,G038,G053,TEXT_TEXT_INDEPENDENT,4,0,148.647,BBOX_GAP_LOWER_BOUND
PAIR-038-054,G038,G054,TEXT_TEXT_INDEPENDENT,4,0,127.236,BBOX_GAP_LOWER_BOUND
PAIR-038-055,G038,G055,TEXT_TEXT_INDEPENDENT,4,0,116.297,BBOX_GAP_LOWER_BOUND
PAIR-038-056,G038,G056,TEXT_TEXT_INDEPENDENT,4,0,100.344,BBOX_GAP_LOWER_BOUND
PAIR-038-057,G038,G057,TEXT_TEXT_INDEPENDENT,4,0,481.74,BBOX_GAP_LOWER_BOUND
PAIR-038-058,G038,G058,TEXT_TEXT_INDEPENDENT,4,0,523.474,BBOX_GAP_LOWER_BOUND
PAIR-038-059,G038,G059,TEXT_TEXT_INDEPENDENT,4,0,559.918,BBOX_GAP_LOWER_BOUND
PAIR-038-060,G038,G060,TEXT_TEXT_INDEPENDENT,4,0,600.594,BBOX_GAP_LOWER_BOUND
PAIR-038-061,G038,G061,TEXT_TEXT_INDEPENDENT,4,0,643.156,BBOX_GAP_LOWER_BOUND
PAIR-038-062,G038,G062,TEXT_TEXT_INDEPENDENT,4,0,683.574,BBOX_GAP_LOWER_BOUND
PAIR-038-063,G038,G063,TEXT_TEXT_INDEPENDENT,4,0,726.631,BBOX_GAP_LOWER_BOUND
PAIR-038-064,G038,G064,TEXT_TEXT_INDEPENDENT,4,0,767.514,BBOX_GAP_LOWER_BOUND
PAIR-038-065,G038,G065,TEXT_TEXT_INDEPENDENT,4,0,820.649,BBOX_GAP_LOWER_BOUND
PAIR-038-066,G038,G066,TEXT_TEXT_INDEPENDENT,4,0,848.927,BBOX_GAP_LOWER_BOUND
PAIR-038-067,G038,G067,TEXT_TEXT_INDEPENDENT,4,0,870.044,BBOX_GAP_LOWER_BOUND
PAIR-038-068,G038,G068,TEXT_TEXT_INDEPENDENT,4,0,881.581,BBOX_GAP_LOWER_BOUND
PAIR-038-069,G038,P1_AXES,TEXT_GRAPHIC,3,0,315.52,BBOX_GAP_LOWER_BOUND
PAIR-038-070,G038,P1_CURVE_MARKERS,TEXT_GRAPHIC,3,0,347.635,BBOX_GAP_LOWER_BOUND
PAIR-038-071,G038,P1_WARMUP_BOUNDARY,TEXT_GRAPHIC,3,0,470.558,BBOX_GAP_LOWER_BOUND
PAIR-038-072,G038,P1_EQ_WARMUP_TOP,TEXT_GRAPHIC,3,0,613.372,BBOX_GAP_LOWER_BOUND
PAIR-038-073,G038,P1_EQ_WARMUP_BOTTOM,TEXT_GRAPHIC,3,0,599.096,BBOX_GAP_LOWER_BOUND
PAIR-038-074,G038,P1_EQ_RETAIN_TOP,TEXT_GRAPHIC,3,0,932.812,BBOX_GAP_LOWER_BOUND
PAIR-038-075,G038,P1_EQ_RETAIN_BOTTOM,TEXT_GRAPHIC,3,0,922.623,BBOX_GAP_LOWER_BOUND
PAIR-038-076,G038,P2_AXES,TEXT_GRAPHIC,3,0,47.0,BBOX_GAP_LOWER_BOUND
PAIR-038-077,G038,P2_CURVE_MARKERS,TEXT_GRAPHIC,3,0,368.067,BBOX_GAP_LOWER_BOUND
PAIR-038-078,G038,P2_WARMUP_BOUNDARY,TEXT_GRAPHIC,3,0,345.0,BBOX_GAP_LOWER_BOUND
PAIR-038-079,G038,P2_TARGET_LINE,TEXT_GRAPHIC,3,0,357.015,BBOX_GAP_LOWER_BOUND
PAIR-038-080,G038,P2_YLABEL_OVERLINE,TEXT_GRAPHIC,3,0,163.808,BBOX_GAP_LOWER_BOUND
PAIR-038-081,G038,P2_TITLE_OVERLINE,TEXT_GRAPHIC,3,0,832.756,BBOX_GAP_LOWER_BOUND
PAIR-038-082,G038,P1_HATCH,TEXT_GRAPHIC,3,0,333.287,BBOX_GAP_LOWER_BOUND
PAIR-038-083,G038,P2_HATCH,TEXT_GRAPHIC,3,0,86.0,BBOX_GAP_LOWER_BOUND
PAIR-039-040,G039,G040,SAME_SEMANTIC_PARENT_DESIGN,0,0,3.0,BBOX_GAP_LOWER_BOUND
PAIR-039-041,G039,G041,TEXT_TEXT_INDEPENDENT,4,0,46.174,BBOX_GAP_LOWER_BOUND
PAIR-039-042,G039,G042,TEXT_TEXT_INDEPENDENT,4,0,45.0,BBOX_GAP_LOWER_BOUND
PAIR-039-043,G039,G043,TEXT_TEXT_INDEPENDENT,4,0,45.1,BBOX_GAP_LOWER_BOUND
PAIR-039-044,G039,G044,TEXT_TEXT_INDEPENDENT,4,0,98.046,BBOX_GAP_LOWER_BOUND
PAIR-039-045,G039,G045,TEXT_TEXT_INDEPENDENT,4,0,150.013,BBOX_GAP_LOWER_BOUND
PAIR-039-046,G039,G046,TEXT_TEXT_INDEPENDENT,4,0,149.0,BBOX_GAP_LOWER_BOUND
PAIR-039-047,G039,G047,TEXT_TEXT_INDEPENDENT,4,0,150.083,BBOX_GAP_LOWER_BOUND
PAIR-039-048,G039,G048,TEXT_TEXT_INDEPENDENT,4,0,1017.452,BBOX_GAP_LOWER_BOUND
PAIR-039-049,G039,G049,TEXT_TEXT_INDEPENDENT,4,0,1048.858,BBOX_GAP_LOWER_BOUND
PAIR-039-050,G039,G050,TEXT_TEXT_INDEPENDENT,4,0,1088.165,BBOX_GAP_LOWER_BOUND
PAIR-039-051,G039,G051,TEXT_TEXT_INDEPENDENT,4,0,1137.893,BBOX_GAP_LOWER_BOUND
PAIR-039-052,G039,G052,TEXT_TEXT_INDEPENDENT,4,0,628.074,BBOX_GAP_LOWER_BOUND
PAIR-039-053,G039,G053,TEXT_TEXT_INDEPENDENT,4,0,174.003,BBOX_GAP_LOWER_BOUND
PAIR-039-054,G039,G054,TEXT_TEXT_INDEPENDENT,4,0,152.532,BBOX_GAP_LOWER_BOUND
PAIR-039-055,G039,G055,TEXT_TEXT_INDEPENDENT,4,0,142.021,BBOX_GAP_LOWER_BOUND
PAIR-039-056,G039,G056,TEXT_TEXT_INDEPENDENT,4,0,126.752,BBOX_GAP_LOWER_BOUND
PAIR-039-057,G039,G057,TEXT_TEXT_INDEPENDENT,4,0,484.531,BBOX_GAP_LOWER_BOUND
PAIR-039-058,G039,G058,TEXT_TEXT_INDEPENDENT,4,0,525.13,BBOX_GAP_LOWER_BOUND
PAIR-039-059,G039,G059,TEXT_TEXT_INDEPENDENT,4,0,560.736,BBOX_GAP_LOWER_BOUND
PAIR-039-060,G039,G060,TEXT_TEXT_INDEPENDENT,4,0,600.608,BBOX_GAP_LOWER_BOUND
PAIR-039-061,G039,G061,TEXT_TEXT_INDEPENDENT,4,0,642.487,BBOX_GAP_LOWER_BOUND
PAIR-039-062,G039,G062,TEXT_TEXT_INDEPENDENT,4,0,682.268,BBOX_GAP_LOWER_BOUND
PAIR-039-063,G039,G063,TEXT_TEXT_INDEPENDENT,4,0,724.769,BBOX_GAP_LOWER_BOUND
PAIR-039-064,G039,G064,TEXT_TEXT_INDEPENDENT,4,0,765.216,BBOX_GAP_LOWER_BOUND
PAIR-039-065,G039,G065,TEXT_TEXT_INDEPENDENT,4,0,817.906,BBOX_GAP_LOWER_BOUND
PAIR-039-066,G039,G066,TEXT_TEXT_INDEPENDENT,4,0,845.612,BBOX_GAP_LOWER_BOUND
PAIR-039-067,G039,G067,TEXT_TEXT_INDEPENDENT,4,0,866.556,BBOX_GAP_LOWER_BOUND
PAIR-039-068,G039,G068,TEXT_TEXT_INDEPENDENT,4,0,878.002,BBOX_GAP_LOWER_BOUND
PAIR-039-069,G039,P1_AXES,TEXT_GRAPHIC,3,0,335.049,BBOX_GAP_LOWER_BOUND
PAIR-039-070,G039,P1_CURVE_MARKERS,TEXT_GRAPHIC,3,0,366.182,BBOX_GAP_LOWER_BOUND
PAIR-039-071,G039,P1_WARMUP_BOUNDARY,TEXT_GRAPHIC,3,0,478.023,BBOX_GAP_LOWER_BOUND
PAIR-039-072,G039,P1_EQ_WARMUP_TOP,TEXT_GRAPHIC,3,0,623.134,BBOX_GAP_LOWER_BOUND
PAIR-039-073,G039,P1_EQ_WARMUP_BOTTOM,TEXT_GRAPHIC,3,0,608.432,BBOX_GAP_LOWER_BOUND
PAIR-039-074,G039,P1_EQ_RETAIN_TOP,TEXT_GRAPHIC,3,0,936.116,BBOX_GAP_LOWER_BOUND
PAIR-039-075,G039,P1_EQ_RETAIN_BOTTOM,TEXT_GRAPHIC,3,0,925.532,BBOX_GAP_LOWER_BOUND
PAIR-039-076,G039,P2_AXES,TEXT_GRAPHIC,3,0,37.0,BBOX_GAP_LOWER_BOUND
PAIR-039-077,G039,P2_CURVE_MARKERS,TEXT_GRAPHIC,3,0,360.347,BBOX_GAP_LOWER_BOUND
PAIR-039-078,G039,P2_WARMUP_BOUNDARY,TEXT_GRAPHIC,3,0,335.0,BBOX_GAP_LOWER_BOUND
PAIR-039-079,G039,P2_TARGET_LINE,TEXT_GRAPHIC,3,0,353.238,BBOX_GAP_LOWER_BOUND
PAIR-039-080,G039,P2_YLABEL_OVERLINE,TEXT_GRAPHIC,3,0,190.851,BBOX_GAP_LOWER_BOUND
PAIR-039-081,G039,P2_TITLE_OVERLINE,TEXT_GRAPHIC,3,0,830.988,BBOX_GAP_LOWER_BOUND
PAIR-039-082,G039,P1_HATCH,TEXT_GRAPHIC,3,0,351.319,BBOX_GAP_LOWER_BOUND
PAIR-039-083,G039,P2_HATCH,TEXT_GRAPHIC,3,0,76.0,BBOX_GAP_LOWER_BOUND
PAIR-040-041,G040,G041,TEXT_TEXT_INDEPENDENT,4,0,28.178,BBOX_GAP_LOWER_BOUND
PAIR-040-042,G040,G042,TEXT_TEXT_INDEPENDENT,4,0,24.187,BBOX_GAP_LOWER_BOUND
PAIR-040-043,G040,G043,TEXT_TEXT_INDEPENDENT,4,0,24.0,BBOX_GAP_LOWER_BOUND
PAIR-040-044,G040,G044,TEXT_TEXT_INDEPENDENT,4,0,77.0,BBOX_GAP_LOWER_BOUND
PAIR-040-045,G040,G045,TEXT_TEXT_INDEPENDENT,4,0,129.468,BBOX_GAP_LOWER_BOUND
PAIR-040-046,G040,G046,TEXT_TEXT_INDEPENDENT,4,0,128.035,BBOX_GAP_LOWER_BOUND
PAIR-040-047,G040,G047,TEXT_TEXT_INDEPENDENT,4,0,129.0,BBOX_GAP_LOWER_BOUND
PAIR-040-048,G040,G048,TEXT_TEXT_INDEPENDENT,4,0,993.888,BBOX_GAP_LOWER_BOUND
PAIR-040-049,G040,G049,TEXT_TEXT_INDEPENDENT,4,0,1025.392,BBOX_GAP_LOWER_BOUND
PAIR-040-050,G040,G050,TEXT_TEXT_INDEPENDENT,4,0,1064.814,BBOX_GAP_LOWER_BOUND
PAIR-040-051,G040,G051,TEXT_TEXT_INDEPENDENT,4,0,1114.63,BBOX_GAP_LOWER_BOUND
PAIR-040-052,G040,G052,TEXT_TEXT_INDEPENDENT,4,0,608.307,BBOX_GAP_LOWER_BOUND
PAIR-040-053,G040,G053,TEXT_TEXT_INDEPENDENT,4,0,173.692,BBOX_GAP_LOWER_BOUND
PAIR-040-054,G040,G054,TEXT_TEXT_INDEPENDENT,4,0,152.434,BBOX_GAP_LOWER_BOUND
PAIR-040-055,G040,G055,TEXT_TEXT_INDEPENDENT,4,0,141.152,BBOX_GAP_LOWER_BOUND
PAIR-040-056,G040,G056,TEXT_TEXT_INDEPENDENT,4,0,124.483,BBOX_GAP_LOWER_BOUND
PAIR-040-057,G040,G057,TEXT_TEXT_INDEPENDENT,4,0,456.282,BBOX_GAP_LOWER_BOUND
PAIR-040-058,G040,G058,TEXT_TEXT_INDEPENDENT,4,0,497.257,BBOX_GAP_LOWER_BOUND
PAIR-040-059,G040,G059,TEXT_TEXT_INDEPENDENT,4,0,533.187,BBOX_GAP_LOWER_BOUND
PAIR-040-060,G040,G060,TEXT_TEXT_INDEPENDENT,4,0,573.405,BBOX_GAP_LOWER_BOUND
PAIR-040-061,G040,G061,TEXT_TEXT_INDEPENDENT,4,0,615.605,BBOX_GAP_LOWER_BOUND
PAIR-040-062,G040,G062,TEXT_TEXT_INDEPENDENT,4,0,655.708,BBOX_GAP_LOWER_BOUND
PAIR-040-063,G040,G063,TEXT_TEXT_INDEPENDENT,4,0,698.508,BBOX_GAP_LOWER_BOUND
PAIR-040-064,G040,G064,TEXT_TEXT_INDEPENDENT,4,0,739.2,BBOX_GAP_LOWER_BOUND
PAIR-040-065,G040,G065,TEXT_TEXT_INDEPENDENT,4,0,792.152,BBOX_GAP_LOWER_BOUND
PAIR-040-066,G040,G066,TEXT_TEXT_INDEPENDENT,4,0,820.205,BBOX_GAP_LOWER_BOUND
PAIR-040-067,G040,G067,TEXT_TEXT_INDEPENDENT,4,0,841.259,BBOX_GAP_LOWER_BOUND
PAIR-040-068,G040,G068,TEXT_TEXT_INDEPENDENT,4,0,852.763,BBOX_GAP_LOWER_BOUND
PAIR-040-069,G040,P1_AXES,TEXT_GRAPHIC,3,0,312.463,BBOX_GAP_LOWER_BOUND
PAIR-040-070,G040,P1_CURVE_MARKERS,TEXT_GRAPHIC,3,0,342.243,BBOX_GAP_LOWER_BOUND
PAIR-040-071,G040,P1_WARMUP_BOUNDARY,TEXT_GRAPHIC,3,0,449.027,BBOX_GAP_LOWER_BOUND
PAIR-040-072,G040,P1_EQ_WARMUP_TOP,TEXT_GRAPHIC,3,0,594.243,BBOX_GAP_LOWER_BOUND
PAIR-040-073,G040,P1_EQ_WARMUP_BOTTOM,TEXT_GRAPHIC,3,0,579.496,BBOX_GAP_LOWER_BOUND
PAIR-040-074,G040,P1_EQ_RETAIN_TOP,TEXT_GRAPHIC,3,0,907.776,BBOX_GAP_LOWER_BOUND
PAIR-040-075,G040,P1_EQ_RETAIN_BOTTOM,TEXT_GRAPHIC,3,0,897.303,BBOX_GAP_LOWER_BOUND
PAIR-040-076,G040,P2_AXES,TEXT_GRAPHIC,3,0,17.0,BBOX_GAP_LOWER_BOUND
PAIR-040-077,G040,P2_CURVE_MARKERS,TEXT_GRAPHIC,3,0,338.161,BBOX_GAP_LOWER_BOUND
PAIR-040-078,G040,P2_WARMUP_BOUNDARY,TEXT_GRAPHIC,3,0,315.0,BBOX_GAP_LOWER_BOUND
PAIR-040-079,G040,P2_TARGET_LINE,TEXT_GRAPHIC,3,0,328.024,BBOX_GAP_LOWER_BOUND
PAIR-040-080,G040,P2_YLABEL_OVERLINE,TEXT_GRAPHIC,3,0,186.253,BBOX_GAP_LOWER_BOUND
PAIR-040-081,G040,P2_TITLE_OVERLINE,TEXT_GRAPHIC,3,0,804.688,BBOX_GAP_LOWER_BOUND
PAIR-040-082,G040,P1_HATCH,TEXT_GRAPHIC,3,0,326.833,BBOX_GAP_LOWER_BOUND
PAIR-040-083,G040,P2_HATCH,TEXT_GRAPHIC,3,0,56.0,BBOX_GAP_LOWER_BOUND
PAIR-041-042,G041,G042,SAME_SEMANTIC_PARENT_DESIGN,0,0,4.0,BBOX_GAP_LOWER_BOUND
PAIR-041-043,G041,G043,SAME_SEMANTIC_PARENT_DESIGN,0,0,13.0,BBOX_GAP_LOWER_BOUND
PAIR-041-044,G041,G044,TEXT_TEXT_INDEPENDENT,4,0,29.069,BBOX_GAP_LOWER_BOUND
PAIR-041-045,G041,G045,TEXT_TEXT_INDEPENDENT,4,0,78.0,BBOX_GAP_LOWER_BOUND
PAIR-041-046,G041,G046,TEXT_TEXT_INDEPENDENT,4,0,77.104,BBOX_GAP_LOWER_BOUND
PAIR-041-047,G041,G047,TEXT_TEXT_INDEPENDENT,4,0,79.429,BBOX_GAP_LOWER_BOUND
PAIR-041-048,G041,G048,TEXT_TEXT_INDEPENDENT,4,0,1015.844,BBOX_GAP_LOWER_BOUND
PAIR-041-049,G041,G049,TEXT_TEXT_INDEPENDENT,4,0,1047.605,BBOX_GAP_LOWER_BOUND
PAIR-041-050,G041,G050,TEXT_TEXT_INDEPENDENT,4,0,1087.325,BBOX_GAP_LOWER_BOUND
PAIR-041-051,G041,G051,TEXT_TEXT_INDEPENDENT,4,0,1137.339,BBOX_GAP_LOWER_BOUND
PAIR-041-052,G041,G052,TEXT_TEXT_INDEPENDENT,4,0,647.67,BBOX_GAP_LOWER_BOUND
PAIR-041-053,G041,G053,TEXT_TEXT_INDEPENDENT,4,0,136.297,BBOX_GAP_LOWER_BOUND
PAIR-041-054,G041,G054,TEXT_TEXT_INDEPENDENT,4,0,117.0,BBOX_GAP_LOWER_BOUND
PAIR-041-055,G041,G055,TEXT_TEXT_INDEPENDENT,4,0,105.0,BBOX_GAP_LOWER_BOUND
PAIR-041-056,G041,G056,TEXT_TEXT_INDEPENDENT,4,0,87.0,BBOX_GAP_LOWER_BOUND
PAIR-041-057,G041,G057,TEXT_TEXT_INDEPENDENT,4,0,457.578,BBOX_GAP_LOWER_BOUND
PAIR-041-058,G041,G058,TEXT_TEXT_INDEPENDENT,4,0,501.328,BBOX_GAP_LOWER_BOUND
PAIR-041-059,G041,G059,TEXT_TEXT_INDEPENDENT,4,0,539.271,BBOX_GAP_LOWER_BOUND
PAIR-041-060,G041,G060,TEXT_TEXT_INDEPENDENT,4,0,581.393,BBOX_GAP_LOWER_BOUND
PAIR-041-061,G041,G061,TEXT_TEXT_INDEPENDENT,4,0,625.182,BBOX_GAP_LOWER_BOUND
PAIR-041-062,G041,G062,TEXT_TEXT_INDEPENDENT,4,0,666.767,BBOX_GAP_LOWER_BOUND
PAIR-041-063,G041,G063,TEXT_TEXT_INDEPENDENT,4,0,710.843,BBOX_GAP_LOWER_BOUND
PAIR-041-064,G041,G064,TEXT_TEXT_INDEPENDENT,4,0,752.516,BBOX_GAP_LOWER_BOUND
PAIR-041-065,G041,G065,TEXT_TEXT_INDEPENDENT,4,0,806.45,BBOX_GAP_LOWER_BOUND
PAIR-041-066,G041,G066,TEXT_TEXT_INDEPENDENT,4,0,835.88,BBOX_GAP_LOWER_BOUND
PAIR-041-067,G041,G067,TEXT_TEXT_INDEPENDENT,4,0,857.319,BBOX_GAP_LOWER_BOUND
PAIR-041-068,G041,G068,TEXT_TEXT_INDEPENDENT,4,0,869.025,BBOX_GAP_LOWER_BOUND
PAIR-041-069,G041,P1_AXES,TEXT_GRAPHIC,3,0,265.198,BBOX_GAP_LOWER_BOUND
PAIR-041-070,G041,P1_CURVE_MARKERS,TEXT_GRAPHIC,3,0,298.116,BBOX_GAP_LOWER_BOUND
PAIR-041-071,G041,P1_WARMUP_BOUNDARY,TEXT_GRAPHIC,3,0,437.477,BBOX_GAP_LOWER_BOUND
PAIR-041-072,G041,P1_EQ_WARMUP_TOP,TEXT_GRAPHIC,3,0,575.67,BBOX_GAP_LOWER_BOUND
PAIR-041-073,G041,P1_EQ_WARMUP_BOTTOM,TEXT_GRAPHIC,3,0,562.161,BBOX_GAP_LOWER_BOUND
PAIR-041-074,G041,P1_EQ_RETAIN_TOP,TEXT_GRAPHIC,3,0,906.104,BBOX_GAP_LOWER_BOUND
PAIR-041-075,G041,P1_EQ_RETAIN_BOTTOM,TEXT_GRAPHIC,3,0,896.693,BBOX_GAP_LOWER_BOUND
PAIR-041-076,G041,P2_AXES,TEXT_GRAPHIC,3,0,47.0,BBOX_GAP_LOWER_BOUND
PAIR-041-077,G041,P2_CURVE_MARKERS,TEXT_GRAPHIC,3,0,367.0,BBOX_GAP_LOWER_BOUND
PAIR-041-078,G041,P2_WARMUP_BOUNDARY,TEXT_GRAPHIC,3,0,345.0,BBOX_GAP_LOWER_BOUND
PAIR-041-079,G041,P2_TARGET_LINE,TEXT_GRAPHIC,3,0,347.973,BBOX_GAP_LOWER_BOUND
PAIR-041-080,G041,P2_YLABEL_OVERLINE,TEXT_GRAPHIC,3,0,139.786,BBOX_GAP_LOWER_BOUND
PAIR-041-081,G041,P2_TITLE_OVERLINE,TEXT_GRAPHIC,3,0,816.459,BBOX_GAP_LOWER_BOUND
PAIR-041-082,G041,P1_HATCH,TEXT_GRAPHIC,3,0,284.318,BBOX_GAP_LOWER_BOUND
PAIR-041-083,G041,P2_HATCH,TEXT_GRAPHIC,3,0,86.0,BBOX_GAP_LOWER_BOUND
PAIR-042-043,G042,G043,SAME_SEMANTIC_PARENT_DESIGN,0,0,3.0,BBOX_GAP_LOWER_BOUND
PAIR-042-044,G042,G044,TEXT_TEXT_INDEPENDENT,4,0,47.096,BBOX_GAP_LOWER_BOUND
PAIR-042-045,G042,G045,TEXT_TEXT_INDEPENDENT,4,0,99.02,BBOX_GAP_LOWER_BOUND
PAIR-042-046,G042,G046,TEXT_TEXT_INDEPENDENT,4,0,98.0,BBOX_GAP_LOWER_BOUND
PAIR-042-047,G042,G047,TEXT_TEXT_INDEPENDENT,4,0,99.126,BBOX_GAP_LOWER_BOUND
PAIR-042-048,G042,G048,TEXT_TEXT_INDEPENDENT,4,0,1008.768,BBOX_GAP_LOWER_BOUND
PAIR-042-049,G042,G049,TEXT_TEXT_INDEPENDENT,4,0,1040.437,BBOX_GAP_LOWER_BOUND
PAIR-042-050,G042,G050,TEXT_TEXT_INDEPENDENT,4,0,1080.05,BBOX_GAP_LOWER_BOUND
PAIR-042-051,G042,G051,TEXT_TEXT_INDEPENDENT,4,0,1130.0,BBOX_GAP_LOWER_BOUND
PAIR-042-052,G042,G052,TEXT_TEXT_INDEPENDENT,4,0,637.704,BBOX_GAP_LOWER_BOUND
PAIR-042-053,G042,G053,TEXT_TEXT_INDEPENDENT,4,0,156.895,BBOX_GAP_LOWER_BOUND
PAIR-042-054,G042,G054,TEXT_TEXT_INDEPENDENT,4,0,136.473,BBOX_GAP_LOWER_BOUND
PAIR-042-055,G042,G055,TEXT_TEXT_INDEPENDENT,4,0,124.615,BBOX_GAP_LOWER_BOUND
PAIR-042-056,G042,G056,TEXT_TEXT_INDEPENDENT,4,0,106.888,BBOX_GAP_LOWER_BOUND
PAIR-042-057,G042,G057,TEXT_TEXT_INDEPENDENT,4,0,458.184,BBOX_GAP_LOWER_BOUND
PAIR-042-058,G042,G058,TEXT_TEXT_INDEPENDENT,4,0,500.924,BBOX_GAP_LOWER_BOUND
PAIR-042-059,G042,G059,TEXT_TEXT_INDEPENDENT,4,0,538.134,BBOX_GAP_LOWER_BOUND
PAIR-042-060,G042,G060,TEXT_TEXT_INDEPENDENT,4,0,579.563,BBOX_GAP_LOWER_BOUND
PAIR-042-061,G042,G061,TEXT_TEXT_INDEPENDENT,4,0,622.776,BBOX_GAP_LOWER_BOUND
PAIR-042-062,G042,G062,TEXT_TEXT_INDEPENDENT,4,0,663.817,BBOX_GAP_LOWER_BOUND
PAIR-042-063,G042,G063,TEXT_TEXT_INDEPENDENT,4,0,707.427,BBOX_GAP_LOWER_BOUND
PAIR-042-064,G042,G064,TEXT_TEXT_INDEPENDENT,4,0,748.744,BBOX_GAP_LOWER_BOUND
PAIR-042-065,G042,G065,TEXT_TEXT_INDEPENDENT,4,0,802.325,BBOX_GAP_LOWER_BOUND
PAIR-042-066,G042,G066,TEXT_TEXT_INDEPENDENT,4,0,831.226,BBOX_GAP_LOWER_BOUND
PAIR-042-067,G042,G067,TEXT_TEXT_INDEPENDENT,4,0,852.524,BBOX_GAP_LOWER_BOUND
PAIR-042-068,G042,G068,TEXT_TEXT_INDEPENDENT,4,0,864.156,BBOX_GAP_LOWER_BOUND
PAIR-042-069,G042,P1_AXES,TEXT_GRAPHIC,3,0,284.417,BBOX_GAP_LOWER_BOUND
PAIR-042-070,G042,P1_CURVE_MARKERS,TEXT_GRAPHIC,3,0,316.18,BBOX_GAP_LOWER_BOUND
PAIR-042-071,G042,P1_WARMUP_BOUNDARY,TEXT_GRAPHIC,3,0,443.086,BBOX_GAP_LOWER_BOUND
PAIR-042-072,G042,P1_EQ_WARMUP_TOP,TEXT_GRAPHIC,3,0,584.23,BBOX_GAP_LOWER_BOUND
PAIR-042-073,G042,P1_EQ_WARMUP_BOTTOM,TEXT_GRAPHIC,3,0,570.225,BBOX_GAP_LOWER_BOUND
PAIR-042-074,G042,P1_EQ_RETAIN_TOP,TEXT_GRAPHIC,3,0,908.327,BBOX_GAP_LOWER_BOUND
PAIR-042-075,G042,P1_EQ_RETAIN_BOTTOM,TEXT_GRAPHIC,3,0,898.495,BBOX_GAP_LOWER_BOUND
PAIR-042-076,G042,P2_AXES,TEXT_GRAPHIC,3,0,37.0,BBOX_GAP_LOWER_BOUND
PAIR-042-077,G042,P2_CURVE_MARKERS,TEXT_GRAPHIC,3,0,357.0,BBOX_GAP_LOWER_BOUND
PAIR-042-078,G042,P2_WARMUP_BOUNDARY,TEXT_GRAPHIC,3,0,335.0,BBOX_GAP_LOWER_BOUND
PAIR-042-079,G042,P2_TARGET_LINE,TEXT_GRAPHIC,3,0,340.969,BBOX_GAP_LOWER_BOUND
PAIR-042-080,G042,P2_YLABEL_OVERLINE,TEXT_GRAPHIC,3,0,164.283,BBOX_GAP_LOWER_BOUND
PAIR-042-081,G042,P2_TITLE_OVERLINE,TEXT_GRAPHIC,3,0,813.34,BBOX_GAP_LOWER_BOUND
PAIR-042-082,G042,P1_HATCH,TEXT_GRAPHIC,3,0,301.728,BBOX_GAP_LOWER_BOUND
PAIR-042-083,G042,P2_HATCH,TEXT_GRAPHIC,3,0,76.0,BBOX_GAP_LOWER_BOUND
PAIR-043-044,G043,G044,TEXT_TEXT_INDEPENDENT,4,0,26.0,BBOX_GAP_LOWER_BOUND
PAIR-043-045,G043,G045,TEXT_TEXT_INDEPENDENT,4,0,78.772,BBOX_GAP_LOWER_BOUND
PAIR-043-046,G043,G046,TEXT_TEXT_INDEPENDENT,4,0,77.058,BBOX_GAP_LOWER_BOUND
PAIR-043-047,G043,G047,TEXT_TEXT_INDEPENDENT,4,0,78.0,BBOX_GAP_LOWER_BOUND
PAIR-043-048,G043,G048,TEXT_TEXT_INDEPENDENT,4,0,986.083,BBOX_GAP_LOWER_BOUND
PAIR-043-049,G043,G049,TEXT_TEXT_INDEPENDENT,4,0,1017.829,BBOX_GAP_LOWER_BOUND
PAIR-043-050,G043,G050,TEXT_TEXT_INDEPENDENT,4,0,1057.533,BBOX_GAP_LOWER_BOUND
PAIR-043-051,G043,G051,TEXT_TEXT_INDEPENDENT,4,0,1107.538,BBOX_GAP_LOWER_BOUND
PAIR-043-052,G043,G052,TEXT_TEXT_INDEPENDENT,4,0,618.244,BBOX_GAP_LOWER_BOUND
PAIR-043-053,G043,G053,TEXT_TEXT_INDEPENDENT,4,0,163.248,BBOX_GAP_LOWER_BOUND
PAIR-043-054,G043,G054,TEXT_TEXT_INDEPENDENT,4,0,144.0,BBOX_GAP_LOWER_BOUND
PAIR-043-055,G043,G055,TEXT_TEXT_INDEPENDENT,4,0,132.0,BBOX_GAP_LOWER_BOUND
PAIR-043-056,G043,G056,TEXT_TEXT_INDEPENDENT,4,0,114.0,BBOX_GAP_LOWER_BOUND
PAIR-043-057,G043,G057,TEXT_TEXT_INDEPENDENT,4,0,430.695,BBOX_GAP_LOWER_BOUND
PAIR-043-058,G043,G058,TEXT_TEXT_INDEPENDENT,4,0,473.888,BBOX_GAP_LOWER_BOUND
PAIR-043-059,G043,G059,TEXT_TEXT_INDEPENDENT,4,0,511.462,BBOX_GAP_LOWER_BOUND
PAIR-043-060,G043,G060,TEXT_TEXT_INDEPENDENT,4,0,553.261,BBOX_GAP_LOWER_BOUND
PAIR-043-061,G043,G061,TEXT_TEXT_INDEPENDENT,4,0,596.802,BBOX_GAP_LOWER_BOUND
PAIR-043-062,G043,G062,TEXT_TEXT_INDEPENDENT,4,0,638.168,BBOX_GAP_LOWER_BOUND
PAIR-043-063,G043,G063,TEXT_TEXT_INDEPENDENT,4,0,682.069,BBOX_GAP_LOWER_BOUND
PAIR-043-064,G043,G064,TEXT_TEXT_INDEPENDENT,4,0,723.616,BBOX_GAP_LOWER_BOUND
PAIR-043-065,G043,G065,TEXT_TEXT_INDEPENDENT,4,0,777.433,BBOX_GAP_LOWER_BOUND
PAIR-043-066,G043,G066,TEXT_TEXT_INDEPENDENT,4,0,806.694,BBOX_GAP_LOWER_BOUND
PAIR-043-067,G043,G067,TEXT_TEXT_INDEPENDENT,4,0,828.092,BBOX_GAP_LOWER_BOUND
PAIR-043-068,G043,G068,TEXT_TEXT_INDEPENDENT,4,0,839.776,BBOX_GAP_LOWER_BOUND
PAIR-043-069,G043,P1_AXES,TEXT_GRAPHIC,3,0,261.553,BBOX_GAP_LOWER_BOUND
PAIR-043-070,G043,P1_CURVE_MARKERS,TEXT_GRAPHIC,3,0,291.81,BBOX_GAP_LOWER_BOUND
PAIR-043-071,G043,P1_WARMUP_BOUNDARY,TEXT_GRAPHIC,3,0,414.229,BBOX_GAP_LOWER_BOUND
PAIR-043-072,G043,P1_EQ_WARMUP_TOP,TEXT_GRAPHIC,3,0,555.244,BBOX_GAP_LOWER_BOUND
PAIR-043-073,G043,P1_EQ_WARMUP_BOTTOM,TEXT_GRAPHIC,3,0,541.225,BBOX_GAP_LOWER_BOUND
PAIR-043-074,G043,P1_EQ_RETAIN_TOP,TEXT_GRAPHIC,3,0,880.31,BBOX_GAP_LOWER_BOUND
PAIR-043-075,G043,P1_EQ_RETAIN_BOTTOM,TEXT_GRAPHIC,3,0,870.619,BBOX_GAP_LOWER_BOUND
PAIR-043-076,G043,P2_AXES,TEXT_GRAPHIC,3,0,17.0,BBOX_GAP_LOWER_BOUND
PAIR-043-077,G043,P2_CURVE_MARKERS,TEXT_GRAPHIC,3,0,337.0,BBOX_GAP_LOWER_BOUND
PAIR-043-078,G043,P2_WARMUP_BOUNDARY,TEXT_GRAPHIC,3,0,315.0,BBOX_GAP_LOWER_BOUND
PAIR-043-079,G043,P2_TARGET_LINE,TEXT_GRAPHIC,3,0,318.159,BBOX_GAP_LOWER_BOUND
PAIR-043-080,G043,P2_YLABEL_OVERLINE,TEXT_GRAPHIC,3,0,165.52,BBOX_GAP_LOWER_BOUND
PAIR-043-081,G043,P2_TITLE_OVERLINE,TEXT_GRAPHIC,3,0,787.81,BBOX_GAP_LOWER_BOUND
PAIR-043-082,G043,P1_HATCH,TEXT_GRAPHIC,3,0,276.725,BBOX_GAP_LOWER_BOUND
PAIR-043-083,G043,P2_HATCH,TEXT_GRAPHIC,3,0,56.0,BBOX_GAP_LOWER_BOUND
PAIR-044-045,G044,G045,TEXT_TEXT_INDEPENDENT,4,0,28.231,BBOX_GAP_LOWER_BOUND
PAIR-044-046,G044,G046,TEXT_TEXT_INDEPENDENT,4,0,25.179,BBOX_GAP_LOWER_BOUND
PAIR-044-047,G044,G047,TEXT_TEXT_INDEPENDENT,4,0,26.0,BBOX_GAP_LOWER_BOUND
PAIR-044-048,G044,G048,TEXT_TEXT_INDEPENDENT,4,0,979.798,BBOX_GAP_LOWER_BOUND
PAIR-044-049,G044,G049,TEXT_TEXT_INDEPENDENT,4,0,1011.71,BBOX_GAP_LOWER_BOUND
PAIR-044-050,G044,G050,TEXT_TEXT_INDEPENDENT,4,0,1051.607,BBOX_GAP_LOWER_BOUND
PAIR-044-051,G044,G051,TEXT_TEXT_INDEPENDENT,4,0,1101.694,BBOX_GAP_LOWER_BOUND
PAIR-044-052,G044,G052,TEXT_TEXT_INDEPENDENT,4,0,631.826,BBOX_GAP_LOWER_BOUND
PAIR-044-053,G044,G053,TEXT_TEXT_INDEPENDENT,4,0,163.0,BBOX_GAP_LOWER_BOUND
PAIR-044-054,G044,G054,TEXT_TEXT_INDEPENDENT,4,0,144.087,BBOX_GAP_LOWER_BOUND
PAIR-044-055,G044,G055,TEXT_TEXT_INDEPENDENT,4,0,132.306,BBOX_GAP_LOWER_BOUND
PAIR-044-056,G044,G056,TEXT_TEXT_INDEPENDENT,4,0,114.158,BBOX_GAP_LOWER_BOUND
PAIR-044-057,G044,G057,TEXT_TEXT_INDEPENDENT,4,0,408.594,BBOX_GAP_LOWER_BOUND
PAIR-044-058,G044,G058,TEXT_TEXT_INDEPENDENT,4,0,453.79,BBOX_GAP_LOWER_BOUND
PAIR-044-059,G044,G059,TEXT_TEXT_INDEPENDENT,4,0,492.814,BBOX_GAP_LOWER_BOUND
PAIR-044-060,G044,G060,TEXT_TEXT_INDEPENDENT,4,0,535.986,BBOX_GAP_LOWER_BOUND
PAIR-044-061,G044,G061,TEXT_TEXT_INDEPENDENT,4,0,580.655,BBOX_GAP_LOWER_BOUND
PAIR-044-062,G044,G062,TEXT_TEXT_INDEPENDENT,4,0,623.106,BBOX_GAP_LOWER_BOUND
PAIR-044-063,G044,G063,TEXT_TEXT_INDEPENDENT,4,0,667.929,BBOX_GAP_LOWER_BOUND
PAIR-044-064,G044,G064,TEXT_TEXT_INDEPENDENT,4,0,710.17,BBOX_GAP_LOWER_BOUND
PAIR-044-065,G044,G065,TEXT_TEXT_INDEPENDENT,4,0,764.657,BBOX_GAP_LOWER_BOUND
PAIR-044-066,G044,G066,TEXT_TEXT_INDEPENDENT,4,0,795.068,BBOX_GAP_LOWER_BOUND
PAIR-044-067,G044,G067,TEXT_TEXT_INDEPENDENT,4,0,816.743,BBOX_GAP_LOWER_BOUND
PAIR-044-068,G044,G068,TEXT_TEXT_INDEPENDENT,4,0,828.573,BBOX_GAP_LOWER_BOUND
PAIR-044-069,G044,P1_AXES,TEXT_GRAPHIC,3,0,209.612,BBOX_GAP_LOWER_BOUND
PAIR-044-070,G044,P1_CURVE_MARKERS,TEXT_GRAPHIC,3,0,240.441,BBOX_GAP_LOWER_BOUND
PAIR-044-071,G044,P1_WARMUP_BOUNDARY,TEXT_GRAPHIC,3,0,381.687,BBOX_GAP_LOWER_BOUND
PAIR-044-072,G044,P1_EQ_WARMUP_TOP,TEXT_GRAPHIC,3,0,516.919,BBOX_GAP_LOWER_BOUND
PAIR-044-073,G044,P1_EQ_WARMUP_BOTTOM,TEXT_GRAPHIC,3,0,503.796,BBOX_GAP_LOWER_BOUND
PAIR-044-074,G044,P1_EQ_RETAIN_TOP,TEXT_GRAPHIC,3,0,853.651,BBOX_GAP_LOWER_BOUND
PAIR-044-075,G044,P1_EQ_RETAIN_BOTTOM,TEXT_GRAPHIC,3,0,844.825,BBOX_GAP_LOWER_BOUND
PAIR-044-076,G044,P2_AXES,TEXT_GRAPHIC,3,0,16.0,BBOX_GAP_LOWER_BOUND
PAIR-044-077,G044,P2_CURVE_MARKERS,TEXT_GRAPHIC,3,0,336.0,BBOX_GAP_LOWER_BOUND
PAIR-044-078,G044,P2_WARMUP_BOUNDARY,TEXT_GRAPHIC,3,0,314.0,BBOX_GAP_LOWER_BOUND
PAIR-044-079,G044,P2_TARGET_LINE,TEXT_GRAPHIC,3,0,315.0,BBOX_GAP_LOWER_BOUND
PAIR-044-080,G044,P2_YLABEL_OVERLINE,TEXT_GRAPHIC,3,0,159.0,BBOX_GAP_LOWER_BOUND
PAIR-044-081,G044,P2_TITLE_OVERLINE,TEXT_GRAPHIC,3,0,772.72,BBOX_GAP_LOWER_BOUND
PAIR-044-082,G044,P1_HATCH,TEXT_GRAPHIC,3,0,225.801,BBOX_GAP_LOWER_BOUND
PAIR-044-083,G044,P2_HATCH,TEXT_GRAPHIC,3,0,55.0,BBOX_GAP_LOWER_BOUND
PAIR-045-046,G045,G046,SAME_SEMANTIC_PARENT_DESIGN,0,0,2.0,BBOX_GAP_LOWER_BOUND
PAIR-045-047,G045,G047,SAME_SEMANTIC_PARENT_DESIGN,0,0,13.0,BBOX_GAP_LOWER_BOUND
PAIR-045-048,G045,G048,TEXT_TEXT_INDEPENDENT,4,0,1006.241,BBOX_GAP_LOWER_BOUND
PAIR-045-049,G045,G049,TEXT_TEXT_INDEPENDENT,4,0,1038.233,BBOX_GAP_LOWER_BOUND
PAIR-045-050,G045,G050,TEXT_TEXT_INDEPENDENT,4,0,1078.224,BBOX_GAP_LOWER_BOUND
PAIR-045-051,G045,G051,TEXT_TEXT_INDEPENDENT,4,0,1128.277,BBOX_GAP_LOWER_BOUND
PAIR-045-052,G045,G052,TEXT_TEXT_INDEPENDENT,4,0,676.861,BBOX_GAP_LOWER_BOUND
PAIR-045-053,G045,G053,TEXT_TEXT_INDEPENDENT,4,0,139.56,BBOX_GAP_LOWER_BOUND
PAIR-045-054,G045,G054,TEXT_TEXT_INDEPENDENT,4,0,128.351,BBOX_GAP_LOWER_BOUND
PAIR-045-055,G045,G055,TEXT_TEXT_INDEPENDENT,4,0,119.708,BBOX_GAP_LOWER_BOUND
PAIR-045-056,G045,G056,TEXT_TEXT_INDEPENDENT,4,0,102.903,BBOX_GAP_LOWER_BOUND
PAIR-045-057,G045,G057,TEXT_TEXT_INDEPENDENT,4,0,421.391,BBOX_GAP_LOWER_BOUND
PAIR-045-058,G045,G058,TEXT_TEXT_INDEPENDENT,4,0,468.327,BBOX_GAP_LOWER_BOUND
PAIR-045-059,G045,G059,TEXT_TEXT_INDEPENDENT,4,0,508.575,BBOX_GAP_LOWER_BOUND
PAIR-045-060,G045,G060,TEXT_TEXT_INDEPENDENT,4,0,552.878,BBOX_GAP_LOWER_BOUND
PAIR-045-061,G045,G061,TEXT_TEXT_INDEPENDENT,4,0,598.429,BBOX_GAP_LOWER_BOUND
PAIR-045-062,G045,G062,TEXT_TEXT_INDEPENDENT,4,0,641.774,BBOX_GAP_LOWER_BOUND
PAIR-045-063,G045,G063,TEXT_TEXT_INDEPENDENT,4,0,687.321,BBOX_GAP_LOWER_BOUND
PAIR-045-064,G045,G064,TEXT_TEXT_INDEPENDENT,4,0,730.077,BBOX_GAP_LOWER_BOUND
PAIR-045-065,G045,G065,TEXT_TEXT_INDEPENDENT,4,0,785.016,BBOX_GAP_LOWER_BOUND
PAIR-045-066,G045,G066,TEXT_TEXT_INDEPENDENT,4,0,816.541,BBOX_GAP_LOWER_BOUND
PAIR-045-067,G045,G067,TEXT_TEXT_INDEPENDENT,4,0,838.422,BBOX_GAP_LOWER_BOUND
PAIR-045-068,G045,G068,TEXT_TEXT_INDEPENDENT,4,0,850.36,BBOX_GAP_LOWER_BOUND
PAIR-045-069,G045,P1_AXES,TEXT_GRAPHIC,3,0,163.322,BBOX_GAP_LOWER_BOUND
PAIR-045-070,G045,P1_CURVE_MARKERS,TEXT_GRAPHIC,3,0,198.698,BBOX_GAP_LOWER_BOUND
PAIR-045-071,G045,P1_WARMUP_BOUNDARY,TEXT_GRAPHIC,3,0,380.623,BBOX_GAP_LOWER_BOUND
PAIR-045-072,G045,P1_EQ_WARMUP_TOP,TEXT_GRAPHIC,3,0,504.484,BBOX_GAP_LOWER_BOUND
PAIR-045-073,G045,P1_EQ_WARMUP_BOTTOM,TEXT_GRAPHIC,3,0,493.037,BBOX_GAP_LOWER_BOUND
PAIR-045-074,G045,P1_EQ_RETAIN_TOP,TEXT_GRAPHIC,3,0,856.659,BBOX_GAP_LOWER_BOUND
PAIR-045-075,G045,P1_EQ_RETAIN_BOTTOM,TEXT_GRAPHIC,3,0,849.029,BBOX_GAP_LOWER_BOUND
PAIR-045-076,G045,P2_AXES,TEXT_GRAPHIC,3,0,45.0,BBOX_GAP_LOWER_BOUND
PAIR-045-077,G045,P2_CURVE_MARKERS,TEXT_GRAPHIC,3,0,365.034,BBOX_GAP_LOWER_BOUND
PAIR-045-078,G045,P2_WARMUP_BOUNDARY,TEXT_GRAPHIC,3,0,343.0,BBOX_GAP_LOWER_BOUND
PAIR-045-079,G045,P2_TARGET_LINE,TEXT_GRAPHIC,3,0,346.092,BBOX_GAP_LOWER_BOUND
PAIR-045-080,G045,P2_YLABEL_OVERLINE,TEXT_GRAPHIC,3,0,133.195,BBOX_GAP_LOWER_BOUND
PAIR-045-081,G045,P2_TITLE_OVERLINE,TEXT_GRAPHIC,3,0,790.441,BBOX_GAP_LOWER_BOUND
PAIR-045-082,G045,P1_HATCH,TEXT_GRAPHIC,3,0,186.936,BBOX_GAP_LOWER_BOUND
PAIR-045-083,G045,P2_HATCH,TEXT_GRAPHIC,3,0,84.0,BBOX_GAP_LOWER_BOUND
PAIR-046-047,G046,G047,SAME_SEMANTIC_PARENT_DESIGN,0,0,5.0,BBOX_GAP_LOWER_BOUND
PAIR-046-048,G046,G048,TEXT_TEXT_INDEPENDENT,4,0,998.926,BBOX_GAP_LOWER_BOUND
PAIR-046-049,G046,G049,TEXT_TEXT_INDEPENDENT,4,0,1030.897,BBOX_GAP_LOWER_BOUND
PAIR-046-050,G046,G050,TEXT_TEXT_INDEPENDENT,4,0,1070.864,BBOX_GAP_LOWER_BOUND
PAIR-046-051,G046,G051,TEXT_TEXT_INDEPENDENT,4,0,1120.944,BBOX_GAP_LOWER_BOUND
PAIR-046-052,G046,G052,TEXT_TEXT_INDEPENDENT,4,0,669.061,BBOX_GAP_LOWER_BOUND
PAIR-046-053,G046,G053,TEXT_TEXT_INDEPENDENT,4,0,158.619,BBOX_GAP_LOWER_BOUND
PAIR-046-054,G046,G054,TEXT_TEXT_INDEPENDENT,4,0,146.154,BBOX_GAP_LOWER_BOUND
PAIR-046-055,G046,G055,TEXT_TEXT_INDEPENDENT,4,0,136.854,BBOX_GAP_LOWER_BOUND
PAIR-046-056,G046,G056,TEXT_TEXT_INDEPENDENT,4,0,119.474,BBOX_GAP_LOWER_BOUND
PAIR-046-057,G046,G057,TEXT_TEXT_INDEPENDENT,4,0,418.814,BBOX_GAP_LOWER_BOUND
PAIR-046-058,G046,G058,TEXT_TEXT_INDEPENDENT,4,0,465.185,BBOX_GAP_LOWER_BOUND
PAIR-046-059,G046,G059,TEXT_TEXT_INDEPENDENT,4,0,505.035,BBOX_GAP_LOWER_BOUND
PAIR-046-060,G046,G060,TEXT_TEXT_INDEPENDENT,4,0,548.967,BBOX_GAP_LOWER_BOUND
PAIR-046-061,G046,G061,TEXT_TEXT_INDEPENDENT,4,0,594.234,BBOX_GAP_LOWER_BOUND
PAIR-046-062,G046,G062,TEXT_TEXT_INDEPENDENT,4,0,637.279,BBOX_GAP_LOWER_BOUND
PAIR-046-063,G046,G063,TEXT_TEXT_INDEPENDENT,4,0,682.587,BBOX_GAP_LOWER_BOUND
PAIR-046-064,G046,G064,TEXT_TEXT_INDEPENDENT,4,0,725.177,BBOX_GAP_LOWER_BOUND
PAIR-046-065,G046,G065,TEXT_TEXT_INDEPENDENT,4,0,779.978,BBOX_GAP_LOWER_BOUND
PAIR-046-066,G046,G066,TEXT_TEXT_INDEPENDENT,4,0,811.089,BBOX_GAP_LOWER_BOUND
PAIR-046-067,G046,G067,TEXT_TEXT_INDEPENDENT,4,0,832.902,BBOX_GAP_LOWER_BOUND
PAIR-046-068,G046,G068,TEXT_TEXT_INDEPENDENT,4,0,844.804,BBOX_GAP_LOWER_BOUND
PAIR-046-069,G046,P1_AXES,TEXT_GRAPHIC,3,0,181.805,BBOX_GAP_LOWER_BOUND
PAIR-046-070,G046,P1_CURVE_MARKERS,TEXT_GRAPHIC,3,0,215.671,BBOX_GAP_LOWER_BOUND
PAIR-046-071,G046,P1_WARMUP_BOUNDARY,TEXT_GRAPHIC,3,0,383.172,BBOX_GAP_LOWER_BOUND
PAIR-046-072,G046,P1_EQ_WARMUP_TOP,TEXT_GRAPHIC,3,0,511.528,BBOX_GAP_LOWER_BOUND
PAIR-046-073,G046,P1_EQ_WARMUP_BOTTOM,TEXT_GRAPHIC,3,0,499.444,BBOX_GAP_LOWER_BOUND
PAIR-046-074,G046,P1_EQ_RETAIN_TOP,TEXT_GRAPHIC,3,0,858.288,BBOX_GAP_LOWER_BOUND
PAIR-046-075,G046,P1_EQ_RETAIN_BOTTOM,TEXT_GRAPHIC,3,0,850.203,BBOX_GAP_LOWER_BOUND
PAIR-046-076,G046,P2_AXES,TEXT_GRAPHIC,3,0,37.0,BBOX_GAP_LOWER_BOUND
PAIR-046-077,G046,P2_CURVE_MARKERS,TEXT_GRAPHIC,3,0,357.022,BBOX_GAP_LOWER_BOUND
PAIR-046-078,G046,P2_WARMUP_BOUNDARY,TEXT_GRAPHIC,3,0,335.0,BBOX_GAP_LOWER_BOUND
PAIR-046-079,G046,P2_TARGET_LINE,TEXT_GRAPHIC,3,0,338.031,BBOX_GAP_LOWER_BOUND
PAIR-046-080,G046,P2_YLABEL_OVERLINE,TEXT_GRAPHIC,3,0,152.591,BBOX_GAP_LOWER_BOUND
PAIR-046-081,G046,P2_TITLE_OVERLINE,TEXT_GRAPHIC,3,0,786.426,BBOX_GAP_LOWER_BOUND
PAIR-046-082,G046,P1_HATCH,TEXT_GRAPHIC,3,0,202.781,BBOX_GAP_LOWER_BOUND
PAIR-046-083,G046,P2_HATCH,TEXT_GRAPHIC,3,0,76.0,BBOX_GAP_LOWER_BOUND
PAIR-047-048,G047,G048,TEXT_TEXT_INDEPENDENT,4,0,979.247,BBOX_GAP_LOWER_BOUND
PAIR-047-049,G047,G049,TEXT_TEXT_INDEPENDENT,4,0,1011.239,BBOX_GAP_LOWER_BOUND
PAIR-047-050,G047,G050,TEXT_TEXT_INDEPENDENT,4,0,1051.23,BBOX_GAP_LOWER_BOUND
PAIR-047-051,G047,G051,TEXT_TEXT_INDEPENDENT,4,0,1101.284,BBOX_GAP_LOWER_BOUND
PAIR-047-052,G047,G052,TEXT_TEXT_INDEPENDENT,4,0,651.847,BBOX_GAP_LOWER_BOUND
PAIR-047-053,G047,G053,TEXT_TEXT_INDEPENDENT,4,0,169.546,BBOX_GAP_LOWER_BOUND
PAIR-047-054,G047,G054,TEXT_TEXT_INDEPENDENT,4,0,156.732,BBOX_GAP_LOWER_BOUND
PAIR-047-055,G047,G055,TEXT_TEXT_INDEPENDENT,4,0,147.231,BBOX_GAP_LOWER_BOUND
PAIR-047-056,G047,G056,TEXT_TEXT_INDEPENDENT,4,0,129.692,BBOX_GAP_LOWER_BOUND
PAIR-047-057,G047,G057,TEXT_TEXT_INDEPENDENT,4,0,395.101,BBOX_GAP_LOWER_BOUND
PAIR-047-058,G047,G058,TEXT_TEXT_INDEPENDENT,4,0,441.897,BBOX_GAP_LOWER_BOUND
PAIR-047-059,G047,G059,TEXT_TEXT_INDEPENDENT,4,0,482.056,BBOX_GAP_LOWER_BOUND
PAIR-047-060,G047,G060,TEXT_TEXT_INDEPENDENT,4,0,526.282,BBOX_GAP_LOWER_BOUND
PAIR-047-061,G047,G061,TEXT_TEXT_INDEPENDENT,4,0,571.78,BBOX_GAP_LOWER_BOUND
PAIR-047-062,G047,G062,TEXT_TEXT_INDEPENDENT,4,0,615.072,BBOX_GAP_LOWER_BOUND
PAIR-047-063,G047,G063,TEXT_TEXT_INDEPENDENT,4,0,660.579,BBOX_GAP_LOWER_BOUND
PAIR-047-064,G047,G064,TEXT_TEXT_INDEPENDENT,4,0,703.31,BBOX_GAP_LOWER_BOUND
PAIR-047-065,G047,G065,TEXT_TEXT_INDEPENDENT,4,0,758.23,BBOX_GAP_LOWER_BOUND
PAIR-047-066,G047,G066,TEXT_TEXT_INDEPENDENT,4,0,789.697,BBOX_GAP_LOWER_BOUND
PAIR-047-067,G047,G067,TEXT_TEXT_INDEPENDENT,4,0,811.569,BBOX_GAP_LOWER_BOUND
PAIR-047-068,G047,G068,TEXT_TEXT_INDEPENDENT,4,0,823.503,BBOX_GAP_LOWER_BOUND
PAIR-047-069,G047,P1_AXES,TEXT_GRAPHIC,3,0,158.028,BBOX_GAP_LOWER_BOUND
PAIR-047-070,G047,P1_CURVE_MARKERS,TEXT_GRAPHIC,3,0,190.158,BBOX_GAP_LOWER_BOUND
PAIR-047-071,G047,P1_WARMUP_BOUNDARY,TEXT_GRAPHIC,3,0,356.484,BBOX_GAP_LOWER_BOUND
PAIR-047-072,G047,P1_EQ_WARMUP_TOP,TEXT_GRAPHIC,3,0,483.468,BBOX_GAP_LOWER_BOUND
PAIR-047-073,G047,P1_EQ_WARMUP_BOTTOM,TEXT_GRAPHIC,3,0,471.51,BBOX_GAP_LOWER_BOUND
PAIR-047-074,G047,P1_EQ_RETAIN_TOP,TEXT_GRAPHIC,3,0,832.118,BBOX_GAP_LOWER_BOUND
PAIR-047-075,G047,P1_EQ_RETAIN_BOTTOM,TEXT_GRAPHIC,3,0,824.26,BBOX_GAP_LOWER_BOUND
PAIR-047-076,G047,P2_AXES,TEXT_GRAPHIC,3,0,18.0,BBOX_GAP_LOWER_BOUND
PAIR-047-077,G047,P2_CURVE_MARKERS,TEXT_GRAPHIC,3,0,338.037,BBOX_GAP_LOWER_BOUND
PAIR-047-078,G047,P2_WARMUP_BOUNDARY,TEXT_GRAPHIC,3,0,316.0,BBOX_GAP_LOWER_BOUND
PAIR-047-079,G047,P2_TARGET_LINE,TEXT_GRAPHIC,3,0,319.269,BBOX_GAP_LOWER_BOUND
PAIR-047-080,G047,P2_YLABEL_OVERLINE,TEXT_GRAPHIC,3,0,163.591,BBOX_GAP_LOWER_BOUND
PAIR-047-081,G047,P2_TITLE_OVERLINE,TEXT_GRAPHIC,3,0,763.846,BBOX_GAP_LOWER_BOUND
PAIR-047-082,G047,P1_HATCH,TEXT_GRAPHIC,3,0,176.46,BBOX_GAP_LOWER_BOUND
PAIR-047-083,G047,P2_HATCH,TEXT_GRAPHIC,3,0,57.0,BBOX_GAP_LOWER_BOUND
PAIR-048-049,G048,G049,SAME_SEMANTIC_PARENT_DESIGN,0,0,6.0,BBOX_GAP_LOWER_BOUND
PAIR-048-050,G048,G050,SAME_SEMANTIC_PARENT_DESIGN,0,0,46.0,BBOX_GAP_LOWER_BOUND
PAIR-048-051,G048,G051,SAME_SEMANTIC_PARENT_DESIGN,0,0,96.0,BBOX_GAP_LOWER_BOUND
PAIR-048-052,G048,G052,TEXT_TEXT_INDEPENDENT,4,0,470.425,BBOX_GAP_LOWER_BOUND
PAIR-048-053,G048,G053,TEXT_TEXT_INDEPENDENT,4,0,1161.264,BBOX_GAP_LOWER_BOUND
PAIR-048-054,G048,G054,TEXT_TEXT_INDEPENDENT,4,0,1143.83,BBOX_GAP_LOWER_BOUND
PAIR-048-055,G048,G055,TEXT_TEXT_INDEPENDENT,4,0,1132.259,BBOX_GAP_LOWER_BOUND
PAIR-048-056,G048,G056,TEXT_TEXT_INDEPENDENT,4,0,1114.054,BBOX_GAP_LOWER_BOUND
PAIR-048-057,G048,G057,TEXT_TEXT_INDEPENDENT,4,0,553.173,BBOX_GAP_LOWER_BOUND
PAIR-048-058,G048,G058,TEXT_TEXT_INDEPENDENT,4,0,507.279,BBOX_GAP_LOWER_BOUND
PAIR-048-059,G048,G059,TEXT_TEXT_INDEPENDENT,4,0,464.397,BBOX_GAP_LOWER_BOUND
PAIR-048-060,G048,G060,TEXT_TEXT_INDEPENDENT,4,0,420.544,BBOX_GAP_LOWER_BOUND
PAIR-048-061,G048,G061,TEXT_TEXT_INDEPENDENT,4,0,375.826,BBOX_GAP_LOWER_BOUND
PAIR-048-062,G048,G062,TEXT_TEXT_INDEPENDENT,4,0,329.97,BBOX_GAP_LOWER_BOUND
PAIR-048-063,G048,G063,TEXT_TEXT_INDEPENDENT,4,0,285.281,BBOX_GAP_LOWER_BOUND
PAIR-048-064,G048,G064,TEXT_TEXT_INDEPENDENT,4,0,241.847,BBOX_GAP_LOWER_BOUND
PAIR-048-065,G048,G065,TEXT_TEXT_INDEPENDENT,4,0,202.0,BBOX_GAP_LOWER_BOUND
PAIR-048-066,G048,G066,TEXT_TEXT_INDEPENDENT,4,0,181.334,BBOX_GAP_LOWER_BOUND
PAIR-048-067,G048,G067,TEXT_TEXT_INDEPENDENT,4,0,169.499,BBOX_GAP_LOWER_BOUND
PAIR-048-068,G048,G068,TEXT_TEXT_INDEPENDENT,4,0,152.778,BBOX_GAP_LOWER_BOUND
PAIR-048-069,G048,P1_AXES,TEXT_GRAPHIC,3,0,100.0,BBOX_GAP_LOWER_BOUND
PAIR-048-070,G048,P1_CURVE_MARKERS,TEXT_GRAPHIC,3,0,127.0,BBOX_GAP_LOWER_BOUND
PAIR-048-071,G048,P1_WARMUP_BOUNDARY,TEXT_GRAPHIC,3,0,667.791,BBOX_GAP_LOWER_BOUND
PAIR-048-072,G048,P1_EQ_WARMUP_TOP,TEXT_GRAPHIC,3,0,637.365,BBOX_GAP_LOWER_BOUND
PAIR-048-073,G048,P1_EQ_WARMUP_BOTTOM,TEXT_GRAPHIC,3,0,630.064,BBOX_GAP_LOWER_BOUND
PAIR-048-074,G048,P1_EQ_RETAIN_TOP,TEXT_GRAPHIC,3,0,357.532,BBOX_GAP_LOWER_BOUND
PAIR-048-075,G048,P1_EQ_RETAIN_BOTTOM,TEXT_GRAPHIC,3,0,342.023,BBOX_GAP_LOWER_BOUND
PAIR-048-076,G048,P2_AXES,TEXT_GRAPHIC,3,0,217.0,RAW_MASK_EXACT_KDTREE
PAIR-048-077,G048,P2_CURVE_MARKERS,TEXT_GRAPHIC,3,0,53.0,BBOX_GAP_LOWER_BOUND
PAIR-048-078,G048,P2_WARMUP_BOUNDARY,TEXT_GRAPHIC,3,0,659.0,BBOX_GAP_LOWER_BOUND
PAIR-048-079,G048,P2_TARGET_LINE,TEXT_GRAPHIC,3,0,86.0,BBOX_GAP_LOWER_BOUND
PAIR-048-080,G048,P2_YLABEL_OVERLINE,TEXT_GRAPHIC,3,0,1156.566,BBOX_GAP_LOWER_BOUND
PAIR-048-081,G048,P2_TITLE_OVERLINE,TEXT_GRAPHIC,3,0,209.652,BBOX_GAP_LOWER_BOUND
PAIR-048-082,G048,P1_HATCH,TEXT_GRAPHIC,3,0,670.09,BBOX_GAP_LOWER_BOUND
PAIR-048-083,G048,P2_HATCH,TEXT_GRAPHIC,3,0,661.0,BBOX_GAP_LOWER_BOUND
PAIR-049-050,G049,G050,SAME_SEMANTIC_PARENT_DESIGN,0,0,2.0,BBOX_GAP_LOWER_BOUND
PAIR-049-051,G049,G051,SAME_SEMANTIC_PARENT_DESIGN,0,0,52.0,BBOX_GAP_LOWER_BOUND
PAIR-049-052,G049,G052,TEXT_TEXT_INDEPENDENT,4,0,495.601,BBOX_GAP_LOWER_BOUND
PAIR-049-053,G049,G053,TEXT_TEXT_INDEPENDENT,4,0,1193.176,BBOX_GAP_LOWER_BOUND
PAIR-049-054,G049,G054,TEXT_TEXT_INDEPENDENT,4,0,1175.698,BBOX_GAP_LOWER_BOUND
PAIR-049-055,G049,G055,TEXT_TEXT_INDEPENDENT,4,0,1164.114,BBOX_GAP_LOWER_BOUND
PAIR-049-056,G049,G056,TEXT_TEXT_INDEPENDENT,4,0,1145.913,BBOX_GAP_LOWER_BOUND
PAIR-049-057,G049,G057,TEXT_TEXT_INDEPENDENT,4,0,585.109,BBOX_GAP_LOWER_BOUND
PAIR-049-058,G049,G058,TEXT_TEXT_INDEPENDENT,4,0,539.203,BBOX_GAP_LOWER_BOUND
PAIR-049-059,G049,G059,TEXT_TEXT_INDEPENDENT,4,0,496.307,BBOX_GAP_LOWER_BOUND
PAIR-049-060,G049,G060,TEXT_TEXT_INDEPENDENT,4,0,452.435,BBOX_GAP_LOWER_BOUND
PAIR-049-061,G049,G061,TEXT_TEXT_INDEPENDENT,4,0,407.682,BBOX_GAP_LOWER_BOUND
PAIR-049-062,G049,G062,TEXT_TEXT_INDEPENDENT,4,0,361.796,BBOX_GAP_LOWER_BOUND
PAIR-049-063,G049,G063,TEXT_TEXT_INDEPENDENT,4,0,317.05,BBOX_GAP_LOWER_BOUND
PAIR-049-064,G049,G064,TEXT_TEXT_INDEPENDENT,4,0,273.514,BBOX_GAP_LOWER_BOUND
PAIR-049-065,G049,G065,TEXT_TEXT_INDEPENDENT,4,0,233.452,BBOX_GAP_LOWER_BOUND
PAIR-049-066,G049,G066,TEXT_TEXT_INDEPENDENT,4,0,212.984,BBOX_GAP_LOWER_BOUND
PAIR-049-067,G049,G067,TEXT_TEXT_INDEPENDENT,4,0,201.102,BBOX_GAP_LOWER_BOUND
PAIR-049-068,G049,G068,TEXT_TEXT_INDEPENDENT,4,0,184.296,BBOX_GAP_LOWER_BOUND
PAIR-049-069,G049,P1_AXES,TEXT_GRAPHIC,3,0,100.0,BBOX_GAP_LOWER_BOUND
PAIR-049-070,G049,P1_CURVE_MARKERS,TEXT_GRAPHIC,3,0,127.0,BBOX_GAP_LOWER_BOUND
PAIR-049-071,G049,P1_WARMUP_BOUNDARY,TEXT_GRAPHIC,3,0,699.389,BBOX_GAP_LOWER_BOUND
PAIR-049-072,G049,P1_EQ_WARMUP_TOP,TEXT_GRAPHIC,3,0,666.857,BBOX_GAP_LOWER_BOUND
PAIR-049-073,G049,P1_EQ_WARMUP_BOTTOM,TEXT_GRAPHIC,3,0,659.883,BBOX_GAP_LOWER_BOUND
PAIR-049-074,G049,P1_EQ_RETAIN_TOP,TEXT_GRAPHIC,3,0,376.538,BBOX_GAP_LOWER_BOUND
PAIR-049-075,G049,P1_EQ_RETAIN_BOTTOM,TEXT_GRAPHIC,3,0,361.845,BBOX_GAP_LOWER_BOUND
PAIR-049-076,G049,P2_AXES,TEXT_GRAPHIC,3,0,217.0,RAW_MASK_EXACT_KDTREE
PAIR-049-077,G049,P2_CURVE_MARKERS,TEXT_GRAPHIC,3,0,53.0,BBOX_GAP_LOWER_BOUND
PAIR-049-078,G049,P2_WARMUP_BOUNDARY,TEXT_GRAPHIC,3,0,691.0,BBOX_GAP_LOWER_BOUND
PAIR-049-079,G049,P2_TARGET_LINE,TEXT_GRAPHIC,3,0,86.0,BBOX_GAP_LOWER_BOUND
PAIR-049-080,G049,P2_YLABEL_OVERLINE,TEXT_GRAPHIC,3,0,1188.497,BBOX_GAP_LOWER_BOUND
PAIR-049-081,G049,P2_TITLE_OVERLINE,TEXT_GRAPHIC,3,0,239.704,BBOX_GAP_LOWER_BOUND
PAIR-049-082,G049,P1_HATCH,TEXT_GRAPHIC,3,0,701.676,BBOX_GAP_LOWER_BOUND
PAIR-049-083,G049,P2_HATCH,TEXT_GRAPHIC,3,0,693.0,BBOX_GAP_LOWER_BOUND
PAIR-050-051,G050,G051,SAME_SEMANTIC_PARENT_DESIGN,0,0,12.0,BBOX_GAP_LOWER_BOUND
PAIR-050-052,G050,G052,TEXT_TEXT_INDEPENDENT,4,0,528.11,BBOX_GAP_LOWER_BOUND
PAIR-050-053,G050,G053,TEXT_TEXT_INDEPENDENT,4,0,1233.073,BBOX_GAP_LOWER_BOUND
PAIR-050-054,G050,G054,TEXT_TEXT_INDEPENDENT,4,0,1215.543,BBOX_GAP_LOWER_BOUND
PAIR-050-055,G050,G055,TEXT_TEXT_INDEPENDENT,4,0,1203.944,BBOX_GAP_LOWER_BOUND
PAIR-050-056,G050,G056,TEXT_TEXT_INDEPENDENT,4,0,1185.747,BBOX_GAP_LOWER_BOUND
PAIR-050-057,G050,G057,TEXT_TEXT_INDEPENDENT,4,0,625.038,BBOX_GAP_LOWER_BOUND
PAIR-050-058,G050,G058,TEXT_TEXT_INDEPENDENT,4,0,579.12,BBOX_GAP_LOWER_BOUND
PAIR-050-059,G050,G059,TEXT_TEXT_INDEPENDENT,4,0,536.21,BBOX_GAP_LOWER_BOUND
PAIR-050-060,G050,G060,TEXT_TEXT_INDEPENDENT,4,0,492.318,BBOX_GAP_LOWER_BOUND
PAIR-050-061,G050,G061,TEXT_TEXT_INDEPENDENT,4,0,447.532,BBOX_GAP_LOWER_BOUND
PAIR-050-062,G050,G062,TEXT_TEXT_INDEPENDENT,4,0,401.617,BBOX_GAP_LOWER_BOUND
PAIR-050-063,G050,G063,TEXT_TEXT_INDEPENDENT,4,0,356.821,BBOX_GAP_LOWER_BOUND
PAIR-050-064,G050,G064,TEXT_TEXT_INDEPENDENT,4,0,313.193,BBOX_GAP_LOWER_BOUND
PAIR-050-065,G050,G065,TEXT_TEXT_INDEPENDENT,4,0,272.947,BBOX_GAP_LOWER_BOUND
PAIR-050-066,G050,G066,TEXT_TEXT_INDEPENDENT,4,0,252.67,BBOX_GAP_LOWER_BOUND
PAIR-050-067,G050,G067,TEXT_TEXT_INDEPENDENT,4,0,240.753,BBOX_GAP_LOWER_BOUND
PAIR-050-068,G050,G068,TEXT_TEXT_INDEPENDENT,4,0,223.886,BBOX_GAP_LOWER_BOUND
PAIR-050-069,G050,P1_AXES,TEXT_GRAPHIC,3,0,100.0,BBOX_GAP_LOWER_BOUND
PAIR-050-070,G050,P1_CURVE_MARKERS,TEXT_GRAPHIC,3,0,127.0,BBOX_GAP_LOWER_BOUND
PAIR-050-071,G050,P1_WARMUP_BOUNDARY,TEXT_GRAPHIC,3,0,738.935,BBOX_GAP_LOWER_BOUND
PAIR-050-072,G050,P1_EQ_WARMUP_TOP,TEXT_GRAPHIC,3,0,704.03,BBOX_GAP_LOWER_BOUND
PAIR-050-073,G050,P1_EQ_WARMUP_BOTTOM,TEXT_GRAPHIC,3,0,697.427,BBOX_GAP_LOWER_BOUND
PAIR-050-074,G050,P1_EQ_RETAIN_TOP,TEXT_GRAPHIC,3,0,402.618,BBOX_GAP_LOWER_BOUND
PAIR-050-075,G050,P1_EQ_RETAIN_BOTTOM,TEXT_GRAPHIC,3,0,388.911,BBOX_GAP_LOWER_BOUND
PAIR-050-076,G050,P2_AXES,TEXT_GRAPHIC,3,0,217.0,RAW_MASK_EXACT_KDTREE
PAIR-050-077,G050,P2_CURVE_MARKERS,TEXT_GRAPHIC,3,0,53.0,BBOX_GAP_LOWER_BOUND
PAIR-050-078,G050,P2_WARMUP_BOUNDARY,TEXT_GRAPHIC,3,0,731.0,BBOX_GAP_LOWER_BOUND
PAIR-050-079,G050,P2_TARGET_LINE,TEXT_GRAPHIC,3,0,86.0,BBOX_GAP_LOWER_BOUND
PAIR-050-080,G050,P2_YLABEL_OVERLINE,TEXT_GRAPHIC,3,0,1228.416,BBOX_GAP_LOWER_BOUND
PAIR-050-081,G050,P2_TITLE_OVERLINE,TEXT_GRAPHIC,3,0,277.881,BBOX_GAP_LOWER_BOUND
PAIR-050-082,G050,P1_HATCH,TEXT_GRAPHIC,3,0,741.208,BBOX_GAP_LOWER_BOUND
PAIR-050-083,G050,P2_HATCH,TEXT_GRAPHIC,3,0,733.0,BBOX_GAP_LOWER_BOUND
PAIR-051-052,G051,G052,TEXT_TEXT_INDEPENDENT,4,0,571.662,BBOX_GAP_LOWER_BOUND
PAIR-051-053,G051,G053,TEXT_TEXT_INDEPENDENT,4,0,1283.16,BBOX_GAP_LOWER_BOUND
PAIR-051-054,G051,G054,TEXT_TEXT_INDEPENDENT,4,0,1265.616,BBOX_GAP_LOWER_BOUND
PAIR-051-055,G051,G055,TEXT_TEXT_INDEPENDENT,4,0,1254.012,BBOX_GAP_LOWER_BOUND
PAIR-051-056,G051,G056,TEXT_TEXT_INDEPENDENT,4,0,1235.816,BBOX_GAP_LOWER_BOUND
PAIR-051-057,G051,G057,TEXT_TEXT_INDEPENDENT,4,0,675.307,BBOX_GAP_LOWER_BOUND
PAIR-051-058,G051,G058,TEXT_TEXT_INDEPENDENT,4,0,629.403,BBOX_GAP_LOWER_BOUND
PAIR-051-059,G051,G059,TEXT_TEXT_INDEPENDENT,4,0,586.506,BBOX_GAP_LOWER_BOUND
PAIR-051-060,G051,G060,TEXT_TEXT_INDEPENDENT,4,0,542.628,BBOX_GAP_LOWER_BOUND
PAIR-051-061,G051,G061,TEXT_TEXT_INDEPENDENT,4,0,497.86,BBOX_GAP_LOWER_BOUND
PAIR-051-062,G051,G062,TEXT_TEXT_INDEPENDENT,4,0,451.956,BBOX_GAP_LOWER_BOUND
PAIR-051-063,G051,G063,TEXT_TEXT_INDEPENDENT,4,0,407.172,BBOX_GAP_LOWER_BOUND
PAIR-051-064,G051,G064,TEXT_TEXT_INDEPENDENT,4,0,363.552,BBOX_GAP_LOWER_BOUND
PAIR-051-065,G051,G065,TEXT_TEXT_INDEPENDENT,4,0,323.289,BBOX_GAP_LOWER_BOUND
PAIR-051-066,G051,G066,TEXT_TEXT_INDEPENDENT,4,0,303.028,BBOX_GAP_LOWER_BOUND
PAIR-051-067,G051,G067,TEXT_TEXT_INDEPENDENT,4,0,291.112,BBOX_GAP_LOWER_BOUND
PAIR-051-068,G051,G068,TEXT_TEXT_INDEPENDENT,4,0,274.243,BBOX_GAP_LOWER_BOUND
PAIR-051-069,G051,P1_AXES,TEXT_GRAPHIC,3,0,106.0,BBOX_GAP_LOWER_BOUND
PAIR-051-070,G051,P1_CURVE_MARKERS,TEXT_GRAPHIC,3,0,133.0,BBOX_GAP_LOWER_BOUND
PAIR-051-071,G051,P1_WARMUP_BOUNDARY,TEXT_GRAPHIC,3,0,789.276,BBOX_GAP_LOWER_BOUND
PAIR-051-072,G051,P1_EQ_WARMUP_TOP,TEXT_GRAPHIC,3,0,752.948,BBOX_GAP_LOWER_BOUND
PAIR-051-073,G051,P1_EQ_WARMUP_BOTTOM,TEXT_GRAPHIC,3,0,746.625,BBOX_GAP_LOWER_BOUND
PAIR-051-074,G051,P1_EQ_RETAIN_TOP,TEXT_GRAPHIC,3,0,442.241,BBOX_GAP_LOWER_BOUND
PAIR-051-075,G051,P1_EQ_RETAIN_BOTTOM,TEXT_GRAPHIC,3,0,429.535,BBOX_GAP_LOWER_BOUND
PAIR-051-076,G051,P2_AXES,TEXT_GRAPHIC,3,0,214.947,RAW_MASK_EXACT_KDTREE
PAIR-051-077,G051,P2_CURVE_MARKERS,TEXT_GRAPHIC,3,0,56.0,BBOX_GAP_LOWER_BOUND
PAIR-051-078,G051,P2_WARMUP_BOUNDARY,TEXT_GRAPHIC,3,0,781.0,BBOX_GAP_LOWER_BOUND
PAIR-051-079,G051,P2_TARGET_LINE,TEXT_GRAPHIC,3,0,89.0,BBOX_GAP_LOWER_BOUND
PAIR-051-080,G051,P2_YLABEL_OVERLINE,TEXT_GRAPHIC,3,0,1278.505,BBOX_GAP_LOWER_BOUND
PAIR-051-081,G051,P2_TITLE_OVERLINE,TEXT_GRAPHIC,3,0,327.686,BBOX_GAP_LOWER_BOUND
PAIR-051-082,G051,P1_HATCH,TEXT_GRAPHIC,3,0,791.546,BBOX_GAP_LOWER_BOUND
PAIR-051-083,G051,P2_HATCH,TEXT_GRAPHIC,3,0,783.0,BBOX_GAP_LOWER_BOUND
PAIR-052-053,G052,G053,TEXT_TEXT_INDEPENDENT,4,0,801.699,BBOX_GAP_LOWER_BOUND
PAIR-052-054,G052,G054,TEXT_TEXT_INDEPENDENT,4,0,780.951,BBOX_GAP_LOWER_BOUND
PAIR-052-055,G052,G055,TEXT_TEXT_INDEPENDENT,4,0,769.247,BBOX_GAP_LOWER_BOUND
PAIR-052-056,G052,G056,TEXT_TEXT_INDEPENDENT,4,0,751.708,BBOX_GAP_LOWER_BOUND
PAIR-052-057,G052,G057,TEXT_TEXT_INDEPENDENT,4,0,408.394,BBOX_GAP_LOWER_BOUND
PAIR-052-058,G052,G058,TEXT_TEXT_INDEPENDENT,4,0,390.899,BBOX_GAP_LOWER_BOUND
PAIR-052-059,G052,G059,TEXT_TEXT_INDEPENDENT,4,0,378.889,BBOX_GAP_LOWER_BOUND
PAIR-052-060,G052,G060,TEXT_TEXT_INDEPENDENT,4,0,371.383,BBOX_GAP_LOWER_BOUND
PAIR-052-061,G052,G061,TEXT_TEXT_INDEPENDENT,4,0,370.0,BBOX_GAP_LOWER_BOUND
PAIR-052-062,G052,G062,TEXT_TEXT_INDEPENDENT,4,0,369.0,BBOX_GAP_LOWER_BOUND
PAIR-052-063,G052,G063,TEXT_TEXT_INDEPENDENT,4,0,371.055,BBOX_GAP_LOWER_BOUND
PAIR-052-064,G052,G064,TEXT_TEXT_INDEPENDENT,4,0,378.978,BBOX_GAP_LOWER_BOUND
PAIR-052-065,G052,G065,TEXT_TEXT_INDEPENDENT,4,0,397.364,BBOX_GAP_LOWER_BOUND
PAIR-052-066,G052,G066,TEXT_TEXT_INDEPENDENT,4,0,399.93,BBOX_GAP_LOWER_BOUND
PAIR-052-067,G052,G067,TEXT_TEXT_INDEPENDENT,4,0,409.766,BBOX_GAP_LOWER_BOUND
PAIR-052-068,G052,G068,TEXT_TEXT_INDEPENDENT,4,0,415.524,BBOX_GAP_LOWER_BOUND
PAIR-052-069,G052,P1_AXES,TEXT_GRAPHIC,3,0,433.0,BBOX_GAP_LOWER_BOUND
PAIR-052-070,G052,P1_CURVE_MARKERS,TEXT_GRAPHIC,3,0,460.0,BBOX_GAP_LOWER_BOUND
PAIR-052-071,G052,P1_WARMUP_BOUNDARY,TEXT_GRAPHIC,3,0,523.455,BBOX_GAP_LOWER_BOUND
PAIR-052-072,G052,P1_EQ_WARMUP_TOP,TEXT_GRAPHIC,3,0,621.82,BBOX_GAP_LOWER_BOUND
PAIR-052-073,G052,P1_EQ_WARMUP_BOTTOM,TEXT_GRAPHIC,3,0,603.948,BBOX_GAP_LOWER_BOUND
PAIR-052-074,G052,P1_EQ_RETAIN_TOP,TEXT_GRAPHIC,3,0,643.199,BBOX_GAP_LOWER_BOUND
PAIR-052-075,G052,P1_EQ_RETAIN_BOTTOM,TEXT_GRAPHIC,3,0,624.662,BBOX_GAP_LOWER_BOUND
PAIR-052-076,G052,P2_AXES,TEXT_GRAPHIC,3,0,71.0,BBOX_GAP_LOWER_BOUND
PAIR-052-077,G052,P2_CURVE_MARKERS,TEXT_GRAPHIC,3,0,149.0,BBOX_GAP_LOWER_BOUND
PAIR-052-078,G052,P2_WARMUP_BOUNDARY,TEXT_GRAPHIC,3,0,292.857,BBOX_GAP_LOWER_BOUND
PAIR-052-079,G052,P2_TARGET_LINE,TEXT_GRAPHIC,3,0,209.0,BBOX_GAP_LOWER_BOUND
PAIR-052-080,G052,P2_YLABEL_OVERLINE,TEXT_GRAPHIC,3,0,807.002,BBOX_GAP_LOWER_BOUND
PAIR-052-081,G052,P2_TITLE_OVERLINE,TEXT_GRAPHIC,3,0,432.283,BBOX_GAP_LOWER_BOUND
PAIR-052-082,G052,P1_HATCH,TEXT_GRAPHIC,3,0,526.218,BBOX_GAP_LOWER_BOUND
PAIR-052-083,G052,P2_HATCH,TEXT_GRAPHIC,3,0,295.325,BBOX_GAP_LOWER_BOUND
PAIR-053-054,G053,G054,SAME_SEMANTIC_PARENT_DESIGN,0,0,4.0,BBOX_GAP_LOWER_BOUND
PAIR-053-055,G053,G055,SAME_SEMANTIC_PARENT_DESIGN,0,0,26.0,BBOX_GAP_LOWER_BOUND
PAIR-053-056,G053,G056,SAME_SEMANTIC_PARENT_DESIGN,0,0,39.0,BBOX_GAP_LOWER_BOUND
PAIR-053-057,G053,G057,TEXT_TEXT_INDEPENDENT,4,0,584.75,BBOX_GAP_LOWER_BOUND
PAIR-053-058,G053,G058,TEXT_TEXT_INDEPENDENT,4,0,631.098,BBOX_GAP_LOWER_BOUND
PAIR-053-059,G053,G059,TEXT_TEXT_INDEPENDENT,4,0,670.871,BBOX_GAP_LOWER_BOUND
PAIR-053-060,G053,G060,TEXT_TEXT_INDEPENDENT,4,0,714.684,BBOX_GAP_LOWER_BOUND
PAIR-053-061,G053,G061,TEXT_TEXT_INDEPENDENT,4,0,759.822,BBOX_GAP_LOWER_BOUND
PAIR-053-062,G053,G062,TEXT_TEXT_INDEPENDENT,4,0,802.704,BBOX_GAP_LOWER_BOUND
PAIR-053-063,G053,G063,TEXT_TEXT_INDEPENDENT,4,0,847.852,BBOX_GAP_LOWER_BOUND
PAIR-053-064,G053,G064,TEXT_TEXT_INDEPENDENT,4,0,890.313,BBOX_GAP_LOWER_BOUND
PAIR-053-065,G053,G065,TEXT_TEXT_INDEPENDENT,4,0,944.989,BBOX_GAP_LOWER_BOUND
PAIR-053-066,G053,G066,TEXT_TEXT_INDEPENDENT,4,0,975.755,BBOX_GAP_LOWER_BOUND
PAIR-053-067,G053,G067,TEXT_TEXT_INDEPENDENT,4,0,997.495,BBOX_GAP_LOWER_BOUND
PAIR-053-068,G053,G068,TEXT_TEXT_INDEPENDENT,4,0,1009.359,BBOX_GAP_LOWER_BOUND
PAIR-053-069,G053,P1_AXES,TEXT_GRAPHIC,3,0,296.805,BBOX_GAP_LOWER_BOUND
PAIR-053-070,G053,P1_CURVE_MARKERS,TEXT_GRAPHIC,3,0,336.942,BBOX_GAP_LOWER_BOUND
PAIR-053-071,G053,P1_WARMUP_BOUNDARY,TEXT_GRAPHIC,3,0,545.825,BBOX_GAP_LOWER_BOUND
PAIR-053-072,G053,P1_EQ_WARMUP_TOP,TEXT_GRAPHIC,3,0,665.676,BBOX_GAP_LOWER_BOUND
PAIR-053-073,G053,P1_EQ_WARMUP_BOTTOM,TEXT_GRAPHIC,3,0,655.161,BBOX_GAP_LOWER_BOUND
PAIR-053-074,G053,P1_EQ_RETAIN_TOP,TEXT_GRAPHIC,3,0,1021.948,BBOX_GAP_LOWER_BOUND
PAIR-053-075,G053,P1_EQ_RETAIN_BOTTOM,TEXT_GRAPHIC,3,0,1014.344,BBOX_GAP_LOWER_BOUND
PAIR-053-076,G053,P2_AXES,TEXT_GRAPHIC,3,0,197.0,BBOX_GAP_LOWER_BOUND
PAIR-053-077,G053,P2_CURVE_MARKERS,TEXT_GRAPHIC,3,0,517.0,BBOX_GAP_LOWER_BOUND
PAIR-053-078,G053,P2_WARMUP_BOUNDARY,TEXT_GRAPHIC,3,0,495.0,BBOX_GAP_LOWER_BOUND
PAIR-053-079,G053,P2_TARGET_LINE,TEXT_GRAPHIC,3,0,496.0,BBOX_GAP_LOWER_BOUND
PAIR-053-080,G053,P2_YLABEL_OVERLINE,SAME_SEMANTIC_PARENT_DESIGN,0,0,7.0,BBOX_GAP_LOWER_BOUND
PAIR-053-081,G053,P2_TITLE_OVERLINE,TEXT_GRAPHIC,3,0,952.03,BBOX_GAP_LOWER_BOUND
PAIR-053-082,G053,P1_HATCH,TEXT_GRAPHIC,3,0,330.938,BBOX_GAP_LOWER_BOUND
PAIR-053-083,G053,P2_HATCH,TEXT_GRAPHIC,3,0,236.0,BBOX_GAP_LOWER_BOUND
PAIR-054-055,G054,G055,SAME_SEMANTIC_PARENT_DESIGN,0,0,7.0,BBOX_GAP_LOWER_BOUND
PAIR-054-056,G054,G056,SAME_SEMANTIC_PARENT_DESIGN,0,0,20.0,BBOX_GAP_LOWER_BOUND
PAIR-054-057,G054,G057,TEXT_TEXT_INDEPENDENT,4,0,571.762,BBOX_GAP_LOWER_BOUND
PAIR-054-058,G054,G058,TEXT_TEXT_INDEPENDENT,4,0,617.608,BBOX_GAP_LOWER_BOUND
PAIR-054-059,G054,G059,TEXT_TEXT_INDEPENDENT,4,0,657.012,BBOX_GAP_LOWER_BOUND
PAIR-054-060,G054,G060,TEXT_TEXT_INDEPENDENT,4,0,700.471,BBOX_GAP_LOWER_BOUND
PAIR-054-061,G054,G061,TEXT_TEXT_INDEPENDENT,4,0,745.322,BBOX_GAP_LOWER_BOUND
PAIR-054-062,G054,G062,TEXT_TEXT_INDEPENDENT,4,0,787.909,BBOX_GAP_LOWER_BOUND
PAIR-054-063,G054,G063,TEXT_TEXT_INDEPENDENT,4,0,832.81,BBOX_GAP_LOWER_BOUND
PAIR-054-064,G054,G064,TEXT_TEXT_INDEPENDENT,4,0,875.087,BBOX_GAP_LOWER_BOUND
PAIR-054-065,G054,G065,TEXT_TEXT_INDEPENDENT,4,0,929.593,BBOX_GAP_LOWER_BOUND
PAIR-054-066,G054,G066,TEXT_TEXT_INDEPENDENT,4,0,959.993,BBOX_GAP_LOWER_BOUND
PAIR-054-067,G054,G067,TEXT_TEXT_INDEPENDENT,4,0,981.657,BBOX_GAP_LOWER_BOUND
PAIR-054-068,G054,G068,TEXT_TEXT_INDEPENDENT,4,0,993.48,BBOX_GAP_LOWER_BOUND
PAIR-054-069,G054,P1_AXES,TEXT_GRAPHIC,3,0,298.804,BBOX_GAP_LOWER_BOUND
PAIR-054-070,G054,P1_CURVE_MARKERS,TEXT_GRAPHIC,3,0,338.457,BBOX_GAP_LOWER_BOUND
PAIR-054-071,G054,P1_WARMUP_BOUNDARY,TEXT_GRAPHIC,3,0,536.731,BBOX_GAP_LOWER_BOUND
PAIR-054-072,G054,P1_EQ_WARMUP_TOP,TEXT_GRAPHIC,3,0,660.613,BBOX_GAP_LOWER_BOUND
PAIR-054-073,G054,P1_EQ_WARMUP_BOTTOM,TEXT_GRAPHIC,3,0,649.49,BBOX_GAP_LOWER_BOUND
PAIR-054-074,G054,P1_EQ_RETAIN_TOP,TEXT_GRAPHIC,3,0,1012.236,BBOX_GAP_LOWER_BOUND
PAIR-054-075,G054,P1_EQ_RETAIN_BOTTOM,TEXT_GRAPHIC,3,0,1004.217,BBOX_GAP_LOWER_BOUND
PAIR-054-076,G054,P2_AXES,TEXT_GRAPHIC,3,0,178.0,BBOX_GAP_LOWER_BOUND
PAIR-054-077,G054,P2_CURVE_MARKERS,TEXT_GRAPHIC,3,0,498.0,BBOX_GAP_LOWER_BOUND
PAIR-054-078,G054,P2_WARMUP_BOUNDARY,TEXT_GRAPHIC,3,0,476.0,BBOX_GAP_LOWER_BOUND
PAIR-054-079,G054,P2_TARGET_LINE,TEXT_GRAPHIC,3,0,477.268,BBOX_GAP_LOWER_BOUND
PAIR-054-080,G054,P2_YLABEL_OVERLINE,SAME_SEMANTIC_PARENT_DESIGN,0,0,25.0,BBOX_GAP_LOWER_BOUND
PAIR-054-081,G054,P2_TITLE_OVERLINE,TEXT_GRAPHIC,3,0,937.461,BBOX_GAP_LOWER_BOUND
PAIR-054-082,G054,P1_HATCH,TEXT_GRAPHIC,3,0,331.042,BBOX_GAP_LOWER_BOUND
PAIR-054-083,G054,P2_HATCH,TEXT_GRAPHIC,3,0,217.0,BBOX_GAP_LOWER_BOUND
PAIR-055-056,G055,G056,SAME_SEMANTIC_PARENT_DESIGN,0,0,8.0,BBOX_GAP_LOWER_BOUND
PAIR-055-057,G055,G057,TEXT_TEXT_INDEPENDENT,4,0,561.626,BBOX_GAP_LOWER_BOUND
PAIR-055-058,G055,G058,TEXT_TEXT_INDEPENDENT,4,0,607.289,BBOX_GAP_LOWER_BOUND
PAIR-055-059,G055,G059,TEXT_TEXT_INDEPENDENT,4,0,646.561,BBOX_GAP_LOWER_BOUND
PAIR-055-060,G055,G060,TEXT_TEXT_INDEPENDENT,4,0,689.896,BBOX_GAP_LOWER_BOUND
PAIR-055-061,G055,G061,TEXT_TEXT_INDEPENDENT,4,0,734.646,BBOX_GAP_LOWER_BOUND
PAIR-055-062,G055,G062,TEXT_TEXT_INDEPENDENT,4,0,777.133,BBOX_GAP_LOWER_BOUND
PAIR-055-063,G055,G063,TEXT_TEXT_INDEPENDENT,4,0,821.951,BBOX_GAP_LOWER_BOUND
PAIR-055-064,G055,G064,TEXT_TEXT_INDEPENDENT,4,0,864.168,BBOX_GAP_LOWER_BOUND
PAIR-055-065,G055,G065,TEXT_TEXT_INDEPENDENT,4,0,918.616,BBOX_GAP_LOWER_BOUND
PAIR-055-066,G055,G066,TEXT_TEXT_INDEPENDENT,4,0,948.904,BBOX_GAP_LOWER_BOUND
PAIR-055-067,G055,G067,TEXT_TEXT_INDEPENDENT,4,0,970.543,BBOX_GAP_LOWER_BOUND
PAIR-055-068,G055,G068,TEXT_TEXT_INDEPENDENT,4,0,982.353,BBOX_GAP_LOWER_BOUND
PAIR-055-069,G055,P1_AXES,TEXT_GRAPHIC,3,0,295.114,BBOX_GAP_LOWER_BOUND
PAIR-055-070,G055,P1_CURVE_MARKERS,TEXT_GRAPHIC,3,0,334.45,BBOX_GAP_LOWER_BOUND
PAIR-055-071,G055,P1_WARMUP_BOUNDARY,TEXT_GRAPHIC,3,0,528.015,BBOX_GAP_LOWER_BOUND
PAIR-055-072,G055,P1_EQ_WARMUP_TOP,TEXT_GRAPHIC,3,0,653.429,BBOX_GAP_LOWER_BOUND
PAIR-055-073,G055,P1_EQ_WARMUP_BOTTOM,TEXT_GRAPHIC,3,0,642.063,BBOX_GAP_LOWER_BOUND
PAIR-055-074,G055,P1_EQ_RETAIN_TOP,TEXT_GRAPHIC,3,0,1003.158,BBOX_GAP_LOWER_BOUND
PAIR-055-075,G055,P1_EQ_RETAIN_BOTTOM,TEXT_GRAPHIC,3,0,994.989,BBOX_GAP_LOWER_BOUND
PAIR-055-076,G055,P2_AXES,TEXT_GRAPHIC,3,0,166.0,BBOX_GAP_LOWER_BOUND
PAIR-055-077,G055,P2_CURVE_MARKERS,TEXT_GRAPHIC,3,0,486.0,BBOX_GAP_LOWER_BOUND
PAIR-055-078,G055,P2_WARMUP_BOUNDARY,TEXT_GRAPHIC,3,0,464.0,BBOX_GAP_LOWER_BOUND
PAIR-055-079,G055,P2_TARGET_LINE,TEXT_GRAPHIC,3,0,465.43,BBOX_GAP_LOWER_BOUND
PAIR-055-080,G055,P2_YLABEL_OVERLINE,SAME_SEMANTIC_PARENT_DESIGN,0,0,36.401,BBOX_GAP_LOWER_BOUND
PAIR-055-081,G055,P2_TITLE_OVERLINE,TEXT_GRAPHIC,3,0,926.737,BBOX_GAP_LOWER_BOUND
PAIR-055-082,G055,P1_HATCH,TEXT_GRAPHIC,3,0,326.406,BBOX_GAP_LOWER_BOUND
PAIR-055-083,G055,P2_HATCH,TEXT_GRAPHIC,3,0,205.0,BBOX_GAP_LOWER_BOUND
PAIR-056-057,G056,G057,TEXT_TEXT_INDEPENDENT,4,0,543.622,BBOX_GAP_LOWER_BOUND
PAIR-056-058,G056,G058,TEXT_TEXT_INDEPENDENT,4,0,589.214,BBOX_GAP_LOWER_BOUND
PAIR-056-059,G056,G059,TEXT_TEXT_INDEPENDENT,4,0,628.441,BBOX_GAP_LOWER_BOUND
PAIR-056-060,G056,G060,TEXT_TEXT_INDEPENDENT,4,0,671.739,BBOX_GAP_LOWER_BOUND
PAIR-056-061,G056,G061,TEXT_TEXT_INDEPENDENT,4,0,716.464,BBOX_GAP_LOWER_BOUND
PAIR-056-062,G056,G062,TEXT_TEXT_INDEPENDENT,4,0,758.929,BBOX_GAP_LOWER_BOUND
PAIR-056-063,G056,G063,TEXT_TEXT_INDEPENDENT,4,0,803.732,BBOX_GAP_LOWER_BOUND
PAIR-056-064,G056,G064,TEXT_TEXT_INDEPENDENT,4,0,845.939,BBOX_GAP_LOWER_BOUND
PAIR-056-065,G056,G065,TEXT_TEXT_INDEPENDENT,4,0,900.38,BBOX_GAP_LOWER_BOUND
PAIR-056-066,G056,G066,TEXT_TEXT_INDEPENDENT,4,0,930.658,BBOX_GAP_LOWER_BOUND
PAIR-056-067,G056,G067,TEXT_TEXT_INDEPENDENT,4,0,952.297,BBOX_GAP_LOWER_BOUND
PAIR-056-068,G056,G068,TEXT_TEXT_INDEPENDENT,4,0,964.106,BBOX_GAP_LOWER_BOUND
PAIR-056-069,G056,P1_AXES,TEXT_GRAPHIC,3,0,282.816,BBOX_GAP_LOWER_BOUND
PAIR-056-070,G056,P1_CURVE_MARKERS,TEXT_GRAPHIC,3,0,321.727,BBOX_GAP_LOWER_BOUND
PAIR-056-071,G056,P1_WARMUP_BOUNDARY,TEXT_GRAPHIC,3,0,510.8,BBOX_GAP_LOWER_BOUND
PAIR-056-072,G056,P1_EQ_WARMUP_TOP,TEXT_GRAPHIC,3,0,637.367,BBOX_GAP_LOWER_BOUND
PAIR-056-073,G056,P1_EQ_WARMUP_BOTTOM,TEXT_GRAPHIC,3,0,625.8,BBOX_GAP_LOWER_BOUND
PAIR-056-074,G056,P1_EQ_RETAIN_TOP,TEXT_GRAPHIC,3,0,985.673,BBOX_GAP_LOWER_BOUND
PAIR-056-075,G056,P1_EQ_RETAIN_BOTTOM,TEXT_GRAPHIC,3,0,977.418,BBOX_GAP_LOWER_BOUND
PAIR-056-076,G056,P2_AXES,TEXT_GRAPHIC,3,0,148.0,BBOX_GAP_LOWER_BOUND
PAIR-056-077,G056,P2_CURVE_MARKERS,TEXT_GRAPHIC,3,0,468.0,BBOX_GAP_LOWER_BOUND
PAIR-056-078,G056,P2_WARMUP_BOUNDARY,TEXT_GRAPHIC,3,0,446.0,BBOX_GAP_LOWER_BOUND
PAIR-056-079,G056,P2_TARGET_LINE,TEXT_GRAPHIC,3,0,447.323,BBOX_GAP_LOWER_BOUND
PAIR-056-080,G056,P2_YLABEL_OVERLINE,SAME_SEMANTIC_PARENT_DESIGN,0,0,43.6,BBOX_GAP_LOWER_BOUND
PAIR-056-081,G056,P2_TITLE_OVERLINE,TEXT_GRAPHIC,3,0,908.542,BBOX_GAP_LOWER_BOUND
PAIR-056-082,G056,P1_HATCH,TEXT_GRAPHIC,3,0,313.002,BBOX_GAP_LOWER_BOUND
PAIR-056-083,G056,P2_HATCH,TEXT_GRAPHIC,3,0,187.0,BBOX_GAP_LOWER_BOUND
PAIR-057-058,G057,G058,SAME_SEMANTIC_PARENT_DESIGN,0,0,5.0,BBOX_GAP_LOWER_BOUND
PAIR-057-059,G057,G059,SAME_SEMANTIC_PARENT_DESIGN,0,0,46.0,BBOX_GAP_LOWER_BOUND
PAIR-057-060,G057,G060,SAME_SEMANTIC_PARENT_DESIGN,0,0,91.0,BBOX_GAP_LOWER_BOUND
PAIR-057-061,G057,G061,SAME_SEMANTIC_PARENT_DESIGN,0,0,137.0,BBOX_GAP_LOWER_BOUND
PAIR-057-062,G057,G062,SAME_SEMANTIC_PARENT_DESIGN,0,0,181.0,BBOX_GAP_LOWER_BOUND
PAIR-057-063,G057,G063,SAME_SEMANTIC_PARENT_DESIGN,0,0,227.0,BBOX_GAP_LOWER_BOUND
PAIR-057-064,G057,G064,SAME_SEMANTIC_PARENT_DESIGN,0,0,270.0,BBOX_GAP_LOWER_BOUND
PAIR-057-065,G057,G065,SAME_SEMANTIC_PARENT_DESIGN,0,0,325.0,BBOX_GAP_LOWER_BOUND
PAIR-057-066,G057,G066,SAME_SEMANTIC_PARENT_DESIGN,0,0,358.0,BBOX_GAP_LOWER_BOUND
PAIR-057-067,G057,G067,SAME_SEMANTIC_PARENT_DESIGN,0,0,380.0,BBOX_GAP_LOWER_BOUND
PAIR-057-068,G057,G068,SAME_SEMANTIC_PARENT_DESIGN,0,0,392.0,BBOX_GAP_LOWER_BOUND
PAIR-057-069,G057,P1_AXES,TEXT_GRAPHIC,3,0,24.0,BBOX_GAP_LOWER_BOUND
PAIR-057-070,G057,P1_CURVE_MARKERS,TEXT_GRAPHIC,3,0,51.0,BBOX_GAP_LOWER_BOUND
PAIR-057-071,G057,P1_WARMUP_BOUNDARY,TEXT_GRAPHIC,3,0,71.554,BBOX_GAP_LOWER_BOUND
PAIR-057-072,G057,P1_EQ_WARMUP_TOP,TEXT_GRAPHIC,3,0,177.0,BBOX_GAP_LOWER_BOUND
PAIR-057-073,G057,P1_EQ_WARMUP_BOTTOM,TEXT_GRAPHIC,3,0,158.0,BBOX_GAP_LOWER_BOUND
PAIR-057-074,G057,P1_EQ_RETAIN_TOP,TEXT_GRAPHIC,3,0,393.561,BBOX_GAP_LOWER_BOUND
PAIR-057-075,G057,P1_EQ_RETAIN_BOTTOM,TEXT_GRAPHIC,3,0,383.313,BBOX_GAP_LOWER_BOUND
PAIR-057-076,G057,P2_AXES,TEXT_GRAPHIC,3,0,55.0,BBOX_GAP_LOWER_BOUND
PAIR-057-077,G057,P2_CURVE_MARKERS,TEXT_GRAPHIC,3,0,124.0,BBOX_GAP_LOWER_BOUND
PAIR-057-078,G057,P2_WARMUP_BOUNDARY,TEXT_GRAPHIC,3,0,83.096,BBOX_GAP_LOWER_BOUND
PAIR-057-079,G057,P2_TARGET_LINE,TEXT_GRAPHIC,3,0,157.0,BBOX_GAP_LOWER_BOUND
PAIR-057-080,G057,P2_YLABEL_OVERLINE,TEXT_GRAPHIC,3,0,578.26,BBOX_GAP_LOWER_BOUND
PAIR-057-081,G057,P2_TITLE_OVERLINE,SAME_SEMANTIC_PARENT_DESIGN,0,0,325.002,BBOX_GAP_LOWER_BOUND
PAIR-057-082,G057,P1_HATCH,TEXT_GRAPHIC,3,0,74.243,BBOX_GAP_LOWER_BOUND
PAIR-057-083,G057,P2_HATCH,TEXT_GRAPHIC,3,0,85.913,BBOX_GAP_LOWER_BOUND
PAIR-058-059,G058,G059,SAME_SEMANTIC_PARENT_DESIGN,0,0,0.0,BBOX_GAP_LOWER_BOUND
PAIR-058-060,G058,G060,SAME_SEMANTIC_PARENT_DESIGN,0,0,45.0,BBOX_GAP_LOWER_BOUND
PAIR-058-061,G058,G061,SAME_SEMANTIC_PARENT_DESIGN,0,0,91.0,BBOX_GAP_LOWER_BOUND
PAIR-058-062,G058,G062,SAME_SEMANTIC_PARENT_DESIGN,0,0,135.0,BBOX_GAP_LOWER_BOUND
PAIR-058-063,G058,G063,SAME_SEMANTIC_PARENT_DESIGN,0,0,181.0,BBOX_GAP_LOWER_BOUND
PAIR-058-064,G058,G064,SAME_SEMANTIC_PARENT_DESIGN,0,0,224.0,BBOX_GAP_LOWER_BOUND
PAIR-058-065,G058,G065,SAME_SEMANTIC_PARENT_DESIGN,0,0,279.0,BBOX_GAP_LOWER_BOUND
PAIR-058-066,G058,G066,SAME_SEMANTIC_PARENT_DESIGN,0,0,312.0,BBOX_GAP_LOWER_BOUND
PAIR-058-067,G058,G067,SAME_SEMANTIC_PARENT_DESIGN,0,0,334.0,BBOX_GAP_LOWER_BOUND
PAIR-058-068,G058,G068,SAME_SEMANTIC_PARENT_DESIGN,0,0,346.0,BBOX_GAP_LOWER_BOUND
PAIR-058-069,G058,P1_AXES,TEXT_GRAPHIC,3,0,24.0,BBOX_GAP_LOWER_BOUND
PAIR-058-070,G058,P1_CURVE_MARKERS,TEXT_GRAPHIC,3,0,51.0,BBOX_GAP_LOWER_BOUND
PAIR-058-071,G058,P1_WARMUP_BOUNDARY,TEXT_GRAPHIC,3,0,116.482,BBOX_GAP_LOWER_BOUND
PAIR-058-072,G058,P1_EQ_WARMUP_TOP,TEXT_GRAPHIC,3,0,181.033,BBOX_GAP_LOWER_BOUND
PAIR-058-073,G058,P1_EQ_WARMUP_BOTTOM,TEXT_GRAPHIC,3,0,162.505,BBOX_GAP_LOWER_BOUND
PAIR-058-074,G058,P1_EQ_RETAIN_TOP,TEXT_GRAPHIC,3,0,356.261,BBOX_GAP_LOWER_BOUND
PAIR-058-075,G058,P1_EQ_RETAIN_BOTTOM,TEXT_GRAPHIC,3,0,344.907,BBOX_GAP_LOWER_BOUND
PAIR-058-076,G058,P2_AXES,TEXT_GRAPHIC,3,0,55.0,BBOX_GAP_LOWER_BOUND
PAIR-058-077,G058,P2_CURVE_MARKERS,TEXT_GRAPHIC,3,0,124.0,BBOX_GAP_LOWER_BOUND
PAIR-058-078,G058,P2_WARMUP_BOUNDARY,TEXT_GRAPHIC,3,0,123.907,BBOX_GAP_LOWER_BOUND
PAIR-058-079,G058,P2_TARGET_LINE,TEXT_GRAPHIC,3,0,157.0,BBOX_GAP_LOWER_BOUND
PAIR-058-080,G058,P2_YLABEL_OVERLINE,TEXT_GRAPHIC,3,0,624.782,BBOX_GAP_LOWER_BOUND
PAIR-058-081,G058,P2_TITLE_OVERLINE,SAME_SEMANTIC_PARENT_DESIGN,0,0,279.002,BBOX_GAP_LOWER_BOUND
PAIR-058-082,G058,P1_HATCH,TEXT_GRAPHIC,3,0,118.962,BBOX_GAP_LOWER_BOUND
PAIR-058-083,G058,P2_HATCH,TEXT_GRAPHIC,3,0,126.574,BBOX_GAP_LOWER_BOUND
PAIR-059-060,G059,G060,SAME_SEMANTIC_PARENT_DESIGN,0,0,2.0,BBOX_GAP_LOWER_BOUND
PAIR-059-061,G059,G061,SAME_SEMANTIC_PARENT_DESIGN,0,0,48.0,BBOX_GAP_LOWER_BOUND
PAIR-059-062,G059,G062,SAME_SEMANTIC_PARENT_DESIGN,0,0,92.0,BBOX_GAP_LOWER_BOUND
PAIR-059-063,G059,G063,SAME_SEMANTIC_PARENT_DESIGN,0,0,138.0,BBOX_GAP_LOWER_BOUND
PAIR-059-064,G059,G064,SAME_SEMANTIC_PARENT_DESIGN,0,0,181.0,BBOX_GAP_LOWER_BOUND
PAIR-059-065,G059,G065,SAME_SEMANTIC_PARENT_DESIGN,0,0,236.0,BBOX_GAP_LOWER_BOUND
PAIR-059-066,G059,G066,SAME_SEMANTIC_PARENT_DESIGN,0,0,269.0,BBOX_GAP_LOWER_BOUND
PAIR-059-067,G059,G067,SAME_SEMANTIC_PARENT_DESIGN,0,0,291.0,BBOX_GAP_LOWER_BOUND
PAIR-059-068,G059,G068,SAME_SEMANTIC_PARENT_DESIGN,0,0,303.0,BBOX_GAP_LOWER_BOUND
PAIR-059-069,G059,P1_AXES,TEXT_GRAPHIC,3,0,24.0,BBOX_GAP_LOWER_BOUND
PAIR-059-070,G059,P1_CURVE_MARKERS,TEXT_GRAPHIC,3,0,51.0,BBOX_GAP_LOWER_BOUND
PAIR-059-071,G059,P1_WARMUP_BOUNDARY,TEXT_GRAPHIC,3,0,156.311,BBOX_GAP_LOWER_BOUND
PAIR-059-072,G059,P1_EQ_WARMUP_TOP,TEXT_GRAPHIC,3,0,193.83,BBOX_GAP_LOWER_BOUND
PAIR-059-073,G059,P1_EQ_WARMUP_BOTTOM,TEXT_GRAPHIC,3,0,176.649,BBOX_GAP_LOWER_BOUND
PAIR-059-074,G059,P1_EQ_RETAIN_TOP,TEXT_GRAPHIC,3,0,323.427,BBOX_GAP_LOWER_BOUND
PAIR-059-075,G059,P1_EQ_RETAIN_BOTTOM,TEXT_GRAPHIC,3,0,310.876,BBOX_GAP_LOWER_BOUND
PAIR-059-076,G059,P2_AXES,TEXT_GRAPHIC,3,0,55.0,BBOX_GAP_LOWER_BOUND
PAIR-059-077,G059,P2_CURVE_MARKERS,TEXT_GRAPHIC,3,0,124.0,BBOX_GAP_LOWER_BOUND
PAIR-059-078,G059,P2_WARMUP_BOUNDARY,TEXT_GRAPHIC,3,0,161.92,BBOX_GAP_LOWER_BOUND
PAIR-059-079,G059,P2_TARGET_LINE,TEXT_GRAPHIC,3,0,157.0,BBOX_GAP_LOWER_BOUND
PAIR-059-080,G059,P2_YLABEL_OVERLINE,TEXT_GRAPHIC,3,0,664.686,BBOX_GAP_LOWER_BOUND
PAIR-059-081,G059,P2_TITLE_OVERLINE,SAME_SEMANTIC_PARENT_DESIGN,0,0,236.002,BBOX_GAP_LOWER_BOUND
PAIR-059-082,G059,P1_HATCH,TEXT_GRAPHIC,3,0,158.685,BBOX_GAP_LOWER_BOUND
PAIR-059-083,G059,P2_HATCH,TEXT_GRAPHIC,3,0,164.469,BBOX_GAP_LOWER_BOUND
PAIR-060-061,G060,G061,SAME_SEMANTIC_PARENT_DESIGN,0,0,4.0,BBOX_GAP_LOWER_BOUND
PAIR-060-062,G060,G062,SAME_SEMANTIC_PARENT_DESIGN,0,0,48.0,BBOX_GAP_LOWER_BOUND
PAIR-060-063,G060,G063,SAME_SEMANTIC_PARENT_DESIGN,0,0,94.0,BBOX_GAP_LOWER_BOUND
PAIR-060-064,G060,G064,SAME_SEMANTIC_PARENT_DESIGN,0,0,137.0,BBOX_GAP_LOWER_BOUND
PAIR-060-065,G060,G065,SAME_SEMANTIC_PARENT_DESIGN,0,0,192.0,BBOX_GAP_LOWER_BOUND
PAIR-060-066,G060,G066,SAME_SEMANTIC_PARENT_DESIGN,0,0,225.0,BBOX_GAP_LOWER_BOUND
PAIR-060-067,G060,G067,SAME_SEMANTIC_PARENT_DESIGN,0,0,247.0,BBOX_GAP_LOWER_BOUND
PAIR-060-068,G060,G068,SAME_SEMANTIC_PARENT_DESIGN,0,0,259.0,BBOX_GAP_LOWER_BOUND
PAIR-060-069,G060,P1_AXES,TEXT_GRAPHIC,3,0,24.0,BBOX_GAP_LOWER_BOUND
PAIR-060-070,G060,P1_CURVE_MARKERS,TEXT_GRAPHIC,3,0,51.0,BBOX_GAP_LOWER_BOUND
PAIR-060-071,G060,P1_WARMUP_BOUNDARY,TEXT_GRAPHIC,3,0,200.569,BBOX_GAP_LOWER_BOUND
PAIR-060-072,G060,P1_EQ_WARMUP_TOP,TEXT_GRAPHIC,3,0,216.113,BBOX_GAP_LOWER_BOUND
PAIR-060-073,G060,P1_EQ_WARMUP_BOTTOM,TEXT_GRAPHIC,3,0,200.848,BBOX_GAP_LOWER_BOUND
PAIR-060-074,G060,P1_EQ_RETAIN_TOP,TEXT_GRAPHIC,3,0,292.57,BBOX_GAP_LOWER_BOUND
PAIR-060-075,G060,P1_EQ_RETAIN_BOTTOM,TEXT_GRAPHIC,3,0,278.632,BBOX_GAP_LOWER_BOUND
PAIR-060-076,G060,P2_AXES,TEXT_GRAPHIC,3,0,55.0,BBOX_GAP_LOWER_BOUND
PAIR-060-077,G060,P2_CURVE_MARKERS,TEXT_GRAPHIC,3,0,124.0,BBOX_GAP_LOWER_BOUND
PAIR-060-078,G060,P2_WARMUP_BOUNDARY,TEXT_GRAPHIC,3,0,204.971,BBOX_GAP_LOWER_BOUND
PAIR-060-079,G060,P2_TARGET_LINE,TEXT_GRAPHIC,3,0,157.0,BBOX_GAP_LOWER_BOUND
PAIR-060-080,G060,P2_YLABEL_OVERLINE,TEXT_GRAPHIC,3,0,708.628,BBOX_GAP_LOWER_BOUND
PAIR-060-081,G060,P2_TITLE_OVERLINE,SAME_SEMANTIC_PARENT_DESIGN,0,0,192.003,BBOX_GAP_LOWER_BOUND
PAIR-060-082,G060,P1_HATCH,TEXT_GRAPHIC,3,0,202.869,BBOX_GAP_LOWER_BOUND
PAIR-060-083,G060,P2_HATCH,TEXT_GRAPHIC,3,0,207.425,BBOX_GAP_LOWER_BOUND
PAIR-061-062,G061,G062,SAME_SEMANTIC_PARENT_DESIGN,0,0,3.0,BBOX_GAP_LOWER_BOUND
PAIR-061-063,G061,G063,SAME_SEMANTIC_PARENT_DESIGN,0,0,49.0,BBOX_GAP_LOWER_BOUND
PAIR-061-064,G061,G064,SAME_SEMANTIC_PARENT_DESIGN,0,0,92.0,BBOX_GAP_LOWER_BOUND
PAIR-061-065,G061,G065,SAME_SEMANTIC_PARENT_DESIGN,0,0,147.0,BBOX_GAP_LOWER_BOUND
PAIR-061-066,G061,G066,SAME_SEMANTIC_PARENT_DESIGN,0,0,180.0,BBOX_GAP_LOWER_BOUND
PAIR-061-067,G061,G067,SAME_SEMANTIC_PARENT_DESIGN,0,0,202.0,BBOX_GAP_LOWER_BOUND
PAIR-061-068,G061,G068,SAME_SEMANTIC_PARENT_DESIGN,0,0,214.0,BBOX_GAP_LOWER_BOUND
PAIR-061-069,G061,P1_AXES,TEXT_GRAPHIC,3,0,24.0,BBOX_GAP_LOWER_BOUND
PAIR-061-070,G061,P1_CURVE_MARKERS,TEXT_GRAPHIC,3,0,51.0,BBOX_GAP_LOWER_BOUND
PAIR-061-071,G061,P1_WARMUP_BOUNDARY,TEXT_GRAPHIC,3,0,246.089,BBOX_GAP_LOWER_BOUND
PAIR-061-072,G061,P1_EQ_WARMUP_TOP,TEXT_GRAPHIC,3,0,245.416,BBOX_GAP_LOWER_BOUND
PAIR-061-073,G061,P1_EQ_WARMUP_BOTTOM,TEXT_GRAPHIC,3,0,232.086,BBOX_GAP_LOWER_BOUND
PAIR-061-074,G061,P1_EQ_RETAIN_TOP,TEXT_GRAPHIC,3,0,264.881,BBOX_GAP_LOWER_BOUND
PAIR-061-075,G061,P1_EQ_RETAIN_BOTTOM,TEXT_GRAPHIC,3,0,249.401,BBOX_GAP_LOWER_BOUND
PAIR-061-076,G061,P2_AXES,TEXT_GRAPHIC,3,0,56.0,BBOX_GAP_LOWER_BOUND
PAIR-061-077,G061,P2_CURVE_MARKERS,TEXT_GRAPHIC,3,0,125.0,BBOX_GAP_LOWER_BOUND
PAIR-061-078,G061,P2_WARMUP_BOUNDARY,TEXT_GRAPHIC,3,0,249.904,BBOX_GAP_LOWER_BOUND
PAIR-061-079,G061,P2_TARGET_LINE,TEXT_GRAPHIC,3,0,158.0,BBOX_GAP_LOWER_BOUND
PAIR-061-080,G061,P2_YLABEL_OVERLINE,TEXT_GRAPHIC,3,0,753.871,BBOX_GAP_LOWER_BOUND
PAIR-061-081,G061,P2_TITLE_OVERLINE,SAME_SEMANTIC_PARENT_DESIGN,0,0,147.003,BBOX_GAP_LOWER_BOUND
PAIR-061-082,G061,P1_HATCH,TEXT_GRAPHIC,3,0,248.338,BBOX_GAP_LOWER_BOUND
PAIR-061-083,G061,P2_HATCH,TEXT_GRAPHIC,3,0,252.293,BBOX_GAP_LOWER_BOUND
PAIR-062-063,G062,G063,SAME_SEMANTIC_PARENT_DESIGN,0,0,3.0,BBOX_GAP_LOWER_BOUND
PAIR-062-064,G062,G064,SAME_SEMANTIC_PARENT_DESIGN,0,0,46.0,BBOX_GAP_LOWER_BOUND
PAIR-062-065,G062,G065,SAME_SEMANTIC_PARENT_DESIGN,0,0,101.0,BBOX_GAP_LOWER_BOUND
PAIR-062-066,G062,G066,SAME_SEMANTIC_PARENT_DESIGN,0,0,134.0,BBOX_GAP_LOWER_BOUND
PAIR-062-067,G062,G067,SAME_SEMANTIC_PARENT_DESIGN,0,0,156.0,BBOX_GAP_LOWER_BOUND
PAIR-062-068,G062,G068,SAME_SEMANTIC_PARENT_DESIGN,0,0,168.0,BBOX_GAP_LOWER_BOUND
PAIR-062-069,G062,P1_AXES,TEXT_GRAPHIC,3,0,24.0,BBOX_GAP_LOWER_BOUND
PAIR-062-070,G062,P1_CURVE_MARKERS,TEXT_GRAPHIC,3,0,51.0,BBOX_GAP_LOWER_BOUND
PAIR-062-071,G062,P1_WARMUP_BOUNDARY,TEXT_GRAPHIC,3,0,289.772,BBOX_GAP_LOWER_BOUND
PAIR-062-072,G062,P1_EQ_WARMUP_TOP,TEXT_GRAPHIC,3,0,277.714,BBOX_GAP_LOWER_BOUND
PAIR-062-073,G062,P1_EQ_WARMUP_BOTTOM,TEXT_GRAPHIC,3,0,266.008,BBOX_GAP_LOWER_BOUND
PAIR-062-074,G062,P1_EQ_RETAIN_TOP,TEXT_GRAPHIC,3,0,242.012,BBOX_GAP_LOWER_BOUND
PAIR-062-075,G062,P1_EQ_RETAIN_BOTTOM,TEXT_GRAPHIC,3,0,224.964,BBOX_GAP_LOWER_BOUND
PAIR-062-076,G062,P2_AXES,TEXT_GRAPHIC,3,0,55.0,BBOX_GAP_LOWER_BOUND
PAIR-062-077,G062,P2_CURVE_MARKERS,TEXT_GRAPHIC,3,0,124.0,BBOX_GAP_LOWER_BOUND
PAIR-062-078,G062,P2_WARMUP_BOUNDARY,TEXT_GRAPHIC,3,0,292.836,BBOX_GAP_LOWER_BOUND
PAIR-062-079,G062,P2_TARGET_LINE,TEXT_GRAPHIC,3,0,157.0,BBOX_GAP_LOWER_BOUND
PAIR-062-080,G062,P2_YLABEL_OVERLINE,TEXT_GRAPHIC,3,0,796.864,BBOX_GAP_LOWER_BOUND
PAIR-062-081,G062,P2_TITLE_OVERLINE,SAME_SEMANTIC_PARENT_DESIGN,0,0,101.005,BBOX_GAP_LOWER_BOUND
PAIR-062-082,G062,P1_HATCH,TEXT_GRAPHIC,3,0,291.986,BBOX_GAP_LOWER_BOUND
PAIR-062-083,G062,P2_HATCH,TEXT_GRAPHIC,3,0,295.169,BBOX_GAP_LOWER_BOUND
PAIR-063-064,G063,G064,SAME_SEMANTIC_PARENT_DESIGN,0,0,1.0,BBOX_GAP_LOWER_BOUND
PAIR-063-065,G063,G065,SAME_SEMANTIC_PARENT_DESIGN,0,0,56.0,BBOX_GAP_LOWER_BOUND
PAIR-063-066,G063,G066,SAME_SEMANTIC_PARENT_DESIGN,0,0,89.0,BBOX_GAP_LOWER_BOUND
PAIR-063-067,G063,G067,SAME_SEMANTIC_PARENT_DESIGN,0,0,111.0,BBOX_GAP_LOWER_BOUND
PAIR-063-068,G063,G068,SAME_SEMANTIC_PARENT_DESIGN,0,0,123.0,BBOX_GAP_LOWER_BOUND
PAIR-063-069,G063,P1_AXES,TEXT_GRAPHIC,3,0,24.0,BBOX_GAP_LOWER_BOUND
PAIR-063-070,G063,P1_CURVE_MARKERS,TEXT_GRAPHIC,3,0,51.0,BBOX_GAP_LOWER_BOUND
PAIR-063-071,G063,P1_WARMUP_BOUNDARY,TEXT_GRAPHIC,3,0,335.529,BBOX_GAP_LOWER_BOUND
PAIR-063-072,G063,P1_EQ_WARMUP_TOP,TEXT_GRAPHIC,3,0,314.53,BBOX_GAP_LOWER_BOUND
PAIR-063-073,G063,P1_EQ_WARMUP_BOTTOM,TEXT_GRAPHIC,3,0,304.243,BBOX_GAP_LOWER_BOUND
PAIR-063-074,G063,P1_EQ_RETAIN_TOP,TEXT_GRAPHIC,3,0,226.55,BBOX_GAP_LOWER_BOUND
PAIR-063-075,G063,P1_EQ_RETAIN_BOTTOM,TEXT_GRAPHIC,3,0,208.24,BBOX_GAP_LOWER_BOUND
PAIR-063-076,G063,P2_AXES,TEXT_GRAPHIC,3,0,55.0,BBOX_GAP_LOWER_BOUND
PAIR-063-077,G063,P2_CURVE_MARKERS,TEXT_GRAPHIC,3,0,124.0,BBOX_GAP_LOWER_BOUND
PAIR-063-078,G063,P2_WARMUP_BOUNDARY,TEXT_GRAPHIC,3,0,338.179,BBOX_GAP_LOWER_BOUND
PAIR-063-079,G063,P2_TARGET_LINE,TEXT_GRAPHIC,3,0,157.0,BBOX_GAP_LOWER_BOUND
PAIR-063-080,G063,P2_YLABEL_OVERLINE,TEXT_GRAPHIC,3,0,842.107,BBOX_GAP_LOWER_BOUND
PAIR-063-081,G063,P2_TITLE_OVERLINE,SAME_SEMANTIC_PARENT_DESIGN,0,0,56.009,BBOX_GAP_LOWER_BOUND
PAIR-063-082,G063,P1_HATCH,TEXT_GRAPHIC,3,0,337.716,BBOX_GAP_LOWER_BOUND
PAIR-063-083,G063,P2_HATCH,TEXT_GRAPHIC,3,0,340.472,BBOX_GAP_LOWER_BOUND
PAIR-064-065,G064,G065,SAME_SEMANTIC_PARENT_DESIGN,0,0,12.0,BBOX_GAP_LOWER_BOUND
PAIR-064-066,G064,G066,SAME_SEMANTIC_PARENT_DESIGN,0,0,45.0,BBOX_GAP_LOWER_BOUND
PAIR-064-067,G064,G067,SAME_SEMANTIC_PARENT_DESIGN,0,0,67.0,BBOX_GAP_LOWER_BOUND
PAIR-064-068,G064,G068,SAME_SEMANTIC_PARENT_DESIGN,0,0,79.0,BBOX_GAP_LOWER_BOUND
PAIR-064-069,G064,P1_AXES,TEXT_GRAPHIC,3,0,24.0,BBOX_GAP_LOWER_BOUND
PAIR-064-070,G064,P1_CURVE_MARKERS,TEXT_GRAPHIC,3,0,51.0,BBOX_GAP_LOWER_BOUND
PAIR-064-071,G064,P1_WARMUP_BOUNDARY,TEXT_GRAPHIC,3,0,378.356,BBOX_GAP_LOWER_BOUND
PAIR-064-072,G064,P1_EQ_WARMUP_TOP,TEXT_GRAPHIC,3,0,350.91,BBOX_GAP_LOWER_BOUND
PAIR-064-073,G064,P1_EQ_WARMUP_BOTTOM,TEXT_GRAPHIC,3,0,341.721,BBOX_GAP_LOWER_BOUND
PAIR-064-074,G064,P1_EQ_RETAIN_TOP,TEXT_GRAPHIC,3,0,219.447,BBOX_GAP_LOWER_BOUND
PAIR-064-075,G064,P1_EQ_RETAIN_BOTTOM,TEXT_GRAPHIC,3,0,200.489,BBOX_GAP_LOWER_BOUND
PAIR-064-076,G064,P2_AXES,TEXT_GRAPHIC,3,0,56.0,BBOX_GAP_LOWER_BOUND
PAIR-064-077,G064,P2_CURVE_MARKERS,TEXT_GRAPHIC,3,0,125.0,BBOX_GAP_LOWER_BOUND
PAIR-064-078,G064,P2_WARMUP_BOUNDARY,TEXT_GRAPHIC,3,0,380.848,BBOX_GAP_LOWER_BOUND
PAIR-064-079,G064,P2_TARGET_LINE,TEXT_GRAPHIC,3,0,158.0,BBOX_GAP_LOWER_BOUND
PAIR-064-080,G064,P2_YLABEL_OVERLINE,TEXT_GRAPHIC,3,0,884.638,BBOX_GAP_LOWER_BOUND
PAIR-064-081,G064,P2_TITLE_OVERLINE,SAME_SEMANTIC_PARENT_DESIGN,0,0,12.042,BBOX_GAP_LOWER_BOUND
PAIR-064-082,G064,P1_HATCH,TEXT_GRAPHIC,3,0,380.522,BBOX_GAP_LOWER_BOUND
PAIR-064-083,G064,P2_HATCH,TEXT_GRAPHIC,3,0,383.115,BBOX_GAP_LOWER_BOUND
PAIR-065-066,G065,G066,SAME_SEMANTIC_PARENT_DESIGN,0,0,4.0,BBOX_GAP_LOWER_BOUND
PAIR-065-067,G065,G067,SAME_SEMANTIC_PARENT_DESIGN,0,0,26.0,BBOX_GAP_LOWER_BOUND
PAIR-065-068,G065,G068,SAME_SEMANTIC_PARENT_DESIGN,0,0,38.0,BBOX_GAP_LOWER_BOUND
PAIR-065-069,G065,P1_AXES,TEXT_GRAPHIC,3,0,30.0,BBOX_GAP_LOWER_BOUND
PAIR-065-070,G065,P1_CURVE_MARKERS,TEXT_GRAPHIC,3,0,57.0,BBOX_GAP_LOWER_BOUND
PAIR-065-071,G065,P1_WARMUP_BOUNDARY,TEXT_GRAPHIC,3,0,433.668,BBOX_GAP_LOWER_BOUND
PAIR-065-072,G065,P1_EQ_WARMUP_TOP,TEXT_GRAPHIC,3,0,402.061,BBOX_GAP_LOWER_BOUND
PAIR-065-073,G065,P1_EQ_WARMUP_BOTTOM,TEXT_GRAPHIC,3,0,393.777,BBOX_GAP_LOWER_BOUND
PAIR-065-074,G065,P1_EQ_RETAIN_TOP,TEXT_GRAPHIC,3,0,225.0,BBOX_GAP_LOWER_BOUND
PAIR-065-075,G065,P1_EQ_RETAIN_BOTTOM,TEXT_GRAPHIC,3,0,206.0,BBOX_GAP_LOWER_BOUND
PAIR-065-076,G065,P2_AXES,TEXT_GRAPHIC,3,0,59.0,BBOX_GAP_LOWER_BOUND
PAIR-065-077,G065,P2_CURVE_MARKERS,TEXT_GRAPHIC,3,0,128.0,BBOX_GAP_LOWER_BOUND
PAIR-065-078,G065,P2_WARMUP_BOUNDARY,TEXT_GRAPHIC,3,0,435.744,BBOX_GAP_LOWER_BOUND
PAIR-065-079,G065,P2_TARGET_LINE,TEXT_GRAPHIC,3,0,161.0,BBOX_GAP_LOWER_BOUND
PAIR-065-080,G065,P2_YLABEL_OVERLINE,TEXT_GRAPHIC,3,0,939.379,BBOX_GAP_LOWER_BOUND
PAIR-065-081,G065,P2_TITLE_OVERLINE,SAME_SEMANTIC_PARENT_DESIGN,0,0,7.0,BBOX_GAP_LOWER_BOUND
PAIR-065-082,G065,P1_HATCH,TEXT_GRAPHIC,3,0,435.839,BBOX_GAP_LOWER_BOUND
PAIR-065-083,G065,P2_HATCH,TEXT_GRAPHIC,3,0,437.992,BBOX_GAP_LOWER_BOUND
PAIR-066-067,G066,G067,SAME_SEMANTIC_PARENT_DESIGN,0,0,7.0,BBOX_GAP_LOWER_BOUND
PAIR-066-068,G066,G068,SAME_SEMANTIC_PARENT_DESIGN,0,0,19.0,BBOX_GAP_LOWER_BOUND
PAIR-066-069,G066,P1_AXES,TEXT_GRAPHIC,3,0,49.0,BBOX_GAP_LOWER_BOUND
PAIR-066-070,G066,P1_CURVE_MARKERS,TEXT_GRAPHIC,3,0,76.0,BBOX_GAP_LOWER_BOUND
PAIR-066-071,G066,P1_WARMUP_BOUNDARY,TEXT_GRAPHIC,3,0,468.481,BBOX_GAP_LOWER_BOUND
PAIR-066-072,G066,P1_EQ_WARMUP_TOP,TEXT_GRAPHIC,3,0,440.097,BBOX_GAP_LOWER_BOUND
PAIR-066-073,G066,P1_EQ_WARMUP_BOTTOM,TEXT_GRAPHIC,3,0,431.706,BBOX_GAP_LOWER_BOUND
PAIR-066-074,G066,P1_EQ_RETAIN_TOP,TEXT_GRAPHIC,3,0,244.131,BBOX_GAP_LOWER_BOUND
PAIR-066-075,G066,P1_EQ_RETAIN_BOTTOM,TEXT_GRAPHIC,3,0,225.142,BBOX_GAP_LOWER_BOUND
PAIR-066-076,G066,P2_AXES,TEXT_GRAPHIC,3,0,48.0,BBOX_GAP_LOWER_BOUND
PAIR-066-077,G066,P2_CURVE_MARKERS,TEXT_GRAPHIC,3,0,117.0,BBOX_GAP_LOWER_BOUND
PAIR-066-078,G066,P2_WARMUP_BOUNDARY,TEXT_GRAPHIC,3,0,467.27,BBOX_GAP_LOWER_BOUND
PAIR-066-079,G066,P2_TARGET_LINE,TEXT_GRAPHIC,3,0,150.0,BBOX_GAP_LOWER_BOUND
PAIR-066-080,G066,P2_YLABEL_OVERLINE,TEXT_GRAPHIC,3,0,970.299,BBOX_GAP_LOWER_BOUND
PAIR-066-081,G066,P2_TITLE_OVERLINE,SAME_SEMANTIC_PARENT_DESIGN,0,0,26.019,BBOX_GAP_LOWER_BOUND
PAIR-066-082,G066,P1_HATCH,TEXT_GRAPHIC,3,0,470.712,BBOX_GAP_LOWER_BOUND
PAIR-066-083,G066,P2_HATCH,TEXT_GRAPHIC,3,0,469.46,BBOX_GAP_LOWER_BOUND
PAIR-067-068,G067,G068,SAME_SEMANTIC_PARENT_DESIGN,0,0,7.0,BBOX_GAP_LOWER_BOUND
PAIR-067-069,G067,P1_AXES,TEXT_GRAPHIC,3,0,53.0,BBOX_GAP_LOWER_BOUND
PAIR-067-070,G067,P1_CURVE_MARKERS,TEXT_GRAPHIC,3,0,80.0,BBOX_GAP_LOWER_BOUND
PAIR-067-071,G067,P1_WARMUP_BOUNDARY,TEXT_GRAPHIC,3,0,490.805,BBOX_GAP_LOWER_BOUND
PAIR-067-072,G067,P1_EQ_WARMUP_TOP,TEXT_GRAPHIC,3,0,461.525,BBOX_GAP_LOWER_BOUND
PAIR-067-073,G067,P1_EQ_WARMUP_BOTTOM,TEXT_GRAPHIC,3,0,453.363,BBOX_GAP_LOWER_BOUND
PAIR-067-074,G067,P1_EQ_RETAIN_TOP,TEXT_GRAPHIC,3,0,249.808,BBOX_GAP_LOWER_BOUND
PAIR-067-075,G067,P1_EQ_RETAIN_BOTTOM,TEXT_GRAPHIC,3,0,230.957,BBOX_GAP_LOWER_BOUND
PAIR-067-076,G067,P2_AXES,TEXT_GRAPHIC,3,0,48.0,BBOX_GAP_LOWER_BOUND
PAIR-067-077,G067,P2_CURVE_MARKERS,TEXT_GRAPHIC,3,0,117.0,BBOX_GAP_LOWER_BOUND
PAIR-067-078,G067,P2_WARMUP_BOUNDARY,TEXT_GRAPHIC,3,0,489.168,BBOX_GAP_LOWER_BOUND
PAIR-067-079,G067,P2_TARGET_LINE,TEXT_GRAPHIC,3,0,150.0,BBOX_GAP_LOWER_BOUND
PAIR-067-080,G067,P2_YLABEL_OVERLINE,TEXT_GRAPHIC,3,0,992.071,BBOX_GAP_LOWER_BOUND
PAIR-067-081,G067,P2_TITLE_OVERLINE,SAME_SEMANTIC_PARENT_DESIGN,0,0,37.802,BBOX_GAP_LOWER_BOUND
PAIR-067-082,G067,P1_HATCH,TEXT_GRAPHIC,3,0,493.042,BBOX_GAP_LOWER_BOUND
PAIR-067-083,G067,P2_HATCH,TEXT_GRAPHIC,3,0,491.35,BBOX_GAP_LOWER_BOUND
PAIR-068-069,G068,P1_AXES,TEXT_GRAPHIC,3,0,50.0,BBOX_GAP_LOWER_BOUND
PAIR-068-070,G068,P1_CURVE_MARKERS,TEXT_GRAPHIC,3,0,77.0,BBOX_GAP_LOWER_BOUND
PAIR-068-071,G068,P1_WARMUP_BOUNDARY,TEXT_GRAPHIC,3,0,502.359,BBOX_GAP_LOWER_BOUND
PAIR-068-072,G068,P1_EQ_WARMUP_TOP,TEXT_GRAPHIC,3,0,470.993,BBOX_GAP_LOWER_BOUND
PAIR-068-073,G068,P1_EQ_WARMUP_BOTTOM,TEXT_GRAPHIC,3,0,463.121,BBOX_GAP_LOWER_BOUND
PAIR-068-074,G068,P1_EQ_RETAIN_TOP,TEXT_GRAPHIC,3,0,248.574,BBOX_GAP_LOWER_BOUND
PAIR-068-075,G068,P1_EQ_RETAIN_BOTTOM,TEXT_GRAPHIC,3,0,229.87,BBOX_GAP_LOWER_BOUND
PAIR-068-076,G068,P2_AXES,TEXT_GRAPHIC,3,0,48.0,BBOX_GAP_LOWER_BOUND
PAIR-068-077,G068,P2_CURVE_MARKERS,TEXT_GRAPHIC,3,0,117.0,BBOX_GAP_LOWER_BOUND
PAIR-068-078,G068,P2_WARMUP_BOUNDARY,TEXT_GRAPHIC,3,0,501.116,BBOX_GAP_LOWER_BOUND
PAIR-068-079,G068,P2_TARGET_LINE,TEXT_GRAPHIC,3,0,150.0,BBOX_GAP_LOWER_BOUND
PAIR-068-080,G068,P2_YLABEL_OVERLINE,TEXT_GRAPHIC,3,0,1003.951,BBOX_GAP_LOWER_BOUND
PAIR-068-081,G068,P2_TITLE_OVERLINE,SAME_SEMANTIC_PARENT_DESIGN,0,0,44.204,BBOX_GAP_LOWER_BOUND
PAIR-068-082,G068,P1_HATCH,TEXT_GRAPHIC,3,0,504.58,BBOX_GAP_LOWER_BOUND
PAIR-068-083,G068,P2_HATCH,TEXT_GRAPHIC,3,0,503.294,BBOX_GAP_LOWER_BOUND
PAIR-069-070,P1_AXES,P1_CURVE_MARKERS,PLOT_GEOMETRY_DESIGN_RELATION,0,0,0.0,BBOX_GAP_LOWER_BOUND
PAIR-069-071,P1_AXES,P1_WARMUP_BOUNDARY,PLOT_GEOMETRY_DESIGN_RELATION,0,0,0.0,BBOX_GAP_LOWER_BOUND
PAIR-069-072,P1_AXES,P1_EQ_WARMUP_TOP,PLOT_GEOMETRY_DESIGN_RELATION,0,0,0.0,BBOX_GAP_LOWER_BOUND
PAIR-069-073,P1_AXES,P1_EQ_WARMUP_BOTTOM,PLOT_GEOMETRY_DESIGN_RELATION,0,0,0.0,BBOX_GAP_LOWER_BOUND
PAIR-069-074,P1_AXES,P1_EQ_RETAIN_TOP,PLOT_GEOMETRY_DESIGN_RELATION,0,0,0.0,BBOX_GAP_LOWER_BOUND
PAIR-069-075,P1_AXES,P1_EQ_RETAIN_BOTTOM,PLOT_GEOMETRY_DESIGN_RELATION,0,0,0.0,BBOX_GAP_LOWER_BOUND
PAIR-069-076,P1_AXES,P2_AXES,CROSS_PANEL_GRAPHICS,0,0,119.0,BBOX_GAP_LOWER_BOUND
PAIR-069-077,P1_AXES,P2_CURVE_MARKERS,CROSS_PANEL_GRAPHICS,0,0,188.0,BBOX_GAP_LOWER_BOUND
PAIR-069-078,P1_AXES,P2_WARMUP_BOUNDARY,CROSS_PANEL_GRAPHICS,0,0,117.0,BBOX_GAP_LOWER_BOUND
PAIR-069-079,P1_AXES,P2_TARGET_LINE,CROSS_PANEL_GRAPHICS,0,0,221.0,BBOX_GAP_LOWER_BOUND
PAIR-069-080,P1_AXES,P2_YLABEL_OVERLINE,CROSS_PANEL_GRAPHICS,0,0,286.693,BBOX_GAP_LOWER_BOUND
PAIR-069-081,P1_AXES,P2_TITLE_OVERLINE,CROSS_PANEL_GRAPHICS,0,0,20.0,BBOX_GAP_LOWER_BOUND
PAIR-069-082,P1_AXES,P1_HATCH,PLOT_GEOMETRY_DESIGN_RELATION,0,0,0.0,BBOX_GAP_LOWER_BOUND
PAIR-069-083,P1_AXES,P2_HATCH,CROSS_PANEL_GRAPHICS,0,0,119.0,BBOX_GAP_LOWER_BOUND
PAIR-070-071,P1_CURVE_MARKERS,P1_WARMUP_BOUNDARY,PLOT_GEOMETRY_DESIGN_RELATION,0,0,0.0,BBOX_GAP_LOWER_BOUND
PAIR-070-072,P1_CURVE_MARKERS,P1_EQ_WARMUP_TOP,PLOT_GEOMETRY_DESIGN_RELATION,0,0,0.0,BBOX_GAP_LOWER_BOUND
PAIR-070-073,P1_CURVE_MARKERS,P1_EQ_WARMUP_BOTTOM,PLOT_GEOMETRY_DESIGN_RELATION,0,0,0.0,BBOX_GAP_LOWER_BOUND
PAIR-070-074,P1_CURVE_MARKERS,P1_EQ_RETAIN_TOP,PLOT_GEOMETRY_DESIGN_RELATION,0,0,0.0,BBOX_GAP_LOWER_BOUND
PAIR-070-075,P1_CURVE_MARKERS,P1_EQ_RETAIN_BOTTOM,PLOT_GEOMETRY_DESIGN_RELATION,0,0,0.0,BBOX_GAP_LOWER_BOUND
PAIR-070-076,P1_CURVE_MARKERS,P2_AXES,CROSS_PANEL_GRAPHICS,0,0,146.0,BBOX_GAP_LOWER_BOUND
PAIR-070-077,P1_CURVE_MARKERS,P2_CURVE_MARKERS,CROSS_PANEL_GRAPHICS,0,0,215.0,BBOX_GAP_LOWER_BOUND
PAIR-070-078,P1_CURVE_MARKERS,P2_WARMUP_BOUNDARY,CROSS_PANEL_GRAPHICS,0,0,144.0,BBOX_GAP_LOWER_BOUND
PAIR-070-079,P1_CURVE_MARKERS,P2_TARGET_LINE,CROSS_PANEL_GRAPHICS,0,0,248.0,BBOX_GAP_LOWER_BOUND
PAIR-070-080,P1_CURVE_MARKERS,P2_YLABEL_OVERLINE,CROSS_PANEL_GRAPHICS,0,0,326.879,BBOX_GAP_LOWER_BOUND
PAIR-070-081,P1_CURVE_MARKERS,P2_TITLE_OVERLINE,CROSS_PANEL_GRAPHICS,0,0,47.0,BBOX_GAP_LOWER_BOUND
PAIR-070-082,P1_CURVE_MARKERS,P1_HATCH,PLOT_GEOMETRY_DESIGN_RELATION,0,0,0.0,BBOX_GAP_LOWER_BOUND
PAIR-070-083,P1_CURVE_MARKERS,P2_HATCH,CROSS_PANEL_GRAPHICS,0,0,146.0,BBOX_GAP_LOWER_BOUND
PAIR-071-072,P1_WARMUP_BOUNDARY,P1_EQ_WARMUP_TOP,PLOT_GEOMETRY_DESIGN_RELATION,0,0,51.0,BBOX_GAP_LOWER_BOUND
PAIR-071-073,P1_WARMUP_BOUNDARY,P1_EQ_WARMUP_BOTTOM,PLOT_GEOMETRY_DESIGN_RELATION,0,0,51.0,BBOX_GAP_LOWER_BOUND
PAIR-071-074,P1_WARMUP_BOUNDARY,P1_EQ_RETAIN_TOP,PLOT_GEOMETRY_DESIGN_RELATION,0,0,434.0,BBOX_GAP_LOWER_BOUND
PAIR-071-075,P1_WARMUP_BOUNDARY,P1_EQ_RETAIN_BOTTOM,PLOT_GEOMETRY_DESIGN_RELATION,0,0,434.0,BBOX_GAP_LOWER_BOUND
PAIR-071-076,P1_WARMUP_BOUNDARY,P2_AXES,CROSS_PANEL_GRAPHICS,0,0,127.0,BBOX_GAP_LOWER_BOUND
PAIR-071-077,P1_WARMUP_BOUNDARY,P2_CURVE_MARKERS,CROSS_PANEL_GRAPHICS,0,0,196.825,BBOX_GAP_LOWER_BOUND
PAIR-071-078,P1_WARMUP_BOUNDARY,P2_WARMUP_BOUNDARY,CROSS_PANEL_GRAPHICS,0,0,125.0,BBOX_GAP_LOWER_BOUND
PAIR-071-079,P1_WARMUP_BOUNDARY,P2_TARGET_LINE,CROSS_PANEL_GRAPHICS,0,0,229.0,BBOX_GAP_LOWER_BOUND
PAIR-071-080,P1_WARMUP_BOUNDARY,P2_YLABEL_OVERLINE,CROSS_PANEL_GRAPHICS,0,0,538.034,BBOX_GAP_LOWER_BOUND
PAIR-071-081,P1_WARMUP_BOUNDARY,P2_TITLE_OVERLINE,CROSS_PANEL_GRAPHICS,0,0,432.906,BBOX_GAP_LOWER_BOUND
PAIR-071-082,P1_WARMUP_BOUNDARY,P1_HATCH,PLOT_GEOMETRY_DESIGN_RELATION,0,0,0.0,BBOX_GAP_LOWER_BOUND
PAIR-071-083,P1_WARMUP_BOUNDARY,P2_HATCH,CROSS_PANEL_GRAPHICS,0,0,127.0,BBOX_GAP_LOWER_BOUND
PAIR-072-073,P1_EQ_WARMUP_TOP,P1_EQ_WARMUP_BOTTOM,SAME_SEMANTIC_PARENT_DESIGN,0,0,16.0,BBOX_GAP_LOWER_BOUND
PAIR-072-074,P1_EQ_WARMUP_TOP,P1_EQ_RETAIN_TOP,PLOT_GEOMETRY_DESIGN_RELATION,0,0,362.0,BBOX_GAP_LOWER_BOUND
PAIR-072-075,P1_EQ_WARMUP_TOP,P1_EQ_RETAIN_BOTTOM,PLOT_GEOMETRY_DESIGN_RELATION,0,0,360.501,BBOX_GAP_LOWER_BOUND
PAIR-072-076,P1_EQ_WARMUP_TOP,P2_AXES,CROSS_PANEL_GRAPHICS,0,0,272.0,BBOX_GAP_LOWER_BOUND
PAIR-072-077,P1_EQ_WARMUP_TOP,P2_CURVE_MARKERS,CROSS_PANEL_GRAPHICS,0,0,341.0,BBOX_GAP_LOWER_BOUND
PAIR-072-078,P1_EQ_WARMUP_TOP,P2_WARMUP_BOUNDARY,CROSS_PANEL_GRAPHICS,0,0,274.774,BBOX_GAP_LOWER_BOUND
PAIR-072-079,P1_EQ_WARMUP_TOP,P2_TARGET_LINE,CROSS_PANEL_GRAPHICS,0,0,374.0,BBOX_GAP_LOWER_BOUND
PAIR-072-080,P1_EQ_WARMUP_TOP,P2_YLABEL_OVERLINE,CROSS_PANEL_GRAPHICS,0,0,656.766,BBOX_GAP_LOWER_BOUND
PAIR-072-081,P1_EQ_WARMUP_TOP,P2_TITLE_OVERLINE,CROSS_PANEL_GRAPHICS,0,0,397.609,BBOX_GAP_LOWER_BOUND
PAIR-072-082,P1_EQ_WARMUP_TOP,P1_HATCH,PLOT_GEOMETRY_DESIGN_RELATION,0,0,53.0,BBOX_GAP_LOWER_BOUND
PAIR-072-083,P1_EQ_WARMUP_TOP,P2_HATCH,CROSS_PANEL_GRAPHICS,0,0,277.115,BBOX_GAP_LOWER_BOUND
PAIR-073-074,P1_EQ_WARMUP_BOTTOM,P1_EQ_RETAIN_TOP,PLOT_GEOMETRY_DESIGN_RELATION,0,0,364.642,BBOX_GAP_LOWER_BOUND
PAIR-073-075,P1_EQ_WARMUP_BOTTOM,P1_EQ_RETAIN_BOTTOM,PLOT_GEOMETRY_DESIGN_RELATION,0,0,362.106,BBOX_GAP_LOWER_BOUND
PAIR-073-076,P1_EQ_WARMUP_BOTTOM,P2_AXES,CROSS_PANEL_GRAPHICS,0,0,253.0,BBOX_GAP_LOWER_BOUND
PAIR-073-077,P1_EQ_WARMUP_BOTTOM,P2_CURVE_MARKERS,CROSS_PANEL_GRAPHICS,0,0,322.0,BBOX_GAP_LOWER_BOUND
PAIR-073-078,P1_EQ_WARMUP_BOTTOM,P2_WARMUP_BOUNDARY,CROSS_PANEL_GRAPHICS,0,0,256.129,BBOX_GAP_LOWER_BOUND
PAIR-073-079,P1_EQ_WARMUP_BOTTOM,P2_TARGET_LINE,CROSS_PANEL_GRAPHICS,0,0,355.0,BBOX_GAP_LOWER_BOUND
PAIR-073-080,P1_EQ_WARMUP_BOTTOM,P2_YLABEL_OVERLINE,CROSS_PANEL_GRAPHICS,0,0,646.399,BBOX_GAP_LOWER_BOUND
PAIR-073-081,P1_EQ_WARMUP_BOTTOM,P2_TITLE_OVERLINE,CROSS_PANEL_GRAPHICS,0,0,389.718,BBOX_GAP_LOWER_BOUND
PAIR-073-082,P1_EQ_WARMUP_BOTTOM,P1_HATCH,PLOT_GEOMETRY_DESIGN_RELATION,0,0,53.0,BBOX_GAP_LOWER_BOUND
PAIR-073-083,P1_EQ_WARMUP_BOTTOM,P2_HATCH,CROSS_PANEL_GRAPHICS,0,0,258.492,BBOX_GAP_LOWER_BOUND
PAIR-074-075,P1_EQ_RETAIN_TOP,P1_EQ_RETAIN_BOTTOM,SAME_SEMANTIC_PARENT_DESIGN,0,0,16.0,BBOX_GAP_LOWER_BOUND
PAIR-074-076,P1_EQ_RETAIN_TOP,P2_AXES,CROSS_PANEL_GRAPHICS,0,0,314.0,BBOX_GAP_LOWER_BOUND
PAIR-074-077,P1_EQ_RETAIN_TOP,P2_CURVE_MARKERS,CROSS_PANEL_GRAPHICS,0,0,383.0,BBOX_GAP_LOWER_BOUND
PAIR-074-078,P1_EQ_RETAIN_TOP,P2_WARMUP_BOUNDARY,CROSS_PANEL_GRAPHICS,0,0,534.509,BBOX_GAP_LOWER_BOUND
PAIR-074-079,P1_EQ_RETAIN_TOP,P2_TARGET_LINE,CROSS_PANEL_GRAPHICS,0,0,416.0,BBOX_GAP_LOWER_BOUND
PAIR-074-080,P1_EQ_RETAIN_TOP,P2_YLABEL_OVERLINE,CROSS_PANEL_GRAPHICS,0,0,1014.244,BBOX_GAP_LOWER_BOUND
PAIR-074-081,P1_EQ_RETAIN_TOP,P2_TITLE_OVERLINE,CROSS_PANEL_GRAPHICS,0,0,215.0,BBOX_GAP_LOWER_BOUND
PAIR-074-082,P1_EQ_RETAIN_TOP,P1_HATCH,PLOT_GEOMETRY_DESIGN_RELATION,0,0,436.0,BBOX_GAP_LOWER_BOUND
PAIR-074-083,P1_EQ_RETAIN_TOP,P2_HATCH,CROSS_PANEL_GRAPHICS,0,0,537.301,BBOX_GAP_LOWER_BOUND
PAIR-075-076,P1_EQ_RETAIN_BOTTOM,P2_AXES,CROSS_PANEL_GRAPHICS,0,0,295.0,BBOX_GAP_LOWER_BOUND
PAIR-075-077,P1_EQ_RETAIN_BOTTOM,P2_CURVE_MARKERS,CROSS_PANEL_GRAPHICS,0,0,364.0,BBOX_GAP_LOWER_BOUND
PAIR-075-078,P1_EQ_RETAIN_BOTTOM,P2_WARMUP_BOUNDARY,CROSS_PANEL_GRAPHICS,0,0,523.646,BBOX_GAP_LOWER_BOUND
PAIR-075-079,P1_EQ_RETAIN_BOTTOM,P2_TARGET_LINE,CROSS_PANEL_GRAPHICS,0,0,397.0,BBOX_GAP_LOWER_BOUND
PAIR-075-080,P1_EQ_RETAIN_BOTTOM,P2_YLABEL_OVERLINE,CROSS_PANEL_GRAPHICS,0,0,1006.77,BBOX_GAP_LOWER_BOUND
PAIR-075-081,P1_EQ_RETAIN_BOTTOM,P2_TITLE_OVERLINE,CROSS_PANEL_GRAPHICS,0,0,196.0,BBOX_GAP_LOWER_BOUND
PAIR-075-082,P1_EQ_RETAIN_BOTTOM,P1_HATCH,PLOT_GEOMETRY_DESIGN_RELATION,0,0,436.0,BBOX_GAP_LOWER_BOUND
PAIR-075-083,P1_EQ_RETAIN_BOTTOM,P2_HATCH,CROSS_PANEL_GRAPHICS,0,0,526.423,BBOX_GAP_LOWER_BOUND
PAIR-076-077,P2_AXES,P2_CURVE_MARKERS,PLOT_GEOMETRY_DESIGN_RELATION,0,0,0.0,BBOX_GAP_LOWER_BOUND
PAIR-076-078,P2_AXES,P2_WARMUP_BOUNDARY,PLOT_GEOMETRY_DESIGN_RELATION,0,0,0.0,BBOX_GAP_LOWER_BOUND
PAIR-076-079,P2_AXES,P2_TARGET_LINE,PLOT_GEOMETRY_DESIGN_RELATION,0,0,0.0,BBOX_GAP_LOWER_BOUND
PAIR-076-080,P2_AXES,P2_YLABEL_OVERLINE,PLOT_GEOMETRY_DESIGN_RELATION,0,0,193.0,BBOX_GAP_LOWER_BOUND
PAIR-076-081,P2_AXES,P2_TITLE_OVERLINE,PLOT_GEOMETRY_DESIGN_RELATION,0,0,96.0,BBOX_GAP_LOWER_BOUND
PAIR-076-082,P2_AXES,P1_HATCH,CROSS_PANEL_GRAPHICS,0,0,129.0,BBOX_GAP_LOWER_BOUND
PAIR-076-083,P2_AXES,P2_HATCH,PLOT_GEOMETRY_DESIGN_RELATION,0,0,0.0,BBOX_GAP_LOWER_BOUND
PAIR-077-078,P2_CURVE_MARKERS,P2_WARMUP_BOUNDARY,PLOT_GEOMETRY_DESIGN_RELATION,0,0,18.0,BBOX_GAP_LOWER_BOUND
PAIR-077-079,P2_CURVE_MARKERS,P2_TARGET_LINE,PLOT_GEOMETRY_DESIGN_RELATION,0,0,0.0,BBOX_GAP_LOWER_BOUND
PAIR-077-080,P2_CURVE_MARKERS,P2_YLABEL_OVERLINE,PLOT_GEOMETRY_DESIGN_RELATION,0,0,513.0,BBOX_GAP_LOWER_BOUND
PAIR-077-081,P2_CURVE_MARKERS,P2_TITLE_OVERLINE,PLOT_GEOMETRY_DESIGN_RELATION,0,0,165.0,BBOX_GAP_LOWER_BOUND
PAIR-077-082,P2_CURVE_MARKERS,P1_HATCH,CROSS_PANEL_GRAPHICS,0,0,199.008,BBOX_GAP_LOWER_BOUND
PAIR-077-083,P2_CURVE_MARKERS,P2_HATCH,PLOT_GEOMETRY_DESIGN_RELATION,0,0,20.0,BBOX_GAP_LOWER_BOUND
PAIR-078-079,P2_WARMUP_BOUNDARY,P2_TARGET_LINE,PLOT_GEOMETRY_DESIGN_RELATION,0,0,0.0,BBOX_GAP_LOWER_BOUND
PAIR-078-080,P2_WARMUP_BOUNDARY,P2_YLABEL_OVERLINE,PLOT_GEOMETRY_DESIGN_RELATION,0,0,491.0,BBOX_GAP_LOWER_BOUND
PAIR-078-081,P2_WARMUP_BOUNDARY,P2_TITLE_OVERLINE,PLOT_GEOMETRY_DESIGN_RELATION,0,0,442.109,BBOX_GAP_LOWER_BOUND
PAIR-078-082,P2_WARMUP_BOUNDARY,P1_HATCH,CROSS_PANEL_GRAPHICS,0,0,127.0,BBOX_GAP_LOWER_BOUND
PAIR-078-083,P2_WARMUP_BOUNDARY,P2_HATCH,PLOT_GEOMETRY_DESIGN_RELATION,0,0,0.0,BBOX_GAP_LOWER_BOUND
PAIR-079-080,P2_TARGET_LINE,P2_YLABEL_OVERLINE,PLOT_GEOMETRY_DESIGN_RELATION,0,0,492.037,BBOX_GAP_LOWER_BOUND
PAIR-079-081,P2_TARGET_LINE,P2_TITLE_OVERLINE,PLOT_GEOMETRY_DESIGN_RELATION,0,0,198.0,BBOX_GAP_LOWER_BOUND
PAIR-079-082,P2_TARGET_LINE,P1_HATCH,CROSS_PANEL_GRAPHICS,0,0,231.0,BBOX_GAP_LOWER_BOUND
PAIR-079-083,P2_TARGET_LINE,P2_HATCH,PLOT_GEOMETRY_DESIGN_RELATION,0,0,0.0,BBOX_GAP_LOWER_BOUND
PAIR-080-081,P2_YLABEL_OVERLINE,P2_TITLE_OVERLINE,PLOT_GEOMETRY_DESIGN_RELATION,0,0,946.071,BBOX_GAP_LOWER_BOUND
PAIR-080-082,P2_YLABEL_OVERLINE,P1_HATCH,CROSS_PANEL_GRAPHICS,0,0,321.104,BBOX_GAP_LOWER_BOUND
PAIR-080-083,P2_YLABEL_OVERLINE,P2_HATCH,PLOT_GEOMETRY_DESIGN_RELATION,0,0,232.0,BBOX_GAP_LOWER_BOUND
PAIR-081-082,P2_TITLE_OVERLINE,P1_HATCH,CROSS_PANEL_GRAPHICS,0,0,435.036,BBOX_GAP_LOWER_BOUND
PAIR-081-083,P2_TITLE_OVERLINE,P2_HATCH,PLOT_GEOMETRY_DESIGN_RELATION,0,0,444.491,BBOX_GAP_LOWER_BOUND
PAIR-082-083,P1_HATCH,P2_HATCH,CROSS_PANEL_GRAPHICS,0,0,129.0,BBOX_GAP_LOWER_BOUND
