PAIR_ID,A_ID,B_ID,A_CLASS,B_CLASS,RELATION,METRIC,RAW_INTERSECTION_PX,MIN_CENTER_DISTANCE_PX,MIN_CLEARANCE_PX,THRESHOLD_PX,RAWTEXT_FONT_METRIC_BBOX_GAP_PX,MACHINE_STATE,ILLEGAL_OVERLAP_PX,REVIEWER,MANUAL_DECISION,CRITICAL_1X,CRITICAL_8X
PAIR_0001,T01,T02,TEXT_PARENT,TEXT_PARENT,TEXT_TEXT,FINAL_VISIBLE_GLYPH_VECTOR_BBOX,0,147.0,133.0,4.0,127.0,PASS,0,PENDING,PENDING_VISUAL_OPEN,,
PAIR_0002,T01,T03,TEXT_PARENT,TEXT_PARENT,TEXT_TEXT,FINAL_VISIBLE_GLYPH_VECTOR_BBOX,0,147.4667,132.0,4.0,127.0,PASS,0,PENDING,PENDING_VISUAL_OPEN,,
PAIR_0003,T01,T04,TEXT_PARENT,TEXT_PARENT,TEXT_TEXT,FINAL_VISIBLE_GLYPH_VECTOR_BBOX,0,170.2386,155.6181,4.0,148.9497,PASS,0,PENDING,PENDING_VISUAL_OPEN,,
PAIR_0004,T01,T05,TEXT_PARENT,TEXT_PARENT,TEXT_TEXT,FINAL_VISIBLE_GLYPH_VECTOR_BBOX,0,172.4572,155.6181,4.0,149.4958,PASS,0,PENDING,PENDING_VISUAL_OPEN,,
PAIR_0005,T01,T06,TEXT_PARENT,TEXT_PARENT,TEXT_TEXT,FINAL_VISIBLE_GLYPH_VECTOR_BBOX,0,42.5814,30.0,4.0,24.0,PASS,0,PENDING,PENDING_VISUAL_OPEN,,
PAIR_0006,T01,T07,TEXT_PARENT,TEXT_PARENT,TEXT_TEXT,FINAL_VISIBLE_GLYPH_VECTOR_BBOX,0,209.1039,202.0,4.0,196.0,PASS,0,PENDING,PENDING_VISUAL_OPEN,,
PAIR_0007,T01,T08,TEXT_PARENT,TEXT_PARENT,TEXT_TEXT,FINAL_VISIBLE_GLYPH_VECTOR_BBOX,0,267.6171,255.0,4.0,262.0,PASS,0,PENDING,PENDING_VISUAL_OPEN,,
PAIR_0008,T01,T09,TEXT_PARENT,TEXT_PARENT,TEXT_TEXT,FINAL_VISIBLE_GLYPH_VECTOR_BBOX,0,400.7721,389.0,4.0,385.0,PASS,0,PENDING,PENDING_VISUAL_OPEN,,
PAIR_0009,T01,T10,TEXT_PARENT,TEXT_PARENT,TEXT_TEXT,FINAL_VISIBLE_GLYPH_VECTOR_BBOX,0,399.1659,390.0,4.0,385.0,PASS,0,PENDING,PENDING_VISUAL_OPEN,,
PAIR_0010,T01,T11,TEXT_PARENT,TEXT_PARENT,TEXT_TEXT,FINAL_VISIBLE_GLYPH_VECTOR_BBOX,0,330.0751,297.4693,4.0,281.4427,PASS,0,PENDING,PENDING_VISUAL_OPEN,,
PAIR_0011,T01,T12,TEXT_PARENT,TEXT_PARENT,TEXT_TEXT,FINAL_VISIBLE_GLYPH_VECTOR_BBOX,0,311.0264,293.3428,4.0,292.8652,PASS,0,PENDING,PENDING_VISUAL_OPEN,,
PAIR_0012,T01,T13,TEXT_PARENT,TEXT_PARENT,TEXT_TEXT,FINAL_VISIBLE_GLYPH_VECTOR_BBOX,0,446.3938,445.0,4.0,442.0,PASS,0,PENDING,PENDING_VISUAL_OPEN,,
PAIR_0013,T01,T14,TEXT_PARENT,TEXT_PARENT,TEXT_TEXT,FINAL_VISIBLE_GLYPH_VECTOR_BBOX,0,658.7163,639.9727,4.0,634.833,PASS,0,PENDING,PENDING_VISUAL_OPEN,,
PAIR_0014,T01,T15,TEXT_PARENT,TEXT_PARENT,TEXT_TEXT,FINAL_VISIBLE_GLYPH_VECTOR_BBOX,0,977.307,953.1841,4.0,949.5315,PASS,0,PENDING,PENDING_VISUAL_OPEN,,
PAIR_0015,T01,T16,TEXT_PARENT,TEXT_PARENT,TEXT_TEXT,FINAL_VISIBLE_GLYPH_VECTOR_BBOX,0,450.8977,437.0927,4.0,433.4167,PASS,0,PENDING,PENDING_VISUAL_OPEN,,
PAIR_0016,T01,T17,TEXT_PARENT,TEXT_PARENT,TEXT_TEXT,FINAL_VISIBLE_GLYPH_VECTOR_BBOX,0,1145.8977,1119.6897,4.0,1116.0224,PASS,0,PENDING,PENDING_VISUAL_OPEN,,
PAIR_0017,T01,T18,TEXT_PARENT,TEXT_PARENT,TEXT_TEXT,FINAL_VISIBLE_GLYPH_VECTOR_BBOX,0,721.845,704.597,4.0,703.4096,PASS,0,PENDING,PENDING_VISUAL_OPEN,,
PAIR_0018,T01,T19,TEXT_PARENT,TEXT_PARENT,TEXT_TEXT,FINAL_VISIBLE_GLYPH_VECTOR_BBOX,0,755.9086,732.407,4.0,730.0808,PASS,0,PENDING,PENDING_VISUAL_OPEN,,
PAIR_0019,T01,T20,TEXT_PARENT,TEXT_PARENT,TEXT_TEXT,FINAL_VISIBLE_GLYPH_VECTOR_BBOX,0,695.4326,675.374,4.0,674.8185,PASS,0,PENDING,PENDING_VISUAL_OPEN,,
PAIR_0020,T01,T21,TEXT_PARENT,TEXT_PARENT,TEXT_TEXT,FINAL_VISIBLE_GLYPH_VECTOR_BBOX,0,686.1458,666.8433,4.0,664.4253,PASS,0,PENDING,PENDING_VISUAL_OPEN,,
PAIR_0021,T01,T22,TEXT_PARENT,TEXT_PARENT,TEXT_TEXT,FINAL_VISIBLE_GLYPH_VECTOR_BBOX,0,875.0773,858.6501,4.0,858.6501,PASS,0,PENDING,PENDING_VISUAL_OPEN,,
PAIR_0022,T01,T23,TEXT_PARENT,TEXT_PARENT,TEXT_TEXT,FINAL_VISIBLE_GLYPH_VECTOR_BBOX,0,475.0,473.0,4.0,459.0,PASS,0,PENDING,PENDING_VISUAL_OPEN,,
PAIR_0023,T01,R01,TEXT_PARENT,MATH_RULE,TEXT_VECTOR,RAW_MASK,0,12.0,11.0,3.0,N/A,PASS,0,PENDING,PENDING_VISUAL_OPEN,05_pairs/critical/PAIR_0023_1x.png,05_pairs/critical/PAIR_0023_8x.png
PAIR_0024,T01,R02,TEXT_PARENT,MATH_RULE,TEXT_VECTOR,RAW_MASK,0,15.1814,14.1814,3.0,N/A,PASS,0,PENDING,PENDING_VISUAL_OPEN,,
PAIR_0025,T01,N01,TEXT_PARENT,NODE_BORDER,TEXT_VECTOR,RAW_MASK,0,102.0,101.0,3.0,N/A,PASS,0,PENDING,PENDING_VISUAL_OPEN,,
PAIR_0026,T01,N02,TEXT_PARENT,NODE_BORDER,TEXT_VECTOR,RAW_MASK,0,101.8915,100.8915,3.0,N/A,PASS,0,PENDING,PENDING_VISUAL_OPEN,,
PAIR_0027,T01,E01,TEXT_PARENT,LINE_ARROW,TEXT_VECTOR,RAW_MASK,0,131.5752,130.5752,3.0,N/A,PASS,0,PENDING,PENDING_VISUAL_OPEN,,
PAIR_0028,T01,E02,TEXT_PARENT,LINE_ARROW,TEXT_VECTOR,RAW_MASK,0,135.5752,134.5752,3.0,N/A,PASS,0,PENDING,PENDING_VISUAL_OPEN,,
PAIR_0029,T01,E03,TEXT_PARENT,LINE_ARROW,TEXT_VECTOR,RAW_MASK,0,99.0,98.0,3.0,N/A,PASS,0,PENDING,PENDING_VISUAL_OPEN,,
PAIR_0030,T01,B01,TEXT_PARENT,NODE_BORDER,TEXT_VECTOR,RAW_MASK,0,14.0,13.0,3.0,N/A,PASS,0,PENDING,PENDING_VISUAL_OPEN,,
PAIR_0031,T01,R03,TEXT_PARENT,MATH_RULE,TEXT_VECTOR,RAW_MASK,0,35.0,34.0,3.0,N/A,PASS,0,PENDING,PENDING_VISUAL_OPEN,,
PAIR_0032,T01,E04,TEXT_PARENT,LINE_ARROW,TEXT_VECTOR,RAW_MASK,0,177.5597,176.5597,3.0,N/A,PASS,0,PENDING,PENDING_VISUAL_OPEN,,
PAIR_0033,T01,R04,TEXT_PARENT,MATH_RULE,TEXT_VECTOR,RAW_MASK,0,207.0,206.0,3.0,N/A,PASS,0,PENDING,PENDING_VISUAL_OPEN,,
PAIR_0034,T01,R05,TEXT_PARENT,MATH_RULE,TEXT_VECTOR,RAW_MASK,0,311.0,310.0,3.0,N/A,PASS,0,PENDING,PENDING_VISUAL_OPEN,,
PAIR_0035,T01,H01,TEXT_PARENT,MATH_RULE,TEXT_VECTOR,RAW_MASK,0,262.0,261.0,3.0,N/A,PASS,0,PENDING,PENDING_VISUAL_OPEN,,
PAIR_0036,T01,R06,TEXT_PARENT,MATH_RULE,TEXT_VECTOR,RAW_MASK,0,404.0,403.0,3.0,N/A,PASS,0,PENDING,PENDING_VISUAL_OPEN,,
PAIR_0037,T01,C01,TEXT_PARENT,NODE_BORDER,TEXT_VECTOR,RAW_MASK,0,205.7566,204.7566,3.0,N/A,PASS,0,PENDING,PENDING_VISUAL_OPEN,,
PAIR_0038,T01,R07,TEXT_PARENT,MATH_RULE,TEXT_VECTOR,RAW_MASK,0,356.3743,355.3743,3.0,N/A,PASS,0,PENDING,PENDING_VISUAL_OPEN,,
PAIR_0039,T01,R08,TEXT_PARENT,MATH_RULE,TEXT_VECTOR,RAW_MASK,0,396.8861,395.8861,3.0,N/A,PASS,0,PENDING,PENDING_VISUAL_OPEN,,
PAIR_0040,T01,R09,TEXT_PARENT,MATH_RULE,TEXT_VECTOR,RAW_MASK,0,530.8546,529.8546,3.0,N/A,PASS,0,PENDING,PENDING_VISUAL_OPEN,,
PAIR_0041,T01,C02,TEXT_PARENT,LINE_ARROW,TEXT_VECTOR,RAW_MASK,0,282.0,281.0,3.0,N/A,PASS,0,PENDING,PENDING_VISUAL_OPEN,,
PAIR_0042,T01,C03,TEXT_PARENT,LINE_ARROW,TEXT_VECTOR,RAW_MASK,0,631.7596,630.7596,3.0,N/A,PASS,0,PENDING,PENDING_VISUAL_OPEN,,
PAIR_0043,T01,R10,TEXT_PARENT,MATH_RULE,TEXT_VECTOR,RAW_MASK,0,945.5907,944.5907,3.0,N/A,PASS,0,PENDING,PENDING_VISUAL_OPEN,,
PAIR_0044,T01,R11,TEXT_PARENT,MATH_RULE,TEXT_VECTOR,RAW_MASK,0,1054.0,1053.0,3.0,N/A,PASS,0,PENDING,PENDING_VISUAL_OPEN,,
PAIR_0045,T01,N03,TEXT_PARENT,NODE_BORDER,TEXT_VECTOR,RAW_MASK,0,608.3225,607.3225,3.0,N/A,PASS,0,PENDING,PENDING_VISUAL_OPEN,,
PAIR_0046,T01,N04,TEXT_PARENT,NODE_BORDER,TEXT_VECTOR,RAW_MASK,0,927.307,926.307,3.0,N/A,PASS,0,PENDING,PENDING_VISUAL_OPEN,,
PAIR_0047,T01,E05,TEXT_PARENT,LINE_ARROW,TEXT_VECTOR,RAW_MASK,0,514.7163,513.7163,3.0,N/A,PASS,0,PENDING,PENDING_VISUAL_OPEN,,
PAIR_0048,T01,E06,TEXT_PARENT,LINE_ARROW,TEXT_VECTOR,RAW_MASK,0,1038.7318,1037.7318,3.0,N/A,PASS,0,PENDING,PENDING_VISUAL_OPEN,,
PAIR_0049,T01,E07,TEXT_PARENT,LINE_ARROW,TEXT_VECTOR,RAW_MASK,0,715.3535,714.3535,3.0,N/A,PASS,0,PENDING,PENDING_VISUAL_OPEN,,
PAIR_0050,T01,B02,TEXT_PARENT,NODE_BORDER,TEXT_VECTOR,RAW_MASK,0,700.6791,699.6791,3.0,N/A,PASS,0,PENDING,PENDING_VISUAL_OPEN,,
PAIR_0051,T01,R12,TEXT_PARENT,MATH_RULE,TEXT_VECTOR,RAW_MASK,0,784.0264,783.0264,3.0,N/A,PASS,0,PENDING,PENDING_VISUAL_OPEN,,
PAIR_0052,T01,E08,TEXT_PARENT,LINE_ARROW,TEXT_VECTOR,RAW_MASK,0,730.4109,729.4109,3.0,N/A,PASS,0,PENDING,PENDING_VISUAL_OPEN,,
PAIR_0053,T01,R13,TEXT_PARENT,MATH_RULE,TEXT_VECTOR,RAW_MASK,0,817.8931,816.8931,3.0,N/A,PASS,0,PENDING,PENDING_VISUAL_OPEN,,
PAIR_0054,T01,R14,TEXT_PARENT,MATH_RULE,TEXT_VECTOR,RAW_MASK,0,734.4171,733.4171,3.0,N/A,PASS,0,PENDING,PENDING_VISUAL_OPEN,,
PAIR_0055,T01,H02,TEXT_PARENT,MATH_RULE,TEXT_VECTOR,RAW_MASK,0,811.583,810.583,3.0,N/A,PASS,0,PENDING,PENDING_VISUAL_OPEN,,
PAIR_0056,T01,R15,TEXT_PARENT,MATH_RULE,TEXT_VECTOR,RAW_MASK,0,982.8947,981.8947,3.0,N/A,PASS,0,PENDING,PENDING_VISUAL_OPEN,,
PAIR_0057,T02,T03,TEXT_PARENT,TEXT_PARENT,TEXT_TEXT,FINAL_VISIBLE_GLYPH_VECTOR_BBOX,0,303.0,302.0,4.0,297.0,PASS,0,PENDING,PENDING_VISUAL_OPEN,,
PAIR_0058,T02,T04,TEXT_PARENT,TEXT_PARENT,TEXT_TEXT,FINAL_VISIBLE_GLYPH_VECTOR_BBOX,0,153.3938,152.0,4.0,146.0,PASS,0,PENDING,PENDING_VISUAL_OPEN,,
PAIR_0059,T02,T05,TEXT_PARENT,TEXT_PARENT,TEXT_TEXT,FINAL_VISIBLE_GLYPH_VECTOR_BBOX,0,472.1814,470.0,4.0,466.0,PASS,0,PENDING,PENDING_VISUAL_OPEN,,
PAIR_0060,T02,T06,TEXT_PARENT,TEXT_PARENT,TEXT_TEXT,FINAL_VISIBLE_GLYPH_VECTOR_BBOX,0,99.1845,86.2786,4.0,72.3464,PASS,0,PENDING,PENDING_VISUAL_OPEN,,
PAIR_0061,T02,T07,TEXT_PARENT,TEXT_PARENT,TEXT_TEXT,FINAL_VISIBLE_GLYPH_VECTOR_BBOX,0,84.3659,73.2393,4.0,60.4152,PASS,0,PENDING,PENDING_VISUAL_OPEN,,
PAIR_0062,T02,T08,TEXT_PARENT,TEXT_PARENT,TEXT_TEXT,FINAL_VISIBLE_GLYPH_VECTOR_BBOX,0,130.1784,95.0,4.0,91.0,PASS,0,PENDING,PENDING_VISUAL_OPEN,,
PAIR_0063,T02,T09,TEXT_PARENT,TEXT_PARENT,TEXT_TEXT,FINAL_VISIBLE_GLYPH_VECTOR_BBOX,0,230.0,229.0,4.0,214.0,PASS,0,PENDING,PENDING_VISUAL_OPEN,,
PAIR_0064,T02,T10,TEXT_PARENT,TEXT_PARENT,TEXT_TEXT,FINAL_VISIBLE_GLYPH_VECTOR_BBOX,0,315.2132,294.5437,4.0,278.3523,PASS,0,PENDING,PENDING_VISUAL_OPEN,,
PAIR_0065,T02,T11,TEXT_PARENT,TEXT_PARENT,TEXT_TEXT,FINAL_VISIBLE_GLYPH_VECTOR_BBOX,0,607.4465,587.2819,4.0,581.774,PASS,0,PENDING,PENDING_VISUAL_OPEN,,
PAIR_0066,T02,T12,TEXT_PARENT,TEXT_PARENT,TEXT_TEXT,FINAL_VISIBLE_GLYPH_VECTOR_BBOX,0,453.1411,442.8205,4.0,433.9228,PASS,0,PENDING,PENDING_VISUAL_OPEN,,
PAIR_0067,T02,T13,TEXT_PARENT,TEXT_PARENT,TEXT_TEXT,FINAL_VISIBLE_GLYPH_VECTOR_BBOX,0,867.2605,841.5759,4.0,835.7063,PASS,0,PENDING,PENDING_VISUAL_OPEN,,
PAIR_0068,T02,T14,TEXT_PARENT,TEXT_PARENT,TEXT_TEXT,FINAL_VISIBLE_GLYPH_VECTOR_BBOX,0,1013.0,1012.0,4.0,1006.0,PASS,0,PENDING,PENDING_VISUAL_OPEN,,
PAIR_0069,T02,T15,TEXT_PARENT,TEXT_PARENT,TEXT_TEXT,FINAL_VISIBLE_GLYPH_VECTOR_BBOX,0,1331.0,1330.0,4.0,1325.0,PASS,0,PENDING,PENDING_VISUAL_OPEN,,
PAIR_0070,T02,T16,TEXT_PARENT,TEXT_PARENT,TEXT_TEXT,FINAL_VISIBLE_GLYPH_VECTOR_BBOX,0,805.1814,803.0,4.0,799.0,PASS,0,PENDING,PENDING_VISUAL_OPEN,,
PAIR_0071,T02,T17,TEXT_PARENT,TEXT_PARENT,TEXT_TEXT,FINAL_VISIBLE_GLYPH_VECTOR_BBOX,0,1500.1814,1498.0,4.0,1493.0,PASS,0,PENDING,PENDING_VISUAL_OPEN,,
PAIR_0072,T02,T18,TEXT_PARENT,TEXT_PARENT,TEXT_TEXT,FINAL_VISIBLE_GLYPH_VECTOR_BBOX,0,1110.2961,1091.7619,4.0,1088.0156,PASS,0,PENDING,PENDING_VISUAL_OPEN,,
PAIR_0073,T02,T19,TEXT_PARENT,TEXT_PARENT,TEXT_TEXT,FINAL_VISIBLE_GLYPH_VECTOR_BBOX,0,1105.4667,1090.8089,4.0,1087.3109,PASS,0,PENDING,PENDING_VISUAL_OPEN,,
PAIR_0074,T02,T20,TEXT_PARENT,TEXT_PARENT,TEXT_TEXT,FINAL_VISIBLE_GLYPH_VECTOR_BBOX,0,1044.9907,1017.0792,4.0,1013.2428,PASS,0,PENDING,PENDING_VISUAL_OPEN,,
PAIR_0075,T02,T21,TEXT_PARENT,TEXT_PARENT,TEXT_TEXT,FINAL_VISIBLE_GLYPH_VECTOR_BBOX,0,974.8156,953.1694,4.0,945.6691,PASS,0,PENDING,PENDING_VISUAL_OPEN,,
PAIR_0076,T02,T22,TEXT_PARENT,TEXT_PARENT,TEXT_TEXT,FINAL_VISIBLE_GLYPH_VECTOR_BBOX,0,1209.5411,1175.539,4.0,1171.5259,PASS,0,PENDING,PENDING_VISUAL_OPEN,,
PAIR_0077,T02,T23,TEXT_PARENT,TEXT_PARENT,TEXT_TEXT,FINAL_VISIBLE_GLYPH_VECTOR_BBOX,0,322.1814,313.0,4.0,288.0,PASS,0,PENDING,PENDING_VISUAL_OPEN,,
PAIR_0078,T02,R01,TEXT_PARENT,MATH_RULE,TEXT_VECTOR,RAW_MASK,0,243.06,242.06,3.0,N/A,PASS,0,PENDING,PENDING_VISUAL_OPEN,,
PAIR_0079,T02,R02,TEXT_PARENT,MATH_RULE,TEXT_VECTOR,RAW_MASK,0,337.9565,336.9565,3.0,N/A,PASS,0,PENDING,PENDING_VISUAL_OPEN,,
PAIR_0080,T02,N01,TEXT_PARENT,NODE_BORDER,TEXT_NODE_BORDER,RAW_MASK,0,39.3473,38.3473,5.0,N/A,PASS,0,PENDING,PENDING_VISUAL_OPEN,,
PAIR_0081,T02,N02,TEXT_PARENT,NODE_BORDER,TEXT_VECTOR,RAW_MASK,0,254.1969,253.1969,3.0,N/A,PASS,0,PENDING,PENDING_VISUAL_OPEN,,
PAIR_0082,T02,E01,TEXT_PARENT,LINE_ARROW,TEXT_VECTOR,RAW_MASK,0,48.1969,47.1969,3.0,N/A,PASS,0,PENDING,PENDING_VISUAL_OPEN,,
PAIR_0083,T02,E02,TEXT_PARENT,LINE_ARROW,TEXT_VECTOR,RAW_MASK,0,372.1194,371.1194,3.0,N/A,PASS,0,PENDING,PENDING_VISUAL_OPEN,,
PAIR_0084,T02,E03,TEXT_PARENT,LINE_ARROW,TEXT_VECTOR,RAW_MASK,0,51.3783,50.3783,3.0,N/A,PASS,0,PENDING,PENDING_VISUAL_OPEN,,
PAIR_0085,T02,B01,TEXT_PARENT,NODE_BORDER,TEXT_VECTOR,RAW_MASK,0,70.3876,69.3876,3.0,N/A,PASS,0,PENDING,PENDING_VISUAL_OPEN,,
PAIR_0086,T02,R03,TEXT_PARENT,MATH_RULE,TEXT_VECTOR,RAW_MASK,0,155.183,154.183,3.0,N/A,PASS,0,PENDING,PENDING_VISUAL_OPEN,,
PAIR_0087,T02,E04,TEXT_PARENT,LINE_ARROW,TEXT_VECTOR,RAW_MASK,0,51.969,50.969,3.0,N/A,PASS,0,PENDING,PENDING_VISUAL_OPEN,,
PAIR_0088,T02,R04,TEXT_PARENT,MATH_RULE,TEXT_VECTOR,RAW_MASK,0,145.2543,144.2543,3.0,N/A,PASS,0,PENDING,PENDING_VISUAL_OPEN,,
PAIR_0089,T02,R05,TEXT_PARENT,MATH_RULE,TEXT_VECTOR,RAW_MASK,0,145.4977,144.4977,3.0,N/A,PASS,0,PENDING,PENDING_VISUAL_OPEN,,
PAIR_0090,T02,H01,TEXT_PARENT,MATH_RULE,TEXT_VECTOR,RAW_MASK,0,226.7054,225.7054,3.0,N/A,PASS,0,PENDING,PENDING_VISUAL_OPEN,,
PAIR_0091,T02,R06,TEXT_PARENT,MATH_RULE,TEXT_VECTOR,RAW_MASK,0,346.1433,345.1433,3.0,N/A,PASS,0,PENDING,PENDING_VISUAL_OPEN,,
PAIR_0092,T02,C01,TEXT_PARENT,NODE_BORDER,TEXT_VECTOR,RAW_MASK,0,389.6636,388.6636,3.0,N/A,PASS,0,PENDING,PENDING_VISUAL_OPEN,,
PAIR_0093,T02,R07,TEXT_PARENT,MATH_RULE,TEXT_VECTOR,RAW_MASK,0,646.3271,645.3271,3.0,N/A,PASS,0,PENDING,PENDING_VISUAL_OPEN,,
PAIR_0094,T02,R08,TEXT_PARENT,MATH_RULE,TEXT_VECTOR,RAW_MASK,0,635.9132,634.9132,3.0,N/A,PASS,0,PENDING,PENDING_VISUAL_OPEN,,
PAIR_0095,T02,R09,TEXT_PARENT,MATH_RULE,TEXT_VECTOR,RAW_MASK,0,836.3535,835.3535,3.0,N/A,PASS,0,PENDING,PENDING_VISUAL_OPEN,,
PAIR_0096,T02,C02,TEXT_PARENT,LINE_ARROW,TEXT_VECTOR,RAW_MASK,0,355.6124,354.6124,3.0,N/A,PASS,0,PENDING,PENDING_VISUAL_OPEN,,
PAIR_0097,T02,C03,TEXT_PARENT,LINE_ARROW,TEXT_VECTOR,RAW_MASK,0,973.6124,972.6124,3.0,N/A,PASS,0,PENDING,PENDING_VISUAL_OPEN,,
PAIR_0098,T02,R10,TEXT_PARENT,MATH_RULE,TEXT_VECTOR,RAW_MASK,0,1364.2605,1363.2605,3.0,N/A,PASS,0,PENDING,PENDING_VISUAL_OPEN,,
PAIR_0099,T02,R11,TEXT_PARENT,MATH_RULE,TEXT_VECTOR,RAW_MASK,0,1476.4264,1475.4264,3.0,N/A,PASS,0,PENDING,PENDING_VISUAL_OPEN,,
PAIR_0100,T02,N03,TEXT_PARENT,NODE_BORDER,TEXT_VECTOR,RAW_MASK,0,962.9845,961.9845,3.0,N/A,PASS,0,PENDING,PENDING_VISUAL_OPEN,,
PAIR_0101,T02,N04,TEXT_PARENT,NODE_BORDER,TEXT_VECTOR,RAW_MASK,0,1281.7876,1280.7876,3.0,N/A,PASS,0,PENDING,PENDING_VISUAL_OPEN,,
PAIR_0102,T02,E05,TEXT_PARENT,LINE_ARROW,TEXT_VECTOR,RAW_MASK,0,869.7876,868.7876,3.0,N/A,PASS,0,PENDING,PENDING_VISUAL_OPEN,,
PAIR_0103,T02,E06,TEXT_PARENT,LINE_ARROW,TEXT_VECTOR,RAW_MASK,0,1399.3163,1398.3163,3.0,N/A,PASS,0,PENDING,PENDING_VISUAL_OPEN,,
PAIR_0104,T02,E07,TEXT_PARENT,LINE_ARROW,TEXT_VECTOR,RAW_MASK,0,1078.4977,1077.4977,3.0,N/A,PASS,0,PENDING,PENDING_VISUAL_OPEN,,
PAIR_0105,T02,B02,TEXT_PARENT,NODE_BORDER,TEXT_VECTOR,RAW_MASK,0,1092.9644,1091.9644,3.0,N/A,PASS,0,PENDING,PENDING_VISUAL_OPEN,,
PAIR_0106,T02,R12,TEXT_PARENT,MATH_RULE,TEXT_VECTOR,RAW_MASK,0,1176.9023,1175.9023,3.0,N/A,PASS,0,PENDING,PENDING_VISUAL_OPEN,,
PAIR_0107,T02,E08,TEXT_PARENT,LINE_ARROW,TEXT_VECTOR,RAW_MASK,0,1079.969,1078.969,3.0,N/A,PASS,0,PENDING,PENDING_VISUAL_OPEN,,
PAIR_0108,T02,R13,TEXT_PARENT,MATH_RULE,TEXT_VECTOR,RAW_MASK,0,1167.4512,1166.4512,3.0,N/A,PASS,0,PENDING,PENDING_VISUAL_OPEN,,
PAIR_0109,T02,R14,TEXT_PARENT,MATH_RULE,TEXT_VECTOR,RAW_MASK,0,1083.9752,1082.9752,3.0,N/A,PASS,0,PENDING,PENDING_VISUAL_OPEN,,
PAIR_0110,T02,H02,TEXT_PARENT,MATH_RULE,TEXT_VECTOR,RAW_MASK,0,1161.1411,1160.1411,3.0,N/A,PASS,0,PENDING,PENDING_VISUAL_OPEN,,
PAIR_0111,T02,R15,TEXT_PARENT,MATH_RULE,TEXT_VECTOR,RAW_MASK,0,1332.4528,1331.4528,3.0,N/A,PASS,0,PENDING,PENDING_VISUAL_OPEN,,
PAIR_0112,T03,T04,TEXT_PARENT,TEXT_PARENT,TEXT_TEXT,FINAL_VISIBLE_GLYPH_VECTOR_BBOX,0,470.9845,469.0,4.0,465.0,PASS,0,PENDING,PENDING_VISUAL_OPEN,,
PAIR_0113,T03,T05,TEXT_PARENT,TEXT_PARENT,TEXT_TEXT,FINAL_VISIBLE_GLYPH_VECTOR_BBOX,0,151.1969,150.0,4.0,147.0,PASS,0,PENDING,PENDING_VISUAL_OPEN,,
PAIR_0114,T03,T06,TEXT_PARENT,TEXT_PARENT,TEXT_TEXT,FINAL_VISIBLE_GLYPH_VECTOR_BBOX,0,99.3783,84.1724,4.0,71.5891,PASS,0,PENDING,PENDING_VISUAL_OPEN,,
PAIR_0115,T03,T07,TEXT_PARENT,TEXT_PARENT,TEXT_TEXT,FINAL_VISIBLE_GLYPH_VECTOR_BBOX,0,76.3535,70.8025,4.0,59.5063,PASS,0,PENDING,PENDING_VISUAL_OPEN,,
PAIR_0116,T03,T08,TEXT_PARENT,TEXT_PARENT,TEXT_TEXT,FINAL_VISIBLE_GLYPH_VECTOR_BBOX,0,96.0,95.0,4.0,91.0,PASS,0,PENDING,PENDING_VISUAL_OPEN,,
PAIR_0117,T03,T09,TEXT_PARENT,TEXT_PARENT,TEXT_TEXT,FINAL_VISIBLE_GLYPH_VECTOR_BBOX,0,267.8496,259.9423,4.0,244.3768,PASS,0,PENDING,PENDING_VISUAL_OPEN,,
PAIR_0118,T03,T10,TEXT_PARENT,TEXT_PARENT,TEXT_TEXT,FINAL_VISIBLE_GLYPH_VECTOR_BBOX,0,239.9845,230.0,4.0,214.0,PASS,0,PENDING,PENDING_VISUAL_OPEN,,
PAIR_0119,T03,T11,TEXT_PARENT,TEXT_PARENT,TEXT_TEXT,FINAL_VISIBLE_GLYPH_VECTOR_BBOX,0,287.8403,271.1826,4.0,263.712,PASS,0,PENDING,PENDING_VISUAL_OPEN,,
PAIR_0120,T03,T12,TEXT_PARENT,TEXT_PARENT,TEXT_TEXT,FINAL_VISIBLE_GLYPH_VECTOR_BBOX,0,171.7254,166.6433,4.0,154.9322,PASS,0,PENDING,PENDING_VISUAL_OPEN,,
PAIR_0121,T03,T13,TEXT_PARENT,TEXT_PARENT,TEXT_TEXT,FINAL_VISIBLE_GLYPH_VECTOR_BBOX,0,544.1256,527.7736,4.0,522.6643,PASS,0,PENDING,PENDING_VISUAL_OPEN,,
PAIR_0122,T03,T14,TEXT_PARENT,TEXT_PARENT,TEXT_TEXT,FINAL_VISIBLE_GLYPH_VECTOR_BBOX,0,693.3938,692.0,4.0,687.0,PASS,0,PENDING,PENDING_VISUAL_OPEN,,
PAIR_0123,T03,T15,TEXT_PARENT,TEXT_PARENT,TEXT_TEXT,FINAL_VISIBLE_GLYPH_VECTOR_BBOX,0,1011.1969,1010.0,4.0,1006.0,PASS,0,PENDING,PENDING_VISUAL_OPEN,,
PAIR_0124,T03,T16,TEXT_PARENT,TEXT_PARENT,TEXT_TEXT,FINAL_VISIBLE_GLYPH_VECTOR_BBOX,0,484.1969,483.0,4.0,480.0,PASS,0,PENDING,PENDING_VISUAL_OPEN,,
PAIR_0125,T03,T17,TEXT_PARENT,TEXT_PARENT,TEXT_TEXT,FINAL_VISIBLE_GLYPH_VECTOR_BBOX,0,1179.1969,1178.0,4.0,1174.0,PASS,0,PENDING,PENDING_VISUAL_OPEN,,
PAIR_0126,T03,T18,TEXT_PARENT,TEXT_PARENT,TEXT_TEXT,FINAL_VISIBLE_GLYPH_VECTOR_BBOX,0,787.1613,772.4125,4.0,769.4368,PASS,0,PENDING,PENDING_VISUAL_OPEN,,
PAIR_0127,T03,T19,TEXT_PARENT,TEXT_PARENT,TEXT_TEXT,FINAL_VISIBLE_GLYPH_VECTOR_BBOX,0,785.8605,771.1446,4.0,768.44,PASS,0,PENDING,PENDING_VISUAL_OPEN,,
PAIR_0128,T03,T20,TEXT_PARENT,TEXT_PARENT,TEXT_TEXT,FINAL_VISIBLE_GLYPH_VECTOR_BBOX,0,725.3845,698.9492,4.0,695.7313,PASS,0,PENDING,PENDING_VISUAL_OPEN,,
PAIR_0129,T03,T21,TEXT_PARENT,TEXT_PARENT,TEXT_TEXT,FINAL_VISIBLE_GLYPH_VECTOR_BBOX,0,655.2094,647.7438,4.0,640.1008,PASS,0,PENDING,PENDING_VISUAL_OPEN,,
PAIR_0130,T03,T22,TEXT_PARENT,TEXT_PARENT,TEXT_TEXT,FINAL_VISIBLE_GLYPH_VECTOR_BBOX,0,889.9349,863.5578,4.0,859.8011,PASS,0,PENDING,PENDING_VISUAL_OPEN,,
PAIR_0131,T03,T23,TEXT_PARENT,TEXT_PARENT,TEXT_TEXT,FINAL_VISIBLE_GLYPH_VECTOR_BBOX,0,315.0,313.0,4.0,288.0,PASS,0,PENDING,PENDING_VISUAL_OPEN,,
PAIR_0132,T03,R01,TEXT_PARENT,MATH_RULE,TEXT_VECTOR,RAW_MASK,0,170.4107,169.4107,3.0,N/A,PASS,0,PENDING,PENDING_VISUAL_OPEN,,
PAIR_0133,T03,R02,TEXT_PARENT,MATH_RULE,TEXT_VECTOR,RAW_MASK,0,145.9845,144.9845,3.0,N/A,PASS,0,PENDING,PENDING_VISUAL_OPEN,,
PAIR_0134,T03,N01,TEXT_PARENT,NODE_BORDER,TEXT_VECTOR,RAW_MASK,0,252.0,251.0,3.0,N/A,PASS,0,PENDING,PENDING_VISUAL_OPEN,,
PAIR_0135,T03,N02,TEXT_PARENT,NODE_BORDER,TEXT_NODE_BORDER,RAW_MASK,0,38.5535,37.5535,5.0,N/A,PASS,0,PENDING,PENDING_VISUAL_OPEN,,
PAIR_0136,T03,E01,TEXT_PARENT,LINE_ARROW,TEXT_VECTOR,RAW_MASK,0,365.1969,364.1969,3.0,N/A,PASS,0,PENDING,PENDING_VISUAL_OPEN,,
PAIR_0137,T03,E02,TEXT_PARENT,LINE_ARROW,TEXT_VECTOR,RAW_MASK,0,48.9845,47.9845,3.0,N/A,PASS,0,PENDING,PENDING_VISUAL_OPEN,,
PAIR_0138,T03,E03,TEXT_PARENT,LINE_ARROW,TEXT_VECTOR,RAW_MASK,0,52.1504,51.1504,3.0,N/A,PASS,0,PENDING,PENDING_VISUAL_OPEN,,
PAIR_0139,T03,B01,TEXT_PARENT,NODE_BORDER,TEXT_VECTOR,RAW_MASK,0,68.6,67.6,3.0,N/A,PASS,0,PENDING,PENDING_VISUAL_OPEN,,
PAIR_0140,T03,R03,TEXT_PARENT,MATH_RULE,TEXT_VECTOR,RAW_MASK,0,149.0232,148.0232,3.0,N/A,PASS,0,PENDING,PENDING_VISUAL_OPEN,,
PAIR_0141,T03,E04,TEXT_PARENT,LINE_ARROW,TEXT_VECTOR,RAW_MASK,0,45.5752,44.5752,3.0,N/A,PASS,0,PENDING,PENDING_VISUAL_OPEN,,
PAIR_0142,T03,R04,TEXT_PARENT,MATH_RULE,TEXT_VECTOR,RAW_MASK,0,139.4512,138.4512,3.0,N/A,PASS,0,PENDING,PENDING_VISUAL_OPEN,,
PAIR_0143,T03,R05,TEXT_PARENT,MATH_RULE,TEXT_VECTOR,RAW_MASK,0,270.9083,269.9083,3.0,N/A,PASS,0,PENDING,PENDING_VISUAL_OPEN,,
PAIR_0144,T03,H01,TEXT_PARENT,MATH_RULE,TEXT_VECTOR,RAW_MASK,0,95.1814,94.1814,3.0,N/A,PASS,0,PENDING,PENDING_VISUAL_OPEN,,
PAIR_0145,T03,R06,TEXT_PARENT,MATH_RULE,TEXT_VECTOR,RAW_MASK,0,238.1659,237.1659,3.0,N/A,PASS,0,PENDING,PENDING_VISUAL_OPEN,,
PAIR_0146,T03,C01,TEXT_PARENT,NODE_BORDER,TEXT_VECTOR,RAW_MASK,0,74.5225,73.5225,3.0,N/A,PASS,0,PENDING,PENDING_VISUAL_OPEN,,
PAIR_0147,T03,R07,TEXT_PARENT,MATH_RULE,TEXT_VECTOR,RAW_MASK,0,326.7209,325.7209,3.0,N/A,PASS,0,PENDING,PENDING_VISUAL_OPEN,,
PAIR_0148,T03,R08,TEXT_PARENT,MATH_RULE,TEXT_VECTOR,RAW_MASK,0,322.5999,321.5999,3.0,N/A,PASS,0,PENDING,PENDING_VISUAL_OPEN,,
PAIR_0149,T03,R09,TEXT_PARENT,MATH_RULE,TEXT_VECTOR,RAW_MASK,0,516.7473,515.7473,3.0,N/A,PASS,0,PENDING,PENDING_VISUAL_OPEN,,
PAIR_0150,T03,C02,TEXT_PARENT,LINE_ARROW,TEXT_VECTOR,RAW_MASK,0,123.4822,122.4822,3.0,N/A,PASS,0,PENDING,PENDING_VISUAL_OPEN,,
PAIR_0151,T03,C03,TEXT_PARENT,LINE_ARROW,TEXT_VECTOR,RAW_MASK,0,654.0062,653.0062,3.0,N/A,PASS,0,PENDING,PENDING_VISUAL_OPEN,,
PAIR_0152,T03,R10,TEXT_PARENT,MATH_RULE,TEXT_VECTOR,RAW_MASK,0,1041.1256,1040.1256,3.0,N/A,PASS,0,PENDING,PENDING_VISUAL_OPEN,,
PAIR_0153,T03,R11,TEXT_PARENT,MATH_RULE,TEXT_VECTOR,RAW_MASK,0,1153.2915,1152.2915,3.0,N/A,PASS,0,PENDING,PENDING_VISUAL_OPEN,,
PAIR_0154,T03,N03,TEXT_PARENT,NODE_BORDER,TEXT_VECTOR,RAW_MASK,0,642.0,641.0,3.0,N/A,PASS,0,PENDING,PENDING_VISUAL_OPEN,,
PAIR_0155,T03,N04,TEXT_PARENT,NODE_BORDER,TEXT_VECTOR,RAW_MASK,0,961.0,960.0,3.0,N/A,PASS,0,PENDING,PENDING_VISUAL_OPEN,,
PAIR_0156,T03,E05,TEXT_PARENT,LINE_ARROW,TEXT_VECTOR,RAW_MASK,0,549.0,548.0,3.0,N/A,PASS,0,PENDING,PENDING_VISUAL_OPEN,,
PAIR_0157,T03,E06,TEXT_PARENT,LINE_ARROW,TEXT_VECTOR,RAW_MASK,0,1076.1814,1075.1814,3.0,N/A,PASS,0,PENDING,PENDING_VISUAL_OPEN,,
PAIR_0158,T03,E07,TEXT_PARENT,LINE_ARROW,TEXT_VECTOR,RAW_MASK,0,755.3628,754.3628,3.0,N/A,PASS,0,PENDING,PENDING_VISUAL_OPEN,,
PAIR_0159,T03,B02,TEXT_PARENT,NODE_BORDER,TEXT_VECTOR,RAW_MASK,0,769.8295,768.8295,3.0,N/A,PASS,0,PENDING,PENDING_VISUAL_OPEN,,
PAIR_0160,T03,R12,TEXT_PARENT,MATH_RULE,TEXT_VECTOR,RAW_MASK,0,853.7675,852.7675,3.0,N/A,PASS,0,PENDING,PENDING_VISUAL_OPEN,,
PAIR_0161,T03,E08,TEXT_PARENT,LINE_ARROW,TEXT_VECTOR,RAW_MASK,0,760.3628,759.3628,3.0,N/A,PASS,0,PENDING,PENDING_VISUAL_OPEN,,
PAIR_0162,T03,R13,TEXT_PARENT,MATH_RULE,TEXT_VECTOR,RAW_MASK,0,847.845,846.845,3.0,N/A,PASS,0,PENDING,PENDING_VISUAL_OPEN,,
PAIR_0163,T03,R14,TEXT_PARENT,MATH_RULE,TEXT_VECTOR,RAW_MASK,0,764.369,763.369,3.0,N/A,PASS,0,PENDING,PENDING_VISUAL_OPEN,,
PAIR_0164,T03,H02,TEXT_PARENT,MATH_RULE,TEXT_VECTOR,RAW_MASK,0,841.5349,840.5349,3.0,N/A,PASS,0,PENDING,PENDING_VISUAL_OPEN,,
PAIR_0165,T03,R15,TEXT_PARENT,MATH_RULE,TEXT_VECTOR,RAW_MASK,0,1012.8466,1011.8466,3.0,N/A,PASS,0,PENDING,PENDING_VISUAL_OPEN,,
PAIR_0166,T04,T05,TEXT_PARENT,TEXT_PARENT,TEXT_TEXT,FINAL_VISIBLE_GLYPH_VECTOR_BBOX,0,639.5752,637.0,4.0,634.0,PASS,0,PENDING,PENDING_VISUAL_OPEN,,
PAIR_0167,T04,T06,TEXT_PARENT,TEXT_PARENT,TEXT_TEXT,FINAL_VISIBLE_GLYPH_VECTOR_BBOX,0,242.7675,234.7957,4.0,227.4951,PASS,0,PENDING,PENDING_VISUAL_OPEN,,
PAIR_0168,T04,T07,TEXT_PARENT,TEXT_PARENT,TEXT_TEXT,FINAL_VISIBLE_GLYPH_VECTOR_BBOX,0,245.3271,230.3259,4.0,224.0826,PASS,0,PENDING,PENDING_VISUAL_OPEN,,
PAIR_0169,T04,T08,TEXT_PARENT,TEXT_PARENT,TEXT_TEXT,FINAL_VISIBLE_GLYPH_VECTOR_BBOX,0,226.0445,176.8191,4.0,173.0462,PASS,0,PENDING,PENDING_VISUAL_OPEN,,
PAIR_0170,T04,T09,TEXT_PARENT,TEXT_PARENT,TEXT_TEXT,FINAL_VISIBLE_GLYPH_VECTOR_BBOX,0,249.0527,243.2612,4.0,227.853,PASS,0,PENDING,PENDING_VISUAL_OPEN,,
PAIR_0171,T04,T10,TEXT_PARENT,TEXT_PARENT,TEXT_TEXT,FINAL_VISIBLE_GLYPH_VECTOR_BBOX,0,443.2581,418.0072,4.0,405.2616,PASS,0,PENDING,PENDING_VISUAL_OPEN,,
PAIR_0172,T04,T11,TEXT_PARENT,TEXT_PARENT,TEXT_TEXT,FINAL_VISIBLE_GLYPH_VECTOR_BBOX,0,779.5659,753.314,4.0,749.4865,PASS,0,PENDING,PENDING_VISUAL_OPEN,,
PAIR_0173,T04,T12,TEXT_PARENT,TEXT_PARENT,TEXT_TEXT,FINAL_VISIBLE_GLYPH_VECTOR_BBOX,0,625.2605,603.7251,4.0,596.5853,PASS,0,PENDING,PENDING_VISUAL_OPEN,,
PAIR_0174,T04,T13,TEXT_PARENT,TEXT_PARENT,TEXT_TEXT,FINAL_VISIBLE_GLYPH_VECTOR_BBOX,0,1028.9442,1006.561,4.0,1001.8288,PASS,0,PENDING,PENDING_VISUAL_OPEN,,
PAIR_0175,T04,T14,TEXT_PARENT,TEXT_PARENT,TEXT_TEXT,FINAL_VISIBLE_GLYPH_VECTOR_BBOX,0,1180.3938,1179.0,4.0,1174.0,PASS,0,PENDING,PENDING_VISUAL_OPEN,,
PAIR_0176,T04,T15,TEXT_PARENT,TEXT_PARENT,TEXT_TEXT,FINAL_VISIBLE_GLYPH_VECTOR_BBOX,0,1498.9845,1497.0,4.0,1493.0,PASS,0,PENDING,PENDING_VISUAL_OPEN,,
PAIR_0177,T04,T16,TEXT_PARENT,TEXT_PARENT,TEXT_TEXT,FINAL_VISIBLE_GLYPH_VECTOR_BBOX,0,972.5752,970.0,4.0,967.0,PASS,0,PENDING,PENDING_VISUAL_OPEN,,
PAIR_0178,T04,T17,TEXT_PARENT,TEXT_PARENT,TEXT_TEXT,FINAL_VISIBLE_GLYPH_VECTOR_BBOX,0,1667.5752,1665.0,4.0,1661.0,PASS,0,PENDING,PENDING_VISUAL_OPEN,,
PAIR_0179,T04,T18,TEXT_PARENT,TEXT_PARENT,TEXT_TEXT,FINAL_VISIBLE_GLYPH_VECTOR_BBOX,0,1271.9799,1258.4312,4.0,1255.8065,PASS,0,PENDING,PENDING_VISUAL_OPEN,,
PAIR_0180,T04,T19,TEXT_PARENT,TEXT_PARENT,TEXT_TEXT,FINAL_VISIBLE_GLYPH_VECTOR_BBOX,0,1277.5861,1257.6049,4.0,1255.2107,PASS,0,PENDING,PENDING_VISUAL_OPEN,,
PAIR_0181,T04,T20,TEXT_PARENT,TEXT_PARENT,TEXT_TEXT,FINAL_VISIBLE_GLYPH_VECTOR_BBOX,0,1217.1101,1183.2768,4.0,1180.5795,PASS,0,PENDING,PENDING_VISUAL_OPEN,,
PAIR_0182,T04,T21,TEXT_PARENT,TEXT_PARENT,TEXT_TEXT,FINAL_VISIBLE_GLYPH_VECTOR_BBOX,0,1146.9349,1115.187,4.0,1109.0397,PASS,0,PENDING,PENDING_VISUAL_OPEN,,
PAIR_0183,T04,T22,TEXT_PARENT,TEXT_PARENT,TEXT_TEXT,FINAL_VISIBLE_GLYPH_VECTOR_BBOX,0,1381.6605,1339.3588,4.0,1336.6002,PASS,0,PENDING,PENDING_VISUAL_OPEN,,
PAIR_0184,T04,T23,TEXT_PARENT,TEXT_PARENT,TEXT_TEXT,FINAL_VISIBLE_GLYPH_VECTOR_BBOX,0,319.6636,311.5461,4.0,286.1835,PASS,0,PENDING,PENDING_VISUAL_OPEN,,
PAIR_0185,T04,R01,TEXT_PARENT,MATH_RULE,TEXT_VECTOR,RAW_MASK,0,383.7473,382.7473,3.0,N/A,PASS,0,PENDING,PENDING_VISUAL_OPEN,,
PAIR_0186,T04,R02,TEXT_PARENT,MATH_RULE,TEXT_VECTOR,RAW_MASK,0,496.1101,495.1101,3.0,N/A,PASS,0,PENDING,PENDING_VISUAL_OPEN,,
PAIR_0187,T04,N01,TEXT_PARENT,NODE_BORDER,TEXT_VECTOR,RAW_MASK,0,102.3938,101.3938,3.0,N/A,PASS,0,PENDING,PENDING_VISUAL_OPEN,,
PAIR_0188,T04,N02,TEXT_PARENT,NODE_BORDER,TEXT_VECTOR,RAW_MASK,0,421.3938,420.3938,3.0,N/A,PASS,0,PENDING,PENDING_VISUAL_OPEN,,
PAIR_0189,T04,E01,TEXT_PARENT,LINE_ARROW,TEXT_VECTOR,RAW_MASK,0,8.3938,7.3938,3.0,N/A,PASS,0,PENDING,PENDING_VISUAL_OPEN,05_pairs/critical/PAIR_0189_1x.png,05_pairs/critical/PAIR_0189_8x.png
PAIR_0190,T04,E02,TEXT_PARENT,LINE_ARROW,TEXT_VECTOR,RAW_MASK,0,534.0,533.0,3.0,N/A,PASS,0,PENDING,PENDING_VISUAL_OPEN,,
PAIR_0191,T04,E03,TEXT_PARENT,LINE_ARROW,TEXT_VECTOR,RAW_MASK,0,212.9845,211.9845,3.0,N/A,PASS,0,PENDING,PENDING_VISUAL_OPEN,,
PAIR_0192,T04,B01,TEXT_PARENT,NODE_BORDER,TEXT_VECTOR,RAW_MASK,0,222.4512,221.4512,3.0,N/A,PASS,0,PENDING,PENDING_VISUAL_OPEN,,
PAIR_0193,T04,R03,TEXT_PARENT,MATH_RULE,TEXT_VECTOR,RAW_MASK,0,316.5861,315.5861,3.0,N/A,PASS,0,PENDING,PENDING_VISUAL_OPEN,,
PAIR_0194,T04,E04,TEXT_PARENT,LINE_ARROW,TEXT_VECTOR,RAW_MASK,0,224.0884,223.0884,3.0,N/A,PASS,0,PENDING,PENDING_VISUAL_OPEN,,
PAIR_0195,T04,R04,TEXT_PARENT,MATH_RULE,TEXT_VECTOR,RAW_MASK,0,317.3737,316.3737,3.0,N/A,PASS,0,PENDING,PENDING_VISUAL_OPEN,,
PAIR_0196,T04,R05,TEXT_PARENT,MATH_RULE,TEXT_VECTOR,RAW_MASK,0,250.5764,249.5764,3.0,N/A,PASS,0,PENDING,PENDING_VISUAL_OPEN,,
PAIR_0197,T04,H01,TEXT_PARENT,MATH_RULE,TEXT_VECTOR,RAW_MASK,0,398.8248,397.8248,3.0,N/A,PASS,0,PENDING,PENDING_VISUAL_OPEN,,
PAIR_0198,T04,R06,TEXT_PARENT,MATH_RULE,TEXT_VECTOR,RAW_MASK,0,486.7859,485.7859,3.0,N/A,PASS,0,PENDING,PENDING_VISUAL_OPEN,,
PAIR_0199,T04,C01,TEXT_PARENT,NODE_BORDER,TEXT_VECTOR,RAW_MASK,0,561.783,560.783,3.0,N/A,PASS,0,PENDING,PENDING_VISUAL_OPEN,,
PAIR_0200,T04,R07,TEXT_PARENT,MATH_RULE,TEXT_VECTOR,RAW_MASK,0,818.4465,817.4465,3.0,N/A,PASS,0,PENDING,PENDING_VISUAL_OPEN,,
PAIR_0201,T04,R08,TEXT_PARENT,MATH_RULE,TEXT_VECTOR,RAW_MASK,0,808.0326,807.0326,3.0,N/A,PASS,0,PENDING,PENDING_VISUAL_OPEN,,
PAIR_0202,T04,R09,TEXT_PARENT,MATH_RULE,TEXT_VECTOR,RAW_MASK,0,1008.4729,1007.4729,3.0,N/A,PASS,0,PENDING,PENDING_VISUAL_OPEN,,
PAIR_0203,T04,C02,TEXT_PARENT,LINE_ARROW,TEXT_VECTOR,RAW_MASK,0,527.7318,526.7318,3.0,N/A,PASS,0,PENDING,PENDING_VISUAL_OPEN,,
PAIR_0204,T04,C03,TEXT_PARENT,LINE_ARROW,TEXT_VECTOR,RAW_MASK,0,1145.7318,1144.7318,3.0,N/A,PASS,0,PENDING,PENDING_VISUAL_OPEN,,
PAIR_0205,T04,R10,TEXT_PARENT,MATH_RULE,TEXT_VECTOR,RAW_MASK,0,1525.9442,1524.9442,3.0,N/A,PASS,0,PENDING,PENDING_VISUAL_OPEN,,
PAIR_0206,T04,R11,TEXT_PARENT,MATH_RULE,TEXT_VECTOR,RAW_MASK,0,1638.1101,1637.1101,3.0,N/A,PASS,0,PENDING,PENDING_VISUAL_OPEN,,
PAIR_0207,T04,N03,TEXT_PARENT,NODE_BORDER,TEXT_VECTOR,RAW_MASK,0,1130.0,1129.0,3.0,N/A,PASS,0,PENDING,PENDING_VISUAL_OPEN,,
PAIR_0208,T04,N04,TEXT_PARENT,NODE_BORDER,TEXT_VECTOR,RAW_MASK,0,1448.9845,1447.9845,3.0,N/A,PASS,0,PENDING,PENDING_VISUAL_OPEN,,
PAIR_0209,T04,E05,TEXT_PARENT,LINE_ARROW,TEXT_VECTOR,RAW_MASK,0,1036.3938,1035.3938,3.0,N/A,PASS,0,PENDING,PENDING_VISUAL_OPEN,,
PAIR_0210,T04,E06,TEXT_PARENT,LINE_ARROW,TEXT_VECTOR,RAW_MASK,0,1561.0,1560.0,3.0,N/A,PASS,0,PENDING,PENDING_VISUAL_OPEN,,
PAIR_0211,T04,E07,TEXT_PARENT,LINE_ARROW,TEXT_VECTOR,RAW_MASK,0,1240.1814,1239.1814,3.0,N/A,PASS,0,PENDING,PENDING_VISUAL_OPEN,,
PAIR_0212,T04,B02,TEXT_PARENT,NODE_BORDER,TEXT_VECTOR,RAW_MASK,0,1254.6481,1253.6481,3.0,N/A,PASS,0,PENDING,PENDING_VISUAL_OPEN,,
PAIR_0213,T04,R12,TEXT_PARENT,MATH_RULE,TEXT_VECTOR,RAW_MASK,0,1338.5861,1337.5861,3.0,N/A,PASS,0,PENDING,PENDING_VISUAL_OPEN,,
PAIR_0214,T04,E08,TEXT_PARENT,LINE_ARROW,TEXT_VECTOR,RAW_MASK,0,1252.0884,1251.0884,3.0,N/A,PASS,0,PENDING,PENDING_VISUAL_OPEN,,
PAIR_0215,T04,R13,TEXT_PARENT,MATH_RULE,TEXT_VECTOR,RAW_MASK,0,1339.5706,1338.5706,3.0,N/A,PASS,0,PENDING,PENDING_VISUAL_OPEN,,
PAIR_0216,T04,R14,TEXT_PARENT,MATH_RULE,TEXT_VECTOR,RAW_MASK,0,1256.0946,1255.0946,3.0,N/A,PASS,0,PENDING,PENDING_VISUAL_OPEN,,
PAIR_0217,T04,H02,TEXT_PARENT,MATH_RULE,TEXT_VECTOR,RAW_MASK,0,1333.2605,1332.2605,3.0,N/A,PASS,0,PENDING,PENDING_VISUAL_OPEN,,
PAIR_0218,T04,R15,TEXT_PARENT,MATH_RULE,TEXT_VECTOR,RAW_MASK,0,1504.5721,1503.5721,3.0,N/A,PASS,0,PENDING,PENDING_VISUAL_OPEN,,
PAIR_0219,T05,T06,TEXT_PARENT,TEXT_PARENT,TEXT_TEXT,FINAL_VISIBLE_GLYPH_VECTOR_BBOX,0,244.3271,233.829,4.0,227.4951,PASS,0,PENDING,PENDING_VISUAL_OPEN,,
PAIR_0220,T05,T07,TEXT_PARENT,TEXT_PARENT,TEXT_TEXT,FINAL_VISIBLE_GLYPH_VECTOR_BBOX,0,238.8295,228.355,4.0,224.0826,PASS,0,PENDING,PENDING_VISUAL_OPEN,,
PAIR_0221,T05,T08,TEXT_PARENT,TEXT_PARENT,TEXT_TEXT,FINAL_VISIBLE_GLYPH_VECTOR_BBOX,0,184.6045,180.2471,4.0,173.0462,PASS,0,PENDING,PENDING_VISUAL_OPEN,,
PAIR_0222,T05,T09,TEXT_PARENT,TEXT_PARENT,TEXT_TEXT,FINAL_VISIBLE_GLYPH_VECTOR_BBOX,0,381.8315,368.4522,4.0,356.2162,PASS,0,PENDING,PENDING_VISUAL_OPEN,,
PAIR_0223,T05,T10,TEXT_PARENT,TEXT_PARENT,TEXT_TEXT,FINAL_VISIBLE_GLYPH_VECTOR_BBOX,0,248.8713,244.1905,4.0,228.2323,PASS,0,PENDING,PENDING_VISUAL_OPEN,,
PAIR_0224,T05,T11,TEXT_PARENT,TEXT_PARENT,TEXT_TEXT,FINAL_VISIBLE_GLYPH_VECTOR_BBOX,0,105.7535,82.0366,4.0,61.2699,PASS,0,PENDING,PENDING_VISUAL_OPEN,,
PAIR_0225,T05,T12,TEXT_PARENT,TEXT_PARENT,TEXT_TEXT,FINAL_VISIBLE_GLYPH_VECTOR_BBOX,0,129.3938,128.0,4.0,117.0,PASS,0,PENDING,PENDING_VISUAL_OPEN,,
PAIR_0226,T05,T13,TEXT_PARENT,TEXT_PARENT,TEXT_TEXT,FINAL_VISIBLE_GLYPH_VECTOR_BBOX,0,336.9287,331.0242,4.0,325.0,PASS,0,PENDING,PENDING_VISUAL_OPEN,,
PAIR_0227,T05,T14,TEXT_PARENT,TEXT_PARENT,TEXT_TEXT,FINAL_VISIBLE_GLYPH_VECTOR_BBOX,0,486.5907,485.0,4.0,480.0,PASS,0,PENDING,PENDING_VISUAL_OPEN,,
PAIR_0228,T05,T15,TEXT_PARENT,TEXT_PARENT,TEXT_TEXT,FINAL_VISIBLE_GLYPH_VECTOR_BBOX,0,804.3938,803.0,4.0,799.0,PASS,0,PENDING,PENDING_VISUAL_OPEN,,
PAIR_0229,T05,T16,TEXT_PARENT,TEXT_PARENT,TEXT_TEXT,FINAL_VISIBLE_GLYPH_VECTOR_BBOX,0,277.0,276.0,4.0,273.0,PASS,0,PENDING,PENDING_VISUAL_OPEN,,
PAIR_0230,T05,T17,TEXT_PARENT,TEXT_PARENT,TEXT_TEXT,FINAL_VISIBLE_GLYPH_VECTOR_BBOX,0,972.0,971.0,4.0,967.0,PASS,0,PENDING,PENDING_VISUAL_OPEN,,
PAIR_0231,T05,T18,TEXT_PARENT,TEXT_PARENT,TEXT_TEXT,FINAL_VISIBLE_GLYPH_VECTOR_BBOX,0,579.9644,566.1881,4.0,562.8019,PASS,0,PENDING,PENDING_VISUAL_OPEN,,
PAIR_0232,T05,T19,TEXT_PARENT,TEXT_PARENT,TEXT_TEXT,FINAL_VISIBLE_GLYPH_VECTOR_BBOX,0,579.0574,564.3492,4.0,561.4713,PASS,0,PENDING,PENDING_VISUAL_OPEN,,
PAIR_0233,T05,T20,TEXT_PARENT,TEXT_PARENT,TEXT_TEXT,FINAL_VISIBLE_GLYPH_VECTOR_BBOX,0,518.5814,493.9028,4.0,490.2448,PASS,0,PENDING,PENDING_VISUAL_OPEN,,
PAIR_0234,T05,T21,TEXT_PARENT,TEXT_PARENT,TEXT_TEXT,FINAL_VISIBLE_GLYPH_VECTOR_BBOX,0,467.0571,459.3147,4.0,450.3876,PASS,0,PENDING,PENDING_VISUAL_OPEN,,
PAIR_0235,T05,T22,TEXT_PARENT,TEXT_PARENT,TEXT_TEXT,FINAL_VISIBLE_GLYPH_VECTOR_BBOX,0,683.1318,664.8082,4.0,660.2848,PASS,0,PENDING,PENDING_VISUAL_OPEN,,
PAIR_0236,T05,T23,TEXT_PARENT,TEXT_PARENT,TEXT_TEXT,FINAL_VISIBLE_GLYPH_VECTOR_BBOX,0,312.0,310.0,4.0,285.0,PASS,0,PENDING,PENDING_VISUAL_OPEN,,
PAIR_0237,T05,R01,TEXT_PARENT,MATH_RULE,TEXT_VECTOR,RAW_MASK,0,292.0804,291.0804,3.0,N/A,PASS,0,PENDING,PENDING_VISUAL_OPEN,,
PAIR_0238,T05,R02,TEXT_PARENT,MATH_RULE,TEXT_VECTOR,RAW_MASK,0,209.1377,208.1377,3.0,N/A,PASS,0,PENDING,PENDING_VISUAL_OPEN,,
PAIR_0239,T05,N01,TEXT_PARENT,NODE_BORDER,TEXT_VECTOR,RAW_MASK,0,420.0,419.0,3.0,N/A,PASS,0,PENDING,PENDING_VISUAL_OPEN,,
PAIR_0240,T05,N02,TEXT_PARENT,NODE_BORDER,TEXT_VECTOR,RAW_MASK,0,101.0,100.0,3.0,N/A,PASS,0,PENDING,PENDING_VISUAL_OPEN,,
PAIR_0241,T05,E01,TEXT_PARENT,LINE_ARROW,TEXT_VECTOR,RAW_MASK,0,534.5752,533.5752,3.0,N/A,PASS,0,PENDING,PENDING_VISUAL_OPEN,,
PAIR_0242,T05,E02,TEXT_PARENT,LINE_ARROW,TEXT_VECTOR,RAW_MASK,0,8.0,7.0,3.0,N/A,PASS,0,PENDING,PENDING_VISUAL_OPEN,05_pairs/critical/PAIR_0242_1x.png,05_pairs/critical/PAIR_0242_8x.png
PAIR_0243,T05,E03,TEXT_PARENT,LINE_ARROW,TEXT_VECTOR,RAW_MASK,0,220.7411,219.7411,3.0,N/A,PASS,0,PENDING,PENDING_VISUAL_OPEN,,
PAIR_0244,T05,B01,TEXT_PARENT,NODE_BORDER,TEXT_VECTOR,RAW_MASK,0,223.6171,222.6171,3.0,N/A,PASS,0,PENDING,PENDING_VISUAL_OPEN,,
PAIR_0245,T05,R03,TEXT_PARENT,MATH_RULE,TEXT_VECTOR,RAW_MASK,0,313.5551,312.5551,3.0,N/A,PASS,0,PENDING,PENDING_VISUAL_OPEN,,
PAIR_0246,T05,E04,TEXT_PARENT,LINE_ARROW,TEXT_VECTOR,RAW_MASK,0,214.9535,213.9535,3.0,N/A,PASS,0,PENDING,PENDING_VISUAL_OPEN,,
PAIR_0247,T05,R04,TEXT_PARENT,MATH_RULE,TEXT_VECTOR,RAW_MASK,0,308.8295,307.8295,3.0,N/A,PASS,0,PENDING,PENDING_VISUAL_OPEN,,
PAIR_0248,T05,R05,TEXT_PARENT,MATH_RULE,TEXT_VECTOR,RAW_MASK,0,430.9442,429.9442,3.0,N/A,PASS,0,PENDING,PENDING_VISUAL_OPEN,,
PAIR_0249,T05,H01,TEXT_PARENT,MATH_RULE,TEXT_VECTOR,RAW_MASK,0,197.7426,196.7426,3.0,N/A,PASS,0,PENDING,PENDING_VISUAL_OPEN,,
PAIR_0250,T05,R06,TEXT_PARENT,MATH_RULE,TEXT_VECTOR,RAW_MASK,0,297.638,296.638,3.0,N/A,PASS,0,PENDING,PENDING_VISUAL_OPEN,,
PAIR_0251,T05,C01,TEXT_PARENT,NODE_BORDER,TEXT_VECTOR,RAW_MASK,0,32.0,31.0,3.0,N/A,PASS,0,PENDING,PENDING_VISUAL_OPEN,,
PAIR_0252,T05,R07,TEXT_PARENT,MATH_RULE,TEXT_VECTOR,RAW_MASK,0,135.3473,134.3473,3.0,N/A,PASS,0,PENDING,PENDING_VISUAL_OPEN,,
PAIR_0253,T05,R08,TEXT_PARENT,MATH_RULE,TEXT_VECTOR,RAW_MASK,0,172.5643,171.5643,3.0,N/A,PASS,0,PENDING,PENDING_VISUAL_OPEN,,
PAIR_0254,T05,R09,TEXT_PARENT,MATH_RULE,TEXT_VECTOR,RAW_MASK,0,311.7659,310.7659,3.0,N/A,PASS,0,PENDING,PENDING_VISUAL_OPEN,,
PAIR_0255,T05,C02,TEXT_PARENT,LINE_ARROW,TEXT_VECTOR,RAW_MASK,0,156.9286,155.9286,3.0,N/A,PASS,0,PENDING,PENDING_VISUAL_OPEN,,
PAIR_0256,T05,C03,TEXT_PARENT,LINE_ARROW,TEXT_VECTOR,RAW_MASK,0,447.2031,446.2031,3.0,N/A,PASS,0,PENDING,PENDING_VISUAL_OPEN,,
PAIR_0257,T05,R10,TEXT_PARENT,MATH_RULE,TEXT_VECTOR,RAW_MASK,0,833.9287,832.9287,3.0,N/A,PASS,0,PENDING,PENDING_VISUAL_OPEN,,
PAIR_0258,T05,R11,TEXT_PARENT,MATH_RULE,TEXT_VECTOR,RAW_MASK,0,946.0946,945.0946,3.0,N/A,PASS,0,PENDING,PENDING_VISUAL_OPEN,,
PAIR_0259,T05,N03,TEXT_PARENT,NODE_BORDER,TEXT_VECTOR,RAW_MASK,0,435.0,434.0,3.0,N/A,PASS,0,PENDING,PENDING_VISUAL_OPEN,,
PAIR_0260,T05,N04,TEXT_PARENT,NODE_BORDER,TEXT_VECTOR,RAW_MASK,0,754.0,753.0,3.0,N/A,PASS,0,PENDING,PENDING_VISUAL_OPEN,,
PAIR_0261,T05,E05,TEXT_PARENT,LINE_ARROW,TEXT_VECTOR,RAW_MASK,0,342.0,341.0,3.0,N/A,PASS,0,PENDING,PENDING_VISUAL_OPEN,,
PAIR_0262,T05,E06,TEXT_PARENT,LINE_ARROW,TEXT_VECTOR,RAW_MASK,0,868.9845,867.9845,3.0,N/A,PASS,0,PENDING,PENDING_VISUAL_OPEN,,
PAIR_0263,T05,E07,TEXT_PARENT,LINE_ARROW,TEXT_VECTOR,RAW_MASK,0,548.1659,547.1659,3.0,N/A,PASS,0,PENDING,PENDING_VISUAL_OPEN,,
PAIR_0264,T05,B02,TEXT_PARENT,NODE_BORDER,TEXT_VECTOR,RAW_MASK,0,562.6326,561.6326,3.0,N/A,PASS,0,PENDING,PENDING_VISUAL_OPEN,,
PAIR_0265,T05,R12,TEXT_PARENT,MATH_RULE,TEXT_VECTOR,RAW_MASK,0,646.5706,645.5706,3.0,N/A,PASS,0,PENDING,PENDING_VISUAL_OPEN,,
PAIR_0266,T05,E08,TEXT_PARENT,LINE_ARROW,TEXT_VECTOR,RAW_MASK,0,553.5597,552.5597,3.0,N/A,PASS,0,PENDING,PENDING_VISUAL_OPEN,,
PAIR_0267,T05,R13,TEXT_PARENT,MATH_RULE,TEXT_VECTOR,RAW_MASK,0,641.0419,640.0419,3.0,N/A,PASS,0,PENDING,PENDING_VISUAL_OPEN,,
PAIR_0268,T05,R14,TEXT_PARENT,MATH_RULE,TEXT_VECTOR,RAW_MASK,0,557.5659,556.5659,3.0,N/A,PASS,0,PENDING,PENDING_VISUAL_OPEN,,
PAIR_0269,T05,H02,TEXT_PARENT,MATH_RULE,TEXT_VECTOR,RAW_MASK,0,634.7318,633.7318,3.0,N/A,PASS,0,PENDING,PENDING_VISUAL_OPEN,,
PAIR_0270,T05,R15,TEXT_PARENT,MATH_RULE,TEXT_VECTOR,RAW_MASK,0,806.0435,805.0435,3.0,N/A,PASS,0,PENDING,PENDING_VISUAL_OPEN,,
PAIR_0271,T06,T07,TEXT_PARENT,TEXT_PARENT,TEXT_TEXT,FINAL_VISIBLE_GLYPH_VECTOR_BBOX,0,141.0,131.0,4.0,116.0,PASS,0,PENDING,PENDING_VISUAL_OPEN,,
PAIR_0272,T06,T08,TEXT_PARENT,TEXT_PARENT,TEXT_TEXT,FINAL_VISIBLE_GLYPH_VECTOR_BBOX,0,185.0,184.0,4.0,182.0,PASS,0,PENDING,PENDING_VISUAL_OPEN,,
PAIR_0273,T06,T09,TEXT_PARENT,TEXT_PARENT,TEXT_TEXT,FINAL_VISIBLE_GLYPH_VECTOR_BBOX,0,323.3318,318.0,4.0,305.0,PASS,0,PENDING,PENDING_VISUAL_OPEN,,
PAIR_0274,T06,T10,TEXT_PARENT,TEXT_PARENT,TEXT_TEXT,FINAL_VISIBLE_GLYPH_VECTOR_BBOX,0,348.0,319.0,4.0,305.0,PASS,0,PENDING,PENDING_VISUAL_OPEN,,
PAIR_0275,T06,T11,TEXT_PARENT,TEXT_PARENT,TEXT_TEXT,FINAL_VISIBLE_GLYPH_VECTOR_BBOX,0,390.2945,372.0228,4.0,359.0056,PASS,0,PENDING,PENDING_VISUAL_OPEN,,
PAIR_0276,T06,T12,TEXT_PARENT,TEXT_PARENT,TEXT_TEXT,FINAL_VISIBLE_GLYPH_VECTOR_BBOX,0,299.0597,283.6212,4.0,273.4904,PASS,0,PENDING,PENDING_VISUAL_OPEN,,
PAIR_0277,T06,T13,TEXT_PARENT,TEXT_PARENT,TEXT_TEXT,FINAL_VISIBLE_GLYPH_VECTOR_BBOX,0,600.845,587.7661,4.0,583.4938,PASS,0,PENDING,PENDING_VISUAL_OPEN,,
PAIR_0278,T06,T14,TEXT_PARENT,TEXT_PARENT,TEXT_TEXT,FINAL_VISIBLE_GLYPH_VECTOR_BBOX,0,785.1458,770.4985,4.0,764.4462,PASS,0,PENDING,PENDING_VISUAL_OPEN,,
PAIR_0279,T06,T15,TEXT_PARENT,TEXT_PARENT,TEXT_TEXT,FINAL_VISIBLE_GLYPH_VECTOR_BBOX,0,1103.7365,1087.7118,4.0,1083.0203,PASS,0,PENDING,PENDING_VISUAL_OPEN,,
PAIR_0280,T06,T16,TEXT_PARENT,TEXT_PARENT,TEXT_TEXT,FINAL_VISIBLE_GLYPH_VECTOR_BBOX,0,577.3271,562.2108,4.0,557.8181,PASS,0,PENDING,PENDING_VISUAL_OPEN,,
PAIR_0281,T06,T17,TEXT_PARENT,TEXT_PARENT,TEXT_TEXT,FINAL_VISIBLE_GLYPH_VECTOR_BBOX,0,1272.3271,1255.4346,4.0,1250.8097,PASS,0,PENDING,PENDING_VISUAL_OPEN,,
PAIR_0282,T06,T18,TEXT_PARENT,TEXT_PARENT,TEXT_TEXT,FINAL_VISIBLE_GLYPH_VECTOR_BBOX,0,848.3783,846.0,4.0,844.0,PASS,0,PENDING,PENDING_VISUAL_OPEN,,
PAIR_0283,T06,T19,TEXT_PARENT,TEXT_PARENT,TEXT_TEXT,FINAL_VISIBLE_GLYPH_VECTOR_BBOX,0,882.338,856.0824,4.0,852.071,PASS,0,PENDING,PENDING_VISUAL_OPEN,,
PAIR_0284,T06,T20,TEXT_PARENT,TEXT_PARENT,TEXT_TEXT,FINAL_VISIBLE_GLYPH_VECTOR_BBOX,0,821.8621,789.7854,4.0,786.049,PASS,0,PENDING,PENDING_VISUAL_OPEN,,
PAIR_0285,T06,T21,TEXT_PARENT,TEXT_PARENT,TEXT_TEXT,FINAL_VISIBLE_GLYPH_VECTOR_BBOX,0,755.7335,752.8141,4.0,745.367,PASS,0,PENDING,PENDING_VISUAL_OPEN,,
PAIR_0286,T06,T22,TEXT_PARENT,TEXT_PARENT,TEXT_TEXT,FINAL_VISIBLE_GLYPH_VECTOR_BBOX,0,986.4125,962.3248,4.0,958.4868,PASS,0,PENDING,PENDING_VISUAL_OPEN,,
PAIR_0287,T06,T23,TEXT_PARENT,TEXT_PARENT,TEXT_TEXT,FINAL_VISIBLE_GLYPH_VECTOR_BBOX,0,404.0,402.0,4.0,379.0,PASS,0,PENDING,PENDING_VISUAL_OPEN,,
PAIR_0288,T06,R01,TEXT_PARENT,MATH_RULE,TEXT_VECTOR,RAW_MASK,0,45.0,44.0,3.0,N/A,PASS,0,PENDING,PENDING_VISUAL_OPEN,,
PAIR_0289,T06,R02,TEXT_PARENT,MATH_RULE,TEXT_VECTOR,RAW_MASK,0,81.2,80.2,3.0,N/A,PASS,0,PENDING,PENDING_VISUAL_OPEN,,
PAIR_0290,T06,N01,TEXT_PARENT,NODE_BORDER,TEXT_VECTOR,RAW_MASK,0,52.1876,51.1876,3.0,N/A,PASS,0,PENDING,PENDING_VISUAL_OPEN,,
PAIR_0291,T06,N02,TEXT_PARENT,NODE_BORDER,TEXT_VECTOR,RAW_MASK,0,53.7814,52.7814,3.0,N/A,PASS,0,PENDING,PENDING_VISUAL_OPEN,,
PAIR_0292,T06,E01,TEXT_PARENT,LINE_ARROW,TEXT_VECTOR,RAW_MASK,0,145.2108,144.2108,3.0,N/A,PASS,0,PENDING,PENDING_VISUAL_OPEN,,
PAIR_0293,T06,E02,TEXT_PARENT,LINE_ARROW,TEXT_VECTOR,RAW_MASK,0,143.6387,142.6387,3.0,N/A,PASS,0,PENDING,PENDING_VISUAL_OPEN,,
PAIR_0294,T06,E03,TEXT_PARENT,LINE_ARROW,TEXT_VECTOR,RAW_MASK,0,30.3938,29.3938,3.0,N/A,PASS,0,PENDING,PENDING_VISUAL_OPEN,,
PAIR_0295,T06,B01,TEXT_PARENT,NODE_BORDER,TEXT_NODE_BORDER,RAW_MASK,0,12.0,11.0,5.0,N/A,PASS,0,PENDING,PENDING_VISUAL_OPEN,05_pairs/critical/PAIR_0295_1x.png,05_pairs/critical/PAIR_0295_8x.png
PAIR_0296,T06,R03,TEXT_PARENT,MATH_RULE,TEXT_VECTOR,RAW_MASK,0,15.7876,14.7876,3.0,N/A,PASS,0,PENDING,PENDING_VISUAL_OPEN,,
PAIR_0297,T06,E04,TEXT_PARENT,LINE_ARROW,TEXT_VECTOR,RAW_MASK,0,102.1349,101.1349,3.0,N/A,PASS,0,PENDING,PENDING_VISUAL_OPEN,,
PAIR_0298,T06,R04,TEXT_PARENT,MATH_RULE,TEXT_VECTOR,RAW_MASK,0,139.5442,138.5442,3.0,N/A,PASS,0,PENDING,PENDING_VISUAL_OPEN,,
PAIR_0299,T06,R05,TEXT_PARENT,MATH_RULE,TEXT_VECTOR,RAW_MASK,0,232.1349,231.1349,3.0,N/A,PASS,0,PENDING,PENDING_VISUAL_OPEN,,
PAIR_0300,T06,H01,TEXT_PARENT,MATH_RULE,TEXT_VECTOR,RAW_MASK,0,192.0,191.0,3.0,N/A,PASS,0,PENDING,PENDING_VISUAL_OPEN,,
PAIR_0301,T06,R06,TEXT_PARENT,MATH_RULE,TEXT_VECTOR,RAW_MASK,0,338.1349,337.1349,3.0,N/A,PASS,0,PENDING,PENDING_VISUAL_OPEN,,
PAIR_0302,T06,C01,TEXT_PARENT,NODE_BORDER,TEXT_VECTOR,RAW_MASK,0,197.3998,196.3998,3.0,N/A,PASS,0,PENDING,PENDING_VISUAL_OPEN,,
PAIR_0303,T06,R07,TEXT_PARENT,MATH_RULE,TEXT_VECTOR,RAW_MASK,0,423.8047,422.8047,3.0,N/A,PASS,0,PENDING,PENDING_VISUAL_OPEN,,
PAIR_0304,T06,R08,TEXT_PARENT,MATH_RULE,TEXT_VECTOR,RAW_MASK,0,445.4766,444.4766,3.0,N/A,PASS,0,PENDING,PENDING_VISUAL_OPEN,,
PAIR_0305,T06,R09,TEXT_PARENT,MATH_RULE,TEXT_VECTOR,RAW_MASK,0,613.2249,612.2249,3.0,N/A,PASS,0,PENDING,PENDING_VISUAL_OPEN,,
PAIR_0306,T06,C02,TEXT_PARENT,LINE_ARROW,TEXT_VECTOR,RAW_MASK,0,240.493,239.493,3.0,N/A,PASS,0,PENDING,PENDING_VISUAL_OPEN,,
PAIR_0307,T06,C03,TEXT_PARENT,LINE_ARROW,TEXT_VECTOR,RAW_MASK,0,750.4838,749.4838,3.0,N/A,PASS,0,PENDING,PENDING_VISUAL_OPEN,,
PAIR_0308,T06,R10,TEXT_PARENT,MATH_RULE,TEXT_VECTOR,RAW_MASK,0,1097.845,1096.845,3.0,N/A,PASS,0,PENDING,PENDING_VISUAL_OPEN,,
PAIR_0309,T06,R11,TEXT_PARENT,MATH_RULE,TEXT_VECTOR,RAW_MASK,0,1210.0109,1209.0109,3.0,N/A,PASS,0,PENDING,PENDING_VISUAL_OPEN,,
PAIR_0310,T06,N03,TEXT_PARENT,NODE_BORDER,TEXT_VECTOR,RAW_MASK,0,734.752,733.752,3.0,N/A,PASS,0,PENDING,PENDING_VISUAL_OPEN,,
PAIR_0311,T06,N04,TEXT_PARENT,NODE_BORDER,TEXT_VECTOR,RAW_MASK,0,1053.7365,1052.7365,3.0,N/A,PASS,0,PENDING,PENDING_VISUAL_OPEN,,
PAIR_0312,T06,E05,TEXT_PARENT,LINE_ARROW,TEXT_VECTOR,RAW_MASK,0,641.1458,640.1458,3.0,N/A,PASS,0,PENDING,PENDING_VISUAL_OPEN,,
PAIR_0313,T06,E06,TEXT_PARENT,LINE_ARROW,TEXT_VECTOR,RAW_MASK,0,1165.1613,1164.1613,3.0,N/A,PASS,0,PENDING,PENDING_VISUAL_OPEN,,
PAIR_0314,T06,E07,TEXT_PARENT,LINE_ARROW,TEXT_VECTOR,RAW_MASK,0,841.783,840.783,3.0,N/A,PASS,0,PENDING,PENDING_VISUAL_OPEN,,
PAIR_0315,T06,B02,TEXT_PARENT,NODE_BORDER,TEXT_VECTOR,RAW_MASK,0,834.0,833.0,3.0,N/A,PASS,0,PENDING,PENDING_VISUAL_OPEN,,
PAIR_0316,T06,R12,TEXT_PARENT,MATH_RULE,TEXT_VECTOR,RAW_MASK,0,915.5752,914.5752,3.0,N/A,PASS,0,PENDING,PENDING_VISUAL_OPEN,,
PAIR_0317,T06,E08,TEXT_PARENT,LINE_ARROW,TEXT_VECTOR,RAW_MASK,0,856.8403,855.8403,3.0,N/A,PASS,0,PENDING,PENDING_VISUAL_OPEN,,
PAIR_0318,T06,R13,TEXT_PARENT,MATH_RULE,TEXT_VECTOR,RAW_MASK,0,944.3225,943.3225,3.0,N/A,PASS,0,PENDING,PENDING_VISUAL_OPEN,,
PAIR_0319,T06,R14,TEXT_PARENT,MATH_RULE,TEXT_VECTOR,RAW_MASK,0,860.8466,859.8466,3.0,N/A,PASS,0,PENDING,PENDING_VISUAL_OPEN,,
PAIR_0320,T06,H02,TEXT_PARENT,MATH_RULE,TEXT_VECTOR,RAW_MASK,0,938.0125,937.0125,3.0,N/A,PASS,0,PENDING,PENDING_VISUAL_OPEN,,
PAIR_0321,T06,R15,TEXT_PARENT,MATH_RULE,TEXT_VECTOR,RAW_MASK,0,1109.3241,1108.3241,3.0,N/A,PASS,0,PENDING,PENDING_VISUAL_OPEN,,
PAIR_0322,T07,T08,TEXT_PARENT,TEXT_PARENT,TEXT_TEXT,FINAL_VISIBLE_GLYPH_VECTOR_BBOX,0,13.0,12.0,4.0,10.0,PASS,0,PENDING,PENDING_VISUAL_OPEN,,
PAIR_0323,T07,T09,TEXT_PARENT,TEXT_PARENT,TEXT_TEXT,FINAL_VISIBLE_GLYPH_VECTOR_BBOX,0,150.938,146.0,4.0,133.0,PASS,0,PENDING,PENDING_VISUAL_OPEN,,
PAIR_0324,T07,T10,TEXT_PARENT,TEXT_PARENT,TEXT_TEXT,FINAL_VISIBLE_GLYPH_VECTOR_BBOX,0,177.0,147.0,4.0,133.0,PASS,0,PENDING,PENDING_VISUAL_OPEN,,
PAIR_0325,T07,T11,TEXT_PARENT,TEXT_PARENT,TEXT_TEXT,FINAL_VISIBLE_GLYPH_VECTOR_BBOX,0,349.2543,339.0,4.0,338.0,PASS,0,PENDING,PENDING_VISUAL_OPEN,,
PAIR_0326,T07,T12,TEXT_PARENT,TEXT_PARENT,TEXT_TEXT,FINAL_VISIBLE_GLYPH_VECTOR_BBOX,0,194.9489,184.3583,4.0,178.3171,PASS,0,PENDING,PENDING_VISUAL_OPEN,,
PAIR_0327,T07,T13,TEXT_PARENT,TEXT_PARENT,TEXT_TEXT,FINAL_VISIBLE_GLYPH_VECTOR_BBOX,0,633.9086,619.8387,4.0,615.065,PASS,0,PENDING,PENDING_VISUAL_OPEN,,
PAIR_0328,T07,T14,TEXT_PARENT,TEXT_PARENT,TEXT_TEXT,FINAL_VISIBLE_GLYPH_VECTOR_BBOX,0,779.4512,768.1491,4.0,763.4095,PASS,0,PENDING,PENDING_VISUAL_OPEN,,
PAIR_0329,T07,T15,TEXT_PARENT,TEXT_PARENT,TEXT_TEXT,FINAL_VISIBLE_GLYPH_VECTOR_BBOX,0,1097.4512,1085.8126,4.0,1082.2888,PASS,0,PENDING,PENDING_VISUAL_OPEN,,
PAIR_0330,T07,T16,TEXT_PARENT,TEXT_PARENT,TEXT_TEXT,FINAL_VISIBLE_GLYPH_VECTOR_BBOX,0,571.8295,559.3612,4.0,556.4351,PASS,0,PENDING,PENDING_VISUAL_OPEN,,
PAIR_0331,T07,T17,TEXT_PARENT,TEXT_PARENT,TEXT_TEXT,FINAL_VISIBLE_GLYPH_VECTOR_BBOX,0,1266.8295,1253.6068,4.0,1250.1936,PASS,0,PENDING,PENDING_VISUAL_OPEN,,
PAIR_0332,T07,T18,TEXT_PARENT,TEXT_PARENT,TEXT_TEXT,FINAL_VISIBLE_GLYPH_VECTOR_BBOX,0,876.9442,855.0941,4.0,851.9343,PASS,0,PENDING,PENDING_VISUAL_OPEN,,
PAIR_0333,T07,T19,TEXT_PARENT,TEXT_PARENT,TEXT_TEXT,FINAL_VISIBLE_GLYPH_VECTOR_BBOX,0,847.3783,845.0,4.0,844.0,PASS,0,PENDING,PENDING_VISUAL_OPEN,,
PAIR_0334,T07,T20,TEXT_PARENT,TEXT_PARENT,TEXT_TEXT,FINAL_VISIBLE_GLYPH_VECTOR_BBOX,0,786.7985,768.0417,4.0,767.0,PASS,0,PENDING,PENDING_VISUAL_OPEN,,
PAIR_0335,T07,T21,TEXT_PARENT,TEXT_PARENT,TEXT_TEXT,FINAL_VISIBLE_GLYPH_VECTOR_BBOX,0,716.6233,695.5875,4.0,690.7532,PASS,0,PENDING,PENDING_VISUAL_OPEN,,
PAIR_0336,T07,T22,TEXT_PARENT,TEXT_PARENT,TEXT_TEXT,FINAL_VISIBLE_GLYPH_VECTOR_BBOX,0,951.3489,919.8706,4.0,918.5342,PASS,0,PENDING,PENDING_VISUAL_OPEN,,
PAIR_0337,T07,T23,TEXT_PARENT,TEXT_PARENT,TEXT_TEXT,FINAL_VISIBLE_GLYPH_VECTOR_BBOX,0,232.0,230.0,4.0,207.0,PASS,0,PENDING,PENDING_VISUAL_OPEN,,
PAIR_0338,T07,R01,TEXT_PARENT,MATH_RULE,TEXT_VECTOR,RAW_MASK,0,217.0,216.0,3.0,N/A,PASS,0,PENDING,PENDING_VISUAL_OPEN,,
PAIR_0339,T07,R02,TEXT_PARENT,MATH_RULE,TEXT_VECTOR,RAW_MASK,0,230.752,229.752,3.0,N/A,PASS,0,PENDING,PENDING_VISUAL_OPEN,,
PAIR_0340,T07,N01,TEXT_PARENT,NODE_BORDER,TEXT_VECTOR,RAW_MASK,0,39.3938,38.3938,3.0,N/A,PASS,0,PENDING,PENDING_VISUAL_OPEN,,
PAIR_0341,T07,N02,TEXT_PARENT,NODE_BORDER,TEXT_VECTOR,RAW_MASK,0,32.3938,31.3938,3.0,N/A,PASS,0,PENDING,PENDING_VISUAL_OPEN,,
PAIR_0342,T07,E01,TEXT_PARENT,LINE_ARROW,TEXT_VECTOR,RAW_MASK,0,134.6171,133.6171,3.0,N/A,PASS,0,PENDING,PENDING_VISUAL_OPEN,,
PAIR_0343,T07,E02,TEXT_PARENT,LINE_ARROW,TEXT_VECTOR,RAW_MASK,0,137.4667,136.4667,3.0,N/A,PASS,0,PENDING,PENDING_VISUAL_OPEN,,
PAIR_0344,T07,E03,TEXT_PARENT,LINE_ARROW,TEXT_VECTOR,RAW_MASK,0,78.0,77.0,3.0,N/A,PASS,0,PENDING,PENDING_VISUAL_OPEN,,
PAIR_0345,T07,B01,TEXT_PARENT,NODE_BORDER,TEXT_VECTOR,RAW_MASK,0,115.0,114.0,3.0,N/A,PASS,0,PENDING,PENDING_VISUAL_OPEN,,
PAIR_0346,T07,R03,TEXT_PARENT,MATH_RULE,TEXT_VECTOR,RAW_MASK,0,144.3318,143.3318,3.0,N/A,PASS,0,PENDING,PENDING_VISUAL_OPEN,,
PAIR_0347,T07,E04,TEXT_PARENT,LINE_ARROW,TEXT_VECTOR,RAW_MASK,0,12.7876,11.7876,3.0,N/A,PASS,0,PENDING,PENDING_VISUAL_OPEN,05_pairs/critical/PAIR_0347_1x.png,05_pairs/critical/PAIR_0347_8x.png
PAIR_0348,T07,R04,TEXT_PARENT,MATH_RULE,TEXT_VECTOR,RAW_MASK,0,15.7876,14.7876,3.0,N/A,PASS,0,PENDING,PENDING_VISUAL_OPEN,,
PAIR_0349,T07,R05,TEXT_PARENT,MATH_RULE,TEXT_VECTOR,RAW_MASK,0,59.7411,58.7411,3.0,N/A,PASS,0,PENDING,PENDING_VISUAL_OPEN,,
PAIR_0350,T07,H01,TEXT_PARENT,MATH_RULE,TEXT_VECTOR,RAW_MASK,0,20.0,19.0,3.0,N/A,PASS,0,PENDING,PENDING_VISUAL_OPEN,,
PAIR_0351,T07,R06,TEXT_PARENT,MATH_RULE,TEXT_VECTOR,RAW_MASK,0,165.5597,164.5597,3.0,N/A,PASS,0,PENDING,PENDING_VISUAL_OPEN,,
PAIR_0352,T07,C01,TEXT_PARENT,NODE_BORDER,TEXT_VECTOR,RAW_MASK,0,136.0,135.0,3.0,N/A,PASS,0,PENDING,PENDING_VISUAL_OPEN,,
PAIR_0353,T07,R07,TEXT_PARENT,MATH_RULE,TEXT_VECTOR,RAW_MASK,0,388.1349,387.1349,3.0,N/A,PASS,0,PENDING,PENDING_VISUAL_OPEN,,
PAIR_0354,T07,R08,TEXT_PARENT,MATH_RULE,TEXT_VECTOR,RAW_MASK,0,377.7209,376.7209,3.0,N/A,PASS,0,PENDING,PENDING_VISUAL_OPEN,,
PAIR_0355,T07,R09,TEXT_PARENT,MATH_RULE,TEXT_VECTOR,RAW_MASK,0,578.1613,577.1613,3.0,N/A,PASS,0,PENDING,PENDING_VISUAL_OPEN,,
PAIR_0356,T07,C02,TEXT_PARENT,LINE_ARROW,TEXT_VECTOR,RAW_MASK,0,101.2946,100.2946,3.0,N/A,PASS,0,PENDING,PENDING_VISUAL_OPEN,,
PAIR_0357,T07,C03,TEXT_PARENT,LINE_ARROW,TEXT_VECTOR,RAW_MASK,0,715.4202,714.4202,3.0,N/A,PASS,0,PENDING,PENDING_VISUAL_OPEN,,
PAIR_0358,T07,R10,TEXT_PARENT,MATH_RULE,TEXT_VECTOR,RAW_MASK,0,1130.9086,1129.9086,3.0,N/A,PASS,0,PENDING,PENDING_VISUAL_OPEN,,
PAIR_0359,T07,R11,TEXT_PARENT,MATH_RULE,TEXT_VECTOR,RAW_MASK,0,1243.0745,1242.0745,3.0,N/A,PASS,0,PENDING,PENDING_VISUAL_OPEN,,
PAIR_0360,T07,N03,TEXT_PARENT,NODE_BORDER,TEXT_VECTOR,RAW_MASK,0,729.4512,728.4512,3.0,N/A,PASS,0,PENDING,PENDING_VISUAL_OPEN,,
PAIR_0361,T07,N04,TEXT_PARENT,NODE_BORDER,TEXT_VECTOR,RAW_MASK,0,1048.4357,1047.4357,3.0,N/A,PASS,0,PENDING,PENDING_VISUAL_OPEN,,
PAIR_0362,T07,E05,TEXT_PARENT,LINE_ARROW,TEXT_VECTOR,RAW_MASK,0,636.4357,635.4357,3.0,N/A,PASS,0,PENDING,PENDING_VISUAL_OPEN,,
PAIR_0363,T07,E06,TEXT_PARENT,LINE_ARROW,TEXT_VECTOR,RAW_MASK,0,1164.6636,1163.6636,3.0,N/A,PASS,0,PENDING,PENDING_VISUAL_OPEN,,
PAIR_0364,T07,E07,TEXT_PARENT,LINE_ARROW,TEXT_VECTOR,RAW_MASK,0,845.1458,844.1458,3.0,N/A,PASS,0,PENDING,PENDING_VISUAL_OPEN,,
PAIR_0365,T07,B02,TEXT_PARENT,NODE_BORDER,TEXT_VECTOR,RAW_MASK,0,859.6124,858.6124,3.0,N/A,PASS,0,PENDING,PENDING_VISUAL_OPEN,,
PAIR_0366,T07,R12,TEXT_PARENT,MATH_RULE,TEXT_VECTOR,RAW_MASK,0,943.5504,942.5504,3.0,N/A,PASS,0,PENDING,PENDING_VISUAL_OPEN,,
PAIR_0367,T07,E08,TEXT_PARENT,LINE_ARROW,TEXT_VECTOR,RAW_MASK,0,842.0884,841.0884,3.0,N/A,PASS,0,PENDING,PENDING_VISUAL_OPEN,,
PAIR_0368,T07,R13,TEXT_PARENT,MATH_RULE,TEXT_VECTOR,RAW_MASK,0,914.3783,913.3783,3.0,N/A,PASS,0,PENDING,PENDING_VISUAL_OPEN,,
PAIR_0369,T07,R14,TEXT_PARENT,MATH_RULE,TEXT_VECTOR,RAW_MASK,0,825.783,824.783,3.0,N/A,PASS,0,PENDING,PENDING_VISUAL_OPEN,,
PAIR_0370,T07,H02,TEXT_PARENT,MATH_RULE,TEXT_VECTOR,RAW_MASK,0,902.9489,901.9489,3.0,N/A,PASS,0,PENDING,PENDING_VISUAL_OPEN,,
PAIR_0371,T07,R15,TEXT_PARENT,MATH_RULE,TEXT_VECTOR,RAW_MASK,0,1074.2605,1073.2605,3.0,N/A,PASS,0,PENDING,PENDING_VISUAL_OPEN,,
PAIR_0372,T08,T09,TEXT_PARENT,TEXT_PARENT,TEXT_TEXT,FINAL_VISIBLE_GLYPH_VECTOR_BBOX,0,28.7721,19.0,4.0,17.0,PASS,0,PENDING,PENDING_VISUAL_OPEN,,
PAIR_0373,T08,T10,TEXT_PARENT,TEXT_PARENT,TEXT_TEXT,FINAL_VISIBLE_GLYPH_VECTOR_BBOX,0,30.7721,20.0,4.0,17.0,PASS,0,PENDING,PENDING_VISUAL_OPEN,,
PAIR_0374,T08,T11,TEXT_PARENT,TEXT_PARENT,TEXT_TEXT,FINAL_VISIBLE_GLYPH_VECTOR_BBOX,0,270.0,269.0,4.0,264.0,PASS,0,PENDING,PENDING_VISUAL_OPEN,,
PAIR_0375,T08,T12,TEXT_PARENT,TEXT_PARENT,TEXT_TEXT,FINAL_VISIBLE_GLYPH_VECTOR_BBOX,0,109.0,108.0,4.0,100.0,PASS,0,PENDING,PENDING_VISUAL_OPEN,,
PAIR_0376,T08,T13,TEXT_PARENT,TEXT_PARENT,TEXT_TEXT,FINAL_VISIBLE_GLYPH_VECTOR_BBOX,0,576.0186,575.5702,4.0,572.4727,PASS,0,PENDING,PENDING_VISUAL_OPEN,,
PAIR_0377,T08,T14,TEXT_PARENT,TEXT_PARENT,TEXT_TEXT,FINAL_VISIBLE_GLYPH_VECTOR_BBOX,0,716.9023,703.4444,4.0,694.9835,PASS,0,PENDING,PENDING_VISUAL_OPEN,,
PAIR_0378,T08,T15,TEXT_PARENT,TEXT_PARENT,TEXT_TEXT,FINAL_VISIBLE_GLYPH_VECTOR_BBOX,0,1034.9023,1019.4361,4.0,1012.0993,PASS,0,PENDING,PENDING_VISUAL_OPEN,,
PAIR_0379,T08,T16,TEXT_PARENT,TEXT_PARENT,TEXT_TEXT,FINAL_VISIBLE_GLYPH_VECTOR_BBOX,0,509.2806,496.5964,4.0,489.9673,PASS,0,PENDING,PENDING_VISUAL_OPEN,,
PAIR_0380,T08,T17,TEXT_PARENT,TEXT_PARENT,TEXT_TEXT,FINAL_VISIBLE_GLYPH_VECTOR_BBOX,0,1204.2806,1186.572,4.0,1179.2879,PASS,0,PENDING,PENDING_VISUAL_OPEN,,
PAIR_0381,T08,T18,TEXT_PARENT,TEXT_PARENT,TEXT_TEXT,FINAL_VISIBLE_GLYPH_VECTOR_BBOX,0,814.3954,796.5432,4.0,791.2168,PASS,0,PENDING,PENDING_VISUAL_OPEN,,
PAIR_0382,T08,T19,TEXT_PARENT,TEXT_PARENT,TEXT_TEXT,FINAL_VISIBLE_GLYPH_VECTOR_BBOX,0,780.3318,775.0781,4.0,770.0526,PASS,0,PENDING,PENDING_VISUAL_OPEN,,
PAIR_0383,T08,T20,TEXT_PARENT,TEXT_PARENT,TEXT_TEXT,FINAL_VISIBLE_GLYPH_VECTOR_BBOX,0,699.0,698.0,4.0,693.0,PASS,0,PENDING,PENDING_VISUAL_OPEN,,
PAIR_0384,T08,T21,TEXT_PARENT,TEXT_PARENT,TEXT_TEXT,FINAL_VISIBLE_GLYPH_VECTOR_BBOX,0,618.4667,609.4727,4.0,602.5612,PASS,0,PENDING,PENDING_VISUAL_OPEN,,
PAIR_0385,T08,T22,TEXT_PARENT,TEXT_PARENT,TEXT_TEXT,FINAL_VISIBLE_GLYPH_VECTOR_BBOX,0,853.1923,839.1168,4.0,835.1533,PASS,0,PENDING,PENDING_VISUAL_OPEN,,
PAIR_0386,T08,T23,TEXT_PARENT,TEXT_PARENT,TEXT_TEXT,FINAL_VISIBLE_GLYPH_VECTOR_BBOX,0,105.3938,103.0,4.0,91.0,PASS,0,PENDING,PENDING_VISUAL_OPEN,,
PAIR_0387,T08,R01,TEXT_PARENT,MATH_RULE,TEXT_VECTOR,RAW_MASK,0,285.3628,284.3628,3.0,N/A,PASS,0,PENDING,PENDING_VISUAL_OPEN,,
PAIR_0388,T08,R02,TEXT_PARENT,MATH_RULE,TEXT_VECTOR,RAW_MASK,0,268.5907,267.5907,3.0,N/A,PASS,0,PENDING,PENDING_VISUAL_OPEN,,
PAIR_0389,T08,N01,TEXT_PARENT,NODE_BORDER,TEXT_VECTOR,RAW_MASK,0,86.1969,85.1969,3.0,N/A,PASS,0,PENDING,PENDING_VISUAL_OPEN,,
PAIR_0390,T08,N02,TEXT_PARENT,NODE_BORDER,TEXT_VECTOR,RAW_MASK,0,51.0,50.0,3.0,N/A,PASS,0,PENDING,PENDING_VISUAL_OPEN,,
PAIR_0391,T08,E01,TEXT_PARENT,LINE_ARROW,TEXT_VECTOR,RAW_MASK,0,145.2108,144.2108,3.0,N/A,PASS,0,PENDING,PENDING_VISUAL_OPEN,,
PAIR_0392,T08,E02,TEXT_PARENT,LINE_ARROW,TEXT_VECTOR,RAW_MASK,0,106.7008,105.7008,3.0,N/A,PASS,0,PENDING,PENDING_VISUAL_OPEN,,
PAIR_0393,T08,E03,TEXT_PARENT,LINE_ARROW,TEXT_VECTOR,RAW_MASK,0,136.0729,135.0729,3.0,N/A,PASS,0,PENDING,PENDING_VISUAL_OPEN,,
PAIR_0394,T08,B01,TEXT_PARENT,NODE_BORDER,TEXT_VECTOR,RAW_MASK,0,168.0,167.0,3.0,N/A,PASS,0,PENDING,PENDING_VISUAL_OPEN,,
PAIR_0395,T08,R03,TEXT_PARENT,MATH_RULE,TEXT_VECTOR,RAW_MASK,0,199.6946,198.6946,3.0,N/A,PASS,0,PENDING,PENDING_VISUAL_OPEN,,
PAIR_0396,T08,E04,TEXT_PARENT,LINE_ARROW,TEXT_VECTOR,RAW_MASK,0,66.3783,65.3783,3.0,N/A,PASS,0,PENDING,PENDING_VISUAL_OPEN,,
PAIR_0397,T08,R04,TEXT_PARENT,MATH_RULE,TEXT_VECTOR,RAW_MASK,0,34.0,33.0,3.0,N/A,PASS,0,PENDING,PENDING_VISUAL_OPEN,,
PAIR_0398,T08,R05,TEXT_PARENT,MATH_RULE,TEXT_VECTOR,RAW_MASK,0,16.0,15.0,3.0,N/A,PASS,0,PENDING,PENDING_VISUAL_OPEN,,
PAIR_0399,T08,H01,TEXT_PARENT,MATH_RULE,TEXT_VECTOR,RAW_MASK,0,5.0,4.0,3.0,N/A,PASS,0,PENDING,PENDING_VISUAL_OPEN,05_pairs/critical/PAIR_0399_1x.png,05_pairs/critical/PAIR_0399_8x.png
PAIR_0400,T08,R06,TEXT_PARENT,MATH_RULE,TEXT_VECTOR,RAW_MASK,0,31.5752,30.5752,3.0,N/A,PASS,0,PENDING,PENDING_VISUAL_OPEN,,
PAIR_0401,T08,C01,TEXT_PARENT,NODE_BORDER,TEXT_VECTOR,RAW_MASK,0,66.0,65.0,3.0,N/A,PASS,0,PENDING,PENDING_VISUAL_OPEN,,
PAIR_0402,T08,R07,TEXT_PARENT,MATH_RULE,TEXT_VECTOR,RAW_MASK,0,314.0,313.0,3.0,N/A,PASS,0,PENDING,PENDING_VISUAL_OPEN,,
PAIR_0403,T08,R08,TEXT_PARENT,MATH_RULE,TEXT_VECTOR,RAW_MASK,0,290.0,289.0,3.0,N/A,PASS,0,PENDING,PENDING_VISUAL_OPEN,,
PAIR_0404,T08,R09,TEXT_PARENT,MATH_RULE,TEXT_VECTOR,RAW_MASK,0,493.0,492.0,3.0,N/A,PASS,0,PENDING,PENDING_VISUAL_OPEN,,
PAIR_0405,T08,C02,TEXT_PARENT,LINE_ARROW,TEXT_VECTOR,RAW_MASK,0,16.0,15.0,3.0,N/A,PASS,0,PENDING,PENDING_VISUAL_OPEN,,
PAIR_0406,T08,C03,TEXT_PARENT,LINE_ARROW,TEXT_VECTOR,RAW_MASK,0,634.0,633.0,3.0,N/A,PASS,0,PENDING,PENDING_VISUAL_OPEN,,
PAIR_0407,T08,R10,TEXT_PARENT,MATH_RULE,TEXT_VECTOR,RAW_MASK,0,1068.3597,1067.3597,3.0,N/A,PASS,0,PENDING,PENDING_VISUAL_OPEN,,
PAIR_0408,T08,R11,TEXT_PARENT,MATH_RULE,TEXT_VECTOR,RAW_MASK,0,1180.5256,1179.5256,3.0,N/A,PASS,0,PENDING,PENDING_VISUAL_OPEN,,
PAIR_0409,T08,N03,TEXT_PARENT,NODE_BORDER,TEXT_VECTOR,RAW_MASK,0,666.9023,665.9023,3.0,N/A,PASS,0,PENDING,PENDING_VISUAL_OPEN,,
PAIR_0410,T08,N04,TEXT_PARENT,NODE_BORDER,TEXT_VECTOR,RAW_MASK,0,985.8868,984.8868,3.0,N/A,PASS,0,PENDING,PENDING_VISUAL_OPEN,,
PAIR_0411,T08,E05,TEXT_PARENT,LINE_ARROW,TEXT_VECTOR,RAW_MASK,0,573.8868,572.8868,3.0,N/A,PASS,0,PENDING,PENDING_VISUAL_OPEN,,
PAIR_0412,T08,E06,TEXT_PARENT,LINE_ARROW,TEXT_VECTOR,RAW_MASK,0,1102.1147,1101.1147,3.0,N/A,PASS,0,PENDING,PENDING_VISUAL_OPEN,,
PAIR_0413,T08,E07,TEXT_PARENT,LINE_ARROW,TEXT_VECTOR,RAW_MASK,0,782.5969,781.5969,3.0,N/A,PASS,0,PENDING,PENDING_VISUAL_OPEN,,
PAIR_0414,T08,B02,TEXT_PARENT,NODE_BORDER,TEXT_VECTOR,RAW_MASK,0,797.0636,796.0636,3.0,N/A,PASS,0,PENDING,PENDING_VISUAL_OPEN,,
PAIR_0415,T08,R12,TEXT_PARENT,MATH_RULE,TEXT_VECTOR,RAW_MASK,0,881.0016,880.0016,3.0,N/A,PASS,0,PENDING,PENDING_VISUAL_OPEN,,
PAIR_0416,T08,E08,TEXT_PARENT,LINE_ARROW,TEXT_VECTOR,RAW_MASK,0,779.5396,778.5396,3.0,N/A,PASS,0,PENDING,PENDING_VISUAL_OPEN,,
PAIR_0417,T08,R13,TEXT_PARENT,MATH_RULE,TEXT_VECTOR,RAW_MASK,0,846.938,845.938,3.0,N/A,PASS,0,PENDING,PENDING_VISUAL_OPEN,,
PAIR_0418,T08,R14,TEXT_PARENT,MATH_RULE,TEXT_VECTOR,RAW_MASK,0,742.0,741.0,3.0,N/A,PASS,0,PENDING,PENDING_VISUAL_OPEN,,
PAIR_0419,T08,H02,TEXT_PARENT,MATH_RULE,TEXT_VECTOR,RAW_MASK,0,817.0,816.0,3.0,N/A,PASS,0,PENDING,PENDING_VISUAL_OPEN,,
PAIR_0420,T08,R15,TEXT_PARENT,MATH_RULE,TEXT_VECTOR,RAW_MASK,0,976.1039,975.1039,3.0,N/A,PASS,0,PENDING,PENDING_VISUAL_OPEN,,
PAIR_0421,T09,T10,TEXT_PARENT,TEXT_PARENT,TEXT_TEXT,FINAL_VISIBLE_GLYPH_VECTOR_BBOX,0,7.9907,5.0,4.0,0.0,PASS,0,PENDING,PENDING_VISUAL_OPEN,05_pairs/critical/PAIR_0421_1x.png,05_pairs/critical/PAIR_0421_8x.png
PAIR_0422,T09,T11,TEXT_PARENT,TEXT_PARENT,TEXT_TEXT,FINAL_VISIBLE_GLYPH_VECTOR_BBOX,0,431.4,420.7386,4.0,413.7729,PASS,0,PENDING,PENDING_VISUAL_OPEN,,
PAIR_0423,T09,T12,TEXT_PARENT,TEXT_PARENT,TEXT_TEXT,FINAL_VISIBLE_GLYPH_VECTOR_BBOX,0,261.9333,247.4207,4.0,240.8589,PASS,0,PENDING,PENDING_VISUAL_OPEN,,
PAIR_0424,T09,T13,TEXT_PARENT,TEXT_PARENT,TEXT_TEXT,FINAL_VISIBLE_GLYPH_VECTOR_BBOX,0,773.2455,759.2266,4.0,752.8838,PASS,0,PENDING,PENDING_VISUAL_OPEN,,
PAIR_0425,T09,T14,TEXT_PARENT,TEXT_PARENT,TEXT_TEXT,FINAL_VISIBLE_GLYPH_VECTOR_BBOX,0,882.0435,863.9039,4.0,854.2394,PASS,0,PENDING,PENDING_VISUAL_OPEN,,
PAIR_0426,T09,T15,TEXT_PARENT,TEXT_PARENT,TEXT_TEXT,FINAL_VISIBLE_GLYPH_VECTOR_BBOX,0,1200.0435,1173.5595,4.0,1165.8096,PASS,0,PENDING,PENDING_VISUAL_OPEN,,
PAIR_0427,T09,T16,TEXT_PARENT,TEXT_PARENT,TEXT_TEXT,FINAL_VISIBLE_GLYPH_VECTOR_BBOX,0,674.4218,663.6656,4.0,654.9206,PASS,0,PENDING,PENDING_VISUAL_OPEN,,
PAIR_0428,T09,T17,TEXT_PARENT,TEXT_PARENT,TEXT_TEXT,FINAL_VISIBLE_GLYPH_VECTOR_BBOX,0,1369.4218,1338.2216,4.0,1330.8332,PASS,0,PENDING,PENDING_VISUAL_OPEN,,
PAIR_0429,T09,T18,TEXT_PARENT,TEXT_PARENT,TEXT_TEXT,FINAL_VISIBLE_GLYPH_VECTOR_BBOX,0,979.5365,964.9067,4.0,957.8565,PASS,0,PENDING,PENDING_VISUAL_OPEN,,
PAIR_0430,T09,T19,TEXT_PARENT,TEXT_PARENT,TEXT_TEXT,FINAL_VISIBLE_GLYPH_VECTOR_BBOX,0,945.4729,922.4673,4.0,917.5445,PASS,0,PENDING,PENDING_VISUAL_OPEN,,
PAIR_0431,T09,T20,TEXT_PARENT,TEXT_PARENT,TEXT_TEXT,FINAL_VISIBLE_GLYPH_VECTOR_BBOX,0,850.9489,834.2398,4.0,831.2406,PASS,0,PENDING,PENDING_VISUAL_OPEN,,
PAIR_0432,T09,T21,TEXT_PARENT,TEXT_PARENT,TEXT_TEXT,FINAL_VISIBLE_GLYPH_VECTOR_BBOX,0,746.1969,745.0,4.0,740.0,PASS,0,PENDING,PENDING_VISUAL_OPEN,,
PAIR_0433,T09,T22,TEXT_PARENT,TEXT_PARENT,TEXT_TEXT,FINAL_VISIBLE_GLYPH_VECTOR_BBOX,0,980.9225,975.0,4.0,973.0,PASS,0,PENDING,PENDING_VISUAL_OPEN,,
PAIR_0434,T09,T23,TEXT_PARENT,TEXT_PARENT,TEXT_TEXT,FINAL_VISIBLE_GLYPH_VECTOR_BBOX,0,43.1814,40.0,4.0,25.0,PASS,0,PENDING,PENDING_VISUAL_OPEN,,
PAIR_0435,T09,R01,TEXT_PARENT,MATH_RULE,TEXT_VECTOR,RAW_MASK,0,415.9535,414.9535,3.0,N/A,PASS,0,PENDING,PENDING_VISUAL_OPEN,,
PAIR_0436,T09,R02,TEXT_PARENT,MATH_RULE,TEXT_VECTOR,RAW_MASK,0,439.5504,438.5504,3.0,N/A,PASS,0,PENDING,PENDING_VISUAL_OPEN,,
PAIR_0437,T09,N01,TEXT_PARENT,NODE_BORDER,TEXT_VECTOR,RAW_MASK,0,185.0,184.0,3.0,N/A,PASS,0,PENDING,PENDING_VISUAL_OPEN,,
PAIR_0438,T09,N02,TEXT_PARENT,NODE_BORDER,TEXT_VECTOR,RAW_MASK,0,224.6868,223.6868,3.0,N/A,PASS,0,PENDING,PENDING_VISUAL_OPEN,,
PAIR_0439,T09,E01,TEXT_PARENT,LINE_ARROW,TEXT_VECTOR,RAW_MASK,0,224.5442,223.5442,3.0,N/A,PASS,0,PENDING,PENDING_VISUAL_OPEN,,
PAIR_0440,T09,E02,TEXT_PARENT,LINE_ARROW,TEXT_VECTOR,RAW_MASK,0,305.2845,304.2845,3.0,N/A,PASS,0,PENDING,PENDING_VISUAL_OPEN,,
PAIR_0441,T09,E03,TEXT_PARENT,LINE_ARROW,TEXT_VECTOR,RAW_MASK,0,262.7876,261.7876,3.0,N/A,PASS,0,PENDING,PENDING_VISUAL_OPEN,,
PAIR_0442,T09,B01,TEXT_PARENT,NODE_BORDER,TEXT_VECTOR,RAW_MASK,0,302.0,301.0,3.0,N/A,PASS,0,PENDING,PENDING_VISUAL_OPEN,,
PAIR_0443,T09,R03,TEXT_PARENT,MATH_RULE,TEXT_VECTOR,RAW_MASK,0,336.0,335.0,3.0,N/A,PASS,0,PENDING,PENDING_VISUAL_OPEN,,
PAIR_0444,T09,E04,TEXT_PARENT,LINE_ARROW,TEXT_VECTOR,RAW_MASK,0,205.0,204.0,3.0,N/A,PASS,0,PENDING,PENDING_VISUAL_OPEN,,
PAIR_0445,T09,R04,TEXT_PARENT,MATH_RULE,TEXT_VECTOR,RAW_MASK,0,163.1969,162.1969,3.0,N/A,PASS,0,PENDING,PENDING_VISUAL_OPEN,,
PAIR_0446,T09,R05,TEXT_PARENT,MATH_RULE,TEXT_VECTOR,RAW_MASK,0,62.0,61.0,3.0,N/A,PASS,0,PENDING,PENDING_VISUAL_OPEN,,
PAIR_0447,T09,H01,TEXT_PARENT,MATH_RULE,TEXT_VECTOR,RAW_MASK,0,90.8915,89.8915,3.0,N/A,PASS,0,PENDING,PENDING_VISUAL_OPEN,,
PAIR_0448,T09,R06,TEXT_PARENT,MATH_RULE,TEXT_VECTOR,RAW_MASK,0,77.1814,76.1814,3.0,N/A,PASS,0,PENDING,PENDING_VISUAL_OPEN,,
PAIR_0449,T09,C01,TEXT_PARENT,NODE_BORDER,TEXT_VECTOR,RAW_MASK,0,209.2853,208.2853,3.0,N/A,PASS,0,PENDING,PENDING_VISUAL_OPEN,,
PAIR_0450,T09,R07,TEXT_PARENT,MATH_RULE,TEXT_VECTOR,RAW_MASK,0,475.2031,474.2031,3.0,N/A,PASS,0,PENDING,PENDING_VISUAL_OPEN,,
PAIR_0451,T09,R08,TEXT_PARENT,MATH_RULE,TEXT_VECTOR,RAW_MASK,0,442.7365,441.7365,3.0,N/A,PASS,0,PENDING,PENDING_VISUAL_OPEN,,
PAIR_0452,T09,R09,TEXT_PARENT,MATH_RULE,TEXT_VECTOR,RAW_MASK,0,643.1768,642.1768,3.0,N/A,PASS,0,PENDING,PENDING_VISUAL_OPEN,,
PAIR_0453,T09,C02,TEXT_PARENT,LINE_ARROW,TEXT_VECTOR,RAW_MASK,0,191.885,190.885,3.0,N/A,PASS,0,PENDING,PENDING_VISUAL_OPEN,,
PAIR_0454,T09,C03,TEXT_PARENT,LINE_ARROW,TEXT_VECTOR,RAW_MASK,0,793.431,792.431,3.0,N/A,PASS,0,PENDING,PENDING_VISUAL_OPEN,,
PAIR_0455,T09,R10,TEXT_PARENT,MATH_RULE,TEXT_VECTOR,RAW_MASK,0,1233.5009,1232.5009,3.0,N/A,PASS,0,PENDING,PENDING_VISUAL_OPEN,,
PAIR_0456,T09,R11,TEXT_PARENT,MATH_RULE,TEXT_VECTOR,RAW_MASK,0,1345.6667,1344.6667,3.0,N/A,PASS,0,PENDING,PENDING_VISUAL_OPEN,,
PAIR_0457,T09,N03,TEXT_PARENT,NODE_BORDER,TEXT_VECTOR,RAW_MASK,0,832.0435,831.0435,3.0,N/A,PASS,0,PENDING,PENDING_VISUAL_OPEN,,
PAIR_0458,T09,N04,TEXT_PARENT,NODE_BORDER,TEXT_VECTOR,RAW_MASK,0,1151.028,1150.028,3.0,N/A,PASS,0,PENDING,PENDING_VISUAL_OPEN,,
PAIR_0459,T09,E05,TEXT_PARENT,LINE_ARROW,TEXT_VECTOR,RAW_MASK,0,739.028,738.028,3.0,N/A,PASS,0,PENDING,PENDING_VISUAL_OPEN,,
PAIR_0460,T09,E06,TEXT_PARENT,LINE_ARROW,TEXT_VECTOR,RAW_MASK,0,1267.2559,1266.2559,3.0,N/A,PASS,0,PENDING,PENDING_VISUAL_OPEN,,
PAIR_0461,T09,E07,TEXT_PARENT,LINE_ARROW,TEXT_VECTOR,RAW_MASK,0,947.738,946.738,3.0,N/A,PASS,0,PENDING,PENDING_VISUAL_OPEN,,
PAIR_0462,T09,B02,TEXT_PARENT,NODE_BORDER,TEXT_VECTOR,RAW_MASK,0,962.2047,961.2047,3.0,N/A,PASS,0,PENDING,PENDING_VISUAL_OPEN,,
PAIR_0463,T09,R12,TEXT_PARENT,MATH_RULE,TEXT_VECTOR,RAW_MASK,0,1046.1427,1045.1427,3.0,N/A,PASS,0,PENDING,PENDING_VISUAL_OPEN,,
PAIR_0464,T09,E08,TEXT_PARENT,LINE_ARROW,TEXT_VECTOR,RAW_MASK,0,944.6807,943.6807,3.0,N/A,PASS,0,PENDING,PENDING_VISUAL_OPEN,,
PAIR_0465,T09,R13,TEXT_PARENT,MATH_RULE,TEXT_VECTOR,RAW_MASK,0,1012.0791,1011.0791,3.0,N/A,PASS,0,PENDING,PENDING_VISUAL_OPEN,,
PAIR_0466,T09,R14,TEXT_PARENT,MATH_RULE,TEXT_VECTOR,RAW_MASK,0,893.752,892.752,3.0,N/A,PASS,0,PENDING,PENDING_VISUAL_OPEN,,
PAIR_0467,T09,H02,TEXT_PARENT,MATH_RULE,TEXT_VECTOR,RAW_MASK,0,960.0884,959.0884,3.0,N/A,PASS,0,PENDING,PENDING_VISUAL_OPEN,,
PAIR_0468,T09,R15,TEXT_PARENT,MATH_RULE,TEXT_VECTOR,RAW_MASK,0,1106.1969,1105.1969,3.0,N/A,PASS,0,PENDING,PENDING_VISUAL_OPEN,,
PAIR_0469,T10,T11,TEXT_PARENT,TEXT_PARENT,TEXT_TEXT,FINAL_VISIBLE_GLYPH_VECTOR_BBOX,0,238.9022,234.1816,4.0,224.5173,PASS,0,PENDING,PENDING_VISUAL_OPEN,,
PAIR_0470,T10,T12,TEXT_PARENT,TEXT_PARENT,TEXT_TEXT,FINAL_VISIBLE_GLYPH_VECTOR_BBOX,0,81.3938,60.1082,4.0,53.0377,PASS,0,PENDING,PENDING_VISUAL_OPEN,,
PAIR_0471,T10,T13,TEXT_PARENT,TEXT_PARENT,TEXT_TEXT,FINAL_VISIBLE_GLYPH_VECTOR_BBOX,0,611.2155,596.239,4.0,589.9441,PASS,0,PENDING,PENDING_VISUAL_OPEN,,
PAIR_0472,T10,T14,TEXT_PARENT,TEXT_PARENT,TEXT_TEXT,FINAL_VISIBLE_GLYPH_VECTOR_BBOX,0,684.3907,672.5504,4.0,662.5142,PASS,0,PENDING,PENDING_VISUAL_OPEN,,
PAIR_0473,T10,T15,TEXT_PARENT,TEXT_PARENT,TEXT_TEXT,FINAL_VISIBLE_GLYPH_VECTOR_BBOX,0,1002.3907,977.4457,4.0,969.9031,PASS,0,PENDING,PENDING_VISUAL_OPEN,,
PAIR_0474,T10,T16,TEXT_PARENT,TEXT_PARENT,TEXT_TEXT,FINAL_VISIBLE_GLYPH_VECTOR_BBOX,0,485.1704,480.0604,4.0,470.0223,PASS,0,PENDING,PENDING_VISUAL_OPEN,,
PAIR_0475,T10,T17,TEXT_PARENT,TEXT_PARENT,TEXT_TEXT,FINAL_VISIBLE_GLYPH_VECTOR_BBOX,0,1171.769,1140.8124,4.0,1133.8064,PASS,0,PENDING,PENDING_VISUAL_OPEN,,
PAIR_0476,T10,T18,TEXT_PARENT,TEXT_PARENT,TEXT_TEXT,FINAL_VISIBLE_GLYPH_VECTOR_BBOX,0,782.9768,778.3707,4.0,770.9014,PASS,0,PENDING,PENDING_VISUAL_OPEN,,
PAIR_0477,T10,T19,TEXT_PARENT,TEXT_PARENT,TEXT_TEXT,FINAL_VISIBLE_GLYPH_VECTOR_BBOX,0,747.8202,724.8558,4.0,720.2,PASS,0,PENDING,PENDING_VISUAL_OPEN,,
PAIR_0478,T10,T20,TEXT_PARENT,TEXT_PARENT,TEXT_TEXT,FINAL_VISIBLE_GLYPH_VECTOR_BBOX,0,653.2961,633.3482,4.0,631.3169,PASS,0,PENDING,PENDING_VISUAL_OPEN,,
PAIR_0479,T10,T21,TEXT_PARENT,TEXT_PARENT,TEXT_TEXT,FINAL_VISIBLE_GLYPH_VECTOR_BBOX,0,546.3783,544.0,4.0,540.0,PASS,0,PENDING,PENDING_VISUAL_OPEN,,
PAIR_0480,T10,T22,TEXT_PARENT,TEXT_PARENT,TEXT_TEXT,FINAL_VISIBLE_GLYPH_VECTOR_BBOX,0,777.9535,774.0,4.0,773.0,PASS,0,PENDING,PENDING_VISUAL_OPEN,,
PAIR_0481,T10,T23,TEXT_PARENT,TEXT_PARENT,TEXT_TEXT,FINAL_VISIBLE_GLYPH_VECTOR_BBOX,0,41.5907,39.0,4.0,18.0,PASS,0,PENDING,PENDING_VISUAL_OPEN,,
PAIR_0482,T10,R01,TEXT_PARENT,MATH_RULE,TEXT_VECTOR,RAW_MASK,0,425.0,424.0,3.0,N/A,PASS,0,PENDING,PENDING_VISUAL_OPEN,,
PAIR_0483,T10,R02,TEXT_PARENT,MATH_RULE,TEXT_VECTOR,RAW_MASK,0,412.1814,411.1814,3.0,N/A,PASS,0,PENDING,PENDING_VISUAL_OPEN,,
PAIR_0484,T10,N01,TEXT_PARENT,NODE_BORDER,TEXT_VECTOR,RAW_MASK,0,271.232,270.232,3.0,N/A,PASS,0,PENDING,PENDING_VISUAL_OPEN,,
PAIR_0485,T10,N02,TEXT_PARENT,NODE_BORDER,TEXT_VECTOR,RAW_MASK,0,194.3938,193.3938,3.0,N/A,PASS,0,PENDING,PENDING_VISUAL_OPEN,,
PAIR_0486,T10,E01,TEXT_PARENT,LINE_ARROW,TEXT_VECTOR,RAW_MASK,0,350.9898,349.9898,3.0,N/A,PASS,0,PENDING,PENDING_VISUAL_OPEN,,
PAIR_0487,T10,E02,TEXT_PARENT,LINE_ARROW,TEXT_VECTOR,RAW_MASK,0,217.7566,216.7566,3.0,N/A,PASS,0,PENDING,PENDING_VISUAL_OPEN,,
PAIR_0488,T10,E03,TEXT_PARENT,LINE_ARROW,TEXT_VECTOR,RAW_MASK,0,285.0,284.0,3.0,N/A,PASS,0,PENDING,PENDING_VISUAL_OPEN,,
PAIR_0489,T10,B01,TEXT_PARENT,NODE_BORDER,TEXT_VECTOR,RAW_MASK,0,322.0,321.0,3.0,N/A,PASS,0,PENDING,PENDING_VISUAL_OPEN,,
PAIR_0490,T10,R03,TEXT_PARENT,MATH_RULE,TEXT_VECTOR,RAW_MASK,0,351.5442,350.5442,3.0,N/A,PASS,0,PENDING,PENDING_VISUAL_OPEN,,
PAIR_0491,T10,E04,TEXT_PARENT,LINE_ARROW,TEXT_VECTOR,RAW_MASK,0,220.0,219.0,3.0,N/A,PASS,0,PENDING,PENDING_VISUAL_OPEN,,
PAIR_0492,T10,R04,TEXT_PARENT,MATH_RULE,TEXT_VECTOR,RAW_MASK,0,178.7411,177.7411,3.0,N/A,PASS,0,PENDING,PENDING_VISUAL_OPEN,,
PAIR_0493,T10,R05,TEXT_PARENT,MATH_RULE,TEXT_VECTOR,RAW_MASK,0,146.31,145.31,3.0,N/A,PASS,0,PENDING,PENDING_VISUAL_OPEN,,
PAIR_0494,T10,H01,TEXT_PARENT,MATH_RULE,TEXT_VECTOR,RAW_MASK,0,89.3163,88.3163,3.0,N/A,PASS,0,PENDING,PENDING_VISUAL_OPEN,,
PAIR_0495,T10,R06,TEXT_PARENT,MATH_RULE,TEXT_VECTOR,RAW_MASK,0,14.9845,13.9845,3.0,N/A,PASS,0,PENDING,PENDING_VISUAL_OPEN,,
PAIR_0496,T10,C01,TEXT_PARENT,NODE_BORDER,TEXT_VECTOR,RAW_MASK,0,21.3876,20.3876,3.0,N/A,PASS,0,PENDING,PENDING_VISUAL_OPEN,,
PAIR_0497,T10,R07,TEXT_PARENT,MATH_RULE,TEXT_VECTOR,RAW_MASK,0,278.6434,277.6434,3.0,N/A,PASS,0,PENDING,PENDING_VISUAL_OPEN,,
PAIR_0498,T10,R08,TEXT_PARENT,MATH_RULE,TEXT_VECTOR,RAW_MASK,0,245.0837,244.0837,3.0,N/A,PASS,0,PENDING,PENDING_VISUAL_OPEN,,
PAIR_0499,T10,R09,TEXT_PARENT,MATH_RULE,TEXT_VECTOR,RAW_MASK,0,445.524,444.524,3.0,N/A,PASS,0,PENDING,PENDING_VISUAL_OPEN,,
PAIR_0500,T10,C02,TEXT_PARENT,LINE_ARROW,TEXT_VECTOR,RAW_MASK,0,99.1659,98.1659,3.0,N/A,PASS,0,PENDING,PENDING_VISUAL_OPEN,,
PAIR_0501,T10,C03,TEXT_PARENT,LINE_ARROW,TEXT_VECTOR,RAW_MASK,0,595.7783,594.7783,3.0,N/A,PASS,0,PENDING,PENDING_VISUAL_OPEN,,
PAIR_0502,T10,R10,TEXT_PARENT,MATH_RULE,TEXT_VECTOR,RAW_MASK,0,1035.8481,1034.8481,3.0,N/A,PASS,0,PENDING,PENDING_VISUAL_OPEN,,
PAIR_0503,T10,R11,TEXT_PARENT,MATH_RULE,TEXT_VECTOR,RAW_MASK,0,1148.014,1147.014,3.0,N/A,PASS,0,PENDING,PENDING_VISUAL_OPEN,,
PAIR_0504,T10,N03,TEXT_PARENT,NODE_BORDER,TEXT_VECTOR,RAW_MASK,0,634.3907,633.3907,3.0,N/A,PASS,0,PENDING,PENDING_VISUAL_OPEN,,
PAIR_0505,T10,N04,TEXT_PARENT,NODE_BORDER,TEXT_VECTOR,RAW_MASK,0,953.3752,952.3752,3.0,N/A,PASS,0,PENDING,PENDING_VISUAL_OPEN,,
PAIR_0506,T10,E05,TEXT_PARENT,LINE_ARROW,TEXT_VECTOR,RAW_MASK,0,542.4683,541.4683,3.0,N/A,PASS,0,PENDING,PENDING_VISUAL_OPEN,,
PAIR_0507,T10,E06,TEXT_PARENT,LINE_ARROW,TEXT_VECTOR,RAW_MASK,0,1069.6031,1068.6031,3.0,N/A,PASS,0,PENDING,PENDING_VISUAL_OPEN,,
PAIR_0508,T10,E07,TEXT_PARENT,LINE_ARROW,TEXT_VECTOR,RAW_MASK,0,750.0853,749.0853,3.0,N/A,PASS,0,PENDING,PENDING_VISUAL_OPEN,,
PAIR_0509,T10,B02,TEXT_PARENT,NODE_BORDER,TEXT_VECTOR,RAW_MASK,0,764.552,763.552,3.0,N/A,PASS,0,PENDING,PENDING_VISUAL_OPEN,,
PAIR_0510,T10,R12,TEXT_PARENT,MATH_RULE,TEXT_VECTOR,RAW_MASK,0,848.49,847.49,3.0,N/A,PASS,0,PENDING,PENDING_VISUAL_OPEN,,
PAIR_0511,T10,E08,TEXT_PARENT,LINE_ARROW,TEXT_VECTOR,RAW_MASK,0,747.028,746.028,3.0,N/A,PASS,0,PENDING,PENDING_VISUAL_OPEN,,
PAIR_0512,T10,R13,TEXT_PARENT,MATH_RULE,TEXT_VECTOR,RAW_MASK,0,814.4264,813.4264,3.0,N/A,PASS,0,PENDING,PENDING_VISUAL_OPEN,,
PAIR_0513,T10,R14,TEXT_PARENT,MATH_RULE,TEXT_VECTOR,RAW_MASK,0,696.0992,695.0992,3.0,N/A,PASS,0,PENDING,PENDING_VISUAL_OPEN,,
PAIR_0514,T10,H02,TEXT_PARENT,MATH_RULE,TEXT_VECTOR,RAW_MASK,0,762.4357,761.4357,3.0,N/A,PASS,0,PENDING,PENDING_VISUAL_OPEN,,
PAIR_0515,T10,R15,TEXT_PARENT,MATH_RULE,TEXT_VECTOR,RAW_MASK,0,905.9845,904.9845,3.0,N/A,PASS,0,PENDING,PENDING_VISUAL_OPEN,,
PAIR_0516,T11,T12,TEXT_PARENT,TEXT_PARENT,TEXT_TEXT,FINAL_VISIBLE_GLYPH_VECTOR_BBOX,0,24.0,16.0,4.0,4.0,PASS,0,PENDING,PENDING_VISUAL_OPEN,,
PAIR_0517,T11,T13,TEXT_PARENT,TEXT_PARENT,TEXT_TEXT,FINAL_VISIBLE_GLYPH_VECTOR_BBOX,0,252.9178,238.4387,4.0,217.8463,PASS,0,PENDING,PENDING_VISUAL_OPEN,,
PAIR_0518,T11,T14,TEXT_PARENT,TEXT_PARENT,TEXT_TEXT,FINAL_VISIBLE_GLYPH_VECTOR_BBOX,0,281.4047,275.0782,4.0,265.6991,PASS,0,PENDING,PENDING_VISUAL_OPEN,,
PAIR_0519,T11,T15,TEXT_PARENT,TEXT_PARENT,TEXT_TEXT,FINAL_VISIBLE_GLYPH_VECTOR_BBOX,0,599.4047,589.2707,4.0,583.7714,PASS,0,PENDING,PENDING_VISUAL_OPEN,,
PAIR_0520,T11,T16,TEXT_PARENT,TEXT_PARENT,TEXT_TEXT,FINAL_VISIBLE_GLYPH_VECTOR_BBOX,0,88.2001,83.4386,4.0,63.0714,PASS,0,PENDING,PENDING_VISUAL_OPEN,,
PAIR_0521,T11,T17,TEXT_PARENT,TEXT_PARENT,TEXT_TEXT,FINAL_VISIBLE_GLYPH_VECTOR_BBOX,0,768.783,756.3048,4.0,751.4852,PASS,0,PENDING,PENDING_VISUAL_OPEN,,
PAIR_0522,T11,T18,TEXT_PARENT,TEXT_PARENT,TEXT_TEXT,FINAL_VISIBLE_GLYPH_VECTOR_BBOX,0,378.8977,377.5142,4.0,365.6036,PASS,0,PENDING,PENDING_VISUAL_OPEN,,
PAIR_0523,T11,T19,TEXT_PARENT,TEXT_PARENT,TEXT_TEXT,FINAL_VISIBLE_GLYPH_VECTOR_BBOX,0,348.5752,346.0,4.0,345.0,PASS,0,PENDING,PENDING_VISUAL_OPEN,,
PAIR_0524,T11,T20,TEXT_PARENT,TEXT_PARENT,TEXT_TEXT,FINAL_VISIBLE_GLYPH_VECTOR_BBOX,0,287.9954,269.0,4.0,268.0,PASS,0,PENDING,PENDING_VISUAL_OPEN,,
PAIR_0525,T11,T21,TEXT_PARENT,TEXT_PARENT,TEXT_TEXT,FINAL_VISIBLE_GLYPH_VECTOR_BBOX,0,244.2011,215.78,4.0,206.8284,PASS,0,PENDING,PENDING_VISUAL_OPEN,,
PAIR_0526,T11,T22,TEXT_PARENT,TEXT_PARENT,TEXT_TEXT,FINAL_VISIBLE_GLYPH_VECTOR_BBOX,0,453.6388,424.2417,4.0,421.3182,PASS,0,PENDING,PENDING_VISUAL_OPEN,,
PAIR_0527,T11,T23,TEXT_PARENT,TEXT_PARENT,TEXT_TEXT,FINAL_VISIBLE_GLYPH_VECTOR_BBOX,0,200.0,198.0,4.0,172.0,PASS,0,PENDING,PENDING_VISUAL_OPEN,,
PAIR_0528,T11,R01,TEXT_PARENT,MATH_RULE,TEXT_VECTOR,RAW_MASK,0,451.055,450.055,3.0,N/A,PASS,0,PENDING,PENDING_VISUAL_OPEN,,
PAIR_0529,T11,R02,TEXT_PARENT,MATH_RULE,TEXT_VECTOR,RAW_MASK,0,366.7556,365.7556,3.0,N/A,PASS,0,PENDING,PENDING_VISUAL_OPEN,,
PAIR_0530,T11,N01,TEXT_PARENT,NODE_BORDER,TEXT_VECTOR,RAW_MASK,0,557.431,556.431,3.0,N/A,PASS,0,PENDING,PENDING_VISUAL_OPEN,,
PAIR_0531,T11,N02,TEXT_PARENT,NODE_BORDER,TEXT_VECTOR,RAW_MASK,0,238.524,237.524,3.0,N/A,PASS,0,PENDING,PENDING_VISUAL_OPEN,,
PAIR_0532,T11,E01,TEXT_PARENT,LINE_ARROW,TEXT_VECTOR,RAW_MASK,0,668.8558,667.8558,3.0,N/A,PASS,0,PENDING,PENDING_VISUAL_OPEN,,
PAIR_0533,T11,E02,TEXT_PARENT,LINE_ARROW,TEXT_VECTOR,RAW_MASK,0,153.4604,152.4604,3.0,N/A,PASS,0,PENDING,PENDING_VISUAL_OPEN,,
PAIR_0534,T11,E03,TEXT_PARENT,LINE_ARROW,TEXT_VECTOR,RAW_MASK,0,360.7318,359.7318,3.0,N/A,PASS,0,PENDING,PENDING_VISUAL_OPEN,,
PAIR_0535,T11,B01,TEXT_PARENT,NODE_BORDER,TEXT_VECTOR,RAW_MASK,0,363.7008,362.7008,3.0,N/A,PASS,0,PENDING,PENDING_VISUAL_OPEN,,
PAIR_0536,T11,R03,TEXT_PARENT,MATH_RULE,TEXT_VECTOR,RAW_MASK,0,453.6388,452.6388,3.0,N/A,PASS,0,PENDING,PENDING_VISUAL_OPEN,,
PAIR_0537,T11,E04,TEXT_PARENT,LINE_ARROW,TEXT_VECTOR,RAW_MASK,0,346.4775,345.4775,3.0,N/A,PASS,0,PENDING,PENDING_VISUAL_OPEN,,
PAIR_0538,T11,R04,TEXT_PARENT,MATH_RULE,TEXT_VECTOR,RAW_MASK,0,419.6791,418.6791,3.0,N/A,PASS,0,PENDING,PENDING_VISUAL_OPEN,,
PAIR_0539,T11,R05,TEXT_PARENT,MATH_RULE,TEXT_VECTOR,RAW_MASK,0,520.9225,519.9225,3.0,N/A,PASS,0,PENDING,PENDING_VISUAL_OPEN,,
PAIR_0540,T11,H01,TEXT_PARENT,MATH_RULE,TEXT_VECTOR,RAW_MASK,0,288.0,287.0,3.0,N/A,PASS,0,PENDING,PENDING_VISUAL_OPEN,,
PAIR_0541,T11,R06,TEXT_PARENT,MATH_RULE,TEXT_VECTOR,RAW_MASK,0,316.0218,315.0218,3.0,N/A,PASS,0,PENDING,PENDING_VISUAL_OPEN,,
PAIR_0542,T11,C01,TEXT_PARENT,NODE_BORDER,TEXT_NODE_BORDER,RAW_MASK,0,25.0,24.0,5.0,N/A,PASS,0,PENDING,PENDING_VISUAL_OPEN,,
PAIR_0543,T11,R07,TEXT_PARENT,MATH_RULE,TEXT_VECTOR,RAW_MASK,0,14.0,13.0,3.0,N/A,PASS,0,PENDING,PENDING_VISUAL_OPEN,,
PAIR_0544,T11,R08,TEXT_PARENT,MATH_RULE,TEXT_VECTOR,RAW_MASK,0,41.5907,40.5907,3.0,N/A,PASS,0,PENDING,PENDING_VISUAL_OPEN,,
PAIR_0545,T11,R09,TEXT_PARENT,MATH_RULE,TEXT_VECTOR,RAW_MASK,0,88.9101,87.9101,3.0,N/A,PASS,0,PENDING,PENDING_VISUAL_OPEN,,
PAIR_0546,T11,C02,TEXT_PARENT,LINE_ARROW,TEXT_VECTOR,RAW_MASK,0,209.7721,208.7721,3.0,N/A,PASS,0,PENDING,PENDING_VISUAL_OPEN,,
PAIR_0547,T11,C03,TEXT_PARENT,LINE_ARROW,TEXT_VECTOR,RAW_MASK,0,216.6171,215.6171,3.0,N/A,PASS,0,PENDING,PENDING_VISUAL_OPEN,,
PAIR_0548,T11,R10,TEXT_PARENT,MATH_RULE,TEXT_VECTOR,RAW_MASK,0,632.8621,631.8621,3.0,N/A,PASS,0,PENDING,PENDING_VISUAL_OPEN,,
PAIR_0549,T11,R11,TEXT_PARENT,MATH_RULE,TEXT_VECTOR,RAW_MASK,0,745.028,744.028,3.0,N/A,PASS,0,PENDING,PENDING_VISUAL_OPEN,,
PAIR_0550,T11,N03,TEXT_PARENT,NODE_BORDER,TEXT_VECTOR,RAW_MASK,0,231.4047,230.4047,3.0,N/A,PASS,0,PENDING,PENDING_VISUAL_OPEN,,
PAIR_0551,T11,N04,TEXT_PARENT,NODE_BORDER,TEXT_VECTOR,RAW_MASK,0,550.3892,549.3892,3.0,N/A,PASS,0,PENDING,PENDING_VISUAL_OPEN,,
PAIR_0552,T11,E05,TEXT_PARENT,LINE_ARROW,TEXT_VECTOR,RAW_MASK,0,140.6232,139.6232,3.0,N/A,PASS,0,PENDING,PENDING_VISUAL_OPEN,,
PAIR_0553,T11,E06,TEXT_PARENT,LINE_ARROW,TEXT_VECTOR,RAW_MASK,0,666.6171,665.6171,3.0,N/A,PASS,0,PENDING,PENDING_VISUAL_OPEN,,
PAIR_0554,T11,E07,TEXT_PARENT,LINE_ARROW,TEXT_VECTOR,RAW_MASK,0,347.0992,346.0992,3.0,N/A,PASS,0,PENDING,PENDING_VISUAL_OPEN,,
PAIR_0555,T11,B02,TEXT_PARENT,NODE_BORDER,TEXT_VECTOR,RAW_MASK,0,361.5659,360.5659,3.0,N/A,PASS,0,PENDING,PENDING_VISUAL_OPEN,,
PAIR_0556,T11,R12,TEXT_PARENT,MATH_RULE,TEXT_VECTOR,RAW_MASK,0,445.5039,444.5039,3.0,N/A,PASS,0,PENDING,PENDING_VISUAL_OPEN,,
PAIR_0557,T11,E08,TEXT_PARENT,LINE_ARROW,TEXT_VECTOR,RAW_MASK,0,344.0419,343.0419,3.0,N/A,PASS,0,PENDING,PENDING_VISUAL_OPEN,,
PAIR_0558,T11,R13,TEXT_PARENT,MATH_RULE,TEXT_VECTOR,RAW_MASK,0,415.5752,414.5752,3.0,N/A,PASS,0,PENDING,PENDING_VISUAL_OPEN,,
PAIR_0559,T11,R14,TEXT_PARENT,MATH_RULE,TEXT_VECTOR,RAW_MASK,0,326.9799,325.9799,3.0,N/A,PASS,0,PENDING,PENDING_VISUAL_OPEN,,
PAIR_0560,T11,H02,TEXT_PARENT,MATH_RULE,TEXT_VECTOR,RAW_MASK,0,404.1458,403.1458,3.0,N/A,PASS,0,PENDING,PENDING_VISUAL_OPEN,,
PAIR_0561,T11,R15,TEXT_PARENT,MATH_RULE,TEXT_VECTOR,RAW_MASK,0,575.4574,574.4574,3.0,N/A,PASS,0,PENDING,PENDING_VISUAL_OPEN,,
PAIR_0562,T12,T13,TEXT_PARENT,TEXT_PARENT,TEXT_TEXT,FINAL_VISIBLE_GLYPH_VECTOR_BBOX,0,311.0,291.0,4.0,291.0,PASS,0,PENDING,PENDING_VISUAL_OPEN,,
PAIR_0563,T12,T14,TEXT_PARENT,TEXT_PARENT,TEXT_TEXT,FINAL_VISIBLE_GLYPH_VECTOR_BBOX,0,189.4509,167.8869,4.0,156.8471,PASS,0,PENDING,PENDING_VISUAL_OPEN,,
PAIR_0564,T12,T15,TEXT_PARENT,TEXT_PARENT,TEXT_TEXT,FINAL_VISIBLE_GLYPH_VECTOR_BBOX,0,455.1101,442.8205,4.0,436.8066,PASS,0,PENDING,PENDING_VISUAL_OPEN,,
PAIR_0565,T12,T16,TEXT_PARENT,TEXT_PARENT,TEXT_TEXT,FINAL_VISIBLE_GLYPH_VECTOR_BBOX,0,138.9535,128.0,4.0,117.0,PASS,0,PENDING,PENDING_VISUAL_OPEN,,
PAIR_0566,T12,T17,TEXT_PARENT,TEXT_PARENT,TEXT_TEXT,FINAL_VISIBLE_GLYPH_VECTOR_BBOX,0,624.4884,604.7024,4.0,599.5273,PASS,0,PENDING,PENDING_VISUAL_OPEN,,
PAIR_0567,T12,T18,TEXT_PARENT,TEXT_PARENT,TEXT_TEXT,FINAL_VISIBLE_GLYPH_VECTOR_BBOX,0,315.3854,286.1625,4.0,278.6485,PASS,0,PENDING,PENDING_VISUAL_OPEN,,
PAIR_0568,T12,T19,TEXT_PARENT,TEXT_PARENT,TEXT_TEXT,FINAL_VISIBLE_GLYPH_VECTOR_BBOX,0,200.5396,188.9391,4.0,185.9247,PASS,0,PENDING,PENDING_VISUAL_OPEN,,
PAIR_0569,T12,T20,TEXT_PARENT,TEXT_PARENT,TEXT_TEXT,FINAL_VISIBLE_GLYPH_VECTOR_BBOX,0,107.5907,106.0,4.0,105.0,PASS,0,PENDING,PENDING_VISUAL_OPEN,,
PAIR_0570,T12,T21,TEXT_PARENT,TEXT_PARENT,TEXT_TEXT,FINAL_VISIBLE_GLYPH_VECTOR_BBOX,0,61.3194,49.0408,4.0,48.0833,PASS,0,PENDING,PENDING_VISUAL_OPEN,,
PAIR_0571,T12,T22,TEXT_PARENT,TEXT_PARENT,TEXT_TEXT,FINAL_VISIBLE_GLYPH_VECTOR_BBOX,0,267.493,249.6097,4.0,249.6097,PASS,0,PENDING,PENDING_VISUAL_OPEN,,
PAIR_0572,T12,T23,TEXT_PARENT,TEXT_PARENT,TEXT_TEXT,FINAL_VISIBLE_GLYPH_VECTOR_BBOX,0,127.3938,125.0,4.0,111.0,PASS,0,PENDING,PENDING_VISUAL_OPEN,,
PAIR_0573,T12,R01,TEXT_PARENT,MATH_RULE,TEXT_VECTOR,RAW_MASK,0,370.0924,369.0924,3.0,N/A,PASS,0,PENDING,PENDING_VISUAL_OPEN,,
PAIR_0574,T12,R02,TEXT_PARENT,MATH_RULE,TEXT_VECTOR,RAW_MASK,0,326.4465,325.4465,3.0,N/A,PASS,0,PENDING,PENDING_VISUAL_OPEN,,
PAIR_0575,T12,N01,TEXT_PARENT,NODE_BORDER,TEXT_VECTOR,RAW_MASK,0,403.1256,402.1256,3.0,N/A,PASS,0,PENDING,PENDING_VISUAL_OPEN,,
PAIR_0576,T12,N02,TEXT_PARENT,NODE_BORDER,TEXT_VECTOR,RAW_MASK,0,127.7442,126.7442,3.0,N/A,PASS,0,PENDING,PENDING_VISUAL_OPEN,,
PAIR_0577,T12,E01,TEXT_PARENT,LINE_ARROW,TEXT_VECTOR,RAW_MASK,0,514.5504,513.5504,3.0,N/A,PASS,0,PENDING,PENDING_VISUAL_OPEN,,
PAIR_0578,T12,E02,TEXT_PARENT,LINE_ARROW,TEXT_VECTOR,RAW_MASK,0,119.0,118.0,3.0,N/A,PASS,0,PENDING,PENDING_VISUAL_OPEN,,
PAIR_0579,T12,E03,TEXT_PARENT,LINE_ARROW,TEXT_VECTOR,RAW_MASK,0,241.1872,240.1872,3.0,N/A,PASS,0,PENDING,PENDING_VISUAL_OPEN,,
PAIR_0580,T12,B01,TEXT_PARENT,NODE_BORDER,TEXT_VECTOR,RAW_MASK,0,267.894,266.894,3.0,N/A,PASS,0,PENDING,PENDING_VISUAL_OPEN,,
PAIR_0581,T12,R03,TEXT_PARENT,MATH_RULE,TEXT_VECTOR,RAW_MASK,0,341.9216,340.9216,3.0,N/A,PASS,0,PENDING,PENDING_VISUAL_OPEN,,
PAIR_0582,T12,E04,TEXT_PARENT,LINE_ARROW,TEXT_VECTOR,RAW_MASK,0,208.857,207.857,3.0,N/A,PASS,0,PENDING,PENDING_VISUAL_OPEN,,
PAIR_0583,T12,R04,TEXT_PARENT,MATH_RULE,TEXT_VECTOR,RAW_MASK,0,265.3737,264.3737,3.0,N/A,PASS,0,PENDING,PENDING_VISUAL_OPEN,,
PAIR_0584,T12,R05,TEXT_PARENT,MATH_RULE,TEXT_VECTOR,RAW_MASK,0,356.1814,355.1814,3.0,N/A,PASS,0,PENDING,PENDING_VISUAL_OPEN,,
PAIR_0585,T12,H01,TEXT_PARENT,MATH_RULE,TEXT_VECTOR,RAW_MASK,0,127.0,126.0,3.0,N/A,PASS,0,PENDING,PENDING_VISUAL_OPEN,,
PAIR_0586,T12,R06,TEXT_PARENT,MATH_RULE,TEXT_VECTOR,RAW_MASK,0,151.4047,150.4047,3.0,N/A,PASS,0,PENDING,PENDING_VISUAL_OPEN,,
PAIR_0587,T12,C01,TEXT_PARENT,NODE_BORDER,TEXT_NODE_BORDER,RAW_MASK,0,25.0,24.0,5.0,N/A,PASS,0,PENDING,PENDING_VISUAL_OPEN,,
PAIR_0588,T12,R07,TEXT_PARENT,MATH_RULE,TEXT_VECTOR,RAW_MASK,0,25.9752,24.9752,3.0,N/A,PASS,0,PENDING,PENDING_VISUAL_OPEN,,
PAIR_0589,T12,R08,TEXT_PARENT,MATH_RULE,TEXT_VECTOR,RAW_MASK,0,18.1814,17.1814,3.0,N/A,PASS,0,PENDING,PENDING_VISUAL_OPEN,,
PAIR_0590,T12,R09,TEXT_PARENT,MATH_RULE,TEXT_VECTOR,RAW_MASK,0,14.0,13.0,3.0,N/A,PASS,0,PENDING,PENDING_VISUAL_OPEN,,
PAIR_0591,T12,C02,TEXT_PARENT,LINE_ARROW,TEXT_VECTOR,RAW_MASK,0,51.1349,50.1349,3.0,N/A,PASS,0,PENDING,PENDING_VISUAL_OPEN,,
PAIR_0592,T12,C03,TEXT_PARENT,LINE_ARROW,TEXT_VECTOR,RAW_MASK,0,53.3721,52.3721,3.0,N/A,PASS,0,PENDING,PENDING_VISUAL_OPEN,,
PAIR_0593,T12,R10,TEXT_PARENT,MATH_RULE,TEXT_VECTOR,RAW_MASK,0,537.9195,536.9195,3.0,N/A,PASS,0,PENDING,PENDING_VISUAL_OPEN,,
PAIR_0594,T12,R11,TEXT_PARENT,MATH_RULE,TEXT_VECTOR,RAW_MASK,0,632.2131,631.2131,3.0,N/A,PASS,0,PENDING,PENDING_VISUAL_OPEN,,
PAIR_0595,T12,N03,TEXT_PARENT,NODE_BORDER,TEXT_VECTOR,RAW_MASK,0,145.4697,144.4697,3.0,N/A,PASS,0,PENDING,PENDING_VISUAL_OPEN,,
PAIR_0596,T12,N04,TEXT_PARENT,NODE_BORDER,TEXT_VECTOR,RAW_MASK,0,406.0946,405.0946,3.0,N/A,PASS,0,PENDING,PENDING_VISUAL_OPEN,,
PAIR_0597,T12,E05,TEXT_PARENT,LINE_ARROW,TEXT_VECTOR,RAW_MASK,0,132.3473,131.3473,3.0,N/A,PASS,0,PENDING,PENDING_VISUAL_OPEN,,
PAIR_0598,T12,E06,TEXT_PARENT,LINE_ARROW,TEXT_VECTOR,RAW_MASK,0,522.3225,521.3225,3.0,N/A,PASS,0,PENDING,PENDING_VISUAL_OPEN,,
PAIR_0599,T12,E07,TEXT_PARENT,LINE_ARROW,TEXT_VECTOR,RAW_MASK,0,251.7406,250.7406,3.0,N/A,PASS,0,PENDING,PENDING_VISUAL_OPEN,,
PAIR_0600,T12,B02,TEXT_PARENT,NODE_BORDER,TEXT_VECTOR,RAW_MASK,0,288.635,287.635,3.0,N/A,PASS,0,PENDING,PENDING_VISUAL_OPEN,,
PAIR_0601,T12,R12,TEXT_PARENT,MATH_RULE,TEXT_VECTOR,RAW_MASK,0,354.1991,353.1991,3.0,N/A,PASS,0,PENDING,PENDING_VISUAL_OPEN,,
PAIR_0602,T12,E08,TEXT_PARENT,LINE_ARROW,TEXT_VECTOR,RAW_MASK,0,224.3221,223.3221,3.0,N/A,PASS,0,PENDING,PENDING_VISUAL_OPEN,,
PAIR_0603,T12,R13,TEXT_PARENT,MATH_RULE,TEXT_VECTOR,RAW_MASK,0,267.1458,266.1458,3.0,N/A,PASS,0,PENDING,PENDING_VISUAL_OPEN,,
PAIR_0604,T12,R14,TEXT_PARENT,MATH_RULE,TEXT_VECTOR,RAW_MASK,0,150.9845,149.9845,3.0,N/A,PASS,0,PENDING,PENDING_VISUAL_OPEN,,
PAIR_0605,T12,H02,TEXT_PARENT,MATH_RULE,TEXT_VECTOR,RAW_MASK,0,225.0,224.0,3.0,N/A,PASS,0,PENDING,PENDING_VISUAL_OPEN,,
PAIR_0606,T12,R15,TEXT_PARENT,MATH_RULE,TEXT_VECTOR,RAW_MASK,0,390.4047,389.4047,3.0,N/A,PASS,0,PENDING,PENDING_VISUAL_OPEN,,
PAIR_0607,T13,T14,TEXT_PARENT,TEXT_PARENT,TEXT_TEXT,FINAL_VISIBLE_GLYPH_VECTOR_BBOX,0,147.969,133.0,4.0,127.0,PASS,0,PENDING,PENDING_VISUAL_OPEN,,
PAIR_0608,T13,T15,TEXT_PARENT,TEXT_PARENT,TEXT_TEXT,FINAL_VISIBLE_GLYPH_VECTOR_BBOX,0,141.4667,132.0,4.0,127.0,PASS,0,PENDING,PENDING_VISUAL_OPEN,,
PAIR_0609,T13,T16,TEXT_PARENT,TEXT_PARENT,TEXT_TEXT,FINAL_VISIBLE_GLYPH_VECTOR_BBOX,0,144.0,131.0,4.0,125.0,PASS,0,PENDING,PENDING_VISUAL_OPEN,,
PAIR_0610,T13,T17,TEXT_PARENT,TEXT_PARENT,TEXT_TEXT,FINAL_VISIBLE_GLYPH_VECTOR_BBOX,0,138.9845,131.0,4.0,125.0,PASS,0,PENDING,PENDING_VISUAL_OPEN,,
PAIR_0611,T13,T18,TEXT_PARENT,TEXT_PARENT,TEXT_TEXT,FINAL_VISIBLE_GLYPH_VECTOR_BBOX,0,36.7876,29.0,4.0,24.0,PASS,0,PENDING,PENDING_VISUAL_OPEN,,
PAIR_0612,T13,T19,TEXT_PARENT,TEXT_PARENT,TEXT_TEXT,FINAL_VISIBLE_GLYPH_VECTOR_BBOX,0,209.7876,202.0,4.0,197.0,PASS,0,PENDING,PENDING_VISUAL_OPEN,,
PAIR_0613,T13,T20,TEXT_PARENT,TEXT_PARENT,TEXT_TEXT,FINAL_VISIBLE_GLYPH_VECTOR_BBOX,0,258.8915,251.0,4.0,252.0,PASS,0,PENDING,PENDING_VISUAL_OPEN,,
PAIR_0614,T13,T21,TEXT_PARENT,TEXT_PARENT,TEXT_TEXT,FINAL_VISIBLE_GLYPH_VECTOR_BBOX,0,403.9535,394.0,4.0,394.0,PASS,0,PENDING,PENDING_VISUAL_OPEN,,
PAIR_0615,T13,T22,TEXT_PARENT,TEXT_PARENT,TEXT_TEXT,FINAL_VISIBLE_GLYPH_VECTOR_BBOX,0,391.6946,384.0,4.0,384.0,PASS,0,PENDING,PENDING_VISUAL_OPEN,,
PAIR_0616,T13,T23,TEXT_PARENT,TEXT_PARENT,TEXT_TEXT,FINAL_VISIBLE_GLYPH_VECTOR_BBOX,0,475.0,473.0,4.0,459.0,PASS,0,PENDING,PENDING_VISUAL_OPEN,,
PAIR_0617,T13,R01,TEXT_PARENT,MATH_RULE,TEXT_VECTOR,RAW_MASK,0,612.0,611.0,3.0,N/A,PASS,0,PENDING,PENDING_VISUAL_OPEN,,
PAIR_0618,T13,R02,TEXT_PARENT,MATH_RULE,TEXT_VECTOR,RAW_MASK,0,493.5907,492.5907,3.0,N/A,PASS,0,PENDING,PENDING_VISUAL_OPEN,,
PAIR_0619,T13,N01,TEXT_PARENT,NODE_BORDER,TEXT_VECTOR,RAW_MASK,0,812.3225,811.3225,3.0,N/A,PASS,0,PENDING,PENDING_VISUAL_OPEN,,
PAIR_0620,T13,N02,TEXT_PARENT,NODE_BORDER,TEXT_VECTOR,RAW_MASK,0,493.3225,492.3225,3.0,N/A,PASS,0,PENDING,PENDING_VISUAL_OPEN,,
PAIR_0621,T13,E01,TEXT_PARENT,LINE_ARROW,TEXT_VECTOR,RAW_MASK,0,928.5504,927.5504,3.0,N/A,PASS,0,PENDING,PENDING_VISUAL_OPEN,,
PAIR_0622,T13,E02,TEXT_PARENT,LINE_ARROW,TEXT_VECTOR,RAW_MASK,0,400.3225,399.3225,3.0,N/A,PASS,0,PENDING,PENDING_VISUAL_OPEN,,
PAIR_0623,T13,E03,TEXT_PARENT,LINE_ARROW,TEXT_VECTOR,RAW_MASK,0,605.9752,604.9752,3.0,N/A,PASS,0,PENDING,PENDING_VISUAL_OPEN,,
PAIR_0624,T13,B01,TEXT_PARENT,NODE_BORDER,TEXT_VECTOR,RAW_MASK,0,580.6946,579.6946,3.0,N/A,PASS,0,PENDING,PENDING_VISUAL_OPEN,,
PAIR_0625,T13,R03,TEXT_PARENT,MATH_RULE,TEXT_VECTOR,RAW_MASK,0,670.0419,669.0419,3.0,N/A,PASS,0,PENDING,PENDING_VISUAL_OPEN,,
PAIR_0626,T13,E04,TEXT_PARENT,LINE_ARROW,TEXT_VECTOR,RAW_MASK,0,610.0326,609.0326,3.0,N/A,PASS,0,PENDING,PENDING_VISUAL_OPEN,,
PAIR_0627,T13,R04,TEXT_PARENT,MATH_RULE,TEXT_VECTOR,RAW_MASK,0,703.9086,702.9086,3.0,N/A,PASS,0,PENDING,PENDING_VISUAL_OPEN,,
PAIR_0628,T13,R05,TEXT_PARENT,MATH_RULE,TEXT_VECTOR,RAW_MASK,0,826.0234,825.0234,3.0,N/A,PASS,0,PENDING,PENDING_VISUAL_OPEN,,
PAIR_0629,T13,H01,TEXT_PARENT,MATH_RULE,TEXT_VECTOR,RAW_MASK,0,589.3722,588.3722,3.0,N/A,PASS,0,PENDING,PENDING_VISUAL_OPEN,,
PAIR_0630,T13,R06,TEXT_PARENT,MATH_RULE,TEXT_VECTOR,RAW_MASK,0,678.586,677.586,3.0,N/A,PASS,0,PENDING,PENDING_VISUAL_OPEN,,
PAIR_0631,T13,C01,TEXT_PARENT,NODE_BORDER,TEXT_VECTOR,RAW_MASK,0,207.0,206.0,3.0,N/A,PASS,0,PENDING,PENDING_VISUAL_OPEN,,
PAIR_0632,T13,R07,TEXT_PARENT,MATH_RULE,TEXT_VECTOR,RAW_MASK,0,307.9112,306.9112,3.0,N/A,PASS,0,PENDING,PENDING_VISUAL_OPEN,,
PAIR_0633,T13,R08,TEXT_PARENT,MATH_RULE,TEXT_VECTOR,RAW_MASK,0,373.3657,372.3657,3.0,N/A,PASS,0,PENDING,PENDING_VISUAL_OPEN,,
PAIR_0634,T13,R09,TEXT_PARENT,MATH_RULE,TEXT_VECTOR,RAW_MASK,0,316.0,315.0,3.0,N/A,PASS,0,PENDING,PENDING_VISUAL_OPEN,,
PAIR_0635,T13,C02,TEXT_PARENT,LINE_ARROW,TEXT_VECTOR,RAW_MASK,0,543.4969,542.4969,3.0,N/A,PASS,0,PENDING,PENDING_VISUAL_OPEN,,
PAIR_0636,T13,C03,TEXT_PARENT,LINE_ARROW,TEXT_VECTOR,RAW_MASK,0,292.0,291.0,3.0,N/A,PASS,0,PENDING,PENDING_VISUAL_OPEN,,
PAIR_0637,T13,R10,TEXT_PARENT,MATH_RULE,TEXT_VECTOR,RAW_MASK,0,12.0,11.0,3.0,N/A,PASS,0,PENDING,PENDING_VISUAL_OPEN,05_pairs/critical/PAIR_0637_1x.png,05_pairs/critical/PAIR_0637_8x.png
PAIR_0638,T13,R11,TEXT_PARENT,MATH_RULE,TEXT_VECTOR,RAW_MASK,0,15.1814,14.1814,3.0,N/A,PASS,0,PENDING,PENDING_VISUAL_OPEN,,
PAIR_0639,T13,N03,TEXT_PARENT,NODE_BORDER,TEXT_VECTOR,RAW_MASK,0,101.5907,100.5907,3.0,N/A,PASS,0,PENDING,PENDING_VISUAL_OPEN,,
PAIR_0640,T13,N04,TEXT_PARENT,NODE_BORDER,TEXT_VECTOR,RAW_MASK,0,95.6946,94.6946,3.0,N/A,PASS,0,PENDING,PENDING_VISUAL_OPEN,,
PAIR_0641,T13,E05,TEXT_PARENT,LINE_ARROW,TEXT_VECTOR,RAW_MASK,0,130.9845,129.9845,3.0,N/A,PASS,0,PENDING,PENDING_VISUAL_OPEN,,
PAIR_0642,T13,E06,TEXT_PARENT,LINE_ARROW,TEXT_VECTOR,RAW_MASK,0,133.5907,132.5907,3.0,N/A,PASS,0,PENDING,PENDING_VISUAL_OPEN,,
PAIR_0643,T13,E07,TEXT_PARENT,LINE_ARROW,TEXT_VECTOR,RAW_MASK,0,112.3163,111.3163,3.0,N/A,PASS,0,PENDING,PENDING_VISUAL_OPEN,,
PAIR_0644,T13,B02,TEXT_PARENT,NODE_BORDER,TEXT_VECTOR,RAW_MASK,0,20.0,19.0,3.0,N/A,PASS,0,PENDING,PENDING_VISUAL_OPEN,,
PAIR_0645,T13,R12,TEXT_PARENT,MATH_RULE,TEXT_VECTOR,RAW_MASK,0,50.0,49.0,3.0,N/A,PASS,0,PENDING,PENDING_VISUAL_OPEN,,
PAIR_0646,T13,E08,TEXT_PARENT,LINE_ARROW,TEXT_VECTOR,RAW_MASK,0,168.5752,167.5752,3.0,N/A,PASS,0,PENDING,PENDING_VISUAL_OPEN,,
PAIR_0647,T13,R13,TEXT_PARENT,MATH_RULE,TEXT_VECTOR,RAW_MASK,0,223.0,222.0,3.0,N/A,PASS,0,PENDING,PENDING_VISUAL_OPEN,,
PAIR_0648,T13,R14,TEXT_PARENT,MATH_RULE,TEXT_VECTOR,RAW_MASK,0,302.0,301.0,3.0,N/A,PASS,0,PENDING,PENDING_VISUAL_OPEN,,
PAIR_0649,T13,H02,TEXT_PARENT,MATH_RULE,TEXT_VECTOR,RAW_MASK,0,321.6791,320.6791,3.0,N/A,PASS,0,PENDING,PENDING_VISUAL_OPEN,,
PAIR_0650,T13,R15,TEXT_PARENT,MATH_RULE,TEXT_VECTOR,RAW_MASK,0,401.0,400.0,3.0,N/A,PASS,0,PENDING,PENDING_VISUAL_OPEN,,
PAIR_0651,T14,T15,TEXT_PARENT,TEXT_PARENT,TEXT_TEXT,FINAL_VISIBLE_GLYPH_VECTOR_BBOX,0,303.0,302.0,4.0,297.0,PASS,0,PENDING,PENDING_VISUAL_OPEN,,
PAIR_0652,T14,T16,TEXT_PARENT,TEXT_PARENT,TEXT_TEXT,FINAL_VISIBLE_GLYPH_VECTOR_BBOX,0,152.3938,151.0,4.0,147.0,PASS,0,PENDING,PENDING_VISUAL_OPEN,,
PAIR_0653,T14,T17,TEXT_PARENT,TEXT_PARENT,TEXT_TEXT,FINAL_VISIBLE_GLYPH_VECTOR_BBOX,0,472.1814,470.0,4.0,465.0,PASS,0,PENDING,PENDING_VISUAL_OPEN,,
PAIR_0654,T14,T18,TEXT_PARENT,TEXT_PARENT,TEXT_TEXT,FINAL_VISIBLE_GLYPH_VECTOR_BBOX,0,99.7877,87.6812,4.0,75.4321,PASS,0,PENDING,PENDING_VISUAL_OPEN,,
PAIR_0655,T14,T19,TEXT_PARENT,TEXT_PARENT,TEXT_TEXT,FINAL_VISIBLE_GLYPH_VECTOR_BBOX,0,80.9194,74.8866,4.0,64.4748,PASS,0,PENDING,PENDING_VISUAL_OPEN,,
PAIR_0656,T14,T20,TEXT_PARENT,TEXT_PARENT,TEXT_TEXT,FINAL_VISIBLE_GLYPH_VECTOR_BBOX,0,125.7846,91.0,4.0,81.0,PASS,0,PENDING,PENDING_VISUAL_OPEN,,
PAIR_0657,T14,T21,TEXT_PARENT,TEXT_PARENT,TEXT_TEXT,FINAL_VISIBLE_GLYPH_VECTOR_BBOX,0,235.0,234.0,4.0,223.0,PASS,0,PENDING,PENDING_VISUAL_OPEN,,
PAIR_0658,T14,T22,TEXT_PARENT,TEXT_PARENT,TEXT_TEXT,FINAL_VISIBLE_GLYPH_VECTOR_BBOX,0,277.6495,257.0058,4.0,246.465,PASS,0,PENDING,PENDING_VISUAL_OPEN,,
PAIR_0659,T14,T23,TEXT_PARENT,TEXT_PARENT,TEXT_TEXT,FINAL_VISIBLE_GLYPH_VECTOR_BBOX,0,321.3783,313.0,4.0,288.0,PASS,0,PENDING,PENDING_VISUAL_OPEN,,
PAIR_0660,T14,R01,TEXT_PARENT,MATH_RULE,TEXT_VECTOR,RAW_MASK,0,821.7318,820.7318,3.0,N/A,PASS,0,PENDING,PENDING_VISUAL_OPEN,,
PAIR_0661,T14,R02,TEXT_PARENT,MATH_RULE,TEXT_VECTOR,RAW_MASK,0,706.0946,705.0946,3.0,N/A,PASS,0,PENDING,PENDING_VISUAL_OPEN,,
PAIR_0662,T14,N01,TEXT_PARENT,NODE_BORDER,TEXT_VECTOR,RAW_MASK,0,962.3938,961.3938,3.0,N/A,PASS,0,PENDING,PENDING_VISUAL_OPEN,,
PAIR_0663,T14,N02,TEXT_PARENT,NODE_BORDER,TEXT_VECTOR,RAW_MASK,0,643.3938,642.3938,3.0,N/A,PASS,0,PENDING,PENDING_VISUAL_OPEN,,
PAIR_0664,T14,E01,TEXT_PARENT,LINE_ARROW,TEXT_VECTOR,RAW_MASK,0,1075.1969,1074.1969,3.0,N/A,PASS,0,PENDING,PENDING_VISUAL_OPEN,,
PAIR_0665,T14,E02,TEXT_PARENT,LINE_ARROW,TEXT_VECTOR,RAW_MASK,0,550.3938,549.3938,3.0,N/A,PASS,0,PENDING,PENDING_VISUAL_OPEN,,
PAIR_0666,T14,E03,TEXT_PARENT,LINE_ARROW,TEXT_VECTOR,RAW_MASK,0,761.5597,760.5597,3.0,N/A,PASS,0,PENDING,PENDING_VISUAL_OPEN,,
PAIR_0667,T14,B01,TEXT_PARENT,NODE_BORDER,TEXT_VECTOR,RAW_MASK,0,764.4357,763.4357,3.0,N/A,PASS,0,PENDING,PENDING_VISUAL_OPEN,,
PAIR_0668,T14,R03,TEXT_PARENT,MATH_RULE,TEXT_VECTOR,RAW_MASK,0,854.3737,853.3737,3.0,N/A,PASS,0,PENDING,PENDING_VISUAL_OPEN,,
PAIR_0669,T14,E04,TEXT_PARENT,LINE_ARROW,TEXT_VECTOR,RAW_MASK,0,755.5752,754.5752,3.0,N/A,PASS,0,PENDING,PENDING_VISUAL_OPEN,,
PAIR_0670,T14,R04,TEXT_PARENT,MATH_RULE,TEXT_VECTOR,RAW_MASK,0,849.4512,848.4512,3.0,N/A,PASS,0,PENDING,PENDING_VISUAL_OPEN,,
PAIR_0671,T14,R05,TEXT_PARENT,MATH_RULE,TEXT_VECTOR,RAW_MASK,0,971.5659,970.5659,3.0,N/A,PASS,0,PENDING,PENDING_VISUAL_OPEN,,
PAIR_0672,T14,H01,TEXT_PARENT,MATH_RULE,TEXT_VECTOR,RAW_MASK,0,734.5085,733.5085,3.0,N/A,PASS,0,PENDING,PENDING_VISUAL_OPEN,,
PAIR_0673,T14,R06,TEXT_PARENT,MATH_RULE,TEXT_VECTOR,RAW_MASK,0,766.6652,765.6652,3.0,N/A,PASS,0,PENDING,PENDING_VISUAL_OPEN,,
PAIR_0674,T14,C01,TEXT_PARENT,NODE_BORDER,TEXT_VECTOR,RAW_MASK,0,74.5225,73.5225,3.0,N/A,PASS,0,PENDING,PENDING_VISUAL_OPEN,,
PAIR_0675,T14,R07,TEXT_PARENT,MATH_RULE,TEXT_VECTOR,RAW_MASK,0,362.3271,361.3271,3.0,N/A,PASS,0,PENDING,PENDING_VISUAL_OPEN,,
PAIR_0676,T14,R08,TEXT_PARENT,MATH_RULE,TEXT_VECTOR,RAW_MASK,0,393.1101,392.1101,3.0,N/A,PASS,0,PENDING,PENDING_VISUAL_OPEN,,
PAIR_0677,T14,R09,TEXT_PARENT,MATH_RULE,TEXT_VECTOR,RAW_MASK,0,220.7252,219.7252,3.0,N/A,PASS,0,PENDING,PENDING_VISUAL_OPEN,,
PAIR_0678,T14,C02,TEXT_PARENT,LINE_ARROW,TEXT_VECTOR,RAW_MASK,0,660.4155,659.4155,3.0,N/A,PASS,0,PENDING,PENDING_VISUAL_OPEN,,
PAIR_0679,T14,C03,TEXT_PARENT,LINE_ARROW,TEXT_VECTOR,RAW_MASK,0,123.4822,122.4822,3.0,N/A,PASS,0,PENDING,PENDING_VISUAL_OPEN,,
PAIR_0680,T14,R10,TEXT_PARENT,MATH_RULE,TEXT_VECTOR,RAW_MASK,0,337.338,336.338,3.0,N/A,PASS,0,PENDING,PENDING_VISUAL_OPEN,,
PAIR_0681,T14,R11,TEXT_PARENT,MATH_RULE,TEXT_VECTOR,RAW_MASK,0,448.4264,447.4264,3.0,N/A,PASS,0,PENDING,PENDING_VISUAL_OPEN,,
PAIR_0682,T14,N03,TEXT_PARENT,NODE_BORDER,TEXT_NODE_BORDER,RAW_MASK,0,39.3473,38.3473,5.0,N/A,PASS,0,PENDING,PENDING_VISUAL_OPEN,,
PAIR_0683,T14,N04,TEXT_PARENT,NODE_BORDER,TEXT_VECTOR,RAW_MASK,0,253.7876,252.7876,3.0,N/A,PASS,0,PENDING,PENDING_VISUAL_OPEN,,
PAIR_0684,T14,E05,TEXT_PARENT,LINE_ARROW,TEXT_VECTOR,RAW_MASK,0,48.1969,47.1969,3.0,N/A,PASS,0,PENDING,PENDING_VISUAL_OPEN,,
PAIR_0685,T14,E06,TEXT_PARENT,LINE_ARROW,TEXT_VECTOR,RAW_MASK,0,371.3163,370.3163,3.0,N/A,PASS,0,PENDING,PENDING_VISUAL_OPEN,,
PAIR_0686,T14,E07,TEXT_PARENT,LINE_ARROW,TEXT_VECTOR,RAW_MASK,0,51.5752,50.5752,3.0,N/A,PASS,0,PENDING,PENDING_VISUAL_OPEN,,
PAIR_0687,T14,B02,TEXT_PARENT,NODE_BORDER,TEXT_VECTOR,RAW_MASK,0,74.9752,73.9752,3.0,N/A,PASS,0,PENDING,PENDING_VISUAL_OPEN,,
PAIR_0688,T14,R12,TEXT_PARENT,MATH_RULE,TEXT_VECTOR,RAW_MASK,0,151.1984,150.1984,3.0,N/A,PASS,0,PENDING,PENDING_VISUAL_OPEN,,
PAIR_0689,T14,E08,TEXT_PARENT,LINE_ARROW,TEXT_VECTOR,RAW_MASK,0,51.969,50.969,3.0,N/A,PASS,0,PENDING,PENDING_VISUAL_OPEN,,
PAIR_0690,T14,R13,TEXT_PARENT,MATH_RULE,TEXT_VECTOR,RAW_MASK,0,139.4512,138.4512,3.0,N/A,PASS,0,PENDING,PENDING_VISUAL_OPEN,,
PAIR_0691,T14,R14,TEXT_PARENT,MATH_RULE,TEXT_VECTOR,RAW_MASK,0,141.907,140.907,3.0,N/A,PASS,0,PENDING,PENDING_VISUAL_OPEN,,
PAIR_0692,T14,H02,TEXT_PARENT,MATH_RULE,TEXT_VECTOR,RAW_MASK,0,180.6633,179.6633,3.0,N/A,PASS,0,PENDING,PENDING_VISUAL_OPEN,,
PAIR_0693,T14,R15,TEXT_PARENT,MATH_RULE,TEXT_VECTOR,RAW_MASK,0,350.1495,349.1495,3.0,N/A,PASS,0,PENDING,PENDING_VISUAL_OPEN,,
PAIR_0694,T15,T16,TEXT_PARENT,TEXT_PARENT,TEXT_TEXT,FINAL_VISIBLE_GLYPH_VECTOR_BBOX,0,470.9845,469.0,4.0,466.0,PASS,0,PENDING,PENDING_VISUAL_OPEN,,
PAIR_0695,T15,T17,TEXT_PARENT,TEXT_PARENT,TEXT_TEXT,FINAL_VISIBLE_GLYPH_VECTOR_BBOX,0,151.1969,150.0,4.0,146.0,PASS,0,PENDING,PENDING_VISUAL_OPEN,,
PAIR_0696,T15,T18,TEXT_PARENT,TEXT_PARENT,TEXT_TEXT,FINAL_VISIBLE_GLYPH_VECTOR_BBOX,0,102.997,88.4138,4.0,75.4321,PASS,0,PENDING,PENDING_VISUAL_OPEN,,
PAIR_0697,T15,T19,TEXT_PARENT,TEXT_PARENT,TEXT_TEXT,FINAL_VISIBLE_GLYPH_VECTOR_BBOX,0,81.738,75.7166,4.0,64.4748,PASS,0,PENDING,PENDING_VISUAL_OPEN,,
PAIR_0698,T15,T20,TEXT_PARENT,TEXT_PARENT,TEXT_TEXT,FINAL_VISIBLE_GLYPH_VECTOR_BBOX,0,92.0,91.0,4.0,81.0,PASS,0,PENDING,PENDING_VISUAL_OPEN,,
PAIR_0699,T15,T21,TEXT_PARENT,TEXT_PARENT,TEXT_TEXT,FINAL_VISIBLE_GLYPH_VECTOR_BBOX,0,319.6721,310.4384,4.0,281.6256,PASS,0,PENDING,PENDING_VISUAL_OPEN,,
PAIR_0700,T15,T22,TEXT_PARENT,TEXT_PARENT,TEXT_TEXT,FINAL_VISIBLE_GLYPH_VECTOR_BBOX,0,235.8295,224.0,4.0,213.0,PASS,0,PENDING,PENDING_VISUAL_OPEN,,
PAIR_0701,T15,T23,TEXT_PARENT,TEXT_PARENT,TEXT_TEXT,FINAL_VISIBLE_GLYPH_VECTOR_BBOX,0,315.0,313.0,4.0,288.0,PASS,0,PENDING,PENDING_VISUAL_OPEN,,
PAIR_0702,T15,R01,TEXT_PARENT,MATH_RULE,TEXT_VECTOR,RAW_MASK,0,1140.3225,1139.3225,3.0,N/A,PASS,0,PENDING,PENDING_VISUAL_OPEN,,
PAIR_0703,T15,R02,TEXT_PARENT,MATH_RULE,TEXT_VECTOR,RAW_MASK,0,1024.6853,1023.6853,3.0,N/A,PASS,0,PENDING,PENDING_VISUAL_OPEN,,
PAIR_0704,T15,N01,TEXT_PARENT,NODE_BORDER,TEXT_VECTOR,RAW_MASK,0,1280.0,1279.0,3.0,N/A,PASS,0,PENDING,PENDING_VISUAL_OPEN,,
PAIR_0705,T15,N02,TEXT_PARENT,NODE_BORDER,TEXT_VECTOR,RAW_MASK,0,961.0,960.0,3.0,N/A,PASS,0,PENDING,PENDING_VISUAL_OPEN,,
PAIR_0706,T15,E01,TEXT_PARENT,LINE_ARROW,TEXT_VECTOR,RAW_MASK,0,1393.1969,1392.1969,3.0,N/A,PASS,0,PENDING,PENDING_VISUAL_OPEN,,
PAIR_0707,T15,E02,TEXT_PARENT,LINE_ARROW,TEXT_VECTOR,RAW_MASK,0,868.0,867.0,3.0,N/A,PASS,0,PENDING,PENDING_VISUAL_OPEN,,
PAIR_0708,T15,E03,TEXT_PARENT,LINE_ARROW,TEXT_VECTOR,RAW_MASK,0,1080.1504,1079.1504,3.0,N/A,PASS,0,PENDING,PENDING_VISUAL_OPEN,,
PAIR_0709,T15,B01,TEXT_PARENT,NODE_BORDER,TEXT_VECTOR,RAW_MASK,0,1083.0264,1082.0264,3.0,N/A,PASS,0,PENDING,PENDING_VISUAL_OPEN,,
PAIR_0710,T15,R03,TEXT_PARENT,MATH_RULE,TEXT_VECTOR,RAW_MASK,0,1172.9644,1171.9644,3.0,N/A,PASS,0,PENDING,PENDING_VISUAL_OPEN,,
PAIR_0711,T15,E04,TEXT_PARENT,LINE_ARROW,TEXT_VECTOR,RAW_MASK,0,1073.5752,1072.5752,3.0,N/A,PASS,0,PENDING,PENDING_VISUAL_OPEN,,
PAIR_0712,T15,R04,TEXT_PARENT,MATH_RULE,TEXT_VECTOR,RAW_MASK,0,1167.4512,1166.4512,3.0,N/A,PASS,0,PENDING,PENDING_VISUAL_OPEN,,
PAIR_0713,T15,R05,TEXT_PARENT,MATH_RULE,TEXT_VECTOR,RAW_MASK,0,1289.5659,1288.5659,3.0,N/A,PASS,0,PENDING,PENDING_VISUAL_OPEN,,
PAIR_0714,T15,H01,TEXT_PARENT,MATH_RULE,TEXT_VECTOR,RAW_MASK,0,1052.5085,1051.5085,3.0,N/A,PASS,0,PENDING,PENDING_VISUAL_OPEN,,
PAIR_0715,T15,R06,TEXT_PARENT,MATH_RULE,TEXT_VECTOR,RAW_MASK,0,1084.6653,1083.6653,3.0,N/A,PASS,0,PENDING,PENDING_VISUAL_OPEN,,
PAIR_0716,T15,C01,TEXT_PARENT,NODE_BORDER,TEXT_VECTOR,RAW_MASK,0,388.4667,387.4667,3.0,N/A,PASS,0,PENDING,PENDING_VISUAL_OPEN,,
PAIR_0717,T15,R07,TEXT_PARENT,MATH_RULE,TEXT_VECTOR,RAW_MASK,0,680.3271,679.3271,3.0,N/A,PASS,0,PENDING,PENDING_VISUAL_OPEN,,
PAIR_0718,T15,R08,TEXT_PARENT,MATH_RULE,TEXT_VECTOR,RAW_MASK,0,711.1101,710.1101,3.0,N/A,PASS,0,PENDING,PENDING_VISUAL_OPEN,,
PAIR_0719,T15,R09,TEXT_PARENT,MATH_RULE,TEXT_VECTOR,RAW_MASK,0,514.3535,513.3535,3.0,N/A,PASS,0,PENDING,PENDING_VISUAL_OPEN,,
PAIR_0720,T15,C02,TEXT_PARENT,LINE_ARROW,TEXT_VECTOR,RAW_MASK,0,978.4155,977.4155,3.0,N/A,PASS,0,PENDING,PENDING_VISUAL_OPEN,,
PAIR_0721,T15,C03,TEXT_PARENT,LINE_ARROW,TEXT_VECTOR,RAW_MASK,0,359.6125,358.6125,3.0,N/A,PASS,0,PENDING,PENDING_VISUAL_OPEN,,
PAIR_0722,T15,R10,TEXT_PARENT,MATH_RULE,TEXT_VECTOR,RAW_MASK,0,147.0,146.0,3.0,N/A,PASS,0,PENDING,PENDING_VISUAL_OPEN,,
PAIR_0723,T15,R11,TEXT_PARENT,MATH_RULE,TEXT_VECTOR,RAW_MASK,0,185.4014,184.4014,3.0,N/A,PASS,0,PENDING,PENDING_VISUAL_OPEN,,
PAIR_0724,T15,N03,TEXT_PARENT,NODE_BORDER,TEXT_VECTOR,RAW_MASK,0,252.3938,251.3938,3.0,N/A,PASS,0,PENDING,PENDING_VISUAL_OPEN,,
PAIR_0725,T15,N04,TEXT_PARENT,NODE_BORDER,TEXT_NODE_BORDER,RAW_MASK,0,38.7473,37.7473,5.0,N/A,PASS,0,PENDING,PENDING_VISUAL_OPEN,,
PAIR_0726,T15,E05,TEXT_PARENT,LINE_ARROW,TEXT_VECTOR,RAW_MASK,0,366.1969,365.1969,3.0,N/A,PASS,0,PENDING,PENDING_VISUAL_OPEN,,
PAIR_0727,T15,E06,TEXT_PARENT,LINE_ARROW,TEXT_VECTOR,RAW_MASK,0,48.1814,47.1814,3.0,N/A,PASS,0,PENDING,PENDING_VISUAL_OPEN,,
PAIR_0728,T15,E07,TEXT_PARENT,LINE_ARROW,TEXT_VECTOR,RAW_MASK,0,52.9535,51.9535,3.0,N/A,PASS,0,PENDING,PENDING_VISUAL_OPEN,,
PAIR_0729,T15,B02,TEXT_PARENT,NODE_BORDER,TEXT_VECTOR,RAW_MASK,0,72.1969,71.1969,3.0,N/A,PASS,0,PENDING,PENDING_VISUAL_OPEN,,
PAIR_0730,T15,R12,TEXT_PARENT,MATH_RULE,TEXT_VECTOR,RAW_MASK,0,153.8046,152.8046,3.0,N/A,PASS,0,PENDING,PENDING_VISUAL_OPEN,,
PAIR_0731,T15,E08,TEXT_PARENT,LINE_ARROW,TEXT_VECTOR,RAW_MASK,0,45.7721,44.7721,3.0,N/A,PASS,0,PENDING,PENDING_VISUAL_OPEN,,
PAIR_0732,T15,R13,TEXT_PARENT,MATH_RULE,TEXT_VECTOR,RAW_MASK,0,145.4512,144.4512,3.0,N/A,PASS,0,PENDING,PENDING_VISUAL_OPEN,,
PAIR_0733,T15,R14,TEXT_PARENT,MATH_RULE,TEXT_VECTOR,RAW_MASK,0,270.6928,269.6928,3.0,N/A,PASS,0,PENDING,PENDING_VISUAL_OPEN,,
PAIR_0734,T15,H02,TEXT_PARENT,MATH_RULE,TEXT_VECTOR,RAW_MASK,0,184.2819,183.2819,3.0,N/A,PASS,0,PENDING,PENDING_VISUAL_OPEN,,
PAIR_0735,T15,R15,TEXT_PARENT,MATH_RULE,TEXT_VECTOR,RAW_MASK,0,242.969,241.969,3.0,N/A,PASS,0,PENDING,PENDING_VISUAL_OPEN,,
PAIR_0736,T16,T17,TEXT_PARENT,TEXT_PARENT,TEXT_TEXT,FINAL_VISIBLE_GLYPH_VECTOR_BBOX,0,639.5752,637.0,4.0,634.0,PASS,0,PENDING,PENDING_VISUAL_OPEN,,
PAIR_0737,T16,T18,TEXT_PARENT,TEXT_PARENT,TEXT_TEXT,FINAL_VISIBLE_GLYPH_VECTOR_BBOX,0,243.9799,236.7298,4.0,232.3984,PASS,0,PENDING,PENDING_VISUAL_OPEN,,
PAIR_0738,T16,T19,TEXT_PARENT,TEXT_PARENT,TEXT_TEXT,FINAL_VISIBLE_GLYPH_VECTOR_BBOX,0,249.5861,232.2972,4.0,229.1572,PASS,0,PENDING,PENDING_VISUAL_OPEN,,
PAIR_0739,T16,T20,TEXT_PARENT,TEXT_PARENT,TEXT_TEXT,FINAL_VISIBLE_GLYPH_VECTOR_BBOX,0,213.0787,175.636,4.0,169.9559,PASS,0,PENDING,PENDING_VISUAL_OPEN,,
PAIR_0740,T16,T21,TEXT_PARENT,TEXT_PARENT,TEXT_TEXT,FINAL_VISIBLE_GLYPH_VECTOR_BBOX,0,248.7365,239.4368,4.0,228.0351,PASS,0,PENDING,PENDING_VISUAL_OPEN,,
PAIR_0741,T16,T22,TEXT_PARENT,TEXT_PARENT,TEXT_TEXT,FINAL_VISIBLE_GLYPH_VECTOR_BBOX,0,396.3912,367.0014,4.0,360.4844,PASS,0,PENDING,PENDING_VISUAL_OPEN,,
PAIR_0742,T16,T23,TEXT_PARENT,TEXT_PARENT,TEXT_TEXT,FINAL_VISIBLE_GLYPH_VECTOR_BBOX,0,312.0,310.0,4.0,285.0,PASS,0,PENDING,PENDING_VISUAL_OPEN,,
PAIR_0743,T16,R01,TEXT_PARENT,MATH_RULE,TEXT_VECTOR,RAW_MASK,0,613.9132,612.9132,3.0,N/A,PASS,0,PENDING,PENDING_VISUAL_OPEN,,
PAIR_0744,T16,R02,TEXT_PARENT,MATH_RULE,TEXT_VECTOR,RAW_MASK,0,498.276,497.276,3.0,N/A,PASS,0,PENDING,PENDING_VISUAL_OPEN,,
PAIR_0745,T16,N01,TEXT_PARENT,NODE_BORDER,TEXT_VECTOR,RAW_MASK,0,753.0,752.0,3.0,N/A,PASS,0,PENDING,PENDING_VISUAL_OPEN,,
PAIR_0746,T16,N02,TEXT_PARENT,NODE_BORDER,TEXT_VECTOR,RAW_MASK,0,434.0,433.0,3.0,N/A,PASS,0,PENDING,PENDING_VISUAL_OPEN,,
PAIR_0747,T16,E01,TEXT_PARENT,LINE_ARROW,TEXT_VECTOR,RAW_MASK,0,867.5752,866.5752,3.0,N/A,PASS,0,PENDING,PENDING_VISUAL_OPEN,,
PAIR_0748,T16,E02,TEXT_PARENT,LINE_ARROW,TEXT_VECTOR,RAW_MASK,0,341.0,340.0,3.0,N/A,PASS,0,PENDING,PENDING_VISUAL_OPEN,,
PAIR_0749,T16,E03,TEXT_PARENT,LINE_ARROW,TEXT_VECTOR,RAW_MASK,0,553.7411,552.7411,3.0,N/A,PASS,0,PENDING,PENDING_VISUAL_OPEN,,
PAIR_0750,T16,B01,TEXT_PARENT,NODE_BORDER,TEXT_VECTOR,RAW_MASK,0,556.6171,555.6171,3.0,N/A,PASS,0,PENDING,PENDING_VISUAL_OPEN,,
PAIR_0751,T16,R03,TEXT_PARENT,MATH_RULE,TEXT_VECTOR,RAW_MASK,0,646.5551,645.5551,3.0,N/A,PASS,0,PENDING,PENDING_VISUAL_OPEN,,
PAIR_0752,T16,E04,TEXT_PARENT,LINE_ARROW,TEXT_VECTOR,RAW_MASK,0,547.9535,546.9535,3.0,N/A,PASS,0,PENDING,PENDING_VISUAL_OPEN,,
PAIR_0753,T16,R04,TEXT_PARENT,MATH_RULE,TEXT_VECTOR,RAW_MASK,0,641.8295,640.8295,3.0,N/A,PASS,0,PENDING,PENDING_VISUAL_OPEN,,
PAIR_0754,T16,R05,TEXT_PARENT,MATH_RULE,TEXT_VECTOR,RAW_MASK,0,763.9442,762.9442,3.0,N/A,PASS,0,PENDING,PENDING_VISUAL_OPEN,,
PAIR_0755,T16,H01,TEXT_PARENT,MATH_RULE,TEXT_VECTOR,RAW_MASK,0,526.8868,525.8868,3.0,N/A,PASS,0,PENDING,PENDING_VISUAL_OPEN,,
PAIR_0756,T16,R06,TEXT_PARENT,MATH_RULE,TEXT_VECTOR,RAW_MASK,0,559.0435,558.0435,3.0,N/A,PASS,0,PENDING,PENDING_VISUAL_OPEN,,
PAIR_0757,T16,C01,TEXT_PARENT,NODE_BORDER,TEXT_VECTOR,RAW_MASK,0,32.0,31.0,3.0,N/A,PASS,0,PENDING,PENDING_VISUAL_OPEN,,
PAIR_0758,T16,R07,TEXT_PARENT,MATH_RULE,TEXT_VECTOR,RAW_MASK,0,163.8417,162.8417,3.0,N/A,PASS,0,PENDING,PENDING_VISUAL_OPEN,,
PAIR_0759,T16,R08,TEXT_PARENT,MATH_RULE,TEXT_VECTOR,RAW_MASK,0,219.7997,218.7997,3.0,N/A,PASS,0,PENDING,PENDING_VISUAL_OPEN,,
PAIR_0760,T16,R09,TEXT_PARENT,MATH_RULE,TEXT_VECTOR,RAW_MASK,0,141.0,140.0,3.0,N/A,PASS,0,PENDING,PENDING_VISUAL_OPEN,,
PAIR_0761,T16,C02,TEXT_PARENT,LINE_ARROW,TEXT_VECTOR,RAW_MASK,0,452.7939,451.7939,3.0,N/A,PASS,0,PENDING,PENDING_VISUAL_OPEN,,
PAIR_0762,T16,C03,TEXT_PARENT,LINE_ARROW,TEXT_VECTOR,RAW_MASK,0,157.3379,156.3379,3.0,N/A,PASS,0,PENDING,PENDING_VISUAL_OPEN,,
PAIR_0763,T16,R10,TEXT_PARENT,MATH_RULE,TEXT_VECTOR,RAW_MASK,0,497.9442,496.9442,3.0,N/A,PASS,0,PENDING,PENDING_VISUAL_OPEN,,
PAIR_0764,T16,R11,TEXT_PARENT,MATH_RULE,TEXT_VECTOR,RAW_MASK,0,610.1101,609.1101,3.0,N/A,PASS,0,PENDING,PENDING_VISUAL_OPEN,,
PAIR_0765,T16,N03,TEXT_PARENT,NODE_BORDER,TEXT_VECTOR,RAW_MASK,0,102.0,101.0,3.0,N/A,PASS,0,PENDING,PENDING_VISUAL_OPEN,,
PAIR_0766,T16,N04,TEXT_PARENT,NODE_BORDER,TEXT_VECTOR,RAW_MASK,0,420.9845,419.9845,3.0,N/A,PASS,0,PENDING,PENDING_VISUAL_OPEN,,
PAIR_0767,T16,E05,TEXT_PARENT,LINE_ARROW,TEXT_VECTOR,RAW_MASK,0,8.3938,7.3938,3.0,N/A,PASS,0,PENDING,PENDING_VISUAL_OPEN,05_pairs/critical/PAIR_0767_1x.png,05_pairs/critical/PAIR_0767_8x.png
PAIR_0768,T16,E06,TEXT_PARENT,LINE_ARROW,TEXT_VECTOR,RAW_MASK,0,533.0,532.0,3.0,N/A,PASS,0,PENDING,PENDING_VISUAL_OPEN,,
PAIR_0769,T16,E07,TEXT_PARENT,LINE_ARROW,TEXT_VECTOR,RAW_MASK,0,212.1814,211.1814,3.0,N/A,PASS,0,PENDING,PENDING_VISUAL_OPEN,,
PAIR_0770,T16,B02,TEXT_PARENT,NODE_BORDER,TEXT_VECTOR,RAW_MASK,0,226.6481,225.6481,3.0,N/A,PASS,0,PENDING,PENDING_VISUAL_OPEN,,
PAIR_0771,T16,R12,TEXT_PARENT,MATH_RULE,TEXT_VECTOR,RAW_MASK,0,310.5861,309.5861,3.0,N/A,PASS,0,PENDING,PENDING_VISUAL_OPEN,,
PAIR_0772,T16,E08,TEXT_PARENT,LINE_ARROW,TEXT_VECTOR,RAW_MASK,0,224.0884,223.0884,3.0,N/A,PASS,0,PENDING,PENDING_VISUAL_OPEN,,
PAIR_0773,T16,R13,TEXT_PARENT,MATH_RULE,TEXT_VECTOR,RAW_MASK,0,311.5706,310.5706,3.0,N/A,PASS,0,PENDING,PENDING_VISUAL_OPEN,,
PAIR_0774,T16,R14,TEXT_PARENT,MATH_RULE,TEXT_VECTOR,RAW_MASK,0,246.3764,245.3764,3.0,N/A,PASS,0,PENDING,PENDING_VISUAL_OPEN,,
PAIR_0775,T16,H02,TEXT_PARENT,MATH_RULE,TEXT_VECTOR,RAW_MASK,0,312.7783,311.7783,3.0,N/A,PASS,0,PENDING,PENDING_VISUAL_OPEN,,
PAIR_0776,T16,R15,TEXT_PARENT,MATH_RULE,TEXT_VECTOR,RAW_MASK,0,490.7921,489.7921,3.0,N/A,PASS,0,PENDING,PENDING_VISUAL_OPEN,,
PAIR_0777,T17,T18,TEXT_PARENT,TEXT_PARENT,TEXT_TEXT,FINAL_VISIBLE_GLYPH_VECTOR_BBOX,0,250.3271,239.6331,4.0,231.4174,PASS,0,PENDING,PENDING_VISUAL_OPEN,,
PAIR_0778,T17,T19,TEXT_PARENT,TEXT_PARENT,TEXT_TEXT,FINAL_VISIBLE_GLYPH_VECTOR_BBOX,0,245.0264,234.2691,4.0,228.1622,PASS,0,PENDING,PENDING_VISUAL_OPEN,,
PAIR_0779,T17,T20,TEXT_PARENT,TEXT_PARENT,TEXT_TEXT,FINAL_VISIBLE_GLYPH_VECTOR_BBOX,0,184.5828,180.8535,4.0,169.068,PASS,0,PENDING,PENDING_VISUAL_OPEN,,
PAIR_0780,T17,T21,TEXT_PARENT,TEXT_PARENT,TEXT_TEXT,FINAL_VISIBLE_GLYPH_VECTOR_BBOX,0,447.9962,437.887,4.0,404.9691,PASS,0,PENDING,PENDING_VISUAL_OPEN,,
PAIR_0781,T17,T22,TEXT_PARENT,TEXT_PARENT,TEXT_TEXT,FINAL_VISIBLE_GLYPH_VECTOR_BBOX,0,238.1458,230.6447,4.0,218.6801,PASS,0,PENDING,PENDING_VISUAL_OPEN,,
PAIR_0782,T17,T23,TEXT_PARENT,TEXT_PARENT,TEXT_TEXT,FINAL_VISIBLE_GLYPH_VECTOR_BBOX,0,328.5396,315.0175,4.0,286.1835,PASS,0,PENDING,PENDING_VISUAL_OPEN,,
PAIR_0783,T17,R01,TEXT_PARENT,MATH_RULE,TEXT_VECTOR,RAW_MASK,0,1308.9132,1307.9132,3.0,N/A,PASS,0,PENDING,PENDING_VISUAL_OPEN,,
PAIR_0784,T17,R02,TEXT_PARENT,MATH_RULE,TEXT_VECTOR,RAW_MASK,0,1193.276,1192.276,3.0,N/A,PASS,0,PENDING,PENDING_VISUAL_OPEN,,
PAIR_0785,T17,N01,TEXT_PARENT,NODE_BORDER,TEXT_VECTOR,RAW_MASK,0,1448.0,1447.0,3.0,N/A,PASS,0,PENDING,PENDING_VISUAL_OPEN,,
PAIR_0786,T17,N02,TEXT_PARENT,NODE_BORDER,TEXT_VECTOR,RAW_MASK,0,1129.0,1128.0,3.0,N/A,PASS,0,PENDING,PENDING_VISUAL_OPEN,,
PAIR_0787,T17,E01,TEXT_PARENT,LINE_ARROW,TEXT_VECTOR,RAW_MASK,0,1562.5752,1561.5752,3.0,N/A,PASS,0,PENDING,PENDING_VISUAL_OPEN,,
PAIR_0788,T17,E02,TEXT_PARENT,LINE_ARROW,TEXT_VECTOR,RAW_MASK,0,1036.0,1035.0,3.0,N/A,PASS,0,PENDING,PENDING_VISUAL_OPEN,,
PAIR_0789,T17,E03,TEXT_PARENT,LINE_ARROW,TEXT_VECTOR,RAW_MASK,0,1248.7411,1247.7411,3.0,N/A,PASS,0,PENDING,PENDING_VISUAL_OPEN,,
PAIR_0790,T17,B01,TEXT_PARENT,NODE_BORDER,TEXT_VECTOR,RAW_MASK,0,1251.6171,1250.6171,3.0,N/A,PASS,0,PENDING,PENDING_VISUAL_OPEN,,
PAIR_0791,T17,R03,TEXT_PARENT,MATH_RULE,TEXT_VECTOR,RAW_MASK,0,1341.5551,1340.5551,3.0,N/A,PASS,0,PENDING,PENDING_VISUAL_OPEN,,
PAIR_0792,T17,E04,TEXT_PARENT,LINE_ARROW,TEXT_VECTOR,RAW_MASK,0,1242.9535,1241.9535,3.0,N/A,PASS,0,PENDING,PENDING_VISUAL_OPEN,,
PAIR_0793,T17,R04,TEXT_PARENT,MATH_RULE,TEXT_VECTOR,RAW_MASK,0,1336.8295,1335.8295,3.0,N/A,PASS,0,PENDING,PENDING_VISUAL_OPEN,,
PAIR_0794,T17,R05,TEXT_PARENT,MATH_RULE,TEXT_VECTOR,RAW_MASK,0,1458.9442,1457.9442,3.0,N/A,PASS,0,PENDING,PENDING_VISUAL_OPEN,,
PAIR_0795,T17,H01,TEXT_PARENT,MATH_RULE,TEXT_VECTOR,RAW_MASK,0,1221.8868,1220.8868,3.0,N/A,PASS,0,PENDING,PENDING_VISUAL_OPEN,,
PAIR_0796,T17,R06,TEXT_PARENT,MATH_RULE,TEXT_VECTOR,RAW_MASK,0,1254.0435,1253.0435,3.0,N/A,PASS,0,PENDING,PENDING_VISUAL_OPEN,,
PAIR_0797,T17,C01,TEXT_PARENT,NODE_BORDER,TEXT_VECTOR,RAW_MASK,0,557.845,556.845,3.0,N/A,PASS,0,PENDING,PENDING_VISUAL_OPEN,,
PAIR_0798,T17,R07,TEXT_PARENT,MATH_RULE,TEXT_VECTOR,RAW_MASK,0,849.7054,848.7054,3.0,N/A,PASS,0,PENDING,PENDING_VISUAL_OPEN,,
PAIR_0799,T17,R08,TEXT_PARENT,MATH_RULE,TEXT_VECTOR,RAW_MASK,0,880.4884,879.4884,3.0,N/A,PASS,0,PENDING,PENDING_VISUAL_OPEN,,
PAIR_0800,T17,R09,TEXT_PARENT,MATH_RULE,TEXT_VECTOR,RAW_MASK,0,683.7318,682.7318,3.0,N/A,PASS,0,PENDING,PENDING_VISUAL_OPEN,,
PAIR_0801,T17,C02,TEXT_PARENT,LINE_ARROW,TEXT_VECTOR,RAW_MASK,0,1147.7938,1146.7938,3.0,N/A,PASS,0,PENDING,PENDING_VISUAL_OPEN,,
PAIR_0802,T17,C03,TEXT_PARENT,LINE_ARROW,TEXT_VECTOR,RAW_MASK,0,528.9907,527.9907,3.0,N/A,PASS,0,PENDING,PENDING_VISUAL_OPEN,,
PAIR_0803,T17,R10,TEXT_PARENT,MATH_RULE,TEXT_VECTOR,RAW_MASK,0,202.1812,201.1812,3.0,N/A,PASS,0,PENDING,PENDING_VISUAL_OPEN,,
PAIR_0804,T17,R11,TEXT_PARENT,MATH_RULE,TEXT_VECTOR,RAW_MASK,0,152.8605,151.8605,3.0,N/A,PASS,0,PENDING,PENDING_VISUAL_OPEN,,
PAIR_0805,T17,N03,TEXT_PARENT,NODE_BORDER,TEXT_VECTOR,RAW_MASK,0,420.0,419.0,3.0,N/A,PASS,0,PENDING,PENDING_VISUAL_OPEN,,
PAIR_0806,T17,N04,TEXT_PARENT,NODE_BORDER,TEXT_VECTOR,RAW_MASK,0,101.0,100.0,3.0,N/A,PASS,0,PENDING,PENDING_VISUAL_OPEN,,
PAIR_0807,T17,E05,TEXT_PARENT,LINE_ARROW,TEXT_VECTOR,RAW_MASK,0,535.5752,534.5752,3.0,N/A,PASS,0,PENDING,PENDING_VISUAL_OPEN,,
PAIR_0808,T17,E06,TEXT_PARENT,LINE_ARROW,TEXT_VECTOR,RAW_MASK,0,8.0,7.0,3.0,N/A,PASS,0,PENDING,PENDING_VISUAL_OPEN,05_pairs/critical/PAIR_0808_1x.png,05_pairs/critical/PAIR_0808_8x.png
PAIR_0809,T17,E07,TEXT_PARENT,LINE_ARROW,TEXT_VECTOR,RAW_MASK,0,221.5442,220.5442,3.0,N/A,PASS,0,PENDING,PENDING_VISUAL_OPEN,,
PAIR_0810,T17,B02,TEXT_PARENT,NODE_BORDER,TEXT_VECTOR,RAW_MASK,0,229.4202,228.4202,3.0,N/A,PASS,0,PENDING,PENDING_VISUAL_OPEN,,
PAIR_0811,T17,R12,TEXT_PARENT,MATH_RULE,TEXT_VECTOR,RAW_MASK,0,319.5551,318.5551,3.0,N/A,PASS,0,PENDING,PENDING_VISUAL_OPEN,,
PAIR_0812,T17,E08,TEXT_PARENT,LINE_ARROW,TEXT_VECTOR,RAW_MASK,0,215.1504,214.1504,3.0,N/A,PASS,0,PENDING,PENDING_VISUAL_OPEN,,
PAIR_0813,T17,R13,TEXT_PARENT,MATH_RULE,TEXT_VECTOR,RAW_MASK,0,314.8295,313.8295,3.0,N/A,PASS,0,PENDING,PENDING_VISUAL_OPEN,,
PAIR_0814,T17,R14,TEXT_PARENT,MATH_RULE,TEXT_VECTOR,RAW_MASK,0,432.3535,431.3535,3.0,N/A,PASS,0,PENDING,PENDING_VISUAL_OPEN,,
PAIR_0815,T17,H02,TEXT_PARENT,MATH_RULE,TEXT_VECTOR,RAW_MASK,0,313.1876,312.1876,3.0,N/A,PASS,0,PENDING,PENDING_VISUAL_OPEN,,
PAIR_0816,T17,R15,TEXT_PARENT,MATH_RULE,TEXT_VECTOR,RAW_MASK,0,301.0194,300.0194,3.0,N/A,PASS,0,PENDING,PENDING_VISUAL_OPEN,,
PAIR_0817,T18,T19,TEXT_PARENT,TEXT_PARENT,TEXT_TEXT,FINAL_VISIBLE_GLYPH_VECTOR_BBOX,0,132.0,131.0,4.0,117.0,PASS,0,PENDING,PENDING_VISUAL_OPEN,,
PAIR_0818,T18,T20,TEXT_PARENT,TEXT_PARENT,TEXT_TEXT,FINAL_VISIBLE_GLYPH_VECTOR_BBOX,0,181.0,180.0,4.0,172.0,PASS,0,PENDING,PENDING_VISUAL_OPEN,,
PAIR_0819,T18,T21,TEXT_PARENT,TEXT_PARENT,TEXT_TEXT,FINAL_VISIBLE_GLYPH_VECTOR_BBOX,0,331.5907,323.0,4.0,314.0,PASS,0,PENDING,PENDING_VISUAL_OPEN,,
PAIR_0820,T18,T22,TEXT_PARENT,TEXT_PARENT,TEXT_TEXT,FINAL_VISIBLE_GLYPH_VECTOR_BBOX,0,323.0,313.0,4.0,304.0,PASS,0,PENDING,PENDING_VISUAL_OPEN,,
PAIR_0821,T18,T23,TEXT_PARENT,TEXT_PARENT,TEXT_TEXT,FINAL_VISIBLE_GLYPH_VECTOR_BBOX,0,404.0,402.0,4.0,379.0,PASS,0,PENDING,PENDING_VISUAL_OPEN,,
PAIR_0822,T18,R01,TEXT_PARENT,MATH_RULE,TEXT_VECTOR,RAW_MASK,0,884.8605,883.8605,3.0,N/A,PASS,0,PENDING,PENDING_VISUAL_OPEN,,
PAIR_0823,T18,R02,TEXT_PARENT,MATH_RULE,TEXT_VECTOR,RAW_MASK,0,769.2233,768.2233,3.0,N/A,PASS,0,PENDING,PENDING_VISUAL_OPEN,,
PAIR_0824,T18,N01,TEXT_PARENT,NODE_BORDER,TEXT_VECTOR,RAW_MASK,0,1055.3582,1054.3582,3.0,N/A,PASS,0,PENDING,PENDING_VISUAL_OPEN,,
PAIR_0825,T18,N02,TEXT_PARENT,NODE_BORDER,TEXT_VECTOR,RAW_MASK,0,736.3582,735.3582,3.0,N/A,PASS,0,PENDING,PENDING_VISUAL_OPEN,,
PAIR_0826,T18,E01,TEXT_PARENT,LINE_ARROW,TEXT_VECTOR,RAW_MASK,0,1171.5861,1170.5861,3.0,N/A,PASS,0,PENDING,PENDING_VISUAL_OPEN,,
PAIR_0827,T18,E02,TEXT_PARENT,LINE_ARROW,TEXT_VECTOR,RAW_MASK,0,643.3582,642.3582,3.0,N/A,PASS,0,PENDING,PENDING_VISUAL_OPEN,,
PAIR_0828,T18,E03,TEXT_PARENT,LINE_ARROW,TEXT_VECTOR,RAW_MASK,0,849.0109,848.0109,3.0,N/A,PASS,0,PENDING,PENDING_VISUAL_OPEN,,
PAIR_0829,T18,B01,TEXT_PARENT,NODE_BORDER,TEXT_VECTOR,RAW_MASK,0,832.0,831.0,3.0,N/A,PASS,0,PENDING,PENDING_VISUAL_OPEN,,
PAIR_0830,T18,R03,TEXT_PARENT,MATH_RULE,TEXT_VECTOR,RAW_MASK,0,918.1969,917.1969,3.0,N/A,PASS,0,PENDING,PENDING_VISUAL_OPEN,,
PAIR_0831,T18,E04,TEXT_PARENT,LINE_ARROW,TEXT_VECTOR,RAW_MASK,0,853.0682,852.0682,3.0,N/A,PASS,0,PENDING,PENDING_VISUAL_OPEN,,
PAIR_0832,T18,R04,TEXT_PARENT,MATH_RULE,TEXT_VECTOR,RAW_MASK,0,946.9442,945.9442,3.0,N/A,PASS,0,PENDING,PENDING_VISUAL_OPEN,,
PAIR_0833,T18,R05,TEXT_PARENT,MATH_RULE,TEXT_VECTOR,RAW_MASK,0,1069.0591,1068.0591,3.0,N/A,PASS,0,PENDING,PENDING_VISUAL_OPEN,,
PAIR_0834,T18,H01,TEXT_PARENT,MATH_RULE,TEXT_VECTOR,RAW_MASK,0,832.0016,831.0016,3.0,N/A,PASS,0,PENDING,PENDING_VISUAL_OPEN,,
PAIR_0835,T18,R06,TEXT_PARENT,MATH_RULE,TEXT_VECTOR,RAW_MASK,0,864.1583,863.1583,3.0,N/A,PASS,0,PENDING,PENDING_VISUAL_OPEN,,
PAIR_0836,T18,C01,TEXT_PARENT,NODE_BORDER,TEXT_VECTOR,RAW_MASK,0,196.3874,195.3874,3.0,N/A,PASS,0,PENDING,PENDING_VISUAL_OPEN,,
PAIR_0837,T18,R07,TEXT_PARENT,MATH_RULE,TEXT_VECTOR,RAW_MASK,0,459.8202,458.8202,3.0,N/A,PASS,0,PENDING,PENDING_VISUAL_OPEN,,
PAIR_0838,T18,R08,TEXT_PARENT,MATH_RULE,TEXT_VECTOR,RAW_MASK,0,505.6322,504.6322,3.0,N/A,PASS,0,PENDING,PENDING_VISUAL_OPEN,,
PAIR_0839,T18,R09,TEXT_PARENT,MATH_RULE,TEXT_VECTOR,RAW_MASK,0,342.5898,341.5898,3.0,N/A,PASS,0,PENDING,PENDING_VISUAL_OPEN,,
PAIR_0840,T18,C02,TEXT_PARENT,LINE_ARROW,TEXT_VECTOR,RAW_MASK,0,757.9086,756.9086,3.0,N/A,PASS,0,PENDING,PENDING_VISUAL_OPEN,,
PAIR_0841,T18,C03,TEXT_PARENT,LINE_ARROW,TEXT_VECTOR,RAW_MASK,0,238.9022,237.9022,3.0,N/A,PASS,0,PENDING,PENDING_VISUAL_OPEN,,
PAIR_0842,T18,R10,TEXT_PARENT,MATH_RULE,TEXT_VECTOR,RAW_MASK,0,82.5349,81.5349,3.0,N/A,PASS,0,PENDING,PENDING_VISUAL_OPEN,,
PAIR_0843,T18,R11,TEXT_PARENT,MATH_RULE,TEXT_VECTOR,RAW_MASK,0,188.0109,187.0109,3.0,N/A,PASS,0,PENDING,PENDING_VISUAL_OPEN,,
PAIR_0844,T18,N03,TEXT_PARENT,NODE_BORDER,TEXT_VECTOR,RAW_MASK,0,52.3814,51.3814,3.0,N/A,PASS,0,PENDING,PENDING_VISUAL_OPEN,,
PAIR_0845,T18,N04,TEXT_PARENT,NODE_BORDER,TEXT_VECTOR,RAW_MASK,0,57.4,56.4,3.0,N/A,PASS,0,PENDING,PENDING_VISUAL_OPEN,,
PAIR_0846,T18,E05,TEXT_PARENT,LINE_ARROW,TEXT_VECTOR,RAW_MASK,0,145.4046,144.4046,3.0,N/A,PASS,0,PENDING,PENDING_VISUAL_OPEN,,
PAIR_0847,T18,E06,TEXT_PARENT,LINE_ARROW,TEXT_VECTOR,RAW_MASK,0,147.6232,146.6232,3.0,N/A,PASS,0,PENDING,PENDING_VISUAL_OPEN,,
PAIR_0848,T18,E07,TEXT_PARENT,LINE_ARROW,TEXT_VECTOR,RAW_MASK,0,31.1969,30.1969,3.0,N/A,PASS,0,PENDING,PENDING_VISUAL_OPEN,,
PAIR_0849,T18,B02,TEXT_PARENT,NODE_BORDER,TEXT_NODE_BORDER,RAW_MASK,0,10.0,9.0,5.0,N/A,PASS,0,PENDING,PENDING_VISUAL_OPEN,05_pairs/critical/PAIR_0849_1x.png,05_pairs/critical/PAIR_0849_8x.png
PAIR_0850,T18,R12,TEXT_PARENT,MATH_RULE,TEXT_VECTOR,RAW_MASK,0,16.7876,15.7876,3.0,N/A,PASS,0,PENDING,PENDING_VISUAL_OPEN,,
PAIR_0851,T18,E08,TEXT_PARENT,LINE_ARROW,TEXT_VECTOR,RAW_MASK,0,100.7566,99.7566,3.0,N/A,PASS,0,PENDING,PENDING_VISUAL_OPEN,,
PAIR_0852,T18,R13,TEXT_PARENT,MATH_RULE,TEXT_VECTOR,RAW_MASK,0,140.5442,139.5442,3.0,N/A,PASS,0,PENDING,PENDING_VISUAL_OPEN,,
PAIR_0853,T18,R14,TEXT_PARENT,MATH_RULE,TEXT_VECTOR,RAW_MASK,0,228.1504,227.1504,3.0,N/A,PASS,0,PENDING,PENDING_VISUAL_OPEN,,
PAIR_0854,T18,H02,TEXT_PARENT,MATH_RULE,TEXT_VECTOR,RAW_MASK,0,237.0,236.0,3.0,N/A,PASS,0,PENDING,PENDING_VISUAL_OPEN,,
PAIR_0855,T18,R15,TEXT_PARENT,MATH_RULE,TEXT_VECTOR,RAW_MASK,0,344.5132,343.5132,3.0,N/A,PASS,0,PENDING,PENDING_VISUAL_OPEN,,
PAIR_0856,T19,T20,TEXT_PARENT,TEXT_PARENT,TEXT_TEXT,FINAL_VISIBLE_GLYPH_VECTOR_BBOX,0,8.0,7.0,4.0,0.0,PASS,0,PENDING,PENDING_VISUAL_OPEN,05_pairs/critical/PAIR_0856_1x.png,05_pairs/critical/PAIR_0856_8x.png
PAIR_0857,T19,T21,TEXT_PARENT,TEXT_PARENT,TEXT_TEXT,FINAL_VISIBLE_GLYPH_VECTOR_BBOX,0,158.7876,150.0,4.0,141.0,PASS,0,PENDING,PENDING_VISUAL_OPEN,,
PAIR_0858,T19,T22,TEXT_PARENT,TEXT_PARENT,TEXT_TEXT,FINAL_VISIBLE_GLYPH_VECTOR_BBOX,0,151.0,140.0,4.0,131.0,PASS,0,PENDING,PENDING_VISUAL_OPEN,,
PAIR_0859,T19,T23,TEXT_PARENT,TEXT_PARENT,TEXT_TEXT,FINAL_VISIBLE_GLYPH_VECTOR_BBOX,0,231.0,229.0,4.0,206.0,PASS,0,PENDING,PENDING_VISUAL_OPEN,,
PAIR_0860,T19,R01,TEXT_PARENT,MATH_RULE,TEXT_VECTOR,RAW_MASK,0,918.9241,917.9241,3.0,N/A,PASS,0,PENDING,PENDING_VISUAL_OPEN,,
PAIR_0861,T19,R02,TEXT_PARENT,MATH_RULE,TEXT_VECTOR,RAW_MASK,0,803.2869,802.2869,3.0,N/A,PASS,0,PENDING,PENDING_VISUAL_OPEN,,
PAIR_0862,T19,N01,TEXT_PARENT,NODE_BORDER,TEXT_VECTOR,RAW_MASK,0,1055.4512,1054.4512,3.0,N/A,PASS,0,PENDING,PENDING_VISUAL_OPEN,,
PAIR_0863,T19,N02,TEXT_PARENT,NODE_BORDER,TEXT_VECTOR,RAW_MASK,0,736.4512,735.4512,3.0,N/A,PASS,0,PENDING,PENDING_VISUAL_OPEN,,
PAIR_0864,T19,E01,TEXT_PARENT,LINE_ARROW,TEXT_VECTOR,RAW_MASK,0,1166.876,1165.876,3.0,N/A,PASS,0,PENDING,PENDING_VISUAL_OPEN,,
PAIR_0865,T19,E02,TEXT_PARENT,LINE_ARROW,TEXT_VECTOR,RAW_MASK,0,642.8605,641.8605,3.0,N/A,PASS,0,PENDING,PENDING_VISUAL_OPEN,,
PAIR_0866,T19,E03,TEXT_PARENT,LINE_ARROW,TEXT_VECTOR,RAW_MASK,0,858.752,857.752,3.0,N/A,PASS,0,PENDING,PENDING_VISUAL_OPEN,,
PAIR_0867,T19,B01,TEXT_PARENT,NODE_BORDER,TEXT_VECTOR,RAW_MASK,0,861.6279,860.6279,3.0,N/A,PASS,0,PENDING,PENDING_VISUAL_OPEN,,
PAIR_0868,T19,R03,TEXT_PARENT,MATH_RULE,TEXT_VECTOR,RAW_MASK,0,951.5659,950.5659,3.0,N/A,PASS,0,PENDING,PENDING_VISUAL_OPEN,,
PAIR_0869,T19,E04,TEXT_PARENT,LINE_ARROW,TEXT_VECTOR,RAW_MASK,0,844.4977,843.4977,3.0,N/A,PASS,0,PENDING,PENDING_VISUAL_OPEN,,
PAIR_0870,T19,R04,TEXT_PARENT,MATH_RULE,TEXT_VECTOR,RAW_MASK,0,918.0,917.0,3.0,N/A,PASS,0,PENDING,PENDING_VISUAL_OPEN,,
PAIR_0871,T19,R05,TEXT_PARENT,MATH_RULE,TEXT_VECTOR,RAW_MASK,0,1034.9954,1033.9954,3.0,N/A,PASS,0,PENDING,PENDING_VISUAL_OPEN,,
PAIR_0872,T19,H01,TEXT_PARENT,MATH_RULE,TEXT_VECTOR,RAW_MASK,0,797.938,796.938,3.0,N/A,PASS,0,PENDING,PENDING_VISUAL_OPEN,,
PAIR_0873,T19,R06,TEXT_PARENT,MATH_RULE,TEXT_VECTOR,RAW_MASK,0,830.0946,829.0946,3.0,N/A,PASS,0,PENDING,PENDING_VISUAL_OPEN,,
PAIR_0874,T19,C01,TEXT_PARENT,NODE_BORDER,TEXT_VECTOR,RAW_MASK,0,140.0,139.0,3.0,N/A,PASS,0,PENDING,PENDING_VISUAL_OPEN,,
PAIR_0875,T19,R07,TEXT_PARENT,MATH_RULE,TEXT_VECTOR,RAW_MASK,0,425.7566,424.7566,3.0,N/A,PASS,0,PENDING,PENDING_VISUAL_OPEN,,
PAIR_0876,T19,R08,TEXT_PARENT,MATH_RULE,TEXT_VECTOR,RAW_MASK,0,456.5396,455.5396,3.0,N/A,PASS,0,PENDING,PENDING_VISUAL_OPEN,,
PAIR_0877,T19,R09,TEXT_PARENT,MATH_RULE,TEXT_VECTOR,RAW_MASK,0,259.783,258.783,3.0,N/A,PASS,0,PENDING,PENDING_VISUAL_OPEN,,
PAIR_0878,T19,C02,TEXT_PARENT,LINE_ARROW,TEXT_VECTOR,RAW_MASK,0,723.845,722.845,3.0,N/A,PASS,0,PENDING,PENDING_VISUAL_OPEN,,
PAIR_0879,T19,C03,TEXT_PARENT,LINE_ARROW,TEXT_VECTOR,RAW_MASK,0,106.4636,105.4636,3.0,N/A,PASS,0,PENDING,PENDING_VISUAL_OPEN,,
PAIR_0880,T19,R10,TEXT_PARENT,MATH_RULE,TEXT_VECTOR,RAW_MASK,0,231.9799,230.9799,3.0,N/A,PASS,0,PENDING,PENDING_VISUAL_OPEN,,
PAIR_0881,T19,R11,TEXT_PARENT,MATH_RULE,TEXT_VECTOR,RAW_MASK,0,291.2412,290.2412,3.0,N/A,PASS,0,PENDING,PENDING_VISUAL_OPEN,,
PAIR_0882,T19,N03,TEXT_PARENT,NODE_BORDER,TEXT_VECTOR,RAW_MASK,0,35.969,34.969,3.0,N/A,PASS,0,PENDING,PENDING_VISUAL_OPEN,,
PAIR_0883,T19,N04,TEXT_PARENT,NODE_BORDER,TEXT_VECTOR,RAW_MASK,0,37.3907,36.3907,3.0,N/A,PASS,0,PENDING,PENDING_VISUAL_OPEN,,
PAIR_0884,T19,E05,TEXT_PARENT,LINE_ARROW,TEXT_VECTOR,RAW_MASK,0,139.876,138.876,3.0,N/A,PASS,0,PENDING,PENDING_VISUAL_OPEN,,
PAIR_0885,T19,E06,TEXT_PARENT,LINE_ARROW,TEXT_VECTOR,RAW_MASK,0,142.8605,141.8605,3.0,N/A,PASS,0,PENDING,PENDING_VISUAL_OPEN,,
PAIR_0886,T19,E07,TEXT_PARENT,LINE_ARROW,TEXT_VECTOR,RAW_MASK,0,79.1349,78.1349,3.0,N/A,PASS,0,PENDING,PENDING_VISUAL_OPEN,,
PAIR_0887,T19,B02,TEXT_PARENT,NODE_BORDER,TEXT_VECTOR,RAW_MASK,0,115.0,114.0,3.0,N/A,PASS,0,PENDING,PENDING_VISUAL_OPEN,,
PAIR_0888,T19,R12,TEXT_PARENT,MATH_RULE,TEXT_VECTOR,RAW_MASK,0,145.5287,144.5287,3.0,N/A,PASS,0,PENDING,PENDING_VISUAL_OPEN,,
PAIR_0889,T19,E08,TEXT_PARENT,LINE_ARROW,TEXT_VECTOR,RAW_MASK,0,12.9845,11.9845,3.0,N/A,PASS,0,PENDING,PENDING_VISUAL_OPEN,05_pairs/critical/PAIR_0889_1x.png,05_pairs/critical/PAIR_0889_8x.png
PAIR_0890,T19,R13,TEXT_PARENT,MATH_RULE,TEXT_VECTOR,RAW_MASK,0,16.7876,15.7876,3.0,N/A,PASS,0,PENDING,PENDING_VISUAL_OPEN,,
PAIR_0891,T19,R14,TEXT_PARENT,MATH_RULE,TEXT_VECTOR,RAW_MASK,0,55.3473,54.3473,3.0,N/A,PASS,0,PENDING,PENDING_VISUAL_OPEN,,
PAIR_0892,T19,H02,TEXT_PARENT,MATH_RULE,TEXT_VECTOR,RAW_MASK,0,64.0,63.0,3.0,N/A,PASS,0,PENDING,PENDING_VISUAL_OPEN,,
PAIR_0893,T19,R15,TEXT_PARENT,MATH_RULE,TEXT_VECTOR,RAW_MASK,0,170.938,169.938,3.0,N/A,PASS,0,PENDING,PENDING_VISUAL_OPEN,,
PAIR_0894,T20,T21,TEXT_PARENT,TEXT_PARENT,TEXT_TEXT,FINAL_VISIBLE_GLYPH_VECTOR_BBOX,0,34.7721,25.0,4.0,29.0,PASS,0,PENDING,PENDING_VISUAL_OPEN,,
PAIR_0895,T20,T22,TEXT_PARENT,TEXT_PARENT,TEXT_TEXT,FINAL_VISIBLE_GLYPH_VECTOR_BBOX,0,27.3938,15.0,4.0,19.0,PASS,0,PENDING,PENDING_VISUAL_OPEN,,
PAIR_0896,T20,T23,TEXT_PARENT,TEXT_PARENT,TEXT_TEXT,FINAL_VISIBLE_GLYPH_VECTOR_BBOX,0,106.0,104.0,4.0,94.0,PASS,0,PENDING,PENDING_VISUAL_OPEN,,
PAIR_0897,T20,R01,TEXT_PARENT,MATH_RULE,TEXT_VECTOR,RAW_MASK,0,858.4481,857.4481,3.0,N/A,PASS,0,PENDING,PENDING_VISUAL_OPEN,,
PAIR_0898,T20,R02,TEXT_PARENT,MATH_RULE,TEXT_VECTOR,RAW_MASK,0,742.8109,741.8109,3.0,N/A,PASS,0,PENDING,PENDING_VISUAL_OPEN,,
PAIR_0899,T20,N01,TEXT_PARENT,NODE_BORDER,TEXT_VECTOR,RAW_MASK,0,994.9752,993.9752,3.0,N/A,PASS,0,PENDING,PENDING_VISUAL_OPEN,,
PAIR_0900,T20,N02,TEXT_PARENT,NODE_BORDER,TEXT_VECTOR,RAW_MASK,0,675.9752,674.9752,3.0,N/A,PASS,0,PENDING,PENDING_VISUAL_OPEN,,
PAIR_0901,T20,E01,TEXT_PARENT,LINE_ARROW,TEXT_VECTOR,RAW_MASK,0,1106.4,1105.4,3.0,N/A,PASS,0,PENDING,PENDING_VISUAL_OPEN,,
PAIR_0902,T20,E02,TEXT_PARENT,LINE_ARROW,TEXT_VECTOR,RAW_MASK,0,582.3845,581.3845,3.0,N/A,PASS,0,PENDING,PENDING_VISUAL_OPEN,,
PAIR_0903,T20,E03,TEXT_PARENT,LINE_ARROW,TEXT_VECTOR,RAW_MASK,0,798.276,797.276,3.0,N/A,PASS,0,PENDING,PENDING_VISUAL_OPEN,,
PAIR_0904,T20,B01,TEXT_PARENT,NODE_BORDER,TEXT_VECTOR,RAW_MASK,0,801.152,800.152,3.0,N/A,PASS,0,PENDING,PENDING_VISUAL_OPEN,,
PAIR_0905,T20,R03,TEXT_PARENT,MATH_RULE,TEXT_VECTOR,RAW_MASK,0,891.09,890.09,3.0,N/A,PASS,0,PENDING,PENDING_VISUAL_OPEN,,
PAIR_0906,T20,E04,TEXT_PARENT,LINE_ARROW,TEXT_VECTOR,RAW_MASK,0,784.0217,783.0217,3.0,N/A,PASS,0,PENDING,PENDING_VISUAL_OPEN,,
PAIR_0907,T20,R04,TEXT_PARENT,MATH_RULE,TEXT_VECTOR,RAW_MASK,0,857.2233,856.2233,3.0,N/A,PASS,0,PENDING,PENDING_VISUAL_OPEN,,
PAIR_0908,T20,R05,TEXT_PARENT,MATH_RULE,TEXT_VECTOR,RAW_MASK,0,945.5907,944.5907,3.0,N/A,PASS,0,PENDING,PENDING_VISUAL_OPEN,,
PAIR_0909,T20,H01,TEXT_PARENT,MATH_RULE,TEXT_VECTOR,RAW_MASK,0,718.3783,717.3783,3.0,N/A,PASS,0,PENDING,PENDING_VISUAL_OPEN,,
PAIR_0910,T20,R06,TEXT_PARENT,MATH_RULE,TEXT_VECTOR,RAW_MASK,0,735.5706,734.5706,3.0,N/A,PASS,0,PENDING,PENDING_VISUAL_OPEN,,
PAIR_0911,T20,C01,TEXT_PARENT,NODE_BORDER,TEXT_VECTOR,RAW_MASK,0,63.0,62.0,3.0,N/A,PASS,0,PENDING,PENDING_VISUAL_OPEN,,
PAIR_0912,T20,R07,TEXT_PARENT,MATH_RULE,TEXT_VECTOR,RAW_MASK,0,354.1504,353.1504,3.0,N/A,PASS,0,PENDING,PENDING_VISUAL_OPEN,,
PAIR_0913,T20,R08,TEXT_PARENT,MATH_RULE,TEXT_VECTOR,RAW_MASK,0,363.7876,362.7876,3.0,N/A,PASS,0,PENDING,PENDING_VISUAL_OPEN,,
PAIR_0914,T20,R09,TEXT_PARENT,MATH_RULE,TEXT_VECTOR,RAW_MASK,0,170.3783,169.3783,3.0,N/A,PASS,0,PENDING,PENDING_VISUAL_OPEN,,
PAIR_0915,T20,C02,TEXT_PARENT,LINE_ARROW,TEXT_VECTOR,RAW_MASK,0,642.9845,641.9845,3.0,N/A,PASS,0,PENDING,PENDING_VISUAL_OPEN,,
PAIR_0916,T20,C03,TEXT_PARENT,LINE_ARROW,TEXT_VECTOR,RAW_MASK,0,24.3783,23.3783,3.0,N/A,PASS,0,PENDING,PENDING_VISUAL_OPEN,,
PAIR_0917,T20,R10,TEXT_PARENT,MATH_RULE,TEXT_VECTOR,RAW_MASK,0,266.0,265.0,3.0,N/A,PASS,0,PENDING,PENDING_VISUAL_OPEN,,
PAIR_0918,T20,R11,TEXT_PARENT,MATH_RULE,TEXT_VECTOR,RAW_MASK,0,287.6279,286.6279,3.0,N/A,PASS,0,PENDING,PENDING_VISUAL_OPEN,,
PAIR_0919,T20,N03,TEXT_PARENT,NODE_BORDER,TEXT_VECTOR,RAW_MASK,0,81.9969,80.9969,3.0,N/A,PASS,0,PENDING,PENDING_VISUAL_OPEN,,
PAIR_0920,T20,N04,TEXT_PARENT,NODE_BORDER,TEXT_VECTOR,RAW_MASK,0,47.0,46.0,3.0,N/A,PASS,0,PENDING,PENDING_VISUAL_OPEN,,
PAIR_0921,T20,E05,TEXT_PARENT,LINE_ARROW,TEXT_VECTOR,RAW_MASK,0,137.6078,136.6078,3.0,N/A,PASS,0,PENDING,PENDING_VISUAL_OPEN,,
PAIR_0922,T20,E06,TEXT_PARENT,LINE_ARROW,TEXT_VECTOR,RAW_MASK,0,105.1287,104.1287,3.0,N/A,PASS,0,PENDING,PENDING_VISUAL_OPEN,,
PAIR_0923,T20,E07,TEXT_PARENT,LINE_ARROW,TEXT_VECTOR,RAW_MASK,0,131.6791,130.6791,3.0,N/A,PASS,0,PENDING,PENDING_VISUAL_OPEN,,
PAIR_0924,T20,B02,TEXT_PARENT,NODE_BORDER,TEXT_VECTOR,RAW_MASK,0,164.0,163.0,3.0,N/A,PASS,0,PENDING,PENDING_VISUAL_OPEN,,
PAIR_0925,T20,R12,TEXT_PARENT,MATH_RULE,TEXT_VECTOR,RAW_MASK,0,194.907,193.907,3.0,N/A,PASS,0,PENDING,PENDING_VISUAL_OPEN,,
PAIR_0926,T20,E08,TEXT_PARENT,LINE_ARROW,TEXT_VECTOR,RAW_MASK,0,62.5752,61.5752,3.0,N/A,PASS,0,PENDING,PENDING_VISUAL_OPEN,,
PAIR_0927,T20,R13,TEXT_PARENT,MATH_RULE,TEXT_VECTOR,RAW_MASK,0,23.0,22.0,3.0,N/A,PASS,0,PENDING,PENDING_VISUAL_OPEN,,
PAIR_0928,T20,R14,TEXT_PARENT,MATH_RULE,TEXT_VECTOR,RAW_MASK,0,15.0,14.0,3.0,N/A,PASS,0,PENDING,PENDING_VISUAL_OPEN,,
PAIR_0929,T20,H02,TEXT_PARENT,MATH_RULE,TEXT_VECTOR,RAW_MASK,0,4.0,3.0,3.0,N/A,PASS,0,PENDING,PENDING_VISUAL_OPEN,05_pairs/critical/PAIR_0929_1x.png,05_pairs/critical/PAIR_0929_8x.png
PAIR_0930,T20,R15,TEXT_PARENT,MATH_RULE,TEXT_VECTOR,RAW_MASK,0,33.969,32.969,3.0,N/A,PASS,0,PENDING,PENDING_VISUAL_OPEN,,
PAIR_0931,T21,T22,TEXT_PARENT,TEXT_PARENT,TEXT_TEXT,FINAL_VISIBLE_GLYPH_VECTOR_BBOX,0,30.7721,28.0,4.0,0.0,PASS,0,PENDING,PENDING_VISUAL_OPEN,,
PAIR_0932,T21,T23,TEXT_PARENT,TEXT_PARENT,TEXT_TEXT,FINAL_VISIBLE_GLYPH_VECTOR_BBOX,0,43.0,41.0,4.0,20.0,PASS,0,PENDING,PENDING_VISUAL_OPEN,,
PAIR_0933,T21,R01,TEXT_PARENT,MATH_RULE,TEXT_VECTOR,RAW_MASK,0,815.4599,814.4599,3.0,N/A,PASS,0,PENDING,PENDING_VISUAL_OPEN,,
PAIR_0934,T21,R02,TEXT_PARENT,MATH_RULE,TEXT_VECTOR,RAW_MASK,0,728.2529,727.2529,3.0,N/A,PASS,0,PENDING,PENDING_VISUAL_OPEN,,
PAIR_0935,T21,N01,TEXT_PARENT,NODE_BORDER,TEXT_VECTOR,RAW_MASK,0,924.8,923.8,3.0,N/A,PASS,0,PENDING,PENDING_VISUAL_OPEN,,
PAIR_0936,T21,N02,TEXT_PARENT,NODE_BORDER,TEXT_VECTOR,RAW_MASK,0,605.8,604.8,3.0,N/A,PASS,0,PENDING,PENDING_VISUAL_OPEN,,
PAIR_0937,T21,E01,TEXT_PARENT,LINE_ARROW,TEXT_VECTOR,RAW_MASK,0,1036.2249,1035.2249,3.0,N/A,PASS,0,PENDING,PENDING_VISUAL_OPEN,,
PAIR_0938,T21,E02,TEXT_PARENT,LINE_ARROW,TEXT_VECTOR,RAW_MASK,0,518.2714,517.2714,3.0,N/A,PASS,0,PENDING,PENDING_VISUAL_OPEN,,
PAIR_0939,T21,E03,TEXT_PARENT,LINE_ARROW,TEXT_VECTOR,RAW_MASK,0,728.1008,727.1008,3.0,N/A,PASS,0,PENDING,PENDING_VISUAL_OPEN,,
PAIR_0940,T21,B01,TEXT_PARENT,NODE_BORDER,TEXT_VECTOR,RAW_MASK,0,730.9768,729.9768,3.0,N/A,PASS,0,PENDING,PENDING_VISUAL_OPEN,,
PAIR_0941,T21,R03,TEXT_PARENT,MATH_RULE,TEXT_VECTOR,RAW_MASK,0,820.9148,819.9148,3.0,N/A,PASS,0,PENDING,PENDING_VISUAL_OPEN,,
PAIR_0942,T21,E04,TEXT_PARENT,LINE_ARROW,TEXT_VECTOR,RAW_MASK,0,713.8466,712.8466,3.0,N/A,PASS,0,PENDING,PENDING_VISUAL_OPEN,,
PAIR_0943,T21,R04,TEXT_PARENT,MATH_RULE,TEXT_VECTOR,RAW_MASK,0,787.0481,786.0481,3.0,N/A,PASS,0,PENDING,PENDING_VISUAL_OPEN,,
PAIR_0944,T21,R05,TEXT_PARENT,MATH_RULE,TEXT_VECTOR,RAW_MASK,0,872.7365,871.7365,3.0,N/A,PASS,0,PENDING,PENDING_VISUAL_OPEN,,
PAIR_0945,T21,H01,TEXT_PARENT,MATH_RULE,TEXT_VECTOR,RAW_MASK,0,647.2961,646.2961,3.0,N/A,PASS,0,PENDING,PENDING_VISUAL_OPEN,,
PAIR_0946,T21,R06,TEXT_PARENT,MATH_RULE,TEXT_VECTOR,RAW_MASK,0,633.7721,632.7721,3.0,N/A,PASS,0,PENDING,PENDING_VISUAL_OPEN,,
PAIR_0947,T21,C01,TEXT_PARENT,NODE_BORDER,TEXT_VECTOR,RAW_MASK,0,20.0,19.0,3.0,N/A,PASS,0,PENDING,PENDING_VISUAL_OPEN,,
PAIR_0948,T21,R07,TEXT_PARENT,MATH_RULE,TEXT_VECTOR,RAW_MASK,0,284.8,283.8,3.0,N/A,PASS,0,PENDING,PENDING_VISUAL_OPEN,,
PAIR_0949,T21,R08,TEXT_PARENT,MATH_RULE,TEXT_VECTOR,RAW_MASK,0,292.7054,291.7054,3.0,N/A,PASS,0,PENDING,PENDING_VISUAL_OPEN,,
PAIR_0950,T21,R09,TEXT_PARENT,MATH_RULE,TEXT_VECTOR,RAW_MASK,0,108.9194,107.9194,3.0,N/A,PASS,0,PENDING,PENDING_VISUAL_OPEN,,
PAIR_0951,T21,C02,TEXT_PARENT,LINE_ARROW,TEXT_VECTOR,RAW_MASK,0,572.8093,571.8093,3.0,N/A,PASS,0,PENDING,PENDING_VISUAL_OPEN,,
PAIR_0952,T21,C03,TEXT_PARENT,LINE_ARROW,TEXT_VECTOR,RAW_MASK,0,102.5752,101.5752,3.0,N/A,PASS,0,PENDING,PENDING_VISUAL_OPEN,,
PAIR_0953,T21,R10,TEXT_PARENT,MATH_RULE,TEXT_VECTOR,RAW_MASK,0,459.7582,458.7582,3.0,N/A,PASS,0,PENDING,PENDING_VISUAL_OPEN,,
PAIR_0954,T21,R11,TEXT_PARENT,MATH_RULE,TEXT_VECTOR,RAW_MASK,0,533.4391,532.4391,3.0,N/A,PASS,0,PENDING,PENDING_VISUAL_OPEN,,
PAIR_0955,T21,N03,TEXT_PARENT,NODE_BORDER,TEXT_VECTOR,RAW_MASK,0,190.0,189.0,3.0,N/A,PASS,0,PENDING,PENDING_VISUAL_OPEN,,
PAIR_0956,T21,N04,TEXT_PARENT,NODE_BORDER,TEXT_VECTOR,RAW_MASK,0,276.2939,275.2939,3.0,N/A,PASS,0,PENDING,PENDING_VISUAL_OPEN,,
PAIR_0957,T21,E05,TEXT_PARENT,LINE_ARROW,TEXT_VECTOR,RAW_MASK,0,225.0,224.0,3.0,N/A,PASS,0,PENDING,PENDING_VISUAL_OPEN,,
PAIR_0958,T21,E06,TEXT_PARENT,LINE_ARROW,TEXT_VECTOR,RAW_MASK,0,363.5029,362.5029,3.0,N/A,PASS,0,PENDING,PENDING_VISUAL_OPEN,,
PAIR_0959,T21,E07,TEXT_PARENT,LINE_ARROW,TEXT_VECTOR,RAW_MASK,0,268.1814,267.1814,3.0,N/A,PASS,0,PENDING,PENDING_VISUAL_OPEN,,
PAIR_0960,T21,B02,TEXT_PARENT,NODE_BORDER,TEXT_VECTOR,RAW_MASK,0,309.9535,308.9535,3.0,N/A,PASS,0,PENDING,PENDING_VISUAL_OPEN,,
PAIR_0961,T21,R12,TEXT_PARENT,MATH_RULE,TEXT_VECTOR,RAW_MASK,0,348.6946,347.6946,3.0,N/A,PASS,0,PENDING,PENDING_VISUAL_OPEN,,
PAIR_0962,T21,E08,TEXT_PARENT,LINE_ARROW,TEXT_VECTOR,RAW_MASK,0,214.7256,213.7256,3.0,N/A,PASS,0,PENDING,PENDING_VISUAL_OPEN,,
PAIR_0963,T21,R13,TEXT_PARENT,MATH_RULE,TEXT_VECTOR,RAW_MASK,0,175.6946,174.6946,3.0,N/A,PASS,0,PENDING,PENDING_VISUAL_OPEN,,
PAIR_0964,T21,R14,TEXT_PARENT,MATH_RULE,TEXT_VECTOR,RAW_MASK,0,70.0,69.0,3.0,N/A,PASS,0,PENDING,PENDING_VISUAL_OPEN,,
PAIR_0965,T21,H02,TEXT_PARENT,MATH_RULE,TEXT_VECTOR,RAW_MASK,0,38.5752,37.5752,3.0,N/A,PASS,0,PENDING,PENDING_VISUAL_OPEN,,
PAIR_0966,T21,R15,TEXT_PARENT,MATH_RULE,TEXT_VECTOR,RAW_MASK,0,159.0,158.0,3.0,N/A,PASS,0,PENDING,PENDING_VISUAL_OPEN,,
PAIR_0967,T22,T23,TEXT_PARENT,TEXT_PARENT,TEXT_TEXT,FINAL_VISIBLE_GLYPH_VECTOR_BBOX,0,38.0,36.0,4.0,19.0,PASS,0,PENDING,PENDING_VISUAL_OPEN,,
PAIR_0968,T22,R01,TEXT_PARENT,MATH_RULE,TEXT_VECTOR,RAW_MASK,0,1022.9985,1021.9985,3.0,N/A,PASS,0,PENDING,PENDING_VISUAL_OPEN,,
PAIR_0969,T22,R02,TEXT_PARENT,MATH_RULE,TEXT_VECTOR,RAW_MASK,0,917.1844,916.1844,3.0,N/A,PASS,0,PENDING,PENDING_VISUAL_OPEN,,
PAIR_0970,T22,N01,TEXT_PARENT,NODE_BORDER,TEXT_VECTOR,RAW_MASK,0,1159.5256,1158.5256,3.0,N/A,PASS,0,PENDING,PENDING_VISUAL_OPEN,,
PAIR_0971,T22,N02,TEXT_PARENT,NODE_BORDER,TEXT_VECTOR,RAW_MASK,0,840.5256,839.5256,3.0,N/A,PASS,0,PENDING,PENDING_VISUAL_OPEN,,
PAIR_0972,T22,E01,TEXT_PARENT,LINE_ARROW,TEXT_VECTOR,RAW_MASK,0,1270.9504,1269.9504,3.0,N/A,PASS,0,PENDING,PENDING_VISUAL_OPEN,,
PAIR_0973,T22,E02,TEXT_PARENT,LINE_ARROW,TEXT_VECTOR,RAW_MASK,0,746.9349,745.9349,3.0,N/A,PASS,0,PENDING,PENDING_VISUAL_OPEN,,
PAIR_0974,T22,E03,TEXT_PARENT,LINE_ARROW,TEXT_VECTOR,RAW_MASK,0,962.8264,961.8264,3.0,N/A,PASS,0,PENDING,PENDING_VISUAL_OPEN,,
PAIR_0975,T22,B01,TEXT_PARENT,NODE_BORDER,TEXT_VECTOR,RAW_MASK,0,965.7024,964.7024,3.0,N/A,PASS,0,PENDING,PENDING_VISUAL_OPEN,,
PAIR_0976,T22,R03,TEXT_PARENT,MATH_RULE,TEXT_VECTOR,RAW_MASK,0,1055.6404,1054.6404,3.0,N/A,PASS,0,PENDING,PENDING_VISUAL_OPEN,,
PAIR_0977,T22,E04,TEXT_PARENT,LINE_ARROW,TEXT_VECTOR,RAW_MASK,0,948.5721,947.5721,3.0,N/A,PASS,0,PENDING,PENDING_VISUAL_OPEN,,
PAIR_0978,T22,R04,TEXT_PARENT,MATH_RULE,TEXT_VECTOR,RAW_MASK,0,1021.7737,1020.7737,3.0,N/A,PASS,0,PENDING,PENDING_VISUAL_OPEN,,
PAIR_0979,T22,R05,TEXT_PARENT,MATH_RULE,TEXT_VECTOR,RAW_MASK,0,1107.462,1106.462,3.0,N/A,PASS,0,PENDING,PENDING_VISUAL_OPEN,,
PAIR_0980,T22,H01,TEXT_PARENT,MATH_RULE,TEXT_VECTOR,RAW_MASK,0,882.0217,881.0217,3.0,N/A,PASS,0,PENDING,PENDING_VISUAL_OPEN,,
PAIR_0981,T22,R06,TEXT_PARENT,MATH_RULE,TEXT_VECTOR,RAW_MASK,0,864.7566,863.7566,3.0,N/A,PASS,0,PENDING,PENDING_VISUAL_OPEN,,
PAIR_0982,T22,C01,TEXT_PARENT,NODE_BORDER,TEXT_VECTOR,RAW_MASK,0,217.783,216.783,3.0,N/A,PASS,0,PENDING,PENDING_VISUAL_OPEN,,
PAIR_0983,T22,R07,TEXT_PARENT,MATH_RULE,TEXT_VECTOR,RAW_MASK,0,518.7008,517.7008,3.0,N/A,PASS,0,PENDING,PENDING_VISUAL_OPEN,,
PAIR_0984,T22,R08,TEXT_PARENT,MATH_RULE,TEXT_VECTOR,RAW_MASK,0,527.431,526.431,3.0,N/A,PASS,0,PENDING,PENDING_VISUAL_OPEN,,
PAIR_0985,T22,R09,TEXT_PARENT,MATH_RULE,TEXT_VECTOR,RAW_MASK,0,330.6744,329.6744,3.0,N/A,PASS,0,PENDING,PENDING_VISUAL_OPEN,,
PAIR_0986,T22,C02,TEXT_PARENT,LINE_ARROW,TEXT_VECTOR,RAW_MASK,0,807.5349,806.5349,3.0,N/A,PASS,0,PENDING,PENDING_VISUAL_OPEN,,
PAIR_0987,T22,C03,TEXT_PARENT,LINE_ARROW,TEXT_VECTOR,RAW_MASK,0,205.4539,204.4539,3.0,N/A,PASS,0,PENDING,PENDING_VISUAL_OPEN,,
PAIR_0988,T22,R10,TEXT_PARENT,MATH_RULE,TEXT_VECTOR,RAW_MASK,0,406.6791,405.6791,3.0,N/A,PASS,0,PENDING,PENDING_VISUAL_OPEN,,
PAIR_0989,T22,R11,TEXT_PARENT,MATH_RULE,TEXT_VECTOR,RAW_MASK,0,403.8915,402.8915,3.0,N/A,PASS,0,PENDING,PENDING_VISUAL_OPEN,,
PAIR_0990,T22,N03,TEXT_PARENT,NODE_BORDER,TEXT_VECTOR,RAW_MASK,0,233.8837,232.8837,3.0,N/A,PASS,0,PENDING,PENDING_VISUAL_OPEN,,
PAIR_0991,T22,N04,TEXT_PARENT,NODE_BORDER,TEXT_VECTOR,RAW_MASK,0,190.4357,189.4357,3.0,N/A,PASS,0,PENDING,PENDING_VISUAL_OPEN,,
PAIR_0992,T22,E05,TEXT_PARENT,LINE_ARROW,TEXT_VECTOR,RAW_MASK,0,313.0597,312.0597,3.0,N/A,PASS,0,PENDING,PENDING_VISUAL_OPEN,,
PAIR_0993,T22,E06,TEXT_PARENT,LINE_ARROW,TEXT_VECTOR,RAW_MASK,0,210.1814,209.1814,3.0,N/A,PASS,0,PENDING,PENDING_VISUAL_OPEN,,
PAIR_0994,T22,E07,TEXT_PARENT,LINE_ARROW,TEXT_VECTOR,RAW_MASK,0,260.3938,259.3938,3.0,N/A,PASS,0,PENDING,PENDING_VISUAL_OPEN,,
PAIR_0995,T22,B02,TEXT_PARENT,NODE_BORDER,TEXT_VECTOR,RAW_MASK,0,297.0,296.0,3.0,N/A,PASS,0,PENDING,PENDING_VISUAL_OPEN,,
PAIR_0996,T22,R12,TEXT_PARENT,MATH_RULE,TEXT_VECTOR,RAW_MASK,0,322.0,321.0,3.0,N/A,PASS,0,PENDING,PENDING_VISUAL_OPEN,,
PAIR_0997,T22,E08,TEXT_PARENT,LINE_ARROW,TEXT_VECTOR,RAW_MASK,0,193.0,192.0,3.0,N/A,PASS,0,PENDING,PENDING_VISUAL_OPEN,,
PAIR_0998,T22,R13,TEXT_PARENT,MATH_RULE,TEXT_VECTOR,RAW_MASK,0,149.0,148.0,3.0,N/A,PASS,0,PENDING,PENDING_VISUAL_OPEN,,
PAIR_0999,T22,R14,TEXT_PARENT,MATH_RULE,TEXT_VECTOR,RAW_MASK,0,105.7535,104.7535,3.0,N/A,PASS,0,PENDING,PENDING_VISUAL_OPEN,,
PAIR_1000,T22,H02,TEXT_PARENT,MATH_RULE,TEXT_VECTOR,RAW_MASK,0,17.0,16.0,3.0,N/A,PASS,0,PENDING,PENDING_VISUAL_OPEN,,
PAIR_1001,T22,R15,TEXT_PARENT,MATH_RULE,TEXT_VECTOR,RAW_MASK,0,14.0,13.0,3.0,N/A,PASS,0,PENDING,PENDING_VISUAL_OPEN,,
PAIR_1002,T23,R01,TEXT_PARENT,MATH_RULE,TEXT_VECTOR,RAW_MASK,0,489.0,488.0,3.0,N/A,PASS,0,PENDING,PENDING_VISUAL_OPEN,,
PAIR_1003,T23,R02,TEXT_PARENT,MATH_RULE,TEXT_VECTOR,RAW_MASK,0,488.5907,487.5907,3.0,N/A,PASS,0,PENDING,PENDING_VISUAL_OPEN,,
PAIR_1004,T23,N01,TEXT_PARENT,NODE_BORDER,TEXT_VECTOR,RAW_MASK,0,276.5907,275.5907,3.0,N/A,PASS,0,PENDING,PENDING_VISUAL_OPEN,,
PAIR_1005,T23,N02,TEXT_PARENT,NODE_BORDER,TEXT_VECTOR,RAW_MASK,0,270.0,269.0,3.0,N/A,PASS,0,PENDING,PENDING_VISUAL_OPEN,,
PAIR_1006,T23,E01,TEXT_PARENT,LINE_ARROW,TEXT_VECTOR,RAW_MASK,0,303.0,302.0,3.0,N/A,PASS,0,PENDING,PENDING_VISUAL_OPEN,,
PAIR_1007,T23,E02,TEXT_PARENT,LINE_ARROW,TEXT_VECTOR,RAW_MASK,0,299.0,298.0,3.0,N/A,PASS,0,PENDING,PENDING_VISUAL_OPEN,,
PAIR_1008,T23,E03,TEXT_PARENT,LINE_ARROW,TEXT_VECTOR,RAW_MASK,0,347.5907,346.5907,3.0,N/A,PASS,0,PENDING,PENDING_VISUAL_OPEN,,
PAIR_1009,T23,B01,TEXT_PARENT,NODE_BORDER,TEXT_VECTOR,RAW_MASK,0,387.0,386.0,3.0,N/A,PASS,0,PENDING,PENDING_VISUAL_OPEN,,
PAIR_1010,T23,R03,TEXT_PARENT,MATH_RULE,TEXT_VECTOR,RAW_MASK,0,412.0,411.0,3.0,N/A,PASS,0,PENDING,PENDING_VISUAL_OPEN,,
PAIR_1011,T23,E04,TEXT_PARENT,LINE_ARROW,TEXT_VECTOR,RAW_MASK,0,283.0,282.0,3.0,N/A,PASS,0,PENDING,PENDING_VISUAL_OPEN,,
PAIR_1012,T23,R04,TEXT_PARENT,MATH_RULE,TEXT_VECTOR,RAW_MASK,0,239.0,238.0,3.0,N/A,PASS,0,PENDING,PENDING_VISUAL_OPEN,,
PAIR_1013,T23,R05,TEXT_PARENT,MATH_RULE,TEXT_VECTOR,RAW_MASK,0,147.0,146.0,3.0,N/A,PASS,0,PENDING,PENDING_VISUAL_OPEN,,
PAIR_1014,T23,H01,TEXT_PARENT,MATH_RULE,TEXT_VECTOR,RAW_MASK,0,160.0,159.0,3.0,N/A,PASS,0,PENDING,PENDING_VISUAL_OPEN,,
PAIR_1015,T23,R06,TEXT_PARENT,MATH_RULE,TEXT_VECTOR,RAW_MASK,0,50.0,49.0,3.0,N/A,PASS,0,PENDING,PENDING_VISUAL_OPEN,,
PAIR_1016,T23,C01,TEXT_PARENT,NODE_BORDER,TEXT_VECTOR,RAW_MASK,0,100.0,99.0,3.0,N/A,PASS,0,PENDING,PENDING_VISUAL_OPEN,,
PAIR_1017,T23,R07,TEXT_PARENT,MATH_RULE,TEXT_VECTOR,RAW_MASK,0,198.0,197.0,3.0,N/A,PASS,0,PENDING,PENDING_VISUAL_OPEN,,
PAIR_1018,T23,R08,TEXT_PARENT,MATH_RULE,TEXT_VECTOR,RAW_MASK,0,143.3783,142.3783,3.0,N/A,PASS,0,PENDING,PENDING_VISUAL_OPEN,,
PAIR_1019,T23,R09,TEXT_PARENT,MATH_RULE,TEXT_VECTOR,RAW_MASK,0,143.0,142.0,3.0,N/A,PASS,0,PENDING,PENDING_VISUAL_OPEN,,
PAIR_1020,T23,C02,TEXT_PARENT,LINE_ARROW,TEXT_VECTOR,RAW_MASK,0,181.1969,180.1969,3.0,N/A,PASS,0,PENDING,PENDING_VISUAL_OPEN,,
PAIR_1021,T23,C03,TEXT_PARENT,LINE_ARROW,TEXT_VECTOR,RAW_MASK,0,189.3473,188.3473,3.0,N/A,PASS,0,PENDING,PENDING_VISUAL_OPEN,,
PAIR_1022,T23,R10,TEXT_PARENT,MATH_RULE,TEXT_VECTOR,RAW_MASK,0,489.0,488.0,3.0,N/A,PASS,0,PENDING,PENDING_VISUAL_OPEN,,
PAIR_1023,T23,R11,TEXT_PARENT,MATH_RULE,TEXT_VECTOR,RAW_MASK,0,494.2853,493.2853,3.0,N/A,PASS,0,PENDING,PENDING_VISUAL_OPEN,,
PAIR_1024,T23,N03,TEXT_PARENT,NODE_BORDER,TEXT_VECTOR,RAW_MASK,0,275.7876,274.7876,3.0,N/A,PASS,0,PENDING,PENDING_VISUAL_OPEN,,
PAIR_1025,T23,N04,TEXT_PARENT,NODE_BORDER,TEXT_VECTOR,RAW_MASK,0,270.0,269.0,3.0,N/A,PASS,0,PENDING,PENDING_VISUAL_OPEN,,
PAIR_1026,T23,E05,TEXT_PARENT,LINE_ARROW,TEXT_VECTOR,RAW_MASK,0,306.1814,305.1814,3.0,N/A,PASS,0,PENDING,PENDING_VISUAL_OPEN,,
PAIR_1027,T23,E06,TEXT_PARENT,LINE_ARROW,TEXT_VECTOR,RAW_MASK,0,299.0,298.0,3.0,N/A,PASS,0,PENDING,PENDING_VISUAL_OPEN,,
PAIR_1028,T23,E07,TEXT_PARENT,LINE_ARROW,TEXT_VECTOR,RAW_MASK,0,350.5907,349.5907,3.0,N/A,PASS,0,PENDING,PENDING_VISUAL_OPEN,,
PAIR_1029,T23,B02,TEXT_PARENT,NODE_BORDER,TEXT_VECTOR,RAW_MASK,0,387.0,386.0,3.0,N/A,PASS,0,PENDING,PENDING_VISUAL_OPEN,,
PAIR_1030,T23,R12,TEXT_PARENT,MATH_RULE,TEXT_VECTOR,RAW_MASK,0,412.0,411.0,3.0,N/A,PASS,0,PENDING,PENDING_VISUAL_OPEN,,
PAIR_1031,T23,E08,TEXT_PARENT,LINE_ARROW,TEXT_VECTOR,RAW_MASK,0,283.0,282.0,3.0,N/A,PASS,0,PENDING,PENDING_VISUAL_OPEN,,
PAIR_1032,T23,R13,TEXT_PARENT,MATH_RULE,TEXT_VECTOR,RAW_MASK,0,239.0,238.0,3.0,N/A,PASS,0,PENDING,PENDING_VISUAL_OPEN,,
PAIR_1033,T23,R14,TEXT_PARENT,MATH_RULE,TEXT_VECTOR,RAW_MASK,0,152.3628,151.3628,3.0,N/A,PASS,0,PENDING,PENDING_VISUAL_OPEN,,
PAIR_1034,T23,H02,TEXT_PARENT,MATH_RULE,TEXT_VECTOR,RAW_MASK,0,107.0,106.0,3.0,N/A,PASS,0,PENDING,PENDING_VISUAL_OPEN,,
PAIR_1035,T23,R15,TEXT_PARENT,MATH_RULE,TEXT_VECTOR,RAW_MASK,0,45.0,44.0,3.0,N/A,PASS,0,PENDING,PENDING_VISUAL_OPEN,,
PAIR_1036,R01,R02,MATH_RULE,MATH_RULE,VECTOR_VECTOR,RAW_MASK,0,78.969,77.969,0.0,N/A,PASS,0,PENDING,PENDING_VISUAL_OPEN,,
PAIR_1037,R01,N01,MATH_RULE,NODE_BORDER,VECTOR_VECTOR,RAW_MASK,0,193.9315,192.9315,0.0,N/A,PASS,0,PENDING,PENDING_VISUAL_OPEN,,
PAIR_1038,R01,N02,MATH_RULE,NODE_BORDER,VECTOR_VECTOR,RAW_MASK,0,125.0295,124.0295,0.0,N/A,PASS,0,PENDING,PENDING_VISUAL_OPEN,,
PAIR_1039,R01,E01,MATH_RULE,LINE_ARROW,VECTOR_VECTOR,RAW_MASK,0,290.0557,289.0557,0.0,N/A,PASS,0,PENDING,PENDING_VISUAL_OPEN,,
PAIR_1040,R01,E02,MATH_RULE,LINE_ARROW,VECTOR_VECTOR,RAW_MASK,0,204.3998,203.3998,0.0,N/A,PASS,0,PENDING,PENDING_VISUAL_OPEN,,
PAIR_1041,R01,E03,MATH_RULE,LINE_ARROW,VECTOR_VECTOR,RAW_MASK,0,114.7876,113.7876,0.0,N/A,PASS,0,PENDING,PENDING_VISUAL_OPEN,,
PAIR_1042,R01,B01,MATH_RULE,NODE_BORDER,VECTOR_VECTOR,RAW_MASK,0,28.0,27.0,0.0,N/A,PASS,0,PENDING,PENDING_VISUAL_OPEN,,
PAIR_1043,R01,R03,MATH_RULE,MATH_RULE,VECTOR_VECTOR,RAW_MASK,0,52.1504,51.1504,0.0,N/A,PASS,0,PENDING,PENDING_VISUAL_OPEN,,
PAIR_1044,R01,E04,MATH_RULE,LINE_ARROW,VECTOR_VECTOR,RAW_MASK,0,188.2853,187.2853,0.0,N/A,PASS,0,PENDING,PENDING_VISUAL_OPEN,,
PAIR_1045,R01,R04,MATH_RULE,MATH_RULE,VECTOR_VECTOR,RAW_MASK,0,224.1504,223.1504,0.0,N/A,PASS,0,PENDING,PENDING_VISUAL_OPEN,,
PAIR_1046,R01,R05,MATH_RULE,MATH_RULE,VECTOR_VECTOR,RAW_MASK,0,336.6279,335.6279,0.0,N/A,PASS,0,PENDING,PENDING_VISUAL_OPEN,,
PAIR_1047,R01,H01,MATH_RULE,MATH_RULE,VECTOR_VECTOR,RAW_MASK,0,268.0,267.0,0.0,N/A,PASS,0,PENDING,PENDING_VISUAL_OPEN,,
PAIR_1048,R01,R06,MATH_RULE,MATH_RULE,VECTOR_VECTOR,RAW_MASK,0,417.0884,416.0884,0.0,N/A,PASS,0,PENDING,PENDING_VISUAL_OPEN,,
PAIR_1049,R01,C01,MATH_RULE,NODE_BORDER,VECTOR_VECTOR,RAW_MASK,0,267.6568,266.6568,0.0,N/A,PASS,0,PENDING,PENDING_VISUAL_OPEN,,
PAIR_1050,R01,R07,MATH_RULE,MATH_RULE,VECTOR_VECTOR,RAW_MASK,0,483.7497,482.7497,0.0,N/A,PASS,0,PENDING,PENDING_VISUAL_OPEN,,
PAIR_1051,R01,R08,MATH_RULE,MATH_RULE,VECTOR_VECTOR,RAW_MASK,0,506.2371,505.2371,0.0,N/A,PASS,0,PENDING,PENDING_VISUAL_OPEN,,
PAIR_1052,R01,R09,MATH_RULE,MATH_RULE,VECTOR_VECTOR,RAW_MASK,0,660.1688,659.1688,0.0,N/A,PASS,0,PENDING,PENDING_VISUAL_OPEN,,
PAIR_1053,R01,C02,MATH_RULE,LINE_ARROW,VECTOR_VECTOR,RAW_MASK,0,316.9752,315.9752,0.0,N/A,PASS,0,PENDING,PENDING_VISUAL_OPEN,,
PAIR_1054,R01,C03,MATH_RULE,LINE_ARROW,VECTOR_VECTOR,RAW_MASK,0,787.0698,786.0698,0.0,N/A,PASS,0,PENDING,PENDING_VISUAL_OPEN,,
PAIR_1055,R01,R10,MATH_RULE,MATH_RULE,VECTOR_VECTOR,RAW_MASK,0,1109.0,1108.0,0.0,N/A,PASS,0,PENDING,PENDING_VISUAL_OPEN,,
PAIR_1056,R01,R11,MATH_RULE,MATH_RULE,VECTOR_VECTOR,RAW_MASK,0,1220.969,1219.969,0.0,N/A,PASS,0,PENDING,PENDING_VISUAL_OPEN,,
PAIR_1057,R01,N03,MATH_RULE,NODE_BORDER,VECTOR_VECTOR,RAW_MASK,0,771.338,770.338,0.0,N/A,PASS,0,PENDING,PENDING_VISUAL_OPEN,,
PAIR_1058,R01,N04,MATH_RULE,NODE_BORDER,VECTOR_VECTOR,RAW_MASK,0,1090.3225,1089.3225,0.0,N/A,PASS,0,PENDING,PENDING_VISUAL_OPEN,,
PAIR_1059,R01,E05,MATH_RULE,LINE_ARROW,VECTOR_VECTOR,RAW_MASK,0,677.7318,676.7318,0.0,N/A,PASS,0,PENDING,PENDING_VISUAL_OPEN,,
PAIR_1060,R01,E06,MATH_RULE,LINE_ARROW,VECTOR_VECTOR,RAW_MASK,0,1201.7473,1200.7473,0.0,N/A,PASS,0,PENDING,PENDING_VISUAL_OPEN,,
PAIR_1061,R01,E07,MATH_RULE,LINE_ARROW,VECTOR_VECTOR,RAW_MASK,0,878.369,877.369,0.0,N/A,PASS,0,PENDING,PENDING_VISUAL_OPEN,,
PAIR_1062,R01,B02,MATH_RULE,NODE_BORDER,VECTOR_VECTOR,RAW_MASK,0,863.6946,862.6946,0.0,N/A,PASS,0,PENDING,PENDING_VISUAL_OPEN,,
PAIR_1063,R01,R12,MATH_RULE,MATH_RULE,VECTOR_VECTOR,RAW_MASK,0,947.0419,946.0419,0.0,N/A,PASS,0,PENDING,PENDING_VISUAL_OPEN,,
PAIR_1064,R01,E08,MATH_RULE,LINE_ARROW,VECTOR_VECTOR,RAW_MASK,0,893.4264,892.4264,0.0,N/A,PASS,0,PENDING,PENDING_VISUAL_OPEN,,
PAIR_1065,R01,R13,MATH_RULE,MATH_RULE,VECTOR_VECTOR,RAW_MASK,0,980.9086,979.9086,0.0,N/A,PASS,0,PENDING,PENDING_VISUAL_OPEN,,
PAIR_1066,R01,R14,MATH_RULE,MATH_RULE,VECTOR_VECTOR,RAW_MASK,0,897.4326,896.4326,0.0,N/A,PASS,0,PENDING,PENDING_VISUAL_OPEN,,
PAIR_1067,R01,H02,MATH_RULE,MATH_RULE,VECTOR_VECTOR,RAW_MASK,0,974.5985,973.5985,0.0,N/A,PASS,0,PENDING,PENDING_VISUAL_OPEN,,
PAIR_1068,R01,R15,MATH_RULE,MATH_RULE,VECTOR_VECTOR,RAW_MASK,0,1145.9102,1144.9102,0.0,N/A,PASS,0,PENDING,PENDING_VISUAL_OPEN,,
PAIR_1069,R02,N01,MATH_RULE,NODE_BORDER,VECTOR_VECTOR,RAW_MASK,0,288.8279,287.8279,0.0,N/A,PASS,0,PENDING,PENDING_VISUAL_OPEN,,
PAIR_1070,R02,N02,MATH_RULE,NODE_BORDER,VECTOR_VECTOR,RAW_MASK,0,101.0,100.0,0.0,N/A,PASS,0,PENDING,PENDING_VISUAL_OPEN,,
PAIR_1071,R02,E01,MATH_RULE,LINE_ARROW,VECTOR_VECTOR,RAW_MASK,0,395.7163,394.7163,0.0,N/A,PASS,0,PENDING,PENDING_VISUAL_OPEN,,
PAIR_1072,R02,E02,MATH_RULE,LINE_ARROW,VECTOR_VECTOR,RAW_MASK,0,150.9954,149.9954,0.0,N/A,PASS,0,PENDING,PENDING_VISUAL_OPEN,,
PAIR_1073,R02,E03,MATH_RULE,LINE_ARROW,VECTOR_VECTOR,RAW_MASK,0,143.079,142.079,0.0,N/A,PASS,0,PENDING,PENDING_VISUAL_OPEN,,
PAIR_1074,R02,B01,MATH_RULE,NODE_BORDER,VECTOR_VECTOR,RAW_MASK,0,58.1969,57.1969,0.0,N/A,PASS,0,PENDING,PENDING_VISUAL_OPEN,,
PAIR_1075,R02,R03,MATH_RULE,MATH_RULE,VECTOR_VECTOR,RAW_MASK,0,137.2078,136.2078,0.0,N/A,PASS,0,PENDING,PENDING_VISUAL_OPEN,,
PAIR_1076,R02,E04,MATH_RULE,LINE_ARROW,VECTOR_VECTOR,RAW_MASK,0,191.0109,190.0109,0.0,N/A,PASS,0,PENDING,PENDING_VISUAL_OPEN,,
PAIR_1077,R02,R04,MATH_RULE,MATH_RULE,VECTOR_VECTOR,RAW_MASK,0,261.4743,260.4743,0.0,N/A,PASS,0,PENDING,PENDING_VISUAL_OPEN,,
PAIR_1078,R02,R05,MATH_RULE,MATH_RULE,VECTOR_VECTOR,RAW_MASK,0,397.5108,396.5108,0.0,N/A,PASS,0,PENDING,PENDING_VISUAL_OPEN,,
PAIR_1079,R02,H01,MATH_RULE,MATH_RULE,VECTOR_VECTOR,RAW_MASK,0,270.1349,269.1349,0.0,N/A,PASS,0,PENDING,PENDING_VISUAL_OPEN,,
PAIR_1080,R02,R06,MATH_RULE,MATH_RULE,VECTOR_VECTOR,RAW_MASK,0,413.1194,412.1194,0.0,N/A,PASS,0,PENDING,PENDING_VISUAL_OPEN,,
PAIR_1081,R02,C01,MATH_RULE,NODE_BORDER,VECTOR_VECTOR,RAW_MASK,0,221.1768,220.1768,0.0,N/A,PASS,0,PENDING,PENDING_VISUAL_OPEN,,
PAIR_1082,R02,R07,MATH_RULE,MATH_RULE,VECTOR_VECTOR,RAW_MASK,0,396.5431,395.5431,0.0,N/A,PASS,0,PENDING,PENDING_VISUAL_OPEN,,
PAIR_1083,R02,R08,MATH_RULE,MATH_RULE,VECTOR_VECTOR,RAW_MASK,0,433.5663,432.5663,0.0,N/A,PASS,0,PENDING,PENDING_VISUAL_OPEN,,
PAIR_1084,R02,R09,MATH_RULE,MATH_RULE,VECTOR_VECTOR,RAW_MASK,0,572.9617,571.9617,0.0,N/A,PASS,0,PENDING,PENDING_VISUAL_OPEN,,
PAIR_1085,R02,C02,MATH_RULE,LINE_ARROW,VECTOR_VECTOR,RAW_MASK,0,295.6791,294.6791,0.0,N/A,PASS,0,PENDING,PENDING_VISUAL_OPEN,,
PAIR_1086,R02,C03,MATH_RULE,LINE_ARROW,VECTOR_VECTOR,RAW_MASK,0,673.8667,672.8667,0.0,N/A,PASS,0,PENDING,PENDING_VISUAL_OPEN,,
PAIR_1087,R02,R10,MATH_RULE,MATH_RULE,VECTOR_VECTOR,RAW_MASK,0,992.969,991.969,0.0,N/A,PASS,0,PENDING,PENDING_VISUAL_OPEN,,
PAIR_1088,R02,R11,MATH_RULE,MATH_RULE,VECTOR_VECTOR,RAW_MASK,0,1101.0,1100.0,0.0,N/A,PASS,0,PENDING,PENDING_VISUAL_OPEN,,
PAIR_1089,R02,N03,MATH_RULE,NODE_BORDER,VECTOR_VECTOR,RAW_MASK,0,655.7008,654.7008,0.0,N/A,PASS,0,PENDING,PENDING_VISUAL_OPEN,,
PAIR_1090,R02,N04,MATH_RULE,NODE_BORDER,VECTOR_VECTOR,RAW_MASK,0,974.6853,973.6853,0.0,N/A,PASS,0,PENDING,PENDING_VISUAL_OPEN,,
PAIR_1091,R02,E05,MATH_RULE,LINE_ARROW,VECTOR_VECTOR,RAW_MASK,0,562.0946,561.0946,0.0,N/A,PASS,0,PENDING,PENDING_VISUAL_OPEN,,
PAIR_1092,R02,E06,MATH_RULE,LINE_ARROW,VECTOR_VECTOR,RAW_MASK,0,1086.1101,1085.1101,0.0,N/A,PASS,0,PENDING,PENDING_VISUAL_OPEN,,
PAIR_1093,R02,E07,MATH_RULE,LINE_ARROW,VECTOR_VECTOR,RAW_MASK,0,762.7318,761.7318,0.0,N/A,PASS,0,PENDING,PENDING_VISUAL_OPEN,,
PAIR_1094,R02,B02,MATH_RULE,NODE_BORDER,VECTOR_VECTOR,RAW_MASK,0,748.0574,747.0574,0.0,N/A,PASS,0,PENDING,PENDING_VISUAL_OPEN,,
PAIR_1095,R02,R12,MATH_RULE,MATH_RULE,VECTOR_VECTOR,RAW_MASK,0,831.4047,830.4047,0.0,N/A,PASS,0,PENDING,PENDING_VISUAL_OPEN,,
PAIR_1096,R02,E08,MATH_RULE,LINE_ARROW,VECTOR_VECTOR,RAW_MASK,0,777.7892,776.7892,0.0,N/A,PASS,0,PENDING,PENDING_VISUAL_OPEN,,
PAIR_1097,R02,R13,MATH_RULE,MATH_RULE,VECTOR_VECTOR,RAW_MASK,0,865.2714,864.2714,0.0,N/A,PASS,0,PENDING,PENDING_VISUAL_OPEN,,
PAIR_1098,R02,R14,MATH_RULE,MATH_RULE,VECTOR_VECTOR,RAW_MASK,0,781.7954,780.7954,0.0,N/A,PASS,0,PENDING,PENDING_VISUAL_OPEN,,
PAIR_1099,R02,H02,MATH_RULE,MATH_RULE,VECTOR_VECTOR,RAW_MASK,0,858.9613,857.9613,0.0,N/A,PASS,0,PENDING,PENDING_VISUAL_OPEN,,
PAIR_1100,R02,R15,MATH_RULE,MATH_RULE,VECTOR_VECTOR,RAW_MASK,0,1030.2729,1029.2729,0.0,N/A,PASS,0,PENDING,PENDING_VISUAL_OPEN,,
PAIR_1101,N01,N02,NODE_BORDER,NODE_BORDER,VECTOR_VECTOR,RAW_MASK,0,202.0,201.0,0.0,N/A,PASS,0,PENDING,PENDING_VISUAL_OPEN,,
PAIR_1102,N01,E01,NODE_BORDER,LINE_ARROW,VECTOR_VECTOR,RAW_MASK,9,0.0,0.0,0.0,N/A,PASS,0,PENDING,PENDING_VISUAL_OPEN,,
PAIR_1103,N01,E02,NODE_BORDER,LINE_ARROW,VECTOR_VECTOR,RAW_MASK,0,317.1814,316.1814,0.0,N/A,PASS,0,PENDING,PENDING_VISUAL_OPEN,,
PAIR_1104,N01,E03,NODE_BORDER,LINE_ARROW,VECTOR_VECTOR,RAW_MASK,18,0.0,0.0,0.0,N/A,PASS,0,PENDING,PENDING_VISUAL_OPEN,,
PAIR_1105,N01,B01,NODE_BORDER,NODE_BORDER,VECTOR_VECTOR,RAW_MASK,0,22.9814,21.9814,0.0,N/A,PASS,0,PENDING,PENDING_VISUAL_OPEN,,
PAIR_1106,N01,R03,NODE_BORDER,MATH_RULE,VECTOR_VECTOR,RAW_MASK,0,106.0543,105.0543,0.0,N/A,PASS,0,PENDING,PENDING_VISUAL_OPEN,,
PAIR_1107,N01,E04,NODE_BORDER,LINE_ARROW,VECTOR_VECTOR,RAW_MASK,0,3.0,2.0,0.0,N/A,PASS,0,PENDING,PENDING_VISUAL_OPEN,,
PAIR_1108,N01,R04,NODE_BORDER,MATH_RULE,VECTOR_VECTOR,RAW_MASK,0,95.4667,94.4667,0.0,N/A,PASS,0,PENDING,PENDING_VISUAL_OPEN,,
PAIR_1109,N01,R05,NODE_BORDER,MATH_RULE,VECTOR_VECTOR,RAW_MASK,0,99.907,98.907,0.0,N/A,PASS,0,PENDING,PENDING_VISUAL_OPEN,,
PAIR_1110,N01,H01,NODE_BORDER,MATH_RULE,VECTOR_VECTOR,RAW_MASK,0,178.9489,177.9489,0.0,N/A,PASS,0,PENDING,PENDING_VISUAL_OPEN,,
PAIR_1111,N01,R06,NODE_BORDER,MATH_RULE,VECTOR_VECTOR,RAW_MASK,0,300.9994,299.9994,0.0,N/A,PASS,0,PENDING,PENDING_VISUAL_OPEN,,
PAIR_1112,N01,C01,NODE_BORDER,NODE_BORDER,VECTOR_VECTOR,RAW_MASK,0,339.6481,338.6481,0.0,N/A,PASS,0,PENDING,PENDING_VISUAL_OPEN,,
PAIR_1113,N01,R07,NODE_BORDER,MATH_RULE,VECTOR_VECTOR,RAW_MASK,0,596.3116,595.3116,0.0,N/A,PASS,0,PENDING,PENDING_VISUAL_OPEN,,
PAIR_1114,N01,R08,NODE_BORDER,MATH_RULE,VECTOR_VECTOR,RAW_MASK,0,585.8977,584.8977,0.0,N/A,PASS,0,PENDING,PENDING_VISUAL_OPEN,,
PAIR_1115,N01,R09,NODE_BORDER,MATH_RULE,VECTOR_VECTOR,RAW_MASK,0,786.338,785.338,0.0,N/A,PASS,0,PENDING,PENDING_VISUAL_OPEN,,
PAIR_1116,N01,C02,NODE_BORDER,LINE_ARROW,VECTOR_VECTOR,RAW_MASK,0,305.5969,304.5969,0.0,N/A,PASS,0,PENDING,PENDING_VISUAL_OPEN,,
PAIR_1117,N01,C03,NODE_BORDER,LINE_ARROW,VECTOR_VECTOR,RAW_MASK,0,923.5969,922.5969,0.0,N/A,PASS,0,PENDING,PENDING_VISUAL_OPEN,,
PAIR_1118,N01,R10,NODE_BORDER,MATH_RULE,VECTOR_VECTOR,RAW_MASK,0,1309.3225,1308.3225,0.0,N/A,PASS,0,PENDING,PENDING_VISUAL_OPEN,,
PAIR_1119,N01,R11,NODE_BORDER,MATH_RULE,VECTOR_VECTOR,RAW_MASK,0,1421.4884,1420.4884,0.0,N/A,PASS,0,PENDING,PENDING_VISUAL_OPEN,,
PAIR_1120,N01,N03,NODE_BORDER,NODE_BORDER,VECTOR_VECTOR,RAW_MASK,0,911.0,910.0,0.0,N/A,PASS,0,PENDING,PENDING_VISUAL_OPEN,,
PAIR_1121,N01,N04,NODE_BORDER,NODE_BORDER,VECTOR_VECTOR,RAW_MASK,0,1230.0,1229.0,0.0,N/A,PASS,0,PENDING,PENDING_VISUAL_OPEN,,
PAIR_1122,N01,E05,NODE_BORDER,LINE_ARROW,VECTOR_VECTOR,RAW_MASK,0,818.0,817.0,0.0,N/A,PASS,0,PENDING,PENDING_VISUAL_OPEN,,
PAIR_1123,N01,E06,NODE_BORDER,LINE_ARROW,VECTOR_VECTOR,RAW_MASK,0,1344.3783,1343.3783,0.0,N/A,PASS,0,PENDING,PENDING_VISUAL_OPEN,,
PAIR_1124,N01,E07,NODE_BORDER,LINE_ARROW,VECTOR_VECTOR,RAW_MASK,0,1023.5597,1022.5597,0.0,N/A,PASS,0,PENDING,PENDING_VISUAL_OPEN,,
PAIR_1125,N01,B02,NODE_BORDER,NODE_BORDER,VECTOR_VECTOR,RAW_MASK,0,1038.0264,1037.0264,0.0,N/A,PASS,0,PENDING,PENDING_VISUAL_OPEN,,
PAIR_1126,N01,R12,NODE_BORDER,MATH_RULE,VECTOR_VECTOR,RAW_MASK,0,1121.9644,1120.9644,0.0,N/A,PASS,0,PENDING,PENDING_VISUAL_OPEN,,
PAIR_1127,N01,E08,NODE_BORDER,LINE_ARROW,VECTOR_VECTOR,RAW_MASK,0,1029.9535,1028.9535,0.0,N/A,PASS,0,PENDING,PENDING_VISUAL_OPEN,,
PAIR_1128,N01,R13,NODE_BORDER,MATH_RULE,VECTOR_VECTOR,RAW_MASK,0,1117.4357,1116.4357,0.0,N/A,PASS,0,PENDING,PENDING_VISUAL_OPEN,,
PAIR_1129,N01,R14,NODE_BORDER,MATH_RULE,VECTOR_VECTOR,RAW_MASK,0,1033.9597,1032.9597,0.0,N/A,PASS,0,PENDING,PENDING_VISUAL_OPEN,,
PAIR_1130,N01,H02,NODE_BORDER,MATH_RULE,VECTOR_VECTOR,RAW_MASK,0,1111.1256,1110.1256,0.0,N/A,PASS,0,PENDING,PENDING_VISUAL_OPEN,,
PAIR_1131,N01,R15,NODE_BORDER,MATH_RULE,VECTOR_VECTOR,RAW_MASK,0,1282.4373,1281.4373,0.0,N/A,PASS,0,PENDING,PENDING_VISUAL_OPEN,,
PAIR_1132,N02,E01,NODE_BORDER,LINE_ARROW,VECTOR_VECTOR,RAW_MASK,0,316.5907,315.5907,0.0,N/A,PASS,0,PENDING,PENDING_VISUAL_OPEN,,
PAIR_1133,N02,E02,NODE_BORDER,LINE_ARROW,VECTOR_VECTOR,RAW_MASK,7,0.0,0.0,0.0,N/A,PASS,0,PENDING,PENDING_VISUAL_OPEN,,
PAIR_1134,N02,E03,NODE_BORDER,LINE_ARROW,VECTOR_VECTOR,RAW_MASK,0,4.0,3.0,0.0,N/A,PASS,0,PENDING,PENDING_VISUAL_OPEN,,
PAIR_1135,N02,B01,NODE_BORDER,NODE_BORDER,VECTOR_VECTOR,RAW_MASK,0,23.1969,22.1969,0.0,N/A,PASS,0,PENDING,PENDING_VISUAL_OPEN,,
PAIR_1136,N02,R03,NODE_BORDER,MATH_RULE,VECTOR_VECTOR,RAW_MASK,0,102.4574,101.4574,0.0,N/A,PASS,0,PENDING,PENDING_VISUAL_OPEN,,
PAIR_1137,N02,E04,NODE_BORDER,LINE_ARROW,VECTOR_VECTOR,RAW_MASK,9,0.0,0.0,0.0,N/A,PASS,0,PENDING,PENDING_VISUAL_OPEN,,
PAIR_1138,N02,R04,NODE_BORDER,MATH_RULE,VECTOR_VECTOR,RAW_MASK,0,91.4729,90.4729,0.0,N/A,PASS,0,PENDING,PENDING_VISUAL_OPEN,,
PAIR_1139,N02,R05,NODE_BORDER,MATH_RULE,VECTOR_VECTOR,RAW_MASK,0,226.9487,225.9487,0.0,N/A,PASS,0,PENDING,PENDING_VISUAL_OPEN,,
PAIR_1140,N02,H01,NODE_BORDER,MATH_RULE,VECTOR_VECTOR,RAW_MASK,0,49.9845,48.9845,0.0,N/A,PASS,0,PENDING,PENDING_VISUAL_OPEN,,
PAIR_1141,N02,R06,NODE_BORDER,MATH_RULE,VECTOR_VECTOR,RAW_MASK,0,192.969,191.969,0.0,N/A,PASS,0,PENDING,PENDING_VISUAL_OPEN,,
PAIR_1142,N02,C01,NODE_BORDER,NODE_BORDER,VECTOR_VECTOR,RAW_MASK,0,29.3783,28.3783,0.0,N/A,PASS,0,PENDING,PENDING_VISUAL_OPEN,,
PAIR_1143,N02,R07,NODE_BORDER,MATH_RULE,VECTOR_VECTOR,RAW_MASK,0,277.3116,276.3116,0.0,N/A,PASS,0,PENDING,PENDING_VISUAL_OPEN,,
PAIR_1144,N02,R08,NODE_BORDER,MATH_RULE,VECTOR_VECTOR,RAW_MASK,0,277.4557,276.4557,0.0,N/A,PASS,0,PENDING,PENDING_VISUAL_OPEN,,
PAIR_1145,N02,R09,NODE_BORDER,MATH_RULE,VECTOR_VECTOR,RAW_MASK,0,467.338,466.338,0.0,N/A,PASS,0,PENDING,PENDING_VISUAL_OPEN,,
PAIR_1146,N02,C02,NODE_BORDER,LINE_ARROW,VECTOR_VECTOR,RAW_MASK,0,77.8915,76.8915,0.0,N/A,PASS,0,PENDING,PENDING_VISUAL_OPEN,,
PAIR_1147,N02,C03,NODE_BORDER,LINE_ARROW,VECTOR_VECTOR,RAW_MASK,0,604.5969,603.5969,0.0,N/A,PASS,0,PENDING,PENDING_VISUAL_OPEN,,
PAIR_1148,N02,R10,NODE_BORDER,MATH_RULE,VECTOR_VECTOR,RAW_MASK,0,990.3225,989.3225,0.0,N/A,PASS,0,PENDING,PENDING_VISUAL_OPEN,,
PAIR_1149,N02,R11,NODE_BORDER,MATH_RULE,VECTOR_VECTOR,RAW_MASK,0,1102.4884,1101.4884,0.0,N/A,PASS,0,PENDING,PENDING_VISUAL_OPEN,,
PAIR_1150,N02,N03,NODE_BORDER,NODE_BORDER,VECTOR_VECTOR,RAW_MASK,0,592.0,591.0,0.0,N/A,PASS,0,PENDING,PENDING_VISUAL_OPEN,,
PAIR_1151,N02,N04,NODE_BORDER,NODE_BORDER,VECTOR_VECTOR,RAW_MASK,0,911.0,910.0,0.0,N/A,PASS,0,PENDING,PENDING_VISUAL_OPEN,,
PAIR_1152,N02,E05,NODE_BORDER,LINE_ARROW,VECTOR_VECTOR,RAW_MASK,0,499.0,498.0,0.0,N/A,PASS,0,PENDING,PENDING_VISUAL_OPEN,,
PAIR_1153,N02,E06,NODE_BORDER,LINE_ARROW,VECTOR_VECTOR,RAW_MASK,0,1025.3783,1024.3783,0.0,N/A,PASS,0,PENDING,PENDING_VISUAL_OPEN,,
PAIR_1154,N02,E07,NODE_BORDER,LINE_ARROW,VECTOR_VECTOR,RAW_MASK,0,704.5597,703.5597,0.0,N/A,PASS,0,PENDING,PENDING_VISUAL_OPEN,,
PAIR_1155,N02,B02,NODE_BORDER,NODE_BORDER,VECTOR_VECTOR,RAW_MASK,0,719.0264,718.0264,0.0,N/A,PASS,0,PENDING,PENDING_VISUAL_OPEN,,
PAIR_1156,N02,R12,NODE_BORDER,MATH_RULE,VECTOR_VECTOR,RAW_MASK,0,802.9644,801.9644,0.0,N/A,PASS,0,PENDING,PENDING_VISUAL_OPEN,,
PAIR_1157,N02,E08,NODE_BORDER,LINE_ARROW,VECTOR_VECTOR,RAW_MASK,0,710.9535,709.9535,0.0,N/A,PASS,0,PENDING,PENDING_VISUAL_OPEN,,
PAIR_1158,N02,R13,NODE_BORDER,MATH_RULE,VECTOR_VECTOR,RAW_MASK,0,798.4357,797.4357,0.0,N/A,PASS,0,PENDING,PENDING_VISUAL_OPEN,,
PAIR_1159,N02,R14,NODE_BORDER,MATH_RULE,VECTOR_VECTOR,RAW_MASK,0,714.9597,713.9597,0.0,N/A,PASS,0,PENDING,PENDING_VISUAL_OPEN,,
PAIR_1160,N02,H02,NODE_BORDER,MATH_RULE,VECTOR_VECTOR,RAW_MASK,0,792.1256,791.1256,0.0,N/A,PASS,0,PENDING,PENDING_VISUAL_OPEN,,
PAIR_1161,N02,R15,NODE_BORDER,MATH_RULE,VECTOR_VECTOR,RAW_MASK,0,963.4373,962.4373,0.0,N/A,PASS,0,PENDING,PENDING_VISUAL_OPEN,,
PAIR_1162,E01,E02,LINE_ARROW,LINE_ARROW,VECTOR_VECTOR,RAW_MASK,0,434.0,433.0,0.0,N/A,PASS,0,PENDING,PENDING_VISUAL_OPEN,,
PAIR_1163,E01,E03,LINE_ARROW,LINE_ARROW,VECTOR_VECTOR,RAW_MASK,0,112.5907,111.5907,0.0,N/A,PASS,0,PENDING,PENDING_VISUAL_OPEN,,
PAIR_1164,E01,B01,LINE_ARROW,NODE_BORDER,VECTOR_VECTOR,RAW_MASK,0,122.0574,121.0574,0.0,N/A,PASS,0,PENDING,PENDING_VISUAL_OPEN,,
PAIR_1165,E01,R03,LINE_ARROW,MATH_RULE,VECTOR_VECTOR,RAW_MASK,0,216.1923,215.1923,0.0,N/A,PASS,0,PENDING,PENDING_VISUAL_OPEN,,
PAIR_1166,E01,E04,LINE_ARROW,LINE_ARROW,VECTOR_VECTOR,RAW_MASK,0,113.3783,112.3783,0.0,N/A,PASS,0,PENDING,PENDING_VISUAL_OPEN,,
PAIR_1167,E01,R04,LINE_ARROW,MATH_RULE,VECTOR_VECTOR,RAW_MASK,0,206.6636,205.6636,0.0,N/A,PASS,0,PENDING,PENDING_VISUAL_OPEN,,
PAIR_1168,E01,R05,LINE_ARROW,MATH_RULE,VECTOR_VECTOR,RAW_MASK,0,165.4789,164.4789,0.0,N/A,PASS,0,PENDING,PENDING_VISUAL_OPEN,,
PAIR_1169,E01,H01,LINE_ARROW,MATH_RULE,VECTOR_VECTOR,RAW_MASK,0,288.1147,287.1147,0.0,N/A,PASS,0,PENDING,PENDING_VISUAL_OPEN,,
PAIR_1170,E01,R06,LINE_ARROW,MATH_RULE,VECTOR_VECTOR,RAW_MASK,0,393.7418,392.7418,0.0,N/A,PASS,0,PENDING,PENDING_VISUAL_OPEN,,
PAIR_1171,E01,C01,LINE_ARROW,NODE_BORDER,VECTOR_VECTOR,RAW_MASK,0,451.0729,450.0729,0.0,N/A,PASS,0,PENDING,PENDING_VISUAL_OPEN,,
PAIR_1172,E01,R07,LINE_ARROW,MATH_RULE,VECTOR_VECTOR,RAW_MASK,0,707.7365,706.7365,0.0,N/A,PASS,0,PENDING,PENDING_VISUAL_OPEN,,
PAIR_1173,E01,R08,LINE_ARROW,MATH_RULE,VECTOR_VECTOR,RAW_MASK,0,697.3225,696.3225,0.0,N/A,PASS,0,PENDING,PENDING_VISUAL_OPEN,,
PAIR_1174,E01,R09,LINE_ARROW,MATH_RULE,VECTOR_VECTOR,RAW_MASK,0,897.7628,896.7628,0.0,N/A,PASS,0,PENDING,PENDING_VISUAL_OPEN,,
PAIR_1175,E01,C02,LINE_ARROW,LINE_ARROW,VECTOR_VECTOR,RAW_MASK,0,417.0217,416.0217,0.0,N/A,PASS,0,PENDING,PENDING_VISUAL_OPEN,,
PAIR_1176,E01,C03,LINE_ARROW,LINE_ARROW,VECTOR_VECTOR,RAW_MASK,0,1035.0217,1034.0217,0.0,N/A,PASS,0,PENDING,PENDING_VISUAL_OPEN,,
PAIR_1177,E01,R10,LINE_ARROW,MATH_RULE,VECTOR_VECTOR,RAW_MASK,0,1425.5504,1424.5504,0.0,N/A,PASS,0,PENDING,PENDING_VISUAL_OPEN,,
PAIR_1178,E01,R11,LINE_ARROW,MATH_RULE,VECTOR_VECTOR,RAW_MASK,0,1537.7163,1536.7163,0.0,N/A,PASS,0,PENDING,PENDING_VISUAL_OPEN,,
PAIR_1179,E01,N03,LINE_ARROW,NODE_BORDER,VECTOR_VECTOR,RAW_MASK,0,1025.1969,1024.1969,0.0,N/A,PASS,0,PENDING,PENDING_VISUAL_OPEN,,
PAIR_1180,E01,N04,LINE_ARROW,NODE_BORDER,VECTOR_VECTOR,RAW_MASK,0,1344.1814,1343.1814,0.0,N/A,PASS,0,PENDING,PENDING_VISUAL_OPEN,,
PAIR_1181,E01,E05,LINE_ARROW,LINE_ARROW,VECTOR_VECTOR,RAW_MASK,0,932.1814,931.1814,0.0,N/A,PASS,0,PENDING,PENDING_VISUAL_OPEN,,
PAIR_1182,E01,E06,LINE_ARROW,LINE_ARROW,VECTOR_VECTOR,RAW_MASK,0,1461.0,1460.0,0.0,N/A,PASS,0,PENDING,PENDING_VISUAL_OPEN,,
PAIR_1183,E01,E07,LINE_ARROW,LINE_ARROW,VECTOR_VECTOR,RAW_MASK,0,1139.7876,1138.7876,0.0,N/A,PASS,0,PENDING,PENDING_VISUAL_OPEN,,
PAIR_1184,E01,B02,LINE_ARROW,NODE_BORDER,VECTOR_VECTOR,RAW_MASK,0,1154.2543,1153.2543,0.0,N/A,PASS,0,PENDING,PENDING_VISUAL_OPEN,,
PAIR_1185,E01,R12,LINE_ARROW,MATH_RULE,VECTOR_VECTOR,RAW_MASK,0,1238.1923,1237.1923,0.0,N/A,PASS,0,PENDING,PENDING_VISUAL_OPEN,,
PAIR_1186,E01,E08,LINE_ARROW,LINE_ARROW,VECTOR_VECTOR,RAW_MASK,0,1141.3783,1140.3783,0.0,N/A,PASS,0,PENDING,PENDING_VISUAL_OPEN,,
PAIR_1187,E01,R13,LINE_ARROW,MATH_RULE,VECTOR_VECTOR,RAW_MASK,0,1228.8605,1227.8605,0.0,N/A,PASS,0,PENDING,PENDING_VISUAL_OPEN,,
PAIR_1188,E01,R14,LINE_ARROW,MATH_RULE,VECTOR_VECTOR,RAW_MASK,0,1145.3845,1144.3845,0.0,N/A,PASS,0,PENDING,PENDING_VISUAL_OPEN,,
PAIR_1189,E01,H02,LINE_ARROW,MATH_RULE,VECTOR_VECTOR,RAW_MASK,0,1222.5504,1221.5504,0.0,N/A,PASS,0,PENDING,PENDING_VISUAL_OPEN,,
PAIR_1190,E01,R15,LINE_ARROW,MATH_RULE,VECTOR_VECTOR,RAW_MASK,0,1393.8621,1392.8621,0.0,N/A,PASS,0,PENDING,PENDING_VISUAL_OPEN,,
PAIR_1191,E02,E03,LINE_ARROW,LINE_ARROW,VECTOR_VECTOR,RAW_MASK,0,114.5752,113.5752,0.0,N/A,PASS,0,PENDING,PENDING_VISUAL_OPEN,,
PAIR_1192,E02,B01,LINE_ARROW,NODE_BORDER,VECTOR_VECTOR,RAW_MASK,0,117.4512,116.4512,0.0,N/A,PASS,0,PENDING,PENDING_VISUAL_OPEN,,
PAIR_1193,E02,R03,LINE_ARROW,MATH_RULE,VECTOR_VECTOR,RAW_MASK,0,207.3892,206.3892,0.0,N/A,PASS,0,PENDING,PENDING_VISUAL_OPEN,,
PAIR_1194,E02,E04,LINE_ARROW,LINE_ARROW,VECTOR_VECTOR,RAW_MASK,0,113.5907,112.5907,0.0,N/A,PASS,0,PENDING,PENDING_VISUAL_OPEN,,
PAIR_1195,E02,R04,LINE_ARROW,MATH_RULE,VECTOR_VECTOR,RAW_MASK,0,207.4667,206.4667,0.0,N/A,PASS,0,PENDING,PENDING_VISUAL_OPEN,,
PAIR_1196,E02,R05,LINE_ARROW,MATH_RULE,VECTOR_VECTOR,RAW_MASK,0,329.5815,328.5815,0.0,N/A,PASS,0,PENDING,PENDING_VISUAL_OPEN,,
PAIR_1197,E02,H01,LINE_ARROW,MATH_RULE,VECTOR_VECTOR,RAW_MASK,0,115.9628,114.9628,0.0,N/A,PASS,0,PENDING,PENDING_VISUAL_OPEN,,
PAIR_1198,E02,R06,LINE_ARROW,MATH_RULE,VECTOR_VECTOR,RAW_MASK,0,238.7054,237.7054,0.0,N/A,PASS,0,PENDING,PENDING_VISUAL_OPEN,,
PAIR_1199,E02,C01,LINE_ARROW,NODE_BORDER,VECTOR_VECTOR,RAW_MASK,0,19.3938,18.3938,0.0,N/A,PASS,0,PENDING,PENDING_VISUAL_OPEN,,
PAIR_1200,E02,R07,LINE_ARROW,MATH_RULE,VECTOR_VECTOR,RAW_MASK,0,186.155,185.155,0.0,N/A,PASS,0,PENDING,PENDING_VISUAL_OPEN,,
PAIR_1201,E02,R08,LINE_ARROW,MATH_RULE,VECTOR_VECTOR,RAW_MASK,0,210.5811,209.5811,0.0,N/A,PASS,0,PENDING,PENDING_VISUAL_OPEN,,
PAIR_1202,E02,R09,LINE_ARROW,MATH_RULE,VECTOR_VECTOR,RAW_MASK,0,373.7473,372.7473,0.0,N/A,PASS,0,PENDING,PENDING_VISUAL_OPEN,,
PAIR_1203,E02,C02,LINE_ARROW,LINE_ARROW,VECTOR_VECTOR,RAW_MASK,0,105.907,104.907,0.0,N/A,PASS,0,PENDING,PENDING_VISUAL_OPEN,,
PAIR_1204,E02,C03,LINE_ARROW,LINE_ARROW,VECTOR_VECTOR,RAW_MASK,0,511.0062,510.0062,0.0,N/A,PASS,0,PENDING,PENDING_VISUAL_OPEN,,
PAIR_1205,E02,R10,LINE_ARROW,MATH_RULE,VECTOR_VECTOR,RAW_MASK,0,897.3225,896.3225,0.0,N/A,PASS,0,PENDING,PENDING_VISUAL_OPEN,,
PAIR_1206,E02,R11,LINE_ARROW,MATH_RULE,VECTOR_VECTOR,RAW_MASK,0,1009.4884,1008.4884,0.0,N/A,PASS,0,PENDING,PENDING_VISUAL_OPEN,,
PAIR_1207,E02,N03,LINE_ARROW,NODE_BORDER,VECTOR_VECTOR,RAW_MASK,0,499.0,498.0,0.0,N/A,PASS,0,PENDING,PENDING_VISUAL_OPEN,,
PAIR_1208,E02,N04,LINE_ARROW,NODE_BORDER,VECTOR_VECTOR,RAW_MASK,0,818.0,817.0,0.0,N/A,PASS,0,PENDING,PENDING_VISUAL_OPEN,,
PAIR_1209,E02,E05,LINE_ARROW,LINE_ARROW,VECTOR_VECTOR,RAW_MASK,0,406.0,405.0,0.0,N/A,PASS,0,PENDING,PENDING_VISUAL_OPEN,,
PAIR_1210,E02,E06,LINE_ARROW,LINE_ARROW,VECTOR_VECTOR,RAW_MASK,0,932.3783,931.3783,0.0,N/A,PASS,0,PENDING,PENDING_VISUAL_OPEN,,
PAIR_1211,E02,E07,LINE_ARROW,LINE_ARROW,VECTOR_VECTOR,RAW_MASK,0,611.5597,610.5597,0.0,N/A,PASS,0,PENDING,PENDING_VISUAL_OPEN,,
PAIR_1212,E02,B02,LINE_ARROW,NODE_BORDER,VECTOR_VECTOR,RAW_MASK,0,626.0264,625.0264,0.0,N/A,PASS,0,PENDING,PENDING_VISUAL_OPEN,,
PAIR_1213,E02,R12,LINE_ARROW,MATH_RULE,VECTOR_VECTOR,RAW_MASK,0,709.9644,708.9644,0.0,N/A,PASS,0,PENDING,PENDING_VISUAL_OPEN,,
PAIR_1214,E02,E08,LINE_ARROW,LINE_ARROW,VECTOR_VECTOR,RAW_MASK,0,617.3628,616.3628,0.0,N/A,PASS,0,PENDING,PENDING_VISUAL_OPEN,,
PAIR_1215,E02,R13,LINE_ARROW,MATH_RULE,VECTOR_VECTOR,RAW_MASK,0,704.845,703.845,0.0,N/A,PASS,0,PENDING,PENDING_VISUAL_OPEN,,
PAIR_1216,E02,R14,LINE_ARROW,MATH_RULE,VECTOR_VECTOR,RAW_MASK,0,621.369,620.369,0.0,N/A,PASS,0,PENDING,PENDING_VISUAL_OPEN,,
PAIR_1217,E02,H02,LINE_ARROW,MATH_RULE,VECTOR_VECTOR,RAW_MASK,0,698.5349,697.5349,0.0,N/A,PASS,0,PENDING,PENDING_VISUAL_OPEN,,
PAIR_1218,E02,R15,LINE_ARROW,MATH_RULE,VECTOR_VECTOR,RAW_MASK,0,869.8466,868.8466,0.0,N/A,PASS,0,PENDING,PENDING_VISUAL_OPEN,,
PAIR_1219,E03,B01,LINE_ARROW,NODE_BORDER,VECTOR_VECTOR,RAW_MASK,0,11.0,10.0,0.0,N/A,PASS,0,PENDING,PENDING_VISUAL_OPEN,,
PAIR_1220,E03,R03,LINE_ARROW,MATH_RULE,VECTOR_VECTOR,RAW_MASK,0,36.0,35.0,0.0,N/A,PASS,0,PENDING,PENDING_VISUAL_OPEN,,
PAIR_1221,E03,E04,LINE_ARROW,LINE_ARROW,VECTOR_VECTOR,RAW_MASK,0,41.5907,40.5907,0.0,N/A,PASS,0,PENDING,PENDING_VISUAL_OPEN,,
PAIR_1222,E03,R04,LINE_ARROW,MATH_RULE,VECTOR_VECTOR,RAW_MASK,0,101.1225,100.1225,0.0,N/A,PASS,0,PENDING,PENDING_VISUAL_OPEN,,
PAIR_1223,E03,R05,LINE_ARROW,MATH_RULE,VECTOR_VECTOR,RAW_MASK,0,171.0,170.0,0.0,N/A,PASS,0,PENDING,PENDING_VISUAL_OPEN,,
PAIR_1224,E03,H01,LINE_ARROW,MATH_RULE,VECTOR_VECTOR,RAW_MASK,0,129.0,128.0,0.0,N/A,PASS,0,PENDING,PENDING_VISUAL_OPEN,,
PAIR_1225,E03,R06,LINE_ARROW,MATH_RULE,VECTOR_VECTOR,RAW_MASK,0,271.7876,270.7876,0.0,N/A,PASS,0,PENDING,PENDING_VISUAL_OPEN,,
PAIR_1226,E03,C01,LINE_ARROW,NODE_BORDER,VECTOR_VECTOR,RAW_MASK,0,148.6356,147.6356,0.0,N/A,PASS,0,PENDING,PENDING_VISUAL_OPEN,,
PAIR_1227,E03,R07,LINE_ARROW,MATH_RULE,VECTOR_VECTOR,RAW_MASK,0,399.6124,398.6124,0.0,N/A,PASS,0,PENDING,PENDING_VISUAL_OPEN,,
PAIR_1228,E03,R08,LINE_ARROW,MATH_RULE,VECTOR_VECTOR,RAW_MASK,0,396.713,395.713,0.0,N/A,PASS,0,PENDING,PENDING_VISUAL_OPEN,,
PAIR_1229,E03,R09,LINE_ARROW,MATH_RULE,VECTOR_VECTOR,RAW_MASK,0,589.6388,588.6388,0.0,N/A,PASS,0,PENDING,PENDING_VISUAL_OPEN,,
PAIR_1230,E03,C02,LINE_ARROW,LINE_ARROW,VECTOR_VECTOR,RAW_MASK,0,174.9551,173.9551,0.0,N/A,PASS,0,PENDING,PENDING_VISUAL_OPEN,,
PAIR_1231,E03,C03,LINE_ARROW,LINE_ARROW,VECTOR_VECTOR,RAW_MASK,0,726.8977,725.8977,0.0,N/A,PASS,0,PENDING,PENDING_VISUAL_OPEN,,
PAIR_1232,E03,R10,LINE_ARROW,MATH_RULE,VECTOR_VECTOR,RAW_MASK,0,1102.9752,1101.9752,0.0,N/A,PASS,0,PENDING,PENDING_VISUAL_OPEN,,
PAIR_1233,E03,R11,LINE_ARROW,MATH_RULE,VECTOR_VECTOR,RAW_MASK,0,1215.1411,1214.1411,0.0,N/A,PASS,0,PENDING,PENDING_VISUAL_OPEN,,
PAIR_1234,E03,N03,LINE_ARROW,NODE_BORDER,VECTOR_VECTOR,RAW_MASK,0,711.1659,710.1659,0.0,N/A,PASS,0,PENDING,PENDING_VISUAL_OPEN,,
PAIR_1235,E03,N04,LINE_ARROW,NODE_BORDER,VECTOR_VECTOR,RAW_MASK,0,1030.1504,1029.1504,0.0,N/A,PASS,0,PENDING,PENDING_VISUAL_OPEN,,
PAIR_1236,E03,E05,LINE_ARROW,LINE_ARROW,VECTOR_VECTOR,RAW_MASK,0,617.5597,616.5597,0.0,N/A,PASS,0,PENDING,PENDING_VISUAL_OPEN,,
PAIR_1237,E03,E06,LINE_ARROW,LINE_ARROW,VECTOR_VECTOR,RAW_MASK,0,1141.5752,1140.5752,0.0,N/A,PASS,0,PENDING,PENDING_VISUAL_OPEN,,
PAIR_1238,E03,E07,LINE_ARROW,LINE_ARROW,VECTOR_VECTOR,RAW_MASK,0,818.1969,817.1969,0.0,N/A,PASS,0,PENDING,PENDING_VISUAL_OPEN,,
PAIR_1239,E03,B02,LINE_ARROW,NODE_BORDER,VECTOR_VECTOR,RAW_MASK,0,831.6791,830.6791,0.0,N/A,PASS,0,PENDING,PENDING_VISUAL_OPEN,,
PAIR_1240,E03,R12,LINE_ARROW,MATH_RULE,VECTOR_VECTOR,RAW_MASK,0,915.6171,914.6171,0.0,N/A,PASS,0,PENDING,PENDING_VISUAL_OPEN,,
PAIR_1241,E03,E08,LINE_ARROW,LINE_ARROW,VECTOR_VECTOR,RAW_MASK,0,833.2543,832.2543,0.0,N/A,PASS,0,PENDING,PENDING_VISUAL_OPEN,,
PAIR_1242,E03,R13,LINE_ARROW,MATH_RULE,VECTOR_VECTOR,RAW_MASK,0,920.7365,919.7365,0.0,N/A,PASS,0,PENDING,PENDING_VISUAL_OPEN,,
PAIR_1243,E03,R14,LINE_ARROW,MATH_RULE,VECTOR_VECTOR,RAW_MASK,0,837.2605,836.2605,0.0,N/A,PASS,0,PENDING,PENDING_VISUAL_OPEN,,
PAIR_1244,E03,H02,LINE_ARROW,MATH_RULE,VECTOR_VECTOR,RAW_MASK,0,914.4264,913.4264,0.0,N/A,PASS,0,PENDING,PENDING_VISUAL_OPEN,,
PAIR_1245,E03,R15,LINE_ARROW,MATH_RULE,VECTOR_VECTOR,RAW_MASK,0,1085.738,1084.738,0.0,N/A,PASS,0,PENDING,PENDING_VISUAL_OPEN,,
PAIR_1246,B01,R03,NODE_BORDER,MATH_RULE,VECTOR_VECTOR,RAW_MASK,0,18.0,17.0,0.0,N/A,PASS,0,PENDING,PENDING_VISUAL_OPEN,,
PAIR_1247,B01,E04,NODE_BORDER,LINE_ARROW,VECTOR_VECTOR,RAW_MASK,0,79.5907,78.5907,0.0,N/A,PASS,0,PENDING,PENDING_VISUAL_OPEN,,
PAIR_1248,B01,R04,NODE_BORDER,MATH_RULE,VECTOR_VECTOR,RAW_MASK,0,119.0,118.0,0.0,N/A,PASS,0,PENDING,PENDING_VISUAL_OPEN,,
PAIR_1249,B01,R05,NODE_BORDER,MATH_RULE,VECTOR_VECTOR,RAW_MASK,0,211.0,210.0,0.0,N/A,PASS,0,PENDING,PENDING_VISUAL_OPEN,,
PAIR_1250,B01,H01,NODE_BORDER,MATH_RULE,VECTOR_VECTOR,RAW_MASK,0,166.0,165.0,0.0,N/A,PASS,0,PENDING,PENDING_VISUAL_OPEN,,
PAIR_1251,B01,R06,NODE_BORDER,MATH_RULE,VECTOR_VECTOR,RAW_MASK,0,308.3938,307.3938,0.0,N/A,PASS,0,PENDING,PENDING_VISUAL_OPEN,,
PAIR_1252,B01,C01,NODE_BORDER,NODE_BORDER,VECTOR_VECTOR,RAW_MASK,0,168.3658,167.3658,0.0,N/A,PASS,0,PENDING,PENDING_VISUAL_OPEN,,
PAIR_1253,B01,R07,NODE_BORDER,MATH_RULE,VECTOR_VECTOR,RAW_MASK,0,402.4884,401.4884,0.0,N/A,PASS,0,PENDING,PENDING_VISUAL_OPEN,,
PAIR_1254,B01,R08,NODE_BORDER,MATH_RULE,VECTOR_VECTOR,RAW_MASK,0,416.4427,415.4427,0.0,N/A,PASS,0,PENDING,PENDING_VISUAL_OPEN,,
PAIR_1255,B01,R09,NODE_BORDER,MATH_RULE,VECTOR_VECTOR,RAW_MASK,0,592.5148,591.5148,0.0,N/A,PASS,0,PENDING,PENDING_VISUAL_OPEN,,
PAIR_1256,B01,C02,NODE_BORDER,LINE_ARROW,VECTOR_VECTOR,RAW_MASK,0,210.752,209.752,0.0,N/A,PASS,0,PENDING,PENDING_VISUAL_OPEN,,
PAIR_1257,B01,C03,NODE_BORDER,LINE_ARROW,VECTOR_VECTOR,RAW_MASK,0,729.7737,728.7737,0.0,N/A,PASS,0,PENDING,PENDING_VISUAL_OPEN,,
PAIR_1258,B01,R10,NODE_BORDER,MATH_RULE,VECTOR_VECTOR,RAW_MASK,0,1077.6946,1076.6946,0.0,N/A,PASS,0,PENDING,PENDING_VISUAL_OPEN,,
PAIR_1259,B01,R11,NODE_BORDER,MATH_RULE,VECTOR_VECTOR,RAW_MASK,0,1189.8605,1188.8605,0.0,N/A,PASS,0,PENDING,PENDING_VISUAL_OPEN,,
PAIR_1260,B01,N03,NODE_BORDER,NODE_BORDER,VECTOR_VECTOR,RAW_MASK,0,714.0419,713.0419,0.0,N/A,PASS,0,PENDING,PENDING_VISUAL_OPEN,,
PAIR_1261,B01,N04,NODE_BORDER,NODE_BORDER,VECTOR_VECTOR,RAW_MASK,0,1033.0264,1032.0264,0.0,N/A,PASS,0,PENDING,PENDING_VISUAL_OPEN,,
PAIR_1262,B01,E05,NODE_BORDER,LINE_ARROW,VECTOR_VECTOR,RAW_MASK,0,620.4357,619.4357,0.0,N/A,PASS,0,PENDING,PENDING_VISUAL_OPEN,,
PAIR_1263,B01,E06,NODE_BORDER,LINE_ARROW,VECTOR_VECTOR,RAW_MASK,0,1144.4512,1143.4512,0.0,N/A,PASS,0,PENDING,PENDING_VISUAL_OPEN,,
PAIR_1264,B01,E07,NODE_BORDER,LINE_ARROW,VECTOR_VECTOR,RAW_MASK,0,821.0729,820.0729,0.0,N/A,PASS,0,PENDING,PENDING_VISUAL_OPEN,,
PAIR_1265,B01,B02,NODE_BORDER,NODE_BORDER,VECTOR_VECTOR,RAW_MASK,0,819.0,818.0,0.0,N/A,PASS,0,PENDING,PENDING_VISUAL_OPEN,,
PAIR_1266,B01,R12,NODE_BORDER,MATH_RULE,VECTOR_VECTOR,RAW_MASK,0,899.0,898.0,0.0,N/A,PASS,0,PENDING,PENDING_VISUAL_OPEN,,
PAIR_1267,B01,E08,NODE_BORDER,LINE_ARROW,VECTOR_VECTOR,RAW_MASK,0,836.1302,835.1302,0.0,N/A,PASS,0,PENDING,PENDING_VISUAL_OPEN,,
PAIR_1268,B01,R13,NODE_BORDER,MATH_RULE,VECTOR_VECTOR,RAW_MASK,0,923.6124,922.6124,0.0,N/A,PASS,0,PENDING,PENDING_VISUAL_OPEN,,
PAIR_1269,B01,R14,NODE_BORDER,MATH_RULE,VECTOR_VECTOR,RAW_MASK,0,840.1365,839.1365,0.0,N/A,PASS,0,PENDING,PENDING_VISUAL_OPEN,,
PAIR_1270,B01,H02,NODE_BORDER,MATH_RULE,VECTOR_VECTOR,RAW_MASK,0,917.3024,916.3024,0.0,N/A,PASS,0,PENDING,PENDING_VISUAL_OPEN,,
PAIR_1271,B01,R15,NODE_BORDER,MATH_RULE,VECTOR_VECTOR,RAW_MASK,0,1088.614,1087.614,0.0,N/A,PASS,0,PENDING,PENDING_VISUAL_OPEN,,
PAIR_1272,R03,E04,MATH_RULE,LINE_ARROW,VECTOR_VECTOR,RAW_MASK,0,124.4698,123.4698,0.0,N/A,PASS,0,PENDING,PENDING_VISUAL_OPEN,,
PAIR_1273,R03,R04,MATH_RULE,MATH_RULE,VECTOR_VECTOR,RAW_MASK,0,144.0,143.0,0.0,N/A,PASS,0,PENDING,PENDING_VISUAL_OPEN,,
PAIR_1274,R03,R05,MATH_RULE,MATH_RULE,VECTOR_VECTOR,RAW_MASK,0,249.3892,248.3892,0.0,N/A,PASS,0,PENDING,PENDING_VISUAL_OPEN,,
PAIR_1275,R03,H01,MATH_RULE,MATH_RULE,VECTOR_VECTOR,RAW_MASK,0,198.0884,197.0884,0.0,N/A,PASS,0,PENDING,PENDING_VISUAL_OPEN,,
PAIR_1276,R03,R06,MATH_RULE,MATH_RULE,VECTOR_VECTOR,RAW_MASK,0,349.3427,348.3427,0.0,N/A,PASS,0,PENDING,PENDING_VISUAL_OPEN,,
PAIR_1277,R03,C01,MATH_RULE,NODE_BORDER,VECTOR_VECTOR,RAW_MASK,0,249.3702,248.3702,0.0,N/A,PASS,0,PENDING,PENDING_VISUAL_OPEN,,
PAIR_1278,R03,R07,MATH_RULE,MATH_RULE,VECTOR_VECTOR,RAW_MASK,0,492.4264,491.4264,0.0,N/A,PASS,0,PENDING,PENDING_VISUAL_OPEN,,
PAIR_1279,R03,R08,MATH_RULE,MATH_RULE,VECTOR_VECTOR,RAW_MASK,0,497.4477,496.4477,0.0,N/A,PASS,0,PENDING,PENDING_VISUAL_OPEN,,
PAIR_1280,R03,R09,MATH_RULE,MATH_RULE,VECTOR_VECTOR,RAW_MASK,0,682.4528,681.4528,0.0,N/A,PASS,0,PENDING,PENDING_VISUAL_OPEN,,
PAIR_1281,R03,C02,MATH_RULE,LINE_ARROW,VECTOR_VECTOR,RAW_MASK,0,272.0072,271.0072,0.0,N/A,PASS,0,PENDING,PENDING_VISUAL_OPEN,,
PAIR_1282,R03,C03,MATH_RULE,LINE_ARROW,VECTOR_VECTOR,RAW_MASK,0,819.7117,818.7117,0.0,N/A,PASS,0,PENDING,PENDING_VISUAL_OPEN,,
PAIR_1283,R03,R10,MATH_RULE,MATH_RULE,VECTOR_VECTOR,RAW_MASK,0,1167.0419,1166.0419,0.0,N/A,PASS,0,PENDING,PENDING_VISUAL_OPEN,,
PAIR_1284,R03,R11,MATH_RULE,MATH_RULE,VECTOR_VECTOR,RAW_MASK,0,1279.2078,1278.2078,0.0,N/A,PASS,0,PENDING,PENDING_VISUAL_OPEN,,
PAIR_1285,R03,N03,MATH_RULE,NODE_BORDER,VECTOR_VECTOR,RAW_MASK,0,803.9799,802.9799,0.0,N/A,PASS,0,PENDING,PENDING_VISUAL_OPEN,,
PAIR_1286,R03,N04,MATH_RULE,NODE_BORDER,VECTOR_VECTOR,RAW_MASK,0,1122.9644,1121.9644,0.0,N/A,PASS,0,PENDING,PENDING_VISUAL_OPEN,,
PAIR_1287,R03,E05,MATH_RULE,LINE_ARROW,VECTOR_VECTOR,RAW_MASK,0,710.3737,709.3737,0.0,N/A,PASS,0,PENDING,PENDING_VISUAL_OPEN,,
PAIR_1288,R03,E06,MATH_RULE,LINE_ARROW,VECTOR_VECTOR,RAW_MASK,0,1234.3892,1233.3892,0.0,N/A,PASS,0,PENDING,PENDING_VISUAL_OPEN,,
PAIR_1289,R03,E07,MATH_RULE,LINE_ARROW,VECTOR_VECTOR,RAW_MASK,0,911.0109,910.0109,0.0,N/A,PASS,0,PENDING,PENDING_VISUAL_OPEN,,
PAIR_1290,R03,B02,MATH_RULE,NODE_BORDER,VECTOR_VECTOR,RAW_MASK,0,905.0,904.0,0.0,N/A,PASS,0,PENDING,PENDING_VISUAL_OPEN,,
PAIR_1291,R03,R12,MATH_RULE,MATH_RULE,VECTOR_VECTOR,RAW_MASK,0,985.0,984.0,0.0,N/A,PASS,0,PENDING,PENDING_VISUAL_OPEN,,
PAIR_1292,R03,E08,MATH_RULE,LINE_ARROW,VECTOR_VECTOR,RAW_MASK,0,926.0682,925.0682,0.0,N/A,PASS,0,PENDING,PENDING_VISUAL_OPEN,,
PAIR_1293,R03,R13,MATH_RULE,MATH_RULE,VECTOR_VECTOR,RAW_MASK,0,1013.5504,1012.5504,0.0,N/A,PASS,0,PENDING,PENDING_VISUAL_OPEN,,
PAIR_1294,R03,R14,MATH_RULE,MATH_RULE,VECTOR_VECTOR,RAW_MASK,0,930.0745,929.0745,0.0,N/A,PASS,0,PENDING,PENDING_VISUAL_OPEN,,
PAIR_1295,R03,H02,MATH_RULE,MATH_RULE,VECTOR_VECTOR,RAW_MASK,0,1007.2404,1006.2404,0.0,N/A,PASS,0,PENDING,PENDING_VISUAL_OPEN,,
PAIR_1296,R03,R15,MATH_RULE,MATH_RULE,VECTOR_VECTOR,RAW_MASK,0,1178.552,1177.552,0.0,N/A,PASS,0,PENDING,PENDING_VISUAL_OPEN,,
PAIR_1297,E04,R04,LINE_ARROW,MATH_RULE,VECTOR_VECTOR,RAW_MASK,0,15.0,14.0,0.0,N/A,PASS,0,PENDING,PENDING_VISUAL_OPEN,,
PAIR_1298,E04,R05,LINE_ARROW,MATH_RULE,VECTOR_VECTOR,RAW_MASK,0,114.0,113.0,0.0,N/A,PASS,0,PENDING,PENDING_VISUAL_OPEN,,
PAIR_1299,E04,H01,LINE_ARROW,MATH_RULE,VECTOR_VECTOR,RAW_MASK,0,66.5442,65.5442,0.0,N/A,PASS,0,PENDING,PENDING_VISUAL_OPEN,,
PAIR_1300,E04,R06,LINE_ARROW,MATH_RULE,VECTOR_VECTOR,RAW_MASK,0,217.7985,216.7985,0.0,N/A,PASS,0,PENDING,PENDING_VISUAL_OPEN,,
PAIR_1301,E04,C01,LINE_ARROW,NODE_BORDER,VECTOR_VECTOR,RAW_MASK,0,128.6946,127.6946,0.0,N/A,PASS,0,PENDING,PENDING_VISUAL_OPEN,,
PAIR_1302,E04,R07,LINE_ARROW,MATH_RULE,VECTOR_VECTOR,RAW_MASK,0,385.3582,384.3582,0.0,N/A,PASS,0,PENDING,PENDING_VISUAL_OPEN,,
PAIR_1303,E04,R08,LINE_ARROW,MATH_RULE,VECTOR_VECTOR,RAW_MASK,0,374.9442,373.9442,0.0,N/A,PASS,0,PENDING,PENDING_VISUAL_OPEN,,
PAIR_1304,E04,R09,LINE_ARROW,MATH_RULE,VECTOR_VECTOR,RAW_MASK,0,575.3845,574.3845,0.0,N/A,PASS,0,PENDING,PENDING_VISUAL_OPEN,,
PAIR_1305,E04,C02,LINE_ARROW,LINE_ARROW,VECTOR_VECTOR,RAW_MASK,0,134.679,133.679,0.0,N/A,PASS,0,PENDING,PENDING_VISUAL_OPEN,,
PAIR_1306,E04,C03,LINE_ARROW,LINE_ARROW,VECTOR_VECTOR,RAW_MASK,0,712.6434,711.6434,0.0,N/A,PASS,0,PENDING,PENDING_VISUAL_OPEN,,
PAIR_1307,E04,R10,LINE_ARROW,MATH_RULE,VECTOR_VECTOR,RAW_MASK,0,1107.0326,1106.0326,0.0,N/A,PASS,0,PENDING,PENDING_VISUAL_OPEN,,
PAIR_1308,E04,R11,LINE_ARROW,MATH_RULE,VECTOR_VECTOR,RAW_MASK,0,1219.1985,1218.1985,0.0,N/A,PASS,0,PENDING,PENDING_VISUAL_OPEN,,
PAIR_1309,E04,N03,LINE_ARROW,NODE_BORDER,VECTOR_VECTOR,RAW_MASK,0,705.5752,704.5752,0.0,N/A,PASS,0,PENDING,PENDING_VISUAL_OPEN,,
PAIR_1310,E04,N04,LINE_ARROW,NODE_BORDER,VECTOR_VECTOR,RAW_MASK,0,1024.5597,1023.5597,0.0,N/A,PASS,0,PENDING,PENDING_VISUAL_OPEN,,
PAIR_1311,E04,E05,LINE_ARROW,LINE_ARROW,VECTOR_VECTOR,RAW_MASK,0,612.5597,611.5597,0.0,N/A,PASS,0,PENDING,PENDING_VISUAL_OPEN,,
PAIR_1312,E04,E06,LINE_ARROW,LINE_ARROW,VECTOR_VECTOR,RAW_MASK,0,1140.7876,1139.7876,0.0,N/A,PASS,0,PENDING,PENDING_VISUAL_OPEN,,
PAIR_1313,E04,E07,LINE_ARROW,LINE_ARROW,VECTOR_VECTOR,RAW_MASK,0,821.2698,820.2698,0.0,N/A,PASS,0,PENDING,PENDING_VISUAL_OPEN,,
PAIR_1314,E04,B02,LINE_ARROW,NODE_BORDER,VECTOR_VECTOR,RAW_MASK,0,835.7365,834.7365,0.0,N/A,PASS,0,PENDING,PENDING_VISUAL_OPEN,,
PAIR_1315,E04,R12,LINE_ARROW,MATH_RULE,VECTOR_VECTOR,RAW_MASK,0,919.6744,918.6744,0.0,N/A,PASS,0,PENDING,PENDING_VISUAL_OPEN,,
PAIR_1316,E04,E08,LINE_ARROW,LINE_ARROW,VECTOR_VECTOR,RAW_MASK,0,819.0,818.0,0.0,N/A,PASS,0,PENDING,PENDING_VISUAL_OPEN,,
PAIR_1317,E04,R13,LINE_ARROW,MATH_RULE,VECTOR_VECTOR,RAW_MASK,0,906.4822,905.4822,0.0,N/A,PASS,0,PENDING,PENDING_VISUAL_OPEN,,
PAIR_1318,E04,R14,LINE_ARROW,MATH_RULE,VECTOR_VECTOR,RAW_MASK,0,823.0062,822.0062,0.0,N/A,PASS,0,PENDING,PENDING_VISUAL_OPEN,,
PAIR_1319,E04,H02,LINE_ARROW,MATH_RULE,VECTOR_VECTOR,RAW_MASK,0,900.1721,899.1721,0.0,N/A,PASS,0,PENDING,PENDING_VISUAL_OPEN,,
PAIR_1320,E04,R15,LINE_ARROW,MATH_RULE,VECTOR_VECTOR,RAW_MASK,0,1071.4838,1070.4838,0.0,N/A,PASS,0,PENDING,PENDING_VISUAL_OPEN,,
PAIR_1321,R04,R05,MATH_RULE,MATH_RULE,VECTOR_VECTOR,RAW_MASK,0,92.5938,91.5938,0.0,N/A,PASS,0,PENDING,PENDING_VISUAL_OPEN,,
PAIR_1322,R04,H01,MATH_RULE,MATH_RULE,VECTOR_VECTOR,RAW_MASK,0,39.9535,38.9535,0.0,N/A,PASS,0,PENDING,PENDING_VISUAL_OPEN,,
PAIR_1323,R04,R06,MATH_RULE,MATH_RULE,VECTOR_VECTOR,RAW_MASK,0,178.1643,177.1643,0.0,N/A,PASS,0,PENDING,PENDING_VISUAL_OPEN,,
PAIR_1324,R04,C01,MATH_RULE,NODE_BORDER,VECTOR_VECTOR,RAW_MASK,0,208.0,207.0,0.0,N/A,PASS,0,PENDING,PENDING_VISUAL_OPEN,,
PAIR_1325,R04,R07,MATH_RULE,MATH_RULE,VECTOR_VECTOR,RAW_MASK,0,458.5597,457.5597,0.0,N/A,PASS,0,PENDING,PENDING_VISUAL_OPEN,,
PAIR_1326,R04,R08,MATH_RULE,MATH_RULE,VECTOR_VECTOR,RAW_MASK,0,448.1458,447.1458,0.0,N/A,PASS,0,PENDING,PENDING_VISUAL_OPEN,,
PAIR_1327,R04,R09,MATH_RULE,MATH_RULE,VECTOR_VECTOR,RAW_MASK,0,648.5861,647.5861,0.0,N/A,PASS,0,PENDING,PENDING_VISUAL_OPEN,,
PAIR_1328,R04,C02,MATH_RULE,LINE_ARROW,VECTOR_VECTOR,RAW_MASK,0,167.845,166.845,0.0,N/A,PASS,0,PENDING,PENDING_VISUAL_OPEN,,
PAIR_1329,R04,C03,MATH_RULE,LINE_ARROW,VECTOR_VECTOR,RAW_MASK,0,785.845,784.845,0.0,N/A,PASS,0,PENDING,PENDING_VISUAL_OPEN,,
PAIR_1330,R04,R10,MATH_RULE,MATH_RULE,VECTOR_VECTOR,RAW_MASK,0,1200.9086,1199.9086,0.0,N/A,PASS,0,PENDING,PENDING_VISUAL_OPEN,,
PAIR_1331,R04,R11,MATH_RULE,MATH_RULE,VECTOR_VECTOR,RAW_MASK,0,1313.0745,1312.0745,0.0,N/A,PASS,0,PENDING,PENDING_VISUAL_OPEN,,
PAIR_1332,R04,N03,MATH_RULE,NODE_BORDER,VECTOR_VECTOR,RAW_MASK,0,799.4512,798.4512,0.0,N/A,PASS,0,PENDING,PENDING_VISUAL_OPEN,,
PAIR_1333,R04,N04,MATH_RULE,NODE_BORDER,VECTOR_VECTOR,RAW_MASK,0,1118.4357,1117.4357,0.0,N/A,PASS,0,PENDING,PENDING_VISUAL_OPEN,,
PAIR_1334,R04,E05,MATH_RULE,LINE_ARROW,VECTOR_VECTOR,RAW_MASK,0,706.4357,705.4357,0.0,N/A,PASS,0,PENDING,PENDING_VISUAL_OPEN,,
PAIR_1335,R04,E06,MATH_RULE,LINE_ARROW,VECTOR_VECTOR,RAW_MASK,0,1234.6636,1233.6636,0.0,N/A,PASS,0,PENDING,PENDING_VISUAL_OPEN,,
PAIR_1336,R04,E07,MATH_RULE,LINE_ARROW,VECTOR_VECTOR,RAW_MASK,0,915.1458,914.1458,0.0,N/A,PASS,0,PENDING,PENDING_VISUAL_OPEN,,
PAIR_1337,R04,B02,MATH_RULE,NODE_BORDER,VECTOR_VECTOR,RAW_MASK,0,929.6124,928.6124,0.0,N/A,PASS,0,PENDING,PENDING_VISUAL_OPEN,,
PAIR_1338,R04,R12,MATH_RULE,MATH_RULE,VECTOR_VECTOR,RAW_MASK,0,1013.5504,1012.5504,0.0,N/A,PASS,0,PENDING,PENDING_VISUAL_OPEN,,
PAIR_1339,R04,E08,MATH_RULE,LINE_ARROW,VECTOR_VECTOR,RAW_MASK,0,912.0884,911.0884,0.0,N/A,PASS,0,PENDING,PENDING_VISUAL_OPEN,,
PAIR_1340,R04,R13,MATH_RULE,MATH_RULE,VECTOR_VECTOR,RAW_MASK,0,985.0,984.0,0.0,N/A,PASS,0,PENDING,PENDING_VISUAL_OPEN,,
PAIR_1341,R04,R14,MATH_RULE,MATH_RULE,VECTOR_VECTOR,RAW_MASK,0,896.2078,895.2078,0.0,N/A,PASS,0,PENDING,PENDING_VISUAL_OPEN,,
PAIR_1342,R04,H02,MATH_RULE,MATH_RULE,VECTOR_VECTOR,RAW_MASK,0,973.3737,972.3737,0.0,N/A,PASS,0,PENDING,PENDING_VISUAL_OPEN,,
PAIR_1343,R04,R15,MATH_RULE,MATH_RULE,VECTOR_VECTOR,RAW_MASK,0,1144.6853,1143.6853,0.0,N/A,PASS,0,PENDING,PENDING_VISUAL_OPEN,,
PAIR_1344,R05,H01,MATH_RULE,MATH_RULE,VECTOR_VECTOR,RAW_MASK,0,139.0,138.0,0.0,N/A,PASS,0,PENDING,PENDING_VISUAL_OPEN,,
PAIR_1345,R05,R06,MATH_RULE,MATH_RULE,VECTOR_VECTOR,RAW_MASK,0,199.5861,198.5861,0.0,N/A,PASS,0,PENDING,PENDING_VISUAL_OPEN,,
PAIR_1346,R05,C01,MATH_RULE,NODE_BORDER,VECTOR_VECTOR,RAW_MASK,0,312.0,311.0,0.0,N/A,PASS,0,PENDING,PENDING_VISUAL_OPEN,,
PAIR_1347,R05,R07,MATH_RULE,MATH_RULE,VECTOR_VECTOR,RAW_MASK,0,564.7256,563.7256,0.0,N/A,PASS,0,PENDING,PENDING_VISUAL_OPEN,,
PAIR_1348,R05,R08,MATH_RULE,MATH_RULE,VECTOR_VECTOR,RAW_MASK,0,537.3783,536.3783,0.0,N/A,PASS,0,PENDING,PENDING_VISUAL_OPEN,,
PAIR_1349,R05,R09,MATH_RULE,MATH_RULE,VECTOR_VECTOR,RAW_MASK,0,739.3938,738.3938,0.0,N/A,PASS,0,PENDING,PENDING_VISUAL_OPEN,,
PAIR_1350,R05,C02,MATH_RULE,LINE_ARROW,VECTOR_VECTOR,RAW_MASK,0,264.7566,263.7566,0.0,N/A,PASS,0,PENDING,PENDING_VISUAL_OPEN,,
PAIR_1351,R05,C03,MATH_RULE,LINE_ARROW,VECTOR_VECTOR,RAW_MASK,0,882.9535,881.9535,0.0,N/A,PASS,0,PENDING,PENDING_VISUAL_OPEN,,
PAIR_1352,R05,R10,MATH_RULE,MATH_RULE,VECTOR_VECTOR,RAW_MASK,0,1323.0233,1322.0233,0.0,N/A,PASS,0,PENDING,PENDING_VISUAL_OPEN,,
PAIR_1353,R05,R11,MATH_RULE,MATH_RULE,VECTOR_VECTOR,RAW_MASK,0,1435.1892,1434.1892,0.0,N/A,PASS,0,PENDING,PENDING_VISUAL_OPEN,,
PAIR_1354,R05,N03,MATH_RULE,NODE_BORDER,VECTOR_VECTOR,RAW_MASK,0,921.5659,920.5659,0.0,N/A,PASS,0,PENDING,PENDING_VISUAL_OPEN,,
PAIR_1355,R05,N04,MATH_RULE,NODE_BORDER,VECTOR_VECTOR,RAW_MASK,0,1240.5504,1239.5504,0.0,N/A,PASS,0,PENDING,PENDING_VISUAL_OPEN,,
PAIR_1356,R05,E05,MATH_RULE,LINE_ARROW,VECTOR_VECTOR,RAW_MASK,0,828.5504,827.5504,0.0,N/A,PASS,0,PENDING,PENDING_VISUAL_OPEN,,
PAIR_1357,R05,E06,MATH_RULE,LINE_ARROW,VECTOR_VECTOR,RAW_MASK,0,1356.7783,1355.7783,0.0,N/A,PASS,0,PENDING,PENDING_VISUAL_OPEN,,
PAIR_1358,R05,E07,MATH_RULE,LINE_ARROW,VECTOR_VECTOR,RAW_MASK,0,1037.2605,1036.2605,0.0,N/A,PASS,0,PENDING,PENDING_VISUAL_OPEN,,
PAIR_1359,R05,B02,MATH_RULE,NODE_BORDER,VECTOR_VECTOR,RAW_MASK,0,1051.7272,1050.7272,0.0,N/A,PASS,0,PENDING,PENDING_VISUAL_OPEN,,
PAIR_1360,R05,R12,MATH_RULE,MATH_RULE,VECTOR_VECTOR,RAW_MASK,0,1135.6652,1134.6652,0.0,N/A,PASS,0,PENDING,PENDING_VISUAL_OPEN,,
PAIR_1361,R05,E08,MATH_RULE,LINE_ARROW,VECTOR_VECTOR,RAW_MASK,0,1034.2031,1033.2031,0.0,N/A,PASS,0,PENDING,PENDING_VISUAL_OPEN,,
PAIR_1362,R05,R13,MATH_RULE,MATH_RULE,VECTOR_VECTOR,RAW_MASK,0,1101.6016,1100.6016,0.0,N/A,PASS,0,PENDING,PENDING_VISUAL_OPEN,,
PAIR_1363,R05,R14,MATH_RULE,MATH_RULE,VECTOR_VECTOR,RAW_MASK,0,988.3938,987.3938,0.0,N/A,PASS,0,PENDING,PENDING_VISUAL_OPEN,,
PAIR_1364,R05,H02,MATH_RULE,MATH_RULE,VECTOR_VECTOR,RAW_MASK,0,1063.0,1062.0,0.0,N/A,PASS,0,PENDING,PENDING_VISUAL_OPEN,,
PAIR_1365,R05,R15,MATH_RULE,MATH_RULE,VECTOR_VECTOR,RAW_MASK,0,1230.3737,1229.3737,0.0,N/A,PASS,0,PENDING,PENDING_VISUAL_OPEN,,
PAIR_1366,H01,R06,MATH_RULE,MATH_RULE,VECTOR_VECTOR,RAW_MASK,0,81.0,80.0,0.0,N/A,PASS,0,PENDING,PENDING_VISUAL_OPEN,,
PAIR_1367,H01,C01,MATH_RULE,NODE_BORDER,VECTOR_VECTOR,RAW_MASK,0,84.0,83.0,0.0,N/A,PASS,0,PENDING,PENDING_VISUAL_OPEN,,
PAIR_1368,H01,R07,MATH_RULE,MATH_RULE,VECTOR_VECTOR,RAW_MASK,0,332.0,331.0,0.0,N/A,PASS,0,PENDING,PENDING_VISUAL_OPEN,,
PAIR_1369,H01,R08,MATH_RULE,MATH_RULE,VECTOR_VECTOR,RAW_MASK,0,308.3938,307.3938,0.0,N/A,PASS,0,PENDING,PENDING_VISUAL_OPEN,,
PAIR_1370,H01,R09,MATH_RULE,MATH_RULE,VECTOR_VECTOR,RAW_MASK,0,511.0,510.0,0.0,N/A,PASS,0,PENDING,PENDING_VISUAL_OPEN,,
PAIR_1371,H01,C02,MATH_RULE,LINE_ARROW,VECTOR_VECTOR,RAW_MASK,0,34.0,33.0,0.0,N/A,PASS,0,PENDING,PENDING_VISUAL_OPEN,,
PAIR_1372,H01,C03,MATH_RULE,LINE_ARROW,VECTOR_VECTOR,RAW_MASK,0,652.0,651.0,0.0,N/A,PASS,0,PENDING,PENDING_VISUAL_OPEN,,
PAIR_1373,H01,R10,MATH_RULE,MATH_RULE,VECTOR_VECTOR,RAW_MASK,0,1085.9659,1084.9659,0.0,N/A,PASS,0,PENDING,PENDING_VISUAL_OPEN,,
PAIR_1374,H01,R11,MATH_RULE,MATH_RULE,VECTOR_VECTOR,RAW_MASK,0,1198.1318,1197.1318,0.0,N/A,PASS,0,PENDING,PENDING_VISUAL_OPEN,,
PAIR_1375,H01,N03,MATH_RULE,NODE_BORDER,VECTOR_VECTOR,RAW_MASK,0,684.5085,683.5085,0.0,N/A,PASS,0,PENDING,PENDING_VISUAL_OPEN,,
PAIR_1376,H01,N04,MATH_RULE,NODE_BORDER,VECTOR_VECTOR,RAW_MASK,0,1003.493,1002.493,0.0,N/A,PASS,0,PENDING,PENDING_VISUAL_OPEN,,
PAIR_1377,H01,E05,MATH_RULE,LINE_ARROW,VECTOR_VECTOR,RAW_MASK,0,591.493,590.493,0.0,N/A,PASS,0,PENDING,PENDING_VISUAL_OPEN,,
PAIR_1378,H01,E06,MATH_RULE,LINE_ARROW,VECTOR_VECTOR,RAW_MASK,0,1119.7209,1118.7209,0.0,N/A,PASS,0,PENDING,PENDING_VISUAL_OPEN,,
PAIR_1379,H01,E07,MATH_RULE,LINE_ARROW,VECTOR_VECTOR,RAW_MASK,0,800.2031,799.2031,0.0,N/A,PASS,0,PENDING,PENDING_VISUAL_OPEN,,
PAIR_1380,H01,B02,MATH_RULE,NODE_BORDER,VECTOR_VECTOR,RAW_MASK,0,814.6698,813.6698,0.0,N/A,PASS,0,PENDING,PENDING_VISUAL_OPEN,,
PAIR_1381,H01,R12,MATH_RULE,MATH_RULE,VECTOR_VECTOR,RAW_MASK,0,898.6078,897.6078,0.0,N/A,PASS,0,PENDING,PENDING_VISUAL_OPEN,,
PAIR_1382,H01,E08,MATH_RULE,LINE_ARROW,VECTOR_VECTOR,RAW_MASK,0,797.1458,796.1458,0.0,N/A,PASS,0,PENDING,PENDING_VISUAL_OPEN,,
PAIR_1383,H01,R13,MATH_RULE,MATH_RULE,VECTOR_VECTOR,RAW_MASK,0,864.5442,863.5442,0.0,N/A,PASS,0,PENDING,PENDING_VISUAL_OPEN,,
PAIR_1384,H01,R14,MATH_RULE,MATH_RULE,VECTOR_VECTOR,RAW_MASK,0,760.0,759.0,0.0,N/A,PASS,0,PENDING,PENDING_VISUAL_OPEN,,
PAIR_1385,H01,H02,MATH_RULE,MATH_RULE,VECTOR_VECTOR,RAW_MASK,0,835.0,834.0,0.0,N/A,PASS,0,PENDING,PENDING_VISUAL_OPEN,,
PAIR_1386,H01,R15,MATH_RULE,MATH_RULE,VECTOR_VECTOR,RAW_MASK,0,1004.9333,1003.9333,0.0,N/A,PASS,0,PENDING,PENDING_VISUAL_OPEN,,
PAIR_1387,R06,C01,MATH_RULE,NODE_BORDER,VECTOR_VECTOR,RAW_MASK,0,93.907,92.907,0.0,N/A,PASS,0,PENDING,PENDING_VISUAL_OPEN,,
PAIR_1388,R06,R07,MATH_RULE,MATH_RULE,VECTOR_VECTOR,RAW_MASK,0,359.8248,358.8248,0.0,N/A,PASS,0,PENDING,PENDING_VISUAL_OPEN,,
PAIR_1389,R06,R08,MATH_RULE,MATH_RULE,VECTOR_VECTOR,RAW_MASK,0,327.3582,326.3582,0.0,N/A,PASS,0,PENDING,PENDING_VISUAL_OPEN,,
PAIR_1390,R06,R09,MATH_RULE,MATH_RULE,VECTOR_VECTOR,RAW_MASK,0,527.7985,526.7985,0.0,N/A,PASS,0,PENDING,PENDING_VISUAL_OPEN,,
PAIR_1391,R06,C02,MATH_RULE,LINE_ARROW,VECTOR_VECTOR,RAW_MASK,0,117.0729,116.0729,0.0,N/A,PASS,0,PENDING,PENDING_VISUAL_OPEN,,
PAIR_1392,R06,C03,MATH_RULE,LINE_ARROW,VECTOR_VECTOR,RAW_MASK,0,678.0527,677.0527,0.0,N/A,PASS,0,PENDING,PENDING_VISUAL_OPEN,,
PAIR_1393,R06,R10,MATH_RULE,MATH_RULE,VECTOR_VECTOR,RAW_MASK,0,1118.1226,1117.1226,0.0,N/A,PASS,0,PENDING,PENDING_VISUAL_OPEN,,
PAIR_1394,R06,R11,MATH_RULE,MATH_RULE,VECTOR_VECTOR,RAW_MASK,0,1230.2885,1229.2885,0.0,N/A,PASS,0,PENDING,PENDING_VISUAL_OPEN,,
PAIR_1395,R06,N03,MATH_RULE,NODE_BORDER,VECTOR_VECTOR,RAW_MASK,0,716.6652,715.6652,0.0,N/A,PASS,0,PENDING,PENDING_VISUAL_OPEN,,
PAIR_1396,R06,N04,MATH_RULE,NODE_BORDER,VECTOR_VECTOR,RAW_MASK,0,1035.6497,1034.6497,0.0,N/A,PASS,0,PENDING,PENDING_VISUAL_OPEN,,
PAIR_1397,R06,E05,MATH_RULE,LINE_ARROW,VECTOR_VECTOR,RAW_MASK,0,623.6497,622.6497,0.0,N/A,PASS,0,PENDING,PENDING_VISUAL_OPEN,,
PAIR_1398,R06,E06,MATH_RULE,LINE_ARROW,VECTOR_VECTOR,RAW_MASK,0,1151.8776,1150.8776,0.0,N/A,PASS,0,PENDING,PENDING_VISUAL_OPEN,,
PAIR_1399,R06,E07,MATH_RULE,LINE_ARROW,VECTOR_VECTOR,RAW_MASK,0,832.3597,831.3597,0.0,N/A,PASS,0,PENDING,PENDING_VISUAL_OPEN,,
PAIR_1400,R06,B02,MATH_RULE,NODE_BORDER,VECTOR_VECTOR,RAW_MASK,0,846.8264,845.8264,0.0,N/A,PASS,0,PENDING,PENDING_VISUAL_OPEN,,
PAIR_1401,R06,R12,MATH_RULE,MATH_RULE,VECTOR_VECTOR,RAW_MASK,0,930.7644,929.7644,0.0,N/A,PASS,0,PENDING,PENDING_VISUAL_OPEN,,
PAIR_1402,R06,E08,MATH_RULE,LINE_ARROW,VECTOR_VECTOR,RAW_MASK,0,829.3024,828.3024,0.0,N/A,PASS,0,PENDING,PENDING_VISUAL_OPEN,,
PAIR_1403,R06,R13,MATH_RULE,MATH_RULE,VECTOR_VECTOR,RAW_MASK,0,896.7008,895.7008,0.0,N/A,PASS,0,PENDING,PENDING_VISUAL_OPEN,,
PAIR_1404,R06,R14,MATH_RULE,MATH_RULE,VECTOR_VECTOR,RAW_MASK,0,778.3737,777.3737,0.0,N/A,PASS,0,PENDING,PENDING_VISUAL_OPEN,,
PAIR_1405,R06,H02,MATH_RULE,MATH_RULE,VECTOR_VECTOR,RAW_MASK,0,844.7101,843.7101,0.0,N/A,PASS,0,PENDING,PENDING_VISUAL_OPEN,,
PAIR_1406,R06,R15,MATH_RULE,MATH_RULE,VECTOR_VECTOR,RAW_MASK,0,992.7876,991.7876,0.0,N/A,PASS,0,PENDING,PENDING_VISUAL_OPEN,,
PAIR_1407,C01,R07,NODE_BORDER,MATH_RULE,VECTOR_VECTOR,RAW_MASK,0,49.0,48.0,0.0,N/A,PASS,0,PENDING,PENDING_VISUAL_OPEN,,
PAIR_1408,C01,R08,NODE_BORDER,MATH_RULE,VECTOR_VECTOR,RAW_MASK,0,40.0,39.0,0.0,N/A,PASS,0,PENDING,PENDING_VISUAL_OPEN,,
PAIR_1409,C01,R09,NODE_BORDER,MATH_RULE,VECTOR_VECTOR,RAW_MASK,0,41.0,40.0,0.0,N/A,PASS,0,PENDING,PENDING_VISUAL_OPEN,,
PAIR_1410,C01,C02,NODE_BORDER,LINE_ARROW,VECTOR_VECTOR,RAW_MASK,0,4.0,3.0,0.0,N/A,PASS,0,PENDING,PENDING_VISUAL_OPEN,,
PAIR_1411,C01,C03,NODE_BORDER,LINE_ARROW,VECTOR_VECTOR,RAW_MASK,8,0.0,0.0,0.0,N/A,PASS,0,PENDING,PENDING_VISUAL_OPEN,,
PAIR_1412,C01,R10,NODE_BORDER,MATH_RULE,VECTOR_VECTOR,RAW_MASK,0,432.6819,431.6819,0.0,N/A,PASS,0,PENDING,PENDING_VISUAL_OPEN,,
PAIR_1413,C01,R11,NODE_BORDER,MATH_RULE,VECTOR_VECTOR,RAW_MASK,0,534.09,533.09,0.0,N/A,PASS,0,PENDING,PENDING_VISUAL_OPEN,,
PAIR_1414,C01,N03,NODE_BORDER,NODE_BORDER,VECTOR_VECTOR,RAW_MASK,0,29.5721,28.5721,0.0,N/A,PASS,0,PENDING,PENDING_VISUAL_OPEN,,
PAIR_1415,C01,N04,NODE_BORDER,NODE_BORDER,VECTOR_VECTOR,RAW_MASK,0,339.4512,338.4512,0.0,N/A,PASS,0,PENDING,PENDING_VISUAL_OPEN,,
PAIR_1416,C01,E05,NODE_BORDER,LINE_ARROW,VECTOR_VECTOR,RAW_MASK,0,24.0,23.0,0.0,N/A,PASS,0,PENDING,PENDING_VISUAL_OPEN,,
PAIR_1417,C01,E06,NODE_BORDER,LINE_ARROW,VECTOR_VECTOR,RAW_MASK,0,455.6791,454.6791,0.0,N/A,PASS,0,PENDING,PENDING_VISUAL_OPEN,,
PAIR_1418,C01,E07,NODE_BORDER,LINE_ARROW,VECTOR_VECTOR,RAW_MASK,0,142.0449,141.0449,0.0,N/A,PASS,0,PENDING,PENDING_VISUAL_OPEN,,
PAIR_1419,C01,B02,NODE_BORDER,NODE_BORDER,VECTOR_VECTOR,RAW_MASK,0,172.3503,171.3503,0.0,N/A,PASS,0,PENDING,PENDING_VISUAL_OPEN,,
PAIR_1420,C01,R12,NODE_BORDER,MATH_RULE,VECTOR_VECTOR,RAW_MASK,0,248.5733,247.5733,0.0,N/A,PASS,0,PENDING,PENDING_VISUAL_OPEN,,
PAIR_1421,C01,E08,NODE_BORDER,LINE_ARROW,VECTOR_VECTOR,RAW_MASK,0,133.1039,132.1039,0.0,N/A,PASS,0,PENDING,PENDING_VISUAL_OPEN,,
PAIR_1422,C01,R13,NODE_BORDER,MATH_RULE,VECTOR_VECTOR,RAW_MASK,0,207.0,206.0,0.0,N/A,PASS,0,PENDING,PENDING_VISUAL_OPEN,,
PAIR_1423,C01,R14,NODE_BORDER,MATH_RULE,VECTOR_VECTOR,RAW_MASK,0,106.0,105.0,0.0,N/A,PASS,0,PENDING,PENDING_VISUAL_OPEN,,
PAIR_1424,C01,H02,NODE_BORDER,MATH_RULE,VECTOR_VECTOR,RAW_MASK,0,181.0,180.0,0.0,N/A,PASS,0,PENDING,PENDING_VISUAL_OPEN,,
PAIR_1425,C01,R15,NODE_BORDER,MATH_RULE,VECTOR_VECTOR,RAW_MASK,0,340.6946,339.6946,0.0,N/A,PASS,0,PENDING,PENDING_VISUAL_OPEN,,
PAIR_1426,R07,R08,MATH_RULE,MATH_RULE,VECTOR_VECTOR,RAW_MASK,0,26.0,25.0,0.0,N/A,PASS,0,PENDING,PENDING_VISUAL_OPEN,,
PAIR_1427,R07,R09,MATH_RULE,MATH_RULE,VECTOR_VECTOR,RAW_MASK,0,145.5132,144.5132,0.0,N/A,PASS,0,PENDING,PENDING_VISUAL_OPEN,,
PAIR_1428,R07,C02,MATH_RULE,LINE_ARROW,VECTOR_VECTOR,RAW_MASK,0,253.5752,252.5752,0.0,N/A,PASS,0,PENDING,PENDING_VISUAL_OPEN,,
PAIR_1429,R07,C03,MATH_RULE,LINE_ARROW,VECTOR_VECTOR,RAW_MASK,0,282.7721,281.7721,0.0,N/A,PASS,0,PENDING,PENDING_VISUAL_OPEN,,
PAIR_1430,R07,R10,MATH_RULE,MATH_RULE,VECTOR_VECTOR,RAW_MASK,0,713.7845,712.7845,0.0,N/A,PASS,0,PENDING,PENDING_VISUAL_OPEN,,
PAIR_1431,R07,R11,MATH_RULE,MATH_RULE,VECTOR_VECTOR,RAW_MASK,0,825.9504,824.9504,0.0,N/A,PASS,0,PENDING,PENDING_VISUAL_OPEN,,
PAIR_1432,R07,N03,MATH_RULE,NODE_BORDER,VECTOR_VECTOR,RAW_MASK,0,312.3271,311.3271,0.0,N/A,PASS,0,PENDING,PENDING_VISUAL_OPEN,,
PAIR_1433,R07,N04,MATH_RULE,NODE_BORDER,VECTOR_VECTOR,RAW_MASK,0,631.3116,630.3116,0.0,N/A,PASS,0,PENDING,PENDING_VISUAL_OPEN,,
PAIR_1434,R07,E05,MATH_RULE,LINE_ARROW,VECTOR_VECTOR,RAW_MASK,0,219.3116,218.3116,0.0,N/A,PASS,0,PENDING,PENDING_VISUAL_OPEN,,
PAIR_1435,R07,E06,MATH_RULE,LINE_ARROW,VECTOR_VECTOR,RAW_MASK,0,747.5396,746.5396,0.0,N/A,PASS,0,PENDING,PENDING_VISUAL_OPEN,,
PAIR_1436,R07,E07,MATH_RULE,LINE_ARROW,VECTOR_VECTOR,RAW_MASK,0,428.0217,427.0217,0.0,N/A,PASS,0,PENDING,PENDING_VISUAL_OPEN,,
PAIR_1437,R07,B02,MATH_RULE,NODE_BORDER,VECTOR_VECTOR,RAW_MASK,0,442.4884,441.4884,0.0,N/A,PASS,0,PENDING,PENDING_VISUAL_OPEN,,
PAIR_1438,R07,R12,MATH_RULE,MATH_RULE,VECTOR_VECTOR,RAW_MASK,0,526.4264,525.4264,0.0,N/A,PASS,0,PENDING,PENDING_VISUAL_OPEN,,
PAIR_1439,R07,E08,MATH_RULE,LINE_ARROW,VECTOR_VECTOR,RAW_MASK,0,424.9644,423.9644,0.0,N/A,PASS,0,PENDING,PENDING_VISUAL_OPEN,,
PAIR_1440,R07,R13,MATH_RULE,MATH_RULE,VECTOR_VECTOR,RAW_MASK,0,492.3628,491.3628,0.0,N/A,PASS,0,PENDING,PENDING_VISUAL_OPEN,,
PAIR_1441,R07,R14,MATH_RULE,MATH_RULE,VECTOR_VECTOR,RAW_MASK,0,393.1349,392.1349,0.0,N/A,PASS,0,PENDING,PENDING_VISUAL_OPEN,,
PAIR_1442,R07,H02,MATH_RULE,MATH_RULE,VECTOR_VECTOR,RAW_MASK,0,470.3008,469.3008,0.0,N/A,PASS,0,PENDING,PENDING_VISUAL_OPEN,,
PAIR_1443,R07,R15,MATH_RULE,MATH_RULE,VECTOR_VECTOR,RAW_MASK,0,641.6124,640.6124,0.0,N/A,PASS,0,PENDING,PENDING_VISUAL_OPEN,,
PAIR_1444,R08,R09,MATH_RULE,MATH_RULE,VECTOR_VECTOR,RAW_MASK,0,159.3628,158.3628,0.0,N/A,PASS,0,PENDING,PENDING_VISUAL_OPEN,,
PAIR_1445,R08,C02,MATH_RULE,LINE_ARROW,VECTOR_VECTOR,RAW_MASK,0,233.907,232.907,0.0,N/A,PASS,0,PENDING,PENDING_VISUAL_OPEN,,
PAIR_1446,R08,C03,MATH_RULE,LINE_ARROW,VECTOR_VECTOR,RAW_MASK,0,304.4977,303.4977,0.0,N/A,PASS,0,PENDING,PENDING_VISUAL_OPEN,,
PAIR_1447,R08,R10,MATH_RULE,MATH_RULE,VECTOR_VECTOR,RAW_MASK,0,744.5675,743.5675,0.0,N/A,PASS,0,PENDING,PENDING_VISUAL_OPEN,,
PAIR_1448,R08,R11,MATH_RULE,MATH_RULE,VECTOR_VECTOR,RAW_MASK,0,856.7334,855.7334,0.0,N/A,PASS,0,PENDING,PENDING_VISUAL_OPEN,,
PAIR_1449,R08,N03,MATH_RULE,NODE_BORDER,VECTOR_VECTOR,RAW_MASK,0,343.3225,342.3225,0.0,N/A,PASS,0,PENDING,PENDING_VISUAL_OPEN,,
PAIR_1450,R08,N04,MATH_RULE,NODE_BORDER,VECTOR_VECTOR,RAW_MASK,0,662.0946,661.0946,0.0,N/A,PASS,0,PENDING,PENDING_VISUAL_OPEN,,
PAIR_1451,R08,E05,MATH_RULE,LINE_ARROW,VECTOR_VECTOR,RAW_MASK,0,272.0288,271.0288,0.0,N/A,PASS,0,PENDING,PENDING_VISUAL_OPEN,,
PAIR_1452,R08,E06,MATH_RULE,LINE_ARROW,VECTOR_VECTOR,RAW_MASK,0,778.3225,777.3225,0.0,N/A,PASS,0,PENDING,PENDING_VISUAL_OPEN,,
PAIR_1453,R08,E07,MATH_RULE,LINE_ARROW,VECTOR_VECTOR,RAW_MASK,0,458.8047,457.8047,0.0,N/A,PASS,0,PENDING,PENDING_VISUAL_OPEN,,
PAIR_1454,R08,B02,MATH_RULE,NODE_BORDER,VECTOR_VECTOR,RAW_MASK,0,481.5952,480.5952,0.0,N/A,PASS,0,PENDING,PENDING_VISUAL_OPEN,,
PAIR_1455,R08,R12,MATH_RULE,MATH_RULE,VECTOR_VECTOR,RAW_MASK,0,557.8187,556.8187,0.0,N/A,PASS,0,PENDING,PENDING_VISUAL_OPEN,,
PAIR_1456,R08,E08,MATH_RULE,LINE_ARROW,VECTOR_VECTOR,RAW_MASK,0,455.7473,454.7473,0.0,N/A,PASS,0,PENDING,PENDING_VISUAL_OPEN,,
PAIR_1457,R08,R13,MATH_RULE,MATH_RULE,VECTOR_VECTOR,RAW_MASK,0,523.1458,522.1458,0.0,N/A,PASS,0,PENDING,PENDING_VISUAL_OPEN,,
PAIR_1458,R08,R14,MATH_RULE,MATH_RULE,VECTOR_VECTOR,RAW_MASK,0,407.1814,406.1814,0.0,N/A,PASS,0,PENDING,PENDING_VISUAL_OPEN,,
PAIR_1459,R08,H02,MATH_RULE,MATH_RULE,VECTOR_VECTOR,RAW_MASK,0,481.0,480.0,0.0,N/A,PASS,0,PENDING,PENDING_VISUAL_OPEN,,
PAIR_1460,R08,R15,MATH_RULE,MATH_RULE,VECTOR_VECTOR,RAW_MASK,0,650.3427,649.3427,0.0,N/A,PASS,0,PENDING,PENDING_VISUAL_OPEN,,
PAIR_1461,R09,C02,MATH_RULE,LINE_ARROW,VECTOR_VECTOR,RAW_MASK,0,434.3473,433.3473,0.0,N/A,PASS,0,PENDING,PENDING_VISUAL_OPEN,,
PAIR_1462,R09,C03,MATH_RULE,LINE_ARROW,VECTOR_VECTOR,RAW_MASK,0,107.7411,106.7411,0.0,N/A,PASS,0,PENDING,PENDING_VISUAL_OPEN,,
PAIR_1463,R09,R10,MATH_RULE,MATH_RULE,VECTOR_VECTOR,RAW_MASK,0,578.8844,577.8844,0.0,N/A,PASS,0,PENDING,PENDING_VISUAL_OPEN,,
PAIR_1464,R09,R11,MATH_RULE,MATH_RULE,VECTOR_VECTOR,RAW_MASK,0,673.178,672.178,0.0,N/A,PASS,0,PENDING,PENDING_VISUAL_OPEN,,
PAIR_1465,R09,N03,MATH_RULE,NODE_BORDER,VECTOR_VECTOR,RAW_MASK,0,175.7751,174.7751,0.0,N/A,PASS,0,PENDING,PENDING_VISUAL_OPEN,,
PAIR_1466,R09,N04,MATH_RULE,NODE_BORDER,VECTOR_VECTOR,RAW_MASK,0,465.338,464.338,0.0,N/A,PASS,0,PENDING,PENDING_VISUAL_OPEN,,
PAIR_1467,R09,E05,MATH_RULE,LINE_ARROW,VECTOR_VECTOR,RAW_MASK,0,144.4357,143.4357,0.0,N/A,PASS,0,PENDING,PENDING_VISUAL_OPEN,,
PAIR_1468,R09,E06,MATH_RULE,LINE_ARROW,VECTOR_VECTOR,RAW_MASK,0,581.5659,580.5659,0.0,N/A,PASS,0,PENDING,PENDING_VISUAL_OPEN,,
PAIR_1469,R09,E07,MATH_RULE,LINE_ARROW,VECTOR_VECTOR,RAW_MASK,0,288.2474,287.2474,0.0,N/A,PASS,0,PENDING,PENDING_VISUAL_OPEN,,
PAIR_1470,R09,B02,MATH_RULE,NODE_BORDER,VECTOR_VECTOR,RAW_MASK,0,318.5527,317.5527,0.0,N/A,PASS,0,PENDING,PENDING_VISUAL_OPEN,,
PAIR_1471,R09,R12,MATH_RULE,MATH_RULE,VECTOR_VECTOR,RAW_MASK,0,394.7758,393.7758,0.0,N/A,PASS,0,PENDING,PENDING_VISUAL_OPEN,,
PAIR_1472,R09,E08,MATH_RULE,LINE_ARROW,VECTOR_VECTOR,RAW_MASK,0,265.2867,264.2867,0.0,N/A,PASS,0,PENDING,PENDING_VISUAL_OPEN,,
PAIR_1473,R09,R13,MATH_RULE,MATH_RULE,VECTOR_VECTOR,RAW_MASK,0,326.3892,325.3892,0.0,N/A,PASS,0,PENDING,PENDING_VISUAL_OPEN,,
PAIR_1474,R09,R14,MATH_RULE,MATH_RULE,VECTOR_VECTOR,RAW_MASK,0,213.1814,212.1814,0.0,N/A,PASS,0,PENDING,PENDING_VISUAL_OPEN,,
PAIR_1475,R09,H02,MATH_RULE,MATH_RULE,VECTOR_VECTOR,RAW_MASK,0,287.0,286.0,0.0,N/A,PASS,0,PENDING,PENDING_VISUAL_OPEN,,
PAIR_1476,R09,R15,MATH_RULE,MATH_RULE,VECTOR_VECTOR,RAW_MASK,0,453.5861,452.5861,0.0,N/A,PASS,0,PENDING,PENDING_VISUAL_OPEN,,
PAIR_1477,C02,C03,LINE_ARROW,LINE_ARROW,VECTOR_VECTOR,RAW_MASK,0,572.0,571.0,0.0,N/A,PASS,0,PENDING,PENDING_VISUAL_OPEN,,
PAIR_1478,C02,R10,LINE_ARROW,MATH_RULE,VECTOR_VECTOR,RAW_MASK,0,1011.8729,1010.8729,0.0,N/A,PASS,0,PENDING,PENDING_VISUAL_OPEN,,
PAIR_1479,C02,R11,LINE_ARROW,MATH_RULE,VECTOR_VECTOR,RAW_MASK,0,1124.0388,1123.0388,0.0,N/A,PASS,0,PENDING,PENDING_VISUAL_OPEN,,
PAIR_1480,C02,N03,LINE_ARROW,NODE_BORDER,VECTOR_VECTOR,RAW_MASK,0,610.4155,609.4155,0.0,N/A,PASS,0,PENDING,PENDING_VISUAL_OPEN,,
PAIR_1481,C02,N04,LINE_ARROW,NODE_BORDER,VECTOR_VECTOR,RAW_MASK,0,929.4,928.4,0.0,N/A,PASS,0,PENDING,PENDING_VISUAL_OPEN,,
PAIR_1482,C02,E05,LINE_ARROW,LINE_ARROW,VECTOR_VECTOR,RAW_MASK,0,517.4,516.4,0.0,N/A,PASS,0,PENDING,PENDING_VISUAL_OPEN,,
PAIR_1483,C02,E06,LINE_ARROW,LINE_ARROW,VECTOR_VECTOR,RAW_MASK,0,1045.6279,1044.6279,0.0,N/A,PASS,0,PENDING,PENDING_VISUAL_OPEN,,
PAIR_1484,C02,E07,LINE_ARROW,LINE_ARROW,VECTOR_VECTOR,RAW_MASK,0,726.1101,725.1101,0.0,N/A,PASS,0,PENDING,PENDING_VISUAL_OPEN,,
PAIR_1485,C02,B02,LINE_ARROW,NODE_BORDER,VECTOR_VECTOR,RAW_MASK,0,740.5768,739.5768,0.0,N/A,PASS,0,PENDING,PENDING_VISUAL_OPEN,,
PAIR_1486,C02,R12,LINE_ARROW,MATH_RULE,VECTOR_VECTOR,RAW_MASK,0,824.5148,823.5148,0.0,N/A,PASS,0,PENDING,PENDING_VISUAL_OPEN,,
PAIR_1487,C02,E08,LINE_ARROW,LINE_ARROW,VECTOR_VECTOR,RAW_MASK,0,723.0527,722.0527,0.0,N/A,PASS,0,PENDING,PENDING_VISUAL_OPEN,,
PAIR_1488,C02,R13,LINE_ARROW,MATH_RULE,VECTOR_VECTOR,RAW_MASK,0,790.4512,789.4512,0.0,N/A,PASS,0,PENDING,PENDING_VISUAL_OPEN,,
PAIR_1489,C02,R14,LINE_ARROW,MATH_RULE,VECTOR_VECTOR,RAW_MASK,0,681.969,680.969,0.0,N/A,PASS,0,PENDING,PENDING_VISUAL_OPEN,,
PAIR_1490,C02,H02,LINE_ARROW,MATH_RULE,VECTOR_VECTOR,RAW_MASK,0,759.1349,758.1349,0.0,N/A,PASS,0,PENDING,PENDING_VISUAL_OPEN,,
PAIR_1491,C02,R15,LINE_ARROW,MATH_RULE,VECTOR_VECTOR,RAW_MASK,0,930.4465,929.4465,0.0,N/A,PASS,0,PENDING,PENDING_VISUAL_OPEN,,
PAIR_1492,C03,R10,LINE_ARROW,MATH_RULE,VECTOR_VECTOR,RAW_MASK,0,447.0932,446.0932,0.0,N/A,PASS,0,PENDING,PENDING_VISUAL_OPEN,,
PAIR_1493,C03,R11,LINE_ARROW,MATH_RULE,VECTOR_VECTOR,RAW_MASK,0,541.3866,540.3866,0.0,N/A,PASS,0,PENDING,PENDING_VISUAL_OPEN,,
PAIR_1494,C03,N03,LINE_ARROW,NODE_BORDER,VECTOR_VECTOR,RAW_MASK,0,77.8915,76.8915,0.0,N/A,PASS,0,PENDING,PENDING_VISUAL_OPEN,,
PAIR_1495,C03,N04,LINE_ARROW,NODE_BORDER,VECTOR_VECTOR,RAW_MASK,0,310.5969,309.5969,0.0,N/A,PASS,0,PENDING,PENDING_VISUAL_OPEN,,
PAIR_1496,C03,E05,LINE_ARROW,LINE_ARROW,VECTOR_VECTOR,RAW_MASK,0,113.3008,112.3008,0.0,N/A,PASS,0,PENDING,PENDING_VISUAL_OPEN,,
PAIR_1497,C03,E06,LINE_ARROW,LINE_ARROW,VECTOR_VECTOR,RAW_MASK,0,426.8248,425.8248,0.0,N/A,PASS,0,PENDING,PENDING_VISUAL_OPEN,,
PAIR_1498,C03,E07,LINE_ARROW,LINE_ARROW,VECTOR_VECTOR,RAW_MASK,0,171.7674,170.7674,0.0,N/A,PASS,0,PENDING,PENDING_VISUAL_OPEN,,
PAIR_1499,C03,B02,LINE_ARROW,NODE_BORDER,VECTOR_VECTOR,RAW_MASK,0,211.5054,210.5054,0.0,N/A,PASS,0,PENDING,PENDING_VISUAL_OPEN,,
PAIR_1500,C03,R12,LINE_ARROW,MATH_RULE,VECTOR_VECTOR,RAW_MASK,0,274.2257,273.2257,0.0,N/A,PASS,0,PENDING,PENDING_VISUAL_OPEN,,
PAIR_1501,C03,E08,LINE_ARROW,LINE_ARROW,VECTOR_VECTOR,RAW_MASK,0,137.2001,136.2001,0.0,N/A,PASS,0,PENDING,PENDING_VISUAL_OPEN,,
PAIR_1502,C03,R13,LINE_ARROW,MATH_RULE,VECTOR_VECTOR,RAW_MASK,0,171.6481,170.6481,0.0,N/A,PASS,0,PENDING,PENDING_VISUAL_OPEN,,
PAIR_1503,C03,R14,LINE_ARROW,MATH_RULE,VECTOR_VECTOR,RAW_MASK,0,63.3628,62.3628,0.0,N/A,PASS,0,PENDING,PENDING_VISUAL_OPEN,,
PAIR_1504,C03,H02,LINE_ARROW,MATH_RULE,VECTOR_VECTOR,RAW_MASK,0,140.5287,139.5287,0.0,N/A,PASS,0,PENDING,PENDING_VISUAL_OPEN,,
PAIR_1505,C03,R15,LINE_ARROW,MATH_RULE,VECTOR_VECTOR,RAW_MASK,0,311.8403,310.8403,0.0,N/A,PASS,0,PENDING,PENDING_VISUAL_OPEN,,
PAIR_1506,R10,R11,MATH_RULE,MATH_RULE,VECTOR_VECTOR,RAW_MASK,0,78.969,77.969,0.0,N/A,PASS,0,PENDING,PENDING_VISUAL_OPEN,,
PAIR_1507,R10,N03,MATH_RULE,NODE_BORDER,VECTOR_VECTOR,RAW_MASK,0,286.0062,285.0062,0.0,N/A,PASS,0,PENDING,PENDING_VISUAL_OPEN,,
PAIR_1508,R10,N04,MATH_RULE,NODE_BORDER,VECTOR_VECTOR,RAW_MASK,0,103.0,102.0,0.0,N/A,PASS,0,PENDING,PENDING_VISUAL_OPEN,,
PAIR_1509,R10,E05,MATH_RULE,LINE_ARROW,VECTOR_VECTOR,RAW_MASK,0,397.7473,396.7473,0.0,N/A,PASS,0,PENDING,PENDING_VISUAL_OPEN,,
PAIR_1510,R10,E06,MATH_RULE,LINE_ARROW,VECTOR_VECTOR,RAW_MASK,0,149.6326,148.6326,0.0,N/A,PASS,0,PENDING,PENDING_VISUAL_OPEN,,
PAIR_1511,R10,E07,MATH_RULE,LINE_ARROW,VECTOR_VECTOR,RAW_MASK,0,135.6263,134.6263,0.0,N/A,PASS,0,PENDING,PENDING_VISUAL_OPEN,,
PAIR_1512,R10,B02,MATH_RULE,NODE_BORDER,VECTOR_VECTOR,RAW_MASK,0,58.3473,57.3473,0.0,N/A,PASS,0,PENDING,PENDING_VISUAL_OPEN,,
PAIR_1513,R10,R12,MATH_RULE,MATH_RULE,VECTOR_VECTOR,RAW_MASK,0,144.845,143.845,0.0,N/A,PASS,0,PENDING,PENDING_VISUAL_OPEN,,
PAIR_1514,R10,E08,MATH_RULE,LINE_ARROW,VECTOR_VECTOR,RAW_MASK,0,190.0574,189.0574,0.0,N/A,PASS,0,PENDING,PENDING_VISUAL_OPEN,,
PAIR_1515,R10,R13,MATH_RULE,MATH_RULE,VECTOR_VECTOR,RAW_MASK,0,258.9331,257.9331,0.0,N/A,PASS,0,PENDING,PENDING_VISUAL_OPEN,,
PAIR_1516,R10,R14,MATH_RULE,MATH_RULE,VECTOR_VECTOR,RAW_MASK,0,389.9727,388.9727,0.0,N/A,PASS,0,PENDING,PENDING_VISUAL_OPEN,,
PAIR_1517,R10,H02,MATH_RULE,MATH_RULE,VECTOR_VECTOR,RAW_MASK,0,343.6589,342.6589,0.0,N/A,PASS,0,PENDING,PENDING_VISUAL_OPEN,,
PAIR_1518,R10,R15,MATH_RULE,MATH_RULE,VECTOR_VECTOR,RAW_MASK,0,416.969,415.969,0.0,N/A,PASS,0,PENDING,PENDING_VISUAL_OPEN,,
PAIR_1519,R11,N03,MATH_RULE,NODE_BORDER,VECTOR_VECTOR,RAW_MASK,0,393.7008,392.7008,0.0,N/A,PASS,0,PENDING,PENDING_VISUAL_OPEN,,
PAIR_1520,R11,N04,MATH_RULE,NODE_BORDER,VECTOR_VECTOR,RAW_MASK,0,139.8047,138.8047,0.0,N/A,PASS,0,PENDING,PENDING_VISUAL_OPEN,,
PAIR_1521,R11,E05,MATH_RULE,LINE_ARROW,VECTOR_VECTOR,RAW_MASK,0,509.9132,508.9132,0.0,N/A,PASS,0,PENDING,PENDING_VISUAL_OPEN,,
PAIR_1522,R11,E06,MATH_RULE,LINE_ARROW,VECTOR_VECTOR,RAW_MASK,0,136.0,135.0,0.0,N/A,PASS,0,PENDING,PENDING_VISUAL_OPEN,,
PAIR_1523,R11,E07,MATH_RULE,LINE_ARROW,VECTOR_VECTOR,RAW_MASK,0,215.3625,214.3625,0.0,N/A,PASS,0,PENDING,PENDING_VISUAL_OPEN,,
PAIR_1524,R11,B02,MATH_RULE,NODE_BORDER,VECTOR_VECTOR,RAW_MASK,0,167.4667,166.4667,0.0,N/A,PASS,0,PENDING,PENDING_VISUAL_OPEN,,
PAIR_1525,R11,R12,MATH_RULE,MATH_RULE,VECTOR_VECTOR,RAW_MASK,0,257.0109,256.0109,0.0,N/A,PASS,0,PENDING,PENDING_VISUAL_OPEN,,
PAIR_1526,R11,E08,MATH_RULE,LINE_ARROW,VECTOR_VECTOR,RAW_MASK,0,247.0879,246.0879,0.0,N/A,PASS,0,PENDING,PENDING_VISUAL_OPEN,,
PAIR_1527,R11,R13,MATH_RULE,MATH_RULE,VECTOR_VECTOR,RAW_MASK,0,336.3651,335.3651,0.0,N/A,PASS,0,PENDING,PENDING_VISUAL_OPEN,,
PAIR_1528,R11,R14,MATH_RULE,MATH_RULE,VECTOR_VECTOR,RAW_MASK,0,469.7303,468.7303,0.0,N/A,PASS,0,PENDING,PENDING_VISUAL_OPEN,,
PAIR_1529,R11,H02,MATH_RULE,MATH_RULE,VECTOR_VECTOR,RAW_MASK,0,398.049,397.049,0.0,N/A,PASS,0,PENDING,PENDING_VISUAL_OPEN,,
PAIR_1530,R11,R15,MATH_RULE,MATH_RULE,VECTOR_VECTOR,RAW_MASK,0,440.369,439.369,0.0,N/A,PASS,0,PENDING,PENDING_VISUAL_OPEN,,
PAIR_1531,N03,N04,NODE_BORDER,NODE_BORDER,VECTOR_VECTOR,RAW_MASK,0,202.0,201.0,0.0,N/A,PASS,0,PENDING,PENDING_VISUAL_OPEN,,
PAIR_1532,N03,E05,NODE_BORDER,LINE_ARROW,VECTOR_VECTOR,RAW_MASK,7,0.0,0.0,0.0,N/A,PASS,0,PENDING,PENDING_VISUAL_OPEN,,
PAIR_1533,N03,E06,NODE_BORDER,LINE_ARROW,VECTOR_VECTOR,RAW_MASK,0,316.5907,315.5907,0.0,N/A,PASS,0,PENDING,PENDING_VISUAL_OPEN,,
PAIR_1534,N03,E07,NODE_BORDER,LINE_ARROW,VECTOR_VECTOR,RAW_MASK,18,0.0,0.0,0.0,N/A,PASS,0,PENDING,PENDING_VISUAL_OPEN,,
PAIR_1535,N03,B02,NODE_BORDER,NODE_BORDER,VECTOR_VECTOR,RAW_MASK,0,26.6,25.6,0.0,N/A,PASS,0,PENDING,PENDING_VISUAL_OPEN,,
PAIR_1536,N03,R12,NODE_BORDER,MATH_RULE,VECTOR_VECTOR,RAW_MASK,0,101.6605,100.6605,0.0,N/A,PASS,0,PENDING,PENDING_VISUAL_OPEN,,
PAIR_1537,N03,E08,NODE_BORDER,LINE_ARROW,VECTOR_VECTOR,RAW_MASK,0,3.1969,2.1969,0.0,N/A,PASS,0,PENDING,PENDING_VISUAL_OPEN,,
PAIR_1538,N03,R13,NODE_BORDER,MATH_RULE,VECTOR_VECTOR,RAW_MASK,0,90.676,89.676,0.0,N/A,PASS,0,PENDING,PENDING_VISUAL_OPEN,,
PAIR_1539,N03,R14,NODE_BORDER,MATH_RULE,VECTOR_VECTOR,RAW_MASK,0,96.5132,95.5132,0.0,N/A,PASS,0,PENDING,PENDING_VISUAL_OPEN,,
PAIR_1540,N03,H02,NODE_BORDER,MATH_RULE,VECTOR_VECTOR,RAW_MASK,0,136.8759,135.8759,0.0,N/A,PASS,0,PENDING,PENDING_VISUAL_OPEN,,
PAIR_1541,N03,R15,NODE_BORDER,MATH_RULE,VECTOR_VECTOR,RAW_MASK,0,305.1993,304.1993,0.0,N/A,PASS,0,PENDING,PENDING_VISUAL_OPEN,,
PAIR_1542,N04,E05,NODE_BORDER,LINE_ARROW,VECTOR_VECTOR,RAW_MASK,0,317.1814,316.1814,0.0,N/A,PASS,0,PENDING,PENDING_VISUAL_OPEN,,
PAIR_1543,N04,E06,NODE_BORDER,LINE_ARROW,VECTOR_VECTOR,RAW_MASK,8,0.0,0.0,0.0,N/A,PASS,0,PENDING,PENDING_VISUAL_OPEN,,
PAIR_1544,N04,E07,NODE_BORDER,LINE_ARROW,VECTOR_VECTOR,RAW_MASK,0,4.1969,3.1969,0.0,N/A,PASS,0,PENDING,PENDING_VISUAL_OPEN,,
PAIR_1545,N04,B02,NODE_BORDER,NODE_BORDER,VECTOR_VECTOR,RAW_MASK,0,26.6,25.6,0.0,N/A,PASS,0,PENDING,PENDING_VISUAL_OPEN,,
PAIR_1546,N04,R12,NODE_BORDER,MATH_RULE,VECTOR_VECTOR,RAW_MASK,0,106.8512,105.8512,0.0,N/A,PASS,0,PENDING,PENDING_VISUAL_OPEN,,
PAIR_1547,N04,E08,NODE_BORDER,LINE_ARROW,VECTOR_VECTOR,RAW_MASK,8,0.0,0.0,0.0,N/A,PASS,0,PENDING,PENDING_VISUAL_OPEN,,
PAIR_1548,N04,R13,NODE_BORDER,MATH_RULE,VECTOR_VECTOR,RAW_MASK,0,96.6636,95.6636,0.0,N/A,PASS,0,PENDING,PENDING_VISUAL_OPEN,,
PAIR_1549,N04,R14,NODE_BORDER,MATH_RULE,VECTOR_VECTOR,RAW_MASK,0,226.3456,225.3456,0.0,N/A,PASS,0,PENDING,PENDING_VISUAL_OPEN,,
PAIR_1550,N04,H02,NODE_BORDER,MATH_RULE,VECTOR_VECTOR,RAW_MASK,0,140.9038,139.9038,0.0,N/A,PASS,0,PENDING,PENDING_VISUAL_OPEN,,
PAIR_1551,N04,R15,NODE_BORDER,MATH_RULE,VECTOR_VECTOR,RAW_MASK,0,197.5752,196.5752,0.0,N/A,PASS,0,PENDING,PENDING_VISUAL_OPEN,,
PAIR_1552,E05,E06,LINE_ARROW,LINE_ARROW,VECTOR_VECTOR,RAW_MASK,0,433.0,432.0,0.0,N/A,PASS,0,PENDING,PENDING_VISUAL_OPEN,,
PAIR_1553,E05,E07,LINE_ARROW,LINE_ARROW,VECTOR_VECTOR,RAW_MASK,0,111.9845,110.9845,0.0,N/A,PASS,0,PENDING,PENDING_VISUAL_OPEN,,
PAIR_1554,E05,B02,LINE_ARROW,NODE_BORDER,VECTOR_VECTOR,RAW_MASK,0,126.4512,125.4512,0.0,N/A,PASS,0,PENDING,PENDING_VISUAL_OPEN,,
PAIR_1555,E05,R12,LINE_ARROW,MATH_RULE,VECTOR_VECTOR,RAW_MASK,0,210.3892,209.3892,0.0,N/A,PASS,0,PENDING,PENDING_VISUAL_OPEN,,
PAIR_1556,E05,E08,LINE_ARROW,LINE_ARROW,VECTOR_VECTOR,RAW_MASK,0,114.3783,113.3783,0.0,N/A,PASS,0,PENDING,PENDING_VISUAL_OPEN,,
PAIR_1557,E05,R13,LINE_ARROW,MATH_RULE,VECTOR_VECTOR,RAW_MASK,0,201.8605,200.8605,0.0,N/A,PASS,0,PENDING,PENDING_VISUAL_OPEN,,
PAIR_1558,E05,R14,LINE_ARROW,MATH_RULE,VECTOR_VECTOR,RAW_MASK,0,161.882,160.882,0.0,N/A,PASS,0,PENDING,PENDING_VISUAL_OPEN,,
PAIR_1559,E05,H02,LINE_ARROW,MATH_RULE,VECTOR_VECTOR,RAW_MASK,0,220.5314,219.5314,0.0,N/A,PASS,0,PENDING,PENDING_VISUAL_OPEN,,
PAIR_1560,E05,R15,LINE_ARROW,MATH_RULE,VECTOR_VECTOR,RAW_MASK,0,398.5448,397.5448,0.0,N/A,PASS,0,PENDING,PENDING_VISUAL_OPEN,,
PAIR_1561,E06,E07,LINE_ARROW,LINE_ARROW,VECTOR_VECTOR,RAW_MASK,0,114.3783,113.3783,0.0,N/A,PASS,0,PENDING,PENDING_VISUAL_OPEN,,
PAIR_1562,E06,B02,LINE_ARROW,NODE_BORDER,VECTOR_VECTOR,RAW_MASK,0,122.2543,121.2543,0.0,N/A,PASS,0,PENDING,PENDING_VISUAL_OPEN,,
PAIR_1563,E06,R12,LINE_ARROW,MATH_RULE,VECTOR_VECTOR,RAW_MASK,0,212.3892,211.3892,0.0,N/A,PASS,0,PENDING,PENDING_VISUAL_OPEN,,
PAIR_1564,E06,E08,LINE_ARROW,LINE_ARROW,VECTOR_VECTOR,RAW_MASK,0,112.9845,111.9845,0.0,N/A,PASS,0,PENDING,PENDING_VISUAL_OPEN,,
PAIR_1565,E06,R13,LINE_ARROW,MATH_RULE,VECTOR_VECTOR,RAW_MASK,0,212.6636,211.6636,0.0,N/A,PASS,0,PENDING,PENDING_VISUAL_OPEN,,
PAIR_1566,E06,R14,LINE_ARROW,MATH_RULE,VECTOR_VECTOR,RAW_MASK,0,330.1877,329.1877,0.0,N/A,PASS,0,PENDING,PENDING_VISUAL_OPEN,,
PAIR_1567,E06,H02,LINE_ARROW,MATH_RULE,VECTOR_VECTOR,RAW_MASK,0,228.6942,227.6942,0.0,N/A,PASS,0,PENDING,PENDING_VISUAL_OPEN,,
PAIR_1568,E06,R15,LINE_ARROW,MATH_RULE,VECTOR_VECTOR,RAW_MASK,0,243.5085,242.5085,0.0,N/A,PASS,0,PENDING,PENDING_VISUAL_OPEN,,
PAIR_1569,E07,B02,LINE_ARROW,NODE_BORDER,VECTOR_VECTOR,RAW_MASK,0,11.0,10.0,0.0,N/A,PASS,0,PENDING,PENDING_VISUAL_OPEN,,
PAIR_1570,E07,R12,LINE_ARROW,MATH_RULE,VECTOR_VECTOR,RAW_MASK,0,36.0,35.0,0.0,N/A,PASS,0,PENDING,PENDING_VISUAL_OPEN,,
PAIR_1571,E07,E08,LINE_ARROW,LINE_ARROW,VECTOR_VECTOR,RAW_MASK,0,41.5907,40.5907,0.0,N/A,PASS,0,PENDING,PENDING_VISUAL_OPEN,,
PAIR_1572,E07,R13,LINE_ARROW,MATH_RULE,VECTOR_VECTOR,RAW_MASK,0,101.8605,100.8605,0.0,N/A,PASS,0,PENDING,PENDING_VISUAL_OPEN,,
PAIR_1573,E07,R14,LINE_ARROW,MATH_RULE,VECTOR_VECTOR,RAW_MASK,0,168.0,167.0,0.0,N/A,PASS,0,PENDING,PENDING_VISUAL_OPEN,,
PAIR_1574,E07,H02,LINE_ARROW,MATH_RULE,VECTOR_VECTOR,RAW_MASK,0,190.876,189.876,0.0,N/A,PASS,0,PENDING,PENDING_VISUAL_OPEN,,
PAIR_1575,E07,R15,LINE_ARROW,MATH_RULE,VECTOR_VECTOR,RAW_MASK,0,276.9845,275.9845,0.0,N/A,PASS,0,PENDING,PENDING_VISUAL_OPEN,,
PAIR_1576,B02,R12,NODE_BORDER,MATH_RULE,VECTOR_VECTOR,RAW_MASK,0,18.0,17.0,0.0,N/A,PASS,0,PENDING,PENDING_VISUAL_OPEN,,
PAIR_1577,B02,E08,NODE_BORDER,LINE_ARROW,VECTOR_VECTOR,RAW_MASK,0,80.5752,79.5752,0.0,N/A,PASS,0,PENDING,PENDING_VISUAL_OPEN,,
PAIR_1578,B02,R13,NODE_BORDER,MATH_RULE,VECTOR_VECTOR,RAW_MASK,0,120.0,119.0,0.0,N/A,PASS,0,PENDING,PENDING_VISUAL_OPEN,,
PAIR_1579,B02,R14,NODE_BORDER,MATH_RULE,VECTOR_VECTOR,RAW_MASK,0,208.0,207.0,0.0,N/A,PASS,0,PENDING,PENDING_VISUAL_OPEN,,
PAIR_1580,B02,H02,NODE_BORDER,MATH_RULE,VECTOR_VECTOR,RAW_MASK,0,220.0,219.0,0.0,N/A,PASS,0,PENDING,PENDING_VISUAL_OPEN,,
PAIR_1581,B02,R15,NODE_BORDER,MATH_RULE,VECTOR_VECTOR,RAW_MASK,0,314.7721,313.7721,0.0,N/A,PASS,0,PENDING,PENDING_VISUAL_OPEN,,
PAIR_1582,R12,E08,MATH_RULE,LINE_ARROW,VECTOR_VECTOR,RAW_MASK,0,120.8512,119.8512,0.0,N/A,PASS,0,PENDING,PENDING_VISUAL_OPEN,,
PAIR_1583,R12,R13,MATH_RULE,MATH_RULE,VECTOR_VECTOR,RAW_MASK,0,145.0,144.0,0.0,N/A,PASS,0,PENDING,PENDING_VISUAL_OPEN,,
PAIR_1584,R12,R14,MATH_RULE,MATH_RULE,VECTOR_VECTOR,RAW_MASK,0,245.6016,244.6016,0.0,N/A,PASS,0,PENDING,PENDING_VISUAL_OPEN,,
PAIR_1585,R12,H02,MATH_RULE,MATH_RULE,VECTOR_VECTOR,RAW_MASK,0,245.0,244.0,0.0,N/A,PASS,0,PENDING,PENDING_VISUAL_OPEN,,
PAIR_1586,R12,R15,MATH_RULE,MATH_RULE,VECTOR_VECTOR,RAW_MASK,0,355.7209,354.7209,0.0,N/A,PASS,0,PENDING,PENDING_VISUAL_OPEN,,
PAIR_1587,E08,R13,LINE_ARROW,MATH_RULE,VECTOR_VECTOR,RAW_MASK,0,16.0,15.0,0.0,N/A,PASS,0,PENDING,PENDING_VISUAL_OPEN,,
PAIR_1588,E08,R14,LINE_ARROW,MATH_RULE,VECTOR_VECTOR,RAW_MASK,0,111.0,110.0,0.0,N/A,PASS,0,PENDING,PENDING_VISUAL_OPEN,,
PAIR_1589,E08,H02,LINE_ARROW,MATH_RULE,VECTOR_VECTOR,RAW_MASK,0,116.0,115.0,0.0,N/A,PASS,0,PENDING,PENDING_VISUAL_OPEN,,
PAIR_1590,E08,R15,LINE_ARROW,MATH_RULE,VECTOR_VECTOR,RAW_MASK,0,222.9954,221.9954,0.0,N/A,PASS,0,PENDING,PENDING_VISUAL_OPEN,,
PAIR_1591,R13,R14,MATH_RULE,MATH_RULE,VECTOR_VECTOR,RAW_MASK,0,86.9938,85.9938,0.0,N/A,PASS,0,PENDING,PENDING_VISUAL_OPEN,,
PAIR_1592,R13,H02,MATH_RULE,MATH_RULE,VECTOR_VECTOR,RAW_MASK,0,72.0,71.0,0.0,N/A,PASS,0,PENDING,PENDING_VISUAL_OPEN,,
PAIR_1593,R13,R15,MATH_RULE,MATH_RULE,VECTOR_VECTOR,RAW_MASK,0,185.7674,184.7674,0.0,N/A,PASS,0,PENDING,PENDING_VISUAL_OPEN,,
PAIR_1594,R14,H02,MATH_RULE,MATH_RULE,VECTOR_VECTOR,RAW_MASK,0,37.0,36.0,0.0,N/A,PASS,0,PENDING,PENDING_VISUAL_OPEN,,
PAIR_1595,R14,R15,MATH_RULE,MATH_RULE,VECTOR_VECTOR,RAW_MASK,0,204.9644,203.9644,0.0,N/A,PASS,0,PENDING,PENDING_VISUAL_OPEN,,
PAIR_1596,H02,R15,MATH_RULE,MATH_RULE,VECTOR_VECTOR,RAW_MASK,0,70.9039,69.9039,0.0,N/A,PASS,0,PENDING,PENDING_VISUAL_OPEN,,
