PAIR_ID,OBJECT_ID_A,OBJECT_ID_B,KIND_A,KIND_B,MECHANICAL_PAIR_CLASS
PAIR-0001,TXT-U-YTICK-100,TXT-U-P4,TEXT_OR_FORMULA,TEXT_OR_FORMULA,TEXT_OR_FORMULA__TEXT_OR_FORMULA
PAIR-0002,TXT-U-YTICK-100,TXT-U-YTICK-080,TEXT_OR_FORMULA,TEXT_OR_FORMULA,TEXT_OR_FORMULA__TEXT_OR_FORMULA
PAIR-0003,TXT-U-YTICK-100,TXT-U-NOTE-RC,TEXT_OR_FORMULA,TEXT_OR_FORMULA,TEXT_OR_FORMULA__TEXT_OR_FORMULA
PAIR-0004,TXT-U-YTICK-100,TXT-U-YLABEL-FX,TEXT_OR_FORMULA,TEXT_OR_FORMULA,TEXT_OR_FORMULA__TEXT_OR_FORMULA
PAIR-0005,TXT-U-YTICK-100,TXT-U-P3,TEXT_OR_FORMULA,TEXT_OR_FORMULA,TEXT_OR_FORMULA__TEXT_OR_FORMULA
PAIR-0006,TXT-U-YTICK-100,TXT-U-YTICK-045,TEXT_OR_FORMULA,TEXT_OR_FORMULA,TEXT_OR_FORMULA__TEXT_OR_FORMULA
PAIR-0007,TXT-U-YTICK-100,TXT-U-P2,TEXT_OR_FORMULA,TEXT_OR_FORMULA,TEXT_OR_FORMULA__TEXT_OR_FORMULA
PAIR-0008,TXT-U-YTICK-100,TXT-U-P1,TEXT_OR_FORMULA,TEXT_OR_FORMULA,TEXT_OR_FORMULA__TEXT_OR_FORMULA
PAIR-0009,TXT-U-YTICK-100,TXT-U-YTICK-000,TEXT_OR_FORMULA,TEXT_OR_FORMULA,TEXT_OR_FORMULA__TEXT_OR_FORMULA
PAIR-0010,TXT-U-YTICK-100,TXT-L-YTICK-035,TEXT_OR_FORMULA,TEXT_OR_FORMULA,TEXT_OR_FORMULA__TEXT_OR_FORMULA
PAIR-0011,TXT-U-YTICK-100,TXT-L-NOTE-JUMP,TEXT_OR_FORMULA,TEXT_OR_FORMULA,TEXT_OR_FORMULA__TEXT_OR_FORMULA
PAIR-0012,TXT-U-YTICK-100,TXT-L-YLABEL-PX,TEXT_OR_FORMULA,TEXT_OR_FORMULA,TEXT_OR_FORMULA__TEXT_OR_FORMULA
PAIR-0013,TXT-U-YTICK-100,TXT-L-YTICK-030,TEXT_OR_FORMULA,TEXT_OR_FORMULA,TEXT_OR_FORMULA__TEXT_OR_FORMULA
PAIR-0014,TXT-U-YTICK-100,TXT-L-YTICK-015,TEXT_OR_FORMULA,TEXT_OR_FORMULA,TEXT_OR_FORMULA__TEXT_OR_FORMULA
PAIR-0015,TXT-U-YTICK-100,TXT-L-YTICK-000,TEXT_OR_FORMULA,TEXT_OR_FORMULA,TEXT_OR_FORMULA__TEXT_OR_FORMULA
PAIR-0016,TXT-U-YTICK-100,TXT-L-XTICK-1,TEXT_OR_FORMULA,TEXT_OR_FORMULA,TEXT_OR_FORMULA__TEXT_OR_FORMULA
PAIR-0017,TXT-U-YTICK-100,TXT-L-XTICK-2,TEXT_OR_FORMULA,TEXT_OR_FORMULA,TEXT_OR_FORMULA__TEXT_OR_FORMULA
PAIR-0018,TXT-U-YTICK-100,TXT-L-XTICK-3,TEXT_OR_FORMULA,TEXT_OR_FORMULA,TEXT_OR_FORMULA__TEXT_OR_FORMULA
PAIR-0019,TXT-U-YTICK-100,TXT-L-XTICK-4,TEXT_OR_FORMULA,TEXT_OR_FORMULA,TEXT_OR_FORMULA__TEXT_OR_FORMULA
PAIR-0020,TXT-U-YTICK-100,TXT-L-XLABEL-T,TEXT_OR_FORMULA,TEXT_OR_FORMULA,TEXT_OR_FORMULA__TEXT_OR_FORMULA
PAIR-0021,TXT-U-YTICK-100,GFX-U-AXIS-X,TEXT_OR_FORMULA,GRAPHIC,TEXT_OR_FORMULA__GRAPHIC
PAIR-0022,TXT-U-YTICK-100,GFX-U-AXIS-Y,TEXT_OR_FORMULA,GRAPHIC,TEXT_OR_FORMULA__GRAPHIC
PAIR-0023,TXT-U-YTICK-100,GFX-U-YTICK-000,TEXT_OR_FORMULA,GRAPHIC,TEXT_OR_FORMULA__GRAPHIC
PAIR-0024,TXT-U-YTICK-100,GFX-U-YTICK-045,TEXT_OR_FORMULA,GRAPHIC,TEXT_OR_FORMULA__GRAPHIC
PAIR-0025,TXT-U-YTICK-100,GFX-U-YTICK-080,TEXT_OR_FORMULA,GRAPHIC,TEXT_OR_FORMULA__GRAPHIC
PAIR-0026,TXT-U-YTICK-100,GFX-U-YTICK-100,TEXT_OR_FORMULA,GRAPHIC,TEXT_OR_FORMULA__GRAPHIC
PAIR-0027,TXT-U-YTICK-100,GFX-U-CDF-CURVE,TEXT_OR_FORMULA,GRAPHIC,TEXT_OR_FORMULA__GRAPHIC
PAIR-0028,TXT-U-YTICK-100,GFX-U-CLOSED-1,TEXT_OR_FORMULA,GRAPHIC,TEXT_OR_FORMULA__GRAPHIC
PAIR-0029,TXT-U-YTICK-100,GFX-U-CLOSED-2,TEXT_OR_FORMULA,GRAPHIC,TEXT_OR_FORMULA__GRAPHIC
PAIR-0030,TXT-U-YTICK-100,GFX-U-CLOSED-3,TEXT_OR_FORMULA,GRAPHIC,TEXT_OR_FORMULA__GRAPHIC
PAIR-0031,TXT-U-YTICK-100,GFX-U-CLOSED-4,TEXT_OR_FORMULA,GRAPHIC,TEXT_OR_FORMULA__GRAPHIC
PAIR-0032,TXT-U-YTICK-100,GFX-U-OPEN-1,TEXT_OR_FORMULA,GRAPHIC,TEXT_OR_FORMULA__GRAPHIC
PAIR-0033,TXT-U-YTICK-100,GFX-U-OPEN-2,TEXT_OR_FORMULA,GRAPHIC,TEXT_OR_FORMULA__GRAPHIC
PAIR-0034,TXT-U-YTICK-100,GFX-U-OPEN-3,TEXT_OR_FORMULA,GRAPHIC,TEXT_OR_FORMULA__GRAPHIC
PAIR-0035,TXT-U-YTICK-100,GFX-U-OPEN-4,TEXT_OR_FORMULA,GRAPHIC,TEXT_OR_FORMULA__GRAPHIC
PAIR-0036,TXT-U-YTICK-100,GFX-U-GUIDE-Y100,TEXT_OR_FORMULA,GRAPHIC,TEXT_OR_FORMULA__GRAPHIC
PAIR-0037,TXT-U-YTICK-100,GFX-U-GUIDE-X1,TEXT_OR_FORMULA,GRAPHIC,TEXT_OR_FORMULA__GRAPHIC
PAIR-0038,TXT-U-YTICK-100,GFX-U-GUIDE-X2,TEXT_OR_FORMULA,GRAPHIC,TEXT_OR_FORMULA__GRAPHIC
PAIR-0039,TXT-U-YTICK-100,GFX-U-GUIDE-X3,TEXT_OR_FORMULA,GRAPHIC,TEXT_OR_FORMULA__GRAPHIC
PAIR-0040,TXT-U-YTICK-100,GFX-U-GUIDE-X4,TEXT_OR_FORMULA,GRAPHIC,TEXT_OR_FORMULA__GRAPHIC
PAIR-0041,TXT-U-YTICK-100,GFX-L-AXIS-X,TEXT_OR_FORMULA,GRAPHIC,TEXT_OR_FORMULA__GRAPHIC
PAIR-0042,TXT-U-YTICK-100,GFX-L-AXIS-Y,TEXT_OR_FORMULA,GRAPHIC,TEXT_OR_FORMULA__GRAPHIC
PAIR-0043,TXT-U-YTICK-100,GFX-L-XTICK-1,TEXT_OR_FORMULA,GRAPHIC,TEXT_OR_FORMULA__GRAPHIC
PAIR-0044,TXT-U-YTICK-100,GFX-L-XTICK-2,TEXT_OR_FORMULA,GRAPHIC,TEXT_OR_FORMULA__GRAPHIC
PAIR-0045,TXT-U-YTICK-100,GFX-L-XTICK-3,TEXT_OR_FORMULA,GRAPHIC,TEXT_OR_FORMULA__GRAPHIC
PAIR-0046,TXT-U-YTICK-100,GFX-L-XTICK-4,TEXT_OR_FORMULA,GRAPHIC,TEXT_OR_FORMULA__GRAPHIC
PAIR-0047,TXT-U-YTICK-100,GFX-L-YTICK-000,TEXT_OR_FORMULA,GRAPHIC,TEXT_OR_FORMULA__GRAPHIC
PAIR-0048,TXT-U-YTICK-100,GFX-L-YTICK-015,TEXT_OR_FORMULA,GRAPHIC,TEXT_OR_FORMULA__GRAPHIC
PAIR-0049,TXT-U-YTICK-100,GFX-L-YTICK-030,TEXT_OR_FORMULA,GRAPHIC,TEXT_OR_FORMULA__GRAPHIC
PAIR-0050,TXT-U-YTICK-100,GFX-L-YTICK-035,TEXT_OR_FORMULA,GRAPHIC,TEXT_OR_FORMULA__GRAPHIC
PAIR-0051,TXT-U-YTICK-100,GFX-L-PMF-STEM-1,TEXT_OR_FORMULA,GRAPHIC,TEXT_OR_FORMULA__GRAPHIC
PAIR-0052,TXT-U-YTICK-100,GFX-L-PMF-STEM-2,TEXT_OR_FORMULA,GRAPHIC,TEXT_OR_FORMULA__GRAPHIC
PAIR-0053,TXT-U-YTICK-100,GFX-L-PMF-STEM-3,TEXT_OR_FORMULA,GRAPHIC,TEXT_OR_FORMULA__GRAPHIC
PAIR-0054,TXT-U-YTICK-100,GFX-L-PMF-STEM-4,TEXT_OR_FORMULA,GRAPHIC,TEXT_OR_FORMULA__GRAPHIC
PAIR-0055,TXT-U-YTICK-100,GFX-L-PMF-MARK-1,TEXT_OR_FORMULA,GRAPHIC,TEXT_OR_FORMULA__GRAPHIC
PAIR-0056,TXT-U-YTICK-100,GFX-L-PMF-MARK-2,TEXT_OR_FORMULA,GRAPHIC,TEXT_OR_FORMULA__GRAPHIC
PAIR-0057,TXT-U-YTICK-100,GFX-L-PMF-MARK-3,TEXT_OR_FORMULA,GRAPHIC,TEXT_OR_FORMULA__GRAPHIC
PAIR-0058,TXT-U-YTICK-100,GFX-L-PMF-MARK-4,TEXT_OR_FORMULA,GRAPHIC,TEXT_OR_FORMULA__GRAPHIC
PAIR-0059,TXT-U-YTICK-100,GFX-L-GUIDE-X1,TEXT_OR_FORMULA,GRAPHIC,TEXT_OR_FORMULA__GRAPHIC
PAIR-0060,TXT-U-YTICK-100,GFX-L-GUIDE-X2,TEXT_OR_FORMULA,GRAPHIC,TEXT_OR_FORMULA__GRAPHIC
PAIR-0061,TXT-U-YTICK-100,GFX-L-GUIDE-X3,TEXT_OR_FORMULA,GRAPHIC,TEXT_OR_FORMULA__GRAPHIC
PAIR-0062,TXT-U-YTICK-100,GFX-L-GUIDE-X4,TEXT_OR_FORMULA,GRAPHIC,TEXT_OR_FORMULA__GRAPHIC
PAIR-0063,TXT-U-P4,TXT-U-YTICK-080,TEXT_OR_FORMULA,TEXT_OR_FORMULA,TEXT_OR_FORMULA__TEXT_OR_FORMULA
PAIR-0064,TXT-U-P4,TXT-U-NOTE-RC,TEXT_OR_FORMULA,TEXT_OR_FORMULA,TEXT_OR_FORMULA__TEXT_OR_FORMULA
PAIR-0065,TXT-U-P4,TXT-U-YLABEL-FX,TEXT_OR_FORMULA,TEXT_OR_FORMULA,TEXT_OR_FORMULA__TEXT_OR_FORMULA
PAIR-0066,TXT-U-P4,TXT-U-P3,TEXT_OR_FORMULA,TEXT_OR_FORMULA,TEXT_OR_FORMULA__TEXT_OR_FORMULA
PAIR-0067,TXT-U-P4,TXT-U-YTICK-045,TEXT_OR_FORMULA,TEXT_OR_FORMULA,TEXT_OR_FORMULA__TEXT_OR_FORMULA
PAIR-0068,TXT-U-P4,TXT-U-P2,TEXT_OR_FORMULA,TEXT_OR_FORMULA,TEXT_OR_FORMULA__TEXT_OR_FORMULA
PAIR-0069,TXT-U-P4,TXT-U-P1,TEXT_OR_FORMULA,TEXT_OR_FORMULA,TEXT_OR_FORMULA__TEXT_OR_FORMULA
PAIR-0070,TXT-U-P4,TXT-U-YTICK-000,TEXT_OR_FORMULA,TEXT_OR_FORMULA,TEXT_OR_FORMULA__TEXT_OR_FORMULA
PAIR-0071,TXT-U-P4,TXT-L-YTICK-035,TEXT_OR_FORMULA,TEXT_OR_FORMULA,TEXT_OR_FORMULA__TEXT_OR_FORMULA
PAIR-0072,TXT-U-P4,TXT-L-NOTE-JUMP,TEXT_OR_FORMULA,TEXT_OR_FORMULA,TEXT_OR_FORMULA__TEXT_OR_FORMULA
PAIR-0073,TXT-U-P4,TXT-L-YLABEL-PX,TEXT_OR_FORMULA,TEXT_OR_FORMULA,TEXT_OR_FORMULA__TEXT_OR_FORMULA
PAIR-0074,TXT-U-P4,TXT-L-YTICK-030,TEXT_OR_FORMULA,TEXT_OR_FORMULA,TEXT_OR_FORMULA__TEXT_OR_FORMULA
PAIR-0075,TXT-U-P4,TXT-L-YTICK-015,TEXT_OR_FORMULA,TEXT_OR_FORMULA,TEXT_OR_FORMULA__TEXT_OR_FORMULA
PAIR-0076,TXT-U-P4,TXT-L-YTICK-000,TEXT_OR_FORMULA,TEXT_OR_FORMULA,TEXT_OR_FORMULA__TEXT_OR_FORMULA
PAIR-0077,TXT-U-P4,TXT-L-XTICK-1,TEXT_OR_FORMULA,TEXT_OR_FORMULA,TEXT_OR_FORMULA__TEXT_OR_FORMULA
PAIR-0078,TXT-U-P4,TXT-L-XTICK-2,TEXT_OR_FORMULA,TEXT_OR_FORMULA,TEXT_OR_FORMULA__TEXT_OR_FORMULA
PAIR-0079,TXT-U-P4,TXT-L-XTICK-3,TEXT_OR_FORMULA,TEXT_OR_FORMULA,TEXT_OR_FORMULA__TEXT_OR_FORMULA
PAIR-0080,TXT-U-P4,TXT-L-XTICK-4,TEXT_OR_FORMULA,TEXT_OR_FORMULA,TEXT_OR_FORMULA__TEXT_OR_FORMULA
PAIR-0081,TXT-U-P4,TXT-L-XLABEL-T,TEXT_OR_FORMULA,TEXT_OR_FORMULA,TEXT_OR_FORMULA__TEXT_OR_FORMULA
PAIR-0082,TXT-U-P4,GFX-U-AXIS-X,TEXT_OR_FORMULA,GRAPHIC,TEXT_OR_FORMULA__GRAPHIC
PAIR-0083,TXT-U-P4,GFX-U-AXIS-Y,TEXT_OR_FORMULA,GRAPHIC,TEXT_OR_FORMULA__GRAPHIC
PAIR-0084,TXT-U-P4,GFX-U-YTICK-000,TEXT_OR_FORMULA,GRAPHIC,TEXT_OR_FORMULA__GRAPHIC
PAIR-0085,TXT-U-P4,GFX-U-YTICK-045,TEXT_OR_FORMULA,GRAPHIC,TEXT_OR_FORMULA__GRAPHIC
PAIR-0086,TXT-U-P4,GFX-U-YTICK-080,TEXT_OR_FORMULA,GRAPHIC,TEXT_OR_FORMULA__GRAPHIC
PAIR-0087,TXT-U-P4,GFX-U-YTICK-100,TEXT_OR_FORMULA,GRAPHIC,TEXT_OR_FORMULA__GRAPHIC
PAIR-0088,TXT-U-P4,GFX-U-CDF-CURVE,TEXT_OR_FORMULA,GRAPHIC,TEXT_OR_FORMULA__GRAPHIC
PAIR-0089,TXT-U-P4,GFX-U-CLOSED-1,TEXT_OR_FORMULA,GRAPHIC,TEXT_OR_FORMULA__GRAPHIC
PAIR-0090,TXT-U-P4,GFX-U-CLOSED-2,TEXT_OR_FORMULA,GRAPHIC,TEXT_OR_FORMULA__GRAPHIC
PAIR-0091,TXT-U-P4,GFX-U-CLOSED-3,TEXT_OR_FORMULA,GRAPHIC,TEXT_OR_FORMULA__GRAPHIC
PAIR-0092,TXT-U-P4,GFX-U-CLOSED-4,TEXT_OR_FORMULA,GRAPHIC,TEXT_OR_FORMULA__GRAPHIC
PAIR-0093,TXT-U-P4,GFX-U-OPEN-1,TEXT_OR_FORMULA,GRAPHIC,TEXT_OR_FORMULA__GRAPHIC
PAIR-0094,TXT-U-P4,GFX-U-OPEN-2,TEXT_OR_FORMULA,GRAPHIC,TEXT_OR_FORMULA__GRAPHIC
PAIR-0095,TXT-U-P4,GFX-U-OPEN-3,TEXT_OR_FORMULA,GRAPHIC,TEXT_OR_FORMULA__GRAPHIC
PAIR-0096,TXT-U-P4,GFX-U-OPEN-4,TEXT_OR_FORMULA,GRAPHIC,TEXT_OR_FORMULA__GRAPHIC
PAIR-0097,TXT-U-P4,GFX-U-GUIDE-Y100,TEXT_OR_FORMULA,GRAPHIC,TEXT_OR_FORMULA__GRAPHIC
PAIR-0098,TXT-U-P4,GFX-U-GUIDE-X1,TEXT_OR_FORMULA,GRAPHIC,TEXT_OR_FORMULA__GRAPHIC
PAIR-0099,TXT-U-P4,GFX-U-GUIDE-X2,TEXT_OR_FORMULA,GRAPHIC,TEXT_OR_FORMULA__GRAPHIC
PAIR-0100,TXT-U-P4,GFX-U-GUIDE-X3,TEXT_OR_FORMULA,GRAPHIC,TEXT_OR_FORMULA__GRAPHIC
PAIR-0101,TXT-U-P4,GFX-U-GUIDE-X4,TEXT_OR_FORMULA,GRAPHIC,TEXT_OR_FORMULA__GRAPHIC
PAIR-0102,TXT-U-P4,GFX-L-AXIS-X,TEXT_OR_FORMULA,GRAPHIC,TEXT_OR_FORMULA__GRAPHIC
PAIR-0103,TXT-U-P4,GFX-L-AXIS-Y,TEXT_OR_FORMULA,GRAPHIC,TEXT_OR_FORMULA__GRAPHIC
PAIR-0104,TXT-U-P4,GFX-L-XTICK-1,TEXT_OR_FORMULA,GRAPHIC,TEXT_OR_FORMULA__GRAPHIC
PAIR-0105,TXT-U-P4,GFX-L-XTICK-2,TEXT_OR_FORMULA,GRAPHIC,TEXT_OR_FORMULA__GRAPHIC
PAIR-0106,TXT-U-P4,GFX-L-XTICK-3,TEXT_OR_FORMULA,GRAPHIC,TEXT_OR_FORMULA__GRAPHIC
PAIR-0107,TXT-U-P4,GFX-L-XTICK-4,TEXT_OR_FORMULA,GRAPHIC,TEXT_OR_FORMULA__GRAPHIC
PAIR-0108,TXT-U-P4,GFX-L-YTICK-000,TEXT_OR_FORMULA,GRAPHIC,TEXT_OR_FORMULA__GRAPHIC
PAIR-0109,TXT-U-P4,GFX-L-YTICK-015,TEXT_OR_FORMULA,GRAPHIC,TEXT_OR_FORMULA__GRAPHIC
PAIR-0110,TXT-U-P4,GFX-L-YTICK-030,TEXT_OR_FORMULA,GRAPHIC,TEXT_OR_FORMULA__GRAPHIC
PAIR-0111,TXT-U-P4,GFX-L-YTICK-035,TEXT_OR_FORMULA,GRAPHIC,TEXT_OR_FORMULA__GRAPHIC
PAIR-0112,TXT-U-P4,GFX-L-PMF-STEM-1,TEXT_OR_FORMULA,GRAPHIC,TEXT_OR_FORMULA__GRAPHIC
PAIR-0113,TXT-U-P4,GFX-L-PMF-STEM-2,TEXT_OR_FORMULA,GRAPHIC,TEXT_OR_FORMULA__GRAPHIC
PAIR-0114,TXT-U-P4,GFX-L-PMF-STEM-3,TEXT_OR_FORMULA,GRAPHIC,TEXT_OR_FORMULA__GRAPHIC
PAIR-0115,TXT-U-P4,GFX-L-PMF-STEM-4,TEXT_OR_FORMULA,GRAPHIC,TEXT_OR_FORMULA__GRAPHIC
PAIR-0116,TXT-U-P4,GFX-L-PMF-MARK-1,TEXT_OR_FORMULA,GRAPHIC,TEXT_OR_FORMULA__GRAPHIC
PAIR-0117,TXT-U-P4,GFX-L-PMF-MARK-2,TEXT_OR_FORMULA,GRAPHIC,TEXT_OR_FORMULA__GRAPHIC
PAIR-0118,TXT-U-P4,GFX-L-PMF-MARK-3,TEXT_OR_FORMULA,GRAPHIC,TEXT_OR_FORMULA__GRAPHIC
PAIR-0119,TXT-U-P4,GFX-L-PMF-MARK-4,TEXT_OR_FORMULA,GRAPHIC,TEXT_OR_FORMULA__GRAPHIC
PAIR-0120,TXT-U-P4,GFX-L-GUIDE-X1,TEXT_OR_FORMULA,GRAPHIC,TEXT_OR_FORMULA__GRAPHIC
PAIR-0121,TXT-U-P4,GFX-L-GUIDE-X2,TEXT_OR_FORMULA,GRAPHIC,TEXT_OR_FORMULA__GRAPHIC
PAIR-0122,TXT-U-P4,GFX-L-GUIDE-X3,TEXT_OR_FORMULA,GRAPHIC,TEXT_OR_FORMULA__GRAPHIC
PAIR-0123,TXT-U-P4,GFX-L-GUIDE-X4,TEXT_OR_FORMULA,GRAPHIC,TEXT_OR_FORMULA__GRAPHIC
PAIR-0124,TXT-U-YTICK-080,TXT-U-NOTE-RC,TEXT_OR_FORMULA,TEXT_OR_FORMULA,TEXT_OR_FORMULA__TEXT_OR_FORMULA
PAIR-0125,TXT-U-YTICK-080,TXT-U-YLABEL-FX,TEXT_OR_FORMULA,TEXT_OR_FORMULA,TEXT_OR_FORMULA__TEXT_OR_FORMULA
PAIR-0126,TXT-U-YTICK-080,TXT-U-P3,TEXT_OR_FORMULA,TEXT_OR_FORMULA,TEXT_OR_FORMULA__TEXT_OR_FORMULA
PAIR-0127,TXT-U-YTICK-080,TXT-U-YTICK-045,TEXT_OR_FORMULA,TEXT_OR_FORMULA,TEXT_OR_FORMULA__TEXT_OR_FORMULA
PAIR-0128,TXT-U-YTICK-080,TXT-U-P2,TEXT_OR_FORMULA,TEXT_OR_FORMULA,TEXT_OR_FORMULA__TEXT_OR_FORMULA
PAIR-0129,TXT-U-YTICK-080,TXT-U-P1,TEXT_OR_FORMULA,TEXT_OR_FORMULA,TEXT_OR_FORMULA__TEXT_OR_FORMULA
PAIR-0130,TXT-U-YTICK-080,TXT-U-YTICK-000,TEXT_OR_FORMULA,TEXT_OR_FORMULA,TEXT_OR_FORMULA__TEXT_OR_FORMULA
PAIR-0131,TXT-U-YTICK-080,TXT-L-YTICK-035,TEXT_OR_FORMULA,TEXT_OR_FORMULA,TEXT_OR_FORMULA__TEXT_OR_FORMULA
PAIR-0132,TXT-U-YTICK-080,TXT-L-NOTE-JUMP,TEXT_OR_FORMULA,TEXT_OR_FORMULA,TEXT_OR_FORMULA__TEXT_OR_FORMULA
PAIR-0133,TXT-U-YTICK-080,TXT-L-YLABEL-PX,TEXT_OR_FORMULA,TEXT_OR_FORMULA,TEXT_OR_FORMULA__TEXT_OR_FORMULA
PAIR-0134,TXT-U-YTICK-080,TXT-L-YTICK-030,TEXT_OR_FORMULA,TEXT_OR_FORMULA,TEXT_OR_FORMULA__TEXT_OR_FORMULA
PAIR-0135,TXT-U-YTICK-080,TXT-L-YTICK-015,TEXT_OR_FORMULA,TEXT_OR_FORMULA,TEXT_OR_FORMULA__TEXT_OR_FORMULA
PAIR-0136,TXT-U-YTICK-080,TXT-L-YTICK-000,TEXT_OR_FORMULA,TEXT_OR_FORMULA,TEXT_OR_FORMULA__TEXT_OR_FORMULA
PAIR-0137,TXT-U-YTICK-080,TXT-L-XTICK-1,TEXT_OR_FORMULA,TEXT_OR_FORMULA,TEXT_OR_FORMULA__TEXT_OR_FORMULA
PAIR-0138,TXT-U-YTICK-080,TXT-L-XTICK-2,TEXT_OR_FORMULA,TEXT_OR_FORMULA,TEXT_OR_FORMULA__TEXT_OR_FORMULA
PAIR-0139,TXT-U-YTICK-080,TXT-L-XTICK-3,TEXT_OR_FORMULA,TEXT_OR_FORMULA,TEXT_OR_FORMULA__TEXT_OR_FORMULA
PAIR-0140,TXT-U-YTICK-080,TXT-L-XTICK-4,TEXT_OR_FORMULA,TEXT_OR_FORMULA,TEXT_OR_FORMULA__TEXT_OR_FORMULA
PAIR-0141,TXT-U-YTICK-080,TXT-L-XLABEL-T,TEXT_OR_FORMULA,TEXT_OR_FORMULA,TEXT_OR_FORMULA__TEXT_OR_FORMULA
PAIR-0142,TXT-U-YTICK-080,GFX-U-AXIS-X,TEXT_OR_FORMULA,GRAPHIC,TEXT_OR_FORMULA__GRAPHIC
PAIR-0143,TXT-U-YTICK-080,GFX-U-AXIS-Y,TEXT_OR_FORMULA,GRAPHIC,TEXT_OR_FORMULA__GRAPHIC
PAIR-0144,TXT-U-YTICK-080,GFX-U-YTICK-000,TEXT_OR_FORMULA,GRAPHIC,TEXT_OR_FORMULA__GRAPHIC
PAIR-0145,TXT-U-YTICK-080,GFX-U-YTICK-045,TEXT_OR_FORMULA,GRAPHIC,TEXT_OR_FORMULA__GRAPHIC
PAIR-0146,TXT-U-YTICK-080,GFX-U-YTICK-080,TEXT_OR_FORMULA,GRAPHIC,TEXT_OR_FORMULA__GRAPHIC
PAIR-0147,TXT-U-YTICK-080,GFX-U-YTICK-100,TEXT_OR_FORMULA,GRAPHIC,TEXT_OR_FORMULA__GRAPHIC
PAIR-0148,TXT-U-YTICK-080,GFX-U-CDF-CURVE,TEXT_OR_FORMULA,GRAPHIC,TEXT_OR_FORMULA__GRAPHIC
PAIR-0149,TXT-U-YTICK-080,GFX-U-CLOSED-1,TEXT_OR_FORMULA,GRAPHIC,TEXT_OR_FORMULA__GRAPHIC
PAIR-0150,TXT-U-YTICK-080,GFX-U-CLOSED-2,TEXT_OR_FORMULA,GRAPHIC,TEXT_OR_FORMULA__GRAPHIC
PAIR-0151,TXT-U-YTICK-080,GFX-U-CLOSED-3,TEXT_OR_FORMULA,GRAPHIC,TEXT_OR_FORMULA__GRAPHIC
PAIR-0152,TXT-U-YTICK-080,GFX-U-CLOSED-4,TEXT_OR_FORMULA,GRAPHIC,TEXT_OR_FORMULA__GRAPHIC
PAIR-0153,TXT-U-YTICK-080,GFX-U-OPEN-1,TEXT_OR_FORMULA,GRAPHIC,TEXT_OR_FORMULA__GRAPHIC
PAIR-0154,TXT-U-YTICK-080,GFX-U-OPEN-2,TEXT_OR_FORMULA,GRAPHIC,TEXT_OR_FORMULA__GRAPHIC
PAIR-0155,TXT-U-YTICK-080,GFX-U-OPEN-3,TEXT_OR_FORMULA,GRAPHIC,TEXT_OR_FORMULA__GRAPHIC
PAIR-0156,TXT-U-YTICK-080,GFX-U-OPEN-4,TEXT_OR_FORMULA,GRAPHIC,TEXT_OR_FORMULA__GRAPHIC
PAIR-0157,TXT-U-YTICK-080,GFX-U-GUIDE-Y100,TEXT_OR_FORMULA,GRAPHIC,TEXT_OR_FORMULA__GRAPHIC
PAIR-0158,TXT-U-YTICK-080,GFX-U-GUIDE-X1,TEXT_OR_FORMULA,GRAPHIC,TEXT_OR_FORMULA__GRAPHIC
PAIR-0159,TXT-U-YTICK-080,GFX-U-GUIDE-X2,TEXT_OR_FORMULA,GRAPHIC,TEXT_OR_FORMULA__GRAPHIC
PAIR-0160,TXT-U-YTICK-080,GFX-U-GUIDE-X3,TEXT_OR_FORMULA,GRAPHIC,TEXT_OR_FORMULA__GRAPHIC
PAIR-0161,TXT-U-YTICK-080,GFX-U-GUIDE-X4,TEXT_OR_FORMULA,GRAPHIC,TEXT_OR_FORMULA__GRAPHIC
PAIR-0162,TXT-U-YTICK-080,GFX-L-AXIS-X,TEXT_OR_FORMULA,GRAPHIC,TEXT_OR_FORMULA__GRAPHIC
PAIR-0163,TXT-U-YTICK-080,GFX-L-AXIS-Y,TEXT_OR_FORMULA,GRAPHIC,TEXT_OR_FORMULA__GRAPHIC
PAIR-0164,TXT-U-YTICK-080,GFX-L-XTICK-1,TEXT_OR_FORMULA,GRAPHIC,TEXT_OR_FORMULA__GRAPHIC
PAIR-0165,TXT-U-YTICK-080,GFX-L-XTICK-2,TEXT_OR_FORMULA,GRAPHIC,TEXT_OR_FORMULA__GRAPHIC
PAIR-0166,TXT-U-YTICK-080,GFX-L-XTICK-3,TEXT_OR_FORMULA,GRAPHIC,TEXT_OR_FORMULA__GRAPHIC
PAIR-0167,TXT-U-YTICK-080,GFX-L-XTICK-4,TEXT_OR_FORMULA,GRAPHIC,TEXT_OR_FORMULA__GRAPHIC
PAIR-0168,TXT-U-YTICK-080,GFX-L-YTICK-000,TEXT_OR_FORMULA,GRAPHIC,TEXT_OR_FORMULA__GRAPHIC
PAIR-0169,TXT-U-YTICK-080,GFX-L-YTICK-015,TEXT_OR_FORMULA,GRAPHIC,TEXT_OR_FORMULA__GRAPHIC
PAIR-0170,TXT-U-YTICK-080,GFX-L-YTICK-030,TEXT_OR_FORMULA,GRAPHIC,TEXT_OR_FORMULA__GRAPHIC
PAIR-0171,TXT-U-YTICK-080,GFX-L-YTICK-035,TEXT_OR_FORMULA,GRAPHIC,TEXT_OR_FORMULA__GRAPHIC
PAIR-0172,TXT-U-YTICK-080,GFX-L-PMF-STEM-1,TEXT_OR_FORMULA,GRAPHIC,TEXT_OR_FORMULA__GRAPHIC
PAIR-0173,TXT-U-YTICK-080,GFX-L-PMF-STEM-2,TEXT_OR_FORMULA,GRAPHIC,TEXT_OR_FORMULA__GRAPHIC
PAIR-0174,TXT-U-YTICK-080,GFX-L-PMF-STEM-3,TEXT_OR_FORMULA,GRAPHIC,TEXT_OR_FORMULA__GRAPHIC
PAIR-0175,TXT-U-YTICK-080,GFX-L-PMF-STEM-4,TEXT_OR_FORMULA,GRAPHIC,TEXT_OR_FORMULA__GRAPHIC
PAIR-0176,TXT-U-YTICK-080,GFX-L-PMF-MARK-1,TEXT_OR_FORMULA,GRAPHIC,TEXT_OR_FORMULA__GRAPHIC
PAIR-0177,TXT-U-YTICK-080,GFX-L-PMF-MARK-2,TEXT_OR_FORMULA,GRAPHIC,TEXT_OR_FORMULA__GRAPHIC
PAIR-0178,TXT-U-YTICK-080,GFX-L-PMF-MARK-3,TEXT_OR_FORMULA,GRAPHIC,TEXT_OR_FORMULA__GRAPHIC
PAIR-0179,TXT-U-YTICK-080,GFX-L-PMF-MARK-4,TEXT_OR_FORMULA,GRAPHIC,TEXT_OR_FORMULA__GRAPHIC
PAIR-0180,TXT-U-YTICK-080,GFX-L-GUIDE-X1,TEXT_OR_FORMULA,GRAPHIC,TEXT_OR_FORMULA__GRAPHIC
PAIR-0181,TXT-U-YTICK-080,GFX-L-GUIDE-X2,TEXT_OR_FORMULA,GRAPHIC,TEXT_OR_FORMULA__GRAPHIC
PAIR-0182,TXT-U-YTICK-080,GFX-L-GUIDE-X3,TEXT_OR_FORMULA,GRAPHIC,TEXT_OR_FORMULA__GRAPHIC
PAIR-0183,TXT-U-YTICK-080,GFX-L-GUIDE-X4,TEXT_OR_FORMULA,GRAPHIC,TEXT_OR_FORMULA__GRAPHIC
PAIR-0184,TXT-U-NOTE-RC,TXT-U-YLABEL-FX,TEXT_OR_FORMULA,TEXT_OR_FORMULA,TEXT_OR_FORMULA__TEXT_OR_FORMULA
PAIR-0185,TXT-U-NOTE-RC,TXT-U-P3,TEXT_OR_FORMULA,TEXT_OR_FORMULA,TEXT_OR_FORMULA__TEXT_OR_FORMULA
PAIR-0186,TXT-U-NOTE-RC,TXT-U-YTICK-045,TEXT_OR_FORMULA,TEXT_OR_FORMULA,TEXT_OR_FORMULA__TEXT_OR_FORMULA
PAIR-0187,TXT-U-NOTE-RC,TXT-U-P2,TEXT_OR_FORMULA,TEXT_OR_FORMULA,TEXT_OR_FORMULA__TEXT_OR_FORMULA
PAIR-0188,TXT-U-NOTE-RC,TXT-U-P1,TEXT_OR_FORMULA,TEXT_OR_FORMULA,TEXT_OR_FORMULA__TEXT_OR_FORMULA
PAIR-0189,TXT-U-NOTE-RC,TXT-U-YTICK-000,TEXT_OR_FORMULA,TEXT_OR_FORMULA,TEXT_OR_FORMULA__TEXT_OR_FORMULA
PAIR-0190,TXT-U-NOTE-RC,TXT-L-YTICK-035,TEXT_OR_FORMULA,TEXT_OR_FORMULA,TEXT_OR_FORMULA__TEXT_OR_FORMULA
PAIR-0191,TXT-U-NOTE-RC,TXT-L-NOTE-JUMP,TEXT_OR_FORMULA,TEXT_OR_FORMULA,TEXT_OR_FORMULA__TEXT_OR_FORMULA
PAIR-0192,TXT-U-NOTE-RC,TXT-L-YLABEL-PX,TEXT_OR_FORMULA,TEXT_OR_FORMULA,TEXT_OR_FORMULA__TEXT_OR_FORMULA
PAIR-0193,TXT-U-NOTE-RC,TXT-L-YTICK-030,TEXT_OR_FORMULA,TEXT_OR_FORMULA,TEXT_OR_FORMULA__TEXT_OR_FORMULA
PAIR-0194,TXT-U-NOTE-RC,TXT-L-YTICK-015,TEXT_OR_FORMULA,TEXT_OR_FORMULA,TEXT_OR_FORMULA__TEXT_OR_FORMULA
PAIR-0195,TXT-U-NOTE-RC,TXT-L-YTICK-000,TEXT_OR_FORMULA,TEXT_OR_FORMULA,TEXT_OR_FORMULA__TEXT_OR_FORMULA
PAIR-0196,TXT-U-NOTE-RC,TXT-L-XTICK-1,TEXT_OR_FORMULA,TEXT_OR_FORMULA,TEXT_OR_FORMULA__TEXT_OR_FORMULA
PAIR-0197,TXT-U-NOTE-RC,TXT-L-XTICK-2,TEXT_OR_FORMULA,TEXT_OR_FORMULA,TEXT_OR_FORMULA__TEXT_OR_FORMULA
PAIR-0198,TXT-U-NOTE-RC,TXT-L-XTICK-3,TEXT_OR_FORMULA,TEXT_OR_FORMULA,TEXT_OR_FORMULA__TEXT_OR_FORMULA
PAIR-0199,TXT-U-NOTE-RC,TXT-L-XTICK-4,TEXT_OR_FORMULA,TEXT_OR_FORMULA,TEXT_OR_FORMULA__TEXT_OR_FORMULA
PAIR-0200,TXT-U-NOTE-RC,TXT-L-XLABEL-T,TEXT_OR_FORMULA,TEXT_OR_FORMULA,TEXT_OR_FORMULA__TEXT_OR_FORMULA
PAIR-0201,TXT-U-NOTE-RC,GFX-U-AXIS-X,TEXT_OR_FORMULA,GRAPHIC,TEXT_OR_FORMULA__GRAPHIC
PAIR-0202,TXT-U-NOTE-RC,GFX-U-AXIS-Y,TEXT_OR_FORMULA,GRAPHIC,TEXT_OR_FORMULA__GRAPHIC
PAIR-0203,TXT-U-NOTE-RC,GFX-U-YTICK-000,TEXT_OR_FORMULA,GRAPHIC,TEXT_OR_FORMULA__GRAPHIC
PAIR-0204,TXT-U-NOTE-RC,GFX-U-YTICK-045,TEXT_OR_FORMULA,GRAPHIC,TEXT_OR_FORMULA__GRAPHIC
PAIR-0205,TXT-U-NOTE-RC,GFX-U-YTICK-080,TEXT_OR_FORMULA,GRAPHIC,TEXT_OR_FORMULA__GRAPHIC
PAIR-0206,TXT-U-NOTE-RC,GFX-U-YTICK-100,TEXT_OR_FORMULA,GRAPHIC,TEXT_OR_FORMULA__GRAPHIC
PAIR-0207,TXT-U-NOTE-RC,GFX-U-CDF-CURVE,TEXT_OR_FORMULA,GRAPHIC,TEXT_OR_FORMULA__GRAPHIC
PAIR-0208,TXT-U-NOTE-RC,GFX-U-CLOSED-1,TEXT_OR_FORMULA,GRAPHIC,TEXT_OR_FORMULA__GRAPHIC
PAIR-0209,TXT-U-NOTE-RC,GFX-U-CLOSED-2,TEXT_OR_FORMULA,GRAPHIC,TEXT_OR_FORMULA__GRAPHIC
PAIR-0210,TXT-U-NOTE-RC,GFX-U-CLOSED-3,TEXT_OR_FORMULA,GRAPHIC,TEXT_OR_FORMULA__GRAPHIC
PAIR-0211,TXT-U-NOTE-RC,GFX-U-CLOSED-4,TEXT_OR_FORMULA,GRAPHIC,TEXT_OR_FORMULA__GRAPHIC
PAIR-0212,TXT-U-NOTE-RC,GFX-U-OPEN-1,TEXT_OR_FORMULA,GRAPHIC,TEXT_OR_FORMULA__GRAPHIC
PAIR-0213,TXT-U-NOTE-RC,GFX-U-OPEN-2,TEXT_OR_FORMULA,GRAPHIC,TEXT_OR_FORMULA__GRAPHIC
PAIR-0214,TXT-U-NOTE-RC,GFX-U-OPEN-3,TEXT_OR_FORMULA,GRAPHIC,TEXT_OR_FORMULA__GRAPHIC
PAIR-0215,TXT-U-NOTE-RC,GFX-U-OPEN-4,TEXT_OR_FORMULA,GRAPHIC,TEXT_OR_FORMULA__GRAPHIC
PAIR-0216,TXT-U-NOTE-RC,GFX-U-GUIDE-Y100,TEXT_OR_FORMULA,GRAPHIC,TEXT_OR_FORMULA__GRAPHIC
PAIR-0217,TXT-U-NOTE-RC,GFX-U-GUIDE-X1,TEXT_OR_FORMULA,GRAPHIC,TEXT_OR_FORMULA__GRAPHIC
PAIR-0218,TXT-U-NOTE-RC,GFX-U-GUIDE-X2,TEXT_OR_FORMULA,GRAPHIC,TEXT_OR_FORMULA__GRAPHIC
PAIR-0219,TXT-U-NOTE-RC,GFX-U-GUIDE-X3,TEXT_OR_FORMULA,GRAPHIC,TEXT_OR_FORMULA__GRAPHIC
PAIR-0220,TXT-U-NOTE-RC,GFX-U-GUIDE-X4,TEXT_OR_FORMULA,GRAPHIC,TEXT_OR_FORMULA__GRAPHIC
PAIR-0221,TXT-U-NOTE-RC,GFX-L-AXIS-X,TEXT_OR_FORMULA,GRAPHIC,TEXT_OR_FORMULA__GRAPHIC
PAIR-0222,TXT-U-NOTE-RC,GFX-L-AXIS-Y,TEXT_OR_FORMULA,GRAPHIC,TEXT_OR_FORMULA__GRAPHIC
PAIR-0223,TXT-U-NOTE-RC,GFX-L-XTICK-1,TEXT_OR_FORMULA,GRAPHIC,TEXT_OR_FORMULA__GRAPHIC
PAIR-0224,TXT-U-NOTE-RC,GFX-L-XTICK-2,TEXT_OR_FORMULA,GRAPHIC,TEXT_OR_FORMULA__GRAPHIC
PAIR-0225,TXT-U-NOTE-RC,GFX-L-XTICK-3,TEXT_OR_FORMULA,GRAPHIC,TEXT_OR_FORMULA__GRAPHIC
PAIR-0226,TXT-U-NOTE-RC,GFX-L-XTICK-4,TEXT_OR_FORMULA,GRAPHIC,TEXT_OR_FORMULA__GRAPHIC
PAIR-0227,TXT-U-NOTE-RC,GFX-L-YTICK-000,TEXT_OR_FORMULA,GRAPHIC,TEXT_OR_FORMULA__GRAPHIC
PAIR-0228,TXT-U-NOTE-RC,GFX-L-YTICK-015,TEXT_OR_FORMULA,GRAPHIC,TEXT_OR_FORMULA__GRAPHIC
PAIR-0229,TXT-U-NOTE-RC,GFX-L-YTICK-030,TEXT_OR_FORMULA,GRAPHIC,TEXT_OR_FORMULA__GRAPHIC
PAIR-0230,TXT-U-NOTE-RC,GFX-L-YTICK-035,TEXT_OR_FORMULA,GRAPHIC,TEXT_OR_FORMULA__GRAPHIC
PAIR-0231,TXT-U-NOTE-RC,GFX-L-PMF-STEM-1,TEXT_OR_FORMULA,GRAPHIC,TEXT_OR_FORMULA__GRAPHIC
PAIR-0232,TXT-U-NOTE-RC,GFX-L-PMF-STEM-2,TEXT_OR_FORMULA,GRAPHIC,TEXT_OR_FORMULA__GRAPHIC
PAIR-0233,TXT-U-NOTE-RC,GFX-L-PMF-STEM-3,TEXT_OR_FORMULA,GRAPHIC,TEXT_OR_FORMULA__GRAPHIC
PAIR-0234,TXT-U-NOTE-RC,GFX-L-PMF-STEM-4,TEXT_OR_FORMULA,GRAPHIC,TEXT_OR_FORMULA__GRAPHIC
PAIR-0235,TXT-U-NOTE-RC,GFX-L-PMF-MARK-1,TEXT_OR_FORMULA,GRAPHIC,TEXT_OR_FORMULA__GRAPHIC
PAIR-0236,TXT-U-NOTE-RC,GFX-L-PMF-MARK-2,TEXT_OR_FORMULA,GRAPHIC,TEXT_OR_FORMULA__GRAPHIC
PAIR-0237,TXT-U-NOTE-RC,GFX-L-PMF-MARK-3,TEXT_OR_FORMULA,GRAPHIC,TEXT_OR_FORMULA__GRAPHIC
PAIR-0238,TXT-U-NOTE-RC,GFX-L-PMF-MARK-4,TEXT_OR_FORMULA,GRAPHIC,TEXT_OR_FORMULA__GRAPHIC
PAIR-0239,TXT-U-NOTE-RC,GFX-L-GUIDE-X1,TEXT_OR_FORMULA,GRAPHIC,TEXT_OR_FORMULA__GRAPHIC
PAIR-0240,TXT-U-NOTE-RC,GFX-L-GUIDE-X2,TEXT_OR_FORMULA,GRAPHIC,TEXT_OR_FORMULA__GRAPHIC
PAIR-0241,TXT-U-NOTE-RC,GFX-L-GUIDE-X3,TEXT_OR_FORMULA,GRAPHIC,TEXT_OR_FORMULA__GRAPHIC
PAIR-0242,TXT-U-NOTE-RC,GFX-L-GUIDE-X4,TEXT_OR_FORMULA,GRAPHIC,TEXT_OR_FORMULA__GRAPHIC
PAIR-0243,TXT-U-YLABEL-FX,TXT-U-P3,TEXT_OR_FORMULA,TEXT_OR_FORMULA,TEXT_OR_FORMULA__TEXT_OR_FORMULA
PAIR-0244,TXT-U-YLABEL-FX,TXT-U-YTICK-045,TEXT_OR_FORMULA,TEXT_OR_FORMULA,TEXT_OR_FORMULA__TEXT_OR_FORMULA
PAIR-0245,TXT-U-YLABEL-FX,TXT-U-P2,TEXT_OR_FORMULA,TEXT_OR_FORMULA,TEXT_OR_FORMULA__TEXT_OR_FORMULA
PAIR-0246,TXT-U-YLABEL-FX,TXT-U-P1,TEXT_OR_FORMULA,TEXT_OR_FORMULA,TEXT_OR_FORMULA__TEXT_OR_FORMULA
PAIR-0247,TXT-U-YLABEL-FX,TXT-U-YTICK-000,TEXT_OR_FORMULA,TEXT_OR_FORMULA,TEXT_OR_FORMULA__TEXT_OR_FORMULA
PAIR-0248,TXT-U-YLABEL-FX,TXT-L-YTICK-035,TEXT_OR_FORMULA,TEXT_OR_FORMULA,TEXT_OR_FORMULA__TEXT_OR_FORMULA
PAIR-0249,TXT-U-YLABEL-FX,TXT-L-NOTE-JUMP,TEXT_OR_FORMULA,TEXT_OR_FORMULA,TEXT_OR_FORMULA__TEXT_OR_FORMULA
PAIR-0250,TXT-U-YLABEL-FX,TXT-L-YLABEL-PX,TEXT_OR_FORMULA,TEXT_OR_FORMULA,TEXT_OR_FORMULA__TEXT_OR_FORMULA
PAIR-0251,TXT-U-YLABEL-FX,TXT-L-YTICK-030,TEXT_OR_FORMULA,TEXT_OR_FORMULA,TEXT_OR_FORMULA__TEXT_OR_FORMULA
PAIR-0252,TXT-U-YLABEL-FX,TXT-L-YTICK-015,TEXT_OR_FORMULA,TEXT_OR_FORMULA,TEXT_OR_FORMULA__TEXT_OR_FORMULA
PAIR-0253,TXT-U-YLABEL-FX,TXT-L-YTICK-000,TEXT_OR_FORMULA,TEXT_OR_FORMULA,TEXT_OR_FORMULA__TEXT_OR_FORMULA
PAIR-0254,TXT-U-YLABEL-FX,TXT-L-XTICK-1,TEXT_OR_FORMULA,TEXT_OR_FORMULA,TEXT_OR_FORMULA__TEXT_OR_FORMULA
PAIR-0255,TXT-U-YLABEL-FX,TXT-L-XTICK-2,TEXT_OR_FORMULA,TEXT_OR_FORMULA,TEXT_OR_FORMULA__TEXT_OR_FORMULA
PAIR-0256,TXT-U-YLABEL-FX,TXT-L-XTICK-3,TEXT_OR_FORMULA,TEXT_OR_FORMULA,TEXT_OR_FORMULA__TEXT_OR_FORMULA
PAIR-0257,TXT-U-YLABEL-FX,TXT-L-XTICK-4,TEXT_OR_FORMULA,TEXT_OR_FORMULA,TEXT_OR_FORMULA__TEXT_OR_FORMULA
PAIR-0258,TXT-U-YLABEL-FX,TXT-L-XLABEL-T,TEXT_OR_FORMULA,TEXT_OR_FORMULA,TEXT_OR_FORMULA__TEXT_OR_FORMULA
PAIR-0259,TXT-U-YLABEL-FX,GFX-U-AXIS-X,TEXT_OR_FORMULA,GRAPHIC,TEXT_OR_FORMULA__GRAPHIC
PAIR-0260,TXT-U-YLABEL-FX,GFX-U-AXIS-Y,TEXT_OR_FORMULA,GRAPHIC,TEXT_OR_FORMULA__GRAPHIC
PAIR-0261,TXT-U-YLABEL-FX,GFX-U-YTICK-000,TEXT_OR_FORMULA,GRAPHIC,TEXT_OR_FORMULA__GRAPHIC
PAIR-0262,TXT-U-YLABEL-FX,GFX-U-YTICK-045,TEXT_OR_FORMULA,GRAPHIC,TEXT_OR_FORMULA__GRAPHIC
PAIR-0263,TXT-U-YLABEL-FX,GFX-U-YTICK-080,TEXT_OR_FORMULA,GRAPHIC,TEXT_OR_FORMULA__GRAPHIC
PAIR-0264,TXT-U-YLABEL-FX,GFX-U-YTICK-100,TEXT_OR_FORMULA,GRAPHIC,TEXT_OR_FORMULA__GRAPHIC
PAIR-0265,TXT-U-YLABEL-FX,GFX-U-CDF-CURVE,TEXT_OR_FORMULA,GRAPHIC,TEXT_OR_FORMULA__GRAPHIC
PAIR-0266,TXT-U-YLABEL-FX,GFX-U-CLOSED-1,TEXT_OR_FORMULA,GRAPHIC,TEXT_OR_FORMULA__GRAPHIC
PAIR-0267,TXT-U-YLABEL-FX,GFX-U-CLOSED-2,TEXT_OR_FORMULA,GRAPHIC,TEXT_OR_FORMULA__GRAPHIC
PAIR-0268,TXT-U-YLABEL-FX,GFX-U-CLOSED-3,TEXT_OR_FORMULA,GRAPHIC,TEXT_OR_FORMULA__GRAPHIC
PAIR-0269,TXT-U-YLABEL-FX,GFX-U-CLOSED-4,TEXT_OR_FORMULA,GRAPHIC,TEXT_OR_FORMULA__GRAPHIC
PAIR-0270,TXT-U-YLABEL-FX,GFX-U-OPEN-1,TEXT_OR_FORMULA,GRAPHIC,TEXT_OR_FORMULA__GRAPHIC
PAIR-0271,TXT-U-YLABEL-FX,GFX-U-OPEN-2,TEXT_OR_FORMULA,GRAPHIC,TEXT_OR_FORMULA__GRAPHIC
PAIR-0272,TXT-U-YLABEL-FX,GFX-U-OPEN-3,TEXT_OR_FORMULA,GRAPHIC,TEXT_OR_FORMULA__GRAPHIC
PAIR-0273,TXT-U-YLABEL-FX,GFX-U-OPEN-4,TEXT_OR_FORMULA,GRAPHIC,TEXT_OR_FORMULA__GRAPHIC
PAIR-0274,TXT-U-YLABEL-FX,GFX-U-GUIDE-Y100,TEXT_OR_FORMULA,GRAPHIC,TEXT_OR_FORMULA__GRAPHIC
PAIR-0275,TXT-U-YLABEL-FX,GFX-U-GUIDE-X1,TEXT_OR_FORMULA,GRAPHIC,TEXT_OR_FORMULA__GRAPHIC
PAIR-0276,TXT-U-YLABEL-FX,GFX-U-GUIDE-X2,TEXT_OR_FORMULA,GRAPHIC,TEXT_OR_FORMULA__GRAPHIC
PAIR-0277,TXT-U-YLABEL-FX,GFX-U-GUIDE-X3,TEXT_OR_FORMULA,GRAPHIC,TEXT_OR_FORMULA__GRAPHIC
PAIR-0278,TXT-U-YLABEL-FX,GFX-U-GUIDE-X4,TEXT_OR_FORMULA,GRAPHIC,TEXT_OR_FORMULA__GRAPHIC
PAIR-0279,TXT-U-YLABEL-FX,GFX-L-AXIS-X,TEXT_OR_FORMULA,GRAPHIC,TEXT_OR_FORMULA__GRAPHIC
PAIR-0280,TXT-U-YLABEL-FX,GFX-L-AXIS-Y,TEXT_OR_FORMULA,GRAPHIC,TEXT_OR_FORMULA__GRAPHIC
PAIR-0281,TXT-U-YLABEL-FX,GFX-L-XTICK-1,TEXT_OR_FORMULA,GRAPHIC,TEXT_OR_FORMULA__GRAPHIC
PAIR-0282,TXT-U-YLABEL-FX,GFX-L-XTICK-2,TEXT_OR_FORMULA,GRAPHIC,TEXT_OR_FORMULA__GRAPHIC
PAIR-0283,TXT-U-YLABEL-FX,GFX-L-XTICK-3,TEXT_OR_FORMULA,GRAPHIC,TEXT_OR_FORMULA__GRAPHIC
PAIR-0284,TXT-U-YLABEL-FX,GFX-L-XTICK-4,TEXT_OR_FORMULA,GRAPHIC,TEXT_OR_FORMULA__GRAPHIC
PAIR-0285,TXT-U-YLABEL-FX,GFX-L-YTICK-000,TEXT_OR_FORMULA,GRAPHIC,TEXT_OR_FORMULA__GRAPHIC
PAIR-0286,TXT-U-YLABEL-FX,GFX-L-YTICK-015,TEXT_OR_FORMULA,GRAPHIC,TEXT_OR_FORMULA__GRAPHIC
PAIR-0287,TXT-U-YLABEL-FX,GFX-L-YTICK-030,TEXT_OR_FORMULA,GRAPHIC,TEXT_OR_FORMULA__GRAPHIC
PAIR-0288,TXT-U-YLABEL-FX,GFX-L-YTICK-035,TEXT_OR_FORMULA,GRAPHIC,TEXT_OR_FORMULA__GRAPHIC
PAIR-0289,TXT-U-YLABEL-FX,GFX-L-PMF-STEM-1,TEXT_OR_FORMULA,GRAPHIC,TEXT_OR_FORMULA__GRAPHIC
PAIR-0290,TXT-U-YLABEL-FX,GFX-L-PMF-STEM-2,TEXT_OR_FORMULA,GRAPHIC,TEXT_OR_FORMULA__GRAPHIC
PAIR-0291,TXT-U-YLABEL-FX,GFX-L-PMF-STEM-3,TEXT_OR_FORMULA,GRAPHIC,TEXT_OR_FORMULA__GRAPHIC
PAIR-0292,TXT-U-YLABEL-FX,GFX-L-PMF-STEM-4,TEXT_OR_FORMULA,GRAPHIC,TEXT_OR_FORMULA__GRAPHIC
PAIR-0293,TXT-U-YLABEL-FX,GFX-L-PMF-MARK-1,TEXT_OR_FORMULA,GRAPHIC,TEXT_OR_FORMULA__GRAPHIC
PAIR-0294,TXT-U-YLABEL-FX,GFX-L-PMF-MARK-2,TEXT_OR_FORMULA,GRAPHIC,TEXT_OR_FORMULA__GRAPHIC
PAIR-0295,TXT-U-YLABEL-FX,GFX-L-PMF-MARK-3,TEXT_OR_FORMULA,GRAPHIC,TEXT_OR_FORMULA__GRAPHIC
PAIR-0296,TXT-U-YLABEL-FX,GFX-L-PMF-MARK-4,TEXT_OR_FORMULA,GRAPHIC,TEXT_OR_FORMULA__GRAPHIC
PAIR-0297,TXT-U-YLABEL-FX,GFX-L-GUIDE-X1,TEXT_OR_FORMULA,GRAPHIC,TEXT_OR_FORMULA__GRAPHIC
PAIR-0298,TXT-U-YLABEL-FX,GFX-L-GUIDE-X2,TEXT_OR_FORMULA,GRAPHIC,TEXT_OR_FORMULA__GRAPHIC
PAIR-0299,TXT-U-YLABEL-FX,GFX-L-GUIDE-X3,TEXT_OR_FORMULA,GRAPHIC,TEXT_OR_FORMULA__GRAPHIC
PAIR-0300,TXT-U-YLABEL-FX,GFX-L-GUIDE-X4,TEXT_OR_FORMULA,GRAPHIC,TEXT_OR_FORMULA__GRAPHIC
PAIR-0301,TXT-U-P3,TXT-U-YTICK-045,TEXT_OR_FORMULA,TEXT_OR_FORMULA,TEXT_OR_FORMULA__TEXT_OR_FORMULA
PAIR-0302,TXT-U-P3,TXT-U-P2,TEXT_OR_FORMULA,TEXT_OR_FORMULA,TEXT_OR_FORMULA__TEXT_OR_FORMULA
PAIR-0303,TXT-U-P3,TXT-U-P1,TEXT_OR_FORMULA,TEXT_OR_FORMULA,TEXT_OR_FORMULA__TEXT_OR_FORMULA
PAIR-0304,TXT-U-P3,TXT-U-YTICK-000,TEXT_OR_FORMULA,TEXT_OR_FORMULA,TEXT_OR_FORMULA__TEXT_OR_FORMULA
PAIR-0305,TXT-U-P3,TXT-L-YTICK-035,TEXT_OR_FORMULA,TEXT_OR_FORMULA,TEXT_OR_FORMULA__TEXT_OR_FORMULA
PAIR-0306,TXT-U-P3,TXT-L-NOTE-JUMP,TEXT_OR_FORMULA,TEXT_OR_FORMULA,TEXT_OR_FORMULA__TEXT_OR_FORMULA
PAIR-0307,TXT-U-P3,TXT-L-YLABEL-PX,TEXT_OR_FORMULA,TEXT_OR_FORMULA,TEXT_OR_FORMULA__TEXT_OR_FORMULA
PAIR-0308,TXT-U-P3,TXT-L-YTICK-030,TEXT_OR_FORMULA,TEXT_OR_FORMULA,TEXT_OR_FORMULA__TEXT_OR_FORMULA
PAIR-0309,TXT-U-P3,TXT-L-YTICK-015,TEXT_OR_FORMULA,TEXT_OR_FORMULA,TEXT_OR_FORMULA__TEXT_OR_FORMULA
PAIR-0310,TXT-U-P3,TXT-L-YTICK-000,TEXT_OR_FORMULA,TEXT_OR_FORMULA,TEXT_OR_FORMULA__TEXT_OR_FORMULA
PAIR-0311,TXT-U-P3,TXT-L-XTICK-1,TEXT_OR_FORMULA,TEXT_OR_FORMULA,TEXT_OR_FORMULA__TEXT_OR_FORMULA
PAIR-0312,TXT-U-P3,TXT-L-XTICK-2,TEXT_OR_FORMULA,TEXT_OR_FORMULA,TEXT_OR_FORMULA__TEXT_OR_FORMULA
PAIR-0313,TXT-U-P3,TXT-L-XTICK-3,TEXT_OR_FORMULA,TEXT_OR_FORMULA,TEXT_OR_FORMULA__TEXT_OR_FORMULA
PAIR-0314,TXT-U-P3,TXT-L-XTICK-4,TEXT_OR_FORMULA,TEXT_OR_FORMULA,TEXT_OR_FORMULA__TEXT_OR_FORMULA
PAIR-0315,TXT-U-P3,TXT-L-XLABEL-T,TEXT_OR_FORMULA,TEXT_OR_FORMULA,TEXT_OR_FORMULA__TEXT_OR_FORMULA
PAIR-0316,TXT-U-P3,GFX-U-AXIS-X,TEXT_OR_FORMULA,GRAPHIC,TEXT_OR_FORMULA__GRAPHIC
PAIR-0317,TXT-U-P3,GFX-U-AXIS-Y,TEXT_OR_FORMULA,GRAPHIC,TEXT_OR_FORMULA__GRAPHIC
PAIR-0318,TXT-U-P3,GFX-U-YTICK-000,TEXT_OR_FORMULA,GRAPHIC,TEXT_OR_FORMULA__GRAPHIC
PAIR-0319,TXT-U-P3,GFX-U-YTICK-045,TEXT_OR_FORMULA,GRAPHIC,TEXT_OR_FORMULA__GRAPHIC
PAIR-0320,TXT-U-P3,GFX-U-YTICK-080,TEXT_OR_FORMULA,GRAPHIC,TEXT_OR_FORMULA__GRAPHIC
PAIR-0321,TXT-U-P3,GFX-U-YTICK-100,TEXT_OR_FORMULA,GRAPHIC,TEXT_OR_FORMULA__GRAPHIC
PAIR-0322,TXT-U-P3,GFX-U-CDF-CURVE,TEXT_OR_FORMULA,GRAPHIC,TEXT_OR_FORMULA__GRAPHIC
PAIR-0323,TXT-U-P3,GFX-U-CLOSED-1,TEXT_OR_FORMULA,GRAPHIC,TEXT_OR_FORMULA__GRAPHIC
PAIR-0324,TXT-U-P3,GFX-U-CLOSED-2,TEXT_OR_FORMULA,GRAPHIC,TEXT_OR_FORMULA__GRAPHIC
PAIR-0325,TXT-U-P3,GFX-U-CLOSED-3,TEXT_OR_FORMULA,GRAPHIC,TEXT_OR_FORMULA__GRAPHIC
PAIR-0326,TXT-U-P3,GFX-U-CLOSED-4,TEXT_OR_FORMULA,GRAPHIC,TEXT_OR_FORMULA__GRAPHIC
PAIR-0327,TXT-U-P3,GFX-U-OPEN-1,TEXT_OR_FORMULA,GRAPHIC,TEXT_OR_FORMULA__GRAPHIC
PAIR-0328,TXT-U-P3,GFX-U-OPEN-2,TEXT_OR_FORMULA,GRAPHIC,TEXT_OR_FORMULA__GRAPHIC
PAIR-0329,TXT-U-P3,GFX-U-OPEN-3,TEXT_OR_FORMULA,GRAPHIC,TEXT_OR_FORMULA__GRAPHIC
PAIR-0330,TXT-U-P3,GFX-U-OPEN-4,TEXT_OR_FORMULA,GRAPHIC,TEXT_OR_FORMULA__GRAPHIC
PAIR-0331,TXT-U-P3,GFX-U-GUIDE-Y100,TEXT_OR_FORMULA,GRAPHIC,TEXT_OR_FORMULA__GRAPHIC
PAIR-0332,TXT-U-P3,GFX-U-GUIDE-X1,TEXT_OR_FORMULA,GRAPHIC,TEXT_OR_FORMULA__GRAPHIC
PAIR-0333,TXT-U-P3,GFX-U-GUIDE-X2,TEXT_OR_FORMULA,GRAPHIC,TEXT_OR_FORMULA__GRAPHIC
PAIR-0334,TXT-U-P3,GFX-U-GUIDE-X3,TEXT_OR_FORMULA,GRAPHIC,TEXT_OR_FORMULA__GRAPHIC
PAIR-0335,TXT-U-P3,GFX-U-GUIDE-X4,TEXT_OR_FORMULA,GRAPHIC,TEXT_OR_FORMULA__GRAPHIC
PAIR-0336,TXT-U-P3,GFX-L-AXIS-X,TEXT_OR_FORMULA,GRAPHIC,TEXT_OR_FORMULA__GRAPHIC
PAIR-0337,TXT-U-P3,GFX-L-AXIS-Y,TEXT_OR_FORMULA,GRAPHIC,TEXT_OR_FORMULA__GRAPHIC
PAIR-0338,TXT-U-P3,GFX-L-XTICK-1,TEXT_OR_FORMULA,GRAPHIC,TEXT_OR_FORMULA__GRAPHIC
PAIR-0339,TXT-U-P3,GFX-L-XTICK-2,TEXT_OR_FORMULA,GRAPHIC,TEXT_OR_FORMULA__GRAPHIC
PAIR-0340,TXT-U-P3,GFX-L-XTICK-3,TEXT_OR_FORMULA,GRAPHIC,TEXT_OR_FORMULA__GRAPHIC
PAIR-0341,TXT-U-P3,GFX-L-XTICK-4,TEXT_OR_FORMULA,GRAPHIC,TEXT_OR_FORMULA__GRAPHIC
PAIR-0342,TXT-U-P3,GFX-L-YTICK-000,TEXT_OR_FORMULA,GRAPHIC,TEXT_OR_FORMULA__GRAPHIC
PAIR-0343,TXT-U-P3,GFX-L-YTICK-015,TEXT_OR_FORMULA,GRAPHIC,TEXT_OR_FORMULA__GRAPHIC
PAIR-0344,TXT-U-P3,GFX-L-YTICK-030,TEXT_OR_FORMULA,GRAPHIC,TEXT_OR_FORMULA__GRAPHIC
PAIR-0345,TXT-U-P3,GFX-L-YTICK-035,TEXT_OR_FORMULA,GRAPHIC,TEXT_OR_FORMULA__GRAPHIC
PAIR-0346,TXT-U-P3,GFX-L-PMF-STEM-1,TEXT_OR_FORMULA,GRAPHIC,TEXT_OR_FORMULA__GRAPHIC
PAIR-0347,TXT-U-P3,GFX-L-PMF-STEM-2,TEXT_OR_FORMULA,GRAPHIC,TEXT_OR_FORMULA__GRAPHIC
PAIR-0348,TXT-U-P3,GFX-L-PMF-STEM-3,TEXT_OR_FORMULA,GRAPHIC,TEXT_OR_FORMULA__GRAPHIC
PAIR-0349,TXT-U-P3,GFX-L-PMF-STEM-4,TEXT_OR_FORMULA,GRAPHIC,TEXT_OR_FORMULA__GRAPHIC
PAIR-0350,TXT-U-P3,GFX-L-PMF-MARK-1,TEXT_OR_FORMULA,GRAPHIC,TEXT_OR_FORMULA__GRAPHIC
PAIR-0351,TXT-U-P3,GFX-L-PMF-MARK-2,TEXT_OR_FORMULA,GRAPHIC,TEXT_OR_FORMULA__GRAPHIC
PAIR-0352,TXT-U-P3,GFX-L-PMF-MARK-3,TEXT_OR_FORMULA,GRAPHIC,TEXT_OR_FORMULA__GRAPHIC
PAIR-0353,TXT-U-P3,GFX-L-PMF-MARK-4,TEXT_OR_FORMULA,GRAPHIC,TEXT_OR_FORMULA__GRAPHIC
PAIR-0354,TXT-U-P3,GFX-L-GUIDE-X1,TEXT_OR_FORMULA,GRAPHIC,TEXT_OR_FORMULA__GRAPHIC
PAIR-0355,TXT-U-P3,GFX-L-GUIDE-X2,TEXT_OR_FORMULA,GRAPHIC,TEXT_OR_FORMULA__GRAPHIC
PAIR-0356,TXT-U-P3,GFX-L-GUIDE-X3,TEXT_OR_FORMULA,GRAPHIC,TEXT_OR_FORMULA__GRAPHIC
PAIR-0357,TXT-U-P3,GFX-L-GUIDE-X4,TEXT_OR_FORMULA,GRAPHIC,TEXT_OR_FORMULA__GRAPHIC
PAIR-0358,TXT-U-YTICK-045,TXT-U-P2,TEXT_OR_FORMULA,TEXT_OR_FORMULA,TEXT_OR_FORMULA__TEXT_OR_FORMULA
PAIR-0359,TXT-U-YTICK-045,TXT-U-P1,TEXT_OR_FORMULA,TEXT_OR_FORMULA,TEXT_OR_FORMULA__TEXT_OR_FORMULA
PAIR-0360,TXT-U-YTICK-045,TXT-U-YTICK-000,TEXT_OR_FORMULA,TEXT_OR_FORMULA,TEXT_OR_FORMULA__TEXT_OR_FORMULA
PAIR-0361,TXT-U-YTICK-045,TXT-L-YTICK-035,TEXT_OR_FORMULA,TEXT_OR_FORMULA,TEXT_OR_FORMULA__TEXT_OR_FORMULA
PAIR-0362,TXT-U-YTICK-045,TXT-L-NOTE-JUMP,TEXT_OR_FORMULA,TEXT_OR_FORMULA,TEXT_OR_FORMULA__TEXT_OR_FORMULA
PAIR-0363,TXT-U-YTICK-045,TXT-L-YLABEL-PX,TEXT_OR_FORMULA,TEXT_OR_FORMULA,TEXT_OR_FORMULA__TEXT_OR_FORMULA
PAIR-0364,TXT-U-YTICK-045,TXT-L-YTICK-030,TEXT_OR_FORMULA,TEXT_OR_FORMULA,TEXT_OR_FORMULA__TEXT_OR_FORMULA
PAIR-0365,TXT-U-YTICK-045,TXT-L-YTICK-015,TEXT_OR_FORMULA,TEXT_OR_FORMULA,TEXT_OR_FORMULA__TEXT_OR_FORMULA
PAIR-0366,TXT-U-YTICK-045,TXT-L-YTICK-000,TEXT_OR_FORMULA,TEXT_OR_FORMULA,TEXT_OR_FORMULA__TEXT_OR_FORMULA
PAIR-0367,TXT-U-YTICK-045,TXT-L-XTICK-1,TEXT_OR_FORMULA,TEXT_OR_FORMULA,TEXT_OR_FORMULA__TEXT_OR_FORMULA
PAIR-0368,TXT-U-YTICK-045,TXT-L-XTICK-2,TEXT_OR_FORMULA,TEXT_OR_FORMULA,TEXT_OR_FORMULA__TEXT_OR_FORMULA
PAIR-0369,TXT-U-YTICK-045,TXT-L-XTICK-3,TEXT_OR_FORMULA,TEXT_OR_FORMULA,TEXT_OR_FORMULA__TEXT_OR_FORMULA
PAIR-0370,TXT-U-YTICK-045,TXT-L-XTICK-4,TEXT_OR_FORMULA,TEXT_OR_FORMULA,TEXT_OR_FORMULA__TEXT_OR_FORMULA
PAIR-0371,TXT-U-YTICK-045,TXT-L-XLABEL-T,TEXT_OR_FORMULA,TEXT_OR_FORMULA,TEXT_OR_FORMULA__TEXT_OR_FORMULA
PAIR-0372,TXT-U-YTICK-045,GFX-U-AXIS-X,TEXT_OR_FORMULA,GRAPHIC,TEXT_OR_FORMULA__GRAPHIC
PAIR-0373,TXT-U-YTICK-045,GFX-U-AXIS-Y,TEXT_OR_FORMULA,GRAPHIC,TEXT_OR_FORMULA__GRAPHIC
PAIR-0374,TXT-U-YTICK-045,GFX-U-YTICK-000,TEXT_OR_FORMULA,GRAPHIC,TEXT_OR_FORMULA__GRAPHIC
PAIR-0375,TXT-U-YTICK-045,GFX-U-YTICK-045,TEXT_OR_FORMULA,GRAPHIC,TEXT_OR_FORMULA__GRAPHIC
PAIR-0376,TXT-U-YTICK-045,GFX-U-YTICK-080,TEXT_OR_FORMULA,GRAPHIC,TEXT_OR_FORMULA__GRAPHIC
PAIR-0377,TXT-U-YTICK-045,GFX-U-YTICK-100,TEXT_OR_FORMULA,GRAPHIC,TEXT_OR_FORMULA__GRAPHIC
PAIR-0378,TXT-U-YTICK-045,GFX-U-CDF-CURVE,TEXT_OR_FORMULA,GRAPHIC,TEXT_OR_FORMULA__GRAPHIC
PAIR-0379,TXT-U-YTICK-045,GFX-U-CLOSED-1,TEXT_OR_FORMULA,GRAPHIC,TEXT_OR_FORMULA__GRAPHIC
PAIR-0380,TXT-U-YTICK-045,GFX-U-CLOSED-2,TEXT_OR_FORMULA,GRAPHIC,TEXT_OR_FORMULA__GRAPHIC
PAIR-0381,TXT-U-YTICK-045,GFX-U-CLOSED-3,TEXT_OR_FORMULA,GRAPHIC,TEXT_OR_FORMULA__GRAPHIC
PAIR-0382,TXT-U-YTICK-045,GFX-U-CLOSED-4,TEXT_OR_FORMULA,GRAPHIC,TEXT_OR_FORMULA__GRAPHIC
PAIR-0383,TXT-U-YTICK-045,GFX-U-OPEN-1,TEXT_OR_FORMULA,GRAPHIC,TEXT_OR_FORMULA__GRAPHIC
PAIR-0384,TXT-U-YTICK-045,GFX-U-OPEN-2,TEXT_OR_FORMULA,GRAPHIC,TEXT_OR_FORMULA__GRAPHIC
PAIR-0385,TXT-U-YTICK-045,GFX-U-OPEN-3,TEXT_OR_FORMULA,GRAPHIC,TEXT_OR_FORMULA__GRAPHIC
PAIR-0386,TXT-U-YTICK-045,GFX-U-OPEN-4,TEXT_OR_FORMULA,GRAPHIC,TEXT_OR_FORMULA__GRAPHIC
PAIR-0387,TXT-U-YTICK-045,GFX-U-GUIDE-Y100,TEXT_OR_FORMULA,GRAPHIC,TEXT_OR_FORMULA__GRAPHIC
PAIR-0388,TXT-U-YTICK-045,GFX-U-GUIDE-X1,TEXT_OR_FORMULA,GRAPHIC,TEXT_OR_FORMULA__GRAPHIC
PAIR-0389,TXT-U-YTICK-045,GFX-U-GUIDE-X2,TEXT_OR_FORMULA,GRAPHIC,TEXT_OR_FORMULA__GRAPHIC
PAIR-0390,TXT-U-YTICK-045,GFX-U-GUIDE-X3,TEXT_OR_FORMULA,GRAPHIC,TEXT_OR_FORMULA__GRAPHIC
PAIR-0391,TXT-U-YTICK-045,GFX-U-GUIDE-X4,TEXT_OR_FORMULA,GRAPHIC,TEXT_OR_FORMULA__GRAPHIC
PAIR-0392,TXT-U-YTICK-045,GFX-L-AXIS-X,TEXT_OR_FORMULA,GRAPHIC,TEXT_OR_FORMULA__GRAPHIC
PAIR-0393,TXT-U-YTICK-045,GFX-L-AXIS-Y,TEXT_OR_FORMULA,GRAPHIC,TEXT_OR_FORMULA__GRAPHIC
PAIR-0394,TXT-U-YTICK-045,GFX-L-XTICK-1,TEXT_OR_FORMULA,GRAPHIC,TEXT_OR_FORMULA__GRAPHIC
PAIR-0395,TXT-U-YTICK-045,GFX-L-XTICK-2,TEXT_OR_FORMULA,GRAPHIC,TEXT_OR_FORMULA__GRAPHIC
PAIR-0396,TXT-U-YTICK-045,GFX-L-XTICK-3,TEXT_OR_FORMULA,GRAPHIC,TEXT_OR_FORMULA__GRAPHIC
PAIR-0397,TXT-U-YTICK-045,GFX-L-XTICK-4,TEXT_OR_FORMULA,GRAPHIC,TEXT_OR_FORMULA__GRAPHIC
PAIR-0398,TXT-U-YTICK-045,GFX-L-YTICK-000,TEXT_OR_FORMULA,GRAPHIC,TEXT_OR_FORMULA__GRAPHIC
PAIR-0399,TXT-U-YTICK-045,GFX-L-YTICK-015,TEXT_OR_FORMULA,GRAPHIC,TEXT_OR_FORMULA__GRAPHIC
PAIR-0400,TXT-U-YTICK-045,GFX-L-YTICK-030,TEXT_OR_FORMULA,GRAPHIC,TEXT_OR_FORMULA__GRAPHIC
PAIR-0401,TXT-U-YTICK-045,GFX-L-YTICK-035,TEXT_OR_FORMULA,GRAPHIC,TEXT_OR_FORMULA__GRAPHIC
PAIR-0402,TXT-U-YTICK-045,GFX-L-PMF-STEM-1,TEXT_OR_FORMULA,GRAPHIC,TEXT_OR_FORMULA__GRAPHIC
PAIR-0403,TXT-U-YTICK-045,GFX-L-PMF-STEM-2,TEXT_OR_FORMULA,GRAPHIC,TEXT_OR_FORMULA__GRAPHIC
PAIR-0404,TXT-U-YTICK-045,GFX-L-PMF-STEM-3,TEXT_OR_FORMULA,GRAPHIC,TEXT_OR_FORMULA__GRAPHIC
PAIR-0405,TXT-U-YTICK-045,GFX-L-PMF-STEM-4,TEXT_OR_FORMULA,GRAPHIC,TEXT_OR_FORMULA__GRAPHIC
PAIR-0406,TXT-U-YTICK-045,GFX-L-PMF-MARK-1,TEXT_OR_FORMULA,GRAPHIC,TEXT_OR_FORMULA__GRAPHIC
PAIR-0407,TXT-U-YTICK-045,GFX-L-PMF-MARK-2,TEXT_OR_FORMULA,GRAPHIC,TEXT_OR_FORMULA__GRAPHIC
PAIR-0408,TXT-U-YTICK-045,GFX-L-PMF-MARK-3,TEXT_OR_FORMULA,GRAPHIC,TEXT_OR_FORMULA__GRAPHIC
PAIR-0409,TXT-U-YTICK-045,GFX-L-PMF-MARK-4,TEXT_OR_FORMULA,GRAPHIC,TEXT_OR_FORMULA__GRAPHIC
PAIR-0410,TXT-U-YTICK-045,GFX-L-GUIDE-X1,TEXT_OR_FORMULA,GRAPHIC,TEXT_OR_FORMULA__GRAPHIC
PAIR-0411,TXT-U-YTICK-045,GFX-L-GUIDE-X2,TEXT_OR_FORMULA,GRAPHIC,TEXT_OR_FORMULA__GRAPHIC
PAIR-0412,TXT-U-YTICK-045,GFX-L-GUIDE-X3,TEXT_OR_FORMULA,GRAPHIC,TEXT_OR_FORMULA__GRAPHIC
PAIR-0413,TXT-U-YTICK-045,GFX-L-GUIDE-X4,TEXT_OR_FORMULA,GRAPHIC,TEXT_OR_FORMULA__GRAPHIC
PAIR-0414,TXT-U-P2,TXT-U-P1,TEXT_OR_FORMULA,TEXT_OR_FORMULA,TEXT_OR_FORMULA__TEXT_OR_FORMULA
PAIR-0415,TXT-U-P2,TXT-U-YTICK-000,TEXT_OR_FORMULA,TEXT_OR_FORMULA,TEXT_OR_FORMULA__TEXT_OR_FORMULA
PAIR-0416,TXT-U-P2,TXT-L-YTICK-035,TEXT_OR_FORMULA,TEXT_OR_FORMULA,TEXT_OR_FORMULA__TEXT_OR_FORMULA
PAIR-0417,TXT-U-P2,TXT-L-NOTE-JUMP,TEXT_OR_FORMULA,TEXT_OR_FORMULA,TEXT_OR_FORMULA__TEXT_OR_FORMULA
PAIR-0418,TXT-U-P2,TXT-L-YLABEL-PX,TEXT_OR_FORMULA,TEXT_OR_FORMULA,TEXT_OR_FORMULA__TEXT_OR_FORMULA
PAIR-0419,TXT-U-P2,TXT-L-YTICK-030,TEXT_OR_FORMULA,TEXT_OR_FORMULA,TEXT_OR_FORMULA__TEXT_OR_FORMULA
PAIR-0420,TXT-U-P2,TXT-L-YTICK-015,TEXT_OR_FORMULA,TEXT_OR_FORMULA,TEXT_OR_FORMULA__TEXT_OR_FORMULA
PAIR-0421,TXT-U-P2,TXT-L-YTICK-000,TEXT_OR_FORMULA,TEXT_OR_FORMULA,TEXT_OR_FORMULA__TEXT_OR_FORMULA
PAIR-0422,TXT-U-P2,TXT-L-XTICK-1,TEXT_OR_FORMULA,TEXT_OR_FORMULA,TEXT_OR_FORMULA__TEXT_OR_FORMULA
PAIR-0423,TXT-U-P2,TXT-L-XTICK-2,TEXT_OR_FORMULA,TEXT_OR_FORMULA,TEXT_OR_FORMULA__TEXT_OR_FORMULA
PAIR-0424,TXT-U-P2,TXT-L-XTICK-3,TEXT_OR_FORMULA,TEXT_OR_FORMULA,TEXT_OR_FORMULA__TEXT_OR_FORMULA
PAIR-0425,TXT-U-P2,TXT-L-XTICK-4,TEXT_OR_FORMULA,TEXT_OR_FORMULA,TEXT_OR_FORMULA__TEXT_OR_FORMULA
PAIR-0426,TXT-U-P2,TXT-L-XLABEL-T,TEXT_OR_FORMULA,TEXT_OR_FORMULA,TEXT_OR_FORMULA__TEXT_OR_FORMULA
PAIR-0427,TXT-U-P2,GFX-U-AXIS-X,TEXT_OR_FORMULA,GRAPHIC,TEXT_OR_FORMULA__GRAPHIC
PAIR-0428,TXT-U-P2,GFX-U-AXIS-Y,TEXT_OR_FORMULA,GRAPHIC,TEXT_OR_FORMULA__GRAPHIC
PAIR-0429,TXT-U-P2,GFX-U-YTICK-000,TEXT_OR_FORMULA,GRAPHIC,TEXT_OR_FORMULA__GRAPHIC
PAIR-0430,TXT-U-P2,GFX-U-YTICK-045,TEXT_OR_FORMULA,GRAPHIC,TEXT_OR_FORMULA__GRAPHIC
PAIR-0431,TXT-U-P2,GFX-U-YTICK-080,TEXT_OR_FORMULA,GRAPHIC,TEXT_OR_FORMULA__GRAPHIC
PAIR-0432,TXT-U-P2,GFX-U-YTICK-100,TEXT_OR_FORMULA,GRAPHIC,TEXT_OR_FORMULA__GRAPHIC
PAIR-0433,TXT-U-P2,GFX-U-CDF-CURVE,TEXT_OR_FORMULA,GRAPHIC,TEXT_OR_FORMULA__GRAPHIC
PAIR-0434,TXT-U-P2,GFX-U-CLOSED-1,TEXT_OR_FORMULA,GRAPHIC,TEXT_OR_FORMULA__GRAPHIC
PAIR-0435,TXT-U-P2,GFX-U-CLOSED-2,TEXT_OR_FORMULA,GRAPHIC,TEXT_OR_FORMULA__GRAPHIC
PAIR-0436,TXT-U-P2,GFX-U-CLOSED-3,TEXT_OR_FORMULA,GRAPHIC,TEXT_OR_FORMULA__GRAPHIC
PAIR-0437,TXT-U-P2,GFX-U-CLOSED-4,TEXT_OR_FORMULA,GRAPHIC,TEXT_OR_FORMULA__GRAPHIC
PAIR-0438,TXT-U-P2,GFX-U-OPEN-1,TEXT_OR_FORMULA,GRAPHIC,TEXT_OR_FORMULA__GRAPHIC
PAIR-0439,TXT-U-P2,GFX-U-OPEN-2,TEXT_OR_FORMULA,GRAPHIC,TEXT_OR_FORMULA__GRAPHIC
PAIR-0440,TXT-U-P2,GFX-U-OPEN-3,TEXT_OR_FORMULA,GRAPHIC,TEXT_OR_FORMULA__GRAPHIC
PAIR-0441,TXT-U-P2,GFX-U-OPEN-4,TEXT_OR_FORMULA,GRAPHIC,TEXT_OR_FORMULA__GRAPHIC
PAIR-0442,TXT-U-P2,GFX-U-GUIDE-Y100,TEXT_OR_FORMULA,GRAPHIC,TEXT_OR_FORMULA__GRAPHIC
PAIR-0443,TXT-U-P2,GFX-U-GUIDE-X1,TEXT_OR_FORMULA,GRAPHIC,TEXT_OR_FORMULA__GRAPHIC
PAIR-0444,TXT-U-P2,GFX-U-GUIDE-X2,TEXT_OR_FORMULA,GRAPHIC,TEXT_OR_FORMULA__GRAPHIC
PAIR-0445,TXT-U-P2,GFX-U-GUIDE-X3,TEXT_OR_FORMULA,GRAPHIC,TEXT_OR_FORMULA__GRAPHIC
PAIR-0446,TXT-U-P2,GFX-U-GUIDE-X4,TEXT_OR_FORMULA,GRAPHIC,TEXT_OR_FORMULA__GRAPHIC
PAIR-0447,TXT-U-P2,GFX-L-AXIS-X,TEXT_OR_FORMULA,GRAPHIC,TEXT_OR_FORMULA__GRAPHIC
PAIR-0448,TXT-U-P2,GFX-L-AXIS-Y,TEXT_OR_FORMULA,GRAPHIC,TEXT_OR_FORMULA__GRAPHIC
PAIR-0449,TXT-U-P2,GFX-L-XTICK-1,TEXT_OR_FORMULA,GRAPHIC,TEXT_OR_FORMULA__GRAPHIC
PAIR-0450,TXT-U-P2,GFX-L-XTICK-2,TEXT_OR_FORMULA,GRAPHIC,TEXT_OR_FORMULA__GRAPHIC
PAIR-0451,TXT-U-P2,GFX-L-XTICK-3,TEXT_OR_FORMULA,GRAPHIC,TEXT_OR_FORMULA__GRAPHIC
PAIR-0452,TXT-U-P2,GFX-L-XTICK-4,TEXT_OR_FORMULA,GRAPHIC,TEXT_OR_FORMULA__GRAPHIC
PAIR-0453,TXT-U-P2,GFX-L-YTICK-000,TEXT_OR_FORMULA,GRAPHIC,TEXT_OR_FORMULA__GRAPHIC
PAIR-0454,TXT-U-P2,GFX-L-YTICK-015,TEXT_OR_FORMULA,GRAPHIC,TEXT_OR_FORMULA__GRAPHIC
PAIR-0455,TXT-U-P2,GFX-L-YTICK-030,TEXT_OR_FORMULA,GRAPHIC,TEXT_OR_FORMULA__GRAPHIC
PAIR-0456,TXT-U-P2,GFX-L-YTICK-035,TEXT_OR_FORMULA,GRAPHIC,TEXT_OR_FORMULA__GRAPHIC
PAIR-0457,TXT-U-P2,GFX-L-PMF-STEM-1,TEXT_OR_FORMULA,GRAPHIC,TEXT_OR_FORMULA__GRAPHIC
PAIR-0458,TXT-U-P2,GFX-L-PMF-STEM-2,TEXT_OR_FORMULA,GRAPHIC,TEXT_OR_FORMULA__GRAPHIC
PAIR-0459,TXT-U-P2,GFX-L-PMF-STEM-3,TEXT_OR_FORMULA,GRAPHIC,TEXT_OR_FORMULA__GRAPHIC
PAIR-0460,TXT-U-P2,GFX-L-PMF-STEM-4,TEXT_OR_FORMULA,GRAPHIC,TEXT_OR_FORMULA__GRAPHIC
PAIR-0461,TXT-U-P2,GFX-L-PMF-MARK-1,TEXT_OR_FORMULA,GRAPHIC,TEXT_OR_FORMULA__GRAPHIC
PAIR-0462,TXT-U-P2,GFX-L-PMF-MARK-2,TEXT_OR_FORMULA,GRAPHIC,TEXT_OR_FORMULA__GRAPHIC
PAIR-0463,TXT-U-P2,GFX-L-PMF-MARK-3,TEXT_OR_FORMULA,GRAPHIC,TEXT_OR_FORMULA__GRAPHIC
PAIR-0464,TXT-U-P2,GFX-L-PMF-MARK-4,TEXT_OR_FORMULA,GRAPHIC,TEXT_OR_FORMULA__GRAPHIC
PAIR-0465,TXT-U-P2,GFX-L-GUIDE-X1,TEXT_OR_FORMULA,GRAPHIC,TEXT_OR_FORMULA__GRAPHIC
PAIR-0466,TXT-U-P2,GFX-L-GUIDE-X2,TEXT_OR_FORMULA,GRAPHIC,TEXT_OR_FORMULA__GRAPHIC
PAIR-0467,TXT-U-P2,GFX-L-GUIDE-X3,TEXT_OR_FORMULA,GRAPHIC,TEXT_OR_FORMULA__GRAPHIC
PAIR-0468,TXT-U-P2,GFX-L-GUIDE-X4,TEXT_OR_FORMULA,GRAPHIC,TEXT_OR_FORMULA__GRAPHIC
PAIR-0469,TXT-U-P1,TXT-U-YTICK-000,TEXT_OR_FORMULA,TEXT_OR_FORMULA,TEXT_OR_FORMULA__TEXT_OR_FORMULA
PAIR-0470,TXT-U-P1,TXT-L-YTICK-035,TEXT_OR_FORMULA,TEXT_OR_FORMULA,TEXT_OR_FORMULA__TEXT_OR_FORMULA
PAIR-0471,TXT-U-P1,TXT-L-NOTE-JUMP,TEXT_OR_FORMULA,TEXT_OR_FORMULA,TEXT_OR_FORMULA__TEXT_OR_FORMULA
PAIR-0472,TXT-U-P1,TXT-L-YLABEL-PX,TEXT_OR_FORMULA,TEXT_OR_FORMULA,TEXT_OR_FORMULA__TEXT_OR_FORMULA
PAIR-0473,TXT-U-P1,TXT-L-YTICK-030,TEXT_OR_FORMULA,TEXT_OR_FORMULA,TEXT_OR_FORMULA__TEXT_OR_FORMULA
PAIR-0474,TXT-U-P1,TXT-L-YTICK-015,TEXT_OR_FORMULA,TEXT_OR_FORMULA,TEXT_OR_FORMULA__TEXT_OR_FORMULA
PAIR-0475,TXT-U-P1,TXT-L-YTICK-000,TEXT_OR_FORMULA,TEXT_OR_FORMULA,TEXT_OR_FORMULA__TEXT_OR_FORMULA
PAIR-0476,TXT-U-P1,TXT-L-XTICK-1,TEXT_OR_FORMULA,TEXT_OR_FORMULA,TEXT_OR_FORMULA__TEXT_OR_FORMULA
PAIR-0477,TXT-U-P1,TXT-L-XTICK-2,TEXT_OR_FORMULA,TEXT_OR_FORMULA,TEXT_OR_FORMULA__TEXT_OR_FORMULA
PAIR-0478,TXT-U-P1,TXT-L-XTICK-3,TEXT_OR_FORMULA,TEXT_OR_FORMULA,TEXT_OR_FORMULA__TEXT_OR_FORMULA
PAIR-0479,TXT-U-P1,TXT-L-XTICK-4,TEXT_OR_FORMULA,TEXT_OR_FORMULA,TEXT_OR_FORMULA__TEXT_OR_FORMULA
PAIR-0480,TXT-U-P1,TXT-L-XLABEL-T,TEXT_OR_FORMULA,TEXT_OR_FORMULA,TEXT_OR_FORMULA__TEXT_OR_FORMULA
PAIR-0481,TXT-U-P1,GFX-U-AXIS-X,TEXT_OR_FORMULA,GRAPHIC,TEXT_OR_FORMULA__GRAPHIC
PAIR-0482,TXT-U-P1,GFX-U-AXIS-Y,TEXT_OR_FORMULA,GRAPHIC,TEXT_OR_FORMULA__GRAPHIC
PAIR-0483,TXT-U-P1,GFX-U-YTICK-000,TEXT_OR_FORMULA,GRAPHIC,TEXT_OR_FORMULA__GRAPHIC
PAIR-0484,TXT-U-P1,GFX-U-YTICK-045,TEXT_OR_FORMULA,GRAPHIC,TEXT_OR_FORMULA__GRAPHIC
PAIR-0485,TXT-U-P1,GFX-U-YTICK-080,TEXT_OR_FORMULA,GRAPHIC,TEXT_OR_FORMULA__GRAPHIC
PAIR-0486,TXT-U-P1,GFX-U-YTICK-100,TEXT_OR_FORMULA,GRAPHIC,TEXT_OR_FORMULA__GRAPHIC
PAIR-0487,TXT-U-P1,GFX-U-CDF-CURVE,TEXT_OR_FORMULA,GRAPHIC,TEXT_OR_FORMULA__GRAPHIC
PAIR-0488,TXT-U-P1,GFX-U-CLOSED-1,TEXT_OR_FORMULA,GRAPHIC,TEXT_OR_FORMULA__GRAPHIC
PAIR-0489,TXT-U-P1,GFX-U-CLOSED-2,TEXT_OR_FORMULA,GRAPHIC,TEXT_OR_FORMULA__GRAPHIC
PAIR-0490,TXT-U-P1,GFX-U-CLOSED-3,TEXT_OR_FORMULA,GRAPHIC,TEXT_OR_FORMULA__GRAPHIC
PAIR-0491,TXT-U-P1,GFX-U-CLOSED-4,TEXT_OR_FORMULA,GRAPHIC,TEXT_OR_FORMULA__GRAPHIC
PAIR-0492,TXT-U-P1,GFX-U-OPEN-1,TEXT_OR_FORMULA,GRAPHIC,TEXT_OR_FORMULA__GRAPHIC
PAIR-0493,TXT-U-P1,GFX-U-OPEN-2,TEXT_OR_FORMULA,GRAPHIC,TEXT_OR_FORMULA__GRAPHIC
PAIR-0494,TXT-U-P1,GFX-U-OPEN-3,TEXT_OR_FORMULA,GRAPHIC,TEXT_OR_FORMULA__GRAPHIC
PAIR-0495,TXT-U-P1,GFX-U-OPEN-4,TEXT_OR_FORMULA,GRAPHIC,TEXT_OR_FORMULA__GRAPHIC
PAIR-0496,TXT-U-P1,GFX-U-GUIDE-Y100,TEXT_OR_FORMULA,GRAPHIC,TEXT_OR_FORMULA__GRAPHIC
PAIR-0497,TXT-U-P1,GFX-U-GUIDE-X1,TEXT_OR_FORMULA,GRAPHIC,TEXT_OR_FORMULA__GRAPHIC
PAIR-0498,TXT-U-P1,GFX-U-GUIDE-X2,TEXT_OR_FORMULA,GRAPHIC,TEXT_OR_FORMULA__GRAPHIC
PAIR-0499,TXT-U-P1,GFX-U-GUIDE-X3,TEXT_OR_FORMULA,GRAPHIC,TEXT_OR_FORMULA__GRAPHIC
PAIR-0500,TXT-U-P1,GFX-U-GUIDE-X4,TEXT_OR_FORMULA,GRAPHIC,TEXT_OR_FORMULA__GRAPHIC
PAIR-0501,TXT-U-P1,GFX-L-AXIS-X,TEXT_OR_FORMULA,GRAPHIC,TEXT_OR_FORMULA__GRAPHIC
PAIR-0502,TXT-U-P1,GFX-L-AXIS-Y,TEXT_OR_FORMULA,GRAPHIC,TEXT_OR_FORMULA__GRAPHIC
PAIR-0503,TXT-U-P1,GFX-L-XTICK-1,TEXT_OR_FORMULA,GRAPHIC,TEXT_OR_FORMULA__GRAPHIC
PAIR-0504,TXT-U-P1,GFX-L-XTICK-2,TEXT_OR_FORMULA,GRAPHIC,TEXT_OR_FORMULA__GRAPHIC
PAIR-0505,TXT-U-P1,GFX-L-XTICK-3,TEXT_OR_FORMULA,GRAPHIC,TEXT_OR_FORMULA__GRAPHIC
PAIR-0506,TXT-U-P1,GFX-L-XTICK-4,TEXT_OR_FORMULA,GRAPHIC,TEXT_OR_FORMULA__GRAPHIC
PAIR-0507,TXT-U-P1,GFX-L-YTICK-000,TEXT_OR_FORMULA,GRAPHIC,TEXT_OR_FORMULA__GRAPHIC
PAIR-0508,TXT-U-P1,GFX-L-YTICK-015,TEXT_OR_FORMULA,GRAPHIC,TEXT_OR_FORMULA__GRAPHIC
PAIR-0509,TXT-U-P1,GFX-L-YTICK-030,TEXT_OR_FORMULA,GRAPHIC,TEXT_OR_FORMULA__GRAPHIC
PAIR-0510,TXT-U-P1,GFX-L-YTICK-035,TEXT_OR_FORMULA,GRAPHIC,TEXT_OR_FORMULA__GRAPHIC
PAIR-0511,TXT-U-P1,GFX-L-PMF-STEM-1,TEXT_OR_FORMULA,GRAPHIC,TEXT_OR_FORMULA__GRAPHIC
PAIR-0512,TXT-U-P1,GFX-L-PMF-STEM-2,TEXT_OR_FORMULA,GRAPHIC,TEXT_OR_FORMULA__GRAPHIC
PAIR-0513,TXT-U-P1,GFX-L-PMF-STEM-3,TEXT_OR_FORMULA,GRAPHIC,TEXT_OR_FORMULA__GRAPHIC
PAIR-0514,TXT-U-P1,GFX-L-PMF-STEM-4,TEXT_OR_FORMULA,GRAPHIC,TEXT_OR_FORMULA__GRAPHIC
PAIR-0515,TXT-U-P1,GFX-L-PMF-MARK-1,TEXT_OR_FORMULA,GRAPHIC,TEXT_OR_FORMULA__GRAPHIC
PAIR-0516,TXT-U-P1,GFX-L-PMF-MARK-2,TEXT_OR_FORMULA,GRAPHIC,TEXT_OR_FORMULA__GRAPHIC
PAIR-0517,TXT-U-P1,GFX-L-PMF-MARK-3,TEXT_OR_FORMULA,GRAPHIC,TEXT_OR_FORMULA__GRAPHIC
PAIR-0518,TXT-U-P1,GFX-L-PMF-MARK-4,TEXT_OR_FORMULA,GRAPHIC,TEXT_OR_FORMULA__GRAPHIC
PAIR-0519,TXT-U-P1,GFX-L-GUIDE-X1,TEXT_OR_FORMULA,GRAPHIC,TEXT_OR_FORMULA__GRAPHIC
PAIR-0520,TXT-U-P1,GFX-L-GUIDE-X2,TEXT_OR_FORMULA,GRAPHIC,TEXT_OR_FORMULA__GRAPHIC
PAIR-0521,TXT-U-P1,GFX-L-GUIDE-X3,TEXT_OR_FORMULA,GRAPHIC,TEXT_OR_FORMULA__GRAPHIC
PAIR-0522,TXT-U-P1,GFX-L-GUIDE-X4,TEXT_OR_FORMULA,GRAPHIC,TEXT_OR_FORMULA__GRAPHIC
PAIR-0523,TXT-U-YTICK-000,TXT-L-YTICK-035,TEXT_OR_FORMULA,TEXT_OR_FORMULA,TEXT_OR_FORMULA__TEXT_OR_FORMULA
PAIR-0524,TXT-U-YTICK-000,TXT-L-NOTE-JUMP,TEXT_OR_FORMULA,TEXT_OR_FORMULA,TEXT_OR_FORMULA__TEXT_OR_FORMULA
PAIR-0525,TXT-U-YTICK-000,TXT-L-YLABEL-PX,TEXT_OR_FORMULA,TEXT_OR_FORMULA,TEXT_OR_FORMULA__TEXT_OR_FORMULA
PAIR-0526,TXT-U-YTICK-000,TXT-L-YTICK-030,TEXT_OR_FORMULA,TEXT_OR_FORMULA,TEXT_OR_FORMULA__TEXT_OR_FORMULA
PAIR-0527,TXT-U-YTICK-000,TXT-L-YTICK-015,TEXT_OR_FORMULA,TEXT_OR_FORMULA,TEXT_OR_FORMULA__TEXT_OR_FORMULA
PAIR-0528,TXT-U-YTICK-000,TXT-L-YTICK-000,TEXT_OR_FORMULA,TEXT_OR_FORMULA,TEXT_OR_FORMULA__TEXT_OR_FORMULA
PAIR-0529,TXT-U-YTICK-000,TXT-L-XTICK-1,TEXT_OR_FORMULA,TEXT_OR_FORMULA,TEXT_OR_FORMULA__TEXT_OR_FORMULA
PAIR-0530,TXT-U-YTICK-000,TXT-L-XTICK-2,TEXT_OR_FORMULA,TEXT_OR_FORMULA,TEXT_OR_FORMULA__TEXT_OR_FORMULA
PAIR-0531,TXT-U-YTICK-000,TXT-L-XTICK-3,TEXT_OR_FORMULA,TEXT_OR_FORMULA,TEXT_OR_FORMULA__TEXT_OR_FORMULA
PAIR-0532,TXT-U-YTICK-000,TXT-L-XTICK-4,TEXT_OR_FORMULA,TEXT_OR_FORMULA,TEXT_OR_FORMULA__TEXT_OR_FORMULA
PAIR-0533,TXT-U-YTICK-000,TXT-L-XLABEL-T,TEXT_OR_FORMULA,TEXT_OR_FORMULA,TEXT_OR_FORMULA__TEXT_OR_FORMULA
PAIR-0534,TXT-U-YTICK-000,GFX-U-AXIS-X,TEXT_OR_FORMULA,GRAPHIC,TEXT_OR_FORMULA__GRAPHIC
PAIR-0535,TXT-U-YTICK-000,GFX-U-AXIS-Y,TEXT_OR_FORMULA,GRAPHIC,TEXT_OR_FORMULA__GRAPHIC
PAIR-0536,TXT-U-YTICK-000,GFX-U-YTICK-000,TEXT_OR_FORMULA,GRAPHIC,TEXT_OR_FORMULA__GRAPHIC
PAIR-0537,TXT-U-YTICK-000,GFX-U-YTICK-045,TEXT_OR_FORMULA,GRAPHIC,TEXT_OR_FORMULA__GRAPHIC
PAIR-0538,TXT-U-YTICK-000,GFX-U-YTICK-080,TEXT_OR_FORMULA,GRAPHIC,TEXT_OR_FORMULA__GRAPHIC
PAIR-0539,TXT-U-YTICK-000,GFX-U-YTICK-100,TEXT_OR_FORMULA,GRAPHIC,TEXT_OR_FORMULA__GRAPHIC
PAIR-0540,TXT-U-YTICK-000,GFX-U-CDF-CURVE,TEXT_OR_FORMULA,GRAPHIC,TEXT_OR_FORMULA__GRAPHIC
PAIR-0541,TXT-U-YTICK-000,GFX-U-CLOSED-1,TEXT_OR_FORMULA,GRAPHIC,TEXT_OR_FORMULA__GRAPHIC
PAIR-0542,TXT-U-YTICK-000,GFX-U-CLOSED-2,TEXT_OR_FORMULA,GRAPHIC,TEXT_OR_FORMULA__GRAPHIC
PAIR-0543,TXT-U-YTICK-000,GFX-U-CLOSED-3,TEXT_OR_FORMULA,GRAPHIC,TEXT_OR_FORMULA__GRAPHIC
PAIR-0544,TXT-U-YTICK-000,GFX-U-CLOSED-4,TEXT_OR_FORMULA,GRAPHIC,TEXT_OR_FORMULA__GRAPHIC
PAIR-0545,TXT-U-YTICK-000,GFX-U-OPEN-1,TEXT_OR_FORMULA,GRAPHIC,TEXT_OR_FORMULA__GRAPHIC
PAIR-0546,TXT-U-YTICK-000,GFX-U-OPEN-2,TEXT_OR_FORMULA,GRAPHIC,TEXT_OR_FORMULA__GRAPHIC
PAIR-0547,TXT-U-YTICK-000,GFX-U-OPEN-3,TEXT_OR_FORMULA,GRAPHIC,TEXT_OR_FORMULA__GRAPHIC
PAIR-0548,TXT-U-YTICK-000,GFX-U-OPEN-4,TEXT_OR_FORMULA,GRAPHIC,TEXT_OR_FORMULA__GRAPHIC
PAIR-0549,TXT-U-YTICK-000,GFX-U-GUIDE-Y100,TEXT_OR_FORMULA,GRAPHIC,TEXT_OR_FORMULA__GRAPHIC
PAIR-0550,TXT-U-YTICK-000,GFX-U-GUIDE-X1,TEXT_OR_FORMULA,GRAPHIC,TEXT_OR_FORMULA__GRAPHIC
PAIR-0551,TXT-U-YTICK-000,GFX-U-GUIDE-X2,TEXT_OR_FORMULA,GRAPHIC,TEXT_OR_FORMULA__GRAPHIC
PAIR-0552,TXT-U-YTICK-000,GFX-U-GUIDE-X3,TEXT_OR_FORMULA,GRAPHIC,TEXT_OR_FORMULA__GRAPHIC
PAIR-0553,TXT-U-YTICK-000,GFX-U-GUIDE-X4,TEXT_OR_FORMULA,GRAPHIC,TEXT_OR_FORMULA__GRAPHIC
PAIR-0554,TXT-U-YTICK-000,GFX-L-AXIS-X,TEXT_OR_FORMULA,GRAPHIC,TEXT_OR_FORMULA__GRAPHIC
PAIR-0555,TXT-U-YTICK-000,GFX-L-AXIS-Y,TEXT_OR_FORMULA,GRAPHIC,TEXT_OR_FORMULA__GRAPHIC
PAIR-0556,TXT-U-YTICK-000,GFX-L-XTICK-1,TEXT_OR_FORMULA,GRAPHIC,TEXT_OR_FORMULA__GRAPHIC
PAIR-0557,TXT-U-YTICK-000,GFX-L-XTICK-2,TEXT_OR_FORMULA,GRAPHIC,TEXT_OR_FORMULA__GRAPHIC
PAIR-0558,TXT-U-YTICK-000,GFX-L-XTICK-3,TEXT_OR_FORMULA,GRAPHIC,TEXT_OR_FORMULA__GRAPHIC
PAIR-0559,TXT-U-YTICK-000,GFX-L-XTICK-4,TEXT_OR_FORMULA,GRAPHIC,TEXT_OR_FORMULA__GRAPHIC
PAIR-0560,TXT-U-YTICK-000,GFX-L-YTICK-000,TEXT_OR_FORMULA,GRAPHIC,TEXT_OR_FORMULA__GRAPHIC
PAIR-0561,TXT-U-YTICK-000,GFX-L-YTICK-015,TEXT_OR_FORMULA,GRAPHIC,TEXT_OR_FORMULA__GRAPHIC
PAIR-0562,TXT-U-YTICK-000,GFX-L-YTICK-030,TEXT_OR_FORMULA,GRAPHIC,TEXT_OR_FORMULA__GRAPHIC
PAIR-0563,TXT-U-YTICK-000,GFX-L-YTICK-035,TEXT_OR_FORMULA,GRAPHIC,TEXT_OR_FORMULA__GRAPHIC
PAIR-0564,TXT-U-YTICK-000,GFX-L-PMF-STEM-1,TEXT_OR_FORMULA,GRAPHIC,TEXT_OR_FORMULA__GRAPHIC
PAIR-0565,TXT-U-YTICK-000,GFX-L-PMF-STEM-2,TEXT_OR_FORMULA,GRAPHIC,TEXT_OR_FORMULA__GRAPHIC
PAIR-0566,TXT-U-YTICK-000,GFX-L-PMF-STEM-3,TEXT_OR_FORMULA,GRAPHIC,TEXT_OR_FORMULA__GRAPHIC
PAIR-0567,TXT-U-YTICK-000,GFX-L-PMF-STEM-4,TEXT_OR_FORMULA,GRAPHIC,TEXT_OR_FORMULA__GRAPHIC
PAIR-0568,TXT-U-YTICK-000,GFX-L-PMF-MARK-1,TEXT_OR_FORMULA,GRAPHIC,TEXT_OR_FORMULA__GRAPHIC
PAIR-0569,TXT-U-YTICK-000,GFX-L-PMF-MARK-2,TEXT_OR_FORMULA,GRAPHIC,TEXT_OR_FORMULA__GRAPHIC
PAIR-0570,TXT-U-YTICK-000,GFX-L-PMF-MARK-3,TEXT_OR_FORMULA,GRAPHIC,TEXT_OR_FORMULA__GRAPHIC
PAIR-0571,TXT-U-YTICK-000,GFX-L-PMF-MARK-4,TEXT_OR_FORMULA,GRAPHIC,TEXT_OR_FORMULA__GRAPHIC
PAIR-0572,TXT-U-YTICK-000,GFX-L-GUIDE-X1,TEXT_OR_FORMULA,GRAPHIC,TEXT_OR_FORMULA__GRAPHIC
PAIR-0573,TXT-U-YTICK-000,GFX-L-GUIDE-X2,TEXT_OR_FORMULA,GRAPHIC,TEXT_OR_FORMULA__GRAPHIC
PAIR-0574,TXT-U-YTICK-000,GFX-L-GUIDE-X3,TEXT_OR_FORMULA,GRAPHIC,TEXT_OR_FORMULA__GRAPHIC
PAIR-0575,TXT-U-YTICK-000,GFX-L-GUIDE-X4,TEXT_OR_FORMULA,GRAPHIC,TEXT_OR_FORMULA__GRAPHIC
PAIR-0576,TXT-L-YTICK-035,TXT-L-NOTE-JUMP,TEXT_OR_FORMULA,TEXT_OR_FORMULA,TEXT_OR_FORMULA__TEXT_OR_FORMULA
PAIR-0577,TXT-L-YTICK-035,TXT-L-YLABEL-PX,TEXT_OR_FORMULA,TEXT_OR_FORMULA,TEXT_OR_FORMULA__TEXT_OR_FORMULA
PAIR-0578,TXT-L-YTICK-035,TXT-L-YTICK-030,TEXT_OR_FORMULA,TEXT_OR_FORMULA,TEXT_OR_FORMULA__TEXT_OR_FORMULA
PAIR-0579,TXT-L-YTICK-035,TXT-L-YTICK-015,TEXT_OR_FORMULA,TEXT_OR_FORMULA,TEXT_OR_FORMULA__TEXT_OR_FORMULA
PAIR-0580,TXT-L-YTICK-035,TXT-L-YTICK-000,TEXT_OR_FORMULA,TEXT_OR_FORMULA,TEXT_OR_FORMULA__TEXT_OR_FORMULA
PAIR-0581,TXT-L-YTICK-035,TXT-L-XTICK-1,TEXT_OR_FORMULA,TEXT_OR_FORMULA,TEXT_OR_FORMULA__TEXT_OR_FORMULA
PAIR-0582,TXT-L-YTICK-035,TXT-L-XTICK-2,TEXT_OR_FORMULA,TEXT_OR_FORMULA,TEXT_OR_FORMULA__TEXT_OR_FORMULA
PAIR-0583,TXT-L-YTICK-035,TXT-L-XTICK-3,TEXT_OR_FORMULA,TEXT_OR_FORMULA,TEXT_OR_FORMULA__TEXT_OR_FORMULA
PAIR-0584,TXT-L-YTICK-035,TXT-L-XTICK-4,TEXT_OR_FORMULA,TEXT_OR_FORMULA,TEXT_OR_FORMULA__TEXT_OR_FORMULA
PAIR-0585,TXT-L-YTICK-035,TXT-L-XLABEL-T,TEXT_OR_FORMULA,TEXT_OR_FORMULA,TEXT_OR_FORMULA__TEXT_OR_FORMULA
PAIR-0586,TXT-L-YTICK-035,GFX-U-AXIS-X,TEXT_OR_FORMULA,GRAPHIC,TEXT_OR_FORMULA__GRAPHIC
PAIR-0587,TXT-L-YTICK-035,GFX-U-AXIS-Y,TEXT_OR_FORMULA,GRAPHIC,TEXT_OR_FORMULA__GRAPHIC
PAIR-0588,TXT-L-YTICK-035,GFX-U-YTICK-000,TEXT_OR_FORMULA,GRAPHIC,TEXT_OR_FORMULA__GRAPHIC
PAIR-0589,TXT-L-YTICK-035,GFX-U-YTICK-045,TEXT_OR_FORMULA,GRAPHIC,TEXT_OR_FORMULA__GRAPHIC
PAIR-0590,TXT-L-YTICK-035,GFX-U-YTICK-080,TEXT_OR_FORMULA,GRAPHIC,TEXT_OR_FORMULA__GRAPHIC
PAIR-0591,TXT-L-YTICK-035,GFX-U-YTICK-100,TEXT_OR_FORMULA,GRAPHIC,TEXT_OR_FORMULA__GRAPHIC
PAIR-0592,TXT-L-YTICK-035,GFX-U-CDF-CURVE,TEXT_OR_FORMULA,GRAPHIC,TEXT_OR_FORMULA__GRAPHIC
PAIR-0593,TXT-L-YTICK-035,GFX-U-CLOSED-1,TEXT_OR_FORMULA,GRAPHIC,TEXT_OR_FORMULA__GRAPHIC
PAIR-0594,TXT-L-YTICK-035,GFX-U-CLOSED-2,TEXT_OR_FORMULA,GRAPHIC,TEXT_OR_FORMULA__GRAPHIC
PAIR-0595,TXT-L-YTICK-035,GFX-U-CLOSED-3,TEXT_OR_FORMULA,GRAPHIC,TEXT_OR_FORMULA__GRAPHIC
PAIR-0596,TXT-L-YTICK-035,GFX-U-CLOSED-4,TEXT_OR_FORMULA,GRAPHIC,TEXT_OR_FORMULA__GRAPHIC
PAIR-0597,TXT-L-YTICK-035,GFX-U-OPEN-1,TEXT_OR_FORMULA,GRAPHIC,TEXT_OR_FORMULA__GRAPHIC
PAIR-0598,TXT-L-YTICK-035,GFX-U-OPEN-2,TEXT_OR_FORMULA,GRAPHIC,TEXT_OR_FORMULA__GRAPHIC
PAIR-0599,TXT-L-YTICK-035,GFX-U-OPEN-3,TEXT_OR_FORMULA,GRAPHIC,TEXT_OR_FORMULA__GRAPHIC
PAIR-0600,TXT-L-YTICK-035,GFX-U-OPEN-4,TEXT_OR_FORMULA,GRAPHIC,TEXT_OR_FORMULA__GRAPHIC
PAIR-0601,TXT-L-YTICK-035,GFX-U-GUIDE-Y100,TEXT_OR_FORMULA,GRAPHIC,TEXT_OR_FORMULA__GRAPHIC
PAIR-0602,TXT-L-YTICK-035,GFX-U-GUIDE-X1,TEXT_OR_FORMULA,GRAPHIC,TEXT_OR_FORMULA__GRAPHIC
PAIR-0603,TXT-L-YTICK-035,GFX-U-GUIDE-X2,TEXT_OR_FORMULA,GRAPHIC,TEXT_OR_FORMULA__GRAPHIC
PAIR-0604,TXT-L-YTICK-035,GFX-U-GUIDE-X3,TEXT_OR_FORMULA,GRAPHIC,TEXT_OR_FORMULA__GRAPHIC
PAIR-0605,TXT-L-YTICK-035,GFX-U-GUIDE-X4,TEXT_OR_FORMULA,GRAPHIC,TEXT_OR_FORMULA__GRAPHIC
PAIR-0606,TXT-L-YTICK-035,GFX-L-AXIS-X,TEXT_OR_FORMULA,GRAPHIC,TEXT_OR_FORMULA__GRAPHIC
PAIR-0607,TXT-L-YTICK-035,GFX-L-AXIS-Y,TEXT_OR_FORMULA,GRAPHIC,TEXT_OR_FORMULA__GRAPHIC
PAIR-0608,TXT-L-YTICK-035,GFX-L-XTICK-1,TEXT_OR_FORMULA,GRAPHIC,TEXT_OR_FORMULA__GRAPHIC
PAIR-0609,TXT-L-YTICK-035,GFX-L-XTICK-2,TEXT_OR_FORMULA,GRAPHIC,TEXT_OR_FORMULA__GRAPHIC
PAIR-0610,TXT-L-YTICK-035,GFX-L-XTICK-3,TEXT_OR_FORMULA,GRAPHIC,TEXT_OR_FORMULA__GRAPHIC
PAIR-0611,TXT-L-YTICK-035,GFX-L-XTICK-4,TEXT_OR_FORMULA,GRAPHIC,TEXT_OR_FORMULA__GRAPHIC
PAIR-0612,TXT-L-YTICK-035,GFX-L-YTICK-000,TEXT_OR_FORMULA,GRAPHIC,TEXT_OR_FORMULA__GRAPHIC
PAIR-0613,TXT-L-YTICK-035,GFX-L-YTICK-015,TEXT_OR_FORMULA,GRAPHIC,TEXT_OR_FORMULA__GRAPHIC
PAIR-0614,TXT-L-YTICK-035,GFX-L-YTICK-030,TEXT_OR_FORMULA,GRAPHIC,TEXT_OR_FORMULA__GRAPHIC
PAIR-0615,TXT-L-YTICK-035,GFX-L-YTICK-035,TEXT_OR_FORMULA,GRAPHIC,TEXT_OR_FORMULA__GRAPHIC
PAIR-0616,TXT-L-YTICK-035,GFX-L-PMF-STEM-1,TEXT_OR_FORMULA,GRAPHIC,TEXT_OR_FORMULA__GRAPHIC
PAIR-0617,TXT-L-YTICK-035,GFX-L-PMF-STEM-2,TEXT_OR_FORMULA,GRAPHIC,TEXT_OR_FORMULA__GRAPHIC
PAIR-0618,TXT-L-YTICK-035,GFX-L-PMF-STEM-3,TEXT_OR_FORMULA,GRAPHIC,TEXT_OR_FORMULA__GRAPHIC
PAIR-0619,TXT-L-YTICK-035,GFX-L-PMF-STEM-4,TEXT_OR_FORMULA,GRAPHIC,TEXT_OR_FORMULA__GRAPHIC
PAIR-0620,TXT-L-YTICK-035,GFX-L-PMF-MARK-1,TEXT_OR_FORMULA,GRAPHIC,TEXT_OR_FORMULA__GRAPHIC
PAIR-0621,TXT-L-YTICK-035,GFX-L-PMF-MARK-2,TEXT_OR_FORMULA,GRAPHIC,TEXT_OR_FORMULA__GRAPHIC
PAIR-0622,TXT-L-YTICK-035,GFX-L-PMF-MARK-3,TEXT_OR_FORMULA,GRAPHIC,TEXT_OR_FORMULA__GRAPHIC
PAIR-0623,TXT-L-YTICK-035,GFX-L-PMF-MARK-4,TEXT_OR_FORMULA,GRAPHIC,TEXT_OR_FORMULA__GRAPHIC
PAIR-0624,TXT-L-YTICK-035,GFX-L-GUIDE-X1,TEXT_OR_FORMULA,GRAPHIC,TEXT_OR_FORMULA__GRAPHIC
PAIR-0625,TXT-L-YTICK-035,GFX-L-GUIDE-X2,TEXT_OR_FORMULA,GRAPHIC,TEXT_OR_FORMULA__GRAPHIC
PAIR-0626,TXT-L-YTICK-035,GFX-L-GUIDE-X3,TEXT_OR_FORMULA,GRAPHIC,TEXT_OR_FORMULA__GRAPHIC
PAIR-0627,TXT-L-YTICK-035,GFX-L-GUIDE-X4,TEXT_OR_FORMULA,GRAPHIC,TEXT_OR_FORMULA__GRAPHIC
PAIR-0628,TXT-L-NOTE-JUMP,TXT-L-YLABEL-PX,TEXT_OR_FORMULA,TEXT_OR_FORMULA,TEXT_OR_FORMULA__TEXT_OR_FORMULA
PAIR-0629,TXT-L-NOTE-JUMP,TXT-L-YTICK-030,TEXT_OR_FORMULA,TEXT_OR_FORMULA,TEXT_OR_FORMULA__TEXT_OR_FORMULA
PAIR-0630,TXT-L-NOTE-JUMP,TXT-L-YTICK-015,TEXT_OR_FORMULA,TEXT_OR_FORMULA,TEXT_OR_FORMULA__TEXT_OR_FORMULA
PAIR-0631,TXT-L-NOTE-JUMP,TXT-L-YTICK-000,TEXT_OR_FORMULA,TEXT_OR_FORMULA,TEXT_OR_FORMULA__TEXT_OR_FORMULA
PAIR-0632,TXT-L-NOTE-JUMP,TXT-L-XTICK-1,TEXT_OR_FORMULA,TEXT_OR_FORMULA,TEXT_OR_FORMULA__TEXT_OR_FORMULA
PAIR-0633,TXT-L-NOTE-JUMP,TXT-L-XTICK-2,TEXT_OR_FORMULA,TEXT_OR_FORMULA,TEXT_OR_FORMULA__TEXT_OR_FORMULA
PAIR-0634,TXT-L-NOTE-JUMP,TXT-L-XTICK-3,TEXT_OR_FORMULA,TEXT_OR_FORMULA,TEXT_OR_FORMULA__TEXT_OR_FORMULA
PAIR-0635,TXT-L-NOTE-JUMP,TXT-L-XTICK-4,TEXT_OR_FORMULA,TEXT_OR_FORMULA,TEXT_OR_FORMULA__TEXT_OR_FORMULA
PAIR-0636,TXT-L-NOTE-JUMP,TXT-L-XLABEL-T,TEXT_OR_FORMULA,TEXT_OR_FORMULA,TEXT_OR_FORMULA__TEXT_OR_FORMULA
PAIR-0637,TXT-L-NOTE-JUMP,GFX-U-AXIS-X,TEXT_OR_FORMULA,GRAPHIC,TEXT_OR_FORMULA__GRAPHIC
PAIR-0638,TXT-L-NOTE-JUMP,GFX-U-AXIS-Y,TEXT_OR_FORMULA,GRAPHIC,TEXT_OR_FORMULA__GRAPHIC
PAIR-0639,TXT-L-NOTE-JUMP,GFX-U-YTICK-000,TEXT_OR_FORMULA,GRAPHIC,TEXT_OR_FORMULA__GRAPHIC
PAIR-0640,TXT-L-NOTE-JUMP,GFX-U-YTICK-045,TEXT_OR_FORMULA,GRAPHIC,TEXT_OR_FORMULA__GRAPHIC
PAIR-0641,TXT-L-NOTE-JUMP,GFX-U-YTICK-080,TEXT_OR_FORMULA,GRAPHIC,TEXT_OR_FORMULA__GRAPHIC
PAIR-0642,TXT-L-NOTE-JUMP,GFX-U-YTICK-100,TEXT_OR_FORMULA,GRAPHIC,TEXT_OR_FORMULA__GRAPHIC
PAIR-0643,TXT-L-NOTE-JUMP,GFX-U-CDF-CURVE,TEXT_OR_FORMULA,GRAPHIC,TEXT_OR_FORMULA__GRAPHIC
PAIR-0644,TXT-L-NOTE-JUMP,GFX-U-CLOSED-1,TEXT_OR_FORMULA,GRAPHIC,TEXT_OR_FORMULA__GRAPHIC
PAIR-0645,TXT-L-NOTE-JUMP,GFX-U-CLOSED-2,TEXT_OR_FORMULA,GRAPHIC,TEXT_OR_FORMULA__GRAPHIC
PAIR-0646,TXT-L-NOTE-JUMP,GFX-U-CLOSED-3,TEXT_OR_FORMULA,GRAPHIC,TEXT_OR_FORMULA__GRAPHIC
PAIR-0647,TXT-L-NOTE-JUMP,GFX-U-CLOSED-4,TEXT_OR_FORMULA,GRAPHIC,TEXT_OR_FORMULA__GRAPHIC
PAIR-0648,TXT-L-NOTE-JUMP,GFX-U-OPEN-1,TEXT_OR_FORMULA,GRAPHIC,TEXT_OR_FORMULA__GRAPHIC
PAIR-0649,TXT-L-NOTE-JUMP,GFX-U-OPEN-2,TEXT_OR_FORMULA,GRAPHIC,TEXT_OR_FORMULA__GRAPHIC
PAIR-0650,TXT-L-NOTE-JUMP,GFX-U-OPEN-3,TEXT_OR_FORMULA,GRAPHIC,TEXT_OR_FORMULA__GRAPHIC
PAIR-0651,TXT-L-NOTE-JUMP,GFX-U-OPEN-4,TEXT_OR_FORMULA,GRAPHIC,TEXT_OR_FORMULA__GRAPHIC
PAIR-0652,TXT-L-NOTE-JUMP,GFX-U-GUIDE-Y100,TEXT_OR_FORMULA,GRAPHIC,TEXT_OR_FORMULA__GRAPHIC
PAIR-0653,TXT-L-NOTE-JUMP,GFX-U-GUIDE-X1,TEXT_OR_FORMULA,GRAPHIC,TEXT_OR_FORMULA__GRAPHIC
PAIR-0654,TXT-L-NOTE-JUMP,GFX-U-GUIDE-X2,TEXT_OR_FORMULA,GRAPHIC,TEXT_OR_FORMULA__GRAPHIC
PAIR-0655,TXT-L-NOTE-JUMP,GFX-U-GUIDE-X3,TEXT_OR_FORMULA,GRAPHIC,TEXT_OR_FORMULA__GRAPHIC
PAIR-0656,TXT-L-NOTE-JUMP,GFX-U-GUIDE-X4,TEXT_OR_FORMULA,GRAPHIC,TEXT_OR_FORMULA__GRAPHIC
PAIR-0657,TXT-L-NOTE-JUMP,GFX-L-AXIS-X,TEXT_OR_FORMULA,GRAPHIC,TEXT_OR_FORMULA__GRAPHIC
PAIR-0658,TXT-L-NOTE-JUMP,GFX-L-AXIS-Y,TEXT_OR_FORMULA,GRAPHIC,TEXT_OR_FORMULA__GRAPHIC
PAIR-0659,TXT-L-NOTE-JUMP,GFX-L-XTICK-1,TEXT_OR_FORMULA,GRAPHIC,TEXT_OR_FORMULA__GRAPHIC
PAIR-0660,TXT-L-NOTE-JUMP,GFX-L-XTICK-2,TEXT_OR_FORMULA,GRAPHIC,TEXT_OR_FORMULA__GRAPHIC
PAIR-0661,TXT-L-NOTE-JUMP,GFX-L-XTICK-3,TEXT_OR_FORMULA,GRAPHIC,TEXT_OR_FORMULA__GRAPHIC
PAIR-0662,TXT-L-NOTE-JUMP,GFX-L-XTICK-4,TEXT_OR_FORMULA,GRAPHIC,TEXT_OR_FORMULA__GRAPHIC
PAIR-0663,TXT-L-NOTE-JUMP,GFX-L-YTICK-000,TEXT_OR_FORMULA,GRAPHIC,TEXT_OR_FORMULA__GRAPHIC
PAIR-0664,TXT-L-NOTE-JUMP,GFX-L-YTICK-015,TEXT_OR_FORMULA,GRAPHIC,TEXT_OR_FORMULA__GRAPHIC
PAIR-0665,TXT-L-NOTE-JUMP,GFX-L-YTICK-030,TEXT_OR_FORMULA,GRAPHIC,TEXT_OR_FORMULA__GRAPHIC
PAIR-0666,TXT-L-NOTE-JUMP,GFX-L-YTICK-035,TEXT_OR_FORMULA,GRAPHIC,TEXT_OR_FORMULA__GRAPHIC
PAIR-0667,TXT-L-NOTE-JUMP,GFX-L-PMF-STEM-1,TEXT_OR_FORMULA,GRAPHIC,TEXT_OR_FORMULA__GRAPHIC
PAIR-0668,TXT-L-NOTE-JUMP,GFX-L-PMF-STEM-2,TEXT_OR_FORMULA,GRAPHIC,TEXT_OR_FORMULA__GRAPHIC
PAIR-0669,TXT-L-NOTE-JUMP,GFX-L-PMF-STEM-3,TEXT_OR_FORMULA,GRAPHIC,TEXT_OR_FORMULA__GRAPHIC
PAIR-0670,TXT-L-NOTE-JUMP,GFX-L-PMF-STEM-4,TEXT_OR_FORMULA,GRAPHIC,TEXT_OR_FORMULA__GRAPHIC
PAIR-0671,TXT-L-NOTE-JUMP,GFX-L-PMF-MARK-1,TEXT_OR_FORMULA,GRAPHIC,TEXT_OR_FORMULA__GRAPHIC
PAIR-0672,TXT-L-NOTE-JUMP,GFX-L-PMF-MARK-2,TEXT_OR_FORMULA,GRAPHIC,TEXT_OR_FORMULA__GRAPHIC
PAIR-0673,TXT-L-NOTE-JUMP,GFX-L-PMF-MARK-3,TEXT_OR_FORMULA,GRAPHIC,TEXT_OR_FORMULA__GRAPHIC
PAIR-0674,TXT-L-NOTE-JUMP,GFX-L-PMF-MARK-4,TEXT_OR_FORMULA,GRAPHIC,TEXT_OR_FORMULA__GRAPHIC
PAIR-0675,TXT-L-NOTE-JUMP,GFX-L-GUIDE-X1,TEXT_OR_FORMULA,GRAPHIC,TEXT_OR_FORMULA__GRAPHIC
PAIR-0676,TXT-L-NOTE-JUMP,GFX-L-GUIDE-X2,TEXT_OR_FORMULA,GRAPHIC,TEXT_OR_FORMULA__GRAPHIC
PAIR-0677,TXT-L-NOTE-JUMP,GFX-L-GUIDE-X3,TEXT_OR_FORMULA,GRAPHIC,TEXT_OR_FORMULA__GRAPHIC
PAIR-0678,TXT-L-NOTE-JUMP,GFX-L-GUIDE-X4,TEXT_OR_FORMULA,GRAPHIC,TEXT_OR_FORMULA__GRAPHIC
PAIR-0679,TXT-L-YLABEL-PX,TXT-L-YTICK-030,TEXT_OR_FORMULA,TEXT_OR_FORMULA,TEXT_OR_FORMULA__TEXT_OR_FORMULA
PAIR-0680,TXT-L-YLABEL-PX,TXT-L-YTICK-015,TEXT_OR_FORMULA,TEXT_OR_FORMULA,TEXT_OR_FORMULA__TEXT_OR_FORMULA
PAIR-0681,TXT-L-YLABEL-PX,TXT-L-YTICK-000,TEXT_OR_FORMULA,TEXT_OR_FORMULA,TEXT_OR_FORMULA__TEXT_OR_FORMULA
PAIR-0682,TXT-L-YLABEL-PX,TXT-L-XTICK-1,TEXT_OR_FORMULA,TEXT_OR_FORMULA,TEXT_OR_FORMULA__TEXT_OR_FORMULA
PAIR-0683,TXT-L-YLABEL-PX,TXT-L-XTICK-2,TEXT_OR_FORMULA,TEXT_OR_FORMULA,TEXT_OR_FORMULA__TEXT_OR_FORMULA
PAIR-0684,TXT-L-YLABEL-PX,TXT-L-XTICK-3,TEXT_OR_FORMULA,TEXT_OR_FORMULA,TEXT_OR_FORMULA__TEXT_OR_FORMULA
PAIR-0685,TXT-L-YLABEL-PX,TXT-L-XTICK-4,TEXT_OR_FORMULA,TEXT_OR_FORMULA,TEXT_OR_FORMULA__TEXT_OR_FORMULA
PAIR-0686,TXT-L-YLABEL-PX,TXT-L-XLABEL-T,TEXT_OR_FORMULA,TEXT_OR_FORMULA,TEXT_OR_FORMULA__TEXT_OR_FORMULA
PAIR-0687,TXT-L-YLABEL-PX,GFX-U-AXIS-X,TEXT_OR_FORMULA,GRAPHIC,TEXT_OR_FORMULA__GRAPHIC
PAIR-0688,TXT-L-YLABEL-PX,GFX-U-AXIS-Y,TEXT_OR_FORMULA,GRAPHIC,TEXT_OR_FORMULA__GRAPHIC
PAIR-0689,TXT-L-YLABEL-PX,GFX-U-YTICK-000,TEXT_OR_FORMULA,GRAPHIC,TEXT_OR_FORMULA__GRAPHIC
PAIR-0690,TXT-L-YLABEL-PX,GFX-U-YTICK-045,TEXT_OR_FORMULA,GRAPHIC,TEXT_OR_FORMULA__GRAPHIC
PAIR-0691,TXT-L-YLABEL-PX,GFX-U-YTICK-080,TEXT_OR_FORMULA,GRAPHIC,TEXT_OR_FORMULA__GRAPHIC
PAIR-0692,TXT-L-YLABEL-PX,GFX-U-YTICK-100,TEXT_OR_FORMULA,GRAPHIC,TEXT_OR_FORMULA__GRAPHIC
PAIR-0693,TXT-L-YLABEL-PX,GFX-U-CDF-CURVE,TEXT_OR_FORMULA,GRAPHIC,TEXT_OR_FORMULA__GRAPHIC
PAIR-0694,TXT-L-YLABEL-PX,GFX-U-CLOSED-1,TEXT_OR_FORMULA,GRAPHIC,TEXT_OR_FORMULA__GRAPHIC
PAIR-0695,TXT-L-YLABEL-PX,GFX-U-CLOSED-2,TEXT_OR_FORMULA,GRAPHIC,TEXT_OR_FORMULA__GRAPHIC
PAIR-0696,TXT-L-YLABEL-PX,GFX-U-CLOSED-3,TEXT_OR_FORMULA,GRAPHIC,TEXT_OR_FORMULA__GRAPHIC
PAIR-0697,TXT-L-YLABEL-PX,GFX-U-CLOSED-4,TEXT_OR_FORMULA,GRAPHIC,TEXT_OR_FORMULA__GRAPHIC
PAIR-0698,TXT-L-YLABEL-PX,GFX-U-OPEN-1,TEXT_OR_FORMULA,GRAPHIC,TEXT_OR_FORMULA__GRAPHIC
PAIR-0699,TXT-L-YLABEL-PX,GFX-U-OPEN-2,TEXT_OR_FORMULA,GRAPHIC,TEXT_OR_FORMULA__GRAPHIC
PAIR-0700,TXT-L-YLABEL-PX,GFX-U-OPEN-3,TEXT_OR_FORMULA,GRAPHIC,TEXT_OR_FORMULA__GRAPHIC
PAIR-0701,TXT-L-YLABEL-PX,GFX-U-OPEN-4,TEXT_OR_FORMULA,GRAPHIC,TEXT_OR_FORMULA__GRAPHIC
PAIR-0702,TXT-L-YLABEL-PX,GFX-U-GUIDE-Y100,TEXT_OR_FORMULA,GRAPHIC,TEXT_OR_FORMULA__GRAPHIC
PAIR-0703,TXT-L-YLABEL-PX,GFX-U-GUIDE-X1,TEXT_OR_FORMULA,GRAPHIC,TEXT_OR_FORMULA__GRAPHIC
PAIR-0704,TXT-L-YLABEL-PX,GFX-U-GUIDE-X2,TEXT_OR_FORMULA,GRAPHIC,TEXT_OR_FORMULA__GRAPHIC
PAIR-0705,TXT-L-YLABEL-PX,GFX-U-GUIDE-X3,TEXT_OR_FORMULA,GRAPHIC,TEXT_OR_FORMULA__GRAPHIC
PAIR-0706,TXT-L-YLABEL-PX,GFX-U-GUIDE-X4,TEXT_OR_FORMULA,GRAPHIC,TEXT_OR_FORMULA__GRAPHIC
PAIR-0707,TXT-L-YLABEL-PX,GFX-L-AXIS-X,TEXT_OR_FORMULA,GRAPHIC,TEXT_OR_FORMULA__GRAPHIC
PAIR-0708,TXT-L-YLABEL-PX,GFX-L-AXIS-Y,TEXT_OR_FORMULA,GRAPHIC,TEXT_OR_FORMULA__GRAPHIC
PAIR-0709,TXT-L-YLABEL-PX,GFX-L-XTICK-1,TEXT_OR_FORMULA,GRAPHIC,TEXT_OR_FORMULA__GRAPHIC
PAIR-0710,TXT-L-YLABEL-PX,GFX-L-XTICK-2,TEXT_OR_FORMULA,GRAPHIC,TEXT_OR_FORMULA__GRAPHIC
PAIR-0711,TXT-L-YLABEL-PX,GFX-L-XTICK-3,TEXT_OR_FORMULA,GRAPHIC,TEXT_OR_FORMULA__GRAPHIC
PAIR-0712,TXT-L-YLABEL-PX,GFX-L-XTICK-4,TEXT_OR_FORMULA,GRAPHIC,TEXT_OR_FORMULA__GRAPHIC
PAIR-0713,TXT-L-YLABEL-PX,GFX-L-YTICK-000,TEXT_OR_FORMULA,GRAPHIC,TEXT_OR_FORMULA__GRAPHIC
PAIR-0714,TXT-L-YLABEL-PX,GFX-L-YTICK-015,TEXT_OR_FORMULA,GRAPHIC,TEXT_OR_FORMULA__GRAPHIC
PAIR-0715,TXT-L-YLABEL-PX,GFX-L-YTICK-030,TEXT_OR_FORMULA,GRAPHIC,TEXT_OR_FORMULA__GRAPHIC
PAIR-0716,TXT-L-YLABEL-PX,GFX-L-YTICK-035,TEXT_OR_FORMULA,GRAPHIC,TEXT_OR_FORMULA__GRAPHIC
PAIR-0717,TXT-L-YLABEL-PX,GFX-L-PMF-STEM-1,TEXT_OR_FORMULA,GRAPHIC,TEXT_OR_FORMULA__GRAPHIC
PAIR-0718,TXT-L-YLABEL-PX,GFX-L-PMF-STEM-2,TEXT_OR_FORMULA,GRAPHIC,TEXT_OR_FORMULA__GRAPHIC
PAIR-0719,TXT-L-YLABEL-PX,GFX-L-PMF-STEM-3,TEXT_OR_FORMULA,GRAPHIC,TEXT_OR_FORMULA__GRAPHIC
PAIR-0720,TXT-L-YLABEL-PX,GFX-L-PMF-STEM-4,TEXT_OR_FORMULA,GRAPHIC,TEXT_OR_FORMULA__GRAPHIC
PAIR-0721,TXT-L-YLABEL-PX,GFX-L-PMF-MARK-1,TEXT_OR_FORMULA,GRAPHIC,TEXT_OR_FORMULA__GRAPHIC
PAIR-0722,TXT-L-YLABEL-PX,GFX-L-PMF-MARK-2,TEXT_OR_FORMULA,GRAPHIC,TEXT_OR_FORMULA__GRAPHIC
PAIR-0723,TXT-L-YLABEL-PX,GFX-L-PMF-MARK-3,TEXT_OR_FORMULA,GRAPHIC,TEXT_OR_FORMULA__GRAPHIC
PAIR-0724,TXT-L-YLABEL-PX,GFX-L-PMF-MARK-4,TEXT_OR_FORMULA,GRAPHIC,TEXT_OR_FORMULA__GRAPHIC
PAIR-0725,TXT-L-YLABEL-PX,GFX-L-GUIDE-X1,TEXT_OR_FORMULA,GRAPHIC,TEXT_OR_FORMULA__GRAPHIC
PAIR-0726,TXT-L-YLABEL-PX,GFX-L-GUIDE-X2,TEXT_OR_FORMULA,GRAPHIC,TEXT_OR_FORMULA__GRAPHIC
PAIR-0727,TXT-L-YLABEL-PX,GFX-L-GUIDE-X3,TEXT_OR_FORMULA,GRAPHIC,TEXT_OR_FORMULA__GRAPHIC
PAIR-0728,TXT-L-YLABEL-PX,GFX-L-GUIDE-X4,TEXT_OR_FORMULA,GRAPHIC,TEXT_OR_FORMULA__GRAPHIC
PAIR-0729,TXT-L-YTICK-030,TXT-L-YTICK-015,TEXT_OR_FORMULA,TEXT_OR_FORMULA,TEXT_OR_FORMULA__TEXT_OR_FORMULA
PAIR-0730,TXT-L-YTICK-030,TXT-L-YTICK-000,TEXT_OR_FORMULA,TEXT_OR_FORMULA,TEXT_OR_FORMULA__TEXT_OR_FORMULA
PAIR-0731,TXT-L-YTICK-030,TXT-L-XTICK-1,TEXT_OR_FORMULA,TEXT_OR_FORMULA,TEXT_OR_FORMULA__TEXT_OR_FORMULA
PAIR-0732,TXT-L-YTICK-030,TXT-L-XTICK-2,TEXT_OR_FORMULA,TEXT_OR_FORMULA,TEXT_OR_FORMULA__TEXT_OR_FORMULA
PAIR-0733,TXT-L-YTICK-030,TXT-L-XTICK-3,TEXT_OR_FORMULA,TEXT_OR_FORMULA,TEXT_OR_FORMULA__TEXT_OR_FORMULA
PAIR-0734,TXT-L-YTICK-030,TXT-L-XTICK-4,TEXT_OR_FORMULA,TEXT_OR_FORMULA,TEXT_OR_FORMULA__TEXT_OR_FORMULA
PAIR-0735,TXT-L-YTICK-030,TXT-L-XLABEL-T,TEXT_OR_FORMULA,TEXT_OR_FORMULA,TEXT_OR_FORMULA__TEXT_OR_FORMULA
PAIR-0736,TXT-L-YTICK-030,GFX-U-AXIS-X,TEXT_OR_FORMULA,GRAPHIC,TEXT_OR_FORMULA__GRAPHIC
PAIR-0737,TXT-L-YTICK-030,GFX-U-AXIS-Y,TEXT_OR_FORMULA,GRAPHIC,TEXT_OR_FORMULA__GRAPHIC
PAIR-0738,TXT-L-YTICK-030,GFX-U-YTICK-000,TEXT_OR_FORMULA,GRAPHIC,TEXT_OR_FORMULA__GRAPHIC
PAIR-0739,TXT-L-YTICK-030,GFX-U-YTICK-045,TEXT_OR_FORMULA,GRAPHIC,TEXT_OR_FORMULA__GRAPHIC
PAIR-0740,TXT-L-YTICK-030,GFX-U-YTICK-080,TEXT_OR_FORMULA,GRAPHIC,TEXT_OR_FORMULA__GRAPHIC
PAIR-0741,TXT-L-YTICK-030,GFX-U-YTICK-100,TEXT_OR_FORMULA,GRAPHIC,TEXT_OR_FORMULA__GRAPHIC
PAIR-0742,TXT-L-YTICK-030,GFX-U-CDF-CURVE,TEXT_OR_FORMULA,GRAPHIC,TEXT_OR_FORMULA__GRAPHIC
PAIR-0743,TXT-L-YTICK-030,GFX-U-CLOSED-1,TEXT_OR_FORMULA,GRAPHIC,TEXT_OR_FORMULA__GRAPHIC
PAIR-0744,TXT-L-YTICK-030,GFX-U-CLOSED-2,TEXT_OR_FORMULA,GRAPHIC,TEXT_OR_FORMULA__GRAPHIC
PAIR-0745,TXT-L-YTICK-030,GFX-U-CLOSED-3,TEXT_OR_FORMULA,GRAPHIC,TEXT_OR_FORMULA__GRAPHIC
PAIR-0746,TXT-L-YTICK-030,GFX-U-CLOSED-4,TEXT_OR_FORMULA,GRAPHIC,TEXT_OR_FORMULA__GRAPHIC
PAIR-0747,TXT-L-YTICK-030,GFX-U-OPEN-1,TEXT_OR_FORMULA,GRAPHIC,TEXT_OR_FORMULA__GRAPHIC
PAIR-0748,TXT-L-YTICK-030,GFX-U-OPEN-2,TEXT_OR_FORMULA,GRAPHIC,TEXT_OR_FORMULA__GRAPHIC
PAIR-0749,TXT-L-YTICK-030,GFX-U-OPEN-3,TEXT_OR_FORMULA,GRAPHIC,TEXT_OR_FORMULA__GRAPHIC
PAIR-0750,TXT-L-YTICK-030,GFX-U-OPEN-4,TEXT_OR_FORMULA,GRAPHIC,TEXT_OR_FORMULA__GRAPHIC
PAIR-0751,TXT-L-YTICK-030,GFX-U-GUIDE-Y100,TEXT_OR_FORMULA,GRAPHIC,TEXT_OR_FORMULA__GRAPHIC
PAIR-0752,TXT-L-YTICK-030,GFX-U-GUIDE-X1,TEXT_OR_FORMULA,GRAPHIC,TEXT_OR_FORMULA__GRAPHIC
PAIR-0753,TXT-L-YTICK-030,GFX-U-GUIDE-X2,TEXT_OR_FORMULA,GRAPHIC,TEXT_OR_FORMULA__GRAPHIC
PAIR-0754,TXT-L-YTICK-030,GFX-U-GUIDE-X3,TEXT_OR_FORMULA,GRAPHIC,TEXT_OR_FORMULA__GRAPHIC
PAIR-0755,TXT-L-YTICK-030,GFX-U-GUIDE-X4,TEXT_OR_FORMULA,GRAPHIC,TEXT_OR_FORMULA__GRAPHIC
PAIR-0756,TXT-L-YTICK-030,GFX-L-AXIS-X,TEXT_OR_FORMULA,GRAPHIC,TEXT_OR_FORMULA__GRAPHIC
PAIR-0757,TXT-L-YTICK-030,GFX-L-AXIS-Y,TEXT_OR_FORMULA,GRAPHIC,TEXT_OR_FORMULA__GRAPHIC
PAIR-0758,TXT-L-YTICK-030,GFX-L-XTICK-1,TEXT_OR_FORMULA,GRAPHIC,TEXT_OR_FORMULA__GRAPHIC
PAIR-0759,TXT-L-YTICK-030,GFX-L-XTICK-2,TEXT_OR_FORMULA,GRAPHIC,TEXT_OR_FORMULA__GRAPHIC
PAIR-0760,TXT-L-YTICK-030,GFX-L-XTICK-3,TEXT_OR_FORMULA,GRAPHIC,TEXT_OR_FORMULA__GRAPHIC
PAIR-0761,TXT-L-YTICK-030,GFX-L-XTICK-4,TEXT_OR_FORMULA,GRAPHIC,TEXT_OR_FORMULA__GRAPHIC
PAIR-0762,TXT-L-YTICK-030,GFX-L-YTICK-000,TEXT_OR_FORMULA,GRAPHIC,TEXT_OR_FORMULA__GRAPHIC
PAIR-0763,TXT-L-YTICK-030,GFX-L-YTICK-015,TEXT_OR_FORMULA,GRAPHIC,TEXT_OR_FORMULA__GRAPHIC
PAIR-0764,TXT-L-YTICK-030,GFX-L-YTICK-030,TEXT_OR_FORMULA,GRAPHIC,TEXT_OR_FORMULA__GRAPHIC
PAIR-0765,TXT-L-YTICK-030,GFX-L-YTICK-035,TEXT_OR_FORMULA,GRAPHIC,TEXT_OR_FORMULA__GRAPHIC
PAIR-0766,TXT-L-YTICK-030,GFX-L-PMF-STEM-1,TEXT_OR_FORMULA,GRAPHIC,TEXT_OR_FORMULA__GRAPHIC
PAIR-0767,TXT-L-YTICK-030,GFX-L-PMF-STEM-2,TEXT_OR_FORMULA,GRAPHIC,TEXT_OR_FORMULA__GRAPHIC
PAIR-0768,TXT-L-YTICK-030,GFX-L-PMF-STEM-3,TEXT_OR_FORMULA,GRAPHIC,TEXT_OR_FORMULA__GRAPHIC
PAIR-0769,TXT-L-YTICK-030,GFX-L-PMF-STEM-4,TEXT_OR_FORMULA,GRAPHIC,TEXT_OR_FORMULA__GRAPHIC
PAIR-0770,TXT-L-YTICK-030,GFX-L-PMF-MARK-1,TEXT_OR_FORMULA,GRAPHIC,TEXT_OR_FORMULA__GRAPHIC
PAIR-0771,TXT-L-YTICK-030,GFX-L-PMF-MARK-2,TEXT_OR_FORMULA,GRAPHIC,TEXT_OR_FORMULA__GRAPHIC
PAIR-0772,TXT-L-YTICK-030,GFX-L-PMF-MARK-3,TEXT_OR_FORMULA,GRAPHIC,TEXT_OR_FORMULA__GRAPHIC
PAIR-0773,TXT-L-YTICK-030,GFX-L-PMF-MARK-4,TEXT_OR_FORMULA,GRAPHIC,TEXT_OR_FORMULA__GRAPHIC
PAIR-0774,TXT-L-YTICK-030,GFX-L-GUIDE-X1,TEXT_OR_FORMULA,GRAPHIC,TEXT_OR_FORMULA__GRAPHIC
PAIR-0775,TXT-L-YTICK-030,GFX-L-GUIDE-X2,TEXT_OR_FORMULA,GRAPHIC,TEXT_OR_FORMULA__GRAPHIC
PAIR-0776,TXT-L-YTICK-030,GFX-L-GUIDE-X3,TEXT_OR_FORMULA,GRAPHIC,TEXT_OR_FORMULA__GRAPHIC
PAIR-0777,TXT-L-YTICK-030,GFX-L-GUIDE-X4,TEXT_OR_FORMULA,GRAPHIC,TEXT_OR_FORMULA__GRAPHIC
PAIR-0778,TXT-L-YTICK-015,TXT-L-YTICK-000,TEXT_OR_FORMULA,TEXT_OR_FORMULA,TEXT_OR_FORMULA__TEXT_OR_FORMULA
PAIR-0779,TXT-L-YTICK-015,TXT-L-XTICK-1,TEXT_OR_FORMULA,TEXT_OR_FORMULA,TEXT_OR_FORMULA__TEXT_OR_FORMULA
PAIR-0780,TXT-L-YTICK-015,TXT-L-XTICK-2,TEXT_OR_FORMULA,TEXT_OR_FORMULA,TEXT_OR_FORMULA__TEXT_OR_FORMULA
PAIR-0781,TXT-L-YTICK-015,TXT-L-XTICK-3,TEXT_OR_FORMULA,TEXT_OR_FORMULA,TEXT_OR_FORMULA__TEXT_OR_FORMULA
PAIR-0782,TXT-L-YTICK-015,TXT-L-XTICK-4,TEXT_OR_FORMULA,TEXT_OR_FORMULA,TEXT_OR_FORMULA__TEXT_OR_FORMULA
PAIR-0783,TXT-L-YTICK-015,TXT-L-XLABEL-T,TEXT_OR_FORMULA,TEXT_OR_FORMULA,TEXT_OR_FORMULA__TEXT_OR_FORMULA
PAIR-0784,TXT-L-YTICK-015,GFX-U-AXIS-X,TEXT_OR_FORMULA,GRAPHIC,TEXT_OR_FORMULA__GRAPHIC
PAIR-0785,TXT-L-YTICK-015,GFX-U-AXIS-Y,TEXT_OR_FORMULA,GRAPHIC,TEXT_OR_FORMULA__GRAPHIC
PAIR-0786,TXT-L-YTICK-015,GFX-U-YTICK-000,TEXT_OR_FORMULA,GRAPHIC,TEXT_OR_FORMULA__GRAPHIC
PAIR-0787,TXT-L-YTICK-015,GFX-U-YTICK-045,TEXT_OR_FORMULA,GRAPHIC,TEXT_OR_FORMULA__GRAPHIC
PAIR-0788,TXT-L-YTICK-015,GFX-U-YTICK-080,TEXT_OR_FORMULA,GRAPHIC,TEXT_OR_FORMULA__GRAPHIC
PAIR-0789,TXT-L-YTICK-015,GFX-U-YTICK-100,TEXT_OR_FORMULA,GRAPHIC,TEXT_OR_FORMULA__GRAPHIC
PAIR-0790,TXT-L-YTICK-015,GFX-U-CDF-CURVE,TEXT_OR_FORMULA,GRAPHIC,TEXT_OR_FORMULA__GRAPHIC
PAIR-0791,TXT-L-YTICK-015,GFX-U-CLOSED-1,TEXT_OR_FORMULA,GRAPHIC,TEXT_OR_FORMULA__GRAPHIC
PAIR-0792,TXT-L-YTICK-015,GFX-U-CLOSED-2,TEXT_OR_FORMULA,GRAPHIC,TEXT_OR_FORMULA__GRAPHIC
PAIR-0793,TXT-L-YTICK-015,GFX-U-CLOSED-3,TEXT_OR_FORMULA,GRAPHIC,TEXT_OR_FORMULA__GRAPHIC
PAIR-0794,TXT-L-YTICK-015,GFX-U-CLOSED-4,TEXT_OR_FORMULA,GRAPHIC,TEXT_OR_FORMULA__GRAPHIC
PAIR-0795,TXT-L-YTICK-015,GFX-U-OPEN-1,TEXT_OR_FORMULA,GRAPHIC,TEXT_OR_FORMULA__GRAPHIC
PAIR-0796,TXT-L-YTICK-015,GFX-U-OPEN-2,TEXT_OR_FORMULA,GRAPHIC,TEXT_OR_FORMULA__GRAPHIC
PAIR-0797,TXT-L-YTICK-015,GFX-U-OPEN-3,TEXT_OR_FORMULA,GRAPHIC,TEXT_OR_FORMULA__GRAPHIC
PAIR-0798,TXT-L-YTICK-015,GFX-U-OPEN-4,TEXT_OR_FORMULA,GRAPHIC,TEXT_OR_FORMULA__GRAPHIC
PAIR-0799,TXT-L-YTICK-015,GFX-U-GUIDE-Y100,TEXT_OR_FORMULA,GRAPHIC,TEXT_OR_FORMULA__GRAPHIC
PAIR-0800,TXT-L-YTICK-015,GFX-U-GUIDE-X1,TEXT_OR_FORMULA,GRAPHIC,TEXT_OR_FORMULA__GRAPHIC
PAIR-0801,TXT-L-YTICK-015,GFX-U-GUIDE-X2,TEXT_OR_FORMULA,GRAPHIC,TEXT_OR_FORMULA__GRAPHIC
PAIR-0802,TXT-L-YTICK-015,GFX-U-GUIDE-X3,TEXT_OR_FORMULA,GRAPHIC,TEXT_OR_FORMULA__GRAPHIC
PAIR-0803,TXT-L-YTICK-015,GFX-U-GUIDE-X4,TEXT_OR_FORMULA,GRAPHIC,TEXT_OR_FORMULA__GRAPHIC
PAIR-0804,TXT-L-YTICK-015,GFX-L-AXIS-X,TEXT_OR_FORMULA,GRAPHIC,TEXT_OR_FORMULA__GRAPHIC
PAIR-0805,TXT-L-YTICK-015,GFX-L-AXIS-Y,TEXT_OR_FORMULA,GRAPHIC,TEXT_OR_FORMULA__GRAPHIC
PAIR-0806,TXT-L-YTICK-015,GFX-L-XTICK-1,TEXT_OR_FORMULA,GRAPHIC,TEXT_OR_FORMULA__GRAPHIC
PAIR-0807,TXT-L-YTICK-015,GFX-L-XTICK-2,TEXT_OR_FORMULA,GRAPHIC,TEXT_OR_FORMULA__GRAPHIC
PAIR-0808,TXT-L-YTICK-015,GFX-L-XTICK-3,TEXT_OR_FORMULA,GRAPHIC,TEXT_OR_FORMULA__GRAPHIC
PAIR-0809,TXT-L-YTICK-015,GFX-L-XTICK-4,TEXT_OR_FORMULA,GRAPHIC,TEXT_OR_FORMULA__GRAPHIC
PAIR-0810,TXT-L-YTICK-015,GFX-L-YTICK-000,TEXT_OR_FORMULA,GRAPHIC,TEXT_OR_FORMULA__GRAPHIC
PAIR-0811,TXT-L-YTICK-015,GFX-L-YTICK-015,TEXT_OR_FORMULA,GRAPHIC,TEXT_OR_FORMULA__GRAPHIC
PAIR-0812,TXT-L-YTICK-015,GFX-L-YTICK-030,TEXT_OR_FORMULA,GRAPHIC,TEXT_OR_FORMULA__GRAPHIC
PAIR-0813,TXT-L-YTICK-015,GFX-L-YTICK-035,TEXT_OR_FORMULA,GRAPHIC,TEXT_OR_FORMULA__GRAPHIC
PAIR-0814,TXT-L-YTICK-015,GFX-L-PMF-STEM-1,TEXT_OR_FORMULA,GRAPHIC,TEXT_OR_FORMULA__GRAPHIC
PAIR-0815,TXT-L-YTICK-015,GFX-L-PMF-STEM-2,TEXT_OR_FORMULA,GRAPHIC,TEXT_OR_FORMULA__GRAPHIC
PAIR-0816,TXT-L-YTICK-015,GFX-L-PMF-STEM-3,TEXT_OR_FORMULA,GRAPHIC,TEXT_OR_FORMULA__GRAPHIC
PAIR-0817,TXT-L-YTICK-015,GFX-L-PMF-STEM-4,TEXT_OR_FORMULA,GRAPHIC,TEXT_OR_FORMULA__GRAPHIC
PAIR-0818,TXT-L-YTICK-015,GFX-L-PMF-MARK-1,TEXT_OR_FORMULA,GRAPHIC,TEXT_OR_FORMULA__GRAPHIC
PAIR-0819,TXT-L-YTICK-015,GFX-L-PMF-MARK-2,TEXT_OR_FORMULA,GRAPHIC,TEXT_OR_FORMULA__GRAPHIC
PAIR-0820,TXT-L-YTICK-015,GFX-L-PMF-MARK-3,TEXT_OR_FORMULA,GRAPHIC,TEXT_OR_FORMULA__GRAPHIC
PAIR-0821,TXT-L-YTICK-015,GFX-L-PMF-MARK-4,TEXT_OR_FORMULA,GRAPHIC,TEXT_OR_FORMULA__GRAPHIC
PAIR-0822,TXT-L-YTICK-015,GFX-L-GUIDE-X1,TEXT_OR_FORMULA,GRAPHIC,TEXT_OR_FORMULA__GRAPHIC
PAIR-0823,TXT-L-YTICK-015,GFX-L-GUIDE-X2,TEXT_OR_FORMULA,GRAPHIC,TEXT_OR_FORMULA__GRAPHIC
PAIR-0824,TXT-L-YTICK-015,GFX-L-GUIDE-X3,TEXT_OR_FORMULA,GRAPHIC,TEXT_OR_FORMULA__GRAPHIC
PAIR-0825,TXT-L-YTICK-015,GFX-L-GUIDE-X4,TEXT_OR_FORMULA,GRAPHIC,TEXT_OR_FORMULA__GRAPHIC
PAIR-0826,TXT-L-YTICK-000,TXT-L-XTICK-1,TEXT_OR_FORMULA,TEXT_OR_FORMULA,TEXT_OR_FORMULA__TEXT_OR_FORMULA
PAIR-0827,TXT-L-YTICK-000,TXT-L-XTICK-2,TEXT_OR_FORMULA,TEXT_OR_FORMULA,TEXT_OR_FORMULA__TEXT_OR_FORMULA
PAIR-0828,TXT-L-YTICK-000,TXT-L-XTICK-3,TEXT_OR_FORMULA,TEXT_OR_FORMULA,TEXT_OR_FORMULA__TEXT_OR_FORMULA
PAIR-0829,TXT-L-YTICK-000,TXT-L-XTICK-4,TEXT_OR_FORMULA,TEXT_OR_FORMULA,TEXT_OR_FORMULA__TEXT_OR_FORMULA
PAIR-0830,TXT-L-YTICK-000,TXT-L-XLABEL-T,TEXT_OR_FORMULA,TEXT_OR_FORMULA,TEXT_OR_FORMULA__TEXT_OR_FORMULA
PAIR-0831,TXT-L-YTICK-000,GFX-U-AXIS-X,TEXT_OR_FORMULA,GRAPHIC,TEXT_OR_FORMULA__GRAPHIC
PAIR-0832,TXT-L-YTICK-000,GFX-U-AXIS-Y,TEXT_OR_FORMULA,GRAPHIC,TEXT_OR_FORMULA__GRAPHIC
PAIR-0833,TXT-L-YTICK-000,GFX-U-YTICK-000,TEXT_OR_FORMULA,GRAPHIC,TEXT_OR_FORMULA__GRAPHIC
PAIR-0834,TXT-L-YTICK-000,GFX-U-YTICK-045,TEXT_OR_FORMULA,GRAPHIC,TEXT_OR_FORMULA__GRAPHIC
PAIR-0835,TXT-L-YTICK-000,GFX-U-YTICK-080,TEXT_OR_FORMULA,GRAPHIC,TEXT_OR_FORMULA__GRAPHIC
PAIR-0836,TXT-L-YTICK-000,GFX-U-YTICK-100,TEXT_OR_FORMULA,GRAPHIC,TEXT_OR_FORMULA__GRAPHIC
PAIR-0837,TXT-L-YTICK-000,GFX-U-CDF-CURVE,TEXT_OR_FORMULA,GRAPHIC,TEXT_OR_FORMULA__GRAPHIC
PAIR-0838,TXT-L-YTICK-000,GFX-U-CLOSED-1,TEXT_OR_FORMULA,GRAPHIC,TEXT_OR_FORMULA__GRAPHIC
PAIR-0839,TXT-L-YTICK-000,GFX-U-CLOSED-2,TEXT_OR_FORMULA,GRAPHIC,TEXT_OR_FORMULA__GRAPHIC
PAIR-0840,TXT-L-YTICK-000,GFX-U-CLOSED-3,TEXT_OR_FORMULA,GRAPHIC,TEXT_OR_FORMULA__GRAPHIC
PAIR-0841,TXT-L-YTICK-000,GFX-U-CLOSED-4,TEXT_OR_FORMULA,GRAPHIC,TEXT_OR_FORMULA__GRAPHIC
PAIR-0842,TXT-L-YTICK-000,GFX-U-OPEN-1,TEXT_OR_FORMULA,GRAPHIC,TEXT_OR_FORMULA__GRAPHIC
PAIR-0843,TXT-L-YTICK-000,GFX-U-OPEN-2,TEXT_OR_FORMULA,GRAPHIC,TEXT_OR_FORMULA__GRAPHIC
PAIR-0844,TXT-L-YTICK-000,GFX-U-OPEN-3,TEXT_OR_FORMULA,GRAPHIC,TEXT_OR_FORMULA__GRAPHIC
PAIR-0845,TXT-L-YTICK-000,GFX-U-OPEN-4,TEXT_OR_FORMULA,GRAPHIC,TEXT_OR_FORMULA__GRAPHIC
PAIR-0846,TXT-L-YTICK-000,GFX-U-GUIDE-Y100,TEXT_OR_FORMULA,GRAPHIC,TEXT_OR_FORMULA__GRAPHIC
PAIR-0847,TXT-L-YTICK-000,GFX-U-GUIDE-X1,TEXT_OR_FORMULA,GRAPHIC,TEXT_OR_FORMULA__GRAPHIC
PAIR-0848,TXT-L-YTICK-000,GFX-U-GUIDE-X2,TEXT_OR_FORMULA,GRAPHIC,TEXT_OR_FORMULA__GRAPHIC
PAIR-0849,TXT-L-YTICK-000,GFX-U-GUIDE-X3,TEXT_OR_FORMULA,GRAPHIC,TEXT_OR_FORMULA__GRAPHIC
PAIR-0850,TXT-L-YTICK-000,GFX-U-GUIDE-X4,TEXT_OR_FORMULA,GRAPHIC,TEXT_OR_FORMULA__GRAPHIC
PAIR-0851,TXT-L-YTICK-000,GFX-L-AXIS-X,TEXT_OR_FORMULA,GRAPHIC,TEXT_OR_FORMULA__GRAPHIC
PAIR-0852,TXT-L-YTICK-000,GFX-L-AXIS-Y,TEXT_OR_FORMULA,GRAPHIC,TEXT_OR_FORMULA__GRAPHIC
PAIR-0853,TXT-L-YTICK-000,GFX-L-XTICK-1,TEXT_OR_FORMULA,GRAPHIC,TEXT_OR_FORMULA__GRAPHIC
PAIR-0854,TXT-L-YTICK-000,GFX-L-XTICK-2,TEXT_OR_FORMULA,GRAPHIC,TEXT_OR_FORMULA__GRAPHIC
PAIR-0855,TXT-L-YTICK-000,GFX-L-XTICK-3,TEXT_OR_FORMULA,GRAPHIC,TEXT_OR_FORMULA__GRAPHIC
PAIR-0856,TXT-L-YTICK-000,GFX-L-XTICK-4,TEXT_OR_FORMULA,GRAPHIC,TEXT_OR_FORMULA__GRAPHIC
PAIR-0857,TXT-L-YTICK-000,GFX-L-YTICK-000,TEXT_OR_FORMULA,GRAPHIC,TEXT_OR_FORMULA__GRAPHIC
PAIR-0858,TXT-L-YTICK-000,GFX-L-YTICK-015,TEXT_OR_FORMULA,GRAPHIC,TEXT_OR_FORMULA__GRAPHIC
PAIR-0859,TXT-L-YTICK-000,GFX-L-YTICK-030,TEXT_OR_FORMULA,GRAPHIC,TEXT_OR_FORMULA__GRAPHIC
PAIR-0860,TXT-L-YTICK-000,GFX-L-YTICK-035,TEXT_OR_FORMULA,GRAPHIC,TEXT_OR_FORMULA__GRAPHIC
PAIR-0861,TXT-L-YTICK-000,GFX-L-PMF-STEM-1,TEXT_OR_FORMULA,GRAPHIC,TEXT_OR_FORMULA__GRAPHIC
PAIR-0862,TXT-L-YTICK-000,GFX-L-PMF-STEM-2,TEXT_OR_FORMULA,GRAPHIC,TEXT_OR_FORMULA__GRAPHIC
PAIR-0863,TXT-L-YTICK-000,GFX-L-PMF-STEM-3,TEXT_OR_FORMULA,GRAPHIC,TEXT_OR_FORMULA__GRAPHIC
PAIR-0864,TXT-L-YTICK-000,GFX-L-PMF-STEM-4,TEXT_OR_FORMULA,GRAPHIC,TEXT_OR_FORMULA__GRAPHIC
PAIR-0865,TXT-L-YTICK-000,GFX-L-PMF-MARK-1,TEXT_OR_FORMULA,GRAPHIC,TEXT_OR_FORMULA__GRAPHIC
PAIR-0866,TXT-L-YTICK-000,GFX-L-PMF-MARK-2,TEXT_OR_FORMULA,GRAPHIC,TEXT_OR_FORMULA__GRAPHIC
PAIR-0867,TXT-L-YTICK-000,GFX-L-PMF-MARK-3,TEXT_OR_FORMULA,GRAPHIC,TEXT_OR_FORMULA__GRAPHIC
PAIR-0868,TXT-L-YTICK-000,GFX-L-PMF-MARK-4,TEXT_OR_FORMULA,GRAPHIC,TEXT_OR_FORMULA__GRAPHIC
PAIR-0869,TXT-L-YTICK-000,GFX-L-GUIDE-X1,TEXT_OR_FORMULA,GRAPHIC,TEXT_OR_FORMULA__GRAPHIC
PAIR-0870,TXT-L-YTICK-000,GFX-L-GUIDE-X2,TEXT_OR_FORMULA,GRAPHIC,TEXT_OR_FORMULA__GRAPHIC
PAIR-0871,TXT-L-YTICK-000,GFX-L-GUIDE-X3,TEXT_OR_FORMULA,GRAPHIC,TEXT_OR_FORMULA__GRAPHIC
PAIR-0872,TXT-L-YTICK-000,GFX-L-GUIDE-X4,TEXT_OR_FORMULA,GRAPHIC,TEXT_OR_FORMULA__GRAPHIC
PAIR-0873,TXT-L-XTICK-1,TXT-L-XTICK-2,TEXT_OR_FORMULA,TEXT_OR_FORMULA,TEXT_OR_FORMULA__TEXT_OR_FORMULA
PAIR-0874,TXT-L-XTICK-1,TXT-L-XTICK-3,TEXT_OR_FORMULA,TEXT_OR_FORMULA,TEXT_OR_FORMULA__TEXT_OR_FORMULA
PAIR-0875,TXT-L-XTICK-1,TXT-L-XTICK-4,TEXT_OR_FORMULA,TEXT_OR_FORMULA,TEXT_OR_FORMULA__TEXT_OR_FORMULA
PAIR-0876,TXT-L-XTICK-1,TXT-L-XLABEL-T,TEXT_OR_FORMULA,TEXT_OR_FORMULA,TEXT_OR_FORMULA__TEXT_OR_FORMULA
PAIR-0877,TXT-L-XTICK-1,GFX-U-AXIS-X,TEXT_OR_FORMULA,GRAPHIC,TEXT_OR_FORMULA__GRAPHIC
PAIR-0878,TXT-L-XTICK-1,GFX-U-AXIS-Y,TEXT_OR_FORMULA,GRAPHIC,TEXT_OR_FORMULA__GRAPHIC
PAIR-0879,TXT-L-XTICK-1,GFX-U-YTICK-000,TEXT_OR_FORMULA,GRAPHIC,TEXT_OR_FORMULA__GRAPHIC
PAIR-0880,TXT-L-XTICK-1,GFX-U-YTICK-045,TEXT_OR_FORMULA,GRAPHIC,TEXT_OR_FORMULA__GRAPHIC
PAIR-0881,TXT-L-XTICK-1,GFX-U-YTICK-080,TEXT_OR_FORMULA,GRAPHIC,TEXT_OR_FORMULA__GRAPHIC
PAIR-0882,TXT-L-XTICK-1,GFX-U-YTICK-100,TEXT_OR_FORMULA,GRAPHIC,TEXT_OR_FORMULA__GRAPHIC
PAIR-0883,TXT-L-XTICK-1,GFX-U-CDF-CURVE,TEXT_OR_FORMULA,GRAPHIC,TEXT_OR_FORMULA__GRAPHIC
PAIR-0884,TXT-L-XTICK-1,GFX-U-CLOSED-1,TEXT_OR_FORMULA,GRAPHIC,TEXT_OR_FORMULA__GRAPHIC
PAIR-0885,TXT-L-XTICK-1,GFX-U-CLOSED-2,TEXT_OR_FORMULA,GRAPHIC,TEXT_OR_FORMULA__GRAPHIC
PAIR-0886,TXT-L-XTICK-1,GFX-U-CLOSED-3,TEXT_OR_FORMULA,GRAPHIC,TEXT_OR_FORMULA__GRAPHIC
PAIR-0887,TXT-L-XTICK-1,GFX-U-CLOSED-4,TEXT_OR_FORMULA,GRAPHIC,TEXT_OR_FORMULA__GRAPHIC
PAIR-0888,TXT-L-XTICK-1,GFX-U-OPEN-1,TEXT_OR_FORMULA,GRAPHIC,TEXT_OR_FORMULA__GRAPHIC
PAIR-0889,TXT-L-XTICK-1,GFX-U-OPEN-2,TEXT_OR_FORMULA,GRAPHIC,TEXT_OR_FORMULA__GRAPHIC
PAIR-0890,TXT-L-XTICK-1,GFX-U-OPEN-3,TEXT_OR_FORMULA,GRAPHIC,TEXT_OR_FORMULA__GRAPHIC
PAIR-0891,TXT-L-XTICK-1,GFX-U-OPEN-4,TEXT_OR_FORMULA,GRAPHIC,TEXT_OR_FORMULA__GRAPHIC
PAIR-0892,TXT-L-XTICK-1,GFX-U-GUIDE-Y100,TEXT_OR_FORMULA,GRAPHIC,TEXT_OR_FORMULA__GRAPHIC
PAIR-0893,TXT-L-XTICK-1,GFX-U-GUIDE-X1,TEXT_OR_FORMULA,GRAPHIC,TEXT_OR_FORMULA__GRAPHIC
PAIR-0894,TXT-L-XTICK-1,GFX-U-GUIDE-X2,TEXT_OR_FORMULA,GRAPHIC,TEXT_OR_FORMULA__GRAPHIC
PAIR-0895,TXT-L-XTICK-1,GFX-U-GUIDE-X3,TEXT_OR_FORMULA,GRAPHIC,TEXT_OR_FORMULA__GRAPHIC
PAIR-0896,TXT-L-XTICK-1,GFX-U-GUIDE-X4,TEXT_OR_FORMULA,GRAPHIC,TEXT_OR_FORMULA__GRAPHIC
PAIR-0897,TXT-L-XTICK-1,GFX-L-AXIS-X,TEXT_OR_FORMULA,GRAPHIC,TEXT_OR_FORMULA__GRAPHIC
PAIR-0898,TXT-L-XTICK-1,GFX-L-AXIS-Y,TEXT_OR_FORMULA,GRAPHIC,TEXT_OR_FORMULA__GRAPHIC
PAIR-0899,TXT-L-XTICK-1,GFX-L-XTICK-1,TEXT_OR_FORMULA,GRAPHIC,TEXT_OR_FORMULA__GRAPHIC
PAIR-0900,TXT-L-XTICK-1,GFX-L-XTICK-2,TEXT_OR_FORMULA,GRAPHIC,TEXT_OR_FORMULA__GRAPHIC
PAIR-0901,TXT-L-XTICK-1,GFX-L-XTICK-3,TEXT_OR_FORMULA,GRAPHIC,TEXT_OR_FORMULA__GRAPHIC
PAIR-0902,TXT-L-XTICK-1,GFX-L-XTICK-4,TEXT_OR_FORMULA,GRAPHIC,TEXT_OR_FORMULA__GRAPHIC
PAIR-0903,TXT-L-XTICK-1,GFX-L-YTICK-000,TEXT_OR_FORMULA,GRAPHIC,TEXT_OR_FORMULA__GRAPHIC
PAIR-0904,TXT-L-XTICK-1,GFX-L-YTICK-015,TEXT_OR_FORMULA,GRAPHIC,TEXT_OR_FORMULA__GRAPHIC
PAIR-0905,TXT-L-XTICK-1,GFX-L-YTICK-030,TEXT_OR_FORMULA,GRAPHIC,TEXT_OR_FORMULA__GRAPHIC
PAIR-0906,TXT-L-XTICK-1,GFX-L-YTICK-035,TEXT_OR_FORMULA,GRAPHIC,TEXT_OR_FORMULA__GRAPHIC
PAIR-0907,TXT-L-XTICK-1,GFX-L-PMF-STEM-1,TEXT_OR_FORMULA,GRAPHIC,TEXT_OR_FORMULA__GRAPHIC
PAIR-0908,TXT-L-XTICK-1,GFX-L-PMF-STEM-2,TEXT_OR_FORMULA,GRAPHIC,TEXT_OR_FORMULA__GRAPHIC
PAIR-0909,TXT-L-XTICK-1,GFX-L-PMF-STEM-3,TEXT_OR_FORMULA,GRAPHIC,TEXT_OR_FORMULA__GRAPHIC
PAIR-0910,TXT-L-XTICK-1,GFX-L-PMF-STEM-4,TEXT_OR_FORMULA,GRAPHIC,TEXT_OR_FORMULA__GRAPHIC
PAIR-0911,TXT-L-XTICK-1,GFX-L-PMF-MARK-1,TEXT_OR_FORMULA,GRAPHIC,TEXT_OR_FORMULA__GRAPHIC
PAIR-0912,TXT-L-XTICK-1,GFX-L-PMF-MARK-2,TEXT_OR_FORMULA,GRAPHIC,TEXT_OR_FORMULA__GRAPHIC
PAIR-0913,TXT-L-XTICK-1,GFX-L-PMF-MARK-3,TEXT_OR_FORMULA,GRAPHIC,TEXT_OR_FORMULA__GRAPHIC
PAIR-0914,TXT-L-XTICK-1,GFX-L-PMF-MARK-4,TEXT_OR_FORMULA,GRAPHIC,TEXT_OR_FORMULA__GRAPHIC
PAIR-0915,TXT-L-XTICK-1,GFX-L-GUIDE-X1,TEXT_OR_FORMULA,GRAPHIC,TEXT_OR_FORMULA__GRAPHIC
PAIR-0916,TXT-L-XTICK-1,GFX-L-GUIDE-X2,TEXT_OR_FORMULA,GRAPHIC,TEXT_OR_FORMULA__GRAPHIC
PAIR-0917,TXT-L-XTICK-1,GFX-L-GUIDE-X3,TEXT_OR_FORMULA,GRAPHIC,TEXT_OR_FORMULA__GRAPHIC
PAIR-0918,TXT-L-XTICK-1,GFX-L-GUIDE-X4,TEXT_OR_FORMULA,GRAPHIC,TEXT_OR_FORMULA__GRAPHIC
PAIR-0919,TXT-L-XTICK-2,TXT-L-XTICK-3,TEXT_OR_FORMULA,TEXT_OR_FORMULA,TEXT_OR_FORMULA__TEXT_OR_FORMULA
PAIR-0920,TXT-L-XTICK-2,TXT-L-XTICK-4,TEXT_OR_FORMULA,TEXT_OR_FORMULA,TEXT_OR_FORMULA__TEXT_OR_FORMULA
PAIR-0921,TXT-L-XTICK-2,TXT-L-XLABEL-T,TEXT_OR_FORMULA,TEXT_OR_FORMULA,TEXT_OR_FORMULA__TEXT_OR_FORMULA
PAIR-0922,TXT-L-XTICK-2,GFX-U-AXIS-X,TEXT_OR_FORMULA,GRAPHIC,TEXT_OR_FORMULA__GRAPHIC
PAIR-0923,TXT-L-XTICK-2,GFX-U-AXIS-Y,TEXT_OR_FORMULA,GRAPHIC,TEXT_OR_FORMULA__GRAPHIC
PAIR-0924,TXT-L-XTICK-2,GFX-U-YTICK-000,TEXT_OR_FORMULA,GRAPHIC,TEXT_OR_FORMULA__GRAPHIC
PAIR-0925,TXT-L-XTICK-2,GFX-U-YTICK-045,TEXT_OR_FORMULA,GRAPHIC,TEXT_OR_FORMULA__GRAPHIC
PAIR-0926,TXT-L-XTICK-2,GFX-U-YTICK-080,TEXT_OR_FORMULA,GRAPHIC,TEXT_OR_FORMULA__GRAPHIC
PAIR-0927,TXT-L-XTICK-2,GFX-U-YTICK-100,TEXT_OR_FORMULA,GRAPHIC,TEXT_OR_FORMULA__GRAPHIC
PAIR-0928,TXT-L-XTICK-2,GFX-U-CDF-CURVE,TEXT_OR_FORMULA,GRAPHIC,TEXT_OR_FORMULA__GRAPHIC
PAIR-0929,TXT-L-XTICK-2,GFX-U-CLOSED-1,TEXT_OR_FORMULA,GRAPHIC,TEXT_OR_FORMULA__GRAPHIC
PAIR-0930,TXT-L-XTICK-2,GFX-U-CLOSED-2,TEXT_OR_FORMULA,GRAPHIC,TEXT_OR_FORMULA__GRAPHIC
PAIR-0931,TXT-L-XTICK-2,GFX-U-CLOSED-3,TEXT_OR_FORMULA,GRAPHIC,TEXT_OR_FORMULA__GRAPHIC
PAIR-0932,TXT-L-XTICK-2,GFX-U-CLOSED-4,TEXT_OR_FORMULA,GRAPHIC,TEXT_OR_FORMULA__GRAPHIC
PAIR-0933,TXT-L-XTICK-2,GFX-U-OPEN-1,TEXT_OR_FORMULA,GRAPHIC,TEXT_OR_FORMULA__GRAPHIC
PAIR-0934,TXT-L-XTICK-2,GFX-U-OPEN-2,TEXT_OR_FORMULA,GRAPHIC,TEXT_OR_FORMULA__GRAPHIC
PAIR-0935,TXT-L-XTICK-2,GFX-U-OPEN-3,TEXT_OR_FORMULA,GRAPHIC,TEXT_OR_FORMULA__GRAPHIC
PAIR-0936,TXT-L-XTICK-2,GFX-U-OPEN-4,TEXT_OR_FORMULA,GRAPHIC,TEXT_OR_FORMULA__GRAPHIC
PAIR-0937,TXT-L-XTICK-2,GFX-U-GUIDE-Y100,TEXT_OR_FORMULA,GRAPHIC,TEXT_OR_FORMULA__GRAPHIC
PAIR-0938,TXT-L-XTICK-2,GFX-U-GUIDE-X1,TEXT_OR_FORMULA,GRAPHIC,TEXT_OR_FORMULA__GRAPHIC
PAIR-0939,TXT-L-XTICK-2,GFX-U-GUIDE-X2,TEXT_OR_FORMULA,GRAPHIC,TEXT_OR_FORMULA__GRAPHIC
PAIR-0940,TXT-L-XTICK-2,GFX-U-GUIDE-X3,TEXT_OR_FORMULA,GRAPHIC,TEXT_OR_FORMULA__GRAPHIC
PAIR-0941,TXT-L-XTICK-2,GFX-U-GUIDE-X4,TEXT_OR_FORMULA,GRAPHIC,TEXT_OR_FORMULA__GRAPHIC
PAIR-0942,TXT-L-XTICK-2,GFX-L-AXIS-X,TEXT_OR_FORMULA,GRAPHIC,TEXT_OR_FORMULA__GRAPHIC
PAIR-0943,TXT-L-XTICK-2,GFX-L-AXIS-Y,TEXT_OR_FORMULA,GRAPHIC,TEXT_OR_FORMULA__GRAPHIC
PAIR-0944,TXT-L-XTICK-2,GFX-L-XTICK-1,TEXT_OR_FORMULA,GRAPHIC,TEXT_OR_FORMULA__GRAPHIC
PAIR-0945,TXT-L-XTICK-2,GFX-L-XTICK-2,TEXT_OR_FORMULA,GRAPHIC,TEXT_OR_FORMULA__GRAPHIC
PAIR-0946,TXT-L-XTICK-2,GFX-L-XTICK-3,TEXT_OR_FORMULA,GRAPHIC,TEXT_OR_FORMULA__GRAPHIC
PAIR-0947,TXT-L-XTICK-2,GFX-L-XTICK-4,TEXT_OR_FORMULA,GRAPHIC,TEXT_OR_FORMULA__GRAPHIC
PAIR-0948,TXT-L-XTICK-2,GFX-L-YTICK-000,TEXT_OR_FORMULA,GRAPHIC,TEXT_OR_FORMULA__GRAPHIC
PAIR-0949,TXT-L-XTICK-2,GFX-L-YTICK-015,TEXT_OR_FORMULA,GRAPHIC,TEXT_OR_FORMULA__GRAPHIC
PAIR-0950,TXT-L-XTICK-2,GFX-L-YTICK-030,TEXT_OR_FORMULA,GRAPHIC,TEXT_OR_FORMULA__GRAPHIC
PAIR-0951,TXT-L-XTICK-2,GFX-L-YTICK-035,TEXT_OR_FORMULA,GRAPHIC,TEXT_OR_FORMULA__GRAPHIC
PAIR-0952,TXT-L-XTICK-2,GFX-L-PMF-STEM-1,TEXT_OR_FORMULA,GRAPHIC,TEXT_OR_FORMULA__GRAPHIC
PAIR-0953,TXT-L-XTICK-2,GFX-L-PMF-STEM-2,TEXT_OR_FORMULA,GRAPHIC,TEXT_OR_FORMULA__GRAPHIC
PAIR-0954,TXT-L-XTICK-2,GFX-L-PMF-STEM-3,TEXT_OR_FORMULA,GRAPHIC,TEXT_OR_FORMULA__GRAPHIC
PAIR-0955,TXT-L-XTICK-2,GFX-L-PMF-STEM-4,TEXT_OR_FORMULA,GRAPHIC,TEXT_OR_FORMULA__GRAPHIC
PAIR-0956,TXT-L-XTICK-2,GFX-L-PMF-MARK-1,TEXT_OR_FORMULA,GRAPHIC,TEXT_OR_FORMULA__GRAPHIC
PAIR-0957,TXT-L-XTICK-2,GFX-L-PMF-MARK-2,TEXT_OR_FORMULA,GRAPHIC,TEXT_OR_FORMULA__GRAPHIC
PAIR-0958,TXT-L-XTICK-2,GFX-L-PMF-MARK-3,TEXT_OR_FORMULA,GRAPHIC,TEXT_OR_FORMULA__GRAPHIC
PAIR-0959,TXT-L-XTICK-2,GFX-L-PMF-MARK-4,TEXT_OR_FORMULA,GRAPHIC,TEXT_OR_FORMULA__GRAPHIC
PAIR-0960,TXT-L-XTICK-2,GFX-L-GUIDE-X1,TEXT_OR_FORMULA,GRAPHIC,TEXT_OR_FORMULA__GRAPHIC
PAIR-0961,TXT-L-XTICK-2,GFX-L-GUIDE-X2,TEXT_OR_FORMULA,GRAPHIC,TEXT_OR_FORMULA__GRAPHIC
PAIR-0962,TXT-L-XTICK-2,GFX-L-GUIDE-X3,TEXT_OR_FORMULA,GRAPHIC,TEXT_OR_FORMULA__GRAPHIC
PAIR-0963,TXT-L-XTICK-2,GFX-L-GUIDE-X4,TEXT_OR_FORMULA,GRAPHIC,TEXT_OR_FORMULA__GRAPHIC
PAIR-0964,TXT-L-XTICK-3,TXT-L-XTICK-4,TEXT_OR_FORMULA,TEXT_OR_FORMULA,TEXT_OR_FORMULA__TEXT_OR_FORMULA
PAIR-0965,TXT-L-XTICK-3,TXT-L-XLABEL-T,TEXT_OR_FORMULA,TEXT_OR_FORMULA,TEXT_OR_FORMULA__TEXT_OR_FORMULA
PAIR-0966,TXT-L-XTICK-3,GFX-U-AXIS-X,TEXT_OR_FORMULA,GRAPHIC,TEXT_OR_FORMULA__GRAPHIC
PAIR-0967,TXT-L-XTICK-3,GFX-U-AXIS-Y,TEXT_OR_FORMULA,GRAPHIC,TEXT_OR_FORMULA__GRAPHIC
PAIR-0968,TXT-L-XTICK-3,GFX-U-YTICK-000,TEXT_OR_FORMULA,GRAPHIC,TEXT_OR_FORMULA__GRAPHIC
PAIR-0969,TXT-L-XTICK-3,GFX-U-YTICK-045,TEXT_OR_FORMULA,GRAPHIC,TEXT_OR_FORMULA__GRAPHIC
PAIR-0970,TXT-L-XTICK-3,GFX-U-YTICK-080,TEXT_OR_FORMULA,GRAPHIC,TEXT_OR_FORMULA__GRAPHIC
PAIR-0971,TXT-L-XTICK-3,GFX-U-YTICK-100,TEXT_OR_FORMULA,GRAPHIC,TEXT_OR_FORMULA__GRAPHIC
PAIR-0972,TXT-L-XTICK-3,GFX-U-CDF-CURVE,TEXT_OR_FORMULA,GRAPHIC,TEXT_OR_FORMULA__GRAPHIC
PAIR-0973,TXT-L-XTICK-3,GFX-U-CLOSED-1,TEXT_OR_FORMULA,GRAPHIC,TEXT_OR_FORMULA__GRAPHIC
PAIR-0974,TXT-L-XTICK-3,GFX-U-CLOSED-2,TEXT_OR_FORMULA,GRAPHIC,TEXT_OR_FORMULA__GRAPHIC
PAIR-0975,TXT-L-XTICK-3,GFX-U-CLOSED-3,TEXT_OR_FORMULA,GRAPHIC,TEXT_OR_FORMULA__GRAPHIC
PAIR-0976,TXT-L-XTICK-3,GFX-U-CLOSED-4,TEXT_OR_FORMULA,GRAPHIC,TEXT_OR_FORMULA__GRAPHIC
PAIR-0977,TXT-L-XTICK-3,GFX-U-OPEN-1,TEXT_OR_FORMULA,GRAPHIC,TEXT_OR_FORMULA__GRAPHIC
PAIR-0978,TXT-L-XTICK-3,GFX-U-OPEN-2,TEXT_OR_FORMULA,GRAPHIC,TEXT_OR_FORMULA__GRAPHIC
PAIR-0979,TXT-L-XTICK-3,GFX-U-OPEN-3,TEXT_OR_FORMULA,GRAPHIC,TEXT_OR_FORMULA__GRAPHIC
PAIR-0980,TXT-L-XTICK-3,GFX-U-OPEN-4,TEXT_OR_FORMULA,GRAPHIC,TEXT_OR_FORMULA__GRAPHIC
PAIR-0981,TXT-L-XTICK-3,GFX-U-GUIDE-Y100,TEXT_OR_FORMULA,GRAPHIC,TEXT_OR_FORMULA__GRAPHIC
PAIR-0982,TXT-L-XTICK-3,GFX-U-GUIDE-X1,TEXT_OR_FORMULA,GRAPHIC,TEXT_OR_FORMULA__GRAPHIC
PAIR-0983,TXT-L-XTICK-3,GFX-U-GUIDE-X2,TEXT_OR_FORMULA,GRAPHIC,TEXT_OR_FORMULA__GRAPHIC
PAIR-0984,TXT-L-XTICK-3,GFX-U-GUIDE-X3,TEXT_OR_FORMULA,GRAPHIC,TEXT_OR_FORMULA__GRAPHIC
PAIR-0985,TXT-L-XTICK-3,GFX-U-GUIDE-X4,TEXT_OR_FORMULA,GRAPHIC,TEXT_OR_FORMULA__GRAPHIC
PAIR-0986,TXT-L-XTICK-3,GFX-L-AXIS-X,TEXT_OR_FORMULA,GRAPHIC,TEXT_OR_FORMULA__GRAPHIC
PAIR-0987,TXT-L-XTICK-3,GFX-L-AXIS-Y,TEXT_OR_FORMULA,GRAPHIC,TEXT_OR_FORMULA__GRAPHIC
PAIR-0988,TXT-L-XTICK-3,GFX-L-XTICK-1,TEXT_OR_FORMULA,GRAPHIC,TEXT_OR_FORMULA__GRAPHIC
PAIR-0989,TXT-L-XTICK-3,GFX-L-XTICK-2,TEXT_OR_FORMULA,GRAPHIC,TEXT_OR_FORMULA__GRAPHIC
PAIR-0990,TXT-L-XTICK-3,GFX-L-XTICK-3,TEXT_OR_FORMULA,GRAPHIC,TEXT_OR_FORMULA__GRAPHIC
PAIR-0991,TXT-L-XTICK-3,GFX-L-XTICK-4,TEXT_OR_FORMULA,GRAPHIC,TEXT_OR_FORMULA__GRAPHIC
PAIR-0992,TXT-L-XTICK-3,GFX-L-YTICK-000,TEXT_OR_FORMULA,GRAPHIC,TEXT_OR_FORMULA__GRAPHIC
PAIR-0993,TXT-L-XTICK-3,GFX-L-YTICK-015,TEXT_OR_FORMULA,GRAPHIC,TEXT_OR_FORMULA__GRAPHIC
PAIR-0994,TXT-L-XTICK-3,GFX-L-YTICK-030,TEXT_OR_FORMULA,GRAPHIC,TEXT_OR_FORMULA__GRAPHIC
PAIR-0995,TXT-L-XTICK-3,GFX-L-YTICK-035,TEXT_OR_FORMULA,GRAPHIC,TEXT_OR_FORMULA__GRAPHIC
PAIR-0996,TXT-L-XTICK-3,GFX-L-PMF-STEM-1,TEXT_OR_FORMULA,GRAPHIC,TEXT_OR_FORMULA__GRAPHIC
PAIR-0997,TXT-L-XTICK-3,GFX-L-PMF-STEM-2,TEXT_OR_FORMULA,GRAPHIC,TEXT_OR_FORMULA__GRAPHIC
PAIR-0998,TXT-L-XTICK-3,GFX-L-PMF-STEM-3,TEXT_OR_FORMULA,GRAPHIC,TEXT_OR_FORMULA__GRAPHIC
PAIR-0999,TXT-L-XTICK-3,GFX-L-PMF-STEM-4,TEXT_OR_FORMULA,GRAPHIC,TEXT_OR_FORMULA__GRAPHIC
PAIR-1000,TXT-L-XTICK-3,GFX-L-PMF-MARK-1,TEXT_OR_FORMULA,GRAPHIC,TEXT_OR_FORMULA__GRAPHIC
PAIR-1001,TXT-L-XTICK-3,GFX-L-PMF-MARK-2,TEXT_OR_FORMULA,GRAPHIC,TEXT_OR_FORMULA__GRAPHIC
PAIR-1002,TXT-L-XTICK-3,GFX-L-PMF-MARK-3,TEXT_OR_FORMULA,GRAPHIC,TEXT_OR_FORMULA__GRAPHIC
PAIR-1003,TXT-L-XTICK-3,GFX-L-PMF-MARK-4,TEXT_OR_FORMULA,GRAPHIC,TEXT_OR_FORMULA__GRAPHIC
PAIR-1004,TXT-L-XTICK-3,GFX-L-GUIDE-X1,TEXT_OR_FORMULA,GRAPHIC,TEXT_OR_FORMULA__GRAPHIC
PAIR-1005,TXT-L-XTICK-3,GFX-L-GUIDE-X2,TEXT_OR_FORMULA,GRAPHIC,TEXT_OR_FORMULA__GRAPHIC
PAIR-1006,TXT-L-XTICK-3,GFX-L-GUIDE-X3,TEXT_OR_FORMULA,GRAPHIC,TEXT_OR_FORMULA__GRAPHIC
PAIR-1007,TXT-L-XTICK-3,GFX-L-GUIDE-X4,TEXT_OR_FORMULA,GRAPHIC,TEXT_OR_FORMULA__GRAPHIC
PAIR-1008,TXT-L-XTICK-4,TXT-L-XLABEL-T,TEXT_OR_FORMULA,TEXT_OR_FORMULA,TEXT_OR_FORMULA__TEXT_OR_FORMULA
PAIR-1009,TXT-L-XTICK-4,GFX-U-AXIS-X,TEXT_OR_FORMULA,GRAPHIC,TEXT_OR_FORMULA__GRAPHIC
PAIR-1010,TXT-L-XTICK-4,GFX-U-AXIS-Y,TEXT_OR_FORMULA,GRAPHIC,TEXT_OR_FORMULA__GRAPHIC
PAIR-1011,TXT-L-XTICK-4,GFX-U-YTICK-000,TEXT_OR_FORMULA,GRAPHIC,TEXT_OR_FORMULA__GRAPHIC
PAIR-1012,TXT-L-XTICK-4,GFX-U-YTICK-045,TEXT_OR_FORMULA,GRAPHIC,TEXT_OR_FORMULA__GRAPHIC
PAIR-1013,TXT-L-XTICK-4,GFX-U-YTICK-080,TEXT_OR_FORMULA,GRAPHIC,TEXT_OR_FORMULA__GRAPHIC
PAIR-1014,TXT-L-XTICK-4,GFX-U-YTICK-100,TEXT_OR_FORMULA,GRAPHIC,TEXT_OR_FORMULA__GRAPHIC
PAIR-1015,TXT-L-XTICK-4,GFX-U-CDF-CURVE,TEXT_OR_FORMULA,GRAPHIC,TEXT_OR_FORMULA__GRAPHIC
PAIR-1016,TXT-L-XTICK-4,GFX-U-CLOSED-1,TEXT_OR_FORMULA,GRAPHIC,TEXT_OR_FORMULA__GRAPHIC
PAIR-1017,TXT-L-XTICK-4,GFX-U-CLOSED-2,TEXT_OR_FORMULA,GRAPHIC,TEXT_OR_FORMULA__GRAPHIC
PAIR-1018,TXT-L-XTICK-4,GFX-U-CLOSED-3,TEXT_OR_FORMULA,GRAPHIC,TEXT_OR_FORMULA__GRAPHIC
PAIR-1019,TXT-L-XTICK-4,GFX-U-CLOSED-4,TEXT_OR_FORMULA,GRAPHIC,TEXT_OR_FORMULA__GRAPHIC
PAIR-1020,TXT-L-XTICK-4,GFX-U-OPEN-1,TEXT_OR_FORMULA,GRAPHIC,TEXT_OR_FORMULA__GRAPHIC
PAIR-1021,TXT-L-XTICK-4,GFX-U-OPEN-2,TEXT_OR_FORMULA,GRAPHIC,TEXT_OR_FORMULA__GRAPHIC
PAIR-1022,TXT-L-XTICK-4,GFX-U-OPEN-3,TEXT_OR_FORMULA,GRAPHIC,TEXT_OR_FORMULA__GRAPHIC
PAIR-1023,TXT-L-XTICK-4,GFX-U-OPEN-4,TEXT_OR_FORMULA,GRAPHIC,TEXT_OR_FORMULA__GRAPHIC
PAIR-1024,TXT-L-XTICK-4,GFX-U-GUIDE-Y100,TEXT_OR_FORMULA,GRAPHIC,TEXT_OR_FORMULA__GRAPHIC
PAIR-1025,TXT-L-XTICK-4,GFX-U-GUIDE-X1,TEXT_OR_FORMULA,GRAPHIC,TEXT_OR_FORMULA__GRAPHIC
PAIR-1026,TXT-L-XTICK-4,GFX-U-GUIDE-X2,TEXT_OR_FORMULA,GRAPHIC,TEXT_OR_FORMULA__GRAPHIC
PAIR-1027,TXT-L-XTICK-4,GFX-U-GUIDE-X3,TEXT_OR_FORMULA,GRAPHIC,TEXT_OR_FORMULA__GRAPHIC
PAIR-1028,TXT-L-XTICK-4,GFX-U-GUIDE-X4,TEXT_OR_FORMULA,GRAPHIC,TEXT_OR_FORMULA__GRAPHIC
PAIR-1029,TXT-L-XTICK-4,GFX-L-AXIS-X,TEXT_OR_FORMULA,GRAPHIC,TEXT_OR_FORMULA__GRAPHIC
PAIR-1030,TXT-L-XTICK-4,GFX-L-AXIS-Y,TEXT_OR_FORMULA,GRAPHIC,TEXT_OR_FORMULA__GRAPHIC
PAIR-1031,TXT-L-XTICK-4,GFX-L-XTICK-1,TEXT_OR_FORMULA,GRAPHIC,TEXT_OR_FORMULA__GRAPHIC
PAIR-1032,TXT-L-XTICK-4,GFX-L-XTICK-2,TEXT_OR_FORMULA,GRAPHIC,TEXT_OR_FORMULA__GRAPHIC
PAIR-1033,TXT-L-XTICK-4,GFX-L-XTICK-3,TEXT_OR_FORMULA,GRAPHIC,TEXT_OR_FORMULA__GRAPHIC
PAIR-1034,TXT-L-XTICK-4,GFX-L-XTICK-4,TEXT_OR_FORMULA,GRAPHIC,TEXT_OR_FORMULA__GRAPHIC
PAIR-1035,TXT-L-XTICK-4,GFX-L-YTICK-000,TEXT_OR_FORMULA,GRAPHIC,TEXT_OR_FORMULA__GRAPHIC
PAIR-1036,TXT-L-XTICK-4,GFX-L-YTICK-015,TEXT_OR_FORMULA,GRAPHIC,TEXT_OR_FORMULA__GRAPHIC
PAIR-1037,TXT-L-XTICK-4,GFX-L-YTICK-030,TEXT_OR_FORMULA,GRAPHIC,TEXT_OR_FORMULA__GRAPHIC
PAIR-1038,TXT-L-XTICK-4,GFX-L-YTICK-035,TEXT_OR_FORMULA,GRAPHIC,TEXT_OR_FORMULA__GRAPHIC
PAIR-1039,TXT-L-XTICK-4,GFX-L-PMF-STEM-1,TEXT_OR_FORMULA,GRAPHIC,TEXT_OR_FORMULA__GRAPHIC
PAIR-1040,TXT-L-XTICK-4,GFX-L-PMF-STEM-2,TEXT_OR_FORMULA,GRAPHIC,TEXT_OR_FORMULA__GRAPHIC
PAIR-1041,TXT-L-XTICK-4,GFX-L-PMF-STEM-3,TEXT_OR_FORMULA,GRAPHIC,TEXT_OR_FORMULA__GRAPHIC
PAIR-1042,TXT-L-XTICK-4,GFX-L-PMF-STEM-4,TEXT_OR_FORMULA,GRAPHIC,TEXT_OR_FORMULA__GRAPHIC
PAIR-1043,TXT-L-XTICK-4,GFX-L-PMF-MARK-1,TEXT_OR_FORMULA,GRAPHIC,TEXT_OR_FORMULA__GRAPHIC
PAIR-1044,TXT-L-XTICK-4,GFX-L-PMF-MARK-2,TEXT_OR_FORMULA,GRAPHIC,TEXT_OR_FORMULA__GRAPHIC
PAIR-1045,TXT-L-XTICK-4,GFX-L-PMF-MARK-3,TEXT_OR_FORMULA,GRAPHIC,TEXT_OR_FORMULA__GRAPHIC
PAIR-1046,TXT-L-XTICK-4,GFX-L-PMF-MARK-4,TEXT_OR_FORMULA,GRAPHIC,TEXT_OR_FORMULA__GRAPHIC
PAIR-1047,TXT-L-XTICK-4,GFX-L-GUIDE-X1,TEXT_OR_FORMULA,GRAPHIC,TEXT_OR_FORMULA__GRAPHIC
PAIR-1048,TXT-L-XTICK-4,GFX-L-GUIDE-X2,TEXT_OR_FORMULA,GRAPHIC,TEXT_OR_FORMULA__GRAPHIC
PAIR-1049,TXT-L-XTICK-4,GFX-L-GUIDE-X3,TEXT_OR_FORMULA,GRAPHIC,TEXT_OR_FORMULA__GRAPHIC
PAIR-1050,TXT-L-XTICK-4,GFX-L-GUIDE-X4,TEXT_OR_FORMULA,GRAPHIC,TEXT_OR_FORMULA__GRAPHIC
PAIR-1051,TXT-L-XLABEL-T,GFX-U-AXIS-X,TEXT_OR_FORMULA,GRAPHIC,TEXT_OR_FORMULA__GRAPHIC
PAIR-1052,TXT-L-XLABEL-T,GFX-U-AXIS-Y,TEXT_OR_FORMULA,GRAPHIC,TEXT_OR_FORMULA__GRAPHIC
PAIR-1053,TXT-L-XLABEL-T,GFX-U-YTICK-000,TEXT_OR_FORMULA,GRAPHIC,TEXT_OR_FORMULA__GRAPHIC
PAIR-1054,TXT-L-XLABEL-T,GFX-U-YTICK-045,TEXT_OR_FORMULA,GRAPHIC,TEXT_OR_FORMULA__GRAPHIC
PAIR-1055,TXT-L-XLABEL-T,GFX-U-YTICK-080,TEXT_OR_FORMULA,GRAPHIC,TEXT_OR_FORMULA__GRAPHIC
PAIR-1056,TXT-L-XLABEL-T,GFX-U-YTICK-100,TEXT_OR_FORMULA,GRAPHIC,TEXT_OR_FORMULA__GRAPHIC
PAIR-1057,TXT-L-XLABEL-T,GFX-U-CDF-CURVE,TEXT_OR_FORMULA,GRAPHIC,TEXT_OR_FORMULA__GRAPHIC
PAIR-1058,TXT-L-XLABEL-T,GFX-U-CLOSED-1,TEXT_OR_FORMULA,GRAPHIC,TEXT_OR_FORMULA__GRAPHIC
PAIR-1059,TXT-L-XLABEL-T,GFX-U-CLOSED-2,TEXT_OR_FORMULA,GRAPHIC,TEXT_OR_FORMULA__GRAPHIC
PAIR-1060,TXT-L-XLABEL-T,GFX-U-CLOSED-3,TEXT_OR_FORMULA,GRAPHIC,TEXT_OR_FORMULA__GRAPHIC
PAIR-1061,TXT-L-XLABEL-T,GFX-U-CLOSED-4,TEXT_OR_FORMULA,GRAPHIC,TEXT_OR_FORMULA__GRAPHIC
PAIR-1062,TXT-L-XLABEL-T,GFX-U-OPEN-1,TEXT_OR_FORMULA,GRAPHIC,TEXT_OR_FORMULA__GRAPHIC
PAIR-1063,TXT-L-XLABEL-T,GFX-U-OPEN-2,TEXT_OR_FORMULA,GRAPHIC,TEXT_OR_FORMULA__GRAPHIC
PAIR-1064,TXT-L-XLABEL-T,GFX-U-OPEN-3,TEXT_OR_FORMULA,GRAPHIC,TEXT_OR_FORMULA__GRAPHIC
PAIR-1065,TXT-L-XLABEL-T,GFX-U-OPEN-4,TEXT_OR_FORMULA,GRAPHIC,TEXT_OR_FORMULA__GRAPHIC
PAIR-1066,TXT-L-XLABEL-T,GFX-U-GUIDE-Y100,TEXT_OR_FORMULA,GRAPHIC,TEXT_OR_FORMULA__GRAPHIC
PAIR-1067,TXT-L-XLABEL-T,GFX-U-GUIDE-X1,TEXT_OR_FORMULA,GRAPHIC,TEXT_OR_FORMULA__GRAPHIC
PAIR-1068,TXT-L-XLABEL-T,GFX-U-GUIDE-X2,TEXT_OR_FORMULA,GRAPHIC,TEXT_OR_FORMULA__GRAPHIC
PAIR-1069,TXT-L-XLABEL-T,GFX-U-GUIDE-X3,TEXT_OR_FORMULA,GRAPHIC,TEXT_OR_FORMULA__GRAPHIC
PAIR-1070,TXT-L-XLABEL-T,GFX-U-GUIDE-X4,TEXT_OR_FORMULA,GRAPHIC,TEXT_OR_FORMULA__GRAPHIC
PAIR-1071,TXT-L-XLABEL-T,GFX-L-AXIS-X,TEXT_OR_FORMULA,GRAPHIC,TEXT_OR_FORMULA__GRAPHIC
PAIR-1072,TXT-L-XLABEL-T,GFX-L-AXIS-Y,TEXT_OR_FORMULA,GRAPHIC,TEXT_OR_FORMULA__GRAPHIC
PAIR-1073,TXT-L-XLABEL-T,GFX-L-XTICK-1,TEXT_OR_FORMULA,GRAPHIC,TEXT_OR_FORMULA__GRAPHIC
PAIR-1074,TXT-L-XLABEL-T,GFX-L-XTICK-2,TEXT_OR_FORMULA,GRAPHIC,TEXT_OR_FORMULA__GRAPHIC
PAIR-1075,TXT-L-XLABEL-T,GFX-L-XTICK-3,TEXT_OR_FORMULA,GRAPHIC,TEXT_OR_FORMULA__GRAPHIC
PAIR-1076,TXT-L-XLABEL-T,GFX-L-XTICK-4,TEXT_OR_FORMULA,GRAPHIC,TEXT_OR_FORMULA__GRAPHIC
PAIR-1077,TXT-L-XLABEL-T,GFX-L-YTICK-000,TEXT_OR_FORMULA,GRAPHIC,TEXT_OR_FORMULA__GRAPHIC
PAIR-1078,TXT-L-XLABEL-T,GFX-L-YTICK-015,TEXT_OR_FORMULA,GRAPHIC,TEXT_OR_FORMULA__GRAPHIC
PAIR-1079,TXT-L-XLABEL-T,GFX-L-YTICK-030,TEXT_OR_FORMULA,GRAPHIC,TEXT_OR_FORMULA__GRAPHIC
PAIR-1080,TXT-L-XLABEL-T,GFX-L-YTICK-035,TEXT_OR_FORMULA,GRAPHIC,TEXT_OR_FORMULA__GRAPHIC
PAIR-1081,TXT-L-XLABEL-T,GFX-L-PMF-STEM-1,TEXT_OR_FORMULA,GRAPHIC,TEXT_OR_FORMULA__GRAPHIC
PAIR-1082,TXT-L-XLABEL-T,GFX-L-PMF-STEM-2,TEXT_OR_FORMULA,GRAPHIC,TEXT_OR_FORMULA__GRAPHIC
PAIR-1083,TXT-L-XLABEL-T,GFX-L-PMF-STEM-3,TEXT_OR_FORMULA,GRAPHIC,TEXT_OR_FORMULA__GRAPHIC
PAIR-1084,TXT-L-XLABEL-T,GFX-L-PMF-STEM-4,TEXT_OR_FORMULA,GRAPHIC,TEXT_OR_FORMULA__GRAPHIC
PAIR-1085,TXT-L-XLABEL-T,GFX-L-PMF-MARK-1,TEXT_OR_FORMULA,GRAPHIC,TEXT_OR_FORMULA__GRAPHIC
PAIR-1086,TXT-L-XLABEL-T,GFX-L-PMF-MARK-2,TEXT_OR_FORMULA,GRAPHIC,TEXT_OR_FORMULA__GRAPHIC
PAIR-1087,TXT-L-XLABEL-T,GFX-L-PMF-MARK-3,TEXT_OR_FORMULA,GRAPHIC,TEXT_OR_FORMULA__GRAPHIC
PAIR-1088,TXT-L-XLABEL-T,GFX-L-PMF-MARK-4,TEXT_OR_FORMULA,GRAPHIC,TEXT_OR_FORMULA__GRAPHIC
PAIR-1089,TXT-L-XLABEL-T,GFX-L-GUIDE-X1,TEXT_OR_FORMULA,GRAPHIC,TEXT_OR_FORMULA__GRAPHIC
PAIR-1090,TXT-L-XLABEL-T,GFX-L-GUIDE-X2,TEXT_OR_FORMULA,GRAPHIC,TEXT_OR_FORMULA__GRAPHIC
PAIR-1091,TXT-L-XLABEL-T,GFX-L-GUIDE-X3,TEXT_OR_FORMULA,GRAPHIC,TEXT_OR_FORMULA__GRAPHIC
PAIR-1092,TXT-L-XLABEL-T,GFX-L-GUIDE-X4,TEXT_OR_FORMULA,GRAPHIC,TEXT_OR_FORMULA__GRAPHIC
PAIR-1093,GFX-U-AXIS-X,GFX-U-AXIS-Y,GRAPHIC,GRAPHIC,GRAPHIC__GRAPHIC
PAIR-1094,GFX-U-AXIS-X,GFX-U-YTICK-000,GRAPHIC,GRAPHIC,GRAPHIC__GRAPHIC
PAIR-1095,GFX-U-AXIS-X,GFX-U-YTICK-045,GRAPHIC,GRAPHIC,GRAPHIC__GRAPHIC
PAIR-1096,GFX-U-AXIS-X,GFX-U-YTICK-080,GRAPHIC,GRAPHIC,GRAPHIC__GRAPHIC
PAIR-1097,GFX-U-AXIS-X,GFX-U-YTICK-100,GRAPHIC,GRAPHIC,GRAPHIC__GRAPHIC
PAIR-1098,GFX-U-AXIS-X,GFX-U-CDF-CURVE,GRAPHIC,GRAPHIC,GRAPHIC__GRAPHIC
PAIR-1099,GFX-U-AXIS-X,GFX-U-CLOSED-1,GRAPHIC,GRAPHIC,GRAPHIC__GRAPHIC
PAIR-1100,GFX-U-AXIS-X,GFX-U-CLOSED-2,GRAPHIC,GRAPHIC,GRAPHIC__GRAPHIC
PAIR-1101,GFX-U-AXIS-X,GFX-U-CLOSED-3,GRAPHIC,GRAPHIC,GRAPHIC__GRAPHIC
PAIR-1102,GFX-U-AXIS-X,GFX-U-CLOSED-4,GRAPHIC,GRAPHIC,GRAPHIC__GRAPHIC
PAIR-1103,GFX-U-AXIS-X,GFX-U-OPEN-1,GRAPHIC,GRAPHIC,GRAPHIC__GRAPHIC
PAIR-1104,GFX-U-AXIS-X,GFX-U-OPEN-2,GRAPHIC,GRAPHIC,GRAPHIC__GRAPHIC
PAIR-1105,GFX-U-AXIS-X,GFX-U-OPEN-3,GRAPHIC,GRAPHIC,GRAPHIC__GRAPHIC
PAIR-1106,GFX-U-AXIS-X,GFX-U-OPEN-4,GRAPHIC,GRAPHIC,GRAPHIC__GRAPHIC
PAIR-1107,GFX-U-AXIS-X,GFX-U-GUIDE-Y100,GRAPHIC,GRAPHIC,GRAPHIC__GRAPHIC
PAIR-1108,GFX-U-AXIS-X,GFX-U-GUIDE-X1,GRAPHIC,GRAPHIC,GRAPHIC__GRAPHIC
PAIR-1109,GFX-U-AXIS-X,GFX-U-GUIDE-X2,GRAPHIC,GRAPHIC,GRAPHIC__GRAPHIC
PAIR-1110,GFX-U-AXIS-X,GFX-U-GUIDE-X3,GRAPHIC,GRAPHIC,GRAPHIC__GRAPHIC
PAIR-1111,GFX-U-AXIS-X,GFX-U-GUIDE-X4,GRAPHIC,GRAPHIC,GRAPHIC__GRAPHIC
PAIR-1112,GFX-U-AXIS-X,GFX-L-AXIS-X,GRAPHIC,GRAPHIC,GRAPHIC__GRAPHIC
PAIR-1113,GFX-U-AXIS-X,GFX-L-AXIS-Y,GRAPHIC,GRAPHIC,GRAPHIC__GRAPHIC
PAIR-1114,GFX-U-AXIS-X,GFX-L-XTICK-1,GRAPHIC,GRAPHIC,GRAPHIC__GRAPHIC
PAIR-1115,GFX-U-AXIS-X,GFX-L-XTICK-2,GRAPHIC,GRAPHIC,GRAPHIC__GRAPHIC
PAIR-1116,GFX-U-AXIS-X,GFX-L-XTICK-3,GRAPHIC,GRAPHIC,GRAPHIC__GRAPHIC
PAIR-1117,GFX-U-AXIS-X,GFX-L-XTICK-4,GRAPHIC,GRAPHIC,GRAPHIC__GRAPHIC
PAIR-1118,GFX-U-AXIS-X,GFX-L-YTICK-000,GRAPHIC,GRAPHIC,GRAPHIC__GRAPHIC
PAIR-1119,GFX-U-AXIS-X,GFX-L-YTICK-015,GRAPHIC,GRAPHIC,GRAPHIC__GRAPHIC
PAIR-1120,GFX-U-AXIS-X,GFX-L-YTICK-030,GRAPHIC,GRAPHIC,GRAPHIC__GRAPHIC
PAIR-1121,GFX-U-AXIS-X,GFX-L-YTICK-035,GRAPHIC,GRAPHIC,GRAPHIC__GRAPHIC
PAIR-1122,GFX-U-AXIS-X,GFX-L-PMF-STEM-1,GRAPHIC,GRAPHIC,GRAPHIC__GRAPHIC
PAIR-1123,GFX-U-AXIS-X,GFX-L-PMF-STEM-2,GRAPHIC,GRAPHIC,GRAPHIC__GRAPHIC
PAIR-1124,GFX-U-AXIS-X,GFX-L-PMF-STEM-3,GRAPHIC,GRAPHIC,GRAPHIC__GRAPHIC
PAIR-1125,GFX-U-AXIS-X,GFX-L-PMF-STEM-4,GRAPHIC,GRAPHIC,GRAPHIC__GRAPHIC
PAIR-1126,GFX-U-AXIS-X,GFX-L-PMF-MARK-1,GRAPHIC,GRAPHIC,GRAPHIC__GRAPHIC
PAIR-1127,GFX-U-AXIS-X,GFX-L-PMF-MARK-2,GRAPHIC,GRAPHIC,GRAPHIC__GRAPHIC
PAIR-1128,GFX-U-AXIS-X,GFX-L-PMF-MARK-3,GRAPHIC,GRAPHIC,GRAPHIC__GRAPHIC
PAIR-1129,GFX-U-AXIS-X,GFX-L-PMF-MARK-4,GRAPHIC,GRAPHIC,GRAPHIC__GRAPHIC
PAIR-1130,GFX-U-AXIS-X,GFX-L-GUIDE-X1,GRAPHIC,GRAPHIC,GRAPHIC__GRAPHIC
PAIR-1131,GFX-U-AXIS-X,GFX-L-GUIDE-X2,GRAPHIC,GRAPHIC,GRAPHIC__GRAPHIC
PAIR-1132,GFX-U-AXIS-X,GFX-L-GUIDE-X3,GRAPHIC,GRAPHIC,GRAPHIC__GRAPHIC
PAIR-1133,GFX-U-AXIS-X,GFX-L-GUIDE-X4,GRAPHIC,GRAPHIC,GRAPHIC__GRAPHIC
PAIR-1134,GFX-U-AXIS-Y,GFX-U-YTICK-000,GRAPHIC,GRAPHIC,GRAPHIC__GRAPHIC
PAIR-1135,GFX-U-AXIS-Y,GFX-U-YTICK-045,GRAPHIC,GRAPHIC,GRAPHIC__GRAPHIC
PAIR-1136,GFX-U-AXIS-Y,GFX-U-YTICK-080,GRAPHIC,GRAPHIC,GRAPHIC__GRAPHIC
PAIR-1137,GFX-U-AXIS-Y,GFX-U-YTICK-100,GRAPHIC,GRAPHIC,GRAPHIC__GRAPHIC
PAIR-1138,GFX-U-AXIS-Y,GFX-U-CDF-CURVE,GRAPHIC,GRAPHIC,GRAPHIC__GRAPHIC
PAIR-1139,GFX-U-AXIS-Y,GFX-U-CLOSED-1,GRAPHIC,GRAPHIC,GRAPHIC__GRAPHIC
PAIR-1140,GFX-U-AXIS-Y,GFX-U-CLOSED-2,GRAPHIC,GRAPHIC,GRAPHIC__GRAPHIC
PAIR-1141,GFX-U-AXIS-Y,GFX-U-CLOSED-3,GRAPHIC,GRAPHIC,GRAPHIC__GRAPHIC
PAIR-1142,GFX-U-AXIS-Y,GFX-U-CLOSED-4,GRAPHIC,GRAPHIC,GRAPHIC__GRAPHIC
PAIR-1143,GFX-U-AXIS-Y,GFX-U-OPEN-1,GRAPHIC,GRAPHIC,GRAPHIC__GRAPHIC
PAIR-1144,GFX-U-AXIS-Y,GFX-U-OPEN-2,GRAPHIC,GRAPHIC,GRAPHIC__GRAPHIC
PAIR-1145,GFX-U-AXIS-Y,GFX-U-OPEN-3,GRAPHIC,GRAPHIC,GRAPHIC__GRAPHIC
PAIR-1146,GFX-U-AXIS-Y,GFX-U-OPEN-4,GRAPHIC,GRAPHIC,GRAPHIC__GRAPHIC
PAIR-1147,GFX-U-AXIS-Y,GFX-U-GUIDE-Y100,GRAPHIC,GRAPHIC,GRAPHIC__GRAPHIC
PAIR-1148,GFX-U-AXIS-Y,GFX-U-GUIDE-X1,GRAPHIC,GRAPHIC,GRAPHIC__GRAPHIC
PAIR-1149,GFX-U-AXIS-Y,GFX-U-GUIDE-X2,GRAPHIC,GRAPHIC,GRAPHIC__GRAPHIC
PAIR-1150,GFX-U-AXIS-Y,GFX-U-GUIDE-X3,GRAPHIC,GRAPHIC,GRAPHIC__GRAPHIC
PAIR-1151,GFX-U-AXIS-Y,GFX-U-GUIDE-X4,GRAPHIC,GRAPHIC,GRAPHIC__GRAPHIC
PAIR-1152,GFX-U-AXIS-Y,GFX-L-AXIS-X,GRAPHIC,GRAPHIC,GRAPHIC__GRAPHIC
PAIR-1153,GFX-U-AXIS-Y,GFX-L-AXIS-Y,GRAPHIC,GRAPHIC,GRAPHIC__GRAPHIC
PAIR-1154,GFX-U-AXIS-Y,GFX-L-XTICK-1,GRAPHIC,GRAPHIC,GRAPHIC__GRAPHIC
PAIR-1155,GFX-U-AXIS-Y,GFX-L-XTICK-2,GRAPHIC,GRAPHIC,GRAPHIC__GRAPHIC
PAIR-1156,GFX-U-AXIS-Y,GFX-L-XTICK-3,GRAPHIC,GRAPHIC,GRAPHIC__GRAPHIC
PAIR-1157,GFX-U-AXIS-Y,GFX-L-XTICK-4,GRAPHIC,GRAPHIC,GRAPHIC__GRAPHIC
PAIR-1158,GFX-U-AXIS-Y,GFX-L-YTICK-000,GRAPHIC,GRAPHIC,GRAPHIC__GRAPHIC
PAIR-1159,GFX-U-AXIS-Y,GFX-L-YTICK-015,GRAPHIC,GRAPHIC,GRAPHIC__GRAPHIC
PAIR-1160,GFX-U-AXIS-Y,GFX-L-YTICK-030,GRAPHIC,GRAPHIC,GRAPHIC__GRAPHIC
PAIR-1161,GFX-U-AXIS-Y,GFX-L-YTICK-035,GRAPHIC,GRAPHIC,GRAPHIC__GRAPHIC
PAIR-1162,GFX-U-AXIS-Y,GFX-L-PMF-STEM-1,GRAPHIC,GRAPHIC,GRAPHIC__GRAPHIC
PAIR-1163,GFX-U-AXIS-Y,GFX-L-PMF-STEM-2,GRAPHIC,GRAPHIC,GRAPHIC__GRAPHIC
PAIR-1164,GFX-U-AXIS-Y,GFX-L-PMF-STEM-3,GRAPHIC,GRAPHIC,GRAPHIC__GRAPHIC
PAIR-1165,GFX-U-AXIS-Y,GFX-L-PMF-STEM-4,GRAPHIC,GRAPHIC,GRAPHIC__GRAPHIC
PAIR-1166,GFX-U-AXIS-Y,GFX-L-PMF-MARK-1,GRAPHIC,GRAPHIC,GRAPHIC__GRAPHIC
PAIR-1167,GFX-U-AXIS-Y,GFX-L-PMF-MARK-2,GRAPHIC,GRAPHIC,GRAPHIC__GRAPHIC
PAIR-1168,GFX-U-AXIS-Y,GFX-L-PMF-MARK-3,GRAPHIC,GRAPHIC,GRAPHIC__GRAPHIC
PAIR-1169,GFX-U-AXIS-Y,GFX-L-PMF-MARK-4,GRAPHIC,GRAPHIC,GRAPHIC__GRAPHIC
PAIR-1170,GFX-U-AXIS-Y,GFX-L-GUIDE-X1,GRAPHIC,GRAPHIC,GRAPHIC__GRAPHIC
PAIR-1171,GFX-U-AXIS-Y,GFX-L-GUIDE-X2,GRAPHIC,GRAPHIC,GRAPHIC__GRAPHIC
PAIR-1172,GFX-U-AXIS-Y,GFX-L-GUIDE-X3,GRAPHIC,GRAPHIC,GRAPHIC__GRAPHIC
PAIR-1173,GFX-U-AXIS-Y,GFX-L-GUIDE-X4,GRAPHIC,GRAPHIC,GRAPHIC__GRAPHIC
PAIR-1174,GFX-U-YTICK-000,GFX-U-YTICK-045,GRAPHIC,GRAPHIC,GRAPHIC__GRAPHIC
PAIR-1175,GFX-U-YTICK-000,GFX-U-YTICK-080,GRAPHIC,GRAPHIC,GRAPHIC__GRAPHIC
PAIR-1176,GFX-U-YTICK-000,GFX-U-YTICK-100,GRAPHIC,GRAPHIC,GRAPHIC__GRAPHIC
PAIR-1177,GFX-U-YTICK-000,GFX-U-CDF-CURVE,GRAPHIC,GRAPHIC,GRAPHIC__GRAPHIC
PAIR-1178,GFX-U-YTICK-000,GFX-U-CLOSED-1,GRAPHIC,GRAPHIC,GRAPHIC__GRAPHIC
PAIR-1179,GFX-U-YTICK-000,GFX-U-CLOSED-2,GRAPHIC,GRAPHIC,GRAPHIC__GRAPHIC
PAIR-1180,GFX-U-YTICK-000,GFX-U-CLOSED-3,GRAPHIC,GRAPHIC,GRAPHIC__GRAPHIC
PAIR-1181,GFX-U-YTICK-000,GFX-U-CLOSED-4,GRAPHIC,GRAPHIC,GRAPHIC__GRAPHIC
PAIR-1182,GFX-U-YTICK-000,GFX-U-OPEN-1,GRAPHIC,GRAPHIC,GRAPHIC__GRAPHIC
PAIR-1183,GFX-U-YTICK-000,GFX-U-OPEN-2,GRAPHIC,GRAPHIC,GRAPHIC__GRAPHIC
PAIR-1184,GFX-U-YTICK-000,GFX-U-OPEN-3,GRAPHIC,GRAPHIC,GRAPHIC__GRAPHIC
PAIR-1185,GFX-U-YTICK-000,GFX-U-OPEN-4,GRAPHIC,GRAPHIC,GRAPHIC__GRAPHIC
PAIR-1186,GFX-U-YTICK-000,GFX-U-GUIDE-Y100,GRAPHIC,GRAPHIC,GRAPHIC__GRAPHIC
PAIR-1187,GFX-U-YTICK-000,GFX-U-GUIDE-X1,GRAPHIC,GRAPHIC,GRAPHIC__GRAPHIC
PAIR-1188,GFX-U-YTICK-000,GFX-U-GUIDE-X2,GRAPHIC,GRAPHIC,GRAPHIC__GRAPHIC
PAIR-1189,GFX-U-YTICK-000,GFX-U-GUIDE-X3,GRAPHIC,GRAPHIC,GRAPHIC__GRAPHIC
PAIR-1190,GFX-U-YTICK-000,GFX-U-GUIDE-X4,GRAPHIC,GRAPHIC,GRAPHIC__GRAPHIC
PAIR-1191,GFX-U-YTICK-000,GFX-L-AXIS-X,GRAPHIC,GRAPHIC,GRAPHIC__GRAPHIC
PAIR-1192,GFX-U-YTICK-000,GFX-L-AXIS-Y,GRAPHIC,GRAPHIC,GRAPHIC__GRAPHIC
PAIR-1193,GFX-U-YTICK-000,GFX-L-XTICK-1,GRAPHIC,GRAPHIC,GRAPHIC__GRAPHIC
PAIR-1194,GFX-U-YTICK-000,GFX-L-XTICK-2,GRAPHIC,GRAPHIC,GRAPHIC__GRAPHIC
PAIR-1195,GFX-U-YTICK-000,GFX-L-XTICK-3,GRAPHIC,GRAPHIC,GRAPHIC__GRAPHIC
PAIR-1196,GFX-U-YTICK-000,GFX-L-XTICK-4,GRAPHIC,GRAPHIC,GRAPHIC__GRAPHIC
PAIR-1197,GFX-U-YTICK-000,GFX-L-YTICK-000,GRAPHIC,GRAPHIC,GRAPHIC__GRAPHIC
PAIR-1198,GFX-U-YTICK-000,GFX-L-YTICK-015,GRAPHIC,GRAPHIC,GRAPHIC__GRAPHIC
PAIR-1199,GFX-U-YTICK-000,GFX-L-YTICK-030,GRAPHIC,GRAPHIC,GRAPHIC__GRAPHIC
PAIR-1200,GFX-U-YTICK-000,GFX-L-YTICK-035,GRAPHIC,GRAPHIC,GRAPHIC__GRAPHIC
PAIR-1201,GFX-U-YTICK-000,GFX-L-PMF-STEM-1,GRAPHIC,GRAPHIC,GRAPHIC__GRAPHIC
PAIR-1202,GFX-U-YTICK-000,GFX-L-PMF-STEM-2,GRAPHIC,GRAPHIC,GRAPHIC__GRAPHIC
PAIR-1203,GFX-U-YTICK-000,GFX-L-PMF-STEM-3,GRAPHIC,GRAPHIC,GRAPHIC__GRAPHIC
PAIR-1204,GFX-U-YTICK-000,GFX-L-PMF-STEM-4,GRAPHIC,GRAPHIC,GRAPHIC__GRAPHIC
PAIR-1205,GFX-U-YTICK-000,GFX-L-PMF-MARK-1,GRAPHIC,GRAPHIC,GRAPHIC__GRAPHIC
PAIR-1206,GFX-U-YTICK-000,GFX-L-PMF-MARK-2,GRAPHIC,GRAPHIC,GRAPHIC__GRAPHIC
PAIR-1207,GFX-U-YTICK-000,GFX-L-PMF-MARK-3,GRAPHIC,GRAPHIC,GRAPHIC__GRAPHIC
PAIR-1208,GFX-U-YTICK-000,GFX-L-PMF-MARK-4,GRAPHIC,GRAPHIC,GRAPHIC__GRAPHIC
PAIR-1209,GFX-U-YTICK-000,GFX-L-GUIDE-X1,GRAPHIC,GRAPHIC,GRAPHIC__GRAPHIC
PAIR-1210,GFX-U-YTICK-000,GFX-L-GUIDE-X2,GRAPHIC,GRAPHIC,GRAPHIC__GRAPHIC
PAIR-1211,GFX-U-YTICK-000,GFX-L-GUIDE-X3,GRAPHIC,GRAPHIC,GRAPHIC__GRAPHIC
PAIR-1212,GFX-U-YTICK-000,GFX-L-GUIDE-X4,GRAPHIC,GRAPHIC,GRAPHIC__GRAPHIC
PAIR-1213,GFX-U-YTICK-045,GFX-U-YTICK-080,GRAPHIC,GRAPHIC,GRAPHIC__GRAPHIC
PAIR-1214,GFX-U-YTICK-045,GFX-U-YTICK-100,GRAPHIC,GRAPHIC,GRAPHIC__GRAPHIC
PAIR-1215,GFX-U-YTICK-045,GFX-U-CDF-CURVE,GRAPHIC,GRAPHIC,GRAPHIC__GRAPHIC
PAIR-1216,GFX-U-YTICK-045,GFX-U-CLOSED-1,GRAPHIC,GRAPHIC,GRAPHIC__GRAPHIC
PAIR-1217,GFX-U-YTICK-045,GFX-U-CLOSED-2,GRAPHIC,GRAPHIC,GRAPHIC__GRAPHIC
PAIR-1218,GFX-U-YTICK-045,GFX-U-CLOSED-3,GRAPHIC,GRAPHIC,GRAPHIC__GRAPHIC
PAIR-1219,GFX-U-YTICK-045,GFX-U-CLOSED-4,GRAPHIC,GRAPHIC,GRAPHIC__GRAPHIC
PAIR-1220,GFX-U-YTICK-045,GFX-U-OPEN-1,GRAPHIC,GRAPHIC,GRAPHIC__GRAPHIC
PAIR-1221,GFX-U-YTICK-045,GFX-U-OPEN-2,GRAPHIC,GRAPHIC,GRAPHIC__GRAPHIC
PAIR-1222,GFX-U-YTICK-045,GFX-U-OPEN-3,GRAPHIC,GRAPHIC,GRAPHIC__GRAPHIC
PAIR-1223,GFX-U-YTICK-045,GFX-U-OPEN-4,GRAPHIC,GRAPHIC,GRAPHIC__GRAPHIC
PAIR-1224,GFX-U-YTICK-045,GFX-U-GUIDE-Y100,GRAPHIC,GRAPHIC,GRAPHIC__GRAPHIC
PAIR-1225,GFX-U-YTICK-045,GFX-U-GUIDE-X1,GRAPHIC,GRAPHIC,GRAPHIC__GRAPHIC
PAIR-1226,GFX-U-YTICK-045,GFX-U-GUIDE-X2,GRAPHIC,GRAPHIC,GRAPHIC__GRAPHIC
PAIR-1227,GFX-U-YTICK-045,GFX-U-GUIDE-X3,GRAPHIC,GRAPHIC,GRAPHIC__GRAPHIC
PAIR-1228,GFX-U-YTICK-045,GFX-U-GUIDE-X4,GRAPHIC,GRAPHIC,GRAPHIC__GRAPHIC
PAIR-1229,GFX-U-YTICK-045,GFX-L-AXIS-X,GRAPHIC,GRAPHIC,GRAPHIC__GRAPHIC
PAIR-1230,GFX-U-YTICK-045,GFX-L-AXIS-Y,GRAPHIC,GRAPHIC,GRAPHIC__GRAPHIC
PAIR-1231,GFX-U-YTICK-045,GFX-L-XTICK-1,GRAPHIC,GRAPHIC,GRAPHIC__GRAPHIC
PAIR-1232,GFX-U-YTICK-045,GFX-L-XTICK-2,GRAPHIC,GRAPHIC,GRAPHIC__GRAPHIC
PAIR-1233,GFX-U-YTICK-045,GFX-L-XTICK-3,GRAPHIC,GRAPHIC,GRAPHIC__GRAPHIC
PAIR-1234,GFX-U-YTICK-045,GFX-L-XTICK-4,GRAPHIC,GRAPHIC,GRAPHIC__GRAPHIC
PAIR-1235,GFX-U-YTICK-045,GFX-L-YTICK-000,GRAPHIC,GRAPHIC,GRAPHIC__GRAPHIC
PAIR-1236,GFX-U-YTICK-045,GFX-L-YTICK-015,GRAPHIC,GRAPHIC,GRAPHIC__GRAPHIC
PAIR-1237,GFX-U-YTICK-045,GFX-L-YTICK-030,GRAPHIC,GRAPHIC,GRAPHIC__GRAPHIC
PAIR-1238,GFX-U-YTICK-045,GFX-L-YTICK-035,GRAPHIC,GRAPHIC,GRAPHIC__GRAPHIC
PAIR-1239,GFX-U-YTICK-045,GFX-L-PMF-STEM-1,GRAPHIC,GRAPHIC,GRAPHIC__GRAPHIC
PAIR-1240,GFX-U-YTICK-045,GFX-L-PMF-STEM-2,GRAPHIC,GRAPHIC,GRAPHIC__GRAPHIC
PAIR-1241,GFX-U-YTICK-045,GFX-L-PMF-STEM-3,GRAPHIC,GRAPHIC,GRAPHIC__GRAPHIC
PAIR-1242,GFX-U-YTICK-045,GFX-L-PMF-STEM-4,GRAPHIC,GRAPHIC,GRAPHIC__GRAPHIC
PAIR-1243,GFX-U-YTICK-045,GFX-L-PMF-MARK-1,GRAPHIC,GRAPHIC,GRAPHIC__GRAPHIC
PAIR-1244,GFX-U-YTICK-045,GFX-L-PMF-MARK-2,GRAPHIC,GRAPHIC,GRAPHIC__GRAPHIC
PAIR-1245,GFX-U-YTICK-045,GFX-L-PMF-MARK-3,GRAPHIC,GRAPHIC,GRAPHIC__GRAPHIC
PAIR-1246,GFX-U-YTICK-045,GFX-L-PMF-MARK-4,GRAPHIC,GRAPHIC,GRAPHIC__GRAPHIC
PAIR-1247,GFX-U-YTICK-045,GFX-L-GUIDE-X1,GRAPHIC,GRAPHIC,GRAPHIC__GRAPHIC
PAIR-1248,GFX-U-YTICK-045,GFX-L-GUIDE-X2,GRAPHIC,GRAPHIC,GRAPHIC__GRAPHIC
PAIR-1249,GFX-U-YTICK-045,GFX-L-GUIDE-X3,GRAPHIC,GRAPHIC,GRAPHIC__GRAPHIC
PAIR-1250,GFX-U-YTICK-045,GFX-L-GUIDE-X4,GRAPHIC,GRAPHIC,GRAPHIC__GRAPHIC
PAIR-1251,GFX-U-YTICK-080,GFX-U-YTICK-100,GRAPHIC,GRAPHIC,GRAPHIC__GRAPHIC
PAIR-1252,GFX-U-YTICK-080,GFX-U-CDF-CURVE,GRAPHIC,GRAPHIC,GRAPHIC__GRAPHIC
PAIR-1253,GFX-U-YTICK-080,GFX-U-CLOSED-1,GRAPHIC,GRAPHIC,GRAPHIC__GRAPHIC
PAIR-1254,GFX-U-YTICK-080,GFX-U-CLOSED-2,GRAPHIC,GRAPHIC,GRAPHIC__GRAPHIC
PAIR-1255,GFX-U-YTICK-080,GFX-U-CLOSED-3,GRAPHIC,GRAPHIC,GRAPHIC__GRAPHIC
PAIR-1256,GFX-U-YTICK-080,GFX-U-CLOSED-4,GRAPHIC,GRAPHIC,GRAPHIC__GRAPHIC
PAIR-1257,GFX-U-YTICK-080,GFX-U-OPEN-1,GRAPHIC,GRAPHIC,GRAPHIC__GRAPHIC
PAIR-1258,GFX-U-YTICK-080,GFX-U-OPEN-2,GRAPHIC,GRAPHIC,GRAPHIC__GRAPHIC
PAIR-1259,GFX-U-YTICK-080,GFX-U-OPEN-3,GRAPHIC,GRAPHIC,GRAPHIC__GRAPHIC
PAIR-1260,GFX-U-YTICK-080,GFX-U-OPEN-4,GRAPHIC,GRAPHIC,GRAPHIC__GRAPHIC
PAIR-1261,GFX-U-YTICK-080,GFX-U-GUIDE-Y100,GRAPHIC,GRAPHIC,GRAPHIC__GRAPHIC
PAIR-1262,GFX-U-YTICK-080,GFX-U-GUIDE-X1,GRAPHIC,GRAPHIC,GRAPHIC__GRAPHIC
PAIR-1263,GFX-U-YTICK-080,GFX-U-GUIDE-X2,GRAPHIC,GRAPHIC,GRAPHIC__GRAPHIC
PAIR-1264,GFX-U-YTICK-080,GFX-U-GUIDE-X3,GRAPHIC,GRAPHIC,GRAPHIC__GRAPHIC
PAIR-1265,GFX-U-YTICK-080,GFX-U-GUIDE-X4,GRAPHIC,GRAPHIC,GRAPHIC__GRAPHIC
PAIR-1266,GFX-U-YTICK-080,GFX-L-AXIS-X,GRAPHIC,GRAPHIC,GRAPHIC__GRAPHIC
PAIR-1267,GFX-U-YTICK-080,GFX-L-AXIS-Y,GRAPHIC,GRAPHIC,GRAPHIC__GRAPHIC
PAIR-1268,GFX-U-YTICK-080,GFX-L-XTICK-1,GRAPHIC,GRAPHIC,GRAPHIC__GRAPHIC
PAIR-1269,GFX-U-YTICK-080,GFX-L-XTICK-2,GRAPHIC,GRAPHIC,GRAPHIC__GRAPHIC
PAIR-1270,GFX-U-YTICK-080,GFX-L-XTICK-3,GRAPHIC,GRAPHIC,GRAPHIC__GRAPHIC
PAIR-1271,GFX-U-YTICK-080,GFX-L-XTICK-4,GRAPHIC,GRAPHIC,GRAPHIC__GRAPHIC
PAIR-1272,GFX-U-YTICK-080,GFX-L-YTICK-000,GRAPHIC,GRAPHIC,GRAPHIC__GRAPHIC
PAIR-1273,GFX-U-YTICK-080,GFX-L-YTICK-015,GRAPHIC,GRAPHIC,GRAPHIC__GRAPHIC
PAIR-1274,GFX-U-YTICK-080,GFX-L-YTICK-030,GRAPHIC,GRAPHIC,GRAPHIC__GRAPHIC
PAIR-1275,GFX-U-YTICK-080,GFX-L-YTICK-035,GRAPHIC,GRAPHIC,GRAPHIC__GRAPHIC
PAIR-1276,GFX-U-YTICK-080,GFX-L-PMF-STEM-1,GRAPHIC,GRAPHIC,GRAPHIC__GRAPHIC
PAIR-1277,GFX-U-YTICK-080,GFX-L-PMF-STEM-2,GRAPHIC,GRAPHIC,GRAPHIC__GRAPHIC
PAIR-1278,GFX-U-YTICK-080,GFX-L-PMF-STEM-3,GRAPHIC,GRAPHIC,GRAPHIC__GRAPHIC
PAIR-1279,GFX-U-YTICK-080,GFX-L-PMF-STEM-4,GRAPHIC,GRAPHIC,GRAPHIC__GRAPHIC
PAIR-1280,GFX-U-YTICK-080,GFX-L-PMF-MARK-1,GRAPHIC,GRAPHIC,GRAPHIC__GRAPHIC
PAIR-1281,GFX-U-YTICK-080,GFX-L-PMF-MARK-2,GRAPHIC,GRAPHIC,GRAPHIC__GRAPHIC
PAIR-1282,GFX-U-YTICK-080,GFX-L-PMF-MARK-3,GRAPHIC,GRAPHIC,GRAPHIC__GRAPHIC
PAIR-1283,GFX-U-YTICK-080,GFX-L-PMF-MARK-4,GRAPHIC,GRAPHIC,GRAPHIC__GRAPHIC
PAIR-1284,GFX-U-YTICK-080,GFX-L-GUIDE-X1,GRAPHIC,GRAPHIC,GRAPHIC__GRAPHIC
PAIR-1285,GFX-U-YTICK-080,GFX-L-GUIDE-X2,GRAPHIC,GRAPHIC,GRAPHIC__GRAPHIC
PAIR-1286,GFX-U-YTICK-080,GFX-L-GUIDE-X3,GRAPHIC,GRAPHIC,GRAPHIC__GRAPHIC
PAIR-1287,GFX-U-YTICK-080,GFX-L-GUIDE-X4,GRAPHIC,GRAPHIC,GRAPHIC__GRAPHIC
PAIR-1288,GFX-U-YTICK-100,GFX-U-CDF-CURVE,GRAPHIC,GRAPHIC,GRAPHIC__GRAPHIC
PAIR-1289,GFX-U-YTICK-100,GFX-U-CLOSED-1,GRAPHIC,GRAPHIC,GRAPHIC__GRAPHIC
PAIR-1290,GFX-U-YTICK-100,GFX-U-CLOSED-2,GRAPHIC,GRAPHIC,GRAPHIC__GRAPHIC
PAIR-1291,GFX-U-YTICK-100,GFX-U-CLOSED-3,GRAPHIC,GRAPHIC,GRAPHIC__GRAPHIC
PAIR-1292,GFX-U-YTICK-100,GFX-U-CLOSED-4,GRAPHIC,GRAPHIC,GRAPHIC__GRAPHIC
PAIR-1293,GFX-U-YTICK-100,GFX-U-OPEN-1,GRAPHIC,GRAPHIC,GRAPHIC__GRAPHIC
PAIR-1294,GFX-U-YTICK-100,GFX-U-OPEN-2,GRAPHIC,GRAPHIC,GRAPHIC__GRAPHIC
PAIR-1295,GFX-U-YTICK-100,GFX-U-OPEN-3,GRAPHIC,GRAPHIC,GRAPHIC__GRAPHIC
PAIR-1296,GFX-U-YTICK-100,GFX-U-OPEN-4,GRAPHIC,GRAPHIC,GRAPHIC__GRAPHIC
PAIR-1297,GFX-U-YTICK-100,GFX-U-GUIDE-Y100,GRAPHIC,GRAPHIC,GRAPHIC__GRAPHIC
PAIR-1298,GFX-U-YTICK-100,GFX-U-GUIDE-X1,GRAPHIC,GRAPHIC,GRAPHIC__GRAPHIC
PAIR-1299,GFX-U-YTICK-100,GFX-U-GUIDE-X2,GRAPHIC,GRAPHIC,GRAPHIC__GRAPHIC
PAIR-1300,GFX-U-YTICK-100,GFX-U-GUIDE-X3,GRAPHIC,GRAPHIC,GRAPHIC__GRAPHIC
PAIR-1301,GFX-U-YTICK-100,GFX-U-GUIDE-X4,GRAPHIC,GRAPHIC,GRAPHIC__GRAPHIC
PAIR-1302,GFX-U-YTICK-100,GFX-L-AXIS-X,GRAPHIC,GRAPHIC,GRAPHIC__GRAPHIC
PAIR-1303,GFX-U-YTICK-100,GFX-L-AXIS-Y,GRAPHIC,GRAPHIC,GRAPHIC__GRAPHIC
PAIR-1304,GFX-U-YTICK-100,GFX-L-XTICK-1,GRAPHIC,GRAPHIC,GRAPHIC__GRAPHIC
PAIR-1305,GFX-U-YTICK-100,GFX-L-XTICK-2,GRAPHIC,GRAPHIC,GRAPHIC__GRAPHIC
PAIR-1306,GFX-U-YTICK-100,GFX-L-XTICK-3,GRAPHIC,GRAPHIC,GRAPHIC__GRAPHIC
PAIR-1307,GFX-U-YTICK-100,GFX-L-XTICK-4,GRAPHIC,GRAPHIC,GRAPHIC__GRAPHIC
PAIR-1308,GFX-U-YTICK-100,GFX-L-YTICK-000,GRAPHIC,GRAPHIC,GRAPHIC__GRAPHIC
PAIR-1309,GFX-U-YTICK-100,GFX-L-YTICK-015,GRAPHIC,GRAPHIC,GRAPHIC__GRAPHIC
PAIR-1310,GFX-U-YTICK-100,GFX-L-YTICK-030,GRAPHIC,GRAPHIC,GRAPHIC__GRAPHIC
PAIR-1311,GFX-U-YTICK-100,GFX-L-YTICK-035,GRAPHIC,GRAPHIC,GRAPHIC__GRAPHIC
PAIR-1312,GFX-U-YTICK-100,GFX-L-PMF-STEM-1,GRAPHIC,GRAPHIC,GRAPHIC__GRAPHIC
PAIR-1313,GFX-U-YTICK-100,GFX-L-PMF-STEM-2,GRAPHIC,GRAPHIC,GRAPHIC__GRAPHIC
PAIR-1314,GFX-U-YTICK-100,GFX-L-PMF-STEM-3,GRAPHIC,GRAPHIC,GRAPHIC__GRAPHIC
PAIR-1315,GFX-U-YTICK-100,GFX-L-PMF-STEM-4,GRAPHIC,GRAPHIC,GRAPHIC__GRAPHIC
PAIR-1316,GFX-U-YTICK-100,GFX-L-PMF-MARK-1,GRAPHIC,GRAPHIC,GRAPHIC__GRAPHIC
PAIR-1317,GFX-U-YTICK-100,GFX-L-PMF-MARK-2,GRAPHIC,GRAPHIC,GRAPHIC__GRAPHIC
PAIR-1318,GFX-U-YTICK-100,GFX-L-PMF-MARK-3,GRAPHIC,GRAPHIC,GRAPHIC__GRAPHIC
PAIR-1319,GFX-U-YTICK-100,GFX-L-PMF-MARK-4,GRAPHIC,GRAPHIC,GRAPHIC__GRAPHIC
PAIR-1320,GFX-U-YTICK-100,GFX-L-GUIDE-X1,GRAPHIC,GRAPHIC,GRAPHIC__GRAPHIC
PAIR-1321,GFX-U-YTICK-100,GFX-L-GUIDE-X2,GRAPHIC,GRAPHIC,GRAPHIC__GRAPHIC
PAIR-1322,GFX-U-YTICK-100,GFX-L-GUIDE-X3,GRAPHIC,GRAPHIC,GRAPHIC__GRAPHIC
PAIR-1323,GFX-U-YTICK-100,GFX-L-GUIDE-X4,GRAPHIC,GRAPHIC,GRAPHIC__GRAPHIC
PAIR-1324,GFX-U-CDF-CURVE,GFX-U-CLOSED-1,GRAPHIC,GRAPHIC,GRAPHIC__GRAPHIC
PAIR-1325,GFX-U-CDF-CURVE,GFX-U-CLOSED-2,GRAPHIC,GRAPHIC,GRAPHIC__GRAPHIC
PAIR-1326,GFX-U-CDF-CURVE,GFX-U-CLOSED-3,GRAPHIC,GRAPHIC,GRAPHIC__GRAPHIC
PAIR-1327,GFX-U-CDF-CURVE,GFX-U-CLOSED-4,GRAPHIC,GRAPHIC,GRAPHIC__GRAPHIC
PAIR-1328,GFX-U-CDF-CURVE,GFX-U-OPEN-1,GRAPHIC,GRAPHIC,GRAPHIC__GRAPHIC
PAIR-1329,GFX-U-CDF-CURVE,GFX-U-OPEN-2,GRAPHIC,GRAPHIC,GRAPHIC__GRAPHIC
PAIR-1330,GFX-U-CDF-CURVE,GFX-U-OPEN-3,GRAPHIC,GRAPHIC,GRAPHIC__GRAPHIC
PAIR-1331,GFX-U-CDF-CURVE,GFX-U-OPEN-4,GRAPHIC,GRAPHIC,GRAPHIC__GRAPHIC
PAIR-1332,GFX-U-CDF-CURVE,GFX-U-GUIDE-Y100,GRAPHIC,GRAPHIC,GRAPHIC__GRAPHIC
PAIR-1333,GFX-U-CDF-CURVE,GFX-U-GUIDE-X1,GRAPHIC,GRAPHIC,GRAPHIC__GRAPHIC
PAIR-1334,GFX-U-CDF-CURVE,GFX-U-GUIDE-X2,GRAPHIC,GRAPHIC,GRAPHIC__GRAPHIC
PAIR-1335,GFX-U-CDF-CURVE,GFX-U-GUIDE-X3,GRAPHIC,GRAPHIC,GRAPHIC__GRAPHIC
PAIR-1336,GFX-U-CDF-CURVE,GFX-U-GUIDE-X4,GRAPHIC,GRAPHIC,GRAPHIC__GRAPHIC
PAIR-1337,GFX-U-CDF-CURVE,GFX-L-AXIS-X,GRAPHIC,GRAPHIC,GRAPHIC__GRAPHIC
PAIR-1338,GFX-U-CDF-CURVE,GFX-L-AXIS-Y,GRAPHIC,GRAPHIC,GRAPHIC__GRAPHIC
PAIR-1339,GFX-U-CDF-CURVE,GFX-L-XTICK-1,GRAPHIC,GRAPHIC,GRAPHIC__GRAPHIC
PAIR-1340,GFX-U-CDF-CURVE,GFX-L-XTICK-2,GRAPHIC,GRAPHIC,GRAPHIC__GRAPHIC
PAIR-1341,GFX-U-CDF-CURVE,GFX-L-XTICK-3,GRAPHIC,GRAPHIC,GRAPHIC__GRAPHIC
PAIR-1342,GFX-U-CDF-CURVE,GFX-L-XTICK-4,GRAPHIC,GRAPHIC,GRAPHIC__GRAPHIC
PAIR-1343,GFX-U-CDF-CURVE,GFX-L-YTICK-000,GRAPHIC,GRAPHIC,GRAPHIC__GRAPHIC
PAIR-1344,GFX-U-CDF-CURVE,GFX-L-YTICK-015,GRAPHIC,GRAPHIC,GRAPHIC__GRAPHIC
PAIR-1345,GFX-U-CDF-CURVE,GFX-L-YTICK-030,GRAPHIC,GRAPHIC,GRAPHIC__GRAPHIC
PAIR-1346,GFX-U-CDF-CURVE,GFX-L-YTICK-035,GRAPHIC,GRAPHIC,GRAPHIC__GRAPHIC
PAIR-1347,GFX-U-CDF-CURVE,GFX-L-PMF-STEM-1,GRAPHIC,GRAPHIC,GRAPHIC__GRAPHIC
PAIR-1348,GFX-U-CDF-CURVE,GFX-L-PMF-STEM-2,GRAPHIC,GRAPHIC,GRAPHIC__GRAPHIC
PAIR-1349,GFX-U-CDF-CURVE,GFX-L-PMF-STEM-3,GRAPHIC,GRAPHIC,GRAPHIC__GRAPHIC
PAIR-1350,GFX-U-CDF-CURVE,GFX-L-PMF-STEM-4,GRAPHIC,GRAPHIC,GRAPHIC__GRAPHIC
PAIR-1351,GFX-U-CDF-CURVE,GFX-L-PMF-MARK-1,GRAPHIC,GRAPHIC,GRAPHIC__GRAPHIC
PAIR-1352,GFX-U-CDF-CURVE,GFX-L-PMF-MARK-2,GRAPHIC,GRAPHIC,GRAPHIC__GRAPHIC
PAIR-1353,GFX-U-CDF-CURVE,GFX-L-PMF-MARK-3,GRAPHIC,GRAPHIC,GRAPHIC__GRAPHIC
PAIR-1354,GFX-U-CDF-CURVE,GFX-L-PMF-MARK-4,GRAPHIC,GRAPHIC,GRAPHIC__GRAPHIC
PAIR-1355,GFX-U-CDF-CURVE,GFX-L-GUIDE-X1,GRAPHIC,GRAPHIC,GRAPHIC__GRAPHIC
PAIR-1356,GFX-U-CDF-CURVE,GFX-L-GUIDE-X2,GRAPHIC,GRAPHIC,GRAPHIC__GRAPHIC
PAIR-1357,GFX-U-CDF-CURVE,GFX-L-GUIDE-X3,GRAPHIC,GRAPHIC,GRAPHIC__GRAPHIC
PAIR-1358,GFX-U-CDF-CURVE,GFX-L-GUIDE-X4,GRAPHIC,GRAPHIC,GRAPHIC__GRAPHIC
PAIR-1359,GFX-U-CLOSED-1,GFX-U-CLOSED-2,GRAPHIC,GRAPHIC,GRAPHIC__GRAPHIC
PAIR-1360,GFX-U-CLOSED-1,GFX-U-CLOSED-3,GRAPHIC,GRAPHIC,GRAPHIC__GRAPHIC
PAIR-1361,GFX-U-CLOSED-1,GFX-U-CLOSED-4,GRAPHIC,GRAPHIC,GRAPHIC__GRAPHIC
PAIR-1362,GFX-U-CLOSED-1,GFX-U-OPEN-1,GRAPHIC,GRAPHIC,GRAPHIC__GRAPHIC
PAIR-1363,GFX-U-CLOSED-1,GFX-U-OPEN-2,GRAPHIC,GRAPHIC,GRAPHIC__GRAPHIC
PAIR-1364,GFX-U-CLOSED-1,GFX-U-OPEN-3,GRAPHIC,GRAPHIC,GRAPHIC__GRAPHIC
PAIR-1365,GFX-U-CLOSED-1,GFX-U-OPEN-4,GRAPHIC,GRAPHIC,GRAPHIC__GRAPHIC
PAIR-1366,GFX-U-CLOSED-1,GFX-U-GUIDE-Y100,GRAPHIC,GRAPHIC,GRAPHIC__GRAPHIC
PAIR-1367,GFX-U-CLOSED-1,GFX-U-GUIDE-X1,GRAPHIC,GRAPHIC,GRAPHIC__GRAPHIC
PAIR-1368,GFX-U-CLOSED-1,GFX-U-GUIDE-X2,GRAPHIC,GRAPHIC,GRAPHIC__GRAPHIC
PAIR-1369,GFX-U-CLOSED-1,GFX-U-GUIDE-X3,GRAPHIC,GRAPHIC,GRAPHIC__GRAPHIC
PAIR-1370,GFX-U-CLOSED-1,GFX-U-GUIDE-X4,GRAPHIC,GRAPHIC,GRAPHIC__GRAPHIC
PAIR-1371,GFX-U-CLOSED-1,GFX-L-AXIS-X,GRAPHIC,GRAPHIC,GRAPHIC__GRAPHIC
PAIR-1372,GFX-U-CLOSED-1,GFX-L-AXIS-Y,GRAPHIC,GRAPHIC,GRAPHIC__GRAPHIC
PAIR-1373,GFX-U-CLOSED-1,GFX-L-XTICK-1,GRAPHIC,GRAPHIC,GRAPHIC__GRAPHIC
PAIR-1374,GFX-U-CLOSED-1,GFX-L-XTICK-2,GRAPHIC,GRAPHIC,GRAPHIC__GRAPHIC
PAIR-1375,GFX-U-CLOSED-1,GFX-L-XTICK-3,GRAPHIC,GRAPHIC,GRAPHIC__GRAPHIC
PAIR-1376,GFX-U-CLOSED-1,GFX-L-XTICK-4,GRAPHIC,GRAPHIC,GRAPHIC__GRAPHIC
PAIR-1377,GFX-U-CLOSED-1,GFX-L-YTICK-000,GRAPHIC,GRAPHIC,GRAPHIC__GRAPHIC
PAIR-1378,GFX-U-CLOSED-1,GFX-L-YTICK-015,GRAPHIC,GRAPHIC,GRAPHIC__GRAPHIC
PAIR-1379,GFX-U-CLOSED-1,GFX-L-YTICK-030,GRAPHIC,GRAPHIC,GRAPHIC__GRAPHIC
PAIR-1380,GFX-U-CLOSED-1,GFX-L-YTICK-035,GRAPHIC,GRAPHIC,GRAPHIC__GRAPHIC
PAIR-1381,GFX-U-CLOSED-1,GFX-L-PMF-STEM-1,GRAPHIC,GRAPHIC,GRAPHIC__GRAPHIC
PAIR-1382,GFX-U-CLOSED-1,GFX-L-PMF-STEM-2,GRAPHIC,GRAPHIC,GRAPHIC__GRAPHIC
PAIR-1383,GFX-U-CLOSED-1,GFX-L-PMF-STEM-3,GRAPHIC,GRAPHIC,GRAPHIC__GRAPHIC
PAIR-1384,GFX-U-CLOSED-1,GFX-L-PMF-STEM-4,GRAPHIC,GRAPHIC,GRAPHIC__GRAPHIC
PAIR-1385,GFX-U-CLOSED-1,GFX-L-PMF-MARK-1,GRAPHIC,GRAPHIC,GRAPHIC__GRAPHIC
PAIR-1386,GFX-U-CLOSED-1,GFX-L-PMF-MARK-2,GRAPHIC,GRAPHIC,GRAPHIC__GRAPHIC
PAIR-1387,GFX-U-CLOSED-1,GFX-L-PMF-MARK-3,GRAPHIC,GRAPHIC,GRAPHIC__GRAPHIC
PAIR-1388,GFX-U-CLOSED-1,GFX-L-PMF-MARK-4,GRAPHIC,GRAPHIC,GRAPHIC__GRAPHIC
PAIR-1389,GFX-U-CLOSED-1,GFX-L-GUIDE-X1,GRAPHIC,GRAPHIC,GRAPHIC__GRAPHIC
PAIR-1390,GFX-U-CLOSED-1,GFX-L-GUIDE-X2,GRAPHIC,GRAPHIC,GRAPHIC__GRAPHIC
PAIR-1391,GFX-U-CLOSED-1,GFX-L-GUIDE-X3,GRAPHIC,GRAPHIC,GRAPHIC__GRAPHIC
PAIR-1392,GFX-U-CLOSED-1,GFX-L-GUIDE-X4,GRAPHIC,GRAPHIC,GRAPHIC__GRAPHIC
PAIR-1393,GFX-U-CLOSED-2,GFX-U-CLOSED-3,GRAPHIC,GRAPHIC,GRAPHIC__GRAPHIC
PAIR-1394,GFX-U-CLOSED-2,GFX-U-CLOSED-4,GRAPHIC,GRAPHIC,GRAPHIC__GRAPHIC
PAIR-1395,GFX-U-CLOSED-2,GFX-U-OPEN-1,GRAPHIC,GRAPHIC,GRAPHIC__GRAPHIC
PAIR-1396,GFX-U-CLOSED-2,GFX-U-OPEN-2,GRAPHIC,GRAPHIC,GRAPHIC__GRAPHIC
PAIR-1397,GFX-U-CLOSED-2,GFX-U-OPEN-3,GRAPHIC,GRAPHIC,GRAPHIC__GRAPHIC
PAIR-1398,GFX-U-CLOSED-2,GFX-U-OPEN-4,GRAPHIC,GRAPHIC,GRAPHIC__GRAPHIC
PAIR-1399,GFX-U-CLOSED-2,GFX-U-GUIDE-Y100,GRAPHIC,GRAPHIC,GRAPHIC__GRAPHIC
PAIR-1400,GFX-U-CLOSED-2,GFX-U-GUIDE-X1,GRAPHIC,GRAPHIC,GRAPHIC__GRAPHIC
PAIR-1401,GFX-U-CLOSED-2,GFX-U-GUIDE-X2,GRAPHIC,GRAPHIC,GRAPHIC__GRAPHIC
PAIR-1402,GFX-U-CLOSED-2,GFX-U-GUIDE-X3,GRAPHIC,GRAPHIC,GRAPHIC__GRAPHIC
PAIR-1403,GFX-U-CLOSED-2,GFX-U-GUIDE-X4,GRAPHIC,GRAPHIC,GRAPHIC__GRAPHIC
PAIR-1404,GFX-U-CLOSED-2,GFX-L-AXIS-X,GRAPHIC,GRAPHIC,GRAPHIC__GRAPHIC
PAIR-1405,GFX-U-CLOSED-2,GFX-L-AXIS-Y,GRAPHIC,GRAPHIC,GRAPHIC__GRAPHIC
PAIR-1406,GFX-U-CLOSED-2,GFX-L-XTICK-1,GRAPHIC,GRAPHIC,GRAPHIC__GRAPHIC
PAIR-1407,GFX-U-CLOSED-2,GFX-L-XTICK-2,GRAPHIC,GRAPHIC,GRAPHIC__GRAPHIC
PAIR-1408,GFX-U-CLOSED-2,GFX-L-XTICK-3,GRAPHIC,GRAPHIC,GRAPHIC__GRAPHIC
PAIR-1409,GFX-U-CLOSED-2,GFX-L-XTICK-4,GRAPHIC,GRAPHIC,GRAPHIC__GRAPHIC
PAIR-1410,GFX-U-CLOSED-2,GFX-L-YTICK-000,GRAPHIC,GRAPHIC,GRAPHIC__GRAPHIC
PAIR-1411,GFX-U-CLOSED-2,GFX-L-YTICK-015,GRAPHIC,GRAPHIC,GRAPHIC__GRAPHIC
PAIR-1412,GFX-U-CLOSED-2,GFX-L-YTICK-030,GRAPHIC,GRAPHIC,GRAPHIC__GRAPHIC
PAIR-1413,GFX-U-CLOSED-2,GFX-L-YTICK-035,GRAPHIC,GRAPHIC,GRAPHIC__GRAPHIC
PAIR-1414,GFX-U-CLOSED-2,GFX-L-PMF-STEM-1,GRAPHIC,GRAPHIC,GRAPHIC__GRAPHIC
PAIR-1415,GFX-U-CLOSED-2,GFX-L-PMF-STEM-2,GRAPHIC,GRAPHIC,GRAPHIC__GRAPHIC
PAIR-1416,GFX-U-CLOSED-2,GFX-L-PMF-STEM-3,GRAPHIC,GRAPHIC,GRAPHIC__GRAPHIC
PAIR-1417,GFX-U-CLOSED-2,GFX-L-PMF-STEM-4,GRAPHIC,GRAPHIC,GRAPHIC__GRAPHIC
PAIR-1418,GFX-U-CLOSED-2,GFX-L-PMF-MARK-1,GRAPHIC,GRAPHIC,GRAPHIC__GRAPHIC
PAIR-1419,GFX-U-CLOSED-2,GFX-L-PMF-MARK-2,GRAPHIC,GRAPHIC,GRAPHIC__GRAPHIC
PAIR-1420,GFX-U-CLOSED-2,GFX-L-PMF-MARK-3,GRAPHIC,GRAPHIC,GRAPHIC__GRAPHIC
PAIR-1421,GFX-U-CLOSED-2,GFX-L-PMF-MARK-4,GRAPHIC,GRAPHIC,GRAPHIC__GRAPHIC
PAIR-1422,GFX-U-CLOSED-2,GFX-L-GUIDE-X1,GRAPHIC,GRAPHIC,GRAPHIC__GRAPHIC
PAIR-1423,GFX-U-CLOSED-2,GFX-L-GUIDE-X2,GRAPHIC,GRAPHIC,GRAPHIC__GRAPHIC
PAIR-1424,GFX-U-CLOSED-2,GFX-L-GUIDE-X3,GRAPHIC,GRAPHIC,GRAPHIC__GRAPHIC
PAIR-1425,GFX-U-CLOSED-2,GFX-L-GUIDE-X4,GRAPHIC,GRAPHIC,GRAPHIC__GRAPHIC
PAIR-1426,GFX-U-CLOSED-3,GFX-U-CLOSED-4,GRAPHIC,GRAPHIC,GRAPHIC__GRAPHIC
PAIR-1427,GFX-U-CLOSED-3,GFX-U-OPEN-1,GRAPHIC,GRAPHIC,GRAPHIC__GRAPHIC
PAIR-1428,GFX-U-CLOSED-3,GFX-U-OPEN-2,GRAPHIC,GRAPHIC,GRAPHIC__GRAPHIC
PAIR-1429,GFX-U-CLOSED-3,GFX-U-OPEN-3,GRAPHIC,GRAPHIC,GRAPHIC__GRAPHIC
PAIR-1430,GFX-U-CLOSED-3,GFX-U-OPEN-4,GRAPHIC,GRAPHIC,GRAPHIC__GRAPHIC
PAIR-1431,GFX-U-CLOSED-3,GFX-U-GUIDE-Y100,GRAPHIC,GRAPHIC,GRAPHIC__GRAPHIC
PAIR-1432,GFX-U-CLOSED-3,GFX-U-GUIDE-X1,GRAPHIC,GRAPHIC,GRAPHIC__GRAPHIC
PAIR-1433,GFX-U-CLOSED-3,GFX-U-GUIDE-X2,GRAPHIC,GRAPHIC,GRAPHIC__GRAPHIC
PAIR-1434,GFX-U-CLOSED-3,GFX-U-GUIDE-X3,GRAPHIC,GRAPHIC,GRAPHIC__GRAPHIC
PAIR-1435,GFX-U-CLOSED-3,GFX-U-GUIDE-X4,GRAPHIC,GRAPHIC,GRAPHIC__GRAPHIC
PAIR-1436,GFX-U-CLOSED-3,GFX-L-AXIS-X,GRAPHIC,GRAPHIC,GRAPHIC__GRAPHIC
PAIR-1437,GFX-U-CLOSED-3,GFX-L-AXIS-Y,GRAPHIC,GRAPHIC,GRAPHIC__GRAPHIC
PAIR-1438,GFX-U-CLOSED-3,GFX-L-XTICK-1,GRAPHIC,GRAPHIC,GRAPHIC__GRAPHIC
PAIR-1439,GFX-U-CLOSED-3,GFX-L-XTICK-2,GRAPHIC,GRAPHIC,GRAPHIC__GRAPHIC
PAIR-1440,GFX-U-CLOSED-3,GFX-L-XTICK-3,GRAPHIC,GRAPHIC,GRAPHIC__GRAPHIC
PAIR-1441,GFX-U-CLOSED-3,GFX-L-XTICK-4,GRAPHIC,GRAPHIC,GRAPHIC__GRAPHIC
PAIR-1442,GFX-U-CLOSED-3,GFX-L-YTICK-000,GRAPHIC,GRAPHIC,GRAPHIC__GRAPHIC
PAIR-1443,GFX-U-CLOSED-3,GFX-L-YTICK-015,GRAPHIC,GRAPHIC,GRAPHIC__GRAPHIC
PAIR-1444,GFX-U-CLOSED-3,GFX-L-YTICK-030,GRAPHIC,GRAPHIC,GRAPHIC__GRAPHIC
PAIR-1445,GFX-U-CLOSED-3,GFX-L-YTICK-035,GRAPHIC,GRAPHIC,GRAPHIC__GRAPHIC
PAIR-1446,GFX-U-CLOSED-3,GFX-L-PMF-STEM-1,GRAPHIC,GRAPHIC,GRAPHIC__GRAPHIC
PAIR-1447,GFX-U-CLOSED-3,GFX-L-PMF-STEM-2,GRAPHIC,GRAPHIC,GRAPHIC__GRAPHIC
PAIR-1448,GFX-U-CLOSED-3,GFX-L-PMF-STEM-3,GRAPHIC,GRAPHIC,GRAPHIC__GRAPHIC
PAIR-1449,GFX-U-CLOSED-3,GFX-L-PMF-STEM-4,GRAPHIC,GRAPHIC,GRAPHIC__GRAPHIC
PAIR-1450,GFX-U-CLOSED-3,GFX-L-PMF-MARK-1,GRAPHIC,GRAPHIC,GRAPHIC__GRAPHIC
PAIR-1451,GFX-U-CLOSED-3,GFX-L-PMF-MARK-2,GRAPHIC,GRAPHIC,GRAPHIC__GRAPHIC
PAIR-1452,GFX-U-CLOSED-3,GFX-L-PMF-MARK-3,GRAPHIC,GRAPHIC,GRAPHIC__GRAPHIC
PAIR-1453,GFX-U-CLOSED-3,GFX-L-PMF-MARK-4,GRAPHIC,GRAPHIC,GRAPHIC__GRAPHIC
PAIR-1454,GFX-U-CLOSED-3,GFX-L-GUIDE-X1,GRAPHIC,GRAPHIC,GRAPHIC__GRAPHIC
PAIR-1455,GFX-U-CLOSED-3,GFX-L-GUIDE-X2,GRAPHIC,GRAPHIC,GRAPHIC__GRAPHIC
PAIR-1456,GFX-U-CLOSED-3,GFX-L-GUIDE-X3,GRAPHIC,GRAPHIC,GRAPHIC__GRAPHIC
PAIR-1457,GFX-U-CLOSED-3,GFX-L-GUIDE-X4,GRAPHIC,GRAPHIC,GRAPHIC__GRAPHIC
PAIR-1458,GFX-U-CLOSED-4,GFX-U-OPEN-1,GRAPHIC,GRAPHIC,GRAPHIC__GRAPHIC
PAIR-1459,GFX-U-CLOSED-4,GFX-U-OPEN-2,GRAPHIC,GRAPHIC,GRAPHIC__GRAPHIC
PAIR-1460,GFX-U-CLOSED-4,GFX-U-OPEN-3,GRAPHIC,GRAPHIC,GRAPHIC__GRAPHIC
PAIR-1461,GFX-U-CLOSED-4,GFX-U-OPEN-4,GRAPHIC,GRAPHIC,GRAPHIC__GRAPHIC
PAIR-1462,GFX-U-CLOSED-4,GFX-U-GUIDE-Y100,GRAPHIC,GRAPHIC,GRAPHIC__GRAPHIC
PAIR-1463,GFX-U-CLOSED-4,GFX-U-GUIDE-X1,GRAPHIC,GRAPHIC,GRAPHIC__GRAPHIC
PAIR-1464,GFX-U-CLOSED-4,GFX-U-GUIDE-X2,GRAPHIC,GRAPHIC,GRAPHIC__GRAPHIC
PAIR-1465,GFX-U-CLOSED-4,GFX-U-GUIDE-X3,GRAPHIC,GRAPHIC,GRAPHIC__GRAPHIC
PAIR-1466,GFX-U-CLOSED-4,GFX-U-GUIDE-X4,GRAPHIC,GRAPHIC,GRAPHIC__GRAPHIC
PAIR-1467,GFX-U-CLOSED-4,GFX-L-AXIS-X,GRAPHIC,GRAPHIC,GRAPHIC__GRAPHIC
PAIR-1468,GFX-U-CLOSED-4,GFX-L-AXIS-Y,GRAPHIC,GRAPHIC,GRAPHIC__GRAPHIC
PAIR-1469,GFX-U-CLOSED-4,GFX-L-XTICK-1,GRAPHIC,GRAPHIC,GRAPHIC__GRAPHIC
PAIR-1470,GFX-U-CLOSED-4,GFX-L-XTICK-2,GRAPHIC,GRAPHIC,GRAPHIC__GRAPHIC
PAIR-1471,GFX-U-CLOSED-4,GFX-L-XTICK-3,GRAPHIC,GRAPHIC,GRAPHIC__GRAPHIC
PAIR-1472,GFX-U-CLOSED-4,GFX-L-XTICK-4,GRAPHIC,GRAPHIC,GRAPHIC__GRAPHIC
PAIR-1473,GFX-U-CLOSED-4,GFX-L-YTICK-000,GRAPHIC,GRAPHIC,GRAPHIC__GRAPHIC
PAIR-1474,GFX-U-CLOSED-4,GFX-L-YTICK-015,GRAPHIC,GRAPHIC,GRAPHIC__GRAPHIC
PAIR-1475,GFX-U-CLOSED-4,GFX-L-YTICK-030,GRAPHIC,GRAPHIC,GRAPHIC__GRAPHIC
PAIR-1476,GFX-U-CLOSED-4,GFX-L-YTICK-035,GRAPHIC,GRAPHIC,GRAPHIC__GRAPHIC
PAIR-1477,GFX-U-CLOSED-4,GFX-L-PMF-STEM-1,GRAPHIC,GRAPHIC,GRAPHIC__GRAPHIC
PAIR-1478,GFX-U-CLOSED-4,GFX-L-PMF-STEM-2,GRAPHIC,GRAPHIC,GRAPHIC__GRAPHIC
PAIR-1479,GFX-U-CLOSED-4,GFX-L-PMF-STEM-3,GRAPHIC,GRAPHIC,GRAPHIC__GRAPHIC
PAIR-1480,GFX-U-CLOSED-4,GFX-L-PMF-STEM-4,GRAPHIC,GRAPHIC,GRAPHIC__GRAPHIC
PAIR-1481,GFX-U-CLOSED-4,GFX-L-PMF-MARK-1,GRAPHIC,GRAPHIC,GRAPHIC__GRAPHIC
PAIR-1482,GFX-U-CLOSED-4,GFX-L-PMF-MARK-2,GRAPHIC,GRAPHIC,GRAPHIC__GRAPHIC
PAIR-1483,GFX-U-CLOSED-4,GFX-L-PMF-MARK-3,GRAPHIC,GRAPHIC,GRAPHIC__GRAPHIC
PAIR-1484,GFX-U-CLOSED-4,GFX-L-PMF-MARK-4,GRAPHIC,GRAPHIC,GRAPHIC__GRAPHIC
PAIR-1485,GFX-U-CLOSED-4,GFX-L-GUIDE-X1,GRAPHIC,GRAPHIC,GRAPHIC__GRAPHIC
PAIR-1486,GFX-U-CLOSED-4,GFX-L-GUIDE-X2,GRAPHIC,GRAPHIC,GRAPHIC__GRAPHIC
PAIR-1487,GFX-U-CLOSED-4,GFX-L-GUIDE-X3,GRAPHIC,GRAPHIC,GRAPHIC__GRAPHIC
PAIR-1488,GFX-U-CLOSED-4,GFX-L-GUIDE-X4,GRAPHIC,GRAPHIC,GRAPHIC__GRAPHIC
PAIR-1489,GFX-U-OPEN-1,GFX-U-OPEN-2,GRAPHIC,GRAPHIC,GRAPHIC__GRAPHIC
PAIR-1490,GFX-U-OPEN-1,GFX-U-OPEN-3,GRAPHIC,GRAPHIC,GRAPHIC__GRAPHIC
PAIR-1491,GFX-U-OPEN-1,GFX-U-OPEN-4,GRAPHIC,GRAPHIC,GRAPHIC__GRAPHIC
PAIR-1492,GFX-U-OPEN-1,GFX-U-GUIDE-Y100,GRAPHIC,GRAPHIC,GRAPHIC__GRAPHIC
PAIR-1493,GFX-U-OPEN-1,GFX-U-GUIDE-X1,GRAPHIC,GRAPHIC,GRAPHIC__GRAPHIC
PAIR-1494,GFX-U-OPEN-1,GFX-U-GUIDE-X2,GRAPHIC,GRAPHIC,GRAPHIC__GRAPHIC
PAIR-1495,GFX-U-OPEN-1,GFX-U-GUIDE-X3,GRAPHIC,GRAPHIC,GRAPHIC__GRAPHIC
PAIR-1496,GFX-U-OPEN-1,GFX-U-GUIDE-X4,GRAPHIC,GRAPHIC,GRAPHIC__GRAPHIC
PAIR-1497,GFX-U-OPEN-1,GFX-L-AXIS-X,GRAPHIC,GRAPHIC,GRAPHIC__GRAPHIC
PAIR-1498,GFX-U-OPEN-1,GFX-L-AXIS-Y,GRAPHIC,GRAPHIC,GRAPHIC__GRAPHIC
PAIR-1499,GFX-U-OPEN-1,GFX-L-XTICK-1,GRAPHIC,GRAPHIC,GRAPHIC__GRAPHIC
PAIR-1500,GFX-U-OPEN-1,GFX-L-XTICK-2,GRAPHIC,GRAPHIC,GRAPHIC__GRAPHIC
PAIR-1501,GFX-U-OPEN-1,GFX-L-XTICK-3,GRAPHIC,GRAPHIC,GRAPHIC__GRAPHIC
PAIR-1502,GFX-U-OPEN-1,GFX-L-XTICK-4,GRAPHIC,GRAPHIC,GRAPHIC__GRAPHIC
PAIR-1503,GFX-U-OPEN-1,GFX-L-YTICK-000,GRAPHIC,GRAPHIC,GRAPHIC__GRAPHIC
PAIR-1504,GFX-U-OPEN-1,GFX-L-YTICK-015,GRAPHIC,GRAPHIC,GRAPHIC__GRAPHIC
PAIR-1505,GFX-U-OPEN-1,GFX-L-YTICK-030,GRAPHIC,GRAPHIC,GRAPHIC__GRAPHIC
PAIR-1506,GFX-U-OPEN-1,GFX-L-YTICK-035,GRAPHIC,GRAPHIC,GRAPHIC__GRAPHIC
PAIR-1507,GFX-U-OPEN-1,GFX-L-PMF-STEM-1,GRAPHIC,GRAPHIC,GRAPHIC__GRAPHIC
PAIR-1508,GFX-U-OPEN-1,GFX-L-PMF-STEM-2,GRAPHIC,GRAPHIC,GRAPHIC__GRAPHIC
PAIR-1509,GFX-U-OPEN-1,GFX-L-PMF-STEM-3,GRAPHIC,GRAPHIC,GRAPHIC__GRAPHIC
PAIR-1510,GFX-U-OPEN-1,GFX-L-PMF-STEM-4,GRAPHIC,GRAPHIC,GRAPHIC__GRAPHIC
PAIR-1511,GFX-U-OPEN-1,GFX-L-PMF-MARK-1,GRAPHIC,GRAPHIC,GRAPHIC__GRAPHIC
PAIR-1512,GFX-U-OPEN-1,GFX-L-PMF-MARK-2,GRAPHIC,GRAPHIC,GRAPHIC__GRAPHIC
PAIR-1513,GFX-U-OPEN-1,GFX-L-PMF-MARK-3,GRAPHIC,GRAPHIC,GRAPHIC__GRAPHIC
PAIR-1514,GFX-U-OPEN-1,GFX-L-PMF-MARK-4,GRAPHIC,GRAPHIC,GRAPHIC__GRAPHIC
PAIR-1515,GFX-U-OPEN-1,GFX-L-GUIDE-X1,GRAPHIC,GRAPHIC,GRAPHIC__GRAPHIC
PAIR-1516,GFX-U-OPEN-1,GFX-L-GUIDE-X2,GRAPHIC,GRAPHIC,GRAPHIC__GRAPHIC
PAIR-1517,GFX-U-OPEN-1,GFX-L-GUIDE-X3,GRAPHIC,GRAPHIC,GRAPHIC__GRAPHIC
PAIR-1518,GFX-U-OPEN-1,GFX-L-GUIDE-X4,GRAPHIC,GRAPHIC,GRAPHIC__GRAPHIC
PAIR-1519,GFX-U-OPEN-2,GFX-U-OPEN-3,GRAPHIC,GRAPHIC,GRAPHIC__GRAPHIC
PAIR-1520,GFX-U-OPEN-2,GFX-U-OPEN-4,GRAPHIC,GRAPHIC,GRAPHIC__GRAPHIC
PAIR-1521,GFX-U-OPEN-2,GFX-U-GUIDE-Y100,GRAPHIC,GRAPHIC,GRAPHIC__GRAPHIC
PAIR-1522,GFX-U-OPEN-2,GFX-U-GUIDE-X1,GRAPHIC,GRAPHIC,GRAPHIC__GRAPHIC
PAIR-1523,GFX-U-OPEN-2,GFX-U-GUIDE-X2,GRAPHIC,GRAPHIC,GRAPHIC__GRAPHIC
PAIR-1524,GFX-U-OPEN-2,GFX-U-GUIDE-X3,GRAPHIC,GRAPHIC,GRAPHIC__GRAPHIC
PAIR-1525,GFX-U-OPEN-2,GFX-U-GUIDE-X4,GRAPHIC,GRAPHIC,GRAPHIC__GRAPHIC
PAIR-1526,GFX-U-OPEN-2,GFX-L-AXIS-X,GRAPHIC,GRAPHIC,GRAPHIC__GRAPHIC
PAIR-1527,GFX-U-OPEN-2,GFX-L-AXIS-Y,GRAPHIC,GRAPHIC,GRAPHIC__GRAPHIC
PAIR-1528,GFX-U-OPEN-2,GFX-L-XTICK-1,GRAPHIC,GRAPHIC,GRAPHIC__GRAPHIC
PAIR-1529,GFX-U-OPEN-2,GFX-L-XTICK-2,GRAPHIC,GRAPHIC,GRAPHIC__GRAPHIC
PAIR-1530,GFX-U-OPEN-2,GFX-L-XTICK-3,GRAPHIC,GRAPHIC,GRAPHIC__GRAPHIC
PAIR-1531,GFX-U-OPEN-2,GFX-L-XTICK-4,GRAPHIC,GRAPHIC,GRAPHIC__GRAPHIC
PAIR-1532,GFX-U-OPEN-2,GFX-L-YTICK-000,GRAPHIC,GRAPHIC,GRAPHIC__GRAPHIC
PAIR-1533,GFX-U-OPEN-2,GFX-L-YTICK-015,GRAPHIC,GRAPHIC,GRAPHIC__GRAPHIC
PAIR-1534,GFX-U-OPEN-2,GFX-L-YTICK-030,GRAPHIC,GRAPHIC,GRAPHIC__GRAPHIC
PAIR-1535,GFX-U-OPEN-2,GFX-L-YTICK-035,GRAPHIC,GRAPHIC,GRAPHIC__GRAPHIC
PAIR-1536,GFX-U-OPEN-2,GFX-L-PMF-STEM-1,GRAPHIC,GRAPHIC,GRAPHIC__GRAPHIC
PAIR-1537,GFX-U-OPEN-2,GFX-L-PMF-STEM-2,GRAPHIC,GRAPHIC,GRAPHIC__GRAPHIC
PAIR-1538,GFX-U-OPEN-2,GFX-L-PMF-STEM-3,GRAPHIC,GRAPHIC,GRAPHIC__GRAPHIC
PAIR-1539,GFX-U-OPEN-2,GFX-L-PMF-STEM-4,GRAPHIC,GRAPHIC,GRAPHIC__GRAPHIC
PAIR-1540,GFX-U-OPEN-2,GFX-L-PMF-MARK-1,GRAPHIC,GRAPHIC,GRAPHIC__GRAPHIC
PAIR-1541,GFX-U-OPEN-2,GFX-L-PMF-MARK-2,GRAPHIC,GRAPHIC,GRAPHIC__GRAPHIC
PAIR-1542,GFX-U-OPEN-2,GFX-L-PMF-MARK-3,GRAPHIC,GRAPHIC,GRAPHIC__GRAPHIC
PAIR-1543,GFX-U-OPEN-2,GFX-L-PMF-MARK-4,GRAPHIC,GRAPHIC,GRAPHIC__GRAPHIC
PAIR-1544,GFX-U-OPEN-2,GFX-L-GUIDE-X1,GRAPHIC,GRAPHIC,GRAPHIC__GRAPHIC
PAIR-1545,GFX-U-OPEN-2,GFX-L-GUIDE-X2,GRAPHIC,GRAPHIC,GRAPHIC__GRAPHIC
PAIR-1546,GFX-U-OPEN-2,GFX-L-GUIDE-X3,GRAPHIC,GRAPHIC,GRAPHIC__GRAPHIC
PAIR-1547,GFX-U-OPEN-2,GFX-L-GUIDE-X4,GRAPHIC,GRAPHIC,GRAPHIC__GRAPHIC
PAIR-1548,GFX-U-OPEN-3,GFX-U-OPEN-4,GRAPHIC,GRAPHIC,GRAPHIC__GRAPHIC
PAIR-1549,GFX-U-OPEN-3,GFX-U-GUIDE-Y100,GRAPHIC,GRAPHIC,GRAPHIC__GRAPHIC
PAIR-1550,GFX-U-OPEN-3,GFX-U-GUIDE-X1,GRAPHIC,GRAPHIC,GRAPHIC__GRAPHIC
PAIR-1551,GFX-U-OPEN-3,GFX-U-GUIDE-X2,GRAPHIC,GRAPHIC,GRAPHIC__GRAPHIC
PAIR-1552,GFX-U-OPEN-3,GFX-U-GUIDE-X3,GRAPHIC,GRAPHIC,GRAPHIC__GRAPHIC
PAIR-1553,GFX-U-OPEN-3,GFX-U-GUIDE-X4,GRAPHIC,GRAPHIC,GRAPHIC__GRAPHIC
PAIR-1554,GFX-U-OPEN-3,GFX-L-AXIS-X,GRAPHIC,GRAPHIC,GRAPHIC__GRAPHIC
PAIR-1555,GFX-U-OPEN-3,GFX-L-AXIS-Y,GRAPHIC,GRAPHIC,GRAPHIC__GRAPHIC
PAIR-1556,GFX-U-OPEN-3,GFX-L-XTICK-1,GRAPHIC,GRAPHIC,GRAPHIC__GRAPHIC
PAIR-1557,GFX-U-OPEN-3,GFX-L-XTICK-2,GRAPHIC,GRAPHIC,GRAPHIC__GRAPHIC
PAIR-1558,GFX-U-OPEN-3,GFX-L-XTICK-3,GRAPHIC,GRAPHIC,GRAPHIC__GRAPHIC
PAIR-1559,GFX-U-OPEN-3,GFX-L-XTICK-4,GRAPHIC,GRAPHIC,GRAPHIC__GRAPHIC
PAIR-1560,GFX-U-OPEN-3,GFX-L-YTICK-000,GRAPHIC,GRAPHIC,GRAPHIC__GRAPHIC
PAIR-1561,GFX-U-OPEN-3,GFX-L-YTICK-015,GRAPHIC,GRAPHIC,GRAPHIC__GRAPHIC
PAIR-1562,GFX-U-OPEN-3,GFX-L-YTICK-030,GRAPHIC,GRAPHIC,GRAPHIC__GRAPHIC
PAIR-1563,GFX-U-OPEN-3,GFX-L-YTICK-035,GRAPHIC,GRAPHIC,GRAPHIC__GRAPHIC
PAIR-1564,GFX-U-OPEN-3,GFX-L-PMF-STEM-1,GRAPHIC,GRAPHIC,GRAPHIC__GRAPHIC
PAIR-1565,GFX-U-OPEN-3,GFX-L-PMF-STEM-2,GRAPHIC,GRAPHIC,GRAPHIC__GRAPHIC
PAIR-1566,GFX-U-OPEN-3,GFX-L-PMF-STEM-3,GRAPHIC,GRAPHIC,GRAPHIC__GRAPHIC
PAIR-1567,GFX-U-OPEN-3,GFX-L-PMF-STEM-4,GRAPHIC,GRAPHIC,GRAPHIC__GRAPHIC
PAIR-1568,GFX-U-OPEN-3,GFX-L-PMF-MARK-1,GRAPHIC,GRAPHIC,GRAPHIC__GRAPHIC
PAIR-1569,GFX-U-OPEN-3,GFX-L-PMF-MARK-2,GRAPHIC,GRAPHIC,GRAPHIC__GRAPHIC
PAIR-1570,GFX-U-OPEN-3,GFX-L-PMF-MARK-3,GRAPHIC,GRAPHIC,GRAPHIC__GRAPHIC
PAIR-1571,GFX-U-OPEN-3,GFX-L-PMF-MARK-4,GRAPHIC,GRAPHIC,GRAPHIC__GRAPHIC
PAIR-1572,GFX-U-OPEN-3,GFX-L-GUIDE-X1,GRAPHIC,GRAPHIC,GRAPHIC__GRAPHIC
PAIR-1573,GFX-U-OPEN-3,GFX-L-GUIDE-X2,GRAPHIC,GRAPHIC,GRAPHIC__GRAPHIC
PAIR-1574,GFX-U-OPEN-3,GFX-L-GUIDE-X3,GRAPHIC,GRAPHIC,GRAPHIC__GRAPHIC
PAIR-1575,GFX-U-OPEN-3,GFX-L-GUIDE-X4,GRAPHIC,GRAPHIC,GRAPHIC__GRAPHIC
PAIR-1576,GFX-U-OPEN-4,GFX-U-GUIDE-Y100,GRAPHIC,GRAPHIC,GRAPHIC__GRAPHIC
PAIR-1577,GFX-U-OPEN-4,GFX-U-GUIDE-X1,GRAPHIC,GRAPHIC,GRAPHIC__GRAPHIC
PAIR-1578,GFX-U-OPEN-4,GFX-U-GUIDE-X2,GRAPHIC,GRAPHIC,GRAPHIC__GRAPHIC
PAIR-1579,GFX-U-OPEN-4,GFX-U-GUIDE-X3,GRAPHIC,GRAPHIC,GRAPHIC__GRAPHIC
PAIR-1580,GFX-U-OPEN-4,GFX-U-GUIDE-X4,GRAPHIC,GRAPHIC,GRAPHIC__GRAPHIC
PAIR-1581,GFX-U-OPEN-4,GFX-L-AXIS-X,GRAPHIC,GRAPHIC,GRAPHIC__GRAPHIC
PAIR-1582,GFX-U-OPEN-4,GFX-L-AXIS-Y,GRAPHIC,GRAPHIC,GRAPHIC__GRAPHIC
PAIR-1583,GFX-U-OPEN-4,GFX-L-XTICK-1,GRAPHIC,GRAPHIC,GRAPHIC__GRAPHIC
PAIR-1584,GFX-U-OPEN-4,GFX-L-XTICK-2,GRAPHIC,GRAPHIC,GRAPHIC__GRAPHIC
PAIR-1585,GFX-U-OPEN-4,GFX-L-XTICK-3,GRAPHIC,GRAPHIC,GRAPHIC__GRAPHIC
PAIR-1586,GFX-U-OPEN-4,GFX-L-XTICK-4,GRAPHIC,GRAPHIC,GRAPHIC__GRAPHIC
PAIR-1587,GFX-U-OPEN-4,GFX-L-YTICK-000,GRAPHIC,GRAPHIC,GRAPHIC__GRAPHIC
PAIR-1588,GFX-U-OPEN-4,GFX-L-YTICK-015,GRAPHIC,GRAPHIC,GRAPHIC__GRAPHIC
PAIR-1589,GFX-U-OPEN-4,GFX-L-YTICK-030,GRAPHIC,GRAPHIC,GRAPHIC__GRAPHIC
PAIR-1590,GFX-U-OPEN-4,GFX-L-YTICK-035,GRAPHIC,GRAPHIC,GRAPHIC__GRAPHIC
PAIR-1591,GFX-U-OPEN-4,GFX-L-PMF-STEM-1,GRAPHIC,GRAPHIC,GRAPHIC__GRAPHIC
PAIR-1592,GFX-U-OPEN-4,GFX-L-PMF-STEM-2,GRAPHIC,GRAPHIC,GRAPHIC__GRAPHIC
PAIR-1593,GFX-U-OPEN-4,GFX-L-PMF-STEM-3,GRAPHIC,GRAPHIC,GRAPHIC__GRAPHIC
PAIR-1594,GFX-U-OPEN-4,GFX-L-PMF-STEM-4,GRAPHIC,GRAPHIC,GRAPHIC__GRAPHIC
PAIR-1595,GFX-U-OPEN-4,GFX-L-PMF-MARK-1,GRAPHIC,GRAPHIC,GRAPHIC__GRAPHIC
PAIR-1596,GFX-U-OPEN-4,GFX-L-PMF-MARK-2,GRAPHIC,GRAPHIC,GRAPHIC__GRAPHIC
PAIR-1597,GFX-U-OPEN-4,GFX-L-PMF-MARK-3,GRAPHIC,GRAPHIC,GRAPHIC__GRAPHIC
PAIR-1598,GFX-U-OPEN-4,GFX-L-PMF-MARK-4,GRAPHIC,GRAPHIC,GRAPHIC__GRAPHIC
PAIR-1599,GFX-U-OPEN-4,GFX-L-GUIDE-X1,GRAPHIC,GRAPHIC,GRAPHIC__GRAPHIC
PAIR-1600,GFX-U-OPEN-4,GFX-L-GUIDE-X2,GRAPHIC,GRAPHIC,GRAPHIC__GRAPHIC
PAIR-1601,GFX-U-OPEN-4,GFX-L-GUIDE-X3,GRAPHIC,GRAPHIC,GRAPHIC__GRAPHIC
PAIR-1602,GFX-U-OPEN-4,GFX-L-GUIDE-X4,GRAPHIC,GRAPHIC,GRAPHIC__GRAPHIC
PAIR-1603,GFX-U-GUIDE-Y100,GFX-U-GUIDE-X1,GRAPHIC,GRAPHIC,GRAPHIC__GRAPHIC
PAIR-1604,GFX-U-GUIDE-Y100,GFX-U-GUIDE-X2,GRAPHIC,GRAPHIC,GRAPHIC__GRAPHIC
PAIR-1605,GFX-U-GUIDE-Y100,GFX-U-GUIDE-X3,GRAPHIC,GRAPHIC,GRAPHIC__GRAPHIC
PAIR-1606,GFX-U-GUIDE-Y100,GFX-U-GUIDE-X4,GRAPHIC,GRAPHIC,GRAPHIC__GRAPHIC
PAIR-1607,GFX-U-GUIDE-Y100,GFX-L-AXIS-X,GRAPHIC,GRAPHIC,GRAPHIC__GRAPHIC
PAIR-1608,GFX-U-GUIDE-Y100,GFX-L-AXIS-Y,GRAPHIC,GRAPHIC,GRAPHIC__GRAPHIC
PAIR-1609,GFX-U-GUIDE-Y100,GFX-L-XTICK-1,GRAPHIC,GRAPHIC,GRAPHIC__GRAPHIC
PAIR-1610,GFX-U-GUIDE-Y100,GFX-L-XTICK-2,GRAPHIC,GRAPHIC,GRAPHIC__GRAPHIC
PAIR-1611,GFX-U-GUIDE-Y100,GFX-L-XTICK-3,GRAPHIC,GRAPHIC,GRAPHIC__GRAPHIC
PAIR-1612,GFX-U-GUIDE-Y100,GFX-L-XTICK-4,GRAPHIC,GRAPHIC,GRAPHIC__GRAPHIC
PAIR-1613,GFX-U-GUIDE-Y100,GFX-L-YTICK-000,GRAPHIC,GRAPHIC,GRAPHIC__GRAPHIC
PAIR-1614,GFX-U-GUIDE-Y100,GFX-L-YTICK-015,GRAPHIC,GRAPHIC,GRAPHIC__GRAPHIC
PAIR-1615,GFX-U-GUIDE-Y100,GFX-L-YTICK-030,GRAPHIC,GRAPHIC,GRAPHIC__GRAPHIC
PAIR-1616,GFX-U-GUIDE-Y100,GFX-L-YTICK-035,GRAPHIC,GRAPHIC,GRAPHIC__GRAPHIC
PAIR-1617,GFX-U-GUIDE-Y100,GFX-L-PMF-STEM-1,GRAPHIC,GRAPHIC,GRAPHIC__GRAPHIC
PAIR-1618,GFX-U-GUIDE-Y100,GFX-L-PMF-STEM-2,GRAPHIC,GRAPHIC,GRAPHIC__GRAPHIC
PAIR-1619,GFX-U-GUIDE-Y100,GFX-L-PMF-STEM-3,GRAPHIC,GRAPHIC,GRAPHIC__GRAPHIC
PAIR-1620,GFX-U-GUIDE-Y100,GFX-L-PMF-STEM-4,GRAPHIC,GRAPHIC,GRAPHIC__GRAPHIC
PAIR-1621,GFX-U-GUIDE-Y100,GFX-L-PMF-MARK-1,GRAPHIC,GRAPHIC,GRAPHIC__GRAPHIC
PAIR-1622,GFX-U-GUIDE-Y100,GFX-L-PMF-MARK-2,GRAPHIC,GRAPHIC,GRAPHIC__GRAPHIC
PAIR-1623,GFX-U-GUIDE-Y100,GFX-L-PMF-MARK-3,GRAPHIC,GRAPHIC,GRAPHIC__GRAPHIC
PAIR-1624,GFX-U-GUIDE-Y100,GFX-L-PMF-MARK-4,GRAPHIC,GRAPHIC,GRAPHIC__GRAPHIC
PAIR-1625,GFX-U-GUIDE-Y100,GFX-L-GUIDE-X1,GRAPHIC,GRAPHIC,GRAPHIC__GRAPHIC
PAIR-1626,GFX-U-GUIDE-Y100,GFX-L-GUIDE-X2,GRAPHIC,GRAPHIC,GRAPHIC__GRAPHIC
PAIR-1627,GFX-U-GUIDE-Y100,GFX-L-GUIDE-X3,GRAPHIC,GRAPHIC,GRAPHIC__GRAPHIC
PAIR-1628,GFX-U-GUIDE-Y100,GFX-L-GUIDE-X4,GRAPHIC,GRAPHIC,GRAPHIC__GRAPHIC
PAIR-1629,GFX-U-GUIDE-X1,GFX-U-GUIDE-X2,GRAPHIC,GRAPHIC,GRAPHIC__GRAPHIC
PAIR-1630,GFX-U-GUIDE-X1,GFX-U-GUIDE-X3,GRAPHIC,GRAPHIC,GRAPHIC__GRAPHIC
PAIR-1631,GFX-U-GUIDE-X1,GFX-U-GUIDE-X4,GRAPHIC,GRAPHIC,GRAPHIC__GRAPHIC
PAIR-1632,GFX-U-GUIDE-X1,GFX-L-AXIS-X,GRAPHIC,GRAPHIC,GRAPHIC__GRAPHIC
PAIR-1633,GFX-U-GUIDE-X1,GFX-L-AXIS-Y,GRAPHIC,GRAPHIC,GRAPHIC__GRAPHIC
PAIR-1634,GFX-U-GUIDE-X1,GFX-L-XTICK-1,GRAPHIC,GRAPHIC,GRAPHIC__GRAPHIC
PAIR-1635,GFX-U-GUIDE-X1,GFX-L-XTICK-2,GRAPHIC,GRAPHIC,GRAPHIC__GRAPHIC
PAIR-1636,GFX-U-GUIDE-X1,GFX-L-XTICK-3,GRAPHIC,GRAPHIC,GRAPHIC__GRAPHIC
PAIR-1637,GFX-U-GUIDE-X1,GFX-L-XTICK-4,GRAPHIC,GRAPHIC,GRAPHIC__GRAPHIC
PAIR-1638,GFX-U-GUIDE-X1,GFX-L-YTICK-000,GRAPHIC,GRAPHIC,GRAPHIC__GRAPHIC
PAIR-1639,GFX-U-GUIDE-X1,GFX-L-YTICK-015,GRAPHIC,GRAPHIC,GRAPHIC__GRAPHIC
PAIR-1640,GFX-U-GUIDE-X1,GFX-L-YTICK-030,GRAPHIC,GRAPHIC,GRAPHIC__GRAPHIC
PAIR-1641,GFX-U-GUIDE-X1,GFX-L-YTICK-035,GRAPHIC,GRAPHIC,GRAPHIC__GRAPHIC
PAIR-1642,GFX-U-GUIDE-X1,GFX-L-PMF-STEM-1,GRAPHIC,GRAPHIC,GRAPHIC__GRAPHIC
PAIR-1643,GFX-U-GUIDE-X1,GFX-L-PMF-STEM-2,GRAPHIC,GRAPHIC,GRAPHIC__GRAPHIC
PAIR-1644,GFX-U-GUIDE-X1,GFX-L-PMF-STEM-3,GRAPHIC,GRAPHIC,GRAPHIC__GRAPHIC
PAIR-1645,GFX-U-GUIDE-X1,GFX-L-PMF-STEM-4,GRAPHIC,GRAPHIC,GRAPHIC__GRAPHIC
PAIR-1646,GFX-U-GUIDE-X1,GFX-L-PMF-MARK-1,GRAPHIC,GRAPHIC,GRAPHIC__GRAPHIC
PAIR-1647,GFX-U-GUIDE-X1,GFX-L-PMF-MARK-2,GRAPHIC,GRAPHIC,GRAPHIC__GRAPHIC
PAIR-1648,GFX-U-GUIDE-X1,GFX-L-PMF-MARK-3,GRAPHIC,GRAPHIC,GRAPHIC__GRAPHIC
PAIR-1649,GFX-U-GUIDE-X1,GFX-L-PMF-MARK-4,GRAPHIC,GRAPHIC,GRAPHIC__GRAPHIC
PAIR-1650,GFX-U-GUIDE-X1,GFX-L-GUIDE-X1,GRAPHIC,GRAPHIC,GRAPHIC__GRAPHIC
PAIR-1651,GFX-U-GUIDE-X1,GFX-L-GUIDE-X2,GRAPHIC,GRAPHIC,GRAPHIC__GRAPHIC
PAIR-1652,GFX-U-GUIDE-X1,GFX-L-GUIDE-X3,GRAPHIC,GRAPHIC,GRAPHIC__GRAPHIC
PAIR-1653,GFX-U-GUIDE-X1,GFX-L-GUIDE-X4,GRAPHIC,GRAPHIC,GRAPHIC__GRAPHIC
PAIR-1654,GFX-U-GUIDE-X2,GFX-U-GUIDE-X3,GRAPHIC,GRAPHIC,GRAPHIC__GRAPHIC
PAIR-1655,GFX-U-GUIDE-X2,GFX-U-GUIDE-X4,GRAPHIC,GRAPHIC,GRAPHIC__GRAPHIC
PAIR-1656,GFX-U-GUIDE-X2,GFX-L-AXIS-X,GRAPHIC,GRAPHIC,GRAPHIC__GRAPHIC
PAIR-1657,GFX-U-GUIDE-X2,GFX-L-AXIS-Y,GRAPHIC,GRAPHIC,GRAPHIC__GRAPHIC
PAIR-1658,GFX-U-GUIDE-X2,GFX-L-XTICK-1,GRAPHIC,GRAPHIC,GRAPHIC__GRAPHIC
PAIR-1659,GFX-U-GUIDE-X2,GFX-L-XTICK-2,GRAPHIC,GRAPHIC,GRAPHIC__GRAPHIC
PAIR-1660,GFX-U-GUIDE-X2,GFX-L-XTICK-3,GRAPHIC,GRAPHIC,GRAPHIC__GRAPHIC
PAIR-1661,GFX-U-GUIDE-X2,GFX-L-XTICK-4,GRAPHIC,GRAPHIC,GRAPHIC__GRAPHIC
PAIR-1662,GFX-U-GUIDE-X2,GFX-L-YTICK-000,GRAPHIC,GRAPHIC,GRAPHIC__GRAPHIC
PAIR-1663,GFX-U-GUIDE-X2,GFX-L-YTICK-015,GRAPHIC,GRAPHIC,GRAPHIC__GRAPHIC
PAIR-1664,GFX-U-GUIDE-X2,GFX-L-YTICK-030,GRAPHIC,GRAPHIC,GRAPHIC__GRAPHIC
PAIR-1665,GFX-U-GUIDE-X2,GFX-L-YTICK-035,GRAPHIC,GRAPHIC,GRAPHIC__GRAPHIC
PAIR-1666,GFX-U-GUIDE-X2,GFX-L-PMF-STEM-1,GRAPHIC,GRAPHIC,GRAPHIC__GRAPHIC
PAIR-1667,GFX-U-GUIDE-X2,GFX-L-PMF-STEM-2,GRAPHIC,GRAPHIC,GRAPHIC__GRAPHIC
PAIR-1668,GFX-U-GUIDE-X2,GFX-L-PMF-STEM-3,GRAPHIC,GRAPHIC,GRAPHIC__GRAPHIC
PAIR-1669,GFX-U-GUIDE-X2,GFX-L-PMF-STEM-4,GRAPHIC,GRAPHIC,GRAPHIC__GRAPHIC
PAIR-1670,GFX-U-GUIDE-X2,GFX-L-PMF-MARK-1,GRAPHIC,GRAPHIC,GRAPHIC__GRAPHIC
PAIR-1671,GFX-U-GUIDE-X2,GFX-L-PMF-MARK-2,GRAPHIC,GRAPHIC,GRAPHIC__GRAPHIC
PAIR-1672,GFX-U-GUIDE-X2,GFX-L-PMF-MARK-3,GRAPHIC,GRAPHIC,GRAPHIC__GRAPHIC
PAIR-1673,GFX-U-GUIDE-X2,GFX-L-PMF-MARK-4,GRAPHIC,GRAPHIC,GRAPHIC__GRAPHIC
PAIR-1674,GFX-U-GUIDE-X2,GFX-L-GUIDE-X1,GRAPHIC,GRAPHIC,GRAPHIC__GRAPHIC
PAIR-1675,GFX-U-GUIDE-X2,GFX-L-GUIDE-X2,GRAPHIC,GRAPHIC,GRAPHIC__GRAPHIC
PAIR-1676,GFX-U-GUIDE-X2,GFX-L-GUIDE-X3,GRAPHIC,GRAPHIC,GRAPHIC__GRAPHIC
PAIR-1677,GFX-U-GUIDE-X2,GFX-L-GUIDE-X4,GRAPHIC,GRAPHIC,GRAPHIC__GRAPHIC
PAIR-1678,GFX-U-GUIDE-X3,GFX-U-GUIDE-X4,GRAPHIC,GRAPHIC,GRAPHIC__GRAPHIC
PAIR-1679,GFX-U-GUIDE-X3,GFX-L-AXIS-X,GRAPHIC,GRAPHIC,GRAPHIC__GRAPHIC
PAIR-1680,GFX-U-GUIDE-X3,GFX-L-AXIS-Y,GRAPHIC,GRAPHIC,GRAPHIC__GRAPHIC
PAIR-1681,GFX-U-GUIDE-X3,GFX-L-XTICK-1,GRAPHIC,GRAPHIC,GRAPHIC__GRAPHIC
PAIR-1682,GFX-U-GUIDE-X3,GFX-L-XTICK-2,GRAPHIC,GRAPHIC,GRAPHIC__GRAPHIC
PAIR-1683,GFX-U-GUIDE-X3,GFX-L-XTICK-3,GRAPHIC,GRAPHIC,GRAPHIC__GRAPHIC
PAIR-1684,GFX-U-GUIDE-X3,GFX-L-XTICK-4,GRAPHIC,GRAPHIC,GRAPHIC__GRAPHIC
PAIR-1685,GFX-U-GUIDE-X3,GFX-L-YTICK-000,GRAPHIC,GRAPHIC,GRAPHIC__GRAPHIC
PAIR-1686,GFX-U-GUIDE-X3,GFX-L-YTICK-015,GRAPHIC,GRAPHIC,GRAPHIC__GRAPHIC
PAIR-1687,GFX-U-GUIDE-X3,GFX-L-YTICK-030,GRAPHIC,GRAPHIC,GRAPHIC__GRAPHIC
PAIR-1688,GFX-U-GUIDE-X3,GFX-L-YTICK-035,GRAPHIC,GRAPHIC,GRAPHIC__GRAPHIC
PAIR-1689,GFX-U-GUIDE-X3,GFX-L-PMF-STEM-1,GRAPHIC,GRAPHIC,GRAPHIC__GRAPHIC
PAIR-1690,GFX-U-GUIDE-X3,GFX-L-PMF-STEM-2,GRAPHIC,GRAPHIC,GRAPHIC__GRAPHIC
PAIR-1691,GFX-U-GUIDE-X3,GFX-L-PMF-STEM-3,GRAPHIC,GRAPHIC,GRAPHIC__GRAPHIC
PAIR-1692,GFX-U-GUIDE-X3,GFX-L-PMF-STEM-4,GRAPHIC,GRAPHIC,GRAPHIC__GRAPHIC
PAIR-1693,GFX-U-GUIDE-X3,GFX-L-PMF-MARK-1,GRAPHIC,GRAPHIC,GRAPHIC__GRAPHIC
PAIR-1694,GFX-U-GUIDE-X3,GFX-L-PMF-MARK-2,GRAPHIC,GRAPHIC,GRAPHIC__GRAPHIC
PAIR-1695,GFX-U-GUIDE-X3,GFX-L-PMF-MARK-3,GRAPHIC,GRAPHIC,GRAPHIC__GRAPHIC
PAIR-1696,GFX-U-GUIDE-X3,GFX-L-PMF-MARK-4,GRAPHIC,GRAPHIC,GRAPHIC__GRAPHIC
PAIR-1697,GFX-U-GUIDE-X3,GFX-L-GUIDE-X1,GRAPHIC,GRAPHIC,GRAPHIC__GRAPHIC
PAIR-1698,GFX-U-GUIDE-X3,GFX-L-GUIDE-X2,GRAPHIC,GRAPHIC,GRAPHIC__GRAPHIC
PAIR-1699,GFX-U-GUIDE-X3,GFX-L-GUIDE-X3,GRAPHIC,GRAPHIC,GRAPHIC__GRAPHIC
PAIR-1700,GFX-U-GUIDE-X3,GFX-L-GUIDE-X4,GRAPHIC,GRAPHIC,GRAPHIC__GRAPHIC
PAIR-1701,GFX-U-GUIDE-X4,GFX-L-AXIS-X,GRAPHIC,GRAPHIC,GRAPHIC__GRAPHIC
PAIR-1702,GFX-U-GUIDE-X4,GFX-L-AXIS-Y,GRAPHIC,GRAPHIC,GRAPHIC__GRAPHIC
PAIR-1703,GFX-U-GUIDE-X4,GFX-L-XTICK-1,GRAPHIC,GRAPHIC,GRAPHIC__GRAPHIC
PAIR-1704,GFX-U-GUIDE-X4,GFX-L-XTICK-2,GRAPHIC,GRAPHIC,GRAPHIC__GRAPHIC
PAIR-1705,GFX-U-GUIDE-X4,GFX-L-XTICK-3,GRAPHIC,GRAPHIC,GRAPHIC__GRAPHIC
PAIR-1706,GFX-U-GUIDE-X4,GFX-L-XTICK-4,GRAPHIC,GRAPHIC,GRAPHIC__GRAPHIC
PAIR-1707,GFX-U-GUIDE-X4,GFX-L-YTICK-000,GRAPHIC,GRAPHIC,GRAPHIC__GRAPHIC
PAIR-1708,GFX-U-GUIDE-X4,GFX-L-YTICK-015,GRAPHIC,GRAPHIC,GRAPHIC__GRAPHIC
PAIR-1709,GFX-U-GUIDE-X4,GFX-L-YTICK-030,GRAPHIC,GRAPHIC,GRAPHIC__GRAPHIC
PAIR-1710,GFX-U-GUIDE-X4,GFX-L-YTICK-035,GRAPHIC,GRAPHIC,GRAPHIC__GRAPHIC
PAIR-1711,GFX-U-GUIDE-X4,GFX-L-PMF-STEM-1,GRAPHIC,GRAPHIC,GRAPHIC__GRAPHIC
PAIR-1712,GFX-U-GUIDE-X4,GFX-L-PMF-STEM-2,GRAPHIC,GRAPHIC,GRAPHIC__GRAPHIC
PAIR-1713,GFX-U-GUIDE-X4,GFX-L-PMF-STEM-3,GRAPHIC,GRAPHIC,GRAPHIC__GRAPHIC
PAIR-1714,GFX-U-GUIDE-X4,GFX-L-PMF-STEM-4,GRAPHIC,GRAPHIC,GRAPHIC__GRAPHIC
PAIR-1715,GFX-U-GUIDE-X4,GFX-L-PMF-MARK-1,GRAPHIC,GRAPHIC,GRAPHIC__GRAPHIC
PAIR-1716,GFX-U-GUIDE-X4,GFX-L-PMF-MARK-2,GRAPHIC,GRAPHIC,GRAPHIC__GRAPHIC
PAIR-1717,GFX-U-GUIDE-X4,GFX-L-PMF-MARK-3,GRAPHIC,GRAPHIC,GRAPHIC__GRAPHIC
PAIR-1718,GFX-U-GUIDE-X4,GFX-L-PMF-MARK-4,GRAPHIC,GRAPHIC,GRAPHIC__GRAPHIC
PAIR-1719,GFX-U-GUIDE-X4,GFX-L-GUIDE-X1,GRAPHIC,GRAPHIC,GRAPHIC__GRAPHIC
PAIR-1720,GFX-U-GUIDE-X4,GFX-L-GUIDE-X2,GRAPHIC,GRAPHIC,GRAPHIC__GRAPHIC
PAIR-1721,GFX-U-GUIDE-X4,GFX-L-GUIDE-X3,GRAPHIC,GRAPHIC,GRAPHIC__GRAPHIC
PAIR-1722,GFX-U-GUIDE-X4,GFX-L-GUIDE-X4,GRAPHIC,GRAPHIC,GRAPHIC__GRAPHIC
PAIR-1723,GFX-L-AXIS-X,GFX-L-AXIS-Y,GRAPHIC,GRAPHIC,GRAPHIC__GRAPHIC
PAIR-1724,GFX-L-AXIS-X,GFX-L-XTICK-1,GRAPHIC,GRAPHIC,GRAPHIC__GRAPHIC
PAIR-1725,GFX-L-AXIS-X,GFX-L-XTICK-2,GRAPHIC,GRAPHIC,GRAPHIC__GRAPHIC
PAIR-1726,GFX-L-AXIS-X,GFX-L-XTICK-3,GRAPHIC,GRAPHIC,GRAPHIC__GRAPHIC
PAIR-1727,GFX-L-AXIS-X,GFX-L-XTICK-4,GRAPHIC,GRAPHIC,GRAPHIC__GRAPHIC
PAIR-1728,GFX-L-AXIS-X,GFX-L-YTICK-000,GRAPHIC,GRAPHIC,GRAPHIC__GRAPHIC
PAIR-1729,GFX-L-AXIS-X,GFX-L-YTICK-015,GRAPHIC,GRAPHIC,GRAPHIC__GRAPHIC
PAIR-1730,GFX-L-AXIS-X,GFX-L-YTICK-030,GRAPHIC,GRAPHIC,GRAPHIC__GRAPHIC
PAIR-1731,GFX-L-AXIS-X,GFX-L-YTICK-035,GRAPHIC,GRAPHIC,GRAPHIC__GRAPHIC
PAIR-1732,GFX-L-AXIS-X,GFX-L-PMF-STEM-1,GRAPHIC,GRAPHIC,GRAPHIC__GRAPHIC
PAIR-1733,GFX-L-AXIS-X,GFX-L-PMF-STEM-2,GRAPHIC,GRAPHIC,GRAPHIC__GRAPHIC
PAIR-1734,GFX-L-AXIS-X,GFX-L-PMF-STEM-3,GRAPHIC,GRAPHIC,GRAPHIC__GRAPHIC
PAIR-1735,GFX-L-AXIS-X,GFX-L-PMF-STEM-4,GRAPHIC,GRAPHIC,GRAPHIC__GRAPHIC
PAIR-1736,GFX-L-AXIS-X,GFX-L-PMF-MARK-1,GRAPHIC,GRAPHIC,GRAPHIC__GRAPHIC
PAIR-1737,GFX-L-AXIS-X,GFX-L-PMF-MARK-2,GRAPHIC,GRAPHIC,GRAPHIC__GRAPHIC
PAIR-1738,GFX-L-AXIS-X,GFX-L-PMF-MARK-3,GRAPHIC,GRAPHIC,GRAPHIC__GRAPHIC
PAIR-1739,GFX-L-AXIS-X,GFX-L-PMF-MARK-4,GRAPHIC,GRAPHIC,GRAPHIC__GRAPHIC
PAIR-1740,GFX-L-AXIS-X,GFX-L-GUIDE-X1,GRAPHIC,GRAPHIC,GRAPHIC__GRAPHIC
PAIR-1741,GFX-L-AXIS-X,GFX-L-GUIDE-X2,GRAPHIC,GRAPHIC,GRAPHIC__GRAPHIC
PAIR-1742,GFX-L-AXIS-X,GFX-L-GUIDE-X3,GRAPHIC,GRAPHIC,GRAPHIC__GRAPHIC
PAIR-1743,GFX-L-AXIS-X,GFX-L-GUIDE-X4,GRAPHIC,GRAPHIC,GRAPHIC__GRAPHIC
PAIR-1744,GFX-L-AXIS-Y,GFX-L-XTICK-1,GRAPHIC,GRAPHIC,GRAPHIC__GRAPHIC
PAIR-1745,GFX-L-AXIS-Y,GFX-L-XTICK-2,GRAPHIC,GRAPHIC,GRAPHIC__GRAPHIC
PAIR-1746,GFX-L-AXIS-Y,GFX-L-XTICK-3,GRAPHIC,GRAPHIC,GRAPHIC__GRAPHIC
PAIR-1747,GFX-L-AXIS-Y,GFX-L-XTICK-4,GRAPHIC,GRAPHIC,GRAPHIC__GRAPHIC
PAIR-1748,GFX-L-AXIS-Y,GFX-L-YTICK-000,GRAPHIC,GRAPHIC,GRAPHIC__GRAPHIC
PAIR-1749,GFX-L-AXIS-Y,GFX-L-YTICK-015,GRAPHIC,GRAPHIC,GRAPHIC__GRAPHIC
PAIR-1750,GFX-L-AXIS-Y,GFX-L-YTICK-030,GRAPHIC,GRAPHIC,GRAPHIC__GRAPHIC
PAIR-1751,GFX-L-AXIS-Y,GFX-L-YTICK-035,GRAPHIC,GRAPHIC,GRAPHIC__GRAPHIC
PAIR-1752,GFX-L-AXIS-Y,GFX-L-PMF-STEM-1,GRAPHIC,GRAPHIC,GRAPHIC__GRAPHIC
PAIR-1753,GFX-L-AXIS-Y,GFX-L-PMF-STEM-2,GRAPHIC,GRAPHIC,GRAPHIC__GRAPHIC
PAIR-1754,GFX-L-AXIS-Y,GFX-L-PMF-STEM-3,GRAPHIC,GRAPHIC,GRAPHIC__GRAPHIC
PAIR-1755,GFX-L-AXIS-Y,GFX-L-PMF-STEM-4,GRAPHIC,GRAPHIC,GRAPHIC__GRAPHIC
PAIR-1756,GFX-L-AXIS-Y,GFX-L-PMF-MARK-1,GRAPHIC,GRAPHIC,GRAPHIC__GRAPHIC
PAIR-1757,GFX-L-AXIS-Y,GFX-L-PMF-MARK-2,GRAPHIC,GRAPHIC,GRAPHIC__GRAPHIC
PAIR-1758,GFX-L-AXIS-Y,GFX-L-PMF-MARK-3,GRAPHIC,GRAPHIC,GRAPHIC__GRAPHIC
PAIR-1759,GFX-L-AXIS-Y,GFX-L-PMF-MARK-4,GRAPHIC,GRAPHIC,GRAPHIC__GRAPHIC
PAIR-1760,GFX-L-AXIS-Y,GFX-L-GUIDE-X1,GRAPHIC,GRAPHIC,GRAPHIC__GRAPHIC
PAIR-1761,GFX-L-AXIS-Y,GFX-L-GUIDE-X2,GRAPHIC,GRAPHIC,GRAPHIC__GRAPHIC
PAIR-1762,GFX-L-AXIS-Y,GFX-L-GUIDE-X3,GRAPHIC,GRAPHIC,GRAPHIC__GRAPHIC
PAIR-1763,GFX-L-AXIS-Y,GFX-L-GUIDE-X4,GRAPHIC,GRAPHIC,GRAPHIC__GRAPHIC
PAIR-1764,GFX-L-XTICK-1,GFX-L-XTICK-2,GRAPHIC,GRAPHIC,GRAPHIC__GRAPHIC
PAIR-1765,GFX-L-XTICK-1,GFX-L-XTICK-3,GRAPHIC,GRAPHIC,GRAPHIC__GRAPHIC
PAIR-1766,GFX-L-XTICK-1,GFX-L-XTICK-4,GRAPHIC,GRAPHIC,GRAPHIC__GRAPHIC
PAIR-1767,GFX-L-XTICK-1,GFX-L-YTICK-000,GRAPHIC,GRAPHIC,GRAPHIC__GRAPHIC
PAIR-1768,GFX-L-XTICK-1,GFX-L-YTICK-015,GRAPHIC,GRAPHIC,GRAPHIC__GRAPHIC
PAIR-1769,GFX-L-XTICK-1,GFX-L-YTICK-030,GRAPHIC,GRAPHIC,GRAPHIC__GRAPHIC
PAIR-1770,GFX-L-XTICK-1,GFX-L-YTICK-035,GRAPHIC,GRAPHIC,GRAPHIC__GRAPHIC
PAIR-1771,GFX-L-XTICK-1,GFX-L-PMF-STEM-1,GRAPHIC,GRAPHIC,GRAPHIC__GRAPHIC
PAIR-1772,GFX-L-XTICK-1,GFX-L-PMF-STEM-2,GRAPHIC,GRAPHIC,GRAPHIC__GRAPHIC
PAIR-1773,GFX-L-XTICK-1,GFX-L-PMF-STEM-3,GRAPHIC,GRAPHIC,GRAPHIC__GRAPHIC
PAIR-1774,GFX-L-XTICK-1,GFX-L-PMF-STEM-4,GRAPHIC,GRAPHIC,GRAPHIC__GRAPHIC
PAIR-1775,GFX-L-XTICK-1,GFX-L-PMF-MARK-1,GRAPHIC,GRAPHIC,GRAPHIC__GRAPHIC
PAIR-1776,GFX-L-XTICK-1,GFX-L-PMF-MARK-2,GRAPHIC,GRAPHIC,GRAPHIC__GRAPHIC
PAIR-1777,GFX-L-XTICK-1,GFX-L-PMF-MARK-3,GRAPHIC,GRAPHIC,GRAPHIC__GRAPHIC
PAIR-1778,GFX-L-XTICK-1,GFX-L-PMF-MARK-4,GRAPHIC,GRAPHIC,GRAPHIC__GRAPHIC
PAIR-1779,GFX-L-XTICK-1,GFX-L-GUIDE-X1,GRAPHIC,GRAPHIC,GRAPHIC__GRAPHIC
PAIR-1780,GFX-L-XTICK-1,GFX-L-GUIDE-X2,GRAPHIC,GRAPHIC,GRAPHIC__GRAPHIC
PAIR-1781,GFX-L-XTICK-1,GFX-L-GUIDE-X3,GRAPHIC,GRAPHIC,GRAPHIC__GRAPHIC
PAIR-1782,GFX-L-XTICK-1,GFX-L-GUIDE-X4,GRAPHIC,GRAPHIC,GRAPHIC__GRAPHIC
PAIR-1783,GFX-L-XTICK-2,GFX-L-XTICK-3,GRAPHIC,GRAPHIC,GRAPHIC__GRAPHIC
PAIR-1784,GFX-L-XTICK-2,GFX-L-XTICK-4,GRAPHIC,GRAPHIC,GRAPHIC__GRAPHIC
PAIR-1785,GFX-L-XTICK-2,GFX-L-YTICK-000,GRAPHIC,GRAPHIC,GRAPHIC__GRAPHIC
PAIR-1786,GFX-L-XTICK-2,GFX-L-YTICK-015,GRAPHIC,GRAPHIC,GRAPHIC__GRAPHIC
PAIR-1787,GFX-L-XTICK-2,GFX-L-YTICK-030,GRAPHIC,GRAPHIC,GRAPHIC__GRAPHIC
PAIR-1788,GFX-L-XTICK-2,GFX-L-YTICK-035,GRAPHIC,GRAPHIC,GRAPHIC__GRAPHIC
PAIR-1789,GFX-L-XTICK-2,GFX-L-PMF-STEM-1,GRAPHIC,GRAPHIC,GRAPHIC__GRAPHIC
PAIR-1790,GFX-L-XTICK-2,GFX-L-PMF-STEM-2,GRAPHIC,GRAPHIC,GRAPHIC__GRAPHIC
PAIR-1791,GFX-L-XTICK-2,GFX-L-PMF-STEM-3,GRAPHIC,GRAPHIC,GRAPHIC__GRAPHIC
PAIR-1792,GFX-L-XTICK-2,GFX-L-PMF-STEM-4,GRAPHIC,GRAPHIC,GRAPHIC__GRAPHIC
PAIR-1793,GFX-L-XTICK-2,GFX-L-PMF-MARK-1,GRAPHIC,GRAPHIC,GRAPHIC__GRAPHIC
PAIR-1794,GFX-L-XTICK-2,GFX-L-PMF-MARK-2,GRAPHIC,GRAPHIC,GRAPHIC__GRAPHIC
PAIR-1795,GFX-L-XTICK-2,GFX-L-PMF-MARK-3,GRAPHIC,GRAPHIC,GRAPHIC__GRAPHIC
PAIR-1796,GFX-L-XTICK-2,GFX-L-PMF-MARK-4,GRAPHIC,GRAPHIC,GRAPHIC__GRAPHIC
PAIR-1797,GFX-L-XTICK-2,GFX-L-GUIDE-X1,GRAPHIC,GRAPHIC,GRAPHIC__GRAPHIC
PAIR-1798,GFX-L-XTICK-2,GFX-L-GUIDE-X2,GRAPHIC,GRAPHIC,GRAPHIC__GRAPHIC
PAIR-1799,GFX-L-XTICK-2,GFX-L-GUIDE-X3,GRAPHIC,GRAPHIC,GRAPHIC__GRAPHIC
PAIR-1800,GFX-L-XTICK-2,GFX-L-GUIDE-X4,GRAPHIC,GRAPHIC,GRAPHIC__GRAPHIC
PAIR-1801,GFX-L-XTICK-3,GFX-L-XTICK-4,GRAPHIC,GRAPHIC,GRAPHIC__GRAPHIC
PAIR-1802,GFX-L-XTICK-3,GFX-L-YTICK-000,GRAPHIC,GRAPHIC,GRAPHIC__GRAPHIC
PAIR-1803,GFX-L-XTICK-3,GFX-L-YTICK-015,GRAPHIC,GRAPHIC,GRAPHIC__GRAPHIC
PAIR-1804,GFX-L-XTICK-3,GFX-L-YTICK-030,GRAPHIC,GRAPHIC,GRAPHIC__GRAPHIC
PAIR-1805,GFX-L-XTICK-3,GFX-L-YTICK-035,GRAPHIC,GRAPHIC,GRAPHIC__GRAPHIC
PAIR-1806,GFX-L-XTICK-3,GFX-L-PMF-STEM-1,GRAPHIC,GRAPHIC,GRAPHIC__GRAPHIC
PAIR-1807,GFX-L-XTICK-3,GFX-L-PMF-STEM-2,GRAPHIC,GRAPHIC,GRAPHIC__GRAPHIC
PAIR-1808,GFX-L-XTICK-3,GFX-L-PMF-STEM-3,GRAPHIC,GRAPHIC,GRAPHIC__GRAPHIC
PAIR-1809,GFX-L-XTICK-3,GFX-L-PMF-STEM-4,GRAPHIC,GRAPHIC,GRAPHIC__GRAPHIC
PAIR-1810,GFX-L-XTICK-3,GFX-L-PMF-MARK-1,GRAPHIC,GRAPHIC,GRAPHIC__GRAPHIC
PAIR-1811,GFX-L-XTICK-3,GFX-L-PMF-MARK-2,GRAPHIC,GRAPHIC,GRAPHIC__GRAPHIC
PAIR-1812,GFX-L-XTICK-3,GFX-L-PMF-MARK-3,GRAPHIC,GRAPHIC,GRAPHIC__GRAPHIC
PAIR-1813,GFX-L-XTICK-3,GFX-L-PMF-MARK-4,GRAPHIC,GRAPHIC,GRAPHIC__GRAPHIC
PAIR-1814,GFX-L-XTICK-3,GFX-L-GUIDE-X1,GRAPHIC,GRAPHIC,GRAPHIC__GRAPHIC
PAIR-1815,GFX-L-XTICK-3,GFX-L-GUIDE-X2,GRAPHIC,GRAPHIC,GRAPHIC__GRAPHIC
PAIR-1816,GFX-L-XTICK-3,GFX-L-GUIDE-X3,GRAPHIC,GRAPHIC,GRAPHIC__GRAPHIC
PAIR-1817,GFX-L-XTICK-3,GFX-L-GUIDE-X4,GRAPHIC,GRAPHIC,GRAPHIC__GRAPHIC
PAIR-1818,GFX-L-XTICK-4,GFX-L-YTICK-000,GRAPHIC,GRAPHIC,GRAPHIC__GRAPHIC
PAIR-1819,GFX-L-XTICK-4,GFX-L-YTICK-015,GRAPHIC,GRAPHIC,GRAPHIC__GRAPHIC
PAIR-1820,GFX-L-XTICK-4,GFX-L-YTICK-030,GRAPHIC,GRAPHIC,GRAPHIC__GRAPHIC
PAIR-1821,GFX-L-XTICK-4,GFX-L-YTICK-035,GRAPHIC,GRAPHIC,GRAPHIC__GRAPHIC
PAIR-1822,GFX-L-XTICK-4,GFX-L-PMF-STEM-1,GRAPHIC,GRAPHIC,GRAPHIC__GRAPHIC
PAIR-1823,GFX-L-XTICK-4,GFX-L-PMF-STEM-2,GRAPHIC,GRAPHIC,GRAPHIC__GRAPHIC
PAIR-1824,GFX-L-XTICK-4,GFX-L-PMF-STEM-3,GRAPHIC,GRAPHIC,GRAPHIC__GRAPHIC
PAIR-1825,GFX-L-XTICK-4,GFX-L-PMF-STEM-4,GRAPHIC,GRAPHIC,GRAPHIC__GRAPHIC
PAIR-1826,GFX-L-XTICK-4,GFX-L-PMF-MARK-1,GRAPHIC,GRAPHIC,GRAPHIC__GRAPHIC
PAIR-1827,GFX-L-XTICK-4,GFX-L-PMF-MARK-2,GRAPHIC,GRAPHIC,GRAPHIC__GRAPHIC
PAIR-1828,GFX-L-XTICK-4,GFX-L-PMF-MARK-3,GRAPHIC,GRAPHIC,GRAPHIC__GRAPHIC
PAIR-1829,GFX-L-XTICK-4,GFX-L-PMF-MARK-4,GRAPHIC,GRAPHIC,GRAPHIC__GRAPHIC
PAIR-1830,GFX-L-XTICK-4,GFX-L-GUIDE-X1,GRAPHIC,GRAPHIC,GRAPHIC__GRAPHIC
PAIR-1831,GFX-L-XTICK-4,GFX-L-GUIDE-X2,GRAPHIC,GRAPHIC,GRAPHIC__GRAPHIC
PAIR-1832,GFX-L-XTICK-4,GFX-L-GUIDE-X3,GRAPHIC,GRAPHIC,GRAPHIC__GRAPHIC
PAIR-1833,GFX-L-XTICK-4,GFX-L-GUIDE-X4,GRAPHIC,GRAPHIC,GRAPHIC__GRAPHIC
PAIR-1834,GFX-L-YTICK-000,GFX-L-YTICK-015,GRAPHIC,GRAPHIC,GRAPHIC__GRAPHIC
PAIR-1835,GFX-L-YTICK-000,GFX-L-YTICK-030,GRAPHIC,GRAPHIC,GRAPHIC__GRAPHIC
PAIR-1836,GFX-L-YTICK-000,GFX-L-YTICK-035,GRAPHIC,GRAPHIC,GRAPHIC__GRAPHIC
PAIR-1837,GFX-L-YTICK-000,GFX-L-PMF-STEM-1,GRAPHIC,GRAPHIC,GRAPHIC__GRAPHIC
PAIR-1838,GFX-L-YTICK-000,GFX-L-PMF-STEM-2,GRAPHIC,GRAPHIC,GRAPHIC__GRAPHIC
PAIR-1839,GFX-L-YTICK-000,GFX-L-PMF-STEM-3,GRAPHIC,GRAPHIC,GRAPHIC__GRAPHIC
PAIR-1840,GFX-L-YTICK-000,GFX-L-PMF-STEM-4,GRAPHIC,GRAPHIC,GRAPHIC__GRAPHIC
PAIR-1841,GFX-L-YTICK-000,GFX-L-PMF-MARK-1,GRAPHIC,GRAPHIC,GRAPHIC__GRAPHIC
PAIR-1842,GFX-L-YTICK-000,GFX-L-PMF-MARK-2,GRAPHIC,GRAPHIC,GRAPHIC__GRAPHIC
PAIR-1843,GFX-L-YTICK-000,GFX-L-PMF-MARK-3,GRAPHIC,GRAPHIC,GRAPHIC__GRAPHIC
PAIR-1844,GFX-L-YTICK-000,GFX-L-PMF-MARK-4,GRAPHIC,GRAPHIC,GRAPHIC__GRAPHIC
PAIR-1845,GFX-L-YTICK-000,GFX-L-GUIDE-X1,GRAPHIC,GRAPHIC,GRAPHIC__GRAPHIC
PAIR-1846,GFX-L-YTICK-000,GFX-L-GUIDE-X2,GRAPHIC,GRAPHIC,GRAPHIC__GRAPHIC
PAIR-1847,GFX-L-YTICK-000,GFX-L-GUIDE-X3,GRAPHIC,GRAPHIC,GRAPHIC__GRAPHIC
PAIR-1848,GFX-L-YTICK-000,GFX-L-GUIDE-X4,GRAPHIC,GRAPHIC,GRAPHIC__GRAPHIC
PAIR-1849,GFX-L-YTICK-015,GFX-L-YTICK-030,GRAPHIC,GRAPHIC,GRAPHIC__GRAPHIC
PAIR-1850,GFX-L-YTICK-015,GFX-L-YTICK-035,GRAPHIC,GRAPHIC,GRAPHIC__GRAPHIC
PAIR-1851,GFX-L-YTICK-015,GFX-L-PMF-STEM-1,GRAPHIC,GRAPHIC,GRAPHIC__GRAPHIC
PAIR-1852,GFX-L-YTICK-015,GFX-L-PMF-STEM-2,GRAPHIC,GRAPHIC,GRAPHIC__GRAPHIC
PAIR-1853,GFX-L-YTICK-015,GFX-L-PMF-STEM-3,GRAPHIC,GRAPHIC,GRAPHIC__GRAPHIC
PAIR-1854,GFX-L-YTICK-015,GFX-L-PMF-STEM-4,GRAPHIC,GRAPHIC,GRAPHIC__GRAPHIC
PAIR-1855,GFX-L-YTICK-015,GFX-L-PMF-MARK-1,GRAPHIC,GRAPHIC,GRAPHIC__GRAPHIC
PAIR-1856,GFX-L-YTICK-015,GFX-L-PMF-MARK-2,GRAPHIC,GRAPHIC,GRAPHIC__GRAPHIC
PAIR-1857,GFX-L-YTICK-015,GFX-L-PMF-MARK-3,GRAPHIC,GRAPHIC,GRAPHIC__GRAPHIC
PAIR-1858,GFX-L-YTICK-015,GFX-L-PMF-MARK-4,GRAPHIC,GRAPHIC,GRAPHIC__GRAPHIC
PAIR-1859,GFX-L-YTICK-015,GFX-L-GUIDE-X1,GRAPHIC,GRAPHIC,GRAPHIC__GRAPHIC
PAIR-1860,GFX-L-YTICK-015,GFX-L-GUIDE-X2,GRAPHIC,GRAPHIC,GRAPHIC__GRAPHIC
PAIR-1861,GFX-L-YTICK-015,GFX-L-GUIDE-X3,GRAPHIC,GRAPHIC,GRAPHIC__GRAPHIC
PAIR-1862,GFX-L-YTICK-015,GFX-L-GUIDE-X4,GRAPHIC,GRAPHIC,GRAPHIC__GRAPHIC
PAIR-1863,GFX-L-YTICK-030,GFX-L-YTICK-035,GRAPHIC,GRAPHIC,GRAPHIC__GRAPHIC
PAIR-1864,GFX-L-YTICK-030,GFX-L-PMF-STEM-1,GRAPHIC,GRAPHIC,GRAPHIC__GRAPHIC
PAIR-1865,GFX-L-YTICK-030,GFX-L-PMF-STEM-2,GRAPHIC,GRAPHIC,GRAPHIC__GRAPHIC
PAIR-1866,GFX-L-YTICK-030,GFX-L-PMF-STEM-3,GRAPHIC,GRAPHIC,GRAPHIC__GRAPHIC
PAIR-1867,GFX-L-YTICK-030,GFX-L-PMF-STEM-4,GRAPHIC,GRAPHIC,GRAPHIC__GRAPHIC
PAIR-1868,GFX-L-YTICK-030,GFX-L-PMF-MARK-1,GRAPHIC,GRAPHIC,GRAPHIC__GRAPHIC
PAIR-1869,GFX-L-YTICK-030,GFX-L-PMF-MARK-2,GRAPHIC,GRAPHIC,GRAPHIC__GRAPHIC
PAIR-1870,GFX-L-YTICK-030,GFX-L-PMF-MARK-3,GRAPHIC,GRAPHIC,GRAPHIC__GRAPHIC
PAIR-1871,GFX-L-YTICK-030,GFX-L-PMF-MARK-4,GRAPHIC,GRAPHIC,GRAPHIC__GRAPHIC
PAIR-1872,GFX-L-YTICK-030,GFX-L-GUIDE-X1,GRAPHIC,GRAPHIC,GRAPHIC__GRAPHIC
PAIR-1873,GFX-L-YTICK-030,GFX-L-GUIDE-X2,GRAPHIC,GRAPHIC,GRAPHIC__GRAPHIC
PAIR-1874,GFX-L-YTICK-030,GFX-L-GUIDE-X3,GRAPHIC,GRAPHIC,GRAPHIC__GRAPHIC
PAIR-1875,GFX-L-YTICK-030,GFX-L-GUIDE-X4,GRAPHIC,GRAPHIC,GRAPHIC__GRAPHIC
PAIR-1876,GFX-L-YTICK-035,GFX-L-PMF-STEM-1,GRAPHIC,GRAPHIC,GRAPHIC__GRAPHIC
PAIR-1877,GFX-L-YTICK-035,GFX-L-PMF-STEM-2,GRAPHIC,GRAPHIC,GRAPHIC__GRAPHIC
PAIR-1878,GFX-L-YTICK-035,GFX-L-PMF-STEM-3,GRAPHIC,GRAPHIC,GRAPHIC__GRAPHIC
PAIR-1879,GFX-L-YTICK-035,GFX-L-PMF-STEM-4,GRAPHIC,GRAPHIC,GRAPHIC__GRAPHIC
PAIR-1880,GFX-L-YTICK-035,GFX-L-PMF-MARK-1,GRAPHIC,GRAPHIC,GRAPHIC__GRAPHIC
PAIR-1881,GFX-L-YTICK-035,GFX-L-PMF-MARK-2,GRAPHIC,GRAPHIC,GRAPHIC__GRAPHIC
PAIR-1882,GFX-L-YTICK-035,GFX-L-PMF-MARK-3,GRAPHIC,GRAPHIC,GRAPHIC__GRAPHIC
PAIR-1883,GFX-L-YTICK-035,GFX-L-PMF-MARK-4,GRAPHIC,GRAPHIC,GRAPHIC__GRAPHIC
PAIR-1884,GFX-L-YTICK-035,GFX-L-GUIDE-X1,GRAPHIC,GRAPHIC,GRAPHIC__GRAPHIC
PAIR-1885,GFX-L-YTICK-035,GFX-L-GUIDE-X2,GRAPHIC,GRAPHIC,GRAPHIC__GRAPHIC
PAIR-1886,GFX-L-YTICK-035,GFX-L-GUIDE-X3,GRAPHIC,GRAPHIC,GRAPHIC__GRAPHIC
PAIR-1887,GFX-L-YTICK-035,GFX-L-GUIDE-X4,GRAPHIC,GRAPHIC,GRAPHIC__GRAPHIC
PAIR-1888,GFX-L-PMF-STEM-1,GFX-L-PMF-STEM-2,GRAPHIC,GRAPHIC,GRAPHIC__GRAPHIC
PAIR-1889,GFX-L-PMF-STEM-1,GFX-L-PMF-STEM-3,GRAPHIC,GRAPHIC,GRAPHIC__GRAPHIC
PAIR-1890,GFX-L-PMF-STEM-1,GFX-L-PMF-STEM-4,GRAPHIC,GRAPHIC,GRAPHIC__GRAPHIC
PAIR-1891,GFX-L-PMF-STEM-1,GFX-L-PMF-MARK-1,GRAPHIC,GRAPHIC,GRAPHIC__GRAPHIC
PAIR-1892,GFX-L-PMF-STEM-1,GFX-L-PMF-MARK-2,GRAPHIC,GRAPHIC,GRAPHIC__GRAPHIC
PAIR-1893,GFX-L-PMF-STEM-1,GFX-L-PMF-MARK-3,GRAPHIC,GRAPHIC,GRAPHIC__GRAPHIC
PAIR-1894,GFX-L-PMF-STEM-1,GFX-L-PMF-MARK-4,GRAPHIC,GRAPHIC,GRAPHIC__GRAPHIC
PAIR-1895,GFX-L-PMF-STEM-1,GFX-L-GUIDE-X1,GRAPHIC,GRAPHIC,GRAPHIC__GRAPHIC
PAIR-1896,GFX-L-PMF-STEM-1,GFX-L-GUIDE-X2,GRAPHIC,GRAPHIC,GRAPHIC__GRAPHIC
PAIR-1897,GFX-L-PMF-STEM-1,GFX-L-GUIDE-X3,GRAPHIC,GRAPHIC,GRAPHIC__GRAPHIC
PAIR-1898,GFX-L-PMF-STEM-1,GFX-L-GUIDE-X4,GRAPHIC,GRAPHIC,GRAPHIC__GRAPHIC
PAIR-1899,GFX-L-PMF-STEM-2,GFX-L-PMF-STEM-3,GRAPHIC,GRAPHIC,GRAPHIC__GRAPHIC
PAIR-1900,GFX-L-PMF-STEM-2,GFX-L-PMF-STEM-4,GRAPHIC,GRAPHIC,GRAPHIC__GRAPHIC
PAIR-1901,GFX-L-PMF-STEM-2,GFX-L-PMF-MARK-1,GRAPHIC,GRAPHIC,GRAPHIC__GRAPHIC
PAIR-1902,GFX-L-PMF-STEM-2,GFX-L-PMF-MARK-2,GRAPHIC,GRAPHIC,GRAPHIC__GRAPHIC
PAIR-1903,GFX-L-PMF-STEM-2,GFX-L-PMF-MARK-3,GRAPHIC,GRAPHIC,GRAPHIC__GRAPHIC
PAIR-1904,GFX-L-PMF-STEM-2,GFX-L-PMF-MARK-4,GRAPHIC,GRAPHIC,GRAPHIC__GRAPHIC
PAIR-1905,GFX-L-PMF-STEM-2,GFX-L-GUIDE-X1,GRAPHIC,GRAPHIC,GRAPHIC__GRAPHIC
PAIR-1906,GFX-L-PMF-STEM-2,GFX-L-GUIDE-X2,GRAPHIC,GRAPHIC,GRAPHIC__GRAPHIC
PAIR-1907,GFX-L-PMF-STEM-2,GFX-L-GUIDE-X3,GRAPHIC,GRAPHIC,GRAPHIC__GRAPHIC
PAIR-1908,GFX-L-PMF-STEM-2,GFX-L-GUIDE-X4,GRAPHIC,GRAPHIC,GRAPHIC__GRAPHIC
PAIR-1909,GFX-L-PMF-STEM-3,GFX-L-PMF-STEM-4,GRAPHIC,GRAPHIC,GRAPHIC__GRAPHIC
PAIR-1910,GFX-L-PMF-STEM-3,GFX-L-PMF-MARK-1,GRAPHIC,GRAPHIC,GRAPHIC__GRAPHIC
PAIR-1911,GFX-L-PMF-STEM-3,GFX-L-PMF-MARK-2,GRAPHIC,GRAPHIC,GRAPHIC__GRAPHIC
PAIR-1912,GFX-L-PMF-STEM-3,GFX-L-PMF-MARK-3,GRAPHIC,GRAPHIC,GRAPHIC__GRAPHIC
PAIR-1913,GFX-L-PMF-STEM-3,GFX-L-PMF-MARK-4,GRAPHIC,GRAPHIC,GRAPHIC__GRAPHIC
PAIR-1914,GFX-L-PMF-STEM-3,GFX-L-GUIDE-X1,GRAPHIC,GRAPHIC,GRAPHIC__GRAPHIC
PAIR-1915,GFX-L-PMF-STEM-3,GFX-L-GUIDE-X2,GRAPHIC,GRAPHIC,GRAPHIC__GRAPHIC
PAIR-1916,GFX-L-PMF-STEM-3,GFX-L-GUIDE-X3,GRAPHIC,GRAPHIC,GRAPHIC__GRAPHIC
PAIR-1917,GFX-L-PMF-STEM-3,GFX-L-GUIDE-X4,GRAPHIC,GRAPHIC,GRAPHIC__GRAPHIC
PAIR-1918,GFX-L-PMF-STEM-4,GFX-L-PMF-MARK-1,GRAPHIC,GRAPHIC,GRAPHIC__GRAPHIC
PAIR-1919,GFX-L-PMF-STEM-4,GFX-L-PMF-MARK-2,GRAPHIC,GRAPHIC,GRAPHIC__GRAPHIC
PAIR-1920,GFX-L-PMF-STEM-4,GFX-L-PMF-MARK-3,GRAPHIC,GRAPHIC,GRAPHIC__GRAPHIC
PAIR-1921,GFX-L-PMF-STEM-4,GFX-L-PMF-MARK-4,GRAPHIC,GRAPHIC,GRAPHIC__GRAPHIC
PAIR-1922,GFX-L-PMF-STEM-4,GFX-L-GUIDE-X1,GRAPHIC,GRAPHIC,GRAPHIC__GRAPHIC
PAIR-1923,GFX-L-PMF-STEM-4,GFX-L-GUIDE-X2,GRAPHIC,GRAPHIC,GRAPHIC__GRAPHIC
PAIR-1924,GFX-L-PMF-STEM-4,GFX-L-GUIDE-X3,GRAPHIC,GRAPHIC,GRAPHIC__GRAPHIC
PAIR-1925,GFX-L-PMF-STEM-4,GFX-L-GUIDE-X4,GRAPHIC,GRAPHIC,GRAPHIC__GRAPHIC
PAIR-1926,GFX-L-PMF-MARK-1,GFX-L-PMF-MARK-2,GRAPHIC,GRAPHIC,GRAPHIC__GRAPHIC
PAIR-1927,GFX-L-PMF-MARK-1,GFX-L-PMF-MARK-3,GRAPHIC,GRAPHIC,GRAPHIC__GRAPHIC
PAIR-1928,GFX-L-PMF-MARK-1,GFX-L-PMF-MARK-4,GRAPHIC,GRAPHIC,GRAPHIC__GRAPHIC
PAIR-1929,GFX-L-PMF-MARK-1,GFX-L-GUIDE-X1,GRAPHIC,GRAPHIC,GRAPHIC__GRAPHIC
PAIR-1930,GFX-L-PMF-MARK-1,GFX-L-GUIDE-X2,GRAPHIC,GRAPHIC,GRAPHIC__GRAPHIC
PAIR-1931,GFX-L-PMF-MARK-1,GFX-L-GUIDE-X3,GRAPHIC,GRAPHIC,GRAPHIC__GRAPHIC
PAIR-1932,GFX-L-PMF-MARK-1,GFX-L-GUIDE-X4,GRAPHIC,GRAPHIC,GRAPHIC__GRAPHIC
PAIR-1933,GFX-L-PMF-MARK-2,GFX-L-PMF-MARK-3,GRAPHIC,GRAPHIC,GRAPHIC__GRAPHIC
PAIR-1934,GFX-L-PMF-MARK-2,GFX-L-PMF-MARK-4,GRAPHIC,GRAPHIC,GRAPHIC__GRAPHIC
PAIR-1935,GFX-L-PMF-MARK-2,GFX-L-GUIDE-X1,GRAPHIC,GRAPHIC,GRAPHIC__GRAPHIC
PAIR-1936,GFX-L-PMF-MARK-2,GFX-L-GUIDE-X2,GRAPHIC,GRAPHIC,GRAPHIC__GRAPHIC
PAIR-1937,GFX-L-PMF-MARK-2,GFX-L-GUIDE-X3,GRAPHIC,GRAPHIC,GRAPHIC__GRAPHIC
PAIR-1938,GFX-L-PMF-MARK-2,GFX-L-GUIDE-X4,GRAPHIC,GRAPHIC,GRAPHIC__GRAPHIC
PAIR-1939,GFX-L-PMF-MARK-3,GFX-L-PMF-MARK-4,GRAPHIC,GRAPHIC,GRAPHIC__GRAPHIC
PAIR-1940,GFX-L-PMF-MARK-3,GFX-L-GUIDE-X1,GRAPHIC,GRAPHIC,GRAPHIC__GRAPHIC
PAIR-1941,GFX-L-PMF-MARK-3,GFX-L-GUIDE-X2,GRAPHIC,GRAPHIC,GRAPHIC__GRAPHIC
PAIR-1942,GFX-L-PMF-MARK-3,GFX-L-GUIDE-X3,GRAPHIC,GRAPHIC,GRAPHIC__GRAPHIC
PAIR-1943,GFX-L-PMF-MARK-3,GFX-L-GUIDE-X4,GRAPHIC,GRAPHIC,GRAPHIC__GRAPHIC
PAIR-1944,GFX-L-PMF-MARK-4,GFX-L-GUIDE-X1,GRAPHIC,GRAPHIC,GRAPHIC__GRAPHIC
PAIR-1945,GFX-L-PMF-MARK-4,GFX-L-GUIDE-X2,GRAPHIC,GRAPHIC,GRAPHIC__GRAPHIC
PAIR-1946,GFX-L-PMF-MARK-4,GFX-L-GUIDE-X3,GRAPHIC,GRAPHIC,GRAPHIC__GRAPHIC
PAIR-1947,GFX-L-PMF-MARK-4,GFX-L-GUIDE-X4,GRAPHIC,GRAPHIC,GRAPHIC__GRAPHIC
PAIR-1948,GFX-L-GUIDE-X1,GFX-L-GUIDE-X2,GRAPHIC,GRAPHIC,GRAPHIC__GRAPHIC
PAIR-1949,GFX-L-GUIDE-X1,GFX-L-GUIDE-X3,GRAPHIC,GRAPHIC,GRAPHIC__GRAPHIC
PAIR-1950,GFX-L-GUIDE-X1,GFX-L-GUIDE-X4,GRAPHIC,GRAPHIC,GRAPHIC__GRAPHIC
PAIR-1951,GFX-L-GUIDE-X2,GFX-L-GUIDE-X3,GRAPHIC,GRAPHIC,GRAPHIC__GRAPHIC
PAIR-1952,GFX-L-GUIDE-X2,GFX-L-GUIDE-X4,GRAPHIC,GRAPHIC,GRAPHIC__GRAPHIC
PAIR-1953,GFX-L-GUIDE-X3,GFX-L-GUIDE-X4,GRAPHIC,GRAPHIC,GRAPHIC__GRAPHIC
