pair_id,atom_id_a,atom_id_b,unordered_key,machine_bbox_intersection_area_px2,machine_bbox_clearance_px,machine_candidate_class
PAIR-000001,G-001,G-002,G-001|G-002,0.0143,0.0000,BBOX_INTERSECTION
PAIR-000002,G-001,G-003,G-001|G-003,0.0000,454.0389,BBOX_CLEAR
PAIR-000003,G-001,G-004,G-001|G-004,0.0000,472.9430,BBOX_CLEAR
PAIR-000004,G-001,G-005,G-001|G-005,0.0000,494.2622,BBOX_CLEAR
PAIR-000005,G-001,G-006,G-001|G-006,0.0000,532.4523,BBOX_CLEAR
PAIR-000006,G-001,G-007,G-001|G-007,0.0000,579.6177,BBOX_CLEAR
PAIR-000007,G-001,G-008,G-001|G-008,0.0000,615.2121,BBOX_CLEAR
PAIR-000008,G-001,G-009,G-001|G-009,0.0000,653.4022,BBOX_CLEAR
PAIR-000009,G-001,G-010,G-001|G-010,0.0000,691.5923,BBOX_CLEAR
PAIR-000010,G-001,G-011,G-001|G-011,0.0000,729.7823,BBOX_CLEAR
PAIR-000011,G-001,G-012,G-001|G-012,0.0000,767.9724,BBOX_CLEAR
PAIR-000012,G-001,G-013,G-001|G-013,0.0000,461.3599,BBOX_CLEAR
PAIR-000013,G-001,G-014,G-001|G-014,0.0000,479.9757,BBOX_CLEAR
PAIR-000014,G-001,G-015,G-001|G-015,0.0000,500.7623,BBOX_CLEAR
PAIR-000015,G-001,G-016,G-001|G-016,0.0000,538.4916,BBOX_CLEAR
PAIR-000016,G-001,G-017,G-001|G-017,0.0000,576.2816,BBOX_CLEAR
PAIR-000017,G-001,G-018,G-001|G-018,0.0000,614.1211,BBOX_CLEAR
PAIR-000018,G-001,G-019,G-001|G-019,0.0000,652.0014,BBOX_CLEAR
PAIR-000019,G-001,G-020,G-001|G-020,0.0000,689.9160,BBOX_CLEAR
PAIR-000020,G-001,G-021,G-001|G-021,0.0000,727.8593,BBOX_CLEAR
PAIR-000021,G-001,G-022,G-001|G-022,0.0000,765.8272,BBOX_CLEAR
PAIR-000022,G-001,G-023,G-001|G-023,0.0000,206.1921,BBOX_CLEAR
PAIR-000023,G-001,G-024,G-001|G-024,0.0000,234.0954,BBOX_CLEAR
PAIR-000024,G-001,G-025,G-001|G-025,0.0000,256.5709,BBOX_CLEAR
PAIR-000025,G-001,G-026,G-001|G-026,0.0000,270.0774,BBOX_CLEAR
PAIR-000026,G-001,G-027,G-001|G-027,0.0000,293.0190,BBOX_CLEAR
PAIR-000027,G-001,G-028,G-001|G-028,0.0000,157.5305,BBOX_CLEAR
PAIR-000028,G-001,G-029,G-001|G-029,0.0000,184.7316,BBOX_CLEAR
PAIR-000029,G-001,G-030,G-001|G-030,0.0000,191.9675,BBOX_CLEAR
PAIR-000030,G-001,G-031,G-001|G-031,0.0000,203.1988,BBOX_CLEAR
PAIR-000031,G-001,G-032,G-001|G-032,0.0000,481.5365,BBOX_CLEAR
PAIR-000032,G-001,G-033,G-001|G-033,0.0000,499.4008,BBOX_CLEAR
PAIR-000033,G-001,G-034,G-001|G-034,0.0000,519.6372,BBOX_CLEAR
PAIR-000034,G-001,G-035,G-001|G-035,0.0000,546.8796,BBOX_CLEAR
PAIR-000035,G-001,G-036,G-001|G-036,0.0000,572.2707,BBOX_CLEAR
PAIR-000036,G-001,G-037,G-001|G-037,0.0000,587.5746,BBOX_CLEAR
PAIR-000037,G-001,G-038,G-001|G-038,0.0000,613.2252,BBOX_CLEAR
PAIR-000038,G-001,G-039,G-001|G-039,0.0000,624.8713,BBOX_CLEAR
PAIR-000039,G-001,G-040,G-001|G-040,0.0000,646.0093,BBOX_CLEAR
PAIR-000040,G-001,G-041,G-001|G-041,0.0000,670.6406,BBOX_CLEAR
PAIR-000041,G-001,G-042,G-001|G-042,0.0000,678.7659,BBOX_CLEAR
PAIR-000042,G-001,G-043,G-001|G-043,0.0000,691.1611,BBOX_CLEAR
PAIR-000043,G-001,G-044,G-001|G-044,0.0000,713.8615,BBOX_CLEAR
PAIR-000044,G-001,G-045,G-001|G-045,0.0000,752.9524,BBOX_CLEAR
PAIR-000045,G-001,G-046,G-001|G-046,0.0000,244.0954,BBOX_CLEAR
PAIR-000046,G-001,G-047,G-001|G-047,0.0000,244.6531,BBOX_CLEAR
PAIR-000047,G-001,G-048,G-001|G-048,0.0000,250.3147,BBOX_CLEAR
PAIR-000048,G-001,G-049,G-001|G-049,0.0000,253.7645,BBOX_CLEAR
PAIR-000049,G-001,G-050,G-001|G-050,0.0000,259.7109,BBOX_CLEAR
PAIR-000050,G-001,G-051,G-001|G-051,0.0000,263.1293,BBOX_CLEAR
PAIR-000051,G-001,G-052,G-001|G-052,0.0000,270.9351,BBOX_CLEAR
PAIR-000052,G-001,G-053,G-001|G-053,0.0000,278.2886,BBOX_CLEAR
PAIR-000053,G-001,G-054,G-001|G-054,0.0000,288.0634,BBOX_CLEAR
PAIR-000054,G-001,G-055,G-001|G-055,0.0000,293.2517,BBOX_CLEAR
PAIR-000055,G-001,G-056,G-001|G-056,0.0000,304.3813,BBOX_CLEAR
PAIR-000056,G-001,G-057,G-001|G-057,0.0000,316.2997,BBOX_CLEAR
PAIR-000057,G-001,G-058,G-001|G-058,0.0000,310.9639,BBOX_CLEAR
PAIR-000058,G-001,G-059,G-001|G-059,0.0000,314.7411,BBOX_CLEAR
PAIR-000059,G-001,G-060,G-001|G-060,0.0000,377.3951,BBOX_CLEAR
PAIR-000060,G-001,G-061,G-001|G-061,0.0000,375.0992,BBOX_CLEAR
PAIR-000061,G-001,G-062,G-001|G-062,0.0000,472.8683,BBOX_CLEAR
PAIR-000062,G-001,G-063,G-001|G-063,0.0000,468.1570,BBOX_CLEAR
PAIR-000063,G-001,G-064,G-001|G-064,0.0000,687.1322,BBOX_CLEAR
PAIR-000064,G-001,G-065,G-001|G-065,0.0000,713.5695,BBOX_CLEAR
PAIR-000065,G-001,G-066,G-001|G-066,0.0000,507.7545,BBOX_CLEAR
PAIR-000066,G-001,G-067,G-001|G-067,0.0000,528.7037,BBOX_CLEAR
PAIR-000067,G-001,G-068,G-001|G-068,0.0000,554.0573,BBOX_CLEAR
PAIR-000068,G-001,G-069,G-001|G-069,0.0000,688.8963,BBOX_CLEAR
PAIR-000069,G-001,G-070,G-001|G-070,0.0000,694.6695,BBOX_CLEAR
PAIR-000070,G-001,G-071,G-001|G-071,0.0000,658.7635,BBOX_CLEAR
PAIR-000071,G-001,G-072,G-001|G-072,0.0000,644.7520,BBOX_CLEAR
PAIR-000072,G-001,G-073,G-001|G-073,0.0000,652.8948,BBOX_CLEAR
PAIR-000073,G-001,G-074,G-001|G-074,0.0000,620.3143,BBOX_CLEAR
PAIR-000074,G-001,G-075,G-001|G-075,0.0000,609.4828,BBOX_CLEAR
PAIR-000075,G-001,G-076,G-001|G-076,0.0000,620.1428,BBOX_CLEAR
PAIR-000076,G-001,G-077,G-001|G-077,0.0000,580.5783,BBOX_CLEAR
PAIR-000077,G-001,G-078,G-001|G-078,0.0000,578.4224,BBOX_CLEAR
PAIR-000078,G-001,G-079,G-001|G-079,0.0000,576.0557,BBOX_CLEAR
PAIR-000079,G-001,G-080,G-001|G-080,0.0000,591.8295,BBOX_CLEAR
PAIR-000080,G-001,G-081,G-001|G-081,0.0000,574.6026,BBOX_CLEAR
PAIR-000081,G-001,G-082,G-001|G-082,0.0000,574.3570,BBOX_CLEAR
PAIR-000082,G-001,G-083,G-001|G-083,0.0000,591.1081,BBOX_CLEAR
PAIR-000083,G-001,G-084,G-001|G-084,0.0000,574.4006,BBOX_CLEAR
PAIR-000084,G-001,G-085,G-001|G-085,0.0000,575.3381,BBOX_CLEAR
PAIR-000085,G-001,G-086,G-001|G-086,0.0000,579.0644,BBOX_CLEAR
PAIR-000086,G-001,G-087,G-001|G-087,0.0000,577.0168,BBOX_CLEAR
PAIR-000087,G-001,G-088,G-001|G-088,0.0000,600.7608,BBOX_CLEAR
PAIR-000088,G-001,G-089,G-001|G-089,0.0000,585.7198,BBOX_CLEAR
PAIR-000089,G-001,G-090,G-001|G-090,0.0000,589.1079,BBOX_CLEAR
PAIR-000090,G-001,G-091,G-001|G-091,0.0000,596.2957,BBOX_CLEAR
PAIR-000091,G-001,G-092,G-001|G-092,0.0000,607.5992,BBOX_CLEAR
PAIR-000092,G-001,G-093,G-001|G-093,0.0000,610.6952,BBOX_CLEAR
PAIR-000093,G-001,G-094,G-001|G-094,0.0000,633.2036,BBOX_CLEAR
PAIR-000094,G-001,G-095,G-001|G-095,0.0000,622.2299,BBOX_CLEAR
PAIR-000095,G-001,G-096,G-001|G-096,0.0000,628.6361,BBOX_CLEAR
PAIR-000096,G-001,G-097,G-001|G-097,0.0000,637.0331,BBOX_CLEAR
PAIR-000097,G-001,G-098,G-001|G-098,0.0000,641.9524,BBOX_CLEAR
PAIR-000098,G-001,G-099,G-001|G-099,0.0000,651.1371,BBOX_CLEAR
PAIR-000099,G-001,G-100,G-001|G-100,0.0000,815.2624,BBOX_CLEAR
PAIR-000100,G-001,G-101,G-001|G-101,0.0000,809.7864,BBOX_CLEAR
PAIR-000101,G-001,G-102,G-001|G-102,0.0000,803.0203,BBOX_CLEAR
PAIR-000102,G-001,G-103,G-001|G-103,0.0000,791.1563,BBOX_CLEAR
PAIR-000103,G-001,G-104,G-001|G-104,0.0000,745.6942,BBOX_CLEAR
PAIR-000104,G-001,G-105,G-001|G-105,0.0000,726.1678,BBOX_CLEAR
PAIR-000105,G-001,G-106,G-001|G-106,0.0000,708.5378,BBOX_CLEAR
PAIR-000106,G-001,G-107,G-001|G-107,0.0000,692.9490,BBOX_CLEAR
PAIR-000107,G-001,G-108,G-001|G-108,0.0000,679.5419,BBOX_CLEAR
PAIR-000108,G-001,G-109,G-001|G-109,0.0000,668.4477,BBOX_CLEAR
PAIR-000109,G-001,G-110,G-001|G-110,0.0000,659.7831,BBOX_CLEAR
PAIR-000110,G-001,G-111,G-001|G-111,0.0000,653.6449,BBOX_CLEAR
PAIR-000111,G-001,G-112,G-001|G-112,0.0000,650.1044,BBOX_CLEAR
PAIR-000112,G-001,G-113,G-001|G-113,0.0000,649.1700,BBOX_CLEAR
PAIR-000113,G-001,G-114,G-001|G-114,0.0000,649.1700,BBOX_CLEAR
PAIR-000114,G-001,G-115,G-001|G-115,0.0000,649.6503,BBOX_CLEAR
PAIR-000115,G-001,G-116,G-001|G-116,0.0000,652.5658,BBOX_CLEAR
PAIR-000116,G-001,G-117,G-001|G-117,0.0000,658.0920,BBOX_CLEAR
PAIR-000117,G-001,G-118,G-001|G-118,0.0000,666.1639,BBOX_CLEAR
PAIR-000118,G-001,G-119,G-001|G-119,0.0000,676.6905,BBOX_CLEAR
PAIR-000119,G-001,G-120,G-001|G-120,0.0000,689.5593,BBOX_CLEAR
PAIR-000120,G-001,G-121,G-001|G-121,0.0000,704.6419,BBOX_CLEAR
PAIR-000121,G-001,G-122,G-001|G-122,0.0000,721.7998,BBOX_CLEAR
PAIR-000122,G-001,G-123,G-001|G-123,0.0000,740.8886,BBOX_CLEAR
PAIR-000123,G-001,G-124,G-001|G-124,0.0000,761.7632,BBOX_CLEAR
PAIR-000124,G-001,G-125,G-001|G-125,0.0000,784.2810,BBOX_CLEAR
PAIR-000125,G-001,G-126,G-001|G-126,0.0000,808.3048,BBOX_CLEAR
PAIR-000126,G-001,G-127,G-001|G-127,0.0000,833.7043,BBOX_CLEAR
PAIR-000127,G-001,G-128,G-001|G-128,0.0000,860.3578,BBOX_CLEAR
PAIR-000128,G-001,G-129,G-001|G-129,0.0000,888.1523,BBOX_CLEAR
PAIR-000129,G-001,G-130,G-001|G-130,0.0000,916.9840,BBOX_CLEAR
PAIR-000130,G-001,G-131,G-001|G-131,0.0000,946.7583,BBOX_CLEAR
PAIR-000131,G-001,G-132,G-001|G-132,0.0000,977.3890,BBOX_CLEAR
PAIR-000132,G-001,G-133,G-001|G-133,0.0000,1008.7981,BBOX_CLEAR
PAIR-000133,G-001,G-134,G-001|G-134,0.0000,1040.9150,BBOX_CLEAR
PAIR-000134,G-001,G-135,G-001|G-135,0.0000,1073.6764,BBOX_CLEAR
PAIR-000135,G-001,P-001,G-001|P-001,0.0000,345.3154,BBOX_CLEAR
PAIR-000136,G-001,P-002,G-001|P-002,0.0000,749.7738,BBOX_CLEAR
PAIR-000137,G-001,P-003,G-001|P-003,0.0000,15.9740,BBOX_CLEAR
PAIR-000138,G-001,P-004,G-001|P-004,0.0000,8.7345,BBOX_CLEAR
PAIR-000139,G-001,P-005,G-001|P-005,0.0000,238.6558,BBOX_CLEAR
PAIR-000140,G-001,P-006,G-001|P-006,0.0000,174.6620,BBOX_CLEAR
PAIR-000141,G-001,P-007,G-001|P-007,0.0000,131.9995,BBOX_CLEAR
PAIR-000142,G-001,P-008,G-001|P-008,0.0000,313.0284,BBOX_CLEAR
PAIR-000143,G-001,P-009,G-001|P-009,0.0000,274.6591,BBOX_CLEAR
PAIR-000144,G-001,P-010,G-001|P-010,0.0000,336.0420,BBOX_CLEAR
PAIR-000145,G-001,P-011,G-001|P-011,0.0000,185.5060,BBOX_CLEAR
PAIR-000146,G-001,P-012,G-001|P-012,0.0000,328.2932,BBOX_CLEAR
PAIR-000147,G-001,P-013,G-001|P-013,0.0000,506.1871,BBOX_CLEAR
PAIR-000148,G-001,P-014,G-001|P-014,0.0000,544.6083,BBOX_CLEAR
PAIR-000149,G-001,P-015,G-001|P-015,0.0000,62.4173,BBOX_CLEAR
PAIR-000150,G-001,P-016,G-001|P-016,0.0000,344.3439,BBOX_CLEAR
PAIR-000151,G-001,P-017,G-001|P-017,0.0000,328.9371,BBOX_CLEAR
PAIR-000152,G-002,G-003,G-002|G-003,0.0000,434.4610,BBOX_CLEAR
PAIR-000153,G-002,G-004,G-002|G-004,0.0000,453.3651,BBOX_CLEAR
PAIR-000154,G-002,G-005,G-002|G-005,0.0000,474.6860,BBOX_CLEAR
PAIR-000155,G-002,G-006,G-002|G-006,0.0000,512.8761,BBOX_CLEAR
PAIR-000156,G-002,G-007,G-002|G-007,0.0000,560.0402,BBOX_CLEAR
PAIR-000157,G-002,G-008,G-002|G-008,0.0000,595.6360,BBOX_CLEAR
PAIR-000158,G-002,G-009,G-002|G-009,0.0000,633.8261,BBOX_CLEAR
PAIR-000159,G-002,G-010,G-002|G-010,0.0000,672.0161,BBOX_CLEAR
PAIR-000160,G-002,G-011,G-002|G-011,0.0000,710.2062,BBOX_CLEAR
PAIR-000161,G-002,G-012,G-002|G-012,0.0000,748.3963,BBOX_CLEAR
PAIR-000162,G-002,G-013,G-002|G-013,0.0000,440.5628,BBOX_CLEAR
PAIR-000163,G-002,G-014,G-002|G-014,0.0000,459.2158,BBOX_CLEAR
PAIR-000164,G-002,G-015,G-002|G-015,0.0000,480.0584,BBOX_CLEAR
PAIR-000165,G-002,G-016,G-002|G-016,0.0000,517.8525,BBOX_CLEAR
PAIR-000166,G-002,G-017,G-002|G-017,0.0000,555.7007,BBOX_CLEAR
PAIR-000167,G-002,G-018,G-002|G-018,0.0000,593.5927,BBOX_CLEAR
PAIR-000168,G-002,G-019,G-002|G-019,0.0000,631.5206,BBOX_CLEAR
PAIR-000169,G-002,G-020,G-002|G-020,0.0000,669.4783,BBOX_CLEAR
PAIR-000170,G-002,G-021,G-002|G-021,0.0000,707.4610,BBOX_CLEAR
PAIR-000171,G-002,G-022,G-002|G-022,0.0000,745.4649,BBOX_CLEAR
PAIR-000172,G-002,G-023,G-002|G-023,0.0000,184.8589,BBOX_CLEAR
PAIR-000173,G-002,G-024,G-002|G-024,0.0000,212.8745,BBOX_CLEAR
PAIR-000174,G-002,G-025,G-002|G-025,0.0000,235.4389,BBOX_CLEAR
PAIR-000175,G-002,G-026,G-002|G-026,0.0000,248.9964,BBOX_CLEAR
PAIR-000176,G-002,G-027,G-002|G-027,0.0000,272.0199,BBOX_CLEAR
PAIR-000177,G-002,G-028,G-002|G-028,0.0000,136.3412,BBOX_CLEAR
PAIR-000178,G-002,G-029,G-002|G-029,0.0000,163.5829,BBOX_CLEAR
PAIR-000179,G-002,G-030,G-002|G-030,0.0000,170.7287,BBOX_CLEAR
PAIR-000180,G-002,G-031,G-002|G-031,0.0000,181.8603,BBOX_CLEAR
PAIR-000181,G-002,G-032,G-002|G-032,0.0000,460.1493,BBOX_CLEAR
PAIR-000182,G-002,G-033,G-002|G-033,0.0000,478.0387,BBOX_CLEAR
PAIR-000183,G-002,G-034,G-002|G-034,0.0000,498.3051,BBOX_CLEAR
PAIR-000184,G-002,G-035,G-002|G-035,0.0000,525.5892,BBOX_CLEAR
PAIR-000185,G-002,G-036,G-002|G-036,0.0000,551.0197,BBOX_CLEAR
PAIR-000186,G-002,G-037,G-002|G-037,0.0000,566.3474,BBOX_CLEAR
PAIR-000187,G-002,G-038,G-002|G-038,0.0000,592.0376,BBOX_CLEAR
PAIR-000188,G-002,G-039,G-002|G-039,0.0000,603.7996,BBOX_CLEAR
PAIR-000189,G-002,G-040,G-002|G-040,0.0000,624.8683,BBOX_CLEAR
PAIR-000190,G-002,G-041,G-002|G-041,0.0000,649.4428,BBOX_CLEAR
PAIR-000191,G-002,G-042,G-002|G-042,0.0000,657.5794,BBOX_CLEAR
PAIR-000192,G-002,G-043,G-002|G-043,0.0000,669.9916,BBOX_CLEAR
PAIR-000193,G-002,G-044,G-002|G-044,0.0000,692.8205,BBOX_CLEAR
PAIR-000194,G-002,G-045,G-002|G-045,0.0000,731.9636,BBOX_CLEAR
PAIR-000195,G-002,G-046,G-002|G-046,0.0000,235.2918,BBOX_CLEAR
PAIR-000196,G-002,G-047,G-002|G-047,0.0000,235.2918,BBOX_CLEAR
PAIR-000197,G-002,G-048,G-002|G-048,0.0000,238.0111,BBOX_CLEAR
PAIR-000198,G-002,G-049,G-002|G-049,0.0000,240.5055,BBOX_CLEAR
PAIR-000199,G-002,G-050,G-002|G-050,0.0000,245.2345,BBOX_CLEAR
PAIR-000200,G-002,G-051,G-002|G-051,0.0000,248.0987,BBOX_CLEAR
PAIR-000201,G-002,G-052,G-002|G-052,0.0000,254.8833,BBOX_CLEAR
PAIR-000202,G-002,G-053,G-002|G-053,0.0000,261.4858,BBOX_CLEAR
PAIR-000203,G-002,G-054,G-002|G-054,0.0000,270.4709,BBOX_CLEAR
PAIR-000204,G-002,G-055,G-002|G-055,0.0000,275.3113,BBOX_CLEAR
PAIR-000205,G-002,G-056,G-002|G-056,0.0000,285.8172,BBOX_CLEAR
PAIR-000206,G-002,G-057,G-002|G-057,0.0000,297.2083,BBOX_CLEAR
PAIR-000207,G-002,G-058,G-002|G-058,0.0000,319.3203,BBOX_CLEAR
PAIR-000208,G-002,G-059,G-002|G-059,0.0000,321.3048,BBOX_CLEAR
PAIR-000209,G-002,G-060,G-002|G-060,0.0000,391.0134,BBOX_CLEAR
PAIR-000210,G-002,G-061,G-002|G-061,0.0000,387.3940,BBOX_CLEAR
PAIR-000211,G-002,G-062,G-002|G-062,0.0000,488.2170,BBOX_CLEAR
PAIR-000212,G-002,G-063,G-002|G-063,0.0000,482.5247,BBOX_CLEAR
PAIR-000213,G-002,G-064,G-002|G-064,0.0000,665.6687,BBOX_CLEAR
PAIR-000214,G-002,G-065,G-002|G-065,0.0000,692.1067,BBOX_CLEAR
PAIR-000215,G-002,G-066,G-002|G-066,0.0000,489.0712,BBOX_CLEAR
PAIR-000216,G-002,G-067,G-002|G-067,0.0000,509.4507,BBOX_CLEAR
PAIR-000217,G-002,G-068,G-002|G-068,0.0000,534.3189,BBOX_CLEAR
PAIR-000218,G-002,G-069,G-002|G-069,0.0000,695.0659,BBOX_CLEAR
PAIR-000219,G-002,G-070,G-002|G-070,0.0000,700.0808,BBOX_CLEAR
PAIR-000220,G-002,G-071,G-002|G-071,0.0000,663.2349,BBOX_CLEAR
PAIR-000221,G-002,G-072,G-002|G-072,0.0000,648.2859,BBOX_CLEAR
PAIR-000222,G-002,G-073,G-002|G-073,0.0000,655.6303,BBOX_CLEAR
PAIR-000223,G-002,G-074,G-002|G-074,0.0000,621.8785,BBOX_CLEAR
PAIR-000224,G-002,G-075,G-002|G-075,0.0000,609.9760,BBOX_CLEAR
PAIR-000225,G-002,G-076,G-002|G-076,0.0000,619.8276,BBOX_CLEAR
PAIR-000226,G-002,G-077,G-002|G-077,0.0000,575.7674,BBOX_CLEAR
PAIR-000227,G-002,G-078,G-002|G-078,0.0000,572.9334,BBOX_CLEAR
PAIR-000228,G-002,G-079,G-002|G-079,0.0000,569.5568,BBOX_CLEAR
PAIR-000229,G-002,G-080,G-002|G-080,0.0000,584.6588,BBOX_CLEAR
PAIR-000230,G-002,G-081,G-002|G-081,0.0000,566.9664,BBOX_CLEAR
PAIR-000231,G-002,G-082,G-002|G-082,0.0000,565.6317,BBOX_CLEAR
PAIR-000232,G-002,G-083,G-002|G-083,0.0000,582.3045,BBOX_CLEAR
PAIR-000233,G-002,G-084,G-002|G-084,0.0000,565.5534,BBOX_CLEAR
PAIR-000234,G-002,G-085,G-002|G-085,0.0000,565.7269,BBOX_CLEAR
PAIR-000235,G-002,G-086,G-002|G-086,0.0000,568.1360,BBOX_CLEAR
PAIR-000236,G-002,G-087,G-002|G-087,0.0000,565.2857,BBOX_CLEAR
PAIR-000237,G-002,G-088,G-002|G-088,0.0000,589.1544,BBOX_CLEAR
PAIR-000238,G-002,G-089,G-002|G-089,0.0000,573.5159,BBOX_CLEAR
PAIR-000239,G-002,G-090,G-002|G-090,0.0000,576.4260,BBOX_CLEAR
PAIR-000240,G-002,G-091,G-002|G-091,0.0000,582.7882,BBOX_CLEAR
PAIR-000241,G-002,G-092,G-002|G-092,0.0000,593.0969,BBOX_CLEAR
PAIR-000242,G-002,G-093,G-002|G-093,0.0000,595.5439,BBOX_CLEAR
PAIR-000243,G-002,G-094,G-002|G-094,0.0000,618.2707,BBOX_CLEAR
PAIR-000244,G-002,G-095,G-002|G-095,0.0000,606.7514,BBOX_CLEAR
PAIR-000245,G-002,G-096,G-002|G-096,0.0000,612.8023,BBOX_CLEAR
PAIR-000246,G-002,G-097,G-002|G-097,0.0000,620.7825,BBOX_CLEAR
PAIR-000247,G-002,G-098,G-002|G-098,0.0000,625.4795,BBOX_CLEAR
PAIR-000248,G-002,G-099,G-002|G-099,0.0000,634.2851,BBOX_CLEAR
PAIR-000249,G-002,G-100,G-002|G-100,0.0000,823.3316,BBOX_CLEAR
PAIR-000250,G-002,G-101,G-002|G-101,0.0000,816.8714,BBOX_CLEAR
PAIR-000251,G-002,G-102,G-002|G-102,0.0000,809.8363,BBOX_CLEAR
PAIR-000252,G-002,G-103,G-002|G-103,0.0000,797.4760,BBOX_CLEAR
PAIR-000253,G-002,G-104,G-002|G-104,0.0000,749.8496,BBOX_CLEAR
PAIR-000254,G-002,G-105,G-002|G-105,0.0000,729.1144,BBOX_CLEAR
PAIR-000255,G-002,G-106,G-002|G-106,0.0000,710.2024,BBOX_CLEAR
PAIR-000256,G-002,G-107,G-002|G-107,0.0000,693.2629,BBOX_CLEAR
PAIR-000257,G-002,G-108,G-002|G-108,0.0000,678.4437,BBOX_CLEAR
PAIR-000258,G-002,G-109,G-002|G-109,0.0000,665.8863,BBOX_CLEAR
PAIR-000259,G-002,G-110,G-002|G-110,0.0000,655.7206,BBOX_CLEAR
PAIR-000260,G-002,G-111,G-002|G-111,0.0000,648.0594,BBOX_CLEAR
PAIR-000261,G-002,G-112,G-002|G-112,0.0000,642.9919,BBOX_CLEAR
PAIR-000262,G-002,G-113,G-002|G-113,0.0000,640.5799,BBOX_CLEAR
PAIR-000263,G-002,G-114,G-002|G-114,0.0000,640.3665,BBOX_CLEAR
PAIR-000264,G-002,G-115,G-002|G-115,0.0000,640.3892,BBOX_CLEAR
PAIR-000265,G-002,G-116,G-002|G-116,0.0000,642.0823,BBOX_CLEAR
PAIR-000266,G-002,G-117,G-002|G-117,0.0000,646.4421,BBOX_CLEAR
PAIR-000267,G-002,G-118,G-002|G-118,0.0000,653.4153,BBOX_CLEAR
PAIR-000268,G-002,G-119,G-002|G-119,0.0000,662.9192,BBOX_CLEAR
PAIR-000269,G-002,G-120,G-002|G-120,0.0000,674.8471,BBOX_CLEAR
PAIR-000270,G-002,G-121,G-002|G-121,0.0000,689.0730,BBOX_CLEAR
PAIR-000271,G-002,G-122,G-002|G-122,0.0000,705.4580,BBOX_CLEAR
PAIR-000272,G-002,G-123,G-002|G-123,0.0000,723.8554,BBOX_CLEAR
PAIR-000273,G-002,G-124,G-002|G-124,0.0000,744.1161,BBOX_CLEAR
PAIR-000274,G-002,G-125,G-002|G-125,0.0000,766.0921,BBOX_CLEAR
PAIR-000275,G-002,G-126,G-002|G-126,0.0000,789.6403,BBOX_CLEAR
PAIR-000276,G-002,G-127,G-002|G-127,0.0000,814.6243,BBOX_CLEAR
PAIR-000277,G-002,G-128,G-002|G-128,0.0000,840.9163,BBOX_CLEAR
PAIR-000278,G-002,G-129,G-002|G-129,0.0000,868.3973,BBOX_CLEAR
PAIR-000279,G-002,G-130,G-002|G-130,0.0000,896.9581,BBOX_CLEAR
PAIR-000280,G-002,G-131,G-002|G-131,0.0000,926.4989,BBOX_CLEAR
PAIR-000281,G-002,G-132,G-002|G-132,0.0000,956.9289,BBOX_CLEAR
PAIR-000282,G-002,G-133,G-002|G-133,0.0000,988.1659,BBOX_CLEAR
PAIR-000283,G-002,G-134,G-002|G-134,0.0000,1020.1359,BBOX_CLEAR
PAIR-000284,G-002,G-135,G-002|G-135,0.0000,1052.7720,BBOX_CLEAR
PAIR-000285,G-002,P-001,G-002|P-001,0.0000,336.5118,BBOX_CLEAR
PAIR-000286,G-002,P-002,G-002|P-002,0.0000,728.3318,BBOX_CLEAR
PAIR-000287,G-002,P-003,G-002|P-003,0.0000,39.1782,BBOX_CLEAR
PAIR-000288,G-002,P-004,G-002|P-004,0.0000,32.0542,BBOX_CLEAR
PAIR-000289,G-002,P-005,G-002|P-005,0.0000,229.8522,BBOX_CLEAR
PAIR-000290,G-002,P-006,G-002|P-006,0.0000,165.8584,BBOX_CLEAR
PAIR-000291,G-002,P-007,G-002|P-007,0.0000,123.1959,BBOX_CLEAR
PAIR-000292,G-002,P-008,G-002|P-008,0.0000,292.5893,BBOX_CLEAR
PAIR-000293,G-002,P-009,G-002|P-009,0.0000,253.2176,BBOX_CLEAR
PAIR-000294,G-002,P-010,G-002|P-010,0.0000,314.6316,BBOX_CLEAR
PAIR-000295,G-002,P-011,G-002|P-011,0.0000,165.4432,BBOX_CLEAR
PAIR-000296,G-002,P-012,G-002|P-012,0.0000,307.1705,BBOX_CLEAR
PAIR-000297,G-002,P-013,G-002|P-013,0.0000,487.0275,BBOX_CLEAR
PAIR-000298,G-002,P-014,G-002|P-014,0.0000,524.6382,BBOX_CLEAR
PAIR-000299,G-002,P-015,G-002|P-015,0.0000,41.3975,BBOX_CLEAR
PAIR-000300,G-002,P-016,G-002|P-016,0.0000,323.0991,BBOX_CLEAR
PAIR-000301,G-002,P-017,G-002|P-017,0.0000,307.7157,BBOX_CLEAR
PAIR-000302,G-003,G-004,G-003|G-004,0.0000,0.0000,BBOX_WITHIN_8PX
PAIR-000303,G-003,G-005,G-003|G-005,0.0000,21.3210,BBOX_CLEAR
PAIR-000304,G-003,G-006,G-003|G-006,0.0000,59.5110,BBOX_CLEAR
PAIR-000305,G-003,G-007,G-003|G-007,0.0000,106.6751,BBOX_CLEAR
PAIR-000306,G-003,G-008,G-003|G-008,0.0000,142.2709,BBOX_CLEAR
PAIR-000307,G-003,G-009,G-003|G-009,0.0000,180.4610,BBOX_CLEAR
PAIR-000308,G-003,G-010,G-003|G-010,0.0000,218.6510,BBOX_CLEAR
PAIR-000309,G-003,G-011,G-003|G-011,0.0000,256.8411,BBOX_CLEAR
PAIR-000310,G-003,G-012,G-003|G-012,0.0000,295.0312,BBOX_CLEAR
PAIR-000311,G-003,G-013,G-003|G-013,0.0000,42.3933,BBOX_CLEAR
PAIR-000312,G-003,G-014,G-003|G-014,0.0000,42.3933,BBOX_CLEAR
PAIR-000313,G-003,G-015,G-003|G-015,0.0000,46.1610,BBOX_CLEAR
PAIR-000314,G-003,G-016,G-003|G-016,0.0000,72.2345,BBOX_CLEAR
PAIR-000315,G-003,G-017,G-003|G-017,0.0000,105.9328,BBOX_CLEAR
PAIR-000316,G-003,G-018,G-003|G-018,0.0000,141.9249,BBOX_CLEAR
PAIR-000317,G-003,G-019,G-003|G-019,0.0000,178.8311,BBOX_CLEAR
PAIR-000318,G-003,G-020,G-003|G-020,0.0000,216.1837,BBOX_CLEAR
PAIR-000319,G-003,G-021,G-003|G-021,0.0000,253.7857,BBOX_CLEAR
PAIR-000320,G-003,G-022,G-003|G-022,0.0000,291.5406,BBOX_CLEAR
PAIR-000321,G-003,G-023,G-003|G-023,0.0000,230.3391,BBOX_CLEAR
PAIR-000322,G-003,G-024,G-003|G-024,0.0000,207.9712,BBOX_CLEAR
PAIR-000323,G-003,G-025,G-003|G-025,0.0000,193.3748,BBOX_CLEAR
PAIR-000324,G-003,G-026,G-003|G-026,0.0000,171.3819,BBOX_CLEAR
PAIR-000325,G-003,G-027,G-003|G-027,0.0000,156.2648,BBOX_CLEAR
PAIR-000326,G-003,G-028,G-003|G-028,0.0000,303.4061,BBOX_CLEAR
PAIR-000327,G-003,G-029,G-003|G-029,0.0000,297.9408,BBOX_CLEAR
PAIR-000328,G-003,G-030,G-003|G-030,0.0000,285.1341,BBOX_CLEAR
PAIR-000329,G-003,G-031,G-003|G-031,0.0000,269.8046,BBOX_CLEAR
PAIR-000330,G-003,G-032,G-003|G-032,0.0000,120.9184,BBOX_CLEAR
PAIR-000331,G-003,G-033,G-003|G-033,0.0000,120.9184,BBOX_CLEAR
PAIR-000332,G-003,G-034,G-003|G-034,0.0000,122.7837,BBOX_CLEAR
PAIR-000333,G-003,G-035,G-003|G-035,0.0000,130.8051,BBOX_CLEAR
PAIR-000334,G-003,G-036,G-003|G-036,0.0000,143.0274,BBOX_CLEAR
PAIR-000335,G-003,G-037,G-003|G-037,0.0000,152.1301,BBOX_CLEAR
PAIR-000336,G-003,G-038,G-003|G-038,0.0000,169.6077,BBOX_CLEAR
PAIR-000337,G-003,G-039,G-003|G-039,0.0000,171.2740,BBOX_CLEAR
PAIR-000338,G-003,G-040,G-003|G-040,0.0000,195.0793,BBOX_CLEAR
PAIR-000339,G-003,G-041,G-003|G-041,0.0000,221.7812,BBOX_CLEAR
PAIR-000340,G-003,G-042,G-003|G-042,0.0000,228.4430,BBOX_CLEAR
PAIR-000341,G-003,G-043,G-003|G-043,0.0000,238.8081,BBOX_CLEAR
PAIR-000342,G-003,G-044,G-003|G-044,0.0000,253.3806,BBOX_CLEAR
PAIR-000343,G-003,G-045,G-003|G-045,0.0000,289.2186,BBOX_CLEAR
PAIR-000344,G-003,G-046,G-003|G-046,0.0000,494.0637,BBOX_CLEAR
PAIR-000345,G-003,G-047,G-003|G-047,0.0000,457.7144,BBOX_CLEAR
PAIR-000346,G-003,G-048,G-003|G-048,0.0000,435.6910,BBOX_CLEAR
PAIR-000347,G-003,G-049,G-003|G-049,0.0000,418.7367,BBOX_CLEAR
PAIR-000348,G-003,G-050,G-003|G-050,0.0000,410.4224,BBOX_CLEAR
PAIR-000349,G-003,G-051,G-003|G-051,0.0000,393.7966,BBOX_CLEAR
PAIR-000350,G-003,G-052,G-003|G-052,0.0000,385.6604,BBOX_CLEAR
PAIR-000351,G-003,G-053,G-003|G-053,0.0000,364.0225,BBOX_CLEAR
PAIR-000352,G-003,G-054,G-003|G-054,0.0000,356.1562,BBOX_CLEAR
PAIR-000353,G-003,G-055,G-003|G-055,0.0000,340.5277,BBOX_CLEAR
PAIR-000354,G-003,G-056,G-003|G-056,0.0000,325.2955,BBOX_CLEAR
PAIR-000355,G-003,G-057,G-003|G-057,0.0000,314.5882,BBOX_CLEAR
PAIR-000356,G-003,G-058,G-003|G-058,0.0000,700.5451,BBOX_CLEAR
PAIR-000357,G-003,G-059,G-003|G-059,0.0000,689.5735,BBOX_CLEAR
PAIR-000358,G-003,G-060,G-003|G-060,0.0000,799.6017,BBOX_CLEAR
PAIR-000359,G-003,G-061,G-003|G-061,0.0000,787.4441,BBOX_CLEAR
PAIR-000360,G-003,G-062,G-003|G-062,0.0000,902.7661,BBOX_CLEAR
PAIR-000361,G-003,G-063,G-003|G-063,0.0000,890.4682,BBOX_CLEAR
PAIR-000362,G-003,G-064,G-003|G-064,0.0000,290.7992,BBOX_CLEAR
PAIR-000363,G-003,G-065,G-003|G-065,0.0000,314.0628,BBOX_CLEAR
PAIR-000364,G-003,G-066,G-003|G-066,0.0000,386.6945,BBOX_CLEAR
PAIR-000365,G-003,G-067,G-003|G-067,0.0000,372.8639,BBOX_CLEAR
PAIR-000366,G-003,G-068,G-003|G-068,0.0000,367.0380,BBOX_CLEAR
PAIR-000367,G-003,G-069,G-003|G-069,0.0000,1014.0177,BBOX_CLEAR
PAIR-000368,G-003,G-070,G-003|G-070,0.0000,1010.2379,BBOX_CLEAR
PAIR-000369,G-003,G-071,G-003|G-071,0.0000,966.2226,BBOX_CLEAR
PAIR-000370,G-003,G-072,G-003|G-072,0.0000,942.1931,BBOX_CLEAR
PAIR-000371,G-003,G-073,G-003|G-073,0.0000,939.5092,BBOX_CLEAR
PAIR-000372,G-003,G-074,G-003|G-074,0.0000,895.9879,BBOX_CLEAR
PAIR-000373,G-003,G-075,G-003|G-075,0.0000,872.8572,BBOX_CLEAR
PAIR-000374,G-003,G-076,G-003|G-076,0.0000,871.3918,BBOX_CLEAR
PAIR-000375,G-003,G-077,G-003|G-077,0.0000,775.8512,BBOX_CLEAR
PAIR-000376,G-003,G-078,G-003|G-078,0.0000,764.1214,BBOX_CLEAR
PAIR-000377,G-003,G-079,G-003|G-079,0.0000,746.9956,BBOX_CLEAR
PAIR-000378,G-003,G-080,G-003|G-080,0.0000,748.8577,BBOX_CLEAR
PAIR-000379,G-003,G-081,G-003|G-081,0.0000,728.1274,BBOX_CLEAR
PAIR-000380,G-003,G-082,G-003|G-082,0.0000,707.7284,BBOX_CLEAR
PAIR-000381,G-003,G-083,G-003|G-083,0.0000,710.9352,BBOX_CLEAR
PAIR-000382,G-003,G-084,G-003|G-084,0.0000,686.9345,BBOX_CLEAR
PAIR-000383,G-003,G-085,G-003|G-085,0.0000,662.5319,BBOX_CLEAR
PAIR-000384,G-003,G-086,G-003|G-086,0.0000,642.5731,BBOX_CLEAR
PAIR-000385,G-003,G-087,G-003|G-087,0.0000,629.3276,BBOX_CLEAR
PAIR-000386,G-003,G-088,G-003|G-088,0.0000,649.9322,BBOX_CLEAR
PAIR-000387,G-003,G-089,G-003|G-089,0.0000,624.8544,BBOX_CLEAR
PAIR-000388,G-003,G-090,G-003|G-090,0.0000,614.3715,BBOX_CLEAR
PAIR-000389,G-003,G-091,G-003|G-091,0.0000,596.6116,BBOX_CLEAR
PAIR-000390,G-003,G-092,G-003|G-092,0.0000,582.8519,BBOX_CLEAR
PAIR-000391,G-003,G-093,G-003|G-093,0.0000,571.5711,BBOX_CLEAR
PAIR-000392,G-003,G-094,G-003|G-094,0.0000,594.2332,BBOX_CLEAR
PAIR-000393,G-003,G-095,G-003|G-095,0.0000,570.5230,BBOX_CLEAR
PAIR-000394,G-003,G-096,G-003|G-096,0.0000,563.8725,BBOX_CLEAR
PAIR-000395,G-003,G-097,G-003|G-097,0.0000,560.4310,BBOX_CLEAR
PAIR-000396,G-003,G-098,G-003|G-098,0.0000,554.7859,BBOX_CLEAR
PAIR-000397,G-003,G-099,G-003|G-099,0.0000,549.4600,BBOX_CLEAR
PAIR-000398,G-003,G-100,G-003|G-100,0.0000,1154.4851,BBOX_CLEAR
PAIR-000399,G-003,G-101,G-003|G-101,0.0000,1137.4129,BBOX_CLEAR
PAIR-000400,G-003,G-102,G-003|G-102,0.0000,1127.7678,BBOX_CLEAR
PAIR-000401,G-003,G-103,G-003|G-103,0.0000,1110.5558,BBOX_CLEAR
PAIR-000402,G-003,G-104,G-003|G-104,0.0000,1041.3206,BBOX_CLEAR
PAIR-000403,G-003,G-105,G-003|G-105,0.0000,1007.9617,BBOX_CLEAR
PAIR-000404,G-003,G-106,G-003|G-106,0.0000,975.2289,BBOX_CLEAR
PAIR-000405,G-003,G-107,G-003|G-107,0.0000,943.1873,BBOX_CLEAR
PAIR-000406,G-003,G-108,G-003|G-108,0.0000,911.9098,BBOX_CLEAR
PAIR-000407,G-003,G-109,G-003|G-109,0.0000,881.4778,BBOX_CLEAR
PAIR-000408,G-003,G-110,G-003|G-110,0.0000,851.9818,BBOX_CLEAR
PAIR-000409,G-003,G-111,G-003|G-111,0.0000,823.5224,BBOX_CLEAR
PAIR-000410,G-003,G-112,G-003|G-112,0.0000,796.2109,BBOX_CLEAR
PAIR-000411,G-003,G-113,G-003|G-113,0.0000,770.1692,BBOX_CLEAR
PAIR-000412,G-003,G-114,G-003|G-114,0.0000,745.5305,BBOX_CLEAR
PAIR-000413,G-003,G-115,G-003|G-115,0.0000,722.4385,BBOX_CLEAR
PAIR-000414,G-003,G-116,G-003|G-116,0.0000,701.0458,BBOX_CLEAR
PAIR-000415,G-003,G-117,G-003|G-117,0.0000,681.5126,BBOX_CLEAR
PAIR-000416,G-003,G-118,G-003|G-118,0.0000,664.0030,BBOX_CLEAR
PAIR-000417,G-003,G-119,G-003|G-119,0.0000,648.6808,BBOX_CLEAR
PAIR-000418,G-003,G-120,G-003|G-120,0.0000,635.7044,BBOX_CLEAR
PAIR-000419,G-003,G-121,G-003|G-121,0.0000,625.2196,BBOX_CLEAR
PAIR-000420,G-003,G-122,G-003|G-122,0.0000,617.3536,BBOX_CLEAR
PAIR-000421,G-003,G-123,G-003|G-123,0.0000,612.2072,BBOX_CLEAR
PAIR-000422,G-003,G-124,G-003|G-124,0.0000,609.8493,BBOX_CLEAR
PAIR-000423,G-003,G-125,G-003|G-125,0.0000,609.6897,BBOX_CLEAR
PAIR-000424,G-003,G-126,G-003|G-126,0.0000,609.7511,BBOX_CLEAR
PAIR-000425,G-003,G-127,G-003|G-127,0.0000,611.7500,BBOX_CLEAR
PAIR-000426,G-003,G-128,G-003|G-128,0.0000,616.5437,BBOX_CLEAR
PAIR-000427,G-003,G-129,G-003|G-129,0.0000,624.0678,BBOX_CLEAR
PAIR-000428,G-003,G-130,G-003|G-130,0.0000,634.2249,BBOX_CLEAR
PAIR-000429,G-003,G-131,G-003|G-131,0.0000,646.8913,BBOX_CLEAR
PAIR-000430,G-003,G-132,G-003|G-132,0.0000,661.9227,BBOX_CLEAR
PAIR-000431,G-003,G-133,G-003|G-133,0.0000,679.1623,BBOX_CLEAR
PAIR-000432,G-003,G-134,G-003|G-134,0.0000,698.4465,BBOX_CLEAR
PAIR-000433,G-003,G-135,G-003|G-135,0.0000,719.6109,BBOX_CLEAR
PAIR-000434,G-003,P-001,G-003|P-001,0.0000,305.8350,BBOX_CLEAR
PAIR-000435,G-003,P-002,G-003|P-002,0.0000,357.3341,BBOX_CLEAR
PAIR-000436,G-003,P-003,G-003|P-003,0.0000,493.2158,BBOX_CLEAR
PAIR-000437,G-003,P-004,G-003|P-004,0.0000,487.0661,BBOX_CLEAR
PAIR-000438,G-003,P-005,G-003|P-005,0.0000,373.0676,BBOX_CLEAR
PAIR-000439,G-003,P-006,G-003|P-006,0.0000,248.7343,BBOX_CLEAR
PAIR-000440,G-003,P-007,G-003|P-007,0.0000,165.8857,BBOX_CLEAR
PAIR-000441,G-003,P-008,G-003|P-008,0.0000,259.6510,BBOX_CLEAR
PAIR-000442,G-003,P-009,G-003|P-009,0.0000,158.1615,BBOX_CLEAR
PAIR-000443,G-003,P-010,G-003|P-010,0.0000,149.4399,BBOX_CLEAR
PAIR-000444,G-003,P-011,G-003|P-011,0.0000,131.9228,BBOX_CLEAR
PAIR-000445,G-003,P-012,G-003|P-012,0.0000,207.6676,BBOX_CLEAR
PAIR-000446,G-003,P-013,G-003|P-013,0.0000,357.4505,BBOX_CLEAR
PAIR-000447,G-003,P-014,G-003|P-014,0.0000,352.8654,BBOX_CLEAR
PAIR-000448,G-003,P-015,G-003|P-015,0.0000,4.9721,BBOX_WITHIN_8PX
PAIR-000449,G-003,P-016,G-003|P-016,0.0000,57.1895,BBOX_CLEAR
PAIR-000450,G-003,P-017,G-003|P-017,0.0000,137.6467,BBOX_CLEAR
PAIR-000451,G-004,G-005,G-004|G-005,0.0000,11.9644,BBOX_CLEAR
PAIR-000452,G-004,G-006,G-004|G-006,0.0000,50.1545,BBOX_CLEAR
PAIR-000453,G-004,G-007,G-004|G-007,0.0000,97.3185,BBOX_CLEAR
PAIR-000454,G-004,G-008,G-004|G-008,0.0000,132.9144,BBOX_CLEAR
PAIR-000455,G-004,G-009,G-004|G-009,0.0000,171.1045,BBOX_CLEAR
PAIR-000456,G-004,G-010,G-004|G-010,0.0000,209.2945,BBOX_CLEAR
PAIR-000457,G-004,G-011,G-004|G-011,0.0000,247.4846,BBOX_CLEAR
PAIR-000458,G-004,G-012,G-004|G-012,0.0000,285.6747,BBOX_CLEAR
PAIR-000459,G-004,G-013,G-004|G-013,0.0000,42.3933,BBOX_CLEAR
PAIR-000460,G-004,G-014,G-004|G-014,0.0000,42.3933,BBOX_CLEAR
PAIR-000461,G-004,G-015,G-004|G-015,0.0000,42.6544,BBOX_CLEAR
PAIR-000462,G-004,G-016,G-004|G-016,0.0000,64.7436,BBOX_CLEAR
PAIR-000463,G-004,G-017,G-004|G-017,0.0000,97.3705,BBOX_CLEAR
PAIR-000464,G-004,G-018,G-004|G-018,0.0000,132.9935,BBOX_CLEAR
PAIR-000465,G-004,G-019,G-004|G-019,0.0000,169.7366,BBOX_CLEAR
PAIR-000466,G-004,G-020,G-004|G-020,0.0000,207.0041,BBOX_CLEAR
PAIR-000467,G-004,G-021,G-004|G-021,0.0000,244.5564,BBOX_CLEAR
PAIR-000468,G-004,G-022,G-004|G-022,0.0000,282.2799,BBOX_CLEAR
PAIR-000469,G-004,G-023,G-004|G-023,0.0000,249.1404,BBOX_CLEAR
PAIR-000470,G-004,G-024,G-004|G-024,0.0000,226.7501,BBOX_CLEAR
PAIR-000471,G-004,G-025,G-004|G-025,0.0000,212.1350,BBOX_CLEAR
PAIR-000472,G-004,G-026,G-004|G-026,0.0000,190.1045,BBOX_CLEAR
PAIR-000473,G-004,G-027,G-004|G-027,0.0000,174.9524,BBOX_CLEAR
PAIR-000474,G-004,G-028,G-004|G-028,0.0000,322.1067,BBOX_CLEAR
PAIR-000475,G-004,G-029,G-004|G-029,0.0000,316.4505,BBOX_CLEAR
PAIR-000476,G-004,G-030,G-004|G-030,0.0000,303.6082,BBOX_CLEAR
PAIR-000477,G-004,G-031,G-004|G-031,0.0000,288.2294,BBOX_CLEAR
PAIR-000478,G-004,G-032,G-004|G-032,0.0000,120.9184,BBOX_CLEAR
PAIR-000479,G-004,G-033,G-004|G-033,0.0000,120.9184,BBOX_CLEAR
PAIR-000480,G-004,G-034,G-004|G-034,0.0000,121.5089,BBOX_CLEAR
PAIR-000481,G-004,G-035,G-004|G-035,0.0000,127.5303,BBOX_CLEAR
PAIR-000482,G-004,G-036,G-004|G-036,0.0000,138.2566,BBOX_CLEAR
PAIR-000483,G-004,G-037,G-004|G-037,0.0000,146.6410,BBOX_CLEAR
PAIR-000484,G-004,G-038,G-004|G-038,0.0000,163.1830,BBOX_CLEAR
PAIR-000485,G-004,G-039,G-004|G-039,0.0000,164.0082,BBOX_CLEAR
PAIR-000486,G-004,G-040,G-004|G-040,0.0000,187.8447,BBOX_CLEAR
PAIR-000487,G-004,G-041,G-004|G-041,0.0000,214.5242,BBOX_CLEAR
PAIR-000488,G-004,G-042,G-004|G-042,0.0000,221.0483,BBOX_CLEAR
PAIR-000489,G-004,G-043,G-004|G-043,0.0000,231.2257,BBOX_CLEAR
PAIR-000490,G-004,G-044,G-004|G-044,0.0000,245.1989,BBOX_CLEAR
PAIR-000491,G-004,G-045,G-004|G-045,0.0000,280.7463,BBOX_CLEAR
PAIR-000492,G-004,G-046,G-004|G-046,0.0000,511.3303,BBOX_CLEAR
PAIR-000493,G-004,G-047,G-004|G-047,0.0000,474.6996,BBOX_CLEAR
PAIR-000494,G-004,G-048,G-004|G-048,0.0000,452.4679,BBOX_CLEAR
PAIR-000495,G-004,G-049,G-004|G-049,0.0000,435.3283,BBOX_CLEAR
PAIR-000496,G-004,G-050,G-004|G-050,0.0000,426.9137,BBOX_CLEAR
PAIR-000497,G-004,G-051,G-004|G-051,0.0000,410.0662,BBOX_CLEAR
PAIR-000498,G-004,G-052,G-004|G-052,0.0000,401.8097,BBOX_CLEAR
PAIR-000499,G-004,G-053,G-004|G-053,0.0000,379.8063,BBOX_CLEAR
PAIR-000500,G-004,G-054,G-004|G-054,0.0000,371.7879,BBOX_CLEAR
PAIR-000501,G-004,G-055,G-004|G-055,0.0000,355.8199,BBOX_CLEAR
PAIR-000502,G-004,G-056,G-004|G-056,0.0000,340.1993,BBOX_CLEAR
PAIR-000503,G-004,G-057,G-004|G-057,0.0000,329.1770,BBOX_CLEAR
PAIR-000504,G-004,G-058,G-004|G-058,0.0000,718.6470,BBOX_CLEAR
PAIR-000505,G-004,G-059,G-004|G-059,0.0000,707.5008,BBOX_CLEAR
PAIR-000506,G-004,G-060,G-004|G-060,0.0000,817.9750,BBOX_CLEAR
PAIR-000507,G-004,G-061,G-004|G-061,0.0000,805.6961,BBOX_CLEAR
PAIR-000508,G-004,G-062,G-004|G-062,0.0000,921.1500,BBOX_CLEAR
PAIR-000509,G-004,G-063,G-004|G-063,0.0000,908.7464,BBOX_CLEAR
PAIR-000510,G-004,G-064,G-004|G-064,0.0000,286.0560,BBOX_CLEAR
PAIR-000511,G-004,G-065,G-004|G-065,0.0000,308.9743,BBOX_CLEAR
PAIR-000512,G-004,G-066,G-004|G-066,0.0000,393.1201,BBOX_CLEAR
PAIR-000513,G-004,G-067,G-004|G-067,0.0000,377.1479,BBOX_CLEAR
PAIR-000514,G-004,G-068,G-004|G-068,0.0000,369.4402,BBOX_CLEAR
PAIR-000515,G-004,G-069,G-004|G-069,0.0000,1030.1762,BBOX_CLEAR
PAIR-000516,G-004,G-070,G-004|G-070,0.0000,1026.1796,BBOX_CLEAR
PAIR-000517,G-004,G-071,G-004|G-071,0.0000,982.0777,BBOX_CLEAR
PAIR-000518,G-004,G-072,G-004|G-072,0.0000,957.8754,BBOX_CLEAR
PAIR-000519,G-004,G-073,G-004|G-073,0.0000,954.9392,BBOX_CLEAR
PAIR-000520,G-004,G-074,G-004|G-074,0.0000,911.2914,BBOX_CLEAR
PAIR-000521,G-004,G-075,G-004|G-075,0.0000,887.9439,BBOX_CLEAR
PAIR-000522,G-004,G-076,G-004|G-076,0.0000,886.1830,BBOX_CLEAR
PAIR-000523,G-004,G-077,G-004|G-077,0.0000,789.6524,BBOX_CLEAR
PAIR-000524,G-004,G-078,G-004|G-078,0.0000,777.7344,BBOX_CLEAR
PAIR-000525,G-004,G-079,G-004|G-079,0.0000,760.3123,BBOX_CLEAR
PAIR-000526,G-004,G-080,G-004|G-080,0.0000,761.7698,BBOX_CLEAR
PAIR-000527,G-004,G-081,G-004|G-081,0.0000,741.0841,BBOX_CLEAR
PAIR-000528,G-004,G-082,G-004|G-082,0.0000,720.2493,BBOX_CLEAR
PAIR-000529,G-004,G-083,G-004|G-083,0.0000,723.0093,BBOX_CLEAR
PAIR-000530,G-004,G-084,G-004|G-084,0.0000,698.9512,BBOX_CLEAR
PAIR-000531,G-004,G-085,G-004|G-085,0.0000,673.8603,BBOX_CLEAR
PAIR-000532,G-004,G-086,G-004|G-086,0.0000,653.2389,BBOX_CLEAR
PAIR-000533,G-004,G-087,G-004|G-087,0.0000,639.7608,BBOX_CLEAR
PAIR-000534,G-004,G-088,G-004|G-088,0.0000,660.0492,BBOX_CLEAR
PAIR-000535,G-004,G-089,G-004|G-089,0.0000,634.8336,BBOX_CLEAR
PAIR-000536,G-004,G-090,G-004|G-090,0.0000,623.8890,BBOX_CLEAR
PAIR-000537,G-004,G-091,G-004|G-091,0.0000,605.2234,BBOX_CLEAR
PAIR-000538,G-004,G-092,G-004|G-092,0.0000,590.6173,BBOX_CLEAR
PAIR-000539,G-004,G-093,G-004|G-093,0.0000,578.9870,BBOX_CLEAR
PAIR-000540,G-004,G-094,G-004|G-094,0.0000,601.3817,BBOX_CLEAR
PAIR-000541,G-004,G-095,G-004|G-095,0.0000,577.3725,BBOX_CLEAR
PAIR-000542,G-004,G-096,G-004|G-096,0.0000,570.1386,BBOX_CLEAR
PAIR-000543,G-004,G-097,G-004|G-097,0.0000,566.3618,BBOX_CLEAR
PAIR-000544,G-004,G-098,G-004|G-098,0.0000,560.1014,BBOX_CLEAR
PAIR-000545,G-004,G-099,G-004|G-099,0.0000,554.0921,BBOX_CLEAR
PAIR-000546,G-004,G-100,G-004|G-100,0.0000,1170.7282,BBOX_CLEAR
PAIR-000547,G-004,G-101,G-004|G-101,0.0000,1153.3998,BBOX_CLEAR
PAIR-000548,G-004,G-102,G-004|G-102,0.0000,1143.7001,BBOX_CLEAR
PAIR-000549,G-004,G-103,G-004|G-103,0.0000,1126.3868,BBOX_CLEAR
PAIR-000550,G-004,G-104,G-004|G-104,0.0000,1056.7037,BBOX_CLEAR
PAIR-000551,G-004,G-105,G-004|G-105,0.0000,1023.0794,BBOX_CLEAR
PAIR-000552,G-004,G-106,G-004|G-106,0.0000,990.0538,BBOX_CLEAR
PAIR-000553,G-004,G-107,G-004|G-107,0.0000,957.6888,BBOX_CLEAR
PAIR-000554,G-004,G-108,G-004|G-108,0.0000,926.0538,BBOX_CLEAR
PAIR-000555,G-004,G-109,G-004|G-109,0.0000,895.2261,BBOX_CLEAR
PAIR-000556,G-004,G-110,G-004|G-110,0.0000,865.2920,BBOX_CLEAR
PAIR-000557,G-004,G-111,G-004|G-111,0.0000,836.3474,BBOX_CLEAR
PAIR-000558,G-004,G-112,G-004|G-112,0.0000,808.4987,BBOX_CLEAR
PAIR-000559,G-004,G-113,G-004|G-113,0.0000,781.8628,BBOX_CLEAR
PAIR-000560,G-004,G-114,G-004|G-114,0.0000,756.5681,BBOX_CLEAR
PAIR-000561,G-004,G-115,G-004|G-115,0.0000,732.7533,BBOX_CLEAR
PAIR-000562,G-004,G-116,G-004|G-116,0.0000,710.5672,BBOX_CLEAR
PAIR-000563,G-004,G-117,G-004|G-117,0.0000,690.1670,BBOX_CLEAR
PAIR-000564,G-004,G-118,G-004|G-118,0.0000,671.7154,BBOX_CLEAR
PAIR-000565,G-004,G-119,G-004|G-119,0.0000,655.3770,BBOX_CLEAR
PAIR-000566,G-004,G-120,G-004|G-120,0.0000,641.3133,BBOX_CLEAR
PAIR-000567,G-004,G-121,G-004|G-121,0.0000,629.6768,BBOX_CLEAR
PAIR-000568,G-004,G-122,G-004|G-122,0.0000,620.6039,BBOX_CLEAR
PAIR-000569,G-004,G-123,G-004|G-123,0.0000,614.2084,BBOX_CLEAR
PAIR-000570,G-004,G-124,G-004|G-124,0.0000,610.5743,BBOX_CLEAR
PAIR-000571,G-004,G-125,G-004|G-125,0.0000,609.6897,BBOX_CLEAR
PAIR-000572,G-004,G-126,G-004|G-126,0.0000,609.6897,BBOX_CLEAR
PAIR-000573,G-004,G-127,G-004|G-127,0.0000,611.0539,BBOX_CLEAR
PAIR-000574,G-004,G-128,G-004|G-128,0.0000,615.2220,BBOX_CLEAR
PAIR-000575,G-004,G-129,G-004|G-129,0.0000,622.1380,BBOX_CLEAR
PAIR-000576,G-004,G-130,G-004|G-130,0.0000,631.7117,BBOX_CLEAR
PAIR-000577,G-004,G-131,G-004|G-131,0.0000,643.8244,BBOX_CLEAR
PAIR-000578,G-004,G-132,G-004|G-132,0.0000,658.3362,BBOX_CLEAR
PAIR-000579,G-004,G-133,G-004|G-133,0.0000,675.0921,BBOX_CLEAR
PAIR-000580,G-004,G-134,G-004|G-134,0.0000,693.9299,BBOX_CLEAR
PAIR-000581,G-004,G-135,G-004|G-135,0.0000,714.6847,BBOX_CLEAR
PAIR-000582,G-004,P-001,G-004|P-001,0.0000,305.8350,BBOX_CLEAR
PAIR-000583,G-004,P-002,G-004|P-002,0.0000,352.2812,BBOX_CLEAR
PAIR-000584,G-004,P-003,G-004|P-003,0.0000,512.1199,BBOX_CLEAR
PAIR-000585,G-004,P-004,G-004|P-004,0.0000,505.9296,BBOX_CLEAR
PAIR-000586,G-004,P-005,G-004|P-005,0.0000,389.1830,BBOX_CLEAR
PAIR-000587,G-004,P-006,G-004|P-006,0.0000,264.8022,BBOX_CLEAR
PAIR-000588,G-004,P-007,G-004|P-007,0.0000,181.8824,BBOX_CLEAR
PAIR-000589,G-004,P-008,G-004|P-008,0.0000,274.3685,BBOX_CLEAR
PAIR-000590,G-004,P-009,G-004|P-009,0.0000,174.4545,BBOX_CLEAR
PAIR-000591,G-004,P-010,G-004|P-010,0.0000,165.9299,BBOX_CLEAR
PAIR-000592,G-004,P-011,G-004|P-011,0.0000,146.4368,BBOX_CLEAR
PAIR-000593,G-004,P-012,G-004|P-012,0.0000,221.6232,BBOX_CLEAR
PAIR-000594,G-004,P-013,G-004|P-013,0.0000,361.5383,BBOX_CLEAR
PAIR-000595,G-004,P-014,G-004|P-014,0.0000,356.5920,BBOX_CLEAR
PAIR-000596,G-004,P-015,G-004|P-015,0.0000,23.8762,BBOX_CLEAR
PAIR-000597,G-004,P-016,G-004|P-016,0.0000,61.7737,BBOX_CLEAR
PAIR-000598,G-004,P-017,G-004|P-017,0.0000,139.6136,BBOX_CLEAR
PAIR-000599,G-005,G-006,G-005|G-006,0.0000,0.0000,BBOX_WITHIN_8PX
PAIR-000600,G-005,G-007,G-005|G-007,0.0000,47.1640,BBOX_CLEAR
PAIR-000601,G-005,G-008,G-005|G-008,0.0000,82.7599,BBOX_CLEAR
PAIR-000602,G-005,G-009,G-005|G-009,0.0000,120.9500,BBOX_CLEAR
PAIR-000603,G-005,G-010,G-005|G-010,0.0000,159.1400,BBOX_CLEAR
PAIR-000604,G-005,G-011,G-005|G-011,0.0000,197.3301,BBOX_CLEAR
PAIR-000605,G-005,G-012,G-005|G-012,0.0000,235.5202,BBOX_CLEAR
PAIR-000606,G-005,G-013,G-005|G-013,0.0000,46.3304,BBOX_CLEAR
PAIR-000607,G-005,G-014,G-005|G-014,0.0000,42.8378,BBOX_CLEAR
PAIR-000608,G-005,G-015,G-005|G-015,0.0000,39.6818,BBOX_CLEAR
PAIR-000609,G-005,G-016,G-005|G-016,0.0000,39.6818,BBOX_CLEAR
PAIR-000610,G-005,G-017,G-005|G-017,0.0000,55.0738,BBOX_CLEAR
PAIR-000611,G-005,G-018,G-005|G-018,0.0000,86.0731,BBOX_CLEAR
PAIR-000612,G-005,G-019,G-005|G-019,0.0000,121.2476,BBOX_CLEAR
PAIR-000613,G-005,G-020,G-005|G-020,0.0000,157.8302,BBOX_CLEAR
PAIR-000614,G-005,G-021,G-005|G-021,0.0000,195.0300,BBOX_CLEAR
PAIR-000615,G-005,G-022,G-005|G-022,0.0000,232.5511,BBOX_CLEAR
PAIR-000616,G-005,G-023,G-005|G-023,0.0000,270.2491,BBOX_CLEAR
PAIR-000617,G-005,G-024,G-005|G-024,0.0000,247.8290,BBOX_CLEAR
PAIR-000618,G-005,G-025,G-005|G-025,0.0000,233.1900,BBOX_CLEAR
PAIR-000619,G-005,G-026,G-005|G-026,0.0000,211.1144,BBOX_CLEAR
PAIR-000620,G-005,G-027,G-005|G-027,0.0000,195.9226,BBOX_CLEAR
PAIR-000621,G-005,G-028,G-005|G-028,0.0000,343.0591,BBOX_CLEAR
PAIR-000622,G-005,G-029,G-005|G-029,0.0000,337.1483,BBOX_CLEAR
PAIR-000623,G-005,G-030,G-005|G-030,0.0000,324.2636,BBOX_CLEAR
PAIR-000624,G-005,G-031,G-005|G-031,0.0000,308.8272,BBOX_CLEAR
PAIR-000625,G-005,G-032,G-005|G-032,0.0000,121.5428,BBOX_CLEAR
PAIR-000626,G-005,G-033,G-005|G-033,0.0000,120.2547,BBOX_CLEAR
PAIR-000627,G-005,G-034,G-005|G-034,0.0000,119.6581,BBOX_CLEAR
PAIR-000628,G-005,G-035,G-005|G-035,0.0000,119.6581,BBOX_CLEAR
PAIR-000629,G-005,G-036,G-005|G-036,0.0000,120.8428,BBOX_CLEAR
PAIR-000630,G-005,G-037,G-005|G-037,0.0000,124.0736,BBOX_CLEAR
PAIR-000631,G-005,G-038,G-005|G-038,0.0000,133.6011,BBOX_CLEAR
PAIR-000632,G-005,G-039,G-005|G-039,0.0000,128.6882,BBOX_CLEAR
PAIR-000633,G-005,G-040,G-005|G-040,0.0000,152.0395,BBOX_CLEAR
PAIR-000634,G-005,G-041,G-005|G-041,0.0000,178.0100,BBOX_CLEAR
PAIR-000635,G-005,G-042,G-005|G-042,0.0000,183.5337,BBOX_CLEAR
PAIR-000636,G-005,G-043,G-005|G-043,0.0000,192.3551,BBOX_CLEAR
PAIR-000637,G-005,G-044,G-005|G-044,0.0000,202.3311,BBOX_CLEAR
PAIR-000638,G-005,G-045,G-005|G-045,0.0000,235.8289,BBOX_CLEAR
PAIR-000639,G-005,G-046,G-005|G-046,0.0000,530.4540,BBOX_CLEAR
PAIR-000640,G-005,G-047,G-005|G-047,0.0000,493.5031,BBOX_CLEAR
PAIR-000641,G-005,G-048,G-005|G-048,0.0000,471.0373,BBOX_CLEAR
PAIR-000642,G-005,G-049,G-005|G-049,0.0000,453.6915,BBOX_CLEAR
PAIR-000643,G-005,G-050,G-005|G-050,0.0000,445.1663,BBOX_CLEAR
PAIR-000644,G-005,G-051,G-005|G-051,0.0000,428.0752,BBOX_CLEAR
PAIR-000645,G-005,G-052,G-005|G-052,0.0000,419.6873,BBOX_CLEAR
PAIR-000646,G-005,G-053,G-005|G-053,0.0000,397.2879,BBOX_CLEAR
PAIR-000647,G-005,G-054,G-005|G-054,0.0000,389.1059,BBOX_CLEAR
PAIR-000648,G-005,G-055,G-005|G-055,0.0000,372.7753,BBOX_CLEAR
PAIR-000649,G-005,G-056,G-005|G-056,0.0000,356.7429,BBOX_CLEAR
PAIR-000650,G-005,G-057,G-005|G-057,0.0000,345.3888,BBOX_CLEAR
PAIR-000651,G-005,G-058,G-005|G-058,0.0000,738.7636,BBOX_CLEAR
PAIR-000652,G-005,G-059,G-005|G-059,0.0000,727.3966,BBOX_CLEAR
PAIR-000653,G-005,G-060,G-005|G-060,0.0000,838.4407,BBOX_CLEAR
PAIR-000654,G-005,G-061,G-005|G-061,0.0000,826.0013,BBOX_CLEAR
PAIR-000655,G-005,G-062,G-005|G-062,0.0000,941.6256,BBOX_CLEAR
PAIR-000656,G-005,G-063,G-005|G-063,0.0000,929.0810,BBOX_CLEAR
PAIR-000657,G-005,G-064,G-005|G-064,0.0000,263.6689,BBOX_CLEAR
PAIR-000658,G-005,G-065,G-005|G-065,0.0000,284.2508,BBOX_CLEAR
PAIR-000659,G-005,G-066,G-005|G-066,0.0000,400.1624,BBOX_CLEAR
PAIR-000660,G-005,G-067,G-005|G-067,0.0000,381.8419,BBOX_CLEAR
PAIR-000661,G-005,G-068,G-005|G-068,0.0000,372.0487,BBOX_CLEAR
PAIR-000662,G-005,G-069,G-005|G-069,0.0000,1047.8735,BBOX_CLEAR
PAIR-000663,G-005,G-070,G-005|G-070,0.0000,1043.6181,BBOX_CLEAR
PAIR-000664,G-005,G-071,G-005|G-071,0.0000,999.4191,BBOX_CLEAR
PAIR-000665,G-005,G-072,G-005|G-072,0.0000,975.0151,BBOX_CLEAR
PAIR-000666,G-005,G-073,G-005|G-073,0.0000,971.7804,BBOX_CLEAR
PAIR-000667,G-005,G-074,G-005|G-074,0.0000,927.9913,BBOX_CLEAR
PAIR-000668,G-005,G-075,G-005|G-075,0.0000,904.3935,BBOX_CLEAR
PAIR-000669,G-005,G-076,G-005|G-076,0.0000,902.2863,BBOX_CLEAR
PAIR-000670,G-005,G-077,G-005|G-077,0.0000,804.6304,BBOX_CLEAR
PAIR-000671,G-005,G-078,G-005|G-078,0.0000,792.4990,BBOX_CLEAR
PAIR-000672,G-005,G-079,G-005|G-079,0.0000,774.7416,BBOX_CLEAR
PAIR-000673,G-005,G-080,G-005|G-080,0.0000,775.7327,BBOX_CLEAR
PAIR-000674,G-005,G-081,G-005|G-081,0.0000,755.1070,BBOX_CLEAR
PAIR-000675,G-005,G-082,G-005|G-082,0.0000,733.7817,BBOX_CLEAR
PAIR-000676,G-005,G-083,G-005|G-083,0.0000,736.0288,BBOX_CLEAR
PAIR-000677,G-005,G-084,G-005|G-084,0.0000,711.9177,BBOX_CLEAR
PAIR-000678,G-005,G-085,G-005|G-085,0.0000,686.0564,BBOX_CLEAR
PAIR-000679,G-005,G-086,G-005|G-086,0.0000,664.6953,BBOX_CLEAR
PAIR-000680,G-005,G-087,G-005|G-087,0.0000,650.9631,BBOX_CLEAR
PAIR-000681,G-005,G-088,G-005|G-088,0.0000,670.8779,BBOX_CLEAR
PAIR-000682,G-005,G-089,G-005|G-089,0.0000,645.5250,BBOX_CLEAR
PAIR-000683,G-005,G-090,G-005|G-090,0.0000,634.0666,BBOX_CLEAR
PAIR-000684,G-005,G-091,G-005|G-091,0.0000,614.3937,BBOX_CLEAR
PAIR-000685,G-005,G-092,G-005|G-092,0.0000,598.8467,BBOX_CLEAR
PAIR-000686,G-005,G-093,G-005|G-093,0.0000,586.8345,BBOX_CLEAR
PAIR-000687,G-005,G-094,G-005|G-094,0.0000,608.9039,BBOX_CLEAR
PAIR-000688,G-005,G-095,G-005|G-095,0.0000,584.5833,BBOX_CLEAR
PAIR-000689,G-005,G-096,G-005|G-096,0.0000,576.7004,BBOX_CLEAR
PAIR-000690,G-005,G-097,G-005|G-097,0.0000,572.5503,BBOX_CLEAR
PAIR-000691,G-005,G-098,G-005|G-098,0.0000,565.6044,BBOX_CLEAR
PAIR-000692,G-005,G-099,G-005|G-099,0.0000,558.8331,BBOX_CLEAR
PAIR-000693,G-005,G-100,G-005|G-100,0.0000,1188.5125,BBOX_CLEAR
PAIR-000694,G-005,G-101,G-005|G-101,0.0000,1170.8778,BBOX_CLEAR
PAIR-000695,G-005,G-102,G-005|G-102,0.0000,1161.1137,BBOX_CLEAR
PAIR-000696,G-005,G-103,G-005|G-103,0.0000,1143.6809,BBOX_CLEAR
PAIR-000697,G-005,G-104,G-005|G-104,0.0000,1073.4734,BBOX_CLEAR
PAIR-000698,G-005,G-105,G-005|G-105,0.0000,1039.5402,BBOX_CLEAR
PAIR-000699,G-005,G-106,G-005|G-106,0.0000,1006.1754,BBOX_CLEAR
PAIR-000700,G-005,G-107,G-005|G-107,0.0000,973.4373,BBOX_CLEAR
PAIR-000701,G-005,G-108,G-005|G-108,0.0000,941.3915,BBOX_CLEAR
PAIR-000702,G-005,G-109,G-005|G-109,0.0000,910.1109,BBOX_CLEAR
PAIR-000703,G-005,G-110,G-005|G-110,0.0000,879.6773,BBOX_CLEAR
PAIR-000704,G-005,G-111,G-005|G-111,0.0000,850.1817,BBOX_CLEAR
PAIR-000705,G-005,G-112,G-005|G-112,0.0000,821.7249,BBOX_CLEAR
PAIR-000706,G-005,G-113,G-005|G-113,0.0000,794.4188,BBOX_CLEAR
PAIR-000707,G-005,G-114,G-005|G-114,0.0000,768.3858,BBOX_CLEAR
PAIR-000708,G-005,G-115,G-005|G-115,0.0000,743.7599,BBOX_CLEAR
PAIR-000709,G-005,G-116,G-005|G-116,0.0000,720.6851,BBOX_CLEAR
PAIR-000710,G-005,G-117,G-005|G-117,0.0000,699.3152,BBOX_CLEAR
PAIR-000711,G-005,G-118,G-005|G-118,0.0000,679.8108,BBOX_CLEAR
PAIR-000712,G-005,G-119,G-005|G-119,0.0000,662.3368,BBOX_CLEAR
PAIR-000713,G-005,G-120,G-005|G-120,0.0000,647.0577,BBOX_CLEAR
PAIR-000714,G-005,G-121,G-005|G-121,0.0000,634.1321,BBOX_CLEAR
PAIR-000715,G-005,G-122,G-005|G-122,0.0000,623.7066,BBOX_CLEAR
PAIR-000716,G-005,G-123,G-005|G-123,0.0000,615.9079,BBOX_CLEAR
PAIR-000717,G-005,G-124,G-005|G-124,0.0000,610.8367,BBOX_CLEAR
PAIR-000718,G-005,G-125,G-005|G-125,0.0000,608.5612,BBOX_CLEAR
PAIR-000719,G-005,G-126,G-005|G-126,0.0000,608.4294,BBOX_CLEAR
PAIR-000720,G-005,G-127,G-005|G-127,0.0000,608.4294,BBOX_CLEAR
PAIR-000721,G-005,G-128,G-005|G-128,0.0000,609.2790,BBOX_CLEAR
PAIR-000722,G-005,G-129,G-005|G-129,0.0000,612.8741,BBOX_CLEAR
PAIR-000723,G-005,G-130,G-005|G-130,0.0000,619.2371,BBOX_CLEAR
PAIR-000724,G-005,G-131,G-005|G-131,0.0000,628.2841,BBOX_CLEAR
PAIR-000725,G-005,G-132,G-005|G-132,0.0000,639.9012,BBOX_CLEAR
PAIR-000726,G-005,G-133,G-005|G-133,0.0000,653.9515,BBOX_CLEAR
PAIR-000727,G-005,G-134,G-005|G-134,0.0000,670.2819,BBOX_CLEAR
PAIR-000728,G-005,G-135,G-005|G-135,0.0000,688.7304,BBOX_CLEAR
PAIR-000729,G-005,P-001,G-005|P-001,0.0000,304.5748,BBOX_CLEAR
PAIR-000730,G-005,P-002,G-005|P-002,0.0000,327.2854,BBOX_CLEAR
PAIR-000731,G-005,P-003,G-005|P-003,0.0000,533.4408,BBOX_CLEAR
PAIR-000732,G-005,P-004,G-005|P-004,0.0000,527.1204,BBOX_CLEAR
PAIR-000733,G-005,P-005,G-005|P-005,0.0000,407.0320,BBOX_CLEAR
PAIR-000734,G-005,P-006,G-005|P-006,0.0000,282.7457,BBOX_CLEAR
PAIR-000735,G-005,P-007,G-005|P-007,0.0000,199.9540,BBOX_CLEAR
PAIR-000736,G-005,P-008,G-005|P-008,0.0000,290.8254,BBOX_CLEAR
PAIR-000737,G-005,P-009,G-005|P-009,0.0000,192.8562,BBOX_CLEAR
PAIR-000738,G-005,P-010,G-005|P-010,0.0000,184.5624,BBOX_CLEAR
PAIR-000739,G-005,P-011,G-005|P-011,0.0000,163.2035,BBOX_CLEAR
PAIR-000740,G-005,P-012,G-005|P-012,0.0000,237.4204,BBOX_CLEAR
PAIR-000741,G-005,P-013,G-005|P-013,0.0000,366.0597,BBOX_CLEAR
PAIR-000742,G-005,P-014,G-005|P-014,0.0000,360.7253,BBOX_CLEAR
PAIR-000743,G-005,P-015,G-005|P-015,0.0000,45.1972,BBOX_CLEAR
PAIR-000744,G-005,P-016,G-005|P-016,0.0000,71.7404,BBOX_CLEAR
PAIR-000745,G-005,P-017,G-005|P-017,0.0000,143.5951,BBOX_CLEAR
PAIR-000746,G-006,G-007,G-006|G-007,0.0000,8.9740,BBOX_CLEAR
PAIR-000747,G-006,G-008,G-006|G-008,0.0000,44.5698,BBOX_CLEAR
PAIR-000748,G-006,G-009,G-006|G-009,0.0000,82.7599,BBOX_CLEAR
PAIR-000749,G-006,G-010,G-006|G-010,0.0000,120.9499,BBOX_CLEAR
PAIR-000750,G-006,G-011,G-006|G-011,0.0000,159.1400,BBOX_CLEAR
PAIR-000751,G-006,G-012,G-006|G-012,0.0000,197.3301,BBOX_CLEAR
PAIR-000752,G-006,G-013,G-006|G-013,0.0000,72.3429,BBOX_CLEAR
PAIR-000753,G-006,G-014,G-006|G-014,0.0000,64.8645,BBOX_CLEAR
PAIR-000754,G-006,G-015,G-006|G-015,0.0000,39.6818,BBOX_CLEAR
PAIR-000755,G-006,G-016,G-006|G-016,0.0000,39.6818,BBOX_CLEAR
PAIR-000756,G-006,G-017,G-006|G-017,0.0000,39.6818,BBOX_CLEAR
PAIR-000757,G-006,G-018,G-006|G-018,0.0000,55.0738,BBOX_CLEAR
PAIR-000758,G-006,G-019,G-006|G-019,0.0000,86.0731,BBOX_CLEAR
PAIR-000759,G-006,G-020,G-006|G-020,0.0000,121.2476,BBOX_CLEAR
PAIR-000760,G-006,G-021,G-006|G-021,0.0000,157.8302,BBOX_CLEAR
PAIR-000761,G-006,G-022,G-006|G-022,0.0000,195.0300,BBOX_CLEAR
PAIR-000762,G-006,G-023,G-006|G-023,0.0000,308.3104,BBOX_CLEAR
PAIR-000763,G-006,G-024,G-006|G-024,0.0000,285.8675,BBOX_CLEAR
PAIR-000764,G-006,G-025,G-006|G-025,0.0000,271.2102,BBOX_CLEAR
PAIR-000765,G-006,G-026,G-006|G-026,0.0000,249.1001,BBOX_CLEAR
PAIR-000766,G-006,G-027,G-006|G-027,0.0000,233.8780,BBOX_CLEAR
PAIR-000767,G-006,G-028,G-006|G-028,0.0000,380.9589,BBOX_CLEAR
PAIR-000768,G-006,G-029,G-006|G-029,0.0000,374.7692,BBOX_CLEAR
PAIR-000769,G-006,G-030,G-006|G-030,0.0000,361.8404,BBOX_CLEAR
PAIR-000770,G-006,G-031,G-006|G-031,0.0000,346.3440,BBOX_CLEAR
PAIR-000771,G-006,G-032,G-006|G-032,0.0000,133.6399,BBOX_CLEAR
PAIR-000772,G-006,G-033,G-006|G-033,0.0000,129.7441,BBOX_CLEAR
PAIR-000773,G-006,G-034,G-006|G-034,0.0000,120.0445,BBOX_CLEAR
PAIR-000774,G-006,G-035,G-006|G-035,0.0000,119.6581,BBOX_CLEAR
PAIR-000775,G-006,G-036,G-006|G-036,0.0000,119.6581,BBOX_CLEAR
PAIR-000776,G-006,G-037,G-006|G-037,0.0000,119.6581,BBOX_CLEAR
PAIR-000777,G-006,G-038,G-006|G-038,0.0000,121.5275,BBOX_CLEAR
PAIR-000778,G-006,G-039,G-006|G-039,0.0000,110.7434,BBOX_CLEAR
PAIR-000779,G-006,G-040,G-006|G-040,0.0000,132.1178,BBOX_CLEAR
PAIR-000780,G-006,G-041,G-006|G-041,0.0000,156.2389,BBOX_CLEAR
PAIR-000781,G-006,G-042,G-006|G-042,0.0000,160.5131,BBOX_CLEAR
PAIR-000782,G-006,G-043,G-006|G-043,0.0000,167.6312,BBOX_CLEAR
PAIR-000783,G-006,G-044,G-006|G-044,0.0000,173.0158,BBOX_CLEAR
PAIR-000784,G-006,G-045,G-006|G-045,0.0000,203.8431,BBOX_CLEAR
PAIR-000785,G-006,G-046,G-006|G-046,0.0000,565.9157,BBOX_CLEAR
PAIR-000786,G-006,G-047,G-006|G-047,0.0000,528.5345,BBOX_CLEAR
PAIR-000787,G-006,G-048,G-006|G-048,0.0000,505.7539,BBOX_CLEAR
PAIR-000788,G-006,G-049,G-006|G-049,0.0000,488.1307,BBOX_CLEAR
PAIR-000789,G-006,G-050,G-006|G-050,0.0000,479.4564,BBOX_CLEAR
PAIR-000790,G-006,G-051,G-006|G-051,0.0000,462.0373,BBOX_CLEAR
PAIR-000791,G-006,G-052,G-006|G-052,0.0000,453.4725,BBOX_CLEAR
PAIR-000792,G-006,G-053,G-006|G-053,0.0000,430.5399,BBOX_CLEAR
PAIR-000793,G-006,G-054,G-006|G-054,0.0000,422.1376,BBOX_CLEAR
PAIR-000794,G-006,G-055,G-006|G-055,0.0000,405.3182,BBOX_CLEAR
PAIR-000795,G-006,G-056,G-006|G-056,0.0000,388.7308,BBOX_CLEAR
PAIR-000796,G-006,G-057,G-006|G-057,0.0000,376.9291,BBOX_CLEAR
PAIR-000797,G-006,G-058,G-006|G-058,0.0000,775.5510,BBOX_CLEAR
PAIR-000798,G-006,G-059,G-006|G-059,0.0000,763.8797,BBOX_CLEAR
PAIR-000799,G-006,G-060,G-006|G-060,0.0000,875.6898,BBOX_CLEAR
PAIR-000800,G-006,G-061,G-006|G-061,0.0000,863.0356,BBOX_CLEAR
PAIR-000801,G-006,G-062,G-006|G-062,0.0000,978.8802,BBOX_CLEAR
PAIR-000802,G-006,G-063,G-006|G-063,0.0000,966.1457,BBOX_CLEAR
PAIR-000803,G-006,G-064,G-006|G-064,0.0000,252.9824,BBOX_CLEAR
PAIR-000804,G-006,G-065,G-006|G-065,0.0000,271.1181,BBOX_CLEAR
PAIR-000805,G-006,G-066,G-006|G-066,0.0000,417.2069,BBOX_CLEAR
PAIR-000806,G-006,G-067,G-006|G-067,0.0000,395.0990,BBOX_CLEAR
PAIR-000807,G-006,G-068,G-006|G-068,0.0000,381.8419,BBOX_CLEAR
PAIR-000808,G-006,G-069,G-006|G-069,0.0000,1081.0075,BBOX_CLEAR
PAIR-000809,G-006,G-070,G-006|G-070,0.0000,1076.3509,BBOX_CLEAR
PAIR-000810,G-006,G-071,G-006|G-071,0.0000,1032.0138,BBOX_CLEAR
PAIR-000811,G-006,G-072,G-006|G-072,0.0000,1007.3035,BBOX_CLEAR
PAIR-000812,G-006,G-073,G-006|G-073,0.0000,1003.6031,BBOX_CLEAR
PAIR-000813,G-006,G-074,G-006|G-074,0.0000,959.6098,BBOX_CLEAR
PAIR-000814,G-006,G-075,G-006|G-075,0.0000,935.6295,BBOX_CLEAR
PAIR-000815,G-006,G-076,G-006|G-076,0.0000,932.9780,BBOX_CLEAR
PAIR-000816,G-006,G-077,G-006|G-077,0.0000,833.5990,BBOX_CLEAR
PAIR-000817,G-006,G-078,G-006|G-078,0.0000,821.1371,BBOX_CLEAR
PAIR-000818,G-006,G-079,G-006|G-079,0.0000,802.8597,BBOX_CLEAR
PAIR-000819,G-006,G-080,G-006|G-080,0.0000,803.1034,BBOX_CLEAR
PAIR-000820,G-006,G-081,G-006|G-081,0.0000,782.5934,BBOX_CLEAR
PAIR-000821,G-006,G-082,G-006|G-082,0.0000,760.5030,BBOX_CLEAR
PAIR-000822,G-006,G-083,G-006|G-083,0.0000,761.9215,BBOX_CLEAR
PAIR-000823,G-006,G-084,G-006|G-084,0.0000,737.7531,BBOX_CLEAR
PAIR-000824,G-006,G-085,G-006|G-085,0.0000,710.6803,BBOX_CLEAR
PAIR-000825,G-006,G-086,G-006|G-086,0.0000,688.1495,BBOX_CLEAR
PAIR-000826,G-006,G-087,G-006|G-087,0.0000,674.0256,BBOX_CLEAR
PAIR-000827,G-006,G-088,G-006|G-088,0.0000,693.2964,BBOX_CLEAR
PAIR-000828,G-006,G-089,G-006|G-089,0.0000,667.7624,BBOX_CLEAR
PAIR-000829,G-006,G-090,G-006|G-090,0.0000,655.4829,BBOX_CLEAR
PAIR-000830,G-006,G-091,G-006|G-091,0.0000,634.1904,BBOX_CLEAR
PAIR-000831,G-006,G-092,G-006|G-092,0.0000,617.1186,BBOX_CLEAR
PAIR-000832,G-006,G-093,G-006|G-093,0.0000,604.5004,BBOX_CLEAR
PAIR-000833,G-006,G-094,G-006|G-094,0.0000,625.9707,BBOX_CLEAR
PAIR-000834,G-006,G-095,G-006|G-095,0.0000,601.1907,BBOX_CLEAR
PAIR-000835,G-006,G-096,G-006|G-096,0.0000,592.2394,BBOX_CLEAR
PAIR-000836,G-006,G-097,G-006|G-097,0.0000,587.4720,BBOX_CLEAR
PAIR-000837,G-006,G-098,G-006|G-098,0.0000,579.3870,BBOX_CLEAR
PAIR-000838,G-006,G-099,G-006|G-099,0.0000,571.3407,BBOX_CLEAR
PAIR-000839,G-006,G-100,G-006|G-100,0.0000,1221.7492,BBOX_CLEAR
PAIR-000840,G-006,G-101,G-006|G-101,0.0000,1203.6400,BBOX_CLEAR
PAIR-000841,G-006,G-102,G-006|G-102,0.0000,1193.7774,BBOX_CLEAR
PAIR-000842,G-006,G-103,G-006|G-103,0.0000,1176.1616,BBOX_CLEAR
PAIR-000843,G-006,G-104,G-006|G-104,0.0000,1105.1489,BBOX_CLEAR
PAIR-000844,G-006,G-105,G-006|G-105,0.0000,1070.7391,BBOX_CLEAR
PAIR-000845,G-006,G-106,G-006|G-106,0.0000,1036.8494,BBOX_CLEAR
PAIR-000846,G-006,G-107,G-006|G-107,0.0000,1003.5324,BBOX_CLEAR
PAIR-000847,G-006,G-108,G-006|G-108,0.0000,970.8472,BBOX_CLEAR
PAIR-000848,G-006,G-109,G-006|G-109,0.0000,938.8598,BBOX_CLEAR
PAIR-000849,G-006,G-110,G-006|G-110,0.0000,907.6439,BBOX_CLEAR
PAIR-000850,G-006,G-111,G-006|G-111,0.0000,877.2818,BBOX_CLEAR
PAIR-000851,G-006,G-112,G-006|G-112,0.0000,847.8654,BBOX_CLEAR
PAIR-000852,G-006,G-113,G-006|G-113,0.0000,819.4965,BBOX_CLEAR
PAIR-000853,G-006,G-114,G-006|G-114,0.0000,792.2875,BBOX_CLEAR
PAIR-000854,G-006,G-115,G-006|G-115,0.0000,766.3621,BBOX_CLEAR
PAIR-000855,G-006,G-116,G-006|G-116,0.0000,741.8548,BBOX_CLEAR
PAIR-000856,G-006,G-117,G-006|G-117,0.0000,718.9107,BBOX_CLEAR
PAIR-000857,G-006,G-118,G-006|G-118,0.0000,697.6840,BBOX_CLEAR
PAIR-000858,G-006,G-119,G-006|G-119,0.0000,678.3359,BBOX_CLEAR
PAIR-000859,G-006,G-120,G-006|G-120,0.0000,661.0315,BBOX_CLEAR
PAIR-000860,G-006,G-121,G-006|G-121,0.0000,645.9350,BBOX_CLEAR
PAIR-000861,G-006,G-122,G-006|G-122,0.0000,633.2043,BBOX_CLEAR
PAIR-000862,G-006,G-123,G-006|G-123,0.0000,622.9845,BBOX_CLEAR
PAIR-000863,G-006,G-124,G-006|G-124,0.0000,615.4007,BBOX_CLEAR
PAIR-000864,G-006,G-125,G-006|G-125,0.0000,610.5511,BBOX_CLEAR
PAIR-000865,G-006,G-126,G-006|G-126,0.0000,608.5011,BBOX_CLEAR
PAIR-000866,G-006,G-127,G-006|G-127,0.0000,608.4294,BBOX_CLEAR
PAIR-000867,G-006,G-128,G-006|G-128,0.0000,608.4294,BBOX_CLEAR
PAIR-000868,G-006,G-129,G-006|G-129,0.0000,609.4634,BBOX_CLEAR
PAIR-000869,G-006,G-130,G-006|G-130,0.0000,613.2822,BBOX_CLEAR
PAIR-000870,G-006,G-131,G-006|G-131,0.0000,619.8635,BBOX_CLEAR
PAIR-000871,G-006,G-132,G-006|G-132,0.0000,629.1206,BBOX_CLEAR
PAIR-000872,G-006,G-133,G-006|G-133,0.0000,640.9377,BBOX_CLEAR
PAIR-000873,G-006,G-134,G-006|G-134,0.0000,655.1761,BBOX_CLEAR
PAIR-000874,G-006,G-135,G-006|G-135,0.0000,671.6821,BBOX_CLEAR
PAIR-000875,G-006,P-001,G-006|P-001,0.0000,304.5748,BBOX_CLEAR
PAIR-000876,G-006,P-002,G-006|P-002,0.0000,313.2528,BBOX_CLEAR
PAIR-000877,G-006,P-003,G-006|P-003,0.0000,571.6309,BBOX_CLEAR
PAIR-000878,G-006,P-004,G-006|P-004,0.0000,565.2484,BBOX_CLEAR
PAIR-000879,G-006,P-005,G-006|P-005,0.0000,440.7948,BBOX_CLEAR
PAIR-000880,G-006,P-006,G-006|P-006,0.0000,316.8969,BBOX_CLEAR
PAIR-000881,G-006,P-007,G-006|P-007,0.0000,234.5831,BBOX_CLEAR
PAIR-000882,G-006,P-008,G-006|P-008,0.0000,322.9024,BBOX_CLEAR
PAIR-000883,G-006,P-009,G-006|P-009,0.0000,227.9265,BBOX_CLEAR
PAIR-000884,G-006,P-010,G-006|P-010,0.0000,219.9503,BBOX_CLEAR
PAIR-000885,G-006,P-011,G-006|P-011,0.0000,196.4845,BBOX_CLEAR
PAIR-000886,G-006,P-012,G-006|P-012,0.0000,268.8501,BBOX_CLEAR
PAIR-000887,G-006,P-013,G-006|P-013,0.0000,379.1389,BBOX_CLEAR
PAIR-000888,G-006,P-014,G-006|P-014,0.0000,373.1928,BBOX_CLEAR
PAIR-000889,G-006,P-015,G-006|P-015,0.0000,83.3872,BBOX_CLEAR
PAIR-000890,G-006,P-016,G-006|P-016,0.0000,100.2863,BBOX_CLEAR
PAIR-000891,G-006,P-017,G-006|P-017,0.0000,159.7817,BBOX_CLEAR
PAIR-000892,G-007,G-008,G-007|G-008,0.0000,10.3139,BBOX_CLEAR
PAIR-000893,G-007,G-009,G-007|G-009,0.0000,48.5040,BBOX_CLEAR
PAIR-000894,G-007,G-010,G-007|G-010,0.0000,86.6940,BBOX_CLEAR
PAIR-000895,G-007,G-011,G-007|G-011,0.0000,124.8841,BBOX_CLEAR
PAIR-000896,G-007,G-012,G-007|G-012,0.0000,163.0742,BBOX_CLEAR
PAIR-000897,G-007,G-013,G-007|G-013,0.0000,114.7901,BBOX_CLEAR
PAIR-000898,G-007,G-014,G-007|G-014,0.0000,106.1513,BBOX_CLEAR
PAIR-000899,G-007,G-015,G-007|G-015,0.0000,62.4556,BBOX_CLEAR
PAIR-000900,G-007,G-016,G-007|G-016,0.0000,41.9140,BBOX_CLEAR
PAIR-000901,G-007,G-017,G-007|G-017,0.0000,40.9421,BBOX_CLEAR
PAIR-000902,G-007,G-018,G-007|G-018,0.0000,41.1307,BBOX_CLEAR
PAIR-000903,G-007,G-019,G-007|G-019,0.0000,58.7427,BBOX_CLEAR
PAIR-000904,G-007,G-020,G-007|G-020,0.0000,90.1480,BBOX_CLEAR
PAIR-000905,G-007,G-021,G-007|G-021,0.0000,125.3777,BBOX_CLEAR
PAIR-000906,G-007,G-022,G-007|G-022,0.0000,161.9550,BBOX_CLEAR
PAIR-000907,G-007,G-023,G-007|G-023,0.0000,355.4397,BBOX_CLEAR
PAIR-000908,G-007,G-024,G-007|G-024,0.0000,332.9843,BBOX_CLEAR
PAIR-000909,G-007,G-025,G-007|G-025,0.0000,318.3169,BBOX_CLEAR
PAIR-000910,G-007,G-026,G-007|G-026,0.0000,296.1878,BBOX_CLEAR
PAIR-000911,G-007,G-027,G-007|G-027,0.0000,280.9492,BBOX_CLEAR
PAIR-000912,G-007,G-028,G-007|G-028,0.0000,427.9686,BBOX_CLEAR
PAIR-000913,G-007,G-029,G-007|G-029,0.0000,421.5564,BBOX_CLEAR
PAIR-000914,G-007,G-030,G-007|G-030,0.0000,408.5947,BBOX_CLEAR
PAIR-000915,G-007,G-031,G-007|G-031,0.0000,393.0537,BBOX_CLEAR
PAIR-000916,G-007,G-032,G-007|G-032,0.0000,161.2477,BBOX_CLEAR
PAIR-000917,G-007,G-033,G-007|G-033,0.0000,155.2165,BBOX_CLEAR
PAIR-000918,G-007,G-034,G-007|G-034,0.0000,133.5894,BBOX_CLEAR
PAIR-000919,G-007,G-035,G-007|G-035,0.0000,124.7463,BBOX_CLEAR
PAIR-000920,G-007,G-036,G-007|G-036,0.0000,121.7679,BBOX_CLEAR
PAIR-000921,G-007,G-037,G-007|G-037,0.0000,120.9184,BBOX_CLEAR
PAIR-000922,G-007,G-038,G-007|G-038,0.0000,120.9184,BBOX_CLEAR
PAIR-000923,G-007,G-039,G-007|G-039,0.0000,105.6238,BBOX_CLEAR
PAIR-000924,G-007,G-040,G-007|G-040,0.0000,123.1399,BBOX_CLEAR
PAIR-000925,G-007,G-041,G-007|G-041,0.0000,143.9110,BBOX_CLEAR
PAIR-000926,G-007,G-042,G-007|G-042,0.0000,146.5856,BBOX_CLEAR
PAIR-000927,G-007,G-043,G-007|G-043,0.0000,151.4726,BBOX_CLEAR
PAIR-000928,G-007,G-044,G-007|G-044,0.0000,151.1606,BBOX_CLEAR
PAIR-000929,G-007,G-045,G-007|G-045,0.0000,178.1078,BBOX_CLEAR
PAIR-000930,G-007,G-046,G-007|G-046,0.0000,610.5861,BBOX_CLEAR
PAIR-000931,G-007,G-047,G-007|G-047,0.0000,572.8045,BBOX_CLEAR
PAIR-000932,G-007,G-048,G-007|G-048,0.0000,549.7328,BBOX_CLEAR
PAIR-000933,G-007,G-049,G-007|G-049,0.0000,531.8541,BBOX_CLEAR
PAIR-000934,G-007,G-050,G-007|G-050,0.0000,523.0428,BBOX_CLEAR
PAIR-000935,G-007,G-051,G-007|G-051,0.0000,505.3235,BBOX_CLEAR
PAIR-000936,G-007,G-052,G-007|G-052,0.0000,496.5974,BBOX_CLEAR
PAIR-000937,G-007,G-053,G-007|G-053,0.0000,473.1803,BBOX_CLEAR
PAIR-000938,G-007,G-054,G-007|G-054,0.0000,464.5787,BBOX_CLEAR
PAIR-000939,G-007,G-055,G-007|G-055,0.0000,447.3188,BBOX_CLEAR
PAIR-000940,G-007,G-056,G-007|G-056,0.0000,430.2336,BBOX_CLEAR
PAIR-000941,G-007,G-057,G-007|G-057,0.0000,418.0321,BBOX_CLEAR
PAIR-000942,G-007,G-058,G-007|G-058,0.0000,821.4725,BBOX_CLEAR
PAIR-000943,G-007,G-059,G-007|G-059,0.0000,809.4971,BBOX_CLEAR
PAIR-000944,G-007,G-060,G-007|G-060,0.0000,922.0574,BBOX_CLEAR
PAIR-000945,G-007,G-061,G-007|G-061,0.0000,909.1910,BBOX_CLEAR
PAIR-000946,G-007,G-062,G-007|G-062,0.0000,1025.2445,BBOX_CLEAR
PAIR-000947,G-007,G-063,G-007|G-063,0.0000,1012.3204,BBOX_CLEAR
PAIR-000948,G-007,G-064,G-007|G-064,0.0000,249.3078,BBOX_CLEAR
PAIR-000949,G-007,G-065,G-007|G-065,0.0000,264.7675,BBOX_CLEAR
PAIR-000950,G-007,G-066,G-007|G-066,0.0000,442.9615,BBOX_CLEAR
PAIR-000951,G-007,G-067,G-007|G-067,0.0000,416.8547,BBOX_CLEAR
PAIR-000952,G-007,G-068,G-007|G-068,0.0000,399.8318,BBOX_CLEAR
PAIR-000953,G-007,G-069,G-007|G-069,0.0000,1122.9655,BBOX_CLEAR
PAIR-000954,G-007,G-070,G-007|G-070,0.0000,1117.8699,BBOX_CLEAR
PAIR-000955,G-007,G-071,G-007|G-071,0.0000,1073.3996,BBOX_CLEAR
PAIR-000956,G-007,G-072,G-007|G-072,0.0000,1048.3641,BBOX_CLEAR
PAIR-000957,G-007,G-073,G-007|G-073,0.0000,1044.1531,BBOX_CLEAR
PAIR-000958,G-007,G-074,G-007|G-074,0.0000,999.9599,BBOX_CLEAR
PAIR-000959,G-007,G-075,G-007|G-075,0.0000,975.5738,BBOX_CLEAR
PAIR-000960,G-007,G-076,G-007|G-076,0.0000,972.3243,BBOX_CLEAR
PAIR-000961,G-007,G-077,G-007|G-077,0.0000,871.1304,BBOX_CLEAR
PAIR-000962,G-007,G-078,G-007|G-078,0.0000,858.3175,BBOX_CLEAR
PAIR-000963,G-007,G-079,G-007|G-079,0.0000,839.4873,BBOX_CLEAR
PAIR-000964,G-007,G-080,G-007|G-080,0.0000,838.9028,BBOX_CLEAR
PAIR-000965,G-007,G-081,G-007|G-081,0.0000,818.5488,BBOX_CLEAR
PAIR-000966,G-007,G-082,G-007|G-082,0.0000,795.6438,BBOX_CLEAR
PAIR-000967,G-007,G-083,G-007|G-083,0.0000,796.1400,BBOX_CLEAR
PAIR-000968,G-007,G-084,G-007|G-084,0.0000,771.9493,BBOX_CLEAR
PAIR-000969,G-007,G-085,G-007|G-085,0.0000,743.5815,BBOX_CLEAR
PAIR-000970,G-007,G-086,G-007|G-086,0.0000,719.7970,BBOX_CLEAR
PAIR-000971,G-007,G-087,G-007|G-087,0.0000,705.2703,BBOX_CLEAR
PAIR-000972,G-007,G-088,G-007|G-088,0.0000,723.7732,BBOX_CLEAR
PAIR-000973,G-007,G-089,G-007|G-089,0.0000,698.1014,BBOX_CLEAR
PAIR-000974,G-007,G-090,G-007|G-090,0.0000,684.9357,BBOX_CLEAR
PAIR-000975,G-007,G-091,G-007|G-091,0.0000,661.8881,BBOX_CLEAR
PAIR-000976,G-007,G-092,G-007|G-092,0.0000,643.1535,BBOX_CLEAR
PAIR-000977,G-007,G-093,G-007|G-093,0.0000,629.8967,BBOX_CLEAR
PAIR-000978,G-007,G-094,G-007|G-094,0.0000,650.6042,BBOX_CLEAR
PAIR-000979,G-007,G-095,G-007|G-095,0.0000,625.3979,BBOX_CLEAR
PAIR-000980,G-007,G-096,G-007|G-096,0.0000,615.2659,BBOX_CLEAR
PAIR-000981,G-007,G-097,G-007|G-097,0.0000,609.8134,BBOX_CLEAR
PAIR-000982,G-007,G-098,G-007|G-098,0.0000,600.4588,BBOX_CLEAR
PAIR-000983,G-007,G-099,G-007|G-099,0.0000,590.9821,BBOX_CLEAR
PAIR-000984,G-007,G-100,G-007|G-100,0.0000,1263.7751,BBOX_CLEAR
PAIR-000985,G-007,G-101,G-007|G-101,0.0000,1245.1462,BBOX_CLEAR
PAIR-000986,G-007,G-102,G-007|G-102,0.0000,1235.1775,BBOX_CLEAR
PAIR-000987,G-007,G-103,G-007|G-103,0.0000,1217.3647,BBOX_CLEAR
PAIR-000988,G-007,G-104,G-007|G-104,0.0000,1145.4867,BBOX_CLEAR
PAIR-000989,G-007,G-105,G-007|G-105,0.0000,1110.5639,BBOX_CLEAR
PAIR-000990,G-007,G-106,G-007|G-106,0.0000,1076.1091,BBOX_CLEAR
PAIR-000991,G-007,G-107,G-007|G-107,0.0000,1042.1688,BBOX_CLEAR
PAIR-000992,G-007,G-108,G-007|G-108,0.0000,1008.7949,BBOX_CLEAR
PAIR-000993,G-007,G-109,G-007|G-109,0.0000,976.0456,BBOX_CLEAR
PAIR-000994,G-007,G-110,G-007|G-110,0.0000,943.9857,BBOX_CLEAR
PAIR-000995,G-007,G-111,G-007|G-111,0.0000,912.6880,BBOX_CLEAR
PAIR-000996,G-007,G-112,G-007|G-112,0.0000,882.2336,BBOX_CLEAR
PAIR-000997,G-007,G-113,G-007|G-113,0.0000,852.7128,BBOX_CLEAR
PAIR-000998,G-007,G-114,G-007|G-114,0.0000,824.2260,BBOX_CLEAR
PAIR-000999,G-007,G-115,G-007|G-115,0.0000,796.8841,BBOX_CLEAR
PAIR-001000,G-007,G-116,G-007|G-116,0.0000,770.8088,BBOX_CLEAR
PAIR-001001,G-007,G-117,G-007|G-117,0.0000,746.1331,BBOX_CLEAR
PAIR-001002,G-007,G-118,G-007|G-118,0.0000,723.0002,BBOX_CLEAR
PAIR-001003,G-007,G-119,G-007|G-119,0.0000,701.5628,BBOX_CLEAR
PAIR-001004,G-007,G-120,G-007|G-120,0.0000,681.9807,BBOX_CLEAR
PAIR-001005,G-007,G-121,G-007|G-121,0.0000,664.4181,BBOX_CLEAR
PAIR-001006,G-007,G-122,G-007|G-122,0.0000,649.0388,BBOX_CLEAR
PAIR-001007,G-007,G-123,G-007|G-123,0.0000,636.0014,BBOX_CLEAR
PAIR-001008,G-007,G-124,G-007|G-124,0.0000,625.4522,BBOX_CLEAR
PAIR-001009,G-007,G-125,G-007|G-125,0.0000,617.5188,BBOX_CLEAR
PAIR-001010,G-007,G-126,G-007|G-126,0.0000,612.3028,BBOX_CLEAR
PAIR-001011,G-007,G-127,G-007|G-127,0.0000,609.8741,BBOX_CLEAR
PAIR-001012,G-007,G-128,G-007|G-128,0.0000,609.6897,BBOX_CLEAR
PAIR-001013,G-007,G-129,G-007|G-129,0.0000,609.6909,BBOX_CLEAR
PAIR-001014,G-007,G-130,G-007|G-130,0.0000,611.1860,BBOX_CLEAR
PAIR-001015,G-007,G-131,G-007|G-131,0.0000,615.4836,BBOX_CLEAR
PAIR-001016,G-007,G-132,G-007|G-132,0.0000,622.5256,BBOX_CLEAR
PAIR-001017,G-007,G-133,G-007|G-133,0.0000,632.2203,BBOX_CLEAR
PAIR-001018,G-007,G-134,G-007|G-134,0.0000,644.4480,BBOX_CLEAR
PAIR-001019,G-007,G-135,G-007|G-135,0.0000,659.0677,BBOX_CLEAR
PAIR-001020,G-007,P-001,G-007|P-001,0.0000,305.8350,BBOX_CLEAR
PAIR-001021,G-007,P-002,G-007|P-002,0.0000,305.4466,BBOX_CLEAR
PAIR-001022,G-007,P-003,G-007|P-003,0.0000,618.7950,BBOX_CLEAR
PAIR-001023,G-007,P-004,G-007|P-004,0.0000,612.4219,BBOX_CLEAR
PAIR-001024,G-007,P-005,G-007|P-005,0.0000,483.9188,BBOX_CLEAR
PAIR-001025,G-007,P-006,G-007|P-006,0.0000,360.6648,BBOX_CLEAR
PAIR-001026,G-007,P-007,G-007|P-007,0.0000,279.0519,BBOX_CLEAR
PAIR-001027,G-007,P-008,G-007|P-008,0.0000,364.7254,BBOX_CLEAR
PAIR-001028,G-007,P-009,G-007|P-009,0.0000,272.7846,BBOX_CLEAR
PAIR-001029,G-007,P-010,G-007|P-010,0.0000,265.0939,BBOX_CLEAR
PAIR-001030,G-007,P-011,G-007|P-011,0.0000,240.0796,BBOX_CLEAR
PAIR-001031,G-007,P-012,G-007|P-012,0.0000,310.3547,BBOX_CLEAR
PAIR-001032,G-007,P-013,G-007|P-013,0.0000,400.8635,BBOX_CLEAR
PAIR-001033,G-007,P-014,G-007|P-014,0.0000,394.3012,BBOX_CLEAR
PAIR-001034,G-007,P-015,G-007|P-015,0.0000,130.5513,BBOX_CLEAR
PAIR-001035,G-007,P-016,G-007|P-016,0.0000,142.4414,BBOX_CLEAR
PAIR-001036,G-007,P-017,G-007|P-017,0.0000,189.6458,BBOX_CLEAR
PAIR-001037,G-008,G-009,G-008|G-009,0.0000,0.0000,BBOX_WITHIN_8PX
PAIR-001038,G-008,G-010,G-008|G-010,0.0000,38.1900,BBOX_CLEAR
PAIR-001039,G-008,G-011,G-008|G-011,0.0000,76.3801,BBOX_CLEAR
PAIR-001040,G-008,G-012,G-008|G-012,0.0000,114.5702,BBOX_CLEAR
PAIR-001041,G-008,G-013,G-008|G-013,0.0000,148.0977,BBOX_CLEAR
PAIR-001042,G-008,G-014,G-008|G-014,0.0000,139.1336,BBOX_CLEAR
PAIR-001043,G-008,G-015,G-008|G-015,0.0000,91.7815,BBOX_CLEAR
PAIR-001044,G-008,G-016,G-008|G-016,0.0000,59.6750,BBOX_CLEAR
PAIR-001045,G-008,G-017,G-008|G-017,0.0000,40.1914,BBOX_CLEAR
PAIR-001046,G-008,G-018,G-008|G-018,0.0000,39.6818,BBOX_CLEAR
PAIR-001047,G-008,G-019,G-008|G-019,0.0000,39.6818,BBOX_CLEAR
PAIR-001048,G-008,G-020,G-008|G-020,0.0000,50.8581,BBOX_CLEAR
PAIR-001049,G-008,G-021,G-008|G-021,0.0000,80.4656,BBOX_CLEAR
PAIR-001050,G-008,G-022,G-008|G-022,0.0000,115.2381,BBOX_CLEAR
PAIR-001051,G-008,G-023,G-008|G-023,0.0000,390.8773,BBOX_CLEAR
PAIR-001052,G-008,G-024,G-008|G-024,0.0000,368.4065,BBOX_CLEAR
PAIR-001053,G-008,G-025,G-008|G-025,0.0000,353.7276,BBOX_CLEAR
PAIR-001054,G-008,G-026,G-008|G-026,0.0000,331.5782,BBOX_CLEAR
PAIR-001055,G-008,G-027,G-008|G-027,0.0000,316.3233,BBOX_CLEAR
PAIR-001056,G-008,G-028,G-008|G-028,0.0000,463.2533,BBOX_CLEAR
PAIR-001057,G-008,G-029,G-008|G-029,0.0000,456.6200,BBOX_CLEAR
PAIR-001058,G-008,G-030,G-008|G-030,0.0000,443.6309,BBOX_CLEAR
PAIR-001059,G-008,G-031,G-008|G-031,0.0000,428.0536,BBOX_CLEAR
PAIR-001060,G-008,G-032,G-008|G-032,0.0000,185.9007,BBOX_CLEAR
PAIR-001061,G-008,G-033,G-008|G-033,0.0000,178.8415,BBOX_CLEAR
PAIR-001062,G-008,G-034,G-008|G-034,0.0000,151.1714,BBOX_CLEAR
PAIR-001063,G-008,G-035,G-008|G-035,0.0000,136.7796,BBOX_CLEAR
PAIR-001064,G-008,G-036,G-008|G-036,0.0000,129.6669,BBOX_CLEAR
PAIR-001065,G-008,G-037,G-008|G-037,0.0000,122.1753,BBOX_CLEAR
PAIR-001066,G-008,G-038,G-008|G-038,0.0000,119.8873,BBOX_CLEAR
PAIR-001067,G-008,G-039,G-008|G-039,0.0000,104.3237,BBOX_CLEAR
PAIR-001068,G-008,G-040,G-008|G-040,0.0000,120.1163,BBOX_CLEAR
PAIR-001069,G-008,G-041,G-008|G-041,0.0000,136.4093,BBOX_CLEAR
PAIR-001070,G-008,G-042,G-008|G-042,0.0000,136.4216,BBOX_CLEAR
PAIR-001071,G-008,G-043,G-008|G-043,0.0000,137.1959,BBOX_CLEAR
PAIR-001072,G-008,G-044,G-008|G-044,0.0000,126.8834,BBOX_CLEAR
PAIR-001073,G-008,G-045,G-008|G-045,0.0000,145.2100,BBOX_CLEAR
PAIR-001074,G-008,G-046,G-008|G-046,0.0000,643.8350,BBOX_CLEAR
PAIR-001075,G-008,G-047,G-008|G-047,0.0000,605.7610,BBOX_CLEAR
PAIR-001076,G-008,G-048,G-008|G-048,0.0000,582.4804,BBOX_CLEAR
PAIR-001077,G-008,G-049,G-008|G-049,0.0000,564.4209,BBOX_CLEAR
PAIR-001078,G-008,G-050,G-008|G-050,0.0000,555.5137,BBOX_CLEAR
PAIR-001079,G-008,G-051,G-008|G-051,0.0000,537.5858,BBOX_CLEAR
PAIR-001080,G-008,G-052,G-008|G-052,0.0000,528.7485,BBOX_CLEAR
PAIR-001081,G-008,G-053,G-008|G-053,0.0000,505.0016,BBOX_CLEAR
PAIR-001082,G-008,G-054,G-008|G-054,0.0000,496.2658,BBOX_CLEAR
PAIR-001083,G-008,G-055,G-008|G-055,0.0000,478.7123,BBOX_CLEAR
PAIR-001084,G-008,G-056,G-008|G-056,0.0000,461.2995,BBOX_CLEAR
PAIR-001085,G-008,G-057,G-008|G-057,0.0000,448.8378,BBOX_CLEAR
PAIR-001086,G-008,G-058,G-008|G-058,0.0000,855.6932,BBOX_CLEAR
PAIR-001087,G-008,G-059,G-008|G-059,0.0000,843.4591,BBOX_CLEAR
PAIR-001088,G-008,G-060,G-008|G-060,0.0000,956.6653,BBOX_CLEAR
PAIR-001089,G-008,G-061,G-008|G-061,0.0000,943.6071,BBOX_CLEAR
PAIR-001090,G-008,G-062,G-008|G-062,0.0000,1059.8415,BBOX_CLEAR
PAIR-001091,G-008,G-063,G-008|G-063,0.0000,1046.7444,BBOX_CLEAR
PAIR-001092,G-008,G-064,G-008|G-064,0.0000,247.3275,BBOX_CLEAR
PAIR-001093,G-008,G-065,G-008|G-065,0.0000,260.1324,BBOX_CLEAR
PAIR-001094,G-008,G-066,G-008|G-066,0.0000,462.8843,BBOX_CLEAR
PAIR-001095,G-008,G-067,G-008|G-067,0.0000,434.0893,BBOX_CLEAR
PAIR-001096,G-008,G-068,G-008|G-068,0.0000,414.5025,BBOX_CLEAR
PAIR-001097,G-008,G-069,G-008|G-069,0.0000,1153.8833,BBOX_CLEAR
PAIR-001098,G-008,G-070,G-008|G-070,0.0000,1148.4417,BBOX_CLEAR
PAIR-001099,G-008,G-071,G-008|G-071,0.0000,1103.8802,BBOX_CLEAR
PAIR-001100,G-008,G-072,G-008|G-072,0.0000,1078.5981,BBOX_CLEAR
PAIR-001101,G-008,G-073,G-008|G-073,0.0000,1073.9897,BBOX_CLEAR
PAIR-001102,G-008,G-074,G-008|G-074,0.0000,1029.6588,BBOX_CLEAR
PAIR-001103,G-008,G-075,G-008|G-075,0.0000,1004.9694,BBOX_CLEAR
PAIR-001104,G-008,G-076,G-008|G-076,0.0000,1001.2602,BBOX_CLEAR
PAIR-001105,G-008,G-077,G-008|G-077,0.0000,898.7430,BBOX_CLEAR
PAIR-001106,G-008,G-078,G-008|G-078,0.0000,885.6742,BBOX_CLEAR
PAIR-001107,G-008,G-079,G-008|G-079,0.0000,866.4424,BBOX_CLEAR
PAIR-001108,G-008,G-080,G-008|G-080,0.0000,865.2350,BBOX_CLEAR
PAIR-001109,G-008,G-081,G-008|G-081,0.0000,845.0174,BBOX_CLEAR
PAIR-001110,G-008,G-082,G-008|G-082,0.0000,821.5251,BBOX_CLEAR
PAIR-001111,G-008,G-083,G-008|G-083,0.0000,821.3315,BBOX_CLEAR
PAIR-001112,G-008,G-084,G-008|G-084,0.0000,797.1524,BBOX_CLEAR
PAIR-001113,G-008,G-085,G-008|G-085,0.0000,767.8592,BBOX_CLEAR
PAIR-001114,G-008,G-086,G-008|G-086,0.0000,743.1822,BBOX_CLEAR
PAIR-001115,G-008,G-087,G-008|G-087,0.0000,728.3819,BBOX_CLEAR
PAIR-001116,G-008,G-088,G-008|G-088,0.0000,746.2870,BBOX_CLEAR
PAIR-001117,G-008,G-089,G-008|G-089,0.0000,720.5577,BBOX_CLEAR
PAIR-001118,G-008,G-090,G-008|G-090,0.0000,706.7643,BBOX_CLEAR
PAIR-001119,G-008,G-091,G-008|G-091,0.0000,682.4750,BBOX_CLEAR
PAIR-001120,G-008,G-092,G-008|G-092,0.0000,662.5653,BBOX_CLEAR
PAIR-001121,G-008,G-093,G-008|G-093,0.0000,648.8747,BBOX_CLEAR
PAIR-001122,G-008,G-094,G-008|G-094,0.0000,668.9697,BBOX_CLEAR
PAIR-001123,G-008,G-095,G-008|G-095,0.0000,643.5176,BBOX_CLEAR
PAIR-001124,G-008,G-096,G-008|G-096,0.0000,632.5503,BBOX_CLEAR
PAIR-001125,G-008,G-097,G-008|G-097,0.0000,626.6128,BBOX_CLEAR
PAIR-001126,G-008,G-098,G-008|G-098,0.0000,616.3580,BBOX_CLEAR
PAIR-001127,G-008,G-099,G-008|G-099,0.0000,605.8655,BBOX_CLEAR
PAIR-001128,G-008,G-100,G-008|G-100,0.0000,1294.7130,BBOX_CLEAR
PAIR-001129,G-008,G-101,G-008|G-101,0.0000,1275.6739,BBOX_CLEAR
PAIR-001130,G-008,G-102,G-008|G-102,0.0000,1265.6235,BBOX_CLEAR
PAIR-001131,G-008,G-103,G-008|G-103,0.0000,1247.6591,BBOX_CLEAR
PAIR-001132,G-008,G-104,G-008|G-104,0.0000,1175.1212,BBOX_CLEAR
PAIR-001133,G-008,G-105,G-008|G-105,0.0000,1139.8100,BBOX_CLEAR
PAIR-001134,G-008,G-106,G-008|G-106,0.0000,1104.9301,BBOX_CLEAR
PAIR-001135,G-008,G-107,G-008|G-107,0.0000,1070.5234,BBOX_CLEAR
PAIR-001136,G-008,G-108,G-008|G-108,0.0000,1036.6371,BBOX_CLEAR
PAIR-001137,G-008,G-109,G-008|G-109,0.0000,1003.3239,BBOX_CLEAR
PAIR-001138,G-008,G-110,G-008|G-110,0.0000,970.6429,BBOX_CLEAR
PAIR-001139,G-008,G-111,G-008|G-111,0.0000,938.6601,BBOX_CLEAR
PAIR-001140,G-008,G-112,G-008|G-112,0.0000,907.4493,BBOX_CLEAR
PAIR-001141,G-008,G-113,G-008|G-113,0.0000,877.0930,BBOX_CLEAR
PAIR-001142,G-008,G-114,G-008|G-114,0.0000,847.6829,BBOX_CLEAR
PAIR-001143,G-008,G-115,G-008|G-115,0.0000,819.3209,BBOX_CLEAR
PAIR-001144,G-008,G-116,G-008|G-116,0.0000,792.1196,BBOX_CLEAR
PAIR-001145,G-008,G-117,G-008|G-117,0.0000,766.2027,BBOX_CLEAR
PAIR-001146,G-008,G-118,G-008|G-118,0.0000,741.7048,BBOX_CLEAR
PAIR-001147,G-008,G-119,G-008|G-119,0.0000,718.7711,BBOX_CLEAR
PAIR-001148,G-008,G-120,G-008|G-120,0.0000,697.5557,BBOX_CLEAR
PAIR-001149,G-008,G-121,G-008|G-121,0.0000,678.2200,BBOX_CLEAR
PAIR-001150,G-008,G-122,G-008|G-122,0.0000,660.9290,BBOX_CLEAR
PAIR-001151,G-008,G-123,G-008|G-123,0.0000,645.8470,BBOX_CLEAR
PAIR-001152,G-008,G-124,G-008|G-124,0.0000,633.1317,BBOX_CLEAR
PAIR-001153,G-008,G-125,G-008|G-125,0.0000,622.9282,BBOX_CLEAR
PAIR-001154,G-008,G-126,G-008|G-126,0.0000,615.3614,BBOX_CLEAR
PAIR-001155,G-008,G-127,G-008|G-127,0.0000,610.5293,BBOX_CLEAR
PAIR-001156,G-008,G-128,G-008|G-128,0.0000,608.4972,BBOX_CLEAR
PAIR-001157,G-008,G-129,G-008|G-129,0.0000,608.4294,BBOX_CLEAR
PAIR-001158,G-008,G-130,G-008|G-130,0.0000,608.4294,BBOX_CLEAR
PAIR-001159,G-008,G-131,G-008|G-131,0.0000,609.4787,BBOX_CLEAR
PAIR-001160,G-008,G-132,G-008|G-132,0.0000,613.3151,BBOX_CLEAR
PAIR-001161,G-008,G-133,G-008|G-133,0.0000,619.9136,BBOX_CLEAR
PAIR-001162,G-008,G-134,G-008|G-134,0.0000,629.1873,BBOX_CLEAR
PAIR-001163,G-008,G-135,G-008|G-135,0.0000,641.0202,BBOX_CLEAR
PAIR-001164,G-008,P-001,G-008|P-001,0.0000,304.5748,BBOX_CLEAR
PAIR-001165,G-008,P-002,G-008|P-002,0.0000,297.7562,BBOX_CLEAR
PAIR-001166,G-008,P-003,G-008|P-003,0.0000,654.3908,BBOX_CLEAR
PAIR-001167,G-008,P-004,G-008|P-004,0.0000,647.8988,BBOX_CLEAR
PAIR-001168,G-008,P-005,G-008|P-005,0.0000,516.0830,BBOX_CLEAR
PAIR-001169,G-008,P-006,G-008|P-006,0.0000,393.4610,BBOX_CLEAR
PAIR-001170,G-008,P-007,G-008|P-007,0.0000,312.4867,BBOX_CLEAR
PAIR-001171,G-008,P-008,G-008|P-008,0.0000,396.1534,BBOX_CLEAR
PAIR-001172,G-008,P-009,G-008|P-009,0.0000,306.4955,BBOX_CLEAR
PAIR-001173,G-008,P-010,G-008|P-010,0.0000,299.0133,BBOX_CLEAR
PAIR-001174,G-008,P-011,G-008|P-011,0.0000,273.0519,BBOX_CLEAR
PAIR-001175,G-008,P-012,G-008|P-012,0.0000,341.7196,BBOX_CLEAR
PAIR-001176,G-008,P-013,G-008|P-013,0.0000,418.1835,BBOX_CLEAR
PAIR-001177,G-008,P-014,G-008|P-014,0.0000,411.2316,BBOX_CLEAR
PAIR-001178,G-008,P-015,G-008|P-015,0.0000,166.1471,BBOX_CLEAR
PAIR-001179,G-008,P-016,G-008|P-016,0.0000,175.2392,BBOX_CLEAR
PAIR-001180,G-008,P-017,G-008|P-017,0.0000,214.8991,BBOX_CLEAR
PAIR-001181,G-009,G-010,G-009|G-010,0.0000,0.0000,BBOX_WITHIN_8PX
PAIR-001182,G-009,G-011,G-009|G-011,0.0000,38.1901,BBOX_CLEAR
PAIR-001183,G-009,G-012,G-009|G-012,0.0000,76.3802,BBOX_CLEAR
PAIR-001184,G-009,G-013,G-009|G-013,0.0000,185.0894,BBOX_CLEAR
PAIR-001185,G-009,G-014,G-009|G-014,0.0000,175.9792,BBOX_CLEAR
PAIR-001186,G-009,G-015,G-009|G-015,0.0000,127.2931,BBOX_CLEAR
PAIR-001187,G-009,G-016,G-009|G-016,0.0000,91.7815,BBOX_CLEAR
PAIR-001188,G-009,G-017,G-009|G-017,0.0000,59.6750,BBOX_CLEAR
PAIR-001189,G-009,G-018,G-009|G-018,0.0000,40.1914,BBOX_CLEAR
PAIR-001190,G-009,G-019,G-009|G-019,0.0000,39.6818,BBOX_CLEAR
PAIR-001191,G-009,G-020,G-009|G-020,0.0000,39.6818,BBOX_CLEAR
PAIR-001192,G-009,G-021,G-009|G-021,0.0000,50.8581,BBOX_CLEAR
PAIR-001193,G-009,G-022,G-009|G-022,0.0000,80.4656,BBOX_CLEAR
PAIR-001194,G-009,G-023,G-009|G-023,0.0000,429.0034,BBOX_CLEAR
PAIR-001195,G-009,G-024,G-009|G-024,0.0000,406.5249,BBOX_CLEAR
PAIR-001196,G-009,G-025,G-009|G-025,0.0000,391.8402,BBOX_CLEAR
PAIR-001197,G-009,G-026,G-009|G-026,0.0000,369.6808,BBOX_CLEAR
PAIR-001198,G-009,G-027,G-009|G-027,0.0000,354.4176,BBOX_CLEAR
PAIR-001199,G-009,G-028,G-009|G-028,0.0000,501.2803,BBOX_CLEAR
PAIR-001200,G-009,G-029,G-009|G-029,0.0000,494.4927,BBOX_CLEAR
PAIR-001201,G-009,G-030,G-009|G-030,0.0000,481.4853,BBOX_CLEAR
PAIR-001202,G-009,G-031,G-009|G-031,0.0000,465.8841,BBOX_CLEAR
PAIR-001203,G-009,G-032,G-009|G-032,0.0000,216.5277,BBOX_CLEAR
PAIR-001204,G-009,G-033,G-009|G-033,0.0000,208.7937,BBOX_CLEAR
PAIR-001205,G-009,G-034,G-009|G-034,0.0000,177.1089,BBOX_CLEAR
PAIR-001206,G-009,G-035,G-009|G-035,0.0000,158.8340,BBOX_CLEAR
PAIR-001207,G-009,G-036,G-009|G-036,0.0000,148.6187,BBOX_CLEAR
PAIR-001208,G-009,G-037,G-009|G-037,0.0000,135.1657,BBOX_CLEAR
PAIR-001209,G-009,G-038,G-009|G-038,0.0000,128.0526,BBOX_CLEAR
PAIR-001210,G-009,G-039,G-009|G-039,0.0000,108.3517,BBOX_CLEAR
PAIR-001211,G-009,G-040,G-009|G-040,0.0000,120.2966,BBOX_CLEAR
PAIR-001212,G-009,G-041,G-009|G-041,0.0000,136.4093,BBOX_CLEAR
PAIR-001213,G-009,G-042,G-009|G-042,0.0000,136.4093,BBOX_CLEAR
PAIR-001214,G-009,G-043,G-009|G-043,0.0000,136.4093,BBOX_CLEAR
PAIR-001215,G-009,G-044,G-009|G-044,0.0000,119.7254,BBOX_CLEAR
PAIR-001216,G-009,G-045,G-009|G-045,0.0000,127.5181,BBOX_CLEAR
PAIR-001217,G-009,G-046,G-009|G-046,0.0000,680.1771,BBOX_CLEAR
PAIR-001218,G-009,G-047,G-009|G-047,0.0000,641.8629,BBOX_CLEAR
PAIR-001219,G-009,G-048,G-009|G-048,0.0000,618.4113,BBOX_CLEAR
PAIR-001220,G-009,G-049,G-009|G-049,0.0000,600.2039,BBOX_CLEAR
PAIR-001221,G-009,G-050,G-009|G-050,0.0000,591.2182,BBOX_CLEAR
PAIR-001222,G-009,G-051,G-009|G-051,0.0000,573.1202,BBOX_CLEAR
PAIR-001223,G-009,G-052,G-009|G-052,0.0000,564.1924,BBOX_CLEAR
PAIR-001224,G-009,G-053,G-009|G-053,0.0000,540.1774,BBOX_CLEAR
PAIR-001225,G-009,G-054,G-009|G-054,0.0000,531.3329,BBOX_CLEAR
PAIR-001226,G-009,G-055,G-009|G-055,0.0000,513.5417,BBOX_CLEAR
PAIR-001227,G-009,G-056,G-009|G-056,0.0000,495.8644,BBOX_CLEAR
PAIR-001228,G-009,G-057,G-009|G-057,0.0000,483.1932,BBOX_CLEAR
PAIR-001229,G-009,G-058,G-009|G-058,0.0000,892.8364,BBOX_CLEAR
PAIR-001230,G-009,G-059,G-009|G-059,0.0000,880.3793,BBOX_CLEAR
PAIR-001231,G-009,G-060,G-009|G-060,0.0000,994.1311,BBOX_CLEAR
PAIR-001232,G-009,G-061,G-009|G-061,0.0000,980.9102,BBOX_CLEAR
PAIR-001233,G-009,G-062,G-009|G-062,0.0000,1097.2921,BBOX_CLEAR
PAIR-001234,G-009,G-063,G-009|G-063,0.0000,1084.0471,BBOX_CLEAR
PAIR-001235,G-009,G-064,G-009|G-064,0.0000,247.4093,BBOX_CLEAR
PAIR-001236,G-009,G-065,G-009|G-065,0.0000,260.1324,BBOX_CLEAR
PAIR-001237,G-009,G-066,G-009|G-066,0.0000,487.2696,BBOX_CLEAR
PAIR-001238,G-009,G-067,G-009|G-067,0.0000,456.0390,BBOX_CLEAR
PAIR-001239,G-009,G-068,G-009|G-068,0.0000,434.0893,BBOX_CLEAR
PAIR-001240,G-009,G-069,G-009|G-069,0.0000,1187.9491,BBOX_CLEAR
PAIR-001241,G-009,G-070,G-009|G-070,0.0000,1182.1797,BBOX_CLEAR
PAIR-001242,G-009,G-071,G-009|G-071,0.0000,1137.5428,BBOX_CLEAR
PAIR-001243,G-009,G-072,G-009|G-072,0.0000,1112.0332,BBOX_CLEAR
PAIR-001244,G-009,G-073,G-009|G-073,0.0000,1107.0475,BBOX_CLEAR
PAIR-001245,G-009,G-074,G-009|G-074,0.0000,1062.5999,BBOX_CLEAR
PAIR-001246,G-009,G-075,G-009|G-075,0.0000,1037.6304,BBOX_CLEAR
PAIR-001247,G-009,G-076,G-009|G-076,0.0000,1033.4832,BBOX_CLEAR
PAIR-001248,G-009,G-077,G-009|G-077,0.0000,929.7496,BBOX_CLEAR
PAIR-001249,G-009,G-078,G-009|G-078,0.0000,916.4434,BBOX_CLEAR
PAIR-001250,G-009,G-079,G-009|G-079,0.0000,896.8388,BBOX_CLEAR
PAIR-001251,G-009,G-080,G-009|G-080,0.0000,895.0327,BBOX_CLEAR
PAIR-001252,G-009,G-081,G-009|G-081,0.0000,874.9619,BBOX_CLEAR
PAIR-001253,G-009,G-082,G-009|G-082,0.0000,850.9237,BBOX_CLEAR
PAIR-001254,G-009,G-083,G-009|G-083,0.0000,850.0645,BBOX_CLEAR
PAIR-001255,G-009,G-084,G-009|G-084,0.0000,825.9195,BBOX_CLEAR
PAIR-001256,G-009,G-085,G-009|G-085,0.0000,795.7632,BBOX_CLEAR
PAIR-001257,G-009,G-086,G-009|G-086,0.0000,770.2518,BBOX_CLEAR
PAIR-001258,G-009,G-087,G-009|G-087,0.0000,755.2059,BBOX_CLEAR
PAIR-001259,G-009,G-088,G-009|G-088,0.0000,772.5058,BBOX_CLEAR
PAIR-001260,G-009,G-089,G-009|G-089,0.0000,746.7568,BBOX_CLEAR
PAIR-001261,G-009,G-090,G-009|G-090,0.0000,732.3737,BBOX_CLEAR
PAIR-001262,G-009,G-091,G-009|G-091,0.0000,706.9145,BBOX_CLEAR
PAIR-001263,G-009,G-092,G-009|G-092,0.0000,685.8928,BBOX_CLEAR
PAIR-001264,G-009,G-093,G-009|G-093,0.0000,671.8055,BBOX_CLEAR
PAIR-001265,G-009,G-094,G-009|G-094,0.0000,691.2553,BBOX_CLEAR
PAIR-001266,G-009,G-095,G-009|G-095,0.0000,665.6168,BBOX_CLEAR
PAIR-001267,G-009,G-096,G-009|G-096,0.0000,653.8518,BBOX_CLEAR
PAIR-001268,G-009,G-097,G-009|G-097,0.0000,647.4498,BBOX_CLEAR
PAIR-001269,G-009,G-098,G-009|G-098,0.0000,636.3304,BBOX_CLEAR
PAIR-001270,G-009,G-099,G-009|G-099,0.0000,624.8575,BBOX_CLEAR
PAIR-001271,G-009,G-100,G-009|G-100,0.0000,1328.7697,BBOX_CLEAR
PAIR-001272,G-009,G-101,G-009|G-101,0.0000,1309.3421,BBOX_CLEAR
PAIR-001273,G-009,G-102,G-009|G-102,0.0000,1299.2153,BBOX_CLEAR
PAIR-001274,G-009,G-103,G-009|G-103,0.0000,1281.1095,BBOX_CLEAR
PAIR-001275,G-009,G-104,G-009|G-104,0.0000,1207.9557,BBOX_CLEAR
PAIR-001276,G-009,G-105,G-009|G-105,0.0000,1172.2813,BBOX_CLEAR
PAIR-001277,G-009,G-106,G-009|G-106,0.0000,1137.0032,BBOX_CLEAR
PAIR-001278,G-009,G-107,G-009|G-107,0.0000,1102.1595,BBOX_CLEAR
PAIR-001279,G-009,G-108,G-009|G-108,0.0000,1067.7926,BBOX_CLEAR
PAIR-001280,G-009,G-109,G-009|G-109,0.0000,1033.9501,BBOX_CLEAR
PAIR-001281,G-009,G-110,G-009|G-110,0.0000,1000.6853,BBOX_CLEAR
PAIR-001282,G-009,G-111,G-009|G-111,0.0000,968.0576,BBOX_CLEAR
PAIR-001283,G-009,G-112,G-009|G-112,0.0000,936.1338,BBOX_CLEAR
PAIR-001284,G-009,G-113,G-009|G-113,0.0000,904.9882,BBOX_CLEAR
PAIR-001285,G-009,G-114,G-009|G-114,0.0000,874.7040,BBOX_CLEAR
PAIR-001286,G-009,G-115,G-009|G-115,0.0000,845.3739,BBOX_CLEAR
PAIR-001287,G-009,G-116,G-009|G-116,0.0000,817.1005,BBOX_CLEAR
PAIR-001288,G-009,G-117,G-009|G-117,0.0000,789.9973,BBOX_CLEAR
PAIR-001289,G-009,G-118,G-009|G-118,0.0000,764.1888,BBOX_CLEAR
PAIR-001290,G-009,G-119,G-009|G-119,0.0000,739.8106,BBOX_CLEAR
PAIR-001291,G-009,G-120,G-009|G-120,0.0000,717.0085,BBOX_CLEAR
PAIR-001292,G-009,G-121,G-009|G-121,0.0000,695.9375,BBOX_CLEAR
PAIR-001293,G-009,G-122,G-009|G-122,0.0000,676.7593,BBOX_CLEAR
PAIR-001294,G-009,G-123,G-009|G-123,0.0000,659.6390,BBOX_CLEAR
PAIR-001295,G-009,G-124,G-009|G-124,0.0000,644.7406,BBOX_CLEAR
PAIR-001296,G-009,G-125,G-009|G-125,0.0000,632.2212,BBOX_CLEAR
PAIR-001297,G-009,G-126,G-009|G-126,0.0000,622.2243,BBOX_CLEAR
PAIR-001298,G-009,G-127,G-009|G-127,0.0000,614.8731,BBOX_CLEAR
PAIR-001299,G-009,G-128,G-009|G-128,0.0000,610.2631,BBOX_CLEAR
PAIR-001300,G-009,G-129,G-009|G-129,0.0000,608.4567,BBOX_CLEAR
PAIR-001301,G-009,G-130,G-009|G-130,0.0000,608.4294,BBOX_CLEAR
PAIR-001302,G-009,G-131,G-009|G-131,0.0000,608.4294,BBOX_CLEAR
PAIR-001303,G-009,G-132,G-009|G-132,0.0000,609.6825,BBOX_CLEAR
PAIR-001304,G-009,G-133,G-009|G-133,0.0000,613.7423,BBOX_CLEAR
PAIR-001305,G-009,G-134,G-009|G-134,0.0000,620.5585,BBOX_CLEAR
PAIR-001306,G-009,G-135,G-009|G-135,0.0000,630.0415,BBOX_CLEAR
PAIR-001307,G-009,P-001,G-009|P-001,0.0000,304.5748,BBOX_CLEAR
PAIR-001308,G-009,P-002,G-009|P-002,0.0000,297.3353,BBOX_CLEAR
PAIR-001309,G-009,P-003,G-009|P-003,0.0000,692.5809,BBOX_CLEAR
PAIR-001310,G-009,P-004,G-009|P-004,0.0000,686.0473,BBOX_CLEAR
PAIR-001311,G-009,P-005,G-009|P-005,0.0000,551.5477,BBOX_CLEAR
PAIR-001312,G-009,P-006,G-009|P-006,0.0000,429.5676,BBOX_CLEAR
PAIR-001313,G-009,P-007,G-009|P-007,0.0000,349.1901,BBOX_CLEAR
PAIR-001314,G-009,P-008,G-009|P-008,0.0000,431.1174,BBOX_CLEAR
PAIR-001315,G-009,P-009,G-009|P-009,0.0000,343.4162,BBOX_CLEAR
PAIR-001316,G-009,P-010,G-009|P-010,0.0000,336.0982,BBOX_CLEAR
PAIR-001317,G-009,P-011,G-009|P-011,0.0000,309.4613,BBOX_CLEAR
PAIR-001318,G-009,P-012,G-009|P-012,0.0000,376.7259,BBOX_CLEAR
PAIR-001319,G-009,P-013,G-009|P-013,0.0000,440.2978,BBOX_CLEAR
PAIR-001320,G-009,P-014,G-009|P-014,0.0000,433.0124,BBOX_CLEAR
PAIR-001321,G-009,P-015,G-009|P-015,0.0000,204.3372,BBOX_CLEAR
PAIR-001322,G-009,P-016,G-009|P-016,0.0000,211.7961,BBOX_CLEAR
PAIR-001323,G-009,P-017,G-009|P-017,0.0000,245.6226,BBOX_CLEAR
PAIR-001324,G-010,G-011,G-010|G-011,0.0000,0.0000,BBOX_WITHIN_8PX
PAIR-001325,G-010,G-012,G-010|G-012,0.0000,38.1901,BBOX_CLEAR
PAIR-001326,G-010,G-013,G-010|G-013,0.0000,222.4864,BBOX_CLEAR
PAIR-001327,G-010,G-014,G-010|G-014,0.0000,213.2982,BBOX_CLEAR
PAIR-001328,G-010,G-015,G-010|G-015,0.0000,164.0128,BBOX_CLEAR
PAIR-001329,G-010,G-016,G-010|G-016,0.0000,127.2931,BBOX_CLEAR
PAIR-001330,G-010,G-017,G-010|G-017,0.0000,91.7815,BBOX_CLEAR
PAIR-001331,G-010,G-018,G-010|G-018,0.0000,59.6750,BBOX_CLEAR
PAIR-001332,G-010,G-019,G-010|G-019,0.0000,40.1914,BBOX_CLEAR
PAIR-001333,G-010,G-020,G-010|G-020,0.0000,39.6818,BBOX_CLEAR
PAIR-001334,G-010,G-021,G-010|G-021,0.0000,39.6818,BBOX_CLEAR
PAIR-001335,G-010,G-022,G-010|G-022,0.0000,50.8581,BBOX_CLEAR
PAIR-001336,G-010,G-023,G-010|G-023,0.0000,467.1399,BBOX_CLEAR
PAIR-001337,G-010,G-024,G-010|G-024,0.0000,444.6556,BBOX_CLEAR
PAIR-001338,G-010,G-025,G-010|G-025,0.0000,429.9666,BBOX_CLEAR
PAIR-001339,G-010,G-026,G-010|G-026,0.0000,407.7996,BBOX_CLEAR
PAIR-001340,G-010,G-027,G-010|G-027,0.0000,392.5306,BBOX_CLEAR
PAIR-001341,G-010,G-028,G-010|G-028,0.0000,539.3303,BBOX_CLEAR
PAIR-001342,G-010,G-029,G-010|G-029,0.0000,532.4107,BBOX_CLEAR
PAIR-001343,G-010,G-030,G-010|G-030,0.0000,519.3889,BBOX_CLEAR
PAIR-001344,G-010,G-031,G-010|G-031,0.0000,503.7688,BBOX_CLEAR
PAIR-001345,G-010,G-032,G-010|G-032,0.0000,249.2515,BBOX_CLEAR
PAIR-001346,G-010,G-033,G-010|G-033,0.0000,241.0856,BBOX_CLEAR
PAIR-001347,G-010,G-034,G-010|G-034,0.0000,206.8799,BBOX_CLEAR
PAIR-001348,G-010,G-035,G-010|G-035,0.0000,186.1847,BBOX_CLEAR
PAIR-001349,G-010,G-036,G-010|G-036,0.0000,174.0072,BBOX_CLEAR
PAIR-001350,G-010,G-037,G-010|G-037,0.0000,156.6196,BBOX_CLEAR
PAIR-001351,G-010,G-038,G-010|G-038,0.0000,146.0785,BBOX_CLEAR
PAIR-001352,G-010,G-039,G-010|G-039,0.0000,124.2341,BBOX_CLEAR
PAIR-001353,G-010,G-040,G-010|G-040,0.0000,128.1895,BBOX_CLEAR
PAIR-001354,G-010,G-041,G-010|G-041,0.0000,141.1697,BBOX_CLEAR
PAIR-001355,G-010,G-042,G-010|G-042,0.0000,138.4220,BBOX_CLEAR
PAIR-001356,G-010,G-043,G-010|G-043,0.0000,136.6508,BBOX_CLEAR
PAIR-001357,G-010,G-044,G-010|G-044,0.0000,119.6581,BBOX_CLEAR
PAIR-001358,G-010,G-045,G-010|G-045,0.0000,119.8028,BBOX_CLEAR
PAIR-001359,G-010,G-046,G-010|G-046,0.0000,716.7113,BBOX_CLEAR
PAIR-001360,G-010,G-047,G-010|G-047,0.0000,678.1935,BBOX_CLEAR
PAIR-001361,G-010,G-048,G-010|G-048,0.0000,654.5979,BBOX_CLEAR
PAIR-001362,G-010,G-049,G-010|G-049,0.0000,636.2668,BBOX_CLEAR
PAIR-001363,G-010,G-050,G-010|G-050,0.0000,627.2157,BBOX_CLEAR
PAIR-001364,G-010,G-051,G-010|G-051,0.0000,608.9762,BBOX_CLEAR
PAIR-001365,G-010,G-052,G-010|G-052,0.0000,599.9734,BBOX_CLEAR
PAIR-001366,G-010,G-053,G-010|G-053,0.0000,575.7375,BBOX_CLEAR
PAIR-001367,G-010,G-054,G-010|G-054,0.0000,566.8037,BBOX_CLEAR
PAIR-001368,G-010,G-055,G-010|G-055,0.0000,548.8183,BBOX_CLEAR
PAIR-001369,G-010,G-056,G-010|G-056,0.0000,530.9263,BBOX_CLEAR
PAIR-001370,G-010,G-057,G-010|G-057,0.0000,518.0858,BBOX_CLEAR
PAIR-001371,G-010,G-058,G-010|G-058,0.0000,930.0644,BBOX_CLEAR
PAIR-001372,G-010,G-059,G-010|G-059,0.0000,917.4035,BBOX_CLEAR
PAIR-001373,G-010,G-060,G-010|G-060,0.0000,1031.6500,BBOX_CLEAR
PAIR-001374,G-010,G-061,G-010|G-061,0.0000,1018.2790,BBOX_CLEAR
PAIR-001375,G-010,G-062,G-010|G-062,0.0000,1134.7920,BBOX_CLEAR
PAIR-001376,G-010,G-063,G-010|G-063,0.0000,1121.4094,BBOX_CLEAR
PAIR-001377,G-010,G-064,G-010|G-064,0.0000,251.3086,BBOX_CLEAR
PAIR-001378,G-010,G-065,G-010|G-065,0.0000,261.3831,BBOX_CLEAR
PAIR-001379,G-010,G-066,G-010|G-066,0.0000,513.3404,BBOX_CLEAR
PAIR-001380,G-010,G-067,G-010|G-067,0.0000,480.0278,BBOX_CLEAR
PAIR-001381,G-010,G-068,G-010|G-068,0.0000,456.0390,BBOX_CLEAR
PAIR-001382,G-010,G-069,G-010|G-069,0.0000,1222.2587,BBOX_CLEAR
PAIR-001383,G-010,G-070,G-010|G-070,0.0000,1216.1811,BBOX_CLEAR
PAIR-001384,G-010,G-071,G-010|G-071,0.0000,1171.4831,BBOX_CLEAR
PAIR-001385,G-010,G-072,G-010|G-072,0.0000,1145.7656,BBOX_CLEAR
PAIR-001386,G-010,G-073,G-010|G-073,0.0000,1140.4258,BBOX_CLEAR
PAIR-001387,G-010,G-074,G-010|G-074,0.0000,1095.8817,BBOX_CLEAR
PAIR-001388,G-010,G-075,G-010|G-075,0.0000,1070.6572,BBOX_CLEAR
PAIR-001389,G-010,G-076,G-010|G-076,0.0000,1066.1003,BBOX_CLEAR
PAIR-001390,G-010,G-077,G-010|G-077,0.0000,961.2733,BBOX_CLEAR
PAIR-001391,G-010,G-078,G-010|G-078,0.0000,947.7527,BBOX_CLEAR
PAIR-001392,G-010,G-079,G-010|G-079,0.0000,927.8115,BBOX_CLEAR
PAIR-001393,G-010,G-080,G-010|G-080,0.0000,925.4472,BBOX_CLEAR
PAIR-001394,G-010,G-081,G-010|G-081,0.0000,905.5271,BBOX_CLEAR
PAIR-001395,G-010,G-082,G-010|G-082,0.0000,880.9969,BBOX_CLEAR
PAIR-001396,G-010,G-083,G-010|G-083,0.0000,879.5173,BBOX_CLEAR
PAIR-001397,G-010,G-084,G-010|G-084,0.0000,855.4245,BBOX_CLEAR
PAIR-001398,G-010,G-085,G-010|G-085,0.0000,824.4921,BBOX_CLEAR
PAIR-001399,G-010,G-086,G-010|G-086,0.0000,798.2310,BBOX_CLEAR
PAIR-001400,G-010,G-087,G-010|G-087,0.0000,782.9743,BBOX_CLEAR
PAIR-001401,G-010,G-088,G-010|G-088,0.0000,799.6894,BBOX_CLEAR
PAIR-001402,G-010,G-089,G-010|G-089,0.0000,773.9541,BBOX_CLEAR
PAIR-001403,G-010,G-090,G-010|G-090,0.0000,759.0413,BBOX_CLEAR
PAIR-001404,G-010,G-091,G-010|G-091,0.0000,732.5306,BBOX_CLEAR
PAIR-001405,G-010,G-092,G-010|G-092,0.0000,710.5083,BBOX_CLEAR
PAIR-001406,G-010,G-093,G-010|G-093,0.0000,696.0774,BBOX_CLEAR
PAIR-001407,G-010,G-094,G-010|G-094,0.0000,714.8876,BBOX_CLEAR
PAIR-001408,G-010,G-095,G-010|G-095,0.0000,689.1251,BBOX_CLEAR
PAIR-001409,G-010,G-096,G-010|G-096,0.0000,676.6397,BBOX_CLEAR
PAIR-001410,G-010,G-097,G-010|G-097,0.0000,669.8177,BBOX_CLEAR
PAIR-001411,G-010,G-098,G-010|G-098,0.0000,657.9152,BBOX_CLEAR
PAIR-001412,G-010,G-099,G-010|G-099,0.0000,645.5523,BBOX_CLEAR
PAIR-001413,G-010,G-100,G-010|G-100,0.0000,1363.0456,BBOX_CLEAR
PAIR-001414,G-010,G-101,G-010|G-101,0.0000,1343.2522,BBOX_CLEAR
PAIR-001415,G-010,G-102,G-010|G-102,0.0000,1333.0548,BBOX_CLEAR
PAIR-001416,G-010,G-103,G-010|G-103,0.0000,1314.8181,BBOX_CLEAR
PAIR-001417,G-010,G-104,G-010|G-104,0.0000,1241.0966,BBOX_CLEAR
PAIR-001418,G-010,G-105,G-010|G-105,0.0000,1205.0879,BBOX_CLEAR
PAIR-001419,G-010,G-106,G-010|G-106,0.0000,1169.4439,BBOX_CLEAR
PAIR-001420,G-010,G-107,G-010|G-107,0.0000,1134.1991,BBOX_CLEAR
PAIR-001421,G-010,G-108,G-010|G-108,0.0000,1099.3919,BBOX_CLEAR
PAIR-001422,G-010,G-109,G-010|G-109,0.0000,1065.0652,BBOX_CLEAR
PAIR-001423,G-010,G-110,G-010|G-110,0.0000,1031.2669,BBOX_CLEAR
PAIR-001424,G-010,G-111,G-010|G-111,0.0000,998.0507,BBOX_CLEAR
PAIR-001425,G-010,G-112,G-010|G-112,0.0000,965.4768,BBOX_CLEAR
PAIR-001426,G-010,G-113,G-010|G-113,0.0000,933.6124,BBOX_CLEAR
PAIR-001427,G-010,G-114,G-010|G-114,0.0000,902.5325,BBOX_CLEAR
PAIR-001428,G-010,G-115,G-010|G-115,0.0000,872.3211,BBOX_CLEAR
PAIR-001429,G-010,G-116,G-010|G-116,0.0000,843.0716,BBOX_CLEAR
PAIR-001430,G-010,G-117,G-010|G-117,0.0000,814.8875,BBOX_CLEAR
PAIR-001431,G-010,G-118,G-010|G-118,0.0000,787.8831,BBOX_CLEAR
PAIR-001432,G-010,G-119,G-010|G-119,0.0000,762.1840,BBOX_CLEAR
PAIR-001433,G-010,G-120,G-010|G-120,0.0000,737.9263,BBOX_CLEAR
PAIR-001434,G-010,G-121,G-010|G-121,0.0000,715.2569,BBOX_CLEAR
PAIR-001435,G-010,G-122,G-010|G-122,0.0000,694.3313,BBOX_CLEAR
PAIR-001436,G-010,G-123,G-010|G-123,0.0000,675.3117,BBOX_CLEAR
PAIR-001437,G-010,G-124,G-010|G-124,0.0000,658.3632,BBOX_CLEAR
PAIR-001438,G-010,G-125,G-010|G-125,0.0000,643.6495,BBOX_CLEAR
PAIR-001439,G-010,G-126,G-010|G-126,0.0000,631.3268,BBOX_CLEAR
PAIR-001440,G-010,G-127,G-010|G-127,0.0000,621.5374,BBOX_CLEAR
PAIR-001441,G-010,G-128,G-010|G-128,0.0000,614.4023,BBOX_CLEAR
PAIR-001442,G-010,G-129,G-010|G-129,0.0000,610.0148,BBOX_CLEAR
PAIR-001443,G-010,G-130,G-010|G-130,0.0000,608.4343,BBOX_CLEAR
PAIR-001444,G-010,G-131,G-010|G-131,0.0000,608.4294,BBOX_CLEAR
PAIR-001445,G-010,G-132,G-010|G-132,0.0000,608.4300,BBOX_CLEAR
PAIR-001446,G-010,G-133,G-010|G-133,0.0000,609.9043,BBOX_CLEAR
PAIR-001447,G-010,G-134,G-010|G-134,0.0000,614.1872,BBOX_CLEAR
PAIR-001448,G-010,G-135,G-010|G-135,0.0000,621.2204,BBOX_CLEAR
PAIR-001449,G-010,P-001,G-010|P-001,0.0000,305.0452,BBOX_CLEAR
PAIR-001450,G-010,P-002,G-010|P-002,0.0000,297.4399,BBOX_CLEAR
PAIR-001451,G-010,P-003,G-010|P-003,0.0000,730.7709,BBOX_CLEAR
PAIR-001452,G-010,P-004,G-010|P-004,0.0000,724.2001,BBOX_CLEAR
PAIR-001453,G-010,P-005,G-010|P-005,0.0000,587.3541,BBOX_CLEAR
PAIR-001454,G-010,P-006,G-010|P-006,0.0000,466.0064,BBOX_CLEAR
PAIR-001455,G-010,P-007,G-010|P-007,0.0000,386.1818,BBOX_CLEAR
PAIR-001456,G-010,P-008,G-010|P-008,0.0000,466.5875,BBOX_CLEAR
PAIR-001457,G-010,P-009,G-010|P-009,0.0000,380.5874,BBOX_CLEAR
PAIR-001458,G-010,P-010,G-010|P-010,0.0000,373.4059,BBOX_CLEAR
PAIR-001459,G-010,P-011,G-010|P-011,0.0000,346.2546,BBOX_CLEAR
PAIR-001460,G-010,P-012,G-010|P-012,0.0000,412.2978,BBOX_CLEAR
PAIR-001461,G-010,P-013,G-010|P-013,0.0000,464.5039,BBOX_CLEAR
PAIR-001462,G-010,P-014,G-010|P-014,0.0000,456.9519,BBOX_CLEAR
PAIR-001463,G-010,P-015,G-010|P-015,0.0000,242.5273,BBOX_CLEAR
PAIR-001464,G-010,P-016,G-010|P-016,0.0000,248.8441,BBOX_CLEAR
PAIR-001465,G-010,P-017,G-010|P-017,0.0000,278.2018,BBOX_CLEAR
PAIR-001466,G-011,G-012,G-011|G-012,0.0000,0.0000,BBOX_WITHIN_8PX
PAIR-001467,G-011,G-013,G-011|G-013,0.0000,260.1140,BBOX_CLEAR
PAIR-001468,G-011,G-014,G-011|G-014,0.0000,250.8795,BBOX_CLEAR
PAIR-001469,G-011,G-015,G-011|G-015,0.0000,201.2804,BBOX_CLEAR
PAIR-001470,G-011,G-016,G-011|G-016,0.0000,164.0128,BBOX_CLEAR
PAIR-001471,G-011,G-017,G-011|G-017,0.0000,127.2931,BBOX_CLEAR
PAIR-001472,G-011,G-018,G-011|G-018,0.0000,91.7815,BBOX_CLEAR
PAIR-001473,G-011,G-019,G-011|G-019,0.0000,59.6750,BBOX_CLEAR
PAIR-001474,G-011,G-020,G-011|G-020,0.0000,40.1914,BBOX_CLEAR
PAIR-001475,G-011,G-021,G-011|G-021,0.0000,39.6818,BBOX_CLEAR
PAIR-001476,G-011,G-022,G-011|G-022,0.0000,39.6818,BBOX_CLEAR
PAIR-001477,G-011,G-023,G-011|G-023,0.0000,505.2845,BBOX_CLEAR
PAIR-001478,G-011,G-024,G-011|G-024,0.0000,482.7958,BBOX_CLEAR
PAIR-001479,G-011,G-025,G-011|G-025,0.0000,468.1034,BBOX_CLEAR
PAIR-001480,G-011,G-026,G-011|G-026,0.0000,445.9307,BBOX_CLEAR
PAIR-001481,G-011,G-027,G-011|G-027,0.0000,430.6572,BBOX_CLEAR
PAIR-001482,G-011,G-028,G-011|G-028,0.0000,577.3988,BBOX_CLEAR
PAIR-001483,G-011,G-029,G-011|G-029,0.0000,570.3650,BBOX_CLEAR
PAIR-001484,G-011,G-030,G-011|G-030,0.0000,557.3316,BBOX_CLEAR
PAIR-001485,G-011,G-031,G-011|G-031,0.0000,541.6964,BBOX_CLEAR
PAIR-001486,G-011,G-032,G-011|G-032,0.0000,283.3468,BBOX_CLEAR
PAIR-001487,G-011,G-033,G-011|G-033,0.0000,274.8939,BBOX_CLEAR
PAIR-001488,G-011,G-034,G-011|G-034,0.0000,239.0564,BBOX_CLEAR
PAIR-001489,G-011,G-035,G-011|G-035,0.0000,216.8369,BBOX_CLEAR
PAIR-001490,G-011,G-036,G-011|G-036,0.0000,203.4366,BBOX_CLEAR
PAIR-001491,G-011,G-037,G-011|G-037,0.0000,183.5936,BBOX_CLEAR
PAIR-001492,G-011,G-038,G-011|G-038,0.0000,170.8724,BBOX_CLEAR
PAIR-001493,G-011,G-039,G-011|G-039,0.0000,148.4760,BBOX_CLEAR
PAIR-001494,G-011,G-040,G-011|G-040,0.0000,145.9821,BBOX_CLEAR
PAIR-001495,G-011,G-041,G-011|G-041,0.0000,155.4473,BBOX_CLEAR
PAIR-001496,G-011,G-042,G-011|G-042,0.0000,149.7182,BBOX_CLEAR
PAIR-001497,G-011,G-043,G-011|G-043,0.0000,144.0563,BBOX_CLEAR
PAIR-001498,G-011,G-044,G-011|G-044,0.0000,119.7500,BBOX_CLEAR
PAIR-001499,G-011,G-045,G-011|G-045,0.0000,119.6581,BBOX_CLEAR
PAIR-001500,G-011,G-046,G-011|G-046,0.0000,753.4099,BBOX_CLEAR
PAIR-001501,G-011,G-047,G-011|G-047,0.0000,714.7181,BBOX_CLEAR
PAIR-001502,G-011,G-048,G-011|G-048,0.0000,691.0003,BBOX_CLEAR
PAIR-001503,G-011,G-049,G-011|G-049,0.0000,672.5646,BBOX_CLEAR
PAIR-001504,G-011,G-050,G-011|G-050,0.0000,663.4584,BBOX_CLEAR
PAIR-001505,G-011,G-051,G-011|G-051,0.0000,645.1001,BBOX_CLEAR
PAIR-001506,G-011,G-052,G-011|G-052,0.0000,636.0346,BBOX_CLEAR
PAIR-001507,G-011,G-053,G-011|G-053,0.0000,611.6148,BBOX_CLEAR
PAIR-001508,G-011,G-054,G-011|G-054,0.0000,602.6071,BBOX_CLEAR
PAIR-001509,G-011,G-055,G-011|G-055,0.0000,584.4614,BBOX_CLEAR
PAIR-001510,G-011,G-056,G-011|G-056,0.0000,566.3930,BBOX_CLEAR
PAIR-001511,G-011,G-057,G-011|G-057,0.0000,553.4141,BBOX_CLEAR
PAIR-001512,G-011,G-058,G-011|G-058,0.0000,967.3674,BBOX_CLEAR
PAIR-001513,G-011,G-059,G-011|G-059,0.0000,954.5195,BBOX_CLEAR
PAIR-001514,G-011,G-060,G-011|G-060,0.0000,1069.2164,BBOX_CLEAR
PAIR-001515,G-011,G-061,G-011|G-061,0.0000,1055.7067,BBOX_CLEAR
PAIR-001516,G-011,G-062,G-011|G-062,0.0000,1172.3364,BBOX_CLEAR
PAIR-001517,G-011,G-063,G-011|G-063,0.0000,1158.8258,BBOX_CLEAR
PAIR-001518,G-011,G-064,G-011|G-064,0.0000,260.8018,BBOX_CLEAR
PAIR-001519,G-011,G-065,G-011|G-065,0.0000,267.8251,BBOX_CLEAR
PAIR-001520,G-011,G-066,G-011|G-066,0.0000,540.8531,BBOX_CLEAR
PAIR-001521,G-011,G-067,G-011|G-067,0.0000,505.7655,BBOX_CLEAR
PAIR-001522,G-011,G-068,G-011|G-068,0.0000,480.0278,BBOX_CLEAR
PAIR-001523,G-011,G-069,G-011|G-069,0.0000,1256.7921,BBOX_CLEAR
PAIR-001524,G-011,G-070,G-011|G-070,0.0000,1250.4244,BBOX_CLEAR
PAIR-001525,G-011,G-071,G-011|G-071,0.0000,1205.6777,BBOX_CLEAR
PAIR-001526,G-011,G-072,G-011|G-072,0.0000,1179.7698,BBOX_CLEAR
PAIR-001527,G-011,G-073,G-011|G-073,0.0000,1174.0976,BBOX_CLEAR
PAIR-001528,G-011,G-074,G-011|G-074,0.0000,1129.4742,BBOX_CLEAR
PAIR-001529,G-011,G-075,G-011|G-075,0.0000,1104.0172,BBOX_CLEAR
PAIR-001530,G-011,G-076,G-011|G-076,0.0000,1099.0766,BBOX_CLEAR
PAIR-001531,G-011,G-077,G-011|G-077,0.0000,993.2651,BBOX_CLEAR
PAIR-001532,G-011,G-078,G-011|G-078,0.0000,979.5503,BBOX_CLEAR
PAIR-001533,G-011,G-079,G-011|G-079,0.0000,959.3047,BBOX_CLEAR
PAIR-001534,G-011,G-080,G-011|G-080,0.0000,956.4196,BBOX_CLEAR
PAIR-001535,G-011,G-081,G-011|G-081,0.0000,936.6521,BBOX_CLEAR
PAIR-001536,G-011,G-082,G-011|G-082,0.0000,911.6781,BBOX_CLEAR
PAIR-001537,G-011,G-083,G-011|G-083,0.0000,909.6201,BBOX_CLEAR
PAIR-001538,G-011,G-084,G-011|G-084,0.0000,885.5937,BBOX_CLEAR
PAIR-001539,G-011,G-085,G-011|G-085,0.0000,853.9627,BBOX_CLEAR
PAIR-001540,G-011,G-086,G-011|G-086,0.0000,827.0276,BBOX_CLEAR
PAIR-001541,G-011,G-087,G-011|G-087,0.0000,811.5901,BBOX_CLEAR
PAIR-001542,G-011,G-088,G-011|G-088,0.0000,827.7427,BBOX_CLEAR
PAIR-001543,G-011,G-089,G-011|G-089,0.0000,802.0482,BBOX_CLEAR
PAIR-001544,G-011,G-090,G-011|G-090,0.0000,786.6595,BBOX_CLEAR
PAIR-001545,G-011,G-091,G-011|G-091,0.0000,759.2043,BBOX_CLEAR
PAIR-001546,G-011,G-092,G-011|G-092,0.0000,736.2827,BBOX_CLEAR
PAIR-001547,G-011,G-093,G-011|G-093,0.0000,721.5552,BBOX_CLEAR
PAIR-001548,G-011,G-094,G-011|G-094,0.0000,739.7376,BBOX_CLEAR
PAIR-001549,G-011,G-095,G-011|G-095,0.0000,713.9034,BBOX_CLEAR
PAIR-001550,G-011,G-096,G-011|G-096,0.0000,700.7693,BBOX_CLEAR
PAIR-001551,G-011,G-097,G-011|G-097,0.0000,693.5685,BBOX_CLEAR
PAIR-001552,G-011,G-098,G-011|G-098,0.0000,680.9592,BBOX_CLEAR
PAIR-001553,G-011,G-099,G-011|G-099,0.0000,667.7916,BBOX_CLEAR
PAIR-001554,G-011,G-100,G-011|G-100,0.0000,1397.5244,BBOX_CLEAR
PAIR-001555,G-011,G-101,G-011|G-101,0.0000,1377.3863,BBOX_CLEAR
PAIR-001556,G-011,G-102,G-011|G-102,0.0000,1367.1235,BBOX_CLEAR
PAIR-001557,G-011,G-103,G-011|G-103,0.0000,1348.7656,BBOX_CLEAR
PAIR-001558,G-011,G-104,G-011|G-104,0.0000,1274.5203,BBOX_CLEAR
PAIR-001559,G-011,G-105,G-011|G-105,0.0000,1238.2032,BBOX_CLEAR
PAIR-001560,G-011,G-106,G-011|G-106,0.0000,1202.2225,BBOX_CLEAR
PAIR-001561,G-011,G-107,G-011|G-107,0.0000,1166.6091,BBOX_CLEAR
PAIR-001562,G-011,G-108,G-011|G-108,0.0000,1131.3978,BBOX_CLEAR
PAIR-001563,G-011,G-109,G-011|G-109,0.0000,1096.6274,BBOX_CLEAR
PAIR-001564,G-011,G-110,G-011|G-110,0.0000,1062.3411,BBOX_CLEAR
PAIR-001565,G-011,G-111,G-011|G-111,0.0000,1028.5873,BBOX_CLEAR
PAIR-001566,G-011,G-112,G-011|G-112,0.0000,995.4203,BBOX_CLEAR
PAIR-001567,G-011,G-113,G-011|G-113,0.0000,962.9006,BBOX_CLEAR
PAIR-001568,G-011,G-114,G-011|G-114,0.0000,931.0960,BBOX_CLEAR
PAIR-001569,G-011,G-115,G-011|G-115,0.0000,900.0824,BBOX_CLEAR
PAIR-001570,G-011,G-116,G-011|G-116,0.0000,869.9444,BBOX_CLEAR
PAIR-001571,G-011,G-117,G-011|G-117,0.0000,840.7762,BBOX_CLEAR
PAIR-001572,G-011,G-118,G-011|G-118,0.0000,812.6821,BBOX_CLEAR
PAIR-001573,G-011,G-119,G-011|G-119,0.0000,785.7774,BBOX_CLEAR
PAIR-001574,G-011,G-120,G-011|G-120,0.0000,760.1884,BBOX_CLEAR
PAIR-001575,G-011,G-121,G-011|G-121,0.0000,736.0523,BBOX_CLEAR
PAIR-001576,G-011,G-122,G-011|G-122,0.0000,713.5166,BBOX_CLEAR
PAIR-001577,G-011,G-123,G-011|G-123,0.0000,692.7374,BBOX_CLEAR
PAIR-001578,G-011,G-124,G-011|G-124,0.0000,673.8774,BBOX_CLEAR
PAIR-001579,G-011,G-125,G-011|G-125,0.0000,657.1017,BBOX_CLEAR
PAIR-001580,G-011,G-126,G-011|G-126,0.0000,642.5736,BBOX_CLEAR
PAIR-001581,G-011,G-127,G-011|G-127,0.0000,630.4486,BBOX_CLEAR
PAIR-001582,G-011,G-128,G-011|G-128,0.0000,620.8674,BBOX_CLEAR
PAIR-001583,G-011,G-129,G-011|G-129,0.0000,613.9492,BBOX_CLEAR
PAIR-001584,G-011,G-130,G-011|G-130,0.0000,609.7845,BBOX_CLEAR
PAIR-001585,G-011,G-131,G-011|G-131,0.0000,608.4294,BBOX_CLEAR
PAIR-001586,G-011,G-132,G-011|G-132,0.0000,608.4294,BBOX_CLEAR
PAIR-001587,G-011,G-133,G-011|G-133,0.0000,608.4439,BBOX_CLEAR
PAIR-001588,G-011,G-134,G-011|G-134,0.0000,610.1442,BBOX_CLEAR
PAIR-001589,G-011,G-135,G-011|G-135,0.0000,614.6496,BBOX_CLEAR
PAIR-001590,G-011,P-001,G-011|P-001,0.0000,309.5231,BBOX_CLEAR
PAIR-001591,G-011,P-002,G-011|P-002,0.0000,300.8842,BBOX_CLEAR
PAIR-001592,G-011,P-003,G-011|P-003,0.0000,768.9610,BBOX_CLEAR
PAIR-001593,G-011,P-004,G-011|P-004,0.0000,762.3567,BBOX_CLEAR
PAIR-001594,G-011,P-005,G-011|P-005,0.0000,623.4437,BBOX_CLEAR
PAIR-001595,G-011,P-006,G-011|P-006,0.0000,502.7053,BBOX_CLEAR
PAIR-001596,G-011,P-007,G-011|P-007,0.0000,423.3865,BBOX_CLEAR
PAIR-001597,G-011,P-008,G-011|P-008,0.0000,502.4565,BBOX_CLEAR
PAIR-001598,G-011,P-009,G-011|P-009,0.0000,417.9425,BBOX_CLEAR
PAIR-001599,G-011,P-010,G-011|P-010,0.0000,410.8758,BBOX_CLEAR
PAIR-001600,G-011,P-011,G-011|P-011,0.0000,383.3212,BBOX_CLEAR
PAIR-001601,G-011,P-012,G-011|P-012,0.0000,448.3008,BBOX_CLEAR
PAIR-001602,G-011,P-013,G-011|P-013,0.0000,490.4922,BBOX_CLEAR
PAIR-001603,G-011,P-014,G-011|P-014,0.0000,482.7289,BBOX_CLEAR
PAIR-001604,G-011,P-015,G-011|P-015,0.0000,280.7173,BBOX_CLEAR
PAIR-001605,G-011,P-016,G-011|P-016,0.0000,286.1925,BBOX_CLEAR
PAIR-001606,G-011,P-017,G-011|P-017,0.0000,312.0561,BBOX_CLEAR
PAIR-001607,G-012,G-013,G-012|G-013,0.0000,297.8848,BBOX_CLEAR
PAIR-001608,G-012,G-014,G-012|G-014,0.0000,288.6208,BBOX_CLEAR
PAIR-001609,G-012,G-015,G-012|G-015,0.0000,238.8397,BBOX_CLEAR
PAIR-001610,G-012,G-016,G-012|G-016,0.0000,201.2804,BBOX_CLEAR
PAIR-001611,G-012,G-017,G-012|G-017,0.0000,164.0128,BBOX_CLEAR
PAIR-001612,G-012,G-018,G-012|G-018,0.0000,127.2931,BBOX_CLEAR
PAIR-001613,G-012,G-019,G-012|G-019,0.0000,91.7815,BBOX_CLEAR
PAIR-001614,G-012,G-020,G-012|G-020,0.0000,59.6750,BBOX_CLEAR
PAIR-001615,G-012,G-021,G-012|G-021,0.0000,40.1914,BBOX_CLEAR
PAIR-001616,G-012,G-022,G-012|G-022,0.0000,39.6818,BBOX_CLEAR
PAIR-001617,G-012,G-023,G-012|G-023,0.0000,543.4356,BBOX_CLEAR
PAIR-001618,G-012,G-024,G-012|G-024,0.0000,520.9432,BBOX_CLEAR
PAIR-001619,G-012,G-025,G-012|G-025,0.0000,506.2482,BBOX_CLEAR
PAIR-001620,G-012,G-026,G-012|G-026,0.0000,484.0711,BBOX_CLEAR
PAIR-001621,G-012,G-027,G-012|G-027,0.0000,468.7941,BBOX_CLEAR
PAIR-001622,G-012,G-028,G-012|G-028,0.0000,615.4824,BBOX_CLEAR
PAIR-001623,G-012,G-029,G-012|G-029,0.0000,608.3488,BBOX_CLEAR
PAIR-001624,G-012,G-030,G-012|G-030,0.0000,595.3059,BBOX_CLEAR
PAIR-001625,G-012,G-031,G-012|G-031,0.0000,579.6585,BBOX_CLEAR
PAIR-001626,G-012,G-032,G-012|G-032,0.0000,318.3732,BBOX_CLEAR
PAIR-001627,G-012,G-033,G-012|G-033,0.0000,309.7226,BBOX_CLEAR
PAIR-001628,G-012,G-034,G-012|G-034,0.0000,272.7886,BBOX_CLEAR
PAIR-001629,G-012,G-035,G-012|G-035,0.0000,249.5770,BBOX_CLEAR
PAIR-001630,G-012,G-036,G-012|G-036,0.0000,235.3961,BBOX_CLEAR
PAIR-001631,G-012,G-037,G-012|G-037,0.0000,214.0105,BBOX_CLEAR
PAIR-001632,G-012,G-038,G-012|G-038,0.0000,199.9319,BBOX_CLEAR
PAIR-001633,G-012,G-039,G-012|G-039,0.0000,177.6882,BBOX_CLEAR
PAIR-001634,G-012,G-040,G-012|G-040,0.0000,170.6048,BBOX_CLEAR
PAIR-001635,G-012,G-041,G-012|G-041,0.0000,176.9627,BBOX_CLEAR
PAIR-001636,G-012,G-042,G-012|G-042,0.0000,169.0780,BBOX_CLEAR
PAIR-001637,G-012,G-043,G-012|G-043,0.0000,160.4617,BBOX_CLEAR
PAIR-001638,G-012,G-044,G-012|G-044,0.0000,127.1098,BBOX_CLEAR
PAIR-001639,G-012,G-045,G-012|G-045,0.0000,120.0880,BBOX_CLEAR
PAIR-001640,G-012,G-046,G-012|G-046,0.0000,790.2498,BBOX_CLEAR
PAIR-001641,G-012,G-047,G-012|G-047,0.0000,751.4083,BBOX_CLEAR
PAIR-001642,G-012,G-048,G-012|G-048,0.0000,727.5860,BBOX_CLEAR
PAIR-001643,G-012,G-049,G-012|G-049,0.0000,709.0612,BBOX_CLEAR
PAIR-001644,G-012,G-050,G-012|G-050,0.0000,699.9082,BBOX_CLEAR
PAIR-001645,G-012,G-051,G-012|G-051,0.0000,681.4494,BBOX_CLEAR
PAIR-001646,G-012,G-052,G-012|G-052,0.0000,672.3311,BBOX_CLEAR
PAIR-001647,G-012,G-053,G-012|G-053,0.0000,647.7566,BBOX_CLEAR
PAIR-001648,G-012,G-054,G-012|G-054,0.0000,638.6870,BBOX_CLEAR
PAIR-001649,G-012,G-055,G-012|G-055,0.0000,620.4076,BBOX_CLEAR
PAIR-001650,G-012,G-056,G-012|G-056,0.0000,602.1928,BBOX_CLEAR
PAIR-001651,G-012,G-057,G-012|G-057,0.0000,589.0996,BBOX_CLEAR
PAIR-001652,G-012,G-058,G-012|G-058,0.0000,1004.7371,BBOX_CLEAR
PAIR-001653,G-012,G-059,G-012|G-059,0.0000,991.7172,BBOX_CLEAR
PAIR-001654,G-012,G-060,G-012|G-060,0.0000,1106.8255,BBOX_CLEAR
PAIR-001655,G-012,G-061,G-012|G-061,0.0000,1093.1871,BBOX_CLEAR
PAIR-001656,G-012,G-062,G-012|G-062,0.0000,1209.9213,BBOX_CLEAR
PAIR-001657,G-012,G-063,G-012|G-063,0.0000,1196.2910,BBOX_CLEAR
PAIR-001658,G-012,G-064,G-012|G-064,0.0000,275.3110,BBOX_CLEAR
PAIR-001659,G-012,G-065,G-012|G-065,0.0000,279.3857,BBOX_CLEAR
PAIR-001660,G-012,G-066,G-012|G-066,0.0000,569.5988,BBOX_CLEAR
PAIR-001661,G-012,G-067,G-012|G-067,0.0000,532.9988,BBOX_CLEAR
PAIR-001662,G-012,G-068,G-012|G-068,0.0000,505.7655,BBOX_CLEAR
PAIR-001663,G-012,G-069,G-012|G-069,0.0000,1291.5315,BBOX_CLEAR
PAIR-001664,G-012,G-070,G-012|G-070,0.0000,1284.8901,BBOX_CLEAR
PAIR-001665,G-012,G-071,G-012|G-071,0.0000,1240.1055,BBOX_CLEAR
PAIR-001666,G-012,G-072,G-012|G-072,0.0000,1214.0229,BBOX_CLEAR
PAIR-001667,G-012,G-073,G-012|G-073,0.0000,1208.0381,BBOX_CLEAR
PAIR-001668,G-012,G-074,G-012|G-074,0.0000,1163.3504,BBOX_CLEAR
PAIR-001669,G-012,G-075,G-012|G-075,0.0000,1137.6810,BBOX_CLEAR
PAIR-001670,G-012,G-076,G-012|G-076,0.0000,1132.3806,BBOX_CLEAR
PAIR-001671,G-012,G-077,G-012|G-077,0.0000,1025.6811,BBOX_CLEAR
PAIR-001672,G-012,G-078,G-012|G-078,0.0000,1011.7902,BBOX_CLEAR
PAIR-001673,G-012,G-079,G-012|G-079,0.0000,991.2688,BBOX_CLEAR
PAIR-001674,G-012,G-080,G-012|G-080,0.0000,987.8974,BBOX_CLEAR
PAIR-001675,G-012,G-081,G-012|G-081,0.0000,968.2831,BBOX_CLEAR
PAIR-001676,G-012,G-082,G-012|G-082,0.0000,942.9079,BBOX_CLEAR
PAIR-001677,G-012,G-083,G-012|G-083,0.0000,940.3105,BBOX_CLEAR
PAIR-001678,G-012,G-084,G-012|G-084,0.0000,916.3614,BBOX_CLEAR
PAIR-001679,G-012,G-085,G-012|G-085,0.0000,884.1009,BBOX_CLEAR
PAIR-001680,G-012,G-086,G-012|G-086,0.0000,856.5592,BBOX_CLEAR
PAIR-001681,G-012,G-087,G-012|G-087,0.0000,840.9668,BBOX_CLEAR
PAIR-001682,G-012,G-088,G-012|G-088,0.0000,856.5803,BBOX_CLEAR
PAIR-001683,G-012,G-089,G-012|G-089,0.0000,830.9480,BBOX_CLEAR
PAIR-001684,G-012,G-090,G-012|G-090,0.0000,815.1316,BBOX_CLEAR
PAIR-001685,G-012,G-091,G-012|G-091,0.0000,786.8278,BBOX_CLEAR
PAIR-001686,G-012,G-092,G-012|G-092,0.0000,763.0985,BBOX_CLEAR
PAIR-001687,G-012,G-093,G-012|G-093,0.0000,748.1157,BBOX_CLEAR
PAIR-001688,G-012,G-094,G-012|G-094,0.0000,765.6867,BBOX_CLEAR
PAIR-001689,G-012,G-095,G-012|G-095,0.0000,739.8242,BBOX_CLEAR
PAIR-001690,G-012,G-096,G-012|G-096,0.0000,726.1066,BBOX_CLEAR
PAIR-001691,G-012,G-097,G-012|G-097,0.0000,718.5651,BBOX_CLEAR
PAIR-001692,G-012,G-098,G-012|G-098,0.0000,705.3194,BBOX_CLEAR
PAIR-001693,G-012,G-099,G-012|G-099,0.0000,691.4264,BBOX_CLEAR
PAIR-001694,G-012,G-100,G-012|G-100,0.0000,1432.1916,BBOX_CLEAR
PAIR-001695,G-012,G-101,G-012|G-101,0.0000,1411.7283,BBOX_CLEAR
PAIR-001696,G-012,G-102,G-012|G-102,0.0000,1401.4047,BBOX_CLEAR
PAIR-001697,G-012,G-103,G-012|G-103,0.0000,1382.9345,BBOX_CLEAR
PAIR-001698,G-012,G-104,G-012|G-104,0.0000,1308.2048,BBOX_CLEAR
PAIR-001699,G-012,G-105,G-012|G-105,0.0000,1271.6031,BBOX_CLEAR
PAIR-001700,G-012,G-106,G-012|G-106,0.0000,1235.3119,BBOX_CLEAR
PAIR-001701,G-012,G-107,G-012|G-107,0.0000,1199.3594,BBOX_CLEAR
PAIR-001702,G-012,G-108,G-012|G-108,0.0000,1163.7768,BBOX_CLEAR
PAIR-001703,G-012,G-109,G-012|G-109,0.0000,1128.5994,BBOX_CLEAR
PAIR-001704,G-012,G-110,G-012|G-110,0.0000,1093.8660,BBOX_CLEAR
PAIR-001705,G-012,G-111,G-012|G-111,0.0000,1059.6205,BBOX_CLEAR
PAIR-001706,G-012,G-112,G-012|G-112,0.0000,1025.9116,BBOX_CLEAR
PAIR-001707,G-012,G-113,G-012|G-113,0.0000,992.7940,BBOX_CLEAR
PAIR-001708,G-012,G-114,G-012|G-114,0.0000,960.3289,BBOX_CLEAR
PAIR-001709,G-012,G-115,G-012|G-115,0.0000,928.5847,BBOX_CLEAR
PAIR-001710,G-012,G-116,G-012|G-116,0.0000,897.6379,BBOX_CLEAR
PAIR-001711,G-012,G-117,G-012|G-117,0.0000,867.5739,BBOX_CLEAR
PAIR-001712,G-012,G-118,G-012|G-118,0.0000,838.4876,BBOX_CLEAR
PAIR-001713,G-012,G-119,G-012|G-119,0.0000,810.4843,BBOX_CLEAR
PAIR-001714,G-012,G-120,G-012|G-120,0.0000,783.6801,BBOX_CLEAR
PAIR-001715,G-012,G-121,G-012|G-121,0.0000,758.2021,BBOX_CLEAR
PAIR-001716,G-012,G-122,G-012|G-122,0.0000,734.1885,BBOX_CLEAR
PAIR-001717,G-012,G-123,G-012|G-123,0.0000,711.7874,BBOX_CLEAR
PAIR-001718,G-012,G-124,G-012|G-124,0.0000,691.1558,BBOX_CLEAR
PAIR-001719,G-012,G-125,G-012|G-125,0.0000,672.4564,BBOX_CLEAR
PAIR-001720,G-012,G-126,G-012|G-126,0.0000,655.8546,BBOX_CLEAR
PAIR-001721,G-012,G-127,G-012|G-127,0.0000,641.5132,BBOX_CLEAR
PAIR-001722,G-012,G-128,G-012|G-128,0.0000,629.5868,BBOX_CLEAR
PAIR-001723,G-012,G-129,G-012|G-129,0.0000,620.2146,BBOX_CLEAR
PAIR-001724,G-012,G-130,G-012|G-130,0.0000,613.5137,BBOX_CLEAR
PAIR-001725,G-012,G-131,G-012|G-131,0.0000,609.5723,BBOX_CLEAR
PAIR-001726,G-012,G-132,G-012|G-132,0.0000,608.4294,BBOX_CLEAR
PAIR-001727,G-012,G-133,G-012|G-133,0.0000,608.4294,BBOX_CLEAR
PAIR-001728,G-012,G-134,G-012|G-134,0.0000,608.4759,BBOX_CLEAR
PAIR-001729,G-012,G-135,G-012|G-135,0.0000,610.4019,BBOX_CLEAR
PAIR-001730,G-012,P-001,G-012|P-001,0.0000,318.5491,BBOX_CLEAR
PAIR-001731,G-012,P-002,G-012|P-002,0.0000,309.0454,BBOX_CLEAR
PAIR-001732,G-012,P-003,G-012|P-003,0.0000,807.1511,BBOX_CLEAR
PAIR-001733,G-012,P-004,G-012|P-004,0.0000,800.5165,BBOX_CLEAR
PAIR-001734,G-012,P-005,G-012|P-005,0.0000,659.7697,BBOX_CLEAR
PAIR-001735,G-012,P-006,G-012|P-006,0.0000,539.6112,BBOX_CLEAR
PAIR-001736,G-012,P-007,G-012|P-007,0.0000,460.7524,BBOX_CLEAR
PAIR-001737,G-012,P-008,G-012|P-008,0.0000,538.6447,BBOX_CLEAR
PAIR-001738,G-012,P-009,G-012|P-009,0.0000,455.4360,BBOX_CLEAR
PAIR-001739,G-012,P-010,G-012|P-010,0.0000,448.4672,BBOX_CLEAR
PAIR-001740,G-012,P-011,G-012|P-011,0.0000,420.5889,BBOX_CLEAR
PAIR-001741,G-012,P-012,G-012|P-012,0.0000,484.6387,BBOX_CLEAR
PAIR-001742,G-012,P-013,G-012|P-013,0.0000,517.9944,BBOX_CLEAR
PAIR-001743,G-012,P-014,G-012|P-014,0.0000,510.0651,BBOX_CLEAR
PAIR-001744,G-012,P-015,G-012|P-015,0.0000,318.9074,BBOX_CLEAR
PAIR-001745,G-012,P-016,G-012|P-016,0.0000,323.7373,BBOX_CLEAR
PAIR-001746,G-012,P-017,G-012|P-017,0.0000,346.8122,BBOX_CLEAR
PAIR-001747,G-013,G-014,G-013|G-014,0.0000,0.0000,BBOX_WITHIN_8PX
PAIR-001748,G-013,G-015,G-013|G-015,0.0000,21.3210,BBOX_CLEAR
PAIR-001749,G-013,G-016,G-013|G-016,0.0000,59.5110,BBOX_CLEAR
PAIR-001750,G-013,G-017,G-013|G-017,0.0000,97.7011,BBOX_CLEAR
PAIR-001751,G-013,G-018,G-013|G-018,0.0000,135.8912,BBOX_CLEAR
PAIR-001752,G-013,G-019,G-013|G-019,0.0000,174.0813,BBOX_CLEAR
PAIR-001753,G-013,G-020,G-013|G-020,0.0000,212.2714,BBOX_CLEAR
PAIR-001754,G-013,G-021,G-013|G-021,0.0000,250.4615,BBOX_CLEAR
PAIR-001755,G-013,G-022,G-013|G-022,0.0000,288.6515,BBOX_CLEAR
PAIR-001756,G-013,G-023,G-013|G-023,0.0000,228.9835,BBOX_CLEAR
PAIR-001757,G-013,G-024,G-013|G-024,0.0000,206.4688,BBOX_CLEAR
PAIR-001758,G-013,G-025,G-013|G-025,0.0000,191.7582,BBOX_CLEAR
PAIR-001759,G-013,G-026,G-013|G-026,0.0000,169.5557,BBOX_CLEAR
PAIR-001760,G-013,G-027,G-013|G-027,0.0000,154.2598,BBOX_CLEAR
PAIR-001761,G-013,G-028,G-013|G-028,0.0000,299.9370,BBOX_CLEAR
PAIR-001762,G-013,G-029,G-013|G-029,0.0000,291.3336,BBOX_CLEAR
PAIR-001763,G-013,G-030,G-013|G-030,0.0000,278.2229,BBOX_CLEAR
PAIR-001764,G-013,G-031,G-013|G-031,0.0000,262.4901,BBOX_CLEAR
PAIR-001765,G-013,G-032,G-013|G-032,0.0000,40.3350,BBOX_CLEAR
PAIR-001766,G-013,G-033,G-013|G-033,0.0000,40.3350,BBOX_CLEAR
PAIR-001767,G-013,G-034,G-013|G-034,0.0000,45.6234,BBOX_CLEAR
PAIR-001768,G-013,G-035,G-013|G-035,0.0000,64.1533,BBOX_CLEAR
PAIR-001769,G-013,G-036,G-013|G-036,0.0000,86.3858,BBOX_CLEAR
PAIR-001770,G-013,G-037,G-013|G-037,0.0000,100.7434,BBOX_CLEAR
PAIR-001771,G-013,G-038,G-013|G-038,0.0000,125.5884,BBOX_CLEAR
PAIR-001772,G-013,G-039,G-013|G-039,0.0000,137.1562,BBOX_CLEAR
PAIR-001773,G-013,G-040,G-013|G-040,0.0000,158.0751,BBOX_CLEAR
PAIR-001774,G-013,G-041,G-013|G-041,0.0000,183.0104,BBOX_CLEAR
PAIR-001775,G-013,G-042,G-013|G-042,0.0000,191.0291,BBOX_CLEAR
PAIR-001776,G-013,G-043,G-013|G-043,0.0000,203.3107,BBOX_CLEAR
PAIR-001777,G-013,G-044,G-013|G-044,0.0000,226.2905,BBOX_CLEAR
PAIR-001778,G-013,G-045,G-013|G-045,0.0000,265.8064,BBOX_CLEAR
PAIR-001779,G-013,G-046,G-013|G-046,0.0000,466.4927,BBOX_CLEAR
PAIR-001780,G-013,G-047,G-013|G-047,0.0000,427.8072,BBOX_CLEAR
PAIR-001781,G-013,G-048,G-013|G-048,0.0000,404.1574,BBOX_CLEAR
PAIR-001782,G-013,G-049,G-013|G-049,0.0000,385.8199,BBOX_CLEAR
PAIR-001783,G-013,G-050,G-013|G-050,0.0000,376.7799,BBOX_CLEAR
PAIR-001784,G-013,G-051,G-013|G-051,0.0000,358.5977,BBOX_CLEAR
PAIR-001785,G-013,G-052,G-013|G-052,0.0000,349.6434,BBOX_CLEAR
PAIR-001786,G-013,G-053,G-013|G-053,0.0000,325.6208,BBOX_CLEAR
PAIR-001787,G-013,G-054,G-013|G-054,0.0000,316.8024,BBOX_CLEAR
PAIR-001788,G-013,G-055,G-013|G-055,0.0000,299.1248,BBOX_CLEAR
PAIR-001789,G-013,G-056,G-013|G-056,0.0000,281.6623,BBOX_CLEAR
PAIR-001790,G-013,G-057,G-013|G-057,0.0000,269.2253,BBOX_CLEAR
PAIR-001791,G-013,G-058,G-013|G-058,0.0000,681.3933,BBOX_CLEAR
PAIR-001792,G-013,G-059,G-013|G-059,0.0000,668.0473,BBOX_CLEAR
PAIR-001793,G-013,G-060,G-013|G-060,0.0000,784.3393,BBOX_CLEAR
PAIR-001794,G-013,G-061,G-013|G-061,0.0000,770.1530,BBOX_CLEAR
PAIR-001795,G-013,G-062,G-013|G-062,0.0000,887.2659,BBOX_CLEAR
PAIR-001796,G-013,G-063,G-013|G-063,0.0000,873.1719,BBOX_CLEAR
PAIR-001797,G-013,G-064,G-013|G-064,0.0000,225.8179,BBOX_CLEAR
PAIR-001798,G-013,G-065,G-013|G-065,0.0000,251.0007,BBOX_CLEAR
PAIR-001799,G-013,G-066,G-013|G-066,0.0000,311.3600,BBOX_CLEAR
PAIR-001800,G-013,G-067,G-013|G-067,0.0000,294.4040,BBOX_CLEAR
PAIR-001801,G-013,G-068,G-013|G-068,0.0000,286.9898,BBOX_CLEAR
PAIR-001802,G-013,G-069,G-013|G-069,0.0000,974.2849,BBOX_CLEAR
PAIR-001803,G-013,G-070,G-013|G-070,0.0000,968.9586,BBOX_CLEAR
PAIR-001804,G-013,G-071,G-013|G-071,0.0000,924.4378,BBOX_CLEAR
PAIR-001805,G-013,G-072,G-013|G-072,0.0000,899.2924,BBOX_CLEAR
PAIR-001806,G-013,G-073,G-013|G-073,0.0000,894.9735,BBOX_CLEAR
PAIR-001807,G-013,G-074,G-013|G-074,0.0000,850.7605,BBOX_CLEAR
PAIR-001808,G-013,G-075,G-013|G-075,0.0000,826.3648,BBOX_CLEAR
PAIR-001809,G-013,G-076,G-013|G-076,0.0000,823.1790,BBOX_CLEAR
PAIR-001810,G-013,G-077,G-013|G-077,0.0000,722.6579,BBOX_CLEAR
PAIR-001811,G-013,G-078,G-013|G-078,0.0000,710.0499,BBOX_CLEAR
PAIR-001812,G-013,G-079,G-013|G-079,0.0000,691.5864,BBOX_CLEAR
PAIR-001813,G-013,G-080,G-013|G-080,0.0000,691.6483,BBOX_CLEAR
PAIR-001814,G-013,G-081,G-013|G-081,0.0000,671.1623,BBOX_CLEAR
PAIR-001815,G-013,G-082,G-013|G-082,0.0000,648.9752,BBOX_CLEAR
PAIR-001816,G-013,G-083,G-013|G-083,0.0000,650.3987,BBOX_CLEAR
PAIR-001817,G-013,G-084,G-013|G-084,0.0000,626.2334,BBOX_CLEAR
PAIR-001818,G-013,G-085,G-013|G-085,0.0000,599.3646,BBOX_CLEAR
PAIR-001819,G-013,G-086,G-013|G-086,0.0000,577.2257,BBOX_CLEAR
PAIR-001820,G-013,G-087,G-013|G-087,0.0000,563.2712,BBOX_CLEAR
PAIR-001821,G-013,G-088,G-013|G-088,0.0000,582.8736,BBOX_CLEAR
PAIR-001822,G-013,G-089,G-013|G-089,0.0000,557.4337,BBOX_CLEAR
PAIR-001823,G-013,G-090,G-013|G-090,0.0000,545.6571,BBOX_CLEAR
PAIR-001824,G-013,G-091,G-013|G-091,0.0000,525.5804,BBOX_CLEAR
PAIR-001825,G-013,G-092,G-013|G-092,0.0000,509.9075,BBOX_CLEAR
PAIR-001826,G-013,G-093,G-013|G-093,0.0000,497.9103,BBOX_CLEAR
PAIR-001827,G-013,G-094,G-013|G-094,0.0000,520.0244,BBOX_CLEAR
PAIR-001828,G-013,G-095,G-013|G-095,0.0000,495.7680,BBOX_CLEAR
PAIR-001829,G-013,G-096,G-013|G-096,0.0000,488.1000,BBOX_CLEAR
PAIR-001830,G-013,G-097,G-013|G-097,0.0000,484.1201,BBOX_CLEAR
PAIR-001831,G-013,G-098,G-013|G-098,0.0000,477.5738,BBOX_CLEAR
PAIR-001832,G-013,G-099,G-013|G-099,0.0000,471.3763,BBOX_CLEAR
PAIR-001833,G-013,G-100,G-013|G-100,0.0000,1115.1127,BBOX_CLEAR
PAIR-001834,G-013,G-101,G-013|G-101,0.0000,1096.2144,BBOX_CLEAR
PAIR-001835,G-013,G-102,G-013|G-102,0.0000,1086.2035,BBOX_CLEAR
PAIR-001836,G-013,G-103,G-013|G-103,0.0000,1068.3220,BBOX_CLEAR
PAIR-001837,G-013,G-104,G-013|G-104,0.0000,996.2833,BBOX_CLEAR
PAIR-001838,G-013,G-105,G-013|G-105,0.0000,961.3629,BBOX_CLEAR
PAIR-001839,G-013,G-106,G-013|G-106,0.0000,926.9861,BBOX_CLEAR
PAIR-001840,G-013,G-107,G-013|G-107,0.0000,893.2156,BBOX_CLEAR
PAIR-001841,G-013,G-108,G-013|G-108,0.0000,860.1229,BBOX_CLEAR
PAIR-001842,G-013,G-109,G-013|G-109,0.0000,827.7892,BBOX_CLEAR
PAIR-001843,G-013,G-110,G-013|G-110,0.0000,796.3070,BBOX_CLEAR
PAIR-001844,G-013,G-111,G-013|G-111,0.0000,765.7814,BBOX_CLEAR
PAIR-001845,G-013,G-112,G-013|G-112,0.0000,736.3312,BBOX_CLEAR
PAIR-001846,G-013,G-113,G-013|G-113,0.0000,708.0908,BBOX_CLEAR
PAIR-001847,G-013,G-114,G-013|G-114,0.0000,681.2105,BBOX_CLEAR
PAIR-001848,G-013,G-115,G-013|G-115,0.0000,655.8577,BBOX_CLEAR
PAIR-001849,G-013,G-116,G-013|G-116,0.0000,632.2161,BBOX_CLEAR
PAIR-001850,G-013,G-117,G-013|G-117,0.0000,610.4846,BBOX_CLEAR
PAIR-001851,G-013,G-118,G-013|G-118,0.0000,590.8739,BBOX_CLEAR
PAIR-001852,G-013,G-119,G-013|G-119,0.0000,573.6016,BBOX_CLEAR
PAIR-001853,G-013,G-120,G-013|G-120,0.0000,558.8846,BBOX_CLEAR
PAIR-001854,G-013,G-121,G-013|G-121,0.0000,546.9292,BBOX_CLEAR
PAIR-001855,G-013,G-122,G-013|G-122,0.0000,537.9195,BBOX_CLEAR
PAIR-001856,G-013,G-123,G-013|G-123,0.0000,532.0052,BBOX_CLEAR
PAIR-001857,G-013,G-124,G-013|G-124,0.0000,529.2902,BBOX_CLEAR
PAIR-001858,G-013,G-125,G-013|G-125,0.0000,529.1063,BBOX_CLEAR
PAIR-001859,G-013,G-126,G-013|G-126,0.0000,529.1770,BBOX_CLEAR
PAIR-001860,G-013,G-127,G-013|G-127,0.0000,531.4791,BBOX_CLEAR
PAIR-001861,G-013,G-128,G-013|G-128,0.0000,536.9899,BBOX_CLEAR
PAIR-001862,G-013,G-129,G-013|G-129,0.0000,545.6120,BBOX_CLEAR
PAIR-001863,G-013,G-130,G-013|G-130,0.0000,557.2012,BBOX_CLEAR
PAIR-001864,G-013,G-131,G-013|G-131,0.0000,571.5770,BBOX_CLEAR
PAIR-001865,G-013,G-132,G-013|G-132,0.0000,588.5352,BBOX_CLEAR
PAIR-001866,G-013,G-133,G-013|G-133,0.0000,607.8596,BBOX_CLEAR
PAIR-001867,G-013,G-134,G-013|G-134,0.0000,629.3325,BBOX_CLEAR
PAIR-001868,G-013,G-135,G-013|G-135,0.0000,652.7417,BBOX_CLEAR
PAIR-001869,G-013,P-001,G-013|P-001,0.0000,225.2516,BBOX_CLEAR
PAIR-001870,G-013,P-002,G-013|P-002,0.0000,293.3558,BBOX_CLEAR
PAIR-001871,G-013,P-003,G-013|P-003,0.0000,493.2158,BBOX_CLEAR
PAIR-001872,G-013,P-004,G-013|P-004,0.0000,498.9745,BBOX_CLEAR
PAIR-001873,G-013,P-005,G-013|P-005,0.0000,337.0054,BBOX_CLEAR
PAIR-001874,G-013,P-006,G-013|P-006,0.0000,215.8139,BBOX_CLEAR
PAIR-001875,G-013,P-007,G-013|P-007,0.0000,138.2054,BBOX_CLEAR
PAIR-001876,G-013,P-008,G-013|P-008,0.0000,216.6138,BBOX_CLEAR
PAIR-001877,G-013,P-009,G-013|P-009,0.0000,133.9334,BBOX_CLEAR
PAIR-001878,G-013,P-010,G-013|P-010,0.0000,128.0958,BBOX_CLEAR
PAIR-001879,G-013,P-011,G-013|P-011,0.0000,97.7668,BBOX_CLEAR
PAIR-001880,G-013,P-012,G-013|P-012,0.0000,162.1944,BBOX_CLEAR
PAIR-001881,G-013,P-013,G-013|P-013,0.0000,278.7765,BBOX_CLEAR
PAIR-001882,G-013,P-014,G-013|P-014,0.0000,273.8228,BBOX_CLEAR
PAIR-001883,G-013,P-015,G-013|P-015,0.0000,4.9721,BBOX_WITHIN_8PX
PAIR-001884,G-013,P-016,G-013|P-016,0.0000,4.9721,BBOX_WITHIN_8PX
PAIR-001885,G-013,P-017,G-013|P-017,0.0000,57.1900,BBOX_CLEAR
PAIR-001886,G-014,G-015,G-014|G-015,0.0000,11.9644,BBOX_CLEAR
PAIR-001887,G-014,G-016,G-014|G-016,0.0000,50.1545,BBOX_CLEAR
PAIR-001888,G-014,G-017,G-014|G-017,0.0000,88.3446,BBOX_CLEAR
PAIR-001889,G-014,G-018,G-014|G-018,0.0000,126.5347,BBOX_CLEAR
PAIR-001890,G-014,G-019,G-014|G-019,0.0000,164.7247,BBOX_CLEAR
PAIR-001891,G-014,G-020,G-014|G-020,0.0000,202.9148,BBOX_CLEAR
PAIR-001892,G-014,G-021,G-014|G-021,0.0000,241.1049,BBOX_CLEAR
PAIR-001893,G-014,G-022,G-014|G-022,0.0000,279.2950,BBOX_CLEAR
PAIR-001894,G-014,G-023,G-014|G-023,0.0000,247.8877,BBOX_CLEAR
PAIR-001895,G-014,G-024,G-014|G-024,0.0000,225.3730,BBOX_CLEAR
PAIR-001896,G-014,G-025,G-014|G-025,0.0000,210.6623,BBOX_CLEAR
PAIR-001897,G-014,G-026,G-014|G-026,0.0000,188.4598,BBOX_CLEAR
PAIR-001898,G-014,G-027,G-014|G-027,0.0000,173.1639,BBOX_CLEAR
PAIR-001899,G-014,G-028,G-014|G-028,0.0000,318.8412,BBOX_CLEAR
PAIR-001900,G-014,G-029,G-014|G-029,0.0000,310.2378,BBOX_CLEAR
PAIR-001901,G-014,G-030,G-014|G-030,0.0000,297.1270,BBOX_CLEAR
PAIR-001902,G-014,G-031,G-014|G-031,0.0000,281.3942,BBOX_CLEAR
PAIR-001903,G-014,G-032,G-014|G-032,0.0000,40.3350,BBOX_CLEAR
PAIR-001904,G-014,G-033,G-014|G-033,0.0000,40.3350,BBOX_CLEAR
PAIR-001905,G-014,G-034,G-014|G-034,0.0000,42.0720,BBOX_CLEAR
PAIR-001906,G-014,G-035,G-014|G-035,0.0000,57.1808,BBOX_CLEAR
PAIR-001907,G-014,G-036,G-014|G-036,0.0000,78.2339,BBOX_CLEAR
PAIR-001908,G-014,G-037,G-014|G-037,0.0000,92.2456,BBOX_CLEAR
PAIR-001909,G-014,G-038,G-014|G-038,0.0000,116.7662,BBOX_CLEAR
PAIR-001910,G-014,G-039,G-014|G-039,0.0000,127.9678,BBOX_CLEAR
PAIR-001911,G-014,G-040,G-014|G-040,0.0000,149.0551,BBOX_CLEAR
PAIR-001912,G-014,G-041,G-014|G-041,0.0000,174.1452,BBOX_CLEAR
PAIR-001913,G-014,G-042,G-014|G-042,0.0000,182.1216,BBOX_CLEAR
PAIR-001914,G-014,G-043,G-014|G-043,0.0000,194.3483,BBOX_CLEAR
PAIR-001915,G-014,G-044,G-014|G-044,0.0000,217.0902,BBOX_CLEAR
PAIR-001916,G-014,G-045,G-014|G-045,0.0000,256.5621,BBOX_CLEAR
PAIR-001917,G-014,G-046,G-014|G-046,0.0000,484.7425,BBOX_CLEAR
PAIR-001918,G-014,G-047,G-014|G-047,0.0000,445.9330,BBOX_CLEAR
PAIR-001919,G-014,G-048,G-014|G-048,0.0000,422.1892,BBOX_CLEAR
PAIR-001920,G-014,G-049,G-014|G-049,0.0000,403.7663,BBOX_CLEAR
PAIR-001921,G-014,G-050,G-014|G-050,0.0000,394.6795,BBOX_CLEAR
PAIR-001922,G-014,G-051,G-014|G-051,0.0000,376.3919,BBOX_CLEAR
PAIR-001923,G-014,G-052,G-014|G-052,0.0000,367.3793,BBOX_CLEAR
PAIR-001924,G-014,G-053,G-014|G-053,0.0000,343.1754,BBOX_CLEAR
PAIR-001925,G-014,G-054,G-014|G-054,0.0000,334.2795,BBOX_CLEAR
PAIR-001926,G-014,G-055,G-014|G-055,0.0000,316.4243,BBOX_CLEAR
PAIR-001927,G-014,G-056,G-014|G-056,0.0000,298.7509,BBOX_CLEAR
PAIR-001928,G-014,G-057,G-014|G-057,0.0000,286.1363,BBOX_CLEAR
PAIR-001929,G-014,G-058,G-014|G-058,0.0000,699.9906,BBOX_CLEAR
PAIR-001930,G-014,G-059,G-014|G-059,0.0000,686.5369,BBOX_CLEAR
PAIR-001931,G-014,G-060,G-014|G-060,0.0000,803.0619,BBOX_CLEAR
PAIR-001932,G-014,G-061,G-014|G-061,0.0000,788.8052,BBOX_CLEAR
PAIR-001933,G-014,G-062,G-014|G-062,0.0000,905.9644,BBOX_CLEAR
PAIR-001934,G-014,G-063,G-014|G-063,0.0000,891.8047,BBOX_CLEAR
PAIR-001935,G-014,G-064,G-014|G-064,0.0000,219.6762,BBOX_CLEAR
PAIR-001936,G-014,G-065,G-014|G-065,0.0000,244.6038,BBOX_CLEAR
PAIR-001937,G-014,G-066,G-014|G-066,0.0000,319.3051,BBOX_CLEAR
PAIR-001938,G-014,G-067,G-014|G-067,0.0000,299.8113,BBOX_CLEAR
PAIR-001939,G-014,G-068,G-014|G-068,0.0000,290.0557,BBOX_CLEAR
PAIR-001940,G-014,G-069,G-014|G-069,0.0000,991.0913,BBOX_CLEAR
PAIR-001941,G-014,G-070,G-014|G-070,0.0000,985.5682,BBOX_CLEAR
PAIR-001942,G-014,G-071,G-014|G-071,0.0000,940.9972,BBOX_CLEAR
PAIR-001943,G-014,G-072,G-014|G-072,0.0000,915.7098,BBOX_CLEAR
PAIR-001944,G-014,G-073,G-014|G-073,0.0000,911.1580,BBOX_CLEAR
PAIR-001945,G-014,G-074,G-014|G-074,0.0000,866.8628,BBOX_CLEAR
PAIR-001946,G-014,G-075,G-014|G-075,0.0000,842.2847,BBOX_CLEAR
PAIR-001947,G-014,G-076,G-014|G-076,0.0000,838.8208,BBOX_CLEAR
PAIR-001948,G-014,G-077,G-014|G-077,0.0000,737.4553,BBOX_CLEAR
PAIR-001949,G-014,G-078,G-014|G-078,0.0000,724.6794,BBOX_CLEAR
PAIR-001950,G-014,G-079,G-014|G-079,0.0000,705.9491,BBOX_CLEAR
PAIR-001951,G-014,G-080,G-014|G-080,0.0000,705.6082,BBOX_CLEAR
PAIR-001952,G-014,G-081,G-014|G-081,0.0000,685.1970,BBOX_CLEAR
PAIR-001953,G-014,G-082,G-014|G-082,0.0000,662.6073,BBOX_CLEAR
PAIR-001954,G-014,G-083,G-014|G-083,0.0000,663.5752,BBOX_CLEAR
PAIR-001955,G-014,G-084,G-014|G-084,0.0000,639.3920,BBOX_CLEAR
PAIR-001956,G-014,G-085,G-014|G-085,0.0000,611.8636,BBOX_CLEAR
PAIR-001957,G-014,G-086,G-014|G-086,0.0000,589.0758,BBOX_CLEAR
PAIR-001958,G-014,G-087,G-014|G-087,0.0000,574.9044,BBOX_CLEAR
PAIR-001959,G-014,G-088,G-014|G-088,0.0000,594.1335,BBOX_CLEAR
PAIR-001960,G-014,G-089,G-014|G-089,0.0000,568.5974,BBOX_CLEAR
PAIR-001961,G-014,G-090,G-014|G-090,0.0000,556.3514,BBOX_CLEAR
PAIR-001962,G-014,G-091,G-014|G-091,0.0000,535.3361,BBOX_CLEAR
PAIR-001963,G-014,G-092,G-014|G-092,0.0000,518.7660,BBOX_CLEAR
PAIR-001964,G-014,G-093,G-014|G-093,0.0000,506.4061,BBOX_CLEAR
PAIR-001965,G-014,G-094,G-014|G-094,0.0000,528.1782,BBOX_CLEAR
PAIR-001966,G-014,G-095,G-014|G-095,0.0000,503.6351,BBOX_CLEAR
PAIR-001967,G-014,G-096,G-014|G-096,0.0000,495.3255,BBOX_CLEAR
PAIR-001968,G-014,G-097,G-014|G-097,0.0000,490.9736,BBOX_CLEAR
PAIR-001969,G-014,G-098,G-014|G-098,0.0000,483.7384,BBOX_CLEAR
PAIR-001970,G-014,G-099,G-014|G-099,0.0000,476.7677,BBOX_CLEAR
PAIR-001971,G-014,G-100,G-014|G-100,0.0000,1131.9209,BBOX_CLEAR
PAIR-001972,G-014,G-101,G-014|G-101,0.0000,1112.7933,BBOX_CLEAR
PAIR-001973,G-014,G-102,G-014|G-102,0.0000,1102.7365,BBOX_CLEAR
PAIR-001974,G-014,G-103,G-014|G-103,0.0000,1084.7695,BBOX_CLEAR
PAIR-001975,G-014,G-104,G-014|G-104,0.0000,1012.3510,BBOX_CLEAR
PAIR-001976,G-014,G-105,G-014|G-105,0.0000,977.2018,BBOX_CLEAR
PAIR-001977,G-014,G-106,G-014|G-106,0.0000,942.5701,BBOX_CLEAR
PAIR-001978,G-014,G-107,G-014|G-107,0.0000,908.5152,BBOX_CLEAR
PAIR-001979,G-014,G-108,G-014|G-108,0.0000,875.1043,BBOX_CLEAR
PAIR-001980,G-014,G-109,G-014|G-109,0.0000,842.4142,BBOX_CLEAR
PAIR-001981,G-014,G-110,G-014|G-110,0.0000,810.5320,BBOX_CLEAR
PAIR-001982,G-014,G-111,G-014|G-111,0.0000,779.5569,BBOX_CLEAR
PAIR-001983,G-014,G-112,G-014|G-112,0.0000,749.6012,BBOX_CLEAR
PAIR-001984,G-014,G-113,G-014|G-113,0.0000,720.7922,BBOX_CLEAR
PAIR-001985,G-014,G-114,G-014|G-114,0.0000,693.2728,BBOX_CLEAR
PAIR-001986,G-014,G-115,G-014|G-115,0.0000,667.2026,BBOX_CLEAR
PAIR-001987,G-014,G-116,G-014|G-116,0.0000,642.7579,BBOX_CLEAR
PAIR-001988,G-014,G-117,G-014|G-117,0.0000,620.1310,BBOX_CLEAR
PAIR-001989,G-014,G-118,G-014|G-118,0.0000,599.5278,BBOX_CLEAR
PAIR-001990,G-014,G-119,G-014|G-119,0.0000,581.1634,BBOX_CLEAR
PAIR-001991,G-014,G-120,G-014|G-120,0.0000,565.2563,BBOX_CLEAR
PAIR-001992,G-014,G-121,G-014|G-121,0.0000,552.0188,BBOX_CLEAR
PAIR-001993,G-014,G-122,G-014|G-122,0.0000,541.6467,BBOX_CLEAR
PAIR-001994,G-014,G-123,G-014|G-123,0.0000,534.3069,BBOX_CLEAR
PAIR-001995,G-014,G-124,G-014|G-124,0.0000,530.1254,BBOX_CLEAR
PAIR-001996,G-014,G-125,G-014|G-125,0.0000,529.1063,BBOX_CLEAR
PAIR-001997,G-014,G-126,G-014|G-126,0.0000,529.1063,BBOX_CLEAR
PAIR-001998,G-014,G-127,G-014|G-127,0.0000,530.6777,BBOX_CLEAR
PAIR-001999,G-014,G-128,G-014|G-128,0.0000,535.4718,BBOX_CLEAR
PAIR-002000,G-014,G-129,G-014|G-129,0.0000,543.4038,BBOX_CLEAR
PAIR-002001,G-014,G-130,G-014|G-130,0.0000,554.3389,BBOX_CLEAR
PAIR-002002,G-014,G-131,G-014|G-131,0.0000,568.1037,BBOX_CLEAR
PAIR-002003,G-014,G-132,G-014|G-132,0.0000,584.4984,BBOX_CLEAR
PAIR-002004,G-014,G-133,G-014|G-133,0.0000,603.3086,BBOX_CLEAR
PAIR-002005,G-014,G-134,G-014|G-134,0.0000,624.3161,BBOX_CLEAR
PAIR-002006,G-014,G-135,G-014|G-135,0.0000,647.3068,BBOX_CLEAR
PAIR-002007,G-014,P-001,G-014|P-001,0.0000,225.2516,BBOX_CLEAR
PAIR-002008,G-014,P-002,G-014|P-002,0.0000,287.1795,BBOX_CLEAR
PAIR-002009,G-014,P-003,G-014|P-003,0.0000,512.1199,BBOX_CLEAR
PAIR-002010,G-014,P-004,G-014|P-004,0.0000,517.4039,BBOX_CLEAR
PAIR-002011,G-014,P-005,G-014|P-005,0.0000,354.7628,BBOX_CLEAR
PAIR-002012,G-014,P-006,G-014|P-006,0.0000,234.1519,BBOX_CLEAR
PAIR-002013,G-014,P-007,G-014|P-007,0.0000,157.0474,BBOX_CLEAR
PAIR-002014,G-014,P-008,G-014|P-008,0.0000,234.0534,BBOX_CLEAR
PAIR-002015,G-014,P-009,G-014|P-009,0.0000,152.8315,BBOX_CLEAR
PAIR-002016,G-014,P-010,G-014|P-010,0.0000,146.9999,BBOX_CLEAR
PAIR-002017,G-014,P-011,G-014|P-011,0.0000,116.6126,BBOX_CLEAR
PAIR-002018,G-014,P-012,G-014|P-012,0.0000,179.7166,BBOX_CLEAR
PAIR-002019,G-014,P-013,G-014|P-013,0.0000,283.9991,BBOX_CLEAR
PAIR-002020,G-014,P-014,G-014|P-014,0.0000,278.6088,BBOX_CLEAR
PAIR-002021,G-014,P-015,G-014|P-015,0.0000,23.8762,BBOX_CLEAR
PAIR-002022,G-014,P-016,G-014|P-016,0.0000,23.8762,BBOX_CLEAR
PAIR-002023,G-014,P-017,G-014|P-017,0.0000,61.7742,BBOX_CLEAR
PAIR-002024,G-015,G-016,G-015|G-016,0.0000,0.0000,BBOX_WITHIN_8PX
PAIR-002025,G-015,G-017,G-015|G-017,0.0000,38.1901,BBOX_CLEAR
PAIR-002026,G-015,G-018,G-015|G-018,0.0000,76.3802,BBOX_CLEAR
PAIR-002027,G-015,G-019,G-015|G-019,0.0000,114.5702,BBOX_CLEAR
PAIR-002028,G-015,G-020,G-015|G-020,0.0000,152.7603,BBOX_CLEAR
PAIR-002029,G-015,G-021,G-015|G-021,0.0000,190.9504,BBOX_CLEAR
PAIR-002030,G-015,G-022,G-015|G-022,0.0000,229.1405,BBOX_CLEAR
PAIR-002031,G-015,G-023,G-015|G-023,0.0000,269.2086,BBOX_CLEAR
PAIR-002032,G-015,G-024,G-015|G-024,0.0000,246.6939,BBOX_CLEAR
PAIR-002033,G-015,G-025,G-015|G-025,0.0000,231.9833,BBOX_CLEAR
PAIR-002034,G-015,G-026,G-015|G-026,0.0000,209.7808,BBOX_CLEAR
PAIR-002035,G-015,G-027,G-015|G-027,0.0000,194.4848,BBOX_CLEAR
PAIR-002036,G-015,G-028,G-015|G-028,0.0000,340.1621,BBOX_CLEAR
PAIR-002037,G-015,G-029,G-015|G-029,0.0000,331.5587,BBOX_CLEAR
PAIR-002038,G-015,G-030,G-015|G-030,0.0000,318.4480,BBOX_CLEAR
PAIR-002039,G-015,G-031,G-015|G-031,0.0000,302.7152,BBOX_CLEAR
PAIR-002040,G-015,G-032,G-015|G-032,0.0000,44.5131,BBOX_CLEAR
PAIR-002041,G-015,G-033,G-015|G-033,0.0000,40.8654,BBOX_CLEAR
PAIR-002042,G-015,G-034,G-015|G-034,0.0000,39.0747,BBOX_CLEAR
PAIR-002043,G-015,G-035,G-015|G-035,0.0000,39.0747,BBOX_CLEAR
PAIR-002044,G-015,G-036,G-015|G-036,0.0000,42.5648,BBOX_CLEAR
PAIR-002045,G-015,G-037,G-015|G-037,0.0000,51.0198,BBOX_CLEAR
PAIR-002046,G-015,G-038,G-015|G-038,0.0000,71.1199,BBOX_CLEAR
PAIR-002047,G-015,G-039,G-015|G-039,0.0000,78.9989,BBOX_CLEAR
PAIR-002048,G-015,G-040,G-015|G-040,0.0000,101.2468,BBOX_CLEAR
PAIR-002049,G-015,G-041,G-015|G-041,0.0000,127.2659,BBOX_CLEAR
PAIR-002050,G-015,G-042,G-015|G-042,0.0000,134.8839,BBOX_CLEAR
PAIR-002051,G-015,G-043,G-015|G-043,0.0000,146.6612,BBOX_CLEAR
PAIR-002052,G-015,G-044,G-015|G-044,0.0000,167.7696,BBOX_CLEAR
PAIR-002053,G-015,G-045,G-015|G-045,0.0000,206.9398,BBOX_CLEAR
PAIR-002054,G-015,G-046,G-015|G-046,0.0000,505.0753,BBOX_CLEAR
PAIR-002055,G-015,G-047,G-015|G-047,0.0000,466.1169,BBOX_CLEAR
PAIR-002056,G-015,G-048,G-015|G-048,0.0000,442.2621,BBOX_CLEAR
PAIR-002057,G-015,G-049,G-015|G-049,0.0000,423.7401,BBOX_CLEAR
PAIR-002058,G-015,G-050,G-015|G-050,0.0000,414.5994,BBOX_CLEAR
PAIR-002059,G-015,G-051,G-015|G-051,0.0000,396.1919,BBOX_CLEAR
PAIR-002060,G-015,G-052,G-015|G-052,0.0000,387.1137,BBOX_CLEAR
PAIR-002061,G-015,G-053,G-015|G-053,0.0000,362.7083,BBOX_CLEAR
PAIR-002062,G-015,G-054,G-015|G-054,0.0000,353.7274,BBOX_CLEAR
PAIR-002063,G-015,G-055,G-015|G-055,0.0000,335.6800,BBOX_CLEAR
PAIR-002064,G-015,G-056,G-015|G-056,0.0000,317.7816,BBOX_CLEAR
PAIR-002065,G-015,G-057,G-015|G-057,0.0000,304.9804,BBOX_CLEAR
PAIR-002066,G-015,G-058,G-015|G-058,0.0000,720.7691,BBOX_CLEAR
PAIR-002067,G-015,G-059,G-015|G-059,0.0000,707.1665,BBOX_CLEAR
PAIR-002068,G-015,G-060,G-015|G-060,0.0000,824.0213,BBOX_CLEAR
PAIR-002069,G-015,G-061,G-015|G-061,0.0000,809.6596,BBOX_CLEAR
PAIR-002070,G-015,G-062,G-015|G-062,0.0000,926.8851,BBOX_CLEAR
PAIR-002071,G-015,G-063,G-015|G-063,0.0000,912.6282,BBOX_CLEAR
PAIR-002072,G-015,G-064,G-015|G-064,0.0000,190.1420,BBOX_CLEAR
PAIR-002073,G-015,G-065,G-015|G-065,0.0000,212.9965,BBOX_CLEAR
PAIR-002074,G-015,G-066,G-015|G-066,0.0000,328.2460,BBOX_CLEAR
PAIR-002075,G-015,G-067,G-015|G-067,0.0000,306.0272,BBOX_CLEAR
PAIR-002076,G-015,G-068,G-015|G-068,0.0000,293.7169,BBOX_CLEAR
PAIR-002077,G-015,G-069,G-015|G-069,0.0000,1009.5748,BBOX_CLEAR
PAIR-002078,G-015,G-070,G-015|G-070,0.0000,1003.8137,BBOX_CLEAR
PAIR-002079,G-015,G-071,G-015|G-071,0.0000,959.1876,BBOX_CLEAR
PAIR-002080,G-015,G-072,G-015|G-072,0.0000,933.7327,BBOX_CLEAR
PAIR-002081,G-015,G-073,G-015|G-073,0.0000,928.9028,BBOX_CLEAR
PAIR-002082,G-015,G-074,G-015|G-074,0.0000,884.5169,BBOX_CLEAR
PAIR-002083,G-015,G-075,G-015|G-075,0.0000,859.7266,BBOX_CLEAR
PAIR-002084,G-015,G-076,G-015|G-076,0.0000,855.9344,BBOX_CLEAR
PAIR-002085,G-015,G-077,G-015|G-077,0.0000,753.6064,BBOX_CLEAR
PAIR-002086,G-015,G-078,G-015|G-078,0.0000,740.6396,BBOX_CLEAR
PAIR-002087,G-015,G-079,G-015|G-079,0.0000,721.6072,BBOX_CLEAR
PAIR-002088,G-015,G-080,G-015|G-080,0.0000,720.8009,BBOX_CLEAR
PAIR-002089,G-015,G-081,G-015|G-081,0.0000,700.4849,BBOX_CLEAR
PAIR-002090,G-015,G-082,G-015|G-082,0.0000,677.4423,BBOX_CLEAR
PAIR-002091,G-015,G-083,G-015|G-083,0.0000,677.8873,BBOX_CLEAR
PAIR-002092,G-015,G-084,G-015|G-084,0.0000,653.6966,BBOX_CLEAR
PAIR-002093,G-015,G-085,G-015|G-085,0.0000,625.4325,BBOX_CLEAR
PAIR-002094,G-015,G-086,G-015|G-086,0.0000,601.9239,BBOX_CLEAR
PAIR-002095,G-015,G-087,G-015|G-087,0.0000,587.5178,BBOX_CLEAR
PAIR-002096,G-015,G-088,G-015|G-088,0.0000,606.3085,BBOX_CLEAR
PAIR-002097,G-015,G-089,G-015|G-089,0.0000,580.6849,BBOX_CLEAR
PAIR-002098,G-015,G-090,G-015|G-090,0.0000,567.9198,BBOX_CLEAR
PAIR-002099,G-015,G-091,G-015|G-091,0.0000,545.8681,BBOX_CLEAR
PAIR-002100,G-015,G-092,G-015|G-092,0.0000,528.3084,BBOX_CLEAR
PAIR-002101,G-015,G-093,G-015|G-093,0.0000,515.5570,BBOX_CLEAR
PAIR-002102,G-015,G-094,G-015|G-094,0.0000,536.9165,BBOX_CLEAR
PAIR-002103,G-015,G-095,G-015|G-095,0.0000,512.0840,BBOX_CLEAR
PAIR-002104,G-015,G-096,G-015|G-096,0.0000,503.0664,BBOX_CLEAR
PAIR-002105,G-015,G-097,G-015|G-097,0.0000,498.3034,BBOX_CLEAR
PAIR-002106,G-015,G-098,G-015|G-098,0.0000,490.3068,BBOX_CLEAR
PAIR-002107,G-015,G-099,G-015|G-099,0.0000,482.4799,BBOX_CLEAR
PAIR-002108,G-015,G-100,G-015|G-100,0.0000,1150.3936,BBOX_CLEAR
PAIR-002109,G-015,G-101,G-015|G-101,0.0000,1130.9888,BBOX_CLEAR
PAIR-002110,G-015,G-102,G-015|G-102,0.0000,1120.8773,BBOX_CLEAR
PAIR-002111,G-015,G-103,G-015|G-103,0.0000,1102.8086,BBOX_CLEAR
PAIR-002112,G-015,G-104,G-015|G-104,0.0000,1029.9419,BBOX_CLEAR
PAIR-002113,G-015,G-105,G-015|G-105,0.0000,994.5245,BBOX_CLEAR
PAIR-002114,G-015,G-106,G-015|G-106,0.0000,959.5957,BBOX_CLEAR
PAIR-002115,G-015,G-107,G-015|G-107,0.0000,925.2109,BBOX_CLEAR
PAIR-002116,G-015,G-108,G-015|G-108,0.0000,891.4331,BBOX_CLEAR
PAIR-002117,G-015,G-109,G-015|G-109,0.0000,858.3338,BBOX_CLEAR
PAIR-002118,G-015,G-110,G-015|G-110,0.0000,825.9947,BBOX_CLEAR
PAIR-002119,G-015,G-111,G-015|G-111,0.0000,794.5086,BBOX_CLEAR
PAIR-002120,G-015,G-112,G-015|G-112,0.0000,763.9810,BBOX_CLEAR
PAIR-002121,G-015,G-113,G-015|G-113,0.0000,734.5313,BBOX_CLEAR
PAIR-002122,G-015,G-114,G-015|G-114,0.0000,706.2944,BBOX_CLEAR
PAIR-002123,G-015,G-115,G-015|G-115,0.0000,679.4217,BBOX_CLEAR
PAIR-002124,G-015,G-116,G-015|G-116,0.0000,654.0811,BBOX_CLEAR
PAIR-002125,G-015,G-117,G-015|G-117,0.0000,630.4576,BBOX_CLEAR
PAIR-002126,G-015,G-118,G-015|G-118,0.0000,608.7510,BBOX_CLEAR
PAIR-002127,G-015,G-119,G-015|G-119,0.0000,589.1732,BBOX_CLEAR
PAIR-002128,G-015,G-120,G-015|G-120,0.0000,571.9429,BBOX_CLEAR
PAIR-002129,G-015,G-121,G-015|G-121,0.0000,557.2779,BBOX_CLEAR
PAIR-002130,G-015,G-122,G-015|G-122,0.0000,545.3851,BBOX_CLEAR
PAIR-002131,G-015,G-123,G-015|G-123,0.0000,536.4490,BBOX_CLEAR
PAIR-002132,G-015,G-124,G-015|G-124,0.0000,530.6190,BBOX_CLEAR
PAIR-002133,G-015,G-125,G-015|G-125,0.0000,527.9979,BBOX_CLEAR
PAIR-002134,G-015,G-126,G-015|G-126,0.0000,527.8460,BBOX_CLEAR
PAIR-002135,G-015,G-127,G-015|G-127,0.0000,527.8460,BBOX_CLEAR
PAIR-002136,G-015,G-128,G-015|G-128,0.0000,528.8251,BBOX_CLEAR
PAIR-002137,G-015,G-129,G-015|G-129,0.0000,532.9631,BBOX_CLEAR
PAIR-002138,G-015,G-130,G-015|G-130,0.0000,540.2681,BBOX_CLEAR
PAIR-002139,G-015,G-131,G-015|G-131,0.0000,550.6142,BBOX_CLEAR
PAIR-002140,G-015,G-132,G-015|G-132,0.0000,563.8339,BBOX_CLEAR
PAIR-002141,G-015,G-133,G-015|G-133,0.0000,579.7306,BBOX_CLEAR
PAIR-002142,G-015,G-134,G-015|G-134,0.0000,598.0911,BBOX_CLEAR
PAIR-002143,G-015,G-135,G-015|G-135,0.0000,618.6959,BBOX_CLEAR
PAIR-002144,G-015,P-001,G-015|P-001,0.0000,223.9913,BBOX_CLEAR
PAIR-002145,G-015,P-002,G-015|P-002,0.0000,256.2984,BBOX_CLEAR
PAIR-002146,G-015,P-003,G-015|P-003,0.0000,533.4408,BBOX_CLEAR
PAIR-002147,G-015,P-004,G-015|P-004,0.0000,537.9258,BBOX_CLEAR
PAIR-002148,G-015,P-005,G-015|P-005,0.0000,374.5282,BBOX_CLEAR
PAIR-002149,G-015,P-006,G-015|P-006,0.0000,254.6667,BBOX_CLEAR
PAIR-002150,G-015,P-007,G-015|P-007,0.0000,178.2342,BBOX_CLEAR
PAIR-002151,G-015,P-008,G-015|P-008,0.0000,253.5457,BBOX_CLEAR
PAIR-002152,G-015,P-009,G-015|P-009,0.0000,174.1256,BBOX_CLEAR
PAIR-002153,G-015,P-010,G-015|P-010,0.0000,168.3208,BBOX_CLEAR
PAIR-002154,G-015,P-011,G-015|P-011,0.0000,137.8159,BBOX_CLEAR
PAIR-002155,G-015,P-012,G-015|P-012,0.0000,199.3809,BBOX_CLEAR
PAIR-002156,G-015,P-013,G-015|P-013,0.0000,290.0833,BBOX_CLEAR
PAIR-002157,G-015,P-014,G-015|P-014,0.0000,284.2373,BBOX_CLEAR
PAIR-002158,G-015,P-015,G-015|P-015,0.0000,45.1972,BBOX_CLEAR
PAIR-002159,G-015,P-016,G-015|P-016,0.0000,45.1972,BBOX_CLEAR
PAIR-002160,G-015,P-017,G-015|P-017,0.0000,71.7408,BBOX_CLEAR
PAIR-002161,G-016,G-017,G-016|G-017,0.0000,0.0000,BBOX_WITHIN_8PX
PAIR-002162,G-016,G-018,G-016|G-018,0.0000,38.1901,BBOX_CLEAR
PAIR-002163,G-016,G-019,G-016|G-019,0.0000,76.3802,BBOX_CLEAR
PAIR-002164,G-016,G-020,G-016|G-020,0.0000,114.5702,BBOX_CLEAR
PAIR-002165,G-016,G-021,G-016|G-021,0.0000,152.7603,BBOX_CLEAR
PAIR-002166,G-016,G-022,G-016|G-022,0.0000,190.9504,BBOX_CLEAR
PAIR-002167,G-016,G-023,G-016|G-023,0.0000,307.3987,BBOX_CLEAR
PAIR-002168,G-016,G-024,G-016|G-024,0.0000,284.8840,BBOX_CLEAR
PAIR-002169,G-016,G-025,G-016|G-025,0.0000,270.1734,BBOX_CLEAR
PAIR-002170,G-016,G-026,G-016|G-026,0.0000,247.9708,BBOX_CLEAR
PAIR-002171,G-016,G-027,G-016|G-027,0.0000,232.6749,BBOX_CLEAR
PAIR-002172,G-016,G-028,G-016|G-028,0.0000,378.3522,BBOX_CLEAR
PAIR-002173,G-016,G-029,G-016|G-029,0.0000,369.7488,BBOX_CLEAR
PAIR-002174,G-016,G-030,G-016|G-030,0.0000,356.6381,BBOX_CLEAR
PAIR-002175,G-016,G-031,G-016|G-031,0.0000,340.9053,BBOX_CLEAR
PAIR-002176,G-016,G-032,G-016|G-032,0.0000,71.1927,BBOX_CLEAR
PAIR-002177,G-016,G-033,G-016|G-033,0.0000,63.5791,BBOX_CLEAR
PAIR-002178,G-016,G-034,G-016|G-034,0.0000,40.2424,BBOX_CLEAR
PAIR-002179,G-016,G-035,G-016|G-035,0.0000,39.0747,BBOX_CLEAR
PAIR-002180,G-016,G-036,G-016|G-036,0.0000,39.0747,BBOX_CLEAR
PAIR-002181,G-016,G-037,G-016|G-037,0.0000,39.0747,BBOX_CLEAR
PAIR-002182,G-016,G-038,G-016|G-038,0.0000,44.4714,BBOX_CLEAR
PAIR-002183,G-016,G-039,G-016|G-039,0.0000,44.0938,BBOX_CLEAR
PAIR-002184,G-016,G-040,G-016|G-040,0.0000,67.7497,BBOX_CLEAR
PAIR-002185,G-016,G-041,G-016|G-041,0.0000,94.4438,BBOX_CLEAR
PAIR-002186,G-016,G-042,G-016|G-042,0.0000,101.3583,BBOX_CLEAR
PAIR-002187,G-016,G-043,G-016|G-043,0.0000,112.2910,BBOX_CLEAR
PAIR-002188,G-016,G-044,G-016|G-044,0.0000,130.9322,BBOX_CLEAR
PAIR-002189,G-016,G-045,G-016|G-045,0.0000,169.5900,BBOX_CLEAR
PAIR-002190,G-016,G-046,G-016|G-046,0.0000,542.1994,BBOX_CLEAR
PAIR-002191,G-016,G-047,G-016|G-047,0.0000,503.0590,BBOX_CLEAR
PAIR-002192,G-016,G-048,G-016|G-048,0.0000,479.0685,BBOX_CLEAR
PAIR-002193,G-016,G-049,G-016|G-049,0.0000,460.4251,BBOX_CLEAR
PAIR-002194,G-016,G-050,G-016|G-050,0.0000,451.2184,BBOX_CLEAR
PAIR-002195,G-016,G-051,G-016|G-051,0.0000,432.6640,BBOX_CLEAR
PAIR-002196,G-016,G-052,G-016|G-052,0.0000,423.5056,BBOX_CLEAR
PAIR-002197,G-016,G-053,G-016|G-053,0.0000,398.8536,BBOX_CLEAR
PAIR-002198,G-016,G-054,G-016|G-054,0.0000,389.7689,BBOX_CLEAR
PAIR-002199,G-016,G-055,G-016|G-055,0.0000,371.4868,BBOX_CLEAR
PAIR-002200,G-016,G-056,G-016|G-056,0.0000,353.3147,BBOX_CLEAR
PAIR-002201,G-016,G-057,G-016|G-057,0.0000,340.2869,BBOX_CLEAR
PAIR-002202,G-016,G-058,G-016|G-058,0.0000,758.4299,BBOX_CLEAR
PAIR-002203,G-016,G-059,G-016|G-059,0.0000,744.6413,BBOX_CLEAR
PAIR-002204,G-016,G-060,G-016|G-060,0.0000,861.8939,BBOX_CLEAR
PAIR-002205,G-016,G-061,G-016|G-061,0.0000,847.4084,BBOX_CLEAR
PAIR-002206,G-016,G-062,G-016|G-062,0.0000,964.7091,BBOX_CLEAR
PAIR-002207,G-016,G-063,G-016|G-063,0.0000,950.3347,BBOX_CLEAR
PAIR-002208,G-016,G-064,G-016|G-064,0.0000,175.0223,BBOX_CLEAR
PAIR-002209,G-016,G-065,G-016|G-065,0.0000,195.1255,BBOX_CLEAR
PAIR-002210,G-016,G-066,G-016|G-066,0.0000,348.8224,BBOX_CLEAR
PAIR-002211,G-016,G-067,G-016|G-067,0.0000,322.4167,BBOX_CLEAR
PAIR-002212,G-016,G-068,G-016|G-068,0.0000,306.0272,BBOX_CLEAR
PAIR-002213,G-016,G-069,G-016|G-069,0.0000,1043.9250,BBOX_CLEAR
PAIR-002214,G-016,G-070,G-016|G-070,0.0000,1037.8027,BBOX_CLEAR
PAIR-002215,G-016,G-071,G-016|G-071,0.0000,993.1036,BBOX_CLEAR
PAIR-002216,G-016,G-072,G-016|G-072,0.0000,967.3999,BBOX_CLEAR
PAIR-002217,G-016,G-073,G-016|G-073,0.0000,962.1446,BBOX_CLEAR
PAIR-002218,G-016,G-074,G-016|G-074,0.0000,917.6346,BBOX_CLEAR
PAIR-002219,G-016,G-075,G-016|G-075,0.0000,892.5272,BBOX_CLEAR
PAIR-002220,G-016,G-076,G-016|G-076,0.0000,888.2292,BBOX_CLEAR
PAIR-002221,G-016,G-077,G-016|G-077,0.0000,784.4614,BBOX_CLEAR
PAIR-002222,G-016,G-078,G-016|G-078,0.0000,771.2060,BBOX_CLEAR
PAIR-002223,G-016,G-079,G-016|G-079,0.0000,751.7155,BBOX_CLEAR
PAIR-002224,G-016,G-080,G-016|G-080,0.0000,750.1785,BBOX_CLEAR
PAIR-002225,G-016,G-081,G-016|G-081,0.0000,730.0307,BBOX_CLEAR
PAIR-002226,G-016,G-082,G-016|G-082,0.0000,706.2983,BBOX_CLEAR
PAIR-002227,G-016,G-083,G-016|G-083,0.0000,705.9158,BBOX_CLEAR
PAIR-002228,G-016,G-084,G-016|G-084,0.0000,681.7420,BBOX_CLEAR
PAIR-002229,G-016,G-085,G-016|G-085,0.0000,652.3488,BBOX_CLEAR
PAIR-002230,G-016,G-086,G-016|G-086,0.0000,627.7278,BBOX_CLEAR
PAIR-002231,G-016,G-087,G-016|G-087,0.0000,612.9721,BBOX_CLEAR
PAIR-002232,G-016,G-088,G-016|G-088,0.0000,631.0252,BBOX_CLEAR
PAIR-002233,G-016,G-089,G-016|G-089,0.0000,605.3091,BBOX_CLEAR
PAIR-002234,G-016,G-090,G-016|G-090,0.0000,591.7349,BBOX_CLEAR
PAIR-002235,G-016,G-091,G-016|G-091,0.0000,568.0580,BBOX_CLEAR
PAIR-002236,G-016,G-092,G-016|G-092,0.0000,548.9333,BBOX_CLEAR
PAIR-002237,G-016,G-093,G-016|G-093,0.0000,535.5792,BBOX_CLEAR
PAIR-002238,G-016,G-094,G-016|G-094,0.0000,556.1966,BBOX_CLEAR
PAIR-002239,G-016,G-095,G-016|G-095,0.0000,530.9639,BBOX_CLEAR
PAIR-002240,G-016,G-096,G-016|G-096,0.0000,520.8070,BBOX_CLEAR
PAIR-002241,G-016,G-097,G-016|G-097,0.0000,515.3792,BBOX_CLEAR
PAIR-002242,G-016,G-098,G-016|G-098,0.0000,506.1440,BBOX_CLEAR
PAIR-002243,G-016,G-099,G-016|G-099,0.0000,496.9131,BBOX_CLEAR
PAIR-002244,G-016,G-100,G-016|G-100,0.0000,1184.7002,BBOX_CLEAR
PAIR-002245,G-016,G-101,G-016|G-101,0.0000,1164.8734,BBOX_CLEAR
PAIR-002246,G-016,G-102,G-016|G-102,0.0000,1154.6798,BBOX_CLEAR
PAIR-002247,G-016,G-103,G-016|G-103,0.0000,1136.4580,BBOX_CLEAR
PAIR-002248,G-016,G-104,G-016|G-104,0.0000,1062.9154,BBOX_CLEAR
PAIR-002249,G-016,G-105,G-016|G-105,0.0000,1027.0916,BBOX_CLEAR
PAIR-002250,G-016,G-106,G-016|G-106,0.0000,991.7115,BBOX_CLEAR
PAIR-002251,G-016,G-107,G-016|G-107,0.0000,956.8241,BBOX_CLEAR
PAIR-002252,G-016,G-108,G-016|G-108,0.0000,922.4854,BBOX_CLEAR
PAIR-002253,G-016,G-109,G-016|G-109,0.0000,888.7591,BBOX_CLEAR
PAIR-002254,G-016,G-110,G-016|G-110,0.0000,855.7175,BBOX_CLEAR
PAIR-002255,G-016,G-111,G-016|G-111,0.0000,823.4431,BBOX_CLEAR
PAIR-002256,G-016,G-112,G-016|G-112,0.0000,792.0296,BBOX_CLEAR
PAIR-002257,G-016,G-113,G-016|G-113,0.0000,761.5836,BBOX_CLEAR
PAIR-002258,G-016,G-114,G-016|G-114,0.0000,732.2258,BBOX_CLEAR
PAIR-002259,G-016,G-115,G-016|G-115,0.0000,704.0923,BBOX_CLEAR
PAIR-002260,G-016,G-116,G-016|G-116,0.0000,677.3357,BBOX_CLEAR
PAIR-002261,G-016,G-117,G-016|G-117,0.0000,652.1255,BBOX_CLEAR
PAIR-002262,G-016,G-118,G-016|G-118,0.0000,628.6477,BBOX_CLEAR
PAIR-002263,G-016,G-119,G-016|G-119,0.0000,607.1035,BBOX_CLEAR
PAIR-002264,G-016,G-120,G-016|G-120,0.0000,587.7054,BBOX_CLEAR
PAIR-002265,G-016,G-121,G-016|G-121,0.0000,570.6724,BBOX_CLEAR
PAIR-002266,G-016,G-122,G-016|G-122,0.0000,556.2218,BBOX_CLEAR
PAIR-002267,G-016,G-123,G-016|G-123,0.0000,544.5592,BBOX_CLEAR
PAIR-002268,G-016,G-124,G-016|G-124,0.0000,535.8666,BBOX_CLEAR
PAIR-002269,G-016,G-125,G-016|G-125,0.0000,530.2902,BBOX_CLEAR
PAIR-002270,G-016,G-126,G-016|G-126,0.0000,527.9287,BBOX_CLEAR
PAIR-002271,G-016,G-127,G-016|G-127,0.0000,527.8460,BBOX_CLEAR
PAIR-002272,G-016,G-128,G-016|G-128,0.0000,527.8460,BBOX_CLEAR
PAIR-002273,G-016,G-129,G-016|G-129,0.0000,529.0375,BBOX_CLEAR
PAIR-002274,G-016,G-130,G-016|G-130,0.0000,533.4323,BBOX_CLEAR
PAIR-002275,G-016,G-131,G-016|G-131,0.0000,540.9859,BBOX_CLEAR
PAIR-002276,G-016,G-132,G-016|G-132,0.0000,551.5685,BBOX_CLEAR
PAIR-002277,G-016,G-133,G-016|G-133,0.0000,565.0099,BBOX_CLEAR
PAIR-002278,G-016,G-134,G-016|G-134,0.0000,581.1117,BBOX_CLEAR
PAIR-002279,G-016,G-135,G-016|G-135,0.0000,599.6598,BBOX_CLEAR
PAIR-002280,G-016,P-001,G-016|P-001,0.0000,223.9913,BBOX_CLEAR
PAIR-002281,G-016,P-002,G-016|P-002,0.0000,238.1185,BBOX_CLEAR
PAIR-002282,G-016,P-003,G-016|P-003,0.0000,571.6309,BBOX_CLEAR
PAIR-002283,G-016,P-004,G-016|P-004,0.0000,575.3381,BBOX_CLEAR
PAIR-002284,G-016,P-005,G-016|P-005,0.0000,410.9700,BBOX_CLEAR
PAIR-002285,G-016,P-006,G-016|P-006,0.0000,292.1193,BBOX_CLEAR
PAIR-002286,G-016,P-007,G-016|P-007,0.0000,216.3678,BBOX_CLEAR
PAIR-002287,G-016,P-008,G-016|P-008,0.0000,289.7792,BBOX_CLEAR
PAIR-002288,G-016,P-009,G-016|P-009,0.0000,212.3128,BBOX_CLEAR
PAIR-002289,G-016,P-010,G-016|P-010,0.0000,206.5109,BBOX_CLEAR
PAIR-002290,G-016,P-011,G-016|P-011,0.0000,175.9660,BBOX_CLEAR
PAIR-002291,G-016,P-012,G-016|P-012,0.0000,235.9337,BBOX_CLEAR
PAIR-002292,G-016,P-013,G-016|P-013,0.0000,306.4228,BBOX_CLEAR
PAIR-002293,G-016,P-014,G-016|P-014,0.0000,299.9016,BBOX_CLEAR
PAIR-002294,G-016,P-015,G-016|P-015,0.0000,83.3872,BBOX_CLEAR
PAIR-002295,G-016,P-016,G-016|P-016,0.0000,83.3872,BBOX_CLEAR
PAIR-002296,G-016,P-017,G-016|P-017,0.0000,100.2865,BBOX_CLEAR
PAIR-002297,G-017,G-018,G-017|G-018,0.0000,0.0000,BBOX_WITHIN_8PX
PAIR-002298,G-017,G-019,G-017|G-019,0.0000,38.1901,BBOX_CLEAR
PAIR-002299,G-017,G-020,G-017|G-020,0.0000,76.3802,BBOX_CLEAR
PAIR-002300,G-017,G-021,G-017|G-021,0.0000,114.5703,BBOX_CLEAR
PAIR-002301,G-017,G-022,G-017|G-022,0.0000,152.7603,BBOX_CLEAR
PAIR-002302,G-017,G-023,G-017|G-023,0.0000,345.5888,BBOX_CLEAR
PAIR-002303,G-017,G-024,G-017|G-024,0.0000,323.0741,BBOX_CLEAR
PAIR-002304,G-017,G-025,G-017|G-025,0.0000,308.3635,BBOX_CLEAR
PAIR-002305,G-017,G-026,G-017|G-026,0.0000,286.1609,BBOX_CLEAR
PAIR-002306,G-017,G-027,G-017|G-027,0.0000,270.8650,BBOX_CLEAR
PAIR-002307,G-017,G-028,G-017|G-028,0.0000,416.5423,BBOX_CLEAR
PAIR-002308,G-017,G-029,G-017|G-029,0.0000,407.9389,BBOX_CLEAR
PAIR-002309,G-017,G-030,G-017|G-030,0.0000,394.8282,BBOX_CLEAR
PAIR-002310,G-017,G-031,G-017|G-031,0.0000,379.0953,BBOX_CLEAR
PAIR-002311,G-017,G-032,G-017|G-032,0.0000,105.2252,BBOX_CLEAR
PAIR-002312,G-017,G-033,G-017|G-033,0.0000,96.6002,BBOX_CLEAR
PAIR-002313,G-017,G-034,G-017|G-034,0.0000,61.7495,BBOX_CLEAR
PAIR-002314,G-017,G-035,G-017|G-035,0.0000,44.6919,BBOX_CLEAR
PAIR-002315,G-017,G-036,G-017|G-036,0.0000,39.4439,BBOX_CLEAR
PAIR-002316,G-017,G-037,G-017|G-037,0.0000,39.0747,BBOX_CLEAR
PAIR-002317,G-017,G-038,G-017|G-038,0.0000,39.0747,BBOX_CLEAR
PAIR-002318,G-017,G-039,G-017|G-039,0.0000,23.7402,BBOX_CLEAR
PAIR-002319,G-017,G-040,G-017|G-040,0.0000,42.9661,BBOX_CLEAR
PAIR-002320,G-017,G-041,G-017|G-041,0.0000,67.5249,BBOX_CLEAR
PAIR-002321,G-017,G-042,G-017|G-042,0.0000,72.5969,BBOX_CLEAR
PAIR-002322,G-017,G-043,G-017|G-043,0.0000,81.4001,BBOX_CLEAR
PAIR-002323,G-017,G-044,G-017|G-044,0.0000,95.1674,BBOX_CLEAR
PAIR-002324,G-017,G-045,G-017|G-045,0.0000,132.7195,BBOX_CLEAR
PAIR-002325,G-017,G-046,G-017|G-046,0.0000,579.4621,BBOX_CLEAR
PAIR-002326,G-017,G-047,G-017|G-047,0.0000,540.1747,BBOX_CLEAR
PAIR-002327,G-017,G-048,G-017|G-048,0.0000,516.0761,BBOX_CLEAR
PAIR-002328,G-017,G-049,G-017|G-049,0.0000,497.3367,BBOX_CLEAR
PAIR-002329,G-017,G-050,G-017|G-050,0.0000,488.0783,BBOX_CLEAR
PAIR-002330,G-017,G-051,G-017|G-051,0.0000,469.4094,BBOX_CLEAR
PAIR-002331,G-017,G-052,G-017|G-052,0.0000,460.1889,BBOX_CLEAR
PAIR-002332,G-017,G-053,G-017|G-053,0.0000,435.3482,BBOX_CLEAR
PAIR-002333,G-017,G-054,G-017|G-054,0.0000,426.1848,BBOX_CLEAR
PAIR-002334,G-017,G-055,G-017|G-055,0.0000,407.7264,BBOX_CLEAR
PAIR-002335,G-017,G-056,G-017|G-056,0.0000,389.3512,BBOX_CLEAR
PAIR-002336,G-017,G-057,G-017|G-057,0.0000,376.1573,BBOX_CLEAR
PAIR-002337,G-017,G-058,G-017|G-058,0.0000,796.1411,BBOX_CLEAR
PAIR-002338,G-017,G-059,G-017|G-059,0.0000,782.1854,BBOX_CLEAR
PAIR-002339,G-017,G-060,G-017|G-060,0.0000,899.7933,BBOX_CLEAR
PAIR-002340,G-017,G-061,G-017|G-061,0.0000,885.1951,BBOX_CLEAR
PAIR-002341,G-017,G-062,G-017|G-062,0.0000,1002.5610,BBOX_CLEAR
PAIR-002342,G-017,G-063,G-017|G-063,0.0000,988.0785,BBOX_CLEAR
PAIR-002343,G-017,G-064,G-017|G-064,0.0000,167.4174,BBOX_CLEAR
PAIR-002344,G-017,G-065,G-017|G-065,0.0000,183.5686,BBOX_CLEAR
PAIR-002345,G-017,G-066,G-017|G-066,0.0000,372.1903,BBOX_CLEAR
PAIR-002346,G-017,G-067,G-017|G-067,0.0000,342.3003,BBOX_CLEAR
PAIR-002347,G-017,G-068,G-017|G-068,0.0000,322.4167,BBOX_CLEAR
PAIR-002348,G-017,G-069,G-017|G-069,0.0000,1078.5335,BBOX_CLEAR
PAIR-002349,G-017,G-070,G-017|G-070,0.0000,1072.0746,BBOX_CLEAR
PAIR-002350,G-017,G-071,G-017|G-071,0.0000,1027.3197,BBOX_CLEAR
PAIR-002351,G-017,G-072,G-017|G-072,0.0000,1001.3917,BBOX_CLEAR
PAIR-002352,G-017,G-073,G-017|G-073,0.0000,995.7415,BBOX_CLEAR
PAIR-002353,G-017,G-074,G-017|G-074,0.0000,951.1327,BBOX_CLEAR
PAIR-002354,G-017,G-075,G-017|G-075,0.0000,925.7412,BBOX_CLEAR
PAIR-002355,G-017,G-076,G-017|G-076,0.0000,920.9752,BBOX_CLEAR
PAIR-002356,G-017,G-077,G-017|G-077,0.0000,815.9373,BBOX_CLEAR
PAIR-002357,G-017,G-078,G-017|G-078,0.0000,802.4258,BBOX_CLEAR
PAIR-002358,G-017,G-079,G-017|G-079,0.0000,782.5295,BBOX_CLEAR
PAIR-002359,G-017,G-080,G-017|G-080,0.0000,780.3196,BBOX_CLEAR
PAIR-002360,G-017,G-081,G-017|G-081,0.0000,760.3470,BBOX_CLEAR
PAIR-002361,G-017,G-082,G-017|G-082,0.0000,736.0052,BBOX_CLEAR
PAIR-002362,G-017,G-083,G-017|G-083,0.0000,734.8606,BBOX_CLEAR
PAIR-002363,G-017,G-084,G-017|G-084,0.0000,710.7335,BBOX_CLEAR
PAIR-002364,G-017,G-085,G-017|G-085,0.0000,680.3447,BBOX_CLEAR
PAIR-002365,G-017,G-086,G-017|G-086,0.0000,654.7435,BBOX_CLEAR
PAIR-002366,G-017,G-087,G-017|G-087,0.0000,639.6948,BBOX_CLEAR
PAIR-002367,G-017,G-088,G-017|G-088,0.0000,657.0331,BBOX_CLEAR
PAIR-002368,G-017,G-089,G-017|G-089,0.0000,631.2846,BBOX_CLEAR
PAIR-002369,G-017,G-090,G-017|G-090,0.0000,616.9964,BBOX_CLEAR
PAIR-002370,G-017,G-091,G-017|G-091,0.0000,591.8823,BBOX_CLEAR
PAIR-002371,G-017,G-092,G-017|G-092,0.0000,571.3692,BBOX_CLEAR
PAIR-002372,G-017,G-093,G-017|G-093,0.0000,557.5016,BBOX_CLEAR
PAIR-002373,G-017,G-094,G-017|G-094,0.0000,577.3621,BBOX_CLEAR
PAIR-002374,G-017,G-095,G-017|G-095,0.0000,551.8444,BBOX_CLEAR
PAIR-002375,G-017,G-096,G-017|G-096,0.0000,540.6672,BBOX_CLEAR
PAIR-002376,G-017,G-097,G-017|G-097,0.0000,534.6421,BBOX_CLEAR
PAIR-002377,G-017,G-098,G-017|G-098,0.0000,524.2897,BBOX_CLEAR
PAIR-002378,G-017,G-099,G-017|G-099,0.0000,513.7854,BBOX_CLEAR
PAIR-002379,G-017,G-100,G-017|G-100,0.0000,1219.2378,BBOX_CLEAR
PAIR-002380,G-017,G-101,G-017|G-101,0.0000,1199.0170,BBOX_CLEAR
PAIR-002381,G-017,G-102,G-017|G-102,0.0000,1188.7480,BBOX_CLEAR
PAIR-002382,G-017,G-103,G-017|G-103,0.0000,1170.3862,BBOX_CLEAR
PAIR-002383,G-017,G-104,G-017|G-104,0.0000,1096.2277,BBOX_CLEAR
PAIR-002384,G-017,G-105,G-017|G-105,0.0000,1060.0342,BBOX_CLEAR
PAIR-002385,G-017,G-106,G-017|G-106,0.0000,1024.2443,BBOX_CLEAR
PAIR-002386,G-017,G-107,G-017|G-107,0.0000,988.9016,BBOX_CLEAR
PAIR-002387,G-017,G-108,G-017|G-108,0.0000,954.0560,BBOX_CLEAR
PAIR-002388,G-017,G-109,G-017|G-109,0.0000,919.7639,BBOX_CLEAR
PAIR-002389,G-017,G-110,G-017|G-110,0.0000,886.0895,BBOX_CLEAR
PAIR-002390,G-017,G-111,G-017|G-111,0.0000,853.1061,BBOX_CLEAR
PAIR-002391,G-017,G-112,G-017|G-112,0.0000,820.8969,BBOX_CLEAR
PAIR-002392,G-017,G-113,G-017|G-113,0.0000,789.5567,BBOX_CLEAR
PAIR-002393,G-017,G-114,G-017|G-114,0.0000,759.1932,BBOX_CLEAR
PAIR-002394,G-017,G-115,G-017|G-115,0.0000,729.9281,BBOX_CLEAR
PAIR-002395,G-017,G-116,G-017|G-116,0.0000,701.8989,BBOX_CLEAR
PAIR-002396,G-017,G-117,G-017|G-117,0.0000,675.2596,BBOX_CLEAR
PAIR-002397,G-017,G-118,G-017|G-118,0.0000,650.1809,BBOX_CLEAR
PAIR-002398,G-017,G-119,G-017|G-119,0.0000,626.8503,BBOX_CLEAR
PAIR-002399,G-017,G-120,G-017|G-120,0.0000,605.4698,BBOX_CLEAR
PAIR-002400,G-017,G-121,G-017|G-121,0.0000,586.2528,BBOX_CLEAR
PAIR-002401,G-017,G-122,G-017|G-122,0.0000,569.4185,BBOX_CLEAR
PAIR-002402,G-017,G-123,G-017|G-123,0.0000,555.1836,BBOX_CLEAR
PAIR-002403,G-017,G-124,G-017|G-124,0.0000,543.7523,BBOX_CLEAR
PAIR-002404,G-017,G-125,G-017|G-125,0.0000,535.3042,BBOX_CLEAR
PAIR-002405,G-017,G-126,G-017|G-126,0.0000,529.9820,BBOX_CLEAR
PAIR-002406,G-017,G-127,G-017|G-127,0.0000,527.8803,BBOX_CLEAR
PAIR-002407,G-017,G-128,G-017|G-128,0.0000,527.8460,BBOX_CLEAR
PAIR-002408,G-017,G-129,G-017|G-129,0.0000,527.8460,BBOX_CLEAR
PAIR-002409,G-017,G-130,G-017|G-130,0.0000,529.2706,BBOX_CLEAR
PAIR-002410,G-017,G-131,G-017|G-131,0.0000,533.9218,BBOX_CLEAR
PAIR-002411,G-017,G-132,G-017|G-132,0.0000,541.7231,BBOX_CLEAR
PAIR-002412,G-017,G-133,G-017|G-133,0.0000,552.5411,BBOX_CLEAR
PAIR-002413,G-017,G-134,G-017|G-134,0.0000,566.2029,BBOX_CLEAR
PAIR-002414,G-017,G-135,G-017|G-135,0.0000,582.5085,BBOX_CLEAR
PAIR-002415,G-017,P-001,G-017|P-001,0.0000,223.9913,BBOX_CLEAR
PAIR-002416,G-017,P-002,G-017|P-002,0.0000,225.0088,BBOX_CLEAR
PAIR-002417,G-017,P-003,G-017|P-003,0.0000,609.8210,BBOX_CLEAR
PAIR-002418,G-017,P-004,G-017|P-004,0.0000,612.8465,BBOX_CLEAR
PAIR-002419,G-017,P-005,G-017|P-005,0.0000,447.7034,BBOX_CLEAR
PAIR-002420,G-017,P-006,G-017|P-006,0.0000,329.7411,BBOX_CLEAR
PAIR-002421,G-017,P-007,G-017|P-007,0.0000,254.5183,BBOX_CLEAR
PAIR-002422,G-017,P-008,G-017|P-008,0.0000,326.4590,BBOX_CLEAR
PAIR-002423,G-017,P-009,G-017|P-009,0.0000,250.5009,BBOX_CLEAR
PAIR-002424,G-017,P-010,G-017|P-010,0.0000,244.7010,BBOX_CLEAR
PAIR-002425,G-017,P-011,G-017|P-011,0.0000,214.1304,BBOX_CLEAR
PAIR-002426,G-017,P-012,G-017|P-012,0.0000,272.9353,BBOX_CLEAR
PAIR-002427,G-017,P-013,G-017|P-013,0.0000,326.4329,BBOX_CLEAR
PAIR-002428,G-017,P-014,G-017|P-014,0.0000,319.3870,BBOX_CLEAR
PAIR-002429,G-017,P-015,G-017|P-015,0.0000,121.5773,BBOX_CLEAR
PAIR-002430,G-017,P-016,G-017|P-016,0.0000,121.5773,BBOX_CLEAR
PAIR-002431,G-017,P-017,G-017|P-017,0.0000,133.7348,BBOX_CLEAR
PAIR-002432,G-018,G-019,G-018|G-019,0.0000,0.0000,BBOX_WITHIN_8PX
PAIR-002433,G-018,G-020,G-018|G-020,0.0000,38.1901,BBOX_CLEAR
PAIR-002434,G-018,G-021,G-018|G-021,0.0000,76.3802,BBOX_CLEAR
PAIR-002435,G-018,G-022,G-018|G-022,0.0000,114.5702,BBOX_CLEAR
PAIR-002436,G-018,G-023,G-018|G-023,0.0000,383.7789,BBOX_CLEAR
PAIR-002437,G-018,G-024,G-018|G-024,0.0000,361.2642,BBOX_CLEAR
PAIR-002438,G-018,G-025,G-018|G-025,0.0000,346.5535,BBOX_CLEAR
PAIR-002439,G-018,G-026,G-018|G-026,0.0000,324.3510,BBOX_CLEAR
PAIR-002440,G-018,G-027,G-018|G-027,0.0000,309.0551,BBOX_CLEAR
PAIR-002441,G-018,G-028,G-018|G-028,0.0000,454.7324,BBOX_CLEAR
PAIR-002442,G-018,G-029,G-018|G-029,0.0000,446.1290,BBOX_CLEAR
PAIR-002443,G-018,G-030,G-018|G-030,0.0000,433.0182,BBOX_CLEAR
PAIR-002444,G-018,G-031,G-018|G-031,0.0000,417.2854,BBOX_CLEAR
PAIR-002445,G-018,G-032,G-018|G-032,0.0000,141.3975,BBOX_CLEAR
PAIR-002446,G-018,G-033,G-018|G-033,0.0000,132.4306,BBOX_CLEAR
PAIR-002447,G-018,G-034,G-018|G-034,0.0000,94.4644,BBOX_CLEAR
PAIR-002448,G-018,G-035,G-018|G-035,0.0000,71.5030,BBOX_CLEAR
PAIR-002449,G-018,G-036,G-018|G-036,0.0000,58.5286,BBOX_CLEAR
PAIR-002450,G-018,G-037,G-018|G-037,0.0000,43.1446,BBOX_CLEAR
PAIR-002451,G-018,G-038,G-018|G-038,0.0000,39.0883,BBOX_CLEAR
PAIR-002452,G-018,G-039,G-018|G-039,0.0000,23.7402,BBOX_CLEAR
PAIR-002453,G-018,G-040,G-018|G-040,0.0000,39.5329,BBOX_CLEAR
PAIR-002454,G-018,G-041,G-018|G-041,0.0000,55.8258,BBOX_CLEAR
PAIR-002455,G-018,G-042,G-018|G-042,0.0000,56.4276,BBOX_CLEAR
PAIR-002456,G-018,G-043,G-018|G-043,0.0000,59.6628,BBOX_CLEAR
PAIR-002457,G-018,G-044,G-018|G-044,0.0000,62.3489,BBOX_CLEAR
PAIR-002458,G-018,G-045,G-018|G-045,0.0000,96.8768,BBOX_CLEAR
PAIR-002459,G-018,G-046,G-018|G-046,0.0000,616.8383,BBOX_CLEAR
PAIR-002460,G-018,G-047,G-018|G-047,0.0000,577.4306,BBOX_CLEAR
PAIR-002461,G-018,G-048,G-018|G-048,0.0000,553.2444,BBOX_CLEAR
PAIR-002462,G-018,G-049,G-018|G-049,0.0000,534.4280,BBOX_CLEAR
PAIR-002463,G-018,G-050,G-018|G-050,0.0000,525.1283,BBOX_CLEAR
PAIR-002464,G-018,G-051,G-018|G-051,0.0000,506.3687,BBOX_CLEAR
PAIR-002465,G-018,G-052,G-018|G-052,0.0000,497.0993,BBOX_CLEAR
PAIR-002466,G-018,G-053,G-018|G-053,0.0000,472.1111,BBOX_CLEAR
PAIR-002467,G-018,G-054,G-018|G-054,0.0000,462.8867,BBOX_CLEAR
PAIR-002468,G-018,G-055,G-018|G-055,0.0000,444.2929,BBOX_CLEAR
PAIR-002469,G-018,G-056,G-018|G-056,0.0000,425.7634,BBOX_CLEAR
PAIR-002470,G-018,G-057,G-018|G-057,0.0000,412.4444,BBOX_CLEAR
PAIR-002471,G-018,G-058,G-018|G-058,0.0000,833.8959,BBOX_CLEAR
PAIR-002472,G-018,G-059,G-018|G-059,0.0000,819.7892,BBOX_CLEAR
PAIR-002473,G-018,G-060,G-018|G-060,0.0000,937.7163,BBOX_CLEAR
PAIR-002474,G-018,G-061,G-018|G-061,0.0000,923.0149,BBOX_CLEAR
PAIR-002475,G-018,G-062,G-018|G-062,0.0000,1040.4375,BBOX_CLEAR
PAIR-002476,G-018,G-063,G-018|G-063,0.0000,1025.8552,BBOX_CLEAR
PAIR-002477,G-018,G-064,G-018|G-064,0.0000,166.7440,BBOX_CLEAR
PAIR-002478,G-018,G-065,G-018|G-065,0.0000,179.5490,BBOX_CLEAR
PAIR-002479,G-018,G-066,G-018|G-066,0.0000,397.8582,BBOX_CLEAR
PAIR-002480,G-018,G-067,G-018|G-067,0.0000,365.1073,BBOX_CLEAR
PAIR-002481,G-018,G-068,G-018|G-068,0.0000,342.3003,BBOX_CLEAR
PAIR-002482,G-018,G-069,G-018|G-069,0.0000,1113.3762,BBOX_CLEAR
PAIR-002483,G-018,G-070,G-018|G-070,0.0000,1106.6031,BBOX_CLEAR
PAIR-002484,G-018,G-071,G-018|G-071,0.0000,1061.8068,BBOX_CLEAR
PAIR-002485,G-018,G-072,G-018|G-072,0.0000,1035.6761,BBOX_CLEAR
PAIR-002486,G-018,G-073,G-018|G-073,0.0000,1029.6587,BBOX_CLEAR
PAIR-002487,G-018,G-074,G-018|G-074,0.0000,984.9723,BBOX_CLEAR
PAIR-002488,G-018,G-075,G-018|G-075,0.0000,959.3256,BBOX_CLEAR
PAIR-002489,G-018,G-076,G-018|G-076,0.0000,954.1261,BBOX_CLEAR
PAIR-002490,G-018,G-077,G-018|G-077,0.0000,847.9651,BBOX_CLEAR
PAIR-002491,G-018,G-078,G-018|G-078,0.0000,834.2258,BBOX_CLEAR
PAIR-002492,G-018,G-079,G-018|G-079,0.0000,813.9691,BBOX_CLEAR
PAIR-002493,G-018,G-080,G-018|G-080,0.0000,811.1390,BBOX_CLEAR
PAIR-002494,G-018,G-081,G-018|G-081,0.0000,791.3453,BBOX_CLEAR
PAIR-002495,G-018,G-082,G-018|G-082,0.0000,766.4639,BBOX_CLEAR
PAIR-002496,G-018,G-083,G-018|G-083,0.0000,764.6175,BBOX_CLEAR
PAIR-002497,G-018,G-084,G-018|G-084,0.0000,740.5599,BBOX_CLEAR
PAIR-002498,G-018,G-085,G-018|G-085,0.0000,709.2925,BBOX_CLEAR
PAIR-002499,G-018,G-086,G-018|G-086,0.0000,682.8271,BBOX_CLEAR
PAIR-002500,G-018,G-087,G-018|G-087,0.0000,667.5335,BBOX_CLEAR
PAIR-002501,G-018,G-088,G-018|G-088,0.0000,684.1851,BBOX_CLEAR
PAIR-002502,G-018,G-089,G-018|G-089,0.0000,658.4515,BBOX_CLEAR
PAIR-002503,G-018,G-090,G-018|G-090,0.0000,643.5338,BBOX_CLEAR
PAIR-002504,G-018,G-091,G-018|G-091,0.0000,617.1519,BBOX_CLEAR
PAIR-002505,G-018,G-092,G-018|G-092,0.0000,595.4114,BBOX_CLEAR
PAIR-002506,G-018,G-093,G-018|G-093,0.0000,581.1093,BBOX_CLEAR
PAIR-002507,G-018,G-094,G-018|G-094,0.0000,600.2135,BBOX_CLEAR
PAIR-002508,G-018,G-095,G-018|G-095,0.0000,574.5074,BBOX_CLEAR
PAIR-002509,G-018,G-096,G-018|G-096,0.0000,562.4225,BBOX_CLEAR
PAIR-002510,G-018,G-097,G-018|G-097,0.0000,555.8647,BBOX_CLEAR
PAIR-002511,G-018,G-098,G-018|G-098,0.0000,544.5131,BBOX_CLEAR
PAIR-002512,G-018,G-099,G-018|G-099,0.0000,532.8650,BBOX_CLEAR
PAIR-002513,G-018,G-100,G-018|G-100,0.0000,1253.9872,BBOX_CLEAR
PAIR-002514,G-018,G-101,G-018|G-101,0.0000,1233.3978,BBOX_CLEAR
PAIR-002515,G-018,G-102,G-018|G-102,0.0000,1223.0598,BBOX_CLEAR
PAIR-002516,G-018,G-103,G-018|G-103,0.0000,1204.5696,BBOX_CLEAR
PAIR-002517,G-018,G-104,G-018|G-104,0.0000,1129.8486,BBOX_CLEAR
PAIR-002518,G-018,G-105,G-018|G-105,0.0000,1093.3182,BBOX_CLEAR
PAIR-002519,G-018,G-106,G-018|G-106,0.0000,1057.1556,BBOX_CLEAR
PAIR-002520,G-018,G-107,G-018|G-107,0.0000,1021.3997,BBOX_CLEAR
PAIR-002521,G-018,G-108,G-018|G-108,0.0000,986.0949,BBOX_CLEAR
PAIR-002522,G-018,G-109,G-018|G-109,0.0000,951.2914,BBOX_CLEAR
PAIR-002523,G-018,G-110,G-018|G-110,0.0000,917.0462,BBOX_CLEAR
PAIR-002524,G-018,G-111,G-018|G-111,0.0000,883.4243,BBOX_CLEAR
PAIR-002525,G-018,G-112,G-018|G-112,0.0000,850.4997,BBOX_CLEAR
PAIR-002526,G-018,G-113,G-018|G-113,0.0000,818.3564,BBOX_CLEAR
PAIR-002527,G-018,G-114,G-018|G-114,0.0000,787.0901,BBOX_CLEAR
PAIR-002528,G-018,G-115,G-018|G-115,0.0000,756.8098,BBOX_CLEAR
PAIR-002529,G-018,G-116,G-018|G-116,0.0000,727.6383,BBOX_CLEAR
PAIR-002530,G-018,G-117,G-018|G-117,0.0000,699.7144,BBOX_CLEAR
PAIR-002531,G-018,G-118,G-018|G-118,0.0000,673.1934,BBOX_CLEAR
PAIR-002532,G-018,G-119,G-018|G-119,0.0000,648.2475,BBOX_CLEAR
PAIR-002533,G-018,G-120,G-018|G-120,0.0000,625.0653,BBOX_CLEAR
PAIR-002534,G-018,G-121,G-018|G-121,0.0000,603.8499,BBOX_CLEAR
PAIR-002535,G-018,G-122,G-018|G-122,0.0000,584.8155,BBOX_CLEAR
PAIR-002536,G-018,G-123,G-018|G-123,0.0000,568.1812,BBOX_CLEAR
PAIR-002537,G-018,G-124,G-018|G-124,0.0000,554.1633,BBOX_CLEAR
PAIR-002538,G-018,G-125,G-018|G-125,0.0000,542.9645,BBOX_CLEAR
PAIR-002539,G-018,G-126,G-018|G-126,0.0000,534.7618,BBOX_CLEAR
PAIR-002540,G-018,G-127,G-018|G-127,0.0000,529.6945,BBOX_CLEAR
PAIR-002541,G-018,G-128,G-018|G-128,0.0000,527.8529,BBOX_CLEAR
PAIR-002542,G-018,G-129,G-018|G-129,0.0000,527.8460,BBOX_CLEAR
PAIR-002543,G-018,G-130,G-018|G-130,0.0000,527.8463,BBOX_CLEAR
PAIR-002544,G-018,G-131,G-018|G-131,0.0000,529.5245,BBOX_CLEAR
PAIR-002545,G-018,G-132,G-018|G-132,0.0000,534.4315,BBOX_CLEAR
PAIR-002546,G-018,G-133,G-018|G-133,0.0000,542.4796,BBOX_CLEAR
PAIR-002547,G-018,G-134,G-018|G-134,0.0000,553.5319,BBOX_CLEAR
PAIR-002548,G-018,G-135,G-018|G-135,0.0000,567.4129,BBOX_CLEAR
PAIR-002549,G-018,P-001,G-018|P-001,0.0000,223.9913,BBOX_CLEAR
PAIR-002550,G-018,P-002,G-018|P-002,0.0000,217.8863,BBOX_CLEAR
PAIR-002551,G-018,P-003,G-018|P-003,0.0000,648.0111,BBOX_CLEAR
PAIR-002552,G-018,P-004,G-018|P-004,0.0000,650.4341,BBOX_CLEAR
PAIR-002553,G-018,P-005,G-018|P-005,0.0000,484.6620,BBOX_CLEAR
PAIR-002554,G-018,P-006,G-018|P-006,0.0000,367.4802,BBOX_CLEAR
PAIR-002555,G-018,P-007,G-018|P-007,0.0000,292.6792,BBOX_CLEAR
PAIR-002556,G-018,P-008,G-018|P-008,0.0000,363.4501,BBOX_CLEAR
PAIR-002557,G-018,P-009,G-018|P-009,0.0000,288.6895,BBOX_CLEAR
PAIR-002558,G-018,P-010,G-018|P-010,0.0000,282.8911,BBOX_CLEAR
PAIR-002559,G-018,P-011,G-018|P-011,0.0000,252.3025,BBOX_CLEAR
PAIR-002560,G-018,P-012,G-018|P-012,0.0000,310.2250,BBOX_CLEAR
PAIR-002561,G-018,P-013,G-018|P-013,0.0000,349.4839,BBOX_CLEAR
PAIR-002562,G-018,P-014,G-018|P-014,0.0000,342.0411,BBOX_CLEAR
PAIR-002563,G-018,P-015,G-018|P-015,0.0000,159.7674,BBOX_CLEAR
PAIR-002564,G-018,P-016,G-018|P-016,0.0000,159.7674,BBOX_CLEAR
PAIR-002565,G-018,P-017,G-018|P-017,0.0000,169.2028,BBOX_CLEAR
PAIR-002566,G-019,G-020,G-019|G-020,0.0000,0.0000,BBOX_WITHIN_8PX
PAIR-002567,G-019,G-021,G-019|G-021,0.0000,38.1901,BBOX_CLEAR
PAIR-002568,G-019,G-022,G-019|G-022,0.0000,76.3801,BBOX_CLEAR
PAIR-002569,G-019,G-023,G-019|G-023,0.0000,421.9690,BBOX_CLEAR
PAIR-002570,G-019,G-024,G-019|G-024,0.0000,399.4543,BBOX_CLEAR
PAIR-002571,G-019,G-025,G-019|G-025,0.0000,384.7436,BBOX_CLEAR
PAIR-002572,G-019,G-026,G-019|G-026,0.0000,362.5411,BBOX_CLEAR
PAIR-002573,G-019,G-027,G-019|G-027,0.0000,347.2452,BBOX_CLEAR
PAIR-002574,G-019,G-028,G-019|G-028,0.0000,492.9225,BBOX_CLEAR
PAIR-002575,G-019,G-029,G-019|G-029,0.0000,484.3190,BBOX_CLEAR
PAIR-002576,G-019,G-030,G-019|G-030,0.0000,471.2083,BBOX_CLEAR
PAIR-002577,G-019,G-031,G-019|G-031,0.0000,455.4755,BBOX_CLEAR
PAIR-002578,G-019,G-032,G-019|G-032,0.0000,178.4128,BBOX_CLEAR
PAIR-002579,G-019,G-033,G-019|G-033,0.0000,169.2958,BBOX_CLEAR
PAIR-002580,G-019,G-034,G-019|G-034,0.0000,130.1960,BBOX_CLEAR
PAIR-002581,G-019,G-035,G-019|G-035,0.0000,105.5697,BBOX_CLEAR
PAIR-002582,G-019,G-036,G-019|G-036,0.0000,90.6219,BBOX_CLEAR
PAIR-002583,G-019,G-037,G-019|G-037,0.0000,68.6815,BBOX_CLEAR
PAIR-002584,G-019,G-038,G-019|G-038,0.0000,55.3635,BBOX_CLEAR
PAIR-002585,G-019,G-039,G-019|G-039,0.0000,32.9774,BBOX_CLEAR
PAIR-002586,G-019,G-040,G-019|G-040,0.0000,39.5334,BBOX_CLEAR
PAIR-002587,G-019,G-041,G-019|G-041,0.0000,55.8258,BBOX_CLEAR
PAIR-002588,G-019,G-042,G-019|G-042,0.0000,55.8258,BBOX_CLEAR
PAIR-002589,G-019,G-043,G-019|G-043,0.0000,55.8258,BBOX_CLEAR
PAIR-002590,G-019,G-044,G-019|G-044,0.0000,40.4338,BBOX_CLEAR
PAIR-002591,G-019,G-045,G-019|G-045,0.0000,63.8179,BBOX_CLEAR
PAIR-002592,G-019,G-046,G-019|G-046,0.0000,654.3084,BBOX_CLEAR
PAIR-002593,G-019,G-047,G-019|G-047,0.0000,614.8011,BBOX_CLEAR
PAIR-002594,G-019,G-048,G-019|G-048,0.0000,590.5431,BBOX_CLEAR
PAIR-002595,G-019,G-049,G-019|G-049,0.0000,571.6641,BBOX_CLEAR
PAIR-002596,G-019,G-050,G-019|G-050,0.0000,562.3309,BBOX_CLEAR
PAIR-002597,G-019,G-051,G-019|G-051,0.0000,543.4981,BBOX_CLEAR
PAIR-002598,G-019,G-052,G-019|G-052,0.0000,534.1896,BBOX_CLEAR
PAIR-002599,G-019,G-053,G-019|G-053,0.0000,509.0842,BBOX_CLEAR
PAIR-002600,G-019,G-054,G-019|G-054,0.0000,499.8117,BBOX_CLEAR
PAIR-002601,G-019,G-055,G-019|G-055,0.0000,481.1118,BBOX_CLEAR
PAIR-002602,G-019,G-056,G-019|G-056,0.0000,462.4624,BBOX_CLEAR
PAIR-002603,G-019,G-057,G-019|G-057,0.0000,449.0472,BBOX_CLEAR
PAIR-002604,G-019,G-058,G-019|G-058,0.0000,871.6886,BBOX_CLEAR
PAIR-002605,G-019,G-059,G-019|G-059,0.0000,857.4447,BBOX_CLEAR
PAIR-002606,G-019,G-060,G-019|G-060,0.0000,975.6601,BBOX_CLEAR
PAIR-002607,G-019,G-061,G-019|G-061,0.0000,960.8641,BBOX_CLEAR
PAIR-002608,G-019,G-062,G-019|G-062,0.0000,1078.3361,BBOX_CLEAR
PAIR-002609,G-019,G-063,G-019|G-063,0.0000,1063.6615,BBOX_CLEAR
PAIR-002610,G-019,G-064,G-019|G-064,0.0000,166.7440,BBOX_CLEAR
PAIR-002611,G-019,G-065,G-019|G-065,0.0000,179.5490,BBOX_CLEAR
PAIR-002612,G-019,G-066,G-019|G-066,0.0000,425.4100,BBOX_CLEAR
PAIR-002613,G-019,G-067,G-019|G-067,0.0000,390.3257,BBOX_CLEAR
PAIR-002614,G-019,G-068,G-019|G-068,0.0000,365.1073,BBOX_CLEAR
PAIR-002615,G-019,G-069,G-019|G-069,0.0000,1148.4318,BBOX_CLEAR
PAIR-002616,G-019,G-070,G-019|G-070,0.0000,1141.3649,BBOX_CLEAR
PAIR-002617,G-019,G-071,G-019|G-071,0.0000,1096.5393,BBOX_CLEAR
PAIR-002618,G-019,G-072,G-019|G-072,0.0000,1070.2251,BBOX_CLEAR
PAIR-002619,G-019,G-073,G-019|G-073,0.0000,1063.8655,BBOX_CLEAR
PAIR-002620,G-019,G-074,G-019|G-074,0.0000,1019.1195,BBOX_CLEAR
PAIR-002621,G-019,G-075,G-019|G-075,0.0000,993.2429,BBOX_CLEAR
PAIR-002622,G-019,G-076,G-019|G-076,0.0000,987.6411,BBOX_CLEAR
PAIR-002623,G-019,G-077,G-019|G-077,0.0000,880.4844,BBOX_CLEAR
PAIR-002624,G-019,G-078,G-019|G-078,0.0000,866.5420,BBOX_CLEAR
PAIR-002625,G-019,G-079,G-019|G-079,0.0000,845.9644,BBOX_CLEAR
PAIR-002626,G-019,G-080,G-019|G-080,0.0000,842.5622,BBOX_CLEAR
PAIR-002627,G-019,G-081,G-019|G-081,0.0000,822.9484,BBOX_CLEAR
PAIR-002628,G-019,G-082,G-019|G-082,0.0000,797.5883,BBOX_CLEAR
PAIR-002629,G-019,G-083,G-019|G-083,0.0000,795.0955,BBOX_CLEAR
PAIR-002630,G-019,G-084,G-019|G-084,0.0000,771.1244,BBOX_CLEAR
PAIR-002631,G-019,G-085,G-019|G-085,0.0000,739.0804,BBOX_CLEAR
PAIR-002632,G-019,G-086,G-019|G-086,0.0000,711.8522,BBOX_CLEAR
PAIR-002633,G-019,G-087,G-019|G-087,0.0000,696.3544,BBOX_CLEAR
PAIR-002634,G-019,G-088,G-019|G-088,0.0000,712.3503,BBOX_CLEAR
PAIR-002635,G-019,G-089,G-019|G-089,0.0000,686.6683,BBOX_CLEAR
PAIR-002636,G-019,G-090,G-019|G-090,0.0000,671.1959,BBOX_CLEAR
PAIR-002637,G-019,G-091,G-019|G-091,0.0000,643.6966,BBOX_CLEAR
PAIR-002638,G-019,G-092,G-019|G-092,0.0000,620.8733,BBOX_CLEAR
PAIR-002639,G-019,G-093,G-019|G-093,0.0000,606.2054,BBOX_CLEAR
PAIR-002640,G-019,G-094,G-019|G-094,0.0000,624.5658,BBOX_CLEAR
PAIR-002641,G-019,G-095,G-019|G-095,0.0000,598.7506,BBOX_CLEAR
PAIR-002642,G-019,G-096,G-019|G-096,0.0000,585.8618,BBOX_CLEAR
PAIR-002643,G-019,G-097,G-019|G-097,0.0000,578.8315,BBOX_CLEAR
PAIR-002644,G-019,G-098,G-019|G-098,0.0000,566.5919,BBOX_CLEAR
PAIR-002645,G-019,G-099,G-019|G-099,0.0000,553.9240,BBOX_CLEAR
PAIR-002646,G-019,G-100,G-019|G-100,0.0000,1288.9313,BBOX_CLEAR
PAIR-002647,G-019,G-101,G-019|G-101,0.0000,1267.9967,BBOX_CLEAR
PAIR-002648,G-019,G-102,G-019|G-102,0.0000,1257.5952,BBOX_CLEAR
PAIR-002649,G-019,G-103,G-019|G-103,0.0000,1238.9870,BBOX_CLEAR
PAIR-002650,G-019,G-104,G-019|G-104,0.0000,1163.7516,BBOX_CLEAR
PAIR-002651,G-019,G-105,G-019|G-105,0.0000,1126.9134,BBOX_CLEAR
PAIR-002652,G-019,G-106,G-019|G-106,0.0000,1090.4111,BBOX_CLEAR
PAIR-002653,G-019,G-107,G-019|G-107,0.0000,1054.2795,BBOX_CLEAR
PAIR-002654,G-019,G-108,G-019|G-108,0.0000,1018.5580,BBOX_CLEAR
PAIR-002655,G-019,G-109,G-019|G-109,0.0000,983.2914,BBOX_CLEAR
PAIR-002656,G-019,G-110,G-019|G-110,0.0000,948.5304,BBOX_CLEAR
PAIR-002657,G-019,G-111,G-019|G-111,0.0000,914.3325,BBOX_CLEAR
PAIR-002658,G-019,G-112,G-019|G-112,0.0000,880.7636,BBOX_CLEAR
PAIR-002659,G-019,G-113,G-019|G-113,0.0000,847.8982,BBOX_CLEAR
PAIR-002660,G-019,G-114,G-019|G-114,0.0000,815.8214,BBOX_CLEAR
PAIR-002661,G-019,G-115,G-019|G-115,0.0000,784.6299,BBOX_CLEAR
PAIR-002662,G-019,G-116,G-019|G-116,0.0000,754.4335,BBOX_CLEAR
PAIR-002663,G-019,G-117,G-019|G-117,0.0000,725.3565,BBOX_CLEAR
PAIR-002664,G-019,G-118,G-019|G-118,0.0000,697.5389,BBOX_CLEAR
PAIR-002665,G-019,G-119,G-019|G-119,0.0000,671.1373,BBOX_CLEAR
PAIR-002666,G-019,G-120,G-019|G-120,0.0000,646.3254,BBOX_CLEAR
PAIR-002667,G-019,G-121,G-019|G-121,0.0000,623.2928,BBOX_CLEAR
PAIR-002668,G-019,G-122,G-019|G-122,0.0000,602.2439,BBOX_CLEAR
PAIR-002669,G-019,G-123,G-019|G-123,0.0000,583.3935,BBOX_CLEAR
PAIR-002670,G-019,G-124,G-019|G-124,0.0000,566.9607,BBOX_CLEAR
PAIR-002671,G-019,G-125,G-019|G-125,0.0000,553.1611,BBOX_CLEAR
PAIR-002672,G-019,G-126,G-019|G-126,0.0000,542.1959,BBOX_CLEAR
PAIR-002673,G-019,G-127,G-019|G-127,0.0000,534.2395,BBOX_CLEAR
PAIR-002674,G-019,G-128,G-019|G-128,0.0000,529.4276,BBOX_CLEAR
PAIR-002675,G-019,G-129,G-019|G-129,0.0000,527.8460,BBOX_CLEAR
PAIR-002676,G-019,G-130,G-019|G-130,0.0000,527.8460,BBOX_CLEAR
PAIR-002677,G-019,G-131,G-019|G-131,0.0000,527.8607,BBOX_CLEAR
PAIR-002678,G-019,G-132,G-019|G-132,0.0000,529.7991,BBOX_CLEAR
PAIR-002679,G-019,G-133,G-019|G-133,0.0000,534.9613,BBOX_CLEAR
PAIR-002680,G-019,G-134,G-019|G-134,0.0000,543.2554,BBOX_CLEAR
PAIR-002681,G-019,G-135,G-019|G-135,0.0000,554.5408,BBOX_CLEAR
PAIR-002682,G-019,P-001,G-019|P-001,0.0000,223.9913,BBOX_CLEAR
PAIR-002683,G-019,P-002,G-019|P-002,0.0000,216.7519,BBOX_CLEAR
PAIR-002684,G-019,P-003,G-019|P-003,0.0000,686.2012,BBOX_CLEAR
PAIR-002685,G-019,P-004,G-019|P-004,0.0000,688.0881,BBOX_CLEAR
PAIR-002686,G-019,P-005,G-019|P-005,0.0000,521.7980,BBOX_CLEAR
PAIR-002687,G-019,P-006,G-019|P-006,0.0000,405.3038,BBOX_CLEAR
PAIR-002688,G-019,P-007,G-019|P-007,0.0000,330.8468,BBOX_CLEAR
PAIR-002689,G-019,P-008,G-019|P-008,0.0000,400.6662,BBOX_CLEAR
PAIR-002690,G-019,P-009,G-019|P-009,0.0000,326.8785,BBOX_CLEAR
PAIR-002691,G-019,P-010,G-019|P-010,0.0000,321.0812,BBOX_CLEAR
PAIR-002692,G-019,P-011,G-019|P-011,0.0000,290.4793,BBOX_CLEAR
PAIR-002693,G-019,P-012,G-019|P-012,0.0000,347.7103,BBOX_CLEAR
PAIR-002694,G-019,P-013,G-019|P-013,0.0000,375.0153,BBOX_CLEAR
PAIR-002695,G-019,P-014,G-019|P-014,0.0000,367.2780,BBOX_CLEAR
PAIR-002696,G-019,P-015,G-019|P-015,0.0000,197.9575,BBOX_CLEAR
PAIR-002697,G-019,P-016,G-019|P-016,0.0000,197.9575,BBOX_CLEAR
PAIR-002698,G-019,P-017,G-019|P-017,0.0000,205.6481,BBOX_CLEAR
PAIR-002699,G-020,G-021,G-020|G-021,0.0000,0.0000,BBOX_WITHIN_8PX
PAIR-002700,G-020,G-022,G-020|G-022,0.0000,38.1900,BBOX_CLEAR
PAIR-002701,G-020,G-023,G-020|G-023,0.0000,460.1590,BBOX_CLEAR
PAIR-002702,G-020,G-024,G-020|G-024,0.0000,437.6443,BBOX_CLEAR
PAIR-002703,G-020,G-025,G-020|G-025,0.0000,422.9337,BBOX_CLEAR
PAIR-002704,G-020,G-026,G-020|G-026,0.0000,400.7312,BBOX_CLEAR
PAIR-002705,G-020,G-027,G-020|G-027,0.0000,385.4352,BBOX_CLEAR
PAIR-002706,G-020,G-028,G-020|G-028,0.0000,531.1125,BBOX_CLEAR
PAIR-002707,G-020,G-029,G-020|G-029,0.0000,522.5091,BBOX_CLEAR
PAIR-002708,G-020,G-030,G-020|G-030,0.0000,509.3984,BBOX_CLEAR
PAIR-002709,G-020,G-031,G-020|G-031,0.0000,493.6656,BBOX_CLEAR
PAIR-002710,G-020,G-032,G-020|G-032,0.0000,215.8378,BBOX_CLEAR
PAIR-002711,G-020,G-033,G-020|G-033,0.0000,206.6428,BBOX_CLEAR
PAIR-002712,G-020,G-034,G-020|G-034,0.0000,167.0193,BBOX_CLEAR
PAIR-002713,G-020,G-035,G-020|G-035,0.0000,141.7540,BBOX_CLEAR
PAIR-002714,G-020,G-036,G-020|G-036,0.0000,126.1587,BBOX_CLEAR
PAIR-002715,G-020,G-037,G-020|G-037,0.0000,102.4198,BBOX_CLEAR
PAIR-002716,G-020,G-038,G-020|G-038,0.0000,86.7139,BBOX_CLEAR
PAIR-002717,G-020,G-039,G-020|G-039,0.0000,65.5306,BBOX_CLEAR
PAIR-002718,G-020,G-040,G-020|G-040,0.0000,55.1080,BBOX_CLEAR
PAIR-002719,G-020,G-041,G-020|G-041,0.0000,63.3625,BBOX_CLEAR
PAIR-002720,G-020,G-042,G-020|G-042,0.0000,58.3977,BBOX_CLEAR
PAIR-002721,G-020,G-043,G-020|G-043,0.0000,55.8530,BBOX_CLEAR
PAIR-002722,G-020,G-044,G-020|G-044,0.0000,39.0747,BBOX_CLEAR
PAIR-002723,G-020,G-045,G-020|G-045,0.0000,40.9549,BBOX_CLEAR
PAIR-002724,G-020,G-046,G-020|G-046,0.0000,691.8573,BBOX_CLEAR
PAIR-002725,G-020,G-047,G-020|G-047,0.0000,652.2666,BBOX_CLEAR
PAIR-002726,G-020,G-048,G-020|G-048,0.0000,627.9489,BBOX_CLEAR
PAIR-002727,G-020,G-049,G-020|G-049,0.0000,609.0183,BBOX_CLEAR
PAIR-002728,G-020,G-050,G-020|G-050,0.0000,599.6577,BBOX_CLEAR
PAIR-002729,G-020,G-051,G-020|G-051,0.0000,580.7652,BBOX_CLEAR
PAIR-002730,G-020,G-052,G-020|G-052,0.0000,571.4248,BBOX_CLEAR
PAIR-002731,G-020,G-053,G-020|G-053,0.0000,546.2248,BBOX_CLEAR
PAIR-002732,G-020,G-054,G-020|G-054,0.0000,536.9137,BBOX_CLEAR
PAIR-002733,G-020,G-055,G-020|G-055,0.0000,518.1291,BBOX_CLEAR
PAIR-002734,G-020,G-056,G-020|G-056,0.0000,499.3851,BBOX_CLEAR
PAIR-002735,G-020,G-057,G-020|G-057,0.0000,485.8944,BBOX_CLEAR
PAIR-002736,G-020,G-058,G-020|G-058,0.0000,909.5146,BBOX_CLEAR
PAIR-002737,G-020,G-059,G-020|G-059,0.0000,895.1456,BBOX_CLEAR
PAIR-002738,G-020,G-060,G-020|G-060,0.0000,1013.6224,BBOX_CLEAR
PAIR-002739,G-020,G-061,G-020|G-061,0.0000,998.7392,BBOX_CLEAR
PAIR-002740,G-020,G-062,G-020|G-062,0.0000,1116.2547,BBOX_CLEAR
PAIR-002741,G-020,G-063,G-020|G-063,0.0000,1101.4943,BBOX_CLEAR
PAIR-002742,G-020,G-064,G-020|G-064,0.0000,171.0582,BBOX_CLEAR
PAIR-002743,G-020,G-065,G-020|G-065,0.0000,180.5683,BBOX_CLEAR
PAIR-002744,G-020,G-066,G-020|G-066,0.0000,454.5031,BBOX_CLEAR
PAIR-002745,G-020,G-067,G-020|G-067,0.0000,417.5188,BBOX_CLEAR
PAIR-002746,G-020,G-068,G-020|G-068,0.0000,390.3257,BBOX_CLEAR
PAIR-002747,G-020,G-069,G-020|G-069,0.0000,1183.6814,BBOX_CLEAR
PAIR-002748,G-020,G-070,G-020|G-070,0.0000,1176.3393,BBOX_CLEAR
PAIR-002749,G-020,G-071,G-020|G-071,0.0000,1131.4947,BBOX_CLEAR
PAIR-002750,G-020,G-072,G-020|G-072,0.0000,1105.0138,BBOX_CLEAR
PAIR-002751,G-020,G-073,G-020|G-073,0.0000,1098.3350,BBOX_CLEAR
PAIR-002752,G-020,G-074,G-020|G-074,0.0000,1053.5443,BBOX_CLEAR
PAIR-002753,G-020,G-075,G-020|G-075,0.0000,1027.4602,BBOX_CLEAR
PAIR-002754,G-020,G-076,G-020|G-076,0.0000,1021.4843,BBOX_CLEAR
PAIR-002755,G-020,G-077,G-020|G-077,0.0000,913.4428,BBOX_CLEAR
PAIR-002756,G-020,G-078,G-020|G-078,0.0000,899.3189,BBOX_CLEAR
PAIR-002757,G-020,G-079,G-020|G-079,0.0000,878.4549,BBOX_CLEAR
PAIR-002758,G-020,G-080,G-020|G-080,0.0000,874.5244,BBOX_CLEAR
PAIR-002759,G-020,G-081,G-020|G-081,0.0000,855.0893,BBOX_CLEAR
PAIR-002760,G-020,G-082,G-020|G-082,0.0000,829.3035,BBOX_CLEAR
PAIR-002761,G-020,G-083,G-020|G-083,0.0000,826.2147,BBOX_CLEAR
PAIR-002762,G-020,G-084,G-020|G-084,0.0000,802.3426,BBOX_CLEAR
PAIR-002763,G-020,G-085,G-020|G-085,0.0000,769.6108,BBOX_CLEAR
PAIR-002764,G-020,G-086,G-020|G-086,0.0000,741.7083,BBOX_CLEAR
PAIR-002765,G-020,G-087,G-020|G-087,0.0000,726.0406,BBOX_CLEAR
PAIR-002766,G-020,G-088,G-020|G-088,0.0000,741.4132,BBOX_CLEAR
PAIR-002767,G-020,G-089,G-020|G-089,0.0000,715.8110,BBOX_CLEAR
PAIR-002768,G-020,G-090,G-020|G-090,0.0000,699.8494,BBOX_CLEAR
PAIR-002769,G-020,G-091,G-020|G-091,0.0000,671.3650,BBOX_CLEAR
PAIR-002770,G-020,G-092,G-020|G-092,0.0000,647.5875,BBOX_CLEAR
PAIR-002771,G-020,G-093,G-020|G-093,0.0000,632.6127,BBOX_CLEAR
PAIR-002772,G-020,G-094,G-020|G-094,0.0000,650.2504,BBOX_CLEAR
PAIR-002773,G-020,G-095,G-020|G-095,0.0000,624.3899,BBOX_CLEAR
PAIR-002774,G-020,G-096,G-020|G-096,0.0000,610.7913,BBOX_CLEAR
PAIR-002775,G-020,G-097,G-020|G-097,0.0000,603.3433,BBOX_CLEAR
PAIR-002776,G-020,G-098,G-020|G-098,0.0000,590.3178,BBOX_CLEAR
PAIR-002777,G-020,G-099,G-020|G-099,0.0000,576.7455,BBOX_CLEAR
PAIR-002778,G-020,G-100,G-020|G-100,0.0000,1324.0548,BBOX_CLEAR
PAIR-002779,G-020,G-101,G-020|G-101,0.0000,1302.7963,BBOX_CLEAR
PAIR-002780,G-020,G-102,G-020|G-102,0.0000,1292.3363,BBOX_CLEAR
PAIR-002781,G-020,G-103,G-020|G-103,0.0000,1273.6195,BBOX_CLEAR
PAIR-002782,G-020,G-104,G-020|G-104,0.0000,1197.9126,BBOX_CLEAR
PAIR-002783,G-020,G-105,G-020|G-105,0.0000,1160.7928,BBOX_CLEAR
PAIR-002784,G-020,G-106,G-020|G-106,0.0000,1123.9804,BBOX_CLEAR
PAIR-002785,G-020,G-107,G-020|G-107,0.0000,1087.5064,BBOX_CLEAR
PAIR-002786,G-020,G-108,G-020|G-108,0.0000,1051.4061,BBOX_CLEAR
PAIR-002787,G-020,G-109,G-020|G-109,0.0000,1015.7193,BBOX_CLEAR
PAIR-002788,G-020,G-110,G-020|G-110,0.0000,980.4911,BBOX_CLEAR
PAIR-002789,G-020,G-111,G-020|G-111,0.0000,945.7729,BBOX_CLEAR
PAIR-002790,G-020,G-112,G-020|G-112,0.0000,911.6229,BBOX_CLEAR
PAIR-002791,G-020,G-113,G-020|G-113,0.0000,878.1074,BBOX_CLEAR
PAIR-002792,G-020,G-114,G-020|G-114,0.0000,845.3018,BBOX_CLEAR
PAIR-002793,G-020,G-115,G-020|G-115,0.0000,813.2921,BBOX_CLEAR
PAIR-002794,G-020,G-116,G-020|G-116,0.0000,782.1759,BBOX_CLEAR
PAIR-002795,G-020,G-117,G-020|G-117,0.0000,752.0643,BBOX_CLEAR
PAIR-002796,G-020,G-118,G-020|G-118,0.0000,723.0827,BBOX_CLEAR
PAIR-002797,G-020,G-119,G-020|G-119,0.0000,695.3724,BBOX_CLEAR
PAIR-002798,G-020,G-120,G-020|G-120,0.0000,669.0914,BBOX_CLEAR
PAIR-002799,G-020,G-121,G-020|G-121,0.0000,644.4146,BBOX_CLEAR
PAIR-002800,G-020,G-122,G-020|G-122,0.0000,621.5331,BBOX_CLEAR
PAIR-002801,G-020,G-123,G-020|G-123,0.0000,600.6521,BBOX_CLEAR
PAIR-002802,G-020,G-124,G-020|G-124,0.0000,581.9869,BBOX_CLEAR
PAIR-002803,G-020,G-125,G-020|G-125,0.0000,565.7570,BBOX_CLEAR
PAIR-002804,G-020,G-126,G-020|G-126,0.0000,552.1771,BBOX_CLEAR
PAIR-002805,G-020,G-127,G-020|G-127,0.0000,541.4465,BBOX_CLEAR
PAIR-002806,G-020,G-128,G-020|G-128,0.0000,533.7373,BBOX_CLEAR
PAIR-002807,G-020,G-129,G-020|G-129,0.0000,529.1815,BBOX_CLEAR
PAIR-002808,G-020,G-130,G-020|G-130,0.0000,527.8460,BBOX_CLEAR
PAIR-002809,G-020,G-131,G-020|G-131,0.0000,527.8460,BBOX_CLEAR
PAIR-002810,G-020,G-132,G-020|G-132,0.0000,527.8959,BBOX_CLEAR
PAIR-002811,G-020,G-133,G-020|G-133,0.0000,530.0943,BBOX_CLEAR
PAIR-002812,G-020,G-134,G-020|G-134,0.0000,535.5111,BBOX_CLEAR
PAIR-002813,G-020,G-135,G-020|G-135,0.0000,544.0503,BBOX_CLEAR
PAIR-002814,G-020,P-001,G-020|P-001,0.0000,224.2399,BBOX_CLEAR
PAIR-002815,G-020,P-002,G-020|P-002,0.0000,216.7571,BBOX_CLEAR
PAIR-002816,G-020,P-003,G-020|P-003,0.0000,724.3912,BBOX_CLEAR
PAIR-002817,G-020,P-004,G-020|P-004,0.0000,725.7981,BBOX_CLEAR
PAIR-002818,G-020,P-005,G-020|P-005,0.0000,559.0760,BBOX_CLEAR
PAIR-002819,G-020,P-006,G-020|P-006,0.0000,443.1902,BBOX_CLEAR
PAIR-002820,G-020,P-007,G-020|P-007,0.0000,369.0190,BBOX_CLEAR
PAIR-002821,G-020,P-008,G-020|P-008,0.0000,438.0500,BBOX_CLEAR
PAIR-002822,G-020,P-009,G-020|P-009,0.0000,365.0677,BBOX_CLEAR
PAIR-002823,G-020,P-010,G-020|P-010,0.0000,359.2712,BBOX_CLEAR
PAIR-002824,G-020,P-011,G-020|P-011,0.0000,328.6593,BBOX_CLEAR
PAIR-002825,G-020,P-012,G-020|P-012,0.0000,385.3340,BBOX_CLEAR
PAIR-002826,G-020,P-013,G-020|P-013,0.0000,402.5554,BBOX_CLEAR
PAIR-002827,G-020,P-014,G-020|P-014,0.0000,394.6024,BBOX_CLEAR
PAIR-002828,G-020,P-015,G-020|P-015,0.0000,236.1476,BBOX_CLEAR
PAIR-002829,G-020,P-016,G-020|P-016,0.0000,236.1476,BBOX_CLEAR
PAIR-002830,G-020,P-017,G-020|P-017,0.0000,242.6307,BBOX_CLEAR
PAIR-002831,G-021,G-022,G-021|G-022,0.0000,0.0000,BBOX_WITHIN_8PX
PAIR-002832,G-021,G-023,G-021|G-023,0.0000,498.3491,BBOX_CLEAR
PAIR-002833,G-021,G-024,G-021|G-024,0.0000,475.8344,BBOX_CLEAR
PAIR-002834,G-021,G-025,G-021|G-025,0.0000,461.1238,BBOX_CLEAR
PAIR-002835,G-021,G-026,G-021|G-026,0.0000,438.9213,BBOX_CLEAR
PAIR-002836,G-021,G-027,G-021|G-027,0.0000,423.6253,BBOX_CLEAR
PAIR-002837,G-021,G-028,G-021|G-028,0.0000,569.3026,BBOX_CLEAR
PAIR-002838,G-021,G-029,G-021|G-029,0.0000,560.6992,BBOX_CLEAR
PAIR-002839,G-021,G-030,G-021|G-030,0.0000,547.5885,BBOX_CLEAR
PAIR-002840,G-021,G-031,G-021|G-031,0.0000,531.8557,BBOX_CLEAR
PAIR-002841,G-021,G-032,G-021|G-032,0.0000,253.4912,BBOX_CLEAR
PAIR-002842,G-021,G-033,G-021|G-033,0.0000,244.2507,BBOX_CLEAR
PAIR-002843,G-021,G-034,G-021|G-034,0.0000,204.3450,BBOX_CLEAR
PAIR-002844,G-021,G-035,G-021|G-035,0.0000,178.7747,BBOX_CLEAR
PAIR-002845,G-021,G-036,G-021|G-036,0.0000,162.9008,BBOX_CLEAR
PAIR-002846,G-021,G-037,G-021|G-037,0.0000,138.4899,BBOX_CLEAR
PAIR-002847,G-021,G-038,G-021|G-038,0.0000,122.0264,BBOX_CLEAR
PAIR-002848,G-021,G-039,G-021|G-039,0.0000,102.0685,BBOX_CLEAR
PAIR-002849,G-021,G-040,G-021|G-040,0.0000,86.1850,BBOX_CLEAR
PAIR-002850,G-021,G-041,G-021|G-041,0.0000,88.1051,BBOX_CLEAR
PAIR-002851,G-021,G-042,G-021|G-042,0.0000,78.5996,BBOX_CLEAR
PAIR-002852,G-021,G-043,G-021|G-043,0.0000,68.6371,BBOX_CLEAR
PAIR-002853,G-021,G-044,G-021|G-044,0.0000,39.0747,BBOX_CLEAR
PAIR-002854,G-021,G-045,G-021|G-045,0.0000,39.0747,BBOX_CLEAR
PAIR-002855,G-021,G-046,G-021|G-046,0.0000,729.4728,BBOX_CLEAR
PAIR-002856,G-021,G-047,G-021|G-047,0.0000,689.8115,BBOX_CLEAR
PAIR-002857,G-021,G-048,G-021|G-048,0.0000,665.4439,BBOX_CLEAR
PAIR-002858,G-021,G-049,G-021|G-049,0.0000,646.4702,BBOX_CLEAR
PAIR-002859,G-021,G-050,G-021|G-050,0.0000,637.0868,BBOX_CLEAR
PAIR-002860,G-021,G-051,G-021|G-051,0.0000,618.1449,BBOX_CLEAR
PAIR-002861,G-021,G-052,G-021|G-052,0.0000,608.7783,BBOX_CLEAR
PAIR-002862,G-021,G-053,G-021|G-053,0.0000,583.5008,BBOX_CLEAR
PAIR-002863,G-021,G-054,G-021|G-054,0.0000,574.1583,BBOX_CLEAR
PAIR-002864,G-021,G-055,G-021|G-055,0.0000,555.3054,BBOX_CLEAR
PAIR-002865,G-021,G-056,G-021|G-056,0.0000,536.4852,BBOX_CLEAR
PAIR-002866,G-021,G-057,G-021|G-057,0.0000,522.9343,BBOX_CLEAR
PAIR-002867,G-021,G-058,G-021|G-058,0.0000,947.3697,BBOX_CLEAR
PAIR-002868,G-021,G-059,G-021|G-059,0.0000,932.8863,BBOX_CLEAR
PAIR-002869,G-021,G-060,G-021|G-060,0.0000,1051.6013,BBOX_CLEAR
PAIR-002870,G-021,G-061,G-021|G-061,0.0000,1036.6374,BBOX_CLEAR
PAIR-002871,G-021,G-062,G-021|G-062,0.0000,1154.1911,BBOX_CLEAR
PAIR-002872,G-021,G-063,G-021|G-063,0.0000,1139.3509,BBOX_CLEAR
PAIR-002873,G-021,G-064,G-021|G-064,0.0000,183.3991,BBOX_CLEAR
PAIR-002874,G-021,G-065,G-021|G-065,0.0000,188.4855,BBOX_CLEAR
PAIR-002875,G-021,G-066,G-021|G-066,0.0000,484.8603,BBOX_CLEAR
PAIR-002876,G-021,G-067,G-021|G-067,0.0000,446.3258,BBOX_CLEAR
PAIR-002877,G-021,G-068,G-021|G-068,0.0000,417.5188,BBOX_CLEAR
PAIR-002878,G-021,G-069,G-021|G-069,0.0000,1219.1081,BBOX_CLEAR
PAIR-002879,G-021,G-070,G-021|G-070,0.0000,1211.5079,BBOX_CLEAR
PAIR-002880,G-021,G-071,G-021|G-071,0.0000,1166.6529,BBOX_CLEAR
PAIR-002881,G-021,G-072,G-021|G-072,0.0000,1140.0202,BBOX_CLEAR
PAIR-002882,G-021,G-073,G-021|G-073,0.0000,1133.0430,BBOX_CLEAR
PAIR-002883,G-021,G-074,G-021|G-074,0.0000,1088.2203,BBOX_CLEAR
PAIR-002884,G-021,G-075,G-021|G-075,0.0000,1061.9483,BBOX_CLEAR
PAIR-002885,G-021,G-076,G-021|G-076,0.0000,1055.6241,BBOX_CLEAR
PAIR-002886,G-021,G-077,G-021|G-077,0.0000,946.7944,BBOX_CLEAR
PAIR-002887,G-021,G-078,G-021|G-078,0.0000,932.5078,BBOX_CLEAR
PAIR-002888,G-021,G-079,G-021|G-079,0.0000,911.3874,BBOX_CLEAR
PAIR-002889,G-021,G-080,G-021|G-080,0.0000,906.9683,BBOX_CLEAR
PAIR-002890,G-021,G-081,G-021|G-081,0.0000,887.7096,BBOX_CLEAR
PAIR-002891,G-021,G-082,G-021|G-082,0.0000,861.5442,BBOX_CLEAR
PAIR-002892,G-021,G-083,G-021|G-083,0.0000,857.9053,BBOX_CLEAR
PAIR-002893,G-021,G-084,G-021|G-084,0.0000,834.1411,BBOX_CLEAR
PAIR-002894,G-021,G-085,G-021|G-085,0.0000,800.7987,BBOX_CLEAR
PAIR-002895,G-021,G-086,G-021|G-086,0.0000,772.2991,BBOX_CLEAR
PAIR-002896,G-021,G-087,G-021|G-087,0.0000,756.4901,BBOX_CLEAR
PAIR-002897,G-021,G-088,G-021|G-088,0.0000,771.2724,BBOX_CLEAR
PAIR-002898,G-021,G-089,G-021|G-089,0.0000,745.7710,BBOX_CLEAR
PAIR-002899,G-021,G-090,G-021|G-090,0.0000,729.3774,BBOX_CLEAR
PAIR-002900,G-021,G-091,G-021|G-091,0.0000,700.0241,BBOX_CLEAR
PAIR-002901,G-021,G-092,G-021|G-092,0.0000,675.4053,BBOX_CLEAR
PAIR-002902,G-021,G-093,G-021|G-093,0.0000,660.1740,BBOX_CLEAR
PAIR-002903,G-021,G-094,G-021|G-094,0.0000,677.1157,BBOX_CLEAR
PAIR-002904,G-021,G-095,G-021|G-095,0.0000,651.2604,BBOX_CLEAR
PAIR-002905,G-021,G-096,G-021|G-096,0.0000,637.0361,BBOX_CLEAR
PAIR-002906,G-021,G-097,G-021|G-097,0.0000,629.2197,BBOX_CLEAR
PAIR-002907,G-021,G-098,G-021|G-098,0.0000,615.5005,BBOX_CLEAR
PAIR-002908,G-021,G-099,G-021|G-099,0.0000,601.1289,BBOX_CLEAR
PAIR-002909,G-021,G-100,G-021|G-100,0.0000,1359.3436,BBOX_CLEAR
PAIR-002910,G-021,G-101,G-021|G-101,0.0000,1337.7808,BBOX_CLEAR
PAIR-002911,G-021,G-102,G-021|G-102,0.0000,1327.2669,BBOX_CLEAR
PAIR-002912,G-021,G-103,G-021|G-103,0.0000,1308.4500,BBOX_CLEAR
PAIR-002913,G-021,G-104,G-021|G-104,0.0000,1232.3101,BBOX_CLEAR
PAIR-002914,G-021,G-105,G-021|G-105,0.0000,1194.9323,BBOX_CLEAR
PAIR-002915,G-021,G-106,G-021|G-106,0.0000,1157.8361,BBOX_CLEAR
PAIR-002916,G-021,G-107,G-021|G-107,0.0000,1121.0495,BBOX_CLEAR
PAIR-002917,G-021,G-108,G-021|G-108,0.0000,1084.6041,BBOX_CLEAR
PAIR-002918,G-021,G-109,G-021|G-109,0.0000,1048.5353,BBOX_CLEAR
PAIR-002919,G-021,G-110,G-021|G-110,0.0000,1012.8835,BBOX_CLEAR
PAIR-002920,G-021,G-111,G-021|G-111,0.0000,977.6941,BBOX_CLEAR
PAIR-002921,G-021,G-112,G-021|G-112,0.0000,943.0192,BBOX_CLEAR
PAIR-002922,G-021,G-113,G-021|G-113,0.0000,908.9173,BBOX_CLEAR
PAIR-002923,G-021,G-114,G-021|G-114,0.0000,875.4557,BBOX_CLEAR
PAIR-002924,G-021,G-115,G-021|G-115,0.0000,842.7105,BBOX_CLEAR
PAIR-002925,G-021,G-116,G-021|G-116,0.0000,810.7685,BBOX_CLEAR
PAIR-002926,G-021,G-117,G-021|G-117,0.0000,779.7284,BBOX_CLEAR
PAIR-002927,G-021,G-118,G-021|G-118,0.0000,749.7024,BBOX_CLEAR
PAIR-002928,G-021,G-119,G-021|G-119,0.0000,720.8171,BBOX_CLEAR
PAIR-002929,G-021,G-120,G-021|G-120,0.0000,693.2151,BBOX_CLEAR
PAIR-002930,G-021,G-121,G-021|G-121,0.0000,667.0558,BBOX_CLEAR
PAIR-002931,G-021,G-122,G-021|G-122,0.0000,642.5154,BBOX_CLEAR
PAIR-002932,G-021,G-123,G-021|G-123,0.0000,619.7862,BBOX_CLEAR
PAIR-002933,G-021,G-124,G-021|G-124,0.0000,599.0744,BBOX_CLEAR
PAIR-002934,G-021,G-125,G-021|G-125,0.0000,580.5960,BBOX_CLEAR
PAIR-002935,G-021,G-126,G-021|G-126,0.0000,564.5703,BBOX_CLEAR
PAIR-002936,G-021,G-127,G-021|G-127,0.0000,551.2112,BBOX_CLEAR
PAIR-002937,G-021,G-128,G-021|G-128,0.0000,540.7166,BBOX_CLEAR
PAIR-002938,G-021,G-129,G-021|G-129,0.0000,533.2554,BBOX_CLEAR
PAIR-002939,G-021,G-130,G-021|G-130,0.0000,528.9561,BBOX_CLEAR
PAIR-002940,G-021,G-131,G-021|G-131,0.0000,527.8460,BBOX_CLEAR
PAIR-002941,G-021,G-132,G-021|G-132,0.0000,527.8460,BBOX_CLEAR
PAIR-002942,G-021,G-133,G-021|G-133,0.0000,527.9520,BBOX_CLEAR
PAIR-002943,G-021,G-134,G-021|G-134,0.0000,530.4101,BBOX_CLEAR
PAIR-002944,G-021,G-135,G-021|G-135,0.0000,536.0810,BBOX_CLEAR
PAIR-002945,G-021,P-001,G-021|P-001,0.0000,229.2341,BBOX_CLEAR
PAIR-002946,G-021,P-002,G-021|P-002,0.0000,220.3570,BBOX_CLEAR
PAIR-002947,G-021,P-003,G-021|P-003,0.0000,762.5813,BBOX_CLEAR
PAIR-002948,G-021,P-004,G-021|P-004,0.0000,763.5559,BBOX_CLEAR
PAIR-002949,G-021,P-005,G-021|P-005,0.0000,596.4694,BBOX_CLEAR
PAIR-002950,G-021,P-006,G-021|P-006,0.0000,481.1246,BBOX_CLEAR
PAIR-002951,G-021,P-007,G-021|P-007,0.0000,407.1946,BBOX_CLEAR
PAIR-002952,G-021,P-008,G-021|P-008,0.0000,475.5619,BBOX_CLEAR
PAIR-002953,G-021,P-009,G-021|P-009,0.0000,403.2570,BBOX_CLEAR
PAIR-002954,G-021,P-010,G-021|P-010,0.0000,397.4613,BBOX_CLEAR
PAIR-002955,G-021,P-011,G-021|P-011,0.0000,366.8413,BBOX_CLEAR
PAIR-002956,G-021,P-012,G-021|P-012,0.0000,423.0592,BBOX_CLEAR
PAIR-002957,G-021,P-013,G-021|P-013,0.0000,431.7201,BBOX_CLEAR
PAIR-002958,G-021,P-014,G-021|P-014,0.0000,423.6107,BBOX_CLEAR
PAIR-002959,G-021,P-015,G-021|P-015,0.0000,274.3377,BBOX_CLEAR
PAIR-002960,G-021,P-016,G-021|P-016,0.0000,274.3377,BBOX_CLEAR
PAIR-002961,G-021,P-017,G-021|P-017,0.0000,279.9377,BBOX_CLEAR
PAIR-002962,G-022,G-023,G-022|G-023,0.0000,536.5392,BBOX_CLEAR
PAIR-002963,G-022,G-024,G-022|G-024,0.0000,514.0245,BBOX_CLEAR
PAIR-002964,G-022,G-025,G-022|G-025,0.0000,499.3138,BBOX_CLEAR
PAIR-002965,G-022,G-026,G-022|G-026,0.0000,477.1113,BBOX_CLEAR
PAIR-002966,G-022,G-027,G-022|G-027,0.0000,461.8154,BBOX_CLEAR
PAIR-002967,G-022,G-028,G-022|G-028,0.0000,607.4927,BBOX_CLEAR
PAIR-002968,G-022,G-029,G-022|G-029,0.0000,598.8892,BBOX_CLEAR
PAIR-002969,G-022,G-030,G-022|G-030,0.0000,585.7785,BBOX_CLEAR
PAIR-002970,G-022,G-031,G-022|G-031,0.0000,570.0457,BBOX_CLEAR
PAIR-002971,G-022,G-032,G-022|G-032,0.0000,291.2843,BBOX_CLEAR
PAIR-002972,G-022,G-033,G-022|G-033,0.0000,282.0151,BBOX_CLEAR
PAIR-002973,G-022,G-034,G-022|G-034,0.0000,241.9405,BBOX_CLEAR
PAIR-002974,G-022,G-035,G-022|G-035,0.0000,216.2026,BBOX_CLEAR
PAIR-002975,G-022,G-036,G-022|G-036,0.0000,200.1857,BBOX_CLEAR
PAIR-002976,G-022,G-037,G-022|G-037,0.0000,175.4594,BBOX_CLEAR
PAIR-002977,G-022,G-038,G-022|G-038,0.0000,158.6775,BBOX_CLEAR
PAIR-002978,G-022,G-039,G-022|G-039,0.0000,139.4943,BBOX_CLEAR
PAIR-002979,G-022,G-040,G-022|G-040,0.0000,121.3909,BBOX_CLEAR
PAIR-002980,G-022,G-041,G-022|G-041,0.0000,120.1131,BBOX_CLEAR
PAIR-002981,G-022,G-042,G-022|G-042,0.0000,108.9149,BBOX_CLEAR
PAIR-002982,G-022,G-043,G-022|G-043,0.0000,96.0182,BBOX_CLEAR
PAIR-002983,G-022,G-044,G-022|G-044,0.0000,53.4717,BBOX_CLEAR
PAIR-002984,G-022,G-045,G-022|G-045,0.0000,39.2564,BBOX_CLEAR
PAIR-002985,G-022,G-046,G-022|G-046,0.0000,767.1450,BBOX_CLEAR
PAIR-002986,G-022,G-047,G-022|G-047,0.0000,727.4236,BBOX_CLEAR
PAIR-002987,G-022,G-048,G-022|G-048,0.0000,703.0136,BBOX_CLEAR
PAIR-002988,G-022,G-049,G-022|G-049,0.0000,684.0037,BBOX_CLEAR
PAIR-002989,G-022,G-050,G-022|G-050,0.0000,674.6011,BBOX_CLEAR
PAIR-002990,G-022,G-051,G-022|G-051,0.0000,655.6180,BBOX_CLEAR
PAIR-002991,G-022,G-052,G-022|G-052,0.0000,646.2296,BBOX_CLEAR
PAIR-002992,G-022,G-053,G-022|G-053,0.0000,620.8880,BBOX_CLEAR
PAIR-002993,G-022,G-054,G-022|G-054,0.0000,611.5196,BBOX_CLEAR
PAIR-002994,G-022,G-055,G-022|G-055,0.0000,592.6105,BBOX_CLEAR
PAIR-002995,G-022,G-056,G-022|G-056,0.0000,573.7284,BBOX_CLEAR
PAIR-002996,G-022,G-057,G-022|G-057,0.0000,560.1287,BBOX_CLEAR
PAIR-002997,G-022,G-058,G-022|G-058,0.0000,985.2507,BBOX_CLEAR
PAIR-002998,G-022,G-059,G-022|G-059,0.0000,970.6621,BBOX_CLEAR
PAIR-002999,G-022,G-060,G-022|G-060,0.0000,1089.5948,BBOX_CLEAR
PAIR-003000,G-022,G-061,G-022|G-061,0.0000,1074.5562,BBOX_CLEAR
PAIR-003001,G-022,G-062,G-022|G-062,0.0000,1192.1437,BBOX_CLEAR
PAIR-003002,G-022,G-063,G-022|G-063,0.0000,1177.2290,BBOX_CLEAR
PAIR-003003,G-022,G-064,G-022|G-064,0.0000,202.3029,BBOX_CLEAR
PAIR-003004,G-022,G-065,G-022|G-065,0.0000,203.3854,BBOX_CLEAR
PAIR-003005,G-022,G-066,G-022|G-066,0.0000,516.2585,BBOX_CLEAR
PAIR-003006,G-022,G-067,G-022|G-067,0.0000,476.4540,BBOX_CLEAR
PAIR-003007,G-022,G-068,G-022|G-068,0.0000,446.3258,BBOX_CLEAR
PAIR-003008,G-022,G-069,G-022|G-069,0.0000,1254.6969,BBOX_CLEAR
PAIR-003009,G-022,G-070,G-022|G-070,0.0000,1246.8543,BBOX_CLEAR
PAIR-003010,G-022,G-071,G-022|G-071,0.0000,1201.9961,BBOX_CLEAR
PAIR-003011,G-022,G-072,G-022|G-072,0.0000,1175.2249,BBOX_CLEAR
PAIR-003012,G-022,G-073,G-022|G-073,0.0000,1167.9684,BBOX_CLEAR
PAIR-003013,G-022,G-074,G-022|G-074,0.0000,1123.1244,BBOX_CLEAR
PAIR-003014,G-022,G-075,G-022|G-075,0.0000,1096.6818,BBOX_CLEAR
PAIR-003015,G-022,G-076,G-022|G-076,0.0000,1090.0328,BBOX_CLEAR
PAIR-003016,G-022,G-077,G-022|G-077,0.0000,980.4990,BBOX_CLEAR
PAIR-003017,G-022,G-078,G-022|G-078,0.0000,966.0663,BBOX_CLEAR
PAIR-003018,G-022,G-079,G-022|G-079,0.0000,944.7158,BBOX_CLEAR
PAIR-003019,G-022,G-080,G-022|G-080,0.0000,939.8442,BBOX_CLEAR
PAIR-003020,G-022,G-081,G-022|G-081,0.0000,920.7583,BBOX_CLEAR
PAIR-003021,G-022,G-082,G-022|G-082,0.0000,894.2536,BBOX_CLEAR
PAIR-003022,G-022,G-083,G-022|G-083,0.0000,890.1063,BBOX_CLEAR
PAIR-003023,G-022,G-084,G-022|G-084,0.0000,866.4560,BBOX_CLEAR
PAIR-003024,G-022,G-085,G-022|G-085,0.0000,832.5704,BBOX_CLEAR
PAIR-003025,G-022,G-086,G-022|G-086,0.0000,803.5406,BBOX_CLEAR
PAIR-003026,G-022,G-087,G-022|G-087,0.0000,787.6145,BBOX_CLEAR
PAIR-003027,G-022,G-088,G-022|G-088,0.0000,801.8390,BBOX_CLEAR
PAIR-003028,G-022,G-089,G-022|G-089,0.0000,776.4537,BBOX_CLEAR
PAIR-003029,G-022,G-090,G-022|G-090,0.0000,759.6778,BBOX_CLEAR
PAIR-003030,G-022,G-091,G-022|G-091,0.0000,729.5569,BBOX_CLEAR
PAIR-003031,G-022,G-092,G-022|G-092,0.0000,704.1961,BBOX_CLEAR
PAIR-003032,G-022,G-093,G-022|G-093,0.0000,688.7507,BBOX_CLEAR
PAIR-003033,G-022,G-094,G-022|G-094,0.0000,705.0268,BBOX_CLEAR
PAIR-003034,G-022,G-095,G-022|G-095,0.0000,679.2161,BBOX_CLEAR
PAIR-003035,G-022,G-096,G-022|G-096,0.0000,664.4402,BBOX_CLEAR
PAIR-003036,G-022,G-097,G-022|G-097,0.0000,656.2992,BBOX_CLEAR
PAIR-003037,G-022,G-098,G-022|G-098,0.0000,641.9685,BBOX_CLEAR
PAIR-003038,G-022,G-099,G-022|G-099,0.0000,626.8920,BBOX_CLEAR
PAIR-003039,G-022,G-100,G-022|G-100,0.0000,1394.7852,BBOX_CLEAR
PAIR-003040,G-022,G-101,G-022|G-101,0.0000,1372.9362,BBOX_CLEAR
PAIR-003041,G-022,G-102,G-022|G-102,0.0000,1362.3724,BBOX_CLEAR
PAIR-003042,G-022,G-103,G-022|G-103,0.0000,1343.4631,BBOX_CLEAR
PAIR-003043,G-022,G-104,G-022|G-104,0.0000,1266.9250,BBOX_CLEAR
PAIR-003044,G-022,G-105,G-022|G-105,0.0000,1229.3100,BBOX_CLEAR
PAIR-003045,G-022,G-106,G-022|G-106,0.0000,1191.9538,BBOX_CLEAR
PAIR-003046,G-022,G-107,G-022|G-107,0.0000,1154.8813,BBOX_CLEAR
PAIR-003047,G-022,G-108,G-022|G-108,0.0000,1118.1208,BBOX_CLEAR
PAIR-003048,G-022,G-109,G-022|G-109,0.0000,1081.7041,BBOX_CLEAR
PAIR-003049,G-022,G-110,G-022|G-110,0.0000,1045.6672,BBOX_CLEAR
PAIR-003050,G-022,G-111,G-022|G-111,0.0000,1010.0505,BBOX_CLEAR
PAIR-003051,G-022,G-112,G-022|G-112,0.0000,974.9004,BBOX_CLEAR
PAIR-003052,G-022,G-113,G-022|G-113,0.0000,940.2690,BBOX_CLEAR
PAIR-003053,G-022,G-114,G-022|G-114,0.0000,906.2158,BBOX_CLEAR
PAIR-003054,G-022,G-115,G-022|G-115,0.0000,872.8085,BBOX_CLEAR
PAIR-003055,G-022,G-116,G-022|G-116,0.0000,840.1242,BBOX_CLEAR
PAIR-003056,G-022,G-117,G-022|G-117,0.0000,808.2506,BBOX_CLEAR
PAIR-003057,G-022,G-118,G-022|G-118,0.0000,777.2874,BBOX_CLEAR
PAIR-003058,G-022,G-119,G-022|G-119,0.0000,747.3477,BBOX_CLEAR
PAIR-003059,G-022,G-120,G-022|G-120,0.0000,718.5596,BBOX_CLEAR
PAIR-003060,G-022,G-121,G-022|G-121,0.0000,691.0670,BBOX_CLEAR
PAIR-003061,G-022,G-122,G-022|G-122,0.0000,665.0305,BBOX_CLEAR
PAIR-003062,G-022,G-123,G-022|G-123,0.0000,640.6277,BBOX_CLEAR
PAIR-003063,G-022,G-124,G-022|G-124,0.0000,618.0521,BBOX_CLEAR
PAIR-003064,G-022,G-125,G-022|G-125,0.0000,597.5110,BBOX_CLEAR
PAIR-003065,G-022,G-126,G-022|G-126,0.0000,579.2207,BBOX_CLEAR
PAIR-003066,G-022,G-127,G-022|G-127,0.0000,563.4006,BBOX_CLEAR
PAIR-003067,G-022,G-128,G-022|G-128,0.0000,550.2638,BBOX_CLEAR
PAIR-003068,G-022,G-129,G-022|G-129,0.0000,540.0060,BBOX_CLEAR
PAIR-003069,G-022,G-130,G-022|G-130,0.0000,532.7937,BBOX_CLEAR
PAIR-003070,G-022,G-131,G-022|G-131,0.0000,528.7514,BBOX_CLEAR
PAIR-003071,G-022,G-132,G-022|G-132,0.0000,527.8460,BBOX_CLEAR
PAIR-003072,G-022,G-133,G-022|G-133,0.0000,527.8460,BBOX_CLEAR
PAIR-003073,G-022,G-134,G-022|G-134,0.0000,528.0290,BBOX_CLEAR
PAIR-003074,G-022,G-135,G-022|G-135,0.0000,530.7466,BBOX_CLEAR
PAIR-003075,G-022,P-001,G-022|P-001,0.0000,240.2705,BBOX_CLEAR
PAIR-003076,G-022,P-002,G-022|P-002,0.0000,230.3208,BBOX_CLEAR
PAIR-003077,G-022,P-003,G-022|P-003,0.0000,800.7714,BBOX_CLEAR
PAIR-003078,G-022,P-004,G-022|P-004,0.0000,801.3546,BBOX_CLEAR
PAIR-003079,G-022,P-005,G-022|P-005,0.0000,633.9578,BBOX_CLEAR
PAIR-003080,G-022,P-006,G-022|P-006,0.0000,519.0965,BBOX_CLEAR
PAIR-003081,G-022,P-007,G-022|P-007,0.0000,445.3727,BBOX_CLEAR
PAIR-003082,G-022,P-008,G-022|P-008,0.0000,513.1739,BBOX_CLEAR
PAIR-003083,G-022,P-009,G-022|P-009,0.0000,441.4465,BBOX_CLEAR
PAIR-003084,G-022,P-010,G-022|P-010,0.0000,435.6514,BBOX_CLEAR
PAIR-003085,G-022,P-011,G-022|P-011,0.0000,405.0248,BBOX_CLEAR
PAIR-003086,G-022,P-012,G-022|P-012,0.0000,460.8609,BBOX_CLEAR
PAIR-003087,G-022,P-013,G-022|P-013,0.0000,462.2019,BBOX_CLEAR
PAIR-003088,G-022,P-014,G-022|P-014,0.0000,453.9801,BBOX_CLEAR
PAIR-003089,G-022,P-015,G-022|P-015,0.0000,312.5277,BBOX_CLEAR
PAIR-003090,G-022,P-016,G-022|P-016,0.0000,312.5277,BBOX_CLEAR
PAIR-003091,G-022,P-017,G-022|P-017,0.0000,317.4548,BBOX_CLEAR
PAIR-003092,G-023,G-024,G-023|G-024,0.0000,0.0000,BBOX_WITHIN_8PX
PAIR-003093,G-023,G-025,G-023|G-025,0.0000,23.2951,BBOX_CLEAR
PAIR-003094,G-023,G-026,G-023|G-026,0.0000,37.2253,BBOX_CLEAR
PAIR-003095,G-023,G-027,G-023|G-027,0.0000,60.7935,BBOX_CLEAR
PAIR-003096,G-023,G-028,G-023|G-028,0.0000,41.7662,BBOX_CLEAR
PAIR-003097,G-023,G-029,G-023|G-029,0.0000,33.1628,BBOX_CLEAR
PAIR-003098,G-023,G-030,G-023|G-030,0.0000,20.0521,BBOX_CLEAR
PAIR-003099,G-023,G-031,G-023|G-031,0.0000,4.3193,BBOX_WITHIN_8PX
PAIR-003100,G-023,G-032,G-023|G-032,0.0000,235.9582,BBOX_CLEAR
PAIR-003101,G-023,G-033,G-023|G-033,0.0000,254.3445,BBOX_CLEAR
PAIR-003102,G-023,G-034,G-023|G-034,0.0000,275.1656,BBOX_CLEAR
PAIR-003103,G-023,G-035,G-023|G-035,0.0000,303.1710,BBOX_CLEAR
PAIR-003104,G-023,G-036,G-023|G-036,0.0000,329.2408,BBOX_CLEAR
PAIR-003105,G-023,G-037,G-023|G-037,0.0000,344.9371,BBOX_CLEAR
PAIR-003106,G-023,G-038,G-023|G-038,0.0000,371.2165,BBOX_CLEAR
PAIR-003107,G-023,G-039,G-023|G-039,0.0000,385.0014,BBOX_CLEAR
PAIR-003108,G-023,G-040,G-023|G-040,0.0000,404.7004,BBOX_CLEAR
PAIR-003109,G-023,G-041,G-023|G-041,0.0000,428.1572,BBOX_CLEAR
PAIR-003110,G-023,G-042,G-023|G-042,0.0000,436.4547,BBOX_CLEAR
PAIR-003111,G-023,G-043,G-023|G-043,0.0000,449.1074,BBOX_CLEAR
PAIR-003112,G-023,G-044,G-023|G-044,0.0000,473.9877,BBOX_CLEAR
PAIR-003113,G-023,G-045,G-023|G-045,0.0000,513.7815,BBOX_CLEAR
PAIR-003114,G-023,G-046,G-023|G-046,0.0000,237.6222,BBOX_CLEAR
PAIR-003115,G-023,G-047,G-023|G-047,0.0000,206.5440,BBOX_CLEAR
PAIR-003116,G-023,G-048,G-023|G-048,0.0000,189.1520,BBOX_CLEAR
PAIR-003117,G-023,G-049,G-023|G-049,0.0000,176.8204,BBOX_CLEAR
PAIR-003118,G-023,G-050,G-023|G-050,0.0000,171.1951,BBOX_CLEAR
PAIR-003119,G-023,G-051,G-023|G-051,0.0000,160.9664,BBOX_CLEAR
PAIR-003120,G-023,G-052,G-023|G-052,0.0000,156.5394,BBOX_CLEAR
PAIR-003121,G-023,G-053,G-023|G-053,0.0000,147.0404,BBOX_CLEAR
PAIR-003122,G-023,G-054,G-023|G-054,0.0000,144.5405,BBOX_CLEAR
PAIR-003123,G-023,G-055,G-023|G-055,0.0000,141.3401,BBOX_CLEAR
PAIR-003124,G-023,G-056,G-023|G-056,0.0000,140.6423,BBOX_CLEAR
PAIR-003125,G-023,G-057,G-023|G-057,0.0000,140.6423,BBOX_CLEAR
PAIR-003126,G-023,G-058,G-023|G-058,0.0000,435.1759,BBOX_CLEAR
PAIR-003127,G-023,G-059,G-023|G-059,0.0000,425.1296,BBOX_CLEAR
PAIR-003128,G-023,G-060,G-023|G-060,0.0000,533.6243,BBOX_CLEAR
PAIR-003129,G-023,G-061,G-023|G-061,0.0000,521.5775,BBOX_CLEAR
PAIR-003130,G-023,G-062,G-023|G-062,0.0000,636.7927,BBOX_CLEAR
PAIR-003131,G-023,G-063,G-023|G-063,0.0000,624.5499,BBOX_CLEAR
PAIR-003132,G-023,G-064,G-023|G-064,0.0000,439.4401,BBOX_CLEAR
PAIR-003133,G-023,G-065,G-023|G-065,0.0000,465.8805,BBOX_CLEAR
PAIR-003134,G-023,G-066,G-023|G-066,0.0000,312.9529,BBOX_CLEAR
PAIR-003135,G-023,G-067,G-023|G-067,0.0000,322.4645,BBOX_CLEAR
PAIR-003136,G-023,G-068,G-023|G-068,0.0000,338.0024,BBOX_CLEAR
PAIR-003137,G-023,G-069,G-023|G-069,0.0000,764.7783,BBOX_CLEAR
PAIR-003138,G-023,G-070,G-023|G-070,0.0000,763.4373,BBOX_CLEAR
PAIR-003139,G-023,G-071,G-023|G-071,0.0000,720.7442,BBOX_CLEAR
PAIR-003140,G-023,G-072,G-023|G-072,0.0000,698.9572,BBOX_CLEAR
PAIR-003141,G-023,G-073,G-023|G-073,0.0000,699.3433,BBOX_CLEAR
PAIR-003142,G-023,G-074,G-023|G-074,0.0000,657.8979,BBOX_CLEAR
PAIR-003143,G-023,G-075,G-023|G-075,0.0000,637.8421,BBOX_CLEAR
PAIR-003144,G-023,G-076,G-023|G-076,0.0000,640.2359,BBOX_CLEAR
PAIR-003145,G-023,G-077,G-023|G-077,0.0000,560.4168,BBOX_CLEAR
PAIR-003146,G-023,G-078,G-023|G-078,0.0000,551.7459,BBOX_CLEAR
PAIR-003147,G-023,G-079,G-023|G-079,0.0000,539.5054,BBOX_CLEAR
PAIR-003148,G-023,G-080,G-023|G-080,0.0000,547.2216,BBOX_CLEAR
PAIR-003149,G-023,G-081,G-023|G-081,0.0000,526.6737,BBOX_CLEAR
PAIR-003150,G-023,G-082,G-023|G-082,0.0000,513.7025,BBOX_CLEAR
PAIR-003151,G-023,G-083,G-023|G-083,0.0000,523.4745,BBOX_CLEAR
PAIR-003152,G-023,G-084,G-023|G-084,0.0000,501.6278,BBOX_CLEAR
PAIR-003153,G-023,G-085,G-023|G-085,0.0000,489.2703,BBOX_CLEAR
PAIR-003154,G-023,G-086,G-023|G-086,0.0000,480.9788,BBOX_CLEAR
PAIR-003155,G-023,G-087,G-023|G-087,0.0000,472.3961,BBOX_CLEAR
PAIR-003156,G-023,G-088,G-023|G-088,0.0000,496.2430,BBOX_CLEAR
PAIR-003157,G-023,G-089,G-023|G-089,0.0000,475.3499,BBOX_CLEAR
PAIR-003158,G-023,G-090,G-023|G-090,0.0000,472.9631,BBOX_CLEAR
PAIR-003159,G-023,G-091,G-023|G-091,0.0000,470.9437,BBOX_CLEAR
PAIR-003160,G-023,G-092,G-023|G-092,0.0000,470.9039,BBOX_CLEAR
PAIR-003161,G-023,G-093,G-023|G-093,0.0000,465.1219,BBOX_CLEAR
PAIR-003162,G-023,G-094,G-023|G-094,0.0000,489.3760,BBOX_CLEAR
PAIR-003163,G-023,G-095,G-023|G-095,0.0000,471.1206,BBOX_CLEAR
PAIR-003164,G-023,G-096,G-023|G-096,0.0000,471.8893,BBOX_CLEAR
PAIR-003165,G-023,G-097,G-023|G-097,0.0000,473.6031,BBOX_CLEAR
PAIR-003166,G-023,G-098,G-023|G-098,0.0000,474.9264,BBOX_CLEAR
PAIR-003167,G-023,G-099,G-023|G-099,0.0000,477.9375,BBOX_CLEAR
PAIR-003168,G-023,G-100,G-023|G-100,0.0000,903.6397,BBOX_CLEAR
PAIR-003169,G-023,G-101,G-023|G-101,0.0000,889.3650,BBOX_CLEAR
PAIR-003170,G-023,G-102,G-023|G-102,0.0000,880.3624,BBOX_CLEAR
PAIR-003171,G-023,G-103,G-023|G-103,0.0000,864.3620,BBOX_CLEAR
PAIR-003172,G-023,G-104,G-023|G-104,0.0000,800.7527,BBOX_CLEAR
PAIR-003173,G-023,G-105,G-023|G-105,0.0000,770.8936,BBOX_CLEAR
PAIR-003174,G-023,G-106,G-023|G-106,0.0000,742.1559,BBOX_CLEAR
PAIR-003175,G-023,G-107,G-023|G-107,0.0000,714.6749,BBOX_CLEAR
PAIR-003176,G-023,G-108,G-023|G-108,0.0000,688.6009,BBOX_CLEAR
PAIR-003177,G-023,G-109,G-023|G-109,0.0000,664.0999,BBOX_CLEAR
PAIR-003178,G-023,G-110,G-023|G-110,0.0000,641.3521,BBOX_CLEAR
PAIR-003179,G-023,G-111,G-023|G-111,0.0000,620.5502,BBOX_CLEAR
PAIR-003180,G-023,G-112,G-023|G-112,0.0000,601.8962,BBOX_CLEAR
PAIR-003181,G-023,G-113,G-023|G-113,0.0000,585.5952,BBOX_CLEAR
PAIR-003182,G-023,G-114,G-023|G-114,0.0000,571.8486,BBOX_CLEAR
PAIR-003183,G-023,G-115,G-023|G-115,0.0000,560.8442,BBOX_CLEAR
PAIR-003184,G-023,G-116,G-023|G-116,0.0000,552.7459,BBOX_CLEAR
PAIR-003185,G-023,G-117,G-023|G-117,0.0000,547.6825,BBOX_CLEAR
PAIR-003186,G-023,G-118,G-023|G-118,0.0000,545.7385,BBOX_CLEAR
PAIR-003187,G-023,G-119,G-023|G-119,0.0000,545.7170,BBOX_CLEAR
PAIR-003188,G-023,G-120,G-023|G-120,0.0000,545.7682,BBOX_CLEAR
PAIR-003189,G-023,G-121,G-023|G-121,0.0000,547.9113,BBOX_CLEAR
PAIR-003190,G-023,G-122,G-023|G-122,0.0000,553.1699,BBOX_CLEAR
PAIR-003191,G-023,G-123,G-023|G-123,0.0000,561.4566,BBOX_CLEAR
PAIR-003192,G-023,G-124,G-023|G-124,0.0000,572.6399,BBOX_CLEAR
PAIR-003193,G-023,G-125,G-023|G-125,0.0000,586.5540,BBOX_CLEAR
PAIR-003194,G-023,G-126,G-023|G-126,0.0000,603.0101,BBOX_CLEAR
PAIR-003195,G-023,G-127,G-023|G-127,0.0000,621.8062,BBOX_CLEAR
PAIR-003196,G-023,G-128,G-023|G-128,0.0000,642.7373,BBOX_CLEAR
PAIR-003197,G-023,G-129,G-023|G-129,0.0000,665.6018,BBOX_CLEAR
PAIR-003198,G-023,G-130,G-023|G-130,0.0000,690.2076,BBOX_CLEAR
PAIR-003199,G-023,G-131,G-023|G-131,0.0000,716.3755,BBOX_CLEAR
PAIR-003200,G-023,G-132,G-023|G-132,0.0000,743.9404,BBOX_CLEAR
PAIR-003201,G-023,G-133,G-023|G-133,0.0000,772.7530,BBOX_CLEAR
PAIR-003202,G-023,G-134,G-023|G-134,0.0000,802.6789,BBOX_CLEAR
PAIR-003203,G-023,G-135,G-023|G-135,0.0000,833.5982,BBOX_CLEAR
PAIR-003204,G-023,P-001,G-023|P-001,0.0000,241.8623,BBOX_CLEAR
PAIR-003205,G-023,P-002,G-023|P-002,0.0000,502.3329,BBOX_CLEAR
PAIR-003206,G-023,P-003,G-023|P-003,0.0000,235.0449,BBOX_CLEAR
PAIR-003207,G-023,P-004,G-023|P-004,0.0000,247.0936,BBOX_CLEAR
PAIR-003208,G-023,P-005,G-023|P-005,0.0000,146.8355,BBOX_CLEAR
PAIR-003209,G-023,P-006,G-023|P-006,0.0000,71.2089,BBOX_CLEAR
PAIR-003210,G-023,P-007,G-023|P-007,0.0000,28.5464,BBOX_CLEAR
PAIR-003211,G-023,P-008,G-023|P-008,0.0000,103.9615,BBOX_CLEAR
PAIR-003212,G-023,P-009,G-023|P-009,0.0000,28.5749,BBOX_CLEAR
PAIR-003213,G-023,P-010,G-023|P-010,0.0000,91.0991,BBOX_CLEAR
PAIR-003214,G-023,P-011,G-023|P-011,0.0000,24.9969,BBOX_CLEAR
PAIR-003215,G-023,P-012,G-023|P-012,0.0000,93.2383,BBOX_CLEAR
PAIR-003216,G-023,P-013,G-023|P-013,0.0000,302.9164,BBOX_CLEAR
PAIR-003217,G-023,P-014,G-023|P-014,0.0000,324.7071,BBOX_CLEAR
PAIR-003218,G-023,P-015,G-023|P-015,1138.8978,0.0000,BBOX_INTERSECTION
PAIR-003219,G-023,P-016,G-023|P-016,0.0000,105.5057,BBOX_CLEAR
PAIR-003220,G-023,P-017,G-023|P-017,0.0000,90.2064,BBOX_CLEAR
PAIR-003221,G-024,G-025,G-024|G-025,0.0000,0.7804,BBOX_WITHIN_8PX
PAIR-003222,G-024,G-026,G-024|G-026,0.0000,14.7106,BBOX_CLEAR
PAIR-003223,G-024,G-027,G-024|G-027,0.0000,38.2788,BBOX_CLEAR
PAIR-003224,G-024,G-028,G-024|G-028,0.0000,70.9535,BBOX_CLEAR
PAIR-003225,G-024,G-029,G-024|G-029,0.0000,62.3501,BBOX_CLEAR
PAIR-003226,G-024,G-030,G-024|G-030,0.0000,49.2394,BBOX_CLEAR
PAIR-003227,G-024,G-031,G-024|G-031,0.0000,33.5065,BBOX_CLEAR
PAIR-003228,G-024,G-032,G-024|G-032,0.0000,214.1779,BBOX_CLEAR
PAIR-003229,G-024,G-033,G-024|G-033,0.0000,232.4560,BBOX_CLEAR
PAIR-003230,G-024,G-034,G-024|G-034,0.0000,253.1812,BBOX_CLEAR
PAIR-003231,G-024,G-035,G-024|G-035,0.0000,281.0889,BBOX_CLEAR
PAIR-003232,G-024,G-036,G-024|G-036,0.0000,307.0901,BBOX_CLEAR
PAIR-003233,G-024,G-037,G-024|G-037,0.0000,322.7528,BBOX_CLEAR
PAIR-003234,G-024,G-038,G-024|G-038,0.0000,348.9854,BBOX_CLEAR
PAIR-003235,G-024,G-039,G-024|G-039,0.0000,362.6268,BBOX_CLEAR
PAIR-003236,G-024,G-040,G-024|G-040,0.0000,382.4267,BBOX_CLEAR
PAIR-003237,G-024,G-041,G-024|G-041,0.0000,405.9970,BBOX_CLEAR
PAIR-003238,G-024,G-042,G-024|G-042,0.0000,414.2807,BBOX_CLEAR
PAIR-003239,G-024,G-043,G-024|G-043,0.0000,426.9139,BBOX_CLEAR
PAIR-003240,G-024,G-044,G-024|G-044,0.0000,451.6441,BBOX_CLEAR
PAIR-003241,G-024,G-045,G-024|G-045,0.0000,491.4118,BBOX_CLEAR
PAIR-003242,G-024,G-046,G-024|G-046,0.0000,261.7189,BBOX_CLEAR
PAIR-003243,G-024,G-047,G-024|G-047,0.0000,228.7841,BBOX_CLEAR
PAIR-003244,G-024,G-048,G-024|G-048,0.0000,209.7947,BBOX_CLEAR
PAIR-003245,G-024,G-049,G-024|G-049,0.0000,195.8910,BBOX_CLEAR
PAIR-003246,G-024,G-050,G-024|G-050,0.0000,189.3609,BBOX_CLEAR
PAIR-003247,G-024,G-051,G-024|G-051,0.0000,177.0098,BBOX_CLEAR
PAIR-003248,G-024,G-052,G-024|G-052,0.0000,171.3733,BBOX_CLEAR
PAIR-003249,G-024,G-053,G-024|G-053,0.0000,158.0417,BBOX_CLEAR
PAIR-003250,G-024,G-054,G-024|G-054,0.0000,153.9163,BBOX_CLEAR
PAIR-003251,G-024,G-055,G-024|G-055,0.0000,147.1318,BBOX_CLEAR
PAIR-003252,G-024,G-056,G-024|G-056,0.0000,142.6585,BBOX_CLEAR
PAIR-003253,G-024,G-057,G-024|G-057,0.0000,140.9952,BBOX_CLEAR
PAIR-003254,G-024,G-058,G-024|G-058,0.0000,462.8953,BBOX_CLEAR
PAIR-003255,G-024,G-059,G-024|G-059,0.0000,452.3654,BBOX_CLEAR
PAIR-003256,G-024,G-060,G-024|G-060,0.0000,562.0245,BBOX_CLEAR
PAIR-003257,G-024,G-061,G-024|G-061,0.0000,549.6981,BBOX_CLEAR
PAIR-003258,G-024,G-062,G-024|G-062,0.0000,665.2104,BBOX_CLEAR
PAIR-003259,G-024,G-063,G-024|G-063,0.0000,652.7385,BBOX_CLEAR
PAIR-003260,G-024,G-064,G-024|G-064,0.0000,419.1154,BBOX_CLEAR
PAIR-003261,G-024,G-065,G-024|G-065,0.0000,445.5894,BBOX_CLEAR
PAIR-003262,G-024,G-066,G-024|G-066,0.0000,307.9835,BBOX_CLEAR
PAIR-003263,G-024,G-067,G-024|G-067,0.0000,315.1191,BBOX_CLEAR
PAIR-003264,G-024,G-068,G-024|G-068,0.0000,328.3940,BBOX_CLEAR
PAIR-003265,G-024,G-069,G-024|G-069,0.0000,788.1079,BBOX_CLEAR
PAIR-003266,G-024,G-070,G-024|G-070,0.0000,786.2501,BBOX_CLEAR
PAIR-003267,G-024,G-071,G-024|G-071,0.0000,743.2332,BBOX_CLEAR
PAIR-003268,G-024,G-072,G-024|G-072,0.0000,720.9556,BBOX_CLEAR
PAIR-003269,G-024,G-073,G-024|G-073,0.0000,720.7237,BBOX_CLEAR
PAIR-003270,G-024,G-074,G-024|G-074,0.0000,678.7944,BBOX_CLEAR
PAIR-003271,G-024,G-075,G-024|G-075,0.0000,658.0935,BBOX_CLEAR
PAIR-003272,G-024,G-076,G-024|G-076,0.0000,659.7495,BBOX_CLEAR
PAIR-003273,G-024,G-077,G-024|G-077,0.0000,576.7627,BBOX_CLEAR
PAIR-003274,G-024,G-078,G-024|G-078,0.0000,567.5032,BBOX_CLEAR
PAIR-003275,G-024,G-079,G-024|G-079,0.0000,554.3345,BBOX_CLEAR
PAIR-003276,G-024,G-080,G-024|G-080,0.0000,561.0675,BBOX_CLEAR
PAIR-003277,G-024,G-081,G-024|G-081,0.0000,540.3757,BBOX_CLEAR
PAIR-003278,G-024,G-082,G-024|G-082,0.0000,526.0468,BBOX_CLEAR
PAIR-003279,G-024,G-083,G-024|G-083,0.0000,534.7773,BBOX_CLEAR
PAIR-003280,G-024,G-084,G-024|G-084,0.0000,512.4186,BBOX_CLEAR
PAIR-003281,G-024,G-085,G-024|G-085,0.0000,497.9852,BBOX_CLEAR
PAIR-003282,G-024,G-086,G-024|G-086,0.0000,487.7592,BBOX_CLEAR
PAIR-003283,G-024,G-087,G-024|G-087,0.0000,478.3625,BBOX_CLEAR
PAIR-003284,G-024,G-088,G-024|G-088,0.0000,501.9451,BBOX_CLEAR
PAIR-003285,G-024,G-089,G-024|G-089,0.0000,480.2038,BBOX_CLEAR
PAIR-003286,G-024,G-090,G-024|G-090,0.0000,476.5705,BBOX_CLEAR
PAIR-003287,G-024,G-091,G-024|G-091,0.0000,472.2261,BBOX_CLEAR
PAIR-003288,G-024,G-092,G-024|G-092,0.0000,470.9110,BBOX_CLEAR
PAIR-003289,G-024,G-093,G-024|G-093,0.0000,465.1219,BBOX_CLEAR
PAIR-003290,G-024,G-094,G-024|G-094,0.0000,489.3760,BBOX_CLEAR
PAIR-003291,G-024,G-095,G-024|G-095,0.0000,470.9039,BBOX_CLEAR
PAIR-003292,G-024,G-096,G-024|G-096,0.0000,470.9712,BBOX_CLEAR
PAIR-003293,G-024,G-097,G-024|G-097,0.0000,471.7342,BBOX_CLEAR
PAIR-003294,G-024,G-098,G-024|G-098,0.0000,472.5299,BBOX_CLEAR
PAIR-003295,G-024,G-099,G-024|G-099,0.0000,474.6078,BBOX_CLEAR
PAIR-003296,G-024,G-100,G-024|G-100,0.0000,927.4199,BBOX_CLEAR
PAIR-003297,G-024,G-101,G-024|G-101,0.0000,912.5482,BBOX_CLEAR
PAIR-003298,G-024,G-102,G-024|G-102,0.0000,903.4065,BBOX_CLEAR
PAIR-003299,G-024,G-103,G-024|G-103,0.0000,887.1457,BBOX_CLEAR
PAIR-003300,G-024,G-104,G-024|G-104,0.0000,822.3529,BBOX_CLEAR
PAIR-003301,G-024,G-105,G-024|G-105,0.0000,791.7785,BBOX_CLEAR
PAIR-003302,G-024,G-106,G-024|G-106,0.0000,762.2392,BBOX_CLEAR
PAIR-003303,G-024,G-107,G-024|G-107,0.0000,733.8597,BBOX_CLEAR
PAIR-003304,G-024,G-108,G-024|G-108,0.0000,706.7800,BBOX_CLEAR
PAIR-003305,G-024,G-109,G-024|G-109,0.0000,681.1551,BBOX_CLEAR
PAIR-003306,G-024,G-110,G-024|G-110,0.0000,657.1551,BBOX_CLEAR
PAIR-003307,G-024,G-111,G-024|G-111,0.0000,634.9644,BBOX_CLEAR
PAIR-003308,G-024,G-112,G-024|G-112,0.0000,614.7788,BBOX_CLEAR
PAIR-003309,G-024,G-113,G-024|G-113,0.0000,596.8019,BBOX_CLEAR
PAIR-003310,G-024,G-114,G-024|G-114,0.0000,581.2387,BBOX_CLEAR
PAIR-003311,G-024,G-115,G-024|G-115,0.0000,568.2875,BBOX_CLEAR
PAIR-003312,G-024,G-116,G-024|G-116,0.0000,558.1301,BBOX_CLEAR
PAIR-003313,G-024,G-117,G-024|G-117,0.0000,550.9212,BBOX_CLEAR
PAIR-003314,G-024,G-118,G-024|G-118,0.0000,546.7772,BBOX_CLEAR
PAIR-003315,G-024,G-119,G-024|G-119,0.0000,545.7170,BBOX_CLEAR
PAIR-003316,G-024,G-120,G-024|G-120,0.0000,545.7170,BBOX_CLEAR
PAIR-003317,G-024,G-121,G-024|G-121,0.0000,546.3587,BBOX_CLEAR
PAIR-003318,G-024,G-122,G-024|G-122,0.0000,549.9353,BBOX_CLEAR
PAIR-003319,G-024,G-123,G-024|G-123,0.0000,556.5933,BBOX_CLEAR
PAIR-003320,G-024,G-124,G-024|G-124,0.0000,566.2241,BBOX_CLEAR
PAIR-003321,G-024,G-125,G-024|G-125,0.0000,578.6793,BBOX_CLEAR
PAIR-003322,G-024,G-126,G-024|G-126,0.0000,593.7812,BBOX_CLEAR
PAIR-003323,G-024,G-127,G-024|G-127,0.0000,611.3336,BBOX_CLEAR
PAIR-003324,G-024,G-128,G-024|G-128,0.0000,631.1321,BBOX_CLEAR
PAIR-003325,G-024,G-129,G-024|G-129,0.0000,652.9725,BBOX_CLEAR
PAIR-003326,G-024,G-130,G-024|G-130,0.0000,676.6570,BBOX_CLEAR
PAIR-003327,G-024,G-131,G-024|G-131,0.0000,701.9990,BBOX_CLEAR
PAIR-003328,G-024,G-132,G-024|G-132,0.0000,728.8257,BBOX_CLEAR
PAIR-003329,G-024,G-133,G-024|G-133,0.0000,756.9792,BBOX_CLEAR
PAIR-003330,G-024,G-134,G-024|G-134,0.0000,786.3171,BBOX_CLEAR
PAIR-003331,G-024,G-135,G-024|G-135,0.0000,816.7116,BBOX_CLEAR
PAIR-003332,G-024,P-001,G-024|P-001,0.0000,241.8623,BBOX_CLEAR
PAIR-003333,G-024,P-002,G-024|P-002,0.0000,482.5395,BBOX_CLEAR
PAIR-003334,G-024,P-003,G-024|P-003,0.0000,264.2322,BBOX_CLEAR
PAIR-003335,G-024,P-004,G-024|P-004,0.0000,274.2356,BBOX_CLEAR
PAIR-003336,G-024,P-005,G-024|P-005,0.0000,160.4874,BBOX_CLEAR
PAIR-003337,G-024,P-006,G-024|P-006,0.0000,71.2089,BBOX_CLEAR
PAIR-003338,G-024,P-007,G-024|P-007,0.0000,28.5464,BBOX_CLEAR
PAIR-003339,G-024,P-008,G-024|P-008,0.0000,103.4983,BBOX_CLEAR
PAIR-003340,G-024,P-009,G-024|P-009,0.0000,20.2293,BBOX_CLEAR
PAIR-003341,G-024,P-010,G-024|P-010,0.0000,68.8894,BBOX_CLEAR
PAIR-003342,G-024,P-011,G-024|P-011,0.0000,24.9969,BBOX_CLEAR
PAIR-003343,G-024,P-012,G-024|P-012,0.0000,84.2348,BBOX_CLEAR
PAIR-003344,G-024,P-013,G-024|P-013,0.0000,296.4590,BBOX_CLEAR
PAIR-003345,G-024,P-014,G-024|P-014,0.0000,314.3673,BBOX_CLEAR
PAIR-003346,G-024,P-015,G-024|P-015,878.5314,0.0000,BBOX_INTERSECTION
PAIR-003347,G-024,P-016,G-024|P-016,0.0000,82.9910,BBOX_CLEAR
PAIR-003348,G-024,P-017,G-024|P-017,0.0000,79.3382,BBOX_CLEAR
PAIR-003349,G-025,G-026,G-025|G-026,0.0000,0.0000,BBOX_WITHIN_8PX
PAIR-003350,G-025,G-027,G-025|G-027,0.0000,23.5682,BBOX_CLEAR
PAIR-003351,G-025,G-028,G-025|G-028,0.0000,94.2486,BBOX_CLEAR
PAIR-003352,G-025,G-029,G-025|G-029,0.0000,85.6452,BBOX_CLEAR
PAIR-003353,G-025,G-030,G-025|G-030,0.0000,72.5345,BBOX_CLEAR
PAIR-003354,G-025,G-031,G-025|G-031,0.0000,56.8016,BBOX_CLEAR
PAIR-003355,G-025,G-032,G-025|G-032,0.0000,200.0350,BBOX_CLEAR
PAIR-003356,G-025,G-033,G-025|G-033,0.0000,218.2233,BBOX_CLEAR
PAIR-003357,G-025,G-034,G-025|G-034,0.0000,238.8704,BBOX_CLEAR
PAIR-003358,G-025,G-035,G-025|G-035,0.0000,266.7000,BBOX_CLEAR
PAIR-003359,G-025,G-036,G-025|G-036,0.0000,292.6474,BBOX_CLEAR
PAIR-003360,G-025,G-037,G-025|G-037,0.0000,308.2838,BBOX_CLEAR
PAIR-003361,G-025,G-038,G-025|G-038,0.0000,334.4805,BBOX_CLEAR
PAIR-003362,G-025,G-039,G-025|G-039,0.0000,348.0174,BBOX_CLEAR
PAIR-003363,G-025,G-040,G-025|G-040,0.0000,367.8893,BBOX_CLEAR
PAIR-003364,G-025,G-041,G-025|G-041,0.0000,391.5398,BBOX_CLEAR
PAIR-003365,G-025,G-042,G-025|G-042,0.0000,399.8133,BBOX_CLEAR
PAIR-003366,G-025,G-043,G-025|G-043,0.0000,412.4319,BBOX_CLEAR
PAIR-003367,G-025,G-044,G-025|G-044,0.0000,437.0548,BBOX_CLEAR
PAIR-003368,G-025,G-045,G-025|G-045,0.0000,476.8034,BBOX_CLEAR
PAIR-003369,G-025,G-046,G-025|G-046,0.0000,281.6429,BBOX_CLEAR
PAIR-003370,G-025,G-047,G-025|G-047,0.0000,247.5722,BBOX_CLEAR
PAIR-003371,G-025,G-048,G-025|G-048,0.0000,227.6164,BBOX_CLEAR
PAIR-003372,G-025,G-049,G-025|G-049,0.0000,212.7647,BBOX_CLEAR
PAIR-003373,G-025,G-050,G-025|G-050,0.0000,205.6883,BBOX_CLEAR
PAIR-003374,G-025,G-051,G-025|G-051,0.0000,192.0486,BBOX_CLEAR
PAIR-003375,G-025,G-052,G-025|G-052,0.0000,185.6707,BBOX_CLEAR
PAIR-003376,G-025,G-053,G-025|G-053,0.0000,169.9368,BBOX_CLEAR
PAIR-003377,G-025,G-054,G-025|G-054,0.0000,164.7609,BBOX_CLEAR
PAIR-003378,G-025,G-055,G-025|G-055,0.0000,155.5757,BBOX_CLEAR
PAIR-003379,G-025,G-056,G-025|G-056,0.0000,148.3495,BBOX_CLEAR
PAIR-003380,G-025,G-057,G-025|G-057,0.0000,144.5225,BBOX_CLEAR
PAIR-003381,G-025,G-058,G-025|G-058,0.0000,485.1423,BBOX_CLEAR
PAIR-003382,G-025,G-059,G-025|G-059,0.0000,474.2695,BBOX_CLEAR
PAIR-003383,G-025,G-060,G-025|G-060,0.0000,584.7470,BBOX_CLEAR
PAIR-003384,G-025,G-061,G-025|G-061,0.0000,572.2185,BBOX_CLEAR
PAIR-003385,G-025,G-062,G-025|G-062,0.0000,687.9374,BBOX_CLEAR
PAIR-003386,G-025,G-063,G-025|G-063,0.0000,675.2973,BBOX_CLEAR
PAIR-003387,G-025,G-064,G-025|G-064,0.0000,405.9606,BBOX_CLEAR
PAIR-003388,G-025,G-065,G-025|G-065,0.0000,432.4505,BBOX_CLEAR
PAIR-003389,G-025,G-066,G-025|G-066,0.0000,305.5901,BBOX_CLEAR
PAIR-003390,G-025,G-067,G-025|G-067,0.0000,311.1072,BBOX_CLEAR
PAIR-003391,G-025,G-068,G-025|G-068,0.0000,322.8106,BBOX_CLEAR
PAIR-003392,G-025,G-069,G-025|G-069,0.0000,807.0014,BBOX_CLEAR
PAIR-003393,G-025,G-070,G-025|G-070,0.0000,804.7531,BBOX_CLEAR
PAIR-003394,G-025,G-071,G-025|G-071,0.0000,761.5085,BBOX_CLEAR
PAIR-003395,G-025,G-072,G-025|G-072,0.0000,738.8705,BBOX_CLEAR
PAIR-003396,G-025,G-073,G-025|G-073,0.0000,738.1717,BBOX_CLEAR
PAIR-003397,G-025,G-074,G-025|G-074,0.0000,695.9007,BBOX_CLEAR
PAIR-003398,G-025,G-075,G-025|G-075,0.0000,674.7266,BBOX_CLEAR
PAIR-003399,G-025,G-076,G-025|G-076,0.0000,675.8242,BBOX_CLEAR
PAIR-003400,G-025,G-077,G-025|G-077,0.0000,590.5197,BBOX_CLEAR
PAIR-003401,G-025,G-078,G-025|G-078,0.0000,580.8256,BBOX_CLEAR
PAIR-003402,G-025,G-079,G-025|G-079,0.0000,566.9704,BBOX_CLEAR
PAIR-003403,G-025,G-080,G-025|G-080,0.0000,572.9457,BBOX_CLEAR
PAIR-003404,G-025,G-081,G-025|G-081,0.0000,552.1754,BBOX_CLEAR
PAIR-003405,G-025,G-082,G-025|G-082,0.0000,536.8350,BBOX_CLEAR
PAIR-003406,G-025,G-083,G-025|G-083,0.0000,544.7531,BBOX_CLEAR
PAIR-003407,G-025,G-084,G-025|G-084,0.0000,522.0429,BBOX_CLEAR
PAIR-003408,G-025,G-085,G-025|G-085,0.0000,506.0423,BBOX_CLEAR
PAIR-003409,G-025,G-086,G-025|G-086,0.0000,494.3421,BBOX_CLEAR
PAIR-003410,G-025,G-087,G-025|G-087,0.0000,484.3352,BBOX_CLEAR
PAIR-003411,G-025,G-088,G-025|G-088,0.0000,507.6556,BBOX_CLEAR
PAIR-003412,G-025,G-089,G-025|G-089,0.0000,485.3041,BBOX_CLEAR
PAIR-003413,G-025,G-090,G-025|G-090,0.0000,480.7036,BBOX_CLEAR
PAIR-003414,G-025,G-091,G-025|G-091,0.0000,474.5370,BBOX_CLEAR
PAIR-003415,G-025,G-092,G-025|G-092,0.0000,471.6144,BBOX_CLEAR
PAIR-003416,G-025,G-093,G-025|G-093,0.0000,465.2412,BBOX_CLEAR
PAIR-003417,G-025,G-094,G-025|G-094,0.0000,489.4978,BBOX_CLEAR
PAIR-003418,G-025,G-095,G-025|G-095,0.0000,470.9039,BBOX_CLEAR
PAIR-003419,G-025,G-096,G-025|G-096,0.0000,470.9039,BBOX_CLEAR
PAIR-003420,G-025,G-097,G-025|G-097,0.0000,471.0907,BBOX_CLEAR
PAIR-003421,G-025,G-098,G-025|G-098,0.0000,471.5385,BBOX_CLEAR
PAIR-003422,G-025,G-099,G-025|G-099,0.0000,472.9988,BBOX_CLEAR
PAIR-003423,G-025,G-100,G-025|G-100,0.0000,946.6166,BBOX_CLEAR
PAIR-003424,G-025,G-101,G-025|G-101,0.0000,931.2936,BBOX_CLEAR
PAIR-003425,G-025,G-102,G-025|G-102,0.0000,922.0482,BBOX_CLEAR
PAIR-003426,G-025,G-103,G-025|G-103,0.0000,905.5937,BBOX_CLEAR
PAIR-003427,G-025,G-104,G-025|G-104,0.0000,839.9219,BBOX_CLEAR
PAIR-003428,G-025,G-105,G-025|G-105,0.0000,808.8162,BBOX_CLEAR
PAIR-003429,G-025,G-106,G-025|G-106,0.0000,778.6815,BBOX_CLEAR
PAIR-003430,G-025,G-107,G-025|G-107,0.0000,749.6349,BBOX_CLEAR
PAIR-003431,G-025,G-108,G-025|G-108,0.0000,721.8077,BBOX_CLEAR
PAIR-003432,G-025,G-109,G-025|G-109,0.0000,695.3464,BBOX_CLEAR
PAIR-003433,G-025,G-110,G-025|G-110,0.0000,670.4127,BBOX_CLEAR
PAIR-003434,G-025,G-111,G-025|G-111,0.0000,647.1832,BBOX_CLEAR
PAIR-003435,G-025,G-112,G-025|G-112,0.0000,625.8477,BBOX_CLEAR
PAIR-003436,G-025,G-113,G-025|G-113,0.0000,606.6061,BBOX_CLEAR
PAIR-003437,G-025,G-114,G-025|G-114,0.0000,589.6633,BBOX_CLEAR
PAIR-003438,G-025,G-115,G-025|G-115,0.0000,575.2226,BBOX_CLEAR
PAIR-003439,G-025,G-116,G-025|G-116,0.0000,563.4763,BBOX_CLEAR
PAIR-003440,G-025,G-117,G-025|G-117,0.0000,554.5958,BBOX_CLEAR
PAIR-003441,G-025,G-118,G-025|G-118,0.0000,548.7200,BBOX_CLEAR
PAIR-003442,G-025,G-119,G-025|G-119,0.0000,545.9462,BBOX_CLEAR
PAIR-003443,G-025,G-120,G-025|G-120,0.0000,545.7170,BBOX_CLEAR
PAIR-003444,G-025,G-121,G-025|G-121,0.0000,545.8437,BBOX_CLEAR
PAIR-003445,G-025,G-122,G-025|G-122,0.0000,548.3111,BBOX_CLEAR
PAIR-003446,G-025,G-123,G-025|G-123,0.0000,553.8872,BBOX_CLEAR
PAIR-003447,G-025,G-124,G-025|G-124,0.0000,562.4797,BBOX_CLEAR
PAIR-003448,G-025,G-125,G-025|G-125,0.0000,573.9530,BBOX_CLEAR
PAIR-003449,G-025,G-126,G-025|G-126,0.0000,588.1387,BBOX_CLEAR
PAIR-003450,G-025,G-127,G-025|G-127,0.0000,604.8458,BBOX_CLEAR
PAIR-003451,G-025,G-128,G-025|G-128,0.0000,623.8719,BBOX_CLEAR
PAIR-003452,G-025,G-129,G-025|G-129,0.0000,645.0117,BBOX_CLEAR
PAIR-003453,G-025,G-130,G-025|G-130,0.0000,668.0647,BBOX_CLEAR
PAIR-003454,G-025,G-131,G-025|G-131,0.0000,692.8399,BBOX_CLEAR
PAIR-003455,G-025,G-132,G-025|G-132,0.0000,719.1593,BBOX_CLEAR
PAIR-003456,G-025,G-133,G-025|G-133,0.0000,746.8597,BBOX_CLEAR
PAIR-003457,G-025,G-134,G-025|G-134,0.0000,775.7932,BBOX_CLEAR
PAIR-003458,G-025,G-135,G-025|G-135,0.0000,805.8270,BBOX_CLEAR
PAIR-003459,G-025,P-001,G-025|P-001,0.0000,241.8623,BBOX_CLEAR
PAIR-003460,G-025,P-002,G-025|P-002,0.0000,469.7394,BBOX_CLEAR
PAIR-003461,G-025,P-003,G-025|P-003,0.0000,287.5273,BBOX_CLEAR
PAIR-003462,G-025,P-004,G-025|P-004,0.0000,296.1776,BBOX_CLEAR
PAIR-003463,G-025,P-005,G-025|P-005,0.0000,174.1474,BBOX_CLEAR
PAIR-003464,G-025,P-006,G-025|P-006,0.0000,71.2766,BBOX_CLEAR
PAIR-003465,G-025,P-007,G-025|P-007,0.0000,28.5464,BBOX_CLEAR
PAIR-003466,G-025,P-008,G-025|P-008,0.0000,103.4983,BBOX_CLEAR
PAIR-003467,G-025,P-009,G-025|P-009,0.0000,20.2293,BBOX_CLEAR
PAIR-003468,G-025,P-010,G-025|P-010,0.0000,54.5135,BBOX_CLEAR
PAIR-003469,G-025,P-011,G-025|P-011,0.0000,24.9969,BBOX_CLEAR
PAIR-003470,G-025,P-012,G-025|P-012,0.0000,81.2348,BBOX_CLEAR
PAIR-003471,G-025,P-013,G-025|P-013,0.0000,293.0985,BBOX_CLEAR
PAIR-003472,G-025,P-014,G-025|P-014,0.0000,308.3130,BBOX_CLEAR
PAIR-003473,G-025,P-015,G-025|P-015,543.5630,0.0000,BBOX_INTERSECTION
PAIR-003474,G-025,P-016,G-025|P-016,0.0000,68.2804,BBOX_CLEAR
PAIR-003475,G-025,P-017,G-025|P-017,0.0000,75.0881,BBOX_CLEAR
PAIR-003476,G-026,G-027,G-026|G-027,0.0000,1.3657,BBOX_WITHIN_8PX
PAIR-003477,G-026,G-028,G-026|G-028,0.0000,108.1788,BBOX_CLEAR
PAIR-003478,G-026,G-029,G-026|G-029,0.0000,99.5754,BBOX_CLEAR
PAIR-003479,G-026,G-030,G-026|G-030,0.0000,86.4647,BBOX_CLEAR
PAIR-003480,G-026,G-031,G-026|G-031,0.0000,70.7319,BBOX_CLEAR
PAIR-003481,G-026,G-032,G-026|G-032,0.0000,178.8629,BBOX_CLEAR
PAIR-003482,G-026,G-033,G-026|G-033,0.0000,196.8753,BBOX_CLEAR
PAIR-003483,G-026,G-034,G-026|G-034,0.0000,217.3724,BBOX_CLEAR
PAIR-003484,G-026,G-035,G-026|G-035,0.0000,245.0553,BBOX_CLEAR
PAIR-003485,G-026,G-036,G-026|G-036,0.0000,270.9037,BBOX_CLEAR
PAIR-003486,G-026,G-037,G-026|G-037,0.0000,286.4927,BBOX_CLEAR
PAIR-003487,G-026,G-038,G-026|G-038,0.0000,312.6250,BBOX_CLEAR
PAIR-003488,G-026,G-039,G-026|G-039,0.0000,325.9849,BBOX_CLEAR
PAIR-003489,G-026,G-040,G-026|G-040,0.0000,345.9761,BBOX_CLEAR
PAIR-003490,G-026,G-041,G-026|G-041,0.0000,369.7578,BBOX_CLEAR
PAIR-003491,G-026,G-042,G-026|G-042,0.0000,378.0133,BBOX_CLEAR
PAIR-003492,G-026,G-043,G-026|G-043,0.0000,390.6069,BBOX_CLEAR
PAIR-003493,G-026,G-044,G-026|G-044,0.0000,415.0517,BBOX_CLEAR
PAIR-003494,G-026,G-045,G-026|G-045,0.0000,454.7675,BBOX_CLEAR
PAIR-003495,G-026,G-046,G-026|G-046,0.0000,293.7943,BBOX_CLEAR
PAIR-003496,G-026,G-047,G-026|G-047,0.0000,259.1572,BBOX_CLEAR
PAIR-003497,G-026,G-048,G-026|G-048,0.0000,238.7245,BBOX_CLEAR
PAIR-003498,G-026,G-049,G-026|G-049,0.0000,223.4073,BBOX_CLEAR
PAIR-003499,G-026,G-050,G-026|G-050,0.0000,216.0633,BBOX_CLEAR
PAIR-003500,G-026,G-051,G-026|G-051,0.0000,201.7925,BBOX_CLEAR
PAIR-003501,G-026,G-052,G-026|G-052,0.0000,195.0508,BBOX_CLEAR
PAIR-003502,G-026,G-053,G-026|G-053,0.0000,178.1292,BBOX_CLEAR
PAIR-003503,G-026,G-054,G-026|G-054,0.0000,172.4277,BBOX_CLEAR
PAIR-003504,G-026,G-055,G-026|G-055,0.0000,162.0211,BBOX_CLEAR
PAIR-003505,G-026,G-056,G-026|G-056,0.0000,153.3509,BBOX_CLEAR
PAIR-003506,G-026,G-057,G-026|G-057,0.0000,148.3495,BBOX_CLEAR
PAIR-003507,G-026,G-058,G-026|G-058,0.0000,498.4916,BBOX_CLEAR
PAIR-003508,G-026,G-059,G-026|G-059,0.0000,487.4296,BBOX_CLEAR
PAIR-003509,G-026,G-060,G-026|G-060,0.0000,598.3560,BBOX_CLEAR
PAIR-003510,G-026,G-061,G-026|G-061,0.0000,585.7145,BBOX_CLEAR
PAIR-003511,G-026,G-062,G-026|G-062,0.0000,701.5458,BBOX_CLEAR
PAIR-003512,G-026,G-063,G-026|G-063,0.0000,688.8108,BBOX_CLEAR
PAIR-003513,G-026,G-064,G-026|G-064,0.0000,386.3186,BBOX_CLEAR
PAIR-003514,G-026,G-065,G-026|G-065,0.0000,412.8210,BBOX_CLEAR
PAIR-003515,G-026,G-066,G-026|G-066,0.0000,303.2960,BBOX_CLEAR
PAIR-003516,G-026,G-067,G-026|G-067,0.0000,306.2930,BBOX_CLEAR
PAIR-003517,G-026,G-068,G-026|G-068,0.0000,315.4973,BBOX_CLEAR
PAIR-003518,G-026,G-069,G-026|G-069,0.0000,818.4080,BBOX_CLEAR
PAIR-003519,G-026,G-070,G-026|G-070,0.0000,815.9351,BBOX_CLEAR
PAIR-003520,G-026,G-071,G-026|G-071,0.0000,772.5660,BBOX_CLEAR
PAIR-003521,G-026,G-072,G-026|G-072,0.0000,749.7248,BBOX_CLEAR
PAIR-003522,G-026,G-073,G-026|G-073,0.0000,748.7575,BBOX_CLEAR
PAIR-003523,G-026,G-074,G-026|G-074,0.0000,706.2992,BBOX_CLEAR
PAIR-003524,G-026,G-075,G-026|G-075,0.0000,684.8587,BBOX_CLEAR
PAIR-003525,G-026,G-076,G-026|G-076,0.0000,685.6349,BBOX_CLEAR
PAIR-003526,G-026,G-077,G-026|G-077,0.0000,599.0282,BBOX_CLEAR
PAIR-003527,G-026,G-078,G-026|G-078,0.0000,589.0885,BBOX_CLEAR
PAIR-003528,G-026,G-079,G-026|G-079,0.0000,574.8449,BBOX_CLEAR
PAIR-003529,G-026,G-080,G-026|G-080,0.0000,580.3794,BBOX_CLEAR
PAIR-003530,G-026,G-081,G-026|G-081,0.0000,559.5760,BBOX_CLEAR
PAIR-003531,G-026,G-082,G-026|G-082,0.0000,543.6610,BBOX_CLEAR
PAIR-003532,G-026,G-083,G-026|G-083,0.0000,551.1028,BBOX_CLEAR
PAIR-003533,G-026,G-084,G-026|G-084,0.0000,528.2054,BBOX_CLEAR
PAIR-003534,G-026,G-085,G-026|G-085,0.0000,511.3070,BBOX_CLEAR
PAIR-003535,G-026,G-086,G-026|G-086,0.0000,498.7571,BBOX_CLEAR
PAIR-003536,G-026,G-087,G-026|G-087,0.0000,488.4031,BBOX_CLEAR
PAIR-003537,G-026,G-088,G-026|G-088,0.0000,511.5471,BBOX_CLEAR
PAIR-003538,G-026,G-089,G-026|G-089,0.0000,488.8593,BBOX_CLEAR
PAIR-003539,G-026,G-090,G-026|G-090,0.0000,483.6946,BBOX_CLEAR
PAIR-003540,G-026,G-091,G-026|G-091,0.0000,476.4580,BBOX_CLEAR
PAIR-003541,G-026,G-092,G-026|G-092,0.0000,472.5835,BBOX_CLEAR
PAIR-003542,G-026,G-093,G-026|G-093,0.0000,465.7648,BBOX_CLEAR
PAIR-003543,G-026,G-094,G-026|G-094,0.0000,490.0064,BBOX_CLEAR
PAIR-003544,G-026,G-095,G-026|G-095,0.0000,470.9522,BBOX_CLEAR
PAIR-003545,G-026,G-096,G-026|G-096,0.0000,470.9039,BBOX_CLEAR
PAIR-003546,G-026,G-097,G-026|G-097,0.0000,470.9039,BBOX_CLEAR
PAIR-003547,G-026,G-098,G-026|G-098,0.0000,470.9093,BBOX_CLEAR
PAIR-003548,G-026,G-099,G-026|G-099,0.0000,471.4300,BBOX_CLEAR
PAIR-003549,G-026,G-100,G-026|G-100,0.0000,958.1829,BBOX_CLEAR
PAIR-003550,G-026,G-101,G-026|G-101,0.0000,942.6001,BBOX_CLEAR
PAIR-003551,G-026,G-102,G-026|G-102,0.0000,933.2957,BBOX_CLEAR
PAIR-003552,G-026,G-103,G-026|G-103,0.0000,916.7308,BBOX_CLEAR
PAIR-003553,G-026,G-104,G-026|G-104,0.0000,850.5594,BBOX_CLEAR
PAIR-003554,G-026,G-105,G-026|G-105,0.0000,819.1518,BBOX_CLEAR
PAIR-003555,G-026,G-106,G-026|G-106,0.0000,788.6789,BBOX_CLEAR
PAIR-003556,G-026,G-107,G-026|G-107,0.0000,759.2532,BBOX_CLEAR
PAIR-003557,G-026,G-108,G-026|G-108,0.0000,731.0013,BBOX_CLEAR
PAIR-003558,G-026,G-109,G-026|G-109,0.0000,704.0643,BBOX_CLEAR
PAIR-003559,G-026,G-110,G-026|G-110,0.0000,678.5990,BBOX_CLEAR
PAIR-003560,G-026,G-111,G-026|G-111,0.0000,654.7771,BBOX_CLEAR
PAIR-003561,G-026,G-112,G-026|G-112,0.0000,632.7841,BBOX_CLEAR
PAIR-003562,G-026,G-113,G-026|G-113,0.0000,612.8171,BBOX_CLEAR
PAIR-003563,G-026,G-114,G-026|G-114,0.0000,595.0800,BBOX_CLEAR
PAIR-003564,G-026,G-115,G-026|G-115,0.0000,579.7774,BBOX_CLEAR
PAIR-003565,G-026,G-116,G-026|G-116,0.0000,567.1066,BBOX_CLEAR
PAIR-003566,G-026,G-117,G-026|G-117,0.0000,557.2470,BBOX_CLEAR
PAIR-003567,G-026,G-118,G-026|G-118,0.0000,550.3499,BBOX_CLEAR
PAIR-003568,G-026,G-119,G-026|G-119,0.0000,546.5272,BBOX_CLEAR
PAIR-003569,G-026,G-120,G-026|G-120,0.0000,545.7170,BBOX_CLEAR
PAIR-003570,G-026,G-121,G-026|G-121,0.0000,545.7170,BBOX_CLEAR
PAIR-003571,G-026,G-122,G-026|G-122,0.0000,546.6008,BBOX_CLEAR
PAIR-003572,G-026,G-123,G-026|G-123,0.0000,550.5226,BBOX_CLEAR
PAIR-003573,G-026,G-124,G-026|G-124,0.0000,557.5161,BBOX_CLEAR
PAIR-003574,G-026,G-125,G-026|G-125,0.0000,567.4677,BBOX_CLEAR
PAIR-003575,G-026,G-126,G-026|G-126,0.0000,580.2252,BBOX_CLEAR
PAIR-003576,G-026,G-127,G-026|G-127,0.0000,595.6083,BBOX_CLEAR
PAIR-003577,G-026,G-128,G-026|G-128,0.0000,613.4197,BBOX_CLEAR
PAIR-003578,G-026,G-129,G-026|G-129,0.0000,633.4543,BBOX_CLEAR
PAIR-003579,G-026,G-130,G-026|G-130,0.0000,655.5085,BBOX_CLEAR
PAIR-003580,G-026,G-131,G-026|G-131,0.0000,679.3856,BBOX_CLEAR
PAIR-003581,G-026,G-132,G-026|G-132,0.0000,704.9003,BBOX_CLEAR
PAIR-003582,G-026,G-133,G-026|G-133,0.0000,731.8815,BBOX_CLEAR
PAIR-003583,G-026,G-134,G-026|G-134,0.0000,760.1729,BBOX_CLEAR
PAIR-003584,G-026,G-135,G-026|G-135,0.0000,789.6338,BBOX_CLEAR
PAIR-003585,G-026,P-001,G-026|P-001,0.0000,241.8623,BBOX_CLEAR
PAIR-003586,G-026,P-002,G-026|P-002,0.0000,450.6411,BBOX_CLEAR
PAIR-003587,G-026,P-003,G-026|P-003,0.0000,301.4575,BBOX_CLEAR
PAIR-003588,G-026,P-004,G-026|P-004,0.0000,309.3933,BBOX_CLEAR
PAIR-003589,G-026,P-005,G-026|P-005,0.0000,183.2468,BBOX_CLEAR
PAIR-003590,G-026,P-006,G-026|P-006,0.0000,73.2182,BBOX_CLEAR
PAIR-003591,G-026,P-007,G-026|P-007,0.0000,28.5464,BBOX_CLEAR
PAIR-003592,G-026,P-008,G-026|P-008,0.0000,103.7127,BBOX_CLEAR
PAIR-003593,G-026,P-009,G-026|P-009,0.0000,20.2293,BBOX_CLEAR
PAIR-003594,G-026,P-010,G-026|P-010,0.0000,33.3731,BBOX_CLEAR
PAIR-003595,G-026,P-011,G-026|P-011,0.0000,24.9969,BBOX_CLEAR
PAIR-003596,G-026,P-012,G-026|P-012,0.0000,80.6754,BBOX_CLEAR
PAIR-003597,G-026,P-013,G-026|P-013,0.0000,289.3718,BBOX_CLEAR
PAIR-003598,G-026,P-014,G-026|P-014,0.0000,300.3110,BBOX_CLEAR
PAIR-003599,G-026,P-015,G-026|P-015,866.3506,0.0000,BBOX_INTERSECTION
PAIR-003600,G-026,P-016,G-026|P-016,0.0000,46.0779,BBOX_CLEAR
PAIR-003601,G-026,P-017,G-026|P-017,0.0000,73.5842,BBOX_CLEAR
PAIR-003602,G-027,G-028,G-027|G-028,0.0000,131.7470,BBOX_CLEAR
PAIR-003603,G-027,G-029,G-027|G-029,0.0000,123.1436,BBOX_CLEAR
PAIR-003604,G-027,G-030,G-027|G-030,0.0000,110.0329,BBOX_CLEAR
PAIR-003605,G-027,G-031,G-027|G-031,0.0000,94.3001,BBOX_CLEAR
PAIR-003606,G-027,G-032,G-027|G-032,0.0000,164.4350,BBOX_CLEAR
PAIR-003607,G-027,G-033,G-027|G-033,0.0000,182.2870,BBOX_CLEAR
PAIR-003608,G-027,G-034,G-027|G-034,0.0000,202.6503,BBOX_CLEAR
PAIR-003609,G-027,G-035,G-027|G-035,0.0000,230.2055,BBOX_CLEAR
PAIR-003610,G-027,G-036,G-027|G-036,0.0000,255.9697,BBOX_CLEAR
PAIR-003611,G-027,G-037,G-027|G-037,0.0000,271.5190,BBOX_CLEAR
PAIR-003612,G-027,G-038,G-027|G-038,0.0000,297.5980,BBOX_CLEAR
PAIR-003613,G-027,G-039,G-027|G-039,0.0000,310.8203,BBOX_CLEAR
PAIR-003614,G-027,G-040,G-027|G-040,0.0000,330.9019,BBOX_CLEAR
PAIR-003615,G-027,G-041,G-027|G-041,0.0000,354.7818,BBOX_CLEAR
PAIR-003616,G-027,G-042,G-027|G-042,0.0000,363.0232,BBOX_CLEAR
PAIR-003617,G-027,G-043,G-027|G-043,0.0000,375.5968,BBOX_CLEAR
PAIR-003618,G-027,G-044,G-027|G-044,0.0000,399.9059,BBOX_CLEAR
PAIR-003619,G-027,G-045,G-027|G-045,0.0000,439.5961,BBOX_CLEAR
PAIR-003620,G-027,G-046,G-027|G-046,0.0000,314.6889,BBOX_CLEAR
PAIR-003621,G-027,G-047,G-027|G-047,0.0000,279.2459,BBOX_CLEAR
PAIR-003622,G-027,G-048,G-027|G-048,0.0000,258.1420,BBOX_CLEAR
PAIR-003623,G-027,G-049,G-027|G-049,0.0000,242.1741,BBOX_CLEAR
PAIR-003624,G-027,G-050,G-027|G-050,0.0000,234.4572,BBOX_CLEAR
PAIR-003625,G-027,G-051,G-027|G-051,0.0000,219.3094,BBOX_CLEAR
PAIR-003626,G-027,G-052,G-027|G-052,0.0000,212.0627,BBOX_CLEAR
PAIR-003627,G-027,G-053,G-027|G-053,0.0000,193.4895,BBOX_CLEAR
PAIR-003628,G-027,G-054,G-027|G-054,0.0000,187.0531,BBOX_CLEAR
PAIR-003629,G-027,G-055,G-027|G-055,0.0000,174.9227,BBOX_CLEAR
PAIR-003630,G-027,G-056,G-027|G-056,0.0000,164.1742,BBOX_CLEAR
PAIR-003631,G-027,G-057,G-027|G-057,0.0000,157.4408,BBOX_CLEAR
PAIR-003632,G-027,G-058,G-027|G-058,0.0000,521.1462,BBOX_CLEAR
PAIR-003633,G-027,G-059,G-027|G-059,0.0000,509.7881,BBOX_CLEAR
PAIR-003634,G-027,G-060,G-027|G-060,0.0000,621.4129,BBOX_CLEAR
PAIR-003635,G-027,G-061,G-027|G-061,0.0000,608.5925,BBOX_CLEAR
PAIR-003636,G-027,G-062,G-027|G-062,0.0000,724.5973,BBOX_CLEAR
PAIR-003637,G-027,G-063,G-027|G-063,0.0000,711.7103,BBOX_CLEAR
PAIR-003638,G-027,G-064,G-027|G-064,0.0000,372.9540,BBOX_CLEAR
PAIR-003639,G-027,G-065,G-027|G-065,0.0000,399.4545,BBOX_CLEAR
PAIR-003640,G-027,G-066,G-027|G-066,0.0000,302.6545,BBOX_CLEAR
PAIR-003641,G-027,G-067,G-027|G-067,0.0000,303.8771,BBOX_CLEAR
PAIR-003642,G-027,G-068,G-027|G-068,0.0000,311.2814,BBOX_CLEAR
PAIR-003643,G-027,G-069,G-027|G-069,0.0000,837.8802,BBOX_CLEAR
PAIR-003644,G-027,G-070,G-027|G-070,0.0000,835.0417,BBOX_CLEAR
PAIR-003645,G-027,G-071,G-027|G-071,0.0000,791.4804,BBOX_CLEAR
PAIR-003646,G-027,G-072,G-027|G-072,0.0000,768.3148,BBOX_CLEAR
PAIR-003647,G-027,G-073,G-027|G-073,0.0000,766.9109,BBOX_CLEAR
PAIR-003648,G-027,G-074,G-027|G-074,0.0000,724.1625,BBOX_CLEAR
PAIR-003649,G-027,G-075,G-027|G-075,0.0000,702.2973,BBOX_CLEAR
PAIR-003650,G-027,G-076,G-027|G-076,0.0000,702.5503,BBOX_CLEAR
PAIR-003651,G-027,G-077,G-027|G-077,0.0000,613.8750,BBOX_CLEAR
PAIR-003652,G-027,G-078,G-027|G-078,0.0000,603.5431,BBOX_CLEAR
PAIR-003653,G-027,G-079,G-027|G-079,0.0000,588.6787,BBOX_CLEAR
PAIR-003654,G-027,G-080,G-027|G-080,0.0000,593.4891,BBOX_CLEAR
PAIR-003655,G-027,G-081,G-027|G-081,0.0000,572.6511,BBOX_CLEAR
PAIR-003656,G-027,G-082,G-027|G-082,0.0000,555.8141,BBOX_CLEAR
PAIR-003657,G-027,G-083,G-027|G-083,0.0000,562.4685,BBOX_CLEAR
PAIR-003658,G-027,G-084,G-027|G-084,0.0000,539.2910,BBOX_CLEAR
PAIR-003659,G-027,G-085,G-027|G-085,0.0000,520.9417,BBOX_CLEAR
PAIR-003660,G-027,G-086,G-027|G-086,0.0000,507.0115,BBOX_CLEAR
PAIR-003661,G-027,G-087,G-027|G-087,0.0000,496.1009,BBOX_CLEAR
PAIR-003662,G-027,G-088,G-027|G-088,0.0000,518.9167,BBOX_CLEAR
PAIR-003663,G-027,G-089,G-027|G-089,0.0000,495.7083,BBOX_CLEAR
PAIR-003664,G-027,G-090,G-027|G-090,0.0000,489.6167,BBOX_CLEAR
PAIR-003665,G-027,G-091,G-027|G-091,0.0000,480.6109,BBOX_CLEAR
PAIR-003666,G-027,G-092,G-027|G-092,0.0000,475.1496,BBOX_CLEAR
PAIR-003667,G-027,G-093,G-027|G-093,0.0000,467.5955,BBOX_CLEAR
PAIR-003668,G-027,G-094,G-027|G-094,0.0000,491.7652,BBOX_CLEAR
PAIR-003669,G-027,G-095,G-027|G-095,0.0000,471.8785,BBOX_CLEAR
PAIR-003670,G-027,G-096,G-027|G-096,0.0000,471.0165,BBOX_CLEAR
PAIR-003671,G-027,G-097,G-027|G-097,0.0000,470.9039,BBOX_CLEAR
PAIR-003672,G-027,G-098,G-027|G-098,0.0000,470.9039,BBOX_CLEAR
PAIR-003673,G-027,G-099,G-027|G-099,0.0000,470.9554,BBOX_CLEAR
PAIR-003674,G-027,G-100,G-027|G-100,0.0000,977.8920,BBOX_CLEAR
PAIR-003675,G-027,G-101,G-027|G-101,0.0000,961.8860,BBOX_CLEAR
PAIR-003676,G-027,G-102,G-027|G-102,0.0000,952.4866,BBOX_CLEAR
PAIR-003677,G-027,G-103,G-027|G-103,0.0000,935.7439,BBOX_CLEAR
PAIR-003678,G-027,G-104,G-027|G-104,0.0000,868.7688,BBOX_CLEAR
PAIR-003679,G-027,G-105,G-027|G-105,0.0000,836.8757,BBOX_CLEAR
PAIR-003680,G-027,G-106,G-027|G-106,0.0000,805.8592,BBOX_CLEAR
PAIR-003681,G-027,G-107,G-027|G-107,0.0000,775.8243,BBOX_CLEAR
PAIR-003682,G-027,G-108,G-027|G-108,0.0000,746.8896,BBOX_CLEAR
PAIR-003683,G-027,G-109,G-027|G-109,0.0000,719.1878,BBOX_CLEAR
PAIR-003684,G-027,G-110,G-027|G-110,0.0000,692.8669,BBOX_CLEAR
PAIR-003685,G-027,G-111,G-027|G-111,0.0000,668.0899,BBOX_CLEAR
PAIR-003686,G-027,G-112,G-027|G-112,0.0000,645.0351,BBOX_CLEAR
PAIR-003687,G-027,G-113,G-027|G-113,0.0000,623.8931,BBOX_CLEAR
PAIR-003688,G-027,G-114,G-027|G-114,0.0000,604.8647,BBOX_CLEAR
PAIR-003689,G-027,G-115,G-027|G-115,0.0000,588.1550,BBOX_CLEAR
PAIR-003690,G-027,G-116,G-027|G-116,0.0000,573.9666,BBOX_CLEAR
PAIR-003691,G-027,G-117,G-027|G-117,0.0000,562.4903,BBOX_CLEAR
PAIR-003692,G-027,G-118,G-027|G-118,0.0000,553.8947,BBOX_CLEAR
PAIR-003693,G-027,G-119,G-027|G-119,0.0000,548.3153,BBOX_CLEAR
PAIR-003694,G-027,G-120,G-027|G-120,0.0000,545.8446,BBOX_CLEAR
PAIR-003695,G-027,G-121,G-027|G-121,0.0000,545.7170,BBOX_CLEAR
PAIR-003696,G-027,G-122,G-027|G-122,0.0000,545.9449,BBOX_CLEAR
PAIR-003697,G-027,G-123,G-027|G-123,0.0000,548.7155,BBOX_CLEAR
PAIR-003698,G-027,G-124,G-027|G-124,0.0000,554.5880,BBOX_CLEAR
PAIR-003699,G-027,G-125,G-027|G-125,0.0000,563.4654,BBOX_CLEAR
PAIR-003700,G-027,G-126,G-027|G-126,0.0000,575.2088,BBOX_CLEAR
PAIR-003701,G-027,G-127,G-027|G-127,0.0000,589.6467,BBOX_CLEAR
PAIR-003702,G-027,G-128,G-027|G-128,0.0000,606.5870,BBOX_CLEAR
PAIR-003703,G-027,G-129,G-027|G-129,0.0000,625.8263,BBOX_CLEAR
PAIR-003704,G-027,G-130,G-027|G-130,0.0000,647.1597,BBOX_CLEAR
PAIR-003705,G-027,G-131,G-027|G-131,0.0000,670.3873,BBOX_CLEAR
PAIR-003706,G-027,G-132,G-027|G-132,0.0000,695.3193,BBOX_CLEAR
PAIR-003707,G-027,G-133,G-027|G-133,0.0000,721.7791,BBOX_CLEAR
PAIR-003708,G-027,G-134,G-027|G-134,0.0000,749.6049,BBOX_CLEAR
PAIR-003709,G-027,G-135,G-027|G-135,0.0000,778.6503,BBOX_CLEAR
PAIR-003710,G-027,P-001,G-027|P-001,0.0000,241.8623,BBOX_CLEAR
PAIR-003711,G-027,P-002,G-027|P-002,0.0000,437.6543,BBOX_CLEAR
PAIR-003712,G-027,P-003,G-027|P-003,0.0000,325.0258,BBOX_CLEAR
PAIR-003713,G-027,P-004,G-027|P-004,0.0000,331.8856,BBOX_CLEAR
PAIR-003714,G-027,P-005,G-027|P-005,0.0000,199.9131,BBOX_CLEAR
PAIR-003715,G-027,P-006,G-027|P-006,0.0000,81.9716,BBOX_CLEAR
PAIR-003716,G-027,P-007,G-027|P-007,0.0000,28.5464,BBOX_CLEAR
PAIR-003717,G-027,P-008,G-027|P-008,0.0000,107.8239,BBOX_CLEAR
PAIR-003718,G-027,P-009,G-027|P-009,0.0000,20.2293,BBOX_CLEAR
PAIR-003719,G-027,P-010,G-027|P-010,0.0000,20.1827,BBOX_CLEAR
PAIR-003720,G-027,P-011,G-027|P-011,0.0000,24.9969,BBOX_CLEAR
PAIR-003721,G-027,P-012,G-027|P-012,0.0000,80.6754,BBOX_CLEAR
PAIR-003722,G-027,P-013,G-027|P-013,0.0000,287.7745,BBOX_CLEAR
PAIR-003723,G-027,P-014,G-027|P-014,0.0000,295.6435,BBOX_CLEAR
PAIR-003724,G-027,P-015,G-027|P-015,543.5630,0.0000,BBOX_INTERSECTION
PAIR-003725,G-027,P-016,G-027|P-016,0.0000,30.7820,BBOX_CLEAR
PAIR-003726,G-027,P-017,G-027|P-017,0.0000,73.5842,BBOX_CLEAR
PAIR-003727,G-028,G-029,G-028|G-029,0.0121,0.0000,BBOX_INTERSECTION
PAIR-003728,G-028,G-030,G-028|G-030,0.0000,8.6034,BBOX_CLEAR
PAIR-003729,G-028,G-031,G-028|G-031,0.0000,21.7141,BBOX_CLEAR
PAIR-003730,G-028,G-032,G-028|G-032,0.0000,302.1075,BBOX_CLEAR
PAIR-003731,G-028,G-033,G-028|G-033,0.0000,320.8838,BBOX_CLEAR
PAIR-003732,G-028,G-034,G-028|G-034,0.0000,342.0774,BBOX_CLEAR
PAIR-003733,G-028,G-035,G-028|G-035,0.0000,370.4960,BBOX_CLEAR
PAIR-003734,G-028,G-036,G-028|G-036,0.0000,396.8819,BBOX_CLEAR
PAIR-003735,G-028,G-037,G-028|G-037,0.0000,412.7436,BBOX_CLEAR
PAIR-003736,G-028,G-038,G-028|G-038,0.0000,439.2661,BBOX_CLEAR
PAIR-003737,G-028,G-039,G-028|G-039,0.0000,454.1768,BBOX_CLEAR
PAIR-003738,G-028,G-040,G-028|G-040,0.0000,472.9808,BBOX_CLEAR
PAIR-003739,G-028,G-041,G-028|G-041,0.0000,495.5520,BBOX_CLEAR
PAIR-003740,G-028,G-042,G-028|G-042,0.0000,503.9255,BBOX_CLEAR
PAIR-003741,G-028,G-043,G-028|G-043,0.0000,516.6881,BBOX_CLEAR
PAIR-003742,G-028,G-044,G-028|G-044,0.0000,542.7132,BBOX_CLEAR
PAIR-003743,G-028,G-045,G-028|G-045,0.0000,582.6918,BBOX_CLEAR
PAIR-003744,G-028,G-046,G-028|G-046,0.0000,175.4554,BBOX_CLEAR
PAIR-003745,G-028,G-047,G-028|G-047,0.0000,148.6117,BBOX_CLEAR
PAIR-003746,G-028,G-048,G-028|G-048,0.0000,135.4419,BBOX_CLEAR
PAIR-003747,G-028,G-049,G-028|G-049,0.0000,127.5931,BBOX_CLEAR
PAIR-003748,G-028,G-050,G-028|G-050,0.0000,124.6363,BBOX_CLEAR
PAIR-003749,G-028,G-051,G-028|G-051,0.0000,120.7690,BBOX_CLEAR
PAIR-003750,G-028,G-052,G-028|G-052,0.0000,119.9644,BBOX_CLEAR
PAIR-003751,G-028,G-053,G-028|G-053,0.0000,119.8450,BBOX_CLEAR
PAIR-003752,G-028,G-054,G-028|G-054,0.0000,119.8450,BBOX_CLEAR
PAIR-003753,G-028,G-055,G-028|G-055,0.0000,120.1407,BBOX_CLEAR
PAIR-003754,G-028,G-056,G-028|G-056,0.0000,123.0133,BBOX_CLEAR
PAIR-003755,G-028,G-057,G-028|G-057,0.0000,128.7514,BBOX_CLEAR
PAIR-003756,G-028,G-058,G-028|G-058,0.0000,368.4732,BBOX_CLEAR
PAIR-003757,G-028,G-059,G-028|G-059,0.0000,358.5775,BBOX_CLEAR
PAIR-003758,G-028,G-060,G-028|G-060,0.0000,467.1482,BBOX_CLEAR
PAIR-003759,G-028,G-061,G-028|G-061,0.0000,454.9258,BBOX_CLEAR
PAIR-003760,G-028,G-062,G-028|G-062,0.0000,570.3331,BBOX_CLEAR
PAIR-003761,G-028,G-063,G-028|G-063,0.0000,557.9302,BBOX_CLEAR
PAIR-003762,G-028,G-064,G-028|G-064,0.0000,497.4788,BBOX_CLEAR
PAIR-003763,G-028,G-065,G-028|G-065,0.0000,523.6243,BBOX_CLEAR
PAIR-003764,G-028,G-066,G-028|G-066,0.0000,319.5955,BBOX_CLEAR
PAIR-003765,G-028,G-067,G-028|G-067,0.0000,336.5713,BBOX_CLEAR
PAIR-003766,G-028,G-068,G-028|G-068,0.0000,359.1127,BBOX_CLEAR
PAIR-003767,G-028,G-069,G-028|G-069,0.0000,702.2167,BBOX_CLEAR
PAIR-003768,G-028,G-070,G-028|G-070,0.0000,701.6152,BBOX_CLEAR
PAIR-003769,G-028,G-071,G-028|G-071,0.0000,659.4479,BBOX_CLEAR
PAIR-003770,G-028,G-072,G-028|G-072,0.0000,638.4398,BBOX_CLEAR
PAIR-003771,G-028,G-073,G-028|G-073,0.0000,639.8023,BBOX_CLEAR
PAIR-003772,G-028,G-074,G-028|G-074,0.0000,599.2229,BBOX_CLEAR
PAIR-003773,G-028,G-075,G-028|G-075,0.0000,580.2980,BBOX_CLEAR
PAIR-003774,G-028,G-076,G-028|G-076,0.0000,583.9634,BBOX_CLEAR
PAIR-003775,G-028,G-077,G-028|G-077,0.0000,510.3074,BBOX_CLEAR
PAIR-003776,G-028,G-078,G-028|G-078,0.0000,502.8293,BBOX_CLEAR
PAIR-003777,G-028,G-079,G-028|G-079,0.0000,492.4977,BBOX_CLEAR
PAIR-003778,G-028,G-080,G-028|G-080,0.0000,502.1392,BBOX_CLEAR
PAIR-003779,G-028,G-081,G-028|G-081,0.0000,482.0245,BBOX_CLEAR
PAIR-003780,G-028,G-082,G-028|G-082,0.0000,471.9434,BBOX_CLEAR
PAIR-003781,G-028,G-083,G-028|G-083,0.0000,483.8044,BBOX_CLEAR
PAIR-003782,G-028,G-084,G-028|G-084,0.0000,463.2285,BBOX_CLEAR
PAIR-003783,G-028,G-085,G-028|G-085,0.0000,455.4275,BBOX_CLEAR
PAIR-003784,G-028,G-086,G-028|G-086,0.0000,451.4304,BBOX_CLEAR
PAIR-003785,G-028,G-087,G-028|G-087,0.0000,444.7392,BBOX_CLEAR
PAIR-003786,G-028,G-088,G-028|G-088,0.0000,468.8772,BBOX_CLEAR
PAIR-003787,G-028,G-089,G-028|G-089,0.0000,450.1091,BBOX_CLEAR
PAIR-003788,G-028,G-090,G-028|G-090,0.0000,450.1066,BBOX_CLEAR
PAIR-003789,G-028,G-091,G-028|G-091,0.0000,450.1487,BBOX_CLEAR
PAIR-003790,G-028,G-092,G-028|G-092,0.0000,452.2637,BBOX_CLEAR
PAIR-003791,G-028,G-093,G-028|G-093,0.0000,449.6151,BBOX_CLEAR
PAIR-003792,G-028,G-094,G-028|G-094,0.0000,473.5428,BBOX_CLEAR
PAIR-003793,G-028,G-095,G-028|G-095,0.0000,458.1070,BBOX_CLEAR
PAIR-003794,G-028,G-096,G-028|G-096,0.0000,461.3944,BBOX_CLEAR
PAIR-003795,G-028,G-097,G-028|G-097,0.0000,466.2027,BBOX_CLEAR
PAIR-003796,G-028,G-098,G-028|G-098,0.0000,469.2420,BBOX_CLEAR
PAIR-003797,G-028,G-099,G-028|G-099,0.0000,475.2862,BBOX_CLEAR
PAIR-003798,G-028,G-100,G-028|G-100,0.0000,840.3742,BBOX_CLEAR
PAIR-003799,G-028,G-101,G-028|G-101,0.0000,826.9152,BBOX_CLEAR
PAIR-003800,G-028,G-102,G-028|G-102,0.0000,818.1130,BBOX_CLEAR
PAIR-003801,G-028,G-103,G-028|G-103,0.0000,802.4945,BBOX_CLEAR
PAIR-003802,G-028,G-104,G-028|G-104,0.0000,740.7229,BBOX_CLEAR
PAIR-003803,G-028,G-105,G-028|G-105,0.0000,712.0426,BBOX_CLEAR
PAIR-003804,G-028,G-106,G-028|G-106,0.0000,684.6791,BBOX_CLEAR
PAIR-003805,G-028,G-107,G-028|G-107,0.0000,658.7962,BBOX_CLEAR
PAIR-003806,G-028,G-108,G-028|G-108,0.0000,634.5752,BBOX_CLEAR
PAIR-003807,G-028,G-109,G-028|G-109,0.0000,612.2135,BBOX_CLEAR
PAIR-003808,G-028,G-110,G-028|G-110,0.0000,591.9218,BBOX_CLEAR
PAIR-003809,G-028,G-111,G-028|G-111,0.0000,573.9196,BBOX_CLEAR
PAIR-003810,G-028,G-112,G-028|G-112,0.0000,558.4285,BBOX_CLEAR
PAIR-003811,G-028,G-113,G-028|G-113,0.0000,545.6623,BBOX_CLEAR
PAIR-003812,G-028,G-114,G-028|G-114,0.0000,535.8159,BBOX_CLEAR
PAIR-003813,G-028,G-115,G-028|G-115,0.0000,529.0522,BBOX_CLEAR
PAIR-003814,G-028,G-116,G-028|G-116,0.0000,525.4905,BBOX_CLEAR
PAIR-003815,G-028,G-117,G-028|G-117,0.0000,524.9197,BBOX_CLEAR
PAIR-003816,G-028,G-118,G-028|G-118,0.0000,524.9197,BBOX_CLEAR
PAIR-003817,G-028,G-119,G-028|G-119,0.0000,526.2164,BBOX_CLEAR
PAIR-003818,G-028,G-120,G-028|G-120,0.0000,530.7466,BBOX_CLEAR
PAIR-003819,G-028,G-121,G-028|G-121,0.0000,538.4483,BBOX_CLEAR
PAIR-003820,G-028,G-122,G-028|G-122,0.0000,549.1880,BBOX_CLEAR
PAIR-003821,G-028,G-123,G-028|G-123,0.0000,562.7919,BBOX_CLEAR
PAIR-003822,G-028,G-124,G-028|G-124,0.0000,579.0581,BBOX_CLEAR
PAIR-003823,G-028,G-125,G-028|G-125,0.0000,597.7694,BBOX_CLEAR
PAIR-003824,G-028,G-126,G-028|G-126,0.0000,618.7039,BBOX_CLEAR
PAIR-003825,G-028,G-127,G-028|G-127,0.0000,641.6440,BBOX_CLEAR
PAIR-003826,G-028,G-128,G-028|G-128,0.0000,666.3827,BBOX_CLEAR
PAIR-003827,G-028,G-129,G-028|G-129,0.0000,692.7273,BBOX_CLEAR
PAIR-003828,G-028,G-130,G-028|G-130,0.0000,720.5017,BBOX_CLEAR
PAIR-003829,G-028,G-131,G-028|G-131,0.0000,749.5469,BBOX_CLEAR
PAIR-003830,G-028,G-132,G-028|G-132,0.0000,779.7210,BBOX_CLEAR
PAIR-003831,G-028,G-133,G-028|G-133,0.0000,810.8979,BBOX_CLEAR
PAIR-003832,G-028,G-134,G-028|G-134,0.0000,842.9664,BBOX_CLEAR
PAIR-003833,G-028,G-135,G-028|G-135,0.0000,875.8285,BBOX_CLEAR
PAIR-003834,G-028,P-001,G-028|P-001,0.0000,221.0651,BBOX_CLEAR
PAIR-003835,G-028,P-002,G-028|P-002,0.0000,557.7434,BBOX_CLEAR
PAIR-003836,G-028,P-003,G-028|P-003,0.0000,171.6615,BBOX_CLEAR
PAIR-003837,G-028,P-004,G-028|P-004,0.0000,201.5141,BBOX_CLEAR
PAIR-003838,G-028,P-005,G-028|P-005,0.0000,114.4055,BBOX_CLEAR
PAIR-003839,G-028,P-006,G-028|P-006,0.0000,50.4117,BBOX_CLEAR
PAIR-003840,G-028,P-007,G-028|P-007,0.0000,7.7491,BBOX_WITHIN_8PX
PAIR-003841,G-028,P-008,G-028|P-008,0.0000,115.5906,BBOX_CLEAR
PAIR-003842,G-028,P-009,G-028|P-009,0.0000,91.1351,BBOX_CLEAR
PAIR-003843,G-028,P-010,G-028|P-010,0.0000,161.1212,BBOX_CLEAR
PAIR-003844,G-028,P-011,G-028|P-011,0.0000,4.1996,BBOX_WITHIN_8PX
PAIR-003845,G-028,P-012,G-028|P-012,0.0000,132.0520,BBOX_CLEAR
PAIR-003846,G-028,P-013,G-028|P-013,0.0000,314.7807,BBOX_CLEAR
PAIR-003847,G-028,P-014,G-028|P-014,0.0000,348.6033,BBOX_CLEAR
PAIR-003848,G-028,P-015,G-028|P-015,843.5114,0.0000,BBOX_INTERSECTION
PAIR-003849,G-028,P-016,G-028|P-016,0.0000,176.4592,BBOX_CLEAR
PAIR-003850,G-028,P-017,G-028|P-017,0.0000,133.9696,BBOX_CLEAR
PAIR-003851,G-029,G-030,G-029|G-030,0.0000,0.0000,BBOX_WITHIN_8PX
PAIR-003852,G-029,G-031,G-029|G-031,0.0000,13.1107,BBOX_CLEAR
PAIR-003853,G-029,G-032,G-029|G-032,0.0000,293.0002,BBOX_CLEAR
PAIR-003854,G-029,G-033,G-029|G-033,0.0000,311.8033,BBOX_CLEAR
PAIR-003855,G-029,G-034,G-029|G-034,0.0000,333.0241,BBOX_CLEAR
PAIR-003856,G-029,G-035,G-029|G-035,0.0000,361.4745,BBOX_CLEAR
PAIR-003857,G-029,G-036,G-029|G-036,0.0000,387.8862,BBOX_CLEAR
PAIR-003858,G-029,G-037,G-029|G-037,0.0000,403.7620,BBOX_CLEAR
PAIR-003859,G-029,G-038,G-029|G-038,0.0000,430.3058,BBOX_CLEAR
PAIR-003860,G-029,G-039,G-029|G-039,0.0000,445.3791,BBOX_CLEAR
PAIR-003861,G-029,G-040,G-029|G-040,0.0000,464.0403,BBOX_CLEAR
PAIR-003862,G-029,G-041,G-029|G-041,0.0000,486.4866,BBOX_CLEAR
PAIR-003863,G-029,G-042,G-029|G-042,0.0000,494.8671,BBOX_CLEAR
PAIR-003864,G-029,G-043,G-029|G-043,0.0000,507.6400,BBOX_CLEAR
PAIR-003865,G-029,G-044,G-029|G-044,0.0000,533.8175,BBOX_CLEAR
PAIR-003866,G-029,G-045,G-029|G-045,0.0000,573.8152,BBOX_CLEAR
PAIR-003867,G-029,G-046,G-029|G-046,0.0000,188.7646,BBOX_CLEAR
PAIR-003868,G-029,G-047,G-029|G-047,0.0000,158.7197,BBOX_CLEAR
PAIR-003869,G-029,G-048,G-029|G-048,0.0000,142.7578,BBOX_CLEAR
PAIR-003870,G-029,G-049,G-029|G-049,0.0000,132.2128,BBOX_CLEAR
PAIR-003871,G-029,G-050,G-029|G-050,0.0000,127.7542,BBOX_CLEAR
PAIR-003872,G-029,G-051,G-029|G-051,0.0000,120.5695,BBOX_CLEAR
PAIR-003873,G-029,G-052,G-029|G-052,0.0000,118.0254,BBOX_CLEAR
PAIR-003874,G-029,G-053,G-029|G-053,0.0000,114.9089,BBOX_CLEAR
PAIR-003875,G-029,G-054,G-029|G-054,0.0000,114.9033,BBOX_CLEAR
PAIR-003876,G-029,G-055,G-029|G-055,0.0000,114.9033,BBOX_CLEAR
PAIR-003877,G-029,G-056,G-029|G-056,0.0000,116.4858,BBOX_CLEAR
PAIR-003878,G-029,G-057,G-029|G-057,0.0000,121.1661,BBOX_CLEAR
PAIR-003879,G-029,G-058,G-029|G-058,0.0000,387.4874,BBOX_CLEAR
PAIR-003880,G-029,G-059,G-029|G-059,0.0000,376.8900,BBOX_CLEAR
PAIR-003881,G-029,G-060,G-029|G-060,0.0000,487.1865,BBOX_CLEAR
PAIR-003882,G-029,G-061,G-029|G-061,0.0000,474.5283,BBOX_CLEAR
PAIR-003883,G-029,G-062,G-029|G-062,0.0000,590.3739,BBOX_CLEAR
PAIR-003884,G-029,G-063,G-029|G-063,0.0000,577.6171,BBOX_CLEAR
PAIR-003885,G-029,G-064,G-029|G-064,0.0000,487.7314,BBOX_CLEAR
PAIR-003886,G-029,G-065,G-029|G-065,0.0000,513.8612,BBOX_CLEAR
PAIR-003887,G-029,G-066,G-029|G-066,0.0000,311.2246,BBOX_CLEAR
PAIR-003888,G-029,G-067,G-029|G-067,0.0000,327.7248,BBOX_CLEAR
PAIR-003889,G-029,G-068,G-029|G-068,0.0000,349.8972,BBOX_CLEAR
PAIR-003890,G-029,G-069,G-029|G-069,0.0000,715.9994,BBOX_CLEAR
PAIR-003891,G-029,G-070,G-029|G-070,0.0000,714.8403,BBOX_CLEAR
PAIR-003892,G-029,G-071,G-029|G-071,0.0000,672.2876,BBOX_CLEAR
PAIR-003893,G-029,G-072,G-029|G-072,0.0000,650.7339,BBOX_CLEAR
PAIR-003894,G-029,G-073,G-029|G-073,0.0000,651.4471,BBOX_CLEAR
PAIR-003895,G-029,G-074,G-029|G-074,0.0000,610.3037,BBOX_CLEAR
PAIR-003896,G-029,G-075,G-029|G-075,0.0000,590.6762,BBOX_CLEAR
PAIR-003897,G-029,G-076,G-029|G-076,0.0000,593.5915,BBOX_CLEAR
PAIR-003898,G-029,G-077,G-029|G-077,0.0000,516.5775,BBOX_CLEAR
PAIR-003899,G-029,G-078,G-029|G-078,0.0000,508.4988,BBOX_CLEAR
PAIR-003900,G-029,G-079,G-029|G-079,0.0000,497.2316,BBOX_CLEAR
PAIR-003901,G-029,G-080,G-029|G-080,0.0000,505.9793,BBOX_CLEAR
PAIR-003902,G-029,G-081,G-029|G-081,0.0000,485.6418,BBOX_CLEAR
PAIR-003903,G-029,G-082,G-029|G-082,0.0000,474.2450,BBOX_CLEAR
PAIR-003904,G-029,G-083,G-029|G-083,0.0000,485.2131,BBOX_CLEAR
PAIR-003905,G-029,G-084,G-029|G-084,0.0000,464.0655,BBOX_CLEAR
PAIR-003906,G-029,G-085,G-029|G-085,0.0000,454.3768,BBOX_CLEAR
PAIR-003907,G-029,G-086,G-029|G-086,0.0000,448.6937,BBOX_CLEAR
PAIR-003908,G-029,G-087,G-029|G-087,0.0000,441.2745,BBOX_CLEAR
PAIR-003909,G-029,G-088,G-029|G-088,0.0000,465.3512,BBOX_CLEAR
PAIR-003910,G-029,G-089,G-029|G-089,0.0000,445.7636,BBOX_CLEAR
PAIR-003911,G-029,G-090,G-029|G-090,0.0000,445.1710,BBOX_CLEAR
PAIR-003912,G-029,G-091,G-029|G-091,0.0000,445.1649,BBOX_CLEAR
PAIR-003913,G-029,G-092,G-029|G-092,0.0000,446.5794,BBOX_CLEAR
PAIR-003914,G-029,G-093,G-029|G-093,0.0000,443.4832,BBOX_CLEAR
PAIR-003915,G-029,G-094,G-029|G-094,0.0000,467.4755,BBOX_CLEAR
PAIR-003916,G-029,G-095,G-029|G-095,0.0000,451.7135,BBOX_CLEAR
PAIR-003917,G-029,G-096,G-029|G-096,0.0000,454.7409,BBOX_CLEAR
PAIR-003918,G-029,G-097,G-029|G-097,0.0000,459.2441,BBOX_CLEAR
PAIR-003919,G-029,G-098,G-029|G-098,0.0000,462.1208,BBOX_CLEAR
PAIR-003920,G-029,G-099,G-029|G-099,0.0000,467.8892,BBOX_CLEAR
PAIR-003921,G-029,G-100,G-029|G-100,0.0000,854.7268,BBOX_CLEAR
PAIR-003922,G-029,G-101,G-029|G-101,0.0000,840.6214,BBOX_CLEAR
PAIR-003923,G-029,G-102,G-029|G-102,0.0000,831.6665,BBOX_CLEAR
PAIR-003924,G-029,G-103,G-029|G-103,0.0000,815.7631,BBOX_CLEAR
PAIR-003925,G-029,G-104,G-029|G-104,0.0000,752.7076,BBOX_CLEAR
PAIR-003926,G-029,G-105,G-029|G-105,0.0000,723.2623,BBOX_CLEAR
PAIR-003927,G-029,G-106,G-029|G-106,0.0000,695.0499,BBOX_CLEAR
PAIR-003928,G-029,G-107,G-029|G-107,0.0000,668.2265,BBOX_CLEAR
PAIR-003929,G-029,G-108,G-029|G-108,0.0000,642.9660,BBOX_CLEAR
PAIR-003930,G-029,G-109,G-029|G-109,0.0000,619.4597,BBOX_CLEAR
PAIR-003931,G-029,G-110,G-029|G-110,0.0000,597.9144,BBOX_CLEAR
PAIR-003932,G-029,G-111,G-029|G-111,0.0000,578.5493,BBOX_CLEAR
PAIR-003933,G-029,G-112,G-029|G-112,0.0000,561.5900,BBOX_CLEAR
PAIR-003934,G-029,G-113,G-029|G-113,0.0000,547.2601,BBOX_CLEAR
PAIR-003935,G-029,G-114,G-029|G-114,0.0000,535.7707,BBOX_CLEAR
PAIR-003936,G-029,G-115,G-029|G-115,0.0000,527.3076,BBOX_CLEAR
PAIR-003937,G-029,G-116,G-029|G-116,0.0000,522.0178,BBOX_CLEAR
PAIR-003938,G-029,G-117,G-029|G-117,0.0000,519.9983,BBOX_CLEAR
PAIR-003939,G-029,G-118,G-029|G-118,0.0000,519.9780,BBOX_CLEAR
PAIR-003940,G-029,G-119,G-029|G-119,0.0000,520.7484,BBOX_CLEAR
PAIR-003941,G-029,G-120,G-029|G-120,0.0000,524.6455,BBOX_CLEAR
PAIR-003942,G-029,G-121,G-029|G-121,0.0000,531.7642,BBOX_CLEAR
PAIR-003943,G-029,G-122,G-029|G-122,0.0000,541.9777,BBOX_CLEAR
PAIR-003944,G-029,G-123,G-029|G-123,0.0000,555.1151,BBOX_CLEAR
PAIR-003945,G-029,G-124,G-029|G-124,0.0000,570.9747,BBOX_CLEAR
PAIR-003946,G-029,G-125,G-029|G-125,0.0000,589.3367,BBOX_CLEAR
PAIR-003947,G-029,G-126,G-029|G-126,0.0000,609.9752,BBOX_CLEAR
PAIR-003948,G-029,G-127,G-029|G-127,0.0000,632.6674,BBOX_CLEAR
PAIR-003949,G-029,G-128,G-029|G-128,0.0000,657.2006,BBOX_CLEAR
PAIR-003950,G-029,G-129,G-029|G-129,0.0000,683.3766,BBOX_CLEAR
PAIR-003951,G-029,G-130,G-029|G-130,0.0000,711.0140,BBOX_CLEAR
PAIR-003952,G-029,G-131,G-029|G-131,0.0000,739.9490,BBOX_CLEAR
PAIR-003953,G-029,G-132,G-029|G-132,0.0000,770.0354,BBOX_CLEAR
PAIR-003954,G-029,G-133,G-029|G-133,0.0000,801.1434,BBOX_CLEAR
PAIR-003955,G-029,G-134,G-029|G-134,0.0000,833.1587,BBOX_CLEAR
PAIR-003956,G-029,G-135,G-029|G-135,0.0000,865.9806,BBOX_CLEAR
PAIR-003957,G-029,P-001,G-029|P-001,0.0000,216.1234,BBOX_CLEAR
PAIR-003958,G-029,P-002,G-029|P-002,0.0000,547.9043,BBOX_CLEAR
PAIR-003959,G-029,P-003,G-029|P-003,0.0000,193.2782,BBOX_CLEAR
PAIR-003960,G-029,P-004,G-029|P-004,0.0000,228.7794,BBOX_CLEAR
PAIR-003961,G-029,P-005,G-029|P-005,0.0000,110.5575,BBOX_CLEAR
PAIR-003962,G-029,P-006,G-029|P-006,0.0000,45.4700,BBOX_CLEAR
PAIR-003963,G-029,P-007,G-029|P-007,0.0000,2.8074,BBOX_WITHIN_8PX
PAIR-003964,G-029,P-008,G-029|P-008,0.0000,106.0787,BBOX_CLEAR
PAIR-003965,G-029,P-009,G-029|P-009,0.0000,82.5317,BBOX_CLEAR
PAIR-003966,G-029,P-010,G-029|P-010,0.0000,152.5178,BBOX_CLEAR
PAIR-003967,G-029,P-011,G-029|P-011,6.3849,0.0000,BBOX_INTERSECTION
PAIR-003968,G-029,P-012,G-029|P-012,0.0000,122.1442,BBOX_CLEAR
PAIR-003969,G-029,P-013,G-029|P-013,0.0000,306.0422,BBOX_CLEAR
PAIR-003970,G-029,P-014,G-029|P-014,0.0000,339.2417,BBOX_CLEAR
PAIR-003971,G-029,P-015,G-029|P-015,235.0092,0.0000,BBOX_INTERSECTION
PAIR-003972,G-029,P-016,G-029|P-016,0.0000,167.8558,BBOX_CLEAR
PAIR-003973,G-029,P-017,G-029|P-017,0.0000,124.1204,BBOX_CLEAR
PAIR-003974,G-030,G-031,G-030|G-031,0.0000,0.0000,BBOX_WITHIN_8PX
PAIR-003975,G-030,G-032,G-030|G-032,0.0000,279.9676,BBOX_CLEAR
PAIR-003976,G-030,G-033,G-030|G-033,0.0000,298.7613,BBOX_CLEAR
PAIR-003977,G-030,G-034,G-030|G-034,0.0000,319.9734,BBOX_CLEAR
PAIR-003978,G-030,G-035,G-030|G-035,0.0000,348.4146,BBOX_CLEAR
PAIR-003979,G-030,G-036,G-030|G-036,0.0000,374.8195,BBOX_CLEAR
PAIR-003980,G-030,G-037,G-030|G-037,0.0000,390.6918,BBOX_CLEAR
PAIR-003981,G-030,G-038,G-030|G-038,0.0000,417.2307,BBOX_CLEAR
PAIR-003982,G-030,G-039,G-030|G-039,0.0000,432.2770,BBOX_CLEAR
PAIR-003983,G-030,G-040,G-030|G-040,0.0000,450.9610,BBOX_CLEAR
PAIR-003984,G-030,G-041,G-030|G-041,0.0000,473.4415,BBOX_CLEAR
PAIR-003985,G-030,G-042,G-030|G-042,0.0000,481.8198,BBOX_CLEAR
PAIR-003986,G-030,G-043,G-030|G-043,0.0000,494.5894,BBOX_CLEAR
PAIR-003987,G-030,G-044,G-030|G-044,0.0000,520.7298,BBOX_CLEAR
PAIR-003988,G-030,G-045,G-030|G-045,0.0000,560.7244,BBOX_CLEAR
PAIR-003989,G-030,G-046,G-030|G-046,0.0000,195.6610,BBOX_CLEAR
PAIR-003990,G-030,G-047,G-030|G-047,0.0000,164.7731,BBOX_CLEAR
PAIR-003991,G-030,G-048,G-030|G-048,0.0000,148.0258,BBOX_CLEAR
PAIR-003992,G-030,G-049,G-030|G-049,0.0000,136.6737,BBOX_CLEAR
PAIR-003993,G-030,G-050,G-030|G-050,0.0000,131.7425,BBOX_CLEAR
PAIR-003994,G-030,G-051,G-030|G-051,0.0000,123.4487,BBOX_CLEAR
PAIR-003995,G-030,G-052,G-030|G-052,0.0000,120.2833,BBOX_CLEAR
PAIR-003996,G-030,G-053,G-030|G-053,0.0000,115.3154,BBOX_CLEAR
PAIR-003997,G-030,G-054,G-030|G-054,0.0000,114.9035,BBOX_CLEAR
PAIR-003998,G-030,G-055,G-030|G-055,0.0000,114.9033,BBOX_CLEAR
PAIR-003999,G-030,G-056,G-030|G-056,0.0000,115.0612,BBOX_CLEAR
PAIR-004000,G-030,G-057,G-030|G-057,0.0000,117.6643,BBOX_CLEAR
PAIR-004001,G-030,G-058,G-030|G-058,0.0000,395.7133,BBOX_CLEAR
PAIR-004002,G-030,G-059,G-030|G-059,0.0000,384.9615,BBOX_CLEAR
PAIR-004003,G-030,G-060,G-030|G-060,0.0000,495.6083,BBOX_CLEAR
PAIR-004004,G-030,G-061,G-030|G-061,0.0000,482.8682,BBOX_CLEAR
PAIR-004005,G-030,G-062,G-030|G-062,0.0000,598.7925,BBOX_CLEAR
PAIR-004006,G-030,G-063,G-030|G-063,0.0000,585.9688,BBOX_CLEAR
PAIR-004007,G-030,G-064,G-030|G-064,0.0000,475.3550,BBOX_CLEAR
PAIR-004008,G-030,G-065,G-030|G-065,0.0000,501.5230,BBOX_CLEAR
PAIR-004009,G-030,G-066,G-030|G-066,0.0000,305.4598,BBOX_CLEAR
PAIR-004010,G-030,G-067,G-030|G-067,0.0000,320.8086,BBOX_CLEAR
PAIR-004011,G-030,G-068,G-030|G-068,0.0000,341.9668,BBOX_CLEAR
PAIR-004012,G-030,G-069,G-030|G-069,0.0000,722.7993,BBOX_CLEAR
PAIR-004013,G-030,G-070,G-030|G-070,0.0000,721.4723,BBOX_CLEAR
PAIR-004014,G-030,G-071,G-030|G-071,0.0000,678.8079,BBOX_CLEAR
PAIR-004015,G-030,G-072,G-030|G-072,0.0000,657.0895,BBOX_CLEAR
PAIR-004016,G-030,G-073,G-030|G-073,0.0000,657.5999,BBOX_CLEAR
PAIR-004017,G-030,G-074,G-030|G-074,0.0000,616.2863,BBOX_CLEAR
PAIR-004018,G-030,G-075,G-030|G-075,0.0000,596.4386,BBOX_CLEAR
PAIR-004019,G-030,G-076,G-030|G-076,0.0000,599.1101,BBOX_CLEAR
PAIR-004020,G-030,G-077,G-030|G-077,0.0000,520.9952,BBOX_CLEAR
PAIR-004021,G-030,G-078,G-030|G-078,0.0000,512.7125,BBOX_CLEAR
PAIR-004022,G-030,G-079,G-030|G-079,0.0000,501.1238,BBOX_CLEAR
PAIR-004023,G-030,G-080,G-030|G-080,0.0000,509.5516,BBOX_CLEAR
PAIR-004024,G-030,G-081,G-030|G-081,0.0000,489.1442,BBOX_CLEAR
PAIR-004025,G-030,G-082,G-030|G-082,0.0000,477.2799,BBOX_CLEAR
PAIR-004026,G-030,G-083,G-030|G-083,0.0000,487.9159,BBOX_CLEAR
PAIR-004027,G-030,G-084,G-030|G-084,0.0000,466.5690,BBOX_CLEAR
PAIR-004028,G-030,G-085,G-030|G-085,0.0000,456.1784,BBOX_CLEAR
PAIR-004029,G-030,G-086,G-030|G-086,0.0000,449.8516,BBOX_CLEAR
PAIR-004030,G-030,G-087,G-030|G-087,0.0000,442.1533,BBOX_CLEAR
PAIR-004031,G-030,G-088,G-030|G-088,0.0000,466.1907,BBOX_CLEAR
PAIR-004032,G-030,G-089,G-030|G-089,0.0000,446.2921,BBOX_CLEAR
PAIR-004033,G-030,G-090,G-030|G-090,0.0000,445.2989,BBOX_CLEAR
PAIR-004034,G-030,G-091,G-030|G-091,0.0000,445.1649,BBOX_CLEAR
PAIR-004035,G-030,G-092,G-030|G-092,0.0000,445.7284,BBOX_CLEAR
PAIR-004036,G-030,G-093,G-030|G-093,0.0000,441.8955,BBOX_CLEAR
PAIR-004037,G-030,G-094,G-030|G-094,0.0000,465.9803,BBOX_CLEAR
PAIR-004038,G-030,G-095,G-030|G-095,0.0000,449.6749,BBOX_CLEAR
PAIR-004039,G-030,G-096,G-030|G-096,0.0000,452.2466,BBOX_CLEAR
PAIR-004040,G-030,G-097,G-030|G-097,0.0000,456.1996,BBOX_CLEAR
PAIR-004041,G-030,G-098,G-030|G-098,0.0000,458.7758,BBOX_CLEAR
PAIR-004042,G-030,G-099,G-030|G-099,0.0000,464.0206,BBOX_CLEAR
PAIR-004043,G-030,G-100,G-030|G-100,0.0000,861.6832,BBOX_CLEAR
PAIR-004044,G-030,G-101,G-030|G-101,0.0000,847.3859,BBOX_CLEAR
PAIR-004045,G-030,G-102,G-030|G-102,0.0000,838.3857,BBOX_CLEAR
PAIR-004046,G-030,G-103,G-030|G-103,0.0000,822.3972,BBOX_CLEAR
PAIR-004047,G-030,G-104,G-030|G-104,0.0000,758.9518,BBOX_CLEAR
PAIR-004048,G-030,G-105,G-030|G-105,0.0000,729.2689,BBOX_CLEAR
PAIR-004049,G-030,G-106,G-030|G-106,0.0000,700.7888,BBOX_CLEAR
PAIR-004050,G-030,G-107,G-030|G-107,0.0000,673.6638,BBOX_CLEAR
PAIR-004051,G-030,G-108,G-030|G-108,0.0000,648.0642,BBOX_CLEAR
PAIR-004052,G-030,G-109,G-030|G-109,0.0000,624.1778,BBOX_CLEAR
PAIR-004053,G-030,G-110,G-030|G-110,0.0000,602.2084,BBOX_CLEAR
PAIR-004054,G-030,G-111,G-030|G-111,0.0000,582.3730,BBOX_CLEAR
PAIR-004055,G-030,G-112,G-030|G-112,0.0000,564.8964,BBOX_CLEAR
PAIR-004056,G-030,G-113,G-030|G-113,0.0000,550.0036,BBOX_CLEAR
PAIR-004057,G-030,G-114,G-030|G-114,0.0000,537.9092,BBOX_CLEAR
PAIR-004058,G-030,G-115,G-030|G-115,0.0000,528.8052,BBOX_CLEAR
PAIR-004059,G-030,G-116,G-030|G-116,0.0000,522.8479,BBOX_CLEAR
PAIR-004060,G-030,G-117,G-030|G-117,0.0000,520.1454,BBOX_CLEAR
PAIR-004061,G-030,G-118,G-030|G-118,0.0000,519.9780,BBOX_CLEAR
PAIR-004062,G-030,G-119,G-030|G-119,0.0000,520.2003,BBOX_CLEAR
PAIR-004063,G-030,G-120,G-030|G-120,0.0000,523.0620,BBOX_CLEAR
PAIR-004064,G-030,G-121,G-030|G-121,0.0000,529.1745,BBOX_CLEAR
PAIR-004065,G-030,G-122,G-030|G-122,0.0000,538.4272,BBOX_CLEAR
PAIR-004066,G-030,G-123,G-030|G-123,0.0000,550.6617,BBOX_CLEAR
PAIR-004067,G-030,G-124,G-030|G-124,0.0000,565.6847,BBOX_CLEAR
PAIR-004068,G-030,G-125,G-030|G-125,0.0000,583.2806,BBOX_CLEAR
PAIR-004069,G-030,G-126,G-030|G-126,0.0000,603.2245,BBOX_CLEAR
PAIR-004070,G-030,G-127,G-030|G-127,0.0000,625.2916,BBOX_CLEAR
PAIR-004071,G-030,G-128,G-030|G-128,0.0000,649.2656,BBOX_CLEAR
PAIR-004072,G-030,G-129,G-030|G-129,0.0000,674.9432,BBOX_CLEAR
PAIR-004073,G-030,G-130,G-030|G-130,0.0000,702.1375,BBOX_CLEAR
PAIR-004074,G-030,G-131,G-030|G-131,0.0000,730.6793,BBOX_CLEAR
PAIR-004075,G-030,G-132,G-030|G-132,0.0000,760.4168,BBOX_CLEAR
PAIR-004076,G-030,G-133,G-030|G-133,0.0000,791.2152,BBOX_CLEAR
PAIR-004077,G-030,G-134,G-030|G-134,0.0000,822.9554,BBOX_CLEAR
PAIR-004078,G-030,G-135,G-030|G-135,0.0000,855.5327,BBOX_CLEAR
PAIR-004079,G-030,P-001,G-030|P-001,0.0000,216.1234,BBOX_CLEAR
PAIR-004080,G-030,P-002,G-030|P-002,0.0000,535.8070,BBOX_CLEAR
PAIR-004081,G-030,P-003,G-030|P-003,0.0000,201.8821,BBOX_CLEAR
PAIR-004082,G-030,P-004,G-030|P-004,0.0000,235.8292,BBOX_CLEAR
PAIR-004083,G-030,P-005,G-030|P-005,0.0000,112.0889,BBOX_CLEAR
PAIR-004084,G-030,P-006,G-030|P-006,0.0000,45.4700,BBOX_CLEAR
PAIR-004085,G-030,P-007,G-030|P-007,0.0000,2.8074,BBOX_WITHIN_8PX
PAIR-004086,G-030,P-008,G-030|P-008,0.0000,97.6350,BBOX_CLEAR
PAIR-004087,G-030,P-009,G-030|P-009,0.0000,69.4210,BBOX_CLEAR
PAIR-004088,G-030,P-010,G-030|P-010,0.0000,139.4071,BBOX_CLEAR
PAIR-004089,G-030,P-011,G-030|P-011,9.7292,0.0000,BBOX_INTERSECTION
PAIR-004090,G-030,P-012,G-030|P-012,0.0000,110.5917,BBOX_CLEAR
PAIR-004091,G-030,P-013,G-030|P-013,0.0000,299.4158,BBOX_CLEAR
PAIR-004092,G-030,P-014,G-030|P-014,0.0000,330.8759,BBOX_CLEAR
PAIR-004093,G-030,P-015,G-030|P-015,358.1070,0.0000,BBOX_INTERSECTION
PAIR-004094,G-030,P-016,G-030|P-016,0.0000,154.7451,BBOX_CLEAR
PAIR-004095,G-030,P-017,G-030|P-017,0.0000,112.1369,BBOX_CLEAR
PAIR-004096,G-031,G-032,G-031|G-032,0.0000,264.3386,BBOX_CLEAR
PAIR-004097,G-031,G-033,G-031|G-033,0.0000,283.1193,BBOX_CLEAR
PAIR-004098,G-031,G-034,G-031|G-034,0.0000,304.3195,BBOX_CLEAR
PAIR-004099,G-031,G-035,G-031|G-035,0.0000,332.7480,BBOX_CLEAR
PAIR-004100,G-031,G-036,G-031|G-036,0.0000,359.1437,BBOX_CLEAR
PAIR-004101,G-031,G-037,G-031|G-037,0.0000,375.0113,BBOX_CLEAR
PAIR-004102,G-031,G-038,G-031|G-038,0.0000,401.5437,BBOX_CLEAR
PAIR-004103,G-031,G-039,G-031|G-039,0.0000,416.5552,BBOX_CLEAR
PAIR-004104,G-031,G-040,G-031|G-040,0.0000,435.2684,BBOX_CLEAR
PAIR-004105,G-031,G-041,G-031|G-041,0.0000,457.7924,BBOX_CLEAR
PAIR-004106,G-031,G-042,G-031|G-042,0.0000,466.1677,BBOX_CLEAR
PAIR-004107,G-031,G-043,G-031|G-043,0.0000,478.9332,BBOX_CLEAR
PAIR-004108,G-031,G-044,G-031|G-044,0.0000,505.0261,BBOX_CLEAR
PAIR-004109,G-031,G-045,G-031|G-045,0.0000,545.0166,BBOX_CLEAR
PAIR-004110,G-031,G-046,G-031|G-046,0.0000,206.4165,BBOX_CLEAR
PAIR-004111,G-031,G-047,G-031|G-047,0.0000,174.4098,BBOX_CLEAR
PAIR-004112,G-031,G-048,G-031|G-048,0.0000,156.6223,BBOX_CLEAR
PAIR-004113,G-031,G-049,G-031|G-049,0.0000,144.1947,BBOX_CLEAR
PAIR-004114,G-031,G-050,G-031|G-050,0.0000,138.6284,BBOX_CLEAR
PAIR-004115,G-031,G-051,G-031|G-051,0.0000,128.8211,BBOX_CLEAR
PAIR-004116,G-031,G-052,G-031|G-052,0.0000,124.7906,BBOX_CLEAR
PAIR-004117,G-031,G-053,G-031|G-053,0.0000,117.1534,BBOX_CLEAR
PAIR-004118,G-031,G-054,G-031|G-054,0.0000,115.6694,BBOX_CLEAR
PAIR-004119,G-031,G-055,G-031|G-055,0.0000,114.9033,BBOX_CLEAR
PAIR-004120,G-031,G-056,G-031|G-056,0.0000,114.9033,BBOX_CLEAR
PAIR-004121,G-031,G-057,G-031|G-057,0.0000,115.3043,BBOX_CLEAR
PAIR-004122,G-031,G-058,G-031|G-058,0.0000,408.2779,BBOX_CLEAR
PAIR-004123,G-031,G-059,G-031|G-059,0.0000,397.3039,BBOX_CLEAR
PAIR-004124,G-031,G-060,G-031|G-060,0.0000,508.4531,BBOX_CLEAR
PAIR-004125,G-031,G-061,G-031|G-061,0.0000,495.5938,BBOX_CLEAR
PAIR-004126,G-031,G-062,G-031|G-062,0.0000,611.6308,BBOX_CLEAR
PAIR-004127,G-031,G-063,G-031|G-063,0.0000,598.7088,BBOX_CLEAR
PAIR-004128,G-031,G-064,G-031|G-064,0.0000,460.5569,BBOX_CLEAR
PAIR-004129,G-031,G-065,G-031|G-065,0.0000,486.7705,BBOX_CLEAR
PAIR-004130,G-031,G-066,G-031|G-066,0.0000,299.1545,BBOX_CLEAR
PAIR-004131,G-031,G-067,G-031|G-067,0.0000,313.0328,BBOX_CLEAR
PAIR-004132,G-031,G-068,G-031|G-068,0.0000,332.8829,BBOX_CLEAR
PAIR-004133,G-031,G-069,G-031|G-069,0.0000,733.2339,BBOX_CLEAR
PAIR-004134,G-031,G-070,G-031|G-070,0.0000,731.6571,BBOX_CLEAR
PAIR-004135,G-031,G-071,G-031|G-071,0.0000,688.8314,BBOX_CLEAR
PAIR-004136,G-031,G-072,G-031|G-072,0.0000,666.8712,BBOX_CLEAR
PAIR-004137,G-031,G-073,G-031|G-073,0.0000,667.0798,BBOX_CLEAR
PAIR-004138,G-031,G-074,G-031|G-074,0.0000,625.5200,BBOX_CLEAR
PAIR-004139,G-031,G-075,G-031|G-075,0.0000,605.3491,BBOX_CLEAR
PAIR-004140,G-031,G-076,G-031|G-076,0.0000,607.6574,BBOX_CLEAR
PAIR-004141,G-031,G-077,G-031|G-077,0.0000,527.9255,BBOX_CLEAR
PAIR-004142,G-031,G-078,G-031|G-078,0.0000,519.3417,BBOX_CLEAR
PAIR-004143,G-031,G-079,G-031|G-079,0.0000,507.2779,BBOX_CLEAR
PAIR-004144,G-031,G-080,G-031|G-080,0.0000,515.2237,BBOX_CLEAR
PAIR-004145,G-031,G-081,G-031|G-081,0.0000,494.7214,BBOX_CLEAR
PAIR-004146,G-031,G-082,G-031|G-082,0.0000,482.1629,BBOX_CLEAR
PAIR-004147,G-031,G-083,G-031|G-083,0.0000,492.2951,BBOX_CLEAR
PAIR-004148,G-031,G-084,G-031|G-084,0.0000,470.6607,BBOX_CLEAR
PAIR-004149,G-031,G-085,G-031|G-085,0.0000,459.2202,BBOX_CLEAR
PAIR-004150,G-031,G-086,G-031|G-086,0.0000,451.9255,BBOX_CLEAR
PAIR-004151,G-031,G-087,G-031|G-087,0.0000,443.8100,BBOX_CLEAR
PAIR-004152,G-031,G-088,G-031|G-088,0.0000,467.7714,BBOX_CLEAR
PAIR-004153,G-031,G-089,G-031|G-089,0.0000,447.4145,BBOX_CLEAR
PAIR-004154,G-031,G-090,G-031|G-090,0.0000,445.8132,BBOX_CLEAR
PAIR-004155,G-031,G-091,G-031|G-091,0.0000,445.1649,BBOX_CLEAR
PAIR-004156,G-031,G-092,G-031|G-092,0.0000,445.2149,BBOX_CLEAR
PAIR-004157,G-031,G-093,G-031|G-093,0.0000,440.4980,BBOX_CLEAR
PAIR-004158,G-031,G-094,G-031|G-094,0.0000,464.6683,BBOX_CLEAR
PAIR-004159,G-031,G-095,G-031|G-095,0.0000,447.7232,BBOX_CLEAR
PAIR-004160,G-031,G-096,G-031|G-096,0.0000,449.7400,BBOX_CLEAR
PAIR-004161,G-031,G-097,G-031|G-097,0.0000,453.0205,BBOX_CLEAR
PAIR-004162,G-031,G-098,G-031|G-098,0.0000,455.2281,BBOX_CLEAR
PAIR-004163,G-031,G-099,G-031|G-099,0.0000,459.8291,BBOX_CLEAR
PAIR-004164,G-031,G-100,G-031|G-100,0.0000,872.3398,BBOX_CLEAR
PAIR-004165,G-031,G-101,G-031|G-101,0.0000,857.7570,BBOX_CLEAR
PAIR-004166,G-031,G-102,G-031|G-102,0.0000,848.6898,BBOX_CLEAR
PAIR-004167,G-031,G-103,G-031|G-103,0.0000,832.5756,BBOX_CLEAR
PAIR-004168,G-031,G-104,G-031|G-104,0.0000,768.5545,BBOX_CLEAR
PAIR-004169,G-031,G-105,G-031|G-105,0.0000,738.5207,BBOX_CLEAR
PAIR-004170,G-031,G-106,G-031|G-106,0.0000,709.6450,BBOX_CLEAR
PAIR-004171,G-031,G-107,G-031|G-107,0.0000,682.0745,BBOX_CLEAR
PAIR-004172,G-031,G-108,G-031|G-108,0.0000,655.9736,BBOX_CLEAR
PAIR-004173,G-031,G-109,G-031|G-109,0.0000,631.5249,BBOX_CLEAR
PAIR-004174,G-031,G-110,G-031|G-110,0.0000,608.9271,BBOX_CLEAR
PAIR-004175,G-031,G-111,G-031|G-111,0.0000,588.3936,BBOX_CLEAR
PAIR-004176,G-031,G-112,G-031|G-112,0.0000,570.1475,BBOX_CLEAR
PAIR-004177,G-031,G-113,G-031|G-113,0.0000,554.4148,BBOX_CLEAR
PAIR-004178,G-031,G-114,G-031|G-114,0.0000,541.4144,BBOX_CLEAR
PAIR-004179,G-031,G-115,G-031|G-115,0.0000,531.3471,BBOX_CLEAR
PAIR-004180,G-031,G-116,G-031|G-116,0.0000,524.3818,BBOX_CLEAR
PAIR-004181,G-031,G-117,G-031|G-117,0.0000,520.6430,BBOX_CLEAR
PAIR-004182,G-031,G-118,G-031|G-118,0.0000,519.9780,BBOX_CLEAR
PAIR-004183,G-031,G-119,G-031|G-119,0.0000,519.9780,BBOX_CLEAR
PAIR-004184,G-031,G-120,G-031|G-120,0.0000,521.5906,BBOX_CLEAR
PAIR-004185,G-031,G-121,G-031|G-121,0.0000,526.4811,BBOX_CLEAR
PAIR-004186,G-031,G-122,G-031|G-122,0.0000,534.5600,BBOX_CLEAR
PAIR-004187,G-031,G-123,G-031|G-123,0.0000,545.6856,BBOX_CLEAR
PAIR-004188,G-031,G-124,G-031|G-124,0.0000,559.6761,BBOX_CLEAR
PAIR-004189,G-031,G-125,G-031|G-125,0.0000,576.3231,BBOX_CLEAR
PAIR-004190,G-031,G-126,G-031|G-126,0.0000,595.4038,BBOX_CLEAR
PAIR-004191,G-031,G-127,G-031|G-127,0.0000,616.6922,BBOX_CLEAR
PAIR-004192,G-031,G-128,G-031|G-128,0.0000,639.9682,BBOX_CLEAR
PAIR-004193,G-031,G-129,G-031|G-129,0.0000,665.0230,BBOX_CLEAR
PAIR-004194,G-031,G-130,G-031|G-130,0.0000,691.6634,BBOX_CLEAR
PAIR-004195,G-031,G-131,G-031|G-131,0.0000,719.7133,BBOX_CLEAR
PAIR-004196,G-031,G-132,G-031|G-132,0.0000,749.0144,BBOX_CLEAR
PAIR-004197,G-031,G-133,G-031|G-133,0.0000,779.4255,BBOX_CLEAR
PAIR-004198,G-031,G-134,G-031|G-134,0.0000,810.8219,BBOX_CLEAR
PAIR-004199,G-031,G-135,G-031|G-135,0.0000,843.0934,BBOX_CLEAR
PAIR-004200,G-031,P-001,G-031|P-001,0.0000,216.1234,BBOX_CLEAR
PAIR-004201,G-031,P-002,G-031|P-002,0.0000,521.3551,BBOX_CLEAR
PAIR-004202,G-031,P-003,G-031|P-003,0.0000,214.9928,BBOX_CLEAR
PAIR-004203,G-031,P-004,G-031|P-004,0.0000,246.7612,BBOX_CLEAR
PAIR-004204,G-031,P-005,G-031|P-005,0.0000,115.6208,BBOX_CLEAR
PAIR-004205,G-031,P-006,G-031|P-006,0.0000,45.4700,BBOX_CLEAR
PAIR-004206,G-031,P-007,G-031|P-007,0.0000,2.8074,BBOX_WITHIN_8PX
PAIR-004207,G-031,P-008,G-031|P-008,0.0000,89.0072,BBOX_CLEAR
PAIR-004208,G-031,P-009,G-031|P-009,0.0000,53.6882,BBOX_CLEAR
PAIR-004209,G-031,P-010,G-031|P-010,0.0000,123.6743,BBOX_CLEAR
PAIR-004210,G-031,P-011,G-031|P-011,11.6751,0.0000,BBOX_INTERSECTION
PAIR-004211,G-031,P-012,G-031|P-012,0.0000,97.2519,BBOX_CLEAR
PAIR-004212,G-031,P-013,G-031|P-013,0.0000,292.0431,BBOX_CLEAR
PAIR-004213,G-031,P-014,G-031|P-014,0.0000,321.2559,BBOX_CLEAR
PAIR-004214,G-031,P-015,G-031|P-015,429.7279,0.0000,BBOX_INTERSECTION
PAIR-004215,G-031,P-016,G-031|P-016,0.0000,139.0123,BBOX_CLEAR
PAIR-004216,G-031,P-017,G-031|P-017,0.0000,98.1378,BBOX_CLEAR
PAIR-004217,G-032,G-033,G-032|G-033,0.0000,0.0000,BBOX_WITHIN_8PX
PAIR-004218,G-032,G-034,G-032|G-034,0.0000,21.3210,BBOX_CLEAR
PAIR-004219,G-032,G-035,G-032|G-035,0.0000,49.8872,BBOX_CLEAR
PAIR-004220,G-032,G-036,G-032|G-036,0.0000,76.3911,BBOX_CLEAR
PAIR-004221,G-032,G-037,G-032|G-037,0.0000,92.3164,BBOX_CLEAR
PAIR-004222,G-032,G-038,G-032|G-038,0.0000,118.9350,BBOX_CLEAR
PAIR-004223,G-032,G-039,G-032|G-039,0.0000,134.8585,BBOX_CLEAR
PAIR-004224,G-032,G-040,G-032|G-040,0.0000,152.7209,BBOX_CLEAR
PAIR-004225,G-032,G-041,G-032|G-041,0.0000,173.8793,BBOX_CLEAR
PAIR-004226,G-032,G-042,G-032|G-042,0.0000,182.3000,BBOX_CLEAR
PAIR-004227,G-032,G-043,G-032|G-043,0.0000,195.1318,BBOX_CLEAR
PAIR-004228,G-032,G-044,G-032|G-044,0.0000,222.6668,BBOX_CLEAR
PAIR-004229,G-032,G-045,G-032|G-045,0.0000,262.7283,BBOX_CLEAR
PAIR-004230,G-032,G-046,G-032|G-046,0.0000,451.9983,BBOX_CLEAR
PAIR-004231,G-032,G-047,G-032|G-047,0.0000,411.9539,BBOX_CLEAR
PAIR-004232,G-032,G-048,G-032|G-048,0.0000,387.3373,BBOX_CLEAR
PAIR-004233,G-032,G-049,G-032|G-049,0.0000,368.1630,BBOX_CLEAR
PAIR-004234,G-032,G-050,G-032|G-050,0.0000,358.6783,BBOX_CLEAR
PAIR-004235,G-032,G-051,G-032|G-051,0.0000,339.5281,BBOX_CLEAR
PAIR-004236,G-032,G-052,G-032|G-052,0.0000,330.0568,BBOX_CLEAR
PAIR-004237,G-032,G-053,G-032|G-053,0.0000,304.4929,BBOX_CLEAR
PAIR-004238,G-032,G-054,G-032|G-054,0.0000,295.0437,BBOX_CLEAR
PAIR-004239,G-032,G-055,G-032|G-055,0.0000,275.9758,BBOX_CLEAR
PAIR-004240,G-032,G-056,G-032|G-056,0.0000,256.9449,BBOX_CLEAR
PAIR-004241,G-032,G-057,G-032|G-057,0.0000,243.2473,BBOX_CLEAR
PAIR-004242,G-032,G-058,G-032|G-058,0.0000,671.5655,BBOX_CLEAR
PAIR-004243,G-032,G-059,G-032|G-059,0.0000,655.9749,BBOX_CLEAR
PAIR-004244,G-032,G-060,G-032|G-060,0.0000,777.2547,BBOX_CLEAR
PAIR-004245,G-032,G-061,G-032|G-061,0.0000,761.1734,BBOX_CLEAR
PAIR-004246,G-032,G-062,G-032|G-062,0.0000,879.0321,BBOX_CLEAR
PAIR-004247,G-032,G-063,G-032|G-063,0.0000,863.2485,BBOX_CLEAR
PAIR-004248,G-032,G-064,G-032|G-064,0.0000,175.4276,BBOX_CLEAR
PAIR-004249,G-032,G-065,G-032|G-065,0.0000,201.9193,BBOX_CLEAR
PAIR-004250,G-032,G-066,G-032|G-066,0.0000,241.2357,BBOX_CLEAR
PAIR-004251,G-032,G-067,G-032|G-067,0.0000,219.4340,BBOX_CLEAR
PAIR-004252,G-032,G-068,G-032|G-068,0.0000,209.3817,BBOX_CLEAR
PAIR-004253,G-032,G-069,G-032|G-069,0.0000,940.6073,BBOX_CLEAR
PAIR-004254,G-032,G-070,G-032|G-070,0.0000,933.6818,BBOX_CLEAR
PAIR-004255,G-032,G-071,G-032|G-071,0.0000,888.8736,BBOX_CLEAR
PAIR-004256,G-032,G-072,G-032|G-072,0.0000,862.6923,BBOX_CLEAR
PAIR-004257,G-032,G-073,G-032|G-073,0.0000,856.6554,BBOX_CLEAR
PAIR-004258,G-032,G-074,G-032|G-074,0.0000,811.9757,BBOX_CLEAR
PAIR-004259,G-032,G-075,G-032|G-075,0.0000,786.3777,BBOX_CLEAR
PAIR-004260,G-032,G-076,G-032|G-076,0.0000,781.3480,BBOX_CLEAR
PAIR-004261,G-032,G-077,G-032|G-077,0.0000,676.0576,BBOX_CLEAR
PAIR-004262,G-032,G-078,G-032|G-078,0.0000,662.5634,BBOX_CLEAR
PAIR-004263,G-032,G-079,G-032|G-079,0.0000,642.7372,BBOX_CLEAR
PAIR-004264,G-032,G-080,G-032|G-080,0.0000,640.7543,BBOX_CLEAR
PAIR-004265,G-032,G-081,G-032|G-081,0.0000,620.7078,BBOX_CLEAR
PAIR-004266,G-032,G-082,G-032|G-082,0.0000,596.6474,BBOX_CLEAR
PAIR-004267,G-032,G-083,G-032|G-083,0.0000,595.9925,BBOX_CLEAR
PAIR-004268,G-032,G-084,G-032|G-084,0.0000,571.8284,BBOX_CLEAR
PAIR-004269,G-032,G-085,G-032|G-085,0.0000,542.2705,BBOX_CLEAR
PAIR-004270,G-032,G-086,G-032|G-086,0.0000,517.6957,BBOX_CLEAR
PAIR-004271,G-032,G-087,G-032|G-087,0.0000,502.9930,BBOX_CLEAR
PAIR-004272,G-032,G-088,G-032|G-088,0.0000,521.2264,BBOX_CLEAR
PAIR-004273,G-032,G-089,G-032|G-089,0.0000,495.5318,BBOX_CLEAR
PAIR-004274,G-032,G-090,G-032|G-090,0.0000,482.2459,BBOX_CLEAR
PAIR-004275,G-032,G-091,G-032|G-091,0.0000,459.4063,BBOX_CLEAR
PAIR-004276,G-032,G-092,G-032|G-092,0.0000,441.3899,BBOX_CLEAR
PAIR-004277,G-032,G-093,G-032|G-093,0.0000,428.5349,BBOX_CLEAR
PAIR-004278,G-032,G-094,G-032|G-094,0.0000,449.8263,BBOX_CLEAR
PAIR-004279,G-032,G-095,G-032|G-095,0.0000,424.9768,BBOX_CLEAR
PAIR-004280,G-032,G-096,G-032|G-096,0.0000,416.0060,BBOX_CLEAR
PAIR-004281,G-032,G-097,G-032|G-097,0.0000,411.3292,BBOX_CLEAR
PAIR-004282,G-032,G-098,G-032|G-098,0.0000,403.6039,BBOX_CLEAR
PAIR-004283,G-032,G-099,G-032|G-099,0.0000,396.2512,BBOX_CLEAR
PAIR-004284,G-032,G-100,G-032|G-100,0.0000,1081.1536,BBOX_CLEAR
PAIR-004285,G-032,G-101,G-032|G-101,0.0000,1060.4283,BBOX_CLEAR
PAIR-004286,G-032,G-102,G-032|G-102,0.0000,1050.0763,BBOX_CLEAR
PAIR-004287,G-032,G-103,G-032|G-103,0.0000,1031.5688,BBOX_CLEAR
PAIR-004288,G-032,G-104,G-032|G-104,0.0000,956.8963,BBOX_CLEAR
PAIR-004289,G-032,G-105,G-032|G-105,0.0000,920.4829,BBOX_CLEAR
PAIR-004290,G-032,G-106,G-032|G-106,0.0000,884.5187,BBOX_CLEAR
PAIR-004291,G-032,G-107,G-032|G-107,0.0000,849.0608,BBOX_CLEAR
PAIR-004292,G-032,G-108,G-032|G-108,0.0000,814.1753,BBOX_CLEAR
PAIR-004293,G-032,G-109,G-032|G-109,0.0000,779.9391,BBOX_CLEAR
PAIR-004294,G-032,G-110,G-032|G-110,0.0000,746.4415,BBOX_CLEAR
PAIR-004295,G-032,G-111,G-032|G-111,0.0000,713.7864,BBOX_CLEAR
PAIR-004296,G-032,G-112,G-032|G-112,0.0000,682.0951,BBOX_CLEAR
PAIR-004297,G-032,G-113,G-032|G-113,0.0000,651.5079,BBOX_CLEAR
PAIR-004298,G-032,G-114,G-032|G-114,0.0000,622.1879,BBOX_CLEAR
PAIR-004299,G-032,G-115,G-032|G-115,0.0000,594.3226,BBOX_CLEAR
PAIR-004300,G-032,G-116,G-032|G-116,0.0000,568.1260,BBOX_CLEAR
PAIR-004301,G-032,G-117,G-032|G-117,0.0000,543.8395,BBOX_CLEAR
PAIR-004302,G-032,G-118,G-032|G-118,0.0000,521.7297,BBOX_CLEAR
PAIR-004303,G-032,G-119,G-032|G-119,0.0000,502.0844,BBOX_CLEAR
PAIR-004304,G-032,G-120,G-032|G-120,0.0000,485.2030,BBOX_CLEAR
PAIR-004305,G-032,G-121,G-032|G-121,0.0000,471.3826,BBOX_CLEAR
PAIR-004306,G-032,G-122,G-032|G-122,0.0000,460.8984,BBOX_CLEAR
PAIR-004307,G-032,G-123,G-032|G-123,0.0000,453.9819,BBOX_CLEAR
PAIR-004308,G-032,G-124,G-032|G-124,0.0000,450.7972,BBOX_CLEAR
PAIR-004309,G-032,G-125,G-032|G-125,0.0000,450.5812,BBOX_CLEAR
PAIR-004310,G-032,G-126,G-032|G-126,0.0000,450.6643,BBOX_CLEAR
PAIR-004311,G-032,G-127,G-032|G-127,0.0000,453.3653,BBOX_CLEAR
PAIR-004312,G-032,G-128,G-032|G-128,0.0000,459.8131,BBOX_CLEAR
PAIR-004313,G-032,G-129,G-032|G-129,0.0000,469.8537,BBOX_CLEAR
PAIR-004314,G-032,G-130,G-032|G-130,0.0000,483.2631,BBOX_CLEAR
PAIR-004315,G-032,G-131,G-032|G-131,0.0000,499.7702,BBOX_CLEAR
PAIR-004316,G-032,G-132,G-032|G-132,0.0000,519.0796,BBOX_CLEAR
PAIR-004317,G-032,G-133,G-032|G-133,0.0000,540.8912,BBOX_CLEAR
PAIR-004318,G-032,G-134,G-032|G-134,0.0000,564.9154,BBOX_CLEAR
PAIR-004319,G-032,G-135,G-032|G-135,0.0000,590.8822,BBOX_CLEAR
PAIR-004320,G-032,P-001,G-032|P-001,0.0000,146.7266,BBOX_CLEAR
PAIR-004321,G-032,P-002,G-032|P-002,0.0000,240.8007,BBOX_CLEAR
PAIR-004322,G-032,P-003,G-032|P-003,0.0000,493.2158,BBOX_CLEAR
PAIR-004323,G-032,P-004,G-032|P-004,0.0000,522.4095,BBOX_CLEAR
PAIR-004324,G-032,P-005,G-032|P-005,0.0000,317.9842,BBOX_CLEAR
PAIR-004325,G-032,P-006,G-032|P-006,0.0000,208.7934,BBOX_CLEAR
PAIR-004326,G-032,P-007,G-032|P-007,0.0000,137.6891,BBOX_CLEAR
PAIR-004327,G-032,P-008,G-032|P-008,0.0000,198.6002,BBOX_CLEAR
PAIR-004328,G-032,P-009,G-032|P-009,0.0000,133.8845,BBOX_CLEAR
PAIR-004329,G-032,P-010,G-032|P-010,0.0000,132.0105,BBOX_CLEAR
PAIR-004330,G-032,P-011,G-032|P-011,0.0000,97.4065,BBOX_CLEAR
PAIR-004331,G-032,P-012,G-032|P-012,0.0000,149.0059,BBOX_CLEAR
PAIR-004332,G-032,P-013,G-032|P-013,0.0000,203.5545,BBOX_CLEAR
PAIR-004333,G-032,P-014,G-032|P-014,0.0000,197.9980,BBOX_CLEAR
PAIR-004334,G-032,P-015,G-032|P-015,0.0000,20.4741,BBOX_CLEAR
PAIR-004335,G-032,P-016,G-032|P-016,0.0000,49.9727,BBOX_CLEAR
PAIR-004336,G-032,P-017,G-032|P-017,0.0000,4.9721,BBOX_WITHIN_8PX
PAIR-004337,G-033,G-034,G-033|G-034,0.0000,11.9644,BBOX_CLEAR
PAIR-004338,G-033,G-035,G-033|G-035,0.0000,40.5307,BBOX_CLEAR
PAIR-004339,G-033,G-036,G-033|G-036,0.0000,67.0345,BBOX_CLEAR
PAIR-004340,G-033,G-037,G-033|G-037,0.0000,82.9599,BBOX_CLEAR
PAIR-004341,G-033,G-038,G-033|G-038,0.0000,109.5785,BBOX_CLEAR
PAIR-004342,G-033,G-039,G-033|G-039,0.0000,125.5019,BBOX_CLEAR
PAIR-004343,G-033,G-040,G-033|G-040,0.0000,143.3643,BBOX_CLEAR
PAIR-004344,G-033,G-041,G-033|G-041,0.0000,164.5227,BBOX_CLEAR
PAIR-004345,G-033,G-042,G-033|G-042,0.0000,172.9435,BBOX_CLEAR
PAIR-004346,G-033,G-043,G-033|G-043,0.0000,185.7752,BBOX_CLEAR
PAIR-004347,G-033,G-044,G-033|G-044,0.0000,213.3102,BBOX_CLEAR
PAIR-004348,G-033,G-045,G-033|G-045,0.0000,253.3717,BBOX_CLEAR
PAIR-004349,G-033,G-046,G-033|G-046,0.0000,470.8102,BBOX_CLEAR
PAIR-004350,G-033,G-047,G-033|G-047,0.0000,430.7474,BBOX_CLEAR
PAIR-004351,G-033,G-048,G-033|G-048,0.0000,406.1166,BBOX_CLEAR
PAIR-004352,G-033,G-049,G-033|G-049,0.0000,386.9292,BBOX_CLEAR
PAIR-004353,G-033,G-050,G-033|G-050,0.0000,377.4373,BBOX_CLEAR
PAIR-004354,G-033,G-051,G-033|G-051,0.0000,358.2706,BBOX_CLEAR
PAIR-004355,G-033,G-052,G-033|G-052,0.0000,348.7901,BBOX_CLEAR
PAIR-004356,G-033,G-053,G-033|G-053,0.0000,323.1971,BBOX_CLEAR
PAIR-004357,G-033,G-054,G-033|G-054,0.0000,313.7352,BBOX_CLEAR
PAIR-004358,G-033,G-055,G-033|G-055,0.0000,294.6377,BBOX_CLEAR
PAIR-004359,G-033,G-056,G-033|G-056,0.0000,275.5705,BBOX_CLEAR
PAIR-004360,G-033,G-057,G-033|G-057,0.0000,261.8416,BBOX_CLEAR
PAIR-004361,G-033,G-058,G-033|G-058,0.0000,690.4276,BBOX_CLEAR
PAIR-004362,G-033,G-059,G-033|G-059,0.0000,674.7954,BBOX_CLEAR
PAIR-004363,G-033,G-060,G-033|G-060,0.0000,796.1440,BBOX_CLEAR
PAIR-004364,G-033,G-061,G-033|G-061,0.0000,780.0404,BBOX_CLEAR
PAIR-004365,G-033,G-062,G-033|G-062,0.0000,897.9022,BBOX_CLEAR
PAIR-004366,G-033,G-063,G-033|G-063,0.0000,882.0909,BBOX_CLEAR
PAIR-004367,G-033,G-064,G-033|G-064,0.0000,167.4477,BBOX_CLEAR
PAIR-004368,G-033,G-065,G-033|G-065,0.0000,193.9100,BBOX_CLEAR
PAIR-004369,G-033,G-066,G-033|G-066,0.0000,251.4068,BBOX_CLEAR
PAIR-004370,G-033,G-067,G-033|G-067,0.0000,226.6370,BBOX_CLEAR
PAIR-004371,G-033,G-068,G-033|G-068,0.0000,213.5647,BBOX_CLEAR
PAIR-004372,G-033,G-069,G-033|G-069,0.0000,958.0048,BBOX_CLEAR
PAIR-004373,G-033,G-070,G-033|G-070,0.0000,950.9077,BBOX_CLEAR
PAIR-004374,G-033,G-071,G-033|G-071,0.0000,906.0832,BBOX_CLEAR
PAIR-004375,G-033,G-072,G-033|G-072,0.0000,879.7929,BBOX_CLEAR
PAIR-004376,G-033,G-073,G-033|G-073,0.0000,873.5501,BBOX_CLEAR
PAIR-004377,G-033,G-074,G-033|G-074,0.0000,828.8319,BBOX_CLEAR
PAIR-004378,G-033,G-075,G-033|G-075,0.0000,803.0907,BBOX_CLEAR
PAIR-004379,G-033,G-076,G-033|G-076,0.0000,797.8103,BBOX_CLEAR
PAIR-004380,G-033,G-077,G-033|G-077,0.0000,691.8524,BBOX_CLEAR
PAIR-004381,G-033,G-078,G-033|G-078,0.0000,678.2180,BBOX_CLEAR
PAIR-004382,G-033,G-079,G-033|G-079,0.0000,658.1668,BBOX_CLEAR
PAIR-004383,G-033,G-080,G-033|G-080,0.0000,655.7984,BBOX_CLEAR
PAIR-004384,G-033,G-081,G-033|G-081,0.0000,635.8572,BBOX_CLEAR
PAIR-004385,G-033,G-082,G-033|G-082,0.0000,611.4473,BBOX_CLEAR
PAIR-004386,G-033,G-083,G-033|G-083,0.0000,610.3448,BBOX_CLEAR
PAIR-004387,G-033,G-084,G-033|G-084,0.0000,586.2094,BBOX_CLEAR
PAIR-004388,G-033,G-085,G-033|G-085,0.0000,556.0544,BBOX_CLEAR
PAIR-004389,G-033,G-086,G-033|G-086,0.0000,530.8764,BBOX_CLEAR
PAIR-004390,G-033,G-087,G-033|G-087,0.0000,515.9870,BBOX_CLEAR
PAIR-004391,G-033,G-088,G-033|G-088,0.0000,533.7884,BBOX_CLEAR
PAIR-004392,G-033,G-089,G-033|G-089,0.0000,508.0575,BBOX_CLEAR
PAIR-004393,G-033,G-090,G-033|G-090,0.0000,494.3139,BBOX_CLEAR
PAIR-004394,G-033,G-091,G-033|G-091,0.0000,470.5360,BBOX_CLEAR
PAIR-004395,G-033,G-092,G-033|G-092,0.0000,451.5944,BBOX_CLEAR
PAIR-004396,G-033,G-093,G-033|G-093,0.0000,438.3772,BBOX_CLEAR
PAIR-004397,G-033,G-094,G-033|G-094,0.0000,459.2282,BBOX_CLEAR
PAIR-004398,G-033,G-095,G-033|G-095,0.0000,434.1287,BBOX_CLEAR
PAIR-004399,G-033,G-096,G-033|G-096,0.0000,424.4606,BBOX_CLEAR
PAIR-004400,G-033,G-097,G-033|G-097,0.0000,419.3739,BBOX_CLEAR
PAIR-004401,G-033,G-098,G-033|G-098,0.0000,410.8799,BBOX_CLEAR
PAIR-004402,G-033,G-099,G-033|G-099,0.0000,402.6498,BBOX_CLEAR
PAIR-004403,G-033,G-100,G-033|G-100,0.0000,1098.4816,BBOX_CLEAR
PAIR-004404,G-033,G-101,G-033|G-101,0.0000,1077.5580,BBOX_CLEAR
PAIR-004405,G-033,G-102,G-033|G-102,0.0000,1067.1692,BBOX_CLEAR
PAIR-004406,G-033,G-103,G-033|G-103,0.0000,1048.5929,BBOX_CLEAR
PAIR-004407,G-033,G-104,G-033|G-104,0.0000,973.6142,BBOX_CLEAR
PAIR-004408,G-033,G-105,G-033|G-105,0.0000,937.0130,BBOX_CLEAR
PAIR-004409,G-033,G-106,G-033|G-106,0.0000,900.8376,BBOX_CLEAR
PAIR-004410,G-033,G-107,G-033|G-107,0.0000,865.1415,BBOX_CLEAR
PAIR-004411,G-033,G-108,G-033|G-108,0.0000,829.9865,BBOX_CLEAR
PAIR-004412,G-033,G-109,G-033|G-109,0.0000,795.4444,BBOX_CLEAR
PAIR-004413,G-033,G-110,G-033|G-110,0.0000,761.5984,BBOX_CLEAR
PAIR-004414,G-033,G-111,G-033|G-111,0.0000,728.5458,BBOX_CLEAR
PAIR-004415,G-033,G-112,G-033|G-112,0.0000,696.3993,BBOX_CLEAR
PAIR-004416,G-033,G-113,G-033|G-113,0.0000,665.2905,BBOX_CLEAR
PAIR-004417,G-033,G-114,G-033|G-114,0.0000,635.3717,BBOX_CLEAR
PAIR-004418,G-033,G-115,G-033|G-115,0.0000,606.8190,BBOX_CLEAR
PAIR-004419,G-033,G-116,G-033|G-116,0.0000,579.8342,BBOX_CLEAR
PAIR-004420,G-033,G-117,G-033|G-117,0.0000,554.6463,BBOX_CLEAR
PAIR-004421,G-033,G-118,G-033|G-118,0.0000,531.5106,BBOX_CLEAR
PAIR-004422,G-033,G-119,G-033|G-119,0.0000,510.7063,BBOX_CLEAR
PAIR-004423,G-033,G-120,G-033|G-120,0.0000,492.5289,BBOX_CLEAR
PAIR-004424,G-033,G-121,G-033|G-121,0.0000,477.2785,BBOX_CLEAR
PAIR-004425,G-033,G-122,G-033|G-122,0.0000,465.2431,BBOX_CLEAR
PAIR-004426,G-033,G-123,G-033|G-123,0.0000,456.6770,BBOX_CLEAR
PAIR-004427,G-033,G-124,G-033|G-124,0.0000,451.7775,BBOX_CLEAR
PAIR-004428,G-033,G-125,G-033|G-125,0.0000,450.5812,BBOX_CLEAR
PAIR-004429,G-033,G-126,G-033|G-126,0.0000,450.5812,BBOX_CLEAR
PAIR-004430,G-033,G-127,G-033|G-127,0.0000,452.4255,BBOX_CLEAR
PAIR-004431,G-033,G-128,G-033|G-128,0.0000,458.0394,BBOX_CLEAR
PAIR-004432,G-033,G-129,G-033|G-129,0.0000,467.2876,BBOX_CLEAR
PAIR-004433,G-033,G-130,G-033|G-130,0.0000,479.9600,BBOX_CLEAR
PAIR-004434,G-033,G-131,G-033|G-131,0.0000,495.7942,BBOX_CLEAR
PAIR-004435,G-033,G-132,G-033|G-132,0.0000,514.4982,BBOX_CLEAR
PAIR-004436,G-033,G-133,G-033|G-133,0.0000,535.7717,BBOX_CLEAR
PAIR-004437,G-033,G-134,G-033|G-134,0.0000,559.3215,BBOX_CLEAR
PAIR-004438,G-033,G-135,G-033|G-135,0.0000,584.8728,BBOX_CLEAR
PAIR-004439,G-033,P-001,G-033|P-001,0.0000,146.7266,BBOX_CLEAR
PAIR-004440,G-033,P-002,G-033|P-002,0.0000,233.2368,BBOX_CLEAR
PAIR-004441,G-033,P-003,G-033|P-003,0.0000,512.1199,BBOX_CLEAR
PAIR-004442,G-033,P-004,G-033|P-004,0.0000,540.0398,BBOX_CLEAR
PAIR-004443,G-033,P-005,G-033|P-005,0.0000,336.7461,BBOX_CLEAR
PAIR-004444,G-033,P-006,G-033|P-006,0.0000,227.6975,BBOX_CLEAR
PAIR-004445,G-033,P-007,G-033|P-007,0.0000,156.5932,BBOX_CLEAR
PAIR-004446,G-033,P-008,G-033|P-008,0.0000,217.4890,BBOX_CLEAR
PAIR-004447,G-033,P-009,G-033|P-009,0.0000,152.7887,BBOX_CLEAR
PAIR-004448,G-033,P-010,G-033|P-010,0.0000,150.4234,BBOX_CLEAR
PAIR-004449,G-033,P-011,G-033|P-011,0.0000,116.3106,BBOX_CLEAR
PAIR-004450,G-033,P-012,G-033|P-012,0.0000,167.9100,BBOX_CLEAR
PAIR-004451,G-033,P-013,G-033|P-013,0.0000,210.6503,BBOX_CLEAR
PAIR-004452,G-033,P-014,G-033|P-014,0.0000,204.5656,BBOX_CLEAR
PAIR-004453,G-033,P-015,G-033|P-015,0.0000,31.0571,BBOX_CLEAR
PAIR-004454,G-033,P-016,G-033|P-016,0.0000,55.1599,BBOX_CLEAR
PAIR-004455,G-033,P-017,G-033|P-017,0.0000,23.8762,BBOX_CLEAR
PAIR-004456,G-034,G-035,G-034|G-035,0.0000,0.0000,BBOX_WITHIN_8PX
PAIR-004457,G-034,G-036,G-034|G-036,0.0000,26.5039,BBOX_CLEAR
PAIR-004458,G-034,G-037,G-034|G-037,0.0000,42.4292,BBOX_CLEAR
PAIR-004459,G-034,G-038,G-034|G-038,0.0000,69.0478,BBOX_CLEAR
PAIR-004460,G-034,G-039,G-034|G-039,0.0000,84.9713,BBOX_CLEAR
PAIR-004461,G-034,G-040,G-034|G-040,0.0000,102.8337,BBOX_CLEAR
PAIR-004462,G-034,G-041,G-034|G-041,0.0000,123.9920,BBOX_CLEAR
PAIR-004463,G-034,G-042,G-034|G-042,0.0000,132.4128,BBOX_CLEAR
PAIR-004464,G-034,G-043,G-034|G-043,0.0000,145.2446,BBOX_CLEAR
PAIR-004465,G-034,G-044,G-034|G-044,0.0000,172.7796,BBOX_CLEAR
PAIR-004466,G-034,G-045,G-034|G-045,0.0000,212.8410,BBOX_CLEAR
PAIR-004467,G-034,G-046,G-034|G-046,0.0000,492.0357,BBOX_CLEAR
PAIR-004468,G-034,G-047,G-034|G-047,0.0000,451.9546,BBOX_CLEAR
PAIR-004469,G-034,G-048,G-034|G-048,0.0000,427.3100,BBOX_CLEAR
PAIR-004470,G-034,G-049,G-034|G-049,0.0000,408.1099,BBOX_CLEAR
PAIR-004471,G-034,G-050,G-034|G-050,0.0000,398.6110,BBOX_CLEAR
PAIR-004472,G-034,G-051,G-034|G-051,0.0000,379.4286,BBOX_CLEAR
PAIR-004473,G-034,G-052,G-034|G-052,0.0000,369.9393,BBOX_CLEAR
PAIR-004474,G-034,G-053,G-034|G-053,0.0000,344.3187,BBOX_CLEAR
PAIR-004475,G-034,G-054,G-034|G-054,0.0000,334.8449,BBOX_CLEAR
PAIR-004476,G-034,G-055,G-034|G-055,0.0000,315.7200,BBOX_CLEAR
PAIR-004477,G-034,G-056,G-034|G-056,0.0000,296.6197,BBOX_CLEAR
PAIR-004478,G-034,G-057,G-034|G-057,0.0000,282.8623,BBOX_CLEAR
PAIR-004479,G-034,G-058,G-034|G-058,0.0000,711.7037,BBOX_CLEAR
PAIR-004480,G-034,G-059,G-034|G-059,0.0000,696.0275,BBOX_CLEAR
PAIR-004481,G-034,G-060,G-034|G-060,0.0000,817.4490,BBOX_CLEAR
PAIR-004482,G-034,G-061,G-034|G-061,0.0000,801.3215,BBOX_CLEAR
PAIR-004483,G-034,G-062,G-034|G-062,0.0000,919.1863,BBOX_CLEAR
PAIR-004484,G-034,G-063,G-034|G-063,0.0000,903.3454,BBOX_CLEAR
PAIR-004485,G-034,G-064,G-034|G-064,0.0000,134.9386,BBOX_CLEAR
PAIR-004486,G-034,G-065,G-034|G-065,0.0000,160.9032,BBOX_CLEAR
PAIR-004487,G-034,G-066,G-034|G-066,0.0000,264.0348,BBOX_CLEAR
PAIR-004488,G-034,G-067,G-034|G-067,0.0000,236.3172,BBOX_CLEAR
PAIR-004489,G-034,G-068,G-034|G-068,0.0000,220.1428,BBOX_CLEAR
PAIR-004490,G-034,G-069,G-034|G-069,0.0000,977.6936,BBOX_CLEAR
PAIR-004491,G-034,G-070,G-034|G-070,0.0000,970.4110,BBOX_CLEAR
PAIR-004492,G-034,G-071,G-034|G-071,0.0000,925.5724,BBOX_CLEAR
PAIR-004493,G-034,G-072,G-034|G-072,0.0000,899.1664,BBOX_CLEAR
PAIR-004494,G-034,G-073,G-034|G-073,0.0000,892.7014,BBOX_CLEAR
PAIR-004495,G-034,G-074,G-034|G-074,0.0000,847.9467,BBOX_CLEAR
PAIR-004496,G-034,G-075,G-034|G-075,0.0000,822.0543,BBOX_CLEAR
PAIR-004497,G-034,G-076,G-034|G-076,0.0000,816.5043,BBOX_CLEAR
PAIR-004498,G-034,G-077,G-034|G-077,0.0000,709.8489,BBOX_CLEAR
PAIR-004499,G-034,G-078,G-034|G-078,0.0000,696.0675,BBOX_CLEAR
PAIR-004500,G-034,G-079,G-034|G-079,0.0000,675.7809,BBOX_CLEAR
PAIR-004501,G-034,G-080,G-034|G-080,0.0000,672.9995,BBOX_CLEAR
PAIR-004502,G-034,G-081,G-034|G-081,0.0000,653.1783,BBOX_CLEAR
PAIR-004503,G-034,G-082,G-034|G-082,0.0000,628.4035,BBOX_CLEAR
PAIR-004504,G-034,G-083,G-034|G-083,0.0000,626.8218,BBOX_CLEAR
PAIR-004505,G-034,G-084,G-034|G-084,0.0000,602.7289,BBOX_CLEAR
PAIR-004506,G-034,G-085,G-034|G-085,0.0000,571.9517,BBOX_CLEAR
PAIR-004507,G-034,G-086,G-034|G-086,0.0000,546.1458,BBOX_CLEAR
PAIR-004508,G-034,G-087,G-034|G-087,0.0000,531.0683,BBOX_CLEAR
PAIR-004509,G-034,G-088,G-034|G-088,0.0000,548.3932,BBOX_CLEAR
PAIR-004510,G-034,G-089,G-034|G-089,0.0000,522.6450,BBOX_CLEAR
PAIR-004511,G-034,G-090,G-034|G-090,0.0000,508.4248,BBOX_CLEAR
PAIR-004512,G-034,G-091,G-034|G-091,0.0000,483.6682,BBOX_CLEAR
PAIR-004513,G-034,G-092,G-034|G-092,0.0000,463.7593,BBOX_CLEAR
PAIR-004514,G-034,G-093,G-034|G-093,0.0000,450.1727,BBOX_CLEAR
PAIR-004515,G-034,G-094,G-034|G-094,0.0000,470.5186,BBOX_CLEAR
PAIR-004516,G-034,G-095,G-034|G-095,0.0000,445.1887,BBOX_CLEAR
PAIR-004517,G-034,G-096,G-034|G-096,0.0000,434.7858,BBOX_CLEAR
PAIR-004518,G-034,G-097,G-034|G-097,0.0000,429.2659,BBOX_CLEAR
PAIR-004519,G-034,G-098,G-034|G-098,0.0000,419.9568,BBOX_CLEAR
PAIR-004520,G-034,G-099,G-034|G-099,0.0000,410.7917,BBOX_CLEAR
PAIR-004521,G-034,G-100,G-034|G-100,0.0000,1118.0862,BBOX_CLEAR
PAIR-004522,G-034,G-101,G-034|G-101,0.0000,1096.9475,BBOX_CLEAR
PAIR-004523,G-034,G-102,G-034|G-102,0.0000,1086.5193,BBOX_CLEAR
PAIR-004524,G-034,G-103,G-034|G-103,0.0000,1067.8694,BBOX_CLEAR
PAIR-004525,G-034,G-104,G-034|G-104,0.0000,992.5635,BBOX_CLEAR
PAIR-004526,G-034,G-105,G-034|G-105,0.0000,955.7620,BBOX_CLEAR
PAIR-004527,G-034,G-106,G-034|G-106,0.0000,919.3618,BBOX_CLEAR
PAIR-004528,G-034,G-107,G-034|G-107,0.0000,883.4123,BBOX_CLEAR
PAIR-004529,G-034,G-108,G-034|G-108,0.0000,847.9711,BBOX_CLEAR
PAIR-004530,G-034,G-109,G-034|G-109,0.0000,813.1046,BBOX_CLEAR
PAIR-004531,G-034,G-110,G-034|G-110,0.0000,778.8898,BBOX_CLEAR
PAIR-004532,G-034,G-111,G-034|G-111,0.0000,745.4166,BBOX_CLEAR
PAIR-004533,G-034,G-112,G-034|G-112,0.0000,712.7896,BBOX_CLEAR
PAIR-004534,G-034,G-113,G-034|G-113,0.0000,681.1301,BBOX_CLEAR
PAIR-004535,G-034,G-114,G-034|G-114,0.0000,650.5797,BBOX_CLEAR
PAIR-004536,G-034,G-115,G-034|G-115,0.0000,621.3018,BBOX_CLEAR
PAIR-004537,G-034,G-116,G-034|G-116,0.0000,593.4848,BBOX_CLEAR
PAIR-004538,G-034,G-117,G-034|G-117,0.0000,567.3437,BBOX_CLEAR
PAIR-004539,G-034,G-118,G-034|G-118,0.0000,543.1204,BBOX_CLEAR
PAIR-004540,G-034,G-119,G-034|G-119,0.0000,521.0826,BBOX_CLEAR
PAIR-004541,G-034,G-120,G-034|G-120,0.0000,501.5184,BBOX_CLEAR
PAIR-004542,G-034,G-121,G-034|G-121,0.0000,484.7275,BBOX_CLEAR
PAIR-004543,G-034,G-122,G-034|G-122,0.0000,471.0064,BBOX_CLEAR
PAIR-004544,G-034,G-123,G-034|G-123,0.0000,460.6296,BBOX_CLEAR
PAIR-004545,G-034,G-124,G-034|G-124,0.0000,453.8266,BBOX_CLEAR
PAIR-004546,G-034,G-125,G-034|G-125,0.0000,450.7592,BBOX_CLEAR
PAIR-004547,G-034,G-126,G-034|G-126,0.0000,450.5812,BBOX_CLEAR
PAIR-004548,G-034,G-127,G-034|G-127,0.0000,450.5813,BBOX_CLEAR
PAIR-004549,G-034,G-128,G-034|G-128,0.0000,452.5150,BBOX_CLEAR
PAIR-004550,G-034,G-129,G-034|G-129,0.0000,458.2166,BBOX_CLEAR
PAIR-004551,G-034,G-130,G-034|G-130,0.0000,467.5483,BBOX_CLEAR
PAIR-004552,G-034,G-131,G-034|G-131,0.0000,480.2986,BBOX_CLEAR
PAIR-004553,G-034,G-132,G-034|G-132,0.0000,496.2040,BBOX_CLEAR
PAIR-004554,G-034,G-133,G-034|G-133,0.0000,514.9722,BBOX_CLEAR
PAIR-004555,G-034,G-134,G-034|G-134,0.0000,536.3028,BBOX_CLEAR
PAIR-004556,G-034,G-135,G-034|G-135,0.0000,559.9029,BBOX_CLEAR
PAIR-004557,G-034,P-001,G-034|P-001,0.0000,146.7266,BBOX_CLEAR
PAIR-004558,G-034,P-002,G-034|P-002,0.0000,202.2111,BBOX_CLEAR
PAIR-004559,G-034,P-003,G-034|P-003,0.0000,533.4408,BBOX_CLEAR
PAIR-004560,G-034,P-004,G-034|P-004,0.0000,560.0238,BBOX_CLEAR
PAIR-004561,G-034,P-005,G-034|P-005,0.0000,357.9245,BBOX_CLEAR
PAIR-004562,G-034,P-006,G-034|P-006,0.0000,249.0185,BBOX_CLEAR
PAIR-004563,G-034,P-007,G-034|P-007,0.0000,177.9142,BBOX_CLEAR
PAIR-004564,G-034,P-008,G-034|P-008,0.0000,238.7956,BBOX_CLEAR
PAIR-004565,G-034,P-009,G-034|P-009,0.0000,174.1096,BBOX_CLEAR
PAIR-004566,G-034,P-010,G-034|P-010,0.0000,171.3189,BBOX_CLEAR
PAIR-004567,G-034,P-011,G-034|P-011,0.0000,137.6316,BBOX_CLEAR
PAIR-004568,G-034,P-012,G-034|P-012,0.0000,189.2310,BBOX_CLEAR
PAIR-004569,G-034,P-013,G-034|P-013,0.0000,220.3318,BBOX_CLEAR
PAIR-004570,G-034,P-014,G-034|P-014,0.0000,213.7443,BBOX_CLEAR
PAIR-004571,G-034,P-015,G-034|P-015,0.0000,49.3685,BBOX_CLEAR
PAIR-004572,G-034,P-016,G-034|P-016,0.0000,67.1962,BBOX_CLEAR
PAIR-004573,G-034,P-017,G-034|P-017,0.0000,45.1972,BBOX_CLEAR
PAIR-004574,G-035,G-036,G-035|G-036,0.0000,0.3818,BBOX_WITHIN_8PX
PAIR-004575,G-035,G-037,G-035|G-037,0.0000,16.3072,BBOX_CLEAR
PAIR-004576,G-035,G-038,G-035|G-038,0.0000,42.9258,BBOX_CLEAR
PAIR-004577,G-035,G-039,G-035|G-039,0.0000,58.8492,BBOX_CLEAR
PAIR-004578,G-035,G-040,G-035|G-040,0.0000,76.7116,BBOX_CLEAR
PAIR-004579,G-035,G-041,G-035|G-041,0.0000,97.8700,BBOX_CLEAR
PAIR-004580,G-035,G-042,G-035|G-042,0.0000,106.2908,BBOX_CLEAR
PAIR-004581,G-035,G-043,G-035|G-043,0.0000,119.1225,BBOX_CLEAR
PAIR-004582,G-035,G-044,G-035|G-044,0.0000,146.6575,BBOX_CLEAR
PAIR-004583,G-035,G-045,G-035|G-045,0.0000,186.7190,BBOX_CLEAR
PAIR-004584,G-035,G-046,G-035|G-046,0.0000,520.4862,BBOX_CLEAR
PAIR-004585,G-035,G-047,G-035|G-047,0.0000,480.3843,BBOX_CLEAR
PAIR-004586,G-035,G-048,G-035|G-048,0.0000,455.7239,BBOX_CLEAR
PAIR-004587,G-035,G-049,G-035|G-049,0.0000,436.5097,BBOX_CLEAR
PAIR-004588,G-035,G-050,G-035|G-050,0.0000,427.0029,BBOX_CLEAR
PAIR-004589,G-035,G-051,G-035|G-051,0.0000,407.8030,BBOX_CLEAR
PAIR-004590,G-035,G-052,G-035|G-052,0.0000,398.3041,BBOX_CLEAR
PAIR-004591,G-035,G-053,G-035|G-053,0.0000,372.6535,BBOX_CLEAR
PAIR-004592,G-035,G-054,G-035|G-054,0.0000,363.1669,BBOX_CLEAR
PAIR-004593,G-035,G-055,G-035|G-055,0.0000,344.0126,BBOX_CLEAR
PAIR-004594,G-035,G-056,G-035|G-056,0.0000,324.8773,BBOX_CLEAR
PAIR-004595,G-035,G-057,G-035|G-057,0.0000,311.0904,BBOX_CLEAR
PAIR-004596,G-035,G-058,G-035|G-058,0.0000,740.2141,BBOX_CLEAR
PAIR-004597,G-035,G-059,G-035|G-059,0.0000,724.4829,BBOX_CLEAR
PAIR-004598,G-035,G-060,G-035|G-060,0.0000,845.9952,BBOX_CLEAR
PAIR-004599,G-035,G-061,G-035|G-061,0.0000,829.8376,BBOX_CLEAR
PAIR-004600,G-035,G-062,G-035|G-062,0.0000,947.7059,BBOX_CLEAR
PAIR-004601,G-035,G-063,G-035|G-063,0.0000,931.8273,BBOX_CLEAR
PAIR-004602,G-035,G-064,G-035|G-064,0.0000,116.6787,BBOX_CLEAR
PAIR-004603,G-035,G-065,G-035|G-065,0.0000,141.7146,BBOX_CLEAR
PAIR-004604,G-035,G-066,G-035|G-066,0.0000,282.5957,BBOX_CLEAR
PAIR-004605,G-035,G-067,G-035|G-067,0.0000,251.5458,BBOX_CLEAR
PAIR-004606,G-035,G-068,G-035|G-068,0.0000,231.7550,BBOX_CLEAR
PAIR-004607,G-035,G-069,G-035|G-069,0.0000,1004.1775,BBOX_CLEAR
PAIR-004608,G-035,G-070,G-035|G-070,0.0000,996.6586,BBOX_CLEAR
PAIR-004609,G-035,G-071,G-035|G-071,0.0000,951.8075,BBOX_CLEAR
PAIR-004610,G-035,G-072,G-035|G-072,0.0000,925.2576,BBOX_CLEAR
PAIR-004611,G-035,G-073,G-035|G-073,0.0000,918.5106,BBOX_CLEAR
PAIR-004612,G-035,G-074,G-035|G-074,0.0000,873.7172,BBOX_CLEAR
PAIR-004613,G-035,G-075,G-035|G-075,0.0000,847.6377,BBOX_CLEAR
PAIR-004614,G-035,G-076,G-035|G-076,0.0000,841.7466,BBOX_CLEAR
PAIR-004615,G-035,G-077,G-035|G-077,0.0000,734.2401,BBOX_CLEAR
PAIR-004616,G-035,G-078,G-035|G-078,0.0000,720.2787,BBOX_CLEAR
PAIR-004617,G-035,G-079,G-035|G-079,0.0000,699.7040,BBOX_CLEAR
PAIR-004618,G-035,G-080,G-035|G-080,0.0000,696.4032,BBOX_CLEAR
PAIR-004619,G-035,G-081,G-035|G-081,0.0000,676.7436,BBOX_CLEAR
PAIR-004620,G-035,G-082,G-035|G-082,0.0000,651.5237,BBOX_CLEAR
PAIR-004621,G-035,G-083,G-035|G-083,0.0000,649.3401,BBOX_CLEAR
PAIR-004622,G-035,G-084,G-035|G-084,0.0000,625.3176,BBOX_CLEAR
PAIR-004623,G-035,G-085,G-035|G-085,0.0000,593.7844,BBOX_CLEAR
PAIR-004624,G-035,G-086,G-035|G-086,0.0000,567.2163,BBOX_CLEAR
PAIR-004625,G-035,G-087,G-035|G-087,0.0000,551.9201,BBOX_CLEAR
PAIR-004626,G-035,G-088,G-035|G-088,0.0000,568.6266,BBOX_CLEAR
PAIR-004627,G-035,G-089,G-035|G-089,0.0000,542.8883,BBOX_CLEAR
PAIR-004628,G-035,G-090,G-035|G-090,0.0000,528.0896,BBOX_CLEAR
PAIR-004629,G-035,G-091,G-035|G-091,0.0000,502.1444,BBOX_CLEAR
PAIR-004630,G-035,G-092,G-035|G-092,0.0000,481.0581,BBOX_CLEAR
PAIR-004631,G-035,G-093,G-035|G-093,0.0000,467.0364,BBOX_CLEAR
PAIR-004632,G-035,G-094,G-035|G-094,0.0000,486.7003,BBOX_CLEAR
PAIR-004633,G-035,G-095,G-035|G-095,0.0000,461.1379,BBOX_CLEAR
PAIR-004634,G-035,G-096,G-035|G-096,0.0000,449.8340,BBOX_CLEAR
PAIR-004635,G-035,G-097,G-035|G-097,0.0000,443.7812,BBOX_CLEAR
PAIR-004636,G-035,G-098,G-035|G-098,0.0000,433.4662,BBOX_CLEAR
PAIR-004637,G-035,G-099,G-035|G-099,0.0000,423.1412,BBOX_CLEAR
PAIR-004638,G-035,G-100,G-035|G-100,0.0000,1144.4491,BBOX_CLEAR
PAIR-004639,G-035,G-101,G-035|G-101,0.0000,1123.0358,BBOX_CLEAR
PAIR-004640,G-035,G-102,G-035|G-102,0.0000,1112.5580,BBOX_CLEAR
PAIR-004641,G-035,G-103,G-035|G-103,0.0000,1093.8154,BBOX_CLEAR
PAIR-004642,G-035,G-104,G-035|G-104,0.0000,1018.0993,BBOX_CLEAR
PAIR-004643,G-035,G-105,G-035|G-105,0.0000,981.0470,BBOX_CLEAR
PAIR-004644,G-035,G-106,G-035|G-106,0.0000,944.3657,BBOX_CLEAR
PAIR-004645,G-035,G-107,G-035|G-107,0.0000,908.1004,BBOX_CLEAR
PAIR-004646,G-035,G-108,G-035|G-108,0.0000,872.3029,BBOX_CLEAR
PAIR-004647,G-035,G-109,G-035|G-109,0.0000,837.0333,BBOX_CLEAR
PAIR-004648,G-035,G-110,G-035|G-110,0.0000,802.3612,BBOX_CLEAR
PAIR-004649,G-035,G-111,G-035|G-111,0.0000,768.3674,BBOX_CLEAR
PAIR-004650,G-035,G-112,G-035|G-112,0.0000,735.1461,BBOX_CLEAR
PAIR-004651,G-035,G-113,G-035|G-113,0.0000,702.8069,BBOX_CLEAR
PAIR-004652,G-035,G-114,G-035|G-114,0.0000,671.4771,BBOX_CLEAR
PAIR-004653,G-035,G-115,G-035|G-115,0.0000,641.3048,BBOX_CLEAR
PAIR-004654,G-035,G-116,G-035|G-116,0.0000,612.4610,BBOX_CLEAR
PAIR-004655,G-035,G-117,G-035|G-117,0.0000,585.1423,BBOX_CLEAR
PAIR-004656,G-035,G-118,G-035|G-118,0.0000,559.5721,BBOX_CLEAR
PAIR-004657,G-035,G-119,G-035|G-119,0.0000,536.0005,BBOX_CLEAR
PAIR-004658,G-035,G-120,G-035|G-120,0.0000,514.7024,BBOX_CLEAR
PAIR-004659,G-035,G-121,G-035|G-121,0.0000,495.9707,BBOX_CLEAR
PAIR-004660,G-035,G-122,G-035|G-122,0.0000,480.1058,BBOX_CLEAR
PAIR-004661,G-035,G-123,G-035|G-123,0.0000,467.3998,BBOX_CLEAR
PAIR-004662,G-035,G-124,G-035|G-124,0.0000,458.1156,BBOX_CLEAR
PAIR-004663,G-035,G-125,G-035|G-125,0.0000,452.4638,BBOX_CLEAR
PAIR-004664,G-035,G-126,G-035|G-126,0.0000,450.5812,BBOX_CLEAR
PAIR-004665,G-035,G-127,G-035|G-127,0.0000,450.5812,BBOX_CLEAR
PAIR-004666,G-035,G-128,G-035|G-128,0.0000,450.8535,BBOX_CLEAR
PAIR-004667,G-035,G-129,G-035|G-129,0.0000,454.1947,BBOX_CLEAR
PAIR-004668,G-035,G-130,G-035|G-130,0.0000,461.2625,BBOX_CLEAR
PAIR-004669,G-035,G-131,G-035|G-131,0.0000,471.8895,BBOX_CLEAR
PAIR-004670,G-035,G-132,G-035|G-132,0.0000,485.8422,BBOX_CLEAR
PAIR-004671,G-035,G-133,G-035|G-133,0.0000,502.8438,BBOX_CLEAR
PAIR-004672,G-035,G-134,G-035|G-134,0.0000,522.5969,BBOX_CLEAR
PAIR-004673,G-035,G-135,G-035|G-135,0.0000,544.8022,BBOX_CLEAR
PAIR-004674,G-035,P-001,G-035|P-001,0.0000,146.7266,BBOX_CLEAR
PAIR-004675,G-035,P-002,G-035|P-002,0.0000,184.1826,BBOX_CLEAR
PAIR-004676,G-035,P-003,G-035|P-003,0.0000,562.0071,BBOX_CLEAR
PAIR-004677,G-035,P-004,G-035|P-004,0.0000,586.9462,BBOX_CLEAR
PAIR-004678,G-035,P-005,G-035|P-005,0.0000,386.3245,BBOX_CLEAR
PAIR-004679,G-035,P-006,G-035|P-006,0.0000,277.5847,BBOX_CLEAR
PAIR-004680,G-035,P-007,G-035|P-007,0.0000,206.4804,BBOX_CLEAR
PAIR-004681,G-035,P-008,G-035|P-008,0.0000,267.3462,BBOX_CLEAR
PAIR-004682,G-035,P-009,G-035|P-009,0.0000,202.6759,BBOX_CLEAR
PAIR-004683,G-035,P-010,G-035|P-010,0.0000,199.4562,BBOX_CLEAR
PAIR-004684,G-035,P-011,G-035|P-011,0.0000,166.1978,BBOX_CLEAR
PAIR-004685,G-035,P-012,G-035|P-012,0.0000,217.7972,BBOX_CLEAR
PAIR-004686,G-035,P-013,G-035|P-013,0.0000,235.7152,BBOX_CLEAR
PAIR-004687,G-035,P-014,G-035|P-014,0.0000,228.5958,BBOX_CLEAR
PAIR-004688,G-035,P-015,G-035|P-015,0.0000,76.3905,BBOX_CLEAR
PAIR-004689,G-035,P-016,G-035|P-016,0.0000,88.9584,BBOX_CLEAR
PAIR-004690,G-035,P-017,G-035|P-017,0.0000,73.7634,BBOX_CLEAR
PAIR-004691,G-036,G-037,G-036|G-037,0.0000,0.0000,BBOX_WITHIN_8PX
PAIR-004692,G-036,G-038,G-036|G-038,0.0000,26.6186,BBOX_CLEAR
PAIR-004693,G-036,G-039,G-036|G-039,0.0000,42.5420,BBOX_CLEAR
PAIR-004694,G-036,G-040,G-036|G-040,0.0000,60.4045,BBOX_CLEAR
PAIR-004695,G-036,G-041,G-036|G-041,0.0000,81.5628,BBOX_CLEAR
PAIR-004696,G-036,G-042,G-036|G-042,0.0000,89.9836,BBOX_CLEAR
PAIR-004697,G-036,G-043,G-036|G-043,0.0000,102.8154,BBOX_CLEAR
PAIR-004698,G-036,G-044,G-036|G-044,0.0000,130.3504,BBOX_CLEAR
PAIR-004699,G-036,G-045,G-036|G-045,0.0000,170.4118,BBOX_CLEAR
PAIR-004700,G-036,G-046,G-036|G-046,0.0000,546.8935,BBOX_CLEAR
PAIR-004701,G-036,G-047,G-036|G-047,0.0000,506.7752,BBOX_CLEAR
PAIR-004702,G-036,G-048,G-036|G-048,0.0000,482.1026,BBOX_CLEAR
PAIR-004703,G-036,G-049,G-036|G-049,0.0000,462.8774,BBOX_CLEAR
PAIR-004704,G-036,G-050,G-036|G-050,0.0000,453.3646,BBOX_CLEAR
PAIR-004705,G-036,G-051,G-036|G-051,0.0000,434.1514,BBOX_CLEAR
PAIR-004706,G-036,G-052,G-036|G-052,0.0000,424.6452,BBOX_CLEAR
PAIR-004707,G-036,G-053,G-036|G-053,0.0000,398.9721,BBOX_CLEAR
PAIR-004708,G-036,G-054,G-036|G-054,0.0000,389.4761,BBOX_CLEAR
PAIR-004709,G-036,G-055,G-036|G-055,0.0000,370.3001,BBOX_CLEAR
PAIR-004710,G-036,G-056,G-036|G-056,0.0000,351.1395,BBOX_CLEAR
PAIR-004711,G-036,G-057,G-036|G-057,0.0000,337.3315,BBOX_CLEAR
PAIR-004712,G-036,G-058,G-036|G-058,0.0000,766.6698,BBOX_CLEAR
PAIR-004713,G-036,G-059,G-036|G-059,0.0000,750.8914,BBOX_CLEAR
PAIR-004714,G-036,G-060,G-036|G-060,0.0000,872.4816,BBOX_CLEAR
PAIR-004715,G-036,G-061,G-036|G-061,0.0000,856.2980,BBOX_CLEAR
PAIR-004716,G-036,G-062,G-036|G-062,0.0000,974.1689,BBOX_CLEAR
PAIR-004717,G-036,G-063,G-036|G-063,0.0000,958.2574,BBOX_CLEAR
PAIR-004718,G-036,G-064,G-036|G-064,0.0000,106.9467,BBOX_CLEAR
PAIR-004719,G-036,G-065,G-036|G-065,0.0000,130.9577,BBOX_CLEAR
PAIR-004720,G-036,G-066,G-036|G-066,0.0000,301.2198,BBOX_CLEAR
PAIR-004721,G-036,G-067,G-036|G-067,0.0000,267.6339,BBOX_CLEAR
PAIR-004722,G-036,G-068,G-036|G-068,0.0000,245.0279,BBOX_CLEAR
PAIR-004723,G-036,G-069,G-036|G-069,0.0000,1028.8490,BBOX_CLEAR
PAIR-004724,G-036,G-070,G-036|G-070,0.0000,1021.1225,BBOX_CLEAR
PAIR-004725,G-036,G-071,G-036|G-071,0.0000,976.2656,BBOX_CLEAR
PAIR-004726,G-036,G-072,G-036|G-072,0.0000,949.5926,BBOX_CLEAR
PAIR-004727,G-036,G-073,G-036|G-073,0.0000,942.5988,BBOX_CLEAR
PAIR-004728,G-036,G-074,G-036|G-074,0.0000,897.7786,BBOX_CLEAR
PAIR-004729,G-036,G-075,G-036|G-075,0.0000,871.5399,BBOX_CLEAR
PAIR-004730,G-036,G-076,G-036|G-076,0.0000,865.3513,BBOX_CLEAR
PAIR-004731,G-036,G-077,G-036|G-077,0.0000,757.1316,BBOX_CLEAR
PAIR-004732,G-036,G-078,G-036|G-078,0.0000,743.0186,BBOX_CLEAR
PAIR-004733,G-036,G-079,G-036|G-079,0.0000,722.2019,BBOX_CLEAR
PAIR-004734,G-036,G-080,G-036|G-080,0.0000,718.4513,BBOX_CLEAR
PAIR-004735,G-036,G-081,G-036|G-081,0.0000,698.9412,BBOX_CLEAR
PAIR-004736,G-036,G-082,G-036|G-082,0.0000,673.3488,BBOX_CLEAR
PAIR-004737,G-036,G-083,G-036|G-083,0.0000,670.6448,BBOX_CLEAR
PAIR-004738,G-036,G-084,G-036|G-084,0.0000,646.6984,BBOX_CLEAR
PAIR-004739,G-036,G-085,G-036|G-085,0.0000,614.5349,BBOX_CLEAR
PAIR-004740,G-036,G-086,G-036|G-086,0.0000,587.3323,BBOX_CLEAR
PAIR-004741,G-036,G-087,G-036|G-087,0.0000,571.8630,BBOX_CLEAR
PAIR-004742,G-036,G-088,G-036|G-088,0.0000,588.0180,BBOX_CLEAR
PAIR-004743,G-036,G-089,G-036|G-089,0.0000,562.3165,BBOX_CLEAR
PAIR-004744,G-036,G-090,G-036|G-090,0.0000,547.0371,BBOX_CLEAR
PAIR-004745,G-036,G-091,G-036|G-091,0.0000,520.1035,BBOX_CLEAR
PAIR-004746,G-036,G-092,G-036|G-092,0.0000,498.0368,BBOX_CLEAR
PAIR-004747,G-036,G-093,G-036|G-093,0.0000,483.6666,BBOX_CLEAR
PAIR-004748,G-036,G-094,G-036|G-094,0.0000,502.7007,BBOX_CLEAR
PAIR-004749,G-036,G-095,G-036|G-095,0.0000,476.9898,BBOX_CLEAR
PAIR-004750,G-036,G-096,G-036|G-096,0.0000,464.9311,BBOX_CLEAR
PAIR-004751,G-036,G-097,G-036|G-097,0.0000,458.4310,BBOX_CLEAR
PAIR-004752,G-036,G-098,G-036|G-098,0.0000,447.2688,BBOX_CLEAR
PAIR-004753,G-036,G-099,G-036|G-099,0.0000,435.9623,BBOX_CLEAR
PAIR-004754,G-036,G-100,G-036|G-100,0.0000,1169.0012,BBOX_CLEAR
PAIR-004755,G-036,G-101,G-036|G-101,0.0000,1147.3462,BBOX_CLEAR
PAIR-004756,G-036,G-102,G-036|G-102,0.0000,1136.8253,BBOX_CLEAR
PAIR-004757,G-036,G-103,G-036|G-103,0.0000,1118.0025,BBOX_CLEAR
PAIR-004758,G-036,G-104,G-036|G-104,0.0000,1041.9323,BBOX_CLEAR
PAIR-004759,G-036,G-105,G-036|G-105,0.0000,1004.6638,BBOX_CLEAR
PAIR-004760,G-036,G-106,G-036|G-106,0.0000,967.7409,BBOX_CLEAR
PAIR-004761,G-036,G-107,G-036|G-107,0.0000,931.2045,BBOX_CLEAR
PAIR-004762,G-036,G-108,G-036|G-108,0.0000,895.1019,BBOX_CLEAR
PAIR-004763,G-036,G-109,G-036|G-109,0.0000,859.4878,BBOX_CLEAR
PAIR-004764,G-036,G-110,G-036|G-110,0.0000,824.4256,BBOX_CLEAR
PAIR-004765,G-036,G-111,G-036|G-111,0.0000,789.9887,BBOX_CLEAR
PAIR-004766,G-036,G-112,G-036|G-112,0.0000,756.2626,BBOX_CLEAR
PAIR-004767,G-036,G-113,G-036|G-113,0.0000,723.3467,BBOX_CLEAR
PAIR-004768,G-036,G-114,G-036|G-114,0.0000,691.3567,BBOX_CLEAR
PAIR-004769,G-036,G-115,G-036|G-115,0.0000,660.4271,BBOX_CLEAR
PAIR-004770,G-036,G-116,G-036|G-116,0.0000,630.7141,BBOX_CLEAR
PAIR-004771,G-036,G-117,G-036|G-117,0.0000,602.3976,BBOX_CLEAR
PAIR-004772,G-036,G-118,G-036|G-118,0.0000,575.6838,BBOX_CLEAR
PAIR-004773,G-036,G-119,G-036|G-119,0.0000,550.8058,BBOX_CLEAR
PAIR-004774,G-036,G-120,G-036|G-120,0.0000,528.0234,BBOX_CLEAR
PAIR-004775,G-036,G-121,G-036|G-121,0.0000,507.6185,BBOX_CLEAR
PAIR-004776,G-036,G-122,G-036|G-122,0.0000,489.8886,BBOX_CLEAR
PAIR-004777,G-036,G-123,G-036|G-123,0.0000,475.1331,BBOX_CLEAR
PAIR-004778,G-036,G-124,G-036|G-124,0.0000,463.6360,BBOX_CLEAR
PAIR-004779,G-036,G-125,G-036|G-125,0.0000,455.6442,BBOX_CLEAR
PAIR-004780,G-036,G-126,G-036|G-126,0.0000,451.3437,BBOX_CLEAR
PAIR-004781,G-036,G-127,G-036|G-127,0.0000,450.5812,BBOX_CLEAR
PAIR-004782,G-036,G-128,G-036|G-128,0.0000,450.5812,BBOX_CLEAR
PAIR-004783,G-036,G-129,G-036|G-129,0.0000,452.4311,BBOX_CLEAR
PAIR-004784,G-036,G-130,G-036|G-130,0.0000,458.0506,BBOX_CLEAR
PAIR-004785,G-036,G-131,G-036|G-131,0.0000,467.3041,BBOX_CLEAR
PAIR-004786,G-036,G-132,G-036|G-132,0.0000,479.9814,BBOX_CLEAR
PAIR-004787,G-036,G-133,G-036|G-133,0.0000,495.8201,BBOX_CLEAR
PAIR-004788,G-036,G-134,G-036|G-134,0.0000,514.5282,BBOX_CLEAR
PAIR-004789,G-036,G-135,G-036|G-135,0.0000,535.8054,BBOX_CLEAR
PAIR-004790,G-036,P-001,G-036|P-001,0.0000,146.7266,BBOX_CLEAR
PAIR-004791,G-036,P-002,G-036|P-002,0.0000,173.9724,BBOX_CLEAR
PAIR-004792,G-036,P-003,G-036|P-003,0.0000,588.5110,BBOX_CLEAR
PAIR-004793,G-036,P-004,G-036|P-004,0.0000,612.0582,BBOX_CLEAR
PAIR-004794,G-036,P-005,G-036|P-005,0.0000,412.6946,BBOX_CLEAR
PAIR-004795,G-036,P-006,G-036|P-006,0.0000,304.0886,BBOX_CLEAR
PAIR-004796,G-036,P-007,G-036|P-007,0.0000,232.9843,BBOX_CLEAR
PAIR-004797,G-036,P-008,G-036|P-008,0.0000,293.8383,BBOX_CLEAR
PAIR-004798,G-036,P-009,G-036|P-009,0.0000,229.1797,BBOX_CLEAR
PAIR-004799,G-036,P-010,G-036|P-010,0.0000,225.6585,BBOX_CLEAR
PAIR-004800,G-036,P-011,G-036|P-011,0.0000,192.7017,BBOX_CLEAR
PAIR-004801,G-036,P-012,G-036|P-012,0.0000,244.3011,BBOX_CLEAR
PAIR-004802,G-036,P-013,G-036|P-013,0.0000,252.0521,BBOX_CLEAR
PAIR-004803,G-036,P-014,G-036|P-014,0.0000,244.5623,BBOX_CLEAR
PAIR-004804,G-036,P-015,G-036|P-015,0.0000,102.2154,BBOX_CLEAR
PAIR-004805,G-036,P-016,G-036|P-016,0.0000,111.9200,BBOX_CLEAR
PAIR-004806,G-036,P-017,G-036|P-017,0.0000,100.2673,BBOX_CLEAR
PAIR-004807,G-037,G-038,G-037|G-038,0.0000,1.3367,BBOX_WITHIN_8PX
PAIR-004808,G-037,G-039,G-037|G-039,0.0000,17.2601,BBOX_CLEAR
PAIR-004809,G-037,G-040,G-037|G-040,0.0000,35.1225,BBOX_CLEAR
PAIR-004810,G-037,G-041,G-037|G-041,0.0000,56.2809,BBOX_CLEAR
PAIR-004811,G-037,G-042,G-037|G-042,0.0000,64.7017,BBOX_CLEAR
PAIR-004812,G-037,G-043,G-037|G-043,0.0000,77.5335,BBOX_CLEAR
PAIR-004813,G-037,G-044,G-037|G-044,0.0000,105.0685,BBOX_CLEAR
PAIR-004814,G-037,G-045,G-037|G-045,0.0000,145.1299,BBOX_CLEAR
PAIR-004815,G-037,G-046,G-037|G-046,0.0000,562.7652,BBOX_CLEAR
PAIR-004816,G-037,G-047,G-037|G-047,0.0000,522.6382,BBOX_CLEAR
PAIR-004817,G-037,G-048,G-037|G-048,0.0000,497.9591,BBOX_CLEAR
PAIR-004818,G-037,G-049,G-037|G-049,0.0000,478.7281,BBOX_CLEAR
PAIR-004819,G-037,G-050,G-037|G-050,0.0000,469.2123,BBOX_CLEAR
PAIR-004820,G-037,G-051,G-037|G-051,0.0000,449.9921,BBOX_CLEAR
PAIR-004821,G-037,G-052,G-037|G-052,0.0000,440.4822,BBOX_CLEAR
PAIR-004822,G-037,G-053,G-037|G-053,0.0000,414.7975,BBOX_CLEAR
PAIR-004823,G-037,G-054,G-037|G-054,0.0000,405.2966,BBOX_CLEAR
PAIR-004824,G-037,G-055,G-037|G-055,0.0000,386.1097,BBOX_CLEAR
PAIR-004825,G-037,G-056,G-037|G-056,0.0000,366.9363,BBOX_CLEAR
PAIR-004826,G-037,G-057,G-037|G-057,0.0000,353.1178,BBOX_CLEAR
PAIR-004827,G-037,G-058,G-037|G-058,0.0000,782.5677,BBOX_CLEAR
PAIR-004828,G-037,G-059,G-037|G-059,0.0000,766.7625,BBOX_CLEAR
PAIR-004829,G-037,G-060,G-037|G-060,0.0000,888.3969,BBOX_CLEAR
PAIR-004830,G-037,G-061,G-037|G-061,0.0000,872.1984,BBOX_CLEAR
PAIR-004831,G-037,G-062,G-037|G-062,0.0000,990.0707,BBOX_CLEAR
PAIR-004832,G-037,G-063,G-037|G-063,0.0000,974.1403,BBOX_CLEAR
PAIR-004833,G-037,G-064,G-037|G-064,0.0000,95.4724,BBOX_CLEAR
PAIR-004834,G-037,G-065,G-037|G-065,0.0000,116.8504,BBOX_CLEAR
PAIR-004835,G-037,G-066,G-037|G-066,0.0000,312.9573,BBOX_CLEAR
PAIR-004836,G-037,G-067,G-037|G-067,0.0000,278.0692,BBOX_CLEAR
PAIR-004837,G-037,G-068,G-037|G-068,0.0000,254.0017,BBOX_CLEAR
PAIR-004838,G-037,G-069,G-037|G-069,0.0000,1043.7166,BBOX_CLEAR
PAIR-004839,G-037,G-070,G-037|G-070,0.0000,1035.8704,BBOX_CLEAR
PAIR-004840,G-037,G-071,G-037|G-071,0.0000,991.0122,BBOX_CLEAR
PAIR-004841,G-037,G-072,G-037|G-072,0.0000,964.2697,BBOX_CLEAR
PAIR-004842,G-037,G-073,G-037|G-073,0.0000,957.1340,BBOX_CLEAR
PAIR-004843,G-037,G-074,G-037|G-074,0.0000,912.3014,BBOX_CLEAR
PAIR-004844,G-037,G-075,G-037|G-075,0.0000,885.9732,BBOX_CLEAR
PAIR-004845,G-037,G-076,G-037|G-076,0.0000,879.6141,BBOX_CLEAR
PAIR-004846,G-037,G-077,G-037|G-077,0.0000,770.9976,BBOX_CLEAR
PAIR-004847,G-037,G-078,G-037|G-078,0.0000,756.8001,BBOX_CLEAR
PAIR-004848,G-037,G-079,G-037|G-079,0.0000,735.8484,BBOX_CLEAR
PAIR-004849,G-037,G-080,G-037|G-080,0.0000,731.8415,BBOX_CLEAR
PAIR-004850,G-037,G-081,G-037|G-081,0.0000,712.4207,BBOX_CLEAR
PAIR-004851,G-037,G-082,G-037|G-082,0.0000,686.6212,BBOX_CLEAR
PAIR-004852,G-037,G-083,G-037|G-083,0.0000,683.6211,BBOX_CLEAR
PAIR-004853,G-037,G-084,G-037|G-084,0.0000,659.7244,BBOX_CLEAR
PAIR-004854,G-037,G-085,G-037|G-085,0.0000,627.2117,BBOX_CLEAR
PAIR-004855,G-037,G-086,G-037|G-086,0.0000,599.6583,BBOX_CLEAR
PAIR-004856,G-037,G-087,G-037|G-087,0.0000,584.0970,BBOX_CLEAR
PAIR-004857,G-037,G-088,G-037|G-088,0.0000,599.9314,BBOX_CLEAR
PAIR-004858,G-037,G-089,G-037|G-089,0.0000,574.2626,BBOX_CLEAR
PAIR-004859,G-037,G-090,G-037|G-090,0.0000,558.7177,BBOX_CLEAR
PAIR-004860,G-037,G-091,G-037|G-091,0.0000,531.2387,BBOX_CLEAR
PAIR-004861,G-037,G-092,G-037|G-092,0.0000,508.6306,BBOX_CLEAR
PAIR-004862,G-037,G-093,G-037|G-093,0.0000,494.0740,BBOX_CLEAR
PAIR-004863,G-037,G-094,G-037|G-094,0.0000,512.7337,BBOX_CLEAR
PAIR-004864,G-037,G-095,G-037|G-095,0.0000,486.9606,BBOX_CLEAR
PAIR-004865,G-037,G-096,G-037|G-096,0.0000,474.4838,BBOX_CLEAR
PAIR-004866,G-037,G-097,G-037|G-097,0.0000,467.7355,BBOX_CLEAR
PAIR-004867,G-037,G-098,G-037|G-098,0.0000,456.1025,BBOX_CLEAR
PAIR-004868,G-037,G-099,G-037|G-099,0.0000,444.2491,BBOX_CLEAR
PAIR-004869,G-037,G-100,G-037|G-100,0.0000,1183.7943,BBOX_CLEAR
PAIR-004870,G-037,G-101,G-037|G-101,0.0000,1161.9997,BBOX_CLEAR
PAIR-004871,G-037,G-102,G-037|G-102,0.0000,1151.4542,BBOX_CLEAR
PAIR-004872,G-037,G-103,G-037|G-103,0.0000,1132.5856,BBOX_CLEAR
PAIR-004873,G-037,G-104,G-037|G-104,0.0000,1056.3139,BBOX_CLEAR
PAIR-004874,G-037,G-105,G-037|G-105,0.0000,1018.9228,BBOX_CLEAR
PAIR-004875,G-037,G-106,G-037|G-106,0.0000,981.8627,BBOX_CLEAR
PAIR-004876,G-037,G-107,G-037|G-107,0.0000,945.1728,BBOX_CLEAR
PAIR-004877,G-037,G-108,G-037|G-108,0.0000,908.8977,BBOX_CLEAR
PAIR-004878,G-037,G-109,G-037|G-109,0.0000,873.0893,BBOX_CLEAR
PAIR-004879,G-037,G-110,G-037|G-110,0.0000,837.8072,BBOX_CLEAR
PAIR-004880,G-037,G-111,G-037|G-111,0.0000,803.1210,BBOX_CLEAR
PAIR-004881,G-037,G-112,G-037|G-112,0.0000,769.1113,BBOX_CLEAR
PAIR-004882,G-037,G-113,G-037|G-113,0.0000,735.8718,BBOX_CLEAR
PAIR-004883,G-037,G-114,G-037|G-114,0.0000,703.5118,BBOX_CLEAR
PAIR-004884,G-037,G-115,G-037|G-115,0.0000,672.1582,BBOX_CLEAR
PAIR-004885,G-037,G-116,G-037|G-116,0.0000,641.9585,BBOX_CLEAR
PAIR-004886,G-037,G-117,G-037|G-117,0.0000,613.0833,BBOX_CLEAR
PAIR-004887,G-037,G-118,G-037|G-118,0.0000,585.7286,BBOX_CLEAR
PAIR-004888,G-037,G-119,G-037|G-119,0.0000,560.1170,BBOX_CLEAR
PAIR-004889,G-037,G-120,G-037|G-120,0.0000,536.4984,BBOX_CLEAR
PAIR-004890,G-037,G-121,G-037|G-121,0.0000,515.1468,BBOX_CLEAR
PAIR-004891,G-037,G-122,G-037|G-122,0.0000,496.3551,BBOX_CLEAR
PAIR-004892,G-037,G-123,G-037|G-123,0.0000,480.4236,BBOX_CLEAR
PAIR-004893,G-037,G-124,G-037|G-124,0.0000,467.6447,BBOX_CLEAR
PAIR-004894,G-037,G-125,G-037|G-125,0.0000,458.2823,BBOX_CLEAR
PAIR-004895,G-037,G-126,G-037|G-126,0.0000,452.5484,BBOX_CLEAR
PAIR-004896,G-037,G-127,G-037|G-127,0.0000,450.5817,BBOX_CLEAR
PAIR-004897,G-037,G-128,G-037|G-128,0.0000,450.5812,BBOX_CLEAR
PAIR-004898,G-037,G-129,G-037|G-129,0.0000,450.8508,BBOX_CLEAR
PAIR-004899,G-037,G-130,G-037|G-130,0.0000,454.1849,BBOX_CLEAR
PAIR-004900,G-037,G-131,G-037|G-131,0.0000,461.2458,BBOX_CLEAR
PAIR-004901,G-037,G-132,G-037|G-132,0.0000,471.8663,BBOX_CLEAR
PAIR-004902,G-037,G-133,G-037|G-133,0.0000,485.8130,BBOX_CLEAR
PAIR-004903,G-037,G-134,G-037|G-134,0.0000,502.8092,BBOX_CLEAR
PAIR-004904,G-037,G-135,G-037|G-135,0.0000,522.5574,BBOX_CLEAR
PAIR-004905,G-037,P-001,G-037|P-001,0.0000,146.7266,BBOX_CLEAR
PAIR-004906,G-037,P-002,G-037|P-002,0.0000,160.1514,BBOX_CLEAR
PAIR-004907,G-037,P-003,G-037|P-003,0.0000,604.4363,BBOX_CLEAR
PAIR-004908,G-037,P-004,G-037|P-004,0.0000,627.2023,BBOX_CLEAR
PAIR-004909,G-037,P-005,G-037|P-005,0.0000,428.5475,BBOX_CLEAR
PAIR-004910,G-037,P-006,G-037|P-006,0.0000,320.0139,BBOX_CLEAR
PAIR-004911,G-037,P-007,G-037|P-007,0.0000,248.9096,BBOX_CLEAR
PAIR-004912,G-037,P-008,G-037|P-008,0.0000,309.7575,BBOX_CLEAR
PAIR-004913,G-037,P-009,G-037|P-009,0.0000,245.1051,BBOX_CLEAR
PAIR-004914,G-037,P-010,G-037|P-010,0.0000,241.4343,BBOX_CLEAR
PAIR-004915,G-037,P-011,G-037|P-011,0.0000,208.6270,BBOX_CLEAR
PAIR-004916,G-037,P-012,G-037|P-012,0.0000,260.2264,BBOX_CLEAR
PAIR-004917,G-037,P-013,G-037|P-013,0.0000,262.6672,BBOX_CLEAR
PAIR-004918,G-037,P-014,G-037|P-014,0.0000,255.0015,BBOX_CLEAR
PAIR-004919,G-037,P-015,G-037|P-015,0.0000,117.8779,BBOX_CLEAR
PAIR-004920,G-037,P-016,G-037|P-016,0.0000,126.3854,BBOX_CLEAR
PAIR-004921,G-037,P-017,G-037|P-017,0.0000,116.1926,BBOX_CLEAR
PAIR-004922,G-038,G-039,G-038|G-039,0.0430,0.0000,BBOX_INTERSECTION
PAIR-004923,G-038,G-040,G-038|G-040,0.0000,17.8605,BBOX_CLEAR
PAIR-004924,G-038,G-041,G-038|G-041,0.0000,39.0189,BBOX_CLEAR
PAIR-004925,G-038,G-042,G-038|G-042,0.0000,47.4397,BBOX_CLEAR
PAIR-004926,G-038,G-043,G-038|G-043,0.0000,60.2715,BBOX_CLEAR
PAIR-004927,G-038,G-044,G-038|G-044,0.0000,87.8065,BBOX_CLEAR
PAIR-004928,G-038,G-045,G-038|G-045,0.0000,127.8679,BBOX_CLEAR
PAIR-004929,G-038,G-046,G-038|G-046,0.0000,589.3005,BBOX_CLEAR
PAIR-004930,G-038,G-047,G-038|G-047,0.0000,549.1605,BBOX_CLEAR
PAIR-004931,G-038,G-048,G-038|G-048,0.0000,524.4719,BBOX_CLEAR
PAIR-004932,G-038,G-049,G-038|G-049,0.0000,505.2325,BBOX_CLEAR
PAIR-004933,G-038,G-050,G-038|G-050,0.0000,495.7121,BBOX_CLEAR
PAIR-004934,G-038,G-051,G-038|G-051,0.0000,476.4819,BBOX_CLEAR
PAIR-004935,G-038,G-052,G-038|G-052,0.0000,466.9664,BBOX_CLEAR
PAIR-004936,G-038,G-053,G-038|G-053,0.0000,441.2651,BBOX_CLEAR
PAIR-004937,G-038,G-054,G-038|G-054,0.0000,431.7572,BBOX_CLEAR
PAIR-004938,G-038,G-055,G-038|G-055,0.0000,412.5547,BBOX_CLEAR
PAIR-004939,G-038,G-056,G-038|G-056,0.0000,393.3633,BBOX_CLEAR
PAIR-004940,G-038,G-057,G-038|G-057,0.0000,379.5299,BBOX_CLEAR
PAIR-004941,G-038,G-058,G-038|G-058,0.0000,809.1429,BBOX_CLEAR
PAIR-004942,G-038,G-059,G-038|G-059,0.0000,793.2955,BBOX_CLEAR
PAIR-004943,G-038,G-060,G-038|G-060,0.0000,914.9996,BBOX_CLEAR
PAIR-004944,G-038,G-061,G-038|G-061,0.0000,898.7774,BBOX_CLEAR
PAIR-004945,G-038,G-062,G-038|G-062,0.0000,1016.6517,BBOX_CLEAR
PAIR-004946,G-038,G-063,G-038|G-063,0.0000,1000.6910,BBOX_CLEAR
PAIR-004947,G-038,G-064,G-038|G-064,0.0000,90.9040,BBOX_CLEAR
PAIR-004948,G-038,G-065,G-038|G-065,0.0000,109.5513,BBOX_CLEAR
PAIR-004949,G-038,G-066,G-038|G-066,0.0000,333.3530,BBOX_CLEAR
PAIR-004950,G-038,G-067,G-038|G-067,0.0000,296.6026,BBOX_CLEAR
PAIR-004951,G-038,G-068,G-038|G-068,0.0000,270.4337,BBOX_CLEAR
PAIR-004952,G-038,G-069,G-038|G-069,0.0000,1068.6352,BBOX_CLEAR
PAIR-004953,G-038,G-070,G-038|G-070,0.0000,1060.5969,BBOX_CLEAR
PAIR-004954,G-038,G-071,G-038|G-071,0.0000,1015.7402,BBOX_CLEAR
PAIR-004955,G-038,G-072,G-038|G-072,0.0000,988.8882,BBOX_CLEAR
PAIR-004956,G-038,G-073,G-038|G-073,0.0000,981.5253,BBOX_CLEAR
PAIR-004957,G-038,G-074,G-038|G-074,0.0000,936.6774,BBOX_CLEAR
PAIR-004958,G-038,G-075,G-038|G-075,0.0000,910.2089,BBOX_CLEAR
PAIR-004959,G-038,G-076,G-038|G-076,0.0000,903.5778,BBOX_CLEAR
PAIR-004960,G-038,G-077,G-038|G-077,0.0000,794.3467,BBOX_CLEAR
PAIR-004961,G-038,G-078,G-038|G-078,0.0000,780.0176,BBOX_CLEAR
PAIR-004962,G-038,G-079,G-038|G-079,0.0000,758.8563,BBOX_CLEAR
PAIR-004963,G-038,G-080,G-038|G-080,0.0000,754.4427,BBOX_CLEAR
PAIR-004964,G-038,G-081,G-038|G-081,0.0000,735.1695,BBOX_CLEAR
PAIR-004965,G-038,G-082,G-038|G-082,0.0000,709.0494,BBOX_CLEAR
PAIR-004966,G-038,G-083,G-038|G-083,0.0000,705.5801,BBOX_CLEAR
PAIR-004967,G-038,G-084,G-038|G-084,0.0000,681.7717,BBOX_CLEAR
PAIR-004968,G-038,G-085,G-038|G-085,0.0000,648.7204,BBOX_CLEAR
PAIR-004969,G-038,G-086,G-038|G-086,0.0000,620.6267,BBOX_CLEAR
PAIR-004970,G-038,G-087,G-038|G-087,0.0000,604.9294,BBOX_CLEAR
PAIR-004971,G-038,G-088,G-038|G-088,0.0000,620.2463,BBOX_CLEAR
PAIR-004972,G-038,G-089,G-038|G-089,0.0000,594.6465,BBOX_CLEAR
PAIR-004973,G-038,G-090,G-038|G-090,0.0000,578.6937,BBOX_CLEAR
PAIR-004974,G-038,G-091,G-038|G-091,0.0000,550.3767,BBOX_CLEAR
PAIR-004975,G-038,G-092,G-038|G-092,0.0000,526.9371,BBOX_CLEAR
PAIR-004976,G-038,G-093,G-038|G-093,0.0000,512.1033,BBOX_CLEAR
PAIR-004977,G-038,G-094,G-038|G-094,0.0000,530.1481,BBOX_CLEAR
PAIR-004978,G-038,G-095,G-038|G-095,0.0000,504.3094,BBOX_CLEAR
PAIR-004979,G-038,G-096,G-038|G-096,0.0000,491.1893,BBOX_CLEAR
PAIR-004980,G-038,G-097,G-038|G-097,0.0000,484.0587,BBOX_CLEAR
PAIR-004981,G-038,G-098,G-038|G-098,0.0000,471.6996,BBOX_CLEAR
PAIR-004982,G-038,G-099,G-038|G-099,0.0000,459.0005,BBOX_CLEAR
PAIR-004983,G-038,G-100,G-038|G-100,0.0000,1208.5847,BBOX_CLEAR
PAIR-004984,G-038,G-101,G-038|G-101,0.0000,1186.5656,BBOX_CLEAR
PAIR-004985,G-038,G-102,G-038|G-102,0.0000,1175.9810,BBOX_CLEAR
PAIR-004986,G-038,G-103,G-038|G-103,0.0000,1157.0397,BBOX_CLEAR
PAIR-004987,G-038,G-104,G-038|G-104,0.0000,1080.4490,BBOX_CLEAR
PAIR-004988,G-038,G-105,G-038|G-105,0.0000,1042.8637,BBOX_CLEAR
PAIR-004989,G-038,G-106,G-038|G-106,0.0000,1005.5872,BBOX_CLEAR
PAIR-004990,G-038,G-107,G-038|G-107,0.0000,968.6551,BBOX_CLEAR
PAIR-004991,G-038,G-108,G-038|G-108,0.0000,932.1085,BBOX_CLEAR
PAIR-004992,G-038,G-109,G-038|G-109,0.0000,895.9945,BBOX_CLEAR
PAIR-004993,G-038,G-110,G-038|G-110,0.0000,860.3676,BBOX_CLEAR
PAIR-004994,G-038,G-111,G-038|G-111,0.0000,825.2908,BBOX_CLEAR
PAIR-004995,G-038,G-112,G-038|G-112,0.0000,790.8374,BBOX_CLEAR
PAIR-004996,G-038,G-113,G-038|G-113,0.0000,757.0924,BBOX_CLEAR
PAIR-004997,G-038,G-114,G-038|G-114,0.0000,724.1550,BBOX_CLEAR
PAIR-004998,G-038,G-115,G-038|G-115,0.0000,692.1404,BBOX_CLEAR
PAIR-004999,G-038,G-116,G-038|G-116,0.0000,661.1827,BBOX_CLEAR
PAIR-005000,G-038,G-117,G-038|G-117,0.0000,631.4373,BBOX_CLEAR
PAIR-005001,G-038,G-118,G-038|G-118,0.0000,603.0837,BBOX_CLEAR
PAIR-005002,G-038,G-119,G-038|G-119,0.0000,576.3272,BBOX_CLEAR
PAIR-005003,G-038,G-120,G-038|G-120,0.0000,551.4006,BBOX_CLEAR
PAIR-005004,G-038,G-121,G-038|G-121,0.0000,528.5626,BBOX_CLEAR
PAIR-005005,G-038,G-122,G-038|G-122,0.0000,508.0951,BBOX_CLEAR
PAIR-005006,G-038,G-123,G-038|G-123,0.0000,490.2949,BBOX_CLEAR
PAIR-005007,G-038,G-124,G-038|G-124,0.0000,475.4618,BBOX_CLEAR
PAIR-005008,G-038,G-125,G-038|G-125,0.0000,463.8805,BBOX_CLEAR
PAIR-005009,G-038,G-126,G-038|G-126,0.0000,455.7989,BBOX_CLEAR
PAIR-005010,G-038,G-127,G-038|G-127,0.0000,451.4049,BBOX_CLEAR
PAIR-005011,G-038,G-128,G-038|G-128,0.0000,450.5812,BBOX_CLEAR
PAIR-005012,G-038,G-129,G-038|G-129,0.0000,450.5812,BBOX_CLEAR
PAIR-005013,G-038,G-130,G-038|G-130,0.0000,452.3390,BBOX_CLEAR
PAIR-005014,G-038,G-131,G-038|G-131,0.0000,457.8659,BBOX_CLEAR
PAIR-005015,G-038,G-132,G-038|G-132,0.0000,467.0313,BBOX_CLEAR
PAIR-005016,G-038,G-133,G-038|G-133,0.0000,479.6265,BBOX_CLEAR
PAIR-005017,G-038,G-134,G-038|G-134,0.0000,495.3899,BBOX_CLEAR
PAIR-005018,G-038,G-135,G-038|G-135,0.0000,514.0303,BBOX_CLEAR
PAIR-005019,G-038,P-001,G-038|P-001,0.0000,146.7266,BBOX_CLEAR
PAIR-005020,G-038,P-002,G-038|P-002,0.0000,152.4133,BBOX_CLEAR
PAIR-005021,G-038,P-003,G-038|P-003,0.0000,631.0549,BBOX_CLEAR
PAIR-005022,G-038,P-004,G-038|P-004,0.0000,652.5982,BBOX_CLEAR
PAIR-005023,G-038,P-005,G-038|P-005,0.0000,455.0563,BBOX_CLEAR
PAIR-005024,G-038,P-006,G-038|P-006,0.0000,346.6325,BBOX_CLEAR
PAIR-005025,G-038,P-007,G-038|P-007,0.0000,275.5282,BBOX_CLEAR
PAIR-005026,G-038,P-008,G-038|P-008,0.0000,336.3671,BBOX_CLEAR
PAIR-005027,G-038,P-009,G-038|P-009,0.0000,271.7237,BBOX_CLEAR
PAIR-005028,G-038,P-010,G-038|P-010,0.0000,267.8425,BBOX_CLEAR
PAIR-005029,G-038,P-011,G-038|P-011,0.0000,235.2456,BBOX_CLEAR
PAIR-005030,G-038,P-012,G-038|P-012,0.0000,286.8450,BBOX_CLEAR
PAIR-005031,G-038,P-013,G-038|P-013,0.0000,281.5298,BBOX_CLEAR
PAIR-005032,G-038,P-014,G-038|P-014,0.0000,273.6330,BBOX_CLEAR
PAIR-005033,G-038,P-015,G-038|P-015,0.0000,144.1857,BBOX_CLEAR
PAIR-005034,G-038,P-016,G-038|P-016,0.0000,151.2203,BBOX_CLEAR
PAIR-005035,G-038,P-017,G-038|P-017,0.0000,142.8112,BBOX_CLEAR
PAIR-005036,G-039,G-040,G-039|G-040,0.0000,1.5287,BBOX_WITHIN_8PX
PAIR-005037,G-039,G-041,G-039|G-041,0.0000,22.6870,BBOX_CLEAR
PAIR-005038,G-039,G-042,G-039|G-042,0.0000,31.1078,BBOX_CLEAR
PAIR-005039,G-039,G-043,G-039|G-043,0.0000,43.9396,BBOX_CLEAR
PAIR-005040,G-039,G-044,G-039|G-044,0.0000,71.4746,BBOX_CLEAR
PAIR-005041,G-039,G-045,G-039|G-045,0.0000,111.5360,BBOX_CLEAR
PAIR-005042,G-039,G-046,G-039|G-046,0.0000,606.5143,BBOX_CLEAR
PAIR-005043,G-039,G-047,G-039|G-047,0.0000,566.4622,BBOX_CLEAR
PAIR-005044,G-039,G-048,G-039|G-048,0.0000,541.8338,BBOX_CLEAR
PAIR-005045,G-039,G-049,G-039|G-049,0.0000,522.6450,BBOX_CLEAR
PAIR-005046,G-039,G-050,G-039|G-050,0.0000,513.1510,BBOX_CLEAR
PAIR-005047,G-039,G-051,G-039|G-051,0.0000,493.9770,BBOX_CLEAR
PAIR-005048,G-039,G-052,G-039|G-052,0.0000,484.4910,BBOX_CLEAR
PAIR-005049,G-039,G-053,G-039|G-053,0.0000,458.8748,BBOX_CLEAR
PAIR-005050,G-039,G-054,G-039|G-054,0.0000,449.4007,BBOX_CLEAR
PAIR-005051,G-039,G-055,G-039|G-055,0.0000,430.2709,BBOX_CLEAR
PAIR-005052,G-039,G-056,G-039|G-056,0.0000,411.1583,BBOX_CLEAR
PAIR-005053,G-039,G-057,G-039|G-057,0.0000,397.3863,BBOX_CLEAR
PAIR-005054,G-039,G-058,G-039|G-058,0.0000,826.0208,BBOX_CLEAR
PAIR-005055,G-039,G-059,G-039|G-059,0.0000,810.4905,BBOX_CLEAR
PAIR-005056,G-039,G-060,G-039|G-060,0.0000,931.5491,BBOX_CLEAR
PAIR-005057,G-039,G-061,G-039|G-061,0.0000,915.6096,BBOX_CLEAR
PAIR-005058,G-039,G-062,G-039|G-062,0.0000,1033.4531,BBOX_CLEAR
PAIR-005059,G-039,G-063,G-039|G-063,0.0000,1017.7456,BBOX_CLEAR
PAIR-005060,G-039,G-064,G-039|G-064,0.0000,104.7223,BBOX_CLEAR
PAIR-005061,G-039,G-065,G-039|G-065,0.0000,119.7381,BBOX_CLEAR
PAIR-005062,G-039,G-066,G-039|G-066,0.0000,355.3092,BBOX_CLEAR
PAIR-005063,G-039,G-067,G-039|G-067,0.0000,318.6457,BBOX_CLEAR
PAIR-005064,G-039,G-068,G-039|G-068,0.0000,292.3698,BBOX_CLEAR
PAIR-005065,G-039,G-069,G-039|G-069,0.0000,1088.8986,BBOX_CLEAR
PAIR-005066,G-039,G-070,G-039|G-070,0.0000,1081.0261,BBOX_CLEAR
PAIR-005067,G-039,G-071,G-039|G-071,0.0000,1036.1680,BBOX_CLEAR
PAIR-005068,G-039,G-072,G-039|G-072,0.0000,1009.4034,BBOX_CLEAR
PAIR-005069,G-039,G-073,G-039|G-073,0.0000,1002.2080,BBOX_CLEAR
PAIR-005070,G-039,G-074,G-039|G-074,0.0000,957.3701,BBOX_CLEAR
PAIR-005071,G-039,G-075,G-039|G-075,0.0000,930.9954,BBOX_CLEAR
PAIR-005072,G-039,G-076,G-039|G-076,0.0000,924.5308,BBOX_CLEAR
PAIR-005073,G-039,G-077,G-039|G-077,0.0000,815.6078,BBOX_CLEAR
PAIR-005074,G-039,G-078,G-039|G-078,0.0000,801.3349,BBOX_CLEAR
PAIR-005075,G-039,G-079,G-039|G-079,0.0000,780.2569,BBOX_CLEAR
PAIR-005076,G-039,G-080,G-039|G-080,0.0000,775.9863,BBOX_CLEAR
PAIR-005077,G-039,G-081,G-039|G-081,0.0000,756.6632,BBOX_CLEAR
PAIR-005078,G-039,G-082,G-039|G-082,0.0000,730.6448,BBOX_CLEAR
PAIR-005079,G-039,G-083,G-039|G-083,0.0000,727.3019,BBOX_CLEAR
PAIR-005080,G-039,G-084,G-039|G-084,0.0000,703.4706,BBOX_CLEAR
PAIR-005081,G-039,G-085,G-039|G-085,0.0000,670.5375,BBOX_CLEAR
PAIR-005082,G-039,G-086,G-039|G-086,0.0000,642.5336,BBOX_CLEAR
PAIR-005083,G-039,G-087,G-039|G-087,0.0000,626.8545,BBOX_CLEAR
PAIR-005084,G-039,G-088,G-039|G-088,0.0000,642.2297,BBOX_CLEAR
PAIR-005085,G-039,G-089,G-039|G-089,0.0000,616.6225,BBOX_CLEAR
PAIR-005086,G-039,G-090,G-039|G-090,0.0000,600.7027,BBOX_CLEAR
PAIR-005087,G-039,G-091,G-039|G-091,0.0000,572.4184,BBOX_CLEAR
PAIR-005088,G-039,G-092,G-039|G-092,0.0000,548.9705,BBOX_CLEAR
PAIR-005089,G-039,G-093,G-039|G-093,0.0000,534.1263,BBOX_CLEAR
PAIR-005090,G-039,G-094,G-039|G-094,0.0000,552.1319,BBOX_CLEAR
PAIR-005091,G-039,G-095,G-039|G-095,0.0000,526.2898,BBOX_CLEAR
PAIR-005092,G-039,G-096,G-039|G-096,0.0000,513.1107,BBOX_CLEAR
PAIR-005093,G-039,G-097,G-039|G-097,0.0000,505.9369,BBOX_CLEAR
PAIR-005094,G-039,G-098,G-039|G-098,0.0000,493.4800,BBOX_CLEAR
PAIR-005095,G-039,G-099,G-039|G-099,0.0000,480.6429,BBOX_CLEAR
PAIR-005096,G-039,G-100,G-039|G-100,0.0000,1228.9613,BBOX_CLEAR
PAIR-005097,G-039,G-101,G-039|G-101,0.0000,1207.1228,BBOX_CLEAR
PAIR-005098,G-039,G-102,G-039|G-102,0.0000,1196.5677,BBOX_CLEAR
PAIR-005099,G-039,G-103,G-039|G-103,0.0000,1177.6796,BBOX_CLEAR
PAIR-005100,G-039,G-104,G-039|G-104,0.0000,1101.3021,BBOX_CLEAR
PAIR-005101,G-039,G-105,G-039|G-105,0.0000,1063.8322,BBOX_CLEAR
PAIR-005102,G-039,G-106,G-039|G-106,0.0000,1026.6732,BBOX_CLEAR
PAIR-005103,G-039,G-107,G-039|G-107,0.0000,989.8601,BBOX_CLEAR
PAIR-005104,G-039,G-108,G-039|G-108,0.0000,953.4331,BBOX_CLEAR
PAIR-005105,G-039,G-109,G-039|G-109,0.0000,917.4380,BBOX_CLEAR
PAIR-005106,G-039,G-110,G-039|G-110,0.0000,881.9278,BBOX_CLEAR
PAIR-005107,G-039,G-111,G-039|G-111,0.0000,846.9635,BBOX_CLEAR
PAIR-005108,G-039,G-112,G-039|G-112,0.0000,812.6156,BBOX_CLEAR
PAIR-005109,G-039,G-113,G-039|G-113,0.0000,778.9655,BBOX_CLEAR
PAIR-005110,G-039,G-114,G-039|G-114,0.0000,746.1078,BBOX_CLEAR
PAIR-005111,G-039,G-115,G-039|G-115,0.0000,714.1517,BBOX_CLEAR
PAIR-005112,G-039,G-116,G-039|G-116,0.0000,683.2239,BBOX_CLEAR
PAIR-005113,G-039,G-117,G-039|G-117,0.0000,653.4703,BBOX_CLEAR
PAIR-005114,G-039,G-118,G-039|G-118,0.0000,625.0586,BBOX_CLEAR
PAIR-005115,G-039,G-119,G-039|G-119,0.0000,598.1801,BBOX_CLEAR
PAIR-005116,G-039,G-120,G-039|G-120,0.0000,573.0506,BBOX_CLEAR
PAIR-005117,G-039,G-121,G-039|G-121,0.0000,549.9098,BBOX_CLEAR
PAIR-005118,G-039,G-122,G-039|G-122,0.0000,529.0189,BBOX_CLEAR
PAIR-005119,G-039,G-123,G-039|G-123,0.0000,510.6540,BBOX_CLEAR
PAIR-005120,G-039,G-124,G-039|G-124,0.0000,495.0962,BBOX_CLEAR
PAIR-005121,G-039,G-125,G-039|G-125,0.0000,482.6173,BBOX_CLEAR
PAIR-005122,G-039,G-126,G-039|G-126,0.0000,473.4606,BBOX_CLEAR
PAIR-005123,G-039,G-127,G-039|G-127,0.0000,467.8213,BBOX_CLEAR
PAIR-005124,G-039,G-128,G-039|G-128,0.0000,465.8272,BBOX_CLEAR
PAIR-005125,G-039,G-129,G-039|G-129,0.0000,465.8242,BBOX_CLEAR
PAIR-005126,G-039,G-130,G-039|G-130,0.0000,466.4169,BBOX_CLEAR
PAIR-005127,G-039,G-131,G-039|G-131,0.0000,470.3398,BBOX_CLEAR
PAIR-005128,G-039,G-132,G-039|G-132,0.0000,477.8500,BBOX_CLEAR
PAIR-005129,G-039,G-133,G-039|G-133,0.0000,488.7822,BBOX_CLEAR
PAIR-005130,G-039,G-134,G-039|G-134,0.0000,502.9133,BBOX_CLEAR
PAIR-005131,G-039,G-135,G-039|G-135,0.0000,519.9825,BBOX_CLEAR
PAIR-005132,G-039,P-001,G-039|P-001,0.0000,161.9695,BBOX_CLEAR
PAIR-005133,G-039,P-002,G-039|P-002,0.0000,161.1673,BBOX_CLEAR
PAIR-005134,G-039,P-003,G-039|P-003,0.0000,646.9783,BBOX_CLEAR
PAIR-005135,G-039,P-004,G-039|P-004,0.0000,663.5972,BBOX_CLEAR
PAIR-005136,G-039,P-005,G-039|P-005,0.0000,472.4611,BBOX_CLEAR
PAIR-005137,G-039,P-006,G-039|P-006,0.0000,362.5560,BBOX_CLEAR
PAIR-005138,G-039,P-007,G-039|P-007,0.0000,291.4517,BBOX_CLEAR
PAIR-005139,G-039,P-008,G-039|P-008,0.0000,352.9768,BBOX_CLEAR
PAIR-005140,G-039,P-009,G-039|P-009,0.0000,287.6471,BBOX_CLEAR
PAIR-005141,G-039,P-010,G-039|P-010,0.0000,282.3453,BBOX_CLEAR
PAIR-005142,G-039,P-011,G-039|P-011,0.0000,251.1691,BBOX_CLEAR
PAIR-005143,G-039,P-012,G-039|P-012,0.0000,302.7695,BBOX_CLEAR
PAIR-005144,G-039,P-013,G-039|P-013,0.0000,303.5709,BBOX_CLEAR
PAIR-005145,G-039,P-014,G-039|P-014,0.0000,295.6761,BBOX_CLEAR
PAIR-005146,G-039,P-015,G-039|P-015,0.0000,158.7992,BBOX_CLEAR
PAIR-005147,G-039,P-016,G-039|P-016,0.0000,162.4173,BBOX_CLEAR
PAIR-005148,G-039,P-017,G-039|P-017,0.0000,158.7347,BBOX_CLEAR
PAIR-005149,G-040,G-041,G-040|G-041,0.0000,0.0010,BBOX_WITHIN_8PX
PAIR-005150,G-040,G-042,G-040|G-042,0.0000,8.4218,BBOX_CLEAR
PAIR-005151,G-040,G-043,G-040|G-043,0.0000,21.2536,BBOX_CLEAR
PAIR-005152,G-040,G-044,G-040|G-044,0.0000,48.7886,BBOX_CLEAR
PAIR-005153,G-040,G-045,G-040|G-045,0.0000,88.8500,BBOX_CLEAR
PAIR-005154,G-040,G-046,G-040|G-046,0.0000,622.9576,BBOX_CLEAR
PAIR-005155,G-040,G-047,G-040|G-047,0.0000,582.8013,BBOX_CLEAR
PAIR-005156,G-040,G-048,G-040|G-048,0.0000,558.1009,BBOX_CLEAR
PAIR-005157,G-040,G-049,G-040|G-049,0.0000,538.8511,BBOX_CLEAR
PAIR-005158,G-040,G-050,G-040|G-050,0.0000,529.3252,BBOX_CLEAR
PAIR-005159,G-040,G-051,G-040|G-051,0.0000,510.0828,BBOX_CLEAR
PAIR-005160,G-040,G-052,G-040|G-052,0.0000,500.5609,BBOX_CLEAR
PAIR-005161,G-040,G-053,G-040|G-053,0.0000,474.8399,BBOX_CLEAR
PAIR-005162,G-040,G-054,G-040|G-054,0.0000,465.3239,BBOX_CLEAR
PAIR-005163,G-040,G-055,G-040|G-055,0.0000,446.1035,BBOX_CLEAR
PAIR-005164,G-040,G-056,G-040|G-056,0.0000,426.8916,BBOX_CLEAR
PAIR-005165,G-040,G-057,G-040|G-057,0.0000,413.0417,BBOX_CLEAR
PAIR-005166,G-040,G-058,G-040|G-058,0.0000,842.8531,BBOX_CLEAR
PAIR-005167,G-040,G-059,G-040|G-059,0.0000,826.9461,BBOX_CLEAR
PAIR-005168,G-040,G-060,G-040|G-060,0.0000,948.7516,BBOX_CLEAR
PAIR-005169,G-040,G-061,G-040|G-061,0.0000,932.4926,BBOX_CLEAR
PAIR-005170,G-040,G-062,G-040|G-062,0.0000,1050.3693,BBOX_CLEAR
PAIR-005171,G-040,G-063,G-040|G-063,0.0000,1034.3647,BBOX_CLEAR
PAIR-005172,G-040,G-064,G-040|G-064,0.0000,89.0210,BBOX_CLEAR
PAIR-005173,G-040,G-065,G-040|G-065,0.0000,101.8261,BBOX_CLEAR
PAIR-005174,G-040,G-066,G-040|G-066,0.0000,360.1477,BBOX_CLEAR
PAIR-005175,G-040,G-067,G-040|G-067,0.0000,321.4713,BBOX_CLEAR
PAIR-005176,G-040,G-068,G-040|G-068,0.0000,293.1287,BBOX_CLEAR
PAIR-005177,G-040,G-069,G-040|G-069,0.0000,1100.2234,BBOX_CLEAR
PAIR-005178,G-040,G-070,G-040|G-070,0.0000,1091.9466,BBOX_CLEAR
PAIR-005179,G-040,G-071,G-040|G-071,0.0000,1047.0974,BBOX_CLEAR
PAIR-005180,G-040,G-072,G-040|G-072,0.0000,1020.1134,BBOX_CLEAR
PAIR-005181,G-040,G-073,G-040|G-073,0.0000,1012.4703,BBOX_CLEAR
PAIR-005182,G-040,G-074,G-040|G-074,0.0000,967.6114,BBOX_CLEAR
PAIR-005183,G-040,G-075,G-040|G-075,0.0000,940.9750,BBOX_CLEAR
PAIR-005184,G-040,G-076,G-040|G-076,0.0000,934.0107,BBOX_CLEAR
PAIR-005185,G-040,G-077,G-040|G-077,0.0000,824.0593,BBOX_CLEAR
PAIR-005186,G-040,G-078,G-040|G-078,0.0000,809.5757,BBOX_CLEAR
PAIR-005187,G-040,G-079,G-040|G-079,0.0000,788.1684,BBOX_CLEAR
PAIR-005188,G-040,G-080,G-040|G-080,0.0000,783.2634,BBOX_CLEAR
PAIR-005189,G-040,G-081,G-040|G-081,0.0000,764.1784,BBOX_CLEAR
PAIR-005190,G-040,G-082,G-040|G-082,0.0000,737.6846,BBOX_CLEAR
PAIR-005191,G-040,G-083,G-040|G-083,0.0000,733.6511,BBOX_CLEAR
PAIR-005192,G-040,G-084,G-040|G-084,0.0000,709.9643,BBOX_CLEAR
PAIR-005193,G-040,G-085,G-040|G-085,0.0000,676.2898,BBOX_CLEAR
PAIR-005194,G-040,G-086,G-040|G-086,0.0000,647.5732,BBOX_CLEAR
PAIR-005195,G-040,G-087,G-040|G-087,0.0000,631.7289,BBOX_CLEAR
PAIR-005196,G-040,G-088,G-040|G-088,0.0000,646.4112,BBOX_CLEAR
PAIR-005197,G-040,G-089,G-040|G-089,0.0000,620.9216,BBOX_CLEAR
PAIR-005198,G-040,G-090,G-040|G-090,0.0000,604.5013,BBOX_CLEAR
PAIR-005199,G-040,G-091,G-040|G-091,0.0000,575.2258,BBOX_CLEAR
PAIR-005200,G-040,G-092,G-040|G-092,0.0000,550.8370,BBOX_CLEAR
PAIR-005201,G-040,G-093,G-040|G-093,0.0000,535.7023,BBOX_CLEAR
PAIR-005202,G-040,G-094,G-040|G-094,0.0000,552.9809,BBOX_CLEAR
PAIR-005203,G-040,G-095,G-040|G-095,0.0000,527.1171,BBOX_CLEAR
PAIR-005204,G-040,G-096,G-040|G-096,0.0000,513.2633,BBOX_CLEAR
PAIR-005205,G-040,G-097,G-040|G-097,0.0000,505.6966,BBOX_CLEAR
PAIR-005206,G-040,G-098,G-040|G-098,0.0000,492.5083,BBOX_CLEAR
PAIR-005207,G-040,G-099,G-040|G-099,0.0000,478.8424,BBOX_CLEAR
PAIR-005208,G-040,G-100,G-040|G-100,0.0000,1239.9983,BBOX_CLEAR
PAIR-005209,G-040,G-101,G-040|G-101,0.0000,1217.7002,BBOX_CLEAR
PAIR-005210,G-040,G-102,G-040|G-102,0.0000,1207.0680,BBOX_CLEAR
PAIR-005211,G-040,G-103,G-040|G-103,0.0000,1188.0379,BBOX_CLEAR
PAIR-005212,G-040,G-104,G-040|G-104,0.0000,1111.0603,BBOX_CLEAR
PAIR-005213,G-040,G-105,G-040|G-105,0.0000,1073.2402,BBOX_CLEAR
PAIR-005214,G-040,G-106,G-040|G-106,0.0000,1035.7029,BBOX_CLEAR
PAIR-005215,G-040,G-107,G-040|G-107,0.0000,998.4802,BBOX_CLEAR
PAIR-005216,G-040,G-108,G-040|G-108,0.0000,961.6087,BBOX_CLEAR
PAIR-005217,G-040,G-109,G-040|G-109,0.0000,925.1304,BBOX_CLEAR
PAIR-005218,G-040,G-110,G-040|G-110,0.0000,889.0936,BBOX_CLEAR
PAIR-005219,G-040,G-111,G-040|G-111,0.0000,853.5543,BBOX_CLEAR
PAIR-005220,G-040,G-112,G-040|G-112,0.0000,818.5774,BBOX_CLEAR
PAIR-005221,G-040,G-113,G-040|G-113,0.0000,784.2379,BBOX_CLEAR
PAIR-005222,G-040,G-114,G-040|G-114,0.0000,750.6235,BBOX_CLEAR
PAIR-005223,G-040,G-115,G-040|G-115,0.0000,717.8360,BBOX_CLEAR
PAIR-005224,G-040,G-116,G-040|G-116,0.0000,685.9940,BBOX_CLEAR
PAIR-005225,G-040,G-117,G-040|G-117,0.0000,655.2353,BBOX_CLEAR
PAIR-005226,G-040,G-118,G-040|G-118,0.0000,625.7198,BBOX_CLEAR
PAIR-005227,G-040,G-119,G-040|G-119,0.0000,597.6315,BBOX_CLEAR
PAIR-005228,G-040,G-120,G-040|G-120,0.0000,571.1812,BBOX_CLEAR
PAIR-005229,G-040,G-121,G-040|G-121,0.0000,546.6066,BBOX_CLEAR
PAIR-005230,G-040,G-122,G-040|G-122,0.0000,524.1717,BBOX_CLEAR
PAIR-005231,G-040,G-123,G-040|G-123,0.0000,504.1622,BBOX_CLEAR
PAIR-005232,G-040,G-124,G-040|G-124,0.0000,486.8772,BBOX_CLEAR
PAIR-005233,G-040,G-125,G-040|G-125,0.0000,472.6157,BBOX_CLEAR
PAIR-005234,G-040,G-126,G-040|G-126,0.0000,461.6580,BBOX_CLEAR
PAIR-005235,G-040,G-127,G-040|G-127,0.0000,454.2433,BBOX_CLEAR
PAIR-005236,G-040,G-128,G-040|G-128,0.0000,450.5465,BBOX_CLEAR
PAIR-005237,G-040,G-129,G-040|G-129,0.0000,450.1229,BBOX_CLEAR
PAIR-005238,G-040,G-130,G-040|G-130,0.0000,450.1237,BBOX_CLEAR
PAIR-005239,G-040,G-131,G-040|G-131,0.0000,452.1091,BBOX_CLEAR
PAIR-005240,G-040,G-132,G-040|G-132,0.0000,457.8649,BBOX_CLEAR
PAIR-005241,G-040,G-133,G-040|G-133,0.0000,467.2518,BBOX_CLEAR
PAIR-005242,G-040,G-134,G-040|G-134,0.0000,480.0569,BBOX_CLEAR
PAIR-005243,G-040,G-135,G-040|G-135,0.0000,496.0154,BBOX_CLEAR
PAIR-005244,G-040,P-001,G-040|P-001,0.0000,146.2683,BBOX_CLEAR
PAIR-005245,G-040,P-002,G-040|P-002,0.0000,140.8231,BBOX_CLEAR
PAIR-005246,G-040,P-003,G-040|P-003,0.0000,664.8408,BBOX_CLEAR
PAIR-005247,G-040,P-004,G-040|P-004,0.0000,685.0942,BBOX_CLEAR
PAIR-005248,G-040,P-005,G-040|P-005,0.0000,488.6826,BBOX_CLEAR
PAIR-005249,G-040,P-006,G-040|P-006,0.0000,380.4184,BBOX_CLEAR
PAIR-005250,G-040,P-007,G-040|P-007,0.0000,309.3141,BBOX_CLEAR
PAIR-005251,G-040,P-008,G-040|P-008,0.0000,370.1334,BBOX_CLEAR
PAIR-005252,G-040,P-009,G-040|P-009,0.0000,305.5095,BBOX_CLEAR
PAIR-005253,G-040,P-010,G-040|P-010,0.0000,301.4635,BBOX_CLEAR
PAIR-005254,G-040,P-011,G-040|P-011,0.0000,269.0315,BBOX_CLEAR
PAIR-005255,G-040,P-012,G-040|P-012,0.0000,320.6309,BBOX_CLEAR
PAIR-005256,G-040,P-013,G-040|P-013,0.0000,306.8439,BBOX_CLEAR
PAIR-005257,G-040,P-014,G-040|P-014,0.0000,298.7381,BBOX_CLEAR
PAIR-005258,G-040,P-015,G-040|P-015,0.0000,177.7622,BBOX_CLEAR
PAIR-005259,G-040,P-016,G-040|P-016,0.0000,183.5888,BBOX_CLEAR
PAIR-005260,G-040,P-017,G-040|P-017,0.0000,176.5971,BBOX_CLEAR
PAIR-005261,G-041,G-042,G-041|G-042,0.0000,0.0000,BBOX_WITHIN_8PX
PAIR-005262,G-041,G-043,G-041|G-043,0.0000,12.8318,BBOX_CLEAR
PAIR-005263,G-041,G-044,G-041|G-044,0.0000,40.3668,BBOX_CLEAR
PAIR-005264,G-041,G-045,G-041|G-045,0.0000,80.4282,BBOX_CLEAR
PAIR-005265,G-041,G-046,G-041|G-046,0.0000,643.7423,BBOX_CLEAR
PAIR-005266,G-041,G-047,G-041|G-047,0.0000,603.5572,BBOX_CLEAR
PAIR-005267,G-041,G-048,G-041|G-048,0.0000,578.8368,BBOX_CLEAR
PAIR-005268,G-041,G-049,G-041|G-049,0.0000,559.5699,BBOX_CLEAR
PAIR-005269,G-041,G-050,G-041|G-050,0.0000,550.0351,BBOX_CLEAR
PAIR-005270,G-041,G-051,G-041|G-051,0.0000,530.7736,BBOX_CLEAR
PAIR-005271,G-041,G-052,G-041|G-052,0.0000,521.2415,BBOX_CLEAR
PAIR-005272,G-041,G-053,G-041|G-053,0.0000,495.4910,BBOX_CLEAR
PAIR-005273,G-041,G-054,G-041|G-054,0.0000,485.9632,BBOX_CLEAR
PAIR-005274,G-041,G-055,G-041|G-055,0.0000,466.7171,BBOX_CLEAR
PAIR-005275,G-041,G-056,G-041|G-056,0.0000,447.4769,BBOX_CLEAR
PAIR-005276,G-041,G-057,G-041|G-057,0.0000,433.6048,BBOX_CLEAR
PAIR-005277,G-041,G-058,G-041|G-058,0.0000,863.7441,BBOX_CLEAR
PAIR-005278,G-041,G-059,G-041|G-059,0.0000,847.7061,BBOX_CLEAR
PAIR-005279,G-041,G-060,G-041|G-060,0.0000,969.7580,BBOX_CLEAR
PAIR-005280,G-041,G-061,G-041|G-061,0.0000,953.3934,BBOX_CLEAR
PAIR-005281,G-041,G-062,G-041|G-062,0.0000,1071.2737,BBOX_CLEAR
PAIR-005282,G-041,G-063,G-041|G-063,0.0000,1055.1659,BBOX_CLEAR
PAIR-005283,G-041,G-064,G-041|G-064,0.0000,84.1853,BBOX_CLEAR
PAIR-005284,G-041,G-065,G-041|G-065,0.0000,96.9902,BBOX_CLEAR
PAIR-005285,G-041,G-066,G-041|G-066,0.0000,375.0282,BBOX_CLEAR
PAIR-005286,G-041,G-067,G-041|G-067,0.0000,335.0904,BBOX_CLEAR
PAIR-005287,G-041,G-068,G-041|G-068,0.0000,305.3689,BBOX_CLEAR
PAIR-005288,G-041,G-069,G-041|G-069,0.0000,1118.5741,BBOX_CLEAR
PAIR-005289,G-041,G-070,G-041|G-070,0.0000,1110.0752,BBOX_CLEAR
PAIR-005290,G-041,G-071,G-041|G-071,0.0000,1065.2388,BBOX_CLEAR
PAIR-005291,G-041,G-072,G-041|G-072,0.0000,1038.1371,BBOX_CLEAR
PAIR-005292,G-041,G-073,G-041|G-073,0.0000,1030.2415,BBOX_CLEAR
PAIR-005293,G-041,G-074,G-041|G-074,0.0000,985.3803,BBOX_CLEAR
PAIR-005294,G-041,G-075,G-041|G-075,0.0000,958.5995,BBOX_CLEAR
PAIR-005295,G-041,G-076,G-041|G-076,0.0000,951.3450,BBOX_CLEAR
PAIR-005296,G-041,G-077,G-041|G-077,0.0000,840.8091,BBOX_CLEAR
PAIR-005297,G-041,G-078,G-041|G-078,0.0000,826.2015,BBOX_CLEAR
PAIR-005298,G-041,G-079,G-041|G-079,0.0000,804.5989,BBOX_CLEAR
PAIR-005299,G-041,G-080,G-041|G-080,0.0000,799.2965,BBOX_CLEAR
PAIR-005300,G-041,G-081,G-041|G-081,0.0000,780.3710,BBOX_CLEAR
PAIR-005301,G-041,G-082,G-041|G-082,0.0000,753.5875,BBOX_CLEAR
PAIR-005302,G-041,G-083,G-041|G-083,0.0000,749.1089,BBOX_CLEAR
PAIR-005303,G-041,G-084,G-041|G-084,0.0000,725.5295,BBOX_CLEAR
PAIR-005304,G-041,G-085,G-041|G-085,0.0000,691.3872,BBOX_CLEAR
PAIR-005305,G-041,G-086,G-041|G-086,0.0000,662.2115,BBOX_CLEAR
PAIR-005306,G-041,G-087,G-041|G-087,0.0000,646.2668,BBOX_CLEAR
PAIR-005307,G-041,G-088,G-041|G-088,0.0000,660.4599,BBOX_CLEAR
PAIR-005308,G-041,G-089,G-041|G-089,0.0000,635.0726,BBOX_CLEAR
PAIR-005309,G-041,G-090,G-041|G-090,0.0000,618.3173,BBOX_CLEAR
PAIR-005310,G-041,G-091,G-041|G-091,0.0000,588.3646,BBOX_CLEAR
PAIR-005311,G-041,G-092,G-041|G-092,0.0000,563.3156,BBOX_CLEAR
PAIR-005312,G-041,G-093,G-041|G-093,0.0000,547.9842,BBOX_CLEAR
PAIR-005313,G-041,G-094,G-041|G-094,0.0000,564.6939,BBOX_CLEAR
PAIR-005314,G-041,G-095,G-041|G-095,0.0000,538.8473,BBOX_CLEAR
PAIR-005315,G-041,G-096,G-041|G-096,0.0000,524.4962,BBOX_CLEAR
PAIR-005316,G-041,G-097,G-041|G-097,0.0000,516.6359,BBOX_CLEAR
PAIR-005317,G-041,G-098,G-041|G-098,0.0000,502.8928,BBOX_CLEAR
PAIR-005318,G-041,G-099,G-041|G-099,0.0000,488.5850,BBOX_CLEAR
PAIR-005319,G-041,G-100,G-041|G-100,0.0000,1258.1705,BBOX_CLEAR
PAIR-005320,G-041,G-101,G-041|G-101,0.0000,1235.6169,BBOX_CLEAR
PAIR-005321,G-041,G-102,G-041|G-102,0.0000,1224.9423,BBOX_CLEAR
PAIR-005322,G-041,G-103,G-041|G-103,0.0000,1205.8338,BBOX_CLEAR
PAIR-005323,G-041,G-104,G-041|G-104,0.0000,1128.5203,BBOX_CLEAR
PAIR-005324,G-041,G-105,G-041|G-105,0.0000,1090.5003,BBOX_CLEAR
PAIR-005325,G-041,G-106,G-041|G-106,0.0000,1052.7442,BBOX_CLEAR
PAIR-005326,G-041,G-107,G-041|G-107,0.0000,1015.2812,BBOX_CLEAR
PAIR-005327,G-041,G-108,G-041|G-108,0.0000,978.1451,BBOX_CLEAR
PAIR-005328,G-041,G-109,G-041|G-109,0.0000,941.3746,BBOX_CLEAR
PAIR-005329,G-041,G-110,G-041|G-110,0.0000,905.0143,BBOX_CLEAR
PAIR-005330,G-041,G-111,G-041|G-111,0.0000,869.1155,BBOX_CLEAR
PAIR-005331,G-041,G-112,G-041|G-112,0.0000,833.7380,BBOX_CLEAR
PAIR-005332,G-041,G-113,G-041|G-113,0.0000,798.9510,BBOX_CLEAR
PAIR-005333,G-041,G-114,G-041|G-114,0.0000,764.8350,BBOX_CLEAR
PAIR-005334,G-041,G-115,G-041|G-115,0.0000,731.4840,BBOX_CLEAR
PAIR-005335,G-041,G-116,G-041|G-116,0.0000,699.0075,BBOX_CLEAR
PAIR-005336,G-041,G-117,G-041|G-117,0.0000,667.5331,BBOX_CLEAR
PAIR-005337,G-041,G-118,G-041|G-118,0.0000,637.2093,BBOX_CLEAR
PAIR-005338,G-041,G-119,G-041|G-119,0.0000,608.2082,BBOX_CLEAR
PAIR-005339,G-041,G-120,G-041|G-120,0.0000,580.7282,BBOX_CLEAR
PAIR-005340,G-041,G-121,G-041|G-121,0.0000,554.9950,BBOX_CLEAR
PAIR-005341,G-041,G-122,G-041|G-122,0.0000,531.2627,BBOX_CLEAR
PAIR-005342,G-041,G-123,G-041|G-123,0.0000,509.8107,BBOX_CLEAR
PAIR-005343,G-041,G-124,G-041|G-124,0.0000,490.9381,BBOX_CLEAR
PAIR-005344,G-041,G-125,G-041|G-125,0.0000,474.9524,BBOX_CLEAR
PAIR-005345,G-041,G-126,G-041|G-126,0.0000,462.1533,BBOX_CLEAR
PAIR-005346,G-041,G-127,G-041|G-127,0.0000,452.8111,BBOX_CLEAR
PAIR-005347,G-041,G-128,G-041|G-128,0.0000,447.1426,BBOX_CLEAR
PAIR-005348,G-041,G-129,G-041|G-129,0.0000,445.2873,BBOX_CLEAR
PAIR-005349,G-041,G-130,G-041|G-130,0.0000,445.2873,BBOX_CLEAR
PAIR-005350,G-041,G-131,G-041|G-131,0.0000,446.5766,BBOX_CLEAR
PAIR-005351,G-041,G-132,G-041|G-132,0.0000,451.6294,BBOX_CLEAR
PAIR-005352,G-041,G-133,G-041|G-133,0.0000,460.3845,BBOX_CLEAR
PAIR-005353,G-041,G-134,G-041|G-134,0.0000,472.6362,BBOX_CLEAR
PAIR-005354,G-041,G-135,G-041|G-135,0.0000,488.1213,BBOX_CLEAR
PAIR-005355,G-041,P-001,G-041|P-001,0.0000,141.4326,BBOX_CLEAR
PAIR-005356,G-041,P-002,G-041|P-002,0.0000,134.9201,BBOX_CLEAR
PAIR-005357,G-041,P-003,G-041|P-003,0.0000,685.9991,BBOX_CLEAR
PAIR-005358,G-041,P-004,G-041|P-004,0.0000,710.0391,BBOX_CLEAR
PAIR-005359,G-041,P-005,G-041|P-005,0.0000,509.4214,BBOX_CLEAR
PAIR-005360,G-041,P-006,G-041|P-006,0.0000,401.5768,BBOX_CLEAR
PAIR-005361,G-041,P-007,G-041|P-007,0.0000,330.4725,BBOX_CLEAR
PAIR-005362,G-041,P-008,G-041|P-008,0.0000,391.2195,BBOX_CLEAR
PAIR-005363,G-041,P-009,G-041|P-009,0.0000,326.6679,BBOX_CLEAR
PAIR-005364,G-041,P-010,G-041|P-010,0.0000,324.5479,BBOX_CLEAR
PAIR-005365,G-041,P-011,G-041|P-011,0.0000,290.1899,BBOX_CLEAR
PAIR-005366,G-041,P-012,G-041|P-012,0.0000,341.7893,BBOX_CLEAR
PAIR-005367,G-041,P-013,G-041|P-013,0.0000,320.8214,BBOX_CLEAR
PAIR-005368,G-041,P-014,G-041|P-014,0.0000,312.5994,BBOX_CLEAR
PAIR-005369,G-041,P-015,G-041|P-015,0.0000,201.1161,BBOX_CLEAR
PAIR-005370,G-041,P-016,G-041|P-016,0.0000,208.6295,BBOX_CLEAR
PAIR-005371,G-041,P-017,G-041|P-017,0.0000,197.7555,BBOX_CLEAR
PAIR-005372,G-042,G-043,G-042|G-043,0.0000,0.0000,BBOX_WITHIN_8PX
PAIR-005373,G-042,G-044,G-042|G-044,0.0000,27.5350,BBOX_CLEAR
PAIR-005374,G-042,G-045,G-042|G-045,0.0000,67.5965,BBOX_CLEAR
PAIR-005375,G-042,G-046,G-042|G-046,0.0000,652.1468,BBOX_CLEAR
PAIR-005376,G-042,G-047,G-042|G-047,0.0000,611.9595,BBOX_CLEAR
PAIR-005377,G-042,G-048,G-042|G-048,0.0000,587.2375,BBOX_CLEAR
PAIR-005378,G-042,G-049,G-042|G-049,0.0000,567.9693,BBOX_CLEAR
PAIR-005379,G-042,G-050,G-042|G-050,0.0000,558.4337,BBOX_CLEAR
PAIR-005380,G-042,G-051,G-042|G-051,0.0000,539.1705,BBOX_CLEAR
PAIR-005381,G-042,G-052,G-042|G-052,0.0000,529.6376,BBOX_CLEAR
PAIR-005382,G-042,G-053,G-042|G-053,0.0000,503.8845,BBOX_CLEAR
PAIR-005383,G-042,G-054,G-042|G-054,0.0000,494.3556,BBOX_CLEAR
PAIR-005384,G-042,G-055,G-042|G-055,0.0000,475.1071,BBOX_CLEAR
PAIR-005385,G-042,G-056,G-042|G-056,0.0000,455.8643,BBOX_CLEAR
PAIR-005386,G-042,G-057,G-042|G-057,0.0000,441.9900,BBOX_CLEAR
PAIR-005387,G-042,G-058,G-042|G-058,0.0000,872.1559,BBOX_CLEAR
PAIR-005388,G-042,G-059,G-042|G-059,0.0000,856.1079,BBOX_CLEAR
PAIR-005389,G-042,G-060,G-042|G-060,0.0000,978.1758,BBOX_CLEAR
PAIR-005390,G-042,G-061,G-042|G-061,0.0000,961.8057,BBOX_CLEAR
PAIR-005391,G-042,G-062,G-042|G-062,0.0000,1079.6860,BBOX_CLEAR
PAIR-005392,G-042,G-063,G-042|G-063,0.0000,1063.5707,BBOX_CLEAR
PAIR-005393,G-042,G-064,G-042|G-064,0.0000,84.5841,BBOX_CLEAR
PAIR-005394,G-042,G-065,G-042|G-065,0.0000,96.9902,BBOX_CLEAR
PAIR-005395,G-042,G-066,G-042|G-066,0.0000,382.1475,BBOX_CLEAR
PAIR-005396,G-042,G-067,G-042|G-067,0.0000,341.8703,BBOX_CLEAR
PAIR-005397,G-042,G-068,G-042|G-068,0.0000,311.7639,BBOX_CLEAR
PAIR-005398,G-042,G-069,G-042|G-069,0.0000,1126.5345,BBOX_CLEAR
PAIR-005399,G-042,G-070,G-042|G-070,0.0000,1117.9832,BBOX_CLEAR
PAIR-005400,G-042,G-071,G-042|G-071,0.0000,1073.1507,BBOX_CLEAR
PAIR-005401,G-042,G-072,G-042|G-072,0.0000,1046.0212,BBOX_CLEAR
PAIR-005402,G-042,G-073,G-042|G-073,0.0000,1038.0641,BBOX_CLEAR
PAIR-005403,G-042,G-074,G-042|G-074,0.0000,993.2034,BBOX_CLEAR
PAIR-005404,G-042,G-075,G-042|G-075,0.0000,966.3875,BBOX_CLEAR
PAIR-005405,G-042,G-076,G-042|G-076,0.0000,959.0599,BBOX_CLEAR
PAIR-005406,G-042,G-077,G-042|G-077,0.0000,848.3766,BBOX_CLEAR
PAIR-005407,G-042,G-078,G-042|G-078,0.0000,833.7368,BBOX_CLEAR
PAIR-005408,G-042,G-079,G-042|G-079,0.0000,812.0832,BBOX_CLEAR
PAIR-005409,G-042,G-080,G-042|G-080,0.0000,806.6735,BBOX_CLEAR
PAIR-005410,G-042,G-081,G-042|G-081,0.0000,787.7925,BBOX_CLEAR
PAIR-005411,G-042,G-082,G-042|G-082,0.0000,760.9317,BBOX_CLEAR
PAIR-005412,G-042,G-083,G-042|G-083,0.0000,756.3299,BBOX_CLEAR
PAIR-005413,G-042,G-084,G-042|G-084,0.0000,732.7823,BBOX_CLEAR
PAIR-005414,G-042,G-085,G-042|G-085,0.0000,698.5116,BBOX_CLEAR
PAIR-005415,G-042,G-086,G-042|G-086,0.0000,669.2077,BBOX_CLEAR
PAIR-005416,G-042,G-087,G-042|G-087,0.0000,653.2360,BBOX_CLEAR
PAIR-005417,G-042,G-088,G-042|G-088,0.0000,667.2851,BBOX_CLEAR
PAIR-005418,G-042,G-089,G-042|G-089,0.0000,641.9309,BBOX_CLEAR
PAIR-005419,G-042,G-090,G-042|G-090,0.0000,625.0795,BBOX_CLEAR
PAIR-005420,G-042,G-091,G-042|G-091,0.0000,594.9300,BBOX_CLEAR
PAIR-005421,G-042,G-092,G-042|G-092,0.0000,569.6860,BBOX_CLEAR
PAIR-005422,G-042,G-093,G-042|G-093,0.0000,554.2977,BBOX_CLEAR
PAIR-005423,G-042,G-094,G-042|G-094,0.0000,570.8282,BBOX_CLEAR
PAIR-005424,G-042,G-095,G-042|G-095,0.0000,544.9929,BBOX_CLEAR
PAIR-005425,G-042,G-096,G-042|G-096,0.0000,530.4904,BBOX_CLEAR
PAIR-005426,G-042,G-097,G-042|G-097,0.0000,522.5399,BBOX_CLEAR
PAIR-005427,G-042,G-098,G-042|G-098,0.0000,508.6251,BBOX_CLEAR
PAIR-005428,G-042,G-099,G-042|G-099,0.0000,494.1163,BBOX_CLEAR
PAIR-005429,G-042,G-100,G-042|G-100,0.0000,1266.0867,BBOX_CLEAR
PAIR-005430,G-042,G-101,G-042|G-101,0.0000,1243.4714,BBOX_CLEAR
PAIR-005431,G-042,G-102,G-042|G-102,0.0000,1232.7866,BBOX_CLEAR
PAIR-005432,G-042,G-103,G-042|G-103,0.0000,1213.6590,BBOX_CLEAR
PAIR-005433,G-042,G-104,G-042|G-104,0.0000,1136.2627,BBOX_CLEAR
PAIR-005434,G-042,G-105,G-042|G-105,0.0000,1098.1925,BBOX_CLEAR
PAIR-005435,G-042,G-106,G-042|G-106,0.0000,1060.3806,BBOX_CLEAR
PAIR-005436,G-042,G-107,G-042|G-107,0.0000,1022.8556,BBOX_CLEAR
PAIR-005437,G-042,G-108,G-042|G-108,0.0000,985.6502,BBOX_CLEAR
PAIR-005438,G-042,G-109,G-042|G-109,0.0000,948.8022,BBOX_CLEAR
PAIR-005439,G-042,G-110,G-042|G-110,0.0000,912.3547,BBOX_CLEAR
PAIR-005440,G-042,G-111,G-042|G-111,0.0000,876.3577,BBOX_CLEAR
PAIR-005441,G-042,G-112,G-042|G-112,0.0000,840.8692,BBOX_CLEAR
PAIR-005442,G-042,G-113,G-042|G-113,0.0000,805.9563,BBOX_CLEAR
PAIR-005443,G-042,G-114,G-042|G-114,0.0000,771.6970,BBOX_CLEAR
PAIR-005444,G-042,G-115,G-042|G-115,0.0000,738.1826,BBOX_CLEAR
PAIR-005445,G-042,G-116,G-042|G-116,0.0000,705.5190,BBOX_CLEAR
PAIR-005446,G-042,G-117,G-042|G-117,0.0000,673.8300,BBOX_CLEAR
PAIR-005447,G-042,G-118,G-042|G-118,0.0000,643.2597,BBOX_CLEAR
PAIR-005448,G-042,G-119,G-042|G-119,0.0000,613.9751,BBOX_CLEAR
PAIR-005449,G-042,G-120,G-042|G-120,0.0000,586.1692,BBOX_CLEAR
PAIR-005450,G-042,G-121,G-042|G-121,0.0000,560.0620,BBOX_CLEAR
PAIR-005451,G-042,G-122,G-042|G-122,0.0000,535.9020,BBOX_CLEAR
PAIR-005452,G-042,G-123,G-042|G-123,0.0000,513.9637,BBOX_CLEAR
PAIR-005453,G-042,G-124,G-042|G-124,0.0000,494.5431,BBOX_CLEAR
PAIR-005454,G-042,G-125,G-042|G-125,0.0000,477.9470,BBOX_CLEAR
PAIR-005455,G-042,G-126,G-042|G-126,0.0000,464.4783,BBOX_CLEAR
PAIR-005456,G-042,G-127,G-042|G-127,0.0000,454.4153,BBOX_CLEAR
PAIR-005457,G-042,G-128,G-042|G-128,0.0000,447.9874,BBOX_CLEAR
PAIR-005458,G-042,G-129,G-042|G-129,0.0000,445.3521,BBOX_CLEAR
PAIR-005459,G-042,G-130,G-042|G-130,0.0000,445.2873,BBOX_CLEAR
PAIR-005460,G-042,G-131,G-042|G-131,0.0000,445.7859,BBOX_CLEAR
PAIR-005461,G-042,G-132,G-042|G-132,0.0000,449.6645,BBOX_CLEAR
PAIR-005462,G-042,G-133,G-042|G-133,0.0000,457.2938,BBOX_CLEAR
PAIR-005463,G-042,G-134,G-042|G-134,0.0000,468.4906,BBOX_CLEAR
PAIR-005464,G-042,G-135,G-042|G-135,0.0000,483.0068,BBOX_CLEAR
PAIR-005465,G-042,P-001,G-042|P-001,0.0000,141.4326,BBOX_CLEAR
PAIR-005466,G-042,P-002,G-042|P-002,0.0000,134.1982,BBOX_CLEAR
PAIR-005467,G-042,P-003,G-042|P-003,0.0000,694.4199,BBOX_CLEAR
PAIR-005468,G-042,P-004,G-042|P-004,0.0000,718.0932,BBOX_CLEAR
PAIR-005469,G-042,P-005,G-042|P-005,0.0000,517.8228,BBOX_CLEAR
PAIR-005470,G-042,P-006,G-042|P-006,0.0000,409.9975,BBOX_CLEAR
PAIR-005471,G-042,P-007,G-042|P-007,0.0000,338.8932,BBOX_CLEAR
PAIR-005472,G-042,P-008,G-042|P-008,0.0000,399.6400,BBOX_CLEAR
PAIR-005473,G-042,P-009,G-042|P-009,0.0000,335.0887,BBOX_CLEAR
PAIR-005474,G-042,P-010,G-042|P-010,0.0000,332.8759,BBOX_CLEAR
PAIR-005475,G-042,P-011,G-042|P-011,0.0000,298.6107,BBOX_CLEAR
PAIR-005476,G-042,P-012,G-042|P-012,0.0000,350.2100,BBOX_CLEAR
PAIR-005477,G-042,P-013,G-042|P-013,0.0000,327.7104,BBOX_CLEAR
PAIR-005478,G-042,P-014,G-042|P-014,0.0000,319.4598,BBOX_CLEAR
PAIR-005479,G-042,P-015,G-042|P-015,0.0000,209.4018,BBOX_CLEAR
PAIR-005480,G-042,P-016,G-042|P-016,0.0000,216.6280,BBOX_CLEAR
PAIR-005481,G-042,P-017,G-042|P-017,0.0000,206.1762,BBOX_CLEAR
PAIR-005482,G-043,G-044,G-043|G-044,0.0000,12.1368,BBOX_CLEAR
PAIR-005483,G-043,G-045,G-043|G-045,0.0000,52.1983,BBOX_CLEAR
PAIR-005484,G-043,G-046,G-043|G-046,0.0000,664.9547,BBOX_CLEAR
PAIR-005485,G-043,G-047,G-043|G-047,0.0000,624.7641,BBOX_CLEAR
PAIR-005486,G-043,G-048,G-043|G-048,0.0000,600.0398,BBOX_CLEAR
PAIR-005487,G-043,G-049,G-043|G-049,0.0000,580.7695,BBOX_CLEAR
PAIR-005488,G-043,G-050,G-043|G-050,0.0000,571.2329,BBOX_CLEAR
PAIR-005489,G-043,G-051,G-043|G-051,0.0000,551.9674,BBOX_CLEAR
PAIR-005490,G-043,G-052,G-043|G-052,0.0000,542.4332,BBOX_CLEAR
PAIR-005491,G-043,G-053,G-043|G-053,0.0000,516.6764,BBOX_CLEAR
PAIR-005492,G-043,G-054,G-043|G-054,0.0000,507.1459,BBOX_CLEAR
PAIR-005493,G-043,G-055,G-043|G-055,0.0000,487.8940,BBOX_CLEAR
PAIR-005494,G-043,G-056,G-043|G-056,0.0000,468.6474,BBOX_CLEAR
PAIR-005495,G-043,G-057,G-043|G-057,0.0000,454.7700,BBOX_CLEAR
PAIR-005496,G-043,G-058,G-043|G-058,0.0000,884.9743,BBOX_CLEAR
PAIR-005497,G-043,G-059,G-043|G-059,0.0000,868.9114,BBOX_CLEAR
PAIR-005498,G-043,G-060,G-043|G-060,0.0000,991.0031,BBOX_CLEAR
PAIR-005499,G-043,G-061,G-043|G-061,0.0000,974.6248,BBOX_CLEAR
PAIR-005500,G-043,G-062,G-043|G-062,0.0000,1092.5052,BBOX_CLEAR
PAIR-005501,G-043,G-063,G-043|G-063,0.0000,1076.3786,BBOX_CLEAR
PAIR-005502,G-043,G-064,G-043|G-064,0.0000,86.7736,BBOX_CLEAR
PAIR-005503,G-043,G-065,G-043|G-065,0.0000,97.0113,BBOX_CLEAR
PAIR-005504,G-043,G-066,G-043|G-066,0.0000,393.0949,BBOX_CLEAR
PAIR-005505,G-043,G-067,G-043|G-067,0.0000,352.3378,BBOX_CLEAR
PAIR-005506,G-043,G-068,G-043|G-068,0.0000,321.6882,BBOX_CLEAR
PAIR-005507,G-043,G-069,G-043|G-069,0.0000,1138.6775,BBOX_CLEAR
PAIR-005508,G-043,G-070,G-043|G-070,0.0000,1130.0478,BBOX_CLEAR
PAIR-005509,G-043,G-071,G-043|G-071,0.0000,1085.2216,BBOX_CLEAR
PAIR-005510,G-043,G-072,G-043|G-072,0.0000,1058.0511,BBOX_CLEAR
PAIR-005511,G-043,G-073,G-043|G-073,0.0000,1050.0021,BBOX_CLEAR
PAIR-005512,G-043,G-074,G-043|G-074,0.0000,1005.1428,BBOX_CLEAR
PAIR-005513,G-043,G-075,G-043|G-075,0.0000,978.2750,BBOX_CLEAR
PAIR-005514,G-043,G-076,G-043|G-076,0.0000,970.8386,BBOX_CLEAR
PAIR-005515,G-043,G-077,G-043|G-077,0.0000,859.9384,BBOX_CLEAR
PAIR-005516,G-043,G-078,G-043|G-078,0.0000,845.2514,BBOX_CLEAR
PAIR-005517,G-043,G-079,G-043|G-079,0.0000,823.5227,BBOX_CLEAR
PAIR-005518,G-043,G-080,G-043|G-080,0.0000,817.9534,BBOX_CLEAR
PAIR-005519,G-043,G-081,G-043|G-081,0.0000,799.1396,BBOX_CLEAR
PAIR-005520,G-043,G-082,G-043|G-082,0.0000,772.1652,BBOX_CLEAR
PAIR-005521,G-043,G-083,G-043|G-083,0.0000,767.3805,BBOX_CLEAR
PAIR-005522,G-043,G-084,G-043|G-084,0.0000,743.8816,BBOX_CLEAR
PAIR-005523,G-043,G-085,G-043|G-085,0.0000,709.4225,BBOX_CLEAR
PAIR-005524,G-043,G-086,G-043|G-086,0.0000,679.9309,BBOX_CLEAR
PAIR-005525,G-043,G-087,G-043|G-087,0.0000,663.9205,BBOX_CLEAR
PAIR-005526,G-043,G-088,G-043|G-088,0.0000,677.7544,BBOX_CLEAR
PAIR-005527,G-043,G-089,G-043|G-089,0.0000,652.4521,BBOX_CLEAR
PAIR-005528,G-043,G-090,G-043|G-090,0.0000,635.4602,BBOX_CLEAR
PAIR-005529,G-043,G-091,G-043|G-091,0.0000,605.0229,BBOX_CLEAR
PAIR-005530,G-043,G-092,G-043|G-092,0.0000,579.4939,BBOX_CLEAR
PAIR-005531,G-043,G-093,G-043|G-093,0.0000,564.0241,BBOX_CLEAR
PAIR-005532,G-043,G-094,G-043|G-094,0.0000,580.2861,BBOX_CLEAR
PAIR-005533,G-043,G-095,G-043|G-095,0.0000,554.4725,BBOX_CLEAR
PAIR-005534,G-043,G-096,G-043|G-096,0.0000,539.7491,BBOX_CLEAR
PAIR-005535,G-043,G-097,G-043|G-097,0.0000,531.6670,BBOX_CLEAR
PAIR-005536,G-043,G-098,G-043|G-098,0.0000,517.5014,BBOX_CLEAR
PAIR-005537,G-043,G-099,G-043|G-099,0.0000,502.6991,BBOX_CLEAR
PAIR-005538,G-043,G-100,G-043|G-100,0.0000,1278.1619,BBOX_CLEAR
PAIR-005539,G-043,G-101,G-043|G-101,0.0000,1255.4544,BBOX_CLEAR
PAIR-005540,G-043,G-102,G-043|G-102,0.0000,1244.7544,BBOX_CLEAR
PAIR-005541,G-043,G-103,G-043|G-103,0.0000,1225.5984,BBOX_CLEAR
PAIR-005542,G-043,G-104,G-043|G-104,0.0000,1148.0791,BBOX_CLEAR
PAIR-005543,G-043,G-105,G-043|G-105,0.0000,1109.9343,BBOX_CLEAR
PAIR-005544,G-043,G-106,G-043|G-106,0.0000,1072.0397,BBOX_CLEAR
PAIR-005545,G-043,G-107,G-043|G-107,0.0000,1034.4226,BBOX_CLEAR
PAIR-005546,G-043,G-108,G-043|G-108,0.0000,997.1147,BBOX_CLEAR
PAIR-005547,G-043,G-109,G-043|G-109,0.0000,960.1519,BBOX_CLEAR
PAIR-005548,G-043,G-110,G-043|G-110,0.0000,923.5755,BBOX_CLEAR
PAIR-005549,G-043,G-111,G-043|G-111,0.0000,887.4335,BBOX_CLEAR
PAIR-005550,G-043,G-112,G-043|G-112,0.0000,851.7812,BBOX_CLEAR
PAIR-005551,G-043,G-113,G-043|G-113,0.0000,816.6825,BBOX_CLEAR
PAIR-005552,G-043,G-114,G-043|G-114,0.0000,782.2121,BBOX_CLEAR
PAIR-005553,G-043,G-115,G-043|G-115,0.0000,748.4569,BBOX_CLEAR
PAIR-005554,G-043,G-116,G-043|G-116,0.0000,715.5179,BBOX_CLEAR
PAIR-005555,G-043,G-117,G-043|G-117,0.0000,683.5133,BBOX_CLEAR
PAIR-005556,G-043,G-118,G-043|G-118,0.0000,652.5804,BBOX_CLEAR
PAIR-005557,G-043,G-119,G-043|G-119,0.0000,622.8791,BBOX_CLEAR
PAIR-005558,G-043,G-120,G-043|G-120,0.0000,594.5939,BBOX_CLEAR
PAIR-005559,G-043,G-121,G-043|G-121,0.0000,567.9364,BBOX_CLEAR
PAIR-005560,G-043,G-122,G-043|G-122,0.0000,543.1463,BBOX_CLEAR
PAIR-005561,G-043,G-123,G-043|G-123,0.0000,520.4905,BBOX_CLEAR
PAIR-005562,G-043,G-124,G-043|G-124,0.0000,500.2591,BBOX_CLEAR
PAIR-005563,G-043,G-125,G-043|G-125,0.0000,482.7570,BBOX_CLEAR
PAIR-005564,G-043,G-126,G-043|G-126,0.0000,468.2903,BBOX_CLEAR
PAIR-005565,G-043,G-127,G-043|G-127,0.0000,457.1473,BBOX_CLEAR
PAIR-005566,G-043,G-128,G-043|G-128,0.0000,449.5751,BBOX_CLEAR
PAIR-005567,G-043,G-129,G-043|G-129,0.0000,445.7558,BBOX_CLEAR
PAIR-005568,G-043,G-130,G-043|G-130,0.0000,445.2873,BBOX_CLEAR
PAIR-005569,G-043,G-131,G-043|G-131,0.0000,445.3235,BBOX_CLEAR
PAIR-005570,G-043,G-132,G-043|G-132,0.0000,447.7809,BBOX_CLEAR
PAIR-005571,G-043,G-133,G-043|G-133,0.0000,454.0361,BBOX_CLEAR
PAIR-005572,G-043,G-134,G-043|G-134,0.0000,463.9356,BBOX_CLEAR
PAIR-005573,G-043,G-135,G-043|G-135,0.0000,477.2525,BBOX_CLEAR
PAIR-005574,G-043,P-001,G-043|P-001,0.0000,141.4326,BBOX_CLEAR
PAIR-005575,G-043,P-002,G-043|P-002,0.0000,134.1932,BBOX_CLEAR
PAIR-005576,G-043,P-003,G-043|P-003,0.0000,707.2517,BBOX_CLEAR
PAIR-005577,G-043,P-004,G-043|P-004,0.0000,730.3820,BBOX_CLEAR
PAIR-005578,G-043,P-005,G-043|P-005,0.0000,530.6263,BBOX_CLEAR
PAIR-005579,G-043,P-006,G-043|P-006,0.0000,422.8293,BBOX_CLEAR
PAIR-005580,G-043,P-007,G-043|P-007,0.0000,351.7250,BBOX_CLEAR
PAIR-005581,G-043,P-008,G-043|P-008,0.0000,412.4714,BBOX_CLEAR
PAIR-005582,G-043,P-009,G-043|P-009,0.0000,347.9205,BBOX_CLEAR
PAIR-005583,G-043,P-010,G-043|P-010,0.0000,345.5749,BBOX_CLEAR
PAIR-005584,G-043,P-011,G-043|P-011,0.0000,311.4424,BBOX_CLEAR
PAIR-005585,G-043,P-012,G-043|P-012,0.0000,363.0418,BBOX_CLEAR
PAIR-005586,G-043,P-013,G-043|P-013,0.0000,338.3413,BBOX_CLEAR
PAIR-005587,G-043,P-014,G-043|P-014,0.0000,330.0529,BBOX_CLEAR
PAIR-005588,G-043,P-015,G-043|P-015,0.0000,222.0472,BBOX_CLEAR
PAIR-005589,G-043,P-016,G-043|P-016,0.0000,228.8745,BBOX_CLEAR
PAIR-005590,G-043,P-017,G-043|P-017,0.0000,219.0080,BBOX_CLEAR
PAIR-005591,G-044,G-045,G-044|G-045,0.0000,10.5787,BBOX_CLEAR
PAIR-005592,G-044,G-046,G-044|G-046,0.0000,692.7689,BBOX_CLEAR
PAIR-005593,G-044,G-047,G-044|G-047,0.0000,652.5922,BBOX_CLEAR
PAIR-005594,G-044,G-048,G-044|G-048,0.0000,627.8770,BBOX_CLEAR
PAIR-005595,G-044,G-049,G-044|G-049,0.0000,608.6144,BBOX_CLEAR
PAIR-005596,G-044,G-050,G-044|G-050,0.0000,599.0816,BBOX_CLEAR
PAIR-005597,G-044,G-051,G-044|G-051,0.0000,579.8241,BBOX_CLEAR
PAIR-005598,G-044,G-052,G-044|G-052,0.0000,570.2941,BBOX_CLEAR
PAIR-005599,G-044,G-053,G-044|G-053,0.0000,544.5489,BBOX_CLEAR
PAIR-005600,G-044,G-054,G-044|G-054,0.0000,535.0229,BBOX_CLEAR
PAIR-005601,G-044,G-055,G-044|G-055,0.0000,515.7805,BBOX_CLEAR
PAIR-005602,G-044,G-056,G-044|G-056,0.0000,496.5436,BBOX_CLEAR
PAIR-005603,G-044,G-057,G-044|G-057,0.0000,482.6736,BBOX_CLEAR
PAIR-005604,G-044,G-058,G-044|G-058,0.0000,912.7298,BBOX_CLEAR
PAIR-005605,G-044,G-059,G-044|G-059,0.0000,896.7420,BBOX_CLEAR
PAIR-005606,G-044,G-060,G-044|G-060,0.0000,1018.6773,BBOX_CLEAR
PAIR-005607,G-044,G-061,G-044|G-061,0.0000,1002.3748,BBOX_CLEAR
PAIR-005608,G-044,G-062,G-044|G-062,0.0000,1120.2538,BBOX_CLEAR
PAIR-005609,G-044,G-063,G-044|G-063,0.0000,1104.1895,BBOX_CLEAR
PAIR-005610,G-044,G-064,G-044|G-064,0.0000,101.8118,BBOX_CLEAR
PAIR-005611,G-044,G-065,G-044|G-065,0.0000,106.4685,BBOX_CLEAR
PAIR-005612,G-044,G-066,G-044|G-066,0.0000,419.5418,BBOX_CLEAR
PAIR-005613,G-044,G-067,G-044|G-067,0.0000,378.1533,BBOX_CLEAR
PAIR-005614,G-044,G-068,G-044|G-068,0.0000,346.7537,BBOX_CLEAR
PAIR-005615,G-044,G-069,G-044|G-069,0.0000,1166.4591,BBOX_CLEAR
PAIR-005616,G-044,G-070,G-044|G-070,0.0000,1157.7563,BBOX_CLEAR
PAIR-005617,G-044,G-071,G-044|G-071,0.0000,1112.9368,BBOX_CLEAR
PAIR-005618,G-044,G-072,G-044|G-072,0.0000,1085.7267,BBOX_CLEAR
PAIR-005619,G-044,G-073,G-044|G-073,0.0000,1077.5841,BBOX_CLEAR
PAIR-005620,G-044,G-074,G-044|G-074,0.0000,1032.7274,BBOX_CLEAR
PAIR-005621,G-044,G-075,G-044|G-075,0.0000,1005.8050,BBOX_CLEAR
PAIR-005622,G-044,G-076,G-044|G-076,0.0000,998.2481,BBOX_CLEAR
PAIR-005623,G-044,G-077,G-044|G-077,0.0000,887.0961,BBOX_CLEAR
PAIR-005624,G-044,G-078,G-044|G-078,0.0000,872.3516,BBOX_CLEAR
PAIR-005625,G-044,G-079,G-044|G-079,0.0000,850.5302,BBOX_CLEAR
PAIR-005626,G-044,G-080,G-044|G-080,0.0000,844.7551,BBOX_CLEAR
PAIR-005627,G-044,G-081,G-044|G-081,0.0000,826.0306,BBOX_CLEAR
PAIR-005628,G-044,G-082,G-044|G-082,0.0000,798.9099,BBOX_CLEAR
PAIR-005629,G-044,G-083,G-044|G-083,0.0000,793.8789,BBOX_CLEAR
PAIR-005630,G-044,G-084,G-044|G-084,0.0000,770.4494,BBOX_CLEAR
PAIR-005631,G-044,G-085,G-044|G-085,0.0000,735.7354,BBOX_CLEAR
PAIR-005632,G-044,G-086,G-044|G-086,0.0000,705.9831,BBOX_CLEAR
PAIR-005633,G-044,G-087,G-044|G-087,0.0000,689.9204,BBOX_CLEAR
PAIR-005634,G-044,G-088,G-044|G-088,0.0000,703.4376,BBOX_CLEAR
PAIR-005635,G-044,G-089,G-044|G-089,0.0000,678.2174,BBOX_CLEAR
PAIR-005636,G-044,G-090,G-044|G-090,0.0000,661.0224,BBOX_CLEAR
PAIR-005637,G-044,G-091,G-044|G-091,0.0000,630.1613,BBOX_CLEAR
PAIR-005638,G-044,G-092,G-044|G-092,0.0000,604.2030,BBOX_CLEAR
PAIR-005639,G-044,G-093,G-044|G-093,0.0000,588.6129,BBOX_CLEAR
PAIR-005640,G-044,G-094,G-044|G-094,0.0000,604.4434,BBOX_CLEAR
PAIR-005641,G-044,G-095,G-044|G-095,0.0000,578.6770,BBOX_CLEAR
PAIR-005642,G-044,G-096,G-044|G-096,0.0000,563.6083,BBOX_CLEAR
PAIR-005643,G-044,G-097,G-044|G-097,0.0000,555.3187,BBOX_CLEAR
PAIR-005644,G-044,G-098,G-044|G-098,0.0000,540.7538,BBOX_CLEAR
PAIR-005645,G-044,G-099,G-044|G-099,0.0000,525.4780,BBOX_CLEAR
PAIR-005646,G-044,G-100,G-044|G-100,0.0000,1305.8788,BBOX_CLEAR
PAIR-005647,G-044,G-101,G-044|G-101,0.0000,1283.0796,BBOX_CLEAR
PAIR-005648,G-044,G-102,G-044|G-102,0.0000,1272.3640,BBOX_CLEAR
PAIR-005649,G-044,G-103,G-044|G-103,0.0000,1253.1785,BBOX_CLEAR
PAIR-005650,G-044,G-104,G-044|G-104,0.0000,1175.5263,BBOX_CLEAR
PAIR-005651,G-044,G-105,G-044|G-105,0.0000,1137.2970,BBOX_CLEAR
PAIR-005652,G-044,G-106,G-044|G-106,0.0000,1099.3059,BBOX_CLEAR
PAIR-005653,G-044,G-107,G-044|G-107,0.0000,1061.5783,BBOX_CLEAR
PAIR-005654,G-044,G-108,G-044|G-108,0.0000,1024.1436,BBOX_CLEAR
PAIR-005655,G-044,G-109,G-044|G-109,0.0000,987.0349,BBOX_CLEAR
PAIR-005656,G-044,G-110,G-044|G-110,0.0000,950.2905,BBOX_CLEAR
PAIR-005657,G-044,G-111,G-044|G-111,0.0000,913.9544,BBOX_CLEAR
PAIR-005658,G-044,G-112,G-044|G-112,0.0000,878.0771,BBOX_CLEAR
PAIR-005659,G-044,G-113,G-044|G-113,0.0000,842.7174,BBOX_CLEAR
PAIR-005660,G-044,G-114,G-044|G-114,0.0000,807.9431,BBOX_CLEAR
PAIR-005661,G-044,G-115,G-044|G-115,0.0000,773.8333,BBOX_CLEAR
PAIR-005662,G-044,G-116,G-044|G-116,0.0000,740.4797,BBOX_CLEAR
PAIR-005663,G-044,G-117,G-044|G-117,0.0000,707.9891,BBOX_CLEAR
PAIR-005664,G-044,G-118,G-044|G-118,0.0000,676.4861,BBOX_CLEAR
PAIR-005665,G-044,G-119,G-044|G-119,0.0000,646.1150,BBOX_CLEAR
PAIR-005666,G-044,G-120,G-044|G-120,0.0000,617.0430,BBOX_CLEAR
PAIR-005667,G-044,G-121,G-044|G-121,0.0000,589.4624,BBOX_CLEAR
PAIR-005668,G-044,G-122,G-044|G-122,0.0000,563.5921,BBOX_CLEAR
PAIR-005669,G-044,G-123,G-044|G-123,0.0000,539.6782,BBOX_CLEAR
PAIR-005670,G-044,G-124,G-044|G-124,0.0000,517.9916,BBOX_CLEAR
PAIR-005671,G-044,G-125,G-044|G-125,0.0000,498.8231,BBOX_CLEAR
PAIR-005672,G-044,G-126,G-044|G-126,0.0000,482.4727,BBOX_CLEAR
PAIR-005673,G-044,G-127,G-044|G-127,0.0000,469.2353,BBOX_CLEAR
PAIR-005674,G-044,G-128,G-044|G-128,0.0000,459.3799,BBOX_CLEAR
PAIR-005675,G-044,G-129,G-044|G-129,0.0000,453.1273,BBOX_CLEAR
PAIR-005676,G-044,G-130,G-044|G-130,0.0000,450.6275,BBOX_CLEAR
PAIR-005677,G-044,G-131,G-044|G-131,0.0000,450.5812,BBOX_CLEAR
PAIR-005678,G-044,G-132,G-044|G-132,0.0000,450.6157,BBOX_CLEAR
PAIR-005679,G-044,G-133,G-044|G-133,0.0000,453.0344,BBOX_CLEAR
PAIR-005680,G-044,G-134,G-044|G-134,0.0000,459.2083,BBOX_CLEAR
PAIR-005681,G-044,G-135,G-044|G-135,0.0000,468.9890,BBOX_CLEAR
PAIR-005682,G-044,P-001,G-044|P-001,0.0000,148.2148,BBOX_CLEAR
PAIR-005683,G-044,P-002,G-044|P-002,0.0000,139.9940,BBOX_CLEAR
PAIR-005684,G-044,P-003,G-044|P-003,0.0000,734.7867,BBOX_CLEAR
PAIR-005685,G-044,P-004,G-044|P-004,0.0000,752.3720,BBOX_CLEAR
PAIR-005686,G-044,P-005,G-044|P-005,0.0000,558.4599,BBOX_CLEAR
PAIR-005687,G-044,P-006,G-044|P-006,0.0000,450.3643,BBOX_CLEAR
PAIR-005688,G-044,P-007,G-044|P-007,0.0000,379.2600,BBOX_CLEAR
PAIR-005689,G-044,P-008,G-044|P-008,0.0000,440.0744,BBOX_CLEAR
PAIR-005690,G-044,P-009,G-044|P-009,0.0000,375.4555,BBOX_CLEAR
PAIR-005691,G-044,P-010,G-044|P-010,0.0000,371.0414,BBOX_CLEAR
PAIR-005692,G-044,P-011,G-044|P-011,0.0000,338.9774,BBOX_CLEAR
PAIR-005693,G-044,P-012,G-044|P-012,0.0000,390.5768,BBOX_CLEAR
PAIR-005694,G-044,P-013,G-044|P-013,0.0000,364.3937,BBOX_CLEAR
PAIR-005695,G-044,P-014,G-044|P-014,0.0000,356.0599,BBOX_CLEAR
PAIR-005696,G-044,P-015,G-044|P-015,0.0000,247.3417,BBOX_CLEAR
PAIR-005697,G-044,P-016,G-044|P-016,0.0000,251.5075,BBOX_CLEAR
PAIR-005698,G-044,P-017,G-044|P-017,0.0000,246.5430,BBOX_CLEAR
PAIR-005699,G-045,G-046,G-045|G-046,0.0000,732.7485,BBOX_CLEAR
PAIR-005700,G-045,G-047,G-045|G-047,0.0000,692.5618,BBOX_CLEAR
PAIR-005701,G-045,G-048,G-045|G-048,0.0000,667.8395,BBOX_CLEAR
PAIR-005702,G-045,G-049,G-045|G-049,0.0000,648.5706,BBOX_CLEAR
PAIR-005703,G-045,G-050,G-045|G-050,0.0000,639.0345,BBOX_CLEAR
PAIR-005704,G-045,G-051,G-045|G-051,0.0000,619.7700,BBOX_CLEAR
PAIR-005705,G-045,G-052,G-045|G-052,0.0000,610.2362,BBOX_CLEAR
PAIR-005706,G-045,G-053,G-045|G-053,0.0000,584.4798,BBOX_CLEAR
PAIR-005707,G-045,G-054,G-045|G-054,0.0000,574.9493,BBOX_CLEAR
PAIR-005708,G-045,G-055,G-045|G-055,0.0000,555.6969,BBOX_CLEAR
PAIR-005709,G-045,G-056,G-045|G-056,0.0000,536.4490,BBOX_CLEAR
PAIR-005710,G-045,G-057,G-045|G-057,0.0000,522.5703,BBOX_CLEAR
PAIR-005711,G-045,G-058,G-045|G-058,0.0000,952.7438,BBOX_CLEAR
PAIR-005712,G-045,G-059,G-045|G-059,0.0000,936.7101,BBOX_CLEAR
PAIR-005713,G-045,G-060,G-045|G-060,0.0000,1058.7206,BBOX_CLEAR
PAIR-005714,G-045,G-061,G-045|G-061,0.0000,1042.3915,BBOX_CLEAR
PAIR-005715,G-045,G-062,G-045|G-062,0.0000,1160.2714,BBOX_CLEAR
PAIR-005716,G-045,G-063,G-045|G-063,0.0000,1144.1722,BBOX_CLEAR
PAIR-005717,G-045,G-064,G-045|G-064,0.0000,125.9451,BBOX_CLEAR
PAIR-005718,G-045,G-065,G-045|G-065,0.0000,123.7275,BBOX_CLEAR
PAIR-005719,G-045,G-066,G-045|G-066,0.0000,454.7933,BBOX_CLEAR
PAIR-005720,G-045,G-067,G-045|G-067,0.0000,412.3251,BBOX_CLEAR
PAIR-005721,G-045,G-068,G-045|G-068,0.0000,379.7239,BBOX_CLEAR
PAIR-005722,G-045,G-069,G-045|G-069,0.0000,1204.5035,BBOX_CLEAR
PAIR-005723,G-045,G-070,G-045|G-070,0.0000,1195.5751,BBOX_CLEAR
PAIR-005724,G-045,G-071,G-045|G-071,0.0000,1150.7799,BBOX_CLEAR
PAIR-005725,G-045,G-072,G-045|G-072,0.0000,1123.4554,BBOX_CLEAR
PAIR-005726,G-045,G-073,G-045|G-073,0.0000,1115.0503,BBOX_CLEAR
PAIR-005727,G-045,G-074,G-045|G-074,0.0000,1070.2061,BBOX_CLEAR
PAIR-005728,G-045,G-075,G-045|G-075,0.0000,1043.1407,BBOX_CLEAR
PAIR-005729,G-045,G-076,G-045|G-076,0.0000,1035.2749,BBOX_CLEAR
PAIR-005730,G-045,G-077,G-045|G-077,0.0000,923.5418,BBOX_CLEAR
PAIR-005731,G-045,G-078,G-045|G-078,0.0000,908.6697,BBOX_CLEAR
PAIR-005732,G-045,G-079,G-045|G-079,0.0000,886.6464,BBOX_CLEAR
PAIR-005733,G-045,G-080,G-045|G-080,0.0000,880.4260,BBOX_CLEAR
PAIR-005734,G-045,G-081,G-045|G-081,0.0000,861.8996,BBOX_CLEAR
PAIR-005735,G-045,G-082,G-045|G-082,0.0000,834.4761,BBOX_CLEAR
PAIR-005736,G-045,G-083,G-045|G-083,0.0000,828.9377,BBOX_CLEAR
PAIR-005737,G-045,G-084,G-045|G-084,0.0000,805.6599,BBOX_CLEAR
PAIR-005738,G-045,G-085,G-045|G-085,0.0000,770.4494,BBOX_CLEAR
PAIR-005739,G-045,G-086,G-045|G-086,0.0000,740.2055,BBOX_CLEAR
PAIR-005740,G-045,G-087,G-045|G-087,0.0000,724.0529,BBOX_CLEAR
PAIR-005741,G-045,G-088,G-045|G-088,0.0000,736.9622,BBOX_CLEAR
PAIR-005742,G-045,G-089,G-045|G-089,0.0000,711.9139,BBOX_CLEAR
PAIR-005743,G-045,G-090,G-045|G-090,0.0000,694.3549,BBOX_CLEAR
PAIR-005744,G-045,G-091,G-045|G-091,0.0000,662.7516,BBOX_CLEAR
PAIR-005745,G-045,G-092,G-045|G-092,0.0000,636.0624,BBOX_CLEAR
PAIR-005746,G-045,G-093,G-045|G-093,0.0000,620.2821,BBOX_CLEAR
PAIR-005747,G-045,G-094,G-045|G-094,0.0000,635.3481,BBOX_CLEAR
PAIR-005748,G-045,G-095,G-045|G-095,0.0000,609.6983,BBOX_CLEAR
PAIR-005749,G-045,G-096,G-045|G-096,0.0000,594.0672,BBOX_CLEAR
PAIR-005750,G-045,G-097,G-045|G-097,0.0000,585.4433,BBOX_CLEAR
PAIR-005751,G-045,G-098,G-045|G-098,0.0000,570.2424,BBOX_CLEAR
PAIR-005752,G-045,G-099,G-045|G-099,0.0000,554.2229,BBOX_CLEAR
PAIR-005753,G-045,G-100,G-045|G-100,0.0000,1343.7118,BBOX_CLEAR
PAIR-005754,G-045,G-101,G-045|G-101,0.0000,1320.6466,BBOX_CLEAR
PAIR-005755,G-045,G-102,G-045|G-102,0.0000,1309.8878,BBOX_CLEAR
PAIR-005756,G-045,G-103,G-045|G-103,0.0000,1290.6224,BBOX_CLEAR
PAIR-005757,G-045,G-104,G-045|G-104,0.0000,1212.6252,BBOX_CLEAR
PAIR-005758,G-045,G-105,G-045|G-105,0.0000,1174.1875,BBOX_CLEAR
PAIR-005759,G-045,G-106,G-045|G-106,0.0000,1135.9662,BBOX_CLEAR
PAIR-005760,G-045,G-107,G-045|G-107,0.0000,1097.9838,BBOX_CLEAR
PAIR-005761,G-045,G-108,G-045|G-108,0.0000,1060.2660,BBOX_CLEAR
PAIR-005762,G-045,G-109,G-045|G-109,0.0000,1022.8421,BBOX_CLEAR
PAIR-005763,G-045,G-110,G-045|G-110,0.0000,985.7454,BBOX_CLEAR
PAIR-005764,G-045,G-111,G-045|G-111,0.0000,949.0145,BBOX_CLEAR
PAIR-005765,G-045,G-112,G-045|G-112,0.0000,912.6935,BBOX_CLEAR
PAIR-005766,G-045,G-113,G-045|G-113,0.0000,876.8333,BBOX_CLEAR
PAIR-005767,G-045,G-114,G-045|G-114,0.0000,841.4928,BBOX_CLEAR
PAIR-005768,G-045,G-115,G-045|G-115,0.0000,806.7403,BBOX_CLEAR
PAIR-005769,G-045,G-116,G-045|G-116,0.0000,772.6553,BBOX_CLEAR
PAIR-005770,G-045,G-117,G-045|G-117,0.0000,739.3299,BBOX_CLEAR
PAIR-005771,G-045,G-118,G-045|G-118,0.0000,706.8716,BBOX_CLEAR
PAIR-005772,G-045,G-119,G-045|G-119,0.0000,675.4055,BBOX_CLEAR
PAIR-005773,G-045,G-120,G-045|G-120,0.0000,645.0769,BBOX_CLEAR
PAIR-005774,G-045,G-121,G-045|G-121,0.0000,616.0536,BBOX_CLEAR
PAIR-005775,G-045,G-122,G-045|G-122,0.0000,588.5288,BBOX_CLEAR
PAIR-005776,G-045,G-123,G-045|G-123,0.0000,562.7225,BBOX_CLEAR
PAIR-005777,G-045,G-124,G-045|G-124,0.0000,538.8817,BBOX_CLEAR
PAIR-005778,G-045,G-125,G-045|G-125,0.0000,517.2781,BBOX_CLEAR
PAIR-005779,G-045,G-126,G-045|G-126,0.0000,498.2029,BBOX_CLEAR
PAIR-005780,G-045,G-127,G-045|G-127,0.0000,481.9564,BBOX_CLEAR
PAIR-005781,G-045,G-128,G-045|G-128,0.0000,468.8327,BBOX_CLEAR
PAIR-005782,G-045,G-129,G-045|G-129,0.0000,459.0997,BBOX_CLEAR
PAIR-005783,G-045,G-130,G-045|G-130,0.0000,452.9761,BBOX_CLEAR
PAIR-005784,G-045,G-131,G-045|G-131,0.0000,450.6090,BBOX_CLEAR
PAIR-005785,G-045,G-132,G-045|G-132,0.0000,450.5812,BBOX_CLEAR
PAIR-005786,G-045,G-133,G-045|G-133,0.0000,450.8098,BBOX_CLEAR
PAIR-005787,G-045,G-134,G-045|G-134,0.0000,454.0312,BBOX_CLEAR
PAIR-005788,G-045,G-135,G-045|G-135,0.0000,460.9831,BBOX_CLEAR
PAIR-005789,G-045,P-001,G-045|P-001,0.0000,158.9063,BBOX_CLEAR
PAIR-005790,G-045,P-002,G-045|P-002,0.0000,148.8517,BBOX_CLEAR
PAIR-005791,G-045,P-003,G-045|P-003,0.0000,774.8481,BBOX_CLEAR
PAIR-005792,G-045,P-004,G-045|P-004,0.0000,791.1775,BBOX_CLEAR
PAIR-005793,G-045,P-005,G-045|P-005,0.0000,598.4250,BBOX_CLEAR
PAIR-005794,G-045,P-006,G-045|P-006,0.0000,490.4258,BBOX_CLEAR
PAIR-005795,G-045,P-007,G-045|P-007,0.0000,419.3215,BBOX_CLEAR
PAIR-005796,G-045,P-008,G-045|P-008,0.0000,480.1292,BBOX_CLEAR
PAIR-005797,G-045,P-009,G-045|P-009,0.0000,415.5169,BBOX_CLEAR
PAIR-005798,G-045,P-010,G-045|P-010,0.0000,410.9688,BBOX_CLEAR
PAIR-005799,G-045,P-011,G-045|P-011,0.0000,379.0389,BBOX_CLEAR
PAIR-005800,G-045,P-012,G-045|P-012,0.0000,430.6383,BBOX_CLEAR
PAIR-005801,G-045,P-013,G-045|P-013,0.0000,399.0167,BBOX_CLEAR
PAIR-005802,G-045,P-014,G-045|P-014,0.0000,390.6207,BBOX_CLEAR
PAIR-005803,G-045,P-015,G-045|P-015,0.0000,287.2918,BBOX_CLEAR
PAIR-005804,G-045,P-016,G-045|P-016,0.0000,290.8860,BBOX_CLEAR
PAIR-005805,G-045,P-017,G-045|P-017,0.0000,286.6045,BBOX_CLEAR
PAIR-005806,G-046,G-047,G-046|G-047,0.0000,12.1744,BBOX_CLEAR
PAIR-005807,G-046,G-048,G-046|G-048,0.0000,51.1166,BBOX_CLEAR
PAIR-005808,G-046,G-049,G-046|G-049,0.0000,65.0468,BBOX_CLEAR
PAIR-005809,G-046,G-050,G-046|G-050,0.0000,84.3619,BBOX_CLEAR
PAIR-005810,G-046,G-051,G-046|G-051,0.0000,93.9219,BBOX_CLEAR
PAIR-005811,G-046,G-052,G-046|G-052,0.0000,113.2370,BBOX_CLEAR
PAIR-005812,G-046,G-053,G-046|G-053,0.0000,129.3134,BBOX_CLEAR
PAIR-005813,G-046,G-054,G-046|G-054,0.0000,148.6285,BBOX_CLEAR
PAIR-005814,G-046,G-055,G-046|G-055,0.0000,158.1885,BBOX_CLEAR
PAIR-005815,G-046,G-056,G-046|G-056,0.0000,177.5036,BBOX_CLEAR
PAIR-005816,G-046,G-057,G-046|G-057,0.0000,196.8187,BBOX_CLEAR
PAIR-005817,G-046,G-058,G-046|G-058,0.0000,198.1248,BBOX_CLEAR
PAIR-005818,G-046,G-059,G-046|G-059,0.0000,181.0851,BBOX_CLEAR
PAIR-005819,G-046,G-060,G-046|G-060,0.0000,304.7248,BBOX_CLEAR
PAIR-005820,G-046,G-061,G-046|G-061,0.0000,287.7356,BBOX_CLEAR
PAIR-005821,G-046,G-062,G-046|G-062,0.0000,405.5081,BBOX_CLEAR
PAIR-005822,G-046,G-063,G-046|G-063,0.0000,388.4643,BBOX_CLEAR
PAIR-005823,G-046,G-064,G-046|G-064,0.0000,619.5173,BBOX_CLEAR
PAIR-005824,G-046,G-065,G-046|G-065,0.0000,642.9469,BBOX_CLEAR
PAIR-005825,G-046,G-066,G-046|G-066,0.0000,324.6812,BBOX_CLEAR
PAIR-005826,G-046,G-067,G-046|G-067,0.0000,357.2743,BBOX_CLEAR
PAIR-005827,G-046,G-068,G-046|G-068,0.0000,393.4027,BBOX_CLEAR
PAIR-005828,G-046,G-069,G-046|G-069,0.0000,485.9698,BBOX_CLEAR
PAIR-005829,G-046,G-070,G-046|G-070,0.0000,484.2638,BBOX_CLEAR
PAIR-005830,G-046,G-071,G-046|G-071,0.0000,441.5355,BBOX_CLEAR
PAIR-005831,G-046,G-072,G-046|G-072,0.0000,419.9770,BBOX_CLEAR
PAIR-005832,G-046,G-073,G-046|G-073,0.0000,421.0755,BBOX_CLEAR
PAIR-005833,G-046,G-074,G-046|G-074,0.0000,380.6065,BBOX_CLEAR
PAIR-005834,G-046,G-075,G-046|G-075,0.0000,362.2598,BBOX_CLEAR
PAIR-005835,G-046,G-076,G-046|G-076,0.0000,367.0106,BBOX_CLEAR
PAIR-005836,G-046,G-077,G-046|G-077,0.0000,304.8607,BBOX_CLEAR
PAIR-005837,G-046,G-078,G-046|G-078,0.0000,300.4452,BBOX_CLEAR
PAIR-005838,G-046,G-079,G-046|G-079,0.0000,295.4255,BBOX_CLEAR
PAIR-005839,G-046,G-080,G-046|G-080,0.0000,309.9242,BBOX_CLEAR
PAIR-005840,G-046,G-081,G-046|G-081,0.0000,292.0814,BBOX_CLEAR
PAIR-005841,G-046,G-082,G-046|G-082,0.0000,291.2413,BBOX_CLEAR
PAIR-005842,G-046,G-083,G-046|G-083,0.0000,307.9925,BBOX_CLEAR
PAIR-005843,G-046,G-084,G-046|G-084,0.0000,291.2543,BBOX_CLEAR
PAIR-005844,G-046,G-085,G-046|G-085,0.0000,292.7066,BBOX_CLEAR
PAIR-005845,G-046,G-086,G-046|G-086,0.0000,299.3845,BBOX_CLEAR
PAIR-005846,G-046,G-087,G-046|G-087,0.0000,300.5396,BBOX_CLEAR
PAIR-005847,G-046,G-088,G-046|G-088,0.0000,323.4508,BBOX_CLEAR
PAIR-005848,G-046,G-089,G-046|G-089,0.0000,311.4909,BBOX_CLEAR
PAIR-005849,G-046,G-090,G-046|G-090,0.0000,317.5950,BBOX_CLEAR
PAIR-005850,G-046,G-091,G-046|G-091,0.0000,330.3535,BBOX_CLEAR
PAIR-005851,G-046,G-092,G-046|G-092,0.0000,349.8749,BBOX_CLEAR
PAIR-005852,G-046,G-093,G-046|G-093,0.0000,359.5059,BBOX_CLEAR
PAIR-005853,G-046,G-094,G-046|G-094,0.0000,378.8305,BBOX_CLEAR
PAIR-005854,G-046,G-095,G-046|G-095,0.0000,374.2315,BBOX_CLEAR
PAIR-005855,G-046,G-096,G-046|G-096,0.0000,384.6064,BBOX_CLEAR
PAIR-005856,G-046,G-097,G-046|G-097,0.0000,397.9653,BBOX_CLEAR
PAIR-005857,G-046,G-098,G-046|G-098,0.0000,405.6737,BBOX_CLEAR
PAIR-005858,G-046,G-099,G-046|G-099,0.0000,419.8502,BBOX_CLEAR
PAIR-005859,G-046,G-100,G-046|G-100,0.0000,625.4483,BBOX_CLEAR
PAIR-005860,G-046,G-101,G-046|G-101,0.0000,610.4165,BBOX_CLEAR
PAIR-005861,G-046,G-102,G-046|G-102,0.0000,601.3100,BBOX_CLEAR
PAIR-005862,G-046,G-103,G-046|G-103,0.0000,585.1846,BBOX_CLEAR
PAIR-005863,G-046,G-104,G-046|G-104,0.0000,522.0914,BBOX_CLEAR
PAIR-005864,G-046,G-105,G-046|G-105,0.0000,493.3519,BBOX_CLEAR
PAIR-005865,G-046,G-106,G-046|G-106,0.0000,466.5396,BBOX_CLEAR
PAIR-005866,G-046,G-107,G-046|G-107,0.0000,442.0051,BBOX_CLEAR
PAIR-005867,G-046,G-108,G-046|G-108,0.0000,420.1478,BBOX_CLEAR
PAIR-005868,G-046,G-109,G-046|G-109,0.0000,401.4053,BBOX_CLEAR
PAIR-005869,G-046,G-110,G-046|G-110,0.0000,386.2312,BBOX_CLEAR
PAIR-005870,G-046,G-111,G-046|G-111,0.0000,375.0590,BBOX_CLEAR
PAIR-005871,G-046,G-112,G-046|G-112,0.0000,368.2530,BBOX_CLEAR
PAIR-005872,G-046,G-113,G-046|G-113,0.0000,366.0544,BBOX_CLEAR
PAIR-005873,G-046,G-114,G-046|G-114,0.0000,366.0544,BBOX_CLEAR
PAIR-005874,G-046,G-115,G-046|G-115,0.0000,366.6358,BBOX_CLEAR
PAIR-005875,G-046,G-116,G-046|G-116,0.0000,371.2931,BBOX_CLEAR
PAIR-005876,G-046,G-117,G-046|G-117,0.0000,380.4492,BBOX_CLEAR
PAIR-005877,G-046,G-118,G-046|G-118,0.0000,393.7905,BBOX_CLEAR
PAIR-005878,G-046,G-119,G-046|G-119,0.0000,410.9095,BBOX_CLEAR
PAIR-005879,G-046,G-120,G-046|G-120,0.0000,431.3568,BBOX_CLEAR
PAIR-005880,G-046,G-121,G-046|G-121,0.0000,454.6834,BBOX_CLEAR
PAIR-005881,G-046,G-122,G-046|G-122,0.0000,480.4703,BBOX_CLEAR
PAIR-005882,G-046,G-123,G-046|G-123,0.0000,508.3431,BBOX_CLEAR
PAIR-005883,G-046,G-124,G-046|G-124,0.0000,537.9778,BBOX_CLEAR
PAIR-005884,G-046,G-125,G-046|G-125,0.0000,569.0991,BBOX_CLEAR
PAIR-005885,G-046,G-126,G-046|G-126,0.0000,601.4763,BBOX_CLEAR
PAIR-005886,G-046,G-127,G-046|G-127,0.0000,634.9174,BBOX_CLEAR
PAIR-005887,G-046,G-128,G-046|G-128,0.0000,669.2629,BBOX_CLEAR
PAIR-005888,G-046,G-129,G-046|G-129,0.0000,704.3804,BBOX_CLEAR
PAIR-005889,G-046,G-130,G-046|G-130,0.0000,740.1602,BBOX_CLEAR
PAIR-005890,G-046,G-131,G-046|G-131,0.0000,776.5107,BBOX_CLEAR
PAIR-005891,G-046,G-132,G-046|G-132,0.0000,813.3553,BBOX_CLEAR
PAIR-005892,G-046,G-133,G-046|G-133,0.0000,850.6298,BBOX_CLEAR
PAIR-005893,G-046,G-134,G-046|G-134,0.0000,888.2802,BBOX_CLEAR
PAIR-005894,G-046,G-135,G-046|G-135,0.0000,926.2606,BBOX_CLEAR
PAIR-005895,G-046,P-001,G-046|P-001,0.0000,62.1998,BBOX_CLEAR
PAIR-005896,G-046,P-002,G-046|P-002,0.0000,667.1597,BBOX_CLEAR
PAIR-005897,G-046,P-003,G-046|P-003,0.0000,21.3115,BBOX_CLEAR
PAIR-005898,G-046,P-004,G-046|P-004,0.0000,275.7294,BBOX_CLEAR
PAIR-005899,G-046,P-005,G-046|P-005,866.3487,0.0000,BBOX_INTERSECTION
PAIR-005900,G-046,P-006,G-046|P-006,866.3487,0.0000,BBOX_INTERSECTION
PAIR-005901,G-046,P-007,G-046|P-007,866.3487,0.0000,BBOX_INTERSECTION
PAIR-005902,G-046,P-008,G-046|P-008,0.0000,231.1037,BBOX_CLEAR
PAIR-005903,G-046,P-009,G-046|P-009,0.0000,242.3822,BBOX_CLEAR
PAIR-005904,G-046,P-010,G-046|P-010,0.0000,331.6850,BBOX_CLEAR
PAIR-005905,G-046,P-011,G-046|P-011,0.0000,129.5044,BBOX_CLEAR
PAIR-005906,G-046,P-012,G-046|P-012,0.0000,267.4608,BBOX_CLEAR
PAIR-005907,G-046,P-013,G-046|P-013,0.0000,335.5254,BBOX_CLEAR
PAIR-005908,G-046,P-014,G-046|P-014,0.0000,392.7442,BBOX_CLEAR
PAIR-005909,G-046,P-015,G-046|P-015,0.0000,117.7441,BBOX_CLEAR
PAIR-005910,G-046,P-016,G-046|P-016,0.0000,352.4533,BBOX_CLEAR
PAIR-005911,G-046,P-017,G-046|P-017,0.0000,276.5075,BBOX_CLEAR
PAIR-005912,G-047,G-048,G-047|G-048,0.0000,10.8476,BBOX_CLEAR
PAIR-005913,G-047,G-049,G-047|G-049,0.0000,24.7778,BBOX_CLEAR
PAIR-005914,G-047,G-050,G-047|G-050,0.0000,44.0929,BBOX_CLEAR
PAIR-005915,G-047,G-051,G-047|G-051,0.0000,53.6529,BBOX_CLEAR
PAIR-005916,G-047,G-052,G-047|G-052,0.0000,72.9680,BBOX_CLEAR
PAIR-005917,G-047,G-053,G-047|G-053,0.0000,89.0444,BBOX_CLEAR
PAIR-005918,G-047,G-054,G-047|G-054,0.0000,108.3595,BBOX_CLEAR
PAIR-005919,G-047,G-055,G-047|G-055,0.0000,117.9195,BBOX_CLEAR
PAIR-005920,G-047,G-056,G-047|G-056,0.0000,137.2346,BBOX_CLEAR
PAIR-005921,G-047,G-057,G-047|G-057,0.0000,156.5497,BBOX_CLEAR
PAIR-005922,G-047,G-058,G-047|G-058,0.0000,232.5017,BBOX_CLEAR
PAIR-005923,G-047,G-059,G-047|G-059,0.0000,215.4620,BBOX_CLEAR
PAIR-005924,G-047,G-060,G-047|G-060,0.0000,339.1017,BBOX_CLEAR
PAIR-005925,G-047,G-061,G-047|G-061,0.0000,322.1125,BBOX_CLEAR
PAIR-005926,G-047,G-062,G-047|G-062,0.0000,439.8850,BBOX_CLEAR
PAIR-005927,G-047,G-063,G-047|G-063,0.0000,422.8412,BBOX_CLEAR
PAIR-005928,G-047,G-064,G-047|G-064,0.0000,579.2496,BBOX_CLEAR
PAIR-005929,G-047,G-065,G-047|G-065,0.0000,602.6943,BBOX_CLEAR
PAIR-005930,G-047,G-066,G-047|G-066,0.0000,287.8153,BBOX_CLEAR
PAIR-005931,G-047,G-067,G-047|G-067,0.0000,319.6988,BBOX_CLEAR
PAIR-005932,G-047,G-068,G-047|G-068,0.0000,355.3200,BBOX_CLEAR
PAIR-005933,G-047,G-069,G-047|G-069,0.0000,514.1204,BBOX_CLEAR
PAIR-005934,G-047,G-070,G-047|G-070,0.0000,511.5010,BBOX_CLEAR
PAIR-005935,G-047,G-071,G-047|G-071,0.0000,468.2034,BBOX_CLEAR
PAIR-005936,G-047,G-072,G-047|G-072,0.0000,445.7060,BBOX_CLEAR
PAIR-005937,G-047,G-073,G-047|G-073,0.0000,445.5873,BBOX_CLEAR
PAIR-005938,G-047,G-074,G-047|G-074,0.0000,404.0338,BBOX_CLEAR
PAIR-005939,G-047,G-075,G-047|G-075,0.0000,384.2220,BBOX_CLEAR
PAIR-005940,G-047,G-076,G-047|G-076,0.0000,387.3733,BBOX_CLEAR
PAIR-005941,G-047,G-077,G-047|G-077,0.0000,316.7282,BBOX_CLEAR
PAIR-005942,G-047,G-078,G-047|G-078,0.0000,310.6813,BBOX_CLEAR
PAIR-005943,G-047,G-079,G-047|G-079,0.0000,303.0914,BBOX_CLEAR
PAIR-005944,G-047,G-080,G-047|G-080,0.0000,315.6107,BBOX_CLEAR
PAIR-005945,G-047,G-081,G-047|G-081,0.0000,296.6737,BBOX_CLEAR
PAIR-005946,G-047,G-082,G-047|G-082,0.0000,292.3928,BBOX_CLEAR
PAIR-005947,G-047,G-083,G-047|G-083,0.0000,308.1872,BBOX_CLEAR
PAIR-005948,G-047,G-084,G-047|G-084,0.0000,291.2413,BBOX_CLEAR
PAIR-005949,G-047,G-085,G-047|G-085,0.0000,291.2413,BBOX_CLEAR
PAIR-005950,G-047,G-086,G-047|G-086,0.0000,292.6897,BBOX_CLEAR
PAIR-005951,G-047,G-087,G-047|G-087,0.0000,290.4732,BBOX_CLEAR
PAIR-005952,G-047,G-088,G-047|G-088,0.0000,314.1686,BBOX_CLEAR
PAIR-005953,G-047,G-089,G-047|G-089,0.0000,299.5840,BBOX_CLEAR
PAIR-005954,G-047,G-090,G-047|G-090,0.0000,303.7869,BBOX_CLEAR
PAIR-005955,G-047,G-091,G-047|G-091,0.0000,313.3645,BBOX_CLEAR
PAIR-005956,G-047,G-092,G-047|G-092,0.0000,329.2704,BBOX_CLEAR
PAIR-005957,G-047,G-093,G-047|G-093,0.0000,336.5498,BBOX_CLEAR
PAIR-005958,G-047,G-094,G-047|G-094,0.0000,357.1619,BBOX_CLEAR
PAIR-005959,G-047,G-095,G-047|G-095,0.0000,350.3483,BBOX_CLEAR
PAIR-005960,G-047,G-096,G-047|G-096,0.0000,359.6007,BBOX_CLEAR
PAIR-005961,G-047,G-097,G-047|G-097,0.0000,371.6924,BBOX_CLEAR
PAIR-005962,G-047,G-098,G-047|G-098,0.0000,378.7464,BBOX_CLEAR
PAIR-005963,G-047,G-099,G-047|G-099,0.0000,391.8420,BBOX_CLEAR
PAIR-005964,G-047,G-100,G-047|G-100,0.0000,654.1820,BBOX_CLEAR
PAIR-005965,G-047,G-101,G-047|G-101,0.0000,638.1954,BBOX_CLEAR
PAIR-005966,G-047,G-102,G-047|G-102,0.0000,628.8649,BBOX_CLEAR
PAIR-005967,G-047,G-103,G-047|G-103,0.0000,612.3117,BBOX_CLEAR
PAIR-005968,G-047,G-104,G-047|G-104,0.0000,547.1344,BBOX_CLEAR
PAIR-005969,G-047,G-105,G-047|G-105,0.0000,517.0287,BBOX_CLEAR
PAIR-005970,G-047,G-106,G-047|G-106,0.0000,488.5977,BBOX_CLEAR
PAIR-005971,G-047,G-107,G-047|G-107,0.0000,462.1504,BBOX_CLEAR
PAIR-005972,G-047,G-108,G-047|G-108,0.0000,438.0464,BBOX_CLEAR
PAIR-005973,G-047,G-109,G-047|G-109,0.0000,416.6925,BBOX_CLEAR
PAIR-005974,G-047,G-110,G-047|G-110,0.0000,398.5310,BBOX_CLEAR
PAIR-005975,G-047,G-111,G-047|G-111,0.0000,384.0151,BBOX_CLEAR
PAIR-005976,G-047,G-112,G-047|G-112,0.0000,373.5700,BBOX_CLEAR
PAIR-005977,G-047,G-113,G-047|G-113,0.0000,367.5430,BBOX_CLEAR
PAIR-005978,G-047,G-114,G-047|G-114,0.0000,366.0544,BBOX_CLEAR
PAIR-005979,G-047,G-115,G-047|G-115,0.0000,366.0544,BBOX_CLEAR
PAIR-005980,G-047,G-116,G-047|G-116,0.0000,366.7078,BBOX_CLEAR
PAIR-005981,G-047,G-117,G-047|G-117,0.0000,371.5030,BBOX_CLEAR
PAIR-005982,G-047,G-118,G-047|G-118,0.0000,380.7895,BBOX_CLEAR
PAIR-005983,G-047,G-119,G-047|G-119,0.0000,394.2500,BBOX_CLEAR
PAIR-005984,G-047,G-120,G-047|G-120,0.0000,411.4753,BBOX_CLEAR
PAIR-005985,G-047,G-121,G-047|G-121,0.0000,432.0151,BBOX_CLEAR
PAIR-005986,G-047,G-122,G-047|G-122,0.0000,455.4213,BBOX_CLEAR
PAIR-005987,G-047,G-123,G-047|G-123,0.0000,481.2757,BBOX_CLEAR
PAIR-005988,G-047,G-124,G-047|G-124,0.0000,509.2057,BBOX_CLEAR
PAIR-005989,G-047,G-125,G-047|G-125,0.0000,538.8886,BBOX_CLEAR
PAIR-005990,G-047,G-126,G-047|G-126,0.0000,570.0506,BBOX_CLEAR
PAIR-005991,G-047,G-127,G-047|G-127,0.0000,602.4623,BBOX_CLEAR
PAIR-005992,G-047,G-128,G-047|G-128,0.0000,635.9326,BBOX_CLEAR
PAIR-005993,G-047,G-129,G-047|G-129,0.0000,670.3030,BBOX_CLEAR
PAIR-005994,G-047,G-130,G-047|G-130,0.0000,705.4418,BBOX_CLEAR
PAIR-005995,G-047,G-131,G-047|G-131,0.0000,741.2400,BBOX_CLEAR
PAIR-005996,G-047,G-132,G-047|G-132,0.0000,777.6062,BBOX_CLEAR
PAIR-005997,G-047,G-133,G-047|G-133,0.0000,814.4646,BBOX_CLEAR
PAIR-005998,G-047,G-134,G-047|G-134,0.0000,851.7511,BBOX_CLEAR
PAIR-005999,G-047,G-135,G-047|G-135,0.0000,889.4121,BBOX_CLEAR
PAIR-006000,G-047,P-001,G-047|P-001,0.0000,62.1998,BBOX_CLEAR
PAIR-006001,G-047,P-002,G-047|P-002,0.0000,627.0364,BBOX_CLEAR
PAIR-006002,G-047,P-003,G-047|P-003,0.0000,55.6884,BBOX_CLEAR
PAIR-006003,G-047,P-004,G-047|P-004,0.0000,279.5997,BBOX_CLEAR
PAIR-006004,G-047,P-005,G-047|P-005,1096.2593,0.0000,BBOX_INTERSECTION
PAIR-006005,G-047,P-006,G-047|P-006,1096.2593,0.0000,BBOX_INTERSECTION
PAIR-006006,G-047,P-007,G-047|P-007,1096.2593,0.0000,BBOX_INTERSECTION
PAIR-006007,G-047,P-008,G-047|P-008,0.0000,190.9575,BBOX_CLEAR
PAIR-006008,G-047,P-009,G-047|P-009,0.0000,202.4084,BBOX_CLEAR
PAIR-006009,G-047,P-010,G-047|P-010,0.0000,294.2761,BBOX_CLEAR
PAIR-006010,G-047,P-011,G-047|P-011,0.0000,89.2354,BBOX_CLEAR
PAIR-006011,G-047,P-012,G-047|P-012,0.0000,227.1918,BBOX_CLEAR
PAIR-006012,G-047,P-013,G-047|P-013,0.0000,297.6467,BBOX_CLEAR
PAIR-006013,G-047,P-014,G-047|P-014,0.0000,354.0736,BBOX_CLEAR
PAIR-006014,G-047,P-015,G-047|P-015,0.0000,104.7505,BBOX_CLEAR
PAIR-006015,G-047,P-016,G-047|P-016,0.0000,315.5495,BBOX_CLEAR
PAIR-006016,G-047,P-017,G-047|P-017,0.0000,236.8533,BBOX_CLEAR
PAIR-006017,G-048,G-049,G-048|G-049,0.0000,0.0000,BBOX_WITHIN_8PX
PAIR-006018,G-048,G-050,G-048|G-050,0.0000,19.3151,BBOX_CLEAR
PAIR-006019,G-048,G-051,G-048|G-051,0.0000,28.8751,BBOX_CLEAR
PAIR-006020,G-048,G-052,G-048|G-052,0.0000,48.1902,BBOX_CLEAR
PAIR-006021,G-048,G-053,G-048|G-053,0.0000,64.2666,BBOX_CLEAR
PAIR-006022,G-048,G-054,G-048|G-054,0.0000,83.5817,BBOX_CLEAR
PAIR-006023,G-048,G-055,G-048|G-055,0.0000,93.1417,BBOX_CLEAR
PAIR-006024,G-048,G-056,G-048|G-056,0.0000,112.4568,BBOX_CLEAR
PAIR-006025,G-048,G-057,G-048|G-057,0.0000,131.7718,BBOX_CLEAR
PAIR-006026,G-048,G-058,G-048|G-058,0.0000,271.4439,BBOX_CLEAR
PAIR-006027,G-048,G-059,G-048|G-059,0.0000,254.4042,BBOX_CLEAR
PAIR-006028,G-048,G-060,G-048|G-060,0.0000,378.0439,BBOX_CLEAR
PAIR-006029,G-048,G-061,G-048|G-061,0.0000,361.0548,BBOX_CLEAR
PAIR-006030,G-048,G-062,G-048|G-062,0.0000,478.8272,BBOX_CLEAR
PAIR-006031,G-048,G-063,G-048|G-063,0.0000,461.7834,BBOX_CLEAR
PAIR-006032,G-048,G-064,G-048|G-064,0.0000,554.4727,BBOX_CLEAR
PAIR-006033,G-048,G-065,G-048|G-065,0.0000,577.9277,BBOX_CLEAR
PAIR-006034,G-048,G-066,G-048|G-066,0.0000,265.6230,BBOX_CLEAR
PAIR-006035,G-048,G-067,G-048|G-067,0.0000,296.9294,BBOX_CLEAR
PAIR-006036,G-048,G-068,G-048|G-068,0.0000,332.1438,BBOX_CLEAR
PAIR-006037,G-048,G-069,G-048|G-069,0.0000,546.8702,BBOX_CLEAR
PAIR-006038,G-048,G-070,G-048|G-070,0.0000,543.3344,BBOX_CLEAR
PAIR-006039,G-048,G-071,G-048|G-071,0.0000,499.5520,BBOX_CLEAR
PAIR-006040,G-048,G-072,G-048|G-072,0.0000,476.1722,BBOX_CLEAR
PAIR-006041,G-048,G-073,G-048|G-073,0.0000,474.8345,BBOX_CLEAR
PAIR-006042,G-048,G-074,G-048|G-074,0.0000,432.3444,BBOX_CLEAR
PAIR-006043,G-048,G-075,G-048|G-075,0.0000,411.1609,BBOX_CLEAR
PAIR-006044,G-048,G-076,G-048|G-076,0.0000,412.6919,BBOX_CLEAR
PAIR-006045,G-048,G-077,G-048|G-077,0.0000,333.9585,BBOX_CLEAR
PAIR-006046,G-048,G-078,G-048|G-078,0.0000,326.2887,BBOX_CLEAR
PAIR-006047,G-048,G-079,G-048|G-079,0.0000,316.0967,BBOX_CLEAR
PAIR-006048,G-048,G-080,G-048|G-080,0.0000,326.3355,BBOX_CLEAR
PAIR-006049,G-048,G-081,G-048|G-081,0.0000,306.4855,BBOX_CLEAR
PAIR-006050,G-048,G-082,G-048|G-082,0.0000,298.3774,BBOX_CLEAR
PAIR-006051,G-048,G-083,G-048|G-083,0.0000,312.0081,BBOX_CLEAR
PAIR-006052,G-048,G-084,G-048|G-084,0.0000,293.0429,BBOX_CLEAR
PAIR-006053,G-048,G-085,G-048|G-085,0.0000,291.2413,BBOX_CLEAR
PAIR-006054,G-048,G-086,G-048|G-086,0.0000,291.2731,BBOX_CLEAR
PAIR-006055,G-048,G-087,G-048|G-087,0.0000,286.9245,BBOX_CLEAR
PAIR-006056,G-048,G-088,G-048|G-088,0.0000,310.9210,BBOX_CLEAR
PAIR-006057,G-048,G-089,G-048|G-089,0.0000,294.7632,BBOX_CLEAR
PAIR-006058,G-048,G-090,G-048|G-090,0.0000,297.6891,BBOX_CLEAR
PAIR-006059,G-048,G-091,G-048|G-091,0.0000,305.0901,BBOX_CLEAR
PAIR-006060,G-048,G-092,G-048|G-092,0.0000,318.4658,BBOX_CLEAR
PAIR-006061,G-048,G-093,G-048|G-093,0.0000,324.1074,BBOX_CLEAR
PAIR-006062,G-048,G-094,G-048|G-094,0.0000,345.4902,BBOX_CLEAR
PAIR-006063,G-048,G-095,G-048|G-095,0.0000,337.2055,BBOX_CLEAR
PAIR-006064,G-048,G-096,G-048|G-096,0.0000,345.6500,BBOX_CLEAR
PAIR-006065,G-048,G-097,G-048|G-097,0.0000,356.8260,BBOX_CLEAR
PAIR-006066,G-048,G-098,G-048|G-098,0.0000,363.4058,BBOX_CLEAR
PAIR-006067,G-048,G-099,G-048|G-099,0.0000,375.7173,BBOX_CLEAR
PAIR-006068,G-048,G-100,G-048|G-100,0.0000,687.3579,BBOX_CLEAR
PAIR-006069,G-048,G-101,G-048|G-101,0.0000,670.4028,BBOX_CLEAR
PAIR-006070,G-048,G-102,G-048|G-102,0.0000,660.8519,BBOX_CLEAR
PAIR-006071,G-048,G-103,G-048|G-103,0.0000,643.8784,BBOX_CLEAR
PAIR-006072,G-048,G-104,G-048|G-104,0.0000,576.6662,BBOX_CLEAR
PAIR-006073,G-048,G-105,G-048|G-105,0.0000,545.2279,BBOX_CLEAR
PAIR-006074,G-048,G-106,G-048|G-106,0.0000,515.2178,BBOX_CLEAR
PAIR-006075,G-048,G-107,G-048|G-107,0.0000,486.9000,BBOX_CLEAR
PAIR-006076,G-048,G-108,G-048|G-108,0.0000,460.5868,BBOX_CLEAR
PAIR-006077,G-048,G-109,G-048|G-109,0.0000,436.6408,BBOX_CLEAR
PAIR-006078,G-048,G-110,G-048|G-110,0.0000,415.4713,BBOX_CLEAR
PAIR-006079,G-048,G-111,G-048|G-111,0.0000,397.5223,BBOX_CLEAR
PAIR-006080,G-048,G-112,G-048|G-112,0.0000,383.2465,BBOX_CLEAR
PAIR-006081,G-048,G-113,G-048|G-113,0.0000,373.0658,BBOX_CLEAR
PAIR-006082,G-048,G-114,G-048|G-114,0.0000,367.3210,BBOX_CLEAR
PAIR-006083,G-048,G-115,G-048|G-115,0.0000,366.0544,BBOX_CLEAR
PAIR-006084,G-048,G-116,G-048|G-116,0.0000,366.0544,BBOX_CLEAR
PAIR-006085,G-048,G-117,G-048|G-117,0.0000,368.0855,BBOX_CLEAR
PAIR-006086,G-048,G-118,G-048|G-118,0.0000,374.7212,BBOX_CLEAR
PAIR-006087,G-048,G-119,G-048|G-119,0.0000,385.7348,BBOX_CLEAR
PAIR-006088,G-048,G-120,G-048|G-120,0.0000,400.7656,BBOX_CLEAR
PAIR-006089,G-048,G-121,G-048|G-121,0.0000,419.3818,BBOX_CLEAR
PAIR-006090,G-048,G-122,G-048|G-122,0.0000,441.1298,BBOX_CLEAR
PAIR-006091,G-048,G-123,G-048|G-123,0.0000,465.5708,BBOX_CLEAR
PAIR-006092,G-048,G-124,G-048|G-124,0.0000,492.3040,BBOX_CLEAR
PAIR-006093,G-048,G-125,G-048|G-125,0.0000,520.9765,BBOX_CLEAR
PAIR-006094,G-048,G-126,G-048|G-126,0.0000,551.2860,BBOX_CLEAR
PAIR-006095,G-048,G-127,G-048|G-127,0.0000,582.9771,BBOX_CLEAR
PAIR-006096,G-048,G-128,G-048|G-128,0.0000,615.8365,BBOX_CLEAR
PAIR-006097,G-048,G-129,G-048|G-129,0.0000,649.6871,BBOX_CLEAR
PAIR-006098,G-048,G-130,G-048|G-130,0.0000,684.3817,BBOX_CLEAR
PAIR-006099,G-048,G-131,G-048|G-131,0.0000,719.7983,BBOX_CLEAR
PAIR-006100,G-048,G-132,G-048|G-132,0.0000,755.8355,BBOX_CLEAR
PAIR-006101,G-048,G-133,G-048|G-133,0.0000,792.4086,BBOX_CLEAR
PAIR-006102,G-048,G-134,G-048|G-134,0.0000,829.4466,BBOX_CLEAR
PAIR-006103,G-048,G-135,G-048|G-135,0.0000,866.8901,BBOX_CLEAR
PAIR-006104,G-048,P-001,G-048|P-001,0.0000,62.1998,BBOX_CLEAR
PAIR-006105,G-048,P-002,G-048|P-002,0.0000,602.3578,BBOX_CLEAR
PAIR-006106,G-048,P-003,G-048|P-003,0.0000,94.6306,BBOX_CLEAR
PAIR-006107,G-048,P-004,G-048|P-004,0.0000,288.9047,BBOX_CLEAR
PAIR-006108,G-048,P-005,G-048|P-005,543.5618,0.0000,BBOX_INTERSECTION
PAIR-006109,G-048,P-006,G-048|P-006,543.5618,0.0000,BBOX_INTERSECTION
PAIR-006110,G-048,P-007,G-048|P-007,543.5618,0.0000,BBOX_INTERSECTION
PAIR-006111,G-048,P-008,G-048|P-008,0.0000,166.2846,BBOX_CLEAR
PAIR-006112,G-048,P-009,G-048|P-009,0.0000,177.8783,BBOX_CLEAR
PAIR-006113,G-048,P-010,G-048|P-010,0.0000,271.6647,BBOX_CLEAR
PAIR-006114,G-048,P-011,G-048|P-011,0.0000,64.4576,BBOX_CLEAR
PAIR-006115,G-048,P-012,G-048|P-012,0.0000,202.4140,BBOX_CLEAR
PAIR-006116,G-048,P-013,G-048|P-013,0.0000,274.6778,BBOX_CLEAR
PAIR-006117,G-048,P-014,G-048|P-014,0.0000,330.4691,BBOX_CLEAR
PAIR-006118,G-048,P-015,G-048|P-015,0.0000,103.5578,BBOX_CLEAR
PAIR-006119,G-048,P-016,G-048|P-016,0.0000,293.2827,BBOX_CLEAR
PAIR-006120,G-048,P-017,G-048|P-017,0.0000,212.5686,BBOX_CLEAR
PAIR-006121,G-049,G-050,G-049|G-050,0.0000,0.0000,BBOX_WITHIN_8PX
PAIR-006122,G-049,G-051,G-049|G-051,0.0000,9.5600,BBOX_CLEAR
PAIR-006123,G-049,G-052,G-049|G-052,0.0000,28.8751,BBOX_CLEAR
PAIR-006124,G-049,G-053,G-049|G-053,0.0000,44.9515,BBOX_CLEAR
PAIR-006125,G-049,G-054,G-049|G-054,0.0000,64.2666,BBOX_CLEAR
PAIR-006126,G-049,G-055,G-049|G-055,0.0000,73.8266,BBOX_CLEAR
PAIR-006127,G-049,G-056,G-049|G-056,0.0000,93.1417,BBOX_CLEAR
PAIR-006128,G-049,G-057,G-049|G-057,0.0000,112.4568,BBOX_CLEAR
PAIR-006129,G-049,G-058,G-049|G-058,0.0000,285.3741,BBOX_CLEAR
PAIR-006130,G-049,G-059,G-049|G-059,0.0000,268.3345,BBOX_CLEAR
PAIR-006131,G-049,G-060,G-049|G-060,0.0000,391.9741,BBOX_CLEAR
PAIR-006132,G-049,G-061,G-049|G-061,0.0000,374.9850,BBOX_CLEAR
PAIR-006133,G-049,G-062,G-049|G-062,0.0000,492.7575,BBOX_CLEAR
PAIR-006134,G-049,G-063,G-049|G-063,0.0000,475.7137,BBOX_CLEAR
PAIR-006135,G-049,G-064,G-049|G-064,0.0000,535.1585,BBOX_CLEAR
PAIR-006136,G-049,G-065,G-049|G-065,0.0000,558.6220,BBOX_CLEAR
PAIR-006137,G-049,G-066,G-049|G-066,0.0000,248.6624,BBOX_CLEAR
PAIR-006138,G-049,G-067,G-049|G-067,0.0000,279.4171,BBOX_CLEAR
PAIR-006139,G-049,G-068,G-049|G-068,0.0000,314.2468,BBOX_CLEAR
PAIR-006140,G-049,G-069,G-049|G-069,0.0000,558.7783,BBOX_CLEAR
PAIR-006141,G-049,G-070,G-049|G-070,0.0000,554.9419,BBOX_CLEAR
PAIR-006142,G-049,G-071,G-049|G-071,0.0000,511.0196,BBOX_CLEAR
PAIR-006143,G-049,G-072,G-049|G-072,0.0000,487.3637,BBOX_CLEAR
PAIR-006144,G-049,G-073,G-049|G-073,0.0000,485.6274,BBOX_CLEAR
PAIR-006145,G-049,G-074,G-049|G-074,0.0000,442.8638,BBOX_CLEAR
PAIR-006146,G-049,G-075,G-049|G-075,0.0000,421.2535,BBOX_CLEAR
PAIR-006147,G-049,G-076,G-049|G-076,0.0000,422.2525,BBOX_CLEAR
PAIR-006148,G-049,G-077,G-049|G-077,0.0000,340.9918,BBOX_CLEAR
PAIR-006149,G-049,G-078,G-049|G-078,0.0000,332.8019,BBOX_CLEAR
PAIR-006150,G-049,G-079,G-049|G-079,0.0000,321.7674,BBOX_CLEAR
PAIR-006151,G-049,G-080,G-049|G-080,0.0000,331.2011,BBOX_CLEAR
PAIR-006152,G-049,G-081,G-049|G-081,0.0000,311.1058,BBOX_CLEAR
PAIR-006153,G-049,G-082,G-049|G-082,0.0000,301.7123,BBOX_CLEAR
PAIR-006154,G-049,G-083,G-049|G-083,0.0000,314.5365,BBOX_CLEAR
PAIR-006155,G-049,G-084,G-049|G-084,0.0000,294.9103,BBOX_CLEAR
PAIR-006156,G-049,G-085,G-049|G-085,0.0000,291.3097,BBOX_CLEAR
PAIR-006157,G-049,G-086,G-049|G-086,0.0000,291.2413,BBOX_CLEAR
PAIR-006158,G-049,G-087,G-049|G-087,0.0000,285.6222,BBOX_CLEAR
PAIR-006159,G-049,G-088,G-049|G-088,0.0000,309.7435,BBOX_CLEAR
PAIR-006160,G-049,G-089,G-049|G-089,0.0000,292.4098,BBOX_CLEAR
PAIR-006161,G-049,G-090,G-049|G-090,0.0000,294.2982,BBOX_CLEAR
PAIR-006162,G-049,G-091,G-049|G-091,0.0000,299.9041,BBOX_CLEAR
PAIR-006163,G-049,G-092,G-049|G-092,0.0000,311.1536,BBOX_CLEAR
PAIR-006164,G-049,G-093,G-049|G-093,0.0000,315.4194,BBOX_CLEAR
PAIR-006165,G-049,G-094,G-049|G-094,0.0000,337.3753,BBOX_CLEAR
PAIR-006166,G-049,G-095,G-049|G-095,0.0000,327.8949,BBOX_CLEAR
PAIR-006167,G-049,G-096,G-049|G-096,0.0000,335.6425,BBOX_CLEAR
PAIR-006168,G-049,G-097,G-049|G-097,0.0000,346.0256,BBOX_CLEAR
PAIR-006169,G-049,G-098,G-049|G-098,0.0000,352.1938,BBOX_CLEAR
PAIR-006170,G-049,G-099,G-049|G-099,0.0000,363.8229,BBOX_CLEAR
PAIR-006171,G-049,G-100,G-049|G-100,0.0000,699.3698,BBOX_CLEAR
PAIR-006172,G-049,G-101,G-049|G-101,0.0000,682.0945,BBOX_CLEAR
PAIR-006173,G-049,G-102,G-049|G-102,0.0000,672.4723,BBOX_CLEAR
PAIR-006174,G-049,G-103,G-049|G-103,0.0000,655.3631,BBOX_CLEAR
PAIR-006175,G-049,G-104,G-049|G-104,0.0000,587.4966,BBOX_CLEAR
PAIR-006176,G-049,G-105,G-049|G-105,0.0000,555.6305,BBOX_CLEAR
PAIR-006177,G-049,G-106,G-049|G-106,0.0000,525.1140,BBOX_CLEAR
PAIR-006178,G-049,G-107,G-049|G-107,0.0000,496.1960,BBOX_CLEAR
PAIR-006179,G-049,G-108,G-049|G-108,0.0000,469.1721,BBOX_CLEAR
PAIR-006180,G-049,G-109,G-049|G-109,0.0000,444.3882,BBOX_CLEAR
PAIR-006181,G-049,G-110,G-049|G-110,0.0000,422.2388,BBOX_CLEAR
PAIR-006182,G-049,G-111,G-049|G-111,0.0000,403.1584,BBOX_CLEAR
PAIR-006183,G-049,G-112,G-049|G-112,0.0000,387.6004,BBOX_CLEAR
PAIR-006184,G-049,G-113,G-049|G-113,0.0000,376.0024,BBOX_CLEAR
PAIR-006185,G-049,G-114,G-049|G-114,0.0000,368.7382,BBOX_CLEAR
PAIR-006186,G-049,G-115,G-049|G-115,0.0000,366.0659,BBOX_CLEAR
PAIR-006187,G-049,G-116,G-049|G-116,0.0000,366.0544,BBOX_CLEAR
PAIR-006188,G-049,G-117,G-049|G-117,0.0000,366.5628,BBOX_CLEAR
PAIR-006189,G-049,G-118,G-049|G-118,0.0000,371.0711,BBOX_CLEAR
PAIR-006190,G-049,G-119,G-049|G-119,0.0000,380.0863,BBOX_CLEAR
PAIR-006191,G-049,G-120,G-049|G-120,0.0000,393.2985,BBOX_CLEAR
PAIR-006192,G-049,G-121,G-049|G-121,0.0000,410.3025,BBOX_CLEAR
PAIR-006193,G-049,G-122,G-049|G-122,0.0000,430.6495,BBOX_CLEAR
PAIR-006194,G-049,G-123,G-049|G-123,0.0000,453.8899,BBOX_CLEAR
PAIR-006195,G-049,G-124,G-049|G-124,0.0000,479.6035,BBOX_CLEAR
PAIR-006196,G-049,G-125,G-049|G-125,0.0000,507.4143,BBOX_CLEAR
PAIR-006197,G-049,G-126,G-049|G-126,0.0000,536.9967,BBOX_CLEAR
PAIR-006198,G-049,G-127,G-049|G-127,0.0000,568.0738,BBOX_CLEAR
PAIR-006199,G-049,G-128,G-049|G-128,0.0000,600.4137,BBOX_CLEAR
PAIR-006200,G-049,G-129,G-049|G-129,0.0000,633.8231,BBOX_CLEAR
PAIR-006201,G-049,G-130,G-049|G-130,0.0000,668.1416,BBOX_CLEAR
PAIR-006202,G-049,G-131,G-049|G-131,0.0000,703.2361,BBOX_CLEAR
PAIR-006203,G-049,G-132,G-049|G-132,0.0000,738.9960,BBOX_CLEAR
PAIR-006204,G-049,G-133,G-049|G-133,0.0000,775.3293,BBOX_CLEAR
PAIR-006205,G-049,G-134,G-049|G-134,0.0000,812.1590,BBOX_CLEAR
PAIR-006206,G-049,G-135,G-049|G-135,0.0000,849.4206,BBOX_CLEAR
PAIR-006207,G-049,P-001,G-049|P-001,0.0000,62.1998,BBOX_CLEAR
PAIR-006208,G-049,P-002,G-049|P-002,0.0000,583.1260,BBOX_CLEAR
PAIR-006209,G-049,P-003,G-049|P-003,0.0000,108.5609,BBOX_CLEAR
PAIR-006210,G-049,P-004,G-049|P-004,0.0000,293.4190,BBOX_CLEAR
PAIR-006211,G-049,P-005,G-049|P-005,753.6794,0.0000,BBOX_INTERSECTION
PAIR-006212,G-049,P-006,G-049|P-006,753.6794,0.0000,BBOX_INTERSECTION
PAIR-006213,G-049,P-007,G-049|P-007,753.6794,0.0000,BBOX_INTERSECTION
PAIR-006214,G-049,P-008,G-049|P-008,0.0000,147.0759,BBOX_CLEAR
PAIR-006215,G-049,P-009,G-049|P-009,0.0000,158.8097,BBOX_CLEAR
PAIR-006216,G-049,P-010,G-049|P-010,0.0000,254.3187,BBOX_CLEAR
PAIR-006217,G-049,P-011,G-049|P-011,0.0000,45.1425,BBOX_CLEAR
PAIR-006218,G-049,P-012,G-049|P-012,0.0000,183.0989,BBOX_CLEAR
PAIR-006219,G-049,P-013,G-049|P-013,0.0000,257.0060,BBOX_CLEAR
PAIR-006220,G-049,P-014,G-049|P-014,0.0000,312.1948,BBOX_CLEAR
PAIR-006221,G-049,P-015,G-049|P-015,0.0000,103.5578,BBOX_CLEAR
PAIR-006222,G-049,P-016,G-049|P-016,0.0000,276.2218,BBOX_CLEAR
PAIR-006223,G-049,P-017,G-049|P-017,0.0000,193.7246,BBOX_CLEAR
PAIR-006224,G-050,G-051,G-050|G-051,0.0000,0.0000,BBOX_WITHIN_8PX
PAIR-006225,G-050,G-052,G-050|G-052,0.0000,19.3151,BBOX_CLEAR
PAIR-006226,G-050,G-053,G-050|G-053,0.0000,35.3915,BBOX_CLEAR
PAIR-006227,G-050,G-054,G-050|G-054,0.0000,54.7066,BBOX_CLEAR
PAIR-006228,G-050,G-055,G-050|G-055,0.0000,64.2666,BBOX_CLEAR
PAIR-006229,G-050,G-056,G-050|G-056,0.0000,83.5817,BBOX_CLEAR
PAIR-006230,G-050,G-057,G-050|G-057,0.0000,102.8968,BBOX_CLEAR
PAIR-006231,G-050,G-058,G-050|G-058,0.0000,304.6892,BBOX_CLEAR
PAIR-006232,G-050,G-059,G-050|G-059,0.0000,287.6496,BBOX_CLEAR
PAIR-006233,G-050,G-060,G-050|G-060,0.0000,411.2892,BBOX_CLEAR
PAIR-006234,G-050,G-061,G-050|G-061,0.0000,394.3001,BBOX_CLEAR
PAIR-006235,G-050,G-062,G-050|G-062,0.0000,512.0725,BBOX_CLEAR
PAIR-006236,G-050,G-063,G-050|G-063,0.0000,495.0288,BBOX_CLEAR
PAIR-006237,G-050,G-064,G-050|G-064,0.0000,525.5989,BBOX_CLEAR
PAIR-006238,G-050,G-065,G-050|G-065,0.0000,549.0669,BBOX_CLEAR
PAIR-006239,G-050,G-066,G-050|G-066,0.0000,240.3993,BBOX_CLEAR
PAIR-006240,G-050,G-067,G-050|G-067,0.0000,270.8401,BBOX_CLEAR
PAIR-006241,G-050,G-068,G-050|G-068,0.0000,305.4526,BBOX_CLEAR
PAIR-006242,G-050,G-069,G-050|G-069,0.0000,575.4397,BBOX_CLEAR
PAIR-006243,G-050,G-070,G-050|G-070,0.0000,571.2082,BBOX_CLEAR
PAIR-006244,G-050,G-071,G-050|G-071,0.0000,527.1165,BBOX_CLEAR
PAIR-006245,G-050,G-072,G-050|G-072,0.0000,503.1077,BBOX_CLEAR
PAIR-006246,G-050,G-073,G-050|G-073,0.0000,500.8487,BBOX_CLEAR
PAIR-006247,G-050,G-074,G-050|G-074,0.0000,457.7511,BBOX_CLEAR
PAIR-006248,G-050,G-075,G-050|G-075,0.0000,435.5977,BBOX_CLEAR
PAIR-006249,G-050,G-076,G-050|G-076,0.0000,435.8987,BBOX_CLEAR
PAIR-006250,G-050,G-077,G-050|G-077,0.0000,351.4251,BBOX_CLEAR
PAIR-006251,G-050,G-078,G-050|G-078,0.0000,342.5658,BBOX_CLEAR
PAIR-006252,G-050,G-079,G-050|G-079,0.0000,330.4417,BBOX_CLEAR
PAIR-006253,G-050,G-080,G-050|G-080,0.0000,338.7806,BBOX_CLEAR
PAIR-006254,G-050,G-081,G-050|G-081,0.0000,318.4109,BBOX_CLEAR
PAIR-006255,G-050,G-082,G-050|G-082,0.0000,307.3227,BBOX_CLEAR
PAIR-006256,G-050,G-083,G-050|G-083,0.0000,319.0171,BBOX_CLEAR
PAIR-006257,G-050,G-084,G-050|G-084,0.0000,298.5575,BBOX_CLEAR
PAIR-006258,G-050,G-085,G-050|G-085,0.0000,292.3667,BBOX_CLEAR
PAIR-006259,G-050,G-086,G-050|G-086,0.0000,291.2413,BBOX_CLEAR
PAIR-006260,G-050,G-087,G-050|G-087,0.0000,285.4593,BBOX_CLEAR
PAIR-006261,G-050,G-088,G-050|G-088,0.0000,309.6051,BBOX_CLEAR
PAIR-006262,G-050,G-089,G-050|G-089,0.0000,291.7114,BBOX_CLEAR
PAIR-006263,G-050,G-090,G-050|G-090,0.0000,293.0766,BBOX_CLEAR
PAIR-006264,G-050,G-091,G-050|G-091,0.0000,297.7677,BBOX_CLEAR
PAIR-006265,G-050,G-092,G-050|G-092,0.0000,307.9186,BBOX_CLEAR
PAIR-006266,G-050,G-093,G-050|G-093,0.0000,311.4730,BBOX_CLEAR
PAIR-006267,G-050,G-094,G-050|G-094,0.0000,333.6996,BBOX_CLEAR
PAIR-006268,G-050,G-095,G-050|G-095,0.0000,323.6142,BBOX_CLEAR
PAIR-006269,G-050,G-096,G-050|G-096,0.0000,330.9945,BBOX_CLEAR
PAIR-006270,G-050,G-097,G-050|G-097,0.0000,340.9583,BBOX_CLEAR
PAIR-006271,G-050,G-098,G-050|G-098,0.0000,346.9084,BBOX_CLEAR
PAIR-006272,G-050,G-099,G-050|G-099,0.0000,358.1751,BBOX_CLEAR
PAIR-006273,G-050,G-100,G-050|G-100,0.0000,716.1400,BBOX_CLEAR
PAIR-006274,G-050,G-101,G-050|G-101,0.0000,698.4416,BBOX_CLEAR
PAIR-006275,G-050,G-102,G-050|G-102,0.0000,688.7265,BBOX_CLEAR
PAIR-006276,G-050,G-103,G-050|G-103,0.0000,671.4404,BBOX_CLEAR
PAIR-006277,G-050,G-104,G-050|G-104,0.0000,602.7242,BBOX_CLEAR
PAIR-006278,G-050,G-105,G-050|G-105,0.0000,570.3034,BBOX_CLEAR
PAIR-006279,G-050,G-106,G-050|G-106,0.0000,539.1306,BBOX_CLEAR
PAIR-006280,G-050,G-107,G-050|G-107,0.0000,509.4350,BBOX_CLEAR
PAIR-006281,G-050,G-108,G-050|G-108,0.0000,481.4899,BBOX_CLEAR
PAIR-006282,G-050,G-109,G-050|G-109,0.0000,455.6175,BBOX_CLEAR
PAIR-006283,G-050,G-110,G-050|G-110,0.0000,432.1903,BBOX_CLEAR
PAIR-006284,G-050,G-111,G-050|G-111,0.0000,411.6260,BBOX_CLEAR
PAIR-006285,G-050,G-112,G-050|G-112,0.0000,394.3726,BBOX_CLEAR
PAIR-006286,G-050,G-113,G-050|G-113,0.0000,380.8804,BBOX_CLEAR
PAIR-006287,G-050,G-114,G-050|G-114,0.0000,371.5594,BBOX_CLEAR
PAIR-006288,G-050,G-115,G-050|G-115,0.0000,366.7277,BBOX_CLEAR
PAIR-006289,G-050,G-116,G-050|G-116,0.0000,366.0544,BBOX_CLEAR
PAIR-006290,G-050,G-117,G-050|G-117,0.0000,366.1840,BBOX_CLEAR
PAIR-006291,G-050,G-118,G-050|G-118,0.0000,369.6248,BBOX_CLEAR
PAIR-006292,G-050,G-119,G-050|G-119,0.0000,377.6249,BBOX_CLEAR
PAIR-006293,G-050,G-120,G-050|G-120,0.0000,389.9039,BBOX_CLEAR
PAIR-006294,G-050,G-121,G-050|G-121,0.0000,406.0736,BBOX_CLEAR
PAIR-006295,G-050,G-122,G-050|G-122,0.0000,425.6911,BBOX_CLEAR
PAIR-006296,G-050,G-123,G-050|G-123,0.0000,448.3038,BBOX_CLEAR
PAIR-006297,G-050,G-124,G-050|G-124,0.0000,473.4829,BBOX_CLEAR
PAIR-006298,G-050,G-125,G-050|G-125,0.0000,500.8415,BBOX_CLEAR
PAIR-006299,G-050,G-126,G-050|G-126,0.0000,530.0421,BBOX_CLEAR
PAIR-006300,G-050,G-127,G-050|G-127,0.0000,560.7970,BBOX_CLEAR
PAIR-006301,G-050,G-128,G-050|G-128,0.0000,592.8646,BBOX_CLEAR
PAIR-006302,G-050,G-129,G-050|G-129,0.0000,626.0430,BBOX_CLEAR
PAIR-006303,G-050,G-130,G-050|G-130,0.0000,660.1648,BBOX_CLEAR
PAIR-006304,G-050,G-131,G-050|G-131,0.0000,695.0911,BBOX_CLEAR
PAIR-006305,G-050,G-132,G-050|G-132,0.0000,730.7066,BBOX_CLEAR
PAIR-006306,G-050,G-133,G-050|G-133,0.0000,766.9151,BBOX_CLEAR
PAIR-006307,G-050,G-134,G-050|G-134,0.0000,803.6367,BBOX_CLEAR
PAIR-006308,G-050,G-135,G-050|G-135,0.0000,840.8040,BBOX_CLEAR
PAIR-006309,G-050,P-001,G-050|P-001,0.0000,62.1998,BBOX_CLEAR
PAIR-006310,G-050,P-002,G-050|P-002,0.0000,573.6093,BBOX_CLEAR
PAIR-006311,G-050,P-003,G-050|P-003,0.0000,127.8760,BBOX_CLEAR
PAIR-006312,G-050,P-004,G-050|P-004,0.0000,300.6357,BBOX_CLEAR
PAIR-006313,G-050,P-005,G-050|P-005,373.0336,0.0000,BBOX_INTERSECTION
PAIR-006314,G-050,P-006,G-050|P-006,373.0336,0.0000,BBOX_INTERSECTION
PAIR-006315,G-050,P-007,G-050|P-007,373.0336,0.0000,BBOX_INTERSECTION
PAIR-006316,G-050,P-008,G-050|P-008,0.0000,137.5796,BBOX_CLEAR
PAIR-006317,G-050,P-009,G-050|P-009,0.0000,149.3952,BBOX_CLEAR
PAIR-006318,G-050,P-010,G-050|P-010,0.0000,245.8419,BBOX_CLEAR
PAIR-006319,G-050,P-011,G-050|P-011,0.0000,35.5825,BBOX_CLEAR
PAIR-006320,G-050,P-012,G-050|P-012,0.0000,173.5389,BBOX_CLEAR
PAIR-006321,G-050,P-013,G-050|P-013,0.0000,248.3499,BBOX_CLEAR
PAIR-006322,G-050,P-014,G-050|P-014,0.0000,303.1977,BBOX_CLEAR
PAIR-006323,G-050,P-015,G-050|P-015,0.0000,103.5578,BBOX_CLEAR
PAIR-006324,G-050,P-016,G-050|P-016,0.0000,267.8908,BBOX_CLEAR
PAIR-006325,G-050,P-017,G-050|P-017,0.0000,184.4338,BBOX_CLEAR
PAIR-006326,G-051,G-052,G-051|G-052,0.0000,0.0000,BBOX_WITHIN_8PX
PAIR-006327,G-051,G-053,G-051|G-053,0.0000,16.0764,BBOX_CLEAR
PAIR-006328,G-051,G-054,G-051|G-054,0.0000,35.3915,BBOX_CLEAR
PAIR-006329,G-051,G-055,G-051|G-055,0.0000,44.9515,BBOX_CLEAR
PAIR-006330,G-051,G-056,G-051|G-056,0.0000,64.2666,BBOX_CLEAR
PAIR-006331,G-051,G-057,G-051|G-057,0.0000,83.5817,BBOX_CLEAR
PAIR-006332,G-051,G-058,G-051|G-058,0.0000,314.2492,BBOX_CLEAR
PAIR-006333,G-051,G-059,G-051|G-059,0.0000,297.2096,BBOX_CLEAR
PAIR-006334,G-051,G-060,G-051|G-060,0.0000,420.8492,BBOX_CLEAR
PAIR-006335,G-051,G-061,G-051|G-061,0.0000,403.8601,BBOX_CLEAR
PAIR-006336,G-051,G-062,G-051|G-062,0.0000,521.6325,BBOX_CLEAR
PAIR-006337,G-051,G-063,G-051|G-063,0.0000,504.5888,BBOX_CLEAR
PAIR-006338,G-051,G-064,G-051|G-064,0.0000,506.2847,BBOX_CLEAR
PAIR-006339,G-051,G-065,G-051|G-065,0.0000,529.7623,BBOX_CLEAR
PAIR-006340,G-051,G-066,G-051|G-066,0.0000,224.0193,BBOX_CLEAR
PAIR-006341,G-051,G-067,G-051|G-067,0.0000,253.7255,BBOX_CLEAR
PAIR-006342,G-051,G-068,G-051|G-068,0.0000,287.8338,BBOX_CLEAR
PAIR-006343,G-051,G-069,G-051|G-069,0.0000,583.7468,BBOX_CLEAR
PAIR-006344,G-051,G-070,G-051|G-070,0.0000,579.3285,BBOX_CLEAR
PAIR-006345,G-051,G-071,G-051|G-071,0.0000,535.1624,BBOX_CLEAR
PAIR-006346,G-051,G-072,G-051|G-072,0.0000,510.9908,BBOX_CLEAR
PAIR-006347,G-051,G-073,G-051|G-073,0.0000,508.4853,BBOX_CLEAR
PAIR-006348,G-051,G-074,G-051|G-074,0.0000,465.2400,BBOX_CLEAR
PAIR-006349,G-051,G-075,G-051|G-075,0.0000,442.8372,BBOX_CLEAR
PAIR-006350,G-051,G-076,G-051|G-076,0.0000,442.8090,BBOX_CLEAR
PAIR-006351,G-051,G-077,G-051|G-077,0.0000,356.8631,BBOX_CLEAR
PAIR-006352,G-051,G-078,G-051|G-078,0.0000,347.6942,BBOX_CLEAR
PAIR-006353,G-051,G-079,G-051|G-079,0.0000,335.0640,BBOX_CLEAR
PAIR-006354,G-051,G-080,G-051|G-080,0.0000,342.8729,BBOX_CLEAR
PAIR-006355,G-051,G-081,G-051|G-081,0.0000,322.3937,BBOX_CLEAR
PAIR-006356,G-051,G-082,G-051|G-082,0.0000,310.5069,BBOX_CLEAR
PAIR-006357,G-051,G-083,G-051|G-083,0.0000,321.6411,BBOX_CLEAR
PAIR-006358,G-051,G-084,G-051|G-084,0.0000,300.8055,BBOX_CLEAR
PAIR-006359,G-051,G-085,G-051|G-085,0.0000,293.3593,BBOX_CLEAR
PAIR-006360,G-051,G-086,G-051|G-086,0.0000,291.2415,BBOX_CLEAR
PAIR-006361,G-051,G-087,G-051|G-087,0.0000,285.4593,BBOX_CLEAR
PAIR-006362,G-051,G-088,G-051|G-088,0.0000,309.6051,BBOX_CLEAR
PAIR-006363,G-051,G-089,G-051|G-089,0.0000,291.2413,BBOX_CLEAR
PAIR-006364,G-051,G-090,G-051|G-090,0.0000,291.5509,BBOX_CLEAR
PAIR-006365,G-051,G-091,G-051|G-091,0.0000,294.3528,BBOX_CLEAR
PAIR-006366,G-051,G-092,G-051|G-092,0.0000,302.2010,BBOX_CLEAR
PAIR-006367,G-051,G-093,G-051|G-093,0.0000,304.2609,BBOX_CLEAR
PAIR-006368,G-051,G-094,G-051|G-094,0.0000,327.0008,BBOX_CLEAR
PAIR-006369,G-051,G-095,G-051|G-095,0.0000,315.6725,BBOX_CLEAR
PAIR-006370,G-051,G-096,G-051|G-096,0.0000,322.2652,BBOX_CLEAR
PAIR-006371,G-051,G-097,G-051|G-097,0.0000,331.3261,BBOX_CLEAR
PAIR-006372,G-051,G-098,G-051|G-098,0.0000,336.8049,BBOX_CLEAR
PAIR-006373,G-051,G-099,G-051|G-099,0.0000,347.2873,BBOX_CLEAR
PAIR-006374,G-051,G-100,G-051|G-100,0.0000,724.4873,BBOX_CLEAR
PAIR-006375,G-051,G-101,G-051|G-101,0.0000,706.5880,BBOX_CLEAR
PAIR-006376,G-051,G-102,G-051|G-102,0.0000,696.8293,BBOX_CLEAR
PAIR-006377,G-051,G-103,G-051|G-103,0.0000,679.4602,BBOX_CLEAR
PAIR-006378,G-051,G-104,G-051|G-104,0.0000,610.3468,BBOX_CLEAR
PAIR-006379,G-051,G-105,G-051|G-105,0.0000,577.6668,BBOX_CLEAR
PAIR-006380,G-051,G-106,G-051|G-106,0.0000,546.1878,BBOX_CLEAR
PAIR-006381,G-051,G-107,G-051|G-107,0.0000,516.1294,BBOX_CLEAR
PAIR-006382,G-051,G-108,G-051|G-108,0.0000,487.7544,BBOX_CLEAR
PAIR-006383,G-051,G-109,G-051|G-109,0.0000,461.3735,BBOX_CLEAR
PAIR-006384,G-051,G-110,G-051|G-110,0.0000,437.3477,BBOX_CLEAR
PAIR-006385,G-051,G-111,G-051|G-111,0.0000,416.0851,BBOX_CLEAR
PAIR-006386,G-051,G-112,G-051|G-112,0.0000,398.0288,BBOX_CLEAR
PAIR-006387,G-051,G-113,G-051|G-113,0.0000,383.6318,BBOX_CLEAR
PAIR-006388,G-051,G-114,G-051|G-114,0.0000,373.3177,BBOX_CLEAR
PAIR-006389,G-051,G-115,G-051|G-115,0.0000,367.4306,BBOX_CLEAR
PAIR-006390,G-051,G-116,G-051|G-116,0.0000,366.0544,BBOX_CLEAR
PAIR-006391,G-051,G-117,G-051|G-117,0.0000,366.0544,BBOX_CLEAR
PAIR-006392,G-051,G-118,G-051|G-118,0.0000,367.4449,BBOX_CLEAR
PAIR-006393,G-051,G-119,G-051|G-119,0.0000,373.3500,BBOX_CLEAR
PAIR-006394,G-051,G-120,G-051|G-120,0.0000,383.6810,BBOX_CLEAR
PAIR-006395,G-051,G-121,G-051|G-121,0.0000,398.0933,BBOX_CLEAR
PAIR-006396,G-051,G-122,G-051|G-122,0.0000,416.1632,BBOX_CLEAR
PAIR-006397,G-051,G-123,G-051|G-123,0.0000,437.4376,BBOX_CLEAR
PAIR-006398,G-051,G-124,G-051|G-124,0.0000,461.4736,BBOX_CLEAR
PAIR-006399,G-051,G-125,G-051|G-125,0.0000,487.8631,BBOX_CLEAR
PAIR-006400,G-051,G-126,G-051|G-126,0.0000,516.2453,BBOX_CLEAR
PAIR-006401,G-051,G-127,G-051|G-127,0.0000,546.3098,BBOX_CLEAR
PAIR-006402,G-051,G-128,G-051|G-128,0.0000,577.7940,BBOX_CLEAR
PAIR-006403,G-051,G-129,G-051|G-129,0.0000,610.4783,BBOX_CLEAR
PAIR-006404,G-051,G-130,G-051|G-130,0.0000,644.1800,BBOX_CLEAR
PAIR-006405,G-051,G-131,G-051|G-131,0.0000,678.7477,BBOX_CLEAR
PAIR-006406,G-051,G-132,G-051|G-132,0.0000,714.0555,BBOX_CLEAR
PAIR-006407,G-051,G-133,G-051|G-133,0.0000,749.9989,BBOX_CLEAR
PAIR-006408,G-051,G-134,G-051|G-134,0.0000,786.4909,BBOX_CLEAR
PAIR-006409,G-051,G-135,G-051|G-135,0.0000,823.4584,BBOX_CLEAR
PAIR-006410,G-051,P-001,G-051|P-001,0.0000,62.1998,BBOX_CLEAR
PAIR-006411,G-051,P-002,G-051|P-002,0.0000,554.3861,BBOX_CLEAR
PAIR-006412,G-051,P-003,G-051|P-003,0.0000,137.4360,BBOX_CLEAR
PAIR-006413,G-051,P-004,G-051|P-004,0.0000,304.5978,BBOX_CLEAR
PAIR-006414,G-051,P-005,G-051|P-005,753.6794,0.0000,BBOX_INTERSECTION
PAIR-006415,G-051,P-006,G-051|P-006,753.6794,0.0000,BBOX_INTERSECTION
PAIR-006416,G-051,P-007,G-051|P-007,753.6794,0.0000,BBOX_INTERSECTION
PAIR-006417,G-051,P-008,G-051|P-008,0.0000,118.4244,BBOX_CLEAR
PAIR-006418,G-051,P-009,G-051|P-009,0.0000,130.4386,BBOX_CLEAR
PAIR-006419,G-051,P-010,G-051|P-010,0.0000,228.9759,BBOX_CLEAR
PAIR-006420,G-051,P-011,G-051|P-011,0.0000,16.2674,BBOX_CLEAR
PAIR-006421,G-051,P-012,G-051|P-012,0.0000,154.2239,BBOX_CLEAR
PAIR-006422,G-051,P-013,G-051|P-013,0.0000,231.0787,BBOX_CLEAR
PAIR-006423,G-051,P-014,G-051|P-014,0.0000,285.1316,BBOX_CLEAR
PAIR-006424,G-051,P-015,G-051|P-015,0.0000,103.5578,BBOX_CLEAR
PAIR-006425,G-051,P-016,G-051|P-016,0.0000,251.3258,BBOX_CLEAR
PAIR-006426,G-051,P-017,G-051|P-017,0.0000,165.7561,BBOX_CLEAR
PAIR-006427,G-052,G-053,G-052|G-053,0.0000,6.5164,BBOX_WITHIN_8PX
PAIR-006428,G-052,G-054,G-052|G-054,0.0000,25.8315,BBOX_CLEAR
PAIR-006429,G-052,G-055,G-052|G-055,0.0000,35.3915,BBOX_CLEAR
PAIR-006430,G-052,G-056,G-052|G-056,0.0000,54.7065,BBOX_CLEAR
PAIR-006431,G-052,G-057,G-052|G-057,0.0000,74.0216,BBOX_CLEAR
PAIR-006432,G-052,G-058,G-052|G-058,0.0000,333.5643,BBOX_CLEAR
PAIR-006433,G-052,G-059,G-052|G-059,0.0000,316.5247,BBOX_CLEAR
PAIR-006434,G-052,G-060,G-052|G-060,0.0000,440.1643,BBOX_CLEAR
PAIR-006435,G-052,G-061,G-052|G-061,0.0000,423.1752,BBOX_CLEAR
PAIR-006436,G-052,G-062,G-052|G-062,0.0000,540.9476,BBOX_CLEAR
PAIR-006437,G-052,G-063,G-052|G-063,0.0000,523.9038,BBOX_CLEAR
PAIR-006438,G-052,G-064,G-052|G-064,0.0000,496.7251,BBOX_CLEAR
PAIR-006439,G-052,G-065,G-052|G-065,0.0000,520.2077,BBOX_CLEAR
PAIR-006440,G-052,G-066,G-052|G-066,0.0000,216.0915,BBOX_CLEAR
PAIR-006441,G-052,G-067,G-052|G-067,0.0000,245.3755,BBOX_CLEAR
PAIR-006442,G-052,G-068,G-052|G-068,0.0000,279.1964,BBOX_CLEAR
PAIR-006443,G-052,G-069,G-052|G-069,0.0000,600.6443,BBOX_CLEAR
PAIR-006444,G-052,G-070,G-052|G-070,0.0000,595.8652,BBOX_CLEAR
PAIR-006445,G-052,G-071,G-052|G-071,0.0000,551.5659,BBOX_CLEAR
PAIR-006446,G-052,G-072,G-052|G-072,0.0000,527.0873,BBOX_CLEAR
PAIR-006447,G-052,G-073,G-052|G-073,0.0000,524.1070,BBOX_CLEAR
PAIR-006448,G-052,G-074,G-052|G-074,0.0000,480.5948,BBOX_CLEAR
PAIR-006449,G-052,G-075,G-052|G-075,0.0000,457.7239,BBOX_CLEAR
PAIR-006450,G-052,G-076,G-052|G-076,0.0000,457.0620,BBOX_CLEAR
PAIR-006451,G-052,G-077,G-052|G-077,0.0000,368.3625,BBOX_CLEAR
PAIR-006452,G-052,G-078,G-052|G-078,0.0000,358.6098,BBOX_CLEAR
PAIR-006453,G-052,G-079,G-052|G-079,0.0000,345.0229,BBOX_CLEAR
PAIR-006454,G-052,G-080,G-052|G-080,0.0000,351.7889,BBOX_CLEAR
PAIR-006455,G-052,G-081,G-052|G-081,0.0000,331.1371,BBOX_CLEAR
PAIR-006456,G-052,G-082,G-052|G-082,0.0000,317.7215,BBOX_CLEAR
PAIR-006457,G-052,G-083,G-052|G-083,0.0000,327.7303,BBOX_CLEAR
PAIR-006458,G-052,G-084,G-052|G-084,0.0000,306.2089,BBOX_CLEAR
PAIR-006459,G-052,G-085,G-052|G-085,0.0000,296.2973,BBOX_CLEAR
PAIR-006460,G-052,G-086,G-052|G-086,0.0000,291.9025,BBOX_CLEAR
PAIR-006461,G-052,G-087,G-052|G-087,0.0000,285.4915,BBOX_CLEAR
PAIR-006462,G-052,G-088,G-052|G-088,0.0000,309.6395,BBOX_CLEAR
PAIR-006463,G-052,G-089,G-052|G-089,0.0000,291.2413,BBOX_CLEAR
PAIR-006464,G-052,G-090,G-052|G-090,0.0000,291.2671,BBOX_CLEAR
PAIR-006465,G-052,G-091,G-052|G-091,0.0000,293.1191,BBOX_CLEAR
PAIR-006466,G-052,G-092,G-052|G-092,0.0000,299.7913,BBOX_CLEAR
PAIR-006467,G-052,G-093,G-052|G-093,0.0000,301.0860,BBOX_CLEAR
PAIR-006468,G-052,G-094,G-052|G-094,0.0000,324.0601,BBOX_CLEAR
PAIR-006469,G-052,G-095,G-052|G-095,0.0000,312.1094,BBOX_CLEAR
PAIR-006470,G-052,G-096,G-052|G-096,0.0000,318.2898,BBOX_CLEAR
PAIR-006471,G-052,G-097,G-052|G-097,0.0000,326.8760,BBOX_CLEAR
PAIR-006472,G-052,G-098,G-052|G-098,0.0000,332.1062,BBOX_CLEAR
PAIR-006473,G-052,G-099,G-052|G-099,0.0000,342.1737,BBOX_CLEAR
PAIR-006474,G-052,G-100,G-052|G-100,0.0000,741.4416,BBOX_CLEAR
PAIR-006475,G-052,G-101,G-052|G-101,0.0000,723.1527,BBOX_CLEAR
PAIR-006476,G-052,G-102,G-052|G-102,0.0000,713.3104,BBOX_CLEAR
PAIR-006477,G-052,G-103,G-052|G-103,0.0000,695.7823,BBOX_CLEAR
PAIR-006478,G-052,G-104,G-052|G-104,0.0000,625.9097,BBOX_CLEAR
PAIR-006479,G-052,G-105,G-052|G-105,0.0000,592.7353,BBOX_CLEAR
PAIR-006480,G-052,G-106,G-052|G-106,0.0000,560.6726,BBOX_CLEAR
PAIR-006481,G-052,G-107,G-052|G-107,0.0000,529.9232,BBOX_CLEAR
PAIR-006482,G-052,G-108,G-052|G-108,0.0000,500.7293,BBOX_CLEAR
PAIR-006483,G-052,G-109,G-052|G-109,0.0000,473.3787,BBOX_CLEAR
PAIR-006484,G-052,G-110,G-052|G-110,0.0000,448.2090,BBOX_CLEAR
PAIR-006485,G-052,G-111,G-052|G-111,0.0000,425.6072,BBOX_CLEAR
PAIR-006486,G-052,G-112,G-052|G-112,0.0000,406.0025,BBOX_CLEAR
PAIR-006487,G-052,G-113,G-052|G-113,0.0000,389.8473,BBOX_CLEAR
PAIR-006488,G-052,G-114,G-052|G-114,0.0000,377.5846,BBOX_CLEAR
PAIR-006489,G-052,G-115,G-052|G-115,0.0000,369.6020,BBOX_CLEAR
PAIR-006490,G-052,G-116,G-052|G-116,0.0000,366.1796,BBOX_CLEAR
PAIR-006491,G-052,G-117,G-052|G-117,0.0000,366.0544,BBOX_CLEAR
PAIR-006492,G-052,G-118,G-052|G-118,0.0000,366.7376,BBOX_CLEAR
PAIR-006493,G-052,G-119,G-052|G-119,0.0000,371.5876,BBOX_CLEAR
PAIR-006494,G-052,G-120,G-052|G-120,0.0000,380.9259,BBOX_CLEAR
PAIR-006495,G-052,G-121,G-052|G-121,0.0000,394.4338,BBOX_CLEAR
PAIR-006496,G-052,G-122,G-052|G-122,0.0000,411.7011,BBOX_CLEAR
PAIR-006497,G-052,G-123,G-052|G-123,0.0000,432.2777,BBOX_CLEAR
PAIR-006498,G-052,G-124,G-052|G-124,0.0000,455.7153,BBOX_CLEAR
PAIR-006499,G-052,G-125,G-052|G-125,0.0000,481.5966,BBOX_CLEAR
PAIR-006500,G-052,G-126,G-052|G-126,0.0000,509.5493,BBOX_CLEAR
PAIR-006501,G-052,G-127,G-052|G-127,0.0000,539.2512,BBOX_CLEAR
PAIR-006502,G-052,G-128,G-052|G-128,0.0000,570.4294,BBOX_CLEAR
PAIR-006503,G-052,G-129,G-052|G-129,0.0000,602.8548,BBOX_CLEAR
PAIR-006504,G-052,G-130,G-052|G-130,0.0000,636.3366,BBOX_CLEAR
PAIR-006505,G-052,G-131,G-052|G-131,0.0000,670.7169,BBOX_CLEAR
PAIR-006506,G-052,G-132,G-052|G-132,0.0000,705.8642,BBOX_CLEAR
PAIR-006507,G-052,G-133,G-052|G-133,0.0000,741.6696,BBOX_CLEAR
PAIR-006508,G-052,G-134,G-052|G-134,0.0000,778.0421,BBOX_CLEAR
PAIR-006509,G-052,G-135,G-052|G-135,0.0000,814.9059,BBOX_CLEAR
PAIR-006510,G-052,P-001,G-052|P-001,0.0000,62.1998,BBOX_CLEAR
PAIR-006511,G-052,P-002,G-052|P-002,0.0000,544.8740,BBOX_CLEAR
PAIR-006512,G-052,P-003,G-052|P-003,0.0000,156.7510,BBOX_CLEAR
PAIR-006513,G-052,P-004,G-052|P-004,0.0000,313.3407,BBOX_CLEAR
PAIR-006514,G-052,P-005,G-052|P-005,373.0352,0.0000,BBOX_INTERSECTION
PAIR-006515,G-052,P-006,G-052|P-006,373.0352,0.0000,BBOX_INTERSECTION
PAIR-006516,G-052,P-007,G-052|P-007,373.0352,0.0000,BBOX_INTERSECTION
PAIR-006517,G-052,P-008,G-052|P-008,0.0000,108.9643,BBOX_CLEAR
PAIR-006518,G-052,P-009,G-052|P-009,0.0000,121.0978,BBOX_CLEAR
PAIR-006519,G-052,P-010,G-052|P-010,0.0000,220.7766,BBOX_CLEAR
PAIR-006520,G-052,P-011,G-052|P-011,0.0000,6.7074,BBOX_WITHIN_8PX
PAIR-006521,G-052,P-012,G-052|P-012,0.0000,144.6638,BBOX_CLEAR
PAIR-006522,G-052,P-013,G-052|P-013,0.0000,222.6545,BBOX_CLEAR
PAIR-006523,G-052,P-014,G-052|P-014,0.0000,276.2523,BBOX_CLEAR
PAIR-006524,G-052,P-015,G-052|P-015,0.0000,103.5578,BBOX_CLEAR
PAIR-006525,G-052,P-016,G-052|P-016,0.0000,243.2771,BBOX_CLEAR
PAIR-006526,G-052,P-017,G-052|P-017,0.0000,156.5688,BBOX_CLEAR
PAIR-006527,G-053,G-054,G-053|G-054,0.0000,0.0000,BBOX_WITHIN_8PX
PAIR-006528,G-053,G-055,G-053|G-055,0.0000,9.5600,BBOX_CLEAR
PAIR-006529,G-053,G-056,G-053|G-056,0.0000,28.8751,BBOX_CLEAR
PAIR-006530,G-053,G-057,G-053|G-057,0.0000,48.1902,BBOX_CLEAR
PAIR-006531,G-053,G-058,G-053|G-058,0.0000,349.6407,BBOX_CLEAR
PAIR-006532,G-053,G-059,G-053|G-059,0.0000,332.6011,BBOX_CLEAR
PAIR-006533,G-053,G-060,G-053|G-060,0.0000,456.2407,BBOX_CLEAR
PAIR-006534,G-053,G-061,G-053|G-061,0.0000,439.2516,BBOX_CLEAR
PAIR-006535,G-053,G-062,G-053|G-062,0.0000,557.0240,BBOX_CLEAR
PAIR-006536,G-053,G-063,G-053|G-063,0.0000,539.9803,BBOX_CLEAR
PAIR-006537,G-053,G-064,G-053|G-064,0.0000,470.8950,BBOX_CLEAR
PAIR-006538,G-053,G-065,G-053|G-065,0.0000,494.3921,BBOX_CLEAR
PAIR-006539,G-053,G-066,G-053|G-066,0.0000,195.4023,BBOX_CLEAR
PAIR-006540,G-053,G-067,G-053|G-067,0.0000,223.2996,BBOX_CLEAR
PAIR-006541,G-053,G-068,G-053|G-068,0.0000,256.1859,BBOX_CLEAR
PAIR-006542,G-053,G-069,G-053|G-069,0.0000,614.8170,BBOX_CLEAR
PAIR-006543,G-053,G-070,G-053|G-070,0.0000,609.7536,BBOX_CLEAR
PAIR-006544,G-053,G-071,G-053|G-071,0.0000,565.3593,BBOX_CLEAR
PAIR-006545,G-053,G-072,G-053|G-072,0.0000,540.6455,BBOX_CLEAR
PAIR-006546,G-053,G-073,G-053|G-073,0.0000,537.2925,BBOX_CLEAR
PAIR-006547,G-053,G-074,G-053|G-074,0.0000,493.5872,BBOX_CLEAR
PAIR-006548,G-053,G-075,G-053|G-075,0.0000,470.3600,BBOX_CLEAR
PAIR-006549,G-053,G-076,G-053|G-076,0.0000,469.2015,BBOX_CLEAR
PAIR-006550,G-053,G-077,G-053|G-077,0.0000,378.4194,BBOX_CLEAR
PAIR-006551,G-053,G-078,G-053|G-078,0.0000,368.2213,BBOX_CLEAR
PAIR-006552,G-053,G-079,G-053|G-079,0.0000,353.9026,BBOX_CLEAR
PAIR-006553,G-053,G-080,G-053|G-080,0.0000,359.8325,BBOX_CLEAR
PAIR-006554,G-053,G-081,G-053|G-081,0.0000,339.0823,BBOX_CLEAR
PAIR-006555,G-053,G-082,G-053|G-082,0.0000,324.4817,BBOX_CLEAR
PAIR-006556,G-053,G-083,G-053|G-083,0.0000,333.5675,BBOX_CLEAR
PAIR-006557,G-053,G-084,G-053|G-084,0.0000,311.5492,BBOX_CLEAR
PAIR-006558,G-053,G-085,G-053|G-085,0.0000,299.6714,BBOX_CLEAR
PAIR-006559,G-053,G-086,G-053|G-086,0.0000,293.4226,BBOX_CLEAR
PAIR-006560,G-053,G-087,G-053|G-087,0.0000,286.1848,BBOX_CLEAR
PAIR-006561,G-053,G-088,G-053|G-088,0.0000,310.2959,BBOX_CLEAR
PAIR-006562,G-053,G-089,G-053|G-089,0.0000,291.2533,BBOX_CLEAR
PAIR-006563,G-053,G-090,G-053|G-090,0.0000,291.2413,BBOX_CLEAR
PAIR-006564,G-053,G-091,G-053|G-091,0.0000,291.3327,BBOX_CLEAR
PAIR-006565,G-053,G-092,G-053|G-092,0.0000,294.7364,BBOX_CLEAR
PAIR-006566,G-053,G-093,G-053|G-093,0.0000,293.8944,BBOX_CLEAR
PAIR-006567,G-053,G-094,G-053|G-094,0.0000,317.4207,BBOX_CLEAR
PAIR-006568,G-053,G-095,G-053|G-095,0.0000,303.7804,BBOX_CLEAR
PAIR-006569,G-053,G-096,G-053|G-096,0.0000,308.7751,BBOX_CLEAR
PAIR-006570,G-053,G-097,G-053|G-097,0.0000,315.9869,BBOX_CLEAR
PAIR-006571,G-053,G-098,G-053|G-098,0.0000,320.4938,BBOX_CLEAR
PAIR-006572,G-053,G-099,G-053|G-099,0.0000,329.3489,BBOX_CLEAR
PAIR-006573,G-053,G-100,G-053|G-100,0.0000,755.6396,BBOX_CLEAR
PAIR-006574,G-053,G-101,G-053|G-101,0.0000,737.0420,BBOX_CLEAR
PAIR-006575,G-053,G-102,G-053|G-102,0.0000,727.1344,BBOX_CLEAR
PAIR-006576,G-053,G-103,G-053|G-103,0.0000,709.4823,BBOX_CLEAR
PAIR-006577,G-053,G-104,G-053|G-104,0.0000,639.0193,BBOX_CLEAR
PAIR-006578,G-053,G-105,G-053|G-105,0.0000,605.4611,BBOX_CLEAR
PAIR-006579,G-053,G-106,G-053|G-106,0.0000,572.9459,BBOX_CLEAR
PAIR-006580,G-053,G-107,G-053|G-107,0.0000,541.6615,BBOX_CLEAR
PAIR-006581,G-053,G-108,G-053|G-108,0.0000,511.8337,BBOX_CLEAR
PAIR-006582,G-053,G-109,G-053|G-109,0.0000,483.7320,BBOX_CLEAR
PAIR-006583,G-053,G-110,G-053|G-110,0.0000,457.6743,BBOX_CLEAR
PAIR-006584,G-053,G-111,G-053|G-111,0.0000,434.0291,BBOX_CLEAR
PAIR-006585,G-053,G-112,G-053|G-112,0.0000,413.2108,BBOX_CLEAR
PAIR-006586,G-053,G-113,G-053|G-113,0.0000,395.6657,BBOX_CLEAR
PAIR-006587,G-053,G-114,G-053|G-114,0.0000,381.8453,BBOX_CLEAR
PAIR-006588,G-053,G-115,G-053|G-115,0.0000,372.1649,BBOX_CLEAR
PAIR-006589,G-053,G-116,G-053|G-116,0.0000,366.9521,BBOX_CLEAR
PAIR-006590,G-053,G-117,G-053|G-117,0.0000,366.0544,BBOX_CLEAR
PAIR-006591,G-053,G-118,G-053|G-118,0.0000,366.0544,BBOX_CLEAR
PAIR-006592,G-053,G-119,G-053|G-119,0.0000,368.0272,BBOX_CLEAR
PAIR-006593,G-053,G-120,G-053|G-120,0.0000,374.6019,BBOX_CLEAR
PAIR-006594,G-053,G-121,G-053|G-121,0.0000,385.5587,BBOX_CLEAR
PAIR-006595,G-053,G-122,G-053|G-122,0.0000,400.5381,BBOX_CLEAR
PAIR-006596,G-053,G-123,G-053|G-123,0.0000,419.1090,BBOX_CLEAR
PAIR-006597,G-053,G-124,G-053|G-124,0.0000,440.8177,BBOX_CLEAR
PAIR-006598,G-053,G-125,G-053|G-125,0.0000,465.2252,BBOX_CLEAR
PAIR-006599,G-053,G-126,G-053|G-126,0.0000,491.9299,BBOX_CLEAR
PAIR-006600,G-053,G-127,G-053|G-127,0.0000,520.5785,BBOX_CLEAR
PAIR-006601,G-053,G-128,G-053|G-128,0.0000,550.8677,BBOX_CLEAR
PAIR-006602,G-053,G-129,G-053|G-129,0.0000,582.5416,BBOX_CLEAR
PAIR-006603,G-053,G-130,G-053|G-130,0.0000,615.3866,BBOX_CLEAR
PAIR-006604,G-053,G-131,G-053|G-131,0.0000,649.2248,BBOX_CLEAR
PAIR-006605,G-053,G-132,G-053|G-132,0.0000,683.9089,BBOX_CLEAR
PAIR-006606,G-053,G-133,G-053|G-133,0.0000,719.3165,BBOX_CLEAR
PAIR-006607,G-053,G-134,G-053|G-134,0.0000,755.3460,BBOX_CLEAR
PAIR-006608,G-053,G-135,G-053|G-135,0.0000,791.9123,BBOX_CLEAR
PAIR-006609,G-053,P-001,G-053|P-001,0.0000,62.1998,BBOX_CLEAR
PAIR-006610,G-053,P-002,G-053|P-002,0.0000,519.1808,BBOX_CLEAR
PAIR-006611,G-053,P-003,G-053|P-003,0.0000,172.8275,BBOX_CLEAR
PAIR-006612,G-053,P-004,G-053|P-004,0.0000,321.3224,BBOX_CLEAR
PAIR-006613,G-053,P-005,G-053|P-005,192.7015,0.0000,BBOX_INTERSECTION
PAIR-006614,G-053,P-006,G-053|P-006,753.6794,0.0000,BBOX_INTERSECTION
PAIR-006615,G-053,P-007,G-053|P-007,753.6794,0.0000,BBOX_INTERSECTION
PAIR-006616,G-053,P-008,G-053|P-008,0.0000,83.5171,BBOX_CLEAR
PAIR-006617,G-053,P-009,G-053|P-009,0.0000,96.0751,BBOX_CLEAR
PAIR-006618,G-053,P-010,G-053|P-010,0.0000,199.2294,BBOX_CLEAR
PAIR-006619,G-053,P-011,G-053|P-011,746.2265,0.0000,BBOX_INTERSECTION
PAIR-006620,G-053,P-012,G-053|P-012,0.0000,118.8324,BBOX_CLEAR
PAIR-006621,G-053,P-013,G-053|P-013,0.0000,200.4027,BBOX_CLEAR
PAIR-006622,G-053,P-014,G-053|P-014,0.0000,252.5090,BBOX_CLEAR
PAIR-006623,G-053,P-015,G-053|P-015,0.0000,103.5578,BBOX_CLEAR
PAIR-006624,G-053,P-016,G-053|P-016,0.0000,222.1292,BBOX_CLEAR
PAIR-006625,G-053,P-017,G-053|P-017,0.0000,132.0094,BBOX_CLEAR
PAIR-006626,G-054,G-055,G-054|G-055,0.0000,0.0000,BBOX_WITHIN_8PX
PAIR-006627,G-054,G-056,G-054|G-056,0.0000,19.3151,BBOX_CLEAR
PAIR-006628,G-054,G-057,G-054|G-057,0.0000,38.6302,BBOX_CLEAR
PAIR-006629,G-054,G-058,G-054|G-058,0.0000,368.9558,BBOX_CLEAR
PAIR-006630,G-054,G-059,G-054|G-059,0.0000,351.9162,BBOX_CLEAR
PAIR-006631,G-054,G-060,G-054|G-060,0.0000,475.5558,BBOX_CLEAR
PAIR-006632,G-054,G-061,G-054|G-061,0.0000,458.5667,BBOX_CLEAR
PAIR-006633,G-054,G-062,G-054|G-062,0.0000,576.3391,BBOX_CLEAR
PAIR-006634,G-054,G-063,G-054|G-063,0.0000,559.2953,BBOX_CLEAR
PAIR-006635,G-054,G-064,G-054|G-064,0.0000,461.3355,BBOX_CLEAR
PAIR-006636,G-054,G-065,G-054|G-065,0.0000,484.8384,BBOX_CLEAR
PAIR-006637,G-054,G-066,G-054|G-066,0.0000,188.0682,BBOX_CLEAR
PAIR-006638,G-054,G-067,G-054|G-067,0.0000,215.3414,BBOX_CLEAR
PAIR-006639,G-054,G-068,G-054|G-068,0.0000,247.8109,BBOX_CLEAR
PAIR-006640,G-054,G-069,G-054|G-069,0.0000,631.9655,BBOX_CLEAR
PAIR-006641,G-054,G-070,G-054|G-070,0.0000,626.5784,BBOX_CLEAR
PAIR-006642,G-054,G-071,G-054|G-071,0.0000,582.0863,BBOX_CLEAR
PAIR-006643,G-054,G-072,G-054|G-072,0.0000,557.1123,BBOX_CLEAR
PAIR-006644,G-054,G-073,G-054|G-073,0.0000,553.3365,BBOX_CLEAR
PAIR-006645,G-054,G-074,G-054|G-074,0.0000,509.4297,BBOX_CLEAR
PAIR-006646,G-054,G-075,G-054|G-075,0.0000,485.8108,BBOX_CLEAR
PAIR-006647,G-054,G-076,G-054|G-076,0.0000,484.0900,BBOX_CLEAR
PAIR-006648,G-054,G-077,G-054|G-077,0.0000,391.0346,BBOX_CLEAR
PAIR-006649,G-054,G-078,G-054|G-078,0.0000,380.3470,BBOX_CLEAR
PAIR-006650,G-054,G-079,G-054|G-079,0.0000,365.2221,BBOX_CLEAR
PAIR-006651,G-054,G-080,G-054|G-080,0.0000,370.1895,BBOX_CLEAR
PAIR-006652,G-054,G-081,G-054|G-081,0.0000,349.3681,BBOX_CLEAR
PAIR-006653,G-054,G-082,G-054|G-082,0.0000,333.4486,BBOX_CLEAR
PAIR-006654,G-054,G-083,G-054|G-083,0.0000,341.4507,BBOX_CLEAR
PAIR-006655,G-054,G-084,G-054|G-084,0.0000,318.9201,BBOX_CLEAR
PAIR-006656,G-054,G-085,G-054|G-085,0.0000,304.7991,BBOX_CLEAR
PAIR-006657,G-054,G-086,G-054|G-086,0.0000,296.3941,BBOX_CLEAR
PAIR-006658,G-054,G-087,G-054|G-087,0.0000,288.2039,BBOX_CLEAR
PAIR-006659,G-054,G-088,G-054|G-088,0.0000,312.1795,BBOX_CLEAR
PAIR-006660,G-054,G-089,G-054|G-089,0.0000,292.0680,BBOX_CLEAR
PAIR-006661,G-054,G-090,G-054|G-090,0.0000,291.2437,BBOX_CLEAR
PAIR-006662,G-054,G-091,G-054|G-091,0.0000,291.2413,BBOX_CLEAR
PAIR-006663,G-054,G-092,G-054|G-092,0.0000,293.4206,BBOX_CLEAR
PAIR-006664,G-054,G-093,G-054|G-093,0.0000,291.7683,BBOX_CLEAR
PAIR-006665,G-054,G-094,G-054|G-094,0.0000,315.4647,BBOX_CLEAR
PAIR-006666,G-054,G-095,G-054|G-095,0.0000,301.2016,BBOX_CLEAR
PAIR-006667,G-054,G-096,G-054|G-096,0.0000,305.7325,BBOX_CLEAR
PAIR-006668,G-054,G-097,G-054|G-097,0.0000,312.4026,BBOX_CLEAR
PAIR-006669,G-054,G-098,G-054|G-098,0.0000,316.6227,BBOX_CLEAR
PAIR-006670,G-054,G-099,G-054|G-099,0.0000,324.9950,BBOX_CLEAR
PAIR-006671,G-054,G-100,G-054|G-100,0.0000,772.7950,BBOX_CLEAR
PAIR-006672,G-054,G-101,G-054|G-101,0.0000,753.8444,BBOX_CLEAR
PAIR-006673,G-054,G-102,G-054|G-102,0.0000,743.8631,BBOX_CLEAR
PAIR-006674,G-054,G-103,G-054|G-103,0.0000,726.0710,BBOX_CLEAR
PAIR-006675,G-054,G-104,G-054|G-104,0.0000,654.9447,BBOX_CLEAR
PAIR-006676,G-054,G-105,G-054|G-105,0.0000,620.9561,BBOX_CLEAR
PAIR-006677,G-054,G-106,G-054|G-106,0.0000,587.9344,BBOX_CLEAR
PAIR-006678,G-054,G-107,G-054|G-107,0.0000,556.0516,BBOX_CLEAR
PAIR-006679,G-054,G-108,G-054|G-108,0.0000,525.5153,BBOX_CLEAR
PAIR-006680,G-054,G-109,G-054|G-109,0.0000,496.5739,BBOX_CLEAR
PAIR-006681,G-054,G-110,G-054|G-110,0.0000,469.5224,BBOX_CLEAR
PAIR-006682,G-054,G-111,G-054|G-111,0.0000,444.7057,BBOX_CLEAR
PAIR-006683,G-054,G-112,G-054|G-112,0.0000,422.5180,BBOX_CLEAR
PAIR-006684,G-054,G-113,G-054|G-113,0.0000,403.3932,BBOX_CLEAR
PAIR-006685,G-054,G-114,G-054|G-114,0.0000,387.7847,BBOX_CLEAR
PAIR-006686,G-054,G-115,G-054|G-115,0.0000,376.1307,BBOX_CLEAR
PAIR-006687,G-054,G-116,G-054|G-116,0.0000,368.8060,BBOX_CLEAR
PAIR-006688,G-054,G-117,G-054|G-117,0.0000,366.0707,BBOX_CLEAR
PAIR-006689,G-054,G-118,G-054|G-118,0.0000,366.0544,BBOX_CLEAR
PAIR-006690,G-054,G-119,G-054|G-119,0.0000,367.1618,BBOX_CLEAR
PAIR-006691,G-054,G-120,G-054|G-120,0.0000,372.6885,BBOX_CLEAR
PAIR-006692,G-054,G-121,G-054|G-121,0.0000,382.6642,BBOX_CLEAR
PAIR-006693,G-054,G-122,G-054|G-122,0.0000,396.7537,BBOX_CLEAR
PAIR-006694,G-054,G-123,G-054|G-123,0.0000,414.5375,BBOX_CLEAR
PAIR-006695,G-054,G-124,G-054|G-124,0.0000,435.5635,BBOX_CLEAR
PAIR-006696,G-054,G-125,G-054|G-125,0.0000,459.3867,BBOX_CLEAR
PAIR-006697,G-054,G-126,G-054|G-126,0.0000,485.5955,BBOX_CLEAR
PAIR-006698,G-054,G-127,G-054|G-127,0.0000,513.8251,BBOX_CLEAR
PAIR-006699,G-054,G-128,G-054|G-128,0.0000,543.7608,BBOX_CLEAR
PAIR-006700,G-054,G-129,G-054|G-129,0.0000,575.1362,BBOX_CLEAR
PAIR-006701,G-054,G-130,G-054|G-130,0.0000,607.7284,BBOX_CLEAR
PAIR-006702,G-054,G-131,G-054|G-131,0.0000,641.3520,BBOX_CLEAR
PAIR-006703,G-054,G-132,G-054|G-132,0.0000,675.8530,BBOX_CLEAR
PAIR-006704,G-054,G-133,G-054|G-133,0.0000,711.1036,BBOX_CLEAR
PAIR-006705,G-054,G-134,G-054|G-134,0.0000,746.9980,BBOX_CLEAR
PAIR-006706,G-054,G-135,G-054|G-135,0.0000,783.4474,BBOX_CLEAR
PAIR-006707,G-054,P-001,G-054|P-001,0.0000,62.1998,BBOX_CLEAR
PAIR-006708,G-054,P-002,G-054|P-002,0.0000,509.6755,BBOX_CLEAR
PAIR-006709,G-054,P-003,G-054|P-003,0.0000,192.1425,BBOX_CLEAR
PAIR-006710,G-054,P-004,G-054|P-004,0.0000,331.6894,BBOX_CLEAR
PAIR-006711,G-054,P-005,G-054|P-005,0.0000,14.3766,BBOX_CLEAR
PAIR-006712,G-054,P-006,G-054|P-006,373.0336,0.0000,BBOX_INTERSECTION
PAIR-006713,G-054,P-007,G-054|P-007,373.0336,0.0000,BBOX_INTERSECTION
PAIR-006714,G-054,P-008,G-054|P-008,0.0000,74.1667,BBOX_CLEAR
PAIR-006715,G-054,P-009,G-054|P-009,0.0000,86.9344,BBOX_CLEAR
PAIR-006716,G-054,P-010,G-054|P-010,0.0000,191.5239,BBOX_CLEAR
PAIR-006717,G-054,P-011,G-054|P-011,373.0336,0.0000,BBOX_INTERSECTION
PAIR-006718,G-054,P-012,G-054|P-012,0.0000,109.2724,BBOX_CLEAR
PAIR-006719,G-054,P-013,G-054|P-013,0.0000,192.3944,BBOX_CLEAR
PAIR-006720,G-054,P-014,G-054|P-014,0.0000,243.8294,BBOX_CLEAR
PAIR-006721,G-054,P-015,G-054|P-015,0.0000,103.5578,BBOX_CLEAR
PAIR-006722,G-054,P-016,G-054|P-016,0.0000,214.5627,BBOX_CLEAR
PAIR-006723,G-054,P-017,G-054|P-017,0.0000,123.0523,BBOX_CLEAR
PAIR-006724,G-055,G-056,G-055|G-056,0.0000,0.0000,BBOX_WITHIN_8PX
PAIR-006725,G-055,G-057,G-055|G-057,0.0000,19.3151,BBOX_CLEAR
PAIR-006726,G-055,G-058,G-055|G-058,0.0000,378.5158,BBOX_CLEAR
PAIR-006727,G-055,G-059,G-055|G-059,0.0000,361.4762,BBOX_CLEAR
PAIR-006728,G-055,G-060,G-055|G-060,0.0000,485.1158,BBOX_CLEAR
PAIR-006729,G-055,G-061,G-055|G-061,0.0000,468.1267,BBOX_CLEAR
PAIR-006730,G-055,G-062,G-055|G-062,0.0000,585.8991,BBOX_CLEAR
PAIR-006731,G-055,G-063,G-055|G-063,0.0000,568.8553,BBOX_CLEAR
PAIR-006732,G-055,G-064,G-055|G-064,0.0000,442.0216,BBOX_CLEAR
PAIR-006733,G-055,G-065,G-055|G-065,0.0000,465.5368,BBOX_CLEAR
PAIR-006734,G-055,G-066,G-055|G-066,0.0000,173.9113,BBOX_CLEAR
PAIR-006735,G-055,G-067,G-055|G-067,0.0000,199.6919,BBOX_CLEAR
PAIR-006736,G-055,G-068,G-055|G-068,0.0000,231.1706,BBOX_CLEAR
PAIR-006737,G-055,G-069,G-055|G-069,0.0000,640.4987,BBOX_CLEAR
PAIR-006738,G-055,G-070,G-055|G-070,0.0000,634.9582,BBOX_CLEAR
PAIR-006739,G-055,G-071,G-055|G-071,0.0000,590.4238,BBOX_CLEAR
PAIR-006740,G-055,G-072,G-055|G-072,0.0000,565.3293,BBOX_CLEAR
PAIR-006741,G-055,G-073,G-055|G-073,0.0000,561.3537,BBOX_CLEAR
PAIR-006742,G-055,G-074,G-055|G-074,0.0000,517.3583,BBOX_CLEAR
PAIR-006743,G-055,G-075,G-055|G-075,0.0000,493.5588,BBOX_CLEAR
PAIR-006744,G-055,G-076,G-055|G-076,0.0000,491.5730,BBOX_CLEAR
PAIR-006745,G-055,G-077,G-055|G-077,0.0000,397.4777,BBOX_CLEAR
PAIR-006746,G-055,G-078,G-055|G-078,0.0000,386.5650,BBOX_CLEAR
PAIR-006747,G-055,G-079,G-055|G-079,0.0000,371.0689,BBOX_CLEAR
PAIR-006748,G-055,G-080,G-055|G-080,0.0000,375.5775,BBOX_CLEAR
PAIR-006749,G-055,G-081,G-055|G-081,0.0000,354.7380,BBOX_CLEAR
PAIR-006750,G-055,G-082,G-055|G-082,0.0000,338.2070,BBOX_CLEAR
PAIR-006751,G-055,G-083,G-055|G-083,0.0000,345.6854,BBOX_CLEAR
PAIR-006752,G-055,G-084,G-055|G-084,0.0000,322.9337,BBOX_CLEAR
PAIR-006753,G-055,G-085,G-055|G-085,0.0000,307.7543,BBOX_CLEAR
PAIR-006754,G-055,G-086,G-055|G-086,0.0000,298.3169,BBOX_CLEAR
PAIR-006755,G-055,G-087,G-055|G-087,0.0000,289.6749,BBOX_CLEAR
PAIR-006756,G-055,G-088,G-055|G-088,0.0000,313.5481,BBOX_CLEAR
PAIR-006757,G-055,G-089,G-055|G-089,0.0000,292.9420,BBOX_CLEAR
PAIR-006758,G-055,G-090,G-055|G-090,0.0000,291.4394,BBOX_CLEAR
PAIR-006759,G-055,G-091,G-055|G-091,0.0000,291.2413,BBOX_CLEAR
PAIR-006760,G-055,G-092,G-055|G-092,0.0000,291.7016,BBOX_CLEAR
PAIR-006761,G-055,G-093,G-055|G-093,0.0000,288.3931,BBOX_CLEAR
PAIR-006762,G-055,G-094,G-055|G-094,0.0000,312.3695,BBOX_CLEAR
PAIR-006763,G-055,G-095,G-055|G-095,0.0000,296.8636,BBOX_CLEAR
PAIR-006764,G-055,G-096,G-055|G-096,0.0000,300.4204,BBOX_CLEAR
PAIR-006765,G-055,G-097,G-055|G-097,0.0000,305.9451,BBOX_CLEAR
PAIR-006766,G-055,G-098,G-055|G-098,0.0000,309.5557,BBOX_CLEAR
PAIR-006767,G-055,G-099,G-055|G-099,0.0000,316.8966,BBOX_CLEAR
PAIR-006768,G-055,G-100,G-055|G-100,0.0000,781.3234,BBOX_CLEAR
PAIR-006769,G-055,G-101,G-055|G-101,0.0000,762.2048,BBOX_CLEAR
PAIR-006770,G-055,G-102,G-055|G-102,0.0000,752.1888,BBOX_CLEAR
PAIR-006771,G-055,G-103,G-055|G-103,0.0000,734.3309,BBOX_CLEAR
PAIR-006772,G-055,G-104,G-055|G-104,0.0000,662.8937,BBOX_CLEAR
PAIR-006773,G-055,G-105,G-055|G-105,0.0000,628.7037,BBOX_CLEAR
PAIR-006774,G-055,G-106,G-055|G-106,0.0000,595.4451,BBOX_CLEAR
PAIR-006775,G-055,G-107,G-055|G-107,0.0000,563.2831,BBOX_CLEAR
PAIR-006776,G-055,G-108,G-055|G-108,0.0000,532.4162,BBOX_CLEAR
PAIR-006777,G-055,G-109,G-055|G-109,0.0000,503.0832,BBOX_CLEAR
PAIR-006778,G-055,G-110,G-055|G-110,0.0000,475.5676,BBOX_CLEAR
PAIR-006779,G-055,G-111,G-055|G-111,0.0000,450.2031,BBOX_CLEAR
PAIR-006780,G-055,G-112,G-055|G-112,0.0000,427.3727,BBOX_CLEAR
PAIR-006781,G-055,G-113,G-055|G-113,0.0000,407.5025,BBOX_CLEAR
PAIR-006782,G-055,G-114,G-055|G-114,0.0000,391.0442,BBOX_CLEAR
PAIR-006783,G-055,G-115,G-055|G-115,0.0000,378.4430,BBOX_CLEAR
PAIR-006784,G-055,G-116,G-055|G-116,0.0000,370.0933,BBOX_CLEAR
PAIR-006785,G-055,G-117,G-055|G-117,0.0000,366.2857,BBOX_CLEAR
PAIR-006786,G-055,G-118,G-055|G-118,0.0000,366.0544,BBOX_CLEAR
PAIR-006787,G-055,G-119,G-055|G-119,0.0000,366.1695,BBOX_CLEAR
PAIR-006788,G-055,G-120,G-055|G-120,0.0000,369.5476,BBOX_CLEAR
PAIR-006789,G-055,G-121,G-055|G-121,0.0000,377.4878,BBOX_CLEAR
PAIR-006790,G-055,G-122,G-055|G-122,0.0000,389.7115,BBOX_CLEAR
PAIR-006791,G-055,G-123,G-055|G-123,0.0000,405.8317,BBOX_CLEAR
PAIR-006792,G-055,G-124,G-055|G-124,0.0000,425.4057,BBOX_CLEAR
PAIR-006793,G-055,G-125,G-055|G-125,0.0000,447.9810,BBOX_CLEAR
PAIR-006794,G-055,G-126,G-055|G-126,0.0000,473.1282,BBOX_CLEAR
PAIR-006795,G-055,G-127,G-055|G-127,0.0000,500.4597,BBOX_CLEAR
PAIR-006796,G-055,G-128,G-055|G-128,0.0000,529.6375,BBOX_CLEAR
PAIR-006797,G-055,G-129,G-055|G-129,0.0000,560.3732,BBOX_CLEAR
PAIR-006798,G-055,G-130,G-055|G-130,0.0000,592.4245,BBOX_CLEAR
PAIR-006799,G-055,G-131,G-055|G-131,0.0000,625.5891,BBOX_CLEAR
PAIR-006800,G-055,G-132,G-055|G-132,0.0000,659.6992,BBOX_CLEAR
PAIR-006801,G-055,G-133,G-055|G-133,0.0000,694.6154,BBOX_CLEAR
PAIR-006802,G-055,G-134,G-055|G-134,0.0000,730.2223,BBOX_CLEAR
PAIR-006803,G-055,G-135,G-055|G-135,0.0000,766.4234,BBOX_CLEAR
PAIR-006804,G-055,P-001,G-055|P-001,0.0000,62.1998,BBOX_CLEAR
PAIR-006805,G-055,P-002,G-055|P-002,0.0000,490.4775,BBOX_CLEAR
PAIR-006806,G-055,P-003,G-055|P-003,0.0000,201.7025,BBOX_CLEAR
PAIR-006807,G-055,P-004,G-055|P-004,0.0000,337.1121,BBOX_CLEAR
PAIR-006808,G-055,P-005,G-055|P-005,0.0000,23.9366,BBOX_CLEAR
PAIR-006809,G-055,P-006,G-055|P-006,753.6794,0.0000,BBOX_INTERSECTION
PAIR-006810,G-055,P-007,G-055|P-007,753.6794,0.0000,BBOX_INTERSECTION
PAIR-006811,G-055,P-008,G-055|P-008,0.0000,55.4934,BBOX_CLEAR
PAIR-006812,G-055,P-009,G-055|P-009,0.0000,68.8150,BBOX_CLEAR
PAIR-006813,G-055,P-010,G-055|P-010,0.0000,176.5099,BBOX_CLEAR
PAIR-006814,G-055,P-011,G-055|P-011,753.6794,0.0000,BBOX_INTERSECTION
PAIR-006815,G-055,P-012,G-055|P-012,0.0000,89.9574,BBOX_CLEAR
PAIR-006816,G-055,P-013,G-055|P-013,0.0000,176.6859,BBOX_CLEAR
PAIR-006817,G-055,P-014,G-055|P-014,0.0000,226.5097,BBOX_CLEAR
PAIR-006818,G-055,P-015,G-055|P-015,0.0000,103.5578,BBOX_CLEAR
PAIR-006819,G-055,P-016,G-055|P-016,0.0000,199.7974,BBOX_CLEAR
PAIR-006820,G-055,P-017,G-055|P-017,0.0000,105.2795,BBOX_CLEAR
PAIR-006821,G-056,G-057,G-056|G-057,0.0000,0.0000,BBOX_WITHIN_8PX
PAIR-006822,G-056,G-058,G-056|G-058,0.0000,397.8309,BBOX_CLEAR
PAIR-006823,G-056,G-059,G-056|G-059,0.0000,380.7912,BBOX_CLEAR
PAIR-006824,G-056,G-060,G-056|G-060,0.0000,504.4309,BBOX_CLEAR
PAIR-006825,G-056,G-061,G-056|G-061,0.0000,487.4418,BBOX_CLEAR
PAIR-006826,G-056,G-062,G-056|G-062,0.0000,605.2142,BBOX_CLEAR
PAIR-006827,G-056,G-063,G-056|G-063,0.0000,588.1704,BBOX_CLEAR
PAIR-006828,G-056,G-064,G-056|G-064,0.0000,422.7078,BBOX_CLEAR
PAIR-006829,G-056,G-065,G-056|G-065,0.0000,446.2364,BBOX_CLEAR
PAIR-006830,G-056,G-066,G-056|G-066,0.0000,160.8315,BBOX_CLEAR
PAIR-006831,G-056,G-067,G-056|G-067,0.0000,184.7375,BBOX_CLEAR
PAIR-006832,G-056,G-068,G-056|G-068,0.0000,214.9782,BBOX_CLEAR
PAIR-006833,G-056,G-069,G-056|G-069,0.0000,657.8255,BBOX_CLEAR
PAIR-006834,G-056,G-070,G-056|G-070,0.0000,651.9880,BBOX_CLEAR
PAIR-006835,G-056,G-071,G-056|G-071,0.0000,607.3789,BBOX_CLEAR
PAIR-006836,G-056,G-072,G-056|G-072,0.0000,582.0560,BBOX_CLEAR
PAIR-006837,G-056,G-073,G-056|G-073,0.0000,577.6950,BBOX_CLEAR
PAIR-006838,G-056,G-074,G-056|G-074,0.0000,533.5404,BBOX_CLEAR
PAIR-006839,G-056,G-075,G-056|G-075,0.0000,509.4009,BBOX_CLEAR
PAIR-006840,G-056,G-076,G-056|G-076,0.0000,506.9049,BBOX_CLEAR
PAIR-006841,G-056,G-077,G-056|G-077,0.0000,410.8660,BBOX_CLEAR
PAIR-006842,G-056,G-078,G-056|G-078,0.0000,399.5308,BBOX_CLEAR
PAIR-006843,G-056,G-079,G-056|G-079,0.0000,383.3376,BBOX_CLEAR
PAIR-006844,G-056,G-080,G-056|G-080,0.0000,386.9557,BBOX_CLEAR
PAIR-006845,G-056,G-081,G-056|G-081,0.0000,366.1090,BBOX_CLEAR
PAIR-006846,G-056,G-082,G-056|G-082,0.0000,348.4236,BBOX_CLEAR
PAIR-006847,G-056,G-083,G-056|G-083,0.0000,354.8735,BBOX_CLEAR
PAIR-006848,G-056,G-084,G-056|G-084,0.0000,331.7360,BBOX_CLEAR
PAIR-006849,G-056,G-085,G-056|G-085,0.0000,314.5277,BBOX_CLEAR
PAIR-006850,G-056,G-086,G-056|G-086,0.0000,303.0858,BBOX_CLEAR
PAIR-006851,G-056,G-087,G-056|G-087,0.0000,293.5758,BBOX_CLEAR
PAIR-006852,G-056,G-088,G-056|G-088,0.0000,317.1755,BBOX_CLEAR
PAIR-006853,G-056,G-089,G-056|G-089,0.0000,295.6445,BBOX_CLEAR
PAIR-006854,G-056,G-090,G-056|G-090,0.0000,292.7884,BBOX_CLEAR
PAIR-006855,G-056,G-091,G-056|G-091,0.0000,291.2413,BBOX_CLEAR
PAIR-006856,G-056,G-092,G-056|G-092,0.0000,291.2413,BBOX_CLEAR
PAIR-006857,G-056,G-093,G-056|G-093,0.0000,286.2842,BBOX_CLEAR
PAIR-006858,G-056,G-094,G-056|G-094,0.0000,310.4473,BBOX_CLEAR
PAIR-006859,G-056,G-095,G-056|G-095,0.0000,293.7342,BBOX_CLEAR
PAIR-006860,G-056,G-096,G-056|G-096,0.0000,296.2746,BBOX_CLEAR
PAIR-006861,G-056,G-097,G-056|G-097,0.0000,300.5921,BBOX_CLEAR
PAIR-006862,G-056,G-098,G-056|G-098,0.0000,303.5550,BBOX_CLEAR
PAIR-006863,G-056,G-099,G-056|G-099,0.0000,309.7924,BBOX_CLEAR
PAIR-006864,G-056,G-100,G-056|G-100,0.0000,798.6256,BBOX_CLEAR
PAIR-006865,G-056,G-101,G-056|G-101,0.0000,779.1803,BBOX_CLEAR
PAIR-006866,G-056,G-102,G-056|G-102,0.0000,769.0977,BBOX_CLEAR
PAIR-006867,G-056,G-103,G-056|G-103,0.0000,751.1135,BBOX_CLEAR
PAIR-006868,G-056,G-104,G-056|G-104,0.0000,679.0806,BBOX_CLEAR
PAIR-006869,G-056,G-105,G-056|G-105,0.0000,644.5053,BBOX_CLEAR
PAIR-006870,G-056,G-106,G-056|G-106,0.0000,610.7947,BBOX_CLEAR
PAIR-006871,G-056,G-107,G-056|G-107,0.0000,578.0999,BBOX_CLEAR
PAIR-006872,G-056,G-108,G-056|G-108,0.0000,546.6033,BBOX_CLEAR
PAIR-006873,G-056,G-109,G-056|G-109,0.0000,516.5241,BBOX_CLEAR
PAIR-006874,G-056,G-110,G-056|G-110,0.0000,488.1245,BBOX_CLEAR
PAIR-006875,G-056,G-111,G-056|G-111,0.0000,461.7144,BBOX_CLEAR
PAIR-006876,G-056,G-112,G-056|G-112,0.0000,437.6542,BBOX_CLEAR
PAIR-006877,G-056,G-113,G-056|G-113,0.0000,416.3514,BBOX_CLEAR
PAIR-006878,G-056,G-114,G-056|G-114,0.0000,398.2489,BBOX_CLEAR
PAIR-006879,G-056,G-115,G-056|G-115,0.0000,383.7996,BBOX_CLEAR
PAIR-006880,G-056,G-116,G-056|G-116,0.0000,373.4280,BBOX_CLEAR
PAIR-006881,G-056,G-117,G-056|G-117,0.0000,367.4794,BBOX_CLEAR
PAIR-006882,G-056,G-118,G-056|G-118,0.0000,366.0544,BBOX_CLEAR
PAIR-006883,G-056,G-119,G-056|G-119,0.0000,366.0544,BBOX_CLEAR
PAIR-006884,G-056,G-120,G-056|G-120,0.0000,367.3966,BBOX_CLEAR
PAIR-006885,G-056,G-121,G-056|G-121,0.0000,373.2403,BBOX_CLEAR
PAIR-006886,G-056,G-122,G-056|G-122,0.0000,383.5137,BBOX_CLEAR
PAIR-006887,G-056,G-123,G-056|G-123,0.0000,397.8737,BBOX_CLEAR
PAIR-006888,G-056,G-124,G-056|G-124,0.0000,415.8973,BBOX_CLEAR
PAIR-006889,G-056,G-125,G-056|G-125,0.0000,437.1315,BBOX_CLEAR
PAIR-006890,G-056,G-126,G-056|G-126,0.0000,461.1330,BBOX_CLEAR
PAIR-006891,G-056,G-127,G-056|G-127,0.0000,487.4933,BBOX_CLEAR
PAIR-006892,G-056,G-128,G-056|G-128,0.0000,515.8508,BBOX_CLEAR
PAIR-006893,G-056,G-129,G-056|G-129,0.0000,545.8945,BBOX_CLEAR
PAIR-006894,G-056,G-130,G-056|G-130,0.0000,577.3611,BBOX_CLEAR
PAIR-006895,G-056,G-131,G-056|G-131,0.0000,610.0305,BBOX_CLEAR
PAIR-006896,G-056,G-132,G-056|G-132,0.0000,643.7196,BBOX_CLEAR
PAIR-006897,G-056,G-133,G-056|G-133,0.0000,678.2765,BBOX_CLEAR
PAIR-006898,G-056,G-134,G-056|G-134,0.0000,713.5750,BBOX_CLEAR
PAIR-006899,G-056,G-135,G-056|G-135,0.0000,749.5106,BBOX_CLEAR
PAIR-006900,G-056,P-001,G-056|P-001,0.0000,62.1998,BBOX_CLEAR
PAIR-006901,G-056,P-002,G-056|P-002,0.0000,471.2890,BBOX_CLEAR
PAIR-006902,G-056,P-003,G-056|P-003,0.0000,221.0176,BBOX_CLEAR
PAIR-006903,G-056,P-004,G-056|P-004,0.0000,348.6112,BBOX_CLEAR
PAIR-006904,G-056,P-005,G-056|P-005,0.0000,43.2517,BBOX_CLEAR
PAIR-006905,G-056,P-006,G-056|P-006,753.6794,0.0000,BBOX_INTERSECTION
PAIR-006906,G-056,P-007,G-056|P-007,753.6794,0.0000,BBOX_INTERSECTION
PAIR-006907,G-056,P-008,G-056|P-008,0.0000,37.4765,BBOX_CLEAR
PAIR-006908,G-056,P-009,G-056|P-009,0.0000,51.5711,BBOX_CLEAR
PAIR-006909,G-056,P-010,G-056|P-010,0.0000,162.4076,BBOX_CLEAR
PAIR-006910,G-056,P-011,G-056|P-011,753.6794,0.0000,BBOX_INTERSECTION
PAIR-006911,G-056,P-012,G-056|P-012,0.0000,70.6424,BBOX_CLEAR
PAIR-006912,G-056,P-013,G-056|P-013,0.0000,161.7601,BBOX_CLEAR
PAIR-006913,G-056,P-014,G-056|P-014,0.0000,209.5390,BBOX_CLEAR
PAIR-006914,G-056,P-015,G-056|P-015,0.0000,103.5578,BBOX_CLEAR
PAIR-006915,G-056,P-016,G-056|P-016,0.0000,185.8682,BBOX_CLEAR
PAIR-006916,G-056,P-017,G-056|P-017,0.0000,88.1578,BBOX_CLEAR
PAIR-006917,G-057,G-058,G-057|G-058,0.0000,417.1460,BBOX_CLEAR
PAIR-006918,G-057,G-059,G-057|G-059,0.0000,400.1063,BBOX_CLEAR
PAIR-006919,G-057,G-060,G-057|G-060,0.0000,523.7460,BBOX_CLEAR
PAIR-006920,G-057,G-061,G-057|G-061,0.0000,506.7568,BBOX_CLEAR
PAIR-006921,G-057,G-062,G-057|G-062,0.0000,624.5293,BBOX_CLEAR
PAIR-006922,G-057,G-063,G-057|G-063,0.0000,607.4855,BBOX_CLEAR
PAIR-006923,G-057,G-064,G-057|G-064,0.0000,408.7785,BBOX_CLEAR
PAIR-006924,G-057,G-065,G-057|G-065,0.0000,432.3175,BBOX_CLEAR
PAIR-006925,G-057,G-066,G-057|G-066,0.0000,152.2240,BBOX_CLEAR
PAIR-006926,G-057,G-067,G-057|G-067,0.0000,174.4845,BBOX_CLEAR
PAIR-006927,G-057,G-068,G-057|G-068,0.0000,203.6383,BBOX_CLEAR
PAIR-006928,G-057,G-069,G-057|G-069,0.0000,675.2602,BBOX_CLEAR
PAIR-006929,G-057,G-070,G-057|G-070,0.0000,669.1419,BBOX_CLEAR
PAIR-006930,G-057,G-071,G-057|G-071,0.0000,624.4710,BBOX_CLEAR
PAIR-006931,G-057,G-072,G-057|G-072,0.0000,598.9385,BBOX_CLEAR
PAIR-006932,G-057,G-073,G-057|G-073,0.0000,594.2147,BBOX_CLEAR
PAIR-006933,G-057,G-074,G-057|G-074,0.0000,549.9248,BBOX_CLEAR
PAIR-006934,G-057,G-075,G-057|G-075,0.0000,525.4754,BBOX_CLEAR
PAIR-006935,G-057,G-076,G-057|G-076,0.0000,522.5010,BBOX_CLEAR
PAIR-006936,G-057,G-077,G-057|G-077,0.0000,424.7108,BBOX_CLEAR
PAIR-006937,G-057,G-078,G-057|G-078,0.0000,412.9931,BBOX_CLEAR
PAIR-006938,G-057,G-079,G-057|G-079,0.0000,396.1684,BBOX_CLEAR
PAIR-006939,G-057,G-080,G-057|G-080,0.0000,398.9450,BBOX_CLEAR
PAIR-006940,G-057,G-081,G-057|G-081,0.0000,378.1252,BBOX_CLEAR
PAIR-006941,G-057,G-082,G-057|G-082,0.0000,359.3887,BBOX_CLEAR
PAIR-006942,G-057,G-083,G-057|G-083,0.0000,364.8536,BBOX_CLEAR
PAIR-006943,G-057,G-084,G-057|G-084,0.0000,341.4052,BBOX_CLEAR
PAIR-006944,G-057,G-085,G-057|G-085,0.0000,322.3179,BBOX_CLEAR
PAIR-006945,G-057,G-086,G-057|G-086,0.0000,308.9907,BBOX_CLEAR
PAIR-006946,G-057,G-087,G-057|G-087,0.0000,298.6772,BBOX_CLEAR
PAIR-006947,G-057,G-088,G-057|G-088,0.0000,321.9230,BBOX_CLEAR
PAIR-006948,G-057,G-089,G-057|G-089,0.0000,299.5705,BBOX_CLEAR
PAIR-006949,G-057,G-090,G-057|G-090,0.0000,295.3969,BBOX_CLEAR
PAIR-006950,G-057,G-091,G-057|G-091,0.0000,291.4649,BBOX_CLEAR
PAIR-006951,G-057,G-092,G-057|G-092,0.0000,291.2413,BBOX_CLEAR
PAIR-006952,G-057,G-093,G-057|G-093,0.0000,285.5655,BBOX_CLEAR
PAIR-006953,G-057,G-094,G-057|G-094,0.0000,309.8019,BBOX_CLEAR
PAIR-006954,G-057,G-095,G-057|G-095,0.0000,292.2497,BBOX_CLEAR
PAIR-006955,G-057,G-096,G-057|G-096,0.0000,294.0368,BBOX_CLEAR
PAIR-006956,G-057,G-097,G-057|G-097,0.0000,297.4509,BBOX_CLEAR
PAIR-006957,G-057,G-098,G-057|G-098,0.0000,299.9256,BBOX_CLEAR
PAIR-006958,G-057,G-099,G-057|G-099,0.0000,305.3253,BBOX_CLEAR
PAIR-006959,G-057,G-100,G-057|G-100,0.0000,816.0180,BBOX_CLEAR
PAIR-006960,G-057,G-101,G-057|G-101,0.0000,796.2625,BBOX_CLEAR
PAIR-006961,G-057,G-102,G-057|G-102,0.0000,786.1174,BBOX_CLEAR
PAIR-006962,G-057,G-103,G-057|G-103,0.0000,768.0150,BBOX_CLEAR
PAIR-006963,G-057,G-104,G-057|G-104,0.0000,695.4272,BBOX_CLEAR
PAIR-006964,G-057,G-105,G-057|G-105,0.0000,660.4938,BBOX_CLEAR
PAIR-006965,G-057,G-106,G-057|G-106,0.0000,626.3637,BBOX_CLEAR
PAIR-006966,G-057,G-107,G-057|G-107,0.0000,593.1756,BBOX_CLEAR
PAIR-006967,G-057,G-108,G-057|G-108,0.0000,561.0966,BBOX_CLEAR
PAIR-006968,G-057,G-109,G-057|G-109,0.0000,530.3280,BBOX_CLEAR
PAIR-006969,G-057,G-110,G-057|G-110,0.0000,501.1113,BBOX_CLEAR
PAIR-006970,G-057,G-111,G-057|G-111,0.0000,473.7337,BBOX_CLEAR
PAIR-006971,G-057,G-112,G-057|G-112,0.0000,448.5321,BBOX_CLEAR
PAIR-006972,G-057,G-113,G-057|G-113,0.0000,425.8930,BBOX_CLEAR
PAIR-006973,G-057,G-114,G-057|G-114,0.0000,406.2449,BBOX_CLEAR
PAIR-006974,G-057,G-115,G-057|G-115,0.0000,390.0402,BBOX_CLEAR
PAIR-006975,G-057,G-116,G-057|G-116,0.0000,377.7222,BBOX_CLEAR
PAIR-006976,G-057,G-117,G-057|G-117,0.0000,369.6798,BBOX_CLEAR
PAIR-006977,G-057,G-118,G-057|G-118,0.0000,366.1947,BBOX_CLEAR
PAIR-006978,G-057,G-119,G-057|G-119,0.0000,366.0544,BBOX_CLEAR
PAIR-006979,G-057,G-120,G-057|G-120,0.0000,366.4699,BBOX_CLEAR
PAIR-006980,G-057,G-121,G-057|G-121,0.0000,370.7718,BBOX_CLEAR
PAIR-006981,G-057,G-122,G-057|G-122,0.0000,379.5914,BBOX_CLEAR
PAIR-006982,G-057,G-123,G-057|G-123,0.0000,392.6243,BBOX_CLEAR
PAIR-006983,G-057,G-124,G-057|G-124,0.0000,409.4684,BBOX_CLEAR
PAIR-006984,G-057,G-125,G-057|G-125,0.0000,429.6757,BBOX_CLEAR
PAIR-006985,G-057,G-126,G-057|G-126,0.0000,452.7962,BBOX_CLEAR
PAIR-006986,G-057,G-127,G-057|G-127,0.0000,478.4077,BBOX_CLEAR
PAIR-006987,G-057,G-128,G-057|G-128,0.0000,506.1322,BBOX_CLEAR
PAIR-006988,G-057,G-129,G-057|G-129,0.0000,535.6417,BBOX_CLEAR
PAIR-006989,G-057,G-130,G-057|G-130,0.0000,566.6573,BBOX_CLEAR
PAIR-006990,G-057,G-131,G-057|G-131,0.0000,598.9452,BBOX_CLEAR
PAIR-006991,G-057,G-132,G-057|G-132,0.0000,632.3105,BBOX_CLEAR
PAIR-006992,G-057,G-133,G-057|G-133,0.0000,666.5914,BBOX_CLEAR
PAIR-006993,G-057,G-134,G-057|G-134,0.0000,701.6537,BBOX_CLEAR
PAIR-006994,G-057,G-135,G-057|G-135,0.0000,737.3860,BBOX_CLEAR
PAIR-006995,G-057,P-001,G-057|P-001,0.0000,62.1998,BBOX_CLEAR
PAIR-006996,G-057,P-002,G-057|P-002,0.0000,457.4567,BBOX_CLEAR
PAIR-006997,G-057,P-003,G-057|P-003,0.0000,240.3327,BBOX_CLEAR
PAIR-006998,G-057,P-004,G-057|P-004,0.0000,360.7785,BBOX_CLEAR
PAIR-006999,G-057,P-005,G-057|P-005,0.0000,62.5668,BBOX_CLEAR
PAIR-007000,G-057,P-006,G-057|P-006,543.5635,0.0000,BBOX_INTERSECTION
PAIR-007001,G-057,P-007,G-057|P-007,543.5635,0.0000,BBOX_INTERSECTION
PAIR-007002,G-057,P-008,G-057|P-008,0.0000,25.6816,BBOX_CLEAR
PAIR-007003,G-057,P-009,G-057|P-009,0.0000,40.3175,BBOX_CLEAR
PAIR-007004,G-057,P-010,G-057|P-010,0.0000,152.9454,BBOX_CLEAR
PAIR-007005,G-057,P-011,G-057|P-011,543.5635,0.0000,BBOX_INTERSECTION
PAIR-007006,G-057,P-012,G-057|P-012,0.0000,56.7123,BBOX_CLEAR
PAIR-007007,G-057,P-013,G-057|P-013,0.0000,151.6119,BBOX_CLEAR
PAIR-007008,G-057,P-014,G-057|P-014,0.0000,197.5670,BBOX_CLEAR
PAIR-007009,G-057,P-015,G-057|P-015,0.0000,103.5578,BBOX_CLEAR
PAIR-007010,G-057,P-016,G-057|P-016,0.0000,176.4532,BBOX_CLEAR
PAIR-007011,G-057,P-017,G-057|P-017,0.0000,76.4610,BBOX_CLEAR
PAIR-007012,G-058,G-059,G-058|G-059,0.0000,1.7164,BBOX_WITHIN_8PX
PAIR-007013,G-058,G-060,G-058|G-060,0.0000,90.4456,BBOX_CLEAR
PAIR-007014,G-058,G-061,G-058|G-061,0.0000,73.4565,BBOX_CLEAR
PAIR-007015,G-058,G-062,G-058|G-062,0.0000,191.2289,BBOX_CLEAR
PAIR-007016,G-058,G-063,G-058|G-063,0.0000,174.1851,BBOX_CLEAR
PAIR-007017,G-058,G-064,G-058|G-064,0.0000,839.8400,BBOX_CLEAR
PAIR-007018,G-058,G-065,G-058|G-065,0.0000,863.2137,BBOX_CLEAR
PAIR-007019,G-058,G-066,G-058|G-066,0.0000,535.1683,BBOX_CLEAR
PAIR-007020,G-058,G-067,G-058|G-067,0.0000,569.4434,BBOX_CLEAR
PAIR-007021,G-058,G-068,G-058|G-068,0.0000,606.8074,BBOX_CLEAR
PAIR-007022,G-058,G-069,G-058|G-069,0.0000,337.6730,BBOX_CLEAR
PAIR-007023,G-058,G-070,G-058|G-070,0.0000,344.6728,BBOX_CLEAR
PAIR-007024,G-058,G-071,G-058|G-071,0.0000,311.5645,BBOX_CLEAR
PAIR-007025,G-058,G-072,G-058|G-072,0.0000,301.4782,BBOX_CLEAR
PAIR-007026,G-058,G-073,G-058|G-073,0.0000,313.4240,BBOX_CLEAR
PAIR-007027,G-058,G-074,G-058|G-074,0.0000,289.1775,BBOX_CLEAR
PAIR-007028,G-058,G-075,G-058|G-075,0.0000,287.0264,BBOX_CLEAR
PAIR-007029,G-058,G-076,G-058|G-076,0.0000,303.6885,BBOX_CLEAR
PAIR-007030,G-058,G-077,G-058|G-077,0.0000,302.6381,BBOX_CLEAR
PAIR-007031,G-058,G-078,G-058|G-078,0.0000,310.8595,BBOX_CLEAR
PAIR-007032,G-058,G-079,G-058|G-079,0.0000,316.7648,BBOX_CLEAR
PAIR-007033,G-058,G-080,G-058|G-080,0.0000,342.0516,BBOX_CLEAR
PAIR-007034,G-058,G-081,G-058|G-081,0.0000,334.8754,BBOX_CLEAR
PAIR-007035,G-058,G-082,G-058|G-082,0.0000,343.6940,BBOX_CLEAR
PAIR-007036,G-058,G-083,G-058|G-083,0.0000,370.9565,BBOX_CLEAR
PAIR-007037,G-058,G-084,G-058|G-084,0.0000,366.9394,BBOX_CLEAR
PAIR-007038,G-058,G-085,G-058|G-085,0.0000,383.6297,BBOX_CLEAR
PAIR-007039,G-058,G-086,G-058|G-086,0.0000,410.8476,BBOX_CLEAR
PAIR-007040,G-058,G-087,G-058|G-087,0.0000,424.6784,BBOX_CLEAR
PAIR-007041,G-058,G-088,G-058|G-088,0.0000,441.0037,BBOX_CLEAR
PAIR-007042,G-058,G-089,G-058|G-089,0.0000,440.8099,BBOX_CLEAR
PAIR-007043,G-058,G-090,G-058|G-090,0.0000,453.0880,BBOX_CLEAR
PAIR-007044,G-058,G-091,G-058|G-091,0.0000,475.8638,BBOX_CLEAR
PAIR-007045,G-058,G-092,G-058|G-092,0.0000,506.4120,BBOX_CLEAR
PAIR-007046,G-058,G-093,G-058|G-093,0.0000,523.5901,BBOX_CLEAR
PAIR-007047,G-058,G-094,G-058|G-094,0.0000,536.8899,BBOX_CLEAR
PAIR-007048,G-058,G-095,G-058|G-095,0.0000,540.5649,BBOX_CLEAR
PAIR-007049,G-058,G-096,G-058|G-096,0.0000,554.2731,BBOX_CLEAR
PAIR-007050,G-058,G-097,G-058|G-097,0.0000,571.3940,BBOX_CLEAR
PAIR-007051,G-058,G-098,G-058|G-098,0.0000,581.0480,BBOX_CLEAR
PAIR-007052,G-058,G-099,G-058|G-099,0.0000,598.4463,BBOX_CLEAR
PAIR-007053,G-058,G-100,G-058|G-100,0.0000,464.0622,BBOX_CLEAR
PAIR-007054,G-058,G-101,G-058|G-101,0.0000,458.0030,BBOX_CLEAR
PAIR-007055,G-058,G-102,G-058|G-102,0.0000,451.2672,BBOX_CLEAR
PAIR-007056,G-058,G-103,G-058|G-103,0.0000,439.6765,BBOX_CLEAR
PAIR-007057,G-058,G-104,G-058|G-104,0.0000,398.7890,BBOX_CLEAR
PAIR-007058,G-058,G-105,G-058|G-105,0.0000,384.2386,BBOX_CLEAR
PAIR-007059,G-058,G-106,G-058|G-106,0.0000,373.7542,BBOX_CLEAR
PAIR-007060,G-058,G-107,G-058|G-107,0.0000,367.6839,BBOX_CLEAR
PAIR-007061,G-058,G-108,G-058|G-108,0.0000,366.1587,BBOX_CLEAR
PAIR-007062,G-058,G-109,G-058|G-109,0.0000,366.1587,BBOX_CLEAR
PAIR-007063,G-058,G-110,G-058|G-110,0.0000,367.6799,BBOX_CLEAR
PAIR-007064,G-058,G-111,G-058|G-111,0.0000,373.7454,BBOX_CLEAR
PAIR-007065,G-058,G-112,G-058|G-112,0.0000,384.2252,BBOX_CLEAR
PAIR-007066,G-058,G-113,G-058|G-113,0.0000,398.7715,BBOX_CLEAR
PAIR-007067,G-058,G-114,G-058|G-114,0.0000,416.9590,BBOX_CLEAR
PAIR-007068,G-058,G-115,G-058|G-115,0.0000,438.3346,BBOX_CLEAR
PAIR-007069,G-058,G-116,G-058|G-116,0.0000,462.4564,BBOX_CLEAR
PAIR-007070,G-058,G-117,G-058|G-117,0.0000,488.9182,BBOX_CLEAR
PAIR-007071,G-058,G-118,G-058|G-118,0.0000,517.3610,BBOX_CLEAR
PAIR-007072,G-058,G-119,G-058|G-119,0.0000,547.4761,BBOX_CLEAR
PAIR-007073,G-058,G-120,G-058|G-120,0.0000,579.0027,BBOX_CLEAR
PAIR-007074,G-058,G-121,G-058|G-121,0.0000,611.7226,BBOX_CLEAR
PAIR-007075,G-058,G-122,G-058|G-122,0.0000,645.4543,BBOX_CLEAR
PAIR-007076,G-058,G-123,G-058|G-123,0.0000,680.0473,BBOX_CLEAR
PAIR-007077,G-058,G-124,G-058|G-124,0.0000,715.3766,BBOX_CLEAR
PAIR-007078,G-058,G-125,G-058|G-125,0.0000,751.3384,BBOX_CLEAR
PAIR-007079,G-058,G-126,G-058|G-126,0.0000,787.8461,BBOX_CLEAR
PAIR-007080,G-058,G-127,G-058|G-127,0.0000,824.8271,BBOX_CLEAR
PAIR-007081,G-058,G-128,G-058|G-128,0.0000,862.2207,BBOX_CLEAR
PAIR-007082,G-058,G-129,G-058|G-129,0.0000,899.9753,BBOX_CLEAR
PAIR-007083,G-058,G-130,G-058|G-130,0.0000,938.0474,BBOX_CLEAR
PAIR-007084,G-058,G-131,G-058|G-131,0.0000,976.3998,BBOX_CLEAR
PAIR-007085,G-058,G-132,G-058|G-132,0.0000,1015.0008,BBOX_CLEAR
PAIR-007086,G-058,G-133,G-058|G-133,0.0000,1053.8230,BBOX_CLEAR
PAIR-007087,G-058,G-134,G-058|G-134,0.0000,1092.8429,BBOX_CLEAR
PAIR-007088,G-058,G-135,G-058|G-135,0.0000,1132.0400,BBOX_CLEAR
PAIR-007089,G-058,P-001,G-058|P-001,0.0000,62.3040,BBOX_CLEAR
PAIR-007090,G-058,P-002,G-058|P-002,0.0000,886.9304,BBOX_CLEAR
PAIR-007091,G-058,P-003,G-058|P-003,0.0000,176.8132,BBOX_CLEAR
PAIR-007092,G-058,P-004,G-058|P-004,0.0000,323.3056,BBOX_CLEAR
PAIR-007093,G-058,P-005,G-058|P-005,36.7685,0.0000,BBOX_INTERSECTION
PAIR-007094,G-058,P-006,G-058|P-006,630.3501,0.0000,BBOX_INTERSECTION
PAIR-007095,G-058,P-007,G-058|P-007,630.3501,0.0000,BBOX_INTERSECTION
PAIR-007096,G-058,P-008,G-058|P-008,0.0000,451.1432,BBOX_CLEAR
PAIR-007097,G-058,P-009,G-058|P-009,0.0000,461.9971,BBOX_CLEAR
PAIR-007098,G-058,P-010,G-058|P-010,0.0000,543.6251,BBOX_CLEAR
PAIR-007099,G-058,P-011,G-058|P-011,0.0000,349.8317,BBOX_CLEAR
PAIR-007100,G-058,P-012,G-058|P-012,0.0000,487.7880,BBOX_CLEAR
PAIR-007101,G-058,P-013,G-058|P-013,0.0000,548.8538,BBOX_CLEAR
PAIR-007102,G-058,P-014,G-058|P-014,0.0000,608.0290,BBOX_CLEAR
PAIR-007103,G-058,P-015,G-058|P-015,0.0000,295.0871,BBOX_CLEAR
PAIR-007104,G-058,P-016,G-058|P-016,0.0000,562.5759,BBOX_CLEAR
PAIR-007105,G-058,P-017,G-058|P-017,0.0000,495.2214,BBOX_CLEAR
PAIR-007106,G-059,G-060,G-059|G-060,0.0000,108.3164,BBOX_CLEAR
PAIR-007107,G-059,G-061,G-059|G-061,0.0000,91.3273,BBOX_CLEAR
PAIR-007108,G-059,G-062,G-059|G-062,0.0000,209.0998,BBOX_CLEAR
PAIR-007109,G-059,G-063,G-059|G-063,0.0000,192.0560,BBOX_CLEAR
PAIR-007110,G-059,G-064,G-059|G-064,0.0000,822.7851,BBOX_CLEAR
PAIR-007111,G-059,G-065,G-059|G-065,0.0000,846.0810,BBOX_CLEAR
PAIR-007112,G-059,G-066,G-059|G-066,0.0000,517.3440,BBOX_CLEAR
PAIR-007113,G-059,G-067,G-059|G-067,0.0000,551.6450,BBOX_CLEAR
PAIR-007114,G-059,G-068,G-059|G-068,0.0000,589.0332,BBOX_CLEAR
PAIR-007115,G-059,G-069,G-059|G-069,0.0000,342.9750,BBOX_CLEAR
PAIR-007116,G-059,G-070,G-059|G-070,0.0000,348.8423,BBOX_CLEAR
PAIR-007117,G-059,G-071,G-059|G-071,0.0000,314.0983,BBOX_CLEAR
PAIR-007118,G-059,G-072,G-059|G-072,0.0000,302.3924,BBOX_CLEAR
PAIR-007119,G-059,G-073,G-059|G-073,0.0000,313.1617,BBOX_CLEAR
PAIR-007120,G-059,G-074,G-059|G-074,0.0000,286.6232,BBOX_CLEAR
PAIR-007121,G-059,G-075,G-059|G-075,0.0000,282.6306,BBOX_CLEAR
PAIR-007122,G-059,G-076,G-059|G-076,0.0000,298.4447,BBOX_CLEAR
PAIR-007123,G-059,G-077,G-059|G-077,0.0000,293.2038,BBOX_CLEAR
PAIR-007124,G-059,G-078,G-059|G-078,0.0000,300.1817,BBOX_CLEAR
PAIR-007125,G-059,G-079,G-059|G-079,0.0000,305.4057,BBOX_CLEAR
PAIR-007126,G-059,G-080,G-059|G-080,0.0000,330.0371,BBOX_CLEAR
PAIR-007127,G-059,G-081,G-059|G-081,0.0000,322.0010,BBOX_CLEAR
PAIR-007128,G-059,G-082,G-059|G-082,0.0000,330.2753,BBOX_CLEAR
PAIR-007129,G-059,G-083,G-059|G-083,0.0000,357.1505,BBOX_CLEAR
PAIR-007130,G-059,G-084,G-059|G-084,0.0000,352.4374,BBOX_CLEAR
PAIR-007131,G-059,G-085,G-059|G-085,0.0000,368.5594,BBOX_CLEAR
PAIR-007132,G-059,G-086,G-059|G-086,0.0000,395.0867,BBOX_CLEAR
PAIR-007133,G-059,G-087,G-059|G-087,0.0000,408.4994,BBOX_CLEAR
PAIR-007134,G-059,G-088,G-059|G-088,0.0000,425.1544,BBOX_CLEAR
PAIR-007135,G-059,G-089,G-059|G-089,0.0000,424.5110,BBOX_CLEAR
PAIR-007136,G-059,G-090,G-059|G-090,0.0000,436.6155,BBOX_CLEAR
PAIR-007137,G-059,G-091,G-059|G-091,0.0000,459.1228,BBOX_CLEAR
PAIR-007138,G-059,G-092,G-059|G-092,0.0000,489.3943,BBOX_CLEAR
PAIR-007139,G-059,G-093,G-059|G-093,0.0000,506.3820,BBOX_CLEAR
PAIR-007140,G-059,G-094,G-059|G-094,0.0000,519.8825,BBOX_CLEAR
PAIR-007141,G-059,G-095,G-059|G-095,0.0000,523.3190,BBOX_CLEAR
PAIR-007142,G-059,G-096,G-059|G-096,0.0000,536.9536,BBOX_CLEAR
PAIR-007143,G-059,G-097,G-059|G-097,0.0000,553.9943,BBOX_CLEAR
PAIR-007144,G-059,G-098,G-059|G-098,0.0000,563.6080,BBOX_CLEAR
PAIR-007145,G-059,G-099,G-059|G-099,0.0000,580.9417,BBOX_CLEAR
PAIR-007146,G-059,G-100,G-059|G-100,0.0000,471.9601,BBOX_CLEAR
PAIR-007147,G-059,G-101,G-059|G-101,0.0000,464.6479,BBOX_CLEAR
PAIR-007148,G-059,G-102,G-059|G-102,0.0000,457.5626,BBOX_CLEAR
PAIR-007149,G-059,G-103,G-059|G-103,0.0000,445.3116,BBOX_CLEAR
PAIR-007150,G-059,G-104,G-059|G-104,0.0000,401.3346,BBOX_CLEAR
PAIR-007151,G-059,G-105,G-059|G-105,0.0000,384.9576,BBOX_CLEAR
PAIR-007152,G-059,G-106,G-059|G-106,0.0000,372.5072,BBOX_CLEAR
PAIR-007153,G-059,G-107,G-059|G-107,0.0000,364.3860,BBOX_CLEAR
PAIR-007154,G-059,G-108,G-059|G-108,0.0000,360.8866,BBOX_CLEAR
PAIR-007155,G-059,G-109,G-059|G-109,0.0000,360.7530,BBOX_CLEAR
PAIR-007156,G-059,G-110,G-059|G-110,0.0000,361.1244,BBOX_CLEAR
PAIR-007157,G-059,G-111,G-059|G-111,0.0000,365.3672,BBOX_CLEAR
PAIR-007158,G-059,G-112,G-059|G-112,0.0000,374.1951,BBOX_CLEAR
PAIR-007159,G-059,G-113,G-059|G-113,0.0000,387.2945,BBOX_CLEAR
PAIR-007160,G-059,G-114,G-059|G-114,0.0000,404.2505,BBOX_CLEAR
PAIR-007161,G-059,G-115,G-059|G-115,0.0000,424.6012,BBOX_CLEAR
PAIR-007162,G-059,G-116,G-059|G-116,0.0000,447.8842,BBOX_CLEAR
PAIR-007163,G-059,G-117,G-059|G-117,0.0000,473.6672,BBOX_CLEAR
PAIR-007164,G-059,G-118,G-059|G-118,0.0000,501.5649,BBOX_CLEAR
PAIR-007165,G-059,G-119,G-059|G-119,0.0000,531.2442,BBOX_CLEAR
PAIR-007166,G-059,G-120,G-059|G-120,0.0000,562.4231,BBOX_CLEAR
PAIR-007167,G-059,G-121,G-059|G-121,0.0000,594.8659,BBOX_CLEAR
PAIR-007168,G-059,G-122,G-059|G-122,0.0000,628.3769,BBOX_CLEAR
PAIR-007169,G-059,G-123,G-059|G-123,0.0000,662.7940,BBOX_CLEAR
PAIR-007170,G-059,G-124,G-059|G-124,0.0000,697.9833,BBOX_CLEAR
PAIR-007171,G-059,G-125,G-059|G-125,0.0000,733.8336,BBOX_CLEAR
PAIR-007172,G-059,G-126,G-059|G-126,0.0000,770.2526,BBOX_CLEAR
PAIR-007173,G-059,G-127,G-059|G-127,0.0000,807.1634,BBOX_CLEAR
PAIR-007174,G-059,G-128,G-059|G-128,0.0000,844.5015,BBOX_CLEAR
PAIR-007175,G-059,G-129,G-059|G-129,0.0000,882.2127,BBOX_CLEAR
PAIR-007176,G-059,G-130,G-059|G-130,0.0000,920.2510,BBOX_CLEAR
PAIR-007177,G-059,G-131,G-059|G-131,0.0000,958.5775,BBOX_CLEAR
PAIR-007178,G-059,G-132,G-059|G-132,0.0000,997.1591,BBOX_CLEAR
PAIR-007179,G-059,G-133,G-059|G-133,0.0000,1035.9671,BBOX_CLEAR
PAIR-007180,G-059,G-134,G-059|G-134,0.0000,1074.9772,BBOX_CLEAR
PAIR-007181,G-059,G-135,G-059|G-135,0.0000,1114.1680,BBOX_CLEAR
PAIR-007182,G-059,P-001,G-059|P-001,0.0000,56.8984,BBOX_CLEAR
PAIR-007183,G-059,P-002,G-059|P-002,0.0000,869.5988,BBOX_CLEAR
PAIR-007184,G-059,P-003,G-059|P-003,0.0000,159.7736,BBOX_CLEAR
PAIR-007185,G-059,P-004,G-059|P-004,0.0000,329.7747,BBOX_CLEAR
PAIR-007186,G-059,P-005,G-059|P-005,418.5394,0.0000,BBOX_INTERSECTION
PAIR-007187,G-059,P-006,G-059|P-006,418.5394,0.0000,BBOX_INTERSECTION
PAIR-007188,G-059,P-007,G-059|P-007,418.5394,0.0000,BBOX_INTERSECTION
PAIR-007189,G-059,P-008,G-059|P-008,0.0000,435.0931,BBOX_CLEAR
PAIR-007190,G-059,P-009,G-059|P-009,0.0000,446.3391,BBOX_CLEAR
PAIR-007191,G-059,P-010,G-059|P-010,0.0000,531.0000,BBOX_CLEAR
PAIR-007192,G-059,P-011,G-059|P-011,0.0000,332.7921,BBOX_CLEAR
PAIR-007193,G-059,P-012,G-059|P-012,0.0000,471.0645,BBOX_CLEAR
PAIR-007194,G-059,P-013,G-059|P-013,0.0000,531.0897,BBOX_CLEAR
PAIR-007195,G-059,P-014,G-059|P-014,0.0000,590.3204,BBOX_CLEAR
PAIR-007196,G-059,P-015,G-059|P-015,0.0000,285.9757,BBOX_CLEAR
PAIR-007197,G-059,P-016,G-059|P-016,0.0000,550.4647,BBOX_CLEAR
PAIR-007198,G-059,P-017,G-059|P-017,0.0000,480.1453,BBOX_CLEAR
PAIR-007199,G-060,G-061,G-060|G-061,0.0000,1.7205,BBOX_WITHIN_8PX
PAIR-007200,G-060,G-062,G-060|G-062,0.0000,84.6289,BBOX_CLEAR
PAIR-007201,G-060,G-063,G-060|G-063,0.0000,67.5856,BBOX_CLEAR
PAIR-007202,G-060,G-064,G-060|G-064,0.0000,946.6211,BBOX_CLEAR
PAIR-007203,G-060,G-065,G-060|G-065,0.0000,970.1595,BBOX_CLEAR
PAIR-007204,G-060,G-066,G-060|G-066,0.0000,642.2706,BBOX_CLEAR
PAIR-007205,G-060,G-067,G-060|G-067,0.0000,676.6795,BBOX_CLEAR
PAIR-007206,G-060,G-068,G-060|G-068,0.0000,714.1335,BBOX_CLEAR
PAIR-007207,G-060,G-069,G-060|G-069,0.0000,309.5129,BBOX_CLEAR
PAIR-007208,G-060,G-070,G-060|G-070,0.0000,322.8756,BBOX_CLEAR
PAIR-007209,G-060,G-071,G-060|G-071,0.0000,301.5256,BBOX_CLEAR
PAIR-007210,G-060,G-072,G-060|G-072,0.0000,301.1624,BBOX_CLEAR
PAIR-007211,G-060,G-073,G-060|G-073,0.0000,317.9095,BBOX_CLEAR
PAIR-007212,G-060,G-074,G-060|G-074,0.0000,302.2041,BBOX_CLEAR
PAIR-007213,G-060,G-075,G-060|G-075,0.0000,308.1249,BBOX_CLEAR
PAIR-007214,G-060,G-076,G-060|G-076,0.0000,328.6902,BBOX_CLEAR
PAIR-007215,G-060,G-077,G-060|G-077,0.0000,359.0307,BBOX_CLEAR
PAIR-007216,G-060,G-078,G-060|G-078,0.0000,373.6275,BBOX_CLEAR
PAIR-007217,G-060,G-079,G-060|G-079,0.0000,383.0132,BBOX_CLEAR
PAIR-007218,G-060,G-080,G-060|G-080,0.0000,411.1021,BBOX_CLEAR
PAIR-007219,G-060,G-081,G-060|G-081,0.0000,408.8935,BBOX_CLEAR
PAIR-007220,G-060,G-082,G-060|G-082,0.0000,420.5354,BBOX_CLEAR
PAIR-007221,G-060,G-083,G-060|G-083,0.0000,449.4278,BBOX_CLEAR
PAIR-007222,G-060,G-084,G-060|G-084,0.0000,449.5067,BBOX_CLEAR
PAIR-007223,G-060,G-085,G-060|G-085,0.0000,469.2911,BBOX_CLEAR
PAIR-007224,G-060,G-086,G-060|G-086,0.0000,500.4072,BBOX_CLEAR
PAIR-007225,G-060,G-087,G-060|G-087,0.0000,516.7739,BBOX_CLEAR
PAIR-007226,G-060,G-088,G-060|G-088,0.0000,530.8416,BBOX_CLEAR
PAIR-007227,G-060,G-089,G-060|G-089,0.0000,533.5663,BBOX_CLEAR
PAIR-007228,G-060,G-090,G-060|G-090,0.0000,546.9192,BBOX_CLEAR
PAIR-007229,G-060,G-091,G-060|G-091,0.0000,571.4149,BBOX_CLEAR
PAIR-007230,G-060,G-092,G-060|G-092,0.0000,603.8337,BBOX_CLEAR
PAIR-007231,G-060,G-093,G-060|G-093,0.0000,622.4144,BBOX_CLEAR
PAIR-007232,G-060,G-094,G-060|G-094,0.0000,634.1231,BBOX_CLEAR
PAIR-007233,G-060,G-095,G-060|G-095,0.0000,639.6402,BBOX_CLEAR
PAIR-007234,G-060,G-096,G-060|G-096,0.0000,653.9114,BBOX_CLEAR
PAIR-007235,G-060,G-097,G-060|G-097,0.0000,671.6689,BBOX_CLEAR
PAIR-007236,G-060,G-098,G-060|G-098,0.0000,681.6527,BBOX_CLEAR
PAIR-007237,G-060,G-099,G-060|G-099,0.0000,699.5985,BBOX_CLEAR
PAIR-007238,G-060,G-100,G-060|G-100,0.0000,415.0196,BBOX_CLEAR
PAIR-007239,G-060,G-101,G-060|G-101,0.0000,416.6353,BBOX_CLEAR
PAIR-007240,G-060,G-102,G-060|G-102,0.0000,412.1929,BBOX_CLEAR
PAIR-007241,G-060,G-103,G-060|G-103,0.0000,404.9161,BBOX_CLEAR
PAIR-007242,G-060,G-104,G-060|G-104,0.0000,383.8352,BBOX_CLEAR
PAIR-007243,G-060,G-105,G-060|G-105,0.0000,380.5079,BBOX_CLEAR
PAIR-007244,G-060,G-106,G-060|G-106,0.0000,380.3796,BBOX_CLEAR
PAIR-007245,G-060,G-107,G-060|G-107,0.0000,380.6944,BBOX_CLEAR
PAIR-007246,G-060,G-108,G-060|G-108,0.0000,384.6251,BBOX_CLEAR
PAIR-007247,G-060,G-109,G-060|G-109,0.0000,392.9263,BBOX_CLEAR
PAIR-007248,G-060,G-110,G-060|G-110,0.0000,405.3294,BBOX_CLEAR
PAIR-007249,G-060,G-111,G-060|G-111,0.0000,421.4726,BBOX_CLEAR
PAIR-007250,G-060,G-112,G-060|G-112,0.0000,440.9453,BBOX_CLEAR
PAIR-007251,G-060,G-113,G-060|G-113,0.0000,463.3278,BBOX_CLEAR
PAIR-007252,G-060,G-114,G-060|G-114,0.0000,488.2201,BBOX_CLEAR
PAIR-007253,G-060,G-115,G-060|G-115,0.0000,515.2586,BBOX_CLEAR
PAIR-007254,G-060,G-116,G-060|G-116,0.0000,544.1234,BBOX_CLEAR
PAIR-007255,G-060,G-117,G-060|G-117,0.0000,574.5394,BBOX_CLEAR
PAIR-007256,G-060,G-118,G-060|G-118,0.0000,606.2730,BBOX_CLEAR
PAIR-007257,G-060,G-119,G-060|G-119,0.0000,639.1282,BBOX_CLEAR
PAIR-007258,G-060,G-120,G-060|G-120,0.0000,672.9406,BBOX_CLEAR
PAIR-007259,G-060,G-121,G-060|G-121,0.0000,707.5730,BBOX_CLEAR
PAIR-007260,G-060,G-122,G-060|G-122,0.0000,742.9108,BBOX_CLEAR
PAIR-007261,G-060,G-123,G-060|G-123,0.0000,778.8579,BBOX_CLEAR
PAIR-007262,G-060,G-124,G-060|G-124,0.0000,815.3338,BBOX_CLEAR
PAIR-007263,G-060,G-125,G-060|G-125,0.0000,852.2705,BBOX_CLEAR
PAIR-007264,G-060,G-126,G-060|G-126,0.0000,889.6107,BBOX_CLEAR
PAIR-007265,G-060,G-127,G-060|G-127,0.0000,927.3056,BBOX_CLEAR
PAIR-007266,G-060,G-128,G-060|G-128,0.0000,965.3137,BBOX_CLEAR
PAIR-007267,G-060,G-129,G-060|G-129,0.0000,1003.5994,BBOX_CLEAR
PAIR-007268,G-060,G-130,G-060|G-130,0.0000,1042.1321,BBOX_CLEAR
PAIR-007269,G-060,G-131,G-060|G-131,0.0000,1080.8854,BBOX_CLEAR
PAIR-007270,G-060,G-132,G-060|G-132,0.0000,1119.8363,BBOX_CLEAR
PAIR-007271,G-060,G-133,G-060|G-133,0.0000,1158.9650,BBOX_CLEAR
PAIR-007272,G-060,G-134,G-060|G-134,0.0000,1198.2540,BBOX_CLEAR
PAIR-007273,G-060,G-135,G-060|G-135,0.0000,1237.6881,BBOX_CLEAR
PAIR-007274,G-060,P-001,G-060|P-001,0.0000,76.5250,BBOX_CLEAR
PAIR-007275,G-060,P-002,G-060|P-002,0.0000,994.2365,BBOX_CLEAR
PAIR-007276,G-060,P-003,G-060|P-003,0.0000,283.4133,BBOX_CLEAR
PAIR-007277,G-060,P-004,G-060|P-004,0.0000,380.0216,BBOX_CLEAR
PAIR-007278,G-060,P-005,G-060|P-005,0.0000,105.6577,BBOX_CLEAR
PAIR-007279,G-060,P-006,G-060|P-006,38.9666,0.0000,BBOX_INTERSECTION
PAIR-007280,G-060,P-007,G-060|P-007,630.3494,0.0000,BBOX_INTERSECTION
PAIR-007281,G-060,P-008,G-060|P-008,0.0000,557.4530,BBOX_CLEAR
PAIR-007282,G-060,P-009,G-060|P-009,0.0000,567.9634,BBOX_CLEAR
PAIR-007283,G-060,P-010,G-060|P-010,0.0000,645.8046,BBOX_CLEAR
PAIR-007284,G-060,P-011,G-060|P-011,0.0000,456.4317,BBOX_CLEAR
PAIR-007285,G-060,P-012,G-060|P-012,0.0000,594.3880,BBOX_CLEAR
PAIR-007286,G-060,P-013,G-060|P-013,0.0000,656.2128,BBOX_CLEAR
PAIR-007287,G-060,P-014,G-060|P-014,0.0000,715.5023,BBOX_CLEAR
PAIR-007288,G-060,P-015,G-060|P-015,0.0000,393.2167,BBOX_CLEAR
PAIR-007289,G-060,P-016,G-060|P-016,0.0000,663.9205,BBOX_CLEAR
PAIR-007290,G-060,P-017,G-060|P-017,0.0000,600.5842,BBOX_CLEAR
PAIR-007291,G-061,G-062,G-061|G-062,0.0000,102.5039,BBOX_CLEAR
PAIR-007292,G-061,G-063,G-061|G-063,0.0000,85.4601,BBOX_CLEAR
PAIR-007293,G-061,G-064,G-061|G-064,0.0000,929.5391,BBOX_CLEAR
PAIR-007294,G-061,G-065,G-061|G-065,0.0000,953.0132,BBOX_CLEAR
PAIR-007295,G-061,G-066,G-061|G-066,0.0000,624.5208,BBOX_CLEAR
PAIR-007296,G-061,G-067,G-061|G-067,0.0000,658.9538,BBOX_CLEAR
PAIR-007297,G-061,G-068,G-061|G-068,0.0000,696.4294,BBOX_CLEAR
PAIR-007298,G-061,G-069,G-061|G-069,0.0000,308.9400,BBOX_CLEAR
PAIR-007299,G-061,G-070,G-061|G-070,0.0000,321.2119,BBOX_CLEAR
PAIR-007300,G-061,G-071,G-061|G-071,0.0000,297.5558,BBOX_CLEAR
PAIR-007301,G-061,G-072,G-061|G-072,0.0000,295.7807,BBOX_CLEAR
PAIR-007302,G-061,G-073,G-061|G-073,0.0000,312.5038,BBOX_CLEAR
PAIR-007303,G-061,G-074,G-061|G-074,0.0000,295.8671,BBOX_CLEAR
PAIR-007304,G-061,G-075,G-061|G-075,0.0000,299.6494,BBOX_CLEAR
PAIR-007305,G-061,G-076,G-061|G-076,0.0000,319.5015,BBOX_CLEAR
PAIR-007306,G-061,G-077,G-061|G-077,0.0000,345.7057,BBOX_CLEAR
PAIR-007307,G-061,G-078,G-061|G-078,0.0000,359.5919,BBOX_CLEAR
PAIR-007308,G-061,G-079,G-061|G-079,0.0000,368.6012,BBOX_CLEAR
PAIR-007309,G-061,G-080,G-061|G-080,0.0000,396.4437,BBOX_CLEAR
PAIR-007310,G-061,G-081,G-061|G-081,0.0000,393.6701,BBOX_CLEAR
PAIR-007311,G-061,G-082,G-061|G-082,0.0000,405.0273,BBOX_CLEAR
PAIR-007312,G-061,G-083,G-061|G-083,0.0000,433.7930,BBOX_CLEAR
PAIR-007313,G-061,G-084,G-061|G-084,0.0000,433.4384,BBOX_CLEAR
PAIR-007314,G-061,G-085,G-061|G-085,0.0000,452.9306,BBOX_CLEAR
PAIR-007315,G-061,G-086,G-061|G-086,0.0000,483.6908,BBOX_CLEAR
PAIR-007316,G-061,G-087,G-061|G-087,0.0000,499.8295,BBOX_CLEAR
PAIR-007317,G-061,G-088,G-061|G-088,0.0000,514.1197,BBOX_CLEAR
PAIR-007318,G-061,G-089,G-061|G-089,0.0000,516.5705,BBOX_CLEAR
PAIR-007319,G-061,G-090,G-061|G-090,0.0000,529.8325,BBOX_CLEAR
PAIR-007320,G-061,G-091,G-061|G-091,0.0000,554.1867,BBOX_CLEAR
PAIR-007321,G-061,G-092,G-061|G-092,0.0000,586.4581,BBOX_CLEAR
PAIR-007322,G-061,G-093,G-061|G-093,0.0000,604.9320,BBOX_CLEAR
PAIR-007323,G-061,G-094,G-061|G-094,0.0000,616.7705,BBOX_CLEAR
PAIR-007324,G-061,G-095,G-061|G-095,0.0000,622.1418,BBOX_CLEAR
PAIR-007325,G-061,G-096,G-061|G-096,0.0000,636.3731,BBOX_CLEAR
PAIR-007326,G-061,G-097,G-061|G-097,0.0000,654.0870,BBOX_CLEAR
PAIR-007327,G-061,G-098,G-061|G-098,0.0000,664.0488,BBOX_CLEAR
PAIR-007328,G-061,G-099,G-061|G-099,0.0000,681.9594,BBOX_CLEAR
PAIR-007329,G-061,G-100,G-061|G-100,0.0000,419.1322,BBOX_CLEAR
PAIR-007330,G-061,G-101,G-061|G-101,0.0000,419.2297,BBOX_CLEAR
PAIR-007331,G-061,G-102,G-061|G-102,0.0000,414.3211,BBOX_CLEAR
PAIR-007332,G-061,G-103,G-061|G-103,0.0000,406.1792,BBOX_CLEAR
PAIR-007333,G-061,G-104,G-061|G-104,0.0000,381.3174,BBOX_CLEAR
PAIR-007334,G-061,G-105,G-061|G-105,0.0000,375.9996,BBOX_CLEAR
PAIR-007335,G-061,G-106,G-061|G-106,0.0000,374.9740,BBOX_CLEAR
PAIR-007336,G-061,G-107,G-061|G-107,0.0000,374.9740,BBOX_CLEAR
PAIR-007337,G-061,G-108,G-061|G-108,0.0000,377.1015,BBOX_CLEAR
PAIR-007338,G-061,G-109,G-061|G-109,0.0000,383.7312,BBOX_CLEAR
PAIR-007339,G-061,G-110,G-061|G-110,0.0000,394.6391,BBOX_CLEAR
PAIR-007340,G-061,G-111,G-061|G-111,0.0000,409.4836,BBOX_CLEAR
PAIR-007341,G-061,G-112,G-061|G-112,0.0000,427.8550,BBOX_CLEAR
PAIR-007342,G-061,G-113,G-061|G-113,0.0000,449.3209,BBOX_CLEAR
PAIR-007343,G-061,G-114,G-061|G-114,0.0000,473.4607,BBOX_CLEAR
PAIR-007344,G-061,G-115,G-061|G-115,0.0000,499.8871,BBOX_CLEAR
PAIR-007345,G-061,G-116,G-061|G-116,0.0000,528.2571,BBOX_CLEAR
PAIR-007346,G-061,G-117,G-061|G-117,0.0000,558.2744,BBOX_CLEAR
PAIR-007347,G-061,G-118,G-061|G-118,0.0000,589.6875,BBOX_CLEAR
PAIR-007348,G-061,G-119,G-061|G-119,0.0000,622.2851,BBOX_CLEAR
PAIR-007349,G-061,G-120,G-061|G-120,0.0000,655.8906,BBOX_CLEAR
PAIR-007350,G-061,G-121,G-061|G-121,0.0000,690.3568,BBOX_CLEAR
PAIR-007351,G-061,G-122,G-061|G-122,0.0000,725.5611,BBOX_CLEAR
PAIR-007352,G-061,G-123,G-061|G-123,0.0000,761.4011,BBOX_CLEAR
PAIR-007353,G-061,G-124,G-061|G-124,0.0000,797.7911,BBOX_CLEAR
PAIR-007354,G-061,G-125,G-061|G-125,0.0000,834.6593,BBOX_CLEAR
PAIR-007355,G-061,G-126,G-061|G-126,0.0000,871.9449,BBOX_CLEAR
PAIR-007356,G-061,G-127,G-061|G-127,0.0000,909.5965,BBOX_CLEAR
PAIR-007357,G-061,G-128,G-061|G-128,0.0000,947.5707,BBOX_CLEAR
PAIR-007358,G-061,G-129,G-061|G-129,0.0000,985.8301,BBOX_CLEAR
PAIR-007359,G-061,G-130,G-061|G-130,0.0000,1024.3427,BBOX_CLEAR
PAIR-007360,G-061,G-131,G-061|G-131,0.0000,1063.0811,BBOX_CLEAR
PAIR-007361,G-061,G-132,G-061|G-132,0.0000,1102.0214,BBOX_CLEAR
PAIR-007362,G-061,G-133,G-061|G-133,0.0000,1141.1429,BBOX_CLEAR
PAIR-007363,G-061,G-134,G-061|G-134,0.0000,1180.4277,BBOX_CLEAR
PAIR-007364,G-061,G-135,G-061|G-135,0.0000,1219.8599,BBOX_CLEAR
PAIR-007365,G-061,P-001,G-061|P-001,0.0000,71.1194,BBOX_CLEAR
PAIR-007366,G-061,P-002,G-061|P-002,0.0000,976.9210,BBOX_CLEAR
PAIR-007367,G-061,P-003,G-061|P-003,0.0000,266.4241,BBOX_CLEAR
PAIR-007368,G-061,P-004,G-061|P-004,0.0000,380.1945,BBOX_CLEAR
PAIR-007369,G-061,P-005,G-061|P-005,0.0000,88.6686,BBOX_CLEAR
PAIR-007370,G-061,P-006,G-061|P-006,417.0467,0.0000,BBOX_INTERSECTION
PAIR-007371,G-061,P-007,G-061|P-007,417.0467,0.0000,BBOX_INTERSECTION
PAIR-007372,G-061,P-008,G-061|P-008,0.0000,540.8001,BBOX_CLEAR
PAIR-007373,G-061,P-009,G-061|P-009,0.0000,551.6302,BBOX_CLEAR
PAIR-007374,G-061,P-010,G-061|P-010,0.0000,632.0122,BBOX_CLEAR
PAIR-007375,G-061,P-011,G-061|P-011,0.0000,439.4426,BBOX_CLEAR
PAIR-007376,G-061,P-012,G-061|P-012,0.0000,577.4068,BBOX_CLEAR
PAIR-007377,G-061,P-013,G-061|P-013,0.0000,638.5201,BBOX_CLEAR
PAIR-007378,G-061,P-014,G-061|P-014,0.0000,697.8577,BBOX_CLEAR
PAIR-007379,G-061,P-015,G-061|P-015,0.0000,381.1068,BBOX_CLEAR
PAIR-007380,G-061,P-016,G-061|P-016,0.0000,650.5804,BBOX_CLEAR
PAIR-007381,G-061,P-017,G-061|P-017,0.0000,584.7530,BBOX_CLEAR
PAIR-007382,G-062,G-063,G-062|G-063,0.0000,1.7206,BBOX_WITHIN_8PX
PAIR-007383,G-062,G-064,G-062|G-064,0.0000,1047.2081,BBOX_CLEAR
PAIR-007384,G-062,G-065,G-062|G-065,0.0000,1070.4583,BBOX_CLEAR
PAIR-007385,G-062,G-066,G-062|G-066,0.0000,737.2550,BBOX_CLEAR
PAIR-007386,G-062,G-067,G-062|G-067,0.0000,772.1038,BBOX_CLEAR
PAIR-007387,G-062,G-068,G-062|G-068,0.0000,809.8973,BBOX_CLEAR
PAIR-007388,G-062,G-069,G-062|G-069,0.0000,279.0040,BBOX_CLEAR
PAIR-007389,G-062,G-070,G-062|G-070,0.0000,296.0465,BBOX_CLEAR
PAIR-007390,G-062,G-071,G-062|G-071,0.0000,281.9066,BBOX_CLEAR
PAIR-007391,G-062,G-072,G-062|G-072,0.0000,290.3605,BBOX_CLEAR
PAIR-007392,G-062,G-073,G-062|G-073,0.0000,311.8095,BBOX_CLEAR
PAIR-007393,G-062,G-074,G-062|G-074,0.0000,306.0759,BBOX_CLEAR
PAIR-007394,G-062,G-075,G-062|G-075,0.0000,324.6092,BBOX_CLEAR
PAIR-007395,G-062,G-076,G-062|G-076,0.0000,348.4622,BBOX_CLEAR
PAIR-007396,G-062,G-077,G-062|G-077,0.0000,404.9752,BBOX_CLEAR
PAIR-007397,G-062,G-078,G-062|G-078,0.0000,424.3131,BBOX_CLEAR
PAIR-007398,G-062,G-079,G-062|G-079,0.0000,436.2949,BBOX_CLEAR
PAIR-007399,G-062,G-080,G-062|G-080,0.0000,465.6229,BBOX_CLEAR
PAIR-007400,G-062,G-081,G-062|G-081,0.0000,468.0458,BBOX_CLEAR
PAIR-007401,G-062,G-082,G-062|G-082,0.0000,481.8660,BBOX_CLEAR
PAIR-007402,G-062,G-083,G-062|G-083,0.0000,511.3521,BBOX_CLEAR
PAIR-007403,G-062,G-084,G-062|G-084,0.0000,515.3778,BBOX_CLEAR
PAIR-007404,G-062,G-085,G-062|G-085,0.0000,537.7123,BBOX_CLEAR
PAIR-007405,G-062,G-086,G-062|G-086,0.0000,572.1804,BBOX_CLEAR
PAIR-007406,G-062,G-087,G-062|G-087,0.0000,590.9857,BBOX_CLEAR
PAIR-007407,G-062,G-088,G-062|G-088,0.0000,602.3739,BBOX_CLEAR
PAIR-007408,G-062,G-089,G-062|G-089,0.0000,608.2479,BBOX_CLEAR
PAIR-007409,G-062,G-090,G-062|G-090,0.0000,622.6211,BBOX_CLEAR
PAIR-007410,G-062,G-091,G-062|G-091,0.0000,648.8051,BBOX_CLEAR
PAIR-007411,G-062,G-092,G-062|G-092,0.0000,683.1543,BBOX_CLEAR
PAIR-007412,G-062,G-093,G-062|G-093,0.0000,703.3559,BBOX_CLEAR
PAIR-007413,G-062,G-094,G-062|G-094,0.0000,712.9304,BBOX_CLEAR
PAIR-007414,G-062,G-095,G-062|G-095,0.0000,720.7726,BBOX_CLEAR
PAIR-007415,G-062,G-096,G-062|G-096,0.0000,735.6885,BBOX_CLEAR
PAIR-007416,G-062,G-097,G-062|G-097,0.0000,754.1951,BBOX_CLEAR
PAIR-007417,G-062,G-098,G-062|G-098,0.0000,764.5763,BBOX_CLEAR
PAIR-007418,G-062,G-099,G-062|G-099,0.0000,783.1976,BBOX_CLEAR
PAIR-007419,G-062,G-100,G-062|G-100,0.0000,356.4307,BBOX_CLEAR
PAIR-007420,G-062,G-101,G-062|G-101,0.0000,365.7356,BBOX_CLEAR
PAIR-007421,G-062,G-102,G-062|G-102,0.0000,363.8543,BBOX_CLEAR
PAIR-007422,G-062,G-103,G-062|G-103,0.0000,361.3666,BBOX_CLEAR
PAIR-007423,G-062,G-104,G-062|G-104,0.0000,358.2213,BBOX_CLEAR
PAIR-007424,G-062,G-105,G-062|G-105,0.0000,359.7602,BBOX_CLEAR
PAIR-007425,G-062,G-106,G-062|G-106,0.0000,365.9374,BBOX_CLEAR
PAIR-007426,G-062,G-107,G-062|G-107,0.0000,376.6156,BBOX_CLEAR
PAIR-007427,G-062,G-108,G-062|G-108,0.0000,391.4266,BBOX_CLEAR
PAIR-007428,G-062,G-109,G-062|G-109,0.0000,409.9227,BBOX_CLEAR
PAIR-007429,G-062,G-110,G-062|G-110,0.0000,431.6303,BBOX_CLEAR
PAIR-007430,G-062,G-111,G-062|G-111,0.0000,456.0912,BBOX_CLEAR
PAIR-007431,G-062,G-112,G-062|G-112,0.0000,482.8872,BBOX_CLEAR
PAIR-007432,G-062,G-113,G-062|G-113,0.0000,511.6514,BBOX_CLEAR
PAIR-007433,G-062,G-114,G-062|G-114,0.0000,542.0707,BBOX_CLEAR
PAIR-007434,G-062,G-115,G-062|G-115,0.0000,573.8819,BBOX_CLEAR
PAIR-007435,G-062,G-116,G-062|G-116,0.0000,606.8661,BBOX_CLEAR
PAIR-007436,G-062,G-117,G-062|G-117,0.0000,640.8424,BBOX_CLEAR
PAIR-007437,G-062,G-118,G-062|G-118,0.0000,675.6609,BBOX_CLEAR
PAIR-007438,G-062,G-119,G-062|G-119,0.0000,711.1982,BBOX_CLEAR
PAIR-007439,G-062,G-120,G-062|G-120,0.0000,747.3515,BBOX_CLEAR
PAIR-007440,G-062,G-121,G-062|G-121,0.0000,784.0357,BBOX_CLEAR
PAIR-007441,G-062,G-122,G-062|G-122,0.0000,821.1797,BBOX_CLEAR
PAIR-007442,G-062,G-123,G-062|G-123,0.0000,858.7238,BBOX_CLEAR
PAIR-007443,G-062,G-124,G-062|G-124,0.0000,896.6177,BBOX_CLEAR
PAIR-007444,G-062,G-125,G-062|G-125,0.0000,934.8189,BBOX_CLEAR
PAIR-007445,G-062,G-126,G-062|G-126,0.0000,973.2913,BBOX_CLEAR
PAIR-007446,G-062,G-127,G-062|G-127,0.0000,1012.0038,BBOX_CLEAR
PAIR-007447,G-062,G-128,G-062|G-128,0.0000,1050.9299,BBOX_CLEAR
PAIR-007448,G-062,G-129,G-062|G-129,0.0000,1090.0469,BBOX_CLEAR
PAIR-007449,G-062,G-130,G-062|G-130,0.0000,1129.3347,BBOX_CLEAR
PAIR-007450,G-062,G-131,G-062|G-131,0.0000,1168.7763,BBOX_CLEAR
PAIR-007451,G-062,G-132,G-062|G-132,0.0000,1208.3565,BBOX_CLEAR
PAIR-007452,G-062,G-133,G-062|G-133,0.0000,1248.0621,BBOX_CLEAR
PAIR-007453,G-062,G-134,G-062|G-134,0.0000,1287.8817,BBOX_CLEAR
PAIR-007454,G-062,G-135,G-062|G-135,0.0000,1327.8048,BBOX_CLEAR
PAIR-007455,G-062,P-001,G-062|P-001,0.0000,54.3667,BBOX_CLEAR
PAIR-007456,G-062,P-002,G-062|P-002,0.0000,1093.6186,BBOX_CLEAR
PAIR-007457,G-062,P-003,G-062|P-003,0.0000,384.1966,BBOX_CLEAR
PAIR-007458,G-062,P-004,G-062|P-004,0.0000,471.4878,BBOX_CLEAR
PAIR-007459,G-062,P-005,G-062|P-005,0.0000,206.4410,BBOX_CLEAR
PAIR-007460,G-062,P-006,G-062|P-006,0.0000,99.7847,BBOX_CLEAR
PAIR-007461,G-062,P-007,G-062|P-007,0.0000,28.6804,BBOX_CLEAR
PAIR-007462,G-062,P-008,G-062|P-008,0.0000,658.6780,BBOX_CLEAR
PAIR-007463,G-062,P-009,G-062|P-009,0.0000,669.5050,BBOX_CLEAR
PAIR-007464,G-062,P-010,G-062|P-010,0.0000,748.8405,BBOX_CLEAR
PAIR-007465,G-062,P-011,G-062|P-011,0.0000,557.2150,BBOX_CLEAR
PAIR-007466,G-062,P-012,G-062|P-012,0.0000,695.2183,BBOX_CLEAR
PAIR-007467,G-062,P-013,G-062|P-013,0.0000,752.2353,BBOX_CLEAR
PAIR-007468,G-062,P-014,G-062|P-014,0.0000,812.1471,BBOX_CLEAR
PAIR-007469,G-062,P-015,G-062|P-015,0.0000,496.4007,BBOX_CLEAR
PAIR-007470,G-062,P-016,G-062|P-016,0.0000,767.0529,BBOX_CLEAR
PAIR-007471,G-062,P-017,G-062|P-017,0.0000,702.5619,BBOX_CLEAR
PAIR-007472,G-063,G-064,G-063|G-064,0.0000,1030.1643,BBOX_CLEAR
PAIR-007473,G-063,G-065,G-063|G-065,0.0000,1053.3781,BBOX_CLEAR
PAIR-007474,G-063,G-066,G-063|G-066,0.0000,719.5806,BBOX_CLEAR
PAIR-007475,G-063,G-067,G-063|G-067,0.0000,754.4547,BBOX_CLEAR
PAIR-007476,G-063,G-068,G-063|G-068,0.0000,792.2685,BBOX_CLEAR
PAIR-007477,G-063,G-069,G-063|G-069,0.0000,273.5944,BBOX_CLEAR
PAIR-007478,G-063,G-070,G-063|G-070,0.0000,290.3415,BBOX_CLEAR
PAIR-007479,G-063,G-071,G-063|G-071,0.0000,274.5852,BBOX_CLEAR
PAIR-007480,G-063,G-072,G-063|G-072,0.0000,280.8368,BBOX_CLEAR
PAIR-007481,G-063,G-073,G-063|G-073,0.0000,301.6258,BBOX_CLEAR
PAIR-007482,G-063,G-074,G-063|G-074,0.0000,294.4376,BBOX_CLEAR
PAIR-007483,G-063,G-075,G-063|G-075,0.0000,311.4749,BBOX_CLEAR
PAIR-007484,G-063,G-076,G-063|G-076,0.0000,335.0587,BBOX_CLEAR
PAIR-007485,G-063,G-077,G-063|G-077,0.0000,389.0982,BBOX_CLEAR
PAIR-007486,G-063,G-078,G-063|G-078,0.0000,408.0817,BBOX_CLEAR
PAIR-007487,G-063,G-079,G-063|G-079,0.0000,419.8803,BBOX_CLEAR
PAIR-007488,G-063,G-080,G-063|G-080,0.0000,449.1582,BBOX_CLEAR
PAIR-007489,G-063,G-081,G-063|G-081,0.0000,451.2463,BBOX_CLEAR
PAIR-007490,G-063,G-082,G-063|G-082,0.0000,464.9344,BBOX_CLEAR
PAIR-007491,G-063,G-083,G-063|G-083,0.0000,494.4102,BBOX_CLEAR
PAIR-007492,G-063,G-084,G-063|G-084,0.0000,498.1912,BBOX_CLEAR
PAIR-007493,G-063,G-085,G-063|G-085,0.0000,520.3953,BBOX_CLEAR
PAIR-007494,G-063,G-086,G-063|G-086,0.0000,554.7074,BBOX_CLEAR
PAIR-007495,G-063,G-087,G-063|G-087,0.0000,573.4074,BBOX_CLEAR
PAIR-007496,G-063,G-088,G-063|G-088,0.0000,584.9258,BBOX_CLEAR
PAIR-007497,G-063,G-089,G-063|G-089,0.0000,590.6552,BBOX_CLEAR
PAIR-007498,G-063,G-090,G-063|G-090,0.0000,604.9901,BBOX_CLEAR
PAIR-007499,G-063,G-091,G-063|G-091,0.0000,631.1156,BBOX_CLEAR
PAIR-007500,G-063,G-092,G-063|G-092,0.0000,665.4056,BBOX_CLEAR
PAIR-007501,G-063,G-093,G-063|G-093,0.0000,685.5630,BBOX_CLEAR
PAIR-007502,G-063,G-094,G-063|G-094,0.0000,695.2032,BBOX_CLEAR
PAIR-007503,G-063,G-095,G-063|G-095,0.0000,702.9767,BBOX_CLEAR
PAIR-007504,G-063,G-096,G-063|G-096,0.0000,717.8779,BBOX_CLEAR
PAIR-007505,G-063,G-097,G-063|G-097,0.0000,736.3689,BBOX_CLEAR
PAIR-007506,G-063,G-098,G-063|G-098,0.0000,746.7426,BBOX_CLEAR
PAIR-007507,G-063,G-099,G-063|G-099,0.0000,765.3521,BBOX_CLEAR
PAIR-007508,G-063,G-100,G-063|G-100,0.0000,356.5210,BBOX_CLEAR
PAIR-007509,G-063,G-101,G-063|G-101,0.0000,364.0946,BBOX_CLEAR
PAIR-007510,G-063,G-102,G-063|G-102,0.0000,361.6388,BBOX_CLEAR
PAIR-007511,G-063,G-103,G-063|G-103,0.0000,358.1116,BBOX_CLEAR
PAIR-007512,G-063,G-104,G-063|G-104,0.0000,352.8116,BBOX_CLEAR
PAIR-007513,G-063,G-105,G-063|G-105,0.0000,353.1832,BBOX_CLEAR
PAIR-007514,G-063,G-106,G-063|G-106,0.0000,357.4999,BBOX_CLEAR
PAIR-007515,G-063,G-107,G-063|G-107,0.0000,366.4973,BBOX_CLEAR
PAIR-007516,G-063,G-108,G-063|G-108,0.0000,379.8431,BBOX_CLEAR
PAIR-007517,G-063,G-109,G-063|G-109,0.0000,397.0989,BBOX_CLEAR
PAIR-007518,G-063,G-110,G-063|G-110,0.0000,417.7806,BBOX_CLEAR
PAIR-007519,G-063,G-111,G-063|G-111,0.0000,441.4070,BBOX_CLEAR
PAIR-007520,G-063,G-112,G-063|G-112,0.0000,467.5317,BBOX_CLEAR
PAIR-007521,G-063,G-113,G-063|G-113,0.0000,495.7600,BBOX_CLEAR
PAIR-007522,G-063,G-114,G-063|G-114,0.0000,525.7532,BBOX_CLEAR
PAIR-007523,G-063,G-115,G-063|G-115,0.0000,557.2264,BBOX_CLEAR
PAIR-007524,G-063,G-116,G-063|G-116,0.0000,589.9427,BBOX_CLEAR
PAIR-007525,G-063,G-117,G-063|G-117,0.0000,623.7065,BBOX_CLEAR
PAIR-007526,G-063,G-118,G-063|G-118,0.0000,658.3567,BBOX_CLEAR
PAIR-007527,G-063,G-119,G-063|G-119,0.0000,693.7605,BBOX_CLEAR
PAIR-007528,G-063,G-120,G-063|G-120,0.0000,729.8083,BBOX_CLEAR
PAIR-007529,G-063,G-121,G-063|G-121,0.0000,766.4091,BBOX_CLEAR
PAIR-007530,G-063,G-122,G-063|G-122,0.0000,803.4874,BBOX_CLEAR
PAIR-007531,G-063,G-123,G-063|G-123,0.0000,840.9800,BBOX_CLEAR
PAIR-007532,G-063,G-124,G-063|G-124,0.0000,878.8339,BBOX_CLEAR
PAIR-007533,G-063,G-125,G-063|G-125,0.0000,917.0045,BBOX_CLEAR
PAIR-007534,G-063,G-126,G-063|G-126,0.0000,955.4536,BBOX_CLEAR
PAIR-007535,G-063,G-127,G-063|G-127,0.0000,994.1491,BBOX_CLEAR
PAIR-007536,G-063,G-128,G-063|G-128,0.0000,1033.0631,BBOX_CLEAR
PAIR-007537,G-063,G-129,G-063|G-129,0.0000,1072.1720,BBOX_CLEAR
PAIR-007538,G-063,G-130,G-063|G-130,0.0000,1111.4552,BBOX_CLEAR
PAIR-007539,G-063,G-131,G-063|G-131,0.0000,1150.8947,BBOX_CLEAR
PAIR-007540,G-063,G-132,G-063|G-132,0.0000,1190.4752,BBOX_CLEAR
PAIR-007541,G-063,G-133,G-063|G-133,0.0000,1230.1828,BBOX_CLEAR
PAIR-007542,G-063,G-134,G-063|G-134,0.0000,1270.0059,BBOX_CLEAR
PAIR-007543,G-063,G-135,G-063|G-135,0.0000,1309.9337,BBOX_CLEAR
PAIR-007544,G-063,P-001,G-063|P-001,0.0000,48.9570,BBOX_CLEAR
PAIR-007545,G-063,P-002,G-063|P-002,0.0000,1076.3677,BBOX_CLEAR
PAIR-007546,G-063,P-003,G-063|P-003,0.0000,367.1528,BBOX_CLEAR
PAIR-007547,G-063,P-004,G-063|P-004,0.0000,468.7528,BBOX_CLEAR
PAIR-007548,G-063,P-005,G-063|P-005,0.0000,189.3973,BBOX_CLEAR
PAIR-007549,G-063,P-006,G-063|P-006,0.0000,82.7409,BBOX_CLEAR
PAIR-007550,G-063,P-007,G-063|P-007,0.0000,11.6366,BBOX_CLEAR
PAIR-007551,G-063,P-008,G-063|P-008,0.0000,642.5199,BBOX_CLEAR
PAIR-007552,G-063,P-009,G-063|P-009,0.0000,653.6157,BBOX_CLEAR
PAIR-007553,G-063,P-010,G-063|P-010,0.0000,735.1151,BBOX_CLEAR
PAIR-007554,G-063,P-011,G-063|P-011,0.0000,540.1713,BBOX_CLEAR
PAIR-007555,G-063,P-012,G-063|P-012,0.0000,678.5955,BBOX_CLEAR
PAIR-007556,G-063,P-013,G-063|P-013,0.0000,734.6327,BBOX_CLEAR
PAIR-007557,G-063,P-014,G-063|P-014,0.0000,794.5897,BBOX_CLEAR
PAIR-007558,G-063,P-015,G-063|P-015,0.0000,484.0668,BBOX_CLEAR
PAIR-007559,G-063,P-016,G-063|P-016,0.0000,753.7169,BBOX_CLEAR
PAIR-007560,G-063,P-017,G-063|P-017,0.0000,687.0863,BBOX_CLEAR
PAIR-007561,G-064,G-065,G-064|G-065,0.0144,0.0000,BBOX_INTERSECTION
PAIR-007562,G-064,G-066,G-064|G-066,0.0000,302.6965,BBOX_CLEAR
PAIR-007563,G-064,G-067,G-064|G-067,0.0000,256.5451,BBOX_CLEAR
PAIR-007564,G-064,G-068,G-064|G-068,0.0000,220.3084,BBOX_CLEAR
PAIR-007565,G-064,G-069,G-064|G-069,0.0000,1061.5620,BBOX_CLEAR
PAIR-007566,G-064,G-070,G-064|G-070,0.0000,1050.9293,BBOX_CLEAR
PAIR-007567,G-064,G-071,G-064|G-071,0.0000,1006.5001,BBOX_CLEAR
PAIR-007568,G-064,G-072,G-064|G-072,0.0000,978.4511,BBOX_CLEAR
PAIR-007569,G-064,G-073,G-064|G-073,0.0000,968.2530,BBOX_CLEAR
PAIR-007570,G-064,G-074,G-064|G-074,0.0000,923.6959,BBOX_CLEAR
PAIR-007571,G-064,G-075,G-064|G-075,0.0000,895.8136,BBOX_CLEAR
PAIR-007572,G-064,G-076,G-064|G-076,0.0000,886.0626,BBOX_CLEAR
PAIR-007573,G-064,G-077,G-064|G-077,0.0000,771.6552,BBOX_CLEAR
PAIR-007574,G-064,G-078,G-064|G-078,0.0000,756.2079,BBOX_CLEAR
PAIR-007575,G-064,G-079,G-064|G-079,0.0000,733.3048,BBOX_CLEAR
PAIR-007576,G-064,G-080,G-064|G-080,0.0000,725.0585,BBOX_CLEAR
PAIR-007577,G-064,G-081,G-064|G-081,0.0000,707.5277,BBOX_CLEAR
PAIR-007578,G-064,G-082,G-064|G-082,0.0000,678.9088,BBOX_CLEAR
PAIR-007579,G-064,G-083,G-064|G-083,0.0000,671.3152,BBOX_CLEAR
PAIR-007580,G-064,G-084,G-064|G-084,0.0000,648.7731,BBOX_CLEAR
PAIR-007581,G-064,G-085,G-064|G-085,0.0000,611.8592,BBOX_CLEAR
PAIR-007582,G-064,G-086,G-064|G-086,0.0000,580.0711,BBOX_CLEAR
PAIR-007583,G-064,G-087,G-064|G-087,0.0000,563.7184,BBOX_CLEAR
PAIR-007584,G-064,G-088,G-064|G-088,0.0000,574.6648,BBOX_CLEAR
PAIR-007585,G-064,G-089,G-064|G-089,0.0000,550.2690,BBOX_CLEAR
PAIR-007586,G-064,G-090,G-064|G-090,0.0000,531.7425,BBOX_CLEAR
PAIR-007587,G-064,G-091,G-064|G-091,0.0000,498.3493,BBOX_CLEAR
PAIR-007588,G-064,G-092,G-064|G-092,0.0000,470.1152,BBOX_CLEAR
PAIR-007589,G-064,G-093,G-064|G-093,0.0000,454.0149,BBOX_CLEAR
PAIR-007590,G-064,G-094,G-064|G-094,0.0000,467.5544,BBOX_CLEAR
PAIR-007591,G-064,G-095,G-064|G-095,0.0000,442.2221,BBOX_CLEAR
PAIR-007592,G-064,G-096,G-064|G-096,0.0000,425.6998,BBOX_CLEAR
PAIR-007593,G-064,G-097,G-064|G-097,0.0000,416.5947,BBOX_CLEAR
PAIR-007594,G-064,G-098,G-064|G-098,0.0000,400.5742,BBOX_CLEAR
PAIR-007595,G-064,G-099,G-064|G-099,0.0000,383.7501,BBOX_CLEAR
PAIR-007596,G-064,G-100,G-064|G-100,0.0000,1198.6576,BBOX_CLEAR
PAIR-007597,G-064,G-101,G-064|G-101,0.0000,1173.7870,BBOX_CLEAR
PAIR-007598,G-064,G-102,G-064|G-102,0.0000,1162.7714,BBOX_CLEAR
PAIR-007599,G-064,G-103,G-064|G-103,0.0000,1143.0369,BBOX_CLEAR
PAIR-007600,G-064,G-104,G-064|G-104,0.0000,1063.1415,BBOX_CLEAR
PAIR-007601,G-064,G-105,G-064|G-105,0.0000,1023.6265,BBOX_CLEAR
PAIR-007602,G-064,G-106,G-064|G-106,0.0000,984.2759,BBOX_CLEAR
PAIR-007603,G-064,G-107,G-064|G-107,0.0000,945.1101,BBOX_CLEAR
PAIR-007604,G-064,G-108,G-064|G-108,0.0000,906.1531,BBOX_CLEAR
PAIR-007605,G-064,G-109,G-064|G-109,0.0000,867.4332,BBOX_CLEAR
PAIR-007606,G-064,G-110,G-064|G-110,0.0000,828.9834,BBOX_CLEAR
PAIR-007607,G-064,G-111,G-064|G-111,0.0000,790.8431,BBOX_CLEAR
PAIR-007608,G-064,G-112,G-064|G-112,0.0000,753.0595,BBOX_CLEAR
PAIR-007609,G-064,G-113,G-064|G-113,0.0000,715.6890,BBOX_CLEAR
PAIR-007610,G-064,G-114,G-064|G-114,0.0000,678.7997,BBOX_CLEAR
PAIR-007611,G-064,G-115,G-064|G-115,0.0000,642.4748,BBOX_CLEAR
PAIR-007612,G-064,G-116,G-064|G-116,0.0000,606.8154,BBOX_CLEAR
PAIR-007613,G-064,G-117,G-064|G-117,0.0000,571.9461,BBOX_CLEAR
PAIR-007614,G-064,G-118,G-064|G-118,0.0000,538.0205,BBOX_CLEAR
PAIR-007615,G-064,G-119,G-064|G-119,0.0000,505.2288,BBOX_CLEAR
PAIR-007616,G-064,G-120,G-064|G-120,0.0000,473.8065,BBOX_CLEAR
PAIR-007617,G-064,G-121,G-064|G-121,0.0000,444.0443,BBOX_CLEAR
PAIR-007618,G-064,G-122,G-064|G-122,0.0000,416.2984,BBOX_CLEAR
PAIR-007619,G-064,G-123,G-064|G-123,0.0000,390.9985,BBOX_CLEAR
PAIR-007620,G-064,G-124,G-064|G-124,0.0000,368.6482,BBOX_CLEAR
PAIR-007621,G-064,G-125,G-064|G-125,0.0000,349.8136,BBOX_CLEAR
PAIR-007622,G-064,G-126,G-064|G-126,0.0000,335.0880,BBOX_CLEAR
PAIR-007623,G-064,G-127,G-064|G-127,0.0000,325.0303,BBOX_CLEAR
PAIR-007624,G-064,G-128,G-064|G-128,0.0000,320.0808,BBOX_CLEAR
PAIR-007625,G-064,G-129,G-064|G-129,0.0000,319.5909,BBOX_CLEAR
PAIR-007626,G-064,G-130,G-064|G-130,0.0000,319.5914,BBOX_CLEAR
PAIR-007627,G-064,G-131,G-064|G-131,0.0000,322.3537,BBOX_CLEAR
PAIR-007628,G-064,G-132,G-064|G-132,0.0000,330.3505,BBOX_CLEAR
PAIR-007629,G-064,G-133,G-064|G-133,0.0000,343.2161,BBOX_CLEAR
PAIR-007630,G-064,G-134,G-064|G-134,0.0000,360.4297,BBOX_CLEAR
PAIR-007631,G-064,G-135,G-064|G-135,0.0000,381.4028,BBOX_CLEAR
PAIR-007632,G-064,P-001,G-064|P-001,0.0000,15.7363,BBOX_CLEAR
PAIR-007633,G-064,P-002,G-064|P-002,0.0000,23.7611,BBOX_CLEAR
PAIR-007634,G-064,P-003,G-064|P-003,0.0000,663.0115,BBOX_CLEAR
PAIR-007635,G-064,P-004,G-064|P-004,0.0000,729.3948,BBOX_CLEAR
PAIR-007636,G-064,P-005,G-064|P-005,0.0000,485.2455,BBOX_CLEAR
PAIR-007637,G-064,P-006,G-064|P-006,0.0000,378.5891,BBOX_CLEAR
PAIR-007638,G-064,P-007,G-064|P-007,0.0000,307.4848,BBOX_CLEAR
PAIR-007639,G-064,P-008,G-064|P-008,0.0000,373.1344,BBOX_CLEAR
PAIR-007640,G-064,P-009,G-064|P-009,0.0000,311.8104,BBOX_CLEAR
PAIR-007641,G-064,P-010,G-064|P-010,0.0000,337.9422,BBOX_CLEAR
PAIR-007642,G-064,P-011,G-064|P-011,0.0000,267.2022,BBOX_CLEAR
PAIR-007643,G-064,P-012,G-064|P-012,0.0000,321.8540,BBOX_CLEAR
PAIR-007644,G-064,P-013,G-064|P-013,0.0000,245.7147,BBOX_CLEAR
PAIR-007645,G-064,P-014,G-064|P-014,0.0000,237.3542,BBOX_CLEAR
PAIR-007646,G-064,P-015,G-064|P-015,0.0000,228.7118,BBOX_CLEAR
PAIR-007647,G-064,P-016,G-064|P-016,0.0000,249.0230,BBOX_CLEAR
PAIR-007648,G-064,P-017,G-064|P-017,0.0000,195.9047,BBOX_CLEAR
PAIR-007649,G-065,G-066,G-065|G-066,0.0000,323.2746,BBOX_CLEAR
PAIR-007650,G-065,G-067,G-065|G-067,0.0000,276.6139,BBOX_CLEAR
PAIR-007651,G-065,G-068,G-065|G-068,0.0000,239.7150,BBOX_CLEAR
PAIR-007652,G-065,G-069,G-065|G-069,0.0000,1082.2904,BBOX_CLEAR
PAIR-007653,G-065,G-070,G-065|G-070,0.0000,1071.4034,BBOX_CLEAR
PAIR-007654,G-065,G-071,G-065|G-071,0.0000,1027.0608,BBOX_CLEAR
PAIR-007655,G-065,G-072,G-065|G-072,0.0000,998.9175,BBOX_CLEAR
PAIR-007656,G-065,G-073,G-065|G-073,0.0000,988.4325,BBOX_CLEAR
PAIR-007657,G-065,G-074,G-065|G-074,0.0000,943.9584,BBOX_CLEAR
PAIR-007658,G-065,G-075,G-065|G-075,0.0000,915.9605,BBOX_CLEAR
PAIR-007659,G-065,G-076,G-065|G-076,0.0000,905.8815,BBOX_CLEAR
PAIR-007660,G-065,G-077,G-065|G-077,0.0000,791.0691,BBOX_CLEAR
PAIR-007661,G-065,G-078,G-065|G-078,0.0000,775.5206,BBOX_CLEAR
PAIR-007662,G-065,G-079,G-065|G-079,0.0000,752.4575,BBOX_CLEAR
PAIR-007663,G-065,G-080,G-065|G-080,0.0000,743.7609,BBOX_CLEAR
PAIR-007664,G-065,G-081,G-065|G-081,0.0000,726.4845,BBOX_CLEAR
PAIR-007665,G-065,G-082,G-065|G-082,0.0000,697.6259,BBOX_CLEAR
PAIR-007666,G-065,G-083,G-065|G-083,0.0000,689.5246,BBOX_CLEAR
PAIR-007667,G-065,G-084,G-065|G-084,0.0000,667.2081,BBOX_CLEAR
PAIR-007668,G-065,G-085,G-065|G-085,0.0000,629.8988,BBOX_CLEAR
PAIR-007669,G-065,G-086,G-065|G-086,0.0000,597.7167,BBOX_CLEAR
PAIR-007670,G-065,G-087,G-065|G-087,0.0000,581.3338,BBOX_CLEAR
PAIR-007671,G-065,G-088,G-065|G-088,0.0000,591.6144,BBOX_CLEAR
PAIR-007672,G-065,G-089,G-065|G-089,0.0000,567.4893,BBOX_CLEAR
PAIR-007673,G-065,G-090,G-065|G-090,0.0000,548.6657,BBOX_CLEAR
PAIR-007674,G-065,G-091,G-065|G-091,0.0000,514.6594,BBOX_CLEAR
PAIR-007675,G-065,G-092,G-065|G-092,0.0000,485.8104,BBOX_CLEAR
PAIR-007676,G-065,G-093,G-065|G-093,0.0000,469.5965,BBOX_CLEAR
PAIR-007677,G-065,G-094,G-065|G-094,0.0000,482.2826,BBOX_CLEAR
PAIR-007678,G-065,G-095,G-065|G-095,0.0000,457.1973,BBOX_CLEAR
PAIR-007679,G-065,G-096,G-065|G-096,0.0000,440.1824,BBOX_CLEAR
PAIR-007680,G-065,G-097,G-065|G-097,0.0000,430.7808,BBOX_CLEAR
PAIR-007681,G-065,G-098,G-065|G-098,0.0000,414.1883,BBOX_CLEAR
PAIR-007682,G-065,G-099,G-065|G-099,0.0000,396.6822,BBOX_CLEAR
PAIR-007683,G-065,G-100,G-065|G-100,0.0000,1218.9839,BBOX_CLEAR
PAIR-007684,G-065,G-101,G-065|G-101,0.0000,1193.8280,BBOX_CLEAR
PAIR-007685,G-065,G-102,G-065|G-102,0.0000,1182.7742,BBOX_CLEAR
PAIR-007686,G-065,G-103,G-065|G-103,0.0000,1162.9692,BBOX_CLEAR
PAIR-007687,G-065,G-104,G-065|G-104,0.0000,1082.7780,BBOX_CLEAR
PAIR-007688,G-065,G-105,G-065|G-105,0.0000,1043.0835,BBOX_CLEAR
PAIR-007689,G-065,G-106,G-065|G-106,0.0000,1003.5361,BBOX_CLEAR
PAIR-007690,G-065,G-107,G-065|G-107,0.0000,964.1536,BBOX_CLEAR
PAIR-007691,G-065,G-108,G-065|G-108,0.0000,924.9574,BBOX_CLEAR
PAIR-007692,G-065,G-109,G-065|G-109,0.0000,885.9721,BBOX_CLEAR
PAIR-007693,G-065,G-110,G-065|G-110,0.0000,847.2268,BBOX_CLEAR
PAIR-007694,G-065,G-111,G-065|G-111,0.0000,808.7559,BBOX_CLEAR
PAIR-007695,G-065,G-112,G-065|G-112,0.0000,770.6007,BBOX_CLEAR
PAIR-007696,G-065,G-113,G-065|G-113,0.0000,732.8104,BBOX_CLEAR
PAIR-007697,G-065,G-114,G-065|G-114,0.0000,695.4445,BBOX_CLEAR
PAIR-007698,G-065,G-115,G-065|G-115,0.0000,658.5752,BBOX_CLEAR
PAIR-007699,G-065,G-116,G-065|G-116,0.0000,622.2909,BBOX_CLEAR
PAIR-007700,G-065,G-117,G-065|G-117,0.0000,586.7001,BBOX_CLEAR
PAIR-007701,G-065,G-118,G-065|G-118,0.0000,551.9368,BBOX_CLEAR
PAIR-007702,G-065,G-119,G-065|G-119,0.0000,518.1678,BBOX_CLEAR
PAIR-007703,G-065,G-120,G-065|G-120,0.0000,485.6005,BBOX_CLEAR
PAIR-007704,G-065,G-121,G-065|G-121,0.0000,454.4932,BBOX_CLEAR
PAIR-007705,G-065,G-122,G-065|G-122,0.0000,425.1666,BBOX_CLEAR
PAIR-007706,G-065,G-123,G-065|G-123,0.0000,398.0146,BBOX_CLEAR
PAIR-007707,G-065,G-124,G-065|G-124,0.0000,373.5116,BBOX_CLEAR
PAIR-007708,G-065,G-125,G-065|G-125,0.0000,352.2109,BBOX_CLEAR
PAIR-007709,G-065,G-126,G-065|G-126,0.0000,334.7244,BBOX_CLEAR
PAIR-007710,G-065,G-127,G-065|G-127,0.0000,321.6748,BBOX_CLEAR
PAIR-007711,G-065,G-128,G-065|G-128,0.0000,313.6165,BBOX_CLEAR
PAIR-007712,G-065,G-129,G-065|G-129,0.0000,310.9370,BBOX_CLEAR
PAIR-007713,G-065,G-130,G-065|G-130,0.0000,310.9370,BBOX_CLEAR
PAIR-007714,G-065,G-131,G-065|G-131,0.0000,311.7938,BBOX_CLEAR
PAIR-007715,G-065,G-132,G-065|G-132,0.0000,317.5787,BBOX_CLEAR
PAIR-007716,G-065,G-133,G-065|G-133,0.0000,328.5473,BBOX_CLEAR
PAIR-007717,G-065,G-134,G-065|G-134,0.0000,344.2047,BBOX_CLEAR
PAIR-007718,G-065,G-135,G-065|G-135,0.0000,363.9460,BBOX_CLEAR
PAIR-007719,G-065,P-001,G-065|P-001,0.0000,7.0824,BBOX_WITHIN_8PX
PAIR-007720,G-065,P-002,G-065|P-002,0.0000,3.1743,BBOX_WITHIN_8PX
PAIR-007721,G-065,P-003,G-065|P-003,0.0000,686.2157,BBOX_CLEAR
PAIR-007722,G-065,P-004,G-065|P-004,0.0000,755.8643,BBOX_CLEAR
PAIR-007723,G-065,P-005,G-065|P-005,0.0000,508.4497,BBOX_CLEAR
PAIR-007724,G-065,P-006,G-065|P-006,0.0000,401.7933,BBOX_CLEAR
PAIR-007725,G-065,P-007,G-065|P-007,0.0000,330.6890,BBOX_CLEAR
PAIR-007726,G-065,P-008,G-065|P-008,0.0000,398.2034,BBOX_CLEAR
PAIR-007727,G-065,P-009,G-065|P-009,0.0000,337.3915,BBOX_CLEAR
PAIR-007728,G-065,P-010,G-065|P-010,0.0000,364.4431,BBOX_CLEAR
PAIR-007729,G-065,P-011,G-065|P-011,0.0000,290.4064,BBOX_CLEAR
PAIR-007730,G-065,P-012,G-065|P-012,0.0000,346.7275,BBOX_CLEAR
PAIR-007731,G-065,P-013,G-065|P-013,0.0000,266.4325,BBOX_CLEAR
PAIR-007732,G-065,P-014,G-065|P-014,0.0000,258.1490,BBOX_CLEAR
PAIR-007733,G-065,P-015,G-065|P-015,0.0000,254.7555,BBOX_CLEAR
PAIR-007734,G-065,P-016,G-065|P-016,0.0000,274.5334,BBOX_CLEAR
PAIR-007735,G-065,P-017,G-065|P-017,0.0000,222.3929,BBOX_CLEAR
PAIR-007736,G-066,G-067,G-066|G-067,0.0000,9.3571,BBOX_CLEAR
PAIR-007737,G-066,G-068,G-066|G-068,0.0000,47.5472,BBOX_CLEAR
PAIR-007738,G-066,G-069,G-066|G-069,0.0000,725.9586,BBOX_CLEAR
PAIR-007739,G-066,G-070,G-066|G-070,0.0000,714.3408,BBOX_CLEAR
PAIR-007740,G-066,G-071,G-066|G-071,0.0000,670.2714,BBOX_CLEAR
PAIR-007741,G-066,G-072,G-066|G-072,0.0000,641.8973,BBOX_CLEAR
PAIR-007742,G-066,G-073,G-066|G-073,0.0000,630.7877,BBOX_CLEAR
PAIR-007743,G-066,G-074,G-066|G-074,0.0000,586.5035,BBOX_CLEAR
PAIR-007744,G-066,G-075,G-066|G-075,0.0000,558.2996,BBOX_CLEAR
PAIR-007745,G-066,G-076,G-066|G-076,0.0000,547.7850,BBOX_CLEAR
PAIR-007746,G-066,G-077,G-066|G-077,0.0000,432.8235,BBOX_CLEAR
PAIR-007747,G-066,G-078,G-066|G-078,0.0000,417.2993,BBOX_CLEAR
PAIR-007748,G-066,G-079,G-066|G-079,0.0000,394.3298,BBOX_CLEAR
PAIR-007749,G-066,G-080,G-066|G-080,0.0000,386.2582,BBOX_CLEAR
PAIR-007750,G-066,G-081,G-066|G-081,0.0000,368.5671,BBOX_CLEAR
PAIR-007751,G-066,G-082,G-066|G-082,0.0000,340.1174,BBOX_CLEAR
PAIR-007752,G-066,G-083,G-066|G-083,0.0000,333.3693,BBOX_CLEAR
PAIR-007753,G-066,G-084,G-066|G-084,0.0000,310.4094,BBOX_CLEAR
PAIR-007754,G-066,G-085,G-066|G-085,0.0000,274.5504,BBOX_CLEAR
PAIR-007755,G-066,G-086,G-066|G-086,0.0000,244.4054,BBOX_CLEAR
PAIR-007756,G-066,G-087,G-066|G-087,0.0000,228.3586,BBOX_CLEAR
PAIR-007757,G-066,G-088,G-066|G-088,0.0000,242.6122,BBOX_CLEAR
PAIR-007758,G-066,G-089,G-066|G-089,0.0000,217.1271,BBOX_CLEAR
PAIR-007759,G-066,G-090,G-066|G-090,0.0000,200.8803,BBOX_CLEAR
PAIR-007760,G-066,G-091,G-066|G-091,0.0000,173.7054,BBOX_CLEAR
PAIR-007761,G-066,G-092,G-066|G-092,0.0000,153.9830,BBOX_CLEAR
PAIR-007762,G-066,G-093,G-066|G-093,0.0000,141.2355,BBOX_CLEAR
PAIR-007763,G-066,G-094,G-066|G-094,0.0000,163.1495,BBOX_CLEAR
PAIR-007764,G-066,G-095,G-066|G-095,0.0000,139.1303,BBOX_CLEAR
PAIR-007765,G-066,G-096,G-066|G-096,0.0000,133.3583,BBOX_CLEAR
PAIR-007766,G-066,G-097,G-066|G-097,0.0000,131.3549,BBOX_CLEAR
PAIR-007767,G-066,G-098,G-066|G-098,0.0000,130.1016,BBOX_CLEAR
PAIR-007768,G-066,G-099,G-066|G-099,0.0000,130.1016,BBOX_CLEAR
PAIR-007769,G-066,G-100,G-066|G-100,0.0000,861.5077,BBOX_CLEAR
PAIR-007770,G-066,G-101,G-066|G-101,0.0000,835.9041,BBOX_CLEAR
PAIR-007771,G-066,G-102,G-066|G-102,0.0000,824.8069,BBOX_CLEAR
PAIR-007772,G-066,G-103,G-066|G-103,0.0000,804.9298,BBOX_CLEAR
PAIR-007773,G-066,G-104,G-066|G-104,0.0000,724.5527,BBOX_CLEAR
PAIR-007774,G-066,G-105,G-066|G-105,0.0000,684.8370,BBOX_CLEAR
PAIR-007775,G-066,G-106,G-066|G-106,0.0000,645.3474,BBOX_CLEAR
PAIR-007776,G-066,G-107,G-066|G-107,0.0000,606.1279,BBOX_CLEAR
PAIR-007777,G-066,G-108,G-066|G-108,0.0000,567.2346,BBOX_CLEAR
PAIR-007778,G-066,G-109,G-066|G-109,0.0000,528.7396,BBOX_CLEAR
PAIR-007779,G-066,G-110,G-066|G-110,0.0000,490.7366,BBOX_CLEAR
PAIR-007780,G-066,G-111,G-066|G-111,0.0000,453.3492,BBOX_CLEAR
PAIR-007781,G-066,G-112,G-066|G-112,0.0000,416.7433,BBOX_CLEAR
PAIR-007782,G-066,G-113,G-066|G-113,0.0000,381.1439,BBOX_CLEAR
PAIR-007783,G-066,G-114,G-066|G-114,0.0000,346.8614,BBOX_CLEAR
PAIR-007784,G-066,G-115,G-066|G-115,0.0000,314.3267,BBOX_CLEAR
PAIR-007785,G-066,G-116,G-066|G-116,0.0000,284.1408,BBOX_CLEAR
PAIR-007786,G-066,G-117,G-066|G-117,0.0000,257.1325,BBOX_CLEAR
PAIR-007787,G-066,G-118,G-066|G-118,0.0000,234.4026,BBOX_CLEAR
PAIR-007788,G-066,G-119,G-066|G-119,0.0000,217.2978,BBOX_CLEAR
PAIR-007789,G-066,G-120,G-066|G-120,0.0000,207.2159,BBOX_CLEAR
PAIR-007790,G-066,G-121,G-066|G-121,0.0000,204.9147,BBOX_CLEAR
PAIR-007791,G-066,G-122,G-066|G-122,0.0000,204.9147,BBOX_CLEAR
PAIR-007792,G-066,G-123,G-066|G-123,0.0000,206.5707,BBOX_CLEAR
PAIR-007793,G-066,G-124,G-066|G-124,0.0000,215.7819,BBOX_CLEAR
PAIR-007794,G-066,G-125,G-066|G-125,0.0000,232.1606,BBOX_CLEAR
PAIR-007795,G-066,G-126,G-066|G-126,0.0000,254.3258,BBOX_CLEAR
PAIR-007796,G-066,G-127,G-066|G-127,0.0000,280.9109,BBOX_CLEAR
PAIR-007797,G-066,G-128,G-066|G-128,0.0000,310.7840,BBOX_CLEAR
PAIR-007798,G-066,G-129,G-066|G-129,0.0000,343.0870,BBOX_CLEAR
PAIR-007799,G-066,G-130,G-066|G-130,0.0000,377.1963,BBOX_CLEAR
PAIR-007800,G-066,G-131,G-066|G-131,0.0000,412.6642,BBOX_CLEAR
PAIR-007801,G-066,G-132,G-066|G-132,0.0000,449.1690,BBOX_CLEAR
PAIR-007802,G-066,G-133,G-066|G-133,0.0000,486.4773,BBOX_CLEAR
PAIR-007803,G-066,G-134,G-066|G-134,0.0000,524.4176,BBOX_CLEAR
PAIR-007804,G-066,G-135,G-066|G-135,0.0000,562.8622,BBOX_CLEAR
PAIR-007805,G-066,P-001,G-066|P-001,0.0000,60.7498,BBOX_CLEAR
PAIR-007806,G-066,P-002,G-066|P-002,0.0000,342.4747,BBOX_CLEAR
PAIR-007807,G-066,P-003,G-066|P-003,0.0000,344.0157,BBOX_CLEAR
PAIR-007808,G-066,P-004,G-066|P-004,0.0000,551.9823,BBOX_CLEAR
PAIR-007809,G-066,P-005,G-066|P-005,0.0000,166.2498,BBOX_CLEAR
PAIR-007810,G-066,P-006,G-066|P-006,0.0000,59.5933,BBOX_CLEAR
PAIR-007811,G-066,P-007,G-066|P-007,439.6049,0.0000,BBOX_INTERSECTION
PAIR-007812,G-066,P-008,G-066|P-008,0.0000,185.0260,BBOX_CLEAR
PAIR-007813,G-066,P-009,G-066|P-009,0.0000,188.7360,BBOX_CLEAR
PAIR-007814,G-066,P-010,G-066|P-010,0.0000,277.5765,BBOX_CLEAR
PAIR-007815,G-066,P-011,G-066|P-011,0.0000,99.8567,BBOX_CLEAR
PAIR-007816,G-066,P-012,G-066|P-012,0.0000,162.2185,BBOX_CLEAR
PAIR-007817,G-066,P-013,G-066|P-013,0.0000,15.7176,BBOX_CLEAR
PAIR-007818,G-066,P-014,G-066|P-014,0.0000,53.5754,BBOX_CLEAR
PAIR-007819,G-066,P-015,G-066|P-015,0.0000,265.5277,BBOX_CLEAR
PAIR-007820,G-066,P-016,G-066|P-016,0.0000,295.3912,BBOX_CLEAR
PAIR-007821,G-066,P-017,G-066|P-017,0.0000,206.5119,BBOX_CLEAR
PAIR-007822,G-067,G-068,G-067|G-068,0.0000,0.0000,BBOX_WITHIN_8PX
PAIR-007823,G-067,G-069,G-067|G-069,0.0000,760.7195,BBOX_CLEAR
PAIR-007824,G-067,G-070,G-067|G-070,0.0000,748.9022,BBOX_CLEAR
PAIR-007825,G-067,G-071,G-067|G-071,0.0000,704.9289,BBOX_CLEAR
PAIR-007826,G-067,G-072,G-067|G-072,0.0000,676.4922,BBOX_CLEAR
PAIR-007827,G-067,G-073,G-067|G-073,0.0000,665.1299,BBOX_CLEAR
PAIR-007828,G-067,G-074,G-067|G-074,0.0000,620.9509,BBOX_CLEAR
PAIR-007829,G-067,G-075,G-067|G-075,0.0000,592.6557,BBOX_CLEAR
PAIR-007830,G-067,G-076,G-067|G-076,0.0000,581.8096,BBOX_CLEAR
PAIR-007831,G-067,G-077,G-067|G-077,0.0000,466.4340,BBOX_CLEAR
PAIR-007832,G-067,G-078,G-067|G-078,0.0000,450.7838,BBOX_CLEAR
PAIR-007833,G-067,G-079,G-067|G-079,0.0000,427.6009,BBOX_CLEAR
PAIR-007834,G-067,G-080,G-067|G-080,0.0000,418.8504,BBOX_CLEAR
PAIR-007835,G-067,G-081,G-067|G-081,0.0000,401.5513,BBOX_CLEAR
PAIR-007836,G-067,G-082,G-067|G-082,0.0000,372.7076,BBOX_CLEAR
PAIR-007837,G-067,G-083,G-067|G-083,0.0000,365.0504,BBOX_CLEAR
PAIR-007838,G-067,G-084,G-067|G-084,0.0000,342.4682,BBOX_CLEAR
PAIR-007839,G-067,G-085,G-067|G-085,0.0000,305.7217,BBOX_CLEAR
PAIR-007840,G-067,G-086,G-067|G-086,0.0000,274.4953,BBOX_CLEAR
PAIR-007841,G-067,G-087,G-067|G-087,0.0000,258.2380,BBOX_CLEAR
PAIR-007842,G-067,G-088,G-067|G-088,0.0000,270.8550,BBOX_CLEAR
PAIR-007843,G-067,G-089,G-067|G-089,0.0000,245.7874,BBOX_CLEAR
PAIR-007844,G-067,G-090,G-067|G-090,0.0000,228.3550,BBOX_CLEAR
PAIR-007845,G-067,G-091,G-067|G-091,0.0000,198.1742,BBOX_CLEAR
PAIR-007846,G-067,G-092,G-067|G-092,0.0000,174.6076,BBOX_CLEAR
PAIR-007847,G-067,G-093,G-067|G-093,0.0000,160.1571,BBOX_CLEAR
PAIR-007848,G-067,G-094,G-067|G-094,0.0000,179.6849,BBOX_CLEAR
PAIR-007849,G-067,G-095,G-067|G-095,0.0000,154.2341,BBOX_CLEAR
PAIR-007850,G-067,G-096,G-067|G-096,0.0000,144.2059,BBOX_CLEAR
PAIR-007851,G-067,G-097,G-067|G-097,0.0000,139.5386,BBOX_CLEAR
PAIR-007852,G-067,G-098,G-067|G-098,0.0000,133.1427,BBOX_CLEAR
PAIR-007853,G-067,G-099,G-067|G-099,0.0000,129.4018,BBOX_CLEAR
PAIR-007854,G-067,G-100,G-067|G-100,0.0000,895.8813,BBOX_CLEAR
PAIR-007855,G-067,G-101,G-067|G-101,0.0000,870.0296,BBOX_CLEAR
PAIR-007856,G-067,G-102,G-067|G-102,0.0000,858.9001,BBOX_CLEAR
PAIR-007857,G-067,G-103,G-067|G-103,0.0000,838.9618,BBOX_CLEAR
PAIR-007858,G-067,G-104,G-067|G-104,0.0000,758.3103,BBOX_CLEAR
PAIR-007859,G-067,G-105,G-067|G-105,0.0000,718.4108,BBOX_CLEAR
PAIR-007860,G-067,G-106,G-067|G-106,0.0000,678.7046,BBOX_CLEAR
PAIR-007861,G-067,G-107,G-067|G-107,0.0000,639.2278,BBOX_CLEAR
PAIR-007862,G-067,G-108,G-067|G-108,0.0000,600.0256,BBOX_CLEAR
PAIR-007863,G-067,G-109,G-067|G-109,0.0000,561.1557,BBOX_CLEAR
PAIR-007864,G-067,G-110,G-067|G-110,0.0000,522.6920,BBOX_CLEAR
PAIR-007865,G-067,G-111,G-067|G-111,0.0000,484.7313,BBOX_CLEAR
PAIR-007866,G-067,G-112,G-067|G-112,0.0000,447.4018,BBOX_CLEAR
PAIR-007867,G-067,G-113,G-067|G-113,0.0000,410.8754,BBOX_CLEAR
PAIR-007868,G-067,G-114,G-067|G-114,0.0000,375.3867,BBOX_CLEAR
PAIR-007869,G-067,G-115,G-067|G-115,0.0000,341.2596,BBOX_CLEAR
PAIR-007870,G-067,G-116,G-067|G-116,0.0000,308.9455,BBOX_CLEAR
PAIR-007871,G-067,G-117,G-067|G-117,0.0000,279.0750,BBOX_CLEAR
PAIR-007872,G-067,G-118,G-067|G-118,0.0000,252.5168,BBOX_CLEAR
PAIR-007873,G-067,G-119,G-067|G-119,0.0000,230.4191,BBOX_CLEAR
PAIR-007874,G-067,G-120,G-067|G-120,0.0000,214.1670,BBOX_CLEAR
PAIR-007875,G-067,G-121,G-067|G-121,0.0000,205.1545,BBOX_CLEAR
PAIR-007876,G-067,G-122,G-067|G-122,0.0000,203.6544,BBOX_CLEAR
PAIR-007877,G-067,G-123,G-067|G-123,0.0000,203.6544,BBOX_CLEAR
PAIR-007878,G-067,G-124,G-067|G-124,0.0000,204.6408,BBOX_CLEAR
PAIR-007879,G-067,G-125,G-067|G-125,0.0000,212.7607,BBOX_CLEAR
PAIR-007880,G-067,G-126,G-067|G-126,0.0000,228.2601,BBOX_CLEAR
PAIR-007881,G-067,G-127,G-067|G-127,0.0000,249.7691,BBOX_CLEAR
PAIR-007882,G-067,G-128,G-067|G-128,0.0000,275.8855,BBOX_CLEAR
PAIR-007883,G-067,G-129,G-067|G-129,0.0000,305.4299,BBOX_CLEAR
PAIR-007884,G-067,G-130,G-067|G-130,0.0000,337.5030,BBOX_CLEAR
PAIR-007885,G-067,G-131,G-067|G-131,0.0000,371.4506,BBOX_CLEAR
PAIR-007886,G-067,G-132,G-067|G-132,0.0000,406.8035,BBOX_CLEAR
PAIR-007887,G-067,G-133,G-067|G-133,0.0000,443.2257,BBOX_CLEAR
PAIR-007888,G-067,G-134,G-067|G-134,0.0000,480.4740,BBOX_CLEAR
PAIR-007889,G-067,G-135,G-067|G-135,0.0000,518.3703,BBOX_CLEAR
PAIR-007890,G-067,P-001,G-067|P-001,0.0000,59.2986,BBOX_CLEAR
PAIR-007891,G-067,P-002,G-067|P-002,0.0000,295.3456,BBOX_CLEAR
PAIR-007892,G-067,P-003,G-067|P-003,0.0000,379.4948,BBOX_CLEAR
PAIR-007893,G-067,P-004,G-067|P-004,0.0000,573.2129,BBOX_CLEAR
PAIR-007894,G-067,P-005,G-067|P-005,0.0000,201.7288,BBOX_CLEAR
PAIR-007895,G-067,P-006,G-067|P-006,0.0000,95.0724,BBOX_CLEAR
PAIR-007896,G-067,P-007,G-067|P-007,0.0000,23.9681,BBOX_CLEAR
PAIR-007897,G-067,P-008,G-067|P-008,0.0000,196.1394,BBOX_CLEAR
PAIR-007898,G-067,P-009,G-067|P-009,0.0000,188.3671,BBOX_CLEAR
PAIR-007899,G-067,P-010,G-067|P-010,0.0000,276.4992,BBOX_CLEAR
PAIR-007900,G-067,P-011,G-067|P-011,0.0000,98.4055,BBOX_CLEAR
PAIR-007901,G-067,P-012,G-067|P-012,0.0000,164.5939,BBOX_CLEAR
PAIR-007902,G-067,P-013,G-067|P-013,0.0000,14.2663,BBOX_CLEAR
PAIR-007903,G-067,P-014,G-067|P-014,0.0000,11.9443,BBOX_CLEAR
PAIR-007904,G-067,P-015,G-067|P-015,0.0000,264.0765,BBOX_CLEAR
PAIR-007905,G-067,P-016,G-067|P-016,0.0000,293.9400,BBOX_CLEAR
PAIR-007906,G-067,P-017,G-067|P-017,0.0000,205.0606,BBOX_CLEAR
PAIR-007907,G-068,G-069,G-068|G-069,0.0000,798.4196,BBOX_CLEAR
PAIR-007908,G-068,G-070,G-068|G-070,0.0000,786.4404,BBOX_CLEAR
PAIR-007909,G-068,G-071,G-068|G-071,0.0000,742.5498,BBOX_CLEAR
PAIR-007910,G-068,G-072,G-068|G-072,0.0000,714.0652,BBOX_CLEAR
PAIR-007911,G-068,G-073,G-068|G-073,0.0000,702.4965,BBOX_CLEAR
PAIR-007912,G-068,G-074,G-068|G-074,0.0000,658.4108,BBOX_CLEAR
PAIR-007913,G-068,G-075,G-068|G-075,0.0000,630.0456,BBOX_CLEAR
PAIR-007914,G-068,G-076,G-068|G-076,0.0000,618.9275,BBOX_CLEAR
PAIR-007915,G-068,G-077,G-068|G-077,0.0000,503.2488,BBOX_CLEAR
PAIR-007916,G-068,G-078,G-068|G-078,0.0000,487.5030,BBOX_CLEAR
PAIR-007917,G-068,G-079,G-068|G-079,0.0000,464.1588,BBOX_CLEAR
PAIR-007918,G-068,G-080,G-068|G-080,0.0000,454.8528,BBOX_CLEAR
PAIR-007919,G-068,G-081,G-068|G-081,0.0000,437.8936,BBOX_CLEAR
PAIR-007920,G-068,G-082,G-068|G-082,0.0000,408.7564,BBOX_CLEAR
PAIR-007921,G-068,G-083,G-068|G-083,0.0000,400.3615,BBOX_CLEAR
PAIR-007922,G-068,G-084,G-068|G-084,0.0000,378.1256,BBOX_CLEAR
PAIR-007923,G-068,G-085,G-068|G-085,0.0000,340.7351,BBOX_CLEAR
PAIR-007924,G-068,G-086,G-068|G-086,0.0000,308.7379,BBOX_CLEAR
PAIR-007925,G-068,G-087,G-068|G-087,0.0000,292.3800,BBOX_CLEAR
PAIR-007926,G-068,G-088,G-068|G-088,0.0000,303.6228,BBOX_CLEAR
PAIR-007927,G-068,G-089,G-068|G-089,0.0000,279.0290,BBOX_CLEAR
PAIR-007928,G-068,G-090,G-068|G-090,0.0000,260.7775,BBOX_CLEAR
PAIR-007929,G-068,G-091,G-068|G-091,0.0000,228.5442,BBOX_CLEAR
PAIR-007930,G-068,G-092,G-068|G-092,0.0000,202.3546,BBOX_CLEAR
PAIR-007931,G-068,G-093,G-068|G-093,0.0000,186.9168,BBOX_CLEAR
PAIR-007932,G-068,G-094,G-068|G-094,0.0000,203.9695,BBOX_CLEAR
PAIR-007933,G-068,G-095,G-068|G-095,0.0000,178.1076,BBOX_CLEAR
PAIR-007934,G-068,G-096,G-068|G-096,0.0000,164.9273,BBOX_CLEAR
PAIR-007935,G-068,G-097,G-068|G-097,0.0000,158.1836,BBOX_CLEAR
PAIR-007936,G-068,G-098,G-068|G-098,0.0000,147.4771,BBOX_CLEAR
PAIR-007937,G-068,G-099,G-068|G-099,0.0000,138.2829,BBOX_CLEAR
PAIR-007938,G-068,G-100,G-068|G-100,0.0000,933.2492,BBOX_CLEAR
PAIR-007939,G-068,G-101,G-068|G-101,0.0000,907.1867,BBOX_CLEAR
PAIR-007940,G-068,G-102,G-068|G-102,0.0000,896.0304,BBOX_CLEAR
PAIR-007941,G-068,G-103,G-068|G-103,0.0000,876.0414,BBOX_CLEAR
PAIR-007942,G-068,G-104,G-068|G-104,0.0000,795.1635,BBOX_CLEAR
PAIR-007943,G-068,G-105,G-068|G-105,0.0000,755.1118,BBOX_CLEAR
PAIR-007944,G-068,G-106,G-068|G-106,0.0000,715.2267,BBOX_CLEAR
PAIR-007945,G-068,G-107,G-068|G-107,0.0000,675.5374,BBOX_CLEAR
PAIR-007946,G-068,G-108,G-068|G-108,0.0000,636.0808,BBOX_CLEAR
PAIR-007947,G-068,G-109,G-068|G-109,0.0000,596.9029,BBOX_CLEAR
PAIR-007948,G-068,G-110,G-068|G-110,0.0000,558.0624,BBOX_CLEAR
PAIR-007949,G-068,G-111,G-068|G-111,0.0000,519.6351,BBOX_CLEAR
PAIR-007950,G-068,G-112,G-068|G-112,0.0000,481.7198,BBOX_CLEAR
PAIR-007951,G-068,G-113,G-068|G-113,0.0000,444.4474,BBOX_CLEAR
PAIR-007952,G-068,G-114,G-068|G-114,0.0000,407.9944,BBOX_CLEAR
PAIR-007953,G-068,G-115,G-068|G-115,0.0000,372.6013,BBOX_CLEAR
PAIR-007954,G-068,G-116,G-068|G-116,0.0000,338.6006,BBOX_CLEAR
PAIR-007955,G-068,G-117,G-068|G-117,0.0000,306.4560,BBOX_CLEAR
PAIR-007956,G-068,G-118,G-068|G-118,0.0000,276.8150,BBOX_CLEAR
PAIR-007957,G-068,G-119,G-068|G-119,0.0000,250.5677,BBOX_CLEAR
PAIR-007958,G-068,G-120,G-068|G-120,0.0000,228.8844,BBOX_CLEAR
PAIR-007959,G-068,G-121,G-068|G-121,0.0000,213.1627,BBOX_CLEAR
PAIR-007960,G-068,G-122,G-068|G-122,0.0000,204.7802,BBOX_CLEAR
PAIR-007961,G-068,G-123,G-068|G-123,0.0000,203.6544,BBOX_CLEAR
PAIR-007962,G-068,G-124,G-068|G-124,0.0000,203.6544,BBOX_CLEAR
PAIR-007963,G-068,G-125,G-068|G-125,0.0000,204.9931,BBOX_CLEAR
PAIR-007964,G-068,G-126,G-068|G-126,0.0000,213.7455,BBOX_CLEAR
PAIR-007965,G-068,G-127,G-068|G-127,0.0000,229.7791,BBOX_CLEAR
PAIR-007966,G-068,G-128,G-068|G-128,0.0000,251.7063,BBOX_CLEAR
PAIR-007967,G-068,G-129,G-068|G-129,0.0000,278.1367,BBOX_CLEAR
PAIR-007968,G-068,G-130,G-068|G-130,0.0000,307.9128,BBOX_CLEAR
PAIR-007969,G-068,G-131,G-068|G-131,0.0000,340.1572,BBOX_CLEAR
PAIR-007970,G-068,G-132,G-068|G-132,0.0000,374.2323,BBOX_CLEAR
PAIR-007971,G-068,G-133,G-068|G-133,0.0000,409.6817,BBOX_CLEAR
PAIR-007972,G-068,G-134,G-068|G-134,0.0000,446.1779,BBOX_CLEAR
PAIR-007973,G-068,G-135,G-068|G-135,0.0000,483.4839,BBOX_CLEAR
PAIR-007974,G-068,P-001,G-068|P-001,0.0000,59.2986,BBOX_CLEAR
PAIR-007975,G-068,P-002,G-068|P-002,0.0000,257.8413,BBOX_CLEAR
PAIR-007976,G-068,P-003,G-068|P-003,0.0000,417.6849,BBOX_CLEAR
PAIR-007977,G-068,P-004,G-068|P-004,0.0000,598.7190,BBOX_CLEAR
PAIR-007978,G-068,P-005,G-068|P-005,0.0000,239.9189,BBOX_CLEAR
PAIR-007979,G-068,P-006,G-068|P-006,0.0000,133.2625,BBOX_CLEAR
PAIR-007980,G-068,P-007,G-068|P-007,0.0000,62.1582,BBOX_CLEAR
PAIR-007981,G-068,P-008,G-068|P-008,0.0000,215.4038,BBOX_CLEAR
PAIR-007982,G-068,P-009,G-068|P-009,0.0000,196.1651,BBOX_CLEAR
PAIR-007983,G-068,P-010,G-068|P-010,0.0000,281.0840,BBOX_CLEAR
PAIR-007984,G-068,P-011,G-068|P-011,0.0000,100.8076,BBOX_CLEAR
PAIR-007985,G-068,P-012,G-068|P-012,0.0000,176.7617,BBOX_CLEAR
PAIR-007986,G-068,P-013,G-068|P-013,0.0000,14.2663,BBOX_CLEAR
PAIR-007987,G-068,P-014,G-068|P-014,0.0000,11.0433,BBOX_CLEAR
PAIR-007988,G-068,P-015,G-068|P-015,0.0000,264.0765,BBOX_CLEAR
PAIR-007989,G-068,P-016,G-068|P-016,0.0000,293.9400,BBOX_CLEAR
PAIR-007990,G-068,P-017,G-068|P-017,0.0000,205.0606,BBOX_CLEAR
PAIR-007991,G-069,G-070,G-069|G-070,0.0000,0.0020,BBOX_WITHIN_8PX
PAIR-007992,G-069,G-071,G-069|G-071,0.0000,27.1312,BBOX_CLEAR
PAIR-007993,G-069,G-072,G-069|G-072,0.0000,67.1927,BBOX_CLEAR
PAIR-007994,G-069,G-073,G-069|G-073,0.0000,85.5562,BBOX_CLEAR
PAIR-007995,G-069,G-074,G-069|G-074,0.0000,112.6354,BBOX_CLEAR
PAIR-007996,G-069,G-075,G-069|G-075,0.0000,152.6968,BBOX_CLEAR
PAIR-007997,G-069,G-076,G-069|G-076,0.0000,171.0562,BBOX_CLEAR
PAIR-007998,G-069,G-077,G-069|G-077,0.0000,276.0645,BBOX_CLEAR
PAIR-007999,G-069,G-078,G-069|G-078,0.0000,302.5685,BBOX_CLEAR
PAIR-008000,G-069,G-079,G-069|G-079,0.0000,318.4937,BBOX_CLEAR
PAIR-008001,G-069,G-080,G-069|G-080,0.0000,342.7436,BBOX_CLEAR
PAIR-008002,G-069,G-081,G-069|G-081,0.0000,359.2686,BBOX_CLEAR
PAIR-008003,G-069,G-082,G-069|G-082,0.0000,376.4924,BBOX_CLEAR
PAIR-008004,G-069,G-083,G-069|G-083,0.0000,400.7686,BBOX_CLEAR
PAIR-008005,G-069,G-084,G-069|G-084,0.0000,417.2395,BBOX_CLEAR
PAIR-008006,G-069,G-085,G-069|G-085,0.0000,443.7435,BBOX_CLEAR
PAIR-008007,G-069,G-086,G-069|G-086,0.0000,483.8430,BBOX_CLEAR
PAIR-008008,G-069,G-087,G-069|G-087,0.0000,508.4977,BBOX_CLEAR
PAIR-008009,G-069,G-088,G-069|G-088,0.0000,508.1144,BBOX_CLEAR
PAIR-008010,G-069,G-089,G-069|G-089,0.0000,524.9685,BBOX_CLEAR
PAIR-008011,G-069,G-090,G-069|G-090,0.0000,541.1612,BBOX_CLEAR
PAIR-008012,G-069,G-091,G-069|G-091,0.0000,570.4148,BBOX_CLEAR
PAIR-008013,G-069,G-092,G-069|G-092,0.0000,608.3759,BBOX_CLEAR
PAIR-008014,G-069,G-093,G-069|G-093,0.0000,633.0270,BBOX_CLEAR
PAIR-008015,G-069,G-094,G-069|G-094,0.0000,632.6437,BBOX_CLEAR
PAIR-008016,G-069,G-095,G-069|G-095,0.0000,649.4978,BBOX_CLEAR
PAIR-008017,G-069,G-096,G-069|G-096,0.0000,665.6904,BBOX_CLEAR
PAIR-008018,G-069,G-097,G-069|G-097,0.0000,685.7021,BBOX_CLEAR
PAIR-008019,G-069,G-098,G-069|G-098,0.0000,696.8918,BBOX_CLEAR
PAIR-008020,G-069,G-099,G-069|G-099,0.0000,716.9035,BBOX_CLEAR
PAIR-008021,G-069,G-100,G-069|G-100,0.0000,110.1105,BBOX_CLEAR
PAIR-008022,G-069,G-101,G-069|G-101,0.0000,87.7148,BBOX_CLEAR
PAIR-008023,G-069,G-102,G-069|G-102,0.0000,77.8990,BBOX_CLEAR
PAIR-008024,G-069,G-103,G-069|G-103,0.0000,61.7282,BBOX_CLEAR
PAIR-008025,G-069,G-104,G-069|G-104,0.0000,41.0271,BBOX_CLEAR
PAIR-008026,G-069,G-105,G-069|G-105,0.0000,45.6517,BBOX_CLEAR
PAIR-008027,G-069,G-106,G-069|G-106,0.0000,73.9558,BBOX_CLEAR
PAIR-008028,G-069,G-107,G-069|G-107,0.0000,110.9106,BBOX_CLEAR
PAIR-008029,G-069,G-108,G-069|G-108,0.0000,150.2638,BBOX_CLEAR
PAIR-008030,G-069,G-109,G-069|G-109,0.0000,190.5350,BBOX_CLEAR
PAIR-008031,G-069,G-110,G-069|G-110,0.0000,231.2451,BBOX_CLEAR
PAIR-008032,G-069,G-111,G-069|G-111,0.0000,272.1972,BBOX_CLEAR
PAIR-008033,G-069,G-112,G-069|G-112,0.0000,313.2965,BBOX_CLEAR
PAIR-008034,G-069,G-113,G-069|G-113,0.0000,354.4917,BBOX_CLEAR
PAIR-008035,G-069,G-114,G-069|G-114,0.0000,395.7530,BBOX_CLEAR
PAIR-008036,G-069,G-115,G-069|G-115,0.0000,437.0615,BBOX_CLEAR
PAIR-008037,G-069,G-116,G-069|G-116,0.0000,478.4051,BBOX_CLEAR
PAIR-008038,G-069,G-117,G-069|G-117,0.0000,519.7754,BBOX_CLEAR
PAIR-008039,G-069,G-118,G-069|G-118,0.0000,561.1665,BBOX_CLEAR
PAIR-008040,G-069,G-119,G-069|G-119,0.0000,602.5741,BBOX_CLEAR
PAIR-008041,G-069,G-120,G-069|G-120,0.0000,643.9950,BBOX_CLEAR
PAIR-008042,G-069,G-121,G-069|G-121,0.0000,685.4268,BBOX_CLEAR
PAIR-008043,G-069,G-122,G-069|G-122,0.0000,726.8676,BBOX_CLEAR
PAIR-008044,G-069,G-123,G-069|G-123,0.0000,768.3161,BBOX_CLEAR
PAIR-008045,G-069,G-124,G-069|G-124,0.0000,809.7709,BBOX_CLEAR
PAIR-008046,G-069,G-125,G-069|G-125,0.0000,851.2312,BBOX_CLEAR
PAIR-008047,G-069,G-126,G-069|G-126,0.0000,892.6962,BBOX_CLEAR
PAIR-008048,G-069,G-127,G-069|G-127,0.0000,934.1653,BBOX_CLEAR
PAIR-008049,G-069,G-128,G-069|G-128,0.0000,975.6380,BBOX_CLEAR
PAIR-008050,G-069,G-129,G-069|G-129,0.0000,1017.1138,BBOX_CLEAR
PAIR-008051,G-069,G-130,G-069|G-130,0.0000,1058.5924,BBOX_CLEAR
PAIR-008052,G-069,G-131,G-069|G-131,0.0000,1100.0734,BBOX_CLEAR
PAIR-008053,G-069,G-132,G-069|G-132,0.0000,1141.5566,BBOX_CLEAR
PAIR-008054,G-069,G-133,G-069|G-133,0.0000,1183.0417,BBOX_CLEAR
PAIR-008055,G-069,G-134,G-069|G-134,0.0000,1224.5287,BBOX_CLEAR
PAIR-008056,G-069,G-135,G-069|G-135,0.0000,1266.0172,BBOX_CLEAR
PAIR-008057,G-069,P-001,G-069|P-001,0.0000,224.6374,BBOX_CLEAR
PAIR-008058,G-069,P-002,G-069|P-002,0.0000,1101.0595,BBOX_CLEAR
PAIR-008059,G-069,P-003,G-069|P-003,0.0000,370.9780,BBOX_CLEAR
PAIR-008060,G-069,P-004,G-069|P-004,0.0000,702.6950,BBOX_CLEAR
PAIR-008061,G-069,P-005,G-069|P-005,0.0000,226.3961,BBOX_CLEAR
PAIR-008062,G-069,P-006,G-069|P-006,0.0000,102.0228,BBOX_CLEAR
PAIR-008063,G-069,P-007,G-069|P-007,0.0000,19.1673,BBOX_CLEAR
PAIR-008064,G-069,P-008,G-069|P-008,0.0000,730.1885,BBOX_CLEAR
PAIR-008065,G-069,P-009,G-069|P-009,0.0000,744.2324,BBOX_CLEAR
PAIR-008066,G-069,P-010,G-069|P-010,0.0000,849.1547,BBOX_CLEAR
PAIR-008067,G-069,P-011,G-069|P-011,0.0000,604.5604,BBOX_CLEAR
PAIR-008068,G-069,P-012,G-069|P-012,0.0000,755.9132,BBOX_CLEAR
PAIR-008069,G-069,P-013,G-069|P-013,0.0000,754.1207,BBOX_CLEAR
PAIR-008070,G-069,P-014,G-069|P-014,0.0000,812.5877,BBOX_CLEAR
PAIR-008071,G-069,P-015,G-069|P-015,0.0000,637.0159,BBOX_CLEAR
PAIR-008072,G-069,P-016,G-069|P-016,0.0000,871.5487,BBOX_CLEAR
PAIR-008073,G-069,P-017,G-069|P-017,0.0000,780.8320,BBOX_CLEAR
PAIR-008074,G-070,G-071,G-070|G-071,0.0000,12.1320,BBOX_CLEAR
PAIR-008075,G-070,G-072,G-070|G-072,0.0000,52.1935,BBOX_CLEAR
PAIR-008076,G-070,G-073,G-070|G-073,0.0000,70.5570,BBOX_CLEAR
PAIR-008077,G-070,G-074,G-070|G-074,0.0000,97.6362,BBOX_CLEAR
PAIR-008078,G-070,G-075,G-070|G-075,0.0000,137.6976,BBOX_CLEAR
PAIR-008079,G-070,G-076,G-070|G-076,0.0000,156.0570,BBOX_CLEAR
PAIR-008080,G-070,G-077,G-070|G-077,0.0000,261.0653,BBOX_CLEAR
PAIR-008081,G-070,G-078,G-070|G-078,0.0000,287.5693,BBOX_CLEAR
PAIR-008082,G-070,G-079,G-070|G-079,0.0000,303.4945,BBOX_CLEAR
PAIR-008083,G-070,G-080,G-070|G-080,0.0000,327.7444,BBOX_CLEAR
PAIR-008084,G-070,G-081,G-070|G-081,0.0000,344.2694,BBOX_CLEAR
PAIR-008085,G-070,G-082,G-070|G-082,0.0000,361.4932,BBOX_CLEAR
PAIR-008086,G-070,G-083,G-070|G-083,0.0000,385.7694,BBOX_CLEAR
PAIR-008087,G-070,G-084,G-070|G-084,0.0000,402.2403,BBOX_CLEAR
PAIR-008088,G-070,G-085,G-070|G-085,0.0000,428.7442,BBOX_CLEAR
PAIR-008089,G-070,G-086,G-070|G-086,0.0000,468.8438,BBOX_CLEAR
PAIR-008090,G-070,G-087,G-070|G-087,0.0000,493.4985,BBOX_CLEAR
PAIR-008091,G-070,G-088,G-070|G-088,0.0000,493.1152,BBOX_CLEAR
PAIR-008092,G-070,G-089,G-070|G-089,0.0000,509.9693,BBOX_CLEAR
PAIR-008093,G-070,G-090,G-070|G-090,0.0000,526.1620,BBOX_CLEAR
PAIR-008094,G-070,G-091,G-070|G-091,0.0000,555.4156,BBOX_CLEAR
PAIR-008095,G-070,G-092,G-070|G-092,0.0000,593.3767,BBOX_CLEAR
PAIR-008096,G-070,G-093,G-070|G-093,0.0000,618.0278,BBOX_CLEAR
PAIR-008097,G-070,G-094,G-070|G-094,0.0000,617.6445,BBOX_CLEAR
PAIR-008098,G-070,G-095,G-070|G-095,0.0000,634.4986,BBOX_CLEAR
PAIR-008099,G-070,G-096,G-070|G-096,0.0000,650.6912,BBOX_CLEAR
PAIR-008100,G-070,G-097,G-070|G-097,0.0000,670.7029,BBOX_CLEAR
PAIR-008101,G-070,G-098,G-070|G-098,0.0000,681.8926,BBOX_CLEAR
PAIR-008102,G-070,G-099,G-070|G-099,0.0000,701.9043,BBOX_CLEAR
PAIR-008103,G-070,G-100,G-070|G-100,0.0000,127.0233,BBOX_CLEAR
PAIR-008104,G-070,G-101,G-070|G-101,0.0000,102.0714,BBOX_CLEAR
PAIR-008105,G-070,G-102,G-070|G-102,0.0000,91.5033,BBOX_CLEAR
PAIR-008106,G-070,G-103,G-070|G-103,0.0000,73.2226,BBOX_CLEAR
PAIR-008107,G-070,G-104,G-070|G-104,0.0000,35.7373,BBOX_CLEAR
PAIR-008108,G-070,G-105,G-070|G-105,0.0000,36.0884,BBOX_CLEAR
PAIR-008109,G-070,G-106,G-070|G-106,0.0000,58.6728,BBOX_CLEAR
PAIR-008110,G-070,G-107,G-070|G-107,0.0000,95.0207,BBOX_CLEAR
PAIR-008111,G-070,G-108,G-070|G-108,0.0000,134.3939,BBOX_CLEAR
PAIR-008112,G-070,G-109,G-070|G-109,0.0000,174.7593,BBOX_CLEAR
PAIR-008113,G-070,G-110,G-070|G-110,0.0000,215.5603,BBOX_CLEAR
PAIR-008114,G-070,G-111,G-070|G-111,0.0000,256.5892,BBOX_CLEAR
PAIR-008115,G-070,G-112,G-070|G-112,0.0000,297.7518,BBOX_CLEAR
PAIR-008116,G-070,G-113,G-070|G-113,0.0000,338.9993,BBOX_CLEAR
PAIR-008117,G-070,G-114,G-070|G-114,0.0000,380.3043,BBOX_CLEAR
PAIR-008118,G-070,G-115,G-070|G-115,0.0000,421.6497,BBOX_CLEAR
PAIR-008119,G-070,G-116,G-070|G-116,0.0000,463.0247,BBOX_CLEAR
PAIR-008120,G-070,G-117,G-070|G-117,0.0000,504.4221,BBOX_CLEAR
PAIR-008121,G-070,G-118,G-070|G-118,0.0000,545.8367,BBOX_CLEAR
PAIR-008122,G-070,G-119,G-070|G-119,0.0000,587.2649,BBOX_CLEAR
PAIR-008123,G-070,G-120,G-070|G-120,0.0000,628.7041,BBOX_CLEAR
PAIR-008124,G-070,G-121,G-070|G-121,0.0000,670.1521,BBOX_CLEAR
PAIR-008125,G-070,G-122,G-070|G-122,0.0000,711.6076,BBOX_CLEAR
PAIR-008126,G-070,G-123,G-070|G-123,0.0000,753.0691,BBOX_CLEAR
PAIR-008127,G-070,G-124,G-070|G-124,0.0000,794.5358,BBOX_CLEAR
PAIR-008128,G-070,G-125,G-070|G-125,0.0000,836.0069,BBOX_CLEAR
PAIR-008129,G-070,G-126,G-070|G-126,0.0000,877.4818,BBOX_CLEAR
PAIR-008130,G-070,G-127,G-070|G-127,0.0000,918.9599,BBOX_CLEAR
PAIR-008131,G-070,G-128,G-070|G-128,0.0000,960.4409,BBOX_CLEAR
PAIR-008132,G-070,G-129,G-070|G-129,0.0000,1001.9244,BBOX_CLEAR
PAIR-008133,G-070,G-130,G-070|G-130,0.0000,1043.4100,BBOX_CLEAR
PAIR-008134,G-070,G-131,G-070|G-131,0.0000,1084.8976,BBOX_CLEAR
PAIR-008135,G-070,G-132,G-070|G-132,0.0000,1126.3870,BBOX_CLEAR
PAIR-008136,G-070,G-133,G-070|G-133,0.0000,1167.8778,BBOX_CLEAR
PAIR-008137,G-070,G-134,G-070|G-134,0.0000,1209.3701,BBOX_CLEAR
PAIR-008138,G-070,G-135,G-070|G-135,0.0000,1250.8636,BBOX_CLEAR
PAIR-008139,G-070,P-001,G-070|P-001,0.0000,241.3845,BBOX_CLEAR
PAIR-008140,G-070,P-002,G-070|P-002,0.0000,1089.8345,BBOX_CLEAR
PAIR-008141,G-070,P-003,G-070|P-003,0.0000,355.9788,BBOX_CLEAR
PAIR-008142,G-070,P-004,G-070|P-004,0.0000,709.5856,BBOX_CLEAR
PAIR-008143,G-070,P-005,G-070|P-005,0.0000,223.4190,BBOX_CLEAR
PAIR-008144,G-070,P-006,G-070|P-006,0.0000,100.6260,BBOX_CLEAR
PAIR-008145,G-070,P-007,G-070|P-007,0.0000,28.0786,BBOX_CLEAR
PAIR-008146,G-070,P-008,G-070|P-008,0.0000,725.1169,BBOX_CLEAR
PAIR-008147,G-070,P-009,G-070|P-009,0.0000,739.2817,BBOX_CLEAR
PAIR-008148,G-070,P-010,G-070|P-010,0.0000,845.3375,BBOX_CLEAR
PAIR-008149,G-070,P-011,G-070|P-011,0.0000,598.7600,BBOX_CLEAR
PAIR-008150,G-070,P-012,G-070|P-012,0.0000,749.9169,BBOX_CLEAR
PAIR-008151,G-070,P-013,G-070|P-013,0.0000,743.8063,BBOX_CLEAR
PAIR-008152,G-070,P-014,G-070|P-014,0.0000,801.8210,BBOX_CLEAR
PAIR-008153,G-070,P-015,G-070|P-015,0.0000,637.6226,BBOX_CLEAR
PAIR-008154,G-070,P-016,G-070|P-016,0.0000,867.9087,BBOX_CLEAR
PAIR-008155,G-070,P-017,G-070|P-017,0.0000,775.8799,BBOX_CLEAR
PAIR-008156,G-071,G-072,G-071|G-072,0.0000,10.5787,BBOX_CLEAR
PAIR-008157,G-071,G-073,G-071|G-073,0.0000,28.9422,BBOX_CLEAR
PAIR-008158,G-071,G-074,G-071|G-074,0.0000,56.0214,BBOX_CLEAR
PAIR-008159,G-071,G-075,G-071|G-075,0.0000,96.0828,BBOX_CLEAR
PAIR-008160,G-071,G-076,G-071|G-076,0.0000,114.4422,BBOX_CLEAR
PAIR-008161,G-071,G-077,G-071|G-077,0.0000,219.4505,BBOX_CLEAR
PAIR-008162,G-071,G-078,G-071|G-078,0.0000,245.9545,BBOX_CLEAR
PAIR-008163,G-071,G-079,G-071|G-079,0.0000,261.8797,BBOX_CLEAR
PAIR-008164,G-071,G-080,G-071|G-080,0.0000,286.1296,BBOX_CLEAR
PAIR-008165,G-071,G-081,G-071|G-081,0.0000,302.6546,BBOX_CLEAR
PAIR-008166,G-071,G-082,G-071|G-082,0.0000,319.8784,BBOX_CLEAR
PAIR-008167,G-071,G-083,G-071|G-083,0.0000,344.1546,BBOX_CLEAR
PAIR-008168,G-071,G-084,G-071|G-084,0.0000,360.6255,BBOX_CLEAR
PAIR-008169,G-071,G-085,G-071|G-085,0.0000,387.1295,BBOX_CLEAR
PAIR-008170,G-071,G-086,G-071|G-086,0.0000,427.2290,BBOX_CLEAR
PAIR-008171,G-071,G-087,G-071|G-087,0.0000,451.8837,BBOX_CLEAR
PAIR-008172,G-071,G-088,G-071|G-088,0.0000,451.5004,BBOX_CLEAR
PAIR-008173,G-071,G-089,G-071|G-089,0.0000,468.3545,BBOX_CLEAR
PAIR-008174,G-071,G-090,G-071|G-090,0.0000,484.5472,BBOX_CLEAR
PAIR-008175,G-071,G-091,G-071|G-091,0.0000,513.8008,BBOX_CLEAR
PAIR-008176,G-071,G-092,G-071|G-092,0.0000,551.7619,BBOX_CLEAR
PAIR-008177,G-071,G-093,G-071|G-093,0.0000,576.4130,BBOX_CLEAR
PAIR-008178,G-071,G-094,G-071|G-094,0.0000,576.0297,BBOX_CLEAR
PAIR-008179,G-071,G-095,G-071|G-095,0.0000,592.8838,BBOX_CLEAR
PAIR-008180,G-071,G-096,G-071|G-096,0.0000,609.0764,BBOX_CLEAR
PAIR-008181,G-071,G-097,G-071|G-097,0.0000,629.0881,BBOX_CLEAR
PAIR-008182,G-071,G-098,G-071|G-098,0.0000,640.2778,BBOX_CLEAR
PAIR-008183,G-071,G-099,G-071|G-099,0.0000,660.2895,BBOX_CLEAR
PAIR-008184,G-071,G-100,G-071|G-100,0.0000,154.6544,BBOX_CLEAR
PAIR-008185,G-071,G-101,G-071|G-101,0.0000,129.3530,BBOX_CLEAR
PAIR-008186,G-071,G-102,G-071|G-102,0.0000,118.5953,BBOX_CLEAR
PAIR-008187,G-071,G-103,G-071|G-103,0.0000,99.6927,BBOX_CLEAR
PAIR-008188,G-071,G-104,G-071|G-104,0.0000,41.6386,BBOX_CLEAR
PAIR-008189,G-071,G-105,G-071|G-105,0.0000,41.0271,BBOX_CLEAR
PAIR-008190,G-071,G-106,G-071|G-106,0.0000,41.3209,BBOX_CLEAR
PAIR-008191,G-071,G-107,G-071|G-107,0.0000,61.9590,BBOX_CLEAR
PAIR-008192,G-071,G-108,G-071|G-108,0.0000,97.0399,BBOX_CLEAR
PAIR-008193,G-071,G-109,G-071|G-109,0.0000,135.7973,BBOX_CLEAR
PAIR-008194,G-071,G-110,G-071|G-110,0.0000,175.8164,BBOX_CLEAR
PAIR-008195,G-071,G-111,G-071|G-111,0.0000,216.3983,BBOX_CLEAR
PAIR-008196,G-071,G-112,G-071|G-112,0.0000,257.2769,BBOX_CLEAR
PAIR-008197,G-071,G-113,G-071|G-113,0.0000,298.3301,BBOX_CLEAR
PAIR-008198,G-071,G-114,G-071|G-114,0.0000,339.4948,BBOX_CLEAR
PAIR-008199,G-071,G-115,G-071|G-115,0.0000,380.7346,BBOX_CLEAR
PAIR-008200,G-071,G-116,G-071|G-116,0.0000,422.0276,BBOX_CLEAR
PAIR-008201,G-071,G-117,G-071|G-117,0.0000,463.3596,BBOX_CLEAR
PAIR-008202,G-071,G-118,G-071|G-118,0.0000,504.7210,BBOX_CLEAR
PAIR-008203,G-071,G-119,G-071|G-119,0.0000,546.1050,BBOX_CLEAR
PAIR-008204,G-071,G-120,G-071|G-120,0.0000,587.5071,BBOX_CLEAR
PAIR-008205,G-071,G-121,G-071|G-121,0.0000,628.9234,BBOX_CLEAR
PAIR-008206,G-071,G-122,G-071|G-122,0.0000,670.3515,BBOX_CLEAR
PAIR-008207,G-071,G-123,G-071|G-123,0.0000,711.7892,BBOX_CLEAR
PAIR-008208,G-071,G-124,G-071|G-124,0.0000,753.2350,BBOX_CLEAR
PAIR-008209,G-071,G-125,G-071|G-125,0.0000,794.6877,BBOX_CLEAR
PAIR-008210,G-071,G-126,G-071|G-126,0.0000,836.1461,BBOX_CLEAR
PAIR-008211,G-071,G-127,G-071|G-127,0.0000,877.6095,BBOX_CLEAR
PAIR-008212,G-071,G-128,G-071|G-128,0.0000,919.0772,BBOX_CLEAR
PAIR-008213,G-071,G-129,G-071|G-129,0.0000,960.5486,BBOX_CLEAR
PAIR-008214,G-071,G-130,G-071|G-130,0.0000,1002.0233,BBOX_CLEAR
PAIR-008215,G-071,G-131,G-071|G-131,0.0000,1043.5009,BBOX_CLEAR
PAIR-008216,G-071,G-132,G-071|G-132,0.0000,1084.9811,BBOX_CLEAR
PAIR-008217,G-071,G-133,G-071|G-133,0.0000,1126.4635,BBOX_CLEAR
PAIR-008218,G-071,G-134,G-071|G-134,0.0000,1167.9480,BBOX_CLEAR
PAIR-008219,G-071,G-135,G-071|G-135,0.0000,1209.4343,BBOX_CLEAR
PAIR-008220,G-071,P-001,G-071|P-001,0.0000,224.6374,BBOX_CLEAR
PAIR-008221,G-071,P-002,G-071|P-002,0.0000,1045.6198,BBOX_CLEAR
PAIR-008222,G-071,P-003,G-071|P-003,0.0000,314.3640,BBOX_CLEAR
PAIR-008223,G-071,P-004,G-071|P-004,0.0000,675.1296,BBOX_CLEAR
PAIR-008224,G-071,P-005,G-071|P-005,0.0000,180.5052,BBOX_CLEAR
PAIR-008225,G-071,P-006,G-071|P-006,0.0000,61.7420,BBOX_CLEAR
PAIR-008226,G-071,P-007,G-071|P-007,0.0000,11.3277,BBOX_CLEAR
PAIR-008227,G-071,P-008,G-071|P-008,0.0000,680.6957,BBOX_CLEAR
PAIR-008228,G-071,P-009,G-071|P-009,0.0000,694.8945,BBOX_CLEAR
PAIR-008229,G-071,P-010,G-071|P-010,0.0000,801.3337,BBOX_CLEAR
PAIR-008230,G-071,P-011,G-071|P-011,0.0000,554.1685,BBOX_CLEAR
PAIR-008231,G-071,P-012,G-071|P-012,0.0000,705.2615,BBOX_CLEAR
PAIR-008232,G-071,P-013,G-071|P-013,0.0000,699.2658,BBOX_CLEAR
PAIR-008233,G-071,P-014,G-071|P-014,0.0000,757.4232,BBOX_CLEAR
PAIR-008234,G-071,P-015,G-071|P-015,0.0000,596.4210,BBOX_CLEAR
PAIR-008235,G-071,P-016,G-071|P-016,0.0000,823.9736,BBOX_CLEAR
PAIR-008236,G-071,P-017,G-071|P-017,0.0000,731.4862,BBOX_CLEAR
PAIR-008237,G-072,G-073,G-072|G-073,0.0000,0.0323,BBOX_WITHIN_8PX
PAIR-008238,G-072,G-074,G-072|G-074,0.0000,27.1115,BBOX_CLEAR
PAIR-008239,G-072,G-075,G-072|G-075,0.0000,67.1729,BBOX_CLEAR
PAIR-008240,G-072,G-076,G-072|G-076,0.0000,85.5323,BBOX_CLEAR
PAIR-008241,G-072,G-077,G-072|G-077,0.0000,190.5406,BBOX_CLEAR
PAIR-008242,G-072,G-078,G-072|G-078,0.0000,217.0445,BBOX_CLEAR
PAIR-008243,G-072,G-079,G-072|G-079,0.0000,232.9698,BBOX_CLEAR
PAIR-008244,G-072,G-080,G-072|G-080,0.0000,257.2197,BBOX_CLEAR
PAIR-008245,G-072,G-081,G-072|G-081,0.0000,273.7447,BBOX_CLEAR
PAIR-008246,G-072,G-082,G-072|G-082,0.0000,290.9685,BBOX_CLEAR
PAIR-008247,G-072,G-083,G-072|G-083,0.0000,315.2447,BBOX_CLEAR
PAIR-008248,G-072,G-084,G-072|G-084,0.0000,331.7155,BBOX_CLEAR
PAIR-008249,G-072,G-085,G-072|G-085,0.0000,358.2195,BBOX_CLEAR
PAIR-008250,G-072,G-086,G-072|G-086,0.0000,398.3191,BBOX_CLEAR
PAIR-008251,G-072,G-087,G-072|G-087,0.0000,422.9738,BBOX_CLEAR
PAIR-008252,G-072,G-088,G-072|G-088,0.0000,422.5905,BBOX_CLEAR
PAIR-008253,G-072,G-089,G-072|G-089,0.0000,439.4446,BBOX_CLEAR
PAIR-008254,G-072,G-090,G-072|G-090,0.0000,455.6373,BBOX_CLEAR
PAIR-008255,G-072,G-091,G-072|G-091,0.0000,484.8909,BBOX_CLEAR
PAIR-008256,G-072,G-092,G-072|G-092,0.0000,522.8520,BBOX_CLEAR
PAIR-008257,G-072,G-093,G-072|G-093,0.0000,547.5030,BBOX_CLEAR
PAIR-008258,G-072,G-094,G-072|G-094,0.0000,547.1198,BBOX_CLEAR
PAIR-008259,G-072,G-095,G-072|G-095,0.0000,563.9739,BBOX_CLEAR
PAIR-008260,G-072,G-096,G-072|G-096,0.0000,580.1665,BBOX_CLEAR
PAIR-008261,G-072,G-097,G-072|G-097,0.0000,600.1782,BBOX_CLEAR
PAIR-008262,G-072,G-098,G-072|G-098,0.0000,611.3679,BBOX_CLEAR
PAIR-008263,G-072,G-099,G-072|G-099,0.0000,631.3796,BBOX_CLEAR
PAIR-008264,G-072,G-100,G-072|G-100,0.0000,194.2595,BBOX_CLEAR
PAIR-008265,G-072,G-101,G-072|G-101,0.0000,167.6990,BBOX_CLEAR
PAIR-008266,G-072,G-102,G-072|G-102,0.0000,156.6449,BBOX_CLEAR
PAIR-008267,G-072,G-103,G-072|G-103,0.0000,136.9856,BBOX_CLEAR
PAIR-008268,G-072,G-104,G-072|G-104,0.0000,62.5168,BBOX_CLEAR
PAIR-008269,G-072,G-105,G-072|G-105,0.0000,41.4157,BBOX_CLEAR
PAIR-008270,G-072,G-106,G-072|G-106,0.0000,41.0271,BBOX_CLEAR
PAIR-008271,G-072,G-107,G-072|G-107,0.0000,44.6112,BBOX_CLEAR
PAIR-008272,G-072,G-108,G-072|G-108,0.0000,71.8876,BBOX_CLEAR
PAIR-008273,G-072,G-109,G-072|G-109,0.0000,108.5902,BBOX_CLEAR
PAIR-008274,G-072,G-110,G-072|G-110,0.0000,147.8586,BBOX_CLEAR
PAIR-008275,G-072,G-111,G-072|G-111,0.0000,188.0926,BBOX_CLEAR
PAIR-008276,G-072,G-112,G-072|G-112,0.0000,228.7834,BBOX_CLEAR
PAIR-008277,G-072,G-113,G-072|G-113,0.0000,269.7242,BBOX_CLEAR
PAIR-008278,G-072,G-114,G-072|G-114,0.0000,310.8164,BBOX_CLEAR
PAIR-008279,G-072,G-115,G-072|G-115,0.0000,352.0068,BBOX_CLEAR
PAIR-008280,G-072,G-116,G-072|G-116,0.0000,393.2647,BBOX_CLEAR
PAIR-008281,G-072,G-117,G-072|G-117,0.0000,434.5708,BBOX_CLEAR
PAIR-008282,G-072,G-118,G-072|G-118,0.0000,475.9125,BBOX_CLEAR
PAIR-008283,G-072,G-119,G-072|G-119,0.0000,517.2814,BBOX_CLEAR
PAIR-008284,G-072,G-120,G-072|G-120,0.0000,558.6714,BBOX_CLEAR
PAIR-008285,G-072,G-121,G-072|G-121,0.0000,600.0780,BBOX_CLEAR
PAIR-008286,G-072,G-122,G-072|G-122,0.0000,641.4982,BBOX_CLEAR
PAIR-008287,G-072,G-123,G-072|G-123,0.0000,682.9294,BBOX_CLEAR
PAIR-008288,G-072,G-124,G-072|G-124,0.0000,724.3697,BBOX_CLEAR
PAIR-008289,G-072,G-125,G-072|G-125,0.0000,765.8178,BBOX_CLEAR
PAIR-008290,G-072,G-126,G-072|G-126,0.0000,807.2723,BBOX_CLEAR
PAIR-008291,G-072,G-127,G-072|G-127,0.0000,848.7322,BBOX_CLEAR
PAIR-008292,G-072,G-128,G-072|G-128,0.0000,890.1970,BBOX_CLEAR
PAIR-008293,G-072,G-129,G-072|G-129,0.0000,931.6659,BBOX_CLEAR
PAIR-008294,G-072,G-130,G-072|G-130,0.0000,973.1384,BBOX_CLEAR
PAIR-008295,G-072,G-131,G-072|G-131,0.0000,1014.6140,BBOX_CLEAR
PAIR-008296,G-072,G-132,G-072|G-132,0.0000,1056.0924,BBOX_CLEAR
PAIR-008297,G-072,G-133,G-072|G-133,0.0000,1097.5733,BBOX_CLEAR
PAIR-008298,G-072,G-134,G-072|G-134,0.0000,1139.0564,BBOX_CLEAR
PAIR-008299,G-072,G-135,G-072|G-135,0.0000,1180.5414,BBOX_CLEAR
PAIR-008300,G-072,P-001,G-072|P-001,0.0000,224.6374,BBOX_CLEAR
PAIR-008301,G-072,P-002,G-072|P-002,0.0000,1017.3594,BBOX_CLEAR
PAIR-008302,G-072,P-003,G-072|P-003,0.0000,285.4541,BBOX_CLEAR
PAIR-008303,G-072,P-004,G-072|P-004,0.0000,662.4786,BBOX_CLEAR
PAIR-008304,G-072,P-005,G-072|P-005,0.0000,159.7474,BBOX_CLEAR
PAIR-008305,G-072,P-006,G-072|P-006,0.0000,54.0003,BBOX_CLEAR
PAIR-008306,G-072,P-007,G-072|P-007,0.0000,11.3277,BBOX_CLEAR
PAIR-008307,G-072,P-008,G-072|P-008,0.0000,655.8668,BBOX_CLEAR
PAIR-008308,G-072,P-009,G-072|P-009,0.0000,670.1439,BBOX_CLEAR
PAIR-008309,G-072,P-010,G-072|P-010,0.0000,777.3698,BBOX_CLEAR
PAIR-008310,G-072,P-011,G-072|P-011,0.0000,528.9217,BBOX_CLEAR
PAIR-008311,G-072,P-012,G-072|P-012,0.0000,679.7592,BBOX_CLEAR
PAIR-008312,G-072,P-013,G-072|P-013,0.0000,671.3668,BBOX_CLEAR
PAIR-008313,G-072,P-014,G-072|P-014,0.0000,729.3392,BBOX_CLEAR
PAIR-008314,G-072,P-015,G-072|P-015,0.0000,576.7336,BBOX_CLEAR
PAIR-008315,G-072,P-016,G-072|P-016,0.0000,800.1335,BBOX_CLEAR
PAIR-008316,G-072,P-017,G-072|P-017,0.0000,706.7083,BBOX_CLEAR
PAIR-008317,G-073,G-074,G-073|G-074,0.0000,12.1355,BBOX_CLEAR
PAIR-008318,G-073,G-075,G-073|G-075,0.0000,52.1969,BBOX_CLEAR
PAIR-008319,G-073,G-076,G-073|G-076,0.0000,70.5563,BBOX_CLEAR
PAIR-008320,G-073,G-077,G-073|G-077,0.0000,175.5646,BBOX_CLEAR
PAIR-008321,G-073,G-078,G-073|G-078,0.0000,202.0685,BBOX_CLEAR
PAIR-008322,G-073,G-079,G-073|G-079,0.0000,217.9938,BBOX_CLEAR
PAIR-008323,G-073,G-080,G-073|G-080,0.0000,242.2437,BBOX_CLEAR
PAIR-008324,G-073,G-081,G-073|G-081,0.0000,258.7687,BBOX_CLEAR
PAIR-008325,G-073,G-082,G-073|G-082,0.0000,275.9925,BBOX_CLEAR
PAIR-008326,G-073,G-083,G-073|G-083,0.0000,300.2687,BBOX_CLEAR
PAIR-008327,G-073,G-084,G-073|G-084,0.0000,316.7395,BBOX_CLEAR
PAIR-008328,G-073,G-085,G-073|G-085,0.0000,343.2435,BBOX_CLEAR
PAIR-008329,G-073,G-086,G-073|G-086,0.0000,383.3431,BBOX_CLEAR
PAIR-008330,G-073,G-087,G-073|G-087,0.0000,407.9978,BBOX_CLEAR
PAIR-008331,G-073,G-088,G-073|G-088,0.0000,407.6145,BBOX_CLEAR
PAIR-008332,G-073,G-089,G-073|G-089,0.0000,424.4686,BBOX_CLEAR
PAIR-008333,G-073,G-090,G-073|G-090,0.0000,440.6613,BBOX_CLEAR
PAIR-008334,G-073,G-091,G-073|G-091,0.0000,469.9149,BBOX_CLEAR
PAIR-008335,G-073,G-092,G-073|G-092,0.0000,507.8760,BBOX_CLEAR
PAIR-008336,G-073,G-093,G-073|G-093,0.0000,532.5270,BBOX_CLEAR
PAIR-008337,G-073,G-094,G-073|G-094,0.0000,532.1438,BBOX_CLEAR
PAIR-008338,G-073,G-095,G-073|G-095,0.0000,548.9979,BBOX_CLEAR
PAIR-008339,G-073,G-096,G-073|G-096,0.0000,565.1905,BBOX_CLEAR
PAIR-008340,G-073,G-097,G-073|G-097,0.0000,585.2022,BBOX_CLEAR
PAIR-008341,G-073,G-098,G-073|G-098,0.0000,596.3919,BBOX_CLEAR
PAIR-008342,G-073,G-099,G-073|G-099,0.0000,616.4036,BBOX_CLEAR
PAIR-008343,G-073,G-100,G-073|G-100,0.0000,211.8867,BBOX_CLEAR
PAIR-008344,G-073,G-101,G-073|G-101,0.0000,184.3758,BBOX_CLEAR
PAIR-008345,G-073,G-102,G-073|G-102,0.0000,173.1714,BBOX_CLEAR
PAIR-008346,G-073,G-103,G-073|G-103,0.0000,153.1702,BBOX_CLEAR
PAIR-008347,G-073,G-104,G-073|G-104,0.0000,74.6456,BBOX_CLEAR
PAIR-008348,G-073,G-105,G-073|G-105,0.0000,43.0615,BBOX_CLEAR
PAIR-008349,G-073,G-106,G-073|G-106,0.0000,35.7373,BBOX_CLEAR
PAIR-008350,G-073,G-107,G-073|G-107,0.0000,35.8277,BBOX_CLEAR
PAIR-008351,G-073,G-108,G-073|G-108,0.0000,56.7270,BBOX_CLEAR
PAIR-008352,G-073,G-109,G-073|G-109,0.0000,92.7288,BBOX_CLEAR
PAIR-008353,G-073,G-110,G-073|G-110,0.0000,132.0061,BBOX_CLEAR
PAIR-008354,G-073,G-111,G-073|G-111,0.0000,172.3338,BBOX_CLEAR
PAIR-008355,G-073,G-112,G-073|G-112,0.0000,213.1164,BBOX_CLEAR
PAIR-008356,G-073,G-113,G-073|G-113,0.0000,254.1350,BBOX_CLEAR
PAIR-008357,G-073,G-114,G-073|G-114,0.0000,295.2912,BBOX_CLEAR
PAIR-008358,G-073,G-115,G-073|G-115,0.0000,336.5346,BBOX_CLEAR
PAIR-008359,G-073,G-116,G-073|G-116,0.0000,377.8366,BBOX_CLEAR
PAIR-008360,G-073,G-117,G-073|G-117,0.0000,419.1800,BBOX_CLEAR
PAIR-008361,G-073,G-118,G-073|G-118,0.0000,460.5534,BBOX_CLEAR
PAIR-008362,G-073,G-119,G-073|G-119,0.0000,501.9496,BBOX_CLEAR
PAIR-008363,G-073,G-120,G-073|G-120,0.0000,543.3634,BBOX_CLEAR
PAIR-008364,G-073,G-121,G-073|G-121,0.0000,584.7909,BBOX_CLEAR
PAIR-008365,G-073,G-122,G-073|G-122,0.0000,626.2295,BBOX_CLEAR
PAIR-008366,G-073,G-123,G-073|G-123,0.0000,667.6771,BBOX_CLEAR
PAIR-008367,G-073,G-124,G-073|G-124,0.0000,709.1320,BBOX_CLEAR
PAIR-008368,G-073,G-125,G-073|G-125,0.0000,750.5932,BBOX_CLEAR
PAIR-008369,G-073,G-126,G-073|G-126,0.0000,792.0597,BBOX_CLEAR
PAIR-008370,G-073,G-127,G-073|G-127,0.0000,833.5305,BBOX_CLEAR
PAIR-008371,G-073,G-128,G-073|G-128,0.0000,875.0052,BBOX_CLEAR
PAIR-008372,G-073,G-129,G-073|G-129,0.0000,916.4832,BBOX_CLEAR
PAIR-008373,G-073,G-130,G-073|G-130,0.0000,957.9640,BBOX_CLEAR
PAIR-008374,G-073,G-131,G-073|G-131,0.0000,999.4473,BBOX_CLEAR
PAIR-008375,G-073,G-132,G-073|G-132,0.0000,1040.9329,BBOX_CLEAR
PAIR-008376,G-073,G-133,G-073|G-133,0.0000,1082.4203,BBOX_CLEAR
PAIR-008377,G-073,G-134,G-073|G-134,0.0000,1123.9096,BBOX_CLEAR
PAIR-008378,G-073,G-135,G-073|G-135,0.0000,1165.4004,BBOX_CLEAR
PAIR-008379,G-073,P-001,G-073|P-001,0.0000,241.3845,BBOX_CLEAR
PAIR-008380,G-073,P-002,G-073|P-002,0.0000,1006.4980,BBOX_CLEAR
PAIR-008381,G-073,P-003,G-073|P-003,0.0000,270.4781,BBOX_CLEAR
PAIR-008382,G-073,P-004,G-073|P-004,0.0000,671.7047,BBOX_CLEAR
PAIR-008383,G-073,P-005,G-073|P-005,0.0000,163.5542,BBOX_CLEAR
PAIR-008384,G-073,P-006,G-073|P-006,0.0000,70.7373,BBOX_CLEAR
PAIR-008385,G-073,P-007,G-073|P-007,0.0000,28.0748,BBOX_CLEAR
PAIR-008386,G-073,P-008,G-073|P-008,0.0000,652.2050,BBOX_CLEAR
PAIR-008387,G-073,P-009,G-073|P-009,0.0000,666.5882,BBOX_CLEAR
PAIR-008388,G-073,P-010,G-073|P-010,0.0000,774.8742,BBOX_CLEAR
PAIR-008389,G-073,P-011,G-073|P-011,0.0000,524.7519,BBOX_CLEAR
PAIR-008390,G-073,P-012,G-073|P-012,0.0000,675.0079,BBOX_CLEAR
PAIR-008391,G-073,P-013,G-073|P-013,0.0000,661.7235,BBOX_CLEAR
PAIR-008392,G-073,P-014,G-073|P-014,0.0000,719.1324,BBOX_CLEAR
PAIR-008393,G-073,P-015,G-073|P-015,0.0000,579.6359,BBOX_CLEAR
PAIR-008394,G-073,P-016,G-073|P-016,0.0000,797.7952,BBOX_CLEAR
PAIR-008395,G-073,P-017,G-073|P-017,0.0000,703.0793,BBOX_CLEAR
PAIR-008396,G-074,G-075,G-074|G-075,0.0000,10.5787,BBOX_CLEAR
PAIR-008397,G-074,G-076,G-074|G-076,0.0000,28.9380,BBOX_CLEAR
PAIR-008398,G-074,G-077,G-074|G-077,0.0000,133.9464,BBOX_CLEAR
PAIR-008399,G-074,G-078,G-074|G-078,0.0000,160.4503,BBOX_CLEAR
PAIR-008400,G-074,G-079,G-074|G-079,0.0000,176.3756,BBOX_CLEAR
PAIR-008401,G-074,G-080,G-074|G-080,0.0000,200.6255,BBOX_CLEAR
PAIR-008402,G-074,G-081,G-074|G-081,0.0000,217.1505,BBOX_CLEAR
PAIR-008403,G-074,G-082,G-074|G-082,0.0000,234.3743,BBOX_CLEAR
PAIR-008404,G-074,G-083,G-074|G-083,0.0000,258.6505,BBOX_CLEAR
PAIR-008405,G-074,G-084,G-074|G-084,0.0000,275.1213,BBOX_CLEAR
PAIR-008406,G-074,G-085,G-074|G-085,0.0000,301.6253,BBOX_CLEAR
PAIR-008407,G-074,G-086,G-074|G-086,0.0000,341.7249,BBOX_CLEAR
PAIR-008408,G-074,G-087,G-074|G-087,0.0000,366.3795,BBOX_CLEAR
PAIR-008409,G-074,G-088,G-074|G-088,0.0000,365.9963,BBOX_CLEAR
PAIR-008410,G-074,G-089,G-074|G-089,0.0000,382.8504,BBOX_CLEAR
PAIR-008411,G-074,G-090,G-074|G-090,0.0000,399.0430,BBOX_CLEAR
PAIR-008412,G-074,G-091,G-074|G-091,0.0000,428.2967,BBOX_CLEAR
PAIR-008413,G-074,G-092,G-074|G-092,0.0000,466.2578,BBOX_CLEAR
PAIR-008414,G-074,G-093,G-074|G-093,0.0000,490.9088,BBOX_CLEAR
PAIR-008415,G-074,G-094,G-074|G-094,0.0000,490.5256,BBOX_CLEAR
PAIR-008416,G-074,G-095,G-074|G-095,0.0000,507.3797,BBOX_CLEAR
PAIR-008417,G-074,G-096,G-074|G-096,0.0000,523.5723,BBOX_CLEAR
PAIR-008418,G-074,G-097,G-074|G-097,0.0000,543.5840,BBOX_CLEAR
PAIR-008419,G-074,G-098,G-074|G-098,0.0000,554.7737,BBOX_CLEAR
PAIR-008420,G-074,G-099,G-074|G-099,0.0000,574.7854,BBOX_CLEAR
PAIR-008421,G-074,G-100,G-074|G-100,0.0000,239.3685,BBOX_CLEAR
PAIR-008422,G-074,G-101,G-074|G-101,0.0000,211.9654,BBOX_CLEAR
PAIR-008423,G-074,G-102,G-074|G-102,0.0000,200.7554,BBOX_CLEAR
PAIR-008424,G-074,G-103,G-074|G-103,0.0000,180.7281,BBOX_CLEAR
PAIR-008425,G-074,G-104,G-074|G-104,0.0000,101.2945,BBOX_CLEAR
PAIR-008426,G-074,G-105,G-074|G-105,0.0000,65.5342,BBOX_CLEAR
PAIR-008427,G-074,G-106,G-074|G-106,0.0000,42.1335,BBOX_CLEAR
PAIR-008428,G-074,G-107,G-074|G-107,0.0000,41.0271,BBOX_CLEAR
PAIR-008429,G-074,G-108,G-074|G-108,0.0000,41.0994,BBOX_CLEAR
PAIR-008430,G-074,G-109,G-074|G-109,0.0000,60.1215,BBOX_CLEAR
PAIR-008431,G-074,G-110,G-074|G-110,0.0000,94.7964,BBOX_CLEAR
PAIR-008432,G-074,G-111,G-074|G-111,0.0000,133.4333,BBOX_CLEAR
PAIR-008433,G-074,G-112,G-074|G-112,0.0000,173.4038,BBOX_CLEAR
PAIR-008434,G-074,G-113,G-074|G-113,0.0000,213.9618,BBOX_CLEAR
PAIR-008435,G-074,G-114,G-074|G-114,0.0000,254.8269,BBOX_CLEAR
PAIR-008436,G-074,G-115,G-074|G-115,0.0000,295.8719,BBOX_CLEAR
PAIR-008437,G-074,G-116,G-074|G-116,0.0000,337.0310,BBOX_CLEAR
PAIR-008438,G-074,G-117,G-074|G-117,0.0000,378.2671,BBOX_CLEAR
PAIR-008439,G-074,G-118,G-074|G-118,0.0000,419.5574,BBOX_CLEAR
PAIR-008440,G-074,G-119,G-074|G-119,0.0000,460.8873,BBOX_CLEAR
PAIR-008441,G-074,G-120,G-074|G-120,0.0000,502.2472,BBOX_CLEAR
PAIR-008442,G-074,G-121,G-074|G-121,0.0000,543.6300,BBOX_CLEAR
PAIR-008443,G-074,G-122,G-074|G-122,0.0000,585.0311,BBOX_CLEAR
PAIR-008444,G-074,G-123,G-074|G-123,0.0000,626.4467,BBOX_CLEAR
PAIR-008445,G-074,G-124,G-074|G-124,0.0000,667.8741,BBOX_CLEAR
PAIR-008446,G-074,G-125,G-074|G-125,0.0000,709.3113,BBOX_CLEAR
PAIR-008447,G-074,G-126,G-074|G-126,0.0000,750.7567,BBOX_CLEAR
PAIR-008448,G-074,G-127,G-074|G-127,0.0000,792.2089,BBOX_CLEAR
PAIR-008449,G-074,G-128,G-074|G-128,0.0000,833.6670,BBOX_CLEAR
PAIR-008450,G-074,G-129,G-074|G-129,0.0000,875.1301,BBOX_CLEAR
PAIR-008451,G-074,G-130,G-074|G-130,0.0000,916.5976,BBOX_CLEAR
PAIR-008452,G-074,G-131,G-074|G-131,0.0000,958.0688,BBOX_CLEAR
PAIR-008453,G-074,G-132,G-074|G-132,0.0000,999.5434,BBOX_CLEAR
PAIR-008454,G-074,G-133,G-074|G-133,0.0000,1041.0208,BBOX_CLEAR
PAIR-008455,G-074,G-134,G-074|G-134,0.0000,1082.5008,BBOX_CLEAR
PAIR-008456,G-074,G-135,G-074|G-135,0.0000,1123.9831,BBOX_CLEAR
PAIR-008457,G-074,P-001,G-074|P-001,0.0000,224.6374,BBOX_CLEAR
PAIR-008458,G-074,P-002,G-074|P-002,0.0000,962.1484,BBOX_CLEAR
PAIR-008459,G-074,P-003,G-074|P-003,0.0000,228.8599,BBOX_CLEAR
PAIR-008460,G-074,P-004,G-074|P-004,0.0000,640.7731,BBOX_CLEAR
PAIR-008461,G-074,P-005,G-074|P-005,0.0000,128.5764,BBOX_CLEAR
PAIR-008462,G-074,P-006,G-074|P-006,0.0000,53.9902,BBOX_CLEAR
PAIR-008463,G-074,P-007,G-074|P-007,0.0000,11.3277,BBOX_CLEAR
PAIR-008464,G-074,P-008,G-074|P-008,0.0000,608.3062,BBOX_CLEAR
PAIR-008465,G-074,P-009,G-074|P-009,0.0000,622.7305,BBOX_CLEAR
PAIR-008466,G-074,P-010,G-074|P-010,0.0000,731.4934,BBOX_CLEAR
PAIR-008467,G-074,P-011,G-074|P-011,0.0000,480.6946,BBOX_CLEAR
PAIR-008468,G-074,P-012,G-074|P-012,0.0000,630.6874,BBOX_CLEAR
PAIR-008469,G-074,P-013,G-074|P-013,0.0000,617.0211,BBOX_CLEAR
PAIR-008470,G-074,P-014,G-074|P-014,0.0000,674.5638,BBOX_CLEAR
PAIR-008471,G-074,P-015,G-074|P-015,0.0000,540.5989,BBOX_CLEAR
PAIR-008472,G-074,P-016,G-074|P-016,0.0000,754.4908,BBOX_CLEAR
PAIR-008473,G-074,P-017,G-074|P-017,0.0000,659.1778,BBOX_CLEAR
PAIR-008474,G-075,G-076,G-075|G-076,0.0000,0.0281,BBOX_WITHIN_8PX
PAIR-008475,G-075,G-077,G-075|G-077,0.0000,105.0364,BBOX_CLEAR
PAIR-008476,G-075,G-078,G-075|G-078,0.0000,131.5404,BBOX_CLEAR
PAIR-008477,G-075,G-079,G-075|G-079,0.0000,147.4656,BBOX_CLEAR
PAIR-008478,G-075,G-080,G-075|G-080,0.0000,171.7155,BBOX_CLEAR
PAIR-008479,G-075,G-081,G-075|G-081,0.0000,188.2405,BBOX_CLEAR
PAIR-008480,G-075,G-082,G-075|G-082,0.0000,205.4643,BBOX_CLEAR
PAIR-008481,G-075,G-083,G-075|G-083,0.0000,229.7405,BBOX_CLEAR
PAIR-008482,G-075,G-084,G-075|G-084,0.0000,246.2114,BBOX_CLEAR
PAIR-008483,G-075,G-085,G-075|G-085,0.0000,272.7154,BBOX_CLEAR
PAIR-008484,G-075,G-086,G-075|G-086,0.0000,312.8150,BBOX_CLEAR
PAIR-008485,G-075,G-087,G-075|G-087,0.0000,337.4696,BBOX_CLEAR
PAIR-008486,G-075,G-088,G-075|G-088,0.0000,337.0863,BBOX_CLEAR
PAIR-008487,G-075,G-089,G-075|G-089,0.0000,353.9405,BBOX_CLEAR
PAIR-008488,G-075,G-090,G-075|G-090,0.0000,370.1331,BBOX_CLEAR
PAIR-008489,G-075,G-091,G-075|G-091,0.0000,399.3867,BBOX_CLEAR
PAIR-008490,G-075,G-092,G-075|G-092,0.0000,437.3478,BBOX_CLEAR
PAIR-008491,G-075,G-093,G-075|G-093,0.0000,461.9989,BBOX_CLEAR
PAIR-008492,G-075,G-094,G-075|G-094,0.0000,461.6156,BBOX_CLEAR
PAIR-008493,G-075,G-095,G-075|G-095,0.0000,478.4697,BBOX_CLEAR
PAIR-008494,G-075,G-096,G-075|G-096,0.0000,494.6623,BBOX_CLEAR
PAIR-008495,G-075,G-097,G-075|G-097,0.0000,514.6740,BBOX_CLEAR
PAIR-008496,G-075,G-098,G-075|G-098,0.0000,525.8638,BBOX_CLEAR
PAIR-008497,G-075,G-099,G-075|G-099,0.0000,545.8754,BBOX_CLEAR
PAIR-008498,G-075,G-100,G-075|G-100,0.0000,279.2255,BBOX_CLEAR
PAIR-008499,G-075,G-101,G-075|G-101,0.0000,251.3383,BBOX_CLEAR
PAIR-008500,G-075,G-102,G-075|G-102,0.0000,240.0549,BBOX_CLEAR
PAIR-008501,G-075,G-103,G-075|G-103,0.0000,219.8634,BBOX_CLEAR
PAIR-008502,G-075,G-104,G-075|G-104,0.0000,138.8740,BBOX_CLEAR
PAIR-008503,G-075,G-105,G-075|G-105,0.0000,99.9708,BBOX_CLEAR
PAIR-008504,G-075,G-106,G-075|G-106,0.0000,64.4103,BBOX_CLEAR
PAIR-008505,G-075,G-107,G-075|G-107,0.0000,41.8273,BBOX_CLEAR
PAIR-008506,G-075,G-108,G-075|G-108,0.0000,41.0271,BBOX_CLEAR
PAIR-008507,G-075,G-109,G-075|G-109,0.0000,43.6961,BBOX_CLEAR
PAIR-008508,G-075,G-110,G-075|G-110,0.0000,69.8638,BBOX_CLEAR
PAIR-008509,G-075,G-111,G-075|G-111,0.0000,106.2962,BBOX_CLEAR
PAIR-008510,G-075,G-112,G-075|G-112,0.0000,145.4756,BBOX_CLEAR
PAIR-008511,G-075,G-113,G-075|G-113,0.0000,185.6710,BBOX_CLEAR
PAIR-008512,G-075,G-114,G-075|G-114,0.0000,226.3419,BBOX_CLEAR
PAIR-008513,G-075,G-115,G-075|G-115,0.0000,267.2713,BBOX_CLEAR
PAIR-008514,G-075,G-116,G-075|G-116,0.0000,308.3561,BBOX_CLEAR
PAIR-008515,G-075,G-117,G-075|G-117,0.0000,349.5417,BBOX_CLEAR
PAIR-008516,G-075,G-118,G-075|G-118,0.0000,390.7962,BBOX_CLEAR
PAIR-008517,G-075,G-119,G-075|G-119,0.0000,432.0998,BBOX_CLEAR
PAIR-008518,G-075,G-120,G-075|G-120,0.0000,473.4397,BBOX_CLEAR
PAIR-008519,G-075,G-121,G-075|G-121,0.0000,514.8071,BBOX_CLEAR
PAIR-008520,G-075,G-122,G-075|G-122,0.0000,556.1960,BBOX_CLEAR
PAIR-008521,G-075,G-123,G-075|G-123,0.0000,597.6018,BBOX_CLEAR
PAIR-008522,G-075,G-124,G-075|G-124,0.0000,639.0212,BBOX_CLEAR
PAIR-008523,G-075,G-125,G-075|G-125,0.0000,680.4518,BBOX_CLEAR
PAIR-008524,G-075,G-126,G-075|G-126,0.0000,721.8917,BBOX_CLEAR
PAIR-008525,G-075,G-127,G-075|G-127,0.0000,763.3392,BBOX_CLEAR
PAIR-008526,G-075,G-128,G-075|G-128,0.0000,804.7933,BBOX_CLEAR
PAIR-008527,G-075,G-129,G-075|G-129,0.0000,846.2531,BBOX_CLEAR
PAIR-008528,G-075,G-130,G-075|G-130,0.0000,887.7175,BBOX_CLEAR
PAIR-008529,G-075,G-131,G-075|G-131,0.0000,929.1862,BBOX_CLEAR
PAIR-008530,G-075,G-132,G-075|G-132,0.0000,970.6585,BBOX_CLEAR
PAIR-008531,G-075,G-133,G-075|G-133,0.0000,1012.1339,BBOX_CLEAR
PAIR-008532,G-075,G-134,G-075|G-134,0.0000,1053.6122,BBOX_CLEAR
PAIR-008533,G-075,G-135,G-075|G-135,0.0000,1095.0929,BBOX_CLEAR
PAIR-008534,G-075,P-001,G-075|P-001,0.0000,224.6374,BBOX_CLEAR
PAIR-008535,G-075,P-002,G-075|P-002,0.0000,934.0089,BBOX_CLEAR
PAIR-008536,G-075,P-003,G-075|P-003,0.0000,199.9500,BBOX_CLEAR
PAIR-008537,G-075,P-004,G-075|P-004,0.0000,631.3572,BBOX_CLEAR
PAIR-008538,G-075,P-005,G-075|P-005,0.0000,120.0535,BBOX_CLEAR
PAIR-008539,G-075,P-006,G-075|P-006,0.0000,53.9902,BBOX_CLEAR
PAIR-008540,G-075,P-007,G-075|P-007,0.0000,11.3277,BBOX_CLEAR
PAIR-008541,G-075,P-008,G-075|P-008,0.0000,584.6322,BBOX_CLEAR
PAIR-008542,G-075,P-009,G-075|P-009,0.0000,599.1258,BBOX_CLEAR
PAIR-008543,G-075,P-010,G-075|P-010,0.0000,708.6567,BBOX_CLEAR
PAIR-008544,G-075,P-011,G-075|P-011,0.0000,456.8003,BBOX_CLEAR
PAIR-008545,G-075,P-012,G-075|P-012,0.0000,606.1264,BBOX_CLEAR
PAIR-008546,G-075,P-013,G-075|P-013,0.0000,589.4231,BBOX_CLEAR
PAIR-008547,G-075,P-014,G-075|P-014,0.0000,646.7038,BBOX_CLEAR
PAIR-008548,G-075,P-015,G-075|P-015,0.0000,523.5404,BBOX_CLEAR
PAIR-008549,G-075,P-016,G-075|P-016,0.0000,731.7659,BBOX_CLEAR
PAIR-008550,G-075,P-017,G-075|P-017,0.0000,635.4713,BBOX_CLEAR
PAIR-008551,G-076,G-077,G-076|G-077,0.0000,90.0112,BBOX_CLEAR
PAIR-008552,G-076,G-078,G-076|G-078,0.0000,116.5151,BBOX_CLEAR
PAIR-008553,G-076,G-079,G-076|G-079,0.0000,132.4404,BBOX_CLEAR
PAIR-008554,G-076,G-080,G-076|G-080,0.0000,156.6903,BBOX_CLEAR
PAIR-008555,G-076,G-081,G-076|G-081,0.0000,173.2153,BBOX_CLEAR
PAIR-008556,G-076,G-082,G-076|G-082,0.0000,190.4390,BBOX_CLEAR
PAIR-008557,G-076,G-083,G-076|G-083,0.0000,214.7153,BBOX_CLEAR
PAIR-008558,G-076,G-084,G-076|G-084,0.0000,231.1861,BBOX_CLEAR
PAIR-008559,G-076,G-085,G-076|G-085,0.0000,257.6901,BBOX_CLEAR
PAIR-008560,G-076,G-086,G-076|G-086,0.0000,297.7897,BBOX_CLEAR
PAIR-008561,G-076,G-087,G-076|G-087,0.0000,322.4443,BBOX_CLEAR
PAIR-008562,G-076,G-088,G-076|G-088,0.0000,322.0611,BBOX_CLEAR
PAIR-008563,G-076,G-089,G-076|G-089,0.0000,338.9152,BBOX_CLEAR
PAIR-008564,G-076,G-090,G-076|G-090,0.0000,355.1078,BBOX_CLEAR
PAIR-008565,G-076,G-091,G-076|G-091,0.0000,384.3615,BBOX_CLEAR
PAIR-008566,G-076,G-092,G-076|G-092,0.0000,422.3225,BBOX_CLEAR
PAIR-008567,G-076,G-093,G-076|G-093,0.0000,446.9736,BBOX_CLEAR
PAIR-008568,G-076,G-094,G-076|G-094,0.0000,446.5904,BBOX_CLEAR
PAIR-008569,G-076,G-095,G-076|G-095,0.0000,463.4445,BBOX_CLEAR
PAIR-008570,G-076,G-096,G-076|G-096,0.0000,479.6371,BBOX_CLEAR
PAIR-008571,G-076,G-097,G-076|G-097,0.0000,499.6488,BBOX_CLEAR
PAIR-008572,G-076,G-098,G-076|G-098,0.0000,510.8385,BBOX_CLEAR
PAIR-008573,G-076,G-099,G-076|G-099,0.0000,530.8502,BBOX_CLEAR
PAIR-008574,G-076,G-100,G-076|G-100,0.0000,297.0925,BBOX_CLEAR
PAIR-008575,G-076,G-101,G-076|G-101,0.0000,268.6643,BBOX_CLEAR
PAIR-008576,G-076,G-102,G-076|G-102,0.0000,257.3232,BBOX_CLEAR
PAIR-008577,G-076,G-103,G-076|G-103,0.0000,237.0112,BBOX_CLEAR
PAIR-008578,G-076,G-104,G-076|G-104,0.0000,155.2052,BBOX_CLEAR
PAIR-008579,G-076,G-105,G-076|G-105,0.0000,115.2068,BBOX_CLEAR
PAIR-008580,G-076,G-106,G-076|G-106,0.0000,76.8303,BBOX_CLEAR
PAIR-008581,G-076,G-107,G-076|G-107,0.0000,44.4915,BBOX_CLEAR
PAIR-008582,G-076,G-108,G-076|G-108,0.0000,35.7373,BBOX_CLEAR
PAIR-008583,G-076,G-109,G-076|G-109,0.0000,35.7373,BBOX_CLEAR
PAIR-008584,G-076,G-110,G-076|G-110,0.0000,54.7844,BBOX_CLEAR
PAIR-008585,G-076,G-111,G-076|G-111,0.0000,90.3982,BBOX_CLEAR
PAIR-008586,G-076,G-112,G-076|G-112,0.0000,129.5711,BBOX_CLEAR
PAIR-008587,G-076,G-113,G-076|G-113,0.0000,169.8583,BBOX_CLEAR
PAIR-008588,G-076,G-114,G-076|G-114,0.0000,210.6213,BBOX_CLEAR
PAIR-008589,G-076,G-115,G-076|G-115,0.0000,251.6290,BBOX_CLEAR
PAIR-008590,G-076,G-116,G-076|G-116,0.0000,292.7786,BBOX_CLEAR
PAIR-008591,G-076,G-117,G-076|G-117,0.0000,334.0177,BBOX_CLEAR
PAIR-008592,G-076,G-118,G-076|G-118,0.0000,375.3167,BBOX_CLEAR
PAIR-008593,G-076,G-119,G-076|G-119,0.0000,416.6579,BBOX_CLEAR
PAIR-008594,G-076,G-120,G-076|G-120,0.0000,458.0298,BBOX_CLEAR
PAIR-008595,G-076,G-121,G-076|G-121,0.0000,499.4247,BBOX_CLEAR
PAIR-008596,G-076,G-122,G-076|G-122,0.0000,540.8375,BBOX_CLEAR
PAIR-008597,G-076,G-123,G-076|G-123,0.0000,582.2643,BBOX_CLEAR
PAIR-008598,G-076,G-124,G-076|G-124,0.0000,623.7022,BBOX_CLEAR
PAIR-008599,G-076,G-125,G-076|G-125,0.0000,665.1493,BBOX_CLEAR
PAIR-008600,G-076,G-126,G-076|G-126,0.0000,706.6039,BBOX_CLEAR
PAIR-008601,G-076,G-127,G-076|G-127,0.0000,748.0648,BBOX_CLEAR
PAIR-008602,G-076,G-128,G-076|G-128,0.0000,789.5309,BBOX_CLEAR
PAIR-008603,G-076,G-129,G-076|G-129,0.0000,831.0015,BBOX_CLEAR
PAIR-008604,G-076,G-130,G-076|G-130,0.0000,872.4759,BBOX_CLEAR
PAIR-008605,G-076,G-131,G-076|G-131,0.0000,913.9537,BBOX_CLEAR
PAIR-008606,G-076,G-132,G-076|G-132,0.0000,955.4344,BBOX_CLEAR
PAIR-008607,G-076,G-133,G-076|G-133,0.0000,996.9175,BBOX_CLEAR
PAIR-008608,G-076,G-134,G-076|G-134,0.0000,1038.4030,BBOX_CLEAR
PAIR-008609,G-076,G-135,G-076|G-135,0.0000,1079.8904,BBOX_CLEAR
PAIR-008610,G-076,P-001,G-076|P-001,0.0000,241.3845,BBOX_CLEAR
PAIR-008611,G-076,P-002,G-076|P-002,0.0000,923.5063,BBOX_CLEAR
PAIR-008612,G-076,P-003,G-076|P-003,0.0000,184.9247,BBOX_CLEAR
PAIR-008613,G-076,P-004,G-076|P-004,0.0000,643.0122,BBOX_CLEAR
PAIR-008614,G-076,P-005,G-076|P-005,0.0000,134.9218,BBOX_CLEAR
PAIR-008615,G-076,P-006,G-076|P-006,0.0000,70.7373,BBOX_CLEAR
PAIR-008616,G-076,P-007,G-076|P-007,0.0000,28.0748,BBOX_CLEAR
PAIR-008617,G-076,P-008,G-076|P-008,0.0000,582.6841,BBOX_CLEAR
PAIR-008618,G-076,P-009,G-076|P-009,0.0000,597.2549,BBOX_CLEAR
PAIR-008619,G-076,P-010,G-076|P-010,0.0000,707.6924,BBOX_CLEAR
PAIR-008620,G-076,P-011,G-076|P-011,0.0000,454.7512,BBOX_CLEAR
PAIR-008621,G-076,P-012,G-076|P-012,0.0000,602.8802,BBOX_CLEAR
PAIR-008622,G-076,P-013,G-076|P-013,0.0000,580.5785,BBOX_CLEAR
PAIR-008623,G-076,P-014,G-076|P-014,0.0000,637.1364,BBOX_CLEAR
PAIR-008624,G-076,P-015,G-076|P-015,0.0000,529.1349,BBOX_CLEAR
PAIR-008625,G-076,P-016,G-076|P-016,0.0000,730.9249,BBOX_CLEAR
PAIR-008626,G-076,P-017,G-076|P-017,0.0000,633.4187,BBOX_CLEAR
PAIR-008627,G-077,G-078,G-077|G-078,0.0000,0.3819,BBOX_WITHIN_8PX
PAIR-008628,G-077,G-079,G-077|G-079,0.0000,16.3072,BBOX_CLEAR
PAIR-008629,G-077,G-080,G-077|G-080,0.0000,40.5571,BBOX_CLEAR
PAIR-008630,G-077,G-081,G-077|G-081,0.0000,57.0821,BBOX_CLEAR
PAIR-008631,G-077,G-082,G-077|G-082,0.0000,74.3058,BBOX_CLEAR
PAIR-008632,G-077,G-083,G-077|G-083,0.0000,98.5820,BBOX_CLEAR
PAIR-008633,G-077,G-084,G-077|G-084,0.0000,115.0529,BBOX_CLEAR
PAIR-008634,G-077,G-085,G-077|G-085,0.0000,141.5569,BBOX_CLEAR
PAIR-008635,G-077,G-086,G-077|G-086,0.0000,181.6565,BBOX_CLEAR
PAIR-008636,G-077,G-087,G-077|G-087,0.0000,206.3111,BBOX_CLEAR
PAIR-008637,G-077,G-088,G-077|G-088,0.0000,205.9279,BBOX_CLEAR
PAIR-008638,G-077,G-089,G-077|G-089,0.0000,222.7820,BBOX_CLEAR
PAIR-008639,G-077,G-090,G-077|G-090,0.0000,238.9746,BBOX_CLEAR
PAIR-008640,G-077,G-091,G-077|G-091,0.0000,268.2282,BBOX_CLEAR
PAIR-008641,G-077,G-092,G-077|G-092,0.0000,306.1893,BBOX_CLEAR
PAIR-008642,G-077,G-093,G-077|G-093,0.0000,330.8404,BBOX_CLEAR
PAIR-008643,G-077,G-094,G-077|G-094,0.0000,330.4572,BBOX_CLEAR
PAIR-008644,G-077,G-095,G-077|G-095,0.0000,347.3113,BBOX_CLEAR
PAIR-008645,G-077,G-096,G-077|G-096,0.0000,363.5039,BBOX_CLEAR
PAIR-008646,G-077,G-097,G-077|G-097,0.0000,383.5155,BBOX_CLEAR
PAIR-008647,G-077,G-098,G-077|G-098,0.0000,394.7053,BBOX_CLEAR
PAIR-008648,G-077,G-099,G-077|G-099,0.0000,414.7170,BBOX_CLEAR
PAIR-008649,G-077,G-100,G-077|G-100,0.0000,401.9573,BBOX_CLEAR
PAIR-008650,G-077,G-101,G-077|G-101,0.0000,373.0298,BBOX_CLEAR
PAIR-008651,G-077,G-102,G-077|G-102,0.0000,361.6349,BBOX_CLEAR
PAIR-008652,G-077,G-103,G-077|G-103,0.0000,341.2088,BBOX_CLEAR
PAIR-008653,G-077,G-104,G-077|G-104,0.0000,258.6490,BBOX_CLEAR
PAIR-008654,G-077,G-105,G-077|G-105,0.0000,217.6356,BBOX_CLEAR
PAIR-008655,G-077,G-106,G-077|G-106,0.0000,176.8546,BBOX_CLEAR
PAIR-008656,G-077,G-107,G-077|G-107,0.0000,136.5142,BBOX_CLEAR
PAIR-008657,G-077,G-108,G-077|G-108,0.0000,97.1651,BBOX_CLEAR
PAIR-008658,G-077,G-109,G-077|G-109,0.0000,60.7645,BBOX_CLEAR
PAIR-008659,G-077,G-110,G-077|G-110,0.0000,37.2816,BBOX_CLEAR
PAIR-008660,G-077,G-111,G-077|G-111,0.0000,36.6229,BBOX_CLEAR
PAIR-008661,G-077,G-112,G-077|G-112,0.0000,37.5766,BBOX_CLEAR
PAIR-008662,G-077,G-113,G-077|G-113,0.0000,61.9157,BBOX_CLEAR
PAIR-008663,G-077,G-114,G-077|G-114,0.0000,98.4958,BBOX_CLEAR
PAIR-008664,G-077,G-115,G-077|G-115,0.0000,137.8972,BBOX_CLEAR
PAIR-008665,G-077,G-116,G-077|G-116,0.0000,178.2587,BBOX_CLEAR
PAIR-008666,G-077,G-117,G-077|G-117,0.0000,219.0503,BBOX_CLEAR
PAIR-008667,G-077,G-118,G-077|G-118,0.0000,260.0697,BBOX_CLEAR
PAIR-008668,G-077,G-119,G-077|G-119,0.0000,301.2238,BBOX_CLEAR
PAIR-008669,G-077,G-120,G-077|G-120,0.0000,342.4641,BBOX_CLEAR
PAIR-008670,G-077,G-121,G-077|G-121,0.0000,383.7627,BBOX_CLEAR
PAIR-008671,G-077,G-122,G-077|G-122,0.0000,425.1028,BBOX_CLEAR
PAIR-008672,G-077,G-123,G-077|G-123,0.0000,466.4732,BBOX_CLEAR
PAIR-008673,G-077,G-124,G-077|G-124,0.0000,507.8665,BBOX_CLEAR
PAIR-008674,G-077,G-125,G-077|G-125,0.0000,549.2776,BBOX_CLEAR
PAIR-008675,G-077,G-126,G-077|G-126,0.0000,590.7028,BBOX_CLEAR
PAIR-008676,G-077,G-127,G-077|G-127,0.0000,632.1392,BBOX_CLEAR
PAIR-008677,G-077,G-128,G-077|G-128,0.0000,673.5848,BBOX_CLEAR
PAIR-008678,G-077,G-129,G-077|G-129,0.0000,715.0380,BBOX_CLEAR
PAIR-008679,G-077,G-130,G-077|G-130,0.0000,756.4975,BBOX_CLEAR
PAIR-008680,G-077,G-131,G-077|G-131,0.0000,797.9624,BBOX_CLEAR
PAIR-008681,G-077,G-132,G-077|G-132,0.0000,839.4319,BBOX_CLEAR
PAIR-008682,G-077,G-133,G-077|G-133,0.0000,880.9052,BBOX_CLEAR
PAIR-008683,G-077,G-134,G-077|G-134,0.0000,922.3820,BBOX_CLEAR
PAIR-008684,G-077,G-135,G-077|G-135,0.0000,963.8617,BBOX_CLEAR
PAIR-008685,G-077,P-001,G-077|P-001,0.0000,229.0415,BBOX_CLEAR
PAIR-008686,G-077,P-002,G-077|P-002,0.0000,808.2279,BBOX_CLEAR
PAIR-008687,G-077,P-003,G-077|P-003,0.0000,68.7915,BBOX_CLEAR
PAIR-008688,G-077,P-004,G-077|P-004,0.0000,608.7515,BBOX_CLEAR
PAIR-008689,G-077,P-005,G-077|P-005,0.0000,122.3882,BBOX_CLEAR
PAIR-008690,G-077,P-006,G-077|P-006,0.0000,58.3944,BBOX_CLEAR
PAIR-008691,G-077,P-007,G-077|P-007,0.0000,15.7319,BBOX_CLEAR
PAIR-008692,G-077,P-008,G-077|P-008,0.0000,487.5416,BBOX_CLEAR
PAIR-008693,G-077,P-009,G-077|P-009,0.0000,502.2179,BBOX_CLEAR
PAIR-008694,G-077,P-010,G-077|P-010,0.0000,614.7272,BBOX_CLEAR
PAIR-008695,G-077,P-011,G-077|P-011,0.0000,361.0757,BBOX_CLEAR
PAIR-008696,G-077,P-012,G-077|P-012,0.0000,503.4475,BBOX_CLEAR
PAIR-008697,G-077,P-013,G-077|P-013,0.0000,467.9325,BBOX_CLEAR
PAIR-008698,G-077,P-014,G-077|P-014,0.0000,523.2509,BBOX_CLEAR
PAIR-008699,G-077,P-015,G-077|P-015,0.0000,465.3347,BBOX_CLEAR
PAIR-008700,G-077,P-016,G-077|P-016,0.0000,638.2084,BBOX_CLEAR
PAIR-008701,G-077,P-017,G-077|P-017,0.0000,537.4553,BBOX_CLEAR
PAIR-008702,G-078,G-079,G-078|G-079,0.0000,0.0000,BBOX_WITHIN_8PX
PAIR-008703,G-078,G-080,G-078|G-080,0.0000,24.2499,BBOX_CLEAR
PAIR-008704,G-078,G-081,G-078|G-081,0.0000,40.7749,BBOX_CLEAR
PAIR-008705,G-078,G-082,G-078|G-082,0.0000,57.9987,BBOX_CLEAR
PAIR-008706,G-078,G-083,G-078|G-083,0.0000,82.2749,BBOX_CLEAR
PAIR-008707,G-078,G-084,G-078|G-084,0.0000,98.7458,BBOX_CLEAR
PAIR-008708,G-078,G-085,G-078|G-085,0.0000,125.2497,BBOX_CLEAR
PAIR-008709,G-078,G-086,G-078|G-086,0.0000,165.3493,BBOX_CLEAR
PAIR-008710,G-078,G-087,G-078|G-087,0.0000,190.0040,BBOX_CLEAR
PAIR-008711,G-078,G-088,G-078|G-088,0.0000,189.6207,BBOX_CLEAR
PAIR-008712,G-078,G-089,G-078|G-089,0.0000,206.4748,BBOX_CLEAR
PAIR-008713,G-078,G-090,G-078|G-090,0.0000,222.6675,BBOX_CLEAR
PAIR-008714,G-078,G-091,G-078|G-091,0.0000,251.9211,BBOX_CLEAR
PAIR-008715,G-078,G-092,G-078|G-092,0.0000,289.8822,BBOX_CLEAR
PAIR-008716,G-078,G-093,G-078|G-093,0.0000,314.5333,BBOX_CLEAR
PAIR-008717,G-078,G-094,G-078|G-094,0.0000,314.1500,BBOX_CLEAR
PAIR-008718,G-078,G-095,G-078|G-095,0.0000,331.0041,BBOX_CLEAR
PAIR-008719,G-078,G-096,G-078|G-096,0.0000,347.1967,BBOX_CLEAR
PAIR-008720,G-078,G-097,G-078|G-097,0.0000,367.2084,BBOX_CLEAR
PAIR-008721,G-078,G-098,G-078|G-098,0.0000,378.3981,BBOX_CLEAR
PAIR-008722,G-078,G-099,G-078|G-099,0.0000,398.4098,BBOX_CLEAR
PAIR-008723,G-078,G-100,G-078|G-100,0.0000,428.4251,BBOX_CLEAR
PAIR-008724,G-078,G-101,G-078|G-101,0.0000,399.4037,BBOX_CLEAR
PAIR-008725,G-078,G-102,G-078|G-102,0.0000,388.0007,BBOX_CLEAR
PAIR-008726,G-078,G-103,G-078|G-103,0.0000,367.5581,BBOX_CLEAR
PAIR-008727,G-078,G-104,G-078|G-104,0.0000,284.9107,BBOX_CLEAR
PAIR-008728,G-078,G-105,G-078|G-105,0.0000,243.8024,BBOX_CLEAR
PAIR-008729,G-078,G-106,G-078|G-106,0.0000,202.8583,BBOX_CLEAR
PAIR-008730,G-078,G-107,G-078|G-107,0.0000,162.2025,BBOX_CLEAR
PAIR-008731,G-078,G-108,G-078|G-108,0.0000,122.1236,BBOX_CLEAR
PAIR-008732,G-078,G-109,G-078|G-109,0.0000,83.4568,BBOX_CLEAR
PAIR-008733,G-078,G-110,G-078|G-110,0.0000,49.6207,BBOX_CLEAR
PAIR-008734,G-078,G-111,G-078|G-111,0.0000,36.6229,BBOX_CLEAR
PAIR-008735,G-078,G-112,G-078|G-112,0.0000,36.6229,BBOX_CLEAR
PAIR-008736,G-078,G-113,G-078|G-113,0.0000,49.7118,BBOX_CLEAR
PAIR-008737,G-078,G-114,G-078|G-114,0.0000,83.5781,BBOX_CLEAR
PAIR-008738,G-078,G-115,G-078|G-115,0.0000,122.2524,BBOX_CLEAR
PAIR-008739,G-078,G-116,G-078|G-116,0.0000,162.3340,BBOX_CLEAR
PAIR-008740,G-078,G-117,G-078|G-117,0.0000,202.9910,BBOX_CLEAR
PAIR-008741,G-078,G-118,G-078|G-118,0.0000,243.9358,BBOX_CLEAR
PAIR-008742,G-078,G-119,G-078|G-119,0.0000,285.0445,BBOX_CLEAR
PAIR-008743,G-078,G-120,G-078|G-120,0.0000,326.2551,BBOX_CLEAR
PAIR-008744,G-078,G-121,G-078|G-121,0.0000,367.5333,BBOX_CLEAR
PAIR-008745,G-078,G-122,G-078|G-122,0.0000,408.8587,BBOX_CLEAR
PAIR-008746,G-078,G-123,G-078|G-123,0.0000,450.2182,BBOX_CLEAR
PAIR-008747,G-078,G-124,G-078|G-124,0.0000,491.6032,BBOX_CLEAR
PAIR-008748,G-078,G-125,G-078|G-125,0.0000,533.0079,BBOX_CLEAR
PAIR-008749,G-078,G-126,G-078|G-126,0.0000,574.4279,BBOX_CLEAR
PAIR-008750,G-078,G-127,G-078|G-127,0.0000,615.8601,BBOX_CLEAR
PAIR-008751,G-078,G-128,G-078|G-128,0.0000,657.3023,BBOX_CLEAR
PAIR-008752,G-078,G-129,G-078|G-129,0.0000,698.7527,BBOX_CLEAR
PAIR-008753,G-078,G-130,G-078|G-130,0.0000,740.2099,BBOX_CLEAR
PAIR-008754,G-078,G-131,G-078|G-131,0.0000,781.6728,BBOX_CLEAR
PAIR-008755,G-078,G-132,G-078|G-132,0.0000,823.1405,BBOX_CLEAR
PAIR-008756,G-078,G-133,G-078|G-133,0.0000,864.6124,BBOX_CLEAR
PAIR-008757,G-078,G-134,G-078|G-134,0.0000,906.0879,BBOX_CLEAR
PAIR-008758,G-078,G-135,G-078|G-135,0.0000,947.5665,BBOX_CLEAR
PAIR-008759,G-078,P-001,G-078|P-001,0.0000,229.0415,BBOX_CLEAR
PAIR-008760,G-078,P-002,G-078|P-002,0.0000,792.5594,BBOX_CLEAR
PAIR-008761,G-078,P-003,G-078|P-003,0.0000,52.4843,BBOX_CLEAR
PAIR-008762,G-078,P-004,G-078|P-004,0.0000,607.3194,BBOX_CLEAR
PAIR-008763,G-078,P-005,G-078|P-005,0.0000,122.3882,BBOX_CLEAR
PAIR-008764,G-078,P-006,G-078|P-006,0.0000,58.3944,BBOX_CLEAR
PAIR-008765,G-078,P-007,G-078|P-007,0.0000,15.7319,BBOX_CLEAR
PAIR-008766,G-078,P-008,G-078|P-008,0.0000,476.2160,BBOX_CLEAR
PAIR-008767,G-078,P-009,G-078|P-009,0.0000,490.8861,BBOX_CLEAR
PAIR-008768,G-078,P-010,G-078|P-010,0.0000,603.6168,BBOX_CLEAR
PAIR-008769,G-078,P-011,G-078|P-011,0.0000,350.3642,BBOX_CLEAR
PAIR-008770,G-078,P-012,G-078|P-012,0.0000,491.2632,BBOX_CLEAR
PAIR-008771,G-078,P-013,G-078|P-013,0.0000,452.9845,BBOX_CLEAR
PAIR-008772,G-078,P-014,G-078|P-014,0.0000,507.9792,BBOX_CLEAR
PAIR-008773,G-078,P-015,G-078|P-015,0.0000,459.6870,BBOX_CLEAR
PAIR-008774,G-078,P-016,G-078|P-016,0.0000,627.1152,BBOX_CLEAR
PAIR-008775,G-078,P-017,G-078|P-017,0.0000,525.8907,BBOX_CLEAR
PAIR-008776,G-079,G-080,G-079|G-080,0.0179,0.0000,BBOX_INTERSECTION
PAIR-008777,G-079,G-081,G-079|G-081,0.0000,16.5242,BBOX_CLEAR
PAIR-008778,G-079,G-082,G-079|G-082,0.0000,33.7479,BBOX_CLEAR
PAIR-008779,G-079,G-083,G-079|G-083,0.0000,58.0241,BBOX_CLEAR
PAIR-008780,G-079,G-084,G-079|G-084,0.0000,74.4950,BBOX_CLEAR
PAIR-008781,G-079,G-085,G-079|G-085,0.0000,100.9990,BBOX_CLEAR
PAIR-008782,G-079,G-086,G-079|G-086,0.0000,141.0986,BBOX_CLEAR
PAIR-008783,G-079,G-087,G-079|G-087,0.0000,165.7532,BBOX_CLEAR
PAIR-008784,G-079,G-088,G-079|G-088,0.0000,165.3700,BBOX_CLEAR
PAIR-008785,G-079,G-089,G-079|G-089,0.0000,182.2241,BBOX_CLEAR
PAIR-008786,G-079,G-090,G-079|G-090,0.0000,198.4167,BBOX_CLEAR
PAIR-008787,G-079,G-091,G-079|G-091,0.0000,227.6703,BBOX_CLEAR
PAIR-008788,G-079,G-092,G-079|G-092,0.0000,265.6314,BBOX_CLEAR
PAIR-008789,G-079,G-093,G-079|G-093,0.0000,290.2825,BBOX_CLEAR
PAIR-008790,G-079,G-094,G-079|G-094,0.0000,289.8993,BBOX_CLEAR
PAIR-008791,G-079,G-095,G-079|G-095,0.0000,306.7533,BBOX_CLEAR
PAIR-008792,G-079,G-096,G-079|G-096,0.0000,322.9460,BBOX_CLEAR
PAIR-008793,G-079,G-097,G-079|G-097,0.0000,342.9576,BBOX_CLEAR
PAIR-008794,G-079,G-098,G-079|G-098,0.0000,354.1474,BBOX_CLEAR
PAIR-008795,G-079,G-099,G-079|G-099,0.0000,374.1590,BBOX_CLEAR
PAIR-008796,G-079,G-100,G-079|G-100,0.0000,444.3307,BBOX_CLEAR
PAIR-008797,G-079,G-101,G-079|G-101,0.0000,415.2587,BBOX_CLEAR
PAIR-008798,G-079,G-102,G-079|G-102,0.0000,403.8516,BBOX_CLEAR
PAIR-008799,G-079,G-103,G-079|G-103,0.0000,383.4007,BBOX_CLEAR
PAIR-008800,G-079,G-104,G-079|G-104,0.0000,300.7108,BBOX_CLEAR
PAIR-008801,G-079,G-105,G-079|G-105,0.0000,259.5580,BBOX_CLEAR
PAIR-008802,G-079,G-106,G-079|G-106,0.0000,218.5408,BBOX_CLEAR
PAIR-008803,G-079,G-107,G-079|G-107,0.0000,177.7529,BBOX_CLEAR
PAIR-008804,G-079,G-108,G-079|G-108,0.0000,137.3989,BBOX_CLEAR
PAIR-008805,G-079,G-109,G-079|G-109,0.0000,98.0162,BBOX_CLEAR
PAIR-008806,G-079,G-110,G-079|G-110,0.0000,61.4997,BBOX_CLEAR
PAIR-008807,G-079,G-111,G-079|G-111,0.0000,37.4643,BBOX_CLEAR
PAIR-008808,G-079,G-112,G-079|G-112,0.0000,36.6229,BBOX_CLEAR
PAIR-008809,G-079,G-113,G-079|G-113,0.0000,37.8014,BBOX_CLEAR
PAIR-008810,G-079,G-114,G-079|G-114,0.0000,62.6867,BBOX_CLEAR
PAIR-008811,G-079,G-115,G-079|G-115,0.0000,99.3813,BBOX_CLEAR
PAIR-008812,G-079,G-116,G-079|G-116,0.0000,138.8163,BBOX_CLEAR
PAIR-008813,G-079,G-117,G-079|G-117,0.0000,179.1916,BBOX_CLEAR
PAIR-008814,G-079,G-118,G-079|G-118,0.0000,219.9901,BBOX_CLEAR
PAIR-008815,G-079,G-119,G-079|G-119,0.0000,261.0134,BBOX_CLEAR
PAIR-008816,G-079,G-120,G-079|G-120,0.0000,302.1699,BBOX_CLEAR
PAIR-008817,G-079,G-121,G-079|G-121,0.0000,343.4117,BBOX_CLEAR
PAIR-008818,G-079,G-122,G-079|G-122,0.0000,384.7115,BBOX_CLEAR
PAIR-008819,G-079,G-123,G-079|G-123,0.0000,426.0524,BBOX_CLEAR
PAIR-008820,G-079,G-124,G-079|G-124,0.0000,467.4233,BBOX_CLEAR
PAIR-008821,G-079,G-125,G-079|G-125,0.0000,508.8172,BBOX_CLEAR
PAIR-008822,G-079,G-126,G-079|G-126,0.0000,550.2287,BBOX_CLEAR
PAIR-008823,G-079,G-127,G-079|G-127,0.0000,591.6541,BBOX_CLEAR
PAIR-008824,G-079,G-128,G-079|G-128,0.0000,633.0907,BBOX_CLEAR
PAIR-008825,G-079,G-129,G-079|G-129,0.0000,674.5365,BBOX_CLEAR
PAIR-008826,G-079,G-130,G-079|G-130,0.0000,715.9898,BBOX_CLEAR
PAIR-008827,G-079,G-131,G-079|G-131,0.0000,757.4495,BBOX_CLEAR
PAIR-008828,G-079,G-132,G-079|G-132,0.0000,798.9145,BBOX_CLEAR
PAIR-008829,G-079,G-133,G-079|G-133,0.0000,840.3840,BBOX_CLEAR
PAIR-008830,G-079,G-134,G-079|G-134,0.0000,881.8575,BBOX_CLEAR
PAIR-008831,G-079,G-135,G-079|G-135,0.0000,923.3343,BBOX_CLEAR
PAIR-008832,G-079,P-001,G-079|P-001,0.0000,229.0415,BBOX_CLEAR
PAIR-008833,G-079,P-002,G-079|P-002,0.0000,769.3076,BBOX_CLEAR
PAIR-008834,G-079,P-003,G-079|P-003,0.0000,28.2336,BBOX_CLEAR
PAIR-008835,G-079,P-004,G-079|P-004,0.0000,605.9954,BBOX_CLEAR
PAIR-008836,G-079,P-005,G-079|P-005,0.0000,122.3882,BBOX_CLEAR
PAIR-008837,G-079,P-006,G-079|P-006,0.0000,58.3944,BBOX_CLEAR
PAIR-008838,G-079,P-007,G-079|P-007,0.0000,15.7319,BBOX_CLEAR
PAIR-008839,G-079,P-008,G-079|P-008,0.0000,459.9272,BBOX_CLEAR
PAIR-008840,G-079,P-009,G-079|P-009,0.0000,474.5706,BBOX_CLEAR
PAIR-008841,G-079,P-010,G-079|P-010,0.0000,587.5431,BBOX_CLEAR
PAIR-008842,G-079,P-011,G-079|P-011,0.0000,335.2700,BBOX_CLEAR
PAIR-008843,G-079,P-012,G-079|P-012,0.0000,473.6025,BBOX_CLEAR
PAIR-008844,G-079,P-013,G-079|P-013,0.0000,430.9373,BBOX_CLEAR
PAIR-008845,G-079,P-014,G-079|P-014,0.0000,485.3930,BBOX_CLEAR
PAIR-008846,G-079,P-015,G-079|P-015,0.0000,452.2462,BBOX_CLEAR
PAIR-008847,G-079,P-016,G-079|P-016,0.0000,611.0509,BBOX_CLEAR
PAIR-008848,G-079,P-017,G-079|P-017,0.0000,509.1730,BBOX_CLEAR
PAIR-008849,G-080,G-081,G-080|G-081,0.0000,1.5278,BBOX_WITHIN_8PX
PAIR-008850,G-080,G-082,G-080|G-082,0.0000,18.7516,BBOX_CLEAR
PAIR-008851,G-080,G-083,G-080|G-083,0.0000,43.0278,BBOX_CLEAR
PAIR-008852,G-080,G-084,G-080|G-084,0.0000,59.4987,BBOX_CLEAR
PAIR-008853,G-080,G-085,G-080|G-085,0.0000,86.0027,BBOX_CLEAR
PAIR-008854,G-080,G-086,G-080|G-086,0.0000,126.1022,BBOX_CLEAR
PAIR-008855,G-080,G-087,G-080|G-087,0.0000,150.7569,BBOX_CLEAR
PAIR-008856,G-080,G-088,G-080|G-088,0.0000,150.3736,BBOX_CLEAR
PAIR-008857,G-080,G-089,G-080|G-089,0.0000,167.2278,BBOX_CLEAR
PAIR-008858,G-080,G-090,G-080|G-090,0.0000,183.4204,BBOX_CLEAR
PAIR-008859,G-080,G-091,G-080|G-091,0.0000,212.6740,BBOX_CLEAR
PAIR-008860,G-080,G-092,G-080|G-092,0.0000,250.6351,BBOX_CLEAR
PAIR-008861,G-080,G-093,G-080|G-093,0.0000,275.2862,BBOX_CLEAR
PAIR-008862,G-080,G-094,G-080|G-094,0.0000,274.9029,BBOX_CLEAR
PAIR-008863,G-080,G-095,G-080|G-095,0.0000,291.7570,BBOX_CLEAR
PAIR-008864,G-080,G-096,G-080|G-096,0.0000,307.9496,BBOX_CLEAR
PAIR-008865,G-080,G-097,G-080|G-097,0.0000,327.9613,BBOX_CLEAR
PAIR-008866,G-080,G-098,G-080|G-098,0.0000,339.1510,BBOX_CLEAR
PAIR-008867,G-080,G-099,G-080|G-099,0.0000,359.1627,BBOX_CLEAR
PAIR-008868,G-080,G-100,G-080|G-100,0.0000,468.3381,BBOX_CLEAR
PAIR-008869,G-080,G-101,G-080|G-101,0.0000,438.9829,BBOX_CLEAR
PAIR-008870,G-080,G-102,G-080|G-102,0.0000,427.5589,BBOX_CLEAR
PAIR-008871,G-080,G-103,G-080|G-103,0.0000,407.0750,BBOX_CLEAR
PAIR-008872,G-080,G-104,G-080|G-104,0.0000,324.2394,BBOX_CLEAR
PAIR-008873,G-080,G-105,G-080|G-105,0.0000,282.9510,BBOX_CLEAR
PAIR-008874,G-080,G-106,G-080|G-106,0.0000,241.7389,BBOX_CLEAR
PAIR-008875,G-080,G-107,G-080|G-107,0.0000,200.6501,BBOX_CLEAR
PAIR-008876,G-080,G-108,G-080|G-108,0.0000,159.7797,BBOX_CLEAR
PAIR-008877,G-080,G-109,G-080|G-109,0.0000,119.3523,BBOX_CLEAR
PAIR-008878,G-080,G-110,G-080|G-110,0.0000,80.0420,BBOX_CLEAR
PAIR-008879,G-080,G-111,G-080|G-111,0.0000,44.8867,BBOX_CLEAR
PAIR-008880,G-080,G-112,G-080|G-112,0.0000,31.3290,BBOX_CLEAR
PAIR-008881,G-080,G-113,G-080|G-113,0.0000,31.3290,BBOX_CLEAR
PAIR-008882,G-080,G-114,G-080|G-114,0.0000,47.6327,BBOX_CLEAR
PAIR-008883,G-080,G-115,G-080|G-115,0.0000,83.4917,BBOX_CLEAR
PAIR-008884,G-080,G-116,G-080|G-116,0.0000,122.9600,BBOX_CLEAR
PAIR-008885,G-080,G-117,G-080|G-117,0.0000,163.4436,BBOX_CLEAR
PAIR-008886,G-080,G-118,G-080|G-118,0.0000,204.3399,BBOX_CLEAR
PAIR-008887,G-080,G-119,G-080|G-119,0.0000,245.4426,BBOX_CLEAR
PAIR-008888,G-080,G-120,G-080|G-120,0.0000,286.6631,BBOX_CLEAR
PAIR-008889,G-080,G-121,G-080|G-121,0.0000,327.9568,BBOX_CLEAR
PAIR-008890,G-080,G-122,G-080|G-122,0.0000,369.2993,BBOX_CLEAR
PAIR-008891,G-080,G-123,G-080|G-123,0.0000,410.6758,BBOX_CLEAR
PAIR-008892,G-080,G-124,G-080|G-124,0.0000,452.0769,BBOX_CLEAR
PAIR-008893,G-080,G-125,G-080|G-125,0.0000,493.4966,BBOX_CLEAR
PAIR-008894,G-080,G-126,G-080|G-126,0.0000,534.9304,BBOX_CLEAR
PAIR-008895,G-080,G-127,G-080|G-127,0.0000,576.3752,BBOX_CLEAR
PAIR-008896,G-080,G-128,G-080|G-128,0.0000,617.8290,BBOX_CLEAR
PAIR-008897,G-080,G-129,G-080|G-129,0.0000,659.2900,BBOX_CLEAR
PAIR-008898,G-080,G-130,G-080|G-130,0.0000,700.7569,BBOX_CLEAR
PAIR-008899,G-080,G-131,G-080|G-131,0.0000,742.2288,BBOX_CLEAR
PAIR-008900,G-080,G-132,G-080|G-132,0.0000,783.7048,BBOX_CLEAR
PAIR-008901,G-080,G-133,G-080|G-133,0.0000,825.1843,BBOX_CLEAR
PAIR-008902,G-080,G-134,G-080|G-134,0.0000,866.6668,BBOX_CLEAR
PAIR-008903,G-080,G-135,G-080|G-135,0.0000,908.1520,BBOX_CLEAR
PAIR-008904,G-080,P-001,G-080|P-001,0.0000,245.7927,BBOX_CLEAR
PAIR-008905,G-080,P-002,G-080|P-002,0.0000,760.0505,BBOX_CLEAR
PAIR-008906,G-080,P-003,G-080|P-003,0.0000,13.2373,BBOX_CLEAR
PAIR-008907,G-080,P-004,G-080|P-004,0.0000,622.4117,BBOX_CLEAR
PAIR-008908,G-080,P-005,G-080|P-005,0.0000,139.1394,BBOX_CLEAR
PAIR-008909,G-080,P-006,G-080|P-006,0.0000,75.1456,BBOX_CLEAR
PAIR-008910,G-080,P-007,G-080|P-007,0.0000,32.4830,BBOX_CLEAR
PAIR-008911,G-080,P-008,G-080|P-008,0.0000,463.2345,BBOX_CLEAR
PAIR-008912,G-080,P-009,G-080|P-009,0.0000,477.8147,BBOX_CLEAR
PAIR-008913,G-080,P-010,G-080|P-010,0.0000,590.9093,BBOX_CLEAR
PAIR-008914,G-080,P-011,G-080|P-011,0.0000,340.3806,BBOX_CLEAR
PAIR-008915,G-080,P-012,G-080|P-012,0.0000,475.0830,BBOX_CLEAR
PAIR-008916,G-080,P-013,G-080|P-013,0.0000,425.0762,BBOX_CLEAR
PAIR-008917,G-080,P-014,G-080|P-014,0.0000,478.1818,BBOX_CLEAR
PAIR-008918,G-080,P-015,G-080|P-015,0.0000,464.4714,BBOX_CLEAR
PAIR-008919,G-080,P-016,G-080|P-016,0.0000,614.3996,BBOX_CLEAR
PAIR-008920,G-080,P-017,G-080|P-017,0.0000,511.8424,BBOX_CLEAR
PAIR-008921,G-081,G-082,G-081|G-082,0.0000,6.3396,BBOX_WITHIN_8PX
PAIR-008922,G-081,G-083,G-081|G-083,0.0000,30.6158,BBOX_CLEAR
PAIR-008923,G-081,G-084,G-081|G-084,0.0000,47.0867,BBOX_CLEAR
PAIR-008924,G-081,G-085,G-081|G-085,0.0000,73.5907,BBOX_CLEAR
PAIR-008925,G-081,G-086,G-081|G-086,0.0000,113.6902,BBOX_CLEAR
PAIR-008926,G-081,G-087,G-081|G-087,0.0000,138.3449,BBOX_CLEAR
PAIR-008927,G-081,G-088,G-081|G-088,0.0000,137.9616,BBOX_CLEAR
PAIR-008928,G-081,G-089,G-081|G-089,0.0000,154.8158,BBOX_CLEAR
PAIR-008929,G-081,G-090,G-081|G-090,0.0000,171.0084,BBOX_CLEAR
PAIR-008930,G-081,G-091,G-081|G-091,0.0000,200.2620,BBOX_CLEAR
PAIR-008931,G-081,G-092,G-081|G-092,0.0000,238.2231,BBOX_CLEAR
PAIR-008932,G-081,G-093,G-081|G-093,0.0000,262.8742,BBOX_CLEAR
PAIR-008933,G-081,G-094,G-081|G-094,0.0000,262.4909,BBOX_CLEAR
PAIR-008934,G-081,G-095,G-081|G-095,0.0000,279.3450,BBOX_CLEAR
PAIR-008935,G-081,G-096,G-081|G-096,0.0000,295.5376,BBOX_CLEAR
PAIR-008936,G-081,G-097,G-081|G-097,0.0000,315.5493,BBOX_CLEAR
PAIR-008937,G-081,G-098,G-081|G-098,0.0000,326.7390,BBOX_CLEAR
PAIR-008938,G-081,G-099,G-081|G-099,0.0000,346.7507,BBOX_CLEAR
PAIR-008939,G-081,G-100,G-081|G-100,0.0000,485.0611,BBOX_CLEAR
PAIR-008940,G-081,G-101,G-081|G-101,0.0000,455.8762,BBOX_CLEAR
PAIR-008941,G-081,G-102,G-081|G-102,0.0000,444.4604,BBOX_CLEAR
PAIR-008942,G-081,G-103,G-081|G-103,0.0000,423.9922,BBOX_CLEAR
PAIR-008943,G-081,G-104,G-081|G-104,0.0000,341.2183,BBOX_CLEAR
PAIR-008944,G-081,G-105,G-081|G-105,0.0000,299.9801,BBOX_CLEAR
PAIR-008945,G-081,G-106,G-081|G-106,0.0000,258.8293,BBOX_CLEAR
PAIR-008946,G-081,G-107,G-081|G-107,0.0000,217.8151,BBOX_CLEAR
PAIR-008947,G-081,G-108,G-081|G-108,0.0000,177.0327,BBOX_CLEAR
PAIR-008948,G-081,G-109,G-081|G-109,0.0000,136.6896,BBOX_CLEAR
PAIR-008949,G-081,G-110,G-081|G-110,0.0000,97.3338,BBOX_CLEAR
PAIR-008950,G-081,G-111,G-081|G-111,0.0000,60.9099,BBOX_CLEAR
PAIR-008951,G-081,G-112,G-081|G-112,0.0000,37.3161,BBOX_CLEAR
PAIR-008952,G-081,G-113,G-081|G-113,0.0000,36.6229,BBOX_CLEAR
PAIR-008953,G-081,G-114,G-081|G-114,0.0000,43.4969,BBOX_CLEAR
PAIR-008954,G-081,G-115,G-081|G-115,0.0000,74.5888,BBOX_CLEAR
PAIR-008955,G-081,G-116,G-081|G-116,0.0000,112.6114,BBOX_CLEAR
PAIR-008956,G-081,G-117,G-081|G-117,0.0000,152.4648,BBOX_CLEAR
PAIR-008957,G-081,G-118,G-081|G-118,0.0000,193.0181,BBOX_CLEAR
PAIR-008958,G-081,G-119,G-081|G-119,0.0000,233.9078,BBOX_CLEAR
PAIR-008959,G-081,G-120,G-081|G-120,0.0000,274.9837,BBOX_CLEAR
PAIR-008960,G-081,G-121,G-081|G-121,0.0000,316.1732,BBOX_CLEAR
PAIR-008961,G-081,G-122,G-081|G-122,0.0000,357.4372,BBOX_CLEAR
PAIR-008962,G-081,G-123,G-081|G-123,0.0000,398.7524,BBOX_CLEAR
PAIR-008963,G-081,G-124,G-081|G-124,0.0000,440.1045,BBOX_CLEAR
PAIR-008964,G-081,G-125,G-081|G-125,0.0000,481.4840,BBOX_CLEAR
PAIR-008965,G-081,G-126,G-081|G-126,0.0000,522.8843,BBOX_CLEAR
PAIR-008966,G-081,G-127,G-081|G-127,0.0000,564.3008,BBOX_CLEAR
PAIR-008967,G-081,G-128,G-081|G-128,0.0000,605.7303,BBOX_CLEAR
PAIR-008968,G-081,G-129,G-081|G-129,0.0000,647.1703,BBOX_CLEAR
PAIR-008969,G-081,G-130,G-081|G-130,0.0000,688.6188,BBOX_CLEAR
PAIR-008970,G-081,G-131,G-081|G-131,0.0000,730.0744,BBOX_CLEAR
PAIR-008971,G-081,G-132,G-081|G-132,0.0000,771.5360,BBOX_CLEAR
PAIR-008972,G-081,G-133,G-081|G-133,0.0000,813.0026,BBOX_CLEAR
PAIR-008973,G-081,G-134,G-081|G-134,0.0000,854.4736,BBOX_CLEAR
PAIR-008974,G-081,G-135,G-081|G-135,0.0000,895.9482,BBOX_CLEAR
PAIR-008975,G-081,P-001,G-081|P-001,0.0000,229.0415,BBOX_CLEAR
PAIR-008976,G-081,P-002,G-081|P-002,0.0000,743.1052,BBOX_CLEAR
PAIR-008977,G-081,P-003,G-081|P-003,0.0000,0.8252,BBOX_WITHIN_8PX
PAIR-008978,G-081,P-004,G-081|P-004,0.0000,605.6317,BBOX_CLEAR
PAIR-008979,G-081,P-005,G-081|P-005,0.0000,122.3882,BBOX_CLEAR
PAIR-008980,G-081,P-006,G-081|P-006,0.0000,58.3944,BBOX_CLEAR
PAIR-008981,G-081,P-007,G-081|P-007,0.0000,15.7319,BBOX_CLEAR
PAIR-008982,G-081,P-008,G-081|P-008,0.0000,442.3967,BBOX_CLEAR
PAIR-008983,G-081,P-009,G-081|P-009,0.0000,456.9794,BBOX_CLEAR
PAIR-008984,G-081,P-010,G-081|P-010,0.0000,570.0732,BBOX_CLEAR
PAIR-008985,G-081,P-011,G-081|P-011,0.0000,319.5703,BBOX_CLEAR
PAIR-008986,G-081,P-012,G-081|P-012,0.0000,454.3746,BBOX_CLEAR
PAIR-008987,G-081,P-013,G-081|P-013,0.0000,406.3218,BBOX_CLEAR
PAIR-008988,G-081,P-014,G-081|P-014,0.0000,460.0699,BBOX_CLEAR
PAIR-008989,G-081,P-015,G-081|P-015,0.0000,445.2791,BBOX_CLEAR
PAIR-008990,G-081,P-016,G-081|P-016,0.0000,593.5646,BBOX_CLEAR
PAIR-008991,G-081,P-017,G-081|P-017,0.0000,491.0358,BBOX_CLEAR
PAIR-008992,G-082,G-083,G-082|G-083,0.0000,0.0254,BBOX_WITHIN_8PX
PAIR-008993,G-082,G-084,G-082|G-084,0.0000,16.4963,BBOX_CLEAR
PAIR-008994,G-082,G-085,G-082|G-085,0.0000,43.0003,BBOX_CLEAR
PAIR-008995,G-082,G-086,G-082|G-086,0.0000,83.0999,BBOX_CLEAR
PAIR-008996,G-082,G-087,G-082|G-087,0.0000,107.7545,BBOX_CLEAR
PAIR-008997,G-082,G-088,G-082|G-088,0.0000,107.3712,BBOX_CLEAR
PAIR-008998,G-082,G-089,G-082|G-089,0.0000,124.2254,BBOX_CLEAR
PAIR-008999,G-082,G-090,G-082|G-090,0.0000,140.4180,BBOX_CLEAR
PAIR-009000,G-082,G-091,G-082|G-091,0.0000,169.6716,BBOX_CLEAR
PAIR-009001,G-082,G-092,G-082|G-092,0.0000,207.6327,BBOX_CLEAR
PAIR-009002,G-082,G-093,G-082|G-093,0.0000,232.2838,BBOX_CLEAR
PAIR-009003,G-082,G-094,G-082|G-094,0.0000,231.9005,BBOX_CLEAR
PAIR-009004,G-082,G-095,G-082|G-095,0.0000,248.7546,BBOX_CLEAR
PAIR-009005,G-082,G-096,G-082|G-096,0.0000,264.9472,BBOX_CLEAR
PAIR-009006,G-082,G-097,G-082|G-097,0.0000,284.9589,BBOX_CLEAR
PAIR-009007,G-082,G-098,G-082|G-098,0.0000,296.1487,BBOX_CLEAR
PAIR-009008,G-082,G-099,G-082|G-099,0.0000,316.1603,BBOX_CLEAR
PAIR-009009,G-082,G-100,G-082|G-100,0.0000,502.2682,BBOX_CLEAR
PAIR-009010,G-082,G-101,G-082|G-101,0.0000,473.0415,BBOX_CLEAR
PAIR-009011,G-082,G-102,G-082|G-102,0.0000,461.6228,BBOX_CLEAR
PAIR-009012,G-082,G-103,G-082|G-103,0.0000,441.1486,BBOX_CLEAR
PAIR-009013,G-082,G-104,G-082|G-104,0.0000,358.3473,BBOX_CLEAR
PAIR-009014,G-082,G-105,G-082|G-105,0.0000,317.0820,BBOX_CLEAR
PAIR-009015,G-082,G-106,G-082|G-106,0.0000,275.8905,BBOX_CLEAR
PAIR-009016,G-082,G-107,G-082|G-107,0.0000,234.8115,BBOX_CLEAR
PAIR-009017,G-082,G-108,G-082|G-108,0.0000,193.9166,BBOX_CLEAR
PAIR-009018,G-082,G-109,G-082|G-109,0.0000,153.3531,BBOX_CLEAR
PAIR-009019,G-082,G-110,G-082|G-110,0.0000,113.4770,BBOX_CLEAR
PAIR-009020,G-082,G-111,G-082|G-111,0.0000,75.3872,BBOX_CLEAR
PAIR-009021,G-082,G-112,G-082|G-112,0.0000,43.9973,BBOX_CLEAR
PAIR-009022,G-082,G-113,G-082|G-113,0.0000,36.6229,BBOX_CLEAR
PAIR-009023,G-082,G-114,G-082|G-114,0.0000,36.6229,BBOX_CLEAR
PAIR-009024,G-082,G-115,G-082|G-115,0.0000,50.2375,BBOX_CLEAR
PAIR-009025,G-082,G-116,G-082|G-116,0.0000,84.2732,BBOX_CLEAR
PAIR-009026,G-082,G-117,G-082|G-117,0.0000,122.9897,BBOX_CLEAR
PAIR-009027,G-082,G-118,G-082|G-118,0.0000,163.0868,BBOX_CLEAR
PAIR-009028,G-082,G-119,G-082|G-119,0.0000,203.7510,BBOX_CLEAR
PAIR-009029,G-082,G-120,G-082|G-120,0.0000,244.6997,BBOX_CLEAR
PAIR-009030,G-082,G-121,G-082|G-121,0.0000,285.8107,BBOX_CLEAR
PAIR-009031,G-082,G-122,G-082|G-122,0.0000,327.0228,BBOX_CLEAR
PAIR-009032,G-082,G-123,G-082|G-123,0.0000,368.3021,BBOX_CLEAR
PAIR-009033,G-082,G-124,G-082|G-124,0.0000,409.6281,BBOX_CLEAR
PAIR-009034,G-082,G-125,G-082|G-125,0.0000,450.9882,BBOX_CLEAR
PAIR-009035,G-082,G-126,G-082|G-126,0.0000,492.3737,BBOX_CLEAR
PAIR-009036,G-082,G-127,G-082|G-127,0.0000,533.7786,BBOX_CLEAR
PAIR-009037,G-082,G-128,G-082|G-128,0.0000,575.1989,BBOX_CLEAR
PAIR-009038,G-082,G-129,G-082|G-129,0.0000,616.6314,BBOX_CLEAR
PAIR-009039,G-082,G-130,G-082|G-130,0.0000,658.0737,BBOX_CLEAR
PAIR-009040,G-082,G-131,G-082|G-131,0.0000,699.5243,BBOX_CLEAR
PAIR-009041,G-082,G-132,G-082|G-132,0.0000,740.9816,BBOX_CLEAR
PAIR-009042,G-082,G-133,G-082|G-133,0.0000,782.4445,BBOX_CLEAR
PAIR-009043,G-082,G-134,G-082|G-134,0.0000,823.9123,BBOX_CLEAR
PAIR-009044,G-082,G-135,G-082|G-135,0.0000,865.3843,BBOX_CLEAR
PAIR-009045,G-082,P-001,G-082|P-001,0.0000,229.0415,BBOX_CLEAR
PAIR-009046,G-082,P-002,G-082|P-002,0.0000,713.9676,BBOX_CLEAR
PAIR-009047,G-082,P-003,G-082|P-003,0.0000,5.5143,BBOX_WITHIN_8PX
PAIR-009048,G-082,P-004,G-082|P-004,0.0000,605.6317,BBOX_CLEAR
PAIR-009049,G-082,P-005,G-082|P-005,0.0000,122.3882,BBOX_CLEAR
PAIR-009050,G-082,P-006,G-082|P-006,0.0000,58.3944,BBOX_CLEAR
PAIR-009051,G-082,P-007,G-082|P-007,0.0000,15.7319,BBOX_CLEAR
PAIR-009052,G-082,P-008,G-082|P-008,0.0000,424.0688,BBOX_CLEAR
PAIR-009053,G-082,P-009,G-082|P-009,0.0000,438.5371,BBOX_CLEAR
PAIR-009054,G-082,P-010,G-082|P-010,0.0000,551.5308,BBOX_CLEAR
PAIR-009055,G-082,P-011,G-082|P-011,0.0000,304.0150,BBOX_CLEAR
PAIR-009056,G-082,P-012,G-082|P-012,0.0000,433.9537,BBOX_CLEAR
PAIR-009057,G-082,P-013,G-082|P-013,0.0000,379.3012,BBOX_CLEAR
PAIR-009058,G-082,P-014,G-082|P-014,0.0000,432.1075,BBOX_CLEAR
PAIR-009059,G-082,P-015,G-082|P-015,0.0000,439.3956,BBOX_CLEAR
PAIR-009060,G-082,P-016,G-082|P-016,0.0000,574.9638,BBOX_CLEAR
PAIR-009061,G-082,P-017,G-082|P-017,0.0000,471.8509,BBOX_CLEAR
PAIR-009062,G-083,G-084,G-083|G-084,0.0000,1.5272,BBOX_WITHIN_8PX
PAIR-009063,G-083,G-085,G-083|G-085,0.0000,28.0312,BBOX_CLEAR
PAIR-009064,G-083,G-086,G-083|G-086,0.0000,68.1307,BBOX_CLEAR
PAIR-009065,G-083,G-087,G-083|G-087,0.0000,92.7854,BBOX_CLEAR
PAIR-009066,G-083,G-088,G-083|G-088,0.0000,92.4021,BBOX_CLEAR
PAIR-009067,G-083,G-089,G-083|G-089,0.0000,109.2562,BBOX_CLEAR
PAIR-009068,G-083,G-090,G-083|G-090,0.0000,125.4489,BBOX_CLEAR
PAIR-009069,G-083,G-091,G-083|G-091,0.0000,154.7025,BBOX_CLEAR
PAIR-009070,G-083,G-092,G-083|G-092,0.0000,192.6636,BBOX_CLEAR
PAIR-009071,G-083,G-093,G-083|G-093,0.0000,217.3147,BBOX_CLEAR
PAIR-009072,G-083,G-094,G-083|G-094,0.0000,216.9314,BBOX_CLEAR
PAIR-009073,G-083,G-095,G-083|G-095,0.0000,233.7855,BBOX_CLEAR
PAIR-009074,G-083,G-096,G-083|G-096,0.0000,249.9781,BBOX_CLEAR
PAIR-009075,G-083,G-097,G-083|G-097,0.0000,269.9898,BBOX_CLEAR
PAIR-009076,G-083,G-098,G-083|G-098,0.0000,281.1795,BBOX_CLEAR
PAIR-009077,G-083,G-099,G-083|G-099,0.0000,301.1912,BBOX_CLEAR
PAIR-009078,G-083,G-100,G-083|G-100,0.0000,526.3315,BBOX_CLEAR
PAIR-009079,G-083,G-101,G-083|G-101,0.0000,496.8637,BBOX_CLEAR
PAIR-009080,G-083,G-102,G-083|G-102,0.0000,485.4323,BBOX_CLEAR
PAIR-009081,G-083,G-103,G-083|G-103,0.0000,464.9338,BBOX_CLEAR
PAIR-009082,G-083,G-104,G-083|G-104,0.0000,382.0340,BBOX_CLEAR
PAIR-009083,G-083,G-105,G-083|G-105,0.0000,340.6797,BBOX_CLEAR
PAIR-009084,G-083,G-106,G-083|G-106,0.0000,299.3690,BBOX_CLEAR
PAIR-009085,G-083,G-107,G-083|G-107,0.0000,258.1224,BBOX_CLEAR
PAIR-009086,G-083,G-108,G-083|G-108,0.0000,216.9768,BBOX_CLEAR
PAIR-009087,G-083,G-109,G-083|G-109,0.0000,176.0029,BBOX_CLEAR
PAIR-009088,G-083,G-110,G-083|G-110,0.0000,135.3566,BBOX_CLEAR
PAIR-009089,G-083,G-111,G-083|G-111,0.0000,95.4575,BBOX_CLEAR
PAIR-009090,G-083,G-112,G-083|G-112,0.0000,57.8723,BBOX_CLEAR
PAIR-009091,G-083,G-113,G-083|G-113,0.0000,32.1341,BBOX_CLEAR
PAIR-009092,G-083,G-114,G-083|G-114,0.0000,31.3290,BBOX_CLEAR
PAIR-009093,G-083,G-115,G-083|G-115,0.0000,36.8595,BBOX_CLEAR
PAIR-009094,G-083,G-116,G-083|G-116,0.0000,68.5129,BBOX_CLEAR
PAIR-009095,G-083,G-117,G-083|G-117,0.0000,107.1249,BBOX_CLEAR
PAIR-009096,G-083,G-118,G-083|G-118,0.0000,147.3221,BBOX_CLEAR
PAIR-009097,G-083,G-119,G-083|G-119,0.0000,188.0909,BBOX_CLEAR
PAIR-009098,G-083,G-120,G-083|G-120,0.0000,229.1265,BBOX_CLEAR
PAIR-009099,G-083,G-121,G-083|G-121,0.0000,270.3072,BBOX_CLEAR
PAIR-009100,G-083,G-122,G-083|G-122,0.0000,311.5756,BBOX_CLEAR
PAIR-009101,G-083,G-123,G-083|G-123,0.0000,352.9010,BBOX_CLEAR
PAIR-009102,G-083,G-124,G-083|G-124,0.0000,394.2653,BBOX_CLEAR
PAIR-009103,G-083,G-125,G-083|G-125,0.0000,435.6576,BBOX_CLEAR
PAIR-009104,G-083,G-126,G-083|G-126,0.0000,477.0705,BBOX_CLEAR
PAIR-009105,G-083,G-127,G-083|G-127,0.0000,518.4990,BBOX_CLEAR
PAIR-009106,G-083,G-128,G-083|G-128,0.0000,559.9398,BBOX_CLEAR
PAIR-009107,G-083,G-129,G-083|G-129,0.0000,601.3903,BBOX_CLEAR
PAIR-009108,G-083,G-130,G-083|G-130,0.0000,642.8486,BBOX_CLEAR
PAIR-009109,G-083,G-131,G-083|G-131,0.0000,684.3133,BBOX_CLEAR
PAIR-009110,G-083,G-132,G-083|G-132,0.0000,725.7833,BBOX_CLEAR
PAIR-009111,G-083,G-133,G-083|G-133,0.0000,767.2577,BBOX_CLEAR
PAIR-009112,G-083,G-134,G-083|G-134,0.0000,808.7359,BBOX_CLEAR
PAIR-009113,G-083,G-135,G-083|G-135,0.0000,850.2173,BBOX_CLEAR
PAIR-009114,G-083,P-001,G-083|P-001,0.0000,245.7927,BBOX_CLEAR
PAIR-009115,G-083,P-002,G-083|P-002,0.0000,705.2432,BBOX_CLEAR
PAIR-009116,G-083,P-003,G-083|P-003,0.0000,29.7905,BBOX_CLEAR
PAIR-009117,G-083,P-004,G-083|P-004,0.0000,622.7913,BBOX_CLEAR
PAIR-009118,G-083,P-005,G-083|P-005,0.0000,139.1394,BBOX_CLEAR
PAIR-009119,G-083,P-006,G-083|P-006,0.0000,75.1456,BBOX_CLEAR
PAIR-009120,G-083,P-007,G-083|P-007,0.0000,32.4830,BBOX_CLEAR
PAIR-009121,G-083,P-008,G-083|P-008,0.0000,429.6971,BBOX_CLEAR
PAIR-009122,G-083,P-009,G-083|P-009,0.0000,444.0236,BBOX_CLEAR
PAIR-009123,G-083,P-010,G-083|P-010,0.0000,556.6952,BBOX_CLEAR
PAIR-009124,G-083,P-011,G-083|P-011,0.0000,312.4494,BBOX_CLEAR
PAIR-009125,G-083,P-012,G-083|P-012,0.0000,437.5780,BBOX_CLEAR
PAIR-009126,G-083,P-013,G-083|P-013,0.0000,374.9786,BBOX_CLEAR
PAIR-009127,G-083,P-014,G-083|P-014,0.0000,426.0616,BBOX_CLEAR
PAIR-009128,G-083,P-015,G-083|P-015,0.0000,453.8921,BBOX_CLEAR
PAIR-009129,G-083,P-016,G-083|P-016,0.0000,580.0382,BBOX_CLEAR
PAIR-009130,G-083,P-017,G-083|P-017,0.0000,476.5743,BBOX_CLEAR
PAIR-009131,G-084,G-085,G-084|G-085,0.0000,10.5787,BBOX_CLEAR
PAIR-009132,G-084,G-086,G-084|G-086,0.0000,50.6782,BBOX_CLEAR
PAIR-009133,G-084,G-087,G-084|G-087,0.0000,75.3329,BBOX_CLEAR
PAIR-009134,G-084,G-088,G-084|G-088,0.0000,74.9496,BBOX_CLEAR
PAIR-009135,G-084,G-089,G-084|G-089,0.0000,91.8038,BBOX_CLEAR
PAIR-009136,G-084,G-090,G-084|G-090,0.0000,107.9964,BBOX_CLEAR
PAIR-009137,G-084,G-091,G-084|G-091,0.0000,137.2500,BBOX_CLEAR
PAIR-009138,G-084,G-092,G-084|G-092,0.0000,175.2111,BBOX_CLEAR
PAIR-009139,G-084,G-093,G-084|G-093,0.0000,199.8622,BBOX_CLEAR
PAIR-009140,G-084,G-094,G-084|G-094,0.0000,199.4789,BBOX_CLEAR
PAIR-009141,G-084,G-095,G-084|G-095,0.0000,216.3330,BBOX_CLEAR
PAIR-009142,G-084,G-096,G-084|G-096,0.0000,232.5256,BBOX_CLEAR
PAIR-009143,G-084,G-097,G-084|G-097,0.0000,252.5373,BBOX_CLEAR
PAIR-009144,G-084,G-098,G-084|G-098,0.0000,263.7270,BBOX_CLEAR
PAIR-009145,G-084,G-099,G-084|G-099,0.0000,283.7387,BBOX_CLEAR
PAIR-009146,G-084,G-100,G-084|G-100,0.0000,542.9802,BBOX_CLEAR
PAIR-009147,G-084,G-101,G-084|G-101,0.0000,513.6661,BBOX_CLEAR
PAIR-009148,G-084,G-102,G-084|G-102,0.0000,502.2414,BBOX_CLEAR
PAIR-009149,G-084,G-103,G-084|G-103,0.0000,481.7556,BBOX_CLEAR
PAIR-009150,G-084,G-104,G-084|G-104,0.0000,398.9028,BBOX_CLEAR
PAIR-009151,G-084,G-105,G-084|G-105,0.0000,357.5874,BBOX_CLEAR
PAIR-009152,G-084,G-106,G-084|G-106,0.0000,316.3232,BBOX_CLEAR
PAIR-009153,G-084,G-107,G-084|G-107,0.0000,275.1333,BBOX_CLEAR
PAIR-009154,G-084,G-108,G-084|G-108,0.0000,234.0569,BBOX_CLEAR
PAIR-009155,G-084,G-109,G-084|G-109,0.0000,193.1664,BBOX_CLEAR
PAIR-009156,G-084,G-110,G-084|G-110,0.0000,152.6114,BBOX_CLEAR
PAIR-009157,G-084,G-111,G-084|G-111,0.0000,112.7542,BBOX_CLEAR
PAIR-009158,G-084,G-112,G-084|G-112,0.0000,74.7204,BBOX_CLEAR
PAIR-009159,G-084,G-113,G-084|G-113,0.0000,43.5785,BBOX_CLEAR
PAIR-009160,G-084,G-114,G-084|G-114,0.0000,36.6229,BBOX_CLEAR
PAIR-009161,G-084,G-115,G-084|G-115,0.0000,36.6757,BBOX_CLEAR
PAIR-009162,G-084,G-116,G-084|G-116,0.0000,56.8468,BBOX_CLEAR
PAIR-009163,G-084,G-117,G-084|G-117,0.0000,92.5438,BBOX_CLEAR
PAIR-009164,G-084,G-118,G-084|G-118,0.0000,131.6946,BBOX_CLEAR
PAIR-009165,G-084,G-119,G-084|G-119,0.0000,171.9562,BBOX_CLEAR
PAIR-009166,G-084,G-120,G-084|G-120,0.0000,212.6986,BBOX_CLEAR
PAIR-009167,G-084,G-121,G-084|G-121,0.0000,253.6904,BBOX_CLEAR
PAIR-009168,G-084,G-122,G-084|G-122,0.0000,294.8275,BBOX_CLEAR
PAIR-009169,G-084,G-123,G-084|G-123,0.0000,336.0566,BBOX_CLEAR
PAIR-009170,G-084,G-124,G-084|G-124,0.0000,377.3475,BBOX_CLEAR
PAIR-009171,G-084,G-125,G-084|G-125,0.0000,418.6819,BBOX_CLEAR
PAIR-009172,G-084,G-126,G-084|G-126,0.0000,460.0482,BBOX_CLEAR
PAIR-009173,G-084,G-127,G-084|G-127,0.0000,501.4383,BBOX_CLEAR
PAIR-009174,G-084,G-128,G-084|G-128,0.0000,542.8470,BBOX_CLEAR
PAIR-009175,G-084,G-129,G-084|G-129,0.0000,584.2702,BBOX_CLEAR
PAIR-009176,G-084,G-130,G-084|G-130,0.0000,625.7050,BBOX_CLEAR
PAIR-009177,G-084,G-131,G-084|G-131,0.0000,667.1493,BBOX_CLEAR
PAIR-009178,G-084,G-132,G-084|G-132,0.0000,708.6014,BBOX_CLEAR
PAIR-009179,G-084,G-133,G-084|G-133,0.0000,750.0600,BBOX_CLEAR
PAIR-009180,G-084,G-134,G-084|G-134,0.0000,791.5241,BBOX_CLEAR
PAIR-009181,G-084,G-135,G-084|G-135,0.0000,832.9929,BBOX_CLEAR
PAIR-009182,G-084,P-001,G-084|P-001,0.0000,229.0415,BBOX_CLEAR
PAIR-009183,G-084,P-002,G-084|P-002,0.0000,683.2245,BBOX_CLEAR
PAIR-009184,G-084,P-003,G-084|P-003,0.0000,46.2614,BBOX_CLEAR
PAIR-009185,G-084,P-004,G-084|P-004,0.0000,606.8875,BBOX_CLEAR
PAIR-009186,G-084,P-005,G-084|P-005,0.0000,122.3882,BBOX_CLEAR
PAIR-009187,G-084,P-006,G-084|P-006,0.0000,58.3944,BBOX_CLEAR
PAIR-009188,G-084,P-007,G-084|P-007,0.0000,15.7319,BBOX_CLEAR
PAIR-009189,G-084,P-008,G-084|P-008,0.0000,406.2588,BBOX_CLEAR
PAIR-009190,G-084,P-009,G-084|P-009,0.0000,420.5398,BBOX_CLEAR
PAIR-009191,G-084,P-010,G-084|P-010,0.0000,533.0920,BBOX_CLEAR
PAIR-009192,G-084,P-011,G-084|P-011,0.0000,290.1504,BBOX_CLEAR
PAIR-009193,G-084,P-012,G-084|P-012,0.0000,413.6816,BBOX_CLEAR
PAIR-009194,G-084,P-013,G-084|P-013,0.0000,351.3026,BBOX_CLEAR
PAIR-009195,G-084,P-014,G-084|P-014,0.0000,402.8883,BBOX_CLEAR
PAIR-009196,G-084,P-015,G-084|P-015,0.0000,435.4250,BBOX_CLEAR
PAIR-009197,G-084,P-016,G-084|P-016,0.0000,556.4078,BBOX_CLEAR
PAIR-009198,G-084,P-017,G-084|P-017,0.0000,452.8878,BBOX_CLEAR
PAIR-009199,G-085,G-086,G-085|G-086,0.0000,10.6168,BBOX_CLEAR
PAIR-009200,G-085,G-087,G-085|G-087,0.0000,35.2714,BBOX_CLEAR
PAIR-009201,G-085,G-088,G-085|G-088,0.0000,34.8882,BBOX_CLEAR
PAIR-009202,G-085,G-089,G-085|G-089,0.0000,51.7423,BBOX_CLEAR
PAIR-009203,G-085,G-090,G-085|G-090,0.0000,67.9349,BBOX_CLEAR
PAIR-009204,G-085,G-091,G-085|G-091,0.0000,97.1885,BBOX_CLEAR
PAIR-009205,G-085,G-092,G-085|G-092,0.0000,135.1496,BBOX_CLEAR
PAIR-009206,G-085,G-093,G-085|G-093,0.0000,159.8007,BBOX_CLEAR
PAIR-009207,G-085,G-094,G-085|G-094,0.0000,159.4175,BBOX_CLEAR
PAIR-009208,G-085,G-095,G-085|G-095,0.0000,176.2715,BBOX_CLEAR
PAIR-009209,G-085,G-096,G-085|G-096,0.0000,192.4642,BBOX_CLEAR
PAIR-009210,G-085,G-097,G-085|G-097,0.0000,212.4758,BBOX_CLEAR
PAIR-009211,G-085,G-098,G-085|G-098,0.0000,223.6656,BBOX_CLEAR
PAIR-009212,G-085,G-099,G-085|G-099,0.0000,243.6773,BBOX_CLEAR
PAIR-009213,G-085,G-100,G-085|G-100,0.0000,569.4640,BBOX_CLEAR
PAIR-009214,G-085,G-101,G-085|G-101,0.0000,540.1003,BBOX_CLEAR
PAIR-009215,G-085,G-102,G-085|G-102,0.0000,528.6725,BBOX_CLEAR
PAIR-009216,G-085,G-103,G-085|G-103,0.0000,508.1805,BBOX_CLEAR
PAIR-009217,G-085,G-104,G-085|G-104,0.0000,425.3018,BBOX_CLEAR
PAIR-009218,G-085,G-105,G-085|G-105,0.0000,383.9616,BBOX_CLEAR
PAIR-009219,G-085,G-106,G-085|G-106,0.0000,342.6627,BBOX_CLEAR
PAIR-009220,G-085,G-107,G-085|G-107,0.0000,301.4221,BBOX_CLEAR
PAIR-009221,G-085,G-108,G-085|G-108,0.0000,260.2675,BBOX_CLEAR
PAIR-009222,G-085,G-109,G-085|G-109,0.0000,219.2473,BBOX_CLEAR
PAIR-009223,G-085,G-110,G-085|G-110,0.0000,178.4543,BBOX_CLEAR
PAIR-009224,G-085,G-111,G-085|G-111,0.0000,138.0898,BBOX_CLEAR
PAIR-009225,G-085,G-112,G-085|G-112,0.0000,98.6813,BBOX_CLEAR
PAIR-009226,G-085,G-113,G-085|G-113,0.0000,62.0769,BBOX_CLEAR
PAIR-009227,G-085,G-114,G-085|G-114,0.0000,37.6218,BBOX_CLEAR
PAIR-009228,G-085,G-115,G-085|G-115,0.0000,36.6229,BBOX_CLEAR
PAIR-009229,G-085,G-116,G-085|G-116,0.0000,36.7819,BBOX_CLEAR
PAIR-009230,G-085,G-117,G-085|G-117,0.0000,57.9630,BBOX_CLEAR
PAIR-009231,G-085,G-118,G-085|G-118,0.0000,93.8768,BBOX_CLEAR
PAIR-009232,G-085,G-119,G-085|G-119,0.0000,133.0876,BBOX_CLEAR
PAIR-009233,G-085,G-120,G-085|G-120,0.0000,173.3728,BBOX_CLEAR
PAIR-009234,G-085,G-121,G-085|G-121,0.0000,214.1267,BBOX_CLEAR
PAIR-009235,G-085,G-122,G-085|G-122,0.0000,255.1249,BBOX_CLEAR
PAIR-009236,G-085,G-123,G-085|G-123,0.0000,296.2659,BBOX_CLEAR
PAIR-009237,G-085,G-124,G-085|G-124,0.0000,337.4975,BBOX_CLEAR
PAIR-009238,G-085,G-125,G-085|G-125,0.0000,378.7902,BBOX_CLEAR
PAIR-009239,G-085,G-126,G-085|G-126,0.0000,420.1260,BBOX_CLEAR
PAIR-009240,G-085,G-127,G-085|G-127,0.0000,461.4932,BBOX_CLEAR
PAIR-009241,G-085,G-128,G-085|G-128,0.0000,502.8841,BBOX_CLEAR
PAIR-009242,G-085,G-129,G-085|G-129,0.0000,544.2933,BBOX_CLEAR
PAIR-009243,G-085,G-130,G-085|G-130,0.0000,585.7169,BBOX_CLEAR
PAIR-009244,G-085,G-131,G-085|G-131,0.0000,627.1521,BBOX_CLEAR
PAIR-009245,G-085,G-132,G-085|G-132,0.0000,668.5967,BBOX_CLEAR
PAIR-009246,G-085,G-133,G-085|G-133,0.0000,710.0490,BBOX_CLEAR
PAIR-009247,G-085,G-134,G-085|G-134,0.0000,751.5078,BBOX_CLEAR
PAIR-009248,G-085,G-135,G-085|G-135,0.0000,792.9721,BBOX_CLEAR
PAIR-009249,G-085,P-001,G-085|P-001,0.0000,229.0415,BBOX_CLEAR
PAIR-009250,G-085,P-002,G-085|P-002,0.0000,645.4639,BBOX_CLEAR
PAIR-009251,G-085,P-003,G-085|P-003,0.0000,72.7654,BBOX_CLEAR
PAIR-009252,G-085,P-004,G-085|P-004,0.0000,609.1661,BBOX_CLEAR
PAIR-009253,G-085,P-005,G-085|P-005,0.0000,122.3882,BBOX_CLEAR
PAIR-009254,G-085,P-006,G-085|P-006,0.0000,58.3944,BBOX_CLEAR
PAIR-009255,G-085,P-007,G-085|P-007,0.0000,15.7319,BBOX_CLEAR
PAIR-009256,G-085,P-008,G-085|P-008,0.0000,386.8813,BBOX_CLEAR
PAIR-009257,G-085,P-009,G-085|P-009,0.0000,400.8156,BBOX_CLEAR
PAIR-009258,G-085,P-010,G-085|P-010,0.0000,512.2294,BBOX_CLEAR
PAIR-009259,G-085,P-011,G-085|P-011,0.0000,277.3301,BBOX_CLEAR
PAIR-009260,G-085,P-012,G-085|P-012,0.0000,390.9012,BBOX_CLEAR
PAIR-009261,G-085,P-013,G-085|P-013,0.0000,317.8697,BBOX_CLEAR
PAIR-009262,G-085,P-014,G-085|P-014,0.0000,367.5265,BBOX_CLEAR
PAIR-009263,G-085,P-015,G-085|P-015,0.0000,433.8194,BBOX_CLEAR
PAIR-009264,G-085,P-016,G-085|P-016,0.0000,535.3061,BBOX_CLEAR
PAIR-009265,G-085,P-017,G-085|P-017,0.0000,431.6748,BBOX_CLEAR
PAIR-009266,G-086,G-087,G-086|G-087,0.0000,0.4038,BBOX_WITHIN_8PX
PAIR-009267,G-086,G-088,G-086|G-088,0.0000,0.0206,BBOX_WITHIN_8PX
PAIR-009268,G-086,G-089,G-086|G-089,0.0000,16.8747,BBOX_CLEAR
PAIR-009269,G-086,G-090,G-086|G-090,0.0000,33.0673,BBOX_CLEAR
PAIR-009270,G-086,G-091,G-086|G-091,0.0000,62.3210,BBOX_CLEAR
PAIR-009271,G-086,G-092,G-086|G-092,0.0000,100.2820,BBOX_CLEAR
PAIR-009272,G-086,G-093,G-086|G-093,0.0000,124.9331,BBOX_CLEAR
PAIR-009273,G-086,G-094,G-086|G-094,0.0000,124.5499,BBOX_CLEAR
PAIR-009274,G-086,G-095,G-086|G-095,0.0000,141.4040,BBOX_CLEAR
PAIR-009275,G-086,G-096,G-086|G-096,0.0000,157.5966,BBOX_CLEAR
PAIR-009276,G-086,G-097,G-086|G-097,0.0000,177.6083,BBOX_CLEAR
PAIR-009277,G-086,G-098,G-086|G-098,0.0000,188.7980,BBOX_CLEAR
PAIR-009278,G-086,G-099,G-086|G-099,0.0000,208.8097,BBOX_CLEAR
PAIR-009279,G-086,G-100,G-086|G-100,0.0000,609.5365,BBOX_CLEAR
PAIR-009280,G-086,G-101,G-086|G-101,0.0000,580.1064,BBOX_CLEAR
PAIR-009281,G-086,G-102,G-086|G-102,0.0000,568.6747,BBOX_CLEAR
PAIR-009282,G-086,G-103,G-086|G-103,0.0000,548.1749,BBOX_CLEAR
PAIR-009283,G-086,G-104,G-086|G-104,0.0000,465.2653,BBOX_CLEAR
PAIR-009284,G-086,G-105,G-086|G-105,0.0000,423.8956,BBOX_CLEAR
PAIR-009285,G-086,G-106,G-086|G-106,0.0000,382.5567,BBOX_CLEAR
PAIR-009286,G-086,G-107,G-086|G-107,0.0000,341.2594,BBOX_CLEAR
PAIR-009287,G-086,G-108,G-086|G-108,0.0000,300.0212,BBOX_CLEAR
PAIR-009288,G-086,G-109,G-086|G-109,0.0000,258.8702,BBOX_CLEAR
PAIR-009289,G-086,G-110,G-086|G-110,0.0000,217.8558,BBOX_CLEAR
PAIR-009290,G-086,G-111,G-086|G-111,0.0000,177.0731,BBOX_CLEAR
PAIR-009291,G-086,G-112,G-086|G-112,0.0000,136.7294,BBOX_CLEAR
PAIR-009292,G-086,G-113,G-086|G-113,0.0000,97.3721,BBOX_CLEAR
PAIR-009293,G-086,G-114,G-086|G-114,0.0000,60.9429,BBOX_CLEAR
PAIR-009294,G-086,G-115,G-086|G-115,0.0000,37.3240,BBOX_CLEAR
PAIR-009295,G-086,G-116,G-086|G-116,0.0000,36.6229,BBOX_CLEAR
PAIR-009296,G-086,G-117,G-086|G-117,0.0000,37.9795,BBOX_CLEAR
PAIR-009297,G-086,G-118,G-086|G-118,0.0000,63.2518,BBOX_CLEAR
PAIR-009298,G-086,G-119,G-086|G-119,0.0000,100.0274,BBOX_CLEAR
PAIR-009299,G-086,G-120,G-086|G-120,0.0000,139.4866,BBOX_CLEAR
PAIR-009300,G-086,G-121,G-086|G-121,0.0000,179.8717,BBOX_CLEAR
PAIR-009301,G-086,G-122,G-086|G-122,0.0000,220.6752,BBOX_CLEAR
PAIR-009302,G-086,G-123,G-086|G-123,0.0000,261.7012,BBOX_CLEAR
PAIR-009303,G-086,G-124,G-086|G-124,0.0000,302.8595,BBOX_CLEAR
PAIR-009304,G-086,G-125,G-086|G-125,0.0000,344.1025,BBOX_CLEAR
PAIR-009305,G-086,G-126,G-086|G-126,0.0000,385.4031,BBOX_CLEAR
PAIR-009306,G-086,G-127,G-086|G-127,0.0000,426.7445,BBOX_CLEAR
PAIR-009307,G-086,G-128,G-086|G-128,0.0000,468.1160,BBOX_CLEAR
PAIR-009308,G-086,G-129,G-086|G-129,0.0000,509.5101,BBOX_CLEAR
PAIR-009309,G-086,G-130,G-086|G-130,0.0000,550.9218,BBOX_CLEAR
PAIR-009310,G-086,G-131,G-086|G-131,0.0000,592.3475,BBOX_CLEAR
PAIR-009311,G-086,G-132,G-086|G-132,0.0000,633.7843,BBOX_CLEAR
PAIR-009312,G-086,G-133,G-086|G-133,0.0000,675.2302,BBOX_CLEAR
PAIR-009313,G-086,G-134,G-086|G-134,0.0000,716.6837,BBOX_CLEAR
PAIR-009314,G-086,G-135,G-086|G-135,0.0000,758.1434,BBOX_CLEAR
PAIR-009315,G-086,P-001,G-086|P-001,0.0000,229.0415,BBOX_CLEAR
PAIR-009316,G-086,P-002,G-086|P-002,0.0000,612.8367,BBOX_CLEAR
PAIR-009317,G-086,P-003,G-086|P-003,0.0000,112.8650,BBOX_CLEAR
PAIR-009318,G-086,P-004,G-086|P-004,0.0000,614.7735,BBOX_CLEAR
PAIR-009319,G-086,P-005,G-086|P-005,0.0000,122.3882,BBOX_CLEAR
PAIR-009320,G-086,P-006,G-086|P-006,0.0000,58.3944,BBOX_CLEAR
PAIR-009321,G-086,P-007,G-086|P-007,0.0000,15.7319,BBOX_CLEAR
PAIR-009322,G-086,P-008,G-086|P-008,0.0000,372.7107,BBOX_CLEAR
PAIR-009323,G-086,P-009,G-086|P-009,0.0000,386.2195,BBOX_CLEAR
PAIR-009324,G-086,P-010,G-086|P-010,0.0000,495.9948,BBOX_CLEAR
PAIR-009325,G-086,P-011,G-086|P-011,0.0000,270.5413,BBOX_CLEAR
PAIR-009326,G-086,P-012,G-086|P-012,0.0000,373.4487,BBOX_CLEAR
PAIR-009327,G-086,P-013,G-086|P-013,0.0000,290.1413,BBOX_CLEAR
PAIR-009328,G-086,P-014,G-086|P-014,0.0000,337.6049,BBOX_CLEAR
PAIR-009329,G-086,P-015,G-086|P-015,0.0000,433.8194,BBOX_CLEAR
PAIR-009330,G-086,P-016,G-086|P-016,0.0000,518.7629,BBOX_CLEAR
PAIR-009331,G-086,P-017,G-086|P-017,0.0000,415.4808,BBOX_CLEAR
PAIR-009332,G-087,G-088,G-087|G-088,37.8089,0.0000,BBOX_INTERSECTION
PAIR-009333,G-087,G-089,G-087|G-089,0.0000,1.5272,BBOX_WITHIN_8PX
PAIR-009334,G-087,G-090,G-087|G-090,0.0000,17.7198,BBOX_CLEAR
PAIR-009335,G-087,G-091,G-087|G-091,0.0000,46.9734,BBOX_CLEAR
PAIR-009336,G-087,G-092,G-087|G-092,0.0000,84.9345,BBOX_CLEAR
PAIR-009337,G-087,G-093,G-087|G-093,0.0000,109.5856,BBOX_CLEAR
PAIR-009338,G-087,G-094,G-087|G-094,0.0000,109.2023,BBOX_CLEAR
PAIR-009339,G-087,G-095,G-087|G-095,0.0000,126.0564,BBOX_CLEAR
PAIR-009340,G-087,G-096,G-087|G-096,0.0000,142.2490,BBOX_CLEAR
PAIR-009341,G-087,G-097,G-087|G-097,0.0000,162.2607,BBOX_CLEAR
PAIR-009342,G-087,G-098,G-087|G-098,0.0000,173.4505,BBOX_CLEAR
PAIR-009343,G-087,G-099,G-087|G-099,0.0000,193.4621,BBOX_CLEAR
PAIR-009344,G-087,G-100,G-087|G-100,0.0000,634.9992,BBOX_CLEAR
PAIR-009345,G-087,G-101,G-087|G-101,0.0000,606.0429,BBOX_CLEAR
PAIR-009346,G-087,G-102,G-087|G-102,0.0000,594.6348,BBOX_CLEAR
PAIR-009347,G-087,G-103,G-087|G-103,0.0000,574.1796,BBOX_CLEAR
PAIR-009348,G-087,G-104,G-087|G-104,0.0000,491.4369,BBOX_CLEAR
PAIR-009349,G-087,G-105,G-087|G-105,0.0000,450.1989,BBOX_CLEAR
PAIR-009350,G-087,G-106,G-087|G-106,0.0000,409.0162,BBOX_CLEAR
PAIR-009351,G-087,G-107,G-087|G-107,0.0000,367.9073,BBOX_CLEAR
PAIR-009352,G-087,G-108,G-087|G-108,0.0000,326.9000,BBOX_CLEAR
PAIR-009353,G-087,G-109,G-087|G-109,0.0000,286.0382,BBOX_CLEAR
PAIR-009354,G-087,G-110,G-087|G-110,0.0000,245.3943,BBOX_CLEAR
PAIR-009355,G-087,G-111,G-087|G-111,0.0000,205.0980,BBOX_CLEAR
PAIR-009356,G-087,G-112,G-087|G-112,0.0000,165.4036,BBOX_CLEAR
PAIR-009357,G-087,G-113,G-087|G-113,0.0000,126.8774,BBOX_CLEAR
PAIR-009358,G-087,G-114,G-087|G-114,0.0000,91.0149,BBOX_CLEAR
PAIR-009359,G-087,G-115,G-087|G-115,0.0000,62.5769,BBOX_CLEAR
PAIR-009360,G-087,G-116,G-087|G-116,0.0000,53.8622,BBOX_CLEAR
PAIR-009361,G-087,G-117,G-087|G-117,0.0000,53.8622,BBOX_CLEAR
PAIR-009362,G-087,G-118,G-087|G-118,0.0000,64.9097,BBOX_CLEAR
PAIR-009363,G-087,G-119,G-087|G-119,0.0000,94.5715,BBOX_CLEAR
PAIR-009364,G-087,G-120,G-087|G-120,0.0000,130.8457,BBOX_CLEAR
PAIR-009365,G-087,G-121,G-087|G-121,0.0000,169.5398,BBOX_CLEAR
PAIR-009366,G-087,G-122,G-087|G-122,0.0000,209.3162,BBOX_CLEAR
PAIR-009367,G-087,G-123,G-087|G-123,0.0000,249.6579,BBOX_CLEAR
PAIR-009368,G-087,G-124,G-087|G-124,0.0000,290.3295,BBOX_CLEAR
PAIR-009369,G-087,G-125,G-087|G-125,0.0000,331.2095,BBOX_CLEAR
PAIR-009370,G-087,G-126,G-087|G-126,0.0000,372.2292,BBOX_CLEAR
PAIR-009371,G-087,G-127,G-087|G-127,0.0000,413.3469,BBOX_CLEAR
PAIR-009372,G-087,G-128,G-087|G-128,0.0000,454.5362,BBOX_CLEAR
PAIR-009373,G-087,G-129,G-087|G-129,0.0000,495.7792,BBOX_CLEAR
PAIR-009374,G-087,G-130,G-087|G-130,0.0000,537.0634,BBOX_CLEAR
PAIR-009375,G-087,G-131,G-087|G-131,0.0000,578.3802,BBOX_CLEAR
PAIR-009376,G-087,G-132,G-087|G-132,0.0000,619.7229,BBOX_CLEAR
PAIR-009377,G-087,G-133,G-087|G-133,0.0000,661.0866,BBOX_CLEAR
PAIR-009378,G-087,G-134,G-087|G-134,0.0000,702.4678,BBOX_CLEAR
PAIR-009379,G-087,G-135,G-087|G-135,0.0000,743.8634,BBOX_CLEAR
PAIR-009380,G-087,P-001,G-087|P-001,0.0000,223.2595,BBOX_CLEAR
PAIR-009381,G-087,P-002,G-087|P-002,0.0000,596.4370,BBOX_CLEAR
PAIR-009382,G-087,P-003,G-087|P-003,0.0000,137.5196,BBOX_CLEAR
PAIR-009383,G-087,P-004,G-087|P-004,0.0000,613.8343,BBOX_CLEAR
PAIR-009384,G-087,P-005,G-087|P-005,0.0000,116.6062,BBOX_CLEAR
PAIR-009385,G-087,P-006,G-087|P-006,0.0000,52.6124,BBOX_CLEAR
PAIR-009386,G-087,P-007,G-087|P-007,0.0000,9.9499,BBOX_CLEAR
PAIR-009387,G-087,P-008,G-087|P-008,0.0000,361.8989,BBOX_CLEAR
PAIR-009388,G-087,P-009,G-087|P-009,0.0000,375.2126,BBOX_CLEAR
PAIR-009389,G-087,P-010,G-087|P-010,0.0000,484.2048,BBOX_CLEAR
PAIR-009390,G-087,P-011,G-087|P-011,0.0000,263.1704,BBOX_CLEAR
PAIR-009391,G-087,P-012,G-087|P-012,0.0000,361.3507,BBOX_CLEAR
PAIR-009392,G-087,P-013,G-087|P-013,0.0000,274.6585,BBOX_CLEAR
PAIR-009393,G-087,P-014,G-087|P-014,0.0000,321.5644,BBOX_CLEAR
PAIR-009394,G-087,P-015,G-087|P-015,0.0000,428.0374,BBOX_CLEAR
PAIR-009395,G-087,P-016,G-087|P-016,0.0000,506.8348,BBOX_CLEAR
PAIR-009396,G-087,P-017,G-087|P-017,0.0000,403.8014,BBOX_CLEAR
PAIR-009397,G-088,G-089,G-088|G-089,0.0000,1.8569,BBOX_WITHIN_8PX
PAIR-009398,G-088,G-090,G-088|G-090,0.0000,18.0495,BBOX_CLEAR
PAIR-009399,G-088,G-091,G-088|G-091,0.0000,47.3031,BBOX_CLEAR
PAIR-009400,G-088,G-092,G-088|G-092,0.0000,85.2642,BBOX_CLEAR
PAIR-009401,G-088,G-093,G-088|G-093,0.0000,109.9153,BBOX_CLEAR
PAIR-009402,G-088,G-094,G-088|G-094,0.0000,109.5320,BBOX_CLEAR
PAIR-009403,G-088,G-095,G-088|G-095,0.0000,126.3861,BBOX_CLEAR
PAIR-009404,G-088,G-096,G-088|G-096,0.0000,142.5787,BBOX_CLEAR
PAIR-009405,G-088,G-097,G-088|G-097,0.0000,162.5904,BBOX_CLEAR
PAIR-009406,G-088,G-098,G-088|G-098,0.0000,173.7802,BBOX_CLEAR
PAIR-009407,G-088,G-099,G-088|G-099,0.0000,193.7918,BBOX_CLEAR
PAIR-009408,G-088,G-100,G-088|G-100,0.0000,633.5944,BBOX_CLEAR
PAIR-009409,G-088,G-101,G-088|G-101,0.0000,603.9299,BBOX_CLEAR
PAIR-009410,G-088,G-102,G-088|G-102,0.0000,592.4885,BBOX_CLEAR
PAIR-009411,G-088,G-103,G-088|G-103,0.0000,571.9703,BBOX_CLEAR
PAIR-009412,G-088,G-104,G-088|G-104,0.0000,488.9968,BBOX_CLEAR
PAIR-009413,G-088,G-105,G-088|G-105,0.0000,447.5696,BBOX_CLEAR
PAIR-009414,G-088,G-106,G-088|G-106,0.0000,406.1596,BBOX_CLEAR
PAIR-009415,G-088,G-107,G-088|G-107,0.0000,364.7724,BBOX_CLEAR
PAIR-009416,G-088,G-108,G-088|G-108,0.0000,323.4170,BBOX_CLEAR
PAIR-009417,G-088,G-109,G-088|G-109,0.0000,282.1074,BBOX_CLEAR
PAIR-009418,G-088,G-110,G-088|G-110,0.0000,240.8670,BBOX_CLEAR
PAIR-009419,G-088,G-111,G-088|G-111,0.0000,199.7388,BBOX_CLEAR
PAIR-009420,G-088,G-112,G-088|G-112,0.0000,158.8099,BBOX_CLEAR
PAIR-009421,G-088,G-113,G-088|G-113,0.0000,118.2873,BBOX_CLEAR
PAIR-009422,G-088,G-114,G-088|G-114,0.0000,78.8007,BBOX_CLEAR
PAIR-009423,G-088,G-115,G-088|G-115,0.0000,43.2844,BBOX_CLEAR
PAIR-009424,G-088,G-116,G-088|G-116,0.0000,29.7164,BBOX_CLEAR
PAIR-009425,G-088,G-117,G-088|G-117,0.0000,29.7164,BBOX_CLEAR
PAIR-009426,G-088,G-118,G-088|G-118,0.0000,47.1083,BBOX_CLEAR
PAIR-009427,G-088,G-119,G-088|G-119,0.0000,83.5288,BBOX_CLEAR
PAIR-009428,G-088,G-120,G-088|G-120,0.0000,123.2123,BBOX_CLEAR
PAIR-009429,G-088,G-121,G-088|G-121,0.0000,163.8042,BBOX_CLEAR
PAIR-009430,G-088,G-122,G-088|G-122,0.0000,204.7649,BBOX_CLEAR
PAIR-009431,G-088,G-123,G-088|G-123,0.0000,245.9103,BBOX_CLEAR
PAIR-009432,G-088,G-124,G-088|G-124,0.0000,287.1609,BBOX_CLEAR
PAIR-009433,G-088,G-125,G-088|G-125,0.0000,328.4772,BBOX_CLEAR
PAIR-009434,G-088,G-126,G-088|G-126,0.0000,369.8371,BBOX_CLEAR
PAIR-009435,G-088,G-127,G-088|G-127,0.0000,411.2274,BBOX_CLEAR
PAIR-009436,G-088,G-128,G-088|G-128,0.0000,452.6398,BBOX_CLEAR
PAIR-009437,G-088,G-129,G-088|G-129,0.0000,494.0689,BBOX_CLEAR
PAIR-009438,G-088,G-130,G-088|G-130,0.0000,535.5105,BBOX_CLEAR
PAIR-009439,G-088,G-131,G-088|G-131,0.0000,576.9622,BBOX_CLEAR
PAIR-009440,G-088,G-132,G-088|G-132,0.0000,618.4218,BBOX_CLEAR
PAIR-009441,G-088,G-133,G-088|G-133,0.0000,659.8879,BBOX_CLEAR
PAIR-009442,G-088,G-134,G-088|G-134,0.0000,701.3593,BBOX_CLEAR
PAIR-009443,G-088,G-135,G-088|G-135,0.0000,742.8352,BBOX_CLEAR
PAIR-009444,G-088,P-001,G-088|P-001,0.0000,247.4053,BBOX_CLEAR
PAIR-009445,G-088,P-002,G-088|P-002,0.0000,605.9032,BBOX_CLEAR
PAIR-009446,G-088,P-003,G-088|P-003,0.0000,137.1364,BBOX_CLEAR
PAIR-009447,G-088,P-004,G-088|P-004,0.0000,637.3723,BBOX_CLEAR
PAIR-009448,G-088,P-005,G-088|P-005,0.0000,140.7520,BBOX_CLEAR
PAIR-009449,G-088,P-006,G-088|P-006,0.0000,76.7582,BBOX_CLEAR
PAIR-009450,G-088,P-007,G-088|P-007,0.0000,34.0956,BBOX_CLEAR
PAIR-009451,G-088,P-008,G-088|P-008,0.0000,384.8313,BBOX_CLEAR
PAIR-009452,G-088,P-009,G-088|P-009,0.0000,398.0161,BBOX_CLEAR
PAIR-009453,G-088,P-010,G-088|P-010,0.0000,506.3823,BBOX_CLEAR
PAIR-009454,G-088,P-011,G-088|P-011,0.0000,287.2723,BBOX_CLEAR
PAIR-009455,G-088,P-012,G-088|P-012,0.0000,383.3322,BBOX_CLEAR
PAIR-009456,G-088,P-013,G-088|P-013,0.0000,291.1445,BBOX_CLEAR
PAIR-009457,G-088,P-014,G-088|P-014,0.0000,335.5829,BBOX_CLEAR
PAIR-009458,G-088,P-015,G-088|P-015,0.0000,452.1832,BBOX_CLEAR
PAIR-009459,G-088,P-016,G-088|P-016,0.0000,528.8862,BBOX_CLEAR
PAIR-009460,G-088,P-017,G-088|P-017,0.0000,426.1073,BBOX_CLEAR
PAIR-009461,G-089,G-090,G-089|G-090,0.0000,0.0000,BBOX_WITHIN_8PX
PAIR-009462,G-089,G-091,G-089|G-091,0.0000,29.2536,BBOX_CLEAR
PAIR-009463,G-089,G-092,G-089|G-092,0.0000,67.2147,BBOX_CLEAR
PAIR-009464,G-089,G-093,G-089|G-093,0.0000,91.8658,BBOX_CLEAR
PAIR-009465,G-089,G-094,G-089|G-094,0.0000,91.4825,BBOX_CLEAR
PAIR-009466,G-089,G-095,G-089|G-095,0.0000,108.3366,BBOX_CLEAR
PAIR-009467,G-089,G-096,G-089|G-096,0.0000,124.5292,BBOX_CLEAR
PAIR-009468,G-089,G-097,G-089|G-097,0.0000,144.5409,BBOX_CLEAR
PAIR-009469,G-089,G-098,G-089|G-098,0.0000,155.7307,BBOX_CLEAR
PAIR-009470,G-089,G-099,G-089|G-099,0.0000,175.7423,BBOX_CLEAR
PAIR-009471,G-089,G-100,G-089|G-100,0.0000,650.6376,BBOX_CLEAR
PAIR-009472,G-089,G-101,G-089|G-101,0.0000,621.1485,BBOX_CLEAR
PAIR-009473,G-089,G-102,G-089|G-102,0.0000,609.7135,BBOX_CLEAR
PAIR-009474,G-089,G-103,G-089|G-103,0.0000,589.2074,BBOX_CLEAR
PAIR-009475,G-089,G-104,G-089|G-104,0.0000,506.2735,BBOX_CLEAR
PAIR-009476,G-089,G-105,G-089|G-105,0.0000,464.8809,BBOX_CLEAR
PAIR-009477,G-089,G-106,G-089|G-106,0.0000,423.5116,BBOX_CLEAR
PAIR-009478,G-089,G-107,G-089|G-107,0.0000,382.1729,BBOX_CLEAR
PAIR-009479,G-089,G-108,G-089|G-108,0.0000,340.8761,BBOX_CLEAR
PAIR-009480,G-089,G-109,G-089|G-109,0.0000,299.6386,BBOX_CLEAR
PAIR-009481,G-089,G-110,G-089|G-110,0.0000,258.4885,BBOX_CLEAR
PAIR-009482,G-089,G-111,G-089|G-111,0.0000,217.4758,BBOX_CLEAR
PAIR-009483,G-089,G-112,G-089|G-112,0.0000,176.6959,BBOX_CLEAR
PAIR-009484,G-089,G-113,G-089|G-113,0.0000,136.3580,BBOX_CLEAR
PAIR-009485,G-089,G-114,G-089|G-114,0.0000,97.0150,BBOX_CLEAR
PAIR-009486,G-089,G-115,G-089|G-115,0.0000,60.6352,BBOX_CLEAR
PAIR-009487,G-089,G-116,G-089|G-116,0.0000,37.2516,BBOX_CLEAR
PAIR-009488,G-089,G-117,G-089|G-117,0.0000,36.6229,BBOX_CLEAR
PAIR-009489,G-089,G-118,G-089|G-118,0.0000,41.0319,BBOX_CLEAR
PAIR-009490,G-089,G-119,G-089|G-119,0.0000,70.3064,BBOX_CLEAR
PAIR-009491,G-089,G-120,G-089|G-120,0.0000,107.9291,BBOX_CLEAR
PAIR-009492,G-089,G-121,G-089|G-121,0.0000,147.6506,BBOX_CLEAR
PAIR-009493,G-089,G-122,G-089|G-122,0.0000,188.1464,BBOX_CLEAR
PAIR-009494,G-089,G-123,G-089|G-123,0.0000,229.0061,BBOX_CLEAR
PAIR-009495,G-089,G-124,G-089|G-124,0.0000,270.0644,BBOX_CLEAR
PAIR-009496,G-089,G-125,G-089|G-125,0.0000,311.2429,BBOX_CLEAR
PAIR-009497,G-089,G-126,G-089|G-126,0.0000,352.4994,BBOX_CLEAR
PAIR-009498,G-089,G-127,G-089|G-127,0.0000,393.8094,BBOX_CLEAR
PAIR-009499,G-089,G-128,G-089|G-128,0.0000,435.1577,BBOX_CLEAR
PAIR-009500,G-089,G-129,G-089|G-129,0.0000,476.5342,BBOX_CLEAR
PAIR-009501,G-089,G-130,G-089|G-130,0.0000,517.9323,BBOX_CLEAR
PAIR-009502,G-089,G-131,G-089|G-131,0.0000,559.3471,BBOX_CLEAR
PAIR-009503,G-089,G-132,G-089|G-132,0.0000,600.7753,BBOX_CLEAR
PAIR-009504,G-089,G-133,G-089|G-133,0.0000,642.2140,BBOX_CLEAR
PAIR-009505,G-089,G-134,G-089|G-134,0.0000,683.6616,BBOX_CLEAR
PAIR-009506,G-089,G-135,G-089|G-135,0.0000,725.1165,BBOX_CLEAR
PAIR-009507,G-089,P-001,G-089|P-001,0.0000,229.0415,BBOX_CLEAR
PAIR-009508,G-089,P-002,G-089|P-002,0.0000,582.1342,BBOX_CLEAR
PAIR-009509,G-089,P-003,G-089|P-003,0.0000,153.9905,BBOX_CLEAR
PAIR-009510,G-089,P-004,G-089|P-004,0.0000,623.1578,BBOX_CLEAR
PAIR-009511,G-089,P-005,G-089|P-005,0.0000,122.3882,BBOX_CLEAR
PAIR-009512,G-089,P-006,G-089|P-006,0.0000,58.3944,BBOX_CLEAR
PAIR-009513,G-089,P-007,G-089|P-007,0.0000,15.7319,BBOX_CLEAR
PAIR-009514,G-089,P-008,G-089|P-008,0.0000,361.8723,BBOX_CLEAR
PAIR-009515,G-089,P-009,G-089|P-009,0.0000,374.8566,BBOX_CLEAR
PAIR-009516,G-089,P-010,G-089|P-010,0.0000,482.4255,BBOX_CLEAR
PAIR-009517,G-089,P-011,G-089|P-011,0.0000,268.1634,BBOX_CLEAR
PAIR-009518,G-089,P-012,G-089|P-012,0.0000,359.2482,BBOX_CLEAR
PAIR-009519,G-089,P-013,G-089|P-013,0.0000,265.4046,BBOX_CLEAR
PAIR-009520,G-089,P-014,G-089|P-014,0.0000,310.1842,BBOX_CLEAR
PAIR-009521,G-089,P-015,G-089|P-015,0.0000,433.8194,BBOX_CLEAR
PAIR-009522,G-089,P-016,G-089|P-016,0.0000,504.8009,BBOX_CLEAR
PAIR-009523,G-089,P-017,G-089|P-017,0.0000,402.3184,BBOX_CLEAR
PAIR-009524,G-090,G-091,G-090|G-091,0.0000,8.4782,BBOX_CLEAR
PAIR-009525,G-090,G-092,G-090|G-092,0.0000,46.4393,BBOX_CLEAR
PAIR-009526,G-090,G-093,G-090|G-093,0.0000,71.0903,BBOX_CLEAR
PAIR-009527,G-090,G-094,G-090|G-094,0.0000,70.7071,BBOX_CLEAR
PAIR-009528,G-090,G-095,G-090|G-095,0.0000,87.5612,BBOX_CLEAR
PAIR-009529,G-090,G-096,G-090|G-096,0.0000,103.7538,BBOX_CLEAR
PAIR-009530,G-090,G-097,G-090|G-097,0.0000,123.7655,BBOX_CLEAR
PAIR-009531,G-090,G-098,G-090|G-098,0.0000,134.9552,BBOX_CLEAR
PAIR-009532,G-090,G-099,G-090|G-099,0.0000,154.9669,BBOX_CLEAR
PAIR-009533,G-090,G-100,G-090|G-100,0.0000,666.8215,BBOX_CLEAR
PAIR-009534,G-090,G-101,G-090|G-101,0.0000,637.3113,BBOX_CLEAR
PAIR-009535,G-090,G-102,G-090|G-102,0.0000,625.8752,BBOX_CLEAR
PAIR-009536,G-090,G-103,G-090|G-103,0.0000,605.3668,BBOX_CLEAR
PAIR-009537,G-090,G-104,G-090|G-104,0.0000,522.4250,BBOX_CLEAR
PAIR-009538,G-090,G-105,G-090|G-105,0.0000,481.0249,BBOX_CLEAR
PAIR-009539,G-090,G-106,G-090|G-106,0.0000,439.6458,BBOX_CLEAR
PAIR-009540,G-090,G-107,G-090|G-107,0.0000,398.2940,BBOX_CLEAR
PAIR-009541,G-090,G-108,G-090|G-108,0.0000,356.9792,BBOX_CLEAR
PAIR-009542,G-090,G-109,G-090|G-109,0.0000,315.7160,BBOX_CLEAR
PAIR-009543,G-090,G-110,G-090|G-110,0.0000,274.5274,BBOX_CLEAR
PAIR-009544,G-090,G-111,G-090|G-111,0.0000,233.4531,BBOX_CLEAR
PAIR-009545,G-090,G-112,G-090|G-112,0.0000,192.5662,BBOX_CLEAR
PAIR-009546,G-090,G-113,G-090|G-113,0.0000,152.0179,BBOX_CLEAR
PAIR-009547,G-090,G-114,G-090|G-114,0.0000,112.1762,BBOX_CLEAR
PAIR-009548,G-090,G-115,G-090|G-115,0.0000,74.1881,BBOX_CLEAR
PAIR-009549,G-090,G-116,G-090|G-116,0.0000,43.2502,BBOX_CLEAR
PAIR-009550,G-090,G-117,G-090|G-117,0.0000,36.6229,BBOX_CLEAR
PAIR-009551,G-090,G-118,G-090|G-118,0.0000,36.6229,BBOX_CLEAR
PAIR-009552,G-090,G-119,G-090|G-119,0.0000,53.6745,BBOX_CLEAR
PAIR-009553,G-090,G-120,G-090|G-120,0.0000,88.6669,BBOX_CLEAR
PAIR-009554,G-090,G-121,G-090|G-121,0.0000,127.6285,BBOX_CLEAR
PAIR-009555,G-090,G-122,G-090|G-122,0.0000,167.8171,BBOX_CLEAR
PAIR-009556,G-090,G-123,G-090|G-123,0.0000,208.5245,BBOX_CLEAR
PAIR-009557,G-090,G-124,G-090|G-124,0.0000,249.4968,BBOX_CLEAR
PAIR-009558,G-090,G-125,G-090|G-125,0.0000,290.6221,BBOX_CLEAR
PAIR-009559,G-090,G-126,G-090|G-126,0.0000,331.8434,BBOX_CLEAR
PAIR-009560,G-090,G-127,G-090|G-127,0.0000,373.1290,BBOX_CLEAR
PAIR-009561,G-090,G-128,G-090|G-128,0.0000,414.4596,BBOX_CLEAR
PAIR-009562,G-090,G-129,G-090|G-129,0.0000,455.8230,BBOX_CLEAR
PAIR-009563,G-090,G-130,G-090|G-130,0.0000,497.2110,BBOX_CLEAR
PAIR-009564,G-090,G-131,G-090|G-131,0.0000,538.6180,BBOX_CLEAR
PAIR-009565,G-090,G-132,G-090|G-132,0.0000,580.0398,BBOX_CLEAR
PAIR-009566,G-090,G-133,G-090|G-133,0.0000,621.4735,BBOX_CLEAR
PAIR-009567,G-090,G-134,G-090|G-134,0.0000,662.9169,BBOX_CLEAR
PAIR-009568,G-090,G-135,G-090|G-135,0.0000,704.3683,BBOX_CLEAR
PAIR-009569,G-090,P-001,G-090|P-001,0.0000,229.0415,BBOX_CLEAR
PAIR-009570,G-090,P-002,G-090|P-002,0.0000,562.9815,BBOX_CLEAR
PAIR-009571,G-090,P-003,G-090|P-003,0.0000,170.1831,BBOX_CLEAR
PAIR-009572,G-090,P-004,G-090|P-004,0.0000,627.1685,BBOX_CLEAR
PAIR-009573,G-090,P-005,G-090|P-005,0.0000,122.3882,BBOX_CLEAR
PAIR-009574,G-090,P-006,G-090|P-006,0.0000,58.3944,BBOX_CLEAR
PAIR-009575,G-090,P-007,G-090|P-007,0.0000,15.7319,BBOX_CLEAR
PAIR-009576,G-090,P-008,G-090|P-008,0.0000,356.4660,BBOX_CLEAR
PAIR-009577,G-090,P-009,G-090|P-009,0.0000,369.0565,BBOX_CLEAR
PAIR-009578,G-090,P-010,G-090|P-010,0.0000,474.8806,BBOX_CLEAR
PAIR-009579,G-090,P-011,G-090|P-011,0.0000,268.1484,BBOX_CLEAR
PAIR-009580,G-090,P-012,G-090|P-012,0.0000,351.6261,BBOX_CLEAR
PAIR-009581,G-090,P-013,G-090|P-013,0.0000,250.8470,BBOX_CLEAR
PAIR-009582,G-090,P-014,G-090|P-014,0.0000,293.5521,BBOX_CLEAR
PAIR-009583,G-090,P-015,G-090|P-015,0.0000,433.8194,BBOX_CLEAR
PAIR-009584,G-090,P-016,G-090|P-016,0.0000,496.9546,BBOX_CLEAR
PAIR-009585,G-090,P-017,G-090|P-017,0.0000,395.2415,BBOX_CLEAR
PAIR-009586,G-091,G-092,G-091|G-092,0.0000,8.4783,BBOX_CLEAR
PAIR-009587,G-091,G-093,G-091|G-093,0.0000,33.1294,BBOX_CLEAR
PAIR-009588,G-091,G-094,G-091|G-094,0.0000,32.7461,BBOX_CLEAR
PAIR-009589,G-091,G-095,G-091|G-095,0.0000,49.6002,BBOX_CLEAR
PAIR-009590,G-091,G-096,G-091|G-096,0.0000,65.7928,BBOX_CLEAR
PAIR-009591,G-091,G-097,G-091|G-097,0.0000,85.8045,BBOX_CLEAR
PAIR-009592,G-091,G-098,G-091|G-098,0.0000,96.9943,BBOX_CLEAR
PAIR-009593,G-091,G-099,G-091|G-099,0.0000,117.0059,BBOX_CLEAR
PAIR-009594,G-091,G-100,G-091|G-100,0.0000,696.0603,BBOX_CLEAR
PAIR-009595,G-091,G-101,G-091|G-101,0.0000,666.5146,BBOX_CLEAR
PAIR-009596,G-091,G-102,G-091|G-102,0.0000,655.0767,BBOX_CLEAR
PAIR-009597,G-091,G-103,G-091|G-103,0.0000,634.5649,BBOX_CLEAR
PAIR-009598,G-091,G-104,G-091|G-104,0.0000,551.6105,BBOX_CLEAR
PAIR-009599,G-091,G-105,G-091|G-105,0.0000,510.1985,BBOX_CLEAR
PAIR-009600,G-091,G-106,G-091|G-106,0.0000,468.8041,BBOX_CLEAR
PAIR-009601,G-091,G-107,G-091|G-107,0.0000,427.4322,BBOX_CLEAR
PAIR-009602,G-091,G-108,G-091|G-108,0.0000,386.0902,BBOX_CLEAR
PAIR-009603,G-091,G-109,G-091|G-109,0.0000,344.7888,BBOX_CLEAR
PAIR-009604,G-091,G-110,G-091|G-110,0.0000,303.5446,BBOX_CLEAR
PAIR-009605,G-091,G-111,G-091|G-111,0.0000,262.3846,BBOX_CLEAR
PAIR-009606,G-091,G-112,G-091|G-112,0.0000,221.3558,BBOX_CLEAR
PAIR-009607,G-091,G-113,G-091|G-113,0.0000,180.5475,BBOX_CLEAR
PAIR-009608,G-091,G-114,G-091|G-114,0.0000,140.1526,BBOX_CLEAR
PAIR-009609,G-091,G-115,G-091|G-115,0.0000,100.6700,BBOX_CLEAR
PAIR-009610,G-091,G-116,G-091|G-116,0.0000,63.8158,BBOX_CLEAR
PAIR-009611,G-091,G-117,G-091|G-117,0.0000,38.1681,BBOX_CLEAR
PAIR-009612,G-091,G-118,G-091|G-118,0.0000,36.6229,BBOX_CLEAR
PAIR-009613,G-091,G-119,G-091|G-119,0.0000,36.6452,BBOX_CLEAR
PAIR-009614,G-091,G-120,G-091|G-120,0.0000,56.3219,BBOX_CLEAR
PAIR-009615,G-091,G-121,G-091|G-121,0.0000,91.9117,BBOX_CLEAR
PAIR-009616,G-091,G-122,G-091|G-122,0.0000,131.0332,BBOX_CLEAR
PAIR-009617,G-091,G-123,G-091|G-123,0.0000,171.2834,BBOX_CLEAR
PAIR-009618,G-091,G-124,G-091|G-124,0.0000,212.0202,BBOX_CLEAR
PAIR-009619,G-091,G-125,G-091|G-125,0.0000,253.0089,BBOX_CLEAR
PAIR-009620,G-091,G-126,G-091|G-126,0.0000,294.1442,BBOX_CLEAR
PAIR-009621,G-091,G-127,G-091|G-127,0.0000,335.3720,BBOX_CLEAR
PAIR-009622,G-091,G-128,G-091|G-128,0.0000,376.6621,BBOX_CLEAR
PAIR-009623,G-091,G-129,G-091|G-129,0.0000,417.9959,BBOX_CLEAR
PAIR-009624,G-091,G-130,G-091|G-130,0.0000,459.3617,BBOX_CLEAR
PAIR-009625,G-091,G-131,G-091|G-131,0.0000,500.7515,BBOX_CLEAR
PAIR-009626,G-091,G-132,G-091|G-132,0.0000,542.1599,BBOX_CLEAR
PAIR-009627,G-091,G-133,G-091|G-133,0.0000,583.5828,BBOX_CLEAR
PAIR-009628,G-091,G-134,G-091|G-134,0.0000,625.0175,BBOX_CLEAR
PAIR-009629,G-091,G-135,G-091|G-135,0.0000,666.4616,BBOX_CLEAR
PAIR-009630,G-091,P-001,G-091|P-001,0.0000,229.0415,BBOX_CLEAR
PAIR-009631,G-091,P-002,G-091|P-002,0.0000,528.3025,BBOX_CLEAR
PAIR-009632,G-091,P-003,G-091|P-003,0.0000,199.4367,BBOX_CLEAR
PAIR-009633,G-091,P-004,G-091|P-004,0.0000,635.3971,BBOX_CLEAR
PAIR-009634,G-091,P-005,G-091|P-005,0.0000,124.2920,BBOX_CLEAR
PAIR-009635,G-091,P-006,G-091|P-006,0.0000,58.3944,BBOX_CLEAR
PAIR-009636,G-091,P-007,G-091|P-007,0.0000,15.7319,BBOX_CLEAR
PAIR-009637,G-091,P-008,G-091|P-008,0.0000,349.5735,BBOX_CLEAR
PAIR-009638,G-091,P-009,G-091|P-009,0.0000,361.3149,BBOX_CLEAR
PAIR-009639,G-091,P-010,G-091|P-010,0.0000,463.1888,BBOX_CLEAR
PAIR-009640,G-091,P-011,G-091|P-011,0.0000,268.1484,BBOX_CLEAR
PAIR-009641,G-091,P-012,G-091|P-012,0.0000,340.5438,BBOX_CLEAR
PAIR-009642,G-091,P-013,G-091|P-013,0.0000,226.7637,BBOX_CLEAR
PAIR-009643,G-091,P-014,G-091|P-014,0.0000,264.6788,BBOX_CLEAR
PAIR-009644,G-091,P-015,G-091|P-015,0.0000,433.8194,BBOX_CLEAR
PAIR-009645,G-091,P-016,G-091|P-016,0.0000,484.5943,BBOX_CLEAR
PAIR-009646,G-091,P-017,G-091|P-017,0.0000,384.8797,BBOX_CLEAR
PAIR-009647,G-092,G-093,G-092|G-093,0.0000,0.4003,BBOX_WITHIN_8PX
PAIR-009648,G-092,G-094,G-092|G-094,0.0000,0.0170,BBOX_WITHIN_8PX
PAIR-009649,G-092,G-095,G-092|G-095,0.0000,16.8711,BBOX_CLEAR
PAIR-009650,G-092,G-096,G-092|G-096,0.0000,33.0637,BBOX_CLEAR
PAIR-009651,G-092,G-097,G-092|G-097,0.0000,53.0754,BBOX_CLEAR
PAIR-009652,G-092,G-098,G-092|G-098,0.0000,64.2652,BBOX_CLEAR
PAIR-009653,G-092,G-099,G-092|G-099,0.0000,84.2768,BBOX_CLEAR
PAIR-009654,G-092,G-100,G-092|G-100,0.0000,734.0039,BBOX_CLEAR
PAIR-009655,G-092,G-101,G-092|G-101,0.0000,704.4166,BBOX_CLEAR
PAIR-009656,G-092,G-102,G-092|G-102,0.0000,692.9767,BBOX_CLEAR
PAIR-009657,G-092,G-103,G-092|G-103,0.0000,672.4610,BBOX_CLEAR
PAIR-009658,G-092,G-104,G-092|G-104,0.0000,589.4932,BBOX_CLEAR
PAIR-009659,G-092,G-105,G-092|G-105,0.0000,548.0684,BBOX_CLEAR
PAIR-009660,G-092,G-106,G-092|G-106,0.0000,506.6578,BBOX_CLEAR
PAIR-009661,G-092,G-107,G-092|G-107,0.0000,465.2650,BBOX_CLEAR
PAIR-009662,G-092,G-108,G-092|G-108,0.0000,423.8954,BBOX_CLEAR
PAIR-009663,G-092,G-109,G-092|G-109,0.0000,382.5564,BBOX_CLEAR
PAIR-009664,G-092,G-110,G-092|G-110,0.0000,341.2592,BBOX_CLEAR
PAIR-009665,G-092,G-111,G-092|G-111,0.0000,300.0209,BBOX_CLEAR
PAIR-009666,G-092,G-112,G-092|G-112,0.0000,258.8699,BBOX_CLEAR
PAIR-009667,G-092,G-113,G-092|G-113,0.0000,217.8556,BBOX_CLEAR
PAIR-009668,G-092,G-114,G-092|G-114,0.0000,177.0728,BBOX_CLEAR
PAIR-009669,G-092,G-115,G-092|G-115,0.0000,136.7292,BBOX_CLEAR
PAIR-009670,G-092,G-116,G-092|G-116,0.0000,97.3719,BBOX_CLEAR
PAIR-009671,G-092,G-117,G-092|G-117,0.0000,60.9427,BBOX_CLEAR
PAIR-009672,G-092,G-118,G-092|G-118,0.0000,37.3240,BBOX_CLEAR
PAIR-009673,G-092,G-119,G-092|G-119,0.0000,36.6229,BBOX_CLEAR
PAIR-009674,G-092,G-120,G-092|G-120,0.0000,37.9795,BBOX_CLEAR
PAIR-009675,G-092,G-121,G-092|G-121,0.0000,63.2520,BBOX_CLEAR
PAIR-009676,G-092,G-122,G-092|G-122,0.0000,100.0276,BBOX_CLEAR
PAIR-009677,G-092,G-123,G-092|G-123,0.0000,139.4868,BBOX_CLEAR
PAIR-009678,G-092,G-124,G-092|G-124,0.0000,179.8720,BBOX_CLEAR
PAIR-009679,G-092,G-125,G-092|G-125,0.0000,220.6754,BBOX_CLEAR
PAIR-009680,G-092,G-126,G-092|G-126,0.0000,261.7015,BBOX_CLEAR
PAIR-009681,G-092,G-127,G-092|G-127,0.0000,302.8597,BBOX_CLEAR
PAIR-009682,G-092,G-128,G-092|G-128,0.0000,344.1028,BBOX_CLEAR
PAIR-009683,G-092,G-129,G-092|G-129,0.0000,385.4034,BBOX_CLEAR
PAIR-009684,G-092,G-130,G-092|G-130,0.0000,426.7448,BBOX_CLEAR
PAIR-009685,G-092,G-131,G-092|G-131,0.0000,468.1162,BBOX_CLEAR
PAIR-009686,G-092,G-132,G-092|G-132,0.0000,509.5104,BBOX_CLEAR
PAIR-009687,G-092,G-133,G-092|G-133,0.0000,550.9221,BBOX_CLEAR
PAIR-009688,G-092,G-134,G-092|G-134,0.0000,592.3477,BBOX_CLEAR
PAIR-009689,G-092,G-135,G-092|G-135,0.0000,633.7845,BBOX_CLEAR
PAIR-009690,G-092,P-001,G-092|P-001,0.0000,229.0415,BBOX_CLEAR
PAIR-009691,G-092,P-002,G-092|P-002,0.0000,498.7870,BBOX_CLEAR
PAIR-009692,G-092,P-003,G-092|P-003,0.0000,237.3978,BBOX_CLEAR
PAIR-009693,G-092,P-004,G-092|P-004,0.0000,647.8909,BBOX_CLEAR
PAIR-009694,G-092,P-005,G-092|P-005,0.0000,136.1427,BBOX_CLEAR
PAIR-009695,G-092,P-006,G-092|P-006,0.0000,58.3944,BBOX_CLEAR
PAIR-009696,G-092,P-007,G-092|P-007,0.0000,15.7319,BBOX_CLEAR
PAIR-009697,G-092,P-008,G-092|P-008,0.0000,346.8711,BBOX_CLEAR
PAIR-009698,G-092,P-009,G-092|P-009,0.0000,357.7528,BBOX_CLEAR
PAIR-009699,G-092,P-010,G-092|P-010,0.0000,455.4133,BBOX_CLEAR
PAIR-009700,G-092,P-011,G-092|P-011,0.0000,268.1484,BBOX_CLEAR
PAIR-009701,G-092,P-012,G-092|P-012,0.0000,334.1707,BBOX_CLEAR
PAIR-009702,G-092,P-013,G-092|P-013,0.0000,209.3281,BBOX_CLEAR
PAIR-009703,G-092,P-014,G-092|P-014,0.0000,241.8096,BBOX_CLEAR
PAIR-009704,G-092,P-015,G-092|P-015,0.0000,433.8194,BBOX_CLEAR
PAIR-009705,G-092,P-016,G-092|P-016,0.0000,476.1146,BBOX_CLEAR
PAIR-009706,G-092,P-017,G-092|P-017,0.0000,378.7830,BBOX_CLEAR
PAIR-009707,G-093,G-094,G-093|G-094,36.0923,0.0000,BBOX_INTERSECTION
PAIR-009708,G-093,G-095,G-093|G-095,0.0000,1.5271,BBOX_WITHIN_8PX
PAIR-009709,G-093,G-096,G-093|G-096,0.0000,17.7197,BBOX_CLEAR
PAIR-009710,G-093,G-097,G-093|G-097,0.0000,37.7314,BBOX_CLEAR
PAIR-009711,G-093,G-098,G-093|G-098,0.0000,48.9212,BBOX_CLEAR
PAIR-009712,G-093,G-099,G-093|G-099,0.0000,68.9328,BBOX_CLEAR
PAIR-009713,G-093,G-100,G-093|G-100,0.0000,759.3327,BBOX_CLEAR
PAIR-009714,G-093,G-101,G-093|G-101,0.0000,730.1390,BBOX_CLEAR
PAIR-009715,G-093,G-102,G-093|G-102,0.0000,718.7155,BBOX_CLEAR
PAIR-009716,G-093,G-103,G-093|G-103,0.0000,698.2306,BBOX_CLEAR
PAIR-009717,G-093,G-104,G-093|G-104,0.0000,615.3674,BBOX_CLEAR
PAIR-009718,G-093,G-105,G-093|G-105,0.0000,574.0271,BBOX_CLEAR
PAIR-009719,G-093,G-106,G-093|G-106,0.0000,532.7135,BBOX_CLEAR
PAIR-009720,G-093,G-107,G-093|G-107,0.0000,491.4331,BBOX_CLEAR
PAIR-009721,G-093,G-108,G-093|G-108,0.0000,450.1952,BBOX_CLEAR
PAIR-009722,G-093,G-109,G-093|G-109,0.0000,409.0125,BBOX_CLEAR
PAIR-009723,G-093,G-110,G-093|G-110,0.0000,367.9036,BBOX_CLEAR
PAIR-009724,G-093,G-111,G-093|G-111,0.0000,326.8963,BBOX_CLEAR
PAIR-009725,G-093,G-112,G-093|G-112,0.0000,286.0344,BBOX_CLEAR
PAIR-009726,G-093,G-113,G-093|G-113,0.0000,245.3906,BBOX_CLEAR
PAIR-009727,G-093,G-114,G-093|G-114,0.0000,205.0943,BBOX_CLEAR
PAIR-009728,G-093,G-115,G-093|G-115,0.0000,165.4001,BBOX_CLEAR
PAIR-009729,G-093,G-116,G-093|G-116,0.0000,126.8739,BBOX_CLEAR
PAIR-009730,G-093,G-117,G-093|G-117,0.0000,91.0118,BBOX_CLEAR
PAIR-009731,G-093,G-118,G-093|G-118,0.0000,62.5750,BBOX_CLEAR
PAIR-009732,G-093,G-119,G-093|G-119,0.0000,53.8622,BBOX_CLEAR
PAIR-009733,G-093,G-120,G-093|G-120,0.0000,53.8622,BBOX_CLEAR
PAIR-009734,G-093,G-121,G-093|G-121,0.0000,64.9118,BBOX_CLEAR
PAIR-009735,G-093,G-122,G-093|G-122,0.0000,94.5746,BBOX_CLEAR
PAIR-009736,G-093,G-123,G-093|G-123,0.0000,130.8492,BBOX_CLEAR
PAIR-009737,G-093,G-124,G-093|G-124,0.0000,169.5434,BBOX_CLEAR
PAIR-009738,G-093,G-125,G-093|G-125,0.0000,209.3198,BBOX_CLEAR
PAIR-009739,G-093,G-126,G-093|G-126,0.0000,249.6616,BBOX_CLEAR
PAIR-009740,G-093,G-127,G-093|G-127,0.0000,290.3332,BBOX_CLEAR
PAIR-009741,G-093,G-128,G-093|G-128,0.0000,331.2132,BBOX_CLEAR
PAIR-009742,G-093,G-129,G-093|G-129,0.0000,372.2329,BBOX_CLEAR
PAIR-009743,G-093,G-130,G-093|G-130,0.0000,413.3507,BBOX_CLEAR
PAIR-009744,G-093,G-131,G-093|G-131,0.0000,454.5400,BBOX_CLEAR
PAIR-009745,G-093,G-132,G-093|G-132,0.0000,495.7830,BBOX_CLEAR
PAIR-009746,G-093,G-133,G-093|G-133,0.0000,537.0672,BBOX_CLEAR
PAIR-009747,G-093,G-134,G-093|G-134,0.0000,578.3839,BBOX_CLEAR
PAIR-009748,G-093,G-135,G-093|G-135,0.0000,619.7266,BBOX_CLEAR
PAIR-009749,G-093,P-001,G-093|P-001,0.0000,223.2595,BBOX_CLEAR
PAIR-009750,G-093,P-002,G-093|P-002,0.0000,482.4752,BBOX_CLEAR
PAIR-009751,G-093,P-003,G-093|P-003,0.0000,262.0489,BBOX_CLEAR
PAIR-009752,G-093,P-004,G-093|P-004,0.0000,651.7265,BBOX_CLEAR
PAIR-009753,G-093,P-005,G-093|P-005,0.0000,143.8772,BBOX_CLEAR
PAIR-009754,G-093,P-006,G-093|P-006,0.0000,52.6124,BBOX_CLEAR
PAIR-009755,G-093,P-007,G-093|P-007,0.0000,9.9499,BBOX_CLEAR
PAIR-009756,G-093,P-008,G-093|P-008,0.0000,340.8679,BBOX_CLEAR
PAIR-009757,G-093,P-009,G-093|P-009,0.0000,351.3241,BBOX_CLEAR
PAIR-009758,G-093,P-010,G-093|P-010,0.0000,446.8420,BBOX_CLEAR
PAIR-009759,G-093,P-011,G-093|P-011,0.0000,262.3664,BBOX_CLEAR
PAIR-009760,G-093,P-012,G-093|P-012,0.0000,326.5015,BBOX_CLEAR
PAIR-009761,G-093,P-013,G-093|P-013,0.0000,197.2226,BBOX_CLEAR
PAIR-009762,G-093,P-014,G-093|P-014,0.0000,227.4249,BBOX_CLEAR
PAIR-009763,G-093,P-015,G-093|P-015,0.0000,428.0374,BBOX_CLEAR
PAIR-009764,G-093,P-016,G-093|P-016,0.0000,467.1990,BBOX_CLEAR
PAIR-009765,G-093,P-017,G-093|P-017,0.0000,371.1209,BBOX_CLEAR
PAIR-009766,G-094,G-095,G-094|G-095,0.0000,1.9104,BBOX_WITHIN_8PX
PAIR-009767,G-094,G-096,G-094|G-096,0.0000,18.1030,BBOX_CLEAR
PAIR-009768,G-094,G-097,G-094|G-097,0.0000,38.1147,BBOX_CLEAR
PAIR-009769,G-094,G-098,G-094|G-098,0.0000,49.3044,BBOX_CLEAR
PAIR-009770,G-094,G-099,G-094|G-099,0.0000,69.3161,BBOX_CLEAR
PAIR-009771,G-094,G-100,G-094|G-100,0.0000,758.0933,BBOX_CLEAR
PAIR-009772,G-094,G-101,G-094|G-101,0.0000,728.3159,BBOX_CLEAR
PAIR-009773,G-094,G-102,G-094|G-102,0.0000,716.8695,BBOX_CLEAR
PAIR-009774,G-094,G-103,G-094|G-103,0.0000,696.3416,BBOX_CLEAR
PAIR-009775,G-094,G-104,G-094|G-104,0.0000,613.3374,BBOX_CLEAR
PAIR-009776,G-094,G-105,G-094|G-105,0.0000,571.8783,BBOX_CLEAR
PAIR-009777,G-094,G-106,G-094|G-106,0.0000,530.4273,BBOX_CLEAR
PAIR-009778,G-094,G-107,G-094|G-107,0.0000,488.9865,BBOX_CLEAR
PAIR-009779,G-094,G-108,G-094|G-108,0.0000,447.5586,BBOX_CLEAR
PAIR-009780,G-094,G-109,G-094|G-109,0.0000,406.1479,BBOX_CLEAR
PAIR-009781,G-094,G-110,G-094|G-110,0.0000,364.7598,BBOX_CLEAR
PAIR-009782,G-094,G-111,G-094|G-111,0.0000,323.4033,BBOX_CLEAR
PAIR-009783,G-094,G-112,G-094|G-112,0.0000,282.0922,BBOX_CLEAR
PAIR-009784,G-094,G-113,G-094|G-113,0.0000,240.8499,BBOX_CLEAR
PAIR-009785,G-094,G-114,G-094|G-114,0.0000,199.7189,BBOX_CLEAR
PAIR-009786,G-094,G-115,G-094|G-115,0.0000,158.7859,BBOX_CLEAR
PAIR-009787,G-094,G-116,G-094|G-116,0.0000,118.2565,BBOX_CLEAR
PAIR-009788,G-094,G-117,G-094|G-117,0.0000,78.7564,BBOX_CLEAR
PAIR-009789,G-094,G-118,G-094|G-118,0.0000,43.2073,BBOX_CLEAR
PAIR-009790,G-094,G-119,G-094|G-119,0.0000,29.6081,BBOX_CLEAR
PAIR-009791,G-094,G-120,G-094|G-120,0.0000,29.6081,BBOX_CLEAR
PAIR-009792,G-094,G-121,G-094|G-121,0.0000,47.0846,BBOX_CLEAR
PAIR-009793,G-094,G-122,G-094|G-122,0.0000,83.5440,BBOX_CLEAR
PAIR-009794,G-094,G-123,G-094|G-123,0.0000,123.2419,BBOX_CLEAR
PAIR-009795,G-094,G-124,G-094|G-124,0.0000,163.8409,BBOX_CLEAR
PAIR-009796,G-094,G-125,G-094|G-125,0.0000,204.8060,BBOX_CLEAR
PAIR-009797,G-094,G-126,G-094|G-126,0.0000,245.9542,BBOX_CLEAR
PAIR-009798,G-094,G-127,G-094|G-127,0.0000,287.2068,BBOX_CLEAR
PAIR-009799,G-094,G-128,G-094|G-128,0.0000,328.5245,BBOX_CLEAR
PAIR-009800,G-094,G-129,G-094|G-129,0.0000,369.8855,BBOX_CLEAR
PAIR-009801,G-094,G-130,G-094|G-130,0.0000,411.2768,BBOX_CLEAR
PAIR-009802,G-094,G-131,G-094|G-131,0.0000,452.6900,BBOX_CLEAR
PAIR-009803,G-094,G-132,G-094|G-132,0.0000,494.1196,BBOX_CLEAR
PAIR-009804,G-094,G-133,G-094|G-133,0.0000,535.5618,BBOX_CLEAR
PAIR-009805,G-094,G-134,G-094|G-134,0.0000,577.0139,BBOX_CLEAR
PAIR-009806,G-094,G-135,G-094|G-135,0.0000,618.4739,BBOX_CLEAR
PAIR-009807,G-094,P-001,G-094|P-001,0.0000,247.5137,BBOX_CLEAR
PAIR-009808,G-094,P-002,G-094|P-002,0.0000,494.1459,BBOX_CLEAR
PAIR-009809,G-094,P-003,G-094|P-003,0.0000,261.6657,BBOX_CLEAR
PAIR-009810,G-094,P-004,G-094|P-004,0.0000,673.9720,BBOX_CLEAR
PAIR-009811,G-094,P-005,G-094|P-005,0.0000,163.9537,BBOX_CLEAR
PAIR-009812,G-094,P-006,G-094|P-006,0.0000,76.8665,BBOX_CLEAR
PAIR-009813,G-094,P-007,G-094|P-007,0.0000,34.2040,BBOX_CLEAR
PAIR-009814,G-094,P-008,G-094|P-008,0.0000,365.1220,BBOX_CLEAR
PAIR-009815,G-094,P-009,G-094|P-009,0.0000,375.5810,BBOX_CLEAR
PAIR-009816,G-094,P-010,G-094|P-010,0.0000,470.8114,BBOX_CLEAR
PAIR-009817,G-094,P-011,G-094|P-011,0.0000,286.6205,BBOX_CLEAR
PAIR-009818,G-094,P-012,G-094|P-012,0.0000,350.6703,BBOX_CLEAR
PAIR-009819,G-094,P-013,G-094|P-013,0.0000,219.5345,BBOX_CLEAR
PAIR-009820,G-094,P-014,G-094|P-014,0.0000,246.8014,BBOX_CLEAR
PAIR-009821,G-094,P-015,G-094|P-015,0.0000,452.2915,BBOX_CLEAR
PAIR-009822,G-094,P-016,G-094|P-016,0.0000,491.0666,BBOX_CLEAR
PAIR-009823,G-094,P-017,G-094|P-017,0.0000,395.2846,BBOX_CLEAR
PAIR-009824,G-095,G-096,G-095|G-096,0.0000,0.0000,BBOX_WITHIN_8PX
PAIR-009825,G-095,G-097,G-095|G-097,0.0000,20.0117,BBOX_CLEAR
PAIR-009826,G-095,G-098,G-095|G-098,0.0000,31.2014,BBOX_CLEAR
PAIR-009827,G-095,G-099,G-095|G-099,0.0000,51.2131,BBOX_CLEAR
PAIR-009828,G-095,G-100,G-095|G-100,0.0000,775.1088,BBOX_CLEAR
PAIR-009829,G-095,G-101,G-095|G-101,0.0000,745.4814,BBOX_CLEAR
PAIR-009830,G-095,G-102,G-095|G-102,0.0000,734.0396,BBOX_CLEAR
PAIR-009831,G-095,G-103,G-095|G-103,0.0000,713.5203,BBOX_CLEAR
PAIR-009832,G-095,G-104,G-095|G-104,0.0000,630.5409,BBOX_CLEAR
PAIR-009833,G-095,G-105,G-095|G-105,0.0000,589.1048,BBOX_CLEAR
PAIR-009834,G-095,G-106,G-095|G-106,0.0000,547.6802,BBOX_CLEAR
PAIR-009835,G-095,G-107,G-095|G-107,0.0000,506.2697,BBOX_CLEAR
PAIR-009836,G-095,G-108,G-095|G-108,0.0000,464.8771,BBOX_CLEAR
PAIR-009837,G-095,G-109,G-095|G-109,0.0000,423.5078,BBOX_CLEAR
PAIR-009838,G-095,G-110,G-095|G-110,0.0000,382.1691,BBOX_CLEAR
PAIR-009839,G-095,G-111,G-095|G-111,0.0000,340.8723,BBOX_CLEAR
PAIR-009840,G-095,G-112,G-095|G-112,0.0000,299.6348,BBOX_CLEAR
PAIR-009841,G-095,G-113,G-095|G-113,0.0000,258.4847,BBOX_CLEAR
PAIR-009842,G-095,G-114,G-095|G-114,0.0000,217.4720,BBOX_CLEAR
PAIR-009843,G-095,G-115,G-095|G-115,0.0000,176.6922,BBOX_CLEAR
PAIR-009844,G-095,G-116,G-095|G-116,0.0000,136.3543,BBOX_CLEAR
PAIR-009845,G-095,G-117,G-095|G-117,0.0000,97.0114,BBOX_CLEAR
PAIR-009846,G-095,G-118,G-095|G-118,0.0000,60.6322,BBOX_CLEAR
PAIR-009847,G-095,G-119,G-095|G-119,0.0000,37.2509,BBOX_CLEAR
PAIR-009848,G-095,G-120,G-095|G-120,0.0000,36.6229,BBOX_CLEAR
PAIR-009849,G-095,G-121,G-095|G-121,0.0000,41.0337,BBOX_CLEAR
PAIR-009850,G-095,G-122,G-095|G-122,0.0000,70.3097,BBOX_CLEAR
PAIR-009851,G-095,G-123,G-095|G-123,0.0000,107.9327,BBOX_CLEAR
PAIR-009852,G-095,G-124,G-095|G-124,0.0000,147.6544,BBOX_CLEAR
PAIR-009853,G-095,G-125,G-095|G-125,0.0000,188.1502,BBOX_CLEAR
PAIR-009854,G-095,G-126,G-095|G-126,0.0000,229.0098,BBOX_CLEAR
PAIR-009855,G-095,G-127,G-095|G-127,0.0000,270.0682,BBOX_CLEAR
PAIR-009856,G-095,G-128,G-095|G-128,0.0000,311.2467,BBOX_CLEAR
PAIR-009857,G-095,G-129,G-095|G-129,0.0000,352.5032,BBOX_CLEAR
PAIR-009858,G-095,G-130,G-095|G-130,0.0000,393.8132,BBOX_CLEAR
PAIR-009859,G-095,G-131,G-095|G-131,0.0000,435.1615,BBOX_CLEAR
PAIR-009860,G-095,G-132,G-095|G-132,0.0000,476.5381,BBOX_CLEAR
PAIR-009861,G-095,G-133,G-095|G-133,0.0000,517.9361,BBOX_CLEAR
PAIR-009862,G-095,G-134,G-095|G-134,0.0000,559.3510,BBOX_CLEAR
PAIR-009863,G-095,G-135,G-095|G-135,0.0000,600.7791,BBOX_CLEAR
PAIR-009864,G-095,P-001,G-095|P-001,0.0000,229.0415,BBOX_CLEAR
PAIR-009865,G-095,P-002,G-095|P-002,0.0000,469.4025,BBOX_CLEAR
PAIR-009866,G-095,P-003,G-095|P-003,0.0000,278.5198,BBOX_CLEAR
PAIR-009867,G-095,P-004,G-095|P-004,0.0000,663.6134,BBOX_CLEAR
PAIR-009868,G-095,P-005,G-095|P-005,0.0000,158.5251,BBOX_CLEAR
PAIR-009869,G-095,P-006,G-095|P-006,0.0000,58.3944,BBOX_CLEAR
PAIR-009870,G-095,P-007,G-095|P-007,0.0000,15.7319,BBOX_CLEAR
PAIR-009871,G-095,P-008,G-095|P-008,0.0000,346.6499,BBOX_CLEAR
PAIR-009872,G-095,P-009,G-095|P-009,0.0000,357.0278,BBOX_CLEAR
PAIR-009873,G-095,P-010,G-095|P-010,0.0000,449.8456,BBOX_CLEAR
PAIR-009874,G-095,P-011,G-095|P-011,0.0000,268.1484,BBOX_CLEAR
PAIR-009875,G-095,P-012,G-095|P-012,0.0000,330.9101,BBOX_CLEAR
PAIR-009876,G-095,P-013,G-095|P-013,0.0000,195.7354,BBOX_CLEAR
PAIR-009877,G-095,P-014,G-095|P-014,0.0000,221.2372,BBOX_CLEAR
PAIR-009878,G-095,P-015,G-095|P-015,0.0000,433.8194,BBOX_CLEAR
PAIR-009879,G-095,P-016,G-095|P-016,0.0000,469.7134,BBOX_CLEAR
PAIR-009880,G-095,P-017,G-095|P-017,0.0000,375.4311,BBOX_CLEAR
PAIR-009881,G-096,G-097,G-096|G-097,0.0000,0.0000,BBOX_WITHIN_8PX
PAIR-009882,G-096,G-098,G-096|G-098,0.0000,11.1898,BBOX_CLEAR
PAIR-009883,G-096,G-099,G-096|G-099,0.0000,31.2014,BBOX_CLEAR
PAIR-009884,G-096,G-100,G-096|G-100,0.0000,791.2952,BBOX_CLEAR
PAIR-009885,G-096,G-101,G-096|G-101,0.0000,761.6532,BBOX_CLEAR
PAIR-009886,G-096,G-102,G-096|G-102,0.0000,750.2107,BBOX_CLEAR
PAIR-009887,G-096,G-103,G-096|G-103,0.0000,729.6902,BBOX_CLEAR
PAIR-009888,G-096,G-104,G-096|G-104,0.0000,646.7068,BBOX_CLEAR
PAIR-009889,G-096,G-105,G-096|G-105,0.0000,605.2670,BBOX_CLEAR
PAIR-009890,G-096,G-106,G-096|G-106,0.0000,563.8376,BBOX_CLEAR
PAIR-009891,G-096,G-107,G-096|G-107,0.0000,522.4212,BBOX_CLEAR
PAIR-009892,G-096,G-108,G-096|G-108,0.0000,481.0211,BBOX_CLEAR
PAIR-009893,G-096,G-109,G-096|G-109,0.0000,439.6419,BBOX_CLEAR
PAIR-009894,G-096,G-110,G-096|G-110,0.0000,398.2902,BBOX_CLEAR
PAIR-009895,G-096,G-111,G-096|G-111,0.0000,356.9754,BBOX_CLEAR
PAIR-009896,G-096,G-112,G-096|G-112,0.0000,315.7122,BBOX_CLEAR
PAIR-009897,G-096,G-113,G-096|G-113,0.0000,274.5236,BBOX_CLEAR
PAIR-009898,G-096,G-114,G-096|G-114,0.0000,233.4493,BBOX_CLEAR
PAIR-009899,G-096,G-115,G-096|G-115,0.0000,192.5624,BBOX_CLEAR
PAIR-009900,G-096,G-116,G-096|G-116,0.0000,152.0142,BBOX_CLEAR
PAIR-009901,G-096,G-117,G-096|G-117,0.0000,112.1726,BBOX_CLEAR
PAIR-009902,G-096,G-118,G-096|G-118,0.0000,74.1848,BBOX_CLEAR
PAIR-009903,G-096,G-119,G-096|G-119,0.0000,43.2482,BBOX_CLEAR
PAIR-009904,G-096,G-120,G-096|G-120,0.0000,36.6229,BBOX_CLEAR
PAIR-009905,G-096,G-121,G-096|G-121,0.0000,36.6229,BBOX_CLEAR
PAIR-009906,G-096,G-122,G-096|G-122,0.0000,54.2382,BBOX_CLEAR
PAIR-009907,G-096,G-123,G-096|G-123,0.0000,89.3666,BBOX_CLEAR
PAIR-009908,G-096,G-124,G-096|G-124,0.0000,128.3640,BBOX_CLEAR
PAIR-009909,G-096,G-125,G-096|G-125,0.0000,168.5663,BBOX_CLEAR
PAIR-009910,G-096,G-126,G-096|G-126,0.0000,209.2802,BBOX_CLEAR
PAIR-009911,G-096,G-127,G-096|G-127,0.0000,250.2561,BBOX_CLEAR
PAIR-009912,G-096,G-128,G-096|G-128,0.0000,291.3836,BBOX_CLEAR
PAIR-009913,G-096,G-129,G-096|G-129,0.0000,332.6064,BBOX_CLEAR
PAIR-009914,G-096,G-130,G-096|G-130,0.0000,373.8929,BBOX_CLEAR
PAIR-009915,G-096,G-131,G-096|G-131,0.0000,415.2242,BBOX_CLEAR
PAIR-009916,G-096,G-132,G-096|G-132,0.0000,456.5882,BBOX_CLEAR
PAIR-009917,G-096,G-133,G-096|G-133,0.0000,497.9766,BBOX_CLEAR
PAIR-009918,G-096,G-134,G-096|G-134,0.0000,539.3838,BBOX_CLEAR
PAIR-009919,G-096,G-135,G-096|G-135,0.0000,580.8059,BBOX_CLEAR
PAIR-009920,G-096,P-001,G-096|P-001,0.0000,229.0415,BBOX_CLEAR
PAIR-009921,G-096,P-002,G-096|P-002,0.0000,451.8648,BBOX_CLEAR
PAIR-009922,G-096,P-003,G-096|P-003,0.0000,294.7124,BBOX_CLEAR
PAIR-009923,G-096,P-004,G-096|P-004,0.0000,670.3957,BBOX_CLEAR
PAIR-009924,G-096,P-005,G-096|P-005,0.0000,169.2789,BBOX_CLEAR
PAIR-009925,G-096,P-006,G-096|P-006,0.0000,59.2941,BBOX_CLEAR
PAIR-009926,G-096,P-007,G-096|P-007,0.0000,15.7319,BBOX_CLEAR
PAIR-009927,G-096,P-008,G-096|P-008,0.0000,346.6499,BBOX_CLEAR
PAIR-009928,G-096,P-009,G-096|P-009,0.0000,357.0278,BBOX_CLEAR
PAIR-009929,G-096,P-010,G-096|P-010,0.0000,447.6301,BBOX_CLEAR
PAIR-009930,G-096,P-011,G-096|P-011,0.0000,268.1484,BBOX_CLEAR
PAIR-009931,G-096,P-012,G-096|P-012,0.0000,330.5103,BBOX_CLEAR
PAIR-009932,G-096,P-013,G-096|P-013,0.0000,189.8474,BBOX_CLEAR
PAIR-009933,G-096,P-014,G-096|P-014,0.0000,210.3389,BBOX_CLEAR
PAIR-009934,G-096,P-015,G-096|P-015,0.0000,433.8194,BBOX_CLEAR
PAIR-009935,G-096,P-016,G-096|P-016,0.0000,466.9351,BBOX_CLEAR
PAIR-009936,G-096,P-017,G-096|P-017,0.0000,374.8074,BBOX_CLEAR
PAIR-009937,G-097,G-098,G-097|G-098,0.0000,0.0001,BBOX_WITHIN_8PX
PAIR-009938,G-097,G-099,G-097|G-099,0.0000,20.0118,BBOX_CLEAR
PAIR-009939,G-097,G-100,G-097|G-100,0.0000,811.2996,BBOX_CLEAR
PAIR-009940,G-097,G-101,G-097|G-101,0.0000,781.6403,BBOX_CLEAR
PAIR-009941,G-097,G-102,G-097|G-102,0.0000,770.1971,BBOX_CLEAR
PAIR-009942,G-097,G-103,G-097|G-103,0.0000,749.6752,BBOX_CLEAR
PAIR-009943,G-097,G-104,G-097|G-104,0.0000,666.6874,BBOX_CLEAR
PAIR-009944,G-097,G-105,G-097|G-105,0.0000,625.2432,BBOX_CLEAR
PAIR-009945,G-097,G-106,G-097|G-106,0.0000,583.8085,BBOX_CLEAR
PAIR-009946,G-097,G-107,G-097|G-107,0.0000,542.3855,BBOX_CLEAR
PAIR-009947,G-097,G-108,G-097|G-108,0.0000,500.9770,BBOX_CLEAR
PAIR-009948,G-097,G-109,G-097|G-109,0.0000,459.5871,BBOX_CLEAR
PAIR-009949,G-097,G-110,G-097|G-110,0.0000,418.2211,BBOX_CLEAR
PAIR-009950,G-097,G-111,G-097|G-111,0.0000,376.8871,BBOX_CLEAR
PAIR-009951,G-097,G-112,G-097|G-112,0.0000,335.5968,BBOX_CLEAR
PAIR-009952,G-097,G-113,G-097|G-113,0.0000,294.3685,BBOX_CLEAR
PAIR-009953,G-097,G-114,G-097|G-114,0.0000,253.2326,BBOX_CLEAR
PAIR-009954,G-097,G-115,G-097|G-115,0.0000,212.2430,BBOX_CLEAR
PAIR-009955,G-097,G-116,G-097|G-116,0.0000,171.5042,BBOX_CLEAR
PAIR-009956,G-097,G-117,G-097|G-117,0.0000,131.2504,BBOX_CLEAR
PAIR-009957,G-097,G-118,G-097|G-118,0.0000,92.1192,BBOX_CLEAR
PAIR-009958,G-097,G-119,G-097|G-119,0.0000,56.4938,BBOX_CLEAR
PAIR-009959,G-097,G-120,G-097|G-120,0.0000,36.6538,BBOX_CLEAR
PAIR-009960,G-097,G-121,G-097|G-121,0.0000,36.6229,BBOX_CLEAR
PAIR-009961,G-097,G-122,G-097|G-122,0.0000,46.6011,BBOX_CLEAR
PAIR-009962,G-097,G-123,G-097|G-123,0.0000,79.2924,BBOX_CLEAR
PAIR-009963,G-097,G-124,G-097|G-124,0.0000,117.6828,BBOX_CLEAR
PAIR-009964,G-097,G-125,G-097|G-125,0.0000,157.6627,BBOX_CLEAR
PAIR-009965,G-097,G-126,G-097|G-126,0.0000,198.2729,BBOX_CLEAR
PAIR-009966,G-097,G-127,G-097|G-127,0.0000,239.1926,BBOX_CLEAR
PAIR-009967,G-097,G-128,G-097|G-128,0.0000,280.2862,BBOX_CLEAR
PAIR-009968,G-097,G-129,G-097|G-129,0.0000,321.4871,BBOX_CLEAR
PAIR-009969,G-097,G-130,G-097|G-130,0.0000,362.7587,BBOX_CLEAR
PAIR-009970,G-097,G-131,G-097|G-131,0.0000,404.0794,BBOX_CLEAR
PAIR-009971,G-097,G-132,G-097|G-132,0.0000,445.4355,BBOX_CLEAR
PAIR-009972,G-097,G-133,G-097|G-133,0.0000,486.8179,BBOX_CLEAR
PAIR-009973,G-097,G-134,G-097|G-134,0.0000,528.2206,BBOX_CLEAR
PAIR-009974,G-097,G-135,G-097|G-135,0.0000,569.6390,BBOX_CLEAR
PAIR-009975,G-097,P-001,G-097|P-001,0.0000,229.0415,BBOX_CLEAR
PAIR-009976,G-097,P-002,G-097|P-002,0.0000,442.1500,BBOX_CLEAR
PAIR-009977,G-097,P-003,G-097|P-003,0.0000,314.7240,BBOX_CLEAR
PAIR-009978,G-097,P-004,G-097|P-004,0.0000,679.2176,BBOX_CLEAR
PAIR-009979,G-097,P-005,G-097|P-005,0.0000,183.6747,BBOX_CLEAR
PAIR-009980,G-097,P-006,G-097|P-006,0.0000,65.7883,BBOX_CLEAR
PAIR-009981,G-097,P-007,G-097|P-007,0.0000,15.7319,BBOX_CLEAR
PAIR-009982,G-097,P-008,G-097|P-008,0.0000,347.2225,BBOX_CLEAR
PAIR-009983,G-097,P-009,G-097|P-009,0.0000,357.0278,BBOX_CLEAR
PAIR-009984,G-097,P-010,G-097|P-010,0.0000,446.7773,BBOX_CLEAR
PAIR-009985,G-097,P-011,G-097|P-011,0.0000,268.1484,BBOX_CLEAR
PAIR-009986,G-097,P-012,G-097|P-012,0.0000,330.5103,BBOX_CLEAR
PAIR-009987,G-097,P-013,G-097|P-013,0.0000,187.4079,BBOX_CLEAR
PAIR-009988,G-097,P-014,G-097|P-014,0.0000,204.8454,BBOX_CLEAR
PAIR-009989,G-097,P-015,G-097|P-015,0.0000,433.8194,BBOX_CLEAR
PAIR-009990,G-097,P-016,G-097|P-016,0.0000,465.7493,BBOX_CLEAR
PAIR-009991,G-097,P-017,G-097|P-017,0.0000,374.8036,BBOX_CLEAR
PAIR-009992,G-098,G-099,G-098|G-099,0.0000,0.0000,BBOX_WITHIN_8PX
PAIR-009993,G-098,G-100,G-098|G-100,0.0000,822.4854,BBOX_CLEAR
PAIR-009994,G-098,G-101,G-098|G-101,0.0000,792.8169,BBOX_CLEAR
PAIR-009995,G-098,G-102,G-098|G-102,0.0000,781.3733,BBOX_CLEAR
PAIR-009996,G-098,G-103,G-098|G-103,0.0000,760.8506,BBOX_CLEAR
PAIR-009997,G-098,G-104,G-098|G-104,0.0000,677.8605,BBOX_CLEAR
PAIR-009998,G-098,G-105,G-098|G-105,0.0000,636.4140,BBOX_CLEAR
PAIR-009999,G-098,G-106,G-098|G-106,0.0000,594.9766,BBOX_CLEAR
PAIR-010000,G-098,G-107,G-098|G-107,0.0000,553.5502,BBOX_CLEAR
PAIR-010001,G-098,G-108,G-098|G-108,0.0000,512.1375,BBOX_CLEAR
PAIR-010002,G-098,G-109,G-098|G-109,0.0000,470.7421,BBOX_CLEAR
PAIR-010003,G-098,G-110,G-098|G-110,0.0000,429.3690,BBOX_CLEAR
PAIR-010004,G-098,G-111,G-098|G-111,0.0000,388.0254,BBOX_CLEAR
PAIR-010005,G-098,G-112,G-098|G-112,0.0000,346.7218,BBOX_CLEAR
PAIR-010006,G-098,G-113,G-098|G-113,0.0000,305.4745,BBOX_CLEAR
PAIR-010007,G-098,G-114,G-098|G-114,0.0000,264.3097,BBOX_CLEAR
PAIR-010008,G-098,G-115,G-098|G-115,0.0000,223.2732,BBOX_CLEAR
PAIR-010009,G-098,G-116,G-098|G-116,0.0000,182.4515,BBOX_CLEAR
PAIR-010010,G-098,G-117,G-098|G-117,0.0000,142.0300,BBOX_CLEAR
PAIR-010011,G-098,G-118,G-098|G-118,0.0000,102.4832,BBOX_CLEAR
PAIR-010012,G-098,G-119,G-098|G-119,0.0000,65.4173,BBOX_CLEAR
PAIR-010013,G-098,G-120,G-098|G-120,0.0000,38.7605,BBOX_CLEAR
PAIR-010014,G-098,G-121,G-098|G-121,0.0000,36.6229,BBOX_CLEAR
PAIR-010015,G-098,G-122,G-098|G-122,0.0000,37.6666,BBOX_CLEAR
PAIR-010016,G-098,G-123,G-098|G-123,0.0000,62.2332,BBOX_CLEAR
PAIR-010017,G-098,G-124,G-098|G-124,0.0000,98.8610,BBOX_CLEAR
PAIR-010018,G-098,G-125,G-098|G-125,0.0000,138.2764,BBOX_CLEAR
PAIR-010019,G-098,G-126,G-098|G-126,0.0000,178.6437,BBOX_CLEAR
PAIR-010020,G-098,G-127,G-098|G-127,0.0000,219.4381,BBOX_CLEAR
PAIR-010021,G-098,G-128,G-098|G-128,0.0000,260.4591,BBOX_CLEAR
PAIR-010022,G-098,G-129,G-098|G-129,0.0000,301.6142,BBOX_CLEAR
PAIR-010023,G-098,G-130,G-098|G-130,0.0000,342.8551,BBOX_CLEAR
PAIR-010024,G-098,G-131,G-098|G-131,0.0000,384.1543,BBOX_CLEAR
PAIR-010025,G-098,G-132,G-098|G-132,0.0000,425.4946,BBOX_CLEAR
PAIR-010026,G-098,G-133,G-098|G-133,0.0000,466.8653,BBOX_CLEAR
PAIR-010027,G-098,G-134,G-098|G-134,0.0000,508.2588,BBOX_CLEAR
PAIR-010028,G-098,G-135,G-098|G-135,0.0000,549.6701,BBOX_CLEAR
PAIR-010029,G-098,P-001,G-098|P-001,0.0000,229.0415,BBOX_CLEAR
PAIR-010030,G-098,P-002,G-098|P-002,0.0000,424.9570,BBOX_CLEAR
PAIR-010031,G-098,P-003,G-098|P-003,0.0000,325.9138,BBOX_CLEAR
PAIR-010032,G-098,P-004,G-098|P-004,0.0000,684.3559,BBOX_CLEAR
PAIR-010033,G-098,P-005,G-098|P-005,0.0000,192.1631,BBOX_CLEAR
PAIR-010034,G-098,P-006,G-098|P-006,0.0000,71.6341,BBOX_CLEAR
PAIR-010035,G-098,P-007,G-098|P-007,0.0000,15.7319,BBOX_CLEAR
PAIR-010036,G-098,P-008,G-098|P-008,0.0000,348.0441,BBOX_CLEAR
PAIR-010037,G-098,P-009,G-098|P-009,0.0000,357.0278,BBOX_CLEAR
PAIR-010038,G-098,P-010,G-098|P-010,0.0000,445.9488,BBOX_CLEAR
PAIR-010039,G-098,P-011,G-098|P-011,0.0000,268.1484,BBOX_CLEAR
PAIR-010040,G-098,P-012,G-098|P-012,0.0000,330.5103,BBOX_CLEAR
PAIR-010041,G-098,P-013,G-098|P-013,0.0000,184.6624,BBOX_CLEAR
PAIR-010042,G-098,P-014,G-098|P-014,0.0000,196.2318,BBOX_CLEAR
PAIR-010043,G-098,P-015,G-098|P-015,0.0000,433.8194,BBOX_CLEAR
PAIR-010044,G-098,P-016,G-098|P-016,0.0000,464.2940,BBOX_CLEAR
PAIR-010045,G-098,P-017,G-098|P-017,0.0000,374.8036,BBOX_CLEAR
PAIR-010046,G-099,G-100,G-099|G-100,0.0000,842.4903,BBOX_CLEAR
PAIR-010047,G-099,G-101,G-099|G-101,0.0000,812.8059,BBOX_CLEAR
PAIR-010048,G-099,G-102,G-099|G-102,0.0000,801.3616,BBOX_CLEAR
PAIR-010049,G-099,G-103,G-099|G-103,0.0000,780.8377,BBOX_CLEAR
PAIR-010050,G-099,G-104,G-099|G-104,0.0000,697.8438,BBOX_CLEAR
PAIR-010051,G-099,G-105,G-099|G-105,0.0000,656.3936,BBOX_CLEAR
PAIR-010052,G-099,G-106,G-099|G-106,0.0000,614.9516,BBOX_CLEAR
PAIR-010053,G-099,G-107,G-099|G-107,0.0000,573.5195,BBOX_CLEAR
PAIR-010054,G-099,G-108,G-099|G-108,0.0000,532.0998,BBOX_CLEAR
PAIR-010055,G-099,G-109,G-099|G-109,0.0000,490.6956,BBOX_CLEAR
PAIR-010056,G-099,G-110,G-099|G-110,0.0000,449.3110,BBOX_CLEAR
PAIR-010057,G-099,G-111,G-099|G-111,0.0000,407.9521,BBOX_CLEAR
PAIR-010058,G-099,G-112,G-099|G-112,0.0000,366.6277,BBOX_CLEAR
PAIR-010059,G-099,G-113,G-099|G-113,0.0000,325.3507,BBOX_CLEAR
PAIR-010060,G-099,G-114,G-099|G-114,0.0000,284.1419,BBOX_CLEAR
PAIR-010061,G-099,G-115,G-099|G-115,0.0000,243.0360,BBOX_CLEAR
PAIR-010062,G-099,G-116,G-099|G-116,0.0000,202.0958,BBOX_CLEAR
PAIR-010063,G-099,G-117,G-099|G-117,0.0000,161.4474,BBOX_CLEAR
PAIR-010064,G-099,G-118,G-099|G-118,0.0000,121.3843,BBOX_CLEAR
PAIR-010065,G-099,G-119,G-099|G-119,0.0000,82.7608,BBOX_CLEAR
PAIR-010066,G-099,G-120,G-099|G-120,0.0000,49.1009,BBOX_CLEAR
PAIR-010067,G-099,G-121,G-099|G-121,0.0000,36.6229,BBOX_CLEAR
PAIR-010068,G-099,G-122,G-099|G-122,0.0000,36.6229,BBOX_CLEAR
PAIR-010069,G-099,G-123,G-099|G-123,0.0000,46.5765,BBOX_CLEAR
PAIR-010070,G-099,G-124,G-099|G-124,0.0000,79.2570,BBOX_CLEAR
PAIR-010071,G-099,G-125,G-099|G-125,0.0000,117.6448,BBOX_CLEAR
PAIR-010072,G-099,G-126,G-099|G-126,0.0000,157.6239,BBOX_CLEAR
PAIR-010073,G-099,G-127,G-099|G-127,0.0000,198.2336,BBOX_CLEAR
PAIR-010074,G-099,G-128,G-099|G-128,0.0000,239.1531,BBOX_CLEAR
PAIR-010075,G-099,G-129,G-099|G-129,0.0000,280.2466,BBOX_CLEAR
PAIR-010076,G-099,G-130,G-099|G-130,0.0000,321.4474,BBOX_CLEAR
PAIR-010077,G-099,G-131,G-099|G-131,0.0000,362.7190,BBOX_CLEAR
PAIR-010078,G-099,G-132,G-099|G-132,0.0000,404.0397,BBOX_CLEAR
PAIR-010079,G-099,G-133,G-099|G-133,0.0000,445.3957,BBOX_CLEAR
PAIR-010080,G-099,G-134,G-099|G-134,0.0000,486.7781,BBOX_CLEAR
PAIR-010081,G-099,G-135,G-099|G-135,0.0000,528.1807,BBOX_CLEAR
PAIR-010082,G-099,P-001,G-099|P-001,0.0000,229.0415,BBOX_CLEAR
PAIR-010083,G-099,P-002,G-099|P-002,0.0000,406.7398,BBOX_CLEAR
PAIR-010084,G-099,P-003,G-099|P-003,0.0000,345.9255,BBOX_CLEAR
PAIR-010085,G-099,P-004,G-099|P-004,0.0000,693.9005,BBOX_CLEAR
PAIR-010086,G-099,P-005,G-099|P-005,0.0000,207.9820,BBOX_CLEAR
PAIR-010087,G-099,P-006,G-099|P-006,0.0000,84.8088,BBOX_CLEAR
PAIR-010088,G-099,P-007,G-099|P-007,0.0000,15.7319,BBOX_CLEAR
PAIR-010089,G-099,P-008,G-099|P-008,0.0000,350.4009,BBOX_CLEAR
PAIR-010090,G-099,P-009,G-099|P-009,0.0000,357.0278,BBOX_CLEAR
PAIR-010091,G-099,P-010,G-099|P-010,0.0000,445.8683,BBOX_CLEAR
PAIR-010092,G-099,P-011,G-099|P-011,0.0000,268.1484,BBOX_CLEAR
PAIR-010093,G-099,P-012,G-099|P-012,0.0000,330.5147,BBOX_CLEAR
PAIR-010094,G-099,P-013,G-099|P-013,0.0000,184.0093,BBOX_CLEAR
PAIR-010095,G-099,P-014,G-099|P-014,0.0000,188.9009,BBOX_CLEAR
PAIR-010096,G-099,P-015,G-099|P-015,0.0000,433.8194,BBOX_CLEAR
PAIR-010097,G-099,P-016,G-099|P-016,0.0000,463.6885,BBOX_CLEAR
PAIR-010098,G-099,P-017,G-099|P-017,0.0000,374.8036,BBOX_CLEAR
PAIR-010099,G-100,G-101,G-100|G-101,0.0000,9.7557,BBOX_CLEAR
PAIR-010100,G-100,G-102,G-100|G-102,0.0000,30.3036,BBOX_CLEAR
PAIR-010101,G-100,G-103,G-100|G-103,0.0000,41.7607,BBOX_CLEAR
PAIR-010102,G-100,G-104,G-100|G-104,0.0000,103.8181,BBOX_CLEAR
PAIR-010103,G-100,G-105,G-100|G-105,0.0000,145.3292,BBOX_CLEAR
PAIR-010104,G-100,G-106,G-100|G-106,0.0000,186.8402,BBOX_CLEAR
PAIR-010105,G-100,G-107,G-100|G-107,0.0000,228.3512,BBOX_CLEAR
PAIR-010106,G-100,G-108,G-100|G-108,0.0000,269.8623,BBOX_CLEAR
PAIR-010107,G-100,G-109,G-100|G-109,0.0000,311.3733,BBOX_CLEAR
PAIR-010108,G-100,G-110,G-100|G-110,0.0000,352.8843,BBOX_CLEAR
PAIR-010109,G-100,G-111,G-100|G-111,0.0000,394.3953,BBOX_CLEAR
PAIR-010110,G-100,G-112,G-100|G-112,0.0000,435.9064,BBOX_CLEAR
PAIR-010111,G-100,G-113,G-100|G-113,0.0000,477.4174,BBOX_CLEAR
PAIR-010112,G-100,G-114,G-100|G-114,0.0000,518.9284,BBOX_CLEAR
PAIR-010113,G-100,G-115,G-100|G-115,0.0000,560.4395,BBOX_CLEAR
PAIR-010114,G-100,G-116,G-100|G-116,0.0000,601.9505,BBOX_CLEAR
PAIR-010115,G-100,G-117,G-100|G-117,0.0000,643.4615,BBOX_CLEAR
PAIR-010116,G-100,G-118,G-100|G-118,0.0000,684.9725,BBOX_CLEAR
PAIR-010117,G-100,G-119,G-100|G-119,0.0000,726.4835,BBOX_CLEAR
PAIR-010118,G-100,G-120,G-100|G-120,0.0000,767.9946,BBOX_CLEAR
PAIR-010119,G-100,G-121,G-100|G-121,0.0000,809.5056,BBOX_CLEAR
PAIR-010120,G-100,G-122,G-100|G-122,0.0000,851.0166,BBOX_CLEAR
PAIR-010121,G-100,G-123,G-100|G-123,0.0000,892.5277,BBOX_CLEAR
PAIR-010122,G-100,G-124,G-100|G-124,0.0000,934.0387,BBOX_CLEAR
PAIR-010123,G-100,G-125,G-100|G-125,0.0000,975.5497,BBOX_CLEAR
PAIR-010124,G-100,G-126,G-100|G-126,0.0000,1017.0608,BBOX_CLEAR
PAIR-010125,G-100,G-127,G-100|G-127,0.0000,1058.5718,BBOX_CLEAR
PAIR-010126,G-100,G-128,G-100|G-128,0.0000,1100.0828,BBOX_CLEAR
PAIR-010127,G-100,G-129,G-100|G-129,0.0000,1141.5938,BBOX_CLEAR
PAIR-010128,G-100,G-130,G-100|G-130,0.0000,1183.1048,BBOX_CLEAR
PAIR-010129,G-100,G-131,G-100|G-131,0.0000,1224.6159,BBOX_CLEAR
PAIR-010130,G-100,G-132,G-100|G-132,0.0000,1266.1269,BBOX_CLEAR
PAIR-010131,G-100,G-133,G-100|G-133,0.0000,1307.6379,BBOX_CLEAR
PAIR-010132,G-100,G-134,G-100|G-134,0.0000,1349.1490,BBOX_CLEAR
PAIR-010133,G-100,G-135,G-100|G-135,0.0000,1390.6600,BBOX_CLEAR
PAIR-010134,G-100,P-001,G-100|P-001,0.0000,292.5441,BBOX_CLEAR
PAIR-010135,G-100,P-002,G-100|P-002,0.0000,1237.1829,BBOX_CLEAR
PAIR-010136,G-100,P-003,G-100|P-003,0.0000,496.5550,BBOX_CLEAR
PAIR-010137,G-100,P-004,G-100|P-004,0.0000,825.8678,BBOX_CLEAR
PAIR-010138,G-100,P-005,G-100|P-005,0.0000,366.9868,BBOX_CLEAR
PAIR-010139,G-100,P-006,G-100|P-006,0.0000,242.6455,BBOX_CLEAR
PAIR-010140,G-100,P-007,G-100|P-007,0.0000,159.7861,BBOX_CLEAR
PAIR-010141,G-100,P-008,G-100|P-008,0.0000,871.0071,BBOX_CLEAR
PAIR-010142,G-100,P-009,G-100|P-009,0.0000,885.0395,BBOX_CLEAR
PAIR-010143,G-100,P-010,G-100|P-010,0.0000,989.6649,BBOX_CLEAR
PAIR-010144,G-100,P-011,G-100|P-011,0.0000,745.3615,BBOX_CLEAR
PAIR-010145,G-100,P-012,G-100|P-012,0.0000,896.6971,BBOX_CLEAR
PAIR-010146,G-100,P-013,G-100|P-013,0.0000,891.7257,BBOX_CLEAR
PAIR-010147,G-100,P-014,G-100|P-014,0.0000,949.5246,BBOX_CLEAR
PAIR-010148,G-100,P-015,G-100|P-015,0.0000,773.7846,BBOX_CLEAR
PAIR-010149,G-100,P-016,G-100|P-016,0.0000,1011.9802,BBOX_CLEAR
PAIR-010150,G-100,P-017,G-100|P-017,0.0000,921.6374,BBOX_CLEAR
PAIR-010151,G-101,G-102,G-101|G-102,0.0000,0.0000,BBOX_WITHIN_8PX
PAIR-010152,G-101,G-103,G-101|G-103,0.0000,11.4571,BBOX_CLEAR
PAIR-010153,G-101,G-104,G-101|G-104,0.0000,73.5145,BBOX_CLEAR
PAIR-010154,G-101,G-105,G-101|G-105,0.0000,115.0256,BBOX_CLEAR
PAIR-010155,G-101,G-106,G-101|G-106,0.0000,156.5366,BBOX_CLEAR
PAIR-010156,G-101,G-107,G-101|G-107,0.0000,198.0476,BBOX_CLEAR
PAIR-010157,G-101,G-108,G-101|G-108,0.0000,239.5587,BBOX_CLEAR
PAIR-010158,G-101,G-109,G-101|G-109,0.0000,281.0697,BBOX_CLEAR
PAIR-010159,G-101,G-110,G-101|G-110,0.0000,322.5807,BBOX_CLEAR
PAIR-010160,G-101,G-111,G-101|G-111,0.0000,364.0917,BBOX_CLEAR
PAIR-010161,G-101,G-112,G-101|G-112,0.0000,405.6028,BBOX_CLEAR
PAIR-010162,G-101,G-113,G-101|G-113,0.0000,447.1138,BBOX_CLEAR
PAIR-010163,G-101,G-114,G-101|G-114,0.0000,488.6248,BBOX_CLEAR
PAIR-010164,G-101,G-115,G-101|G-115,0.0000,530.1359,BBOX_CLEAR
PAIR-010165,G-101,G-116,G-101|G-116,0.0000,571.6469,BBOX_CLEAR
PAIR-010166,G-101,G-117,G-101|G-117,0.0000,613.1579,BBOX_CLEAR
PAIR-010167,G-101,G-118,G-101|G-118,0.0000,654.6689,BBOX_CLEAR
PAIR-010168,G-101,G-119,G-101|G-119,0.0000,696.1800,BBOX_CLEAR
PAIR-010169,G-101,G-120,G-101|G-120,0.0000,737.6910,BBOX_CLEAR
PAIR-010170,G-101,G-121,G-101|G-121,0.0000,779.2020,BBOX_CLEAR
PAIR-010171,G-101,G-122,G-101|G-122,0.0000,820.7130,BBOX_CLEAR
PAIR-010172,G-101,G-123,G-101|G-123,0.0000,862.2241,BBOX_CLEAR
PAIR-010173,G-101,G-124,G-101|G-124,0.0000,903.7351,BBOX_CLEAR
PAIR-010174,G-101,G-125,G-101|G-125,0.0000,945.2461,BBOX_CLEAR
PAIR-010175,G-101,G-126,G-101|G-126,0.0000,986.7572,BBOX_CLEAR
PAIR-010176,G-101,G-127,G-101|G-127,0.0000,1028.2682,BBOX_CLEAR
PAIR-010177,G-101,G-128,G-101|G-128,0.0000,1069.7792,BBOX_CLEAR
PAIR-010178,G-101,G-129,G-101|G-129,0.0000,1111.2903,BBOX_CLEAR
PAIR-010179,G-101,G-130,G-101|G-130,0.0000,1152.8012,BBOX_CLEAR
PAIR-010180,G-101,G-131,G-101|G-131,0.0000,1194.3123,BBOX_CLEAR
PAIR-010181,G-101,G-132,G-101|G-132,0.0000,1235.8233,BBOX_CLEAR
PAIR-010182,G-101,G-133,G-101|G-133,0.0000,1277.3343,BBOX_CLEAR
PAIR-010183,G-101,G-134,G-101|G-134,0.0000,1318.8454,BBOX_CLEAR
PAIR-010184,G-101,G-135,G-101|G-135,0.0000,1360.3564,BBOX_CLEAR
PAIR-010185,G-101,P-001,G-101|P-001,0.0000,305.8332,BBOX_CLEAR
PAIR-010186,G-101,P-002,G-101|P-002,0.0000,1211.6546,BBOX_CLEAR
PAIR-010187,G-101,P-003,G-101|P-003,0.0000,467.1400,BBOX_CLEAR
PAIR-010188,G-101,P-004,G-101|P-004,0.0000,821.9484,BBOX_CLEAR
PAIR-010189,G-101,P-005,G-101|P-005,0.0000,350.1251,BBOX_CLEAR
PAIR-010190,G-101,P-006,G-101|P-006,0.0000,226.1300,BBOX_CLEAR
PAIR-010191,G-101,P-007,G-101|P-007,0.0000,143.8377,BBOX_CLEAR
PAIR-010192,G-101,P-008,G-101|P-008,0.0000,852.4025,BBOX_CLEAR
PAIR-010193,G-101,P-009,G-101|P-009,0.0000,866.5712,BBOX_CLEAR
PAIR-010194,G-101,P-010,G-101|P-010,0.0000,972.5128,BBOX_CLEAR
PAIR-010195,G-101,P-011,G-101|P-011,0.0000,725.9676,BBOX_CLEAR
PAIR-010196,G-101,P-012,G-101|P-012,0.0000,877.0578,BBOX_CLEAR
PAIR-010197,G-101,P-013,G-101|P-013,0.0000,867.4330,BBOX_CLEAR
PAIR-010198,G-101,P-014,G-101|P-014,0.0000,924.7006,BBOX_CLEAR
PAIR-010199,G-101,P-015,G-101|P-015,0.0000,761.6659,BBOX_CLEAR
PAIR-010200,G-101,P-016,G-101|P-016,0.0000,995.0415,BBOX_CLEAR
PAIR-010201,G-101,P-017,G-101|P-017,0.0000,903.1690,BBOX_CLEAR
PAIR-010202,G-102,G-103,G-102|G-103,0.0000,0.0000,BBOX_WITHIN_8PX
PAIR-010203,G-102,G-104,G-102|G-104,0.0000,62.0575,BBOX_CLEAR
PAIR-010204,G-102,G-105,G-102|G-105,0.0000,103.5685,BBOX_CLEAR
PAIR-010205,G-102,G-106,G-102|G-106,0.0000,145.0795,BBOX_CLEAR
PAIR-010206,G-102,G-107,G-102|G-107,0.0000,186.5905,BBOX_CLEAR
PAIR-010207,G-102,G-108,G-102|G-108,0.0000,228.1016,BBOX_CLEAR
PAIR-010208,G-102,G-109,G-102|G-109,0.0000,269.6126,BBOX_CLEAR
PAIR-010209,G-102,G-110,G-102|G-110,0.0000,311.1236,BBOX_CLEAR
PAIR-010210,G-102,G-111,G-102|G-111,0.0000,352.6347,BBOX_CLEAR
PAIR-010211,G-102,G-112,G-102|G-112,0.0000,394.1457,BBOX_CLEAR
PAIR-010212,G-102,G-113,G-102|G-113,0.0000,435.6567,BBOX_CLEAR
PAIR-010213,G-102,G-114,G-102|G-114,0.0000,477.1678,BBOX_CLEAR
PAIR-010214,G-102,G-115,G-102|G-115,0.0000,518.6788,BBOX_CLEAR
PAIR-010215,G-102,G-116,G-102|G-116,0.0000,560.1898,BBOX_CLEAR
PAIR-010216,G-102,G-117,G-102|G-117,0.0000,601.7008,BBOX_CLEAR
PAIR-010217,G-102,G-118,G-102|G-118,0.0000,643.2118,BBOX_CLEAR
PAIR-010218,G-102,G-119,G-102|G-119,0.0000,684.7229,BBOX_CLEAR
PAIR-010219,G-102,G-120,G-102|G-120,0.0000,726.2339,BBOX_CLEAR
PAIR-010220,G-102,G-121,G-102|G-121,0.0000,767.7449,BBOX_CLEAR
PAIR-010221,G-102,G-122,G-102|G-122,0.0000,809.2560,BBOX_CLEAR
PAIR-010222,G-102,G-123,G-102|G-123,0.0000,850.7670,BBOX_CLEAR
PAIR-010223,G-102,G-124,G-102|G-124,0.0000,892.2780,BBOX_CLEAR
PAIR-010224,G-102,G-125,G-102|G-125,0.0000,933.7890,BBOX_CLEAR
PAIR-010225,G-102,G-126,G-102|G-126,0.0000,975.3001,BBOX_CLEAR
PAIR-010226,G-102,G-127,G-102|G-127,0.0000,1016.8111,BBOX_CLEAR
PAIR-010227,G-102,G-128,G-102|G-128,0.0000,1058.3221,BBOX_CLEAR
PAIR-010228,G-102,G-129,G-102|G-129,0.0000,1099.8332,BBOX_CLEAR
PAIR-010229,G-102,G-130,G-102|G-130,0.0000,1141.3442,BBOX_CLEAR
PAIR-010230,G-102,G-131,G-102|G-131,0.0000,1182.8552,BBOX_CLEAR
PAIR-010231,G-102,G-132,G-102|G-132,0.0000,1224.3663,BBOX_CLEAR
PAIR-010232,G-102,G-133,G-102|G-133,0.0000,1265.8773,BBOX_CLEAR
PAIR-010233,G-102,G-134,G-102|G-134,0.0000,1307.3883,BBOX_CLEAR
PAIR-010234,G-102,G-135,G-102|G-135,0.0000,1348.8993,BBOX_CLEAR
PAIR-010235,G-102,P-001,G-102|P-001,0.0000,305.4609,BBOX_CLEAR
PAIR-010236,G-102,P-002,G-102|P-002,0.0000,1200.5532,BBOX_CLEAR
PAIR-010237,G-102,P-003,G-102|P-003,0.0000,455.7121,BBOX_CLEAR
PAIR-010238,G-102,P-004,G-102|P-004,0.0000,815.6094,BBOX_CLEAR
PAIR-010239,G-102,P-005,G-102|P-005,0.0000,340.7556,BBOX_CLEAR
PAIR-010240,G-102,P-006,G-102|P-006,0.0000,217.0380,BBOX_CLEAR
PAIR-010241,G-102,P-007,G-102|P-007,0.0000,135.2380,BBOX_CLEAR
PAIR-010242,G-102,P-008,G-102|P-008,0.0000,842.4752,BBOX_CLEAR
PAIR-010243,G-102,P-009,G-102|P-009,0.0000,856.6692,BBOX_CLEAR
PAIR-010244,G-102,P-010,G-102|P-010,0.0000,962.8676,BBOX_CLEAR
PAIR-010245,G-102,P-011,G-102|P-011,0.0000,715.9037,BBOX_CLEAR
PAIR-010246,G-102,P-012,G-102|P-012,0.0000,866.9246,BBOX_CLEAR
PAIR-010247,G-102,P-013,G-102|P-013,0.0000,856.5112,BBOX_CLEAR
PAIR-010248,G-102,P-014,G-102|P-014,0.0000,913.7011,BBOX_CLEAR
PAIR-010249,G-102,P-015,G-102|P-015,0.0000,753.1983,BBOX_CLEAR
PAIR-010250,G-102,P-016,G-102|P-016,0.0000,985.4385,BBOX_CLEAR
PAIR-010251,G-102,P-017,G-102|P-017,0.0000,893.2624,BBOX_CLEAR
PAIR-010252,G-103,G-104,G-103|G-104,0.0000,41.5095,BBOX_CLEAR
PAIR-010253,G-103,G-105,G-103|G-105,0.0000,83.0206,BBOX_CLEAR
PAIR-010254,G-103,G-106,G-103|G-106,0.0000,124.5316,BBOX_CLEAR
PAIR-010255,G-103,G-107,G-103|G-107,0.0000,166.0426,BBOX_CLEAR
PAIR-010256,G-103,G-108,G-103|G-108,0.0000,207.5537,BBOX_CLEAR
PAIR-010257,G-103,G-109,G-103|G-109,0.0000,249.0647,BBOX_CLEAR
PAIR-010258,G-103,G-110,G-103|G-110,0.0000,290.5757,BBOX_CLEAR
PAIR-010259,G-103,G-111,G-103|G-111,0.0000,332.0867,BBOX_CLEAR
PAIR-010260,G-103,G-112,G-103|G-112,0.0000,373.5978,BBOX_CLEAR
PAIR-010261,G-103,G-113,G-103|G-113,0.0000,415.1088,BBOX_CLEAR
PAIR-010262,G-103,G-114,G-103|G-114,0.0000,456.6198,BBOX_CLEAR
PAIR-010263,G-103,G-115,G-103|G-115,0.0000,498.1309,BBOX_CLEAR
PAIR-010264,G-103,G-116,G-103|G-116,0.0000,539.6419,BBOX_CLEAR
PAIR-010265,G-103,G-117,G-103|G-117,0.0000,581.1529,BBOX_CLEAR
PAIR-010266,G-103,G-118,G-103|G-118,0.0000,622.6639,BBOX_CLEAR
PAIR-010267,G-103,G-119,G-103|G-119,0.0000,664.1750,BBOX_CLEAR
PAIR-010268,G-103,G-120,G-103|G-120,0.0000,705.6860,BBOX_CLEAR
PAIR-010269,G-103,G-121,G-103|G-121,0.0000,747.1970,BBOX_CLEAR
PAIR-010270,G-103,G-122,G-103|G-122,0.0000,788.7080,BBOX_CLEAR
PAIR-010271,G-103,G-123,G-103|G-123,0.0000,830.2191,BBOX_CLEAR
PAIR-010272,G-103,G-124,G-103|G-124,0.0000,871.7301,BBOX_CLEAR
PAIR-010273,G-103,G-125,G-103|G-125,0.0000,913.2411,BBOX_CLEAR
PAIR-010274,G-103,G-126,G-103|G-126,0.0000,954.7522,BBOX_CLEAR
PAIR-010275,G-103,G-127,G-103|G-127,0.0000,996.2632,BBOX_CLEAR
PAIR-010276,G-103,G-128,G-103|G-128,0.0000,1037.7742,BBOX_CLEAR
PAIR-010277,G-103,G-129,G-103|G-129,0.0000,1079.2853,BBOX_CLEAR
PAIR-010278,G-103,G-130,G-103|G-130,0.0000,1120.7962,BBOX_CLEAR
PAIR-010279,G-103,G-131,G-103|G-131,0.0000,1162.3073,BBOX_CLEAR
PAIR-010280,G-103,G-132,G-103|G-132,0.0000,1203.8183,BBOX_CLEAR
PAIR-010281,G-103,G-133,G-103|G-133,0.0000,1245.3293,BBOX_CLEAR
PAIR-010282,G-103,G-134,G-103|G-134,0.0000,1286.8404,BBOX_CLEAR
PAIR-010283,G-103,G-135,G-103|G-135,0.0000,1328.3514,BBOX_CLEAR
PAIR-010284,G-103,P-001,G-103|P-001,0.0000,305.4320,BBOX_CLEAR
PAIR-010285,G-103,P-002,G-103|P-002,0.0000,1180.6602,BBOX_CLEAR
PAIR-010286,G-103,P-003,G-103|P-003,0.0000,435.2202,BBOX_CLEAR
PAIR-010287,G-103,P-004,G-103|P-004,0.0000,804.5243,BBOX_CLEAR
PAIR-010288,G-103,P-005,G-103|P-005,0.0000,324.2877,BBOX_CLEAR
PAIR-010289,G-103,P-006,G-103|P-006,0.0000,201.3374,BBOX_CLEAR
PAIR-010290,G-103,P-007,G-103|P-007,0.0000,121.0069,BBOX_CLEAR
PAIR-010291,G-103,P-008,G-103|P-008,0.0000,824.7702,BBOX_CLEAR
PAIR-010292,G-103,P-009,G-103|P-009,0.0000,839.0096,BBOX_CLEAR
PAIR-010293,G-103,P-010,G-103|P-010,0.0000,945.6705,BBOX_CLEAR
PAIR-010294,G-103,P-011,G-103|P-011,0.0000,697.9619,BBOX_CLEAR
PAIR-010295,G-103,P-012,G-103|P-012,0.0000,848.8354,BBOX_CLEAR
PAIR-010296,G-103,P-013,G-103|P-013,0.0000,836.9593,BBOX_CLEAR
PAIR-010297,G-103,P-014,G-103|P-014,0.0000,894.0026,BBOX_CLEAR
PAIR-010298,G-103,P-015,G-103|P-015,0.0000,738.2140,BBOX_CLEAR
PAIR-010299,G-103,P-016,G-103|P-016,0.0000,968.3168,BBOX_CLEAR
PAIR-010300,G-103,P-017,G-103|P-017,0.0000,875.5899,BBOX_CLEAR
PAIR-010301,G-104,G-105,G-104|G-105,0.0000,0.0000,BBOX_WITHIN_8PX
PAIR-010302,G-104,G-106,G-104|G-106,0.0000,41.5110,BBOX_CLEAR
PAIR-010303,G-104,G-107,G-104|G-107,0.0000,83.0220,BBOX_CLEAR
PAIR-010304,G-104,G-108,G-104|G-108,0.0000,124.5331,BBOX_CLEAR
PAIR-010305,G-104,G-109,G-104|G-109,0.0000,166.0441,BBOX_CLEAR
PAIR-010306,G-104,G-110,G-104|G-110,0.0000,207.5551,BBOX_CLEAR
PAIR-010307,G-104,G-111,G-104|G-111,0.0000,249.0662,BBOX_CLEAR
PAIR-010308,G-104,G-112,G-104|G-112,0.0000,290.5772,BBOX_CLEAR
PAIR-010309,G-104,G-113,G-104|G-113,0.0000,332.0882,BBOX_CLEAR
PAIR-010310,G-104,G-114,G-104|G-114,0.0000,373.5993,BBOX_CLEAR
PAIR-010311,G-104,G-115,G-104|G-115,0.0000,415.1103,BBOX_CLEAR
PAIR-010312,G-104,G-116,G-104|G-116,0.0000,456.6213,BBOX_CLEAR
PAIR-010313,G-104,G-117,G-104|G-117,0.0000,498.1323,BBOX_CLEAR
PAIR-010314,G-104,G-118,G-104|G-118,0.0000,539.6433,BBOX_CLEAR
PAIR-010315,G-104,G-119,G-104|G-119,0.0000,581.1544,BBOX_CLEAR
PAIR-010316,G-104,G-120,G-104|G-120,0.0000,622.6654,BBOX_CLEAR
PAIR-010317,G-104,G-121,G-104|G-121,0.0000,664.1764,BBOX_CLEAR
PAIR-010318,G-104,G-122,G-104|G-122,0.0000,705.6875,BBOX_CLEAR
PAIR-010319,G-104,G-123,G-104|G-123,0.0000,747.1985,BBOX_CLEAR
PAIR-010320,G-104,G-124,G-104|G-124,0.0000,788.7095,BBOX_CLEAR
PAIR-010321,G-104,G-125,G-104|G-125,0.0000,830.2205,BBOX_CLEAR
PAIR-010322,G-104,G-126,G-104|G-126,0.0000,871.7316,BBOX_CLEAR
PAIR-010323,G-104,G-127,G-104|G-127,0.0000,913.2426,BBOX_CLEAR
PAIR-010324,G-104,G-128,G-104|G-128,0.0000,954.7536,BBOX_CLEAR
PAIR-010325,G-104,G-129,G-104|G-129,0.0000,996.2647,BBOX_CLEAR
PAIR-010326,G-104,G-130,G-104|G-130,0.0000,1037.7757,BBOX_CLEAR
PAIR-010327,G-104,G-131,G-104|G-131,0.0000,1079.2867,BBOX_CLEAR
PAIR-010328,G-104,G-132,G-104|G-132,0.0000,1120.7977,BBOX_CLEAR
PAIR-010329,G-104,G-133,G-104|G-133,0.0000,1162.3088,BBOX_CLEAR
PAIR-010330,G-104,G-134,G-104|G-134,0.0000,1203.8198,BBOX_CLEAR
PAIR-010331,G-104,G-135,G-104|G-135,0.0000,1245.3308,BBOX_CLEAR
PAIR-010332,G-104,P-001,G-104|P-001,0.0000,303.8546,BBOX_CLEAR
PAIR-010333,G-104,P-002,G-104|P-002,0.0000,1100.1046,BBOX_CLEAR
PAIR-010334,G-104,P-003,G-104|P-003,0.0000,352.3489,BBOX_CLEAR
PAIR-010335,G-104,P-004,G-104|P-004,0.0000,762.3297,BBOX_CLEAR
PAIR-010336,G-104,P-005,G-104|P-005,0.0000,262.4633,BBOX_CLEAR
PAIR-010337,G-104,P-006,G-104|P-006,0.0000,148.9042,BBOX_CLEAR
PAIR-010338,G-104,P-007,G-104|P-007,0.0000,90.5450,BBOX_CLEAR
PAIR-010339,G-104,P-008,G-104|P-008,0.0000,753.8215,BBOX_CLEAR
PAIR-010340,G-104,P-009,G-104|P-009,0.0000,768.2332,BBOX_CLEAR
PAIR-010341,G-104,P-010,G-104|P-010,0.0000,876.7194,BBOX_CLEAR
PAIR-010342,G-104,P-011,G-104|P-011,0.0000,626.2368,BBOX_CLEAR
PAIR-010343,G-104,P-012,G-104|P-012,0.0000,776.1702,BBOX_CLEAR
PAIR-010344,G-104,P-013,G-104|P-013,0.0000,757.9590,BBOX_CLEAR
PAIR-010345,G-104,P-014,G-104|P-014,0.0000,814.3449,BBOX_CLEAR
PAIR-010346,G-104,P-015,G-104|P-015,0.0000,679.4547,BBOX_CLEAR
PAIR-010347,G-104,P-016,G-104|P-016,0.0000,899.6548,BBOX_CLEAR
PAIR-010348,G-104,P-017,G-104|P-017,0.0000,804.6949,BBOX_CLEAR
PAIR-010349,G-105,G-106,G-105|G-106,0.0000,0.0000,BBOX_WITHIN_8PX
PAIR-010350,G-105,G-107,G-105|G-107,0.0000,41.5110,BBOX_CLEAR
PAIR-010351,G-105,G-108,G-105|G-108,0.0000,83.0220,BBOX_CLEAR
PAIR-010352,G-105,G-109,G-105|G-109,0.0000,124.5331,BBOX_CLEAR
PAIR-010353,G-105,G-110,G-105|G-110,0.0000,166.0441,BBOX_CLEAR
PAIR-010354,G-105,G-111,G-105|G-111,0.0000,207.5551,BBOX_CLEAR
PAIR-010355,G-105,G-112,G-105|G-112,0.0000,249.0662,BBOX_CLEAR
PAIR-010356,G-105,G-113,G-105|G-113,0.0000,290.5772,BBOX_CLEAR
PAIR-010357,G-105,G-114,G-105|G-114,0.0000,332.0882,BBOX_CLEAR
PAIR-010358,G-105,G-115,G-105|G-115,0.0000,373.5992,BBOX_CLEAR
PAIR-010359,G-105,G-116,G-105|G-116,0.0000,415.1103,BBOX_CLEAR
PAIR-010360,G-105,G-117,G-105|G-117,0.0000,456.6213,BBOX_CLEAR
PAIR-010361,G-105,G-118,G-105|G-118,0.0000,498.1323,BBOX_CLEAR
PAIR-010362,G-105,G-119,G-105|G-119,0.0000,539.6433,BBOX_CLEAR
PAIR-010363,G-105,G-120,G-105|G-120,0.0000,581.1544,BBOX_CLEAR
PAIR-010364,G-105,G-121,G-105|G-121,0.0000,622.6654,BBOX_CLEAR
PAIR-010365,G-105,G-122,G-105|G-122,0.0000,664.1764,BBOX_CLEAR
PAIR-010366,G-105,G-123,G-105|G-123,0.0000,705.6875,BBOX_CLEAR
PAIR-010367,G-105,G-124,G-105|G-124,0.0000,747.1985,BBOX_CLEAR
PAIR-010368,G-105,G-125,G-105|G-125,0.0000,788.7095,BBOX_CLEAR
PAIR-010369,G-105,G-126,G-105|G-126,0.0000,830.2205,BBOX_CLEAR
PAIR-010370,G-105,G-127,G-105|G-127,0.0000,871.7315,BBOX_CLEAR
PAIR-010371,G-105,G-128,G-105|G-128,0.0000,913.2426,BBOX_CLEAR
PAIR-010372,G-105,G-129,G-105|G-129,0.0000,954.7536,BBOX_CLEAR
PAIR-010373,G-105,G-130,G-105|G-130,0.0000,996.2646,BBOX_CLEAR
PAIR-010374,G-105,G-131,G-105|G-131,0.0000,1037.7757,BBOX_CLEAR
PAIR-010375,G-105,G-132,G-105|G-132,0.0000,1079.2867,BBOX_CLEAR
PAIR-010376,G-105,G-133,G-105|G-133,0.0000,1120.7977,BBOX_CLEAR
PAIR-010377,G-105,G-134,G-105|G-134,0.0000,1162.3087,BBOX_CLEAR
PAIR-010378,G-105,G-135,G-105|G-135,0.0000,1203.8198,BBOX_CLEAR
PAIR-010379,G-105,P-001,G-105|P-001,0.0000,303.8546,BBOX_CLEAR
PAIR-010380,G-105,P-002,G-105|P-002,0.0000,1060.1900,BBOX_CLEAR
PAIR-010381,G-105,P-003,G-105|P-003,0.0000,311.0237,BBOX_CLEAR
PAIR-010382,G-105,P-004,G-105|P-004,0.0000,744.5359,BBOX_CLEAR
PAIR-010383,G-105,P-005,G-105|P-005,0.0000,237.1300,BBOX_CLEAR
PAIR-010384,G-105,P-006,G-105|P-006,0.0000,135.5394,BBOX_CLEAR
PAIR-010385,G-105,P-007,G-105|P-007,0.0000,90.5450,BBOX_CLEAR
PAIR-010386,G-105,P-008,G-105|P-008,0.0000,719.7790,BBOX_CLEAR
PAIR-010387,G-105,P-009,G-105|P-009,0.0000,734.2721,BBOX_CLEAR
PAIR-010388,G-105,P-010,G-105|P-010,0.0000,843.6824,BBOX_CLEAR
PAIR-010389,G-105,P-011,G-105|P-011,0.0000,591.9410,BBOX_CLEAR
PAIR-010390,G-105,P-012,G-105|P-012,0.0000,741.0860,BBOX_CLEAR
PAIR-010391,G-105,P-013,G-105|P-013,0.0000,719.0828,BBOX_CLEAR
PAIR-010392,G-105,P-014,G-105|P-014,0.0000,775.0411,BBOX_CLEAR
PAIR-010393,G-105,P-015,G-105|P-015,0.0000,652.6716,BBOX_CLEAR
PAIR-010394,G-105,P-016,G-105|P-016,0.0000,866.7573,BBOX_CLEAR
PAIR-010395,G-105,P-017,G-105|P-017,0.0000,770.6172,BBOX_CLEAR
PAIR-010396,G-106,G-107,G-106|G-107,0.0000,0.0000,BBOX_WITHIN_8PX
PAIR-010397,G-106,G-108,G-106|G-108,0.0000,41.5110,BBOX_CLEAR
PAIR-010398,G-106,G-109,G-106|G-109,0.0000,83.0221,BBOX_CLEAR
PAIR-010399,G-106,G-110,G-106|G-110,0.0000,124.5331,BBOX_CLEAR
PAIR-010400,G-106,G-111,G-106|G-111,0.0000,166.0441,BBOX_CLEAR
PAIR-010401,G-106,G-112,G-106|G-112,0.0000,207.5552,BBOX_CLEAR
PAIR-010402,G-106,G-113,G-106|G-113,0.0000,249.0662,BBOX_CLEAR
PAIR-010403,G-106,G-114,G-106|G-114,0.0000,290.5772,BBOX_CLEAR
PAIR-010404,G-106,G-115,G-106|G-115,0.0000,332.0882,BBOX_CLEAR
PAIR-010405,G-106,G-116,G-106|G-116,0.0000,373.5993,BBOX_CLEAR
PAIR-010406,G-106,G-117,G-106|G-117,0.0000,415.1103,BBOX_CLEAR
PAIR-010407,G-106,G-118,G-106|G-118,0.0000,456.6213,BBOX_CLEAR
PAIR-010408,G-106,G-119,G-106|G-119,0.0000,498.1323,BBOX_CLEAR
PAIR-010409,G-106,G-120,G-106|G-120,0.0000,539.6434,BBOX_CLEAR
PAIR-010410,G-106,G-121,G-106|G-121,0.0000,581.1544,BBOX_CLEAR
PAIR-010411,G-106,G-122,G-106|G-122,0.0000,622.6654,BBOX_CLEAR
PAIR-010412,G-106,G-123,G-106|G-123,0.0000,664.1765,BBOX_CLEAR
PAIR-010413,G-106,G-124,G-106|G-124,0.0000,705.6875,BBOX_CLEAR
PAIR-010414,G-106,G-125,G-106|G-125,0.0000,747.1985,BBOX_CLEAR
PAIR-010415,G-106,G-126,G-106|G-126,0.0000,788.7095,BBOX_CLEAR
PAIR-010416,G-106,G-127,G-106|G-127,0.0000,830.2205,BBOX_CLEAR
PAIR-010417,G-106,G-128,G-106|G-128,0.0000,871.7316,BBOX_CLEAR
PAIR-010418,G-106,G-129,G-106|G-129,0.0000,913.2426,BBOX_CLEAR
PAIR-010419,G-106,G-130,G-106|G-130,0.0000,954.7536,BBOX_CLEAR
PAIR-010420,G-106,G-131,G-106|G-131,0.0000,996.2647,BBOX_CLEAR
PAIR-010421,G-106,G-132,G-106|G-132,0.0000,1037.7757,BBOX_CLEAR
PAIR-010422,G-106,G-133,G-106|G-133,0.0000,1079.2867,BBOX_CLEAR
PAIR-010423,G-106,G-134,G-106|G-134,0.0000,1120.7977,BBOX_CLEAR
PAIR-010424,G-106,G-135,G-106|G-135,0.0000,1162.3088,BBOX_CLEAR
PAIR-010425,G-106,P-001,G-106|P-001,0.0000,303.8546,BBOX_CLEAR
PAIR-010426,G-106,P-002,G-106|P-002,0.0000,1020.4028,BBOX_CLEAR
PAIR-010427,G-106,P-003,G-106|P-003,0.0000,269.7557,BBOX_CLEAR
PAIR-010428,G-106,P-004,G-106|P-004,0.0000,728.6749,BBOX_CLEAR
PAIR-010429,G-106,P-005,G-106|P-005,0.0000,216.8424,BBOX_CLEAR
PAIR-010430,G-106,P-006,G-106|P-006,0.0000,133.2075,BBOX_CLEAR
PAIR-010431,G-106,P-007,G-106|P-007,0.0000,90.5450,BBOX_CLEAR
PAIR-010432,G-106,P-008,G-106|P-008,0.0000,686.5589,BBOX_CLEAR
PAIR-010433,G-106,P-009,G-106|P-009,0.0000,701.1243,BBOX_CLEAR
PAIR-010434,G-106,P-010,G-106|P-010,0.0000,811.4243,BBOX_CLEAR
PAIR-010435,G-106,P-011,G-106|P-011,0.0000,558.6253,BBOX_CLEAR
PAIR-010436,G-106,P-012,G-106|P-012,0.0000,706.6987,BBOX_CLEAR
PAIR-010437,G-106,P-013,G-106|P-013,0.0000,680.5180,BBOX_CLEAR
PAIR-010438,G-106,P-014,G-106|P-014,0.0000,735.9798,BBOX_CLEAR
PAIR-010439,G-106,P-015,G-106|P-015,0.0000,627.4936,BBOX_CLEAR
PAIR-010440,G-106,P-016,G-106|P-016,0.0000,834.6282,BBOX_CLEAR
PAIR-010441,G-106,P-017,G-106|P-017,0.0000,737.3020,BBOX_CLEAR
PAIR-010442,G-107,G-108,G-107|G-108,0.0000,0.0000,BBOX_WITHIN_8PX
PAIR-010443,G-107,G-109,G-107|G-109,0.0000,41.5110,BBOX_CLEAR
PAIR-010444,G-107,G-110,G-107|G-110,0.0000,83.0220,BBOX_CLEAR
PAIR-010445,G-107,G-111,G-107|G-111,0.0000,124.5331,BBOX_CLEAR
PAIR-010446,G-107,G-112,G-107|G-112,0.0000,166.0441,BBOX_CLEAR
PAIR-010447,G-107,G-113,G-107|G-113,0.0000,207.5551,BBOX_CLEAR
PAIR-010448,G-107,G-114,G-107|G-114,0.0000,249.0662,BBOX_CLEAR
PAIR-010449,G-107,G-115,G-107|G-115,0.0000,290.5772,BBOX_CLEAR
PAIR-010450,G-107,G-116,G-107|G-116,0.0000,332.0882,BBOX_CLEAR
PAIR-010451,G-107,G-117,G-107|G-117,0.0000,373.5993,BBOX_CLEAR
PAIR-010452,G-107,G-118,G-107|G-118,0.0000,415.1102,BBOX_CLEAR
PAIR-010453,G-107,G-119,G-107|G-119,0.0000,456.6213,BBOX_CLEAR
PAIR-010454,G-107,G-120,G-107|G-120,0.0000,498.1323,BBOX_CLEAR
PAIR-010455,G-107,G-121,G-107|G-121,0.0000,539.6433,BBOX_CLEAR
PAIR-010456,G-107,G-122,G-107|G-122,0.0000,581.1544,BBOX_CLEAR
PAIR-010457,G-107,G-123,G-107|G-123,0.0000,622.6654,BBOX_CLEAR
PAIR-010458,G-107,G-124,G-107|G-124,0.0000,664.1764,BBOX_CLEAR
PAIR-010459,G-107,G-125,G-107|G-125,0.0000,705.6875,BBOX_CLEAR
PAIR-010460,G-107,G-126,G-107|G-126,0.0000,747.1985,BBOX_CLEAR
PAIR-010461,G-107,G-127,G-107|G-127,0.0000,788.7095,BBOX_CLEAR
PAIR-010462,G-107,G-128,G-107|G-128,0.0000,830.2205,BBOX_CLEAR
PAIR-010463,G-107,G-129,G-107|G-129,0.0000,871.7316,BBOX_CLEAR
PAIR-010464,G-107,G-130,G-107|G-130,0.0000,913.2426,BBOX_CLEAR
PAIR-010465,G-107,G-131,G-107|G-131,0.0000,954.7536,BBOX_CLEAR
PAIR-010466,G-107,G-132,G-107|G-132,0.0000,996.2647,BBOX_CLEAR
PAIR-010467,G-107,G-133,G-107|G-133,0.0000,1037.7757,BBOX_CLEAR
PAIR-010468,G-107,G-134,G-107|G-134,0.0000,1079.2867,BBOX_CLEAR
PAIR-010469,G-107,G-135,G-107|G-135,0.0000,1120.7977,BBOX_CLEAR
PAIR-010470,G-107,P-001,G-107|P-001,0.0000,303.8546,BBOX_CLEAR
PAIR-010471,G-107,P-002,G-107|P-002,0.0000,980.7585,BBOX_CLEAR
PAIR-010472,G-107,P-003,G-107|P-003,0.0000,228.5756,BBOX_CLEAR
PAIR-010473,G-107,P-004,G-107|P-004,0.0000,714.8753,BBOX_CLEAR
PAIR-010474,G-107,P-005,G-107|P-005,0.0000,203.1181,BBOX_CLEAR
PAIR-010475,G-107,P-006,G-107|P-006,0.0000,133.2075,BBOX_CLEAR
PAIR-010476,G-107,P-007,G-107|P-007,0.0000,90.5450,BBOX_CLEAR
PAIR-010477,G-107,P-008,G-107|P-008,0.0000,654.2865,BBOX_CLEAR
PAIR-010478,G-107,P-009,G-107|P-009,0.0000,668.9106,BBOX_CLEAR
PAIR-010479,G-107,P-010,G-107|P-010,0.0000,780.0417,BBOX_CLEAR
PAIR-010480,G-107,P-011,G-107|P-011,0.0000,526.4756,BBOX_CLEAR
PAIR-010481,G-107,P-012,G-107|P-012,0.0000,673.1151,BBOX_CLEAR
PAIR-010482,G-107,P-013,G-107|P-013,0.0000,642.3206,BBOX_CLEAR
PAIR-010483,G-107,P-014,G-107|P-014,0.0000,697.2016,BBOX_CLEAR
PAIR-010484,G-107,P-015,G-107|P-015,0.0000,604.1212,BBOX_CLEAR
PAIR-010485,G-107,P-016,G-107|P-016,0.0000,803.3595,BBOX_CLEAR
PAIR-010486,G-107,P-017,G-107|P-017,0.0000,704.8573,BBOX_CLEAR
PAIR-010487,G-108,G-109,G-108|G-109,0.0000,0.0000,BBOX_WITHIN_8PX
PAIR-010488,G-108,G-110,G-108|G-110,0.0000,41.5110,BBOX_CLEAR
PAIR-010489,G-108,G-111,G-108|G-111,0.0000,83.0220,BBOX_CLEAR
PAIR-010490,G-108,G-112,G-108|G-112,0.0000,124.5331,BBOX_CLEAR
PAIR-010491,G-108,G-113,G-108|G-113,0.0000,166.0441,BBOX_CLEAR
PAIR-010492,G-108,G-114,G-108|G-114,0.0000,207.5551,BBOX_CLEAR
PAIR-010493,G-108,G-115,G-108|G-115,0.0000,249.0662,BBOX_CLEAR
PAIR-010494,G-108,G-116,G-108|G-116,0.0000,290.5772,BBOX_CLEAR
PAIR-010495,G-108,G-117,G-108|G-117,0.0000,332.0882,BBOX_CLEAR
PAIR-010496,G-108,G-118,G-108|G-118,0.0000,373.5992,BBOX_CLEAR
PAIR-010497,G-108,G-119,G-108|G-119,0.0000,415.1102,BBOX_CLEAR
PAIR-010498,G-108,G-120,G-108|G-120,0.0000,456.6213,BBOX_CLEAR
PAIR-010499,G-108,G-121,G-108|G-121,0.0000,498.1323,BBOX_CLEAR
PAIR-010500,G-108,G-122,G-108|G-122,0.0000,539.6433,BBOX_CLEAR
PAIR-010501,G-108,G-123,G-108|G-123,0.0000,581.1544,BBOX_CLEAR
PAIR-010502,G-108,G-124,G-108|G-124,0.0000,622.6654,BBOX_CLEAR
PAIR-010503,G-108,G-125,G-108|G-125,0.0000,664.1764,BBOX_CLEAR
PAIR-010504,G-108,G-126,G-108|G-126,0.0000,705.6875,BBOX_CLEAR
PAIR-010505,G-108,G-127,G-108|G-127,0.0000,747.1985,BBOX_CLEAR
PAIR-010506,G-108,G-128,G-108|G-128,0.0000,788.7095,BBOX_CLEAR
PAIR-010507,G-108,G-129,G-108|G-129,0.0000,830.2205,BBOX_CLEAR
PAIR-010508,G-108,G-130,G-108|G-130,0.0000,871.7315,BBOX_CLEAR
PAIR-010509,G-108,G-131,G-108|G-131,0.0000,913.2426,BBOX_CLEAR
PAIR-010510,G-108,G-132,G-108|G-132,0.0000,954.7536,BBOX_CLEAR
PAIR-010511,G-108,G-133,G-108|G-133,0.0000,996.2646,BBOX_CLEAR
PAIR-010512,G-108,G-134,G-108|G-134,0.0000,1037.7757,BBOX_CLEAR
PAIR-010513,G-108,G-135,G-108|G-135,0.0000,1079.2867,BBOX_CLEAR
PAIR-010514,G-108,P-001,G-108|P-001,0.0000,303.8546,BBOX_CLEAR
PAIR-010515,G-108,P-002,G-108|P-002,0.0000,941.2751,BBOX_CLEAR
PAIR-010516,G-108,P-003,G-108|P-003,0.0000,187.5415,BBOX_CLEAR
PAIR-010517,G-108,P-004,G-108|P-004,0.0000,703.2587,BBOX_CLEAR
PAIR-010518,G-108,P-005,G-108|P-005,0.0000,197.3312,BBOX_CLEAR
PAIR-010519,G-108,P-006,G-108|P-006,0.0000,133.2075,BBOX_CLEAR
PAIR-010520,G-108,P-007,G-108|P-007,0.0000,90.5450,BBOX_CLEAR
PAIR-010521,G-108,P-008,G-108|P-008,0.0000,623.1089,BBOX_CLEAR
PAIR-010522,G-108,P-009,G-108|P-009,0.0000,637.7725,BBOX_CLEAR
PAIR-010523,G-108,P-010,G-108|P-010,0.0000,749.6446,BBOX_CLEAR
PAIR-010524,G-108,P-011,G-108|P-011,0.0000,495.7189,BBOX_CLEAR
PAIR-010525,G-108,P-012,G-108|P-012,0.0000,640.4617,BBOX_CLEAR
PAIR-010526,G-108,P-013,G-108|P-013,0.0000,604.5602,BBOX_CLEAR
PAIR-010527,G-108,P-014,G-108|P-014,0.0000,658.7565,BBOX_CLEAR
PAIR-010528,G-108,P-015,G-108|P-015,0.0000,582.7718,BBOX_CLEAR
PAIR-010529,G-108,P-016,G-108|P-016,0.0000,773.0557,BBOX_CLEAR
PAIR-010530,G-108,P-017,G-108|P-017,0.0000,673.4091,BBOX_CLEAR
PAIR-010531,G-109,G-110,G-109|G-110,0.0000,0.0000,BBOX_WITHIN_8PX
PAIR-010532,G-109,G-111,G-109|G-111,0.0000,41.5110,BBOX_CLEAR
PAIR-010533,G-109,G-112,G-109|G-112,0.0000,83.0221,BBOX_CLEAR
PAIR-010534,G-109,G-113,G-109|G-113,0.0000,124.5331,BBOX_CLEAR
PAIR-010535,G-109,G-114,G-109|G-114,0.0000,166.0441,BBOX_CLEAR
PAIR-010536,G-109,G-115,G-109|G-115,0.0000,207.5552,BBOX_CLEAR
PAIR-010537,G-109,G-116,G-109|G-116,0.0000,249.0662,BBOX_CLEAR
PAIR-010538,G-109,G-117,G-109|G-117,0.0000,290.5772,BBOX_CLEAR
PAIR-010539,G-109,G-118,G-109|G-118,0.0000,332.0882,BBOX_CLEAR
PAIR-010540,G-109,G-119,G-109|G-119,0.0000,373.5992,BBOX_CLEAR
PAIR-010541,G-109,G-120,G-109|G-120,0.0000,415.1103,BBOX_CLEAR
PAIR-010542,G-109,G-121,G-109|G-121,0.0000,456.6213,BBOX_CLEAR
PAIR-010543,G-109,G-122,G-109|G-122,0.0000,498.1323,BBOX_CLEAR
PAIR-010544,G-109,G-123,G-109|G-123,0.0000,539.6434,BBOX_CLEAR
PAIR-010545,G-109,G-124,G-109|G-124,0.0000,581.1544,BBOX_CLEAR
PAIR-010546,G-109,G-125,G-109|G-125,0.0000,622.6654,BBOX_CLEAR
PAIR-010547,G-109,G-126,G-109|G-126,0.0000,664.1765,BBOX_CLEAR
PAIR-010548,G-109,G-127,G-109|G-127,0.0000,705.6875,BBOX_CLEAR
PAIR-010549,G-109,G-128,G-109|G-128,0.0000,747.1985,BBOX_CLEAR
PAIR-010550,G-109,G-129,G-109|G-129,0.0000,788.7095,BBOX_CLEAR
PAIR-010551,G-109,G-130,G-109|G-130,0.0000,830.2205,BBOX_CLEAR
PAIR-010552,G-109,G-131,G-109|G-131,0.0000,871.7316,BBOX_CLEAR
PAIR-010553,G-109,G-132,G-109|G-132,0.0000,913.2426,BBOX_CLEAR
PAIR-010554,G-109,G-133,G-109|G-133,0.0000,954.7536,BBOX_CLEAR
PAIR-010555,G-109,G-134,G-109|G-134,0.0000,996.2647,BBOX_CLEAR
PAIR-010556,G-109,G-135,G-109|G-135,0.0000,1037.7757,BBOX_CLEAR
PAIR-010557,G-109,P-001,G-109|P-001,0.0000,303.8546,BBOX_CLEAR
PAIR-010558,G-109,P-002,G-109|P-002,0.0000,901.9739,BBOX_CLEAR
PAIR-010559,G-109,P-003,G-109|P-003,0.0000,146.7759,BBOX_CLEAR
PAIR-010560,G-109,P-004,G-109|P-004,0.0000,693.9346,BBOX_CLEAR
PAIR-010561,G-109,P-005,G-109|P-005,0.0000,197.2013,BBOX_CLEAR
PAIR-010562,G-109,P-006,G-109|P-006,0.0000,133.2075,BBOX_CLEAR
PAIR-010563,G-109,P-007,G-109|P-007,0.0000,90.5450,BBOX_CLEAR
PAIR-010564,G-109,P-008,G-109|P-008,0.0000,593.1990,BBOX_CLEAR
PAIR-010565,G-109,P-009,G-109|P-009,0.0000,607.8754,BBOX_CLEAR
PAIR-010566,G-109,P-010,G-109|P-010,0.0000,720.3578,BBOX_CLEAR
PAIR-010567,G-109,P-011,G-109|P-011,0.0000,466.6307,BBOX_CLEAR
PAIR-010568,G-109,P-012,G-109|P-012,0.0000,608.8882,BBOX_CLEAR
PAIR-010569,G-109,P-013,G-109|P-013,0.0000,567.3241,BBOX_CLEAR
PAIR-010570,G-109,P-014,G-109|P-014,0.0000,620.7065,BBOX_CLEAR
PAIR-010571,G-109,P-015,G-109|P-015,0.0000,563.6754,BBOX_CLEAR
PAIR-010572,G-109,P-016,G-109|P-016,0.0000,743.8347,BBOX_CLEAR
PAIR-010573,G-109,P-017,G-109|P-017,0.0000,643.1035,BBOX_CLEAR
PAIR-010574,G-110,G-111,G-110|G-111,0.0000,0.0000,BBOX_WITHIN_8PX
PAIR-010575,G-110,G-112,G-110|G-112,0.0000,41.5110,BBOX_CLEAR
PAIR-010576,G-110,G-113,G-110|G-113,0.0000,83.0220,BBOX_CLEAR
PAIR-010577,G-110,G-114,G-110|G-114,0.0000,124.5331,BBOX_CLEAR
PAIR-010578,G-110,G-115,G-110|G-115,0.0000,166.0441,BBOX_CLEAR
PAIR-010579,G-110,G-116,G-110|G-116,0.0000,207.5551,BBOX_CLEAR
PAIR-010580,G-110,G-117,G-110|G-117,0.0000,249.0662,BBOX_CLEAR
PAIR-010581,G-110,G-118,G-110|G-118,0.0000,290.5772,BBOX_CLEAR
PAIR-010582,G-110,G-119,G-110|G-119,0.0000,332.0882,BBOX_CLEAR
PAIR-010583,G-110,G-120,G-110|G-120,0.0000,373.5993,BBOX_CLEAR
PAIR-010584,G-110,G-121,G-110|G-121,0.0000,415.1103,BBOX_CLEAR
PAIR-010585,G-110,G-122,G-110|G-122,0.0000,456.6213,BBOX_CLEAR
PAIR-010586,G-110,G-123,G-110|G-123,0.0000,498.1323,BBOX_CLEAR
PAIR-010587,G-110,G-124,G-110|G-124,0.0000,539.6433,BBOX_CLEAR
PAIR-010588,G-110,G-125,G-110|G-125,0.0000,581.1544,BBOX_CLEAR
PAIR-010589,G-110,G-126,G-110|G-126,0.0000,622.6654,BBOX_CLEAR
PAIR-010590,G-110,G-127,G-110|G-127,0.0000,664.1764,BBOX_CLEAR
PAIR-010591,G-110,G-128,G-110|G-128,0.0000,705.6875,BBOX_CLEAR
PAIR-010592,G-110,G-129,G-110|G-129,0.0000,747.1985,BBOX_CLEAR
PAIR-010593,G-110,G-130,G-110|G-130,0.0000,788.7095,BBOX_CLEAR
PAIR-010594,G-110,G-131,G-110|G-131,0.0000,830.2205,BBOX_CLEAR
PAIR-010595,G-110,G-132,G-110|G-132,0.0000,871.7316,BBOX_CLEAR
PAIR-010596,G-110,G-133,G-110|G-133,0.0000,913.2426,BBOX_CLEAR
PAIR-010597,G-110,G-134,G-110|G-134,0.0000,954.7536,BBOX_CLEAR
PAIR-010598,G-110,G-135,G-110|G-135,0.0000,996.2647,BBOX_CLEAR
PAIR-010599,G-110,P-001,G-110|P-001,0.0000,303.8546,BBOX_CLEAR
PAIR-010600,G-110,P-002,G-110|P-002,0.0000,862.8796,BBOX_CLEAR
PAIR-010601,G-110,P-003,G-110|P-003,0.0000,106.5872,BBOX_CLEAR
PAIR-010602,G-110,P-004,G-110|P-004,0.0000,686.9963,BBOX_CLEAR
PAIR-010603,G-110,P-005,G-110|P-005,0.0000,197.2013,BBOX_CLEAR
PAIR-010604,G-110,P-006,G-110|P-006,0.0000,133.2075,BBOX_CLEAR
PAIR-010605,G-110,P-007,G-110|P-007,0.0000,90.5450,BBOX_CLEAR
PAIR-010606,G-110,P-008,G-110|P-008,0.0000,564.7581,BBOX_CLEAR
PAIR-010607,G-110,P-009,G-110|P-009,0.0000,579.4114,BBOX_CLEAR
PAIR-010608,G-110,P-010,G-110|P-010,0.0000,692.3222,BBOX_CLEAR
PAIR-010609,G-110,P-011,G-110|P-011,0.0000,439.5424,BBOX_CLEAR
PAIR-010610,G-110,P-012,G-110|P-012,0.0000,578.5712,BBOX_CLEAR
PAIR-010611,G-110,P-013,G-110|P-013,0.0000,530.7227,BBOX_CLEAR
PAIR-010612,G-110,P-014,G-110|P-014,0.0000,583.1290,BBOX_CLEAR
PAIR-010613,G-110,P-015,G-110|P-015,0.0000,547.0678,BBOX_CLEAR
PAIR-010614,G-110,P-016,G-110|P-016,0.0000,715.8291,BBOX_CLEAR
PAIR-010615,G-110,P-017,G-110|P-017,0.0000,614.1097,BBOX_CLEAR
PAIR-010616,G-111,G-112,G-111|G-112,0.0000,0.0000,BBOX_WITHIN_8PX
PAIR-010617,G-111,G-113,G-111|G-113,0.0000,41.5110,BBOX_CLEAR
PAIR-010618,G-111,G-114,G-111|G-114,0.0000,83.0220,BBOX_CLEAR
PAIR-010619,G-111,G-115,G-111|G-115,0.0000,124.5331,BBOX_CLEAR
PAIR-010620,G-111,G-116,G-111|G-116,0.0000,166.0441,BBOX_CLEAR
PAIR-010621,G-111,G-117,G-111|G-117,0.0000,207.5551,BBOX_CLEAR
PAIR-010622,G-111,G-118,G-111|G-118,0.0000,249.0661,BBOX_CLEAR
PAIR-010623,G-111,G-119,G-111|G-119,0.0000,290.5772,BBOX_CLEAR
PAIR-010624,G-111,G-120,G-111|G-120,0.0000,332.0882,BBOX_CLEAR
PAIR-010625,G-111,G-121,G-111|G-121,0.0000,373.5992,BBOX_CLEAR
PAIR-010626,G-111,G-122,G-111|G-122,0.0000,415.1102,BBOX_CLEAR
PAIR-010627,G-111,G-123,G-111|G-123,0.0000,456.6213,BBOX_CLEAR
PAIR-010628,G-111,G-124,G-111|G-124,0.0000,498.1323,BBOX_CLEAR
PAIR-010629,G-111,G-125,G-111|G-125,0.0000,539.6433,BBOX_CLEAR
PAIR-010630,G-111,G-126,G-111|G-126,0.0000,581.1544,BBOX_CLEAR
PAIR-010631,G-111,G-127,G-111|G-127,0.0000,622.6654,BBOX_CLEAR
PAIR-010632,G-111,G-128,G-111|G-128,0.0000,664.1764,BBOX_CLEAR
PAIR-010633,G-111,G-129,G-111|G-129,0.0000,705.6875,BBOX_CLEAR
PAIR-010634,G-111,G-130,G-111|G-130,0.0000,747.1985,BBOX_CLEAR
PAIR-010635,G-111,G-131,G-111|G-131,0.0000,788.7095,BBOX_CLEAR
PAIR-010636,G-111,G-132,G-111|G-132,0.0000,830.2205,BBOX_CLEAR
PAIR-010637,G-111,G-133,G-111|G-133,0.0000,871.7315,BBOX_CLEAR
PAIR-010638,G-111,G-134,G-111|G-134,0.0000,913.2426,BBOX_CLEAR
PAIR-010639,G-111,G-135,G-111|G-135,0.0000,954.7536,BBOX_CLEAR
PAIR-010640,G-111,P-001,G-111|P-001,0.0000,303.8546,BBOX_CLEAR
PAIR-010641,G-111,P-002,G-111|P-002,0.0000,824.0218,BBOX_CLEAR
PAIR-010642,G-111,P-003,G-111|P-003,0.0000,68.0061,BBOX_CLEAR
PAIR-010643,G-111,P-004,G-111|P-004,0.0000,682.5166,BBOX_CLEAR
PAIR-010644,G-111,P-005,G-111|P-005,0.0000,197.2013,BBOX_CLEAR
PAIR-010645,G-111,P-006,G-111|P-006,0.0000,133.2075,BBOX_CLEAR
PAIR-010646,G-111,P-007,G-111|P-007,0.0000,90.5450,BBOX_CLEAR
PAIR-010647,G-111,P-008,G-111|P-008,0.0000,538.0192,BBOX_CLEAR
PAIR-010648,G-111,P-009,G-111|P-009,0.0000,552.6020,BBOX_CLEAR
PAIR-010649,G-111,P-010,G-111|P-010,0.0000,665.6959,BBOX_CLEAR
PAIR-010650,G-111,P-011,G-111|P-011,0.0000,414.8460,BBOX_CLEAR
PAIR-010651,G-111,P-012,G-111|P-012,0.0000,549.7189,BBOX_CLEAR
PAIR-010652,G-111,P-013,G-111|P-013,0.0000,494.8968,BBOX_CLEAR
PAIR-010653,G-111,P-014,G-111|P-014,0.0000,546.1213,BBOX_CLEAR
PAIR-010654,G-111,P-015,G-111|P-015,0.0000,533.1818,BBOX_CLEAR
PAIR-010655,G-111,P-016,G-111|P-016,0.0000,689.1872,BBOX_CLEAR
PAIR-010656,G-111,P-017,G-111|P-017,0.0000,586.6223,BBOX_CLEAR
PAIR-010657,G-112,G-113,G-112|G-113,0.0000,0.0000,BBOX_WITHIN_8PX
PAIR-010658,G-112,G-114,G-112|G-114,0.0000,41.5110,BBOX_CLEAR
PAIR-010659,G-112,G-115,G-112|G-115,0.0000,83.0221,BBOX_CLEAR
PAIR-010660,G-112,G-116,G-112|G-116,0.0000,124.5331,BBOX_CLEAR
PAIR-010661,G-112,G-117,G-112|G-117,0.0000,166.0441,BBOX_CLEAR
PAIR-010662,G-112,G-118,G-112|G-118,0.0000,207.5551,BBOX_CLEAR
PAIR-010663,G-112,G-119,G-112|G-119,0.0000,249.0662,BBOX_CLEAR
PAIR-010664,G-112,G-120,G-112|G-120,0.0000,290.5772,BBOX_CLEAR
PAIR-010665,G-112,G-121,G-112|G-121,0.0000,332.0882,BBOX_CLEAR
PAIR-010666,G-112,G-122,G-112|G-122,0.0000,373.5992,BBOX_CLEAR
PAIR-010667,G-112,G-123,G-112|G-123,0.0000,415.1103,BBOX_CLEAR
PAIR-010668,G-112,G-124,G-112|G-124,0.0000,456.6213,BBOX_CLEAR
PAIR-010669,G-112,G-125,G-112|G-125,0.0000,498.1323,BBOX_CLEAR
PAIR-010670,G-112,G-126,G-112|G-126,0.0000,539.6434,BBOX_CLEAR
PAIR-010671,G-112,G-127,G-112|G-127,0.0000,581.1544,BBOX_CLEAR
PAIR-010672,G-112,G-128,G-112|G-128,0.0000,622.6654,BBOX_CLEAR
PAIR-010673,G-112,G-129,G-112|G-129,0.0000,664.1765,BBOX_CLEAR
PAIR-010674,G-112,G-130,G-112|G-130,0.0000,705.6875,BBOX_CLEAR
PAIR-010675,G-112,G-131,G-112|G-131,0.0000,747.1985,BBOX_CLEAR
PAIR-010676,G-112,G-132,G-112|G-132,0.0000,788.7095,BBOX_CLEAR
PAIR-010677,G-112,G-133,G-112|G-133,0.0000,830.2205,BBOX_CLEAR
PAIR-010678,G-112,G-134,G-112|G-134,0.0000,871.7316,BBOX_CLEAR
PAIR-010679,G-112,G-135,G-112|G-135,0.0000,913.2426,BBOX_CLEAR
PAIR-010680,G-112,P-001,G-112|P-001,0.0000,303.8546,BBOX_CLEAR
PAIR-010681,G-112,P-002,G-112|P-002,0.0000,785.4355,BBOX_CLEAR
PAIR-010682,G-112,P-003,G-112|P-003,0.0000,36.5400,BBOX_CLEAR
PAIR-010683,G-112,P-004,G-112|P-004,0.0000,680.5441,BBOX_CLEAR
PAIR-010684,G-112,P-005,G-112|P-005,0.0000,197.2013,BBOX_CLEAR
PAIR-010685,G-112,P-006,G-112|P-006,0.0000,133.2075,BBOX_CLEAR
PAIR-010686,G-112,P-007,G-112|P-007,0.0000,90.5450,BBOX_CLEAR
PAIR-010687,G-112,P-008,G-112|P-008,0.0000,513.2485,BBOX_CLEAR
PAIR-010688,G-112,P-009,G-112|P-009,0.0000,527.6994,BBOX_CLEAR
PAIR-010689,G-112,P-010,G-112|P-010,0.0000,640.6546,BBOX_CLEAR
PAIR-010690,G-112,P-011,G-112|P-011,0.0000,392.9926,BBOX_CLEAR
PAIR-010691,G-112,P-012,G-112|P-012,0.0000,522.5739,BBOX_CLEAR
PAIR-010692,G-112,P-013,G-112|P-013,0.0000,460.0278,BBOX_CLEAR
PAIR-010693,G-112,P-014,G-112|P-014,0.0000,509.8078,BBOX_CLEAR
PAIR-010694,G-112,P-015,G-112|P-015,0.0000,522.2344,BBOX_CLEAR
PAIR-010695,G-112,P-016,G-112|P-016,0.0000,664.0730,BBOX_CLEAR
PAIR-010696,G-112,P-017,G-112|P-017,0.0000,560.8628,BBOX_CLEAR
PAIR-010697,G-113,G-114,G-113|G-114,0.0000,0.0000,BBOX_WITHIN_8PX
PAIR-010698,G-113,G-115,G-113|G-115,0.0000,41.5110,BBOX_CLEAR
PAIR-010699,G-113,G-116,G-113|G-116,0.0000,83.0220,BBOX_CLEAR
PAIR-010700,G-113,G-117,G-113|G-117,0.0000,124.5331,BBOX_CLEAR
PAIR-010701,G-113,G-118,G-113|G-118,0.0000,166.0441,BBOX_CLEAR
PAIR-010702,G-113,G-119,G-113|G-119,0.0000,207.5551,BBOX_CLEAR
PAIR-010703,G-113,G-120,G-113|G-120,0.0000,249.0662,BBOX_CLEAR
PAIR-010704,G-113,G-121,G-113|G-121,0.0000,290.5772,BBOX_CLEAR
PAIR-010705,G-113,G-122,G-113|G-122,0.0000,332.0882,BBOX_CLEAR
PAIR-010706,G-113,G-123,G-113|G-123,0.0000,373.5992,BBOX_CLEAR
PAIR-010707,G-113,G-124,G-113|G-124,0.0000,415.1103,BBOX_CLEAR
PAIR-010708,G-113,G-125,G-113|G-125,0.0000,456.6213,BBOX_CLEAR
PAIR-010709,G-113,G-126,G-113|G-126,0.0000,498.1323,BBOX_CLEAR
PAIR-010710,G-113,G-127,G-113|G-127,0.0000,539.6433,BBOX_CLEAR
PAIR-010711,G-113,G-128,G-113|G-128,0.0000,581.1544,BBOX_CLEAR
PAIR-010712,G-113,G-129,G-113|G-129,0.0000,622.6654,BBOX_CLEAR
PAIR-010713,G-113,G-130,G-113|G-130,0.0000,664.1764,BBOX_CLEAR
PAIR-010714,G-113,G-131,G-113|G-131,0.0000,705.6875,BBOX_CLEAR
PAIR-010715,G-113,G-132,G-113|G-132,0.0000,747.1985,BBOX_CLEAR
PAIR-010716,G-113,G-133,G-113|G-133,0.0000,788.7095,BBOX_CLEAR
PAIR-010717,G-113,G-134,G-113|G-134,0.0000,830.2205,BBOX_CLEAR
PAIR-010718,G-113,G-135,G-113|G-135,0.0000,871.7316,BBOX_CLEAR
PAIR-010719,G-113,P-001,G-113|P-001,0.0000,303.8546,BBOX_CLEAR
PAIR-010720,G-113,P-002,G-113|P-002,0.0000,747.1628,BBOX_CLEAR
PAIR-010721,G-113,P-003,G-113|P-003,0.0000,31.2914,BBOX_CLEAR
PAIR-010722,G-113,P-004,G-113|P-004,0.0000,680.4448,BBOX_CLEAR
PAIR-010723,G-113,P-005,G-113|P-005,0.0000,197.2013,BBOX_CLEAR
PAIR-010724,G-113,P-006,G-113|P-006,0.0000,133.2075,BBOX_CLEAR
PAIR-010725,G-113,P-007,G-113|P-007,0.0000,90.5450,BBOX_CLEAR
PAIR-010726,G-113,P-008,G-113|P-008,0.0000,490.7440,BBOX_CLEAR
PAIR-010727,G-113,P-009,G-113|P-009,0.0000,504.9858,BBOX_CLEAR
PAIR-010728,G-113,P-010,G-113|P-010,0.0000,617.3913,BBOX_CLEAR
PAIR-010729,G-113,P-011,G-113|P-011,0.0000,374.4803,BBOX_CLEAR
PAIR-010730,G-113,P-012,G-113|P-012,0.0000,497.4157,BBOX_CLEAR
PAIR-010731,G-113,P-013,G-113|P-013,0.0000,426.3502,BBOX_CLEAR
PAIR-010732,G-113,P-014,G-113|P-014,0.0000,474.3477,BBOX_CLEAR
PAIR-010733,G-113,P-015,G-113|P-015,0.0000,514.4132,BBOX_CLEAR
PAIR-010734,G-113,P-016,G-113|P-016,0.0000,640.6662,BBOX_CLEAR
PAIR-010735,G-113,P-017,G-113|P-017,0.0000,537.0798,BBOX_CLEAR
PAIR-010736,G-114,G-115,G-114|G-115,0.0000,0.0000,BBOX_WITHIN_8PX
PAIR-010737,G-114,G-116,G-114|G-116,0.0000,41.5110,BBOX_CLEAR
PAIR-010738,G-114,G-117,G-114|G-117,0.0000,83.0220,BBOX_CLEAR
PAIR-010739,G-114,G-118,G-114|G-118,0.0000,124.5330,BBOX_CLEAR
PAIR-010740,G-114,G-119,G-114|G-119,0.0000,166.0441,BBOX_CLEAR
PAIR-010741,G-114,G-120,G-114|G-120,0.0000,207.5551,BBOX_CLEAR
PAIR-010742,G-114,G-121,G-114|G-121,0.0000,249.0661,BBOX_CLEAR
PAIR-010743,G-114,G-122,G-114|G-122,0.0000,290.5772,BBOX_CLEAR
PAIR-010744,G-114,G-123,G-114|G-123,0.0000,332.0882,BBOX_CLEAR
PAIR-010745,G-114,G-124,G-114|G-124,0.0000,373.5992,BBOX_CLEAR
PAIR-010746,G-114,G-125,G-114|G-125,0.0000,415.1103,BBOX_CLEAR
PAIR-010747,G-114,G-126,G-114|G-126,0.0000,456.6213,BBOX_CLEAR
PAIR-010748,G-114,G-127,G-114|G-127,0.0000,498.1323,BBOX_CLEAR
PAIR-010749,G-114,G-128,G-114|G-128,0.0000,539.6433,BBOX_CLEAR
PAIR-010750,G-114,G-129,G-114|G-129,0.0000,581.1544,BBOX_CLEAR
PAIR-010751,G-114,G-130,G-114|G-130,0.0000,622.6654,BBOX_CLEAR
PAIR-010752,G-114,G-131,G-114|G-131,0.0000,664.1764,BBOX_CLEAR
PAIR-010753,G-114,G-132,G-114|G-132,0.0000,705.6875,BBOX_CLEAR
PAIR-010754,G-114,G-133,G-114|G-133,0.0000,747.1985,BBOX_CLEAR
PAIR-010755,G-114,G-134,G-114|G-134,0.0000,788.7095,BBOX_CLEAR
PAIR-010756,G-114,G-135,G-114|G-135,0.0000,830.2205,BBOX_CLEAR
PAIR-010757,G-114,P-001,G-114|P-001,0.0000,303.8546,BBOX_CLEAR
PAIR-010758,G-114,P-002,G-114|P-002,0.0000,709.2544,BBOX_CLEAR
PAIR-010759,G-114,P-003,G-114|P-003,0.0000,38.6243,BBOX_CLEAR
PAIR-010760,G-114,P-004,G-114|P-004,0.0000,680.6191,BBOX_CLEAR
PAIR-010761,G-114,P-005,G-114|P-005,0.0000,197.2013,BBOX_CLEAR
PAIR-010762,G-114,P-006,G-114|P-006,0.0000,133.2075,BBOX_CLEAR
PAIR-010763,G-114,P-007,G-114|P-007,0.0000,90.5450,BBOX_CLEAR
PAIR-010764,G-114,P-008,G-114|P-008,0.0000,470.8308,BBOX_CLEAR
PAIR-010765,G-114,P-009,G-114|P-009,0.0000,484.7691,BBOX_CLEAR
PAIR-010766,G-114,P-010,G-114|P-010,0.0000,596.1141,BBOX_CLEAR
PAIR-010767,G-114,P-011,G-114|P-011,0.0000,359.8252,BBOX_CLEAR
PAIR-010768,G-114,P-012,G-114|P-012,0.0000,474.5605,BBOX_CLEAR
PAIR-010769,G-114,P-013,G-114|P-013,0.0000,394.1697,BBOX_CLEAR
PAIR-010770,G-114,P-014,G-114|P-014,0.0000,439.9476,BBOX_CLEAR
PAIR-010771,G-114,P-015,G-114|P-015,0.0000,509.8623,BBOX_CLEAR
PAIR-010772,G-114,P-016,G-114|P-016,0.0000,619.1605,BBOX_CLEAR
PAIR-010773,G-114,P-017,G-114|P-017,0.0000,515.5469,BBOX_CLEAR
PAIR-010774,G-115,G-116,G-115|G-116,0.0000,0.0000,BBOX_WITHIN_8PX
PAIR-010775,G-115,G-117,G-115|G-117,0.0000,41.5110,BBOX_CLEAR
PAIR-010776,G-115,G-118,G-115|G-118,0.0000,83.0220,BBOX_CLEAR
PAIR-010777,G-115,G-119,G-115|G-119,0.0000,124.5331,BBOX_CLEAR
PAIR-010778,G-115,G-120,G-115|G-120,0.0000,166.0441,BBOX_CLEAR
PAIR-010779,G-115,G-121,G-115|G-121,0.0000,207.5551,BBOX_CLEAR
PAIR-010780,G-115,G-122,G-115|G-122,0.0000,249.0662,BBOX_CLEAR
PAIR-010781,G-115,G-123,G-115|G-123,0.0000,290.5772,BBOX_CLEAR
PAIR-010782,G-115,G-124,G-115|G-124,0.0000,332.0882,BBOX_CLEAR
PAIR-010783,G-115,G-125,G-115|G-125,0.0000,373.5992,BBOX_CLEAR
PAIR-010784,G-115,G-126,G-115|G-126,0.0000,415.1103,BBOX_CLEAR
PAIR-010785,G-115,G-127,G-115|G-127,0.0000,456.6213,BBOX_CLEAR
PAIR-010786,G-115,G-128,G-115|G-128,0.0000,498.1323,BBOX_CLEAR
PAIR-010787,G-115,G-129,G-115|G-129,0.0000,539.6434,BBOX_CLEAR
PAIR-010788,G-115,G-130,G-115|G-130,0.0000,581.1544,BBOX_CLEAR
PAIR-010789,G-115,G-131,G-115|G-131,0.0000,622.6654,BBOX_CLEAR
PAIR-010790,G-115,G-132,G-115|G-132,0.0000,664.1765,BBOX_CLEAR
PAIR-010791,G-115,G-133,G-115|G-133,0.0000,705.6875,BBOX_CLEAR
PAIR-010792,G-115,G-134,G-115|G-134,0.0000,747.1985,BBOX_CLEAR
PAIR-010793,G-115,G-135,G-115|G-135,0.0000,788.7095,BBOX_CLEAR
PAIR-010794,G-115,P-001,G-115|P-001,0.0000,303.8546,BBOX_CLEAR
PAIR-010795,G-115,P-002,G-115|P-002,0.0000,671.7722,BBOX_CLEAR
PAIR-010796,G-115,P-003,G-115|P-003,0.0000,71.3781,BBOX_CLEAR
PAIR-010797,G-115,P-004,G-115|P-004,0.0000,682.8208,BBOX_CLEAR
PAIR-010798,G-115,P-005,G-115|P-005,0.0000,197.2013,BBOX_CLEAR
PAIR-010799,G-115,P-006,G-115|P-006,0.0000,133.2075,BBOX_CLEAR
PAIR-010800,G-115,P-007,G-115|P-007,0.0000,90.5450,BBOX_CLEAR
PAIR-010801,G-115,P-008,G-115|P-008,0.0000,453.8501,BBOX_CLEAR
PAIR-010802,G-115,P-009,G-115|P-009,0.0000,467.3733,BBOX_CLEAR
PAIR-010803,G-115,P-010,G-115|P-010,0.0000,577.0427,BBOX_CLEAR
PAIR-010804,G-115,P-011,G-115|P-011,0.0000,349.5127,BBOX_CLEAR
PAIR-010805,G-115,P-012,G-115|P-012,0.0000,454.3558,BBOX_CLEAR
PAIR-010806,G-115,P-013,G-115|P-013,0.0000,363.8838,BBOX_CLEAR
PAIR-010807,G-115,P-014,G-115|P-014,0.0000,406.8763,BBOX_CLEAR
PAIR-010808,G-115,P-015,G-115|P-015,0.0000,508.6325,BBOX_CLEAR
PAIR-010809,G-115,P-016,G-115|P-016,0.0000,599.7605,BBOX_CLEAR
PAIR-010810,G-115,P-017,G-115|P-017,0.0000,496.5571,BBOX_CLEAR
PAIR-010811,G-116,G-117,G-116|G-117,0.0000,0.0000,BBOX_WITHIN_8PX
PAIR-010812,G-116,G-118,G-116|G-118,0.0000,41.5110,BBOX_CLEAR
PAIR-010813,G-116,G-119,G-116|G-119,0.0000,83.0220,BBOX_CLEAR
PAIR-010814,G-116,G-120,G-116|G-120,0.0000,124.5331,BBOX_CLEAR
PAIR-010815,G-116,G-121,G-116|G-121,0.0000,166.0441,BBOX_CLEAR
PAIR-010816,G-116,G-122,G-116|G-122,0.0000,207.5551,BBOX_CLEAR
PAIR-010817,G-116,G-123,G-116|G-123,0.0000,249.0662,BBOX_CLEAR
PAIR-010818,G-116,G-124,G-116|G-124,0.0000,290.5772,BBOX_CLEAR
PAIR-010819,G-116,G-125,G-116|G-125,0.0000,332.0882,BBOX_CLEAR
PAIR-010820,G-116,G-126,G-116|G-126,0.0000,373.5992,BBOX_CLEAR
PAIR-010821,G-116,G-127,G-116|G-127,0.0000,415.1103,BBOX_CLEAR
PAIR-010822,G-116,G-128,G-116|G-128,0.0000,456.6213,BBOX_CLEAR
PAIR-010823,G-116,G-129,G-116|G-129,0.0000,498.1323,BBOX_CLEAR
PAIR-010824,G-116,G-130,G-116|G-130,0.0000,539.6433,BBOX_CLEAR
PAIR-010825,G-116,G-131,G-116|G-131,0.0000,581.1544,BBOX_CLEAR
PAIR-010826,G-116,G-132,G-116|G-132,0.0000,622.6654,BBOX_CLEAR
PAIR-010827,G-116,G-133,G-116|G-133,0.0000,664.1764,BBOX_CLEAR
PAIR-010828,G-116,G-134,G-116|G-134,0.0000,705.6875,BBOX_CLEAR
PAIR-010829,G-116,G-135,G-116|G-135,0.0000,747.1985,BBOX_CLEAR
PAIR-010830,G-116,P-001,G-116|P-001,0.0000,303.8546,BBOX_CLEAR
PAIR-010831,G-116,P-002,G-116|P-002,0.0000,634.7915,BBOX_CLEAR
PAIR-010832,G-116,P-003,G-116|P-003,0.0000,110.2006,BBOX_CLEAR
PAIR-010833,G-116,P-004,G-116|P-004,0.0000,687.5264,BBOX_CLEAR
PAIR-010834,G-116,P-005,G-116|P-005,0.0000,197.2013,BBOX_CLEAR
PAIR-010835,G-116,P-006,G-116|P-006,0.0000,133.2075,BBOX_CLEAR
PAIR-010836,G-116,P-007,G-116|P-007,0.0000,90.5450,BBOX_CLEAR
PAIR-010837,G-116,P-008,G-116|P-008,0.0000,440.1415,BBOX_CLEAR
PAIR-010838,G-116,P-009,G-116|P-009,0.0000,453.1234,BBOX_CLEAR
PAIR-010839,G-116,P-010,G-116|P-010,0.0000,560.4025,BBOX_CLEAR
PAIR-010840,G-116,P-011,G-116|P-011,0.0000,343.9338,BBOX_CLEAR
PAIR-010841,G-116,P-012,G-116|P-012,0.0000,437.1695,BBOX_CLEAR
PAIR-010842,G-116,P-013,G-116|P-013,0.0000,336.0050,BBOX_CLEAR
PAIR-010843,G-116,P-014,G-116|P-014,0.0000,375.4851,BBOX_CLEAR
PAIR-010844,G-116,P-015,G-116|P-015,0.0000,508.6325,BBOX_CLEAR
PAIR-010845,G-116,P-016,G-116|P-016,0.0000,582.6765,BBOX_CLEAR
PAIR-010846,G-116,P-017,G-116|P-017,0.0000,480.4118,BBOX_CLEAR
PAIR-010847,G-117,G-118,G-117|G-118,0.0000,0.0000,BBOX_WITHIN_8PX
PAIR-010848,G-117,G-119,G-117|G-119,0.0000,41.5110,BBOX_CLEAR
PAIR-010849,G-117,G-120,G-117|G-120,0.0000,83.0221,BBOX_CLEAR
PAIR-010850,G-117,G-121,G-117|G-121,0.0000,124.5331,BBOX_CLEAR
PAIR-010851,G-117,G-122,G-117|G-122,0.0000,166.0441,BBOX_CLEAR
PAIR-010852,G-117,G-123,G-117|G-123,0.0000,207.5552,BBOX_CLEAR
PAIR-010853,G-117,G-124,G-117|G-124,0.0000,249.0662,BBOX_CLEAR
PAIR-010854,G-117,G-125,G-117|G-125,0.0000,290.5772,BBOX_CLEAR
PAIR-010855,G-117,G-126,G-117|G-126,0.0000,332.0883,BBOX_CLEAR
PAIR-010856,G-117,G-127,G-117|G-127,0.0000,373.5993,BBOX_CLEAR
PAIR-010857,G-117,G-128,G-117|G-128,0.0000,415.1103,BBOX_CLEAR
PAIR-010858,G-117,G-129,G-117|G-129,0.0000,456.6213,BBOX_CLEAR
PAIR-010859,G-117,G-130,G-117|G-130,0.0000,498.1323,BBOX_CLEAR
PAIR-010860,G-117,G-131,G-117|G-131,0.0000,539.6434,BBOX_CLEAR
PAIR-010861,G-117,G-132,G-117|G-132,0.0000,581.1544,BBOX_CLEAR
PAIR-010862,G-117,G-133,G-117|G-133,0.0000,622.6654,BBOX_CLEAR
PAIR-010863,G-117,G-134,G-117|G-134,0.0000,664.1765,BBOX_CLEAR
PAIR-010864,G-117,G-135,G-117|G-135,0.0000,705.6875,BBOX_CLEAR
PAIR-010865,G-117,P-001,G-117|P-001,0.0000,303.8546,BBOX_CLEAR
PAIR-010866,G-117,P-002,G-117|P-002,0.0000,598.4053,BBOX_CLEAR
PAIR-010867,G-117,P-003,G-117|P-003,0.0000,150.4654,BBOX_CLEAR
PAIR-010868,G-117,P-004,G-117|P-004,0.0000,694.6850,BBOX_CLEAR
PAIR-010869,G-117,P-005,G-117|P-005,0.0000,197.2013,BBOX_CLEAR
PAIR-010870,G-117,P-006,G-117|P-006,0.0000,133.2075,BBOX_CLEAR
PAIR-010871,G-117,P-007,G-117|P-007,0.0000,90.5450,BBOX_CLEAR
PAIR-010872,G-117,P-008,G-117|P-008,0.0000,430.0181,BBOX_CLEAR
PAIR-010873,G-117,P-009,G-117|P-009,0.0000,442.3236,BBOX_CLEAR
PAIR-010874,G-117,P-010,G-117|P-010,0.0000,546.4155,BBOX_CLEAR
PAIR-010875,G-117,P-011,G-117|P-011,0.0000,342.9615,BBOX_CLEAR
PAIR-010876,G-117,P-012,G-117|P-012,0.0000,423.3691,BBOX_CLEAR
PAIR-010877,G-117,P-013,G-117|P-013,0.0000,311.1810,BBOX_CLEAR
PAIR-010878,G-117,P-014,G-117|P-014,0.0000,346.2314,BBOX_CLEAR
PAIR-010879,G-117,P-015,G-117|P-015,0.0000,508.6325,BBOX_CLEAR
PAIR-010880,G-117,P-016,G-117|P-016,0.0000,568.1175,BBOX_CLEAR
PAIR-010881,G-117,P-017,G-117|P-017,0.0000,467.4061,BBOX_CLEAR
PAIR-010882,G-118,G-119,G-118|G-119,0.0000,0.0000,BBOX_WITHIN_8PX
PAIR-010883,G-118,G-120,G-118|G-120,0.0000,41.5110,BBOX_CLEAR
PAIR-010884,G-118,G-121,G-118|G-121,0.0000,83.0220,BBOX_CLEAR
PAIR-010885,G-118,G-122,G-118|G-122,0.0000,124.5331,BBOX_CLEAR
PAIR-010886,G-118,G-123,G-118|G-123,0.0000,166.0441,BBOX_CLEAR
PAIR-010887,G-118,G-124,G-118|G-124,0.0000,207.5551,BBOX_CLEAR
PAIR-010888,G-118,G-125,G-118|G-125,0.0000,249.0662,BBOX_CLEAR
PAIR-010889,G-118,G-126,G-118|G-126,0.0000,290.5772,BBOX_CLEAR
PAIR-010890,G-118,G-127,G-118|G-127,0.0000,332.0882,BBOX_CLEAR
PAIR-010891,G-118,G-128,G-118|G-128,0.0000,373.5993,BBOX_CLEAR
PAIR-010892,G-118,G-129,G-118|G-129,0.0000,415.1103,BBOX_CLEAR
PAIR-010893,G-118,G-130,G-118|G-130,0.0000,456.6213,BBOX_CLEAR
PAIR-010894,G-118,G-131,G-118|G-131,0.0000,498.1323,BBOX_CLEAR
PAIR-010895,G-118,G-132,G-118|G-132,0.0000,539.6434,BBOX_CLEAR
PAIR-010896,G-118,G-133,G-118|G-133,0.0000,581.1544,BBOX_CLEAR
PAIR-010897,G-118,G-134,G-118|G-134,0.0000,622.6654,BBOX_CLEAR
PAIR-010898,G-118,G-135,G-118|G-135,0.0000,664.1765,BBOX_CLEAR
PAIR-010899,G-118,P-001,G-118|P-001,0.0000,303.8546,BBOX_CLEAR
PAIR-010900,G-118,P-002,G-118|P-002,0.0000,562.7290,BBOX_CLEAR
PAIR-010901,G-118,P-003,G-118|P-003,0.0000,191.2637,BBOX_CLEAR
PAIR-010902,G-118,P-004,G-118|P-004,0.0000,704.2217,BBOX_CLEAR
PAIR-010903,G-118,P-005,G-118|P-005,0.0000,197.5035,BBOX_CLEAR
PAIR-010904,G-118,P-006,G-118|P-006,0.0000,133.2075,BBOX_CLEAR
PAIR-010905,G-118,P-007,G-118|P-007,0.0000,90.5450,BBOX_CLEAR
PAIR-010906,G-118,P-008,G-118|P-008,0.0000,423.7367,BBOX_CLEAR
PAIR-010907,G-118,P-009,G-118|P-009,0.0000,435.2309,BBOX_CLEAR
PAIR-010908,G-118,P-010,G-118|P-010,0.0000,535.2899,BBOX_CLEAR
PAIR-010909,G-118,P-011,G-118|P-011,0.0000,342.9615,BBOX_CLEAR
PAIR-010910,G-118,P-012,G-118|P-012,0.0000,413.2940,BBOX_CLEAR
PAIR-010911,G-118,P-013,G-118|P-013,0.0000,290.1969,BBOX_CLEAR
PAIR-010912,G-118,P-014,G-118|P-014,0.0000,319.7024,BBOX_CLEAR
PAIR-010913,G-118,P-015,G-118|P-015,0.0000,508.6325,BBOX_CLEAR
PAIR-010914,G-118,P-016,G-118|P-016,0.0000,556.2818,BBOX_CLEAR
PAIR-010915,G-118,P-017,G-118|P-017,0.0000,457.8076,BBOX_CLEAR
PAIR-010916,G-119,G-120,G-119|G-120,0.0000,0.0000,BBOX_WITHIN_8PX
PAIR-010917,G-119,G-121,G-119|G-121,0.0000,41.5110,BBOX_CLEAR
PAIR-010918,G-119,G-122,G-119|G-122,0.0000,83.0220,BBOX_CLEAR
PAIR-010919,G-119,G-123,G-119|G-123,0.0000,124.5331,BBOX_CLEAR
PAIR-010920,G-119,G-124,G-119|G-124,0.0000,166.0441,BBOX_CLEAR
PAIR-010921,G-119,G-125,G-119|G-125,0.0000,207.5551,BBOX_CLEAR
PAIR-010922,G-119,G-126,G-119|G-126,0.0000,249.0662,BBOX_CLEAR
PAIR-010923,G-119,G-127,G-119|G-127,0.0000,290.5772,BBOX_CLEAR
PAIR-010924,G-119,G-128,G-119|G-128,0.0000,332.0882,BBOX_CLEAR
PAIR-010925,G-119,G-129,G-119|G-129,0.0000,373.5993,BBOX_CLEAR
PAIR-010926,G-119,G-130,G-119|G-130,0.0000,415.1102,BBOX_CLEAR
PAIR-010927,G-119,G-131,G-119|G-131,0.0000,456.6213,BBOX_CLEAR
PAIR-010928,G-119,G-132,G-119|G-132,0.0000,498.1323,BBOX_CLEAR
PAIR-010929,G-119,G-133,G-119|G-133,0.0000,539.6433,BBOX_CLEAR
PAIR-010930,G-119,G-134,G-119|G-134,0.0000,581.1544,BBOX_CLEAR
PAIR-010931,G-119,G-135,G-119|G-135,0.0000,622.6654,BBOX_CLEAR
PAIR-010932,G-119,P-001,G-119|P-001,0.0000,303.8546,BBOX_CLEAR
PAIR-010933,G-119,P-002,G-119|P-002,0.0000,527.9064,BBOX_CLEAR
PAIR-010934,G-119,P-003,G-119|P-003,0.0000,232.3147,BBOX_CLEAR
PAIR-010935,G-119,P-004,G-119|P-004,0.0000,716.0415,BBOX_CLEAR
PAIR-010936,G-119,P-005,G-119|P-005,0.0000,204.0526,BBOX_CLEAR
PAIR-010937,G-119,P-006,G-119|P-006,0.0000,133.2075,BBOX_CLEAR
PAIR-010938,G-119,P-007,G-119|P-007,0.0000,90.5450,BBOX_CLEAR
PAIR-010939,G-119,P-008,G-119|P-008,0.0000,421.4694,BBOX_CLEAR
PAIR-010940,G-119,P-009,G-119|P-009,0.0000,432.0277,BBOX_CLEAR
PAIR-010941,G-119,P-010,G-119|P-010,0.0000,527.2067,BBOX_CLEAR
PAIR-010942,G-119,P-011,G-119|P-011,0.0000,342.9615,BBOX_CLEAR
PAIR-010943,G-119,P-012,G-119|P-012,0.0000,407.2208,BBOX_CLEAR
PAIR-010944,G-119,P-013,G-119|P-013,0.0000,273.9365,BBOX_CLEAR
PAIR-010945,G-119,P-014,G-119|P-014,0.0000,296.6301,BBOX_CLEAR
PAIR-010946,G-119,P-015,G-119|P-015,0.0000,508.6325,BBOX_CLEAR
PAIR-010947,G-119,P-016,G-119|P-016,0.0000,547.3460,BBOX_CLEAR
PAIR-010948,G-119,P-017,G-119|P-017,0.0000,451.8334,BBOX_CLEAR
PAIR-010949,G-120,G-121,G-120|G-121,0.0000,0.0000,BBOX_WITHIN_8PX
PAIR-010950,G-120,G-122,G-120|G-122,0.0000,41.5110,BBOX_CLEAR
PAIR-010951,G-120,G-123,G-120|G-123,0.0000,83.0221,BBOX_CLEAR
PAIR-010952,G-120,G-124,G-120|G-124,0.0000,124.5331,BBOX_CLEAR
PAIR-010953,G-120,G-125,G-120|G-125,0.0000,166.0441,BBOX_CLEAR
PAIR-010954,G-120,G-126,G-120|G-126,0.0000,207.5552,BBOX_CLEAR
PAIR-010955,G-120,G-127,G-120|G-127,0.0000,249.0662,BBOX_CLEAR
PAIR-010956,G-120,G-128,G-120|G-128,0.0000,290.5772,BBOX_CLEAR
PAIR-010957,G-120,G-129,G-120|G-129,0.0000,332.0883,BBOX_CLEAR
PAIR-010958,G-120,G-130,G-120|G-130,0.0000,373.5992,BBOX_CLEAR
PAIR-010959,G-120,G-131,G-120|G-131,0.0000,415.1103,BBOX_CLEAR
PAIR-010960,G-120,G-132,G-120|G-132,0.0000,456.6213,BBOX_CLEAR
PAIR-010961,G-120,G-133,G-120|G-133,0.0000,498.1323,BBOX_CLEAR
PAIR-010962,G-120,G-134,G-120|G-134,0.0000,539.6434,BBOX_CLEAR
PAIR-010963,G-120,G-135,G-120|G-135,0.0000,581.1544,BBOX_CLEAR
PAIR-010964,G-120,P-001,G-120|P-001,0.0000,303.8546,BBOX_CLEAR
PAIR-010965,G-120,P-002,G-120|P-002,0.0000,494.1183,BBOX_CLEAR
PAIR-010966,G-120,P-003,G-120|P-003,0.0000,273.5047,BBOX_CLEAR
PAIR-010967,G-120,P-004,G-120|P-004,0.0000,730.0336,BBOX_CLEAR
PAIR-010968,G-120,P-005,G-120|P-005,0.0000,218.4345,BBOX_CLEAR
PAIR-010969,G-120,P-006,G-120|P-006,0.0000,133.2075,BBOX_CLEAR
PAIR-010970,G-120,P-007,G-120|P-007,0.0000,90.5450,BBOX_CLEAR
PAIR-010971,G-120,P-008,G-120|P-008,0.0000,421.4630,BBOX_CLEAR
PAIR-010972,G-120,P-009,G-120|P-009,0.0000,431.8408,BBOX_CLEAR
PAIR-010973,G-120,P-010,G-120|P-010,0.0000,522.3072,BBOX_CLEAR
PAIR-010974,G-120,P-011,G-120|P-011,0.0000,342.9615,BBOX_CLEAR
PAIR-010975,G-120,P-012,G-120|P-012,0.0000,405.3233,BBOX_CLEAR
PAIR-010976,G-120,P-013,G-120|P-013,0.0000,263.2764,BBOX_CLEAR
PAIR-010977,G-120,P-014,G-120|P-014,0.0000,277.8768,BBOX_CLEAR
PAIR-010978,G-120,P-015,G-120|P-015,0.0000,508.6325,BBOX_CLEAR
PAIR-010979,G-120,P-016,G-120|P-016,0.0000,541.4538,BBOX_CLEAR
PAIR-010980,G-120,P-017,G-120|P-017,0.0000,449.6280,BBOX_CLEAR
PAIR-010981,G-121,G-122,G-121|G-122,0.0000,0.0000,BBOX_WITHIN_8PX
PAIR-010982,G-121,G-123,G-121|G-123,0.0000,41.5110,BBOX_CLEAR
PAIR-010983,G-121,G-124,G-121|G-124,0.0000,83.0220,BBOX_CLEAR
PAIR-010984,G-121,G-125,G-121|G-125,0.0000,124.5331,BBOX_CLEAR
PAIR-010985,G-121,G-126,G-121|G-126,0.0000,166.0441,BBOX_CLEAR
PAIR-010986,G-121,G-127,G-121|G-127,0.0000,207.5551,BBOX_CLEAR
PAIR-010987,G-121,G-128,G-121|G-128,0.0000,249.0662,BBOX_CLEAR
PAIR-010988,G-121,G-129,G-121|G-129,0.0000,290.5772,BBOX_CLEAR
PAIR-010989,G-121,G-130,G-121|G-130,0.0000,332.0882,BBOX_CLEAR
PAIR-010990,G-121,G-131,G-121|G-131,0.0000,373.5992,BBOX_CLEAR
PAIR-010991,G-121,G-132,G-121|G-132,0.0000,415.1103,BBOX_CLEAR
PAIR-010992,G-121,G-133,G-121|G-133,0.0000,456.6213,BBOX_CLEAR
PAIR-010993,G-121,G-134,G-121|G-134,0.0000,498.1323,BBOX_CLEAR
PAIR-010994,G-121,G-135,G-121|G-135,0.0000,539.6434,BBOX_CLEAR
PAIR-010995,G-121,P-001,G-121|P-001,0.0000,303.8546,BBOX_CLEAR
PAIR-010996,G-121,P-002,G-121|P-002,0.0000,461.5916,BBOX_CLEAR
PAIR-010997,G-121,P-003,G-121|P-003,0.0000,314.7789,BBOX_CLEAR
PAIR-010998,G-121,P-004,G-121|P-004,0.0000,746.0757,BBOX_CLEAR
PAIR-010999,G-121,P-005,G-121|P-005,0.0000,239.2407,BBOX_CLEAR
PAIR-011000,G-121,P-006,G-121|P-006,0.0000,136.2847,BBOX_CLEAR
PAIR-011001,G-121,P-007,G-121|P-007,0.0000,90.5450,BBOX_CLEAR
PAIR-011002,G-121,P-008,G-121|P-008,0.0000,421.8656,BBOX_CLEAR
PAIR-011003,G-121,P-009,G-121|P-009,0.0000,431.8408,BBOX_CLEAR
PAIR-011004,G-121,P-010,G-121|P-010,0.0000,520.6813,BBOX_CLEAR
PAIR-011005,G-121,P-011,G-121|P-011,0.0000,342.9615,BBOX_CLEAR
PAIR-011006,G-121,P-012,G-121|P-012,0.0000,405.3233,BBOX_CLEAR
PAIR-011007,G-121,P-013,G-121|P-013,0.0000,258.9094,BBOX_CLEAR
PAIR-011008,G-121,P-014,G-121|P-014,0.0000,264.3633,BBOX_CLEAR
PAIR-011009,G-121,P-015,G-121|P-015,0.0000,508.6325,BBOX_CLEAR
PAIR-011010,G-121,P-016,G-121|P-016,0.0000,538.7051,BBOX_CLEAR
PAIR-011011,G-121,P-017,G-121|P-017,0.0000,449.6167,BBOX_CLEAR
PAIR-011012,G-122,G-123,G-122|G-123,0.0000,0.0000,BBOX_WITHIN_8PX
PAIR-011013,G-122,G-124,G-122|G-124,0.0000,41.5110,BBOX_CLEAR
PAIR-011014,G-122,G-125,G-122|G-125,0.0000,83.0220,BBOX_CLEAR
PAIR-011015,G-122,G-126,G-122|G-126,0.0000,124.5331,BBOX_CLEAR
PAIR-011016,G-122,G-127,G-122|G-127,0.0000,166.0441,BBOX_CLEAR
PAIR-011017,G-122,G-128,G-122|G-128,0.0000,207.5551,BBOX_CLEAR
PAIR-011018,G-122,G-129,G-122|G-129,0.0000,249.0662,BBOX_CLEAR
PAIR-011019,G-122,G-130,G-122|G-130,0.0000,290.5772,BBOX_CLEAR
PAIR-011020,G-122,G-131,G-122|G-131,0.0000,332.0882,BBOX_CLEAR
PAIR-011021,G-122,G-132,G-122|G-132,0.0000,373.5992,BBOX_CLEAR
PAIR-011022,G-122,G-133,G-122|G-133,0.0000,415.1103,BBOX_CLEAR
PAIR-011023,G-122,G-134,G-122|G-134,0.0000,456.6213,BBOX_CLEAR
PAIR-011024,G-122,G-135,G-122|G-135,0.0000,498.1323,BBOX_CLEAR
PAIR-011025,G-122,P-001,G-122|P-001,0.0000,303.8546,BBOX_CLEAR
PAIR-011026,G-122,P-002,G-122|P-002,0.0000,430.6125,BBOX_CLEAR
PAIR-011027,G-122,P-003,G-122|P-003,0.0000,356.1082,BBOX_CLEAR
PAIR-011028,G-122,P-004,G-122|P-004,0.0000,764.0388,BBOX_CLEAR
PAIR-011029,G-122,P-005,G-122|P-005,0.0000,264.9621,BBOX_CLEAR
PAIR-011030,G-122,P-006,G-122|P-006,0.0000,150.6237,BBOX_CLEAR
PAIR-011031,G-122,P-007,G-122|P-007,0.0000,90.5450,BBOX_CLEAR
PAIR-011032,G-122,P-008,G-122|P-008,0.0000,425.7038,BBOX_CLEAR
PAIR-011033,G-122,P-009,G-122|P-009,0.0000,431.8408,BBOX_CLEAR
PAIR-011034,G-122,P-010,G-122|P-010,0.0000,520.6813,BBOX_CLEAR
PAIR-011035,G-122,P-011,G-122|P-011,0.0000,342.9615,BBOX_CLEAR
PAIR-011036,G-122,P-012,G-122|P-012,0.0000,405.4599,BBOX_CLEAR
PAIR-011037,G-122,P-013,G-122|P-013,0.0000,258.8224,BBOX_CLEAR
PAIR-011038,G-122,P-014,G-122|P-014,0.0000,256.9177,BBOX_CLEAR
PAIR-011039,G-122,P-015,G-122|P-015,0.0000,508.6325,BBOX_CLEAR
PAIR-011040,G-122,P-016,G-122|P-016,0.0000,538.4960,BBOX_CLEAR
PAIR-011041,G-122,P-017,G-122|P-017,0.0000,449.6167,BBOX_CLEAR
PAIR-011042,G-123,G-124,G-123|G-124,0.0000,0.0000,BBOX_WITHIN_8PX
PAIR-011043,G-123,G-125,G-123|G-125,0.0000,41.5110,BBOX_CLEAR
PAIR-011044,G-123,G-126,G-123|G-126,0.0000,83.0221,BBOX_CLEAR
PAIR-011045,G-123,G-127,G-123|G-127,0.0000,124.5331,BBOX_CLEAR
PAIR-011046,G-123,G-128,G-123|G-128,0.0000,166.0441,BBOX_CLEAR
PAIR-011047,G-123,G-129,G-123|G-129,0.0000,207.5552,BBOX_CLEAR
PAIR-011048,G-123,G-130,G-123|G-130,0.0000,249.0662,BBOX_CLEAR
PAIR-011049,G-123,G-131,G-123|G-131,0.0000,290.5772,BBOX_CLEAR
PAIR-011050,G-123,G-132,G-123|G-132,0.0000,332.0882,BBOX_CLEAR
PAIR-011051,G-123,G-133,G-123|G-133,0.0000,373.5992,BBOX_CLEAR
PAIR-011052,G-123,G-134,G-123|G-134,0.0000,415.1103,BBOX_CLEAR
PAIR-011053,G-123,G-135,G-123|G-135,0.0000,456.6213,BBOX_CLEAR
PAIR-011054,G-123,P-001,G-123|P-001,0.0000,303.8546,BBOX_CLEAR
PAIR-011055,G-123,P-002,G-123|P-002,0.0000,401.5393,BBOX_CLEAR
PAIR-011056,G-123,P-003,G-123|P-003,0.0000,397.4755,BBOX_CLEAR
PAIR-011057,G-123,P-004,G-123|P-004,0.0000,783.7907,BBOX_CLEAR
PAIR-011058,G-123,P-005,G-123|P-005,0.0000,294.3129,BBOX_CLEAR
PAIR-011059,G-123,P-006,G-123|P-006,0.0000,173.9190,BBOX_CLEAR
PAIR-011060,G-123,P-007,G-123|P-007,0.0000,99.2780,BBOX_CLEAR
PAIR-011061,G-123,P-008,G-123|P-008,0.0000,433.5010,BBOX_CLEAR
PAIR-011062,G-123,P-009,G-123|P-009,0.0000,433.4154,BBOX_CLEAR
PAIR-011063,G-123,P-010,G-123|P-010,0.0000,521.6106,BBOX_CLEAR
PAIR-011064,G-123,P-011,G-123|P-011,0.0000,342.9618,BBOX_CLEAR
PAIR-011065,G-123,P-012,G-123|P-012,0.0000,408.6494,BBOX_CLEAR
PAIR-011066,G-123,P-013,G-123|P-013,0.0000,258.8224,BBOX_CLEAR
PAIR-011067,G-123,P-014,G-123|P-014,0.0000,255.5993,BBOX_CLEAR
PAIR-011068,G-123,P-015,G-123|P-015,0.0000,508.6325,BBOX_CLEAR
PAIR-011069,G-123,P-016,G-123|P-016,0.0000,538.4960,BBOX_CLEAR
PAIR-011070,G-123,P-017,G-123|P-017,0.0000,449.6167,BBOX_CLEAR
PAIR-011071,G-124,G-125,G-124|G-125,0.0000,0.0000,BBOX_WITHIN_8PX
PAIR-011072,G-124,G-126,G-124|G-126,0.0000,41.5110,BBOX_CLEAR
PAIR-011073,G-124,G-127,G-124|G-127,0.0000,83.0220,BBOX_CLEAR
PAIR-011074,G-124,G-128,G-124|G-128,0.0000,124.5331,BBOX_CLEAR
PAIR-011075,G-124,G-129,G-124|G-129,0.0000,166.0441,BBOX_CLEAR
PAIR-011076,G-124,G-130,G-124|G-130,0.0000,207.5551,BBOX_CLEAR
PAIR-011077,G-124,G-131,G-124|G-131,0.0000,249.0662,BBOX_CLEAR
PAIR-011078,G-124,G-132,G-124|G-132,0.0000,290.5772,BBOX_CLEAR
PAIR-011079,G-124,G-133,G-124|G-133,0.0000,332.0882,BBOX_CLEAR
PAIR-011080,G-124,G-134,G-124|G-134,0.0000,373.5992,BBOX_CLEAR
PAIR-011081,G-124,G-135,G-124|G-135,0.0000,415.1103,BBOX_CLEAR
PAIR-011082,G-124,P-001,G-124|P-001,0.0000,303.8546,BBOX_CLEAR
PAIR-011083,G-124,P-002,G-124|P-002,0.0000,374.8156,BBOX_CLEAR
PAIR-011084,G-124,P-003,G-124|P-003,0.0000,438.8698,BBOX_CLEAR
PAIR-011085,G-124,P-004,G-124|P-004,0.0000,805.1999,BBOX_CLEAR
PAIR-011086,G-124,P-005,G-124|P-005,0.0000,326.3151,BBOX_CLEAR
PAIR-011087,G-124,P-006,G-124|P-006,0.0000,203.1120,BBOX_CLEAR
PAIR-011088,G-124,P-007,G-124|P-007,0.0000,122.3092,BBOX_CLEAR
PAIR-011089,G-124,P-008,G-124|P-008,0.0000,445.0493,BBOX_CLEAR
PAIR-011090,G-124,P-009,G-124|P-009,0.0000,438.9037,BBOX_CLEAR
PAIR-011091,G-124,P-010,G-124|P-010,0.0000,525.7229,BBOX_CLEAR
PAIR-011092,G-124,P-011,G-124|P-011,0.0000,345.5168,BBOX_CLEAR
PAIR-011093,G-124,P-012,G-124|P-012,0.0000,415.9775,BBOX_CLEAR
PAIR-011094,G-124,P-013,G-124|P-013,0.0000,259.1398,BBOX_CLEAR
PAIR-011095,G-124,P-014,G-124|P-014,0.0000,255.6485,BBOX_CLEAR
PAIR-011096,G-124,P-015,G-124|P-015,0.0000,508.6325,BBOX_CLEAR
PAIR-011097,G-124,P-016,G-124|P-016,0.0000,538.4960,BBOX_CLEAR
PAIR-011098,G-124,P-017,G-124|P-017,0.0000,449.6167,BBOX_CLEAR
PAIR-011099,G-125,G-126,G-125|G-126,0.0000,0.0000,BBOX_WITHIN_8PX
PAIR-011100,G-125,G-127,G-125|G-127,0.0000,41.5110,BBOX_CLEAR
PAIR-011101,G-125,G-128,G-125|G-128,0.0000,83.0220,BBOX_CLEAR
PAIR-011102,G-125,G-129,G-125|G-129,0.0000,124.5331,BBOX_CLEAR
PAIR-011103,G-125,G-130,G-125|G-130,0.0000,166.0441,BBOX_CLEAR
PAIR-011104,G-125,G-131,G-125|G-131,0.0000,207.5551,BBOX_CLEAR
PAIR-011105,G-125,G-132,G-125|G-132,0.0000,249.0662,BBOX_CLEAR
PAIR-011106,G-125,G-133,G-125|G-133,0.0000,290.5772,BBOX_CLEAR
PAIR-011107,G-125,G-134,G-125|G-134,0.0000,332.0882,BBOX_CLEAR
PAIR-011108,G-125,G-135,G-125|G-135,0.0000,373.5992,BBOX_CLEAR
PAIR-011109,G-125,P-001,G-125|P-001,0.0000,303.8546,BBOX_CLEAR
PAIR-011110,G-125,P-002,G-125|P-002,0.0000,350.9787,BBOX_CLEAR
PAIR-011111,G-125,P-003,G-125|P-003,0.0000,480.2843,BBOX_CLEAR
PAIR-011112,G-125,P-004,G-125|P-004,0.0000,828.1377,BBOX_CLEAR
PAIR-011113,G-125,P-005,G-125|P-005,0.0000,360.2629,BBOX_CLEAR
PAIR-011114,G-125,P-006,G-125|P-006,0.0000,236.0243,BBOX_CLEAR
PAIR-011115,G-125,P-007,G-125|P-007,0.0000,153.3274,BBOX_CLEAR
PAIR-011116,G-125,P-008,G-125|P-008,0.0000,460.0663,BBOX_CLEAR
PAIR-011117,G-125,P-009,G-125|P-009,0.0000,448.1856,BBOX_CLEAR
PAIR-011118,G-125,P-010,G-125|P-010,0.0000,533.0458,BBOX_CLEAR
PAIR-011119,G-125,P-011,G-125|P-011,0.0000,352.9692,BBOX_CLEAR
PAIR-011120,G-125,P-012,G-125|P-012,0.0000,427.2313,BBOX_CLEAR
PAIR-011121,G-125,P-013,G-125|P-013,0.0000,264.4640,BBOX_CLEAR
PAIR-011122,G-125,P-014,G-125|P-014,0.0000,259.7992,BBOX_CLEAR
PAIR-011123,G-125,P-015,G-125|P-015,0.0000,508.6325,BBOX_CLEAR
PAIR-011124,G-125,P-016,G-125|P-016,0.0000,538.4960,BBOX_CLEAR
PAIR-011125,G-125,P-017,G-125|P-017,0.0000,449.6167,BBOX_CLEAR
PAIR-011126,G-126,G-127,G-126|G-127,0.0000,0.0000,BBOX_WITHIN_8PX
PAIR-011127,G-126,G-128,G-126|G-128,0.0000,41.5110,BBOX_CLEAR
PAIR-011128,G-126,G-129,G-126|G-129,0.0000,83.0221,BBOX_CLEAR
PAIR-011129,G-126,G-130,G-126|G-130,0.0000,124.5331,BBOX_CLEAR
PAIR-011130,G-126,G-131,G-126|G-131,0.0000,166.0441,BBOX_CLEAR
PAIR-011131,G-126,G-132,G-126|G-132,0.0000,207.5552,BBOX_CLEAR
PAIR-011132,G-126,G-133,G-126|G-133,0.0000,249.0662,BBOX_CLEAR
PAIR-011133,G-126,G-134,G-126|G-134,0.0000,290.5772,BBOX_CLEAR
PAIR-011134,G-126,G-135,G-126|G-135,0.0000,332.0882,BBOX_CLEAR
PAIR-011135,G-126,P-001,G-126|P-001,0.0000,303.8546,BBOX_CLEAR
PAIR-011136,G-126,P-002,G-126|P-002,0.0000,330.6534,BBOX_CLEAR
PAIR-011137,G-126,P-003,G-126|P-003,0.0000,521.7142,BBOX_CLEAR
PAIR-011138,G-126,P-004,G-126|P-004,0.0000,852.4809,BBOX_CLEAR
PAIR-011139,G-126,P-005,G-126|P-005,0.0000,395.6558,BBOX_CLEAR
PAIR-011140,G-126,P-006,G-126|P-006,0.0000,271.3057,BBOX_CLEAR
PAIR-011141,G-126,P-007,G-126|P-007,0.0000,188.4287,BBOX_CLEAR
PAIR-011142,G-126,P-008,G-126|P-008,0.0000,478.2253,BBOX_CLEAR
PAIR-011143,G-126,P-009,G-126|P-009,0.0000,461.0321,BBOX_CLEAR
PAIR-011144,G-126,P-010,G-126|P-010,0.0000,543.4496,BBOX_CLEAR
PAIR-011145,G-126,P-011,G-126|P-011,0.0000,365.0192,BBOX_CLEAR
PAIR-011146,G-126,P-012,G-126|P-012,0.0000,442.1111,BBOX_CLEAR
PAIR-011147,G-126,P-013,G-126|P-013,0.0000,275.9988,BBOX_CLEAR
PAIR-011148,G-126,P-014,G-126|P-014,0.0000,270.3357,BBOX_CLEAR
PAIR-011149,G-126,P-015,G-126|P-015,0.0000,509.6718,BBOX_CLEAR
PAIR-011150,G-126,P-016,G-126|P-016,0.0000,539.4777,BBOX_CLEAR
PAIR-011151,G-126,P-017,G-126|P-017,0.0000,450.7920,BBOX_CLEAR
PAIR-011152,G-127,G-128,G-127|G-128,0.0000,0.0000,BBOX_WITHIN_8PX
PAIR-011153,G-127,G-129,G-127|G-129,0.0000,41.5110,BBOX_CLEAR
PAIR-011154,G-127,G-130,G-127|G-130,0.0000,83.0220,BBOX_CLEAR
PAIR-011155,G-127,G-131,G-127|G-131,0.0000,124.5331,BBOX_CLEAR
PAIR-011156,G-127,G-132,G-127|G-132,0.0000,166.0441,BBOX_CLEAR
PAIR-011157,G-127,G-133,G-127|G-133,0.0000,207.5551,BBOX_CLEAR
PAIR-011158,G-127,G-134,G-127|G-134,0.0000,249.0662,BBOX_CLEAR
PAIR-011159,G-127,G-135,G-127|G-135,0.0000,290.5772,BBOX_CLEAR
PAIR-011160,G-127,P-001,G-127|P-001,0.0000,303.8546,BBOX_CLEAR
PAIR-011161,G-127,P-002,G-127|P-002,0.0000,314.5213,BBOX_CLEAR
PAIR-011162,G-127,P-003,G-127|P-003,0.0000,563.1559,BBOX_CLEAR
PAIR-011163,G-127,P-004,G-127|P-004,0.0000,878.1125,BBOX_CLEAR
PAIR-011164,G-127,P-005,G-127|P-005,0.0000,432.1388,BBOX_CLEAR
PAIR-011165,G-127,P-006,G-127|P-006,0.0000,308.1435,BBOX_CLEAR
PAIR-011166,G-127,P-007,G-127|P-007,0.0000,225.7161,BBOX_CLEAR
PAIR-011167,G-127,P-008,G-127|P-008,0.0000,499.1835,BBOX_CLEAR
PAIR-011168,G-127,P-009,G-127|P-009,0.0000,477.1552,BBOX_CLEAR
PAIR-011169,G-127,P-010,G-127|P-010,0.0000,556.7616,BBOX_CLEAR
PAIR-011170,G-127,P-011,G-127|P-011,0.0000,381.2310,BBOX_CLEAR
PAIR-011171,G-127,P-012,G-127|P-012,0.0000,460.2653,BBOX_CLEAR
PAIR-011172,G-127,P-013,G-127|P-013,0.0000,293.0115,BBOX_CLEAR
PAIR-011173,G-127,P-014,G-127|P-014,0.0000,286.5545,BBOX_CLEAR
PAIR-011174,G-127,P-015,G-127|P-015,0.0000,513.9935,BBOX_CLEAR
PAIR-011175,G-127,P-016,G-127|P-016,0.0000,543.5625,BBOX_CLEAR
PAIR-011176,G-127,P-017,G-127|P-017,0.0000,455.6725,BBOX_CLEAR
PAIR-011177,G-128,G-129,G-128|G-129,0.0000,0.0000,BBOX_WITHIN_8PX
PAIR-011178,G-128,G-130,G-128|G-130,0.0000,41.5110,BBOX_CLEAR
PAIR-011179,G-128,G-131,G-128|G-131,0.0000,83.0220,BBOX_CLEAR
PAIR-011180,G-128,G-132,G-128|G-132,0.0000,124.5331,BBOX_CLEAR
PAIR-011181,G-128,G-133,G-128|G-133,0.0000,166.0441,BBOX_CLEAR
PAIR-011182,G-128,G-134,G-128|G-134,0.0000,207.5551,BBOX_CLEAR
PAIR-011183,G-128,G-135,G-128|G-135,0.0000,249.0662,BBOX_CLEAR
PAIR-011184,G-128,P-001,G-128|P-001,0.0000,303.8546,BBOX_CLEAR
PAIR-011185,G-128,P-002,G-128|P-002,0.0000,303.2523,BBOX_CLEAR
PAIR-011186,G-128,P-003,G-128|P-003,0.0000,604.6072,BBOX_CLEAR
PAIR-011187,G-128,P-004,G-128|P-004,0.0000,904.9232,BBOX_CLEAR
PAIR-011188,G-128,P-005,G-128|P-005,0.0000,469.4580,BBOX_CLEAR
PAIR-011189,G-128,P-006,G-128|P-006,0.0000,346.0410,BBOX_CLEAR
PAIR-011190,G-128,P-007,G-128|P-007,0.0000,264.2660,BBOX_CLEAR
PAIR-011191,G-128,P-008,G-128|P-008,0.0000,522.6043,BBOX_CLEAR
PAIR-011192,G-128,P-009,G-128|P-009,0.0000,496.2358,BBOX_CLEAR
PAIR-011193,G-128,P-010,G-128|P-010,0.0000,572.7790,BBOX_CLEAR
PAIR-011194,G-128,P-011,G-128|P-011,0.0000,401.1003,BBOX_CLEAR
PAIR-011195,G-128,P-012,G-128|P-012,0.0000,481.3237,BBOX_CLEAR
PAIR-011196,G-128,P-013,G-128|P-013,0.0000,314.6148,BBOX_CLEAR
PAIR-011197,G-128,P-014,G-128|P-014,0.0000,307.5580,BBOX_CLEAR
PAIR-011198,G-128,P-015,G-128|P-015,0.0000,521.5933,BBOX_CLEAR
PAIR-011199,G-128,P-016,G-128|P-016,0.0000,550.7545,BBOX_CLEAR
PAIR-011200,G-128,P-017,G-128|P-017,0.0000,464.2281,BBOX_CLEAR
PAIR-011201,G-129,G-130,G-129|G-130,0.0000,0.0000,BBOX_WITHIN_8PX
PAIR-011202,G-129,G-131,G-129|G-131,0.0000,41.5110,BBOX_CLEAR
PAIR-011203,G-129,G-132,G-129|G-132,0.0000,83.0221,BBOX_CLEAR
PAIR-011204,G-129,G-133,G-129|G-133,0.0000,124.5331,BBOX_CLEAR
PAIR-011205,G-129,G-134,G-129|G-134,0.0000,166.0441,BBOX_CLEAR
PAIR-011206,G-129,G-135,G-129|G-135,0.0000,207.5552,BBOX_CLEAR
PAIR-011207,G-129,P-001,G-129|P-001,0.0000,303.8546,BBOX_CLEAR
PAIR-011208,G-129,P-002,G-129|P-002,0.0000,297.3997,BBOX_CLEAR
PAIR-011209,G-129,P-003,G-129|P-003,0.0000,646.0662,BBOX_CLEAR
PAIR-011210,G-129,P-004,G-129|P-004,0.0000,932.8111,BBOX_CLEAR
PAIR-011211,G-129,P-005,G-129|P-005,0.0000,507.4287,BBOX_CLEAR
PAIR-011212,G-129,P-006,G-129|P-006,0.0000,384.6852,BBOX_CLEAR
PAIR-011213,G-129,P-007,G-129|P-007,0.0000,303.5978,BBOX_CLEAR
PAIR-011214,G-129,P-008,G-129|P-008,0.0000,548.1721,BBOX_CLEAR
PAIR-011215,G-129,P-009,G-129|P-009,0.0000,517.9471,BBOX_CLEAR
PAIR-011216,G-129,P-010,G-129|P-010,0.0000,591.2820,BBOX_CLEAR
PAIR-011217,G-129,P-011,G-129|P-011,0.0000,424.1134,BBOX_CLEAR
PAIR-011218,G-129,P-012,G-129|P-012,0.0000,504.9229,BBOX_CLEAR
PAIR-011219,G-129,P-013,G-129|P-013,0.0000,339.9347,BBOX_CLEAR
PAIR-011220,G-129,P-014,G-129|P-014,0.0000,332.4405,BBOX_CLEAR
PAIR-011221,G-129,P-015,G-129|P-015,0.0000,532.3309,BBOX_CLEAR
PAIR-011222,G-129,P-016,G-129|P-016,0.0000,560.9342,BBOX_CLEAR
PAIR-011223,G-129,P-017,G-129|P-017,0.0000,476.2608,BBOX_CLEAR
PAIR-011224,G-130,G-131,G-130|G-131,0.0000,0.0000,BBOX_WITHIN_8PX
PAIR-011225,G-130,G-132,G-130|G-132,0.0000,41.5110,BBOX_CLEAR
PAIR-011226,G-130,G-133,G-130|G-133,0.0000,83.0220,BBOX_CLEAR
PAIR-011227,G-130,G-134,G-130|G-134,0.0000,124.5331,BBOX_CLEAR
PAIR-011228,G-130,G-135,G-130|G-135,0.0000,166.0441,BBOX_CLEAR
PAIR-011229,G-130,P-001,G-130|P-001,0.0000,303.8546,BBOX_CLEAR
PAIR-011230,G-130,P-002,G-130|P-002,0.0000,296.6152,BBOX_CLEAR
PAIR-011231,G-130,P-003,G-130|P-003,0.0000,687.5314,BBOX_CLEAR
PAIR-011232,G-130,P-004,G-130|P-004,0.0000,961.6826,BBOX_CLEAR
PAIR-011233,G-130,P-005,G-130|P-005,0.0000,545.9152,BBOX_CLEAR
PAIR-011234,G-130,P-006,G-130|P-006,0.0000,423.8718,BBOX_CLEAR
PAIR-011235,G-130,P-007,G-130|P-007,0.0000,343.4429,BBOX_CLEAR
PAIR-011236,G-130,P-008,G-130|P-008,0.0000,575.6009,BBOX_CLEAR
PAIR-011237,G-130,P-009,G-130|P-009,0.0000,541.9730,BBOX_CLEAR
PAIR-011238,G-130,P-010,G-130|P-010,0.0000,612.0452,BBOX_CLEAR
PAIR-011239,G-130,P-011,G-130|P-011,0.0000,449.7880,BBOX_CLEAR
PAIR-011240,G-130,P-012,G-130|P-012,0.0000,530.7240,BBOX_CLEAR
PAIR-011241,G-130,P-013,G-130|P-013,0.0000,368.2051,BBOX_CLEAR
PAIR-011242,G-130,P-014,G-130|P-014,0.0000,360.3995,BBOX_CLEAR
PAIR-011243,G-130,P-015,G-130|P-015,0.0000,546.0212,BBOX_CLEAR
PAIR-011244,G-130,P-016,G-130|P-016,0.0000,573.9426,BBOX_CLEAR
PAIR-011245,G-130,P-017,G-130|P-017,0.0000,491.5153,BBOX_CLEAR
PAIR-011246,G-131,G-132,G-131|G-132,0.0000,0.0000,BBOX_WITHIN_8PX
PAIR-011247,G-131,G-133,G-131|G-133,0.0000,41.5110,BBOX_CLEAR
PAIR-011248,G-131,G-134,G-131|G-134,0.0000,83.0220,BBOX_CLEAR
PAIR-011249,G-131,G-135,G-131|G-135,0.0000,124.5331,BBOX_CLEAR
PAIR-011250,G-131,P-001,G-131|P-001,0.0000,304.2001,BBOX_CLEAR
PAIR-011251,G-131,P-002,G-131|P-002,0.0000,296.6652,BBOX_CLEAR
PAIR-011252,G-131,P-003,G-131|P-003,0.0000,729.0019,BBOX_CLEAR
PAIR-011253,G-131,P-004,G-131|P-004,0.0000,991.4518,BBOX_CLEAR
PAIR-011254,G-131,P-005,G-131|P-005,0.0000,584.8155,BBOX_CLEAR
PAIR-011255,G-131,P-006,G-131|P-006,0.0000,463.4633,BBOX_CLEAR
PAIR-011256,G-131,P-007,G-131|P-007,0.0000,383.6414,BBOX_CLEAR
PAIR-011257,G-131,P-008,G-131|P-008,0.0000,604.6375,BBOX_CLEAR
PAIR-011258,G-131,P-009,G-131|P-009,0.0000,568.0199,BBOX_CLEAR
PAIR-011259,G-131,P-010,G-131|P-010,0.0000,634.8469,BBOX_CLEAR
PAIR-011260,G-131,P-011,G-131|P-011,0.0000,477.6952,BBOX_CLEAR
PAIR-011261,G-131,P-012,G-131|P-012,0.0000,558.4222,BBOX_CLEAR
PAIR-011262,G-131,P-013,G-131|P-013,0.0000,398.7991,BBOX_CLEAR
PAIR-011263,G-131,P-014,G-131|P-014,0.0000,390.7751,BBOX_CLEAR
PAIR-011264,G-131,P-015,G-131|P-015,0.0000,562.4487,BBOX_CLEAR
PAIR-011265,G-131,P-016,G-131|P-016,0.0000,589.5926,BBOX_CLEAR
PAIR-011266,G-131,P-017,G-131|P-017,0.0000,509.7025,BBOX_CLEAR
PAIR-011267,G-132,G-133,G-132|G-133,0.0000,0.0000,BBOX_WITHIN_8PX
PAIR-011268,G-132,G-134,G-132|G-134,0.0000,41.5110,BBOX_CLEAR
PAIR-011269,G-132,G-135,G-132|G-135,0.0000,83.0221,BBOX_CLEAR
PAIR-011270,G-132,P-001,G-132|P-001,0.0000,308.9729,BBOX_CLEAR
PAIR-011271,G-132,P-002,G-132|P-002,0.0000,300.3089,BBOX_CLEAR
PAIR-011272,G-132,P-003,G-132|P-003,0.0000,770.4768,BBOX_CLEAR
PAIR-011273,G-132,P-004,G-132|P-004,0.0000,1022.0403,BBOX_CLEAR
PAIR-011274,G-132,P-005,G-132|P-005,0.0000,624.0523,BBOX_CLEAR
PAIR-011275,G-132,P-006,G-132|P-006,0.0000,503.3642,BBOX_CLEAR
PAIR-011276,G-132,P-007,G-132|P-007,0.0000,424.0929,BBOX_CLEAR
PAIR-011277,G-132,P-008,G-132|P-008,0.0000,635.0614,BBOX_CLEAR
PAIR-011278,G-132,P-009,G-132|P-009,0.0000,595.8228,BBOX_CLEAR
PAIR-011279,G-132,P-010,G-132|P-010,0.0000,659.4757,BBOX_CLEAR
PAIR-011280,G-132,P-011,G-132|P-011,0.0000,507.4667,BBOX_CLEAR
PAIR-011281,G-132,P-012,G-132|P-012,0.0000,587.7490,BBOX_CLEAR
PAIR-011282,G-132,P-013,G-132|P-013,0.0000,431.2225,BBOX_CLEAR
PAIR-011283,G-132,P-014,G-132|P-014,0.0000,423.0472,BBOX_CLEAR
PAIR-011284,G-132,P-015,G-132|P-015,0.0000,581.3812,BBOX_CLEAR
PAIR-011285,G-132,P-016,G-132|P-016,0.0000,607.6801,BBOX_CLEAR
PAIR-011286,G-132,P-017,G-132|P-017,0.0000,530.5207,BBOX_CLEAR
PAIR-011287,G-133,G-134,G-133|G-134,0.0000,0.0000,BBOX_WITHIN_8PX
PAIR-011288,G-133,G-135,G-133|G-135,0.0000,41.5110,BBOX_CLEAR
PAIR-011289,G-133,P-001,G-133|P-001,0.0000,319.1192,BBOX_CLEAR
PAIR-011290,G-133,P-002,G-133|P-002,0.0000,309.5270,BBOX_CLEAR
PAIR-011291,G-133,P-003,G-133|P-003,0.0000,811.9553,BBOX_CLEAR
PAIR-011292,G-133,P-004,G-133|P-004,0.0000,1053.3766,BBOX_CLEAR
PAIR-011293,G-133,P-005,G-133|P-005,0.0000,663.5659,BBOX_CLEAR
PAIR-011294,G-133,P-006,G-133|P-006,0.0000,543.5064,BBOX_CLEAR
PAIR-011295,G-133,P-007,G-133|P-007,0.0000,464.7313,BBOX_CLEAR
PAIR-011296,G-133,P-008,G-133|P-008,0.0000,666.6826,BBOX_CLEAR
PAIR-011297,G-133,P-009,G-133|P-009,0.0000,625.1475,BBOX_CLEAR
PAIR-011298,G-133,P-010,G-133|P-010,0.0000,685.7347,BBOX_CLEAR
PAIR-011299,G-133,P-011,G-133|P-011,0.0000,538.7935,BBOX_CLEAR
PAIR-011300,G-133,P-012,G-133|P-012,0.0000,618.4730,BBOX_CLEAR
PAIR-011301,G-133,P-013,G-133|P-013,0.0000,465.0927,BBOX_CLEAR
PAIR-011302,G-133,P-014,G-133|P-014,0.0000,456.8140,BBOX_CLEAR
PAIR-011303,G-133,P-015,G-133|P-015,0.0000,602.5828,BBOX_CLEAR
PAIR-011304,G-133,P-016,G-133|P-016,0.0000,627.9944,BBOX_CLEAR
PAIR-011305,G-133,P-017,G-133|P-017,0.0000,553.6734,BBOX_CLEAR
PAIR-011306,G-134,G-135,G-134|G-135,0.0000,0.0000,BBOX_WITHIN_8PX
PAIR-011307,G-134,P-001,G-134|P-001,0.0000,334.1500,BBOX_CLEAR
PAIR-011308,G-134,P-002,G-134|P-002,0.0000,323.8439,BBOX_CLEAR
PAIR-011309,G-134,P-003,G-134|P-003,0.0000,853.4370,BBOX_CLEAR
PAIR-011310,G-134,P-004,G-134|P-004,0.0000,1085.3960,BBOX_CLEAR
PAIR-011311,G-134,P-005,G-134|P-005,0.0000,703.3097,BBOX_CLEAR
PAIR-011312,G-134,P-006,G-134|P-006,0.0000,583.8400,BBOX_CLEAR
PAIR-011313,G-134,P-007,G-134|P-007,0.0000,505.5116,BBOX_CLEAR
PAIR-011314,G-134,P-008,G-134|P-008,0.0000,699.3388,BBOX_CLEAR
PAIR-011315,G-134,P-009,G-134|P-009,0.0000,655.7898,BBOX_CLEAR
PAIR-011316,G-134,P-010,G-134|P-010,0.0000,713.4440,BBOX_CLEAR
PAIR-011317,G-134,P-011,G-134|P-011,0.0000,571.4200,BBOX_CLEAR
PAIR-011318,G-134,P-012,G-134|P-012,0.0000,650.3961,BBOX_CLEAR
PAIR-011319,G-134,P-013,G-134|P-013,0.0000,500.1160,BBOX_CLEAR
PAIR-011320,G-134,P-014,G-134|P-014,0.0000,491.7677,BBOX_CLEAR
PAIR-011321,G-134,P-015,G-134|P-015,0.0000,625.8230,BBOX_CLEAR
PAIR-011322,G-134,P-016,G-134|P-016,0.0000,650.3271,BBOX_CLEAR
PAIR-011323,G-134,P-017,G-134|P-017,0.0000,578.8804,BBOX_CLEAR
PAIR-011324,G-135,P-001,G-135|P-001,0.0000,353.4427,BBOX_CLEAR
PAIR-011325,G-135,P-002,G-135|P-002,0.0000,342.6209,BBOX_CLEAR
PAIR-011326,G-135,P-003,G-135|P-003,0.0000,894.9214,BBOX_CLEAR
PAIR-011327,G-135,P-004,G-135|P-004,0.0000,1118.0398,BBOX_CLEAR
PAIR-011328,G-135,P-005,G-135|P-005,0.0000,743.2467,BBOX_CLEAR
PAIR-011329,G-135,P-006,G-135|P-006,0.0000,624.3280,BBOX_CLEAR
PAIR-011330,G-135,P-007,G-135|P-007,0.0000,546.4019,BBOX_CLEAR
PAIR-011331,G-135,P-008,G-135|P-008,0.0000,732.8916,BBOX_CLEAR
PAIR-011332,G-135,P-009,G-135|P-009,0.0000,687.5736,BBOX_CLEAR
PAIR-011333,G-135,P-010,G-135|P-010,0.0000,742.4413,BBOX_CLEAR
PAIR-011334,G-135,P-011,G-135|P-011,0.0000,605.1360,BBOX_CLEAR
PAIR-011335,G-135,P-012,G-135|P-012,0.0000,683.3504,BBOX_CLEAR
PAIR-011336,G-135,P-013,G-135|P-013,0.0000,536.0663,BBOX_CLEAR
PAIR-011337,G-135,P-014,G-135|P-014,0.0000,527.6725,BBOX_CLEAR
PAIR-011338,G-135,P-015,G-135|P-015,0.0000,650.8832,BBOX_CLEAR
PAIR-011339,G-135,P-016,G-135|P-016,0.0000,674.4775,BBOX_CLEAR
PAIR-011340,G-135,P-017,G-135|P-017,0.0000,605.8854,BBOX_CLEAR
PAIR-011341,P-001,P-002,P-001|P-002,0.0000,0.0000,BBOX_WITHIN_8PX
PAIR-011342,P-001,P-003,P-001|P-003,0.0000,0.0000,BBOX_WITHIN_8PX
PAIR-011343,P-001,P-004,P-001|P-004,0.0000,376.5901,BBOX_CLEAR
PAIR-011344,P-001,P-005,P-001|P-005,0.0000,0.0000,BBOX_WITHIN_8PX
PAIR-011345,P-001,P-006,P-001|P-006,0.0000,0.0000,BBOX_WITHIN_8PX
PAIR-011346,P-001,P-007,P-001|P-007,0.0000,0.0000,BBOX_WITHIN_8PX
PAIR-011347,P-001,P-008,P-001|P-008,0.0000,117.6083,BBOX_CLEAR
PAIR-011348,P-001,P-009,P-001|P-009,0.0000,127.9862,BBOX_CLEAR
PAIR-011349,P-001,P-010,P-001|P-010,0.0000,216.8267,BBOX_CLEAR
PAIR-011350,P-001,P-011,P-001|P-011,0.0000,39.1069,BBOX_CLEAR
PAIR-011351,P-001,P-012,P-001|P-012,0.0000,101.4687,BBOX_CLEAR
PAIR-011352,P-001,P-013,P-001|P-013,0.0000,45.0322,BBOX_CLEAR
PAIR-011353,P-001,P-014,P-001|P-014,0.0000,41.8092,BBOX_CLEAR
PAIR-011354,P-001,P-015,P-001|P-015,0.0000,204.7779,BBOX_CLEAR
PAIR-011355,P-001,P-016,P-001|P-016,0.0000,234.6414,BBOX_CLEAR
PAIR-011356,P-001,P-017,P-001|P-017,0.0000,145.7620,BBOX_CLEAR
PAIR-011357,P-002,P-003,P-002|P-003,0.0000,708.4061,BBOX_CLEAR
PAIR-011358,P-002,P-004,P-002|P-004,0.0000,792.4990,BBOX_CLEAR
PAIR-011359,P-002,P-005,P-002|P-005,0.0000,530.6402,BBOX_CLEAR
PAIR-011360,P-002,P-006,P-002|P-006,0.0000,423.9838,BBOX_CLEAR
PAIR-011361,P-002,P-007,P-002|P-007,0.0000,352.8795,BBOX_CLEAR
PAIR-011362,P-002,P-008,P-002|P-008,0.0000,428.0867,BBOX_CLEAR
PAIR-011363,P-002,P-009,P-002|P-009,0.0000,369.3685,BBOX_CLEAR
PAIR-011364,P-002,P-010,P-002|P-010,0.0000,402.2091,BBOX_CLEAR
PAIR-011365,P-002,P-011,P-002|P-011,0.0000,314.2170,BBOX_CLEAR
PAIR-011366,P-002,P-012,P-002|P-012,0.0000,376.1889,BBOX_CLEAR
PAIR-011367,P-002,P-013,P-002|P-013,0.0000,285.9845,BBOX_CLEAR
PAIR-011368,P-002,P-014,P-002|P-014,0.0000,277.8265,BBOX_CLEAR
PAIR-011369,P-002,P-015,P-002|P-015,0.0000,295.7921,BBOX_CLEAR
PAIR-011370,P-002,P-016,P-002|P-016,0.0000,316.5172,BBOX_CLEAR
PAIR-011371,P-002,P-017,P-002|P-017,0.0000,260.1154,BBOX_CLEAR
PAIR-011372,P-003,P-004,P-003|P-004,0.0000,0.0000,BBOX_WITHIN_8PX
PAIR-011373,P-003,P-005,P-003|P-005,0.0000,0.0000,BBOX_WITHIN_8PX
PAIR-011374,P-003,P-006,P-003|P-006,0.0000,0.0000,BBOX_WITHIN_8PX
PAIR-011375,P-003,P-007,P-003|P-007,0.0000,0.0000,BBOX_WITHIN_8PX
PAIR-011376,P-003,P-008,P-003|P-008,0.0000,274.0360,BBOX_CLEAR
PAIR-011377,P-003,P-009,P-003|P-009,0.0000,284.4138,BBOX_CLEAR
PAIR-011378,P-003,P-010,P-003|P-010,0.0000,354.3999,BBOX_CLEAR
PAIR-011379,P-003,P-011,P-003|P-011,0.0000,173.0185,BBOX_CLEAR
PAIR-011380,P-003,P-012,P-003|P-012,0.0000,310.9747,BBOX_CLEAR
PAIR-011381,P-003,P-013,P-003|P-013,0.0000,361.4426,BBOX_CLEAR
PAIR-011382,P-003,P-014,P-003|P-014,0.0000,422.2358,BBOX_CLEAR
PAIR-011383,P-003,P-015,P-003|P-015,0.0000,99.5448,BBOX_CLEAR
PAIR-011384,P-003,P-016,P-003|P-016,0.0000,369.7380,BBOX_CLEAR
PAIR-011385,P-003,P-017,P-003|P-017,0.0000,316.4104,BBOX_CLEAR
PAIR-011386,P-004,P-005,P-004|P-005,0.0000,269.9305,BBOX_CLEAR
PAIR-011387,P-004,P-006,P-004|P-006,0.0000,205.9367,BBOX_CLEAR
PAIR-011388,P-004,P-007,P-004|P-007,0.0000,163.2742,BBOX_CLEAR
PAIR-011389,P-004,P-008,P-004|P-008,0.0000,357.6759,BBOX_CLEAR
PAIR-011390,P-004,P-009,P-004|P-009,0.0000,317.5490,BBOX_CLEAR
PAIR-011391,P-004,P-010,P-004|P-010,0.0000,377.2823,BBOX_CLEAR
PAIR-011392,P-004,P-011,P-004|P-011,0.0000,230.2057,BBOX_CLEAR
PAIR-011393,P-004,P-012,P-004|P-012,0.0000,372.3622,BBOX_CLEAR
PAIR-011394,P-004,P-013,P-004|P-013,0.0000,550.6590,BBOX_CLEAR
PAIR-011395,P-004,P-014,P-004|P-014,0.0000,589.3046,BBOX_CLEAR
PAIR-011396,P-004,P-015,P-004|P-015,0.0000,103.6477,BBOX_CLEAR
PAIR-011397,P-004,P-016,P-004|P-016,0.0000,384.3431,BBOX_CLEAR
PAIR-011398,P-004,P-017,P-004|P-017,0.0000,372.8009,BBOX_CLEAR
PAIR-011399,P-005,P-006,P-005|P-006,75837.3133,0.0000,BBOX_INTERSECTION
PAIR-011400,P-005,P-007,P-005|P-007,75837.3133,0.0000,BBOX_INTERSECTION
PAIR-011401,P-005,P-008,P-005|P-008,0.0000,96.8906,BBOX_CLEAR
PAIR-011402,P-005,P-009,P-005|P-009,0.0000,108.7593,BBOX_CLEAR
PAIR-011403,P-005,P-010,P-005|P-010,0.0000,208.1738,BBOX_CLEAR
PAIR-011404,P-005,P-011,P-005|P-011,320.7065,0.0000,BBOX_INTERSECTION
PAIR-011405,P-005,P-012,P-005|P-012,0.0000,133.2088,BBOX_CLEAR
PAIR-011406,P-005,P-013,P-005|P-013,0.0000,183.6767,BBOX_CLEAR
PAIR-011407,P-005,P-014,P-005|P-014,0.0000,244.4698,BBOX_CLEAR
PAIR-011408,P-005,P-015,P-005|P-015,0.0000,98.1183,BBOX_CLEAR
PAIR-011409,P-005,P-016,P-005|P-016,0.0000,230.7219,BBOX_CLEAR
PAIR-011410,P-005,P-017,P-005|P-017,0.0000,144.0530,BBOX_CLEAR
PAIR-011411,P-006,P-007,P-006|P-007,194143.4376,0.0000,BBOX_INTERSECTION
PAIR-011412,P-006,P-008,P-006|P-008,215.5779,0.0000,BBOX_INTERSECTION
PAIR-011413,P-006,P-009,P-006|P-009,0.3644,0.0000,BBOX_INTERSECTION
PAIR-011414,P-006,P-010,P-006|P-010,0.0000,83.8381,BBOX_CLEAR
PAIR-011415,P-006,P-011,P-006|P-011,14654.8000,0.0000,BBOX_INTERSECTION
PAIR-011416,P-006,P-012,P-006|P-012,0.0000,26.5523,BBOX_CLEAR
PAIR-011417,P-006,P-013,P-006|P-013,0.0000,77.0202,BBOX_CLEAR
PAIR-011418,P-006,P-014,P-006|P-014,0.0000,137.8134,BBOX_CLEAR
PAIR-011419,P-006,P-015,P-006|P-015,0.0000,34.1245,BBOX_CLEAR
PAIR-011420,P-006,P-016,P-006|P-016,0.0000,106.6452,BBOX_CLEAR
PAIR-011421,P-006,P-017,P-006|P-017,0.0000,31.9880,BBOX_CLEAR
PAIR-011422,P-007,P-008,P-007|P-008,430.8012,0.0000,BBOX_INTERSECTION
PAIR-011423,P-007,P-009,P-007|P-009,6068.0403,0.0000,BBOX_INTERSECTION
PAIR-011424,P-007,P-010,P-007|P-010,0.0000,3.5107,BBOX_WITHIN_8PX
PAIR-011425,P-007,P-011,P-007|P-011,31794.5877,0.0000,BBOX_INTERSECTION
PAIR-011426,P-007,P-012,P-007|P-012,1984.7446,0.0000,BBOX_INTERSECTION
PAIR-011427,P-007,P-013,P-007|P-013,0.0000,5.9160,BBOX_WITHIN_8PX
PAIR-011428,P-007,P-014,P-007|P-014,0.0000,66.7091,BBOX_CLEAR
PAIR-011429,P-007,P-015,P-007|P-015,2185.5942,0.0000,BBOX_INTERSECTION
PAIR-011430,P-007,P-016,P-007|P-016,0.0000,25.6268,BBOX_CLEAR
PAIR-011431,P-007,P-017,P-007|P-017,880.7473,0.0000,BBOX_INTERSECTION
PAIR-011432,P-008,P-009,P-008|P-009,107.7003,0.0000,BBOX_INTERSECTION
PAIR-011433,P-008,P-010,P-008|P-010,0.0000,98.5369,BBOX_CLEAR
PAIR-011434,P-008,P-011,P-008|P-011,430.8012,0.0000,BBOX_INTERSECTION
PAIR-011435,P-008,P-012,P-008|P-012,0.0000,16.1830,BBOX_CLEAR
PAIR-011436,P-008,P-013,P-008|P-013,0.0000,175.7678,BBOX_CLEAR
PAIR-011437,P-008,P-014,P-008|P-014,0.0000,204.0979,BBOX_CLEAR
PAIR-011438,P-008,P-015,P-008|P-015,0.0000,66.4138,BBOX_CLEAR
PAIR-011439,P-008,P-016,P-008|P-016,0.0000,122.0093,BBOX_CLEAR
PAIR-011440,P-008,P-017,P-008|P-017,0.0000,22.8494,BBOX_CLEAR
PAIR-011441,P-009,P-010,P-009|P-010,23.7012,0.0000,BBOX_INTERSECTION
PAIR-011442,P-009,P-011,P-009|P-011,6658.6001,0.0000,BBOX_INTERSECTION
PAIR-011443,P-009,P-012,P-009|P-012,1103.4311,0.0000,BBOX_INTERSECTION
PAIR-011444,P-009,P-013,P-009|P-013,0.0000,173.0313,BBOX_CLEAR
PAIR-011445,P-009,P-014,P-009|P-014,0.0000,181.0731,BBOX_CLEAR
PAIR-011446,P-009,P-015,P-009|P-015,1262.7417,0.0000,BBOX_INTERSECTION
PAIR-011447,P-009,P-016,P-009|P-016,0.0000,16.6589,BBOX_CLEAR
PAIR-011448,P-009,P-017,P-009|P-017,966.4108,0.0000,BBOX_INTERSECTION
PAIR-011449,P-010,P-011,P-010|P-011,0.4154,0.0000,BBOX_INTERSECTION
PAIR-011450,P-010,P-012,P-010|P-012,0.0000,56.5652,BBOX_CLEAR
PAIR-011451,P-010,P-013,P-010|P-013,0.0000,261.8590,BBOX_CLEAR
PAIR-011452,P-010,P-014,P-010|P-014,0.0000,264.8674,BBOX_CLEAR
PAIR-011453,P-010,P-015,P-010|P-015,129.0944,0.0000,BBOX_INTERSECTION
PAIR-011454,P-010,P-016,P-010|P-016,0.0000,7.3923,BBOX_WITHIN_8PX
PAIR-011455,P-010,P-017,P-010|P-017,0.0000,48.5485,BBOX_CLEAR
PAIR-011456,P-011,P-012,P-011|P-012,1984.7446,0.0000,BBOX_INTERSECTION
PAIR-011457,P-011,P-013,P-011|P-013,0.0000,84.1391,BBOX_CLEAR
PAIR-011458,P-011,P-014,P-011|P-014,0.0000,85.1221,BBOX_CLEAR
PAIR-011459,P-011,P-015,P-011|P-015,2693.0023,0.0000,BBOX_INTERSECTION
PAIR-011460,P-011,P-016,P-011|P-016,0.0000,17.7759,BBOX_CLEAR
PAIR-011461,P-011,P-017,P-011|P-017,1787.7550,0.0000,BBOX_INTERSECTION
PAIR-011462,P-012,P-013,P-012|P-013,0.0000,147.5110,BBOX_CLEAR
PAIR-011463,P-012,P-014,P-012|P-014,0.0000,163.1460,BBOX_CLEAR
PAIR-011464,P-012,P-015,P-012|P-015,0.0000,43.5910,BBOX_CLEAR
PAIR-011465,P-012,P-016,P-012|P-016,0.0000,77.7640,BBOX_CLEAR
PAIR-011466,P-012,P-017,P-012|P-017,428.8038,0.0000,BBOX_INTERSECTION
PAIR-011467,P-013,P-014,P-013|P-014,0.0000,0.0000,BBOX_WITHIN_8PX
PAIR-011468,P-013,P-015,P-013|P-015,0.0000,249.8101,BBOX_CLEAR
PAIR-011469,P-013,P-016,P-013|P-016,0.0000,279.6736,BBOX_CLEAR
PAIR-011470,P-013,P-017,P-013|P-017,0.0000,190.7943,BBOX_CLEAR
PAIR-011471,P-014,P-015,P-014|P-015,0.0000,246.5871,BBOX_CLEAR
PAIR-011472,P-014,P-016,P-014|P-016,0.0000,276.4506,BBOX_CLEAR
PAIR-011473,P-014,P-017,P-014|P-017,0.0000,187.5713,BBOX_CLEAR
PAIR-011474,P-015,P-016,P-015|P-016,1685.2302,0.0000,BBOX_INTERSECTION
PAIR-011475,P-015,P-017,P-015|P-017,0.0000,36.4997,BBOX_CLEAR
PAIR-011476,P-016,P-017,P-016|P-017,0.0000,66.3632,BBOX_CLEAR
