GLYPH_ID,ELEMENT_ID,CHAR,PANEL_ID,ROLE,SCRIPT_CLASS,SAFE_FILENAME,ORIGINAL_FILE,TARGET_OVERLAY_FILE,MASK_FILE,SHEET_1X,CELL_1X,SHEET_8X,CELL_8X,BBOX_X0,BBOX_Y0,BBOX_X1,BBOX_Y1,H_INK_PX,MASK_FOREGROUND_PX,PDF_FONT,PDF_RGB,EFFECTIVE_PT
G0001,E001,(,TOP,PANEL_TITLE,FULL_CONTOUR_DELIMITER,G0001,glyph_original/G0001_original_1x.png,glyph_target_overlay/G0001_target_overlay_1x.png,glyph_masks/G0001_mask_only_1x.png,glyph_contacts_1x/contact_sheet_001.png,1,glyph_contacts_8x/contact_sheet_001.png,1,366,518,384,562,39,178,STIXTwoText-Bold,31/78/121,10.1619
G0002,E001,a,TOP,PANEL_TITLE,LOWERCASE_OR_GREEK,G0002,glyph_original/G0002_original_1x.png,glyph_target_overlay/G0002_target_overlay_1x.png,glyph_masks/G0002_mask_only_1x.png,glyph_contacts_1x/contact_sheet_001.png,2,glyph_contacts_8x/contact_sheet_001.png,2,383,518,407,562,20,215,STIXTwoText-Bold,31/78/121,10.1619
G0003,E001,),TOP,PANEL_TITLE,FULL_CONTOUR_DELIMITER,G0003,glyph_original/G0003_original_1x.png,glyph_target_overlay/G0003_target_overlay_1x.png,glyph_masks/G0003_mask_only_1x.png,glyph_contacts_1x/contact_sheet_001.png,3,glyph_contacts_8x/contact_sheet_001.png,3,406,518,424,562,39,174,STIXTwoText-Bold,31/78/121,10.1619
G0004,E001,问,TOP,PANEL_TITLE,CJK_FULL,G0004,glyph_original/G0004_original_1x.png,glyph_target_overlay/G0004_target_overlay_1x.png,glyph_masks/G0004_mask_only_1x.png,glyph_contacts_1x/contact_sheet_001.png,4,glyph_contacts_8x/contact_sheet_001.png,4,433,501,476,564,38,694,NotoSansSC-Bold,31/78/121,10.1619
G0005,E001,题,TOP,PANEL_TITLE,CJK_FULL,G0005,glyph_original/G0005_original_1x.png,glyph_target_overlay/G0005_target_overlay_1x.png,glyph_masks/G0005_mask_only_1x.png,glyph_contacts_1x/contact_sheet_001.png,5,glyph_contacts_8x/contact_sheet_002.png,1,475,501,518,564,37,890,NotoSansSC-Bold,31/78/121,10.1619
G0006,E001,到,TOP,PANEL_TITLE,CJK_FULL,G0006,glyph_original/G0006_original_1x.png,glyph_target_overlay/G0006_target_overlay_1x.png,glyph_masks/G0006_mask_only_1x.png,glyph_contacts_1x/contact_sheet_001.png,6,glyph_contacts_8x/contact_sheet_002.png,2,517,501,561,564,38,735,NotoSansSC-Bold,31/78/121,10.1619
G0007,E001,边,TOP,PANEL_TITLE,CJK_FULL,G0007,glyph_original/G0007_original_1x.png,glyph_target_overlay/G0007_target_overlay_1x.png,glyph_masks/G0007_mask_only_1x.png,glyph_contacts_1x/contact_sheet_001.png,7,glyph_contacts_8x/contact_sheet_002.png,3,560,501,603,564,38,727,NotoSansSC-Bold,31/78/121,10.1619
G0008,E001,界,TOP,PANEL_TITLE,CJK_FULL,G0008,glyph_original/G0008_original_1x.png,glyph_target_overlay/G0008_target_overlay_1x.png,glyph_masks/G0008_mask_only_1x.png,glyph_contacts_1x/contact_sheet_001.png,8,glyph_contacts_8x/contact_sheet_002.png,4,602,501,645,564,38,701,NotoSansSC-Bold,31/78/121,10.1619
G0009,E001,的,TOP,PANEL_TITLE,CJK_FULL,G0009,glyph_original/G0009_original_1x.png,glyph_target_overlay/G0009_target_overlay_1x.png,glyph_masks/G0009_mask_only_1x.png,glyph_contacts_1x/contact_sheet_002.png,1,glyph_contacts_8x/contact_sheet_003.png,1,644,501,688,564,39,714,NotoSansSC-Bold,31/78/121,10.1619
G0010,E001,五,TOP,PANEL_TITLE,CJK_FULL,G0010,glyph_original/G0010_original_1x.png,glyph_target_overlay/G0010_target_overlay_1x.png,glyph_masks/G0010_mask_only_1x.png,glyph_contacts_1x/contact_sheet_002.png,2,glyph_contacts_8x/contact_sheet_003.png,2,687,501,730,564,34,637,NotoSansSC-Bold,31/78/121,10.1619
G0011,E001,站,TOP,PANEL_TITLE,CJK_FULL,G0011,glyph_original/G0011_original_1x.png,glyph_target_overlay/G0011_target_overlay_1x.png,glyph_masks/G0011_mask_only_1x.png,glyph_contacts_1x/contact_sheet_002.png,3,glyph_contacts_8x/contact_sheet_003.png,3,729,501,773,564,40,725,NotoSansSC-Bold,31/78/121,10.1619
G0012,E001,主,TOP,PANEL_TITLE,CJK_FULL,G0012,glyph_original/G0012_original_1x.png,glyph_target_overlay/G0012_target_overlay_1x.png,glyph_masks/G0012_mask_only_1x.png,glyph_contacts_1x/contact_sheet_002.png,4,glyph_contacts_8x/contact_sheet_003.png,4,772,501,815,564,38,577,NotoSansSC-Bold,31/78/121,10.1619
G0013,E001,闭,TOP,PANEL_TITLE,CJK_FULL,G0013,glyph_original/G0013_original_1x.png,glyph_target_overlay/G0013_target_overlay_1x.png,glyph_masks/G0013_mask_only_1x.png,glyph_contacts_1x/contact_sheet_002.png,5,glyph_contacts_8x/contact_sheet_004.png,1,814,501,857,564,38,766,NotoSansSC-Bold,31/78/121,10.1619
G0014,E001,环,TOP,PANEL_TITLE,CJK_FULL,G0014,glyph_original/G0014_original_1x.png,glyph_target_overlay/G0014_target_overlay_1x.png,glyph_masks/G0014_mask_only_1x.png,glyph_contacts_1x/contact_sheet_002.png,6,glyph_contacts_8x/contact_sheet_004.png,2,856,501,900,564,36,615,NotoSansSC-Bold,31/78/121,10.1619
G0015,E002,问,TOP,STATION_HEADING,CJK_FULL,G0015,glyph_original/G0015_original_1x.png,glyph_target_overlay/G0015_target_overlay_1x.png,glyph_masks/G0015_mask_only_1x.png,glyph_contacts_1x/contact_sheet_002.png,7,glyph_contacts_8x/contact_sheet_004.png,3,425,781,466,840,36,581,NotoSansSC-Bold,31/35/40,9.5641
G0016,E002,题,TOP,STATION_HEADING,CJK_FULL,G0016,glyph_original/G0016_original_1x.png,glyph_target_overlay/G0016_target_overlay_1x.png,glyph_masks/G0016_mask_only_1x.png,glyph_contacts_1x/contact_sheet_002.png,8,glyph_contacts_8x/contact_sheet_004.png,4,474,781,515,840,35,750,NotoSansSC-Bold,31/35/40,9.5641
G0017,E002,定,TOP,STATION_HEADING,CJK_FULL,G0017,glyph_original/G0017_original_1x.png,glyph_target_overlay/G0017_target_overlay_1x.png,glyph_masks/G0017_mask_only_1x.png,glyph_contacts_1x/contact_sheet_003.png,1,glyph_contacts_8x/contact_sheet_005.png,1,524,781,565,840,37,613,NotoSansSC-Bold,31/35/40,9.5641
G0018,E002,义,TOP,STATION_HEADING,CJK_FULL,G0018,glyph_original/G0018_original_1x.png,glyph_target_overlay/G0018_target_overlay_1x.png,glyph_masks/G0018_mask_only_1x.png,glyph_contacts_1x/contact_sheet_003.png,2,glyph_contacts_8x/contact_sheet_005.png,2,573,781,614,840,36,422,NotoSansSC-Bold,31/35/40,9.5641
G0019,E002,目,TOP,STATION_BODY,CJK_FULL,G0019,glyph_original/G0019_original_1x.png,glyph_target_overlay/G0019_target_overlay_1x.png,glyph_masks/G0019_mask_only_1x.png,glyph_contacts_1x/contact_sheet_003.png,3,glyph_contacts_8x/contact_sheet_005.png,3,408,844,449,888,34,213,NotoSerifSC-ExtraLight,31/35/40,9.5641
G0020,E002,标,TOP,STATION_BODY,CJK_FULL,G0020,glyph_original/G0020_original_1x.png,glyph_target_overlay/G0020_target_overlay_1x.png,glyph_masks/G0020_mask_only_1x.png,glyph_contacts_1x/contact_sheet_003.png,4,glyph_contacts_8x/contact_sheet_005.png,4,454,844,494,888,35,195,NotoSerifSC-ExtraLight,31/35/40,9.5641
G0021,E002,／,TOP,STATION_BODY,FULL_CONTOUR_DELIMITER,G0021,glyph_original/G0021_original_1x.png,glyph_target_overlay/G0021_target_overlay_1x.png,glyph_masks/G0021_mask_only_1x.png,glyph_contacts_1x/contact_sheet_003.png,5,glyph_contacts_8x/contact_sheet_006.png,1,499,844,540,888,35,69,NotoSerifSC-ExtraLight,31/35/40,9.5641
G0022,E002,数,TOP,STATION_BODY,CJK_FULL,G0022,glyph_original/G0022_original_1x.png,glyph_target_overlay/G0022_target_overlay_1x.png,glyph_masks/G0022_mask_only_1x.png,glyph_contacts_1x/contact_sheet_003.png,6,glyph_contacts_8x/contact_sheet_006.png,2,545,844,586,888,34,257,NotoSerifSC-ExtraLight,31/35/40,9.5641
G0023,E002,据,TOP,STATION_BODY,CJK_FULL,G0023,glyph_original/G0023_original_1x.png,glyph_target_overlay/G0023_target_overlay_1x.png,glyph_masks/G0023_mask_only_1x.png,glyph_contacts_1x/contact_sheet_003.png,7,glyph_contacts_8x/contact_sheet_006.png,3,590,844,631,888,35,272,NotoSerifSC-ExtraLight,31/35/40,9.5641
G0024,E002,独,TOP,STATION_BODY,CJK_FULL,G0024,glyph_original/G0024_original_1x.png,glyph_target_overlay/G0024_target_overlay_1x.png,glyph_masks/G0024_mask_only_1x.png,glyph_contacts_1x/contact_sheet_003.png,8,glyph_contacts_8x/contact_sheet_006.png,4,425,892,466,936,35,230,NotoSerifSC-ExtraLight,31/35/40,9.5641
G0025,E002,立,TOP,STATION_BODY,CJK_FULL,G0025,glyph_original/G0025_original_1x.png,glyph_target_overlay/G0025_target_overlay_1x.png,glyph_masks/G0025_mask_only_1x.png,glyph_contacts_1x/contact_sheet_004.png,1,glyph_contacts_8x/contact_sheet_007.png,1,474,892,515,936,32,102,NotoSerifSC-ExtraLight,31/35/40,9.5641
G0026,E002,单,TOP,STATION_BODY,CJK_FULL,G0026,glyph_original/G0026_original_1x.png,glyph_target_overlay/G0026_target_overlay_1x.png,glyph_masks/G0026_mask_only_1x.png,glyph_contacts_1x/contact_sheet_004.png,2,glyph_contacts_8x/contact_sheet_007.png,2,524,892,565,936,35,225,NotoSerifSC-ExtraLight,31/35/40,9.5641
G0027,E002,元,TOP,STATION_BODY,CJK_FULL,G0027,glyph_original/G0027_original_1x.png,glyph_target_overlay/G0027_target_overlay_1x.png,glyph_masks/G0027_mask_only_1x.png,glyph_contacts_1x/contact_sheet_004.png,3,glyph_contacts_8x/contact_sheet_007.png,3,573,892,614,936,35,168,NotoSerifSC-ExtraLight,31/35/40,9.5641
G0028,E003,建,TOP,STATION_HEADING,CJK_FULL,G0028,glyph_original/G0028_original_1x.png,glyph_target_overlay/G0028_target_overlay_1x.png,glyph_masks/G0028_mask_only_1x.png,glyph_contacts_1x/contact_sheet_004.png,4,glyph_contacts_8x/contact_sheet_007.png,4,839,781,880,840,37,752,NotoSansSC-Bold,31/35/40,9.5641
G0029,E003,模,TOP,STATION_HEADING,CJK_FULL,G0029,glyph_original/G0029_original_1x.png,glyph_target_overlay/G0029_target_overlay_1x.png,glyph_masks/G0029_mask_only_1x.png,glyph_contacts_1x/contact_sheet_004.png,5,glyph_contacts_8x/contact_sheet_008.png,1,898,781,939,840,37,781,NotoSansSC-Bold,31/35/40,9.5641
G0030,E003,表,TOP,STATION_BODY,CJK_FULL,G0030,glyph_original/G0030_original_1x.png,glyph_target_overlay/G0030_target_overlay_1x.png,glyph_masks/G0030_mask_only_1x.png,glyph_contacts_1x/contact_sheet_004.png,6,glyph_contacts_8x/contact_sheet_008.png,2,778,844,819,888,35,203,NotoSerifSC-ExtraLight,31/35/40,9.5641
G0031,E003,示,TOP,STATION_BODY,CJK_FULL,G0031,glyph_original/G0031_original_1x.png,glyph_target_overlay/G0031_target_overlay_1x.png,glyph_masks/G0031_mask_only_1x.png,glyph_contacts_1x/contact_sheet_004.png,7,glyph_contacts_8x/contact_sheet_008.png,3,823,844,864,888,34,158,NotoSerifSC-ExtraLight,31/35/40,9.5641
G0032,E003,／,TOP,STATION_BODY,FULL_CONTOUR_DELIMITER,G0032,glyph_original/G0032_original_1x.png,glyph_target_overlay/G0032_target_overlay_1x.png,glyph_masks/G0032_mask_only_1x.png,glyph_contacts_1x/contact_sheet_004.png,8,glyph_contacts_8x/contact_sheet_008.png,4,869,844,910,888,35,69,NotoSerifSC-ExtraLight,31/35/40,9.5641
G0033,E003,假,TOP,STATION_BODY,CJK_FULL,G0033,glyph_original/G0033_original_1x.png,glyph_target_overlay/G0033_target_overlay_1x.png,glyph_masks/G0033_mask_only_1x.png,glyph_contacts_1x/contact_sheet_005.png,1,glyph_contacts_8x/contact_sheet_009.png,1,914,844,955,888,35,249,NotoSerifSC-ExtraLight,31/35/40,9.5641
G0034,E003,设,TOP,STATION_BODY,CJK_FULL,G0034,glyph_original/G0034_original_1x.png,glyph_target_overlay/G0034_target_overlay_1x.png,glyph_masks/G0034_mask_only_1x.png,glyph_contacts_1x/contact_sheet_005.png,2,glyph_contacts_8x/contact_sheet_009.png,2,960,844,1001,888,34,218,NotoSerifSC-ExtraLight,31/35/40,9.5641
G0035,E003,约,TOP,STATION_BODY,CJK_FULL,G0035,glyph_original/G0035_original_1x.png,glyph_target_overlay/G0035_target_overlay_1x.png,glyph_masks/G0035_mask_only_1x.png,glyph_contacts_1x/contact_sheet_005.png,3,glyph_contacts_8x/contact_sheet_009.png,3,778,892,819,936,35,208,NotoSerifSC-ExtraLight,31/35/40,9.5641
G0036,E003,束,TOP,STATION_BODY,CJK_FULL,G0036,glyph_original/G0036_original_1x.png,glyph_target_overlay/G0036_target_overlay_1x.png,glyph_masks/G0036_mask_only_1x.png,glyph_contacts_1x/contact_sheet_005.png,4,glyph_contacts_8x/contact_sheet_009.png,4,823,892,864,936,35,198,NotoSerifSC-ExtraLight,31/35/40,9.5641
G0037,E003,／,TOP,STATION_BODY,FULL_CONTOUR_DELIMITER,G0037,glyph_original/G0037_original_1x.png,glyph_target_overlay/G0037_target_overlay_1x.png,glyph_masks/G0037_mask_only_1x.png,glyph_contacts_1x/contact_sheet_005.png,5,glyph_contacts_8x/contact_sheet_010.png,1,869,892,910,936,35,69,NotoSerifSC-ExtraLight,31/35/40,9.5641
G0038,E003,先,TOP,STATION_BODY,CJK_FULL,G0038,glyph_original/G0038_original_1x.png,glyph_target_overlay/G0038_target_overlay_1x.png,glyph_masks/G0038_mask_only_1x.png,glyph_contacts_1x/contact_sheet_005.png,6,glyph_contacts_8x/contact_sheet_010.png,2,914,892,955,936,35,185,NotoSerifSC-ExtraLight,31/35/40,9.5641
G0039,E003,验,TOP,STATION_BODY,CJK_FULL,G0039,glyph_original/G0039_original_1x.png,glyph_target_overlay/G0039_target_overlay_1x.png,glyph_masks/G0039_mask_only_1x.png,glyph_contacts_1x/contact_sheet_005.png,7,glyph_contacts_8x/contact_sheet_010.png,3,960,892,1001,936,35,224,NotoSerifSC-ExtraLight,31/35/40,9.5641
G0040,E004,计,TOP,STATION_HEADING,CJK_FULL,G0040,glyph_original/G0040_original_1x.png,glyph_target_overlay/G0040_target_overlay_1x.png,glyph_masks/G0040_mask_only_1x.png,glyph_contacts_1x/contact_sheet_005.png,8,glyph_contacts_8x/contact_sheet_010.png,4,1209,781,1249,840,36,436,NotoSansSC-Bold,31/35/40,9.5641
G0041,E004,算,TOP,STATION_HEADING,CJK_FULL,G0041,glyph_original/G0041_original_1x.png,glyph_target_overlay/G0041_target_overlay_1x.png,glyph_masks/G0041_mask_only_1x.png,glyph_contacts_1x/contact_sheet_006.png,1,glyph_contacts_8x/contact_sheet_011.png,1,1268,781,1309,840,37,704,NotoSansSC-Bold,31/35/40,9.5641
G0042,E004,求,TOP,STATION_BODY,CJK_FULL,G0042,glyph_original/G0042_original_1x.png,glyph_target_overlay/G0042_target_overlay_1x.png,glyph_masks/G0042_mask_only_1x.png,glyph_contacts_1x/contact_sheet_006.png,2,glyph_contacts_8x/contact_sheet_011.png,2,1147,844,1188,888,35,207,NotoSerifSC-ExtraLight,31/35/40,9.5641
G0043,E004,解,TOP,STATION_BODY,CJK_FULL,G0043,glyph_original/G0043_original_1x.png,glyph_target_overlay/G0043_target_overlay_1x.png,glyph_masks/G0043_mask_only_1x.png,glyph_contacts_1x/contact_sheet_006.png,3,glyph_contacts_8x/contact_sheet_011.png,3,1193,844,1234,888,35,261,NotoSerifSC-ExtraLight,31/35/40,9.5641
G0044,E004,／,TOP,STATION_BODY,FULL_CONTOUR_DELIMITER,G0044,glyph_original/G0044_original_1x.png,glyph_target_overlay/G0044_target_overlay_1x.png,glyph_masks/G0044_mask_only_1x.png,glyph_contacts_1x/contact_sheet_006.png,4,glyph_contacts_8x/contact_sheet_011.png,4,1238,844,1279,888,35,69,NotoSerifSC-ExtraLight,31/35/40,9.5641
G0045,E004,推,TOP,STATION_BODY,CJK_FULL,G0045,glyph_original/G0045_original_1x.png,glyph_target_overlay/G0045_target_overlay_1x.png,glyph_masks/G0045_mask_only_1x.png,glyph_contacts_1x/contact_sheet_006.png,5,glyph_contacts_8x/contact_sheet_012.png,1,1284,844,1325,888,35,245,NotoSerifSC-ExtraLight,31/35/40,9.5641
G0046,E004,断,TOP,STATION_BODY,CJK_FULL,G0046,glyph_original/G0046_original_1x.png,glyph_target_overlay/G0046_target_overlay_1x.png,glyph_masks/G0046_mask_only_1x.png,glyph_contacts_1x/contact_sheet_006.png,6,glyph_contacts_8x/contact_sheet_012.png,2,1329,844,1370,888,35,256,NotoSerifSC-ExtraLight,31/35/40,9.5641
G0047,E004,状,TOP,STATION_BODY,CJK_FULL,G0047,glyph_original/G0047_original_1x.png,glyph_target_overlay/G0047_target_overlay_1x.png,glyph_masks/G0047_mask_only_1x.png,glyph_contacts_1x/contact_sheet_006.png,7,glyph_contacts_8x/contact_sheet_012.png,3,1147,892,1188,936,34,204,NotoSerifSC-ExtraLight,31/35/40,9.5641
G0048,E004,态,TOP,STATION_BODY,CJK_FULL,G0048,glyph_original/G0048_original_1x.png,glyph_target_overlay/G0048_target_overlay_1x.png,glyph_masks/G0048_mask_only_1x.png,glyph_contacts_1x/contact_sheet_006.png,8,glyph_contacts_8x/contact_sheet_012.png,4,1193,892,1234,936,34,162,NotoSerifSC-ExtraLight,31/35/40,9.5641
G0049,E004,／,TOP,STATION_BODY,FULL_CONTOUR_DELIMITER,G0049,glyph_original/G0049_original_1x.png,glyph_target_overlay/G0049_target_overlay_1x.png,glyph_masks/G0049_mask_only_1x.png,glyph_contacts_1x/contact_sheet_007.png,1,glyph_contacts_8x/contact_sheet_013.png,1,1238,892,1279,936,35,69,NotoSerifSC-ExtraLight,31/35/40,9.5641
G0050,E004,预,TOP,STATION_BODY,CJK_FULL,G0050,glyph_original/G0050_original_1x.png,glyph_target_overlay/G0050_target_overlay_1x.png,glyph_masks/G0050_mask_only_1x.png,glyph_contacts_1x/contact_sheet_007.png,2,glyph_contacts_8x/contact_sheet_013.png,2,1284,892,1325,936,35,220,NotoSerifSC-ExtraLight,31/35/40,9.5641
G0051,E004,算,TOP,STATION_BODY,CJK_FULL,G0051,glyph_original/G0051_original_1x.png,glyph_target_overlay/G0051_target_overlay_1x.png,glyph_masks/G0051_mask_only_1x.png,glyph_contacts_1x/contact_sheet_007.png,3,glyph_contacts_8x/contact_sheet_013.png,3,1329,892,1370,936,35,259,NotoSerifSC-ExtraLight,31/35/40,9.5641
G0052,E005,证,TOP,STATION_HEADING,CJK_FULL,G0052,glyph_original/G0052_original_1x.png,glyph_target_overlay/G0052_target_overlay_1x.png,glyph_masks/G0052_mask_only_1x.png,glyph_contacts_1x/contact_sheet_007.png,4,glyph_contacts_8x/contact_sheet_013.png,4,1578,781,1619,840,35,580,NotoSansSC-Bold,31/35/40,9.5641
G0053,E005,据,TOP,STATION_HEADING,CJK_FULL,G0053,glyph_original/G0053_original_1x.png,glyph_target_overlay/G0053_target_overlay_1x.png,glyph_masks/G0053_mask_only_1x.png,glyph_contacts_1x/contact_sheet_007.png,5,glyph_contacts_8x/contact_sheet_014.png,1,1638,781,1678,840,37,783,NotoSansSC-Bold,31/35/40,9.5641
G0054,E005,隔,TOP,STATION_BODY,CJK_FULL,G0054,glyph_original/G0054_original_1x.png,glyph_target_overlay/G0054_target_overlay_1x.png,glyph_masks/G0054_mask_only_1x.png,glyph_contacts_1x/contact_sheet_007.png,6,glyph_contacts_8x/contact_sheet_014.png,2,1534,844,1575,888,35,261,NotoSerifSC-ExtraLight,31/35/40,9.5641
G0055,E005,离,TOP,STATION_BODY,CJK_FULL,G0055,glyph_original/G0055_original_1x.png,glyph_target_overlay/G0055_target_overlay_1x.png,glyph_masks/G0055_mask_only_1x.png,glyph_contacts_1x/contact_sheet_007.png,7,glyph_contacts_8x/contact_sheet_014.png,3,1583,844,1624,888,35,209,NotoSerifSC-ExtraLight,31/35/40,9.5641
G0056,E005,评,TOP,STATION_BODY,CJK_FULL,G0056,glyph_original/G0056_original_1x.png,glyph_target_overlay/G0056_target_overlay_1x.png,glyph_masks/G0056_mask_only_1x.png,glyph_contacts_1x/contact_sheet_007.png,8,glyph_contacts_8x/contact_sheet_014.png,4,1633,844,1673,888,35,159,NotoSerifSC-ExtraLight,31/35/40,9.5641
G0057,E005,价,TOP,STATION_BODY,CJK_FULL,G0057,glyph_original/G0057_original_1x.png,glyph_target_overlay/G0057_target_overlay_1x.png,glyph_masks/G0057_mask_only_1x.png,glyph_contacts_1x/contact_sheet_008.png,1,glyph_contacts_8x/contact_sheet_015.png,1,1682,844,1723,888,35,179,NotoSerifSC-ExtraLight,31/35/40,9.5641
G0058,E005,稳,TOP,STATION_BODY,CJK_FULL,G0058,glyph_original/G0058_original_1x.png,glyph_target_overlay/G0058_target_overlay_1x.png,glyph_masks/G0058_mask_only_1x.png,glyph_contacts_1x/contact_sheet_008.png,2,glyph_contacts_8x/contact_sheet_015.png,2,1517,892,1558,936,35,296,NotoSerifSC-ExtraLight,31/35/40,9.5641
G0059,E005,定,TOP,STATION_BODY,CJK_FULL,G0059,glyph_original/G0059_original_1x.png,glyph_target_overlay/G0059_target_overlay_1x.png,glyph_masks/G0059_mask_only_1x.png,glyph_contacts_1x/contact_sheet_008.png,3,glyph_contacts_8x/contact_sheet_015.png,3,1562,892,1603,936,34,205,NotoSerifSC-ExtraLight,31/35/40,9.5641
G0060,E005,／,TOP,STATION_BODY,FULL_CONTOUR_DELIMITER,G0060,glyph_original/G0060_original_1x.png,glyph_target_overlay/G0060_target_overlay_1x.png,glyph_masks/G0060_mask_only_1x.png,glyph_contacts_1x/contact_sheet_008.png,4,glyph_contacts_8x/contact_sheet_015.png,4,1608,892,1649,936,35,69,NotoSerifSC-ExtraLight,31/35/40,9.5641
G0061,E005,成,TOP,STATION_BODY,CJK_FULL,G0061,glyph_original/G0061_original_1x.png,glyph_target_overlay/G0061_target_overlay_1x.png,glyph_masks/G0061_mask_only_1x.png,glyph_contacts_1x/contact_sheet_008.png,5,glyph_contacts_8x/contact_sheet_016.png,1,1653,892,1694,936,34,202,NotoSerifSC-ExtraLight,31/35/40,9.5641
G0062,E005,本,TOP,STATION_BODY,CJK_FULL,G0062,glyph_original/G0062_original_1x.png,glyph_target_overlay/G0062_target_overlay_1x.png,glyph_masks/G0062_mask_only_1x.png,glyph_contacts_1x/contact_sheet_008.png,6,glyph_contacts_8x/contact_sheet_016.png,2,1699,892,1740,936,35,165,NotoSerifSC-ExtraLight,31/35/40,9.5641
G0063,E006,边,TOP,STATION_HEADING,CJK_FULL,G0063,glyph_original/G0063_original_1x.png,glyph_target_overlay/G0063_target_overlay_1x.png,glyph_masks/G0063_mask_only_1x.png,glyph_contacts_1x/contact_sheet_008.png,7,glyph_contacts_8x/contact_sheet_016.png,3,1948,781,1989,840,36,622,NotoSansSC-Bold,31/35/40,9.5641
G0064,E006,界,TOP,STATION_HEADING,CJK_FULL,G0064,glyph_original/G0064_original_1x.png,glyph_target_overlay/G0064_target_overlay_1x.png,glyph_masks/G0064_mask_only_1x.png,glyph_contacts_1x/contact_sheet_008.png,8,glyph_contacts_8x/contact_sheet_016.png,4,2007,781,2048,840,35,610,NotoSansSC-Bold,31/35/40,9.5641
G0065,E006,失,TOP,STATION_BODY,CJK_FULL,G0065,glyph_original/G0065_original_1x.png,glyph_target_overlay/G0065_target_overlay_1x.png,glyph_masks/G0065_mask_only_1x.png,glyph_contacts_1x/contact_sheet_009.png,1,glyph_contacts_8x/contact_sheet_017.png,1,1903,844,1944,888,35,177,NotoSerifSC-ExtraLight,31/35/40,9.5641
G0066,E006,败,TOP,STATION_BODY,CJK_FULL,G0066,glyph_original/G0066_original_1x.png,glyph_target_overlay/G0066_target_overlay_1x.png,glyph_masks/G0066_mask_only_1x.png,glyph_contacts_1x/contact_sheet_009.png,2,glyph_contacts_8x/contact_sheet_017.png,2,1953,844,1994,888,35,251,NotoSerifSC-ExtraLight,31/35/40,9.5641
G0067,E006,模,TOP,STATION_BODY,CJK_FULL,G0067,glyph_original/G0067_original_1x.png,glyph_target_overlay/G0067_target_overlay_1x.png,glyph_masks/G0067_mask_only_1x.png,glyph_contacts_1x/contact_sheet_009.png,3,glyph_contacts_8x/contact_sheet_017.png,3,2002,844,2043,888,35,286,NotoSerifSC-ExtraLight,31/35/40,9.5641
G0068,E006,式,TOP,STATION_BODY,CJK_FULL,G0068,glyph_original/G0068_original_1x.png,glyph_target_overlay/G0068_target_overlay_1x.png,glyph_masks/G0068_mask_only_1x.png,glyph_contacts_1x/contact_sheet_009.png,4,glyph_contacts_8x/contact_sheet_017.png,4,2051,844,2092,888,34,135,NotoSerifSC-ExtraLight,31/35/40,9.5641
G0069,E006,适,TOP,STATION_BODY,CJK_FULL,G0069,glyph_original/G0069_original_1x.png,glyph_target_overlay/G0069_target_overlay_1x.png,glyph_masks/G0069_mask_only_1x.png,glyph_contacts_1x/contact_sheet_009.png,5,glyph_contacts_8x/contact_sheet_018.png,1,1903,892,1944,936,34,223,NotoSerifSC-ExtraLight,31/35/40,9.5641
G0070,E006,用,TOP,STATION_BODY,CJK_FULL,G0070,glyph_original/G0070_original_1x.png,glyph_target_overlay/G0070_target_overlay_1x.png,glyph_masks/G0070_mask_only_1x.png,glyph_contacts_1x/contact_sheet_009.png,6,glyph_contacts_8x/contact_sheet_018.png,2,1953,892,1994,936,34,231,NotoSerifSC-ExtraLight,31/35/40,9.5641
G0071,E006,范,TOP,STATION_BODY,CJK_FULL,G0071,glyph_original/G0071_original_1x.png,glyph_target_overlay/G0071_target_overlay_1x.png,glyph_masks/G0071_mask_only_1x.png,glyph_contacts_1x/contact_sheet_009.png,7,glyph_contacts_8x/contact_sheet_018.png,3,2002,892,2043,936,35,184,NotoSerifSC-ExtraLight,31/35/40,9.5641
G0072,E006,围,TOP,STATION_BODY,CJK_FULL,G0072,glyph_original/G0072_original_1x.png,glyph_target_overlay/G0072_target_overlay_1x.png,glyph_masks/G0072_mask_only_1x.png,glyph_contacts_1x/contact_sheet_009.png,8,glyph_contacts_8x/contact_sheet_018.png,4,2051,892,2092,936,34,258,NotoSerifSC-ExtraLight,31/35/40,9.5641
G0073,E007,1,TOP,STATION_BADGE,DIGIT_OR_UPPER,G0073,glyph_original/G0073_original_1x.png,glyph_target_overlay/G0073_target_overlay_1x.png,glyph_masks/G0073_mask_only_1x.png,glyph_contacts_1x/contact_sheet_010.png,1,glyph_contacts_8x/contact_sheet_019.png,1,391,721,412,762,25,181,STIXTwoText-Bold,255/255/255,9.5641
G0074,E008,2,TOP,STATION_BADGE,DIGIT_OR_UPPER,G0074,glyph_original/G0074_original_1x.png,glyph_target_overlay/G0074_target_overlay_1x.png,glyph_masks/G0074_mask_only_1x.png,glyph_contacts_1x/contact_sheet_010.png,2,glyph_contacts_8x/contact_sheet_019.png,2,761,722,781,762,26,201,STIXTwoText-Bold,255/255/255,9.5641
G0075,E009,3,TOP,STATION_BADGE,DIGIT_OR_UPPER,G0075,glyph_original/G0075_original_1x.png,glyph_target_overlay/G0075_target_overlay_1x.png,glyph_masks/G0075_mask_only_1x.png,glyph_contacts_1x/contact_sheet_010.png,3,glyph_contacts_8x/contact_sheet_019.png,3,1130,721,1151,762,26,182,STIXTwoText-Bold,255/255/255,9.5641
G0076,E010,4,TOP,STATION_BADGE,DIGIT_OR_UPPER,G0076,glyph_original/G0076_original_1x.png,glyph_target_overlay/G0076_target_overlay_1x.png,glyph_masks/G0076_mask_only_1x.png,glyph_contacts_1x/contact_sheet_010.png,4,glyph_contacts_8x/contact_sheet_019.png,4,1500,722,1521,762,26,233,STIXTwoText-Bold,255/255/255,9.5641
G0077,E011,5,TOP,STATION_BADGE,DIGIT_OR_UPPER,G0077,glyph_original/G0077_original_1x.png,glyph_target_overlay/G0077_target_overlay_1x.png,glyph_masks/G0077_mask_only_1x.png,glyph_contacts_1x/contact_sheet_010.png,5,glyph_contacts_8x/contact_sheet_020.png,1,1869,721,1890,762,25,196,STIXTwoText-Bold,255/255/255,9.5641
G0078,E012,边,TOP,FEEDBACK_LABEL,CJK_FULL,G0078,glyph_original/G0078_original_1x.png,glyph_target_overlay/G0078_target_overlay_1x.png,glyph_masks/G0078_mask_only_1x.png,glyph_contacts_1x/contact_sheet_010.png,6,glyph_contacts_8x/contact_sheet_020.png,2,939,587,980,630,33,191,NotoSerifSC-ExtraLight,31/35/40,9.5641
G0079,E012,界,TOP,FEEDBACK_LABEL,CJK_FULL,G0079,glyph_original/G0079_original_1x.png,glyph_target_overlay/G0079_target_overlay_1x.png,glyph_masks/G0079_mask_only_1x.png,glyph_contacts_1x/contact_sheet_010.png,7,glyph_contacts_8x/contact_sheet_020.png,3,979,587,1020,630,34,212,NotoSerifSC-ExtraLight,31/35/40,9.5641
G0080,E012,暴,TOP,FEEDBACK_LABEL,CJK_FULL,G0080,glyph_original/G0080_original_1x.png,glyph_target_overlay/G0080_target_overlay_1x.png,glyph_masks/G0080_mask_only_1x.png,glyph_contacts_1x/contact_sheet_010.png,8,glyph_contacts_8x/contact_sheet_020.png,4,1019,587,1060,630,34,219,NotoSerifSC-ExtraLight,31/35/40,9.5641
G0081,E012,露,TOP,FEEDBACK_LABEL,CJK_FULL,G0081,glyph_original/G0081_original_1x.png,glyph_target_overlay/G0081_target_overlay_1x.png,glyph_masks/G0081_mask_only_1x.png,glyph_contacts_1x/contact_sheet_011.png,1,glyph_contacts_8x/contact_sheet_021.png,1,1059,587,1100,630,33,311,NotoSerifSC-ExtraLight,31/35/40,9.5641
G0082,E012,／,TOP,FEEDBACK_LABEL,FULL_CONTOUR_DELIMITER,G0082,glyph_original/G0082_original_1x.png,glyph_target_overlay/G0082_target_overlay_1x.png,glyph_masks/G0082_mask_only_1x.png,glyph_contacts_1x/contact_sheet_011.png,2,glyph_contacts_8x/contact_sheet_021.png,2,1099,587,1140,630,34,67,NotoSerifSC-ExtraLight,31/35/40,9.5641
G0083,E012,证,TOP,FEEDBACK_LABEL,CJK_FULL,G0083,glyph_original/G0083_original_1x.png,glyph_target_overlay/G0083_target_overlay_1x.png,glyph_masks/G0083_mask_only_1x.png,glyph_contacts_1x/contact_sheet_011.png,3,glyph_contacts_8x/contact_sheet_021.png,3,1139,587,1179,630,32,178,NotoSerifSC-ExtraLight,31/35/40,9.5641
G0084,E012,据,TOP,FEEDBACK_LABEL,CJK_FULL,G0084,glyph_original/G0084_original_1x.png,glyph_target_overlay/G0084_target_overlay_1x.png,glyph_masks/G0084_mask_only_1x.png,glyph_contacts_1x/contact_sheet_011.png,4,glyph_contacts_8x/contact_sheet_021.png,4,1178,587,1219,630,34,271,NotoSerifSC-ExtraLight,31/35/40,9.5641
G0085,E012,失,TOP,FEEDBACK_LABEL,CJK_FULL,G0085,glyph_original/G0085_original_1x.png,glyph_target_overlay/G0085_target_overlay_1x.png,glyph_masks/G0085_mask_only_1x.png,glyph_contacts_1x/contact_sheet_011.png,5,glyph_contacts_8x/contact_sheet_022.png,1,1218,587,1259,630,34,172,NotoSerifSC-ExtraLight,31/35/40,9.5641
G0086,E012,败,TOP,FEEDBACK_LABEL,CJK_FULL,G0086,glyph_original/G0086_original_1x.png,glyph_target_overlay/G0086_target_overlay_1x.png,glyph_masks/G0086_mask_only_1x.png,glyph_contacts_1x/contact_sheet_011.png,6,glyph_contacts_8x/contact_sheet_022.png,2,1258,587,1299,630,34,249,NotoSerifSC-ExtraLight,31/35/40,9.5641
G0087,E012,：,TOP,FEEDBACK_LABEL,LOW_PROFILE_PUNCTUATION_UFF1A,G0087,glyph_original/G0087_original_1x.png,glyph_target_overlay/G0087_target_overlay_1x.png,glyph_masks/G0087_mask_only_1x.png,glyph_contacts_1x/contact_sheet_011.png,7,glyph_contacts_8x/contact_sheet_022.png,3,1298,587,1339,630,19,18,NotoSerifSC-ExtraLight,31/35/40,9.5641
G0088,E012,返,TOP,FEEDBACK_LABEL,CJK_FULL,G0088,glyph_original/G0088_original_1x.png,glyph_target_overlay/G0088_target_overlay_1x.png,glyph_masks/G0088_mask_only_1x.png,glyph_contacts_1x/contact_sheet_011.png,8,glyph_contacts_8x/contact_sheet_022.png,4,1338,587,1379,630,33,203,NotoSerifSC-ExtraLight,31/35/40,9.5641
G0089,E012,回,TOP,FEEDBACK_LABEL,CJK_FULL,G0089,glyph_original/G0089_original_1x.png,glyph_target_overlay/G0089_target_overlay_1x.png,glyph_masks/G0089_mask_only_1x.png,glyph_contacts_1x/contact_sheet_012.png,1,glyph_contacts_8x/contact_sheet_023.png,1,1378,587,1419,630,33,214,NotoSerifSC-ExtraLight,31/35/40,9.5641
G0090,E012,问,TOP,FEEDBACK_LABEL,CJK_FULL,G0090,glyph_original/G0090_original_1x.png,glyph_target_overlay/G0090_target_overlay_1x.png,glyph_masks/G0090_mask_only_1x.png,glyph_contacts_1x/contact_sheet_012.png,2,glyph_contacts_8x/contact_sheet_023.png,2,1418,587,1459,630,34,145,NotoSerifSC-ExtraLight,31/35/40,9.5641
G0091,E012,题,TOP,FEEDBACK_LABEL,CJK_FULL,G0091,glyph_original/G0091_original_1x.png,glyph_target_overlay/G0091_target_overlay_1x.png,glyph_masks/G0091_mask_only_1x.png,glyph_contacts_1x/contact_sheet_012.png,3,glyph_contacts_8x/contact_sheet_023.png,3,1458,587,1498,630,33,288,NotoSerifSC-ExtraLight,31/35/40,9.5641
G0092,E012,定,TOP,FEEDBACK_LABEL,CJK_FULL,G0092,glyph_original/G0092_original_1x.png,glyph_target_overlay/G0092_target_overlay_1x.png,glyph_masks/G0092_mask_only_1x.png,glyph_contacts_1x/contact_sheet_012.png,4,glyph_contacts_8x/contact_sheet_023.png,4,1497,587,1538,630,33,200,NotoSerifSC-ExtraLight,31/35/40,9.5641
G0093,E012,义,TOP,FEEDBACK_LABEL,CJK_FULL,G0093,glyph_original/G0093_original_1x.png,glyph_target_overlay/G0093_target_overlay_1x.png,glyph_masks/G0093_mask_only_1x.png,glyph_contacts_1x/contact_sheet_012.png,5,glyph_contacts_8x/contact_sheet_024.png,1,1537,587,1578,630,34,134,NotoSerifSC-ExtraLight,31/35/40,9.5641
G0094,E013,(,BOTTOM,PANEL_TITLE,FULL_CONTOUR_DELIMITER,G0094,glyph_original/G0094_original_1x.png,glyph_target_overlay/G0094_target_overlay_1x.png,glyph_masks/G0094_mask_only_1x.png,glyph_contacts_1x/contact_sheet_012.png,6,glyph_contacts_8x/contact_sheet_024.png,2,366,1105,384,1149,39,179,STIXTwoText-Bold,31/78/121,10.1619
G0095,E013,b,BOTTOM,PANEL_TITLE,LOWERCASE_OR_GREEK,G0095,glyph_original/G0095_original_1x.png,glyph_target_overlay/G0095_target_overlay_1x.png,glyph_masks/G0095_mask_only_1x.png,glyph_contacts_1x/contact_sheet_012.png,7,glyph_contacts_8x/contact_sheet_024.png,3,383,1105,408,1149,30,324,STIXTwoText-Bold,31/78/121,10.1619
G0096,E013,),BOTTOM,PANEL_TITLE,FULL_CONTOUR_DELIMITER,G0096,glyph_original/G0096_original_1x.png,glyph_target_overlay/G0096_target_overlay_1x.png,glyph_masks/G0096_mask_only_1x.png,glyph_contacts_1x/contact_sheet_012.png,8,glyph_contacts_8x/contact_sheet_024.png,4,407,1105,426,1149,39,174,STIXTwoText-Bold,31/78/121,10.1619
G0097,E013,任,BOTTOM,PANEL_TITLE,CJK_FULL,G0097,glyph_original/G0097_original_1x.png,glyph_target_overlay/G0097_target_overlay_1x.png,glyph_masks/G0097_mask_only_1x.png,glyph_contacts_1x/contact_sheet_013.png,1,glyph_contacts_8x/contact_sheet_025.png,1,435,1089,478,1151,38,653,NotoSansSC-Bold,31/78/121,10.1619
G0098,E013,务,BOTTOM,PANEL_TITLE,CJK_FULL,G0098,glyph_original/G0098_original_1x.png,glyph_target_overlay/G0098_target_overlay_1x.png,glyph_masks/G0098_mask_only_1x.png,glyph_contacts_1x/contact_sheet_013.png,2,glyph_contacts_8x/contact_sheet_025.png,2,477,1089,520,1151,39,689,NotoSansSC-Bold,31/78/121,10.1619
G0099,E013,路,BOTTOM,PANEL_TITLE,CJK_FULL,G0099,glyph_original/G0099_original_1x.png,glyph_target_overlay/G0099_target_overlay_1x.png,glyph_masks/G0099_mask_only_1x.png,glyph_contacts_1x/contact_sheet_013.png,3,glyph_contacts_8x/contact_sheet_025.png,3,519,1089,563,1151,39,859,NotoSansSC-Bold,31/78/121,10.1619
G0100,E013,线,BOTTOM,PANEL_TITLE,CJK_FULL,G0100,glyph_original/G0100_original_1x.png,glyph_target_overlay/G0100_target_overlay_1x.png,glyph_masks/G0100_mask_only_1x.png,glyph_contacts_1x/contact_sheet_013.png,4,glyph_contacts_8x/contact_sheet_025.png,4,562,1089,605,1151,39,751,NotoSansSC-Bold,31/78/121,10.1619
G0101,E013,共,BOTTOM,PANEL_TITLE,CJK_FULL,G0101,glyph_original/G0101_original_1x.png,glyph_target_overlay/G0101_target_overlay_1x.png,glyph_masks/G0101_mask_only_1x.png,glyph_contacts_1x/contact_sheet_013.png,5,glyph_contacts_8x/contact_sheet_026.png,1,604,1089,647,1151,38,657,NotoSansSC-Bold,31/78/121,10.1619
G0102,E013,享,BOTTOM,PANEL_TITLE,CJK_FULL,G0102,glyph_original/G0102_original_1x.png,glyph_target_overlay/G0102_target_overlay_1x.png,glyph_masks/G0102_mask_only_1x.png,glyph_contacts_1x/contact_sheet_013.png,6,glyph_contacts_8x/contact_sheet_026.png,2,646,1089,690,1151,40,699,NotoSansSC-Bold,31/78/121,10.1619
G0103,E013,引,BOTTOM,PANEL_TITLE,CJK_FULL,G0103,glyph_original/G0103_original_1x.png,glyph_target_overlay/G0103_target_overlay_1x.png,glyph_masks/G0103_mask_only_1x.png,glyph_contacts_1x/contact_sheet_013.png,7,glyph_contacts_8x/contact_sheet_026.png,3,689,1089,732,1151,39,581,NotoSansSC-Bold,31/78/121,10.1619
G0104,E013,擎,BOTTOM,PANEL_TITLE,CJK_FULL,G0104,glyph_original/G0104_original_1x.png,glyph_target_overlay/G0104_target_overlay_1x.png,glyph_masks/G0104_mask_only_1x.png,glyph_contacts_1x/contact_sheet_013.png,8,glyph_contacts_8x/contact_sheet_026.png,4,731,1089,774,1151,40,807,NotoSansSC-Bold,31/78/121,10.1619
G0105,E013,与,BOTTOM,PANEL_TITLE,CJK_FULL,G0105,glyph_original/G0105_original_1x.png,glyph_target_overlay/G0105_target_overlay_1x.png,glyph_masks/G0105_mask_only_1x.png,glyph_contacts_1x/contact_sheet_014.png,1,glyph_contacts_8x/contact_sheet_027.png,1,773,1089,817,1151,38,574,NotoSansSC-Bold,31/78/121,10.1619
G0106,E013,单,BOTTOM,PANEL_TITLE,CJK_FULL,G0106,glyph_original/G0106_original_1x.png,glyph_target_overlay/G0106_target_overlay_1x.png,glyph_masks/G0106_mask_only_1x.png,glyph_contacts_1x/contact_sheet_014.png,2,glyph_contacts_8x/contact_sheet_027.png,2,816,1089,859,1151,38,757,NotoSansSC-Bold,31/78/121,10.1619
G0107,E013,向,BOTTOM,PANEL_TITLE,CJK_FULL,G0107,glyph_original/G0107_original_1x.png,glyph_target_overlay/G0107_target_overlay_1x.png,glyph_masks/G0107_mask_only_1x.png,glyph_contacts_1x/contact_sheet_014.png,3,glyph_contacts_8x/contact_sheet_027.png,3,858,1089,901,1151,40,707,NotoSansSC-Bold,31/78/121,10.1619
G0108,E013,报,BOTTOM,PANEL_TITLE,CJK_FULL,G0108,glyph_original/G0108_original_1x.png,glyph_target_overlay/G0108_target_overlay_1x.png,glyph_masks/G0108_mask_only_1x.png,glyph_contacts_1x/contact_sheet_014.png,4,glyph_contacts_8x/contact_sheet_027.png,4,900,1089,944,1151,39,835,NotoSansSC-Bold,31/78/121,10.1619
G0109,E013,告,BOTTOM,PANEL_TITLE,CJK_FULL,G0109,glyph_original/G0109_original_1x.png,glyph_target_overlay/G0109_target_overlay_1x.png,glyph_masks/G0109_mask_only_1x.png,glyph_contacts_1x/contact_sheet_014.png,5,glyph_contacts_8x/contact_sheet_028.png,1,943,1089,986,1151,40,738,NotoSansSC-Bold,31/78/121,10.1619
G0110,E013,出,BOTTOM,PANEL_TITLE,CJK_FULL,G0110,glyph_original/G0110_original_1x.png,glyph_target_overlay/G0110_target_overlay_1x.png,glyph_masks/G0110_mask_only_1x.png,glyph_contacts_1x/contact_sheet_014.png,6,glyph_contacts_8x/contact_sheet_028.png,2,985,1089,1028,1151,39,700,NotoSansSC-Bold,31/78/121,10.1619
G0111,E013,口,BOTTOM,PANEL_TITLE,CJK_FULL,G0111,glyph_original/G0111_original_1x.png,glyph_target_overlay/G0111_target_overlay_1x.png,glyph_masks/G0111_mask_only_1x.png,glyph_contacts_1x/contact_sheet_014.png,7,glyph_contacts_8x/contact_sheet_028.png,3,1027,1089,1071,1151,35,602,NotoSansSC-Bold,31/78/121,10.1619
G0112,E014,监,BOTTOM,ROUTE_HEADING,CJK_FULL,G0112,glyph_original/G0112_original_1x.png,glyph_target_overlay/G0112_target_overlay_1x.png,glyph_masks/G0112_mask_only_1x.png,glyph_contacts_1x/contact_sheet_014.png,8,glyph_contacts_8x/contact_sheet_028.png,4,399,1254,440,1313,36,638,NotoSansSC-Bold,31/35/40,9.5641
G0113,E014,督,BOTTOM,ROUTE_HEADING,CJK_FULL,G0113,glyph_original/G0113_original_1x.png,glyph_target_overlay/G0113_target_overlay_1x.png,glyph_masks/G0113_mask_only_1x.png,glyph_contacts_1x/contact_sheet_015.png,1,glyph_contacts_8x/contact_sheet_029.png,1,442,1254,482,1313,37,663,NotoSansSC-Bold,31/35/40,9.5641
G0114,E014,任,BOTTOM,ROUTE_HEADING,CJK_FULL,G0114,glyph_original/G0114_original_1x.png,glyph_target_overlay/G0114_target_overlay_1x.png,glyph_masks/G0114_mask_only_1x.png,glyph_contacts_1x/contact_sheet_015.png,2,glyph_contacts_8x/contact_sheet_029.png,2,484,1254,525,1313,36,550,NotoSansSC-Bold,31/35/40,9.5641
G0115,E014,务,BOTTOM,ROUTE_HEADING,CJK_FULL,G0115,glyph_original/G0115_original_1x.png,glyph_target_overlay/G0115_target_overlay_1x.png,glyph_masks/G0115_mask_only_1x.png,glyph_contacts_1x/contact_sheet_015.png,3,glyph_contacts_8x/contact_sheet_029.png,3,527,1254,568,1313,36,587,NotoSansSC-Bold,31/35/40,9.5641
G0116,E014,路,BOTTOM,ROUTE_HEADING,CJK_FULL,G0116,glyph_original/G0116_original_1x.png,glyph_target_overlay/G0116_target_overlay_1x.png,glyph_masks/G0116_mask_only_1x.png,glyph_contacts_1x/contact_sheet_015.png,4,glyph_contacts_8x/contact_sheet_029.png,4,570,1254,611,1313,36,759,NotoSansSC-Bold,31/35/40,9.5641
G0117,E014,线,BOTTOM,ROUTE_HEADING,CJK_FULL,G0117,glyph_original/G0117_original_1x.png,glyph_target_overlay/G0117_target_overlay_1x.png,glyph_masks/G0117_mask_only_1x.png,glyph_contacts_1x/contact_sheet_015.png,5,glyph_contacts_8x/contact_sheet_030.png,1,613,1254,654,1313,37,630,NotoSansSC-Bold,31/35/40,9.5641
G0118,E014,任,BOTTOM,ROUTE_BODY,CJK_FULL,G0118,glyph_original/G0118_original_1x.png,glyph_target_overlay/G0118_target_overlay_1x.png,glyph_masks/G0118_mask_only_1x.png,glyph_contacts_1x/contact_sheet_015.png,6,glyph_contacts_8x/contact_sheet_030.png,2,434,1316,475,1360,34,183,NotoSerifSC-ExtraLight,31/35/40,9.5641
G0119,E014,务,BOTTOM,ROUTE_BODY,CJK_FULL,G0119,glyph_original/G0119_original_1x.png,glyph_target_overlay/G0119_target_overlay_1x.png,glyph_masks/G0119_mask_only_1x.png,glyph_contacts_1x/contact_sheet_015.png,7,glyph_contacts_8x/contact_sheet_030.png,3,482,1316,523,1360,35,196,NotoSerifSC-ExtraLight,31/35/40,9.5641
G0120,E014,损,BOTTOM,ROUTE_BODY,CJK_FULL,G0120,glyph_original/G0120_original_1x.png,glyph_target_overlay/G0120_target_overlay_1x.png,glyph_masks/G0120_mask_only_1x.png,glyph_contacts_1x/contact_sheet_015.png,8,glyph_contacts_8x/contact_sheet_030.png,4,530,1316,571,1360,35,266,NotoSerifSC-ExtraLight,31/35/40,9.5641
G0121,E014,失,BOTTOM,ROUTE_BODY,CJK_FULL,G0121,glyph_original/G0121_original_1x.png,glyph_target_overlay/G0121_target_overlay_1x.png,glyph_masks/G0121_mask_only_1x.png,glyph_contacts_1x/contact_sheet_016.png,1,glyph_contacts_8x/contact_sheet_031.png,1,577,1316,618,1360,35,177,NotoSerifSC-ExtraLight,31/35/40,9.5641
G0122,E014,标,BOTTOM,ROUTE_BODY,CJK_FULL,G0122,glyph_original/G0122_original_1x.png,glyph_target_overlay/G0122_target_overlay_1x.png,glyph_masks/G0122_mask_only_1x.png,glyph_contacts_1x/contact_sheet_016.png,2,glyph_contacts_8x/contact_sheet_031.png,2,434,1365,475,1408,34,194,NotoSerifSC-ExtraLight,31/35/40,9.5641
G0123,E014,签,BOTTOM,ROUTE_BODY,CJK_FULL,G0123,glyph_original/G0123_original_1x.png,glyph_target_overlay/G0123_target_overlay_1x.png,glyph_masks/G0123_mask_only_1x.png,glyph_contacts_1x/contact_sheet_016.png,3,glyph_contacts_8x/contact_sheet_031.png,3,482,1365,523,1408,33,209,NotoSerifSC-ExtraLight,31/35/40,9.5641
G0124,E014,结,BOTTOM,ROUTE_BODY,CJK_FULL,G0124,glyph_original/G0124_original_1x.png,glyph_target_overlay/G0124_target_overlay_1x.png,glyph_masks/G0124_mask_only_1x.png,glyph_contacts_1x/contact_sheet_016.png,4,glyph_contacts_8x/contact_sheet_031.png,4,530,1365,571,1408,34,207,NotoSerifSC-ExtraLight,31/35/40,9.5641
G0125,E014,构,BOTTOM,ROUTE_BODY,CJK_FULL,G0125,glyph_original/G0125_original_1x.png,glyph_target_overlay/G0125_target_overlay_1x.png,glyph_masks/G0125_mask_only_1x.png,glyph_contacts_1x/contact_sheet_016.png,5,glyph_contacts_8x/contact_sheet_032.png,1,577,1365,618,1408,34,210,NotoSerifSC-ExtraLight,31/35/40,9.5641
G0126,E015,无,BOTTOM,ROUTE_HEADING,CJK_FULL,G0126,glyph_original/G0126_original_1x.png,glyph_target_overlay/G0126_target_overlay_1x.png,glyph_masks/G0126_mask_only_1x.png,glyph_contacts_1x/contact_sheet_016.png,6,glyph_contacts_8x/contact_sheet_032.png,2,384,1467,425,1525,34,587,NotoSansSC-Bold,31/35/40,9.5641
G0127,E015,监,BOTTOM,ROUTE_HEADING,CJK_FULL,G0127,glyph_original/G0127_original_1x.png,glyph_target_overlay/G0127_target_overlay_1x.png,glyph_masks/G0127_mask_only_1x.png,glyph_contacts_1x/contact_sheet_016.png,7,glyph_contacts_8x/contact_sheet_032.png,3,424,1467,465,1525,36,638,NotoSansSC-Bold,31/35/40,9.5641
G0128,E015,督,BOTTOM,ROUTE_HEADING,CJK_FULL,G0128,glyph_original/G0128_original_1x.png,glyph_target_overlay/G0128_target_overlay_1x.png,glyph_masks/G0128_mask_only_1x.png,glyph_contacts_1x/contact_sheet_016.png,8,glyph_contacts_8x/contact_sheet_032.png,4,465,1467,506,1525,37,663,NotoSansSC-Bold,31/35/40,9.5641
G0129,E015,任,BOTTOM,ROUTE_HEADING,CJK_FULL,G0129,glyph_original/G0129_original_1x.png,glyph_target_overlay/G0129_target_overlay_1x.png,glyph_masks/G0129_mask_only_1x.png,glyph_contacts_1x/contact_sheet_017.png,1,glyph_contacts_8x/contact_sheet_033.png,1,506,1467,547,1525,36,550,NotoSansSC-Bold,31/35/40,9.5641
G0130,E015,务,BOTTOM,ROUTE_HEADING,CJK_FULL,G0130,glyph_original/G0130_original_1x.png,glyph_target_overlay/G0130_target_overlay_1x.png,glyph_masks/G0130_mask_only_1x.png,glyph_contacts_1x/contact_sheet_017.png,2,glyph_contacts_8x/contact_sheet_033.png,2,546,1467,587,1525,36,587,NotoSansSC-Bold,31/35/40,9.5641
G0131,E015,路,BOTTOM,ROUTE_HEADING,CJK_FULL,G0131,glyph_original/G0131_original_1x.png,glyph_target_overlay/G0131_target_overlay_1x.png,glyph_masks/G0131_mask_only_1x.png,glyph_contacts_1x/contact_sheet_017.png,3,glyph_contacts_8x/contact_sheet_033.png,3,587,1467,628,1525,36,759,NotoSansSC-Bold,31/35/40,9.5641
G0132,E015,线,BOTTOM,ROUTE_HEADING,CJK_FULL,G0132,glyph_original/G0132_original_1x.png,glyph_target_overlay/G0132_target_overlay_1x.png,glyph_masks/G0132_mask_only_1x.png,glyph_contacts_1x/contact_sheet_017.png,4,glyph_contacts_8x/contact_sheet_033.png,4,628,1467,669,1525,37,630,NotoSansSC-Bold,31/35/40,9.5641
G0133,E015,结,BOTTOM,ROUTE_BODY,CJK_FULL,G0133,glyph_original/G0133_original_1x.png,glyph_target_overlay/G0133_target_overlay_1x.png,glyph_masks/G0133_mask_only_1x.png,glyph_contacts_1x/contact_sheet_017.png,5,glyph_contacts_8x/contact_sheet_034.png,1,434,1529,475,1573,35,211,NotoSerifSC-ExtraLight,31/35/40,9.5641
G0134,E015,构,BOTTOM,ROUTE_BODY,CJK_FULL,G0134,glyph_original/G0134_original_1x.png,glyph_target_overlay/G0134_target_overlay_1x.png,glyph_masks/G0134_mask_only_1x.png,glyph_contacts_1x/contact_sheet_017.png,6,glyph_contacts_8x/contact_sheet_034.png,2,482,1529,523,1573,35,213,NotoSerifSC-ExtraLight,31/35/40,9.5641
G0135,E015,目,BOTTOM,ROUTE_BODY,CJK_FULL,G0135,glyph_original/G0135_original_1x.png,glyph_target_overlay/G0135_target_overlay_1x.png,glyph_masks/G0135_mask_only_1x.png,glyph_contacts_1x/contact_sheet_017.png,7,glyph_contacts_8x/contact_sheet_034.png,3,530,1529,571,1573,34,213,NotoSerifSC-ExtraLight,31/35/40,9.5641
G0136,E015,标,BOTTOM,ROUTE_BODY,CJK_FULL,G0136,glyph_original/G0136_original_1x.png,glyph_target_overlay/G0136_target_overlay_1x.png,glyph_masks/G0136_mask_only_1x.png,glyph_contacts_1x/contact_sheet_017.png,8,glyph_contacts_8x/contact_sheet_034.png,4,577,1529,618,1573,35,195,NotoSerifSC-ExtraLight,31/35/40,9.5641
G0137,E015,潜,BOTTOM,ROUTE_BODY,CJK_FULL,G0137,glyph_original/G0137_original_1x.png,glyph_target_overlay/G0137_target_overlay_1x.png,glyph_masks/G0137_mask_only_1x.png,glyph_contacts_1x/contact_sheet_018.png,1,glyph_contacts_8x/contact_sheet_035.png,1,455,1577,496,1621,35,279,NotoSerifSC-ExtraLight,31/35/40,9.5641
G0138,E015,变,BOTTOM,ROUTE_BODY,CJK_FULL,G0138,glyph_original/G0138_original_1x.png,glyph_target_overlay/G0138_target_overlay_1x.png,glyph_masks/G0138_mask_only_1x.png,glyph_contacts_1x/contact_sheet_018.png,2,glyph_contacts_8x/contact_sheet_035.png,2,506,1577,547,1621,35,203,NotoSerifSC-ExtraLight,31/35/40,9.5641
G0139,E015,量,BOTTOM,ROUTE_BODY,CJK_FULL,G0139,glyph_original/G0139_original_1x.png,glyph_target_overlay/G0139_target_overlay_1x.png,glyph_masks/G0139_mask_only_1x.png,glyph_contacts_1x/contact_sheet_018.png,3,glyph_contacts_8x/contact_sheet_035.png,3,556,1577,597,1621,34,267,NotoSerifSC-ExtraLight,31/35/40,9.5641
G0140,E016,共,BOTTOM,POOL_TITLE,CJK_FULL,G0140,glyph_original/G0140_original_1x.png,glyph_target_overlay/G0140_target_overlay_1x.png,glyph_masks/G0140_mask_only_1x.png,glyph_contacts_1x/contact_sheet_018.png,4,glyph_contacts_8x/contact_sheet_035.png,4,905,1227,948,1289,38,659,NotoSansSC-Bold,31/78/121,10.1619
G0141,E016,享,BOTTOM,POOL_TITLE,CJK_FULL,G0141,glyph_original/G0141_original_1x.png,glyph_target_overlay/G0141_target_overlay_1x.png,glyph_masks/G0141_mask_only_1x.png,glyph_contacts_1x/contact_sheet_018.png,5,glyph_contacts_8x/contact_sheet_036.png,1,947,1227,990,1289,40,704,NotoSansSC-Bold,31/78/121,10.1619
G0142,E016,可,BOTTOM,POOL_TITLE,CJK_FULL,G0142,glyph_original/G0142_original_1x.png,glyph_target_overlay/G0142_target_overlay_1x.png,glyph_masks/G0142_mask_only_1x.png,glyph_contacts_1x/contact_sheet_018.png,6,glyph_contacts_8x/contact_sheet_036.png,2,989,1227,1033,1289,36,623,NotoSansSC-Bold,31/78/121,10.1619
G0143,E016,复,BOTTOM,POOL_TITLE,CJK_FULL,G0143,glyph_original/G0143_original_1x.png,glyph_target_overlay/G0143_target_overlay_1x.png,glyph_masks/G0143_mask_only_1x.png,glyph_contacts_1x/contact_sheet_018.png,7,glyph_contacts_8x/contact_sheet_036.png,3,1032,1227,1075,1289,39,781,NotoSansSC-Bold,31/78/121,10.1619
G0144,E016,用,BOTTOM,POOL_TITLE,CJK_FULL,G0144,glyph_original/G0144_original_1x.png,glyph_target_overlay/G0144_target_overlay_1x.png,glyph_masks/G0144_mask_only_1x.png,glyph_contacts_1x/contact_sheet_018.png,8,glyph_contacts_8x/contact_sheet_036.png,4,1074,1227,1117,1289,36,779,NotoSansSC-Bold,31/78/121,10.1619
G0145,E016,计,BOTTOM,POOL_TITLE,CJK_FULL,G0145,glyph_original/G0145_original_1x.png,glyph_target_overlay/G0145_target_overlay_1x.png,glyph_masks/G0145_mask_only_1x.png,glyph_contacts_1x/contact_sheet_019.png,1,glyph_contacts_8x/contact_sheet_037.png,1,1116,1227,1160,1289,40,531,NotoSansSC-Bold,31/78/121,10.1619
G0146,E016,算,BOTTOM,POOL_TITLE,CJK_FULL,G0146,glyph_original/G0146_original_1x.png,glyph_target_overlay/G0146_target_overlay_1x.png,glyph_masks/G0146_mask_only_1x.png,glyph_contacts_1x/contact_sheet_019.png,2,glyph_contacts_8x/contact_sheet_037.png,2,1159,1227,1202,1289,39,841,NotoSansSC-Bold,31/78/121,10.1619
G0147,E016,引,BOTTOM,POOL_TITLE,CJK_FULL,G0147,glyph_original/G0147_original_1x.png,glyph_target_overlay/G0147_target_overlay_1x.png,glyph_masks/G0147_mask_only_1x.png,glyph_contacts_1x/contact_sheet_019.png,3,glyph_contacts_8x/contact_sheet_037.png,3,1201,1227,1245,1289,39,584,NotoSansSC-Bold,31/78/121,10.1619
G0148,E016,擎,BOTTOM,POOL_TITLE,CJK_FULL,G0148,glyph_original/G0148_original_1x.png,glyph_target_overlay/G0148_target_overlay_1x.png,glyph_masks/G0148_mask_only_1x.png,glyph_contacts_1x/contact_sheet_019.png,4,glyph_contacts_8x/contact_sheet_037.png,4,1244,1227,1287,1289,40,820,NotoSansSC-Bold,31/78/121,10.1619
G0149,E016,池,BOTTOM,POOL_TITLE,CJK_FULL,G0149,glyph_original/G0149_original_1x.png,glyph_target_overlay/G0149_target_overlay_1x.png,glyph_masks/G0149_mask_only_1x.png,glyph_contacts_1x/contact_sheet_019.png,5,glyph_contacts_8x/contact_sheet_038.png,1,1286,1227,1329,1289,39,689,NotoSansSC-Bold,31/78/121,10.1619
G0150,E017,两,BOTTOM,POOL_SUBTITLE,CJK_FULL,G0150,glyph_original/G0150_original_1x.png,glyph_target_overlay/G0150_target_overlay_1x.png,glyph_masks/G0150_mask_only_1x.png,glyph_contacts_1x/contact_sheet_019.png,6,glyph_contacts_8x/contact_sheet_038.png,2,917,1316,958,1360,35,233,NotoSerifSC-ExtraLight,31/35/40,9.5641
G0151,E017,类,BOTTOM,POOL_SUBTITLE,CJK_FULL,G0151,glyph_original/G0151_original_1x.png,glyph_target_overlay/G0151_target_overlay_1x.png,glyph_masks/G0151_mask_only_1x.png,glyph_contacts_1x/contact_sheet_019.png,7,glyph_contacts_8x/contact_sheet_038.png,3,957,1316,998,1360,35,234,NotoSerifSC-ExtraLight,31/35/40,9.5641
G0152,E017,任,BOTTOM,POOL_SUBTITLE,CJK_FULL,G0152,glyph_original/G0152_original_1x.png,glyph_target_overlay/G0152_target_overlay_1x.png,glyph_masks/G0152_mask_only_1x.png,glyph_contacts_1x/contact_sheet_019.png,8,glyph_contacts_8x/contact_sheet_038.png,4,997,1316,1038,1360,35,184,NotoSerifSC-ExtraLight,31/35/40,9.5641
G0153,E017,务,BOTTOM,POOL_SUBTITLE,CJK_FULL,G0153,glyph_original/G0153_original_1x.png,glyph_target_overlay/G0153_target_overlay_1x.png,glyph_masks/G0153_mask_only_1x.png,glyph_contacts_1x/contact_sheet_020.png,1,glyph_contacts_8x/contact_sheet_039.png,1,1037,1316,1078,1360,35,203,NotoSerifSC-ExtraLight,31/35/40,9.5641
G0154,E017,均,BOTTOM,POOL_SUBTITLE,CJK_FULL,G0154,glyph_original/G0154_original_1x.png,glyph_target_overlay/G0154_target_overlay_1x.png,glyph_masks/G0154_mask_only_1x.png,glyph_contacts_1x/contact_sheet_020.png,2,glyph_contacts_8x/contact_sheet_039.png,2,1077,1316,1117,1360,35,179,NotoSerifSC-ExtraLight,31/35/40,9.5641
G0155,E017,按,BOTTOM,POOL_SUBTITLE,CJK_FULL,G0155,glyph_original/G0155_original_1x.png,glyph_target_overlay/G0155_target_overlay_1x.png,glyph_masks/G0155_mask_only_1x.png,glyph_contacts_1x/contact_sheet_020.png,3,glyph_contacts_8x/contact_sheet_039.png,3,1116,1316,1157,1360,35,251,NotoSerifSC-ExtraLight,31/35/40,9.5641
G0156,E017,问,BOTTOM,POOL_SUBTITLE,CJK_FULL,G0156,glyph_original/G0156_original_1x.png,glyph_target_overlay/G0156_target_overlay_1x.png,glyph_masks/G0156_mask_only_1x.png,glyph_contacts_1x/contact_sheet_020.png,4,glyph_contacts_8x/contact_sheet_039.png,4,1156,1316,1197,1360,35,147,NotoSerifSC-ExtraLight,31/35/40,9.5641
G0157,E017,题,BOTTOM,POOL_SUBTITLE,CJK_FULL,G0157,glyph_original/G0157_original_1x.png,glyph_target_overlay/G0157_target_overlay_1x.png,glyph_masks/G0157_mask_only_1x.png,glyph_contacts_1x/contact_sheet_020.png,5,glyph_contacts_8x/contact_sheet_040.png,1,1196,1316,1237,1360,34,295,NotoSerifSC-ExtraLight,31/35/40,9.5641
G0158,E017,调,BOTTOM,POOL_SUBTITLE,CJK_FULL,G0158,glyph_original/G0158_original_1x.png,glyph_target_overlay/G0158_target_overlay_1x.png,glyph_masks/G0158_mask_only_1x.png,glyph_contacts_1x/contact_sheet_020.png,6,glyph_contacts_8x/contact_sheet_040.png,2,1236,1316,1277,1360,35,242,NotoSerifSC-ExtraLight,31/35/40,9.5641
G0159,E017,用,BOTTOM,POOL_SUBTITLE,CJK_FULL,G0159,glyph_original/G0159_original_1x.png,glyph_target_overlay/G0159_target_overlay_1x.png,glyph_masks/G0159_mask_only_1x.png,glyph_contacts_1x/contact_sheet_020.png,7,glyph_contacts_8x/contact_sheet_040.png,3,1276,1316,1317,1360,34,233,NotoSerifSC-ExtraLight,31/35/40,9.5641
G0160,E018,线,BOTTOM,ENGINE_CHIP,CJK_FULL,G0160,glyph_original/G0160_original_1x.png,glyph_target_overlay/G0160_target_overlay_1x.png,glyph_masks/G0160_mask_only_1x.png,glyph_contacts_1x/contact_sheet_020.png,8,glyph_contacts_8x/contact_sheet_040.png,4,886,1435,926,1478,34,232,NotoSerifSC-ExtraLight,31/35/40,9.5641
G0161,E018,性,BOTTOM,ENGINE_CHIP,CJK_FULL,G0161,glyph_original/G0161_original_1x.png,glyph_target_overlay/G0161_target_overlay_1x.png,glyph_masks/G0161_mask_only_1x.png,glyph_contacts_1x/contact_sheet_021.png,1,glyph_contacts_8x/contact_sheet_041.png,1,932,1435,973,1478,34,165,NotoSerifSC-ExtraLight,31/35/40,9.5641
G0162,E018,代,BOTTOM,ENGINE_CHIP,CJK_FULL,G0162,glyph_original/G0162_original_1x.png,glyph_target_overlay/G0162_target_overlay_1x.png,glyph_masks/G0162_mask_only_1x.png,glyph_contacts_1x/contact_sheet_021.png,2,glyph_contacts_8x/contact_sheet_041.png,2,978,1435,1019,1478,34,177,NotoSerifSC-ExtraLight,31/35/40,9.5641
G0163,E018,数,BOTTOM,ENGINE_CHIP,CJK_FULL,G0163,glyph_original/G0163_original_1x.png,glyph_target_overlay/G0163_target_overlay_1x.png,glyph_masks/G0163_mask_only_1x.png,glyph_contacts_1x/contact_sheet_021.png,3,glyph_contacts_8x/contact_sheet_041.png,3,1024,1435,1065,1478,33,253,NotoSerifSC-ExtraLight,31/35/40,9.5641
G0164,E019,优,BOTTOM,ENGINE_CHIP,CJK_FULL,G0164,glyph_original/G0164_original_1x.png,glyph_target_overlay/G0164_target_overlay_1x.png,glyph_masks/G0164_mask_only_1x.png,glyph_contacts_1x/contact_sheet_021.png,4,glyph_contacts_8x/contact_sheet_041.png,4,1210,1435,1251,1478,33,212,NotoSerifSC-ExtraLight,31/35/40,9.5641
G0165,E019,化,BOTTOM,ENGINE_CHIP,CJK_FULL,G0165,glyph_original/G0165_original_1x.png,glyph_target_overlay/G0165_target_overlay_1x.png,glyph_masks/G0165_mask_only_1x.png,glyph_contacts_1x/contact_sheet_021.png,5,glyph_contacts_8x/contact_sheet_042.png,1,1267,1435,1308,1478,34,185,NotoSerifSC-ExtraLight,31/35/40,9.5641
G0166,E020,概,BOTTOM,ENGINE_CHIP,CJK_FULL,G0166,glyph_original/G0166_original_1x.png,glyph_target_overlay/G0166_target_overlay_1x.png,glyph_masks/G0166_mask_only_1x.png,glyph_contacts_1x/contact_sheet_021.png,6,glyph_contacts_8x/contact_sheet_042.png,2,926,1553,967,1596,34,306,NotoSerifSC-ExtraLight,31/35/40,9.5641
G0167,E020,率,BOTTOM,ENGINE_CHIP,CJK_FULL,G0167,glyph_original/G0167_original_1x.png,glyph_target_overlay/G0167_target_overlay_1x.png,glyph_masks/G0167_mask_only_1x.png,glyph_contacts_1x/contact_sheet_021.png,7,glyph_contacts_8x/contact_sheet_042.png,3,983,1553,1024,1596,34,224,NotoSerifSC-ExtraLight,31/35/40,9.5641
G0168,E021,推,BOTTOM,ENGINE_CHIP,CJK_FULL,G0168,glyph_original/G0168_original_1x.png,glyph_target_overlay/G0168_target_overlay_1x.png,glyph_masks/G0168_mask_only_1x.png,glyph_contacts_1x/contact_sheet_021.png,8,glyph_contacts_8x/contact_sheet_042.png,4,1210,1553,1251,1596,34,237,NotoSerifSC-ExtraLight,31/35/40,9.5641
G0169,E021,断,BOTTOM,ENGINE_CHIP,CJK_FULL,G0169,glyph_original/G0169_original_1x.png,glyph_target_overlay/G0169_target_overlay_1x.png,glyph_masks/G0169_mask_only_1x.png,glyph_contacts_1x/contact_sheet_022.png,1,glyph_contacts_8x/contact_sheet_043.png,1,1267,1553,1308,1596,34,243,NotoSerifSC-ExtraLight,31/35/40,9.5641
G0170,E022,隔,BOTTOM,VALIDATION_HEADING,CJK_FULL,G0170,glyph_original/G0170_original_1x.png,glyph_target_overlay/G0170_target_overlay_1x.png,glyph_masks/G0170_mask_only_1x.png,glyph_contacts_1x/contact_sheet_022.png,2,glyph_contacts_8x/contact_sheet_043.png,2,1548,1360,1589,1419,35,762,NotoSansSC-Bold,31/35/40,9.5641
G0171,E022,离,BOTTOM,VALIDATION_HEADING,CJK_FULL,G0171,glyph_original/G0171_original_1x.png,glyph_target_overlay/G0171_target_overlay_1x.png,glyph_masks/G0171_mask_only_1x.png,glyph_contacts_1x/contact_sheet_022.png,3,glyph_contacts_8x/contact_sheet_043.png,3,1593,1360,1634,1419,37,662,NotoSansSC-Bold,31/35/40,9.5641
G0172,E022,验,BOTTOM,VALIDATION_HEADING,CJK_FULL,G0172,glyph_original/G0172_original_1x.png,glyph_target_overlay/G0172_target_overlay_1x.png,glyph_masks/G0172_mask_only_1x.png,glyph_contacts_1x/contact_sheet_022.png,4,glyph_contacts_8x/contact_sheet_043.png,4,1639,1360,1680,1419,37,627,NotoSansSC-Bold,31/35/40,9.5641
G0173,E022,证,BOTTOM,VALIDATION_HEADING,CJK_FULL,G0173,glyph_original/G0173_original_1x.png,glyph_target_overlay/G0173_target_overlay_1x.png,glyph_masks/G0173_mask_only_1x.png,glyph_contacts_1x/contact_sheet_022.png,5,glyph_contacts_8x/contact_sheet_044.png,1,1685,1360,1726,1419,35,580,NotoSansSC-Bold,31/35/40,9.5641
G0174,E022,锁,BOTTOM,VALIDATION_BODY,CJK_FULL,G0174,glyph_original/G0174_original_1x.png,glyph_target_overlay/G0174_target_overlay_1x.png,glyph_masks/G0174_mask_only_1x.png,glyph_contacts_1x/contact_sheet_022.png,6,glyph_contacts_8x/contact_sheet_044.png,2,1496,1423,1537,1466,35,238,NotoSerifSC-ExtraLight,31/35/40,9.5641
G0175,E022,定,BOTTOM,VALIDATION_BODY,CJK_FULL,G0175,glyph_original/G0175_original_1x.png,glyph_target_overlay/G0175_target_overlay_1x.png,glyph_masks/G0175_mask_only_1x.png,glyph_contacts_1x/contact_sheet_022.png,7,glyph_contacts_8x/contact_sheet_044.png,3,1536,1423,1577,1466,34,205,NotoSerifSC-ExtraLight,31/35/40,9.5641
G0176,E022,评,BOTTOM,VALIDATION_BODY,CJK_FULL,G0176,glyph_original/G0176_original_1x.png,glyph_target_overlay/G0176_target_overlay_1x.png,glyph_masks/G0176_mask_only_1x.png,glyph_contacts_1x/contact_sheet_022.png,8,glyph_contacts_8x/contact_sheet_044.png,4,1576,1423,1617,1466,35,159,NotoSerifSC-ExtraLight,31/35/40,9.5641
G0177,E022,价,BOTTOM,VALIDATION_BODY,CJK_FULL,G0177,glyph_original/G0177_original_1x.png,glyph_target_overlay/G0177_target_overlay_1x.png,glyph_masks/G0177_mask_only_1x.png,glyph_contacts_1x/contact_sheet_023.png,1,glyph_contacts_8x/contact_sheet_045.png,1,1616,1423,1657,1466,35,179,NotoSerifSC-ExtraLight,31/35/40,9.5641
G0178,E022,／,BOTTOM,VALIDATION_BODY,FULL_CONTOUR_DELIMITER,G0178,glyph_original/G0178_original_1x.png,glyph_target_overlay/G0178_target_overlay_1x.png,glyph_masks/G0178_mask_only_1x.png,glyph_contacts_1x/contact_sheet_023.png,2,glyph_contacts_8x/contact_sheet_045.png,2,1656,1423,1697,1466,35,69,NotoSerifSC-ExtraLight,31/35/40,9.5641
G0179,E022,诊,BOTTOM,VALIDATION_BODY,CJK_FULL,G0179,glyph_original/G0179_original_1x.png,glyph_target_overlay/G0179_target_overlay_1x.png,glyph_masks/G0179_mask_only_1x.png,glyph_contacts_1x/contact_sheet_023.png,3,glyph_contacts_8x/contact_sheet_045.png,3,1696,1423,1737,1466,34,170,NotoSerifSC-ExtraLight,31/35/40,9.5641
G0180,E022,断,BOTTOM,VALIDATION_BODY,CJK_FULL,G0180,glyph_original/G0180_original_1x.png,glyph_target_overlay/G0180_target_overlay_1x.png,glyph_masks/G0180_mask_only_1x.png,glyph_contacts_1x/contact_sheet_023.png,4,glyph_contacts_8x/contact_sheet_045.png,4,1736,1423,1777,1466,35,256,NotoSerifSC-ExtraLight,31/35/40,9.5641
G0181,E022,计,BOTTOM,VALIDATION_BODY,CJK_FULL,G0181,glyph_original/G0181_original_1x.png,glyph_target_overlay/G0181_target_overlay_1x.png,glyph_masks/G0181_mask_only_1x.png,glyph_contacts_1x/contact_sheet_023.png,5,glyph_contacts_8x/contact_sheet_046.png,1,1512,1471,1553,1515,35,114,NotoSerifSC-ExtraLight,31/35/40,9.5641
G0182,E022,算,BOTTOM,VALIDATION_BODY,CJK_FULL,G0182,glyph_original/G0182_original_1x.png,glyph_target_overlay/G0182_target_overlay_1x.png,glyph_masks/G0182_mask_only_1x.png,glyph_contacts_1x/contact_sheet_023.png,6,glyph_contacts_8x/contact_sheet_046.png,2,1554,1471,1594,1515,35,259,NotoSerifSC-ExtraLight,31/35/40,9.5641
G0183,E022,资,BOTTOM,VALIDATION_BODY,CJK_FULL,G0183,glyph_original/G0183_original_1x.png,glyph_target_overlay/G0183_target_overlay_1x.png,glyph_masks/G0183_mask_only_1x.png,glyph_contacts_1x/contact_sheet_023.png,7,glyph_contacts_8x/contact_sheet_046.png,3,1595,1471,1636,1515,35,206,NotoSerifSC-ExtraLight,31/35/40,9.5641
G0184,E022,源,BOTTOM,VALIDATION_BODY,CJK_FULL,G0184,glyph_original/G0184_original_1x.png,glyph_target_overlay/G0184_target_overlay_1x.png,glyph_masks/G0184_mask_only_1x.png,glyph_contacts_1x/contact_sheet_023.png,8,glyph_contacts_8x/contact_sheet_046.png,4,1637,1471,1678,1515,35,238,NotoSerifSC-ExtraLight,31/35/40,9.5641
G0185,E022,预,BOTTOM,VALIDATION_BODY,CJK_FULL,G0185,glyph_original/G0185_original_1x.png,glyph_target_overlay/G0185_target_overlay_1x.png,glyph_masks/G0185_mask_only_1x.png,glyph_contacts_1x/contact_sheet_024.png,1,glyph_contacts_8x/contact_sheet_047.png,1,1679,1471,1720,1515,35,220,NotoSerifSC-ExtraLight,31/35/40,9.5641
G0186,E022,算,BOTTOM,VALIDATION_BODY,CJK_FULL,G0186,glyph_original/G0186_original_1x.png,glyph_target_overlay/G0186_target_overlay_1x.png,glyph_masks/G0186_mask_only_1x.png,glyph_contacts_1x/contact_sheet_024.png,2,glyph_contacts_8x/contact_sheet_047.png,2,1721,1471,1762,1515,35,259,NotoSerifSC-ExtraLight,31/35/40,9.5641
G0187,E023,可,BOTTOM,REPORT_HEADING,CJK_FULL,G0187,glyph_original/G0187_original_1x.png,glyph_target_overlay/G0187_target_overlay_1x.png,glyph_masks/G0187_mask_only_1x.png,glyph_contacts_1x/contact_sheet_024.png,3,glyph_contacts_8x/contact_sheet_047.png,3,1907,1336,1948,1395,34,492,NotoSansSC-Bold,31/35/40,9.5641
G0188,E023,复,BOTTOM,REPORT_HEADING,CJK_FULL,G0188,glyph_original/G0188_original_1x.png,glyph_target_overlay/G0188_target_overlay_1x.png,glyph_masks/G0188_mask_only_1x.png,glyph_contacts_1x/contact_sheet_024.png,4,glyph_contacts_8x/contact_sheet_047.png,4,1951,1336,1992,1395,36,662,NotoSansSC-Bold,31/35/40,9.5641
G0189,E023,现,BOTTOM,REPORT_HEADING,CJK_FULL,G0189,glyph_original/G0189_original_1x.png,glyph_target_overlay/G0189_target_overlay_1x.png,glyph_masks/G0189_mask_only_1x.png,glyph_contacts_1x/contact_sheet_024.png,5,glyph_contacts_8x/contact_sheet_048.png,1,1994,1336,2035,1395,35,646,NotoSansSC-Bold,31/35/40,9.5641
G0190,E023,报,BOTTOM,REPORT_HEADING,CJK_FULL,G0190,glyph_original/G0190_original_1x.png,glyph_target_overlay/G0190_target_overlay_1x.png,glyph_masks/G0190_mask_only_1x.png,glyph_contacts_1x/contact_sheet_024.png,6,glyph_contacts_8x/contact_sheet_048.png,2,2038,1336,2079,1395,37,720,NotoSansSC-Bold,31/35/40,9.5641
G0191,E023,告,BOTTOM,REPORT_HEADING,CJK_FULL,G0191,glyph_original/G0191_original_1x.png,glyph_target_overlay/G0191_target_overlay_1x.png,glyph_masks/G0191_mask_only_1x.png,glyph_contacts_1x/contact_sheet_024.png,7,glyph_contacts_8x/contact_sheet_048.png,3,2082,1336,2123,1395,37,566,NotoSansSC-Bold,31/35/40,9.5641
G0192,E023,结,BOTTOM,REPORT_BODY,CJK_FULL,G0192,glyph_original/G0192_original_1x.png,glyph_target_overlay/G0192_target_overlay_1x.png,glyph_masks/G0192_mask_only_1x.png,glyph_contacts_1x/contact_sheet_024.png,8,glyph_contacts_8x/contact_sheet_048.png,4,1926,1399,1967,1442,34,207,NotoSerifSC-ExtraLight,31/35/40,9.5641
G0193,E023,论,BOTTOM,REPORT_BODY,CJK_FULL,G0193,glyph_original/G0193_original_1x.png,glyph_target_overlay/G0193_target_overlay_1x.png,glyph_masks/G0193_mask_only_1x.png,glyph_contacts_1x/contact_sheet_025.png,1,glyph_contacts_8x/contact_sheet_049.png,1,1971,1399,2012,1442,33,167,NotoSerifSC-ExtraLight,31/35/40,9.5641
G0194,E023,层,BOTTOM,REPORT_BODY,CJK_FULL,G0194,glyph_original/G0194_original_1x.png,glyph_target_overlay/G0194_target_overlay_1x.png,glyph_masks/G0194_mask_only_1x.png,glyph_contacts_1x/contact_sheet_025.png,2,glyph_contacts_8x/contact_sheet_049.png,2,2017,1399,2058,1442,34,191,NotoSerifSC-ExtraLight,31/35/40,9.5641
G0195,E023,级,BOTTOM,REPORT_BODY,CJK_FULL,G0195,glyph_original/G0195_original_1x.png,glyph_target_overlay/G0195_target_overlay_1x.png,glyph_masks/G0195_mask_only_1x.png,glyph_contacts_1x/contact_sheet_025.png,3,glyph_contacts_8x/contact_sheet_049.png,3,2063,1399,2104,1442,34,245,NotoSerifSC-ExtraLight,31/35/40,9.5641
G0196,E023,适,BOTTOM,REPORT_BODY,CJK_FULL,G0196,glyph_original/G0196_original_1x.png,glyph_target_overlay/G0196_target_overlay_1x.png,glyph_masks/G0196_mask_only_1x.png,glyph_contacts_1x/contact_sheet_025.png,4,glyph_contacts_8x/contact_sheet_049.png,4,1926,1447,1967,1490,34,223,NotoSerifSC-ExtraLight,31/35/40,9.5641
G0197,E023,用,BOTTOM,REPORT_BODY,CJK_FULL,G0197,glyph_original/G0197_original_1x.png,glyph_target_overlay/G0197_target_overlay_1x.png,glyph_masks/G0197_mask_only_1x.png,glyph_contacts_1x/contact_sheet_025.png,5,glyph_contacts_8x/contact_sheet_050.png,1,1971,1447,2012,1490,34,231,NotoSerifSC-ExtraLight,31/35/40,9.5641
G0198,E023,边,BOTTOM,REPORT_BODY,CJK_FULL,G0198,glyph_original/G0198_original_1x.png,glyph_target_overlay/G0198_target_overlay_1x.png,glyph_masks/G0198_mask_only_1x.png,glyph_contacts_1x/contact_sheet_025.png,6,glyph_contacts_8x/contact_sheet_050.png,2,2017,1447,2058,1490,34,194,NotoSerifSC-ExtraLight,31/35/40,9.5641
G0199,E023,界,BOTTOM,REPORT_BODY,CJK_FULL,G0199,glyph_original/G0199_original_1x.png,glyph_target_overlay/G0199_target_overlay_1x.png,glyph_masks/G0199_mask_only_1x.png,glyph_contacts_1x/contact_sheet_025.png,7,glyph_contacts_8x/contact_sheet_050.png,3,2063,1447,2104,1490,35,213,NotoSerifSC-ExtraLight,31/35/40,9.5641
G0200,E023,无,BOTTOM,REPORT_BODY,CJK_FULL,G0200,glyph_original/G0200_original_1x.png,glyph_target_overlay/G0200_target_overlay_1x.png,glyph_masks/G0200_mask_only_1x.png,glyph_contacts_1x/contact_sheet_025.png,8,glyph_contacts_8x/contact_sheet_050.png,4,1946,1495,1987,1539,35,178,NotoSerifSC-ExtraLight,31/35/40,9.5641
G0201,E023,回,BOTTOM,REPORT_BODY,CJK_FULL,G0201,glyph_original/G0201_original_1x.png,glyph_target_overlay/G0201_target_overlay_1x.png,glyph_masks/G0201_mask_only_1x.png,glyph_contacts_1x/contact_sheet_026.png,1,glyph_contacts_8x/contact_sheet_051.png,1,1994,1495,2035,1539,34,215,NotoSerifSC-ExtraLight,31/35/40,9.5641
G0202,E023,流,BOTTOM,REPORT_BODY,CJK_FULL,G0202,glyph_original/G0202_original_1x.png,glyph_target_overlay/G0202_target_overlay_1x.png,glyph_masks/G0202_mask_only_1x.png,glyph_contacts_1x/contact_sheet_026.png,2,glyph_contacts_8x/contact_sheet_051.png,2,2042,1495,2083,1539,35,206,NotoSerifSC-ExtraLight,31/35/40,9.5641
G0203,E024,仅,BOTTOM,EXIT_NOTE,CJK_FULL,G0203,glyph_original/G0203_original_1x.png,glyph_target_overlay/G0203_target_overlay_1x.png,glyph_masks/G0203_mask_only_1x.png,glyph_contacts_1x/contact_sheet_026.png,3,glyph_contacts_8x/contact_sheet_051.png,3,1895,1236,1936,1280,34,186,NotoSerifSC-ExtraLight,31/35/40,9.5641
G0204,E024,此,BOTTOM,EXIT_NOTE,CJK_FULL,G0204,glyph_original/G0204_original_1x.png,glyph_target_overlay/G0204_target_overlay_1x.png,glyph_masks/G0204_mask_only_1x.png,glyph_contacts_1x/contact_sheet_026.png,4,glyph_contacts_8x/contact_sheet_051.png,4,1935,1236,1975,1280,34,165,NotoSerifSC-ExtraLight,31/35/40,9.5641
G0205,E024,单,BOTTOM,EXIT_NOTE,CJK_FULL,G0205,glyph_original/G0205_original_1x.png,glyph_target_overlay/G0205_target_overlay_1x.png,glyph_masks/G0205_mask_only_1x.png,glyph_contacts_1x/contact_sheet_026.png,5,glyph_contacts_8x/contact_sheet_052.png,1,1974,1236,2015,1280,35,225,NotoSerifSC-ExtraLight,31/35/40,9.5641
G0206,E024,向,BOTTOM,EXIT_NOTE,CJK_FULL,G0206,glyph_original/G0206_original_1x.png,glyph_target_overlay/G0206_target_overlay_1x.png,glyph_masks/G0206_mask_only_1x.png,glyph_contacts_1x/contact_sheet_026.png,6,glyph_contacts_8x/contact_sheet_052.png,2,2014,1236,2055,1280,35,202,NotoSerifSC-ExtraLight,31/35/40,9.5641
G0207,E024,输,BOTTOM,EXIT_NOTE,CJK_FULL,G0207,glyph_original/G0207_original_1x.png,glyph_target_overlay/G0207_target_overlay_1x.png,glyph_masks/G0207_mask_only_1x.png,glyph_contacts_1x/contact_sheet_026.png,7,glyph_contacts_8x/contact_sheet_052.png,3,2054,1236,2095,1280,35,255,NotoSerifSC-ExtraLight,31/35/40,9.5641
G0208,E024,出,BOTTOM,EXIT_NOTE,CJK_FULL,G0208,glyph_original/G0208_original_1x.png,glyph_target_overlay/G0208_target_overlay_1x.png,glyph_masks/G0208_mask_only_1x.png,glyph_contacts_1x/contact_sheet_026.png,8,glyph_contacts_8x/contact_sheet_052.png,4,2094,1236,2135,1280,34,156,NotoSerifSC-ExtraLight,31/35/40,9.5641
G0209,E025,实,BOTTOM,LEGEND,CJK_FULL,G0209,glyph_original/G0209_original_1x.png,glyph_target_overlay/G0209_target_overlay_1x.png,glyph_masks/G0209_mask_only_1x.png,glyph_contacts_1x/contact_sheet_027.png,1,glyph_contacts_8x/contact_sheet_053.png,1,408,1724,449,1768,35,191,NotoSerifSC-ExtraLight,77/83/88,9.5641
G0210,E025,线,BOTTOM,LEGEND,CJK_FULL,G0210,glyph_original/G0210_original_1x.png,glyph_target_overlay/G0210_target_overlay_1x.png,glyph_masks/G0210_mask_only_1x.png,glyph_contacts_1x/contact_sheet_027.png,2,glyph_contacts_8x/contact_sheet_053.png,2,448,1724,489,1768,35,272,NotoSerifSC-ExtraLight,77/83/88,9.5641
G0211,E025,接,BOTTOM,LEGEND,CJK_FULL,G0211,glyph_original/G0211_original_1x.png,glyph_target_overlay/G0211_target_overlay_1x.png,glyph_masks/G0211_mask_only_1x.png,glyph_contacts_1x/contact_sheet_027.png,3,glyph_contacts_8x/contact_sheet_053.png,3,488,1724,529,1768,35,260,NotoSerifSC-ExtraLight,77/83/88,9.5641
G0212,E025,入,BOTTOM,LEGEND,CJK_FULL,G0212,glyph_original/G0212_original_1x.png,glyph_target_overlay/G0212_target_overlay_1x.png,glyph_masks/G0212_mask_only_1x.png,glyph_contacts_1x/contact_sheet_027.png,4,glyph_contacts_8x/contact_sheet_053.png,4,528,1724,569,1768,35,109,NotoSerifSC-ExtraLight,77/83/88,9.5641
G0213,E025,：,BOTTOM,LEGEND,LOW_PROFILE_PUNCTUATION_UFF1A,G0213,glyph_original/G0213_original_1x.png,glyph_target_overlay/G0213_target_overlay_1x.png,glyph_masks/G0213_mask_only_1x.png,glyph_contacts_1x/contact_sheet_027.png,5,glyph_contacts_8x/contact_sheet_054.png,1,568,1724,609,1768,20,21,NotoSerifSC-ExtraLight,77/83/88,9.5641
G0214,E025,监,BOTTOM,LEGEND,CJK_FULL,G0214,glyph_original/G0214_original_1x.png,glyph_target_overlay/G0214_target_overlay_1x.png,glyph_masks/G0214_mask_only_1x.png,glyph_contacts_1x/contact_sheet_027.png,6,glyph_contacts_8x/contact_sheet_054.png,2,608,1724,649,1768,33,233,NotoSerifSC-ExtraLight,77/83/88,9.5641
G0215,E025,督,BOTTOM,LEGEND,CJK_FULL,G0215,glyph_original/G0215_original_1x.png,glyph_target_overlay/G0215_target_overlay_1x.png,glyph_masks/G0215_mask_only_1x.png,glyph_contacts_1x/contact_sheet_027.png,7,glyph_contacts_8x/contact_sheet_054.png,3,648,1724,689,1768,35,285,NotoSerifSC-ExtraLight,77/83/88,9.5641
G0216,E025,任,BOTTOM,LEGEND,CJK_FULL,G0216,glyph_original/G0216_original_1x.png,glyph_target_overlay/G0216_target_overlay_1x.png,glyph_masks/G0216_mask_only_1x.png,glyph_contacts_1x/contact_sheet_027.png,8,glyph_contacts_8x/contact_sheet_054.png,4,688,1724,729,1768,35,217,NotoSerifSC-ExtraLight,77/83/88,9.5641
G0217,E025,务,BOTTOM,LEGEND,CJK_FULL,G0217,glyph_original/G0217_original_1x.png,glyph_target_overlay/G0217_target_overlay_1x.png,glyph_masks/G0217_mask_only_1x.png,glyph_contacts_1x/contact_sheet_028.png,1,glyph_contacts_8x/contact_sheet_055.png,1,728,1724,769,1768,35,216,NotoSerifSC-ExtraLight,77/83/88,9.5641
G0218,E025,；,BOTTOM,LEGEND,LOW_PROFILE_PUNCTUATION_UFF1B,G0218,glyph_original/G0218_original_1x.png,glyph_target_overlay/G0218_target_overlay_1x.png,glyph_masks/G0218_mask_only_1x.png,glyph_contacts_1x/contact_sheet_028.png,2,glyph_contacts_8x/contact_sheet_055.png,2,768,1724,809,1768,26,29,NotoSerifSC-ExtraLight,77/83/88,9.5641
G0219,E025,虚,BOTTOM,LEGEND,CJK_FULL,G0219,glyph_original/G0219_original_1x.png,glyph_target_overlay/G0219_target_overlay_1x.png,glyph_masks/G0219_mask_only_1x.png,glyph_contacts_1x/contact_sheet_028.png,3,glyph_contacts_8x/contact_sheet_055.png,3,808,1724,849,1768,34,274,NotoSerifSC-ExtraLight,77/83/88,9.5641
G0220,E025,线,BOTTOM,LEGEND,CJK_FULL,G0220,glyph_original/G0220_original_1x.png,glyph_target_overlay/G0220_target_overlay_1x.png,glyph_masks/G0220_mask_only_1x.png,glyph_contacts_1x/contact_sheet_028.png,4,glyph_contacts_8x/contact_sheet_055.png,4,848,1724,889,1768,35,272,NotoSerifSC-ExtraLight,77/83/88,9.5641
G0221,E025,接,BOTTOM,LEGEND,CJK_FULL,G0221,glyph_original/G0221_original_1x.png,glyph_target_overlay/G0221_target_overlay_1x.png,glyph_masks/G0221_mask_only_1x.png,glyph_contacts_1x/contact_sheet_028.png,5,glyph_contacts_8x/contact_sheet_056.png,1,888,1724,929,1768,35,260,NotoSerifSC-ExtraLight,77/83/88,9.5641
G0222,E025,入,BOTTOM,LEGEND,CJK_FULL,G0222,glyph_original/G0222_original_1x.png,glyph_target_overlay/G0222_target_overlay_1x.png,glyph_masks/G0222_mask_only_1x.png,glyph_contacts_1x/contact_sheet_028.png,6,glyph_contacts_8x/contact_sheet_056.png,2,928,1724,969,1768,35,109,NotoSerifSC-ExtraLight,77/83/88,9.5641
G0223,E025,：,BOTTOM,LEGEND,LOW_PROFILE_PUNCTUATION_UFF1A,G0223,glyph_original/G0223_original_1x.png,glyph_target_overlay/G0223_target_overlay_1x.png,glyph_masks/G0223_mask_only_1x.png,glyph_contacts_1x/contact_sheet_028.png,7,glyph_contacts_8x/contact_sheet_056.png,3,968,1724,1009,1768,20,21,NotoSerifSC-ExtraLight,77/83/88,9.5641
G0224,E025,无,BOTTOM,LEGEND,CJK_FULL,G0224,glyph_original/G0224_original_1x.png,glyph_target_overlay/G0224_target_overlay_1x.png,glyph_masks/G0224_mask_only_1x.png,glyph_contacts_1x/contact_sheet_028.png,8,glyph_contacts_8x/contact_sheet_056.png,4,1008,1724,1049,1768,35,187,NotoSerifSC-ExtraLight,77/83/88,9.5641
G0225,E025,监,BOTTOM,LEGEND,CJK_FULL,G0225,glyph_original/G0225_original_1x.png,glyph_target_overlay/G0225_target_overlay_1x.png,glyph_masks/G0225_mask_only_1x.png,glyph_contacts_1x/contact_sheet_029.png,1,glyph_contacts_8x/contact_sheet_057.png,1,1048,1724,1089,1768,33,233,NotoSerifSC-ExtraLight,77/83/88,9.5641
G0226,E025,督,BOTTOM,LEGEND,CJK_FULL,G0226,glyph_original/G0226_original_1x.png,glyph_target_overlay/G0226_target_overlay_1x.png,glyph_masks/G0226_mask_only_1x.png,glyph_contacts_1x/contact_sheet_029.png,2,glyph_contacts_8x/contact_sheet_057.png,2,1088,1724,1129,1768,35,285,NotoSerifSC-ExtraLight,77/83/88,9.5641
G0227,E025,任,BOTTOM,LEGEND,CJK_FULL,G0227,glyph_original/G0227_original_1x.png,glyph_target_overlay/G0227_target_overlay_1x.png,glyph_masks/G0227_mask_only_1x.png,glyph_contacts_1x/contact_sheet_029.png,3,glyph_contacts_8x/contact_sheet_057.png,3,1128,1724,1169,1768,35,217,NotoSerifSC-ExtraLight,77/83/88,9.5641
G0228,E025,务,BOTTOM,LEGEND,CJK_FULL,G0228,glyph_original/G0228_original_1x.png,glyph_target_overlay/G0228_target_overlay_1x.png,glyph_masks/G0228_mask_only_1x.png,glyph_contacts_1x/contact_sheet_029.png,4,glyph_contacts_8x/contact_sheet_057.png,4,1168,1724,1209,1768,35,216,NotoSerifSC-ExtraLight,77/83/88,9.5641
G0229,E025,；,BOTTOM,LEGEND,LOW_PROFILE_PUNCTUATION_UFF1B,G0229,glyph_original/G0229_original_1x.png,glyph_target_overlay/G0229_target_overlay_1x.png,glyph_masks/G0229_mask_only_1x.png,glyph_contacts_1x/contact_sheet_029.png,5,glyph_contacts_8x/contact_sheet_058.png,1,1208,1724,1249,1768,26,29,NotoSerifSC-ExtraLight,77/83/88,9.5641
G0230,E025,池,BOTTOM,LEGEND,CJK_FULL,G0230,glyph_original/G0230_original_1x.png,glyph_target_overlay/G0230_target_overlay_1x.png,glyph_masks/G0230_mask_only_1x.png,glyph_contacts_1x/contact_sheet_029.png,6,glyph_contacts_8x/contact_sheet_058.png,2,1248,1724,1289,1768,35,257,NotoSerifSC-ExtraLight,77/83/88,9.5641
G0231,E025,内,BOTTOM,LEGEND,CJK_FULL,G0231,glyph_original/G0231_original_1x.png,glyph_target_overlay/G0231_target_overlay_1x.png,glyph_masks/G0231_mask_only_1x.png,glyph_contacts_1x/contact_sheet_029.png,7,glyph_contacts_8x/contact_sheet_058.png,3,1288,1724,1329,1768,35,167,NotoSerifSC-ExtraLight,77/83/88,9.5641
G0232,E025,四,BOTTOM,LEGEND,CJK_FULL,G0232,glyph_original/G0232_original_1x.png,glyph_target_overlay/G0232_target_overlay_1x.png,glyph_masks/G0232_mask_only_1x.png,glyph_contacts_1x/contact_sheet_029.png,8,glyph_contacts_8x/contact_sheet_058.png,4,1328,1724,1369,1768,34,237,NotoSerifSC-ExtraLight,77/83/88,9.5641
G0233,E025,类,BOTTOM,LEGEND,CJK_FULL,G0233,glyph_original/G0233_original_1x.png,glyph_target_overlay/G0233_target_overlay_1x.png,glyph_masks/G0233_mask_only_1x.png,glyph_contacts_1x/contact_sheet_030.png,1,glyph_contacts_8x/contact_sheet_059.png,1,1368,1724,1409,1768,35,244,NotoSerifSC-ExtraLight,77/83/88,9.5641
G0234,E025,引,BOTTOM,LEGEND,CJK_FULL,G0234,glyph_original/G0234_original_1x.png,glyph_target_overlay/G0234_target_overlay_1x.png,glyph_masks/G0234_mask_only_1x.png,glyph_contacts_1x/contact_sheet_030.png,2,glyph_contacts_8x/contact_sheet_059.png,2,1408,1724,1449,1768,35,158,NotoSerifSC-ExtraLight,77/83/88,9.5641
G0235,E025,擎,BOTTOM,LEGEND,CJK_FULL,G0235,glyph_original/G0235_original_1x.png,glyph_target_overlay/G0235_target_overlay_1x.png,glyph_masks/G0235_mask_only_1x.png,glyph_contacts_1x/contact_sheet_030.png,3,glyph_contacts_8x/contact_sheet_059.png,3,1448,1724,1489,1768,35,333,NotoSerifSC-ExtraLight,77/83/88,9.5641
G0236,E025,均,BOTTOM,LEGEND,CJK_FULL,G0236,glyph_original/G0236_original_1x.png,glyph_target_overlay/G0236_target_overlay_1x.png,glyph_masks/G0236_mask_only_1x.png,glyph_contacts_1x/contact_sheet_030.png,4,glyph_contacts_8x/contact_sheet_059.png,4,1488,1724,1529,1768,35,190,NotoSerifSC-ExtraLight,77/83/88,9.5641
G0237,E025,可,BOTTOM,LEGEND,CJK_FULL,G0237,glyph_original/G0237_original_1x.png,glyph_target_overlay/G0237_target_overlay_1x.png,glyph_masks/G0237_mask_only_1x.png,glyph_contacts_1x/contact_sheet_030.png,5,glyph_contacts_8x/contact_sheet_060.png,1,1528,1724,1569,1768,35,155,NotoSerifSC-ExtraLight,77/83/88,9.5641
G0238,E025,复,BOTTOM,LEGEND,CJK_FULL,G0238,glyph_original/G0238_original_1x.png,glyph_target_overlay/G0238_target_overlay_1x.png,glyph_masks/G0238_mask_only_1x.png,glyph_contacts_1x/contact_sheet_030.png,6,glyph_contacts_8x/contact_sheet_060.png,2,1568,1724,1609,1768,35,239,NotoSerifSC-ExtraLight,77/83/88,9.5641
G0239,E025,用,BOTTOM,LEGEND,CJK_FULL,G0239,glyph_original/G0239_original_1x.png,glyph_target_overlay/G0239_target_overlay_1x.png,glyph_masks/G0239_mask_only_1x.png,glyph_contacts_1x/contact_sheet_030.png,7,glyph_contacts_8x/contact_sheet_060.png,3,1608,1724,1649,1768,34,261,NotoSerifSC-ExtraLight,77/83/88,9.5641
G0240,E025,；,BOTTOM,LEGEND,LOW_PROFILE_PUNCTUATION_UFF1B,G0240,glyph_original/G0240_original_1x.png,glyph_target_overlay/G0240_target_overlay_1x.png,glyph_masks/G0240_mask_only_1x.png,glyph_contacts_1x/contact_sheet_030.png,8,glyph_contacts_8x/contact_sheet_060.png,4,1648,1724,1689,1768,26,29,NotoSerifSC-ExtraLight,77/83/88,9.5641
G0241,E025,双,BOTTOM,LEGEND,CJK_FULL,G0241,glyph_original/G0241_original_1x.png,glyph_target_overlay/G0241_target_overlay_1x.png,glyph_masks/G0241_mask_only_1x.png,glyph_contacts_1x/contact_sheet_031.png,1,glyph_contacts_8x/contact_sheet_061.png,1,1688,1724,1729,1768,34,213,NotoSerifSC-ExtraLight,77/83/88,9.5641
G0242,E025,线,BOTTOM,LEGEND,CJK_FULL,G0242,glyph_original/G0242_original_1x.png,glyph_target_overlay/G0242_target_overlay_1x.png,glyph_masks/G0242_mask_only_1x.png,glyph_contacts_1x/contact_sheet_031.png,2,glyph_contacts_8x/contact_sheet_061.png,2,1728,1724,1769,1768,35,272,NotoSerifSC-ExtraLight,77/83/88,9.5641
G0243,E025,报,BOTTOM,LEGEND,CJK_FULL,G0243,glyph_original/G0243_original_1x.png,glyph_target_overlay/G0243_target_overlay_1x.png,glyph_masks/G0243_mask_only_1x.png,glyph_contacts_1x/contact_sheet_031.png,3,glyph_contacts_8x/contact_sheet_061.png,3,1768,1724,1809,1768,35,267,NotoSerifSC-ExtraLight,77/83/88,9.5641
G0244,E025,告,BOTTOM,LEGEND,CJK_FULL,G0244,glyph_original/G0244_original_1x.png,glyph_target_overlay/G0244_target_overlay_1x.png,glyph_masks/G0244_mask_only_1x.png,glyph_contacts_1x/contact_sheet_031.png,4,glyph_contacts_8x/contact_sheet_061.png,4,1808,1724,1849,1768,35,183,NotoSerifSC-ExtraLight,77/83/88,9.5641
G0245,E025,框,BOTTOM,LEGEND,CJK_FULL,G0245,glyph_original/G0245_original_1x.png,glyph_target_overlay/G0245_target_overlay_1x.png,glyph_masks/G0245_mask_only_1x.png,glyph_contacts_1x/contact_sheet_031.png,5,glyph_contacts_8x/contact_sheet_062.png,1,1848,1724,1889,1768,35,302,NotoSerifSC-ExtraLight,77/83/88,9.5641
G0246,E025,：,BOTTOM,LEGEND,LOW_PROFILE_PUNCTUATION_UFF1A,G0246,glyph_original/G0246_original_1x.png,glyph_target_overlay/G0246_target_overlay_1x.png,glyph_masks/G0246_mask_only_1x.png,glyph_contacts_1x/contact_sheet_031.png,6,glyph_contacts_8x/contact_sheet_062.png,2,1888,1724,1929,1768,20,21,NotoSerifSC-ExtraLight,77/83/88,9.5641
G0247,E025,单,BOTTOM,LEGEND,CJK_FULL,G0247,glyph_original/G0247_original_1x.png,glyph_target_overlay/G0247_target_overlay_1x.png,glyph_masks/G0247_mask_only_1x.png,glyph_contacts_1x/contact_sheet_031.png,7,glyph_contacts_8x/contact_sheet_062.png,3,1928,1724,1969,1768,35,233,NotoSerifSC-ExtraLight,77/83/88,9.5641
G0248,E025,向,BOTTOM,LEGEND,CJK_FULL,G0248,glyph_original/G0248_original_1x.png,glyph_target_overlay/G0248_target_overlay_1x.png,glyph_masks/G0248_mask_only_1x.png,glyph_contacts_1x/contact_sheet_031.png,8,glyph_contacts_8x/contact_sheet_062.png,4,1968,1724,2009,1768,35,231,NotoSerifSC-ExtraLight,77/83/88,9.5641
G0249,E025,终,BOTTOM,LEGEND,CJK_FULL,G0249,glyph_original/G0249_original_1x.png,glyph_target_overlay/G0249_target_overlay_1x.png,glyph_masks/G0249_mask_only_1x.png,glyph_contacts_1x/contact_sheet_032.png,1,glyph_contacts_8x/contact_sheet_063.png,1,2008,1724,2049,1768,35,232,NotoSerifSC-ExtraLight,77/83/88,9.5641
G0250,E025,点,BOTTOM,LEGEND,CJK_FULL,G0250,glyph_original/G0250_original_1x.png,glyph_target_overlay/G0250_target_overlay_1x.png,glyph_masks/G0250_mask_only_1x.png,glyph_contacts_1x/contact_sheet_032.png,2,glyph_contacts_8x/contact_sheet_063.png,2,2048,1724,2089,1768,35,201,NotoSerifSC-ExtraLight,77/83/88,9.5641
G0251,E025,。,BOTTOM,LEGEND,LOW_PROFILE_PUNCTUATION_U3002,G0251,glyph_original/G0251_original_1x.png,glyph_target_overlay/G0251_target_overlay_1x.png,glyph_masks/G0251_mask_only_1x.png,glyph_contacts_1x/contact_sheet_032.png,3,glyph_contacts_8x/contact_sheet_063.png,3,2088,1724,2129,1768,11,32,NotoSerifSC-ExtraLight,77/83/88,9.5641
G0252,E026,图,CAPTION,CAPTION_LABEL,CJK_FULL,G0252,glyph_original/G0252_original_1x.png,glyph_target_overlay/G0252_target_overlay_1x.png,glyph_masks/G0252_mask_only_1x.png,glyph_contacts_1x/contact_sheet_032.png,4,glyph_contacts_8x/contact_sheet_063.png,4,307,1772,349,1833,36,845,NotoSansSC-Bold,31/35/40,9.9626
G0253,E026,3,CAPTION,CAPTION_LABEL,DIGIT_OR_UPPER,G0253,glyph_original/G0253_original_1x.png,glyph_target_overlay/G0253_target_overlay_1x.png,glyph_masks/G0253_mask_only_1x.png,glyph_contacts_1x/contact_sheet_032.png,5,glyph_contacts_8x/contact_sheet_064.png,1,358,1789,380,1831,27,194,STIXTwoText-Bold,31/35/40,10.0618
G0254,E026,7,CAPTION,CAPTION_LABEL,DIGIT_OR_UPPER,G0254,glyph_original/G0254_original_1x.png,glyph_target_overlay/G0254_target_overlay_1x.png,glyph_masks/G0254_mask_only_1x.png,glyph_contacts_1x/contact_sheet_032.png,6,glyph_contacts_8x/contact_sheet_064.png,2,379,1789,401,1831,26,170,STIXTwoText-Bold,31/35/40,10.0618
G0255,E026,.,CAPTION,CAPTION_LABEL,LOW_PROFILE_PUNCTUATION_U002E,G0255,glyph_original/G0255_original_1x.png,glyph_target_overlay/G0255_target_overlay_1x.png,glyph_masks/G0255_mask_only_1x.png,glyph_contacts_1x/contact_sheet_032.png,7,glyph_contacts_8x/contact_sheet_064.png,3,400,1789,413,1831,6,29,STIXTwoText-Bold,31/35/40,10.0618
G0256,E026,8,CAPTION,CAPTION_LABEL,DIGIT_OR_UPPER,G0256,glyph_original/G0256_original_1x.png,glyph_target_overlay/G0256_target_overlay_1x.png,glyph_masks/G0256_mask_only_1x.png,glyph_contacts_1x/contact_sheet_032.png,8,glyph_contacts_8x/contact_sheet_064.png,4,412,1789,434,1831,27,268,STIXTwoText-Bold,31/35/40,10.0618
G0257,E027,全,CAPTION,CAPTION,CJK_FULL,G0257,glyph_original/G0257_original_1x.png,glyph_target_overlay/G0257_target_overlay_1x.png,glyph_masks/G0257_mask_only_1x.png,glyph_contacts_1x/contact_sheet_033.png,1,glyph_contacts_8x/contact_sheet_065.png,1,474,1787,517,1833,34,148,NotoSerifSC-ExtraLight,31/35/40,9.9626
G0258,E027,书,CAPTION,CAPTION,CJK_FULL,G0258,glyph_original/G0258_original_1x.png,glyph_target_overlay/G0258_target_overlay_1x.png,glyph_masks/G0258_mask_only_1x.png,glyph_contacts_1x/contact_sheet_033.png,2,glyph_contacts_8x/contact_sheet_065.png,2,516,1787,558,1833,36,164,NotoSerifSC-ExtraLight,31/35/40,9.9626
G0259,E027,统,CAPTION,CAPTION,CJK_FULL,G0259,glyph_original/G0259_original_1x.png,glyph_target_overlay/G0259_target_overlay_1x.png,glyph_masks/G0259_mask_only_1x.png,glyph_contacts_1x/contact_sheet_033.png,3,glyph_contacts_8x/contact_sheet_065.png,3,558,1787,600,1833,36,247,NotoSerifSC-ExtraLight,31/35/40,9.9626
G0260,E027,计,CAPTION,CAPTION,CJK_FULL,G0260,glyph_original/G0260_original_1x.png,glyph_target_overlay/G0260_target_overlay_1x.png,glyph_masks/G0260_mask_only_1x.png,glyph_contacts_1x/contact_sheet_033.png,4,glyph_contacts_8x/contact_sheet_065.png,4,599,1787,642,1833,36,156,NotoSerifSC-ExtraLight,31/35/40,9.9626
G0261,E027,学,CAPTION,CAPTION,CJK_FULL,G0261,glyph_original/G0261_original_1x.png,glyph_target_overlay/G0261_target_overlay_1x.png,glyph_masks/G0261_mask_only_1x.png,glyph_contacts_1x/contact_sheet_033.png,5,glyph_contacts_8x/contact_sheet_066.png,1,641,1787,683,1833,36,205,NotoSerifSC-ExtraLight,31/35/40,9.9626
G0262,E027,习,CAPTION,CAPTION,CJK_FULL,G0262,glyph_original/G0262_original_1x.png,glyph_target_overlay/G0262_target_overlay_1x.png,glyph_masks/G0262_mask_only_1x.png,glyph_contacts_1x/contact_sheet_033.png,6,glyph_contacts_8x/contact_sheet_066.png,2,682,1787,725,1833,35,158,NotoSerifSC-ExtraLight,31/35/40,9.9626
G0263,E027,闭,CAPTION,CAPTION,CJK_FULL,G0263,glyph_original/G0263_original_1x.png,glyph_target_overlay/G0263_target_overlay_1x.png,glyph_masks/G0263_mask_only_1x.png,glyph_contacts_1x/contact_sheet_033.png,7,glyph_contacts_8x/contact_sheet_066.png,3,724,1787,766,1833,36,218,NotoSerifSC-ExtraLight,31/35/40,9.9626
G0264,E027,环,CAPTION,CAPTION,CJK_FULL,G0264,glyph_original/G0264_original_1x.png,glyph_target_overlay/G0264_target_overlay_1x.png,glyph_masks/G0264_mask_only_1x.png,glyph_contacts_1x/contact_sheet_033.png,8,glyph_contacts_8x/contact_sheet_066.png,4,766,1787,808,1833,36,206,NotoSerifSC-ExtraLight,31/35/40,9.9626
G0265,E027,分,CAPTION,CAPTION,CJK_FULL,G0265,glyph_original/G0265_original_1x.png,glyph_target_overlay/G0265_target_overlay_1x.png,glyph_masks/G0265_mask_only_1x.png,glyph_contacts_1x/contact_sheet_034.png,1,glyph_contacts_8x/contact_sheet_067.png,1,807,1787,850,1833,36,154,NotoSerifSC-ExtraLight,31/35/40,9.9626
G0266,E027,为,CAPTION,CAPTION,CJK_FULL,G0266,glyph_original/G0266_original_1x.png,glyph_target_overlay/G0266_target_overlay_1x.png,glyph_masks/G0266_mask_only_1x.png,glyph_contacts_1x/contact_sheet_034.png,2,glyph_contacts_8x/contact_sheet_067.png,2,849,1787,891,1833,36,171,NotoSerifSC-ExtraLight,31/35/40,9.9626
G0267,E027,两,CAPTION,CAPTION,CJK_FULL,G0267,glyph_original/G0267_original_1x.png,glyph_target_overlay/G0267_target_overlay_1x.png,glyph_masks/G0267_mask_only_1x.png,glyph_contacts_1x/contact_sheet_034.png,3,glyph_contacts_8x/contact_sheet_067.png,3,890,1787,933,1833,36,186,NotoSerifSC-ExtraLight,31/35/40,9.9626
G0268,E027,层,CAPTION,CAPTION,CJK_FULL,G0268,glyph_original/G0268_original_1x.png,glyph_target_overlay/G0268_target_overlay_1x.png,glyph_masks/G0268_mask_only_1x.png,glyph_contacts_1x/contact_sheet_034.png,4,glyph_contacts_8x/contact_sheet_067.png,4,932,1787,974,1833,36,252,NotoSerifSC-ExtraLight,31/35/40,9.9626
G0269,E027,：,CAPTION,CAPTION,LOW_PROFILE_PUNCTUATION_UFF1A,G0269,glyph_original/G0269_original_1x.png,glyph_target_overlay/G0269_target_overlay_1x.png,glyph_masks/G0269_mask_only_1x.png,glyph_contacts_1x/contact_sheet_034.png,5,glyph_contacts_8x/contact_sheet_068.png,1,974,1787,1016,1833,20,22,NotoSerifSC-ExtraLight,31/35/40,9.9626
G0270,E027,（,CAPTION,CAPTION,FULL_CONTOUR_DELIMITER,G0270,glyph_original/G0270_original_1x.png,glyph_target_overlay/G0270_target_overlay_1x.png,glyph_masks/G0270_mask_only_1x.png,glyph_contacts_1x/contact_sheet_034.png,6,glyph_contacts_8x/contact_sheet_068.png,2,994,1787,1037,1833,36,62,NotoSerifSC-ExtraLight,31/35/40,9.9626
G0271,E027,a,CAPTION,CAPTION,LOWERCASE_OR_GREEK,G0271,glyph_original/G0271_original_1x.png,glyph_target_overlay/G0271_target_overlay_1x.png,glyph_masks/G0271_mask_only_1x.png,glyph_contacts_1x/contact_sheet_034.png,7,glyph_contacts_8x/contact_sheet_068.png,3,1036,1789,1057,1831,20,129,STIXTwoText-Regular,31/35/40,10.0618
G0272,E027,）,CAPTION,CAPTION,FULL_CONTOUR_DELIMITER,G0272,glyph_original/G0272_original_1x.png,glyph_target_overlay/G0272_target_overlay_1x.png,glyph_masks/G0272_mask_only_1x.png,glyph_contacts_1x/contact_sheet_034.png,8,glyph_contacts_8x/contact_sheet_068.png,4,1056,1787,1099,1833,36,67,NotoSerifSC-ExtraLight,31/35/40,9.9626
G0273,E027,问,CAPTION,CAPTION,CJK_FULL,G0273,glyph_original/G0273_original_1x.png,glyph_target_overlay/G0273_target_overlay_1x.png,glyph_masks/G0273_mask_only_1x.png,glyph_contacts_1x/contact_sheet_035.png,1,glyph_contacts_8x/contact_sheet_069.png,1,1098,1787,1140,1833,36,235,NotoSerifSC-ExtraLight,31/35/40,9.9626
G0274,E027,题,CAPTION,CAPTION,CJK_FULL,G0274,glyph_original/G0274_original_1x.png,glyph_target_overlay/G0274_target_overlay_1x.png,glyph_masks/G0274_mask_only_1x.png,glyph_contacts_1x/contact_sheet_035.png,2,glyph_contacts_8x/contact_sheet_069.png,2,1139,1787,1182,1833,35,368,NotoSerifSC-ExtraLight,31/35/40,9.9626
G0275,E027,定,CAPTION,CAPTION,CJK_FULL,G0275,glyph_original/G0275_original_1x.png,glyph_target_overlay/G0275_target_overlay_1x.png,glyph_masks/G0275_mask_only_1x.png,glyph_contacts_1x/contact_sheet_035.png,3,glyph_contacts_8x/contact_sheet_069.png,3,1181,1787,1223,1833,36,196,NotoSerifSC-ExtraLight,31/35/40,9.9626
G0276,E027,义,CAPTION,CAPTION,CJK_FULL,G0276,glyph_original/G0276_original_1x.png,glyph_target_overlay/G0276_target_overlay_1x.png,glyph_masks/G0276_mask_only_1x.png,glyph_contacts_1x/contact_sheet_035.png,4,glyph_contacts_8x/contact_sheet_069.png,4,1222,1787,1265,1833,36,146,NotoSerifSC-ExtraLight,31/35/40,9.9626
G0277,E027,、,CAPTION,CAPTION,LOW_PROFILE_PUNCTUATION_U3001,G0277,glyph_original/G0277_original_1x.png,glyph_target_overlay/G0277_target_overlay_1x.png,glyph_masks/G0277_mask_only_1x.png,glyph_contacts_1x/contact_sheet_035.png,5,glyph_contacts_8x/contact_sheet_070.png,1,1264,1787,1307,1833,10,25,NotoSerifSC-ExtraLight,31/35/40,9.9626
G0278,E027,建,CAPTION,CAPTION,CJK_FULL,G0278,glyph_original/G0278_original_1x.png,glyph_target_overlay/G0278_target_overlay_1x.png,glyph_masks/G0278_mask_only_1x.png,glyph_contacts_1x/contact_sheet_035.png,6,glyph_contacts_8x/contact_sheet_070.png,2,1306,1787,1348,1833,35,301,NotoSerifSC-ExtraLight,31/35/40,9.9626
G0279,E027,模,CAPTION,CAPTION,CJK_FULL,G0279,glyph_original/G0279_original_1x.png,glyph_target_overlay/G0279_target_overlay_1x.png,glyph_masks/G0279_mask_only_1x.png,glyph_contacts_1x/contact_sheet_035.png,7,glyph_contacts_8x/contact_sheet_070.png,3,1347,1787,1390,1833,36,304,NotoSerifSC-ExtraLight,31/35/40,9.9626
G0280,E027,、,CAPTION,CAPTION,LOW_PROFILE_PUNCTUATION_U3001,G0280,glyph_original/G0280_original_1x.png,glyph_target_overlay/G0280_target_overlay_1x.png,glyph_masks/G0280_mask_only_1x.png,glyph_contacts_1x/contact_sheet_035.png,8,glyph_contacts_8x/contact_sheet_070.png,4,1389,1787,1431,1833,10,25,NotoSerifSC-ExtraLight,31/35/40,9.9626
G0281,E027,计,CAPTION,CAPTION,CJK_FULL,G0281,glyph_original/G0281_original_1x.png,glyph_target_overlay/G0281_target_overlay_1x.png,glyph_masks/G0281_mask_only_1x.png,glyph_contacts_1x/contact_sheet_036.png,1,glyph_contacts_8x/contact_sheet_071.png,1,1430,1787,1473,1833,36,156,NotoSerifSC-ExtraLight,31/35/40,9.9626
G0282,E027,算,CAPTION,CAPTION,CJK_FULL,G0282,glyph_original/G0282_original_1x.png,glyph_target_overlay/G0282_target_overlay_1x.png,glyph_masks/G0282_mask_only_1x.png,glyph_contacts_1x/contact_sheet_036.png,2,glyph_contacts_8x/contact_sheet_071.png,2,1472,1787,1514,1833,36,259,NotoSerifSC-ExtraLight,31/35/40,9.9626
G0283,E027,、,CAPTION,CAPTION,LOW_PROFILE_PUNCTUATION_U3001,G0283,glyph_original/G0283_original_1x.png,glyph_target_overlay/G0283_target_overlay_1x.png,glyph_masks/G0283_mask_only_1x.png,glyph_contacts_1x/contact_sheet_036.png,3,glyph_contacts_8x/contact_sheet_071.png,3,1514,1787,1556,1833,10,25,NotoSerifSC-ExtraLight,31/35/40,9.9626
G0284,E027,证,CAPTION,CAPTION,CJK_FULL,G0284,glyph_original/G0284_original_1x.png,glyph_target_overlay/G0284_target_overlay_1x.png,glyph_masks/G0284_mask_only_1x.png,glyph_contacts_1x/contact_sheet_036.png,4,glyph_contacts_8x/contact_sheet_071.png,4,1555,1787,1598,1833,34,214,NotoSerifSC-ExtraLight,31/35/40,9.9626
G0285,E027,据,CAPTION,CAPTION,CJK_FULL,G0285,glyph_original/G0285_original_1x.png,glyph_target_overlay/G0285_target_overlay_1x.png,glyph_masks/G0285_mask_only_1x.png,glyph_contacts_1x/contact_sheet_036.png,5,glyph_contacts_8x/contact_sheet_072.png,1,1597,1787,1639,1833,36,279,NotoSerifSC-ExtraLight,31/35/40,9.9626
G0286,E027,与,CAPTION,CAPTION,CJK_FULL,G0286,glyph_original/G0286_original_1x.png,glyph_target_overlay/G0286_target_overlay_1x.png,glyph_masks/G0286_mask_only_1x.png,glyph_contacts_1x/contact_sheet_036.png,6,glyph_contacts_8x/contact_sheet_072.png,2,1638,1787,1681,1833,36,155,NotoSerifSC-ExtraLight,31/35/40,9.9626
G0287,E027,边,CAPTION,CAPTION,CJK_FULL,G0287,glyph_original/G0287_original_1x.png,glyph_target_overlay/G0287_target_overlay_1x.png,glyph_masks/G0287_mask_only_1x.png,glyph_contacts_1x/contact_sheet_036.png,7,glyph_contacts_8x/contact_sheet_072.png,3,1680,1787,1722,1833,35,204,NotoSerifSC-ExtraLight,31/35/40,9.9626
G0288,E027,界,CAPTION,CAPTION,CJK_FULL,G0288,glyph_original/G0288_original_1x.png,glyph_target_overlay/G0288_target_overlay_1x.png,glyph_masks/G0288_mask_only_1x.png,glyph_contacts_1x/contact_sheet_036.png,8,glyph_contacts_8x/contact_sheet_072.png,4,1722,1787,1764,1833,36,249,NotoSerifSC-ExtraLight,31/35/40,9.9626
G0289,E027,构,CAPTION,CAPTION,CJK_FULL,G0289,glyph_original/G0289_original_1x.png,glyph_target_overlay/G0289_target_overlay_1x.png,glyph_masks/G0289_mask_only_1x.png,glyph_contacts_1x/contact_sheet_037.png,1,glyph_contacts_8x/contact_sheet_073.png,1,1763,1787,1806,1833,36,263,NotoSerifSC-ExtraLight,31/35/40,9.9626
G0290,E027,成,CAPTION,CAPTION,CJK_FULL,G0290,glyph_original/G0290_original_1x.png,glyph_target_overlay/G0290_target_overlay_1x.png,glyph_masks/G0290_mask_only_1x.png,glyph_contacts_1x/contact_sheet_037.png,2,glyph_contacts_8x/contact_sheet_073.png,2,1805,1787,1847,1833,35,232,NotoSerifSC-ExtraLight,31/35/40,9.9626
G0291,E027,五,CAPTION,CAPTION,CJK_FULL,G0291,glyph_original/G0291_original_1x.png,glyph_target_overlay/G0291_target_overlay_1x.png,glyph_masks/G0291_mask_only_1x.png,glyph_contacts_1x/contact_sheet_037.png,3,glyph_contacts_8x/contact_sheet_073.png,3,1846,1787,1889,1833,32,177,NotoSerifSC-ExtraLight,31/35/40,9.9626
G0292,E027,站,CAPTION,CAPTION,CJK_FULL,G0292,glyph_original/G0292_original_1x.png,glyph_target_overlay/G0292_target_overlay_1x.png,glyph_masks/G0292_mask_only_1x.png,glyph_contacts_1x/contact_sheet_037.png,4,glyph_contacts_8x/contact_sheet_073.png,4,1888,1787,1930,1833,36,218,NotoSerifSC-ExtraLight,31/35/40,9.9626
G0293,E027,主,CAPTION,CAPTION,CJK_FULL,G0293,glyph_original/G0293_original_1x.png,glyph_target_overlay/G0293_target_overlay_1x.png,glyph_masks/G0293_mask_only_1x.png,glyph_contacts_1x/contact_sheet_037.png,5,glyph_contacts_8x/contact_sheet_074.png,1,1929,1787,1972,1833,34,149,NotoSerifSC-ExtraLight,31/35/40,9.9626
G0294,E027,闭,CAPTION,CAPTION,CJK_FULL,G0294,glyph_original/G0294_original_1x.png,glyph_target_overlay/G0294_target_overlay_1x.png,glyph_masks/G0294_mask_only_1x.png,glyph_contacts_1x/contact_sheet_037.png,6,glyph_contacts_8x/contact_sheet_074.png,2,1971,1787,2014,1833,36,218,NotoSerifSC-ExtraLight,31/35/40,9.9626
G0295,E027,环,CAPTION,CAPTION,CJK_FULL,G0295,glyph_original/G0295_original_1x.png,glyph_target_overlay/G0295_target_overlay_1x.png,glyph_masks/G0295_mask_only_1x.png,glyph_contacts_1x/contact_sheet_037.png,7,glyph_contacts_8x/contact_sheet_074.png,3,2013,1787,2055,1833,36,206,NotoSerifSC-ExtraLight,31/35/40,9.9626
G0296,E027,，,CAPTION,CAPTION,LOW_PROFILE_PUNCTUATION_UFF0C,G0296,glyph_original/G0296_original_1x.png,glyph_target_overlay/G0296_target_overlay_1x.png,glyph_masks/G0296_mask_only_1x.png,glyph_contacts_1x/contact_sheet_037.png,8,glyph_contacts_8x/contact_sheet_074.png,4,2054,1787,2097,1833,11,26,NotoSerifSC-ExtraLight,31/35/40,9.9626
G0297,E027,边,CAPTION,CAPTION,CJK_FULL,G0297,glyph_original/G0297_original_1x.png,glyph_target_overlay/G0297_target_overlay_1x.png,glyph_masks/G0297_mask_only_1x.png,glyph_contacts_1x/contact_sheet_038.png,1,glyph_contacts_8x/contact_sheet_075.png,1,2096,1787,2138,1833,35,204,NotoSerifSC-ExtraLight,31/35/40,9.9626
G0298,E027,界,CAPTION,CAPTION,CJK_FULL,G0298,glyph_original/G0298_original_1x.png,glyph_target_overlay/G0298_target_overlay_1x.png,glyph_masks/G0298_mask_only_1x.png,glyph_contacts_1x/contact_sheet_038.png,2,glyph_contacts_8x/contact_sheet_075.png,2,2137,1787,2180,1833,36,249,NotoSerifSC-ExtraLight,31/35/40,9.9626
G0299,E027,暴,CAPTION,CAPTION,CJK_FULL,G0299,glyph_original/G0299_original_1x.png,glyph_target_overlay/G0299_target_overlay_1x.png,glyph_masks/G0299_mask_only_1x.png,glyph_contacts_1x/contact_sheet_038.png,3,glyph_contacts_8x/contact_sheet_075.png,3,2179,1787,2222,1833,36,292,NotoSerifSC-ExtraLight,31/35/40,9.9626
G0300,E027,露,CAPTION,CAPTION,CJK_FULL,G0300,glyph_original/G0300_original_1x.png,glyph_target_overlay/G0300_target_overlay_1x.png,glyph_masks/G0300_mask_only_1x.png,glyph_contacts_1x/contact_sheet_038.png,4,glyph_contacts_8x/contact_sheet_075.png,4,307,1843,349,1888,36,322,NotoSerifSC-ExtraLight,31/35/40,9.9626
G0301,E027,或,CAPTION,CAPTION,CJK_FULL,G0301,glyph_original/G0301_original_1x.png,glyph_target_overlay/G0301_target_overlay_1x.png,glyph_masks/G0301_mask_only_1x.png,glyph_contacts_1x/contact_sheet_038.png,5,glyph_contacts_8x/contact_sheet_076.png,1,348,1843,391,1888,36,181,NotoSerifSC-ExtraLight,31/35/40,9.9626
G0302,E027,证,CAPTION,CAPTION,CJK_FULL,G0302,glyph_original/G0302_original_1x.png,glyph_target_overlay/G0302_target_overlay_1x.png,glyph_masks/G0302_mask_only_1x.png,glyph_contacts_1x/contact_sheet_038.png,6,glyph_contacts_8x/contact_sheet_076.png,2,390,1843,432,1888,34,214,NotoSerifSC-ExtraLight,31/35/40,9.9626
G0303,E027,据,CAPTION,CAPTION,CJK_FULL,G0303,glyph_original/G0303_original_1x.png,glyph_target_overlay/G0303_target_overlay_1x.png,glyph_masks/G0303_mask_only_1x.png,glyph_contacts_1x/contact_sheet_038.png,7,glyph_contacts_8x/contact_sheet_076.png,3,431,1843,474,1888,36,279,NotoSerifSC-ExtraLight,31/35/40,9.9626
G0304,E027,失,CAPTION,CAPTION,CJK_FULL,G0304,glyph_original/G0304_original_1x.png,glyph_target_overlay/G0304_target_overlay_1x.png,glyph_masks/G0304_mask_only_1x.png,glyph_contacts_1x/contact_sheet_038.png,8,glyph_contacts_8x/contact_sheet_076.png,4,473,1843,516,1888,36,184,NotoSerifSC-ExtraLight,31/35/40,9.9626
G0305,E027,败,CAPTION,CAPTION,CJK_FULL,G0305,glyph_original/G0305_original_1x.png,glyph_target_overlay/G0305_target_overlay_1x.png,glyph_masks/G0305_mask_only_1x.png,glyph_contacts_1x/contact_sheet_039.png,1,glyph_contacts_8x/contact_sheet_077.png,1,515,1843,557,1888,36,269,NotoSerifSC-ExtraLight,31/35/40,9.9626
G0306,E027,时,CAPTION,CAPTION,CJK_FULL,G0306,glyph_original/G0306_original_1x.png,glyph_target_overlay/G0306_target_overlay_1x.png,glyph_masks/G0306_mask_only_1x.png,glyph_contacts_1x/contact_sheet_039.png,2,glyph_contacts_8x/contact_sheet_077.png,2,556,1843,599,1888,36,181,NotoSerifSC-ExtraLight,31/35/40,9.9626
G0307,E027,返,CAPTION,CAPTION,CJK_FULL,G0307,glyph_original/G0307_original_1x.png,glyph_target_overlay/G0307_target_overlay_1x.png,glyph_masks/G0307_mask_only_1x.png,glyph_contacts_1x/contact_sheet_039.png,3,glyph_contacts_8x/contact_sheet_077.png,3,598,1843,640,1888,35,243,NotoSerifSC-ExtraLight,31/35/40,9.9626
G0308,E027,回,CAPTION,CAPTION,CJK_FULL,G0308,glyph_original/G0308_original_1x.png,glyph_target_overlay/G0308_target_overlay_1x.png,glyph_masks/G0308_mask_only_1x.png,glyph_contacts_1x/contact_sheet_039.png,4,glyph_contacts_8x/contact_sheet_077.png,4,639,1843,682,1888,36,200,NotoSerifSC-ExtraLight,31/35/40,9.9626
G0309,E027,问,CAPTION,CAPTION,CJK_FULL,G0309,glyph_original/G0309_original_1x.png,glyph_target_overlay/G0309_target_overlay_1x.png,glyph_masks/G0309_mask_only_1x.png,glyph_contacts_1x/contact_sheet_039.png,5,glyph_contacts_8x/contact_sheet_078.png,1,681,1843,723,1888,36,235,NotoSerifSC-ExtraLight,31/35/40,9.9626
G0310,E027,题,CAPTION,CAPTION,CJK_FULL,G0310,glyph_original/G0310_original_1x.png,glyph_target_overlay/G0310_target_overlay_1x.png,glyph_masks/G0310_mask_only_1x.png,glyph_contacts_1x/contact_sheet_039.png,6,glyph_contacts_8x/contact_sheet_078.png,2,723,1843,765,1888,35,368,NotoSerifSC-ExtraLight,31/35/40,9.9626
G0311,E027,定,CAPTION,CAPTION,CJK_FULL,G0311,glyph_original/G0311_original_1x.png,glyph_target_overlay/G0311_target_overlay_1x.png,glyph_masks/G0311_mask_only_1x.png,glyph_contacts_1x/contact_sheet_039.png,7,glyph_contacts_8x/contact_sheet_078.png,3,764,1843,807,1888,36,196,NotoSerifSC-ExtraLight,31/35/40,9.9626
G0312,E027,义,CAPTION,CAPTION,CJK_FULL,G0312,glyph_original/G0312_original_1x.png,glyph_target_overlay/G0312_target_overlay_1x.png,glyph_masks/G0312_mask_only_1x.png,glyph_contacts_1x/contact_sheet_039.png,8,glyph_contacts_8x/contact_sheet_078.png,4,806,1843,848,1888,36,146,NotoSerifSC-ExtraLight,31/35/40,9.9626
G0313,E027,；,CAPTION,CAPTION,LOW_PROFILE_PUNCTUATION_UFF1B,G0313,glyph_original/G0313_original_1x.png,glyph_target_overlay/G0313_target_overlay_1x.png,glyph_masks/G0313_mask_only_1x.png,glyph_contacts_1x/contact_sheet_040.png,1,glyph_contacts_8x/contact_sheet_079.png,1,847,1843,890,1888,26,32,NotoSerifSC-ExtraLight,31/35/40,9.9626
G0314,E027,（,CAPTION,CAPTION,FULL_CONTOUR_DELIMITER,G0314,glyph_original/G0314_original_1x.png,glyph_target_overlay/G0314_target_overlay_1x.png,glyph_masks/G0314_mask_only_1x.png,glyph_contacts_1x/contact_sheet_040.png,2,glyph_contacts_8x/contact_sheet_079.png,2,868,1843,911,1888,36,63,NotoSerifSC-ExtraLight,31/35/40,9.9626
G0315,E027,b,CAPTION,CAPTION,LOWERCASE_OR_GREEK,G0315,glyph_original/G0315_original_1x.png,glyph_target_overlay/G0315_target_overlay_1x.png,glyph_masks/G0315_mask_only_1x.png,glyph_contacts_1x/contact_sheet_040.png,3,glyph_contacts_8x/contact_sheet_079.png,3,910,1845,933,1887,29,175,STIXTwoText-Regular,31/35/40,10.0618
G0316,E027,）,CAPTION,CAPTION,FULL_CONTOUR_DELIMITER,G0316,glyph_original/G0316_original_1x.png,glyph_target_overlay/G0316_target_overlay_1x.png,glyph_masks/G0316_mask_only_1x.png,glyph_contacts_1x/contact_sheet_040.png,4,glyph_contacts_8x/contact_sheet_079.png,4,932,1843,974,1888,36,67,NotoSerifSC-ExtraLight,31/35/40,9.9626
G0317,E027,监,CAPTION,CAPTION,CJK_FULL,G0317,glyph_original/G0317_original_1x.png,glyph_target_overlay/G0317_target_overlay_1x.png,glyph_masks/G0317_mask_only_1x.png,glyph_contacts_1x/contact_sheet_040.png,5,glyph_contacts_8x/contact_sheet_080.png,1,973,1843,1016,1888,34,230,NotoSerifSC-ExtraLight,31/35/40,9.9626
G0318,E027,督,CAPTION,CAPTION,CJK_FULL,G0318,glyph_original/G0318_original_1x.png,glyph_target_overlay/G0318_target_overlay_1x.png,glyph_masks/G0318_mask_only_1x.png,glyph_contacts_1x/contact_sheet_040.png,6,glyph_contacts_8x/contact_sheet_080.png,2,1015,1843,1057,1888,36,275,NotoSerifSC-ExtraLight,31/35/40,9.9626
G0319,E027,与,CAPTION,CAPTION,CJK_FULL,G0319,glyph_original/G0319_original_1x.png,glyph_target_overlay/G0319_target_overlay_1x.png,glyph_masks/G0319_mask_only_1x.png,glyph_contacts_1x/contact_sheet_040.png,7,glyph_contacts_8x/contact_sheet_080.png,3,1056,1843,1099,1888,36,155,NotoSerifSC-ExtraLight,31/35/40,9.9626
G0320,E027,无,CAPTION,CAPTION,CJK_FULL,G0320,glyph_original/G0320_original_1x.png,glyph_target_overlay/G0320_target_overlay_1x.png,glyph_masks/G0320_mask_only_1x.png,glyph_contacts_1x/contact_sheet_040.png,8,glyph_contacts_8x/contact_sheet_080.png,4,1098,1843,1140,1888,36,164,NotoSerifSC-ExtraLight,31/35/40,9.9626
G0321,E027,监,CAPTION,CAPTION,CJK_FULL,G0321,glyph_original/G0321_original_1x.png,glyph_target_overlay/G0321_target_overlay_1x.png,glyph_masks/G0321_mask_only_1x.png,glyph_contacts_1x/contact_sheet_041.png,1,glyph_contacts_8x/contact_sheet_081.png,1,1140,1843,1182,1888,34,230,NotoSerifSC-ExtraLight,31/35/40,9.9626
G0322,E027,督,CAPTION,CAPTION,CJK_FULL,G0322,glyph_original/G0322_original_1x.png,glyph_target_overlay/G0322_target_overlay_1x.png,glyph_masks/G0322_mask_only_1x.png,glyph_contacts_1x/contact_sheet_041.png,2,glyph_contacts_8x/contact_sheet_081.png,2,1181,1843,1224,1888,36,275,NotoSerifSC-ExtraLight,31/35/40,9.9626
G0323,E027,任,CAPTION,CAPTION,CJK_FULL,G0323,glyph_original/G0323_original_1x.png,glyph_target_overlay/G0323_target_overlay_1x.png,glyph_masks/G0323_mask_only_1x.png,glyph_contacts_1x/contact_sheet_041.png,3,glyph_contacts_8x/contact_sheet_081.png,3,1223,1843,1265,1888,36,170,NotoSerifSC-ExtraLight,31/35/40,9.9626
G0324,E027,务,CAPTION,CAPTION,CJK_FULL,G0324,glyph_original/G0324_original_1x.png,glyph_target_overlay/G0324_target_overlay_1x.png,glyph_masks/G0324_mask_only_1x.png,glyph_contacts_1x/contact_sheet_041.png,4,glyph_contacts_8x/contact_sheet_081.png,4,1264,1843,1307,1888,36,195,NotoSerifSC-ExtraLight,31/35/40,9.9626
G0325,E027,都,CAPTION,CAPTION,CJK_FULL,G0325,glyph_original/G0325_original_1x.png,glyph_target_overlay/G0325_target_overlay_1x.png,glyph_masks/G0325_mask_only_1x.png,glyph_contacts_1x/contact_sheet_041.png,5,glyph_contacts_8x/contact_sheet_082.png,1,1306,1843,1348,1888,36,293,NotoSerifSC-ExtraLight,31/35/40,9.9626
G0326,E027,进,CAPTION,CAPTION,CJK_FULL,G0326,glyph_original/G0326_original_1x.png,glyph_target_overlay/G0326_target_overlay_1x.png,glyph_masks/G0326_mask_only_1x.png,glyph_contacts_1x/contact_sheet_041.png,6,glyph_contacts_8x/contact_sheet_082.png,2,1348,1843,1390,1888,34,203,NotoSerifSC-ExtraLight,31/35/40,9.9626
G0327,E027,入,CAPTION,CAPTION,CJK_FULL,G0327,glyph_original/G0327_original_1x.png,glyph_target_overlay/G0327_target_overlay_1x.png,glyph_masks/G0327_mask_only_1x.png,glyph_contacts_1x/contact_sheet_041.png,7,glyph_contacts_8x/contact_sheet_082.png,3,1389,1843,1432,1888,36,110,NotoSerifSC-ExtraLight,31/35/40,9.9626
G0328,E027,包,CAPTION,CAPTION,CJK_FULL,G0328,glyph_original/G0328_original_1x.png,glyph_target_overlay/G0328_target_overlay_1x.png,glyph_masks/G0328_mask_only_1x.png,glyph_contacts_1x/contact_sheet_041.png,8,glyph_contacts_8x/contact_sheet_082.png,4,1431,1843,1473,1888,35,219,NotoSerifSC-ExtraLight,31/35/40,9.9626
G0329,E027,含,CAPTION,CAPTION,CJK_FULL,G0329,glyph_original/G0329_original_1x.png,glyph_target_overlay/G0329_target_overlay_1x.png,glyph_masks/G0329_mask_only_1x.png,glyph_contacts_1x/contact_sheet_042.png,1,glyph_contacts_8x/contact_sheet_083.png,1,1472,1843,1515,1888,36,185,NotoSerifSC-ExtraLight,31/35/40,9.9626
G0330,E027,线,CAPTION,CAPTION,CJK_FULL,G0330,glyph_original/G0330_original_1x.png,glyph_target_overlay/G0330_target_overlay_1x.png,glyph_masks/G0330_mask_only_1x.png,glyph_contacts_1x/contact_sheet_042.png,2,glyph_contacts_8x/contact_sheet_083.png,2,1514,1843,1556,1888,36,266,NotoSerifSC-ExtraLight,31/35/40,9.9626
G0331,E027,性,CAPTION,CAPTION,CJK_FULL,G0331,glyph_original/G0331_original_1x.png,glyph_target_overlay/G0331_target_overlay_1x.png,glyph_masks/G0331_mask_only_1x.png,glyph_contacts_1x/contact_sheet_042.png,3,glyph_contacts_8x/contact_sheet_083.png,3,1555,1843,1598,1888,36,211,NotoSerifSC-ExtraLight,31/35/40,9.9626
G0332,E027,代,CAPTION,CAPTION,CJK_FULL,G0332,glyph_original/G0332_original_1x.png,glyph_target_overlay/G0332_target_overlay_1x.png,glyph_masks/G0332_mask_only_1x.png,glyph_contacts_1x/contact_sheet_042.png,4,glyph_contacts_8x/contact_sheet_083.png,4,1597,1843,1640,1888,36,181,NotoSerifSC-ExtraLight,31/35/40,9.9626
G0333,E027,数,CAPTION,CAPTION,CJK_FULL,G0333,glyph_original/G0333_original_1x.png,glyph_target_overlay/G0333_target_overlay_1x.png,glyph_masks/G0333_mask_only_1x.png,glyph_contacts_1x/contact_sheet_042.png,5,glyph_contacts_8x/contact_sheet_084.png,1,1639,1843,1681,1888,36,293,NotoSerifSC-ExtraLight,31/35/40,9.9626
G0334,E027,、,CAPTION,CAPTION,LOW_PROFILE_PUNCTUATION_U3001,G0334,glyph_original/G0334_original_1x.png,glyph_target_overlay/G0334_target_overlay_1x.png,glyph_masks/G0334_mask_only_1x.png,glyph_contacts_1x/contact_sheet_042.png,6,glyph_contacts_8x/contact_sheet_084.png,2,1680,1843,1723,1888,10,25,NotoSerifSC-ExtraLight,31/35/40,9.9626
G0335,E027,优,CAPTION,CAPTION,CJK_FULL,G0335,glyph_original/G0335_original_1x.png,glyph_target_overlay/G0335_target_overlay_1x.png,glyph_masks/G0335_mask_only_1x.png,glyph_contacts_1x/contact_sheet_042.png,7,glyph_contacts_8x/contact_sheet_084.png,3,1722,1843,1764,1888,36,209,NotoSerifSC-ExtraLight,31/35/40,9.9626
G0336,E027,化,CAPTION,CAPTION,CJK_FULL,G0336,glyph_original/G0336_original_1x.png,glyph_target_overlay/G0336_target_overlay_1x.png,glyph_masks/G0336_mask_only_1x.png,glyph_contacts_1x/contact_sheet_042.png,8,glyph_contacts_8x/contact_sheet_084.png,4,1763,1843,1806,1888,36,187,NotoSerifSC-ExtraLight,31/35/40,9.9626
G0337,E027,、,CAPTION,CAPTION,LOW_PROFILE_PUNCTUATION_U3001,G0337,glyph_original/G0337_original_1x.png,glyph_target_overlay/G0337_target_overlay_1x.png,glyph_masks/G0337_mask_only_1x.png,glyph_contacts_1x/contact_sheet_043.png,1,glyph_contacts_8x/contact_sheet_085.png,1,1805,1843,1847,1888,10,25,NotoSerifSC-ExtraLight,31/35/40,9.9626
G0338,E027,概,CAPTION,CAPTION,CJK_FULL,G0338,glyph_original/G0338_original_1x.png,glyph_target_overlay/G0338_target_overlay_1x.png,glyph_masks/G0338_mask_only_1x.png,glyph_contacts_1x/contact_sheet_043.png,2,glyph_contacts_8x/contact_sheet_085.png,2,1846,1843,1889,1888,36,337,NotoSerifSC-ExtraLight,31/35/40,9.9626
G0339,E027,率,CAPTION,CAPTION,CJK_FULL,G0339,glyph_original/G0339_original_1x.png,glyph_target_overlay/G0339_target_overlay_1x.png,glyph_masks/G0339_mask_only_1x.png,glyph_contacts_1x/contact_sheet_043.png,3,glyph_contacts_8x/contact_sheet_085.png,3,1888,1843,1931,1888,36,198,NotoSerifSC-ExtraLight,31/35/40,9.9626
G0340,E027,、,CAPTION,CAPTION,LOW_PROFILE_PUNCTUATION_U3001,G0340,glyph_original/G0340_original_1x.png,glyph_target_overlay/G0340_target_overlay_1x.png,glyph_masks/G0340_mask_only_1x.png,glyph_contacts_1x/contact_sheet_043.png,4,glyph_contacts_8x/contact_sheet_085.png,4,1930,1843,1972,1888,10,25,NotoSerifSC-ExtraLight,31/35/40,9.9626
G0341,E027,推,CAPTION,CAPTION,CJK_FULL,G0341,glyph_original/G0341_original_1x.png,glyph_target_overlay/G0341_target_overlay_1x.png,glyph_masks/G0341_mask_only_1x.png,glyph_contacts_1x/contact_sheet_043.png,5,glyph_contacts_8x/contact_sheet_086.png,1,1971,1843,2014,1888,36,250,NotoSerifSC-ExtraLight,31/35/40,9.9626
G0342,E027,断,CAPTION,CAPTION,CJK_FULL,G0342,glyph_original/G0342_original_1x.png,glyph_target_overlay/G0342_target_overlay_1x.png,glyph_masks/G0342_mask_only_1x.png,glyph_contacts_1x/contact_sheet_043.png,6,glyph_contacts_8x/contact_sheet_086.png,2,2013,1843,2055,1888,36,249,NotoSerifSC-ExtraLight,31/35/40,9.9626
G0343,E027,的,CAPTION,CAPTION,CJK_FULL,G0343,glyph_original/G0343_original_1x.png,glyph_target_overlay/G0343_target_overlay_1x.png,glyph_masks/G0343_mask_only_1x.png,glyph_contacts_1x/contact_sheet_043.png,7,glyph_contacts_8x/contact_sheet_086.png,3,2054,1843,2097,1888,36,224,NotoSerifSC-ExtraLight,31/35/40,9.9626
G0344,E027,共,CAPTION,CAPTION,CJK_FULL,G0344,glyph_original/G0344_original_1x.png,glyph_target_overlay/G0344_target_overlay_1x.png,glyph_masks/G0344_mask_only_1x.png,glyph_contacts_1x/contact_sheet_043.png,8,glyph_contacts_8x/contact_sheet_086.png,4,2096,1843,2138,1888,36,176,NotoSerifSC-ExtraLight,31/35/40,9.9626
G0345,E027,享,CAPTION,CAPTION,CJK_FULL,G0345,glyph_original/G0345_original_1x.png,glyph_target_overlay/G0345_target_overlay_1x.png,glyph_masks/G0345_mask_only_1x.png,glyph_contacts_1x/contact_sheet_044.png,1,glyph_contacts_8x/contact_sheet_087.png,1,2137,1843,2180,1888,36,203,NotoSerifSC-ExtraLight,31/35/40,9.9626
G0346,E027,可,CAPTION,CAPTION,CJK_FULL,G0346,glyph_original/G0346_original_1x.png,glyph_target_overlay/G0346_target_overlay_1x.png,glyph_masks/G0346_mask_only_1x.png,glyph_contacts_1x/contact_sheet_044.png,2,glyph_contacts_8x/contact_sheet_087.png,2,2179,1843,2222,1888,36,160,NotoSerifSC-ExtraLight,31/35/40,9.9626
G0347,E027,复,CAPTION,CAPTION,CJK_FULL,G0347,glyph_original/G0347_original_1x.png,glyph_target_overlay/G0347_target_overlay_1x.png,glyph_masks/G0347_mask_only_1x.png,glyph_contacts_1x/contact_sheet_044.png,3,glyph_contacts_8x/contact_sheet_087.png,3,307,1899,349,1944,36,215,NotoSerifSC-ExtraLight,31/35/40,9.9626
G0348,E027,用,CAPTION,CAPTION,CJK_FULL,G0348,glyph_original/G0348_original_1x.png,glyph_target_overlay/G0348_target_overlay_1x.png,glyph_masks/G0348_mask_only_1x.png,glyph_contacts_1x/contact_sheet_044.png,4,glyph_contacts_8x/contact_sheet_087.png,4,348,1899,391,1944,36,227,NotoSerifSC-ExtraLight,31/35/40,9.9626
G0349,E027,计,CAPTION,CAPTION,CJK_FULL,G0349,glyph_original/G0349_original_1x.png,glyph_target_overlay/G0349_target_overlay_1x.png,glyph_masks/G0349_mask_only_1x.png,glyph_contacts_1x/contact_sheet_044.png,5,glyph_contacts_8x/contact_sheet_088.png,1,390,1899,432,1944,36,156,NotoSerifSC-ExtraLight,31/35/40,9.9626
G0350,E027,算,CAPTION,CAPTION,CJK_FULL,G0350,glyph_original/G0350_original_1x.png,glyph_target_overlay/G0350_target_overlay_1x.png,glyph_masks/G0350_mask_only_1x.png,glyph_contacts_1x/contact_sheet_044.png,6,glyph_contacts_8x/contact_sheet_088.png,2,431,1899,474,1944,36,259,NotoSerifSC-ExtraLight,31/35/40,9.9626
G0351,E027,引,CAPTION,CAPTION,CJK_FULL,G0351,glyph_original/G0351_original_1x.png,glyph_target_overlay/G0351_target_overlay_1x.png,glyph_masks/G0351_mask_only_1x.png,glyph_contacts_1x/contact_sheet_044.png,7,glyph_contacts_8x/contact_sheet_088.png,3,473,1899,515,1944,36,185,NotoSerifSC-ExtraLight,31/35/40,9.9626
G0352,E027,擎,CAPTION,CAPTION,CJK_FULL,G0352,glyph_original/G0352_original_1x.png,glyph_target_overlay/G0352_target_overlay_1x.png,glyph_masks/G0352_mask_only_1x.png,glyph_contacts_1x/contact_sheet_044.png,8,glyph_contacts_8x/contact_sheet_088.png,4,514,1899,557,1944,36,313,NotoSerifSC-ExtraLight,31/35/40,9.9626
G0353,E027,池,CAPTION,CAPTION,CJK_FULL,G0353,glyph_original/G0353_original_1x.png,glyph_target_overlay/G0353_target_overlay_1x.png,glyph_masks/G0353_mask_only_1x.png,glyph_contacts_1x/contact_sheet_045.png,1,glyph_contacts_8x/contact_sheet_089.png,1,556,1899,598,1944,36,233,NotoSerifSC-ExtraLight,31/35/40,9.9626
G0354,E027,，,CAPTION,CAPTION,LOW_PROFILE_PUNCTUATION_UFF0C,G0354,glyph_original/G0354_original_1x.png,glyph_target_overlay/G0354_target_overlay_1x.png,glyph_masks/G0354_mask_only_1x.png,glyph_contacts_1x/contact_sheet_045.png,2,glyph_contacts_8x/contact_sheet_089.png,2,597,1899,640,1944,11,26,NotoSerifSC-ExtraLight,31/35/40,9.9626
G0355,E027,再,CAPTION,CAPTION,CJK_FULL,G0355,glyph_original/G0355_original_1x.png,glyph_target_overlay/G0355_target_overlay_1x.png,glyph_masks/G0355_mask_only_1x.png,glyph_contacts_1x/contact_sheet_045.png,3,glyph_contacts_8x/contact_sheet_089.png,3,639,1899,681,1944,36,229,NotoSerifSC-ExtraLight,31/35/40,9.9626
G0356,E027,共,CAPTION,CAPTION,CJK_FULL,G0356,glyph_original/G0356_original_1x.png,glyph_target_overlay/G0356_target_overlay_1x.png,glyph_masks/G0356_mask_only_1x.png,glyph_contacts_1x/contact_sheet_045.png,4,glyph_contacts_8x/contact_sheet_089.png,4,680,1899,723,1944,36,176,NotoSerifSC-ExtraLight,31/35/40,9.9626
G0357,E027,同,CAPTION,CAPTION,CJK_FULL,G0357,glyph_original/G0357_original_1x.png,glyph_target_overlay/G0357_target_overlay_1x.png,glyph_masks/G0357_mask_only_1x.png,glyph_contacts_1x/contact_sheet_045.png,5,glyph_contacts_8x/contact_sheet_090.png,1,722,1899,764,1944,35,237,NotoSerifSC-ExtraLight,31/35/40,9.9626
G0358,E027,进,CAPTION,CAPTION,CJK_FULL,G0358,glyph_original/G0358_original_1x.png,glyph_target_overlay/G0358_target_overlay_1x.png,glyph_masks/G0358_mask_only_1x.png,glyph_contacts_1x/contact_sheet_045.png,6,glyph_contacts_8x/contact_sheet_090.png,2,763,1899,806,1944,34,203,NotoSerifSC-ExtraLight,31/35/40,9.9626
G0359,E027,入,CAPTION,CAPTION,CJK_FULL,G0359,glyph_original/G0359_original_1x.png,glyph_target_overlay/G0359_target_overlay_1x.png,glyph_masks/G0359_mask_only_1x.png,glyph_contacts_1x/contact_sheet_045.png,7,glyph_contacts_8x/contact_sheet_090.png,3,805,1899,847,1944,36,110,NotoSerifSC-ExtraLight,31/35/40,9.9626
G0360,E027,隔,CAPTION,CAPTION,CJK_FULL,G0360,glyph_original/G0360_original_1x.png,glyph_target_overlay/G0360_target_overlay_1x.png,glyph_masks/G0360_mask_only_1x.png,glyph_contacts_1x/contact_sheet_045.png,8,glyph_contacts_8x/contact_sheet_090.png,4,846,1899,889,1944,36,274,NotoSerifSC-ExtraLight,31/35/40,9.9626
G0361,E027,离,CAPTION,CAPTION,CJK_FULL,G0361,glyph_original/G0361_original_1x.png,glyph_target_overlay/G0361_target_overlay_1x.png,glyph_masks/G0361_mask_only_1x.png,glyph_contacts_1x/contact_sheet_046.png,1,glyph_contacts_8x/contact_sheet_091.png,1,888,1899,931,1944,36,254,NotoSerifSC-ExtraLight,31/35/40,9.9626
G0362,E027,验,CAPTION,CAPTION,CJK_FULL,G0362,glyph_original/G0362_original_1x.png,glyph_target_overlay/G0362_target_overlay_1x.png,glyph_masks/G0362_mask_only_1x.png,glyph_contacts_1x/contact_sheet_046.png,2,glyph_contacts_8x/contact_sheet_091.png,2,930,1899,972,1944,36,245,NotoSerifSC-ExtraLight,31/35/40,9.9626
G0363,E027,证,CAPTION,CAPTION,CJK_FULL,G0363,glyph_original/G0363_original_1x.png,glyph_target_overlay/G0363_target_overlay_1x.png,glyph_masks/G0363_mask_only_1x.png,glyph_contacts_1x/contact_sheet_046.png,3,glyph_contacts_8x/contact_sheet_091.png,3,971,1899,1014,1944,34,214,NotoSerifSC-ExtraLight,31/35/40,9.9626
G0364,E027,并,CAPTION,CAPTION,CJK_FULL,G0364,glyph_original/G0364_original_1x.png,glyph_target_overlay/G0364_target_overlay_1x.png,glyph_masks/G0364_mask_only_1x.png,glyph_contacts_1x/contact_sheet_046.png,4,glyph_contacts_8x/contact_sheet_091.png,4,1013,1899,1055,1944,36,178,NotoSerifSC-ExtraLight,31/35/40,9.9626
G0365,E027,单,CAPTION,CAPTION,CJK_FULL,G0365,glyph_original/G0365_original_1x.png,glyph_target_overlay/G0365_target_overlay_1x.png,glyph_masks/G0365_mask_only_1x.png,glyph_contacts_1x/contact_sheet_046.png,5,glyph_contacts_8x/contact_sheet_092.png,1,1054,1899,1097,1944,36,195,NotoSerifSC-ExtraLight,31/35/40,9.9626
G0366,E027,向,CAPTION,CAPTION,CJK_FULL,G0366,glyph_original/G0366_original_1x.png,glyph_target_overlay/G0366_target_overlay_1x.png,glyph_masks/G0366_mask_only_1x.png,glyph_contacts_1x/contact_sheet_046.png,6,glyph_contacts_8x/contact_sheet_092.png,2,1096,1899,1138,1944,36,213,NotoSerifSC-ExtraLight,31/35/40,9.9626
G0367,E027,到,CAPTION,CAPTION,CJK_FULL,G0367,glyph_original/G0367_original_1x.png,glyph_target_overlay/G0367_target_overlay_1x.png,glyph_masks/G0367_mask_only_1x.png,glyph_contacts_1x/contact_sheet_046.png,7,glyph_contacts_8x/contact_sheet_092.png,3,1137,1899,1180,1944,36,254,NotoSerifSC-ExtraLight,31/35/40,9.9626
G0368,E027,达,CAPTION,CAPTION,CJK_FULL,G0368,glyph_original/G0368_original_1x.png,glyph_target_overlay/G0368_target_overlay_1x.png,glyph_masks/G0368_mask_only_1x.png,glyph_contacts_1x/contact_sheet_046.png,8,glyph_contacts_8x/contact_sheet_092.png,4,1179,1899,1221,1944,35,189,NotoSerifSC-ExtraLight,31/35/40,9.9626
G0369,E027,无,CAPTION,CAPTION,CJK_FULL,G0369,glyph_original/G0369_original_1x.png,glyph_target_overlay/G0369_target_overlay_1x.png,glyph_masks/G0369_mask_only_1x.png,glyph_contacts_1x/contact_sheet_047.png,1,glyph_contacts_8x/contact_sheet_093.png,1,1220,1899,1263,1944,36,164,NotoSerifSC-ExtraLight,31/35/40,9.9626
G0370,E027,回,CAPTION,CAPTION,CJK_FULL,G0370,glyph_original/G0370_original_1x.png,glyph_target_overlay/G0370_target_overlay_1x.png,glyph_masks/G0370_mask_only_1x.png,glyph_contacts_1x/contact_sheet_047.png,2,glyph_contacts_8x/contact_sheet_093.png,2,1262,1899,1304,1944,36,200,NotoSerifSC-ExtraLight,31/35/40,9.9626
G0371,E027,流,CAPTION,CAPTION,CJK_FULL,G0371,glyph_original/G0371_original_1x.png,glyph_target_overlay/G0371_target_overlay_1x.png,glyph_masks/G0371_mask_only_1x.png,glyph_contacts_1x/contact_sheet_047.png,3,glyph_contacts_8x/contact_sheet_093.png,3,1303,1899,1346,1944,36,243,NotoSerifSC-ExtraLight,31/35/40,9.9626
G0372,E027,的,CAPTION,CAPTION,CJK_FULL,G0372,glyph_original/G0372_original_1x.png,glyph_target_overlay/G0372_target_overlay_1x.png,glyph_masks/G0372_mask_only_1x.png,glyph_contacts_1x/contact_sheet_047.png,4,glyph_contacts_8x/contact_sheet_093.png,4,1345,1899,1387,1944,36,224,NotoSerifSC-ExtraLight,31/35/40,9.9626
G0373,E027,可,CAPTION,CAPTION,CJK_FULL,G0373,glyph_original/G0373_original_1x.png,glyph_target_overlay/G0373_target_overlay_1x.png,glyph_masks/G0373_mask_only_1x.png,glyph_contacts_1x/contact_sheet_047.png,5,glyph_contacts_8x/contact_sheet_094.png,1,1386,1899,1429,1944,36,160,NotoSerifSC-ExtraLight,31/35/40,9.9626
G0374,E027,复,CAPTION,CAPTION,CJK_FULL,G0374,glyph_original/G0374_original_1x.png,glyph_target_overlay/G0374_target_overlay_1x.png,glyph_masks/G0374_mask_only_1x.png,glyph_contacts_1x/contact_sheet_047.png,6,glyph_contacts_8x/contact_sheet_094.png,2,1428,1899,1470,1944,36,215,NotoSerifSC-ExtraLight,31/35/40,9.9626
G0375,E027,现,CAPTION,CAPTION,CJK_FULL,G0375,glyph_original/G0375_original_1x.png,glyph_target_overlay/G0375_target_overlay_1x.png,glyph_masks/G0375_mask_only_1x.png,glyph_contacts_1x/contact_sheet_047.png,7,glyph_contacts_8x/contact_sheet_094.png,3,1469,1899,1512,1944,35,269,NotoSerifSC-ExtraLight,31/35/40,9.9626
G0376,E027,报,CAPTION,CAPTION,CJK_FULL,G0376,glyph_original/G0376_original_1x.png,glyph_target_overlay/G0376_target_overlay_1x.png,glyph_masks/G0376_mask_only_1x.png,glyph_contacts_1x/contact_sheet_047.png,8,glyph_contacts_8x/contact_sheet_094.png,4,1511,1899,1553,1944,36,292,NotoSerifSC-ExtraLight,31/35/40,9.9626
G0377,E027,告,CAPTION,CAPTION,CJK_FULL,G0377,glyph_original/G0377_original_1x.png,glyph_target_overlay/G0377_target_overlay_1x.png,glyph_masks/G0377_mask_only_1x.png,glyph_contacts_1x/contact_sheet_048.png,1,glyph_contacts_8x/contact_sheet_095.png,1,1552,1899,1595,1944,36,193,NotoSerifSC-ExtraLight,31/35/40,9.9626
G0378,E027,。,CAPTION,CAPTION,LOW_PROFILE_PUNCTUATION_U3002,G0378,glyph_original/G0378_original_1x.png,glyph_target_overlay/G0378_target_overlay_1x.png,glyph_masks/G0378_mask_only_1x.png,glyph_contacts_1x/contact_sheet_048.png,2,glyph_contacts_8x/contact_sheet_095.png,2,1594,1899,1636,1944,11,29,NotoSerifSC-ExtraLight,31/35/40,9.9626
