RELATION_ID,PANEL_ID,ELEMENT_A,CATEGORY_A,PDF_VECTOR_BBOX_A,ELEMENT_B,CATEGORY_B,PDF_VECTOR_BBOX_B,RELATION_CLASS,RAW_MASK_A,RAW_MASK_B,OVERLAP_PIXEL_COUNT,CLEARANCE_PX,PDF_VECTOR_BBOX_CLEARANCE_PX,REQUIRED_CLEARANCE_PX,CLIP_PIXEL_COUNT,PASS_FAIL,REASON,CRITICAL_ROI
REL_0001,PANEL_STATIONARY_MAP,SEM_CAPTION_PARENT,TEXT,85.591;583.228;498.338;599.098,SEM_CURVE_MAP,TEXT,339.820;424.527;399.266;433.792,TEXT_TEXT,masks/semantic/SEM_CAPTION_PARENT.png,masks/semantic/SEM_CURVE_MAP.png,0,644.198,622.673,4,0,PASS,native-300dpi no-dilation separated raw masks; PDF/vector bboxes are unexpanded,
REL_0002,PANEL_STATIONARY_MAP,SEM_CAPTION_PARENT,TEXT,85.591;583.228;498.338;599.098,SEM_CURVE_REFERENCE,TEXT,333.349;395.242;355.845;404.507,TEXT_TEXT,masks/semantic/SEM_CAPTION_PARENT.png,masks/semantic/SEM_CURVE_REFERENCE.png,0,766.010,744.698,4,0,PASS,native-300dpi no-dilation separated raw masks; PDF/vector bboxes are unexpanded,
REL_0003,PANEL_STATIONARY_MAP,SEM_CAPTION_PARENT,TEXT,85.591;583.228;498.338;599.098,SEM_FIXED_POINT,TEXT,243.760;471.181;275.653;481.776,TEXT_TEXT,masks/semantic/SEM_CAPTION_PARENT.png,masks/semantic/SEM_FIXED_POINT.png,0,446.000,422.734,4,0,PASS,native-300dpi no-dilation separated raw masks; PDF/vector bboxes are unexpanded,
REL_0004,PANEL_STATIONARY_MAP,SEM_CAPTION_PARENT,TEXT,85.591;583.228;498.338;599.098,SEM_INITIAL_HIGH,TEXT,320.584;537.219;354.404;547.655,TEXT_TEXT,masks/semantic/SEM_CAPTION_PARENT.png,masks/semantic/SEM_INITIAL_HIGH.png,0,175.026,148.228,4,0,PASS,native-300dpi no-dilation separated raw masks; PDF/vector bboxes are unexpanded,
REL_0005,PANEL_STATIONARY_MAP,SEM_CAPTION_PARENT,TEXT,85.591;583.228;498.338;599.098,SEM_INITIAL_LOW,TEXT,234.027;535.505;267.462;545.941,TEXT_TEXT,masks/semantic/SEM_CAPTION_PARENT.png,masks/semantic/SEM_INITIAL_LOW.png,0,176.000,155.370,4,0,PASS,native-300dpi no-dilation separated raw masks; PDF/vector bboxes are unexpanded,
REL_0006,PANEL_STATIONARY_MAP,SEM_CAPTION_PARENT,TEXT,85.591;583.228;498.338;599.098,SEM_NOTEBOX_PARENT,TEXT,284.738;512.383;334.654;533.159,TEXT_TEXT,masks/semantic/SEM_CAPTION_PARENT.png,masks/semantic/SEM_NOTEBOX_PARENT.png,0,231.009,208.630,4,0,PASS,native-300dpi no-dilation separated raw masks; PDF/vector bboxes are unexpanded,
REL_0007,PANEL_STATIONARY_MAP,SEM_CAPTION_PARENT,TEXT,85.591;583.228;498.338;599.098,SEM_XTICK_0,TEXT,214.711;556.045;219.738;564.713,TEXT_TEXT,masks/semantic/SEM_CAPTION_PARENT.png,masks/semantic/SEM_XTICK_0.png,0,100.000,77.151,4,0,PASS,native-300dpi no-dilation separated raw masks; PDF/vector bboxes are unexpanded,
REL_0008,PANEL_STATIONARY_MAP,SEM_CAPTION_PARENT,TEXT,85.591;583.228;498.338;599.098,SEM_XTICK_02,TEXT,243.589;556.062;255.697;564.730,TEXT_TEXT,masks/semantic/SEM_CAPTION_PARENT.png,masks/semantic/SEM_XTICK_02.png,0,100.000,77.080,4,0,PASS,native-300dpi no-dilation separated raw masks; PDF/vector bboxes are unexpanded,
REL_0009,PANEL_STATIONARY_MAP,SEM_CAPTION_PARENT,TEXT,85.591;583.228;498.338;599.098,SEM_XTICK_04,TEXT,275.835;556.053;288.290;564.721,TEXT_TEXT,masks/semantic/SEM_CAPTION_PARENT.png,masks/semantic/SEM_XTICK_04.png,0,102.044,77.117,4,0,PASS,native-300dpi no-dilation separated raw masks; PDF/vector bboxes are unexpanded,
REL_0010,PANEL_STATIONARY_MAP,SEM_CAPTION_PARENT,TEXT,85.591;583.228;498.338;599.098,SEM_XTICK_06,TEXT,308.340;556.071;320.622;564.739,TEXT_TEXT,masks/semantic/SEM_CAPTION_PARENT.png,masks/semantic/SEM_XTICK_06.png,0,104.361,77.042,4,0,PASS,native-300dpi no-dilation separated raw masks; PDF/vector bboxes are unexpanded,
REL_0011,PANEL_STATIONARY_MAP,SEM_CAPTION_PARENT,TEXT,85.591;583.228;498.338;599.098,SEM_XTICK_08,TEXT,340.842;556.080;352.959;564.748,TEXT_TEXT,masks/semantic/SEM_CAPTION_PARENT.png,masks/semantic/SEM_XTICK_08.png,0,106.042,77.005,4,0,PASS,native-300dpi no-dilation separated raw masks; PDF/vector bboxes are unexpanded,
REL_0012,PANEL_STATIONARY_MAP,SEM_CAPTION_PARENT,TEXT,85.591;583.228;498.338;599.098,SEM_XTICK_1,TEXT,377.113;556.027;381.525;564.695,TEXT_TEXT,masks/semantic/SEM_CAPTION_PARENT.png,masks/semantic/SEM_XTICK_1.png,0,101.044,77.226,4,0,PASS,native-300dpi no-dilation separated raw masks; PDF/vector bboxes are unexpanded,
REL_0013,PANEL_STATIONARY_MAP,SEM_CAPTION_PARENT,TEXT,85.591;583.228;498.338;599.098,SEM_X_AXIS_LABEL,TEXT,295.051;567.626;300.954;578.289,TEXT_TEXT,masks/semantic/SEM_CAPTION_PARENT.png,masks/semantic/SEM_X_AXIS_LABEL.png,0,41.107,20.581,4,0,PASS,native-300dpi no-dilation separated raw masks; PDF/vector bboxes are unexpanded,
REL_0014,PANEL_STATIONARY_MAP,SEM_CAPTION_PARENT,TEXT,85.591;583.228;498.338;599.098,SEM_YTICK_0,TEXT,206.235;547.128;211.262;555.796,TEXT_TEXT,masks/semantic/SEM_CAPTION_PARENT.png,masks/semantic/SEM_YTICK_0.png,0,137.004,114.306,4,0,PASS,native-300dpi no-dilation separated raw masks; PDF/vector bboxes are unexpanded,
REL_0015,PANEL_STATIONARY_MAP,SEM_CAPTION_PARENT,TEXT,85.591;583.228;498.338;599.098,SEM_YTICK_02,TEXT,199.154;514.717;211.262;523.385,TEXT_TEXT,masks/semantic/SEM_CAPTION_PARENT.png,masks/semantic/SEM_YTICK_02.png,0,272.007,249.357,4,0,PASS,native-300dpi no-dilation separated raw masks; PDF/vector bboxes are unexpanded,
REL_0016,PANEL_STATIONARY_MAP,SEM_CAPTION_PARENT,TEXT,85.591;583.228;498.338;599.098,SEM_YTICK_04,TEXT,198.807;482.294;211.262;490.962,TEXT_TEXT,masks/semantic/SEM_CAPTION_PARENT.png,masks/semantic/SEM_YTICK_04.png,0,407.001,384.457,4,0,PASS,native-300dpi no-dilation separated raw masks; PDF/vector bboxes are unexpanded,
REL_0017,PANEL_STATIONARY_MAP,SEM_CAPTION_PARENT,TEXT,85.591;583.228;498.338;599.098,SEM_YTICK_06,TEXT,198.981;449.879;211.263;458.547,TEXT_TEXT,masks/semantic/SEM_CAPTION_PARENT.png,masks/semantic/SEM_YTICK_06.png,0,542.000,519.525,4,0,PASS,native-300dpi no-dilation separated raw masks; PDF/vector bboxes are unexpanded,
REL_0018,PANEL_STATIONARY_MAP,SEM_CAPTION_PARENT,TEXT,85.591;583.228;498.338;599.098,SEM_YTICK_08,TEXT,199.145;417.465;211.262;426.133,TEXT_TEXT,masks/semantic/SEM_CAPTION_PARENT.png,masks/semantic/SEM_YTICK_08.png,0,678.000,654.588,4,0,PASS,native-300dpi no-dilation separated raw masks; PDF/vector bboxes are unexpanded,
REL_0019,PANEL_STATIONARY_MAP,SEM_CAPTION_PARENT,TEXT,85.591;583.228;498.338;599.098,SEM_YTICK_1,TEXT,206.851;385.080;211.263;393.748,TEXT_TEXT,masks/semantic/SEM_CAPTION_PARENT.png,masks/semantic/SEM_YTICK_1.png,0,813.000,789.530,4,0,PASS,native-300dpi no-dilation separated raw masks; PDF/vector bboxes are unexpanded,
REL_0020,PANEL_STATIONARY_MAP,SEM_CAPTION_PARENT,TEXT,85.591;583.228;498.338;599.098,SEM_Y_AXIS_LABEL,TEXT,181.919;462.534;192.582;477.524,TEXT_TEXT,masks/semantic/SEM_CAPTION_PARENT.png,masks/semantic/SEM_Y_AXIS_LABEL.png,0,457.001,440.451,4,0,PASS,native-300dpi no-dilation separated raw masks; PDF/vector bboxes are unexpanded,
REL_0021,PANEL_STATIONARY_MAP,SEM_CURVE_MAP,TEXT,339.820;424.527;399.266;433.792,SEM_CURVE_REFERENCE,TEXT,333.349;395.242;355.845;404.507,TEXT_TEXT,masks/semantic/SEM_CURVE_MAP.png,masks/semantic/SEM_CURVE_REFERENCE.png,0,92.984,83.419,4,0,PASS,native-300dpi no-dilation separated raw masks; PDF/vector bboxes are unexpanded,
REL_0022,PANEL_STATIONARY_MAP,SEM_CURVE_MAP,TEXT,339.820;424.527;399.266;433.792,SEM_FIXED_POINT,TEXT,243.760;471.181;275.653;481.776,TEXT_TEXT,masks/semantic/SEM_CURVE_MAP.png,masks/semantic/SEM_FIXED_POINT.png,0,319.028,309.503,4,0,PASS,native-300dpi no-dilation separated raw masks; PDF/vector bboxes are unexpanded,
REL_0023,PANEL_STATIONARY_MAP,SEM_CURVE_MAP,TEXT,339.820;424.527;399.266;433.792,SEM_INITIAL_HIGH,TEXT,320.584;537.219;354.404;547.655,TEXT_TEXT,masks/semantic/SEM_CURVE_MAP.png,masks/semantic/SEM_INITIAL_HIGH.png,0,434.460,430.960,4,0,PASS,native-300dpi no-dilation separated raw masks; PDF/vector bboxes are unexpanded,
REL_0024,PANEL_STATIONARY_MAP,SEM_CURVE_MAP,TEXT,339.820;424.527;399.266;433.792,SEM_INITIAL_LOW,TEXT,234.027;535.505;267.462;545.941,TEXT_TEXT,masks/semantic/SEM_CURVE_MAP.png,masks/semantic/SEM_INITIAL_LOW.png,0,526.186,520.161,4,0,PASS,native-300dpi no-dilation separated raw masks; PDF/vector bboxes are unexpanded,
REL_0025,PANEL_STATIONARY_MAP,SEM_CURVE_MAP,TEXT,339.820;424.527;399.266;433.792,SEM_NOTEBOX_PARENT,TEXT,284.738;512.383;334.654;533.159,TEXT_TEXT,masks/semantic/SEM_CURVE_MAP.png,masks/semantic/SEM_NOTEBOX_PARENT.png,0,333.631,328.183,4,0,PASS,native-300dpi no-dilation separated raw masks; PDF/vector bboxes are unexpanded,
REL_0026,PANEL_STATIONARY_MAP,SEM_CURVE_MAP,TEXT,339.820;424.527;399.266;433.792,SEM_XTICK_0,TEXT,214.711;556.045;219.738;564.713,TEXT_TEXT,masks/semantic/SEM_CURVE_MAP.png,masks/semantic/SEM_XTICK_0.png,0,722.398,714.125,4,0,PASS,native-300dpi no-dilation separated raw masks; PDF/vector bboxes are unexpanded,
REL_0027,PANEL_STATIONARY_MAP,SEM_CURVE_MAP,TEXT,339.820;424.527;399.266;433.792,SEM_XTICK_02,TEXT,243.589;556.062;255.697;564.730,TEXT_TEXT,masks/semantic/SEM_CURVE_MAP.png,masks/semantic/SEM_XTICK_02.png,0,625.891,618.460,4,0,PASS,native-300dpi no-dilation separated raw masks; PDF/vector bboxes are unexpanded,
REL_0028,PANEL_STATIONARY_MAP,SEM_CURVE_MAP,TEXT,339.820;424.527;399.266;433.792,SEM_XTICK_04,TEXT,275.835;556.053;288.290;564.721,TEXT_TEXT,masks/semantic/SEM_CURVE_MAP.png,masks/semantic/SEM_XTICK_04.png,0,558.373,552.860,4,0,PASS,native-300dpi no-dilation separated raw masks; PDF/vector bboxes are unexpanded,
REL_0029,PANEL_STATIONARY_MAP,SEM_CURVE_MAP,TEXT,339.820;424.527;399.266;433.792,SEM_XTICK_06,TEXT,308.340;556.071;320.622;564.739,TEXT_TEXT,masks/semantic/SEM_CURVE_MAP.png,masks/semantic/SEM_XTICK_06.png,0,519.325,515.760,4,0,PASS,native-300dpi no-dilation separated raw masks; PDF/vector bboxes are unexpanded,
REL_0030,PANEL_STATIONARY_MAP,SEM_CURVE_MAP,TEXT,339.820;424.527;399.266;433.792,SEM_XTICK_08,TEXT,340.842;556.080;352.959;564.748,TEXT_TEXT,masks/semantic/SEM_CURVE_MAP.png,masks/semantic/SEM_XTICK_08.png,0,512.097,509.553,4,0,PASS,native-300dpi no-dilation separated raw masks; PDF/vector bboxes are unexpanded,
REL_0031,PANEL_STATIONARY_MAP,SEM_CURVE_MAP,TEXT,339.820;424.527;399.266;433.792,SEM_XTICK_1,TEXT,377.113;556.027;381.525;564.695,TEXT_TEXT,masks/semantic/SEM_CURVE_MAP.png,masks/semantic/SEM_XTICK_1.png,0,519.138,509.332,4,0,PASS,native-300dpi no-dilation separated raw masks; PDF/vector bboxes are unexpanded,
REL_0032,PANEL_STATIONARY_MAP,SEM_CURVE_MAP,TEXT,339.820;424.527;399.266;433.792,SEM_X_AXIS_LABEL,TEXT,295.051;567.626;300.954;578.289,TEXT_TEXT,masks/semantic/SEM_CURVE_MAP.png,masks/semantic/SEM_X_AXIS_LABEL.png,0,594.303,580.711,4,0,PASS,native-300dpi no-dilation separated raw masks; PDF/vector bboxes are unexpanded,
REL_0033,PANEL_STATIONARY_MAP,SEM_CURVE_MAP,TEXT,339.820;424.527;399.266;433.792,SEM_YTICK_0,TEXT,206.235;547.128;211.262;555.796,TEXT_TEXT,masks/semantic/SEM_CURVE_MAP.png,masks/semantic/SEM_YTICK_0.png,0,722.243,714.219,4,0,PASS,native-300dpi no-dilation separated raw masks; PDF/vector bboxes are unexpanded,
REL_0034,PANEL_STATIONARY_MAP,SEM_CURVE_MAP,TEXT,339.820;424.527;399.266;433.792,SEM_YTICK_02,TEXT,199.154;514.717;211.262;523.385,TEXT_TEXT,masks/semantic/SEM_CURVE_MAP.png,masks/semantic/SEM_YTICK_02.png,0,639.800,633.080,4,0,PASS,native-300dpi no-dilation separated raw masks; PDF/vector bboxes are unexpanded,
REL_0035,PANEL_STATIONARY_MAP,SEM_CURVE_MAP,TEXT,339.820;424.527;399.266;433.792,SEM_YTICK_04,TEXT,198.807;482.294;211.262;490.962,TEXT_TEXT,masks/semantic/SEM_CURVE_MAP.png,masks/semantic/SEM_YTICK_04.png,0,579.184,572.653,4,0,PASS,native-300dpi no-dilation separated raw masks; PDF/vector bboxes are unexpanded,
REL_0036,PANEL_STATIONARY_MAP,SEM_CURVE_MAP,TEXT,339.820;424.527;399.266;433.792,SEM_YTICK_06,TEXT,198.981;449.879;211.263;458.547,TEXT_TEXT,masks/semantic/SEM_CURVE_MAP.png,masks/semantic/SEM_YTICK_06.png,0,543.912,539.979,4,0,PASS,native-300dpi no-dilation separated raw masks; PDF/vector bboxes are unexpanded,
REL_0037,PANEL_STATIONARY_MAP,SEM_CURVE_MAP,TEXT,339.820;424.527;399.266;433.792,SEM_YTICK_08,TEXT,199.145;417.465;211.262;426.133,TEXT_TEXT,masks/semantic/SEM_CURVE_MAP.png,masks/semantic/SEM_YTICK_08.png,0,538.485,535.805,4,0,PASS,native-300dpi no-dilation separated raw masks; PDF/vector bboxes are unexpanded,
REL_0038,PANEL_STATIONARY_MAP,SEM_CURVE_MAP,TEXT,339.820;424.527;399.266;433.792,SEM_YTICK_1,TEXT,206.851;385.080;211.263;393.748,TEXT_TEXT,masks/semantic/SEM_CURVE_MAP.png,masks/semantic/SEM_YTICK_1.png,0,560.581,550.938,4,0,PASS,native-300dpi no-dilation separated raw masks; PDF/vector bboxes are unexpanded,
REL_0039,PANEL_STATIONARY_MAP,SEM_CURVE_MAP,TEXT,339.820;424.527;399.266;433.792,SEM_Y_AXIS_LABEL,TEXT,181.919;462.534;192.582;477.524,TEXT_TEXT,masks/semantic/SEM_CURVE_MAP.png,masks/semantic/SEM_Y_AXIS_LABEL.png,0,633.240,625.237,4,0,PASS,native-300dpi no-dilation separated raw masks; PDF/vector bboxes are unexpanded,
REL_0040,PANEL_STATIONARY_MAP,SEM_CURVE_REFERENCE,TEXT,333.349;395.242;355.845;404.507,SEM_FIXED_POINT,TEXT,243.760;471.181;275.653;481.776,TEXT_TEXT,masks/semantic/SEM_CURVE_REFERENCE.png,masks/semantic/SEM_FIXED_POINT.png,0,378.522,367.431,4,0,PASS,native-300dpi no-dilation separated raw masks; PDF/vector bboxes are unexpanded,
REL_0041,PANEL_STATIONARY_MAP,SEM_CURVE_REFERENCE,TEXT,333.349;395.242;355.845;404.507,SEM_INITIAL_HIGH,TEXT,320.584;537.219;354.404;547.655,TEXT_TEXT,masks/semantic/SEM_CURVE_REFERENCE.png,masks/semantic/SEM_INITIAL_HIGH.png,0,557.979,552.985,4,0,PASS,native-300dpi no-dilation separated raw masks; PDF/vector bboxes are unexpanded,
REL_0042,PANEL_STATIONARY_MAP,SEM_CURVE_REFERENCE,TEXT,333.349;395.242;355.845;404.507,SEM_INITIAL_LOW,TEXT,234.027;535.505;267.462;545.941,TEXT_TEXT,masks/semantic/SEM_CURVE_REFERENCE.png,masks/semantic/SEM_INITIAL_LOW.png,0,617.052,611.025,4,0,PASS,native-300dpi no-dilation separated raw masks; PDF/vector bboxes are unexpanded,
REL_0043,PANEL_STATIONARY_MAP,SEM_CURVE_REFERENCE,TEXT,333.349;395.242;355.845;404.507,SEM_NOTEBOX_PARENT,TEXT,284.738;512.383;334.654;533.159,TEXT_TEXT,masks/semantic/SEM_CURVE_REFERENCE.png,masks/semantic/SEM_NOTEBOX_PARENT.png,0,454.040,449.501,4,0,PASS,native-300dpi no-dilation separated raw masks; PDF/vector bboxes are unexpanded,
REL_0044,PANEL_STATIONARY_MAP,SEM_CURVE_REFERENCE,TEXT,333.349;395.242;355.845;404.507,SEM_XTICK_0,TEXT,214.711;556.045;219.738;564.713,TEXT_TEXT,masks/semantic/SEM_CURVE_REFERENCE.png,masks/semantic/SEM_XTICK_0.png,0,797.401,789.251,4,0,PASS,native-300dpi no-dilation separated raw masks; PDF/vector bboxes are unexpanded,
REL_0045,PANEL_STATIONARY_MAP,SEM_CURVE_REFERENCE,TEXT,333.349;395.242;355.845;404.507,SEM_XTICK_02,TEXT,243.589;556.062;255.697;564.730,TEXT_TEXT,masks/semantic/SEM_CURVE_REFERENCE.png,masks/semantic/SEM_XTICK_02.png,0,716.834,709.603,4,0,PASS,native-300dpi no-dilation separated raw masks; PDF/vector bboxes are unexpanded,
REL_0046,PANEL_STATIONARY_MAP,SEM_CURVE_REFERENCE,TEXT,333.349;395.242;355.845;404.507,SEM_XTICK_04,TEXT,275.835;556.053;288.290;564.721,TEXT_TEXT,masks/semantic/SEM_CURVE_REFERENCE.png,masks/semantic/SEM_XTICK_04.png,0,663.561,658.799,4,0,PASS,native-300dpi no-dilation separated raw masks; PDF/vector bboxes are unexpanded,
REL_0047,PANEL_STATIONARY_MAP,SEM_CURVE_REFERENCE,TEXT,333.349;395.242;355.845;404.507,SEM_XTICK_06,TEXT,308.340;556.071;320.622;564.739,TEXT_TEXT,masks/semantic/SEM_CURVE_REFERENCE.png,masks/semantic/SEM_XTICK_06.png,0,636.828,633.764,4,0,PASS,native-300dpi no-dilation separated raw masks; PDF/vector bboxes are unexpanded,
REL_0048,PANEL_STATIONARY_MAP,SEM_CURVE_REFERENCE,TEXT,333.349;395.242;355.845;404.507,SEM_XTICK_08,TEXT,340.842;556.080;352.959;564.748,TEXT_TEXT,masks/semantic/SEM_CURVE_REFERENCE.png,masks/semantic/SEM_XTICK_08.png,0,635.077,631.578,4,0,PASS,native-300dpi no-dilation separated raw masks; PDF/vector bboxes are unexpanded,
REL_0049,PANEL_STATIONARY_MAP,SEM_CURVE_REFERENCE,TEXT,333.349;395.242;355.845;404.507,SEM_XTICK_1,TEXT,377.113;556.027;381.525;564.695,TEXT_TEXT,masks/semantic/SEM_CURVE_REFERENCE.png,masks/semantic/SEM_XTICK_1.png,0,652.496,637.549,4,0,PASS,native-300dpi no-dilation separated raw masks; PDF/vector bboxes are unexpanded,
REL_0050,PANEL_STATIONARY_MAP,SEM_CURVE_REFERENCE,TEXT,333.349;395.242;355.845;404.507,SEM_X_AXIS_LABEL,TEXT,295.051;567.626;300.954;578.289,TEXT_TEXT,masks/semantic/SEM_CURVE_REFERENCE.png,masks/semantic/SEM_X_AXIS_LABEL.png,0,705.672,692.966,4,0,PASS,native-300dpi no-dilation separated raw masks; PDF/vector bboxes are unexpanded,
REL_0051,PANEL_STATIONARY_MAP,SEM_CURVE_REFERENCE,TEXT,333.349;395.242;355.845;404.507,SEM_YTICK_0,TEXT,206.235;547.128;211.262;555.796,TEXT_TEXT,masks/semantic/SEM_CURVE_REFERENCE.png,masks/semantic/SEM_YTICK_0.png,0,790.471,782.354,4,0,PASS,native-300dpi no-dilation separated raw masks; PDF/vector bboxes are unexpanded,
REL_0052,PANEL_STATIONARY_MAP,SEM_CURVE_REFERENCE,TEXT,333.349;395.242;355.845;404.507,SEM_YTICK_02,TEXT,199.154;514.717;211.262;523.385,TEXT_TEXT,masks/semantic/SEM_CURVE_REFERENCE.png,masks/semantic/SEM_YTICK_02.png,0,692.728,685.420,4,0,PASS,native-300dpi no-dilation separated raw masks; PDF/vector bboxes are unexpanded,
REL_0053,PANEL_STATIONARY_MAP,SEM_CURVE_REFERENCE,TEXT,333.349;395.242;355.845;404.507,SEM_YTICK_04,TEXT,198.807;482.294;211.262;490.962,TEXT_TEXT,masks/semantic/SEM_CURVE_REFERENCE.png,masks/semantic/SEM_YTICK_04.png,0,610.119,603.300,4,0,PASS,native-300dpi no-dilation separated raw masks; PDF/vector bboxes are unexpanded,
REL_0054,PANEL_STATIONARY_MAP,SEM_CURVE_REFERENCE,TEXT,333.349;395.242;355.845;404.507,SEM_YTICK_06,TEXT,198.981;449.879;211.263;458.547,TEXT_TEXT,masks/semantic/SEM_CURVE_REFERENCE.png,masks/semantic/SEM_YTICK_06.png,0,547.811,542.820,4,0,PASS,native-300dpi no-dilation separated raw masks; PDF/vector bboxes are unexpanded,
REL_0055,PANEL_STATIONARY_MAP,SEM_CURVE_REFERENCE,TEXT,333.349;395.242;355.845;404.507,SEM_YTICK_08,TEXT,199.145;417.465;211.262;426.133,TEXT_TEXT,masks/semantic/SEM_CURVE_REFERENCE.png,masks/semantic/SEM_YTICK_08.png,0,514.740,511.692,4,0,PASS,native-300dpi no-dilation separated raw masks; PDF/vector bboxes are unexpanded,
REL_0056,PANEL_STATIONARY_MAP,SEM_CURVE_REFERENCE,TEXT,333.349;395.242;355.845;404.507,SEM_YTICK_1,TEXT,206.851;385.080;211.263;393.748,TEXT_TEXT,masks/semantic/SEM_CURVE_REFERENCE.png,masks/semantic/SEM_YTICK_1.png,0,514.241,508.871,4,0,PASS,native-300dpi no-dilation separated raw masks; PDF/vector bboxes are unexpanded,
REL_0057,PANEL_STATIONARY_MAP,SEM_CURVE_REFERENCE,TEXT,333.349;395.242;355.845;404.507,SEM_Y_AXIS_LABEL,TEXT,181.919;462.534;192.582;477.524,TEXT_TEXT,masks/semantic/SEM_CURVE_REFERENCE.png,masks/semantic/SEM_Y_AXIS_LABEL.png,0,642.849,634.560,4,0,PASS,native-300dpi no-dilation separated raw masks; PDF/vector bboxes are unexpanded,
REL_0058,PANEL_STATIONARY_MAP,SEM_FIXED_POINT,TEXT,243.760;471.181;275.653;481.776,SEM_INITIAL_HIGH,TEXT,320.584;537.219;354.404;547.655,TEXT_TEXT,masks/semantic/SEM_FIXED_POINT.png,masks/semantic/SEM_INITIAL_HIGH.png,0,316.057,297.385,4,0,PASS,native-300dpi no-dilation separated raw masks; PDF/vector bboxes are unexpanded,
REL_0059,PANEL_STATIONARY_MAP,SEM_FIXED_POINT,TEXT,243.760;471.181;275.653;481.776,SEM_INITIAL_LOW,TEXT,234.027;535.505;267.462;545.941,TEXT_TEXT,masks/semantic/SEM_FIXED_POINT.png,masks/semantic/SEM_INITIAL_LOW.png,0,235.932,223.879,4,0,PASS,native-300dpi no-dilation separated raw masks; PDF/vector bboxes are unexpanded,
REL_0060,PANEL_STATIONARY_MAP,SEM_FIXED_POINT,TEXT,243.760;471.181;275.653;481.776,SEM_NOTEBOX_PARENT,TEXT,284.738;512.383;334.654;533.159,TEXT_TEXT,masks/semantic/SEM_FIXED_POINT.png,masks/semantic/SEM_NOTEBOX_PARENT.png,0,146.472,133.038,4,0,PASS,native-300dpi no-dilation separated raw masks; PDF/vector bboxes are unexpanded,
REL_0061,PANEL_STATIONARY_MAP,SEM_FIXED_POINT,TEXT,243.760;471.181;275.653;481.776,SEM_XTICK_0,TEXT,214.711;556.045;219.738;564.713,TEXT_TEXT,masks/semantic/SEM_FIXED_POINT.png,masks/semantic/SEM_XTICK_0.png,0,339.896,325.260,4,0,PASS,native-300dpi no-dilation separated raw masks; PDF/vector bboxes are unexpanded,
REL_0062,PANEL_STATIONARY_MAP,SEM_FIXED_POINT,TEXT,243.760;471.181;275.653;481.776,SEM_XTICK_02,TEXT,243.589;556.062;255.697;564.730,TEXT_TEXT,masks/semantic/SEM_FIXED_POINT.png,masks/semantic/SEM_XTICK_02.png,0,321.039,309.538,4,0,PASS,native-300dpi no-dilation separated raw masks; PDF/vector bboxes are unexpanded,
REL_0063,PANEL_STATIONARY_MAP,SEM_FIXED_POINT,TEXT,243.760;471.181;275.653;481.776,SEM_XTICK_04,TEXT,275.835;556.053;288.290;564.721,TEXT_TEXT,masks/semantic/SEM_FIXED_POINT.png,masks/semantic/SEM_XTICK_04.png,0,321.397,309.502,4,0,PASS,native-300dpi no-dilation separated raw masks; PDF/vector bboxes are unexpanded,
REL_0064,PANEL_STATIONARY_MAP,SEM_FIXED_POINT,TEXT,243.760;471.181;275.653;481.776,SEM_XTICK_06,TEXT,308.340;556.071;320.622;564.739,TEXT_TEXT,masks/semantic/SEM_FIXED_POINT.png,masks/semantic/SEM_XTICK_06.png,0,353.877,338.225,4,0,PASS,native-300dpi no-dilation separated raw masks; PDF/vector bboxes are unexpanded,
REL_0065,PANEL_STATIONARY_MAP,SEM_FIXED_POINT,TEXT,243.760;471.181;275.653;481.776,SEM_XTICK_08,TEXT,340.842;556.080;352.959;564.748,TEXT_TEXT,masks/semantic/SEM_FIXED_POINT.png,masks/semantic/SEM_XTICK_08.png,0,428.439,411.920,4,0,PASS,native-300dpi no-dilation separated raw masks; PDF/vector bboxes are unexpanded,
REL_0066,PANEL_STATIONARY_MAP,SEM_FIXED_POINT,TEXT,243.760;471.181;275.653;481.776,SEM_XTICK_1,TEXT,377.113;556.027;381.525;564.695,TEXT_TEXT,masks/semantic/SEM_FIXED_POINT.png,masks/semantic/SEM_XTICK_1.png,0,538.200,523.964,4,0,PASS,native-300dpi no-dilation separated raw masks; PDF/vector bboxes are unexpanded,
REL_0067,PANEL_STATIONARY_MAP,SEM_FIXED_POINT,TEXT,243.760;471.181;275.653;481.776,SEM_X_AXIS_LABEL,TEXT,295.051;567.626;300.954;578.289,TEXT_TEXT,masks/semantic/SEM_FIXED_POINT.png,masks/semantic/SEM_X_AXIS_LABEL.png,0,387.108,366.743,4,0,PASS,native-300dpi no-dilation separated raw masks; PDF/vector bboxes are unexpanded,
REL_0068,PANEL_STATIONARY_MAP,SEM_FIXED_POINT,TEXT,243.760;471.181;275.653;481.776,SEM_YTICK_0,TEXT,206.235;547.128;211.262;555.796,TEXT_TEXT,masks/semantic/SEM_FIXED_POINT.png,masks/semantic/SEM_YTICK_0.png,0,319.206,304.137,4,0,PASS,native-300dpi no-dilation separated raw masks; PDF/vector bboxes are unexpanded,
REL_0069,PANEL_STATIONARY_MAP,SEM_FIXED_POINT,TEXT,243.760;471.181;275.653;481.776,SEM_YTICK_02,TEXT,199.154;514.717;211.262;523.385,TEXT_TEXT,masks/semantic/SEM_FIXED_POINT.png,masks/semantic/SEM_YTICK_02.png,0,206.328,192.836,4,0,PASS,native-300dpi no-dilation separated raw masks; PDF/vector bboxes are unexpanded,
REL_0070,PANEL_STATIONARY_MAP,SEM_FIXED_POINT,TEXT,243.760;471.181;275.653;481.776,SEM_YTICK_04,TEXT,198.807;482.294;211.262;490.962,TEXT_TEXT,masks/semantic/SEM_FIXED_POINT.png,masks/semantic/SEM_YTICK_04.png,0,140.439,135.462,4,0,PASS,native-300dpi no-dilation separated raw masks; PDF/vector bboxes are unexpanded,
REL_0071,PANEL_STATIONARY_MAP,SEM_FIXED_POINT,TEXT,243.760;471.181;275.653;481.776,SEM_YTICK_06,TEXT,198.981;449.879;211.263;458.547,TEXT_TEXT,masks/semantic/SEM_FIXED_POINT.png,masks/semantic/SEM_YTICK_06.png,0,160.744,145.313,4,0,PASS,native-300dpi no-dilation separated raw masks; PDF/vector bboxes are unexpanded,
REL_0072,PANEL_STATIONARY_MAP,SEM_FIXED_POINT,TEXT,243.760;471.181;275.653;481.776,SEM_YTICK_08,TEXT,199.145;417.465;211.262;426.133,TEXT_TEXT,masks/semantic/SEM_FIXED_POINT.png,masks/semantic/SEM_YTICK_08.png,0,255.827,231.472,4,0,PASS,native-300dpi no-dilation separated raw masks; PDF/vector bboxes are unexpanded,
REL_0073,PANEL_STATIONARY_MAP,SEM_FIXED_POINT,TEXT,243.760;471.181;275.653;481.776,SEM_YTICK_1,TEXT,206.851;385.080;211.263;393.748,TEXT_TEXT,masks/semantic/SEM_FIXED_POINT.png,masks/semantic/SEM_YTICK_1.png,0,373.817,349.924,4,0,PASS,native-300dpi no-dilation separated raw masks; PDF/vector bboxes are unexpanded,
REL_0074,PANEL_STATIONARY_MAP,SEM_FIXED_POINT,TEXT,243.760;471.181;275.653;481.776,SEM_Y_AXIS_LABEL,TEXT,181.919;462.534;192.582;477.524,TEXT_TEXT,masks/semantic/SEM_FIXED_POINT.png,masks/semantic/SEM_Y_AXIS_LABEL.png,0,221.081,213.299,4,0,PASS,native-300dpi no-dilation separated raw masks; PDF/vector bboxes are unexpanded,
REL_0075,PANEL_STATIONARY_MAP,SEM_INITIAL_HIGH,TEXT,320.584;537.219;354.404;547.655,SEM_INITIAL_LOW,TEXT,234.027;535.505;267.462;545.941,TEXT_TEXT,masks/semantic/SEM_INITIAL_HIGH.png,masks/semantic/SEM_INITIAL_LOW.png,0,225.221,221.401,4,0,PASS,native-300dpi no-dilation separated raw masks; PDF/vector bboxes are unexpanded,
REL_0076,PANEL_STATIONARY_MAP,SEM_INITIAL_HIGH,TEXT,320.584;537.219;354.404;547.655,SEM_NOTEBOX_PARENT,TEXT,284.738;512.383;334.654;533.159,TEXT_TEXT,masks/semantic/SEM_INITIAL_HIGH.png,masks/semantic/SEM_NOTEBOX_PARENT.png,0,33.000,16.917,4,0,PASS,native-300dpi no-dilation separated raw masks; PDF/vector bboxes are unexpanded,
REL_0077,PANEL_STATIONARY_MAP,SEM_INITIAL_HIGH,TEXT,320.584;537.219;354.404;547.655,SEM_XTICK_0,TEXT,214.711;556.045;219.738;564.713,TEXT_TEXT,masks/semantic/SEM_INITIAL_HIGH.png,masks/semantic/SEM_XTICK_0.png,0,427.803,421.758,4,0,PASS,native-300dpi no-dilation separated raw masks; PDF/vector bboxes are unexpanded,
REL_0078,PANEL_STATIONARY_MAP,SEM_INITIAL_HIGH,TEXT,320.584;537.219;354.404;547.655,SEM_XTICK_02,TEXT,243.589;556.062;255.697;564.730,TEXT_TEXT,masks/semantic/SEM_INITIAL_HIGH.png,masks/semantic/SEM_XTICK_02.png,0,280.050,272.694,4,0,PASS,native-300dpi no-dilation separated raw masks; PDF/vector bboxes are unexpanded,
REL_0079,PANEL_STATIONARY_MAP,SEM_INITIAL_HIGH,TEXT,320.584;537.219;354.404;547.655,SEM_XTICK_04,TEXT,275.835;556.053;288.290;564.721,TEXT_TEXT,masks/semantic/SEM_INITIAL_HIGH.png,masks/semantic/SEM_XTICK_04.png,0,150.568,139.070,4,0,PASS,native-300dpi no-dilation separated raw masks; PDF/vector bboxes are unexpanded,
REL_0080,PANEL_STATIONARY_MAP,SEM_INITIAL_HIGH,TEXT,320.584;537.219;354.404;547.655,SEM_XTICK_06,TEXT,308.340;556.071;320.622;564.739,TEXT_TEXT,masks/semantic/SEM_INITIAL_HIGH.png,masks/semantic/SEM_XTICK_06.png,0,51.479,35.070,4,0,PASS,native-300dpi no-dilation separated raw masks; PDF/vector bboxes are unexpanded,
REL_0081,PANEL_STATIONARY_MAP,SEM_INITIAL_HIGH,TEXT,320.584;537.219;354.404;547.655,SEM_XTICK_08,TEXT,340.842;556.080;352.959;564.748,TEXT_TEXT,masks/semantic/SEM_INITIAL_HIGH.png,masks/semantic/SEM_XTICK_08.png,0,51.010,35.107,4,0,PASS,native-300dpi no-dilation separated raw masks; PDF/vector bboxes are unexpanded,
REL_0082,PANEL_STATIONARY_MAP,SEM_INITIAL_HIGH,TEXT,320.584;537.219;354.404;547.655,SEM_XTICK_1,TEXT,377.113;556.027;381.525;564.695,TEXT_TEXT,masks/semantic/SEM_INITIAL_HIGH.png,masks/semantic/SEM_XTICK_1.png,0,116.337,100.870,4,0,PASS,native-300dpi no-dilation separated raw masks; PDF/vector bboxes are unexpanded,
REL_0083,PANEL_STATIONARY_MAP,SEM_INITIAL_HIGH,TEXT,320.584;537.219;354.404;547.655,SEM_X_AXIS_LABEL,TEXT,295.051;567.626;300.954;578.289,TEXT_TEXT,masks/semantic/SEM_INITIAL_HIGH.png,masks/semantic/SEM_X_AXIS_LABEL.png,0,142.934,116.698,4,0,PASS,native-300dpi no-dilation separated raw masks; PDF/vector bboxes are unexpanded,
REL_0084,PANEL_STATIONARY_MAP,SEM_INITIAL_HIGH,TEXT,320.584;537.219;354.404;547.655,SEM_YTICK_0,TEXT,206.235;547.128;211.262;555.796,TEXT_TEXT,masks/semantic/SEM_INITIAL_HIGH.png,masks/semantic/SEM_YTICK_0.png,0,458.793,455.633,4,0,PASS,native-300dpi no-dilation separated raw masks; PDF/vector bboxes are unexpanded,
REL_0085,PANEL_STATIONARY_MAP,SEM_INITIAL_HIGH,TEXT,320.584;537.219;354.404;547.655,SEM_YTICK_02,TEXT,199.154;514.717;211.262;523.385,TEXT_TEXT,masks/semantic/SEM_INITIAL_HIGH.png,masks/semantic/SEM_YTICK_02.png,0,465.734,459.264,4,0,PASS,native-300dpi no-dilation separated raw masks; PDF/vector bboxes are unexpanded,
REL_0086,PANEL_STATIONARY_MAP,SEM_INITIAL_HIGH,TEXT,320.584;537.219;354.404;547.655,SEM_YTICK_04,TEXT,198.807;482.294;211.262;490.962,TEXT_TEXT,masks/semantic/SEM_INITIAL_HIGH.png,masks/semantic/SEM_YTICK_04.png,0,507.189,494.724,4,0,PASS,native-300dpi no-dilation separated raw masks; PDF/vector bboxes are unexpanded,
REL_0087,PANEL_STATIONARY_MAP,SEM_INITIAL_HIGH,TEXT,320.584;537.219;354.404;547.655,SEM_YTICK_06,TEXT,198.981;449.879;211.263;458.547,TEXT_TEXT,masks/semantic/SEM_INITIAL_HIGH.png,masks/semantic/SEM_YTICK_06.png,0,577.206,561.301,4,0,PASS,native-300dpi no-dilation separated raw masks; PDF/vector bboxes are unexpanded,
REL_0088,PANEL_STATIONARY_MAP,SEM_INITIAL_HIGH,TEXT,320.584;537.219;354.404;547.655,SEM_YTICK_08,TEXT,199.145;417.465;211.262;426.133,TEXT_TEXT,masks/semantic/SEM_INITIAL_HIGH.png,masks/semantic/SEM_YTICK_08.png,0,667.351,649.503,4,0,PASS,native-300dpi no-dilation separated raw masks; PDF/vector bboxes are unexpanded,
REL_0089,PANEL_STATIONARY_MAP,SEM_INITIAL_HIGH,TEXT,320.584;537.219;354.404;547.655,SEM_YTICK_1,TEXT,206.851;385.080;211.263;393.748,TEXT_TEXT,masks/semantic/SEM_INITIAL_HIGH.png,masks/semantic/SEM_YTICK_1.png,0,769.000,751.654,4,0,PASS,native-300dpi no-dilation separated raw masks; PDF/vector bboxes are unexpanded,
REL_0090,PANEL_STATIONARY_MAP,SEM_INITIAL_HIGH,TEXT,320.584;537.219;354.404;547.655,SEM_Y_AXIS_LABEL,TEXT,181.919;462.534;192.582;477.524,TEXT_TEXT,masks/semantic/SEM_INITIAL_HIGH.png,masks/semantic/SEM_Y_AXIS_LABEL.png,0,607.215,588.625,4,0,PASS,native-300dpi no-dilation separated raw masks; PDF/vector bboxes are unexpanded,
REL_0091,PANEL_STATIONARY_MAP,SEM_INITIAL_LOW,TEXT,234.027;535.505;267.462;545.941,SEM_NOTEBOX_PARENT,TEXT,284.738;512.383;334.654;533.159,TEXT_TEXT,masks/semantic/SEM_INITIAL_LOW.png,masks/semantic/SEM_NOTEBOX_PARENT.png,0,103.690,72.662,4,0,PASS,native-300dpi no-dilation separated raw masks; PDF/vector bboxes are unexpanded,
REL_0092,PANEL_STATIONARY_MAP,SEM_INITIAL_LOW,TEXT,234.027;535.505;267.462;545.941,SEM_XTICK_0,TEXT,214.711;556.045;219.738;564.713,TEXT_TEXT,masks/semantic/SEM_INITIAL_LOW.png,masks/semantic/SEM_XTICK_0.png,0,90.967,72.933,4,0,PASS,native-300dpi no-dilation separated raw masks; PDF/vector bboxes are unexpanded,
REL_0093,PANEL_STATIONARY_MAP,SEM_INITIAL_LOW,TEXT,234.027;535.505;267.462;545.941,SEM_XTICK_02,TEXT,243.589;556.062;255.697;564.730,TEXT_TEXT,masks/semantic/SEM_INITIAL_LOW.png,masks/semantic/SEM_XTICK_02.png,0,54.027,42.174,4,0,PASS,native-300dpi no-dilation separated raw masks; PDF/vector bboxes are unexpanded,
REL_0094,PANEL_STATIONARY_MAP,SEM_INITIAL_LOW,TEXT,234.027;535.505;267.462;545.941,SEM_XTICK_04,TEXT,275.835;556.053;288.290;564.721,TEXT_TEXT,masks/semantic/SEM_INITIAL_LOW.png,masks/semantic/SEM_XTICK_04.png,0,76.621,54.710,4,0,PASS,native-300dpi no-dilation separated raw masks; PDF/vector bboxes are unexpanded,
REL_0095,PANEL_STATIONARY_MAP,SEM_INITIAL_LOW,TEXT,234.027;535.505;267.462;545.941,SEM_XTICK_06,TEXT,308.340;556.071;320.622;564.739,TEXT_TEXT,masks/semantic/SEM_INITIAL_LOW.png,masks/semantic/SEM_XTICK_06.png,0,187.481,175.521,4,0,PASS,native-300dpi no-dilation separated raw masks; PDF/vector bboxes are unexpanded,
REL_0096,PANEL_STATIONARY_MAP,SEM_INITIAL_LOW,TEXT,234.027;535.505;267.462;545.941,SEM_XTICK_08,TEXT,340.842;556.080;352.959;564.748,TEXT_TEXT,masks/semantic/SEM_INITIAL_LOW.png,masks/semantic/SEM_XTICK_08.png,0,317.780,308.737,4,0,PASS,native-300dpi no-dilation separated raw masks; PDF/vector bboxes are unexpanded,
REL_0097,PANEL_STATIONARY_MAP,SEM_INITIAL_LOW,TEXT,234.027;535.505;267.462;545.941,SEM_XTICK_1,TEXT,377.113;556.027;381.525;564.695,TEXT_TEXT,masks/semantic/SEM_INITIAL_LOW.png,masks/semantic/SEM_XTICK_1.png,0,466.680,458.932,4,0,PASS,native-300dpi no-dilation separated raw masks; PDF/vector bboxes are unexpanded,
REL_0098,PANEL_STATIONARY_MAP,SEM_INITIAL_LOW,TEXT,234.027;535.505;267.462;545.941,SEM_X_AXIS_LABEL,TEXT,295.051;567.626;300.954;578.289,TEXT_TEXT,masks/semantic/SEM_INITIAL_LOW.png,masks/semantic/SEM_X_AXIS_LABEL.png,0,168.706,146.239,4,0,PASS,native-300dpi no-dilation separated raw masks; PDF/vector bboxes are unexpanded,
REL_0099,PANEL_STATIONARY_MAP,SEM_INITIAL_LOW,TEXT,234.027;535.505;267.462;545.941,SEM_YTICK_0,TEXT,206.235;547.128;211.262;555.796,TEXT_TEXT,masks/semantic/SEM_INITIAL_LOW.png,masks/semantic/SEM_YTICK_0.png,0,103.403,95.009,4,0,PASS,native-300dpi no-dilation separated raw masks; PDF/vector bboxes are unexpanded,
REL_0100,PANEL_STATIONARY_MAP,SEM_INITIAL_LOW,TEXT,234.027;535.505;267.462;545.941,SEM_YTICK_02,TEXT,199.154;514.717;211.262;523.385,TEXT_TEXT,masks/semantic/SEM_INITIAL_LOW.png,masks/semantic/SEM_YTICK_02.png,0,121.319,107.482,4,0,PASS,native-300dpi no-dilation separated raw masks; PDF/vector bboxes are unexpanded,
REL_0101,PANEL_STATIONARY_MAP,SEM_INITIAL_LOW,TEXT,234.027;535.505;267.462;545.941,SEM_YTICK_04,TEXT,198.807;482.294;211.262;490.962,TEXT_TEXT,masks/semantic/SEM_INITIAL_LOW.png,masks/semantic/SEM_YTICK_04.png,0,227.980,208.447,4,0,PASS,native-300dpi no-dilation separated raw masks; PDF/vector bboxes are unexpanded,
REL_0102,PANEL_STATIONARY_MAP,SEM_INITIAL_LOW,TEXT,234.027;535.505;267.462;545.941,SEM_YTICK_06,TEXT,198.981;449.879;211.263;458.547,TEXT_TEXT,masks/semantic/SEM_INITIAL_LOW.png,masks/semantic/SEM_YTICK_06.png,0,353.232,334.411,4,0,PASS,native-300dpi no-dilation separated raw masks; PDF/vector bboxes are unexpanded,
REL_0103,PANEL_STATIONARY_MAP,SEM_INITIAL_LOW,TEXT,234.027;535.505;267.462;545.941,SEM_YTICK_08,TEXT,199.145;417.465;211.262;426.133,TEXT_TEXT,masks/semantic/SEM_INITIAL_LOW.png,masks/semantic/SEM_YTICK_08.png,0,484.490,465.504,4,0,PASS,native-300dpi no-dilation separated raw masks; PDF/vector bboxes are unexpanded,
REL_0104,PANEL_STATIONARY_MAP,SEM_INITIAL_LOW,TEXT,234.027;535.505;267.462;545.941,SEM_YTICK_1,TEXT,206.851;385.080;211.263;393.748,TEXT_TEXT,masks/semantic/SEM_INITIAL_LOW.png,masks/semantic/SEM_YTICK_1.png,0,616.483,598.246,4,0,PASS,native-300dpi no-dilation separated raw masks; PDF/vector bboxes are unexpanded,
REL_0105,PANEL_STATIONARY_MAP,SEM_INITIAL_LOW,TEXT,234.027;535.505;267.462;545.941,SEM_Y_AXIS_LABEL,TEXT,181.919;462.534;192.582;477.524,TEXT_TEXT,masks/semantic/SEM_INITIAL_LOW.png,masks/semantic/SEM_Y_AXIS_LABEL.png,0,316.605,296.994,4,0,PASS,native-300dpi no-dilation separated raw masks; PDF/vector bboxes are unexpanded,
REL_0106,PANEL_STATIONARY_MAP,SEM_NOTEBOX_PARENT,TEXT,284.738;512.383;334.654;533.159,SEM_XTICK_0,TEXT,214.711;556.045;219.738;564.713,TEXT_TEXT,masks/semantic/SEM_NOTEBOX_PARENT.png,masks/semantic/SEM_XTICK_0.png,0,318.390,287.202,4,0,PASS,native-300dpi no-dilation separated raw masks; PDF/vector bboxes are unexpanded,
REL_0107,PANEL_STATIONARY_MAP,SEM_NOTEBOX_PARENT,TEXT,284.738;512.383;334.654;533.159,SEM_XTICK_02,TEXT,243.589;556.062;255.697;564.730,TEXT_TEXT,masks/semantic/SEM_NOTEBOX_PARENT.png,masks/semantic/SEM_XTICK_02.png,0,187.672,154.134,4,0,PASS,native-300dpi no-dilation separated raw masks; PDF/vector bboxes are unexpanded,
REL_0108,PANEL_STATIONARY_MAP,SEM_NOTEBOX_PARENT,TEXT,284.738;512.383;334.654;533.159,SEM_XTICK_04,TEXT,275.835;556.053;288.290;564.721,TEXT_TEXT,masks/semantic/SEM_NOTEBOX_PARENT.png,masks/semantic/SEM_XTICK_04.png,0,106.870,95.397,4,0,PASS,native-300dpi no-dilation separated raw masks; PDF/vector bboxes are unexpanded,
REL_0109,PANEL_STATIONARY_MAP,SEM_NOTEBOX_PARENT,TEXT,284.738;512.383;334.654;533.159,SEM_XTICK_06,TEXT,308.340;556.071;320.622;564.739,TEXT_TEXT,masks/semantic/SEM_NOTEBOX_PARENT.png,masks/semantic/SEM_XTICK_06.png,0,105.118,95.472,4,0,PASS,native-300dpi no-dilation separated raw masks; PDF/vector bboxes are unexpanded,
REL_0110,PANEL_STATIONARY_MAP,SEM_NOTEBOX_PARENT,TEXT,284.738;512.383;334.654;533.159,SEM_XTICK_08,TEXT,340.842;556.080;352.959;564.748,TEXT_TEXT,masks/semantic/SEM_NOTEBOX_PARENT.png,masks/semantic/SEM_XTICK_08.png,0,126.318,98.931,4,0,PASS,native-300dpi no-dilation separated raw masks; PDF/vector bboxes are unexpanded,
REL_0111,PANEL_STATIONARY_MAP,SEM_NOTEBOX_PARENT,TEXT,284.738;512.383;334.654;533.159,SEM_XTICK_1,TEXT,377.113;556.027;381.525;564.695,TEXT_TEXT,masks/semantic/SEM_NOTEBOX_PARENT.png,masks/semantic/SEM_XTICK_1.png,0,240.506,200.986,4,0,PASS,native-300dpi no-dilation separated raw masks; PDF/vector bboxes are unexpanded,
REL_0112,PANEL_STATIONARY_MAP,SEM_NOTEBOX_PARENT,TEXT,284.738;512.383;334.654;533.159,SEM_X_AXIS_LABEL,TEXT,295.051;567.626;300.954;578.289,TEXT_TEXT,masks/semantic/SEM_NOTEBOX_PARENT.png,masks/semantic/SEM_X_AXIS_LABEL.png,0,161.693,143.618,4,0,PASS,native-300dpi no-dilation separated raw masks; PDF/vector bboxes are unexpanded,
REL_0113,PANEL_STATIONARY_MAP,SEM_NOTEBOX_PARENT,TEXT,284.738;512.383;334.654;533.159,SEM_YTICK_0,TEXT,206.235;547.128;211.262;555.796,TEXT_TEXT,masks/semantic/SEM_NOTEBOX_PARENT.png,masks/semantic/SEM_YTICK_0.png,0,333.628,311.717,4,0,PASS,native-300dpi no-dilation separated raw masks; PDF/vector bboxes are unexpanded,
REL_0114,PANEL_STATIONARY_MAP,SEM_NOTEBOX_PARENT,TEXT,284.738;512.383;334.654;533.159,SEM_YTICK_02,TEXT,199.154;514.717;211.262;523.385,TEXT_TEXT,masks/semantic/SEM_NOTEBOX_PARENT.png,masks/semantic/SEM_YTICK_02.png,0,308.006,306.232,4,0,PASS,native-300dpi no-dilation separated raw masks; PDF/vector bboxes are unexpanded,
REL_0115,PANEL_STATIONARY_MAP,SEM_NOTEBOX_PARENT,TEXT,284.738;512.383;334.654;533.159,SEM_YTICK_04,TEXT,198.807;482.294;211.262;490.962,TEXT_TEXT,masks/semantic/SEM_NOTEBOX_PARENT.png,masks/semantic/SEM_YTICK_04.png,0,328.358,318.977,4,0,PASS,native-300dpi no-dilation separated raw masks; PDF/vector bboxes are unexpanded,
REL_0116,PANEL_STATIONARY_MAP,SEM_NOTEBOX_PARENT,TEXT,284.738;512.383;334.654;533.159,SEM_YTICK_06,TEXT,198.981;449.879;211.263;458.547,TEXT_TEXT,masks/semantic/SEM_NOTEBOX_PARENT.png,masks/semantic/SEM_YTICK_06.png,0,395.370,379.605,4,0,PASS,native-300dpi no-dilation separated raw masks; PDF/vector bboxes are unexpanded,
REL_0117,PANEL_STATIONARY_MAP,SEM_NOTEBOX_PARENT,TEXT,284.738;512.383;334.654;533.159,SEM_YTICK_08,TEXT,199.145;417.465;211.262;426.133,TEXT_TEXT,masks/semantic/SEM_NOTEBOX_PARENT.png,masks/semantic/SEM_YTICK_08.png,0,488.183,472.166,4,0,PASS,native-300dpi no-dilation separated raw masks; PDF/vector bboxes are unexpanded,
REL_0118,PANEL_STATIONARY_MAP,SEM_NOTEBOX_PARENT,TEXT,284.738;512.383;334.654;533.159,SEM_YTICK_1,TEXT,206.851;385.080;211.263;393.748,TEXT_TEXT,masks/semantic/SEM_NOTEBOX_PARENT.png,masks/semantic/SEM_YTICK_1.png,0,595.470,581.500,4,0,PASS,native-300dpi no-dilation separated raw masks; PDF/vector bboxes are unexpanded,
REL_0119,PANEL_STATIONARY_MAP,SEM_NOTEBOX_PARENT,TEXT,284.738;512.383;334.654;533.159,SEM_Y_AXIS_LABEL,TEXT,181.919;462.534;192.582;477.524,TEXT_TEXT,masks/semantic/SEM_NOTEBOX_PARENT.png,masks/semantic/SEM_Y_AXIS_LABEL.png,0,427.075,410.636,4,0,PASS,native-300dpi no-dilation separated raw masks; PDF/vector bboxes are unexpanded,
REL_0120,PANEL_STATIONARY_MAP,SEM_XTICK_0,TEXT,214.711;556.045;219.738;564.713,SEM_XTICK_02,TEXT,243.589;556.062;255.697;564.730,TEXT_TEXT,masks/semantic/SEM_XTICK_0.png,masks/semantic/SEM_XTICK_02.png,0,101.000,99.406,4,0,PASS,native-300dpi no-dilation separated raw masks; PDF/vector bboxes are unexpanded,
REL_0121,PANEL_STATIONARY_MAP,SEM_XTICK_0,TEXT,214.711;556.045;219.738;564.713,SEM_XTICK_04,TEXT,275.835;556.053;288.290;564.721,TEXT_TEXT,masks/semantic/SEM_XTICK_0.png,masks/semantic/SEM_XTICK_04.png,0,236.000,233.801,4,0,PASS,native-300dpi no-dilation separated raw masks; PDF/vector bboxes are unexpanded,
REL_0122,PANEL_STATIONARY_MAP,SEM_XTICK_0,TEXT,214.711;556.045;219.738;564.713,SEM_XTICK_06,TEXT,308.340;556.071;320.622;564.739,TEXT_TEXT,masks/semantic/SEM_XTICK_0.png,masks/semantic/SEM_XTICK_06.png,0,371.000,369.276,4,0,PASS,native-300dpi no-dilation separated raw masks; PDF/vector bboxes are unexpanded,
REL_0123,PANEL_STATIONARY_MAP,SEM_XTICK_0,TEXT,214.711;556.045;219.738;564.713,SEM_XTICK_08,TEXT,340.842;556.080;352.959;564.748,TEXT_TEXT,masks/semantic/SEM_XTICK_0.png,masks/semantic/SEM_XTICK_08.png,0,507.000,504.738,4,0,PASS,native-300dpi no-dilation separated raw masks; PDF/vector bboxes are unexpanded,
REL_0124,PANEL_STATIONARY_MAP,SEM_XTICK_0,TEXT,214.711;556.045;219.738;564.713,SEM_XTICK_1,TEXT,377.113;556.027;381.525;564.695,TEXT_TEXT,masks/semantic/SEM_XTICK_0.png,masks/semantic/SEM_XTICK_1.png,0,660.037,655.909,4,0,PASS,native-300dpi no-dilation separated raw masks; PDF/vector bboxes are unexpanded,
REL_0125,PANEL_STATIONARY_MAP,SEM_XTICK_0,TEXT,214.711;556.045;219.738;564.713,SEM_X_AXIS_LABEL,TEXT,295.051;567.626;300.954;578.289,TEXT_TEXT,masks/semantic/SEM_XTICK_0.png,masks/semantic/SEM_X_AXIS_LABEL.png,0,319.762,314.125,4,0,PASS,native-300dpi no-dilation separated raw masks; PDF/vector bboxes are unexpanded,
REL_0126,PANEL_STATIONARY_MAP,SEM_XTICK_0,TEXT,214.711;556.045;219.738;564.713,SEM_YTICK_0,TEXT,206.235;547.128;211.262;555.796,TEXT_TEXT,masks/semantic/SEM_XTICK_0.png,masks/semantic/SEM_YTICK_0.png,0,28.000,14.412,4,0,PASS,native-300dpi no-dilation separated raw masks; PDF/vector bboxes are unexpanded,
REL_0127,PANEL_STATIONARY_MAP,SEM_XTICK_0,TEXT,214.711;556.045;219.738;564.713,SEM_YTICK_02,TEXT,199.154;514.717;211.262;523.385,TEXT_TEXT,masks/semantic/SEM_XTICK_0.png,masks/semantic/SEM_YTICK_02.png,0,149.443,136.847,4,0,PASS,native-300dpi no-dilation separated raw masks; PDF/vector bboxes are unexpanded,
REL_0128,PANEL_STATIONARY_MAP,SEM_XTICK_0,TEXT,214.711;556.045;219.738;564.713,SEM_YTICK_04,TEXT,198.807;482.294;211.262;490.962,TEXT_TEXT,masks/semantic/SEM_XTICK_0.png,masks/semantic/SEM_YTICK_04.png,0,283.586,271.572,4,0,PASS,native-300dpi no-dilation separated raw masks; PDF/vector bboxes are unexpanded,
REL_0129,PANEL_STATIONARY_MAP,SEM_XTICK_0,TEXT,214.711;556.045;219.738;564.713,SEM_YTICK_06,TEXT,198.981;449.879;211.263;458.547,TEXT_TEXT,masks/semantic/SEM_XTICK_0.png,masks/semantic/SEM_YTICK_06.png,0,417.226,406.512,4,0,PASS,native-300dpi no-dilation separated raw masks; PDF/vector bboxes are unexpanded,
REL_0130,PANEL_STATIONARY_MAP,SEM_XTICK_0,TEXT,214.711;556.045;219.738;564.713,SEM_YTICK_08,TEXT,199.145;417.465;211.262;426.133,TEXT_TEXT,masks/semantic/SEM_XTICK_0.png,masks/semantic/SEM_YTICK_08.png,0,552.868,541.512,4,0,PASS,native-300dpi no-dilation separated raw masks; PDF/vector bboxes are unexpanded,
REL_0131,PANEL_STATIONARY_MAP,SEM_XTICK_0,TEXT,214.711;556.045;219.738;564.713,SEM_YTICK_1,TEXT,206.851;385.080;211.263;393.748,TEXT_TEXT,masks/semantic/SEM_XTICK_0.png,masks/semantic/SEM_YTICK_1.png,0,687.570,676.416,4,0,PASS,native-300dpi no-dilation separated raw masks; PDF/vector bboxes are unexpanded,
REL_0132,PANEL_STATIONARY_MAP,SEM_XTICK_0,TEXT,214.711;556.045;219.738;564.713,SEM_Y_AXIS_LABEL,TEXT,181.919;462.534;192.582;477.524,TEXT_TEXT,masks/semantic/SEM_XTICK_0.png,masks/semantic/SEM_Y_AXIS_LABEL.png,0,350.973,339.935,4,0,PASS,native-300dpi no-dilation separated raw masks; PDF/vector bboxes are unexpanded,
REL_0133,PANEL_STATIONARY_MAP,SEM_XTICK_02,TEXT,243.589;556.062;255.697;564.730,SEM_XTICK_04,TEXT,275.835;556.053;288.290;564.721,TEXT_TEXT,masks/semantic/SEM_XTICK_02.png,masks/semantic/SEM_XTICK_04.png,0,86.052,83.929,4,0,PASS,native-300dpi no-dilation separated raw masks; PDF/vector bboxes are unexpanded,
REL_0134,PANEL_STATIONARY_MAP,SEM_XTICK_02,TEXT,243.589;556.062;255.697;564.730,SEM_XTICK_06,TEXT,308.340;556.071;320.622;564.739,TEXT_TEXT,masks/semantic/SEM_XTICK_02.png,masks/semantic/SEM_XTICK_06.png,0,221.020,219.404,4,0,PASS,native-300dpi no-dilation separated raw masks; PDF/vector bboxes are unexpanded,
REL_0135,PANEL_STATIONARY_MAP,SEM_XTICK_02,TEXT,243.589;556.062;255.697;564.730,SEM_XTICK_08,TEXT,340.842;556.080;352.959;564.748,TEXT_TEXT,masks/semantic/SEM_XTICK_02.png,masks/semantic/SEM_XTICK_08.png,0,357.013,354.866,4,0,PASS,native-300dpi no-dilation separated raw masks; PDF/vector bboxes are unexpanded,
REL_0136,PANEL_STATIONARY_MAP,SEM_XTICK_02,TEXT,243.589;556.062;255.697;564.730,SEM_XTICK_1,TEXT,377.113;556.027;381.525;564.695,TEXT_TEXT,masks/semantic/SEM_XTICK_02.png,masks/semantic/SEM_XTICK_1.png,0,510.004,506.037,4,0,PASS,native-300dpi no-dilation separated raw masks; PDF/vector bboxes are unexpanded,
REL_0137,PANEL_STATIONARY_MAP,SEM_XTICK_02,TEXT,243.589;556.062;255.697;564.730,SEM_X_AXIS_LABEL,TEXT,295.051;567.626;300.954;578.289,TEXT_TEXT,masks/semantic/SEM_XTICK_02.png,masks/semantic/SEM_X_AXIS_LABEL.png,0,170.607,164.461,4,0,PASS,native-300dpi no-dilation separated raw masks; PDF/vector bboxes are unexpanded,
REL_0138,PANEL_STATIONARY_MAP,SEM_XTICK_02,TEXT,243.589;556.062;255.697;564.730,SEM_YTICK_0,TEXT,206.235;547.128;211.262;555.796,TEXT_TEXT,masks/semantic/SEM_XTICK_02.png,masks/semantic/SEM_YTICK_0.png,0,140.014,134.737,4,0,PASS,native-300dpi no-dilation separated raw masks; PDF/vector bboxes are unexpanded,
REL_0139,PANEL_STATIONARY_MAP,SEM_XTICK_02,TEXT,243.589;556.062;255.697;564.730,SEM_YTICK_02,TEXT,199.154;514.717;211.262;523.385,TEXT_TEXT,masks/semantic/SEM_XTICK_02.png,masks/semantic/SEM_YTICK_02.png,0,205.519,191.552,4,0,PASS,native-300dpi no-dilation separated raw masks; PDF/vector bboxes are unexpanded,
REL_0140,PANEL_STATIONARY_MAP,SEM_XTICK_02,TEXT,243.589;556.062;255.697;564.730,SEM_YTICK_04,TEXT,198.807;482.294;211.262;490.962,TEXT_TEXT,masks/semantic/SEM_XTICK_02.png,masks/semantic/SEM_YTICK_04.png,0,318.331,302.879,4,0,PASS,native-300dpi no-dilation separated raw masks; PDF/vector bboxes are unexpanded,
REL_0141,PANEL_STATIONARY_MAP,SEM_XTICK_02,TEXT,243.589;556.062;255.697;564.730,SEM_YTICK_06,TEXT,198.981;449.879;211.263;458.547,TEXT_TEXT,masks/semantic/SEM_XTICK_02.png,masks/semantic/SEM_YTICK_06.png,0,442.428,428.083,4,0,PASS,native-300dpi no-dilation separated raw masks; PDF/vector bboxes are unexpanded,
REL_0142,PANEL_STATIONARY_MAP,SEM_XTICK_02,TEXT,243.589;556.062;255.697;564.730,SEM_YTICK_08,TEXT,199.145;417.465;211.262;426.133,TEXT_TEXT,masks/semantic/SEM_XTICK_02.png,masks/semantic/SEM_YTICK_08.png,0,572.171,557.905,4,0,PASS,native-300dpi no-dilation separated raw masks; PDF/vector bboxes are unexpanded,
REL_0143,PANEL_STATIONARY_MAP,SEM_XTICK_02,TEXT,243.589;556.062;255.697;564.730,SEM_YTICK_1,TEXT,206.851;385.080;211.263;393.748,TEXT_TEXT,masks/semantic/SEM_XTICK_02.png,masks/semantic/SEM_YTICK_1.png,0,702.739,689.623,4,0,PASS,native-300dpi no-dilation separated raw masks; PDF/vector bboxes are unexpanded,
REL_0144,PANEL_STATIONARY_MAP,SEM_XTICK_02,TEXT,243.589;556.062;255.697;564.730,SEM_Y_AXIS_LABEL,TEXT,181.919;462.534;192.582;477.524,TEXT_TEXT,masks/semantic/SEM_XTICK_02.png,masks/semantic/SEM_Y_AXIS_LABEL.png,0,405.995,390.242,4,0,PASS,native-300dpi no-dilation separated raw masks; PDF/vector bboxes are unexpanded,
REL_0145,PANEL_STATIONARY_MAP,SEM_XTICK_04,TEXT,275.835;556.053;288.290;564.721,SEM_XTICK_06,TEXT,308.340;556.071;320.622;564.739,TEXT_TEXT,masks/semantic/SEM_XTICK_04.png,masks/semantic/SEM_XTICK_06.png,0,85.006,83.564,4,0,PASS,native-300dpi no-dilation separated raw masks; PDF/vector bboxes are unexpanded,
REL_0146,PANEL_STATIONARY_MAP,SEM_XTICK_04,TEXT,275.835;556.053;288.290;564.721,SEM_XTICK_08,TEXT,340.842;556.080;352.959;564.748,TEXT_TEXT,masks/semantic/SEM_XTICK_04.png,masks/semantic/SEM_XTICK_08.png,0,221.002,219.026,4,0,PASS,native-300dpi no-dilation separated raw masks; PDF/vector bboxes are unexpanded,
REL_0147,PANEL_STATIONARY_MAP,SEM_XTICK_04,TEXT,275.835;556.053;288.290;564.721,SEM_XTICK_1,TEXT,377.113;556.027;381.525;564.695,TEXT_TEXT,masks/semantic/SEM_XTICK_04.png,masks/semantic/SEM_XTICK_1.png,0,374.021,370.197,4,0,PASS,native-300dpi no-dilation separated raw masks; PDF/vector bboxes are unexpanded,
REL_0148,PANEL_STATIONARY_MAP,SEM_XTICK_04,TEXT,275.835;556.053;288.290;564.721,SEM_X_AXIS_LABEL,TEXT,295.051;567.626;300.954;578.289,TEXT_TEXT,masks/semantic/SEM_XTICK_04.png,masks/semantic/SEM_X_AXIS_LABEL.png,0,47.166,30.668,4,0,PASS,native-300dpi no-dilation separated raw masks; PDF/vector bboxes are unexpanded,
REL_0149,PANEL_STATIONARY_MAP,SEM_XTICK_04,TEXT,275.835;556.053;288.290;564.721,SEM_YTICK_0,TEXT,206.235;547.128;211.262;555.796,TEXT_TEXT,masks/semantic/SEM_XTICK_04.png,masks/semantic/SEM_YTICK_0.png,0,273.117,269.130,4,0,PASS,native-300dpi no-dilation separated raw masks; PDF/vector bboxes are unexpanded,
REL_0150,PANEL_STATIONARY_MAP,SEM_XTICK_04,TEXT,275.835;556.053;288.290;564.721,SEM_YTICK_02,TEXT,199.154;514.717;211.262;523.385,TEXT_TEXT,masks/semantic/SEM_XTICK_04.png,masks/semantic/SEM_YTICK_02.png,0,313.212,301.593,4,0,PASS,native-300dpi no-dilation separated raw masks; PDF/vector bboxes are unexpanded,
REL_0151,PANEL_STATIONARY_MAP,SEM_XTICK_04,TEXT,275.835;556.053;288.290;564.721,SEM_YTICK_04,TEXT,198.807;482.294;211.262;490.962,TEXT_TEXT,masks/semantic/SEM_XTICK_04.png,masks/semantic/SEM_YTICK_04.png,0,398.521,382.089,4,0,PASS,native-300dpi no-dilation separated raw masks; PDF/vector bboxes are unexpanded,
REL_0152,PANEL_STATIONARY_MAP,SEM_XTICK_04,TEXT,275.835;556.053;288.290;564.721,SEM_YTICK_06,TEXT,198.981;449.879;211.263;458.547,TEXT_TEXT,masks/semantic/SEM_XTICK_04.png,masks/semantic/SEM_YTICK_06.png,0,503.502,487.341,4,0,PASS,native-300dpi no-dilation separated raw masks; PDF/vector bboxes are unexpanded,
REL_0153,PANEL_STATIONARY_MAP,SEM_XTICK_04,TEXT,275.835;556.053;288.290;564.721,SEM_YTICK_08,TEXT,199.145;417.465;211.262;426.133,TEXT_TEXT,masks/semantic/SEM_XTICK_04.png,masks/semantic/SEM_YTICK_08.png,0,620.631,604.562,4,0,PASS,native-300dpi no-dilation separated raw masks; PDF/vector bboxes are unexpanded,
REL_0154,PANEL_STATIONARY_MAP,SEM_XTICK_04,TEXT,275.835;556.053;288.290;564.721,SEM_YTICK_1,TEXT,206.851;385.080;211.263;393.748,TEXT_TEXT,masks/semantic/SEM_XTICK_04.png,masks/semantic/SEM_YTICK_1.png,0,742.345,727.878,4,0,PASS,native-300dpi no-dilation separated raw masks; PDF/vector bboxes are unexpanded,
REL_0155,PANEL_STATIONARY_MAP,SEM_XTICK_04,TEXT,275.835;556.053;288.290;564.721,SEM_Y_AXIS_LABEL,TEXT,181.919;462.534;192.582;477.524,TEXT_TEXT,masks/semantic/SEM_XTICK_04.png,masks/semantic/SEM_Y_AXIS_LABEL.png,0,495.842,476.936,4,0,PASS,native-300dpi no-dilation separated raw masks; PDF/vector bboxes are unexpanded,
REL_0156,PANEL_STATIONARY_MAP,SEM_XTICK_06,TEXT,308.340;556.071;320.622;564.739,SEM_XTICK_08,TEXT,340.842;556.080;352.959;564.748,TEXT_TEXT,masks/semantic/SEM_XTICK_06.png,masks/semantic/SEM_XTICK_08.png,0,87.000,84.274,4,0,PASS,native-300dpi no-dilation separated raw masks; PDF/vector bboxes are unexpanded,
REL_0157,PANEL_STATIONARY_MAP,SEM_XTICK_06,TEXT,308.340;556.071;320.622;564.739,SEM_XTICK_1,TEXT,377.113;556.027;381.525;564.695,TEXT_TEXT,masks/semantic/SEM_XTICK_06.png,masks/semantic/SEM_XTICK_1.png,0,240.008,235.445,4,0,PASS,native-300dpi no-dilation separated raw masks; PDF/vector bboxes are unexpanded,
REL_0158,PANEL_STATIONARY_MAP,SEM_XTICK_06,TEXT,308.340;556.071;320.622;564.739,SEM_X_AXIS_LABEL,TEXT,295.051;567.626;300.954;578.289,TEXT_TEXT,masks/semantic/SEM_XTICK_06.png,masks/semantic/SEM_X_AXIS_LABEL.png,0,55.080,33.051,4,0,PASS,native-300dpi no-dilation separated raw masks; PDF/vector bboxes are unexpanded,
REL_0159,PANEL_STATIONARY_MAP,SEM_XTICK_06,TEXT,308.340;556.071;320.622;564.739,SEM_YTICK_0,TEXT,206.235;547.128;211.262;555.796,TEXT_TEXT,masks/semantic/SEM_XTICK_06.png,masks/semantic/SEM_YTICK_0.png,0,407.418,404.604,4,0,PASS,native-300dpi no-dilation separated raw masks; PDF/vector bboxes are unexpanded,
REL_0160,PANEL_STATIONARY_MAP,SEM_XTICK_06,TEXT,308.340;556.071;320.622;564.739,SEM_YTICK_02,TEXT,199.154;514.717;211.262;523.385,TEXT_TEXT,masks/semantic/SEM_XTICK_06.png,masks/semantic/SEM_YTICK_02.png,0,436.032,426.910,4,0,PASS,native-300dpi no-dilation separated raw masks; PDF/vector bboxes are unexpanded,
REL_0161,PANEL_STATIONARY_MAP,SEM_XTICK_06,TEXT,308.340;556.071;320.622;564.739,SEM_YTICK_04,TEXT,198.807;482.294;211.262;490.962,TEXT_TEXT,masks/semantic/SEM_XTICK_06.png,masks/semantic/SEM_YTICK_04.png,0,501.539,487.141,4,0,PASS,native-300dpi no-dilation separated raw masks; PDF/vector bboxes are unexpanded,
REL_0162,PANEL_STATIONARY_MAP,SEM_XTICK_06,TEXT,308.340;556.071;320.622;564.739,SEM_YTICK_06,TEXT,198.981;449.879;211.263;458.547,TEXT_TEXT,masks/semantic/SEM_XTICK_06.png,masks/semantic/SEM_YTICK_06.png,0,589.438,573.441,4,0,PASS,native-300dpi no-dilation separated raw masks; PDF/vector bboxes are unexpanded,
REL_0163,PANEL_STATIONARY_MAP,SEM_XTICK_06,TEXT,308.340;556.071;320.622;564.739,SEM_YTICK_08,TEXT,199.145;417.465;211.262;426.133,TEXT_TEXT,masks/semantic/SEM_XTICK_06.png,masks/semantic/SEM_YTICK_08.png,0,692.001,675.906,4,0,PASS,native-300dpi no-dilation separated raw masks; PDF/vector bboxes are unexpanded,
REL_0164,PANEL_STATIONARY_MAP,SEM_XTICK_06,TEXT,308.340;556.071;320.622;564.739,SEM_YTICK_1,TEXT,206.851;385.080;211.263;393.748,TEXT_TEXT,masks/semantic/SEM_XTICK_06.png,masks/semantic/SEM_YTICK_1.png,0,802.814,788.150,4,0,PASS,native-300dpi no-dilation separated raw masks; PDF/vector bboxes are unexpanded,
REL_0165,PANEL_STATIONARY_MAP,SEM_XTICK_06,TEXT,308.340;556.071;320.622;564.739,SEM_Y_AXIS_LABEL,TEXT,181.919;462.534;192.582;477.524,TEXT_TEXT,masks/semantic/SEM_XTICK_06.png,masks/semantic/SEM_Y_AXIS_LABEL.png,0,602.239,582.997,4,0,PASS,native-300dpi no-dilation separated raw masks; PDF/vector bboxes are unexpanded,
REL_0166,PANEL_STATIONARY_MAP,SEM_XTICK_08,TEXT,340.842;556.080;352.959;564.748,SEM_XTICK_1,TEXT,377.113;556.027;381.525;564.695,TEXT_TEXT,masks/semantic/SEM_XTICK_08.png,masks/semantic/SEM_XTICK_1.png,0,105.042,100.669,4,0,PASS,native-300dpi no-dilation separated raw masks; PDF/vector bboxes are unexpanded,
REL_0167,PANEL_STATIONARY_MAP,SEM_XTICK_08,TEXT,340.842;556.080;352.959;564.748,SEM_X_AXIS_LABEL,TEXT,295.051;567.626;300.954;578.289,TEXT_TEXT,masks/semantic/SEM_XTICK_08.png,masks/semantic/SEM_X_AXIS_LABEL.png,0,177.160,166.678,4,0,PASS,native-300dpi no-dilation separated raw masks; PDF/vector bboxes are unexpanded,
REL_0168,PANEL_STATIONARY_MAP,SEM_XTICK_08,TEXT,340.842;556.080;352.959;564.748,SEM_YTICK_0,TEXT,206.235;547.128;211.262;555.796,TEXT_TEXT,masks/semantic/SEM_XTICK_08.png,masks/semantic/SEM_YTICK_0.png,0,543.063,540.066,4,0,PASS,native-300dpi no-dilation separated raw masks; PDF/vector bboxes are unexpanded,
REL_0169,PANEL_STATIONARY_MAP,SEM_XTICK_08,TEXT,340.842;556.080;352.959;564.748,SEM_YTICK_02,TEXT,199.154;514.717;211.262;523.385,TEXT_TEXT,masks/semantic/SEM_XTICK_08.png,masks/semantic/SEM_YTICK_02.png,0,565.202,556.982,4,0,PASS,native-300dpi no-dilation separated raw masks; PDF/vector bboxes are unexpanded,
REL_0170,PANEL_STATIONARY_MAP,SEM_XTICK_08,TEXT,340.842;556.080;352.959;564.748,SEM_YTICK_04,TEXT,198.807;482.294;211.262;490.962,TEXT_TEXT,masks/semantic/SEM_XTICK_08.png,masks/semantic/SEM_YTICK_04.png,0,617.295,604.395,4,0,PASS,native-300dpi no-dilation separated raw masks; PDF/vector bboxes are unexpanded,
REL_0171,PANEL_STATIONARY_MAP,SEM_XTICK_08,TEXT,340.842;556.080;352.959;564.748,SEM_YTICK_06,TEXT,198.981;449.879;211.263;458.547,TEXT_TEXT,masks/semantic/SEM_XTICK_08.png,masks/semantic/SEM_YTICK_06.png,0,690.911,675.893,4,0,PASS,native-300dpi no-dilation separated raw masks; PDF/vector bboxes are unexpanded,
REL_0172,PANEL_STATIONARY_MAP,SEM_XTICK_08,TEXT,340.842;556.080;352.959;564.748,SEM_YTICK_08,TEXT,199.145;417.465;211.262;426.133,TEXT_TEXT,masks/semantic/SEM_XTICK_08.png,masks/semantic/SEM_YTICK_08.png,0,781.065,764.759,4,0,PASS,native-300dpi no-dilation separated raw masks; PDF/vector bboxes are unexpanded,
REL_0173,PANEL_STATIONARY_MAP,SEM_XTICK_08,TEXT,340.842;556.080;352.959;564.748,SEM_YTICK_1,TEXT,206.851;385.080;211.263;393.748,TEXT_TEXT,masks/semantic/SEM_XTICK_08.png,masks/semantic/SEM_YTICK_1.png,0,880.601,865.562,4,0,PASS,native-300dpi no-dilation separated raw masks; PDF/vector bboxes are unexpanded,
REL_0174,PANEL_STATIONARY_MAP,SEM_XTICK_08,TEXT,340.842;556.080;352.959;564.748,SEM_Y_AXIS_LABEL,TEXT,181.919;462.534;192.582;477.524,TEXT_TEXT,masks/semantic/SEM_XTICK_08.png,masks/semantic/SEM_Y_AXIS_LABEL.png,0,717.946,699.263,4,0,PASS,native-300dpi no-dilation separated raw masks; PDF/vector bboxes are unexpanded,
REL_0175,PANEL_STATIONARY_MAP,SEM_XTICK_1,TEXT,377.113;556.027;381.525;564.695,SEM_X_AXIS_LABEL,TEXT,295.051;567.626;300.954;578.289,TEXT_TEXT,masks/semantic/SEM_XTICK_1.png,masks/semantic/SEM_X_AXIS_LABEL.png,0,325.120,317.651,4,0,PASS,native-300dpi no-dilation separated raw masks; PDF/vector bboxes are unexpanded,
REL_0176,PANEL_STATIONARY_MAP,SEM_XTICK_1,TEXT,377.113;556.027;381.525;564.695,SEM_YTICK_0,TEXT,206.235;547.128;211.262;555.796,TEXT_TEXT,masks/semantic/SEM_XTICK_1.png,masks/semantic/SEM_YTICK_0.png,0,695.449,691.236,4,0,PASS,native-300dpi no-dilation separated raw masks; PDF/vector bboxes are unexpanded,
REL_0177,PANEL_STATIONARY_MAP,SEM_XTICK_1,TEXT,377.113;556.027;381.525;564.695,SEM_YTICK_02,TEXT,199.154;514.717;211.262;523.385,TEXT_TEXT,masks/semantic/SEM_XTICK_1.png,masks/semantic/SEM_YTICK_02.png,0,711.618,704.489,4,0,PASS,native-300dpi no-dilation separated raw masks; PDF/vector bboxes are unexpanded,
REL_0178,PANEL_STATIONARY_MAP,SEM_XTICK_1,TEXT,377.113;556.027;381.525;564.695,SEM_YTICK_04,TEXT,198.807;482.294;211.262;490.962,TEXT_TEXT,masks/semantic/SEM_XTICK_1.png,masks/semantic/SEM_YTICK_04.png,0,753.000,742.503,4,0,PASS,native-300dpi no-dilation separated raw masks; PDF/vector bboxes are unexpanded,
REL_0179,PANEL_STATIONARY_MAP,SEM_XTICK_1,TEXT,377.113;556.027;381.525;564.695,SEM_YTICK_06,TEXT,198.981;449.879;211.263;458.547,TEXT_TEXT,masks/semantic/SEM_XTICK_1.png,masks/semantic/SEM_YTICK_06.png,0,814.315,801.740,4,0,PASS,native-300dpi no-dilation separated raw masks; PDF/vector bboxes are unexpanded,
REL_0180,PANEL_STATIONARY_MAP,SEM_XTICK_1,TEXT,377.113;556.027;381.525;564.695,SEM_YTICK_08,TEXT,199.145;417.465;211.262;426.133,TEXT_TEXT,masks/semantic/SEM_XTICK_1.png,masks/semantic/SEM_YTICK_08.png,0,891.845,877.926,4,0,PASS,native-300dpi no-dilation separated raw masks; PDF/vector bboxes are unexpanded,
REL_0181,PANEL_STATIONARY_MAP,SEM_XTICK_1,TEXT,377.113;556.027;381.525;564.695,SEM_YTICK_1,TEXT,206.851;385.080;211.263;393.748,TEXT_TEXT,masks/semantic/SEM_XTICK_1.png,masks/semantic/SEM_YTICK_1.png,0,980.481,966.972,4,0,PASS,native-300dpi no-dilation separated raw masks; PDF/vector bboxes are unexpanded,
REL_0182,PANEL_STATIONARY_MAP,SEM_XTICK_1,TEXT,377.113;556.027;381.525;564.695,SEM_Y_AXIS_LABEL,TEXT,181.919;462.534;192.582;477.524,TEXT_TEXT,masks/semantic/SEM_XTICK_1.png,masks/semantic/SEM_Y_AXIS_LABEL.png,0,852.197,835.763,4,0,PASS,native-300dpi no-dilation separated raw masks; PDF/vector bboxes are unexpanded,
REL_0183,PANEL_STATIONARY_MAP,SEM_X_AXIS_LABEL,TEXT,295.051;567.626;300.954;578.289,SEM_YTICK_0,TEXT,206.235;547.128;211.262;555.796,TEXT_TEXT,masks/semantic/SEM_X_AXIS_LABEL.png,masks/semantic/SEM_YTICK_0.png,0,360.652,352.678,4,0,PASS,native-300dpi no-dilation separated raw masks; PDF/vector bboxes are unexpanded,
REL_0184,PANEL_STATIONARY_MAP,SEM_X_AXIS_LABEL,TEXT,295.051;567.626;300.954;578.289,SEM_YTICK_02,TEXT,199.154;514.717;211.262;523.385,TEXT_TEXT,masks/semantic/SEM_X_AXIS_LABEL.png,masks/semantic/SEM_YTICK_02.png,0,407.573,394.885,4,0,PASS,native-300dpi no-dilation separated raw masks; PDF/vector bboxes are unexpanded,
REL_0185,PANEL_STATIONARY_MAP,SEM_X_AXIS_LABEL,TEXT,295.051;567.626;300.954;578.289,SEM_YTICK_04,TEXT,198.807;482.294;211.262;490.962,TEXT_TEXT,masks/semantic/SEM_X_AXIS_LABEL.png,masks/semantic/SEM_YTICK_04.png,0,491.311,473.283,4,0,PASS,native-300dpi no-dilation separated raw masks; PDF/vector bboxes are unexpanded,
REL_0186,PANEL_STATIONARY_MAP,SEM_X_AXIS_LABEL,TEXT,295.051;567.626;300.954;578.289,SEM_YTICK_06,TEXT,198.981;449.879;211.263;458.547,TEXT_TEXT,masks/semantic/SEM_X_AXIS_LABEL.png,masks/semantic/SEM_YTICK_06.png,0,592.401,573.177,4,0,PASS,native-300dpi no-dilation separated raw masks; PDF/vector bboxes are unexpanded,
REL_0187,PANEL_STATIONARY_MAP,SEM_X_AXIS_LABEL,TEXT,295.051;567.626;300.954;578.289,SEM_YTICK_08,TEXT,199.145;417.465;211.262;426.133,TEXT_TEXT,masks/semantic/SEM_X_AXIS_LABEL.png,masks/semantic/SEM_YTICK_08.png,0,705.283,685.238,4,0,PASS,native-300dpi no-dilation separated raw masks; PDF/vector bboxes are unexpanded,
REL_0188,PANEL_STATIONARY_MAP,SEM_X_AXIS_LABEL,TEXT,295.051;567.626;300.954;578.289,SEM_YTICK_1,TEXT,206.851;385.080;211.263;393.748,TEXT_TEXT,masks/semantic/SEM_X_AXIS_LABEL.png,masks/semantic/SEM_YTICK_1.png,0,823.355,804.286,4,0,PASS,native-300dpi no-dilation separated raw masks; PDF/vector bboxes are unexpanded,
REL_0189,PANEL_STATIONARY_MAP,SEM_X_AXIS_LABEL,TEXT,295.051;567.626;300.954;578.289,SEM_Y_AXIS_LABEL,TEXT,181.919;462.534;192.582;477.524,TEXT_TEXT,masks/semantic/SEM_X_AXIS_LABEL.png,masks/semantic/SEM_Y_AXIS_LABEL.png,0,589.397,568.633,4,0,PASS,native-300dpi no-dilation separated raw masks; PDF/vector bboxes are unexpanded,
REL_0190,PANEL_STATIONARY_MAP,SEM_YTICK_0,TEXT,206.235;547.128;211.262;555.796,SEM_YTICK_02,TEXT,199.154;514.717;211.262;523.385,TEXT_TEXT,masks/semantic/SEM_YTICK_0.png,masks/semantic/SEM_YTICK_02.png,0,109.887,98.935,4,0,PASS,native-300dpi no-dilation separated raw masks; PDF/vector bboxes are unexpanded,
REL_0191,PANEL_STATIONARY_MAP,SEM_YTICK_0,TEXT,206.235;547.128;211.262;555.796,SEM_YTICK_04,TEXT,198.807;482.294;211.262;490.962,TEXT_TEXT,masks/semantic/SEM_YTICK_0.png,masks/semantic/SEM_YTICK_04.png,0,244.459,234.036,4,0,PASS,native-300dpi no-dilation separated raw masks; PDF/vector bboxes are unexpanded,
REL_0192,PANEL_STATIONARY_MAP,SEM_YTICK_0,TEXT,206.235;547.128;211.262;555.796,SEM_YTICK_06,TEXT,198.981;449.879;211.263;458.547,TEXT_TEXT,masks/semantic/SEM_YTICK_0.png,masks/semantic/SEM_YTICK_06.png,0,379.000,369.103,4,0,PASS,native-300dpi no-dilation separated raw masks; PDF/vector bboxes are unexpanded,
REL_0193,PANEL_STATIONARY_MAP,SEM_YTICK_0,TEXT,206.235;547.128;211.262;555.796,SEM_YTICK_08,TEXT,199.145;417.465;211.262;426.133,TEXT_TEXT,masks/semantic/SEM_YTICK_0.png,masks/semantic/SEM_YTICK_08.png,0,515.000,504.166,4,0,PASS,native-300dpi no-dilation separated raw masks; PDF/vector bboxes are unexpanded,
REL_0194,PANEL_STATIONARY_MAP,SEM_YTICK_0,TEXT,206.235;547.128;211.262;555.796,SEM_YTICK_1,TEXT,206.851;385.080;211.263;393.748,TEXT_TEXT,masks/semantic/SEM_YTICK_0.png,masks/semantic/SEM_YTICK_1.png,0,650.000,639.108,4,0,PASS,native-300dpi no-dilation separated raw masks; PDF/vector bboxes are unexpanded,
REL_0195,PANEL_STATIONARY_MAP,SEM_YTICK_0,TEXT,206.235;547.128;211.262;555.796,SEM_Y_AXIS_LABEL,TEXT,181.919;462.534;192.582;477.524,TEXT_TEXT,masks/semantic/SEM_YTICK_0.png,masks/semantic/SEM_Y_AXIS_LABEL.png,0,305.361,295.558,4,0,PASS,native-300dpi no-dilation separated raw masks; PDF/vector bboxes are unexpanded,
REL_0196,PANEL_STATIONARY_MAP,SEM_YTICK_02,TEXT,199.154;514.717;211.262;523.385,SEM_YTICK_04,TEXT,198.807;482.294;211.262;490.962,TEXT_TEXT,masks/semantic/SEM_YTICK_02.png,masks/semantic/SEM_YTICK_04.png,0,109.000,98.985,4,0,PASS,native-300dpi no-dilation separated raw masks; PDF/vector bboxes are unexpanded,
REL_0197,PANEL_STATIONARY_MAP,SEM_YTICK_02,TEXT,199.154;514.717;211.262;523.385,SEM_YTICK_06,TEXT,198.981;449.879;211.263;458.547,TEXT_TEXT,masks/semantic/SEM_YTICK_02.png,masks/semantic/SEM_YTICK_06.png,0,244.000,234.052,4,0,PASS,native-300dpi no-dilation separated raw masks; PDF/vector bboxes are unexpanded,
REL_0198,PANEL_STATIONARY_MAP,SEM_YTICK_02,TEXT,199.154;514.717;211.262;523.385,SEM_YTICK_08,TEXT,199.145;417.465;211.262;426.133,TEXT_TEXT,masks/semantic/SEM_YTICK_02.png,masks/semantic/SEM_YTICK_08.png,0,380.000,369.115,4,0,PASS,native-300dpi no-dilation separated raw masks; PDF/vector bboxes are unexpanded,
REL_0199,PANEL_STATIONARY_MAP,SEM_YTICK_02,TEXT,199.154;514.717;211.262;523.385,SEM_YTICK_1,TEXT,206.851;385.080;211.263;393.748,TEXT_TEXT,masks/semantic/SEM_YTICK_02.png,masks/semantic/SEM_YTICK_1.png,0,515.000,504.058,4,0,PASS,native-300dpi no-dilation separated raw masks; PDF/vector bboxes are unexpanded,
REL_0200,PANEL_STATIONARY_MAP,SEM_YTICK_02,TEXT,199.154;514.717;211.262;523.385,SEM_Y_AXIS_LABEL,TEXT,181.919;462.534;192.582;477.524,TEXT_TEXT,masks/semantic/SEM_YTICK_02.png,masks/semantic/SEM_Y_AXIS_LABEL.png,0,167.291,157.380,4,0,PASS,native-300dpi no-dilation separated raw masks; PDF/vector bboxes are unexpanded,
REL_0201,PANEL_STATIONARY_MAP,SEM_YTICK_04,TEXT,198.807;482.294;211.262;490.962,SEM_YTICK_06,TEXT,198.981;449.879;211.263;458.547,TEXT_TEXT,masks/semantic/SEM_YTICK_04.png,masks/semantic/SEM_YTICK_06.png,0,109.000,98.952,4,0,PASS,native-300dpi no-dilation separated raw masks; PDF/vector bboxes are unexpanded,
REL_0202,PANEL_STATIONARY_MAP,SEM_YTICK_04,TEXT,198.807;482.294;211.262;490.962,SEM_YTICK_08,TEXT,199.145;417.465;211.262;426.133,TEXT_TEXT,masks/semantic/SEM_YTICK_04.png,masks/semantic/SEM_YTICK_08.png,0,245.000,234.015,4,0,PASS,native-300dpi no-dilation separated raw masks; PDF/vector bboxes are unexpanded,
REL_0203,PANEL_STATIONARY_MAP,SEM_YTICK_04,TEXT,198.807;482.294;211.262;490.962,SEM_YTICK_1,TEXT,206.851;385.080;211.263;393.748,TEXT_TEXT,masks/semantic/SEM_YTICK_04.png,masks/semantic/SEM_YTICK_1.png,0,380.000,368.957,4,0,PASS,native-300dpi no-dilation separated raw masks; PDF/vector bboxes are unexpanded,
REL_0204,PANEL_STATIONARY_MAP,SEM_YTICK_04,TEXT,198.807;482.294;211.262;490.962,SEM_Y_AXIS_LABEL,TEXT,181.919;462.534;192.582;477.524,TEXT_TEXT,masks/semantic/SEM_YTICK_04.png,masks/semantic/SEM_Y_AXIS_LABEL.png,0,52.535,32.683,4,0,PASS,native-300dpi no-dilation separated raw masks; PDF/vector bboxes are unexpanded,
REL_0205,PANEL_STATIONARY_MAP,SEM_YTICK_06,TEXT,198.981;449.879;211.263;458.547,SEM_YTICK_08,TEXT,199.145;417.465;211.262;426.133,TEXT_TEXT,masks/semantic/SEM_YTICK_06.png,masks/semantic/SEM_YTICK_08.png,0,110.000,98.947,4,0,PASS,native-300dpi no-dilation separated raw masks; PDF/vector bboxes are unexpanded,
REL_0206,PANEL_STATIONARY_MAP,SEM_YTICK_06,TEXT,198.981;449.879;211.263;458.547,SEM_YTICK_1,TEXT,206.851;385.080;211.263;393.748,TEXT_TEXT,masks/semantic/SEM_YTICK_06.png,masks/semantic/SEM_YTICK_1.png,0,245.000,233.890,4,0,PASS,native-300dpi no-dilation separated raw masks; PDF/vector bboxes are unexpanded,
REL_0207,PANEL_STATIONARY_MAP,SEM_YTICK_06,TEXT,198.981;449.879;211.263;458.547,SEM_Y_AXIS_LABEL,TEXT,181.919;462.534;192.582;477.524,TEXT_TEXT,masks/semantic/SEM_YTICK_06.png,masks/semantic/SEM_Y_AXIS_LABEL.png,0,48.041,31.421,4,0,PASS,native-300dpi no-dilation separated raw masks; PDF/vector bboxes are unexpanded,
REL_0208,PANEL_STATIONARY_MAP,SEM_YTICK_08,TEXT,199.145;417.465;211.262;426.133,SEM_YTICK_1,TEXT,206.851;385.080;211.263;393.748,TEXT_TEXT,masks/semantic/SEM_YTICK_08.png,masks/semantic/SEM_YTICK_1.png,0,109.000,98.826,4,0,PASS,native-300dpi no-dilation separated raw masks; PDF/vector bboxes are unexpanded,
REL_0209,PANEL_STATIONARY_MAP,SEM_YTICK_08,TEXT,199.145;417.465;211.262;426.133,SEM_Y_AXIS_LABEL,TEXT,181.919;462.534;192.582;477.524,TEXT_TEXT,masks/semantic/SEM_YTICK_08.png,masks/semantic/SEM_Y_AXIS_LABEL.png,0,167.576,154.124,4,0,PASS,native-300dpi no-dilation separated raw masks; PDF/vector bboxes are unexpanded,
REL_0210,PANEL_STATIONARY_MAP,SEM_YTICK_1,TEXT,206.851;385.080;211.263;393.748,SEM_Y_AXIS_LABEL,TEXT,181.919;462.534;192.582;477.524,TEXT_TEXT,masks/semantic/SEM_YTICK_1.png,masks/semantic/SEM_Y_AXIS_LABEL.png,0,305.111,292.725,4,0,PASS,native-300dpi no-dilation separated raw masks; PDF/vector bboxes are unexpanded,
REL_0211,PANEL_STATIONARY_MAP,SEM_CAPTION_PARENT,TEXT,85.591;583.228;498.338;599.098,GRAPHIC_X_TICK_1,AXIS_TICK,217.224;548.764;379.321;553.016,TEXT_AXIS_TICK,masks/semantic/SEM_CAPTION_PARENT.png,masks/graphics/GRAPHIC_X_TICK_1.png,0,140.000,125.888,3,0,PASS,native-300dpi no-dilation separated raw masks; PDF/vector bboxes are unexpanded,
REL_0212,PANEL_STATIONARY_MAP,SEM_CAPTION_PARENT,TEXT,85.591;583.228;498.338;599.098,GRAPHIC_X_TICK_2,AXIS_TICK,217.224;548.764;379.321;553.016,TEXT_AXIS_TICK,masks/semantic/SEM_CAPTION_PARENT.png,masks/graphics/GRAPHIC_X_TICK_2.png,0,140.000,125.888,3,0,PASS,native-300dpi no-dilation separated raw masks; PDF/vector bboxes are unexpanded,
REL_0213,PANEL_STATIONARY_MAP,SEM_CAPTION_PARENT,TEXT,85.591;583.228;498.338;599.098,GRAPHIC_X_TICK_3,AXIS_TICK,217.224;548.764;379.321;553.016,TEXT_AXIS_TICK,masks/semantic/SEM_CAPTION_PARENT.png,masks/graphics/GRAPHIC_X_TICK_3.png,0,142.590,125.888,3,0,PASS,native-300dpi no-dilation separated raw masks; PDF/vector bboxes are unexpanded,
REL_0214,PANEL_STATIONARY_MAP,SEM_CAPTION_PARENT,TEXT,85.591;583.228;498.338;599.098,GRAPHIC_X_TICK_4,AXIS_TICK,217.224;548.764;379.321;553.016,TEXT_AXIS_TICK,masks/semantic/SEM_CAPTION_PARENT.png,masks/graphics/GRAPHIC_X_TICK_4.png,0,147.627,125.888,3,0,PASS,native-300dpi no-dilation separated raw masks; PDF/vector bboxes are unexpanded,
REL_0215,PANEL_STATIONARY_MAP,SEM_CAPTION_PARENT,TEXT,85.591;583.228;498.338;599.098,GRAPHIC_X_TICK_5,AXIS_TICK,217.224;548.764;379.321;553.016,TEXT_AXIS_TICK,masks/semantic/SEM_CAPTION_PARENT.png,masks/graphics/GRAPHIC_X_TICK_5.png,0,147.354,125.888,3,0,PASS,native-300dpi no-dilation separated raw masks; PDF/vector bboxes are unexpanded,
REL_0216,PANEL_STATIONARY_MAP,SEM_CAPTION_PARENT,TEXT,85.591;583.228;498.338;599.098,GRAPHIC_X_TICK_6,AXIS_TICK,217.224;548.764;379.321;553.016,TEXT_AXIS_TICK,masks/semantic/SEM_CAPTION_PARENT.png,masks/graphics/GRAPHIC_X_TICK_6.png,0,140.227,125.888,3,0,PASS,native-300dpi no-dilation separated raw masks; PDF/vector bboxes are unexpanded,
REL_0217,PANEL_STATIONARY_MAP,SEM_CAPTION_PARENT,TEXT,85.591;583.228;498.338;599.098,GRAPHIC_Y_TICK_1,AXIS_TICK,215.098;388.793;219.350;550.890,TEXT_AXIS_TICK,masks/semantic/SEM_CAPTION_PARENT.png,masks/graphics/GRAPHIC_Y_TICK_1.png,0,148.000,134.748,3,0,PASS,native-300dpi no-dilation separated raw masks; PDF/vector bboxes are unexpanded,
REL_0218,PANEL_STATIONARY_MAP,SEM_CAPTION_PARENT,TEXT,85.591;583.228;498.338;599.098,GRAPHIC_Y_TICK_2,AXIS_TICK,215.098;388.793;219.350;550.890,TEXT_AXIS_TICK,masks/semantic/SEM_CAPTION_PARENT.png,masks/graphics/GRAPHIC_Y_TICK_2.png,0,283.000,134.748,3,0,PASS,native-300dpi no-dilation separated raw masks; PDF/vector bboxes are unexpanded,
REL_0219,PANEL_STATIONARY_MAP,SEM_CAPTION_PARENT,TEXT,85.591;583.228;498.338;599.098,GRAPHIC_Y_TICK_3,AXIS_TICK,215.098;388.793;219.350;550.890,TEXT_AXIS_TICK,masks/semantic/SEM_CAPTION_PARENT.png,masks/graphics/GRAPHIC_Y_TICK_3.png,0,418.000,134.748,3,0,PASS,native-300dpi no-dilation separated raw masks; PDF/vector bboxes are unexpanded,
REL_0220,PANEL_STATIONARY_MAP,SEM_CAPTION_PARENT,TEXT,85.591;583.228;498.338;599.098,GRAPHIC_Y_TICK_4,AXIS_TICK,215.098;388.793;219.350;550.890,TEXT_AXIS_TICK,masks/semantic/SEM_CAPTION_PARENT.png,masks/graphics/GRAPHIC_Y_TICK_4.png,0,553.000,134.748,3,0,PASS,native-300dpi no-dilation separated raw masks; PDF/vector bboxes are unexpanded,
REL_0221,PANEL_STATIONARY_MAP,SEM_CAPTION_PARENT,TEXT,85.591;583.228;498.338;599.098,GRAPHIC_Y_TICK_5,AXIS_TICK,215.098;388.793;219.350;550.890,TEXT_AXIS_TICK,masks/semantic/SEM_CAPTION_PARENT.png,masks/graphics/GRAPHIC_Y_TICK_5.png,0,688.000,134.748,3,0,PASS,native-300dpi no-dilation separated raw masks; PDF/vector bboxes are unexpanded,
REL_0222,PANEL_STATIONARY_MAP,SEM_CAPTION_PARENT,TEXT,85.591;583.228;498.338;599.098,GRAPHIC_Y_TICK_6,AXIS_TICK,215.098;388.793;219.350;550.890,TEXT_AXIS_TICK,masks/semantic/SEM_CAPTION_PARENT.png,masks/graphics/GRAPHIC_Y_TICK_6.png,0,823.000,134.748,3,0,PASS,native-300dpi no-dilation separated raw masks; PDF/vector bboxes are unexpanded,
REL_0223,PANEL_STATIONARY_MAP,SEM_CAPTION_PARENT,TEXT,85.591;583.228;498.338;599.098,GRAPHIC_X_AXIS,AXIS,217.224;550.890;376.731;550.890,TEXT_AXIS,masks/semantic/SEM_CAPTION_PARENT.png,masks/graphics/GRAPHIC_X_AXIS.png,0,148.000,134.748,3,0,PASS,native-300dpi no-dilation separated raw masks; PDF/vector bboxes are unexpanded,
REL_0224,PANEL_STATIONARY_MAP,SEM_CAPTION_PARENT,TEXT,85.591;583.228;498.338;599.098,GRAPHIC_X_AXIS_ARROW,ARROW,375.177;548.818;379.321;552.962,TEXT_ARROW,masks/semantic/SEM_CAPTION_PARENT.png,masks/graphics/GRAPHIC_X_AXIS_ARROW.png,0,149.270,126.114,3,0,PASS,native-300dpi no-dilation separated raw masks; PDF/vector bboxes are unexpanded,
REL_0225,PANEL_STATIONARY_MAP,SEM_CAPTION_PARENT,TEXT,85.591;583.228;498.338;599.098,GRAPHIC_Y_AXIS,AXIS,217.224;391.383;217.224;550.890,TEXT_AXIS,masks/semantic/SEM_CAPTION_PARENT.png,masks/graphics/GRAPHIC_Y_AXIS.png,0,149.000,134.748,3,0,PASS,native-300dpi no-dilation separated raw masks; PDF/vector bboxes are unexpanded,
REL_0226,PANEL_STATIONARY_MAP,SEM_CAPTION_PARENT,TEXT,85.591;583.228;498.338;599.098,GRAPHIC_Y_AXIS_ARROW,ARROW,215.152;388.793;219.296;392.937,TEXT_ARROW,masks/semantic/SEM_CAPTION_PARENT.png,masks/graphics/GRAPHIC_Y_AXIS_ARROW.png,0,807.050,792.908,3,0,PASS,native-300dpi no-dilation separated raw masks; PDF/vector bboxes are unexpanded,
REL_0227,PANEL_STATIONARY_MAP,SEM_CAPTION_PARENT,TEXT,85.591;583.228;498.338;599.098,GRAPHIC_REFERENCE_Y_EQ_R,CURVE,217.224;388.793;379.321;550.890,TEXT_CURVE,masks/semantic/SEM_CAPTION_PARENT.png,masks/graphics/GRAPHIC_REFERENCE_Y_EQ_R.png,0,148.000,134.748,3,0,PASS,native-300dpi no-dilation separated raw masks; PDF/vector bboxes are unexpanded,
REL_0228,PANEL_STATIONARY_MAP,SEM_CAPTION_PARENT,TEXT,85.591;583.228;498.338;599.098,GRAPHIC_MAP,CURVE,217.224;437.422;379.321;518.471,TEXT_CURVE,masks/semantic/SEM_CAPTION_PARENT.png,masks/graphics/GRAPHIC_MAP.png,0,282.000,269.834,3,0,PASS,native-300dpi no-dilation separated raw masks; PDF/vector bboxes are unexpanded,
REL_0229,PANEL_STATIONARY_MAP,SEM_CAPTION_PARENT,TEXT,85.591;583.228;498.338;599.098,GRAPHIC_COBWEB_LOW,CURVE,225.329;489.597;278.517;550.890,TEXT_CURVE,masks/semantic/SEM_CAPTION_PARENT.png,masks/graphics/GRAPHIC_COBWEB_LOW.png,0,149.748,134.748,3,0,PASS,native-300dpi no-dilation separated raw masks; PDF/vector bboxes are unexpanded,
REL_0230,PANEL_STATIONARY_MAP,SEM_CAPTION_PARENT,TEXT,85.591;583.228;498.338;599.098,GRAPHIC_COBWEB_HIGH,CURVE,287.128;445.527;363.112;550.890,TEXT_CURVE,masks/semantic/SEM_CAPTION_PARENT.png,masks/graphics/GRAPHIC_COBWEB_HIGH.png,0,152.170,134.748,3,0,PASS,native-300dpi no-dilation separated raw masks; PDF/vector bboxes are unexpanded,
REL_0231,PANEL_STATIONARY_MAP,SEM_CAPTION_PARENT,TEXT,85.591;583.228;498.338;599.098,GRAPHIC_NOTEBOX_BORDER,NODE_BORDER,282.547;509.458;336.852;533.967,TEXT_NODE_BORDER,masks/semantic/SEM_CAPTION_PARENT.png,masks/graphics/GRAPHIC_NOTEBOX_BORDER.png,0,219.000,205.264,5,0,PASS,native-300dpi no-dilation separated raw masks; PDF/vector bboxes are unexpanded,
REL_0232,PANEL_STATIONARY_MAP,SEM_CAPTION_PARENT,TEXT,85.591;583.228;498.338;599.098,GRAPHIC_FIXED_POINT,MARKER,279.373;483.361;284.753;488.741,TEXT_MARKER,masks/semantic/SEM_CAPTION_PARENT.png,masks/graphics/GRAPHIC_FIXED_POINT.png,0,409.329,393.711,3,0,PASS,native-300dpi no-dilation separated raw masks; PDF/vector bboxes are unexpanded,
REL_0233,PANEL_STATIONARY_MAP,SEM_CAPTION_PARENT,TEXT,85.591;583.228;498.338;599.098,GRAPHIC_LOW_INITIAL_MARKER,MARKER,223.237;548.798;227.421;552.982,TEXT_MARKER,masks/semantic/SEM_CAPTION_PARENT.png,masks/graphics/GRAPHIC_LOW_INITIAL_MARKER.png,0,140.174,126.030,3,0,PASS,native-300dpi no-dilation separated raw masks; PDF/vector bboxes are unexpanded,
REL_0234,PANEL_STATIONARY_MAP,SEM_CAPTION_PARENT,TEXT,85.591;583.228;498.338;599.098,GRAPHIC_HIGH_INITIAL_MARKER,MARKER,360.954;548.399;365.268;552.135,TEXT_MARKER,masks/semantic/SEM_CAPTION_PARENT.png,masks/graphics/GRAPHIC_HIGH_INITIAL_MARKER.png,0,145.813,129.559,3,0,PASS,native-300dpi no-dilation separated raw masks; PDF/vector bboxes are unexpanded,
REL_0235,PANEL_STATIONARY_MAP,SEM_CURVE_MAP,TEXT,339.820;424.527;399.266;433.792,GRAPHIC_X_TICK_1,AXIS_TICK,217.224;548.764;379.321;553.016,TEXT_AXIS_TICK,masks/semantic/SEM_CURVE_MAP.png,masks/graphics/GRAPHIC_X_TICK_1.png,0,700.043,479.065,3,0,PASS,native-300dpi no-dilation separated raw masks; PDF/vector bboxes are unexpanded,
REL_0236,PANEL_STATIONARY_MAP,SEM_CURVE_MAP,TEXT,339.820;424.527;399.266;433.792,GRAPHIC_X_TICK_2,AXIS_TICK,217.224;548.764;379.321;553.016,TEXT_AXIS_TICK,masks/semantic/SEM_CURVE_MAP.png,masks/graphics/GRAPHIC_X_TICK_2.png,0,608.907,479.065,3,0,PASS,native-300dpi no-dilation separated raw masks; PDF/vector bboxes are unexpanded,
REL_0237,PANEL_STATIONARY_MAP,SEM_CURVE_MAP,TEXT,339.820;424.527;399.266;433.792,GRAPHIC_X_TICK_3,AXIS_TICK,217.224;548.764;379.321;553.016,TEXT_AXIS_TICK,masks/semantic/SEM_CURVE_MAP.png,masks/graphics/GRAPHIC_X_TICK_3.png,0,536.551,479.065,3,0,PASS,native-300dpi no-dilation separated raw masks; PDF/vector bboxes are unexpanded,
REL_0238,PANEL_STATIONARY_MAP,SEM_CURVE_MAP,TEXT,339.820;424.527;399.266;433.792,GRAPHIC_X_TICK_4,AXIS_TICK,217.224;548.764;379.321;553.016,TEXT_AXIS_TICK,masks/semantic/SEM_CURVE_MAP.png,masks/graphics/GRAPHIC_X_TICK_4.png,0,490.781,479.065,3,0,PASS,native-300dpi no-dilation separated raw masks; PDF/vector bboxes are unexpanded,
REL_0239,PANEL_STATIONARY_MAP,SEM_CURVE_MAP,TEXT,339.820;424.527;399.266;433.792,GRAPHIC_X_TICK_5,AXIS_TICK,217.224;548.764;379.321;553.016,TEXT_AXIS_TICK,masks/semantic/SEM_CURVE_MAP.png,masks/graphics/GRAPHIC_X_TICK_5.png,0,479.600,479.065,3,0,PASS,native-300dpi no-dilation separated raw masks; PDF/vector bboxes are unexpanded,
REL_0240,PANEL_STATIONARY_MAP,SEM_CURVE_MAP,TEXT,339.820;424.527;399.266;433.792,GRAPHIC_X_TICK_6,AXIS_TICK,217.224;548.764;379.321;553.016,TEXT_AXIS_TICK,masks/semantic/SEM_CURVE_MAP.png,masks/graphics/GRAPHIC_X_TICK_6.png,0,486.103,479.065,3,0,PASS,native-300dpi no-dilation separated raw masks; PDF/vector bboxes are unexpanded,
REL_0241,PANEL_STATIONARY_MAP,SEM_CURVE_MAP,TEXT,339.820;424.527;399.266;433.792,GRAPHIC_Y_TICK_1,AXIS_TICK,215.098;388.793;219.350;550.890,TEXT_AXIS_TICK,masks/semantic/SEM_CURVE_MAP.png,masks/graphics/GRAPHIC_Y_TICK_1.png,0,699.803,502.095,3,0,PASS,native-300dpi no-dilation separated raw masks; PDF/vector bboxes are unexpanded,
REL_0242,PANEL_STATIONARY_MAP,SEM_CURVE_MAP,TEXT,339.820;424.527;399.266;433.792,GRAPHIC_Y_TICK_2,AXIS_TICK,215.098;388.793;219.350;550.890,TEXT_AXIS_TICK,masks/semantic/SEM_CURVE_MAP.png,masks/graphics/GRAPHIC_Y_TICK_2.png,0,613.264,502.095,3,0,PASS,native-300dpi no-dilation separated raw masks; PDF/vector bboxes are unexpanded,
REL_0243,PANEL_STATIONARY_MAP,SEM_CURVE_MAP,TEXT,339.820;424.527;399.266;433.792,GRAPHIC_Y_TICK_3,AXIS_TICK,215.098;388.793;219.350;550.890,TEXT_AXIS_TICK,masks/semantic/SEM_CURVE_MAP.png,masks/graphics/GRAPHIC_Y_TICK_3.png,0,546.691,502.095,3,0,PASS,native-300dpi no-dilation separated raw masks; PDF/vector bboxes are unexpanded,
REL_0244,PANEL_STATIONARY_MAP,SEM_CURVE_MAP,TEXT,339.820;424.527;399.266;433.792,GRAPHIC_Y_TICK_4,AXIS_TICK,215.098;388.793;219.350;550.890,TEXT_AXIS_TICK,masks/semantic/SEM_CURVE_MAP.png,masks/graphics/GRAPHIC_Y_TICK_4.png,0,507.979,502.095,3,0,PASS,native-300dpi no-dilation separated raw masks; PDF/vector bboxes are unexpanded,
REL_0245,PANEL_STATIONARY_MAP,SEM_CURVE_MAP,TEXT,339.820;424.527;399.266;433.792,GRAPHIC_Y_TICK_5,AXIS_TICK,215.098;388.793;219.350;550.890,TEXT_AXIS_TICK,masks/semantic/SEM_CURVE_MAP.png,masks/graphics/GRAPHIC_Y_TICK_5.png,0,503.013,502.095,3,0,PASS,native-300dpi no-dilation separated raw masks; PDF/vector bboxes are unexpanded,
REL_0246,PANEL_STATIONARY_MAP,SEM_CURVE_MAP,TEXT,339.820;424.527;399.266;433.792,GRAPHIC_Y_TICK_6,AXIS_TICK,215.098;388.793;219.350;550.890,TEXT_AXIS_TICK,masks/semantic/SEM_CURVE_MAP.png,masks/graphics/GRAPHIC_Y_TICK_6.png,0,526.887,502.095,3,0,PASS,native-300dpi no-dilation separated raw masks; PDF/vector bboxes are unexpanded,
REL_0247,PANEL_STATIONARY_MAP,SEM_CURVE_MAP,TEXT,339.820;424.527;399.266;433.792,GRAPHIC_X_AXIS,AXIS,217.224;550.890;376.731;550.890,TEXT_AXIS,masks/semantic/SEM_CURVE_MAP.png,masks/graphics/GRAPHIC_X_AXIS.png,0,487.000,487.925,3,0,PASS,native-300dpi no-dilation separated raw masks; PDF/vector bboxes are unexpanded,
REL_0248,PANEL_STATIONARY_MAP,SEM_CURVE_MAP,TEXT,339.820;424.527;399.266;433.792,GRAPHIC_X_AXIS_ARROW,ARROW,375.177;548.818;379.321;552.962,TEXT_ARROW,masks/semantic/SEM_CURVE_MAP.png,masks/graphics/GRAPHIC_X_AXIS_ARROW.png,0,486.009,479.291,3,0,PASS,native-300dpi no-dilation separated raw masks; PDF/vector bboxes are unexpanded,
REL_0249,PANEL_STATIONARY_MAP,SEM_CURVE_MAP,TEXT,339.820;424.527;399.266;433.792,GRAPHIC_Y_AXIS,AXIS,217.224;391.383;217.224;550.890,TEXT_AXIS,masks/semantic/SEM_CURVE_MAP.png,masks/graphics/GRAPHIC_Y_AXIS.png,0,509.000,510.957,3,0,PASS,native-300dpi no-dilation separated raw masks; PDF/vector bboxes are unexpanded,
REL_0250,PANEL_STATIONARY_MAP,SEM_CURVE_MAP,TEXT,339.820;424.527;399.266;433.792,GRAPHIC_Y_AXIS_ARROW,ARROW,215.152;388.793;219.296;392.937,TEXT_ARROW,masks/semantic/SEM_CURVE_MAP.png,masks/graphics/GRAPHIC_Y_AXIS_ARROW.png,0,532.922,519.280,3,0,PASS,native-300dpi no-dilation separated raw masks; PDF/vector bboxes are unexpanded,
REL_0251,PANEL_STATIONARY_MAP,SEM_CURVE_MAP,TEXT,339.820;424.527;399.266;433.792,GRAPHIC_REFERENCE_Y_EQ_R,CURVE,217.224;388.793;379.321;550.890,TEXT_CURVE,masks/semantic/SEM_CURVE_MAP.png,masks/graphics/GRAPHIC_REFERENCE_Y_EQ_R.png,30,0.000,0.000,3,0,FAIL,native-300dpi no-dilation separated raw masks; PDF/vector bboxes are unexpanded,critical/REL_0251_raw.png
REL_0252,PANEL_STATIONARY_MAP,SEM_CURVE_MAP,TEXT,339.820;424.527;399.266;433.792,GRAPHIC_MAP,CURVE,217.224;437.422;379.321;518.471,TEXT_CURVE,masks/semantic/SEM_CURVE_MAP.png,masks/graphics/GRAPHIC_MAP.png,0,23.166,15.125,3,0,PASS,native-300dpi no-dilation separated raw masks; PDF/vector bboxes are unexpanded,
REL_0253,PANEL_STATIONARY_MAP,SEM_CURVE_MAP,TEXT,339.820;424.527;399.266;433.792,GRAPHIC_COBWEB_LOW,CURVE,225.329;489.597;278.517;550.890,TEXT_CURVE,masks/semantic/SEM_CURVE_MAP.png,masks/graphics/GRAPHIC_COBWEB_LOW.png,0,345.831,345.470,3,0,PASS,native-300dpi no-dilation separated raw masks; PDF/vector bboxes are unexpanded,
REL_0254,PANEL_STATIONARY_MAP,SEM_CURVE_MAP,TEXT,339.820;424.527;399.266;433.792,GRAPHIC_COBWEB_HIGH,CURVE,287.128;445.527;363.112;550.890,TEXT_CURVE,masks/semantic/SEM_CURVE_MAP.png,masks/graphics/GRAPHIC_COBWEB_HIGH.png,0,48.000,48.896,3,0,PASS,native-300dpi no-dilation separated raw masks; PDF/vector bboxes are unexpanded,
REL_0255,PANEL_STATIONARY_MAP,SEM_CURVE_MAP,TEXT,339.820;424.527;399.266;433.792,GRAPHIC_NOTEBOX_BORDER,NODE_BORDER,282.547;509.458;336.852;533.967,TEXT_NODE_BORDER,masks/semantic/SEM_CURVE_MAP.png,masks/graphics/GRAPHIC_NOTEBOX_BORDER.png,0,316.630,315.530,5,0,PASS,native-300dpi no-dilation separated raw masks; PDF/vector bboxes are unexpanded,
REL_0256,PANEL_STATIONARY_MAP,SEM_CURVE_MAP,TEXT,339.820;424.527;399.266;433.792,GRAPHIC_FIXED_POINT,MARKER,279.373;483.361;284.753;488.741,TEXT_MARKER,masks/semantic/SEM_CURVE_MAP.png,masks/graphics/GRAPHIC_FIXED_POINT.png,0,314.013,308.765,3,0,PASS,native-300dpi no-dilation separated raw masks; PDF/vector bboxes are unexpanded,
REL_0257,PANEL_STATIONARY_MAP,SEM_CURVE_MAP,TEXT,339.820;424.527;399.266;433.792,GRAPHIC_LOW_INITIAL_MARKER,MARKER,223.237;548.798;227.421;552.982,TEXT_MARKER,masks/semantic/SEM_CURVE_MAP.png,masks/graphics/GRAPHIC_LOW_INITIAL_MARKER.png,0,670.805,670.144,3,0,PASS,native-300dpi no-dilation separated raw masks; PDF/vector bboxes are unexpanded,
REL_0258,PANEL_STATIONARY_MAP,SEM_CURVE_MAP,TEXT,339.820;424.527;399.266;433.792,GRAPHIC_HIGH_INITIAL_MARKER,MARKER,360.954;548.399;365.268;552.135,TEXT_MARKER,masks/semantic/SEM_CURVE_MAP.png,masks/graphics/GRAPHIC_HIGH_INITIAL_MARKER.png,0,486.016,477.547,3,0,PASS,native-300dpi no-dilation separated raw masks; PDF/vector bboxes are unexpanded,
REL_0259,PANEL_STATIONARY_MAP,SEM_CURVE_REFERENCE,TEXT,333.349;395.242;355.845;404.507,GRAPHIC_X_TICK_1,AXIS_TICK,217.224;548.764;379.321;553.016,TEXT_AXIS_TICK,masks/semantic/SEM_CURVE_REFERENCE.png,masks/graphics/GRAPHIC_X_TICK_1.png,0,771.592,601.090,3,0,PASS,native-300dpi no-dilation separated raw masks; PDF/vector bboxes are unexpanded,
REL_0260,PANEL_STATIONARY_MAP,SEM_CURVE_REFERENCE,TEXT,333.349;395.242;355.845;404.507,GRAPHIC_X_TICK_2,AXIS_TICK,217.224;548.764;379.321;553.016,TEXT_AXIS_TICK,masks/semantic/SEM_CURVE_REFERENCE.png,masks/graphics/GRAPHIC_X_TICK_2.png,0,695.213,601.090,3,0,PASS,native-300dpi no-dilation separated raw masks; PDF/vector bboxes are unexpanded,
REL_0261,PANEL_STATIONARY_MAP,SEM_CURVE_REFERENCE,TEXT,333.349;395.242;355.845;404.507,GRAPHIC_X_TICK_3,AXIS_TICK,217.224;548.764;379.321;553.016,TEXT_AXIS_TICK,masks/semantic/SEM_CURVE_REFERENCE.png,masks/graphics/GRAPHIC_X_TICK_3.png,0,638.241,601.090,3,0,PASS,native-300dpi no-dilation separated raw masks; PDF/vector bboxes are unexpanded,
REL_0262,PANEL_STATIONARY_MAP,SEM_CURVE_REFERENCE,TEXT,333.349;395.242;355.845;404.507,GRAPHIC_X_TICK_4,AXIS_TICK,217.224;548.764;379.321;553.016,TEXT_AXIS_TICK,masks/semantic/SEM_CURVE_REFERENCE.png,masks/graphics/GRAPHIC_X_TICK_4.png,0,606.292,601.090,3,0,PASS,native-300dpi no-dilation separated raw masks; PDF/vector bboxes are unexpanded,
REL_0263,PANEL_STATIONARY_MAP,SEM_CURVE_REFERENCE,TEXT,333.349;395.242;355.845;404.507,GRAPHIC_X_TICK_5,AXIS_TICK,217.224;548.764;379.321;553.016,TEXT_AXIS_TICK,masks/semantic/SEM_CURVE_REFERENCE.png,masks/graphics/GRAPHIC_X_TICK_5.png,0,603.156,601.090,3,0,PASS,native-300dpi no-dilation separated raw masks; PDF/vector bboxes are unexpanded,
REL_0264,PANEL_STATIONARY_MAP,SEM_CURVE_REFERENCE,TEXT,333.349;395.242;355.845;404.507,GRAPHIC_X_TICK_6,AXIS_TICK,217.224;548.764;379.321;553.016,TEXT_AXIS_TICK,masks/semantic/SEM_CURVE_REFERENCE.png,masks/graphics/GRAPHIC_X_TICK_6.png,0,619.646,601.090,3,0,PASS,native-300dpi no-dilation separated raw masks; PDF/vector bboxes are unexpanded,
REL_0265,PANEL_STATIONARY_MAP,SEM_CURVE_REFERENCE,TEXT,333.349;395.242;355.845;404.507,GRAPHIC_Y_TICK_1,AXIS_TICK,215.098;388.793;219.350;550.890,TEXT_AXIS_TICK,masks/semantic/SEM_CURVE_REFERENCE.png,masks/graphics/GRAPHIC_Y_TICK_1.png,0,772.916,475.125,3,0,PASS,native-300dpi no-dilation separated raw masks; PDF/vector bboxes are unexpanded,
REL_0266,PANEL_STATIONARY_MAP,SEM_CURVE_REFERENCE,TEXT,333.349;395.242;355.845;404.507,GRAPHIC_Y_TICK_2,AXIS_TICK,215.098;388.793;219.350;550.890,TEXT_AXIS_TICK,masks/semantic/SEM_CURVE_REFERENCE.png,masks/graphics/GRAPHIC_Y_TICK_2.png,0,671.459,475.125,3,0,PASS,native-300dpi no-dilation separated raw masks; PDF/vector bboxes are unexpanded,
REL_0267,PANEL_STATIONARY_MAP,SEM_CURVE_REFERENCE,TEXT,333.349;395.242;355.845;404.507,GRAPHIC_Y_TICK_3,AXIS_TICK,215.098;388.793;219.350;550.890,TEXT_AXIS_TICK,masks/semantic/SEM_CURVE_REFERENCE.png,masks/graphics/GRAPHIC_Y_TICK_3.png,0,583.727,475.125,3,0,PASS,native-300dpi no-dilation separated raw masks; PDF/vector bboxes are unexpanded,
REL_0268,PANEL_STATIONARY_MAP,SEM_CURVE_REFERENCE,TEXT,333.349;395.242;355.845;404.507,GRAPHIC_Y_TICK_4,AXIS_TICK,215.098;388.793;219.350;550.890,TEXT_AXIS_TICK,masks/semantic/SEM_CURVE_REFERENCE.png,masks/graphics/GRAPHIC_Y_TICK_4.png,0,516.746,475.125,3,0,PASS,native-300dpi no-dilation separated raw masks; PDF/vector bboxes are unexpanded,
REL_0269,PANEL_STATIONARY_MAP,SEM_CURVE_REFERENCE,TEXT,333.349;395.242;355.845;404.507,GRAPHIC_Y_TICK_5,AXIS_TICK,215.098;388.793;219.350;550.890,TEXT_AXIS_TICK,masks/semantic/SEM_CURVE_REFERENCE.png,masks/graphics/GRAPHIC_Y_TICK_5.png,0,479.277,475.125,3,0,PASS,native-300dpi no-dilation separated raw masks; PDF/vector bboxes are unexpanded,
REL_0270,PANEL_STATIONARY_MAP,SEM_CURVE_REFERENCE,TEXT,333.349;395.242;355.845;404.507,GRAPHIC_Y_TICK_6,AXIS_TICK,215.098;388.793;219.350;550.890,TEXT_AXIS_TICK,masks/semantic/SEM_CURVE_REFERENCE.png,masks/graphics/GRAPHIC_Y_TICK_6.png,0,477.282,475.125,3,0,PASS,native-300dpi no-dilation separated raw masks; PDF/vector bboxes are unexpanded,
REL_0271,PANEL_STATIONARY_MAP,SEM_CURVE_REFERENCE,TEXT,333.349;395.242;355.845;404.507,GRAPHIC_X_AXIS,AXIS,217.224;550.890;376.731;550.890,TEXT_AXIS,masks/semantic/SEM_CURVE_REFERENCE.png,masks/graphics/GRAPHIC_X_AXIS.png,0,609.000,609.950,3,0,PASS,native-300dpi no-dilation separated raw masks; PDF/vector bboxes are unexpanded,
REL_0272,PANEL_STATIONARY_MAP,SEM_CURVE_REFERENCE,TEXT,333.349;395.242;355.845;404.507,GRAPHIC_X_AXIS_ARROW,ARROW,375.177;548.818;379.321;552.962,TEXT_ARROW,masks/semantic/SEM_CURVE_REFERENCE.png,masks/graphics/GRAPHIC_X_AXIS_ARROW.png,0,617.037,606.690,3,0,PASS,native-300dpi no-dilation separated raw masks; PDF/vector bboxes are unexpanded,
REL_0273,PANEL_STATIONARY_MAP,SEM_CURVE_REFERENCE,TEXT,333.349;395.242;355.845;404.507,GRAPHIC_Y_AXIS,AXIS,217.224;391.383;217.224;550.890,TEXT_AXIS,masks/semantic/SEM_CURVE_REFERENCE.png,masks/graphics/GRAPHIC_Y_AXIS.png,0,482.000,483.987,3,0,PASS,native-300dpi no-dilation separated raw masks; PDF/vector bboxes are unexpanded,
REL_0274,PANEL_STATIONARY_MAP,SEM_CURVE_REFERENCE,TEXT,333.349;395.242;355.845;404.507,GRAPHIC_Y_AXIS_ARROW,ARROW,215.152;388.793;219.296;392.937,TEXT_ARROW,masks/semantic/SEM_CURVE_REFERENCE.png,masks/graphics/GRAPHIC_Y_AXIS_ARROW.png,0,485.474,475.448,3,0,PASS,native-300dpi no-dilation separated raw masks; PDF/vector bboxes are unexpanded,
REL_0275,PANEL_STATIONARY_MAP,SEM_CURVE_REFERENCE,TEXT,333.349;395.242;355.845;404.507,GRAPHIC_REFERENCE_Y_EQ_R,CURVE,217.224;388.793;379.321;550.890,TEXT_CURVE,masks/semantic/SEM_CURVE_REFERENCE.png,masks/graphics/GRAPHIC_REFERENCE_Y_EQ_R.png,0,37.184,0.000,3,0,PASS,native-300dpi no-dilation separated raw masks; PDF/vector bboxes are unexpanded,
REL_0276,PANEL_STATIONARY_MAP,SEM_CURVE_REFERENCE,TEXT,333.349;395.242;355.845;404.507,GRAPHIC_MAP,CURVE,217.224;437.422;379.321;518.471,TEXT_CURVE,masks/semantic/SEM_CURVE_REFERENCE.png,masks/graphics/GRAPHIC_MAP.png,0,178.338,137.150,3,0,PASS,native-300dpi no-dilation separated raw masks; PDF/vector bboxes are unexpanded,
REL_0277,PANEL_STATIONARY_MAP,SEM_CURVE_REFERENCE,TEXT,333.349;395.242;355.845;404.507,GRAPHIC_COBWEB_LOW,CURVE,225.329;489.597;278.517;550.890,TEXT_CURVE,masks/semantic/SEM_CURVE_REFERENCE.png,masks/graphics/GRAPHIC_COBWEB_LOW.png,0,422.293,421.822,3,0,PASS,native-300dpi no-dilation separated raw masks; PDF/vector bboxes are unexpanded,
REL_0278,PANEL_STATIONARY_MAP,SEM_CURVE_REFERENCE,TEXT,333.349;395.242;355.845;404.507,GRAPHIC_COBWEB_HIGH,CURVE,287.128;445.527;363.112;550.890,TEXT_CURVE,masks/semantic/SEM_CURVE_REFERENCE.png,masks/graphics/GRAPHIC_COBWEB_HIGH.png,0,170.000,170.921,3,0,PASS,native-300dpi no-dilation separated raw masks; PDF/vector bboxes are unexpanded,
REL_0279,PANEL_STATIONARY_MAP,SEM_CURVE_REFERENCE,TEXT,333.349;395.242;355.845;404.507,GRAPHIC_NOTEBOX_BORDER,NODE_BORDER,282.547;509.458;336.852;533.967,TEXT_NODE_BORDER,masks/semantic/SEM_CURVE_REFERENCE.png,masks/graphics/GRAPHIC_NOTEBOX_BORDER.png,0,438.000,437.312,5,0,PASS,native-300dpi no-dilation separated raw masks; PDF/vector bboxes are unexpanded,
REL_0280,PANEL_STATIONARY_MAP,SEM_CURVE_REFERENCE,TEXT,333.349;395.242;355.845;404.507,GRAPHIC_FIXED_POINT,MARKER,279.373;483.361;284.753;488.741,TEXT_MARKER,masks/semantic/SEM_CURVE_REFERENCE.png,masks/graphics/GRAPHIC_FIXED_POINT.png,0,391.307,385.980,3,0,PASS,native-300dpi no-dilation separated raw masks; PDF/vector bboxes are unexpanded,
REL_0281,PANEL_STATIONARY_MAP,SEM_CURVE_REFERENCE,TEXT,333.349;395.242;355.845;404.507,GRAPHIC_LOW_INITIAL_MARKER,MARKER,223.237;548.798;227.421;552.982,TEXT_MARKER,masks/semantic/SEM_CURVE_REFERENCE.png,masks/graphics/GRAPHIC_LOW_INITIAL_MARKER.png,0,746.645,745.917,3,0,PASS,native-300dpi no-dilation separated raw masks; PDF/vector bboxes are unexpanded,
REL_0282,PANEL_STATIONARY_MAP,SEM_CURVE_REFERENCE,TEXT,333.349;395.242;355.845;404.507,GRAPHIC_HIGH_INITIAL_MARKER,MARKER,360.954;548.399;365.268;552.135,TEXT_MARKER,masks/semantic/SEM_CURVE_REFERENCE.png,masks/graphics/GRAPHIC_HIGH_INITIAL_MARKER.png,0,610.514,599.950,3,0,PASS,native-300dpi no-dilation separated raw masks; PDF/vector bboxes are unexpanded,
REL_0283,PANEL_STATIONARY_MAP,SEM_FIXED_POINT,TEXT,243.760;471.181;275.653;481.776,GRAPHIC_X_TICK_1,AXIS_TICK,217.224;548.764;379.321;553.016,TEXT_AXIS_TICK,masks/semantic/SEM_FIXED_POINT.png,masks/graphics/GRAPHIC_X_TICK_1.png,0,308.226,279.126,3,0,PASS,native-300dpi no-dilation separated raw masks; PDF/vector bboxes are unexpanded,
REL_0284,PANEL_STATIONARY_MAP,SEM_FIXED_POINT,TEXT,243.760;471.181;275.653;481.776,GRAPHIC_X_TICK_2,AXIS_TICK,217.224;548.764;379.321;553.016,TEXT_AXIS_TICK,masks/semantic/SEM_FIXED_POINT.png,masks/graphics/GRAPHIC_X_TICK_2.png,0,288.691,279.126,3,0,PASS,native-300dpi no-dilation separated raw masks; PDF/vector bboxes are unexpanded,
REL_0285,PANEL_STATIONARY_MAP,SEM_FIXED_POINT,TEXT,243.760;471.181;275.653;481.776,GRAPHIC_X_TICK_3,AXIS_TICK,217.224;548.764;379.321;553.016,TEXT_AXIS_TICK,masks/semantic/SEM_FIXED_POINT.png,masks/graphics/GRAPHIC_X_TICK_3.png,0,289.658,279.126,3,0,PASS,native-300dpi no-dilation separated raw masks; PDF/vector bboxes are unexpanded,
REL_0286,PANEL_STATIONARY_MAP,SEM_FIXED_POINT,TEXT,243.760;471.181;275.653;481.776,GRAPHIC_X_TICK_4,AXIS_TICK,217.224;548.764;379.321;553.016,TEXT_AXIS_TICK,masks/semantic/SEM_FIXED_POINT.png,masks/graphics/GRAPHIC_X_TICK_4.png,0,332.282,279.126,3,0,PASS,native-300dpi no-dilation separated raw masks; PDF/vector bboxes are unexpanded,
REL_0287,PANEL_STATIONARY_MAP,SEM_FIXED_POINT,TEXT,243.760;471.181;275.653;481.776,GRAPHIC_X_TICK_5,AXIS_TICK,217.224;548.764;379.321;553.016,TEXT_AXIS_TICK,masks/semantic/SEM_FIXED_POINT.png,masks/graphics/GRAPHIC_X_TICK_5.png,0,416.279,279.126,3,0,PASS,native-300dpi no-dilation separated raw masks; PDF/vector bboxes are unexpanded,
REL_0288,PANEL_STATIONARY_MAP,SEM_FIXED_POINT,TEXT,243.760;471.181;275.653;481.776,GRAPHIC_X_TICK_6,AXIS_TICK,217.224;548.764;379.321;553.016,TEXT_AXIS_TICK,masks/semantic/SEM_FIXED_POINT.png,masks/graphics/GRAPHIC_X_TICK_6.png,0,522.084,279.126,3,0,PASS,native-300dpi no-dilation separated raw masks; PDF/vector bboxes are unexpanded,
REL_0289,PANEL_STATIONARY_MAP,SEM_FIXED_POINT,TEXT,243.760;471.181;275.653;481.776,GRAPHIC_Y_TICK_1,AXIS_TICK,215.098;388.793;219.350;550.890,TEXT_AXIS_TICK,masks/semantic/SEM_FIXED_POINT.png,masks/graphics/GRAPHIC_Y_TICK_1.png,0,313.027,101.735,3,0,PASS,native-300dpi no-dilation separated raw masks; PDF/vector bboxes are unexpanded,
REL_0290,PANEL_STATIONARY_MAP,SEM_FIXED_POINT,TEXT,243.760;471.181;275.653;481.776,GRAPHIC_Y_TICK_2,AXIS_TICK,215.098;388.793;219.350;550.890,TEXT_AXIS_TICK,masks/semantic/SEM_FIXED_POINT.png,masks/graphics/GRAPHIC_Y_TICK_2.png,0,190.437,101.735,3,0,PASS,native-300dpi no-dilation separated raw masks; PDF/vector bboxes are unexpanded,
REL_0291,PANEL_STATIONARY_MAP,SEM_FIXED_POINT,TEXT,243.760;471.181;275.653;481.776,GRAPHIC_Y_TICK_3,AXIS_TICK,215.098;388.793;219.350;550.890,TEXT_AXIS_TICK,masks/semantic/SEM_FIXED_POINT.png,masks/graphics/GRAPHIC_Y_TICK_3.png,0,104.513,101.735,3,0,PASS,native-300dpi no-dilation separated raw masks; PDF/vector bboxes are unexpanded,
REL_0292,PANEL_STATIONARY_MAP,SEM_FIXED_POINT,TEXT,243.760;471.181;275.653;481.776,GRAPHIC_Y_TICK_4,AXIS_TICK,215.098;388.793;219.350;550.890,TEXT_AXIS_TICK,masks/semantic/SEM_FIXED_POINT.png,masks/graphics/GRAPHIC_Y_TICK_4.png,0,134.473,101.735,3,0,PASS,native-300dpi no-dilation separated raw masks; PDF/vector bboxes are unexpanded,
REL_0293,PANEL_STATIONARY_MAP,SEM_FIXED_POINT,TEXT,243.760;471.181;275.653;481.776,GRAPHIC_Y_TICK_5,AXIS_TICK,215.098;388.793;219.350;550.890,TEXT_AXIS_TICK,masks/semantic/SEM_FIXED_POINT.png,masks/graphics/GRAPHIC_Y_TICK_5.png,0,244.638,101.735,3,0,PASS,native-300dpi no-dilation separated raw masks; PDF/vector bboxes are unexpanded,
REL_0294,PANEL_STATIONARY_MAP,SEM_FIXED_POINT,TEXT,243.760;471.181;275.653;481.776,GRAPHIC_Y_TICK_6,AXIS_TICK,215.098;388.793;219.350;550.890,TEXT_AXIS_TICK,masks/semantic/SEM_FIXED_POINT.png,masks/graphics/GRAPHIC_Y_TICK_6.png,0,368.432,101.735,3,0,PASS,native-300dpi no-dilation separated raw masks; PDF/vector bboxes are unexpanded,
REL_0295,PANEL_STATIONARY_MAP,SEM_FIXED_POINT,TEXT,243.760;471.181;275.653;481.776,GRAPHIC_X_AXIS,AXIS,217.224;550.890;376.731;550.890,TEXT_AXIS,masks/semantic/SEM_FIXED_POINT.png,masks/graphics/GRAPHIC_X_AXIS.png,0,295.000,287.986,3,0,PASS,native-300dpi no-dilation separated raw masks; PDF/vector bboxes are unexpanded,
REL_0296,PANEL_STATIONARY_MAP,SEM_FIXED_POINT,TEXT,243.760;471.181;275.653;481.776,GRAPHIC_X_AXIS_ARROW,ARROW,375.177;548.818;379.321;552.962,TEXT_ARROW,masks/semantic/SEM_FIXED_POINT.png,masks/graphics/GRAPHIC_X_AXIS_ARROW.png,0,508.824,500.092,3,0,PASS,native-300dpi no-dilation separated raw masks; PDF/vector bboxes are unexpanded,
REL_0297,PANEL_STATIONARY_MAP,SEM_FIXED_POINT,TEXT,243.760;471.181;275.653;481.776,GRAPHIC_Y_AXIS,AXIS,217.224;391.383;217.224;550.890,TEXT_AXIS,masks/semantic/SEM_FIXED_POINT.png,masks/graphics/GRAPHIC_Y_AXIS.png,0,109.000,110.597,3,0,PASS,native-300dpi no-dilation separated raw masks; PDF/vector bboxes are unexpanded,
REL_0298,PANEL_STATIONARY_MAP,SEM_FIXED_POINT,TEXT,243.760;471.181;275.653;481.776,GRAPHIC_Y_AXIS_ARROW,ARROW,215.152;388.793;219.296;392.937,TEXT_ARROW,masks/semantic/SEM_FIXED_POINT.png,masks/graphics/GRAPHIC_Y_AXIS_ARROW.png,0,360.093,341.598,3,0,PASS,native-300dpi no-dilation separated raw masks; PDF/vector bboxes are unexpanded,
REL_0299,PANEL_STATIONARY_MAP,SEM_FIXED_POINT,TEXT,243.760;471.181;275.653;481.776,GRAPHIC_REFERENCE_Y_EQ_R,CURVE,217.224;388.793;379.321;550.890,TEXT_CURVE,masks/semantic/SEM_FIXED_POINT.png,masks/graphics/GRAPHIC_REFERENCE_Y_EQ_R.png,0,40.400,0.000,3,0,PASS,native-300dpi no-dilation separated raw masks; PDF/vector bboxes are unexpanded,
REL_0300,PANEL_STATIONARY_MAP,SEM_FIXED_POINT,TEXT,243.760;471.181;275.653;481.776,GRAPHIC_MAP,CURVE,217.224;437.422;379.321;518.471,TEXT_CURVE,masks/semantic/SEM_FIXED_POINT.png,masks/graphics/GRAPHIC_MAP.png,0,36.696,0.000,3,0,PASS,native-300dpi no-dilation separated raw masks; PDF/vector bboxes are unexpanded,
REL_0301,PANEL_STATIONARY_MAP,SEM_FIXED_POINT,TEXT,243.760;471.181;275.653;481.776,GRAPHIC_COBWEB_LOW,CURVE,225.329;489.597;278.517;550.890,TEXT_CURVE,masks/semantic/SEM_FIXED_POINT.png,masks/graphics/GRAPHIC_COBWEB_LOW.png,0,41.107,32.589,3,0,PASS,native-300dpi no-dilation separated raw masks; PDF/vector bboxes are unexpanded,
REL_0302,PANEL_STATIONARY_MAP,SEM_FIXED_POINT,TEXT,243.760;471.181;275.653;481.776,GRAPHIC_COBWEB_HIGH,CURVE,287.128;445.527;363.112;550.890,TEXT_CURVE,masks/semantic/SEM_FIXED_POINT.png,masks/graphics/GRAPHIC_COBWEB_HIGH.png,0,49.448,47.826,3,0,PASS,native-300dpi no-dilation separated raw masks; PDF/vector bboxes are unexpanded,
REL_0303,PANEL_STATIONARY_MAP,SEM_FIXED_POINT,TEXT,243.760;471.181;275.653;481.776,GRAPHIC_NOTEBOX_BORDER,NODE_BORDER,282.547;509.458;336.852;533.967,TEXT_NODE_BORDER,masks/semantic/SEM_FIXED_POINT.png,masks/graphics/GRAPHIC_NOTEBOX_BORDER.png,0,131.503,118.872,5,0,PASS,native-300dpi no-dilation separated raw masks; PDF/vector bboxes are unexpanded,
REL_0304,PANEL_STATIONARY_MAP,SEM_FIXED_POINT,TEXT,243.760;471.181;275.653;481.776,GRAPHIC_FIXED_POINT,MARKER,279.373;483.361;284.753;488.741,TEXT_MARKER,masks/semantic/SEM_FIXED_POINT.png,masks/graphics/GRAPHIC_FIXED_POINT.png,0,30.241,16.851,3,0,PASS,native-300dpi no-dilation separated raw masks; PDF/vector bboxes are unexpanded,
REL_0305,PANEL_STATIONARY_MAP,SEM_FIXED_POINT,TEXT,243.760;471.181;275.653;481.776,GRAPHIC_LOW_INITIAL_MARKER,MARKER,223.237;548.798;227.421;552.982,TEXT_MARKER,masks/semantic/SEM_FIXED_POINT.png,masks/graphics/GRAPHIC_LOW_INITIAL_MARKER.png,0,296.123,287.451,3,0,PASS,native-300dpi no-dilation separated raw masks; PDF/vector bboxes are unexpanded,
REL_0306,PANEL_STATIONARY_MAP,SEM_FIXED_POINT,TEXT,243.760;471.181;275.653;481.776,GRAPHIC_HIGH_INITIAL_MARKER,MARKER,360.954;548.399;365.268;552.135,TEXT_MARKER,masks/semantic/SEM_FIXED_POINT.png,masks/graphics/GRAPHIC_HIGH_INITIAL_MARKER.png,0,467.702,451.065,3,0,PASS,native-300dpi no-dilation separated raw masks; PDF/vector bboxes are unexpanded,
REL_0307,PANEL_STATIONARY_MAP,SEM_INITIAL_HIGH,TEXT,320.584;537.219;354.404;547.655,GRAPHIC_X_TICK_1,AXIS_TICK,217.224;548.764;379.321;553.016,TEXT_AXIS_TICK,masks/semantic/SEM_INITIAL_HIGH.png,masks/graphics/GRAPHIC_X_TICK_1.png,0,430.464,4.620,3,0,PASS,native-300dpi no-dilation separated raw masks; PDF/vector bboxes are unexpanded,
REL_0308,PANEL_STATIONARY_MAP,SEM_INITIAL_HIGH,TEXT,320.584;537.219;354.404;547.655,GRAPHIC_X_TICK_2,AXIS_TICK,217.224;548.764;379.321;553.016,TEXT_AXIS_TICK,masks/semantic/SEM_INITIAL_HIGH.png,masks/graphics/GRAPHIC_X_TICK_2.png,0,295.675,4.620,3,0,PASS,native-300dpi no-dilation separated raw masks; PDF/vector bboxes are unexpanded,
REL_0309,PANEL_STATIONARY_MAP,SEM_INITIAL_HIGH,TEXT,320.584;537.219;354.404;547.655,GRAPHIC_X_TICK_3,AXIS_TICK,217.224;548.764;379.321;553.016,TEXT_AXIS_TICK,masks/semantic/SEM_INITIAL_HIGH.png,masks/graphics/GRAPHIC_X_TICK_3.png,0,161.237,4.620,3,0,PASS,native-300dpi no-dilation separated raw masks; PDF/vector bboxes are unexpanded,
REL_0310,PANEL_STATIONARY_MAP,SEM_INITIAL_HIGH,TEXT,320.584;537.219;354.404;547.655,GRAPHIC_X_TICK_4,AXIS_TICK,217.224;548.764;379.321;553.016,TEXT_AXIS_TICK,masks/semantic/SEM_INITIAL_HIGH.png,masks/graphics/GRAPHIC_X_TICK_4.png,0,31.802,4.620,3,0,PASS,native-300dpi no-dilation separated raw masks; PDF/vector bboxes are unexpanded,
REL_0311,PANEL_STATIONARY_MAP,SEM_INITIAL_HIGH,TEXT,320.584;537.219;354.404;547.655,GRAPHIC_X_TICK_5,AXIS_TICK,217.224;548.764;379.321;553.016,TEXT_AXIS_TICK,masks/semantic/SEM_INITIAL_HIGH.png,masks/graphics/GRAPHIC_X_TICK_5.png,0,18.416,4.620,3,0,PASS,native-300dpi no-dilation separated raw masks; PDF/vector bboxes are unexpanded,
REL_0312,PANEL_STATIONARY_MAP,SEM_INITIAL_HIGH,TEXT,320.584;537.219;354.404;547.655,GRAPHIC_X_TICK_6,AXIS_TICK,217.224;548.764;379.321;553.016,TEXT_AXIS_TICK,masks/semantic/SEM_INITIAL_HIGH.png,masks/graphics/GRAPHIC_X_TICK_6.png,0,108.142,4.620,3,0,PASS,native-300dpi no-dilation separated raw masks; PDF/vector bboxes are unexpanded,
REL_0313,PANEL_STATIONARY_MAP,SEM_INITIAL_HIGH,TEXT,320.584;537.219;354.404;547.655,GRAPHIC_Y_TICK_1,AXIS_TICK,215.098;388.793;219.350;550.890,TEXT_AXIS_TICK,masks/semantic/SEM_INITIAL_HIGH.png,masks/graphics/GRAPHIC_Y_TICK_1.png,0,422.926,421.923,3,0,PASS,native-300dpi no-dilation separated raw masks; PDF/vector bboxes are unexpanded,
REL_0314,PANEL_STATIONARY_MAP,SEM_INITIAL_HIGH,TEXT,320.584;537.219;354.404;547.655,GRAPHIC_Y_TICK_2,AXIS_TICK,215.098;388.793;219.350;550.890,TEXT_AXIS_TICK,masks/semantic/SEM_INITIAL_HIGH.png,masks/graphics/GRAPHIC_Y_TICK_2.png,0,431.634,421.923,3,0,PASS,native-300dpi no-dilation separated raw masks; PDF/vector bboxes are unexpanded,
REL_0315,PANEL_STATIONARY_MAP,SEM_INITIAL_HIGH,TEXT,320.584;537.219;354.404;547.655,GRAPHIC_Y_TICK_3,AXIS_TICK,215.098;388.793;219.350;550.890,TEXT_AXIS_TICK,masks/semantic/SEM_INITIAL_HIGH.png,masks/graphics/GRAPHIC_Y_TICK_3.png,0,477.139,421.923,3,0,PASS,native-300dpi no-dilation separated raw masks; PDF/vector bboxes are unexpanded,
REL_0316,PANEL_STATIONARY_MAP,SEM_INITIAL_HIGH,TEXT,320.584;537.219;354.404;547.655,GRAPHIC_Y_TICK_4,AXIS_TICK,215.098;388.793;219.350;550.890,TEXT_AXIS_TICK,masks/semantic/SEM_INITIAL_HIGH.png,masks/graphics/GRAPHIC_Y_TICK_4.png,0,552.635,421.923,3,0,PASS,native-300dpi no-dilation separated raw masks; PDF/vector bboxes are unexpanded,
REL_0317,PANEL_STATIONARY_MAP,SEM_INITIAL_HIGH,TEXT,320.584;537.219;354.404;547.655,GRAPHIC_Y_TICK_5,AXIS_TICK,215.098;388.793;219.350;550.890,TEXT_AXIS_TICK,masks/semantic/SEM_INITIAL_HIGH.png,masks/graphics/GRAPHIC_Y_TICK_5.png,0,647.735,421.923,3,0,PASS,native-300dpi no-dilation separated raw masks; PDF/vector bboxes are unexpanded,
REL_0318,PANEL_STATIONARY_MAP,SEM_INITIAL_HIGH,TEXT,320.584;537.219;354.404;547.655,GRAPHIC_Y_TICK_6,AXIS_TICK,215.098;388.793;219.350;550.890,TEXT_AXIS_TICK,masks/semantic/SEM_INITIAL_HIGH.png,masks/graphics/GRAPHIC_Y_TICK_6.png,0,755.077,421.923,3,0,PASS,native-300dpi no-dilation separated raw masks; PDF/vector bboxes are unexpanded,
REL_0319,PANEL_STATIONARY_MAP,SEM_INITIAL_HIGH,TEXT,320.584;537.219;354.404;547.655,GRAPHIC_X_AXIS,AXIS,217.224;550.890;376.731;550.890,TEXT_AXIS,masks/semantic/SEM_INITIAL_HIGH.png,masks/graphics/GRAPHIC_X_AXIS.png,0,18.000,13.480,3,0,PASS,native-300dpi no-dilation separated raw masks; PDF/vector bboxes are unexpanded,
REL_0320,PANEL_STATIONARY_MAP,SEM_INITIAL_HIGH,TEXT,320.584;537.219;354.404;547.655,GRAPHIC_X_AXIS_ARROW,ARROW,375.177;548.818;379.321;552.962,TEXT_ARROW,masks/semantic/SEM_INITIAL_HIGH.png,masks/graphics/GRAPHIC_X_AXIS_ARROW.png,0,92.680,86.711,3,0,PASS,native-300dpi no-dilation separated raw masks; PDF/vector bboxes are unexpanded,
REL_0321,PANEL_STATIONARY_MAP,SEM_INITIAL_HIGH,TEXT,320.584;537.219;354.404;547.655,GRAPHIC_Y_AXIS,AXIS,217.224;391.383;217.224;550.890,TEXT_AXIS,masks/semantic/SEM_INITIAL_HIGH.png,masks/graphics/GRAPHIC_Y_AXIS.png,0,430.000,430.785,3,0,PASS,native-300dpi no-dilation separated raw masks; PDF/vector bboxes are unexpanded,
REL_0322,PANEL_STATIONARY_MAP,SEM_INITIAL_HIGH,TEXT,320.584;537.219;354.404;547.655,GRAPHIC_Y_AXIS_ARROW,ARROW,215.152;388.793;219.296;392.937,TEXT_ARROW,masks/semantic/SEM_INITIAL_HIGH.png,masks/graphics/GRAPHIC_Y_AXIS_ARROW.png,0,752.170,734.605,3,0,PASS,native-300dpi no-dilation separated raw masks; PDF/vector bboxes are unexpanded,
REL_0323,PANEL_STATIONARY_MAP,SEM_INITIAL_HIGH,TEXT,320.584;537.219;354.404;547.655,GRAPHIC_REFERENCE_Y_EQ_R,CURVE,217.224;388.793;379.321;550.890,TEXT_CURVE,masks/semantic/SEM_INITIAL_HIGH.png,masks/graphics/GRAPHIC_REFERENCE_Y_EQ_R.png,0,270.529,0.000,3,0,PASS,native-300dpi no-dilation separated raw masks; PDF/vector bboxes are unexpanded,
REL_0324,PANEL_STATIONARY_MAP,SEM_INITIAL_HIGH,TEXT,320.584;537.219;354.404;547.655,GRAPHIC_MAP,CURVE,217.224;437.422;379.321;518.471,TEXT_CURVE,masks/semantic/SEM_INITIAL_HIGH.png,masks/graphics/GRAPHIC_MAP.png,0,267.777,78.120,3,0,PASS,native-300dpi no-dilation separated raw masks; PDF/vector bboxes are unexpanded,
REL_0325,PANEL_STATIONARY_MAP,SEM_INITIAL_HIGH,TEXT,320.584;537.219;354.404;547.655,GRAPHIC_COBWEB_LOW,CURVE,225.329;489.597;278.517;550.890,TEXT_CURVE,masks/semantic/SEM_INITIAL_HIGH.png,masks/graphics/GRAPHIC_COBWEB_LOW.png,0,270.529,175.327,3,0,PASS,native-300dpi no-dilation separated raw masks; PDF/vector bboxes are unexpanded,
REL_0326,PANEL_STATIONARY_MAP,SEM_INITIAL_HIGH,TEXT,320.584;537.219;354.404;547.655,GRAPHIC_COBWEB_HIGH,CURVE,287.128;445.527;363.112;550.890,TEXT_CURVE,masks/semantic/SEM_INITIAL_HIGH.png,masks/graphics/GRAPHIC_COBWEB_HIGH.png,0,37.000,0.000,3,0,PASS,native-300dpi no-dilation separated raw masks; PDF/vector bboxes are unexpanded,
REL_0327,PANEL_STATIONARY_MAP,SEM_INITIAL_HIGH,TEXT,320.584;537.219;354.404;547.655,GRAPHIC_NOTEBOX_BORDER,NODE_BORDER,282.547;509.458;336.852;533.967,TEXT_NODE_BORDER,masks/semantic/SEM_INITIAL_HIGH.png,masks/graphics/GRAPHIC_NOTEBOX_BORDER.png,0,21.000,13.551,5,0,PASS,native-300dpi no-dilation separated raw masks; PDF/vector bboxes are unexpanded,
REL_0328,PANEL_STATIONARY_MAP,SEM_INITIAL_HIGH,TEXT,320.584;537.219;354.404;547.655,GRAPHIC_FIXED_POINT,MARKER,279.373;483.361;284.753;488.741,TEXT_MARKER,masks/semantic/SEM_INITIAL_HIGH.png,masks/graphics/GRAPHIC_FIXED_POINT.png,0,263.237,251.207,3,0,PASS,native-300dpi no-dilation separated raw masks; PDF/vector bboxes are unexpanded,
REL_0329,PANEL_STATIONARY_MAP,SEM_INITIAL_HIGH,TEXT,320.584;537.219;354.404;547.655,GRAPHIC_LOW_INITIAL_MARKER,MARKER,223.237;548.798;227.421;552.982,TEXT_MARKER,masks/semantic/SEM_INITIAL_HIGH.png,masks/graphics/GRAPHIC_LOW_INITIAL_MARKER.png,0,389.512,388.315,3,0,PASS,native-300dpi no-dilation separated raw masks; PDF/vector bboxes are unexpanded,
REL_0330,PANEL_STATIONARY_MAP,SEM_INITIAL_HIGH,TEXT,320.584;537.219;354.404;547.655,GRAPHIC_HIGH_INITIAL_MARKER,MARKER,360.954;548.399;365.268;552.135,TEXT_MARKER,masks/semantic/SEM_INITIAL_HIGH.png,masks/graphics/GRAPHIC_HIGH_INITIAL_MARKER.png,0,45.141,27.475,3,0,PASS,native-300dpi no-dilation separated raw masks; PDF/vector bboxes are unexpanded,
REL_0331,PANEL_STATIONARY_MAP,SEM_INITIAL_LOW,TEXT,234.027;535.505;267.462;545.941,GRAPHIC_X_TICK_1,AXIS_TICK,217.224;548.764;379.321;553.016,TEXT_AXIS_TICK,masks/semantic/SEM_INITIAL_LOW.png,masks/graphics/GRAPHIC_X_TICK_1.png,0,74.961,11.762,3,0,PASS,native-300dpi no-dilation separated raw masks; PDF/vector bboxes are unexpanded,
REL_0332,PANEL_STATIONARY_MAP,SEM_INITIAL_LOW,TEXT,234.027;535.505;267.462;545.941,GRAPHIC_X_TICK_2,AXIS_TICK,217.224;548.764;379.321;553.016,TEXT_AXIS_TICK,masks/semantic/SEM_INITIAL_LOW.png,masks/graphics/GRAPHIC_X_TICK_2.png,0,30.000,11.762,3,0,PASS,native-300dpi no-dilation separated raw masks; PDF/vector bboxes are unexpanded,
REL_0333,PANEL_STATIONARY_MAP,SEM_INITIAL_LOW,TEXT,234.027;535.505;267.462;545.941,GRAPHIC_X_TICK_3,AXIS_TICK,217.224;548.764;379.321;553.016,TEXT_AXIS_TICK,masks/semantic/SEM_INITIAL_LOW.png,masks/graphics/GRAPHIC_X_TICK_3.png,0,69.214,11.762,3,0,PASS,native-300dpi no-dilation separated raw masks; PDF/vector bboxes are unexpanded,
REL_0334,PANEL_STATIONARY_MAP,SEM_INITIAL_LOW,TEXT,234.027;535.505;267.462;545.941,GRAPHIC_X_TICK_4,AXIS_TICK,217.224;548.764;379.321;553.016,TEXT_AXIS_TICK,masks/semantic/SEM_INITIAL_LOW.png,masks/graphics/GRAPHIC_X_TICK_4.png,0,199.412,11.762,3,0,PASS,native-300dpi no-dilation separated raw masks; PDF/vector bboxes are unexpanded,
REL_0335,PANEL_STATIONARY_MAP,SEM_INITIAL_LOW,TEXT,234.027;535.505;267.462;545.941,GRAPHIC_X_TICK_5,AXIS_TICK,217.224;548.764;379.321;553.016,TEXT_AXIS_TICK,masks/semantic/SEM_INITIAL_LOW.png,masks/graphics/GRAPHIC_X_TICK_5.png,0,333.440,11.762,3,0,PASS,native-300dpi no-dilation separated raw masks; PDF/vector bboxes are unexpanded,
REL_0336,PANEL_STATIONARY_MAP,SEM_INITIAL_LOW,TEXT,234.027;535.505;267.462;545.941,GRAPHIC_X_TICK_6,AXIS_TICK,217.224;548.764;379.321;553.016,TEXT_AXIS_TICK,masks/semantic/SEM_INITIAL_LOW.png,masks/graphics/GRAPHIC_X_TICK_6.png,0,468.026,11.762,3,0,PASS,native-300dpi no-dilation separated raw masks; PDF/vector bboxes are unexpanded,
REL_0337,PANEL_STATIONARY_MAP,SEM_INITIAL_LOW,TEXT,234.027;535.505;267.462;545.941,GRAPHIC_Y_TICK_1,AXIS_TICK,215.098;388.793;219.350;550.890,TEXT_AXIS_TICK,masks/semantic/SEM_INITIAL_LOW.png,masks/graphics/GRAPHIC_Y_TICK_1.png,0,71.069,61.169,3,0,PASS,native-300dpi no-dilation separated raw masks; PDF/vector bboxes are unexpanded,
REL_0338,PANEL_STATIONARY_MAP,SEM_INITIAL_LOW,TEXT,234.027;535.505;267.462;545.941,GRAPHIC_Y_TICK_2,AXIS_TICK,215.098;388.793;219.350;550.890,TEXT_AXIS_TICK,masks/semantic/SEM_INITIAL_LOW.png,masks/graphics/GRAPHIC_Y_TICK_2.png,0,100.671,61.169,3,0,PASS,native-300dpi no-dilation separated raw masks; PDF/vector bboxes are unexpanded,
REL_0339,PANEL_STATIONARY_MAP,SEM_INITIAL_LOW,TEXT,234.027;535.505;267.462;545.941,GRAPHIC_Y_TICK_3,AXIS_TICK,215.098;388.793;219.350;550.890,TEXT_AXIS_TICK,masks/semantic/SEM_INITIAL_LOW.png,masks/graphics/GRAPHIC_Y_TICK_3.png,0,222.365,61.169,3,0,PASS,native-300dpi no-dilation separated raw masks; PDF/vector bboxes are unexpanded,
REL_0340,PANEL_STATIONARY_MAP,SEM_INITIAL_LOW,TEXT,234.027;535.505;267.462;545.941,GRAPHIC_Y_TICK_4,AXIS_TICK,215.098;388.793;219.350;550.890,TEXT_AXIS_TICK,masks/semantic/SEM_INITIAL_LOW.png,masks/graphics/GRAPHIC_Y_TICK_4.png,0,353.820,61.169,3,0,PASS,native-300dpi no-dilation separated raw masks; PDF/vector bboxes are unexpanded,
REL_0341,PANEL_STATIONARY_MAP,SEM_INITIAL_LOW,TEXT,234.027;535.505;267.462;545.941,GRAPHIC_Y_TICK_5,AXIS_TICK,215.098;388.793;219.350;550.890,TEXT_AXIS_TICK,masks/semantic/SEM_INITIAL_LOW.png,masks/graphics/GRAPHIC_Y_TICK_5.png,0,487.213,61.169,3,0,PASS,native-300dpi no-dilation separated raw masks; PDF/vector bboxes are unexpanded,
REL_0342,PANEL_STATIONARY_MAP,SEM_INITIAL_LOW,TEXT,234.027;535.505;267.462;545.941,GRAPHIC_Y_TICK_6,AXIS_TICK,215.098;388.793;219.350;550.890,TEXT_AXIS_TICK,masks/semantic/SEM_INITIAL_LOW.png,masks/graphics/GRAPHIC_Y_TICK_6.png,0,621.300,61.169,3,0,PASS,native-300dpi no-dilation separated raw masks; PDF/vector bboxes are unexpanded,
REL_0343,PANEL_STATIONARY_MAP,SEM_INITIAL_LOW,TEXT,234.027;535.505;267.462;545.941,GRAPHIC_X_AXIS,AXIS,217.224;550.890;376.731;550.890,TEXT_AXIS,masks/semantic/SEM_INITIAL_LOW.png,masks/graphics/GRAPHIC_X_AXIS.png,0,25.000,20.622,3,0,PASS,native-300dpi no-dilation separated raw masks; PDF/vector bboxes are unexpanded,
REL_0344,PANEL_STATIONARY_MAP,SEM_INITIAL_LOW,TEXT,234.027;535.505;267.462;545.941,GRAPHIC_X_AXIS_ARROW,ARROW,375.177;548.818;379.321;552.962,TEXT_ARROW,masks/semantic/SEM_INITIAL_LOW.png,masks/graphics/GRAPHIC_X_AXIS_ARROW.png,0,452.062,449.093,3,0,PASS,native-300dpi no-dilation separated raw masks; PDF/vector bboxes are unexpanded,
REL_0345,PANEL_STATIONARY_MAP,SEM_INITIAL_LOW,TEXT,234.027;535.505;267.462;545.941,GRAPHIC_Y_AXIS,AXIS,217.224;391.383;217.224;550.890,TEXT_AXIS,masks/semantic/SEM_INITIAL_LOW.png,masks/graphics/GRAPHIC_Y_AXIS.png,0,70.000,70.032,3,0,PASS,native-300dpi no-dilation separated raw masks; PDF/vector bboxes are unexpanded,
REL_0346,PANEL_STATIONARY_MAP,SEM_INITIAL_LOW,TEXT,234.027;535.505;267.462;545.941,GRAPHIC_Y_AXIS_ARROW,ARROW,215.152;388.793;219.296;392.937,TEXT_ARROW,masks/semantic/SEM_INITIAL_LOW.png,masks/graphics/GRAPHIC_Y_AXIS_ARROW.png,0,607.550,597.217,3,0,PASS,native-300dpi no-dilation separated raw masks; PDF/vector bboxes are unexpanded,
REL_0347,PANEL_STATIONARY_MAP,SEM_INITIAL_LOW,TEXT,234.027;535.505;267.462;545.941,GRAPHIC_REFERENCE_Y_EQ_R,CURVE,217.224;388.793;379.321;550.890,TEXT_CURVE,masks/semantic/SEM_INITIAL_LOW.png,masks/graphics/GRAPHIC_REFERENCE_Y_EQ_R.png,0,11.042,0.000,3,0,PASS,native-300dpi no-dilation separated raw masks; PDF/vector bboxes are unexpanded,
REL_0348,PANEL_STATIONARY_MAP,SEM_INITIAL_LOW,TEXT,234.027;535.505;267.462;545.941,GRAPHIC_MAP,CURVE,217.224;437.422;379.321;518.471,TEXT_CURVE,masks/semantic/SEM_INITIAL_LOW.png,masks/graphics/GRAPHIC_MAP.png,0,101.215,70.979,3,0,PASS,native-300dpi no-dilation separated raw masks; PDF/vector bboxes are unexpanded,
REL_0349,PANEL_STATIONARY_MAP,SEM_INITIAL_LOW,TEXT,234.027;535.505;267.462;545.941,GRAPHIC_COBWEB_LOW,CURVE,225.329;489.597;278.517;550.890,TEXT_CURVE,masks/semantic/SEM_INITIAL_LOW.png,masks/graphics/GRAPHIC_COBWEB_LOW.png,0,36.000,0.000,3,0,PASS,native-300dpi no-dilation separated raw masks; PDF/vector bboxes are unexpanded,
REL_0350,PANEL_STATIONARY_MAP,SEM_INITIAL_LOW,TEXT,234.027;535.505;267.462;545.941,GRAPHIC_COBWEB_HIGH,CURVE,287.128;445.527;363.112;550.890,TEXT_CURVE,masks/semantic/SEM_INITIAL_LOW.png,masks/graphics/GRAPHIC_COBWEB_HIGH.png,0,244.204,81.964,3,0,PASS,native-300dpi no-dilation separated raw masks; PDF/vector bboxes are unexpanded,
REL_0351,PANEL_STATIONARY_MAP,SEM_INITIAL_LOW,TEXT,234.027;535.505;267.462;545.941,GRAPHIC_NOTEBOX_BORDER,NODE_BORDER,282.547;509.458;336.852;533.967,TEXT_NODE_BORDER,masks/semantic/SEM_INITIAL_LOW.png,masks/graphics/GRAPHIC_NOTEBOX_BORDER.png,0,67.884,63.194,5,0,PASS,native-300dpi no-dilation separated raw masks; PDF/vector bboxes are unexpanded,
REL_0352,PANEL_STATIONARY_MAP,SEM_INITIAL_LOW,TEXT,234.027;535.505;267.462;545.941,GRAPHIC_FIXED_POINT,MARKER,279.373;483.361;284.753;488.741,TEXT_MARKER,masks/semantic/SEM_INITIAL_LOW.png,masks/graphics/GRAPHIC_FIXED_POINT.png,0,207.139,201.080,3,0,PASS,native-300dpi no-dilation separated raw masks; PDF/vector bboxes are unexpanded,
REL_0353,PANEL_STATIONARY_MAP,SEM_INITIAL_LOW,TEXT,234.027;535.505;267.462;545.941,GRAPHIC_LOW_INITIAL_MARKER,MARKER,223.237;548.798;227.421;552.982,TEXT_MARKER,masks/semantic/SEM_INITIAL_LOW.png,masks/graphics/GRAPHIC_LOW_INITIAL_MARKER.png,0,39.361,29.996,3,0,PASS,native-300dpi no-dilation separated raw masks; PDF/vector bboxes are unexpanded,
REL_0354,PANEL_STATIONARY_MAP,SEM_INITIAL_LOW,TEXT,234.027;535.505;267.462;545.941,GRAPHIC_HIGH_INITIAL_MARKER,MARKER,360.954;548.399;365.268;552.135,TEXT_MARKER,masks/semantic/SEM_INITIAL_LOW.png,masks/graphics/GRAPHIC_HIGH_INITIAL_MARKER.png,0,394.568,389.792,3,0,PASS,native-300dpi no-dilation separated raw masks; PDF/vector bboxes are unexpanded,
REL_0355,PANEL_STATIONARY_MAP,SEM_NOTEBOX_PARENT,TEXT,284.738;512.383;334.654;533.159,GRAPHIC_X_TICK_1,AXIS_TICK,217.224;548.764;379.321;553.016,TEXT_AXIS_TICK,masks/semantic/SEM_NOTEBOX_PARENT.png,masks/graphics/GRAPHIC_X_TICK_1.png,0,305.741,65.022,3,0,PASS,native-300dpi no-dilation separated raw masks; PDF/vector bboxes are unexpanded,
REL_0356,PANEL_STATIONARY_MAP,SEM_NOTEBOX_PARENT,TEXT,284.738;512.383;334.654;533.159,GRAPHIC_X_TICK_2,AXIS_TICK,217.224;548.764;379.321;553.016,TEXT_AXIS_TICK,masks/semantic/SEM_NOTEBOX_PARENT.png,masks/graphics/GRAPHIC_X_TICK_2.png,0,187.693,65.022,3,0,PASS,native-300dpi no-dilation separated raw masks; PDF/vector bboxes are unexpanded,
REL_0357,PANEL_STATIONARY_MAP,SEM_NOTEBOX_PARENT,TEXT,284.738;512.383;334.654;533.159,GRAPHIC_X_TICK_3,AXIS_TICK,217.224;548.764;379.321;553.016,TEXT_AXIS_TICK,masks/semantic/SEM_NOTEBOX_PARENT.png,masks/graphics/GRAPHIC_X_TICK_3.png,0,81.765,65.022,3,0,PASS,native-300dpi no-dilation separated raw masks; PDF/vector bboxes are unexpanded,
REL_0358,PANEL_STATIONARY_MAP,SEM_NOTEBOX_PARENT,TEXT,284.738;512.383;334.654;533.159,GRAPHIC_X_TICK_4,AXIS_TICK,217.224;548.764;379.321;553.016,TEXT_AXIS_TICK,masks/semantic/SEM_NOTEBOX_PARENT.png,masks/graphics/GRAPHIC_X_TICK_4.png,0,72.335,65.022,3,0,PASS,native-300dpi no-dilation separated raw masks; PDF/vector bboxes are unexpanded,
REL_0359,PANEL_STATIONARY_MAP,SEM_NOTEBOX_PARENT,TEXT,284.738;512.383;334.654;533.159,GRAPHIC_X_TICK_5,AXIS_TICK,217.224;548.764;379.321;553.016,TEXT_AXIS_TICK,masks/semantic/SEM_NOTEBOX_PARENT.png,masks/graphics/GRAPHIC_X_TICK_5.png,0,112.358,65.022,3,0,PASS,native-300dpi no-dilation separated raw masks; PDF/vector bboxes are unexpanded,
REL_0360,PANEL_STATIONARY_MAP,SEM_NOTEBOX_PARENT,TEXT,284.738;512.383;334.654;533.159,GRAPHIC_X_TICK_6,AXIS_TICK,217.224;548.764;379.321;553.016,TEXT_AXIS_TICK,masks/semantic/SEM_NOTEBOX_PARENT.png,masks/graphics/GRAPHIC_X_TICK_6.png,0,223.956,65.022,3,0,PASS,native-300dpi no-dilation separated raw masks; PDF/vector bboxes are unexpanded,
REL_0361,PANEL_STATIONARY_MAP,SEM_NOTEBOX_PARENT,TEXT,284.738;512.383;334.654;533.159,GRAPHIC_Y_TICK_1,AXIS_TICK,215.098;388.793;219.350;550.890,TEXT_AXIS_TICK,masks/semantic/SEM_NOTEBOX_PARENT.png,masks/graphics/GRAPHIC_Y_TICK_1.png,0,301.804,272.524,3,0,PASS,native-300dpi no-dilation separated raw masks; PDF/vector bboxes are unexpanded,
REL_0362,PANEL_STATIONARY_MAP,SEM_NOTEBOX_PARENT,TEXT,284.738;512.383;334.654;533.159,GRAPHIC_Y_TICK_2,AXIS_TICK,215.098;388.793;219.350;550.890,TEXT_AXIS_TICK,masks/semantic/SEM_NOTEBOX_PARENT.png,masks/graphics/GRAPHIC_Y_TICK_2.png,0,272.007,272.524,3,0,PASS,native-300dpi no-dilation separated raw masks; PDF/vector bboxes are unexpanded,
REL_0363,PANEL_STATIONARY_MAP,SEM_NOTEBOX_PARENT,TEXT,284.738;512.383;334.654;533.159,GRAPHIC_Y_TICK_3,AXIS_TICK,215.098;388.793;219.350;550.890,TEXT_AXIS_TICK,masks/semantic/SEM_NOTEBOX_PARENT.png,masks/graphics/GRAPHIC_Y_TICK_3.png,0,296.809,272.524,3,0,PASS,native-300dpi no-dilation separated raw masks; PDF/vector bboxes are unexpanded,
REL_0364,PANEL_STATIONARY_MAP,SEM_NOTEBOX_PARENT,TEXT,284.738;512.383;334.654;533.159,GRAPHIC_Y_TICK_4,AXIS_TICK,215.098;388.793;219.350;550.890,TEXT_AXIS_TICK,masks/semantic/SEM_NOTEBOX_PARENT.png,masks/graphics/GRAPHIC_Y_TICK_4.png,0,371.055,272.524,3,0,PASS,native-300dpi no-dilation separated raw masks; PDF/vector bboxes are unexpanded,
REL_0365,PANEL_STATIONARY_MAP,SEM_NOTEBOX_PARENT,TEXT,284.738;512.383;334.654;533.159,GRAPHIC_Y_TICK_5,AXIS_TICK,215.098;388.793;219.350;550.890,TEXT_AXIS_TICK,masks/semantic/SEM_NOTEBOX_PARENT.png,masks/graphics/GRAPHIC_Y_TICK_5.png,0,470.807,272.524,3,0,PASS,native-300dpi no-dilation separated raw masks; PDF/vector bboxes are unexpanded,
REL_0366,PANEL_STATIONARY_MAP,SEM_NOTEBOX_PARENT,TEXT,284.738;512.383;334.654;533.159,GRAPHIC_Y_TICK_6,AXIS_TICK,215.098;388.793;219.350;550.890,TEXT_AXIS_TICK,masks/semantic/SEM_NOTEBOX_PARENT.png,masks/graphics/GRAPHIC_Y_TICK_6.png,0,584.796,272.524,3,0,PASS,native-300dpi no-dilation separated raw masks; PDF/vector bboxes are unexpanded,
REL_0367,PANEL_STATIONARY_MAP,SEM_NOTEBOX_PARENT,TEXT,284.738;512.383;334.654;533.159,GRAPHIC_X_AXIS,AXIS,217.224;550.890;376.731;550.890,TEXT_AXIS,masks/semantic/SEM_NOTEBOX_PARENT.png,masks/graphics/GRAPHIC_X_AXIS.png,0,80.000,73.882,3,0,PASS,native-300dpi no-dilation separated raw masks; PDF/vector bboxes are unexpanded,
REL_0368,PANEL_STATIONARY_MAP,SEM_NOTEBOX_PARENT,TEXT,284.738;512.383;334.654;533.159,GRAPHIC_X_AXIS_ARROW,ARROW,375.177;548.818;379.321;552.962,TEXT_ARROW,masks/semantic/SEM_NOTEBOX_PARENT.png,masks/graphics/GRAPHIC_X_AXIS_ARROW.png,0,210.691,181.057,3,0,PASS,native-300dpi no-dilation separated raw masks; PDF/vector bboxes are unexpanded,
REL_0369,PANEL_STATIONARY_MAP,SEM_NOTEBOX_PARENT,TEXT,284.738;512.383;334.654;533.159,GRAPHIC_Y_AXIS,AXIS,217.224;391.383;217.224;550.890,TEXT_AXIS,masks/semantic/SEM_NOTEBOX_PARENT.png,masks/graphics/GRAPHIC_Y_AXIS.png,0,280.000,281.386,3,0,PASS,native-300dpi no-dilation separated raw masks; PDF/vector bboxes are unexpanded,
REL_0370,PANEL_STATIONARY_MAP,SEM_NOTEBOX_PARENT,TEXT,284.738;512.383;334.654;533.159,GRAPHIC_Y_AXIS_ARROW,ARROW,215.152;388.793;219.296;392.937,TEXT_ARROW,masks/semantic/SEM_NOTEBOX_PARENT.png,masks/graphics/GRAPHIC_Y_AXIS_ARROW.png,0,579.866,567.545,3,0,PASS,native-300dpi no-dilation separated raw masks; PDF/vector bboxes are unexpanded,
REL_0371,PANEL_STATIONARY_MAP,SEM_NOTEBOX_PARENT,TEXT,284.738;512.383;334.654;533.159,GRAPHIC_REFERENCE_Y_EQ_R,CURVE,217.224;388.793;379.321;550.890,TEXT_CURVE,masks/semantic/SEM_NOTEBOX_PARENT.png,masks/graphics/GRAPHIC_REFERENCE_Y_EQ_R.png,0,90.220,0.000,3,0,PASS,native-300dpi no-dilation separated raw masks; PDF/vector bboxes are unexpanded,
REL_0372,PANEL_STATIONARY_MAP,SEM_NOTEBOX_PARENT,TEXT,284.738;512.383;334.654;533.159,GRAPHIC_MAP,CURVE,217.224;437.422;379.321;518.471,TEXT_CURVE,masks/semantic/SEM_NOTEBOX_PARENT.png,masks/graphics/GRAPHIC_MAP.png,0,104.119,0.000,3,0,PASS,native-300dpi no-dilation separated raw masks; PDF/vector bboxes are unexpanded,
REL_0373,PANEL_STATIONARY_MAP,SEM_NOTEBOX_PARENT,TEXT,284.738;512.383;334.654;533.159,GRAPHIC_COBWEB_LOW,CURVE,225.329;489.597;278.517;550.890,TEXT_CURVE,masks/semantic/SEM_NOTEBOX_PARENT.png,masks/graphics/GRAPHIC_COBWEB_LOW.png,0,91.849,25.928,3,0,PASS,native-300dpi no-dilation separated raw masks; PDF/vector bboxes are unexpanded,
REL_0374,PANEL_STATIONARY_MAP,SEM_NOTEBOX_PARENT,TEXT,284.738;512.383;334.654;533.159,GRAPHIC_COBWEB_HIGH,CURVE,287.128;445.527;363.112;550.890,TEXT_CURVE,masks/semantic/SEM_NOTEBOX_PARENT.png,masks/graphics/GRAPHIC_COBWEB_HIGH.png,0,121.000,0.000,3,0,PASS,native-300dpi no-dilation separated raw masks; PDF/vector bboxes are unexpanded,
REL_0375,PANEL_STATIONARY_MAP,SEM_NOTEBOX_PARENT,TEXT,284.738;512.383;334.654;533.159,GRAPHIC_NOTEBOX_BORDER,NODE_BORDER,282.547;509.458;336.852;533.967,TEXT_NODE_BORDER,masks/semantic/SEM_NOTEBOX_PARENT.png,masks/graphics/GRAPHIC_NOTEBOX_BORDER.png,0,6.000,0.000,5,0,PASS,native-300dpi no-dilation separated raw masks; PDF/vector bboxes are unexpanded,critical/REL_0375_raw.png
REL_0376,PANEL_STATIONARY_MAP,SEM_NOTEBOX_PARENT,TEXT,284.738;512.383;334.654;533.159,GRAPHIC_FIXED_POINT,MARKER,279.373;483.361;284.753;488.741,TEXT_MARKER,masks/semantic/SEM_NOTEBOX_PARENT.png,masks/graphics/GRAPHIC_FIXED_POINT.png,0,99.449,98.513,3,0,PASS,native-300dpi no-dilation separated raw masks; PDF/vector bboxes are unexpanded,
REL_0377,PANEL_STATIONARY_MAP,SEM_NOTEBOX_PARENT,TEXT,284.738;512.383;334.654;533.159,GRAPHIC_LOW_INITIAL_MARKER,MARKER,223.237;548.798;227.421;552.982,TEXT_MARKER,masks/semantic/SEM_NOTEBOX_PARENT.png,masks/graphics/GRAPHIC_LOW_INITIAL_MARKER.png,0,268.683,247.615,3,0,PASS,native-300dpi no-dilation separated raw masks; PDF/vector bboxes are unexpanded,
REL_0378,PANEL_STATIONARY_MAP,SEM_NOTEBOX_PARENT,TEXT,284.738;512.383;334.654;533.159,GRAPHIC_HIGH_INITIAL_MARKER,MARKER,360.954;548.399;365.268;552.135,TEXT_MARKER,masks/semantic/SEM_NOTEBOX_PARENT.png,masks/graphics/GRAPHIC_HIGH_INITIAL_MARKER.png,0,168.806,126.683,3,0,PASS,native-300dpi no-dilation separated raw masks; PDF/vector bboxes are unexpanded,
REL_0379,PANEL_STATIONARY_MAP,SEM_XTICK_0,TEXT,214.711;556.045;219.738;564.713,GRAPHIC_X_TICK_1,AXIS_TICK,217.224;548.764;379.321;553.016,TEXT_AXIS_TICK,masks/semantic/SEM_XTICK_0.png,masks/graphics/GRAPHIC_X_TICK_1.png,0,14.000,12.622,3,0,PASS,native-300dpi no-dilation separated raw masks; PDF/vector bboxes are unexpanded,
REL_0380,PANEL_STATIONARY_MAP,SEM_XTICK_0,TEXT,214.711;556.045;219.738;564.713,GRAPHIC_X_TICK_2,AXIS_TICK,217.224;548.764;379.321;553.016,TEXT_AXIS_TICK,masks/semantic/SEM_XTICK_0.png,masks/graphics/GRAPHIC_X_TICK_2.png,0,127.655,12.622,3,0,PASS,native-300dpi no-dilation separated raw masks; PDF/vector bboxes are unexpanded,
REL_0381,PANEL_STATIONARY_MAP,SEM_XTICK_0,TEXT,214.711;556.045;219.738;564.713,GRAPHIC_X_TICK_3,AXIS_TICK,217.224;548.764;379.321;553.016,TEXT_AXIS_TICK,masks/semantic/SEM_XTICK_0.png,masks/graphics/GRAPHIC_X_TICK_3.png,0,261.292,12.622,3,0,PASS,native-300dpi no-dilation separated raw masks; PDF/vector bboxes are unexpanded,
REL_0382,PANEL_STATIONARY_MAP,SEM_XTICK_0,TEXT,214.711;556.045;219.738;564.713,GRAPHIC_X_TICK_4,AXIS_TICK,217.224;548.764;379.321;553.016,TEXT_AXIS_TICK,masks/semantic/SEM_XTICK_0.png,masks/graphics/GRAPHIC_X_TICK_4.png,0,395.853,12.622,3,0,PASS,native-300dpi no-dilation separated raw masks; PDF/vector bboxes are unexpanded,
REL_0383,PANEL_STATIONARY_MAP,SEM_XTICK_0,TEXT,214.711;556.045;219.738;564.713,GRAPHIC_X_TICK_5,AXIS_TICK,217.224;548.764;379.321;553.016,TEXT_AXIS_TICK,masks/semantic/SEM_XTICK_0.png,masks/graphics/GRAPHIC_X_TICK_5.png,0,530.636,12.622,3,0,PASS,native-300dpi no-dilation separated raw masks; PDF/vector bboxes are unexpanded,
REL_0384,PANEL_STATIONARY_MAP,SEM_XTICK_0,TEXT,214.711;556.045;219.738;564.713,GRAPHIC_X_TICK_6,AXIS_TICK,217.224;548.764;379.321;553.016,TEXT_AXIS_TICK,masks/semantic/SEM_XTICK_0.png,masks/graphics/GRAPHIC_X_TICK_6.png,0,665.507,12.622,3,0,PASS,native-300dpi no-dilation separated raw masks; PDF/vector bboxes are unexpanded,
REL_0385,PANEL_STATIONARY_MAP,SEM_XTICK_0,TEXT,214.711;556.045;219.738;564.713,GRAPHIC_Y_TICK_1,AXIS_TICK,215.098;388.793;219.350;550.890,TEXT_AXIS_TICK,masks/semantic/SEM_XTICK_0.png,masks/graphics/GRAPHIC_Y_TICK_1.png,0,22.000,21.482,3,0,PASS,native-300dpi no-dilation separated raw masks; PDF/vector bboxes are unexpanded,
REL_0386,PANEL_STATIONARY_MAP,SEM_XTICK_0,TEXT,214.711;556.045;219.738;564.713,GRAPHIC_Y_TICK_2,AXIS_TICK,215.098;388.793;219.350;550.890,TEXT_AXIS_TICK,masks/semantic/SEM_XTICK_0.png,masks/graphics/GRAPHIC_Y_TICK_2.png,0,157.000,21.482,3,0,PASS,native-300dpi no-dilation separated raw masks; PDF/vector bboxes are unexpanded,
REL_0387,PANEL_STATIONARY_MAP,SEM_XTICK_0,TEXT,214.711;556.045;219.738;564.713,GRAPHIC_Y_TICK_3,AXIS_TICK,215.098;388.793;219.350;550.890,TEXT_AXIS_TICK,masks/semantic/SEM_XTICK_0.png,masks/graphics/GRAPHIC_Y_TICK_3.png,0,292.000,21.482,3,0,PASS,native-300dpi no-dilation separated raw masks; PDF/vector bboxes are unexpanded,
REL_0388,PANEL_STATIONARY_MAP,SEM_XTICK_0,TEXT,214.711;556.045;219.738;564.713,GRAPHIC_Y_TICK_4,AXIS_TICK,215.098;388.793;219.350;550.890,TEXT_AXIS_TICK,masks/semantic/SEM_XTICK_0.png,masks/graphics/GRAPHIC_Y_TICK_4.png,0,427.000,21.482,3,0,PASS,native-300dpi no-dilation separated raw masks; PDF/vector bboxes are unexpanded,
REL_0389,PANEL_STATIONARY_MAP,SEM_XTICK_0,TEXT,214.711;556.045;219.738;564.713,GRAPHIC_Y_TICK_5,AXIS_TICK,215.098;388.793;219.350;550.890,TEXT_AXIS_TICK,masks/semantic/SEM_XTICK_0.png,masks/graphics/GRAPHIC_Y_TICK_5.png,0,562.000,21.482,3,0,PASS,native-300dpi no-dilation separated raw masks; PDF/vector bboxes are unexpanded,
REL_0390,PANEL_STATIONARY_MAP,SEM_XTICK_0,TEXT,214.711;556.045;219.738;564.713,GRAPHIC_Y_TICK_6,AXIS_TICK,215.098;388.793;219.350;550.890,TEXT_AXIS_TICK,masks/semantic/SEM_XTICK_0.png,masks/graphics/GRAPHIC_Y_TICK_6.png,0,697.000,21.482,3,0,PASS,native-300dpi no-dilation separated raw masks; PDF/vector bboxes are unexpanded,
REL_0391,PANEL_STATIONARY_MAP,SEM_XTICK_0,TEXT,214.711;556.045;219.738;564.713,GRAPHIC_X_AXIS,AXIS,217.224;550.890;376.731;550.890,TEXT_AXIS,masks/semantic/SEM_XTICK_0.png,masks/graphics/GRAPHIC_X_AXIS.png,0,22.022,21.482,3,0,PASS,native-300dpi no-dilation separated raw masks; PDF/vector bboxes are unexpanded,
REL_0392,PANEL_STATIONARY_MAP,SEM_XTICK_0,TEXT,214.711;556.045;219.738;564.713,GRAPHIC_X_AXIS_ARROW,ARROW,375.177;548.818;379.321;552.962,TEXT_ARROW,masks/semantic/SEM_XTICK_0.png,masks/graphics/GRAPHIC_X_AXIS_ARROW.png,0,650.488,647.967,3,0,PASS,native-300dpi no-dilation separated raw masks; PDF/vector bboxes are unexpanded,
REL_0393,PANEL_STATIONARY_MAP,SEM_XTICK_0,TEXT,214.711;556.045;219.738;564.713,GRAPHIC_Y_AXIS,AXIS,217.224;391.383;217.224;550.890,TEXT_AXIS,masks/semantic/SEM_XTICK_0.png,masks/graphics/GRAPHIC_Y_AXIS.png,0,23.000,21.482,3,0,PASS,native-300dpi no-dilation separated raw masks; PDF/vector bboxes are unexpanded,
REL_0394,PANEL_STATIONARY_MAP,SEM_XTICK_0,TEXT,214.711;556.045;219.738;564.713,GRAPHIC_Y_AXIS_ARROW,ARROW,215.152;388.793;219.296;392.937,TEXT_ARROW,masks/semantic/SEM_XTICK_0.png,masks/graphics/GRAPHIC_Y_AXIS_ARROW.png,0,681.047,679.642,3,0,PASS,native-300dpi no-dilation separated raw masks; PDF/vector bboxes are unexpanded,
REL_0395,PANEL_STATIONARY_MAP,SEM_XTICK_0,TEXT,214.711;556.045;219.738;564.713,GRAPHIC_REFERENCE_Y_EQ_R,CURVE,217.224;388.793;379.321;550.890,TEXT_CURVE,masks/semantic/SEM_XTICK_0.png,masks/graphics/GRAPHIC_REFERENCE_Y_EQ_R.png,0,22.022,21.482,3,0,PASS,native-300dpi no-dilation separated raw masks; PDF/vector bboxes are unexpanded,
REL_0396,PANEL_STATIONARY_MAP,SEM_XTICK_0,TEXT,214.711;556.045;219.738;564.713,GRAPHIC_MAP,CURVE,217.224;437.422;379.321;518.471,TEXT_CURVE,masks/semantic/SEM_XTICK_0.png,masks/graphics/GRAPHIC_MAP.png,0,156.013,156.567,3,0,PASS,native-300dpi no-dilation separated raw masks; PDF/vector bboxes are unexpanded,
REL_0397,PANEL_STATIONARY_MAP,SEM_XTICK_0,TEXT,214.711;556.045;219.738;564.713,GRAPHIC_COBWEB_LOW,CURVE,225.329;489.597;278.517;550.890,TEXT_CURVE,masks/semantic/SEM_XTICK_0.png,masks/graphics/GRAPHIC_COBWEB_LOW.png,0,37.897,31.692,3,0,PASS,native-300dpi no-dilation separated raw masks; PDF/vector bboxes are unexpanded,
REL_0398,PANEL_STATIONARY_MAP,SEM_XTICK_0,TEXT,214.711;556.045;219.738;564.713,GRAPHIC_COBWEB_HIGH,CURVE,287.128;445.527;363.112;550.890,TEXT_CURVE,masks/semantic/SEM_XTICK_0.png,masks/graphics/GRAPHIC_COBWEB_HIGH.png,0,425.878,281.690,3,0,PASS,native-300dpi no-dilation separated raw masks; PDF/vector bboxes are unexpanded,
REL_0399,PANEL_STATIONARY_MAP,SEM_XTICK_0,TEXT,214.711;556.045;219.738;564.713,GRAPHIC_NOTEBOX_BORDER,NODE_BORDER,282.547;509.458;336.852;533.967,TEXT_NODE_BORDER,masks/semantic/SEM_XTICK_0.png,masks/graphics/GRAPHIC_NOTEBOX_BORDER.png,0,285.714,277.470,5,0,PASS,native-300dpi no-dilation separated raw masks; PDF/vector bboxes are unexpanded,
REL_0400,PANEL_STATIONARY_MAP,SEM_XTICK_0,TEXT,214.711;556.045;219.738;564.713,GRAPHIC_FIXED_POINT,MARKER,279.373;483.361;284.753;488.741,TEXT_MARKER,masks/semantic/SEM_XTICK_0.png,masks/graphics/GRAPHIC_FIXED_POINT.png,0,385.663,374.733,3,0,PASS,native-300dpi no-dilation separated raw masks; PDF/vector bboxes are unexpanded,
REL_0401,PANEL_STATIONARY_MAP,SEM_XTICK_0,TEXT,214.711;556.045;219.738;564.713,GRAPHIC_LOW_INITIAL_MARKER,MARKER,223.237;548.798;227.421;552.982,TEXT_MARKER,masks/semantic/SEM_XTICK_0.png,masks/graphics/GRAPHIC_LOW_INITIAL_MARKER.png,0,25.907,19.379,3,0,PASS,native-300dpi no-dilation separated raw masks; PDF/vector bboxes are unexpanded,
REL_0402,PANEL_STATIONARY_MAP,SEM_XTICK_0,TEXT,214.711;556.045;219.738;564.713,GRAPHIC_HIGH_INITIAL_MARKER,MARKER,360.954;548.399;365.268;552.135,TEXT_MARKER,masks/semantic/SEM_XTICK_0.png,masks/graphics/GRAPHIC_HIGH_INITIAL_MARKER.png,0,590.761,588.789,3,0,PASS,native-300dpi no-dilation separated raw masks; PDF/vector bboxes are unexpanded,
REL_0403,PANEL_STATIONARY_MAP,SEM_XTICK_02,TEXT,243.589;556.062;255.697;564.730,GRAPHIC_X_TICK_1,AXIS_TICK,217.224;548.764;379.321;553.016,TEXT_AXIS_TICK,masks/semantic/SEM_XTICK_02.png,masks/graphics/GRAPHIC_X_TICK_1.png,0,110.987,12.692,3,0,PASS,native-300dpi no-dilation separated raw masks; PDF/vector bboxes are unexpanded,
REL_0404,PANEL_STATIONARY_MAP,SEM_XTICK_02,TEXT,243.589;556.062;255.697;564.730,GRAPHIC_X_TICK_2,AXIS_TICK,217.224;548.764;379.321;553.016,TEXT_AXIS_TICK,masks/semantic/SEM_XTICK_02.png,masks/graphics/GRAPHIC_X_TICK_2.png,0,17.868,12.692,3,0,PASS,native-300dpi no-dilation separated raw masks; PDF/vector bboxes are unexpanded,
REL_0405,PANEL_STATIONARY_MAP,SEM_XTICK_02,TEXT,243.589;556.062;255.697;564.730,GRAPHIC_X_TICK_3,AXIS_TICK,217.224;548.764;379.321;553.016,TEXT_AXIS_TICK,masks/semantic/SEM_XTICK_02.png,masks/graphics/GRAPHIC_X_TICK_3.png,0,112.772,12.692,3,0,PASS,native-300dpi no-dilation separated raw masks; PDF/vector bboxes are unexpanded,
REL_0406,PANEL_STATIONARY_MAP,SEM_XTICK_02,TEXT,243.589;556.062;255.697;564.730,GRAPHIC_X_TICK_4,AXIS_TICK,217.224;548.764;379.321;553.016,TEXT_AXIS_TICK,masks/semantic/SEM_XTICK_02.png,masks/graphics/GRAPHIC_X_TICK_4.png,0,246.808,12.692,3,0,PASS,native-300dpi no-dilation separated raw masks; PDF/vector bboxes are unexpanded,
REL_0407,PANEL_STATIONARY_MAP,SEM_XTICK_02,TEXT,243.589;556.062;255.697;564.730,GRAPHIC_X_TICK_5,AXIS_TICK,217.224;548.764;379.321;553.016,TEXT_AXIS_TICK,masks/semantic/SEM_XTICK_02.png,masks/graphics/GRAPHIC_X_TICK_5.png,0,381.426,12.692,3,0,PASS,native-300dpi no-dilation separated raw masks; PDF/vector bboxes are unexpanded,
REL_0408,PANEL_STATIONARY_MAP,SEM_XTICK_02,TEXT,243.589;556.062;255.697;564.730,GRAPHIC_X_TICK_6,AXIS_TICK,217.224;548.764;379.321;553.016,TEXT_AXIS_TICK,masks/semantic/SEM_XTICK_02.png,masks/graphics/GRAPHIC_X_TICK_6.png,0,516.054,12.692,3,0,PASS,native-300dpi no-dilation separated raw masks; PDF/vector bboxes are unexpanded,
REL_0409,PANEL_STATIONARY_MAP,SEM_XTICK_02,TEXT,243.589;556.062;255.697;564.730,GRAPHIC_Y_TICK_1,AXIS_TICK,215.098;388.793;219.350;550.890,TEXT_AXIS_TICK,masks/semantic/SEM_XTICK_02.png,masks/graphics/GRAPHIC_Y_TICK_1.png,0,105.042,103.296,3,0,PASS,native-300dpi no-dilation separated raw masks; PDF/vector bboxes are unexpanded,
REL_0410,PANEL_STATIONARY_MAP,SEM_XTICK_02,TEXT,243.589;556.062;255.697;564.730,GRAPHIC_Y_TICK_2,AXIS_TICK,215.098;388.793;219.350;550.890,TEXT_AXIS_TICK,masks/semantic/SEM_XTICK_02.png,masks/graphics/GRAPHIC_Y_TICK_2.png,0,190.094,103.296,3,0,PASS,native-300dpi no-dilation separated raw masks; PDF/vector bboxes are unexpanded,
REL_0411,PANEL_STATIONARY_MAP,SEM_XTICK_02,TEXT,243.589;556.062;255.697;564.730,GRAPHIC_Y_TICK_3,AXIS_TICK,215.098;388.793;219.350;550.890,TEXT_AXIS_TICK,masks/semantic/SEM_XTICK_02.png,masks/graphics/GRAPHIC_Y_TICK_3.png,0,311.525,103.296,3,0,PASS,native-300dpi no-dilation separated raw masks; PDF/vector bboxes are unexpanded,
REL_0412,PANEL_STATIONARY_MAP,SEM_XTICK_02,TEXT,243.589;556.062;255.697;564.730,GRAPHIC_Y_TICK_4,AXIS_TICK,215.098;388.793;219.350;550.890,TEXT_AXIS_TICK,masks/semantic/SEM_XTICK_02.png,masks/graphics/GRAPHIC_Y_TICK_4.png,0,440.902,103.296,3,0,PASS,native-300dpi no-dilation separated raw masks; PDF/vector bboxes are unexpanded,
REL_0413,PANEL_STATIONARY_MAP,SEM_XTICK_02,TEXT,243.589;556.062;255.697;564.730,GRAPHIC_Y_TICK_5,AXIS_TICK,215.098;388.793;219.350;550.890,TEXT_AXIS_TICK,masks/semantic/SEM_XTICK_02.png,masks/graphics/GRAPHIC_Y_TICK_5.png,0,572.645,103.296,3,0,PASS,native-300dpi no-dilation separated raw masks; PDF/vector bboxes are unexpanded,
REL_0414,PANEL_STATIONARY_MAP,SEM_XTICK_02,TEXT,243.589;556.062;255.697;564.730,GRAPHIC_Y_TICK_6,AXIS_TICK,215.098;388.793;219.350;550.890,TEXT_AXIS_TICK,masks/semantic/SEM_XTICK_02.png,masks/graphics/GRAPHIC_Y_TICK_6.png,0,705.614,103.296,3,0,PASS,native-300dpi no-dilation separated raw masks; PDF/vector bboxes are unexpanded,
REL_0415,PANEL_STATIONARY_MAP,SEM_XTICK_02,TEXT,243.589;556.062;255.697;564.730,GRAPHIC_X_AXIS,AXIS,217.224;550.890;376.731;550.890,TEXT_AXIS,masks/semantic/SEM_XTICK_02.png,masks/graphics/GRAPHIC_X_AXIS.png,0,22.000,21.552,3,0,PASS,native-300dpi no-dilation separated raw masks; PDF/vector bboxes are unexpanded,
REL_0416,PANEL_STATIONARY_MAP,SEM_XTICK_02,TEXT,243.589;556.062;255.697;564.730,GRAPHIC_X_AXIS_ARROW,ARROW,375.177;548.818;379.321;552.962,TEXT_ARROW,masks/semantic/SEM_XTICK_02.png,masks/graphics/GRAPHIC_X_AXIS_ARROW.png,0,501.439,498.135,3,0,PASS,native-300dpi no-dilation separated raw masks; PDF/vector bboxes are unexpanded,
REL_0417,PANEL_STATIONARY_MAP,SEM_XTICK_02,TEXT,243.589;556.062;255.697;564.730,GRAPHIC_Y_AXIS,AXIS,217.224;391.383;217.224;550.890,TEXT_AXIS,masks/semantic/SEM_XTICK_02.png,masks/graphics/GRAPHIC_Y_AXIS.png,0,113.018,111.978,3,0,PASS,native-300dpi no-dilation separated raw masks; PDF/vector bboxes are unexpanded,
REL_0418,PANEL_STATIONARY_MAP,SEM_XTICK_02,TEXT,243.589;556.062;255.697;564.730,GRAPHIC_Y_AXIS_ARROW,ARROW,215.152;388.793;219.296;392.937,TEXT_ARROW,masks/semantic/SEM_XTICK_02.png,masks/graphics/GRAPHIC_Y_AXIS_ARROW.png,0,692.908,687.212,3,0,PASS,native-300dpi no-dilation separated raw masks; PDF/vector bboxes are unexpanded,
REL_0419,PANEL_STATIONARY_MAP,SEM_XTICK_02,TEXT,243.589;556.062;255.697;564.730,GRAPHIC_REFERENCE_Y_EQ_R,CURVE,217.224;388.793;379.321;550.890,TEXT_CURVE,masks/semantic/SEM_XTICK_02.png,masks/graphics/GRAPHIC_REFERENCE_Y_EQ_R.png,0,97.290,21.552,3,0,PASS,native-300dpi no-dilation separated raw masks; PDF/vector bboxes are unexpanded,
REL_0420,PANEL_STATIONARY_MAP,SEM_XTICK_02,TEXT,243.589;556.062;255.697;564.730,GRAPHIC_MAP,CURVE,217.224;437.422;379.321;518.471,TEXT_CURVE,masks/semantic/SEM_XTICK_02.png,masks/graphics/GRAPHIC_MAP.png,0,191.419,156.638,3,0,PASS,native-300dpi no-dilation separated raw masks; PDF/vector bboxes are unexpanded,
REL_0421,PANEL_STATIONARY_MAP,SEM_XTICK_02,TEXT,243.589;556.062;255.697;564.730,GRAPHIC_COBWEB_LOW,CURVE,225.329;489.597;278.517;550.890,TEXT_CURVE,masks/semantic/SEM_XTICK_02.png,masks/graphics/GRAPHIC_COBWEB_LOW.png,0,80.707,21.552,3,0,PASS,native-300dpi no-dilation separated raw masks; PDF/vector bboxes are unexpanded,
REL_0422,PANEL_STATIONARY_MAP,SEM_XTICK_02,TEXT,243.589;556.062;255.697;564.730,GRAPHIC_COBWEB_HIGH,CURVE,287.128;445.527;363.112;550.890,TEXT_CURVE,masks/semantic/SEM_XTICK_02.png,masks/graphics/GRAPHIC_COBWEB_HIGH.png,0,342.903,132.759,3,0,PASS,native-300dpi no-dilation separated raw masks; PDF/vector bboxes are unexpanded,
REL_0423,PANEL_STATIONARY_MAP,SEM_XTICK_02,TEXT,243.589;556.062;255.697;564.730,GRAPHIC_NOTEBOX_BORDER,NODE_BORDER,282.547;509.458;336.852;533.967,TEXT_NODE_BORDER,masks/semantic/SEM_XTICK_02.png,masks/graphics/GRAPHIC_NOTEBOX_BORDER.png,0,154.322,144.910,5,0,PASS,native-300dpi no-dilation separated raw masks; PDF/vector bboxes are unexpanded,
REL_0424,PANEL_STATIONARY_MAP,SEM_XTICK_02,TEXT,243.589;556.062;255.697;564.730,GRAPHIC_FIXED_POINT,MARKER,279.373;483.361;284.753;488.741,TEXT_MARKER,masks/semantic/SEM_XTICK_02.png,masks/graphics/GRAPHIC_FIXED_POINT.png,0,305.026,297.364,3,0,PASS,native-300dpi no-dilation separated raw masks; PDF/vector bboxes are unexpanded,
REL_0425,PANEL_STATIONARY_MAP,SEM_XTICK_02,TEXT,243.589;556.062;255.697;564.730,GRAPHIC_LOW_INITIAL_MARKER,MARKER,223.237;548.798;227.421;552.982,TEXT_MARKER,masks/semantic/SEM_XTICK_02.png,masks/graphics/GRAPHIC_LOW_INITIAL_MARKER.png,0,71.125,68.596,3,0,PASS,native-300dpi no-dilation separated raw masks; PDF/vector bboxes are unexpanded,
REL_0426,PANEL_STATIONARY_MAP,SEM_XTICK_02,TEXT,243.589;556.062;255.697;564.730,GRAPHIC_HIGH_INITIAL_MARKER,MARKER,360.954;548.399;365.268;552.135,TEXT_MARKER,masks/semantic/SEM_XTICK_02.png,masks/graphics/GRAPHIC_HIGH_INITIAL_MARKER.png,0,441.549,438.997,3,0,PASS,native-300dpi no-dilation separated raw masks; PDF/vector bboxes are unexpanded,
REL_0427,PANEL_STATIONARY_MAP,SEM_XTICK_04,TEXT,275.835;556.053;288.290;564.721,GRAPHIC_X_TICK_1,AXIS_TICK,217.224;548.764;379.321;553.016,TEXT_AXIS_TICK,masks/semantic/SEM_XTICK_04.png,masks/graphics/GRAPHIC_X_TICK_1.png,0,244.381,12.655,3,0,PASS,native-300dpi no-dilation separated raw masks; PDF/vector bboxes are unexpanded,
REL_0428,PANEL_STATIONARY_MAP,SEM_XTICK_04,TEXT,275.835;556.053;288.290;564.721,GRAPHIC_X_TICK_2,AXIS_TICK,217.224;548.764;379.321;553.016,TEXT_AXIS_TICK,masks/semantic/SEM_XTICK_04.png,masks/graphics/GRAPHIC_X_TICK_2.png,0,110.987,12.655,3,0,PASS,native-300dpi no-dilation separated raw masks; PDF/vector bboxes are unexpanded,
REL_0429,PANEL_STATIONARY_MAP,SEM_XTICK_04,TEXT,275.835;556.053;288.290;564.721,GRAPHIC_X_TICK_3,AXIS_TICK,217.224;548.764;379.321;553.016,TEXT_AXIS_TICK,masks/semantic/SEM_XTICK_04.png,masks/graphics/GRAPHIC_X_TICK_3.png,0,18.723,12.655,3,0,PASS,native-300dpi no-dilation separated raw masks; PDF/vector bboxes are unexpanded,
REL_0430,PANEL_STATIONARY_MAP,SEM_XTICK_04,TEXT,275.835;556.053;288.290;564.721,GRAPHIC_X_TICK_4,AXIS_TICK,217.224;548.764;379.321;553.016,TEXT_AXIS_TICK,masks/semantic/SEM_XTICK_04.png,masks/graphics/GRAPHIC_X_TICK_4.png,0,113.285,12.655,3,0,PASS,native-300dpi no-dilation separated raw masks; PDF/vector bboxes are unexpanded,
REL_0431,PANEL_STATIONARY_MAP,SEM_XTICK_04,TEXT,275.835;556.053;288.290;564.721,GRAPHIC_X_TICK_5,AXIS_TICK,217.224;548.764;379.321;553.016,TEXT_AXIS_TICK,masks/semantic/SEM_XTICK_04.png,masks/graphics/GRAPHIC_X_TICK_5.png,0,245.953,12.655,3,0,PASS,native-300dpi no-dilation separated raw masks; PDF/vector bboxes are unexpanded,
REL_0432,PANEL_STATIONARY_MAP,SEM_XTICK_04,TEXT,275.835;556.053;288.290;564.721,GRAPHIC_X_TICK_6,AXIS_TICK,217.224;548.764;379.321;553.016,TEXT_AXIS_TICK,masks/semantic/SEM_XTICK_04.png,masks/graphics/GRAPHIC_X_TICK_6.png,0,380.262,12.655,3,0,PASS,native-300dpi no-dilation separated raw masks; PDF/vector bboxes are unexpanded,
REL_0433,PANEL_STATIONARY_MAP,SEM_XTICK_04,TEXT,275.835;556.053;288.290;564.721,GRAPHIC_Y_TICK_1,AXIS_TICK,215.098;388.793;219.350;550.890,TEXT_AXIS_TICK,masks/semantic/SEM_XTICK_04.png,masks/graphics/GRAPHIC_Y_TICK_1.png,0,237.437,236.399,3,0,PASS,native-300dpi no-dilation separated raw masks; PDF/vector bboxes are unexpanded,
REL_0434,PANEL_STATIONARY_MAP,SEM_XTICK_04,TEXT,275.835;556.053;288.290;564.721,GRAPHIC_Y_TICK_2,AXIS_TICK,215.098;388.793;219.350;550.890,TEXT_AXIS_TICK,masks/semantic/SEM_XTICK_04.png,masks/graphics/GRAPHIC_Y_TICK_2.png,0,286.903,236.399,3,0,PASS,native-300dpi no-dilation separated raw masks; PDF/vector bboxes are unexpanded,
REL_0435,PANEL_STATIONARY_MAP,SEM_XTICK_04,TEXT,275.835;556.053;288.290;564.721,GRAPHIC_Y_TICK_3,AXIS_TICK,215.098;388.793;219.350;550.890,TEXT_AXIS_TICK,masks/semantic/SEM_XTICK_04.png,masks/graphics/GRAPHIC_Y_TICK_3.png,0,379.154,236.399,3,0,PASS,native-300dpi no-dilation separated raw masks; PDF/vector bboxes are unexpanded,
REL_0436,PANEL_STATIONARY_MAP,SEM_XTICK_04,TEXT,275.835;556.053;288.290;564.721,GRAPHIC_Y_TICK_4,AXIS_TICK,215.098;388.793;219.350;550.890,TEXT_AXIS_TICK,masks/semantic/SEM_XTICK_04.png,masks/graphics/GRAPHIC_Y_TICK_4.png,0,491.059,236.399,3,0,PASS,native-300dpi no-dilation separated raw masks; PDF/vector bboxes are unexpanded,
REL_0437,PANEL_STATIONARY_MAP,SEM_XTICK_04,TEXT,275.835;556.053;288.290;564.721,GRAPHIC_Y_TICK_5,AXIS_TICK,215.098;388.793;219.350;550.890,TEXT_AXIS_TICK,masks/semantic/SEM_XTICK_04.png,masks/graphics/GRAPHIC_Y_TICK_5.png,0,612.333,236.399,3,0,PASS,native-300dpi no-dilation separated raw masks; PDF/vector bboxes are unexpanded,
REL_0438,PANEL_STATIONARY_MAP,SEM_XTICK_04,TEXT,275.835;556.053;288.290;564.721,GRAPHIC_Y_TICK_6,AXIS_TICK,215.098;388.793;219.350;550.890,TEXT_AXIS_TICK,masks/semantic/SEM_XTICK_04.png,masks/graphics/GRAPHIC_Y_TICK_6.png,0,738.379,236.399,3,0,PASS,native-300dpi no-dilation separated raw masks; PDF/vector bboxes are unexpanded,
REL_0439,PANEL_STATIONARY_MAP,SEM_XTICK_04,TEXT,275.835;556.053;288.290;564.721,GRAPHIC_X_AXIS,AXIS,217.224;550.890;376.731;550.890,TEXT_AXIS,masks/semantic/SEM_XTICK_04.png,masks/graphics/GRAPHIC_X_AXIS.png,0,22.000,21.515,3,0,PASS,native-300dpi no-dilation separated raw masks; PDF/vector bboxes are unexpanded,
REL_0440,PANEL_STATIONARY_MAP,SEM_XTICK_04,TEXT,275.835;556.053;288.290;564.721,GRAPHIC_X_AXIS_ARROW,ARROW,375.177;548.818;379.321;552.962,TEXT_ARROW,masks/semantic/SEM_XTICK_04.png,masks/graphics/GRAPHIC_X_AXIS_ARROW.png,0,366.283,362.356,3,0,PASS,native-300dpi no-dilation separated raw masks; PDF/vector bboxes are unexpanded,
REL_0441,PANEL_STATIONARY_MAP,SEM_XTICK_04,TEXT,275.835;556.053;288.290;564.721,GRAPHIC_Y_AXIS,AXIS,217.224;391.383;217.224;550.890,TEXT_AXIS,masks/semantic/SEM_XTICK_04.png,masks/graphics/GRAPHIC_Y_AXIS.png,0,245.497,245.225,3,0,PASS,native-300dpi no-dilation separated raw masks; PDF/vector bboxes are unexpanded,
REL_0442,PANEL_STATIONARY_MAP,SEM_XTICK_04,TEXT,275.835;556.053;288.290;564.721,GRAPHIC_Y_AXIS_ARROW,ARROW,215.152;388.793;219.296;392.937,TEXT_ARROW,masks/semantic/SEM_XTICK_04.png,masks/graphics/GRAPHIC_Y_AXIS_ARROW.png,0,729.459,719.365,3,0,PASS,native-300dpi no-dilation separated raw masks; PDF/vector bboxes are unexpanded,
REL_0443,PANEL_STATIONARY_MAP,SEM_XTICK_04,TEXT,275.835;556.053;288.290;564.721,GRAPHIC_REFERENCE_Y_EQ_R,CURVE,217.224;388.793;379.321;550.890,TEXT_CURVE,masks/semantic/SEM_XTICK_04.png,masks/graphics/GRAPHIC_REFERENCE_Y_EQ_R.png,0,192.747,21.515,3,0,PASS,native-300dpi no-dilation separated raw masks; PDF/vector bboxes are unexpanded,
REL_0444,PANEL_STATIONARY_MAP,SEM_XTICK_04,TEXT,275.835;556.053;288.290;564.721,GRAPHIC_MAP,CURVE,217.224;437.422;379.321;518.471,TEXT_CURVE,masks/semantic/SEM_XTICK_04.png,masks/graphics/GRAPHIC_MAP.png,0,251.715,156.601,3,0,PASS,native-300dpi no-dilation separated raw masks; PDF/vector bboxes are unexpanded,
REL_0445,PANEL_STATIONARY_MAP,SEM_XTICK_04,TEXT,275.835;556.053;288.290;564.721,GRAPHIC_COBWEB_LOW,CURVE,225.329;489.597;278.517;550.890,TEXT_CURVE,masks/semantic/SEM_XTICK_04.png,masks/graphics/GRAPHIC_COBWEB_LOW.png,0,200.445,21.515,3,0,PASS,native-300dpi no-dilation separated raw masks; PDF/vector bboxes are unexpanded,
REL_0446,PANEL_STATIONARY_MAP,SEM_XTICK_04,TEXT,275.835;556.053;288.290;564.721,GRAPHIC_COBWEB_HIGH,CURVE,287.128;445.527;363.112;550.890,TEXT_CURVE,masks/semantic/SEM_XTICK_04.png,masks/graphics/GRAPHIC_COBWEB_HIGH.png,0,313.002,21.515,3,0,PASS,native-300dpi no-dilation separated raw masks; PDF/vector bboxes are unexpanded,
REL_0447,PANEL_STATIONARY_MAP,SEM_XTICK_04,TEXT,275.835;556.053;288.290;564.721,GRAPHIC_NOTEBOX_BORDER,NODE_BORDER,282.547;509.458;336.852;533.967,TEXT_NODE_BORDER,masks/semantic/SEM_XTICK_04.png,masks/graphics/GRAPHIC_NOTEBOX_BORDER.png,0,93.000,92.031,5,0,PASS,native-300dpi no-dilation separated raw masks; PDF/vector bboxes are unexpanded,
REL_0448,PANEL_STATIONARY_MAP,SEM_XTICK_04,TEXT,275.835;556.053;288.290;564.721,GRAPHIC_FIXED_POINT,MARKER,279.373;483.361;284.753;488.741,TEXT_MARKER,masks/semantic/SEM_XTICK_04.png,masks/graphics/GRAPHIC_FIXED_POINT.png,0,282.298,280.478,3,0,PASS,native-300dpi no-dilation separated raw masks; PDF/vector bboxes are unexpanded,
REL_0449,PANEL_STATIONARY_MAP,SEM_XTICK_04,TEXT,275.835;556.053;288.290;564.721,GRAPHIC_LOW_INITIAL_MARKER,MARKER,223.237;548.798;227.421;552.982,TEXT_MARKER,masks/semantic/SEM_XTICK_04.png,masks/graphics/GRAPHIC_LOW_INITIAL_MARKER.png,0,203.658,202.186,3,0,PASS,native-300dpi no-dilation separated raw masks; PDF/vector bboxes are unexpanded,
REL_0450,PANEL_STATIONARY_MAP,SEM_XTICK_04,TEXT,275.835;556.053;288.290;564.721,GRAPHIC_HIGH_INITIAL_MARKER,MARKER,360.954;548.399;365.268;552.135,TEXT_MARKER,masks/semantic/SEM_XTICK_04.png,masks/graphics/GRAPHIC_HIGH_INITIAL_MARKER.png,0,306.002,303.291,3,0,PASS,native-300dpi no-dilation separated raw masks; PDF/vector bboxes are unexpanded,
REL_0451,PANEL_STATIONARY_MAP,SEM_XTICK_06,TEXT,308.340;556.071;320.622;564.739,GRAPHIC_X_TICK_1,AXIS_TICK,217.224;548.764;379.321;553.016,TEXT_AXIS_TICK,masks/semantic/SEM_XTICK_06.png,masks/graphics/GRAPHIC_X_TICK_1.png,0,378.891,12.730,3,0,PASS,native-300dpi no-dilation separated raw masks; PDF/vector bboxes are unexpanded,
REL_0452,PANEL_STATIONARY_MAP,SEM_XTICK_06,TEXT,308.340;556.071;320.622;564.739,GRAPHIC_X_TICK_2,AXIS_TICK,217.224;548.764;379.321;553.016,TEXT_AXIS_TICK,masks/semantic/SEM_XTICK_06.png,masks/graphics/GRAPHIC_X_TICK_2.png,0,244.381,12.730,3,0,PASS,native-300dpi no-dilation separated raw masks; PDF/vector bboxes are unexpanded,
REL_0453,PANEL_STATIONARY_MAP,SEM_XTICK_06,TEXT,308.340;556.071;320.622;564.739,GRAPHIC_X_TICK_3,AXIS_TICK,217.224;548.764;379.321;553.016,TEXT_AXIS_TICK,masks/semantic/SEM_XTICK_06.png,masks/graphics/GRAPHIC_X_TICK_3.png,0,110.987,12.730,3,0,PASS,native-300dpi no-dilation separated raw masks; PDF/vector bboxes are unexpanded,
REL_0454,PANEL_STATIONARY_MAP,SEM_XTICK_06,TEXT,308.340;556.071;320.622;564.739,GRAPHIC_X_TICK_4,AXIS_TICK,217.224;548.764;379.321;553.016,TEXT_AXIS_TICK,masks/semantic/SEM_XTICK_06.png,masks/graphics/GRAPHIC_X_TICK_4.png,0,18.723,12.730,3,0,PASS,native-300dpi no-dilation separated raw masks; PDF/vector bboxes are unexpanded,
REL_0455,PANEL_STATIONARY_MAP,SEM_XTICK_06,TEXT,308.340;556.071;320.622;564.739,GRAPHIC_X_TICK_5,AXIS_TICK,217.224;548.764;379.321;553.016,TEXT_AXIS_TICK,masks/semantic/SEM_XTICK_06.png,masks/graphics/GRAPHIC_X_TICK_5.png,0,112.137,12.730,3,0,PASS,native-300dpi no-dilation separated raw masks; PDF/vector bboxes are unexpanded,
REL_0456,PANEL_STATIONARY_MAP,SEM_XTICK_06,TEXT,308.340;556.071;320.622;564.739,GRAPHIC_X_TICK_6,AXIS_TICK,217.224;548.764;379.321;553.016,TEXT_AXIS_TICK,masks/semantic/SEM_XTICK_06.png,masks/graphics/GRAPHIC_X_TICK_6.png,0,246.518,12.730,3,0,PASS,native-300dpi no-dilation separated raw masks; PDF/vector bboxes are unexpanded,
REL_0457,PANEL_STATIONARY_MAP,SEM_XTICK_06,TEXT,308.340;556.071;320.622;564.739,GRAPHIC_Y_TICK_1,AXIS_TICK,215.098;388.793;219.350;550.890,TEXT_AXIS_TICK,masks/semantic/SEM_XTICK_06.png,masks/graphics/GRAPHIC_Y_TICK_1.png,0,371.555,371.520,3,0,PASS,native-300dpi no-dilation separated raw masks; PDF/vector bboxes are unexpanded,
REL_0458,PANEL_STATIONARY_MAP,SEM_XTICK_06,TEXT,308.340;556.071;320.622;564.739,GRAPHIC_Y_TICK_2,AXIS_TICK,215.098;388.793;219.350;550.890,TEXT_AXIS_TICK,masks/semantic/SEM_XTICK_06.png,masks/graphics/GRAPHIC_Y_TICK_2.png,0,405.546,371.520,3,0,PASS,native-300dpi no-dilation separated raw masks; PDF/vector bboxes are unexpanded,
REL_0459,PANEL_STATIONARY_MAP,SEM_XTICK_06,TEXT,308.340;556.071;320.622;564.739,GRAPHIC_Y_TICK_3,AXIS_TICK,215.098;388.793;219.350;550.890,TEXT_AXIS_TICK,masks/semantic/SEM_XTICK_06.png,masks/graphics/GRAPHIC_Y_TICK_3.png,0,475.800,371.520,3,0,PASS,native-300dpi no-dilation separated raw masks; PDF/vector bboxes are unexpanded,
REL_0460,PANEL_STATIONARY_MAP,SEM_XTICK_06,TEXT,308.340;556.071;320.622;564.739,GRAPHIC_Y_TICK_4,AXIS_TICK,215.098;388.793;219.350;550.890,TEXT_AXIS_TICK,masks/semantic/SEM_XTICK_06.png,masks/graphics/GRAPHIC_Y_TICK_4.png,0,569.453,371.520,3,0,PASS,native-300dpi no-dilation separated raw masks; PDF/vector bboxes are unexpanded,
REL_0461,PANEL_STATIONARY_MAP,SEM_XTICK_06,TEXT,308.340;556.071;320.622;564.739,GRAPHIC_Y_TICK_5,AXIS_TICK,215.098;388.793;219.350;550.890,TEXT_AXIS_TICK,masks/semantic/SEM_XTICK_06.png,masks/graphics/GRAPHIC_Y_TICK_5.png,0,676.844,371.520,3,0,PASS,native-300dpi no-dilation separated raw masks; PDF/vector bboxes are unexpanded,
REL_0462,PANEL_STATIONARY_MAP,SEM_XTICK_06,TEXT,308.340;556.071;320.622;564.739,GRAPHIC_Y_TICK_6,AXIS_TICK,215.098;388.793;219.350;550.890,TEXT_AXIS_TICK,masks/semantic/SEM_XTICK_06.png,masks/graphics/GRAPHIC_Y_TICK_6.png,0,792.711,371.520,3,0,PASS,native-300dpi no-dilation separated raw masks; PDF/vector bboxes are unexpanded,
REL_0463,PANEL_STATIONARY_MAP,SEM_XTICK_06,TEXT,308.340;556.071;320.622;564.739,GRAPHIC_X_AXIS,AXIS,217.224;550.890;376.731;550.890,TEXT_AXIS,masks/semantic/SEM_XTICK_06.png,masks/graphics/GRAPHIC_X_AXIS.png,0,22.000,21.590,3,0,PASS,native-300dpi no-dilation separated raw masks; PDF/vector bboxes are unexpanded,
REL_0464,PANEL_STATIONARY_MAP,SEM_XTICK_06,TEXT,308.340;556.071;320.622;564.739,GRAPHIC_X_AXIS_ARROW,ARROW,375.177;548.818;379.321;552.962,TEXT_ARROW,masks/semantic/SEM_XTICK_06.png,masks/graphics/GRAPHIC_X_AXIS_ARROW.png,0,232.489,227.744,3,0,PASS,native-300dpi no-dilation separated raw masks; PDF/vector bboxes are unexpanded,
REL_0465,PANEL_STATIONARY_MAP,SEM_XTICK_06,TEXT,308.340;556.071;320.622;564.739,GRAPHIC_Y_AXIS,AXIS,217.224;391.383;217.224;550.890,TEXT_AXIS,masks/semantic/SEM_XTICK_06.png,masks/graphics/GRAPHIC_Y_AXIS.png,0,379.613,380.368,3,0,PASS,native-300dpi no-dilation separated raw masks; PDF/vector bboxes are unexpanded,
REL_0466,PANEL_STATIONARY_MAP,SEM_XTICK_06,TEXT,308.340;556.071;320.622;564.739,GRAPHIC_Y_AXIS_ARROW,ARROW,215.152;388.793;219.296;392.937,TEXT_ARROW,masks/semantic/SEM_XTICK_06.png,masks/graphics/GRAPHIC_Y_AXIS_ARROW.png,0,787.495,774.460,3,0,PASS,native-300dpi no-dilation separated raw masks; PDF/vector bboxes are unexpanded,
REL_0467,PANEL_STATIONARY_MAP,SEM_XTICK_06,TEXT,308.340;556.071;320.622;564.739,GRAPHIC_REFERENCE_Y_EQ_R,CURVE,217.224;388.793;379.321;550.890,TEXT_CURVE,masks/semantic/SEM_XTICK_06.png,masks/graphics/GRAPHIC_REFERENCE_Y_EQ_R.png,0,288.208,21.590,3,0,PASS,native-300dpi no-dilation separated raw masks; PDF/vector bboxes are unexpanded,
REL_0468,PANEL_STATIONARY_MAP,SEM_XTICK_06,TEXT,308.340;556.071;320.622;564.739,GRAPHIC_MAP,CURVE,217.224;437.422;379.321;518.471,TEXT_CURVE,masks/semantic/SEM_XTICK_06.png,masks/graphics/GRAPHIC_MAP.png,0,311.930,156.676,3,0,PASS,native-300dpi no-dilation separated raw masks; PDF/vector bboxes are unexpanded,
REL_0469,PANEL_STATIONARY_MAP,SEM_XTICK_06,TEXT,308.340;556.071;320.622;564.739,GRAPHIC_COBWEB_LOW,CURVE,225.329;489.597;278.517;550.890,TEXT_CURVE,masks/semantic/SEM_XTICK_06.png,masks/graphics/GRAPHIC_COBWEB_LOW.png,0,290.275,126.158,3,0,PASS,native-300dpi no-dilation separated raw masks; PDF/vector bboxes are unexpanded,
REL_0470,PANEL_STATIONARY_MAP,SEM_XTICK_06,TEXT,308.340;556.071;320.622;564.739,GRAPHIC_COBWEB_HIGH,CURVE,287.128;445.527;363.112;550.890,TEXT_CURVE,masks/semantic/SEM_XTICK_06.png,masks/graphics/GRAPHIC_COBWEB_HIGH.png,0,180.728,21.590,3,0,PASS,native-300dpi no-dilation separated raw masks; PDF/vector bboxes are unexpanded,
REL_0471,PANEL_STATIONARY_MAP,SEM_XTICK_06,TEXT,308.340;556.071;320.622;564.739,GRAPHIC_NOTEBOX_BORDER,NODE_BORDER,282.547;509.458;336.852;533.967,TEXT_NODE_BORDER,masks/semantic/SEM_XTICK_06.png,masks/graphics/GRAPHIC_NOTEBOX_BORDER.png,0,93.000,92.106,5,0,PASS,native-300dpi no-dilation separated raw masks; PDF/vector bboxes are unexpanded,
REL_0472,PANEL_STATIONARY_MAP,SEM_XTICK_06,TEXT,308.340;556.071;320.622;564.739,GRAPHIC_FIXED_POINT,MARKER,279.373;483.361;284.753;488.741,TEXT_MARKER,masks/semantic/SEM_XTICK_06.png,masks/graphics/GRAPHIC_FIXED_POINT.png,0,304.287,297.278,3,0,PASS,native-300dpi no-dilation separated raw masks; PDF/vector bboxes are unexpanded,
REL_0473,PANEL_STATIONARY_MAP,SEM_XTICK_06,TEXT,308.340;556.071;320.622;564.739,GRAPHIC_LOW_INITIAL_MARKER,MARKER,223.237;548.798;227.421;552.982,TEXT_MARKER,masks/semantic/SEM_XTICK_06.png,masks/graphics/GRAPHIC_LOW_INITIAL_MARKER.png,0,337.999,337.501,3,0,PASS,native-300dpi no-dilation separated raw masks; PDF/vector bboxes are unexpanded,
REL_0474,PANEL_STATIONARY_MAP,SEM_XTICK_06,TEXT,308.340;556.071;320.622;564.739,GRAPHIC_HIGH_INITIAL_MARKER,MARKER,360.954;548.399;365.268;552.135,TEXT_MARKER,masks/semantic/SEM_XTICK_06.png,masks/graphics/GRAPHIC_HIGH_INITIAL_MARKER.png,0,172.159,168.897,3,0,PASS,native-300dpi no-dilation separated raw masks; PDF/vector bboxes are unexpanded,
REL_0475,PANEL_STATIONARY_MAP,SEM_XTICK_08,TEXT,340.842;556.080;352.959;564.748,GRAPHIC_X_TICK_1,AXIS_TICK,217.224;548.764;379.321;553.016,TEXT_AXIS_TICK,masks/semantic/SEM_XTICK_08.png,masks/graphics/GRAPHIC_X_TICK_1.png,0,514.656,12.767,3,0,PASS,native-300dpi no-dilation separated raw masks; PDF/vector bboxes are unexpanded,
REL_0476,PANEL_STATIONARY_MAP,SEM_XTICK_08,TEXT,340.842;556.080;352.959;564.748,GRAPHIC_X_TICK_2,AXIS_TICK,217.224;548.764;379.321;553.016,TEXT_AXIS_TICK,masks/semantic/SEM_XTICK_08.png,masks/graphics/GRAPHIC_X_TICK_2.png,0,379.888,12.767,3,0,PASS,native-300dpi no-dilation separated raw masks; PDF/vector bboxes are unexpanded,
REL_0477,PANEL_STATIONARY_MAP,SEM_XTICK_08,TEXT,340.842;556.080;352.959;564.748,GRAPHIC_X_TICK_3,AXIS_TICK,217.224;548.764;379.321;553.016,TEXT_AXIS_TICK,masks/semantic/SEM_XTICK_08.png,masks/graphics/GRAPHIC_X_TICK_3.png,0,245.376,12.767,3,0,PASS,native-300dpi no-dilation separated raw masks; PDF/vector bboxes are unexpanded,
REL_0478,PANEL_STATIONARY_MAP,SEM_XTICK_08,TEXT,340.842;556.080;352.959;564.748,GRAPHIC_X_TICK_4,AXIS_TICK,217.224;548.764;379.321;553.016,TEXT_AXIS_TICK,masks/semantic/SEM_XTICK_08.png,masks/graphics/GRAPHIC_X_TICK_4.png,0,111.969,12.767,3,0,PASS,native-300dpi no-dilation separated raw masks; PDF/vector bboxes are unexpanded,
REL_0479,PANEL_STATIONARY_MAP,SEM_XTICK_08,TEXT,340.842;556.080;352.959;564.748,GRAPHIC_X_TICK_5,AXIS_TICK,217.224;548.764;379.321;553.016,TEXT_AXIS_TICK,masks/semantic/SEM_XTICK_08.png,masks/graphics/GRAPHIC_X_TICK_5.png,0,17.788,12.767,3,0,PASS,native-300dpi no-dilation separated raw masks; PDF/vector bboxes are unexpanded,
REL_0480,PANEL_STATIONARY_MAP,SEM_XTICK_08,TEXT,340.842;556.080;352.959;564.748,GRAPHIC_X_TICK_6,AXIS_TICK,217.224;548.764;379.321;553.016,TEXT_AXIS_TICK,masks/semantic/SEM_XTICK_08.png,masks/graphics/GRAPHIC_X_TICK_6.png,0,112.600,12.767,3,0,PASS,native-300dpi no-dilation separated raw masks; PDF/vector bboxes are unexpanded,
REL_0481,PANEL_STATIONARY_MAP,SEM_XTICK_08,TEXT,340.842;556.080;352.959;564.748,GRAPHIC_Y_TICK_1,AXIS_TICK,215.098;388.793;219.350;550.890,TEXT_AXIS_TICK,masks/semantic/SEM_XTICK_08.png,masks/graphics/GRAPHIC_Y_TICK_1.png,0,507.139,506.816,3,0,PASS,native-300dpi no-dilation separated raw masks; PDF/vector bboxes are unexpanded,
REL_0482,PANEL_STATIONARY_MAP,SEM_XTICK_08,TEXT,340.842;556.080;352.959;564.748,GRAPHIC_Y_TICK_2,AXIS_TICK,215.098;388.793;219.350;550.890,TEXT_AXIS_TICK,masks/semantic/SEM_XTICK_08.png,masks/graphics/GRAPHIC_Y_TICK_2.png,0,532.816,506.816,3,0,PASS,native-300dpi no-dilation separated raw masks; PDF/vector bboxes are unexpanded,
REL_0483,PANEL_STATIONARY_MAP,SEM_XTICK_08,TEXT,340.842;556.080;352.959;564.748,GRAPHIC_Y_TICK_3,AXIS_TICK,215.098;388.793;219.350;550.890,TEXT_AXIS_TICK,masks/semantic/SEM_XTICK_08.png,masks/graphics/GRAPHIC_Y_TICK_3.png,0,588.313,506.816,3,0,PASS,native-300dpi no-dilation separated raw masks; PDF/vector bboxes are unexpanded,
REL_0484,PANEL_STATIONARY_MAP,SEM_XTICK_08,TEXT,340.842;556.080;352.959;564.748,GRAPHIC_Y_TICK_4,AXIS_TICK,215.098;388.793;219.350;550.890,TEXT_AXIS_TICK,masks/semantic/SEM_XTICK_08.png,masks/graphics/GRAPHIC_Y_TICK_4.png,0,666.611,506.816,3,0,PASS,native-300dpi no-dilation separated raw masks; PDF/vector bboxes are unexpanded,
REL_0485,PANEL_STATIONARY_MAP,SEM_XTICK_08,TEXT,340.842;556.080;352.959;564.748,GRAPHIC_Y_TICK_5,AXIS_TICK,215.098;388.793;219.350;550.890,TEXT_AXIS_TICK,masks/semantic/SEM_XTICK_08.png,masks/graphics/GRAPHIC_Y_TICK_5.png,0,760.735,506.816,3,0,PASS,native-300dpi no-dilation separated raw masks; PDF/vector bboxes are unexpanded,
REL_0486,PANEL_STATIONARY_MAP,SEM_XTICK_08,TEXT,340.842;556.080;352.959;564.748,GRAPHIC_Y_TICK_6,AXIS_TICK,215.098;388.793;219.350;550.890,TEXT_AXIS_TICK,masks/semantic/SEM_XTICK_08.png,masks/graphics/GRAPHIC_Y_TICK_6.png,0,865.455,506.816,3,0,PASS,native-300dpi no-dilation separated raw masks; PDF/vector bboxes are unexpanded,
REL_0487,PANEL_STATIONARY_MAP,SEM_XTICK_08,TEXT,340.842;556.080;352.959;564.748,GRAPHIC_X_AXIS,AXIS,217.224;550.890;376.731;550.890,TEXT_AXIS,masks/semantic/SEM_XTICK_08.png,masks/graphics/GRAPHIC_X_AXIS.png,0,22.000,21.628,3,0,PASS,native-300dpi no-dilation separated raw masks; PDF/vector bboxes are unexpanded,
REL_0488,PANEL_STATIONARY_MAP,SEM_XTICK_08,TEXT,340.842;556.080;352.959;564.748,GRAPHIC_X_AXIS_ARROW,ARROW,375.177;548.818;379.321;552.962,TEXT_ARROW,masks/semantic/SEM_XTICK_08.png,masks/graphics/GRAPHIC_X_AXIS_ARROW.png,0,101.883,93.506,3,0,PASS,native-300dpi no-dilation separated raw masks; PDF/vector bboxes are unexpanded,
REL_0489,PANEL_STATIONARY_MAP,SEM_XTICK_08,TEXT,340.842;556.080;352.959;564.748,GRAPHIC_Y_AXIS,AXIS,217.224;391.383;217.224;550.890,TEXT_AXIS,masks/semantic/SEM_XTICK_08.png,masks/graphics/GRAPHIC_Y_AXIS.png,0,515.188,515.671,3,0,PASS,native-300dpi no-dilation separated raw masks; PDF/vector bboxes are unexpanded,
REL_0490,PANEL_STATIONARY_MAP,SEM_XTICK_08,TEXT,340.842;556.080;352.959;564.748,GRAPHIC_Y_AXIS_ARROW,ARROW,215.152;388.793;219.296;392.937,TEXT_ARROW,masks/semantic/SEM_XTICK_08.png,masks/graphics/GRAPHIC_Y_AXIS_ARROW.png,0,863.265,847.782,3,0,PASS,native-300dpi no-dilation separated raw masks; PDF/vector bboxes are unexpanded,
REL_0491,PANEL_STATIONARY_MAP,SEM_XTICK_08,TEXT,340.842;556.080;352.959;564.748,GRAPHIC_REFERENCE_Y_EQ_R,CURVE,217.224;388.793;379.321;550.890,TEXT_CURVE,masks/semantic/SEM_XTICK_08.png,masks/graphics/GRAPHIC_REFERENCE_Y_EQ_R.png,0,384.374,21.628,3,0,PASS,native-300dpi no-dilation separated raw masks; PDF/vector bboxes are unexpanded,
REL_0492,PANEL_STATIONARY_MAP,SEM_XTICK_08,TEXT,340.842;556.080;352.959;564.748,GRAPHIC_MAP,CURVE,217.224;437.422;379.321;518.471,TEXT_CURVE,masks/semantic/SEM_XTICK_08.png,masks/graphics/GRAPHIC_MAP.png,0,372.430,156.713,3,0,PASS,native-300dpi no-dilation separated raw masks; PDF/vector bboxes are unexpanded,
REL_0493,PANEL_STATIONARY_MAP,SEM_XTICK_08,TEXT,340.842;556.080;352.959;564.748,GRAPHIC_COBWEB_LOW,CURVE,225.329;489.597;278.517;550.890,TEXT_CURVE,masks/semantic/SEM_XTICK_08.png,masks/graphics/GRAPHIC_COBWEB_LOW.png,0,384.405,260.658,3,0,PASS,native-300dpi no-dilation separated raw masks; PDF/vector bboxes are unexpanded,
REL_0494,PANEL_STATIONARY_MAP,SEM_XTICK_08,TEXT,340.842;556.080;352.959;564.748,GRAPHIC_COBWEB_HIGH,CURVE,287.128;445.527;363.112;550.890,TEXT_CURVE,masks/semantic/SEM_XTICK_08.png,masks/graphics/GRAPHIC_COBWEB_HIGH.png,0,52.000,21.628,3,0,PASS,native-300dpi no-dilation separated raw masks; PDF/vector bboxes are unexpanded,
REL_0495,PANEL_STATIONARY_MAP,SEM_XTICK_08,TEXT,340.842;556.080;352.959;564.748,GRAPHIC_NOTEBOX_BORDER,NODE_BORDER,282.547;509.458;336.852;533.967,TEXT_NODE_BORDER,masks/semantic/SEM_XTICK_08.png,masks/graphics/GRAPHIC_NOTEBOX_BORDER.png,0,98.040,93.632,5,0,PASS,native-300dpi no-dilation separated raw masks; PDF/vector bboxes are unexpanded,
REL_0496,PANEL_STATIONARY_MAP,SEM_XTICK_08,TEXT,340.842;556.080;352.959;564.748,GRAPHIC_FIXED_POINT,MARKER,279.373;483.361;284.753;488.741,TEXT_MARKER,masks/semantic/SEM_XTICK_08.png,masks/graphics/GRAPHIC_FIXED_POINT.png,0,375.056,365.211,3,0,PASS,native-300dpi no-dilation separated raw masks; PDF/vector bboxes are unexpanded,
REL_0497,PANEL_STATIONARY_MAP,SEM_XTICK_08,TEXT,340.842;556.080;352.959;564.748,GRAPHIC_LOW_INITIAL_MARKER,MARKER,223.237;548.798;227.421;552.982,TEXT_MARKER,masks/semantic/SEM_XTICK_08.png,masks/graphics/GRAPHIC_LOW_INITIAL_MARKER.png,0,473.713,472.894,3,0,PASS,native-300dpi no-dilation separated raw masks; PDF/vector bboxes are unexpanded,
REL_0498,PANEL_STATIONARY_MAP,SEM_XTICK_08,TEXT,340.842;556.080;352.959;564.748,GRAPHIC_HIGH_INITIAL_MARKER,MARKER,360.954;548.399;365.268;552.135,TEXT_MARKER,masks/semantic/SEM_XTICK_08.png,masks/graphics/GRAPHIC_HIGH_INITIAL_MARKER.png,0,42.566,37.157,3,0,PASS,native-300dpi no-dilation separated raw masks; PDF/vector bboxes are unexpanded,
REL_0499,PANEL_STATIONARY_MAP,SEM_XTICK_1,TEXT,377.113;556.027;381.525;564.695,GRAPHIC_X_TICK_1,AXIS_TICK,217.224;548.764;379.321;553.016,TEXT_AXIS_TICK,masks/semantic/SEM_XTICK_1.png,masks/graphics/GRAPHIC_X_TICK_1.png,0,667.216,12.546,3,0,PASS,native-300dpi no-dilation separated raw masks; PDF/vector bboxes are unexpanded,
REL_0500,PANEL_STATIONARY_MAP,SEM_XTICK_1,TEXT,377.113;556.027;381.525;564.695,GRAPHIC_X_TICK_2,AXIS_TICK,217.224;548.764;379.321;553.016,TEXT_AXIS_TICK,masks/semantic/SEM_XTICK_1.png,masks/graphics/GRAPHIC_X_TICK_2.png,0,532.271,12.546,3,0,PASS,native-300dpi no-dilation separated raw masks; PDF/vector bboxes are unexpanded,
REL_0501,PANEL_STATIONARY_MAP,SEM_XTICK_1,TEXT,377.113;556.027;381.525;564.695,GRAPHIC_X_TICK_3,AXIS_TICK,217.224;548.764;379.321;553.016,TEXT_AXIS_TICK,masks/semantic/SEM_XTICK_1.png,masks/graphics/GRAPHIC_X_TICK_3.png,0,397.363,12.546,3,0,PASS,native-300dpi no-dilation separated raw masks; PDF/vector bboxes are unexpanded,
REL_0502,PANEL_STATIONARY_MAP,SEM_XTICK_1,TEXT,377.113;556.027;381.525;564.695,GRAPHIC_X_TICK_4,AXIS_TICK,217.224;548.764;379.321;553.016,TEXT_AXIS_TICK,masks/semantic/SEM_XTICK_1.png,masks/graphics/GRAPHIC_X_TICK_4.png,0,262.549,12.546,3,0,PASS,native-300dpi no-dilation separated raw masks; PDF/vector bboxes are unexpanded,
REL_0503,PANEL_STATIONARY_MAP,SEM_XTICK_1,TEXT,377.113;556.027;381.525;564.695,GRAPHIC_X_TICK_5,AXIS_TICK,217.224;548.764;379.321;553.016,TEXT_AXIS_TICK,masks/semantic/SEM_XTICK_1.png,masks/graphics/GRAPHIC_X_TICK_5.png,0,128.124,12.546,3,0,PASS,native-300dpi no-dilation separated raw masks; PDF/vector bboxes are unexpanded,
REL_0504,PANEL_STATIONARY_MAP,SEM_XTICK_1,TEXT,377.113;556.027;381.525;564.695,GRAPHIC_X_TICK_6,AXIS_TICK,217.224;548.764;379.321;553.016,TEXT_AXIS_TICK,masks/semantic/SEM_XTICK_1.png,masks/graphics/GRAPHIC_X_TICK_6.png,0,14.000,12.546,3,0,PASS,native-300dpi no-dilation separated raw masks; PDF/vector bboxes are unexpanded,
REL_0505,PANEL_STATIONARY_MAP,SEM_XTICK_1,TEXT,377.113;556.027;381.525;564.695,GRAPHIC_Y_TICK_1,AXIS_TICK,215.098;388.793;219.350;550.890,TEXT_AXIS_TICK,masks/semantic/SEM_XTICK_1.png,masks/graphics/GRAPHIC_Y_TICK_1.png,0,659.473,657.874,3,0,PASS,native-300dpi no-dilation separated raw masks; PDF/vector bboxes are unexpanded,
REL_0506,PANEL_STATIONARY_MAP,SEM_XTICK_1,TEXT,377.113;556.027;381.525;564.695,GRAPHIC_Y_TICK_2,AXIS_TICK,215.098;388.793;219.350;550.890,TEXT_AXIS_TICK,masks/semantic/SEM_XTICK_1.png,masks/graphics/GRAPHIC_Y_TICK_2.png,0,678.117,657.874,3,0,PASS,native-300dpi no-dilation separated raw masks; PDF/vector bboxes are unexpanded,
REL_0507,PANEL_STATIONARY_MAP,SEM_XTICK_1,TEXT,377.113;556.027;381.525;564.695,GRAPHIC_Y_TICK_3,AXIS_TICK,215.098;388.793;219.350;550.890,TEXT_AXIS_TICK,masks/semantic/SEM_XTICK_1.png,masks/graphics/GRAPHIC_Y_TICK_3.png,0,721.928,657.874,3,0,PASS,native-300dpi no-dilation separated raw masks; PDF/vector bboxes are unexpanded,
REL_0508,PANEL_STATIONARY_MAP,SEM_XTICK_1,TEXT,377.113;556.027;381.525;564.695,GRAPHIC_Y_TICK_4,AXIS_TICK,215.098;388.793;219.350;550.890,TEXT_AXIS_TICK,masks/semantic/SEM_XTICK_1.png,masks/graphics/GRAPHIC_Y_TICK_4.png,0,786.718,657.874,3,0,PASS,native-300dpi no-dilation separated raw masks; PDF/vector bboxes are unexpanded,
REL_0509,PANEL_STATIONARY_MAP,SEM_XTICK_1,TEXT,377.113;556.027;381.525;564.695,GRAPHIC_Y_TICK_5,AXIS_TICK,215.098;388.793;219.350;550.890,TEXT_AXIS_TICK,masks/semantic/SEM_XTICK_1.png,masks/graphics/GRAPHIC_Y_TICK_5.png,0,867.807,657.874,3,0,PASS,native-300dpi no-dilation separated raw masks; PDF/vector bboxes are unexpanded,
REL_0510,PANEL_STATIONARY_MAP,SEM_XTICK_1,TEXT,377.113;556.027;381.525;564.695,GRAPHIC_Y_TICK_6,AXIS_TICK,215.098;388.793;219.350;550.890,TEXT_AXIS_TICK,masks/semantic/SEM_XTICK_1.png,masks/graphics/GRAPHIC_Y_TICK_6.png,0,961.081,657.874,3,0,PASS,native-300dpi no-dilation separated raw masks; PDF/vector bboxes are unexpanded,
REL_0511,PANEL_STATIONARY_MAP,SEM_XTICK_1,TEXT,377.113;556.027;381.525;564.695,GRAPHIC_X_AXIS,AXIS,217.224;550.890;376.731;550.890,TEXT_AXIS,masks/semantic/SEM_XTICK_1.png,masks/graphics/GRAPHIC_X_AXIS.png,0,24.000,21.466,3,0,PASS,native-300dpi no-dilation separated raw masks; PDF/vector bboxes are unexpanded,
REL_0512,PANEL_STATIONARY_MAP,SEM_XTICK_1,TEXT,377.113;556.027;381.525;564.695,GRAPHIC_X_AXIS_ARROW,ARROW,375.177;548.818;379.321;552.962,TEXT_ARROW,masks/semantic/SEM_XTICK_1.png,masks/graphics/GRAPHIC_X_AXIS_ARROW.png,0,23.021,12.772,3,0,PASS,native-300dpi no-dilation separated raw masks; PDF/vector bboxes are unexpanded,
REL_0513,PANEL_STATIONARY_MAP,SEM_XTICK_1,TEXT,377.113;556.027;381.525;564.695,GRAPHIC_Y_AXIS,AXIS,217.224;391.383;217.224;550.890,TEXT_AXIS,masks/semantic/SEM_XTICK_1.png,masks/graphics/GRAPHIC_Y_AXIS.png,0,667.506,666.731,3,0,PASS,native-300dpi no-dilation separated raw masks; PDF/vector bboxes are unexpanded,
REL_0514,PANEL_STATIONARY_MAP,SEM_XTICK_1,TEXT,377.113;556.027;381.525;564.695,GRAPHIC_Y_AXIS_ARROW,ARROW,215.152;388.793;219.296;392.937,TEXT_ARROW,masks/semantic/SEM_XTICK_1.png,masks/graphics/GRAPHIC_Y_AXIS_ARROW.png,0,960.769,945.752,3,0,PASS,native-300dpi no-dilation separated raw masks; PDF/vector bboxes are unexpanded,
REL_0515,PANEL_STATIONARY_MAP,SEM_XTICK_1,TEXT,377.113;556.027;381.525;564.695,GRAPHIC_REFERENCE_Y_EQ_R,CURVE,217.224;388.793;379.321;550.890,TEXT_CURVE,masks/semantic/SEM_XTICK_1.png,masks/graphics/GRAPHIC_REFERENCE_Y_EQ_R.png,0,489.732,21.407,3,0,PASS,native-300dpi no-dilation separated raw masks; PDF/vector bboxes are unexpanded,
REL_0516,PANEL_STATIONARY_MAP,SEM_XTICK_1,TEXT,377.113;556.027;381.525;564.695,GRAPHIC_MAP,CURVE,217.224;437.422;379.321;518.471,TEXT_CURVE,masks/semantic/SEM_XTICK_1.png,masks/graphics/GRAPHIC_MAP.png,0,439.596,156.492,3,0,PASS,native-300dpi no-dilation separated raw masks; PDF/vector bboxes are unexpanded,
REL_0517,PANEL_STATIONARY_MAP,SEM_XTICK_1,TEXT,377.113;556.027;381.525;564.695,GRAPHIC_COBWEB_LOW,CURVE,225.329;489.597;278.517;550.890,TEXT_CURVE,masks/semantic/SEM_XTICK_1.png,masks/graphics/GRAPHIC_COBWEB_LOW.png,0,498.796,411.487,3,0,PASS,native-300dpi no-dilation separated raw masks; PDF/vector bboxes are unexpanded,
REL_0518,PANEL_STATIONARY_MAP,SEM_XTICK_1,TEXT,377.113;556.027;381.525;564.695,GRAPHIC_COBWEB_HIGH,CURVE,287.128;445.527;363.112;550.890,TEXT_CURVE,masks/semantic/SEM_XTICK_1.png,masks/graphics/GRAPHIC_COBWEB_HIGH.png,0,64.391,62.158,3,0,PASS,native-300dpi no-dilation separated raw masks; PDF/vector bboxes are unexpanded,
REL_0519,PANEL_STATIONARY_MAP,SEM_XTICK_1,TEXT,377.113;556.027;381.525;564.695,GRAPHIC_NOTEBOX_BORDER,NODE_BORDER,282.547;509.458;336.852;533.967,TEXT_NODE_BORDER,masks/semantic/SEM_XTICK_1.png,masks/graphics/GRAPHIC_NOTEBOX_BORDER.png,0,197.093,191.329,5,0,PASS,native-300dpi no-dilation separated raw masks; PDF/vector bboxes are unexpanded,
REL_0520,PANEL_STATIONARY_MAP,SEM_XTICK_1,TEXT,377.113;556.027;381.525;564.695,GRAPHIC_FIXED_POINT,MARKER,279.373;483.361;284.753;488.741,TEXT_MARKER,masks/semantic/SEM_XTICK_1.png,masks/graphics/GRAPHIC_FIXED_POINT.png,0,484.618,476.221,3,0,PASS,native-300dpi no-dilation separated raw masks; PDF/vector bboxes are unexpanded,
REL_0521,PANEL_STATIONARY_MAP,SEM_XTICK_1,TEXT,377.113;556.027;381.525;564.695,GRAPHIC_LOW_INITIAL_MARKER,MARKER,223.237;548.798;227.421;552.982,TEXT_MARKER,masks/semantic/SEM_XTICK_1.png,masks/graphics/GRAPHIC_LOW_INITIAL_MARKER.png,0,626.230,624.017,3,0,PASS,native-300dpi no-dilation separated raw masks; PDF/vector bboxes are unexpanded,
REL_0522,PANEL_STATIONARY_MAP,SEM_XTICK_1,TEXT,377.113;556.027;381.525;564.695,GRAPHIC_HIGH_INITIAL_MARKER,MARKER,360.954;548.399;365.268;552.135,TEXT_MARKER,masks/semantic/SEM_XTICK_1.png,masks/graphics/GRAPHIC_HIGH_INITIAL_MARKER.png,0,55.080,51.961,3,0,PASS,native-300dpi no-dilation separated raw masks; PDF/vector bboxes are unexpanded,
REL_0523,PANEL_STATIONARY_MAP,SEM_X_AXIS_LABEL,TEXT,295.051;567.626;300.954;578.289,GRAPHIC_X_TICK_1,AXIS_TICK,217.224;548.764;379.321;553.016,TEXT_AXIS_TICK,masks/semantic/SEM_X_AXIS_LABEL.png,masks/graphics/GRAPHIC_X_TICK_1.png,0,331.665,60.876,3,0,PASS,native-300dpi no-dilation separated raw masks; PDF/vector bboxes are unexpanded,
REL_0524,PANEL_STATIONARY_MAP,SEM_X_AXIS_LABEL,TEXT,295.051;567.626;300.954;578.289,GRAPHIC_X_TICK_2,AXIS_TICK,217.224;548.764;379.321;553.016,TEXT_AXIS_TICK,masks/semantic/SEM_X_AXIS_LABEL.png,masks/graphics/GRAPHIC_X_TICK_2.png,0,201.832,60.876,3,0,PASS,native-300dpi no-dilation separated raw masks; PDF/vector bboxes are unexpanded,
REL_0525,PANEL_STATIONARY_MAP,SEM_X_AXIS_LABEL,TEXT,295.051;567.626;300.954;578.289,GRAPHIC_X_TICK_3,AXIS_TICK,217.224;548.764;379.321;553.016,TEXT_AXIS_TICK,masks/semantic/SEM_X_AXIS_LABEL.png,masks/graphics/GRAPHIC_X_TICK_3.png,0,88.811,60.876,3,0,PASS,native-300dpi no-dilation separated raw masks; PDF/vector bboxes are unexpanded,
REL_0526,PANEL_STATIONARY_MAP,SEM_X_AXIS_LABEL,TEXT,295.051;567.626;300.954;578.289,GRAPHIC_X_TICK_4,AXIS_TICK,217.224;548.764;379.321;553.016,TEXT_AXIS_TICK,masks/semantic/SEM_X_AXIS_LABEL.png,masks/graphics/GRAPHIC_X_TICK_4.png,0,95.938,60.876,3,0,PASS,native-300dpi no-dilation separated raw masks; PDF/vector bboxes are unexpanded,
REL_0527,PANEL_STATIONARY_MAP,SEM_X_AXIS_LABEL,TEXT,295.051;567.626;300.954;578.289,GRAPHIC_X_TICK_5,AXIS_TICK,217.224;548.764;379.321;553.016,TEXT_AXIS_TICK,masks/semantic/SEM_X_AXIS_LABEL.png,masks/graphics/GRAPHIC_X_TICK_5.png,0,209.488,60.876,3,0,PASS,native-300dpi no-dilation separated raw masks; PDF/vector bboxes are unexpanded,
REL_0528,PANEL_STATIONARY_MAP,SEM_X_AXIS_LABEL,TEXT,295.051;567.626;300.954;578.289,GRAPHIC_X_TICK_6,AXIS_TICK,217.224;548.764;379.321;553.016,TEXT_AXIS_TICK,masks/semantic/SEM_X_AXIS_LABEL.png,masks/graphics/GRAPHIC_X_TICK_6.png,0,337.585,60.876,3,0,PASS,native-300dpi no-dilation separated raw masks; PDF/vector bboxes are unexpanded,
REL_0529,PANEL_STATIONARY_MAP,SEM_X_AXIS_LABEL,TEXT,295.051;567.626;300.954;578.289,GRAPHIC_Y_TICK_1,AXIS_TICK,215.098;388.793;219.350;550.890,TEXT_AXIS_TICK,masks/semantic/SEM_X_AXIS_LABEL.png,masks/graphics/GRAPHIC_Y_TICK_1.png,0,325.696,323.121,3,0,PASS,native-300dpi no-dilation separated raw masks; PDF/vector bboxes are unexpanded,
REL_0530,PANEL_STATIONARY_MAP,SEM_X_AXIS_LABEL,TEXT,295.051;567.626;300.954;578.289,GRAPHIC_Y_TICK_2,AXIS_TICK,215.098;388.793;219.350;550.890,TEXT_AXIS_TICK,masks/semantic/SEM_X_AXIS_LABEL.png,masks/graphics/GRAPHIC_Y_TICK_2.png,0,381.472,323.121,3,0,PASS,native-300dpi no-dilation separated raw masks; PDF/vector bboxes are unexpanded,
REL_0531,PANEL_STATIONARY_MAP,SEM_X_AXIS_LABEL,TEXT,295.051;567.626;300.954;578.289,GRAPHIC_Y_TICK_3,AXIS_TICK,215.098;388.793;219.350;550.890,TEXT_AXIS_TICK,masks/semantic/SEM_X_AXIS_LABEL.png,masks/graphics/GRAPHIC_Y_TICK_3.png,0,470.476,323.121,3,0,PASS,native-300dpi no-dilation separated raw masks; PDF/vector bboxes are unexpanded,
REL_0532,PANEL_STATIONARY_MAP,SEM_X_AXIS_LABEL,TEXT,295.051;567.626;300.954;578.289,GRAPHIC_Y_TICK_4,AXIS_TICK,215.098;388.793;219.350;550.890,TEXT_AXIS_TICK,masks/semantic/SEM_X_AXIS_LABEL.png,masks/graphics/GRAPHIC_Y_TICK_4.png,0,577.572,323.121,3,0,PASS,native-300dpi no-dilation separated raw masks; PDF/vector bboxes are unexpanded,
REL_0533,PANEL_STATIONARY_MAP,SEM_X_AXIS_LABEL,TEXT,295.051;567.626;300.954;578.289,GRAPHIC_Y_TICK_5,AXIS_TICK,215.098;388.793;219.350;550.890,TEXT_AXIS_TICK,masks/semantic/SEM_X_AXIS_LABEL.png,masks/graphics/GRAPHIC_Y_TICK_5.png,0,694.449,323.121,3,0,PASS,native-300dpi no-dilation separated raw masks; PDF/vector bboxes are unexpanded,
REL_0534,PANEL_STATIONARY_MAP,SEM_X_AXIS_LABEL,TEXT,295.051;567.626;300.954;578.289,GRAPHIC_Y_TICK_6,AXIS_TICK,215.098;388.793;219.350;550.890,TEXT_AXIS_TICK,masks/semantic/SEM_X_AXIS_LABEL.png,masks/graphics/GRAPHIC_Y_TICK_6.png,0,816.927,323.121,3,0,PASS,native-300dpi no-dilation separated raw masks; PDF/vector bboxes are unexpanded,
REL_0535,PANEL_STATIONARY_MAP,SEM_X_AXIS_LABEL,TEXT,295.051;567.626;300.954;578.289,GRAPHIC_X_AXIS,AXIS,217.224;550.890;376.731;550.890,TEXT_AXIS,masks/semantic/SEM_X_AXIS_LABEL.png,masks/graphics/GRAPHIC_X_AXIS.png,0,78.000,69.736,3,0,PASS,native-300dpi no-dilation separated raw masks; PDF/vector bboxes are unexpanded,
REL_0536,PANEL_STATIONARY_MAP,SEM_X_AXIS_LABEL,TEXT,295.051;567.626;300.954;578.289,GRAPHIC_X_AXIS_ARROW,ARROW,375.177;548.818;379.321;552.962,TEXT_ARROW,masks/semantic/SEM_X_AXIS_LABEL.png,masks/graphics/GRAPHIC_X_AXIS_ARROW.png,0,327.250,315.323,3,0,PASS,native-300dpi no-dilation separated raw masks; PDF/vector bboxes are unexpanded,
REL_0537,PANEL_STATIONARY_MAP,SEM_X_AXIS_LABEL,TEXT,295.051;567.626;300.954;578.289,GRAPHIC_Y_AXIS,AXIS,217.224;391.383;217.224;550.890,TEXT_AXIS,masks/semantic/SEM_X_AXIS_LABEL.png,masks/graphics/GRAPHIC_Y_AXIS.png,0,333.701,331.780,3,0,PASS,native-300dpi no-dilation separated raw masks; PDF/vector bboxes are unexpanded,
REL_0538,PANEL_STATIONARY_MAP,SEM_X_AXIS_LABEL,TEXT,295.051;567.626;300.954;578.289,GRAPHIC_Y_AXIS_ARROW,ARROW,215.152;388.793;219.296;392.937,TEXT_ARROW,masks/semantic/SEM_X_AXIS_LABEL.png,masks/graphics/GRAPHIC_Y_AXIS_ARROW.png,0,809.475,793.422,3,0,PASS,native-300dpi no-dilation separated raw masks; PDF/vector bboxes are unexpanded,
REL_0539,PANEL_STATIONARY_MAP,SEM_X_AXIS_LABEL,TEXT,295.051;567.626;300.954;578.289,GRAPHIC_REFERENCE_Y_EQ_R,CURVE,217.224;388.793;379.321;550.890,TEXT_CURVE,masks/semantic/SEM_X_AXIS_LABEL.png,masks/graphics/GRAPHIC_REFERENCE_Y_EQ_R.png,0,285.379,69.736,3,0,PASS,native-300dpi no-dilation separated raw masks; PDF/vector bboxes are unexpanded,
REL_0540,PANEL_STATIONARY_MAP,SEM_X_AXIS_LABEL,TEXT,295.051;567.626;300.954;578.289,GRAPHIC_MAP,CURVE,217.224;437.422;379.321;518.471,TEXT_CURVE,masks/semantic/SEM_X_AXIS_LABEL.png,masks/graphics/GRAPHIC_MAP.png,0,334.860,204.821,3,0,PASS,native-300dpi no-dilation separated raw masks; PDF/vector bboxes are unexpanded,
REL_0541,PANEL_STATIONARY_MAP,SEM_X_AXIS_LABEL,TEXT,295.051;567.626;300.954;578.289,GRAPHIC_COBWEB_LOW,CURVE,225.329;489.597;278.517;550.890,TEXT_CURVE,masks/semantic/SEM_X_AXIS_LABEL.png,masks/graphics/GRAPHIC_COBWEB_LOW.png,0,288.201,98.039,3,0,PASS,native-300dpi no-dilation separated raw masks; PDF/vector bboxes are unexpanded,
REL_0542,PANEL_STATIONARY_MAP,SEM_X_AXIS_LABEL,TEXT,295.051;567.626;300.954;578.289,GRAPHIC_COBWEB_HIGH,CURVE,287.128;445.527;363.112;550.890,TEXT_CURVE,masks/semantic/SEM_X_AXIS_LABEL.png,masks/graphics/GRAPHIC_COBWEB_HIGH.png,0,276.074,69.736,3,0,PASS,native-300dpi no-dilation separated raw masks; PDF/vector bboxes are unexpanded,
REL_0543,PANEL_STATIONARY_MAP,SEM_X_AXIS_LABEL,TEXT,295.051;567.626;300.954;578.289,GRAPHIC_NOTEBOX_BORDER,NODE_BORDER,282.547;509.458;336.852;533.967,TEXT_NODE_BORDER,masks/semantic/SEM_X_AXIS_LABEL.png,masks/graphics/GRAPHIC_NOTEBOX_BORDER.png,0,149.000,140.252,5,0,PASS,native-300dpi no-dilation separated raw masks; PDF/vector bboxes are unexpanded,
REL_0544,PANEL_STATIONARY_MAP,SEM_X_AXIS_LABEL,TEXT,295.051;567.626;300.954;578.289,GRAPHIC_FIXED_POINT,MARKER,279.373;483.361;284.753;488.741,TEXT_MARKER,masks/semantic/SEM_X_AXIS_LABEL.png,masks/graphics/GRAPHIC_FIXED_POINT.png,0,342.118,331.489,3,0,PASS,native-300dpi no-dilation separated raw masks; PDF/vector bboxes are unexpanded,
REL_0545,PANEL_STATIONARY_MAP,SEM_X_AXIS_LABEL,TEXT,295.051;567.626;300.954;578.289,GRAPHIC_LOW_INITIAL_MARKER,MARKER,223.237;548.798;227.421;552.982,TEXT_MARKER,masks/semantic/SEM_X_AXIS_LABEL.png,masks/graphics/GRAPHIC_LOW_INITIAL_MARKER.png,0,291.740,288.398,3,0,PASS,native-300dpi no-dilation separated raw masks; PDF/vector bboxes are unexpanded,
REL_0546,PANEL_STATIONARY_MAP,SEM_X_AXIS_LABEL,TEXT,295.051;567.626;300.954;578.289,GRAPHIC_HIGH_INITIAL_MARKER,MARKER,360.954;548.399;365.268;552.135,TEXT_MARKER,masks/semantic/SEM_X_AXIS_LABEL.png,masks/graphics/GRAPHIC_HIGH_INITIAL_MARKER.png,0,266.868,258.267,3,0,PASS,native-300dpi no-dilation separated raw masks; PDF/vector bboxes are unexpanded,
REL_0547,PANEL_STATIONARY_MAP,SEM_YTICK_0,TEXT,206.235;547.128;211.262;555.796,GRAPHIC_X_TICK_1,AXIS_TICK,217.224;548.764;379.321;553.016,TEXT_AXIS_TICK,masks/semantic/SEM_YTICK_0.png,masks/graphics/GRAPHIC_X_TICK_1.png,0,25.000,24.848,3,0,PASS,native-300dpi no-dilation separated raw masks; PDF/vector bboxes are unexpanded,
REL_0548,PANEL_STATIONARY_MAP,SEM_YTICK_0,TEXT,206.235;547.128;211.262;555.796,GRAPHIC_X_TICK_2,AXIS_TICK,217.224;548.764;379.321;553.016,TEXT_AXIS_TICK,masks/semantic/SEM_YTICK_0.png,masks/graphics/GRAPHIC_X_TICK_2.png,0,160.000,24.848,3,0,PASS,native-300dpi no-dilation separated raw masks; PDF/vector bboxes are unexpanded,
REL_0549,PANEL_STATIONARY_MAP,SEM_YTICK_0,TEXT,206.235;547.128;211.262;555.796,GRAPHIC_X_TICK_3,AXIS_TICK,217.224;548.764;379.321;553.016,TEXT_AXIS_TICK,masks/semantic/SEM_YTICK_0.png,masks/graphics/GRAPHIC_X_TICK_3.png,0,295.000,24.848,3,0,PASS,native-300dpi no-dilation separated raw masks; PDF/vector bboxes are unexpanded,
REL_0550,PANEL_STATIONARY_MAP,SEM_YTICK_0,TEXT,206.235;547.128;211.262;555.796,GRAPHIC_X_TICK_4,AXIS_TICK,217.224;548.764;379.321;553.016,TEXT_AXIS_TICK,masks/semantic/SEM_YTICK_0.png,masks/graphics/GRAPHIC_X_TICK_4.png,0,430.000,24.848,3,0,PASS,native-300dpi no-dilation separated raw masks; PDF/vector bboxes are unexpanded,
REL_0551,PANEL_STATIONARY_MAP,SEM_YTICK_0,TEXT,206.235;547.128;211.262;555.796,GRAPHIC_X_TICK_5,AXIS_TICK,217.224;548.764;379.321;553.016,TEXT_AXIS_TICK,masks/semantic/SEM_YTICK_0.png,masks/graphics/GRAPHIC_X_TICK_5.png,0,565.000,24.848,3,0,PASS,native-300dpi no-dilation separated raw masks; PDF/vector bboxes are unexpanded,
REL_0552,PANEL_STATIONARY_MAP,SEM_YTICK_0,TEXT,206.235;547.128;211.262;555.796,GRAPHIC_X_TICK_6,AXIS_TICK,217.224;548.764;379.321;553.016,TEXT_AXIS_TICK,masks/semantic/SEM_YTICK_0.png,masks/graphics/GRAPHIC_X_TICK_6.png,0,700.000,24.848,3,0,PASS,native-300dpi no-dilation separated raw masks; PDF/vector bboxes are unexpanded,
REL_0553,PANEL_STATIONARY_MAP,SEM_YTICK_0,TEXT,206.235;547.128;211.262;555.796,GRAPHIC_Y_TICK_1,AXIS_TICK,215.098;388.793;219.350;550.890,TEXT_AXIS_TICK,masks/semantic/SEM_YTICK_0.png,masks/graphics/GRAPHIC_Y_TICK_1.png,0,17.000,15.986,3,0,PASS,native-300dpi no-dilation separated raw masks; PDF/vector bboxes are unexpanded,
REL_0554,PANEL_STATIONARY_MAP,SEM_YTICK_0,TEXT,206.235;547.128;211.262;555.796,GRAPHIC_Y_TICK_2,AXIS_TICK,215.098;388.793;219.350;550.890,TEXT_AXIS_TICK,masks/semantic/SEM_YTICK_0.png,masks/graphics/GRAPHIC_Y_TICK_2.png,0,122.976,15.986,3,0,PASS,native-300dpi no-dilation separated raw masks; PDF/vector bboxes are unexpanded,
REL_0555,PANEL_STATIONARY_MAP,SEM_YTICK_0,TEXT,206.235;547.128;211.262;555.796,GRAPHIC_Y_TICK_3,AXIS_TICK,215.098;388.793;219.350;550.890,TEXT_AXIS_TICK,masks/semantic/SEM_YTICK_0.png,masks/graphics/GRAPHIC_Y_TICK_3.png,0,256.420,15.986,3,0,PASS,native-300dpi no-dilation separated raw masks; PDF/vector bboxes are unexpanded,
REL_0556,PANEL_STATIONARY_MAP,SEM_YTICK_0,TEXT,206.235;547.128;211.262;555.796,GRAPHIC_Y_TICK_4,AXIS_TICK,215.098;388.793;219.350;550.890,TEXT_AXIS_TICK,masks/semantic/SEM_YTICK_0.png,masks/graphics/GRAPHIC_Y_TICK_4.png,0,390.931,15.986,3,0,PASS,native-300dpi no-dilation separated raw masks; PDF/vector bboxes are unexpanded,
REL_0557,PANEL_STATIONARY_MAP,SEM_YTICK_0,TEXT,206.235;547.128;211.262;555.796,GRAPHIC_Y_TICK_5,AXIS_TICK,215.098;388.793;219.350;550.890,TEXT_AXIS_TICK,masks/semantic/SEM_YTICK_0.png,masks/graphics/GRAPHIC_Y_TICK_5.png,0,525.693,15.986,3,0,PASS,native-300dpi no-dilation separated raw masks; PDF/vector bboxes are unexpanded,
REL_0558,PANEL_STATIONARY_MAP,SEM_YTICK_0,TEXT,206.235;547.128;211.262;555.796,GRAPHIC_Y_TICK_6,AXIS_TICK,215.098;388.793;219.350;550.890,TEXT_AXIS_TICK,masks/semantic/SEM_YTICK_0.png,masks/graphics/GRAPHIC_Y_TICK_6.png,0,660.551,15.986,3,0,PASS,native-300dpi no-dilation separated raw masks; PDF/vector bboxes are unexpanded,
REL_0559,PANEL_STATIONARY_MAP,SEM_YTICK_0,TEXT,206.235;547.128;211.262;555.796,GRAPHIC_X_AXIS,AXIS,217.224;550.890;376.731;550.890,TEXT_AXIS,masks/semantic/SEM_YTICK_0.png,masks/graphics/GRAPHIC_X_AXIS.png,0,26.000,24.848,3,0,PASS,native-300dpi no-dilation separated raw masks; PDF/vector bboxes are unexpanded,
REL_0560,PANEL_STATIONARY_MAP,SEM_YTICK_0,TEXT,206.235;547.128;211.262;555.796,GRAPHIC_X_AXIS_ARROW,ARROW,375.177;548.818;379.321;552.962,TEXT_ARROW,masks/semantic/SEM_YTICK_0.png,masks/graphics/GRAPHIC_X_AXIS_ARROW.png,0,684.036,683.166,3,0,PASS,native-300dpi no-dilation separated raw masks; PDF/vector bboxes are unexpanded,
REL_0561,PANEL_STATIONARY_MAP,SEM_YTICK_0,TEXT,206.235;547.128;211.262;555.796,GRAPHIC_Y_AXIS,AXIS,217.224;391.383;217.224;550.890,TEXT_AXIS,masks/semantic/SEM_YTICK_0.png,masks/graphics/GRAPHIC_Y_AXIS.png,0,25.000,24.848,3,0,PASS,native-300dpi no-dilation separated raw masks; PDF/vector bboxes are unexpanded,
REL_0562,PANEL_STATIONARY_MAP,SEM_YTICK_0,TEXT,206.235;547.128;211.262;555.796,GRAPHIC_Y_AXIS_ARROW,ARROW,215.152;388.793;219.296;392.937,TEXT_ARROW,masks/semantic/SEM_YTICK_0.png,masks/graphics/GRAPHIC_Y_AXIS_ARROW.png,0,644.565,642.691,3,0,PASS,native-300dpi no-dilation separated raw masks; PDF/vector bboxes are unexpanded,
REL_0563,PANEL_STATIONARY_MAP,SEM_YTICK_0,TEXT,206.235;547.128;211.262;555.796,GRAPHIC_REFERENCE_Y_EQ_R,CURVE,217.224;388.793;379.321;550.890,TEXT_CURVE,masks/semantic/SEM_YTICK_0.png,masks/graphics/GRAPHIC_REFERENCE_Y_EQ_R.png,0,25.000,24.848,3,0,PASS,native-300dpi no-dilation separated raw masks; PDF/vector bboxes are unexpanded,
REL_0564,PANEL_STATIONARY_MAP,SEM_YTICK_0,TEXT,206.235;547.128;211.262;555.796,GRAPHIC_MAP,CURVE,217.224;437.422;379.321;518.471,TEXT_CURVE,masks/semantic/SEM_YTICK_0.png,masks/graphics/GRAPHIC_MAP.png,0,124.575,121.970,3,0,PASS,native-300dpi no-dilation separated raw masks; PDF/vector bboxes are unexpanded,
REL_0565,PANEL_STATIONARY_MAP,SEM_YTICK_0,TEXT,206.235;547.128;211.262;555.796,GRAPHIC_COBWEB_LOW,CURVE,225.329;489.597;278.517;550.890,TEXT_CURVE,masks/semantic/SEM_YTICK_0.png,masks/graphics/GRAPHIC_COBWEB_LOW.png,0,59.000,58.627,3,0,PASS,native-300dpi no-dilation separated raw masks; PDF/vector bboxes are unexpanded,
REL_0566,PANEL_STATIONARY_MAP,SEM_YTICK_0,TEXT,206.235;547.128;211.262;555.796,GRAPHIC_COBWEB_HIGH,CURVE,287.128;445.527;363.112;550.890,TEXT_CURVE,masks/semantic/SEM_YTICK_0.png,masks/graphics/GRAPHIC_COBWEB_HIGH.png,0,424.959,316.197,3,0,PASS,native-300dpi no-dilation separated raw masks; PDF/vector bboxes are unexpanded,
REL_0567,PANEL_STATIONARY_MAP,SEM_YTICK_0,TEXT,206.235;547.128;211.262;555.796,GRAPHIC_NOTEBOX_BORDER,NODE_BORDER,282.547;509.458;336.852;533.967,TEXT_NODE_BORDER,masks/semantic/SEM_YTICK_0.png,masks/graphics/GRAPHIC_NOTEBOX_BORDER.png,0,307.992,302.120,5,0,PASS,native-300dpi no-dilation separated raw masks; PDF/vector bboxes are unexpanded,
REL_0568,PANEL_STATIONARY_MAP,SEM_YTICK_0,TEXT,206.235;547.128;211.262;555.796,GRAPHIC_FIXED_POINT,MARKER,279.373;483.361;284.753;488.741,TEXT_MARKER,masks/semantic/SEM_YTICK_0.png,masks/graphics/GRAPHIC_FIXED_POINT.png,0,384.705,373.863,3,0,PASS,native-300dpi no-dilation separated raw masks; PDF/vector bboxes are unexpanded,
REL_0569,PANEL_STATIONARY_MAP,SEM_YTICK_0,TEXT,206.235;547.128;211.262;555.796,GRAPHIC_LOW_INITIAL_MARKER,MARKER,223.237;548.798;227.421;552.982,TEXT_MARKER,masks/semantic/SEM_YTICK_0.png,masks/graphics/GRAPHIC_LOW_INITIAL_MARKER.png,0,51.000,49.908,3,0,PASS,native-300dpi no-dilation separated raw masks; PDF/vector bboxes are unexpanded,
REL_0570,PANEL_STATIONARY_MAP,SEM_YTICK_0,TEXT,206.235;547.128;211.262;555.796,GRAPHIC_HIGH_INITIAL_MARKER,MARKER,360.954;548.399;365.268;552.135,TEXT_MARKER,masks/semantic/SEM_YTICK_0.png,masks/graphics/GRAPHIC_HIGH_INITIAL_MARKER.png,0,625.013,623.890,3,0,PASS,native-300dpi no-dilation separated raw masks; PDF/vector bboxes are unexpanded,
REL_0571,PANEL_STATIONARY_MAP,SEM_YTICK_02,TEXT,199.154;514.717;211.262;523.385,GRAPHIC_X_TICK_1,AXIS_TICK,217.224;548.764;379.321;553.016,TEXT_AXIS_TICK,masks/semantic/SEM_YTICK_02.png,masks/graphics/GRAPHIC_X_TICK_1.png,0,117.127,108.628,3,0,PASS,native-300dpi no-dilation separated raw masks; PDF/vector bboxes are unexpanded,
REL_0572,PANEL_STATIONARY_MAP,SEM_YTICK_02,TEXT,199.154;514.717;211.262;523.385,GRAPHIC_X_TICK_2,AXIS_TICK,217.224;548.764;379.321;553.016,TEXT_AXIS_TICK,masks/semantic/SEM_YTICK_02.png,masks/graphics/GRAPHIC_X_TICK_2.png,0,197.668,108.628,3,0,PASS,native-300dpi no-dilation separated raw masks; PDF/vector bboxes are unexpanded,
REL_0573,PANEL_STATIONARY_MAP,SEM_YTICK_02,TEXT,199.154;514.717;211.262;523.385,GRAPHIC_X_TICK_3,AXIS_TICK,217.224;548.764;379.321;553.016,TEXT_AXIS_TICK,masks/semantic/SEM_YTICK_02.png,masks/graphics/GRAPHIC_X_TICK_3.png,0,317.487,108.628,3,0,PASS,native-300dpi no-dilation separated raw masks; PDF/vector bboxes are unexpanded,
REL_0574,PANEL_STATIONARY_MAP,SEM_YTICK_02,TEXT,199.154;514.717;211.262;523.385,GRAPHIC_X_TICK_4,AXIS_TICK,217.224;548.764;379.321;553.016,TEXT_AXIS_TICK,masks/semantic/SEM_YTICK_02.png,masks/graphics/GRAPHIC_X_TICK_4.png,0,445.861,108.628,3,0,PASS,native-300dpi no-dilation separated raw masks; PDF/vector bboxes are unexpanded,
REL_0575,PANEL_STATIONARY_MAP,SEM_YTICK_02,TEXT,199.154;514.717;211.262;523.385,GRAPHIC_X_TICK_5,AXIS_TICK,217.224;548.764;379.321;553.016,TEXT_AXIS_TICK,masks/semantic/SEM_YTICK_02.png,masks/graphics/GRAPHIC_X_TICK_5.png,0,577.170,108.628,3,0,PASS,native-300dpi no-dilation separated raw masks; PDF/vector bboxes are unexpanded,
REL_0576,PANEL_STATIONARY_MAP,SEM_YTICK_02,TEXT,199.154;514.717;211.262;523.385,GRAPHIC_X_TICK_6,AXIS_TICK,217.224;548.764;379.321;553.016,TEXT_AXIS_TICK,masks/semantic/SEM_YTICK_02.png,masks/graphics/GRAPHIC_X_TICK_6.png,0,709.862,108.628,3,0,PASS,native-300dpi no-dilation separated raw masks; PDF/vector bboxes are unexpanded,
REL_0577,PANEL_STATIONARY_MAP,SEM_YTICK_02,TEXT,199.154;514.717;211.262;523.385,GRAPHIC_Y_TICK_1,AXIS_TICK,215.098;388.793;219.350;550.890,TEXT_AXIS_TICK,masks/semantic/SEM_YTICK_02.png,masks/graphics/GRAPHIC_Y_TICK_1.png,0,123.459,15.984,3,0,PASS,native-300dpi no-dilation separated raw masks; PDF/vector bboxes are unexpanded,
REL_0578,PANEL_STATIONARY_MAP,SEM_YTICK_02,TEXT,199.154;514.717;211.262;523.385,GRAPHIC_Y_TICK_2,AXIS_TICK,215.098;388.793;219.350;550.890,TEXT_AXIS_TICK,masks/semantic/SEM_YTICK_02.png,masks/graphics/GRAPHIC_Y_TICK_2.png,0,17.439,15.984,3,0,PASS,native-300dpi no-dilation separated raw masks; PDF/vector bboxes are unexpanded,
REL_0579,PANEL_STATIONARY_MAP,SEM_YTICK_02,TEXT,199.154;514.717;211.262;523.385,GRAPHIC_Y_TICK_3,AXIS_TICK,215.098;388.793;219.350;550.890,TEXT_AXIS_TICK,masks/semantic/SEM_YTICK_02.png,masks/graphics/GRAPHIC_Y_TICK_3.png,0,122.762,15.984,3,0,PASS,native-300dpi no-dilation separated raw masks; PDF/vector bboxes are unexpanded,
REL_0580,PANEL_STATIONARY_MAP,SEM_YTICK_02,TEXT,199.154;514.717;211.262;523.385,GRAPHIC_Y_TICK_4,AXIS_TICK,215.098;388.793;219.350;550.890,TEXT_AXIS_TICK,masks/semantic/SEM_YTICK_02.png,masks/graphics/GRAPHIC_Y_TICK_4.png,0,256.317,15.984,3,0,PASS,native-300dpi no-dilation separated raw masks; PDF/vector bboxes are unexpanded,
REL_0581,PANEL_STATIONARY_MAP,SEM_YTICK_02,TEXT,199.154;514.717;211.262;523.385,GRAPHIC_Y_TICK_5,AXIS_TICK,215.098;388.793;219.350;550.890,TEXT_AXIS_TICK,masks/semantic/SEM_YTICK_02.png,masks/graphics/GRAPHIC_Y_TICK_5.png,0,390.863,15.984,3,0,PASS,native-300dpi no-dilation separated raw masks; PDF/vector bboxes are unexpanded,
REL_0582,PANEL_STATIONARY_MAP,SEM_YTICK_02,TEXT,199.154;514.717;211.262;523.385,GRAPHIC_Y_TICK_6,AXIS_TICK,215.098;388.793;219.350;550.890,TEXT_AXIS_TICK,masks/semantic/SEM_YTICK_02.png,masks/graphics/GRAPHIC_Y_TICK_6.png,0,525.642,15.984,3,0,PASS,native-300dpi no-dilation separated raw masks; PDF/vector bboxes are unexpanded,
REL_0583,PANEL_STATIONARY_MAP,SEM_YTICK_02,TEXT,199.154;514.717;211.262;523.385,GRAPHIC_X_AXIS,AXIS,217.224;550.890;376.731;550.890,TEXT_AXIS,masks/semantic/SEM_YTICK_02.png,masks/graphics/GRAPHIC_X_AXIS.png,0,125.147,117.271,3,0,PASS,native-300dpi no-dilation separated raw masks; PDF/vector bboxes are unexpanded,
REL_0584,PANEL_STATIONARY_MAP,SEM_YTICK_02,TEXT,199.154;514.717;211.262;523.385,GRAPHIC_X_AXIS_ARROW,ARROW,375.177;548.818;379.321;552.962,TEXT_ARROW,masks/semantic/SEM_YTICK_02.png,masks/graphics/GRAPHIC_X_AXIS_ARROW.png,0,694.089,691.335,3,0,PASS,native-300dpi no-dilation separated raw masks; PDF/vector bboxes are unexpanded,
REL_0585,PANEL_STATIONARY_MAP,SEM_YTICK_02,TEXT,199.154;514.717;211.262;523.385,GRAPHIC_Y_AXIS,AXIS,217.224;391.383;217.224;550.890,TEXT_AXIS,masks/semantic/SEM_YTICK_02.png,masks/graphics/GRAPHIC_Y_AXIS.png,0,25.000,24.846,3,0,PASS,native-300dpi no-dilation separated raw masks; PDF/vector bboxes are unexpanded,
REL_0586,PANEL_STATIONARY_MAP,SEM_YTICK_02,TEXT,199.154;514.717;211.262;523.385,GRAPHIC_Y_AXIS_ARROW,ARROW,215.152;388.793;219.296;392.937,TEXT_ARROW,masks/semantic/SEM_YTICK_02.png,masks/graphics/GRAPHIC_Y_AXIS_ARROW.png,0,509.662,507.694,3,0,PASS,native-300dpi no-dilation separated raw masks; PDF/vector bboxes are unexpanded,
REL_0587,PANEL_STATIONARY_MAP,SEM_YTICK_02,TEXT,199.154;514.717;211.262;523.385,GRAPHIC_REFERENCE_Y_EQ_R,CURVE,217.224;388.793;379.321;550.890,TEXT_CURVE,masks/semantic/SEM_YTICK_02.png,masks/graphics/GRAPHIC_REFERENCE_Y_EQ_R.png,0,105.527,24.846,3,0,PASS,native-300dpi no-dilation separated raw masks; PDF/vector bboxes are unexpanded,
REL_0588,PANEL_STATIONARY_MAP,SEM_YTICK_02,TEXT,199.154;514.717;211.262;523.385,GRAPHIC_MAP,CURVE,217.224;437.422;379.321;518.471,TEXT_CURVE,masks/semantic/SEM_YTICK_02.png,masks/graphics/GRAPHIC_MAP.png,0,25.683,24.846,3,0,PASS,native-300dpi no-dilation separated raw masks; PDF/vector bboxes are unexpanded,
REL_0589,PANEL_STATIONARY_MAP,SEM_YTICK_02,TEXT,199.154;514.717;211.262;523.385,GRAPHIC_COBWEB_LOW,CURVE,225.329;489.597;278.517;550.890,TEXT_CURVE,masks/semantic/SEM_YTICK_02.png,masks/graphics/GRAPHIC_COBWEB_LOW.png,0,59.000,58.626,3,0,PASS,native-300dpi no-dilation separated raw masks; PDF/vector bboxes are unexpanded,
REL_0590,PANEL_STATIONARY_MAP,SEM_YTICK_02,TEXT,199.154;514.717;211.262;523.385,GRAPHIC_COBWEB_HIGH,CURVE,287.128;445.527;363.112;550.890,TEXT_CURVE,masks/semantic/SEM_YTICK_02.png,masks/graphics/GRAPHIC_COBWEB_HIGH.png,0,350.241,316.195,3,0,PASS,native-300dpi no-dilation separated raw masks; PDF/vector bboxes are unexpanded,
REL_0591,PANEL_STATIONARY_MAP,SEM_YTICK_02,TEXT,199.154;514.717;211.262;523.385,GRAPHIC_NOTEBOX_BORDER,NODE_BORDER,282.547;509.458;336.852;533.967,TEXT_NODE_BORDER,masks/semantic/SEM_YTICK_02.png,masks/graphics/GRAPHIC_NOTEBOX_BORDER.png,0,299.000,297.100,5,0,PASS,native-300dpi no-dilation separated raw masks; PDF/vector bboxes are unexpanded,
REL_0592,PANEL_STATIONARY_MAP,SEM_YTICK_02,TEXT,199.154;514.717;211.262;523.385,GRAPHIC_FIXED_POINT,MARKER,279.373;483.361;284.753;488.741,TEXT_MARKER,masks/semantic/SEM_YTICK_02.png,masks/graphics/GRAPHIC_FIXED_POINT.png,0,311.642,303.807,3,0,PASS,native-300dpi no-dilation separated raw masks; PDF/vector bboxes are unexpanded,
REL_0593,PANEL_STATIONARY_MAP,SEM_YTICK_02,TEXT,199.154;514.717;211.262;523.385,GRAPHIC_LOW_INITIAL_MARKER,MARKER,223.237;548.798;227.421;552.982,TEXT_MARKER,masks/semantic/SEM_YTICK_02.png,masks/graphics/GRAPHIC_LOW_INITIAL_MARKER.png,0,125.625,117.062,3,0,PASS,native-300dpi no-dilation separated raw masks; PDF/vector bboxes are unexpanded,
REL_0594,PANEL_STATIONARY_MAP,SEM_YTICK_02,TEXT,199.154;514.717;211.262;523.385,GRAPHIC_HIGH_INITIAL_MARKER,MARKER,360.954;548.399;365.268;552.135,TEXT_MARKER,masks/semantic/SEM_YTICK_02.png,masks/graphics/GRAPHIC_HIGH_INITIAL_MARKER.png,0,638.766,632.535,3,0,PASS,native-300dpi no-dilation separated raw masks; PDF/vector bboxes are unexpanded,
REL_0595,PANEL_STATIONARY_MAP,SEM_YTICK_04,TEXT,198.807;482.294;211.262;490.962,GRAPHIC_X_TICK_1,AXIS_TICK,217.224;548.764;379.321;553.016,TEXT_AXIS_TICK,masks/semantic/SEM_YTICK_04.png,masks/graphics/GRAPHIC_X_TICK_1.png,0,250.794,242.128,3,0,PASS,native-300dpi no-dilation separated raw masks; PDF/vector bboxes are unexpanded,
REL_0596,PANEL_STATIONARY_MAP,SEM_YTICK_04,TEXT,198.807;482.294;211.262;490.962,GRAPHIC_X_TICK_2,AXIS_TICK,217.224;548.764;379.321;553.016,TEXT_AXIS_TICK,masks/semantic/SEM_YTICK_04.png,masks/graphics/GRAPHIC_X_TICK_2.png,0,298.541,242.128,3,0,PASS,native-300dpi no-dilation separated raw masks; PDF/vector bboxes are unexpanded,
REL_0597,PANEL_STATIONARY_MAP,SEM_YTICK_04,TEXT,198.807;482.294;211.262;490.962,GRAPHIC_X_TICK_3,AXIS_TICK,217.224;548.764;379.321;553.016,TEXT_AXIS_TICK,masks/semantic/SEM_YTICK_04.png,masks/graphics/GRAPHIC_X_TICK_3.png,0,389.512,242.128,3,0,PASS,native-300dpi no-dilation separated raw masks; PDF/vector bboxes are unexpanded,
REL_0598,PANEL_STATIONARY_MAP,SEM_YTICK_04,TEXT,198.807;482.294;211.262;490.962,GRAPHIC_X_TICK_4,AXIS_TICK,217.224;548.764;379.321;553.016,TEXT_AXIS_TICK,masks/semantic/SEM_YTICK_04.png,masks/graphics/GRAPHIC_X_TICK_4.png,0,499.785,242.128,3,0,PASS,native-300dpi no-dilation separated raw masks; PDF/vector bboxes are unexpanded,
REL_0599,PANEL_STATIONARY_MAP,SEM_YTICK_04,TEXT,198.807;482.294;211.262;490.962,GRAPHIC_X_TICK_5,AXIS_TICK,217.224;548.764;379.321;553.016,TEXT_AXIS_TICK,masks/semantic/SEM_YTICK_04.png,masks/graphics/GRAPHIC_X_TICK_5.png,0,619.791,242.128,3,0,PASS,native-300dpi no-dilation separated raw masks; PDF/vector bboxes are unexpanded,
REL_0600,PANEL_STATIONARY_MAP,SEM_YTICK_04,TEXT,198.807;482.294;211.262;490.962,GRAPHIC_X_TICK_6,AXIS_TICK,217.224;548.764;379.321;553.016,TEXT_AXIS_TICK,masks/semantic/SEM_YTICK_04.png,masks/graphics/GRAPHIC_X_TICK_6.png,0,744.940,242.128,3,0,PASS,native-300dpi no-dilation separated raw masks; PDF/vector bboxes are unexpanded,
REL_0601,PANEL_STATIONARY_MAP,SEM_YTICK_04,TEXT,198.807;482.294;211.262;490.962,GRAPHIC_Y_TICK_1,AXIS_TICK,215.098;388.793;219.350;550.890,TEXT_AXIS_TICK,masks/semantic/SEM_YTICK_04.png,masks/graphics/GRAPHIC_Y_TICK_1.png,0,257.936,15.985,3,0,PASS,native-300dpi no-dilation separated raw masks; PDF/vector bboxes are unexpanded,
REL_0602,PANEL_STATIONARY_MAP,SEM_YTICK_04,TEXT,198.807;482.294;211.262;490.962,GRAPHIC_Y_TICK_2,AXIS_TICK,215.098;388.793;219.350;550.890,TEXT_AXIS_TICK,masks/semantic/SEM_YTICK_04.png,masks/graphics/GRAPHIC_Y_TICK_2.png,0,123.952,15.985,3,0,PASS,native-300dpi no-dilation separated raw masks; PDF/vector bboxes are unexpanded,
REL_0603,PANEL_STATIONARY_MAP,SEM_YTICK_04,TEXT,198.807;482.294;211.262;490.962,GRAPHIC_Y_TICK_3,AXIS_TICK,215.098;388.793;219.350;550.890,TEXT_AXIS_TICK,masks/semantic/SEM_YTICK_04.png,masks/graphics/GRAPHIC_Y_TICK_3.png,0,17.111,15.985,3,0,PASS,native-300dpi no-dilation separated raw masks; PDF/vector bboxes are unexpanded,
REL_0604,PANEL_STATIONARY_MAP,SEM_YTICK_04,TEXT,198.807;482.294;211.262;490.962,GRAPHIC_Y_TICK_4,AXIS_TICK,215.098;388.793;219.350;550.890,TEXT_AXIS_TICK,masks/semantic/SEM_YTICK_04.png,masks/graphics/GRAPHIC_Y_TICK_4.png,0,121.984,15.985,3,0,PASS,native-300dpi no-dilation separated raw masks; PDF/vector bboxes are unexpanded,
REL_0605,PANEL_STATIONARY_MAP,SEM_YTICK_04,TEXT,198.807;482.294;211.262;490.962,GRAPHIC_Y_TICK_5,AXIS_TICK,215.098;388.793;219.350;550.890,TEXT_AXIS_TICK,masks/semantic/SEM_YTICK_04.png,masks/graphics/GRAPHIC_Y_TICK_5.png,0,255.944,15.985,3,0,PASS,native-300dpi no-dilation separated raw masks; PDF/vector bboxes are unexpanded,
REL_0606,PANEL_STATIONARY_MAP,SEM_YTICK_04,TEXT,198.807;482.294;211.262;490.962,GRAPHIC_Y_TICK_6,AXIS_TICK,215.098;388.793;219.350;550.890,TEXT_AXIS_TICK,masks/semantic/SEM_YTICK_04.png,masks/graphics/GRAPHIC_Y_TICK_6.png,0,390.618,15.985,3,0,PASS,native-300dpi no-dilation separated raw masks; PDF/vector bboxes are unexpanded,
REL_0607,PANEL_STATIONARY_MAP,SEM_YTICK_04,TEXT,198.807;482.294;211.262;490.962,GRAPHIC_X_AXIS,AXIS,217.224;550.890;376.731;550.890,TEXT_AXIS,masks/semantic/SEM_YTICK_04.png,masks/graphics/GRAPHIC_X_AXIS.png,0,258.856,250.943,3,0,PASS,native-300dpi no-dilation separated raw masks; PDF/vector bboxes are unexpanded,
REL_0608,PANEL_STATIONARY_MAP,SEM_YTICK_04,TEXT,198.807;482.294;211.262;490.962,GRAPHIC_X_AXIS_ARROW,ARROW,375.177;548.818;379.321;552.962,TEXT_ARROW,masks/semantic/SEM_YTICK_04.png,masks/graphics/GRAPHIC_X_AXIS_ARROW.png,0,729.924,724.453,3,0,PASS,native-300dpi no-dilation separated raw masks; PDF/vector bboxes are unexpanded,
REL_0609,PANEL_STATIONARY_MAP,SEM_YTICK_04,TEXT,198.807;482.294;211.262;490.962,GRAPHIC_Y_AXIS,AXIS,217.224;391.383;217.224;550.890,TEXT_AXIS,masks/semantic/SEM_YTICK_04.png,masks/graphics/GRAPHIC_Y_AXIS.png,0,25.000,24.848,3,0,PASS,native-300dpi no-dilation separated raw masks; PDF/vector bboxes are unexpanded,
REL_0610,PANEL_STATIONARY_MAP,SEM_YTICK_04,TEXT,198.807;482.294;211.262;490.962,GRAPHIC_Y_AXIS_ARROW,ARROW,215.152;388.793;219.296;392.937,TEXT_ARROW,masks/semantic/SEM_YTICK_04.png,masks/graphics/GRAPHIC_Y_AXIS_ARROW.png,0,374.645,372.687,3,0,PASS,native-300dpi no-dilation separated raw masks; PDF/vector bboxes are unexpanded,
REL_0611,PANEL_STATIONARY_MAP,SEM_YTICK_04,TEXT,198.807;482.294;211.262;490.962,GRAPHIC_REFERENCE_Y_EQ_R,CURVE,217.224;388.793;379.321;550.890,TEXT_CURVE,masks/semantic/SEM_YTICK_04.png,masks/graphics/GRAPHIC_REFERENCE_Y_EQ_R.png,0,202.823,24.848,3,0,PASS,native-300dpi no-dilation separated raw masks; PDF/vector bboxes are unexpanded,
REL_0612,PANEL_STATIONARY_MAP,SEM_YTICK_04,TEXT,198.807;482.294;211.262;490.962,GRAPHIC_MAP,CURVE,217.224;437.422;379.321;518.471,TEXT_CURVE,masks/semantic/SEM_YTICK_04.png,masks/graphics/GRAPHIC_MAP.png,0,121.984,24.848,3,0,PASS,native-300dpi no-dilation separated raw masks; PDF/vector bboxes are unexpanded,
REL_0613,PANEL_STATIONARY_MAP,SEM_YTICK_04,TEXT,198.807;482.294;211.262;490.962,GRAPHIC_COBWEB_LOW,CURVE,225.329;489.597;278.517;550.890,TEXT_CURVE,masks/semantic/SEM_YTICK_04.png,masks/graphics/GRAPHIC_COBWEB_LOW.png,0,123.342,58.627,3,0,PASS,native-300dpi no-dilation separated raw masks; PDF/vector bboxes are unexpanded,
REL_0614,PANEL_STATIONARY_MAP,SEM_YTICK_04,TEXT,198.807;482.294;211.262;490.962,GRAPHIC_COBWEB_HIGH,CURVE,287.128;445.527;363.112;550.890,TEXT_CURVE,masks/semantic/SEM_YTICK_04.png,masks/graphics/GRAPHIC_COBWEB_HIGH.png,0,317.831,316.196,3,0,PASS,native-300dpi no-dilation separated raw masks; PDF/vector bboxes are unexpanded,
REL_0615,PANEL_STATIONARY_MAP,SEM_YTICK_04,TEXT,198.807;482.294;211.262;490.962,GRAPHIC_NOTEBOX_BORDER,NODE_BORDER,282.547;509.458;336.852;533.967,TEXT_NODE_BORDER,masks/semantic/SEM_YTICK_04.png,masks/graphics/GRAPHIC_NOTEBOX_BORDER.png,0,314.601,306.935,5,0,PASS,native-300dpi no-dilation separated raw masks; PDF/vector bboxes are unexpanded,
REL_0616,PANEL_STATIONARY_MAP,SEM_YTICK_04,TEXT,198.807;482.294;211.262;490.962,GRAPHIC_FIXED_POINT,MARKER,279.373;483.361;284.753;488.741,TEXT_MARKER,masks/semantic/SEM_YTICK_04.png,masks/graphics/GRAPHIC_FIXED_POINT.png,0,285.000,283.873,3,0,PASS,native-300dpi no-dilation separated raw masks; PDF/vector bboxes are unexpanded,
REL_0617,PANEL_STATIONARY_MAP,SEM_YTICK_04,TEXT,198.807;482.294;211.262;490.962,GRAPHIC_LOW_INITIAL_MARKER,MARKER,223.237;548.798;227.421;552.982,TEXT_MARKER,masks/semantic/SEM_YTICK_04.png,masks/graphics/GRAPHIC_LOW_INITIAL_MARKER.png,0,255.195,246.105,3,0,PASS,native-300dpi no-dilation separated raw masks; PDF/vector bboxes are unexpanded,
REL_0618,PANEL_STATIONARY_MAP,SEM_YTICK_04,TEXT,198.807;482.294;211.262;490.962,GRAPHIC_HIGH_INITIAL_MARKER,MARKER,360.954;548.399;365.268;552.135,TEXT_MARKER,masks/semantic/SEM_YTICK_04.png,masks/graphics/GRAPHIC_HIGH_INITIAL_MARKER.png,0,680.349,668.220,3,0,PASS,native-300dpi no-dilation separated raw masks; PDF/vector bboxes are unexpanded,
REL_0619,PANEL_STATIONARY_MAP,SEM_YTICK_06,TEXT,198.981;449.879;211.263;458.547,GRAPHIC_X_TICK_1,AXIS_TICK,217.224;548.764;379.321;553.016,TEXT_AXIS_TICK,masks/semantic/SEM_YTICK_06.png,masks/graphics/GRAPHIC_X_TICK_1.png,0,384.331,376.737,3,0,PASS,native-300dpi no-dilation separated raw masks; PDF/vector bboxes are unexpanded,
REL_0620,PANEL_STATIONARY_MAP,SEM_YTICK_06,TEXT,198.981;449.879;211.263;458.547,GRAPHIC_X_TICK_2,AXIS_TICK,217.224;548.764;379.321;553.016,TEXT_AXIS_TICK,masks/semantic/SEM_YTICK_06.png,masks/graphics/GRAPHIC_X_TICK_2.png,0,417.742,376.737,3,0,PASS,native-300dpi no-dilation separated raw masks; PDF/vector bboxes are unexpanded,
REL_0621,PANEL_STATIONARY_MAP,SEM_YTICK_06,TEXT,198.981;449.879;211.263;458.547,GRAPHIC_X_TICK_3,AXIS_TICK,217.224;548.764;379.321;553.016,TEXT_AXIS_TICK,masks/semantic/SEM_YTICK_06.png,masks/graphics/GRAPHIC_X_TICK_3.png,0,487.083,376.737,3,0,PASS,native-300dpi no-dilation separated raw masks; PDF/vector bboxes are unexpanded,
REL_0622,PANEL_STATIONARY_MAP,SEM_YTICK_06,TEXT,198.981;449.879;211.263;458.547,GRAPHIC_X_TICK_4,AXIS_TICK,217.224;548.764;379.321;553.016,TEXT_AXIS_TICK,masks/semantic/SEM_YTICK_06.png,masks/graphics/GRAPHIC_X_TICK_4.png,0,579.662,376.737,3,0,PASS,native-300dpi no-dilation separated raw masks; PDF/vector bboxes are unexpanded,
REL_0623,PANEL_STATIONARY_MAP,SEM_YTICK_06,TEXT,198.981;449.879;211.263;458.547,GRAPHIC_X_TICK_5,AXIS_TICK,217.224;548.764;379.321;553.016,TEXT_AXIS_TICK,masks/semantic/SEM_YTICK_06.png,masks/graphics/GRAPHIC_X_TICK_5.png,0,686.047,376.737,3,0,PASS,native-300dpi no-dilation separated raw masks; PDF/vector bboxes are unexpanded,
REL_0624,PANEL_STATIONARY_MAP,SEM_YTICK_06,TEXT,198.981;449.879;211.263;458.547,GRAPHIC_X_TICK_6,AXIS_TICK,217.224;548.764;379.321;553.016,TEXT_AXIS_TICK,masks/semantic/SEM_YTICK_06.png,masks/graphics/GRAPHIC_X_TICK_6.png,0,801.090,376.737,3,0,PASS,native-300dpi no-dilation separated raw masks; PDF/vector bboxes are unexpanded,
REL_0625,PANEL_STATIONARY_MAP,SEM_YTICK_06,TEXT,198.981;449.879;211.263;458.547,GRAPHIC_Y_TICK_1,AXIS_TICK,215.098;388.793;219.350;550.890,TEXT_AXIS_TICK,masks/semantic/SEM_YTICK_06.png,masks/graphics/GRAPHIC_Y_TICK_1.png,0,391.734,15.983,3,0,PASS,native-300dpi no-dilation separated raw masks; PDF/vector bboxes are unexpanded,
REL_0626,PANEL_STATIONARY_MAP,SEM_YTICK_06,TEXT,198.981;449.879;211.263;458.547,GRAPHIC_Y_TICK_2,AXIS_TICK,215.098;388.793;219.350;550.890,TEXT_AXIS_TICK,masks/semantic/SEM_YTICK_06.png,masks/graphics/GRAPHIC_Y_TICK_2.png,0,257.118,15.983,3,0,PASS,native-300dpi no-dilation separated raw masks; PDF/vector bboxes are unexpanded,
REL_0627,PANEL_STATIONARY_MAP,SEM_YTICK_06,TEXT,198.981;449.879;211.263;458.547,GRAPHIC_Y_TICK_3,AXIS_TICK,215.098;388.793;219.350;550.890,TEXT_AXIS_TICK,masks/semantic/SEM_YTICK_06.png,masks/graphics/GRAPHIC_Y_TICK_3.png,0,123.338,15.983,3,0,PASS,native-300dpi no-dilation separated raw masks; PDF/vector bboxes are unexpanded,
REL_0628,PANEL_STATIONARY_MAP,SEM_YTICK_06,TEXT,198.981;449.879;211.263;458.547,GRAPHIC_Y_TICK_4,AXIS_TICK,215.098;388.793;219.350;550.890,TEXT_AXIS_TICK,masks/semantic/SEM_YTICK_06.png,masks/graphics/GRAPHIC_Y_TICK_4.png,0,18.000,15.983,3,0,PASS,native-300dpi no-dilation separated raw masks; PDF/vector bboxes are unexpanded,
REL_0629,PANEL_STATIONARY_MAP,SEM_YTICK_06,TEXT,198.981;449.879;211.263;458.547,GRAPHIC_Y_TICK_5,AXIS_TICK,215.098;388.793;219.350;550.890,TEXT_AXIS_TICK,masks/semantic/SEM_YTICK_06.png,masks/graphics/GRAPHIC_Y_TICK_5.png,0,121.809,15.983,3,0,PASS,native-300dpi no-dilation separated raw masks; PDF/vector bboxes are unexpanded,
REL_0630,PANEL_STATIONARY_MAP,SEM_YTICK_06,TEXT,198.981;449.879;211.263;458.547,GRAPHIC_Y_TICK_6,AXIS_TICK,215.098;388.793;219.350;550.890,TEXT_AXIS_TICK,masks/semantic/SEM_YTICK_06.png,masks/graphics/GRAPHIC_Y_TICK_6.png,0,255.860,15.983,3,0,PASS,native-300dpi no-dilation separated raw masks; PDF/vector bboxes are unexpanded,
REL_0631,PANEL_STATIONARY_MAP,SEM_YTICK_06,TEXT,198.981;449.879;211.263;458.547,GRAPHIC_X_AXIS,AXIS,217.224;550.890;376.731;550.890,TEXT_AXIS,masks/semantic/SEM_YTICK_06.png,masks/graphics/GRAPHIC_X_AXIS.png,0,392.387,385.578,3,0,PASS,native-300dpi no-dilation separated raw masks; PDF/vector bboxes are unexpanded,
REL_0632,PANEL_STATIONARY_MAP,SEM_YTICK_06,TEXT,198.981;449.879;211.263;458.547,GRAPHIC_X_AXIS_ARROW,ARROW,375.177;548.818;379.321;552.962,TEXT_ARROW,masks/semantic/SEM_YTICK_06.png,masks/graphics/GRAPHIC_X_AXIS_ARROW.png,0,787.124,779.868,3,0,PASS,native-300dpi no-dilation separated raw masks; PDF/vector bboxes are unexpanded,
REL_0633,PANEL_STATIONARY_MAP,SEM_YTICK_06,TEXT,198.981;449.879;211.263;458.547,GRAPHIC_Y_AXIS,AXIS,217.224;391.383;217.224;550.890,TEXT_AXIS,masks/semantic/SEM_YTICK_06.png,masks/graphics/GRAPHIC_Y_AXIS.png,0,26.000,24.845,3,0,PASS,native-300dpi no-dilation separated raw masks; PDF/vector bboxes are unexpanded,
REL_0634,PANEL_STATIONARY_MAP,SEM_YTICK_06,TEXT,198.981;449.879;211.263;458.547,GRAPHIC_Y_AXIS_ARROW,ARROW,215.152;388.793;219.296;392.937,TEXT_ARROW,masks/semantic/SEM_YTICK_06.png,masks/graphics/GRAPHIC_Y_AXIS_ARROW.png,0,239.917,237.820,3,0,PASS,native-300dpi no-dilation separated raw masks; PDF/vector bboxes are unexpanded,
REL_0635,PANEL_STATIONARY_MAP,SEM_YTICK_06,TEXT,198.981;449.879;211.263;458.547,GRAPHIC_REFERENCE_Y_EQ_R,CURVE,217.224;388.793;379.321;550.890,TEXT_CURVE,masks/semantic/SEM_YTICK_06.png,masks/graphics/GRAPHIC_REFERENCE_Y_EQ_R.png,0,298.247,24.845,3,0,PASS,native-300dpi no-dilation separated raw masks; PDF/vector bboxes are unexpanded,
REL_0636,PANEL_STATIONARY_MAP,SEM_YTICK_06,TEXT,198.981;449.879;211.263;458.547,GRAPHIC_MAP,CURVE,217.224;437.422;379.321;518.471,TEXT_CURVE,masks/semantic/SEM_YTICK_06.png,masks/graphics/GRAPHIC_MAP.png,0,242.742,24.845,3,0,PASS,native-300dpi no-dilation separated raw masks; PDF/vector bboxes are unexpanded,
REL_0637,PANEL_STATIONARY_MAP,SEM_YTICK_06,TEXT,198.981;449.879;211.263;458.547,GRAPHIC_COBWEB_LOW,CURVE,225.329;489.597;278.517;550.890,TEXT_CURVE,masks/semantic/SEM_YTICK_06.png,masks/graphics/GRAPHIC_COBWEB_LOW.png,0,248.177,142.042,3,0,PASS,native-300dpi no-dilation separated raw masks; PDF/vector bboxes are unexpanded,
REL_0638,PANEL_STATIONARY_MAP,SEM_YTICK_06,TEXT,198.981;449.879;211.263;458.547,GRAPHIC_COBWEB_HIGH,CURVE,287.128;445.527;363.112;550.890,TEXT_CURVE,masks/semantic/SEM_YTICK_06.png,masks/graphics/GRAPHIC_COBWEB_HIGH.png,0,334.836,316.194,3,0,PASS,native-300dpi no-dilation separated raw masks; PDF/vector bboxes are unexpanded,
REL_0639,PANEL_STATIONARY_MAP,SEM_YTICK_06,TEXT,198.981;449.879;211.263;458.547,GRAPHIC_NOTEBOX_BORDER,NODE_BORDER,282.547;509.458;336.852;533.967,TEXT_NODE_BORDER,masks/semantic/SEM_YTICK_06.png,masks/graphics/GRAPHIC_NOTEBOX_BORDER.png,0,378.005,365.062,5,0,PASS,native-300dpi no-dilation separated raw masks; PDF/vector bboxes are unexpanded,
REL_0640,PANEL_STATIONARY_MAP,SEM_YTICK_06,TEXT,198.981;449.879;211.263;458.547,GRAPHIC_FIXED_POINT,MARKER,279.373;483.361;284.753;488.741,TEXT_MARKER,masks/semantic/SEM_YTICK_06.png,masks/graphics/GRAPHIC_FIXED_POINT.png,0,311.642,302.114,3,0,PASS,native-300dpi no-dilation separated raw masks; PDF/vector bboxes are unexpanded,
REL_0641,PANEL_STATIONARY_MAP,SEM_YTICK_06,TEXT,198.981;449.879;211.263;458.547,GRAPHIC_LOW_INITIAL_MARKER,MARKER,223.237;548.798;227.421;552.982,TEXT_MARKER,masks/semantic/SEM_YTICK_06.png,masks/graphics/GRAPHIC_LOW_INITIAL_MARKER.png,0,387.356,379.356,3,0,PASS,native-300dpi no-dilation separated raw masks; PDF/vector bboxes are unexpanded,
REL_0642,PANEL_STATIONARY_MAP,SEM_YTICK_06,TEXT,198.981;449.879;211.263;458.547,GRAPHIC_HIGH_INITIAL_MARKER,MARKER,360.954;548.399;365.268;552.135,TEXT_MARKER,masks/semantic/SEM_YTICK_06.png,masks/graphics/GRAPHIC_HIGH_INITIAL_MARKER.png,0,743.157,727.605,3,0,PASS,native-300dpi no-dilation separated raw masks; PDF/vector bboxes are unexpanded,
REL_0643,PANEL_STATIONARY_MAP,SEM_YTICK_08,TEXT,199.145;417.465;211.262;426.133,GRAPHIC_X_TICK_1,AXIS_TICK,217.224;548.764;379.321;553.016,TEXT_AXIS_TICK,masks/semantic/SEM_YTICK_08.png,masks/graphics/GRAPHIC_X_TICK_1.png,0,519.923,511.584,3,0,PASS,native-300dpi no-dilation separated raw masks; PDF/vector bboxes are unexpanded,
REL_0644,PANEL_STATIONARY_MAP,SEM_YTICK_08,TEXT,199.145;417.465;211.262;426.133,GRAPHIC_X_TICK_2,AXIS_TICK,217.224;548.764;379.321;553.016,TEXT_AXIS_TICK,masks/semantic/SEM_YTICK_08.png,masks/graphics/GRAPHIC_X_TICK_2.png,0,544.853,511.584,3,0,PASS,native-300dpi no-dilation separated raw masks; PDF/vector bboxes are unexpanded,
REL_0645,PANEL_STATIONARY_MAP,SEM_YTICK_08,TEXT,199.145;417.465;211.262;426.133,GRAPHIC_X_TICK_3,AXIS_TICK,217.224;548.764;379.321;553.016,TEXT_AXIS_TICK,masks/semantic/SEM_YTICK_08.png,masks/graphics/GRAPHIC_X_TICK_3.png,0,599.701,511.584,3,0,PASS,native-300dpi no-dilation separated raw masks; PDF/vector bboxes are unexpanded,
REL_0646,PANEL_STATIONARY_MAP,SEM_YTICK_08,TEXT,199.145;417.465;211.262;426.133,GRAPHIC_X_TICK_4,AXIS_TICK,217.224;548.764;379.321;553.016,TEXT_AXIS_TICK,masks/semantic/SEM_YTICK_08.png,masks/graphics/GRAPHIC_X_TICK_4.png,0,677.083,511.584,3,0,PASS,native-300dpi no-dilation separated raw masks; PDF/vector bboxes are unexpanded,
REL_0647,PANEL_STATIONARY_MAP,SEM_YTICK_08,TEXT,199.145;417.465;211.262;426.133,GRAPHIC_X_TICK_5,AXIS_TICK,217.224;548.764;379.321;553.016,TEXT_AXIS_TICK,masks/semantic/SEM_YTICK_08.png,masks/graphics/GRAPHIC_X_TICK_5.png,0,770.374,511.584,3,0,PASS,native-300dpi no-dilation separated raw masks; PDF/vector bboxes are unexpanded,
REL_0648,PANEL_STATIONARY_MAP,SEM_YTICK_08,TEXT,199.145;417.465;211.262;426.133,GRAPHIC_X_TICK_6,AXIS_TICK,217.224;548.764;379.321;553.016,TEXT_AXIS_TICK,masks/semantic/SEM_YTICK_08.png,masks/graphics/GRAPHIC_X_TICK_6.png,0,874.404,511.584,3,0,PASS,native-300dpi no-dilation separated raw masks; PDF/vector bboxes are unexpanded,
REL_0649,PANEL_STATIONARY_MAP,SEM_YTICK_08,TEXT,199.145;417.465;211.262;426.133,GRAPHIC_Y_TICK_1,AXIS_TICK,215.098;388.793;219.350;550.890,TEXT_AXIS_TICK,masks/semantic/SEM_YTICK_08.png,masks/graphics/GRAPHIC_Y_TICK_1.png,0,527.501,15.986,3,0,PASS,native-300dpi no-dilation separated raw masks; PDF/vector bboxes are unexpanded,
REL_0650,PANEL_STATIONARY_MAP,SEM_YTICK_08,TEXT,199.145;417.465;211.262;426.133,GRAPHIC_Y_TICK_2,AXIS_TICK,215.098;388.793;219.350;550.890,TEXT_AXIS_TICK,masks/semantic/SEM_YTICK_08.png,masks/graphics/GRAPHIC_Y_TICK_2.png,0,392.672,15.986,3,0,PASS,native-300dpi no-dilation separated raw masks; PDF/vector bboxes are unexpanded,
REL_0651,PANEL_STATIONARY_MAP,SEM_YTICK_08,TEXT,199.145;417.465;211.262;426.133,GRAPHIC_Y_TICK_3,AXIS_TICK,215.098;388.793;219.350;550.890,TEXT_AXIS_TICK,masks/semantic/SEM_YTICK_08.png,masks/graphics/GRAPHIC_Y_TICK_3.png,0,258.023,15.986,3,0,PASS,native-300dpi no-dilation separated raw masks; PDF/vector bboxes are unexpanded,
REL_0652,PANEL_STATIONARY_MAP,SEM_YTICK_08,TEXT,199.145;417.465;211.262;426.133,GRAPHIC_Y_TICK_4,AXIS_TICK,215.098;388.793;219.350;550.890,TEXT_AXIS_TICK,masks/semantic/SEM_YTICK_08.png,masks/graphics/GRAPHIC_Y_TICK_4.png,0,124.132,15.986,3,0,PASS,native-300dpi no-dilation separated raw masks; PDF/vector bboxes are unexpanded,
REL_0653,PANEL_STATIONARY_MAP,SEM_YTICK_08,TEXT,199.145;417.465;211.262;426.133,GRAPHIC_Y_TICK_5,AXIS_TICK,215.098;388.793;219.350;550.890,TEXT_AXIS_TICK,masks/semantic/SEM_YTICK_08.png,masks/graphics/GRAPHIC_Y_TICK_5.png,0,17.111,15.986,3,0,PASS,native-300dpi no-dilation separated raw masks; PDF/vector bboxes are unexpanded,
REL_0654,PANEL_STATIONARY_MAP,SEM_YTICK_08,TEXT,199.145;417.465;211.262;426.133,GRAPHIC_Y_TICK_6,AXIS_TICK,215.098;388.793;219.350;550.890,TEXT_AXIS_TICK,masks/semantic/SEM_YTICK_08.png,masks/graphics/GRAPHIC_Y_TICK_6.png,0,121.577,15.986,3,0,PASS,native-300dpi no-dilation separated raw masks; PDF/vector bboxes are unexpanded,
REL_0655,PANEL_STATIONARY_MAP,SEM_YTICK_08,TEXT,199.145;417.465;211.262;426.133,GRAPHIC_X_AXIS,AXIS,217.224;550.890;376.731;550.890,TEXT_AXIS,masks/semantic/SEM_YTICK_08.png,masks/graphics/GRAPHIC_X_AXIS.png,0,527.969,520.433,3,0,PASS,native-300dpi no-dilation separated raw masks; PDF/vector bboxes are unexpanded,
REL_0656,PANEL_STATIONARY_MAP,SEM_YTICK_08,TEXT,199.145;417.465;211.262;426.133,GRAPHIC_X_AXIS_ARROW,ARROW,375.177;548.818;379.321;552.962,TEXT_ARROW,masks/semantic/SEM_YTICK_08.png,masks/graphics/GRAPHIC_X_AXIS_ARROW.png,0,861.627,853.256,3,0,PASS,native-300dpi no-dilation separated raw masks; PDF/vector bboxes are unexpanded,
REL_0657,PANEL_STATIONARY_MAP,SEM_YTICK_08,TEXT,199.145;417.465;211.262;426.133,GRAPHIC_Y_AXIS,AXIS,217.224;391.383;217.224;550.890,TEXT_AXIS,masks/semantic/SEM_YTICK_08.png,masks/graphics/GRAPHIC_Y_AXIS.png,0,25.000,24.848,3,0,PASS,native-300dpi no-dilation separated raw masks; PDF/vector bboxes are unexpanded,
REL_0658,PANEL_STATIONARY_MAP,SEM_YTICK_08,TEXT,199.145;417.465;211.262;426.133,GRAPHIC_Y_AXIS_ARROW,ARROW,215.152;388.793;219.296;392.937,TEXT_ARROW,masks/semantic/SEM_YTICK_08.png,masks/graphics/GRAPHIC_Y_AXIS_ARROW.png,0,105.963,103.482,3,0,PASS,native-300dpi no-dilation separated raw masks; PDF/vector bboxes are unexpanded,
REL_0659,PANEL_STATIONARY_MAP,SEM_YTICK_08,TEXT,199.145;417.465;211.262;426.133,GRAPHIC_REFERENCE_Y_EQ_R,CURVE,217.224;388.793;379.321;550.890,TEXT_CURVE,masks/semantic/SEM_YTICK_08.png,masks/graphics/GRAPHIC_REFERENCE_Y_EQ_R.png,0,393.588,24.848,3,0,PASS,native-300dpi no-dilation separated raw masks; PDF/vector bboxes are unexpanded,
REL_0660,PANEL_STATIONARY_MAP,SEM_YTICK_08,TEXT,199.145;417.465;211.262;426.133,GRAPHIC_MAP,CURVE,217.224;437.422;379.321;518.471,TEXT_CURVE,masks/semantic/SEM_YTICK_08.png,masks/graphics/GRAPHIC_MAP.png,0,363.927,53.199,3,0,PASS,native-300dpi no-dilation separated raw masks; PDF/vector bboxes are unexpanded,
REL_0661,PANEL_STATIONARY_MAP,SEM_YTICK_08,TEXT,199.145;417.465;211.262;426.133,GRAPHIC_COBWEB_LOW,CURVE,225.329;489.597;278.517;550.890,TEXT_CURVE,masks/semantic/SEM_YTICK_08.png,masks/graphics/GRAPHIC_COBWEB_LOW.png,0,365.399,270.864,3,0,PASS,native-300dpi no-dilation separated raw masks; PDF/vector bboxes are unexpanded,
REL_0662,PANEL_STATIONARY_MAP,SEM_YTICK_08,TEXT,199.145;417.465;211.262;426.133,GRAPHIC_COBWEB_HIGH,CURVE,287.128;445.527;363.112;550.890,TEXT_CURVE,masks/semantic/SEM_YTICK_08.png,masks/graphics/GRAPHIC_COBWEB_HIGH.png,0,398.200,326.360,3,0,PASS,native-300dpi no-dilation separated raw masks; PDF/vector bboxes are unexpanded,
REL_0663,PANEL_STATIONARY_MAP,SEM_YTICK_08,TEXT,199.145;417.465;211.262;426.133,GRAPHIC_NOTEBOX_BORDER,NODE_BORDER,282.547;509.458;336.852;533.967,TEXT_NODE_BORDER,masks/semantic/SEM_YTICK_08.png,masks/graphics/GRAPHIC_NOTEBOX_BORDER.png,0,471.366,456.966,5,0,PASS,native-300dpi no-dilation separated raw masks; PDF/vector bboxes are unexpanded,
REL_0664,PANEL_STATIONARY_MAP,SEM_YTICK_08,TEXT,199.145;417.465;211.262;426.133,GRAPHIC_FIXED_POINT,MARKER,279.373;483.361;284.753;488.741,TEXT_MARKER,masks/semantic/SEM_YTICK_08.png,masks/graphics/GRAPHIC_FIXED_POINT.png,0,384.507,370.738,3,0,PASS,native-300dpi no-dilation separated raw masks; PDF/vector bboxes are unexpanded,
REL_0665,PANEL_STATIONARY_MAP,SEM_YTICK_08,TEXT,199.145;417.465;211.262;426.133,GRAPHIC_LOW_INITIAL_MARKER,MARKER,223.237;548.798;227.421;552.982,TEXT_MARKER,masks/semantic/SEM_YTICK_08.png,masks/graphics/GRAPHIC_LOW_INITIAL_MARKER.png,0,522.115,513.553,3,0,PASS,native-300dpi no-dilation separated raw masks; PDF/vector bboxes are unexpanded,
REL_0666,PANEL_STATIONARY_MAP,SEM_YTICK_08,TEXT,199.145;417.465;211.262;426.133,GRAPHIC_HIGH_INITIAL_MARKER,MARKER,360.954;548.399;365.268;552.135,TEXT_MARKER,masks/semantic/SEM_YTICK_08.png,masks/graphics/GRAPHIC_HIGH_INITIAL_MARKER.png,0,821.651,805.475,3,0,PASS,native-300dpi no-dilation separated raw masks; PDF/vector bboxes are unexpanded,
REL_0667,PANEL_STATIONARY_MAP,SEM_YTICK_1,TEXT,206.851;385.080;211.263;393.748,GRAPHIC_X_TICK_1,AXIS_TICK,217.224;548.764;379.321;553.016,TEXT_AXIS_TICK,masks/semantic/SEM_YTICK_1.png,masks/graphics/GRAPHIC_X_TICK_1.png,0,654.598,646.400,3,0,PASS,native-300dpi no-dilation separated raw masks; PDF/vector bboxes are unexpanded,
REL_0668,PANEL_STATIONARY_MAP,SEM_YTICK_1,TEXT,206.851;385.080;211.263;393.748,GRAPHIC_X_TICK_2,AXIS_TICK,217.224;548.764;379.321;553.016,TEXT_AXIS_TICK,masks/semantic/SEM_YTICK_1.png,masks/graphics/GRAPHIC_X_TICK_2.png,0,673.977,646.400,3,0,PASS,native-300dpi no-dilation separated raw masks; PDF/vector bboxes are unexpanded,
REL_0669,PANEL_STATIONARY_MAP,SEM_YTICK_1,TEXT,206.851;385.080;211.263;393.748,GRAPHIC_X_TICK_3,AXIS_TICK,217.224;548.764;379.321;553.016,TEXT_AXIS_TICK,masks/semantic/SEM_YTICK_1.png,masks/graphics/GRAPHIC_X_TICK_3.png,0,718.603,646.400,3,0,PASS,native-300dpi no-dilation separated raw masks; PDF/vector bboxes are unexpanded,
REL_0670,PANEL_STATIONARY_MAP,SEM_YTICK_1,TEXT,206.851;385.080;211.263;393.748,GRAPHIC_X_TICK_4,AXIS_TICK,217.224;548.764;379.321;553.016,TEXT_AXIS_TICK,masks/semantic/SEM_YTICK_1.png,masks/graphics/GRAPHIC_X_TICK_4.png,0,784.184,646.400,3,0,PASS,native-300dpi no-dilation separated raw masks; PDF/vector bboxes are unexpanded,
REL_0671,PANEL_STATIONARY_MAP,SEM_YTICK_1,TEXT,206.851;385.080;211.263;393.748,GRAPHIC_X_TICK_5,AXIS_TICK,217.224;548.764;379.321;553.016,TEXT_AXIS_TICK,masks/semantic/SEM_YTICK_1.png,masks/graphics/GRAPHIC_X_TICK_5.png,0,865.977,646.400,3,0,PASS,native-300dpi no-dilation separated raw masks; PDF/vector bboxes are unexpanded,
REL_0672,PANEL_STATIONARY_MAP,SEM_YTICK_1,TEXT,206.851;385.080;211.263;393.748,GRAPHIC_X_TICK_6,AXIS_TICK,217.224;548.764;379.321;553.016,TEXT_AXIS_TICK,masks/semantic/SEM_YTICK_1.png,masks/graphics/GRAPHIC_X_TICK_6.png,0,959.851,646.400,3,0,PASS,native-300dpi no-dilation separated raw masks; PDF/vector bboxes are unexpanded,
REL_0673,PANEL_STATIONARY_MAP,SEM_YTICK_1,TEXT,206.851;385.080;211.263;393.748,GRAPHIC_Y_TICK_1,AXIS_TICK,215.098;388.793;219.350;550.890,TEXT_AXIS_TICK,masks/semantic/SEM_YTICK_1.png,masks/graphics/GRAPHIC_Y_TICK_1.png,0,662.302,15.983,3,0,PASS,native-300dpi no-dilation separated raw masks; PDF/vector bboxes are unexpanded,
REL_0674,PANEL_STATIONARY_MAP,SEM_YTICK_1,TEXT,206.851;385.080;211.263;393.748,GRAPHIC_Y_TICK_2,AXIS_TICK,215.098;388.793;219.350;550.890,TEXT_AXIS_TICK,masks/semantic/SEM_YTICK_1.png,masks/graphics/GRAPHIC_Y_TICK_2.png,0,527.379,15.983,3,0,PASS,native-300dpi no-dilation separated raw masks; PDF/vector bboxes are unexpanded,
REL_0675,PANEL_STATIONARY_MAP,SEM_YTICK_1,TEXT,206.851;385.080;211.263;393.748,GRAPHIC_Y_TICK_3,AXIS_TICK,215.098;388.793;219.350;550.890,TEXT_AXIS_TICK,masks/semantic/SEM_YTICK_1.png,masks/graphics/GRAPHIC_Y_TICK_3.png,0,392.509,15.983,3,0,PASS,native-300dpi no-dilation separated raw masks; PDF/vector bboxes are unexpanded,
REL_0676,PANEL_STATIONARY_MAP,SEM_YTICK_1,TEXT,206.851;385.080;211.263;393.748,GRAPHIC_Y_TICK_4,AXIS_TICK,215.098;388.793;219.350;550.890,TEXT_AXIS_TICK,masks/semantic/SEM_YTICK_1.png,masks/graphics/GRAPHIC_Y_TICK_4.png,0,257.774,15.983,3,0,PASS,native-300dpi no-dilation separated raw masks; PDF/vector bboxes are unexpanded,
REL_0677,PANEL_STATIONARY_MAP,SEM_YTICK_1,TEXT,206.851;385.080;211.263;393.748,GRAPHIC_Y_TICK_5,AXIS_TICK,215.098;388.793;219.350;550.890,TEXT_AXIS_TICK,masks/semantic/SEM_YTICK_1.png,masks/graphics/GRAPHIC_Y_TICK_5.png,0,123.615,15.983,3,0,PASS,native-300dpi no-dilation separated raw masks; PDF/vector bboxes are unexpanded,
REL_0678,PANEL_STATIONARY_MAP,SEM_YTICK_1,TEXT,206.851;385.080;211.263;393.748,GRAPHIC_Y_TICK_6,AXIS_TICK,215.098;388.793;219.350;550.890,TEXT_AXIS_TICK,masks/semantic/SEM_YTICK_1.png,masks/graphics/GRAPHIC_Y_TICK_6.png,0,20.932,15.983,3,0,PASS,native-300dpi no-dilation separated raw masks; PDF/vector bboxes are unexpanded,
REL_0679,PANEL_STATIONARY_MAP,SEM_YTICK_1,TEXT,206.851;385.080;211.263;393.748,GRAPHIC_X_AXIS,AXIS,217.224;550.890;376.731;550.890,TEXT_AXIS,masks/semantic/SEM_YTICK_1.png,masks/graphics/GRAPHIC_X_AXIS.png,0,662.634,655.253,3,0,PASS,native-300dpi no-dilation separated raw masks; PDF/vector bboxes are unexpanded,
REL_0680,PANEL_STATIONARY_MAP,SEM_YTICK_1,TEXT,206.851;385.080;211.263;393.748,GRAPHIC_X_AXIS_ARROW,ARROW,375.177;548.818;379.321;552.962,TEXT_ARROW,masks/semantic/SEM_YTICK_1.png,masks/graphics/GRAPHIC_X_AXIS_ARROW.png,0,948.207,940.329,3,0,PASS,native-300dpi no-dilation separated raw masks; PDF/vector bboxes are unexpanded,
REL_0681,PANEL_STATIONARY_MAP,SEM_YTICK_1,TEXT,206.851;385.080;211.263;393.748,GRAPHIC_Y_AXIS,AXIS,217.224;391.383;217.224;550.890,TEXT_AXIS,masks/semantic/SEM_YTICK_1.png,masks/graphics/GRAPHIC_Y_AXIS.png,0,27.000,24.845,3,0,PASS,native-300dpi no-dilation separated raw masks; PDF/vector bboxes are unexpanded,
REL_0682,PANEL_STATIONARY_MAP,SEM_YTICK_1,TEXT,206.851;385.080;211.263;393.748,GRAPHIC_Y_AXIS_ARROW,ARROW,215.152;388.793;219.296;392.937,TEXT_ARROW,masks/semantic/SEM_YTICK_1.png,masks/graphics/GRAPHIC_Y_AXIS_ARROW.png,0,19.881,16.209,3,0,PASS,native-300dpi no-dilation separated raw masks; PDF/vector bboxes are unexpanded,
REL_0683,PANEL_STATIONARY_MAP,SEM_YTICK_1,TEXT,206.851;385.080;211.263;393.748,GRAPHIC_REFERENCE_Y_EQ_R,CURVE,217.224;388.793;379.321;550.890,TEXT_CURVE,masks/semantic/SEM_YTICK_1.png,masks/graphics/GRAPHIC_REFERENCE_Y_EQ_R.png,0,488.168,24.845,3,0,PASS,native-300dpi no-dilation separated raw masks; PDF/vector bboxes are unexpanded,
REL_0684,PANEL_STATIONARY_MAP,SEM_YTICK_1,TEXT,206.851;385.080;211.263;393.748,GRAPHIC_MAP,CURVE,217.224;437.422;379.321;518.471,TEXT_CURVE,masks/semantic/SEM_YTICK_1.png,masks/graphics/GRAPHIC_MAP.png,0,483.333,183.670,3,0,PASS,native-300dpi no-dilation separated raw masks; PDF/vector bboxes are unexpanded,
REL_0685,PANEL_STATIONARY_MAP,SEM_YTICK_1,TEXT,206.851;385.080;211.263;393.748,GRAPHIC_COBWEB_LOW,CURVE,225.329;489.597;278.517;550.890,TEXT_CURVE,masks/semantic/SEM_YTICK_1.png,masks/graphics/GRAPHIC_COBWEB_LOW.png,0,484.473,403.665,3,0,PASS,native-300dpi no-dilation separated raw masks; PDF/vector bboxes are unexpanded,
REL_0686,PANEL_STATIONARY_MAP,SEM_YTICK_1,TEXT,206.851;385.080;211.263;393.748,GRAPHIC_COBWEB_HIGH,CURVE,287.128;445.527;363.112;550.890,TEXT_CURVE,masks/semantic/SEM_YTICK_1.png,masks/graphics/GRAPHIC_COBWEB_HIGH.png,0,488.369,382.790,3,0,PASS,native-300dpi no-dilation separated raw masks; PDF/vector bboxes are unexpanded,
REL_0687,PANEL_STATIONARY_MAP,SEM_YTICK_1,TEXT,206.851;385.080;211.263;393.748,GRAPHIC_NOTEBOX_BORDER,NODE_BORDER,282.547;509.458;336.852;533.967,TEXT_NODE_BORDER,masks/semantic/SEM_YTICK_1.png,masks/graphics/GRAPHIC_NOTEBOX_BORDER.png,0,579.246,566.331,5,0,PASS,native-300dpi no-dilation separated raw masks; PDF/vector bboxes are unexpanded,
REL_0688,PANEL_STATIONARY_MAP,SEM_YTICK_1,TEXT,206.851;385.080;211.263;393.748,GRAPHIC_FIXED_POINT,MARKER,279.373;483.361;284.753;488.741,TEXT_MARKER,masks/semantic/SEM_YTICK_1.png,masks/graphics/GRAPHIC_FIXED_POINT.png,0,482.401,469.054,3,0,PASS,native-300dpi no-dilation separated raw masks; PDF/vector bboxes are unexpanded,
REL_0689,PANEL_STATIONARY_MAP,SEM_YTICK_1,TEXT,206.851;385.080;211.263;393.748,GRAPHIC_LOW_INITIAL_MARKER,MARKER,223.237;548.798;227.421;552.982,TEXT_MARKER,masks/semantic/SEM_YTICK_1.png,masks/graphics/GRAPHIC_LOW_INITIAL_MARKER.png,0,656.222,647.989,3,0,PASS,native-300dpi no-dilation separated raw masks; PDF/vector bboxes are unexpanded,
REL_0690,PANEL_STATIONARY_MAP,SEM_YTICK_1,TEXT,206.851;385.080;211.263;393.748,GRAPHIC_HIGH_INITIAL_MARKER,MARKER,360.954;548.399;365.268;552.135,TEXT_MARKER,masks/semantic/SEM_YTICK_1.png,masks/graphics/GRAPHIC_HIGH_INITIAL_MARKER.png,0,911.954,896.935,3,0,PASS,native-300dpi no-dilation separated raw masks; PDF/vector bboxes are unexpanded,
REL_0691,PANEL_STATIONARY_MAP,SEM_Y_AXIS_LABEL,TEXT,181.919;462.534;192.582;477.524,GRAPHIC_X_TICK_1,AXIS_TICK,217.224;548.764;379.321;553.016,TEXT_AXIS_TICK,masks/semantic/SEM_Y_AXIS_LABEL.png,masks/graphics/GRAPHIC_X_TICK_1.png,0,320.442,314.107,3,0,PASS,native-300dpi no-dilation separated raw masks; PDF/vector bboxes are unexpanded,
REL_0692,PANEL_STATIONARY_MAP,SEM_Y_AXIS_LABEL,TEXT,181.919;462.534;192.582;477.524,GRAPHIC_X_TICK_2,AXIS_TICK,217.224;548.764;379.321;553.016,TEXT_AXIS_TICK,masks/semantic/SEM_Y_AXIS_LABEL.png,masks/graphics/GRAPHIC_X_TICK_2.png,0,390.676,314.107,3,0,PASS,native-300dpi no-dilation separated raw masks; PDF/vector bboxes are unexpanded,
REL_0693,PANEL_STATIONARY_MAP,SEM_Y_AXIS_LABEL,TEXT,181.919;462.534;192.582;477.524,GRAPHIC_X_TICK_3,AXIS_TICK,217.224;548.764;379.321;553.016,TEXT_AXIS_TICK,masks/semantic/SEM_Y_AXIS_LABEL.png,masks/graphics/GRAPHIC_X_TICK_3.png,0,488.842,314.107,3,0,PASS,native-300dpi no-dilation separated raw masks; PDF/vector bboxes are unexpanded,
REL_0694,PANEL_STATIONARY_MAP,SEM_Y_AXIS_LABEL,TEXT,181.919;462.534;192.582;477.524,GRAPHIC_X_TICK_4,AXIS_TICK,217.224;548.764;379.321;553.016,TEXT_AXIS_TICK,masks/semantic/SEM_Y_AXIS_LABEL.png,masks/graphics/GRAPHIC_X_TICK_4.png,0,600.801,314.107,3,0,PASS,native-300dpi no-dilation separated raw masks; PDF/vector bboxes are unexpanded,
REL_0695,PANEL_STATIONARY_MAP,SEM_Y_AXIS_LABEL,TEXT,181.919;462.534;192.582;477.524,GRAPHIC_X_TICK_5,AXIS_TICK,217.224;548.764;379.321;553.016,TEXT_AXIS_TICK,masks/semantic/SEM_Y_AXIS_LABEL.png,masks/graphics/GRAPHIC_X_TICK_5.png,0,719.535,314.107,3,0,PASS,native-300dpi no-dilation separated raw masks; PDF/vector bboxes are unexpanded,
REL_0696,PANEL_STATIONARY_MAP,SEM_Y_AXIS_LABEL,TEXT,181.919;462.534;192.582;477.524,GRAPHIC_X_TICK_6,AXIS_TICK,217.224;548.764;379.321;553.016,TEXT_AXIS_TICK,masks/semantic/SEM_Y_AXIS_LABEL.png,masks/graphics/GRAPHIC_X_TICK_6.png,0,843.171,314.107,3,0,PASS,native-300dpi no-dilation separated raw masks; PDF/vector bboxes are unexpanded,
REL_0697,PANEL_STATIONARY_MAP,SEM_Y_AXIS_LABEL,TEXT,181.919;462.534;192.582;477.524,GRAPHIC_Y_TICK_1,AXIS_TICK,215.098;388.793;219.350;550.890,TEXT_AXIS_TICK,masks/semantic/SEM_Y_AXIS_LABEL.png,masks/graphics/GRAPHIC_Y_TICK_1.png,0,325.112,93.840,3,0,PASS,native-300dpi no-dilation separated raw masks; PDF/vector bboxes are unexpanded,
REL_0698,PANEL_STATIONARY_MAP,SEM_Y_AXIS_LABEL,TEXT,181.919;462.534;192.582;477.524,GRAPHIC_Y_TICK_2,AXIS_TICK,215.098;388.793;219.350;550.890,TEXT_AXIS_TICK,masks/semantic/SEM_Y_AXIS_LABEL.png,masks/graphics/GRAPHIC_Y_TICK_2.png,0,203.167,93.840,3,0,PASS,native-300dpi no-dilation separated raw masks; PDF/vector bboxes are unexpanded,
REL_0699,PANEL_STATIONARY_MAP,SEM_Y_AXIS_LABEL,TEXT,181.919;462.534;192.582;477.524,GRAPHIC_Y_TICK_3,AXIS_TICK,215.098;388.793;219.350;550.890,TEXT_AXIS_TICK,masks/semantic/SEM_Y_AXIS_LABEL.png,masks/graphics/GRAPHIC_Y_TICK_3.png,0,112.146,93.840,3,0,PASS,native-300dpi no-dilation separated raw masks; PDF/vector bboxes are unexpanded,
REL_0700,PANEL_STATIONARY_MAP,SEM_Y_AXIS_LABEL,TEXT,181.919;462.534;192.582;477.524,GRAPHIC_Y_TICK_4,AXIS_TICK,215.098;388.793;219.350;550.890,TEXT_AXIS_TICK,masks/semantic/SEM_Y_AXIS_LABEL.png,masks/graphics/GRAPHIC_Y_TICK_4.png,0,107.849,93.840,3,0,PASS,native-300dpi no-dilation separated raw masks; PDF/vector bboxes are unexpanded,
REL_0701,PANEL_STATIONARY_MAP,SEM_Y_AXIS_LABEL,TEXT,181.919;462.534;192.582;477.524,GRAPHIC_Y_TICK_5,AXIS_TICK,215.098;388.793;219.350;550.890,TEXT_AXIS_TICK,masks/semantic/SEM_Y_AXIS_LABEL.png,masks/graphics/GRAPHIC_Y_TICK_5.png,0,199.831,93.840,3,0,PASS,native-300dpi no-dilation separated raw masks; PDF/vector bboxes are unexpanded,
REL_0702,PANEL_STATIONARY_MAP,SEM_Y_AXIS_LABEL,TEXT,181.919;462.534;192.582;477.524,GRAPHIC_Y_TICK_6,AXIS_TICK,215.098;388.793;219.350;550.890,TEXT_AXIS_TICK,masks/semantic/SEM_Y_AXIS_LABEL.png,masks/graphics/GRAPHIC_Y_TICK_6.png,0,323.450,93.840,3,0,PASS,native-300dpi no-dilation separated raw masks; PDF/vector bboxes are unexpanded,
REL_0703,PANEL_STATIONARY_MAP,SEM_Y_AXIS_LABEL,TEXT,181.919;462.534;192.582;477.524,GRAPHIC_X_AXIS,AXIS,217.224;550.890;376.731;550.890,TEXT_AXIS,masks/semantic/SEM_Y_AXIS_LABEL.png,masks/graphics/GRAPHIC_X_AXIS.png,0,328.257,322.493,3,0,PASS,native-300dpi no-dilation separated raw masks; PDF/vector bboxes are unexpanded,
REL_0704,PANEL_STATIONARY_MAP,SEM_Y_AXIS_LABEL,TEXT,181.919;462.534;192.582;477.524,GRAPHIC_X_AXIS_ARROW,ARROW,375.177;548.818;379.321;552.962,TEXT_ARROW,masks/semantic/SEM_Y_AXIS_LABEL.png,masks/graphics/GRAPHIC_X_AXIS_ARROW.png,0,828.333,816.946,3,0,PASS,native-300dpi no-dilation separated raw masks; PDF/vector bboxes are unexpanded,
REL_0705,PANEL_STATIONARY_MAP,SEM_Y_AXIS_LABEL,TEXT,181.919;462.534;192.582;477.524,GRAPHIC_Y_AXIS,AXIS,217.224;391.383;217.224;550.890,TEXT_AXIS,masks/semantic/SEM_Y_AXIS_LABEL.png,masks/graphics/GRAPHIC_Y_AXIS.png,0,107.000,102.702,3,0,PASS,native-300dpi no-dilation separated raw masks; PDF/vector bboxes are unexpanded,
REL_0706,PANEL_STATIONARY_MAP,SEM_Y_AXIS_LABEL,TEXT,181.919;462.534;192.582;477.524,GRAPHIC_Y_AXIS_ARROW,ARROW,215.152;388.793;219.296;392.937,TEXT_ARROW,masks/semantic/SEM_Y_AXIS_LABEL.png,masks/graphics/GRAPHIC_Y_AXIS_ARROW.png,0,308.302,304.872,3,0,PASS,native-300dpi no-dilation separated raw masks; PDF/vector bboxes are unexpanded,
REL_0707,PANEL_STATIONARY_MAP,SEM_Y_AXIS_LABEL,TEXT,181.919;462.534;192.582;477.524,GRAPHIC_REFERENCE_Y_EQ_R,CURVE,217.224;388.793;379.321;550.890,TEXT_CURVE,masks/semantic/SEM_Y_AXIS_LABEL.png,masks/graphics/GRAPHIC_REFERENCE_Y_EQ_R.png,0,299.521,102.702,3,0,PASS,native-300dpi no-dilation separated raw masks; PDF/vector bboxes are unexpanded,
REL_0708,PANEL_STATIONARY_MAP,SEM_Y_AXIS_LABEL,TEXT,181.919;462.534;192.582;477.524,GRAPHIC_MAP,CURVE,217.224;437.422;379.321;518.471,TEXT_CURVE,masks/semantic/SEM_Y_AXIS_LABEL.png,masks/graphics/GRAPHIC_MAP.png,0,207.586,102.702,3,0,PASS,native-300dpi no-dilation separated raw masks; PDF/vector bboxes are unexpanded,
REL_0709,PANEL_STATIONARY_MAP,SEM_Y_AXIS_LABEL,TEXT,181.919;462.534;192.582;477.524,GRAPHIC_COBWEB_LOW,CURVE,225.329;489.597;278.517;550.890,TEXT_CURVE,masks/semantic/SEM_Y_AXIS_LABEL.png,masks/graphics/GRAPHIC_COBWEB_LOW.png,0,216.793,145.458,3,0,PASS,native-300dpi no-dilation separated raw masks; PDF/vector bboxes are unexpanded,
REL_0710,PANEL_STATIONARY_MAP,SEM_Y_AXIS_LABEL,TEXT,181.919;462.534;192.582;477.524,GRAPHIC_COBWEB_HIGH,CURVE,287.128;445.527;363.112;550.890,TEXT_CURVE,masks/semantic/SEM_Y_AXIS_LABEL.png,masks/graphics/GRAPHIC_COBWEB_HIGH.png,0,401.121,394.051,3,0,PASS,native-300dpi no-dilation separated raw masks; PDF/vector bboxes are unexpanded,
REL_0711,PANEL_STATIONARY_MAP,SEM_Y_AXIS_LABEL,TEXT,181.919;462.534;192.582;477.524,GRAPHIC_NOTEBOX_BORDER,NODE_BORDER,282.547;509.458;336.852;533.967,TEXT_NODE_BORDER,masks/semantic/SEM_Y_AXIS_LABEL.png,masks/graphics/GRAPHIC_NOTEBOX_BORDER.png,0,412.552,397.867,5,0,PASS,native-300dpi no-dilation separated raw masks; PDF/vector bboxes are unexpanded,
REL_0712,PANEL_STATIONARY_MAP,SEM_Y_AXIS_LABEL,TEXT,181.919;462.534;192.582;477.524,GRAPHIC_FIXED_POINT,MARKER,279.373;483.361;284.753;488.741,TEXT_MARKER,masks/semantic/SEM_Y_AXIS_LABEL.png,masks/graphics/GRAPHIC_FIXED_POINT.png,0,371.239,362.544,3,0,PASS,native-300dpi no-dilation separated raw masks; PDF/vector bboxes are unexpanded,
REL_0713,PANEL_STATIONARY_MAP,SEM_Y_AXIS_LABEL,TEXT,181.919;462.534;192.582;477.524,GRAPHIC_LOW_INITIAL_MARKER,MARKER,223.237;548.798;227.421;552.982,TEXT_MARKER,masks/semantic/SEM_Y_AXIS_LABEL.png,masks/graphics/GRAPHIC_LOW_INITIAL_MARKER.png,0,330.869,323.301,3,0,PASS,native-300dpi no-dilation separated raw masks; PDF/vector bboxes are unexpanded,
REL_0714,PANEL_STATIONARY_MAP,SEM_Y_AXIS_LABEL,TEXT,181.919;462.534;192.582;477.524,GRAPHIC_HIGH_INITIAL_MARKER,MARKER,360.954;548.399;365.268;552.135,TEXT_MARKER,masks/semantic/SEM_Y_AXIS_LABEL.png,masks/graphics/GRAPHIC_HIGH_INITIAL_MARKER.png,0,779.775,761.355,3,0,PASS,native-300dpi no-dilation separated raw masks; PDF/vector bboxes are unexpanded,
EDGE_SEM_CAPTION_PARENT,PANEL_STATIONARY_MAP,SEM_CAPTION_PARENT,TEXT,,FIGURE_SCOPE_EDGE,PANEL_EDGE,,TEXT_EDGE,masks/semantic/SEM_CAPTION_PARENT.png,coordinate edge,0,33.000,,6,0,PASS,distance from raw foreground to direct 300dpi crop edge,
EDGE_SEM_CURVE_MAP,PANEL_STATIONARY_MAP,SEM_CURVE_MAP,TEXT,,FIGURE_SCOPE_EDGE,PANEL_EDGE,,TEXT_EDGE,masks/semantic/SEM_CURVE_MAP.png,coordinate edge,0,252.000,,6,0,PASS,distance from raw foreground to direct 300dpi crop edge,
EDGE_SEM_CURVE_REFERENCE,PANEL_STATIONARY_MAP,SEM_CURVE_REFERENCE,TEXT,,FIGURE_SCOPE_EDGE,PANEL_EDGE,,TEXT_EDGE,masks/semantic/SEM_CURVE_REFERENCE.png,coordinate edge,0,136.000,,6,0,PASS,distance from raw foreground to direct 300dpi crop edge,
EDGE_SEM_FIXED_POINT,PANEL_STATIONARY_MAP,SEM_FIXED_POINT,TEXT,,FIGURE_SCOPE_EDGE,PANEL_EDGE,,TEXT_EDGE,masks/semantic/SEM_FIXED_POINT.png,coordinate edge,0,449.000,,6,0,PASS,distance from raw foreground to direct 300dpi crop edge,
EDGE_SEM_INITIAL_HIGH,PANEL_STATIONARY_MAP,SEM_INITIAL_HIGH,TEXT,,FIGURE_SCOPE_EDGE,PANEL_EDGE,,TEXT_EDGE,masks/semantic/SEM_INITIAL_HIGH.png,coordinate edge,0,245.000,,6,0,PASS,distance from raw foreground to direct 300dpi crop edge,
EDGE_SEM_INITIAL_LOW,PANEL_STATIONARY_MAP,SEM_INITIAL_LOW,TEXT,,FIGURE_SCOPE_EDGE,PANEL_EDGE,,TEXT_EDGE,masks/semantic/SEM_INITIAL_LOW.png,coordinate edge,0,252.000,,6,0,PASS,distance from raw foreground to direct 300dpi crop edge,
EDGE_SEM_NOTEBOX_PARENT,PANEL_STATIONARY_MAP,SEM_NOTEBOX_PARENT,TEXT,,FIGURE_SCOPE_EDGE,PANEL_EDGE,,TEXT_EDGE,masks/semantic/SEM_NOTEBOX_PARENT.png,coordinate edge,0,307.000,,6,0,PASS,distance from raw foreground to direct 300dpi crop edge,
EDGE_SEM_XTICK_0,PANEL_STATIONARY_MAP,SEM_XTICK_0,TEXT,,FIGURE_SCOPE_EDGE,PANEL_EDGE,,TEXT_EDGE,masks/semantic/SEM_XTICK_0.png,coordinate edge,0,176.000,,6,0,PASS,distance from raw foreground to direct 300dpi crop edge,
EDGE_SEM_XTICK_02,PANEL_STATIONARY_MAP,SEM_XTICK_02,TEXT,,FIGURE_SCOPE_EDGE,PANEL_EDGE,,TEXT_EDGE,masks/semantic/SEM_XTICK_02.png,coordinate edge,0,176.000,,6,0,PASS,distance from raw foreground to direct 300dpi crop edge,
EDGE_SEM_XTICK_04,PANEL_STATIONARY_MAP,SEM_XTICK_04,TEXT,,FIGURE_SCOPE_EDGE,PANEL_EDGE,,TEXT_EDGE,masks/semantic/SEM_XTICK_04.png,coordinate edge,0,176.000,,6,0,PASS,distance from raw foreground to direct 300dpi crop edge,
EDGE_SEM_XTICK_06,PANEL_STATIONARY_MAP,SEM_XTICK_06,TEXT,,FIGURE_SCOPE_EDGE,PANEL_EDGE,,TEXT_EDGE,masks/semantic/SEM_XTICK_06.png,coordinate edge,0,176.000,,6,0,PASS,distance from raw foreground to direct 300dpi crop edge,
EDGE_SEM_XTICK_08,PANEL_STATIONARY_MAP,SEM_XTICK_08,TEXT,,FIGURE_SCOPE_EDGE,PANEL_EDGE,,TEXT_EDGE,masks/semantic/SEM_XTICK_08.png,coordinate edge,0,176.000,,6,0,PASS,distance from raw foreground to direct 300dpi crop edge,
EDGE_SEM_XTICK_1,PANEL_STATIONARY_MAP,SEM_XTICK_1,TEXT,,FIGURE_SCOPE_EDGE,PANEL_EDGE,,TEXT_EDGE,masks/semantic/SEM_XTICK_1.png,coordinate edge,0,177.000,,6,0,PASS,distance from raw foreground to direct 300dpi crop edge,
EDGE_SEM_X_AXIS_LABEL,PANEL_STATIONARY_MAP,SEM_X_AXIS_LABEL,TEXT,,FIGURE_SCOPE_EDGE,PANEL_EDGE,,TEXT_EDGE,masks/semantic/SEM_X_AXIS_LABEL.png,coordinate edge,0,117.000,,6,0,PASS,distance from raw foreground to direct 300dpi crop edge,
EDGE_SEM_YTICK_0,PANEL_STATIONARY_MAP,SEM_YTICK_0,TEXT,,FIGURE_SCOPE_EDGE,PANEL_EDGE,,TEXT_EDGE,masks/semantic/SEM_YTICK_0.png,coordinate edge,0,213.000,,6,0,PASS,distance from raw foreground to direct 300dpi crop edge,
EDGE_SEM_YTICK_02,PANEL_STATIONARY_MAP,SEM_YTICK_02,TEXT,,FIGURE_SCOPE_EDGE,PANEL_EDGE,,TEXT_EDGE,masks/semantic/SEM_YTICK_02.png,coordinate edge,0,348.000,,6,0,PASS,distance from raw foreground to direct 300dpi crop edge,
EDGE_SEM_YTICK_04,PANEL_STATIONARY_MAP,SEM_YTICK_04,TEXT,,FIGURE_SCOPE_EDGE,PANEL_EDGE,,TEXT_EDGE,masks/semantic/SEM_YTICK_04.png,coordinate edge,0,483.000,,6,0,PASS,distance from raw foreground to direct 300dpi crop edge,
EDGE_SEM_YTICK_06,PANEL_STATIONARY_MAP,SEM_YTICK_06,TEXT,,FIGURE_SCOPE_EDGE,PANEL_EDGE,,TEXT_EDGE,masks/semantic/SEM_YTICK_06.png,coordinate edge,0,357.000,,6,0,PASS,distance from raw foreground to direct 300dpi crop edge,
EDGE_SEM_YTICK_08,PANEL_STATIONARY_MAP,SEM_YTICK_08,TEXT,,FIGURE_SCOPE_EDGE,PANEL_EDGE,,TEXT_EDGE,masks/semantic/SEM_YTICK_08.png,coordinate edge,0,221.000,,6,0,PASS,distance from raw foreground to direct 300dpi crop edge,
EDGE_SEM_YTICK_1,PANEL_STATIONARY_MAP,SEM_YTICK_1,TEXT,,FIGURE_SCOPE_EDGE,PANEL_EDGE,,TEXT_EDGE,masks/semantic/SEM_YTICK_1.png,coordinate edge,0,87.000,,6,0,PASS,distance from raw foreground to direct 300dpi crop edge,
EDGE_SEM_Y_AXIS_LABEL,PANEL_STATIONARY_MAP,SEM_Y_AXIS_LABEL,TEXT,,FIGURE_SCOPE_EDGE,PANEL_EDGE,,TEXT_EDGE,masks/semantic/SEM_Y_AXIS_LABEL.png,coordinate edge,0,409.000,,6,0,PASS,distance from raw foreground to direct 300dpi crop edge,
