id,safe_filename,kind,char,unicode,font,font_size_pt,font_color_rgb,semantic_parent,role,panel,graphic_type,drawing_seqno,drawing_items,bbox_pt,bbox_px,mask_bbox_px,mask_pixel_count,ink_height_px,ink_width_px,pixel_class,legacy_threshold_px,legacy_threshold_status,r168_hard_gate_status,empty_mask,tofu_or_decode_candidate,clip_pixel_count,mask_path,contact_sheet,contact_cell
T0001,glyph_0001_u7F51.png,TEXT,网,U+7F51,NotoSansSC-Bold,10.3611,"[31, 78, 121]",LEFT_B01_L00_TITLE,TITLE,LEFT,,,,"[122.652, 71.0051, 133.0131, 86.008]","[510, 294, 556, 360]","[514, 311, 551, 350]",1075,39,37,CJK_FULL_HEIGHT,30,ABOVE,ADVISORY_ONLY_UNLESS_ACTUALLY_UNREADABLE_OR_WRONG,False,False,0,machine/masks/glyph/glyph_0001_u7F51.png,review/glyph_contact_sheet_001.png,1
T0002,glyph_0002_u9875.png,TEXT,页,U+9875,NotoSansSC-Bold,10.3611,"[31, 78, 121]",LEFT_B01_L00_TITLE,TITLE,LEFT,,,,"[133.0131, 71.0051, 143.3743, 86.008]","[553, 294, 599, 360]","[556, 311, 595, 350]",894,39,39,CJK_FULL_HEIGHT,30,ABOVE,ADVISORY_ONLY_UNLESS_ACTUALLY_UNREADABLE_OR_WRONG,False,False,0,machine/masks/glyph/glyph_0002_u9875.png,review/glyph_contact_sheet_001.png,2
T0003,glyph_0003_u56FE.png,TEXT,图,U+56FE,NotoSansSC-Bold,10.3611,"[31, 78, 121]",LEFT_B01_L00_TITLE,TITLE,LEFT,,,,"[143.3743, 71.0051, 153.7354, 86.008]","[596, 294, 642, 360]","[600, 311, 638, 350]",1189,39,38,CJK_FULL_HEIGHT,30,ABOVE,ADVISORY_ONLY_UNLESS_ACTUALLY_UNREADABLE_OR_WRONG,False,False,0,machine/masks/glyph/glyph_0003_u56FE.png,review/glyph_contact_sheet_001.png,3
T0004,glyph_0004_u3001.png,TEXT,、,U+3001,NotoSansSC-Bold,10.3611,"[31, 78, 121]",LEFT_B01_L00_TITLE,TITLE,LEFT,,,,"[153.7354, 71.0051, 164.0966, 86.008]","[639, 294, 685, 360]","[642, 335, 656, 349]",96,14,14,LOW_PROFILE_PUNCTUATION,0,CALIBRATION_REQUIRED,ADVISORY_ONLY_UNLESS_ACTUALLY_UNREADABLE_OR_WRONG,False,False,0,machine/masks/glyph/glyph_0004_u3001.png,review/glyph_contact_sheet_001.png,4
T0005,glyph_0005_u90BB.png,TEXT,邻,U+90BB,NotoSansSC-Bold,10.3611,"[31, 78, 121]",LEFT_B01_L00_TITLE,TITLE,LEFT,,,,"[164.0966, 71.0051, 174.4577, 86.008]","[682, 294, 728, 360]","[684, 309, 725, 350]",902,41,41,CJK_FULL_HEIGHT,30,ABOVE,ADVISORY_ONLY_UNLESS_ACTUALLY_UNREADABLE_OR_WRONG,False,False,0,machine/masks/glyph/glyph_0005_u90BB.png,review/glyph_contact_sheet_001.png,5
T0006,glyph_0006_u63A5.png,TEXT,接,U+63A5,NotoSansSC-Bold,10.3611,"[31, 78, 121]",LEFT_B01_L00_TITLE,TITLE,LEFT,,,,"[174.4577, 71.0051, 184.8188, 86.008]","[725, 294, 772, 360]","[728, 309, 769, 350]",1047,41,41,CJK_FULL_HEIGHT,30,ABOVE,ADVISORY_ONLY_UNLESS_ACTUALLY_UNREADABLE_OR_WRONG,False,False,0,machine/masks/glyph/glyph_0006_u63A5.png,review/glyph_contact_sheet_001.png,6
T0007,glyph_0007_u77E9.png,TEXT,矩,U+77E9,NotoSansSC-Bold,10.3611,"[31, 78, 121]",LEFT_B01_L00_TITLE,TITLE,LEFT,,,,"[184.8188, 71.0051, 195.18, 86.008]","[769, 294, 815, 360]","[771, 309, 812, 350]",1023,41,41,CJK_FULL_HEIGHT,30,ABOVE,ADVISORY_ONLY_UNLESS_ACTUALLY_UNREADABLE_OR_WRONG,False,False,0,machine/masks/glyph/glyph_0007_u77E9.png,review/glyph_contact_sheet_001.png,7
T0008,glyph_0008_u9635.png,TEXT,阵,U+9635,NotoSansSC-Bold,10.3611,"[31, 78, 121]",LEFT_B01_L00_TITLE,TITLE,LEFT,,,,"[195.18, 71.0051, 205.5411, 86.008]","[812, 294, 858, 360]","[816, 309, 855, 350]",945,41,39,CJK_FULL_HEIGHT,30,ABOVE,ADVISORY_ONLY_UNLESS_ACTUALLY_UNREADABLE_OR_WRONG,False,False,0,machine/masks/glyph/glyph_0008_u9635.png,review/glyph_contact_sheet_001.png,8
T0009,glyph_0009_u4E0E.png,TEXT,与,U+4E0E,NotoSansSC-Bold,10.3611,"[31, 78, 121]",LEFT_B01_L00_TITLE,TITLE,LEFT,,,,"[205.5411, 71.0051, 215.9023, 86.008]","[855, 294, 901, 360]","[858, 310, 896, 350]",760,40,38,CJK_FULL_HEIGHT,30,ABOVE,ADVISORY_ONLY_UNLESS_ACTUALLY_UNREADABLE_OR_WRONG,False,False,0,machine/masks/glyph/glyph_0009_u4E0E.png,review/glyph_contact_sheet_001.png,9
T0010,glyph_0010_u5217.png,TEXT,列,U+5217,NotoSansSC-Bold,10.3611,"[31, 78, 121]",LEFT_B01_L00_TITLE,TITLE,LEFT,,,,"[215.9023, 71.0051, 226.2634, 86.008]","[898, 294, 944, 360]","[901, 309, 941, 350]",939,41,40,CJK_FULL_HEIGHT,30,ABOVE,ADVISORY_ONLY_UNLESS_ACTUALLY_UNREADABLE_OR_WRONG,False,False,0,machine/masks/glyph/glyph_0010_u5217.png,review/glyph_contact_sheet_001.png,10
T0011,glyph_0011_u5F52.png,TEXT,归,U+5F52,NotoSansSC-Bold,10.3611,"[31, 78, 121]",LEFT_B01_L00_TITLE,TITLE,LEFT,,,,"[226.2634, 71.0051, 236.6246, 86.008]","[941, 294, 987, 360]","[946, 309, 983, 350]",868,41,37,CJK_FULL_HEIGHT,30,ABOVE,ADVISORY_ONLY_UNLESS_ACTUALLY_UNREADABLE_OR_WRONG,False,False,0,machine/masks/glyph/glyph_0011_u5F52.png,review/glyph_contact_sheet_001.png,11
T0012,glyph_0012_u4E00.png,TEXT,一,U+4E00,NotoSansSC-Bold,10.3611,"[31, 78, 121]",LEFT_B01_L00_TITLE,TITLE,LEFT,,,,"[236.6246, 71.0051, 246.9857, 86.008]","[984, 294, 1031, 360]","[987, 326, 1028, 332]",246,6,41,CJK_FULL_HEIGHT,30,BELOW,ADVISORY_ONLY_UNLESS_ACTUALLY_UNREADABLE_OR_WRONG,False,False,0,machine/masks/glyph/glyph_0012_u4E00.png,review/glyph_contact_sheet_001.png,12
T0013,glyph_0013_u884C.png,TEXT,行,U+884C,NotoSansSC-Bold,10.3611,"[31, 78, 121]",RIGHT_B01_L01_TITLE,TITLE,RIGHT,,,,"[382.208, 71.0051, 392.5692, 86.008]","[1591, 294, 1637, 360]","[1593, 309, 1634, 350]",760,41,41,CJK_FULL_HEIGHT,30,ABOVE,ADVISORY_ONLY_UNLESS_ACTUALLY_UNREADABLE_OR_WRONG,False,False,0,machine/masks/glyph/glyph_0013_u884C.png,review/glyph_contact_sheet_002.png,1
T0014,glyph_0014_u968F.png,TEXT,随,U+968F,NotoSansSC-Bold,10.3611,"[31, 78, 121]",RIGHT_B01_L01_TITLE,TITLE,RIGHT,,,,"[392.5692, 71.0051, 402.9303, 86.008]","[1634, 294, 1680, 360]","[1638, 309, 1677, 350]",1145,41,39,CJK_FULL_HEIGHT,30,ABOVE,ADVISORY_ONLY_UNLESS_ACTUALLY_UNREADABLE_OR_WRONG,False,False,0,machine/masks/glyph/glyph_0014_u968F.png,review/glyph_contact_sheet_002.png,2
T0015,glyph_0015_u673A.png,TEXT,机,U+673A,NotoSansSC-Bold,10.3611,"[31, 78, 121]",RIGHT_B01_L01_TITLE,TITLE,RIGHT,,,,"[402.9303, 71.0051, 413.2914, 86.008]","[1677, 294, 1724, 360]","[1680, 309, 1721, 350]",930,41,41,CJK_FULL_HEIGHT,30,ABOVE,ADVISORY_ONLY_UNLESS_ACTUALLY_UNREADABLE_OR_WRONG,False,False,0,machine/masks/glyph/glyph_0015_u673A.png,review/glyph_contact_sheet_002.png,3
T0016,glyph_0016_u8F6C.png,TEXT,转,U+8F6C,NotoSansSC-Bold,10.3611,"[31, 78, 121]",RIGHT_B01_L01_TITLE,TITLE,RIGHT,,,,"[413.2914, 71.0051, 423.6526, 86.008]","[1721, 294, 1767, 360]","[1723, 309, 1764, 350]",969,41,41,CJK_FULL_HEIGHT,30,ABOVE,ADVISORY_ONLY_UNLESS_ACTUALLY_UNREADABLE_OR_WRONG,False,False,0,machine/masks/glyph/glyph_0016_u8F6C.png,review/glyph_contact_sheet_002.png,4
T0017,glyph_0017_u7F6E.png,TEXT,置,U+7F6E,NotoSansSC-Bold,10.3611,"[31, 78, 121]",RIGHT_B01_L01_TITLE,TITLE,RIGHT,,,,"[423.6526, 71.0051, 434.0137, 86.008]","[1764, 294, 1810, 360]","[1767, 311, 1806, 349]",1111,38,39,CJK_FULL_HEIGHT,30,ABOVE,ADVISORY_ONLY_UNLESS_ACTUALLY_UNREADABLE_OR_WRONG,False,False,0,machine/masks/glyph/glyph_0017_u7F6E.png,review/glyph_contact_sheet_002.png,5
T0018,glyph_0018_u6865.png,TEXT,桥,U+6865,NotoSansSC-Bold,10.3611,"[31, 78, 121]",RIGHT_B01_L01_TITLE,TITLE,RIGHT,,,,"[434.0137, 71.0051, 444.3749, 86.008]","[1807, 294, 1853, 360]","[1809, 309, 1851, 350]",984,41,42,CJK_FULL_HEIGHT,30,ABOVE,ADVISORY_ONLY_UNLESS_ACTUALLY_UNREADABLE_OR_WRONG,False,False,0,machine/masks/glyph/glyph_0018_u6865.png,review/glyph_contact_sheet_002.png,6
T0019,glyph_0019_u1D456.png,TEXT,𝑖,U+1D456,STIXTwoMath-Regular,10.1619,"[31, 35, 40]",LEFT_B02_L00_NODE_LABEL,NODE_LABEL,LEFT,,,,"[103.388, 114.6457, 106.1724, 124.8076]","[429, 476, 444, 522]","[433, 482, 442, 511]",129,29,9,LATIN_GREEK_LOWER_OR_MATH_ALPHA,17,ABOVE,ADVISORY_ONLY_UNLESS_ACTUALLY_UNREADABLE_OR_WRONG,False,False,0,machine/masks/glyph/glyph_0019_u1D456.png,review/glyph_contact_sheet_002.png,7
T0020,glyph_0020_u1D457.png,TEXT,𝑗,U+1D457,STIXTwoMath-Regular,10.1619,"[31, 35, 40]",LEFT_B02_L01_NODE_LABEL,NODE_LABEL,LEFT,,,,"[173.456, 113.5477, 177.8358, 123.7095]","[721, 472, 742, 517]","[723, 477, 740, 515]",168,38,17,LATIN_GREEK_LOWER_OR_MATH_ALPHA,17,ABOVE,ADVISORY_ONLY_UNLESS_ACTUALLY_UNREADABLE_OR_WRONG,False,False,0,machine/masks/glyph/glyph_0020_u1D457.png,review/glyph_contact_sheet_002.png,8
T0021,glyph_0021_u210E.png,TEXT,ℎ,U+210E,STIXTwoMath-Regular,10.1619,"[31, 35, 40]",LEFT_B03_L00_NODE_LABEL,NODE_LABEL,LEFT,,,,"[137.373, 153.1166, 143.1551, 163.2785]","[571, 636, 598, 682]","[574, 640, 596, 671]",268,31,22,GENERAL_VISIBLE,17,ABOVE,ADVISORY_ONLY_UNLESS_ACTUALLY_UNREADABLE_OR_WRONG,False,False,0,machine/masks/glyph/glyph_0021_u210E.png,review/glyph_contact_sheet_002.png,9
T0022,glyph_0022_u1D457.png,TEXT,𝑗,U+1D457,STIXTwoMath-Regular,9.4645,"[31, 35, 40]",LEFT_B04_L00_NOTE,NOTE,LEFT,,,,"[129.674, 98.924, 133.7532, 108.3885]","[539, 411, 559, 453]","[541, 415, 557, 451]",151,36,16,LATIN_GREEK_LOWER_OR_MATH_ALPHA,17,ABOVE,ADVISORY_ONLY_UNLESS_ACTUALLY_UNREADABLE_OR_WRONG,False,False,0,machine/masks/glyph/glyph_0022_u1D457.png,review/glyph_contact_sheet_002.png,10
T0023,glyph_0023_u2192.png,TEXT,→,U+2192,STIXTwoMath-Regular,9.4645,"[31, 35, 40]",LEFT_B04_L00_NOTE,NOTE,LEFT,,,,"[136.5642, 98.924, 145.5365, 108.3885]","[568, 411, 608, 453]","[571, 424, 604, 440]",162,16,33,MATH_OPERATOR_OR_BASELINE,22,BELOW,ADVISORY_ONLY_UNLESS_ACTUALLY_UNREADABLE_OR_WRONG,False,False,0,machine/masks/glyph/glyph_0023_u2192.png,review/glyph_contact_sheet_002.png,11
T0024,glyph_0024_u1D456.png,TEXT,𝑖,U+1D456,STIXTwoMath-Regular,9.4645,"[31, 35, 40]",LEFT_B04_L00_NOTE,NOTE,LEFT,,,,"[148.1676, 98.924, 150.7609, 108.3885]","[616, 411, 630, 453]","[619, 415, 628, 443]",114,28,9,LATIN_GREEK_LOWER_OR_MATH_ALPHA,17,ABOVE,ADVISORY_ONLY_UNLESS_ACTUALLY_UNREADABLE_OR_WRONG,False,False,0,machine/masks/glyph/glyph_0024_u1D456.png,review/glyph_contact_sheet_002.png,12
T0025,glyph_0025_u1D456.png,TEXT,𝑖,U+1D456,STIXTwoMath-Regular,9.4645,"[31, 35, 40]",LEFT_B05_L00_EDGE_NOTE,EDGE_NOTE,LEFT,,,,"[129.674, 128.7381, 132.2673, 138.2026]","[539, 535, 553, 577]","[542, 539, 551, 567]",114,28,9,LATIN_GREEK_LOWER_OR_MATH_ALPHA,17,ABOVE,ADVISORY_ONLY_UNLESS_ACTUALLY_UNREADABLE_OR_WRONG,False,False,0,machine/masks/glyph/glyph_0025_u1D456.png,review/glyph_contact_sheet_003.png,1
T0026,glyph_0026_u2192.png,TEXT,→,U+2192,STIXTwoMath-Regular,9.4645,"[31, 35, 40]",LEFT_B05_L00_EDGE_NOTE,EDGE_NOTE,LEFT,,,,"[135.0782, 128.7381, 144.0506, 138.2026]","[561, 535, 602, 577]","[565, 548, 598, 564]",162,16,33,MATH_OPERATOR_OR_BASELINE,22,BELOW,ADVISORY_ONLY_UNLESS_ACTUALLY_UNREADABLE_OR_WRONG,False,False,0,machine/masks/glyph/glyph_0026_u2192.png,review/glyph_contact_sheet_003.png,2
T0027,glyph_0027_u1D457.png,TEXT,𝑗,U+1D457,STIXTwoMath-Regular,9.4645,"[31, 35, 40]",LEFT_B05_L00_EDGE_NOTE,EDGE_NOTE,LEFT,,,,"[146.6817, 128.7381, 150.7609, 138.2026]","[610, 535, 630, 577]","[611, 539, 627, 575]",154,36,16,LATIN_GREEK_LOWER_OR_MATH_ALPHA,17,ABOVE,ADVISORY_ONLY_UNLESS_ACTUALLY_UNREADABLE_OR_WRONG,False,False,0,machine/masks/glyph/glyph_0027_u1D457.png,review/glyph_contact_sheet_003.png,3
T0028,glyph_0028_u56DB.png,TEXT,四,U+56DB,NotoSerifSC-ExtraLight,9.4645,"[77, 83, 88]",LEFT_B06_L00_NOTE,NOTE,LEFT,,,,"[211.932, 91.5524, 221.3965, 101.6889]","[882, 380, 924, 425]","[887, 382, 920, 416]",397,34,33,CJK_FULL_HEIGHT,30,ABOVE,ADVISORY_ONLY_UNLESS_ACTUALLY_UNREADABLE_OR_WRONG,False,False,0,machine/masks/glyph/glyph_0028_u56DB.png,review/glyph_contact_sheet_003.png,4
T0029,glyph_0029_u6761.png,TEXT,条,U+6761,NotoSerifSC-ExtraLight,9.4645,"[77, 83, 88]",LEFT_B06_L00_NOTE,NOTE,LEFT,,,,"[221.3965, 91.5524, 230.861, 101.6889]","[921, 380, 963, 425]","[924, 380, 960, 416]",398,36,36,CJK_FULL_HEIGHT,30,ABOVE,ADVISORY_ONLY_UNLESS_ACTUALLY_UNREADABLE_OR_WRONG,False,False,0,machine/masks/glyph/glyph_0029_u6761.png,review/glyph_contact_sheet_003.png,5
T0030,glyph_0030_u8FB9.png,TEXT,边,U+8FB9,NotoSerifSC-ExtraLight,9.4645,"[77, 83, 88]",LEFT_B06_L00_NOTE,NOTE,LEFT,,,,"[230.861, 91.5524, 240.3255, 101.6889]","[960, 380, 1003, 425]","[963, 380, 1000, 416]",357,36,37,CJK_FULL_HEIGHT,30,ABOVE,ADVISORY_ONLY_UNLESS_ACTUALLY_UNREADABLE_OR_WRONG,False,False,0,machine/masks/glyph/glyph_0030_u8FB9.png,review/glyph_contact_sheet_003.png,6
T0031,glyph_0031_u6743.png,TEXT,权,U+6743,NotoSerifSC-ExtraLight,9.4645,"[77, 83, 88]",LEFT_B06_L00_NOTE,NOTE,LEFT,,,,"[240.3255, 91.5524, 249.79, 101.6889]","[1000, 380, 1042, 425]","[1003, 380, 1039, 416]",376,36,36,CJK_FULL_HEIGHT,30,ABOVE,ADVISORY_ONLY_UNLESS_ACTUALLY_UNREADABLE_OR_WRONG,False,False,0,machine/masks/glyph/glyph_0031_u6743.png,review/glyph_contact_sheet_003.png,7
T0032,glyph_0032_u5747.png,TEXT,均,U+5747,NotoSerifSC-ExtraLight,9.4645,"[77, 83, 88]",LEFT_B06_L00_NOTE,NOTE,LEFT,,,,"[249.79, 91.5524, 259.2545, 101.6889]","[1039, 380, 1082, 425]","[1043, 380, 1079, 416]",339,36,36,CJK_FULL_HEIGHT,30,ABOVE,ADVISORY_ONLY_UNLESS_ACTUALLY_UNREADABLE_OR_WRONG,False,False,0,machine/masks/glyph/glyph_0032_u5747.png,review/glyph_contact_sheet_003.png,8
T0033,glyph_0033_u4E3A.png,TEXT,为,U+4E3A,NotoSerifSC-ExtraLight,9.4645,"[77, 83, 88]",LEFT_B06_L00_NOTE,NOTE,LEFT,,,,"[259.2545, 91.5524, 268.719, 101.6889]","[1079, 380, 1121, 425]","[1082, 380, 1117, 416]",290,36,35,CJK_FULL_HEIGHT,30,ABOVE,ADVISORY_ONLY_UNLESS_ACTUALLY_UNREADABLE_OR_WRONG,False,False,0,machine/masks/glyph/glyph_0033_u4E3A.png,review/glyph_contact_sheet_003.png,9
T0034,glyph_0034_u0031.png,TEXT,1,U+0031,STIXTwoMath-Regular,9.4645,"[77, 83, 88]",LEFT_B06_L00_NOTE,NOTE,LEFT,,,,"[270.943, 91.9121, 275.6279, 101.3766]","[1127, 381, 1150, 424]","[1132, 387, 1146, 413]",135,26,14,LATIN_UPPER_OR_DIGIT,24,ABOVE,ADVISORY_ONLY_UNLESS_ACTUALLY_UNREADABLE_OR_WRONG,False,False,0,machine/masks/glyph/glyph_0034_u0031.png,review/glyph_contact_sheet_003.png,10
T0035,glyph_0035_u77E9.png,TEXT,矩,U+77E9,NotoSerifSC-ExtraLight,9.4645,"[77, 83, 88]",LEFT_B06_L01_NOTE,NOTE,LEFT,,,,"[210.654, 103.7524, 220.1185, 113.8889]","[876, 431, 919, 476]","[879, 431, 916, 467]",433,36,37,CJK_FULL_HEIGHT,30,ABOVE,ADVISORY_ONLY_UNLESS_ACTUALLY_UNREADABLE_OR_WRONG,False,False,0,machine/masks/glyph/glyph_0035_u77E9.png,review/glyph_contact_sheet_003.png,11
T0036,glyph_0036_u9635.png,TEXT,阵,U+9635,NotoSerifSC-ExtraLight,9.4645,"[77, 83, 88]",LEFT_B06_L01_NOTE,NOTE,LEFT,,,,"[220.1185, 103.7524, 229.583, 113.8889]","[916, 431, 958, 476]","[921, 431, 955, 467]",412,36,34,CJK_FULL_HEIGHT,30,ABOVE,ADVISORY_ONLY_UNLESS_ACTUALLY_UNREADABLE_OR_WRONG,False,False,0,machine/masks/glyph/glyph_0036_u9635.png,review/glyph_contact_sheet_003.png,12
T0037,glyph_0037_u884C.png,TEXT,行,U+884C,NotoSerifSC-ExtraLight,9.4645,"[77, 83, 88]",LEFT_B06_L01_NOTE,NOTE,LEFT,,,,"[229.583, 103.7524, 239.0475, 113.8889]","[955, 431, 998, 476]","[958, 431, 995, 467]",287,36,37,CJK_FULL_HEIGHT,30,ABOVE,ADVISORY_ONLY_UNLESS_ACTUALLY_UNREADABLE_OR_WRONG,False,False,0,machine/masks/glyph/glyph_0037_u884C.png,review/glyph_contact_sheet_004.png,1
T0038,glyph_0038_u3001.png,TEXT,、,U+3001,NotoSerifSC-ExtraLight,9.4645,"[77, 83, 88]",LEFT_B06_L01_NOTE,NOTE,LEFT,,,,"[239.0475, 103.7524, 248.512, 113.8889]","[995, 431, 1037, 476]","[998, 457, 1008, 467]",37,10,10,LOW_PROFILE_PUNCTUATION,0,CALIBRATION_REQUIRED,ADVISORY_ONLY_UNLESS_ACTUALLY_UNREADABLE_OR_WRONG,False,False,0,machine/masks/glyph/glyph_0038_u3001.png,review/glyph_contact_sheet_004.png,2
T0039,glyph_0039_u5217.png,TEXT,列,U+5217,NotoSerifSC-ExtraLight,9.4645,"[77, 83, 88]",LEFT_B06_L01_NOTE,NOTE,LEFT,,,,"[248.512, 103.7524, 257.9765, 113.8889]","[1034, 431, 1076, 476]","[1037, 432, 1072, 467]",346,35,35,CJK_FULL_HEIGHT,30,ABOVE,ADVISORY_ONLY_UNLESS_ACTUALLY_UNREADABLE_OR_WRONG,False,False,0,machine/masks/glyph/glyph_0039_u5217.png,review/glyph_contact_sheet_004.png,3
T0040,glyph_0040_u987A.png,TEXT,顺,U+987A,NotoSerifSC-ExtraLight,9.4645,"[77, 83, 88]",LEFT_B06_L01_NOTE,NOTE,LEFT,,,,"[257.9766, 103.7524, 267.4411, 113.8889]","[1073, 431, 1116, 476]","[1076, 432, 1113, 467]",544,35,37,CJK_FULL_HEIGHT,30,ABOVE,ADVISORY_ONLY_UNLESS_ACTUALLY_UNREADABLE_OR_WRONG,False,False,0,machine/masks/glyph/glyph_0040_u987A.png,review/glyph_contact_sheet_004.png,4
T0041,glyph_0041_u5E8F.png,TEXT,序,U+5E8F,NotoSerifSC-ExtraLight,9.4645,"[77, 83, 88]",LEFT_B06_L01_NOTE,NOTE,LEFT,,,,"[267.441, 103.7524, 276.9055, 113.8889]","[1113, 431, 1155, 476]","[1116, 431, 1152, 467]",355,36,36,CJK_FULL_HEIGHT,30,ABOVE,ADVISORY_ONLY_UNLESS_ACTUALLY_UNREADABLE_OR_WRONG,False,False,0,machine/masks/glyph/glyph_0041_u5E8F.png,review/glyph_contact_sheet_004.png,5
T0042,glyph_0042_u5747.png,TEXT,均,U+5747,NotoSerifSC-ExtraLight,9.4645,"[77, 83, 88]",LEFT_B07_L00_NOTE,NOTE,LEFT,,,,"[219.663, 115.2094, 229.1275, 125.3459]","[914, 479, 956, 524]","[917, 479, 953, 515]",367,36,36,CJK_FULL_HEIGHT,30,ABOVE,ADVISORY_ONLY_UNLESS_ACTUALLY_UNREADABLE_OR_WRONG,False,False,0,machine/masks/glyph/glyph_0042_u5747.png,review/glyph_contact_sheet_004.png,6
T0043,glyph_0043_u4E3A.png,TEXT,为,U+4E3A,NotoSerifSC-ExtraLight,9.4645,"[77, 83, 88]",LEFT_B07_L00_NOTE,NOTE,LEFT,,,,"[229.1275, 115.2094, 238.592, 125.3459]","[953, 479, 996, 524]","[956, 479, 992, 515]",302,36,36,CJK_FULL_HEIGHT,30,ABOVE,ADVISORY_ONLY_UNLESS_ACTUALLY_UNREADABLE_OR_WRONG,False,False,0,machine/masks/glyph/glyph_0043_u4E3A.png,review/glyph_contact_sheet_004.png,7
T0044,glyph_0044_u0028.png,TEXT,(,U+0028,STIXTwoMath-Regular,9.4645,"[77, 83, 88]",LEFT_B07_L00_NOTE,NOTE,LEFT,,,,"[240.816, 115.569, 244.1948, 125.0336]","[1002, 480, 1019, 522]","[1005, 483, 1016, 520]",129,37,11,GENERAL_VISIBLE,17,ABOVE,ADVISORY_ONLY_UNLESS_ACTUALLY_UNREADABLE_OR_WRONG,False,False,0,machine/masks/glyph/glyph_0044_u0028.png,review/glyph_contact_sheet_004.png,8
T0045,glyph_0045_u1D456.png,TEXT,𝑖,U+1D456,STIXTwoMath-Regular,9.4645,"[77, 83, 88]",LEFT_B07_L00_NOTE,NOTE,LEFT,,,,"[244.1948, 115.569, 246.7881, 125.0336]","[1016, 480, 1030, 522]","[1019, 485, 1028, 513]",112,28,9,LATIN_GREEK_LOWER_OR_MATH_ALPHA,17,ABOVE,ADVISORY_ONLY_UNLESS_ACTUALLY_UNREADABLE_OR_WRONG,False,False,0,machine/masks/glyph/glyph_0045_u1D456.png,review/glyph_contact_sheet_004.png,9
T0046,glyph_0046_u002C.png,TEXT,",",U+002C,STIXTwoMath-Regular,9.4645,"[77, 83, 88]",LEFT_B07_L00_NOTE,NOTE,LEFT,,,,"[246.9774, 115.569, 249.2962, 125.0336]","[1028, 480, 1040, 522]","[1031, 507, 1037, 517]",40,10,6,LOW_PROFILE_PUNCTUATION,0,CALIBRATION_REQUIRED,ADVISORY_ONLY_UNLESS_ACTUALLY_UNREADABLE_OR_WRONG,False,False,0,machine/masks/glyph/glyph_0046_u002C.png,review/glyph_contact_sheet_004.png,10
T0047,glyph_0047_u1D457.png,TEXT,𝑗,U+1D457,STIXTwoMath-Regular,9.4645,"[77, 83, 88]",LEFT_B07_L00_NOTE,NOTE,LEFT,,,,"[250.8673, 115.569, 254.9465, 125.0336]","[1044, 480, 1064, 522]","[1046, 485, 1062, 521]",148,36,16,LATIN_GREEK_LOWER_OR_MATH_ALPHA,17,ABOVE,ADVISORY_ONLY_UNLESS_ACTUALLY_UNREADABLE_OR_WRONG,False,False,0,machine/masks/glyph/glyph_0047_u1D457.png,review/glyph_contact_sheet_004.png,11
T0048,glyph_0048_u002C.png,TEXT,",",U+002C,STIXTwoMath-Regular,9.4645,"[77, 83, 88]",LEFT_B07_L00_NOTE,NOTE,LEFT,,,,"[255.1358, 115.569, 257.4546, 125.0336]","[1062, 480, 1074, 522]","[1065, 507, 1071, 517]",40,10,6,LOW_PROFILE_PUNCTUATION,0,CALIBRATION_REQUIRED,ADVISORY_ONLY_UNLESS_ACTUALLY_UNREADABLE_OR_WRONG,False,False,0,machine/masks/glyph/glyph_0048_u002C.png,review/glyph_contact_sheet_004.png,12
T0049,glyph_0049_u210E.png,TEXT,ℎ,U+210E,STIXTwoMath-Regular,9.4645,"[77, 83, 88]",LEFT_B07_L00_NOTE,NOTE,LEFT,,,,"[259.0352, 115.569, 264.4205, 125.0336]","[1078, 480, 1103, 522]","[1081, 484, 1101, 513]",238,29,20,GENERAL_VISIBLE,17,ABOVE,ADVISORY_ONLY_UNLESS_ACTUALLY_UNREADABLE_OR_WRONG,False,False,0,machine/masks/glyph/glyph_0049_u210E.png,review/glyph_contact_sheet_005.png,1
T0050,glyph_0050_u0029.png,TEXT,),U+0029,STIXTwoMath-Regular,9.4645,"[77, 83, 88]",LEFT_B07_L00_NOTE,NOTE,LEFT,,,,"[264.5151, 115.569, 267.8939, 125.0336]","[1101, 480, 1118, 522]","[1103, 483, 1115, 520]",136,37,12,GENERAL_VISIBLE,17,ABOVE,ADVISORY_ONLY_UNLESS_ACTUALLY_UNREADABLE_OR_WRONG,False,False,0,machine/masks/glyph/glyph_0050_u0029.png,review/glyph_contact_sheet_005.png,2
T0051,glyph_0051_u1D434.png,TEXT,𝐴,U+1D434,STIXTwoMath-Regular,11.9552,"[31, 35, 40]",LEFT_B07_L01_FORMULA,FORMULA,LEFT,,,,"[198.221, 127.4632, 206.3625, 139.4183]","[824, 530, 861, 582]","[824, 536, 858, 569]",351,33,34,LATIN_GREEK_LOWER_OR_MATH_ALPHA,17,ABOVE,ADVISORY_ONLY_UNLESS_ACTUALLY_UNREADABLE_OR_WRONG,False,False,0,machine/masks/glyph/glyph_0051_u1D434.png,review/glyph_contact_sheet_005.png,3
T0052,glyph_0052_u1D456.png,TEXT,𝑖,U+1D456,STIXTwoMath-Regular,11.457,"[31, 35, 40]",LEFT_B07_L01_FORMULA,FORMULA,LEFT,,,,"[206.362, 131.0617, 209.5012, 142.5188]","[858, 545, 874, 595]","[862, 550, 872, 583]",163,33,10,LATIN_GREEK_LOWER_OR_MATH_ALPHA,17,ABOVE,ADVISORY_ONLY_UNLESS_ACTUALLY_UNREADABLE_OR_WRONG,False,False,0,machine/masks/glyph/glyph_0052_u1D456.png,review/glyph_contact_sheet_005.png,4
T0053,glyph_0053_u1D457.png,TEXT,𝑗,U+1D457,STIXTwoMath-Regular,11.457,"[31, 35, 40]",LEFT_B07_L01_FORMULA,FORMULA,LEFT,,,,"[209.7304, 131.0617, 214.6684, 142.5188]","[872, 545, 896, 595]","[874, 550, 893, 593]",212,43,19,LATIN_GREEK_LOWER_OR_MATH_ALPHA,17,ABOVE,ADVISORY_ONLY_UNLESS_ACTUALLY_UNREADABLE_OR_WRONG,False,False,0,machine/masks/glyph/glyph_0053_u1D457.png,review/glyph_contact_sheet_005.png,5
T0054,glyph_0054_u003E.png,TEXT,>,U+003E,STIXTwoMath-Regular,11.9552,"[31, 35, 40]",LEFT_B07_L01_FORMULA,FORMULA,LEFT,,,,"[218.697, 127.4632, 227.3047, 139.4183]","[910, 530, 949, 582]","[914, 542, 944, 570]",229,28,30,MATH_OPERATOR_OR_BASELINE,22,ABOVE,ADVISORY_ONLY_UNLESS_ACTUALLY_UNREADABLE_OR_WRONG,False,False,0,machine/masks/glyph/glyph_0054_u003E.png,review/glyph_contact_sheet_005.png,6
T0055,glyph_0055_u0030.png,TEXT,0,U+0030,STIXTwoMath-Regular,11.9552,"[31, 35, 40]",LEFT_B07_L01_FORMULA,FORMULA,LEFT,,,,"[230.6163, 127.4632, 236.5341, 139.4183]","[959, 530, 987, 582]","[962, 537, 985, 570]",350,33,23,LATIN_UPPER_OR_DIGIT,24,ABOVE,ADVISORY_ONLY_UNLESS_ACTUALLY_UNREADABLE_OR_WRONG,False,False,0,machine/masks/glyph/glyph_0055_u0030.png,review/glyph_contact_sheet_005.png,7
T0056,glyph_0056_u27FA.png,TEXT,⟺,U+27FA,STIXTwoMath-Regular,11.9552,"[31, 35, 40]",LEFT_B07_L01_FORMULA,FORMULA,LEFT,,,,"[239.8577, 127.4632, 259.1294, 139.4183]","[998, 530, 1081, 582]","[1002, 542, 1077, 570]",687,28,75,MATH_OPERATOR_OR_BASELINE,22,ABOVE,ADVISORY_ONLY_UNLESS_ACTUALLY_UNREADABLE_OR_WRONG,False,False,0,machine/masks/glyph/glyph_0056_u27FA.png,review/glyph_contact_sheet_005.png,8
T0057,glyph_0057_u1D457.png,TEXT,𝑗,U+1D457,STIXTwoMath-Regular,11.9552,"[31, 35, 40]",LEFT_B07_L01_FORMULA,FORMULA,LEFT,,,,"[262.4529, 127.4632, 267.6056, 139.4183]","[1092, 530, 1117, 582]","[1094, 536, 1114, 581]",234,45,20,LATIN_GREEK_LOWER_OR_MATH_ALPHA,17,ABOVE,ADVISORY_ONLY_UNLESS_ACTUALLY_UNREADABLE_OR_WRONG,False,False,0,machine/masks/glyph/glyph_0057_u1D457.png,review/glyph_contact_sheet_005.png,9
T0058,glyph_0058_u2192.png,TEXT,→,U+2192,STIXTwoMath-Regular,11.9552,"[31, 35, 40]",LEFT_B07_L01_FORMULA,FORMULA,LEFT,,,,"[271.1683, 127.4632, 282.5018, 139.4183]","[1128, 530, 1179, 582]","[1133, 546, 1174, 566]",216,20,41,MATH_OPERATOR_OR_BASELINE,22,BELOW,ADVISORY_ONLY_UNLESS_ACTUALLY_UNREADABLE_OR_WRONG,False,False,0,machine/masks/glyph/glyph_0058_u2192.png,review/glyph_contact_sheet_005.png,10
T0059,glyph_0059_u1D456.png,TEXT,𝑖,U+1D456,STIXTwoMath-Regular,11.9552,"[31, 35, 40]",LEFT_B07_L01_FORMULA,FORMULA,LEFT,,,,"[285.8134, 127.4632, 289.0891, 139.4183]","[1189, 530, 1206, 582]","[1193, 536, 1204, 570]",176,34,11,LATIN_GREEK_LOWER_OR_MATH_ALPHA,17,ABOVE,ADVISORY_ONLY_UNLESS_ACTUALLY_UNREADABLE_OR_WRONG,False,False,0,machine/masks/glyph/glyph_0059_u1D456.png,review/glyph_contact_sheet_005.png,11
T0060,glyph_0060_u1D450.png,TEXT,𝑐,U+1D450,STIXTwoMath-Regular,11.9552,"[31, 35, 40]",LEFT_B08_L00_FORMULA,FORMULA,LEFT,,,,"[212.97, 144.3382, 217.9194, 156.2933]","[886, 600, 909, 653]","[888, 615, 902, 640]",149,25,14,LATIN_GREEK_LOWER_OR_MATH_ALPHA,17,ABOVE,ADVISORY_ONLY_UNLESS_ACTUALLY_UNREADABLE_OR_WRONG,False,False,0,machine/masks/glyph/glyph_0060_u1D450.png,review/glyph_contact_sheet_005.png,12
T0061,glyph_0061_u1D457.png,TEXT,𝑗,U+1D457,STIXTwoMath-Regular,11.457,"[31, 35, 40]",LEFT_B08_L00_FORMULA,FORMULA,LEFT,,,,"[216.807, 147.9367, 221.745, 159.3938]","[902, 615, 925, 666]","[902, 615, 922, 664]",221,49,20,LATIN_GREEK_LOWER_OR_MATH_ALPHA,17,ABOVE,ADVISORY_ONLY_UNLESS_ACTUALLY_UNREADABLE_OR_WRONG,False,False,0,machine/masks/glyph/glyph_0061_u1D457.png,review/glyph_contact_sheet_006.png,1
T0062,glyph_0062_u003D.png,TEXT,=,U+003D,STIXTwoMath-Regular,11.9552,"[31, 35, 40]",LEFT_B08_L00_FORMULA,FORMULA,LEFT,,,,"[225.773, 144.3382, 234.3807, 156.2933]","[939, 600, 978, 653]","[944, 619, 974, 633]",240,14,30,MATH_OPERATOR_OR_BASELINE,22,BELOW,ADVISORY_ONLY_UNLESS_ACTUALLY_UNREADABLE_OR_WRONG,False,False,0,machine/masks/glyph/glyph_0062_u003D.png,review/glyph_contact_sheet_006.png,2
T0063,glyph_0063_u2211.png,TEXT,∑,U+2211,STIXTwoMath-Regular,11.9552,"[31, 35, 40]",LEFT_B08_L00_FORMULA,FORMULA,LEFT,,,,"[237.701, 144.4462, 248.891, 156.4014]","[989, 600, 1039, 653]","[993, 601, 1033, 653]",691,52,40,MATH_OPERATOR_OR_BASELINE,22,ABOVE,ADVISORY_ONLY_UNLESS_ACTUALLY_UNREADABLE_OR_WRONG,False,False,0,machine/masks/glyph/glyph_0063_u2211.png,review/glyph_contact_sheet_006.png,3
T0064,glyph_0064_u1D45F.png,TEXT,𝑟,U+1D45F,STIXTwoMath-Regular,11.457,"[31, 35, 40]",LEFT_B08_L00_FORMULA,FORMULA,LEFT,,,,"[248.892, 149.7028, 253.6123, 161.1598]","[1036, 622, 1058, 673]","[1038, 637, 1056, 660]",171,23,18,LATIN_GREEK_LOWER_OR_MATH_ALPHA,17,ABOVE,ADVISORY_ONLY_UNLESS_ACTUALLY_UNREADABLE_OR_WRONG,False,False,0,machine/masks/glyph/glyph_0064_u1D45F.png,review/glyph_contact_sheet_006.png,4
T0065,glyph_0065_u1D434.png,TEXT,𝐴,U+1D434,STIXTwoMath-Regular,11.9552,"[31, 35, 40]",LEFT_B08_L00_FORMULA,FORMULA,LEFT,,,,"[256.083, 144.3382, 264.2245, 156.2933]","[1066, 600, 1102, 653]","[1066, 606, 1099, 639]",349,33,33,LATIN_GREEK_LOWER_OR_MATH_ALPHA,17,ABOVE,ADVISORY_ONLY_UNLESS_ACTUALLY_UNREADABLE_OR_WRONG,False,False,0,machine/masks/glyph/glyph_0065_u1D434.png,review/glyph_contact_sheet_006.png,5
T0066,glyph_0066_u1D45F.png,TEXT,𝑟,U+1D45F,STIXTwoMath-Regular,11.457,"[31, 35, 40]",LEFT_B08_L00_FORMULA,FORMULA,LEFT,,,,"[264.224, 147.9367, 268.9443, 159.3938]","[1099, 615, 1122, 666]","[1102, 630, 1119, 653]",167,23,17,LATIN_GREEK_LOWER_OR_MATH_ALPHA,17,ABOVE,ADVISORY_ONLY_UNLESS_ACTUALLY_UNREADABLE_OR_WRONG,False,False,0,machine/masks/glyph/glyph_0066_u1D45F.png,review/glyph_contact_sheet_006.png,6
T0067,glyph_0067_u1D457.png,TEXT,𝑗,U+1D457,STIXTwoMath-Regular,11.457,"[31, 35, 40]",LEFT_B08_L00_FORMULA,FORMULA,LEFT,,,,"[268.9443, 147.9367, 273.8823, 159.3938]","[1119, 615, 1143, 666]","[1121, 621, 1140, 664]",214,43,19,LATIN_GREEK_LOWER_OR_MATH_ALPHA,17,ABOVE,ADVISORY_ONLY_UNLESS_ACTUALLY_UNREADABLE_OR_WRONG,False,False,0,machine/masks/glyph/glyph_0067_u1D457.png,review/glyph_contact_sheet_006.png,7
T0068,glyph_0068_u0028.png,TEXT,(,U+0028,STIXTwoMath-Regular,11.9552,"[31, 35, 40]",LEFT_B08_L01_FORMULA,FORMULA,LEFT,,,,"[193.203, 158.9342, 197.471, 170.8893]","[804, 661, 824, 714]","[807, 663, 821, 710]",208,47,14,GENERAL_VISIBLE,17,ABOVE,ADVISORY_ONLY_UNLESS_ACTUALLY_UNREADABLE_OR_WRONG,False,False,0,machine/masks/glyph/glyph_0068_u0028.png,review/glyph_contact_sheet_006.png,8
T0069,glyph_0069_u1D450.png,TEXT,𝑐,U+1D450,STIXTwoMath-Regular,11.9552,"[31, 35, 40]",LEFT_B08_L01_FORMULA,FORMULA,LEFT,,,,"[197.471, 158.9342, 202.4204, 170.8893]","[821, 661, 845, 714]","[824, 676, 843, 701]",198,25,19,LATIN_GREEK_LOWER_OR_MATH_ALPHA,17,ABOVE,ADVISORY_ONLY_UNLESS_ACTUALLY_UNREADABLE_OR_WRONG,False,False,0,machine/masks/glyph/glyph_0069_u1D450.png,review/glyph_contact_sheet_006.png,9
T0070,glyph_0070_u1D456.png,TEXT,𝑖,U+1D456,STIXTwoMath-Regular,11.457,"[31, 35, 40]",LEFT_B08_L01_FORMULA,FORMULA,LEFT,,,,"[202.947, 162.5338, 206.0862, 173.9908]","[844, 676, 860, 726]","[848, 682, 858, 715]",161,33,10,LATIN_GREEK_LOWER_OR_MATH_ALPHA,17,ABOVE,ADVISORY_ONLY_UNLESS_ACTUALLY_UNREADABLE_OR_WRONG,False,False,0,machine/masks/glyph/glyph_0070_u1D456.png,review/glyph_contact_sheet_006.png,10
T0071,glyph_0071_u002C.png,TEXT,",",U+002C,STIXTwoMath-Regular,11.9552,"[31, 35, 40]",LEFT_B08_L01_FORMULA,FORMULA,LEFT,,,,"[206.793, 158.9342, 209.722, 170.8893]","[860, 661, 875, 714]","[864, 694, 872, 707]",64,13,8,LOW_PROFILE_PUNCTUATION,0,CALIBRATION_REQUIRED,ADVISORY_ONLY_UNLESS_ACTUALLY_UNREADABLE_OR_WRONG,False,False,0,machine/masks/glyph/glyph_0071_u002C.png,review/glyph_contact_sheet_006.png,11
T0072,glyph_0072_u1D450.png,TEXT,𝑐,U+1D450,STIXTwoMath-Regular,11.9552,"[31, 35, 40]",LEFT_B08_L01_FORMULA,FORMULA,LEFT,,,,"[211.7066, 158.9342, 216.656, 170.8893]","[881, 661, 904, 714]","[883, 676, 897, 701]",149,25,14,LATIN_GREEK_LOWER_OR_MATH_ALPHA,17,ABOVE,ADVISORY_ONLY_UNLESS_ACTUALLY_UNREADABLE_OR_WRONG,False,False,0,machine/masks/glyph/glyph_0072_u1D450.png,review/glyph_contact_sheet_006.png,12
T0073,glyph_0073_u1D457.png,TEXT,𝑗,U+1D457,STIXTwoMath-Regular,11.457,"[31, 35, 40]",LEFT_B08_L01_FORMULA,FORMULA,LEFT,,,,"[215.552, 162.5338, 220.49, 173.9908]","[897, 676, 920, 726]","[897, 676, 916, 725]",223,49,19,LATIN_GREEK_LOWER_OR_MATH_ALPHA,17,ABOVE,ADVISORY_ONLY_UNLESS_ACTUALLY_UNREADABLE_OR_WRONG,False,False,0,machine/masks/glyph/glyph_0073_u1D457.png,review/glyph_contact_sheet_007.png,1
T0074,glyph_0074_u002C.png,TEXT,",",U+002C,STIXTwoMath-Regular,11.9552,"[31, 35, 40]",LEFT_B08_L01_FORMULA,FORMULA,LEFT,,,,"[221.197, 158.9342, 224.126, 170.8893]","[920, 661, 935, 714]","[924, 694, 932, 707]",64,13,8,LOW_PROFILE_PUNCTUATION,0,CALIBRATION_REQUIRED,ADVISORY_ONLY_UNLESS_ACTUALLY_UNREADABLE_OR_WRONG,False,False,0,machine/masks/glyph/glyph_0074_u002C.png,review/glyph_contact_sheet_007.png,2
T0075,glyph_0075_u1D450.png,TEXT,𝑐,U+1D450,STIXTwoMath-Regular,11.9552,"[31, 35, 40]",LEFT_B08_L01_FORMULA,FORMULA,LEFT,,,,"[226.1106, 158.9342, 231.06, 170.8893]","[941, 661, 964, 714]","[943, 676, 962, 701]",198,25,19,LATIN_GREEK_LOWER_OR_MATH_ALPHA,17,ABOVE,ADVISORY_ONLY_UNLESS_ACTUALLY_UNREADABLE_OR_WRONG,False,False,0,machine/masks/glyph/glyph_0075_u1D450.png,review/glyph_contact_sheet_007.png,3
T0076,glyph_0076_u210E.png,TEXT,ℎ,U+210E,STIXTwoMath-Regular,11.457,"[31, 35, 40]",LEFT_B08_L01_FORMULA,FORMULA,LEFT,,,,"[231.594, 163.0028, 238.1131, 174.4598]","[963, 678, 994, 728]","[967, 682, 991, 717]",336,35,24,GENERAL_VISIBLE,17,ABOVE,ADVISORY_ONLY_UNLESS_ACTUALLY_UNREADABLE_OR_WRONG,False,False,0,machine/masks/glyph/glyph_0076_u210E.png,review/glyph_contact_sheet_007.png,4
T0077,glyph_0077_u0029.png,TEXT,),U+0029,STIXTwoMath-Regular,11.9552,"[31, 35, 40]",LEFT_B08_L01_FORMULA,FORMULA,LEFT,,,,"[238.706, 158.9342, 242.974, 170.8893]","[993, 661, 1014, 714]","[996, 663, 1011, 710]",210,47,15,GENERAL_VISIBLE,17,ABOVE,ADVISORY_ONLY_UNLESS_ACTUALLY_UNREADABLE_OR_WRONG,False,False,0,machine/masks/glyph/glyph_0077_u0029.png,review/glyph_contact_sheet_007.png,5
T0078,glyph_0078_u003D.png,TEXT,=,U+003D,STIXTwoMath-Regular,11.9552,"[31, 35, 40]",LEFT_B08_L01_FORMULA,FORMULA,LEFT,,,,"[246.2856, 158.9342, 254.8933, 170.8893]","[1025, 661, 1064, 714]","[1029, 680, 1059, 694]",240,14,30,MATH_OPERATOR_OR_BASELINE,22,BELOW,ADVISORY_ONLY_UNLESS_ACTUALLY_UNREADABLE_OR_WRONG,False,False,0,machine/masks/glyph/glyph_0078_u003D.png,review/glyph_contact_sheet_007.png,6
T0079,glyph_0079_u0028.png,TEXT,(,U+0028,STIXTwoMath-Regular,11.9552,"[31, 35, 40]",LEFT_B08_L01_FORMULA,FORMULA,LEFT,,,,"[258.2168, 158.9342, 262.4848, 170.8893]","[1074, 661, 1095, 714]","[1078, 663, 1092, 710]",208,47,14,GENERAL_VISIBLE,17,ABOVE,ADVISORY_ONLY_UNLESS_ACTUALLY_UNREADABLE_OR_WRONG,False,False,0,machine/masks/glyph/glyph_0079_u0028.png,review/glyph_contact_sheet_007.png,7
T0080,glyph_0080_u0031.png,TEXT,1,U+0031,STIXTwoMath-Regular,11.9552,"[31, 35, 40]",LEFT_B08_L01_FORMULA,FORMULA,LEFT,,,,"[262.4848, 158.9342, 268.4026, 170.8893]","[1092, 661, 1120, 714]","[1097, 668, 1116, 700]",208,32,19,LATIN_UPPER_OR_DIGIT,24,ABOVE,ADVISORY_ONLY_UNLESS_ACTUALLY_UNREADABLE_OR_WRONG,False,False,0,machine/masks/glyph/glyph_0080_u0031.png,review/glyph_contact_sheet_007.png,8
T0081,glyph_0081_u002C.png,TEXT,",",U+002C,STIXTwoMath-Regular,11.9552,"[31, 35, 40]",LEFT_B08_L01_FORMULA,FORMULA,LEFT,,,,"[268.4026, 158.9342, 271.3317, 170.8893]","[1117, 661, 1132, 714]","[1120, 694, 1128, 707]",64,13,8,LOW_PROFILE_PUNCTUATION,0,CALIBRATION_REQUIRED,ADVISORY_ONLY_UNLESS_ACTUALLY_UNREADABLE_OR_WRONG,False,False,0,machine/masks/glyph/glyph_0081_u002C.png,review/glyph_contact_sheet_007.png,9
T0082,glyph_0082_u0032.png,TEXT,2,U+0032,STIXTwoMath-Regular,11.9552,"[31, 35, 40]",LEFT_B08_L01_FORMULA,FORMULA,LEFT,,,,"[273.3282, 158.9342, 279.246, 170.8893]","[1137, 661, 1165, 714]","[1140, 668, 1162, 700]",274,32,22,LATIN_UPPER_OR_DIGIT,24,ABOVE,ADVISORY_ONLY_UNLESS_ACTUALLY_UNREADABLE_OR_WRONG,False,False,0,machine/masks/glyph/glyph_0082_u0032.png,review/glyph_contact_sheet_007.png,10
T0083,glyph_0083_u002C.png,TEXT,",",U+002C,STIXTwoMath-Regular,11.9552,"[31, 35, 40]",LEFT_B08_L01_FORMULA,FORMULA,LEFT,,,,"[279.246, 158.9342, 282.175, 170.8893]","[1162, 661, 1177, 714]","[1166, 694, 1174, 707]",64,13,8,LOW_PROFILE_PUNCTUATION,0,CALIBRATION_REQUIRED,ADVISORY_ONLY_UNLESS_ACTUALLY_UNREADABLE_OR_WRONG,False,False,0,machine/masks/glyph/glyph_0083_u002C.png,review/glyph_contact_sheet_007.png,11
T0084,glyph_0084_u0031.png,TEXT,1,U+0031,STIXTwoMath-Regular,11.9552,"[31, 35, 40]",LEFT_B08_L01_FORMULA,FORMULA,LEFT,,,,"[284.1596, 158.9342, 290.0774, 170.8893]","[1182, 661, 1210, 714]","[1187, 668, 1206, 700]",208,32,19,LATIN_UPPER_OR_DIGIT,24,ABOVE,ADVISORY_ONLY_UNLESS_ACTUALLY_UNREADABLE_OR_WRONG,False,False,0,machine/masks/glyph/glyph_0084_u0031.png,review/glyph_contact_sheet_007.png,12
T0085,glyph_0085_u0029.png,TEXT,),U+0029,STIXTwoMath-Regular,11.9552,"[31, 35, 40]",LEFT_B08_L01_FORMULA,FORMULA,LEFT,,,,"[290.0774, 158.9342, 294.3454, 170.8893]","[1207, 661, 1228, 714]","[1210, 663, 1225, 710]",210,47,15,GENERAL_VISIBLE,17,ABOVE,ADVISORY_ONLY_UNLESS_ACTUALLY_UNREADABLE_OR_WRONG,False,False,0,machine/masks/glyph/glyph_0085_u0029.png,review/glyph_contact_sheet_008.png,1
T0086,glyph_0086_u1D434.png,TEXT,𝐴,U+1D434,STIXTwoMath-Regular,11.9552,"[31, 35, 40]",LEFT_B09_L00_FORMULA,FORMULA,LEFT,,,,"[84.613, 198.9362, 92.7545, 210.8914]","[351, 827, 388, 880]","[351, 834, 386, 867]",352,33,35,LATIN_GREEK_LOWER_OR_MATH_ALPHA,17,ABOVE,ADVISORY_ONLY_UNLESS_ACTUALLY_UNREADABLE_OR_WRONG,False,False,0,machine/masks/glyph/glyph_0086_u1D434.png,review/glyph_contact_sheet_008.png,2
T0087,glyph_0087_u003D.png,TEXT,=,U+003D,STIXTwoMath-Regular,11.9552,"[31, 35, 40]",LEFT_B09_L00_FORMULA,FORMULA,LEFT,,,,"[96.066, 198.9362, 104.6738, 210.8914]","[399, 827, 438, 880]","[403, 847, 433, 861]",240,14,30,MATH_OPERATOR_OR_BASELINE,22,BELOW,ADVISORY_ONLY_UNLESS_ACTUALLY_UNREADABLE_OR_WRONG,False,False,0,machine/masks/glyph/glyph_0087_u003D.png,review/glyph_contact_sheet_008.png,3
T0088,glyph_0088_u0030.png,TEXT,0,U+0030,STIXTwoMath-Regular,10.1619,"[31, 35, 40]",LEFT_B10_L00_MATRIX_ENTRY,MATRIX_ENTRY,LEFT,,,,"[119.011, 183.0166, 124.0411, 193.1785]","[494, 761, 518, 806]","[497, 767, 516, 796]",261,29,19,LATIN_UPPER_OR_DIGIT,24,ABOVE,ADVISORY_ONLY_UNLESS_ACTUALLY_UNREADABLE_OR_WRONG,False,False,0,machine/masks/glyph/glyph_0088_u0030.png,review/glyph_contact_sheet_008.png,4
T0089,glyph_0089_u0031.png,TEXT,1,U+0031,STIXTwoMath-Regular,10.1619,"[31, 35, 40]",LEFT_B10_L01_MATRIX_ENTRY,MATRIX_ENTRY,LEFT,,,,"[137.8, 183.0166, 142.8301, 193.1785]","[573, 761, 597, 806]","[577, 768, 592, 795]",168,27,15,LATIN_UPPER_OR_DIGIT,24,ABOVE,ADVISORY_ONLY_UNLESS_ACTUALLY_UNREADABLE_OR_WRONG,False,False,0,machine/masks/glyph/glyph_0089_u0031.png,review/glyph_contact_sheet_008.png,5
T0090,glyph_0090_u0031.png,TEXT,1,U+0031,STIXTwoMath-Regular,10.1619,"[31, 35, 40]",LEFT_B10_L02_MATRIX_ENTRY,MATRIX_ENTRY,LEFT,,,,"[156.588, 183.0166, 161.6181, 193.1785]","[651, 761, 675, 806]","[655, 768, 671, 795]",150,27,16,LATIN_UPPER_OR_DIGIT,24,ABOVE,ADVISORY_ONLY_UNLESS_ACTUALLY_UNREADABLE_OR_WRONG,False,False,0,machine/masks/glyph/glyph_0090_u0031.png,review/glyph_contact_sheet_008.png,6
T0091,glyph_0091_u0031.png,TEXT,1,U+0031,STIXTwoMath-Regular,10.1619,"[31, 35, 40]",LEFT_B11_L00_MATRIX_ENTRY,MATRIX_ENTRY,LEFT,,,,"[119.011, 199.5777, 124.0411, 209.7396]","[494, 830, 518, 875]","[499, 837, 514, 864]",168,27,15,LATIN_UPPER_OR_DIGIT,24,ABOVE,ADVISORY_ONLY_UNLESS_ACTUALLY_UNREADABLE_OR_WRONG,False,False,0,machine/masks/glyph/glyph_0091_u0031.png,review/glyph_contact_sheet_008.png,7
T0092,glyph_0092_u0030.png,TEXT,0,U+0030,STIXTwoMath-Regular,10.1619,"[31, 35, 40]",LEFT_B11_L01_MATRIX_ENTRY,MATRIX_ENTRY,LEFT,,,,"[137.8, 199.5777, 142.8301, 209.7396]","[573, 830, 597, 875]","[575, 836, 594, 865]",261,29,19,LATIN_UPPER_OR_DIGIT,24,ABOVE,ADVISORY_ONLY_UNLESS_ACTUALLY_UNREADABLE_OR_WRONG,False,False,0,machine/masks/glyph/glyph_0092_u0030.png,review/glyph_contact_sheet_008.png,8
T0093,glyph_0093_u0030.png,TEXT,0,U+0030,STIXTwoMath-Regular,10.1619,"[31, 35, 40]",LEFT_B11_L02_MATRIX_ENTRY,MATRIX_ENTRY,LEFT,,,,"[156.588, 199.5777, 161.6181, 209.7396]","[651, 830, 675, 875]","[653, 836, 673, 865]",262,29,20,LATIN_UPPER_OR_DIGIT,24,ABOVE,ADVISORY_ONLY_UNLESS_ACTUALLY_UNREADABLE_OR_WRONG,False,False,0,machine/masks/glyph/glyph_0093_u0030.png,review/glyph_contact_sheet_008.png,9
T0094,glyph_0094_u0030.png,TEXT,0,U+0030,STIXTwoMath-Regular,10.1619,"[31, 35, 40]",LEFT_B12_L00_MATRIX_ENTRY,MATRIX_ENTRY,LEFT,,,,"[119.011, 216.1387, 124.0411, 226.3006]","[494, 899, 518, 944]","[497, 905, 516, 934]",261,29,19,LATIN_UPPER_OR_DIGIT,24,ABOVE,ADVISORY_ONLY_UNLESS_ACTUALLY_UNREADABLE_OR_WRONG,False,False,0,machine/masks/glyph/glyph_0094_u0030.png,review/glyph_contact_sheet_008.png,10
T0095,glyph_0095_u0031.png,TEXT,1,U+0031,STIXTwoMath-Regular,10.1619,"[31, 35, 40]",LEFT_B12_L01_MATRIX_ENTRY,MATRIX_ENTRY,LEFT,,,,"[137.8, 216.1387, 142.8301, 226.3006]","[573, 899, 597, 944]","[577, 906, 592, 933]",168,27,15,LATIN_UPPER_OR_DIGIT,24,ABOVE,ADVISORY_ONLY_UNLESS_ACTUALLY_UNREADABLE_OR_WRONG,False,False,0,machine/masks/glyph/glyph_0095_u0031.png,review/glyph_contact_sheet_008.png,11
T0096,glyph_0096_u0030.png,TEXT,0,U+0030,STIXTwoMath-Regular,10.1619,"[31, 35, 40]",LEFT_B12_L02_MATRIX_ENTRY,MATRIX_ENTRY,LEFT,,,,"[156.588, 216.1387, 161.6181, 226.3006]","[651, 899, 675, 944]","[653, 905, 673, 934]",262,29,20,LATIN_UPPER_OR_DIGIT,24,ABOVE,ADVISORY_ONLY_UNLESS_ACTUALLY_UNREADABLE_OR_WRONG,False,False,0,machine/masks/glyph/glyph_0096_u0030.png,review/glyph_contact_sheet_008.png,12
T0097,glyph_0097_u1D440.png,TEXT,𝑀,U+1D440,STIXTwoMath-Regular,11.9552,"[31, 35, 40]",LEFT_B12_L03_FORMULA,FORMULA,LEFT,,,,"[191.811, 198.9122, 202.2, 210.8674]","[798, 827, 844, 880]","[798, 834, 844, 867]",590,33,46,LATIN_GREEK_LOWER_OR_MATH_ALPHA,17,ABOVE,ADVISORY_ONLY_UNLESS_ACTUALLY_UNREADABLE_OR_WRONG,False,False,0,machine/masks/glyph/glyph_0097_u1D440.png,review/glyph_contact_sheet_009.png,1
T0098,glyph_0098_u003D.png,TEXT,=,U+003D,STIXTwoMath-Regular,11.9552,"[31, 35, 40]",LEFT_B12_L03_FORMULA,FORMULA,LEFT,,,,"[206.0496, 198.9122, 214.6573, 210.8674]","[857, 827, 896, 880]","[862, 847, 892, 861]",240,14,30,MATH_OPERATOR_OR_BASELINE,22,BELOW,ADVISORY_ONLY_UNLESS_ACTUALLY_UNREADABLE_OR_WRONG,False,False,0,machine/masks/glyph/glyph_0098_u003D.png,review/glyph_contact_sheet_009.png,2
T0099,glyph_0099_u0030.png,TEXT,0,U+0030,STIXTwoMath-Regular,10.1619,"[31, 35, 40]",LEFT_B13_L00_MATRIX_ENTRY,MATRIX_ENTRY,LEFT,,,,"[228.713, 182.9806, 233.7431, 193.1425]","[951, 761, 975, 806]","[954, 767, 973, 796]",261,29,19,LATIN_UPPER_OR_DIGIT,24,ABOVE,ADVISORY_ONLY_UNLESS_ACTUALLY_UNREADABLE_OR_WRONG,False,False,0,machine/masks/glyph/glyph_0099_u0030.png,review/glyph_contact_sheet_009.png,3
T0100,glyph_0100_u0031.png,TEXT,1,U+0031,STIXTwoMath-Regular,10.1619,"[31, 35, 40]",LEFT_B13_L01_MATRIX_ENTRY,MATRIX_ENTRY,LEFT,,,,"[243.025, 182.9806, 248.0551, 193.1425]","[1011, 761, 1035, 806]","[1015, 768, 1031, 795]",150,27,16,LATIN_UPPER_OR_DIGIT,24,ABOVE,ADVISORY_ONLY_UNLESS_ACTUALLY_UNREADABLE_OR_WRONG,False,False,0,machine/masks/glyph/glyph_0100_u0031.png,review/glyph_contact_sheet_009.png,4
T0101,glyph_0101_u002F.png,TEXT,/,U+002F,STIXTwoMath-Regular,10.1619,"[31, 35, 40]",LEFT_B13_L01_MATRIX_ENTRY,MATRIX_ENTRY,LEFT,,,,"[248.0551, 182.9806, 251.9776, 193.1425]","[1032, 761, 1051, 806]","[1035, 765, 1048, 799]",106,34,13,MATH_OPERATOR_OR_BASELINE,22,ABOVE,ADVISORY_ONLY_UNLESS_ACTUALLY_UNREADABLE_OR_WRONG,False,False,0,machine/masks/glyph/glyph_0101_u002F.png,review/glyph_contact_sheet_009.png,5
T0102,glyph_0102_u0032.png,TEXT,2,U+0032,STIXTwoMath-Regular,10.1619,"[31, 35, 40]",LEFT_B13_L01_MATRIX_ENTRY,MATRIX_ENTRY,LEFT,,,,"[251.9776, 182.9806, 257.0078, 193.1425]","[1048, 761, 1072, 806]","[1051, 767, 1070, 795]",212,28,19,LATIN_UPPER_OR_DIGIT,24,ABOVE,ADVISORY_ONLY_UNLESS_ACTUALLY_UNREADABLE_OR_WRONG,False,False,0,machine/masks/glyph/glyph_0102_u0032.png,review/glyph_contact_sheet_009.png,6
T0103,glyph_0103_u0031.png,TEXT,1,U+0031,STIXTwoMath-Regular,10.1619,"[31, 35, 40]",LEFT_B13_L02_MATRIX_ENTRY,MATRIX_ENTRY,LEFT,,,,"[266.289, 182.9806, 271.3191, 193.1425]","[1108, 761, 1132, 806]","[1112, 768, 1128, 795]",150,27,16,LATIN_UPPER_OR_DIGIT,24,ABOVE,ADVISORY_ONLY_UNLESS_ACTUALLY_UNREADABLE_OR_WRONG,False,False,0,machine/masks/glyph/glyph_0103_u0031.png,review/glyph_contact_sheet_009.png,7
T0104,glyph_0104_u0031.png,TEXT,1,U+0031,STIXTwoMath-Regular,10.1619,"[31, 35, 40]",LEFT_B14_L00_MATRIX_ENTRY,MATRIX_ENTRY,LEFT,,,,"[228.713, 199.5976, 233.7431, 209.7595]","[951, 830, 975, 875]","[956, 837, 971, 864]",168,27,15,LATIN_UPPER_OR_DIGIT,24,ABOVE,ADVISORY_ONLY_UNLESS_ACTUALLY_UNREADABLE_OR_WRONG,False,False,0,machine/masks/glyph/glyph_0104_u0031.png,review/glyph_contact_sheet_009.png,8
T0105,glyph_0105_u0030.png,TEXT,0,U+0030,STIXTwoMath-Regular,10.1619,"[31, 35, 40]",LEFT_B14_L01_MATRIX_ENTRY,MATRIX_ENTRY,LEFT,,,,"[247.501, 199.5976, 252.5311, 209.7595]","[1030, 830, 1054, 875]","[1032, 836, 1052, 865]",262,29,20,LATIN_UPPER_OR_DIGIT,24,ABOVE,ADVISORY_ONLY_UNLESS_ACTUALLY_UNREADABLE_OR_WRONG,False,False,0,machine/masks/glyph/glyph_0105_u0030.png,review/glyph_contact_sheet_009.png,9
T0106,glyph_0106_u0030.png,TEXT,0,U+0030,STIXTwoMath-Regular,10.1619,"[31, 35, 40]",LEFT_B14_L02_MATRIX_ENTRY,MATRIX_ENTRY,LEFT,,,,"[266.289, 199.5976, 271.3191, 209.7595]","[1108, 830, 1132, 875]","[1110, 836, 1130, 865]",262,29,20,LATIN_UPPER_OR_DIGIT,24,ABOVE,ADVISORY_ONLY_UNLESS_ACTUALLY_UNREADABLE_OR_WRONG,False,False,0,machine/masks/glyph/glyph_0106_u0030.png,review/glyph_contact_sheet_009.png,10
T0107,glyph_0107_u0030.png,TEXT,0,U+0030,STIXTwoMath-Regular,10.1619,"[31, 35, 40]",LEFT_B15_L00_MATRIX_ENTRY,MATRIX_ENTRY,LEFT,,,,"[228.713, 216.1186, 233.7431, 226.2805]","[951, 899, 975, 944]","[954, 905, 973, 934]",261,29,19,LATIN_UPPER_OR_DIGIT,24,ABOVE,ADVISORY_ONLY_UNLESS_ACTUALLY_UNREADABLE_OR_WRONG,False,False,0,machine/masks/glyph/glyph_0107_u0030.png,review/glyph_contact_sheet_009.png,11
T0108,glyph_0108_u0031.png,TEXT,1,U+0031,STIXTwoMath-Regular,10.1619,"[31, 35, 40]",LEFT_B15_L01_MATRIX_ENTRY,MATRIX_ENTRY,LEFT,,,,"[243.025, 216.1186, 248.0551, 226.2805]","[1011, 899, 1035, 944]","[1015, 906, 1031, 933]",150,27,16,LATIN_UPPER_OR_DIGIT,24,ABOVE,ADVISORY_ONLY_UNLESS_ACTUALLY_UNREADABLE_OR_WRONG,False,False,0,machine/masks/glyph/glyph_0108_u0031.png,review/glyph_contact_sheet_009.png,12
T0109,glyph_0109_u002F.png,TEXT,/,U+002F,STIXTwoMath-Regular,10.1619,"[31, 35, 40]",LEFT_B15_L01_MATRIX_ENTRY,MATRIX_ENTRY,LEFT,,,,"[248.0551, 216.1186, 251.9776, 226.2805]","[1032, 899, 1051, 944]","[1035, 903, 1048, 937]",106,34,13,MATH_OPERATOR_OR_BASELINE,22,ABOVE,ADVISORY_ONLY_UNLESS_ACTUALLY_UNREADABLE_OR_WRONG,False,False,0,machine/masks/glyph/glyph_0109_u002F.png,review/glyph_contact_sheet_010.png,1
T0110,glyph_0110_u0032.png,TEXT,2,U+0032,STIXTwoMath-Regular,10.1619,"[31, 35, 40]",LEFT_B15_L01_MATRIX_ENTRY,MATRIX_ENTRY,LEFT,,,,"[251.9776, 216.1186, 257.0078, 226.2805]","[1048, 899, 1072, 944]","[1051, 905, 1070, 933]",212,28,19,LATIN_UPPER_OR_DIGIT,24,ABOVE,ADVISORY_ONLY_UNLESS_ACTUALLY_UNREADABLE_OR_WRONG,False,False,0,machine/masks/glyph/glyph_0110_u0032.png,review/glyph_contact_sheet_010.png,2
T0111,glyph_0111_u0030.png,TEXT,0,U+0030,STIXTwoMath-Regular,10.1619,"[31, 35, 40]",LEFT_B15_L02_MATRIX_ENTRY,MATRIX_ENTRY,LEFT,,,,"[266.289, 216.1186, 271.3191, 226.2805]","[1108, 899, 1132, 944]","[1110, 905, 1130, 934]",262,29,20,LATIN_UPPER_OR_DIGIT,24,ABOVE,ADVISORY_ONLY_UNLESS_ACTUALLY_UNREADABLE_OR_WRONG,False,False,0,machine/masks/glyph/glyph_0111_u0030.png,review/glyph_contact_sheet_010.png,3
T0112,glyph_0112_u1D440.png,TEXT,𝑀,U+1D440,STIXTwoMath-Regular,11.9552,"[31, 35, 40]",LEFT_B15_L03_FORMULA,FORMULA,LEFT,,,,"[104.739, 230.9072, 115.128, 242.8624]","[435, 961, 481, 1013]","[435, 967, 481, 1000]",590,33,46,LATIN_GREEK_LOWER_OR_MATH_ALPHA,17,ABOVE,ADVISORY_ONLY_UNLESS_ACTUALLY_UNREADABLE_OR_WRONG,False,False,0,machine/masks/glyph/glyph_0112_u1D440.png,review/glyph_contact_sheet_010.png,4
T0113,glyph_0113_u2236.png,TEXT,∶,U+2236,STIXTwoMath-Regular,11.457,"[31, 35, 40]",LEFT_B15_L03_FORMULA,FORMULA,LEFT,,,,"[115.128, 234.5058, 121.12, 245.9628]","[478, 976, 506, 1026]","[488, 1007, 495, 1014]",39,7,7,MATH_OPERATOR_OR_BASELINE,22,BELOW,ADVISORY_ONLY_UNLESS_ACTUALLY_UNREADABLE_OR_WRONG,False,False,0,machine/masks/glyph/glyph_0113_u2236.png,review/glyph_contact_sheet_010.png,5
T0114,glyph_0114_u1D457.png,TEXT,𝑗,U+1D457,STIXTwoMath-Regular,11.457,"[31, 35, 40]",LEFT_B15_L03_FORMULA,FORMULA,LEFT,,,,"[121.12, 234.5058, 126.058, 245.9628]","[503, 976, 527, 1026]","[505, 981, 524, 1024]",214,43,19,LATIN_GREEK_LOWER_OR_MATH_ALPHA,17,ABOVE,ADVISORY_ONLY_UNLESS_ACTUALLY_UNREADABLE_OR_WRONG,False,False,0,machine/masks/glyph/glyph_0114_u1D457.png,review/glyph_contact_sheet_010.png,6
T0115,glyph_0115_u003D.png,TEXT,=,U+003D,STIXTwoMath-Regular,11.9552,"[31, 35, 40]",LEFT_B15_L03_FORMULA,FORMULA,LEFT,,,,"[130.086, 230.9072, 138.6937, 242.8624]","[541, 961, 579, 1013]","[545, 980, 575, 994]",240,14,30,MATH_OPERATOR_OR_BASELINE,22,BELOW,ADVISORY_ONLY_UNLESS_ACTUALLY_UNREADABLE_OR_WRONG,False,False,0,machine/masks/glyph/glyph_0115_u003D.png,review/glyph_contact_sheet_010.png,7
T0116,glyph_0116_u1D434.png,TEXT,𝐴,U+1D434,STIXTwoMath-Regular,11.9552,"[31, 35, 40]",LEFT_B15_L03_FORMULA,FORMULA,LEFT,,,,"[142.0053, 230.9072, 150.1468, 242.8624]","[590, 961, 627, 1013]","[590, 967, 624, 1000]",351,33,34,LATIN_GREEK_LOWER_OR_MATH_ALPHA,17,ABOVE,ADVISORY_ONLY_UNLESS_ACTUALLY_UNREADABLE_OR_WRONG,False,False,0,machine/masks/glyph/glyph_0116_u1D434.png,review/glyph_contact_sheet_010.png,8
T0117,glyph_0117_u2236.png,TEXT,∶,U+2236,STIXTwoMath-Regular,11.457,"[31, 35, 40]",LEFT_B15_L03_FORMULA,FORMULA,LEFT,,,,"[150.156, 234.5058, 156.148, 245.9628]","[624, 976, 652, 1026]","[634, 1007, 641, 1014]",39,7,7,MATH_OPERATOR_OR_BASELINE,22,BELOW,ADVISORY_ONLY_UNLESS_ACTUALLY_UNREADABLE_OR_WRONG,False,False,0,machine/masks/glyph/glyph_0117_u2236.png,review/glyph_contact_sheet_010.png,9
T0118,glyph_0118_u1D457.png,TEXT,𝑗,U+1D457,STIXTwoMath-Regular,11.457,"[31, 35, 40]",LEFT_B15_L03_FORMULA,FORMULA,LEFT,,,,"[156.148, 234.5058, 161.086, 245.9628]","[649, 976, 673, 1026]","[651, 981, 670, 1024]",214,43,19,LATIN_GREEK_LOWER_OR_MATH_ALPHA,17,ABOVE,ADVISORY_ONLY_UNLESS_ACTUALLY_UNREADABLE_OR_WRONG,False,False,0,machine/masks/glyph/glyph_0118_u1D457.png,review/glyph_contact_sheet_010.png,10
T0119,glyph_0119_u002F.png,TEXT,/,U+002F,STIXTwoMath-Regular,11.9552,"[31, 35, 40]",LEFT_B15_L03_FORMULA,FORMULA,LEFT,,,,"[161.794, 230.9072, 166.4087, 242.8624]","[673, 961, 695, 1013]","[676, 964, 692, 1005]",147,41,16,MATH_OPERATOR_OR_BASELINE,22,ABOVE,ADVISORY_ONLY_UNLESS_ACTUALLY_UNREADABLE_OR_WRONG,False,False,0,machine/masks/glyph/glyph_0119_u002F.png,review/glyph_contact_sheet_010.png,11
T0120,glyph_0120_u1D450.png,TEXT,𝑐,U+1D450,STIXTwoMath-Regular,11.9552,"[31, 35, 40]",LEFT_B15_L03_FORMULA,FORMULA,LEFT,,,,"[166.4087, 230.9072, 171.3582, 242.8624]","[692, 961, 715, 1013]","[694, 976, 708, 1001]",149,25,14,LATIN_GREEK_LOWER_OR_MATH_ALPHA,17,ABOVE,ADVISORY_ONLY_UNLESS_ACTUALLY_UNREADABLE_OR_WRONG,False,False,0,machine/masks/glyph/glyph_0120_u1D450.png,review/glyph_contact_sheet_010.png,12
T0121,glyph_0121_u1D457.png,TEXT,𝑗,U+1D457,STIXTwoMath-Regular,11.457,"[31, 35, 40]",LEFT_B15_L03_FORMULA,FORMULA,LEFT,,,,"[170.245, 234.5058, 175.183, 245.9628]","[708, 976, 731, 1026]","[708, 976, 728, 1024]",221,48,20,LATIN_GREEK_LOWER_OR_MATH_ALPHA,17,ABOVE,ADVISORY_ONLY_UNLESS_ACTUALLY_UNREADABLE_OR_WRONG,False,False,0,machine/masks/glyph/glyph_0121_u1D457.png,review/glyph_contact_sheet_011.png,1
T0122,glyph_0122_u0031.png,TEXT,1,U+0031,XITSMath-Bold,11.9552,"[31, 35, 40]",LEFT_B15_L04_FORMULA,FORMULA,LEFT,,,,"[227.156, 241.7266, 233.1336, 253.6818]","[945, 1006, 973, 1059]","[949, 1010, 968, 1045]",309,35,19,LATIN_UPPER_OR_DIGIT,24,ABOVE,ADVISORY_ONLY_UNLESS_ACTUALLY_UNREADABLE_OR_WRONG,False,False,0,machine/masks/glyph/glyph_0122_u0031.png,review/glyph_contact_sheet_011.png,2
T0123,glyph_0123_u0054.png,TEXT,T,U+0054,TeXGyreHeros-Regular,11.457,"[31, 35, 40]",LEFT_B15_L04_FORMULA,FORMULA,LEFT,,,,"[233.134, 232.0653, 240.1342, 248.4718]","[970, 965, 1002, 1037]","[972, 987, 1000, 1022]",289,35,28,LATIN_UPPER_OR_DIGIT,24,ABOVE,ADVISORY_ONLY_UNLESS_ACTUALLY_UNREADABLE_OR_WRONG,False,False,0,machine/masks/glyph/glyph_0123_u0054.png,review/glyph_contact_sheet_011.png,3
T0124,glyph_0124_u1D440.png,TEXT,𝑀,U+1D440,STIXTwoMath-Regular,11.9552,"[31, 35, 40]",LEFT_B15_L04_FORMULA,FORMULA,LEFT,,,,"[240.612, 241.5832, 251.001, 253.5383]","[1001, 1005, 1047, 1058]","[1002, 1012, 1047, 1045]",588,33,45,LATIN_GREEK_LOWER_OR_MATH_ALPHA,17,ABOVE,ADVISORY_ONLY_UNLESS_ACTUALLY_UNREADABLE_OR_WRONG,False,False,0,machine/masks/glyph/glyph_0124_u1D440.png,review/glyph_contact_sheet_011.png,4
T0125,glyph_0125_u003D.png,TEXT,=,U+003D,STIXTwoMath-Regular,11.9552,"[31, 35, 40]",LEFT_B15_L04_FORMULA,FORMULA,LEFT,,,,"[254.8506, 241.5832, 263.4583, 253.5383]","[1060, 1005, 1099, 1058]","[1065, 1025, 1095, 1039]",240,14,30,MATH_OPERATOR_OR_BASELINE,22,BELOW,ADVISORY_ONLY_UNLESS_ACTUALLY_UNREADABLE_OR_WRONG,False,False,0,machine/masks/glyph/glyph_0125_u003D.png,review/glyph_contact_sheet_011.png,5
T0126,glyph_0126_u0031.png,TEXT,1,U+0031,XITSMath-Bold,11.9552,"[31, 35, 40]",LEFT_B15_L04_FORMULA,FORMULA,LEFT,,,,"[266.789, 241.7266, 272.7666, 253.6818]","[1110, 1006, 1138, 1059]","[1115, 1010, 1134, 1045]",309,35,19,LATIN_UPPER_OR_DIGIT,24,ABOVE,ADVISORY_ONLY_UNLESS_ACTUALLY_UNREADABLE_OR_WRONG,False,False,0,machine/masks/glyph/glyph_0126_u0031.png,review/glyph_contact_sheet_011.png,6
T0127,glyph_0127_u0054.png,TEXT,T,U+0054,TeXGyreHeros-Regular,11.457,"[31, 35, 40]",LEFT_B15_L04_FORMULA,FORMULA,LEFT,,,,"[272.766, 232.0653, 279.7662, 248.4718]","[1135, 965, 1167, 1037]","[1137, 987, 1165, 1022]",289,35,28,LATIN_UPPER_OR_DIGIT,24,ABOVE,ADVISORY_ONLY_UNLESS_ACTUALLY_UNREADABLE_OR_WRONG,False,False,0,machine/masks/glyph/glyph_0127_u0054.png,review/glyph_contact_sheet_011.png,7
T0128,glyph_0128_u1D45D.png,TEXT,𝑝,U+1D45D,XITSMath-Bold,11.9552,"[31, 35, 40]",LEFT_B15_L05_FORMULA,FORMULA,LEFT,,,,"[145.241, 251.2946, 152.0674, 263.2498]","[604, 1046, 635, 1098]","[604, 1060, 632, 1095]",425,35,28,LATIN_GREEK_LOWER_OR_MATH_ALPHA,17,ABOVE,ADVISORY_ONLY_UNLESS_ACTUALLY_UNREADABLE_OR_WRONG,False,False,0,machine/masks/glyph/glyph_0128_u1D45D.png,review/glyph_contact_sheet_011.png,8
T0129,glyph_0129_u0028.png,TEXT,(,U+0028,STIXTwoMath-Regular,11.457,"[31, 35, 40]",LEFT_B15_L05_FORMULA,FORMULA,LEFT,,,,"[152.068, 247.2268, 156.1582, 258.6838]","[632, 1029, 652, 1079]","[635, 1031, 649, 1076]",189,45,14,GENERAL_VISIBLE,17,ABOVE,ADVISORY_ONLY_UNLESS_ACTUALLY_UNREADABLE_OR_WRONG,False,False,0,machine/masks/glyph/glyph_0129_u0028.png,review/glyph_contact_sheet_011.png,9
T0130,glyph_0130_u1D461.png,TEXT,𝑡,U+1D461,STIXTwoMath-Regular,11.457,"[31, 35, 40]",LEFT_B15_L05_FORMULA,FORMULA,LEFT,,,,"[156.1582, 247.2268, 160.0306, 258.6838]","[649, 1029, 668, 1079]","[653, 1037, 666, 1067]",170,30,13,LATIN_GREEK_LOWER_OR_MATH_ALPHA,17,ABOVE,ADVISORY_ONLY_UNLESS_ACTUALLY_UNREADABLE_OR_WRONG,False,False,0,machine/masks/glyph/glyph_0130_u1D461.png,review/glyph_contact_sheet_011.png,10
T0131,glyph_0131_u002B.png,TEXT,+,U+002B,STIXTwoMath-Regular,11.457,"[31, 35, 40]",LEFT_B15_L05_FORMULA,FORMULA,LEFT,,,,"[160.2025, 247.2268, 168.4516, 258.6838]","[666, 1029, 703, 1079]","[670, 1039, 699, 1068]",216,29,29,MATH_OPERATOR_OR_BASELINE,22,ABOVE,ADVISORY_ONLY_UNLESS_ACTUALLY_UNREADABLE_OR_WRONG,False,False,0,machine/masks/glyph/glyph_0131_u002B.png,review/glyph_contact_sheet_011.png,11
T0132,glyph_0132_u0031.png,TEXT,1,U+0031,STIXTwoMath-Regular,11.457,"[31, 35, 40]",LEFT_B15_L05_FORMULA,FORMULA,LEFT,,,,"[168.4516, 247.2268, 174.1228, 258.6838]","[700, 1029, 727, 1079]","[705, 1035, 723, 1066]",204,31,18,LATIN_UPPER_OR_DIGIT,24,ABOVE,ADVISORY_ONLY_UNLESS_ACTUALLY_UNREADABLE_OR_WRONG,False,False,0,machine/masks/glyph/glyph_0132_u0031.png,review/glyph_contact_sheet_011.png,12
T0133,glyph_0133_u0029.png,TEXT,),U+0029,STIXTwoMath-Regular,11.457,"[31, 35, 40]",LEFT_B15_L05_FORMULA,FORMULA,LEFT,,,,"[174.1228, 247.2268, 178.213, 258.6838]","[724, 1029, 744, 1079]","[727, 1031, 741, 1076]",189,45,14,GENERAL_VISIBLE,17,ABOVE,ADVISORY_ONLY_UNLESS_ACTUALLY_UNREADABLE_OR_WRONG,False,False,0,machine/masks/glyph/glyph_0133_u0029.png,review/glyph_contact_sheet_012.png,1
T0134,glyph_0134_u003D.png,TEXT,=,U+003D,STIXTwoMath-Regular,11.9552,"[31, 35, 40]",LEFT_B15_L05_FORMULA,FORMULA,LEFT,,,,"[182.012, 251.1512, 190.6197, 263.1063]","[757, 1045, 796, 1098]","[761, 1064, 791, 1078]",240,14,30,MATH_OPERATOR_OR_BASELINE,22,BELOW,ADVISORY_ONLY_UNLESS_ACTUALLY_UNREADABLE_OR_WRONG,False,False,0,machine/masks/glyph/glyph_0134_u003D.png,review/glyph_contact_sheet_012.png,2
T0135,glyph_0135_u1D440.png,TEXT,𝑀,U+1D440,STIXTwoMath-Regular,11.9552,"[31, 35, 40]",LEFT_B15_L05_FORMULA,FORMULA,LEFT,,,,"[193.9313, 251.1512, 204.3203, 263.1063]","[807, 1045, 853, 1098]","[807, 1051, 852, 1084]",588,33,45,LATIN_GREEK_LOWER_OR_MATH_ALPHA,17,ABOVE,ADVISORY_ONLY_UNLESS_ACTUALLY_UNREADABLE_OR_WRONG,False,False,0,machine/masks/glyph/glyph_0135_u1D440.png,review/glyph_contact_sheet_012.png,3
T0136,glyph_0136_u1D45D.png,TEXT,𝑝,U+1D45D,XITSMath-Bold,11.9552,"[31, 35, 40]",LEFT_B15_L05_FORMULA,FORMULA,LEFT,,,,"[204.867, 251.2946, 211.6934, 263.2498]","[852, 1046, 884, 1098]","[852, 1060, 881, 1095]",427,35,29,LATIN_GREEK_LOWER_OR_MATH_ALPHA,17,ABOVE,ADVISORY_ONLY_UNLESS_ACTUALLY_UNREADABLE_OR_WRONG,False,False,0,machine/masks/glyph/glyph_0136_u1D45D.png,review/glyph_contact_sheet_012.png,4
T0137,glyph_0137_u0028.png,TEXT,(,U+0028,STIXTwoMath-Regular,11.457,"[31, 35, 40]",LEFT_B15_L05_FORMULA,FORMULA,LEFT,,,,"[211.694, 247.2268, 215.7842, 258.6838]","[881, 1029, 901, 1079]","[884, 1031, 898, 1076]",191,45,14,GENERAL_VISIBLE,17,ABOVE,ADVISORY_ONLY_UNLESS_ACTUALLY_UNREADABLE_OR_WRONG,False,False,0,machine/masks/glyph/glyph_0137_u0028.png,review/glyph_contact_sheet_012.png,5
T0138,glyph_0138_u1D461.png,TEXT,𝑡,U+1D461,STIXTwoMath-Regular,11.457,"[31, 35, 40]",LEFT_B15_L05_FORMULA,FORMULA,LEFT,,,,"[215.7842, 247.2268, 219.6566, 258.6838]","[898, 1029, 917, 1079]","[901, 1037, 914, 1067]",170,30,13,LATIN_GREEK_LOWER_OR_MATH_ALPHA,17,ABOVE,ADVISORY_ONLY_UNLESS_ACTUALLY_UNREADABLE_OR_WRONG,False,False,0,machine/masks/glyph/glyph_0138_u1D461.png,review/glyph_contact_sheet_012.png,6
T0139,glyph_0139_u0029.png,TEXT,),U+0029,STIXTwoMath-Regular,11.457,"[31, 35, 40]",LEFT_B15_L05_FORMULA,FORMULA,LEFT,,,,"[219.8285, 247.2268, 223.9187, 258.6838]","[914, 1029, 934, 1079]","[917, 1031, 931, 1076]",189,45,14,GENERAL_VISIBLE,17,ABOVE,ADVISORY_ONLY_UNLESS_ACTUALLY_UNREADABLE_OR_WRONG,False,False,0,machine/masks/glyph/glyph_0139_u0029.png,review/glyph_contact_sheet_012.png,7
T0140,glyph_0140_u540C.png,TEXT,同,U+540C,NotoSerifSC-ExtraLight,9.4645,"[77, 83, 88]",RIGHT_B16_L00_NOTE,NOTE,RIGHT,,,,"[370.245, 90.7724, 379.7095, 100.9089]","[1541, 377, 1584, 422]","[1547, 379, 1579, 413]",385,34,32,CJK_FULL_HEIGHT,30,ABOVE,ADVISORY_ONLY_UNLESS_ACTUALLY_UNREADABLE_OR_WRONG,False,False,0,machine/masks/glyph/glyph_0140_u540C.png,review/glyph_contact_sheet_012.png,8
T0141,glyph_0141_u4E00.png,TEXT,一,U+4E00,NotoSerifSC-ExtraLight,9.4645,"[77, 83, 88]",RIGHT_B16_L00_NOTE,NOTE,RIGHT,,,,"[379.7095, 90.7724, 389.174, 100.9089]","[1581, 377, 1623, 422]","[1584, 390, 1620, 395]",82,5,36,CJK_FULL_HEIGHT,30,BELOW,ADVISORY_ONLY_UNLESS_ACTUALLY_UNREADABLE_OR_WRONG,False,False,0,machine/masks/glyph/glyph_0141_u4E00.png,review/glyph_contact_sheet_012.png,9
T0142,glyph_0142_u7ED3.png,TEXT,结,U+7ED3,NotoSerifSC-ExtraLight,9.4645,"[77, 83, 88]",RIGHT_B16_L00_NOTE,NOTE,RIGHT,,,,"[389.174, 90.7724, 398.6385, 100.9089]","[1620, 377, 1662, 422]","[1623, 377, 1659, 413]",430,36,36,CJK_FULL_HEIGHT,30,ABOVE,ADVISORY_ONLY_UNLESS_ACTUALLY_UNREADABLE_OR_WRONG,False,False,0,machine/masks/glyph/glyph_0142_u7ED3.png,review/glyph_contact_sheet_012.png,10
T0143,glyph_0143_u70B9.png,TEXT,点,U+70B9,NotoSerifSC-ExtraLight,9.4645,"[77, 83, 88]",RIGHT_B16_L00_NOTE,NOTE,RIGHT,,,,"[398.6385, 90.7724, 408.103, 100.9089]","[1659, 377, 1702, 422]","[1663, 377, 1699, 413]",312,36,36,CJK_FULL_HEIGHT,30,ABOVE,ADVISORY_ONLY_UNLESS_ACTUALLY_UNREADABLE_OR_WRONG,False,False,0,machine/masks/glyph/glyph_0143_u70B9.png,review/glyph_contact_sheet_012.png,11
T0144,glyph_0144_u987A.png,TEXT,顺,U+987A,NotoSerifSC-ExtraLight,9.4645,"[77, 83, 88]",RIGHT_B16_L00_NOTE,NOTE,RIGHT,,,,"[408.103, 90.7724, 417.5675, 100.9089]","[1699, 377, 1741, 422]","[1702, 378, 1738, 413]",462,35,36,CJK_FULL_HEIGHT,30,ABOVE,ADVISORY_ONLY_UNLESS_ACTUALLY_UNREADABLE_OR_WRONG,False,False,0,machine/masks/glyph/glyph_0144_u987A.png,review/glyph_contact_sheet_012.png,12
T0145,glyph_0145_u5E8F.png,TEXT,序,U+5E8F,NotoSerifSC-ExtraLight,9.4645,"[77, 83, 88]",RIGHT_B16_L00_NOTE,NOTE,RIGHT,,,,"[417.5675, 90.7724, 427.032, 100.9089]","[1738, 377, 1781, 422]","[1741, 377, 1778, 413]",373,36,37,CJK_FULL_HEIGHT,30,ABOVE,ADVISORY_ONLY_UNLESS_ACTUALLY_UNREADABLE_OR_WRONG,False,False,0,machine/masks/glyph/glyph_0145_u5E8F.png,review/glyph_contact_sheet_013.png,1
T0146,glyph_0146_u0028.png,TEXT,(,U+0028,STIXTwoMath-Regular,9.4645,"[77, 83, 88]",RIGHT_B16_L00_NOTE,NOTE,RIGHT,,,,"[429.256, 91.132, 432.6349, 100.5965]","[1787, 378, 1804, 421]","[1790, 381, 1801, 418]",129,37,11,GENERAL_VISIBLE,17,ABOVE,ADVISORY_ONLY_UNLESS_ACTUALLY_UNREADABLE_OR_WRONG,False,False,0,machine/masks/glyph/glyph_0146_u0028.png,review/glyph_contact_sheet_013.png,2
T0147,glyph_0147_u1D456.png,TEXT,𝑖,U+1D456,STIXTwoMath-Regular,9.4645,"[77, 83, 88]",RIGHT_B16_L00_NOTE,NOTE,RIGHT,,,,"[432.6349, 91.132, 435.2281, 100.5965]","[1801, 378, 1815, 421]","[1804, 383, 1813, 411]",112,28,9,LATIN_GREEK_LOWER_OR_MATH_ALPHA,17,ABOVE,ADVISORY_ONLY_UNLESS_ACTUALLY_UNREADABLE_OR_WRONG,False,False,0,machine/masks/glyph/glyph_0147_u1D456.png,review/glyph_contact_sheet_013.png,3
T0148,glyph_0148_u002C.png,TEXT,",",U+002C,STIXTwoMath-Regular,9.4645,"[77, 83, 88]",RIGHT_B16_L00_NOTE,NOTE,RIGHT,,,,"[435.4174, 91.132, 437.7362, 100.5965]","[1813, 378, 1825, 421]","[1816, 405, 1822, 415]",40,10,6,LOW_PROFILE_PUNCTUATION,0,CALIBRATION_REQUIRED,ADVISORY_ONLY_UNLESS_ACTUALLY_UNREADABLE_OR_WRONG,False,False,0,machine/masks/glyph/glyph_0148_u002C.png,review/glyph_contact_sheet_013.png,4
T0149,glyph_0149_u1D457.png,TEXT,𝑗,U+1D457,STIXTwoMath-Regular,9.4645,"[77, 83, 88]",RIGHT_B16_L00_NOTE,NOTE,RIGHT,,,,"[439.3073, 91.132, 443.3865, 100.5965]","[1829, 378, 1849, 421]","[1831, 383, 1847, 419]",148,36,16,LATIN_GREEK_LOWER_OR_MATH_ALPHA,17,ABOVE,ADVISORY_ONLY_UNLESS_ACTUALLY_UNREADABLE_OR_WRONG,False,False,0,machine/masks/glyph/glyph_0149_u1D457.png,review/glyph_contact_sheet_013.png,5
T0150,glyph_0150_u002C.png,TEXT,",",U+002C,STIXTwoMath-Regular,9.4645,"[77, 83, 88]",RIGHT_B16_L00_NOTE,NOTE,RIGHT,,,,"[443.5758, 91.132, 445.8947, 100.5965]","[1847, 378, 1859, 421]","[1850, 405, 1856, 415]",40,10,6,LOW_PROFILE_PUNCTUATION,0,CALIBRATION_REQUIRED,ADVISORY_ONLY_UNLESS_ACTUALLY_UNREADABLE_OR_WRONG,False,False,0,machine/masks/glyph/glyph_0150_u002C.png,review/glyph_contact_sheet_013.png,6
T0151,glyph_0151_u210E.png,TEXT,ℎ,U+210E,STIXTwoMath-Regular,9.4645,"[77, 83, 88]",RIGHT_B16_L00_NOTE,NOTE,RIGHT,,,,"[447.4752, 91.132, 452.8605, 100.5965]","[1863, 378, 1888, 421]","[1866, 382, 1886, 411]",238,29,20,GENERAL_VISIBLE,17,ABOVE,ADVISORY_ONLY_UNLESS_ACTUALLY_UNREADABLE_OR_WRONG,False,False,0,machine/masks/glyph/glyph_0151_u210E.png,review/glyph_contact_sheet_013.png,7
T0152,glyph_0152_u0029.png,TEXT,),U+0029,STIXTwoMath-Regular,9.4645,"[77, 83, 88]",RIGHT_B16_L00_NOTE,NOTE,RIGHT,,,,"[452.9552, 91.132, 456.334, 100.5965]","[1886, 378, 1903, 421]","[1889, 381, 1900, 418]",131,37,11,GENERAL_VISIBLE,17,ABOVE,ADVISORY_ONLY_UNLESS_ACTUALLY_UNREADABLE_OR_WRONG,False,False,0,machine/masks/glyph/glyph_0152_u0029.png,review/glyph_contact_sheet_013.png,8
T0153,glyph_0153_u1D443.png,TEXT,𝑃,U+1D443,STIXTwoMath-Regular,11.9552,"[31, 35, 40]",RIGHT_B17_L00_FORMULA,FORMULA,RIGHT,,,,"[355.391, 123.7942, 362.1935, 135.7493]","[1479, 514, 1511, 567]","[1480, 521, 1510, 554]",346,33,30,LATIN_GREEK_LOWER_OR_MATH_ALPHA,17,ABOVE,ADVISORY_ONLY_UNLESS_ACTUALLY_UNREADABLE_OR_WRONG,False,False,0,machine/masks/glyph/glyph_0153_u1D443.png,review/glyph_contact_sheet_013.png,9
T0154,glyph_0154_u003D.png,TEXT,=,U+003D,STIXTwoMath-Regular,11.9552,"[31, 35, 40]",RIGHT_B17_L00_FORMULA,FORMULA,RIGHT,,,,"[365.9235, 123.7942, 374.5312, 135.7493]","[1523, 514, 1562, 567]","[1528, 534, 1558, 548]",240,14,30,MATH_OPERATOR_OR_BASELINE,22,BELOW,ADVISORY_ONLY_UNLESS_ACTUALLY_UNREADABLE_OR_WRONG,False,False,0,machine/masks/glyph/glyph_0154_u003D.png,review/glyph_contact_sheet_013.png,10
T0155,glyph_0155_u0030.png,TEXT,0,U+0030,STIXTwoMath-Regular,10.1619,"[31, 35, 40]",RIGHT_B18_L00_NOTE,NOTE,RIGHT,,,,"[391.988, 107.8907, 397.0181, 118.0526]","[1632, 448, 1656, 493]","[1634, 454, 1654, 483]",262,29,20,LATIN_UPPER_OR_DIGIT,24,ABOVE,ADVISORY_ONLY_UNLESS_ACTUALLY_UNREADABLE_OR_WRONG,False,False,0,machine/masks/glyph/glyph_0155_u0030.png,review/glyph_contact_sheet_013.png,11
T0156,glyph_0156_u0031.png,TEXT,1,U+0031,STIXTwoMath-Regular,10.1619,"[31, 35, 40]",RIGHT_B18_L01_NOTE,NOTE,RIGHT,,,,"[410.776, 107.8907, 415.8061, 118.0526]","[1710, 448, 1734, 493]","[1714, 455, 1730, 482]",150,27,16,LATIN_UPPER_OR_DIGIT,24,ABOVE,ADVISORY_ONLY_UNLESS_ACTUALLY_UNREADABLE_OR_WRONG,False,False,0,machine/masks/glyph/glyph_0156_u0031.png,review/glyph_contact_sheet_013.png,12
T0157,glyph_0157_u0030.png,TEXT,0,U+0030,STIXTwoMath-Regular,10.1619,"[31, 35, 40]",RIGHT_B18_L02_NOTE,NOTE,RIGHT,,,,"[429.565, 107.8907, 434.5951, 118.0526]","[1788, 448, 1812, 493]","[1791, 454, 1810, 483]",261,29,19,LATIN_UPPER_OR_DIGIT,24,ABOVE,ADVISORY_ONLY_UNLESS_ACTUALLY_UNREADABLE_OR_WRONG,False,False,0,machine/masks/glyph/glyph_0157_u0030.png,review/glyph_contact_sheet_014.png,1
T0158,glyph_0158_u0031.png,TEXT,1,U+0031,STIXTwoMath-Regular,10.1619,"[31, 35, 40]",RIGHT_B19_L00_NOTE,NOTE,RIGHT,,,,"[387.512, 124.4117, 392.5421, 134.5736]","[1613, 517, 1637, 562]","[1617, 524, 1633, 551]",150,27,16,LATIN_UPPER_OR_DIGIT,24,ABOVE,ADVISORY_ONLY_UNLESS_ACTUALLY_UNREADABLE_OR_WRONG,False,False,0,machine/masks/glyph/glyph_0158_u0031.png,review/glyph_contact_sheet_014.png,2
T0159,glyph_0159_u002F.png,TEXT,/,U+002F,STIXTwoMath-Regular,10.1619,"[31, 35, 40]",RIGHT_B19_L00_NOTE,NOTE,RIGHT,,,,"[392.5421, 124.4117, 396.4646, 134.5736]","[1634, 517, 1653, 562]","[1637, 521, 1650, 555]",106,34,13,MATH_OPERATOR_OR_BASELINE,22,ABOVE,ADVISORY_ONLY_UNLESS_ACTUALLY_UNREADABLE_OR_WRONG,False,False,0,machine/masks/glyph/glyph_0159_u002F.png,review/glyph_contact_sheet_014.png,3
T0160,glyph_0160_u0032.png,TEXT,2,U+0032,STIXTwoMath-Regular,10.1619,"[31, 35, 40]",RIGHT_B19_L00_NOTE,NOTE,RIGHT,,,,"[396.4646, 124.4117, 401.4948, 134.5736]","[1650, 517, 1674, 562]","[1653, 523, 1672, 551]",212,28,19,LATIN_UPPER_OR_DIGIT,24,ABOVE,ADVISORY_ONLY_UNLESS_ACTUALLY_UNREADABLE_OR_WRONG,False,False,0,machine/masks/glyph/glyph_0160_u0032.png,review/glyph_contact_sheet_014.png,4
T0161,glyph_0161_u0030.png,TEXT,0,U+0030,STIXTwoMath-Regular,10.1619,"[31, 35, 40]",RIGHT_B19_L01_NOTE,NOTE,RIGHT,,,,"[410.776, 124.4117, 415.8061, 134.5736]","[1710, 517, 1734, 562]","[1712, 523, 1732, 552]",262,29,20,LATIN_UPPER_OR_DIGIT,24,ABOVE,ADVISORY_ONLY_UNLESS_ACTUALLY_UNREADABLE_OR_WRONG,False,False,0,machine/masks/glyph/glyph_0161_u0030.png,review/glyph_contact_sheet_014.png,5
T0162,glyph_0162_u0031.png,TEXT,1,U+0031,STIXTwoMath-Regular,10.1619,"[31, 35, 40]",RIGHT_B19_L02_NOTE,NOTE,RIGHT,,,,"[425.088, 124.4117, 430.1181, 134.5736]","[1770, 517, 1794, 562]","[1774, 524, 1789, 551]",168,27,15,LATIN_UPPER_OR_DIGIT,24,ABOVE,ADVISORY_ONLY_UNLESS_ACTUALLY_UNREADABLE_OR_WRONG,False,False,0,machine/masks/glyph/glyph_0162_u0031.png,review/glyph_contact_sheet_014.png,6
T0163,glyph_0163_u002F.png,TEXT,/,U+002F,STIXTwoMath-Regular,10.1619,"[31, 35, 40]",RIGHT_B19_L02_NOTE,NOTE,RIGHT,,,,"[430.1181, 124.4117, 434.0406, 134.5736]","[1791, 517, 1810, 562]","[1793, 521, 1807, 555]",111,34,14,MATH_OPERATOR_OR_BASELINE,22,ABOVE,ADVISORY_ONLY_UNLESS_ACTUALLY_UNREADABLE_OR_WRONG,False,False,0,machine/masks/glyph/glyph_0163_u002F.png,review/glyph_contact_sheet_014.png,7
T0164,glyph_0164_u0032.png,TEXT,2,U+0032,STIXTwoMath-Regular,10.1619,"[31, 35, 40]",RIGHT_B19_L02_NOTE,NOTE,RIGHT,,,,"[434.0406, 124.4117, 439.0707, 134.5736]","[1807, 517, 1831, 562]","[1810, 523, 1828, 551]",208,28,18,LATIN_UPPER_OR_DIGIT,24,ABOVE,ADVISORY_ONLY_UNLESS_ACTUALLY_UNREADABLE_OR_WRONG,False,False,0,machine/masks/glyph/glyph_0164_u0032.png,review/glyph_contact_sheet_014.png,8
T0165,glyph_0165_u0031.png,TEXT,1,U+0031,STIXTwoMath-Regular,10.1619,"[31, 35, 40]",RIGHT_B20_L00_NOTE,NOTE,RIGHT,,,,"[391.988, 141.0287, 397.0181, 151.1906]","[1632, 586, 1656, 631]","[1636, 593, 1652, 620]",150,27,16,LATIN_UPPER_OR_DIGIT,24,ABOVE,ADVISORY_ONLY_UNLESS_ACTUALLY_UNREADABLE_OR_WRONG,False,False,0,machine/masks/glyph/glyph_0165_u0031.png,review/glyph_contact_sheet_014.png,9
T0166,glyph_0166_u0030.png,TEXT,0,U+0030,STIXTwoMath-Regular,10.1619,"[31, 35, 40]",RIGHT_B20_L01_NOTE,NOTE,RIGHT,,,,"[410.776, 141.0287, 415.8061, 151.1906]","[1710, 586, 1734, 631]","[1712, 592, 1732, 621]",262,29,20,LATIN_UPPER_OR_DIGIT,24,ABOVE,ADVISORY_ONLY_UNLESS_ACTUALLY_UNREADABLE_OR_WRONG,False,False,0,machine/masks/glyph/glyph_0166_u0030.png,review/glyph_contact_sheet_014.png,10
T0167,glyph_0167_u0030.png,TEXT,0,U+0030,STIXTwoMath-Regular,10.1619,"[31, 35, 40]",RIGHT_B20_L02_NOTE,NOTE,RIGHT,,,,"[429.565, 141.0287, 434.5951, 151.1906]","[1788, 586, 1812, 631]","[1791, 592, 1810, 621]",261,29,19,LATIN_UPPER_OR_DIGIT,24,ABOVE,ADVISORY_ONLY_UNLESS_ACTUALLY_UNREADABLE_OR_WRONG,False,False,0,machine/masks/glyph/glyph_0167_u0030.png,review/glyph_contact_sheet_014.png,11
T0168,glyph_0168_u1D443.png,TEXT,𝑃,U+1D443,STIXTwoMath-Regular,11.9552,"[31, 35, 40]",RIGHT_B21_L00_FORMULA,FORMULA,RIGHT,,,,"[392.853, 165.0292, 399.6555, 176.9844]","[1635, 686, 1667, 739]","[1636, 693, 1666, 726]",346,33,30,LATIN_GREEK_LOWER_OR_MATH_ALPHA,17,ABOVE,ADVISORY_ONLY_UNLESS_ACTUALLY_UNREADABLE_OR_WRONG,False,False,0,machine/masks/glyph/glyph_0168_u1D443.png,review/glyph_contact_sheet_014.png,12
T0169,glyph_0169_u003D.png,TEXT,=,U+003D,STIXTwoMath-Regular,11.9552,"[31, 35, 40]",RIGHT_B21_L00_FORMULA,FORMULA,RIGHT,,,,"[403.3855, 165.0292, 411.9932, 176.9844]","[1679, 686, 1718, 739]","[1684, 706, 1714, 720]",240,14,30,MATH_OPERATOR_OR_BASELINE,22,BELOW,ADVISORY_ONLY_UNLESS_ACTUALLY_UNREADABLE_OR_WRONG,False,False,0,machine/masks/glyph/glyph_0169_u003D.png,review/glyph_contact_sheet_015.png,1
T0170,glyph_0170_u1D440.png,TEXT,𝑀,U+1D440,STIXTwoMath-Regular,11.9552,"[31, 35, 40]",RIGHT_B21_L00_FORMULA,FORMULA,RIGHT,,,,"[415.3168, 165.0292, 425.7058, 176.9844]","[1729, 686, 1775, 739]","[1729, 693, 1775, 726]",590,33,46,LATIN_GREEK_LOWER_OR_MATH_ALPHA,17,ABOVE,ADVISORY_ONLY_UNLESS_ACTUALLY_UNREADABLE_OR_WRONG,False,False,0,machine/masks/glyph/glyph_0170_u1D440.png,review/glyph_contact_sheet_015.png,2
T0171,glyph_0171_u0054.png,TEXT,T,U+0054,TeXGyreHeros-Regular,11.457,"[31, 35, 40]",RIGHT_B21_L00_FORMULA,FORMULA,RIGHT,,,,"[426.251, 156.6823, 433.2513, 173.0888]","[1775, 651, 1807, 723]","[1777, 673, 1805, 708]",289,35,28,LATIN_UPPER_OR_DIGIT,24,ABOVE,ADVISORY_ONLY_UNLESS_ACTUALLY_UNREADABLE_OR_WRONG,False,False,0,machine/masks/glyph/glyph_0171_u0054.png,review/glyph_contact_sheet_015.png,3
T0172,glyph_0172_u1D443.png,TEXT,𝑃,U+1D443,STIXTwoMath-Regular,11.9552,"[31, 35, 40]",RIGHT_B22_L00_FORMULA,FORMULA,RIGHT,,,,"[389.295, 178.7222, 396.0975, 190.6774]","[1621, 743, 1652, 796]","[1621, 750, 1651, 783]",287,33,30,LATIN_GREEK_LOWER_OR_MATH_ALPHA,17,ABOVE,ADVISORY_ONLY_UNLESS_ACTUALLY_UNREADABLE_OR_WRONG,False,False,0,machine/masks/glyph/glyph_0172_u1D443.png,review/glyph_contact_sheet_015.png,4
T0173,glyph_0173_u1D457.png,TEXT,𝑗,U+1D457,STIXTwoMath-Regular,11.457,"[31, 35, 40]",RIGHT_B22_L00_FORMULA,FORMULA,RIGHT,,,,"[393.622, 182.3208, 398.56, 193.7778]","[1639, 758, 1662, 809]","[1639, 758, 1658, 807]",245,49,19,LATIN_GREEK_LOWER_OR_MATH_ALPHA,17,ABOVE,ADVISORY_ONLY_UNLESS_ACTUALLY_UNREADABLE_OR_WRONG,False,False,0,machine/masks/glyph/glyph_0173_u1D457.png,review/glyph_contact_sheet_015.png,5
T0174,glyph_0174_u1D456.png,TEXT,𝑖,U+1D456,STIXTwoMath-Regular,11.457,"[31, 35, 40]",RIGHT_B22_L00_FORMULA,FORMULA,RIGHT,,,,"[398.7891, 182.3208, 401.9283, 193.7778]","[1660, 758, 1676, 809]","[1664, 764, 1674, 797]",161,33,10,LATIN_GREEK_LOWER_OR_MATH_ALPHA,17,ABOVE,ADVISORY_ONLY_UNLESS_ACTUALLY_UNREADABLE_OR_WRONG,False,False,0,machine/masks/glyph/glyph_0174_u1D456.png,review/glyph_contact_sheet_015.png,6
T0175,glyph_0175_u003D.png,TEXT,=,U+003D,STIXTwoMath-Regular,11.9552,"[31, 35, 40]",RIGHT_B22_L00_FORMULA,FORMULA,RIGHT,,,,"[405.956, 178.7222, 414.5637, 190.6774]","[1690, 743, 1729, 796]","[1694, 763, 1724, 777]",240,14,30,MATH_OPERATOR_OR_BASELINE,22,BELOW,ADVISORY_ONLY_UNLESS_ACTUALLY_UNREADABLE_OR_WRONG,False,False,0,machine/masks/glyph/glyph_0175_u003D.png,review/glyph_contact_sheet_015.png,7
T0176,glyph_0176_u1D440.png,TEXT,𝑀,U+1D440,STIXTwoMath-Regular,11.9552,"[31, 35, 40]",RIGHT_B22_L00_FORMULA,FORMULA,RIGHT,,,,"[417.8753, 178.7222, 428.2643, 190.6774]","[1740, 743, 1786, 796]","[1740, 750, 1786, 783]",590,33,46,LATIN_GREEK_LOWER_OR_MATH_ALPHA,17,ABOVE,ADVISORY_ONLY_UNLESS_ACTUALLY_UNREADABLE_OR_WRONG,False,False,0,machine/masks/glyph/glyph_0176_u1D440.png,review/glyph_contact_sheet_015.png,8
T0177,glyph_0177_u1D456.png,TEXT,𝑖,U+1D456,STIXTwoMath-Regular,11.457,"[31, 35, 40]",RIGHT_B22_L00_FORMULA,FORMULA,RIGHT,,,,"[428.274, 182.3208, 431.4132, 193.7778]","[1783, 758, 1799, 809]","[1787, 764, 1797, 797]",161,33,10,LATIN_GREEK_LOWER_OR_MATH_ALPHA,17,ABOVE,ADVISORY_ONLY_UNLESS_ACTUALLY_UNREADABLE_OR_WRONG,False,False,0,machine/masks/glyph/glyph_0177_u1D456.png,review/glyph_contact_sheet_015.png,9
T0178,glyph_0178_u1D457.png,TEXT,𝑗,U+1D457,STIXTwoMath-Regular,11.457,"[31, 35, 40]",RIGHT_B22_L00_FORMULA,FORMULA,RIGHT,,,,"[431.6423, 182.3208, 436.5803, 193.7778]","[1797, 758, 1821, 809]","[1799, 764, 1818, 807]",214,43,19,LATIN_GREEK_LOWER_OR_MATH_ALPHA,17,ABOVE,ADVISORY_ONLY_UNLESS_ACTUALLY_UNREADABLE_OR_WRONG,False,False,0,machine/masks/glyph/glyph_0178_u1D457.png,review/glyph_contact_sheet_015.png,10
T0179,glyph_0179_u003D.png,TEXT,=,U+003D,STIXTwoMath-Regular,11.9552,"[31, 35, 40]",RIGHT_B22_L01_FORMULA,FORMULA,RIGHT,,,,"[353.639, 195.4272, 362.2467, 207.3823]","[1472, 813, 1511, 866]","[1476, 832, 1506, 846]",240,14,30,MATH_OPERATOR_OR_BASELINE,22,BELOW,ADVISORY_ONLY_UNLESS_ACTUALLY_UNREADABLE_OR_WRONG,False,False,0,machine/masks/glyph/glyph_0179_u003D.png,review/glyph_contact_sheet_015.png,11
T0180,glyph_0180_u0050.png,TEXT,P,U+0050,STIXTwoText-Regular,11.9552,"[31, 35, 40]",RIGHT_B22_L01_FORMULA,FORMULA,RIGHT,,,,"[365.567, 195.4272, 372.3694, 207.3823]","[1522, 813, 1553, 866]","[1525, 819, 1550, 852]",364,33,25,LATIN_UPPER_OR_DIGIT,24,ABOVE,ADVISORY_ONLY_UNLESS_ACTUALLY_UNREADABLE_OR_WRONG,False,False,0,machine/masks/glyph/glyph_0180_u0050.png,review/glyph_contact_sheet_015.png,12
T0181,glyph_0181_u0072.png,TEXT,r,U+0072,STIXTwoText-Regular,11.9552,"[31, 35, 40]",RIGHT_B22_L01_FORMULA,FORMULA,RIGHT,,,,"[372.3694, 195.4272, 376.9124, 207.3823]","[1550, 813, 1572, 866]","[1553, 827, 1569, 852]",178,25,16,LATIN_GREEK_LOWER_OR_MATH_ALPHA,17,ABOVE,ADVISORY_ONLY_UNLESS_ACTUALLY_UNREADABLE_OR_WRONG,False,False,0,machine/masks/glyph/glyph_0181_u0072.png,review/glyph_contact_sheet_016.png,1
T0182,glyph_0182_u0028.png,TEXT,(,U+0028,STIXTwoMath-Regular,11.9552,"[31, 35, 40]",RIGHT_B22_L01_FORMULA,FORMULA,RIGHT,,,,"[376.913, 195.4272, 381.181, 207.3823]","[1569, 813, 1590, 866]","[1572, 815, 1587, 862]",210,47,15,GENERAL_VISIBLE,17,ABOVE,ADVISORY_ONLY_UNLESS_ACTUALLY_UNREADABLE_OR_WRONG,False,False,0,machine/masks/glyph/glyph_0182_u0028.png,review/glyph_contact_sheet_016.png,2
T0183,glyph_0183_u1D44B.png,TEXT,𝑋,U+1D44B,STIXTwoMath-Regular,11.9552,"[31, 35, 40]",RIGHT_B22_L01_FORMULA,FORMULA,RIGHT,,,,"[381.181, 195.4272, 388.7964, 207.3823]","[1587, 813, 1621, 866]","[1587, 819, 1621, 852]",378,33,34,LATIN_GREEK_LOWER_OR_MATH_ALPHA,17,ABOVE,ADVISORY_ONLY_UNLESS_ACTUALLY_UNREADABLE_OR_WRONG,False,False,0,machine/masks/glyph/glyph_0183_u1D44B.png,review/glyph_contact_sheet_016.png,3
T0184,glyph_0184_u1D461.png,TEXT,𝑡,U+1D461,STIXTwoMath-Regular,11.457,"[31, 35, 40]",RIGHT_B22_L01_FORMULA,FORMULA,RIGHT,,,,"[388.796, 198.7277, 392.6684, 210.1848]","[1618, 827, 1638, 877]","[1622, 835, 1635, 865]",170,30,13,LATIN_GREEK_LOWER_OR_MATH_ALPHA,17,ABOVE,ADVISORY_ONLY_UNLESS_ACTUALLY_UNREADABLE_OR_WRONG,False,False,0,machine/masks/glyph/glyph_0184_u1D461.png,review/glyph_contact_sheet_016.png,4
T0185,glyph_0185_u002B.png,TEXT,+,U+002B,STIXTwoMath-Regular,11.457,"[31, 35, 40]",RIGHT_B22_L01_FORMULA,FORMULA,RIGHT,,,,"[392.8403, 198.7277, 401.0894, 210.1848]","[1635, 827, 1673, 877]","[1640, 837, 1669, 866]",216,29,29,MATH_OPERATOR_OR_BASELINE,22,ABOVE,ADVISORY_ONLY_UNLESS_ACTUALLY_UNREADABLE_OR_WRONG,False,False,0,machine/masks/glyph/glyph_0185_u002B.png,review/glyph_contact_sheet_016.png,5
T0186,glyph_0186_u0031.png,TEXT,1,U+0031,STIXTwoMath-Regular,11.457,"[31, 35, 40]",RIGHT_B22_L01_FORMULA,FORMULA,RIGHT,,,,"[401.0893, 198.7277, 406.7606, 210.1848]","[1670, 827, 1696, 877]","[1674, 833, 1692, 864]",204,31,18,LATIN_UPPER_OR_DIGIT,24,ABOVE,ADVISORY_ONLY_UNLESS_ACTUALLY_UNREADABLE_OR_WRONG,False,False,0,machine/masks/glyph/glyph_0186_u0031.png,review/glyph_contact_sheet_016.png,6
T0187,glyph_0187_u003D.png,TEXT,=,U+003D,STIXTwoMath-Regular,11.9552,"[31, 35, 40]",RIGHT_B22_L01_FORMULA,FORMULA,RIGHT,,,,"[410.56, 195.4272, 419.1677, 207.3823]","[1709, 813, 1748, 866]","[1714, 832, 1744, 846]",240,14,30,MATH_OPERATOR_OR_BASELINE,22,BELOW,ADVISORY_ONLY_UNLESS_ACTUALLY_UNREADABLE_OR_WRONG,False,False,0,machine/masks/glyph/glyph_0187_u003D.png,review/glyph_contact_sheet_016.png,7
T0188,glyph_0188_u1D456.png,TEXT,𝑖,U+1D456,STIXTwoMath-Regular,11.9552,"[31, 35, 40]",RIGHT_B22_L01_FORMULA,FORMULA,RIGHT,,,,"[422.4793, 195.4272, 425.755, 207.3823]","[1759, 813, 1775, 866]","[1762, 819, 1773, 853]",176,34,11,LATIN_GREEK_LOWER_OR_MATH_ALPHA,17,ABOVE,ADVISORY_ONLY_UNLESS_ACTUALLY_UNREADABLE_OR_WRONG,False,False,0,machine/masks/glyph/glyph_0188_u1D456.png,review/glyph_contact_sheet_016.png,8
T0189,glyph_0189_u2223.png,TEXT,∣,U+2223,STIXTwoMath-Regular,11.9552,"[31, 35, 40]",RIGHT_B22_L01_FORMULA,FORMULA,RIGHT,,,,"[429.3177, 195.4272, 432.5695, 207.3823]","[1787, 813, 1804, 866]","[1794, 816, 1798, 862]",183,46,4,MATH_OPERATOR_OR_BASELINE,22,ABOVE,ADVISORY_ONLY_UNLESS_ACTUALLY_UNREADABLE_OR_WRONG,False,False,0,machine/masks/glyph/glyph_0189_u2223.png,review/glyph_contact_sheet_016.png,9
T0190,glyph_0190_u1D44B.png,TEXT,𝑋,U+1D44B,STIXTwoMath-Regular,11.9552,"[31, 35, 40]",RIGHT_B22_L01_FORMULA,FORMULA,RIGHT,,,,"[435.893, 195.4272, 443.5085, 207.3823]","[1815, 813, 1849, 866]","[1815, 819, 1849, 852]",378,33,34,LATIN_GREEK_LOWER_OR_MATH_ALPHA,17,ABOVE,ADVISORY_ONLY_UNLESS_ACTUALLY_UNREADABLE_OR_WRONG,False,False,0,machine/masks/glyph/glyph_0190_u1D44B.png,review/glyph_contact_sheet_016.png,10
T0191,glyph_0191_u1D461.png,TEXT,𝑡,U+1D461,STIXTwoMath-Regular,11.457,"[31, 35, 40]",RIGHT_B22_L01_FORMULA,FORMULA,RIGHT,,,,"[443.512, 198.3167, 447.3844, 209.7738]","[1846, 825, 1866, 876]","[1850, 834, 1863, 864]",170,30,13,LATIN_GREEK_LOWER_OR_MATH_ALPHA,17,ABOVE,ADVISORY_ONLY_UNLESS_ACTUALLY_UNREADABLE_OR_WRONG,False,False,0,machine/masks/glyph/glyph_0191_u1D461.png,review/glyph_contact_sheet_016.png,11
T0192,glyph_0192_u003D.png,TEXT,=,U+003D,STIXTwoMath-Regular,11.9552,"[31, 35, 40]",RIGHT_B22_L01_FORMULA,FORMULA,RIGHT,,,,"[451.355, 195.4272, 459.9627, 207.3823]","[1879, 813, 1918, 866]","[1884, 832, 1914, 846]",240,14,30,MATH_OPERATOR_OR_BASELINE,22,BELOW,ADVISORY_ONLY_UNLESS_ACTUALLY_UNREADABLE_OR_WRONG,False,False,0,machine/masks/glyph/glyph_0192_u003D.png,review/glyph_contact_sheet_016.png,12
T0193,glyph_0193_u1D457.png,TEXT,𝑗,U+1D457,STIXTwoMath-Regular,11.9552,"[31, 35, 40]",RIGHT_B22_L01_FORMULA,FORMULA,RIGHT,,,,"[463.2743, 195.4272, 468.427, 207.3823]","[1929, 813, 1953, 866]","[1930, 819, 1950, 864]",234,45,20,LATIN_GREEK_LOWER_OR_MATH_ALPHA,17,ABOVE,ADVISORY_ONLY_UNLESS_ACTUALLY_UNREADABLE_OR_WRONG,False,False,0,machine/masks/glyph/glyph_0193_u1D457.png,review/glyph_contact_sheet_017.png,1
T0194,glyph_0194_u0029.png,TEXT,),U+0029,STIXTwoMath-Regular,11.9552,"[31, 35, 40]",RIGHT_B22_L01_FORMULA,FORMULA,RIGHT,,,,"[468.6661, 195.4272, 472.9341, 207.3823]","[1951, 813, 1972, 866]","[1954, 815, 1969, 862]",210,47,15,GENERAL_VISIBLE,17,ABOVE,ADVISORY_ONLY_UNLESS_ACTUALLY_UNREADABLE_OR_WRONG,False,False,0,machine/masks/glyph/glyph_0194_u0029.png,review/glyph_contact_sheet_017.png,2
T0195,glyph_0195_u1D443.png,TEXT,𝑃,U+1D443,STIXTwoMath-Regular,11.9552,"[31, 35, 40]",RIGHT_B23_L00_FORMULA,FORMULA,RIGHT,,,,"[396.079, 212.1372, 402.8815, 224.0923]","[1649, 882, 1680, 935]","[1649, 889, 1679, 922]",346,33,30,LATIN_GREEK_LOWER_OR_MATH_ALPHA,17,ABOVE,ADVISORY_ONLY_UNLESS_ACTUALLY_UNREADABLE_OR_WRONG,False,False,0,machine/masks/glyph/glyph_0195_u1D443.png,review/glyph_contact_sheet_017.png,3
T0196,glyph_0196_u0031.png,TEXT,1,U+0031,XITSMath-Bold,11.9552,"[31, 35, 40]",RIGHT_B23_L00_FORMULA,FORMULA,RIGHT,,,,"[403.299, 212.2806, 409.2766, 224.2358]","[1679, 883, 1707, 936]","[1683, 887, 1702, 922]",309,35,19,LATIN_UPPER_OR_DIGIT,24,ABOVE,ADVISORY_ONLY_UNLESS_ACTUALLY_UNREADABLE_OR_WRONG,False,False,0,machine/masks/glyph/glyph_0196_u0031.png,review/glyph_contact_sheet_017.png,4
T0197,glyph_0197_u003D.png,TEXT,=,U+003D,STIXTwoMath-Regular,11.9552,"[31, 35, 40]",RIGHT_B23_L00_FORMULA,FORMULA,RIGHT,,,,"[412.598, 212.1372, 421.2057, 224.0923]","[1718, 882, 1757, 935]","[1722, 902, 1752, 916]",240,14,30,MATH_OPERATOR_OR_BASELINE,22,BELOW,ADVISORY_ONLY_UNLESS_ACTUALLY_UNREADABLE_OR_WRONG,False,False,0,machine/masks/glyph/glyph_0197_u003D.png,review/glyph_contact_sheet_017.png,5
T0198,glyph_0198_u0031.png,TEXT,1,U+0031,XITSMath-Bold,11.9552,"[31, 35, 40]",RIGHT_B23_L00_FORMULA,FORMULA,RIGHT,,,,"[424.526, 212.2806, 430.5035, 224.2358]","[1767, 883, 1795, 936]","[1772, 887, 1791, 922]",309,35,19,LATIN_UPPER_OR_DIGIT,24,ABOVE,ADVISORY_ONLY_UNLESS_ACTUALLY_UNREADABLE_OR_WRONG,False,False,0,machine/masks/glyph/glyph_0198_u0031.png,review/glyph_contact_sheet_017.png,6
T0199,glyph_0199_u1D70C.png,TEXT,𝜌,U+1D70C,STIXTwoMath-Regular,11.9552,"[31, 35, 40]",RIGHT_B23_L01_FORMULA,FORMULA,RIGHT,,,,"[383.783, 225.5692, 390.3225, 237.5244]","[1598, 938, 1628, 991]","[1598, 954, 1624, 989]",311,35,26,LATIN_GREEK_LOWER_OR_MATH_ALPHA,17,ABOVE,ADVISORY_ONLY_UNLESS_ACTUALLY_UNREADABLE_OR_WRONG,False,False,0,machine/masks/glyph/glyph_0199_u1D70C.png,review/glyph_contact_sheet_017.png,7
T0200,glyph_0200_u1D461.png,TEXT,𝑡,U+1D461,STIXTwoMath-Regular,11.457,"[31, 35, 40]",RIGHT_B23_L01_FORMULA,FORMULA,RIGHT,,,,"[390.573, 228.8698, 394.4455, 240.3268]","[1626, 952, 1645, 1003]","[1630, 961, 1643, 991]",170,30,13,LATIN_GREEK_LOWER_OR_MATH_ALPHA,17,ABOVE,ADVISORY_ONLY_UNLESS_ACTUALLY_UNREADABLE_OR_WRONG,False,False,0,machine/masks/glyph/glyph_0200_u1D461.png,review/glyph_contact_sheet_017.png,8
T0201,glyph_0201_u002B.png,TEXT,+,U+002B,STIXTwoMath-Regular,11.457,"[31, 35, 40]",RIGHT_B23_L01_FORMULA,FORMULA,RIGHT,,,,"[394.6173, 228.8698, 402.8664, 240.3268]","[1643, 952, 1680, 1003]","[1647, 963, 1676, 992]",216,29,29,MATH_OPERATOR_OR_BASELINE,22,ABOVE,ADVISORY_ONLY_UNLESS_ACTUALLY_UNREADABLE_OR_WRONG,False,False,0,machine/masks/glyph/glyph_0201_u002B.png,review/glyph_contact_sheet_017.png,9
T0202,glyph_0202_u0031.png,TEXT,1,U+0031,STIXTwoMath-Regular,11.457,"[31, 35, 40]",RIGHT_B23_L01_FORMULA,FORMULA,RIGHT,,,,"[402.8664, 228.8698, 408.5376, 240.3268]","[1677, 952, 1704, 1003]","[1682, 959, 1699, 990]",196,31,17,LATIN_UPPER_OR_DIGIT,24,ABOVE,ADVISORY_ONLY_UNLESS_ACTUALLY_UNREADABLE_OR_WRONG,False,False,0,machine/masks/glyph/glyph_0202_u0031.png,review/glyph_contact_sheet_017.png,10
T0203,glyph_0203_u003D.png,TEXT,=,U+003D,STIXTwoMath-Regular,11.9552,"[31, 35, 40]",RIGHT_B23_L01_FORMULA,FORMULA,RIGHT,,,,"[412.337, 225.5692, 420.9447, 237.5244]","[1717, 938, 1755, 991]","[1721, 958, 1751, 972]",240,14,30,MATH_OPERATOR_OR_BASELINE,22,BELOW,ADVISORY_ONLY_UNLESS_ACTUALLY_UNREADABLE_OR_WRONG,False,False,0,machine/masks/glyph/glyph_0203_u003D.png,review/glyph_contact_sheet_017.png,11
T0204,glyph_0204_u1D70C.png,TEXT,𝜌,U+1D70C,STIXTwoMath-Regular,11.9552,"[31, 35, 40]",RIGHT_B23_L01_FORMULA,FORMULA,RIGHT,,,,"[424.2563, 225.5692, 430.7958, 237.5244]","[1766, 938, 1796, 991]","[1767, 954, 1793, 989]",311,35,26,LATIN_GREEK_LOWER_OR_MATH_ALPHA,17,ABOVE,ADVISORY_ONLY_UNLESS_ACTUALLY_UNREADABLE_OR_WRONG,False,False,0,machine/masks/glyph/glyph_0204_u1D70C.png,review/glyph_contact_sheet_017.png,12
T0205,glyph_0205_u1D461.png,TEXT,𝑡,U+1D461,STIXTwoMath-Regular,11.457,"[31, 35, 40]",RIGHT_B23_L01_FORMULA,FORMULA,RIGHT,,,,"[431.056, 228.4588, 434.9285, 239.9158]","[1795, 950, 1814, 1001]","[1798, 959, 1811, 989]",170,30,13,LATIN_GREEK_LOWER_OR_MATH_ALPHA,17,ABOVE,ADVISORY_ONLY_UNLESS_ACTUALLY_UNREADABLE_OR_WRONG,False,False,0,machine/masks/glyph/glyph_0205_u1D461.png,review/glyph_contact_sheet_018.png,1
T0206,glyph_0206_u1D443.png,TEXT,𝑃,U+1D443,STIXTwoMath-Regular,11.9552,"[31, 35, 40]",RIGHT_B23_L01_FORMULA,FORMULA,RIGHT,,,,"[435.579, 225.5692, 442.3815, 237.5244]","[1813, 938, 1845, 991]","[1814, 945, 1844, 978]",346,33,30,LATIN_GREEK_LOWER_OR_MATH_ALPHA,17,ABOVE,ADVISORY_ONLY_UNLESS_ACTUALLY_UNREADABLE_OR_WRONG,False,False,0,machine/masks/glyph/glyph_0206_u1D443.png,review/glyph_contact_sheet_018.png,2
T0207,glyph_0207_u1D70C.png,TEXT,𝜌,U+1D70C,STIXTwoMath-Regular,11.9552,"[31, 35, 40]",RIGHT_B24_L00_FORMULA,FORMULA,RIGHT,,,,"[382.238, 250.5032, 388.7775, 262.4584]","[1591, 1042, 1621, 1095]","[1592, 1058, 1618, 1093]",311,35,26,LATIN_GREEK_LOWER_OR_MATH_ALPHA,17,ABOVE,ADVISORY_ONLY_UNLESS_ACTUALLY_UNREADABLE_OR_WRONG,False,False,0,machine/masks/glyph/glyph_0207_u1D70C.png,review/glyph_contact_sheet_018.png,3
T0208,glyph_0208_u1D461.png,TEXT,𝑡,U+1D461,STIXTwoMath-Regular,11.457,"[31, 35, 40]",RIGHT_B24_L00_FORMULA,FORMULA,RIGHT,,,,"[389.029, 253.3927, 392.9014, 264.8498]","[1619, 1054, 1639, 1105]","[1623, 1063, 1636, 1093]",170,30,13,LATIN_GREEK_LOWER_OR_MATH_ALPHA,17,ABOVE,ADVISORY_ONLY_UNLESS_ACTUALLY_UNREADABLE_OR_WRONG,False,False,0,machine/masks/glyph/glyph_0208_u1D461.png,review/glyph_contact_sheet_018.png,4
T0209,glyph_0209_u003D.png,TEXT,=,U+003D,STIXTwoMath-Regular,11.9552,"[31, 35, 40]",RIGHT_B24_L00_FORMULA,FORMULA,RIGHT,,,,"[396.872, 250.5032, 405.4797, 262.4584]","[1652, 1042, 1691, 1095]","[1657, 1062, 1687, 1076]",240,14,30,MATH_OPERATOR_OR_BASELINE,22,BELOW,ADVISORY_ONLY_UNLESS_ACTUALLY_UNREADABLE_OR_WRONG,False,False,0,machine/masks/glyph/glyph_0209_u003D.png,review/glyph_contact_sheet_018.png,5
T0210,glyph_0210_u0028.png,TEXT,(,U+0028,STIXTwoMath-Regular,11.9552,"[31, 35, 40]",RIGHT_B24_L00_FORMULA,FORMULA,RIGHT,,,,"[408.7913, 250.5032, 413.0593, 262.4584]","[1702, 1042, 1723, 1095]","[1705, 1045, 1720, 1093]",212,48,15,GENERAL_VISIBLE,17,ABOVE,ADVISORY_ONLY_UNLESS_ACTUALLY_UNREADABLE_OR_WRONG,False,False,0,machine/masks/glyph/glyph_0210_u0028.png,review/glyph_contact_sheet_018.png,6
T0211,glyph_0211_u1D45D.png,TEXT,𝑝,U+1D45D,XITSMath-Bold,11.9552,"[31, 35, 40]",RIGHT_B24_L00_FORMULA,FORMULA,RIGHT,,,,"[413.069, 250.6467, 419.8954, 262.6018]","[1720, 1043, 1751, 1096]","[1720, 1058, 1748, 1093]",425,35,28,LATIN_GREEK_LOWER_OR_MATH_ALPHA,17,ABOVE,ADVISORY_ONLY_UNLESS_ACTUALLY_UNREADABLE_OR_WRONG,False,False,0,machine/masks/glyph/glyph_0211_u1D45D.png,review/glyph_contact_sheet_018.png,7
T0212,glyph_0212_u0028.png,TEXT,(,U+0028,STIXTwoMath-Regular,11.457,"[31, 35, 40]",RIGHT_B24_L00_FORMULA,FORMULA,RIGHT,,,,"[419.895, 246.5788, 423.9851, 258.0358]","[1748, 1026, 1768, 1077]","[1751, 1029, 1765, 1074]",189,45,14,GENERAL_VISIBLE,17,ABOVE,ADVISORY_ONLY_UNLESS_ACTUALLY_UNREADABLE_OR_WRONG,False,False,0,machine/masks/glyph/glyph_0212_u0028.png,review/glyph_contact_sheet_018.png,8
T0213,glyph_0213_u1D461.png,TEXT,𝑡,U+1D461,STIXTwoMath-Regular,11.457,"[31, 35, 40]",RIGHT_B24_L00_FORMULA,FORMULA,RIGHT,,,,"[423.9851, 246.5788, 427.8576, 258.0358]","[1765, 1026, 1784, 1077]","[1769, 1035, 1782, 1065]",170,30,13,LATIN_GREEK_LOWER_OR_MATH_ALPHA,17,ABOVE,ADVISORY_ONLY_UNLESS_ACTUALLY_UNREADABLE_OR_WRONG,False,False,0,machine/masks/glyph/glyph_0213_u1D461.png,review/glyph_contact_sheet_018.png,9
T0214,glyph_0214_u0029.png,TEXT,),U+0029,STIXTwoMath-Regular,11.457,"[31, 35, 40]",RIGHT_B24_L00_FORMULA,FORMULA,RIGHT,,,,"[428.0294, 246.5788, 432.1196, 258.0358]","[1782, 1026, 1802, 1077]","[1785, 1029, 1799, 1074]",189,45,14,GENERAL_VISIBLE,17,ABOVE,ADVISORY_ONLY_UNLESS_ACTUALLY_UNREADABLE_OR_WRONG,False,False,0,machine/masks/glyph/glyph_0214_u0029.png,review/glyph_contact_sheet_018.png,10
T0215,glyph_0215_u0029.png,TEXT,),U+0029,STIXTwoMath-Regular,11.9552,"[31, 35, 40]",RIGHT_B24_L00_FORMULA,FORMULA,RIGHT,,,,"[432.598, 250.5032, 436.866, 262.4584]","[1801, 1042, 1822, 1095]","[1803, 1045, 1818, 1092]",210,47,15,GENERAL_VISIBLE,17,ABOVE,ADVISORY_ONLY_UNLESS_ACTUALLY_UNREADABLE_OR_WRONG,False,False,0,machine/masks/glyph/glyph_0215_u0029.png,review/glyph_contact_sheet_018.png,11
T0216,glyph_0216_u0054.png,TEXT,T,U+0054,TeXGyreHeros-Regular,11.457,"[31, 35, 40]",RIGHT_B24_L00_FORMULA,FORMULA,RIGHT,,,,"[436.866, 242.1563, 443.8662, 258.5628]","[1819, 1007, 1851, 1079]","[1821, 1029, 1849, 1064]",289,35,28,LATIN_UPPER_OR_DIGIT,24,ABOVE,ADVISORY_ONLY_UNLESS_ACTUALLY_UNREADABLE_OR_WRONG,False,False,0,machine/masks/glyph/glyph_0216_u0054.png,review/glyph_contact_sheet_018.png,12
G0001,graphic_0001_seq003.png,GRAPHIC,,,,,,LEFT_PANEL,GRAPHIC,LEFT,PANEL_BORDER,3,8,"[68.0294, 69.4479, 301.8905, 267.8755]","[280, 286, 1261, 1120]","[282, 288, 1259, 1118]",11717,830,977,GRAPHIC_FOREGROUND,,N/A,HARD_IF_WRONG_GEOMETRY_CLIPPED_OR_ILLEGAL_OVERLAP,False,False,0,machine/masks/graphic/graphic_0001_seq003.png,,
G0002,graphic_0002_seq004.png,GRAPHIC,,,,,,RIGHT_PANEL,GRAPHIC,RIGHT,PANEL_BORDER,4,8,"[310.3942, 69.4479, 515.9086, 267.8755]","[1290, 286, 2153, 1120]","[1292, 288, 2151, 1118]",10890,830,859,GRAPHIC_FOREGROUND,,N/A,HARD_IF_WRONG_GEOMETRY_CLIPPED_OR_ILLEGAL_OVERLAP,False,False,0,machine/masks/graphic/graphic_0002_seq004.png,,
G0003,graphic_0003_seq007.png,GRAPHIC,,,,,,GRAPH_NODE_I,GRAPHIC,LEFT,NODE_BORDER,7,4,"[92.1238, 106.2988, 117.636, 131.8109]","[380, 439, 494, 553]","[382, 441, 492, 551]",1328,110,110,GRAPHIC_FOREGROUND,,N/A,HARD_IF_WRONG_GEOMETRY_CLIPPED_OR_ILLEGAL_OVERLAP,False,False,0,machine/masks/graphic/graphic_0003_seq007.png,,
G0004,graphic_0004_seq010.png,GRAPHIC,,,,,,GRAPH_NODE_J,GRAPHIC,LEFT,NODE_BORDER,10,4,"[162.9909, 106.2988, 188.503, 131.8109]","[676, 439, 789, 553]","[677, 441, 787, 551]",1337,110,110,GRAPHIC_FOREGROUND,,N/A,HARD_IF_WRONG_GEOMETRY_CLIPPED_OR_ILLEGAL_OVERLAP,False,False,0,machine/masks/graphic/graphic_0004_seq010.png,,
G0005,graphic_0005_seq013.png,GRAPHIC,,,,,,GRAPH_NODE_H,GRAPHIC,LEFT,NODE_BORDER,13,4,"[127.5573, 144.5671, 153.0695, 170.0792]","[528, 599, 641, 712]","[529, 600, 640, 711]",1322,111,111,GRAPHIC_FOREGROUND,,N/A,HARD_IF_WRONG_GEOMETRY_CLIPPED_OR_ILLEGAL_OVERLAP,False,False,0,machine/masks/graphic/graphic_0005_seq013.png,,
G0006,graphic_0006_seq016.png,GRAPHIC,,,,,,EDGE_J_TO_I,GRAPHIC,LEFT,EDGE_SHAFT,16,1,"[121.101, 111.0653, 163.0791, 115.6609]","[501, 459, 683, 485]","[502, 464, 682, 484]",1007,20,180,GRAPHIC_FOREGROUND,,N/A,HARD_IF_WRONG_GEOMETRY_CLIPPED_OR_ILLEGAL_OVERLAP,False,False,0,machine/masks/graphic/graphic_0006_seq016.png,,
G0007,graphic_0007_seq017.png,GRAPHIC,,,,,,EDGE_J_TO_I,GRAPHIC,LEFT,ARROWHEAD,17,4,"[119.0125, 113.5078, 122.0617, 115.5412]","[492, 469, 512, 485]","[493, 469, 512, 484]",169,15,19,GRAPHIC_FOREGROUND,,N/A,HARD_IF_WRONG_GEOMETRY_CLIPPED_OR_ILLEGAL_OVERLAP,False,False,0,machine/masks/graphic/graphic_0007_seq017.png,,
G0008,graphic_0008_seq020.png,GRAPHIC,,,,,,EDGE_I_TO_J,GRAPHIC,LEFT,EDGE_SHAFT,20,1,"[117.5477, 122.4487, 159.3986, 127.0443]","[486, 507, 668, 533]","[488, 508, 666, 527]",712,19,178,GRAPHIC_FOREGROUND,,N/A,HARD_IF_WRONG_GEOMETRY_CLIPPED_OR_ILLEGAL_OVERLAP,False,False,0,machine/masks/graphic/graphic_0008_seq020.png,,
G0009,graphic_0009_seq021.png,GRAPHIC,,,,,,EDGE_I_TO_J,GRAPHIC,LEFT,ARROWHEAD,21,4,"[157.9777, 122.3674, 162.0575, 125.0696]","[655, 506, 679, 525]","[655, 508, 677, 525]",187,17,22,GRAPHIC_FOREGROUND,,N/A,HARD_IF_WRONG_GEOMETRY_CLIPPED_OR_ILLEGAL_OVERLAP,False,False,0,machine/masks/graphic/graphic_0009_seq021.png,,
G0010,graphic_0010_seq024.png,GRAPHIC,,,,,,EDGE_J_TO_H,GRAPHIC,LEFT,EDGE_SHAFT,24,1,"[151.8119, 128.6775, 166.837, 144.9048]","[629, 533, 699, 607]","[631, 534, 697, 606]",382,72,66,GRAPHIC_FOREGROUND,,N/A,HARD_IF_WRONG_GEOMETRY_CLIPPED_OR_ILLEGAL_OVERLAP,False,False,0,machine/masks/graphic/graphic_0010_seq024.png,,
G0011,graphic_0011_seq025.png,GRAPHIC,,,,,,EDGE_J_TO_H,GRAPHIC,LEFT,ARROWHEAD,25,4,"[149.9418, 143.1501, 153.583, 146.9244]","[621, 593, 643, 616]","[623, 593, 643, 614]",186,21,20,GRAPHIC_FOREGROUND,,N/A,HARD_IF_WRONG_GEOMETRY_CLIPPED_OR_ILLEGAL_OVERLAP,False,False,0,machine/masks/graphic/graphic_0011_seq025.png,,
G0012,graphic_0012_seq027.png,GRAPHIC,,,,,,EDGE_H_TO_I,GRAPHIC,LEFT,EDGE_SHAFT,27,1,"[116.3784, 131.4732, 131.4035, 147.7005]","[481, 544, 551, 619]","[483, 546, 549, 617]",385,71,66,GRAPHIC_FOREGROUND,,N/A,HARD_IF_WRONG_GEOMETRY_CLIPPED_OR_ILLEGAL_OVERLAP,False,False,0,machine/masks/graphic/graphic_0012_seq027.png,,
G0013,graphic_0013_seq028.png,GRAPHIC,,,,,,EDGE_H_TO_I,GRAPHIC,LEFT,ARROWHEAD,28,4,"[114.5083, 129.4536, 118.1495, 133.2279]","[474, 536, 496, 559]","[475, 538, 496, 559]",183,21,21,GRAPHIC_FOREGROUND,,N/A,HARD_IF_WRONG_GEOMETRY_CLIPPED_OR_ILLEGAL_OVERLAP,False,False,0,machine/masks/graphic/graphic_0013_seq028.png,,
G0014,graphic_0014_seq035.png,GRAPHIC,,,,,,MATRIX_A_CELL_01,GRAPHIC,LEFT,CELL_BORDER,35,1,"[112.1726, 179.3333, 130.8815, 195.7744]","[464, 744, 549, 819]","[466, 746, 547, 817]",876,71,81,GRAPHIC_FOREGROUND,,N/A,HARD_IF_WRONG_GEOMETRY_CLIPPED_OR_ILLEGAL_OVERLAP,False,False,0,machine/masks/graphic/graphic_0014_seq035.png,,
G0015,graphic_0015_seq037.png,GRAPHIC,,,,,,MATRIX_A_CELL_02,GRAPHIC,LEFT,CELL_BORDER,37,1,"[130.9606, 179.2927, 149.6694, 195.7338]","[542, 744, 627, 819]","[544, 746, 625, 817]",800,71,81,GRAPHIC_FOREGROUND,,N/A,HARD_IF_WRONG_GEOMETRY_CLIPPED_OR_ILLEGAL_OVERLAP,False,False,0,machine/masks/graphic/graphic_0015_seq037.png,,
G0016,graphic_0016_seq039.png,GRAPHIC,,,,,,MATRIX_A_CELL_03,GRAPHIC,LEFT,CELL_BORDER,39,1,"[149.7486, 179.2927, 168.4574, 195.7338]","[620, 744, 705, 819]","[622, 746, 703, 817]",799,71,81,GRAPHIC_FOREGROUND,,N/A,HARD_IF_WRONG_GEOMETRY_CLIPPED_OR_ILLEGAL_OVERLAP,False,False,0,machine/masks/graphic/graphic_0016_seq039.png,,
G0017,graphic_0017_seq041.png,GRAPHIC,,,,,,MATRIX_A_CELL_04,GRAPHIC,LEFT,CELL_BORDER,41,1,"[112.1726, 195.8537, 130.8814, 212.2948]","[464, 813, 549, 888]","[466, 815, 547, 886]",800,71,81,GRAPHIC_FOREGROUND,,N/A,HARD_IF_WRONG_GEOMETRY_CLIPPED_OR_ILLEGAL_OVERLAP,False,False,0,machine/masks/graphic/graphic_0017_seq041.png,,
G0018,graphic_0018_seq043.png,GRAPHIC,,,,,,MATRIX_A_CELL_05,GRAPHIC,LEFT,CELL_BORDER,43,1,"[130.9606, 195.8943, 149.6694, 212.3354]","[542, 813, 627, 888]","[544, 815, 625, 886]",876,71,81,GRAPHIC_FOREGROUND,,N/A,HARD_IF_WRONG_GEOMETRY_CLIPPED_OR_ILLEGAL_OVERLAP,False,False,0,machine/masks/graphic/graphic_0018_seq043.png,,
G0019,graphic_0019_seq045.png,GRAPHIC,,,,,,MATRIX_A_CELL_06,GRAPHIC,LEFT,CELL_BORDER,45,1,"[149.7486, 195.8943, 168.4574, 212.3354]","[620, 813, 705, 888]","[622, 815, 703, 886]",874,71,81,GRAPHIC_FOREGROUND,,N/A,HARD_IF_WRONG_GEOMETRY_CLIPPED_OR_ILLEGAL_OVERLAP,False,False,0,machine/masks/graphic/graphic_0019_seq045.png,,
G0020,graphic_0020_seq047.png,GRAPHIC,,,,,,MATRIX_A_CELL_07,GRAPHIC,LEFT,CELL_BORDER,47,1,"[112.1725, 212.4553, 130.8814, 228.8965]","[464, 882, 549, 957]","[466, 884, 547, 955]",876,71,81,GRAPHIC_FOREGROUND,,N/A,HARD_IF_WRONG_GEOMETRY_CLIPPED_OR_ILLEGAL_OVERLAP,False,False,0,machine/masks/graphic/graphic_0020_seq047.png,,
G0021,graphic_0021_seq049.png,GRAPHIC,,,,,,MATRIX_A_CELL_08,GRAPHIC,LEFT,CELL_BORDER,49,1,"[130.9605, 212.4147, 149.6694, 228.8558]","[542, 882, 627, 957]","[544, 884, 625, 955]",800,71,81,GRAPHIC_FOREGROUND,,N/A,HARD_IF_WRONG_GEOMETRY_CLIPPED_OR_ILLEGAL_OVERLAP,False,False,0,machine/masks/graphic/graphic_0021_seq049.png,,
G0022,graphic_0022_seq051.png,GRAPHIC,,,,,,MATRIX_A_CELL_09,GRAPHIC,LEFT,CELL_BORDER,51,1,"[149.7485, 212.4553, 168.4574, 228.8965]","[620, 882, 705, 957]","[622, 884, 703, 955]",874,71,81,GRAPHIC_FOREGROUND,,N/A,HARD_IF_WRONG_GEOMETRY_CLIPPED_OR_ILLEGAL_OVERLAP,False,False,0,machine/masks/graphic/graphic_0022_seq051.png,,
G0023,graphic_0023_seq053.png,GRAPHIC,,,,,,MATRIX_A_FOCUS,GRAPHIC,LEFT,FOCUS_BORDER,53,1,"[130.7198, 179.0538, 149.9069, 195.9731]","[541, 743, 628, 820]","[542, 743, 627, 819]",1577,76,85,GRAPHIC_FOREGROUND,,N/A,HARD_IF_WRONG_GEOMETRY_CLIPPED_OR_ILLEGAL_OVERLAP,False,False,0,machine/masks/graphic/graphic_0023_seq053.png,,
G0024,graphic_0024_seq055.png,GRAPHIC,,,,,,MATRIX_M_CELL_01,GRAPHIC,LEFT,CELL_BORDER,55,1,"[221.8736, 179.2973, 240.5824, 195.7384]","[921, 744, 1006, 819]","[923, 746, 1004, 817]",876,71,81,GRAPHIC_FOREGROUND,,N/A,HARD_IF_WRONG_GEOMETRY_CLIPPED_OR_ILLEGAL_OVERLAP,False,False,0,machine/masks/graphic/graphic_0024_seq055.png,,
G0025,graphic_0025_seq057.png,GRAPHIC,,,,,,MATRIX_M_CELL_02,GRAPHIC,LEFT,CELL_BORDER,57,1,"[240.6616, 179.3532, 259.3705, 195.7944]","[999, 744, 1084, 819]","[1001, 746, 1082, 817]",875,71,81,GRAPHIC_FOREGROUND,,N/A,HARD_IF_WRONG_GEOMETRY_CLIPPED_OR_ILLEGAL_OVERLAP,False,False,0,machine/masks/graphic/graphic_0025_seq057.png,,
G0026,graphic_0026_seq059.png,GRAPHIC,,,,,,MATRIX_M_CELL_03,GRAPHIC,LEFT,CELL_BORDER,59,1,"[259.4496, 179.2567, 278.1584, 195.6978]","[1078, 743, 1162, 819]","[1080, 745, 1160, 817]",808,72,80,GRAPHIC_FOREGROUND,,N/A,HARD_IF_WRONG_GEOMETRY_CLIPPED_OR_ILLEGAL_OVERLAP,False,False,0,machine/masks/graphic/graphic_0026_seq059.png,,
G0027,graphic_0027_seq061.png,GRAPHIC,,,,,,MATRIX_M_CELL_04,GRAPHIC,LEFT,CELL_BORDER,61,1,"[221.8736, 195.8737, 240.5824, 212.3148]","[921, 813, 1006, 888]","[923, 815, 1004, 886]",876,71,81,GRAPHIC_FOREGROUND,,N/A,HARD_IF_WRONG_GEOMETRY_CLIPPED_OR_ILLEGAL_OVERLAP,False,False,0,machine/masks/graphic/graphic_0027_seq061.png,,
G0028,graphic_0028_seq063.png,GRAPHIC,,,,,,MATRIX_M_CELL_05,GRAPHIC,LEFT,CELL_BORDER,63,1,"[240.6615, 195.9143, 259.3704, 212.3555]","[999, 813, 1084, 888]","[1001, 815, 1082, 886]",875,71,81,GRAPHIC_FOREGROUND,,N/A,HARD_IF_WRONG_GEOMETRY_CLIPPED_OR_ILLEGAL_OVERLAP,False,False,0,machine/masks/graphic/graphic_0028_seq063.png,,
G0029,graphic_0029_seq065.png,GRAPHIC,,,,,,MATRIX_M_CELL_06,GRAPHIC,LEFT,CELL_BORDER,65,1,"[259.4496, 195.9143, 278.1584, 212.3555]","[1078, 813, 1162, 888]","[1080, 815, 1160, 886]",805,71,80,GRAPHIC_FOREGROUND,,N/A,HARD_IF_WRONG_GEOMETRY_CLIPPED_OR_ILLEGAL_OVERLAP,False,False,0,machine/masks/graphic/graphic_0029_seq065.png,,
G0030,graphic_0030_seq067.png,GRAPHIC,,,,,,MATRIX_M_CELL_07,GRAPHIC,LEFT,CELL_BORDER,67,1,"[221.8736, 212.4353, 240.5824, 228.8764]","[921, 882, 1006, 957]","[923, 884, 1004, 955]",876,71,81,GRAPHIC_FOREGROUND,,N/A,HARD_IF_WRONG_GEOMETRY_CLIPPED_OR_ILLEGAL_OVERLAP,False,False,0,machine/masks/graphic/graphic_0030_seq067.png,,
G0031,graphic_0031_seq069.png,GRAPHIC,,,,,,MATRIX_M_CELL_08,GRAPHIC,LEFT,CELL_BORDER,69,1,"[240.6615, 212.4912, 259.3704, 228.9324]","[999, 882, 1084, 957]","[1001, 884, 1082, 955]",875,71,81,GRAPHIC_FOREGROUND,,N/A,HARD_IF_WRONG_GEOMETRY_CLIPPED_OR_ILLEGAL_OVERLAP,False,False,0,machine/masks/graphic/graphic_0031_seq069.png,,
G0032,graphic_0032_seq071.png,GRAPHIC,,,,,,MATRIX_M_CELL_09,GRAPHIC,LEFT,CELL_BORDER,71,1,"[259.4496, 212.4353, 278.1584, 228.8764]","[1078, 882, 1162, 957]","[1080, 884, 1160, 955]",805,71,80,GRAPHIC_FOREGROUND,,N/A,HARD_IF_WRONG_GEOMETRY_CLIPPED_OR_ILLEGAL_OVERLAP,False,False,0,machine/masks/graphic/graphic_0032_seq071.png,,
G0033,graphic_0033_seq073.png,GRAPHIC,,,,,,MATRIX_M_FOCUS,GRAPHIC,LEFT,FOCUS_BORDER,73,1,"[240.4223, 179.1147, 259.6094, 196.034]","[998, 743, 1085, 820]","[999, 744, 1084, 819]",1497,75,85,GRAPHIC_FOREGROUND,,N/A,HARD_IF_WRONG_GEOMETRY_CLIPPED_OR_ILLEGAL_OVERLAP,False,False,0,machine/masks/graphic/graphic_0033_seq073.png,,
G0034,graphic_0034_seq079.png,GRAPHIC,,,,,,MATRIX_P_CELL_01,GRAPHIC,RIGHT,CELL_BORDER,79,1,"[385.1486, 104.2073, 403.8575, 120.6484]","[1601, 431, 1686, 506]","[1603, 433, 1684, 504]",874,71,81,GRAPHIC_FOREGROUND,,N/A,HARD_IF_WRONG_GEOMETRY_CLIPPED_OR_ILLEGAL_OVERLAP,False,False,0,machine/masks/graphic/graphic_0034_seq079.png,,
G0035,graphic_0035_seq081.png,GRAPHIC,,,,,,MATRIX_P_CELL_02,GRAPHIC,RIGHT,CELL_BORDER,81,1,"[403.9366, 104.1667, 422.6454, 120.6078]","[1680, 431, 1765, 506]","[1682, 433, 1762, 504]",730,71,80,GRAPHIC_FOREGROUND,,N/A,HARD_IF_WRONG_GEOMETRY_CLIPPED_OR_ILLEGAL_OVERLAP,False,False,0,machine/masks/graphic/graphic_0035_seq081.png,,
G0036,graphic_0036_seq083.png,GRAPHIC,,,,,,MATRIX_P_CELL_03,GRAPHIC,RIGHT,CELL_BORDER,83,1,"[422.7256, 104.2073, 441.4344, 120.6484]","[1758, 431, 1843, 506]","[1760, 433, 1841, 504]",876,71,81,GRAPHIC_FOREGROUND,,N/A,HARD_IF_WRONG_GEOMETRY_CLIPPED_OR_ILLEGAL_OVERLAP,False,False,0,machine/masks/graphic/graphic_0036_seq083.png,,
G0037,graphic_0037_seq085.png,GRAPHIC,,,,,,MATRIX_P_CELL_04,GRAPHIC,RIGHT,CELL_BORDER,85,1,"[385.1486, 120.7842, 403.8575, 137.2254]","[1601, 500, 1686, 575]","[1603, 502, 1684, 573]",874,71,81,GRAPHIC_FOREGROUND,,N/A,HARD_IF_WRONG_GEOMETRY_CLIPPED_OR_ILLEGAL_OVERLAP,False,False,0,machine/masks/graphic/graphic_0037_seq085.png,,
G0038,graphic_0038_seq087.png,GRAPHIC,,,,,,MATRIX_P_CELL_05,GRAPHIC,RIGHT,CELL_BORDER,87,1,"[403.9366, 120.7283, 422.6454, 137.1694]","[1680, 500, 1765, 575]","[1682, 502, 1762, 573]",730,71,80,GRAPHIC_FOREGROUND,,N/A,HARD_IF_WRONG_GEOMETRY_CLIPPED_OR_ILLEGAL_OVERLAP,False,False,0,machine/masks/graphic/graphic_0038_seq087.png,,
G0039,graphic_0039_seq089.png,GRAPHIC,,,,,,MATRIX_P_CELL_06,GRAPHIC,RIGHT,CELL_BORDER,89,1,"[422.7256, 120.7842, 441.4344, 137.2254]","[1758, 500, 1843, 575]","[1760, 502, 1841, 573]",876,71,81,GRAPHIC_FOREGROUND,,N/A,HARD_IF_WRONG_GEOMETRY_CLIPPED_OR_ILLEGAL_OVERLAP,False,False,0,machine/masks/graphic/graphic_0039_seq089.png,,
G0040,graphic_0040_seq091.png,GRAPHIC,,,,,,MATRIX_P_CELL_07,GRAPHIC,RIGHT,CELL_BORDER,91,1,"[385.1486, 137.3047, 403.8575, 153.7458]","[1601, 569, 1686, 644]","[1603, 571, 1684, 642]",875,71,81,GRAPHIC_FOREGROUND,,N/A,HARD_IF_WRONG_GEOMETRY_CLIPPED_OR_ILLEGAL_OVERLAP,False,False,0,machine/masks/graphic/graphic_0040_seq091.png,,
G0041,graphic_0041_seq093.png,GRAPHIC,,,,,,MATRIX_P_CELL_08,GRAPHIC,RIGHT,CELL_BORDER,93,1,"[403.9366, 137.3453, 422.6454, 153.7865]","[1680, 569, 1765, 644]","[1682, 571, 1762, 642]",805,71,80,GRAPHIC_FOREGROUND,,N/A,HARD_IF_WRONG_GEOMETRY_CLIPPED_OR_ILLEGAL_OVERLAP,False,False,0,machine/masks/graphic/graphic_0041_seq093.png,,
G0042,graphic_0042_seq095.png,GRAPHIC,,,,,,MATRIX_P_CELL_09,GRAPHIC,RIGHT,CELL_BORDER,95,1,"[422.7256, 137.3453, 441.4344, 153.7865]","[1758, 569, 1843, 644]","[1760, 571, 1841, 642]",876,71,81,GRAPHIC_FOREGROUND,,N/A,HARD_IF_WRONG_GEOMETRY_CLIPPED_OR_ILLEGAL_OVERLAP,False,False,0,machine/masks/graphic/graphic_0042_seq095.png,,
G0043,graphic_0043_seq097.png,GRAPHIC,,,,,,MATRIX_P_FOCUS,GRAPHIC,RIGHT,FOCUS_BORDER,97,1,"[384.9112, 120.5447, 404.0982, 137.464]","[1600, 499, 1687, 576]","[1601, 500, 1686, 575]",1497,75,85,GRAPHIC_FOREGROUND,,N/A,HARD_IF_WRONG_GEOMETRY_CLIPPED_OR_ILLEGAL_OVERLAP,False,False,0,machine/masks/graphic/graphic_0043_seq097.png,,
