This is XeTeX, Version 3.141592653-2.6-0.999998 (TeX Live 2026) (preloaded format=xelatex 2026.7.16)  23 AUG 2026 21:03
entering extended mode
 restricted \write18 enabled.
 %&-line parsing enabled.
**D:/Users/ASUS/Desktop/机器学习/v2.7.0/_work/evidence/figures/FIG-P206-01/STRICT_R
1/official_r91_standalone_wrapper.tex

(d:/Users/ASUS/Desktop/机器学习/v2.7.0/_work/evidence/figures/FIG-P206-01/STRICT_R1
/official_r91_standalone_wrapper.tex
LaTeX2e <2025-11-01>
L3 programming layer <2026-01-19>
(d:/texlive/2026/texmf-dist/tex/latex/ctex/ctexbook.cls
(d:/texlive/2026/texmf-dist/tex/latex/ctex/config/ctexbackend.cfg
File: ctexbackend.cfg 2022/07/14 v2.5.10 Backend configuration file (CTEX)
)
(d:/texlive/2026/texmf-dist/tex/latex/l3kernel/expl3.sty
Package: expl3 2026-01-19 L3 programming layer (loader) 

(d:/texlive/2026/texmf-dist/tex/latex/l3backend/l3backend-xetex.def
File: l3backend-xetex.def 2025-10-09 L3 backend support: XeTeX
\g__graphics_track_int=\count271
\g__pdfannot_backend_int=\count272
\g__pdfannot_backend_link_int=\count273
))
Document Class: ctexbook 2022/07/14 v2.5.10 Chinese adapter for class book (CTE
X)
(d:/texlive/2026/texmf-dist/tex/latex/ctex/ctexhook.sty
Package: ctexhook 2022/07/14 v2.5.10 Document and package hooks (CTEX)
)
(d:/texlive/2026/texmf-dist/tex/latex/ctex/ctexpatch.sty
Package: ctexpatch 2022/07/14 v2.5.10 Patching commands (CTEX)
)
(d:/texlive/2026/texmf-dist/tex/latex/base/fix-cm.sty
Package: fix-cm 2020/11/24 v1.1t fixes to LaTeX

(d:/texlive/2026/texmf-dist/tex/latex/base/ts1enc.def
File: ts1enc.def 2001/06/05 v3.0e (jk/car/fm) Standard LaTeX file
LaTeX Font Info:    Redeclaring font encoding TS1 on input line 47.
LaTeX Encoding Info:    Redeclaring text command \capitalcedilla (encoding TS1)
 on input line 49.
LaTeX Encoding Info:    Redeclaring text command \capitalogonek (encoding TS1) 
on input line 52.
LaTeX Encoding Info:    Redeclaring text command \capitalgrave (encoding TS1) o
n input line 55.
LaTeX Encoding Info:    Redeclaring text command \capitalacute (encoding TS1) o
n input line 56.
LaTeX Encoding Info:    Redeclaring text command \capitalcircumflex (encoding T
S1) on input line 57.
LaTeX Encoding Info:    Redeclaring text command \capitaltilde (encoding TS1) o
n input line 58.
LaTeX Encoding Info:    Redeclaring text command \capitaldieresis (encoding TS1
) on input line 59.
LaTeX Encoding Info:    Redeclaring text command \capitalhungarumlaut (encoding
 TS1) on input line 60.
LaTeX Encoding Info:    Redeclaring text command \capitalring (encoding TS1) on
 input line 61.
LaTeX Encoding Info:    Redeclaring text command \capitalcaron (encoding TS1) o
n input line 62.
LaTeX Encoding Info:    Redeclaring text command \capitalbreve (encoding TS1) o
n input line 63.
LaTeX Encoding Info:    Redeclaring text command \capitalmacron (encoding TS1) 
on input line 64.
LaTeX Encoding Info:    Redeclaring text command \capitaldotaccent (encoding TS
1) on input line 65.
LaTeX Encoding Info:    Redeclaring text command \t (encoding TS1) on input lin
e 66.
LaTeX Encoding Info:    Redeclaring text command \capitaltie (encoding TS1) on 
input line 67.
LaTeX Encoding Info:    Redeclaring text command \newtie (encoding TS1) on inpu
t line 68.
LaTeX Encoding Info:    Redeclaring text command \capitalnewtie (encoding TS1) 
on input line 69.
LaTeX Encoding Info:    Redeclaring text symbol \textcapitalcompwordmark (encod
ing TS1) on input line 70.
LaTeX Encoding Info:    Redeclaring text symbol \textascendercompwordmark (enco
ding TS1) on input line 71.
LaTeX Encoding Info:    Redeclaring text symbol \textquotestraightbase (encodin
g TS1) on input line 72.
LaTeX Encoding Info:    Redeclaring text symbol \textquotestraightdblbase (enco
ding TS1) on input line 73.
LaTeX Encoding Info:    Redeclaring text symbol \texttwelveudash (encoding TS1)
 on input line 74.
LaTeX Encoding Info:    Redeclaring text symbol \textthreequartersemdash (encod
ing TS1) on input line 75.
LaTeX Encoding Info:    Redeclaring text symbol \textleftarrow (encoding TS1) o
n input line 76.
LaTeX Encoding Info:    Redeclaring text symbol \textrightarrow (encoding TS1) 
on input line 77.
LaTeX Encoding Info:    Redeclaring text symbol \textblank (encoding TS1) on in
put line 78.
LaTeX Encoding Info:    Redeclaring text symbol \textdollar (encoding TS1) on i
nput line 79.
LaTeX Encoding Info:    Redeclaring text symbol \textquotesingle (encoding TS1)
 on input line 80.
LaTeX Encoding Info:    Redeclaring text command \textasteriskcentered (encodin
g TS1) on input line 81.
LaTeX Encoding Info:    Redeclaring text symbol \textdblhyphen (encoding TS1) o
n input line 92.
LaTeX Encoding Info:    Redeclaring text symbol \textfractionsolidus (encoding 
TS1) on input line 93.
LaTeX Encoding Info:    Redeclaring text symbol \textzerooldstyle (encoding TS1
) on input line 94.
LaTeX Encoding Info:    Redeclaring text symbol \textoneoldstyle (encoding TS1)
 on input line 95.
LaTeX Encoding Info:    Redeclaring text symbol \texttwooldstyle (encoding TS1)
 on input line 96.
LaTeX Encoding Info:    Redeclaring text symbol \textthreeoldstyle (encoding TS
1) on input line 97.
LaTeX Encoding Info:    Redeclaring text symbol \textfouroldstyle (encoding TS1
) on input line 98.
LaTeX Encoding Info:    Redeclaring text symbol \textfiveoldstyle (encoding TS1
) on input line 99.
LaTeX Encoding Info:    Redeclaring text symbol \textsixoldstyle (encoding TS1)
 on input line 100.
LaTeX Encoding Info:    Redeclaring text symbol \textsevenoldstyle (encoding TS
1) on input line 101.
LaTeX Encoding Info:    Redeclaring text symbol \texteightoldstyle (encoding TS
1) on input line 102.
LaTeX Encoding Info:    Redeclaring text symbol \textnineoldstyle (encoding TS1
) on input line 103.
LaTeX Encoding Info:    Redeclaring text symbol \textlangle (encoding TS1) on i
nput line 104.
LaTeX Encoding Info:    Redeclaring text symbol \textminus (encoding TS1) on in
put line 105.
LaTeX Encoding Info:    Redeclaring text symbol \textrangle (encoding TS1) on i
nput line 106.
LaTeX Encoding Info:    Redeclaring text symbol \textmho (encoding TS1) on inpu
t line 107.
LaTeX Encoding Info:    Redeclaring text symbol \textbigcircle (encoding TS1) o
n input line 108.
LaTeX Encoding Info:    Redeclaring text command \textcircled (encoding TS1) on
 input line 109.
LaTeX Encoding Info:    Redeclaring text symbol \textohm (encoding TS1) on inpu
t line 115.
LaTeX Encoding Info:    Redeclaring text symbol \textlbrackdbl (encoding TS1) o
n input line 116.
LaTeX Encoding Info:    Redeclaring text symbol \textrbrackdbl (encoding TS1) o
n input line 117.
LaTeX Encoding Info:    Redeclaring text symbol \textuparrow (encoding TS1) on 
input line 118.
LaTeX Encoding Info:    Redeclaring text symbol \textdownarrow (encoding TS1) o
n input line 119.
LaTeX Encoding Info:    Redeclaring text symbol \textasciigrave (encoding TS1) 
on input line 120.
LaTeX Encoding Info:    Redeclaring text symbol \textborn (encoding TS1) on inp
ut line 121.
LaTeX Encoding Info:    Redeclaring text symbol \textdivorced (encoding TS1) on
 input line 122.
LaTeX Encoding Info:    Redeclaring text symbol \textdied (encoding TS1) on inp
ut line 123.
LaTeX Encoding Info:    Redeclaring text symbol \textleaf (encoding TS1) on inp
ut line 124.
LaTeX Encoding Info:    Redeclaring text symbol \textmarried (encoding TS1) on 
input line 125.
LaTeX Encoding Info:    Redeclaring text symbol \textmusicalnote (encoding TS1)
 on input line 126.
LaTeX Encoding Info:    Redeclaring text symbol \texttildelow (encoding TS1) on
 input line 127.
LaTeX Encoding Info:    Redeclaring text symbol \textdblhyphenchar (encoding TS
1) on input line 128.
LaTeX Encoding Info:    Redeclaring text symbol \textasciibreve (encoding TS1) 
on input line 129.
LaTeX Encoding Info:    Redeclaring text symbol \textasciicaron (encoding TS1) 
on input line 130.
LaTeX Encoding Info:    Redeclaring text symbol \textacutedbl (encoding TS1) on
 input line 131.
LaTeX Encoding Info:    Redeclaring text symbol \textgravedbl (encoding TS1) on
 input line 132.
LaTeX Encoding Info:    Redeclaring text symbol \textdagger (encoding TS1) on i
nput line 133.
LaTeX Encoding Info:    Redeclaring text symbol \textdaggerdbl (encoding TS1) o
n input line 134.
LaTeX Encoding Info:    Redeclaring text symbol \textbardbl (encoding TS1) on i
nput line 135.
LaTeX Encoding Info:    Redeclaring text symbol \textperthousand (encoding TS1)
 on input line 136.
LaTeX Encoding Info:    Redeclaring text symbol \textbullet (encoding TS1) on i
nput line 137.
LaTeX Encoding Info:    Redeclaring text symbol \textcelsius (encoding TS1) on 
input line 138.
LaTeX Encoding Info:    Redeclaring text symbol \textdollaroldstyle (encoding T
S1) on input line 139.
LaTeX Encoding Info:    Redeclaring text symbol \textcentoldstyle (encoding TS1
) on input line 140.
LaTeX Encoding Info:    Redeclaring text symbol \textflorin (encoding TS1) on i
nput line 141.
LaTeX Encoding Info:    Redeclaring text symbol \textcolonmonetary (encoding TS
1) on input line 142.
LaTeX Encoding Info:    Redeclaring text symbol \textwon (encoding TS1) on inpu
t line 143.
LaTeX Encoding Info:    Redeclaring text symbol \textnaira (encoding TS1) on in
put line 144.
LaTeX Encoding Info:    Redeclaring text symbol \textguarani (encoding TS1) on 
input line 145.
LaTeX Encoding Info:    Redeclaring text symbol \textpeso (encoding TS1) on inp
ut line 146.
LaTeX Encoding Info:    Redeclaring text symbol \textlira (encoding TS1) on inp
ut line 147.
LaTeX Encoding Info:    Redeclaring text symbol \textrecipe (encoding TS1) on i
nput line 148.
LaTeX Encoding Info:    Redeclaring text symbol \textinterrobang (encoding TS1)
 on input line 149.
LaTeX Encoding Info:    Redeclaring text symbol \textinterrobangdown (encoding 
TS1) on input line 150.
LaTeX Encoding Info:    Redeclaring text symbol \textdong (encoding TS1) on inp
ut line 151.
LaTeX Encoding Info:    Redeclaring text symbol \texttrademark (encoding TS1) o
n input line 152.
LaTeX Encoding Info:    Redeclaring text symbol \textpertenthousand (encoding T
S1) on input line 153.
LaTeX Encoding Info:    Redeclaring text symbol \textpilcrow (encoding TS1) on 
input line 154.
LaTeX Encoding Info:    Redeclaring text symbol \textbaht (encoding TS1) on inp
ut line 155.
LaTeX Encoding Info:    Redeclaring text symbol \textnumero (encoding TS1) on i
nput line 156.
LaTeX Encoding Info:    Redeclaring text symbol \textdiscount (encoding TS1) on
 input line 157.
LaTeX Encoding Info:    Redeclaring text symbol \textestimated (encoding TS1) o
n input line 158.
LaTeX Encoding Info:    Redeclaring text symbol \textopenbullet (encoding TS1) 
on input line 159.
LaTeX Encoding Info:    Redeclaring text symbol \textservicemark (encoding TS1)
 on input line 160.
LaTeX Encoding Info:    Redeclaring text symbol \textlquill (encoding TS1) on i
nput line 161.
LaTeX Encoding Info:    Redeclaring text symbol \textrquill (encoding TS1) on i
nput line 162.
LaTeX Encoding Info:    Redeclaring text symbol \textcent (encoding TS1) on inp
ut line 163.
LaTeX Encoding Info:    Redeclaring text symbol \textsterling (encoding TS1) on
 input line 164.
LaTeX Encoding Info:    Redeclaring text symbol \textcurrency (encoding TS1) on
 input line 165.
LaTeX Encoding Info:    Redeclaring text symbol \textyen (encoding TS1) on inpu
t line 166.
LaTeX Encoding Info:    Redeclaring text symbol \textbrokenbar (encoding TS1) o
n input line 167.
LaTeX Encoding Info:    Redeclaring text symbol \textsection (encoding TS1) on 
input line 168.
LaTeX Encoding Info:    Redeclaring text symbol \textasciidieresis (encoding TS
1) on input line 169.
LaTeX Encoding Info:    Redeclaring text symbol \textcopyright (encoding TS1) o
n input line 170.
LaTeX Encoding Info:    Redeclaring text symbol \textordfeminine (encoding TS1)
 on input line 171.
LaTeX Encoding Info:    Redeclaring text symbol \textcopyleft (encoding TS1) on
 input line 172.
LaTeX Encoding Info:    Redeclaring text symbol \textlnot (encoding TS1) on inp
ut line 173.
LaTeX Encoding Info:    Redeclaring text symbol \textcircledP (encoding TS1) on
 input line 174.
LaTeX Encoding Info:    Redeclaring text symbol \textregistered (encoding TS1) 
on input line 175.
LaTeX Encoding Info:    Redeclaring text symbol \textasciimacron (encoding TS1)
 on input line 176.
LaTeX Encoding Info:    Redeclaring text symbol \textdegree (encoding TS1) on i
nput line 177.
LaTeX Encoding Info:    Redeclaring text symbol \textpm (encoding TS1) on input
 line 178.
LaTeX Encoding Info:    Redeclaring text symbol \texttwosuperior (encoding TS1)
 on input line 179.
LaTeX Encoding Info:    Redeclaring text symbol \textthreesuperior (encoding TS
1) on input line 180.
LaTeX Encoding Info:    Redeclaring text symbol \textasciiacute (encoding TS1) 
on input line 181.
LaTeX Encoding Info:    Redeclaring text symbol \textmu (encoding TS1) on input
 line 182.
LaTeX Encoding Info:    Redeclaring text symbol \textparagraph (encoding TS1) o
n input line 183.
LaTeX Encoding Info:    Redeclaring text symbol \textperiodcentered (encoding T
S1) on input line 184.
LaTeX Encoding Info:    Redeclaring text symbol \textreferencemark (encoding TS
1) on input line 185.
LaTeX Encoding Info:    Redeclaring text symbol \textonesuperior (encoding TS1)
 on input line 186.
LaTeX Encoding Info:    Redeclaring text symbol \textordmasculine (encoding TS1
) on input line 187.
LaTeX Encoding Info:    Redeclaring text symbol \textsurd (encoding TS1) on inp
ut line 188.
LaTeX Encoding Info:    Redeclaring text symbol \textonequarter (encoding TS1) 
on input line 189.
LaTeX Encoding Info:    Redeclaring text symbol \textonehalf (encoding TS1) on 
input line 190.
LaTeX Encoding Info:    Redeclaring text symbol \textthreequarters (encoding TS
1) on input line 191.
LaTeX Encoding Info:    Redeclaring text symbol \texteuro (encoding TS1) on inp
ut line 192.
LaTeX Encoding Info:    Redeclaring text symbol \texttimes (encoding TS1) on in
put line 193.
LaTeX Encoding Info:    Redeclaring text symbol \textdiv (encoding TS1) on inpu
t line 194.
))
\l__ctex_tmp_int=\count274
\l__ctex_tmp_box=\box53
\l__ctex_tmp_dim=\dimen148
\g__ctex_section_depth_int=\count275
\g__ctex_font_size_int=\count276

(d:/texlive/2026/texmf-dist/tex/latex/ctex/config/ctexopts.cfg
File: ctexopts.cfg 2022/07/14 v2.5.10 Option configuration file (CTEX)
)
(d:/texlive/2026/texmf-dist/tex/latex/base/book.cls
Document Class: book 2025/01/22 v1.4n Standard LaTeX document class
(d:/texlive/2026/texmf-dist/tex/latex/base/bk11.clo
File: bk11.clo 2025/01/22 v1.4n Standard LaTeX file (size option)
)
\c@part=\count277
\c@chapter=\count278
\c@section=\count279
\c@subsection=\count280
\c@subsubsection=\count281
\c@paragraph=\count282
\c@subparagraph=\count283
\c@figure=\count284
\c@table=\count285
\abovecaptionskip=\skip49
\belowcaptionskip=\skip50
\bibindent=\dimen149
)
(d:/texlive/2026/texmf-dist/tex/latex/ctex/engine/ctex-engine-xetex.def
File: ctex-engine-xetex.def 2022/07/14 v2.5.10 XeLaTeX adapter (CTEX)

(d:/texlive/2026/texmf-dist/tex/xelatex/xecjk/xeCJK.sty
Package: xeCJK 2022/08/05 v3.9.1 Typesetting CJK scripts with XeLaTeX

(d:/texlive/2026/texmf-dist/tex/latex/l3packages/xtemplate/xtemplate.sty
Package: xtemplate 2025-10-09 L3 Experimental prototype document functions
)
\l__xeCJK_tmp_int=\count286
\l__xeCJK_tmp_box=\box54
\l__xeCJK_tmp_dim=\dimen150
\l__xeCJK_tmp_skip=\skip51
\g__xeCJK_space_factor_int=\count287
\l__xeCJK_begin_int=\count288
\l__xeCJK_end_int=\count289
\c__xeCJK_CJK_class_int=\XeTeXcharclass1
\c__xeCJK_FullLeft_class_int=\XeTeXcharclass2
\c__xeCJK_FullRight_class_int=\XeTeXcharclass3
\c__xeCJK_HalfLeft_class_int=\XeTeXcharclass4
\c__xeCJK_HalfRight_class_int=\XeTeXcharclass5
\c__xeCJK_NormalSpace_class_int=\XeTeXcharclass6
\c__xeCJK_CM_class_int=\XeTeXcharclass7
\c__xeCJK_HangulJamo_class_int=\XeTeXcharclass8
\l__xeCJK_last_skip=\skip52
\c__xeCJK_none_node=\count290
\g__xeCJK_node_int=\count291
\c__xeCJK_CJK_node_dim=\dimen151
\c__xeCJK_CJK-space_node_dim=\dimen152
\c__xeCJK_default_node_dim=\dimen153
\c__xeCJK_CJK-widow_node_dim=\dimen154
\c__xeCJK_normalspace_node_dim=\dimen155
\c__xeCJK_default-space_node_skip=\skip53
\l__xeCJK_ccglue_skip=\skip54
\l__xeCJK_ecglue_skip=\skip55
\l__xeCJK_punct_kern_skip=\skip56
\l__xeCJK_indent_box=\box55
\l__xeCJK_last_penalty_int=\count292
\l__xeCJK_last_bound_dim=\dimen156
\l__xeCJK_last_kern_dim=\dimen157
\l__xeCJK_widow_penalty_int=\count293

LaTeX template Info: Declaring template type 'xeCJK/punctuation' taking 0
(template)           argument(s) on line 2396.

\l__xeCJK_fixed_punct_width_dim=\dimen158
\l__xeCJK_mixed_punct_width_dim=\dimen159
\l__xeCJK_middle_punct_width_dim=\dimen160
\l__xeCJK_fixed_margin_width_dim=\dimen161
\l__xeCJK_mixed_margin_width_dim=\dimen162
\l__xeCJK_middle_margin_width_dim=\dimen163
\l__xeCJK_bound_punct_width_dim=\dimen164
\l__xeCJK_bound_margin_width_dim=\dimen165
\l__xeCJK_margin_minimum_dim=\dimen166
\l__xeCJK_kerning_total_width_dim=\dimen167
\l__xeCJK_same_align_margin_dim=\dimen168
\l__xeCJK_different_align_margin_dim=\dimen169
\l__xeCJK_kerning_margin_width_dim=\dimen170
\l__xeCJK_kerning_margin_minimum_dim=\dimen171
\l__xeCJK_bound_dim=\dimen172
\l__xeCJK_reverse_bound_dim=\dimen173
\l__xeCJK_margin_dim=\dimen174
\l__xeCJK_minimum_bound_dim=\dimen175
\l__xeCJK_kerning_margin_dim=\dimen176
\g__xeCJK_family_int=\count294
\l__xeCJK_fam_int=\count295
\g__xeCJK_fam_allocation_int=\count296
\l__xeCJK_verb_case_int=\count297
\l__xeCJK_verb_exspace_skip=\skip57

(d:/texlive/2026/texmf-dist/tex/latex/fontspec/fontspec.sty
(d:/texlive/2026/texmf-dist/tex/latex/l3packages/xparse/xparse.sty
Package: xparse 2025-10-09 L3 Experimental document command parser
)
Package: fontspec 2025/09/29 v2.9g Font selection for XeLaTeX and LuaLaTeX

(d:/texlive/2026/texmf-dist/tex/latex/fontspec/fontspec-xetex.sty
Package: fontspec-xetex 2025/09/29 v2.9g Font selection for XeLaTeX and LuaLaTe
X
\l__fontspec_script_int=\count298
\l__fontspec_language_int=\count299
\l__fontspec_strnum_int=\count300
\l__fontspec_tmp_int=\count301
\l__fontspec_tmpa_int=\count302
\l__fontspec_tmpb_int=\count303
\l__fontspec_tmpc_int=\count304
\l__fontspec_em_int=\count305
\l__fontspec_emdef_int=\count306
\l__fontspec_strong_int=\count307
\l__fontspec_strongdef_int=\count308
\l__fontspec_tmpa_dim=\dimen177
\l__fontspec_tmpb_dim=\dimen178
\l__fontspec_tmpc_dim=\dimen179

(d:/texlive/2026/texmf-dist/tex/latex/base/fontenc.sty
Package: fontenc 2025/07/18 v2.1d Standard LaTeX package
)
(d:/texlive/2026/texmf-dist/tex/latex/fontspec/fontspec.cfg)))
(d:/texlive/2026/texmf-dist/tex/xelatex/xecjk/xeCJK.cfg
File: xeCJK.cfg 2022/08/05 v3.9.1 Configuration file for xeCJK package
))
\ccwd=\dimen180
\l__ctex_ccglue_skip=\skip58
)
\l__ctex_ziju_dim=\dimen181

(d:/texlive/2026/texmf-dist/tex/latex/zhnumber/zhnumber.sty
Package: zhnumber 2022/07/14 v3.0 Typesetting numbers with Chinese glyphs
\l__zhnum_scale_int=\count309
\l__zhnum_tmp_int=\count310

(d:/texlive/2026/texmf-dist/tex/latex/zhnumber/zhnumber-utf8.cfg
File: zhnumber-utf8.cfg 2022/07/14 v3.0 Chinese numerals with UTF8 encoding
))
\l__ctex_heading_skip=\skip59

(d:/texlive/2026/texmf-dist/tex/latex/ctex/scheme/ctex-scheme-chinese-book.def
File: ctex-scheme-chinese-book.def 2022/07/14 v2.5.10 Chinese scheme for book (
CTEX)

(d:/texlive/2026/texmf-dist/tex/latex/ctex/config/ctex-name-utf8.cfg
File: ctex-name-utf8.cfg 2022/07/14 v2.5.10 Caption with encoding UTF-8 (CTEX)
))
(d:/texlive/2026/texmf-dist/tex/latex/ctex/fontset/ctex-fontset-windows.def
File: ctex-fontset-windows.def 2022/07/14 v2.5.10 Windows fonts definition (CTE
X)

Package fontspec Info: 
(fontspec)             Could not resolve font "KaiTi/B" (it probably doesn't
(fontspec)             exist).


Package fontspec Info: 
(fontspec)             Could not resolve font "SimHei/I" (it probably doesn't
(fontspec)             exist).


Package fontspec Info: 
(fontspec)             Could not resolve font "SimSun/BI" (it probably doesn't
(fontspec)             exist).


Package fontspec Info: 
(fontspec)             Font family 'SimSun(0)' created for font 'SimSun' with
(fontspec)             options
(fontspec)             [Script={CJK},BoldFont={SimHei},ItalicFont={KaiTi}].
(fontspec)              
(fontspec)              This font family consists of the following NFSS
(fontspec)             series/shapes:
(fontspec)              
(fontspec)             - 'normal' (m/n) with NFSS spec.:
(fontspec)             <->"SimSun/OT:script=hani;language=dflt;"
(fontspec)             - 'bold' (b/n) with NFSS spec.:
(fontspec)             <->"SimHei/OT:script=hani;language=dflt;"
(fontspec)             - 'italic' (m/it) with NFSS spec.:
(fontspec)             <->"KaiTi/OT:script=hani;language=dflt;"

))
(d:/texlive/2026/texmf-dist/tex/latex/ctex/config/ctex.cfg
File: ctex.cfg 2022/07/14 v2.5.10 Configuration file (CTEX)
)
(./statlearnbook.sty (../../../manifests/release_version.tex)
Package: statlearnbook 2026/08/17 v2.7.0\ beginner-oriented full edition for th
e five-volume statistical learning textbook

(d:/texlive/2026/texmf-dist/tex/generic/iftex/iftex.sty
Package: iftex 2024/12/12 v1.0g TeX engine tests
)

Package fontspec Info: 
(fontspec)             STIX Two Text scale = 0.9112024393477395.


Package fontspec Info: 
(fontspec)             STIX Two Text scale = 1.


Package fontspec Info: 
(fontspec)             STIX Two Text scale = 0.9112024393477395.


Package fontspec Info: 
(fontspec)             STIX Two Text scale = 1.


Package fontspec Info: 
(fontspec)             STIX Two Text scale = 0.9112024393477395.


Package fontspec Info: 
(fontspec)             STIX Two Text scale = 1.


Package fontspec Info: 
(fontspec)             STIX Two Text/B scale = 0.9112024393477395.


Package fontspec Info: 
(fontspec)             STIX Two Text/B scale = 1.


Package fontspec Info: 
(fontspec)             STIX Two Text/B scale = 0.9112024393477395.


Package fontspec Info: 
(fontspec)             STIX Two Text/B scale = 1.


Package fontspec Info: 
(fontspec)             STIX Two Text/I scale = 0.9229102823092004.


Package fontspec Info: 
(fontspec)             STIX Two Text/I scale = 1.


Package fontspec Info: 
(fontspec)             STIX Two Text/I scale = 0.9229102823092004.


Package fontspec Info: 
(fontspec)             STIX Two Text/I scale = 1.


Package fontspec Info: 
(fontspec)             STIX Two Text/BI scale = 0.9150710059171598.


Package fontspec Info: 
(fontspec)             STIX Two Text/BI scale = 1.


Package fontspec Info: 
(fontspec)             STIX Two Text/BI scale = 0.9150710059171598.


Package fontspec Info: 
(fontspec)             STIX Two Text/BI scale = 1.


Package fontspec Info: 
(fontspec)             Font family 'STIXTwoText(0)' created for font 'STIX Two
(fontspec)             Text' with options
(fontspec)             [Ligatures=TeX,Scale=MatchLowercase,Ligatures=TeX,Scale=
1].
(fontspec)              
(fontspec)              This font family consists of the following NFSS
(fontspec)             series/shapes:
(fontspec)              
(fontspec)             - 'normal' (m/n) with NFSS spec.: <->s*[1]"STIX Two
(fontspec)             Text/OT:script=latn;language=dflt;mapping=tex-text;"
(fontspec)             - 'small caps'  (m/sc) with NFSS spec.: <->s*[1]"STIX
(fontspec)             Two
(fontspec)             Text/OT:script=latn;language=dflt;+smcp;mapping=tex-text
;"
(fontspec)             - 'bold' (b/n) with NFSS spec.: <->s*[1]"STIX Two
(fontspec)             Text/B/OT:script=latn;language=dflt;mapping=tex-text;"
(fontspec)             - 'bold small caps'  (b/sc) with NFSS spec.:
(fontspec)             <->s*[1]"STIX Two
(fontspec)             Text/B/OT:script=latn;language=dflt;+smcp;mapping=tex-te
xt;"
(fontspec)             - 'italic' (m/it) with NFSS spec.: <->s*[1]"STIX Two
(fontspec)             Text/I/OT:script=latn;language=dflt;mapping=tex-text;"
(fontspec)             - 'italic small caps'  (m/scit) with NFSS spec.:
(fontspec)             <->s*[1]"STIX Two
(fontspec)             Text/I/OT:script=latn;language=dflt;+smcp;mapping=tex-te
xt;"
(fontspec)             - 'bold italic' (b/it) with NFSS spec.: <->s*[1]"STIX
(fontspec)             Two
(fontspec)             Text/BI/OT:script=latn;language=dflt;mapping=tex-text;"
(fontspec)             - 'bold italic small caps'  (b/scit) with NFSS spec.:
(fontspec)             <->s*[1]"STIX Two
(fontspec)             Text/BI/OT:script=latn;language=dflt;+smcp;mapping=tex-t
ext;"

LaTeX Font Info:    Font shape `TU/STIXTwoText(0)/m/n' will be
(Font)              scaled to size 10.95pt on input line 24.

Package fontspec Info: 
(fontspec)             TeX Gyre Heros scale = 0.9026707762350646.


Package fontspec Info: 
(fontspec)             TeX Gyre Heros scale = 1.


Package fontspec Info: 
(fontspec)             TeX Gyre Heros scale = 0.9026707762350646.


Package fontspec Info: 
(fontspec)             TeX Gyre Heros scale = 1.


Package fontspec Info: 
(fontspec)             TeX Gyre Heros scale = 0.9026707762350646.


Package fontspec Info: 
(fontspec)             TeX Gyre Heros scale = 1.


Package fontspec Info: 
(fontspec)             TeX Gyre Heros/B scale = 0.875924802910855.


Package fontspec Info: 
(fontspec)             TeX Gyre Heros/B scale = 1.


Package fontspec Info: 
(fontspec)             TeX Gyre Heros/B scale = 0.875924802910855.


Package fontspec Info: 
(fontspec)             TeX Gyre Heros/B scale = 1.


Package fontspec Info: 
(fontspec)             TeX Gyre Heros/I scale = 0.9026707762350646.


Package fontspec Info: 
(fontspec)             TeX Gyre Heros/I scale = 1.


Package fontspec Info: 
(fontspec)             TeX Gyre Heros/I scale = 0.9026707762350646.


Package fontspec Info: 
(fontspec)             TeX Gyre Heros/I scale = 1.


Package fontspec Info: 
(fontspec)             TeX Gyre Heros/BI scale = 0.875924802910855.


Package fontspec Info: 
(fontspec)             TeX Gyre Heros/BI scale = 1.


Package fontspec Info: 
(fontspec)             TeX Gyre Heros/BI scale = 0.875924802910855.


Package fontspec Info: 
(fontspec)             TeX Gyre Heros/BI scale = 1.


Package fontspec Info: 
(fontspec)             Font family 'TeXGyreHeros(0)' created for font 'TeX
(fontspec)             Gyre Heros' with options
(fontspec)             [Ligatures=TeX,Scale=MatchLowercase,Ligatures=TeX,Scale=
1].
(fontspec)              
(fontspec)              This font family consists of the following NFSS
(fontspec)             series/shapes:
(fontspec)              
(fontspec)             - 'normal' (m/n) with NFSS spec.: <->s*[1]"TeX Gyre
(fontspec)             Heros/OT:script=latn;language=dflt;mapping=tex-text;"
(fontspec)             - 'small caps'  (m/sc) with NFSS spec.: <->s*[1]"TeX
(fontspec)             Gyre
(fontspec)             Heros/OT:script=latn;language=dflt;+smcp;mapping=tex-tex
t;"
(fontspec)             - 'bold' (b/n) with NFSS spec.: <->s*[1]"TeX Gyre
(fontspec)             Heros/B/OT:script=latn;language=dflt;mapping=tex-text;"
(fontspec)             - 'bold small caps'  (b/sc) with NFSS spec.:
(fontspec)             <->s*[1]"TeX Gyre
(fontspec)             Heros/B/OT:script=latn;language=dflt;+smcp;mapping=tex-t
ext;"
(fontspec)             - 'italic' (m/it) with NFSS spec.: <->s*[1]"TeX Gyre
(fontspec)             Heros/I/OT:script=latn;language=dflt;mapping=tex-text;"
(fontspec)             - 'italic small caps'  (m/scit) with NFSS spec.:
(fontspec)             <->s*[1]"TeX Gyre
(fontspec)             Heros/I/OT:script=latn;language=dflt;+smcp;mapping=tex-t
ext;"
(fontspec)             - 'bold italic' (b/it) with NFSS spec.: <->s*[1]"TeX
(fontspec)             Gyre
(fontspec)             Heros/BI/OT:script=latn;language=dflt;mapping=tex-text;"

(fontspec)             - 'bold italic small caps'  (b/scit) with NFSS spec.:
(fontspec)             <->s*[1]"TeX Gyre
(fontspec)             Heros/BI/OT:script=latn;language=dflt;+smcp;mapping=tex-
text;"



Package xeCJK Warning: Redefining CJKfamily `\CJKrmdefault' (SimSun(0)).


Package fontspec Info: 
(fontspec)             Noto Serif SC scale = 0.9202319598109837.


Package fontspec Info: 
(fontspec)             Noto Serif SC scale = 1.


Package fontspec Info: 
(fontspec)             Noto Serif SC scale = 0.9202319598109837.


Package fontspec Info: 
(fontspec)             Noto Serif SC scale = 1.


Package fontspec Info: 
(fontspec)             Noto Sans SC Bold scale = 0.8710851288789431.


Package fontspec Info: 
(fontspec)             Noto Sans SC Bold scale = 1.


Package fontspec Info: 
(fontspec)             Noto Serif SC scale = 0.9202319598109837.


Package fontspec Info: 
(fontspec)             Noto Serif SC scale = 1.


Package fontspec Info: 
(fontspec)             Noto Sans SC Bold scale = 0.8710851288789431.


Package fontspec Info: 
(fontspec)             Noto Sans SC Bold scale = 1.


Package fontspec Info: 
(fontspec)             Font family 'NotoSerifSC(0)' created for font 'Noto
(fontspec)             Serif SC' with options
(fontspec)             [Ligatures=TeX,Scale=MatchLowercase,Script={CJK},Scale={
1},BoldItalicFont={Noto
(fontspec)             Sans SC Bold},BoldFont={Noto Sans SC
(fontspec)             Bold},ItalicFont={Noto Serif SC}].
(fontspec)              
(fontspec)              This font family consists of the following NFSS
(fontspec)             series/shapes:
(fontspec)              
(fontspec)             - 'normal' (m/n) with NFSS spec.: <->s*[1]"Noto Serif
(fontspec)             SC/OT:script=hani;language=dflt;mapping=tex-text;"
(fontspec)             - 'bold' (b/n) with NFSS spec.: <->s*[1]"Noto Sans SC
(fontspec)             Bold/OT:script=hani;language=dflt;mapping=tex-text;"
(fontspec)             - 'italic' (m/it) with NFSS spec.: <->s*[1]"Noto Serif
(fontspec)             SC/OT:script=hani;language=dflt;mapping=tex-text;"
(fontspec)             - 'bold italic' (b/it) with NFSS spec.: <->s*[1]"Noto
(fontspec)             Sans SC
(fontspec)             Bold/OT:script=hani;language=dflt;mapping=tex-text;"


Package xeCJK Warning: Redefining CJKfamily `\CJKsfdefault' (Microsoft YaHei).

(d:/texlive/2026/texmf-dist/tex/latex/amsmath/amsmath.sty
Package: amsmath 2025/07/09 v2.17z AMS math features
\@mathmargin=\skip60

For additional information on amsmath, use the `?' option.
(d:/texlive/2026/texmf-dist/tex/latex/amsmath/amstext.sty
Package: amstext 2024/11/17 v2.01 AMS text

(d:/texlive/2026/texmf-dist/tex/latex/amsmath/amsgen.sty
File: amsgen.sty 1999/11/30 v2.0 generic functions
\@emptytoks=\toks17
\ex@=\dimen182
))
(d:/texlive/2026/texmf-dist/tex/latex/amsmath/amsbsy.sty
Package: amsbsy 1999/11/29 v1.2d Bold Symbols
\pmbraise@=\dimen183
)
(d:/texlive/2026/texmf-dist/tex/latex/amsmath/amsopn.sty
Package: amsopn 2022/04/08 v2.04 operator names
)
\inf@bad=\count311
LaTeX Info: Redefining \frac on input line 233.
\uproot@=\count312
\leftroot@=\count313
LaTeX Info: Redefining \overline on input line 398.
LaTeX Info: Redefining \colon on input line 409.
\classnum@=\count314
\DOTSCASE@=\count315
LaTeX Info: Redefining \ldots on input line 495.
LaTeX Info: Redefining \dots on input line 498.
LaTeX Info: Redefining \cdots on input line 619.
\Mathstrutbox@=\box56
\strutbox@=\box57
LaTeX Info: Redefining \big on input line 721.
LaTeX Info: Redefining \Big on input line 722.
LaTeX Info: Redefining \bigg on input line 723.
LaTeX Info: Redefining \Bigg on input line 724.
\big@size=\dimen184
LaTeX Font Info:    Redeclaring font encoding OML on input line 742.
LaTeX Font Info:    Redeclaring font encoding OMS on input line 743.
\macc@depth=\count316
LaTeX Info: Redefining \bmod on input line 904.
LaTeX Info: Redefining \pmod on input line 909.
LaTeX Info: Redefining \smash on input line 939.
LaTeX Info: Redefining \relbar on input line 969.
LaTeX Info: Redefining \Relbar on input line 970.
\c@MaxMatrixCols=\count317
\dotsspace@=\muskip17
\c@parentequation=\count318
\dspbrk@lvl=\count319
\tag@help=\toks18
\row@=\count320
\column@=\count321
\maxfields@=\count322
\andhelp@=\toks19
\eqnshift@=\dimen185
\alignsep@=\dimen186
\tagshift@=\dimen187
\tagwidth@=\dimen188
\totwidth@=\dimen189
\lineht@=\dimen190
\@envbody=\toks20
\multlinegap=\skip61
\multlinetaggap=\skip62
\mathdisplay@stack=\toks21
LaTeX Info: Redefining \[ on input line 2950.
LaTeX Info: Redefining \] on input line 2951.
)
(d:/texlive/2026/texmf-dist/tex/latex/mathtools/mathtools.sty
Package: mathtools 2024/10/04 v1.31 mathematical typesetting tools

(d:/texlive/2026/texmf-dist/tex/latex/graphics/keyval.sty
Package: keyval 2022/05/29 v1.15 key=value parser (DPC)
\KV@toks@=\toks22
)
(d:/texlive/2026/texmf-dist/tex/latex/tools/calc.sty
Package: calc 2025/03/01 v4.3b Infix arithmetic (KKT,FJ)
\calc@Acount=\count323
\calc@Bcount=\count324
\calc@Adimen=\dimen191
\calc@Bdimen=\dimen192
\calc@Askip=\skip63
\calc@Bskip=\skip64
LaTeX Info: Redefining \setlength on input line 86.
LaTeX Info: Redefining \addtolength on input line 87.
\calc@Ccount=\count325
\calc@Cskip=\skip65
)
(d:/texlive/2026/texmf-dist/tex/latex/mathtools/mhsetup.sty
Package: mhsetup 2021/03/18 v1.4 programming setup (MH)
)
\g_MT_multlinerow_int=\count326
\l_MT_multwidth_dim=\dimen193
\origjot=\skip66
\l_MT_shortvdotswithinadjustabove_dim=\dimen194
\l_MT_shortvdotswithinadjustbelow_dim=\dimen195
\l_MT_above_intertext_sep=\dimen196
\l_MT_below_intertext_sep=\dimen197
\l_MT_above_shortintertext_sep=\dimen198
\l_MT_below_shortintertext_sep=\dimen199
\xmathstrut@box=\box58
\xmathstrut@dim=\dimen256
)
(d:/texlive/2026/texmf-dist/tex/latex/unicode-math/unicode-math.sty
Package: unicode-math 2023/08/13 v0.8r Unicode maths in XeLaTeX and LuaLaTeX

(d:/texlive/2026/texmf-dist/tex/latex/unicode-math/unicode-math-xetex.sty
Package: unicode-math-xetex 2023/08/13 v0.8r Unicode maths in XeLaTeX and LuaLa
TeX

(d:/texlive/2026/texmf-dist/tex/latex/l3packages/l3keys2e/l3keys2e.sty
Package: l3keys2e 2025-10-09 LaTeX2e option processing using LaTeX3 keys
)
\g__um_fam_int=\count327
\g__um_fonts_used_int=\count328
\l__um_primecount_int=\count329
\g__um_primekern_muskip=\muskip18

(d:/texlive/2026/texmf-dist/tex/latex/unicode-math/unicode-math-table.tex)))

Package fontspec Info: 
(fontspec)             STIX Two Math scale = 0.9999970539278506.


Package fontspec Info: 
(fontspec)             STIX Two Math scale = 1.


Package fontspec Info: 
(fontspec)             Could not resolve font "STIX Two Math/B" (it probably
(fontspec)             doesn't exist).


Package fontspec Info: 
(fontspec)             STIX Two Math scale = 0.9999970539278506.


Package fontspec Info: 
(fontspec)             STIX Two Math scale = 1.


Package fontspec Info: 
(fontspec)             Font family 'STIXTwoMath(0)' created for font 'STIX Two
(fontspec)             Math' with options
(fontspec)             [Ligatures=TeX,Scale=MatchLowercase,BoldItalicFont={},It
alicFont={},SmallCapsFont={},Script=Math,Scale={1}].
(fontspec)              
(fontspec)              This font family consists of the following NFSS
(fontspec)             series/shapes:
(fontspec)              
(fontspec)             - 'normal' (m/n) with NFSS spec.: <->s*[1]"STIX Two
(fontspec)             Math/OT:script=math;language=dflt;mapping=tex-text;"

LaTeX Font Info:    Font shape `TU/STIXTwoMath(0)/m/n' will be
(Font)              scaled to size 10.95pt on input line 72.

Package fontspec Info: 
(fontspec)             STIX Two Math scale = 0.9999970539278506.


Package fontspec Info: 
(fontspec)             STIX Two Math scale = 1.


Package fontspec Info: 
(fontspec)             Could not resolve font "STIX Two Math/B" (it probably
(fontspec)             doesn't exist).


Package fontspec Info: 
(fontspec)             STIX Two Math scale = 0.9999970539278506.


Package fontspec Info: 
(fontspec)             STIX Two Math scale = 1.


Package fontspec Info: 
(fontspec)             STIX Two Math scale = 0.9999970539278506.


Package fontspec Info: 
(fontspec)             STIX Two Math scale = 1.


Package fontspec Info: 
(fontspec)             STIX Two Math scale = 0.9999970539278506.


Package fontspec Info: 
(fontspec)             STIX Two Math scale = 1.


Package fontspec Info: 
(fontspec)             Font family 'STIXTwoMath(1)' created for font 'STIX Two
(fontspec)             Math' with options
(fontspec)             [Ligatures=TeX,Scale=MatchLowercase,BoldItalicFont={},It
alicFont={},SmallCapsFont={},Script=Math,SizeFeatures={{Size=9.3075-},{Size=6.8
4375-9.3075,Font=STIX
(fontspec)             Two Math,Style=MathScript},{Size=-6.84375,Font=STIX Two
(fontspec)             Math,Style=MathScriptScript}},Scale={1}].
(fontspec)              
(fontspec)              This font family consists of the following NFSS
(fontspec)             series/shapes:
(fontspec)              
(fontspec)             - 'normal' (m/n) with NFSS spec.: <9.3075->s*[1]"STIX
(fontspec)             Two
(fontspec)             Math/OT:script=math;language=dflt;mapping=tex-text;"<6.8
4375-9.3075>s*[1]"STIX
(fontspec)             Two
(fontspec)             Math/OT:script=math;language=dflt;+ssty=0;mapping=tex-te
xt;"<-6.84375>s*[1]"STIX
(fontspec)             Two
(fontspec)             Math/OT:script=math;language=dflt;+ssty=1;mapping=tex-te
xt;"

LaTeX Font Info:    Font shape `TU/STIXTwoMath(1)/m/n' will be
(Font)              scaled to size 10.95pt on input line 72.
LaTeX Font Info:    Encoding `OT1' has changed to `TU' for symbol font
(Font)              `operators' in the math version `normal' on input line 72.
LaTeX Font Info:    Overwriting symbol font `operators' in version `normal'
(Font)                  OT1/cmr/m/n --> TU/STIXTwoMath(1)/m/n on input line 72.

LaTeX Font Info:    Encoding `OT1' has changed to `TU' for symbol font
(Font)              `operators' in the math version `bold' on input line 72.
LaTeX Font Info:    Overwriting symbol font `operators' in version `bold'
(Font)                  OT1/cmr/bx/n --> TU/STIXTwoMath(1)/b/n on input line 72
.

Package fontspec Info: 
(fontspec)             STIX Two Math scale = 0.9999970539278506.


Package fontspec Info: 
(fontspec)             STIX Two Math scale = 1.


Package fontspec Info: 
(fontspec)             STIX Two Math scale = 1.0001.


Package fontspec Info: 
(fontspec)             Could not resolve font "STIX Two Math/B" (it probably
(fontspec)             doesn't exist).


Package fontspec Info: 
(fontspec)             STIX Two Math scale = 0.9999970539278506.


Package fontspec Info: 
(fontspec)             STIX Two Math scale = 1.


Package fontspec Info: 
(fontspec)             STIX Two Math scale = 1.0001.


Package fontspec Info: 
(fontspec)             STIX Two Math scale = 0.9999970539278506.


Package fontspec Info: 
(fontspec)             STIX Two Math scale = 1.


Package fontspec Info: 
(fontspec)             STIX Two Math scale = 1.0001.


Package fontspec Info: 
(fontspec)             STIX Two Math scale = 0.9999970539278506.


Package fontspec Info: 
(fontspec)             STIX Two Math scale = 1.


Package fontspec Info: 
(fontspec)             STIX Two Math scale = 1.0001.


Package fontspec Info: 
(fontspec)             Font family 'STIXTwoMath(2)' created for font 'STIX Two
(fontspec)             Math' with options
(fontspec)             [Ligatures=TeX,Scale=MatchLowercase,BoldItalicFont={},It
alicFont={},SmallCapsFont={},Script=Math,SizeFeatures={{Size=9.3075-},{Size=6.8
4375-9.3075,Font=STIX
(fontspec)             Two Math,Style=MathScript},{Size=-6.84375,Font=STIX Two
(fontspec)             Math,Style=MathScriptScript}},Scale={1},ScaleAgain=1.000
1,FontAdjustment={\fontdimen
(fontspec)             8\font =7.008pt\relax \fontdimen 9\font
(fontspec)             =6.40575pt\relax \fontdimen 10\font =5.1465pt\relax
(fontspec)             \fontdimen 11\font =7.008pt\relax \fontdimen 12\font
(fontspec)             =6.40575pt\relax \fontdimen 13\font =3.942pt\relax
(fontspec)             \fontdimen 14\font =3.942pt\relax \fontdimen 15\font
(fontspec)             =2.7594pt\relax \fontdimen 16\font =2.2995pt\relax
(fontspec)             \fontdimen 17\font =2.2995pt\relax \fontdimen 18\font
(fontspec)             =2.5185pt\relax \fontdimen 19\font =1.752pt\relax
(fontspec)             \fontdimen 22\font =2.8251pt\relax \fontdimen 20\font
(fontspec)             =0pt\relax \fontdimen 21\font =0pt\relax }].
(fontspec)              
(fontspec)              This font family consists of the following NFSS
(fontspec)             series/shapes:
(fontspec)              
(fontspec)             - 'normal' (m/n) with NFSS spec.:
(fontspec)             <9.3075->s*[1.0001]"STIX Two
(fontspec)             Math/OT:script=math;language=dflt;mapping=tex-text;"<6.8
4375-9.3075>s*[1.0001]"STIX
(fontspec)             Two
(fontspec)             Math/OT:script=math;language=dflt;+ssty=0;mapping=tex-te
xt;"<-6.84375>s*[1.0001]"STIX
(fontspec)             Two
(fontspec)             Math/OT:script=math;language=dflt;+ssty=1;mapping=tex-te
xt;"

LaTeX Font Info:    Encoding `OMS' has changed to `TU' for symbol font
(Font)              `symbols' in the math version `normal' on input line 72.
LaTeX Font Info:    Overwriting symbol font `symbols' in version `normal'
(Font)                  OMS/cmsy/m/n --> TU/STIXTwoMath(2)/m/n on input line 72
.
LaTeX Font Info:    Encoding `OMS' has changed to `TU' for symbol font
(Font)              `symbols' in the math version `bold' on input line 72.
LaTeX Font Info:    Overwriting symbol font `symbols' in version `bold'
(Font)                  OMS/cmsy/b/n --> TU/STIXTwoMath(2)/b/n on input line 72
.

Package fontspec Info: 
(fontspec)             STIX Two Math scale = 0.9999970539278506.


Package fontspec Info: 
(fontspec)             STIX Two Math scale = 1.


Package fontspec Info: 
(fontspec)             STIX Two Math scale = 0.9999.


Package fontspec Info: 
(fontspec)             Could not resolve font "STIX Two Math/B" (it probably
(fontspec)             doesn't exist).


Package fontspec Info: 
(fontspec)             STIX Two Math scale = 0.9999970539278506.


Package fontspec Info: 
(fontspec)             STIX Two Math scale = 1.


Package fontspec Info: 
(fontspec)             STIX Two Math scale = 0.9999.


Package fontspec Info: 
(fontspec)             STIX Two Math scale = 0.9999970539278506.


Package fontspec Info: 
(fontspec)             STIX Two Math scale = 1.


Package fontspec Info: 
(fontspec)             STIX Two Math scale = 0.9999.


Package fontspec Info: 
(fontspec)             STIX Two Math scale = 0.9999970539278506.


Package fontspec Info: 
(fontspec)             STIX Two Math scale = 1.


Package fontspec Info: 
(fontspec)             STIX Two Math scale = 0.9999.


Package fontspec Info: 
(fontspec)             Font family 'STIXTwoMath(3)' created for font 'STIX Two
(fontspec)             Math' with options
(fontspec)             [Ligatures=TeX,Scale=MatchLowercase,BoldItalicFont={},It
alicFont={},SmallCapsFont={},Script=Math,SizeFeatures={{Size=9.3075-},{Size=6.8
4375-9.3075,Font=STIX
(fontspec)             Two Math,Style=MathScript},{Size=-6.84375,Font=STIX Two
(fontspec)             Math,Style=MathScriptScript}},Scale={1},ScaleAgain=0.999
9,FontAdjustment={\fontdimen
(fontspec)             8\font =0.7446pt\relax \fontdimen 9\font
(fontspec)             =1.47826pt\relax \fontdimen 10\font =1.47826pt\relax
(fontspec)             \fontdimen 11\font =3.285pt\relax \fontdimen 12\font
(fontspec)             =7.3365pt\relax \fontdimen 13\font =0pt\relax }].
(fontspec)              
(fontspec)              This font family consists of the following NFSS
(fontspec)             series/shapes:
(fontspec)              
(fontspec)             - 'normal' (m/n) with NFSS spec.:
(fontspec)             <9.3075->s*[0.9999]"STIX Two
(fontspec)             Math/OT:script=math;language=dflt;mapping=tex-text;"<6.8
4375-9.3075>s*[0.9999]"STIX
(fontspec)             Two
(fontspec)             Math/OT:script=math;language=dflt;+ssty=0;mapping=tex-te
xt;"<-6.84375>s*[0.9999]"STIX
(fontspec)             Two
(fontspec)             Math/OT:script=math;language=dflt;+ssty=1;mapping=tex-te
xt;"

LaTeX Font Info:    Encoding `OMX' has changed to `TU' for symbol font
(Font)              `largesymbols' in the math version `normal' on input line 7
2.
LaTeX Font Info:    Overwriting symbol font `largesymbols' in version `normal'
(Font)                  OMX/cmex/m/n --> TU/STIXTwoMath(3)/m/n on input line 72
.
LaTeX Font Info:    Encoding `OMX' has changed to `TU' for symbol font
(Font)              `largesymbols' in the math version `bold' on input line 72.

LaTeX Font Info:    Overwriting symbol font `largesymbols' in version `bold'
(Font)                  OMX/cmex/m/n --> TU/STIXTwoMath(3)/b/n on input line 72
.
LaTeX Font Info:    Redeclaring math version `bold' on input line 76.

Package fontspec Info: 
(fontspec)             XITSMath-Bold scale = 1.026029024584143.


Package fontspec Info: 
(fontspec)             XITSMath-Bold scale = 1.


Package fontspec Info: 
(fontspec)             XITSMath-Bold scale = 1.026029024584143.


Package fontspec Info: 
(fontspec)             XITSMath-Bold scale = 1.


Package fontspec Info: 
(fontspec)             Font family 'XITSMath-Bold.otf(0)' created for font
(fontspec)             'XITSMath-Bold.otf' with options
(fontspec)             [Ligatures=TeX,Scale=MatchLowercase,BoldItalicFont={},It
alicFont={},SmallCapsFont={},Script=Math,Scale={1}].
(fontspec)              
(fontspec)              This font family consists of the following NFSS
(fontspec)             series/shapes:
(fontspec)              
(fontspec)             - 'normal' (m/n) with NFSS spec.:
(fontspec)             <->s*[1]"[XITSMath-Bold.otf]/OT:script=math;language=dfl
t;mapping=tex-text;"

LaTeX Font Info:    Font shape `TU/XITSMath-Bold.otf(0)/m/n' will be
(Font)              scaled to size 10.95pt on input line 76.

Package fontspec Info: 
(fontspec)             XITSMath-Bold scale = 1.026029024584143.


Package fontspec Info: 
(fontspec)             XITSMath-Bold scale = 1.


Package fontspec Info: 
(fontspec)             XITSMath-Bold scale = 1.026029024584143.


Package fontspec Info: 
(fontspec)             XITSMath-Bold scale = 1.


Package fontspec Info: 
(fontspec)             XITSMath-Bold scale = 1.026029024584143.


Package fontspec Info: 
(fontspec)             XITSMath-Bold scale = 1.


Package fontspec Info: 
(fontspec)             XITSMath-Bold scale = 1.026029024584143.


Package fontspec Info: 
(fontspec)             XITSMath-Bold scale = 1.


Package fontspec Info: 
(fontspec)             Font family 'XITSMath-Bold.otf(1)' created for font
(fontspec)             'XITSMath-Bold.otf' with options
(fontspec)             [Ligatures=TeX,Scale=MatchLowercase,BoldItalicFont={},It
alicFont={},SmallCapsFont={},Script=Math,SizeFeatures={{Size=9.58125-},{Size=7.
39125-9.58125,Font=XITSMath-Bold.otf,Style=MathScript},{Size=-7.39125,Font=XITS
Math-Bold.otf,Style=MathScriptScript}},Scale={1}].
(fontspec)              
(fontspec)              This font family consists of the following NFSS
(fontspec)             series/shapes:
(fontspec)              
(fontspec)             - 'normal' (m/n) with NFSS spec.:
(fontspec)             <9.58125->s*[1]"[XITSMath-Bold.otf]/OT:script=math;langu
age=dflt;mapping=tex-text;"<7.39125-9.58125>s*[1]"[XITSMath-Bold.otf]/OT:script
=math;language=dflt;+ssty=0;mapping=tex-text;"<-7.39125>s*[1]"[XITSMath-Bold.ot
f]/OT:script=math;language=dflt;+ssty=1;mapping=tex-text;"

LaTeX Font Info:    Font shape `TU/XITSMath-Bold.otf(1)/m/n' will be
(Font)              scaled to size 10.95pt on input line 76.
LaTeX Font Info:    Encoding `OT1' has changed to `TU' for symbol font
(Font)              `operators' in the math version `bold' on input line 76.
LaTeX Font Info:    Overwriting symbol font `operators' in version `bold'
(Font)                  OT1/cmr/m/n --> TU/XITSMath-Bold.otf(1)/m/n on input li
ne 76.

Package fontspec Info: 
(fontspec)             XITSMath-Bold scale = 1.026029024584143.


Package fontspec Info: 
(fontspec)             XITSMath-Bold scale = 1.


Package fontspec Info: 
(fontspec)             XITSMath-Bold scale = 1.0001.


Package fontspec Info: 
(fontspec)             XITSMath-Bold scale = 1.026029024584143.


Package fontspec Info: 
(fontspec)             XITSMath-Bold scale = 1.


Package fontspec Info: 
(fontspec)             XITSMath-Bold scale = 1.0001.


Package fontspec Info: 
(fontspec)             XITSMath-Bold scale = 1.026029024584143.


Package fontspec Info: 
(fontspec)             XITSMath-Bold scale = 1.


Package fontspec Info: 
(fontspec)             XITSMath-Bold scale = 1.0001.


Package fontspec Info: 
(fontspec)             XITSMath-Bold scale = 1.026029024584143.


Package fontspec Info: 
(fontspec)             XITSMath-Bold scale = 1.


Package fontspec Info: 
(fontspec)             XITSMath-Bold scale = 1.0001.


Package fontspec Info: 
(fontspec)             Font family 'XITSMath-Bold.otf(2)' created for font
(fontspec)             'XITSMath-Bold.otf' with options
(fontspec)             [Ligatures=TeX,Scale=MatchLowercase,BoldItalicFont={},It
alicFont={},SmallCapsFont={},Script=Math,SizeFeatures={{Size=9.58125-},{Size=7.
39125-9.58125,Font=XITSMath-Bold.otf,Style=MathScript},{Size=-7.39125,Font=XITS
Math-Bold.otf,Style=MathScriptScript}},Scale={1},ScaleAgain=1.0001,FontAdjustme
nt={\fontdimen
(fontspec)             8\font =6.351pt\relax \fontdimen 9\font =5.256pt\relax
(fontspec)             \fontdimen 10\font =5.256pt\relax \fontdimen 11\font
(fontspec)             =7.665pt\relax \fontdimen 12\font =5.256pt\relax
(fontspec)             \fontdimen 13\font =4.38pt\relax \fontdimen 14\font
(fontspec)             =4.38pt\relax \fontdimen 15\font =3.01125pt\relax
(fontspec)             \fontdimen 16\font =2.7375pt\relax \fontdimen 17\font
(fontspec)             =2.7375pt\relax \fontdimen 18\font =4.10625pt\relax
(fontspec)             \fontdimen 19\font =0.5475pt\relax \fontdimen 22\font
(fontspec)             =2.7375pt\relax \fontdimen 20\font =0pt\relax
(fontspec)             \fontdimen 21\font =0pt\relax }].
(fontspec)              
(fontspec)              This font family consists of the following NFSS
(fontspec)             series/shapes:
(fontspec)              
(fontspec)             - 'normal' (m/n) with NFSS spec.:
(fontspec)             <9.58125->s*[1.0001]"[XITSMath-Bold.otf]/OT:script=math;
language=dflt;mapping=tex-text;"<7.39125-9.58125>s*[1.0001]"[XITSMath-Bold.otf]
/OT:script=math;language=dflt;+ssty=0;mapping=tex-text;"<-7.39125>s*[1.0001]"[X
ITSMath-Bold.otf]/OT:script=math;language=dflt;+ssty=1;mapping=tex-text;"

LaTeX Font Info:    Encoding `OMS' has changed to `TU' for symbol font
(Font)              `symbols' in the math version `bold' on input line 76.
LaTeX Font Info:    Overwriting symbol font `symbols' in version `bold'
(Font)                  OMS/cmsy/m/n --> TU/XITSMath-Bold.otf(2)/m/n on input l
ine 76.

Package fontspec Info: 
(fontspec)             XITSMath-Bold scale = 1.026029024584143.


Package fontspec Info: 
(fontspec)             XITSMath-Bold scale = 1.


Package fontspec Info: 
(fontspec)             XITSMath-Bold scale = 0.9999.


Package fontspec Info: 
(fontspec)             XITSMath-Bold scale = 1.026029024584143.


Package fontspec Info: 
(fontspec)             XITSMath-Bold scale = 1.


Package fontspec Info: 
(fontspec)             XITSMath-Bold scale = 0.9999.


Package fontspec Info: 
(fontspec)             XITSMath-Bold scale = 1.026029024584143.


Package fontspec Info: 
(fontspec)             XITSMath-Bold scale = 1.


Package fontspec Info: 
(fontspec)             XITSMath-Bold scale = 0.9999.


Package fontspec Info: 
(fontspec)             XITSMath-Bold scale = 1.026029024584143.


Package fontspec Info: 
(fontspec)             XITSMath-Bold scale = 1.


Package fontspec Info: 
(fontspec)             XITSMath-Bold scale = 0.9999.


Package fontspec Info: 
(fontspec)             Font family 'XITSMath-Bold.otf(3)' created for font
(fontspec)             'XITSMath-Bold.otf' with options
(fontspec)             [Ligatures=TeX,Scale=MatchLowercase,BoldItalicFont={},It
alicFont={},SmallCapsFont={},Script=Math,SizeFeatures={{Size=9.58125-},{Size=7.
39125-9.58125,Font=XITSMath-Bold.otf,Style=MathScript},{Size=-7.39125,Font=XITS
Math-Bold.otf,Style=MathScriptScript}},Scale={1},ScaleAgain=0.9999,FontAdjustme
nt={\fontdimen
(fontspec)             8\font =0.7227pt\relax \fontdimen 9\font
(fontspec)             =1.6425pt\relax \fontdimen 10\font =1.6425pt\relax
(fontspec)             \fontdimen 11\font =3.285pt\relax \fontdimen 12\font
(fontspec)             =6.56999pt\relax \fontdimen 13\font =0pt\relax }].
(fontspec)              
(fontspec)              This font family consists of the following NFSS
(fontspec)             series/shapes:
(fontspec)              
(fontspec)             - 'normal' (m/n) with NFSS spec.:
(fontspec)             <9.58125->s*[0.9999]"[XITSMath-Bold.otf]/OT:script=math;
language=dflt;mapping=tex-text;"<7.39125-9.58125>s*[0.9999]"[XITSMath-Bold.otf]
/OT:script=math;language=dflt;+ssty=0;mapping=tex-text;"<-7.39125>s*[0.9999]"[X
ITSMath-Bold.otf]/OT:script=math;language=dflt;+ssty=1;mapping=tex-text;"

LaTeX Font Info:    Encoding `OMX' has changed to `TU' for symbol font
(Font)              `largesymbols' in the math version `bold' on input line 76.

LaTeX Font Info:    Overwriting symbol font `largesymbols' in version `bold'
(Font)                  OMX/cmex/m/n --> TU/XITSMath-Bold.otf(3)/m/n on input l
ine 76.

(d:/texlive/2026/texmf-dist/tex/latex/geometry/geometry.sty
Package: geometry 2020/01/02 v5.9 Page Geometry

(d:/texlive/2026/texmf-dist/tex/generic/iftex/ifvtex.sty
Package: ifvtex 2019/10/25 v1.7 ifvtex legacy package. Use iftex instead.
)
\Gm@cnth=\count330
\Gm@cntv=\count331
\c@Gm@tempcnt=\count332
\Gm@bindingoffset=\dimen257
\Gm@wd@mp=\dimen258
\Gm@odd@mp=\dimen259
\Gm@even@mp=\dimen260
\Gm@layoutwidth=\dimen261
\Gm@layoutheight=\dimen262
\Gm@layouthoffset=\dimen263
\Gm@layoutvoffset=\dimen264
\Gm@dimlist=\toks23
)
(d:/texlive/2026/texmf-dist/tex/latex/microtype/microtype.sty
Package: microtype 2026/03/01 v3.2d Micro-typographical refinements (RS)

(d:/texlive/2026/texmf-dist/tex/latex/etoolbox/etoolbox.sty
Package: etoolbox 2025/10/02 v2.5m e-TeX tools for LaTeX (JAW)
\etb@tempcnta=\count333
)
\MT@toks=\toks24
\MT@tempbox=\box59
\MT@count=\count334
LaTeX Info: Redefining \noprotrusionifhmode on input line 1084.
LaTeX Info: Redefining \leftprotrusion on input line 1085.
\MT@prot@toks=\toks25
LaTeX Info: Redefining \rightprotrusion on input line 1104.
LaTeX Info: Redefining \textls on input line 1449.
\MT@outer@kern=\dimen265
LaTeX Info: Redefining \microtypecontext on input line 2053.
LaTeX Info: Redefining \textmicrotypecontext on input line 2070.
\MT@listname@count=\count335

(d:/texlive/2026/texmf-dist/tex/latex/microtype/microtype-xetex.def
File: microtype-xetex.def 2026/03/01 v3.2d Definitions specific to xetex (RS)
LaTeX Info: Redefining \lsstyle on input line 443.
LaTeX Info: Redefining \lslig on input line 451.
\MT@outer@space=\skip67
)
Package microtype Info: Loading configuration file microtype.cfg.

(d:/texlive/2026/texmf-dist/tex/latex/microtype/microtype.cfg
File: microtype.cfg 2026/03/01 v3.2d microtype main configuration file (RS)
)
LaTeX Info: Redefining \microtypesetup on input line 3065.
)
(d:/texlive/2026/texmf-dist/tex/latex/setspace/setspace.sty
Package: setspace 2022/12/04 v6.7b set line spacing
)
(d:/texlive/2026/texmf-dist/tex/latex/needspace/needspace.sty
Package: needspace 2025/03/13 v1.3e reserve vertical space
)
(d:/texlive/2026/texmf-dist/tex/latex/placeins/placeins.sty
Package: placeins 2005/04/18  v 2.2
)
(d:/texlive/2026/texmf-dist/tex/latex/xcolor/xcolor.sty
Package: xcolor 2024/09/29 v3.02 LaTeX color extensions (UK)

(d:/texlive/2026/texmf-dist/tex/latex/graphics-cfg/color.cfg
File: color.cfg 2016/01/02 v1.6 sample color configuration
)
Package xcolor Info: Driver file: xetex.def on input line 274.

(d:/texlive/2026/texmf-dist/tex/latex/graphics-def/xetex.def
File: xetex.def 2025/11/01 v5.0p Graphics/color driver for xetex
)
(d:/texlive/2026/texmf-dist/tex/latex/graphics/mathcolor.ltx)
Package xcolor Info: Model `cmy' substituted by `cmy0' on input line 1349.
Package xcolor Info: Model `RGB' extended on input line 1365.
Package xcolor Info: Model `HTML' substituted by `rgb' on input line 1367.
Package xcolor Info: Model `Hsb' substituted by `hsb' on input line 1368.
Package xcolor Info: Model `tHsb' substituted by `hsb' on input line 1369.
Package xcolor Info: Model `HSB' substituted by `hsb' on input line 1370.
Package xcolor Info: Model `Gray' substituted by `gray' on input line 1371.
Package xcolor Info: Model `wave' substituted by `hsb' on input line 1372.
)
(d:/texlive/2026/texmf-dist/tex/latex/fancyhdr/fancyhdr.sty
Package: fancyhdr 2025/02/07 v5.2 Extensive control of page headers and footers

\f@nch@headwidth=\skip68
\f@nch@offset@elh=\skip69
\f@nch@offset@erh=\skip70
\f@nch@offset@olh=\skip71
\f@nch@offset@orh=\skip72
\f@nch@offset@elf=\skip73
\f@nch@offset@erf=\skip74
\f@nch@offset@olf=\skip75
\f@nch@offset@orf=\skip76
\f@nch@height=\skip77
\f@nch@footalignment=\skip78
\f@nch@widthL=\skip79
\f@nch@widthC=\skip80
\f@nch@widthR=\skip81
\@temptokenb=\toks26
)
(d:/texlive/2026/texmf-dist/tex/latex/amscls/amsthm.sty
Package: amsthm 2020/05/29 v2.20.6
\thm@style=\toks27
\thm@bodyfont=\toks28
\thm@headfont=\toks29
\thm@notefont=\toks30
\thm@headpunct=\toks31
\thm@preskip=\skip82
\thm@postskip=\skip83
\thm@headsep=\skip84
\dth@everypar=\toks32
)
(d:/texlive/2026/texmf-dist/tex/latex/chngcntr/chngcntr.sty
Package: chngcntr 2018/04/09 v1.1a change counter resetting
Package chngcntr Info: \counterwithout already defined.
(chngcntr)             Quitting chngcntr on input line 21.
)
(d:/texlive/2026/texmf-dist/tex/latex/graphics/graphicx.sty
Package: graphicx 2024/12/31 v1.2e Enhanced LaTeX Graphics (DPC,SPQR)

(d:/texlive/2026/texmf-dist/tex/latex/graphics/graphics.sty
Package: graphics 2024/08/06 v1.4g Standard LaTeX Graphics (DPC,SPQR)

(d:/texlive/2026/texmf-dist/tex/latex/graphics/trig.sty
Package: trig 2023/12/02 v1.11 sin cos tan (DPC)
)
(d:/texlive/2026/texmf-dist/tex/latex/graphics-cfg/graphics.cfg
File: graphics.cfg 2016/06/04 v1.11 sample graphics configuration
)
Package graphics Info: Driver file: xetex.def on input line 106.
)
\Gin@req@height=\dimen266
\Gin@req@width=\dimen267
)
(d:/texlive/2026/texmf-dist/tex/latex/booktabs/booktabs.sty
Package: booktabs 2020/01/12 v1.61803398 Publication quality tables
\heavyrulewidth=\dimen268
\lightrulewidth=\dimen269
\cmidrulewidth=\dimen270
\belowrulesep=\dimen271
\belowbottomsep=\dimen272
\aboverulesep=\dimen273
\abovetopsep=\dimen274
\cmidrulesep=\dimen275
\cmidrulekern=\dimen276
\defaultaddspace=\dimen277
\@cmidla=\count336
\@cmidlb=\count337
\@aboverulesep=\dimen278
\@belowrulesep=\dimen279
\@thisruleclass=\count338
\@lastruleclass=\count339
\@thisrulewidth=\dimen280
)
(d:/texlive/2026/texmf-dist/tex/latex/tools/longtable.sty
Package: longtable 2025-10-13 v4.24 Multi-page Table package (DPC)
\LTleft=\skip85
\LTright=\skip86
\LTpre=\skip87
\LTpost=\skip88
\LTchunksize=\count340
\LTcapwidth=\dimen281
\LT@head=\box60
\LT@firsthead=\box61
\LT@foot=\box62
\LT@lastfoot=\box63
\LT@gbox=\box64
\LT@cols=\count341
\LT@rows=\count342
\c@LT@tables=\count343
\c@LT@chunks=\count344
\LT@p@ftn=\toks33
)
(d:/texlive/2026/texmf-dist/tex/latex/tools/tabularx.sty
Package: tabularx 2023/12/11 v2.12a `tabularx' package (DPC)

(d:/texlive/2026/texmf-dist/tex/latex/tools/array.sty
Package: array 2025/09/25 v2.6n Tabular extension package (FMi)
\col@sep=\dimen282
\ar@mcellbox=\box65
\extrarowheight=\dimen283
\NC@list=\toks34
\extratabsurround=\skip89
\backup@length=\skip90
\ar@cellbox=\box66
)
\TX@col@width=\dimen284
\TX@old@table=\dimen285
\TX@old@col=\dimen286
\TX@target=\dimen287
\TX@delta=\dimen288
\TX@cols=\count345
\TX@ftn=\toks35
)
(d:/texlive/2026/texmf-dist/tex/latex/multirow/multirow.sty
Package: multirow 2024/11/12 v2.9 Span multiple rows of a table
\multirow@colwidth=\skip91
\multirow@cntb=\count346
\multirow@dima=\skip92
\bigstrutjot=\dimen289
)
(d:/texlive/2026/texmf-dist/tex/latex/float/float.sty
Package: float 2001/11/08 v1.3d Float enhancements (AL)
\c@float@type=\count347
\float@exts=\toks36
\float@box=\box67
\@float@everytoks=\toks37
\@floatcapt=\box68
)
(d:/texlive/2026/texmf-dist/tex/latex/caption/caption.sty
Package: caption 2023/08/05 v3.6o Customizing captions (AR)

(d:/texlive/2026/texmf-dist/tex/latex/caption/caption3.sty
Package: caption3 2023/07/31 v2.4d caption3 kernel (AR)
\caption@tempdima=\dimen290
\captionmargin=\dimen291
\caption@leftmargin=\dimen292
\caption@rightmargin=\dimen293
\caption@width=\dimen294
\caption@indent=\dimen295
\caption@parindent=\dimen296
\caption@hangindent=\dimen297
Package caption Info: Standard document class detected.
)
\c@caption@flags=\count348
\c@continuedfloat=\count349
Package caption Info: float package is loaded.
Package caption Info: longtable package is loaded.

(d:/texlive/2026/texmf-dist/tex/latex/caption/ltcaption.sty
Package: ltcaption 2021/01/08 v1.4c longtable captions (AR)
))
(d:/texlive/2026/texmf-dist/tex/latex/caption/subcaption.sty
Package: subcaption 2023/07/28 v1.6b Sub-captions (AR)
Package caption Info: New subtype `subfigure' on input line 238.
\c@subfigure=\count350
Package caption Info: New subtype `subtable' on input line 238.
\c@subtable=\count351
)
(d:/texlive/2026/texmf-dist/tex/latex/enumitem/enumitem.sty
Package: enumitem 2025/02/06 v3.11 Customized lists
\labelindent=\skip93
\enit@outerparindent=\dimen298
\enit@toks=\toks38
\enit@inbox=\box69
\enit@count@id=\count352
\enitdp@description=\count353
)
(d:/texlive/2026/texmf-dist/tex/latex/algorithm2e/algorithm2e.sty
Invalid UTF-8 byte or sequence at line 284 replaced by U+FFFD.
Invalid UTF-8 byte or sequence at line 299 replaced by U+FFFD.
Invalid UTF-8 byte or sequence at line 550 replaced by U+FFFD.
Package: algorithm2e 2017/07/18 v5.2 algorithms environments
\c@AlgoLine=\count354

(d:/texlive/2026/texmf-dist/tex/latex/base/ifthen.sty
Package: ifthen 2024/03/16 v1.1e Standard LaTeX ifthen package (DPC)
)
\algocf@hangindent=\skip94

(d:/texlive/2026/texmf-dist/tex/latex/ifoddpage/ifoddpage.sty
Package: ifoddpage 2022/10/18 v1.2 Conditionals for odd/even page detection
\c@checkoddpage=\count355
)
(d:/texlive/2026/texmf-dist/tex/latex/tools/xspace.sty
Package: xspace 2014/10/28 v1.13 Space after command names (DPC,MH)
)
(d:/texlive/2026/texmf-dist/tex/latex/relsize/relsize.sty
Package: relsize 2013/03/29 ver 4.1
)
\skiptotal=\skip95
\skiplinenumber=\skip96
\skiprule=\skip97
\skiphlne=\skip98
\skiptext=\skip99
\skiplength=\skip100
\algomargin=\skip101
\skipalgocfslide=\skip102
\algowidth=\dimen299
\inoutsize=\dimen300
\inoutindent=\dimen301
\interspacetitleruled=\dimen302
\interspacealgoruled=\dimen303
\interspacetitleboxruled=\dimen304
\algocf@ruledwidth=\skip103
\algocf@inoutbox=\box70
\algocf@inputbox=\box71
\AlCapSkip=\skip104
\AlCapHSkip=\skip105
\algoskipindent=\skip106
\algocf@nlbox=\box72
\algocf@hangingbox=\box73
\algocf@untilbox=\box74
\algocf@skipuntil=\skip107
\algocf@capbox=\box75
\algocf@lcaptionbox=\skip108
\algoheightruledefault=\skip109
\algoheightrule=\skip110
\algotitleheightruledefault=\skip111
\algotitleheightrule=\skip112
\c@algocfline=\count356
\c@algocfproc=\count357
\c@algocf=\count358
\algocf@algoframe=\box76
\algocf@algobox=\box77
)
(d:/texlive/2026/texmf-dist/tex/latex/pgf/frontendlayer/tikz.sty
(d:/texlive/2026/texmf-dist/tex/latex/pgf/basiclayer/pgf.sty
(d:/texlive/2026/texmf-dist/tex/latex/pgf/utilities/pgfrcs.sty
(d:/texlive/2026/texmf-dist/tex/generic/pgf/utilities/pgfutil-common.tex
\pgfutil@everybye=\toks39
\pgfutil@tempdima=\dimen305
\pgfutil@tempdimb=\dimen306
)
(d:/texlive/2026/texmf-dist/tex/generic/pgf/utilities/pgfutil-latex.def
\pgfutil@abb=\box78
)
(d:/texlive/2026/texmf-dist/tex/generic/pgf/utilities/pgfrcs.code.tex
(d:/texlive/2026/texmf-dist/tex/generic/pgf/pgf.revision.tex)
Package: pgfrcs 2025-08-29 v3.1.11a (3.1.11a)
))
Package: pgf 2025-08-29 v3.1.11a (3.1.11a)

(d:/texlive/2026/texmf-dist/tex/latex/pgf/basiclayer/pgfcore.sty
(d:/texlive/2026/texmf-dist/tex/latex/pgf/systemlayer/pgfsys.sty
(d:/texlive/2026/texmf-dist/tex/generic/pgf/systemlayer/pgfsys.code.tex
Package: pgfsys 2025-08-29 v3.1.11a (3.1.11a)

(d:/texlive/2026/texmf-dist/tex/generic/pgf/utilities/pgfkeys.code.tex
\pgfkeys@pathtoks=\toks40
\pgfkeys@temptoks=\toks41

(d:/texlive/2026/texmf-dist/tex/generic/pgf/utilities/pgfkeyslibraryfiltered.co
de.tex
\pgfkeys@tmptoks=\toks42
))
\pgf@x=\dimen307
\pgf@y=\dimen308
\pgf@xa=\dimen309
\pgf@ya=\dimen310
\pgf@xb=\dimen311
\pgf@yb=\dimen312
\pgf@xc=\dimen313
\pgf@yc=\dimen314
\pgf@xd=\dimen315
\pgf@yd=\dimen316
\w@pgf@writea=\write3
\r@pgf@reada=\read2
\c@pgf@counta=\count359
\c@pgf@countb=\count360
\c@pgf@countc=\count361
\c@pgf@countd=\count362
\t@pgf@toka=\toks43
\t@pgf@tokb=\toks44
\t@pgf@tokc=\toks45
\pgf@sys@id@count=\count363
 (d:/texlive/2026/texmf-dist/tex/generic/pgf/systemlayer/pgf.cfg
File: pgf.cfg 2025-08-29 v3.1.11a (3.1.11a)
)
Driver file for pgf: pgfsys-xetex.def

(d:/texlive/2026/texmf-dist/tex/generic/pgf/systemlayer/pgfsys-xetex.def
File: pgfsys-xetex.def 2025-08-29 v3.1.11a (3.1.11a)

(d:/texlive/2026/texmf-dist/tex/generic/pgf/systemlayer/pgfsys-dvipdfmx.def
File: pgfsys-dvipdfmx.def 2025-08-29 v3.1.11a (3.1.11a)

(d:/texlive/2026/texmf-dist/tex/generic/pgf/systemlayer/pgfsys-common-pdf.def
File: pgfsys-common-pdf.def 2025-08-29 v3.1.11a (3.1.11a)
)
\pgfsys@objnum=\count364
)))
(d:/texlive/2026/texmf-dist/tex/generic/pgf/systemlayer/pgfsyssoftpath.code.tex
File: pgfsyssoftpath.code.tex 2025-08-29 v3.1.11a (3.1.11a)
\pgfsyssoftpath@smallbuffer@items=\count365
\pgfsyssoftpath@bigbuffer@items=\count366
)
(d:/texlive/2026/texmf-dist/tex/generic/pgf/systemlayer/pgfsysprotocol.code.tex
File: pgfsysprotocol.code.tex 2025-08-29 v3.1.11a (3.1.11a)
)) (d:/texlive/2026/texmf-dist/tex/generic/pgf/basiclayer/pgfcore.code.tex
Package: pgfcore 2025-08-29 v3.1.11a (3.1.11a)

(d:/texlive/2026/texmf-dist/tex/generic/pgf/math/pgfmath.code.tex
(d:/texlive/2026/texmf-dist/tex/generic/pgf/math/pgfmathutil.code.tex)
(d:/texlive/2026/texmf-dist/tex/generic/pgf/math/pgfmathparser.code.tex
\pgfmath@dimen=\dimen317
\pgfmath@count=\count367
\pgfmath@box=\box79
\pgfmath@toks=\toks46
\pgfmath@stack@operand=\toks47
\pgfmath@stack@operation=\toks48
)
(d:/texlive/2026/texmf-dist/tex/generic/pgf/math/pgfmathfunctions.code.tex)
(d:/texlive/2026/texmf-dist/tex/generic/pgf/math/pgfmathfunctions.basic.code.te
x)
(d:/texlive/2026/texmf-dist/tex/generic/pgf/math/pgfmathfunctions.trigonometric
.code.tex)
(d:/texlive/2026/texmf-dist/tex/generic/pgf/math/pgfmathfunctions.random.code.t
ex)
(d:/texlive/2026/texmf-dist/tex/generic/pgf/math/pgfmathfunctions.comparison.co
de.tex)
(d:/texlive/2026/texmf-dist/tex/generic/pgf/math/pgfmathfunctions.base.code.tex
)
(d:/texlive/2026/texmf-dist/tex/generic/pgf/math/pgfmathfunctions.round.code.te
x)
(d:/texlive/2026/texmf-dist/tex/generic/pgf/math/pgfmathfunctions.misc.code.tex
)
(d:/texlive/2026/texmf-dist/tex/generic/pgf/math/pgfmathfunctions.integerarithm
etics.code.tex)
(d:/texlive/2026/texmf-dist/tex/generic/pgf/math/pgfmathcalc.code.tex)
(d:/texlive/2026/texmf-dist/tex/generic/pgf/math/pgfmathfloat.code.tex
\c@pgfmathroundto@lastzeros=\count368
))
(d:/texlive/2026/texmf-dist/tex/generic/pgf/math/pgfint.code.tex)
(d:/texlive/2026/texmf-dist/tex/generic/pgf/basiclayer/pgfcorepoints.code.tex
File: pgfcorepoints.code.tex 2025-08-29 v3.1.11a (3.1.11a)
\pgf@picminx=\dimen318
\pgf@picmaxx=\dimen319
\pgf@picminy=\dimen320
\pgf@picmaxy=\dimen321
\pgf@pathminx=\dimen322
\pgf@pathmaxx=\dimen323
\pgf@pathminy=\dimen324
\pgf@pathmaxy=\dimen325
\pgf@xx=\dimen326
\pgf@xy=\dimen327
\pgf@yx=\dimen328
\pgf@yy=\dimen329
\pgf@zx=\dimen330
\pgf@zy=\dimen331
)
(d:/texlive/2026/texmf-dist/tex/generic/pgf/basiclayer/pgfcorepathconstruct.cod
e.tex
File: pgfcorepathconstruct.code.tex 2025-08-29 v3.1.11a (3.1.11a)
\pgf@path@lastx=\dimen332
\pgf@path@lasty=\dimen333
)
(d:/texlive/2026/texmf-dist/tex/generic/pgf/basiclayer/pgfcorepathusage.code.te
x
File: pgfcorepathusage.code.tex 2025-08-29 v3.1.11a (3.1.11a)
\pgf@shorten@end@additional=\dimen334
\pgf@shorten@start@additional=\dimen335
)
(d:/texlive/2026/texmf-dist/tex/generic/pgf/basiclayer/pgfcorescopes.code.tex
File: pgfcorescopes.code.tex 2025-08-29 v3.1.11a (3.1.11a)
\pgfpic=\box80
\pgf@hbox=\box81
\pgf@layerbox@main=\box82
\pgf@picture@serial@count=\count369
)
(d:/texlive/2026/texmf-dist/tex/generic/pgf/basiclayer/pgfcoregraphicstate.code
.tex
File: pgfcoregraphicstate.code.tex 2025-08-29 v3.1.11a (3.1.11a)
\pgflinewidth=\dimen336
)
(d:/texlive/2026/texmf-dist/tex/generic/pgf/basiclayer/pgfcoretransformations.c
ode.tex
File: pgfcoretransformations.code.tex 2025-08-29 v3.1.11a (3.1.11a)
\pgf@pt@x=\dimen337
\pgf@pt@y=\dimen338
\pgf@pt@temp=\dimen339
)
(d:/texlive/2026/texmf-dist/tex/generic/pgf/basiclayer/pgfcorequick.code.tex
File: pgfcorequick.code.tex 2025-08-29 v3.1.11a (3.1.11a)
)
(d:/texlive/2026/texmf-dist/tex/generic/pgf/basiclayer/pgfcoreobjects.code.tex
File: pgfcoreobjects.code.tex 2025-08-29 v3.1.11a (3.1.11a)
)
(d:/texlive/2026/texmf-dist/tex/generic/pgf/basiclayer/pgfcorepathprocessing.co
de.tex
File: pgfcorepathprocessing.code.tex 2025-08-29 v3.1.11a (3.1.11a)
)
(d:/texlive/2026/texmf-dist/tex/generic/pgf/basiclayer/pgfcorearrows.code.tex
File: pgfcorearrows.code.tex 2025-08-29 v3.1.11a (3.1.11a)
\pgfarrowsep=\dimen340
)
(d:/texlive/2026/texmf-dist/tex/generic/pgf/basiclayer/pgfcoreshade.code.tex
File: pgfcoreshade.code.tex 2025-08-29 v3.1.11a (3.1.11a)
\pgf@max=\dimen341
\pgf@sys@shading@range@num=\count370
\pgf@shadingcount=\count371
)
(d:/texlive/2026/texmf-dist/tex/generic/pgf/basiclayer/pgfcoreimage.code.tex
File: pgfcoreimage.code.tex 2025-08-29 v3.1.11a (3.1.11a)
)
(d:/texlive/2026/texmf-dist/tex/generic/pgf/basiclayer/pgfcoreexternal.code.tex
File: pgfcoreexternal.code.tex 2025-08-29 v3.1.11a (3.1.11a)
\pgfexternal@startupbox=\box83
) (d:/texlive/2026/texmf-dist/tex/generic/pgf/basiclayer/pgfcorelayers.code.tex
File: pgfcorelayers.code.tex 2025-08-29 v3.1.11a (3.1.11a)
)
(d:/texlive/2026/texmf-dist/tex/generic/pgf/basiclayer/pgfcoretransparency.code
.tex
File: pgfcoretransparency.code.tex 2025-08-29 v3.1.11a (3.1.11a)
)
(d:/texlive/2026/texmf-dist/tex/generic/pgf/basiclayer/pgfcorepatterns.code.tex
File: pgfcorepatterns.code.tex 2025-08-29 v3.1.11a (3.1.11a)
) (d:/texlive/2026/texmf-dist/tex/generic/pgf/basiclayer/pgfcorerdf.code.tex
File: pgfcorerdf.code.tex 2025-08-29 v3.1.11a (3.1.11a)
))) (d:/texlive/2026/texmf-dist/tex/generic/pgf/modules/pgfmoduleshapes.code.te
x
File: pgfmoduleshapes.code.tex 2025-08-29 v3.1.11a (3.1.11a)
\pgfnodeparttextbox=\box84
)
(d:/texlive/2026/texmf-dist/tex/generic/pgf/modules/pgfmoduleplot.code.tex
File: pgfmoduleplot.code.tex 2025-08-29 v3.1.11a (3.1.11a)
)
(d:/texlive/2026/texmf-dist/tex/latex/pgf/compatibility/pgfcomp-version-0-65.st
y
Package: pgfcomp-version-0-65 2025-08-29 v3.1.11a (3.1.11a)
\pgf@nodesepstart=\dimen342
\pgf@nodesepend=\dimen343
)
(d:/texlive/2026/texmf-dist/tex/latex/pgf/compatibility/pgfcomp-version-1-18.st
y
Package: pgfcomp-version-1-18 2025-08-29 v3.1.11a (3.1.11a)
)) (d:/texlive/2026/texmf-dist/tex/latex/pgf/utilities/pgffor.sty
(d:/texlive/2026/texmf-dist/tex/latex/pgf/utilities/pgfkeys.sty
(d:/texlive/2026/texmf-dist/tex/generic/pgf/utilities/pgfkeys.code.tex))
(d:/texlive/2026/texmf-dist/tex/latex/pgf/math/pgfmath.sty
(d:/texlive/2026/texmf-dist/tex/generic/pgf/math/pgfmath.code.tex))
(d:/texlive/2026/texmf-dist/tex/generic/pgf/utilities/pgffor.code.tex
Package: pgffor 2025-08-29 v3.1.11a (3.1.11a)
\pgffor@iter=\dimen344
\pgffor@skip=\dimen345
\pgffor@stack=\toks49
\pgffor@toks=\toks50
))
(d:/texlive/2026/texmf-dist/tex/generic/pgf/frontendlayer/tikz/tikz.code.tex
Package: tikz 2025-08-29 v3.1.11a (3.1.11a)

(d:/texlive/2026/texmf-dist/tex/generic/pgf/libraries/pgflibraryplothandlers.co
de.tex
File: pgflibraryplothandlers.code.tex 2025-08-29 v3.1.11a (3.1.11a)
\pgf@plot@mark@count=\count372
\pgfplotmarksize=\dimen346
)
\tikz@lastx=\dimen347
\tikz@lasty=\dimen348
\tikz@lastxsaved=\dimen349
\tikz@lastysaved=\dimen350
\tikz@lastmovetox=\dimen351
\tikz@lastmovetoy=\dimen352
\tikzleveldistance=\dimen353
\tikzsiblingdistance=\dimen354
\tikz@figbox=\box85
\tikz@figbox@bg=\box86
\tikz@tempbox=\box87
\tikz@tempbox@bg=\box88
\tikztreelevel=\count373
\tikznumberofchildren=\count374
\tikznumberofcurrentchild=\count375
\tikz@fig@count=\count376

(d:/texlive/2026/texmf-dist/tex/generic/pgf/modules/pgfmodulematrix.code.tex
File: pgfmodulematrix.code.tex 2025-08-29 v3.1.11a (3.1.11a)
\pgfmatrixcurrentrow=\count377
\pgfmatrixcurrentcolumn=\count378
\pgf@matrix@numberofcolumns=\count379
)
\tikz@expandcount=\count380

(d:/texlive/2026/texmf-dist/tex/generic/pgf/frontendlayer/tikz/libraries/tikzli
brarytopaths.code.tex
File: tikzlibrarytopaths.code.tex 2025-08-29 v3.1.11a (3.1.11a)
)))
(d:/texlive/2026/texmf-dist/tex/generic/pgf/libraries/pgflibraryarrows.meta.cod
e.tex
File: pgflibraryarrows.meta.code.tex 2025-08-29 v3.1.11a (3.1.11a)
\pgfarrowinset=\dimen355
\pgfarrowlength=\dimen356
\pgfarrowwidth=\dimen357
\pgfarrowlinewidth=\dimen358
)
(d:/texlive/2026/texmf-dist/tex/generic/pgf/frontendlayer/tikz/libraries/tikzli
brarypositioning.code.tex
File: tikzlibrarypositioning.code.tex 2025-08-29 v3.1.11a (3.1.11a)
)
(d:/texlive/2026/texmf-dist/tex/generic/pgf/frontendlayer/tikz/libraries/tikzli
brarycalc.code.tex
File: tikzlibrarycalc.code.tex 2025-08-29 v3.1.11a (3.1.11a)
)
(d:/texlive/2026/texmf-dist/tex/generic/pgf/frontendlayer/tikz/libraries/tikzli
braryfit.code.tex
File: tikzlibraryfit.code.tex 2025-08-29 v3.1.11a (3.1.11a)
)
(d:/texlive/2026/texmf-dist/tex/generic/pgf/frontendlayer/tikz/libraries/tikzli
brarymatrix.code.tex
File: tikzlibrarymatrix.code.tex 2025-08-29 v3.1.11a (3.1.11a)
)
(d:/texlive/2026/texmf-dist/tex/generic/pgf/frontendlayer/tikz/libraries/tikzli
braryshapes.geometric.code.tex
File: tikzlibraryshapes.geometric.code.tex 2025-08-29 v3.1.11a (3.1.11a)

(d:/texlive/2026/texmf-dist/tex/generic/pgf/libraries/shapes/pgflibraryshapes.g
eometric.code.tex
File: pgflibraryshapes.geometric.code.tex 2025-08-29 v3.1.11a (3.1.11a)
))
(d:/texlive/2026/texmf-dist/tex/generic/pgf/frontendlayer/tikz/libraries/tikzli
braryshapes.misc.code.tex
File: tikzlibraryshapes.misc.code.tex 2025-08-29 v3.1.11a (3.1.11a)

(d:/texlive/2026/texmf-dist/tex/generic/pgf/libraries/shapes/pgflibraryshapes.m
isc.code.tex
File: pgflibraryshapes.misc.code.tex 2025-08-29 v3.1.11a (3.1.11a)
))
(d:/texlive/2026/texmf-dist/tex/generic/pgf/frontendlayer/tikz/libraries/tikzli
braryshapes.symbols.code.tex
File: tikzlibraryshapes.symbols.code.tex 2025-08-29 v3.1.11a (3.1.11a)

(d:/texlive/2026/texmf-dist/tex/generic/pgf/libraries/shapes/pgflibraryshapes.s
ymbols.code.tex
File: pgflibraryshapes.symbols.code.tex 2025-08-29 v3.1.11a (3.1.11a)
))
(d:/texlive/2026/texmf-dist/tex/generic/pgf/frontendlayer/tikz/libraries/tikzli
braryshapes.multipart.code.tex
File: tikzlibraryshapes.multipart.code.tex 2025-08-29 v3.1.11a (3.1.11a)

(d:/texlive/2026/texmf-dist/tex/generic/pgf/libraries/shapes/pgflibraryshapes.m
ultipart.code.tex
File: pgflibraryshapes.multipart.code.tex 2025-08-29 v3.1.11a (3.1.11a)
\pgfnodepartlowerbox=\box89
\pgfnodeparttwobox=\box90
\pgfnodepartthreebox=\box91
\pgfnodepartfourbox=\box92
\pgfnodeparttwentybox=\box93
\pgfnodepartnineteenbox=\box94
\pgfnodeparteighteenbox=\box95
\pgfnodepartseventeenbox=\box96
\pgfnodepartsixteenbox=\box97
\pgfnodepartfifteenbox=\box98
\pgfnodepartfourteenbox=\box99
\pgfnodepartthirteenbox=\box100
\pgfnodeparttwelvebox=\box101
\pgfnodepartelevenbox=\box102
\pgfnodeparttenbox=\box103
\pgfnodepartninebox=\box104
\pgfnodeparteightbox=\box105
\pgfnodepartsevenbox=\box106
\pgfnodepartsixbox=\box107
\pgfnodepartfivebox=\box108
))
(d:/texlive/2026/texmf-dist/tex/generic/pgf/frontendlayer/tikz/libraries/tikzli
brarybackgrounds.code.tex
File: tikzlibrarybackgrounds.code.tex 2025-08-29 v3.1.11a (3.1.11a)
\pgf@layerbox@background=\box109
\pgf@layerboxsaved@background=\box110
)
(d:/texlive/2026/texmf-dist/tex/generic/pgf/frontendlayer/tikz/libraries/tikzli
brarydecorations.pathreplacing.code.tex
(d:/texlive/2026/texmf-dist/tex/generic/pgf/frontendlayer/tikz/libraries/tikzli
brarydecorations.code.tex
(d:/texlive/2026/texmf-dist/tex/generic/pgf/modules/pgfmoduledecorations.code.t
ex
\pgfdecoratedcompleteddistance=\dimen359
\pgfdecoratedremainingdistance=\dimen360
\pgfdecoratedinputsegmentcompleteddistance=\dimen361
\pgfdecoratedinputsegmentremainingdistance=\dimen362
\pgf@decorate@distancetomove=\dimen363
\pgf@decorate@repeatstate=\count381
\pgfdecorationsegmentamplitude=\dimen364
\pgfdecorationsegmentlength=\dimen365
)
\tikz@lib@dec@box=\box111
)
(d:/texlive/2026/texmf-dist/tex/generic/pgf/libraries/decorations/pgflibrarydec
orations.pathreplacing.code.tex))
(d:/texlive/2026/texmf-dist/tex/generic/pgf/frontendlayer/tikz/libraries/tikzli
brarydecorations.markings.code.tex
(d:/texlive/2026/texmf-dist/tex/generic/pgf/libraries/decorations/pgflibrarydec
orations.markings.code.tex))
(d:/texlive/2026/texmf-dist/tex/generic/pgf/frontendlayer/tikz/libraries/tikzli
braryangles.code.tex
File: tikzlibraryangles.code.tex 2025-08-29 v3.1.11a (3.1.11a)
)
(d:/texlive/2026/texmf-dist/tex/generic/pgf/frontendlayer/tikz/libraries/tikzli
braryquotes.code.tex
File: tikzlibraryquotes.code.tex 2025-08-29 v3.1.11a (3.1.11a)
)
(d:/texlive/2026/texmf-dist/tex/generic/pgf/frontendlayer/tikz/libraries/tikzli
brarypatterns.code.tex
File: tikzlibrarypatterns.code.tex 2025-08-29 v3.1.11a (3.1.11a)

(d:/texlive/2026/texmf-dist/tex/generic/pgf/libraries/pgflibrarypatterns.code.t
ex
File: pgflibrarypatterns.code.tex 2025-08-29 v3.1.11a (3.1.11a)
))
(d:/texlive/2026/texmf-dist/tex/generic/pgf/frontendlayer/tikz/libraries/tikzli
brarypatterns.meta.code.tex
(d:/texlive/2026/texmf-dist/tex/generic/pgf/libraries/pgflibrarypatterns.meta.c
ode.tex))
(d:/texlive/2026/texmf-dist/tex/generic/pgf/frontendlayer/tikz/libraries/tikzli
braryintersections.code.tex
(d:/texlive/2026/texmf-dist/tex/generic/pgf/libraries/pgflibraryintersections.c
ode.tex
(d:/texlive/2026/texmf-dist/tex/generic/pgf/libraries/pgflibraryfpu.code.tex)
\pgf@intersect@solutions=\count382
)) (d:/texlive/2026/texmf-dist/tex/latex/pgfplots/pgfplots.sty
(d:/texlive/2026/texmf-dist/tex/generic/pgfplots/pgfplots.revision.tex)
Package: pgfplots 2025/08/14 v1.18.2 Data Visualization (1.18.2)

(d:/texlive/2026/texmf-dist/tex/generic/pgfplots/pgfplots.code.tex
(d:/texlive/2026/texmf-dist/tex/generic/pgfplots/pgfplotscore.code.tex
\t@pgfplots@toka=\toks51
\t@pgfplots@tokb=\toks52
\t@pgfplots@tokc=\toks53
\pgfplots@tmpa=\dimen366
\c@pgfplots@coordindex=\count383
\c@pgfplots@scanlineindex=\count384

(d:/texlive/2026/texmf-dist/tex/generic/pgfplots/sys/pgfplotssysgeneric.code.te
x))
(d:/texlive/2026/texmf-dist/tex/generic/pgfplots/libs/pgfplotslibrary.code.tex)

(d:/texlive/2026/texmf-dist/tex/generic/pgfplots/oldpgfcompatib/pgfplotsoldpgfs
upp_loader.code.tex
(d:/texlive/2026/texmf-dist/tex/generic/pgfplots/oldpgfcompatib/pgfplotsoldpgfs
upp_pgfutil-common-lists.tex))
(d:/texlive/2026/texmf-dist/tex/generic/pgfplots/util/pgfplotsutil.code.tex
(d:/texlive/2026/texmf-dist/tex/generic/pgfplots/liststructure/pgfplotsliststru
cture.code.tex)
(d:/texlive/2026/texmf-dist/tex/generic/pgfplots/liststructure/pgfplotsliststru
ctureext.code.tex)
(d:/texlive/2026/texmf-dist/tex/generic/pgfplots/liststructure/pgfplotsarray.co
de.tex
\c@pgfplotsarray@tmp=\count385
)
(d:/texlive/2026/texmf-dist/tex/generic/pgfplots/liststructure/pgfplotsmatrix.c
ode.tex)
(d:/texlive/2026/texmf-dist/tex/generic/pgfplots/numtable/pgfplotstableshared.c
ode.tex
\c@pgfplotstable@counta=\count386
\t@pgfplotstable@a=\toks54
)
(d:/texlive/2026/texmf-dist/tex/generic/pgfplots/liststructure/pgfplotsdeque.co
de.tex)
(d:/texlive/2026/texmf-dist/tex/generic/pgfplots/util/pgfplotsbinary.code.tex
(d:/texlive/2026/texmf-dist/tex/generic/pgfplots/util/pgfplotsbinary.data.code.
tex))
(d:/texlive/2026/texmf-dist/tex/generic/pgfplots/util/pgfplotsutil.verb.code.te
x)
(d:/texlive/2026/texmf-dist/tex/generic/pgfplots/libs/pgflibrarypgfplots.surfsh
ading.code.tex
\c@pgfplotslibrarysurf@no=\count387

(d:/texlive/2026/texmf-dist/tex/generic/pgfplots/sys/pgflibrarypgfplots.surfsha
ding.pgfsys-xetex.def
(d:/texlive/2026/texmf-dist/tex/generic/pgfplots/sys/pgflibrarypgfplots.surfsha
ding.pgfsys-dvipdfmx.def
\c@pgfplotslibrarysurf@streamlen=\count388
))))
(d:/texlive/2026/texmf-dist/tex/generic/pgfplots/util/pgfplotscolormap.code.tex
(d:/texlive/2026/texmf-dist/tex/generic/pgfplots/util/pgfplotscolor.code.tex))
(d:/texlive/2026/texmf-dist/tex/generic/pgfplots/pgfplotsstackedplots.code.tex)
(d:/texlive/2026/texmf-dist/tex/generic/pgfplots/pgfplotsplothandlers.code.tex
(d:/texlive/2026/texmf-dist/tex/generic/pgfplots/pgfplotsmeshplothandler.code.t
ex
(d:/texlive/2026/texmf-dist/tex/generic/pgfplots/pgfplotsmeshplotimage.code.tex
))) (d:/texlive/2026/texmf-dist/tex/generic/pgfplots/pgfplots.scaling.code.tex)

(d:/texlive/2026/texmf-dist/tex/generic/pgfplots/pgfplotscoordprocessing.code.t
ex)
(d:/texlive/2026/texmf-dist/tex/generic/pgfplots/pgfplots.errorbars.code.tex)
(d:/texlive/2026/texmf-dist/tex/generic/pgfplots/pgfplots.markers.code.tex)
(d:/texlive/2026/texmf-dist/tex/generic/pgfplots/pgfplotsticks.code.tex)
(d:/texlive/2026/texmf-dist/tex/generic/pgfplots/pgfplots.paths.code.tex)
(d:/texlive/2026/texmf-dist/tex/generic/pgf/frontendlayer/tikz/libraries/tikzli
brarydecorations.pathmorphing.code.tex
(d:/texlive/2026/texmf-dist/tex/generic/pgf/libraries/decorations/pgflibrarydec
orations.pathmorphing.code.tex))
(d:/texlive/2026/texmf-dist/tex/generic/pgfplots/libs/tikzlibrarypgfplots.conto
urlua.code.tex)
\pgfplots@numplots=\count389
\pgfplots@xmin@reg=\dimen367
\pgfplots@xmax@reg=\dimen368
\pgfplots@ymin@reg=\dimen369
\pgfplots@ymax@reg=\dimen370
\pgfplots@zmin@reg=\dimen371
\pgfplots@zmax@reg=\dimen372
)
(d:/texlive/2026/texmf-dist/tex/generic/pgf/frontendlayer/tikz/libraries/tikzli
braryplotmarks.code.tex
File: tikzlibraryplotmarks.code.tex 2025-08-29 v3.1.11a (3.1.11a)

(d:/texlive/2026/texmf-dist/tex/generic/pgf/libraries/pgflibraryplotmarks.code.
tex
File: pgflibraryplotmarks.code.tex 2025-08-29 v3.1.11a (3.1.11a)
)))
(d:/texlive/2026/texmf-dist/tex/generic/pgfplots/libs/tikzlibrarypgfplots.group
plots.code.tex
\pgfplots@group@current@plot=\count390
\pgfplots@group@current@row=\count391
\pgfplots@group@current@column=\count392
)
(d:/texlive/2026/texmf-dist/tex/generic/pgfplots/libs/tikzlibrarypgfplots.fillb
etween.code.tex
(d:/texlive/2026/texmf-dist/tex/generic/pgfplots/pgfcontrib/tikzlibraryfillbetw
een.code.tex
(d:/texlive/2026/texmf-dist/tex/generic/pgfplots/pgfcontrib/tikzlibrarydecorati
ons.softclip.code.tex
(d:/texlive/2026/texmf-dist/tex/generic/pgfplots/pgfcontrib/pgflibraryfillbetwe
en.code.tex)))
(d:/texlive/2026/texmf-dist/tex/generic/pgfplots/libs/tikzlibrarypgfplots.decor
ations.softclip.code.tex))
(d:/texlive/2026/texmf-dist/tex/generic/pgfplots/libs/tikzlibrarypgfplots.stati
stics.code.tex) (d:/texlive/2026/texmf-dist/tex/latex/forest/forest.sty
Package: forest 2017/07/14 v2.1.5 Drawing (linguistic) trees

(d:/texlive/2026/texmf-dist/tex/generic/pgf/frontendlayer/tikz/libraries/tikzli
braryshapes.code.tex
File: tikzlibraryshapes.code.tex 2025-08-29 v3.1.11a (3.1.11a)

(d:/texlive/2026/texmf-dist/tex/generic/pgf/frontendlayer/tikz/libraries/tikzli
braryshapes.arrows.code.tex
File: tikzlibraryshapes.arrows.code.tex 2025-08-29 v3.1.11a (3.1.11a)

(d:/texlive/2026/texmf-dist/tex/generic/pgf/libraries/shapes/pgflibraryshapes.a
rrows.code.tex
File: pgflibraryshapes.arrows.code.tex 2025-08-29 v3.1.11a (3.1.11a)
))
(d:/texlive/2026/texmf-dist/tex/generic/pgf/frontendlayer/tikz/libraries/tikzli
braryshapes.callouts.code.tex
(d:/texlive/2026/texmf-dist/tex/generic/pgf/libraries/shapes/pgflibraryshapes.c
allouts.code.tex))) (d:/texlive/2026/texmf-dist/tex/latex/pgfopts/pgfopts.sty
Package: pgfopts 2014/07/10 v2.1a LaTeX package options with pgfkeys
\pgfopts@list@add@a@toks=\toks55
\pgfopts@list@add@b@toks=\toks56
)
(d:/texlive/2026/texmf-dist/tex/latex/elocalloc/elocalloc.sty
Package: elocalloc 2016/12/15 v0.03 local allocation for LaTeX 2015+ (DPC)
)
(d:/texlive/2026/texmf-dist/tex/latex/environ/environ.sty
Package: environ 2014/05/04 v0.3 A new way to define environments

(d:/texlive/2026/texmf-dist/tex/latex/trimspaces/trimspaces.sty
Package: trimspaces 2009/09/17 v1.1 Trim spaces around a token list
))
(d:/texlive/2026/texmf-dist/tex/latex/inlinedef/inlinedef.sty
Package: inlinedef 2008/07/10 v1.0 Inlined expansions within definitions
\ID@toks=\toks57
\ID@count=\count393
)
\ID@usercommands=\toks58
\safeloop@depth=\count394
\safeRKloop@depth=\count395
\forest@temp@dimen=\dimen373
\forest@temp@count=\count396
\forest@n=\count397
\forest@temp@global@count=\count398
\forest@temp@toks=\toks59
\forest@temparray@M=\count399
\forest@temparray@N=\count400
\forest@global@temparray@M=\count401
\forest@global@temparray@N=\count402
\forest@isnum@count=\count403
\forest@isdim@nonintpart=\count404
\forest@isdim@dimen=\dimen374
\forest@sort@m=\count405
\forest@sort@k=\count406
\forest@sort@p=\count407
\bracket@content=\toks60
\bracket@afterthought=\toks61
\forest@node@maxid=\count408
\forest@process@left@M=\count409
\forest@process@left@N=\count410
\forest@process@right@M=\count411
\forest@process@right@N=\count412
\forest@process@saved@M=\count413
\forest@process@saved@N=\count414
\forest@process@result@M=\count415
\forest@process@result@N=\count416
\forest@process@n=\count417
\forest@nodewalk@branch@toks=\toks62
\forest@nodewalk@shortsteps@resolution=\toks63
\forest@do@dynamics=\toks64
\forest@box=\box112
\forest@xg=\dimen375
\forest@yg=\dimen376
\forest@xs=\dimen377
\forest@ys=\dimen378
\forest@pi@toks=\toks65
\forest@segment@toks=\toks66
\forest@PIi@toks=\toks67
\forest@PIii@toks=\toks68
\forest@copy@in=\read3
\forest@copy@out=\write4
\forest@externalize@max@outer@n=\count418
\forest@externalize@inner@n=\count419
)
(../../../styles/figure-style-v2.3.1.tex)
\c@definition=\count420
\c@example=\count421
\c@exercise=\count422
\c@theorem=\count423
\c@lemma=\count424
\c@corollary=\count425
\c@proposition=\count426
\c@remark=\count427

(d:/texlive/2026/texmf-dist/tex/latex/tcolorbox/tcolorbox.sty
Package: tcolorbox 2025/11/28 version 6.9.0 text color boxes

(d:/texlive/2026/texmf-dist/tex/latex/tools/verbatim.sty
Package: verbatim 2024-01-22 v1.5x LaTeX2e package for verbatim enhancements
\every@verbatim=\toks69
\verbatim@line=\toks70
\verbatim@in@stream=\read4
)
\tcb@titlebox=\box113
\tcb@upperbox=\box114
\tcb@lowerbox=\box115
\tcb@phantombox=\box116
\c@tcbbreakpart=\count428
\c@tcblayer=\count429
\c@tcolorbox@number=\count430
\l__tcobox_tmpa_box=\box117
\l__tcobox_tmpa_dim=\dimen379
\tcb@temp=\box118
\tcb@temp=\box119
\tcb@temp=\box120
\tcb@temp=\box121

(d:/texlive/2026/texmf-dist/tex/latex/tcolorbox/tcbraster.code.tex
Library (tcolorbox): 'tcbraster.code.tex' version '6.9.0'
\c@tcbrastercolumn=\count431
\c@tcbrasterrow=\count432
\c@tcbrasternum=\count433
\c@tcbraster=\count434
) (d:/texlive/2026/texmf-dist/tex/latex/tcolorbox/tcbskins.code.tex
Library (tcolorbox): 'tcbskins.code.tex' version '6.9.0'
(d:/texlive/2026/texmf-dist/tex/latex/tikzfill/tikzfill.image.sty
Package: tikzfill.image 2023/08/08 v1.0.1 Image filling library for TikZ

(d:/texlive/2026/texmf-dist/tex/latex/tikzfill/tikzfill-common.sty
Package: tikzfill-common 2023/08/08 v1.0.1 Auxiliary code for tikzfill
)
(d:/texlive/2026/texmf-dist/tex/latex/tikzfill/tikzlibraryfill.image.code.tex
File: tikzlibraryfill.image.code.tex 2023/08/08 v1.0.1 Image filling library
\l__tikzfill_img_box=\box122
)) (d:/texlive/2026/texmf-dist/tex/latex/tcolorbox/tcbskinsjigsaw.code.tex
Library (tcolorbox): 'tcbskinsjigsaw.code.tex' version '6.9.0'
)) (d:/texlive/2026/texmf-dist/tex/latex/tcolorbox/tcbbreakable.code.tex
Library (tcolorbox): 'tcbbreakable.code.tex' version '6.9.0'
(d:/texlive/2026/texmf-dist/tex/latex/pdfcol/pdfcol.sty
Package: pdfcol 2022-09-21 v1.7 Handle new color stacks for pdfTeX (HO)

(d:/texlive/2026/texmf-dist/tex/generic/ltxcmds/ltxcmds.sty
Package: ltxcmds 2023-12-04 v1.26 LaTeX kernel commands for general use (HO)
)
(d:/texlive/2026/texmf-dist/tex/generic/infwarerr/infwarerr.sty
Package: infwarerr 2019/12/03 v1.5 Providing info/warning/error messages (HO)
)
Package pdfcol Info: Interface disabled because of missing PDF mode of pdfTeX.
)
Package pdfcol Info: pdfTeX's color stacks are not available.
\tcb@testbox=\box123
\tcb@totalupperbox=\box124
\tcb@totallowerbox=\box125
)
(d:/texlive/2026/texmf-dist/tex/latex/tcolorbox/tcbhooks.code.tex
Library (tcolorbox): 'tcbhooks.code.tex' version '6.9.0'
) (d:/texlive/2026/texmf-dist/tex/latex/tcolorbox/tcbtheorems.code.tex
Library (tcolorbox): 'tcbtheorems.code.tex' version '6.9.0'
) (d:/texlive/2026/texmf-dist/tex/latex/tcolorbox/tcbfitting.code.tex
Library (tcolorbox): 'tcbfitting.code.tex' version '6.9.0'
\tcbfitdim=\dimen380
\tcb@lowerfitdim=\dimen381
\tcb@upperfitdim=\dimen382
\tcb@cur@hbadness=\count435
) (d:/texlive/2026/texmf-dist/tex/latex/tcolorbox/tcblistingsutf8.code.tex
Library (tcolorbox): 'tcblistingsutf8.code.tex' version '6.9.0'
(d:/texlive/2026/texmf-dist/tex/latex/tcolorbox/tcblistings.code.tex
Library (tcolorbox): 'tcblistings.code.tex' version '6.9.0'
(d:/texlive/2026/texmf-dist/tex/latex/listings/listings.sty
\lst@mode=\count436
\lst@gtempboxa=\box126
\lst@token=\toks71
\lst@length=\count437
\lst@currlwidth=\dimen383
\lst@column=\count438
\lst@pos=\count439
\lst@lostspace=\dimen384
\lst@width=\dimen385
\lst@newlines=\count440
\lst@lineno=\count441
\lst@maxwidth=\dimen386

(d:/texlive/2026/texmf-dist/tex/latex/listings/lstpatch.sty
File: lstpatch.sty 2025/11/14 1.11b (Carsten Heinz)
)
(d:/texlive/2026/texmf-dist/tex/latex/listings/lstmisc.sty
File: lstmisc.sty 2025/11/14 1.11b (Carsten Heinz)
\c@lstnumber=\count442
\lst@skipnumbers=\count443
\lst@framebox=\box127
)
(d:/texlive/2026/texmf-dist/tex/latex/listings/listings.cfg
File: listings.cfg 2025/11/14 1.11b listings configuration
))
Package: listings 2025/11/14 1.11b (Carsten Heinz)

(d:/texlive/2026/texmf-dist/tex/xelatex/xecjk/xeCJK-listings.sty
Package: xeCJK-listings 2022/08/05 v3.9.1 xeCJK patch file for listings
\l__xeCJK_listings_max_char_int=\count444
\l__xeCJK_listings_flag_int=\count445
)
==> First Aid for listings.sty no longer applied!
    Expected:
        2024/09/23 1.10c (Carsten Heinz)
    but found:
        2025/11/14 1.11b (Carsten Heinz)
    so I'm assuming it got fixed.
(d:/texlive/2026/texmf-dist/tex/latex/tcolorbox/tcblistingscore.code.tex
Library (tcolorbox): 'tcblistingscore.code.tex' version '6.9.0'
(d:/texlive/2026/texmf-dist/tex/latex/tcolorbox/tcbprocessing.code.tex
Library (tcolorbox): 'tcbprocessing.code.tex' version '6.9.0'
)
\c@tcblisting=\count446
))
Package tcolorbox Info: Library `listingsutf8' is compatible with pdftex only. 
Library `listings` is loaded instead. on input line 29.
) (d:/texlive/2026/texmf-dist/tex/latex/tcolorbox/tcbexternal.code.tex
Library (tcolorbox): 'tcbexternal.code.tex' version '6.9.0'
) (d:/texlive/2026/texmf-dist/tex/latex/tcolorbox/tcbmagazine.code.tex
Library (tcolorbox): 'tcbmagazine.code.tex' version '6.9.0'
) (d:/texlive/2026/texmf-dist/tex/latex/tcolorbox/tcbvignette.code.tex
Library (tcolorbox): 'tcbvignette.code.tex' version '6.9.0'

(d:/texlive/2026/texmf-dist/tex/generic/pgf/frontendlayer/tikz/libraries/tikzli
braryfadings.code.tex
File: tikzlibraryfadings.code.tex 2025-08-29 v3.1.11a (3.1.11a)

(d:/texlive/2026/texmf-dist/tex/generic/pgf/libraries/pgflibraryfadings.code.te
x
File: pgflibraryfadings.code.tex 2025-08-29 v3.1.11a (3.1.11a)
))) (d:/texlive/2026/texmf-dist/tex/latex/tcolorbox/tcbposter.code.tex
Library (tcolorbox): 'tcbposter.code.tex' version '6.9.0'
))
\ExampleBeforeSkip=\skip113
\ExampleToSolutionSkip=\skip114
\SolutionAfterSkip=\skip115
 (d:/texlive/2026/texmf-dist/tex/latex/hyperref/hyperref.sty
Package: hyperref 2026-01-29 v7.01p Hypertext links for LaTeX

(d:/texlive/2026/texmf-dist/tex/latex/kvsetkeys/kvsetkeys.sty
Package: kvsetkeys 2022-10-05 v1.19 Key value parser (HO)
)
(d:/texlive/2026/texmf-dist/tex/generic/kvdefinekeys/kvdefinekeys.sty
Package: kvdefinekeys 2019-12-19 v1.6 Define keys (HO)
)
(d:/texlive/2026/texmf-dist/tex/generic/pdfescape/pdfescape.sty
Package: pdfescape 2019/12/09 v1.15 Implements pdfTeX's escape features (HO)

(d:/texlive/2026/texmf-dist/tex/generic/pdftexcmds/pdftexcmds.sty
Package: pdftexcmds 2020-06-27 v0.33 Utility functions of pdfTeX for LuaTeX (HO
)
Package pdftexcmds Info: \pdf@primitive is available.
Package pdftexcmds Info: \pdf@ifprimitive is available.
Package pdftexcmds Info: \pdfdraftmode not found.
))
(d:/texlive/2026/texmf-dist/tex/latex/hycolor/hycolor.sty
Package: hycolor 2020-01-27 v1.10 Color options for hyperref/bookmark (HO)
)
(d:/texlive/2026/texmf-dist/tex/latex/hyperref/nameref.sty
Package: nameref 2026-01-29 v2.58 Cross-referencing by name of section

(d:/texlive/2026/texmf-dist/tex/latex/refcount/refcount.sty
Package: refcount 2019/12/15 v3.6 Data extraction from label references (HO)
)
(d:/texlive/2026/texmf-dist/tex/generic/gettitlestring/gettitlestring.sty
Package: gettitlestring 2019/12/15 v1.6 Cleanup title references (HO)

(d:/texlive/2026/texmf-dist/tex/latex/kvoptions/kvoptions.sty
Package: kvoptions 2022-06-15 v3.15 Key value format for package options (HO)
))
\c@section@level=\count447
)
(d:/texlive/2026/texmf-dist/tex/generic/stringenc/stringenc.sty
Package: stringenc 2019/11/29 v1.12 Convert strings between diff. encodings (HO
)
)
\@linkdim=\dimen387
\Hy@linkcounter=\count448
\Hy@pagecounter=\count449

(d:/texlive/2026/texmf-dist/tex/latex/hyperref/pd1enc.def
File: pd1enc.def 2026-01-29 v7.01p Hyperref: PDFDocEncoding definition (HO)
)
(d:/texlive/2026/texmf-dist/tex/generic/intcalc/intcalc.sty
Package: intcalc 2019/12/15 v1.3 Expandable calculations with integers (HO)
)
\Hy@SavedSpaceFactor=\count450

(d:/texlive/2026/texmf-dist/tex/latex/hyperref/puenc.def
File: puenc.def 2026-01-29 v7.01p Hyperref: PDF Unicode definition (HO)
)
Package hyperref Info: Option `unicode' set `true' on input line 4072.
Package hyperref Info: Hyper figures OFF on input line 4201.
Package hyperref Info: Link nesting OFF on input line 4206.
Package hyperref Info: Hyper index ON on input line 4209.
Package hyperref Info: Plain pages OFF on input line 4216.
Package hyperref Info: Backreferencing OFF on input line 4221.
Package hyperref Info: Implicit mode ON; LaTeX internals redefined.
Package hyperref Info: Bookmarks ON on input line 4468.
\c@Hy@tempcnt=\count451

(d:/texlive/2026/texmf-dist/tex/latex/url/url.sty
\Urlmuskip=\muskip19
Package: url 2013/09/16  ver 3.4  Verb mode for urls, etc.
)
LaTeX Info: Redefining \url on input line 4807.
\XeTeXLinkMargin=\dimen388

(d:/texlive/2026/texmf-dist/tex/generic/bitset/bitset.sty
Package: bitset 2019/12/09 v1.3 Handle bit-vector datatype (HO)

(d:/texlive/2026/texmf-dist/tex/generic/bigintcalc/bigintcalc.sty
Package: bigintcalc 2019/12/15 v1.5 Expandable calculations on big integers (HO
)
))
\Fld@menulength=\count452
\Field@Width=\dimen389
\Fld@charsize=\dimen390
Package hyperref Info: Hyper figures OFF on input line 6084.
Package hyperref Info: Link nesting OFF on input line 6089.
Package hyperref Info: Hyper index ON on input line 6092.
Package hyperref Info: backreferencing OFF on input line 6099.
Package hyperref Info: Link coloring OFF on input line 6104.
Package hyperref Info: Link coloring with OCG OFF on input line 6109.
Package hyperref Info: PDF/A mode OFF on input line 6114.
\Hy@abspage=\count453
\c@Item=\count454
\c@Hfootnote=\count455
)
Package hyperref Info: Driver (autodetected): hxetex.

(d:/texlive/2026/texmf-dist/tex/latex/hyperref/hxetex.def
File: hxetex.def 2026-01-29 v7.01p Hyperref driver for XeTeX
\pdfm@box=\box128
\c@Hy@AnnotLevel=\count456
\HyField@AnnotCount=\count457
\Fld@listcount=\count458
\c@bookmark@seq@number=\count459

(d:/texlive/2026/texmf-dist/tex/latex/rerunfilecheck/rerunfilecheck.sty
Package: rerunfilecheck 2025-06-21 v1.11 Rerun checks for auxiliary files (HO)

(d:/texlive/2026/texmf-dist/tex/generic/uniquecounter/uniquecounter.sty
Package: uniquecounter 2019/12/15 v1.4 Provide unlimited unique counter (HO)
)
Package uniquecounter Info: New unique counter `rerunfilecheck' on input line 2
84.
)
\Hy@SectionHShift=\skip116
)
Package hyperref Info: Option `unicode' set `true' on input line 737.
Package hyperref Info: Option `colorlinks' set `true' on input line 737.
Package hyperref Info: Option `bookmarksopen' set `true' on input line 737.
Package hyperref Info: Option `bookmarksnumbered' set `true' on input line 737.


(d:/texlive/2026/texmf-dist/tex/latex/bookmark/bookmark.sty
Package: bookmark 2023-12-10 v1.31 PDF bookmarks (HO)

(d:/texlive/2026/texmf-dist/tex/latex/bookmark/bkm-dvipdfm.def
File: bkm-dvipdfm.def 2023-12-10 v1.31 bookmark driver for dvipdfm (HO)
\BKM@id=\count460
))
(d:/texlive/2026/texmf-dist/tex/latex/cleveref/cleveref.sty
Package: cleveref 2018/03/27 v0.21.4 Intelligent cross-referencing
Package cleveref Info: `hyperref' support loaded on input line 2370.
LaTeX Info: Redefining \cref on input line 2370.
LaTeX Info: Redefining \Cref on input line 2370.
LaTeX Info: Redefining \crefrange on input line 2370.
LaTeX Info: Redefining \Crefrange on input line 2370.
LaTeX Info: Redefining \cpageref on input line 2370.
LaTeX Info: Redefining \Cpageref on input line 2370.
LaTeX Info: Redefining \cpagerefrange on input line 2370.
LaTeX Info: Redefining \Cpagerefrange on input line 2370.
LaTeX Info: Redefining \labelcref on input line 2370.
LaTeX Info: Redefining \labelcpageref on input line 2370.
Package cleveref Info: `amsthm' support loaded on input line 3026.
Package cleveref Info: `listings' support loaded on input line 3131.
Package cleveref Info: `algorithm2e' support loaded on input line 3147.
Package cleveref Info: include cross-reference names in hyperlinks on input lin
e 7836.
Package cleveref Info: include cross-reference names in hyperlinks on input lin
e 7852.
Package cleveref Info: no abbreviation of names on input line 7852.
)
==> First Aid for cleveref.sty applied!
(d:/texlive/2026/texmf-dist/tex/latex/imakeidx/imakeidx.sty
Package: imakeidx 2016/10/15 v1.3e Package for typesetting indices in a synchro
nous mode

(d:/texlive/2026/texmf-dist/tex/latex/xkeyval/xkeyval.sty
Package: xkeyval 2025/11/04 v2.10 package option processing (HA)

(d:/texlive/2026/texmf-dist/tex/generic/xkeyval/xkeyval.tex
(d:/texlive/2026/texmf-dist/tex/generic/xkeyval/xkvutils.tex
\XKV@toks=\toks72
\XKV@tempa@toks=\toks73
\XKV@tempb@toks=\toks74
)
\XKV@depth=\count461
File: xkeyval.tex 2014/12/03 v2.7a key=value parser (HA)
))
(d:/texlive/2026/texmf-dist/tex/generic/iftex/ifxetex.sty
Package: ifxetex 2019/10/25 v0.7 ifxetex legacy package. Use iftex instead.
)
(d:/texlive/2026/texmf-dist/tex/generic/iftex/ifluatex.sty
Package: ifluatex 2019/10/25 v1.5 ifluatex legacy package. Use iftex instead.
)
(d:/texlive/2026/texmf-dist/tex/latex/tools/multicol.sty
Package: multicol 2025/10/21 v2.0b multicolumn formatting (FMi)
\c@tracingmulticols=\count462
\mult@box=\box129
\multicol@leftmargin=\dimen391
\c@unbalance=\count463
\c@collectmore=\count464
\doublecol@number=\count465
\multicoltolerance=\count466
\multicolpretolerance=\count467
\full@width=\dimen392
\page@free=\dimen393
\premulticols=\dimen394
\postmulticols=\dimen395
\multicolsep=\skip117
\multicolbaselineskip=\skip118
\partial@page=\box130
\last@line=\box131
\mc@boxedresult=\box132
\maxbalancingoverflow=\dimen396
\mult@rightbox=\box133
\mult@grightbox=\box134
\mult@firstbox=\box135
\mult@gfirstbox=\box136
\@tempa=\box137
\@tempa=\box138
\@tempa=\box139
\@tempa=\box140
\@tempa=\box141
\@tempa=\box142
\@tempa=\box143
\@tempa=\box144
\@tempa=\box145
\@tempa=\box146
\@tempa=\box147
\@tempa=\box148
\@tempa=\box149
\@tempa=\box150
\@tempa=\box151
\@tempa=\box152
\@tempa=\box153
\@tempa=\box154
\@tempa=\box155
\@tempa=\box156
\@tempa=\box157
\@tempa=\box158
\@tempa=\box159
\@tempa=\box160
\@tempa=\box161
\@tempa=\box162
\@tempa=\box163
\@tempa=\box164
\@tempa=\box165
\@tempa=\box166
\@tempa=\box167
\@tempa=\box168
\@tempa=\box169
\@tempa=\box170
\@tempa=\box171
\@tempa=\box172
\c@minrows=\count468
\c@columnbadness=\count469
\c@finalcolumnbadness=\count470
\last@try=\dimen397
\multicolovershoot=\dimen398
\multicolundershoot=\dimen399
\mult@nat@firstbox=\box173
\colbreak@box=\box174
\mc@col@check@num=\count471
\g__mc_curr_col_int=\count472
))
\official_r91_standalone_wrapper@idxfile=\write5
\openout5 = `official_r91_standalone_wrapper.idx'.


Writing index file official_r91_standalone_wrapper.idx
\symbols@idxfile=\write6
\openout6 = `symbols.idx'.

Writing index file symbols.idx
)
No file official_r91_standalone_wrapper.aux.
\openout1 = `official_r91_standalone_wrapper.aux'.

LaTeX Font Info:    Checking defaults for OML/cmm/m/it on input line 7.
LaTeX Font Info:    ... okay on input line 7.
LaTeX Font Info:    Checking defaults for OMS/cmsy/m/n on input line 7.
LaTeX Font Info:    ... okay on input line 7.
LaTeX Font Info:    Checking defaults for OT1/cmr/m/n on input line 7.
LaTeX Font Info:    ... okay on input line 7.
LaTeX Font Info:    Checking defaults for T1/cmr/m/n on input line 7.
LaTeX Font Info:    ... okay on input line 7.
LaTeX Font Info:    Checking defaults for TS1/cmr/m/n on input line 7.
LaTeX Font Info:    ... okay on input line 7.
LaTeX Font Info:    Checking defaults for TU/lmr/m/n on input line 7.
LaTeX Font Info:    ... okay on input line 7.
LaTeX Font Info:    Checking defaults for OMX/cmex/m/n on input line 7.
LaTeX Font Info:    ... okay on input line 7.
LaTeX Font Info:    Checking defaults for U/cmr/m/n on input line 7.
LaTeX Font Info:    ... okay on input line 7.
LaTeX Font Info:    Checking defaults for PD1/pdf/m/n on input line 7.
LaTeX Font Info:    ... okay on input line 7.
LaTeX Font Info:    Checking defaults for PU/pdf/m/n on input line 7.
LaTeX Font Info:    ... okay on input line 7.
LaTeX Font Info:    Overwriting math alphabet `\mathrm' in version `normal'
(Font)                  TU/STIXTwoMath(1)/m/n --> TU/STIXTwoText(0)/m/n on inpu
t line 7.
LaTeX Font Info:    Overwriting math alphabet `\mathit' in version `normal'
(Font)                  OT1/cmr/m/it --> TU/STIXTwoText(0)/m/it on input line 7
.
LaTeX Font Info:    Overwriting math alphabet `\mathbf' in version `normal'
(Font)                  OT1/cmr/bx/n --> TU/STIXTwoText(0)/b/n on input line 7.

LaTeX Font Info:    Overwriting math alphabet `\mathsf' in version `normal'
(Font)                  OT1/cmss/m/n --> TU/TeXGyreHeros(0)/m/n on input line 7
.
LaTeX Font Info:    Overwriting math alphabet `\mathsf' in version `bold'
(Font)                  OT1/cmss/m/n --> TU/TeXGyreHeros(0)/b/n on input line 7
.
LaTeX Font Info:    Overwriting math alphabet `\mathtt' in version `normal'
(Font)                  OT1/cmtt/m/n --> TU/lmtt/m/n on input line 7.
LaTeX Font Info:    Overwriting math alphabet `\mathtt' in version `bold'
(Font)                  OT1/cmtt/m/n --> TU/lmtt/b/n on input line 7.

Package unicode-math Warning: Using \overbracket and \underbracket from
(unicode-math)                `mathtools' package.
(unicode-math)                 
(unicode-math)                 Use \Uoverbracket and \Uunderbracket for
(unicode-math)                original `unicode-math' definition.


Package unicode-math Warning: I'm going to overwrite the following commands
(unicode-math)                from the `mathtools' package: 
(unicode-math)                 
(unicode-math)                     \dblcolon, \coloneqq, \Coloneqq, \eqqcolon.
(unicode-math)                
(unicode-math)                 
(unicode-math)                 Note that since I won't overwrite the other
(unicode-math)                colon-like commands, using them will lead to
(unicode-math)                inconsistencies.

*geometry* driver: auto-detecting
*geometry* detected driver: xetex
*geometry* verbose mode - [ preamble ] result:
* driver: xetex
* paper: a4paper
* layout: <same size as paper>
* layoutoffset:(h,v)=(0.0pt,0.0pt)
* modes: twoside 
* h-part:(L,W,R)=(73.97716pt, 460.93466pt, 62.59605pt)
* v-part:(T,H,B)=(68.2866pt, 708.47363pt, 68.2866pt)
* \paperwidth=597.50787pt
* \paperheight=845.04684pt
* \textwidth=460.93466pt
* \textheight=708.47363pt
* \oddsidemargin=1.70717pt
* \evensidemargin=-9.67393pt
* \topmargin=-38.9003pt
* \headheight=15.0pt
* \headsep=19.91692pt
* \topskip=11.0pt
* \footskip=34.1433pt
* \marginparwidth=106.0pt
* \marginparsep=7.0pt
* \columnsep=10.0pt
* \skip\footins=10.0pt plus 4.0pt minus 2.0pt
* \hoffset=0.0pt
* \voffset=0.0pt
* \mag=1000
* \@twocolumnfalse
* \@twosidetrue
* \@mparswitchtrue
* \@reversemarginfalse
* (1in=72.27pt=25.4mm, 1cm=28.453pt)

LaTeX Info: Redefining \microtypecontext on input line 7.
Package microtype Info: Applying patch `item' on input line 7.
Package microtype Info: Applying patch `toc' on input line 7.
Package microtype Info: Applying patch `eqnum' on input line 7.
Package microtype Info: Applying patch `footnote' on input line 7.
Package microtype Info: Applying patch `verbatim' on input line 7.
LaTeX Info: Redefining \microtypesetup on input line 7.
Package microtype Info: Character protrusion enabled (level 2).
Package microtype Info: Using default protrusion set `alltext'.
Package microtype Info: No adjustment of tracking.
Package microtype Info: No adjustment of spacing.
Package microtype Info: No adjustment of kerning.
Package microtype Info: Loading generic protrusion settings for font family
(microtype)             `STIXTwoText' (encoding: TU).
(microtype)             For optimal results, create family-specific settings.
(microtype)             See the microtype manual for details.
Package caption Info: Begin \AtBeginDocument code.
Package caption Info: hyperref package is loaded.
Package caption Info: listings package is loaded.
Package caption Info: End \AtBeginDocument code.
Package pgfplots notification 'compat/show suggested version=true': document ha
s been generated with the most recent feature set (\pgfplotsset{compat=1.18}).

\c@lstlisting=\count473
Package hyperref Info: Link coloring ON on input line 7.

Package hyperref Warning: Rerun to get /PageLabels entry.


(d:/Users/ASUS/Desktop/机器学习/v2.7.0/_work/source/v2.7.0/src/绘图源码/第02册_基础监督学习方法/V
2-C02/fig_v2_c02_lp_balls.tex
LaTeX Font Info:    Font shape `TU/STIXTwoText(0)/m/n' will be
(Font)              scaled to size 9.0pt on input line 56.
LaTeX Font Info:    Font shape `TU/STIXTwoMath(1)/m/n' will be
(Font)              scaled to size 9.3pt on input line 56.
Package microtype Info: Loading generic protrusion settings for font family
(microtype)             `STIXTwoMath' (encoding: TU).
(microtype)             For optimal results, create family-specific settings.
(microtype)             See the microtype manual for details.
LaTeX Font Info:    Font shape `TU/STIXTwoMath(2)/m/n' will be
(Font)              scaled to size 9.301pt on input line 56.
LaTeX Font Info:    Font shape `TU/STIXTwoMath(3)/m/n' will be
(Font)              scaled to size 9.299pt on input line 56.
LaTeX Font Info:    Font shape `TU/STIXTwoText(0)/m/n' will be
(Font)              scaled to size 9.2pt on input line 56.
LaTeX Font Info:    Calculating math sizes for size <9.2> on input line 56.
LaTeX Font Info:    Font shape `TU/STIXTwoMath(1)/m/n' will be
(Font)              scaled to size 9.2pt on input line 56.
LaTeX Font Info:    Font shape `TU/STIXTwoMath(1)/m/n' will be
(Font)              scaled to size 6.43996pt on input line 56.
LaTeX Font Info:    Font shape `TU/STIXTwoMath(1)/m/n' will be
(Font)              scaled to size 4.59999pt on input line 56.
LaTeX Font Info:    Font shape `TU/STIXTwoMath(2)/m/n' will be
(Font)              scaled to size 9.20097pt on input line 56.
LaTeX Font Info:    Font shape `TU/STIXTwoMath(2)/m/n' will be
(Font)              scaled to size 6.44064pt on input line 56.
LaTeX Font Info:    Font shape `TU/STIXTwoMath(2)/m/n' will be
(Font)              scaled to size 4.60048pt on input line 56.
LaTeX Font Info:    Font shape `TU/STIXTwoMath(3)/m/n' will be
(Font)              scaled to size 9.199pt on input line 56.
LaTeX Font Info:    Font shape `TU/STIXTwoMath(3)/m/n' will be
(Font)              scaled to size 6.43925pt on input line 56.
LaTeX Font Info:    Font shape `TU/STIXTwoMath(3)/m/n' will be
(Font)              scaled to size 4.59949pt on input line 56.
LaTeX Font Info:    Font shape `TU/NotoSerifSC(0)/m/n' will be
(Font)              scaled to size 9.2pt on input line 56.
LaTeX Font Info:    Font shape `TU/STIXTwoText(0)/m/n' will be
(Font)              scaled to size 10.0pt on input line 56.
LaTeX Font Info:    Font shape `TU/STIXTwoMath(1)/m/n' will be
(Font)              scaled to size 10.0pt on input line 56.
LaTeX Font Info:    Font shape `TU/STIXTwoMath(1)/m/n' will be
(Font)              scaled to size 9.0pt on input line 56.
LaTeX Font Info:    Font shape `TU/STIXTwoMath(2)/m/n' will be
(Font)              scaled to size 10.00107pt on input line 56.
LaTeX Font Info:    Font shape `TU/STIXTwoMath(2)/m/n' will be
(Font)              scaled to size 9.00096pt on input line 56.
LaTeX Font Info:    Font shape `TU/STIXTwoMath(3)/m/n' will be
(Font)              scaled to size 9.99893pt on input line 56.
LaTeX Font Info:    Font shape `TU/STIXTwoMath(3)/m/n' will be
(Font)              scaled to size 8.99904pt on input line 56.
LaTeX Font Info:    Font shape `TU/NotoSerifSC(0)/m/n' will be
(Font)              scaled to size 10.95pt on input line 58.
LaTeX Font Info:    Font shape `TU/STIXTwoText(0)/b/n' will be
(Font)              scaled to size 10.0pt on input line 58.
LaTeX Font Info:    Font shape `TU/NotoSerifSC(0)/b/n' will be
(Font)              scaled to size 10.0pt on input line 58.
LaTeX Font Info:    Font shape `TU/NotoSerifSC(0)/m/n' will be
(Font)              scaled to size 10.0pt on input line 58.
) [1

]
(D:\Users\ASUS\Desktop\机器学习\v2.7.0\_work\evidence\figures\FIG-P206-01\STRICT_R1
/official_r91_standalone_wrapper.aux)
 ***********
LaTeX2e <2025-11-01>
L3 programming layer <2022/08/05>
 ***********


LaTeX Warning: Label(s) may have changed. Rerun to get cross-references right.

 ) 
Here is how much of TeX's memory you used:
 66512 strings out of 468168
 1650132 string characters out of 5436524
 2489374 words of memory out of 5000000
 94247 multiletter control sequences out of 15000+600000
 633726 words of font info for 126 fonts, out of 8000000 for 9000
 1360 hyphenation exceptions out of 8191
 103i,10n,130p,3385b,2287s stack positions out of 10000i,1000n,20000p,200000b,200000s

Error 1 (driver return code) generating output;
file D:\Users\ASUS\Desktop\机器学习\v2.7.0\_work\evidence\figures\FIG-P206-01\STRIC
T_R1/official_r91_standalone_wrapper.pdf may not be valid.
